MSHX1
GROUPS 1
LABEL bay_door_starboard
MATERIAL 2
TEXTURE 0
GEOM 4928 4864 ;bay_door_starboard
-4.217 -0.354 -33.900 0.0000 -1.0000 0.0000
-3.964 -0.354 -33.900 0.0000 -1.0000 0.0000
-4.217 -0.354 -33.300 0.0000 -1.0000 0.0000
-3.964 -0.354 -33.300 0.0000 -1.0000 0.0000
-4.217 -0.354 -32.300 0.0000 -1.0000 0.0000
-3.964 -0.354 -32.300 0.0000 -1.0000 0.0000
-4.214 -0.354 -31.300 0.0000 -1.0000 0.0000
-3.959 -0.354 -31.300 0.0000 -1.0000 0.0000
-4.209 -0.354 -30.300 0.0000 -1.0000 0.0000
-3.953 -0.354 -30.300 0.0000 -1.0000 0.0000
-4.204 -0.354 -29.300 0.0000 -1.0000 0.0000
-3.945 -0.354 -29.300 0.0000 -1.0000 0.0000
-4.198 -0.354 -28.300 0.0000 -1.0000 0.0000
-3.938 -0.354 -28.300 0.0000 -1.0000 0.0000
-4.193 -0.354 -27.300 0.0000 -1.0000 0.0000
-3.930 -0.354 -27.300 0.0000 -1.0000 0.0000
-4.187 -0.354 -26.300 0.0000 -1.0000 0.0000
-3.922 -0.354 -26.300 0.0000 -1.0000 0.0000
-4.181 -0.354 -25.300 0.0000 -1.0000 0.0000
-3.913 -0.354 -25.300 0.0000 -1.0000 0.0000
-4.174 -0.354 -24.300 0.0000 -1.0000 0.0000
-3.904 -0.354 -24.300 0.0000 -1.0000 0.0000
-4.167 -0.354 -23.300 0.0000 -1.0000 0.0000
-3.893 -0.354 -23.300 0.0000 -1.0000 0.0000
-4.159 -0.354 -22.300 0.0000 -1.0000 0.0000
-3.882 -0.354 -22.300 0.0000 -1.0000 0.0000
-4.151 -0.354 -21.300 0.0000 -1.0000 0.0000
-3.870 -0.354 -21.300 0.0000 -1.0000 0.0000
-4.141 -0.354 -20.300 0.0000 -1.0000 0.0000
-3.857 -0.354 -20.300 0.0000 -1.0000 0.0000
-4.131 -0.354 -19.300 0.0000 -1.0000 0.0000
-3.843 -0.354 -19.300 0.0000 -1.0000 0.0000
-4.122 -0.354 -18.300 0.0000 -1.0000 0.0000
-3.830 -0.354 -18.300 0.0000 -1.0000 0.0000
-4.112 -0.354 -17.300 0.0000 -1.0000 0.0000
-3.816 -0.354 -17.300 0.0000 -1.0000 0.0000
-4.102 -0.354 -16.300 0.0000 -1.0000 0.0000
-3.802 -0.354 -16.300 0.0000 -1.0000 0.0000
-4.092 -0.354 -15.300 0.0000 -1.0000 0.0000
-3.788 -0.354 -15.300 0.0000 -1.0000 0.0000
-4.083 -0.354 -14.300 0.0000 -1.0000 0.0000
-3.775 -0.354 -14.300 0.0000 -1.0000 0.0000
-4.083 -0.354 -13.950 0.0000 -1.0000 0.0000
-3.775 -0.354 -13.950 0.0000 -1.0000 0.0000
-4.083 -0.354 -13.300 0.0000 -1.0000 0.0000
-3.775 -0.354 -13.300 0.0000 -1.0000 0.0000
-4.083 -0.354 -12.300 0.0000 -1.0000 0.0000
-3.775 -0.354 -12.300 0.0000 -1.0000 0.0000
-4.083 -0.354 -11.300 0.0000 -1.0000 0.0000
-3.775 -0.354 -11.300 0.0000 -1.0000 0.0000
-4.083 -0.354 -10.300 0.0000 -1.0000 0.0000
-3.775 -0.354 -10.300 0.0000 -1.0000 0.0000
-4.083 -0.354 -9.300 0.0000 -1.0000 0.0000
-3.775 -0.354 -9.300 0.0000 -1.0000 0.0000
-4.083 -0.354 -8.300 0.0000 -1.0000 0.0000
-3.775 -0.354 -8.300 0.0000 -1.0000 0.0000
-4.083 -0.354 -7.450 0.0000 -1.0000 0.0000
-3.775 -0.354 -7.450 0.0000 -1.0000 0.0000
-4.083 -0.354 -7.350 0.0000 -1.0000 0.0000
-3.775 -0.354 -7.350 0.0000 -1.0000 0.0000
-4.083 -0.354 -7.300 0.0000 -1.0000 0.0000
-3.775 -0.354 -7.300 0.0000 -1.0000 0.0000
-4.083 -0.354 -6.300 0.0000 -1.0000 0.0000
-3.775 -0.354 -6.300 0.0000 -1.0000 0.0000
-4.083 -0.354 -5.800 0.0000 -1.0000 0.0000
-3.775 -0.354 -5.800 0.0000 -1.0000 0.0000
-4.083 -0.354 -5.300 0.0000 -1.0000 0.0000
-3.775 -0.354 -5.300 0.0000 -1.0000 0.0000
-4.083 -0.354 -4.300 0.0000 -1.0000 0.0000
-3.775 -0.354 -4.300 0.0000 -1.0000 0.0000
-4.083 -0.354 -3.300 0.0000 -1.0000 0.0000
-3.775 -0.354 -3.300 0.0000 -1.0000 0.0000
-4.083 -0.354 -2.300 0.0000 -1.0000 0.0000
-3.775 -0.354 -2.300 0.0000 -1.0000 0.0000
-4.083 -0.354 -1.300 0.0000 -1.0000 0.0000
-3.775 -0.354 -1.300 0.0000 -1.0000 0.0000
-4.083 -0.354 -0.300 0.0000 -1.0000 0.0000
-3.775 -0.354 -0.300 0.0000 -1.0000 0.0000
-4.083 -0.354 0.700 0.0000 -1.0000 0.0000
-3.775 -0.354 0.700 0.0000 -1.0000 0.0000
-4.083 -0.354 1.700 0.0000 -1.0000 0.0000
-3.775 -0.354 1.700 0.0000 -1.0000 0.0000
-4.083 -0.354 2.700 0.0000 -1.0000 0.0000
-3.775 -0.354 2.700 0.0000 -1.0000 0.0000
-4.083 -0.354 3.700 0.0000 -1.0000 0.0000
-3.775 -0.354 3.700 0.0000 -1.0000 0.0000
-4.083 -0.354 4.700 0.0000 -1.0000 0.0000
-3.775 -0.354 4.700 0.0000 -1.0000 0.0000
-4.083 -0.354 5.700 0.0000 -1.0000 0.0000
-3.775 -0.354 5.700 0.0000 -1.0000 0.0000
-4.083 -0.354 6.700 0.0000 -1.0000 0.0000
-3.775 -0.354 6.700 0.0000 -1.0000 0.0000
-4.083 -0.354 7.700 0.0000 -1.0000 0.0000
-3.775 -0.354 7.700 0.0000 -1.0000 0.0000
-4.083 -0.354 8.700 0.0000 -1.0000 0.0000
-3.775 -0.354 8.700 0.0000 -1.0000 0.0000
-4.083 -0.354 9.700 0.0000 -1.0000 0.0000
-3.775 -0.354 9.700 0.0000 -1.0000 0.0000
-4.083 -0.354 10.700 0.0000 -1.0000 0.0000
-3.775 -0.354 10.700 0.0000 -1.0000 0.0000
-4.083 -0.354 11.700 0.0000 -1.0000 0.0000
-3.775 -0.354 11.700 0.0000 -1.0000 0.0000
-4.083 -0.354 12.700 0.0000 -1.0000 0.0000
-3.775 -0.354 12.700 0.0000 -1.0000 0.0000
-4.083 -0.354 13.700 0.0000 -1.0000 0.0000
-3.775 -0.354 13.700 0.0000 -1.0000 0.0000
-4.083 -0.354 14.700 0.0000 -1.0000 0.0000
-3.775 -0.354 14.700 0.0000 -1.0000 0.0000
-4.083 -0.354 15.700 0.0000 -1.0000 0.0000
-3.775 -0.354 15.700 0.0000 -1.0000 0.0000
-4.083 -0.354 16.700 0.0000 -1.0000 0.0000
-3.775 -0.354 16.700 0.0000 -1.0000 0.0000
-4.083 -0.354 17.700 0.0000 -1.0000 0.0000
-3.775 -0.354 17.700 0.0000 -1.0000 0.0000
-4.083 -0.354 18.700 0.0000 -1.0000 0.0000
-3.775 -0.354 18.700 0.0000 -1.0000 0.0000
-4.083 -0.354 19.700 0.0000 -1.0000 0.0000
-3.775 -0.354 19.700 0.0000 -1.0000 0.0000
-4.083 -0.354 20.700 0.0000 -1.0000 0.0000
-3.775 -0.354 20.700 0.0000 -1.0000 0.0000
-4.083 -0.354 21.700 0.0000 -1.0000 0.0000
-3.775 -0.354 21.700 0.0000 -1.0000 0.0000
-4.083 -0.354 22.700 0.0000 -1.0000 0.0000
-3.775 -0.354 22.700 0.0000 -1.0000 0.0000
-4.083 -0.354 23.700 0.0000 -1.0000 0.0000
-3.775 -0.354 23.700 0.0000 -1.0000 0.0000
-4.083 -0.354 24.700 0.0000 -1.0000 0.0000
-3.775 -0.354 24.700 0.0000 -1.0000 0.0000
-4.083 -0.354 25.700 0.0000 -1.0000 0.0000
-3.775 -0.354 25.700 0.0000 -1.0000 0.0000
-4.085 -0.354 26.200 0.0000 -1.0000 0.0000
-3.777 -0.354 26.200 0.0000 -1.0000 0.0000
-4.085 -0.354 26.450 0.0000 -1.0000 0.0000
-3.778 -0.354 26.450 0.0000 -1.0000 0.0000
-4.086 -0.354 26.700 0.0000 -1.0000 0.0000
-3.780 -0.354 26.700 0.0000 -1.0000 0.0000
-4.087 -0.354 27.700 0.0000 -1.0000 0.0000
-3.780 -0.354 27.700 0.0000 -1.0000 0.0000
-4.087 -0.354 28.700 0.0000 -1.0000 0.0000
-3.781 -0.354 28.700 0.0000 -1.0000 0.0000
-4.088 -0.354 29.700 0.0000 -1.0000 0.0000
-3.781 -0.354 29.700 0.0000 -1.0000 0.0000
-4.088 -0.354 30.700 0.0000 -1.0000 0.0000
-3.782 -0.354 30.700 0.0000 -1.0000 0.0000
-4.088 -0.354 31.700 0.0000 -1.0000 0.0000
-3.783 -0.354 31.700 0.0000 -1.0000 0.0000
-4.089 -0.354 32.700 0.0000 -1.0000 0.0000
-3.783 -0.354 32.700 0.0000 -1.0000 0.0000
-4.089 -0.354 32.950 0.0000 -1.0000 0.0000
-3.783 -0.354 32.950 0.0000 -1.0000 0.0000
-4.089 -0.354 33.700 0.0000 -1.0000 0.0000
-3.784 -0.354 33.700 0.0000 -1.0000 0.0000
-4.089 -0.354 33.900 0.0000 -1.0000 0.0000
-3.784 -0.354 33.900 0.0000 -1.0000 0.0000
-3.964 -0.354 -33.900 0.0000 -1.0000 0.0000
-3.530 -0.354 -33.900 0.0000 -1.0000 0.0000
-3.964 -0.354 -33.300 0.0000 -1.0000 0.0000
-3.530 -0.354 -33.300 0.0000 -1.0000 0.0000
-3.964 -0.354 -32.300 0.0000 -1.0000 0.0000
-3.530 -0.354 -32.300 0.0000 -1.0000 0.0000
-3.959 -0.354 -31.300 0.0000 -1.0000 0.0000
-3.522 -0.354 -31.300 0.0000 -1.0000 0.0000
-3.953 -0.354 -30.300 0.0000 -1.0000 0.0000
-3.513 -0.354 -30.300 0.0000 -1.0000 0.0000
-3.945 -0.354 -29.300 0.0000 -1.0000 0.0000
-3.502 -0.354 -29.300 0.0000 -1.0000 0.0000
-3.938 -0.354 -28.300 0.0000 -1.0000 0.0000
-3.490 -0.354 -28.300 0.0000 -1.0000 0.0000
-3.930 -0.354 -27.300 0.0000 -1.0000 0.0000
-3.479 -0.354 -27.300 0.0000 -1.0000 0.0000
-3.922 -0.354 -26.300 0.0000 -1.0000 0.0000
-3.467 -0.354 -26.300 0.0000 -1.0000 0.0000
-3.913 -0.354 -25.300 0.0000 -1.0000 0.0000
-3.453 -0.354 -25.300 0.0000 -1.0000 0.0000
-3.904 -0.354 -24.300 0.0000 -1.0000 0.0000
-3.439 -0.354 -24.300 0.0000 -1.0000 0.0000
-3.893 -0.354 -23.300 0.0000 -1.0000 0.0000
-3.423 -0.354 -23.300 0.0000 -1.0000 0.0000
-3.882 -0.354 -22.300 0.0000 -1.0000 0.0000
-3.406 -0.354 -22.300 0.0000 -1.0000 0.0000
-3.870 -0.354 -21.300 0.0000 -1.0000 0.0000
-3.389 -0.354 -21.300 0.0000 -1.0000 0.0000
-3.857 -0.354 -20.300 0.0000 -1.0000 0.0000
-3.369 -0.354 -20.300 0.0000 -1.0000 0.0000
-3.843 -0.354 -19.300 0.0000 -1.0000 0.0000
-3.348 -0.354 -19.300 0.0000 -1.0000 0.0000
-3.830 -0.354 -18.300 0.0000 -1.0000 0.0000
-3.328 -0.354 -18.300 0.0000 -1.0000 0.0000
-3.816 -0.354 -17.300 0.0000 -1.0000 0.0000
-3.307 -0.354 -17.300 0.0000 -1.0000 0.0000
-3.802 -0.354 -16.300 0.0000 -1.0000 0.0000
-3.287 -0.354 -16.300 0.0000 -1.0000 0.0000
-3.788 -0.354 -15.300 0.0000 -1.0000 0.0000
-3.266 -0.354 -15.300 0.0000 -1.0000 0.0000
-3.775 -0.354 -14.300 0.0000 -1.0000 0.0000
-3.245 -0.354 -14.300 0.0000 -1.0000 0.0000
-3.775 -0.354 -13.950 0.0000 -1.0000 0.0000
-3.245 -0.354 -13.950 0.0000 -1.0000 0.0000
-3.775 -0.354 -13.300 0.0000 -1.0000 0.0000
-3.245 -0.354 -13.300 0.0000 -1.0000 0.0000
-3.775 -0.354 -12.300 0.0000 -1.0000 0.0000
-3.245 -0.354 -12.300 0.0000 -1.0000 0.0000
-3.775 -0.354 -11.300 0.0000 -1.0000 0.0000
-3.245 -0.354 -11.300 0.0000 -1.0000 0.0000
-3.775 -0.354 -10.300 0.0000 -1.0000 0.0000
-3.245 -0.354 -10.300 0.0000 -1.0000 0.0000
-3.775 -0.354 -9.300 0.0000 -1.0000 0.0000
-3.245 -0.354 -9.300 0.0000 -1.0000 0.0000
-3.775 -0.354 -8.300 0.0000 -1.0000 0.0000
-3.245 -0.354 -8.300 0.0000 -1.0000 0.0000
-3.775 -0.354 -7.450 0.0000 -1.0000 0.0000
-3.245 -0.354 -7.450 0.0000 -1.0000 0.0000
-3.775 -0.354 -7.350 0.0000 -1.0000 0.0000
-3.245 -0.354 -7.350 0.0000 -1.0000 0.0000
-3.775 -0.354 -7.300 0.0000 -1.0000 0.0000
-3.245 -0.354 -7.300 0.0000 -1.0000 0.0000
-3.775 -0.354 -6.300 0.0000 -1.0000 0.0000
-3.245 -0.354 -6.300 0.0000 -1.0000 0.0000
-3.775 -0.354 -5.800 0.0000 -1.0000 0.0000
-3.245 -0.354 -5.800 0.0000 -1.0000 0.0000
-3.775 -0.354 -5.300 0.0000 -1.0000 0.0000
-3.245 -0.354 -5.300 0.0000 -1.0000 0.0000
-3.775 -0.354 -4.300 0.0000 -1.0000 0.0000
-3.245 -0.354 -4.300 0.0000 -1.0000 0.0000
-3.775 -0.354 -3.300 0.0000 -1.0000 0.0000
-3.245 -0.354 -3.300 0.0000 -1.0000 0.0000
-3.775 -0.354 -2.300 0.0000 -1.0000 0.0000
-3.245 -0.354 -2.300 0.0000 -1.0000 0.0000
-3.775 -0.354 -1.300 0.0000 -1.0000 0.0000
-3.245 -0.354 -1.300 0.0000 -1.0000 0.0000
-3.775 -0.354 -0.300 0.0000 -1.0000 0.0000
-3.245 -0.354 -0.300 0.0000 -1.0000 0.0000
-3.775 -0.354 0.700 0.0000 -1.0000 0.0000
-3.245 -0.354 0.700 0.0000 -1.0000 0.0000
-3.775 -0.354 1.700 0.0000 -1.0000 0.0000
-3.245 -0.354 1.700 0.0000 -1.0000 0.0000
-3.775 -0.354 2.700 0.0000 -1.0000 0.0000
-3.245 -0.354 2.700 0.0000 -1.0000 0.0000
-3.775 -0.354 3.700 0.0000 -1.0000 0.0000
-3.245 -0.354 3.700 0.0000 -1.0000 0.0000
-3.775 -0.354 4.700 0.0000 -1.0000 0.0000
-3.245 -0.354 4.700 0.0000 -1.0000 0.0000
-3.775 -0.354 5.700 0.0000 -1.0000 0.0000
-3.245 -0.354 5.700 0.0000 -1.0000 0.0000
-3.775 -0.354 6.700 0.0000 -1.0000 0.0000
-3.245 -0.354 6.700 0.0000 -1.0000 0.0000
-3.775 -0.354 7.700 0.0000 -1.0000 0.0000
-3.245 -0.354 7.700 0.0000 -1.0000 0.0000
-3.775 -0.354 8.700 0.0000 -1.0000 0.0000
-3.245 -0.354 8.700 0.0000 -1.0000 0.0000
-3.775 -0.354 9.700 0.0000 -1.0000 0.0000
-3.245 -0.354 9.700 0.0000 -1.0000 0.0000
-3.775 -0.354 10.700 0.0000 -1.0000 0.0000
-3.245 -0.354 10.700 0.0000 -1.0000 0.0000
-3.775 -0.354 11.700 0.0000 -1.0000 0.0000
-3.245 -0.354 11.700 0.0000 -1.0000 0.0000
-3.775 -0.354 12.700 0.0000 -1.0000 0.0000
-3.245 -0.354 12.700 0.0000 -1.0000 0.0000
-3.775 -0.354 13.700 0.0000 -1.0000 0.0000
-3.245 -0.354 13.700 0.0000 -1.0000 0.0000
-3.775 -0.354 14.700 0.0000 -1.0000 0.0000
-3.245 -0.354 14.700 0.0000 -1.0000 0.0000
-3.775 -0.354 15.700 0.0000 -1.0000 0.0000
-3.245 -0.354 15.700 0.0000 -1.0000 0.0000
-3.775 -0.354 16.700 0.0000 -1.0000 0.0000
-3.245 -0.354 16.700 0.0000 -1.0000 0.0000
-3.775 -0.354 17.700 0.0000 -1.0000 0.0000
-3.245 -0.354 17.700 0.0000 -1.0000 0.0000
-3.775 -0.354 18.700 0.0000 -1.0000 0.0000
-3.245 -0.354 18.700 0.0000 -1.0000 0.0000
-3.775 -0.354 19.700 0.0000 -1.0000 0.0000
-3.245 -0.354 19.700 0.0000 -1.0000 0.0000
-3.775 -0.354 20.700 0.0000 -1.0000 0.0000
-3.245 -0.354 20.700 0.0000 -1.0000 0.0000
-3.775 -0.354 21.700 0.0000 -1.0000 0.0000
-3.245 -0.354 21.700 0.0000 -1.0000 0.0000
-3.775 -0.354 22.700 0.0000 -1.0000 0.0000
-3.245 -0.354 22.700 0.0000 -1.0000 0.0000
-3.775 -0.354 23.700 0.0000 -1.0000 0.0000
-3.245 -0.354 23.700 0.0000 -1.0000 0.0000
-3.775 -0.354 24.700 0.0000 -1.0000 0.0000
-3.245 -0.354 24.700 0.0000 -1.0000 0.0000
-3.775 -0.354 25.700 0.0000 -1.0000 0.0000
-3.245 -0.354 25.700 0.0000 -1.0000 0.0000
-3.777 -0.354 26.200 0.0000 -1.0000 0.0000
-3.249 -0.354 26.200 0.0000 -1.0000 0.0000
-3.778 -0.354 26.450 0.0000 -1.0000 0.0000
-3.251 -0.354 26.450 0.0000 -1.0000 0.0000
-3.780 -0.354 26.700 0.0000 -1.0000 0.0000
-3.253 -0.354 26.700 0.0000 -1.0000 0.0000
-3.780 -0.354 27.700 0.0000 -1.0000 0.0000
-3.254 -0.354 27.700 0.0000 -1.0000 0.0000
-3.781 -0.354 28.700 0.0000 -1.0000 0.0000
-3.255 -0.354 28.700 0.0000 -1.0000 0.0000
-3.781 -0.354 29.700 0.0000 -1.0000 0.0000
-3.256 -0.354 29.700 0.0000 -1.0000 0.0000
-3.782 -0.354 30.700 0.0000 -1.0000 0.0000
-3.257 -0.354 30.700 0.0000 -1.0000 0.0000
-3.783 -0.354 31.700 0.0000 -1.0000 0.0000
-3.258 -0.354 31.700 0.0000 -1.0000 0.0000
-3.783 -0.354 32.700 0.0000 -1.0000 0.0000
-3.258 -0.354 32.700 0.0000 -1.0000 0.0000
-3.783 -0.354 32.950 0.0000 -1.0000 0.0000
-3.259 -0.354 32.950 0.0000 -1.0000 0.0000
-3.784 -0.354 33.700 0.0000 -1.0000 0.0000
-3.259 -0.354 33.700 0.0000 -1.0000 0.0000
-3.784 -0.354 33.900 0.0000 -1.0000 0.0000
-3.259 -0.354 33.900 0.0000 -1.0000 0.0000
-3.530 -0.354 -33.900 0.0000 -1.0000 0.0000
-3.096 -0.354 -33.900 0.0000 -1.0000 0.0000
-3.530 -0.354 -33.300 0.0000 -1.0000 0.0000
-3.096 -0.354 -33.300 0.0000 -1.0000 0.0000
-3.530 -0.354 -32.300 0.0000 -1.0000 0.0000
-3.096 -0.354 -32.300 0.0000 -1.0000 0.0000
-3.522 -0.354 -31.300 0.0000 -1.0000 0.0000
-3.086 -0.354 -31.300 0.0000 -1.0000 0.0000
-3.513 -0.354 -30.300 0.0000 -1.0000 0.0000
-3.073 -0.354 -30.300 0.0000 -1.0000 0.0000
-3.502 -0.354 -29.300 0.0000 -1.0000 0.0000
-3.058 -0.354 -29.300 0.0000 -1.0000 0.0000
-3.490 -0.354 -28.300 0.0000 -1.0000 0.0000
-3.043 -0.354 -28.300 0.0000 -1.0000 0.0000
-3.479 -0.354 -27.300 0.0000 -1.0000 0.0000
-3.027 -0.354 -27.300 0.0000 -1.0000 0.0000
-3.467 -0.354 -26.300 0.0000 -1.0000 0.0000
-3.011 -0.354 -26.300 0.0000 -1.0000 0.0000
-3.453 -0.354 -25.300 0.0000 -1.0000 0.0000
-2.994 -0.354 -25.300 0.0000 -1.0000 0.0000
-3.439 -0.354 -24.300 0.0000 -1.0000 0.0000
-2.974 -0.354 -24.300 0.0000 -1.0000 0.0000
-3.423 -0.354 -23.300 0.0000 -1.0000 0.0000
-2.954 -0.354 -23.300 0.0000 -1.0000 0.0000
-3.406 -0.354 -22.300 0.0000 -1.0000 0.0000
-2.931 -0.354 -22.300 0.0000 -1.0000 0.0000
-3.389 -0.354 -21.300 0.0000 -1.0000 0.0000
-2.908 -0.354 -21.300 0.0000 -1.0000 0.0000
-3.369 -0.354 -20.300 0.0000 -1.0000 0.0000
-2.881 -0.354 -20.300 0.0000 -1.0000 0.0000
-3.348 -0.354 -19.300 0.0000 -1.0000 0.0000
-2.854 -0.354 -19.300 0.0000 -1.0000 0.0000
-3.328 -0.354 -18.300 0.0000 -1.0000 0.0000
-2.826 -0.354 -18.300 0.0000 -1.0000 0.0000
-3.307 -0.354 -17.300 0.0000 -1.0000 0.0000
-2.799 -0.354 -17.300 0.0000 -1.0000 0.0000
-3.287 -0.354 -16.300 0.0000 -1.0000 0.0000
-2.771 -0.354 -16.300 0.0000 -1.0000 0.0000
-3.266 -0.354 -15.300 0.0000 -1.0000 0.0000
-2.744 -0.354 -15.300 0.0000 -1.0000 0.0000
-3.245 -0.354 -14.300 0.0000 -1.0000 0.0000
-2.716 -0.354 -14.300 0.0000 -1.0000 0.0000
-3.245 -0.354 -13.950 0.0000 -1.0000 0.0000
-2.716 -0.354 -13.950 0.0000 -1.0000 0.0000
-3.245 -0.354 -13.300 0.0000 -1.0000 0.0000
-2.716 -0.354 -13.300 0.0000 -1.0000 0.0000
-3.245 -0.354 -12.300 0.0000 -1.0000 0.0000
-2.716 -0.354 -12.300 0.0000 -1.0000 0.0000
-3.245 -0.354 -11.300 0.0000 -1.0000 0.0000
-2.716 -0.354 -11.300 0.0000 -1.0000 0.0000
-3.245 -0.354 -10.300 0.0000 -1.0000 0.0000
-2.716 -0.354 -10.300 0.0000 -1.0000 0.0000
-3.245 -0.354 -9.300 0.0000 -1.0000 0.0000
-2.716 -0.354 -9.300 0.0000 -1.0000 0.0000
-3.245 -0.354 -8.300 0.0000 -1.0000 0.0000
-2.716 -0.354 -8.300 0.0000 -1.0000 0.0000
-3.245 -0.354 -7.450 0.0000 -1.0000 0.0000
-2.716 -0.354 -7.450 0.0000 -1.0000 0.0000
-3.245 -0.354 -7.350 0.0000 -1.0000 0.0000
-2.716 -0.354 -7.350 0.0000 -1.0000 0.0000
-3.245 -0.354 -7.300 0.0000 -1.0000 0.0000
-2.716 -0.354 -7.300 0.0000 -1.0000 0.0000
-3.245 -0.354 -6.300 0.0000 -1.0000 0.0000
-2.716 -0.354 -6.300 0.0000 -1.0000 0.0000
-3.245 -0.354 -5.800 0.0000 -1.0000 0.0000
-2.716 -0.354 -5.800 0.0000 -1.0000 0.0000
-3.245 -0.354 -5.300 0.0000 -1.0000 0.0000
-2.716 -0.354 -5.300 0.0000 -1.0000 0.0000
-3.245 -0.354 -4.300 0.0000 -1.0000 0.0000
-2.716 -0.354 -4.300 0.0000 -1.0000 0.0000
-3.245 -0.354 -3.300 0.0000 -1.0000 0.0000
-2.716 -0.354 -3.300 0.0000 -1.0000 0.0000
-3.245 -0.354 -2.300 0.0000 -1.0000 0.0000
-2.716 -0.354 -2.300 0.0000 -1.0000 0.0000
-3.245 -0.354 -1.300 0.0000 -1.0000 0.0000
-2.716 -0.354 -1.300 0.0000 -1.0000 0.0000
-3.245 -0.354 -0.300 0.0000 -1.0000 0.0000
-2.716 -0.354 -0.300 0.0000 -1.0000 0.0000
-3.245 -0.354 0.700 0.0000 -1.0000 0.0000
-2.716 -0.354 0.700 0.0000 -1.0000 0.0000
-3.245 -0.354 1.700 0.0000 -1.0000 0.0000
-2.716 -0.354 1.700 0.0000 -1.0000 0.0000
-3.245 -0.354 2.700 0.0000 -1.0000 0.0000
-2.716 -0.354 2.700 0.0000 -1.0000 0.0000
-3.245 -0.354 3.700 0.0000 -1.0000 0.0000
-2.716 -0.354 3.700 0.0000 -1.0000 0.0000
-3.245 -0.354 4.700 0.0000 -1.0000 0.0000
-2.716 -0.354 4.700 0.0000 -1.0000 0.0000
-3.245 -0.354 5.700 0.0000 -1.0000 0.0000
-2.716 -0.354 5.700 0.0000 -1.0000 0.0000
-3.245 -0.354 6.700 0.0000 -1.0000 0.0000
-2.716 -0.354 6.700 0.0000 -1.0000 0.0000
-3.245 -0.354 7.700 0.0000 -1.0000 0.0000
-2.716 -0.354 7.700 0.0000 -1.0000 0.0000
-3.245 -0.354 8.700 0.0000 -1.0000 0.0000
-2.716 -0.354 8.700 0.0000 -1.0000 0.0000
-3.245 -0.354 9.700 0.0000 -1.0000 0.0000
-2.716 -0.354 9.700 0.0000 -1.0000 0.0000
-3.245 -0.354 10.700 0.0000 -1.0000 0.0000
-2.716 -0.354 10.700 0.0000 -1.0000 0.0000
-3.245 -0.354 11.700 0.0000 -1.0000 0.0000
-2.716 -0.354 11.700 0.0000 -1.0000 0.0000
-3.245 -0.354 12.700 0.0000 -1.0000 0.0000
-2.716 -0.354 12.700 0.0000 -1.0000 0.0000
-3.245 -0.354 13.700 0.0000 -1.0000 0.0000
-2.716 -0.354 13.700 0.0000 -1.0000 0.0000
-3.245 -0.354 14.700 0.0000 -1.0000 0.0000
-2.716 -0.354 14.700 0.0000 -1.0000 0.0000
-3.245 -0.354 15.700 0.0000 -1.0000 0.0000
-2.716 -0.354 15.700 0.0000 -1.0000 0.0000
-3.245 -0.354 16.700 0.0000 -1.0000 0.0000
-2.716 -0.354 16.700 0.0000 -1.0000 0.0000
-3.245 -0.354 17.700 0.0000 -1.0000 0.0000
-2.716 -0.354 17.700 0.0000 -1.0000 0.0000
-3.245 -0.354 18.700 0.0000 -1.0000 0.0000
-2.716 -0.354 18.700 0.0000 -1.0000 0.0000
-3.245 -0.354 19.700 0.0000 -1.0000 0.0000
-2.716 -0.354 19.700 0.0000 -1.0000 0.0000
-3.245 -0.354 20.700 0.0000 -1.0000 0.0000
-2.716 -0.354 20.700 0.0000 -1.0000 0.0000
-3.245 -0.354 21.700 0.0000 -1.0000 0.0000
-2.716 -0.354 21.700 0.0000 -1.0000 0.0000
-3.245 -0.354 22.700 0.0000 -1.0000 0.0000
-2.716 -0.354 22.700 0.0000 -1.0000 0.0000
-3.245 -0.354 23.700 0.0000 -1.0000 0.0000
-2.716 -0.354 23.700 0.0000 -1.0000 0.0000
-3.245 -0.354 24.700 0.0000 -1.0000 0.0000
-2.716 -0.354 24.700 0.0000 -1.0000 0.0000
-3.245 -0.354 25.700 0.0000 -1.0000 0.0000
-2.716 -0.354 25.700 0.0000 -1.0000 0.0000
-3.249 -0.354 26.200 0.0000 -1.0000 0.0000
-2.722 -0.354 26.200 0.0000 -1.0000 0.0000
-3.251 -0.354 26.450 0.0000 -1.0000 0.0000
-2.724 -0.354 26.450 0.0000 -1.0000 0.0000
-3.253 -0.354 26.700 0.0000 -1.0000 0.0000
-2.727 -0.354 26.700 0.0000 -1.0000 0.0000
-3.254 -0.354 27.700 0.0000 -1.0000 0.0000
-2.728 -0.354 27.700 0.0000 -1.0000 0.0000
-3.255 -0.354 28.700 0.0000 -1.0000 0.0000
-2.729 -0.354 28.700 0.0000 -1.0000 0.0000
-3.256 -0.354 29.700 0.0000 -1.0000 0.0000
-2.730 -0.354 29.700 0.0000 -1.0000 0.0000
-3.257 -0.354 30.700 0.0000 -1.0000 0.0000
-2.731 -0.354 30.700 0.0000 -1.0000 0.0000
-3.258 -0.354 31.700 0.0000 -1.0000 0.0000
-2.733 -0.354 31.700 0.0000 -1.0000 0.0000
-3.258 -0.354 32.700 0.0000 -1.0000 0.0000
-2.734 -0.354 32.700 0.0000 -1.0000 0.0000
-3.259 -0.354 32.950 0.0000 -1.0000 0.0000
-2.734 -0.354 32.950 0.0000 -1.0000 0.0000
-3.259 -0.354 33.700 0.0000 -1.0000 0.0000
-2.735 -0.354 33.700 0.0000 -1.0000 0.0000
-3.259 -0.354 33.900 0.0000 -1.0000 0.0000
-2.735 -0.354 33.900 0.0000 -1.0000 0.0000
-3.096 -0.354 -33.900 0.0000 -1.0000 0.0000
-2.662 -0.354 -33.900 0.0000 -1.0000 0.0000
-3.096 -0.354 -33.300 0.0000 -1.0000 0.0000
-2.662 -0.354 -33.300 0.0000 -1.0000 0.0000
-3.096 -0.354 -32.300 0.0000 -1.0000 0.0000
-2.662 -0.354 -32.300 0.0000 -1.0000 0.0000
-3.086 -0.354 -31.300 0.0000 -1.0000 0.0000
-2.649 -0.354 -31.300 0.0000 -1.0000 0.0000
-3.073 -0.354 -30.300 0.0000 -1.0000 0.0000
-2.633 -0.354 -30.300 0.0000 -1.0000 0.0000
-3.058 -0.354 -29.300 0.0000 -1.0000 0.0000
-2.614 -0.354 -29.300 0.0000 -1.0000 0.0000
-3.043 -0.354 -28.300 0.0000 -1.0000 0.0000
-2.595 -0.354 -28.300 0.0000 -1.0000 0.0000
-3.027 -0.354 -27.300 0.0000 -1.0000 0.0000
-2.576 -0.354 -27.300 0.0000 -1.0000 0.0000
-3.011 -0.354 -26.300 0.0000 -1.0000 0.0000
-2.556 -0.354 -26.300 0.0000 -1.0000 0.0000
-2.994 -0.354 -25.300 0.0000 -1.0000 0.0000
-2.534 -0.354 -25.300 0.0000 -1.0000 0.0000
-2.974 -0.354 -24.300 0.0000 -1.0000 0.0000
-2.510 -0.354 -24.300 0.0000 -1.0000 0.0000
-2.954 -0.354 -23.300 0.0000 -1.0000 0.0000
-2.484 -0.354 -23.300 0.0000 -1.0000 0.0000
-2.931 -0.354 -22.300 0.0000 -1.0000 0.0000
-2.456 -0.354 -22.300 0.0000 -1.0000 0.0000
-2.908 -0.354 -21.300 0.0000 -1.0000 0.0000
-2.427 -0.354 -21.300 0.0000 -1.0000 0.0000
-2.881 -0.354 -20.300 0.0000 -1.0000 0.0000
-2.393 -0.354 -20.300 0.0000 -1.0000 0.0000
-2.854 -0.354 -19.300 0.0000 -1.0000 0.0000
-2.359 -0.354 -19.300 0.0000 -1.0000 0.0000
-2.826 -0.354 -18.300 0.0000 -1.0000 0.0000
-2.325 -0.354 -18.300 0.0000 -1.0000 0.0000
-2.799 -0.354 -17.300 0.0000 -1.0000 0.0000
-2.290 -0.354 -17.300 0.0000 -1.0000 0.0000
-2.771 -0.354 -16.300 0.0000 -1.0000 0.0000
-2.256 -0.354 -16.300 0.0000 -1.0000 0.0000
-2.744 -0.354 -15.300 0.0000 -1.0000 0.0000
-2.222 -0.354 -15.300 0.0000 -1.0000 0.0000
-2.716 -0.354 -14.300 0.0000 -1.0000 0.0000
-2.187 -0.354 -14.300 0.0000 -1.0000 0.0000
-2.716 -0.354 -13.950 0.0000 -1.0000 0.0000
-2.187 -0.354 -13.950 0.0000 -1.0000 0.0000
-2.716 -0.354 -13.300 0.0000 -1.0000 0.0000
-2.187 -0.354 -13.300 0.0000 -1.0000 0.0000
-2.716 -0.354 -12.300 0.0000 -1.0000 0.0000
-2.187 -0.354 -12.300 0.0000 -1.0000 0.0000
-2.716 -0.354 -11.300 0.0000 -1.0000 0.0000
-2.187 -0.354 -11.300 0.0000 -1.0000 0.0000
-2.716 -0.354 -10.300 0.0000 -1.0000 0.0000
-2.187 -0.354 -10.300 0.0000 -1.0000 0.0000
-2.716 -0.354 -9.300 0.0000 -1.0000 0.0000
-2.187 -0.354 -9.300 0.0000 -1.0000 0.0000
-2.716 -0.354 -8.300 0.0000 -1.0000 0.0000
-2.187 -0.354 -8.300 0.0000 -1.0000 0.0000
-2.716 -0.354 -7.450 0.0000 -1.0000 0.0000
-2.187 -0.354 -7.450 0.0000 -1.0000 0.0000
-2.716 -0.354 -7.350 0.0000 -1.0000 0.0000
-2.187 -0.354 -7.350 0.0000 -1.0000 0.0000
-2.716 -0.354 -7.300 0.0000 -1.0000 0.0000
-2.187 -0.354 -7.300 0.0000 -1.0000 0.0000
-2.716 -0.354 -6.300 0.0000 -1.0000 0.0000
-2.187 -0.354 -6.300 0.0000 -1.0000 0.0000
-2.716 -0.354 -5.800 0.0000 -1.0000 0.0000
-2.187 -0.354 -5.800 0.0000 -1.0000 0.0000
-2.716 -0.354 -5.300 0.0000 -1.0000 0.0000
-2.187 -0.354 -5.300 0.0000 -1.0000 0.0000
-2.716 -0.354 -4.300 0.0000 -1.0000 0.0000
-2.187 -0.354 -4.300 0.0000 -1.0000 0.0000
-2.716 -0.354 -3.300 0.0000 -1.0000 0.0000
-2.187 -0.354 -3.300 0.0000 -1.0000 0.0000
-2.716 -0.354 -2.300 0.0000 -1.0000 0.0000
-2.187 -0.354 -2.300 0.0000 -1.0000 0.0000
-2.716 -0.354 -1.300 0.0000 -1.0000 0.0000
-2.187 -0.354 -1.300 0.0000 -1.0000 0.0000
-2.716 -0.354 -0.300 0.0000 -1.0000 0.0000
-2.187 -0.354 -0.300 0.0000 -1.0000 0.0000
-2.716 -0.354 0.700 0.0000 -1.0000 0.0000
-2.187 -0.354 0.700 0.0000 -1.0000 0.0000
-2.716 -0.354 1.700 0.0000 -1.0000 0.0000
-2.187 -0.354 1.700 0.0000 -1.0000 0.0000
-2.716 -0.354 2.700 0.0000 -1.0000 0.0000
-2.187 -0.354 2.700 0.0000 -1.0000 0.0000
-2.716 -0.354 3.700 0.0000 -1.0000 0.0000
-2.187 -0.354 3.700 0.0000 -1.0000 0.0000
-2.716 -0.354 4.700 0.0000 -1.0000 0.0000
-2.187 -0.354 4.700 0.0000 -1.0000 0.0000
-2.716 -0.354 5.700 0.0000 -1.0000 0.0000
-2.187 -0.354 5.700 0.0000 -1.0000 0.0000
-2.716 -0.354 6.700 0.0000 -1.0000 0.0000
-2.187 -0.354 6.700 0.0000 -1.0000 0.0000
-2.716 -0.354 7.700 0.0000 -1.0000 0.0000
-2.187 -0.354 7.700 0.0000 -1.0000 0.0000
-2.716 -0.354 8.700 0.0000 -1.0000 0.0000
-2.187 -0.354 8.700 0.0000 -1.0000 0.0000
-2.716 -0.354 9.700 0.0000 -1.0000 0.0000
-2.187 -0.354 9.700 0.0000 -1.0000 0.0000
-2.716 -0.354 10.700 0.0000 -1.0000 0.0000
-2.187 -0.354 10.700 0.0000 -1.0000 0.0000
-2.716 -0.354 11.700 0.0000 -1.0000 0.0000
-2.187 -0.354 11.700 0.0000 -1.0000 0.0000
-2.716 -0.354 12.700 0.0000 -1.0000 0.0000
-2.187 -0.354 12.700 0.0000 -1.0000 0.0000
-2.716 -0.354 13.700 0.0000 -1.0000 0.0000
-2.187 -0.354 13.700 0.0000 -1.0000 0.0000
-2.716 -0.354 14.700 0.0000 -1.0000 0.0000
-2.187 -0.354 14.700 0.0000 -1.0000 0.0000
-2.716 -0.354 15.700 0.0000 -1.0000 0.0000
-2.187 -0.354 15.700 0.0000 -1.0000 0.0000
-2.716 -0.354 16.700 0.0000 -1.0000 0.0000
-2.187 -0.354 16.700 0.0000 -1.0000 0.0000
-2.716 -0.354 17.700 0.0000 -1.0000 0.0000
-2.187 -0.354 17.700 0.0000 -1.0000 0.0000
-2.716 -0.354 18.700 0.0000 -1.0000 0.0000
-2.187 -0.354 18.700 0.0000 -1.0000 0.0000
-2.716 -0.354 19.700 0.0000 -1.0000 0.0000
-2.187 -0.354 19.700 0.0000 -1.0000 0.0000
-2.716 -0.354 20.700 0.0000 -1.0000 0.0000
-2.187 -0.354 20.700 0.0000 -1.0000 0.0000
-2.716 -0.354 21.700 0.0000 -1.0000 0.0000
-2.187 -0.354 21.700 0.0000 -1.0000 0.0000
-2.716 -0.354 22.700 0.0000 -1.0000 0.0000
-2.187 -0.354 22.700 0.0000 -1.0000 0.0000
-2.716 -0.354 23.700 0.0000 -1.0000 0.0000
-2.187 -0.354 23.700 0.0000 -1.0000 0.0000
-2.716 -0.354 24.700 0.0000 -1.0000 0.0000
-2.187 -0.354 24.700 0.0000 -1.0000 0.0000
-2.716 -0.354 25.700 0.0000 -1.0000 0.0000
-2.187 -0.354 25.700 0.0000 -1.0000 0.0000
-2.722 -0.354 26.200 0.0000 -1.0000 0.0000
-2.194 -0.354 26.200 0.0000 -1.0000 0.0000
-2.724 -0.354 26.450 0.0000 -1.0000 0.0000
-2.197 -0.354 26.450 0.0000 -1.0000 0.0000
-2.727 -0.354 26.700 0.0000 -1.0000 0.0000
-2.200 -0.354 26.700 0.0000 -1.0000 0.0000
-2.728 -0.354 27.700 0.0000 -1.0000 0.0000
-2.202 -0.354 27.700 0.0000 -1.0000 0.0000
-2.729 -0.354 28.700 0.0000 -1.0000 0.0000
-2.203 -0.354 28.700 0.0000 -1.0000 0.0000
-2.730 -0.354 29.700 0.0000 -1.0000 0.0000
-2.205 -0.354 29.700 0.0000 -1.0000 0.0000
-2.731 -0.354 30.700 0.0000 -1.0000 0.0000
-2.206 -0.354 30.700 0.0000 -1.0000 0.0000
-2.733 -0.354 31.700 0.0000 -1.0000 0.0000
-2.207 -0.354 31.700 0.0000 -1.0000 0.0000
-2.734 -0.354 32.700 0.0000 -1.0000 0.0000
-2.209 -0.354 32.700 0.0000 -1.0000 0.0000
-2.734 -0.354 32.950 0.0000 -1.0000 0.0000
-2.209 -0.354 32.950 0.0000 -1.0000 0.0000
-2.735 -0.354 33.700 0.0000 -1.0000 0.0000
-2.210 -0.354 33.700 0.0000 -1.0000 0.0000
-2.735 -0.354 33.900 0.0000 -1.0000 0.0000
-2.210 -0.354 33.900 0.0000 -1.0000 0.0000
-2.662 -0.354 -33.900 0.0000 -1.0000 0.0000
-2.228 -0.354 -33.900 0.0000 -1.0000 0.0000
-2.662 -0.354 -33.300 0.0000 -1.0000 0.0000
-2.228 -0.354 -33.300 0.0000 -1.0000 0.0000
-2.662 -0.354 -32.300 0.0000 -1.0000 0.0000
-2.228 -0.354 -32.300 0.0000 -1.0000 0.0000
-2.649 -0.354 -31.300 0.0000 -1.0000 0.0000
-2.212 -0.354 -31.300 0.0000 -1.0000 0.0000
-2.633 -0.354 -30.300 0.0000 -1.0000 0.0000
-2.193 -0.354 -30.300 0.0000 -1.0000 0.0000
-2.614 -0.354 -29.300 0.0000 -1.0000 0.0000
-2.171 -0.354 -29.300 0.0000 -1.0000 0.0000
-2.595 -0.354 -28.300 0.0000 -1.0000 0.0000
-2.147 -0.354 -28.300 0.0000 -1.0000 0.0000
-2.576 -0.354 -27.300 0.0000 -1.0000 0.0000
-2.124 -0.354 -27.300 0.0000 -1.0000 0.0000
-2.556 -0.354 -26.300 0.0000 -1.0000 0.0000
-2.100 -0.354 -26.300 0.0000 -1.0000 0.0000
-2.534 -0.354 -25.300 0.0000 -1.0000 0.0000
-2.074 -0.354 -25.300 0.0000 -1.0000 0.0000
-2.510 -0.354 -24.300 0.0000 -1.0000 0.0000
-2.045 -0.354 -24.300 0.0000 -1.0000 0.0000
-2.484 -0.354 -23.300 0.0000 -1.0000 0.0000
-2.014 -0.354 -23.300 0.0000 -1.0000 0.0000
-2.456 -0.354 -22.300 0.0000 -1.0000 0.0000
-1.980 -0.354 -22.300 0.0000 -1.0000 0.0000
-2.427 -0.354 -21.300 0.0000 -1.0000 0.0000
-1.946 -0.354 -21.300 0.0000 -1.0000 0.0000
-2.393 -0.354 -20.300 0.0000 -1.0000 0.0000
-1.905 -0.354 -20.300 0.0000 -1.0000 0.0000
-2.359 -0.354 -19.300 0.0000 -1.0000 0.0000
-1.864 -0.354 -19.300 0.0000 -1.0000 0.0000
-2.325 -0.354 -18.300 0.0000 -1.0000 0.0000
-1.823 -0.354 -18.300 0.0000 -1.0000 0.0000
-2.290 -0.354 -17.300 0.0000 -1.0000 0.0000
-1.782 -0.354 -17.300 0.0000 -1.0000 0.0000
-2.256 -0.354 -16.300 0.0000 -1.0000 0.0000
-1.741 -0.354 -16.300 0.0000 -1.0000 0.0000
-2.222 -0.354 -15.300 0.0000 -1.0000 0.0000
-1.700 -0.354 -15.300 0.0000 -1.0000 0.0000
-2.187 -0.354 -14.300 0.0000 -1.0000 0.0000
-1.658 -0.354 -14.300 0.0000 -1.0000 0.0000
-2.187 -0.354 -13.950 0.0000 -1.0000 0.0000
-1.658 -0.354 -13.950 0.0000 -1.0000 0.0000
-2.187 -0.354 -13.300 0.0000 -1.0000 0.0000
-1.658 -0.354 -13.300 0.0000 -1.0000 0.0000
-2.187 -0.354 -12.300 0.0000 -1.0000 0.0000
-1.658 -0.354 -12.300 0.0000 -1.0000 0.0000
-2.187 -0.354 -11.300 0.0000 -1.0000 0.0000
-1.658 -0.354 -11.300 0.0000 -1.0000 0.0000
-2.187 -0.354 -10.300 0.0000 -1.0000 0.0000
-1.658 -0.354 -10.300 0.0000 -1.0000 0.0000
-2.187 -0.354 -9.300 0.0000 -1.0000 0.0000
-1.658 -0.354 -9.300 0.0000 -1.0000 0.0000
-2.187 -0.354 -8.300 0.0000 -1.0000 0.0000
-1.658 -0.354 -8.300 0.0000 -1.0000 0.0000
-2.187 -0.354 -7.450 0.0000 -1.0000 0.0000
-1.658 -0.354 -7.450 0.0000 -1.0000 0.0000
-2.187 -0.354 -7.350 0.0000 -1.0000 0.0000
-1.658 -0.354 -7.350 0.0000 -1.0000 0.0000
-2.187 -0.354 -7.300 0.0000 -1.0000 0.0000
-1.658 -0.354 -7.300 0.0000 -1.0000 0.0000
-2.187 -0.354 -6.300 0.0000 -1.0000 0.0000
-1.658 -0.354 -6.300 0.0000 -1.0000 0.0000
-2.187 -0.354 -5.800 0.0000 -1.0000 0.0000
-1.658 -0.354 -5.800 0.0000 -1.0000 0.0000
-2.187 -0.354 -5.300 0.0000 -1.0000 0.0000
-1.658 -0.354 -5.300 0.0000 -1.0000 0.0000
-2.187 -0.354 -4.300 0.0000 -1.0000 0.0000
-1.658 -0.354 -4.300 0.0000 -1.0000 0.0000
-2.187 -0.354 -3.300 0.0000 -1.0000 0.0000
-1.658 -0.354 -3.300 0.0000 -1.0000 0.0000
-2.187 -0.354 -2.300 0.0000 -1.0000 0.0000
-1.658 -0.354 -2.300 0.0000 -1.0000 0.0000
-2.187 -0.354 -1.300 0.0000 -1.0000 0.0000
-1.658 -0.354 -1.300 0.0000 -1.0000 0.0000
-2.187 -0.354 -0.300 0.0000 -1.0000 0.0000
-1.658 -0.354 -0.300 0.0000 -1.0000 0.0000
-2.187 -0.354 0.700 0.0000 -1.0000 0.0000
-1.658 -0.354 0.700 0.0000 -1.0000 0.0000
-2.187 -0.354 1.700 0.0000 -1.0000 0.0000
-1.658 -0.354 1.700 0.0000 -1.0000 0.0000
-2.187 -0.354 2.700 0.0000 -1.0000 0.0000
-1.658 -0.354 2.700 0.0000 -1.0000 0.0000
-2.187 -0.354 3.700 0.0000 -1.0000 0.0000
-1.658 -0.354 3.700 0.0000 -1.0000 0.0000
-2.187 -0.354 4.700 0.0000 -1.0000 0.0000
-1.658 -0.354 4.700 0.0000 -1.0000 0.0000
-2.187 -0.354 5.700 0.0000 -1.0000 0.0000
-1.658 -0.354 5.700 0.0000 -1.0000 0.0000
-2.187 -0.354 6.700 0.0000 -1.0000 0.0000
-1.658 -0.354 6.700 0.0000 -1.0000 0.0000
-2.187 -0.354 7.700 0.0000 -1.0000 0.0000
-1.658 -0.354 7.700 0.0000 -1.0000 0.0000
-2.187 -0.354 8.700 0.0000 -1.0000 0.0000
-1.658 -0.354 8.700 0.0000 -1.0000 0.0000
-2.187 -0.354 9.700 0.0000 -1.0000 0.0000
-1.658 -0.354 9.700 0.0000 -1.0000 0.0000
-2.187 -0.354 10.700 0.0000 -1.0000 0.0000
-1.658 -0.354 10.700 0.0000 -1.0000 0.0000
-2.187 -0.354 11.700 0.0000 -1.0000 0.0000
-1.658 -0.354 11.700 0.0000 -1.0000 0.0000
-2.187 -0.354 12.700 0.0000 -1.0000 0.0000
-1.658 -0.354 12.700 0.0000 -1.0000 0.0000
-2.187 -0.354 13.700 0.0000 -1.0000 0.0000
-1.658 -0.354 13.700 0.0000 -1.0000 0.0000
-2.187 -0.354 14.700 0.0000 -1.0000 0.0000
-1.658 -0.354 14.700 0.0000 -1.0000 0.0000
-2.187 -0.354 15.700 0.0000 -1.0000 0.0000
-1.658 -0.354 15.700 0.0000 -1.0000 0.0000
-2.187 -0.354 16.700 0.0000 -1.0000 0.0000
-1.658 -0.354 16.700 0.0000 -1.0000 0.0000
-2.187 -0.354 17.700 0.0000 -1.0000 0.0000
-1.658 -0.354 17.700 0.0000 -1.0000 0.0000
-2.187 -0.354 18.700 0.0000 -1.0000 0.0000
-1.658 -0.354 18.700 0.0000 -1.0000 0.0000
-2.187 -0.354 19.700 0.0000 -1.0000 0.0000
-1.658 -0.354 19.700 0.0000 -1.0000 0.0000
-2.187 -0.354 20.700 0.0000 -1.0000 0.0000
-1.658 -0.354 20.700 0.0000 -1.0000 0.0000
-2.187 -0.354 21.700 0.0000 -1.0000 0.0000
-1.658 -0.354 21.700 0.0000 -1.0000 0.0000
-2.187 -0.354 22.700 0.0000 -1.0000 0.0000
-1.658 -0.354 22.700 0.0000 -1.0000 0.0000
-2.187 -0.354 23.700 0.0000 -1.0000 0.0000
-1.658 -0.354 23.700 0.0000 -1.0000 0.0000
-2.187 -0.354 24.700 0.0000 -1.0000 0.0000
-1.658 -0.354 24.700 0.0000 -1.0000 0.0000
-2.187 -0.354 25.700 0.0000 -1.0000 0.0000
-1.658 -0.354 25.700 0.0000 -1.0000 0.0000
-2.194 -0.354 26.200 0.0000 -1.0000 0.0000
-1.666 -0.354 26.200 0.0000 -1.0000 0.0000
-2.197 -0.354 26.450 0.0000 -1.0000 0.0000
-1.670 -0.354 26.450 0.0000 -1.0000 0.0000
-2.200 -0.354 26.700 0.0000 -1.0000 0.0000
-1.674 -0.354 26.700 0.0000 -1.0000 0.0000
-2.202 -0.354 27.700 0.0000 -1.0000 0.0000
-1.675 -0.354 27.700 0.0000 -1.0000 0.0000
-2.203 -0.354 28.700 0.0000 -1.0000 0.0000
-1.677 -0.354 28.700 0.0000 -1.0000 0.0000
-2.205 -0.354 29.700 0.0000 -1.0000 0.0000
-1.679 -0.354 29.700 0.0000 -1.0000 0.0000
-2.206 -0.354 30.700 0.0000 -1.0000 0.0000
-1.681 -0.354 30.700 0.0000 -1.0000 0.0000
-2.207 -0.354 31.700 0.0000 -1.0000 0.0000
-1.682 -0.354 31.700 0.0000 -1.0000 0.0000
-2.209 -0.354 32.700 0.0000 -1.0000 0.0000
-1.684 -0.354 32.700 0.0000 -1.0000 0.0000
-2.209 -0.354 32.950 0.0000 -1.0000 0.0000
-1.685 -0.354 32.950 0.0000 -1.0000 0.0000
-2.210 -0.354 33.700 0.0000 -1.0000 0.0000
-1.686 -0.354 33.700 0.0000 -1.0000 0.0000
-2.210 -0.354 33.900 0.0000 -1.0000 0.0000
-1.686 -0.354 33.900 0.0000 -1.0000 0.0000
-2.228 -0.354 -33.900 0.0000 -1.0000 0.0000
-1.794 -0.354 -33.900 0.0000 -1.0000 0.0000
-2.228 -0.354 -33.300 0.0000 -1.0000 0.0000
-1.794 -0.354 -33.300 0.0000 -1.0000 0.0000
-2.228 -0.354 -32.300 0.0000 -1.0000 0.0000
-1.794 -0.354 -32.300 0.0000 -1.0000 0.0000
-2.212 -0.354 -31.300 0.0000 -1.0000 0.0000
-1.775 -0.354 -31.300 0.0000 -1.0000 0.0000
-2.193 -0.354 -30.300 0.0000 -1.0000 0.0000
-1.753 -0.354 -30.300 0.0000 -1.0000 0.0000
-2.171 -0.354 -29.300 0.0000 -1.0000 0.0000
-1.727 -0.354 -29.300 0.0000 -1.0000 0.0000
-2.147 -0.354 -28.300 0.0000 -1.0000 0.0000
-1.700 -0.354 -28.300 0.0000 -1.0000 0.0000
-2.124 -0.354 -27.300 0.0000 -1.0000 0.0000
-1.673 -0.354 -27.300 0.0000 -1.0000 0.0000
-2.100 -0.354 -26.300 0.0000 -1.0000 0.0000
-1.645 -0.354 -26.300 0.0000 -1.0000 0.0000
-2.074 -0.354 -25.300 0.0000 -1.0000 0.0000
-1.614 -0.354 -25.300 0.0000 -1.0000 0.0000
-2.045 -0.354 -24.300 0.0000 -1.0000 0.0000
-1.581 -0.354 -24.300 0.0000 -1.0000 0.0000
-2.014 -0.354 -23.300 0.0000 -1.0000 0.0000
-1.544 -0.354 -23.300 0.0000 -1.0000 0.0000
-1.980 -0.354 -22.300 0.0000 -1.0000 0.0000
-1.505 -0.354 -22.300 0.0000 -1.0000 0.0000
-1.946 -0.354 -21.300 0.0000 -1.0000 0.0000
-1.465 -0.354 -21.300 0.0000 -1.0000 0.0000
-1.905 -0.354 -20.300 0.0000 -1.0000 0.0000
-1.417 -0.354 -20.300 0.0000 -1.0000 0.0000
-1.864 -0.354 -19.300 0.0000 -1.0000 0.0000
-1.369 -0.354 -19.300 0.0000 -1.0000 0.0000
-1.823 -0.354 -18.300 0.0000 -1.0000 0.0000
-1.321 -0.354 -18.300 0.0000 -1.0000 0.0000
-1.782 -0.354 -17.300 0.0000 -1.0000 0.0000
-1.273 -0.354 -17.300 0.0000 -1.0000 0.0000
-1.741 -0.354 -16.300 0.0000 -1.0000 0.0000
-1.225 -0.354 -16.300 0.0000 -1.0000 0.0000
-1.700 -0.354 -15.300 0.0000 -1.0000 0.0000
-1.177 -0.354 -15.300 0.0000 -1.0000 0.0000
-1.658 -0.354 -14.300 0.0000 -1.0000 0.0000
-1.129 -0.354 -14.300 0.0000 -1.0000 0.0000
-1.658 -0.354 -13.950 0.0000 -1.0000 0.0000
-1.129 -0.354 -13.950 0.0000 -1.0000 0.0000
-1.658 -0.354 -13.300 0.0000 -1.0000 0.0000
-1.129 -0.354 -13.300 0.0000 -1.0000 0.0000
-1.658 -0.354 -12.300 0.0000 -1.0000 0.0000
-1.129 -0.354 -12.300 0.0000 -1.0000 0.0000
-1.658 -0.354 -11.300 0.0000 -1.0000 0.0000
-1.129 -0.354 -11.300 0.0000 -1.0000 0.0000
-1.658 -0.354 -10.300 0.0000 -1.0000 0.0000
-1.129 -0.354 -10.300 0.0000 -1.0000 0.0000
-1.658 -0.354 -9.300 0.0000 -1.0000 0.0000
-1.129 -0.354 -9.300 0.0000 -1.0000 0.0000
-1.658 -0.354 -8.300 0.0000 -1.0000 0.0000
-1.129 -0.354 -8.300 0.0000 -1.0000 0.0000
-1.658 -0.354 -7.450 0.0000 -1.0000 0.0000
-1.129 -0.354 -7.450 0.0000 -1.0000 0.0000
-1.658 -0.354 -7.350 0.0000 -1.0000 0.0000
-1.129 -0.354 -7.350 0.0000 -1.0000 0.0000
-1.658 -0.354 -7.300 0.0000 -1.0000 0.0000
-1.129 -0.354 -7.300 0.0000 -1.0000 0.0000
-1.658 -0.354 -6.300 0.0000 -1.0000 0.0000
-1.129 -0.354 -6.300 0.0000 -1.0000 0.0000
-1.658 -0.354 -5.800 0.0000 -1.0000 0.0000
-1.129 -0.354 -5.800 0.0000 -1.0000 0.0000
-1.658 -0.354 -5.300 0.0000 -1.0000 0.0000
-1.129 -0.354 -5.300 0.0000 -1.0000 0.0000
-1.658 -0.354 -4.300 0.0000 -1.0000 0.0000
-1.129 -0.354 -4.300 0.0000 -1.0000 0.0000
-1.658 -0.354 -3.300 0.0000 -1.0000 0.0000
-1.129 -0.354 -3.300 0.0000 -1.0000 0.0000
-1.658 -0.354 -2.300 0.0000 -1.0000 0.0000
-1.129 -0.354 -2.300 0.0000 -1.0000 0.0000
-1.658 -0.354 -1.300 0.0000 -1.0000 0.0000
-1.129 -0.354 -1.300 0.0000 -1.0000 0.0000
-1.658 -0.354 -0.300 0.0000 -1.0000 0.0000
-1.129 -0.354 -0.300 0.0000 -1.0000 0.0000
-1.658 -0.354 0.700 0.0000 -1.0000 0.0000
-1.129 -0.354 0.700 0.0000 -1.0000 0.0000
-1.658 -0.354 1.700 0.0000 -1.0000 0.0000
-1.129 -0.354 1.700 0.0000 -1.0000 0.0000
-1.658 -0.354 2.700 0.0000 -1.0000 0.0000
-1.129 -0.354 2.700 0.0000 -1.0000 0.0000
-1.658 -0.354 3.700 0.0000 -1.0000 0.0000
-1.129 -0.354 3.700 0.0000 -1.0000 0.0000
-1.658 -0.354 4.700 0.0000 -1.0000 0.0000
-1.129 -0.354 4.700 0.0000 -1.0000 0.0000
-1.658 -0.354 5.700 0.0000 -1.0000 0.0000
-1.129 -0.354 5.700 0.0000 -1.0000 0.0000
-1.658 -0.354 6.700 0.0000 -1.0000 0.0000
-1.129 -0.354 6.700 0.0000 -1.0000 0.0000
-1.658 -0.354 7.700 0.0000 -1.0000 0.0000
-1.129 -0.354 7.700 0.0000 -1.0000 0.0000
-1.658 -0.354 8.700 0.0000 -1.0000 0.0000
-1.129 -0.354 8.700 0.0000 -1.0000 0.0000
-1.658 -0.354 9.700 0.0000 -1.0000 0.0000
-1.129 -0.354 9.700 0.0000 -1.0000 0.0000
-1.658 -0.354 10.700 0.0000 -1.0000 0.0000
-1.129 -0.354 10.700 0.0000 -1.0000 0.0000
-1.658 -0.354 11.700 0.0000 -1.0000 0.0000
-1.129 -0.354 11.700 0.0000 -1.0000 0.0000
-1.658 -0.354 12.700 0.0000 -1.0000 0.0000
-1.129 -0.354 12.700 0.0000 -1.0000 0.0000
-1.658 -0.354 13.700 0.0000 -1.0000 0.0000
-1.129 -0.354 13.700 0.0000 -1.0000 0.0000
-1.658 -0.354 14.700 0.0000 -1.0000 0.0000
-1.129 -0.354 14.700 0.0000 -1.0000 0.0000
-1.658 -0.354 15.700 0.0000 -1.0000 0.0000
-1.129 -0.354 15.700 0.0000 -1.0000 0.0000
-1.658 -0.354 16.700 0.0000 -1.0000 0.0000
-1.129 -0.354 16.700 0.0000 -1.0000 0.0000
-1.658 -0.354 17.700 0.0000 -1.0000 0.0000
-1.129 -0.354 17.700 0.0000 -1.0000 0.0000
-1.658 -0.354 18.700 0.0000 -1.0000 0.0000
-1.129 -0.354 18.700 0.0000 -1.0000 0.0000
-1.658 -0.354 19.700 0.0000 -1.0000 0.0000
-1.129 -0.354 19.700 0.0000 -1.0000 0.0000
-1.658 -0.354 20.700 0.0000 -1.0000 0.0000
-1.129 -0.354 20.700 0.0000 -1.0000 0.0000
-1.658 -0.354 21.700 0.0000 -1.0000 0.0000
-1.129 -0.354 21.700 0.0000 -1.0000 0.0000
-1.658 -0.354 22.700 0.0000 -1.0000 0.0000
-1.129 -0.354 22.700 0.0000 -1.0000 0.0000
-1.658 -0.354 23.700 0.0000 -1.0000 0.0000
-1.129 -0.354 23.700 0.0000 -1.0000 0.0000
-1.658 -0.354 24.700 0.0000 -1.0000 0.0000
-1.129 -0.354 24.700 0.0000 -1.0000 0.0000
-1.658 -0.354 25.700 0.0000 -1.0000 0.0000
-1.129 -0.354 25.700 0.0000 -1.0000 0.0000
-1.666 -0.354 26.200 0.0000 -1.0000 0.0000
-1.138 -0.354 26.200 0.0000 -1.0000 0.0000
-1.670 -0.354 26.450 0.0000 -1.0000 0.0000
-1.143 -0.354 26.450 0.0000 -1.0000 0.0000
-1.674 -0.354 26.700 0.0000 -1.0000 0.0000
-1.147 -0.354 26.700 0.0000 -1.0000 0.0000
-1.675 -0.354 27.700 0.0000 -1.0000 0.0000
-1.149 -0.354 27.700 0.0000 -1.0000 0.0000
-1.677 -0.354 28.700 0.0000 -1.0000 0.0000
-1.151 -0.354 28.700 0.0000 -1.0000 0.0000
-1.679 -0.354 29.700 0.0000 -1.0000 0.0000
-1.153 -0.354 29.700 0.0000 -1.0000 0.0000
-1.681 -0.354 30.700 0.0000 -1.0000 0.0000
-1.155 -0.354 30.700 0.0000 -1.0000 0.0000
-1.682 -0.354 31.700 0.0000 -1.0000 0.0000
-1.157 -0.354 31.700 0.0000 -1.0000 0.0000
-1.684 -0.354 32.700 0.0000 -1.0000 0.0000
-1.159 -0.354 32.700 0.0000 -1.0000 0.0000
-1.685 -0.354 32.950 0.0000 -1.0000 0.0000
-1.160 -0.354 32.950 0.0000 -1.0000 0.0000
-1.686 -0.354 33.700 0.0000 -1.0000 0.0000
-1.161 -0.354 33.700 0.0000 -1.0000 0.0000
-1.686 -0.354 33.900 0.0000 -1.0000 0.0000
-1.161 -0.354 33.900 0.0000 -1.0000 0.0000
-1.794 -0.354 -33.900 0.0000 -1.0000 0.0000
-1.273 -0.354 -33.900 0.0000 -1.0000 0.0000
-1.794 -0.354 -33.300 0.0000 -1.0000 0.0000
-1.273 -0.354 -33.300 0.0000 -1.0000 0.0000
-1.794 -0.354 -32.300 0.0000 -1.0000 0.0000
-1.273 -0.354 -32.300 0.0000 -1.0000 0.0000
-1.775 -0.354 -31.300 0.0000 -1.0000 0.0000
-1.252 -0.354 -31.300 0.0000 -1.0000 0.0000
-1.753 -0.354 -30.300 0.0000 -1.0000 0.0000
-1.225 -0.354 -30.300 0.0000 -1.0000 0.0000
-1.727 -0.354 -29.300 0.0000 -1.0000 0.0000
-1.195 -0.354 -29.300 0.0000 -1.0000 0.0000
-1.700 -0.354 -28.300 0.0000 -1.0000 0.0000
-1.163 -0.354 -28.300 0.0000 -1.0000 0.0000
-1.673 -0.354 -27.300 0.0000 -1.0000 0.0000
-1.132 -0.354 -27.300 0.0000 -1.0000 0.0000
-1.645 -0.354 -26.300 0.0000 -1.0000 0.0000
-1.099 -0.354 -26.300 0.0000 -1.0000 0.0000
-1.614 -0.354 -25.300 0.0000 -1.0000 0.0000
-1.063 -0.354 -25.300 0.0000 -1.0000 0.0000
-1.581 -0.354 -24.300 0.0000 -1.0000 0.0000
-1.024 -0.354 -24.300 0.0000 -1.0000 0.0000
-1.544 -0.354 -23.300 0.0000 -1.0000 0.0000
-0.981 -0.354 -23.300 0.0000 -1.0000 0.0000
-1.505 -0.354 -22.300 0.0000 -1.0000 0.0000
-0.935 -0.354 -22.300 0.0000 -1.0000 0.0000
-1.465 -0.354 -21.300 0.0000 -1.0000 0.0000
-0.888 -0.354 -21.300 0.0000 -1.0000 0.0000
-1.417 -0.354 -20.300 0.0000 -1.0000 0.0000
-0.832 -0.354 -20.300 0.0000 -1.0000 0.0000
-1.369 -0.354 -19.300 0.0000 -1.0000 0.0000
-0.776 -0.354 -19.300 0.0000 -1.0000 0.0000
-1.321 -0.354 -18.300 0.0000 -1.0000 0.0000
-0.720 -0.354 -18.300 0.0000 -1.0000 0.0000
-1.273 -0.354 -17.300 0.0000 -1.0000 0.0000
-0.664 -0.354 -17.300 0.0000 -1.0000 0.0000
-1.225 -0.354 -16.300 0.0000 -1.0000 0.0000
-0.608 -0.354 -16.300 0.0000 -1.0000 0.0000
-1.177 -0.354 -15.300 0.0000 -1.0000 0.0000
-0.551 -0.354 -15.300 0.0000 -1.0000 0.0000
-1.129 -0.354 -14.300 0.0000 -1.0000 0.0000
-0.495 -0.354 -14.300 0.0000 -1.0000 0.0000
-1.129 -0.354 -13.950 0.0000 -1.0000 0.0000
-0.495 -0.354 -13.950 0.0000 -1.0000 0.0000
-1.129 -0.354 -13.300 0.0000 -1.0000 0.0000
-0.495 -0.354 -13.300 0.0000 -1.0000 0.0000
-1.129 -0.354 -12.300 0.0000 -1.0000 0.0000
-0.495 -0.354 -12.300 0.0000 -1.0000 0.0000
-1.129 -0.354 -11.300 0.0000 -1.0000 0.0000
-0.495 -0.354 -11.300 0.0000 -1.0000 0.0000
-1.129 -0.354 -10.300 0.0000 -1.0000 0.0000
-0.495 -0.354 -10.300 0.0000 -1.0000 0.0000
-1.129 -0.354 -9.300 0.0000 -1.0000 0.0000
-0.495 -0.354 -9.300 0.0000 -1.0000 0.0000
-1.129 -0.354 -8.300 0.0000 -1.0000 0.0000
-0.495 -0.354 -8.300 0.0000 -1.0000 0.0000
-1.129 -0.354 -7.450 0.0000 -1.0000 0.0000
-0.495 -0.354 -7.450 0.0000 -1.0000 0.0000
-1.129 -0.354 -7.350 0.0000 -1.0000 0.0000
-0.495 -0.354 -7.350 0.0000 -1.0000 0.0000
-1.129 -0.354 -7.300 0.0000 -1.0000 0.0000
-0.495 -0.354 -7.300 0.0000 -1.0000 0.0000
-1.129 -0.354 -6.300 0.0000 -1.0000 0.0000
-0.495 -0.354 -6.300 0.0000 -1.0000 0.0000
-1.129 -0.354 -5.800 0.0000 -1.0000 0.0000
-0.495 -0.354 -5.800 0.0000 -1.0000 0.0000
-1.129 -0.354 -5.300 0.0000 -1.0000 0.0000
-0.495 -0.354 -5.300 0.0000 -1.0000 0.0000
-1.129 -0.354 -4.300 0.0000 -1.0000 0.0000
-0.495 -0.354 -4.300 0.0000 -1.0000 0.0000
-1.129 -0.354 -3.300 0.0000 -1.0000 0.0000
-0.495 -0.354 -3.300 0.0000 -1.0000 0.0000
-1.129 -0.354 -2.300 0.0000 -1.0000 0.0000
-0.495 -0.354 -2.300 0.0000 -1.0000 0.0000
-1.129 -0.354 -1.300 0.0000 -1.0000 0.0000
-0.495 -0.354 -1.300 0.0000 -1.0000 0.0000
-1.129 -0.354 -0.300 0.0000 -1.0000 0.0000
-0.495 -0.354 -0.300 0.0000 -1.0000 0.0000
-1.129 -0.354 0.700 0.0000 -1.0000 0.0000
-0.495 -0.354 0.700 0.0000 -1.0000 0.0000
-1.129 -0.354 1.700 0.0000 -1.0000 0.0000
-0.495 -0.354 1.700 0.0000 -1.0000 0.0000
-1.129 -0.354 2.700 0.0000 -1.0000 0.0000
-0.495 -0.354 2.700 0.0000 -1.0000 0.0000
-1.129 -0.354 3.700 0.0000 -1.0000 0.0000
-0.495 -0.354 3.700 0.0000 -1.0000 0.0000
-1.129 -0.354 4.700 0.0000 -1.0000 0.0000
-0.495 -0.354 4.700 0.0000 -1.0000 0.0000
-1.129 -0.354 5.700 0.0000 -1.0000 0.0000
-0.495 -0.354 5.700 0.0000 -1.0000 0.0000
-1.129 -0.354 6.700 0.0000 -1.0000 0.0000
-0.495 -0.354 6.700 0.0000 -1.0000 0.0000
-1.129 -0.354 7.700 0.0000 -1.0000 0.0000
-0.495 -0.354 7.700 0.0000 -1.0000 0.0000
-1.129 -0.354 8.700 0.0000 -1.0000 0.0000
-0.495 -0.354 8.700 0.0000 -1.0000 0.0000
-1.129 -0.354 9.700 0.0000 -1.0000 0.0000
-0.495 -0.354 9.700 0.0000 -1.0000 0.0000
-1.129 -0.354 10.700 0.0000 -1.0000 0.0000
-0.495 -0.354 10.700 0.0000 -1.0000 0.0000
-1.129 -0.354 11.700 0.0000 -1.0000 0.0000
-0.495 -0.354 11.700 0.0000 -1.0000 0.0000
-1.129 -0.354 12.700 0.0000 -1.0000 0.0000
-0.495 -0.354 12.700 0.0000 -1.0000 0.0000
-1.129 -0.354 13.700 0.0000 -1.0000 0.0000
-0.495 -0.354 13.700 0.0000 -1.0000 0.0000
-1.129 -0.354 14.700 0.0000 -1.0000 0.0000
-0.495 -0.354 14.700 0.0000 -1.0000 0.0000
-1.129 -0.354 15.700 0.0000 -1.0000 0.0000
-0.495 -0.354 15.700 0.0000 -1.0000 0.0000
-1.129 -0.354 16.700 0.0000 -1.0000 0.0000
-0.495 -0.354 16.700 0.0000 -1.0000 0.0000
-1.129 -0.354 17.700 0.0000 -1.0000 0.0000
-0.495 -0.354 17.700 0.0000 -1.0000 0.0000
-1.129 -0.354 18.700 0.0000 -1.0000 0.0000
-0.495 -0.354 18.700 0.0000 -1.0000 0.0000
-1.129 -0.354 19.700 0.0000 -1.0000 0.0000
-0.495 -0.354 19.700 0.0000 -1.0000 0.0000
-1.129 -0.354 20.700 0.0000 -1.0000 0.0000
-0.495 -0.354 20.700 0.0000 -1.0000 0.0000
-1.129 -0.354 21.700 0.0000 -1.0000 0.0000
-0.495 -0.354 21.700 0.0000 -1.0000 0.0000
-1.129 -0.354 22.700 0.0000 -1.0000 0.0000
-0.495 -0.354 22.700 0.0000 -1.0000 0.0000
-1.129 -0.354 23.700 0.0000 -1.0000 0.0000
-0.495 -0.354 23.700 0.0000 -1.0000 0.0000
-1.129 -0.354 24.700 0.0000 -1.0000 0.0000
-0.495 -0.354 24.700 0.0000 -1.0000 0.0000
-1.129 -0.354 25.700 0.0000 -1.0000 0.0000
-0.495 -0.354 25.700 0.0000 -1.0000 0.0000
-1.138 -0.354 26.200 0.0000 -1.0000 0.0000
-0.505 -0.354 26.200 0.0000 -1.0000 0.0000
-1.143 -0.354 26.450 0.0000 -1.0000 0.0000
-0.511 -0.354 26.450 0.0000 -1.0000 0.0000
-1.147 -0.354 26.700 0.0000 -1.0000 0.0000
-0.516 -0.354 26.700 0.0000 -1.0000 0.0000
-1.149 -0.354 27.700 0.0000 -1.0000 0.0000
-0.518 -0.354 27.700 0.0000 -1.0000 0.0000
-1.151 -0.354 28.700 0.0000 -1.0000 0.0000
-0.521 -0.354 28.700 0.0000 -1.0000 0.0000
-1.153 -0.354 29.700 0.0000 -1.0000 0.0000
-0.523 -0.354 29.700 0.0000 -1.0000 0.0000
-1.155 -0.354 30.700 0.0000 -1.0000 0.0000
-0.526 -0.354 30.700 0.0000 -1.0000 0.0000
-1.157 -0.354 31.700 0.0000 -1.0000 0.0000
-0.528 -0.354 31.700 0.0000 -1.0000 0.0000
-1.159 -0.354 32.700 0.0000 -1.0000 0.0000
-0.530 -0.354 32.700 0.0000 -1.0000 0.0000
-1.160 -0.354 32.950 0.0000 -1.0000 0.0000
-0.531 -0.354 32.950 0.0000 -1.0000 0.0000
-1.161 -0.354 33.700 0.0000 -1.0000 0.0000
-0.533 -0.354 33.700 0.0000 -1.0000 0.0000
-1.161 -0.354 33.900 0.0000 -1.0000 0.0000
-0.533 -0.354 33.900 0.0000 -1.0000 0.0000
-1.273 -0.354 -33.900 0.0000 -1.0000 0.0000
-0.925 -0.354 -33.900 0.0000 -1.0000 0.0000
-1.273 -0.354 -33.300 0.0000 -1.0000 0.0000
-0.925 -0.354 -33.300 0.0000 -1.0000 0.0000
-1.273 -0.354 -32.300 0.0000 -1.0000 0.0000
-0.925 -0.354 -32.300 0.0000 -1.0000 0.0000
-1.252 -0.354 -31.300 0.0000 -1.0000 0.0000
-0.902 -0.354 -31.300 0.0000 -1.0000 0.0000
-1.225 -0.354 -30.300 0.0000 -1.0000 0.0000
-0.872 -0.354 -30.300 0.0000 -1.0000 0.0000
-1.195 -0.354 -29.300 0.0000 -1.0000 0.0000
-0.840 -0.354 -29.300 0.0000 -1.0000 0.0000
-1.163 -0.354 -28.300 0.0000 -1.0000 0.0000
-0.805 -0.354 -28.300 0.0000 -1.0000 0.0000
-1.132 -0.354 -27.300 0.0000 -1.0000 0.0000
-0.770 -0.354 -27.300 0.0000 -1.0000 0.0000
-1.099 -0.354 -26.300 0.0000 -1.0000 0.0000
-0.734 -0.354 -26.300 0.0000 -1.0000 0.0000
-1.063 -0.354 -25.300 0.0000 -1.0000 0.0000
-0.695 -0.354 -25.300 0.0000 -1.0000 0.0000
-1.024 -0.354 -24.300 0.0000 -1.0000 0.0000
-0.652 -0.354 -24.300 0.0000 -1.0000 0.0000
-0.981 -0.354 -23.300 0.0000 -1.0000 0.0000
-0.605 -0.354 -23.300 0.0000 -1.0000 0.0000
-0.935 -0.354 -22.300 0.0000 -1.0000 0.0000
-0.554 -0.354 -22.300 0.0000 -1.0000 0.0000
-0.888 -0.354 -21.300 0.0000 -1.0000 0.0000
-0.502 -0.354 -21.300 0.0000 -1.0000 0.0000
-0.832 -0.354 -20.300 0.0000 -1.0000 0.0000
-0.441 -0.354 -20.300 0.0000 -1.0000 0.0000
-0.776 -0.354 -19.300 0.0000 -1.0000 0.0000
-0.380 -0.354 -19.300 0.0000 -1.0000 0.0000
-0.720 -0.354 -18.300 0.0000 -1.0000 0.0000
-0.318 -0.354 -18.300 0.0000 -1.0000 0.0000
-0.664 -0.354 -17.300 0.0000 -1.0000 0.0000
-0.257 -0.354 -17.300 0.0000 -1.0000 0.0000
-0.608 -0.354 -16.300 0.0000 -1.0000 0.0000
-0.195 -0.354 -16.300 0.0000 -1.0000 0.0000
-0.551 -0.354 -15.300 0.0000 -1.0000 0.0000
-0.133 -0.354 -15.300 0.0000 -1.0000 0.0000
-0.495 -0.354 -14.300 0.0000 -1.0000 0.0000
-0.071 -0.354 -14.300 0.0000 -1.0000 0.0000
-0.495 -0.354 -13.950 0.0000 -1.0000 0.0000
-0.071 -0.354 -13.950 0.0000 -1.0000 0.0000
-0.495 -0.354 -13.300 0.0000 -1.0000 0.0000
-0.071 -0.354 -13.300 0.0000 -1.0000 0.0000
-0.495 -0.354 -12.300 0.0000 -1.0000 0.0000
-0.071 -0.354 -12.300 0.0000 -1.0000 0.0000
-0.495 -0.354 -11.300 0.0000 -1.0000 0.0000
-0.071 -0.354 -11.300 0.0000 -1.0000 0.0000
-0.495 -0.354 -10.300 0.0000 -1.0000 0.0000
-0.071 -0.354 -10.300 0.0000 -1.0000 0.0000
-0.495 -0.354 -9.300 0.0000 -1.0000 0.0000
-0.071 -0.354 -9.300 0.0000 -1.0000 0.0000
-0.495 -0.354 -8.300 0.0000 -1.0000 0.0000
-0.071 -0.354 -8.300 0.0000 -1.0000 0.0000
-0.495 -0.354 -7.450 0.0000 -1.0000 0.0000
-0.071 -0.354 -7.450 0.0000 -1.0000 0.0000
-0.495 -0.354 -7.350 0.0000 -1.0000 0.0000
-0.071 -0.354 -7.350 0.0000 -1.0000 0.0000
-0.495 -0.354 -7.300 0.0000 -1.0000 0.0000
-0.071 -0.354 -7.300 0.0000 -1.0000 0.0000
-0.495 -0.354 -6.300 0.0000 -1.0000 0.0000
-0.071 -0.354 -6.300 0.0000 -1.0000 0.0000
-0.495 -0.354 -5.800 0.0000 -1.0000 0.0000
-0.071 -0.354 -5.800 0.0000 -1.0000 0.0000
-0.495 -0.354 -5.300 0.0000 -1.0000 0.0000
-0.071 -0.354 -5.300 0.0000 -1.0000 0.0000
-0.495 -0.354 -4.300 0.0000 -1.0000 0.0000
-0.071 -0.354 -4.300 0.0000 -1.0000 0.0000
-0.495 -0.354 -3.300 0.0000 -1.0000 0.0000
-0.071 -0.354 -3.300 0.0000 -1.0000 0.0000
-0.495 -0.354 -2.300 0.0000 -1.0000 0.0000
-0.071 -0.354 -2.300 0.0000 -1.0000 0.0000
-0.495 -0.354 -1.300 0.0000 -1.0000 0.0000
-0.071 -0.354 -1.300 0.0000 -1.0000 0.0000
-0.495 -0.354 -0.300 0.0000 -1.0000 0.0000
-0.071 -0.354 -0.300 0.0000 -1.0000 0.0000
-0.495 -0.354 0.700 0.0000 -1.0000 0.0000
-0.071 -0.354 0.700 0.0000 -1.0000 0.0000
-0.495 -0.354 1.700 0.0000 -1.0000 0.0000
-0.071 -0.354 1.700 0.0000 -1.0000 0.0000
-0.495 -0.354 2.700 0.0000 -1.0000 0.0000
-0.071 -0.354 2.700 0.0000 -1.0000 0.0000
-0.495 -0.354 3.700 0.0000 -1.0000 0.0000
-0.071 -0.354 3.700 0.0000 -1.0000 0.0000
-0.495 -0.354 4.700 0.0000 -1.0000 0.0000
-0.071 -0.354 4.700 0.0000 -1.0000 0.0000
-0.495 -0.354 5.700 0.0000 -1.0000 0.0000
-0.071 -0.354 5.700 0.0000 -1.0000 0.0000
-0.495 -0.354 6.700 0.0000 -1.0000 0.0000
-0.071 -0.354 6.700 0.0000 -1.0000 0.0000
-0.495 -0.354 7.700 0.0000 -1.0000 0.0000
-0.071 -0.354 7.700 0.0000 -1.0000 0.0000
-0.495 -0.354 8.700 0.0000 -1.0000 0.0000
-0.071 -0.354 8.700 0.0000 -1.0000 0.0000
-0.495 -0.354 9.700 0.0000 -1.0000 0.0000
-0.071 -0.354 9.700 0.0000 -1.0000 0.0000
-0.495 -0.354 10.700 0.0000 -1.0000 0.0000
-0.071 -0.354 10.700 0.0000 -1.0000 0.0000
-0.495 -0.354 11.700 0.0000 -1.0000 0.0000
-0.071 -0.354 11.700 0.0000 -1.0000 0.0000
-0.495 -0.354 12.700 0.0000 -1.0000 0.0000
-0.071 -0.354 12.700 0.0000 -1.0000 0.0000
-0.495 -0.354 13.700 0.0000 -1.0000 0.0000
-0.071 -0.354 13.700 0.0000 -1.0000 0.0000
-0.495 -0.354 14.700 0.0000 -1.0000 0.0000
-0.071 -0.354 14.700 0.0000 -1.0000 0.0000
-0.495 -0.354 15.700 0.0000 -1.0000 0.0000
-0.071 -0.354 15.700 0.0000 -1.0000 0.0000
-0.495 -0.354 16.700 0.0000 -1.0000 0.0000
-0.071 -0.354 16.700 0.0000 -1.0000 0.0000
-0.495 -0.354 17.700 0.0000 -1.0000 0.0000
-0.071 -0.354 17.700 0.0000 -1.0000 0.0000
-0.495 -0.354 18.700 0.0000 -1.0000 0.0000
-0.071 -0.354 18.700 0.0000 -1.0000 0.0000
-0.495 -0.354 19.700 0.0000 -1.0000 0.0000
-0.071 -0.354 19.700 0.0000 -1.0000 0.0000
-0.495 -0.354 20.700 0.0000 -1.0000 0.0000
-0.071 -0.354 20.700 0.0000 -1.0000 0.0000
-0.495 -0.354 21.700 0.0000 -1.0000 0.0000
-0.071 -0.354 21.700 0.0000 -1.0000 0.0000
-0.495 -0.354 22.700 0.0000 -1.0000 0.0000
-0.071 -0.354 22.700 0.0000 -1.0000 0.0000
-0.495 -0.354 23.700 0.0000 -1.0000 0.0000
-0.071 -0.354 23.700 0.0000 -1.0000 0.0000
-0.495 -0.354 24.700 0.0000 -1.0000 0.0000
-0.071 -0.354 24.700 0.0000 -1.0000 0.0000
-0.495 -0.354 25.700 0.0000 -1.0000 0.0000
-0.071 -0.354 25.700 0.0000 -1.0000 0.0000
-0.505 -0.354 26.200 0.0000 -1.0000 0.0000
-0.083 -0.354 26.200 0.0000 -1.0000 0.0000
-0.511 -0.354 26.450 0.0000 -1.0000 0.0000
-0.088 -0.354 26.450 0.0000 -1.0000 0.0000
-0.516 -0.354 26.700 0.0000 -1.0000 0.0000
-0.094 -0.354 26.700 0.0000 -1.0000 0.0000
-0.518 -0.354 27.700 0.0000 -1.0000 0.0000
-0.097 -0.354 27.700 0.0000 -1.0000 0.0000
-0.521 -0.354 28.700 0.0000 -1.0000 0.0000
-0.100 -0.354 28.700 0.0000 -1.0000 0.0000
-0.523 -0.354 29.700 0.0000 -1.0000 0.0000
-0.102 -0.354 29.700 0.0000 -1.0000 0.0000
-0.526 -0.354 30.700 0.0000 -1.0000 0.0000
-0.105 -0.354 30.700 0.0000 -1.0000 0.0000
-0.528 -0.354 31.700 0.0000 -1.0000 0.0000
-0.107 -0.354 31.700 0.0000 -1.0000 0.0000
-0.530 -0.354 32.700 0.0000 -1.0000 0.0000
-0.110 -0.354 32.700 0.0000 -1.0000 0.0000
-0.531 -0.354 32.950 0.0000 -1.0000 0.0000
-0.111 -0.354 32.950 0.0000 -1.0000 0.0000
-0.533 -0.354 33.700 0.0000 -1.0000 0.0000
-0.112 -0.354 33.700 0.0000 -1.0000 0.0000
-0.533 -0.354 33.900 0.0000 -1.0000 0.0000
-0.112 -0.354 33.900 0.0000 -1.0000 0.0000
-0.925 -0.354 -33.900 0.0000 -1.0000 0.0000
-0.491 -0.354 -33.900 0.0000 -1.0000 0.0000
-0.925 -0.354 -33.300 0.0000 -1.0000 0.0000
-0.491 -0.354 -33.300 0.0000 -1.0000 0.0000
-0.925 -0.354 -32.300 0.0000 -1.0000 0.0000
-0.491 -0.354 -32.300 0.0000 -1.0000 0.0000
-0.902 -0.354 -31.300 0.0000 -1.0000 0.0000
-0.465 -0.354 -31.300 0.0000 -1.0000 0.0000
-0.872 -0.354 -30.300 0.0000 -1.0000 0.0000
-0.432 -0.354 -30.300 0.0000 -1.0000 0.0000
-0.840 -0.354 -29.300 0.0000 -1.0000 0.0000
-0.396 -0.354 -29.300 0.0000 -1.0000 0.0000
-0.805 -0.354 -28.300 0.0000 -1.0000 0.0000
-0.357 -0.354 -28.300 0.0000 -1.0000 0.0000
-0.770 -0.354 -27.300 0.0000 -1.0000 0.0000
-0.319 -0.354 -27.300 0.0000 -1.0000 0.0000
-0.734 -0.354 -26.300 0.0000 -1.0000 0.0000
-0.279 -0.354 -26.300 0.0000 -1.0000 0.0000
-0.695 -0.354 -25.300 0.0000 -1.0000 0.0000
-0.235 -0.354 -25.300 0.0000 -1.0000 0.0000
-0.652 -0.354 -24.300 0.0000 -1.0000 0.0000
-0.187 -0.354 -24.300 0.0000 -1.0000 0.0000
-0.605 -0.354 -23.300 0.0000 -1.0000 0.0000
-0.135 -0.354 -23.300 0.0000 -1.0000 0.0000
-0.554 -0.354 -22.300 0.0000 -1.0000 0.0000
-0.079 -0.354 -22.300 0.0000 -1.0000 0.0000
-0.502 -0.354 -21.300 0.0000 -1.0000 0.0000
-0.021 -0.354 -21.300 0.0000 -1.0000 0.0000
-0.441 -0.354 -20.300 0.0000 -1.0000 0.0000
0.047 -0.354 -20.300 0.0000 -1.0000 0.0000
-0.380 -0.354 -19.300 0.0000 -1.0000 0.0000
0.115 -0.354 -19.300 0.0000 -1.0000 0.0000
-0.318 -0.354 -18.300 0.0000 -1.0000 0.0000
0.183 -0.354 -18.300 0.0000 -1.0000 0.0000
-0.257 -0.354 -17.300 0.0000 -1.0000 0.0000
0.252 -0.354 -17.300 0.0000 -1.0000 0.0000
-0.195 -0.354 -16.300 0.0000 -1.0000 0.0000
0.321 -0.354 -16.300 0.0000 -1.0000 0.0000
-0.133 -0.354 -15.300 0.0000 -1.0000 0.0000
0.389 -0.354 -15.300 0.0000 -1.0000 0.0000
-0.071 -0.354 -14.300 0.0000 -1.0000 0.0000
0.458 -0.354 -14.300 0.0000 -1.0000 0.0000
-0.071 -0.354 -13.950 0.0000 -1.0000 0.0000
0.458 -0.354 -13.950 0.0000 -1.0000 0.0000
-0.071 -0.354 -13.300 0.0000 -1.0000 0.0000
0.458 -0.354 -13.300 0.0000 -1.0000 0.0000
-0.071 -0.354 -12.300 0.0000 -1.0000 0.0000
0.458 -0.354 -12.300 0.0000 -1.0000 0.0000
-0.071 -0.354 -11.300 0.0000 -1.0000 0.0000
0.458 -0.354 -11.300 0.0000 -1.0000 0.0000
-0.071 -0.354 -10.300 0.0000 -1.0000 0.0000
0.458 -0.354 -10.300 0.0000 -1.0000 0.0000
-0.071 -0.354 -9.300 0.0000 -1.0000 0.0000
0.458 -0.354 -9.300 0.0000 -1.0000 0.0000
-0.071 -0.354 -8.300 0.0000 -1.0000 0.0000
0.458 -0.354 -8.300 0.0000 -1.0000 0.0000
-0.071 -0.354 -7.450 0.0000 -1.0000 0.0000
0.458 -0.354 -7.450 0.0000 -1.0000 0.0000
-0.071 -0.354 -7.350 0.0000 -1.0000 0.0000
0.458 -0.354 -7.350 0.0000 -1.0000 0.0000
-0.071 -0.354 -7.300 0.0000 -1.0000 0.0000
0.458 -0.354 -7.300 0.0000 -1.0000 0.0000
-0.071 -0.354 -6.300 0.0000 -1.0000 0.0000
0.458 -0.354 -6.300 0.0000 -1.0000 0.0000
-0.071 -0.354 -5.800 0.0000 -1.0000 0.0000
0.458 -0.354 -5.800 0.0000 -1.0000 0.0000
-0.071 -0.354 -5.300 0.0000 -1.0000 0.0000
0.458 -0.354 -5.300 0.0000 -1.0000 0.0000
-0.071 -0.354 -4.300 0.0000 -1.0000 0.0000
0.458 -0.354 -4.300 0.0000 -1.0000 0.0000
-0.071 -0.354 -3.300 0.0000 -1.0000 0.0000
0.458 -0.354 -3.300 0.0000 -1.0000 0.0000
-0.071 -0.354 -2.300 0.0000 -1.0000 0.0000
0.458 -0.354 -2.300 0.0000 -1.0000 0.0000
-0.071 -0.354 -1.300 0.0000 -1.0000 0.0000
0.458 -0.354 -1.300 0.0000 -1.0000 0.0000
-0.071 -0.354 -0.300 0.0000 -1.0000 0.0000
0.458 -0.354 -0.300 0.0000 -1.0000 0.0000
-0.071 -0.354 0.700 0.0000 -1.0000 0.0000
0.458 -0.354 0.700 0.0000 -1.0000 0.0000
-0.071 -0.354 1.700 0.0000 -1.0000 0.0000
0.458 -0.354 1.700 0.0000 -1.0000 0.0000
-0.071 -0.354 2.700 0.0000 -1.0000 0.0000
0.458 -0.354 2.700 0.0000 -1.0000 0.0000
-0.071 -0.354 3.700 0.0000 -1.0000 0.0000
0.458 -0.354 3.700 0.0000 -1.0000 0.0000
-0.071 -0.354 4.700 0.0000 -1.0000 0.0000
0.458 -0.354 4.700 0.0000 -1.0000 0.0000
-0.071 -0.354 5.700 0.0000 -1.0000 0.0000
0.458 -0.354 5.700 0.0000 -1.0000 0.0000
-0.071 -0.354 6.700 0.0000 -1.0000 0.0000
0.458 -0.354 6.700 0.0000 -1.0000 0.0000
-0.071 -0.354 7.700 0.0000 -1.0000 0.0000
0.458 -0.354 7.700 0.0000 -1.0000 0.0000
-0.071 -0.354 8.700 0.0000 -1.0000 0.0000
0.458 -0.354 8.700 0.0000 -1.0000 0.0000
-0.071 -0.354 9.700 0.0000 -1.0000 0.0000
0.458 -0.354 9.700 0.0000 -1.0000 0.0000
-0.071 -0.354 10.700 0.0000 -1.0000 0.0000
0.458 -0.354 10.700 0.0000 -1.0000 0.0000
-0.071 -0.354 11.700 0.0000 -1.0000 0.0000
0.458 -0.354 11.700 0.0000 -1.0000 0.0000
-0.071 -0.354 12.700 0.0000 -1.0000 0.0000
0.458 -0.354 12.700 0.0000 -1.0000 0.0000
-0.071 -0.354 13.700 0.0000 -1.0000 0.0000
0.458 -0.354 13.700 0.0000 -1.0000 0.0000
-0.071 -0.354 14.700 0.0000 -1.0000 0.0000
0.458 -0.354 14.700 0.0000 -1.0000 0.0000
-0.071 -0.354 15.700 0.0000 -1.0000 0.0000
0.458 -0.354 15.700 0.0000 -1.0000 0.0000
-0.071 -0.354 16.700 0.0000 -1.0000 0.0000
0.458 -0.354 16.700 0.0000 -1.0000 0.0000
-0.071 -0.354 17.700 0.0000 -1.0000 0.0000
0.458 -0.354 17.700 0.0000 -1.0000 0.0000
-0.071 -0.354 18.700 0.0000 -1.0000 0.0000
0.458 -0.354 18.700 0.0000 -1.0000 0.0000
-0.071 -0.354 19.700 0.0000 -1.0000 0.0000
0.458 -0.354 19.700 0.0000 -1.0000 0.0000
-0.071 -0.354 20.700 0.0000 -1.0000 0.0000
0.458 -0.354 20.700 0.0000 -1.0000 0.0000
-0.071 -0.354 21.700 0.0000 -1.0000 0.0000
0.458 -0.354 21.700 0.0000 -1.0000 0.0000
-0.071 -0.354 22.700 0.0000 -1.0000 0.0000
0.458 -0.354 22.700 0.0000 -1.0000 0.0000
-0.071 -0.354 23.700 0.0000 -1.0000 0.0000
0.458 -0.354 23.700 0.0000 -1.0000 0.0000
-0.071 -0.354 24.700 0.0000 -1.0000 0.0000
0.458 -0.354 24.700 0.0000 -1.0000 0.0000
-0.071 -0.354 25.700 0.0000 -1.0000 0.0000
0.458 -0.354 25.700 0.0000 -1.0000 0.0000
-0.083 -0.354 26.200 0.0000 -1.0000 0.0000
0.445 -0.354 26.200 0.0000 -1.0000 0.0000
-0.088 -0.354 26.450 0.0000 -1.0000 0.0000
0.439 -0.354 26.450 0.0000 -1.0000 0.0000
-0.094 -0.354 26.700 0.0000 -1.0000 0.0000
0.432 -0.354 26.700 0.0000 -1.0000 0.0000
-0.097 -0.354 27.700 0.0000 -1.0000 0.0000
0.430 -0.354 27.700 0.0000 -1.0000 0.0000
-0.100 -0.354 28.700 0.0000 -1.0000 0.0000
0.426 -0.354 28.700 0.0000 -1.0000 0.0000
-0.102 -0.354 29.700 0.0000 -1.0000 0.0000
0.424 -0.354 29.700 0.0000 -1.0000 0.0000
-0.105 -0.354 30.700 0.0000 -1.0000 0.0000
0.421 -0.354 30.700 0.0000 -1.0000 0.0000
-0.107 -0.354 31.700 0.0000 -1.0000 0.0000
0.418 -0.354 31.700 0.0000 -1.0000 0.0000
-0.110 -0.354 32.700 0.0000 -1.0000 0.0000
0.415 -0.354 32.700 0.0000 -1.0000 0.0000
-0.111 -0.354 32.950 0.0000 -1.0000 0.0000
0.414 -0.354 32.950 0.0000 -1.0000 0.0000
-0.112 -0.354 33.700 0.0000 -1.0000 0.0000
0.412 -0.354 33.700 0.0000 -1.0000 0.0000
-0.112 -0.354 33.900 0.0000 -1.0000 0.0000
0.412 -0.354 33.900 0.0000 -1.0000 0.0000
-0.491 -0.354 -33.900 0.0000 -1.0000 0.0000
-0.057 -0.354 -33.900 0.0000 -1.0000 0.0000
-0.491 -0.354 -33.300 0.0000 -1.0000 0.0000
-0.057 -0.354 -33.300 0.0000 -1.0000 0.0000
-0.491 -0.354 -32.300 0.0000 -1.0000 0.0000
-0.057 -0.354 -32.300 0.0000 -1.0000 0.0000
-0.465 -0.354 -31.300 0.0000 -1.0000 0.0000
-0.028 -0.354 -31.300 0.0000 -1.0000 0.0000
-0.432 -0.354 -30.300 0.0000 -1.0000 0.0000
0.008 -0.354 -30.300 0.0000 -1.0000 0.0000
-0.396 -0.354 -29.300 0.0000 -1.0000 0.0000
0.048 -0.354 -29.300 0.0000 -1.0000 0.0000
-0.357 -0.354 -28.300 0.0000 -1.0000 0.0000
0.090 -0.354 -28.300 0.0000 -1.0000 0.0000
-0.319 -0.354 -27.300 0.0000 -1.0000 0.0000
0.133 -0.354 -27.300 0.0000 -1.0000 0.0000
-0.279 -0.354 -26.300 0.0000 -1.0000 0.0000
0.176 -0.354 -26.300 0.0000 -1.0000 0.0000
-0.235 -0.354 -25.300 0.0000 -1.0000 0.0000
0.225 -0.354 -25.300 0.0000 -1.0000 0.0000
-0.187 -0.354 -24.300 0.0000 -1.0000 0.0000
0.277 -0.354 -24.300 0.0000 -1.0000 0.0000
-0.135 -0.354 -23.300 0.0000 -1.0000 0.0000
0.335 -0.354 -23.300 0.0000 -1.0000 0.0000
-0.079 -0.354 -22.300 0.0000 -1.0000 0.0000
0.397 -0.354 -22.300 0.0000 -1.0000 0.0000
-0.021 -0.354 -21.300 0.0000 -1.0000 0.0000
0.460 -0.354 -21.300 0.0000 -1.0000 0.0000
0.047 -0.354 -20.300 0.0000 -1.0000 0.0000
0.535 -0.354 -20.300 0.0000 -1.0000 0.0000
0.115 -0.354 -19.300 0.0000 -1.0000 0.0000
0.610 -0.354 -19.300 0.0000 -1.0000 0.0000
0.183 -0.354 -18.300 0.0000 -1.0000 0.0000
0.685 -0.354 -18.300 0.0000 -1.0000 0.0000
0.252 -0.354 -17.300 0.0000 -1.0000 0.0000
0.760 -0.354 -17.300 0.0000 -1.0000 0.0000
0.321 -0.354 -16.300 0.0000 -1.0000 0.0000
0.836 -0.354 -16.300 0.0000 -1.0000 0.0000
0.389 -0.354 -15.300 0.0000 -1.0000 0.0000
0.911 -0.354 -15.300 0.0000 -1.0000 0.0000
0.458 -0.354 -14.300 0.0000 -1.0000 0.0000
0.987 -0.354 -14.300 0.0000 -1.0000 0.0000
0.458 -0.354 -13.950 0.0000 -1.0000 0.0000
0.987 -0.354 -13.950 0.0000 -1.0000 0.0000
0.458 -0.354 -13.300 0.0000 -1.0000 0.0000
0.987 -0.354 -13.300 0.0000 -1.0000 0.0000
0.458 -0.354 -12.300 0.0000 -1.0000 0.0000
0.987 -0.354 -12.300 0.0000 -1.0000 0.0000
0.458 -0.354 -11.300 0.0000 -1.0000 0.0000
0.987 -0.354 -11.300 0.0000 -1.0000 0.0000
0.458 -0.354 -10.300 0.0000 -1.0000 0.0000
0.987 -0.354 -10.300 0.0000 -1.0000 0.0000
0.458 -0.354 -9.300 0.0000 -1.0000 0.0000
0.987 -0.354 -9.300 0.0000 -1.0000 0.0000
0.458 -0.354 -8.300 0.0000 -1.0000 0.0000
0.987 -0.354 -8.300 0.0000 -1.0000 0.0000
0.458 -0.354 -7.450 0.0000 -1.0000 0.0000
0.987 -0.354 -7.450 0.0000 -1.0000 0.0000
0.458 -0.354 -7.350 0.0000 -1.0000 0.0000
0.987 -0.354 -7.350 0.0000 -1.0000 0.0000
0.458 -0.354 -7.300 0.0000 -1.0000 0.0000
0.987 -0.354 -7.300 0.0000 -1.0000 0.0000
0.458 -0.354 -6.300 0.0000 -1.0000 0.0000
0.987 -0.354 -6.300 0.0000 -1.0000 0.0000
0.458 -0.354 -5.800 0.0000 -1.0000 0.0000
0.987 -0.354 -5.800 0.0000 -1.0000 0.0000
0.458 -0.354 -5.300 0.0000 -1.0000 0.0000
0.987 -0.354 -5.300 0.0000 -1.0000 0.0000
0.458 -0.354 -4.300 0.0000 -1.0000 0.0000
0.987 -0.354 -4.300 0.0000 -1.0000 0.0000
0.458 -0.354 -3.300 0.0000 -1.0000 0.0000
0.987 -0.354 -3.300 0.0000 -1.0000 0.0000
0.458 -0.354 -2.300 0.0000 -1.0000 0.0000
0.987 -0.354 -2.300 0.0000 -1.0000 0.0000
0.458 -0.354 -1.300 0.0000 -1.0000 0.0000
0.987 -0.354 -1.300 0.0000 -1.0000 0.0000
0.458 -0.354 -0.300 0.0000 -1.0000 0.0000
0.987 -0.354 -0.300 0.0000 -1.0000 0.0000
0.458 -0.354 0.700 0.0000 -1.0000 0.0000
0.987 -0.354 0.700 0.0000 -1.0000 0.0000
0.458 -0.354 1.700 0.0000 -1.0000 0.0000
0.987 -0.354 1.700 0.0000 -1.0000 0.0000
0.458 -0.354 2.700 0.0000 -1.0000 0.0000
0.987 -0.354 2.700 0.0000 -1.0000 0.0000
0.458 -0.354 3.700 0.0000 -1.0000 0.0000
0.987 -0.354 3.700 0.0000 -1.0000 0.0000
0.458 -0.354 4.700 0.0000 -1.0000 0.0000
0.987 -0.354 4.700 0.0000 -1.0000 0.0000
0.458 -0.354 5.700 0.0000 -1.0000 0.0000
0.987 -0.354 5.700 0.0000 -1.0000 0.0000
0.458 -0.354 6.700 0.0000 -1.0000 0.0000
0.987 -0.354 6.700 0.0000 -1.0000 0.0000
0.458 -0.354 7.700 0.0000 -1.0000 0.0000
0.987 -0.354 7.700 0.0000 -1.0000 0.0000
0.458 -0.354 8.700 0.0000 -1.0000 0.0000
0.987 -0.354 8.700 0.0000 -1.0000 0.0000
0.458 -0.354 9.700 0.0000 -1.0000 0.0000
0.987 -0.354 9.700 0.0000 -1.0000 0.0000
0.458 -0.354 10.700 0.0000 -1.0000 0.0000
0.987 -0.354 10.700 0.0000 -1.0000 0.0000
0.458 -0.354 11.700 0.0000 -1.0000 0.0000
0.987 -0.354 11.700 0.0000 -1.0000 0.0000
0.458 -0.354 12.700 0.0000 -1.0000 0.0000
0.987 -0.354 12.700 0.0000 -1.0000 0.0000
0.458 -0.354 13.700 0.0000 -1.0000 0.0000
0.987 -0.354 13.700 0.0000 -1.0000 0.0000
0.458 -0.354 14.700 0.0000 -1.0000 0.0000
0.987 -0.354 14.700 0.0000 -1.0000 0.0000
0.458 -0.354 15.700 0.0000 -1.0000 0.0000
0.987 -0.354 15.700 0.0000 -1.0000 0.0000
0.458 -0.354 16.700 0.0000 -1.0000 0.0000
0.987 -0.354 16.700 0.0000 -1.0000 0.0000
0.458 -0.354 17.700 0.0000 -1.0000 0.0000
0.987 -0.354 17.700 0.0000 -1.0000 0.0000
0.458 -0.354 18.700 0.0000 -1.0000 0.0000
0.987 -0.354 18.700 0.0000 -1.0000 0.0000
0.458 -0.354 19.700 0.0000 -1.0000 0.0000
0.987 -0.354 19.700 0.0000 -1.0000 0.0000
0.458 -0.354 20.700 0.0000 -1.0000 0.0000
0.987 -0.354 20.700 0.0000 -1.0000 0.0000
0.458 -0.354 21.700 0.0000 -1.0000 0.0000
0.987 -0.354 21.700 0.0000 -1.0000 0.0000
0.458 -0.354 22.700 0.0000 -1.0000 0.0000
0.987 -0.354 22.700 0.0000 -1.0000 0.0000
0.458 -0.354 23.700 0.0000 -1.0000 0.0000
0.987 -0.354 23.700 0.0000 -1.0000 0.0000
0.458 -0.354 24.700 0.0000 -1.0000 0.0000
0.987 -0.354 24.700 0.0000 -1.0000 0.0000
0.458 -0.354 25.700 0.0000 -1.0000 0.0000
0.987 -0.354 25.700 0.0000 -1.0000 0.0000
0.445 -0.354 26.200 0.0000 -1.0000 0.0000
0.973 -0.354 26.200 0.0000 -1.0000 0.0000
0.439 -0.354 26.450 0.0000 -1.0000 0.0000
0.966 -0.354 26.450 0.0000 -1.0000 0.0000
0.432 -0.354 26.700 0.0000 -1.0000 0.0000
0.959 -0.354 26.700 0.0000 -1.0000 0.0000
0.430 -0.354 27.700 0.0000 -1.0000 0.0000
0.956 -0.354 27.700 0.0000 -1.0000 0.0000
0.426 -0.354 28.700 0.0000 -1.0000 0.0000
0.952 -0.354 28.700 0.0000 -1.0000 0.0000
0.424 -0.354 29.700 0.0000 -1.0000 0.0000
0.949 -0.354 29.700 0.0000 -1.0000 0.0000
0.421 -0.354 30.700 0.0000 -1.0000 0.0000
0.946 -0.354 30.700 0.0000 -1.0000 0.0000
0.418 -0.354 31.700 0.0000 -1.0000 0.0000
0.943 -0.354 31.700 0.0000 -1.0000 0.0000
0.415 -0.354 32.700 0.0000 -1.0000 0.0000
0.940 -0.354 32.700 0.0000 -1.0000 0.0000
0.414 -0.354 32.950 0.0000 -1.0000 0.0000
0.939 -0.354 32.950 0.0000 -1.0000 0.0000
0.412 -0.354 33.700 0.0000 -1.0000 0.0000
0.936 -0.354 33.700 0.0000 -1.0000 0.0000
0.412 -0.354 33.900 0.0000 -1.0000 0.0000
0.936 -0.354 33.900 0.0000 -1.0000 0.0000
-0.057 -0.354 -33.900 0.0000 -1.0000 0.0000
0.377 -0.354 -33.900 0.0000 -1.0000 0.0000
-0.057 -0.354 -33.300 0.0000 -1.0000 0.0000
0.377 -0.354 -33.300 0.0000 -1.0000 0.0000
-0.057 -0.354 -32.300 0.0000 -1.0000 0.0000
0.377 -0.354 -32.300 0.0000 -1.0000 0.0000
-0.028 -0.354 -31.300 0.0000 -1.0000 0.0000
0.409 -0.354 -31.300 0.0000 -1.0000 0.0000
0.008 -0.354 -30.300 0.0000 -1.0000 0.0000
0.448 -0.354 -30.300 0.0000 -1.0000 0.0000
0.048 -0.354 -29.300 0.0000 -1.0000 0.0000
0.492 -0.354 -29.300 0.0000 -1.0000 0.0000
0.090 -0.354 -28.300 0.0000 -1.0000 0.0000
0.538 -0.354 -28.300 0.0000 -1.0000 0.0000
0.133 -0.354 -27.300 0.0000 -1.0000 0.0000
0.584 -0.354 -27.300 0.0000 -1.0000 0.0000
0.176 -0.354 -26.300 0.0000 -1.0000 0.0000
0.632 -0.354 -26.300 0.0000 -1.0000 0.0000
0.225 -0.354 -25.300 0.0000 -1.0000 0.0000
0.684 -0.354 -25.300 0.0000 -1.0000 0.0000
0.277 -0.354 -24.300 0.0000 -1.0000 0.0000
0.742 -0.354 -24.300 0.0000 -1.0000 0.0000
0.335 -0.354 -23.300 0.0000 -1.0000 0.0000
0.805 -0.354 -23.300 0.0000 -1.0000 0.0000
0.397 -0.354 -22.300 0.0000 -1.0000 0.0000
0.872 -0.354 -22.300 0.0000 -1.0000 0.0000
0.460 -0.354 -21.300 0.0000 -1.0000 0.0000
0.941 -0.354 -21.300 0.0000 -1.0000 0.0000
0.535 -0.354 -20.300 0.0000 -1.0000 0.0000
1.023 -0.354 -20.300 0.0000 -1.0000 0.0000
0.610 -0.354 -19.300 0.0000 -1.0000 0.0000
1.104 -0.354 -19.300 0.0000 -1.0000 0.0000
0.685 -0.354 -18.300 0.0000 -1.0000 0.0000
1.187 -0.354 -18.300 0.0000 -1.0000 0.0000
0.760 -0.354 -17.300 0.0000 -1.0000 0.0000
1.269 -0.354 -17.300 0.0000 -1.0000 0.0000
0.836 -0.354 -16.300 0.0000 -1.0000 0.0000
1.351 -0.354 -16.300 0.0000 -1.0000 0.0000
0.911 -0.354 -15.300 0.0000 -1.0000 0.0000
1.434 -0.354 -15.300 0.0000 -1.0000 0.0000
0.987 -0.354 -14.300 0.0000 -1.0000 0.0000
1.516 -0.354 -14.300 0.0000 -1.0000 0.0000
0.987 -0.354 -13.950 0.0000 -1.0000 0.0000
1.516 -0.354 -13.950 0.0000 -1.0000 0.0000
0.987 -0.354 -13.300 0.0000 -1.0000 0.0000
1.516 -0.354 -13.300 0.0000 -1.0000 0.0000
0.987 -0.354 -12.300 0.0000 -1.0000 0.0000
1.516 -0.354 -12.300 0.0000 -1.0000 0.0000
0.987 -0.354 -11.300 0.0000 -1.0000 0.0000
1.516 -0.354 -11.300 0.0000 -1.0000 0.0000
0.987 -0.354 -10.300 0.0000 -1.0000 0.0000
1.516 -0.354 -10.300 0.0000 -1.0000 0.0000
0.987 -0.354 -9.300 0.0000 -1.0000 0.0000
1.516 -0.354 -9.300 0.0000 -1.0000 0.0000
0.987 -0.354 -8.300 0.0000 -1.0000 0.0000
1.516 -0.354 -8.300 0.0000 -1.0000 0.0000
0.987 -0.354 -7.450 0.0000 -1.0000 0.0000
1.516 -0.354 -7.450 0.0000 -1.0000 0.0000
0.987 -0.354 -7.350 0.0000 -1.0000 0.0000
1.516 -0.354 -7.350 0.0000 -1.0000 0.0000
0.987 -0.354 -7.300 0.0000 -1.0000 0.0000
1.516 -0.354 -7.300 0.0000 -1.0000 0.0000
0.987 -0.354 -6.300 0.0000 -1.0000 0.0000
1.516 -0.354 -6.300 0.0000 -1.0000 0.0000
0.987 -0.354 -5.800 0.0000 -1.0000 0.0000
1.516 -0.354 -5.800 0.0000 -1.0000 0.0000
0.987 -0.354 -5.300 0.0000 -1.0000 0.0000
1.516 -0.354 -5.300 0.0000 -1.0000 0.0000
0.987 -0.354 -4.300 0.0000 -1.0000 0.0000
1.516 -0.354 -4.300 0.0000 -1.0000 0.0000
0.987 -0.354 -3.300 0.0000 -1.0000 0.0000
1.516 -0.354 -3.300 0.0000 -1.0000 0.0000
0.987 -0.354 -2.300 0.0000 -1.0000 0.0000
1.516 -0.354 -2.300 0.0000 -1.0000 0.0000
0.987 -0.354 -1.300 0.0000 -1.0000 0.0000
1.516 -0.354 -1.300 0.0000 -1.0000 0.0000
0.987 -0.354 -0.300 0.0000 -1.0000 0.0000
1.516 -0.354 -0.300 0.0000 -1.0000 0.0000
0.987 -0.354 0.700 0.0000 -1.0000 0.0000
1.516 -0.354 0.700 0.0000 -1.0000 0.0000
0.987 -0.354 1.700 0.0000 -1.0000 0.0000
1.516 -0.354 1.700 0.0000 -1.0000 0.0000
0.987 -0.354 2.700 0.0000 -1.0000 0.0000
1.516 -0.354 2.700 0.0000 -1.0000 0.0000
0.987 -0.354 3.700 0.0000 -1.0000 0.0000
1.516 -0.354 3.700 0.0000 -1.0000 0.0000
0.987 -0.354 4.700 0.0000 -1.0000 0.0000
1.516 -0.354 4.700 0.0000 -1.0000 0.0000
0.987 -0.354 5.700 0.0000 -1.0000 0.0000
1.516 -0.354 5.700 0.0000 -1.0000 0.0000
0.987 -0.354 6.700 0.0000 -1.0000 0.0000
1.516 -0.354 6.700 0.0000 -1.0000 0.0000
0.987 -0.354 7.700 0.0000 -1.0000 0.0000
1.516 -0.354 7.700 0.0000 -1.0000 0.0000
0.987 -0.354 8.700 0.0000 -1.0000 0.0000
1.516 -0.354 8.700 0.0000 -1.0000 0.0000
0.987 -0.354 9.700 0.0000 -1.0000 0.0000
1.516 -0.354 9.700 0.0000 -1.0000 0.0000
0.987 -0.354 10.700 0.0000 -1.0000 0.0000
1.516 -0.354 10.700 0.0000 -1.0000 0.0000
0.987 -0.354 11.700 0.0000 -1.0000 0.0000
1.516 -0.354 11.700 0.0000 -1.0000 0.0000
0.987 -0.354 12.700 0.0000 -1.0000 0.0000
1.516 -0.354 12.700 0.0000 -1.0000 0.0000
0.987 -0.354 13.700 0.0000 -1.0000 0.0000
1.516 -0.354 13.700 0.0000 -1.0000 0.0000
0.987 -0.354 14.700 0.0000 -1.0000 0.0000
1.516 -0.354 14.700 0.0000 -1.0000 0.0000
0.987 -0.354 15.700 0.0000 -1.0000 0.0000
1.516 -0.354 15.700 0.0000 -1.0000 0.0000
0.987 -0.354 16.700 0.0000 -1.0000 0.0000
1.516 -0.354 16.700 0.0000 -1.0000 0.0000
0.987 -0.354 17.700 0.0000 -1.0000 0.0000
1.516 -0.354 17.700 0.0000 -1.0000 0.0000
0.987 -0.354 18.700 0.0000 -1.0000 0.0000
1.516 -0.354 18.700 0.0000 -1.0000 0.0000
0.987 -0.354 19.700 0.0000 -1.0000 0.0000
1.516 -0.354 19.700 0.0000 -1.0000 0.0000
0.987 -0.354 20.700 0.0000 -1.0000 0.0000
1.516 -0.354 20.700 0.0000 -1.0000 0.0000
0.987 -0.354 21.700 0.0000 -1.0000 0.0000
1.516 -0.354 21.700 0.0000 -1.0000 0.0000
0.987 -0.354 22.700 0.0000 -1.0000 0.0000
1.516 -0.354 22.700 0.0000 -1.0000 0.0000
0.987 -0.354 23.700 0.0000 -1.0000 0.0000
1.516 -0.354 23.700 0.0000 -1.0000 0.0000
0.987 -0.354 24.700 0.0000 -1.0000 0.0000
1.516 -0.354 24.700 0.0000 -1.0000 0.0000
0.987 -0.354 25.700 0.0000 -1.0000 0.0000
1.516 -0.354 25.700 0.0000 -1.0000 0.0000
0.973 -0.354 26.200 0.0000 -1.0000 0.0000
1.501 -0.354 26.200 0.0000 -1.0000 0.0000
0.966 -0.354 26.450 0.0000 -1.0000 0.0000
1.493 -0.354 26.450 0.0000 -1.0000 0.0000
0.959 -0.354 26.700 0.0000 -1.0000 0.0000
1.485 -0.354 26.700 0.0000 -1.0000 0.0000
0.956 -0.354 27.700 0.0000 -1.0000 0.0000
1.482 -0.354 27.700 0.0000 -1.0000 0.0000
0.952 -0.354 28.700 0.0000 -1.0000 0.0000
1.478 -0.354 28.700 0.0000 -1.0000 0.0000
0.949 -0.354 29.700 0.0000 -1.0000 0.0000
1.475 -0.354 29.700 0.0000 -1.0000 0.0000
0.946 -0.354 30.700 0.0000 -1.0000 0.0000
1.471 -0.354 30.700 0.0000 -1.0000 0.0000
0.943 -0.354 31.700 0.0000 -1.0000 0.0000
1.468 -0.354 31.700 0.0000 -1.0000 0.0000
0.940 -0.354 32.700 0.0000 -1.0000 0.0000
1.464 -0.354 32.700 0.0000 -1.0000 0.0000
0.939 -0.354 32.950 0.0000 -1.0000 0.0000
1.464 -0.354 32.950 0.0000 -1.0000 0.0000
0.936 -0.354 33.700 0.0000 -1.0000 0.0000
1.461 -0.354 33.700 0.0000 -1.0000 0.0000
0.936 -0.354 33.900 0.0000 -1.0000 0.0000
1.461 -0.354 33.900 0.0000 -1.0000 0.0000
0.377 -0.354 -33.900 0.0000 -1.0000 0.0000
0.811 -0.354 -33.900 0.0000 -1.0000 0.0000
0.377 -0.354 -33.300 0.0000 -1.0000 0.0000
0.811 -0.354 -33.300 0.0000 -1.0000 0.0000
0.377 -0.354 -32.300 0.0000 -1.0000 0.0000
0.811 -0.354 -32.300 0.0000 -1.0000 0.0000
0.409 -0.354 -31.300 0.0000 -1.0000 0.0000
0.845 -0.354 -31.300 0.0000 -1.0000 0.0000
0.448 -0.354 -30.300 0.0000 -1.0000 0.0000
0.888 -0.354 -30.300 0.0000 -1.0000 0.0000
0.492 -0.354 -29.300 0.0000 -1.0000 0.0000
0.935 -0.354 -29.300 0.0000 -1.0000 0.0000
0.538 -0.354 -28.300 0.0000 -1.0000 0.0000
0.985 -0.354 -28.300 0.0000 -1.0000 0.0000
0.584 -0.354 -27.300 0.0000 -1.0000 0.0000
1.035 -0.354 -27.300 0.0000 -1.0000 0.0000
0.632 -0.354 -26.300 0.0000 -1.0000 0.0000
1.087 -0.354 -26.300 0.0000 -1.0000 0.0000
0.684 -0.354 -25.300 0.0000 -1.0000 0.0000
1.144 -0.354 -25.300 0.0000 -1.0000 0.0000
0.742 -0.354 -24.300 0.0000 -1.0000 0.0000
1.206 -0.354 -24.300 0.0000 -1.0000 0.0000
0.805 -0.354 -23.300 0.0000 -1.0000 0.0000
1.274 -0.354 -23.300 0.0000 -1.0000 0.0000
0.872 -0.354 -22.300 0.0000 -1.0000 0.0000
1.348 -0.354 -22.300 0.0000 -1.0000 0.0000
0.941 -0.354 -21.300 0.0000 -1.0000 0.0000
1.422 -0.354 -21.300 0.0000 -1.0000 0.0000
1.023 -0.354 -20.300 0.0000 -1.0000 0.0000
1.511 -0.354 -20.300 0.0000 -1.0000 0.0000
1.104 -0.354 -19.300 0.0000 -1.0000 0.0000
1.599 -0.354 -19.300 0.0000 -1.0000 0.0000
1.187 -0.354 -18.300 0.0000 -1.0000 0.0000
1.688 -0.354 -18.300 0.0000 -1.0000 0.0000
1.269 -0.354 -17.300 0.0000 -1.0000 0.0000
1.777 -0.354 -17.300 0.0000 -1.0000 0.0000
1.351 -0.354 -16.300 0.0000 -1.0000 0.0000
1.867 -0.354 -16.300 0.0000 -1.0000 0.0000
1.434 -0.354 -15.300 0.0000 -1.0000 0.0000
1.956 -0.354 -15.300 0.0000 -1.0000 0.0000
1.516 -0.354 -14.300 0.0000 -1.0000 0.0000
2.045 -0.354 -14.300 0.0000 -1.0000 0.0000
1.516 -0.354 -13.950 0.0000 -1.0000 0.0000
2.045 -0.354 -13.950 0.0000 -1.0000 0.0000
1.516 -0.354 -13.300 0.0000 -1.0000 0.0000
2.045 -0.354 -13.300 0.0000 -1.0000 0.0000
1.516 -0.354 -12.300 0.0000 -1.0000 0.0000
2.045 -0.354 -12.300 0.0000 -1.0000 0.0000
1.516 -0.354 -11.300 0.0000 -1.0000 0.0000
2.045 -0.354 -11.300 0.0000 -1.0000 0.0000
1.516 -0.354 -10.300 0.0000 -1.0000 0.0000
2.045 -0.354 -10.300 0.0000 -1.0000 0.0000
1.516 -0.354 -9.300 0.0000 -1.0000 0.0000
2.045 -0.354 -9.300 0.0000 -1.0000 0.0000
1.516 -0.354 -8.300 0.0000 -1.0000 0.0000
2.045 -0.354 -8.300 0.0000 -1.0000 0.0000
1.516 -0.354 -7.450 0.0000 -1.0000 0.0000
2.045 -0.354 -7.450 0.0000 -1.0000 0.0000
1.516 -0.354 -7.350 0.0000 -1.0000 0.0000
2.045 -0.354 -7.350 0.0000 -1.0000 0.0000
1.516 -0.354 -7.300 0.0000 -1.0000 0.0000
2.045 -0.354 -7.300 0.0000 -1.0000 0.0000
1.516 -0.354 -6.300 0.0000 -1.0000 0.0000
2.045 -0.354 -6.300 0.0000 -1.0000 0.0000
1.516 -0.354 -5.800 0.0000 -1.0000 0.0000
2.045 -0.354 -5.800 0.0000 -1.0000 0.0000
1.516 -0.354 -5.300 0.0000 -1.0000 0.0000
2.045 -0.354 -5.300 0.0000 -1.0000 0.0000
1.516 -0.354 -4.300 0.0000 -1.0000 0.0000
2.045 -0.354 -4.300 0.0000 -1.0000 0.0000
1.516 -0.354 -3.300 0.0000 -1.0000 0.0000
2.045 -0.354 -3.300 0.0000 -1.0000 0.0000
1.516 -0.354 -2.300 0.0000 -1.0000 0.0000
2.045 -0.354 -2.300 0.0000 -1.0000 0.0000
1.516 -0.354 -1.300 0.0000 -1.0000 0.0000
2.045 -0.354 -1.300 0.0000 -1.0000 0.0000
1.516 -0.354 -0.300 0.0000 -1.0000 0.0000
2.045 -0.354 -0.300 0.0000 -1.0000 0.0000
1.516 -0.354 0.700 0.0000 -1.0000 0.0000
2.045 -0.354 0.700 0.0000 -1.0000 0.0000
1.516 -0.354 1.700 0.0000 -1.0000 0.0000
2.045 -0.354 1.700 0.0000 -1.0000 0.0000
1.516 -0.354 2.700 0.0000 -1.0000 0.0000
2.045 -0.354 2.700 0.0000 -1.0000 0.0000
1.516 -0.354 3.700 0.0000 -1.0000 0.0000
2.045 -0.354 3.700 0.0000 -1.0000 0.0000
1.516 -0.354 4.700 0.0000 -1.0000 0.0000
2.045 -0.354 4.700 0.0000 -1.0000 0.0000
1.516 -0.354 5.700 0.0000 -1.0000 0.0000
2.045 -0.354 5.700 0.0000 -1.0000 0.0000
1.516 -0.354 6.700 0.0000 -1.0000 0.0000
2.045 -0.354 6.700 0.0000 -1.0000 0.0000
1.516 -0.354 7.700 0.0000 -1.0000 0.0000
2.045 -0.354 7.700 0.0000 -1.0000 0.0000
1.516 -0.354 8.700 0.0000 -1.0000 0.0000
2.045 -0.354 8.700 0.0000 -1.0000 0.0000
1.516 -0.354 9.700 0.0000 -1.0000 0.0000
2.045 -0.354 9.700 0.0000 -1.0000 0.0000
1.516 -0.354 10.700 0.0000 -1.0000 0.0000
2.045 -0.354 10.700 0.0000 -1.0000 0.0000
1.516 -0.354 11.700 0.0000 -1.0000 0.0000
2.045 -0.354 11.700 0.0000 -1.0000 0.0000
1.516 -0.354 12.700 0.0000 -1.0000 0.0000
2.045 -0.354 12.700 0.0000 -1.0000 0.0000
1.516 -0.354 13.700 0.0000 -1.0000 0.0000
2.045 -0.354 13.700 0.0000 -1.0000 0.0000
1.516 -0.354 14.700 0.0000 -1.0000 0.0000
2.045 -0.354 14.700 0.0000 -1.0000 0.0000
1.516 -0.354 15.700 0.0000 -1.0000 0.0000
2.045 -0.354 15.700 0.0000 -1.0000 0.0000
1.516 -0.354 16.700 0.0000 -1.0000 0.0000
2.045 -0.354 16.700 0.0000 -1.0000 0.0000
1.516 -0.354 17.700 0.0000 -1.0000 0.0000
2.045 -0.354 17.700 0.0000 -1.0000 0.0000
1.516 -0.354 18.700 0.0000 -1.0000 0.0000
2.045 -0.354 18.700 0.0000 -1.0000 0.0000
1.516 -0.354 19.700 0.0000 -1.0000 0.0000
2.045 -0.354 19.700 0.0000 -1.0000 0.0000
1.516 -0.354 20.700 0.0000 -1.0000 0.0000
2.045 -0.354 20.700 0.0000 -1.0000 0.0000
1.516 -0.354 21.700 0.0000 -1.0000 0.0000
2.045 -0.354 21.700 0.0000 -1.0000 0.0000
1.516 -0.354 22.700 0.0000 -1.0000 0.0000
2.045 -0.354 22.700 0.0000 -1.0000 0.0000
1.516 -0.354 23.700 0.0000 -1.0000 0.0000
2.045 -0.354 23.700 0.0000 -1.0000 0.0000
1.516 -0.354 24.700 0.0000 -1.0000 0.0000
2.045 -0.354 24.700 0.0000 -1.0000 0.0000
1.516 -0.354 25.700 0.0000 -1.0000 0.0000
2.045 -0.354 25.700 0.0000 -1.0000 0.0000
1.501 -0.354 26.200 0.0000 -1.0000 0.0000
2.029 -0.354 26.200 0.0000 -1.0000 0.0000
1.493 -0.354 26.450 0.0000 -1.0000 0.0000
2.020 -0.354 26.450 0.0000 -1.0000 0.0000
1.485 -0.354 26.700 0.0000 -1.0000 0.0000
2.012 -0.354 26.700 0.0000 -1.0000 0.0000
1.482 -0.354 27.700 0.0000 -1.0000 0.0000
2.008 -0.354 27.700 0.0000 -1.0000 0.0000
1.478 -0.354 28.700 0.0000 -1.0000 0.0000
2.004 -0.354 28.700 0.0000 -1.0000 0.0000
1.475 -0.354 29.700 0.0000 -1.0000 0.0000
2.000 -0.354 29.700 0.0000 -1.0000 0.0000
1.471 -0.354 30.700 0.0000 -1.0000 0.0000
1.997 -0.354 30.700 0.0000 -1.0000 0.0000
1.468 -0.354 31.700 0.0000 -1.0000 0.0000
1.993 -0.354 31.700 0.0000 -1.0000 0.0000
1.464 -0.354 32.700 0.0000 -1.0000 0.0000
1.989 -0.354 32.700 0.0000 -1.0000 0.0000
1.464 -0.354 32.950 0.0000 -1.0000 0.0000
1.988 -0.354 32.950 0.0000 -1.0000 0.0000
1.461 -0.354 33.700 0.0000 -1.0000 0.0000
1.985 -0.354 33.700 0.0000 -1.0000 0.0000
1.461 -0.354 33.900 0.0000 -1.0000 0.0000
1.985 -0.354 33.900 0.0000 -1.0000 0.0000
0.811 -0.354 -33.900 0.0000 -1.0000 0.0000
1.245 -0.347 -33.900 0.0544 -0.9985 0.0000
0.811 -0.354 -33.300 0.0000 -1.0000 0.0000
1.245 -0.347 -33.300 0.0544 -0.9985 0.0000
0.811 -0.354 -32.300 0.0000 -1.0000 0.0000
1.245 -0.347 -32.300 0.0544 -0.9985 -0.0051
0.845 -0.354 -31.300 0.0000 -1.0000 0.0000
1.282 -0.350 -31.300 0.0541 -0.9985 -0.0063
0.888 -0.354 -30.300 0.0000 -1.0000 0.0000
1.328 -0.354 -30.300 0.0308 -0.9995 -0.0020
0.935 -0.354 -29.300 0.0000 -1.0000 0.0000
1.379 -0.354 -29.300 0.0000 -1.0000 0.0000
0.985 -0.354 -28.300 0.0000 -1.0000 0.0000
1.433 -0.354 -28.300 0.0000 -1.0000 0.0000
1.035 -0.354 -27.300 0.0000 -1.0000 0.0000
1.487 -0.354 -27.300 0.0000 -1.0000 0.0000
1.087 -0.354 -26.300 0.0000 -1.0000 0.0000
1.543 -0.354 -26.300 0.0000 -1.0000 0.0000
1.144 -0.354 -25.300 0.0000 -1.0000 0.0000
1.604 -0.354 -25.300 0.0000 -1.0000 0.0000
1.206 -0.354 -24.300 0.0000 -1.0000 0.0000
1.671 -0.354 -24.300 0.0000 -1.0000 0.0000
1.274 -0.354 -23.300 0.0000 -1.0000 0.0000
1.744 -0.354 -23.300 0.0000 -1.0000 0.0000
1.348 -0.354 -22.300 0.0000 -1.0000 0.0000
1.823 -0.354 -22.300 0.0000 -1.0000 0.0000
1.422 -0.354 -21.300 0.0000 -1.0000 0.0000
1.903 -0.354 -21.300 0.0000 -1.0000 0.0000
1.511 -0.354 -20.300 0.0000 -1.0000 0.0000
1.999 -0.354 -20.300 0.0000 -1.0000 0.0000
1.599 -0.354 -19.300 0.0000 -1.0000 0.0000
2.094 -0.354 -19.300 0.0000 -1.0000 0.0000
1.688 -0.354 -18.300 0.0000 -1.0000 0.0000
2.190 -0.354 -18.300 0.0000 -1.0000 0.0000
1.777 -0.354 -17.300 0.0000 -1.0000 0.0000
2.286 -0.354 -17.300 0.0000 -1.0000 0.0000
1.867 -0.354 -16.300 0.0000 -1.0000 0.0000
2.382 -0.354 -16.300 0.0000 -1.0000 0.0000
1.956 -0.354 -15.300 0.0000 -1.0000 0.0000
2.478 -0.354 -15.300 0.0000 -1.0000 0.0000
2.045 -0.354 -14.300 0.0000 -1.0000 0.0000
2.574 -0.354 -14.300 0.0000 -1.0000 0.0000
2.045 -0.354 -13.950 0.0000 -1.0000 0.0000
2.574 -0.354 -13.950 0.0000 -1.0000 0.0000
2.045 -0.354 -13.300 0.0000 -1.0000 0.0000
2.574 -0.354 -13.300 0.0000 -1.0000 0.0000
2.045 -0.354 -12.300 0.0000 -1.0000 0.0000
2.574 -0.354 -12.300 0.0000 -1.0000 0.0000
2.045 -0.354 -11.300 0.0000 -1.0000 0.0000
2.574 -0.354 -11.300 0.0000 -1.0000 0.0000
2.045 -0.354 -10.300 0.0000 -1.0000 0.0000
2.574 -0.354 -10.300 0.0000 -1.0000 0.0000
2.045 -0.354 -9.300 0.0000 -1.0000 0.0000
2.574 -0.354 -9.300 0.0000 -1.0000 0.0000
2.045 -0.354 -8.300 0.0000 -1.0000 0.0000
2.574 -0.354 -8.300 0.0000 -1.0000 0.0000
2.045 -0.354 -7.450 0.0000 -1.0000 0.0000
2.574 -0.354 -7.450 0.0000 -1.0000 0.0000
2.045 -0.354 -7.350 0.0000 -1.0000 0.0000
2.574 -0.354 -7.350 0.0000 -1.0000 0.0000
2.045 -0.354 -7.300 0.0000 -1.0000 0.0000
2.574 -0.354 -7.300 0.0000 -1.0000 0.0000
2.045 -0.354 -6.300 0.0000 -1.0000 0.0000
2.574 -0.354 -6.300 0.0000 -1.0000 0.0000
2.045 -0.354 -5.800 0.0000 -1.0000 0.0000
2.574 -0.354 -5.800 0.0000 -1.0000 0.0000
2.045 -0.354 -5.300 0.0000 -1.0000 0.0000
2.574 -0.354 -5.300 0.0000 -1.0000 0.0000
2.045 -0.354 -4.300 0.0000 -1.0000 0.0000
2.574 -0.354 -4.300 0.0000 -1.0000 0.0000
2.045 -0.354 -3.300 0.0000 -1.0000 0.0000
2.574 -0.354 -3.300 0.0000 -1.0000 0.0000
2.045 -0.354 -2.300 0.0000 -1.0000 0.0000
2.574 -0.354 -2.300 0.0000 -1.0000 0.0000
2.045 -0.354 -1.300 0.0000 -1.0000 0.0000
2.574 -0.354 -1.300 0.0000 -1.0000 0.0000
2.045 -0.354 -0.300 0.0000 -1.0000 0.0000
2.574 -0.354 -0.300 0.0000 -1.0000 0.0000
2.045 -0.354 0.700 0.0000 -1.0000 0.0000
2.574 -0.354 0.700 0.0000 -1.0000 0.0000
2.045 -0.354 1.700 0.0000 -1.0000 0.0000
2.574 -0.354 1.700 0.0000 -1.0000 0.0000
2.045 -0.354 2.700 0.0000 -1.0000 0.0000
2.574 -0.354 2.700 0.0000 -1.0000 0.0000
2.045 -0.354 3.700 0.0000 -1.0000 0.0000
2.574 -0.354 3.700 0.0000 -1.0000 0.0000
2.045 -0.354 4.700 0.0000 -1.0000 0.0000
2.574 -0.354 4.700 0.0000 -1.0000 0.0000
2.045 -0.354 5.700 0.0000 -1.0000 0.0000
2.574 -0.354 5.700 0.0000 -1.0000 0.0000
2.045 -0.354 6.700 0.0000 -1.0000 0.0000
2.574 -0.354 6.700 0.0000 -1.0000 0.0000
2.045 -0.354 7.700 0.0000 -1.0000 0.0000
2.574 -0.354 7.700 0.0000 -1.0000 0.0000
2.045 -0.354 8.700 0.0000 -1.0000 0.0000
2.574 -0.354 8.700 0.0000 -1.0000 0.0000
2.045 -0.354 9.700 0.0000 -1.0000 0.0000
2.574 -0.354 9.700 0.0000 -1.0000 0.0000
2.045 -0.354 10.700 0.0000 -1.0000 0.0000
2.574 -0.354 10.700 0.0000 -1.0000 0.0000
2.045 -0.354 11.700 0.0000 -1.0000 0.0000
2.574 -0.354 11.700 0.0000 -1.0000 0.0000
2.045 -0.354 12.700 0.0000 -1.0000 0.0000
2.574 -0.354 12.700 0.0000 -1.0000 0.0000
2.045 -0.354 13.700 0.0000 -1.0000 0.0000
2.574 -0.354 13.700 0.0000 -1.0000 0.0000
2.045 -0.354 14.700 0.0000 -1.0000 0.0000
2.574 -0.354 14.700 0.0000 -1.0000 0.0000
2.045 -0.354 15.700 0.0000 -1.0000 0.0000
2.574 -0.354 15.700 0.0000 -1.0000 0.0000
2.045 -0.354 16.700 0.0000 -1.0000 0.0000
2.574 -0.354 16.700 0.0000 -1.0000 0.0000
2.045 -0.354 17.700 0.0000 -1.0000 0.0000
2.574 -0.354 17.700 0.0000 -1.0000 0.0000
2.045 -0.354 18.700 0.0000 -1.0000 0.0000
2.574 -0.354 18.700 0.0000 -1.0000 0.0000
2.045 -0.354 19.700 0.0000 -1.0000 0.0000
2.574 -0.354 19.700 0.0000 -1.0000 0.0000
2.045 -0.354 20.700 0.0000 -1.0000 0.0000
2.574 -0.354 20.700 0.0000 -1.0000 0.0000
2.045 -0.354 21.700 0.0000 -1.0000 0.0000
2.574 -0.354 21.700 0.0000 -1.0000 0.0000
2.045 -0.354 22.700 0.0000 -1.0000 0.0000
2.574 -0.354 22.700 0.0000 -1.0000 0.0000
2.045 -0.354 23.700 0.0000 -1.0000 0.0000
2.574 -0.354 23.700 0.0000 -1.0000 0.0000
2.045 -0.354 24.700 0.0000 -1.0000 0.0000
2.574 -0.354 24.700 0.0000 -1.0000 0.0000
2.045 -0.354 25.700 0.0000 -1.0000 0.0000
2.574 -0.354 25.700 0.0000 -1.0000 0.0000
2.029 -0.354 26.200 0.0000 -1.0000 0.0000
2.556 -0.354 26.200 0.0000 -1.0000 0.0000
2.020 -0.354 26.450 0.0000 -1.0000 0.0000
2.547 -0.354 26.450 0.0000 -1.0000 0.0000
2.012 -0.354 26.700 0.0000 -1.0000 0.0000
2.538 -0.354 26.700 0.0000 -1.0000 0.0000
2.008 -0.354 27.700 0.0000 -1.0000 0.0000
2.534 -0.354 27.700 0.0000 -1.0000 0.0000
2.004 -0.354 28.700 0.0000 -1.0000 0.0000
2.530 -0.354 28.700 0.0000 -1.0000 0.0000
2.000 -0.354 29.700 0.0000 -1.0000 0.0000
2.526 -0.354 29.700 0.0000 -1.0000 0.0000
1.997 -0.354 30.700 0.0000 -1.0000 0.0000
2.522 -0.354 30.700 0.0000 -1.0000 0.0000
1.993 -0.354 31.700 0.0000 -1.0000 0.0000
2.518 -0.354 31.700 0.0000 -1.0000 0.0000
1.989 -0.354 32.700 0.0000 -1.0000 0.0000
2.514 -0.354 32.700 0.0000 -1.0000 0.0000
1.988 -0.354 32.950 0.0000 -1.0000 0.0000
2.513 -0.354 32.950 0.0000 -1.0000 0.0000
1.985 -0.354 33.700 0.0000 -1.0000 0.0000
2.510 -0.354 33.700 0.0000 -1.0000 0.0000
1.985 -0.354 33.900 0.0000 -1.0000 0.0000
2.510 -0.354 33.900 0.0000 -1.0000 0.0000
1.245 -0.347 -33.900 0.0544 -0.9985 0.0000
1.673 -0.282 -33.900 0.2686 -0.9633 0.0000
1.245 -0.347 -33.300 0.0544 -0.9985 0.0000
1.673 -0.282 -33.300 0.2686 -0.9633 0.0000
1.245 -0.347 -32.300 0.0544 -0.9985 -0.0051
1.673 -0.282 -32.300 0.2685 -0.9630 -0.0250
1.282 -0.350 -31.300 0.0541 -0.9985 -0.0063
1.715 -0.296 -31.300 0.2673 -0.9631 -0.0308
1.328 -0.354 -30.300 0.0308 -0.9995 -0.0020
1.765 -0.309 -30.300 0.1608 -0.9868 -0.0210
1.379 -0.354 -29.300 0.0000 -1.0000 0.0000
1.821 -0.321 -29.300 0.1598 -0.9869 -0.0218
1.433 -0.354 -28.300 0.0000 -1.0000 0.0000
1.879 -0.333 -28.300 0.1588 -0.9871 -0.0216
1.487 -0.354 -27.300 0.0000 -1.0000 0.0000
1.938 -0.343 -27.300 0.0528 -0.9986 -0.0075
1.543 -0.354 -26.300 0.0000 -1.0000 0.0000
1.998 -0.347 -26.300 0.0524 -0.9986 -0.0081
1.604 -0.354 -25.300 0.0000 -1.0000 0.0000
2.064 -0.352 -25.300 0.0521 -0.9986 -0.0088
1.671 -0.354 -24.300 0.0000 -1.0000 0.0000
2.136 -0.354 -24.300 0.0000 -1.0000 0.0000
1.744 -0.354 -23.300 0.0000 -1.0000 0.0000
2.214 -0.354 -23.300 0.0000 -1.0000 0.0000
1.823 -0.354 -22.300 0.0000 -1.0000 0.0000
2.299 -0.354 -22.300 0.0000 -1.0000 0.0000
1.903 -0.354 -21.300 0.0000 -1.0000 0.0000
2.385 -0.354 -21.300 0.0000 -1.0000 0.0000
1.999 -0.354 -20.300 0.0000 -1.0000 0.0000
2.487 -0.354 -20.300 0.0000 -1.0000 0.0000
2.094 -0.354 -19.300 0.0000 -1.0000 0.0000
2.589 -0.354 -19.300 0.0000 -1.0000 0.0000
2.190 -0.354 -18.300 0.0000 -1.0000 0.0000
2.691 -0.354 -18.300 0.0000 -1.0000 0.0000
2.286 -0.354 -17.300 0.0000 -1.0000 0.0000
2.794 -0.354 -17.300 0.0000 -1.0000 0.0000
2.382 -0.354 -16.300 0.0000 -1.0000 0.0000
2.897 -0.354 -16.300 0.0000 -1.0000 0.0000
2.478 -0.354 -15.300 0.0000 -1.0000 0.0000
3.000 -0.354 -15.300 0.0000 -1.0000 0.0000
2.574 -0.354 -14.300 0.0000 -1.0000 0.0000
3.104 -0.354 -14.300 0.0000 -1.0000 0.0000
2.574 -0.354 -13.950 0.0000 -1.0000 0.0000
3.104 -0.354 -13.950 0.0000 -1.0000 0.0000
2.574 -0.354 -13.300 0.0000 -1.0000 0.0000
3.104 -0.354 -13.300 0.0000 -1.0000 0.0000
2.574 -0.354 -12.300 0.0000 -1.0000 0.0000
3.104 -0.354 -12.300 0.0000 -1.0000 0.0000
2.574 -0.354 -11.300 0.0000 -1.0000 0.0000
3.104 -0.354 -11.300 0.0000 -1.0000 0.0000
2.574 -0.354 -10.300 0.0000 -1.0000 0.0000
3.104 -0.354 -10.300 0.0000 -1.0000 0.0000
2.574 -0.354 -9.300 0.0000 -1.0000 0.0000
3.104 -0.354 -9.300 0.0000 -1.0000 0.0000
2.574 -0.354 -8.300 0.0000 -1.0000 0.0000
3.104 -0.354 -8.300 0.0000 -1.0000 0.0000
2.574 -0.354 -7.450 0.0000 -1.0000 0.0000
3.104 -0.354 -7.450 0.0000 -1.0000 0.0000
2.574 -0.354 -7.350 0.0000 -1.0000 0.0000
3.104 -0.354 -7.350 0.0000 -1.0000 0.0000
2.574 -0.354 -7.300 0.0000 -1.0000 0.0000
3.104 -0.354 -7.300 0.0000 -1.0000 0.0000
2.574 -0.354 -6.300 0.0000 -1.0000 0.0000
3.104 -0.354 -6.300 0.0000 -1.0000 0.0000
2.574 -0.354 -5.800 0.0000 -1.0000 0.0000
3.104 -0.354 -5.800 0.0000 -1.0000 0.0000
2.574 -0.354 -5.300 0.0000 -1.0000 0.0000
3.104 -0.354 -5.300 0.0000 -1.0000 0.0000
2.574 -0.354 -4.300 0.0000 -1.0000 0.0000
3.104 -0.354 -4.300 0.0000 -1.0000 0.0000
2.574 -0.354 -3.300 0.0000 -1.0000 0.0000
3.104 -0.354 -3.300 0.0000 -1.0000 0.0000
2.574 -0.354 -2.300 0.0000 -1.0000 0.0000
3.104 -0.354 -2.300 0.0000 -1.0000 0.0000
2.574 -0.354 -1.300 0.0000 -1.0000 0.0000
3.104 -0.354 -1.300 0.0000 -1.0000 0.0000
2.574 -0.354 -0.300 0.0000 -1.0000 0.0000
3.104 -0.354 -0.300 0.0000 -1.0000 0.0000
2.574 -0.354 0.700 0.0000 -1.0000 0.0000
3.104 -0.354 0.700 0.0000 -1.0000 0.0000
2.574 -0.354 1.700 0.0000 -1.0000 0.0000
3.104 -0.354 1.700 0.0000 -1.0000 0.0000
2.574 -0.354 2.700 0.0000 -1.0000 0.0000
3.104 -0.354 2.700 0.0000 -1.0000 0.0000
2.574 -0.354 3.700 0.0000 -1.0000 0.0000
3.104 -0.354 3.700 0.0000 -1.0000 0.0000
2.574 -0.354 4.700 0.0000 -1.0000 0.0000
3.104 -0.354 4.700 0.0000 -1.0000 0.0000
2.574 -0.354 5.700 0.0000 -1.0000 0.0000
3.104 -0.354 5.700 0.0000 -1.0000 0.0000
2.574 -0.354 6.700 0.0000 -1.0000 0.0000
3.104 -0.354 6.700 0.0000 -1.0000 0.0000
2.574 -0.354 7.700 0.0000 -1.0000 0.0000
3.104 -0.354 7.700 0.0000 -1.0000 0.0000
2.574 -0.354 8.700 0.0000 -1.0000 0.0000
3.104 -0.354 8.700 0.0000 -1.0000 0.0000
2.574 -0.354 9.700 0.0000 -1.0000 0.0000
3.104 -0.354 9.700 0.0000 -1.0000 0.0000
2.574 -0.354 10.700 0.0000 -1.0000 0.0000
3.104 -0.354 10.700 0.0000 -1.0000 0.0000
2.574 -0.354 11.700 0.0000 -1.0000 0.0000
3.104 -0.354 11.700 0.0000 -1.0000 0.0000
2.574 -0.354 12.700 0.0000 -1.0000 0.0000
3.104 -0.354 12.700 0.0000 -1.0000 0.0000
2.574 -0.354 13.700 0.0000 -1.0000 0.0000
3.104 -0.354 13.700 0.0000 -1.0000 0.0000
2.574 -0.354 14.700 0.0000 -1.0000 0.0000
3.104 -0.354 14.700 0.0000 -1.0000 0.0000
2.574 -0.354 15.700 0.0000 -1.0000 0.0000
3.104 -0.354 15.700 0.0000 -1.0000 0.0000
2.574 -0.354 16.700 0.0000 -1.0000 0.0000
3.104 -0.354 16.700 0.0000 -1.0000 0.0000
2.574 -0.354 17.700 0.0000 -1.0000 0.0000
3.104 -0.354 17.700 0.0000 -1.0000 0.0000
2.574 -0.354 18.700 0.0000 -1.0000 0.0000
3.104 -0.354 18.700 0.0000 -1.0000 0.0000
2.574 -0.354 19.700 0.0000 -1.0000 0.0000
3.104 -0.354 19.700 0.0000 -1.0000 0.0000
2.574 -0.354 20.700 0.0000 -1.0000 0.0000
3.104 -0.354 20.700 0.0000 -1.0000 0.0000
2.574 -0.354 21.700 0.0000 -1.0000 0.0000
3.104 -0.354 21.700 0.0000 -1.0000 0.0000
2.574 -0.354 22.700 0.0000 -1.0000 0.0000
3.104 -0.354 22.700 0.0000 -1.0000 0.0000
2.574 -0.354 23.700 0.0000 -1.0000 0.0000
3.104 -0.354 23.700 0.0000 -1.0000 0.0000
2.574 -0.354 24.700 0.0000 -1.0000 0.0000
3.104 -0.354 24.700 0.0000 -1.0000 0.0000
2.574 -0.354 25.700 0.0000 -1.0000 0.0000
3.104 -0.354 25.700 0.0000 -1.0000 0.0000
2.556 -0.354 26.200 0.0000 -1.0000 0.0000
3.084 -0.354 26.200 0.0000 -1.0000 0.0000
2.547 -0.354 26.450 0.0000 -1.0000 0.0000
3.075 -0.354 26.450 0.0000 -1.0000 0.0000
2.538 -0.354 26.700 0.0000 -1.0000 0.0000
3.065 -0.354 26.700 0.0000 -1.0000 0.0000
2.534 -0.354 27.700 0.0000 -1.0000 0.0000
3.061 -0.354 27.700 0.0000 -1.0000 0.0000
2.530 -0.354 28.700 0.0000 -1.0000 0.0000
3.056 -0.354 28.700 0.0000 -1.0000 0.0000
2.526 -0.354 29.700 0.0000 -1.0000 0.0000
3.052 -0.354 29.700 0.0000 -1.0000 0.0000
2.522 -0.354 30.700 0.0000 -1.0000 0.0000
3.047 -0.354 30.700 0.0000 -1.0000 0.0000
2.518 -0.354 31.700 0.0000 -1.0000 0.0000
3.043 -0.354 31.700 0.0000 -1.0000 0.0000
2.514 -0.354 32.700 0.0000 -1.0000 0.0000
3.039 -0.354 32.700 0.0000 -1.0000 0.0000
2.513 -0.354 32.950 0.0000 -1.0000 0.0000
3.038 -0.354 32.950 0.0000 -1.0000 0.0000
2.510 -0.354 33.700 0.0000 -1.0000 0.0000
3.034 -0.354 33.700 0.0000 -1.0000 0.0000
2.510 -0.354 33.900 0.0000 -1.0000 0.0000
3.034 -0.354 33.900 0.0000 -1.0000 0.0000
1.673 -0.282 -33.900 0.2686 -0.9633 0.0000
2.082 -0.138 -33.900 0.4520 -0.8920 0.0000
1.673 -0.282 -33.300 0.2686 -0.9633 0.0000
2.082 -0.138 -33.300 0.4520 -0.8920 0.0000
1.673 -0.282 -32.300 0.2685 -0.9630 -0.0250
2.082 -0.138 -32.300 0.4516 -0.8913 -0.0413
1.715 -0.296 -31.300 0.2673 -0.9631 -0.0308
2.128 -0.158 -31.300 0.3696 -0.9282 -0.0430
1.765 -0.309 -30.300 0.1608 -0.9868 -0.0210
2.185 -0.182 -30.300 0.3676 -0.9288 -0.0478
1.821 -0.321 -29.300 0.1598 -0.9869 -0.0218
2.249 -0.208 -29.300 0.3654 -0.9295 -0.0498
1.879 -0.333 -28.300 0.1588 -0.9871 -0.0216
2.315 -0.235 -28.300 0.3540 -0.9341 -0.0458
1.938 -0.343 -27.300 0.0528 -0.9986 -0.0075
2.380 -0.256 -27.300 0.2609 -0.9647 -0.0367
1.998 -0.347 -26.300 0.0524 -0.9986 -0.0081
2.446 -0.276 -26.300 0.2591 -0.9650 -0.0400
2.064 -0.352 -25.300 0.0521 -0.9986 -0.0088
2.519 -0.298 -25.300 0.2573 -0.9654 -0.0431
2.136 -0.354 -24.300 0.0000 -1.0000 0.0000
2.598 -0.315 -24.300 0.1543 -0.9876 -0.0283
2.214 -0.354 -23.300 0.0000 -1.0000 0.0000
2.683 -0.330 -23.300 0.1530 -0.9878 -0.0301
2.299 -0.354 -22.300 0.0000 -1.0000 0.0000
2.774 -0.343 -22.300 0.0507 -0.9987 -0.0102
2.385 -0.354 -21.300 0.0000 -1.0000 0.0000
2.866 -0.349 -21.300 0.0503 -0.9987 -0.0119
2.487 -0.354 -20.300 0.0000 -1.0000 0.0000
2.975 -0.354 -20.300 0.0000 -1.0000 0.0000
2.589 -0.354 -19.300 0.0000 -1.0000 0.0000
3.083 -0.354 -19.300 0.0000 -1.0000 0.0000
2.691 -0.354 -18.300 0.0000 -1.0000 0.0000
3.193 -0.354 -18.300 0.0000 -1.0000 0.0000
2.794 -0.354 -17.300 0.0000 -1.0000 0.0000
3.303 -0.354 -17.300 0.0000 -1.0000 0.0000
2.897 -0.354 -16.300 0.0000 -1.0000 0.0000
3.413 -0.354 -16.300 0.0000 -1.0000 0.0000
3.000 -0.354 -15.300 0.0000 -1.0000 0.0000
3.522 -0.354 -15.300 0.0000 -1.0000 0.0000
3.104 -0.354 -14.300 0.0000 -1.0000 0.0000
3.633 -0.354 -14.300 0.0000 -1.0000 0.0000
3.104 -0.354 -13.950 0.0000 -1.0000 0.0000
3.633 -0.354 -13.950 0.0000 -1.0000 0.0000
3.104 -0.354 -13.300 0.0000 -1.0000 0.0000
3.633 -0.354 -13.300 0.0000 -1.0000 0.0000
3.104 -0.354 -12.300 0.0000 -1.0000 0.0000
3.633 -0.354 -12.300 0.0000 -1.0000 0.0000
3.104 -0.354 -11.300 0.0000 -1.0000 0.0000
3.633 -0.354 -11.300 0.0000 -1.0000 0.0000
3.104 -0.354 -10.300 0.0000 -1.0000 0.0000
3.633 -0.354 -10.300 0.0000 -1.0000 0.0000
3.104 -0.354 -9.300 0.0000 -1.0000 0.0000
3.633 -0.354 -9.300 0.0000 -1.0000 0.0000
3.104 -0.354 -8.300 0.0000 -1.0000 0.0000
3.633 -0.354 -8.300 0.0000 -1.0000 0.0000
3.104 -0.354 -7.450 0.0000 -1.0000 0.0000
3.633 -0.354 -7.450 0.0000 -1.0000 0.0000
3.104 -0.354 -7.350 0.0000 -1.0000 0.0000
3.633 -0.354 -7.350 0.0000 -1.0000 0.0000
3.104 -0.354 -7.300 0.0000 -1.0000 0.0000
3.633 -0.354 -7.300 0.0000 -1.0000 0.0000
3.104 -0.354 -6.300 0.0000 -1.0000 0.0000
3.633 -0.354 -6.300 0.0000 -1.0000 0.0000
3.104 -0.354 -5.800 0.0000 -1.0000 0.0000
3.633 -0.354 -5.800 0.0000 -1.0000 0.0000
3.104 -0.354 -5.300 0.0000 -1.0000 0.0000
3.633 -0.354 -5.300 0.0000 -1.0000 0.0000
3.104 -0.354 -4.300 0.0000 -1.0000 0.0000
3.633 -0.354 -4.300 0.0000 -1.0000 0.0000
3.104 -0.354 -3.300 0.0000 -1.0000 0.0000
3.633 -0.354 -3.300 0.0000 -1.0000 0.0000
3.104 -0.354 -2.300 0.0000 -1.0000 0.0000
3.633 -0.354 -2.300 0.0000 -1.0000 0.0000
3.104 -0.354 -1.300 0.0000 -1.0000 0.0000
3.633 -0.354 -1.300 0.0000 -1.0000 0.0000
3.104 -0.354 -0.300 0.0000 -1.0000 0.0000
3.633 -0.354 -0.300 0.0000 -1.0000 0.0000
3.104 -0.354 0.700 0.0000 -1.0000 0.0000
3.633 -0.354 0.700 0.0000 -1.0000 0.0000
3.104 -0.354 1.700 0.0000 -1.0000 0.0000
3.633 -0.354 1.700 0.0000 -1.0000 0.0000
3.104 -0.354 2.700 0.0000 -1.0000 0.0000
3.633 -0.354 2.700 0.0000 -1.0000 0.0000
3.104 -0.354 3.700 0.0000 -1.0000 0.0000
3.633 -0.354 3.700 0.0000 -1.0000 0.0000
3.104 -0.354 4.700 0.0000 -1.0000 0.0000
3.633 -0.354 4.700 0.0000 -1.0000 0.0000
3.104 -0.354 5.700 0.0000 -1.0000 0.0000
3.633 -0.354 5.700 0.0000 -1.0000 0.0000
3.104 -0.354 6.700 0.0000 -1.0000 0.0000
3.633 -0.354 6.700 0.0000 -1.0000 0.0000
3.104 -0.354 7.700 0.0000 -1.0000 0.0000
3.633 -0.354 7.700 0.0000 -1.0000 0.0000
3.104 -0.354 8.700 0.0000 -1.0000 0.0000
3.633 -0.354 8.700 0.0000 -1.0000 0.0000
3.104 -0.354 9.700 0.0000 -1.0000 0.0000
3.633 -0.354 9.700 0.0000 -1.0000 0.0000
3.104 -0.354 10.700 0.0000 -1.0000 0.0000
3.633 -0.354 10.700 0.0000 -1.0000 0.0000
3.104 -0.354 11.700 0.0000 -1.0000 0.0000
3.633 -0.354 11.700 0.0000 -1.0000 0.0000
3.104 -0.354 12.700 0.0000 -1.0000 0.0000
3.633 -0.354 12.700 0.0000 -1.0000 0.0000
3.104 -0.354 13.700 0.0000 -1.0000 0.0000
3.633 -0.354 13.700 0.0000 -1.0000 0.0000
3.104 -0.354 14.700 0.0000 -1.0000 0.0000
3.633 -0.354 14.700 0.0000 -1.0000 0.0000
3.104 -0.354 15.700 0.0000 -1.0000 0.0000
3.633 -0.354 15.700 0.0000 -1.0000 0.0000
3.104 -0.354 16.700 0.0000 -1.0000 0.0000
3.633 -0.354 16.700 0.0000 -1.0000 0.0000
3.104 -0.354 17.700 0.0000 -1.0000 0.0000
3.633 -0.354 17.700 0.0000 -1.0000 0.0000
3.104 -0.354 18.700 0.0000 -1.0000 0.0000
3.633 -0.354 18.700 0.0000 -1.0000 0.0000
3.104 -0.354 19.700 0.0000 -1.0000 0.0000
3.633 -0.354 19.700 0.0000 -1.0000 0.0000
3.104 -0.354 20.700 0.0000 -1.0000 0.0000
3.633 -0.354 20.700 0.0000 -1.0000 0.0000
3.104 -0.354 21.700 0.0000 -1.0000 0.0000
3.633 -0.354 21.700 0.0000 -1.0000 0.0000
3.104 -0.354 22.700 0.0000 -1.0000 0.0000
3.633 -0.354 22.700 0.0000 -1.0000 0.0000
3.104 -0.354 23.700 0.0000 -1.0000 0.0000
3.633 -0.354 23.700 0.0000 -1.0000 0.0000
3.104 -0.354 24.700 0.0000 -1.0000 0.0000
3.633 -0.354 24.700 0.0000 -1.0000 0.0000
3.104 -0.354 25.700 0.0000 -1.0000 0.0000
3.633 -0.354 25.700 0.0000 -1.0000 0.0000
3.084 -0.354 26.200 0.0000 -1.0000 0.0000
3.612 -0.354 26.200 0.0000 -1.0000 0.0000
3.075 -0.354 26.450 0.0000 -1.0000 0.0000
3.602 -0.354 26.450 0.0000 -1.0000 0.0000
3.065 -0.354 26.700 0.0000 -1.0000 0.0000
3.591 -0.354 26.700 0.0000 -1.0000 0.0000
3.061 -0.354 27.700 0.0000 -1.0000 0.0000
3.587 -0.354 27.700 0.0000 -1.0000 0.0000
3.056 -0.354 28.700 0.0000 -1.0000 0.0000
3.582 -0.354 28.700 0.0000 -1.0000 0.0000
3.052 -0.354 29.700 0.0000 -1.0000 0.0000
3.577 -0.354 29.700 0.0000 -1.0000 0.0000
3.047 -0.354 30.700 0.0000 -1.0000 0.0000
3.573 -0.354 30.700 0.0000 -1.0000 0.0000
3.043 -0.354 31.700 0.0000 -1.0000 0.0000
3.568 -0.354 31.700 0.0000 -1.0000 0.0000
3.039 -0.354 32.700 0.0000 -1.0000 0.0000
3.563 -0.354 32.700 0.0000 -1.0000 0.0000
3.038 -0.354 32.950 0.0000 -1.0000 0.0000
3.562 -0.354 32.950 0.0000 -1.0000 0.0000
3.034 -0.354 33.700 0.0000 -1.0000 0.0000
3.559 -0.354 33.700 0.0000 -1.0000 0.0000
3.034 -0.354 33.900 0.0000 -1.0000 0.0000
3.559 -0.354 33.900 0.0000 -1.0000 0.0000
2.082 -0.138 -33.900 0.4520 -0.8920 0.0000
2.492 0.110 -33.900 0.5827 -0.8127 0.0000
2.082 -0.138 -33.300 0.4520 -0.8920 0.0000
2.492 0.110 -33.300 0.5827 -0.8127 0.0000
2.082 -0.138 -32.300 0.4516 -0.8913 -0.0413
2.492 0.110 -32.300 0.5818 -0.8116 -0.0535
2.128 -0.158 -31.300 0.3696 -0.9282 -0.0430
2.546 0.082 -31.300 0.5597 -0.8261 -0.0651
2.185 -0.182 -30.300 0.3676 -0.9288 -0.0478
2.612 0.049 -30.300 0.5568 -0.8275 -0.0724
2.249 -0.208 -29.300 0.3654 -0.9295 -0.0498
2.686 0.011 -29.300 0.5536 -0.8294 -0.0754
2.315 -0.235 -28.300 0.3540 -0.9341 -0.0458
2.763 -0.028 -28.300 0.5505 -0.8315 -0.0746
2.380 -0.256 -27.300 0.2609 -0.9647 -0.0367
2.838 -0.062 -27.300 0.4567 -0.8873 -0.0643
2.446 -0.276 -26.300 0.2591 -0.9650 -0.0400
2.915 -0.095 -26.300 0.4538 -0.8884 -0.0701
2.519 -0.298 -25.300 0.2573 -0.9654 -0.0431
2.998 -0.131 -25.300 0.4505 -0.8896 -0.0756
2.598 -0.315 -24.300 0.1543 -0.9876 -0.0283
3.089 -0.168 -24.300 0.3531 -0.9333 -0.0649
2.683 -0.330 -23.300 0.1530 -0.9878 -0.0301
3.184 -0.201 -23.300 0.3501 -0.9342 -0.0689
2.774 -0.343 -22.300 0.0507 -0.9987 -0.0102
3.287 -0.236 -22.300 0.3470 -0.9353 -0.0691
2.866 -0.349 -21.300 0.0503 -0.9987 -0.0119
3.389 -0.266 -21.300 0.2483 -0.9669 -0.0587
2.975 -0.354 -20.300 0.0000 -1.0000 0.0000
3.509 -0.295 -20.300 0.2456 -0.9676 -0.0577
3.083 -0.354 -19.300 0.0000 -1.0000 0.0000
3.628 -0.318 -19.300 0.1469 -0.9885 -0.0348
3.193 -0.354 -18.300 0.0000 -1.0000 0.0000
3.747 -0.336 -18.300 0.1453 -0.9888 -0.0342
3.303 -0.354 -17.300 0.0000 -1.0000 0.0000
3.864 -0.346 -17.300 0.0481 -0.9988 -0.0114
3.413 -0.354 -16.300 0.0000 -1.0000 0.0000
3.982 -0.352 -16.300 0.0475 -0.9988 -0.0111
3.522 -0.354 -15.300 0.0000 -1.0000 0.0000
4.099 -0.354 -15.300 0.0000 -1.0000 0.0000
3.633 -0.354 -14.300 0.0000 -1.0000 0.0000
4.217 -0.354 -14.300 0.0000 -1.0000 0.0000
3.633 -0.354 -13.950 0.0000 -1.0000 0.0000
4.217 -0.354 -13.950 0.0000 -1.0000 0.0000
3.633 -0.354 -13.300 0.0000 -1.0000 0.0000
4.217 -0.354 -13.300 0.0000 -1.0000 0.0000
3.633 -0.354 -12.300 0.0000 -1.0000 0.0000
4.217 -0.354 -12.300 0.0000 -1.0000 0.0000
3.633 -0.354 -11.300 0.0000 -1.0000 0.0000
4.217 -0.354 -11.300 0.0000 -1.0000 0.0000
3.633 -0.354 -10.300 0.0000 -1.0000 0.0000
4.217 -0.354 -10.300 0.0000 -1.0000 0.0000
3.633 -0.354 -9.300 0.0000 -1.0000 0.0000
4.217 -0.354 -9.300 0.0000 -1.0000 0.0000
3.633 -0.354 -8.300 0.0000 -1.0000 0.0000
4.217 -0.354 -8.300 0.0000 -1.0000 0.0000
3.633 -0.354 -7.450 0.0000 -1.0000 0.0000
4.217 -0.354 -7.450 0.0000 -1.0000 0.0000
3.633 -0.354 -7.350 0.0000 -1.0000 0.0000
4.217 -0.354 -7.350 0.0000 -1.0000 0.0000
3.633 -0.354 -7.300 0.0000 -1.0000 0.0000
4.217 -0.354 -7.300 0.0000 -1.0000 0.0000
3.633 -0.354 -6.300 0.0000 -1.0000 0.0000
4.217 -0.354 -6.300 0.0000 -1.0000 0.0000
3.633 -0.354 -5.800 0.0000 -1.0000 0.0000
4.217 -0.354 -5.800 0.0000 -1.0000 0.0000
3.633 -0.354 -5.300 0.0000 -1.0000 0.0000
4.217 -0.354 -5.300 0.0000 -1.0000 0.0000
3.633 -0.354 -4.300 0.0000 -1.0000 0.0000
4.217 -0.354 -4.300 0.0000 -1.0000 0.0000
3.633 -0.354 -3.300 0.0000 -1.0000 0.0000
4.217 -0.354 -3.300 0.0000 -1.0000 0.0000
3.633 -0.354 -2.300 0.0000 -1.0000 0.0000
4.217 -0.354 -2.300 0.0000 -1.0000 0.0000
3.633 -0.354 -1.300 0.0000 -1.0000 0.0000
4.217 -0.354 -1.300 0.0000 -1.0000 0.0000
3.633 -0.354 -0.300 0.0000 -1.0000 0.0000
4.217 -0.354 -0.300 0.0000 -1.0000 0.0000
3.633 -0.354 0.700 0.0000 -1.0000 0.0000
4.217 -0.354 0.700 0.0000 -1.0000 0.0000
3.633 -0.354 1.700 0.0000 -1.0000 0.0000
4.217 -0.354 1.700 0.0000 -1.0000 0.0000
3.633 -0.354 2.700 0.0000 -1.0000 0.0000
4.217 -0.354 2.700 0.0000 -1.0000 0.0000
3.633 -0.354 3.700 0.0000 -1.0000 0.0000
4.217 -0.354 3.700 0.0000 -1.0000 0.0000
3.633 -0.354 4.700 0.0000 -1.0000 0.0000
4.217 -0.354 4.700 0.0000 -1.0000 0.0000
3.633 -0.354 5.700 0.0000 -1.0000 0.0000
4.217 -0.354 5.700 0.0000 -1.0000 0.0000
3.633 -0.354 6.700 0.0000 -1.0000 0.0000
4.217 -0.354 6.700 0.0000 -1.0000 0.0000
3.633 -0.354 7.700 0.0000 -1.0000 0.0000
4.217 -0.354 7.700 0.0000 -1.0000 0.0000
3.633 -0.354 8.700 0.0000 -1.0000 0.0000
4.217 -0.354 8.700 0.0000 -1.0000 0.0000
3.633 -0.354 9.700 0.0000 -1.0000 0.0000
4.217 -0.354 9.700 0.0000 -1.0000 0.0000
3.633 -0.354 10.700 0.0000 -1.0000 0.0000
4.217 -0.354 10.700 0.0000 -1.0000 0.0000
3.633 -0.354 11.700 0.0000 -1.0000 0.0000
4.217 -0.354 11.700 0.0000 -1.0000 0.0000
3.633 -0.354 12.700 0.0000 -1.0000 0.0000
4.217 -0.354 12.700 0.0000 -1.0000 0.0000
3.633 -0.354 13.700 0.0000 -1.0000 0.0000
4.217 -0.354 13.700 0.0000 -1.0000 0.0000
3.633 -0.354 14.700 0.0000 -1.0000 0.0000
4.217 -0.354 14.700 0.0000 -1.0000 0.0000
3.633 -0.354 15.700 0.0000 -1.0000 0.0000
4.217 -0.354 15.700 0.0000 -1.0000 0.0000
3.633 -0.354 16.700 0.0000 -1.0000 0.0000
4.217 -0.354 16.700 0.0000 -1.0000 0.0000
3.633 -0.354 17.700 0.0000 -1.0000 0.0000
4.217 -0.354 17.700 0.0000 -1.0000 0.0000
3.633 -0.354 18.700 0.0000 -1.0000 0.0000
4.217 -0.354 18.700 0.0000 -1.0000 0.0000
3.633 -0.354 19.700 0.0000 -1.0000 0.0000
4.217 -0.354 19.700 0.0000 -1.0000 0.0000
3.633 -0.354 20.700 0.0000 -1.0000 0.0000
4.217 -0.354 20.700 0.0000 -1.0000 0.0000
3.633 -0.354 21.700 0.0000 -1.0000 0.0000
4.217 -0.354 21.700 0.0000 -1.0000 0.0000
3.633 -0.354 22.700 0.0000 -1.0000 0.0000
4.217 -0.354 22.700 0.0000 -1.0000 0.0000
3.633 -0.354 23.700 0.0000 -1.0000 0.0000
4.217 -0.354 23.700 0.0000 -1.0000 0.0000
3.633 -0.354 24.700 0.0000 -1.0000 0.0000
4.217 -0.354 24.700 0.0000 -1.0000 0.0000
3.633 -0.354 25.700 0.0000 -1.0000 0.0000
4.217 -0.354 25.700 0.0000 -1.0000 0.0000
3.612 -0.354 26.200 0.0000 -1.0000 0.0000
4.195 -0.354 26.200 0.0000 -1.0000 0.0000
3.602 -0.354 26.450 0.0000 -1.0000 0.0000
4.184 -0.354 26.450 0.0000 -1.0000 0.0000
3.591 -0.354 26.700 0.0000 -1.0000 0.0000
4.173 -0.354 26.700 0.0000 -1.0000 0.0000
3.587 -0.354 27.700 0.0000 -1.0000 0.0000
4.168 -0.354 27.700 0.0000 -1.0000 0.0000
3.582 -0.354 28.700 0.0000 -1.0000 0.0000
4.163 -0.354 28.700 0.0000 -1.0000 0.0000
3.577 -0.354 29.700 0.0000 -1.0000 0.0000
4.158 -0.354 29.700 0.0000 -1.0000 0.0000
3.573 -0.354 30.700 0.0000 -1.0000 0.0000
4.153 -0.354 30.700 0.0000 -1.0000 0.0000
3.568 -0.354 31.700 0.0000 -1.0000 0.0000
4.148 -0.354 31.700 0.0000 -1.0000 0.0000
3.563 -0.354 32.700 0.0000 -1.0000 0.0000
4.143 -0.354 32.700 0.0000 -1.0000 0.0000
3.562 -0.354 32.950 0.0000 -1.0000 0.0000
4.142 -0.354 32.950 0.0000 -1.0000 0.0000
3.559 -0.354 33.700 0.0000 -1.0000 0.0000
4.138 -0.354 33.700 0.0000 -1.0000 0.0000
3.559 -0.354 33.900 0.0000 -1.0000 0.0000
4.138 -0.354 33.900 0.0000 -1.0000 0.0000
-4.217 -0.054 -33.900 -0.0000 1.0000 -0.0000
-3.964 -0.054 -33.900 -0.0000 1.0000 -0.0000
-4.217 -0.054 -33.300 -0.0000 1.0000 -0.0000
-3.964 -0.054 -33.300 -0.0000 1.0000 -0.0000
-4.217 -0.054 -32.300 -0.0000 1.0000 -0.0000
-3.964 -0.054 -32.300 -0.0000 1.0000 -0.0000
-4.214 -0.054 -31.300 -0.0000 1.0000 -0.0000
-3.959 -0.054 -31.300 -0.0000 1.0000 -0.0000
-4.209 -0.054 -30.300 -0.0000 1.0000 -0.0000
-3.953 -0.054 -30.300 -0.0000 1.0000 -0.0000
-4.204 -0.054 -29.300 -0.0000 1.0000 -0.0000
-3.945 -0.054 -29.300 -0.0000 1.0000 -0.0000
-4.198 -0.054 -28.300 -0.0000 1.0000 -0.0000
-3.938 -0.054 -28.300 -0.0000 1.0000 -0.0000
-4.193 -0.054 -27.300 -0.0000 1.0000 -0.0000
-3.930 -0.054 -27.300 -0.0000 1.0000 -0.0000
-4.187 -0.054 -26.300 -0.0000 1.0000 -0.0000
-3.922 -0.054 -26.300 -0.0000 1.0000 -0.0000
-4.181 -0.054 -25.300 -0.0000 1.0000 -0.0000
-3.913 -0.054 -25.300 -0.0000 1.0000 -0.0000
-4.174 -0.054 -24.300 -0.0000 1.0000 -0.0000
-3.904 -0.054 -24.300 -0.0000 1.0000 -0.0000
-4.167 -0.054 -23.300 -0.0000 1.0000 -0.0000
-3.893 -0.054 -23.300 -0.0000 1.0000 -0.0000
-4.159 -0.054 -22.300 -0.0000 1.0000 -0.0000
-3.882 -0.054 -22.300 -0.0000 1.0000 -0.0000
-4.151 -0.054 -21.300 -0.0000 1.0000 -0.0000
-3.870 -0.054 -21.300 -0.0000 1.0000 -0.0000
-4.141 -0.054 -20.300 -0.0000 1.0000 -0.0000
-3.857 -0.054 -20.300 -0.0000 1.0000 -0.0000
-4.131 -0.054 -19.300 -0.0000 1.0000 -0.0000
-3.843 -0.054 -19.300 -0.0000 1.0000 -0.0000
-4.122 -0.054 -18.300 -0.0000 1.0000 -0.0000
-3.830 -0.054 -18.300 -0.0000 1.0000 -0.0000
-4.112 -0.054 -17.300 -0.0000 1.0000 -0.0000
-3.816 -0.054 -17.300 -0.0000 1.0000 -0.0000
-4.102 -0.054 -16.300 -0.0000 1.0000 -0.0000
-3.802 -0.054 -16.300 -0.0000 1.0000 -0.0000
-4.092 -0.054 -15.300 -0.0000 1.0000 -0.0000
-3.788 -0.054 -15.300 -0.0000 1.0000 -0.0000
-4.083 -0.054 -14.300 -0.0000 1.0000 -0.0000
-3.775 -0.054 -14.300 -0.0000 1.0000 -0.0000
-4.083 -0.054 -13.950 -0.0000 1.0000 -0.0000
-3.775 -0.054 -13.950 -0.0000 1.0000 -0.0000
-4.083 -0.054 -13.300 -0.0000 1.0000 -0.0000
-3.775 -0.054 -13.300 -0.0000 1.0000 -0.0000
-4.083 -0.054 -12.300 -0.0000 1.0000 -0.0000
-3.775 -0.054 -12.300 -0.0000 1.0000 -0.0000
-4.083 -0.054 -11.300 -0.0000 1.0000 -0.0000
-3.775 -0.054 -11.300 -0.0000 1.0000 -0.0000
-4.083 -0.054 -10.300 -0.0000 1.0000 -0.0000
-3.775 -0.054 -10.300 -0.0000 1.0000 -0.0000
-4.083 -0.054 -9.300 -0.0000 1.0000 -0.0000
-3.775 -0.054 -9.300 -0.0000 1.0000 -0.0000
-4.083 -0.054 -8.300 -0.0000 1.0000 -0.0000
-3.775 -0.054 -8.300 -0.0000 1.0000 -0.0000
-4.083 -0.054 -7.450 -0.0000 1.0000 -0.0000
-3.775 -0.054 -7.450 -0.0000 1.0000 -0.0000
-4.083 -0.054 -7.350 -0.0000 1.0000 -0.0000
-3.775 -0.054 -7.350 -0.0000 1.0000 -0.0000
-4.083 -0.054 -7.300 -0.0000 1.0000 -0.0000
-3.775 -0.054 -7.300 -0.0000 1.0000 -0.0000
-4.083 -0.054 -6.300 -0.0000 1.0000 -0.0000
-3.775 -0.054 -6.300 -0.0000 1.0000 -0.0000
-4.083 -0.054 -5.800 -0.0000 1.0000 -0.0000
-3.775 -0.054 -5.800 -0.0000 1.0000 -0.0000
-4.083 -0.054 -5.300 -0.0000 1.0000 -0.0000
-3.775 -0.054 -5.300 -0.0000 1.0000 -0.0000
-4.083 -0.054 -4.300 -0.0000 1.0000 -0.0000
-3.775 -0.054 -4.300 -0.0000 1.0000 -0.0000
-4.083 -0.054 -3.300 -0.0000 1.0000 -0.0000
-3.775 -0.054 -3.300 -0.0000 1.0000 -0.0000
-4.083 -0.054 -2.300 -0.0000 1.0000 -0.0000
-3.775 -0.054 -2.300 -0.0000 1.0000 -0.0000
-4.083 -0.054 -1.300 -0.0000 1.0000 -0.0000
-3.775 -0.054 -1.300 -0.0000 1.0000 -0.0000
-4.083 -0.054 -0.300 -0.0000 1.0000 -0.0000
-3.775 -0.054 -0.300 -0.0000 1.0000 -0.0000
-4.083 -0.054 0.700 -0.0000 1.0000 -0.0000
-3.775 -0.054 0.700 -0.0000 1.0000 -0.0000
-4.083 -0.054 1.700 -0.0000 1.0000 -0.0000
-3.775 -0.054 1.700 -0.0000 1.0000 -0.0000
-4.083 -0.054 2.700 -0.0000 1.0000 -0.0000
-3.775 -0.054 2.700 -0.0000 1.0000 -0.0000
-4.083 -0.054 3.700 -0.0000 1.0000 -0.0000
-3.775 -0.054 3.700 -0.0000 1.0000 -0.0000
-4.083 -0.054 4.700 -0.0000 1.0000 -0.0000
-3.775 -0.054 4.700 -0.0000 1.0000 -0.0000
-4.083 -0.054 5.700 -0.0000 1.0000 -0.0000
-3.775 -0.054 5.700 -0.0000 1.0000 -0.0000
-4.083 -0.054 6.700 -0.0000 1.0000 -0.0000
-3.775 -0.054 6.700 -0.0000 1.0000 -0.0000
-4.083 -0.054 7.700 -0.0000 1.0000 -0.0000
-3.775 -0.054 7.700 -0.0000 1.0000 -0.0000
-4.083 -0.054 8.700 -0.0000 1.0000 -0.0000
-3.775 -0.054 8.700 -0.0000 1.0000 -0.0000
-4.083 -0.054 9.700 -0.0000 1.0000 -0.0000
-3.775 -0.054 9.700 -0.0000 1.0000 -0.0000
-4.083 -0.054 10.700 -0.0000 1.0000 -0.0000
-3.775 -0.054 10.700 -0.0000 1.0000 -0.0000
-4.083 -0.054 11.700 -0.0000 1.0000 -0.0000
-3.775 -0.054 11.700 -0.0000 1.0000 -0.0000
-4.083 -0.054 12.700 -0.0000 1.0000 -0.0000
-3.775 -0.054 12.700 -0.0000 1.0000 -0.0000
-4.083 -0.054 13.700 -0.0000 1.0000 -0.0000
-3.775 -0.054 13.700 -0.0000 1.0000 -0.0000
-4.083 -0.054 14.700 -0.0000 1.0000 -0.0000
-3.775 -0.054 14.700 -0.0000 1.0000 -0.0000
-4.083 -0.054 15.700 -0.0000 1.0000 -0.0000
-3.775 -0.054 15.700 -0.0000 1.0000 -0.0000
-4.083 -0.054 16.700 -0.0000 1.0000 -0.0000
-3.775 -0.054 16.700 -0.0000 1.0000 -0.0000
-4.083 -0.054 17.700 -0.0000 1.0000 -0.0000
-3.775 -0.054 17.700 -0.0000 1.0000 -0.0000
-4.083 -0.054 18.700 -0.0000 1.0000 -0.0000
-3.775 -0.054 18.700 -0.0000 1.0000 -0.0000
-4.083 -0.054 19.700 -0.0000 1.0000 -0.0000
-3.775 -0.054 19.700 -0.0000 1.0000 -0.0000
-4.083 -0.054 20.700 -0.0000 1.0000 -0.0000
-3.775 -0.054 20.700 -0.0000 1.0000 -0.0000
-4.083 -0.054 21.700 -0.0000 1.0000 -0.0000
-3.775 -0.054 21.700 -0.0000 1.0000 -0.0000
-4.083 -0.054 22.700 -0.0000 1.0000 -0.0000
-3.775 -0.054 22.700 -0.0000 1.0000 -0.0000
-4.083 -0.054 23.700 -0.0000 1.0000 -0.0000
-3.775 -0.054 23.700 -0.0000 1.0000 -0.0000
-4.083 -0.054 24.700 -0.0000 1.0000 -0.0000
-3.775 -0.054 24.700 -0.0000 1.0000 -0.0000
-4.083 -0.054 25.700 -0.0000 1.0000 -0.0000
-3.775 -0.054 25.700 -0.0000 1.0000 -0.0000
-4.085 -0.054 26.200 -0.0000 1.0000 -0.0000
-3.777 -0.054 26.200 -0.0000 1.0000 -0.0000
-4.085 -0.054 26.450 -0.0000 1.0000 -0.0000
-3.778 -0.054 26.450 -0.0000 1.0000 -0.0000
-4.086 -0.054 26.700 -0.0000 1.0000 -0.0000
-3.780 -0.054 26.700 -0.0000 1.0000 -0.0000
-4.087 -0.054 27.700 -0.0000 1.0000 -0.0000
-3.780 -0.054 27.700 -0.0000 1.0000 -0.0000
-4.087 -0.054 28.700 -0.0000 1.0000 -0.0000
-3.781 -0.054 28.700 -0.0000 1.0000 -0.0000
-4.088 -0.054 29.700 -0.0000 1.0000 -0.0000
-3.781 -0.054 29.700 -0.0000 1.0000 -0.0000
-4.088 -0.054 30.700 -0.0000 1.0000 -0.0000
-3.782 -0.054 30.700 -0.0000 1.0000 -0.0000
-4.088 -0.054 31.700 -0.0000 1.0000 -0.0000
-3.783 -0.054 31.700 -0.0000 1.0000 -0.0000
-4.089 -0.054 32.700 -0.0000 1.0000 -0.0000
-3.783 -0.054 32.700 -0.0000 1.0000 -0.0000
-4.089 -0.054 32.950 -0.0000 1.0000 -0.0000
-3.783 -0.054 32.950 -0.0000 1.0000 -0.0000
-4.089 -0.054 33.700 -0.0000 1.0000 -0.0000
-3.784 -0.054 33.700 -0.0000 1.0000 -0.0000
-4.089 -0.054 33.900 -0.0000 1.0000 -0.0000
-3.784 -0.054 33.900 -0.0000 1.0000 -0.0000
-3.964 -0.054 -33.900 -0.0000 1.0000 -0.0000
-3.530 -0.054 -33.900 -0.0000 1.0000 -0.0000
-3.964 -0.054 -33.300 -0.0000 1.0000 -0.0000
-3.530 -0.054 -33.300 -0.0000 1.0000 -0.0000
-3.964 -0.054 -32.300 -0.0000 1.0000 -0.0000
-3.530 -0.054 -32.300 -0.0000 1.0000 -0.0000
-3.959 -0.054 -31.300 -0.0000 1.0000 -0.0000
-3.522 -0.054 -31.300 -0.0000 1.0000 -0.0000
-3.953 -0.054 -30.300 -0.0000 1.0000 -0.0000
-3.513 -0.054 -30.300 -0.0000 1.0000 -0.0000
-3.945 -0.054 -29.300 -0.0000 1.0000 -0.0000
-3.502 -0.054 -29.300 -0.0000 1.0000 -0.0000
-3.938 -0.054 -28.300 -0.0000 1.0000 -0.0000
-3.490 -0.054 -28.300 -0.0000 1.0000 -0.0000
-3.930 -0.054 -27.300 -0.0000 1.0000 -0.0000
-3.479 -0.054 -27.300 -0.0000 1.0000 -0.0000
-3.922 -0.054 -26.300 -0.0000 1.0000 -0.0000
-3.467 -0.054 -26.300 -0.0000 1.0000 -0.0000
-3.913 -0.054 -25.300 -0.0000 1.0000 -0.0000
-3.453 -0.054 -25.300 -0.0000 1.0000 -0.0000
-3.904 -0.054 -24.300 -0.0000 1.0000 -0.0000
-3.439 -0.054 -24.300 -0.0000 1.0000 -0.0000
-3.893 -0.054 -23.300 -0.0000 1.0000 -0.0000
-3.423 -0.054 -23.300 -0.0000 1.0000 -0.0000
-3.882 -0.054 -22.300 -0.0000 1.0000 -0.0000
-3.406 -0.054 -22.300 -0.0000 1.0000 -0.0000
-3.870 -0.054 -21.300 -0.0000 1.0000 -0.0000
-3.389 -0.054 -21.300 -0.0000 1.0000 -0.0000
-3.857 -0.054 -20.300 -0.0000 1.0000 -0.0000
-3.369 -0.054 -20.300 -0.0000 1.0000 -0.0000
-3.843 -0.054 -19.300 -0.0000 1.0000 -0.0000
-3.348 -0.054 -19.300 -0.0000 1.0000 -0.0000
-3.830 -0.054 -18.300 -0.0000 1.0000 -0.0000
-3.328 -0.054 -18.300 -0.0000 1.0000 -0.0000
-3.816 -0.054 -17.300 -0.0000 1.0000 -0.0000
-3.307 -0.054 -17.300 -0.0000 1.0000 -0.0000
-3.802 -0.054 -16.300 -0.0000 1.0000 -0.0000
-3.287 -0.054 -16.300 -0.0000 1.0000 -0.0000
-3.788 -0.054 -15.300 -0.0000 1.0000 -0.0000
-3.266 -0.054 -15.300 -0.0000 1.0000 -0.0000
-3.775 -0.054 -14.300 -0.0000 1.0000 -0.0000
-3.245 -0.054 -14.300 -0.0000 1.0000 -0.0000
-3.775 -0.054 -13.950 -0.0000 1.0000 -0.0000
-3.245 -0.054 -13.950 -0.0000 1.0000 -0.0000
-3.775 -0.054 -13.300 -0.0000 1.0000 -0.0000
-3.245 -0.054 -13.300 -0.0000 1.0000 -0.0000
-3.775 -0.054 -12.300 -0.0000 1.0000 -0.0000
-3.245 -0.054 -12.300 -0.0000 1.0000 -0.0000
-3.775 -0.054 -11.300 -0.0000 1.0000 -0.0000
-3.245 -0.054 -11.300 -0.0000 1.0000 -0.0000
-3.775 -0.054 -10.300 -0.0000 1.0000 -0.0000
-3.245 -0.054 -10.300 -0.0000 1.0000 -0.0000
-3.775 -0.054 -9.300 -0.0000 1.0000 -0.0000
-3.245 -0.054 -9.300 -0.0000 1.0000 -0.0000
-3.775 -0.054 -8.300 -0.0000 1.0000 -0.0000
-3.245 -0.054 -8.300 -0.0000 1.0000 -0.0000
-3.775 -0.054 -7.450 -0.0000 1.0000 -0.0000
-3.245 -0.054 -7.450 -0.0000 1.0000 -0.0000
-3.775 -0.054 -7.350 -0.0000 1.0000 -0.0000
-3.245 -0.054 -7.350 -0.0000 1.0000 -0.0000
-3.775 -0.054 -7.300 -0.0000 1.0000 -0.0000
-3.245 -0.054 -7.300 -0.0000 1.0000 -0.0000
-3.775 -0.054 -6.300 -0.0000 1.0000 -0.0000
-3.245 -0.054 -6.300 -0.0000 1.0000 -0.0000
-3.775 -0.054 -5.800 -0.0000 1.0000 -0.0000
-3.245 -0.054 -5.800 -0.0000 1.0000 -0.0000
-3.775 -0.054 -5.300 -0.0000 1.0000 -0.0000
-3.245 -0.054 -5.300 -0.0000 1.0000 -0.0000
-3.775 -0.054 -4.300 -0.0000 1.0000 -0.0000
-3.245 -0.054 -4.300 -0.0000 1.0000 -0.0000
-3.775 -0.054 -3.300 -0.0000 1.0000 -0.0000
-3.245 -0.054 -3.300 -0.0000 1.0000 -0.0000
-3.775 -0.054 -2.300 -0.0000 1.0000 -0.0000
-3.245 -0.054 -2.300 -0.0000 1.0000 -0.0000
-3.775 -0.054 -1.300 -0.0000 1.0000 -0.0000
-3.245 -0.054 -1.300 -0.0000 1.0000 -0.0000
-3.775 -0.054 -0.300 -0.0000 1.0000 -0.0000
-3.245 -0.054 -0.300 -0.0000 1.0000 -0.0000
-3.775 -0.054 0.700 -0.0000 1.0000 -0.0000
-3.245 -0.054 0.700 -0.0000 1.0000 -0.0000
-3.775 -0.054 1.700 -0.0000 1.0000 -0.0000
-3.245 -0.054 1.700 -0.0000 1.0000 -0.0000
-3.775 -0.054 2.700 -0.0000 1.0000 -0.0000
-3.245 -0.054 2.700 -0.0000 1.0000 -0.0000
-3.775 -0.054 3.700 -0.0000 1.0000 -0.0000
-3.245 -0.054 3.700 -0.0000 1.0000 -0.0000
-3.775 -0.054 4.700 -0.0000 1.0000 -0.0000
-3.245 -0.054 4.700 -0.0000 1.0000 -0.0000
-3.775 -0.054 5.700 -0.0000 1.0000 -0.0000
-3.245 -0.054 5.700 -0.0000 1.0000 -0.0000
-3.775 -0.054 6.700 -0.0000 1.0000 -0.0000
-3.245 -0.054 6.700 -0.0000 1.0000 -0.0000
-3.775 -0.054 7.700 -0.0000 1.0000 -0.0000
-3.245 -0.054 7.700 -0.0000 1.0000 -0.0000
-3.775 -0.054 8.700 -0.0000 1.0000 -0.0000
-3.245 -0.054 8.700 -0.0000 1.0000 -0.0000
-3.775 -0.054 9.700 -0.0000 1.0000 -0.0000
-3.245 -0.054 9.700 -0.0000 1.0000 -0.0000
-3.775 -0.054 10.700 -0.0000 1.0000 -0.0000
-3.245 -0.054 10.700 -0.0000 1.0000 -0.0000
-3.775 -0.054 11.700 -0.0000 1.0000 -0.0000
-3.245 -0.054 11.700 -0.0000 1.0000 -0.0000
-3.775 -0.054 12.700 -0.0000 1.0000 -0.0000
-3.245 -0.054 12.700 -0.0000 1.0000 -0.0000
-3.775 -0.054 13.700 -0.0000 1.0000 -0.0000
-3.245 -0.054 13.700 -0.0000 1.0000 -0.0000
-3.775 -0.054 14.700 -0.0000 1.0000 -0.0000
-3.245 -0.054 14.700 -0.0000 1.0000 -0.0000
-3.775 -0.054 15.700 -0.0000 1.0000 -0.0000
-3.245 -0.054 15.700 -0.0000 1.0000 -0.0000
-3.775 -0.054 16.700 -0.0000 1.0000 -0.0000
-3.245 -0.054 16.700 -0.0000 1.0000 -0.0000
-3.775 -0.054 17.700 -0.0000 1.0000 -0.0000
-3.245 -0.054 17.700 -0.0000 1.0000 -0.0000
-3.775 -0.054 18.700 -0.0000 1.0000 -0.0000
-3.245 -0.054 18.700 -0.0000 1.0000 -0.0000
-3.775 -0.054 19.700 -0.0000 1.0000 -0.0000
-3.245 -0.054 19.700 -0.0000 1.0000 -0.0000
-3.775 -0.054 20.700 -0.0000 1.0000 -0.0000
-3.245 -0.054 20.700 -0.0000 1.0000 -0.0000
-3.775 -0.054 21.700 -0.0000 1.0000 -0.0000
-3.245 -0.054 21.700 -0.0000 1.0000 -0.0000
-3.775 -0.054 22.700 -0.0000 1.0000 -0.0000
-3.245 -0.054 22.700 -0.0000 1.0000 -0.0000
-3.775 -0.054 23.700 -0.0000 1.0000 -0.0000
-3.245 -0.054 23.700 -0.0000 1.0000 -0.0000
-3.775 -0.054 24.700 -0.0000 1.0000 -0.0000
-3.245 -0.054 24.700 -0.0000 1.0000 -0.0000
-3.775 -0.054 25.700 -0.0000 1.0000 -0.0000
-3.245 -0.054 25.700 -0.0000 1.0000 -0.0000
-3.777 -0.054 26.200 -0.0000 1.0000 -0.0000
-3.249 -0.054 26.200 -0.0000 1.0000 -0.0000
-3.778 -0.054 26.450 -0.0000 1.0000 -0.0000
-3.251 -0.054 26.450 -0.0000 1.0000 -0.0000
-3.780 -0.054 26.700 -0.0000 1.0000 -0.0000
-3.253 -0.054 26.700 -0.0000 1.0000 -0.0000
-3.780 -0.054 27.700 -0.0000 1.0000 -0.0000
-3.254 -0.054 27.700 -0.0000 1.0000 -0.0000
-3.781 -0.054 28.700 -0.0000 1.0000 -0.0000
-3.255 -0.054 28.700 -0.0000 1.0000 -0.0000
-3.781 -0.054 29.700 -0.0000 1.0000 -0.0000
-3.256 -0.054 29.700 -0.0000 1.0000 -0.0000
-3.782 -0.054 30.700 -0.0000 1.0000 -0.0000
-3.257 -0.054 30.700 -0.0000 1.0000 -0.0000
-3.783 -0.054 31.700 -0.0000 1.0000 -0.0000
-3.258 -0.054 31.700 -0.0000 1.0000 -0.0000
-3.783 -0.054 32.700 -0.0000 1.0000 -0.0000
-3.258 -0.054 32.700 -0.0000 1.0000 -0.0000
-3.783 -0.054 32.950 -0.0000 1.0000 -0.0000
-3.259 -0.054 32.950 -0.0000 1.0000 -0.0000
-3.784 -0.054 33.700 -0.0000 1.0000 -0.0000
-3.259 -0.054 33.700 -0.0000 1.0000 -0.0000
-3.784 -0.054 33.900 -0.0000 1.0000 -0.0000
-3.259 -0.054 33.900 -0.0000 1.0000 -0.0000
-3.530 -0.054 -33.900 -0.0000 1.0000 -0.0000
-3.096 -0.054 -33.900 -0.0000 1.0000 -0.0000
-3.530 -0.054 -33.300 -0.0000 1.0000 -0.0000
-3.096 -0.054 -33.300 -0.0000 1.0000 -0.0000
-3.530 -0.054 -32.300 -0.0000 1.0000 -0.0000
-3.096 -0.054 -32.300 -0.0000 1.0000 -0.0000
-3.522 -0.054 -31.300 -0.0000 1.0000 -0.0000
-3.086 -0.054 -31.300 -0.0000 1.0000 -0.0000
-3.513 -0.054 -30.300 -0.0000 1.0000 -0.0000
-3.073 -0.054 -30.300 -0.0000 1.0000 -0.0000
-3.502 -0.054 -29.300 -0.0000 1.0000 -0.0000
-3.058 -0.054 -29.300 -0.0000 1.0000 -0.0000
-3.490 -0.054 -28.300 -0.0000 1.0000 -0.0000
-3.043 -0.054 -28.300 -0.0000 1.0000 -0.0000
-3.479 -0.054 -27.300 -0.0000 1.0000 -0.0000
-3.027 -0.054 -27.300 -0.0000 1.0000 -0.0000
-3.467 -0.054 -26.300 -0.0000 1.0000 -0.0000
-3.011 -0.054 -26.300 -0.0000 1.0000 -0.0000
-3.453 -0.054 -25.300 -0.0000 1.0000 -0.0000
-2.994 -0.054 -25.300 -0.0000 1.0000 -0.0000
-3.439 -0.054 -24.300 -0.0000 1.0000 -0.0000
-2.974 -0.054 -24.300 -0.0000 1.0000 -0.0000
-3.423 -0.054 -23.300 -0.0000 1.0000 -0.0000
-2.954 -0.054 -23.300 -0.0000 1.0000 -0.0000
-3.406 -0.054 -22.300 -0.0000 1.0000 -0.0000
-2.931 -0.054 -22.300 -0.0000 1.0000 -0.0000
-3.389 -0.054 -21.300 -0.0000 1.0000 -0.0000
-2.908 -0.054 -21.300 -0.0000 1.0000 -0.0000
-3.369 -0.054 -20.300 -0.0000 1.0000 -0.0000
-2.881 -0.054 -20.300 -0.0000 1.0000 -0.0000
-3.348 -0.054 -19.300 -0.0000 1.0000 -0.0000
-2.854 -0.054 -19.300 -0.0000 1.0000 -0.0000
-3.328 -0.054 -18.300 -0.0000 1.0000 -0.0000
-2.826 -0.054 -18.300 -0.0000 1.0000 -0.0000
-3.307 -0.054 -17.300 -0.0000 1.0000 -0.0000
-2.799 -0.054 -17.300 -0.0000 1.0000 -0.0000
-3.287 -0.054 -16.300 -0.0000 1.0000 -0.0000
-2.771 -0.054 -16.300 -0.0000 1.0000 -0.0000
-3.266 -0.054 -15.300 -0.0000 1.0000 -0.0000
-2.744 -0.054 -15.300 -0.0000 1.0000 -0.0000
-3.245 -0.054 -14.300 -0.0000 1.0000 -0.0000
-2.716 -0.054 -14.300 -0.0000 1.0000 -0.0000
-3.245 -0.054 -13.950 -0.0000 1.0000 -0.0000
-2.716 -0.054 -13.950 -0.0000 1.0000 -0.0000
-3.245 -0.054 -13.300 -0.0000 1.0000 -0.0000
-2.716 -0.054 -13.300 -0.0000 1.0000 -0.0000
-3.245 -0.054 -12.300 -0.0000 1.0000 -0.0000
-2.716 -0.054 -12.300 -0.0000 1.0000 -0.0000
-3.245 -0.054 -11.300 -0.0000 1.0000 -0.0000
-2.716 -0.054 -11.300 -0.0000 1.0000 -0.0000
-3.245 -0.054 -10.300 -0.0000 1.0000 -0.0000
-2.716 -0.054 -10.300 -0.0000 1.0000 -0.0000
-3.245 -0.054 -9.300 -0.0000 1.0000 -0.0000
-2.716 -0.054 -9.300 -0.0000 1.0000 -0.0000
-3.245 -0.054 -8.300 -0.0000 1.0000 -0.0000
-2.716 -0.054 -8.300 -0.0000 1.0000 -0.0000
-3.245 -0.054 -7.450 -0.0000 1.0000 -0.0000
-2.716 -0.054 -7.450 -0.0000 1.0000 -0.0000
-3.245 -0.054 -7.350 -0.0000 1.0000 -0.0000
-2.716 -0.054 -7.350 -0.0000 1.0000 -0.0000
-3.245 -0.054 -7.300 -0.0000 1.0000 -0.0000
-2.716 -0.054 -7.300 -0.0000 1.0000 -0.0000
-3.245 -0.054 -6.300 -0.0000 1.0000 -0.0000
-2.716 -0.054 -6.300 -0.0000 1.0000 -0.0000
-3.245 -0.054 -5.800 -0.0000 1.0000 -0.0000
-2.716 -0.054 -5.800 -0.0000 1.0000 -0.0000
-3.245 -0.054 -5.300 -0.0000 1.0000 -0.0000
-2.716 -0.054 -5.300 -0.0000 1.0000 -0.0000
-3.245 -0.054 -4.300 -0.0000 1.0000 -0.0000
-2.716 -0.054 -4.300 -0.0000 1.0000 -0.0000
-3.245 -0.054 -3.300 -0.0000 1.0000 -0.0000
-2.716 -0.054 -3.300 -0.0000 1.0000 -0.0000
-3.245 -0.054 -2.300 -0.0000 1.0000 -0.0000
-2.716 -0.054 -2.300 -0.0000 1.0000 -0.0000
-3.245 -0.054 -1.300 -0.0000 1.0000 -0.0000
-2.716 -0.054 -1.300 -0.0000 1.0000 -0.0000
-3.245 -0.054 -0.300 -0.0000 1.0000 -0.0000
-2.716 -0.054 -0.300 -0.0000 1.0000 -0.0000
-3.245 -0.054 0.700 -0.0000 1.0000 -0.0000
-2.716 -0.054 0.700 -0.0000 1.0000 -0.0000
-3.245 -0.054 1.700 -0.0000 1.0000 -0.0000
-2.716 -0.054 1.700 -0.0000 1.0000 -0.0000
-3.245 -0.054 2.700 -0.0000 1.0000 -0.0000
-2.716 -0.054 2.700 -0.0000 1.0000 -0.0000
-3.245 -0.054 3.700 -0.0000 1.0000 -0.0000
-2.716 -0.054 3.700 -0.0000 1.0000 -0.0000
-3.245 -0.054 4.700 -0.0000 1.0000 -0.0000
-2.716 -0.054 4.700 -0.0000 1.0000 -0.0000
-3.245 -0.054 5.700 -0.0000 1.0000 -0.0000
-2.716 -0.054 5.700 -0.0000 1.0000 -0.0000
-3.245 -0.054 6.700 -0.0000 1.0000 -0.0000
-2.716 -0.054 6.700 -0.0000 1.0000 -0.0000
-3.245 -0.054 7.700 -0.0000 1.0000 -0.0000
-2.716 -0.054 7.700 -0.0000 1.0000 -0.0000
-3.245 -0.054 8.700 -0.0000 1.0000 -0.0000
-2.716 -0.054 8.700 -0.0000 1.0000 -0.0000
-3.245 -0.054 9.700 -0.0000 1.0000 -0.0000
-2.716 -0.054 9.700 -0.0000 1.0000 -0.0000
-3.245 -0.054 10.700 -0.0000 1.0000 -0.0000
-2.716 -0.054 10.700 -0.0000 1.0000 -0.0000
-3.245 -0.054 11.700 -0.0000 1.0000 -0.0000
-2.716 -0.054 11.700 -0.0000 1.0000 -0.0000
-3.245 -0.054 12.700 -0.0000 1.0000 -0.0000
-2.716 -0.054 12.700 -0.0000 1.0000 -0.0000
-3.245 -0.054 13.700 -0.0000 1.0000 -0.0000
-2.716 -0.054 13.700 -0.0000 1.0000 -0.0000
-3.245 -0.054 14.700 -0.0000 1.0000 -0.0000
-2.716 -0.054 14.700 -0.0000 1.0000 -0.0000
-3.245 -0.054 15.700 -0.0000 1.0000 -0.0000
-2.716 -0.054 15.700 -0.0000 1.0000 -0.0000
-3.245 -0.054 16.700 -0.0000 1.0000 -0.0000
-2.716 -0.054 16.700 -0.0000 1.0000 -0.0000
-3.245 -0.054 17.700 -0.0000 1.0000 -0.0000
-2.716 -0.054 17.700 -0.0000 1.0000 -0.0000
-3.245 -0.054 18.700 -0.0000 1.0000 -0.0000
-2.716 -0.054 18.700 -0.0000 1.0000 -0.0000
-3.245 -0.054 19.700 -0.0000 1.0000 -0.0000
-2.716 -0.054 19.700 -0.0000 1.0000 -0.0000
-3.245 -0.054 20.700 -0.0000 1.0000 -0.0000
-2.716 -0.054 20.700 -0.0000 1.0000 -0.0000
-3.245 -0.054 21.700 -0.0000 1.0000 -0.0000
-2.716 -0.054 21.700 -0.0000 1.0000 -0.0000
-3.245 -0.054 22.700 -0.0000 1.0000 -0.0000
-2.716 -0.054 22.700 -0.0000 1.0000 -0.0000
-3.245 -0.054 23.700 -0.0000 1.0000 -0.0000
-2.716 -0.054 23.700 -0.0000 1.0000 -0.0000
-3.245 -0.054 24.700 -0.0000 1.0000 -0.0000
-2.716 -0.054 24.700 -0.0000 1.0000 -0.0000
-3.245 -0.054 25.700 -0.0000 1.0000 -0.0000
-2.716 -0.054 25.700 -0.0000 1.0000 -0.0000
-3.249 -0.054 26.200 -0.0000 1.0000 -0.0000
-2.722 -0.054 26.200 -0.0000 1.0000 -0.0000
-3.251 -0.054 26.450 -0.0000 1.0000 -0.0000
-2.724 -0.054 26.450 -0.0000 1.0000 -0.0000
-3.253 -0.054 26.700 -0.0000 1.0000 -0.0000
-2.727 -0.054 26.700 -0.0000 1.0000 -0.0000
-3.254 -0.054 27.700 -0.0000 1.0000 -0.0000
-2.728 -0.054 27.700 -0.0000 1.0000 -0.0000
-3.255 -0.054 28.700 -0.0000 1.0000 -0.0000
-2.729 -0.054 28.700 -0.0000 1.0000 -0.0000
-3.256 -0.054 29.700 -0.0000 1.0000 -0.0000
-2.730 -0.054 29.700 -0.0000 1.0000 -0.0000
-3.257 -0.054 30.700 -0.0000 1.0000 -0.0000
-2.731 -0.054 30.700 -0.0000 1.0000 -0.0000
-3.258 -0.054 31.700 -0.0000 1.0000 -0.0000
-2.733 -0.054 31.700 -0.0000 1.0000 -0.0000
-3.258 -0.054 32.700 -0.0000 1.0000 -0.0000
-2.734 -0.054 32.700 -0.0000 1.0000 -0.0000
-3.259 -0.054 32.950 -0.0000 1.0000 -0.0000
-2.734 -0.054 32.950 -0.0000 1.0000 -0.0000
-3.259 -0.054 33.700 -0.0000 1.0000 -0.0000
-2.735 -0.054 33.700 -0.0000 1.0000 -0.0000
-3.259 -0.054 33.900 -0.0000 1.0000 -0.0000
-2.735 -0.054 33.900 -0.0000 1.0000 -0.0000
-3.096 -0.054 -33.900 -0.0000 1.0000 -0.0000
-2.662 -0.054 -33.900 -0.0000 1.0000 -0.0000
-3.096 -0.054 -33.300 -0.0000 1.0000 -0.0000
-2.662 -0.054 -33.300 -0.0000 1.0000 -0.0000
-3.096 -0.054 -32.300 -0.0000 1.0000 -0.0000
-2.662 -0.054 -32.300 -0.0000 1.0000 -0.0000
-3.086 -0.054 -31.300 -0.0000 1.0000 -0.0000
-2.649 -0.054 -31.300 -0.0000 1.0000 -0.0000
-3.073 -0.054 -30.300 -0.0000 1.0000 -0.0000
-2.633 -0.054 -30.300 -0.0000 1.0000 -0.0000
-3.058 -0.054 -29.300 -0.0000 1.0000 -0.0000
-2.614 -0.054 -29.300 -0.0000 1.0000 -0.0000
-3.043 -0.054 -28.300 -0.0000 1.0000 -0.0000
-2.595 -0.054 -28.300 -0.0000 1.0000 -0.0000
-3.027 -0.054 -27.300 -0.0000 1.0000 -0.0000
-2.576 -0.054 -27.300 -0.0000 1.0000 -0.0000
-3.011 -0.054 -26.300 -0.0000 1.0000 -0.0000
-2.556 -0.054 -26.300 -0.0000 1.0000 -0.0000
-2.994 -0.054 -25.300 -0.0000 1.0000 -0.0000
-2.534 -0.054 -25.300 -0.0000 1.0000 -0.0000
-2.974 -0.054 -24.300 -0.0000 1.0000 -0.0000
-2.510 -0.054 -24.300 -0.0000 1.0000 -0.0000
-2.954 -0.054 -23.300 -0.0000 1.0000 -0.0000
-2.484 -0.054 -23.300 -0.0000 1.0000 -0.0000
-2.931 -0.054 -22.300 -0.0000 1.0000 -0.0000
-2.456 -0.054 -22.300 -0.0000 1.0000 -0.0000
-2.908 -0.054 -21.300 -0.0000 1.0000 -0.0000
-2.427 -0.054 -21.300 -0.0000 1.0000 -0.0000
-2.881 -0.054 -20.300 -0.0000 1.0000 -0.0000
-2.393 -0.054 -20.300 -0.0000 1.0000 -0.0000
-2.854 -0.054 -19.300 -0.0000 1.0000 -0.0000
-2.359 -0.054 -19.300 -0.0000 1.0000 -0.0000
-2.826 -0.054 -18.300 -0.0000 1.0000 -0.0000
-2.325 -0.054 -18.300 -0.0000 1.0000 -0.0000
-2.799 -0.054 -17.300 -0.0000 1.0000 -0.0000
-2.290 -0.054 -17.300 -0.0000 1.0000 -0.0000
-2.771 -0.054 -16.300 -0.0000 1.0000 -0.0000
-2.256 -0.054 -16.300 -0.0000 1.0000 -0.0000
-2.744 -0.054 -15.300 -0.0000 1.0000 -0.0000
-2.222 -0.054 -15.300 -0.0000 1.0000 -0.0000
-2.716 -0.054 -14.300 -0.0000 1.0000 -0.0000
-2.187 -0.054 -14.300 -0.0000 1.0000 -0.0000
-2.716 -0.054 -13.950 -0.0000 1.0000 -0.0000
-2.187 -0.054 -13.950 -0.0000 1.0000 -0.0000
-2.716 -0.054 -13.300 -0.0000 1.0000 -0.0000
-2.187 -0.054 -13.300 -0.0000 1.0000 -0.0000
-2.716 -0.054 -12.300 -0.0000 1.0000 -0.0000
-2.187 -0.054 -12.300 -0.0000 1.0000 -0.0000
-2.716 -0.054 -11.300 -0.0000 1.0000 -0.0000
-2.187 -0.054 -11.300 -0.0000 1.0000 -0.0000
-2.716 -0.054 -10.300 -0.0000 1.0000 -0.0000
-2.187 -0.054 -10.300 -0.0000 1.0000 -0.0000
-2.716 -0.054 -9.300 -0.0000 1.0000 -0.0000
-2.187 -0.054 -9.300 -0.0000 1.0000 -0.0000
-2.716 -0.054 -8.300 -0.0000 1.0000 -0.0000
-2.187 -0.054 -8.300 -0.0000 1.0000 -0.0000
-2.716 -0.054 -7.450 -0.0000 1.0000 -0.0000
-2.187 -0.054 -7.450 -0.0000 1.0000 -0.0000
-2.716 -0.054 -7.350 -0.0000 1.0000 -0.0000
-2.187 -0.054 -7.350 -0.0000 1.0000 -0.0000
-2.716 -0.054 -7.300 -0.0000 1.0000 -0.0000
-2.187 -0.054 -7.300 -0.0000 1.0000 -0.0000
-2.716 -0.054 -6.300 -0.0000 1.0000 -0.0000
-2.187 -0.054 -6.300 -0.0000 1.0000 -0.0000
-2.716 -0.054 -5.800 -0.0000 1.0000 -0.0000
-2.187 -0.054 -5.800 -0.0000 1.0000 -0.0000
-2.716 -0.054 -5.300 -0.0000 1.0000 -0.0000
-2.187 -0.054 -5.300 -0.0000 1.0000 -0.0000
-2.716 -0.054 -4.300 -0.0000 1.0000 -0.0000
-2.187 -0.054 -4.300 -0.0000 1.0000 -0.0000
-2.716 -0.054 -3.300 -0.0000 1.0000 -0.0000
-2.187 -0.054 -3.300 -0.0000 1.0000 -0.0000
-2.716 -0.054 -2.300 -0.0000 1.0000 -0.0000
-2.187 -0.054 -2.300 -0.0000 1.0000 -0.0000
-2.716 -0.054 -1.300 -0.0000 1.0000 -0.0000
-2.187 -0.054 -1.300 -0.0000 1.0000 -0.0000
-2.716 -0.054 -0.300 -0.0000 1.0000 -0.0000
-2.187 -0.054 -0.300 -0.0000 1.0000 -0.0000
-2.716 -0.054 0.700 -0.0000 1.0000 -0.0000
-2.187 -0.054 0.700 -0.0000 1.0000 -0.0000
-2.716 -0.054 1.700 -0.0000 1.0000 -0.0000
-2.187 -0.054 1.700 -0.0000 1.0000 -0.0000
-2.716 -0.054 2.700 -0.0000 1.0000 -0.0000
-2.187 -0.054 2.700 -0.0000 1.0000 -0.0000
-2.716 -0.054 3.700 -0.0000 1.0000 -0.0000
-2.187 -0.054 3.700 -0.0000 1.0000 -0.0000
-2.716 -0.054 4.700 -0.0000 1.0000 -0.0000
-2.187 -0.054 4.700 -0.0000 1.0000 -0.0000
-2.716 -0.054 5.700 -0.0000 1.0000 -0.0000
-2.187 -0.054 5.700 -0.0000 1.0000 -0.0000
-2.716 -0.054 6.700 -0.0000 1.0000 -0.0000
-2.187 -0.054 6.700 -0.0000 1.0000 -0.0000
-2.716 -0.054 7.700 -0.0000 1.0000 -0.0000
-2.187 -0.054 7.700 -0.0000 1.0000 -0.0000
-2.716 -0.054 8.700 -0.0000 1.0000 -0.0000
-2.187 -0.054 8.700 -0.0000 1.0000 -0.0000
-2.716 -0.054 9.700 -0.0000 1.0000 -0.0000
-2.187 -0.054 9.700 -0.0000 1.0000 -0.0000
-2.716 -0.054 10.700 -0.0000 1.0000 -0.0000
-2.187 -0.054 10.700 -0.0000 1.0000 -0.0000
-2.716 -0.054 11.700 -0.0000 1.0000 -0.0000
-2.187 -0.054 11.700 -0.0000 1.0000 -0.0000
-2.716 -0.054 12.700 -0.0000 1.0000 -0.0000
-2.187 -0.054 12.700 -0.0000 1.0000 -0.0000
-2.716 -0.054 13.700 -0.0000 1.0000 -0.0000
-2.187 -0.054 13.700 -0.0000 1.0000 -0.0000
-2.716 -0.054 14.700 -0.0000 1.0000 -0.0000
-2.187 -0.054 14.700 -0.0000 1.0000 -0.0000
-2.716 -0.054 15.700 -0.0000 1.0000 -0.0000
-2.187 -0.054 15.700 -0.0000 1.0000 -0.0000
-2.716 -0.054 16.700 -0.0000 1.0000 -0.0000
-2.187 -0.054 16.700 -0.0000 1.0000 -0.0000
-2.716 -0.054 17.700 -0.0000 1.0000 -0.0000
-2.187 -0.054 17.700 -0.0000 1.0000 -0.0000
-2.716 -0.054 18.700 -0.0000 1.0000 -0.0000
-2.187 -0.054 18.700 -0.0000 1.0000 -0.0000
-2.716 -0.054 19.700 -0.0000 1.0000 -0.0000
-2.187 -0.054 19.700 -0.0000 1.0000 -0.0000
-2.716 -0.054 20.700 -0.0000 1.0000 -0.0000
-2.187 -0.054 20.700 -0.0000 1.0000 -0.0000
-2.716 -0.054 21.700 -0.0000 1.0000 -0.0000
-2.187 -0.054 21.700 -0.0000 1.0000 -0.0000
-2.716 -0.054 22.700 -0.0000 1.0000 -0.0000
-2.187 -0.054 22.700 -0.0000 1.0000 -0.0000
-2.716 -0.054 23.700 -0.0000 1.0000 -0.0000
-2.187 -0.054 23.700 -0.0000 1.0000 -0.0000
-2.716 -0.054 24.700 -0.0000 1.0000 -0.0000
-2.187 -0.054 24.700 -0.0000 1.0000 -0.0000
-2.716 -0.054 25.700 -0.0000 1.0000 -0.0000
-2.187 -0.054 25.700 -0.0000 1.0000 -0.0000
-2.722 -0.054 26.200 -0.0000 1.0000 -0.0000
-2.194 -0.054 26.200 -0.0000 1.0000 -0.0000
-2.724 -0.054 26.450 -0.0000 1.0000 -0.0000
-2.197 -0.054 26.450 -0.0000 1.0000 -0.0000
-2.727 -0.054 26.700 -0.0000 1.0000 -0.0000
-2.200 -0.054 26.700 -0.0000 1.0000 -0.0000
-2.728 -0.054 27.700 -0.0000 1.0000 -0.0000
-2.202 -0.054 27.700 -0.0000 1.0000 -0.0000
-2.729 -0.054 28.700 -0.0000 1.0000 -0.0000
-2.203 -0.054 28.700 -0.0000 1.0000 -0.0000
-2.730 -0.054 29.700 -0.0000 1.0000 -0.0000
-2.205 -0.054 29.700 -0.0000 1.0000 -0.0000
-2.731 -0.054 30.700 -0.0000 1.0000 -0.0000
-2.206 -0.054 30.700 -0.0000 1.0000 -0.0000
-2.733 -0.054 31.700 -0.0000 1.0000 -0.0000
-2.207 -0.054 31.700 -0.0000 1.0000 -0.0000
-2.734 -0.054 32.700 -0.0000 1.0000 -0.0000
-2.209 -0.054 32.700 -0.0000 1.0000 -0.0000
-2.734 -0.054 32.950 -0.0000 1.0000 -0.0000
-2.209 -0.054 32.950 -0.0000 1.0000 -0.0000
-2.735 -0.054 33.700 -0.0000 1.0000 -0.0000
-2.210 -0.054 33.700 -0.0000 1.0000 -0.0000
-2.735 -0.054 33.900 -0.0000 1.0000 -0.0000
-2.210 -0.054 33.900 -0.0000 1.0000 -0.0000
-2.662 -0.054 -33.900 -0.0000 1.0000 -0.0000
-2.228 -0.054 -33.900 -0.0000 1.0000 -0.0000
-2.662 -0.054 -33.300 -0.0000 1.0000 -0.0000
-2.228 -0.054 -33.300 -0.0000 1.0000 -0.0000
-2.662 -0.054 -32.300 -0.0000 1.0000 -0.0000
-2.228 -0.054 -32.300 -0.0000 1.0000 -0.0000
-2.649 -0.054 -31.300 -0.0000 1.0000 -0.0000
-2.212 -0.054 -31.300 -0.0000 1.0000 -0.0000
-2.633 -0.054 -30.300 -0.0000 1.0000 -0.0000
-2.193 -0.054 -30.300 -0.0000 1.0000 -0.0000
-2.614 -0.054 -29.300 -0.0000 1.0000 -0.0000
-2.171 -0.054 -29.300 -0.0000 1.0000 -0.0000
-2.595 -0.054 -28.300 -0.0000 1.0000 -0.0000
-2.147 -0.054 -28.300 -0.0000 1.0000 -0.0000
-2.576 -0.054 -27.300 -0.0000 1.0000 -0.0000
-2.124 -0.054 -27.300 -0.0000 1.0000 -0.0000
-2.556 -0.054 -26.300 -0.0000 1.0000 -0.0000
-2.100 -0.054 -26.300 -0.0000 1.0000 -0.0000
-2.534 -0.054 -25.300 -0.0000 1.0000 -0.0000
-2.074 -0.054 -25.300 -0.0000 1.0000 -0.0000
-2.510 -0.054 -24.300 -0.0000 1.0000 -0.0000
-2.045 -0.054 -24.300 -0.0000 1.0000 -0.0000
-2.484 -0.054 -23.300 -0.0000 1.0000 -0.0000
-2.014 -0.054 -23.300 -0.0000 1.0000 -0.0000
-2.456 -0.054 -22.300 -0.0000 1.0000 -0.0000
-1.980 -0.054 -22.300 -0.0000 1.0000 -0.0000
-2.427 -0.054 -21.300 -0.0000 1.0000 -0.0000
-1.946 -0.054 -21.300 -0.0000 1.0000 -0.0000
-2.393 -0.054 -20.300 -0.0000 1.0000 -0.0000
-1.905 -0.054 -20.300 -0.0000 1.0000 -0.0000
-2.359 -0.054 -19.300 -0.0000 1.0000 -0.0000
-1.864 -0.054 -19.300 -0.0000 1.0000 -0.0000
-2.325 -0.054 -18.300 -0.0000 1.0000 -0.0000
-1.823 -0.054 -18.300 -0.0000 1.0000 -0.0000
-2.290 -0.054 -17.300 -0.0000 1.0000 -0.0000
-1.782 -0.054 -17.300 -0.0000 1.0000 -0.0000
-2.256 -0.054 -16.300 -0.0000 1.0000 -0.0000
-1.741 -0.054 -16.300 -0.0000 1.0000 -0.0000
-2.222 -0.054 -15.300 -0.0000 1.0000 -0.0000
-1.700 -0.054 -15.300 -0.0000 1.0000 -0.0000
-2.187 -0.054 -14.300 -0.0000 1.0000 -0.0000
-1.658 -0.054 -14.300 -0.0000 1.0000 -0.0000
-2.187 -0.054 -13.950 -0.0000 1.0000 -0.0000
-1.658 -0.054 -13.950 -0.0000 1.0000 -0.0000
-2.187 -0.054 -13.300 -0.0000 1.0000 -0.0000
-1.658 -0.054 -13.300 -0.0000 1.0000 -0.0000
-2.187 -0.054 -12.300 -0.0000 1.0000 -0.0000
-1.658 -0.054 -12.300 -0.0000 1.0000 -0.0000
-2.187 -0.054 -11.300 -0.0000 1.0000 -0.0000
-1.658 -0.054 -11.300 -0.0000 1.0000 -0.0000
-2.187 -0.054 -10.300 -0.0000 1.0000 -0.0000
-1.658 -0.054 -10.300 -0.0000 1.0000 -0.0000
-2.187 -0.054 -9.300 -0.0000 1.0000 -0.0000
-1.658 -0.054 -9.300 -0.0000 1.0000 -0.0000
-2.187 -0.054 -8.300 -0.0000 1.0000 -0.0000
-1.658 -0.054 -8.300 -0.0000 1.0000 -0.0000
-2.187 -0.054 -7.450 -0.0000 1.0000 -0.0000
-1.658 -0.054 -7.450 -0.0000 1.0000 -0.0000
-2.187 -0.054 -7.350 -0.0000 1.0000 -0.0000
-1.658 -0.054 -7.350 -0.0000 1.0000 -0.0000
-2.187 -0.054 -7.300 -0.0000 1.0000 -0.0000
-1.658 -0.054 -7.300 -0.0000 1.0000 -0.0000
-2.187 -0.054 -6.300 -0.0000 1.0000 -0.0000
-1.658 -0.054 -6.300 -0.0000 1.0000 -0.0000
-2.187 -0.054 -5.800 -0.0000 1.0000 -0.0000
-1.658 -0.054 -5.800 -0.0000 1.0000 -0.0000
-2.187 -0.054 -5.300 -0.0000 1.0000 -0.0000
-1.658 -0.054 -5.300 -0.0000 1.0000 -0.0000
-2.187 -0.054 -4.300 -0.0000 1.0000 -0.0000
-1.658 -0.054 -4.300 -0.0000 1.0000 -0.0000
-2.187 -0.054 -3.300 -0.0000 1.0000 -0.0000
-1.658 -0.054 -3.300 -0.0000 1.0000 -0.0000
-2.187 -0.054 -2.300 -0.0000 1.0000 -0.0000
-1.658 -0.054 -2.300 -0.0000 1.0000 -0.0000
-2.187 -0.054 -1.300 -0.0000 1.0000 -0.0000
-1.658 -0.054 -1.300 -0.0000 1.0000 -0.0000
-2.187 -0.054 -0.300 -0.0000 1.0000 -0.0000
-1.658 -0.054 -0.300 -0.0000 1.0000 -0.0000
-2.187 -0.054 0.700 -0.0000 1.0000 -0.0000
-1.658 -0.054 0.700 -0.0000 1.0000 -0.0000
-2.187 -0.054 1.700 -0.0000 1.0000 -0.0000
-1.658 -0.054 1.700 -0.0000 1.0000 -0.0000
-2.187 -0.054 2.700 -0.0000 1.0000 -0.0000
-1.658 -0.054 2.700 -0.0000 1.0000 -0.0000
-2.187 -0.054 3.700 -0.0000 1.0000 -0.0000
-1.658 -0.054 3.700 -0.0000 1.0000 -0.0000
-2.187 -0.054 4.700 -0.0000 1.0000 -0.0000
-1.658 -0.054 4.700 -0.0000 1.0000 -0.0000
-2.187 -0.054 5.700 -0.0000 1.0000 -0.0000
-1.658 -0.054 5.700 -0.0000 1.0000 -0.0000
-2.187 -0.054 6.700 -0.0000 1.0000 -0.0000
-1.658 -0.054 6.700 -0.0000 1.0000 -0.0000
-2.187 -0.054 7.700 -0.0000 1.0000 -0.0000
-1.658 -0.054 7.700 -0.0000 1.0000 -0.0000
-2.187 -0.054 8.700 -0.0000 1.0000 -0.0000
-1.658 -0.054 8.700 -0.0000 1.0000 -0.0000
-2.187 -0.054 9.700 -0.0000 1.0000 -0.0000
-1.658 -0.054 9.700 -0.0000 1.0000 -0.0000
-2.187 -0.054 10.700 -0.0000 1.0000 -0.0000
-1.658 -0.054 10.700 -0.0000 1.0000 -0.0000
-2.187 -0.054 11.700 -0.0000 1.0000 -0.0000
-1.658 -0.054 11.700 -0.0000 1.0000 -0.0000
-2.187 -0.054 12.700 -0.0000 1.0000 -0.0000
-1.658 -0.054 12.700 -0.0000 1.0000 -0.0000
-2.187 -0.054 13.700 -0.0000 1.0000 -0.0000
-1.658 -0.054 13.700 -0.0000 1.0000 -0.0000
-2.187 -0.054 14.700 -0.0000 1.0000 -0.0000
-1.658 -0.054 14.700 -0.0000 1.0000 -0.0000
-2.187 -0.054 15.700 -0.0000 1.0000 -0.0000
-1.658 -0.054 15.700 -0.0000 1.0000 -0.0000
-2.187 -0.054 16.700 -0.0000 1.0000 -0.0000
-1.658 -0.054 16.700 -0.0000 1.0000 -0.0000
-2.187 -0.054 17.700 -0.0000 1.0000 -0.0000
-1.658 -0.054 17.700 -0.0000 1.0000 -0.0000
-2.187 -0.054 18.700 -0.0000 1.0000 -0.0000
-1.658 -0.054 18.700 -0.0000 1.0000 -0.0000
-2.187 -0.054 19.700 -0.0000 1.0000 -0.0000
-1.658 -0.054 19.700 -0.0000 1.0000 -0.0000
-2.187 -0.054 20.700 -0.0000 1.0000 -0.0000
-1.658 -0.054 20.700 -0.0000 1.0000 -0.0000
-2.187 -0.054 21.700 -0.0000 1.0000 -0.0000
-1.658 -0.054 21.700 -0.0000 1.0000 -0.0000
-2.187 -0.054 22.700 -0.0000 1.0000 -0.0000
-1.658 -0.054 22.700 -0.0000 1.0000 -0.0000
-2.187 -0.054 23.700 -0.0000 1.0000 -0.0000
-1.658 -0.054 23.700 -0.0000 1.0000 -0.0000
-2.187 -0.054 24.700 -0.0000 1.0000 -0.0000
-1.658 -0.054 24.700 -0.0000 1.0000 -0.0000
-2.187 -0.054 25.700 -0.0000 1.0000 -0.0000
-1.658 -0.054 25.700 -0.0000 1.0000 -0.0000
-2.194 -0.054 26.200 -0.0000 1.0000 -0.0000
-1.666 -0.054 26.200 -0.0000 1.0000 -0.0000
-2.197 -0.054 26.450 -0.0000 1.0000 -0.0000
-1.670 -0.054 26.450 -0.0000 1.0000 -0.0000
-2.200 -0.054 26.700 -0.0000 1.0000 -0.0000
-1.674 -0.054 26.700 -0.0000 1.0000 -0.0000
-2.202 -0.054 27.700 -0.0000 1.0000 -0.0000
-1.675 -0.054 27.700 -0.0000 1.0000 -0.0000
-2.203 -0.054 28.700 -0.0000 1.0000 -0.0000
-1.677 -0.054 28.700 -0.0000 1.0000 -0.0000
-2.205 -0.054 29.700 -0.0000 1.0000 -0.0000
-1.679 -0.054 29.700 -0.0000 1.0000 -0.0000
-2.206 -0.054 30.700 -0.0000 1.0000 -0.0000
-1.681 -0.054 30.700 -0.0000 1.0000 -0.0000
-2.207 -0.054 31.700 -0.0000 1.0000 -0.0000
-1.682 -0.054 31.700 -0.0000 1.0000 -0.0000
-2.209 -0.054 32.700 -0.0000 1.0000 -0.0000
-1.684 -0.054 32.700 -0.0000 1.0000 -0.0000
-2.209 -0.054 32.950 -0.0000 1.0000 -0.0000
-1.685 -0.054 32.950 -0.0000 1.0000 -0.0000
-2.210 -0.054 33.700 -0.0000 1.0000 -0.0000
-1.686 -0.054 33.700 -0.0000 1.0000 -0.0000
-2.210 -0.054 33.900 -0.0000 1.0000 -0.0000
-1.686 -0.054 33.900 -0.0000 1.0000 -0.0000
-2.228 -0.054 -33.900 -0.0000 1.0000 -0.0000
-1.794 -0.054 -33.900 -0.0000 1.0000 -0.0000
-2.228 -0.054 -33.300 -0.0000 1.0000 -0.0000
-1.794 -0.054 -33.300 -0.0000 1.0000 -0.0000
-2.228 -0.054 -32.300 -0.0000 1.0000 -0.0000
-1.794 -0.054 -32.300 -0.0000 1.0000 -0.0000
-2.212 -0.054 -31.300 -0.0000 1.0000 -0.0000
-1.775 -0.054 -31.300 -0.0000 1.0000 -0.0000
-2.193 -0.054 -30.300 -0.0000 1.0000 -0.0000
-1.753 -0.054 -30.300 -0.0000 1.0000 -0.0000
-2.171 -0.054 -29.300 -0.0000 1.0000 -0.0000
-1.727 -0.054 -29.300 -0.0000 1.0000 -0.0000
-2.147 -0.054 -28.300 -0.0000 1.0000 -0.0000
-1.700 -0.054 -28.300 -0.0000 1.0000 -0.0000
-2.124 -0.054 -27.300 -0.0000 1.0000 -0.0000
-1.673 -0.054 -27.300 -0.0000 1.0000 -0.0000
-2.100 -0.054 -26.300 -0.0000 1.0000 -0.0000
-1.645 -0.054 -26.300 -0.0000 1.0000 -0.0000
-2.074 -0.054 -25.300 -0.0000 1.0000 -0.0000
-1.614 -0.054 -25.300 -0.0000 1.0000 -0.0000
-2.045 -0.054 -24.300 -0.0000 1.0000 -0.0000
-1.581 -0.054 -24.300 -0.0000 1.0000 -0.0000
-2.014 -0.054 -23.300 -0.0000 1.0000 -0.0000
-1.544 -0.054 -23.300 -0.0000 1.0000 -0.0000
-1.980 -0.054 -22.300 -0.0000 1.0000 -0.0000
-1.505 -0.054 -22.300 -0.0000 1.0000 -0.0000
-1.946 -0.054 -21.300 -0.0000 1.0000 -0.0000
-1.465 -0.054 -21.300 -0.0000 1.0000 -0.0000
-1.905 -0.054 -20.300 -0.0000 1.0000 -0.0000
-1.417 -0.054 -20.300 -0.0000 1.0000 -0.0000
-1.864 -0.054 -19.300 -0.0000 1.0000 -0.0000
-1.369 -0.054 -19.300 -0.0000 1.0000 -0.0000
-1.823 -0.054 -18.300 -0.0000 1.0000 -0.0000
-1.321 -0.054 -18.300 -0.0000 1.0000 -0.0000
-1.782 -0.054 -17.300 -0.0000 1.0000 -0.0000
-1.273 -0.054 -17.300 -0.0000 1.0000 -0.0000
-1.741 -0.054 -16.300 -0.0000 1.0000 -0.0000
-1.225 -0.054 -16.300 -0.0000 1.0000 -0.0000
-1.700 -0.054 -15.300 -0.0000 1.0000 -0.0000
-1.177 -0.054 -15.300 -0.0000 1.0000 -0.0000
-1.658 -0.054 -14.300 -0.0000 1.0000 -0.0000
-1.129 -0.054 -14.300 -0.0000 1.0000 -0.0000
-1.658 -0.054 -13.950 -0.0000 1.0000 -0.0000
-1.129 -0.054 -13.950 -0.0000 1.0000 -0.0000
-1.658 -0.054 -13.300 -0.0000 1.0000 -0.0000
-1.129 -0.054 -13.300 -0.0000 1.0000 -0.0000
-1.658 -0.054 -12.300 -0.0000 1.0000 -0.0000
-1.129 -0.054 -12.300 -0.0000 1.0000 -0.0000
-1.658 -0.054 -11.300 -0.0000 1.0000 -0.0000
-1.129 -0.054 -11.300 -0.0000 1.0000 -0.0000
-1.658 -0.054 -10.300 -0.0000 1.0000 -0.0000
-1.129 -0.054 -10.300 -0.0000 1.0000 -0.0000
-1.658 -0.054 -9.300 -0.0000 1.0000 -0.0000
-1.129 -0.054 -9.300 -0.0000 1.0000 -0.0000
-1.658 -0.054 -8.300 -0.0000 1.0000 -0.0000
-1.129 -0.054 -8.300 -0.0000 1.0000 -0.0000
-1.658 -0.054 -7.450 -0.0000 1.0000 -0.0000
-1.129 -0.054 -7.450 -0.0000 1.0000 -0.0000
-1.658 -0.054 -7.350 -0.0000 1.0000 -0.0000
-1.129 -0.054 -7.350 -0.0000 1.0000 -0.0000
-1.658 -0.054 -7.300 -0.0000 1.0000 -0.0000
-1.129 -0.054 -7.300 -0.0000 1.0000 -0.0000
-1.658 -0.054 -6.300 -0.0000 1.0000 -0.0000
-1.129 -0.054 -6.300 -0.0000 1.0000 -0.0000
-1.658 -0.054 -5.800 -0.0000 1.0000 -0.0000
-1.129 -0.054 -5.800 -0.0000 1.0000 -0.0000
-1.658 -0.054 -5.300 -0.0000 1.0000 -0.0000
-1.129 -0.054 -5.300 -0.0000 1.0000 -0.0000
-1.658 -0.054 -4.300 -0.0000 1.0000 -0.0000
-1.129 -0.054 -4.300 -0.0000 1.0000 -0.0000
-1.658 -0.054 -3.300 -0.0000 1.0000 -0.0000
-1.129 -0.054 -3.300 -0.0000 1.0000 -0.0000
-1.658 -0.054 -2.300 -0.0000 1.0000 -0.0000
-1.129 -0.054 -2.300 -0.0000 1.0000 -0.0000
-1.658 -0.054 -1.300 -0.0000 1.0000 -0.0000
-1.129 -0.054 -1.300 -0.0000 1.0000 -0.0000
-1.658 -0.054 -0.300 -0.0000 1.0000 -0.0000
-1.129 -0.054 -0.300 -0.0000 1.0000 -0.0000
-1.658 -0.054 0.700 -0.0000 1.0000 -0.0000
-1.129 -0.054 0.700 -0.0000 1.0000 -0.0000
-1.658 -0.054 1.700 -0.0000 1.0000 -0.0000
-1.129 -0.054 1.700 -0.0000 1.0000 -0.0000
-1.658 -0.054 2.700 -0.0000 1.0000 -0.0000
-1.129 -0.054 2.700 -0.0000 1.0000 -0.0000
-1.658 -0.054 3.700 -0.0000 1.0000 -0.0000
-1.129 -0.054 3.700 -0.0000 1.0000 -0.0000
-1.658 -0.054 4.700 -0.0000 1.0000 -0.0000
-1.129 -0.054 4.700 -0.0000 1.0000 -0.0000
-1.658 -0.054 5.700 -0.0000 1.0000 -0.0000
-1.129 -0.054 5.700 -0.0000 1.0000 -0.0000
-1.658 -0.054 6.700 -0.0000 1.0000 -0.0000
-1.129 -0.054 6.700 -0.0000 1.0000 -0.0000
-1.658 -0.054 7.700 -0.0000 1.0000 -0.0000
-1.129 -0.054 7.700 -0.0000 1.0000 -0.0000
-1.658 -0.054 8.700 -0.0000 1.0000 -0.0000
-1.129 -0.054 8.700 -0.0000 1.0000 -0.0000
-1.658 -0.054 9.700 -0.0000 1.0000 -0.0000
-1.129 -0.054 9.700 -0.0000 1.0000 -0.0000
-1.658 -0.054 10.700 -0.0000 1.0000 -0.0000
-1.129 -0.054 10.700 -0.0000 1.0000 -0.0000
-1.658 -0.054 11.700 -0.0000 1.0000 -0.0000
-1.129 -0.054 11.700 -0.0000 1.0000 -0.0000
-1.658 -0.054 12.700 -0.0000 1.0000 -0.0000
-1.129 -0.054 12.700 -0.0000 1.0000 -0.0000
-1.658 -0.054 13.700 -0.0000 1.0000 -0.0000
-1.129 -0.054 13.700 -0.0000 1.0000 -0.0000
-1.658 -0.054 14.700 -0.0000 1.0000 -0.0000
-1.129 -0.054 14.700 -0.0000 1.0000 -0.0000
-1.658 -0.054 15.700 -0.0000 1.0000 -0.0000
-1.129 -0.054 15.700 -0.0000 1.0000 -0.0000
-1.658 -0.054 16.700 -0.0000 1.0000 -0.0000
-1.129 -0.054 16.700 -0.0000 1.0000 -0.0000
-1.658 -0.054 17.700 -0.0000 1.0000 -0.0000
-1.129 -0.054 17.700 -0.0000 1.0000 -0.0000
-1.658 -0.054 18.700 -0.0000 1.0000 -0.0000
-1.129 -0.054 18.700 -0.0000 1.0000 -0.0000
-1.658 -0.054 19.700 -0.0000 1.0000 -0.0000
-1.129 -0.054 19.700 -0.0000 1.0000 -0.0000
-1.658 -0.054 20.700 -0.0000 1.0000 -0.0000
-1.129 -0.054 20.700 -0.0000 1.0000 -0.0000
-1.658 -0.054 21.700 -0.0000 1.0000 -0.0000
-1.129 -0.054 21.700 -0.0000 1.0000 -0.0000
-1.658 -0.054 22.700 -0.0000 1.0000 -0.0000
-1.129 -0.054 22.700 -0.0000 1.0000 -0.0000
-1.658 -0.054 23.700 -0.0000 1.0000 -0.0000
-1.129 -0.054 23.700 -0.0000 1.0000 -0.0000
-1.658 -0.054 24.700 -0.0000 1.0000 -0.0000
-1.129 -0.054 24.700 -0.0000 1.0000 -0.0000
-1.658 -0.054 25.700 -0.0000 1.0000 -0.0000
-1.129 -0.054 25.700 -0.0000 1.0000 -0.0000
-1.666 -0.054 26.200 -0.0000 1.0000 -0.0000
-1.138 -0.054 26.200 -0.0000 1.0000 -0.0000
-1.670 -0.054 26.450 -0.0000 1.0000 -0.0000
-1.143 -0.054 26.450 -0.0000 1.0000 -0.0000
-1.674 -0.054 26.700 -0.0000 1.0000 -0.0000
-1.147 -0.054 26.700 -0.0000 1.0000 -0.0000
-1.675 -0.054 27.700 -0.0000 1.0000 -0.0000
-1.149 -0.054 27.700 -0.0000 1.0000 -0.0000
-1.677 -0.054 28.700 -0.0000 1.0000 -0.0000
-1.151 -0.054 28.700 -0.0000 1.0000 -0.0000
-1.679 -0.054 29.700 -0.0000 1.0000 -0.0000
-1.153 -0.054 29.700 -0.0000 1.0000 -0.0000
-1.681 -0.054 30.700 -0.0000 1.0000 -0.0000
-1.155 -0.054 30.700 -0.0000 1.0000 -0.0000
-1.682 -0.054 31.700 -0.0000 1.0000 -0.0000
-1.157 -0.054 31.700 -0.0000 1.0000 -0.0000
-1.684 -0.054 32.700 -0.0000 1.0000 -0.0000
-1.159 -0.054 32.700 -0.0000 1.0000 -0.0000
-1.685 -0.054 32.950 -0.0000 1.0000 -0.0000
-1.160 -0.054 32.950 -0.0000 1.0000 -0.0000
-1.686 -0.054 33.700 -0.0000 1.0000 -0.0000
-1.161 -0.054 33.700 -0.0000 1.0000 -0.0000
-1.686 -0.054 33.900 -0.0000 1.0000 -0.0000
-1.161 -0.054 33.900 -0.0000 1.0000 -0.0000
-1.794 -0.054 -33.900 -0.0000 1.0000 -0.0000
-1.273 -0.054 -33.900 -0.0000 1.0000 -0.0000
-1.794 -0.054 -33.300 -0.0000 1.0000 -0.0000
-1.273 -0.054 -33.300 -0.0000 1.0000 -0.0000
-1.794 -0.054 -32.300 -0.0000 1.0000 -0.0000
-1.273 -0.054 -32.300 -0.0000 1.0000 -0.0000
-1.775 -0.054 -31.300 -0.0000 1.0000 -0.0000
-1.252 -0.054 -31.300 -0.0000 1.0000 -0.0000
-1.753 -0.054 -30.300 -0.0000 1.0000 -0.0000
-1.225 -0.054 -30.300 -0.0000 1.0000 -0.0000
-1.727 -0.054 -29.300 -0.0000 1.0000 -0.0000
-1.195 -0.054 -29.300 -0.0000 1.0000 -0.0000
-1.700 -0.054 -28.300 -0.0000 1.0000 -0.0000
-1.163 -0.054 -28.300 -0.0000 1.0000 -0.0000
-1.673 -0.054 -27.300 -0.0000 1.0000 -0.0000
-1.132 -0.054 -27.300 -0.0000 1.0000 -0.0000
-1.645 -0.054 -26.300 -0.0000 1.0000 -0.0000
-1.099 -0.054 -26.300 -0.0000 1.0000 -0.0000
-1.614 -0.054 -25.300 -0.0000 1.0000 -0.0000
-1.063 -0.054 -25.300 -0.0000 1.0000 -0.0000
-1.581 -0.054 -24.300 -0.0000 1.0000 -0.0000
-1.024 -0.054 -24.300 -0.0000 1.0000 -0.0000
-1.544 -0.054 -23.300 -0.0000 1.0000 -0.0000
-0.981 -0.054 -23.300 -0.0000 1.0000 -0.0000
-1.505 -0.054 -22.300 -0.0000 1.0000 -0.0000
-0.935 -0.054 -22.300 -0.0000 1.0000 -0.0000
-1.465 -0.054 -21.300 -0.0000 1.0000 -0.0000
-0.888 -0.054 -21.300 -0.0000 1.0000 -0.0000
-1.417 -0.054 -20.300 -0.0000 1.0000 -0.0000
-0.832 -0.054 -20.300 -0.0000 1.0000 -0.0000
-1.369 -0.054 -19.300 -0.0000 1.0000 -0.0000
-0.776 -0.054 -19.300 -0.0000 1.0000 -0.0000
-1.321 -0.054 -18.300 -0.0000 1.0000 -0.0000
-0.720 -0.054 -18.300 -0.0000 1.0000 -0.0000
-1.273 -0.054 -17.300 -0.0000 1.0000 -0.0000
-0.664 -0.054 -17.300 -0.0000 1.0000 -0.0000
-1.225 -0.054 -16.300 -0.0000 1.0000 -0.0000
-0.608 -0.054 -16.300 -0.0000 1.0000 -0.0000
-1.177 -0.054 -15.300 -0.0000 1.0000 -0.0000
-0.551 -0.054 -15.300 -0.0000 1.0000 -0.0000
-1.129 -0.054 -14.300 -0.0000 1.0000 -0.0000
-0.495 -0.054 -14.300 -0.0000 1.0000 -0.0000
-1.129 -0.054 -13.950 -0.0000 1.0000 -0.0000
-0.495 -0.054 -13.950 -0.0000 1.0000 -0.0000
-1.129 -0.054 -13.300 -0.0000 1.0000 -0.0000
-0.495 -0.054 -13.300 -0.0000 1.0000 -0.0000
-1.129 -0.054 -12.300 -0.0000 1.0000 -0.0000
-0.495 -0.054 -12.300 -0.0000 1.0000 -0.0000
-1.129 -0.054 -11.300 -0.0000 1.0000 -0.0000
-0.495 -0.054 -11.300 -0.0000 1.0000 -0.0000
-1.129 -0.054 -10.300 -0.0000 1.0000 -0.0000
-0.495 -0.054 -10.300 -0.0000 1.0000 -0.0000
-1.129 -0.054 -9.300 -0.0000 1.0000 -0.0000
-0.495 -0.054 -9.300 -0.0000 1.0000 -0.0000
-1.129 -0.054 -8.300 -0.0000 1.0000 -0.0000
-0.495 -0.054 -8.300 -0.0000 1.0000 -0.0000
-1.129 -0.054 -7.450 -0.0000 1.0000 -0.0000
-0.495 -0.054 -7.450 -0.0000 1.0000 -0.0000
-1.129 -0.054 -7.350 -0.0000 1.0000 -0.0000
-0.495 -0.054 -7.350 -0.0000 1.0000 -0.0000
-1.129 -0.054 -7.300 -0.0000 1.0000 -0.0000
-0.495 -0.054 -7.300 -0.0000 1.0000 -0.0000
-1.129 -0.054 -6.300 -0.0000 1.0000 -0.0000
-0.495 -0.054 -6.300 -0.0000 1.0000 -0.0000
-1.129 -0.054 -5.800 -0.0000 1.0000 -0.0000
-0.495 -0.054 -5.800 -0.0000 1.0000 -0.0000
-1.129 -0.054 -5.300 -0.0000 1.0000 -0.0000
-0.495 -0.054 -5.300 -0.0000 1.0000 -0.0000
-1.129 -0.054 -4.300 -0.0000 1.0000 -0.0000
-0.495 -0.054 -4.300 -0.0000 1.0000 -0.0000
-1.129 -0.054 -3.300 -0.0000 1.0000 -0.0000
-0.495 -0.054 -3.300 -0.0000 1.0000 -0.0000
-1.129 -0.054 -2.300 -0.0000 1.0000 -0.0000
-0.495 -0.054 -2.300 -0.0000 1.0000 -0.0000
-1.129 -0.054 -1.300 -0.0000 1.0000 -0.0000
-0.495 -0.054 -1.300 -0.0000 1.0000 -0.0000
-1.129 -0.054 -0.300 -0.0000 1.0000 -0.0000
-0.495 -0.054 -0.300 -0.0000 1.0000 -0.0000
-1.129 -0.054 0.700 -0.0000 1.0000 -0.0000
-0.495 -0.054 0.700 -0.0000 1.0000 -0.0000
-1.129 -0.054 1.700 -0.0000 1.0000 -0.0000
-0.495 -0.054 1.700 -0.0000 1.0000 -0.0000
-1.129 -0.054 2.700 -0.0000 1.0000 -0.0000
-0.495 -0.054 2.700 -0.0000 1.0000 -0.0000
-1.129 -0.054 3.700 -0.0000 1.0000 -0.0000
-0.495 -0.054 3.700 -0.0000 1.0000 -0.0000
-1.129 -0.054 4.700 -0.0000 1.0000 -0.0000
-0.495 -0.054 4.700 -0.0000 1.0000 -0.0000
-1.129 -0.054 5.700 -0.0000 1.0000 -0.0000
-0.495 -0.054 5.700 -0.0000 1.0000 -0.0000
-1.129 -0.054 6.700 -0.0000 1.0000 -0.0000
-0.495 -0.054 6.700 -0.0000 1.0000 -0.0000
-1.129 -0.054 7.700 -0.0000 1.0000 -0.0000
-0.495 -0.054 7.700 -0.0000 1.0000 -0.0000
-1.129 -0.054 8.700 -0.0000 1.0000 -0.0000
-0.495 -0.054 8.700 -0.0000 1.0000 -0.0000
-1.129 -0.054 9.700 -0.0000 1.0000 -0.0000
-0.495 -0.054 9.700 -0.0000 1.0000 -0.0000
-1.129 -0.054 10.700 -0.0000 1.0000 -0.0000
-0.495 -0.054 10.700 -0.0000 1.0000 -0.0000
-1.129 -0.054 11.700 -0.0000 1.0000 -0.0000
-0.495 -0.054 11.700 -0.0000 1.0000 -0.0000
-1.129 -0.054 12.700 -0.0000 1.0000 -0.0000
-0.495 -0.054 12.700 -0.0000 1.0000 -0.0000
-1.129 -0.054 13.700 -0.0000 1.0000 -0.0000
-0.495 -0.054 13.700 -0.0000 1.0000 -0.0000
-1.129 -0.054 14.700 -0.0000 1.0000 -0.0000
-0.495 -0.054 14.700 -0.0000 1.0000 -0.0000
-1.129 -0.054 15.700 -0.0000 1.0000 -0.0000
-0.495 -0.054 15.700 -0.0000 1.0000 -0.0000
-1.129 -0.054 16.700 -0.0000 1.0000 -0.0000
-0.495 -0.054 16.700 -0.0000 1.0000 -0.0000
-1.129 -0.054 17.700 -0.0000 1.0000 -0.0000
-0.495 -0.054 17.700 -0.0000 1.0000 -0.0000
-1.129 -0.054 18.700 -0.0000 1.0000 -0.0000
-0.495 -0.054 18.700 -0.0000 1.0000 -0.0000
-1.129 -0.054 19.700 -0.0000 1.0000 -0.0000
-0.495 -0.054 19.700 -0.0000 1.0000 -0.0000
-1.129 -0.054 20.700 -0.0000 1.0000 -0.0000
-0.495 -0.054 20.700 -0.0000 1.0000 -0.0000
-1.129 -0.054 21.700 -0.0000 1.0000 -0.0000
-0.495 -0.054 21.700 -0.0000 1.0000 -0.0000
-1.129 -0.054 22.700 -0.0000 1.0000 -0.0000
-0.495 -0.054 22.700 -0.0000 1.0000 -0.0000
-1.129 -0.054 23.700 -0.0000 1.0000 -0.0000
-0.495 -0.054 23.700 -0.0000 1.0000 -0.0000
-1.129 -0.054 24.700 -0.0000 1.0000 -0.0000
-0.495 -0.054 24.700 -0.0000 1.0000 -0.0000
-1.129 -0.054 25.700 -0.0000 1.0000 -0.0000
-0.495 -0.054 25.700 -0.0000 1.0000 -0.0000
-1.138 -0.054 26.200 -0.0000 1.0000 -0.0000
-0.505 -0.054 26.200 -0.0000 1.0000 -0.0000
-1.143 -0.054 26.450 -0.0000 1.0000 -0.0000
-0.511 -0.054 26.450 -0.0000 1.0000 -0.0000
-1.147 -0.054 26.700 -0.0000 1.0000 -0.0000
-0.516 -0.054 26.700 -0.0000 1.0000 -0.0000
-1.149 -0.054 27.700 -0.0000 1.0000 -0.0000
-0.518 -0.054 27.700 -0.0000 1.0000 -0.0000
-1.151 -0.054 28.700 -0.0000 1.0000 -0.0000
-0.521 -0.054 28.700 -0.0000 1.0000 -0.0000
-1.153 -0.054 29.700 -0.0000 1.0000 -0.0000
-0.523 -0.054 29.700 -0.0000 1.0000 -0.0000
-1.155 -0.054 30.700 -0.0000 1.0000 -0.0000
-0.526 -0.054 30.700 -0.0000 1.0000 -0.0000
-1.157 -0.054 31.700 -0.0000 1.0000 -0.0000
-0.528 -0.054 31.700 -0.0000 1.0000 -0.0000
-1.159 -0.054 32.700 -0.0000 1.0000 -0.0000
-0.530 -0.054 32.700 -0.0000 1.0000 -0.0000
-1.160 -0.054 32.950 -0.0000 1.0000 -0.0000
-0.531 -0.054 32.950 -0.0000 1.0000 -0.0000
-1.161 -0.054 33.700 -0.0000 1.0000 -0.0000
-0.533 -0.054 33.700 -0.0000 1.0000 -0.0000
-1.161 -0.054 33.900 -0.0000 1.0000 -0.0000
-0.533 -0.054 33.900 -0.0000 1.0000 -0.0000
-1.273 -0.054 -33.900 -0.0000 1.0000 -0.0000
-0.925 -0.054 -33.900 -0.0000 1.0000 -0.0000
-1.273 -0.054 -33.300 -0.0000 1.0000 -0.0000
-0.925 -0.054 -33.300 -0.0000 1.0000 -0.0000
-1.273 -0.054 -32.300 -0.0000 1.0000 -0.0000
-0.925 -0.054 -32.300 -0.0000 1.0000 -0.0000
-1.252 -0.054 -31.300 -0.0000 1.0000 -0.0000
-0.902 -0.054 -31.300 -0.0000 1.0000 -0.0000
-1.225 -0.054 -30.300 -0.0000 1.0000 -0.0000
-0.872 -0.054 -30.300 -0.0000 1.0000 -0.0000
-1.195 -0.054 -29.300 -0.0000 1.0000 -0.0000
-0.840 -0.054 -29.300 -0.0000 1.0000 -0.0000
-1.163 -0.054 -28.300 -0.0000 1.0000 -0.0000
-0.805 -0.054 -28.300 -0.0000 1.0000 -0.0000
-1.132 -0.054 -27.300 -0.0000 1.0000 -0.0000
-0.770 -0.054 -27.300 -0.0000 1.0000 -0.0000
-1.099 -0.054 -26.300 -0.0000 1.0000 -0.0000
-0.734 -0.054 -26.300 -0.0000 1.0000 -0.0000
-1.063 -0.054 -25.300 -0.0000 1.0000 -0.0000
-0.695 -0.054 -25.300 -0.0000 1.0000 -0.0000
-1.024 -0.054 -24.300 -0.0000 1.0000 -0.0000
-0.652 -0.054 -24.300 -0.0000 1.0000 -0.0000
-0.981 -0.054 -23.300 -0.0000 1.0000 -0.0000
-0.605 -0.054 -23.300 -0.0000 1.0000 -0.0000
-0.935 -0.054 -22.300 -0.0000 1.0000 -0.0000
-0.554 -0.054 -22.300 -0.0000 1.0000 -0.0000
-0.888 -0.054 -21.300 -0.0000 1.0000 -0.0000
-0.502 -0.054 -21.300 -0.0000 1.0000 -0.0000
-0.832 -0.054 -20.300 -0.0000 1.0000 -0.0000
-0.441 -0.054 -20.300 -0.0000 1.0000 -0.0000
-0.776 -0.054 -19.300 -0.0000 1.0000 -0.0000
-0.380 -0.054 -19.300 -0.0000 1.0000 -0.0000
-0.720 -0.054 -18.300 -0.0000 1.0000 -0.0000
-0.318 -0.054 -18.300 -0.0000 1.0000 -0.0000
-0.664 -0.054 -17.300 -0.0000 1.0000 -0.0000
-0.257 -0.054 -17.300 -0.0000 1.0000 -0.0000
-0.608 -0.054 -16.300 -0.0000 1.0000 -0.0000
-0.195 -0.054 -16.300 -0.0000 1.0000 -0.0000
-0.551 -0.054 -15.300 -0.0000 1.0000 -0.0000
-0.133 -0.054 -15.300 -0.0000 1.0000 -0.0000
-0.495 -0.054 -14.300 -0.0000 1.0000 -0.0000
-0.071 -0.054 -14.300 -0.0000 1.0000 -0.0000
-0.495 -0.054 -13.950 -0.0000 1.0000 -0.0000
-0.071 -0.054 -13.950 -0.0000 1.0000 -0.0000
-0.495 -0.054 -13.300 -0.0000 1.0000 -0.0000
-0.071 -0.054 -13.300 -0.0000 1.0000 -0.0000
-0.495 -0.054 -12.300 -0.0000 1.0000 -0.0000
-0.071 -0.054 -12.300 -0.0000 1.0000 -0.0000
-0.495 -0.054 -11.300 -0.0000 1.0000 -0.0000
-0.071 -0.054 -11.300 -0.0000 1.0000 -0.0000
-0.495 -0.054 -10.300 -0.0000 1.0000 -0.0000
-0.071 -0.054 -10.300 -0.0000 1.0000 -0.0000
-0.495 -0.054 -9.300 -0.0000 1.0000 -0.0000
-0.071 -0.054 -9.300 -0.0000 1.0000 -0.0000
-0.495 -0.054 -8.300 -0.0000 1.0000 -0.0000
-0.071 -0.054 -8.300 -0.0000 1.0000 -0.0000
-0.495 -0.054 -7.450 -0.0000 1.0000 -0.0000
-0.071 -0.054 -7.450 -0.0000 1.0000 -0.0000
-0.495 -0.054 -7.350 -0.0000 1.0000 -0.0000
-0.071 -0.054 -7.350 -0.0000 1.0000 -0.0000
-0.495 -0.054 -7.300 -0.0000 1.0000 -0.0000
-0.071 -0.054 -7.300 -0.0000 1.0000 -0.0000
-0.495 -0.054 -6.300 -0.0000 1.0000 -0.0000
-0.071 -0.054 -6.300 -0.0000 1.0000 -0.0000
-0.495 -0.054 -5.800 -0.0000 1.0000 -0.0000
-0.071 -0.054 -5.800 -0.0000 1.0000 -0.0000
-0.495 -0.054 -5.300 -0.0000 1.0000 -0.0000
-0.071 -0.054 -5.300 -0.0000 1.0000 -0.0000
-0.495 -0.054 -4.300 -0.0000 1.0000 -0.0000
-0.071 -0.054 -4.300 -0.0000 1.0000 -0.0000
-0.495 -0.054 -3.300 -0.0000 1.0000 -0.0000
-0.071 -0.054 -3.300 -0.0000 1.0000 -0.0000
-0.495 -0.054 -2.300 -0.0000 1.0000 -0.0000
-0.071 -0.054 -2.300 -0.0000 1.0000 -0.0000
-0.495 -0.054 -1.300 -0.0000 1.0000 -0.0000
-0.071 -0.054 -1.300 -0.0000 1.0000 -0.0000
-0.495 -0.054 -0.300 -0.0000 1.0000 -0.0000
-0.071 -0.054 -0.300 -0.0000 1.0000 -0.0000
-0.495 -0.054 0.700 -0.0000 1.0000 -0.0000
-0.071 -0.054 0.700 -0.0000 1.0000 -0.0000
-0.495 -0.054 1.700 -0.0000 1.0000 -0.0000
-0.071 -0.054 1.700 -0.0000 1.0000 -0.0000
-0.495 -0.054 2.700 -0.0000 1.0000 -0.0000
-0.071 -0.054 2.700 -0.0000 1.0000 -0.0000
-0.495 -0.054 3.700 -0.0000 1.0000 -0.0000
-0.071 -0.054 3.700 -0.0000 1.0000 -0.0000
-0.495 -0.054 4.700 -0.0000 1.0000 -0.0000
-0.071 -0.054 4.700 -0.0000 1.0000 -0.0000
-0.495 -0.054 5.700 -0.0000 1.0000 -0.0000
-0.071 -0.054 5.700 -0.0000 1.0000 -0.0000
-0.495 -0.054 6.700 -0.0000 1.0000 -0.0000
-0.071 -0.054 6.700 -0.0000 1.0000 -0.0000
-0.495 -0.054 7.700 -0.0000 1.0000 -0.0000
-0.071 -0.054 7.700 -0.0000 1.0000 -0.0000
-0.495 -0.054 8.700 -0.0000 1.0000 -0.0000
-0.071 -0.054 8.700 -0.0000 1.0000 -0.0000
-0.495 -0.054 9.700 -0.0000 1.0000 -0.0000
-0.071 -0.054 9.700 -0.0000 1.0000 -0.0000
-0.495 -0.054 10.700 -0.0000 1.0000 -0.0000
-0.071 -0.054 10.700 -0.0000 1.0000 -0.0000
-0.495 -0.054 11.700 -0.0000 1.0000 -0.0000
-0.071 -0.054 11.700 -0.0000 1.0000 -0.0000
-0.495 -0.054 12.700 -0.0000 1.0000 -0.0000
-0.071 -0.054 12.700 -0.0000 1.0000 -0.0000
-0.495 -0.054 13.700 -0.0000 1.0000 -0.0000
-0.071 -0.054 13.700 -0.0000 1.0000 -0.0000
-0.495 -0.054 14.700 -0.0000 1.0000 -0.0000
-0.071 -0.054 14.700 -0.0000 1.0000 -0.0000
-0.495 -0.054 15.700 -0.0000 1.0000 -0.0000
-0.071 -0.054 15.700 -0.0000 1.0000 -0.0000
-0.495 -0.054 16.700 -0.0000 1.0000 -0.0000
-0.071 -0.054 16.700 -0.0000 1.0000 -0.0000
-0.495 -0.054 17.700 -0.0000 1.0000 -0.0000
-0.071 -0.054 17.700 -0.0000 1.0000 -0.0000
-0.495 -0.054 18.700 -0.0000 1.0000 -0.0000
-0.071 -0.054 18.700 -0.0000 1.0000 -0.0000
-0.495 -0.054 19.700 -0.0000 1.0000 -0.0000
-0.071 -0.054 19.700 -0.0000 1.0000 -0.0000
-0.495 -0.054 20.700 -0.0000 1.0000 -0.0000
-0.071 -0.054 20.700 -0.0000 1.0000 -0.0000
-0.495 -0.054 21.700 -0.0000 1.0000 -0.0000
-0.071 -0.054 21.700 -0.0000 1.0000 -0.0000
-0.495 -0.054 22.700 -0.0000 1.0000 -0.0000
-0.071 -0.054 22.700 -0.0000 1.0000 -0.0000
-0.495 -0.054 23.700 -0.0000 1.0000 -0.0000
-0.071 -0.054 23.700 -0.0000 1.0000 -0.0000
-0.495 -0.054 24.700 -0.0000 1.0000 -0.0000
-0.071 -0.054 24.700 -0.0000 1.0000 -0.0000
-0.495 -0.054 25.700 -0.0000 1.0000 -0.0000
-0.071 -0.054 25.700 -0.0000 1.0000 -0.0000
-0.505 -0.054 26.200 -0.0000 1.0000 -0.0000
-0.083 -0.054 26.200 -0.0000 1.0000 -0.0000
-0.511 -0.054 26.450 -0.0000 1.0000 -0.0000
-0.088 -0.054 26.450 -0.0000 1.0000 -0.0000
-0.516 -0.054 26.700 -0.0000 1.0000 -0.0000
-0.094 -0.054 26.700 -0.0000 1.0000 -0.0000
-0.518 -0.054 27.700 -0.0000 1.0000 -0.0000
-0.097 -0.054 27.700 -0.0000 1.0000 -0.0000
-0.521 -0.054 28.700 -0.0000 1.0000 -0.0000
-0.100 -0.054 28.700 -0.0000 1.0000 -0.0000
-0.523 -0.054 29.700 -0.0000 1.0000 -0.0000
-0.102 -0.054 29.700 -0.0000 1.0000 -0.0000
-0.526 -0.054 30.700 -0.0000 1.0000 -0.0000
-0.105 -0.054 30.700 -0.0000 1.0000 -0.0000
-0.528 -0.054 31.700 -0.0000 1.0000 -0.0000
-0.107 -0.054 31.700 -0.0000 1.0000 -0.0000
-0.530 -0.054 32.700 -0.0000 1.0000 -0.0000
-0.110 -0.054 32.700 -0.0000 1.0000 -0.0000
-0.531 -0.054 32.950 -0.0000 1.0000 -0.0000
-0.111 -0.054 32.950 -0.0000 1.0000 -0.0000
-0.533 -0.054 33.700 -0.0000 1.0000 -0.0000
-0.112 -0.054 33.700 -0.0000 1.0000 -0.0000
-0.533 -0.054 33.900 -0.0000 1.0000 -0.0000
-0.112 -0.054 33.900 -0.0000 1.0000 -0.0000
-0.925 -0.054 -33.900 -0.0000 1.0000 -0.0000
-0.491 -0.054 -33.900 -0.0000 1.0000 -0.0000
-0.925 -0.054 -33.300 -0.0000 1.0000 -0.0000
-0.491 -0.054 -33.300 -0.0000 1.0000 -0.0000
-0.925 -0.054 -32.300 -0.0000 1.0000 -0.0000
-0.491 -0.054 -32.300 -0.0000 1.0000 -0.0000
-0.902 -0.054 -31.300 -0.0000 1.0000 -0.0000
-0.465 -0.054 -31.300 -0.0000 1.0000 -0.0000
-0.872 -0.054 -30.300 -0.0000 1.0000 -0.0000
-0.432 -0.054 -30.300 -0.0000 1.0000 -0.0000
-0.840 -0.054 -29.300 -0.0000 1.0000 -0.0000
-0.396 -0.054 -29.300 -0.0000 1.0000 -0.0000
-0.805 -0.054 -28.300 -0.0000 1.0000 -0.0000
-0.357 -0.054 -28.300 -0.0000 1.0000 -0.0000
-0.770 -0.054 -27.300 -0.0000 1.0000 -0.0000
-0.319 -0.054 -27.300 -0.0000 1.0000 -0.0000
-0.734 -0.054 -26.300 -0.0000 1.0000 -0.0000
-0.279 -0.054 -26.300 -0.0000 1.0000 -0.0000
-0.695 -0.054 -25.300 -0.0000 1.0000 -0.0000
-0.235 -0.054 -25.300 -0.0000 1.0000 -0.0000
-0.652 -0.054 -24.300 -0.0000 1.0000 -0.0000
-0.187 -0.054 -24.300 -0.0000 1.0000 -0.0000
-0.605 -0.054 -23.300 -0.0000 1.0000 -0.0000
-0.135 -0.054 -23.300 -0.0000 1.0000 -0.0000
-0.554 -0.054 -22.300 -0.0000 1.0000 -0.0000
-0.079 -0.054 -22.300 -0.0000 1.0000 -0.0000
-0.502 -0.054 -21.300 -0.0000 1.0000 -0.0000
-0.021 -0.054 -21.300 -0.0000 1.0000 -0.0000
-0.441 -0.054 -20.300 -0.0000 1.0000 -0.0000
0.047 -0.054 -20.300 -0.0000 1.0000 -0.0000
-0.380 -0.054 -19.300 -0.0000 1.0000 -0.0000
0.115 -0.054 -19.300 -0.0000 1.0000 -0.0000
-0.318 -0.054 -18.300 -0.0000 1.0000 -0.0000
0.183 -0.054 -18.300 -0.0000 1.0000 -0.0000
-0.257 -0.054 -17.300 -0.0000 1.0000 -0.0000
0.252 -0.054 -17.300 -0.0000 1.0000 -0.0000
-0.195 -0.054 -16.300 -0.0000 1.0000 -0.0000
0.321 -0.054 -16.300 -0.0000 1.0000 -0.0000
-0.133 -0.054 -15.300 -0.0000 1.0000 -0.0000
0.389 -0.054 -15.300 -0.0000 1.0000 -0.0000
-0.071 -0.054 -14.300 -0.0000 1.0000 -0.0000
0.458 -0.054 -14.300 -0.0000 1.0000 -0.0000
-0.071 -0.054 -13.950 -0.0000 1.0000 -0.0000
0.458 -0.054 -13.950 -0.0000 1.0000 -0.0000
-0.071 -0.054 -13.300 -0.0000 1.0000 -0.0000
0.458 -0.054 -13.300 -0.0000 1.0000 -0.0000
-0.071 -0.054 -12.300 -0.0000 1.0000 -0.0000
0.458 -0.054 -12.300 -0.0000 1.0000 -0.0000
-0.071 -0.054 -11.300 -0.0000 1.0000 -0.0000
0.458 -0.054 -11.300 -0.0000 1.0000 -0.0000
-0.071 -0.054 -10.300 -0.0000 1.0000 -0.0000
0.458 -0.054 -10.300 -0.0000 1.0000 -0.0000
-0.071 -0.054 -9.300 -0.0000 1.0000 -0.0000
0.458 -0.054 -9.300 -0.0000 1.0000 -0.0000
-0.071 -0.054 -8.300 -0.0000 1.0000 -0.0000
0.458 -0.054 -8.300 -0.0000 1.0000 -0.0000
-0.071 -0.054 -7.450 -0.0000 1.0000 -0.0000
0.458 -0.054 -7.450 -0.0000 1.0000 -0.0000
-0.071 -0.054 -7.350 -0.0000 1.0000 -0.0000
0.458 -0.054 -7.350 -0.0000 1.0000 -0.0000
-0.071 -0.054 -7.300 -0.0000 1.0000 -0.0000
0.458 -0.054 -7.300 -0.0000 1.0000 -0.0000
-0.071 -0.054 -6.300 -0.0000 1.0000 -0.0000
0.458 -0.054 -6.300 -0.0000 1.0000 -0.0000
-0.071 -0.054 -5.800 -0.0000 1.0000 -0.0000
0.458 -0.054 -5.800 -0.0000 1.0000 -0.0000
-0.071 -0.054 -5.300 -0.0000 1.0000 -0.0000
0.458 -0.054 -5.300 -0.0000 1.0000 -0.0000
-0.071 -0.054 -4.300 -0.0000 1.0000 -0.0000
0.458 -0.054 -4.300 -0.0000 1.0000 -0.0000
-0.071 -0.054 -3.300 -0.0000 1.0000 -0.0000
0.458 -0.054 -3.300 -0.0000 1.0000 -0.0000
-0.071 -0.054 -2.300 -0.0000 1.0000 -0.0000
0.458 -0.054 -2.300 -0.0000 1.0000 -0.0000
-0.071 -0.054 -1.300 -0.0000 1.0000 -0.0000
0.458 -0.054 -1.300 -0.0000 1.0000 -0.0000
-0.071 -0.054 -0.300 -0.0000 1.0000 -0.0000
0.458 -0.054 -0.300 -0.0000 1.0000 -0.0000
-0.071 -0.054 0.700 -0.0000 1.0000 -0.0000
0.458 -0.054 0.700 -0.0000 1.0000 -0.0000
-0.071 -0.054 1.700 -0.0000 1.0000 -0.0000
0.458 -0.054 1.700 -0.0000 1.0000 -0.0000
-0.071 -0.054 2.700 -0.0000 1.0000 -0.0000
0.458 -0.054 2.700 -0.0000 1.0000 -0.0000
-0.071 -0.054 3.700 -0.0000 1.0000 -0.0000
0.458 -0.054 3.700 -0.0000 1.0000 -0.0000
-0.071 -0.054 4.700 -0.0000 1.0000 -0.0000
0.458 -0.054 4.700 -0.0000 1.0000 -0.0000
-0.071 -0.054 5.700 -0.0000 1.0000 -0.0000
0.458 -0.054 5.700 -0.0000 1.0000 -0.0000
-0.071 -0.054 6.700 -0.0000 1.0000 -0.0000
0.458 -0.054 6.700 -0.0000 1.0000 -0.0000
-0.071 -0.054 7.700 -0.0000 1.0000 -0.0000
0.458 -0.054 7.700 -0.0000 1.0000 -0.0000
-0.071 -0.054 8.700 -0.0000 1.0000 -0.0000
0.458 -0.054 8.700 -0.0000 1.0000 -0.0000
-0.071 -0.054 9.700 -0.0000 1.0000 -0.0000
0.458 -0.054 9.700 -0.0000 1.0000 -0.0000
-0.071 -0.054 10.700 -0.0000 1.0000 -0.0000
0.458 -0.054 10.700 -0.0000 1.0000 -0.0000
-0.071 -0.054 11.700 -0.0000 1.0000 -0.0000
0.458 -0.054 11.700 -0.0000 1.0000 -0.0000
-0.071 -0.054 12.700 -0.0000 1.0000 -0.0000
0.458 -0.054 12.700 -0.0000 1.0000 -0.0000
-0.071 -0.054 13.700 -0.0000 1.0000 -0.0000
0.458 -0.054 13.700 -0.0000 1.0000 -0.0000
-0.071 -0.054 14.700 -0.0000 1.0000 -0.0000
0.458 -0.054 14.700 -0.0000 1.0000 -0.0000
-0.071 -0.054 15.700 -0.0000 1.0000 -0.0000
0.458 -0.054 15.700 -0.0000 1.0000 -0.0000
-0.071 -0.054 16.700 -0.0000 1.0000 -0.0000
0.458 -0.054 16.700 -0.0000 1.0000 -0.0000
-0.071 -0.054 17.700 -0.0000 1.0000 -0.0000
0.458 -0.054 17.700 -0.0000 1.0000 -0.0000
-0.071 -0.054 18.700 -0.0000 1.0000 -0.0000
0.458 -0.054 18.700 -0.0000 1.0000 -0.0000
-0.071 -0.054 19.700 -0.0000 1.0000 -0.0000
0.458 -0.054 19.700 -0.0000 1.0000 -0.0000
-0.071 -0.054 20.700 -0.0000 1.0000 -0.0000
0.458 -0.054 20.700 -0.0000 1.0000 -0.0000
-0.071 -0.054 21.700 -0.0000 1.0000 -0.0000
0.458 -0.054 21.700 -0.0000 1.0000 -0.0000
-0.071 -0.054 22.700 -0.0000 1.0000 -0.0000
0.458 -0.054 22.700 -0.0000 1.0000 -0.0000
-0.071 -0.054 23.700 -0.0000 1.0000 -0.0000
0.458 -0.054 23.700 -0.0000 1.0000 -0.0000
-0.071 -0.054 24.700 -0.0000 1.0000 -0.0000
0.458 -0.054 24.700 -0.0000 1.0000 -0.0000
-0.071 -0.054 25.700 -0.0000 1.0000 -0.0000
0.458 -0.054 25.700 -0.0000 1.0000 -0.0000
-0.083 -0.054 26.200 -0.0000 1.0000 -0.0000
0.445 -0.054 26.200 -0.0000 1.0000 -0.0000
-0.088 -0.054 26.450 -0.0000 1.0000 -0.0000
0.439 -0.054 26.450 -0.0000 1.0000 -0.0000
-0.094 -0.054 26.700 -0.0000 1.0000 -0.0000
0.432 -0.054 26.700 -0.0000 1.0000 -0.0000
-0.097 -0.054 27.700 -0.0000 1.0000 -0.0000
0.430 -0.054 27.700 -0.0000 1.0000 -0.0000
-0.100 -0.054 28.700 -0.0000 1.0000 -0.0000
0.426 -0.054 28.700 -0.0000 1.0000 -0.0000
-0.102 -0.054 29.700 -0.0000 1.0000 -0.0000
0.424 -0.054 29.700 -0.0000 1.0000 -0.0000
-0.105 -0.054 30.700 -0.0000 1.0000 -0.0000
0.421 -0.054 30.700 -0.0000 1.0000 -0.0000
-0.107 -0.054 31.700 -0.0000 1.0000 -0.0000
0.418 -0.054 31.700 -0.0000 1.0000 -0.0000
-0.110 -0.054 32.700 -0.0000 1.0000 -0.0000
0.415 -0.054 32.700 -0.0000 1.0000 -0.0000
-0.111 -0.054 32.950 -0.0000 1.0000 -0.0000
0.414 -0.054 32.950 -0.0000 1.0000 -0.0000
-0.112 -0.054 33.700 -0.0000 1.0000 -0.0000
0.412 -0.054 33.700 -0.0000 1.0000 -0.0000
-0.112 -0.054 33.900 -0.0000 1.0000 -0.0000
0.412 -0.054 33.900 -0.0000 1.0000 -0.0000
-0.491 -0.054 -33.900 -0.0000 1.0000 -0.0000
-0.057 -0.054 -33.900 -0.0000 1.0000 -0.0000
-0.491 -0.054 -33.300 -0.0000 1.0000 -0.0000
-0.057 -0.054 -33.300 -0.0000 1.0000 -0.0000
-0.491 -0.054 -32.300 -0.0000 1.0000 -0.0000
-0.057 -0.054 -32.300 -0.0000 1.0000 -0.0000
-0.465 -0.054 -31.300 -0.0000 1.0000 -0.0000
-0.028 -0.054 -31.300 -0.0000 1.0000 -0.0000
-0.432 -0.054 -30.300 -0.0000 1.0000 -0.0000
0.008 -0.054 -30.300 -0.0000 1.0000 -0.0000
-0.396 -0.054 -29.300 -0.0000 1.0000 -0.0000
0.048 -0.054 -29.300 -0.0000 1.0000 -0.0000
-0.357 -0.054 -28.300 -0.0000 1.0000 -0.0000
0.090 -0.054 -28.300 -0.0000 1.0000 -0.0000
-0.319 -0.054 -27.300 -0.0000 1.0000 -0.0000
0.133 -0.054 -27.300 -0.0000 1.0000 -0.0000
-0.279 -0.054 -26.300 -0.0000 1.0000 -0.0000
0.176 -0.054 -26.300 -0.0000 1.0000 -0.0000
-0.235 -0.054 -25.300 -0.0000 1.0000 -0.0000
0.225 -0.054 -25.300 -0.0000 1.0000 -0.0000
-0.187 -0.054 -24.300 -0.0000 1.0000 -0.0000
0.277 -0.054 -24.300 -0.0000 1.0000 -0.0000
-0.135 -0.054 -23.300 -0.0000 1.0000 -0.0000
0.335 -0.054 -23.300 -0.0000 1.0000 -0.0000
-0.079 -0.054 -22.300 -0.0000 1.0000 -0.0000
0.397 -0.054 -22.300 -0.0000 1.0000 -0.0000
-0.021 -0.054 -21.300 -0.0000 1.0000 -0.0000
0.460 -0.054 -21.300 -0.0000 1.0000 -0.0000
0.047 -0.054 -20.300 -0.0000 1.0000 -0.0000
0.535 -0.054 -20.300 -0.0000 1.0000 -0.0000
0.115 -0.054 -19.300 -0.0000 1.0000 -0.0000
0.610 -0.054 -19.300 -0.0000 1.0000 -0.0000
0.183 -0.054 -18.300 -0.0000 1.0000 -0.0000
0.685 -0.054 -18.300 -0.0000 1.0000 -0.0000
0.252 -0.054 -17.300 -0.0000 1.0000 -0.0000
0.760 -0.054 -17.300 -0.0000 1.0000 -0.0000
0.321 -0.054 -16.300 -0.0000 1.0000 -0.0000
0.836 -0.054 -16.300 -0.0000 1.0000 -0.0000
0.389 -0.054 -15.300 -0.0000 1.0000 -0.0000
0.911 -0.054 -15.300 -0.0000 1.0000 -0.0000
0.458 -0.054 -14.300 -0.0000 1.0000 -0.0000
0.987 -0.054 -14.300 -0.0000 1.0000 -0.0000
0.458 -0.054 -13.950 -0.0000 1.0000 -0.0000
0.987 -0.054 -13.950 -0.0000 1.0000 -0.0000
0.458 -0.054 -13.300 -0.0000 1.0000 -0.0000
0.987 -0.054 -13.300 -0.0000 1.0000 -0.0000
0.458 -0.054 -12.300 -0.0000 1.0000 -0.0000
0.987 -0.054 -12.300 -0.0000 1.0000 -0.0000
0.458 -0.054 -11.300 -0.0000 1.0000 -0.0000
0.987 -0.054 -11.300 -0.0000 1.0000 -0.0000
0.458 -0.054 -10.300 -0.0000 1.0000 -0.0000
0.987 -0.054 -10.300 -0.0000 1.0000 -0.0000
0.458 -0.054 -9.300 -0.0000 1.0000 -0.0000
0.987 -0.054 -9.300 -0.0000 1.0000 -0.0000
0.458 -0.054 -8.300 -0.0000 1.0000 -0.0000
0.987 -0.054 -8.300 -0.0000 1.0000 -0.0000
0.458 -0.054 -7.450 -0.0000 1.0000 -0.0000
0.987 -0.054 -7.450 -0.0000 1.0000 -0.0000
0.458 -0.054 -7.350 -0.0000 1.0000 -0.0000
0.987 -0.054 -7.350 -0.0000 1.0000 -0.0000
0.458 -0.054 -7.300 -0.0000 1.0000 -0.0000
0.987 -0.054 -7.300 -0.0000 1.0000 -0.0000
0.458 -0.054 -6.300 -0.0000 1.0000 -0.0000
0.987 -0.054 -6.300 -0.0000 1.0000 -0.0000
0.458 -0.054 -5.800 -0.0000 1.0000 -0.0000
0.987 -0.054 -5.800 -0.0000 1.0000 -0.0000
0.458 -0.054 -5.300 -0.0000 1.0000 -0.0000
0.987 -0.054 -5.300 -0.0000 1.0000 -0.0000
0.458 -0.054 -4.300 -0.0000 1.0000 -0.0000
0.987 -0.054 -4.300 -0.0000 1.0000 -0.0000
0.458 -0.054 -3.300 -0.0000 1.0000 -0.0000
0.987 -0.054 -3.300 -0.0000 1.0000 -0.0000
0.458 -0.054 -2.300 -0.0000 1.0000 -0.0000
0.987 -0.054 -2.300 -0.0000 1.0000 -0.0000
0.458 -0.054 -1.300 -0.0000 1.0000 -0.0000
0.987 -0.054 -1.300 -0.0000 1.0000 -0.0000
0.458 -0.054 -0.300 -0.0000 1.0000 -0.0000
0.987 -0.054 -0.300 -0.0000 1.0000 -0.0000
0.458 -0.054 0.700 -0.0000 1.0000 -0.0000
0.987 -0.054 0.700 -0.0000 1.0000 -0.0000
0.458 -0.054 1.700 -0.0000 1.0000 -0.0000
0.987 -0.054 1.700 -0.0000 1.0000 -0.0000
0.458 -0.054 2.700 -0.0000 1.0000 -0.0000
0.987 -0.054 2.700 -0.0000 1.0000 -0.0000
0.458 -0.054 3.700 -0.0000 1.0000 -0.0000
0.987 -0.054 3.700 -0.0000 1.0000 -0.0000
0.458 -0.054 4.700 -0.0000 1.0000 -0.0000
0.987 -0.054 4.700 -0.0000 1.0000 -0.0000
0.458 -0.054 5.700 -0.0000 1.0000 -0.0000
0.987 -0.054 5.700 -0.0000 1.0000 -0.0000
0.458 -0.054 6.700 -0.0000 1.0000 -0.0000
0.987 -0.054 6.700 -0.0000 1.0000 -0.0000
0.458 -0.054 7.700 -0.0000 1.0000 -0.0000
0.987 -0.054 7.700 -0.0000 1.0000 -0.0000
0.458 -0.054 8.700 -0.0000 1.0000 -0.0000
0.987 -0.054 8.700 -0.0000 1.0000 -0.0000
0.458 -0.054 9.700 -0.0000 1.0000 -0.0000
0.987 -0.054 9.700 -0.0000 1.0000 -0.0000
0.458 -0.054 10.700 -0.0000 1.0000 -0.0000
0.987 -0.054 10.700 -0.0000 1.0000 -0.0000
0.458 -0.054 11.700 -0.0000 1.0000 -0.0000
0.987 -0.054 11.700 -0.0000 1.0000 -0.0000
0.458 -0.054 12.700 -0.0000 1.0000 -0.0000
0.987 -0.054 12.700 -0.0000 1.0000 -0.0000
0.458 -0.054 13.700 -0.0000 1.0000 -0.0000
0.987 -0.054 13.700 -0.0000 1.0000 -0.0000
0.458 -0.054 14.700 -0.0000 1.0000 -0.0000
0.987 -0.054 14.700 -0.0000 1.0000 -0.0000
0.458 -0.054 15.700 -0.0000 1.0000 -0.0000
0.987 -0.054 15.700 -0.0000 1.0000 -0.0000
0.458 -0.054 16.700 -0.0000 1.0000 -0.0000
0.987 -0.054 16.700 -0.0000 1.0000 -0.0000
0.458 -0.054 17.700 -0.0000 1.0000 -0.0000
0.987 -0.054 17.700 -0.0000 1.0000 -0.0000
0.458 -0.054 18.700 -0.0000 1.0000 -0.0000
0.987 -0.054 18.700 -0.0000 1.0000 -0.0000
0.458 -0.054 19.700 -0.0000 1.0000 -0.0000
0.987 -0.054 19.700 -0.0000 1.0000 -0.0000
0.458 -0.054 20.700 -0.0000 1.0000 -0.0000
0.987 -0.054 20.700 -0.0000 1.0000 -0.0000
0.458 -0.054 21.700 -0.0000 1.0000 -0.0000
0.987 -0.054 21.700 -0.0000 1.0000 -0.0000
0.458 -0.054 22.700 -0.0000 1.0000 -0.0000
0.987 -0.054 22.700 -0.0000 1.0000 -0.0000
0.458 -0.054 23.700 -0.0000 1.0000 -0.0000
0.987 -0.054 23.700 -0.0000 1.0000 -0.0000
0.458 -0.054 24.700 -0.0000 1.0000 -0.0000
0.987 -0.054 24.700 -0.0000 1.0000 -0.0000
0.458 -0.054 25.700 -0.0000 1.0000 -0.0000
0.987 -0.054 25.700 -0.0000 1.0000 -0.0000
0.445 -0.054 26.200 -0.0000 1.0000 -0.0000
0.973 -0.054 26.200 -0.0000 1.0000 -0.0000
0.439 -0.054 26.450 -0.0000 1.0000 -0.0000
0.966 -0.054 26.450 -0.0000 1.0000 -0.0000
0.432 -0.054 26.700 -0.0000 1.0000 -0.0000
0.959 -0.054 26.700 -0.0000 1.0000 -0.0000
0.430 -0.054 27.700 -0.0000 1.0000 -0.0000
0.956 -0.054 27.700 -0.0000 1.0000 -0.0000
0.426 -0.054 28.700 -0.0000 1.0000 -0.0000
0.952 -0.054 28.700 -0.0000 1.0000 -0.0000
0.424 -0.054 29.700 -0.0000 1.0000 -0.0000
0.949 -0.054 29.700 -0.0000 1.0000 -0.0000
0.421 -0.054 30.700 -0.0000 1.0000 -0.0000
0.946 -0.054 30.700 -0.0000 1.0000 -0.0000
0.418 -0.054 31.700 -0.0000 1.0000 -0.0000
0.943 -0.054 31.700 -0.0000 1.0000 -0.0000
0.415 -0.054 32.700 -0.0000 1.0000 -0.0000
0.940 -0.054 32.700 -0.0000 1.0000 -0.0000
0.414 -0.054 32.950 -0.0000 1.0000 -0.0000
0.939 -0.054 32.950 -0.0000 1.0000 -0.0000
0.412 -0.054 33.700 -0.0000 1.0000 -0.0000
0.936 -0.054 33.700 -0.0000 1.0000 -0.0000
0.412 -0.054 33.900 -0.0000 1.0000 -0.0000
0.936 -0.054 33.900 -0.0000 1.0000 -0.0000
-0.057 -0.054 -33.900 -0.0000 1.0000 -0.0000
0.377 -0.054 -33.900 -0.0000 1.0000 -0.0000
-0.057 -0.054 -33.300 -0.0000 1.0000 -0.0000
0.377 -0.054 -33.300 -0.0000 1.0000 -0.0000
-0.057 -0.054 -32.300 -0.0000 1.0000 -0.0000
0.377 -0.054 -32.300 -0.0000 1.0000 -0.0000
-0.028 -0.054 -31.300 -0.0000 1.0000 -0.0000
0.409 -0.054 -31.300 -0.0000 1.0000 -0.0000
0.008 -0.054 -30.300 -0.0000 1.0000 -0.0000
0.448 -0.054 -30.300 -0.0000 1.0000 -0.0000
0.048 -0.054 -29.300 -0.0000 1.0000 -0.0000
0.492 -0.054 -29.300 -0.0000 1.0000 -0.0000
0.090 -0.054 -28.300 -0.0000 1.0000 -0.0000
0.538 -0.054 -28.300 -0.0000 1.0000 -0.0000
0.133 -0.054 -27.300 -0.0000 1.0000 -0.0000
0.584 -0.054 -27.300 -0.0000 1.0000 -0.0000
0.176 -0.054 -26.300 -0.0000 1.0000 -0.0000
0.632 -0.054 -26.300 -0.0000 1.0000 -0.0000
0.225 -0.054 -25.300 -0.0000 1.0000 -0.0000
0.684 -0.054 -25.300 -0.0000 1.0000 -0.0000
0.277 -0.054 -24.300 -0.0000 1.0000 -0.0000
0.742 -0.054 -24.300 -0.0000 1.0000 -0.0000
0.335 -0.054 -23.300 -0.0000 1.0000 -0.0000
0.805 -0.054 -23.300 -0.0000 1.0000 -0.0000
0.397 -0.054 -22.300 -0.0000 1.0000 -0.0000
0.872 -0.054 -22.300 -0.0000 1.0000 -0.0000
0.460 -0.054 -21.300 -0.0000 1.0000 -0.0000
0.941 -0.054 -21.300 -0.0000 1.0000 -0.0000
0.535 -0.054 -20.300 -0.0000 1.0000 -0.0000
1.023 -0.054 -20.300 -0.0000 1.0000 -0.0000
0.610 -0.054 -19.300 -0.0000 1.0000 -0.0000
1.104 -0.054 -19.300 -0.0000 1.0000 -0.0000
0.685 -0.054 -18.300 -0.0000 1.0000 -0.0000
1.187 -0.054 -18.300 -0.0000 1.0000 -0.0000
0.760 -0.054 -17.300 -0.0000 1.0000 -0.0000
1.269 -0.054 -17.300 -0.0000 1.0000 -0.0000
0.836 -0.054 -16.300 -0.0000 1.0000 -0.0000
1.351 -0.054 -16.300 -0.0000 1.0000 -0.0000
0.911 -0.054 -15.300 -0.0000 1.0000 -0.0000
1.434 -0.054 -15.300 -0.0000 1.0000 -0.0000
0.987 -0.054 -14.300 -0.0000 1.0000 -0.0000
1.516 -0.054 -14.300 -0.0000 1.0000 -0.0000
0.987 -0.054 -13.950 -0.0000 1.0000 -0.0000
1.516 -0.054 -13.950 -0.0000 1.0000 -0.0000
0.987 -0.054 -13.300 -0.0000 1.0000 -0.0000
1.516 -0.054 -13.300 -0.0000 1.0000 -0.0000
0.987 -0.054 -12.300 -0.0000 1.0000 -0.0000
1.516 -0.054 -12.300 -0.0000 1.0000 -0.0000
0.987 -0.054 -11.300 -0.0000 1.0000 -0.0000
1.516 -0.054 -11.300 -0.0000 1.0000 -0.0000
0.987 -0.054 -10.300 -0.0000 1.0000 -0.0000
1.516 -0.054 -10.300 -0.0000 1.0000 -0.0000
0.987 -0.054 -9.300 -0.0000 1.0000 -0.0000
1.516 -0.054 -9.300 -0.0000 1.0000 -0.0000
0.987 -0.054 -8.300 -0.0000 1.0000 -0.0000
1.516 -0.054 -8.300 -0.0000 1.0000 -0.0000
0.987 -0.054 -7.450 -0.0000 1.0000 -0.0000
1.516 -0.054 -7.450 -0.0000 1.0000 -0.0000
0.987 -0.054 -7.350 -0.0000 1.0000 -0.0000
1.516 -0.054 -7.350 -0.0000 1.0000 -0.0000
0.987 -0.054 -7.300 -0.0000 1.0000 -0.0000
1.516 -0.054 -7.300 -0.0000 1.0000 -0.0000
0.987 -0.054 -6.300 -0.0000 1.0000 -0.0000
1.516 -0.054 -6.300 -0.0000 1.0000 -0.0000
0.987 -0.054 -5.800 -0.0000 1.0000 -0.0000
1.516 -0.054 -5.800 -0.0000 1.0000 -0.0000
0.987 -0.054 -5.300 -0.0000 1.0000 -0.0000
1.516 -0.054 -5.300 -0.0000 1.0000 -0.0000
0.987 -0.054 -4.300 -0.0000 1.0000 -0.0000
1.516 -0.054 -4.300 -0.0000 1.0000 -0.0000
0.987 -0.054 -3.300 -0.0000 1.0000 -0.0000
1.516 -0.054 -3.300 -0.0000 1.0000 -0.0000
0.987 -0.054 -2.300 -0.0000 1.0000 -0.0000
1.516 -0.054 -2.300 -0.0000 1.0000 -0.0000
0.987 -0.054 -1.300 -0.0000 1.0000 -0.0000
1.516 -0.054 -1.300 -0.0000 1.0000 -0.0000
0.987 -0.054 -0.300 -0.0000 1.0000 -0.0000
1.516 -0.054 -0.300 -0.0000 1.0000 -0.0000
0.987 -0.054 0.700 -0.0000 1.0000 -0.0000
1.516 -0.054 0.700 -0.0000 1.0000 -0.0000
0.987 -0.054 1.700 -0.0000 1.0000 -0.0000
1.516 -0.054 1.700 -0.0000 1.0000 -0.0000
0.987 -0.054 2.700 -0.0000 1.0000 -0.0000
1.516 -0.054 2.700 -0.0000 1.0000 -0.0000
0.987 -0.054 3.700 -0.0000 1.0000 -0.0000
1.516 -0.054 3.700 -0.0000 1.0000 -0.0000
0.987 -0.054 4.700 -0.0000 1.0000 -0.0000
1.516 -0.054 4.700 -0.0000 1.0000 -0.0000
0.987 -0.054 5.700 -0.0000 1.0000 -0.0000
1.516 -0.054 5.700 -0.0000 1.0000 -0.0000
0.987 -0.054 6.700 -0.0000 1.0000 -0.0000
1.516 -0.054 6.700 -0.0000 1.0000 -0.0000
0.987 -0.054 7.700 -0.0000 1.0000 -0.0000
1.516 -0.054 7.700 -0.0000 1.0000 -0.0000
0.987 -0.054 8.700 -0.0000 1.0000 -0.0000
1.516 -0.054 8.700 -0.0000 1.0000 -0.0000
0.987 -0.054 9.700 -0.0000 1.0000 -0.0000
1.516 -0.054 9.700 -0.0000 1.0000 -0.0000
0.987 -0.054 10.700 -0.0000 1.0000 -0.0000
1.516 -0.054 10.700 -0.0000 1.0000 -0.0000
0.987 -0.054 11.700 -0.0000 1.0000 -0.0000
1.516 -0.054 11.700 -0.0000 1.0000 -0.0000
0.987 -0.054 12.700 -0.0000 1.0000 -0.0000
1.516 -0.054 12.700 -0.0000 1.0000 -0.0000
0.987 -0.054 13.700 -0.0000 1.0000 -0.0000
1.516 -0.054 13.700 -0.0000 1.0000 -0.0000
0.987 -0.054 14.700 -0.0000 1.0000 -0.0000
1.516 -0.054 14.700 -0.0000 1.0000 -0.0000
0.987 -0.054 15.700 -0.0000 1.0000 -0.0000
1.516 -0.054 15.700 -0.0000 1.0000 -0.0000
0.987 -0.054 16.700 -0.0000 1.0000 -0.0000
1.516 -0.054 16.700 -0.0000 1.0000 -0.0000
0.987 -0.054 17.700 -0.0000 1.0000 -0.0000
1.516 -0.054 17.700 -0.0000 1.0000 -0.0000
0.987 -0.054 18.700 -0.0000 1.0000 -0.0000
1.516 -0.054 18.700 -0.0000 1.0000 -0.0000
0.987 -0.054 19.700 -0.0000 1.0000 -0.0000
1.516 -0.054 19.700 -0.0000 1.0000 -0.0000
0.987 -0.054 20.700 -0.0000 1.0000 -0.0000
1.516 -0.054 20.700 -0.0000 1.0000 -0.0000
0.987 -0.054 21.700 -0.0000 1.0000 -0.0000
1.516 -0.054 21.700 -0.0000 1.0000 -0.0000
0.987 -0.054 22.700 -0.0000 1.0000 -0.0000
1.516 -0.054 22.700 -0.0000 1.0000 -0.0000
0.987 -0.054 23.700 -0.0000 1.0000 -0.0000
1.516 -0.054 23.700 -0.0000 1.0000 -0.0000
0.987 -0.054 24.700 -0.0000 1.0000 -0.0000
1.516 -0.054 24.700 -0.0000 1.0000 -0.0000
0.987 -0.054 25.700 -0.0000 1.0000 -0.0000
1.516 -0.054 25.700 -0.0000 1.0000 -0.0000
0.973 -0.054 26.200 -0.0000 1.0000 -0.0000
1.501 -0.054 26.200 -0.0000 1.0000 -0.0000
0.966 -0.054 26.450 -0.0000 1.0000 -0.0000
1.493 -0.054 26.450 -0.0000 1.0000 -0.0000
0.959 -0.054 26.700 -0.0000 1.0000 -0.0000
1.485 -0.054 26.700 -0.0000 1.0000 -0.0000
0.956 -0.054 27.700 -0.0000 1.0000 -0.0000
1.482 -0.054 27.700 -0.0000 1.0000 -0.0000
0.952 -0.054 28.700 -0.0000 1.0000 -0.0000
1.478 -0.054 28.700 -0.0000 1.0000 -0.0000
0.949 -0.054 29.700 -0.0000 1.0000 -0.0000
1.475 -0.054 29.700 -0.0000 1.0000 -0.0000
0.946 -0.054 30.700 -0.0000 1.0000 -0.0000
1.471 -0.054 30.700 -0.0000 1.0000 -0.0000
0.943 -0.054 31.700 -0.0000 1.0000 -0.0000
1.468 -0.054 31.700 -0.0000 1.0000 -0.0000
0.940 -0.054 32.700 -0.0000 1.0000 -0.0000
1.464 -0.054 32.700 -0.0000 1.0000 -0.0000
0.939 -0.054 32.950 -0.0000 1.0000 -0.0000
1.464 -0.054 32.950 -0.0000 1.0000 -0.0000
0.936 -0.054 33.700 -0.0000 1.0000 -0.0000
1.461 -0.054 33.700 -0.0000 1.0000 -0.0000
0.936 -0.054 33.900 -0.0000 1.0000 -0.0000
1.461 -0.054 33.900 -0.0000 1.0000 -0.0000
0.377 -0.054 -33.900 -0.0000 1.0000 -0.0000
0.811 -0.054 -33.900 -0.0000 1.0000 -0.0000
0.377 -0.054 -33.300 -0.0000 1.0000 -0.0000
0.811 -0.054 -33.300 -0.0000 1.0000 -0.0000
0.377 -0.054 -32.300 -0.0000 1.0000 -0.0000
0.811 -0.054 -32.300 -0.0000 1.0000 -0.0000
0.409 -0.054 -31.300 -0.0000 1.0000 -0.0000
0.845 -0.054 -31.300 -0.0000 1.0000 -0.0000
0.448 -0.054 -30.300 -0.0000 1.0000 -0.0000
0.888 -0.054 -30.300 -0.0000 1.0000 -0.0000
0.492 -0.054 -29.300 -0.0000 1.0000 -0.0000
0.935 -0.054 -29.300 -0.0000 1.0000 -0.0000
0.538 -0.054 -28.300 -0.0000 1.0000 -0.0000
0.985 -0.054 -28.300 -0.0000 1.0000 -0.0000
0.584 -0.054 -27.300 -0.0000 1.0000 -0.0000
1.035 -0.054 -27.300 -0.0000 1.0000 -0.0000
0.632 -0.054 -26.300 -0.0000 1.0000 -0.0000
1.087 -0.054 -26.300 -0.0000 1.0000 -0.0000
0.684 -0.054 -25.300 -0.0000 1.0000 -0.0000
1.144 -0.054 -25.300 -0.0000 1.0000 -0.0000
0.742 -0.054 -24.300 -0.0000 1.0000 -0.0000
1.206 -0.054 -24.300 -0.0000 1.0000 -0.0000
0.805 -0.054 -23.300 -0.0000 1.0000 -0.0000
1.274 -0.054 -23.300 -0.0000 1.0000 -0.0000
0.872 -0.054 -22.300 -0.0000 1.0000 -0.0000
1.348 -0.054 -22.300 -0.0000 1.0000 -0.0000
0.941 -0.054 -21.300 -0.0000 1.0000 -0.0000
1.422 -0.054 -21.300 -0.0000 1.0000 -0.0000
1.023 -0.054 -20.300 -0.0000 1.0000 -0.0000
1.511 -0.054 -20.300 -0.0000 1.0000 -0.0000
1.104 -0.054 -19.300 -0.0000 1.0000 -0.0000
1.599 -0.054 -19.300 -0.0000 1.0000 -0.0000
1.187 -0.054 -18.300 -0.0000 1.0000 -0.0000
1.688 -0.054 -18.300 -0.0000 1.0000 -0.0000
1.269 -0.054 -17.300 -0.0000 1.0000 -0.0000
1.777 -0.054 -17.300 -0.0000 1.0000 -0.0000
1.351 -0.054 -16.300 -0.0000 1.0000 -0.0000
1.867 -0.054 -16.300 -0.0000 1.0000 -0.0000
1.434 -0.054 -15.300 -0.0000 1.0000 -0.0000
1.956 -0.054 -15.300 -0.0000 1.0000 -0.0000
1.516 -0.054 -14.300 -0.0000 1.0000 -0.0000
2.045 -0.054 -14.300 -0.0000 1.0000 -0.0000
1.516 -0.054 -13.950 -0.0000 1.0000 -0.0000
2.045 -0.054 -13.950 -0.0000 1.0000 -0.0000
1.516 -0.054 -13.300 -0.0000 1.0000 -0.0000
2.045 -0.054 -13.300 -0.0000 1.0000 -0.0000
1.516 -0.054 -12.300 -0.0000 1.0000 -0.0000
2.045 -0.054 -12.300 -0.0000 1.0000 -0.0000
1.516 -0.054 -11.300 -0.0000 1.0000 -0.0000
2.045 -0.054 -11.300 -0.0000 1.0000 -0.0000
1.516 -0.054 -10.300 -0.0000 1.0000 -0.0000
2.045 -0.054 -10.300 -0.0000 1.0000 -0.0000
1.516 -0.054 -9.300 -0.0000 1.0000 -0.0000
2.045 -0.054 -9.300 -0.0000 1.0000 -0.0000
1.516 -0.054 -8.300 -0.0000 1.0000 -0.0000
2.045 -0.054 -8.300 -0.0000 1.0000 -0.0000
1.516 -0.054 -7.450 -0.0000 1.0000 -0.0000
2.045 -0.054 -7.450 -0.0000 1.0000 -0.0000
1.516 -0.054 -7.350 -0.0000 1.0000 -0.0000
2.045 -0.054 -7.350 -0.0000 1.0000 -0.0000
1.516 -0.054 -7.300 -0.0000 1.0000 -0.0000
2.045 -0.054 -7.300 -0.0000 1.0000 -0.0000
1.516 -0.054 -6.300 -0.0000 1.0000 -0.0000
2.045 -0.054 -6.300 -0.0000 1.0000 -0.0000
1.516 -0.054 -5.800 -0.0000 1.0000 -0.0000
2.045 -0.054 -5.800 -0.0000 1.0000 -0.0000
1.516 -0.054 -5.300 -0.0000 1.0000 -0.0000
2.045 -0.054 -5.300 -0.0000 1.0000 -0.0000
1.516 -0.054 -4.300 -0.0000 1.0000 -0.0000
2.045 -0.054 -4.300 -0.0000 1.0000 -0.0000
1.516 -0.054 -3.300 -0.0000 1.0000 -0.0000
2.045 -0.054 -3.300 -0.0000 1.0000 -0.0000
1.516 -0.054 -2.300 -0.0000 1.0000 -0.0000
2.045 -0.054 -2.300 -0.0000 1.0000 -0.0000
1.516 -0.054 -1.300 -0.0000 1.0000 -0.0000
2.045 -0.054 -1.300 -0.0000 1.0000 -0.0000
1.516 -0.054 -0.300 -0.0000 1.0000 -0.0000
2.045 -0.054 -0.300 -0.0000 1.0000 -0.0000
1.516 -0.054 0.700 -0.0000 1.0000 -0.0000
2.045 -0.054 0.700 -0.0000 1.0000 -0.0000
1.516 -0.054 1.700 -0.0000 1.0000 -0.0000
2.045 -0.054 1.700 -0.0000 1.0000 -0.0000
1.516 -0.054 2.700 -0.0000 1.0000 -0.0000
2.045 -0.054 2.700 -0.0000 1.0000 -0.0000
1.516 -0.054 3.700 -0.0000 1.0000 -0.0000
2.045 -0.054 3.700 -0.0000 1.0000 -0.0000
1.516 -0.054 4.700 -0.0000 1.0000 -0.0000
2.045 -0.054 4.700 -0.0000 1.0000 -0.0000
1.516 -0.054 5.700 -0.0000 1.0000 -0.0000
2.045 -0.054 5.700 -0.0000 1.0000 -0.0000
1.516 -0.054 6.700 -0.0000 1.0000 -0.0000
2.045 -0.054 6.700 -0.0000 1.0000 -0.0000
1.516 -0.054 7.700 -0.0000 1.0000 -0.0000
2.045 -0.054 7.700 -0.0000 1.0000 -0.0000
1.516 -0.054 8.700 -0.0000 1.0000 -0.0000
2.045 -0.054 8.700 -0.0000 1.0000 -0.0000
1.516 -0.054 9.700 -0.0000 1.0000 -0.0000
2.045 -0.054 9.700 -0.0000 1.0000 -0.0000
1.516 -0.054 10.700 -0.0000 1.0000 -0.0000
2.045 -0.054 10.700 -0.0000 1.0000 -0.0000
1.516 -0.054 11.700 -0.0000 1.0000 -0.0000
2.045 -0.054 11.700 -0.0000 1.0000 -0.0000
1.516 -0.054 12.700 -0.0000 1.0000 -0.0000
2.045 -0.054 12.700 -0.0000 1.0000 -0.0000
1.516 -0.054 13.700 -0.0000 1.0000 -0.0000
2.045 -0.054 13.700 -0.0000 1.0000 -0.0000
1.516 -0.054 14.700 -0.0000 1.0000 -0.0000
2.045 -0.054 14.700 -0.0000 1.0000 -0.0000
1.516 -0.054 15.700 -0.0000 1.0000 -0.0000
2.045 -0.054 15.700 -0.0000 1.0000 -0.0000
1.516 -0.054 16.700 -0.0000 1.0000 -0.0000
2.045 -0.054 16.700 -0.0000 1.0000 -0.0000
1.516 -0.054 17.700 -0.0000 1.0000 -0.0000
2.045 -0.054 17.700 -0.0000 1.0000 -0.0000
1.516 -0.054 18.700 -0.0000 1.0000 -0.0000
2.045 -0.054 18.700 -0.0000 1.0000 -0.0000
1.516 -0.054 19.700 -0.0000 1.0000 -0.0000
2.045 -0.054 19.700 -0.0000 1.0000 -0.0000
1.516 -0.054 20.700 -0.0000 1.0000 -0.0000
2.045 -0.054 20.700 -0.0000 1.0000 -0.0000
1.516 -0.054 21.700 -0.0000 1.0000 -0.0000
2.045 -0.054 21.700 -0.0000 1.0000 -0.0000
1.516 -0.054 22.700 -0.0000 1.0000 -0.0000
2.045 -0.054 22.700 -0.0000 1.0000 -0.0000
1.516 -0.054 23.700 -0.0000 1.0000 -0.0000
2.045 -0.054 23.700 -0.0000 1.0000 -0.0000
1.516 -0.054 24.700 -0.0000 1.0000 -0.0000
2.045 -0.054 24.700 -0.0000 1.0000 -0.0000
1.516 -0.054 25.700 -0.0000 1.0000 -0.0000
2.045 -0.054 25.700 -0.0000 1.0000 -0.0000
1.501 -0.054 26.200 -0.0000 1.0000 -0.0000
2.029 -0.054 26.200 -0.0000 1.0000 -0.0000
1.493 -0.054 26.450 -0.0000 1.0000 -0.0000
2.020 -0.054 26.450 -0.0000 1.0000 -0.0000
1.485 -0.054 26.700 -0.0000 1.0000 -0.0000
2.012 -0.054 26.700 -0.0000 1.0000 -0.0000
1.482 -0.054 27.700 -0.0000 1.0000 -0.0000
2.008 -0.054 27.700 -0.0000 1.0000 -0.0000
1.478 -0.054 28.700 -0.0000 1.0000 -0.0000
2.004 -0.054 28.700 -0.0000 1.0000 -0.0000
1.475 -0.054 29.700 -0.0000 1.0000 -0.0000
2.000 -0.054 29.700 -0.0000 1.0000 -0.0000
1.471 -0.054 30.700 -0.0000 1.0000 -0.0000
1.997 -0.054 30.700 -0.0000 1.0000 -0.0000
1.468 -0.054 31.700 -0.0000 1.0000 -0.0000
1.993 -0.054 31.700 -0.0000 1.0000 -0.0000
1.464 -0.054 32.700 -0.0000 1.0000 -0.0000
1.989 -0.054 32.700 -0.0000 1.0000 -0.0000
1.464 -0.054 32.950 -0.0000 1.0000 -0.0000
1.988 -0.054 32.950 -0.0000 1.0000 -0.0000
1.461 -0.054 33.700 -0.0000 1.0000 -0.0000
1.985 -0.054 33.700 -0.0000 1.0000 -0.0000
1.461 -0.054 33.900 -0.0000 1.0000 -0.0000
1.985 -0.054 33.900 -0.0000 1.0000 -0.0000
0.811 -0.054 -33.900 -0.0000 1.0000 -0.0000
1.229 -0.047 -33.900 -0.0544 0.9985 -0.0000
0.811 -0.054 -33.300 -0.0000 1.0000 -0.0000
1.229 -0.047 -33.300 -0.0544 0.9985 -0.0000
0.811 -0.054 -32.300 -0.0000 1.0000 -0.0000
1.229 -0.047 -32.298 -0.0544 0.9985 0.0051
0.845 -0.054 -31.300 -0.0000 1.0000 -0.0000
1.266 -0.050 -31.298 -0.0541 0.9985 0.0063
0.888 -0.054 -30.300 -0.0000 1.0000 -0.0000
1.318 -0.054 -30.299 -0.0308 0.9995 0.0020
0.935 -0.054 -29.300 -0.0000 1.0000 -0.0000
1.379 -0.054 -29.300 -0.0000 1.0000 -0.0000
0.985 -0.054 -28.300 -0.0000 1.0000 -0.0000
1.433 -0.054 -28.300 -0.0000 1.0000 -0.0000
1.035 -0.054 -27.300 -0.0000 1.0000 -0.0000
1.487 -0.054 -27.300 -0.0000 1.0000 -0.0000
1.087 -0.054 -26.300 -0.0000 1.0000 -0.0000
1.543 -0.054 -26.300 -0.0000 1.0000 -0.0000
1.144 -0.054 -25.300 -0.0000 1.0000 -0.0000
1.604 -0.054 -25.300 -0.0000 1.0000 -0.0000
1.206 -0.054 -24.300 -0.0000 1.0000 -0.0000
1.671 -0.054 -24.300 -0.0000 1.0000 -0.0000
1.274 -0.054 -23.300 -0.0000 1.0000 -0.0000
1.744 -0.054 -23.300 -0.0000 1.0000 -0.0000
1.348 -0.054 -22.300 -0.0000 1.0000 -0.0000
1.823 -0.054 -22.300 -0.0000 1.0000 -0.0000
1.422 -0.054 -21.300 -0.0000 1.0000 -0.0000
1.903 -0.054 -21.300 -0.0000 1.0000 -0.0000
1.511 -0.054 -20.300 -0.0000 1.0000 -0.0000
1.999 -0.054 -20.300 -0.0000 1.0000 -0.0000
1.599 -0.054 -19.300 -0.0000 1.0000 -0.0000
2.094 -0.054 -19.300 -0.0000 1.0000 -0.0000
1.688 -0.054 -18.300 -0.0000 1.0000 -0.0000
2.190 -0.054 -18.300 -0.0000 1.0000 -0.0000
1.777 -0.054 -17.300 -0.0000 1.0000 -0.0000
2.286 -0.054 -17.300 -0.0000 1.0000 -0.0000
1.867 -0.054 -16.300 -0.0000 1.0000 -0.0000
2.382 -0.054 -16.300 -0.0000 1.0000 -0.0000
1.956 -0.054 -15.300 -0.0000 1.0000 -0.0000
2.478 -0.054 -15.300 -0.0000 1.0000 -0.0000
2.045 -0.054 -14.300 -0.0000 1.0000 -0.0000
2.574 -0.054 -14.300 -0.0000 1.0000 -0.0000
2.045 -0.054 -13.950 -0.0000 1.0000 -0.0000
2.574 -0.054 -13.950 -0.0000 1.0000 -0.0000
2.045 -0.054 -13.300 -0.0000 1.0000 -0.0000
2.574 -0.054 -13.300 -0.0000 1.0000 -0.0000
2.045 -0.054 -12.300 -0.0000 1.0000 -0.0000
2.574 -0.054 -12.300 -0.0000 1.0000 -0.0000
2.045 -0.054 -11.300 -0.0000 1.0000 -0.0000
2.574 -0.054 -11.300 -0.0000 1.0000 -0.0000
2.045 -0.054 -10.300 -0.0000 1.0000 -0.0000
2.574 -0.054 -10.300 -0.0000 1.0000 -0.0000
2.045 -0.054 -9.300 -0.0000 1.0000 -0.0000
2.574 -0.054 -9.300 -0.0000 1.0000 -0.0000
2.045 -0.054 -8.300 -0.0000 1.0000 -0.0000
2.574 -0.054 -8.300 -0.0000 1.0000 -0.0000
2.045 -0.054 -7.450 -0.0000 1.0000 -0.0000
2.574 -0.054 -7.450 -0.0000 1.0000 -0.0000
2.045 -0.054 -7.350 -0.0000 1.0000 -0.0000
2.574 -0.054 -7.350 -0.0000 1.0000 -0.0000
2.045 -0.054 -7.300 -0.0000 1.0000 -0.0000
2.574 -0.054 -7.300 -0.0000 1.0000 -0.0000
2.045 -0.054 -6.300 -0.0000 1.0000 -0.0000
2.574 -0.054 -6.300 -0.0000 1.0000 -0.0000
2.045 -0.054 -5.800 -0.0000 1.0000 -0.0000
2.574 -0.054 -5.800 -0.0000 1.0000 -0.0000
2.045 -0.054 -5.300 -0.0000 1.0000 -0.0000
2.574 -0.054 -5.300 -0.0000 1.0000 -0.0000
2.045 -0.054 -4.300 -0.0000 1.0000 -0.0000
2.574 -0.054 -4.300 -0.0000 1.0000 -0.0000
2.045 -0.054 -3.300 -0.0000 1.0000 -0.0000
2.574 -0.054 -3.300 -0.0000 1.0000 -0.0000
2.045 -0.054 -2.300 -0.0000 1.0000 -0.0000
2.574 -0.054 -2.300 -0.0000 1.0000 -0.0000
2.045 -0.054 -1.300 -0.0000 1.0000 -0.0000
2.574 -0.054 -1.300 -0.0000 1.0000 -0.0000
2.045 -0.054 -0.300 -0.0000 1.0000 -0.0000
2.574 -0.054 -0.300 -0.0000 1.0000 -0.0000
2.045 -0.054 0.700 -0.0000 1.0000 -0.0000
2.574 -0.054 0.700 -0.0000 1.0000 -0.0000
2.045 -0.054 1.700 -0.0000 1.0000 -0.0000
2.574 -0.054 1.700 -0.0000 1.0000 -0.0000
2.045 -0.054 2.700 -0.0000 1.0000 -0.0000
2.574 -0.054 2.700 -0.0000 1.0000 -0.0000
2.045 -0.054 3.700 -0.0000 1.0000 -0.0000
2.574 -0.054 3.700 -0.0000 1.0000 -0.0000
2.045 -0.054 4.700 -0.0000 1.0000 -0.0000
2.574 -0.054 4.700 -0.0000 1.0000 -0.0000
2.045 -0.054 5.700 -0.0000 1.0000 -0.0000
2.574 -0.054 5.700 -0.0000 1.0000 -0.0000
2.045 -0.054 6.700 -0.0000 1.0000 -0.0000
2.574 -0.054 6.700 -0.0000 1.0000 -0.0000
2.045 -0.054 7.700 -0.0000 1.0000 -0.0000
2.574 -0.054 7.700 -0.0000 1.0000 -0.0000
2.045 -0.054 8.700 -0.0000 1.0000 -0.0000
2.574 -0.054 8.700 -0.0000 1.0000 -0.0000
2.045 -0.054 9.700 -0.0000 1.0000 -0.0000
2.574 -0.054 9.700 -0.0000 1.0000 -0.0000
2.045 -0.054 10.700 -0.0000 1.0000 -0.0000
2.574 -0.054 10.700 -0.0000 1.0000 -0.0000
2.045 -0.054 11.700 -0.0000 1.0000 -0.0000
2.574 -0.054 11.700 -0.0000 1.0000 -0.0000
2.045 -0.054 12.700 -0.0000 1.0000 -0.0000
2.574 -0.054 12.700 -0.0000 1.0000 -0.0000
2.045 -0.054 13.700 -0.0000 1.0000 -0.0000
2.574 -0.054 13.700 -0.0000 1.0000 -0.0000
2.045 -0.054 14.700 -0.0000 1.0000 -0.0000
2.574 -0.054 14.700 -0.0000 1.0000 -0.0000
2.045 -0.054 15.700 -0.0000 1.0000 -0.0000
2.574 -0.054 15.700 -0.0000 1.0000 -0.0000
2.045 -0.054 16.700 -0.0000 1.0000 -0.0000
2.574 -0.054 16.700 -0.0000 1.0000 -0.0000
2.045 -0.054 17.700 -0.0000 1.0000 -0.0000
2.574 -0.054 17.700 -0.0000 1.0000 -0.0000
2.045 -0.054 18.700 -0.0000 1.0000 -0.0000
2.574 -0.054 18.700 -0.0000 1.0000 -0.0000
2.045 -0.054 19.700 -0.0000 1.0000 -0.0000
2.574 -0.054 19.700 -0.0000 1.0000 -0.0000
2.045 -0.054 20.700 -0.0000 1.0000 -0.0000
2.574 -0.054 20.700 -0.0000 1.0000 -0.0000
2.045 -0.054 21.700 -0.0000 1.0000 -0.0000
2.574 -0.054 21.700 -0.0000 1.0000 -0.0000
2.045 -0.054 22.700 -0.0000 1.0000 -0.0000
2.574 -0.054 22.700 -0.0000 1.0000 -0.0000
2.045 -0.054 23.700 -0.0000 1.0000 -0.0000
2.574 -0.054 23.700 -0.0000 1.0000 -0.0000
2.045 -0.054 24.700 -0.0000 1.0000 -0.0000
2.574 -0.054 24.700 -0.0000 1.0000 -0.0000
2.045 -0.054 25.700 -0.0000 1.0000 -0.0000
2.574 -0.054 25.700 -0.0000 1.0000 -0.0000
2.029 -0.054 26.200 -0.0000 1.0000 -0.0000
2.556 -0.054 26.200 -0.0000 1.0000 -0.0000
2.020 -0.054 26.450 -0.0000 1.0000 -0.0000
2.547 -0.054 26.450 -0.0000 1.0000 -0.0000
2.012 -0.054 26.700 -0.0000 1.0000 -0.0000
2.538 -0.054 26.700 -0.0000 1.0000 -0.0000
2.008 -0.054 27.700 -0.0000 1.0000 -0.0000
2.534 -0.054 27.700 -0.0000 1.0000 -0.0000
2.004 -0.054 28.700 -0.0000 1.0000 -0.0000
2.530 -0.054 28.700 -0.0000 1.0000 -0.0000
2.000 -0.054 29.700 -0.0000 1.0000 -0.0000
2.526 -0.054 29.700 -0.0000 1.0000 -0.0000
1.997 -0.054 30.700 -0.0000 1.0000 -0.0000
2.522 -0.054 30.700 -0.0000 1.0000 -0.0000
1.993 -0.054 31.700 -0.0000 1.0000 -0.0000
2.518 -0.054 31.700 -0.0000 1.0000 -0.0000
1.989 -0.054 32.700 -0.0000 1.0000 -0.0000
2.514 -0.054 32.700 -0.0000 1.0000 -0.0000
1.988 -0.054 32.950 -0.0000 1.0000 -0.0000
2.513 -0.054 32.950 -0.0000 1.0000 -0.0000
1.985 -0.054 33.700 -0.0000 1.0000 -0.0000
2.510 -0.054 33.700 -0.0000 1.0000 -0.0000
1.985 -0.054 33.900 -0.0000 1.0000 -0.0000
2.510 -0.054 33.900 -0.0000 1.0000 -0.0000
1.229 -0.047 -33.900 -0.0544 0.9985 -0.0000
1.593 0.007 -33.900 -0.2686 0.9633 -0.0000
1.229 -0.047 -33.300 -0.0544 0.9985 -0.0000
1.593 0.007 -33.300 -0.2686 0.9633 -0.0000
1.229 -0.047 -32.298 -0.0544 0.9985 0.0051
1.593 0.007 -32.292 -0.2685 0.9630 0.0250
1.266 -0.050 -31.298 -0.0541 0.9985 0.0063
1.635 -0.007 -31.291 -0.2673 0.9631 0.0308
1.318 -0.054 -30.299 -0.0308 0.9995 0.0020
1.717 -0.013 -30.294 -0.1608 0.9868 0.0210
1.379 -0.054 -29.300 -0.0000 1.0000 -0.0000
1.773 -0.025 -29.293 -0.1598 0.9869 0.0218
1.433 -0.054 -28.300 -0.0000 1.0000 -0.0000
1.832 -0.037 -28.294 -0.1588 0.9871 0.0216
1.487 -0.054 -27.300 -0.0000 1.0000 -0.0000
1.922 -0.043 -27.298 -0.0528 0.9986 0.0075
1.543 -0.054 -26.300 -0.0000 1.0000 -0.0000
1.982 -0.047 -26.298 -0.0524 0.9986 0.0081
1.604 -0.054 -25.300 -0.0000 1.0000 -0.0000
2.048 -0.052 -25.297 -0.0521 0.9986 0.0088
1.671 -0.054 -24.300 -0.0000 1.0000 -0.0000
2.136 -0.054 -24.300 -0.0000 1.0000 -0.0000
1.744 -0.054 -23.300 -0.0000 1.0000 -0.0000
2.214 -0.054 -23.300 -0.0000 1.0000 -0.0000
1.823 -0.054 -22.300 -0.0000 1.0000 -0.0000
2.299 -0.054 -22.300 -0.0000 1.0000 -0.0000
1.903 -0.054 -21.300 -0.0000 1.0000 -0.0000
2.385 -0.054 -21.300 -0.0000 1.0000 -0.0000
1.999 -0.054 -20.300 -0.0000 1.0000 -0.0000
2.487 -0.054 -20.300 -0.0000 1.0000 -0.0000
2.094 -0.054 -19.300 -0.0000 1.0000 -0.0000
2.589 -0.054 -19.300 -0.0000 1.0000 -0.0000
2.190 -0.054 -18.300 -0.0000 1.0000 -0.0000
2.691 -0.054 -18.300 -0.0000 1.0000 -0.0000
2.286 -0.054 -17.300 -0.0000 1.0000 -0.0000
2.794 -0.054 -17.300 -0.0000 1.0000 -0.0000
2.382 -0.054 -16.300 -0.0000 1.0000 -0.0000
2.897 -0.054 -16.300 -0.0000 1.0000 -0.0000
2.478 -0.054 -15.300 -0.0000 1.0000 -0.0000
3.000 -0.054 -15.300 -0.0000 1.0000 -0.0000
2.574 -0.054 -14.300 -0.0000 1.0000 -0.0000
3.104 -0.054 -14.300 -0.0000 1.0000 -0.0000
2.574 -0.054 -13.950 -0.0000 1.0000 -0.0000
3.104 -0.054 -13.950 -0.0000 1.0000 -0.0000
2.574 -0.054 -13.300 -0.0000 1.0000 -0.0000
3.104 -0.054 -13.300 -0.0000 1.0000 -0.0000
2.574 -0.054 -12.300 -0.0000 1.0000 -0.0000
3.104 -0.054 -12.300 -0.0000 1.0000 -0.0000
2.574 -0.054 -11.300 -0.0000 1.0000 -0.0000
3.104 -0.054 -11.300 -0.0000 1.0000 -0.0000
2.574 -0.054 -10.300 -0.0000 1.0000 -0.0000
3.104 -0.054 -10.300 -0.0000 1.0000 -0.0000
2.574 -0.054 -9.300 -0.0000 1.0000 -0.0000
3.104 -0.054 -9.300 -0.0000 1.0000 -0.0000
2.574 -0.054 -8.300 -0.0000 1.0000 -0.0000
3.104 -0.054 -8.300 -0.0000 1.0000 -0.0000
2.574 -0.054 -7.450 -0.0000 1.0000 -0.0000
3.104 -0.054 -7.450 -0.0000 1.0000 -0.0000
2.574 -0.054 -7.350 -0.0000 1.0000 -0.0000
3.104 -0.054 -7.350 -0.0000 1.0000 -0.0000
2.574 -0.054 -7.300 -0.0000 1.0000 -0.0000
3.104 -0.054 -7.300 -0.0000 1.0000 -0.0000
2.574 -0.054 -6.300 -0.0000 1.0000 -0.0000
3.104 -0.054 -6.300 -0.0000 1.0000 -0.0000
2.574 -0.054 -5.800 -0.0000 1.0000 -0.0000
3.104 -0.054 -5.800 -0.0000 1.0000 -0.0000
2.574 -0.054 -5.300 -0.0000 1.0000 -0.0000
3.104 -0.054 -5.300 -0.0000 1.0000 -0.0000
2.574 -0.054 -4.300 -0.0000 1.0000 -0.0000
3.104 -0.054 -4.300 -0.0000 1.0000 -0.0000
2.574 -0.054 -3.300 -0.0000 1.0000 -0.0000
3.104 -0.054 -3.300 -0.0000 1.0000 -0.0000
2.574 -0.054 -2.300 -0.0000 1.0000 -0.0000
3.104 -0.054 -2.300 -0.0000 1.0000 -0.0000
2.574 -0.054 -1.300 -0.0000 1.0000 -0.0000
3.104 -0.054 -1.300 -0.0000 1.0000 -0.0000
2.574 -0.054 -0.300 -0.0000 1.0000 -0.0000
3.104 -0.054 -0.300 -0.0000 1.0000 -0.0000
2.574 -0.054 0.700 -0.0000 1.0000 -0.0000
3.104 -0.054 0.700 -0.0000 1.0000 -0.0000
2.574 -0.054 1.700 -0.0000 1.0000 -0.0000
3.104 -0.054 1.700 -0.0000 1.0000 -0.0000
2.574 -0.054 2.700 -0.0000 1.0000 -0.0000
3.104 -0.054 2.700 -0.0000 1.0000 -0.0000
2.574 -0.054 3.700 -0.0000 1.0000 -0.0000
3.104 -0.054 3.700 -0.0000 1.0000 -0.0000
2.574 -0.054 4.700 -0.0000 1.0000 -0.0000
3.104 -0.054 4.700 -0.0000 1.0000 -0.0000
2.574 -0.054 5.700 -0.0000 1.0000 -0.0000
3.104 -0.054 5.700 -0.0000 1.0000 -0.0000
2.574 -0.054 6.700 -0.0000 1.0000 -0.0000
3.104 -0.054 6.700 -0.0000 1.0000 -0.0000
2.574 -0.054 7.700 -0.0000 1.0000 -0.0000
3.104 -0.054 7.700 -0.0000 1.0000 -0.0000
2.574 -0.054 8.700 -0.0000 1.0000 -0.0000
3.104 -0.054 8.700 -0.0000 1.0000 -0.0000
2.574 -0.054 9.700 -0.0000 1.0000 -0.0000
3.104 -0.054 9.700 -0.0000 1.0000 -0.0000
2.574 -0.054 10.700 -0.0000 1.0000 -0.0000
3.104 -0.054 10.700 -0.0000 1.0000 -0.0000
2.574 -0.054 11.700 -0.0000 1.0000 -0.0000
3.104 -0.054 11.700 -0.0000 1.0000 -0.0000
2.574 -0.054 12.700 -0.0000 1.0000 -0.0000
3.104 -0.054 12.700 -0.0000 1.0000 -0.0000
2.574 -0.054 13.700 -0.0000 1.0000 -0.0000
3.104 -0.054 13.700 -0.0000 1.0000 -0.0000
2.574 -0.054 14.700 -0.0000 1.0000 -0.0000
3.104 -0.054 14.700 -0.0000 1.0000 -0.0000
2.574 -0.054 15.700 -0.0000 1.0000 -0.0000
3.104 -0.054 15.700 -0.0000 1.0000 -0.0000
2.574 -0.054 16.700 -0.0000 1.0000 -0.0000
3.104 -0.054 16.700 -0.0000 1.0000 -0.0000
2.574 -0.054 17.700 -0.0000 1.0000 -0.0000
3.104 -0.054 17.700 -0.0000 1.0000 -0.0000
2.574 -0.054 18.700 -0.0000 1.0000 -0.0000
3.104 -0.054 18.700 -0.0000 1.0000 -0.0000
2.574 -0.054 19.700 -0.0000 1.0000 -0.0000
3.104 -0.054 19.700 -0.0000 1.0000 -0.0000
2.574 -0.054 20.700 -0.0000 1.0000 -0.0000
3.104 -0.054 20.700 -0.0000 1.0000 -0.0000
2.574 -0.054 21.700 -0.0000 1.0000 -0.0000
3.104 -0.054 21.700 -0.0000 1.0000 -0.0000
2.574 -0.054 22.700 -0.0000 1.0000 -0.0000
3.104 -0.054 22.700 -0.0000 1.0000 -0.0000
2.574 -0.054 23.700 -0.0000 1.0000 -0.0000
3.104 -0.054 23.700 -0.0000 1.0000 -0.0000
2.574 -0.054 24.700 -0.0000 1.0000 -0.0000
3.104 -0.054 24.700 -0.0000 1.0000 -0.0000
2.574 -0.054 25.700 -0.0000 1.0000 -0.0000
3.104 -0.054 25.700 -0.0000 1.0000 -0.0000
2.556 -0.054 26.200 -0.0000 1.0000 -0.0000
3.084 -0.054 26.200 -0.0000 1.0000 -0.0000
2.547 -0.054 26.450 -0.0000 1.0000 -0.0000
3.075 -0.054 26.450 -0.0000 1.0000 -0.0000
2.538 -0.054 26.700 -0.0000 1.0000 -0.0000
3.065 -0.054 26.700 -0.0000 1.0000 -0.0000
2.534 -0.054 27.700 -0.0000 1.0000 -0.0000
3.061 -0.054 27.700 -0.0000 1.0000 -0.0000
2.530 -0.054 28.700 -0.0000 1.0000 -0.0000
3.056 -0.054 28.700 -0.0000 1.0000 -0.0000
2.526 -0.054 29.700 -0.0000 1.0000 -0.0000
3.052 -0.054 29.700 -0.0000 1.0000 -0.0000
2.522 -0.054 30.700 -0.0000 1.0000 -0.0000
3.047 -0.054 30.700 -0.0000 1.0000 -0.0000
2.518 -0.054 31.700 -0.0000 1.0000 -0.0000
3.043 -0.054 31.700 -0.0000 1.0000 -0.0000
2.514 -0.054 32.700 -0.0000 1.0000 -0.0000
3.039 -0.054 32.700 -0.0000 1.0000 -0.0000
2.513 -0.054 32.950 -0.0000 1.0000 -0.0000
3.038 -0.054 32.950 -0.0000 1.0000 -0.0000
2.510 -0.054 33.700 -0.0000 1.0000 -0.0000
3.034 -0.054 33.700 -0.0000 1.0000 -0.0000
2.510 -0.054 33.900 -0.0000 1.0000 -0.0000
3.034 -0.054 33.900 -0.0000 1.0000 -0.0000
1.593 0.007 -33.900 -0.2686 0.9633 -0.0000
1.947 0.130 -33.900 -0.4520 0.8920 -0.0000
1.593 0.007 -33.300 -0.2686 0.9633 -0.0000
1.947 0.130 -33.300 -0.4520 0.8920 -0.0000
1.593 0.007 -32.292 -0.2685 0.9630 0.0250
1.947 0.129 -32.288 -0.4516 0.8913 0.0413
1.635 -0.007 -31.291 -0.2673 0.9631 0.0308
2.018 0.120 -31.287 -0.3696 0.9282 0.0430
1.717 -0.013 -30.294 -0.1608 0.9868 0.0210
2.075 0.097 -30.286 -0.3676 0.9288 0.0478
1.773 -0.025 -29.293 -0.1598 0.9869 0.0218
2.139 0.071 -29.285 -0.3654 0.9295 0.0498
1.832 -0.037 -28.294 -0.1588 0.9871 0.0216
2.209 0.045 -28.286 -0.3540 0.9341 0.0458
1.922 -0.043 -27.298 -0.0528 0.9986 0.0075
2.302 0.034 -27.289 -0.2609 0.9647 0.0367
1.982 -0.047 -26.298 -0.0524 0.9986 0.0081
2.369 0.014 -26.288 -0.2591 0.9650 0.0400
2.048 -0.052 -25.297 -0.0521 0.9986 0.0088
2.442 -0.008 -25.287 -0.2573 0.9654 0.0431
2.136 -0.054 -24.300 -0.0000 1.0000 -0.0000
2.551 -0.018 -24.291 -0.1543 0.9876 0.0283
2.214 -0.054 -23.300 -0.0000 1.0000 -0.0000
2.637 -0.034 -23.291 -0.1530 0.9878 0.0301
2.299 -0.054 -22.300 -0.0000 1.0000 -0.0000
2.758 -0.044 -22.297 -0.0507 0.9987 0.0102
2.385 -0.054 -21.300 -0.0000 1.0000 -0.0000
2.851 -0.049 -21.296 -0.0503 0.9987 0.0119
2.487 -0.054 -20.300 -0.0000 1.0000 -0.0000
2.975 -0.054 -20.300 -0.0000 1.0000 -0.0000
2.589 -0.054 -19.300 -0.0000 1.0000 -0.0000
3.083 -0.054 -19.300 -0.0000 1.0000 -0.0000
2.691 -0.054 -18.300 -0.0000 1.0000 -0.0000
3.193 -0.054 -18.300 -0.0000 1.0000 -0.0000
2.794 -0.054 -17.300 -0.0000 1.0000 -0.0000
3.303 -0.054 -17.300 -0.0000 1.0000 -0.0000
2.897 -0.054 -16.300 -0.0000 1.0000 -0.0000
3.413 -0.054 -16.300 -0.0000 1.0000 -0.0000
3.000 -0.054 -15.300 -0.0000 1.0000 -0.0000
3.522 -0.054 -15.300 -0.0000 1.0000 -0.0000
3.104 -0.054 -14.300 -0.0000 1.0000 -0.0000
3.633 -0.054 -14.300 -0.0000 1.0000 -0.0000
3.104 -0.054 -13.950 -0.0000 1.0000 -0.0000
3.633 -0.054 -13.950 -0.0000 1.0000 -0.0000
3.104 -0.054 -13.300 -0.0000 1.0000 -0.0000
3.633 -0.054 -13.300 -0.0000 1.0000 -0.0000
3.104 -0.054 -12.300 -0.0000 1.0000 -0.0000
3.633 -0.054 -12.300 -0.0000 1.0000 -0.0000
3.104 -0.054 -11.300 -0.0000 1.0000 -0.0000
3.633 -0.054 -11.300 -0.0000 1.0000 -0.0000
3.104 -0.054 -10.300 -0.0000 1.0000 -0.0000
3.633 -0.054 -10.300 -0.0000 1.0000 -0.0000
3.104 -0.054 -9.300 -0.0000 1.0000 -0.0000
3.633 -0.054 -9.300 -0.0000 1.0000 -0.0000
3.104 -0.054 -8.300 -0.0000 1.0000 -0.0000
3.633 -0.054 -8.300 -0.0000 1.0000 -0.0000
3.104 -0.054 -7.450 -0.0000 1.0000 -0.0000
3.633 -0.054 -7.450 -0.0000 1.0000 -0.0000
3.104 -0.054 -7.350 -0.0000 1.0000 -0.0000
3.633 -0.054 -7.350 -0.0000 1.0000 -0.0000
3.104 -0.054 -7.300 -0.0000 1.0000 -0.0000
3.633 -0.054 -7.300 -0.0000 1.0000 -0.0000
3.104 -0.054 -6.300 -0.0000 1.0000 -0.0000
3.633 -0.054 -6.300 -0.0000 1.0000 -0.0000
3.104 -0.054 -5.800 -0.0000 1.0000 -0.0000
3.633 -0.054 -5.800 -0.0000 1.0000 -0.0000
3.104 -0.054 -5.300 -0.0000 1.0000 -0.0000
3.633 -0.054 -5.300 -0.0000 1.0000 -0.0000
3.104 -0.054 -4.300 -0.0000 1.0000 -0.0000
3.633 -0.054 -4.300 -0.0000 1.0000 -0.0000
3.104 -0.054 -3.300 -0.0000 1.0000 -0.0000
3.633 -0.054 -3.300 -0.0000 1.0000 -0.0000
3.104 -0.054 -2.300 -0.0000 1.0000 -0.0000
3.633 -0.054 -2.300 -0.0000 1.0000 -0.0000
3.104 -0.054 -1.300 -0.0000 1.0000 -0.0000
3.633 -0.054 -1.300 -0.0000 1.0000 -0.0000
3.104 -0.054 -0.300 -0.0000 1.0000 -0.0000
3.633 -0.054 -0.300 -0.0000 1.0000 -0.0000
3.104 -0.054 0.700 -0.0000 1.0000 -0.0000
3.633 -0.054 0.700 -0.0000 1.0000 -0.0000
3.104 -0.054 1.700 -0.0000 1.0000 -0.0000
3.633 -0.054 1.700 -0.0000 1.0000 -0.0000
3.104 -0.054 2.700 -0.0000 1.0000 -0.0000
3.633 -0.054 2.700 -0.0000 1.0000 -0.0000
3.104 -0.054 3.700 -0.0000 1.0000 -0.0000
3.633 -0.054 3.700 -0.0000 1.0000 -0.0000
3.104 -0.054 4.700 -0.0000 1.0000 -0.0000
3.633 -0.054 4.700 -0.0000 1.0000 -0.0000
3.104 -0.054 5.700 -0.0000 1.0000 -0.0000
3.633 -0.054 5.700 -0.0000 1.0000 -0.0000
3.104 -0.054 6.700 -0.0000 1.0000 -0.0000
3.633 -0.054 6.700 -0.0000 1.0000 -0.0000
3.104 -0.054 7.700 -0.0000 1.0000 -0.0000
3.633 -0.054 7.700 -0.0000 1.0000 -0.0000
3.104 -0.054 8.700 -0.0000 1.0000 -0.0000
3.633 -0.054 8.700 -0.0000 1.0000 -0.0000
3.104 -0.054 9.700 -0.0000 1.0000 -0.0000
3.633 -0.054 9.700 -0.0000 1.0000 -0.0000
3.104 -0.054 10.700 -0.0000 1.0000 -0.0000
3.633 -0.054 10.700 -0.0000 1.0000 -0.0000
3.104 -0.054 11.700 -0.0000 1.0000 -0.0000
3.633 -0.054 11.700 -0.0000 1.0000 -0.0000
3.104 -0.054 12.700 -0.0000 1.0000 -0.0000
3.633 -0.054 12.700 -0.0000 1.0000 -0.0000
3.104 -0.054 13.700 -0.0000 1.0000 -0.0000
3.633 -0.054 13.700 -0.0000 1.0000 -0.0000
3.104 -0.054 14.700 -0.0000 1.0000 -0.0000
3.633 -0.054 14.700 -0.0000 1.0000 -0.0000
3.104 -0.054 15.700 -0.0000 1.0000 -0.0000
3.633 -0.054 15.700 -0.0000 1.0000 -0.0000
3.104 -0.054 16.700 -0.0000 1.0000 -0.0000
3.633 -0.054 16.700 -0.0000 1.0000 -0.0000
3.104 -0.054 17.700 -0.0000 1.0000 -0.0000
3.633 -0.054 17.700 -0.0000 1.0000 -0.0000
3.104 -0.054 18.700 -0.0000 1.0000 -0.0000
3.633 -0.054 18.700 -0.0000 1.0000 -0.0000
3.104 -0.054 19.700 -0.0000 1.0000 -0.0000
3.633 -0.054 19.700 -0.0000 1.0000 -0.0000
3.104 -0.054 20.700 -0.0000 1.0000 -0.0000
3.633 -0.054 20.700 -0.0000 1.0000 -0.0000
3.104 -0.054 21.700 -0.0000 1.0000 -0.0000
3.633 -0.054 21.700 -0.0000 1.0000 -0.0000
3.104 -0.054 22.700 -0.0000 1.0000 -0.0000
3.633 -0.054 22.700 -0.0000 1.0000 -0.0000
3.104 -0.054 23.700 -0.0000 1.0000 -0.0000
3.633 -0.054 23.700 -0.0000 1.0000 -0.0000
3.104 -0.054 24.700 -0.0000 1.0000 -0.0000
3.633 -0.054 24.700 -0.0000 1.0000 -0.0000
3.104 -0.054 25.700 -0.0000 1.0000 -0.0000
3.633 -0.054 25.700 -0.0000 1.0000 -0.0000
3.084 -0.054 26.200 -0.0000 1.0000 -0.0000
3.612 -0.054 26.200 -0.0000 1.0000 -0.0000
3.075 -0.054 26.450 -0.0000 1.0000 -0.0000
3.602 -0.054 26.450 -0.0000 1.0000 -0.0000
3.065 -0.054 26.700 -0.0000 1.0000 -0.0000
3.591 -0.054 26.700 -0.0000 1.0000 -0.0000
3.061 -0.054 27.700 -0.0000 1.0000 -0.0000
3.587 -0.054 27.700 -0.0000 1.0000 -0.0000
3.056 -0.054 28.700 -0.0000 1.0000 -0.0000
3.582 -0.054 28.700 -0.0000 1.0000 -0.0000
3.052 -0.054 29.700 -0.0000 1.0000 -0.0000
3.577 -0.054 29.700 -0.0000 1.0000 -0.0000
3.047 -0.054 30.700 -0.0000 1.0000 -0.0000
3.573 -0.054 30.700 -0.0000 1.0000 -0.0000
3.043 -0.054 31.700 -0.0000 1.0000 -0.0000
3.568 -0.054 31.700 -0.0000 1.0000 -0.0000
3.039 -0.054 32.700 -0.0000 1.0000 -0.0000
3.563 -0.054 32.700 -0.0000 1.0000 -0.0000
3.038 -0.054 32.950 -0.0000 1.0000 -0.0000
3.562 -0.054 32.950 -0.0000 1.0000 -0.0000
3.034 -0.054 33.700 -0.0000 1.0000 -0.0000
3.559 -0.054 33.700 -0.0000 1.0000 -0.0000
3.034 -0.054 33.900 -0.0000 1.0000 -0.0000
3.559 -0.054 33.900 -0.0000 1.0000 -0.0000
1.947 0.130 -33.900 -0.4520 0.8920 -0.0000
2.318 0.354 -33.900 -0.5827 0.8127 -0.0000
1.947 0.130 -33.300 -0.4520 0.8920 -0.0000
2.318 0.354 -33.300 -0.5827 0.8127 -0.0000
1.947 0.129 -32.288 -0.4516 0.8913 0.0413
2.318 0.353 -32.284 -0.5818 0.8116 0.0535
2.018 0.120 -31.287 -0.3696 0.9282 0.0430
2.378 0.330 -31.280 -0.5597 0.8261 0.0651
2.075 0.097 -30.286 -0.3676 0.9288 0.0478
2.445 0.297 -30.278 -0.5568 0.8275 0.0724
2.139 0.071 -29.285 -0.3654 0.9295 0.0498
2.520 0.260 -29.277 -0.5536 0.8294 0.0754
2.209 0.045 -28.286 -0.3540 0.9341 0.0458
2.598 0.222 -28.278 -0.5505 0.8315 0.0746
2.302 0.034 -27.289 -0.2609 0.9647 0.0367
2.701 0.204 -27.281 -0.4567 0.8873 0.0643
2.369 0.014 -26.288 -0.2591 0.9650 0.0400
2.778 0.171 -26.279 -0.4538 0.8884 0.0701
2.442 -0.008 -25.287 -0.2573 0.9654 0.0431
2.863 0.135 -25.277 -0.4505 0.8896 0.0756
2.551 -0.018 -24.291 -0.1543 0.9876 0.0283
2.983 0.112 -24.281 -0.3531 0.9333 0.0649
2.637 -0.034 -23.291 -0.1530 0.9878 0.0301
3.079 0.079 -23.279 -0.3501 0.9342 0.0689
2.758 -0.044 -22.297 -0.0507 0.9987 0.0102
3.183 0.044 -22.279 -0.3470 0.9353 0.0691
2.851 -0.049 -21.296 -0.0503 0.9987 0.0119
3.315 0.024 -21.282 -0.2483 0.9669 0.0587
2.975 -0.054 -20.300 -0.0000 1.0000 -0.0000
3.436 -0.005 -20.283 -0.2456 0.9676 0.0577
3.083 -0.054 -19.300 -0.0000 1.0000 -0.0000
3.584 -0.022 -19.290 -0.1469 0.9885 0.0348
3.193 -0.054 -18.300 -0.0000 1.0000 -0.0000
3.703 -0.039 -18.290 -0.1453 0.9888 0.0342
3.303 -0.054 -17.300 -0.0000 1.0000 -0.0000
3.850 -0.047 -17.297 -0.0481 0.9988 0.0114
3.413 -0.054 -16.300 -0.0000 1.0000 -0.0000
3.968 -0.052 -16.297 -0.0475 0.9988 0.0111
3.522 -0.054 -15.300 -0.0000 1.0000 -0.0000
4.099 -0.054 -15.300 -0.0000 1.0000 -0.0000
3.633 -0.054 -14.300 -0.0000 1.0000 -0.0000
4.217 -0.054 -14.300 -0.0000 1.0000 -0.0000
3.633 -0.054 -13.950 -0.0000 1.0000 -0.0000
4.217 -0.054 -13.950 -0.0000 1.0000 -0.0000
3.633 -0.054 -13.300 -0.0000 1.0000 -0.0000
4.217 -0.054 -13.300 -0.0000 1.0000 -0.0000
3.633 -0.054 -12.300 -0.0000 1.0000 -0.0000
4.217 -0.054 -12.300 -0.0000 1.0000 -0.0000
3.633 -0.054 -11.300 -0.0000 1.0000 -0.0000
4.217 -0.054 -11.300 -0.0000 1.0000 -0.0000
3.633 -0.054 -10.300 -0.0000 1.0000 -0.0000
4.217 -0.054 -10.300 -0.0000 1.0000 -0.0000
3.633 -0.054 -9.300 -0.0000 1.0000 -0.0000
4.217 -0.054 -9.300 -0.0000 1.0000 -0.0000
3.633 -0.054 -8.300 -0.0000 1.0000 -0.0000
4.217 -0.054 -8.300 -0.0000 1.0000 -0.0000
3.633 -0.054 -7.450 -0.0000 1.0000 -0.0000
4.217 -0.054 -7.450 -0.0000 1.0000 -0.0000
3.633 -0.054 -7.350 -0.0000 1.0000 -0.0000
4.217 -0.054 -7.350 -0.0000 1.0000 -0.0000
3.633 -0.054 -7.300 -0.0000 1.0000 -0.0000
4.217 -0.054 -7.300 -0.0000 1.0000 -0.0000
3.633 -0.054 -6.300 -0.0000 1.0000 -0.0000
4.217 -0.054 -6.300 -0.0000 1.0000 -0.0000
3.633 -0.054 -5.800 -0.0000 1.0000 -0.0000
4.217 -0.054 -5.800 -0.0000 1.0000 -0.0000
3.633 -0.054 -5.300 -0.0000 1.0000 -0.0000
4.217 -0.054 -5.300 -0.0000 1.0000 -0.0000
3.633 -0.054 -4.300 -0.0000 1.0000 -0.0000
4.217 -0.054 -4.300 -0.0000 1.0000 -0.0000
3.633 -0.054 -3.300 -0.0000 1.0000 -0.0000
4.217 -0.054 -3.300 -0.0000 1.0000 -0.0000
3.633 -0.054 -2.300 -0.0000 1.0000 -0.0000
4.217 -0.054 -2.300 -0.0000 1.0000 -0.0000
3.633 -0.054 -1.300 -0.0000 1.0000 -0.0000
4.217 -0.054 -1.300 -0.0000 1.0000 -0.0000
3.633 -0.054 -0.300 -0.0000 1.0000 -0.0000
4.217 -0.054 -0.300 -0.0000 1.0000 -0.0000
3.633 -0.054 0.700 -0.0000 1.0000 -0.0000
4.217 -0.054 0.700 -0.0000 1.0000 -0.0000
3.633 -0.054 1.700 -0.0000 1.0000 -0.0000
4.217 -0.054 1.700 -0.0000 1.0000 -0.0000
3.633 -0.054 2.700 -0.0000 1.0000 -0.0000
4.217 -0.054 2.700 -0.0000 1.0000 -0.0000
3.633 -0.054 3.700 -0.0000 1.0000 -0.0000
4.217 -0.054 3.700 -0.0000 1.0000 -0.0000
3.633 -0.054 4.700 -0.0000 1.0000 -0.0000
4.217 -0.054 4.700 -0.0000 1.0000 -0.0000
3.633 -0.054 5.700 -0.0000 1.0000 -0.0000
4.217 -0.054 5.700 -0.0000 1.0000 -0.0000
3.633 -0.054 6.700 -0.0000 1.0000 -0.0000
4.217 -0.054 6.700 -0.0000 1.0000 -0.0000
3.633 -0.054 7.700 -0.0000 1.0000 -0.0000
4.217 -0.054 7.700 -0.0000 1.0000 -0.0000
3.633 -0.054 8.700 -0.0000 1.0000 -0.0000
4.217 -0.054 8.700 -0.0000 1.0000 -0.0000
3.633 -0.054 9.700 -0.0000 1.0000 -0.0000
4.217 -0.054 9.700 -0.0000 1.0000 -0.0000
3.633 -0.054 10.700 -0.0000 1.0000 -0.0000
4.217 -0.054 10.700 -0.0000 1.0000 -0.0000
3.633 -0.054 11.700 -0.0000 1.0000 -0.0000
4.217 -0.054 11.700 -0.0000 1.0000 -0.0000
3.633 -0.054 12.700 -0.0000 1.0000 -0.0000
4.217 -0.054 12.700 -0.0000 1.0000 -0.0000
3.633 -0.054 13.700 -0.0000 1.0000 -0.0000
4.217 -0.054 13.700 -0.0000 1.0000 -0.0000
3.633 -0.054 14.700 -0.0000 1.0000 -0.0000
4.217 -0.054 14.700 -0.0000 1.0000 -0.0000
3.633 -0.054 15.700 -0.0000 1.0000 -0.0000
4.217 -0.054 15.700 -0.0000 1.0000 -0.0000
3.633 -0.054 16.700 -0.0000 1.0000 -0.0000
4.217 -0.054 16.700 -0.0000 1.0000 -0.0000
3.633 -0.054 17.700 -0.0000 1.0000 -0.0000
4.217 -0.054 17.700 -0.0000 1.0000 -0.0000
3.633 -0.054 18.700 -0.0000 1.0000 -0.0000
4.217 -0.054 18.700 -0.0000 1.0000 -0.0000
3.633 -0.054 19.700 -0.0000 1.0000 -0.0000
4.217 -0.054 19.700 -0.0000 1.0000 -0.0000
3.633 -0.054 20.700 -0.0000 1.0000 -0.0000
4.217 -0.054 20.700 -0.0000 1.0000 -0.0000
3.633 -0.054 21.700 -0.0000 1.0000 -0.0000
4.217 -0.054 21.700 -0.0000 1.0000 -0.0000
3.633 -0.054 22.700 -0.0000 1.0000 -0.0000
4.217 -0.054 22.700 -0.0000 1.0000 -0.0000
3.633 -0.054 23.700 -0.0000 1.0000 -0.0000
4.217 -0.054 23.700 -0.0000 1.0000 -0.0000
3.633 -0.054 24.700 -0.0000 1.0000 -0.0000
4.217 -0.054 24.700 -0.0000 1.0000 -0.0000
3.633 -0.054 25.700 -0.0000 1.0000 -0.0000
4.217 -0.054 25.700 -0.0000 1.0000 -0.0000
3.612 -0.054 26.200 -0.0000 1.0000 -0.0000
4.195 -0.054 26.200 -0.0000 1.0000 -0.0000
3.602 -0.054 26.450 -0.0000 1.0000 -0.0000
4.184 -0.054 26.450 -0.0000 1.0000 -0.0000
3.591 -0.054 26.700 -0.0000 1.0000 -0.0000
4.173 -0.054 26.700 -0.0000 1.0000 -0.0000
3.587 -0.054 27.700 -0.0000 1.0000 -0.0000
4.168 -0.054 27.700 -0.0000 1.0000 -0.0000
3.582 -0.054 28.700 -0.0000 1.0000 -0.0000
4.163 -0.054 28.700 -0.0000 1.0000 -0.0000
3.577 -0.054 29.700 -0.0000 1.0000 -0.0000
4.158 -0.054 29.700 -0.0000 1.0000 -0.0000
3.573 -0.054 30.700 -0.0000 1.0000 -0.0000
4.153 -0.054 30.700 -0.0000 1.0000 -0.0000
3.568 -0.054 31.700 -0.0000 1.0000 -0.0000
4.148 -0.054 31.700 -0.0000 1.0000 -0.0000
3.563 -0.054 32.700 -0.0000 1.0000 -0.0000
4.143 -0.054 32.700 -0.0000 1.0000 -0.0000
3.562 -0.054 32.950 -0.0000 1.0000 -0.0000
4.142 -0.054 32.950 -0.0000 1.0000 -0.0000
3.559 -0.054 33.700 -0.0000 1.0000 -0.0000
4.138 -0.054 33.700 -0.0000 1.0000 -0.0000
3.559 -0.054 33.900 -0.0000 1.0000 -0.0000
4.138 -0.054 33.900 -0.0000 1.0000 -0.0000
0 1 2
2 1 3
2 3 4
4 3 5
4 5 6
6 5 7
6 7 8
8 7 9
8 9 10
10 9 11
10 11 12
12 11 13
12 13 14
14 13 15
14 15 16
16 15 17
16 17 18
18 17 19
18 19 20
20 19 21
20 21 22
22 21 23
22 23 24
24 23 25
24 25 26
26 25 27
26 27 28
28 27 29
28 29 30
30 29 31
30 31 32
32 31 33
32 33 34
34 33 35
34 35 36
36 35 37
36 37 38
38 37 39
38 39 40
40 39 41
40 41 42
42 41 43
42 43 44
44 43 45
44 45 46
46 45 47
46 47 48
48 47 49
48 49 50
50 49 51
50 51 52
52 51 53
52 53 54
54 53 55
54 55 56
56 55 57
56 57 58
58 57 59
58 59 60
60 59 61
60 61 62
62 61 63
62 63 64
64 63 65
64 65 66
66 65 67
66 67 68
68 67 69
68 69 70
70 69 71
70 71 72
72 71 73
72 73 74
74 73 75
74 75 76
76 75 77
76 77 78
78 77 79
78 79 80
80 79 81
80 81 82
82 81 83
82 83 84
84 83 85
84 85 86
86 85 87
86 87 88
88 87 89
88 89 90
90 89 91
90 91 92
92 91 93
92 93 94
94 93 95
94 95 96
96 95 97
96 97 98
98 97 99
98 99 100
100 99 101
100 101 102
102 101 103
102 103 104
104 103 105
104 105 106
106 105 107
106 107 108
108 107 109
108 109 110
110 109 111
110 111 112
112 111 113
112 113 114
114 113 115
114 115 116
116 115 117
116 117 118
118 117 119
118 119 120
120 119 121
120 121 122
122 121 123
122 123 124
124 123 125
124 125 126
126 125 127
126 127 128
128 127 129
128 129 130
130 129 131
130 131 132
132 131 133
132 133 134
134 133 135
134 135 136
136 135 137
136 137 138
138 137 139
138 139 140
140 139 141
140 141 142
142 141 143
142 143 144
144 143 145
144 145 146
146 145 147
146 147 148
148 147 149
148 149 150
150 149 151
150 151 152
152 151 153
154 155 156
156 155 157
156 157 158
158 157 159
158 159 160
160 159 161
160 161 162
162 161 163
162 163 164
164 163 165
164 165 166
166 165 167
166 167 168
168 167 169
168 169 170
170 169 171
170 171 172
172 171 173
172 173 174
174 173 175
174 175 176
176 175 177
176 177 178
178 177 179
178 179 180
180 179 181
180 181 182
182 181 183
182 183 184
184 183 185
184 185 186
186 185 187
186 187 188
188 187 189
188 189 190
190 189 191
190 191 192
192 191 193
192 193 194
194 193 195
194 195 196
196 195 197
196 197 198
198 197 199
198 199 200
200 199 201
200 201 202
202 201 203
202 203 204
204 203 205
204 205 206
206 205 207
206 207 208
208 207 209
208 209 210
210 209 211
210 211 212
212 211 213
212 213 214
214 213 215
214 215 216
216 215 217
216 217 218
218 217 219
218 219 220
220 219 221
220 221 222
222 221 223
222 223 224
224 223 225
224 225 226
226 225 227
226 227 228
228 227 229
228 229 230
230 229 231
230 231 232
232 231 233
232 233 234
234 233 235
234 235 236
236 235 237
236 237 238
238 237 239
238 239 240
240 239 241
240 241 242
242 241 243
242 243 244
244 243 245
244 245 246
246 245 247
246 247 248
248 247 249
248 249 250
250 249 251
250 251 252
252 251 253
252 253 254
254 253 255
254 255 256
256 255 257
256 257 258
258 257 259
258 259 260
260 259 261
260 261 262
262 261 263
262 263 264
264 263 265
264 265 266
266 265 267
266 267 268
268 267 269
268 269 270
270 269 271
270 271 272
272 271 273
272 273 274
274 273 275
274 275 276
276 275 277
276 277 278
278 277 279
278 279 280
280 279 281
280 281 282
282 281 283
282 283 284
284 283 285
284 285 286
286 285 287
286 287 288
288 287 289
288 289 290
290 289 291
290 291 292
292 291 293
292 293 294
294 293 295
294 295 296
296 295 297
296 297 298
298 297 299
298 299 300
300 299 301
300 301 302
302 301 303
302 303 304
304 303 305
304 305 306
306 305 307
308 309 310
310 309 311
310 311 312
312 311 313
312 313 314
314 313 315
314 315 316
316 315 317
316 317 318
318 317 319
318 319 320
320 319 321
320 321 322
322 321 323
322 323 324
324 323 325
324 325 326
326 325 327
326 327 328
328 327 329
328 329 330
330 329 331
330 331 332
332 331 333
332 333 334
334 333 335
334 335 336
336 335 337
336 337 338
338 337 339
338 339 340
340 339 341
340 341 342
342 341 343
342 343 344
344 343 345
344 345 346
346 345 347
346 347 348
348 347 349
348 349 350
350 349 351
350 351 352
352 351 353
352 353 354
354 353 355
354 355 356
356 355 357
356 357 358
358 357 359
358 359 360
360 359 361
360 361 362
362 361 363
362 363 364
364 363 365
364 365 366
366 365 367
366 367 368
368 367 369
368 369 370
370 369 371
370 371 372
372 371 373
372 373 374
374 373 375
374 375 376
376 375 377
376 377 378
378 377 379
378 379 380
380 379 381
380 381 382
382 381 383
382 383 384
384 383 385
384 385 386
386 385 387
386 387 388
388 387 389
388 389 390
390 389 391
390 391 392
392 391 393
392 393 394
394 393 395
394 395 396
396 395 397
396 397 398
398 397 399
398 399 400
400 399 401
400 401 402
402 401 403
402 403 404
404 403 405
404 405 406
406 405 407
406 407 408
408 407 409
408 409 410
410 409 411
410 411 412
412 411 413
412 413 414
414 413 415
414 415 416
416 415 417
416 417 418
418 417 419
418 419 420
420 419 421
420 421 422
422 421 423
422 423 424
424 423 425
424 425 426
426 425 427
426 427 428
428 427 429
428 429 430
430 429 431
430 431 432
432 431 433
432 433 434
434 433 435
434 435 436
436 435 437
436 437 438
438 437 439
438 439 440
440 439 441
440 441 442
442 441 443
442 443 444
444 443 445
444 445 446
446 445 447
446 447 448
448 447 449
448 449 450
450 449 451
450 451 452
452 451 453
452 453 454
454 453 455
454 455 456
456 455 457
456 457 458
458 457 459
458 459 460
460 459 461
462 463 464
464 463 465
464 465 466
466 465 467
466 467 468
468 467 469
468 469 470
470 469 471
470 471 472
472 471 473
472 473 474
474 473 475
474 475 476
476 475 477
476 477 478
478 477 479
478 479 480
480 479 481
480 481 482
482 481 483
482 483 484
484 483 485
484 485 486
486 485 487
486 487 488
488 487 489
488 489 490
490 489 491
490 491 492
492 491 493
492 493 494
494 493 495
494 495 496
496 495 497
496 497 498
498 497 499
498 499 500
500 499 501
500 501 502
502 501 503
502 503 504
504 503 505
504 505 506
506 505 507
506 507 508
508 507 509
508 509 510
510 509 511
510 511 512
512 511 513
512 513 514
514 513 515
514 515 516
516 515 517
516 517 518
518 517 519
518 519 520
520 519 521
520 521 522
522 521 523
522 523 524
524 523 525
524 525 526
526 525 527
526 527 528
528 527 529
528 529 530
530 529 531
530 531 532
532 531 533
532 533 534
534 533 535
534 535 536
536 535 537
536 537 538
538 537 539
538 539 540
540 539 541
540 541 542
542 541 543
542 543 544
544 543 545
544 545 546
546 545 547
546 547 548
548 547 549
548 549 550
550 549 551
550 551 552
552 551 553
552 553 554
554 553 555
554 555 556
556 555 557
556 557 558
558 557 559
558 559 560
560 559 561
560 561 562
562 561 563
562 563 564
564 563 565
564 565 566
566 565 567
566 567 568
568 567 569
568 569 570
570 569 571
570 571 572
572 571 573
572 573 574
574 573 575
574 575 576
576 575 577
576 577 578
578 577 579
578 579 580
580 579 581
580 581 582
582 581 583
582 583 584
584 583 585
584 585 586
586 585 587
586 587 588
588 587 589
588 589 590
590 589 591
590 591 592
592 591 593
592 593 594
594 593 595
594 595 596
596 595 597
596 597 598
598 597 599
598 599 600
600 599 601
600 601 602
602 601 603
602 603 604
604 603 605
604 605 606
606 605 607
606 607 608
608 607 609
608 609 610
610 609 611
610 611 612
612 611 613
612 613 614
614 613 615
616 617 618
618 617 619
618 619 620
620 619 621
620 621 622
622 621 623
622 623 624
624 623 625
624 625 626
626 625 627
626 627 628
628 627 629
628 629 630
630 629 631
630 631 632
632 631 633
632 633 634
634 633 635
634 635 636
636 635 637
636 637 638
638 637 639
638 639 640
640 639 641
640 641 642
642 641 643
642 643 644
644 643 645
644 645 646
646 645 647
646 647 648
648 647 649
648 649 650
650 649 651
650 651 652
652 651 653
652 653 654
654 653 655
654 655 656
656 655 657
656 657 658
658 657 659
658 659 660
660 659 661
660 661 662
662 661 663
662 663 664
664 663 665
664 665 666
666 665 667
666 667 668
668 667 669
668 669 670
670 669 671
670 671 672
672 671 673
672 673 674
674 673 675
674 675 676
676 675 677
676 677 678
678 677 679
678 679 680
680 679 681
680 681 682
682 681 683
682 683 684
684 683 685
684 685 686
686 685 687
686 687 688
688 687 689
688 689 690
690 689 691
690 691 692
692 691 693
692 693 694
694 693 695
694 695 696
696 695 697
696 697 698
698 697 699
698 699 700
700 699 701
700 701 702
702 701 703
702 703 704
704 703 705
704 705 706
706 705 707
706 707 708
708 707 709
708 709 710
710 709 711
710 711 712
712 711 713
712 713 714
714 713 715
714 715 716
716 715 717
716 717 718
718 717 719
718 719 720
720 719 721
720 721 722
722 721 723
722 723 724
724 723 725
724 725 726
726 725 727
726 727 728
728 727 729
728 729 730
730 729 731
730 731 732
732 731 733
732 733 734
734 733 735
734 735 736
736 735 737
736 737 738
738 737 739
738 739 740
740 739 741
740 741 742
742 741 743
742 743 744
744 743 745
744 745 746
746 745 747
746 747 748
748 747 749
748 749 750
750 749 751
750 751 752
752 751 753
752 753 754
754 753 755
754 755 756
756 755 757
756 757 758
758 757 759
758 759 760
760 759 761
760 761 762
762 761 763
762 763 764
764 763 765
764 765 766
766 765 767
766 767 768
768 767 769
770 771 772
772 771 773
772 773 774
774 773 775
774 775 776
776 775 777
776 777 778
778 777 779
778 779 780
780 779 781
780 781 782
782 781 783
782 783 784
784 783 785
784 785 786
786 785 787
786 787 788
788 787 789
788 789 790
790 789 791
790 791 792
792 791 793
792 793 794
794 793 795
794 795 796
796 795 797
796 797 798
798 797 799
798 799 800
800 799 801
800 801 802
802 801 803
802 803 804
804 803 805
804 805 806
806 805 807
806 807 808
808 807 809
808 809 810
810 809 811
810 811 812
812 811 813
812 813 814
814 813 815
814 815 816
816 815 817
816 817 818
818 817 819
818 819 820
820 819 821
820 821 822
822 821 823
822 823 824
824 823 825
824 825 826
826 825 827
826 827 828
828 827 829
828 829 830
830 829 831
830 831 832
832 831 833
832 833 834
834 833 835
834 835 836
836 835 837
836 837 838
838 837 839
838 839 840
840 839 841
840 841 842
842 841 843
842 843 844
844 843 845
844 845 846
846 845 847
846 847 848
848 847 849
848 849 850
850 849 851
850 851 852
852 851 853
852 853 854
854 853 855
854 855 856
856 855 857
856 857 858
858 857 859
858 859 860
860 859 861
860 861 862
862 861 863
862 863 864
864 863 865
864 865 866
866 865 867
866 867 868
868 867 869
868 869 870
870 869 871
870 871 872
872 871 873
872 873 874
874 873 875
874 875 876
876 875 877
876 877 878
878 877 879
878 879 880
880 879 881
880 881 882
882 881 883
882 883 884
884 883 885
884 885 886
886 885 887
886 887 888
888 887 889
888 889 890
890 889 891
890 891 892
892 891 893
892 893 894
894 893 895
894 895 896
896 895 897
896 897 898
898 897 899
898 899 900
900 899 901
900 901 902
902 901 903
902 903 904
904 903 905
904 905 906
906 905 907
906 907 908
908 907 909
908 909 910
910 909 911
910 911 912
912 911 913
912 913 914
914 913 915
914 915 916
916 915 917
916 917 918
918 917 919
918 919 920
920 919 921
920 921 922
922 921 923
924 925 926
926 925 927
926 927 928
928 927 929
928 929 930
930 929 931
930 931 932
932 931 933
932 933 934
934 933 935
934 935 936
936 935 937
936 937 938
938 937 939
938 939 940
940 939 941
940 941 942
942 941 943
942 943 944
944 943 945
944 945 946
946 945 947
946 947 948
948 947 949
948 949 950
950 949 951
950 951 952
952 951 953
952 953 954
954 953 955
954 955 956
956 955 957
956 957 958
958 957 959
958 959 960
960 959 961
960 961 962
962 961 963
962 963 964
964 963 965
964 965 966
966 965 967
966 967 968
968 967 969
968 969 970
970 969 971
970 971 972
972 971 973
972 973 974
974 973 975
974 975 976
976 975 977
976 977 978
978 977 979
978 979 980
980 979 981
980 981 982
982 981 983
982 983 984
984 983 985
984 985 986
986 985 987
986 987 988
988 987 989
988 989 990
990 989 991
990 991 992
992 991 993
992 993 994
994 993 995
994 995 996
996 995 997
996 997 998
998 997 999
998 999 1000
1000 999 1001
1000 1001 1002
1002 1001 1003
1002 1003 1004
1004 1003 1005
1004 1005 1006
1006 1005 1007
1006 1007 1008
1008 1007 1009
1008 1009 1010
1010 1009 1011
1010 1011 1012
1012 1011 1013
1012 1013 1014
1014 1013 1015
1014 1015 1016
1016 1015 1017
1016 1017 1018
1018 1017 1019
1018 1019 1020
1020 1019 1021
1020 1021 1022
1022 1021 1023
1022 1023 1024
1024 1023 1025
1024 1025 1026
1026 1025 1027
1026 1027 1028
1028 1027 1029
1028 1029 1030
1030 1029 1031
1030 1031 1032
1032 1031 1033
1032 1033 1034
1034 1033 1035
1034 1035 1036
1036 1035 1037
1036 1037 1038
1038 1037 1039
1038 1039 1040
1040 1039 1041
1040 1041 1042
1042 1041 1043
1042 1043 1044
1044 1043 1045
1044 1045 1046
1046 1045 1047
1046 1047 1048
1048 1047 1049
1048 1049 1050
1050 1049 1051
1050 1051 1052
1052 1051 1053
1052 1053 1054
1054 1053 1055
1054 1055 1056
1056 1055 1057
1056 1057 1058
1058 1057 1059
1058 1059 1060
1060 1059 1061
1060 1061 1062
1062 1061 1063
1062 1063 1064
1064 1063 1065
1064 1065 1066
1066 1065 1067
1066 1067 1068
1068 1067 1069
1068 1069 1070
1070 1069 1071
1070 1071 1072
1072 1071 1073
1072 1073 1074
1074 1073 1075
1074 1075 1076
1076 1075 1077
1078 1079 1080
1080 1079 1081
1080 1081 1082
1082 1081 1083
1082 1083 1084
1084 1083 1085
1084 1085 1086
1086 1085 1087
1086 1087 1088
1088 1087 1089
1088 1089 1090
1090 1089 1091
1090 1091 1092
1092 1091 1093
1092 1093 1094
1094 1093 1095
1094 1095 1096
1096 1095 1097
1096 1097 1098
1098 1097 1099
1098 1099 1100
1100 1099 1101
1100 1101 1102
1102 1101 1103
1102 1103 1104
1104 1103 1105
1104 1105 1106
1106 1105 1107
1106 1107 1108
1108 1107 1109
1108 1109 1110
1110 1109 1111
1110 1111 1112
1112 1111 1113
1112 1113 1114
1114 1113 1115
1114 1115 1116
1116 1115 1117
1116 1117 1118
1118 1117 1119
1118 1119 1120
1120 1119 1121
1120 1121 1122
1122 1121 1123
1122 1123 1124
1124 1123 1125
1124 1125 1126
1126 1125 1127
1126 1127 1128
1128 1127 1129
1128 1129 1130
1130 1129 1131
1130 1131 1132
1132 1131 1133
1132 1133 1134
1134 1133 1135
1134 1135 1136
1136 1135 1137
1136 1137 1138
1138 1137 1139
1138 1139 1140
1140 1139 1141
1140 1141 1142
1142 1141 1143
1142 1143 1144
1144 1143 1145
1144 1145 1146
1146 1145 1147
1146 1147 1148
1148 1147 1149
1148 1149 1150
1150 1149 1151
1150 1151 1152
1152 1151 1153
1152 1153 1154
1154 1153 1155
1154 1155 1156
1156 1155 1157
1156 1157 1158
1158 1157 1159
1158 1159 1160
1160 1159 1161
1160 1161 1162
1162 1161 1163
1162 1163 1164
1164 1163 1165
1164 1165 1166
1166 1165 1167
1166 1167 1168
1168 1167 1169
1168 1169 1170
1170 1169 1171
1170 1171 1172
1172 1171 1173
1172 1173 1174
1174 1173 1175
1174 1175 1176
1176 1175 1177
1176 1177 1178
1178 1177 1179
1178 1179 1180
1180 1179 1181
1180 1181 1182
1182 1181 1183
1182 1183 1184
1184 1183 1185
1184 1185 1186
1186 1185 1187
1186 1187 1188
1188 1187 1189
1188 1189 1190
1190 1189 1191
1190 1191 1192
1192 1191 1193
1192 1193 1194
1194 1193 1195
1194 1195 1196
1196 1195 1197
1196 1197 1198
1198 1197 1199
1198 1199 1200
1200 1199 1201
1200 1201 1202
1202 1201 1203
1202 1203 1204
1204 1203 1205
1204 1205 1206
1206 1205 1207
1206 1207 1208
1208 1207 1209
1208 1209 1210
1210 1209 1211
1210 1211 1212
1212 1211 1213
1212 1213 1214
1214 1213 1215
1214 1215 1216
1216 1215 1217
1216 1217 1218
1218 1217 1219
1218 1219 1220
1220 1219 1221
1220 1221 1222
1222 1221 1223
1222 1223 1224
1224 1223 1225
1224 1225 1226
1226 1225 1227
1226 1227 1228
1228 1227 1229
1228 1229 1230
1230 1229 1231
1232 1233 1234
1234 1233 1235
1234 1235 1236
1236 1235 1237
1236 1237 1238
1238 1237 1239
1238 1239 1240
1240 1239 1241
1240 1241 1242
1242 1241 1243
1242 1243 1244
1244 1243 1245
1244 1245 1246
1246 1245 1247
1246 1247 1248
1248 1247 1249
1248 1249 1250
1250 1249 1251
1250 1251 1252
1252 1251 1253
1252 1253 1254
1254 1253 1255
1254 1255 1256
1256 1255 1257
1256 1257 1258
1258 1257 1259
1258 1259 1260
1260 1259 1261
1260 1261 1262
1262 1261 1263
1262 1263 1264
1264 1263 1265
1264 1265 1266
1266 1265 1267
1266 1267 1268
1268 1267 1269
1268 1269 1270
1270 1269 1271
1270 1271 1272
1272 1271 1273
1272 1273 1274
1274 1273 1275
1274 1275 1276
1276 1275 1277
1276 1277 1278
1278 1277 1279
1278 1279 1280
1280 1279 1281
1280 1281 1282
1282 1281 1283
1282 1283 1284
1284 1283 1285
1284 1285 1286
1286 1285 1287
1286 1287 1288
1288 1287 1289
1288 1289 1290
1290 1289 1291
1290 1291 1292
1292 1291 1293
1292 1293 1294
1294 1293 1295
1294 1295 1296
1296 1295 1297
1296 1297 1298
1298 1297 1299
1298 1299 1300
1300 1299 1301
1300 1301 1302
1302 1301 1303
1302 1303 1304
1304 1303 1305
1304 1305 1306
1306 1305 1307
1306 1307 1308
1308 1307 1309
1308 1309 1310
1310 1309 1311
1310 1311 1312
1312 1311 1313
1312 1313 1314
1314 1313 1315
1314 1315 1316
1316 1315 1317
1316 1317 1318
1318 1317 1319
1318 1319 1320
1320 1319 1321
1320 1321 1322
1322 1321 1323
1322 1323 1324
1324 1323 1325
1324 1325 1326
1326 1325 1327
1326 1327 1328
1328 1327 1329
1328 1329 1330
1330 1329 1331
1330 1331 1332
1332 1331 1333
1332 1333 1334
1334 1333 1335
1334 1335 1336
1336 1335 1337
1336 1337 1338
1338 1337 1339
1338 1339 1340
1340 1339 1341
1340 1341 1342
1342 1341 1343
1342 1343 1344
1344 1343 1345
1344 1345 1346
1346 1345 1347
1346 1347 1348
1348 1347 1349
1348 1349 1350
1350 1349 1351
1350 1351 1352
1352 1351 1353
1352 1353 1354
1354 1353 1355
1354 1355 1356
1356 1355 1357
1356 1357 1358
1358 1357 1359
1358 1359 1360
1360 1359 1361
1360 1361 1362
1362 1361 1363
1362 1363 1364
1364 1363 1365
1364 1365 1366
1366 1365 1367
1366 1367 1368
1368 1367 1369
1368 1369 1370
1370 1369 1371
1370 1371 1372
1372 1371 1373
1372 1373 1374
1374 1373 1375
1374 1375 1376
1376 1375 1377
1376 1377 1378
1378 1377 1379
1378 1379 1380
1380 1379 1381
1380 1381 1382
1382 1381 1383
1382 1383 1384
1384 1383 1385
1386 1387 1388
1388 1387 1389
1388 1389 1390
1390 1389 1391
1390 1391 1392
1392 1391 1393
1392 1393 1394
1394 1393 1395
1394 1395 1396
1396 1395 1397
1396 1397 1398
1398 1397 1399
1398 1399 1400
1400 1399 1401
1400 1401 1402
1402 1401 1403
1402 1403 1404
1404 1403 1405
1404 1405 1406
1406 1405 1407
1406 1407 1408
1408 1407 1409
1408 1409 1410
1410 1409 1411
1410 1411 1412
1412 1411 1413
1412 1413 1414
1414 1413 1415
1414 1415 1416
1416 1415 1417
1416 1417 1418
1418 1417 1419
1418 1419 1420
1420 1419 1421
1420 1421 1422
1422 1421 1423
1422 1423 1424
1424 1423 1425
1424 1425 1426
1426 1425 1427
1426 1427 1428
1428 1427 1429
1428 1429 1430
1430 1429 1431
1430 1431 1432
1432 1431 1433
1432 1433 1434
1434 1433 1435
1434 1435 1436
1436 1435 1437
1436 1437 1438
1438 1437 1439
1438 1439 1440
1440 1439 1441
1440 1441 1442
1442 1441 1443
1442 1443 1444
1444 1443 1445
1444 1445 1446
1446 1445 1447
1446 1447 1448
1448 1447 1449
1448 1449 1450
1450 1449 1451
1450 1451 1452
1452 1451 1453
1452 1453 1454
1454 1453 1455
1454 1455 1456
1456 1455 1457
1456 1457 1458
1458 1457 1459
1458 1459 1460
1460 1459 1461
1460 1461 1462
1462 1461 1463
1462 1463 1464
1464 1463 1465
1464 1465 1466
1466 1465 1467
1466 1467 1468
1468 1467 1469
1468 1469 1470
1470 1469 1471
1470 1471 1472
1472 1471 1473
1472 1473 1474
1474 1473 1475
1474 1475 1476
1476 1475 1477
1476 1477 1478
1478 1477 1479
1478 1479 1480
1480 1479 1481
1480 1481 1482
1482 1481 1483
1482 1483 1484
1484 1483 1485
1484 1485 1486
1486 1485 1487
1486 1487 1488
1488 1487 1489
1488 1489 1490
1490 1489 1491
1490 1491 1492
1492 1491 1493
1492 1493 1494
1494 1493 1495
1494 1495 1496
1496 1495 1497
1496 1497 1498
1498 1497 1499
1498 1499 1500
1500 1499 1501
1500 1501 1502
1502 1501 1503
1502 1503 1504
1504 1503 1505
1504 1505 1506
1506 1505 1507
1506 1507 1508
1508 1507 1509
1508 1509 1510
1510 1509 1511
1510 1511 1512
1512 1511 1513
1512 1513 1514
1514 1513 1515
1514 1515 1516
1516 1515 1517
1516 1517 1518
1518 1517 1519
1518 1519 1520
1520 1519 1521
1520 1521 1522
1522 1521 1523
1522 1523 1524
1524 1523 1525
1524 1525 1526
1526 1525 1527
1526 1527 1528
1528 1527 1529
1528 1529 1530
1530 1529 1531
1530 1531 1532
1532 1531 1533
1532 1533 1534
1534 1533 1535
1534 1535 1536
1536 1535 1537
1536 1537 1538
1538 1537 1539
1540 1541 1542
1542 1541 1543
1542 1543 1544
1544 1543 1545
1544 1545 1546
1546 1545 1547
1546 1547 1548
1548 1547 1549
1548 1549 1550
1550 1549 1551
1550 1551 1552
1552 1551 1553
1552 1553 1554
1554 1553 1555
1554 1555 1556
1556 1555 1557
1556 1557 1558
1558 1557 1559
1558 1559 1560
1560 1559 1561
1560 1561 1562
1562 1561 1563
1562 1563 1564
1564 1563 1565
1564 1565 1566
1566 1565 1567
1566 1567 1568
1568 1567 1569
1568 1569 1570
1570 1569 1571
1570 1571 1572
1572 1571 1573
1572 1573 1574
1574 1573 1575
1574 1575 1576
1576 1575 1577
1576 1577 1578
1578 1577 1579
1578 1579 1580
1580 1579 1581
1580 1581 1582
1582 1581 1583
1582 1583 1584
1584 1583 1585
1584 1585 1586
1586 1585 1587
1586 1587 1588
1588 1587 1589
1588 1589 1590
1590 1589 1591
1590 1591 1592
1592 1591 1593
1592 1593 1594
1594 1593 1595
1594 1595 1596
1596 1595 1597
1596 1597 1598
1598 1597 1599
1598 1599 1600
1600 1599 1601
1600 1601 1602
1602 1601 1603
1602 1603 1604
1604 1603 1605
1604 1605 1606
1606 1605 1607
1606 1607 1608
1608 1607 1609
1608 1609 1610
1610 1609 1611
1610 1611 1612
1612 1611 1613
1612 1613 1614
1614 1613 1615
1614 1615 1616
1616 1615 1617
1616 1617 1618
1618 1617 1619
1618 1619 1620
1620 1619 1621
1620 1621 1622
1622 1621 1623
1622 1623 1624
1624 1623 1625
1624 1625 1626
1626 1625 1627
1626 1627 1628
1628 1627 1629
1628 1629 1630
1630 1629 1631
1630 1631 1632
1632 1631 1633
1632 1633 1634
1634 1633 1635
1634 1635 1636
1636 1635 1637
1636 1637 1638
1638 1637 1639
1638 1639 1640
1640 1639 1641
1640 1641 1642
1642 1641 1643
1642 1643 1644
1644 1643 1645
1644 1645 1646
1646 1645 1647
1646 1647 1648
1648 1647 1649
1648 1649 1650
1650 1649 1651
1650 1651 1652
1652 1651 1653
1652 1653 1654
1654 1653 1655
1654 1655 1656
1656 1655 1657
1656 1657 1658
1658 1657 1659
1658 1659 1660
1660 1659 1661
1660 1661 1662
1662 1661 1663
1662 1663 1664
1664 1663 1665
1664 1665 1666
1666 1665 1667
1666 1667 1668
1668 1667 1669
1668 1669 1670
1670 1669 1671
1670 1671 1672
1672 1671 1673
1672 1673 1674
1674 1673 1675
1674 1675 1676
1676 1675 1677
1676 1677 1678
1678 1677 1679
1678 1679 1680
1680 1679 1681
1680 1681 1682
1682 1681 1683
1682 1683 1684
1684 1683 1685
1684 1685 1686
1686 1685 1687
1686 1687 1688
1688 1687 1689
1688 1689 1690
1690 1689 1691
1690 1691 1692
1692 1691 1693
1694 1695 1696
1696 1695 1697
1696 1697 1698
1698 1697 1699
1698 1699 1700
1700 1699 1701
1700 1701 1702
1702 1701 1703
1702 1703 1704
1704 1703 1705
1704 1705 1706
1706 1705 1707
1706 1707 1708
1708 1707 1709
1708 1709 1710
1710 1709 1711
1710 1711 1712
1712 1711 1713
1712 1713 1714
1714 1713 1715
1714 1715 1716
1716 1715 1717
1716 1717 1718
1718 1717 1719
1718 1719 1720
1720 1719 1721
1720 1721 1722
1722 1721 1723
1722 1723 1724
1724 1723 1725
1724 1725 1726
1726 1725 1727
1726 1727 1728
1728 1727 1729
1728 1729 1730
1730 1729 1731
1730 1731 1732
1732 1731 1733
1732 1733 1734
1734 1733 1735
1734 1735 1736
1736 1735 1737
1736 1737 1738
1738 1737 1739
1738 1739 1740
1740 1739 1741
1740 1741 1742
1742 1741 1743
1742 1743 1744
1744 1743 1745
1744 1745 1746
1746 1745 1747
1746 1747 1748
1748 1747 1749
1748 1749 1750
1750 1749 1751
1750 1751 1752
1752 1751 1753
1752 1753 1754
1754 1753 1755
1754 1755 1756
1756 1755 1757
1756 1757 1758
1758 1757 1759
1758 1759 1760
1760 1759 1761
1760 1761 1762
1762 1761 1763
1762 1763 1764
1764 1763 1765
1764 1765 1766
1766 1765 1767
1766 1767 1768
1768 1767 1769
1768 1769 1770
1770 1769 1771
1770 1771 1772
1772 1771 1773
1772 1773 1774
1774 1773 1775
1774 1775 1776
1776 1775 1777
1776 1777 1778
1778 1777 1779
1778 1779 1780
1780 1779 1781
1780 1781 1782
1782 1781 1783
1782 1783 1784
1784 1783 1785
1784 1785 1786
1786 1785 1787
1786 1787 1788
1788 1787 1789
1788 1789 1790
1790 1789 1791
1790 1791 1792
1792 1791 1793
1792 1793 1794
1794 1793 1795
1794 1795 1796
1796 1795 1797
1796 1797 1798
1798 1797 1799
1798 1799 1800
1800 1799 1801
1800 1801 1802
1802 1801 1803
1802 1803 1804
1804 1803 1805
1804 1805 1806
1806 1805 1807
1806 1807 1808
1808 1807 1809
1808 1809 1810
1810 1809 1811
1810 1811 1812
1812 1811 1813
1812 1813 1814
1814 1813 1815
1814 1815 1816
1816 1815 1817
1816 1817 1818
1818 1817 1819
1818 1819 1820
1820 1819 1821
1820 1821 1822
1822 1821 1823
1822 1823 1824
1824 1823 1825
1824 1825 1826
1826 1825 1827
1826 1827 1828
1828 1827 1829
1828 1829 1830
1830 1829 1831
1830 1831 1832
1832 1831 1833
1832 1833 1834
1834 1833 1835
1834 1835 1836
1836 1835 1837
1836 1837 1838
1838 1837 1839
1838 1839 1840
1840 1839 1841
1840 1841 1842
1842 1841 1843
1842 1843 1844
1844 1843 1845
1844 1845 1846
1846 1845 1847
1848 1849 1850
1850 1849 1851
1850 1851 1852
1852 1851 1853
1852 1853 1854
1854 1853 1855
1854 1855 1856
1856 1855 1857
1856 1857 1858
1858 1857 1859
1858 1859 1860
1860 1859 1861
1860 1861 1862
1862 1861 1863
1862 1863 1864
1864 1863 1865
1864 1865 1866
1866 1865 1867
1866 1867 1868
1868 1867 1869
1868 1869 1870
1870 1869 1871
1870 1871 1872
1872 1871 1873
1872 1873 1874
1874 1873 1875
1874 1875 1876
1876 1875 1877
1876 1877 1878
1878 1877 1879
1878 1879 1880
1880 1879 1881
1880 1881 1882
1882 1881 1883
1882 1883 1884
1884 1883 1885
1884 1885 1886
1886 1885 1887
1886 1887 1888
1888 1887 1889
1888 1889 1890
1890 1889 1891
1890 1891 1892
1892 1891 1893
1892 1893 1894
1894 1893 1895
1894 1895 1896
1896 1895 1897
1896 1897 1898
1898 1897 1899
1898 1899 1900
1900 1899 1901
1900 1901 1902
1902 1901 1903
1902 1903 1904
1904 1903 1905
1904 1905 1906
1906 1905 1907
1906 1907 1908
1908 1907 1909
1908 1909 1910
1910 1909 1911
1910 1911 1912
1912 1911 1913
1912 1913 1914
1914 1913 1915
1914 1915 1916
1916 1915 1917
1916 1917 1918
1918 1917 1919
1918 1919 1920
1920 1919 1921
1920 1921 1922
1922 1921 1923
1922 1923 1924
1924 1923 1925
1924 1925 1926
1926 1925 1927
1926 1927 1928
1928 1927 1929
1928 1929 1930
1930 1929 1931
1930 1931 1932
1932 1931 1933
1932 1933 1934
1934 1933 1935
1934 1935 1936
1936 1935 1937
1936 1937 1938
1938 1937 1939
1938 1939 1940
1940 1939 1941
1940 1941 1942
1942 1941 1943
1942 1943 1944
1944 1943 1945
1944 1945 1946
1946 1945 1947
1946 1947 1948
1948 1947 1949
1948 1949 1950
1950 1949 1951
1950 1951 1952
1952 1951 1953
1952 1953 1954
1954 1953 1955
1954 1955 1956
1956 1955 1957
1956 1957 1958
1958 1957 1959
1958 1959 1960
1960 1959 1961
1960 1961 1962
1962 1961 1963
1962 1963 1964
1964 1963 1965
1964 1965 1966
1966 1965 1967
1966 1967 1968
1968 1967 1969
1968 1969 1970
1970 1969 1971
1970 1971 1972
1972 1971 1973
1972 1973 1974
1974 1973 1975
1974 1975 1976
1976 1975 1977
1976 1977 1978
1978 1977 1979
1978 1979 1980
1980 1979 1981
1980 1981 1982
1982 1981 1983
1982 1983 1984
1984 1983 1985
1984 1985 1986
1986 1985 1987
1986 1987 1988
1988 1987 1989
1988 1989 1990
1990 1989 1991
1990 1991 1992
1992 1991 1993
1992 1993 1994
1994 1993 1995
1994 1995 1996
1996 1995 1997
1996 1997 1998
1998 1997 1999
1998 1999 2000
2000 1999 2001
2002 2003 2004
2004 2003 2005
2004 2005 2006
2006 2005 2007
2006 2007 2008
2008 2007 2009
2008 2009 2010
2010 2009 2011
2010 2011 2012
2012 2011 2013
2012 2013 2014
2014 2013 2015
2014 2015 2016
2016 2015 2017
2016 2017 2018
2018 2017 2019
2018 2019 2020
2020 2019 2021
2020 2021 2022
2022 2021 2023
2022 2023 2024
2024 2023 2025
2024 2025 2026
2026 2025 2027
2026 2027 2028
2028 2027 2029
2028 2029 2030
2030 2029 2031
2030 2031 2032
2032 2031 2033
2032 2033 2034
2034 2033 2035
2034 2035 2036
2036 2035 2037
2036 2037 2038
2038 2037 2039
2038 2039 2040
2040 2039 2041
2040 2041 2042
2042 2041 2043
2042 2043 2044
2044 2043 2045
2044 2045 2046
2046 2045 2047
2046 2047 2048
2048 2047 2049
2048 2049 2050
2050 2049 2051
2050 2051 2052
2052 2051 2053
2052 2053 2054
2054 2053 2055
2054 2055 2056
2056 2055 2057
2056 2057 2058
2058 2057 2059
2058 2059 2060
2060 2059 2061
2060 2061 2062
2062 2061 2063
2062 2063 2064
2064 2063 2065
2064 2065 2066
2066 2065 2067
2066 2067 2068
2068 2067 2069
2068 2069 2070
2070 2069 2071
2070 2071 2072
2072 2071 2073
2072 2073 2074
2074 2073 2075
2074 2075 2076
2076 2075 2077
2076 2077 2078
2078 2077 2079
2078 2079 2080
2080 2079 2081
2080 2081 2082
2082 2081 2083
2082 2083 2084
2084 2083 2085
2084 2085 2086
2086 2085 2087
2086 2087 2088
2088 2087 2089
2088 2089 2090
2090 2089 2091
2090 2091 2092
2092 2091 2093
2092 2093 2094
2094 2093 2095
2094 2095 2096
2096 2095 2097
2096 2097 2098
2098 2097 2099
2098 2099 2100
2100 2099 2101
2100 2101 2102
2102 2101 2103
2102 2103 2104
2104 2103 2105
2104 2105 2106
2106 2105 2107
2106 2107 2108
2108 2107 2109
2108 2109 2110
2110 2109 2111
2110 2111 2112
2112 2111 2113
2112 2113 2114
2114 2113 2115
2114 2115 2116
2116 2115 2117
2116 2117 2118
2118 2117 2119
2118 2119 2120
2120 2119 2121
2120 2121 2122
2122 2121 2123
2122 2123 2124
2124 2123 2125
2124 2125 2126
2126 2125 2127
2126 2127 2128
2128 2127 2129
2128 2129 2130
2130 2129 2131
2130 2131 2132
2132 2131 2133
2132 2133 2134
2134 2133 2135
2134 2135 2136
2136 2135 2137
2136 2137 2138
2138 2137 2139
2138 2139 2140
2140 2139 2141
2140 2141 2142
2142 2141 2143
2142 2143 2144
2144 2143 2145
2144 2145 2146
2146 2145 2147
2146 2147 2148
2148 2147 2149
2148 2149 2150
2150 2149 2151
2150 2151 2152
2152 2151 2153
2152 2153 2154
2154 2153 2155
2156 2157 2158
2158 2157 2159
2158 2159 2160
2160 2159 2161
2160 2161 2162
2162 2161 2163
2162 2163 2164
2164 2163 2165
2164 2165 2166
2166 2165 2167
2166 2167 2168
2168 2167 2169
2168 2169 2170
2170 2169 2171
2170 2171 2172
2172 2171 2173
2172 2173 2174
2174 2173 2175
2174 2175 2176
2176 2175 2177
2176 2177 2178
2178 2177 2179
2178 2179 2180
2180 2179 2181
2180 2181 2182
2182 2181 2183
2182 2183 2184
2184 2183 2185
2184 2185 2186
2186 2185 2187
2186 2187 2188
2188 2187 2189
2188 2189 2190
2190 2189 2191
2190 2191 2192
2192 2191 2193
2192 2193 2194
2194 2193 2195
2194 2195 2196
2196 2195 2197
2196 2197 2198
2198 2197 2199
2198 2199 2200
2200 2199 2201
2200 2201 2202
2202 2201 2203
2202 2203 2204
2204 2203 2205
2204 2205 2206
2206 2205 2207
2206 2207 2208
2208 2207 2209
2208 2209 2210
2210 2209 2211
2210 2211 2212
2212 2211 2213
2212 2213 2214
2214 2213 2215
2214 2215 2216
2216 2215 2217
2216 2217 2218
2218 2217 2219
2218 2219 2220
2220 2219 2221
2220 2221 2222
2222 2221 2223
2222 2223 2224
2224 2223 2225
2224 2225 2226
2226 2225 2227
2226 2227 2228
2228 2227 2229
2228 2229 2230
2230 2229 2231
2230 2231 2232
2232 2231 2233
2232 2233 2234
2234 2233 2235
2234 2235 2236
2236 2235 2237
2236 2237 2238
2238 2237 2239
2238 2239 2240
2240 2239 2241
2240 2241 2242
2242 2241 2243
2242 2243 2244
2244 2243 2245
2244 2245 2246
2246 2245 2247
2246 2247 2248
2248 2247 2249
2248 2249 2250
2250 2249 2251
2250 2251 2252
2252 2251 2253
2252 2253 2254
2254 2253 2255
2254 2255 2256
2256 2255 2257
2256 2257 2258
2258 2257 2259
2258 2259 2260
2260 2259 2261
2260 2261 2262
2262 2261 2263
2262 2263 2264
2264 2263 2265
2264 2265 2266
2266 2265 2267
2266 2267 2268
2268 2267 2269
2268 2269 2270
2270 2269 2271
2270 2271 2272
2272 2271 2273
2272 2273 2274
2274 2273 2275
2274 2275 2276
2276 2275 2277
2276 2277 2278
2278 2277 2279
2278 2279 2280
2280 2279 2281
2280 2281 2282
2282 2281 2283
2282 2283 2284
2284 2283 2285
2284 2285 2286
2286 2285 2287
2286 2287 2288
2288 2287 2289
2288 2289 2290
2290 2289 2291
2290 2291 2292
2292 2291 2293
2292 2293 2294
2294 2293 2295
2294 2295 2296
2296 2295 2297
2296 2297 2298
2298 2297 2299
2298 2299 2300
2300 2299 2301
2300 2301 2302
2302 2301 2303
2302 2303 2304
2304 2303 2305
2304 2305 2306
2306 2305 2307
2306 2307 2308
2308 2307 2309
2310 2311 2312
2312 2311 2313
2312 2313 2314
2314 2313 2315
2314 2315 2316
2316 2315 2317
2316 2317 2318
2318 2317 2319
2318 2319 2320
2320 2319 2321
2320 2321 2322
2322 2321 2323
2322 2323 2324
2324 2323 2325
2324 2325 2326
2326 2325 2327
2326 2327 2328
2328 2327 2329
2328 2329 2330
2330 2329 2331
2330 2331 2332
2332 2331 2333
2332 2333 2334
2334 2333 2335
2334 2335 2336
2336 2335 2337
2336 2337 2338
2338 2337 2339
2338 2339 2340
2340 2339 2341
2340 2341 2342
2342 2341 2343
2342 2343 2344
2344 2343 2345
2344 2345 2346
2346 2345 2347
2346 2347 2348
2348 2347 2349
2348 2349 2350
2350 2349 2351
2350 2351 2352
2352 2351 2353
2352 2353 2354
2354 2353 2355
2354 2355 2356
2356 2355 2357
2356 2357 2358
2358 2357 2359
2358 2359 2360
2360 2359 2361
2360 2361 2362
2362 2361 2363
2362 2363 2364
2364 2363 2365
2364 2365 2366
2366 2365 2367
2366 2367 2368
2368 2367 2369
2368 2369 2370
2370 2369 2371
2370 2371 2372
2372 2371 2373
2372 2373 2374
2374 2373 2375
2374 2375 2376
2376 2375 2377
2376 2377 2378
2378 2377 2379
2378 2379 2380
2380 2379 2381
2380 2381 2382
2382 2381 2383
2382 2383 2384
2384 2383 2385
2384 2385 2386
2386 2385 2387
2386 2387 2388
2388 2387 2389
2388 2389 2390
2390 2389 2391
2390 2391 2392
2392 2391 2393
2392 2393 2394
2394 2393 2395
2394 2395 2396
2396 2395 2397
2396 2397 2398
2398 2397 2399
2398 2399 2400
2400 2399 2401
2400 2401 2402
2402 2401 2403
2402 2403 2404
2404 2403 2405
2404 2405 2406
2406 2405 2407
2406 2407 2408
2408 2407 2409
2408 2409 2410
2410 2409 2411
2410 2411 2412
2412 2411 2413
2412 2413 2414
2414 2413 2415
2414 2415 2416
2416 2415 2417
2416 2417 2418
2418 2417 2419
2418 2419 2420
2420 2419 2421
2420 2421 2422
2422 2421 2423
2422 2423 2424
2424 2423 2425
2424 2425 2426
2426 2425 2427
2426 2427 2428
2428 2427 2429
2428 2429 2430
2430 2429 2431
2430 2431 2432
2432 2431 2433
2432 2433 2434
2434 2433 2435
2434 2435 2436
2436 2435 2437
2436 2437 2438
2438 2437 2439
2438 2439 2440
2440 2439 2441
2440 2441 2442
2442 2441 2443
2442 2443 2444
2444 2443 2445
2444 2445 2446
2446 2445 2447
2446 2447 2448
2448 2447 2449
2448 2449 2450
2450 2449 2451
2450 2451 2452
2452 2451 2453
2452 2453 2454
2454 2453 2455
2454 2455 2456
2456 2455 2457
2456 2457 2458
2458 2457 2459
2458 2459 2460
2460 2459 2461
2460 2461 2462
2462 2461 2463
2464 2466 2465
2466 2467 2465
2466 2468 2467
2468 2469 2467
2468 2470 2469
2470 2471 2469
2470 2472 2471
2472 2473 2471
2472 2474 2473
2474 2475 2473
2474 2476 2475
2476 2477 2475
2476 2478 2477
2478 2479 2477
2478 2480 2479
2480 2481 2479
2480 2482 2481
2482 2483 2481
2482 2484 2483
2484 2485 2483
2484 2486 2485
2486 2487 2485
2486 2488 2487
2488 2489 2487
2488 2490 2489
2490 2491 2489
2490 2492 2491
2492 2493 2491
2492 2494 2493
2494 2495 2493
2494 2496 2495
2496 2497 2495
2496 2498 2497
2498 2499 2497
2498 2500 2499
2500 2501 2499
2500 2502 2501
2502 2503 2501
2502 2504 2503
2504 2505 2503
2504 2506 2505
2506 2507 2505
2506 2508 2507
2508 2509 2507
2508 2510 2509
2510 2511 2509
2510 2512 2511
2512 2513 2511
2512 2514 2513
2514 2515 2513
2514 2516 2515
2516 2517 2515
2516 2518 2517
2518 2519 2517
2518 2520 2519
2520 2521 2519
2520 2522 2521
2522 2523 2521
2522 2524 2523
2524 2525 2523
2524 2526 2525
2526 2527 2525
2526 2528 2527
2528 2529 2527
2528 2530 2529
2530 2531 2529
2530 2532 2531
2532 2533 2531
2532 2534 2533
2534 2535 2533
2534 2536 2535
2536 2537 2535
2536 2538 2537
2538 2539 2537
2538 2540 2539
2540 2541 2539
2540 2542 2541
2542 2543 2541
2542 2544 2543
2544 2545 2543
2544 2546 2545
2546 2547 2545
2546 2548 2547
2548 2549 2547
2548 2550 2549
2550 2551 2549
2550 2552 2551
2552 2553 2551
2552 2554 2553
2554 2555 2553
2554 2556 2555
2556 2557 2555
2556 2558 2557
2558 2559 2557
2558 2560 2559
2560 2561 2559
2560 2562 2561
2562 2563 2561
2562 2564 2563
2564 2565 2563
2564 2566 2565
2566 2567 2565
2566 2568 2567
2568 2569 2567
2568 2570 2569
2570 2571 2569
2570 2572 2571
2572 2573 2571
2572 2574 2573
2574 2575 2573
2574 2576 2575
2576 2577 2575
2576 2578 2577
2578 2579 2577
2578 2580 2579
2580 2581 2579
2580 2582 2581
2582 2583 2581
2582 2584 2583
2584 2585 2583
2584 2586 2585
2586 2587 2585
2586 2588 2587
2588 2589 2587
2588 2590 2589
2590 2591 2589
2590 2592 2591
2592 2593 2591
2592 2594 2593
2594 2595 2593
2594 2596 2595
2596 2597 2595
2596 2598 2597
2598 2599 2597
2598 2600 2599
2600 2601 2599
2600 2602 2601
2602 2603 2601
2602 2604 2603
2604 2605 2603
2604 2606 2605
2606 2607 2605
2606 2608 2607
2608 2609 2607
2608 2610 2609
2610 2611 2609
2610 2612 2611
2612 2613 2611
2612 2614 2613
2614 2615 2613
2614 2616 2615
2616 2617 2615
2618 2620 2619
2620 2621 2619
2620 2622 2621
2622 2623 2621
2622 2624 2623
2624 2625 2623
2624 2626 2625
2626 2627 2625
2626 2628 2627
2628 2629 2627
2628 2630 2629
2630 2631 2629
2630 2632 2631
2632 2633 2631
2632 2634 2633
2634 2635 2633
2634 2636 2635
2636 2637 2635
2636 2638 2637
2638 2639 2637
2638 2640 2639
2640 2641 2639
2640 2642 2641
2642 2643 2641
2642 2644 2643
2644 2645 2643
2644 2646 2645
2646 2647 2645
2646 2648 2647
2648 2649 2647
2648 2650 2649
2650 2651 2649
2650 2652 2651
2652 2653 2651
2652 2654 2653
2654 2655 2653
2654 2656 2655
2656 2657 2655
2656 2658 2657
2658 2659 2657
2658 2660 2659
2660 2661 2659
2660 2662 2661
2662 2663 2661
2662 2664 2663
2664 2665 2663
2664 2666 2665
2666 2667 2665
2666 2668 2667
2668 2669 2667
2668 2670 2669
2670 2671 2669
2670 2672 2671
2672 2673 2671
2672 2674 2673
2674 2675 2673
2674 2676 2675
2676 2677 2675
2676 2678 2677
2678 2679 2677
2678 2680 2679
2680 2681 2679
2680 2682 2681
2682 2683 2681
2682 2684 2683
2684 2685 2683
2684 2686 2685
2686 2687 2685
2686 2688 2687
2688 2689 2687
2688 2690 2689
2690 2691 2689
2690 2692 2691
2692 2693 2691
2692 2694 2693
2694 2695 2693
2694 2696 2695
2696 2697 2695
2696 2698 2697
2698 2699 2697
2698 2700 2699
2700 2701 2699
2700 2702 2701
2702 2703 2701
2702 2704 2703
2704 2705 2703
2704 2706 2705
2706 2707 2705
2706 2708 2707
2708 2709 2707
2708 2710 2709
2710 2711 2709
2710 2712 2711
2712 2713 2711
2712 2714 2713
2714 2715 2713
2714 2716 2715
2716 2717 2715
2716 2718 2717
2718 2719 2717
2718 2720 2719
2720 2721 2719
2720 2722 2721
2722 2723 2721
2722 2724 2723
2724 2725 2723
2724 2726 2725
2726 2727 2725
2726 2728 2727
2728 2729 2727
2728 2730 2729
2730 2731 2729
2730 2732 2731
2732 2733 2731
2732 2734 2733
2734 2735 2733
2734 2736 2735
2736 2737 2735
2736 2738 2737
2738 2739 2737
2738 2740 2739
2740 2741 2739
2740 2742 2741
2742 2743 2741
2742 2744 2743
2744 2745 2743
2744 2746 2745
2746 2747 2745
2746 2748 2747
2748 2749 2747
2748 2750 2749
2750 2751 2749
2750 2752 2751
2752 2753 2751
2752 2754 2753
2754 2755 2753
2754 2756 2755
2756 2757 2755
2756 2758 2757
2758 2759 2757
2758 2760 2759
2760 2761 2759
2760 2762 2761
2762 2763 2761
2762 2764 2763
2764 2765 2763
2764 2766 2765
2766 2767 2765
2766 2768 2767
2768 2769 2767
2768 2770 2769
2770 2771 2769
2772 2774 2773
2774 2775 2773
2774 2776 2775
2776 2777 2775
2776 2778 2777
2778 2779 2777
2778 2780 2779
2780 2781 2779
2780 2782 2781
2782 2783 2781
2782 2784 2783
2784 2785 2783
2784 2786 2785
2786 2787 2785
2786 2788 2787
2788 2789 2787
2788 2790 2789
2790 2791 2789
2790 2792 2791
2792 2793 2791
2792 2794 2793
2794 2795 2793
2794 2796 2795
2796 2797 2795
2796 2798 2797
2798 2799 2797
2798 2800 2799
2800 2801 2799
2800 2802 2801
2802 2803 2801
2802 2804 2803
2804 2805 2803
2804 2806 2805
2806 2807 2805
2806 2808 2807
2808 2809 2807
2808 2810 2809
2810 2811 2809
2810 2812 2811
2812 2813 2811
2812 2814 2813
2814 2815 2813
2814 2816 2815
2816 2817 2815
2816 2818 2817
2818 2819 2817
2818 2820 2819
2820 2821 2819
2820 2822 2821
2822 2823 2821
2822 2824 2823
2824 2825 2823
2824 2826 2825
2826 2827 2825
2826 2828 2827
2828 2829 2827
2828 2830 2829
2830 2831 2829
2830 2832 2831
2832 2833 2831
2832 2834 2833
2834 2835 2833
2834 2836 2835
2836 2837 2835
2836 2838 2837
2838 2839 2837
2838 2840 2839
2840 2841 2839
2840 2842 2841
2842 2843 2841
2842 2844 2843
2844 2845 2843
2844 2846 2845
2846 2847 2845
2846 2848 2847
2848 2849 2847
2848 2850 2849
2850 2851 2849
2850 2852 2851
2852 2853 2851
2852 2854 2853
2854 2855 2853
2854 2856 2855
2856 2857 2855
2856 2858 2857
2858 2859 2857
2858 2860 2859
2860 2861 2859
2860 2862 2861
2862 2863 2861
2862 2864 2863
2864 2865 2863
2864 2866 2865
2866 2867 2865
2866 2868 2867
2868 2869 2867
2868 2870 2869
2870 2871 2869
2870 2872 2871
2872 2873 2871
2872 2874 2873
2874 2875 2873
2874 2876 2875
2876 2877 2875
2876 2878 2877
2878 2879 2877
2878 2880 2879
2880 2881 2879
2880 2882 2881
2882 2883 2881
2882 2884 2883
2884 2885 2883
2884 2886 2885
2886 2887 2885
2886 2888 2887
2888 2889 2887
2888 2890 2889
2890 2891 2889
2890 2892 2891
2892 2893 2891
2892 2894 2893
2894 2895 2893
2894 2896 2895
2896 2897 2895
2896 2898 2897
2898 2899 2897
2898 2900 2899
2900 2901 2899
2900 2902 2901
2902 2903 2901
2902 2904 2903
2904 2905 2903
2904 2906 2905
2906 2907 2905
2906 2908 2907
2908 2909 2907
2908 2910 2909
2910 2911 2909
2910 2912 2911
2912 2913 2911
2912 2914 2913
2914 2915 2913
2914 2916 2915
2916 2917 2915
2916 2918 2917
2918 2919 2917
2918 2920 2919
2920 2921 2919
2920 2922 2921
2922 2923 2921
2922 2924 2923
2924 2925 2923
2926 2928 2927
2928 2929 2927
2928 2930 2929
2930 2931 2929
2930 2932 2931
2932 2933 2931
2932 2934 2933
2934 2935 2933
2934 2936 2935
2936 2937 2935
2936 2938 2937
2938 2939 2937
2938 2940 2939
2940 2941 2939
2940 2942 2941
2942 2943 2941
2942 2944 2943
2944 2945 2943
2944 2946 2945
2946 2947 2945
2946 2948 2947
2948 2949 2947
2948 2950 2949
2950 2951 2949
2950 2952 2951
2952 2953 2951
2952 2954 2953
2954 2955 2953
2954 2956 2955
2956 2957 2955
2956 2958 2957
2958 2959 2957
2958 2960 2959
2960 2961 2959
2960 2962 2961
2962 2963 2961
2962 2964 2963
2964 2965 2963
2964 2966 2965
2966 2967 2965
2966 2968 2967
2968 2969 2967
2968 2970 2969
2970 2971 2969
2970 2972 2971
2972 2973 2971
2972 2974 2973
2974 2975 2973
2974 2976 2975
2976 2977 2975
2976 2978 2977
2978 2979 2977
2978 2980 2979
2980 2981 2979
2980 2982 2981
2982 2983 2981
2982 2984 2983
2984 2985 2983
2984 2986 2985
2986 2987 2985
2986 2988 2987
2988 2989 2987
2988 2990 2989
2990 2991 2989
2990 2992 2991
2992 2993 2991
2992 2994 2993
2994 2995 2993
2994 2996 2995
2996 2997 2995
2996 2998 2997
2998 2999 2997
2998 3000 2999
3000 3001 2999
3000 3002 3001
3002 3003 3001
3002 3004 3003
3004 3005 3003
3004 3006 3005
3006 3007 3005
3006 3008 3007
3008 3009 3007
3008 3010 3009
3010 3011 3009
3010 3012 3011
3012 3013 3011
3012 3014 3013
3014 3015 3013
3014 3016 3015
3016 3017 3015
3016 3018 3017
3018 3019 3017
3018 3020 3019
3020 3021 3019
3020 3022 3021
3022 3023 3021
3022 3024 3023
3024 3025 3023
3024 3026 3025
3026 3027 3025
3026 3028 3027
3028 3029 3027
3028 3030 3029
3030 3031 3029
3030 3032 3031
3032 3033 3031
3032 3034 3033
3034 3035 3033
3034 3036 3035
3036 3037 3035
3036 3038 3037
3038 3039 3037
3038 3040 3039
3040 3041 3039
3040 3042 3041
3042 3043 3041
3042 3044 3043
3044 3045 3043
3044 3046 3045
3046 3047 3045
3046 3048 3047
3048 3049 3047
3048 3050 3049
3050 3051 3049
3050 3052 3051
3052 3053 3051
3052 3054 3053
3054 3055 3053
3054 3056 3055
3056 3057 3055
3056 3058 3057
3058 3059 3057
3058 3060 3059
3060 3061 3059
3060 3062 3061
3062 3063 3061
3062 3064 3063
3064 3065 3063
3064 3066 3065
3066 3067 3065
3066 3068 3067
3068 3069 3067
3068 3070 3069
3070 3071 3069
3070 3072 3071
3072 3073 3071
3072 3074 3073
3074 3075 3073
3074 3076 3075
3076 3077 3075
3076 3078 3077
3078 3079 3077
3080 3082 3081
3082 3083 3081
3082 3084 3083
3084 3085 3083
3084 3086 3085
3086 3087 3085
3086 3088 3087
3088 3089 3087
3088 3090 3089
3090 3091 3089
3090 3092 3091
3092 3093 3091
3092 3094 3093
3094 3095 3093
3094 3096 3095
3096 3097 3095
3096 3098 3097
3098 3099 3097
3098 3100 3099
3100 3101 3099
3100 3102 3101
3102 3103 3101
3102 3104 3103
3104 3105 3103
3104 3106 3105
3106 3107 3105
3106 3108 3107
3108 3109 3107
3108 3110 3109
3110 3111 3109
3110 3112 3111
3112 3113 3111
3112 3114 3113
3114 3115 3113
3114 3116 3115
3116 3117 3115
3116 3118 3117
3118 3119 3117
3118 3120 3119
3120 3121 3119
3120 3122 3121
3122 3123 3121
3122 3124 3123
3124 3125 3123
3124 3126 3125
3126 3127 3125
3126 3128 3127
3128 3129 3127
3128 3130 3129
3130 3131 3129
3130 3132 3131
3132 3133 3131
3132 3134 3133
3134 3135 3133
3134 3136 3135
3136 3137 3135
3136 3138 3137
3138 3139 3137
3138 3140 3139
3140 3141 3139
3140 3142 3141
3142 3143 3141
3142 3144 3143
3144 3145 3143
3144 3146 3145
3146 3147 3145
3146 3148 3147
3148 3149 3147
3148 3150 3149
3150 3151 3149
3150 3152 3151
3152 3153 3151
3152 3154 3153
3154 3155 3153
3154 3156 3155
3156 3157 3155
3156 3158 3157
3158 3159 3157
3158 3160 3159
3160 3161 3159
3160 3162 3161
3162 3163 3161
3162 3164 3163
3164 3165 3163
3164 3166 3165
3166 3167 3165
3166 3168 3167
3168 3169 3167
3168 3170 3169
3170 3171 3169
3170 3172 3171
3172 3173 3171
3172 3174 3173
3174 3175 3173
3174 3176 3175
3176 3177 3175
3176 3178 3177
3178 3179 3177
3178 3180 3179
3180 3181 3179
3180 3182 3181
3182 3183 3181
3182 3184 3183
3184 3185 3183
3184 3186 3185
3186 3187 3185
3186 3188 3187
3188 3189 3187
3188 3190 3189
3190 3191 3189
3190 3192 3191
3192 3193 3191
3192 3194 3193
3194 3195 3193
3194 3196 3195
3196 3197 3195
3196 3198 3197
3198 3199 3197
3198 3200 3199
3200 3201 3199
3200 3202 3201
3202 3203 3201
3202 3204 3203
3204 3205 3203
3204 3206 3205
3206 3207 3205
3206 3208 3207
3208 3209 3207
3208 3210 3209
3210 3211 3209
3210 3212 3211
3212 3213 3211
3212 3214 3213
3214 3215 3213
3214 3216 3215
3216 3217 3215
3216 3218 3217
3218 3219 3217
3218 3220 3219
3220 3221 3219
3220 3222 3221
3222 3223 3221
3222 3224 3223
3224 3225 3223
3224 3226 3225
3226 3227 3225
3226 3228 3227
3228 3229 3227
3228 3230 3229
3230 3231 3229
3230 3232 3231
3232 3233 3231
3234 3236 3235
3236 3237 3235
3236 3238 3237
3238 3239 3237
3238 3240 3239
3240 3241 3239
3240 3242 3241
3242 3243 3241
3242 3244 3243
3244 3245 3243
3244 3246 3245
3246 3247 3245
3246 3248 3247
3248 3249 3247
3248 3250 3249
3250 3251 3249
3250 3252 3251
3252 3253 3251
3252 3254 3253
3254 3255 3253
3254 3256 3255
3256 3257 3255
3256 3258 3257
3258 3259 3257
3258 3260 3259
3260 3261 3259
3260 3262 3261
3262 3263 3261
3262 3264 3263
3264 3265 3263
3264 3266 3265
3266 3267 3265
3266 3268 3267
3268 3269 3267
3268 3270 3269
3270 3271 3269
3270 3272 3271
3272 3273 3271
3272 3274 3273
3274 3275 3273
3274 3276 3275
3276 3277 3275
3276 3278 3277
3278 3279 3277
3278 3280 3279
3280 3281 3279
3280 3282 3281
3282 3283 3281
3282 3284 3283
3284 3285 3283
3284 3286 3285
3286 3287 3285
3286 3288 3287
3288 3289 3287
3288 3290 3289
3290 3291 3289
3290 3292 3291
3292 3293 3291
3292 3294 3293
3294 3295 3293
3294 3296 3295
3296 3297 3295
3296 3298 3297
3298 3299 3297
3298 3300 3299
3300 3301 3299
3300 3302 3301
3302 3303 3301
3302 3304 3303
3304 3305 3303
3304 3306 3305
3306 3307 3305
3306 3308 3307
3308 3309 3307
3308 3310 3309
3310 3311 3309
3310 3312 3311
3312 3313 3311
3312 3314 3313
3314 3315 3313
3314 3316 3315
3316 3317 3315
3316 3318 3317
3318 3319 3317
3318 3320 3319
3320 3321 3319
3320 3322 3321
3322 3323 3321
3322 3324 3323
3324 3325 3323
3324 3326 3325
3326 3327 3325
3326 3328 3327
3328 3329 3327
3328 3330 3329
3330 3331 3329
3330 3332 3331
3332 3333 3331
3332 3334 3333
3334 3335 3333
3334 3336 3335
3336 3337 3335
3336 3338 3337
3338 3339 3337
3338 3340 3339
3340 3341 3339
3340 3342 3341
3342 3343 3341
3342 3344 3343
3344 3345 3343
3344 3346 3345
3346 3347 3345
3346 3348 3347
3348 3349 3347
3348 3350 3349
3350 3351 3349
3350 3352 3351
3352 3353 3351
3352 3354 3353
3354 3355 3353
3354 3356 3355
3356 3357 3355
3356 3358 3357
3358 3359 3357
3358 3360 3359
3360 3361 3359
3360 3362 3361
3362 3363 3361
3362 3364 3363
3364 3365 3363
3364 3366 3365
3366 3367 3365
3366 3368 3367
3368 3369 3367
3368 3370 3369
3370 3371 3369
3370 3372 3371
3372 3373 3371
3372 3374 3373
3374 3375 3373
3374 3376 3375
3376 3377 3375
3376 3378 3377
3378 3379 3377
3378 3380 3379
3380 3381 3379
3380 3382 3381
3382 3383 3381
3382 3384 3383
3384 3385 3383
3384 3386 3385
3386 3387 3385
3388 3390 3389
3390 3391 3389
3390 3392 3391
3392 3393 3391
3392 3394 3393
3394 3395 3393
3394 3396 3395
3396 3397 3395
3396 3398 3397
3398 3399 3397
3398 3400 3399
3400 3401 3399
3400 3402 3401
3402 3403 3401
3402 3404 3403
3404 3405 3403
3404 3406 3405
3406 3407 3405
3406 3408 3407
3408 3409 3407
3408 3410 3409
3410 3411 3409
3410 3412 3411
3412 3413 3411
3412 3414 3413
3414 3415 3413
3414 3416 3415
3416 3417 3415
3416 3418 3417
3418 3419 3417
3418 3420 3419
3420 3421 3419
3420 3422 3421
3422 3423 3421
3422 3424 3423
3424 3425 3423
3424 3426 3425
3426 3427 3425
3426 3428 3427
3428 3429 3427
3428 3430 3429
3430 3431 3429
3430 3432 3431
3432 3433 3431
3432 3434 3433
3434 3435 3433
3434 3436 3435
3436 3437 3435
3436 3438 3437
3438 3439 3437
3438 3440 3439
3440 3441 3439
3440 3442 3441
3442 3443 3441
3442 3444 3443
3444 3445 3443
3444 3446 3445
3446 3447 3445
3446 3448 3447
3448 3449 3447
3448 3450 3449
3450 3451 3449
3450 3452 3451
3452 3453 3451
3452 3454 3453
3454 3455 3453
3454 3456 3455
3456 3457 3455
3456 3458 3457
3458 3459 3457
3458 3460 3459
3460 3461 3459
3460 3462 3461
3462 3463 3461
3462 3464 3463
3464 3465 3463
3464 3466 3465
3466 3467 3465
3466 3468 3467
3468 3469 3467
3468 3470 3469
3470 3471 3469
3470 3472 3471
3472 3473 3471
3472 3474 3473
3474 3475 3473
3474 3476 3475
3476 3477 3475
3476 3478 3477
3478 3479 3477
3478 3480 3479
3480 3481 3479
3480 3482 3481
3482 3483 3481
3482 3484 3483
3484 3485 3483
3484 3486 3485
3486 3487 3485
3486 3488 3487
3488 3489 3487
3488 3490 3489
3490 3491 3489
3490 3492 3491
3492 3493 3491
3492 3494 3493
3494 3495 3493
3494 3496 3495
3496 3497 3495
3496 3498 3497
3498 3499 3497
3498 3500 3499
3500 3501 3499
3500 3502 3501
3502 3503 3501
3502 3504 3503
3504 3505 3503
3504 3506 3505
3506 3507 3505
3506 3508 3507
3508 3509 3507
3508 3510 3509
3510 3511 3509
3510 3512 3511
3512 3513 3511
3512 3514 3513
3514 3515 3513
3514 3516 3515
3516 3517 3515
3516 3518 3517
3518 3519 3517
3518 3520 3519
3520 3521 3519
3520 3522 3521
3522 3523 3521
3522 3524 3523
3524 3525 3523
3524 3526 3525
3526 3527 3525
3526 3528 3527
3528 3529 3527
3528 3530 3529
3530 3531 3529
3530 3532 3531
3532 3533 3531
3532 3534 3533
3534 3535 3533
3534 3536 3535
3536 3537 3535
3536 3538 3537
3538 3539 3537
3538 3540 3539
3540 3541 3539
3542 3544 3543
3544 3545 3543
3544 3546 3545
3546 3547 3545
3546 3548 3547
3548 3549 3547
3548 3550 3549
3550 3551 3549
3550 3552 3551
3552 3553 3551
3552 3554 3553
3554 3555 3553
3554 3556 3555
3556 3557 3555
3556 3558 3557
3558 3559 3557
3558 3560 3559
3560 3561 3559
3560 3562 3561
3562 3563 3561
3562 3564 3563
3564 3565 3563
3564 3566 3565
3566 3567 3565
3566 3568 3567
3568 3569 3567
3568 3570 3569
3570 3571 3569
3570 3572 3571
3572 3573 3571
3572 3574 3573
3574 3575 3573
3574 3576 3575
3576 3577 3575
3576 3578 3577
3578 3579 3577
3578 3580 3579
3580 3581 3579
3580 3582 3581
3582 3583 3581
3582 3584 3583
3584 3585 3583
3584 3586 3585
3586 3587 3585
3586 3588 3587
3588 3589 3587
3588 3590 3589
3590 3591 3589
3590 3592 3591
3592 3593 3591
3592 3594 3593
3594 3595 3593
3594 3596 3595
3596 3597 3595
3596 3598 3597
3598 3599 3597
3598 3600 3599
3600 3601 3599
3600 3602 3601
3602 3603 3601
3602 3604 3603
3604 3605 3603
3604 3606 3605
3606 3607 3605
3606 3608 3607
3608 3609 3607
3608 3610 3609
3610 3611 3609
3610 3612 3611
3612 3613 3611
3612 3614 3613
3614 3615 3613
3614 3616 3615
3616 3617 3615
3616 3618 3617
3618 3619 3617
3618 3620 3619
3620 3621 3619
3620 3622 3621
3622 3623 3621
3622 3624 3623
3624 3625 3623
3624 3626 3625
3626 3627 3625
3626 3628 3627
3628 3629 3627
3628 3630 3629
3630 3631 3629
3630 3632 3631
3632 3633 3631
3632 3634 3633
3634 3635 3633
3634 3636 3635
3636 3637 3635
3636 3638 3637
3638 3639 3637
3638 3640 3639
3640 3641 3639
3640 3642 3641
3642 3643 3641
3642 3644 3643
3644 3645 3643
3644 3646 3645
3646 3647 3645
3646 3648 3647
3648 3649 3647
3648 3650 3649
3650 3651 3649
3650 3652 3651
3652 3653 3651
3652 3654 3653
3654 3655 3653
3654 3656 3655
3656 3657 3655
3656 3658 3657
3658 3659 3657
3658 3660 3659
3660 3661 3659
3660 3662 3661
3662 3663 3661
3662 3664 3663
3664 3665 3663
3664 3666 3665
3666 3667 3665
3666 3668 3667
3668 3669 3667
3668 3670 3669
3670 3671 3669
3670 3672 3671
3672 3673 3671
3672 3674 3673
3674 3675 3673
3674 3676 3675
3676 3677 3675
3676 3678 3677
3678 3679 3677
3678 3680 3679
3680 3681 3679
3680 3682 3681
3682 3683 3681
3682 3684 3683
3684 3685 3683
3684 3686 3685
3686 3687 3685
3686 3688 3687
3688 3689 3687
3688 3690 3689
3690 3691 3689
3690 3692 3691
3692 3693 3691
3692 3694 3693
3694 3695 3693
3696 3698 3697
3698 3699 3697
3698 3700 3699
3700 3701 3699
3700 3702 3701
3702 3703 3701
3702 3704 3703
3704 3705 3703
3704 3706 3705
3706 3707 3705
3706 3708 3707
3708 3709 3707
3708 3710 3709
3710 3711 3709
3710 3712 3711
3712 3713 3711
3712 3714 3713
3714 3715 3713
3714 3716 3715
3716 3717 3715
3716 3718 3717
3718 3719 3717
3718 3720 3719
3720 3721 3719
3720 3722 3721
3722 3723 3721
3722 3724 3723
3724 3725 3723
3724 3726 3725
3726 3727 3725
3726 3728 3727
3728 3729 3727
3728 3730 3729
3730 3731 3729
3730 3732 3731
3732 3733 3731
3732 3734 3733
3734 3735 3733
3734 3736 3735
3736 3737 3735
3736 3738 3737
3738 3739 3737
3738 3740 3739
3740 3741 3739
3740 3742 3741
3742 3743 3741
3742 3744 3743
3744 3745 3743
3744 3746 3745
3746 3747 3745
3746 3748 3747
3748 3749 3747
3748 3750 3749
3750 3751 3749
3750 3752 3751
3752 3753 3751
3752 3754 3753
3754 3755 3753
3754 3756 3755
3756 3757 3755
3756 3758 3757
3758 3759 3757
3758 3760 3759
3760 3761 3759
3760 3762 3761
3762 3763 3761
3762 3764 3763
3764 3765 3763
3764 3766 3765
3766 3767 3765
3766 3768 3767
3768 3769 3767
3768 3770 3769
3770 3771 3769
3770 3772 3771
3772 3773 3771
3772 3774 3773
3774 3775 3773
3774 3776 3775
3776 3777 3775
3776 3778 3777
3778 3779 3777
3778 3780 3779
3780 3781 3779
3780 3782 3781
3782 3783 3781
3782 3784 3783
3784 3785 3783
3784 3786 3785
3786 3787 3785
3786 3788 3787
3788 3789 3787
3788 3790 3789
3790 3791 3789
3790 3792 3791
3792 3793 3791
3792 3794 3793
3794 3795 3793
3794 3796 3795
3796 3797 3795
3796 3798 3797
3798 3799 3797
3798 3800 3799
3800 3801 3799
3800 3802 3801
3802 3803 3801
3802 3804 3803
3804 3805 3803
3804 3806 3805
3806 3807 3805
3806 3808 3807
3808 3809 3807
3808 3810 3809
3810 3811 3809
3810 3812 3811
3812 3813 3811
3812 3814 3813
3814 3815 3813
3814 3816 3815
3816 3817 3815
3816 3818 3817
3818 3819 3817
3818 3820 3819
3820 3821 3819
3820 3822 3821
3822 3823 3821
3822 3824 3823
3824 3825 3823
3824 3826 3825
3826 3827 3825
3826 3828 3827
3828 3829 3827
3828 3830 3829
3830 3831 3829
3830 3832 3831
3832 3833 3831
3832 3834 3833
3834 3835 3833
3834 3836 3835
3836 3837 3835
3836 3838 3837
3838 3839 3837
3838 3840 3839
3840 3841 3839
3840 3842 3841
3842 3843 3841
3842 3844 3843
3844 3845 3843
3844 3846 3845
3846 3847 3845
3846 3848 3847
3848 3849 3847
3850 3852 3851
3852 3853 3851
3852 3854 3853
3854 3855 3853
3854 3856 3855
3856 3857 3855
3856 3858 3857
3858 3859 3857
3858 3860 3859
3860 3861 3859
3860 3862 3861
3862 3863 3861
3862 3864 3863
3864 3865 3863
3864 3866 3865
3866 3867 3865
3866 3868 3867
3868 3869 3867
3868 3870 3869
3870 3871 3869
3870 3872 3871
3872 3873 3871
3872 3874 3873
3874 3875 3873
3874 3876 3875
3876 3877 3875
3876 3878 3877
3878 3879 3877
3878 3880 3879
3880 3881 3879
3880 3882 3881
3882 3883 3881
3882 3884 3883
3884 3885 3883
3884 3886 3885
3886 3887 3885
3886 3888 3887
3888 3889 3887
3888 3890 3889
3890 3891 3889
3890 3892 3891
3892 3893 3891
3892 3894 3893
3894 3895 3893
3894 3896 3895
3896 3897 3895
3896 3898 3897
3898 3899 3897
3898 3900 3899
3900 3901 3899
3900 3902 3901
3902 3903 3901
3902 3904 3903
3904 3905 3903
3904 3906 3905
3906 3907 3905
3906 3908 3907
3908 3909 3907
3908 3910 3909
3910 3911 3909
3910 3912 3911
3912 3913 3911
3912 3914 3913
3914 3915 3913
3914 3916 3915
3916 3917 3915
3916 3918 3917
3918 3919 3917
3918 3920 3919
3920 3921 3919
3920 3922 3921
3922 3923 3921
3922 3924 3923
3924 3925 3923
3924 3926 3925
3926 3927 3925
3926 3928 3927
3928 3929 3927
3928 3930 3929
3930 3931 3929
3930 3932 3931
3932 3933 3931
3932 3934 3933
3934 3935 3933
3934 3936 3935
3936 3937 3935
3936 3938 3937
3938 3939 3937
3938 3940 3939
3940 3941 3939
3940 3942 3941
3942 3943 3941
3942 3944 3943
3944 3945 3943
3944 3946 3945
3946 3947 3945
3946 3948 3947
3948 3949 3947
3948 3950 3949
3950 3951 3949
3950 3952 3951
3952 3953 3951
3952 3954 3953
3954 3955 3953
3954 3956 3955
3956 3957 3955
3956 3958 3957
3958 3959 3957
3958 3960 3959
3960 3961 3959
3960 3962 3961
3962 3963 3961
3962 3964 3963
3964 3965 3963
3964 3966 3965
3966 3967 3965
3966 3968 3967
3968 3969 3967
3968 3970 3969
3970 3971 3969
3970 3972 3971
3972 3973 3971
3972 3974 3973
3974 3975 3973
3974 3976 3975
3976 3977 3975
3976 3978 3977
3978 3979 3977
3978 3980 3979
3980 3981 3979
3980 3982 3981
3982 3983 3981
3982 3984 3983
3984 3985 3983
3984 3986 3985
3986 3987 3985
3986 3988 3987
3988 3989 3987
3988 3990 3989
3990 3991 3989
3990 3992 3991
3992 3993 3991
3992 3994 3993
3994 3995 3993
3994 3996 3995
3996 3997 3995
3996 3998 3997
3998 3999 3997
3998 4000 3999
4000 4001 3999
4000 4002 4001
4002 4003 4001
4004 4006 4005
4006 4007 4005
4006 4008 4007
4008 4009 4007
4008 4010 4009
4010 4011 4009
4010 4012 4011
4012 4013 4011
4012 4014 4013
4014 4015 4013
4014 4016 4015
4016 4017 4015
4016 4018 4017
4018 4019 4017
4018 4020 4019
4020 4021 4019
4020 4022 4021
4022 4023 4021
4022 4024 4023
4024 4025 4023
4024 4026 4025
4026 4027 4025
4026 4028 4027
4028 4029 4027
4028 4030 4029
4030 4031 4029
4030 4032 4031
4032 4033 4031
4032 4034 4033
4034 4035 4033
4034 4036 4035
4036 4037 4035
4036 4038 4037
4038 4039 4037
4038 4040 4039
4040 4041 4039
4040 4042 4041
4042 4043 4041
4042 4044 4043
4044 4045 4043
4044 4046 4045
4046 4047 4045
4046 4048 4047
4048 4049 4047
4048 4050 4049
4050 4051 4049
4050 4052 4051
4052 4053 4051
4052 4054 4053
4054 4055 4053
4054 4056 4055
4056 4057 4055
4056 4058 4057
4058 4059 4057
4058 4060 4059
4060 4061 4059
4060 4062 4061
4062 4063 4061
4062 4064 4063
4064 4065 4063
4064 4066 4065
4066 4067 4065
4066 4068 4067
4068 4069 4067
4068 4070 4069
4070 4071 4069
4070 4072 4071
4072 4073 4071
4072 4074 4073
4074 4075 4073
4074 4076 4075
4076 4077 4075
4076 4078 4077
4078 4079 4077
4078 4080 4079
4080 4081 4079
4080 4082 4081
4082 4083 4081
4082 4084 4083
4084 4085 4083
4084 4086 4085
4086 4087 4085
4086 4088 4087
4088 4089 4087
4088 4090 4089
4090 4091 4089
4090 4092 4091
4092 4093 4091
4092 4094 4093
4094 4095 4093
4094 4096 4095
4096 4097 4095
4096 4098 4097
4098 4099 4097
4098 4100 4099
4100 4101 4099
4100 4102 4101
4102 4103 4101
4102 4104 4103
4104 4105 4103
4104 4106 4105
4106 4107 4105
4106 4108 4107
4108 4109 4107
4108 4110 4109
4110 4111 4109
4110 4112 4111
4112 4113 4111
4112 4114 4113
4114 4115 4113
4114 4116 4115
4116 4117 4115
4116 4118 4117
4118 4119 4117
4118 4120 4119
4120 4121 4119
4120 4122 4121
4122 4123 4121
4122 4124 4123
4124 4125 4123
4124 4126 4125
4126 4127 4125
4126 4128 4127
4128 4129 4127
4128 4130 4129
4130 4131 4129
4130 4132 4131
4132 4133 4131
4132 4134 4133
4134 4135 4133
4134 4136 4135
4136 4137 4135
4136 4138 4137
4138 4139 4137
4138 4140 4139
4140 4141 4139
4140 4142 4141
4142 4143 4141
4142 4144 4143
4144 4145 4143
4144 4146 4145
4146 4147 4145
4146 4148 4147
4148 4149 4147
4148 4150 4149
4150 4151 4149
4150 4152 4151
4152 4153 4151
4152 4154 4153
4154 4155 4153
4154 4156 4155
4156 4157 4155
4158 4160 4159
4160 4161 4159
4160 4162 4161
4162 4163 4161
4162 4164 4163
4164 4165 4163
4164 4166 4165
4166 4167 4165
4166 4168 4167
4168 4169 4167
4168 4170 4169
4170 4171 4169
4170 4172 4171
4172 4173 4171
4172 4174 4173
4174 4175 4173
4174 4176 4175
4176 4177 4175
4176 4178 4177
4178 4179 4177
4178 4180 4179
4180 4181 4179
4180 4182 4181
4182 4183 4181
4182 4184 4183
4184 4185 4183
4184 4186 4185
4186 4187 4185
4186 4188 4187
4188 4189 4187
4188 4190 4189
4190 4191 4189
4190 4192 4191
4192 4193 4191
4192 4194 4193
4194 4195 4193
4194 4196 4195
4196 4197 4195
4196 4198 4197
4198 4199 4197
4198 4200 4199
4200 4201 4199
4200 4202 4201
4202 4203 4201
4202 4204 4203
4204 4205 4203
4204 4206 4205
4206 4207 4205
4206 4208 4207
4208 4209 4207
4208 4210 4209
4210 4211 4209
4210 4212 4211
4212 4213 4211
4212 4214 4213
4214 4215 4213
4214 4216 4215
4216 4217 4215
4216 4218 4217
4218 4219 4217
4218 4220 4219
4220 4221 4219
4220 4222 4221
4222 4223 4221
4222 4224 4223
4224 4225 4223
4224 4226 4225
4226 4227 4225
4226 4228 4227
4228 4229 4227
4228 4230 4229
4230 4231 4229
4230 4232 4231
4232 4233 4231
4232 4234 4233
4234 4235 4233
4234 4236 4235
4236 4237 4235
4236 4238 4237
4238 4239 4237
4238 4240 4239
4240 4241 4239
4240 4242 4241
4242 4243 4241
4242 4244 4243
4244 4245 4243
4244 4246 4245
4246 4247 4245
4246 4248 4247
4248 4249 4247
4248 4250 4249
4250 4251 4249
4250 4252 4251
4252 4253 4251
4252 4254 4253
4254 4255 4253
4254 4256 4255
4256 4257 4255
4256 4258 4257
4258 4259 4257
4258 4260 4259
4260 4261 4259
4260 4262 4261
4262 4263 4261
4262 4264 4263
4264 4265 4263
4264 4266 4265
4266 4267 4265
4266 4268 4267
4268 4269 4267
4268 4270 4269
4270 4271 4269
4270 4272 4271
4272 4273 4271
4272 4274 4273
4274 4275 4273
4274 4276 4275
4276 4277 4275
4276 4278 4277
4278 4279 4277
4278 4280 4279
4280 4281 4279
4280 4282 4281
4282 4283 4281
4282 4284 4283
4284 4285 4283
4284 4286 4285
4286 4287 4285
4286 4288 4287
4288 4289 4287
4288 4290 4289
4290 4291 4289
4290 4292 4291
4292 4293 4291
4292 4294 4293
4294 4295 4293
4294 4296 4295
4296 4297 4295
4296 4298 4297
4298 4299 4297
4298 4300 4299
4300 4301 4299
4300 4302 4301
4302 4303 4301
4302 4304 4303
4304 4305 4303
4304 4306 4305
4306 4307 4305
4306 4308 4307
4308 4309 4307
4308 4310 4309
4310 4311 4309
4312 4314 4313
4314 4315 4313
4314 4316 4315
4316 4317 4315
4316 4318 4317
4318 4319 4317
4318 4320 4319
4320 4321 4319
4320 4322 4321
4322 4323 4321
4322 4324 4323
4324 4325 4323
4324 4326 4325
4326 4327 4325
4326 4328 4327
4328 4329 4327
4328 4330 4329
4330 4331 4329
4330 4332 4331
4332 4333 4331
4332 4334 4333
4334 4335 4333
4334 4336 4335
4336 4337 4335
4336 4338 4337
4338 4339 4337
4338 4340 4339
4340 4341 4339
4340 4342 4341
4342 4343 4341
4342 4344 4343
4344 4345 4343
4344 4346 4345
4346 4347 4345
4346 4348 4347
4348 4349 4347
4348 4350 4349
4350 4351 4349
4350 4352 4351
4352 4353 4351
4352 4354 4353
4354 4355 4353
4354 4356 4355
4356 4357 4355
4356 4358 4357
4358 4359 4357
4358 4360 4359
4360 4361 4359
4360 4362 4361
4362 4363 4361
4362 4364 4363
4364 4365 4363
4364 4366 4365
4366 4367 4365
4366 4368 4367
4368 4369 4367
4368 4370 4369
4370 4371 4369
4370 4372 4371
4372 4373 4371
4372 4374 4373
4374 4375 4373
4374 4376 4375
4376 4377 4375
4376 4378 4377
4378 4379 4377
4378 4380 4379
4380 4381 4379
4380 4382 4381
4382 4383 4381
4382 4384 4383
4384 4385 4383
4384 4386 4385
4386 4387 4385
4386 4388 4387
4388 4389 4387
4388 4390 4389
4390 4391 4389
4390 4392 4391
4392 4393 4391
4392 4394 4393
4394 4395 4393
4394 4396 4395
4396 4397 4395
4396 4398 4397
4398 4399 4397
4398 4400 4399
4400 4401 4399
4400 4402 4401
4402 4403 4401
4402 4404 4403
4404 4405 4403
4404 4406 4405
4406 4407 4405
4406 4408 4407
4408 4409 4407
4408 4410 4409
4410 4411 4409
4410 4412 4411
4412 4413 4411
4412 4414 4413
4414 4415 4413
4414 4416 4415
4416 4417 4415
4416 4418 4417
4418 4419 4417
4418 4420 4419
4420 4421 4419
4420 4422 4421
4422 4423 4421
4422 4424 4423
4424 4425 4423
4424 4426 4425
4426 4427 4425
4426 4428 4427
4428 4429 4427
4428 4430 4429
4430 4431 4429
4430 4432 4431
4432 4433 4431
4432 4434 4433
4434 4435 4433
4434 4436 4435
4436 4437 4435
4436 4438 4437
4438 4439 4437
4438 4440 4439
4440 4441 4439
4440 4442 4441
4442 4443 4441
4442 4444 4443
4444 4445 4443
4444 4446 4445
4446 4447 4445
4446 4448 4447
4448 4449 4447
4448 4450 4449
4450 4451 4449
4450 4452 4451
4452 4453 4451
4452 4454 4453
4454 4455 4453
4454 4456 4455
4456 4457 4455
4456 4458 4457
4458 4459 4457
4458 4460 4459
4460 4461 4459
4460 4462 4461
4462 4463 4461
4462 4464 4463
4464 4465 4463
4466 4468 4467
4468 4469 4467
4468 4470 4469
4470 4471 4469
4470 4472 4471
4472 4473 4471
4472 4474 4473
4474 4475 4473
4474 4476 4475
4476 4477 4475
4476 4478 4477
4478 4479 4477
4478 4480 4479
4480 4481 4479
4480 4482 4481
4482 4483 4481
4482 4484 4483
4484 4485 4483
4484 4486 4485
4486 4487 4485
4486 4488 4487
4488 4489 4487
4488 4490 4489
4490 4491 4489
4490 4492 4491
4492 4493 4491
4492 4494 4493
4494 4495 4493
4494 4496 4495
4496 4497 4495
4496 4498 4497
4498 4499 4497
4498 4500 4499
4500 4501 4499
4500 4502 4501
4502 4503 4501
4502 4504 4503
4504 4505 4503
4504 4506 4505
4506 4507 4505
4506 4508 4507
4508 4509 4507
4508 4510 4509
4510 4511 4509
4510 4512 4511
4512 4513 4511
4512 4514 4513
4514 4515 4513
4514 4516 4515
4516 4517 4515
4516 4518 4517
4518 4519 4517
4518 4520 4519
4520 4521 4519
4520 4522 4521
4522 4523 4521
4522 4524 4523
4524 4525 4523
4524 4526 4525
4526 4527 4525
4526 4528 4527
4528 4529 4527
4528 4530 4529
4530 4531 4529
4530 4532 4531
4532 4533 4531
4532 4534 4533
4534 4535 4533
4534 4536 4535
4536 4537 4535
4536 4538 4537
4538 4539 4537
4538 4540 4539
4540 4541 4539
4540 4542 4541
4542 4543 4541
4542 4544 4543
4544 4545 4543
4544 4546 4545
4546 4547 4545
4546 4548 4547
4548 4549 4547
4548 4550 4549
4550 4551 4549
4550 4552 4551
4552 4553 4551
4552 4554 4553
4554 4555 4553
4554 4556 4555
4556 4557 4555
4556 4558 4557
4558 4559 4557
4558 4560 4559
4560 4561 4559
4560 4562 4561
4562 4563 4561
4562 4564 4563
4564 4565 4563
4564 4566 4565
4566 4567 4565
4566 4568 4567
4568 4569 4567
4568 4570 4569
4570 4571 4569
4570 4572 4571
4572 4573 4571
4572 4574 4573
4574 4575 4573
4574 4576 4575
4576 4577 4575
4576 4578 4577
4578 4579 4577
4578 4580 4579
4580 4581 4579
4580 4582 4581
4582 4583 4581
4582 4584 4583
4584 4585 4583
4584 4586 4585
4586 4587 4585
4586 4588 4587
4588 4589 4587
4588 4590 4589
4590 4591 4589
4590 4592 4591
4592 4593 4591
4592 4594 4593
4594 4595 4593
4594 4596 4595
4596 4597 4595
4596 4598 4597
4598 4599 4597
4598 4600 4599
4600 4601 4599
4600 4602 4601
4602 4603 4601
4602 4604 4603
4604 4605 4603
4604 4606 4605
4606 4607 4605
4606 4608 4607
4608 4609 4607
4608 4610 4609
4610 4611 4609
4610 4612 4611
4612 4613 4611
4612 4614 4613
4614 4615 4613
4614 4616 4615
4616 4617 4615
4616 4618 4617
4618 4619 4617
4620 4622 4621
4622 4623 4621
4622 4624 4623
4624 4625 4623
4624 4626 4625
4626 4627 4625
4626 4628 4627
4628 4629 4627
4628 4630 4629
4630 4631 4629
4630 4632 4631
4632 4633 4631
4632 4634 4633
4634 4635 4633
4634 4636 4635
4636 4637 4635
4636 4638 4637
4638 4639 4637
4638 4640 4639
4640 4641 4639
4640 4642 4641
4642 4643 4641
4642 4644 4643
4644 4645 4643
4644 4646 4645
4646 4647 4645
4646 4648 4647
4648 4649 4647
4648 4650 4649
4650 4651 4649
4650 4652 4651
4652 4653 4651
4652 4654 4653
4654 4655 4653
4654 4656 4655
4656 4657 4655
4656 4658 4657
4658 4659 4657
4658 4660 4659
4660 4661 4659
4660 4662 4661
4662 4663 4661
4662 4664 4663
4664 4665 4663
4664 4666 4665
4666 4667 4665
4666 4668 4667
4668 4669 4667
4668 4670 4669
4670 4671 4669
4670 4672 4671
4672 4673 4671
4672 4674 4673
4674 4675 4673
4674 4676 4675
4676 4677 4675
4676 4678 4677
4678 4679 4677
4678 4680 4679
4680 4681 4679
4680 4682 4681
4682 4683 4681
4682 4684 4683
4684 4685 4683
4684 4686 4685
4686 4687 4685
4686 4688 4687
4688 4689 4687
4688 4690 4689
4690 4691 4689
4690 4692 4691
4692 4693 4691
4692 4694 4693
4694 4695 4693
4694 4696 4695
4696 4697 4695
4696 4698 4697
4698 4699 4697
4698 4700 4699
4700 4701 4699
4700 4702 4701
4702 4703 4701
4702 4704 4703
4704 4705 4703
4704 4706 4705
4706 4707 4705
4706 4708 4707
4708 4709 4707
4708 4710 4709
4710 4711 4709
4710 4712 4711
4712 4713 4711
4712 4714 4713
4714 4715 4713
4714 4716 4715
4716 4717 4715
4716 4718 4717
4718 4719 4717
4718 4720 4719
4720 4721 4719
4720 4722 4721
4722 4723 4721
4722 4724 4723
4724 4725 4723
4724 4726 4725
4726 4727 4725
4726 4728 4727
4728 4729 4727
4728 4730 4729
4730 4731 4729
4730 4732 4731
4732 4733 4731
4732 4734 4733
4734 4735 4733
4734 4736 4735
4736 4737 4735
4736 4738 4737
4738 4739 4737
4738 4740 4739
4740 4741 4739
4740 4742 4741
4742 4743 4741
4742 4744 4743
4744 4745 4743
4744 4746 4745
4746 4747 4745
4746 4748 4747
4748 4749 4747
4748 4750 4749
4750 4751 4749
4750 4752 4751
4752 4753 4751
4752 4754 4753
4754 4755 4753
4754 4756 4755
4756 4757 4755
4756 4758 4757
4758 4759 4757
4758 4760 4759
4760 4761 4759
4760 4762 4761
4762 4763 4761
4762 4764 4763
4764 4765 4763
4764 4766 4765
4766 4767 4765
4766 4768 4767
4768 4769 4767
4768 4770 4769
4770 4771 4769
4770 4772 4771
4772 4773 4771
4774 4776 4775
4776 4777 4775
4776 4778 4777
4778 4779 4777
4778 4780 4779
4780 4781 4779
4780 4782 4781
4782 4783 4781
4782 4784 4783
4784 4785 4783
4784 4786 4785
4786 4787 4785
4786 4788 4787
4788 4789 4787
4788 4790 4789
4790 4791 4789
4790 4792 4791
4792 4793 4791
4792 4794 4793
4794 4795 4793
4794 4796 4795
4796 4797 4795
4796 4798 4797
4798 4799 4797
4798 4800 4799
4800 4801 4799
4800 4802 4801
4802 4803 4801
4802 4804 4803
4804 4805 4803
4804 4806 4805
4806 4807 4805
4806 4808 4807
4808 4809 4807
4808 4810 4809
4810 4811 4809
4810 4812 4811
4812 4813 4811
4812 4814 4813
4814 4815 4813
4814 4816 4815
4816 4817 4815
4816 4818 4817
4818 4819 4817
4818 4820 4819
4820 4821 4819
4820 4822 4821
4822 4823 4821
4822 4824 4823
4824 4825 4823
4824 4826 4825
4826 4827 4825
4826 4828 4827
4828 4829 4827
4828 4830 4829
4830 4831 4829
4830 4832 4831
4832 4833 4831
4832 4834 4833
4834 4835 4833
4834 4836 4835
4836 4837 4835
4836 4838 4837
4838 4839 4837
4838 4840 4839
4840 4841 4839
4840 4842 4841
4842 4843 4841
4842 4844 4843
4844 4845 4843
4844 4846 4845
4846 4847 4845
4846 4848 4847
4848 4849 4847
4848 4850 4849
4850 4851 4849
4850 4852 4851
4852 4853 4851
4852 4854 4853
4854 4855 4853
4854 4856 4855
4856 4857 4855
4856 4858 4857
4858 4859 4857
4858 4860 4859
4860 4861 4859
4860 4862 4861
4862 4863 4861
4862 4864 4863
4864 4865 4863
4864 4866 4865
4866 4867 4865
4866 4868 4867
4868 4869 4867
4868 4870 4869
4870 4871 4869
4870 4872 4871
4872 4873 4871
4872 4874 4873
4874 4875 4873
4874 4876 4875
4876 4877 4875
4876 4878 4877
4878 4879 4877
4878 4880 4879
4880 4881 4879
4880 4882 4881
4882 4883 4881
4882 4884 4883
4884 4885 4883
4884 4886 4885
4886 4887 4885
4886 4888 4887
4888 4889 4887
4888 4890 4889
4890 4891 4889
4890 4892 4891
4892 4893 4891
4892 4894 4893
4894 4895 4893
4894 4896 4895
4896 4897 4895
4896 4898 4897
4898 4899 4897
4898 4900 4899
4900 4901 4899
4900 4902 4901
4902 4903 4901
4902 4904 4903
4904 4905 4903
4904 4906 4905
4906 4907 4905
4906 4908 4907
4908 4909 4907
4908 4910 4909
4910 4911 4909
4910 4912 4911
4912 4913 4911
4912 4914 4913
4914 4915 4913
4914 4916 4915
4916 4917 4915
4916 4918 4917
4918 4919 4917
4918 4920 4919
4920 4921 4919
4920 4922 4921
4922 4923 4921
4922 4924 4923
4924 4925 4923
4924 4926 4925
4926 4927 4925
MATERIALS 75
hull_lacquer
nose_iridium
crest_radiator
structure
boron_nitride
engine_metal
mechanism
dark
band
planetary_cup
rover
shuttle
trap_shell
canopy
br_vault
br_floor
br_panel
br_panel_face
br_tub
br_holo
br_screen
br_glow
br_display
br_green
br_red
br_amber
br_seat
br_cushion
br_bezel
br_rib
br_lamp
br_cove
br_vault_lit
br_floor_lit
br_belt
in_floor
in_wall
in_ceiling
in_light
in_furn
in_seat
in_metal
in_wet
in_screen
in_trim
in_green
in_amber
in_red
in_guide
in_btn_dim
in_wall_w
in_floor_w
in_ceil_w
in_metal_w
in_trim_w
in_guide_w
in_fx
in_downlight
in_cove
lift_glass
in_wip
in_btn_cap
in_cablight
in_glass
in_wall_r
in_floor_r
in_ceil_r
in_metal_r
in_dutyred
in_door
in_wall_d
in_floor_d
in_ceil_d
in_metal_d
br_malachite
MATERIAL hull_lacquer
0.620 0.640 0.680 1.00
0.620 0.640 0.680 1.00
0.300 0.300 0.320 1 20
0.000 0.000 0.000 1
MATERIAL nose_iridium
0.780 0.760 0.700 1.00
0.780 0.760 0.700 1.00
0.950 0.950 0.950 1 80
0.000 0.000 0.000 1
MATERIAL crest_radiator
0.460 0.260 0.180 1.00
0.460 0.260 0.180 1.00
0.150 0.150 0.150 1 10
0.000 0.000 0.000 1
MATERIAL structure
0.260 0.270 0.290 1.00
0.260 0.270 0.290 1.00
0.200 0.200 0.200 1 15
0.000 0.000 0.000 1
MATERIAL boron_nitride
0.620 0.580 0.920 1.00
0.620 0.580 0.920 1.00
0.600 0.600 0.700 1 40
0.080 0.060 0.200 1
MATERIAL engine_metal
0.400 0.400 0.420 1.00
0.400 0.400 0.420 1.00
0.500 0.500 0.500 1 40
0.000 0.000 0.000 1
MATERIAL mechanism
0.540 0.560 0.600 1.00
0.540 0.560 0.600 1.00
0.700 0.700 0.720 1 50
0.000 0.000 0.000 1
MATERIAL dark
0.070 0.070 0.090 1.00
0.070 0.070 0.090 1.00
0.050 0.050 0.050 1 5
0.000 0.000 0.000 1
MATERIAL band
0.280 0.360 0.500 1.00
0.280 0.360 0.500 1.00
0.500 0.550 0.650 1 40
0.000 0.000 0.000 1
MATERIAL planetary_cup
0.600 0.700 0.850 1.00
0.600 0.700 0.850 1.00
0.700 0.700 0.800 1 50
0.030 0.060 0.100 1
MATERIAL rover
0.550 0.480 0.320 1.00
0.550 0.480 0.320 1.00
0.300 0.300 0.300 1 20
0.000 0.000 0.000 1
MATERIAL shuttle
0.850 0.840 0.810 1.00
0.850 0.840 0.810 1.00
0.400 0.400 0.400 1 30
0.000 0.000 0.000 1
MATERIAL trap_shell
0.440 0.470 0.560 1.00
0.440 0.470 0.560 1.00
0.450 0.450 0.500 1 30
0.000 0.000 0.000 1
MATERIAL canopy
0.360 0.370 0.400 1.00
0.360 0.370 0.400 1.00
0.550 0.550 0.600 1 35
0.000 0.000 0.000 1
MATERIAL br_vault
0.150 0.160 0.180 1.00
0.150 0.160 0.180 1.00
0.060 0.060 0.070 1 8
0.026 0.030 0.038 1
MATERIAL br_floor
0.550 0.580 0.620 1.00
0.550 0.580 0.620 1.00
0.350 0.360 0.400 1 40
0.160 0.180 0.210 1
MATERIAL br_panel
0.170 0.180 0.200 1.00
0.170 0.180 0.200 1.00
0.200 0.210 0.240 1 20
0.028 0.032 0.040 1
MATERIAL br_panel_face
0.240 0.250 0.280 1.00
0.240 0.250 0.280 1.00
0.300 0.320 0.360 1 30
0.042 0.047 0.056 1
MATERIAL br_tub
0.300 0.310 0.340 1.00
0.300 0.310 0.340 1.00
0.250 0.260 0.300 1 25
0.050 0.055 0.066 1
MATERIAL br_holo
0.050 0.200 0.260 1.00
0.050 0.200 0.260 1.00
0.000 0.000 0.000 1 1
0.060 0.260 0.340 1
MATERIAL br_screen
0.020 0.030 0.060 1.00
0.020 0.030 0.060 1.00
0.300 0.300 0.400 1 40
0.030 0.050 0.100 1
MATERIAL br_glow
0.400 0.900 1.000 1.00
0.400 0.900 1.000 1.00
0.000 0.000 0.000 1 1
0.300 0.700 0.900 1
MATERIAL br_display
1.000 1.000 1.000 1.00
1.000 1.000 1.000 1.00
0.000 0.000 0.000 1 1
1.000 1.000 1.000 1
MATERIAL br_green
0.300 1.000 0.500 1.00
0.300 1.000 0.500 1.00
0.000 0.000 0.000 1 1
0.200 0.900 0.400 1
MATERIAL br_red
0.900 0.200 0.150 1.00
0.900 0.200 0.150 1.00
0.300 0.100 0.100 1 20
0.500 0.080 0.050 1
MATERIAL br_amber
1.000 0.800 0.300 1.00
1.000 0.800 0.300 1.00
0.000 0.000 0.000 1 1
0.700 0.500 0.100 1
MATERIAL br_seat
0.200 0.210 0.230 1.00
0.200 0.210 0.230 1.00
0.300 0.300 0.350 1 30
0.024 0.026 0.030 1
MATERIAL br_cushion
0.210 0.240 0.290 1.00
0.210 0.240 0.290 1.00
0.100 0.100 0.120 1 10
0.028 0.032 0.040 1
MATERIAL br_bezel
0.620 0.640 0.680 1.00
0.620 0.640 0.680 1.00
0.400 0.410 0.450 1 40
0.075 0.080 0.090 1
MATERIAL br_rib
0.220 0.230 0.260 1.00
0.220 0.230 0.260 1.00
0.300 0.310 0.350 1 30
0.034 0.038 0.046 1
MATERIAL br_lamp
0.800 0.880 1.000 1.00
0.800 0.880 1.000 1.00
0.000 0.000 0.000 1 1
0.620 0.700 0.800 1
MATERIAL br_cove
0.300 0.550 0.800 1.00
0.300 0.550 0.800 1.00
0.000 0.000 0.000 1 1
0.160 0.300 0.460 1
MATERIAL br_vault_lit
0.060 0.060 0.070 1.00
0.060 0.060 0.070 1.00
0.040 0.040 0.050 1 8
1.000 1.000 1.000 1
MATERIAL br_floor_lit
0.080 0.080 0.090 1.00
0.080 0.080 0.090 1.00
0.100 0.100 0.120 1 20
1.000 1.000 1.000 1
MATERIAL br_belt
0.880 0.560 0.160 1.00
0.880 0.560 0.160 1.00
0.100 0.100 0.100 1 10
0.000 0.000 0.000 1
MATERIAL in_floor
0.500 0.500 0.500 1.00
0.500 0.500 0.500 1.00
0.100 0.100 0.100 1 10
0.500 0.500 0.520 1
MATERIAL in_wall
0.450 0.450 0.450 1.00
0.450 0.450 0.450 1.00
0.050 0.050 0.050 1 5
0.600 0.600 0.620 1
MATERIAL in_ceiling
0.450 0.450 0.450 1.00
0.450 0.450 0.450 1.00
0.000 0.000 0.000 1 1
0.550 0.550 0.570 1
MATERIAL in_light
1.000 0.970 0.880 1.00
1.000 0.970 0.880 1.00
0.000 0.000 0.000 1 1
1.000 0.960 0.840 1
MATERIAL in_furn
0.300 0.310 0.340 1.00
0.300 0.310 0.340 1.00
0.100 0.100 0.100 1 10
0.150 0.150 0.170 1
MATERIAL in_seat
0.120 0.150 0.220 1.00
0.120 0.150 0.220 1.00
0.150 0.150 0.200 1 15
0.060 0.080 0.130 1
MATERIAL in_metal
0.500 0.500 0.500 1.00
0.500 0.500 0.500 1.00
0.500 0.500 0.500 1 30
0.550 0.550 0.580 1
MATERIAL in_wet
0.360 0.500 0.550 1.00
0.360 0.500 0.550 1.00
0.200 0.200 0.250 1 20
0.130 0.190 0.210 1
MATERIAL in_screen
0.040 0.080 0.160 1.00
0.040 0.080 0.160 1.00
0.300 0.300 0.400 1 40
0.100 0.280 0.500 1
MATERIAL in_trim
0.600 0.600 0.600 1.00
0.600 0.600 0.600 1.00
0.100 0.100 0.100 1 10
0.500 0.500 0.500 1
MATERIAL in_green
0.100 0.600 0.250 1.00
0.100 0.600 0.250 1.00
0.000 0.000 0.000 1 1
0.150 1.000 0.400 1
MATERIAL in_amber
0.700 0.450 0.050 1.00
0.700 0.450 0.050 1.00
0.000 0.000 0.000 1 1
1.000 0.620 0.080 1
MATERIAL in_red
0.700 0.100 0.080 1.00
0.700 0.100 0.080 1.00
0.000 0.000 0.000 1 1
1.000 0.150 0.100 1
MATERIAL in_guide
0.200 0.500 0.700 1.00
0.200 0.500 0.700 1.00
0.000 0.000 0.000 1 1
0.250 0.750 1.000 1
MATERIAL in_btn_dim
0.160 0.180 0.200 1.00
0.160 0.180 0.200 1.00
0.300 0.300 0.300 1 20
0.040 0.050 0.060 1
MATERIAL in_wall_w
0.500 0.500 0.510 1.00
0.500 0.500 0.510 1.00
0.080 0.080 0.090 1 12
0.065 0.065 0.075 1
MATERIAL in_floor_w
0.500 0.500 0.500 1.00
0.500 0.500 0.500 1.00
0.450 0.450 0.480 1 40
0.040 0.040 0.045 1
MATERIAL in_ceil_w
0.400 0.400 0.410 1.00
0.400 0.400 0.410 1.00
0.000 0.000 0.000 1 1
0.035 0.035 0.040 1
MATERIAL in_metal_w
0.450 0.450 0.470 1.00
0.450 0.450 0.470 1.00
0.400 0.400 0.420 1 30
0.070 0.070 0.080 1
MATERIAL in_trim_w
0.500 0.500 0.500 1.00
0.500 0.500 0.500 1.00
0.100 0.100 0.100 1 10
0.140 0.140 0.140 1
MATERIAL in_guide_w
0.250 0.420 0.420 1.00
0.250 0.420 0.420 1.00
0.000 0.000 0.000 1 1
0.160 0.360 0.380 1
MATERIAL in_fx
1.000 1.000 1.000 1.00
1.000 1.000 1.000 1.00
0.000 0.000 0.000 1 1
1.000 1.000 1.000 1
MATERIAL in_downlight
1.000 0.860 0.620 1.00
1.000 0.860 0.620 1.00
0.000 0.000 0.000 1 1
1.000 0.840 0.580 1
MATERIAL in_cove
0.300 0.400 0.620 1.00
0.300 0.400 0.620 1.00
0.000 0.000 0.000 1 1
0.260 0.360 0.580 1
MATERIAL lift_glass
0.450 0.600 0.700 0.22
0.450 0.600 0.700 0.22
0.800 0.800 0.850 1 60
0.020 0.030 0.040 1
MATERIAL in_wip
0.950 0.420 0.060 1.00
0.950 0.420 0.060 1.00
0.300 0.250 0.200 1 20
0.400 0.170 0.020 1
MATERIAL in_btn_cap
0.550 0.560 0.580 1.00
0.550 0.560 0.580 1.00
0.350 0.350 0.350 1 30
0.300 0.310 0.320 1
MATERIAL in_cablight
0.950 0.930 0.860 1.00
0.950 0.930 0.860 1.00
0.000 0.000 0.000 1 1
0.800 0.770 0.680 1
MATERIAL in_glass
1.000 1.000 1.000 1.00
1.000 1.000 1.000 1.00
0.900 0.900 0.900 1 60
0.120 0.130 0.150 1
MATERIAL in_wall_r
0.400 0.380 0.380 1.00
0.400 0.380 0.380 1.00
0.050 0.050 0.050 1 5
0.050 0.012 0.011 1
MATERIAL in_floor_r
0.400 0.380 0.380 1.00
0.400 0.380 0.380 1.00
0.200 0.200 0.200 1 30
0.032 0.007 0.007 1
MATERIAL in_ceil_r
0.350 0.330 0.330 1.00
0.350 0.330 0.330 1.00
0.000 0.000 0.000 1 1
0.028 0.006 0.006 1
MATERIAL in_metal_r
0.400 0.380 0.380 1.00
0.400 0.380 0.380 1.00
0.300 0.300 0.300 1 30
0.045 0.011 0.010 1
MATERIAL in_dutyred
0.600 0.080 0.050 1.00
0.600 0.080 0.050 1.00
0.000 0.000 0.000 1 1
0.550 0.050 0.030 1
MATERIAL in_door
0.550 0.550 0.560 1.00
0.550 0.550 0.560 1.00
0.250 0.250 0.270 1 25
0.075 0.075 0.080 1
MATERIAL in_wall_d
0.080 0.080 0.085 1.00
0.080 0.080 0.085 1.00
0.020 0.020 0.020 1 5
0.018 0.018 0.020 1
MATERIAL in_floor_d
0.080 0.080 0.080 1.00
0.080 0.080 0.080 1.00
0.050 0.050 0.050 1 10
0.012 0.012 0.013 1
MATERIAL in_ceil_d
0.070 0.070 0.075 1.00
0.070 0.070 0.075 1.00
0.000 0.000 0.000 1 1
0.010 0.010 0.011 1
MATERIAL in_metal_d
0.080 0.080 0.085 1.00
0.080 0.080 0.085 1.00
0.050 0.050 0.050 1 10
0.016 0.016 0.018 1
MATERIAL br_malachite
0.160 0.380 0.310 1.00
0.160 0.380 0.310 1.00
0.400 0.480 0.450 1 35
0.020 0.048 0.040 1
TEXTURES 0
