MSHX1
GROUPS 110
LABEL foot_starboard_hub
MATERIAL 7
TEXTURE 0
GEOM 168 288 ;foot_starboard_hub
0.000 -1.775 -0.000 0.0000 -1.0000 -0.0000
0.000 -1.775 -0.000 -0.0000 -1.0000 -0.0000
0.000 -1.775 -0.000 -0.0000 -1.0000 -0.0000
0.000 -1.775 -0.000 -0.0000 -1.0000 -0.0000
0.000 -1.775 -0.000 -0.0000 -1.0000 -0.0000
0.000 -1.775 -0.000 -0.0000 -1.0000 -0.0000
0.000 -1.775 -0.000 -0.0000 -1.0000 -0.0000
0.000 -1.775 -0.000 -0.0000 -1.0000 0.0000
0.000 -1.775 -0.000 -0.0000 -1.0000 0.0000
0.000 -1.775 -0.000 -0.0000 -1.0000 0.0000
0.000 -1.775 -0.000 -0.0000 -1.0000 0.0000
0.000 -1.775 -0.000 -0.0000 -1.0000 0.0000
0.000 -1.775 -0.000 -0.0000 -1.0000 0.0000
0.000 -1.775 -0.000 0.0000 -1.0000 0.0000
0.000 -1.775 -0.000 0.0000 -1.0000 0.0000
0.000 -1.775 -0.000 0.0000 -1.0000 0.0000
0.000 -1.775 -0.000 0.0000 -1.0000 0.0000
0.000 -1.775 -0.000 0.0000 -1.0000 0.0000
0.000 -1.775 -0.000 0.0000 -1.0000 0.0000
0.000 -1.775 -0.000 0.0000 -1.0000 -0.0000
0.000 -1.775 -0.000 0.0000 -1.0000 -0.0000
0.000 -1.775 -0.000 0.0000 -1.0000 -0.0000
0.000 -1.775 -0.000 0.0000 -1.0000 -0.0000
0.000 -1.775 -0.000 0.0000 -1.0000 -0.0000
0.000 -1.775 -1.050 0.0000 -0.7954 -0.6060
-0.272 -1.775 -1.014 -0.1569 -0.7954 -0.5854
-0.525 -1.775 -0.909 -0.3030 -0.7954 -0.5248
-0.742 -1.775 -0.742 -0.4285 -0.7954 -0.4285
-0.909 -1.775 -0.525 -0.5248 -0.7954 -0.3030
-1.014 -1.775 -0.272 -0.5854 -0.7954 -0.1569
-1.050 -1.775 -0.000 -0.6060 -0.7954 -0.0000
-1.014 -1.775 0.272 -0.5854 -0.7954 0.1569
-0.909 -1.775 0.525 -0.5248 -0.7954 0.3030
-0.742 -1.775 0.742 -0.4285 -0.7954 0.4285
-0.525 -1.775 0.909 -0.3030 -0.7954 0.5248
-0.272 -1.775 1.014 -0.1569 -0.7954 0.5854
0.000 -1.775 1.050 -0.0000 -0.7954 0.6060
0.272 -1.775 1.014 0.1569 -0.7954 0.5854
0.525 -1.775 0.909 0.3030 -0.7954 0.5248
0.742 -1.775 0.742 0.4285 -0.7954 0.4285
0.909 -1.775 0.525 0.5248 -0.7954 0.3030
1.014 -1.775 0.272 0.5854 -0.7954 0.1569
1.050 -1.775 -0.000 0.6060 -0.7954 0.0000
1.014 -1.775 -0.272 0.5854 -0.7954 -0.1569
0.909 -1.775 -0.525 0.5248 -0.7954 -0.3030
0.742 -1.775 -0.742 0.4285 -0.7954 -0.4285
0.525 -1.775 -0.909 0.3030 -0.7954 -0.5248
0.272 -1.775 -1.014 0.1569 -0.7954 -0.5854
0.000 -0.975 -1.050 0.0000 0.2545 -0.9671
-0.272 -0.975 -1.014 -0.2503 0.2545 -0.9341
-0.525 -0.975 -0.909 -0.4835 0.2545 -0.8375
-0.742 -0.975 -0.742 -0.6838 0.2545 -0.6838
-0.909 -0.975 -0.525 -0.8375 0.2545 -0.4835
-1.014 -0.975 -0.272 -0.9341 0.2545 -0.2503
-1.050 -0.975 -0.000 -0.9671 0.2545 -0.0000
-1.014 -0.975 0.272 -0.9341 0.2545 0.2503
-0.909 -0.975 0.525 -0.8375 0.2545 0.4835
-0.742 -0.975 0.742 -0.6838 0.2545 0.6838
-0.525 -0.975 0.909 -0.4835 0.2545 0.8375
-0.272 -0.975 1.014 -0.2503 0.2545 0.9341
0.000 -0.975 1.050 -0.0000 0.2545 0.9671
0.272 -0.975 1.014 0.2503 0.2545 0.9341
0.525 -0.975 0.909 0.4835 0.2545 0.8375
0.742 -0.975 0.742 0.6838 0.2545 0.6838
0.909 -0.975 0.525 0.8375 0.2545 0.4835
1.014 -0.975 0.272 0.9341 0.2545 0.2503
1.050 -0.975 -0.000 0.9671 0.2545 0.0000
1.014 -0.975 -0.272 0.9341 0.2545 -0.2503
0.909 -0.975 -0.525 0.8375 0.2545 -0.4835
0.742 -0.975 -0.742 0.6838 0.2545 -0.6838
0.525 -0.975 -0.909 0.4835 0.2545 -0.8375
0.272 -0.975 -1.014 0.2503 0.2545 -0.9341
0.000 -0.825 -0.800 0.0000 0.0779 -0.9970
-0.207 -0.825 -0.773 -0.2580 0.0779 -0.9630
-0.400 -0.825 -0.693 -0.4985 0.0779 -0.8634
-0.566 -0.825 -0.566 -0.7050 0.0779 -0.7050
-0.693 -0.825 -0.400 -0.8634 0.0779 -0.4985
-0.773 -0.825 -0.207 -0.9630 0.0779 -0.2580
-0.800 -0.825 -0.000 -0.9970 0.0779 -0.0000
-0.773 -0.825 0.207 -0.9630 0.0779 0.2580
-0.693 -0.825 0.400 -0.8634 0.0779 0.4985
-0.566 -0.825 0.566 -0.7050 0.0779 0.7050
-0.400 -0.825 0.693 -0.4985 0.0779 0.8634
-0.207 -0.825 0.773 -0.2580 0.0779 0.9630
0.000 -0.825 0.800 -0.0000 0.0779 0.9970
0.207 -0.825 0.773 0.2580 0.0779 0.9630
0.400 -0.825 0.693 0.4985 0.0779 0.8634
0.566 -0.825 0.566 0.7050 0.0779 0.7050
0.693 -0.825 0.400 0.8634 0.0779 0.4985
0.773 -0.825 0.207 0.9630 0.0779 0.2580
0.800 -0.825 -0.000 0.9970 0.0779 0.0000
0.773 -0.825 -0.207 0.9630 0.0779 -0.2580
0.693 -0.825 -0.400 0.8634 0.0779 -0.4985
0.566 -0.825 -0.566 0.7050 0.0779 -0.7050
0.400 -0.825 -0.693 0.4985 0.0779 -0.8634
0.207 -0.825 -0.773 0.2580 0.0779 -0.9630
0.000 2.225 -0.800 0.0000 -0.0744 -0.9972
-0.207 2.225 -0.773 -0.2581 -0.0744 -0.9632
-0.400 2.225 -0.693 -0.4986 -0.0744 -0.8636
-0.566 2.225 -0.566 -0.7051 -0.0744 -0.7051
-0.693 2.225 -0.400 -0.8636 -0.0744 -0.4986
-0.773 2.225 -0.207 -0.9632 -0.0744 -0.2581
-0.800 2.225 -0.000 -0.9972 -0.0744 -0.0000
-0.773 2.225 0.207 -0.9632 -0.0744 0.2581
-0.693 2.225 0.400 -0.8636 -0.0744 0.4986
-0.566 2.225 0.566 -0.7051 -0.0744 0.7051
-0.400 2.225 0.693 -0.4986 -0.0744 0.8636
-0.207 2.225 0.773 -0.2581 -0.0744 0.9632
0.000 2.225 0.800 -0.0000 -0.0744 0.9972
0.207 2.225 0.773 0.2581 -0.0744 0.9632
0.400 2.225 0.693 0.4986 -0.0744 0.8636
0.566 2.225 0.566 0.7051 -0.0744 0.7051
0.693 2.225 0.400 0.8636 -0.0744 0.4986
0.773 2.225 0.207 0.9632 -0.0744 0.2581
0.800 2.225 -0.000 0.9972 -0.0744 0.0000
0.773 2.225 -0.207 0.9632 -0.0744 -0.2581
0.693 2.225 -0.400 0.8636 -0.0744 -0.4986
0.566 2.225 -0.566 0.7051 -0.0744 -0.7051
0.400 2.225 -0.693 0.4986 -0.0744 -0.8636
0.207 2.225 -0.773 0.2581 -0.0744 -0.9632
0.000 2.525 -1.050 0.0000 0.6060 -0.7954
-0.272 2.525 -1.014 -0.2059 0.6060 -0.7683
-0.525 2.525 -0.909 -0.3977 0.6060 -0.6889
-0.742 2.525 -0.742 -0.5625 0.6060 -0.5625
-0.909 2.525 -0.525 -0.6889 0.6060 -0.3977
-1.014 2.525 -0.272 -0.7683 0.6060 -0.2059
-1.050 2.525 -0.000 -0.7954 0.6060 -0.0000
-1.014 2.525 0.272 -0.7683 0.6060 0.2059
-0.909 2.525 0.525 -0.6889 0.6060 0.3977
-0.742 2.525 0.742 -0.5625 0.6060 0.5625
-0.525 2.525 0.909 -0.3977 0.6060 0.6889
-0.272 2.525 1.014 -0.2059 0.6060 0.7683
0.000 2.525 1.050 -0.0000 0.6060 0.7954
0.272 2.525 1.014 0.2059 0.6060 0.7683
0.525 2.525 0.909 0.3977 0.6060 0.6889
0.742 2.525 0.742 0.5625 0.6060 0.5625
0.909 2.525 0.525 0.6889 0.6060 0.3977
1.014 2.525 0.272 0.7683 0.6060 0.2059
1.050 2.525 -0.000 0.7954 0.6060 0.0000
1.014 2.525 -0.272 0.7683 0.6060 -0.2059
0.909 2.525 -0.525 0.6889 0.6060 -0.3977
0.742 2.525 -0.742 0.5625 0.6060 -0.5625
0.525 2.525 -0.909 0.3977 0.6060 -0.6889
0.272 2.525 -1.014 0.2059 0.6060 -0.7683
0.000 3.275 -0.000 0.0000 0.8137 -0.5812
0.000 3.275 -0.000 -0.1504 0.8137 -0.5614
0.000 3.275 -0.000 -0.2906 0.8137 -0.5034
0.000 3.275 -0.000 -0.4110 0.8137 -0.4110
0.000 3.275 -0.000 -0.5034 0.8137 -0.2906
0.000 3.275 -0.000 -0.5614 0.8137 -0.1504
0.000 3.275 -0.000 -0.5812 0.8137 -0.0000
0.000 3.275 -0.000 -0.5614 0.8137 0.1504
0.000 3.275 -0.000 -0.5034 0.8137 0.2906
0.000 3.275 -0.000 -0.4110 0.8137 0.4110
0.000 3.275 -0.000 -0.2906 0.8137 0.5034
0.000 3.275 -0.000 -0.1504 0.8137 0.5614
0.000 3.275 -0.000 -0.0000 0.8137 0.5812
0.000 3.275 -0.000 0.1504 0.8137 0.5614
0.000 3.275 -0.000 0.2906 0.8137 0.5034
0.000 3.275 -0.000 0.4110 0.8137 0.4110
0.000 3.275 -0.000 0.5034 0.8137 0.2906
0.000 3.275 -0.000 0.5614 0.8137 0.1504
0.000 3.275 -0.000 0.5812 0.8137 0.0000
0.000 3.275 -0.000 0.5614 0.8137 -0.1504
0.000 3.275 -0.000 0.5034 0.8137 -0.2906
0.000 3.275 -0.000 0.4110 0.8137 -0.4110
0.000 3.275 -0.000 0.2906 0.8137 -0.5034
0.000 3.275 -0.000 0.1504 0.8137 -0.5614
0 1 25
0 25 24
1 2 26
1 26 25
2 3 27
2 27 26
3 4 28
3 28 27
4 5 29
4 29 28
5 6 30
5 30 29
6 7 31
6 31 30
7 8 32
7 32 31
8 9 33
8 33 32
9 10 34
9 34 33
10 11 35
10 35 34
11 12 36
11 36 35
12 13 37
12 37 36
13 14 38
13 38 37
14 15 39
14 39 38
15 16 40
15 40 39
16 17 41
16 41 40
17 18 42
17 42 41
18 19 43
18 43 42
19 20 44
19 44 43
20 21 45
20 45 44
21 22 46
21 46 45
22 23 47
22 47 46
23 0 24
23 24 47
24 25 49
24 49 48
25 26 50
25 50 49
26 27 51
26 51 50
27 28 52
27 52 51
28 29 53
28 53 52
29 30 54
29 54 53
30 31 55
30 55 54
31 32 56
31 56 55
32 33 57
32 57 56
33 34 58
33 58 57
34 35 59
34 59 58
35 36 60
35 60 59
36 37 61
36 61 60
37 38 62
37 62 61
38 39 63
38 63 62
39 40 64
39 64 63
40 41 65
40 65 64
41 42 66
41 66 65
42 43 67
42 67 66
43 44 68
43 68 67
44 45 69
44 69 68
45 46 70
45 70 69
46 47 71
46 71 70
47 24 48
47 48 71
48 49 73
48 73 72
49 50 74
49 74 73
50 51 75
50 75 74
51 52 76
51 76 75
52 53 77
52 77 76
53 54 78
53 78 77
54 55 79
54 79 78
55 56 80
55 80 79
56 57 81
56 81 80
57 58 82
57 82 81
58 59 83
58 83 82
59 60 84
59 84 83
60 61 85
60 85 84
61 62 86
61 86 85
62 63 87
62 87 86
63 64 88
63 88 87
64 65 89
64 89 88
65 66 90
65 90 89
66 67 91
66 91 90
67 68 92
67 92 91
68 69 93
68 93 92
69 70 94
69 94 93
70 71 95
70 95 94
71 48 72
71 72 95
72 73 97
72 97 96
73 74 98
73 98 97
74 75 99
74 99 98
75 76 100
75 100 99
76 77 101
76 101 100
77 78 102
77 102 101
78 79 103
78 103 102
79 80 104
79 104 103
80 81 105
80 105 104
81 82 106
81 106 105
82 83 107
82 107 106
83 84 108
83 108 107
84 85 109
84 109 108
85 86 110
85 110 109
86 87 111
86 111 110
87 88 112
87 112 111
88 89 113
88 113 112
89 90 114
89 114 113
90 91 115
90 115 114
91 92 116
91 116 115
92 93 117
92 117 116
93 94 118
93 118 117
94 95 119
94 119 118
95 72 96
95 96 119
96 97 121
96 121 120
97 98 122
97 122 121
98 99 123
98 123 122
99 100 124
99 124 123
100 101 125
100 125 124
101 102 126
101 126 125
102 103 127
102 127 126
103 104 128
103 128 127
104 105 129
104 129 128
105 106 130
105 130 129
106 107 131
106 131 130
107 108 132
107 132 131
108 109 133
108 133 132
109 110 134
109 134 133
110 111 135
110 135 134
111 112 136
111 136 135
112 113 137
112 137 136
113 114 138
113 138 137
114 115 139
114 139 138
115 116 140
115 140 139
116 117 141
116 141 140
117 118 142
117 142 141
118 119 143
118 143 142
119 96 120
119 120 143
120 121 145
120 145 144
121 122 146
121 146 145
122 123 147
122 147 146
123 124 148
123 148 147
124 125 149
124 149 148
125 126 150
125 150 149
126 127 151
126 151 150
127 128 152
127 152 151
128 129 153
128 153 152
129 130 154
129 154 153
130 131 155
130 155 154
131 132 156
131 156 155
132 133 157
132 157 156
133 134 158
133 158 157
134 135 159
134 159 158
135 136 160
135 160 159
136 137 161
136 161 160
137 138 162
137 162 161
138 139 163
138 163 162
139 140 164
139 164 163
140 141 165
140 165 164
141 142 166
141 166 165
142 143 167
142 167 166
143 120 144
143 144 167
LABEL foot_starboard_mast
MATERIAL 7
TEXTURE 0
GEOM 506 480 ;foot_starboard_mast
0.000 1.775 -1.550 0.0000 0.0000 -1.0000
-0.401 1.775 -1.497 -0.2588 0.0000 -0.9659
-0.775 1.775 -1.342 -0.5000 0.0000 -0.8660
-1.096 1.775 -1.096 -0.7071 0.0000 -0.7071
-1.342 1.775 -0.775 -0.8660 0.0000 -0.5000
-1.497 1.775 -0.401 -0.9659 0.0000 -0.2588
-1.550 1.775 -0.000 -1.0000 0.0000 -0.0000
-1.497 1.775 0.401 -0.9659 0.0000 0.2588
-1.342 1.775 0.775 -0.8660 0.0000 0.5000
-1.096 1.775 1.096 -0.7071 0.0000 0.7071
-0.775 1.775 1.342 -0.5000 0.0000 0.8660
-0.401 1.775 1.497 -0.2588 0.0000 0.9659
0.000 1.775 1.550 -0.0000 0.0000 1.0000
0.401 1.775 1.497 0.2588 -0.0000 0.9659
0.775 1.775 1.342 0.5000 -0.0000 0.8660
1.096 1.775 1.096 0.7071 -0.0000 0.7071
1.342 1.775 0.775 0.8660 -0.0000 0.5000
1.497 1.775 0.401 0.9659 -0.0000 0.2588
1.550 1.775 -0.000 1.0000 -0.0000 0.0000
1.497 1.775 -0.401 0.9659 0.0000 -0.2588
1.342 1.775 -0.775 0.8660 0.0000 -0.5000
1.096 1.775 -1.096 0.7071 0.0000 -0.7071
0.775 1.775 -1.342 0.5000 0.0000 -0.8660
0.401 1.775 -1.497 0.2588 0.0000 -0.9659
0.000 2.475 -1.550 0.0000 0.0000 -1.0000
-0.401 2.475 -1.497 -0.2588 0.0000 -0.9659
-0.775 2.475 -1.342 -0.5000 0.0000 -0.8660
-1.096 2.475 -1.096 -0.7071 0.0000 -0.7071
-1.342 2.475 -0.775 -0.8660 0.0000 -0.5000
-1.497 2.475 -0.401 -0.9659 0.0000 -0.2588
-1.550 2.475 -0.000 -1.0000 0.0000 -0.0000
-1.497 2.475 0.401 -0.9659 0.0000 0.2588
-1.342 2.475 0.775 -0.8660 0.0000 0.5000
-1.096 2.475 1.096 -0.7071 0.0000 0.7071
-0.775 2.475 1.342 -0.5000 0.0000 0.8660
-0.401 2.475 1.497 -0.2588 0.0000 0.9659
0.000 2.475 1.550 -0.0000 0.0000 1.0000
0.401 2.475 1.497 0.2588 -0.0000 0.9659
0.775 2.475 1.342 0.5000 -0.0000 0.8660
1.096 2.475 1.096 0.7071 -0.0000 0.7071
1.342 2.475 0.775 0.8660 -0.0000 0.5000
1.497 2.475 0.401 0.9659 -0.0000 0.2588
1.550 2.475 -0.000 1.0000 -0.0000 0.0000
1.497 2.475 -0.401 0.9659 0.0000 -0.2588
1.342 2.475 -0.775 0.8660 0.0000 -0.5000
1.096 2.475 -1.096 0.7071 0.0000 -0.7071
0.775 2.475 -1.342 0.5000 0.0000 -0.8660
0.401 2.475 -1.497 0.2588 0.0000 -0.9659
0.000 1.775 -0.000 -0.0000 -1.0000 -0.0000
0.000 1.775 -1.550 -0.0000 -1.0000 -0.0000
-0.401 1.775 -1.497 -0.0000 -1.0000 -0.0000
-0.775 1.775 -1.342 -0.0000 -1.0000 -0.0000
-1.096 1.775 -1.096 -0.0000 -1.0000 -0.0000
-1.342 1.775 -0.775 -0.0000 -1.0000 -0.0000
-1.497 1.775 -0.401 -0.0000 -1.0000 -0.0000
-1.550 1.775 -0.000 -0.0000 -1.0000 -0.0000
-1.497 1.775 0.401 -0.0000 -1.0000 -0.0000
-1.342 1.775 0.775 -0.0000 -1.0000 -0.0000
-1.096 1.775 1.096 -0.0000 -1.0000 -0.0000
-0.775 1.775 1.342 -0.0000 -1.0000 -0.0000
-0.401 1.775 1.497 -0.0000 -1.0000 -0.0000
0.000 1.775 1.550 -0.0000 -1.0000 -0.0000
0.401 1.775 1.497 -0.0000 -1.0000 -0.0000
0.775 1.775 1.342 -0.0000 -1.0000 -0.0000
1.096 1.775 1.096 -0.0000 -1.0000 -0.0000
1.342 1.775 0.775 -0.0000 -1.0000 -0.0000
1.497 1.775 0.401 -0.0000 -1.0000 -0.0000
1.550 1.775 -0.000 -0.0000 -1.0000 -0.0000
1.497 1.775 -0.401 -0.0000 -1.0000 -0.0000
1.342 1.775 -0.775 -0.0000 -1.0000 -0.0000
1.096 1.775 -1.096 -0.0000 -1.0000 -0.0000
0.775 1.775 -1.342 -0.0000 -1.0000 -0.0000
0.401 1.775 -1.497 -0.0000 -1.0000 -0.0000
0.000 2.475 -0.000 0.0000 1.0000 0.0000
0.000 2.475 -1.550 0.0000 1.0000 0.0000
-0.401 2.475 -1.497 0.0000 1.0000 0.0000
-0.775 2.475 -1.342 0.0000 1.0000 0.0000
-1.096 2.475 -1.096 0.0000 1.0000 0.0000
-1.342 2.475 -0.775 0.0000 1.0000 0.0000
-1.497 2.475 -0.401 0.0000 1.0000 0.0000
-1.550 2.475 -0.000 0.0000 1.0000 0.0000
-1.497 2.475 0.401 0.0000 1.0000 0.0000
-1.342 2.475 0.775 0.0000 1.0000 0.0000
-1.096 2.475 1.096 0.0000 1.0000 0.0000
-0.775 2.475 1.342 0.0000 1.0000 0.0000
-0.401 2.475 1.497 0.0000 1.0000 0.0000
0.000 2.475 1.550 0.0000 1.0000 0.0000
0.401 2.475 1.497 0.0000 1.0000 0.0000
0.775 2.475 1.342 0.0000 1.0000 0.0000
1.096 2.475 1.096 0.0000 1.0000 0.0000
1.342 2.475 0.775 0.0000 1.0000 0.0000
1.497 2.475 0.401 0.0000 1.0000 0.0000
1.550 2.475 -0.000 0.0000 1.0000 0.0000
1.497 2.475 -0.401 0.0000 1.0000 0.0000
1.342 2.475 -0.775 0.0000 1.0000 0.0000
1.096 2.475 -1.096 0.0000 1.0000 0.0000
0.775 2.475 -1.342 0.0000 1.0000 0.0000
0.401 2.475 -1.497 0.0000 1.0000 0.0000
1.092 2.125 0.169 -0.8660 0.0000 -0.5000
1.148 1.969 0.201 -0.6124 -0.7071 -0.3536
1.283 1.905 0.279 -0.0000 -1.0000 -0.0000
1.417 1.969 0.356 0.6124 -0.7071 0.3536
1.473 2.125 0.389 0.8660 -0.0000 0.5000
1.417 2.281 0.356 0.6124 0.7071 0.3536
1.283 2.345 0.279 0.0000 1.0000 0.0000
1.148 2.281 0.201 -0.6124 0.7071 -0.3536
0.692 2.125 0.861 -0.8660 0.0000 -0.5000
0.748 1.969 0.894 -0.6124 -0.7071 -0.3536
0.883 1.905 0.971 -0.0000 -1.0000 -0.0000
1.017 1.969 1.049 0.6124 -0.7071 0.3536
1.073 2.125 1.081 0.8660 -0.0000 0.5000
1.017 2.281 1.049 0.6124 0.7071 0.3536
0.883 2.345 0.971 0.0000 1.0000 0.0000
0.748 2.281 0.894 -0.6124 0.7071 -0.3536
1.283 2.125 0.279 0.5000 -0.0000 -0.8660
1.092 2.125 0.169 0.5000 -0.0000 -0.8660
1.148 1.969 0.201 0.5000 -0.0000 -0.8660
1.283 1.905 0.279 0.5000 -0.0000 -0.8660
1.417 1.969 0.356 0.5000 -0.0000 -0.8660
1.473 2.125 0.389 0.5000 -0.0000 -0.8660
1.417 2.281 0.356 0.5000 -0.0000 -0.8660
1.283 2.345 0.279 0.5000 -0.0000 -0.8660
1.148 2.281 0.201 0.5000 -0.0000 -0.8660
0.883 2.125 0.971 -0.5000 0.0000 0.8660
0.692 2.125 0.861 -0.5000 0.0000 0.8660
0.748 1.969 0.894 -0.5000 0.0000 0.8660
0.883 1.905 0.971 -0.5000 0.0000 0.8660
1.017 1.969 1.049 -0.5000 0.0000 0.8660
1.073 2.125 1.081 -0.5000 0.0000 0.8660
1.017 2.281 1.049 -0.5000 0.0000 0.8660
0.883 2.345 0.971 -0.5000 0.0000 0.8660
0.748 2.281 0.894 -0.5000 0.0000 0.8660
0.861 2.125 0.692 -0.5000 0.0000 -0.8660
0.894 1.969 0.748 -0.3536 -0.7071 -0.6124
0.971 1.905 0.883 -0.0000 -1.0000 -0.0000
1.049 1.969 1.017 0.3536 -0.7071 0.6124
1.081 2.125 1.073 0.5000 -0.0000 0.8660
1.049 2.281 1.017 0.3536 0.7071 0.6124
0.971 2.345 0.883 0.0000 1.0000 0.0000
0.894 2.281 0.748 -0.3536 0.7071 -0.6124
0.169 2.125 1.092 -0.5000 0.0000 -0.8660
0.201 1.969 1.148 -0.3536 -0.7071 -0.6124
0.279 1.905 1.283 -0.0000 -1.0000 -0.0000
0.356 1.969 1.417 0.3536 -0.7071 0.6124
0.389 2.125 1.473 0.5000 -0.0000 0.8660
0.356 2.281 1.417 0.3536 0.7071 0.6124
0.279 2.345 1.283 0.0000 1.0000 0.0000
0.201 2.281 1.148 -0.3536 0.7071 -0.6124
0.971 2.125 0.883 0.8660 -0.0000 -0.5000
0.861 2.125 0.692 0.8660 -0.0000 -0.5000
0.894 1.969 0.748 0.8660 -0.0000 -0.5000
0.971 1.905 0.883 0.8660 -0.0000 -0.5000
1.049 1.969 1.017 0.8660 -0.0000 -0.5000
1.081 2.125 1.073 0.8660 -0.0000 -0.5000
1.049 2.281 1.017 0.8660 -0.0000 -0.5000
0.971 2.345 0.883 0.8660 -0.0000 -0.5000
0.894 2.281 0.748 0.8660 -0.0000 -0.5000
0.279 2.125 1.283 -0.8660 0.0000 0.5000
0.169 2.125 1.092 -0.8660 0.0000 0.5000
0.201 1.969 1.148 -0.8660 0.0000 0.5000
0.279 1.905 1.283 -0.8660 0.0000 0.5000
0.356 1.969 1.417 -0.8660 0.0000 0.5000
0.389 2.125 1.473 -0.8660 0.0000 0.5000
0.356 2.281 1.417 -0.8660 0.0000 0.5000
0.279 2.345 1.283 -0.8660 0.0000 0.5000
0.201 2.281 1.148 -0.8660 0.0000 0.5000
0.400 2.125 1.030 0.0000 0.0000 -1.0000
0.400 1.969 1.094 0.0000 -0.7071 -0.7071
0.400 1.905 1.250 0.0000 -1.0000 -0.0000
0.400 1.969 1.406 -0.0000 -0.7071 0.7071
0.400 2.125 1.470 -0.0000 -0.0000 1.0000
0.400 2.281 1.406 0.0000 0.7071 0.7071
0.400 2.345 1.250 0.0000 1.0000 0.0000
0.400 2.281 1.094 0.0000 0.7071 -0.7071
-0.400 2.125 1.030 0.0000 0.0000 -1.0000
-0.400 1.969 1.094 0.0000 -0.7071 -0.7071
-0.400 1.905 1.250 0.0000 -1.0000 -0.0000
-0.400 1.969 1.406 -0.0000 -0.7071 0.7071
-0.400 2.125 1.470 -0.0000 -0.0000 1.0000
-0.400 2.281 1.406 0.0000 0.7071 0.7071
-0.400 2.345 1.250 0.0000 1.0000 0.0000
-0.400 2.281 1.094 0.0000 0.7071 -0.7071
0.400 2.125 1.250 1.0000 -0.0000 -0.0000
0.400 2.125 1.030 1.0000 -0.0000 -0.0000
0.400 1.969 1.094 1.0000 -0.0000 -0.0000
0.400 1.905 1.250 1.0000 -0.0000 -0.0000
0.400 1.969 1.406 1.0000 -0.0000 -0.0000
0.400 2.125 1.470 1.0000 -0.0000 -0.0000
0.400 2.281 1.406 1.0000 -0.0000 -0.0000
0.400 2.345 1.250 1.0000 -0.0000 -0.0000
0.400 2.281 1.094 1.0000 -0.0000 -0.0000
-0.400 2.125 1.250 -1.0000 0.0000 0.0000
-0.400 2.125 1.030 -1.0000 0.0000 0.0000
-0.400 1.969 1.094 -1.0000 0.0000 0.0000
-0.400 1.905 1.250 -1.0000 0.0000 0.0000
-0.400 1.969 1.406 -1.0000 0.0000 0.0000
-0.400 2.125 1.470 -1.0000 0.0000 0.0000
-0.400 2.281 1.406 -1.0000 0.0000 0.0000
-0.400 2.345 1.250 -1.0000 0.0000 0.0000
-0.400 2.281 1.094 -1.0000 0.0000 0.0000
-0.169 2.125 1.092 0.5000 0.0000 -0.8660
-0.201 1.969 1.148 0.3536 -0.7071 -0.6124
-0.279 1.905 1.283 0.0000 -1.0000 -0.0000
-0.356 1.969 1.417 -0.3536 -0.7071 0.6124
-0.389 2.125 1.473 -0.5000 -0.0000 0.8660
-0.356 2.281 1.417 -0.3536 0.7071 0.6124
-0.279 2.345 1.283 -0.0000 1.0000 0.0000
-0.201 2.281 1.148 0.3536 0.7071 -0.6124
-0.861 2.125 0.692 0.5000 0.0000 -0.8660
-0.894 1.969 0.748 0.3536 -0.7071 -0.6124
-0.971 1.905 0.883 0.0000 -1.0000 -0.0000
-1.049 1.969 1.017 -0.3536 -0.7071 0.6124
-1.081 2.125 1.073 -0.5000 -0.0000 0.8660
-1.049 2.281 1.017 -0.3536 0.7071 0.6124
-0.971 2.345 0.883 -0.0000 1.0000 0.0000
-0.894 2.281 0.748 0.3536 0.7071 -0.6124
-0.279 2.125 1.283 0.8660 -0.0000 0.5000
-0.169 2.125 1.092 0.8660 -0.0000 0.5000
-0.201 1.969 1.148 0.8660 -0.0000 0.5000
-0.279 1.905 1.283 0.8660 -0.0000 0.5000
-0.356 1.969 1.417 0.8660 -0.0000 0.5000
-0.389 2.125 1.473 0.8660 -0.0000 0.5000
-0.356 2.281 1.417 0.8660 -0.0000 0.5000
-0.279 2.345 1.283 0.8660 -0.0000 0.5000
-0.201 2.281 1.148 0.8660 -0.0000 0.5000
-0.971 2.125 0.883 -0.8660 0.0000 -0.5000
-0.861 2.125 0.692 -0.8660 0.0000 -0.5000
-0.894 1.969 0.748 -0.8660 0.0000 -0.5000
-0.971 1.905 0.883 -0.8660 0.0000 -0.5000
-1.049 1.969 1.017 -0.8660 0.0000 -0.5000
-1.081 2.125 1.073 -0.8660 0.0000 -0.5000
-1.049 2.281 1.017 -0.8660 0.0000 -0.5000
-0.971 2.345 0.883 -0.8660 0.0000 -0.5000
-0.894 2.281 0.748 -0.8660 0.0000 -0.5000
-0.692 2.125 0.861 0.8660 0.0000 -0.5000
-0.748 1.969 0.894 0.6124 -0.7071 -0.3536
-0.883 1.905 0.971 0.0000 -1.0000 -0.0000
-1.017 1.969 1.049 -0.6124 -0.7071 0.3536
-1.073 2.125 1.081 -0.8660 -0.0000 0.5000
-1.017 2.281 1.049 -0.6124 0.7071 0.3536
-0.883 2.345 0.971 -0.0000 1.0000 0.0000
-0.748 2.281 0.894 0.6124 0.7071 -0.3536
-1.092 2.125 0.169 0.8660 0.0000 -0.5000
-1.148 1.969 0.201 0.6124 -0.7071 -0.3536
-1.283 1.905 0.279 0.0000 -1.0000 -0.0000
-1.417 1.969 0.356 -0.6124 -0.7071 0.3536
-1.473 2.125 0.389 -0.8660 -0.0000 0.5000
-1.417 2.281 0.356 -0.6124 0.7071 0.3536
-1.283 2.345 0.279 -0.0000 1.0000 0.0000
-1.148 2.281 0.201 0.6124 0.7071 -0.3536
-0.883 2.125 0.971 0.5000 -0.0000 0.8660
-0.692 2.125 0.861 0.5000 -0.0000 0.8660
-0.748 1.969 0.894 0.5000 -0.0000 0.8660
-0.883 1.905 0.971 0.5000 -0.0000 0.8660
-1.017 1.969 1.049 0.5000 -0.0000 0.8660
-1.073 2.125 1.081 0.5000 -0.0000 0.8660
-1.017 2.281 1.049 0.5000 -0.0000 0.8660
-0.883 2.345 0.971 0.5000 -0.0000 0.8660
-0.748 2.281 0.894 0.5000 -0.0000 0.8660
-1.283 2.125 0.279 -0.5000 0.0000 -0.8660
-1.092 2.125 0.169 -0.5000 0.0000 -0.8660
-1.148 1.969 0.201 -0.5000 0.0000 -0.8660
-1.283 1.905 0.279 -0.5000 0.0000 -0.8660
-1.417 1.969 0.356 -0.5000 0.0000 -0.8660
-1.473 2.125 0.389 -0.5000 0.0000 -0.8660
-1.417 2.281 0.356 -0.5000 0.0000 -0.8660
-1.283 2.345 0.279 -0.5000 0.0000 -0.8660
-1.148 2.281 0.201 -0.5000 0.0000 -0.8660
-1.030 2.125 0.400 1.0000 -0.0000 0.0000
-1.094 1.969 0.400 0.7071 -0.7071 0.0000
-1.250 1.905 0.400 0.0000 -1.0000 0.0000
-1.406 1.969 0.400 -0.7071 -0.7071 -0.0000
-1.470 2.125 0.400 -1.0000 -0.0000 -0.0000
-1.406 2.281 0.400 -0.7071 0.7071 0.0000
-1.250 2.345 0.400 -0.0000 1.0000 0.0000
-1.094 2.281 0.400 0.7071 0.7071 0.0000
-1.030 2.125 -0.400 1.0000 -0.0000 0.0000
-1.094 1.969 -0.400 0.7071 -0.7071 0.0000
-1.250 1.905 -0.400 0.0000 -1.0000 0.0000
-1.406 1.969 -0.400 -0.7071 -0.7071 -0.0000
-1.470 2.125 -0.400 -1.0000 -0.0000 -0.0000
-1.406 2.281 -0.400 -0.7071 0.7071 0.0000
-1.250 2.345 -0.400 -0.0000 1.0000 0.0000
-1.094 2.281 -0.400 0.7071 0.7071 0.0000
-1.250 2.125 0.400 -0.0000 -0.0000 1.0000
-1.030 2.125 0.400 -0.0000 -0.0000 1.0000
-1.094 1.969 0.400 -0.0000 -0.0000 1.0000
-1.250 1.905 0.400 -0.0000 -0.0000 1.0000
-1.406 1.969 0.400 -0.0000 -0.0000 1.0000
-1.470 2.125 0.400 -0.0000 -0.0000 1.0000
-1.406 2.281 0.400 -0.0000 -0.0000 1.0000
-1.250 2.345 0.400 -0.0000 -0.0000 1.0000
-1.094 2.281 0.400 -0.0000 -0.0000 1.0000
-1.250 2.125 -0.400 0.0000 0.0000 -1.0000
-1.030 2.125 -0.400 0.0000 0.0000 -1.0000
-1.094 1.969 -0.400 0.0000 0.0000 -1.0000
-1.250 1.905 -0.400 0.0000 0.0000 -1.0000
-1.406 1.969 -0.400 0.0000 0.0000 -1.0000
-1.470 2.125 -0.400 0.0000 0.0000 -1.0000
-1.406 2.281 -0.400 0.0000 0.0000 -1.0000
-1.250 2.345 -0.400 0.0000 0.0000 -1.0000
-1.094 2.281 -0.400 0.0000 0.0000 -1.0000
-1.092 2.125 -0.169 0.8660 -0.0000 0.5000
-1.148 1.969 -0.201 0.6124 -0.7071 0.3536
-1.283 1.905 -0.279 0.0000 -1.0000 0.0000
-1.417 1.969 -0.356 -0.6124 -0.7071 -0.3536
-1.473 2.125 -0.389 -0.8660 -0.0000 -0.5000
-1.417 2.281 -0.356 -0.6124 0.7071 -0.3536
-1.283 2.345 -0.279 -0.0000 1.0000 -0.0000
-1.148 2.281 -0.201 0.6124 0.7071 0.3536
-0.692 2.125 -0.861 0.8660 -0.0000 0.5000
-0.748 1.969 -0.894 0.6124 -0.7071 0.3536
-0.883 1.905 -0.971 0.0000 -1.0000 0.0000
-1.017 1.969 -1.049 -0.6124 -0.7071 -0.3536
-1.073 2.125 -1.081 -0.8660 -0.0000 -0.5000
-1.017 2.281 -1.049 -0.6124 0.7071 -0.3536
-0.883 2.345 -0.971 -0.0000 1.0000 -0.0000
-0.748 2.281 -0.894 0.6124 0.7071 0.3536
-1.283 2.125 -0.279 -0.5000 -0.0000 0.8660
-1.092 2.125 -0.169 -0.5000 -0.0000 0.8660
-1.148 1.969 -0.201 -0.5000 -0.0000 0.8660
-1.283 1.905 -0.279 -0.5000 -0.0000 0.8660
-1.417 1.969 -0.356 -0.5000 -0.0000 0.8660
-1.473 2.125 -0.389 -0.5000 -0.0000 0.8660
-1.417 2.281 -0.356 -0.5000 -0.0000 0.8660
-1.283 2.345 -0.279 -0.5000 -0.0000 0.8660
-1.148 2.281 -0.201 -0.5000 -0.0000 0.8660
-0.883 2.125 -0.971 0.5000 0.0000 -0.8660
-0.692 2.125 -0.861 0.5000 0.0000 -0.8660
-0.748 1.969 -0.894 0.5000 0.0000 -0.8660
-0.883 1.905 -0.971 0.5000 0.0000 -0.8660
-1.017 1.969 -1.049 0.5000 0.0000 -0.8660
-1.073 2.125 -1.081 0.5000 0.0000 -0.8660
-1.017 2.281 -1.049 0.5000 0.0000 -0.8660
-0.883 2.345 -0.971 0.5000 0.0000 -0.8660
-0.748 2.281 -0.894 0.5000 0.0000 -0.8660
-0.861 2.125 -0.692 0.5000 -0.0000 0.8660
-0.894 1.969 -0.748 0.3536 -0.7071 0.6124
-0.971 1.905 -0.883 0.0000 -1.0000 0.0000
-1.049 1.969 -1.017 -0.3536 -0.7071 -0.6124
-1.081 2.125 -1.073 -0.5000 -0.0000 -0.8660
-1.049 2.281 -1.017 -0.3536 0.7071 -0.6124
-0.971 2.345 -0.883 -0.0000 1.0000 -0.0000
-0.894 2.281 -0.748 0.3536 0.7071 0.6124
-0.169 2.125 -1.092 0.5000 -0.0000 0.8660
-0.201 1.969 -1.148 0.3536 -0.7071 0.6124
-0.279 1.905 -1.283 0.0000 -1.0000 0.0000
-0.356 1.969 -1.417 -0.3536 -0.7071 -0.6124
-0.389 2.125 -1.473 -0.5000 -0.0000 -0.8660
-0.356 2.281 -1.417 -0.3536 0.7071 -0.6124
-0.279 2.345 -1.283 -0.0000 1.0000 -0.0000
-0.201 2.281 -1.148 0.3536 0.7071 0.6124
-0.971 2.125 -0.883 -0.8660 -0.0000 0.5000
-0.861 2.125 -0.692 -0.8660 -0.0000 0.5000
-0.894 1.969 -0.748 -0.8660 -0.0000 0.5000
-0.971 1.905 -0.883 -0.8660 -0.0000 0.5000
-1.049 1.969 -1.017 -0.8660 -0.0000 0.5000
-1.081 2.125 -1.073 -0.8660 -0.0000 0.5000
-1.049 2.281 -1.017 -0.8660 -0.0000 0.5000
-0.971 2.345 -0.883 -0.8660 -0.0000 0.5000
-0.894 2.281 -0.748 -0.8660 -0.0000 0.5000
-0.279 2.125 -1.283 0.8660 0.0000 -0.5000
-0.169 2.125 -1.092 0.8660 0.0000 -0.5000
-0.201 1.969 -1.148 0.8660 0.0000 -0.5000
-0.279 1.905 -1.283 0.8660 0.0000 -0.5000
-0.356 1.969 -1.417 0.8660 0.0000 -0.5000
-0.389 2.125 -1.473 0.8660 0.0000 -0.5000
-0.356 2.281 -1.417 0.8660 0.0000 -0.5000
-0.279 2.345 -1.283 0.8660 0.0000 -0.5000
-0.201 2.281 -1.148 0.8660 0.0000 -0.5000
-0.400 2.125 -1.030 0.0000 0.0000 1.0000
-0.400 1.969 -1.094 0.0000 -0.7071 0.7071
-0.400 1.905 -1.250 0.0000 -1.0000 0.0000
-0.400 1.969 -1.406 0.0000 -0.7071 -0.7071
-0.400 2.125 -1.470 0.0000 -0.0000 -1.0000
-0.400 2.281 -1.406 -0.0000 0.7071 -0.7071
-0.400 2.345 -1.250 -0.0000 1.0000 -0.0000
-0.400 2.281 -1.094 0.0000 0.7071 0.7071
0.400 2.125 -1.030 0.0000 0.0000 1.0000
0.400 1.969 -1.094 0.0000 -0.7071 0.7071
0.400 1.905 -1.250 0.0000 -1.0000 0.0000
0.400 1.969 -1.406 0.0000 -0.7071 -0.7071
0.400 2.125 -1.470 0.0000 -0.0000 -1.0000
0.400 2.281 -1.406 -0.0000 0.7071 -0.7071
0.400 2.345 -1.250 -0.0000 1.0000 -0.0000
0.400 2.281 -1.094 0.0000 0.7071 0.7071
-0.400 2.125 -1.250 -1.0000 -0.0000 -0.0000
-0.400 2.125 -1.030 -1.0000 -0.0000 -0.0000
-0.400 1.969 -1.094 -1.0000 -0.0000 -0.0000
-0.400 1.905 -1.250 -1.0000 -0.0000 -0.0000
-0.400 1.969 -1.406 -1.0000 -0.0000 -0.0000
-0.400 2.125 -1.470 -1.0000 -0.0000 -0.0000
-0.400 2.281 -1.406 -1.0000 -0.0000 -0.0000
-0.400 2.345 -1.250 -1.0000 -0.0000 -0.0000
-0.400 2.281 -1.094 -1.0000 -0.0000 -0.0000
0.400 2.125 -1.250 1.0000 0.0000 0.0000
0.400 2.125 -1.030 1.0000 0.0000 0.0000
0.400 1.969 -1.094 1.0000 0.0000 0.0000
0.400 1.905 -1.250 1.0000 0.0000 0.0000
0.400 1.969 -1.406 1.0000 0.0000 0.0000
0.400 2.125 -1.470 1.0000 0.0000 0.0000
0.400 2.281 -1.406 1.0000 0.0000 0.0000
0.400 2.345 -1.250 1.0000 0.0000 0.0000
0.400 2.281 -1.094 1.0000 0.0000 0.0000
0.169 2.125 -1.092 -0.5000 0.0000 0.8660
0.201 1.969 -1.148 -0.3536 -0.7071 0.6124
0.279 1.905 -1.283 -0.0000 -1.0000 0.0000
0.356 1.969 -1.417 0.3536 -0.7071 -0.6124
0.389 2.125 -1.473 0.5000 -0.0000 -0.8660
0.356 2.281 -1.417 0.3536 0.7071 -0.6124
0.279 2.345 -1.283 0.0000 1.0000 -0.0000
0.201 2.281 -1.148 -0.3536 0.7071 0.6124
0.861 2.125 -0.692 -0.5000 0.0000 0.8660
0.894 1.969 -0.748 -0.3536 -0.7071 0.6124
0.971 1.905 -0.883 -0.0000 -1.0000 0.0000
1.049 1.969 -1.017 0.3536 -0.7071 -0.6124
1.081 2.125 -1.073 0.5000 -0.0000 -0.8660
1.049 2.281 -1.017 0.3536 0.7071 -0.6124
0.971 2.345 -0.883 0.0000 1.0000 -0.0000
0.894 2.281 -0.748 -0.3536 0.7071 0.6124
0.279 2.125 -1.283 -0.8660 -0.0000 -0.5000
0.169 2.125 -1.092 -0.8660 -0.0000 -0.5000
0.201 1.969 -1.148 -0.8660 -0.0000 -0.5000
0.279 1.905 -1.283 -0.8660 -0.0000 -0.5000
0.356 1.969 -1.417 -0.8660 -0.0000 -0.5000
0.389 2.125 -1.473 -0.8660 -0.0000 -0.5000
0.356 2.281 -1.417 -0.8660 -0.0000 -0.5000
0.279 2.345 -1.283 -0.8660 -0.0000 -0.5000
0.201 2.281 -1.148 -0.8660 -0.0000 -0.5000
0.971 2.125 -0.883 0.8660 0.0000 0.5000
0.861 2.125 -0.692 0.8660 0.0000 0.5000
0.894 1.969 -0.748 0.8660 0.0000 0.5000
0.971 1.905 -0.883 0.8660 0.0000 0.5000
1.049 1.969 -1.017 0.8660 0.0000 0.5000
1.081 2.125 -1.073 0.8660 0.0000 0.5000
1.049 2.281 -1.017 0.8660 0.0000 0.5000
0.971 2.345 -0.883 0.8660 0.0000 0.5000
0.894 2.281 -0.748 0.8660 0.0000 0.5000
0.692 2.125 -0.861 -0.8660 0.0000 0.5000
0.748 1.969 -0.894 -0.6124 -0.7071 0.3536
0.883 1.905 -0.971 -0.0000 -1.0000 0.0000
1.017 1.969 -1.049 0.6124 -0.7071 -0.3536
1.073 2.125 -1.081 0.8660 -0.0000 -0.5000
1.017 2.281 -1.049 0.6124 0.7071 -0.3536
0.883 2.345 -0.971 0.0000 1.0000 -0.0000
0.748 2.281 -0.894 -0.6124 0.7071 0.3536
1.092 2.125 -0.169 -0.8660 0.0000 0.5000
1.148 1.969 -0.201 -0.6124 -0.7071 0.3536
1.283 1.905 -0.279 -0.0000 -1.0000 0.0000
1.417 1.969 -0.356 0.6124 -0.7071 -0.3536
1.473 2.125 -0.389 0.8660 -0.0000 -0.5000
1.417 2.281 -0.356 0.6124 0.7071 -0.3536
1.283 2.345 -0.279 0.0000 1.0000 -0.0000
1.148 2.281 -0.201 -0.6124 0.7071 0.3536
0.883 2.125 -0.971 -0.5000 -0.0000 -0.8660
0.692 2.125 -0.861 -0.5000 -0.0000 -0.8660
0.748 1.969 -0.894 -0.5000 -0.0000 -0.8660
0.883 1.905 -0.971 -0.5000 -0.0000 -0.8660
1.017 1.969 -1.049 -0.5000 -0.0000 -0.8660
1.073 2.125 -1.081 -0.5000 -0.0000 -0.8660
1.017 2.281 -1.049 -0.5000 -0.0000 -0.8660
0.883 2.345 -0.971 -0.5000 -0.0000 -0.8660
0.748 2.281 -0.894 -0.5000 -0.0000 -0.8660
1.283 2.125 -0.279 0.5000 0.0000 0.8660
1.092 2.125 -0.169 0.5000 0.0000 0.8660
1.148 1.969 -0.201 0.5000 0.0000 0.8660
1.283 1.905 -0.279 0.5000 0.0000 0.8660
1.417 1.969 -0.356 0.5000 0.0000 0.8660
1.473 2.125 -0.389 0.5000 0.0000 0.8660
1.417 2.281 -0.356 0.5000 0.0000 0.8660
1.283 2.345 -0.279 0.5000 0.0000 0.8660
1.148 2.281 -0.201 0.5000 0.0000 0.8660
1.030 2.125 -0.400 -1.0000 0.0000 0.0000
1.094 1.969 -0.400 -0.7071 -0.7071 0.0000
1.250 1.905 -0.400 -0.0000 -1.0000 0.0000
1.406 1.969 -0.400 0.7071 -0.7071 0.0000
1.470 2.125 -0.400 1.0000 -0.0000 0.0000
1.406 2.281 -0.400 0.7071 0.7071 -0.0000
1.250 2.345 -0.400 0.0000 1.0000 -0.0000
1.094 2.281 -0.400 -0.7071 0.7071 0.0000
1.030 2.125 0.400 -1.0000 0.0000 0.0000
1.094 1.969 0.400 -0.7071 -0.7071 0.0000
1.250 1.905 0.400 -0.0000 -1.0000 0.0000
1.406 1.969 0.400 0.7071 -0.7071 0.0000
1.470 2.125 0.400 1.0000 -0.0000 0.0000
1.406 2.281 0.400 0.7071 0.7071 -0.0000
1.250 2.345 0.400 0.0000 1.0000 -0.0000
1.094 2.281 0.400 -0.7071 0.7071 0.0000
1.250 2.125 -0.400 -0.0000 -0.0000 -1.0000
1.030 2.125 -0.400 -0.0000 -0.0000 -1.0000
1.094 1.969 -0.400 -0.0000 -0.0000 -1.0000
1.250 1.905 -0.400 -0.0000 -0.0000 -1.0000
1.406 1.969 -0.400 -0.0000 -0.0000 -1.0000
1.470 2.125 -0.400 -0.0000 -0.0000 -1.0000
1.406 2.281 -0.400 -0.0000 -0.0000 -1.0000
1.250 2.345 -0.400 -0.0000 -0.0000 -1.0000
1.094 2.281 -0.400 -0.0000 -0.0000 -1.0000
1.250 2.125 0.400 0.0000 0.0000 1.0000
1.030 2.125 0.400 0.0000 0.0000 1.0000
1.094 1.969 0.400 0.0000 0.0000 1.0000
1.250 1.905 0.400 0.0000 0.0000 1.0000
1.406 1.969 0.400 0.0000 0.0000 1.0000
1.470 2.125 0.400 0.0000 0.0000 1.0000
1.406 2.281 0.400 0.0000 0.0000 1.0000
1.250 2.345 0.400 0.0000 0.0000 1.0000
1.094 2.281 0.400 0.0000 0.0000 1.0000
0 1 25
0 25 24
1 2 26
1 26 25
2 3 27
2 27 26
3 4 28
3 28 27
4 5 29
4 29 28
5 6 30
5 30 29
6 7 31
6 31 30
7 8 32
7 32 31
8 9 33
8 33 32
9 10 34
9 34 33
10 11 35
10 35 34
11 12 36
11 36 35
12 13 37
12 37 36
13 14 38
13 38 37
14 15 39
14 39 38
15 16 40
15 40 39
16 17 41
16 41 40
17 18 42
17 42 41
18 19 43
18 43 42
19 20 44
19 44 43
20 21 45
20 45 44
21 22 46
21 46 45
22 23 47
22 47 46
23 0 24
23 24 47
48 50 49
48 51 50
48 52 51
48 53 52
48 54 53
48 55 54
48 56 55
48 57 56
48 58 57
48 59 58
48 60 59
48 61 60
48 62 61
48 63 62
48 64 63
48 65 64
48 66 65
48 67 66
48 68 67
48 69 68
48 70 69
48 71 70
48 72 71
48 49 72
73 74 75
73 75 76
73 76 77
73 77 78
73 78 79
73 79 80
73 80 81
73 81 82
73 82 83
73 83 84
73 84 85
73 85 86
73 86 87
73 87 88
73 88 89
73 89 90
73 90 91
73 91 92
73 92 93
73 93 94
73 94 95
73 95 96
73 96 97
73 97 74
98 99 107
98 107 106
99 100 108
99 108 107
100 101 109
100 109 108
101 102 110
101 110 109
102 103 111
102 111 110
103 104 112
103 112 111
104 105 113
104 113 112
105 98 106
105 106 113
114 116 115
114 117 116
114 118 117
114 119 118
114 120 119
114 121 120
114 122 121
114 115 122
123 124 125
123 125 126
123 126 127
123 127 128
123 128 129
123 129 130
123 130 131
123 131 124
132 133 141
132 141 140
133 134 142
133 142 141
134 135 143
134 143 142
135 136 144
135 144 143
136 137 145
136 145 144
137 138 146
137 146 145
138 139 147
138 147 146
139 132 140
139 140 147
148 150 149
148 151 150
148 152 151
148 153 152
148 154 153
148 155 154
148 156 155
148 149 156
157 158 159
157 159 160
157 160 161
157 161 162
157 162 163
157 163 164
157 164 165
157 165 158
166 167 175
166 175 174
167 168 176
167 176 175
168 169 177
168 177 176
169 170 178
169 178 177
170 171 179
170 179 178
171 172 180
171 180 179
172 173 181
172 181 180
173 166 174
173 174 181
182 184 183
182 185 184
182 186 185
182 187 186
182 188 187
182 189 188
182 190 189
182 183 190
191 192 193
191 193 194
191 194 195
191 195 196
191 196 197
191 197 198
191 198 199
191 199 192
200 201 209
200 209 208
201 202 210
201 210 209
202 203 211
202 211 210
203 204 212
203 212 211
204 205 213
204 213 212
205 206 214
205 214 213
206 207 215
206 215 214
207 200 208
207 208 215
216 218 217
216 219 218
216 220 219
216 221 220
216 222 221
216 223 222
216 224 223
216 217 224
225 226 227
225 227 228
225 228 229
225 229 230
225 230 231
225 231 232
225 232 233
225 233 226
234 235 243
234 243 242
235 236 244
235 244 243
236 237 245
236 245 244
237 238 246
237 246 245
238 239 247
238 247 246
239 240 248
239 248 247
240 241 249
240 249 248
241 234 242
241 242 249
250 252 251
250 253 252
250 254 253
250 255 254
250 256 255
250 257 256
250 258 257
250 251 258
259 260 261
259 261 262
259 262 263
259 263 264
259 264 265
259 265 266
259 266 267
259 267 260
268 269 277
268 277 276
269 270 278
269 278 277
270 271 279
270 279 278
271 272 280
271 280 279
272 273 281
272 281 280
273 274 282
273 282 281
274 275 283
274 283 282
275 268 276
275 276 283
284 286 285
284 287 286
284 288 287
284 289 288
284 290 289
284 291 290
284 292 291
284 285 292
293 294 295
293 295 296
293 296 297
293 297 298
293 298 299
293 299 300
293 300 301
293 301 294
302 303 311
302 311 310
303 304 312
303 312 311
304 305 313
304 313 312
305 306 314
305 314 313
306 307 315
306 315 314
307 308 316
307 316 315
308 309 317
308 317 316
309 302 310
309 310 317
318 320 319
318 321 320
318 322 321
318 323 322
318 324 323
318 325 324
318 326 325
318 319 326
327 328 329
327 329 330
327 330 331
327 331 332
327 332 333
327 333 334
327 334 335
327 335 328
336 337 345
336 345 344
337 338 346
337 346 345
338 339 347
338 347 346
339 340 348
339 348 347
340 341 349
340 349 348
341 342 350
341 350 349
342 343 351
342 351 350
343 336 344
343 344 351
352 354 353
352 355 354
352 356 355
352 357 356
352 358 357
352 359 358
352 360 359
352 353 360
361 362 363
361 363 364
361 364 365
361 365 366
361 366 367
361 367 368
361 368 369
361 369 362
370 371 379
370 379 378
371 372 380
371 380 379
372 373 381
372 381 380
373 374 382
373 382 381
374 375 383
374 383 382
375 376 384
375 384 383
376 377 385
376 385 384
377 370 378
377 378 385
386 388 387
386 389 388
386 390 389
386 391 390
386 392 391
386 393 392
386 394 393
386 387 394
395 396 397
395 397 398
395 398 399
395 399 400
395 400 401
395 401 402
395 402 403
395 403 396
404 405 413
404 413 412
405 406 414
405 414 413
406 407 415
406 415 414
407 408 416
407 416 415
408 409 417
408 417 416
409 410 418
409 418 417
410 411 419
410 419 418
411 404 412
411 412 419
420 422 421
420 423 422
420 424 423
420 425 424
420 426 425
420 427 426
420 428 427
420 421 428
429 430 431
429 431 432
429 432 433
429 433 434
429 434 435
429 435 436
429 436 437
429 437 430
438 439 447
438 447 446
439 440 448
439 448 447
440 441 449
440 449 448
441 442 450
441 450 449
442 443 451
442 451 450
443 444 452
443 452 451
444 445 453
444 453 452
445 438 446
445 446 453
454 456 455
454 457 456
454 458 457
454 459 458
454 460 459
454 461 460
454 462 461
454 455 462
463 464 465
463 465 466
463 466 467
463 467 468
463 468 469
463 469 470
463 470 471
463 471 464
472 473 481
472 481 480
473 474 482
473 482 481
474 475 483
474 483 482
475 476 484
475 484 483
476 477 485
476 485 484
477 478 486
477 486 485
478 479 487
478 487 486
479 472 480
479 480 487
488 490 489
488 491 490
488 492 491
488 493 492
488 494 493
488 495 494
488 496 495
488 489 496
497 498 499
497 499 500
497 500 501
497 501 502
497 502 503
497 503 504
497 504 505
497 505 498
LABEL foot_starboard_petal_0
MATERIAL 7
TEXTURE 0
GEOM 66 52 ;foot_starboard_petal_0
1.057 -1.291 0.206 -0.8636 0.0744 -0.4986
0.707 -1.291 0.812 -0.8636 0.0744 -0.4986
0.739 -0.792 0.831 -0.8636 0.0744 -0.4986
1.089 -0.792 0.225 -0.8636 0.0744 -0.4986
10.410 -2.096 5.606 0.8636 -0.0744 0.4986
10.060 -2.096 6.212 0.8636 -0.0744 0.4986
10.092 -1.597 6.231 0.8636 -0.0744 0.4986
10.442 -1.597 5.625 0.8636 -0.0744 0.4986
1.057 -1.291 0.206 0.5000 -0.0000 -0.8660
10.410 -2.096 5.606 0.5000 -0.0000 -0.8660
10.442 -1.597 5.625 0.5000 -0.0000 -0.8660
1.089 -0.792 0.225 0.5000 -0.0000 -0.8660
0.707 -1.291 0.812 -0.5000 0.0000 0.8660
10.060 -2.096 6.212 -0.5000 0.0000 0.8660
10.092 -1.597 6.231 -0.5000 0.0000 0.8660
0.739 -0.792 0.831 -0.5000 0.0000 0.8660
1.057 -1.291 0.206 -0.0644 -0.9972 -0.0372
10.410 -2.096 5.606 -0.0644 -0.9972 -0.0372
10.060 -2.096 6.212 -0.0644 -0.9972 -0.0372
0.707 -1.291 0.812 -0.0644 -0.9972 -0.0372
1.089 -0.792 0.225 0.0644 0.9972 0.0372
10.442 -1.597 5.625 0.0644 0.9972 0.0372
10.092 -1.597 6.231 0.0644 0.9972 0.0372
0.739 -0.792 0.831 0.0644 0.9972 0.0372
0.658 -1.325 -0.140 -0.8660 0.0000 -0.5000
0.708 -1.501 -0.111 -0.7006 -0.5878 -0.4045
0.838 -1.610 -0.036 -0.2676 -0.9511 -0.1545
0.998 -1.610 0.057 0.2676 -0.9511 0.1545
1.128 -1.501 0.132 0.7006 -0.5878 0.4045
1.178 -1.325 0.160 0.8660 -0.0000 0.5000
1.128 -1.149 0.132 0.7006 0.5878 0.4045
0.998 -1.040 0.057 0.2676 0.9511 0.1545
0.838 -1.040 -0.036 -0.2676 0.9511 -0.1545
0.708 -1.149 -0.111 -0.7006 0.5878 -0.4045
0.208 -1.325 0.640 -0.8660 0.0000 -0.5000
0.258 -1.501 0.668 -0.7006 -0.5878 -0.4045
0.388 -1.610 0.743 -0.2676 -0.9511 -0.1545
0.548 -1.610 0.836 0.2676 -0.9511 0.1545
0.678 -1.501 0.911 0.7006 -0.5878 0.4045
0.728 -1.325 0.940 0.8660 -0.0000 0.5000
0.678 -1.149 0.911 0.7006 0.5878 0.4045
0.548 -1.040 0.836 0.2676 0.9511 0.1545
0.388 -1.040 0.743 -0.2676 0.9511 -0.1545
0.258 -1.149 0.668 -0.7006 0.5878 -0.4045
0.918 -1.325 0.010 0.5000 -0.0000 -0.8660
0.658 -1.325 -0.140 0.5000 -0.0000 -0.8660
0.708 -1.501 -0.111 0.5000 -0.0000 -0.8660
0.838 -1.610 -0.036 0.5000 -0.0000 -0.8660
0.998 -1.610 0.057 0.5000 -0.0000 -0.8660
1.128 -1.501 0.132 0.5000 -0.0000 -0.8660
1.178 -1.325 0.160 0.5000 -0.0000 -0.8660
1.128 -1.149 0.132 0.5000 -0.0000 -0.8660
0.998 -1.040 0.057 0.5000 -0.0000 -0.8660
0.838 -1.040 -0.036 0.5000 -0.0000 -0.8660
0.708 -1.149 -0.111 0.5000 -0.0000 -0.8660
0.468 -1.325 0.790 -0.5000 0.0000 0.8660
0.208 -1.325 0.640 -0.5000 0.0000 0.8660
0.258 -1.501 0.668 -0.5000 0.0000 0.8660
0.388 -1.610 0.743 -0.5000 0.0000 0.8660
0.548 -1.610 0.836 -0.5000 0.0000 0.8660
0.678 -1.501 0.911 -0.5000 0.0000 0.8660
0.728 -1.325 0.940 -0.5000 0.0000 0.8660
0.678 -1.149 0.911 -0.5000 0.0000 0.8660
0.548 -1.040 0.836 -0.5000 0.0000 0.8660
0.388 -1.040 0.743 -0.5000 0.0000 0.8660
0.258 -1.149 0.668 -0.5000 0.0000 0.8660
0 1 2
0 2 3
4 6 5
4 7 6
8 10 9
8 11 10
12 13 14
12 14 15
16 17 18
16 18 19
20 22 21
20 23 22
24 25 35
24 35 34
25 26 36
25 36 35
26 27 37
26 37 36
27 28 38
27 38 37
28 29 39
28 39 38
29 30 40
29 40 39
30 31 41
30 41 40
31 32 42
31 42 41
32 33 43
32 43 42
33 24 34
33 34 43
44 46 45
44 47 46
44 48 47
44 49 48
44 50 49
44 51 50
44 52 51
44 53 52
44 54 53
44 45 54
55 56 57
55 57 58
55 58 59
55 59 60
55 60 61
55 61 62
55 62 63
55 63 64
55 64 65
55 65 56
LABEL foot_starboard_slat_0_0
MATERIAL 7
TEXTURE 0
GEOM 104 76 ;foot_starboard_slat_0_0
1.107 -1.301 0.311 0.0644 0.9972 0.0372
1.089 -1.301 0.370 0.0644 0.9972 0.0372
1.068 -1.301 0.427 0.0644 0.9972 0.0372
1.043 -1.301 0.484 0.0644 0.9972 0.0372
11.746 -2.125 3.299 0.0644 0.9972 0.0372
11.552 -2.125 3.922 0.0644 0.9972 0.0372
11.326 -2.125 4.535 0.0644 0.9972 0.0372
11.067 -2.125 5.134 0.0644 0.9972 0.0372
1.107 -1.301 0.311 -0.0644 -0.9972 -0.0372
1.089 -1.301 0.370 -0.0644 -0.9972 -0.0372
1.068 -1.301 0.427 -0.0644 -0.9972 -0.0372
1.043 -1.301 0.484 -0.0644 -0.9972 -0.0372
11.746 -2.125 3.299 -0.0644 -0.9972 -0.0372
11.552 -2.125 3.922 -0.0644 -0.9972 -0.0372
11.326 -2.125 4.535 -0.0644 -0.9972 -0.0372
11.067 -2.125 5.134 -0.0644 -0.9972 -0.0372
1.107 -1.551 0.311 -0.0644 -0.9972 -0.0372
1.089 -1.551 0.370 -0.0644 -0.9972 -0.0372
1.068 -1.551 0.427 -0.0644 -0.9972 -0.0372
1.043 -1.551 0.484 -0.0644 -0.9972 -0.0372
11.746 -2.375 3.299 -0.0644 -0.9972 -0.0372
11.552 -2.375 3.922 -0.0644 -0.9972 -0.0372
11.326 -2.375 4.535 -0.0644 -0.9972 -0.0372
11.067 -2.375 5.134 -0.0644 -0.9972 -0.0372
1.107 -1.551 0.311 0.0644 0.9972 0.0372
1.089 -1.551 0.370 0.0644 0.9972 0.0372
1.068 -1.551 0.427 0.0644 0.9972 0.0372
1.043 -1.551 0.484 0.0644 0.9972 0.0372
11.746 -2.375 3.299 0.0644 0.9972 0.0372
11.552 -2.375 3.922 0.0644 0.9972 0.0372
11.326 -2.375 4.535 0.0644 0.9972 0.0372
11.067 -2.375 5.134 0.0644 0.9972 0.0372
11.746 -2.375 3.299 0.9380 0.0000 0.3467
11.552 -2.375 3.922 0.9380 0.0000 0.3467
11.326 -2.375 4.535 0.9380 0.0000 0.3467
11.067 -2.375 5.134 0.9380 0.0000 0.3467
11.746 -2.125 3.299 0.9380 0.0000 0.3467
11.552 -2.125 3.922 0.9380 0.0000 0.3467
11.326 -2.125 4.535 0.9380 0.0000 0.3467
11.067 -2.125 5.134 0.9380 0.0000 0.3467
11.746 -2.375 3.299 -0.9380 -0.0000 -0.3467
11.552 -2.375 3.922 -0.9380 -0.0000 -0.3467
11.326 -2.375 4.535 -0.9380 -0.0000 -0.3467
11.067 -2.375 5.134 -0.9380 -0.0000 -0.3467
11.746 -2.125 3.299 -0.9380 -0.0000 -0.3467
11.552 -2.125 3.922 -0.9380 -0.0000 -0.3467
11.326 -2.125 4.535 -0.9380 -0.0000 -0.3467
11.067 -2.125 5.134 -0.9380 -0.0000 -0.3467
1.107 -1.551 0.311 -0.9380 -0.0000 -0.3467
1.089 -1.551 0.370 -0.9380 -0.0000 -0.3467
1.068 -1.551 0.427 -0.9380 -0.0000 -0.3467
1.043 -1.551 0.484 -0.9380 -0.0000 -0.3467
1.107 -1.301 0.311 -0.9380 -0.0000 -0.3467
1.089 -1.301 0.370 -0.9380 -0.0000 -0.3467
1.068 -1.301 0.427 -0.9380 -0.0000 -0.3467
1.043 -1.301 0.484 -0.9380 -0.0000 -0.3467
1.107 -1.551 0.311 0.9380 0.0000 0.3467
1.089 -1.551 0.370 0.9380 0.0000 0.3467
1.068 -1.551 0.427 0.9380 0.0000 0.3467
1.043 -1.551 0.484 0.9380 0.0000 0.3467
1.107 -1.301 0.311 0.9380 0.0000 0.3467
1.089 -1.301 0.370 0.9380 0.0000 0.3467
1.068 -1.301 0.427 0.9380 0.0000 0.3467
1.043 -1.301 0.484 0.9380 0.0000 0.3467
11.746 -2.125 3.299 0.9380 0.0000 0.3467
11.552 -2.125 3.922 0.9380 0.0000 0.3467
11.326 -2.125 4.535 0.9380 0.0000 0.3467
11.067 -2.125 5.134 0.9380 0.0000 0.3467
11.746 -1.425 3.299 0.9380 0.0000 0.3467
11.552 -1.425 3.922 0.9380 0.0000 0.3467
11.326 -1.425 4.535 0.9380 0.0000 0.3467
11.067 -1.425 5.134 0.9380 0.0000 0.3467
11.746 -2.125 3.299 -0.9380 -0.0000 -0.3467
11.552 -2.125 3.922 -0.9380 -0.0000 -0.3467
11.326 -2.125 4.535 -0.9380 -0.0000 -0.3467
11.067 -2.125 5.134 -0.9380 -0.0000 -0.3467
11.746 -1.425 3.299 -0.9380 -0.0000 -0.3467
11.552 -1.425 3.922 -0.9380 -0.0000 -0.3467
11.326 -1.425 4.535 -0.9380 -0.0000 -0.3467
11.067 -1.425 5.134 -0.9380 -0.0000 -0.3467
11.746 -1.425 3.299 0.0000 1.0000 0.0000
11.552 -1.425 3.922 0.0000 1.0000 0.0000
11.326 -1.425 4.535 0.0000 1.0000 0.0000
11.067 -1.425 5.134 0.0000 1.0000 0.0000
11.409 -1.399 3.204 0.0000 1.0000 0.0000
11.221 -1.399 3.810 0.0000 1.0000 0.0000
11.001 -1.399 4.404 0.0000 1.0000 0.0000
10.750 -1.399 4.987 0.0000 1.0000 0.0000
11.746 -1.425 3.299 -0.0000 -1.0000 -0.0000
11.552 -1.425 3.922 -0.0000 -1.0000 -0.0000
11.326 -1.425 4.535 -0.0000 -1.0000 -0.0000
11.067 -1.425 5.134 -0.0000 -1.0000 -0.0000
11.409 -1.399 3.204 -0.0000 -1.0000 -0.0000
11.221 -1.399 3.810 -0.0000 -1.0000 -0.0000
11.001 -1.399 4.404 -0.0000 -1.0000 -0.0000
10.750 -1.399 4.987 -0.0000 -1.0000 -0.0000
1.107 -1.551 0.311 -0.2704 0.0000 0.9628
11.746 -2.375 3.299 -0.2704 0.0000 0.9628
1.107 -1.301 0.311 -0.2704 0.0000 0.9628
11.746 -2.125 3.299 -0.2704 0.0000 0.9628
1.107 -1.551 0.311 0.2704 -0.0000 -0.9628
11.746 -2.375 3.299 0.2704 -0.0000 -0.9628
1.107 -1.301 0.311 0.2704 -0.0000 -0.9628
11.746 -2.125 3.299 0.2704 -0.0000 -0.9628
0 1 5
0 5 4
8 13 9
8 12 13
1 2 6
1 6 5
9 14 10
9 13 14
2 3 7
2 7 6
10 15 11
10 14 15
16 21 17
16 20 21
24 25 29
24 29 28
17 22 18
17 21 22
25 26 30
25 30 29
18 23 19
18 22 23
26 27 31
26 31 30
32 37 33
32 36 37
40 41 45
40 45 44
33 38 34
33 37 38
41 42 46
41 46 45
34 39 35
34 38 39
42 43 47
42 47 46
48 49 53
48 53 52
56 61 57
56 60 61
49 50 54
49 54 53
57 62 58
57 61 62
50 51 55
50 55 54
58 63 59
58 62 63
64 69 65
64 68 69
72 73 77
72 77 76
65 70 66
65 69 70
73 74 78
73 78 77
66 71 67
66 70 71
74 75 79
74 79 78
80 85 81
80 84 85
88 89 93
88 93 92
81 86 82
81 85 86
89 90 94
89 94 93
82 87 83
82 86 87
90 91 95
90 95 94
96 97 99
96 99 98
100 103 101
100 102 103
LABEL foot_starboard_slat_0_1
MATERIAL 7
TEXTURE 0
GEOM 96 72 ;foot_starboard_slat_0_1
1.041 -1.301 0.488 0.0644 0.9972 0.0372
1.012 -1.301 0.546 0.0644 0.9972 0.0372
0.979 -1.301 0.603 0.0644 0.9972 0.0372
0.943 -1.301 0.658 0.0644 0.9972 0.0372
11.047 -2.125 5.178 0.0644 0.9972 0.0372
10.735 -2.125 5.797 0.0644 0.9972 0.0372
10.388 -2.125 6.398 0.0644 0.9972 0.0372
10.008 -2.125 6.978 0.0644 0.9972 0.0372
1.041 -1.301 0.488 -0.0644 -0.9972 -0.0372
1.012 -1.301 0.546 -0.0644 -0.9972 -0.0372
0.979 -1.301 0.603 -0.0644 -0.9972 -0.0372
0.943 -1.301 0.658 -0.0644 -0.9972 -0.0372
11.047 -2.125 5.178 -0.0644 -0.9972 -0.0372
10.735 -2.125 5.797 -0.0644 -0.9972 -0.0372
10.388 -2.125 6.398 -0.0644 -0.9972 -0.0372
10.008 -2.125 6.978 -0.0644 -0.9972 -0.0372
1.041 -1.551 0.488 -0.0644 -0.9972 -0.0372
1.012 -1.551 0.546 -0.0644 -0.9972 -0.0372
0.979 -1.551 0.603 -0.0644 -0.9972 -0.0372
0.943 -1.551 0.658 -0.0644 -0.9972 -0.0372
11.047 -2.375 5.178 -0.0644 -0.9972 -0.0372
10.735 -2.375 5.797 -0.0644 -0.9972 -0.0372
10.388 -2.375 6.398 -0.0644 -0.9972 -0.0372
10.008 -2.375 6.978 -0.0644 -0.9972 -0.0372
1.041 -1.551 0.488 0.0644 0.9972 0.0372
1.012 -1.551 0.546 0.0644 0.9972 0.0372
0.979 -1.551 0.603 0.0644 0.9972 0.0372
0.943 -1.551 0.658 0.0644 0.9972 0.0372
11.047 -2.375 5.178 0.0644 0.9972 0.0372
10.735 -2.375 5.797 0.0644 0.9972 0.0372
10.388 -2.375 6.398 0.0644 0.9972 0.0372
10.008 -2.375 6.978 0.0644 0.9972 0.0372
11.047 -2.375 5.178 0.8660 0.0000 0.5000
10.735 -2.375 5.797 0.8660 0.0000 0.5000
10.388 -2.375 6.398 0.8660 0.0000 0.5000
10.008 -2.375 6.978 0.8660 0.0000 0.5000
11.047 -2.125 5.178 0.8660 0.0000 0.5000
10.735 -2.125 5.797 0.8660 0.0000 0.5000
10.388 -2.125 6.398 0.8660 0.0000 0.5000
10.008 -2.125 6.978 0.8660 0.0000 0.5000
11.047 -2.375 5.178 -0.8660 -0.0000 -0.5000
10.735 -2.375 5.797 -0.8660 -0.0000 -0.5000
10.388 -2.375 6.398 -0.8660 -0.0000 -0.5000
10.008 -2.375 6.978 -0.8660 -0.0000 -0.5000
11.047 -2.125 5.178 -0.8660 -0.0000 -0.5000
10.735 -2.125 5.797 -0.8660 -0.0000 -0.5000
10.388 -2.125 6.398 -0.8660 -0.0000 -0.5000
10.008 -2.125 6.978 -0.8660 -0.0000 -0.5000
1.041 -1.551 0.488 -0.8660 -0.0000 -0.5000
1.012 -1.551 0.546 -0.8660 -0.0000 -0.5000
0.979 -1.551 0.603 -0.8660 -0.0000 -0.5000
0.943 -1.551 0.658 -0.8660 -0.0000 -0.5000
1.041 -1.301 0.488 -0.8660 -0.0000 -0.5000
1.012 -1.301 0.546 -0.8660 -0.0000 -0.5000
0.979 -1.301 0.603 -0.8660 -0.0000 -0.5000
0.943 -1.301 0.658 -0.8660 -0.0000 -0.5000
1.041 -1.551 0.488 0.8660 0.0000 0.5000
1.012 -1.551 0.546 0.8660 0.0000 0.5000
0.979 -1.551 0.603 0.8660 0.0000 0.5000
0.943 -1.551 0.658 0.8660 0.0000 0.5000
1.041 -1.301 0.488 0.8660 0.0000 0.5000
1.012 -1.301 0.546 0.8660 0.0000 0.5000
0.979 -1.301 0.603 0.8660 0.0000 0.5000
0.943 -1.301 0.658 0.8660 0.0000 0.5000
11.047 -2.125 5.178 0.8660 0.0000 0.5000
10.735 -2.125 5.797 0.8660 0.0000 0.5000
10.388 -2.125 6.398 0.8660 0.0000 0.5000
10.008 -2.125 6.978 0.8660 0.0000 0.5000
11.047 -1.425 5.178 0.8660 0.0000 0.5000
10.735 -1.425 5.797 0.8660 0.0000 0.5000
10.388 -1.425 6.398 0.8660 0.0000 0.5000
10.008 -1.425 6.978 0.8660 0.0000 0.5000
11.047 -2.125 5.178 -0.8660 -0.0000 -0.5000
10.735 -2.125 5.797 -0.8660 -0.0000 -0.5000
10.388 -2.125 6.398 -0.8660 -0.0000 -0.5000
10.008 -2.125 6.978 -0.8660 -0.0000 -0.5000
11.047 -1.425 5.178 -0.8660 -0.0000 -0.5000
10.735 -1.425 5.797 -0.8660 -0.0000 -0.5000
10.388 -1.425 6.398 -0.8660 -0.0000 -0.5000
10.008 -1.425 6.978 -0.8660 -0.0000 -0.5000
11.047 -1.425 5.178 0.0000 1.0000 0.0000
10.735 -1.425 5.797 0.0000 1.0000 0.0000
10.388 -1.425 6.398 0.0000 1.0000 0.0000
10.008 -1.425 6.978 0.0000 1.0000 0.0000
10.730 -1.399 5.029 0.0000 1.0000 0.0000
10.427 -1.399 5.631 0.0000 1.0000 0.0000
10.090 -1.399 6.214 0.0000 1.0000 0.0000
9.721 -1.399 6.777 0.0000 1.0000 0.0000
11.047 -1.425 5.178 -0.0000 -1.0000 -0.0000
10.735 -1.425 5.797 -0.0000 -1.0000 -0.0000
10.388 -1.425 6.398 -0.0000 -1.0000 -0.0000
10.008 -1.425 6.978 -0.0000 -1.0000 -0.0000
10.730 -1.399 5.029 -0.0000 -1.0000 -0.0000
10.427 -1.399 5.631 -0.0000 -1.0000 -0.0000
10.090 -1.399 6.214 -0.0000 -1.0000 -0.0000
9.721 -1.399 6.777 -0.0000 -1.0000 -0.0000
0 1 5
0 5 4
8 13 9
8 12 13
1 2 6
1 6 5
9 14 10
9 13 14
2 3 7
2 7 6
10 15 11
10 14 15
16 21 17
16 20 21
24 25 29
24 29 28
17 22 18
17 21 22
25 26 30
25 30 29
18 23 19
18 22 23
26 27 31
26 31 30
32 37 33
32 36 37
40 41 45
40 45 44
33 38 34
33 37 38
41 42 46
41 46 45
34 39 35
34 38 39
42 43 47
42 47 46
48 49 53
48 53 52
56 61 57
56 60 61
49 50 54
49 54 53
57 62 58
57 61 62
50 51 55
50 55 54
58 63 59
58 62 63
64 69 65
64 68 69
72 73 77
72 77 76
65 70 66
65 69 70
73 74 78
73 78 77
66 71 67
66 70 71
74 75 79
74 79 78
80 85 81
80 84 85
88 89 93
88 93 92
81 86 82
81 85 86
89 90 94
89 94 93
82 87 83
82 86 87
90 91 95
90 95 94
LABEL foot_starboard_slat_0_2
MATERIAL 7
TEXTURE 0
GEOM 104 76 ;foot_starboard_slat_0_2
0.941 -1.301 0.661 0.0644 0.9972 0.0372
0.904 -1.301 0.711 0.0644 0.9972 0.0372
0.865 -1.301 0.758 0.0644 0.9972 0.0372
0.823 -1.301 0.803 0.0644 0.9972 0.0372
9.980 -2.125 7.018 0.0644 0.9972 0.0372
9.590 -2.125 7.541 0.0644 0.9972 0.0372
9.173 -2.125 8.043 0.0644 0.9972 0.0372
8.730 -2.125 8.523 0.0644 0.9972 0.0372
0.941 -1.301 0.661 -0.0644 -0.9972 -0.0372
0.904 -1.301 0.711 -0.0644 -0.9972 -0.0372
0.865 -1.301 0.758 -0.0644 -0.9972 -0.0372
0.823 -1.301 0.803 -0.0644 -0.9972 -0.0372
9.980 -2.125 7.018 -0.0644 -0.9972 -0.0372
9.590 -2.125 7.541 -0.0644 -0.9972 -0.0372
9.173 -2.125 8.043 -0.0644 -0.9972 -0.0372
8.730 -2.125 8.523 -0.0644 -0.9972 -0.0372
0.941 -1.551 0.661 -0.0644 -0.9972 -0.0372
0.904 -1.551 0.711 -0.0644 -0.9972 -0.0372
0.865 -1.551 0.758 -0.0644 -0.9972 -0.0372
0.823 -1.551 0.803 -0.0644 -0.9972 -0.0372
9.980 -2.375 7.018 -0.0644 -0.9972 -0.0372
9.590 -2.375 7.541 -0.0644 -0.9972 -0.0372
9.173 -2.375 8.043 -0.0644 -0.9972 -0.0372
8.730 -2.375 8.523 -0.0644 -0.9972 -0.0372
0.941 -1.551 0.661 0.0644 0.9972 0.0372
0.904 -1.551 0.711 0.0644 0.9972 0.0372
0.865 -1.551 0.758 0.0644 0.9972 0.0372
0.823 -1.551 0.803 0.0644 0.9972 0.0372
9.980 -2.375 7.018 0.0644 0.9972 0.0372
9.590 -2.375 7.541 0.0644 0.9972 0.0372
9.173 -2.375 8.043 0.0644 0.9972 0.0372
8.730 -2.375 8.523 0.0644 0.9972 0.0372
9.980 -2.375 7.018 0.7692 0.0000 0.6389
9.590 -2.375 7.541 0.7692 0.0000 0.6389
9.173 -2.375 8.043 0.7692 0.0000 0.6389
8.730 -2.375 8.523 0.7692 0.0000 0.6389
9.980 -2.125 7.018 0.7692 0.0000 0.6389
9.590 -2.125 7.541 0.7692 0.0000 0.6389
9.173 -2.125 8.043 0.7692 0.0000 0.6389
8.730 -2.125 8.523 0.7692 0.0000 0.6389
9.980 -2.375 7.018 -0.7692 -0.0000 -0.6389
9.590 -2.375 7.541 -0.7692 -0.0000 -0.6389
9.173 -2.375 8.043 -0.7692 -0.0000 -0.6389
8.730 -2.375 8.523 -0.7692 -0.0000 -0.6389
9.980 -2.125 7.018 -0.7692 -0.0000 -0.6389
9.590 -2.125 7.541 -0.7692 -0.0000 -0.6389
9.173 -2.125 8.043 -0.7692 -0.0000 -0.6389
8.730 -2.125 8.523 -0.7692 -0.0000 -0.6389
0.941 -1.551 0.661 -0.7692 -0.0000 -0.6389
0.904 -1.551 0.711 -0.7692 -0.0000 -0.6389
0.865 -1.551 0.758 -0.7692 -0.0000 -0.6389
0.823 -1.551 0.803 -0.7692 -0.0000 -0.6389
0.941 -1.301 0.661 -0.7692 -0.0000 -0.6389
0.904 -1.301 0.711 -0.7692 -0.0000 -0.6389
0.865 -1.301 0.758 -0.7692 -0.0000 -0.6389
0.823 -1.301 0.803 -0.7692 -0.0000 -0.6389
0.941 -1.551 0.661 0.7692 0.0000 0.6389
0.904 -1.551 0.711 0.7692 0.0000 0.6389
0.865 -1.551 0.758 0.7692 0.0000 0.6389
0.823 -1.551 0.803 0.7692 0.0000 0.6389
0.941 -1.301 0.661 0.7692 0.0000 0.6389
0.904 -1.301 0.711 0.7692 0.0000 0.6389
0.865 -1.301 0.758 0.7692 0.0000 0.6389
0.823 -1.301 0.803 0.7692 0.0000 0.6389
9.980 -2.125 7.018 0.7692 0.0000 0.6389
9.590 -2.125 7.541 0.7692 0.0000 0.6389
9.173 -2.125 8.043 0.7692 0.0000 0.6389
8.730 -2.125 8.523 0.7692 0.0000 0.6389
9.980 -1.425 7.018 0.7692 0.0000 0.6389
9.590 -1.425 7.541 0.7692 0.0000 0.6389
9.173 -1.425 8.043 0.7692 0.0000 0.6389
8.730 -1.425 8.523 0.7692 0.0000 0.6389
9.980 -2.125 7.018 -0.7692 -0.0000 -0.6389
9.590 -2.125 7.541 -0.7692 -0.0000 -0.6389
9.173 -2.125 8.043 -0.7692 -0.0000 -0.6389
8.730 -2.125 8.523 -0.7692 -0.0000 -0.6389
9.980 -1.425 7.018 -0.7692 -0.0000 -0.6389
9.590 -1.425 7.541 -0.7692 -0.0000 -0.6389
9.173 -1.425 8.043 -0.7692 -0.0000 -0.6389
8.730 -1.425 8.523 -0.7692 -0.0000 -0.6389
9.980 -1.425 7.018 0.0000 1.0000 0.0000
9.590 -1.425 7.541 0.0000 1.0000 0.0000
9.173 -1.425 8.043 0.0000 1.0000 0.0000
8.730 -1.425 8.523 0.0000 1.0000 0.0000
9.693 -1.399 6.816 0.0000 1.0000 0.0000
9.315 -1.399 7.325 0.0000 1.0000 0.0000
8.910 -1.399 7.813 0.0000 1.0000 0.0000
8.479 -1.399 8.278 0.0000 1.0000 0.0000
9.980 -1.425 7.018 -0.0000 -1.0000 -0.0000
9.590 -1.425 7.541 -0.0000 -1.0000 -0.0000
9.173 -1.425 8.043 -0.0000 -1.0000 -0.0000
8.730 -1.425 8.523 -0.0000 -1.0000 -0.0000
9.693 -1.399 6.816 -0.0000 -1.0000 -0.0000
9.315 -1.399 7.325 -0.0000 -1.0000 -0.0000
8.910 -1.399 7.813 -0.0000 -1.0000 -0.0000
8.479 -1.399 8.278 -0.0000 -1.0000 -0.0000
0.823 -1.551 0.803 -0.6986 0.0000 0.7155
8.730 -2.375 8.523 -0.6986 0.0000 0.7155
0.823 -1.301 0.803 -0.6986 0.0000 0.7155
8.730 -2.125 8.523 -0.6986 0.0000 0.7155
0.823 -1.551 0.803 0.6986 -0.0000 -0.7155
8.730 -2.375 8.523 0.6986 -0.0000 -0.7155
0.823 -1.301 0.803 0.6986 -0.0000 -0.7155
8.730 -2.125 8.523 0.6986 -0.0000 -0.7155
0 1 5
0 5 4
8 13 9
8 12 13
1 2 6
1 6 5
9 14 10
9 13 14
2 3 7
2 7 6
10 15 11
10 14 15
16 21 17
16 20 21
24 25 29
24 29 28
17 22 18
17 21 22
25 26 30
25 30 29
18 23 19
18 22 23
26 27 31
26 31 30
32 37 33
32 36 37
40 41 45
40 45 44
33 38 34
33 37 38
41 42 46
41 46 45
34 39 35
34 38 39
42 43 47
42 47 46
48 49 53
48 53 52
56 61 57
56 60 61
49 50 54
49 54 53
57 62 58
57 61 62
50 51 55
50 55 54
58 63 59
58 62 63
64 69 65
64 68 69
72 73 77
72 77 76
65 70 66
65 69 70
73 74 78
73 78 77
66 71 67
66 70 71
74 75 79
74 79 78
80 85 81
80 84 85
88 89 93
88 93 92
81 86 82
81 85 86
89 90 94
89 94 93
82 87 83
82 86 87
90 91 95
90 95 94
96 97 99
96 99 98
100 103 101
100 102 103
LABEL foot_starboard_strut_0
MATERIAL 9
TEXTURE 0
GEOM 50 48 ;foot_starboard_strut_0
0.758 2.125 1.188 -0.5000 0.0000 0.8660
0.668 1.838 1.036 -0.6372 -0.4409 0.6321
0.690 1.629 0.774 -0.6037 -0.7637 0.2288
0.817 1.552 0.472 -0.4085 -0.8818 -0.2358
1.015 1.629 0.211 -0.1037 -0.7637 -0.6372
1.231 1.838 0.061 0.2288 -0.4409 -0.8679
1.408 2.125 0.062 0.5000 -0.0000 -0.8660
1.497 2.412 0.214 0.6372 0.4409 -0.6321
1.475 2.621 0.476 0.6037 0.7637 -0.2288
1.348 2.698 0.778 0.4085 0.8818 0.2358
1.150 2.621 1.039 0.1037 0.7637 0.6372
0.934 2.412 1.189 -0.2288 0.4409 0.8679
4.052 0.090 3.090 -0.5000 0.0000 0.8660
3.963 -0.196 2.938 -0.6372 -0.4409 0.6321
3.984 -0.406 2.676 -0.6037 -0.7637 0.2288
4.111 -0.483 2.374 -0.4085 -0.8818 -0.2358
4.309 -0.406 2.113 -0.1037 -0.7637 -0.6372
4.526 -0.196 1.963 0.2288 -0.4409 -0.8679
4.702 0.090 1.964 0.5000 -0.0000 -0.8660
4.791 0.377 2.116 0.6372 0.4409 -0.6321
4.769 0.587 2.378 0.6037 0.7637 -0.2288
4.642 0.664 2.680 0.4085 0.8818 0.2358
4.444 0.587 2.941 0.1037 0.7637 0.6372
4.228 0.377 3.091 -0.2288 0.4409 0.8679
1.083 2.125 0.625 -0.7637 0.4716 -0.4409
0.758 2.125 1.188 -0.7637 0.4716 -0.4409
0.668 1.838 1.036 -0.7637 0.4716 -0.4409
0.690 1.629 0.774 -0.7637 0.4716 -0.4409
0.817 1.552 0.472 -0.7637 0.4716 -0.4409
1.015 1.629 0.211 -0.7637 0.4716 -0.4409
1.231 1.838 0.061 -0.7637 0.4716 -0.4409
1.408 2.125 0.062 -0.7637 0.4716 -0.4409
1.497 2.412 0.214 -0.7637 0.4716 -0.4409
1.475 2.621 0.476 -0.7637 0.4716 -0.4409
1.348 2.698 0.778 -0.7637 0.4716 -0.4409
1.150 2.621 1.039 -0.7637 0.4716 -0.4409
0.934 2.412 1.189 -0.7637 0.4716 -0.4409
4.377 0.090 2.527 0.7637 -0.4716 0.4409
4.052 0.090 3.090 0.7637 -0.4716 0.4409
3.963 -0.196 2.938 0.7637 -0.4716 0.4409
3.984 -0.406 2.676 0.7637 -0.4716 0.4409
4.111 -0.483 2.374 0.7637 -0.4716 0.4409
4.309 -0.406 2.113 0.7637 -0.4716 0.4409
4.526 -0.196 1.963 0.7637 -0.4716 0.4409
4.702 0.090 1.964 0.7637 -0.4716 0.4409
4.791 0.377 2.116 0.7637 -0.4716 0.4409
4.769 0.587 2.378 0.7637 -0.4716 0.4409
4.642 0.664 2.680 0.7637 -0.4716 0.4409
4.444 0.587 2.941 0.7637 -0.4716 0.4409
4.228 0.377 3.091 0.7637 -0.4716 0.4409
0 1 13
0 13 12
1 2 14
1 14 13
2 3 15
2 15 14
3 4 16
3 16 15
4 5 17
4 17 16
5 6 18
5 18 17
6 7 19
6 19 18
7 8 20
7 20 19
8 9 21
8 21 20
9 10 22
9 22 21
10 11 23
10 23 22
11 0 12
11 12 23
24 26 25
24 27 26
24 28 27
24 29 28
24 30 29
24 31 30
24 32 31
24 33 32
24 34 33
24 35 34
24 36 35
24 25 36
37 38 39
37 39 40
37 40 41
37 41 42
37 42 43
37 43 44
37 44 45
37 45 46
37 46 47
37 47 48
37 48 49
37 49 38
LABEL foot_starboard_rod_0
MATERIAL 7
TEXTURE 0
GEOM 42 40 ;foot_starboard_rod_0
3.769 0.373 2.522 -0.5000 0.0000 0.8660
3.725 0.218 2.431 -0.6446 -0.5183 0.5620
3.756 0.122 2.275 -0.5430 -0.8386 0.0433
3.848 0.122 2.115 -0.2340 -0.8386 -0.4919
3.968 0.218 2.011 0.1644 -0.5183 -0.8392
4.069 0.373 2.003 0.5000 -0.0000 -0.8660
4.112 0.529 2.094 0.6446 0.5183 -0.5620
4.081 0.625 2.249 0.5430 0.8386 -0.0433
3.989 0.625 2.410 0.2340 0.8386 0.4919
3.869 0.529 2.514 -0.1644 0.5183 0.8392
6.922 -1.574 4.343 -0.5000 0.0000 0.8660
6.879 -1.730 4.252 -0.6446 -0.5183 0.5620
6.909 -1.826 4.096 -0.5430 -0.8386 0.0433
7.002 -1.826 3.936 -0.2340 -0.8386 -0.4919
7.121 -1.730 3.831 0.1644 -0.5183 -0.8392
7.222 -1.574 3.823 0.5000 -0.0000 -0.8660
7.265 -1.419 3.914 0.6446 0.5183 -0.5620
7.235 -1.323 4.070 0.5430 0.8386 -0.0433
7.142 -1.323 4.231 0.2340 0.8386 0.4919
7.023 -1.419 4.335 -0.1644 0.5183 0.8392
3.919 0.373 2.262 -0.7637 0.4716 -0.4409
3.769 0.373 2.522 -0.7637 0.4716 -0.4409
3.725 0.218 2.431 -0.7637 0.4716 -0.4409
3.756 0.122 2.275 -0.7637 0.4716 -0.4409
3.848 0.122 2.115 -0.7637 0.4716 -0.4409
3.968 0.218 2.011 -0.7637 0.4716 -0.4409
4.069 0.373 2.003 -0.7637 0.4716 -0.4409
4.112 0.529 2.094 -0.7637 0.4716 -0.4409
4.081 0.625 2.249 -0.7637 0.4716 -0.4409
3.989 0.625 2.410 -0.7637 0.4716 -0.4409
3.869 0.529 2.514 -0.7637 0.4716 -0.4409
7.072 -1.574 4.083 0.7637 -0.4716 0.4409
6.922 -1.574 4.343 0.7637 -0.4716 0.4409
6.879 -1.730 4.252 0.7637 -0.4716 0.4409
6.909 -1.826 4.096 0.7637 -0.4716 0.4409
7.002 -1.826 3.936 0.7637 -0.4716 0.4409
7.121 -1.730 3.831 0.7637 -0.4716 0.4409
7.222 -1.574 3.823 0.7637 -0.4716 0.4409
7.265 -1.419 3.914 0.7637 -0.4716 0.4409
7.235 -1.323 4.070 0.7637 -0.4716 0.4409
7.142 -1.323 4.231 0.7637 -0.4716 0.4409
7.023 -1.419 4.335 0.7637 -0.4716 0.4409
0 1 11
0 11 10
1 2 12
1 12 11
2 3 13
2 13 12
3 4 14
3 14 13
4 5 15
4 15 14
5 6 16
5 16 15
6 7 17
6 17 16
7 8 18
7 18 17
8 9 19
8 19 18
9 0 10
9 10 19
20 22 21
20 23 22
20 24 23
20 25 24
20 26 25
20 27 26
20 28 27
20 29 28
20 30 29
20 21 30
31 32 33
31 33 34
31 34 35
31 35 36
31 36 37
31 37 38
31 38 39
31 39 40
31 40 41
31 41 32
LABEL foot_starboard_skirt_0_0
MATERIAL 7
TEXTURE 0
GEOM 16 12 ;foot_starboard_skirt_0_0
11.746 -3.275 3.299 0.9380 0.0000 0.3467
11.552 -3.275 3.922 0.9380 0.0000 0.3467
11.326 -3.275 4.535 0.9380 0.0000 0.3467
11.067 -3.275 5.134 0.9380 0.0000 0.3467
11.746 -2.375 3.299 0.9380 0.0000 0.3467
11.552 -2.375 3.922 0.9380 0.0000 0.3467
11.326 -2.375 4.535 0.9380 0.0000 0.3467
11.067 -2.375 5.134 0.9380 0.0000 0.3467
11.746 -3.275 3.299 -0.9380 -0.0000 -0.3467
11.552 -3.275 3.922 -0.9380 -0.0000 -0.3467
11.326 -3.275 4.535 -0.9380 -0.0000 -0.3467
11.067 -3.275 5.134 -0.9380 -0.0000 -0.3467
11.746 -2.375 3.299 -0.9380 -0.0000 -0.3467
11.552 -2.375 3.922 -0.9380 -0.0000 -0.3467
11.326 -2.375 4.535 -0.9380 -0.0000 -0.3467
11.067 -2.375 5.134 -0.9380 -0.0000 -0.3467
0 5 1
0 4 5
8 9 13
8 13 12
1 6 2
1 5 6
9 10 14
9 14 13
2 7 3
2 6 7
10 11 15
10 15 14
LABEL foot_starboard_skirt_0_1
MATERIAL 7
TEXTURE 0
GEOM 16 12 ;foot_starboard_skirt_0_1
11.047 -3.275 5.178 0.8660 0.0000 0.5000
10.735 -3.275 5.797 0.8660 0.0000 0.5000
10.388 -3.275 6.398 0.8660 0.0000 0.5000
10.008 -3.275 6.978 0.8660 0.0000 0.5000
11.047 -2.375 5.178 0.8660 0.0000 0.5000
10.735 -2.375 5.797 0.8660 0.0000 0.5000
10.388 -2.375 6.398 0.8660 0.0000 0.5000
10.008 -2.375 6.978 0.8660 0.0000 0.5000
11.047 -3.275 5.178 -0.8660 -0.0000 -0.5000
10.735 -3.275 5.797 -0.8660 -0.0000 -0.5000
10.388 -3.275 6.398 -0.8660 -0.0000 -0.5000
10.008 -3.275 6.978 -0.8660 -0.0000 -0.5000
11.047 -2.375 5.178 -0.8660 -0.0000 -0.5000
10.735 -2.375 5.797 -0.8660 -0.0000 -0.5000
10.388 -2.375 6.398 -0.8660 -0.0000 -0.5000
10.008 -2.375 6.978 -0.8660 -0.0000 -0.5000
0 5 1
0 4 5
8 9 13
8 13 12
1 6 2
1 5 6
9 10 14
9 14 13
2 7 3
2 6 7
10 11 15
10 15 14
LABEL foot_starboard_skirt_0_2
MATERIAL 7
TEXTURE 0
GEOM 16 12 ;foot_starboard_skirt_0_2
9.980 -3.275 7.018 0.7692 0.0000 0.6389
9.590 -3.275 7.541 0.7692 0.0000 0.6389
9.173 -3.275 8.043 0.7692 0.0000 0.6389
8.730 -3.275 8.523 0.7692 0.0000 0.6389
9.980 -2.375 7.018 0.7692 0.0000 0.6389
9.590 -2.375 7.541 0.7692 0.0000 0.6389
9.173 -2.375 8.043 0.7692 0.0000 0.6389
8.730 -2.375 8.523 0.7692 0.0000 0.6389
9.980 -3.275 7.018 -0.7692 -0.0000 -0.6389
9.590 -3.275 7.541 -0.7692 -0.0000 -0.6389
9.173 -3.275 8.043 -0.7692 -0.0000 -0.6389
8.730 -3.275 8.523 -0.7692 -0.0000 -0.6389
9.980 -2.375 7.018 -0.7692 -0.0000 -0.6389
9.590 -2.375 7.541 -0.7692 -0.0000 -0.6389
9.173 -2.375 8.043 -0.7692 -0.0000 -0.6389
8.730 -2.375 8.523 -0.7692 -0.0000 -0.6389
0 5 1
0 4 5
8 9 13
8 13 12
1 6 2
1 5 6
9 10 14
9 14 13
2 7 3
2 6 7
10 11 15
10 15 14
LABEL foot_starboard_petal_1
MATERIAL 7
TEXTURE 0
GEOM 66 52 ;foot_starboard_petal_1
0.812 -1.291 0.707 -0.4986 0.0744 -0.8636
0.206 -1.291 1.057 -0.4986 0.0744 -0.8636
0.225 -0.792 1.089 -0.4986 0.0744 -0.8636
0.831 -0.792 0.739 -0.4986 0.0744 -0.8636
6.212 -2.096 10.060 0.4986 -0.0744 0.8636
5.606 -2.096 10.410 0.4986 -0.0744 0.8636
5.625 -1.597 10.442 0.4986 -0.0744 0.8636
6.231 -1.597 10.092 0.4986 -0.0744 0.8636
0.812 -1.291 0.707 0.8660 -0.0000 -0.5000
6.212 -2.096 10.060 0.8660 -0.0000 -0.5000
6.231 -1.597 10.092 0.8660 -0.0000 -0.5000
0.831 -0.792 0.739 0.8660 -0.0000 -0.5000
0.206 -1.291 1.057 -0.8660 0.0000 0.5000
5.606 -2.096 10.410 -0.8660 0.0000 0.5000
5.625 -1.597 10.442 -0.8660 0.0000 0.5000
0.225 -0.792 1.089 -0.8660 0.0000 0.5000
0.812 -1.291 0.707 -0.0372 -0.9972 -0.0644
6.212 -2.096 10.060 -0.0372 -0.9972 -0.0644
5.606 -2.096 10.410 -0.0372 -0.9972 -0.0644
0.206 -1.291 1.057 -0.0372 -0.9972 -0.0644
0.831 -0.792 0.739 0.0372 0.9972 0.0644
6.231 -1.597 10.092 0.0372 0.9972 0.0644
5.625 -1.597 10.442 0.0372 0.9972 0.0644
0.225 -0.792 1.089 0.0372 0.9972 0.0644
0.640 -1.325 0.208 -0.5000 0.0000 -0.8660
0.668 -1.501 0.258 -0.4045 -0.5878 -0.7006
0.743 -1.610 0.388 -0.1545 -0.9511 -0.2676
0.836 -1.610 0.548 0.1545 -0.9511 0.2676
0.911 -1.501 0.678 0.4045 -0.5878 0.7006
0.940 -1.325 0.728 0.5000 -0.0000 0.8660
0.911 -1.149 0.678 0.4045 0.5878 0.7006
0.836 -1.040 0.548 0.1545 0.9511 0.2676
0.743 -1.040 0.388 -0.1545 0.9511 -0.2676
0.668 -1.149 0.258 -0.4045 0.5878 -0.7006
-0.140 -1.325 0.658 -0.5000 0.0000 -0.8660
-0.111 -1.501 0.708 -0.4045 -0.5878 -0.7006
-0.036 -1.610 0.838 -0.1545 -0.9511 -0.2676
0.057 -1.610 0.998 0.1545 -0.9511 0.2676
0.132 -1.501 1.128 0.4045 -0.5878 0.7006
0.160 -1.325 1.178 0.5000 -0.0000 0.8660
0.132 -1.149 1.128 0.4045 0.5878 0.7006
0.057 -1.040 0.998 0.1545 0.9511 0.2676
-0.036 -1.040 0.838 -0.1545 0.9511 -0.2676
-0.111 -1.149 0.708 -0.4045 0.5878 -0.7006
0.790 -1.325 0.468 0.8660 -0.0000 -0.5000
0.640 -1.325 0.208 0.8660 -0.0000 -0.5000
0.668 -1.501 0.258 0.8660 -0.0000 -0.5000
0.743 -1.610 0.388 0.8660 -0.0000 -0.5000
0.836 -1.610 0.548 0.8660 -0.0000 -0.5000
0.911 -1.501 0.678 0.8660 -0.0000 -0.5000
0.940 -1.325 0.728 0.8660 -0.0000 -0.5000
0.911 -1.149 0.678 0.8660 -0.0000 -0.5000
0.836 -1.040 0.548 0.8660 -0.0000 -0.5000
0.743 -1.040 0.388 0.8660 -0.0000 -0.5000
0.668 -1.149 0.258 0.8660 -0.0000 -0.5000
0.010 -1.325 0.918 -0.8660 0.0000 0.5000
-0.140 -1.325 0.658 -0.8660 0.0000 0.5000
-0.111 -1.501 0.708 -0.8660 0.0000 0.5000
-0.036 -1.610 0.838 -0.8660 0.0000 0.5000
0.057 -1.610 0.998 -0.8660 0.0000 0.5000
0.132 -1.501 1.128 -0.8660 0.0000 0.5000
0.160 -1.325 1.178 -0.8660 0.0000 0.5000
0.132 -1.149 1.128 -0.8660 0.0000 0.5000
0.057 -1.040 0.998 -0.8660 0.0000 0.5000
-0.036 -1.040 0.838 -0.8660 0.0000 0.5000
-0.111 -1.149 0.708 -0.8660 0.0000 0.5000
0 1 2
0 2 3
4 6 5
4 7 6
8 10 9
8 11 10
12 13 14
12 14 15
16 17 18
16 18 19
20 22 21
20 23 22
24 25 35
24 35 34
25 26 36
25 36 35
26 27 37
26 37 36
27 28 38
27 38 37
28 29 39
28 39 38
29 30 40
29 40 39
30 31 41
30 41 40
31 32 42
31 42 41
32 33 43
32 43 42
33 24 34
33 34 43
44 46 45
44 47 46
44 48 47
44 49 48
44 50 49
44 51 50
44 52 51
44 53 52
44 54 53
44 45 54
55 56 57
55 57 58
55 58 59
55 59 60
55 60 61
55 61 62
55 62 63
55 63 64
55 64 65
55 65 56
LABEL foot_starboard_slat_1_0
MATERIAL 7
TEXTURE 0
GEOM 104 76 ;foot_starboard_slat_1_0
0.803 -1.301 0.823 0.0372 0.9972 0.0644
0.758 -1.301 0.865 0.0372 0.9972 0.0644
0.711 -1.301 0.904 0.0372 0.9972 0.0644
0.661 -1.301 0.941 0.0372 0.9972 0.0644
8.523 -2.125 8.730 0.0372 0.9972 0.0644
8.043 -2.125 9.173 0.0372 0.9972 0.0644
7.541 -2.125 9.590 0.0372 0.9972 0.0644
7.018 -2.125 9.980 0.0372 0.9972 0.0644
0.803 -1.301 0.823 -0.0372 -0.9972 -0.0644
0.758 -1.301 0.865 -0.0372 -0.9972 -0.0644
0.711 -1.301 0.904 -0.0372 -0.9972 -0.0644
0.661 -1.301 0.941 -0.0372 -0.9972 -0.0644
8.523 -2.125 8.730 -0.0372 -0.9972 -0.0644
8.043 -2.125 9.173 -0.0372 -0.9972 -0.0644
7.541 -2.125 9.590 -0.0372 -0.9972 -0.0644
7.018 -2.125 9.980 -0.0372 -0.9972 -0.0644
0.803 -1.551 0.823 -0.0372 -0.9972 -0.0644
0.758 -1.551 0.865 -0.0372 -0.9972 -0.0644
0.711 -1.551 0.904 -0.0372 -0.9972 -0.0644
0.661 -1.551 0.941 -0.0372 -0.9972 -0.0644
8.523 -2.375 8.730 -0.0372 -0.9972 -0.0644
8.043 -2.375 9.173 -0.0372 -0.9972 -0.0644
7.541 -2.375 9.590 -0.0372 -0.9972 -0.0644
7.018 -2.375 9.980 -0.0372 -0.9972 -0.0644
0.803 -1.551 0.823 0.0372 0.9972 0.0644
0.758 -1.551 0.865 0.0372 0.9972 0.0644
0.711 -1.551 0.904 0.0372 0.9972 0.0644
0.661 -1.551 0.941 0.0372 0.9972 0.0644
8.523 -2.375 8.730 0.0372 0.9972 0.0644
8.043 -2.375 9.173 0.0372 0.9972 0.0644
7.541 -2.375 9.590 0.0372 0.9972 0.0644
7.018 -2.375 9.980 0.0372 0.9972 0.0644
8.523 -2.375 8.730 0.6389 0.0000 0.7692
8.043 -2.375 9.173 0.6389 0.0000 0.7692
7.541 -2.375 9.590 0.6389 0.0000 0.7692
7.018 -2.375 9.980 0.6389 0.0000 0.7692
8.523 -2.125 8.730 0.6389 0.0000 0.7692
8.043 -2.125 9.173 0.6389 0.0000 0.7692
7.541 -2.125 9.590 0.6389 0.0000 0.7692
7.018 -2.125 9.980 0.6389 0.0000 0.7692
8.523 -2.375 8.730 -0.6389 -0.0000 -0.7692
8.043 -2.375 9.173 -0.6389 -0.0000 -0.7692
7.541 -2.375 9.590 -0.6389 -0.0000 -0.7692
7.018 -2.375 9.980 -0.6389 -0.0000 -0.7692
8.523 -2.125 8.730 -0.6389 -0.0000 -0.7692
8.043 -2.125 9.173 -0.6389 -0.0000 -0.7692
7.541 -2.125 9.590 -0.6389 -0.0000 -0.7692
7.018 -2.125 9.980 -0.6389 -0.0000 -0.7692
0.803 -1.551 0.823 -0.6389 -0.0000 -0.7692
0.758 -1.551 0.865 -0.6389 -0.0000 -0.7692
0.711 -1.551 0.904 -0.6389 -0.0000 -0.7692
0.661 -1.551 0.941 -0.6389 -0.0000 -0.7692
0.803 -1.301 0.823 -0.6389 -0.0000 -0.7692
0.758 -1.301 0.865 -0.6389 -0.0000 -0.7692
0.711 -1.301 0.904 -0.6389 -0.0000 -0.7692
0.661 -1.301 0.941 -0.6389 -0.0000 -0.7692
0.803 -1.551 0.823 0.6389 0.0000 0.7692
0.758 -1.551 0.865 0.6389 0.0000 0.7692
0.711 -1.551 0.904 0.6389 0.0000 0.7692
0.661 -1.551 0.941 0.6389 0.0000 0.7692
0.803 -1.301 0.823 0.6389 0.0000 0.7692
0.758 -1.301 0.865 0.6389 0.0000 0.7692
0.711 -1.301 0.904 0.6389 0.0000 0.7692
0.661 -1.301 0.941 0.6389 0.0000 0.7692
8.523 -2.125 8.730 0.6389 0.0000 0.7692
8.043 -2.125 9.173 0.6389 0.0000 0.7692
7.541 -2.125 9.590 0.6389 0.0000 0.7692
7.018 -2.125 9.980 0.6389 0.0000 0.7692
8.523 -1.425 8.730 0.6389 0.0000 0.7692
8.043 -1.425 9.173 0.6389 0.0000 0.7692
7.541 -1.425 9.590 0.6389 0.0000 0.7692
7.018 -1.425 9.980 0.6389 0.0000 0.7692
8.523 -2.125 8.730 -0.6389 -0.0000 -0.7692
8.043 -2.125 9.173 -0.6389 -0.0000 -0.7692
7.541 -2.125 9.590 -0.6389 -0.0000 -0.7692
7.018 -2.125 9.980 -0.6389 -0.0000 -0.7692
8.523 -1.425 8.730 -0.6389 -0.0000 -0.7692
8.043 -1.425 9.173 -0.6389 -0.0000 -0.7692
7.541 -1.425 9.590 -0.6389 -0.0000 -0.7692
7.018 -1.425 9.980 -0.6389 -0.0000 -0.7692
8.523 -1.425 8.730 0.0000 1.0000 0.0000
8.043 -1.425 9.173 0.0000 1.0000 0.0000
7.541 -1.425 9.590 0.0000 1.0000 0.0000
7.018 -1.425 9.980 0.0000 1.0000 0.0000
8.278 -1.399 8.479 0.0000 1.0000 0.0000
7.813 -1.399 8.910 0.0000 1.0000 0.0000
7.325 -1.399 9.315 0.0000 1.0000 0.0000
6.816 -1.399 9.693 0.0000 1.0000 0.0000
8.523 -1.425 8.730 -0.0000 -1.0000 -0.0000
8.043 -1.425 9.173 -0.0000 -1.0000 -0.0000
7.541 -1.425 9.590 -0.0000 -1.0000 -0.0000
7.018 -1.425 9.980 -0.0000 -1.0000 -0.0000
8.278 -1.399 8.479 -0.0000 -1.0000 -0.0000
7.813 -1.399 8.910 -0.0000 -1.0000 -0.0000
7.325 -1.399 9.315 -0.0000 -1.0000 -0.0000
6.816 -1.399 9.693 -0.0000 -1.0000 -0.0000
0.803 -1.551 0.823 -0.7155 0.0000 0.6986
8.523 -2.375 8.730 -0.7155 0.0000 0.6986
0.803 -1.301 0.823 -0.7155 0.0000 0.6986
8.523 -2.125 8.730 -0.7155 0.0000 0.6986
0.803 -1.551 0.823 0.7155 -0.0000 -0.6986
8.523 -2.375 8.730 0.7155 -0.0000 -0.6986
0.803 -1.301 0.823 0.7155 -0.0000 -0.6986
8.523 -2.125 8.730 0.7155 -0.0000 -0.6986
0 1 5
0 5 4
8 13 9
8 12 13
1 2 6
1 6 5
9 14 10
9 13 14
2 3 7
2 7 6
10 15 11
10 14 15
16 21 17
16 20 21
24 25 29
24 29 28
17 22 18
17 21 22
25 26 30
25 30 29
18 23 19
18 22 23
26 27 31
26 31 30
32 37 33
32 36 37
40 41 45
40 45 44
33 38 34
33 37 38
41 42 46
41 46 45
34 39 35
34 38 39
42 43 47
42 47 46
48 49 53
48 53 52
56 61 57
56 60 61
49 50 54
49 54 53
57 62 58
57 61 62
50 51 55
50 55 54
58 63 59
58 62 63
64 69 65
64 68 69
72 73 77
72 77 76
65 70 66
65 69 70
73 74 78
73 78 77
66 71 67
66 70 71
74 75 79
74 79 78
80 85 81
80 84 85
88 89 93
88 93 92
81 86 82
81 85 86
89 90 94
89 94 93
82 87 83
82 86 87
90 91 95
90 95 94
96 97 99
96 99 98
100 103 101
100 102 103
LABEL foot_starboard_slat_1_1
MATERIAL 7
TEXTURE 0
GEOM 96 72 ;foot_starboard_slat_1_1
0.658 -1.301 0.943 0.0372 0.9972 0.0644
0.603 -1.301 0.979 0.0372 0.9972 0.0644
0.546 -1.301 1.012 0.0372 0.9972 0.0644
0.488 -1.301 1.041 0.0372 0.9972 0.0644
6.978 -2.125 10.008 0.0372 0.9972 0.0644
6.398 -2.125 10.388 0.0372 0.9972 0.0644
5.797 -2.125 10.735 0.0372 0.9972 0.0644
5.178 -2.125 11.047 0.0372 0.9972 0.0644
0.658 -1.301 0.943 -0.0372 -0.9972 -0.0644
0.603 -1.301 0.979 -0.0372 -0.9972 -0.0644
0.546 -1.301 1.012 -0.0372 -0.9972 -0.0644
0.488 -1.301 1.041 -0.0372 -0.9972 -0.0644
6.978 -2.125 10.008 -0.0372 -0.9972 -0.0644
6.398 -2.125 10.388 -0.0372 -0.9972 -0.0644
5.797 -2.125 10.735 -0.0372 -0.9972 -0.0644
5.178 -2.125 11.047 -0.0372 -0.9972 -0.0644
0.658 -1.551 0.943 -0.0372 -0.9972 -0.0644
0.603 -1.551 0.979 -0.0372 -0.9972 -0.0644
0.546 -1.551 1.012 -0.0372 -0.9972 -0.0644
0.488 -1.551 1.041 -0.0372 -0.9972 -0.0644
6.978 -2.375 10.008 -0.0372 -0.9972 -0.0644
6.398 -2.375 10.388 -0.0372 -0.9972 -0.0644
5.797 -2.375 10.735 -0.0372 -0.9972 -0.0644
5.178 -2.375 11.047 -0.0372 -0.9972 -0.0644
0.658 -1.551 0.943 0.0372 0.9972 0.0644
0.603 -1.551 0.979 0.0372 0.9972 0.0644
0.546 -1.551 1.012 0.0372 0.9972 0.0644
0.488 -1.551 1.041 0.0372 0.9972 0.0644
6.978 -2.375 10.008 0.0372 0.9972 0.0644
6.398 -2.375 10.388 0.0372 0.9972 0.0644
5.797 -2.375 10.735 0.0372 0.9972 0.0644
5.178 -2.375 11.047 0.0372 0.9972 0.0644
6.978 -2.375 10.008 0.5000 0.0000 0.8660
6.398 -2.375 10.388 0.5000 0.0000 0.8660
5.797 -2.375 10.735 0.5000 0.0000 0.8660
5.178 -2.375 11.047 0.5000 0.0000 0.8660
6.978 -2.125 10.008 0.5000 0.0000 0.8660
6.398 -2.125 10.388 0.5000 0.0000 0.8660
5.797 -2.125 10.735 0.5000 0.0000 0.8660
5.178 -2.125 11.047 0.5000 0.0000 0.8660
6.978 -2.375 10.008 -0.5000 -0.0000 -0.8660
6.398 -2.375 10.388 -0.5000 -0.0000 -0.8660
5.797 -2.375 10.735 -0.5000 -0.0000 -0.8660
5.178 -2.375 11.047 -0.5000 -0.0000 -0.8660
6.978 -2.125 10.008 -0.5000 -0.0000 -0.8660
6.398 -2.125 10.388 -0.5000 -0.0000 -0.8660
5.797 -2.125 10.735 -0.5000 -0.0000 -0.8660
5.178 -2.125 11.047 -0.5000 -0.0000 -0.8660
0.658 -1.551 0.943 -0.5000 -0.0000 -0.8660
0.603 -1.551 0.979 -0.5000 -0.0000 -0.8660
0.546 -1.551 1.012 -0.5000 -0.0000 -0.8660
0.488 -1.551 1.041 -0.5000 -0.0000 -0.8660
0.658 -1.301 0.943 -0.5000 -0.0000 -0.8660
0.603 -1.301 0.979 -0.5000 -0.0000 -0.8660
0.546 -1.301 1.012 -0.5000 -0.0000 -0.8660
0.488 -1.301 1.041 -0.5000 -0.0000 -0.8660
0.658 -1.551 0.943 0.5000 0.0000 0.8660
0.603 -1.551 0.979 0.5000 0.0000 0.8660
0.546 -1.551 1.012 0.5000 0.0000 0.8660
0.488 -1.551 1.041 0.5000 0.0000 0.8660
0.658 -1.301 0.943 0.5000 0.0000 0.8660
0.603 -1.301 0.979 0.5000 0.0000 0.8660
0.546 -1.301 1.012 0.5000 0.0000 0.8660
0.488 -1.301 1.041 0.5000 0.0000 0.8660
6.978 -2.125 10.008 0.5000 0.0000 0.8660
6.398 -2.125 10.388 0.5000 0.0000 0.8660
5.797 -2.125 10.735 0.5000 0.0000 0.8660
5.178 -2.125 11.047 0.5000 0.0000 0.8660
6.978 -1.425 10.008 0.5000 0.0000 0.8660
6.398 -1.425 10.388 0.5000 0.0000 0.8660
5.797 -1.425 10.735 0.5000 0.0000 0.8660
5.178 -1.425 11.047 0.5000 0.0000 0.8660
6.978 -2.125 10.008 -0.5000 -0.0000 -0.8660
6.398 -2.125 10.388 -0.5000 -0.0000 -0.8660
5.797 -2.125 10.735 -0.5000 -0.0000 -0.8660
5.178 -2.125 11.047 -0.5000 -0.0000 -0.8660
6.978 -1.425 10.008 -0.5000 -0.0000 -0.8660
6.398 -1.425 10.388 -0.5000 -0.0000 -0.8660
5.797 -1.425 10.735 -0.5000 -0.0000 -0.8660
5.178 -1.425 11.047 -0.5000 -0.0000 -0.8660
6.978 -1.425 10.008 0.0000 1.0000 0.0000
6.398 -1.425 10.388 0.0000 1.0000 0.0000
5.797 -1.425 10.735 0.0000 1.0000 0.0000
5.178 -1.425 11.047 0.0000 1.0000 0.0000
6.777 -1.399 9.721 0.0000 1.0000 0.0000
6.214 -1.399 10.090 0.0000 1.0000 0.0000
5.631 -1.399 10.427 0.0000 1.0000 0.0000
5.029 -1.399 10.730 0.0000 1.0000 0.0000
6.978 -1.425 10.008 -0.0000 -1.0000 -0.0000
6.398 -1.425 10.388 -0.0000 -1.0000 -0.0000
5.797 -1.425 10.735 -0.0000 -1.0000 -0.0000
5.178 -1.425 11.047 -0.0000 -1.0000 -0.0000
6.777 -1.399 9.721 -0.0000 -1.0000 -0.0000
6.214 -1.399 10.090 -0.0000 -1.0000 -0.0000
5.631 -1.399 10.427 -0.0000 -1.0000 -0.0000
5.029 -1.399 10.730 -0.0000 -1.0000 -0.0000
0 1 5
0 5 4
8 13 9
8 12 13
1 2 6
1 6 5
9 14 10
9 13 14
2 3 7
2 7 6
10 15 11
10 14 15
16 21 17
16 20 21
24 25 29
24 29 28
17 22 18
17 21 22
25 26 30
25 30 29
18 23 19
18 22 23
26 27 31
26 31 30
32 37 33
32 36 37
40 41 45
40 45 44
33 38 34
33 37 38
41 42 46
41 46 45
34 39 35
34 38 39
42 43 47
42 47 46
48 49 53
48 53 52
56 61 57
56 60 61
49 50 54
49 54 53
57 62 58
57 61 62
50 51 55
50 55 54
58 63 59
58 62 63
64 69 65
64 68 69
72 73 77
72 77 76
65 70 66
65 69 70
73 74 78
73 78 77
66 71 67
66 70 71
74 75 79
74 79 78
80 85 81
80 84 85
88 89 93
88 93 92
81 86 82
81 85 86
89 90 94
89 94 93
82 87 83
82 86 87
90 91 95
90 95 94
LABEL foot_starboard_slat_1_2
MATERIAL 7
TEXTURE 0
GEOM 104 76 ;foot_starboard_slat_1_2
0.484 -1.301 1.043 0.0372 0.9972 0.0644
0.427 -1.301 1.068 0.0372 0.9972 0.0644
0.370 -1.301 1.089 0.0372 0.9972 0.0644
0.311 -1.301 1.107 0.0372 0.9972 0.0644
5.134 -2.125 11.067 0.0372 0.9972 0.0644
4.535 -2.125 11.326 0.0372 0.9972 0.0644
3.922 -2.125 11.552 0.0372 0.9972 0.0644
3.299 -2.125 11.746 0.0372 0.9972 0.0644
0.484 -1.301 1.043 -0.0372 -0.9972 -0.0644
0.427 -1.301 1.068 -0.0372 -0.9972 -0.0644
0.370 -1.301 1.089 -0.0372 -0.9972 -0.0644
0.311 -1.301 1.107 -0.0372 -0.9972 -0.0644
5.134 -2.125 11.067 -0.0372 -0.9972 -0.0644
4.535 -2.125 11.326 -0.0372 -0.9972 -0.0644
3.922 -2.125 11.552 -0.0372 -0.9972 -0.0644
3.299 -2.125 11.746 -0.0372 -0.9972 -0.0644
0.484 -1.551 1.043 -0.0372 -0.9972 -0.0644
0.427 -1.551 1.068 -0.0372 -0.9972 -0.0644
0.370 -1.551 1.089 -0.0372 -0.9972 -0.0644
0.311 -1.551 1.107 -0.0372 -0.9972 -0.0644
5.134 -2.375 11.067 -0.0372 -0.9972 -0.0644
4.535 -2.375 11.326 -0.0372 -0.9972 -0.0644
3.922 -2.375 11.552 -0.0372 -0.9972 -0.0644
3.299 -2.375 11.746 -0.0372 -0.9972 -0.0644
0.484 -1.551 1.043 0.0372 0.9972 0.0644
0.427 -1.551 1.068 0.0372 0.9972 0.0644
0.370 -1.551 1.089 0.0372 0.9972 0.0644
0.311 -1.551 1.107 0.0372 0.9972 0.0644
5.134 -2.375 11.067 0.0372 0.9972 0.0644
4.535 -2.375 11.326 0.0372 0.9972 0.0644
3.922 -2.375 11.552 0.0372 0.9972 0.0644
3.299 -2.375 11.746 0.0372 0.9972 0.0644
5.134 -2.375 11.067 0.3467 0.0000 0.9380
4.535 -2.375 11.326 0.3467 0.0000 0.9380
3.922 -2.375 11.552 0.3467 0.0000 0.9380
3.299 -2.375 11.746 0.3467 0.0000 0.9380
5.134 -2.125 11.067 0.3467 0.0000 0.9380
4.535 -2.125 11.326 0.3467 0.0000 0.9380
3.922 -2.125 11.552 0.3467 0.0000 0.9380
3.299 -2.125 11.746 0.3467 0.0000 0.9380
5.134 -2.375 11.067 -0.3467 -0.0000 -0.9380
4.535 -2.375 11.326 -0.3467 -0.0000 -0.9380
3.922 -2.375 11.552 -0.3467 -0.0000 -0.9380
3.299 -2.375 11.746 -0.3467 -0.0000 -0.9380
5.134 -2.125 11.067 -0.3467 -0.0000 -0.9380
4.535 -2.125 11.326 -0.3467 -0.0000 -0.9380
3.922 -2.125 11.552 -0.3467 -0.0000 -0.9380
3.299 -2.125 11.746 -0.3467 -0.0000 -0.9380
0.484 -1.551 1.043 -0.3467 -0.0000 -0.9380
0.427 -1.551 1.068 -0.3467 -0.0000 -0.9380
0.370 -1.551 1.089 -0.3467 -0.0000 -0.9380
0.311 -1.551 1.107 -0.3467 -0.0000 -0.9380
0.484 -1.301 1.043 -0.3467 -0.0000 -0.9380
0.427 -1.301 1.068 -0.3467 -0.0000 -0.9380
0.370 -1.301 1.089 -0.3467 -0.0000 -0.9380
0.311 -1.301 1.107 -0.3467 -0.0000 -0.9380
0.484 -1.551 1.043 0.3467 0.0000 0.9380
0.427 -1.551 1.068 0.3467 0.0000 0.9380
0.370 -1.551 1.089 0.3467 0.0000 0.9380
0.311 -1.551 1.107 0.3467 0.0000 0.9380
0.484 -1.301 1.043 0.3467 0.0000 0.9380
0.427 -1.301 1.068 0.3467 0.0000 0.9380
0.370 -1.301 1.089 0.3467 0.0000 0.9380
0.311 -1.301 1.107 0.3467 0.0000 0.9380
5.134 -2.125 11.067 0.3467 0.0000 0.9380
4.535 -2.125 11.326 0.3467 0.0000 0.9380
3.922 -2.125 11.552 0.3467 0.0000 0.9380
3.299 -2.125 11.746 0.3467 0.0000 0.9380
5.134 -1.425 11.067 0.3467 0.0000 0.9380
4.535 -1.425 11.326 0.3467 0.0000 0.9380
3.922 -1.425 11.552 0.3467 0.0000 0.9380
3.299 -1.425 11.746 0.3467 0.0000 0.9380
5.134 -2.125 11.067 -0.3467 -0.0000 -0.9380
4.535 -2.125 11.326 -0.3467 -0.0000 -0.9380
3.922 -2.125 11.552 -0.3467 -0.0000 -0.9380
3.299 -2.125 11.746 -0.3467 -0.0000 -0.9380
5.134 -1.425 11.067 -0.3467 -0.0000 -0.9380
4.535 -1.425 11.326 -0.3467 -0.0000 -0.9380
3.922 -1.425 11.552 -0.3467 -0.0000 -0.9380
3.299 -1.425 11.746 -0.3467 -0.0000 -0.9380
5.134 -1.425 11.067 0.0000 1.0000 0.0000
4.535 -1.425 11.326 0.0000 1.0000 0.0000
3.922 -1.425 11.552 0.0000 1.0000 0.0000
3.299 -1.425 11.746 0.0000 1.0000 0.0000
4.987 -1.399 10.750 0.0000 1.0000 0.0000
4.404 -1.399 11.001 0.0000 1.0000 0.0000
3.810 -1.399 11.221 0.0000 1.0000 0.0000
3.204 -1.399 11.409 0.0000 1.0000 0.0000
5.134 -1.425 11.067 -0.0000 -1.0000 -0.0000
4.535 -1.425 11.326 -0.0000 -1.0000 -0.0000
3.922 -1.425 11.552 -0.0000 -1.0000 -0.0000
3.299 -1.425 11.746 -0.0000 -1.0000 -0.0000
4.987 -1.399 10.750 -0.0000 -1.0000 -0.0000
4.404 -1.399 11.001 -0.0000 -1.0000 -0.0000
3.810 -1.399 11.221 -0.0000 -1.0000 -0.0000
3.204 -1.399 11.409 -0.0000 -1.0000 -0.0000
0.311 -1.551 1.107 -0.9628 0.0000 0.2704
3.299 -2.375 11.746 -0.9628 0.0000 0.2704
0.311 -1.301 1.107 -0.9628 0.0000 0.2704
3.299 -2.125 11.746 -0.9628 0.0000 0.2704
0.311 -1.551 1.107 0.9628 -0.0000 -0.2704
3.299 -2.375 11.746 0.9628 -0.0000 -0.2704
0.311 -1.301 1.107 0.9628 -0.0000 -0.2704
3.299 -2.125 11.746 0.9628 -0.0000 -0.2704
0 1 5
0 5 4
8 13 9
8 12 13
1 2 6
1 6 5
9 14 10
9 13 14
2 3 7
2 7 6
10 15 11
10 14 15
16 21 17
16 20 21
24 25 29
24 29 28
17 22 18
17 21 22
25 26 30
25 30 29
18 23 19
18 22 23
26 27 31
26 31 30
32 37 33
32 36 37
40 41 45
40 45 44
33 38 34
33 37 38
41 42 46
41 46 45
34 39 35
34 38 39
42 43 47
42 47 46
48 49 53
48 53 52
56 61 57
56 60 61
49 50 54
49 54 53
57 62 58
57 61 62
50 51 55
50 55 54
58 63 59
58 62 63
64 69 65
64 68 69
72 73 77
72 77 76
65 70 66
65 69 70
73 74 78
73 78 77
66 71 67
66 70 71
74 75 79
74 79 78
80 85 81
80 84 85
88 89 93
88 93 92
81 86 82
81 85 86
89 90 94
89 94 93
82 87 83
82 86 87
90 91 95
90 95 94
96 97 99
96 99 98
100 103 101
100 102 103
LABEL foot_starboard_strut_1
MATERIAL 9
TEXTURE 0
GEOM 50 48 ;foot_starboard_strut_1
0.062 2.125 1.408 -0.8660 0.0000 0.5000
0.061 1.838 1.231 -0.8679 -0.4409 0.2288
0.211 1.629 1.015 -0.6372 -0.7637 -0.1037
0.472 1.552 0.817 -0.2358 -0.8818 -0.4085
0.774 1.629 0.690 0.2288 -0.7637 -0.6037
1.036 1.838 0.668 0.6321 -0.4409 -0.6372
1.188 2.125 0.758 0.8660 -0.0000 -0.5000
1.189 2.412 0.934 0.8679 0.4409 -0.2288
1.039 2.621 1.150 0.6372 0.7637 0.1037
0.778 2.698 1.348 0.2358 0.8818 0.4085
0.476 2.621 1.475 -0.2288 0.7637 0.6037
0.214 2.412 1.497 -0.6321 0.4409 0.6372
1.964 0.090 4.702 -0.8660 0.0000 0.5000
1.963 -0.196 4.526 -0.8679 -0.4409 0.2288
2.113 -0.406 4.309 -0.6372 -0.7637 -0.1037
2.374 -0.483 4.111 -0.2358 -0.8818 -0.4085
2.676 -0.406 3.984 0.2288 -0.7637 -0.6037
2.938 -0.196 3.963 0.6321 -0.4409 -0.6372
3.090 0.090 4.052 0.8660 -0.0000 -0.5000
3.091 0.377 4.228 0.8679 0.4409 -0.2288
2.941 0.587 4.444 0.6372 0.7637 0.1037
2.680 0.664 4.642 0.2358 0.8818 0.4085
2.378 0.587 4.769 -0.2288 0.7637 0.6037
2.116 0.377 4.791 -0.6321 0.4409 0.6372
0.625 2.125 1.083 -0.4409 0.4716 -0.7637
0.062 2.125 1.408 -0.4409 0.4716 -0.7637
0.061 1.838 1.231 -0.4409 0.4716 -0.7637
0.211 1.629 1.015 -0.4409 0.4716 -0.7637
0.472 1.552 0.817 -0.4409 0.4716 -0.7637
0.774 1.629 0.690 -0.4409 0.4716 -0.7637
1.036 1.838 0.668 -0.4409 0.4716 -0.7637
1.188 2.125 0.758 -0.4409 0.4716 -0.7637
1.189 2.412 0.934 -0.4409 0.4716 -0.7637
1.039 2.621 1.150 -0.4409 0.4716 -0.7637
0.778 2.698 1.348 -0.4409 0.4716 -0.7637
0.476 2.621 1.475 -0.4409 0.4716 -0.7637
0.214 2.412 1.497 -0.4409 0.4716 -0.7637
2.527 0.090 4.377 0.4409 -0.4716 0.7637
1.964 0.090 4.702 0.4409 -0.4716 0.7637
1.963 -0.196 4.526 0.4409 -0.4716 0.7637
2.113 -0.406 4.309 0.4409 -0.4716 0.7637
2.374 -0.483 4.111 0.4409 -0.4716 0.7637
2.676 -0.406 3.984 0.4409 -0.4716 0.7637
2.938 -0.196 3.963 0.4409 -0.4716 0.7637
3.090 0.090 4.052 0.4409 -0.4716 0.7637
3.091 0.377 4.228 0.4409 -0.4716 0.7637
2.941 0.587 4.444 0.4409 -0.4716 0.7637
2.680 0.664 4.642 0.4409 -0.4716 0.7637
2.378 0.587 4.769 0.4409 -0.4716 0.7637
2.116 0.377 4.791 0.4409 -0.4716 0.7637
0 1 13
0 13 12
1 2 14
1 14 13
2 3 15
2 15 14
3 4 16
3 16 15
4 5 17
4 17 16
5 6 18
5 18 17
6 7 19
6 19 18
7 8 20
7 20 19
8 9 21
8 21 20
9 10 22
9 22 21
10 11 23
10 23 22
11 0 12
11 12 23
24 26 25
24 27 26
24 28 27
24 29 28
24 30 29
24 31 30
24 32 31
24 33 32
24 34 33
24 35 34
24 36 35
24 25 36
37 38 39
37 39 40
37 40 41
37 41 42
37 42 43
37 43 44
37 44 45
37 45 46
37 46 47
37 47 48
37 48 49
37 49 38
LABEL foot_starboard_rod_1
MATERIAL 7
TEXTURE 0
GEOM 42 40 ;foot_starboard_rod_1
2.003 0.373 4.069 -0.8660 0.0000 0.5000
2.011 0.218 3.968 -0.8392 -0.5183 0.1644
2.115 0.122 3.848 -0.4919 -0.8386 -0.2340
2.275 0.122 3.756 0.0433 -0.8386 -0.5430
2.431 0.218 3.725 0.5620 -0.5183 -0.6446
2.522 0.373 3.769 0.8660 -0.0000 -0.5000
2.514 0.529 3.869 0.8392 0.5183 -0.1644
2.410 0.625 3.989 0.4919 0.8386 0.2340
2.249 0.625 4.081 -0.0433 0.8386 0.5430
2.094 0.529 4.112 -0.5620 0.5183 0.6446
3.823 -1.574 7.222 -0.8660 0.0000 0.5000
3.831 -1.730 7.121 -0.8392 -0.5183 0.1644
3.936 -1.826 7.002 -0.4919 -0.8386 -0.2340
4.096 -1.826 6.909 0.0433 -0.8386 -0.5430
4.252 -1.730 6.879 0.5620 -0.5183 -0.6446
4.343 -1.574 6.922 0.8660 -0.0000 -0.5000
4.335 -1.419 7.023 0.8392 0.5183 -0.1644
4.231 -1.323 7.142 0.4919 0.8386 0.2340
4.070 -1.323 7.235 -0.0433 0.8386 0.5430
3.914 -1.419 7.265 -0.5620 0.5183 0.6446
2.262 0.373 3.919 -0.4409 0.4716 -0.7637
2.003 0.373 4.069 -0.4409 0.4716 -0.7637
2.011 0.218 3.968 -0.4409 0.4716 -0.7637
2.115 0.122 3.848 -0.4409 0.4716 -0.7637
2.275 0.122 3.756 -0.4409 0.4716 -0.7637
2.431 0.218 3.725 -0.4409 0.4716 -0.7637
2.522 0.373 3.769 -0.4409 0.4716 -0.7637
2.514 0.529 3.869 -0.4409 0.4716 -0.7637
2.410 0.625 3.989 -0.4409 0.4716 -0.7637
2.249 0.625 4.081 -0.4409 0.4716 -0.7637
2.094 0.529 4.112 -0.4409 0.4716 -0.7637
4.083 -1.574 7.072 0.4409 -0.4716 0.7637
3.823 -1.574 7.222 0.4409 -0.4716 0.7637
3.831 -1.730 7.121 0.4409 -0.4716 0.7637
3.936 -1.826 7.002 0.4409 -0.4716 0.7637
4.096 -1.826 6.909 0.4409 -0.4716 0.7637
4.252 -1.730 6.879 0.4409 -0.4716 0.7637
4.343 -1.574 6.922 0.4409 -0.4716 0.7637
4.335 -1.419 7.023 0.4409 -0.4716 0.7637
4.231 -1.323 7.142 0.4409 -0.4716 0.7637
4.070 -1.323 7.235 0.4409 -0.4716 0.7637
3.914 -1.419 7.265 0.4409 -0.4716 0.7637
0 1 11
0 11 10
1 2 12
1 12 11
2 3 13
2 13 12
3 4 14
3 14 13
4 5 15
4 15 14
5 6 16
5 16 15
6 7 17
6 17 16
7 8 18
7 18 17
8 9 19
8 19 18
9 0 10
9 10 19
20 22 21
20 23 22
20 24 23
20 25 24
20 26 25
20 27 26
20 28 27
20 29 28
20 30 29
20 21 30
31 32 33
31 33 34
31 34 35
31 35 36
31 36 37
31 37 38
31 38 39
31 39 40
31 40 41
31 41 32
LABEL foot_starboard_skirt_1_0
MATERIAL 7
TEXTURE 0
GEOM 16 12 ;foot_starboard_skirt_1_0
8.523 -3.275 8.730 0.6389 0.0000 0.7692
8.043 -3.275 9.173 0.6389 0.0000 0.7692
7.541 -3.275 9.590 0.6389 0.0000 0.7692
7.018 -3.275 9.980 0.6389 0.0000 0.7692
8.523 -2.375 8.730 0.6389 0.0000 0.7692
8.043 -2.375 9.173 0.6389 0.0000 0.7692
7.541 -2.375 9.590 0.6389 0.0000 0.7692
7.018 -2.375 9.980 0.6389 0.0000 0.7692
8.523 -3.275 8.730 -0.6389 -0.0000 -0.7692
8.043 -3.275 9.173 -0.6389 -0.0000 -0.7692
7.541 -3.275 9.590 -0.6389 -0.0000 -0.7692
7.018 -3.275 9.980 -0.6389 -0.0000 -0.7692
8.523 -2.375 8.730 -0.6389 -0.0000 -0.7692
8.043 -2.375 9.173 -0.6389 -0.0000 -0.7692
7.541 -2.375 9.590 -0.6389 -0.0000 -0.7692
7.018 -2.375 9.980 -0.6389 -0.0000 -0.7692
0 5 1
0 4 5
8 9 13
8 13 12
1 6 2
1 5 6
9 10 14
9 14 13
2 7 3
2 6 7
10 11 15
10 15 14
LABEL foot_starboard_skirt_1_1
MATERIAL 7
TEXTURE 0
GEOM 16 12 ;foot_starboard_skirt_1_1
6.978 -3.275 10.008 0.5000 0.0000 0.8660
6.398 -3.275 10.388 0.5000 0.0000 0.8660
5.797 -3.275 10.735 0.5000 0.0000 0.8660
5.178 -3.275 11.047 0.5000 0.0000 0.8660
6.978 -2.375 10.008 0.5000 0.0000 0.8660
6.398 -2.375 10.388 0.5000 0.0000 0.8660
5.797 -2.375 10.735 0.5000 0.0000 0.8660
5.178 -2.375 11.047 0.5000 0.0000 0.8660
6.978 -3.275 10.008 -0.5000 -0.0000 -0.8660
6.398 -3.275 10.388 -0.5000 -0.0000 -0.8660
5.797 -3.275 10.735 -0.5000 -0.0000 -0.8660
5.178 -3.275 11.047 -0.5000 -0.0000 -0.8660
6.978 -2.375 10.008 -0.5000 -0.0000 -0.8660
6.398 -2.375 10.388 -0.5000 -0.0000 -0.8660
5.797 -2.375 10.735 -0.5000 -0.0000 -0.8660
5.178 -2.375 11.047 -0.5000 -0.0000 -0.8660
0 5 1
0 4 5
8 9 13
8 13 12
1 6 2
1 5 6
9 10 14
9 14 13
2 7 3
2 6 7
10 11 15
10 15 14
LABEL foot_starboard_skirt_1_2
MATERIAL 7
TEXTURE 0
GEOM 16 12 ;foot_starboard_skirt_1_2
5.134 -3.275 11.067 0.3467 0.0000 0.9380
4.535 -3.275 11.326 0.3467 0.0000 0.9380
3.922 -3.275 11.552 0.3467 0.0000 0.9380
3.299 -3.275 11.746 0.3467 0.0000 0.9380
5.134 -2.375 11.067 0.3467 0.0000 0.9380
4.535 -2.375 11.326 0.3467 0.0000 0.9380
3.922 -2.375 11.552 0.3467 0.0000 0.9380
3.299 -2.375 11.746 0.3467 0.0000 0.9380
5.134 -3.275 11.067 -0.3467 -0.0000 -0.9380
4.535 -3.275 11.326 -0.3467 -0.0000 -0.9380
3.922 -3.275 11.552 -0.3467 -0.0000 -0.9380
3.299 -3.275 11.746 -0.3467 -0.0000 -0.9380
5.134 -2.375 11.067 -0.3467 -0.0000 -0.9380
4.535 -2.375 11.326 -0.3467 -0.0000 -0.9380
3.922 -2.375 11.552 -0.3467 -0.0000 -0.9380
3.299 -2.375 11.746 -0.3467 -0.0000 -0.9380
0 5 1
0 4 5
8 9 13
8 13 12
1 6 2
1 5 6
9 10 14
9 14 13
2 7 3
2 6 7
10 11 15
10 15 14
LABEL foot_starboard_petal_2
MATERIAL 7
TEXTURE 0
GEOM 66 52 ;foot_starboard_petal_2
0.350 -1.291 1.019 -0.0000 0.0744 -0.9972
-0.350 -1.291 1.019 -0.0000 0.0744 -0.9972
-0.350 -0.792 1.056 -0.0000 0.0744 -0.9972
0.350 -0.792 1.056 -0.0000 0.0744 -0.9972
0.350 -2.096 11.819 0.0000 -0.0744 0.9972
-0.350 -2.096 11.819 0.0000 -0.0744 0.9972
-0.350 -1.597 11.856 0.0000 -0.0744 0.9972
0.350 -1.597 11.856 0.0000 -0.0744 0.9972
0.350 -1.291 1.019 1.0000 -0.0000 -0.0000
0.350 -2.096 11.819 1.0000 -0.0000 -0.0000
0.350 -1.597 11.856 1.0000 -0.0000 -0.0000
0.350 -0.792 1.056 1.0000 -0.0000 -0.0000
-0.350 -1.291 1.019 -1.0000 0.0000 0.0000
-0.350 -2.096 11.819 -1.0000 0.0000 0.0000
-0.350 -1.597 11.856 -1.0000 0.0000 0.0000
-0.350 -0.792 1.056 -1.0000 0.0000 0.0000
0.350 -1.291 1.019 -0.0000 -0.9972 -0.0744
0.350 -2.096 11.819 -0.0000 -0.9972 -0.0744
-0.350 -2.096 11.819 -0.0000 -0.9972 -0.0744
-0.350 -1.291 1.019 -0.0000 -0.9972 -0.0744
0.350 -0.792 1.056 0.0000 0.9972 0.0744
0.350 -1.597 11.856 0.0000 0.9972 0.0744
-0.350 -1.597 11.856 0.0000 0.9972 0.0744
-0.350 -0.792 1.056 0.0000 0.9972 0.0744
0.450 -1.325 0.500 0.0000 0.0000 -1.0000
0.450 -1.501 0.557 0.0000 -0.5878 -0.8090
0.450 -1.610 0.707 0.0000 -0.9511 -0.3090
0.450 -1.610 0.893 -0.0000 -0.9511 0.3090
0.450 -1.501 1.043 -0.0000 -0.5878 0.8090
0.450 -1.325 1.100 -0.0000 -0.0000 1.0000
0.450 -1.149 1.043 0.0000 0.5878 0.8090
0.450 -1.040 0.893 0.0000 0.9511 0.3090
0.450 -1.040 0.707 0.0000 0.9511 -0.3090
0.450 -1.149 0.557 0.0000 0.5878 -0.8090
-0.450 -1.325 0.500 0.0000 0.0000 -1.0000
-0.450 -1.501 0.557 0.0000 -0.5878 -0.8090
-0.450 -1.610 0.707 0.0000 -0.9511 -0.3090
-0.450 -1.610 0.893 -0.0000 -0.9511 0.3090
-0.450 -1.501 1.043 -0.0000 -0.5878 0.8090
-0.450 -1.325 1.100 -0.0000 -0.0000 1.0000
-0.450 -1.149 1.043 0.0000 0.5878 0.8090
-0.450 -1.040 0.893 0.0000 0.9511 0.3090
-0.450 -1.040 0.707 0.0000 0.9511 -0.3090
-0.450 -1.149 0.557 0.0000 0.5878 -0.8090
0.450 -1.325 0.800 1.0000 -0.0000 -0.0000
0.450 -1.325 0.500 1.0000 -0.0000 -0.0000
0.450 -1.501 0.557 1.0000 -0.0000 -0.0000
0.450 -1.610 0.707 1.0000 -0.0000 -0.0000
0.450 -1.610 0.893 1.0000 -0.0000 -0.0000
0.450 -1.501 1.043 1.0000 -0.0000 -0.0000
0.450 -1.325 1.100 1.0000 -0.0000 -0.0000
0.450 -1.149 1.043 1.0000 -0.0000 -0.0000
0.450 -1.040 0.893 1.0000 -0.0000 -0.0000
0.450 -1.040 0.707 1.0000 -0.0000 -0.0000
0.450 -1.149 0.557 1.0000 -0.0000 -0.0000
-0.450 -1.325 0.800 -1.0000 0.0000 0.0000
-0.450 -1.325 0.500 -1.0000 0.0000 0.0000
-0.450 -1.501 0.557 -1.0000 0.0000 0.0000
-0.450 -1.610 0.707 -1.0000 0.0000 0.0000
-0.450 -1.610 0.893 -1.0000 0.0000 0.0000
-0.450 -1.501 1.043 -1.0000 0.0000 0.0000
-0.450 -1.325 1.100 -1.0000 0.0000 0.0000
-0.450 -1.149 1.043 -1.0000 0.0000 0.0000
-0.450 -1.040 0.893 -1.0000 0.0000 0.0000
-0.450 -1.040 0.707 -1.0000 0.0000 0.0000
-0.450 -1.149 0.557 -1.0000 0.0000 0.0000
0 1 2
0 2 3
4 6 5
4 7 6
8 10 9
8 11 10
12 13 14
12 14 15
16 17 18
16 18 19
20 22 21
20 23 22
24 25 35
24 35 34
25 26 36
25 36 35
26 27 37
26 37 36
27 28 38
27 38 37
28 29 39
28 39 38
29 30 40
29 40 39
30 31 41
30 41 40
31 32 42
31 42 41
32 33 43
32 43 42
33 24 34
33 34 43
44 46 45
44 47 46
44 48 47
44 49 48
44 50 49
44 51 50
44 52 51
44 53 52
44 54 53
44 45 54
55 56 57
55 57 58
55 58 59
55 59 60
55 60 61
55 61 62
55 62 63
55 63 64
55 64 65
55 65 56
LABEL foot_starboard_slat_2_0
MATERIAL 7
TEXTURE 0
GEOM 104 76 ;foot_starboard_slat_2_0
0.284 -1.301 1.114 0.0000 0.9972 0.0744
0.224 -1.301 1.128 0.0000 0.9972 0.0744
0.164 -1.301 1.138 0.0000 0.9972 0.0744
0.103 -1.301 1.145 0.0000 0.9972 0.0744
3.016 -2.125 11.821 0.0000 0.9972 0.0744
2.379 -2.125 11.966 0.0000 0.9972 0.0744
1.736 -2.125 12.076 0.0000 0.9972 0.0744
1.088 -2.125 12.151 0.0000 0.9972 0.0744
0.284 -1.301 1.114 -0.0000 -0.9972 -0.0744
0.224 -1.301 1.128 -0.0000 -0.9972 -0.0744
0.164 -1.301 1.138 -0.0000 -0.9972 -0.0744
0.103 -1.301 1.145 -0.0000 -0.9972 -0.0744
3.016 -2.125 11.821 -0.0000 -0.9972 -0.0744
2.379 -2.125 11.966 -0.0000 -0.9972 -0.0744
1.736 -2.125 12.076 -0.0000 -0.9972 -0.0744
1.088 -2.125 12.151 -0.0000 -0.9972 -0.0744
0.284 -1.551 1.114 -0.0000 -0.9972 -0.0744
0.224 -1.551 1.128 -0.0000 -0.9972 -0.0744
0.164 -1.551 1.138 -0.0000 -0.9972 -0.0744
0.103 -1.551 1.145 -0.0000 -0.9972 -0.0744
3.016 -2.375 11.821 -0.0000 -0.9972 -0.0744
2.379 -2.375 11.966 -0.0000 -0.9972 -0.0744
1.736 -2.375 12.076 -0.0000 -0.9972 -0.0744
1.088 -2.375 12.151 -0.0000 -0.9972 -0.0744
0.284 -1.551 1.114 0.0000 0.9972 0.0744
0.224 -1.551 1.128 0.0000 0.9972 0.0744
0.164 -1.551 1.138 0.0000 0.9972 0.0744
0.103 -1.551 1.145 0.0000 0.9972 0.0744
3.016 -2.375 11.821 0.0000 0.9972 0.0744
2.379 -2.375 11.966 0.0000 0.9972 0.0744
1.736 -2.375 12.076 0.0000 0.9972 0.0744
1.088 -2.375 12.151 0.0000 0.9972 0.0744
3.016 -2.375 11.821 0.1687 0.0000 0.9857
2.379 -2.375 11.966 0.1687 0.0000 0.9857
1.736 -2.375 12.076 0.1687 0.0000 0.9857
1.088 -2.375 12.151 0.1687 0.0000 0.9857
3.016 -2.125 11.821 0.1687 0.0000 0.9857
2.379 -2.125 11.966 0.1687 0.0000 0.9857
1.736 -2.125 12.076 0.1687 0.0000 0.9857
1.088 -2.125 12.151 0.1687 0.0000 0.9857
3.016 -2.375 11.821 -0.1687 -0.0000 -0.9857
2.379 -2.375 11.966 -0.1687 -0.0000 -0.9857
1.736 -2.375 12.076 -0.1687 -0.0000 -0.9857
1.088 -2.375 12.151 -0.1687 -0.0000 -0.9857
3.016 -2.125 11.821 -0.1687 -0.0000 -0.9857
2.379 -2.125 11.966 -0.1687 -0.0000 -0.9857
1.736 -2.125 12.076 -0.1687 -0.0000 -0.9857
1.088 -2.125 12.151 -0.1687 -0.0000 -0.9857
0.284 -1.551 1.114 -0.1687 -0.0000 -0.9857
0.224 -1.551 1.128 -0.1687 -0.0000 -0.9857
0.164 -1.551 1.138 -0.1687 -0.0000 -0.9857
0.103 -1.551 1.145 -0.1687 -0.0000 -0.9857
0.284 -1.301 1.114 -0.1687 -0.0000 -0.9857
0.224 -1.301 1.128 -0.1687 -0.0000 -0.9857
0.164 -1.301 1.138 -0.1687 -0.0000 -0.9857
0.103 -1.301 1.145 -0.1687 -0.0000 -0.9857
0.284 -1.551 1.114 0.1687 0.0000 0.9857
0.224 -1.551 1.128 0.1687 0.0000 0.9857
0.164 -1.551 1.138 0.1687 0.0000 0.9857
0.103 -1.551 1.145 0.1687 0.0000 0.9857
0.284 -1.301 1.114 0.1687 0.0000 0.9857
0.224 -1.301 1.128 0.1687 0.0000 0.9857
0.164 -1.301 1.138 0.1687 0.0000 0.9857
0.103 -1.301 1.145 0.1687 0.0000 0.9857
3.016 -2.125 11.821 0.1687 0.0000 0.9857
2.379 -2.125 11.966 0.1687 0.0000 0.9857
1.736 -2.125 12.076 0.1687 0.0000 0.9857
1.088 -2.125 12.151 0.1687 0.0000 0.9857
3.016 -1.425 11.821 0.1687 0.0000 0.9857
2.379 -1.425 11.966 0.1687 0.0000 0.9857
1.736 -1.425 12.076 0.1687 0.0000 0.9857
1.088 -1.425 12.151 0.1687 0.0000 0.9857
3.016 -2.125 11.821 -0.1687 -0.0000 -0.9857
2.379 -2.125 11.966 -0.1687 -0.0000 -0.9857
1.736 -2.125 12.076 -0.1687 -0.0000 -0.9857
1.088 -2.125 12.151 -0.1687 -0.0000 -0.9857
3.016 -1.425 11.821 -0.1687 -0.0000 -0.9857
2.379 -1.425 11.966 -0.1687 -0.0000 -0.9857
1.736 -1.425 12.076 -0.1687 -0.0000 -0.9857
1.088 -1.425 12.151 -0.1687 -0.0000 -0.9857
3.016 -1.425 11.821 0.0000 1.0000 0.0000
2.379 -1.425 11.966 0.0000 1.0000 0.0000
1.736 -1.425 12.076 0.0000 1.0000 0.0000
1.088 -1.425 12.151 0.0000 1.0000 0.0000
2.929 -1.399 11.482 0.0000 1.0000 0.0000
2.311 -1.399 11.622 0.0000 1.0000 0.0000
1.686 -1.399 11.729 0.0000 1.0000 0.0000
1.056 -1.399 11.803 0.0000 1.0000 0.0000
3.016 -1.425 11.821 -0.0000 -1.0000 -0.0000
2.379 -1.425 11.966 -0.0000 -1.0000 -0.0000
1.736 -1.425 12.076 -0.0000 -1.0000 -0.0000
1.088 -1.425 12.151 -0.0000 -1.0000 -0.0000
2.929 -1.399 11.482 -0.0000 -1.0000 -0.0000
2.311 -1.399 11.622 -0.0000 -1.0000 -0.0000
1.686 -1.399 11.729 -0.0000 -1.0000 -0.0000
1.056 -1.399 11.803 -0.0000 -1.0000 -0.0000
0.284 -1.551 1.114 -0.9690 0.0000 0.2472
3.016 -2.375 11.821 -0.9690 0.0000 0.2472
0.284 -1.301 1.114 -0.9690 0.0000 0.2472
3.016 -2.125 11.821 -0.9690 0.0000 0.2472
0.284 -1.551 1.114 0.9690 -0.0000 -0.2472
3.016 -2.375 11.821 0.9690 -0.0000 -0.2472
0.284 -1.301 1.114 0.9690 -0.0000 -0.2472
3.016 -2.125 11.821 0.9690 -0.0000 -0.2472
0 1 5
0 5 4
8 13 9
8 12 13
1 2 6
1 6 5
9 14 10
9 13 14
2 3 7
2 7 6
10 15 11
10 14 15
16 21 17
16 20 21
24 25 29
24 29 28
17 22 18
17 21 22
25 26 30
25 30 29
18 23 19
18 22 23
26 27 31
26 31 30
32 37 33
32 36 37
40 41 45
40 45 44
33 38 34
33 37 38
41 42 46
41 46 45
34 39 35
34 38 39
42 43 47
42 47 46
48 49 53
48 53 52
56 61 57
56 60 61
49 50 54
49 54 53
57 62 58
57 61 62
50 51 55
50 55 54
58 63 59
58 62 63
64 69 65
64 68 69
72 73 77
72 77 76
65 70 66
65 69 70
73 74 78
73 78 77
66 71 67
66 70 71
74 75 79
74 79 78
80 85 81
80 84 85
88 89 93
88 93 92
81 86 82
81 85 86
89 90 94
89 94 93
82 87 83
82 86 87
90 91 95
90 95 94
96 97 99
96 99 98
100 103 101
100 102 103
LABEL foot_starboard_slat_2_1
MATERIAL 7
TEXTURE 0
GEOM 96 72 ;foot_starboard_slat_2_1
0.098 -1.301 1.146 0.0000 0.9972 0.0744
0.033 -1.301 1.150 0.0000 0.9972 0.0744
-0.033 -1.301 1.150 0.0000 0.9972 0.0744
-0.098 -1.301 1.146 0.0000 0.9972 0.0744
1.039 -2.125 12.156 0.0000 0.9972 0.0744
0.347 -2.125 12.195 0.0000 0.9972 0.0744
-0.347 -2.125 12.195 0.0000 0.9972 0.0744
-1.039 -2.125 12.156 0.0000 0.9972 0.0744
0.098 -1.301 1.146 -0.0000 -0.9972 -0.0744
0.033 -1.301 1.150 -0.0000 -0.9972 -0.0744
-0.033 -1.301 1.150 -0.0000 -0.9972 -0.0744
-0.098 -1.301 1.146 -0.0000 -0.9972 -0.0744
1.039 -2.125 12.156 -0.0000 -0.9972 -0.0744
0.347 -2.125 12.195 -0.0000 -0.9972 -0.0744
-0.347 -2.125 12.195 -0.0000 -0.9972 -0.0744
-1.039 -2.125 12.156 -0.0000 -0.9972 -0.0744
0.098 -1.551 1.146 -0.0000 -0.9972 -0.0744
0.033 -1.551 1.150 -0.0000 -0.9972 -0.0744
-0.033 -1.551 1.150 -0.0000 -0.9972 -0.0744
-0.098 -1.551 1.146 -0.0000 -0.9972 -0.0744
1.039 -2.375 12.156 -0.0000 -0.9972 -0.0744
0.347 -2.375 12.195 -0.0000 -0.9972 -0.0744
-0.347 -2.375 12.195 -0.0000 -0.9972 -0.0744
-1.039 -2.375 12.156 -0.0000 -0.9972 -0.0744
0.098 -1.551 1.146 0.0000 0.9972 0.0744
0.033 -1.551 1.150 0.0000 0.9972 0.0744
-0.033 -1.551 1.150 0.0000 0.9972 0.0744
-0.098 -1.551 1.146 0.0000 0.9972 0.0744
1.039 -2.375 12.156 0.0000 0.9972 0.0744
0.347 -2.375 12.195 0.0000 0.9972 0.0744
-0.347 -2.375 12.195 0.0000 0.9972 0.0744
-1.039 -2.375 12.156 0.0000 0.9972 0.0744
1.039 -2.375 12.156 0.0000 0.0000 1.0000
0.347 -2.375 12.195 0.0000 0.0000 1.0000
-0.347 -2.375 12.195 0.0000 0.0000 1.0000
-1.039 -2.375 12.156 0.0000 0.0000 1.0000
1.039 -2.125 12.156 0.0000 0.0000 1.0000
0.347 -2.125 12.195 0.0000 0.0000 1.0000
-0.347 -2.125 12.195 0.0000 0.0000 1.0000
-1.039 -2.125 12.156 0.0000 0.0000 1.0000
1.039 -2.375 12.156 -0.0000 -0.0000 -1.0000
0.347 -2.375 12.195 -0.0000 -0.0000 -1.0000
-0.347 -2.375 12.195 -0.0000 -0.0000 -1.0000
-1.039 -2.375 12.156 -0.0000 -0.0000 -1.0000
1.039 -2.125 12.156 -0.0000 -0.0000 -1.0000
0.347 -2.125 12.195 -0.0000 -0.0000 -1.0000
-0.347 -2.125 12.195 -0.0000 -0.0000 -1.0000
-1.039 -2.125 12.156 -0.0000 -0.0000 -1.0000
0.098 -1.551 1.146 -0.0000 -0.0000 -1.0000
0.033 -1.551 1.150 -0.0000 -0.0000 -1.0000
-0.033 -1.551 1.150 -0.0000 -0.0000 -1.0000
-0.098 -1.551 1.146 -0.0000 -0.0000 -1.0000
0.098 -1.301 1.146 -0.0000 -0.0000 -1.0000
0.033 -1.301 1.150 -0.0000 -0.0000 -1.0000
-0.033 -1.301 1.150 -0.0000 -0.0000 -1.0000
-0.098 -1.301 1.146 -0.0000 -0.0000 -1.0000
0.098 -1.551 1.146 0.0000 0.0000 1.0000
0.033 -1.551 1.150 0.0000 0.0000 1.0000
-0.033 -1.551 1.150 0.0000 0.0000 1.0000
-0.098 -1.551 1.146 0.0000 0.0000 1.0000
0.098 -1.301 1.146 0.0000 0.0000 1.0000
0.033 -1.301 1.150 0.0000 0.0000 1.0000
-0.033 -1.301 1.150 0.0000 0.0000 1.0000
-0.098 -1.301 1.146 0.0000 0.0000 1.0000
1.039 -2.125 12.156 0.0000 0.0000 1.0000
0.347 -2.125 12.195 0.0000 0.0000 1.0000
-0.347 -2.125 12.195 0.0000 0.0000 1.0000
-1.039 -2.125 12.156 0.0000 0.0000 1.0000
1.039 -1.425 12.156 0.0000 0.0000 1.0000
0.347 -1.425 12.195 0.0000 0.0000 1.0000
-0.347 -1.425 12.195 0.0000 0.0000 1.0000
-1.039 -1.425 12.156 0.0000 0.0000 1.0000
1.039 -2.125 12.156 -0.0000 -0.0000 -1.0000
0.347 -2.125 12.195 -0.0000 -0.0000 -1.0000
-0.347 -2.125 12.195 -0.0000 -0.0000 -1.0000
-1.039 -2.125 12.156 -0.0000 -0.0000 -1.0000
1.039 -1.425 12.156 -0.0000 -0.0000 -1.0000
0.347 -1.425 12.195 -0.0000 -0.0000 -1.0000
-0.347 -1.425 12.195 -0.0000 -0.0000 -1.0000
-1.039 -1.425 12.156 -0.0000 -0.0000 -1.0000
1.039 -1.425 12.156 0.0000 1.0000 0.0000
0.347 -1.425 12.195 0.0000 1.0000 0.0000
-0.347 -1.425 12.195 0.0000 1.0000 0.0000
-1.039 -1.425 12.156 0.0000 1.0000 0.0000
1.009 -1.399 11.807 0.0000 1.0000 0.0000
0.337 -1.399 11.845 0.0000 1.0000 0.0000
-0.337 -1.399 11.845 0.0000 1.0000 0.0000
-1.009 -1.399 11.807 0.0000 1.0000 0.0000
1.039 -1.425 12.156 -0.0000 -1.0000 -0.0000
0.347 -1.425 12.195 -0.0000 -1.0000 -0.0000
-0.347 -1.425 12.195 -0.0000 -1.0000 -0.0000
-1.039 -1.425 12.156 -0.0000 -1.0000 -0.0000
1.009 -1.399 11.807 -0.0000 -1.0000 -0.0000
0.337 -1.399 11.845 -0.0000 -1.0000 -0.0000
-0.337 -1.399 11.845 -0.0000 -1.0000 -0.0000
-1.009 -1.399 11.807 -0.0000 -1.0000 -0.0000
0 1 5
0 5 4
8 13 9
8 12 13
1 2 6
1 6 5
9 14 10
9 13 14
2 3 7
2 7 6
10 15 11
10 14 15
16 21 17
16 20 21
24 25 29
24 29 28
17 22 18
17 21 22
25 26 30
25 30 29
18 23 19
18 22 23
26 27 31
26 31 30
32 37 33
32 36 37
40 41 45
40 45 44
33 38 34
33 37 38
41 42 46
41 46 45
34 39 35
34 38 39
42 43 47
42 47 46
48 49 53
48 53 52
56 61 57
56 60 61
49 50 54
49 54 53
57 62 58
57 61 62
50 51 55
50 55 54
58 63 59
58 62 63
64 69 65
64 68 69
72 73 77
72 77 76
65 70 66
65 69 70
73 74 78
73 78 77
66 71 67
66 70 71
74 75 79
74 79 78
80 85 81
80 84 85
88 89 93
88 93 92
81 86 82
81 85 86
89 90 94
89 94 93
82 87 83
82 86 87
90 91 95
90 95 94
LABEL foot_starboard_slat_2_2
MATERIAL 7
TEXTURE 0
GEOM 104 76 ;foot_starboard_slat_2_2
-0.103 -1.301 1.145 0.0000 0.9972 0.0744
-0.164 -1.301 1.138 0.0000 0.9972 0.0744
-0.224 -1.301 1.128 0.0000 0.9972 0.0744
-0.284 -1.301 1.114 0.0000 0.9972 0.0744
-1.088 -2.125 12.151 0.0000 0.9972 0.0744
-1.736 -2.125 12.076 0.0000 0.9972 0.0744
-2.379 -2.125 11.966 0.0000 0.9972 0.0744
-3.016 -2.125 11.821 0.0000 0.9972 0.0744
-0.103 -1.301 1.145 -0.0000 -0.9972 -0.0744
-0.164 -1.301 1.138 -0.0000 -0.9972 -0.0744
-0.224 -1.301 1.128 -0.0000 -0.9972 -0.0744
-0.284 -1.301 1.114 -0.0000 -0.9972 -0.0744
-1.088 -2.125 12.151 -0.0000 -0.9972 -0.0744
-1.736 -2.125 12.076 -0.0000 -0.9972 -0.0744
-2.379 -2.125 11.966 -0.0000 -0.9972 -0.0744
-3.016 -2.125 11.821 -0.0000 -0.9972 -0.0744
-0.103 -1.551 1.145 -0.0000 -0.9972 -0.0744
-0.164 -1.551 1.138 -0.0000 -0.9972 -0.0744
-0.224 -1.551 1.128 -0.0000 -0.9972 -0.0744
-0.284 -1.551 1.114 -0.0000 -0.9972 -0.0744
-1.088 -2.375 12.151 -0.0000 -0.9972 -0.0744
-1.736 -2.375 12.076 -0.0000 -0.9972 -0.0744
-2.379 -2.375 11.966 -0.0000 -0.9972 -0.0744
-3.016 -2.375 11.821 -0.0000 -0.9972 -0.0744
-0.103 -1.551 1.145 0.0000 0.9972 0.0744
-0.164 -1.551 1.138 0.0000 0.9972 0.0744
-0.224 -1.551 1.128 0.0000 0.9972 0.0744
-0.284 -1.551 1.114 0.0000 0.9972 0.0744
-1.088 -2.375 12.151 0.0000 0.9972 0.0744
-1.736 -2.375 12.076 0.0000 0.9972 0.0744
-2.379 -2.375 11.966 0.0000 0.9972 0.0744
-3.016 -2.375 11.821 0.0000 0.9972 0.0744
-1.088 -2.375 12.151 -0.1687 0.0000 0.9857
-1.736 -2.375 12.076 -0.1687 0.0000 0.9857
-2.379 -2.375 11.966 -0.1687 0.0000 0.9857
-3.016 -2.375 11.821 -0.1687 0.0000 0.9857
-1.088 -2.125 12.151 -0.1687 0.0000 0.9857
-1.736 -2.125 12.076 -0.1687 0.0000 0.9857
-2.379 -2.125 11.966 -0.1687 0.0000 0.9857
-3.016 -2.125 11.821 -0.1687 0.0000 0.9857
-1.088 -2.375 12.151 0.1687 -0.0000 -0.9857
-1.736 -2.375 12.076 0.1687 -0.0000 -0.9857
-2.379 -2.375 11.966 0.1687 -0.0000 -0.9857
-3.016 -2.375 11.821 0.1687 -0.0000 -0.9857
-1.088 -2.125 12.151 0.1687 -0.0000 -0.9857
-1.736 -2.125 12.076 0.1687 -0.0000 -0.9857
-2.379 -2.125 11.966 0.1687 -0.0000 -0.9857
-3.016 -2.125 11.821 0.1687 -0.0000 -0.9857
-0.103 -1.551 1.145 0.1687 -0.0000 -0.9857
-0.164 -1.551 1.138 0.1687 -0.0000 -0.9857
-0.224 -1.551 1.128 0.1687 -0.0000 -0.9857
-0.284 -1.551 1.114 0.1687 -0.0000 -0.9857
-0.103 -1.301 1.145 0.1687 -0.0000 -0.9857
-0.164 -1.301 1.138 0.1687 -0.0000 -0.9857
-0.224 -1.301 1.128 0.1687 -0.0000 -0.9857
-0.284 -1.301 1.114 0.1687 -0.0000 -0.9857
-0.103 -1.551 1.145 -0.1687 0.0000 0.9857
-0.164 -1.551 1.138 -0.1687 0.0000 0.9857
-0.224 -1.551 1.128 -0.1687 0.0000 0.9857
-0.284 -1.551 1.114 -0.1687 0.0000 0.9857
-0.103 -1.301 1.145 -0.1687 0.0000 0.9857
-0.164 -1.301 1.138 -0.1687 0.0000 0.9857
-0.224 -1.301 1.128 -0.1687 0.0000 0.9857
-0.284 -1.301 1.114 -0.1687 0.0000 0.9857
-1.088 -2.125 12.151 -0.1687 0.0000 0.9857
-1.736 -2.125 12.076 -0.1687 0.0000 0.9857
-2.379 -2.125 11.966 -0.1687 0.0000 0.9857
-3.016 -2.125 11.821 -0.1687 0.0000 0.9857
-1.088 -1.425 12.151 -0.1687 0.0000 0.9857
-1.736 -1.425 12.076 -0.1687 0.0000 0.9857
-2.379 -1.425 11.966 -0.1687 0.0000 0.9857
-3.016 -1.425 11.821 -0.1687 0.0000 0.9857
-1.088 -2.125 12.151 0.1687 -0.0000 -0.9857
-1.736 -2.125 12.076 0.1687 -0.0000 -0.9857
-2.379 -2.125 11.966 0.1687 -0.0000 -0.9857
-3.016 -2.125 11.821 0.1687 -0.0000 -0.9857
-1.088 -1.425 12.151 0.1687 -0.0000 -0.9857
-1.736 -1.425 12.076 0.1687 -0.0000 -0.9857
-2.379 -1.425 11.966 0.1687 -0.0000 -0.9857
-3.016 -1.425 11.821 0.1687 -0.0000 -0.9857
-1.088 -1.425 12.151 0.0000 1.0000 0.0000
-1.736 -1.425 12.076 0.0000 1.0000 0.0000
-2.379 -1.425 11.966 0.0000 1.0000 0.0000
-3.016 -1.425 11.821 0.0000 1.0000 0.0000
-1.056 -1.399 11.803 0.0000 1.0000 0.0000
-1.686 -1.399 11.729 0.0000 1.0000 0.0000
-2.311 -1.399 11.622 0.0000 1.0000 0.0000
-2.929 -1.399 11.482 0.0000 1.0000 0.0000
-1.088 -1.425 12.151 -0.0000 -1.0000 -0.0000
-1.736 -1.425 12.076 -0.0000 -1.0000 -0.0000
-2.379 -1.425 11.966 -0.0000 -1.0000 -0.0000
-3.016 -1.425 11.821 -0.0000 -1.0000 -0.0000
-1.056 -1.399 11.803 -0.0000 -1.0000 -0.0000
-1.686 -1.399 11.729 -0.0000 -1.0000 -0.0000
-2.311 -1.399 11.622 -0.0000 -1.0000 -0.0000
-2.929 -1.399 11.482 -0.0000 -1.0000 -0.0000
-0.284 -1.551 1.114 -0.9690 -0.0000 -0.2472
-3.016 -2.375 11.821 -0.9690 -0.0000 -0.2472
-0.284 -1.301 1.114 -0.9690 -0.0000 -0.2472
-3.016 -2.125 11.821 -0.9690 -0.0000 -0.2472
-0.284 -1.551 1.114 0.9690 0.0000 0.2472
-3.016 -2.375 11.821 0.9690 0.0000 0.2472
-0.284 -1.301 1.114 0.9690 0.0000 0.2472
-3.016 -2.125 11.821 0.9690 0.0000 0.2472
0 1 5
0 5 4
8 13 9
8 12 13
1 2 6
1 6 5
9 14 10
9 13 14
2 3 7
2 7 6
10 15 11
10 14 15
16 21 17
16 20 21
24 25 29
24 29 28
17 22 18
17 21 22
25 26 30
25 30 29
18 23 19
18 22 23
26 27 31
26 31 30
32 37 33
32 36 37
40 41 45
40 45 44
33 38 34
33 37 38
41 42 46
41 46 45
34 39 35
34 38 39
42 43 47
42 47 46
48 49 53
48 53 52
56 61 57
56 60 61
49 50 54
49 54 53
57 62 58
57 61 62
50 51 55
50 55 54
58 63 59
58 62 63
64 69 65
64 68 69
72 73 77
72 77 76
65 70 66
65 69 70
73 74 78
73 78 77
66 71 67
66 70 71
74 75 79
74 79 78
80 85 81
80 84 85
88 89 93
88 93 92
81 86 82
81 85 86
89 90 94
89 94 93
82 87 83
82 86 87
90 91 95
90 95 94
96 97 99
96 99 98
100 103 101
100 102 103
LABEL foot_starboard_strut_2
MATERIAL 9
TEXTURE 0
GEOM 50 48 ;foot_starboard_strut_2
-0.650 2.125 1.250 -1.0000 0.0000 0.0000
-0.563 1.838 1.097 -0.8660 -0.4409 -0.2358
-0.325 1.629 0.985 -0.5000 -0.7637 -0.4085
0.000 1.552 0.943 -0.0000 -0.8818 -0.4716
0.325 1.629 0.985 0.5000 -0.7637 -0.4085
0.563 1.838 1.097 0.8660 -0.4409 -0.2358
0.650 2.125 1.250 1.0000 -0.0000 -0.0000
0.563 2.412 1.403 0.8660 0.4409 0.2358
0.325 2.621 1.515 0.5000 0.7637 0.4085
0.000 2.698 1.557 0.0000 0.8818 0.4716
-0.325 2.621 1.515 -0.5000 0.7637 0.4085
-0.563 2.412 1.403 -0.8660 0.4409 0.2358
-0.650 0.090 5.054 -1.0000 0.0000 0.0000
-0.563 -0.196 4.901 -0.8660 -0.4409 -0.2358
-0.325 -0.406 4.788 -0.5000 -0.7637 -0.4085
0.000 -0.483 4.747 -0.0000 -0.8818 -0.4716
0.325 -0.406 4.788 0.5000 -0.7637 -0.4085
0.563 -0.196 4.901 0.8660 -0.4409 -0.2358
0.650 0.090 5.054 1.0000 -0.0000 -0.0000
0.563 0.377 5.207 0.8660 0.4409 0.2358
0.325 0.587 5.319 0.5000 0.7637 0.4085
0.000 0.664 5.360 0.0000 0.8818 0.4716
-0.325 0.587 5.319 -0.5000 0.7637 0.4085
-0.563 0.377 5.207 -0.8660 0.4409 0.2358
0.000 2.125 1.250 -0.0000 0.4716 -0.8818
-0.650 2.125 1.250 -0.0000 0.4716 -0.8818
-0.563 1.838 1.097 -0.0000 0.4716 -0.8818
-0.325 1.629 0.985 -0.0000 0.4716 -0.8818
0.000 1.552 0.943 -0.0000 0.4716 -0.8818
0.325 1.629 0.985 -0.0000 0.4716 -0.8818
0.563 1.838 1.097 -0.0000 0.4716 -0.8818
0.650 2.125 1.250 -0.0000 0.4716 -0.8818
0.563 2.412 1.403 -0.0000 0.4716 -0.8818
0.325 2.621 1.515 -0.0000 0.4716 -0.8818
0.000 2.698 1.557 -0.0000 0.4716 -0.8818
-0.325 2.621 1.515 -0.0000 0.4716 -0.8818
-0.563 2.412 1.403 -0.0000 0.4716 -0.8818
0.000 0.090 5.054 0.0000 -0.4716 0.8818
-0.650 0.090 5.054 0.0000 -0.4716 0.8818
-0.563 -0.196 4.901 0.0000 -0.4716 0.8818
-0.325 -0.406 4.788 0.0000 -0.4716 0.8818
0.000 -0.483 4.747 0.0000 -0.4716 0.8818
0.325 -0.406 4.788 0.0000 -0.4716 0.8818
0.563 -0.196 4.901 0.0000 -0.4716 0.8818
0.650 0.090 5.054 0.0000 -0.4716 0.8818
0.563 0.377 5.207 0.0000 -0.4716 0.8818
0.325 0.587 5.319 0.0000 -0.4716 0.8818
0.000 0.664 5.360 0.0000 -0.4716 0.8818
-0.325 0.587 5.319 0.0000 -0.4716 0.8818
-0.563 0.377 5.207 0.0000 -0.4716 0.8818
0 1 13
0 13 12
1 2 14
1 14 13
2 3 15
2 15 14
3 4 16
3 16 15
4 5 17
4 17 16
5 6 18
5 18 17
6 7 19
6 19 18
7 8 20
7 20 19
8 9 21
8 21 20
9 10 22
9 22 21
10 11 23
10 23 22
11 0 12
11 12 23
24 26 25
24 27 26
24 28 27
24 29 28
24 30 29
24 31 30
24 32 31
24 33 32
24 34 33
24 35 34
24 36 35
24 25 36
37 38 39
37 39 40
37 40 41
37 41 42
37 42 43
37 43 44
37 44 45
37 45 46
37 46 47
37 47 48
37 48 49
37 49 38
LABEL foot_starboard_rod_2
MATERIAL 7
TEXTURE 0
GEOM 42 40 ;foot_starboard_rod_2
-0.300 0.373 4.525 -1.0000 0.0000 0.0000
-0.243 0.218 4.442 -0.8090 -0.5183 -0.2772
-0.093 0.122 4.390 -0.3090 -0.8386 -0.4486
0.093 0.122 4.390 0.3090 -0.8386 -0.4486
0.243 0.218 4.442 0.8090 -0.5183 -0.2772
0.300 0.373 4.525 1.0000 -0.0000 -0.0000
0.243 0.529 4.608 0.8090 0.5183 0.2772
0.093 0.625 4.659 0.3090 0.8386 0.4486
-0.093 0.625 4.659 -0.3090 0.8386 0.4486
-0.243 0.529 4.608 -0.8090 0.5183 0.2772
-0.300 -1.574 8.166 -1.0000 0.0000 0.0000
-0.243 -1.730 8.083 -0.8090 -0.5183 -0.2772
-0.093 -1.826 8.032 -0.3090 -0.8386 -0.4486
0.093 -1.826 8.032 0.3090 -0.8386 -0.4486
0.243 -1.730 8.083 0.8090 -0.5183 -0.2772
0.300 -1.574 8.166 1.0000 -0.0000 -0.0000
0.243 -1.419 8.249 0.8090 0.5183 0.2772
0.093 -1.323 8.301 0.3090 0.8386 0.4486
-0.093 -1.323 8.301 -0.3090 0.8386 0.4486
-0.243 -1.419 8.249 -0.8090 0.5183 0.2772
0.000 0.373 4.525 -0.0000 0.4716 -0.8818
-0.300 0.373 4.525 -0.0000 0.4716 -0.8818
-0.243 0.218 4.442 -0.0000 0.4716 -0.8818
-0.093 0.122 4.390 -0.0000 0.4716 -0.8818
0.093 0.122 4.390 -0.0000 0.4716 -0.8818
0.243 0.218 4.442 -0.0000 0.4716 -0.8818
0.300 0.373 4.525 -0.0000 0.4716 -0.8818
0.243 0.529 4.608 -0.0000 0.4716 -0.8818
0.093 0.625 4.659 -0.0000 0.4716 -0.8818
-0.093 0.625 4.659 -0.0000 0.4716 -0.8818
-0.243 0.529 4.608 -0.0000 0.4716 -0.8818
0.000 -1.574 8.166 0.0000 -0.4716 0.8818
-0.300 -1.574 8.166 0.0000 -0.4716 0.8818
-0.243 -1.730 8.083 0.0000 -0.4716 0.8818
-0.093 -1.826 8.032 0.0000 -0.4716 0.8818
0.093 -1.826 8.032 0.0000 -0.4716 0.8818
0.243 -1.730 8.083 0.0000 -0.4716 0.8818
0.300 -1.574 8.166 0.0000 -0.4716 0.8818
0.243 -1.419 8.249 0.0000 -0.4716 0.8818
0.093 -1.323 8.301 0.0000 -0.4716 0.8818
-0.093 -1.323 8.301 0.0000 -0.4716 0.8818
-0.243 -1.419 8.249 0.0000 -0.4716 0.8818
0 1 11
0 11 10
1 2 12
1 12 11
2 3 13
2 13 12
3 4 14
3 14 13
4 5 15
4 15 14
5 6 16
5 16 15
6 7 17
6 17 16
7 8 18
7 18 17
8 9 19
8 19 18
9 0 10
9 10 19
20 22 21
20 23 22
20 24 23
20 25 24
20 26 25
20 27 26
20 28 27
20 29 28
20 30 29
20 21 30
31 32 33
31 33 34
31 34 35
31 35 36
31 36 37
31 37 38
31 38 39
31 39 40
31 40 41
31 41 32
LABEL foot_starboard_skirt_2_0
MATERIAL 7
TEXTURE 0
GEOM 16 12 ;foot_starboard_skirt_2_0
3.016 -3.275 11.821 0.1687 0.0000 0.9857
2.379 -3.275 11.966 0.1687 0.0000 0.9857
1.736 -3.275 12.076 0.1687 0.0000 0.9857
1.088 -3.275 12.151 0.1687 0.0000 0.9857
3.016 -2.375 11.821 0.1687 0.0000 0.9857
2.379 -2.375 11.966 0.1687 0.0000 0.9857
1.736 -2.375 12.076 0.1687 0.0000 0.9857
1.088 -2.375 12.151 0.1687 0.0000 0.9857
3.016 -3.275 11.821 -0.1687 -0.0000 -0.9857
2.379 -3.275 11.966 -0.1687 -0.0000 -0.9857
1.736 -3.275 12.076 -0.1687 -0.0000 -0.9857
1.088 -3.275 12.151 -0.1687 -0.0000 -0.9857
3.016 -2.375 11.821 -0.1687 -0.0000 -0.9857
2.379 -2.375 11.966 -0.1687 -0.0000 -0.9857
1.736 -2.375 12.076 -0.1687 -0.0000 -0.9857
1.088 -2.375 12.151 -0.1687 -0.0000 -0.9857
0 5 1
0 4 5
8 9 13
8 13 12
1 6 2
1 5 6
9 10 14
9 14 13
2 7 3
2 6 7
10 11 15
10 15 14
LABEL foot_starboard_skirt_2_1
MATERIAL 7
TEXTURE 0
GEOM 16 12 ;foot_starboard_skirt_2_1
1.039 -3.275 12.156 0.0000 0.0000 1.0000
0.347 -3.275 12.195 0.0000 0.0000 1.0000
-0.347 -3.275 12.195 0.0000 0.0000 1.0000
-1.039 -3.275 12.156 0.0000 0.0000 1.0000
1.039 -2.375 12.156 0.0000 0.0000 1.0000
0.347 -2.375 12.195 0.0000 0.0000 1.0000
-0.347 -2.375 12.195 0.0000 0.0000 1.0000
-1.039 -2.375 12.156 0.0000 0.0000 1.0000
1.039 -3.275 12.156 -0.0000 -0.0000 -1.0000
0.347 -3.275 12.195 -0.0000 -0.0000 -1.0000
-0.347 -3.275 12.195 -0.0000 -0.0000 -1.0000
-1.039 -3.275 12.156 -0.0000 -0.0000 -1.0000
1.039 -2.375 12.156 -0.0000 -0.0000 -1.0000
0.347 -2.375 12.195 -0.0000 -0.0000 -1.0000
-0.347 -2.375 12.195 -0.0000 -0.0000 -1.0000
-1.039 -2.375 12.156 -0.0000 -0.0000 -1.0000
0 5 1
0 4 5
8 9 13
8 13 12
1 6 2
1 5 6
9 10 14
9 14 13
2 7 3
2 6 7
10 11 15
10 15 14
LABEL foot_starboard_skirt_2_2
MATERIAL 7
TEXTURE 0
GEOM 16 12 ;foot_starboard_skirt_2_2
-1.088 -3.275 12.151 -0.1687 0.0000 0.9857
-1.736 -3.275 12.076 -0.1687 0.0000 0.9857
-2.379 -3.275 11.966 -0.1687 0.0000 0.9857
-3.016 -3.275 11.821 -0.1687 0.0000 0.9857
-1.088 -2.375 12.151 -0.1687 0.0000 0.9857
-1.736 -2.375 12.076 -0.1687 0.0000 0.9857
-2.379 -2.375 11.966 -0.1687 0.0000 0.9857
-3.016 -2.375 11.821 -0.1687 0.0000 0.9857
-1.088 -3.275 12.151 0.1687 -0.0000 -0.9857
-1.736 -3.275 12.076 0.1687 -0.0000 -0.9857
-2.379 -3.275 11.966 0.1687 -0.0000 -0.9857
-3.016 -3.275 11.821 0.1687 -0.0000 -0.9857
-1.088 -2.375 12.151 0.1687 -0.0000 -0.9857
-1.736 -2.375 12.076 0.1687 -0.0000 -0.9857
-2.379 -2.375 11.966 0.1687 -0.0000 -0.9857
-3.016 -2.375 11.821 0.1687 -0.0000 -0.9857
0 5 1
0 4 5
8 9 13
8 13 12
1 6 2
1 5 6
9 10 14
9 14 13
2 7 3
2 6 7
10 11 15
10 15 14
LABEL foot_starboard_petal_3
MATERIAL 7
TEXTURE 0
GEOM 66 52 ;foot_starboard_petal_3
-0.206 -1.291 1.057 0.4986 0.0744 -0.8636
-0.812 -1.291 0.707 0.4986 0.0744 -0.8636
-0.831 -0.792 0.739 0.4986 0.0744 -0.8636
-0.225 -0.792 1.089 0.4986 0.0744 -0.8636
-5.606 -2.096 10.410 -0.4986 -0.0744 0.8636
-6.212 -2.096 10.060 -0.4986 -0.0744 0.8636
-6.231 -1.597 10.092 -0.4986 -0.0744 0.8636
-5.625 -1.597 10.442 -0.4986 -0.0744 0.8636
-0.206 -1.291 1.057 0.8660 0.0000 0.5000
-5.606 -2.096 10.410 0.8660 0.0000 0.5000
-5.625 -1.597 10.442 0.8660 0.0000 0.5000
-0.225 -0.792 1.089 0.8660 0.0000 0.5000
-0.812 -1.291 0.707 -0.8660 -0.0000 -0.5000
-6.212 -2.096 10.060 -0.8660 -0.0000 -0.5000
-6.231 -1.597 10.092 -0.8660 -0.0000 -0.5000
-0.831 -0.792 0.739 -0.8660 -0.0000 -0.5000
-0.206 -1.291 1.057 0.0372 -0.9972 -0.0644
-5.606 -2.096 10.410 0.0372 -0.9972 -0.0644
-6.212 -2.096 10.060 0.0372 -0.9972 -0.0644
-0.812 -1.291 0.707 0.0372 -0.9972 -0.0644
-0.225 -0.792 1.089 -0.0372 0.9972 0.0644
-5.625 -1.597 10.442 -0.0372 0.9972 0.0644
-6.231 -1.597 10.092 -0.0372 0.9972 0.0644
-0.831 -0.792 0.739 -0.0372 0.9972 0.0644
0.140 -1.325 0.658 0.5000 0.0000 -0.8660
0.111 -1.501 0.708 0.4045 -0.5878 -0.7006
0.036 -1.610 0.838 0.1545 -0.9511 -0.2676
-0.057 -1.610 0.998 -0.1545 -0.9511 0.2676
-0.132 -1.501 1.128 -0.4045 -0.5878 0.7006
-0.160 -1.325 1.178 -0.5000 -0.0000 0.8660
-0.132 -1.149 1.128 -0.4045 0.5878 0.7006
-0.057 -1.040 0.998 -0.1545 0.9511 0.2676
0.036 -1.040 0.838 0.1545 0.9511 -0.2676
0.111 -1.149 0.708 0.4045 0.5878 -0.7006
-0.640 -1.325 0.208 0.5000 0.0000 -0.8660
-0.668 -1.501 0.258 0.4045 -0.5878 -0.7006
-0.743 -1.610 0.388 0.1545 -0.9511 -0.2676
-0.836 -1.610 0.548 -0.1545 -0.9511 0.2676
-0.911 -1.501 0.678 -0.4045 -0.5878 0.7006
-0.940 -1.325 0.728 -0.5000 -0.0000 0.8660
-0.911 -1.149 0.678 -0.4045 0.5878 0.7006
-0.836 -1.040 0.548 -0.1545 0.9511 0.2676
-0.743 -1.040 0.388 0.1545 0.9511 -0.2676
-0.668 -1.149 0.258 0.4045 0.5878 -0.7006
-0.010 -1.325 0.918 0.8660 -0.0000 0.5000
0.140 -1.325 0.658 0.8660 -0.0000 0.5000
0.111 -1.501 0.708 0.8660 -0.0000 0.5000
0.036 -1.610 0.838 0.8660 -0.0000 0.5000
-0.057 -1.610 0.998 0.8660 -0.0000 0.5000
-0.132 -1.501 1.128 0.8660 -0.0000 0.5000
-0.160 -1.325 1.178 0.8660 -0.0000 0.5000
-0.132 -1.149 1.128 0.8660 -0.0000 0.5000
-0.057 -1.040 0.998 0.8660 -0.0000 0.5000
0.036 -1.040 0.838 0.8660 -0.0000 0.5000
0.111 -1.149 0.708 0.8660 -0.0000 0.5000
-0.790 -1.325 0.468 -0.8660 0.0000 -0.5000
-0.640 -1.325 0.208 -0.8660 0.0000 -0.5000
-0.668 -1.501 0.258 -0.8660 0.0000 -0.5000
-0.743 -1.610 0.388 -0.8660 0.0000 -0.5000
-0.836 -1.610 0.548 -0.8660 0.0000 -0.5000
-0.911 -1.501 0.678 -0.8660 0.0000 -0.5000
-0.940 -1.325 0.728 -0.8660 0.0000 -0.5000
-0.911 -1.149 0.678 -0.8660 0.0000 -0.5000
-0.836 -1.040 0.548 -0.8660 0.0000 -0.5000
-0.743 -1.040 0.388 -0.8660 0.0000 -0.5000
-0.668 -1.149 0.258 -0.8660 0.0000 -0.5000
0 1 2
0 2 3
4 6 5
4 7 6
8 10 9
8 11 10
12 13 14
12 14 15
16 17 18
16 18 19
20 22 21
20 23 22
24 25 35
24 35 34
25 26 36
25 36 35
26 27 37
26 37 36
27 28 38
27 38 37
28 29 39
28 39 38
29 30 40
29 40 39
30 31 41
30 41 40
31 32 42
31 42 41
32 33 43
32 43 42
33 24 34
33 34 43
44 46 45
44 47 46
44 48 47
44 49 48
44 50 49
44 51 50
44 52 51
44 53 52
44 54 53
44 45 54
55 56 57
55 57 58
55 58 59
55 59 60
55 60 61
55 61 62
55 62 63
55 63 64
55 64 65
55 65 56
LABEL foot_starboard_slat_3_0
MATERIAL 7
TEXTURE 0
GEOM 104 76 ;foot_starboard_slat_3_0
-0.311 -1.301 1.107 -0.0372 0.9972 0.0644
-0.370 -1.301 1.089 -0.0372 0.9972 0.0644
-0.427 -1.301 1.068 -0.0372 0.9972 0.0644
-0.484 -1.301 1.043 -0.0372 0.9972 0.0644
-3.299 -2.125 11.746 -0.0372 0.9972 0.0644
-3.922 -2.125 11.552 -0.0372 0.9972 0.0644
-4.535 -2.125 11.326 -0.0372 0.9972 0.0644
-5.134 -2.125 11.067 -0.0372 0.9972 0.0644
-0.311 -1.301 1.107 0.0372 -0.9972 -0.0644
-0.370 -1.301 1.089 0.0372 -0.9972 -0.0644
-0.427 -1.301 1.068 0.0372 -0.9972 -0.0644
-0.484 -1.301 1.043 0.0372 -0.9972 -0.0644
-3.299 -2.125 11.746 0.0372 -0.9972 -0.0644
-3.922 -2.125 11.552 0.0372 -0.9972 -0.0644
-4.535 -2.125 11.326 0.0372 -0.9972 -0.0644
-5.134 -2.125 11.067 0.0372 -0.9972 -0.0644
-0.311 -1.551 1.107 0.0372 -0.9972 -0.0644
-0.370 -1.551 1.089 0.0372 -0.9972 -0.0644
-0.427 -1.551 1.068 0.0372 -0.9972 -0.0644
-0.484 -1.551 1.043 0.0372 -0.9972 -0.0644
-3.299 -2.375 11.746 0.0372 -0.9972 -0.0644
-3.922 -2.375 11.552 0.0372 -0.9972 -0.0644
-4.535 -2.375 11.326 0.0372 -0.9972 -0.0644
-5.134 -2.375 11.067 0.0372 -0.9972 -0.0644
-0.311 -1.551 1.107 -0.0372 0.9972 0.0644
-0.370 -1.551 1.089 -0.0372 0.9972 0.0644
-0.427 -1.551 1.068 -0.0372 0.9972 0.0644
-0.484 -1.551 1.043 -0.0372 0.9972 0.0644
-3.299 -2.375 11.746 -0.0372 0.9972 0.0644
-3.922 -2.375 11.552 -0.0372 0.9972 0.0644
-4.535 -2.375 11.326 -0.0372 0.9972 0.0644
-5.134 -2.375 11.067 -0.0372 0.9972 0.0644
-3.299 -2.375 11.746 -0.3467 0.0000 0.9380
-3.922 -2.375 11.552 -0.3467 0.0000 0.9380
-4.535 -2.375 11.326 -0.3467 0.0000 0.9380
-5.134 -2.375 11.067 -0.3467 0.0000 0.9380
-3.299 -2.125 11.746 -0.3467 0.0000 0.9380
-3.922 -2.125 11.552 -0.3467 0.0000 0.9380
-4.535 -2.125 11.326 -0.3467 0.0000 0.9380
-5.134 -2.125 11.067 -0.3467 0.0000 0.9380
-3.299 -2.375 11.746 0.3467 -0.0000 -0.9380
-3.922 -2.375 11.552 0.3467 -0.0000 -0.9380
-4.535 -2.375 11.326 0.3467 -0.0000 -0.9380
-5.134 -2.375 11.067 0.3467 -0.0000 -0.9380
-3.299 -2.125 11.746 0.3467 -0.0000 -0.9380
-3.922 -2.125 11.552 0.3467 -0.0000 -0.9380
-4.535 -2.125 11.326 0.3467 -0.0000 -0.9380
-5.134 -2.125 11.067 0.3467 -0.0000 -0.9380
-0.311 -1.551 1.107 0.3467 -0.0000 -0.9380
-0.370 -1.551 1.089 0.3467 -0.0000 -0.9380
-0.427 -1.551 1.068 0.3467 -0.0000 -0.9380
-0.484 -1.551 1.043 0.3467 -0.0000 -0.9380
-0.311 -1.301 1.107 0.3467 -0.0000 -0.9380
-0.370 -1.301 1.089 0.3467 -0.0000 -0.9380
-0.427 -1.301 1.068 0.3467 -0.0000 -0.9380
-0.484 -1.301 1.043 0.3467 -0.0000 -0.9380
-0.311 -1.551 1.107 -0.3467 0.0000 0.9380
-0.370 -1.551 1.089 -0.3467 0.0000 0.9380
-0.427 -1.551 1.068 -0.3467 0.0000 0.9380
-0.484 -1.551 1.043 -0.3467 0.0000 0.9380
-0.311 -1.301 1.107 -0.3467 0.0000 0.9380
-0.370 -1.301 1.089 -0.3467 0.0000 0.9380
-0.427 -1.301 1.068 -0.3467 0.0000 0.9380
-0.484 -1.301 1.043 -0.3467 0.0000 0.9380
-3.299 -2.125 11.746 -0.3467 0.0000 0.9380
-3.922 -2.125 11.552 -0.3467 0.0000 0.9380
-4.535 -2.125 11.326 -0.3467 0.0000 0.9380
-5.134 -2.125 11.067 -0.3467 0.0000 0.9380
-3.299 -1.425 11.746 -0.3467 0.0000 0.9380
-3.922 -1.425 11.552 -0.3467 0.0000 0.9380
-4.535 -1.425 11.326 -0.3467 0.0000 0.9380
-5.134 -1.425 11.067 -0.3467 0.0000 0.9380
-3.299 -2.125 11.746 0.3467 -0.0000 -0.9380
-3.922 -2.125 11.552 0.3467 -0.0000 -0.9380
-4.535 -2.125 11.326 0.3467 -0.0000 -0.9380
-5.134 -2.125 11.067 0.3467 -0.0000 -0.9380
-3.299 -1.425 11.746 0.3467 -0.0000 -0.9380
-3.922 -1.425 11.552 0.3467 -0.0000 -0.9380
-4.535 -1.425 11.326 0.3467 -0.0000 -0.9380
-5.134 -1.425 11.067 0.3467 -0.0000 -0.9380
-3.299 -1.425 11.746 0.0000 1.0000 0.0000
-3.922 -1.425 11.552 0.0000 1.0000 0.0000
-4.535 -1.425 11.326 0.0000 1.0000 0.0000
-5.134 -1.425 11.067 0.0000 1.0000 0.0000
-3.204 -1.399 11.409 0.0000 1.0000 0.0000
-3.810 -1.399 11.221 0.0000 1.0000 0.0000
-4.404 -1.399 11.001 0.0000 1.0000 0.0000
-4.987 -1.399 10.750 0.0000 1.0000 0.0000
-3.299 -1.425 11.746 -0.0000 -1.0000 -0.0000
-3.922 -1.425 11.552 -0.0000 -1.0000 -0.0000
-4.535 -1.425 11.326 -0.0000 -1.0000 -0.0000
-5.134 -1.425 11.067 -0.0000 -1.0000 -0.0000
-3.204 -1.399 11.409 -0.0000 -1.0000 -0.0000
-3.810 -1.399 11.221 -0.0000 -1.0000 -0.0000
-4.404 -1.399 11.001 -0.0000 -1.0000 -0.0000
-4.987 -1.399 10.750 -0.0000 -1.0000 -0.0000
-0.311 -1.551 1.107 -0.9628 -0.0000 -0.2704
-3.299 -2.375 11.746 -0.9628 -0.0000 -0.2704
-0.311 -1.301 1.107 -0.9628 -0.0000 -0.2704
-3.299 -2.125 11.746 -0.9628 -0.0000 -0.2704
-0.311 -1.551 1.107 0.9628 0.0000 0.2704
-3.299 -2.375 11.746 0.9628 0.0000 0.2704
-0.311 -1.301 1.107 0.9628 0.0000 0.2704
-3.299 -2.125 11.746 0.9628 0.0000 0.2704
0 1 5
0 5 4
8 13 9
8 12 13
1 2 6
1 6 5
9 14 10
9 13 14
2 3 7
2 7 6
10 15 11
10 14 15
16 21 17
16 20 21
24 25 29
24 29 28
17 22 18
17 21 22
25 26 30
25 30 29
18 23 19
18 22 23
26 27 31
26 31 30
32 37 33
32 36 37
40 41 45
40 45 44
33 38 34
33 37 38
41 42 46
41 46 45
34 39 35
34 38 39
42 43 47
42 47 46
48 49 53
48 53 52
56 61 57
56 60 61
49 50 54
49 54 53
57 62 58
57 61 62
50 51 55
50 55 54
58 63 59
58 62 63
64 69 65
64 68 69
72 73 77
72 77 76
65 70 66
65 69 70
73 74 78
73 78 77
66 71 67
66 70 71
74 75 79
74 79 78
80 85 81
80 84 85
88 89 93
88 93 92
81 86 82
81 85 86
89 90 94
89 94 93
82 87 83
82 86 87
90 91 95
90 95 94
96 97 99
96 99 98
100 103 101
100 102 103
LABEL foot_starboard_slat_3_1
MATERIAL 7
TEXTURE 0
GEOM 96 72 ;foot_starboard_slat_3_1
-0.488 -1.301 1.041 -0.0372 0.9972 0.0644
-0.546 -1.301 1.012 -0.0372 0.9972 0.0644
-0.603 -1.301 0.979 -0.0372 0.9972 0.0644
-0.658 -1.301 0.943 -0.0372 0.9972 0.0644
-5.178 -2.125 11.047 -0.0372 0.9972 0.0644
-5.797 -2.125 10.735 -0.0372 0.9972 0.0644
-6.398 -2.125 10.388 -0.0372 0.9972 0.0644
-6.978 -2.125 10.008 -0.0372 0.9972 0.0644
-0.488 -1.301 1.041 0.0372 -0.9972 -0.0644
-0.546 -1.301 1.012 0.0372 -0.9972 -0.0644
-0.603 -1.301 0.979 0.0372 -0.9972 -0.0644
-0.658 -1.301 0.943 0.0372 -0.9972 -0.0644
-5.178 -2.125 11.047 0.0372 -0.9972 -0.0644
-5.797 -2.125 10.735 0.0372 -0.9972 -0.0644
-6.398 -2.125 10.388 0.0372 -0.9972 -0.0644
-6.978 -2.125 10.008 0.0372 -0.9972 -0.0644
-0.488 -1.551 1.041 0.0372 -0.9972 -0.0644
-0.546 -1.551 1.012 0.0372 -0.9972 -0.0644
-0.603 -1.551 0.979 0.0372 -0.9972 -0.0644
-0.658 -1.551 0.943 0.0372 -0.9972 -0.0644
-5.178 -2.375 11.047 0.0372 -0.9972 -0.0644
-5.797 -2.375 10.735 0.0372 -0.9972 -0.0644
-6.398 -2.375 10.388 0.0372 -0.9972 -0.0644
-6.978 -2.375 10.008 0.0372 -0.9972 -0.0644
-0.488 -1.551 1.041 -0.0372 0.9972 0.0644
-0.546 -1.551 1.012 -0.0372 0.9972 0.0644
-0.603 -1.551 0.979 -0.0372 0.9972 0.0644
-0.658 -1.551 0.943 -0.0372 0.9972 0.0644
-5.178 -2.375 11.047 -0.0372 0.9972 0.0644
-5.797 -2.375 10.735 -0.0372 0.9972 0.0644
-6.398 -2.375 10.388 -0.0372 0.9972 0.0644
-6.978 -2.375 10.008 -0.0372 0.9972 0.0644
-5.178 -2.375 11.047 -0.5000 0.0000 0.8660
-5.797 -2.375 10.735 -0.5000 0.0000 0.8660
-6.398 -2.375 10.388 -0.5000 0.0000 0.8660
-6.978 -2.375 10.008 -0.5000 0.0000 0.8660
-5.178 -2.125 11.047 -0.5000 0.0000 0.8660
-5.797 -2.125 10.735 -0.5000 0.0000 0.8660
-6.398 -2.125 10.388 -0.5000 0.0000 0.8660
-6.978 -2.125 10.008 -0.5000 0.0000 0.8660
-5.178 -2.375 11.047 0.5000 -0.0000 -0.8660
-5.797 -2.375 10.735 0.5000 -0.0000 -0.8660
-6.398 -2.375 10.388 0.5000 -0.0000 -0.8660
-6.978 -2.375 10.008 0.5000 -0.0000 -0.8660
-5.178 -2.125 11.047 0.5000 -0.0000 -0.8660
-5.797 -2.125 10.735 0.5000 -0.0000 -0.8660
-6.398 -2.125 10.388 0.5000 -0.0000 -0.8660
-6.978 -2.125 10.008 0.5000 -0.0000 -0.8660
-0.488 -1.551 1.041 0.5000 -0.0000 -0.8660
-0.546 -1.551 1.012 0.5000 -0.0000 -0.8660
-0.603 -1.551 0.979 0.5000 -0.0000 -0.8660
-0.658 -1.551 0.943 0.5000 -0.0000 -0.8660
-0.488 -1.301 1.041 0.5000 -0.0000 -0.8660
-0.546 -1.301 1.012 0.5000 -0.0000 -0.8660
-0.603 -1.301 0.979 0.5000 -0.0000 -0.8660
-0.658 -1.301 0.943 0.5000 -0.0000 -0.8660
-0.488 -1.551 1.041 -0.5000 0.0000 0.8660
-0.546 -1.551 1.012 -0.5000 0.0000 0.8660
-0.603 -1.551 0.979 -0.5000 0.0000 0.8660
-0.658 -1.551 0.943 -0.5000 0.0000 0.8660
-0.488 -1.301 1.041 -0.5000 0.0000 0.8660
-0.546 -1.301 1.012 -0.5000 0.0000 0.8660
-0.603 -1.301 0.979 -0.5000 0.0000 0.8660
-0.658 -1.301 0.943 -0.5000 0.0000 0.8660
-5.178 -2.125 11.047 -0.5000 0.0000 0.8660
-5.797 -2.125 10.735 -0.5000 0.0000 0.8660
-6.398 -2.125 10.388 -0.5000 0.0000 0.8660
-6.978 -2.125 10.008 -0.5000 0.0000 0.8660
-5.178 -1.425 11.047 -0.5000 0.0000 0.8660
-5.797 -1.425 10.735 -0.5000 0.0000 0.8660
-6.398 -1.425 10.388 -0.5000 0.0000 0.8660
-6.978 -1.425 10.008 -0.5000 0.0000 0.8660
-5.178 -2.125 11.047 0.5000 -0.0000 -0.8660
-5.797 -2.125 10.735 0.5000 -0.0000 -0.8660
-6.398 -2.125 10.388 0.5000 -0.0000 -0.8660
-6.978 -2.125 10.008 0.5000 -0.0000 -0.8660
-5.178 -1.425 11.047 0.5000 -0.0000 -0.8660
-5.797 -1.425 10.735 0.5000 -0.0000 -0.8660
-6.398 -1.425 10.388 0.5000 -0.0000 -0.8660
-6.978 -1.425 10.008 0.5000 -0.0000 -0.8660
-5.178 -1.425 11.047 0.0000 1.0000 0.0000
-5.797 -1.425 10.735 0.0000 1.0000 0.0000
-6.398 -1.425 10.388 0.0000 1.0000 0.0000
-6.978 -1.425 10.008 0.0000 1.0000 0.0000
-5.029 -1.399 10.730 0.0000 1.0000 0.0000
-5.631 -1.399 10.427 0.0000 1.0000 0.0000
-6.214 -1.399 10.090 0.0000 1.0000 0.0000
-6.777 -1.399 9.721 0.0000 1.0000 0.0000
-5.178 -1.425 11.047 -0.0000 -1.0000 -0.0000
-5.797 -1.425 10.735 -0.0000 -1.0000 -0.0000
-6.398 -1.425 10.388 -0.0000 -1.0000 -0.0000
-6.978 -1.425 10.008 -0.0000 -1.0000 -0.0000
-5.029 -1.399 10.730 -0.0000 -1.0000 -0.0000
-5.631 -1.399 10.427 -0.0000 -1.0000 -0.0000
-6.214 -1.399 10.090 -0.0000 -1.0000 -0.0000
-6.777 -1.399 9.721 -0.0000 -1.0000 -0.0000
0 1 5
0 5 4
8 13 9
8 12 13
1 2 6
1 6 5
9 14 10
9 13 14
2 3 7
2 7 6
10 15 11
10 14 15
16 21 17
16 20 21
24 25 29
24 29 28
17 22 18
17 21 22
25 26 30
25 30 29
18 23 19
18 22 23
26 27 31
26 31 30
32 37 33
32 36 37
40 41 45
40 45 44
33 38 34
33 37 38
41 42 46
41 46 45
34 39 35
34 38 39
42 43 47
42 47 46
48 49 53
48 53 52
56 61 57
56 60 61
49 50 54
49 54 53
57 62 58
57 61 62
50 51 55
50 55 54
58 63 59
58 62 63
64 69 65
64 68 69
72 73 77
72 77 76
65 70 66
65 69 70
73 74 78
73 78 77
66 71 67
66 70 71
74 75 79
74 79 78
80 85 81
80 84 85
88 89 93
88 93 92
81 86 82
81 85 86
89 90 94
89 94 93
82 87 83
82 86 87
90 91 95
90 95 94
LABEL foot_starboard_slat_3_2
MATERIAL 7
TEXTURE 0
GEOM 104 76 ;foot_starboard_slat_3_2
-0.661 -1.301 0.941 -0.0372 0.9972 0.0644
-0.711 -1.301 0.904 -0.0372 0.9972 0.0644
-0.758 -1.301 0.865 -0.0372 0.9972 0.0644
-0.803 -1.301 0.823 -0.0372 0.9972 0.0644
-7.018 -2.125 9.980 -0.0372 0.9972 0.0644
-7.541 -2.125 9.590 -0.0372 0.9972 0.0644
-8.043 -2.125 9.173 -0.0372 0.9972 0.0644
-8.523 -2.125 8.730 -0.0372 0.9972 0.0644
-0.661 -1.301 0.941 0.0372 -0.9972 -0.0644
-0.711 -1.301 0.904 0.0372 -0.9972 -0.0644
-0.758 -1.301 0.865 0.0372 -0.9972 -0.0644
-0.803 -1.301 0.823 0.0372 -0.9972 -0.0644
-7.018 -2.125 9.980 0.0372 -0.9972 -0.0644
-7.541 -2.125 9.590 0.0372 -0.9972 -0.0644
-8.043 -2.125 9.173 0.0372 -0.9972 -0.0644
-8.523 -2.125 8.730 0.0372 -0.9972 -0.0644
-0.661 -1.551 0.941 0.0372 -0.9972 -0.0644
-0.711 -1.551 0.904 0.0372 -0.9972 -0.0644
-0.758 -1.551 0.865 0.0372 -0.9972 -0.0644
-0.803 -1.551 0.823 0.0372 -0.9972 -0.0644
-7.018 -2.375 9.980 0.0372 -0.9972 -0.0644
-7.541 -2.375 9.590 0.0372 -0.9972 -0.0644
-8.043 -2.375 9.173 0.0372 -0.9972 -0.0644
-8.523 -2.375 8.730 0.0372 -0.9972 -0.0644
-0.661 -1.551 0.941 -0.0372 0.9972 0.0644
-0.711 -1.551 0.904 -0.0372 0.9972 0.0644
-0.758 -1.551 0.865 -0.0372 0.9972 0.0644
-0.803 -1.551 0.823 -0.0372 0.9972 0.0644
-7.018 -2.375 9.980 -0.0372 0.9972 0.0644
-7.541 -2.375 9.590 -0.0372 0.9972 0.0644
-8.043 -2.375 9.173 -0.0372 0.9972 0.0644
-8.523 -2.375 8.730 -0.0372 0.9972 0.0644
-7.018 -2.375 9.980 -0.6389 0.0000 0.7692
-7.541 -2.375 9.590 -0.6389 0.0000 0.7692
-8.043 -2.375 9.173 -0.6389 0.0000 0.7692
-8.523 -2.375 8.730 -0.6389 0.0000 0.7692
-7.018 -2.125 9.980 -0.6389 0.0000 0.7692
-7.541 -2.125 9.590 -0.6389 0.0000 0.7692
-8.043 -2.125 9.173 -0.6389 0.0000 0.7692
-8.523 -2.125 8.730 -0.6389 0.0000 0.7692
-7.018 -2.375 9.980 0.6389 -0.0000 -0.7692
-7.541 -2.375 9.590 0.6389 -0.0000 -0.7692
-8.043 -2.375 9.173 0.6389 -0.0000 -0.7692
-8.523 -2.375 8.730 0.6389 -0.0000 -0.7692
-7.018 -2.125 9.980 0.6389 -0.0000 -0.7692
-7.541 -2.125 9.590 0.6389 -0.0000 -0.7692
-8.043 -2.125 9.173 0.6389 -0.0000 -0.7692
-8.523 -2.125 8.730 0.6389 -0.0000 -0.7692
-0.661 -1.551 0.941 0.6389 -0.0000 -0.7692
-0.711 -1.551 0.904 0.6389 -0.0000 -0.7692
-0.758 -1.551 0.865 0.6389 -0.0000 -0.7692
-0.803 -1.551 0.823 0.6389 -0.0000 -0.7692
-0.661 -1.301 0.941 0.6389 -0.0000 -0.7692
-0.711 -1.301 0.904 0.6389 -0.0000 -0.7692
-0.758 -1.301 0.865 0.6389 -0.0000 -0.7692
-0.803 -1.301 0.823 0.6389 -0.0000 -0.7692
-0.661 -1.551 0.941 -0.6389 0.0000 0.7692
-0.711 -1.551 0.904 -0.6389 0.0000 0.7692
-0.758 -1.551 0.865 -0.6389 0.0000 0.7692
-0.803 -1.551 0.823 -0.6389 0.0000 0.7692
-0.661 -1.301 0.941 -0.6389 0.0000 0.7692
-0.711 -1.301 0.904 -0.6389 0.0000 0.7692
-0.758 -1.301 0.865 -0.6389 0.0000 0.7692
-0.803 -1.301 0.823 -0.6389 0.0000 0.7692
-7.018 -2.125 9.980 -0.6389 0.0000 0.7692
-7.541 -2.125 9.590 -0.6389 0.0000 0.7692
-8.043 -2.125 9.173 -0.6389 0.0000 0.7692
-8.523 -2.125 8.730 -0.6389 0.0000 0.7692
-7.018 -1.425 9.980 -0.6389 0.0000 0.7692
-7.541 -1.425 9.590 -0.6389 0.0000 0.7692
-8.043 -1.425 9.173 -0.6389 0.0000 0.7692
-8.523 -1.425 8.730 -0.6389 0.0000 0.7692
-7.018 -2.125 9.980 0.6389 -0.0000 -0.7692
-7.541 -2.125 9.590 0.6389 -0.0000 -0.7692
-8.043 -2.125 9.173 0.6389 -0.0000 -0.7692
-8.523 -2.125 8.730 0.6389 -0.0000 -0.7692
-7.018 -1.425 9.980 0.6389 -0.0000 -0.7692
-7.541 -1.425 9.590 0.6389 -0.0000 -0.7692
-8.043 -1.425 9.173 0.6389 -0.0000 -0.7692
-8.523 -1.425 8.730 0.6389 -0.0000 -0.7692
-7.018 -1.425 9.980 0.0000 1.0000 0.0000
-7.541 -1.425 9.590 0.0000 1.0000 0.0000
-8.043 -1.425 9.173 0.0000 1.0000 0.0000
-8.523 -1.425 8.730 0.0000 1.0000 0.0000
-6.816 -1.399 9.693 0.0000 1.0000 0.0000
-7.325 -1.399 9.315 0.0000 1.0000 0.0000
-7.813 -1.399 8.910 0.0000 1.0000 0.0000
-8.278 -1.399 8.479 0.0000 1.0000 0.0000
-7.018 -1.425 9.980 -0.0000 -1.0000 -0.0000
-7.541 -1.425 9.590 -0.0000 -1.0000 -0.0000
-8.043 -1.425 9.173 -0.0000 -1.0000 -0.0000
-8.523 -1.425 8.730 -0.0000 -1.0000 -0.0000
-6.816 -1.399 9.693 -0.0000 -1.0000 -0.0000
-7.325 -1.399 9.315 -0.0000 -1.0000 -0.0000
-7.813 -1.399 8.910 -0.0000 -1.0000 -0.0000
-8.278 -1.399 8.479 -0.0000 -1.0000 -0.0000
-0.803 -1.551 0.823 -0.7155 -0.0000 -0.6986
-8.523 -2.375 8.730 -0.7155 -0.0000 -0.6986
-0.803 -1.301 0.823 -0.7155 -0.0000 -0.6986
-8.523 -2.125 8.730 -0.7155 -0.0000 -0.6986
-0.803 -1.551 0.823 0.7155 0.0000 0.6986
-8.523 -2.375 8.730 0.7155 0.0000 0.6986
-0.803 -1.301 0.823 0.7155 0.0000 0.6986
-8.523 -2.125 8.730 0.7155 0.0000 0.6986
0 1 5
0 5 4
8 13 9
8 12 13
1 2 6
1 6 5
9 14 10
9 13 14
2 3 7
2 7 6
10 15 11
10 14 15
16 21 17
16 20 21
24 25 29
24 29 28
17 22 18
17 21 22
25 26 30
25 30 29
18 23 19
18 22 23
26 27 31
26 31 30
32 37 33
32 36 37
40 41 45
40 45 44
33 38 34
33 37 38
41 42 46
41 46 45
34 39 35
34 38 39
42 43 47
42 47 46
48 49 53
48 53 52
56 61 57
56 60 61
49 50 54
49 54 53
57 62 58
57 61 62
50 51 55
50 55 54
58 63 59
58 62 63
64 69 65
64 68 69
72 73 77
72 77 76
65 70 66
65 69 70
73 74 78
73 78 77
66 71 67
66 70 71
74 75 79
74 79 78
80 85 81
80 84 85
88 89 93
88 93 92
81 86 82
81 85 86
89 90 94
89 94 93
82 87 83
82 86 87
90 91 95
90 95 94
96 97 99
96 99 98
100 103 101
100 102 103
LABEL foot_starboard_strut_3
MATERIAL 9
TEXTURE 0
GEOM 50 48 ;foot_starboard_strut_3
-1.188 2.125 0.758 -0.8660 0.0000 -0.5000
-1.036 1.838 0.668 -0.6321 -0.4409 -0.6372
-0.774 1.629 0.690 -0.2288 -0.7637 -0.6037
-0.472 1.552 0.817 0.2358 -0.8818 -0.4085
-0.211 1.629 1.015 0.6372 -0.7637 -0.1037
-0.061 1.838 1.231 0.8679 -0.4409 0.2288
-0.062 2.125 1.408 0.8660 -0.0000 0.5000
-0.214 2.412 1.497 0.6321 0.4409 0.6372
-0.476 2.621 1.475 0.2288 0.7637 0.6037
-0.778 2.698 1.348 -0.2358 0.8818 0.4085
-1.039 2.621 1.150 -0.6372 0.7637 0.1037
-1.189 2.412 0.934 -0.8679 0.4409 -0.2288
-3.090 0.090 4.052 -0.8660 0.0000 -0.5000
-2.938 -0.196 3.963 -0.6321 -0.4409 -0.6372
-2.676 -0.406 3.984 -0.2288 -0.7637 -0.6037
-2.374 -0.483 4.111 0.2358 -0.8818 -0.4085
-2.113 -0.406 4.309 0.6372 -0.7637 -0.1037
-1.963 -0.196 4.526 0.8679 -0.4409 0.2288
-1.964 0.090 4.702 0.8660 -0.0000 0.5000
-2.116 0.377 4.791 0.6321 0.4409 0.6372
-2.378 0.587 4.769 0.2288 0.7637 0.6037
-2.680 0.664 4.642 -0.2358 0.8818 0.4085
-2.941 0.587 4.444 -0.6372 0.7637 0.1037
-3.091 0.377 4.228 -0.8679 0.4409 -0.2288
-0.625 2.125 1.083 0.4409 0.4716 -0.7637
-1.188 2.125 0.758 0.4409 0.4716 -0.7637
-1.036 1.838 0.668 0.4409 0.4716 -0.7637
-0.774 1.629 0.690 0.4409 0.4716 -0.7637
-0.472 1.552 0.817 0.4409 0.4716 -0.7637
-0.211 1.629 1.015 0.4409 0.4716 -0.7637
-0.061 1.838 1.231 0.4409 0.4716 -0.7637
-0.062 2.125 1.408 0.4409 0.4716 -0.7637
-0.214 2.412 1.497 0.4409 0.4716 -0.7637
-0.476 2.621 1.475 0.4409 0.4716 -0.7637
-0.778 2.698 1.348 0.4409 0.4716 -0.7637
-1.039 2.621 1.150 0.4409 0.4716 -0.7637
-1.189 2.412 0.934 0.4409 0.4716 -0.7637
-2.527 0.090 4.377 -0.4409 -0.4716 0.7637
-3.090 0.090 4.052 -0.4409 -0.4716 0.7637
-2.938 -0.196 3.963 -0.4409 -0.4716 0.7637
-2.676 -0.406 3.984 -0.4409 -0.4716 0.7637
-2.374 -0.483 4.111 -0.4409 -0.4716 0.7637
-2.113 -0.406 4.309 -0.4409 -0.4716 0.7637
-1.963 -0.196 4.526 -0.4409 -0.4716 0.7637
-1.964 0.090 4.702 -0.4409 -0.4716 0.7637
-2.116 0.377 4.791 -0.4409 -0.4716 0.7637
-2.378 0.587 4.769 -0.4409 -0.4716 0.7637
-2.680 0.664 4.642 -0.4409 -0.4716 0.7637
-2.941 0.587 4.444 -0.4409 -0.4716 0.7637
-3.091 0.377 4.228 -0.4409 -0.4716 0.7637
0 1 13
0 13 12
1 2 14
1 14 13
2 3 15
2 15 14
3 4 16
3 16 15
4 5 17
4 17 16
5 6 18
5 18 17
6 7 19
6 19 18
7 8 20
7 20 19
8 9 21
8 21 20
9 10 22
9 22 21
10 11 23
10 23 22
11 0 12
11 12 23
24 26 25
24 27 26
24 28 27
24 29 28
24 30 29
24 31 30
24 32 31
24 33 32
24 34 33
24 35 34
24 36 35
24 25 36
37 38 39
37 39 40
37 40 41
37 41 42
37 42 43
37 43 44
37 44 45
37 45 46
37 46 47
37 47 48
37 48 49
37 49 38
LABEL foot_starboard_rod_3
MATERIAL 7
TEXTURE 0
GEOM 42 40 ;foot_starboard_rod_3
-2.522 0.373 3.769 -0.8660 0.0000 -0.5000
-2.431 0.218 3.725 -0.5620 -0.5183 -0.6446
-2.275 0.122 3.756 -0.0433 -0.8386 -0.5430
-2.115 0.122 3.848 0.4919 -0.8386 -0.2340
-2.011 0.218 3.968 0.8392 -0.5183 0.1644
-2.003 0.373 4.069 0.8660 -0.0000 0.5000
-2.094 0.529 4.112 0.5620 0.5183 0.6446
-2.249 0.625 4.081 0.0433 0.8386 0.5430
-2.410 0.625 3.989 -0.4919 0.8386 0.2340
-2.514 0.529 3.869 -0.8392 0.5183 -0.1644
-4.343 -1.574 6.922 -0.8660 0.0000 -0.5000
-4.252 -1.730 6.879 -0.5620 -0.5183 -0.6446
-4.096 -1.826 6.909 -0.0433 -0.8386 -0.5430
-3.936 -1.826 7.002 0.4919 -0.8386 -0.2340
-3.831 -1.730 7.121 0.8392 -0.5183 0.1644
-3.823 -1.574 7.222 0.8660 -0.0000 0.5000
-3.914 -1.419 7.265 0.5620 0.5183 0.6446
-4.070 -1.323 7.235 0.0433 0.8386 0.5430
-4.231 -1.323 7.142 -0.4919 0.8386 0.2340
-4.335 -1.419 7.023 -0.8392 0.5183 -0.1644
-2.262 0.373 3.919 0.4409 0.4716 -0.7637
-2.522 0.373 3.769 0.4409 0.4716 -0.7637
-2.431 0.218 3.725 0.4409 0.4716 -0.7637
-2.275 0.122 3.756 0.4409 0.4716 -0.7637
-2.115 0.122 3.848 0.4409 0.4716 -0.7637
-2.011 0.218 3.968 0.4409 0.4716 -0.7637
-2.003 0.373 4.069 0.4409 0.4716 -0.7637
-2.094 0.529 4.112 0.4409 0.4716 -0.7637
-2.249 0.625 4.081 0.4409 0.4716 -0.7637
-2.410 0.625 3.989 0.4409 0.4716 -0.7637
-2.514 0.529 3.869 0.4409 0.4716 -0.7637
-4.083 -1.574 7.072 -0.4409 -0.4716 0.7637
-4.343 -1.574 6.922 -0.4409 -0.4716 0.7637
-4.252 -1.730 6.879 -0.4409 -0.4716 0.7637
-4.096 -1.826 6.909 -0.4409 -0.4716 0.7637
-3.936 -1.826 7.002 -0.4409 -0.4716 0.7637
-3.831 -1.730 7.121 -0.4409 -0.4716 0.7637
-3.823 -1.574 7.222 -0.4409 -0.4716 0.7637
-3.914 -1.419 7.265 -0.4409 -0.4716 0.7637
-4.070 -1.323 7.235 -0.4409 -0.4716 0.7637
-4.231 -1.323 7.142 -0.4409 -0.4716 0.7637
-4.335 -1.419 7.023 -0.4409 -0.4716 0.7637
0 1 11
0 11 10
1 2 12
1 12 11
2 3 13
2 13 12
3 4 14
3 14 13
4 5 15
4 15 14
5 6 16
5 16 15
6 7 17
6 17 16
7 8 18
7 18 17
8 9 19
8 19 18
9 0 10
9 10 19
20 22 21
20 23 22
20 24 23
20 25 24
20 26 25
20 27 26
20 28 27
20 29 28
20 30 29
20 21 30
31 32 33
31 33 34
31 34 35
31 35 36
31 36 37
31 37 38
31 38 39
31 39 40
31 40 41
31 41 32
LABEL foot_starboard_skirt_3_0
MATERIAL 7
TEXTURE 0
GEOM 16 12 ;foot_starboard_skirt_3_0
-3.299 -3.275 11.746 -0.3467 0.0000 0.9380
-3.922 -3.275 11.552 -0.3467 0.0000 0.9380
-4.535 -3.275 11.326 -0.3467 0.0000 0.9380
-5.134 -3.275 11.067 -0.3467 0.0000 0.9380
-3.299 -2.375 11.746 -0.3467 0.0000 0.9380
-3.922 -2.375 11.552 -0.3467 0.0000 0.9380
-4.535 -2.375 11.326 -0.3467 0.0000 0.9380
-5.134 -2.375 11.067 -0.3467 0.0000 0.9380
-3.299 -3.275 11.746 0.3467 -0.0000 -0.9380
-3.922 -3.275 11.552 0.3467 -0.0000 -0.9380
-4.535 -3.275 11.326 0.3467 -0.0000 -0.9380
-5.134 -3.275 11.067 0.3467 -0.0000 -0.9380
-3.299 -2.375 11.746 0.3467 -0.0000 -0.9380
-3.922 -2.375 11.552 0.3467 -0.0000 -0.9380
-4.535 -2.375 11.326 0.3467 -0.0000 -0.9380
-5.134 -2.375 11.067 0.3467 -0.0000 -0.9380
0 5 1
0 4 5
8 9 13
8 13 12
1 6 2
1 5 6
9 10 14
9 14 13
2 7 3
2 6 7
10 11 15
10 15 14
LABEL foot_starboard_skirt_3_1
MATERIAL 7
TEXTURE 0
GEOM 16 12 ;foot_starboard_skirt_3_1
-5.178 -3.275 11.047 -0.5000 0.0000 0.8660
-5.797 -3.275 10.735 -0.5000 0.0000 0.8660
-6.398 -3.275 10.388 -0.5000 0.0000 0.8660
-6.978 -3.275 10.008 -0.5000 0.0000 0.8660
-5.178 -2.375 11.047 -0.5000 0.0000 0.8660
-5.797 -2.375 10.735 -0.5000 0.0000 0.8660
-6.398 -2.375 10.388 -0.5000 0.0000 0.8660
-6.978 -2.375 10.008 -0.5000 0.0000 0.8660
-5.178 -3.275 11.047 0.5000 -0.0000 -0.8660
-5.797 -3.275 10.735 0.5000 -0.0000 -0.8660
-6.398 -3.275 10.388 0.5000 -0.0000 -0.8660
-6.978 -3.275 10.008 0.5000 -0.0000 -0.8660
-5.178 -2.375 11.047 0.5000 -0.0000 -0.8660
-5.797 -2.375 10.735 0.5000 -0.0000 -0.8660
-6.398 -2.375 10.388 0.5000 -0.0000 -0.8660
-6.978 -2.375 10.008 0.5000 -0.0000 -0.8660
0 5 1
0 4 5
8 9 13
8 13 12
1 6 2
1 5 6
9 10 14
9 14 13
2 7 3
2 6 7
10 11 15
10 15 14
LABEL foot_starboard_skirt_3_2
MATERIAL 7
TEXTURE 0
GEOM 16 12 ;foot_starboard_skirt_3_2
-7.018 -3.275 9.980 -0.6389 0.0000 0.7692
-7.541 -3.275 9.590 -0.6389 0.0000 0.7692
-8.043 -3.275 9.173 -0.6389 0.0000 0.7692
-8.523 -3.275 8.730 -0.6389 0.0000 0.7692
-7.018 -2.375 9.980 -0.6389 0.0000 0.7692
-7.541 -2.375 9.590 -0.6389 0.0000 0.7692
-8.043 -2.375 9.173 -0.6389 0.0000 0.7692
-8.523 -2.375 8.730 -0.6389 0.0000 0.7692
-7.018 -3.275 9.980 0.6389 -0.0000 -0.7692
-7.541 -3.275 9.590 0.6389 -0.0000 -0.7692
-8.043 -3.275 9.173 0.6389 -0.0000 -0.7692
-8.523 -3.275 8.730 0.6389 -0.0000 -0.7692
-7.018 -2.375 9.980 0.6389 -0.0000 -0.7692
-7.541 -2.375 9.590 0.6389 -0.0000 -0.7692
-8.043 -2.375 9.173 0.6389 -0.0000 -0.7692
-8.523 -2.375 8.730 0.6389 -0.0000 -0.7692
0 5 1
0 4 5
8 9 13
8 13 12
1 6 2
1 5 6
9 10 14
9 14 13
2 7 3
2 6 7
10 11 15
10 15 14
LABEL foot_starboard_petal_4
MATERIAL 7
TEXTURE 0
GEOM 66 52 ;foot_starboard_petal_4
-0.707 -1.291 0.812 0.8636 0.0744 -0.4986
-1.057 -1.291 0.206 0.8636 0.0744 -0.4986
-1.089 -0.792 0.225 0.8636 0.0744 -0.4986
-0.739 -0.792 0.831 0.8636 0.0744 -0.4986
-10.060 -2.096 6.212 -0.8636 -0.0744 0.4986
-10.410 -2.096 5.606 -0.8636 -0.0744 0.4986
-10.442 -1.597 5.625 -0.8636 -0.0744 0.4986
-10.092 -1.597 6.231 -0.8636 -0.0744 0.4986
-0.707 -1.291 0.812 0.5000 0.0000 0.8660
-10.060 -2.096 6.212 0.5000 0.0000 0.8660
-10.092 -1.597 6.231 0.5000 0.0000 0.8660
-0.739 -0.792 0.831 0.5000 0.0000 0.8660
-1.057 -1.291 0.206 -0.5000 -0.0000 -0.8660
-10.410 -2.096 5.606 -0.5000 -0.0000 -0.8660
-10.442 -1.597 5.625 -0.5000 -0.0000 -0.8660
-1.089 -0.792 0.225 -0.5000 -0.0000 -0.8660
-0.707 -1.291 0.812 0.0644 -0.9972 -0.0372
-10.060 -2.096 6.212 0.0644 -0.9972 -0.0372
-10.410 -2.096 5.606 0.0644 -0.9972 -0.0372
-1.057 -1.291 0.206 0.0644 -0.9972 -0.0372
-0.739 -0.792 0.831 -0.0644 0.9972 0.0372
-10.092 -1.597 6.231 -0.0644 0.9972 0.0372
-10.442 -1.597 5.625 -0.0644 0.9972 0.0372
-1.089 -0.792 0.225 -0.0644 0.9972 0.0372
-0.208 -1.325 0.640 0.8660 0.0000 -0.5000
-0.258 -1.501 0.668 0.7006 -0.5878 -0.4045
-0.388 -1.610 0.743 0.2676 -0.9511 -0.1545
-0.548 -1.610 0.836 -0.2676 -0.9511 0.1545
-0.678 -1.501 0.911 -0.7006 -0.5878 0.4045
-0.728 -1.325 0.940 -0.8660 -0.0000 0.5000
-0.678 -1.149 0.911 -0.7006 0.5878 0.4045
-0.548 -1.040 0.836 -0.2676 0.9511 0.1545
-0.388 -1.040 0.743 0.2676 0.9511 -0.1545
-0.258 -1.149 0.668 0.7006 0.5878 -0.4045
-0.658 -1.325 -0.140 0.8660 0.0000 -0.5000
-0.708 -1.501 -0.111 0.7006 -0.5878 -0.4045
-0.838 -1.610 -0.036 0.2676 -0.9511 -0.1545
-0.998 -1.610 0.057 -0.2676 -0.9511 0.1545
-1.128 -1.501 0.132 -0.7006 -0.5878 0.4045
-1.178 -1.325 0.160 -0.8660 -0.0000 0.5000
-1.128 -1.149 0.132 -0.7006 0.5878 0.4045
-0.998 -1.040 0.057 -0.2676 0.9511 0.1545
-0.838 -1.040 -0.036 0.2676 0.9511 -0.1545
-0.708 -1.149 -0.111 0.7006 0.5878 -0.4045
-0.468 -1.325 0.790 0.5000 -0.0000 0.8660
-0.208 -1.325 0.640 0.5000 -0.0000 0.8660
-0.258 -1.501 0.668 0.5000 -0.0000 0.8660
-0.388 -1.610 0.743 0.5000 -0.0000 0.8660
-0.548 -1.610 0.836 0.5000 -0.0000 0.8660
-0.678 -1.501 0.911 0.5000 -0.0000 0.8660
-0.728 -1.325 0.940 0.5000 -0.0000 0.8660
-0.678 -1.149 0.911 0.5000 -0.0000 0.8660
-0.548 -1.040 0.836 0.5000 -0.0000 0.8660
-0.388 -1.040 0.743 0.5000 -0.0000 0.8660
-0.258 -1.149 0.668 0.5000 -0.0000 0.8660
-0.918 -1.325 0.010 -0.5000 0.0000 -0.8660
-0.658 -1.325 -0.140 -0.5000 0.0000 -0.8660
-0.708 -1.501 -0.111 -0.5000 0.0000 -0.8660
-0.838 -1.610 -0.036 -0.5000 0.0000 -0.8660
-0.998 -1.610 0.057 -0.5000 0.0000 -0.8660
-1.128 -1.501 0.132 -0.5000 0.0000 -0.8660
-1.178 -1.325 0.160 -0.5000 0.0000 -0.8660
-1.128 -1.149 0.132 -0.5000 0.0000 -0.8660
-0.998 -1.040 0.057 -0.5000 0.0000 -0.8660
-0.838 -1.040 -0.036 -0.5000 0.0000 -0.8660
-0.708 -1.149 -0.111 -0.5000 0.0000 -0.8660
0 1 2
0 2 3
4 6 5
4 7 6
8 10 9
8 11 10
12 13 14
12 14 15
16 17 18
16 18 19
20 22 21
20 23 22
24 25 35
24 35 34
25 26 36
25 36 35
26 27 37
26 37 36
27 28 38
27 38 37
28 29 39
28 39 38
29 30 40
29 40 39
30 31 41
30 41 40
31 32 42
31 42 41
32 33 43
32 43 42
33 24 34
33 34 43
44 46 45
44 47 46
44 48 47
44 49 48
44 50 49
44 51 50
44 52 51
44 53 52
44 54 53
44 45 54
55 56 57
55 57 58
55 58 59
55 59 60
55 60 61
55 61 62
55 62 63
55 63 64
55 64 65
55 65 56
LABEL foot_starboard_slat_4_0
MATERIAL 7
TEXTURE 0
GEOM 104 76 ;foot_starboard_slat_4_0
-0.823 -1.301 0.803 -0.0644 0.9972 0.0372
-0.865 -1.301 0.758 -0.0644 0.9972 0.0372
-0.904 -1.301 0.711 -0.0644 0.9972 0.0372
-0.941 -1.301 0.661 -0.0644 0.9972 0.0372
-8.730 -2.125 8.523 -0.0644 0.9972 0.0372
-9.173 -2.125 8.043 -0.0644 0.9972 0.0372
-9.590 -2.125 7.541 -0.0644 0.9972 0.0372
-9.980 -2.125 7.018 -0.0644 0.9972 0.0372
-0.823 -1.301 0.803 0.0644 -0.9972 -0.0372
-0.865 -1.301 0.758 0.0644 -0.9972 -0.0372
-0.904 -1.301 0.711 0.0644 -0.9972 -0.0372
-0.941 -1.301 0.661 0.0644 -0.9972 -0.0372
-8.730 -2.125 8.523 0.0644 -0.9972 -0.0372
-9.173 -2.125 8.043 0.0644 -0.9972 -0.0372
-9.590 -2.125 7.541 0.0644 -0.9972 -0.0372
-9.980 -2.125 7.018 0.0644 -0.9972 -0.0372
-0.823 -1.551 0.803 0.0644 -0.9972 -0.0372
-0.865 -1.551 0.758 0.0644 -0.9972 -0.0372
-0.904 -1.551 0.711 0.0644 -0.9972 -0.0372
-0.941 -1.551 0.661 0.0644 -0.9972 -0.0372
-8.730 -2.375 8.523 0.0644 -0.9972 -0.0372
-9.173 -2.375 8.043 0.0644 -0.9972 -0.0372
-9.590 -2.375 7.541 0.0644 -0.9972 -0.0372
-9.980 -2.375 7.018 0.0644 -0.9972 -0.0372
-0.823 -1.551 0.803 -0.0644 0.9972 0.0372
-0.865 -1.551 0.758 -0.0644 0.9972 0.0372
-0.904 -1.551 0.711 -0.0644 0.9972 0.0372
-0.941 -1.551 0.661 -0.0644 0.9972 0.0372
-8.730 -2.375 8.523 -0.0644 0.9972 0.0372
-9.173 -2.375 8.043 -0.0644 0.9972 0.0372
-9.590 -2.375 7.541 -0.0644 0.9972 0.0372
-9.980 -2.375 7.018 -0.0644 0.9972 0.0372
-8.730 -2.375 8.523 -0.7692 0.0000 0.6389
-9.173 -2.375 8.043 -0.7692 0.0000 0.6389
-9.590 -2.375 7.541 -0.7692 0.0000 0.6389
-9.980 -2.375 7.018 -0.7692 0.0000 0.6389
-8.730 -2.125 8.523 -0.7692 0.0000 0.6389
-9.173 -2.125 8.043 -0.7692 0.0000 0.6389
-9.590 -2.125 7.541 -0.7692 0.0000 0.6389
-9.980 -2.125 7.018 -0.7692 0.0000 0.6389
-8.730 -2.375 8.523 0.7692 -0.0000 -0.6389
-9.173 -2.375 8.043 0.7692 -0.0000 -0.6389
-9.590 -2.375 7.541 0.7692 -0.0000 -0.6389
-9.980 -2.375 7.018 0.7692 -0.0000 -0.6389
-8.730 -2.125 8.523 0.7692 -0.0000 -0.6389
-9.173 -2.125 8.043 0.7692 -0.0000 -0.6389
-9.590 -2.125 7.541 0.7692 -0.0000 -0.6389
-9.980 -2.125 7.018 0.7692 -0.0000 -0.6389
-0.823 -1.551 0.803 0.7692 -0.0000 -0.6389
-0.865 -1.551 0.758 0.7692 -0.0000 -0.6389
-0.904 -1.551 0.711 0.7692 -0.0000 -0.6389
-0.941 -1.551 0.661 0.7692 -0.0000 -0.6389
-0.823 -1.301 0.803 0.7692 -0.0000 -0.6389
-0.865 -1.301 0.758 0.7692 -0.0000 -0.6389
-0.904 -1.301 0.711 0.7692 -0.0000 -0.6389
-0.941 -1.301 0.661 0.7692 -0.0000 -0.6389
-0.823 -1.551 0.803 -0.7692 0.0000 0.6389
-0.865 -1.551 0.758 -0.7692 0.0000 0.6389
-0.904 -1.551 0.711 -0.7692 0.0000 0.6389
-0.941 -1.551 0.661 -0.7692 0.0000 0.6389
-0.823 -1.301 0.803 -0.7692 0.0000 0.6389
-0.865 -1.301 0.758 -0.7692 0.0000 0.6389
-0.904 -1.301 0.711 -0.7692 0.0000 0.6389
-0.941 -1.301 0.661 -0.7692 0.0000 0.6389
-8.730 -2.125 8.523 -0.7692 0.0000 0.6389
-9.173 -2.125 8.043 -0.7692 0.0000 0.6389
-9.590 -2.125 7.541 -0.7692 0.0000 0.6389
-9.980 -2.125 7.018 -0.7692 0.0000 0.6389
-8.730 -1.425 8.523 -0.7692 0.0000 0.6389
-9.173 -1.425 8.043 -0.7692 0.0000 0.6389
-9.590 -1.425 7.541 -0.7692 0.0000 0.6389
-9.980 -1.425 7.018 -0.7692 0.0000 0.6389
-8.730 -2.125 8.523 0.7692 -0.0000 -0.6389
-9.173 -2.125 8.043 0.7692 -0.0000 -0.6389
-9.590 -2.125 7.541 0.7692 -0.0000 -0.6389
-9.980 -2.125 7.018 0.7692 -0.0000 -0.6389
-8.730 -1.425 8.523 0.7692 -0.0000 -0.6389
-9.173 -1.425 8.043 0.7692 -0.0000 -0.6389
-9.590 -1.425 7.541 0.7692 -0.0000 -0.6389
-9.980 -1.425 7.018 0.7692 -0.0000 -0.6389
-8.730 -1.425 8.523 0.0000 1.0000 0.0000
-9.173 -1.425 8.043 0.0000 1.0000 0.0000
-9.590 -1.425 7.541 0.0000 1.0000 0.0000
-9.980 -1.425 7.018 0.0000 1.0000 0.0000
-8.479 -1.399 8.278 0.0000 1.0000 0.0000
-8.910 -1.399 7.813 0.0000 1.0000 0.0000
-9.315 -1.399 7.325 0.0000 1.0000 0.0000
-9.693 -1.399 6.816 0.0000 1.0000 0.0000
-8.730 -1.425 8.523 -0.0000 -1.0000 -0.0000
-9.173 -1.425 8.043 -0.0000 -1.0000 -0.0000
-9.590 -1.425 7.541 -0.0000 -1.0000 -0.0000
-9.980 -1.425 7.018 -0.0000 -1.0000 -0.0000
-8.479 -1.399 8.278 -0.0000 -1.0000 -0.0000
-8.910 -1.399 7.813 -0.0000 -1.0000 -0.0000
-9.315 -1.399 7.325 -0.0000 -1.0000 -0.0000
-9.693 -1.399 6.816 -0.0000 -1.0000 -0.0000
-0.823 -1.551 0.803 -0.6986 -0.0000 -0.7155
-8.730 -2.375 8.523 -0.6986 -0.0000 -0.7155
-0.823 -1.301 0.803 -0.6986 -0.0000 -0.7155
-8.730 -2.125 8.523 -0.6986 -0.0000 -0.7155
-0.823 -1.551 0.803 0.6986 0.0000 0.7155
-8.730 -2.375 8.523 0.6986 0.0000 0.7155
-0.823 -1.301 0.803 0.6986 0.0000 0.7155
-8.730 -2.125 8.523 0.6986 0.0000 0.7155
0 1 5
0 5 4
8 13 9
8 12 13
1 2 6
1 6 5
9 14 10
9 13 14
2 3 7
2 7 6
10 15 11
10 14 15
16 21 17
16 20 21
24 25 29
24 29 28
17 22 18
17 21 22
25 26 30
25 30 29
18 23 19
18 22 23
26 27 31
26 31 30
32 37 33
32 36 37
40 41 45
40 45 44
33 38 34
33 37 38
41 42 46
41 46 45
34 39 35
34 38 39
42 43 47
42 47 46
48 49 53
48 53 52
56 61 57
56 60 61
49 50 54
49 54 53
57 62 58
57 61 62
50 51 55
50 55 54
58 63 59
58 62 63
64 69 65
64 68 69
72 73 77
72 77 76
65 70 66
65 69 70
73 74 78
73 78 77
66 71 67
66 70 71
74 75 79
74 79 78
80 85 81
80 84 85
88 89 93
88 93 92
81 86 82
81 85 86
89 90 94
89 94 93
82 87 83
82 86 87
90 91 95
90 95 94
96 97 99
96 99 98
100 103 101
100 102 103
LABEL foot_starboard_slat_4_1
MATERIAL 7
TEXTURE 0
GEOM 96 72 ;foot_starboard_slat_4_1
-0.943 -1.301 0.658 -0.0644 0.9972 0.0372
-0.979 -1.301 0.603 -0.0644 0.9972 0.0372
-1.012 -1.301 0.546 -0.0644 0.9972 0.0372
-1.041 -1.301 0.488 -0.0644 0.9972 0.0372
-10.008 -2.125 6.978 -0.0644 0.9972 0.0372
-10.388 -2.125 6.398 -0.0644 0.9972 0.0372
-10.735 -2.125 5.797 -0.0644 0.9972 0.0372
-11.047 -2.125 5.178 -0.0644 0.9972 0.0372
-0.943 -1.301 0.658 0.0644 -0.9972 -0.0372
-0.979 -1.301 0.603 0.0644 -0.9972 -0.0372
-1.012 -1.301 0.546 0.0644 -0.9972 -0.0372
-1.041 -1.301 0.488 0.0644 -0.9972 -0.0372
-10.008 -2.125 6.978 0.0644 -0.9972 -0.0372
-10.388 -2.125 6.398 0.0644 -0.9972 -0.0372
-10.735 -2.125 5.797 0.0644 -0.9972 -0.0372
-11.047 -2.125 5.178 0.0644 -0.9972 -0.0372
-0.943 -1.551 0.658 0.0644 -0.9972 -0.0372
-0.979 -1.551 0.603 0.0644 -0.9972 -0.0372
-1.012 -1.551 0.546 0.0644 -0.9972 -0.0372
-1.041 -1.551 0.488 0.0644 -0.9972 -0.0372
-10.008 -2.375 6.978 0.0644 -0.9972 -0.0372
-10.388 -2.375 6.398 0.0644 -0.9972 -0.0372
-10.735 -2.375 5.797 0.0644 -0.9972 -0.0372
-11.047 -2.375 5.178 0.0644 -0.9972 -0.0372
-0.943 -1.551 0.658 -0.0644 0.9972 0.0372
-0.979 -1.551 0.603 -0.0644 0.9972 0.0372
-1.012 -1.551 0.546 -0.0644 0.9972 0.0372
-1.041 -1.551 0.488 -0.0644 0.9972 0.0372
-10.008 -2.375 6.978 -0.0644 0.9972 0.0372
-10.388 -2.375 6.398 -0.0644 0.9972 0.0372
-10.735 -2.375 5.797 -0.0644 0.9972 0.0372
-11.047 -2.375 5.178 -0.0644 0.9972 0.0372
-10.008 -2.375 6.978 -0.8660 0.0000 0.5000
-10.388 -2.375 6.398 -0.8660 0.0000 0.5000
-10.735 -2.375 5.797 -0.8660 0.0000 0.5000
-11.047 -2.375 5.178 -0.8660 0.0000 0.5000
-10.008 -2.125 6.978 -0.8660 0.0000 0.5000
-10.388 -2.125 6.398 -0.8660 0.0000 0.5000
-10.735 -2.125 5.797 -0.8660 0.0000 0.5000
-11.047 -2.125 5.178 -0.8660 0.0000 0.5000
-10.008 -2.375 6.978 0.8660 -0.0000 -0.5000
-10.388 -2.375 6.398 0.8660 -0.0000 -0.5000
-10.735 -2.375 5.797 0.8660 -0.0000 -0.5000
-11.047 -2.375 5.178 0.8660 -0.0000 -0.5000
-10.008 -2.125 6.978 0.8660 -0.0000 -0.5000
-10.388 -2.125 6.398 0.8660 -0.0000 -0.5000
-10.735 -2.125 5.797 0.8660 -0.0000 -0.5000
-11.047 -2.125 5.178 0.8660 -0.0000 -0.5000
-0.943 -1.551 0.658 0.8660 -0.0000 -0.5000
-0.979 -1.551 0.603 0.8660 -0.0000 -0.5000
-1.012 -1.551 0.546 0.8660 -0.0000 -0.5000
-1.041 -1.551 0.488 0.8660 -0.0000 -0.5000
-0.943 -1.301 0.658 0.8660 -0.0000 -0.5000
-0.979 -1.301 0.603 0.8660 -0.0000 -0.5000
-1.012 -1.301 0.546 0.8660 -0.0000 -0.5000
-1.041 -1.301 0.488 0.8660 -0.0000 -0.5000
-0.943 -1.551 0.658 -0.8660 0.0000 0.5000
-0.979 -1.551 0.603 -0.8660 0.0000 0.5000
-1.012 -1.551 0.546 -0.8660 0.0000 0.5000
-1.041 -1.551 0.488 -0.8660 0.0000 0.5000
-0.943 -1.301 0.658 -0.8660 0.0000 0.5000
-0.979 -1.301 0.603 -0.8660 0.0000 0.5000
-1.012 -1.301 0.546 -0.8660 0.0000 0.5000
-1.041 -1.301 0.488 -0.8660 0.0000 0.5000
-10.008 -2.125 6.978 -0.8660 0.0000 0.5000
-10.388 -2.125 6.398 -0.8660 0.0000 0.5000
-10.735 -2.125 5.797 -0.8660 0.0000 0.5000
-11.047 -2.125 5.178 -0.8660 0.0000 0.5000
-10.008 -1.425 6.978 -0.8660 0.0000 0.5000
-10.388 -1.425 6.398 -0.8660 0.0000 0.5000
-10.735 -1.425 5.797 -0.8660 0.0000 0.5000
-11.047 -1.425 5.178 -0.8660 0.0000 0.5000
-10.008 -2.125 6.978 0.8660 -0.0000 -0.5000
-10.388 -2.125 6.398 0.8660 -0.0000 -0.5000
-10.735 -2.125 5.797 0.8660 -0.0000 -0.5000
-11.047 -2.125 5.178 0.8660 -0.0000 -0.5000
-10.008 -1.425 6.978 0.8660 -0.0000 -0.5000
-10.388 -1.425 6.398 0.8660 -0.0000 -0.5000
-10.735 -1.425 5.797 0.8660 -0.0000 -0.5000
-11.047 -1.425 5.178 0.8660 -0.0000 -0.5000
-10.008 -1.425 6.978 0.0000 1.0000 0.0000
-10.388 -1.425 6.398 0.0000 1.0000 0.0000
-10.735 -1.425 5.797 0.0000 1.0000 0.0000
-11.047 -1.425 5.178 0.0000 1.0000 0.0000
-9.721 -1.399 6.777 0.0000 1.0000 0.0000
-10.090 -1.399 6.214 0.0000 1.0000 0.0000
-10.427 -1.399 5.631 0.0000 1.0000 0.0000
-10.730 -1.399 5.029 0.0000 1.0000 0.0000
-10.008 -1.425 6.978 -0.0000 -1.0000 -0.0000
-10.388 -1.425 6.398 -0.0000 -1.0000 -0.0000
-10.735 -1.425 5.797 -0.0000 -1.0000 -0.0000
-11.047 -1.425 5.178 -0.0000 -1.0000 -0.0000
-9.721 -1.399 6.777 -0.0000 -1.0000 -0.0000
-10.090 -1.399 6.214 -0.0000 -1.0000 -0.0000
-10.427 -1.399 5.631 -0.0000 -1.0000 -0.0000
-10.730 -1.399 5.029 -0.0000 -1.0000 -0.0000
0 1 5
0 5 4
8 13 9
8 12 13
1 2 6
1 6 5
9 14 10
9 13 14
2 3 7
2 7 6
10 15 11
10 14 15
16 21 17
16 20 21
24 25 29
24 29 28
17 22 18
17 21 22
25 26 30
25 30 29
18 23 19
18 22 23
26 27 31
26 31 30
32 37 33
32 36 37
40 41 45
40 45 44
33 38 34
33 37 38
41 42 46
41 46 45
34 39 35
34 38 39
42 43 47
42 47 46
48 49 53
48 53 52
56 61 57
56 60 61
49 50 54
49 54 53
57 62 58
57 61 62
50 51 55
50 55 54
58 63 59
58 62 63
64 69 65
64 68 69
72 73 77
72 77 76
65 70 66
65 69 70
73 74 78
73 78 77
66 71 67
66 70 71
74 75 79
74 79 78
80 85 81
80 84 85
88 89 93
88 93 92
81 86 82
81 85 86
89 90 94
89 94 93
82 87 83
82 86 87
90 91 95
90 95 94
LABEL foot_starboard_slat_4_2
MATERIAL 7
TEXTURE 0
GEOM 104 76 ;foot_starboard_slat_4_2
-1.043 -1.301 0.484 -0.0644 0.9972 0.0372
-1.068 -1.301 0.427 -0.0644 0.9972 0.0372
-1.089 -1.301 0.370 -0.0644 0.9972 0.0372
-1.107 -1.301 0.311 -0.0644 0.9972 0.0372
-11.067 -2.125 5.134 -0.0644 0.9972 0.0372
-11.326 -2.125 4.535 -0.0644 0.9972 0.0372
-11.552 -2.125 3.922 -0.0644 0.9972 0.0372
-11.746 -2.125 3.299 -0.0644 0.9972 0.0372
-1.043 -1.301 0.484 0.0644 -0.9972 -0.0372
-1.068 -1.301 0.427 0.0644 -0.9972 -0.0372
-1.089 -1.301 0.370 0.0644 -0.9972 -0.0372
-1.107 -1.301 0.311 0.0644 -0.9972 -0.0372
-11.067 -2.125 5.134 0.0644 -0.9972 -0.0372
-11.326 -2.125 4.535 0.0644 -0.9972 -0.0372
-11.552 -2.125 3.922 0.0644 -0.9972 -0.0372
-11.746 -2.125 3.299 0.0644 -0.9972 -0.0372
-1.043 -1.551 0.484 0.0644 -0.9972 -0.0372
-1.068 -1.551 0.427 0.0644 -0.9972 -0.0372
-1.089 -1.551 0.370 0.0644 -0.9972 -0.0372
-1.107 -1.551 0.311 0.0644 -0.9972 -0.0372
-11.067 -2.375 5.134 0.0644 -0.9972 -0.0372
-11.326 -2.375 4.535 0.0644 -0.9972 -0.0372
-11.552 -2.375 3.922 0.0644 -0.9972 -0.0372
-11.746 -2.375 3.299 0.0644 -0.9972 -0.0372
-1.043 -1.551 0.484 -0.0644 0.9972 0.0372
-1.068 -1.551 0.427 -0.0644 0.9972 0.0372
-1.089 -1.551 0.370 -0.0644 0.9972 0.0372
-1.107 -1.551 0.311 -0.0644 0.9972 0.0372
-11.067 -2.375 5.134 -0.0644 0.9972 0.0372
-11.326 -2.375 4.535 -0.0644 0.9972 0.0372
-11.552 -2.375 3.922 -0.0644 0.9972 0.0372
-11.746 -2.375 3.299 -0.0644 0.9972 0.0372
-11.067 -2.375 5.134 -0.9380 0.0000 0.3467
-11.326 -2.375 4.535 -0.9380 0.0000 0.3467
-11.552 -2.375 3.922 -0.9380 0.0000 0.3467
-11.746 -2.375 3.299 -0.9380 0.0000 0.3467
-11.067 -2.125 5.134 -0.9380 0.0000 0.3467
-11.326 -2.125 4.535 -0.9380 0.0000 0.3467
-11.552 -2.125 3.922 -0.9380 0.0000 0.3467
-11.746 -2.125 3.299 -0.9380 0.0000 0.3467
-11.067 -2.375 5.134 0.9380 -0.0000 -0.3467
-11.326 -2.375 4.535 0.9380 -0.0000 -0.3467
-11.552 -2.375 3.922 0.9380 -0.0000 -0.3467
-11.746 -2.375 3.299 0.9380 -0.0000 -0.3467
-11.067 -2.125 5.134 0.9380 -0.0000 -0.3467
-11.326 -2.125 4.535 0.9380 -0.0000 -0.3467
-11.552 -2.125 3.922 0.9380 -0.0000 -0.3467
-11.746 -2.125 3.299 0.9380 -0.0000 -0.3467
-1.043 -1.551 0.484 0.9380 -0.0000 -0.3467
-1.068 -1.551 0.427 0.9380 -0.0000 -0.3467
-1.089 -1.551 0.370 0.9380 -0.0000 -0.3467
-1.107 -1.551 0.311 0.9380 -0.0000 -0.3467
-1.043 -1.301 0.484 0.9380 -0.0000 -0.3467
-1.068 -1.301 0.427 0.9380 -0.0000 -0.3467
-1.089 -1.301 0.370 0.9380 -0.0000 -0.3467
-1.107 -1.301 0.311 0.9380 -0.0000 -0.3467
-1.043 -1.551 0.484 -0.9380 0.0000 0.3467
-1.068 -1.551 0.427 -0.9380 0.0000 0.3467
-1.089 -1.551 0.370 -0.9380 0.0000 0.3467
-1.107 -1.551 0.311 -0.9380 0.0000 0.3467
-1.043 -1.301 0.484 -0.9380 0.0000 0.3467
-1.068 -1.301 0.427 -0.9380 0.0000 0.3467
-1.089 -1.301 0.370 -0.9380 0.0000 0.3467
-1.107 -1.301 0.311 -0.9380 0.0000 0.3467
-11.067 -2.125 5.134 -0.9380 0.0000 0.3467
-11.326 -2.125 4.535 -0.9380 0.0000 0.3467
-11.552 -2.125 3.922 -0.9380 0.0000 0.3467
-11.746 -2.125 3.299 -0.9380 0.0000 0.3467
-11.067 -1.425 5.134 -0.9380 0.0000 0.3467
-11.326 -1.425 4.535 -0.9380 0.0000 0.3467
-11.552 -1.425 3.922 -0.9380 0.0000 0.3467
-11.746 -1.425 3.299 -0.9380 0.0000 0.3467
-11.067 -2.125 5.134 0.9380 -0.0000 -0.3467
-11.326 -2.125 4.535 0.9380 -0.0000 -0.3467
-11.552 -2.125 3.922 0.9380 -0.0000 -0.3467
-11.746 -2.125 3.299 0.9380 -0.0000 -0.3467
-11.067 -1.425 5.134 0.9380 -0.0000 -0.3467
-11.326 -1.425 4.535 0.9380 -0.0000 -0.3467
-11.552 -1.425 3.922 0.9380 -0.0000 -0.3467
-11.746 -1.425 3.299 0.9380 -0.0000 -0.3467
-11.067 -1.425 5.134 0.0000 1.0000 0.0000
-11.326 -1.425 4.535 0.0000 1.0000 0.0000
-11.552 -1.425 3.922 0.0000 1.0000 0.0000
-11.746 -1.425 3.299 0.0000 1.0000 0.0000
-10.750 -1.399 4.987 0.0000 1.0000 0.0000
-11.001 -1.399 4.404 0.0000 1.0000 0.0000
-11.221 -1.399 3.810 0.0000 1.0000 0.0000
-11.409 -1.399 3.204 0.0000 1.0000 0.0000
-11.067 -1.425 5.134 -0.0000 -1.0000 -0.0000
-11.326 -1.425 4.535 -0.0000 -1.0000 -0.0000
-11.552 -1.425 3.922 -0.0000 -1.0000 -0.0000
-11.746 -1.425 3.299 -0.0000 -1.0000 -0.0000
-10.750 -1.399 4.987 -0.0000 -1.0000 -0.0000
-11.001 -1.399 4.404 -0.0000 -1.0000 -0.0000
-11.221 -1.399 3.810 -0.0000 -1.0000 -0.0000
-11.409 -1.399 3.204 -0.0000 -1.0000 -0.0000
-1.107 -1.551 0.311 -0.2704 -0.0000 -0.9628
-11.746 -2.375 3.299 -0.2704 -0.0000 -0.9628
-1.107 -1.301 0.311 -0.2704 -0.0000 -0.9628
-11.746 -2.125 3.299 -0.2704 -0.0000 -0.9628
-1.107 -1.551 0.311 0.2704 0.0000 0.9628
-11.746 -2.375 3.299 0.2704 0.0000 0.9628
-1.107 -1.301 0.311 0.2704 0.0000 0.9628
-11.746 -2.125 3.299 0.2704 0.0000 0.9628
0 1 5
0 5 4
8 13 9
8 12 13
1 2 6
1 6 5
9 14 10
9 13 14
2 3 7
2 7 6
10 15 11
10 14 15
16 21 17
16 20 21
24 25 29
24 29 28
17 22 18
17 21 22
25 26 30
25 30 29
18 23 19
18 22 23
26 27 31
26 31 30
32 37 33
32 36 37
40 41 45
40 45 44
33 38 34
33 37 38
41 42 46
41 46 45
34 39 35
34 38 39
42 43 47
42 47 46
48 49 53
48 53 52
56 61 57
56 60 61
49 50 54
49 54 53
57 62 58
57 61 62
50 51 55
50 55 54
58 63 59
58 62 63
64 69 65
64 68 69
72 73 77
72 77 76
65 70 66
65 69 70
73 74 78
73 78 77
66 71 67
66 70 71
74 75 79
74 79 78
80 85 81
80 84 85
88 89 93
88 93 92
81 86 82
81 85 86
89 90 94
89 94 93
82 87 83
82 86 87
90 91 95
90 95 94
96 97 99
96 99 98
100 103 101
100 102 103
LABEL foot_starboard_strut_4
MATERIAL 9
TEXTURE 0
GEOM 50 48 ;foot_starboard_strut_4
-1.408 2.125 0.062 -0.5000 0.0000 -0.8660
-1.231 1.838 0.061 -0.2288 -0.4409 -0.8679
-1.015 1.629 0.211 0.1037 -0.7637 -0.6372
-0.817 1.552 0.472 0.4085 -0.8818 -0.2358
-0.690 1.629 0.774 0.6037 -0.7637 0.2288
-0.668 1.838 1.036 0.6372 -0.4409 0.6321
-0.758 2.125 1.188 0.5000 -0.0000 0.8660
-0.934 2.412 1.189 0.2288 0.4409 0.8679
-1.150 2.621 1.039 -0.1037 0.7637 0.6372
-1.348 2.698 0.778 -0.4085 0.8818 0.2358
-1.475 2.621 0.476 -0.6037 0.7637 -0.2288
-1.497 2.412 0.214 -0.6372 0.4409 -0.6321
-4.702 0.090 1.964 -0.5000 0.0000 -0.8660
-4.526 -0.196 1.963 -0.2288 -0.4409 -0.8679
-4.309 -0.406 2.113 0.1037 -0.7637 -0.6372
-4.111 -0.483 2.374 0.4085 -0.8818 -0.2358
-3.984 -0.406 2.676 0.6037 -0.7637 0.2288
-3.963 -0.196 2.938 0.6372 -0.4409 0.6321
-4.052 0.090 3.090 0.5000 -0.0000 0.8660
-4.228 0.377 3.091 0.2288 0.4409 0.8679
-4.444 0.587 2.941 -0.1037 0.7637 0.6372
-4.642 0.664 2.680 -0.4085 0.8818 0.2358
-4.769 0.587 2.378 -0.6037 0.7637 -0.2288
-4.791 0.377 2.116 -0.6372 0.4409 -0.6321
-1.083 2.125 0.625 0.7637 0.4716 -0.4409
-1.408 2.125 0.062 0.7637 0.4716 -0.4409
-1.231 1.838 0.061 0.7637 0.4716 -0.4409
-1.015 1.629 0.211 0.7637 0.4716 -0.4409
-0.817 1.552 0.472 0.7637 0.4716 -0.4409
-0.690 1.629 0.774 0.7637 0.4716 -0.4409
-0.668 1.838 1.036 0.7637 0.4716 -0.4409
-0.758 2.125 1.188 0.7637 0.4716 -0.4409
-0.934 2.412 1.189 0.7637 0.4716 -0.4409
-1.150 2.621 1.039 0.7637 0.4716 -0.4409
-1.348 2.698 0.778 0.7637 0.4716 -0.4409
-1.475 2.621 0.476 0.7637 0.4716 -0.4409
-1.497 2.412 0.214 0.7637 0.4716 -0.4409
-4.377 0.090 2.527 -0.7637 -0.4716 0.4409
-4.702 0.090 1.964 -0.7637 -0.4716 0.4409
-4.526 -0.196 1.963 -0.7637 -0.4716 0.4409
-4.309 -0.406 2.113 -0.7637 -0.4716 0.4409
-4.111 -0.483 2.374 -0.7637 -0.4716 0.4409
-3.984 -0.406 2.676 -0.7637 -0.4716 0.4409
-3.963 -0.196 2.938 -0.7637 -0.4716 0.4409
-4.052 0.090 3.090 -0.7637 -0.4716 0.4409
-4.228 0.377 3.091 -0.7637 -0.4716 0.4409
-4.444 0.587 2.941 -0.7637 -0.4716 0.4409
-4.642 0.664 2.680 -0.7637 -0.4716 0.4409
-4.769 0.587 2.378 -0.7637 -0.4716 0.4409
-4.791 0.377 2.116 -0.7637 -0.4716 0.4409
0 1 13
0 13 12
1 2 14
1 14 13
2 3 15
2 15 14
3 4 16
3 16 15
4 5 17
4 17 16
5 6 18
5 18 17
6 7 19
6 19 18
7 8 20
7 20 19
8 9 21
8 21 20
9 10 22
9 22 21
10 11 23
10 23 22
11 0 12
11 12 23
24 26 25
24 27 26
24 28 27
24 29 28
24 30 29
24 31 30
24 32 31
24 33 32
24 34 33
24 35 34
24 36 35
24 25 36
37 38 39
37 39 40
37 40 41
37 41 42
37 42 43
37 43 44
37 44 45
37 45 46
37 46 47
37 47 48
37 48 49
37 49 38
LABEL foot_starboard_rod_4
MATERIAL 7
TEXTURE 0
GEOM 42 40 ;foot_starboard_rod_4
-4.069 0.373 2.003 -0.5000 0.0000 -0.8660
-3.968 0.218 2.011 -0.1644 -0.5183 -0.8392
-3.848 0.122 2.115 0.2340 -0.8386 -0.4919
-3.756 0.122 2.275 0.5430 -0.8386 0.0433
-3.725 0.218 2.431 0.6446 -0.5183 0.5620
-3.769 0.373 2.522 0.5000 -0.0000 0.8660
-3.869 0.529 2.514 0.1644 0.5183 0.8392
-3.989 0.625 2.410 -0.2340 0.8386 0.4919
-4.081 0.625 2.249 -0.5430 0.8386 -0.0433
-4.112 0.529 2.094 -0.6446 0.5183 -0.5620
-7.222 -1.574 3.823 -0.5000 0.0000 -0.8660
-7.121 -1.730 3.831 -0.1644 -0.5183 -0.8392
-7.002 -1.826 3.936 0.2340 -0.8386 -0.4919
-6.909 -1.826 4.096 0.5430 -0.8386 0.0433
-6.879 -1.730 4.252 0.6446 -0.5183 0.5620
-6.922 -1.574 4.343 0.5000 -0.0000 0.8660
-7.023 -1.419 4.335 0.1644 0.5183 0.8392
-7.142 -1.323 4.231 -0.2340 0.8386 0.4919
-7.235 -1.323 4.070 -0.5430 0.8386 -0.0433
-7.265 -1.419 3.914 -0.6446 0.5183 -0.5620
-3.919 0.373 2.262 0.7637 0.4716 -0.4409
-4.069 0.373 2.003 0.7637 0.4716 -0.4409
-3.968 0.218 2.011 0.7637 0.4716 -0.4409
-3.848 0.122 2.115 0.7637 0.4716 -0.4409
-3.756 0.122 2.275 0.7637 0.4716 -0.4409
-3.725 0.218 2.431 0.7637 0.4716 -0.4409
-3.769 0.373 2.522 0.7637 0.4716 -0.4409
-3.869 0.529 2.514 0.7637 0.4716 -0.4409
-3.989 0.625 2.410 0.7637 0.4716 -0.4409
-4.081 0.625 2.249 0.7637 0.4716 -0.4409
-4.112 0.529 2.094 0.7637 0.4716 -0.4409
-7.072 -1.574 4.083 -0.7637 -0.4716 0.4409
-7.222 -1.574 3.823 -0.7637 -0.4716 0.4409
-7.121 -1.730 3.831 -0.7637 -0.4716 0.4409
-7.002 -1.826 3.936 -0.7637 -0.4716 0.4409
-6.909 -1.826 4.096 -0.7637 -0.4716 0.4409
-6.879 -1.730 4.252 -0.7637 -0.4716 0.4409
-6.922 -1.574 4.343 -0.7637 -0.4716 0.4409
-7.023 -1.419 4.335 -0.7637 -0.4716 0.4409
-7.142 -1.323 4.231 -0.7637 -0.4716 0.4409
-7.235 -1.323 4.070 -0.7637 -0.4716 0.4409
-7.265 -1.419 3.914 -0.7637 -0.4716 0.4409
0 1 11
0 11 10
1 2 12
1 12 11
2 3 13
2 13 12
3 4 14
3 14 13
4 5 15
4 15 14
5 6 16
5 16 15
6 7 17
6 17 16
7 8 18
7 18 17
8 9 19
8 19 18
9 0 10
9 10 19
20 22 21
20 23 22
20 24 23
20 25 24
20 26 25
20 27 26
20 28 27
20 29 28
20 30 29
20 21 30
31 32 33
31 33 34
31 34 35
31 35 36
31 36 37
31 37 38
31 38 39
31 39 40
31 40 41
31 41 32
LABEL foot_starboard_skirt_4_0
MATERIAL 7
TEXTURE 0
GEOM 16 12 ;foot_starboard_skirt_4_0
-8.730 -3.275 8.523 -0.7692 0.0000 0.6389
-9.173 -3.275 8.043 -0.7692 0.0000 0.6389
-9.590 -3.275 7.541 -0.7692 0.0000 0.6389
-9.980 -3.275 7.018 -0.7692 0.0000 0.6389
-8.730 -2.375 8.523 -0.7692 0.0000 0.6389
-9.173 -2.375 8.043 -0.7692 0.0000 0.6389
-9.590 -2.375 7.541 -0.7692 0.0000 0.6389
-9.980 -2.375 7.018 -0.7692 0.0000 0.6389
-8.730 -3.275 8.523 0.7692 -0.0000 -0.6389
-9.173 -3.275 8.043 0.7692 -0.0000 -0.6389
-9.590 -3.275 7.541 0.7692 -0.0000 -0.6389
-9.980 -3.275 7.018 0.7692 -0.0000 -0.6389
-8.730 -2.375 8.523 0.7692 -0.0000 -0.6389
-9.173 -2.375 8.043 0.7692 -0.0000 -0.6389
-9.590 -2.375 7.541 0.7692 -0.0000 -0.6389
-9.980 -2.375 7.018 0.7692 -0.0000 -0.6389
0 5 1
0 4 5
8 9 13
8 13 12
1 6 2
1 5 6
9 10 14
9 14 13
2 7 3
2 6 7
10 11 15
10 15 14
LABEL foot_starboard_skirt_4_1
MATERIAL 7
TEXTURE 0
GEOM 16 12 ;foot_starboard_skirt_4_1
-10.008 -3.275 6.978 -0.8660 0.0000 0.5000
-10.388 -3.275 6.398 -0.8660 0.0000 0.5000
-10.735 -3.275 5.797 -0.8660 0.0000 0.5000
-11.047 -3.275 5.178 -0.8660 0.0000 0.5000
-10.008 -2.375 6.978 -0.8660 0.0000 0.5000
-10.388 -2.375 6.398 -0.8660 0.0000 0.5000
-10.735 -2.375 5.797 -0.8660 0.0000 0.5000
-11.047 -2.375 5.178 -0.8660 0.0000 0.5000
-10.008 -3.275 6.978 0.8660 -0.0000 -0.5000
-10.388 -3.275 6.398 0.8660 -0.0000 -0.5000
-10.735 -3.275 5.797 0.8660 -0.0000 -0.5000
-11.047 -3.275 5.178 0.8660 -0.0000 -0.5000
-10.008 -2.375 6.978 0.8660 -0.0000 -0.5000
-10.388 -2.375 6.398 0.8660 -0.0000 -0.5000
-10.735 -2.375 5.797 0.8660 -0.0000 -0.5000
-11.047 -2.375 5.178 0.8660 -0.0000 -0.5000
0 5 1
0 4 5
8 9 13
8 13 12
1 6 2
1 5 6
9 10 14
9 14 13
2 7 3
2 6 7
10 11 15
10 15 14
LABEL foot_starboard_skirt_4_2
MATERIAL 7
TEXTURE 0
GEOM 16 12 ;foot_starboard_skirt_4_2
-11.067 -3.275 5.134 -0.9380 0.0000 0.3467
-11.326 -3.275 4.535 -0.9380 0.0000 0.3467
-11.552 -3.275 3.922 -0.9380 0.0000 0.3467
-11.746 -3.275 3.299 -0.9380 0.0000 0.3467
-11.067 -2.375 5.134 -0.9380 0.0000 0.3467
-11.326 -2.375 4.535 -0.9380 0.0000 0.3467
-11.552 -2.375 3.922 -0.9380 0.0000 0.3467
-11.746 -2.375 3.299 -0.9380 0.0000 0.3467
-11.067 -3.275 5.134 0.9380 -0.0000 -0.3467
-11.326 -3.275 4.535 0.9380 -0.0000 -0.3467
-11.552 -3.275 3.922 0.9380 -0.0000 -0.3467
-11.746 -3.275 3.299 0.9380 -0.0000 -0.3467
-11.067 -2.375 5.134 0.9380 -0.0000 -0.3467
-11.326 -2.375 4.535 0.9380 -0.0000 -0.3467
-11.552 -2.375 3.922 0.9380 -0.0000 -0.3467
-11.746 -2.375 3.299 0.9380 -0.0000 -0.3467
0 5 1
0 4 5
8 9 13
8 13 12
1 6 2
1 5 6
9 10 14
9 14 13
2 7 3
2 6 7
10 11 15
10 15 14
LABEL foot_starboard_petal_5
MATERIAL 7
TEXTURE 0
GEOM 66 52 ;foot_starboard_petal_5
-1.019 -1.291 0.350 0.9972 0.0744 0.0000
-1.019 -1.291 -0.350 0.9972 0.0744 0.0000
-1.056 -0.792 -0.350 0.9972 0.0744 0.0000
-1.056 -0.792 0.350 0.9972 0.0744 0.0000
-11.819 -2.096 0.350 -0.9972 -0.0744 -0.0000
-11.819 -2.096 -0.350 -0.9972 -0.0744 -0.0000
-11.856 -1.597 -0.350 -0.9972 -0.0744 -0.0000
-11.856 -1.597 0.350 -0.9972 -0.0744 -0.0000
-1.019 -1.291 0.350 -0.0000 -0.0000 1.0000
-11.819 -2.096 0.350 -0.0000 -0.0000 1.0000
-11.856 -1.597 0.350 -0.0000 -0.0000 1.0000
-1.056 -0.792 0.350 -0.0000 -0.0000 1.0000
-1.019 -1.291 -0.350 0.0000 0.0000 -1.0000
-11.819 -2.096 -0.350 0.0000 0.0000 -1.0000
-11.856 -1.597 -0.350 0.0000 0.0000 -1.0000
-1.056 -0.792 -0.350 0.0000 0.0000 -1.0000
-1.019 -1.291 0.350 0.0744 -0.9972 0.0000
-11.819 -2.096 0.350 0.0744 -0.9972 0.0000
-11.819 -2.096 -0.350 0.0744 -0.9972 0.0000
-1.019 -1.291 -0.350 0.0744 -0.9972 0.0000
-1.056 -0.792 0.350 -0.0744 0.9972 -0.0000
-11.856 -1.597 0.350 -0.0744 0.9972 -0.0000
-11.856 -1.597 -0.350 -0.0744 0.9972 -0.0000
-1.056 -0.792 -0.350 -0.0744 0.9972 -0.0000
-0.500 -1.325 0.450 1.0000 -0.0000 0.0000
-0.557 -1.501 0.450 0.8090 -0.5878 0.0000
-0.707 -1.610 0.450 0.3090 -0.9511 0.0000
-0.893 -1.610 0.450 -0.3090 -0.9511 -0.0000
-1.043 -1.501 0.450 -0.8090 -0.5878 -0.0000
-1.100 -1.325 0.450 -1.0000 -0.0000 -0.0000
-1.043 -1.149 0.450 -0.8090 0.5878 0.0000
-0.893 -1.040 0.450 -0.3090 0.9511 0.0000
-0.707 -1.040 0.450 0.3090 0.9511 0.0000
-0.557 -1.149 0.450 0.8090 0.5878 0.0000
-0.500 -1.325 -0.450 1.0000 -0.0000 0.0000
-0.557 -1.501 -0.450 0.8090 -0.5878 0.0000
-0.707 -1.610 -0.450 0.3090 -0.9511 0.0000
-0.893 -1.610 -0.450 -0.3090 -0.9511 -0.0000
-1.043 -1.501 -0.450 -0.8090 -0.5878 -0.0000
-1.100 -1.325 -0.450 -1.0000 -0.0000 -0.0000
-1.043 -1.149 -0.450 -0.8090 0.5878 0.0000
-0.893 -1.040 -0.450 -0.3090 0.9511 0.0000
-0.707 -1.040 -0.450 0.3090 0.9511 0.0000
-0.557 -1.149 -0.450 0.8090 0.5878 0.0000
-0.800 -1.325 0.450 -0.0000 -0.0000 1.0000
-0.500 -1.325 0.450 -0.0000 -0.0000 1.0000
-0.557 -1.501 0.450 -0.0000 -0.0000 1.0000
-0.707 -1.610 0.450 -0.0000 -0.0000 1.0000
-0.893 -1.610 0.450 -0.0000 -0.0000 1.0000
-1.043 -1.501 0.450 -0.0000 -0.0000 1.0000
-1.100 -1.325 0.450 -0.0000 -0.0000 1.0000
-1.043 -1.149 0.450 -0.0000 -0.0000 1.0000
-0.893 -1.040 0.450 -0.0000 -0.0000 1.0000
-0.707 -1.040 0.450 -0.0000 -0.0000 1.0000
-0.557 -1.149 0.450 -0.0000 -0.0000 1.0000
-0.800 -1.325 -0.450 0.0000 0.0000 -1.0000
-0.500 -1.325 -0.450 0.0000 0.0000 -1.0000
-0.557 -1.501 -0.450 0.0000 0.0000 -1.0000
-0.707 -1.610 -0.450 0.0000 0.0000 -1.0000
-0.893 -1.610 -0.450 0.0000 0.0000 -1.0000
-1.043 -1.501 -0.450 0.0000 0.0000 -1.0000
-1.100 -1.325 -0.450 0.0000 0.0000 -1.0000
-1.043 -1.149 -0.450 0.0000 0.0000 -1.0000
-0.893 -1.040 -0.450 0.0000 0.0000 -1.0000
-0.707 -1.040 -0.450 0.0000 0.0000 -1.0000
-0.557 -1.149 -0.450 0.0000 0.0000 -1.0000
0 1 2
0 2 3
4 6 5
4 7 6
8 10 9
8 11 10
12 13 14
12 14 15
16 17 18
16 18 19
20 22 21
20 23 22
24 25 35
24 35 34
25 26 36
25 36 35
26 27 37
26 37 36
27 28 38
27 38 37
28 29 39
28 39 38
29 30 40
29 40 39
30 31 41
30 41 40
31 32 42
31 42 41
32 33 43
32 43 42
33 24 34
33 34 43
44 46 45
44 47 46
44 48 47
44 49 48
44 50 49
44 51 50
44 52 51
44 53 52
44 54 53
44 45 54
55 56 57
55 57 58
55 58 59
55 59 60
55 60 61
55 61 62
55 62 63
55 63 64
55 64 65
55 65 56
LABEL foot_starboard_slat_5_0
MATERIAL 7
TEXTURE 0
GEOM 104 76 ;foot_starboard_slat_5_0
-1.114 -1.301 0.284 -0.0744 0.9972 -0.0000
-1.128 -1.301 0.224 -0.0744 0.9972 -0.0000
-1.138 -1.301 0.164 -0.0744 0.9972 -0.0000
-1.145 -1.301 0.103 -0.0744 0.9972 -0.0000
-11.821 -2.125 3.016 -0.0744 0.9972 -0.0000
-11.966 -2.125 2.379 -0.0744 0.9972 -0.0000
-12.076 -2.125 1.736 -0.0744 0.9972 -0.0000
-12.151 -2.125 1.088 -0.0744 0.9972 -0.0000
-1.114 -1.301 0.284 0.0744 -0.9972 0.0000
-1.128 -1.301 0.224 0.0744 -0.9972 0.0000
-1.138 -1.301 0.164 0.0744 -0.9972 0.0000
-1.145 -1.301 0.103 0.0744 -0.9972 0.0000
-11.821 -2.125 3.016 0.0744 -0.9972 0.0000
-11.966 -2.125 2.379 0.0744 -0.9972 0.0000
-12.076 -2.125 1.736 0.0744 -0.9972 0.0000
-12.151 -2.125 1.088 0.0744 -0.9972 0.0000
-1.114 -1.551 0.284 0.0744 -0.9972 0.0000
-1.128 -1.551 0.224 0.0744 -0.9972 0.0000
-1.138 -1.551 0.164 0.0744 -0.9972 0.0000
-1.145 -1.551 0.103 0.0744 -0.9972 0.0000
-11.821 -2.375 3.016 0.0744 -0.9972 0.0000
-11.966 -2.375 2.379 0.0744 -0.9972 0.0000
-12.076 -2.375 1.736 0.0744 -0.9972 0.0000
-12.151 -2.375 1.088 0.0744 -0.9972 0.0000
-1.114 -1.551 0.284 -0.0744 0.9972 -0.0000
-1.128 -1.551 0.224 -0.0744 0.9972 -0.0000
-1.138 -1.551 0.164 -0.0744 0.9972 -0.0000
-1.145 -1.551 0.103 -0.0744 0.9972 -0.0000
-11.821 -2.375 3.016 -0.0744 0.9972 -0.0000
-11.966 -2.375 2.379 -0.0744 0.9972 -0.0000
-12.076 -2.375 1.736 -0.0744 0.9972 -0.0000
-12.151 -2.375 1.088 -0.0744 0.9972 -0.0000
-11.821 -2.375 3.016 -0.9857 0.0000 0.1687
-11.966 -2.375 2.379 -0.9857 0.0000 0.1687
-12.076 -2.375 1.736 -0.9857 0.0000 0.1687
-12.151 -2.375 1.088 -0.9857 0.0000 0.1687
-11.821 -2.125 3.016 -0.9857 0.0000 0.1687
-11.966 -2.125 2.379 -0.9857 0.0000 0.1687
-12.076 -2.125 1.736 -0.9857 0.0000 0.1687
-12.151 -2.125 1.088 -0.9857 0.0000 0.1687
-11.821 -2.375 3.016 0.9857 -0.0000 -0.1687
-11.966 -2.375 2.379 0.9857 -0.0000 -0.1687
-12.076 -2.375 1.736 0.9857 -0.0000 -0.1687
-12.151 -2.375 1.088 0.9857 -0.0000 -0.1687
-11.821 -2.125 3.016 0.9857 -0.0000 -0.1687
-11.966 -2.125 2.379 0.9857 -0.0000 -0.1687
-12.076 -2.125 1.736 0.9857 -0.0000 -0.1687
-12.151 -2.125 1.088 0.9857 -0.0000 -0.1687
-1.114 -1.551 0.284 0.9857 -0.0000 -0.1687
-1.128 -1.551 0.224 0.9857 -0.0000 -0.1687
-1.138 -1.551 0.164 0.9857 -0.0000 -0.1687
-1.145 -1.551 0.103 0.9857 -0.0000 -0.1687
-1.114 -1.301 0.284 0.9857 -0.0000 -0.1687
-1.128 -1.301 0.224 0.9857 -0.0000 -0.1687
-1.138 -1.301 0.164 0.9857 -0.0000 -0.1687
-1.145 -1.301 0.103 0.9857 -0.0000 -0.1687
-1.114 -1.551 0.284 -0.9857 0.0000 0.1687
-1.128 -1.551 0.224 -0.9857 0.0000 0.1687
-1.138 -1.551 0.164 -0.9857 0.0000 0.1687
-1.145 -1.551 0.103 -0.9857 0.0000 0.1687
-1.114 -1.301 0.284 -0.9857 0.0000 0.1687
-1.128 -1.301 0.224 -0.9857 0.0000 0.1687
-1.138 -1.301 0.164 -0.9857 0.0000 0.1687
-1.145 -1.301 0.103 -0.9857 0.0000 0.1687
-11.821 -2.125 3.016 -0.9857 0.0000 0.1687
-11.966 -2.125 2.379 -0.9857 0.0000 0.1687
-12.076 -2.125 1.736 -0.9857 0.0000 0.1687
-12.151 -2.125 1.088 -0.9857 0.0000 0.1687
-11.821 -1.425 3.016 -0.9857 0.0000 0.1687
-11.966 -1.425 2.379 -0.9857 0.0000 0.1687
-12.076 -1.425 1.736 -0.9857 0.0000 0.1687
-12.151 -1.425 1.088 -0.9857 0.0000 0.1687
-11.821 -2.125 3.016 0.9857 -0.0000 -0.1687
-11.966 -2.125 2.379 0.9857 -0.0000 -0.1687
-12.076 -2.125 1.736 0.9857 -0.0000 -0.1687
-12.151 -2.125 1.088 0.9857 -0.0000 -0.1687
-11.821 -1.425 3.016 0.9857 -0.0000 -0.1687
-11.966 -1.425 2.379 0.9857 -0.0000 -0.1687
-12.076 -1.425 1.736 0.9857 -0.0000 -0.1687
-12.151 -1.425 1.088 0.9857 -0.0000 -0.1687
-11.821 -1.425 3.016 0.0000 1.0000 0.0000
-11.966 -1.425 2.379 0.0000 1.0000 0.0000
-12.076 -1.425 1.736 0.0000 1.0000 0.0000
-12.151 -1.425 1.088 0.0000 1.0000 0.0000
-11.482 -1.399 2.929 0.0000 1.0000 0.0000
-11.622 -1.399 2.311 0.0000 1.0000 0.0000
-11.729 -1.399 1.686 0.0000 1.0000 0.0000
-11.803 -1.399 1.056 0.0000 1.0000 0.0000
-11.821 -1.425 3.016 -0.0000 -1.0000 -0.0000
-11.966 -1.425 2.379 -0.0000 -1.0000 -0.0000
-12.076 -1.425 1.736 -0.0000 -1.0000 -0.0000
-12.151 -1.425 1.088 -0.0000 -1.0000 -0.0000
-11.482 -1.399 2.929 -0.0000 -1.0000 -0.0000
-11.622 -1.399 2.311 -0.0000 -1.0000 -0.0000
-11.729 -1.399 1.686 -0.0000 -1.0000 -0.0000
-11.803 -1.399 1.056 -0.0000 -1.0000 -0.0000
-1.114 -1.551 0.284 -0.2472 -0.0000 -0.9690
-11.821 -2.375 3.016 -0.2472 -0.0000 -0.9690
-1.114 -1.301 0.284 -0.2472 -0.0000 -0.9690
-11.821 -2.125 3.016 -0.2472 -0.0000 -0.9690
-1.114 -1.551 0.284 0.2472 0.0000 0.9690
-11.821 -2.375 3.016 0.2472 0.0000 0.9690
-1.114 -1.301 0.284 0.2472 0.0000 0.9690
-11.821 -2.125 3.016 0.2472 0.0000 0.9690
0 1 5
0 5 4
8 13 9
8 12 13
1 2 6
1 6 5
9 14 10
9 13 14
2 3 7
2 7 6
10 15 11
10 14 15
16 21 17
16 20 21
24 25 29
24 29 28
17 22 18
17 21 22
25 26 30
25 30 29
18 23 19
18 22 23
26 27 31
26 31 30
32 37 33
32 36 37
40 41 45
40 45 44
33 38 34
33 37 38
41 42 46
41 46 45
34 39 35
34 38 39
42 43 47
42 47 46
48 49 53
48 53 52
56 61 57
56 60 61
49 50 54
49 54 53
57 62 58
57 61 62
50 51 55
50 55 54
58 63 59
58 62 63
64 69 65
64 68 69
72 73 77
72 77 76
65 70 66
65 69 70
73 74 78
73 78 77
66 71 67
66 70 71
74 75 79
74 79 78
80 85 81
80 84 85
88 89 93
88 93 92
81 86 82
81 85 86
89 90 94
89 94 93
82 87 83
82 86 87
90 91 95
90 95 94
96 97 99
96 99 98
100 103 101
100 102 103
LABEL foot_starboard_slat_5_1
MATERIAL 7
TEXTURE 0
GEOM 96 72 ;foot_starboard_slat_5_1
-1.146 -1.301 0.098 -0.0744 0.9972 -0.0000
-1.150 -1.301 0.033 -0.0744 0.9972 -0.0000
-1.150 -1.301 -0.033 -0.0744 0.9972 -0.0000
-1.146 -1.301 -0.098 -0.0744 0.9972 -0.0000
-12.156 -2.125 1.039 -0.0744 0.9972 -0.0000
-12.195 -2.125 0.347 -0.0744 0.9972 -0.0000
-12.195 -2.125 -0.347 -0.0744 0.9972 -0.0000
-12.156 -2.125 -1.039 -0.0744 0.9972 -0.0000
-1.146 -1.301 0.098 0.0744 -0.9972 0.0000
-1.150 -1.301 0.033 0.0744 -0.9972 0.0000
-1.150 -1.301 -0.033 0.0744 -0.9972 0.0000
-1.146 -1.301 -0.098 0.0744 -0.9972 0.0000
-12.156 -2.125 1.039 0.0744 -0.9972 0.0000
-12.195 -2.125 0.347 0.0744 -0.9972 0.0000
-12.195 -2.125 -0.347 0.0744 -0.9972 0.0000
-12.156 -2.125 -1.039 0.0744 -0.9972 0.0000
-1.146 -1.551 0.098 0.0744 -0.9972 0.0000
-1.150 -1.551 0.033 0.0744 -0.9972 0.0000
-1.150 -1.551 -0.033 0.0744 -0.9972 0.0000
-1.146 -1.551 -0.098 0.0744 -0.9972 0.0000
-12.156 -2.375 1.039 0.0744 -0.9972 0.0000
-12.195 -2.375 0.347 0.0744 -0.9972 0.0000
-12.195 -2.375 -0.347 0.0744 -0.9972 0.0000
-12.156 -2.375 -1.039 0.0744 -0.9972 0.0000
-1.146 -1.551 0.098 -0.0744 0.9972 -0.0000
-1.150 -1.551 0.033 -0.0744 0.9972 -0.0000
-1.150 -1.551 -0.033 -0.0744 0.9972 -0.0000
-1.146 -1.551 -0.098 -0.0744 0.9972 -0.0000
-12.156 -2.375 1.039 -0.0744 0.9972 -0.0000
-12.195 -2.375 0.347 -0.0744 0.9972 -0.0000
-12.195 -2.375 -0.347 -0.0744 0.9972 -0.0000
-12.156 -2.375 -1.039 -0.0744 0.9972 -0.0000
-12.156 -2.375 1.039 -1.0000 0.0000 0.0000
-12.195 -2.375 0.347 -1.0000 0.0000 0.0000
-12.195 -2.375 -0.347 -1.0000 0.0000 0.0000
-12.156 -2.375 -1.039 -1.0000 0.0000 0.0000
-12.156 -2.125 1.039 -1.0000 0.0000 0.0000
-12.195 -2.125 0.347 -1.0000 0.0000 0.0000
-12.195 -2.125 -0.347 -1.0000 0.0000 0.0000
-12.156 -2.125 -1.039 -1.0000 0.0000 0.0000
-12.156 -2.375 1.039 1.0000 -0.0000 -0.0000
-12.195 -2.375 0.347 1.0000 -0.0000 -0.0000
-12.195 -2.375 -0.347 1.0000 -0.0000 -0.0000
-12.156 -2.375 -1.039 1.0000 -0.0000 -0.0000
-12.156 -2.125 1.039 1.0000 -0.0000 -0.0000
-12.195 -2.125 0.347 1.0000 -0.0000 -0.0000
-12.195 -2.125 -0.347 1.0000 -0.0000 -0.0000
-12.156 -2.125 -1.039 1.0000 -0.0000 -0.0000
-1.146 -1.551 0.098 1.0000 -0.0000 -0.0000
-1.150 -1.551 0.033 1.0000 -0.0000 -0.0000
-1.150 -1.551 -0.033 1.0000 -0.0000 -0.0000
-1.146 -1.551 -0.098 1.0000 -0.0000 -0.0000
-1.146 -1.301 0.098 1.0000 -0.0000 -0.0000
-1.150 -1.301 0.033 1.0000 -0.0000 -0.0000
-1.150 -1.301 -0.033 1.0000 -0.0000 -0.0000
-1.146 -1.301 -0.098 1.0000 -0.0000 -0.0000
-1.146 -1.551 0.098 -1.0000 0.0000 0.0000
-1.150 -1.551 0.033 -1.0000 0.0000 0.0000
-1.150 -1.551 -0.033 -1.0000 0.0000 0.0000
-1.146 -1.551 -0.098 -1.0000 0.0000 0.0000
-1.146 -1.301 0.098 -1.0000 0.0000 0.0000
-1.150 -1.301 0.033 -1.0000 0.0000 0.0000
-1.150 -1.301 -0.033 -1.0000 0.0000 0.0000
-1.146 -1.301 -0.098 -1.0000 0.0000 0.0000
-12.156 -2.125 1.039 -1.0000 0.0000 0.0000
-12.195 -2.125 0.347 -1.0000 0.0000 0.0000
-12.195 -2.125 -0.347 -1.0000 0.0000 0.0000
-12.156 -2.125 -1.039 -1.0000 0.0000 0.0000
-12.156 -1.425 1.039 -1.0000 0.0000 0.0000
-12.195 -1.425 0.347 -1.0000 0.0000 0.0000
-12.195 -1.425 -0.347 -1.0000 0.0000 0.0000
-12.156 -1.425 -1.039 -1.0000 0.0000 0.0000
-12.156 -2.125 1.039 1.0000 -0.0000 -0.0000
-12.195 -2.125 0.347 1.0000 -0.0000 -0.0000
-12.195 -2.125 -0.347 1.0000 -0.0000 -0.0000
-12.156 -2.125 -1.039 1.0000 -0.0000 -0.0000
-12.156 -1.425 1.039 1.0000 -0.0000 -0.0000
-12.195 -1.425 0.347 1.0000 -0.0000 -0.0000
-12.195 -1.425 -0.347 1.0000 -0.0000 -0.0000
-12.156 -1.425 -1.039 1.0000 -0.0000 -0.0000
-12.156 -1.425 1.039 0.0000 1.0000 0.0000
-12.195 -1.425 0.347 0.0000 1.0000 0.0000
-12.195 -1.425 -0.347 0.0000 1.0000 0.0000
-12.156 -1.425 -1.039 0.0000 1.0000 0.0000
-11.807 -1.399 1.009 0.0000 1.0000 0.0000
-11.845 -1.399 0.337 0.0000 1.0000 0.0000
-11.845 -1.399 -0.337 0.0000 1.0000 0.0000
-11.807 -1.399 -1.009 0.0000 1.0000 0.0000
-12.156 -1.425 1.039 -0.0000 -1.0000 -0.0000
-12.195 -1.425 0.347 -0.0000 -1.0000 -0.0000
-12.195 -1.425 -0.347 -0.0000 -1.0000 -0.0000
-12.156 -1.425 -1.039 -0.0000 -1.0000 -0.0000
-11.807 -1.399 1.009 -0.0000 -1.0000 -0.0000
-11.845 -1.399 0.337 -0.0000 -1.0000 -0.0000
-11.845 -1.399 -0.337 -0.0000 -1.0000 -0.0000
-11.807 -1.399 -1.009 -0.0000 -1.0000 -0.0000
0 1 5
0 5 4
8 13 9
8 12 13
1 2 6
1 6 5
9 14 10
9 13 14
2 3 7
2 7 6
10 15 11
10 14 15
16 21 17
16 20 21
24 25 29
24 29 28
17 22 18
17 21 22
25 26 30
25 30 29
18 23 19
18 22 23
26 27 31
26 31 30
32 37 33
32 36 37
40 41 45
40 45 44
33 38 34
33 37 38
41 42 46
41 46 45
34 39 35
34 38 39
42 43 47
42 47 46
48 49 53
48 53 52
56 61 57
56 60 61
49 50 54
49 54 53
57 62 58
57 61 62
50 51 55
50 55 54
58 63 59
58 62 63
64 69 65
64 68 69
72 73 77
72 77 76
65 70 66
65 69 70
73 74 78
73 78 77
66 71 67
66 70 71
74 75 79
74 79 78
80 85 81
80 84 85
88 89 93
88 93 92
81 86 82
81 85 86
89 90 94
89 94 93
82 87 83
82 86 87
90 91 95
90 95 94
LABEL foot_starboard_slat_5_2
MATERIAL 7
TEXTURE 0
GEOM 104 76 ;foot_starboard_slat_5_2
-1.145 -1.301 -0.103 -0.0744 0.9972 -0.0000
-1.138 -1.301 -0.164 -0.0744 0.9972 -0.0000
-1.128 -1.301 -0.224 -0.0744 0.9972 -0.0000
-1.114 -1.301 -0.284 -0.0744 0.9972 -0.0000
-12.151 -2.125 -1.088 -0.0744 0.9972 -0.0000
-12.076 -2.125 -1.736 -0.0744 0.9972 -0.0000
-11.966 -2.125 -2.379 -0.0744 0.9972 -0.0000
-11.821 -2.125 -3.016 -0.0744 0.9972 -0.0000
-1.145 -1.301 -0.103 0.0744 -0.9972 0.0000
-1.138 -1.301 -0.164 0.0744 -0.9972 0.0000
-1.128 -1.301 -0.224 0.0744 -0.9972 0.0000
-1.114 -1.301 -0.284 0.0744 -0.9972 0.0000
-12.151 -2.125 -1.088 0.0744 -0.9972 0.0000
-12.076 -2.125 -1.736 0.0744 -0.9972 0.0000
-11.966 -2.125 -2.379 0.0744 -0.9972 0.0000
-11.821 -2.125 -3.016 0.0744 -0.9972 0.0000
-1.145 -1.551 -0.103 0.0744 -0.9972 0.0000
-1.138 -1.551 -0.164 0.0744 -0.9972 0.0000
-1.128 -1.551 -0.224 0.0744 -0.9972 0.0000
-1.114 -1.551 -0.284 0.0744 -0.9972 0.0000
-12.151 -2.375 -1.088 0.0744 -0.9972 0.0000
-12.076 -2.375 -1.736 0.0744 -0.9972 0.0000
-11.966 -2.375 -2.379 0.0744 -0.9972 0.0000
-11.821 -2.375 -3.016 0.0744 -0.9972 0.0000
-1.145 -1.551 -0.103 -0.0744 0.9972 -0.0000
-1.138 -1.551 -0.164 -0.0744 0.9972 -0.0000
-1.128 -1.551 -0.224 -0.0744 0.9972 -0.0000
-1.114 -1.551 -0.284 -0.0744 0.9972 -0.0000
-12.151 -2.375 -1.088 -0.0744 0.9972 -0.0000
-12.076 -2.375 -1.736 -0.0744 0.9972 -0.0000
-11.966 -2.375 -2.379 -0.0744 0.9972 -0.0000
-11.821 -2.375 -3.016 -0.0744 0.9972 -0.0000
-12.151 -2.375 -1.088 -0.9857 -0.0000 -0.1687
-12.076 -2.375 -1.736 -0.9857 -0.0000 -0.1687
-11.966 -2.375 -2.379 -0.9857 -0.0000 -0.1687
-11.821 -2.375 -3.016 -0.9857 -0.0000 -0.1687
-12.151 -2.125 -1.088 -0.9857 -0.0000 -0.1687
-12.076 -2.125 -1.736 -0.9857 -0.0000 -0.1687
-11.966 -2.125 -2.379 -0.9857 -0.0000 -0.1687
-11.821 -2.125 -3.016 -0.9857 -0.0000 -0.1687
-12.151 -2.375 -1.088 0.9857 0.0000 0.1687
-12.076 -2.375 -1.736 0.9857 0.0000 0.1687
-11.966 -2.375 -2.379 0.9857 0.0000 0.1687
-11.821 -2.375 -3.016 0.9857 0.0000 0.1687
-12.151 -2.125 -1.088 0.9857 0.0000 0.1687
-12.076 -2.125 -1.736 0.9857 0.0000 0.1687
-11.966 -2.125 -2.379 0.9857 0.0000 0.1687
-11.821 -2.125 -3.016 0.9857 0.0000 0.1687
-1.145 -1.551 -0.103 0.9857 0.0000 0.1687
-1.138 -1.551 -0.164 0.9857 0.0000 0.1687
-1.128 -1.551 -0.224 0.9857 0.0000 0.1687
-1.114 -1.551 -0.284 0.9857 0.0000 0.1687
-1.145 -1.301 -0.103 0.9857 0.0000 0.1687
-1.138 -1.301 -0.164 0.9857 0.0000 0.1687
-1.128 -1.301 -0.224 0.9857 0.0000 0.1687
-1.114 -1.301 -0.284 0.9857 0.0000 0.1687
-1.145 -1.551 -0.103 -0.9857 -0.0000 -0.1687
-1.138 -1.551 -0.164 -0.9857 -0.0000 -0.1687
-1.128 -1.551 -0.224 -0.9857 -0.0000 -0.1687
-1.114 -1.551 -0.284 -0.9857 -0.0000 -0.1687
-1.145 -1.301 -0.103 -0.9857 -0.0000 -0.1687
-1.138 -1.301 -0.164 -0.9857 -0.0000 -0.1687
-1.128 -1.301 -0.224 -0.9857 -0.0000 -0.1687
-1.114 -1.301 -0.284 -0.9857 -0.0000 -0.1687
-12.151 -2.125 -1.088 -0.9857 -0.0000 -0.1687
-12.076 -2.125 -1.736 -0.9857 -0.0000 -0.1687
-11.966 -2.125 -2.379 -0.9857 -0.0000 -0.1687
-11.821 -2.125 -3.016 -0.9857 -0.0000 -0.1687
-12.151 -1.425 -1.088 -0.9857 -0.0000 -0.1687
-12.076 -1.425 -1.736 -0.9857 -0.0000 -0.1687
-11.966 -1.425 -2.379 -0.9857 -0.0000 -0.1687
-11.821 -1.425 -3.016 -0.9857 -0.0000 -0.1687
-12.151 -2.125 -1.088 0.9857 0.0000 0.1687
-12.076 -2.125 -1.736 0.9857 0.0000 0.1687
-11.966 -2.125 -2.379 0.9857 0.0000 0.1687
-11.821 -2.125 -3.016 0.9857 0.0000 0.1687
-12.151 -1.425 -1.088 0.9857 0.0000 0.1687
-12.076 -1.425 -1.736 0.9857 0.0000 0.1687
-11.966 -1.425 -2.379 0.9857 0.0000 0.1687
-11.821 -1.425 -3.016 0.9857 0.0000 0.1687
-12.151 -1.425 -1.088 0.0000 1.0000 0.0000
-12.076 -1.425 -1.736 0.0000 1.0000 0.0000
-11.966 -1.425 -2.379 0.0000 1.0000 0.0000
-11.821 -1.425 -3.016 0.0000 1.0000 0.0000
-11.803 -1.399 -1.056 0.0000 1.0000 0.0000
-11.729 -1.399 -1.686 0.0000 1.0000 0.0000
-11.622 -1.399 -2.311 0.0000 1.0000 0.0000
-11.482 -1.399 -2.929 0.0000 1.0000 0.0000
-12.151 -1.425 -1.088 -0.0000 -1.0000 -0.0000
-12.076 -1.425 -1.736 -0.0000 -1.0000 -0.0000
-11.966 -1.425 -2.379 -0.0000 -1.0000 -0.0000
-11.821 -1.425 -3.016 -0.0000 -1.0000 -0.0000
-11.803 -1.399 -1.056 -0.0000 -1.0000 -0.0000
-11.729 -1.399 -1.686 -0.0000 -1.0000 -0.0000
-11.622 -1.399 -2.311 -0.0000 -1.0000 -0.0000
-11.482 -1.399 -2.929 -0.0000 -1.0000 -0.0000
-1.114 -1.551 -0.284 0.2472 0.0000 -0.9690
-11.821 -2.375 -3.016 0.2472 0.0000 -0.9690
-1.114 -1.301 -0.284 0.2472 0.0000 -0.9690
-11.821 -2.125 -3.016 0.2472 0.0000 -0.9690
-1.114 -1.551 -0.284 -0.2472 -0.0000 0.9690
-11.821 -2.375 -3.016 -0.2472 -0.0000 0.9690
-1.114 -1.301 -0.284 -0.2472 -0.0000 0.9690
-11.821 -2.125 -3.016 -0.2472 -0.0000 0.9690
0 1 5
0 5 4
8 13 9
8 12 13
1 2 6
1 6 5
9 14 10
9 13 14
2 3 7
2 7 6
10 15 11
10 14 15
16 21 17
16 20 21
24 25 29
24 29 28
17 22 18
17 21 22
25 26 30
25 30 29
18 23 19
18 22 23
26 27 31
26 31 30
32 37 33
32 36 37
40 41 45
40 45 44
33 38 34
33 37 38
41 42 46
41 46 45
34 39 35
34 38 39
42 43 47
42 47 46
48 49 53
48 53 52
56 61 57
56 60 61
49 50 54
49 54 53
57 62 58
57 61 62
50 51 55
50 55 54
58 63 59
58 62 63
64 69 65
64 68 69
72 73 77
72 77 76
65 70 66
65 69 70
73 74 78
73 78 77
66 71 67
66 70 71
74 75 79
74 79 78
80 85 81
80 84 85
88 89 93
88 93 92
81 86 82
81 85 86
89 90 94
89 94 93
82 87 83
82 86 87
90 91 95
90 95 94
96 97 99
96 99 98
100 103 101
100 102 103
LABEL foot_starboard_strut_5
MATERIAL 9
TEXTURE 0
GEOM 50 48 ;foot_starboard_strut_5
-1.250 2.125 -0.650 0.0000 0.0000 -1.0000
-1.097 1.838 -0.563 0.2358 -0.4409 -0.8660
-0.985 1.629 -0.325 0.4085 -0.7637 -0.5000
-0.943 1.552 -0.000 0.4716 -0.8818 0.0000
-0.985 1.629 0.325 0.4085 -0.7637 0.5000
-1.097 1.838 0.563 0.2358 -0.4409 0.8660
-1.250 2.125 0.650 -0.0000 -0.0000 1.0000
-1.403 2.412 0.563 -0.2358 0.4409 0.8660
-1.515 2.621 0.325 -0.4085 0.7637 0.5000
-1.557 2.698 -0.000 -0.4716 0.8818 -0.0000
-1.515 2.621 -0.325 -0.4085 0.7637 -0.5000
-1.403 2.412 -0.563 -0.2358 0.4409 -0.8660
-5.054 0.090 -0.650 0.0000 0.0000 -1.0000
-4.901 -0.196 -0.563 0.2358 -0.4409 -0.8660
-4.788 -0.406 -0.325 0.4085 -0.7637 -0.5000
-4.747 -0.483 -0.000 0.4716 -0.8818 0.0000
-4.788 -0.406 0.325 0.4085 -0.7637 0.5000
-4.901 -0.196 0.563 0.2358 -0.4409 0.8660
-5.054 0.090 0.650 -0.0000 -0.0000 1.0000
-5.207 0.377 0.563 -0.2358 0.4409 0.8660
-5.319 0.587 0.325 -0.4085 0.7637 0.5000
-5.360 0.664 -0.000 -0.4716 0.8818 -0.0000
-5.319 0.587 -0.325 -0.4085 0.7637 -0.5000
-5.207 0.377 -0.563 -0.2358 0.4409 -0.8660
-1.250 2.125 -0.000 0.8818 0.4716 0.0000
-1.250 2.125 -0.650 0.8818 0.4716 0.0000
-1.097 1.838 -0.563 0.8818 0.4716 0.0000
-0.985 1.629 -0.325 0.8818 0.4716 0.0000
-0.943 1.552 -0.000 0.8818 0.4716 0.0000
-0.985 1.629 0.325 0.8818 0.4716 0.0000
-1.097 1.838 0.563 0.8818 0.4716 0.0000
-1.250 2.125 0.650 0.8818 0.4716 0.0000
-1.403 2.412 0.563 0.8818 0.4716 0.0000
-1.515 2.621 0.325 0.8818 0.4716 0.0000
-1.557 2.698 -0.000 0.8818 0.4716 0.0000
-1.515 2.621 -0.325 0.8818 0.4716 0.0000
-1.403 2.412 -0.563 0.8818 0.4716 0.0000
-5.054 0.090 -0.000 -0.8818 -0.4716 -0.0000
-5.054 0.090 -0.650 -0.8818 -0.4716 -0.0000
-4.901 -0.196 -0.563 -0.8818 -0.4716 -0.0000
-4.788 -0.406 -0.325 -0.8818 -0.4716 -0.0000
-4.747 -0.483 -0.000 -0.8818 -0.4716 -0.0000
-4.788 -0.406 0.325 -0.8818 -0.4716 -0.0000
-4.901 -0.196 0.563 -0.8818 -0.4716 -0.0000
-5.054 0.090 0.650 -0.8818 -0.4716 -0.0000
-5.207 0.377 0.563 -0.8818 -0.4716 -0.0000
-5.319 0.587 0.325 -0.8818 -0.4716 -0.0000
-5.360 0.664 -0.000 -0.8818 -0.4716 -0.0000
-5.319 0.587 -0.325 -0.8818 -0.4716 -0.0000
-5.207 0.377 -0.563 -0.8818 -0.4716 -0.0000
0 1 13
0 13 12
1 2 14
1 14 13
2 3 15
2 15 14
3 4 16
3 16 15
4 5 17
4 17 16
5 6 18
5 18 17
6 7 19
6 19 18
7 8 20
7 20 19
8 9 21
8 21 20
9 10 22
9 22 21
10 11 23
10 23 22
11 0 12
11 12 23
24 26 25
24 27 26
24 28 27
24 29 28
24 30 29
24 31 30
24 32 31
24 33 32
24 34 33
24 35 34
24 36 35
24 25 36
37 38 39
37 39 40
37 40 41
37 41 42
37 42 43
37 43 44
37 44 45
37 45 46
37 46 47
37 47 48
37 48 49
37 49 38
LABEL foot_starboard_rod_5
MATERIAL 7
TEXTURE 0
GEOM 42 40 ;foot_starboard_rod_5
-4.525 0.373 -0.300 0.0000 0.0000 -1.0000
-4.442 0.218 -0.243 0.2772 -0.5183 -0.8090
-4.390 0.122 -0.093 0.4486 -0.8386 -0.3090
-4.390 0.122 0.093 0.4486 -0.8386 0.3090
-4.442 0.218 0.243 0.2772 -0.5183 0.8090
-4.525 0.373 0.300 -0.0000 -0.0000 1.0000
-4.608 0.529 0.243 -0.2772 0.5183 0.8090
-4.659 0.625 0.093 -0.4486 0.8386 0.3090
-4.659 0.625 -0.093 -0.4486 0.8386 -0.3090
-4.608 0.529 -0.243 -0.2772 0.5183 -0.8090
-8.166 -1.574 -0.300 0.0000 0.0000 -1.0000
-8.083 -1.730 -0.243 0.2772 -0.5183 -0.8090
-8.032 -1.826 -0.093 0.4486 -0.8386 -0.3090
-8.032 -1.826 0.093 0.4486 -0.8386 0.3090
-8.083 -1.730 0.243 0.2772 -0.5183 0.8090
-8.166 -1.574 0.300 -0.0000 -0.0000 1.0000
-8.249 -1.419 0.243 -0.2772 0.5183 0.8090
-8.301 -1.323 0.093 -0.4486 0.8386 0.3090
-8.301 -1.323 -0.093 -0.4486 0.8386 -0.3090
-8.249 -1.419 -0.243 -0.2772 0.5183 -0.8090
-4.525 0.373 -0.000 0.8818 0.4716 0.0000
-4.525 0.373 -0.300 0.8818 0.4716 0.0000
-4.442 0.218 -0.243 0.8818 0.4716 0.0000
-4.390 0.122 -0.093 0.8818 0.4716 0.0000
-4.390 0.122 0.093 0.8818 0.4716 0.0000
-4.442 0.218 0.243 0.8818 0.4716 0.0000
-4.525 0.373 0.300 0.8818 0.4716 0.0000
-4.608 0.529 0.243 0.8818 0.4716 0.0000
-4.659 0.625 0.093 0.8818 0.4716 0.0000
-4.659 0.625 -0.093 0.8818 0.4716 0.0000
-4.608 0.529 -0.243 0.8818 0.4716 0.0000
-8.166 -1.574 -0.000 -0.8818 -0.4716 -0.0000
-8.166 -1.574 -0.300 -0.8818 -0.4716 -0.0000
-8.083 -1.730 -0.243 -0.8818 -0.4716 -0.0000
-8.032 -1.826 -0.093 -0.8818 -0.4716 -0.0000
-8.032 -1.826 0.093 -0.8818 -0.4716 -0.0000
-8.083 -1.730 0.243 -0.8818 -0.4716 -0.0000
-8.166 -1.574 0.300 -0.8818 -0.4716 -0.0000
-8.249 -1.419 0.243 -0.8818 -0.4716 -0.0000
-8.301 -1.323 0.093 -0.8818 -0.4716 -0.0000
-8.301 -1.323 -0.093 -0.8818 -0.4716 -0.0000
-8.249 -1.419 -0.243 -0.8818 -0.4716 -0.0000
0 1 11
0 11 10
1 2 12
1 12 11
2 3 13
2 13 12
3 4 14
3 14 13
4 5 15
4 15 14
5 6 16
5 16 15
6 7 17
6 17 16
7 8 18
7 18 17
8 9 19
8 19 18
9 0 10
9 10 19
20 22 21
20 23 22
20 24 23
20 25 24
20 26 25
20 27 26
20 28 27
20 29 28
20 30 29
20 21 30
31 32 33
31 33 34
31 34 35
31 35 36
31 36 37
31 37 38
31 38 39
31 39 40
31 40 41
31 41 32
LABEL foot_starboard_skirt_5_0
MATERIAL 7
TEXTURE 0
GEOM 16 12 ;foot_starboard_skirt_5_0
-11.821 -3.275 3.016 -0.9857 0.0000 0.1687
-11.966 -3.275 2.379 -0.9857 0.0000 0.1687
-12.076 -3.275 1.736 -0.9857 0.0000 0.1687
-12.151 -3.275 1.088 -0.9857 0.0000 0.1687
-11.821 -2.375 3.016 -0.9857 0.0000 0.1687
-11.966 -2.375 2.379 -0.9857 0.0000 0.1687
-12.076 -2.375 1.736 -0.9857 0.0000 0.1687
-12.151 -2.375 1.088 -0.9857 0.0000 0.1687
-11.821 -3.275 3.016 0.9857 -0.0000 -0.1687
-11.966 -3.275 2.379 0.9857 -0.0000 -0.1687
-12.076 -3.275 1.736 0.9857 -0.0000 -0.1687
-12.151 -3.275 1.088 0.9857 -0.0000 -0.1687
-11.821 -2.375 3.016 0.9857 -0.0000 -0.1687
-11.966 -2.375 2.379 0.9857 -0.0000 -0.1687
-12.076 -2.375 1.736 0.9857 -0.0000 -0.1687
-12.151 -2.375 1.088 0.9857 -0.0000 -0.1687
0 5 1
0 4 5
8 9 13
8 13 12
1 6 2
1 5 6
9 10 14
9 14 13
2 7 3
2 6 7
10 11 15
10 15 14
LABEL foot_starboard_skirt_5_1
MATERIAL 7
TEXTURE 0
GEOM 16 12 ;foot_starboard_skirt_5_1
-12.156 -3.275 1.039 -1.0000 0.0000 0.0000
-12.195 -3.275 0.347 -1.0000 0.0000 0.0000
-12.195 -3.275 -0.347 -1.0000 0.0000 0.0000
-12.156 -3.275 -1.039 -1.0000 0.0000 0.0000
-12.156 -2.375 1.039 -1.0000 0.0000 0.0000
-12.195 -2.375 0.347 -1.0000 0.0000 0.0000
-12.195 -2.375 -0.347 -1.0000 0.0000 0.0000
-12.156 -2.375 -1.039 -1.0000 0.0000 0.0000
-12.156 -3.275 1.039 1.0000 -0.0000 -0.0000
-12.195 -3.275 0.347 1.0000 -0.0000 -0.0000
-12.195 -3.275 -0.347 1.0000 -0.0000 -0.0000
-12.156 -3.275 -1.039 1.0000 -0.0000 -0.0000
-12.156 -2.375 1.039 1.0000 -0.0000 -0.0000
-12.195 -2.375 0.347 1.0000 -0.0000 -0.0000
-12.195 -2.375 -0.347 1.0000 -0.0000 -0.0000
-12.156 -2.375 -1.039 1.0000 -0.0000 -0.0000
0 5 1
0 4 5
8 9 13
8 13 12
1 6 2
1 5 6
9 10 14
9 14 13
2 7 3
2 6 7
10 11 15
10 15 14
LABEL foot_starboard_skirt_5_2
MATERIAL 7
TEXTURE 0
GEOM 16 12 ;foot_starboard_skirt_5_2
-12.151 -3.275 -1.088 -0.9857 -0.0000 -0.1687
-12.076 -3.275 -1.736 -0.9857 -0.0000 -0.1687
-11.966 -3.275 -2.379 -0.9857 -0.0000 -0.1687
-11.821 -3.275 -3.016 -0.9857 -0.0000 -0.1687
-12.151 -2.375 -1.088 -0.9857 -0.0000 -0.1687
-12.076 -2.375 -1.736 -0.9857 -0.0000 -0.1687
-11.966 -2.375 -2.379 -0.9857 -0.0000 -0.1687
-11.821 -2.375 -3.016 -0.9857 -0.0000 -0.1687
-12.151 -3.275 -1.088 0.9857 0.0000 0.1687
-12.076 -3.275 -1.736 0.9857 0.0000 0.1687
-11.966 -3.275 -2.379 0.9857 0.0000 0.1687
-11.821 -3.275 -3.016 0.9857 0.0000 0.1687
-12.151 -2.375 -1.088 0.9857 0.0000 0.1687
-12.076 -2.375 -1.736 0.9857 0.0000 0.1687
-11.966 -2.375 -2.379 0.9857 0.0000 0.1687
-11.821 -2.375 -3.016 0.9857 0.0000 0.1687
0 5 1
0 4 5
8 9 13
8 13 12
1 6 2
1 5 6
9 10 14
9 14 13
2 7 3
2 6 7
10 11 15
10 15 14
LABEL foot_starboard_petal_6
MATERIAL 7
TEXTURE 0
GEOM 66 52 ;foot_starboard_petal_6
-1.057 -1.291 -0.206 0.8636 0.0744 0.4986
-0.707 -1.291 -0.812 0.8636 0.0744 0.4986
-0.739 -0.792 -0.831 0.8636 0.0744 0.4986
-1.089 -0.792 -0.225 0.8636 0.0744 0.4986
-10.410 -2.096 -5.606 -0.8636 -0.0744 -0.4986
-10.060 -2.096 -6.212 -0.8636 -0.0744 -0.4986
-10.092 -1.597 -6.231 -0.8636 -0.0744 -0.4986
-10.442 -1.597 -5.625 -0.8636 -0.0744 -0.4986
-1.057 -1.291 -0.206 -0.5000 -0.0000 0.8660
-10.410 -2.096 -5.606 -0.5000 -0.0000 0.8660
-10.442 -1.597 -5.625 -0.5000 -0.0000 0.8660
-1.089 -0.792 -0.225 -0.5000 -0.0000 0.8660
-0.707 -1.291 -0.812 0.5000 0.0000 -0.8660
-10.060 -2.096 -6.212 0.5000 0.0000 -0.8660
-10.092 -1.597 -6.231 0.5000 0.0000 -0.8660
-0.739 -0.792 -0.831 0.5000 0.0000 -0.8660
-1.057 -1.291 -0.206 0.0644 -0.9972 0.0372
-10.410 -2.096 -5.606 0.0644 -0.9972 0.0372
-10.060 -2.096 -6.212 0.0644 -0.9972 0.0372
-0.707 -1.291 -0.812 0.0644 -0.9972 0.0372
-1.089 -0.792 -0.225 -0.0644 0.9972 -0.0372
-10.442 -1.597 -5.625 -0.0644 0.9972 -0.0372
-10.092 -1.597 -6.231 -0.0644 0.9972 -0.0372
-0.739 -0.792 -0.831 -0.0644 0.9972 -0.0372
-0.658 -1.325 0.140 0.8660 -0.0000 0.5000
-0.708 -1.501 0.111 0.7006 -0.5878 0.4045
-0.838 -1.610 0.036 0.2676 -0.9511 0.1545
-0.998 -1.610 -0.057 -0.2676 -0.9511 -0.1545
-1.128 -1.501 -0.132 -0.7006 -0.5878 -0.4045
-1.178 -1.325 -0.160 -0.8660 -0.0000 -0.5000
-1.128 -1.149 -0.132 -0.7006 0.5878 -0.4045
-0.998 -1.040 -0.057 -0.2676 0.9511 -0.1545
-0.838 -1.040 0.036 0.2676 0.9511 0.1545
-0.708 -1.149 0.111 0.7006 0.5878 0.4045
-0.208 -1.325 -0.640 0.8660 -0.0000 0.5000
-0.258 -1.501 -0.668 0.7006 -0.5878 0.4045
-0.388 -1.610 -0.743 0.2676 -0.9511 0.1545
-0.548 -1.610 -0.836 -0.2676 -0.9511 -0.1545
-0.678 -1.501 -0.911 -0.7006 -0.5878 -0.4045
-0.728 -1.325 -0.940 -0.8660 -0.0000 -0.5000
-0.678 -1.149 -0.911 -0.7006 0.5878 -0.4045
-0.548 -1.040 -0.836 -0.2676 0.9511 -0.1545
-0.388 -1.040 -0.743 0.2676 0.9511 0.1545
-0.258 -1.149 -0.668 0.7006 0.5878 0.4045
-0.918 -1.325 -0.010 -0.5000 -0.0000 0.8660
-0.658 -1.325 0.140 -0.5000 -0.0000 0.8660
-0.708 -1.501 0.111 -0.5000 -0.0000 0.8660
-0.838 -1.610 0.036 -0.5000 -0.0000 0.8660
-0.998 -1.610 -0.057 -0.5000 -0.0000 0.8660
-1.128 -1.501 -0.132 -0.5000 -0.0000 0.8660
-1.178 -1.325 -0.160 -0.5000 -0.0000 0.8660
-1.128 -1.149 -0.132 -0.5000 -0.0000 0.8660
-0.998 -1.040 -0.057 -0.5000 -0.0000 0.8660
-0.838 -1.040 0.036 -0.5000 -0.0000 0.8660
-0.708 -1.149 0.111 -0.5000 -0.0000 0.8660
-0.468 -1.325 -0.790 0.5000 0.0000 -0.8660
-0.208 -1.325 -0.640 0.5000 0.0000 -0.8660
-0.258 -1.501 -0.668 0.5000 0.0000 -0.8660
-0.388 -1.610 -0.743 0.5000 0.0000 -0.8660
-0.548 -1.610 -0.836 0.5000 0.0000 -0.8660
-0.678 -1.501 -0.911 0.5000 0.0000 -0.8660
-0.728 -1.325 -0.940 0.5000 0.0000 -0.8660
-0.678 -1.149 -0.911 0.5000 0.0000 -0.8660
-0.548 -1.040 -0.836 0.5000 0.0000 -0.8660
-0.388 -1.040 -0.743 0.5000 0.0000 -0.8660
-0.258 -1.149 -0.668 0.5000 0.0000 -0.8660
0 1 2
0 2 3
4 6 5
4 7 6
8 10 9
8 11 10
12 13 14
12 14 15
16 17 18
16 18 19
20 22 21
20 23 22
24 25 35
24 35 34
25 26 36
25 36 35
26 27 37
26 37 36
27 28 38
27 38 37
28 29 39
28 39 38
29 30 40
29 40 39
30 31 41
30 41 40
31 32 42
31 42 41
32 33 43
32 43 42
33 24 34
33 34 43
44 46 45
44 47 46
44 48 47
44 49 48
44 50 49
44 51 50
44 52 51
44 53 52
44 54 53
44 45 54
55 56 57
55 57 58
55 58 59
55 59 60
55 60 61
55 61 62
55 62 63
55 63 64
55 64 65
55 65 56
LABEL foot_starboard_slat_6_0
MATERIAL 7
TEXTURE 0
GEOM 104 76 ;foot_starboard_slat_6_0
-1.107 -1.301 -0.311 -0.0644 0.9972 -0.0372
-1.089 -1.301 -0.370 -0.0644 0.9972 -0.0372
-1.068 -1.301 -0.427 -0.0644 0.9972 -0.0372
-1.043 -1.301 -0.484 -0.0644 0.9972 -0.0372
-11.746 -2.125 -3.299 -0.0644 0.9972 -0.0372
-11.552 -2.125 -3.922 -0.0644 0.9972 -0.0372
-11.326 -2.125 -4.535 -0.0644 0.9972 -0.0372
-11.067 -2.125 -5.134 -0.0644 0.9972 -0.0372
-1.107 -1.301 -0.311 0.0644 -0.9972 0.0372
-1.089 -1.301 -0.370 0.0644 -0.9972 0.0372
-1.068 -1.301 -0.427 0.0644 -0.9972 0.0372
-1.043 -1.301 -0.484 0.0644 -0.9972 0.0372
-11.746 -2.125 -3.299 0.0644 -0.9972 0.0372
-11.552 -2.125 -3.922 0.0644 -0.9972 0.0372
-11.326 -2.125 -4.535 0.0644 -0.9972 0.0372
-11.067 -2.125 -5.134 0.0644 -0.9972 0.0372
-1.107 -1.551 -0.311 0.0644 -0.9972 0.0372
-1.089 -1.551 -0.370 0.0644 -0.9972 0.0372
-1.068 -1.551 -0.427 0.0644 -0.9972 0.0372
-1.043 -1.551 -0.484 0.0644 -0.9972 0.0372
-11.746 -2.375 -3.299 0.0644 -0.9972 0.0372
-11.552 -2.375 -3.922 0.0644 -0.9972 0.0372
-11.326 -2.375 -4.535 0.0644 -0.9972 0.0372
-11.067 -2.375 -5.134 0.0644 -0.9972 0.0372
-1.107 -1.551 -0.311 -0.0644 0.9972 -0.0372
-1.089 -1.551 -0.370 -0.0644 0.9972 -0.0372
-1.068 -1.551 -0.427 -0.0644 0.9972 -0.0372
-1.043 -1.551 -0.484 -0.0644 0.9972 -0.0372
-11.746 -2.375 -3.299 -0.0644 0.9972 -0.0372
-11.552 -2.375 -3.922 -0.0644 0.9972 -0.0372
-11.326 -2.375 -4.535 -0.0644 0.9972 -0.0372
-11.067 -2.375 -5.134 -0.0644 0.9972 -0.0372
-11.746 -2.375 -3.299 -0.9380 -0.0000 -0.3467
-11.552 -2.375 -3.922 -0.9380 -0.0000 -0.3467
-11.326 -2.375 -4.535 -0.9380 -0.0000 -0.3467
-11.067 -2.375 -5.134 -0.9380 -0.0000 -0.3467
-11.746 -2.125 -3.299 -0.9380 -0.0000 -0.3467
-11.552 -2.125 -3.922 -0.9380 -0.0000 -0.3467
-11.326 -2.125 -4.535 -0.9380 -0.0000 -0.3467
-11.067 -2.125 -5.134 -0.9380 -0.0000 -0.3467
-11.746 -2.375 -3.299 0.9380 0.0000 0.3467
-11.552 -2.375 -3.922 0.9380 0.0000 0.3467
-11.326 -2.375 -4.535 0.9380 0.0000 0.3467
-11.067 -2.375 -5.134 0.9380 0.0000 0.3467
-11.746 -2.125 -3.299 0.9380 0.0000 0.3467
-11.552 -2.125 -3.922 0.9380 0.0000 0.3467
-11.326 -2.125 -4.535 0.9380 0.0000 0.3467
-11.067 -2.125 -5.134 0.9380 0.0000 0.3467
-1.107 -1.551 -0.311 0.9380 0.0000 0.3467
-1.089 -1.551 -0.370 0.9380 0.0000 0.3467
-1.068 -1.551 -0.427 0.9380 0.0000 0.3467
-1.043 -1.551 -0.484 0.9380 0.0000 0.3467
-1.107 -1.301 -0.311 0.9380 0.0000 0.3467
-1.089 -1.301 -0.370 0.9380 0.0000 0.3467
-1.068 -1.301 -0.427 0.9380 0.0000 0.3467
-1.043 -1.301 -0.484 0.9380 0.0000 0.3467
-1.107 -1.551 -0.311 -0.9380 -0.0000 -0.3467
-1.089 -1.551 -0.370 -0.9380 -0.0000 -0.3467
-1.068 -1.551 -0.427 -0.9380 -0.0000 -0.3467
-1.043 -1.551 -0.484 -0.9380 -0.0000 -0.3467
-1.107 -1.301 -0.311 -0.9380 -0.0000 -0.3467
-1.089 -1.301 -0.370 -0.9380 -0.0000 -0.3467
-1.068 -1.301 -0.427 -0.9380 -0.0000 -0.3467
-1.043 -1.301 -0.484 -0.9380 -0.0000 -0.3467
-11.746 -2.125 -3.299 -0.9380 -0.0000 -0.3467
-11.552 -2.125 -3.922 -0.9380 -0.0000 -0.3467
-11.326 -2.125 -4.535 -0.9380 -0.0000 -0.3467
-11.067 -2.125 -5.134 -0.9380 -0.0000 -0.3467
-11.746 -1.425 -3.299 -0.9380 -0.0000 -0.3467
-11.552 -1.425 -3.922 -0.9380 -0.0000 -0.3467
-11.326 -1.425 -4.535 -0.9380 -0.0000 -0.3467
-11.067 -1.425 -5.134 -0.9380 -0.0000 -0.3467
-11.746 -2.125 -3.299 0.9380 0.0000 0.3467
-11.552 -2.125 -3.922 0.9380 0.0000 0.3467
-11.326 -2.125 -4.535 0.9380 0.0000 0.3467
-11.067 -2.125 -5.134 0.9380 0.0000 0.3467
-11.746 -1.425 -3.299 0.9380 0.0000 0.3467
-11.552 -1.425 -3.922 0.9380 0.0000 0.3467
-11.326 -1.425 -4.535 0.9380 0.0000 0.3467
-11.067 -1.425 -5.134 0.9380 0.0000 0.3467
-11.746 -1.425 -3.299 0.0000 1.0000 0.0000
-11.552 -1.425 -3.922 0.0000 1.0000 0.0000
-11.326 -1.425 -4.535 0.0000 1.0000 0.0000
-11.067 -1.425 -5.134 0.0000 1.0000 0.0000
-11.409 -1.399 -3.204 0.0000 1.0000 0.0000
-11.221 -1.399 -3.810 0.0000 1.0000 0.0000
-11.001 -1.399 -4.404 0.0000 1.0000 0.0000
-10.750 -1.399 -4.987 0.0000 1.0000 0.0000
-11.746 -1.425 -3.299 -0.0000 -1.0000 -0.0000
-11.552 -1.425 -3.922 -0.0000 -1.0000 -0.0000
-11.326 -1.425 -4.535 -0.0000 -1.0000 -0.0000
-11.067 -1.425 -5.134 -0.0000 -1.0000 -0.0000
-11.409 -1.399 -3.204 -0.0000 -1.0000 -0.0000
-11.221 -1.399 -3.810 -0.0000 -1.0000 -0.0000
-11.001 -1.399 -4.404 -0.0000 -1.0000 -0.0000
-10.750 -1.399 -4.987 -0.0000 -1.0000 -0.0000
-1.107 -1.551 -0.311 0.2704 0.0000 -0.9628
-11.746 -2.375 -3.299 0.2704 0.0000 -0.9628
-1.107 -1.301 -0.311 0.2704 0.0000 -0.9628
-11.746 -2.125 -3.299 0.2704 0.0000 -0.9628
-1.107 -1.551 -0.311 -0.2704 -0.0000 0.9628
-11.746 -2.375 -3.299 -0.2704 -0.0000 0.9628
-1.107 -1.301 -0.311 -0.2704 -0.0000 0.9628
-11.746 -2.125 -3.299 -0.2704 -0.0000 0.9628
0 1 5
0 5 4
8 13 9
8 12 13
1 2 6
1 6 5
9 14 10
9 13 14
2 3 7
2 7 6
10 15 11
10 14 15
16 21 17
16 20 21
24 25 29
24 29 28
17 22 18
17 21 22
25 26 30
25 30 29
18 23 19
18 22 23
26 27 31
26 31 30
32 37 33
32 36 37
40 41 45
40 45 44
33 38 34
33 37 38
41 42 46
41 46 45
34 39 35
34 38 39
42 43 47
42 47 46
48 49 53
48 53 52
56 61 57
56 60 61
49 50 54
49 54 53
57 62 58
57 61 62
50 51 55
50 55 54
58 63 59
58 62 63
64 69 65
64 68 69
72 73 77
72 77 76
65 70 66
65 69 70
73 74 78
73 78 77
66 71 67
66 70 71
74 75 79
74 79 78
80 85 81
80 84 85
88 89 93
88 93 92
81 86 82
81 85 86
89 90 94
89 94 93
82 87 83
82 86 87
90 91 95
90 95 94
96 97 99
96 99 98
100 103 101
100 102 103
LABEL foot_starboard_slat_6_1
MATERIAL 7
TEXTURE 0
GEOM 96 72 ;foot_starboard_slat_6_1
-1.041 -1.301 -0.488 -0.0644 0.9972 -0.0372
-1.012 -1.301 -0.546 -0.0644 0.9972 -0.0372
-0.979 -1.301 -0.603 -0.0644 0.9972 -0.0372
-0.943 -1.301 -0.658 -0.0644 0.9972 -0.0372
-11.047 -2.125 -5.178 -0.0644 0.9972 -0.0372
-10.735 -2.125 -5.797 -0.0644 0.9972 -0.0372
-10.388 -2.125 -6.398 -0.0644 0.9972 -0.0372
-10.008 -2.125 -6.978 -0.0644 0.9972 -0.0372
-1.041 -1.301 -0.488 0.0644 -0.9972 0.0372
-1.012 -1.301 -0.546 0.0644 -0.9972 0.0372
-0.979 -1.301 -0.603 0.0644 -0.9972 0.0372
-0.943 -1.301 -0.658 0.0644 -0.9972 0.0372
-11.047 -2.125 -5.178 0.0644 -0.9972 0.0372
-10.735 -2.125 -5.797 0.0644 -0.9972 0.0372
-10.388 -2.125 -6.398 0.0644 -0.9972 0.0372
-10.008 -2.125 -6.978 0.0644 -0.9972 0.0372
-1.041 -1.551 -0.488 0.0644 -0.9972 0.0372
-1.012 -1.551 -0.546 0.0644 -0.9972 0.0372
-0.979 -1.551 -0.603 0.0644 -0.9972 0.0372
-0.943 -1.551 -0.658 0.0644 -0.9972 0.0372
-11.047 -2.375 -5.178 0.0644 -0.9972 0.0372
-10.735 -2.375 -5.797 0.0644 -0.9972 0.0372
-10.388 -2.375 -6.398 0.0644 -0.9972 0.0372
-10.008 -2.375 -6.978 0.0644 -0.9972 0.0372
-1.041 -1.551 -0.488 -0.0644 0.9972 -0.0372
-1.012 -1.551 -0.546 -0.0644 0.9972 -0.0372
-0.979 -1.551 -0.603 -0.0644 0.9972 -0.0372
-0.943 -1.551 -0.658 -0.0644 0.9972 -0.0372
-11.047 -2.375 -5.178 -0.0644 0.9972 -0.0372
-10.735 -2.375 -5.797 -0.0644 0.9972 -0.0372
-10.388 -2.375 -6.398 -0.0644 0.9972 -0.0372
-10.008 -2.375 -6.978 -0.0644 0.9972 -0.0372
-11.047 -2.375 -5.178 -0.8660 -0.0000 -0.5000
-10.735 -2.375 -5.797 -0.8660 -0.0000 -0.5000
-10.388 -2.375 -6.398 -0.8660 -0.0000 -0.5000
-10.008 -2.375 -6.978 -0.8660 -0.0000 -0.5000
-11.047 -2.125 -5.178 -0.8660 -0.0000 -0.5000
-10.735 -2.125 -5.797 -0.8660 -0.0000 -0.5000
-10.388 -2.125 -6.398 -0.8660 -0.0000 -0.5000
-10.008 -2.125 -6.978 -0.8660 -0.0000 -0.5000
-11.047 -2.375 -5.178 0.8660 0.0000 0.5000
-10.735 -2.375 -5.797 0.8660 0.0000 0.5000
-10.388 -2.375 -6.398 0.8660 0.0000 0.5000
-10.008 -2.375 -6.978 0.8660 0.0000 0.5000
-11.047 -2.125 -5.178 0.8660 0.0000 0.5000
-10.735 -2.125 -5.797 0.8660 0.0000 0.5000
-10.388 -2.125 -6.398 0.8660 0.0000 0.5000
-10.008 -2.125 -6.978 0.8660 0.0000 0.5000
-1.041 -1.551 -0.488 0.8660 0.0000 0.5000
-1.012 -1.551 -0.546 0.8660 0.0000 0.5000
-0.979 -1.551 -0.603 0.8660 0.0000 0.5000
-0.943 -1.551 -0.658 0.8660 0.0000 0.5000
-1.041 -1.301 -0.488 0.8660 0.0000 0.5000
-1.012 -1.301 -0.546 0.8660 0.0000 0.5000
-0.979 -1.301 -0.603 0.8660 0.0000 0.5000
-0.943 -1.301 -0.658 0.8660 0.0000 0.5000
-1.041 -1.551 -0.488 -0.8660 -0.0000 -0.5000
-1.012 -1.551 -0.546 -0.8660 -0.0000 -0.5000
-0.979 -1.551 -0.603 -0.8660 -0.0000 -0.5000
-0.943 -1.551 -0.658 -0.8660 -0.0000 -0.5000
-1.041 -1.301 -0.488 -0.8660 -0.0000 -0.5000
-1.012 -1.301 -0.546 -0.8660 -0.0000 -0.5000
-0.979 -1.301 -0.603 -0.8660 -0.0000 -0.5000
-0.943 -1.301 -0.658 -0.8660 -0.0000 -0.5000
-11.047 -2.125 -5.178 -0.8660 -0.0000 -0.5000
-10.735 -2.125 -5.797 -0.8660 -0.0000 -0.5000
-10.388 -2.125 -6.398 -0.8660 -0.0000 -0.5000
-10.008 -2.125 -6.978 -0.8660 -0.0000 -0.5000
-11.047 -1.425 -5.178 -0.8660 -0.0000 -0.5000
-10.735 -1.425 -5.797 -0.8660 -0.0000 -0.5000
-10.388 -1.425 -6.398 -0.8660 -0.0000 -0.5000
-10.008 -1.425 -6.978 -0.8660 -0.0000 -0.5000
-11.047 -2.125 -5.178 0.8660 0.0000 0.5000
-10.735 -2.125 -5.797 0.8660 0.0000 0.5000
-10.388 -2.125 -6.398 0.8660 0.0000 0.5000
-10.008 -2.125 -6.978 0.8660 0.0000 0.5000
-11.047 -1.425 -5.178 0.8660 0.0000 0.5000
-10.735 -1.425 -5.797 0.8660 0.0000 0.5000
-10.388 -1.425 -6.398 0.8660 0.0000 0.5000
-10.008 -1.425 -6.978 0.8660 0.0000 0.5000
-11.047 -1.425 -5.178 0.0000 1.0000 0.0000
-10.735 -1.425 -5.797 0.0000 1.0000 0.0000
-10.388 -1.425 -6.398 0.0000 1.0000 0.0000
-10.008 -1.425 -6.978 0.0000 1.0000 0.0000
-10.730 -1.399 -5.029 0.0000 1.0000 0.0000
-10.427 -1.399 -5.631 0.0000 1.0000 0.0000
-10.090 -1.399 -6.214 0.0000 1.0000 0.0000
-9.721 -1.399 -6.777 0.0000 1.0000 0.0000
-11.047 -1.425 -5.178 -0.0000 -1.0000 -0.0000
-10.735 -1.425 -5.797 -0.0000 -1.0000 -0.0000
-10.388 -1.425 -6.398 -0.0000 -1.0000 -0.0000
-10.008 -1.425 -6.978 -0.0000 -1.0000 -0.0000
-10.730 -1.399 -5.029 -0.0000 -1.0000 -0.0000
-10.427 -1.399 -5.631 -0.0000 -1.0000 -0.0000
-10.090 -1.399 -6.214 -0.0000 -1.0000 -0.0000
-9.721 -1.399 -6.777 -0.0000 -1.0000 -0.0000
0 1 5
0 5 4
8 13 9
8 12 13
1 2 6
1 6 5
9 14 10
9 13 14
2 3 7
2 7 6
10 15 11
10 14 15
16 21 17
16 20 21
24 25 29
24 29 28
17 22 18
17 21 22
25 26 30
25 30 29
18 23 19
18 22 23
26 27 31
26 31 30
32 37 33
32 36 37
40 41 45
40 45 44
33 38 34
33 37 38
41 42 46
41 46 45
34 39 35
34 38 39
42 43 47
42 47 46
48 49 53
48 53 52
56 61 57
56 60 61
49 50 54
49 54 53
57 62 58
57 61 62
50 51 55
50 55 54
58 63 59
58 62 63
64 69 65
64 68 69
72 73 77
72 77 76
65 70 66
65 69 70
73 74 78
73 78 77
66 71 67
66 70 71
74 75 79
74 79 78
80 85 81
80 84 85
88 89 93
88 93 92
81 86 82
81 85 86
89 90 94
89 94 93
82 87 83
82 86 87
90 91 95
90 95 94
LABEL foot_starboard_slat_6_2
MATERIAL 7
TEXTURE 0
GEOM 104 76 ;foot_starboard_slat_6_2
-0.941 -1.301 -0.661 -0.0644 0.9972 -0.0372
-0.904 -1.301 -0.711 -0.0644 0.9972 -0.0372
-0.865 -1.301 -0.758 -0.0644 0.9972 -0.0372
-0.823 -1.301 -0.803 -0.0644 0.9972 -0.0372
-9.980 -2.125 -7.018 -0.0644 0.9972 -0.0372
-9.590 -2.125 -7.541 -0.0644 0.9972 -0.0372
-9.173 -2.125 -8.043 -0.0644 0.9972 -0.0372
-8.730 -2.125 -8.523 -0.0644 0.9972 -0.0372
-0.941 -1.301 -0.661 0.0644 -0.9972 0.0372
-0.904 -1.301 -0.711 0.0644 -0.9972 0.0372
-0.865 -1.301 -0.758 0.0644 -0.9972 0.0372
-0.823 -1.301 -0.803 0.0644 -0.9972 0.0372
-9.980 -2.125 -7.018 0.0644 -0.9972 0.0372
-9.590 -2.125 -7.541 0.0644 -0.9972 0.0372
-9.173 -2.125 -8.043 0.0644 -0.9972 0.0372
-8.730 -2.125 -8.523 0.0644 -0.9972 0.0372
-0.941 -1.551 -0.661 0.0644 -0.9972 0.0372
-0.904 -1.551 -0.711 0.0644 -0.9972 0.0372
-0.865 -1.551 -0.758 0.0644 -0.9972 0.0372
-0.823 -1.551 -0.803 0.0644 -0.9972 0.0372
-9.980 -2.375 -7.018 0.0644 -0.9972 0.0372
-9.590 -2.375 -7.541 0.0644 -0.9972 0.0372
-9.173 -2.375 -8.043 0.0644 -0.9972 0.0372
-8.730 -2.375 -8.523 0.0644 -0.9972 0.0372
-0.941 -1.551 -0.661 -0.0644 0.9972 -0.0372
-0.904 -1.551 -0.711 -0.0644 0.9972 -0.0372
-0.865 -1.551 -0.758 -0.0644 0.9972 -0.0372
-0.823 -1.551 -0.803 -0.0644 0.9972 -0.0372
-9.980 -2.375 -7.018 -0.0644 0.9972 -0.0372
-9.590 -2.375 -7.541 -0.0644 0.9972 -0.0372
-9.173 -2.375 -8.043 -0.0644 0.9972 -0.0372
-8.730 -2.375 -8.523 -0.0644 0.9972 -0.0372
-9.980 -2.375 -7.018 -0.7692 -0.0000 -0.6389
-9.590 -2.375 -7.541 -0.7692 -0.0000 -0.6389
-9.173 -2.375 -8.043 -0.7692 -0.0000 -0.6389
-8.730 -2.375 -8.523 -0.7692 -0.0000 -0.6389
-9.980 -2.125 -7.018 -0.7692 -0.0000 -0.6389
-9.590 -2.125 -7.541 -0.7692 -0.0000 -0.6389
-9.173 -2.125 -8.043 -0.7692 -0.0000 -0.6389
-8.730 -2.125 -8.523 -0.7692 -0.0000 -0.6389
-9.980 -2.375 -7.018 0.7692 0.0000 0.6389
-9.590 -2.375 -7.541 0.7692 0.0000 0.6389
-9.173 -2.375 -8.043 0.7692 0.0000 0.6389
-8.730 -2.375 -8.523 0.7692 0.0000 0.6389
-9.980 -2.125 -7.018 0.7692 0.0000 0.6389
-9.590 -2.125 -7.541 0.7692 0.0000 0.6389
-9.173 -2.125 -8.043 0.7692 0.0000 0.6389
-8.730 -2.125 -8.523 0.7692 0.0000 0.6389
-0.941 -1.551 -0.661 0.7692 0.0000 0.6389
-0.904 -1.551 -0.711 0.7692 0.0000 0.6389
-0.865 -1.551 -0.758 0.7692 0.0000 0.6389
-0.823 -1.551 -0.803 0.7692 0.0000 0.6389
-0.941 -1.301 -0.661 0.7692 0.0000 0.6389
-0.904 -1.301 -0.711 0.7692 0.0000 0.6389
-0.865 -1.301 -0.758 0.7692 0.0000 0.6389
-0.823 -1.301 -0.803 0.7692 0.0000 0.6389
-0.941 -1.551 -0.661 -0.7692 -0.0000 -0.6389
-0.904 -1.551 -0.711 -0.7692 -0.0000 -0.6389
-0.865 -1.551 -0.758 -0.7692 -0.0000 -0.6389
-0.823 -1.551 -0.803 -0.7692 -0.0000 -0.6389
-0.941 -1.301 -0.661 -0.7692 -0.0000 -0.6389
-0.904 -1.301 -0.711 -0.7692 -0.0000 -0.6389
-0.865 -1.301 -0.758 -0.7692 -0.0000 -0.6389
-0.823 -1.301 -0.803 -0.7692 -0.0000 -0.6389
-9.980 -2.125 -7.018 -0.7692 -0.0000 -0.6389
-9.590 -2.125 -7.541 -0.7692 -0.0000 -0.6389
-9.173 -2.125 -8.043 -0.7692 -0.0000 -0.6389
-8.730 -2.125 -8.523 -0.7692 -0.0000 -0.6389
-9.980 -1.425 -7.018 -0.7692 -0.0000 -0.6389
-9.590 -1.425 -7.541 -0.7692 -0.0000 -0.6389
-9.173 -1.425 -8.043 -0.7692 -0.0000 -0.6389
-8.730 -1.425 -8.523 -0.7692 -0.0000 -0.6389
-9.980 -2.125 -7.018 0.7692 0.0000 0.6389
-9.590 -2.125 -7.541 0.7692 0.0000 0.6389
-9.173 -2.125 -8.043 0.7692 0.0000 0.6389
-8.730 -2.125 -8.523 0.7692 0.0000 0.6389
-9.980 -1.425 -7.018 0.7692 0.0000 0.6389
-9.590 -1.425 -7.541 0.7692 0.0000 0.6389
-9.173 -1.425 -8.043 0.7692 0.0000 0.6389
-8.730 -1.425 -8.523 0.7692 0.0000 0.6389
-9.980 -1.425 -7.018 0.0000 1.0000 0.0000
-9.590 -1.425 -7.541 0.0000 1.0000 0.0000
-9.173 -1.425 -8.043 0.0000 1.0000 0.0000
-8.730 -1.425 -8.523 0.0000 1.0000 0.0000
-9.693 -1.399 -6.816 0.0000 1.0000 0.0000
-9.315 -1.399 -7.325 0.0000 1.0000 0.0000
-8.910 -1.399 -7.813 0.0000 1.0000 0.0000
-8.479 -1.399 -8.278 0.0000 1.0000 0.0000
-9.980 -1.425 -7.018 -0.0000 -1.0000 -0.0000
-9.590 -1.425 -7.541 -0.0000 -1.0000 -0.0000
-9.173 -1.425 -8.043 -0.0000 -1.0000 -0.0000
-8.730 -1.425 -8.523 -0.0000 -1.0000 -0.0000
-9.693 -1.399 -6.816 -0.0000 -1.0000 -0.0000
-9.315 -1.399 -7.325 -0.0000 -1.0000 -0.0000
-8.910 -1.399 -7.813 -0.0000 -1.0000 -0.0000
-8.479 -1.399 -8.278 -0.0000 -1.0000 -0.0000
-0.823 -1.551 -0.803 0.6986 0.0000 -0.7155
-8.730 -2.375 -8.523 0.6986 0.0000 -0.7155
-0.823 -1.301 -0.803 0.6986 0.0000 -0.7155
-8.730 -2.125 -8.523 0.6986 0.0000 -0.7155
-0.823 -1.551 -0.803 -0.6986 -0.0000 0.7155
-8.730 -2.375 -8.523 -0.6986 -0.0000 0.7155
-0.823 -1.301 -0.803 -0.6986 -0.0000 0.7155
-8.730 -2.125 -8.523 -0.6986 -0.0000 0.7155
0 1 5
0 5 4
8 13 9
8 12 13
1 2 6
1 6 5
9 14 10
9 13 14
2 3 7
2 7 6
10 15 11
10 14 15
16 21 17
16 20 21
24 25 29
24 29 28
17 22 18
17 21 22
25 26 30
25 30 29
18 23 19
18 22 23
26 27 31
26 31 30
32 37 33
32 36 37
40 41 45
40 45 44
33 38 34
33 37 38
41 42 46
41 46 45
34 39 35
34 38 39
42 43 47
42 47 46
48 49 53
48 53 52
56 61 57
56 60 61
49 50 54
49 54 53
57 62 58
57 61 62
50 51 55
50 55 54
58 63 59
58 62 63
64 69 65
64 68 69
72 73 77
72 77 76
65 70 66
65 69 70
73 74 78
73 78 77
66 71 67
66 70 71
74 75 79
74 79 78
80 85 81
80 84 85
88 89 93
88 93 92
81 86 82
81 85 86
89 90 94
89 94 93
82 87 83
82 86 87
90 91 95
90 95 94
96 97 99
96 99 98
100 103 101
100 102 103
LABEL foot_starboard_strut_6
MATERIAL 9
TEXTURE 0
GEOM 50 48 ;foot_starboard_strut_6
-0.758 2.125 -1.188 0.5000 0.0000 -0.8660
-0.668 1.838 -1.036 0.6372 -0.4409 -0.6321
-0.690 1.629 -0.774 0.6037 -0.7637 -0.2288
-0.817 1.552 -0.472 0.4085 -0.8818 0.2358
-1.015 1.629 -0.211 0.1037 -0.7637 0.6372
-1.231 1.838 -0.061 -0.2288 -0.4409 0.8679
-1.408 2.125 -0.062 -0.5000 -0.0000 0.8660
-1.497 2.412 -0.214 -0.6372 0.4409 0.6321
-1.475 2.621 -0.476 -0.6037 0.7637 0.2288
-1.348 2.698 -0.778 -0.4085 0.8818 -0.2358
-1.150 2.621 -1.039 -0.1037 0.7637 -0.6372
-0.934 2.412 -1.189 0.2288 0.4409 -0.8679
-4.052 0.090 -3.090 0.5000 0.0000 -0.8660
-3.963 -0.196 -2.938 0.6372 -0.4409 -0.6321
-3.984 -0.406 -2.676 0.6037 -0.7637 -0.2288
-4.111 -0.483 -2.374 0.4085 -0.8818 0.2358
-4.309 -0.406 -2.113 0.1037 -0.7637 0.6372
-4.526 -0.196 -1.963 -0.2288 -0.4409 0.8679
-4.702 0.090 -1.964 -0.5000 -0.0000 0.8660
-4.791 0.377 -2.116 -0.6372 0.4409 0.6321
-4.769 0.587 -2.378 -0.6037 0.7637 0.2288
-4.642 0.664 -2.680 -0.4085 0.8818 -0.2358
-4.444 0.587 -2.941 -0.1037 0.7637 -0.6372
-4.228 0.377 -3.091 0.2288 0.4409 -0.8679
-1.083 2.125 -0.625 0.7637 0.4716 0.4409
-0.758 2.125 -1.188 0.7637 0.4716 0.4409
-0.668 1.838 -1.036 0.7637 0.4716 0.4409
-0.690 1.629 -0.774 0.7637 0.4716 0.4409
-0.817 1.552 -0.472 0.7637 0.4716 0.4409
-1.015 1.629 -0.211 0.7637 0.4716 0.4409
-1.231 1.838 -0.061 0.7637 0.4716 0.4409
-1.408 2.125 -0.062 0.7637 0.4716 0.4409
-1.497 2.412 -0.214 0.7637 0.4716 0.4409
-1.475 2.621 -0.476 0.7637 0.4716 0.4409
-1.348 2.698 -0.778 0.7637 0.4716 0.4409
-1.150 2.621 -1.039 0.7637 0.4716 0.4409
-0.934 2.412 -1.189 0.7637 0.4716 0.4409
-4.377 0.090 -2.527 -0.7637 -0.4716 -0.4409
-4.052 0.090 -3.090 -0.7637 -0.4716 -0.4409
-3.963 -0.196 -2.938 -0.7637 -0.4716 -0.4409
-3.984 -0.406 -2.676 -0.7637 -0.4716 -0.4409
-4.111 -0.483 -2.374 -0.7637 -0.4716 -0.4409
-4.309 -0.406 -2.113 -0.7637 -0.4716 -0.4409
-4.526 -0.196 -1.963 -0.7637 -0.4716 -0.4409
-4.702 0.090 -1.964 -0.7637 -0.4716 -0.4409
-4.791 0.377 -2.116 -0.7637 -0.4716 -0.4409
-4.769 0.587 -2.378 -0.7637 -0.4716 -0.4409
-4.642 0.664 -2.680 -0.7637 -0.4716 -0.4409
-4.444 0.587 -2.941 -0.7637 -0.4716 -0.4409
-4.228 0.377 -3.091 -0.7637 -0.4716 -0.4409
0 1 13
0 13 12
1 2 14
1 14 13
2 3 15
2 15 14
3 4 16
3 16 15
4 5 17
4 17 16
5 6 18
5 18 17
6 7 19
6 19 18
7 8 20
7 20 19
8 9 21
8 21 20
9 10 22
9 22 21
10 11 23
10 23 22
11 0 12
11 12 23
24 26 25
24 27 26
24 28 27
24 29 28
24 30 29
24 31 30
24 32 31
24 33 32
24 34 33
24 35 34
24 36 35
24 25 36
37 38 39
37 39 40
37 40 41
37 41 42
37 42 43
37 43 44
37 44 45
37 45 46
37 46 47
37 47 48
37 48 49
37 49 38
LABEL foot_starboard_rod_6
MATERIAL 7
TEXTURE 0
GEOM 42 40 ;foot_starboard_rod_6
-3.769 0.373 -2.522 0.5000 0.0000 -0.8660
-3.725 0.218 -2.431 0.6446 -0.5183 -0.5620
-3.756 0.122 -2.275 0.5430 -0.8386 -0.0433
-3.848 0.122 -2.115 0.2340 -0.8386 0.4919
-3.968 0.218 -2.011 -0.1644 -0.5183 0.8392
-4.069 0.373 -2.003 -0.5000 -0.0000 0.8660
-4.112 0.529 -2.094 -0.6446 0.5183 0.5620
-4.081 0.625 -2.249 -0.5430 0.8386 0.0433
-3.989 0.625 -2.410 -0.2340 0.8386 -0.4919
-3.869 0.529 -2.514 0.1644 0.5183 -0.8392
-6.922 -1.574 -4.343 0.5000 0.0000 -0.8660
-6.879 -1.730 -4.252 0.6446 -0.5183 -0.5620
-6.909 -1.826 -4.096 0.5430 -0.8386 -0.0433
-7.002 -1.826 -3.936 0.2340 -0.8386 0.4919
-7.121 -1.730 -3.831 -0.1644 -0.5183 0.8392
-7.222 -1.574 -3.823 -0.5000 -0.0000 0.8660
-7.265 -1.419 -3.914 -0.6446 0.5183 0.5620
-7.235 -1.323 -4.070 -0.5430 0.8386 0.0433
-7.142 -1.323 -4.231 -0.2340 0.8386 -0.4919
-7.023 -1.419 -4.335 0.1644 0.5183 -0.8392
-3.919 0.373 -2.262 0.7637 0.4716 0.4409
-3.769 0.373 -2.522 0.7637 0.4716 0.4409
-3.725 0.218 -2.431 0.7637 0.4716 0.4409
-3.756 0.122 -2.275 0.7637 0.4716 0.4409
-3.848 0.122 -2.115 0.7637 0.4716 0.4409
-3.968 0.218 -2.011 0.7637 0.4716 0.4409
-4.069 0.373 -2.003 0.7637 0.4716 0.4409
-4.112 0.529 -2.094 0.7637 0.4716 0.4409
-4.081 0.625 -2.249 0.7637 0.4716 0.4409
-3.989 0.625 -2.410 0.7637 0.4716 0.4409
-3.869 0.529 -2.514 0.7637 0.4716 0.4409
-7.072 -1.574 -4.083 -0.7637 -0.4716 -0.4409
-6.922 -1.574 -4.343 -0.7637 -0.4716 -0.4409
-6.879 -1.730 -4.252 -0.7637 -0.4716 -0.4409
-6.909 -1.826 -4.096 -0.7637 -0.4716 -0.4409
-7.002 -1.826 -3.936 -0.7637 -0.4716 -0.4409
-7.121 -1.730 -3.831 -0.7637 -0.4716 -0.4409
-7.222 -1.574 -3.823 -0.7637 -0.4716 -0.4409
-7.265 -1.419 -3.914 -0.7637 -0.4716 -0.4409
-7.235 -1.323 -4.070 -0.7637 -0.4716 -0.4409
-7.142 -1.323 -4.231 -0.7637 -0.4716 -0.4409
-7.023 -1.419 -4.335 -0.7637 -0.4716 -0.4409
0 1 11
0 11 10
1 2 12
1 12 11
2 3 13
2 13 12
3 4 14
3 14 13
4 5 15
4 15 14
5 6 16
5 16 15
6 7 17
6 17 16
7 8 18
7 18 17
8 9 19
8 19 18
9 0 10
9 10 19
20 22 21
20 23 22
20 24 23
20 25 24
20 26 25
20 27 26
20 28 27
20 29 28
20 30 29
20 21 30
31 32 33
31 33 34
31 34 35
31 35 36
31 36 37
31 37 38
31 38 39
31 39 40
31 40 41
31 41 32
LABEL foot_starboard_skirt_6_0
MATERIAL 7
TEXTURE 0
GEOM 16 12 ;foot_starboard_skirt_6_0
-11.746 -3.275 -3.299 -0.9380 -0.0000 -0.3467
-11.552 -3.275 -3.922 -0.9380 -0.0000 -0.3467
-11.326 -3.275 -4.535 -0.9380 -0.0000 -0.3467
-11.067 -3.275 -5.134 -0.9380 -0.0000 -0.3467
-11.746 -2.375 -3.299 -0.9380 -0.0000 -0.3467
-11.552 -2.375 -3.922 -0.9380 -0.0000 -0.3467
-11.326 -2.375 -4.535 -0.9380 -0.0000 -0.3467
-11.067 -2.375 -5.134 -0.9380 -0.0000 -0.3467
-11.746 -3.275 -3.299 0.9380 0.0000 0.3467
-11.552 -3.275 -3.922 0.9380 0.0000 0.3467
-11.326 -3.275 -4.535 0.9380 0.0000 0.3467
-11.067 -3.275 -5.134 0.9380 0.0000 0.3467
-11.746 -2.375 -3.299 0.9380 0.0000 0.3467
-11.552 -2.375 -3.922 0.9380 0.0000 0.3467
-11.326 -2.375 -4.535 0.9380 0.0000 0.3467
-11.067 -2.375 -5.134 0.9380 0.0000 0.3467
0 5 1
0 4 5
8 9 13
8 13 12
1 6 2
1 5 6
9 10 14
9 14 13
2 7 3
2 6 7
10 11 15
10 15 14
LABEL foot_starboard_skirt_6_1
MATERIAL 7
TEXTURE 0
GEOM 16 12 ;foot_starboard_skirt_6_1
-11.047 -3.275 -5.178 -0.8660 -0.0000 -0.5000
-10.735 -3.275 -5.797 -0.8660 -0.0000 -0.5000
-10.388 -3.275 -6.398 -0.8660 -0.0000 -0.5000
-10.008 -3.275 -6.978 -0.8660 -0.0000 -0.5000
-11.047 -2.375 -5.178 -0.8660 -0.0000 -0.5000
-10.735 -2.375 -5.797 -0.8660 -0.0000 -0.5000
-10.388 -2.375 -6.398 -0.8660 -0.0000 -0.5000
-10.008 -2.375 -6.978 -0.8660 -0.0000 -0.5000
-11.047 -3.275 -5.178 0.8660 0.0000 0.5000
-10.735 -3.275 -5.797 0.8660 0.0000 0.5000
-10.388 -3.275 -6.398 0.8660 0.0000 0.5000
-10.008 -3.275 -6.978 0.8660 0.0000 0.5000
-11.047 -2.375 -5.178 0.8660 0.0000 0.5000
-10.735 -2.375 -5.797 0.8660 0.0000 0.5000
-10.388 -2.375 -6.398 0.8660 0.0000 0.5000
-10.008 -2.375 -6.978 0.8660 0.0000 0.5000
0 5 1
0 4 5
8 9 13
8 13 12
1 6 2
1 5 6
9 10 14
9 14 13
2 7 3
2 6 7
10 11 15
10 15 14
LABEL foot_starboard_skirt_6_2
MATERIAL 7
TEXTURE 0
GEOM 16 12 ;foot_starboard_skirt_6_2
-9.980 -3.275 -7.018 -0.7692 -0.0000 -0.6389
-9.590 -3.275 -7.541 -0.7692 -0.0000 -0.6389
-9.173 -3.275 -8.043 -0.7692 -0.0000 -0.6389
-8.730 -3.275 -8.523 -0.7692 -0.0000 -0.6389
-9.980 -2.375 -7.018 -0.7692 -0.0000 -0.6389
-9.590 -2.375 -7.541 -0.7692 -0.0000 -0.6389
-9.173 -2.375 -8.043 -0.7692 -0.0000 -0.6389
-8.730 -2.375 -8.523 -0.7692 -0.0000 -0.6389
-9.980 -3.275 -7.018 0.7692 0.0000 0.6389
-9.590 -3.275 -7.541 0.7692 0.0000 0.6389
-9.173 -3.275 -8.043 0.7692 0.0000 0.6389
-8.730 -3.275 -8.523 0.7692 0.0000 0.6389
-9.980 -2.375 -7.018 0.7692 0.0000 0.6389
-9.590 -2.375 -7.541 0.7692 0.0000 0.6389
-9.173 -2.375 -8.043 0.7692 0.0000 0.6389
-8.730 -2.375 -8.523 0.7692 0.0000 0.6389
0 5 1
0 4 5
8 9 13
8 13 12
1 6 2
1 5 6
9 10 14
9 14 13
2 7 3
2 6 7
10 11 15
10 15 14
LABEL foot_starboard_petal_7
MATERIAL 7
TEXTURE 0
GEOM 66 52 ;foot_starboard_petal_7
-0.812 -1.291 -0.707 0.4986 0.0744 0.8636
-0.206 -1.291 -1.057 0.4986 0.0744 0.8636
-0.225 -0.792 -1.089 0.4986 0.0744 0.8636
-0.831 -0.792 -0.739 0.4986 0.0744 0.8636
-6.212 -2.096 -10.060 -0.4986 -0.0744 -0.8636
-5.606 -2.096 -10.410 -0.4986 -0.0744 -0.8636
-5.625 -1.597 -10.442 -0.4986 -0.0744 -0.8636
-6.231 -1.597 -10.092 -0.4986 -0.0744 -0.8636
-0.812 -1.291 -0.707 -0.8660 -0.0000 0.5000
-6.212 -2.096 -10.060 -0.8660 -0.0000 0.5000
-6.231 -1.597 -10.092 -0.8660 -0.0000 0.5000
-0.831 -0.792 -0.739 -0.8660 -0.0000 0.5000
-0.206 -1.291 -1.057 0.8660 0.0000 -0.5000
-5.606 -2.096 -10.410 0.8660 0.0000 -0.5000
-5.625 -1.597 -10.442 0.8660 0.0000 -0.5000
-0.225 -0.792 -1.089 0.8660 0.0000 -0.5000
-0.812 -1.291 -0.707 0.0372 -0.9972 0.0644
-6.212 -2.096 -10.060 0.0372 -0.9972 0.0644
-5.606 -2.096 -10.410 0.0372 -0.9972 0.0644
-0.206 -1.291 -1.057 0.0372 -0.9972 0.0644
-0.831 -0.792 -0.739 -0.0372 0.9972 -0.0644
-6.231 -1.597 -10.092 -0.0372 0.9972 -0.0644
-5.625 -1.597 -10.442 -0.0372 0.9972 -0.0644
-0.225 -0.792 -1.089 -0.0372 0.9972 -0.0644
-0.640 -1.325 -0.208 0.5000 -0.0000 0.8660
-0.668 -1.501 -0.258 0.4045 -0.5878 0.7006
-0.743 -1.610 -0.388 0.1545 -0.9511 0.2676
-0.836 -1.610 -0.548 -0.1545 -0.9511 -0.2676
-0.911 -1.501 -0.678 -0.4045 -0.5878 -0.7006
-0.940 -1.325 -0.728 -0.5000 -0.0000 -0.8660
-0.911 -1.149 -0.678 -0.4045 0.5878 -0.7006
-0.836 -1.040 -0.548 -0.1545 0.9511 -0.2676
-0.743 -1.040 -0.388 0.1545 0.9511 0.2676
-0.668 -1.149 -0.258 0.4045 0.5878 0.7006
0.140 -1.325 -0.658 0.5000 -0.0000 0.8660
0.111 -1.501 -0.708 0.4045 -0.5878 0.7006
0.036 -1.610 -0.838 0.1545 -0.9511 0.2676
-0.057 -1.610 -0.998 -0.1545 -0.9511 -0.2676
-0.132 -1.501 -1.128 -0.4045 -0.5878 -0.7006
-0.160 -1.325 -1.178 -0.5000 -0.0000 -0.8660
-0.132 -1.149 -1.128 -0.4045 0.5878 -0.7006
-0.057 -1.040 -0.998 -0.1545 0.9511 -0.2676
0.036 -1.040 -0.838 0.1545 0.9511 0.2676
0.111 -1.149 -0.708 0.4045 0.5878 0.7006
-0.790 -1.325 -0.468 -0.8660 -0.0000 0.5000
-0.640 -1.325 -0.208 -0.8660 -0.0000 0.5000
-0.668 -1.501 -0.258 -0.8660 -0.0000 0.5000
-0.743 -1.610 -0.388 -0.8660 -0.0000 0.5000
-0.836 -1.610 -0.548 -0.8660 -0.0000 0.5000
-0.911 -1.501 -0.678 -0.8660 -0.0000 0.5000
-0.940 -1.325 -0.728 -0.8660 -0.0000 0.5000
-0.911 -1.149 -0.678 -0.8660 -0.0000 0.5000
-0.836 -1.040 -0.548 -0.8660 -0.0000 0.5000
-0.743 -1.040 -0.388 -0.8660 -0.0000 0.5000
-0.668 -1.149 -0.258 -0.8660 -0.0000 0.5000
-0.010 -1.325 -0.918 0.8660 0.0000 -0.5000
0.140 -1.325 -0.658 0.8660 0.0000 -0.5000
0.111 -1.501 -0.708 0.8660 0.0000 -0.5000
0.036 -1.610 -0.838 0.8660 0.0000 -0.5000
-0.057 -1.610 -0.998 0.8660 0.0000 -0.5000
-0.132 -1.501 -1.128 0.8660 0.0000 -0.5000
-0.160 -1.325 -1.178 0.8660 0.0000 -0.5000
-0.132 -1.149 -1.128 0.8660 0.0000 -0.5000
-0.057 -1.040 -0.998 0.8660 0.0000 -0.5000
0.036 -1.040 -0.838 0.8660 0.0000 -0.5000
0.111 -1.149 -0.708 0.8660 0.0000 -0.5000
0 1 2
0 2 3
4 6 5
4 7 6
8 10 9
8 11 10
12 13 14
12 14 15
16 17 18
16 18 19
20 22 21
20 23 22
24 25 35
24 35 34
25 26 36
25 36 35
26 27 37
26 37 36
27 28 38
27 38 37
28 29 39
28 39 38
29 30 40
29 40 39
30 31 41
30 41 40
31 32 42
31 42 41
32 33 43
32 43 42
33 24 34
33 34 43
44 46 45
44 47 46
44 48 47
44 49 48
44 50 49
44 51 50
44 52 51
44 53 52
44 54 53
44 45 54
55 56 57
55 57 58
55 58 59
55 59 60
55 60 61
55 61 62
55 62 63
55 63 64
55 64 65
55 65 56
LABEL foot_starboard_slat_7_0
MATERIAL 7
TEXTURE 0
GEOM 104 76 ;foot_starboard_slat_7_0
-0.803 -1.301 -0.823 -0.0372 0.9972 -0.0644
-0.758 -1.301 -0.865 -0.0372 0.9972 -0.0644
-0.711 -1.301 -0.904 -0.0372 0.9972 -0.0644
-0.661 -1.301 -0.941 -0.0372 0.9972 -0.0644
-8.523 -2.125 -8.730 -0.0372 0.9972 -0.0644
-8.043 -2.125 -9.173 -0.0372 0.9972 -0.0644
-7.541 -2.125 -9.590 -0.0372 0.9972 -0.0644
-7.018 -2.125 -9.980 -0.0372 0.9972 -0.0644
-0.803 -1.301 -0.823 0.0372 -0.9972 0.0644
-0.758 -1.301 -0.865 0.0372 -0.9972 0.0644
-0.711 -1.301 -0.904 0.0372 -0.9972 0.0644
-0.661 -1.301 -0.941 0.0372 -0.9972 0.0644
-8.523 -2.125 -8.730 0.0372 -0.9972 0.0644
-8.043 -2.125 -9.173 0.0372 -0.9972 0.0644
-7.541 -2.125 -9.590 0.0372 -0.9972 0.0644
-7.018 -2.125 -9.980 0.0372 -0.9972 0.0644
-0.803 -1.551 -0.823 0.0372 -0.9972 0.0644
-0.758 -1.551 -0.865 0.0372 -0.9972 0.0644
-0.711 -1.551 -0.904 0.0372 -0.9972 0.0644
-0.661 -1.551 -0.941 0.0372 -0.9972 0.0644
-8.523 -2.375 -8.730 0.0372 -0.9972 0.0644
-8.043 -2.375 -9.173 0.0372 -0.9972 0.0644
-7.541 -2.375 -9.590 0.0372 -0.9972 0.0644
-7.018 -2.375 -9.980 0.0372 -0.9972 0.0644
-0.803 -1.551 -0.823 -0.0372 0.9972 -0.0644
-0.758 -1.551 -0.865 -0.0372 0.9972 -0.0644
-0.711 -1.551 -0.904 -0.0372 0.9972 -0.0644
-0.661 -1.551 -0.941 -0.0372 0.9972 -0.0644
-8.523 -2.375 -8.730 -0.0372 0.9972 -0.0644
-8.043 -2.375 -9.173 -0.0372 0.9972 -0.0644
-7.541 -2.375 -9.590 -0.0372 0.9972 -0.0644
-7.018 -2.375 -9.980 -0.0372 0.9972 -0.0644
-8.523 -2.375 -8.730 -0.6389 -0.0000 -0.7692
-8.043 -2.375 -9.173 -0.6389 -0.0000 -0.7692
-7.541 -2.375 -9.590 -0.6389 -0.0000 -0.7692
-7.018 -2.375 -9.980 -0.6389 -0.0000 -0.7692
-8.523 -2.125 -8.730 -0.6389 -0.0000 -0.7692
-8.043 -2.125 -9.173 -0.6389 -0.0000 -0.7692
-7.541 -2.125 -9.590 -0.6389 -0.0000 -0.7692
-7.018 -2.125 -9.980 -0.6389 -0.0000 -0.7692
-8.523 -2.375 -8.730 0.6389 0.0000 0.7692
-8.043 -2.375 -9.173 0.6389 0.0000 0.7692
-7.541 -2.375 -9.590 0.6389 0.0000 0.7692
-7.018 -2.375 -9.980 0.6389 0.0000 0.7692
-8.523 -2.125 -8.730 0.6389 0.0000 0.7692
-8.043 -2.125 -9.173 0.6389 0.0000 0.7692
-7.541 -2.125 -9.590 0.6389 0.0000 0.7692
-7.018 -2.125 -9.980 0.6389 0.0000 0.7692
-0.803 -1.551 -0.823 0.6389 0.0000 0.7692
-0.758 -1.551 -0.865 0.6389 0.0000 0.7692
-0.711 -1.551 -0.904 0.6389 0.0000 0.7692
-0.661 -1.551 -0.941 0.6389 0.0000 0.7692
-0.803 -1.301 -0.823 0.6389 0.0000 0.7692
-0.758 -1.301 -0.865 0.6389 0.0000 0.7692
-0.711 -1.301 -0.904 0.6389 0.0000 0.7692
-0.661 -1.301 -0.941 0.6389 0.0000 0.7692
-0.803 -1.551 -0.823 -0.6389 -0.0000 -0.7692
-0.758 -1.551 -0.865 -0.6389 -0.0000 -0.7692
-0.711 -1.551 -0.904 -0.6389 -0.0000 -0.7692
-0.661 -1.551 -0.941 -0.6389 -0.0000 -0.7692
-0.803 -1.301 -0.823 -0.6389 -0.0000 -0.7692
-0.758 -1.301 -0.865 -0.6389 -0.0000 -0.7692
-0.711 -1.301 -0.904 -0.6389 -0.0000 -0.7692
-0.661 -1.301 -0.941 -0.6389 -0.0000 -0.7692
-8.523 -2.125 -8.730 -0.6389 -0.0000 -0.7692
-8.043 -2.125 -9.173 -0.6389 -0.0000 -0.7692
-7.541 -2.125 -9.590 -0.6389 -0.0000 -0.7692
-7.018 -2.125 -9.980 -0.6389 -0.0000 -0.7692
-8.523 -1.425 -8.730 -0.6389 -0.0000 -0.7692
-8.043 -1.425 -9.173 -0.6389 -0.0000 -0.7692
-7.541 -1.425 -9.590 -0.6389 -0.0000 -0.7692
-7.018 -1.425 -9.980 -0.6389 -0.0000 -0.7692
-8.523 -2.125 -8.730 0.6389 0.0000 0.7692
-8.043 -2.125 -9.173 0.6389 0.0000 0.7692
-7.541 -2.125 -9.590 0.6389 0.0000 0.7692
-7.018 -2.125 -9.980 0.6389 0.0000 0.7692
-8.523 -1.425 -8.730 0.6389 0.0000 0.7692
-8.043 -1.425 -9.173 0.6389 0.0000 0.7692
-7.541 -1.425 -9.590 0.6389 0.0000 0.7692
-7.018 -1.425 -9.980 0.6389 0.0000 0.7692
-8.523 -1.425 -8.730 0.0000 1.0000 0.0000
-8.043 -1.425 -9.173 0.0000 1.0000 0.0000
-7.541 -1.425 -9.590 0.0000 1.0000 0.0000
-7.018 -1.425 -9.980 0.0000 1.0000 0.0000
-8.278 -1.399 -8.479 0.0000 1.0000 0.0000
-7.813 -1.399 -8.910 0.0000 1.0000 0.0000
-7.325 -1.399 -9.315 0.0000 1.0000 0.0000
-6.816 -1.399 -9.693 0.0000 1.0000 0.0000
-8.523 -1.425 -8.730 -0.0000 -1.0000 -0.0000
-8.043 -1.425 -9.173 -0.0000 -1.0000 -0.0000
-7.541 -1.425 -9.590 -0.0000 -1.0000 -0.0000
-7.018 -1.425 -9.980 -0.0000 -1.0000 -0.0000
-8.278 -1.399 -8.479 -0.0000 -1.0000 -0.0000
-7.813 -1.399 -8.910 -0.0000 -1.0000 -0.0000
-7.325 -1.399 -9.315 -0.0000 -1.0000 -0.0000
-6.816 -1.399 -9.693 -0.0000 -1.0000 -0.0000
-0.803 -1.551 -0.823 0.7155 0.0000 -0.6986
-8.523 -2.375 -8.730 0.7155 0.0000 -0.6986
-0.803 -1.301 -0.823 0.7155 0.0000 -0.6986
-8.523 -2.125 -8.730 0.7155 0.0000 -0.6986
-0.803 -1.551 -0.823 -0.7155 -0.0000 0.6986
-8.523 -2.375 -8.730 -0.7155 -0.0000 0.6986
-0.803 -1.301 -0.823 -0.7155 -0.0000 0.6986
-8.523 -2.125 -8.730 -0.7155 -0.0000 0.6986
0 1 5
0 5 4
8 13 9
8 12 13
1 2 6
1 6 5
9 14 10
9 13 14
2 3 7
2 7 6
10 15 11
10 14 15
16 21 17
16 20 21
24 25 29
24 29 28
17 22 18
17 21 22
25 26 30
25 30 29
18 23 19
18 22 23
26 27 31
26 31 30
32 37 33
32 36 37
40 41 45
40 45 44
33 38 34
33 37 38
41 42 46
41 46 45
34 39 35
34 38 39
42 43 47
42 47 46
48 49 53
48 53 52
56 61 57
56 60 61
49 50 54
49 54 53
57 62 58
57 61 62
50 51 55
50 55 54
58 63 59
58 62 63
64 69 65
64 68 69
72 73 77
72 77 76
65 70 66
65 69 70
73 74 78
73 78 77
66 71 67
66 70 71
74 75 79
74 79 78
80 85 81
80 84 85
88 89 93
88 93 92
81 86 82
81 85 86
89 90 94
89 94 93
82 87 83
82 86 87
90 91 95
90 95 94
96 97 99
96 99 98
100 103 101
100 102 103
LABEL foot_starboard_slat_7_1
MATERIAL 7
TEXTURE 0
GEOM 96 72 ;foot_starboard_slat_7_1
-0.658 -1.301 -0.943 -0.0372 0.9972 -0.0644
-0.603 -1.301 -0.979 -0.0372 0.9972 -0.0644
-0.546 -1.301 -1.012 -0.0372 0.9972 -0.0644
-0.488 -1.301 -1.041 -0.0372 0.9972 -0.0644
-6.978 -2.125 -10.008 -0.0372 0.9972 -0.0644
-6.398 -2.125 -10.388 -0.0372 0.9972 -0.0644
-5.797 -2.125 -10.735 -0.0372 0.9972 -0.0644
-5.178 -2.125 -11.047 -0.0372 0.9972 -0.0644
-0.658 -1.301 -0.943 0.0372 -0.9972 0.0644
-0.603 -1.301 -0.979 0.0372 -0.9972 0.0644
-0.546 -1.301 -1.012 0.0372 -0.9972 0.0644
-0.488 -1.301 -1.041 0.0372 -0.9972 0.0644
-6.978 -2.125 -10.008 0.0372 -0.9972 0.0644
-6.398 -2.125 -10.388 0.0372 -0.9972 0.0644
-5.797 -2.125 -10.735 0.0372 -0.9972 0.0644
-5.178 -2.125 -11.047 0.0372 -0.9972 0.0644
-0.658 -1.551 -0.943 0.0372 -0.9972 0.0644
-0.603 -1.551 -0.979 0.0372 -0.9972 0.0644
-0.546 -1.551 -1.012 0.0372 -0.9972 0.0644
-0.488 -1.551 -1.041 0.0372 -0.9972 0.0644
-6.978 -2.375 -10.008 0.0372 -0.9972 0.0644
-6.398 -2.375 -10.388 0.0372 -0.9972 0.0644
-5.797 -2.375 -10.735 0.0372 -0.9972 0.0644
-5.178 -2.375 -11.047 0.0372 -0.9972 0.0644
-0.658 -1.551 -0.943 -0.0372 0.9972 -0.0644
-0.603 -1.551 -0.979 -0.0372 0.9972 -0.0644
-0.546 -1.551 -1.012 -0.0372 0.9972 -0.0644
-0.488 -1.551 -1.041 -0.0372 0.9972 -0.0644
-6.978 -2.375 -10.008 -0.0372 0.9972 -0.0644
-6.398 -2.375 -10.388 -0.0372 0.9972 -0.0644
-5.797 -2.375 -10.735 -0.0372 0.9972 -0.0644
-5.178 -2.375 -11.047 -0.0372 0.9972 -0.0644
-6.978 -2.375 -10.008 -0.5000 -0.0000 -0.8660
-6.398 -2.375 -10.388 -0.5000 -0.0000 -0.8660
-5.797 -2.375 -10.735 -0.5000 -0.0000 -0.8660
-5.178 -2.375 -11.047 -0.5000 -0.0000 -0.8660
-6.978 -2.125 -10.008 -0.5000 -0.0000 -0.8660
-6.398 -2.125 -10.388 -0.5000 -0.0000 -0.8660
-5.797 -2.125 -10.735 -0.5000 -0.0000 -0.8660
-5.178 -2.125 -11.047 -0.5000 -0.0000 -0.8660
-6.978 -2.375 -10.008 0.5000 0.0000 0.8660
-6.398 -2.375 -10.388 0.5000 0.0000 0.8660
-5.797 -2.375 -10.735 0.5000 0.0000 0.8660
-5.178 -2.375 -11.047 0.5000 0.0000 0.8660
-6.978 -2.125 -10.008 0.5000 0.0000 0.8660
-6.398 -2.125 -10.388 0.5000 0.0000 0.8660
-5.797 -2.125 -10.735 0.5000 0.0000 0.8660
-5.178 -2.125 -11.047 0.5000 0.0000 0.8660
-0.658 -1.551 -0.943 0.5000 0.0000 0.8660
-0.603 -1.551 -0.979 0.5000 0.0000 0.8660
-0.546 -1.551 -1.012 0.5000 0.0000 0.8660
-0.488 -1.551 -1.041 0.5000 0.0000 0.8660
-0.658 -1.301 -0.943 0.5000 0.0000 0.8660
-0.603 -1.301 -0.979 0.5000 0.0000 0.8660
-0.546 -1.301 -1.012 0.5000 0.0000 0.8660
-0.488 -1.301 -1.041 0.5000 0.0000 0.8660
-0.658 -1.551 -0.943 -0.5000 -0.0000 -0.8660
-0.603 -1.551 -0.979 -0.5000 -0.0000 -0.8660
-0.546 -1.551 -1.012 -0.5000 -0.0000 -0.8660
-0.488 -1.551 -1.041 -0.5000 -0.0000 -0.8660
-0.658 -1.301 -0.943 -0.5000 -0.0000 -0.8660
-0.603 -1.301 -0.979 -0.5000 -0.0000 -0.8660
-0.546 -1.301 -1.012 -0.5000 -0.0000 -0.8660
-0.488 -1.301 -1.041 -0.5000 -0.0000 -0.8660
-6.978 -2.125 -10.008 -0.5000 -0.0000 -0.8660
-6.398 -2.125 -10.388 -0.5000 -0.0000 -0.8660
-5.797 -2.125 -10.735 -0.5000 -0.0000 -0.8660
-5.178 -2.125 -11.047 -0.5000 -0.0000 -0.8660
-6.978 -1.425 -10.008 -0.5000 -0.0000 -0.8660
-6.398 -1.425 -10.388 -0.5000 -0.0000 -0.8660
-5.797 -1.425 -10.735 -0.5000 -0.0000 -0.8660
-5.178 -1.425 -11.047 -0.5000 -0.0000 -0.8660
-6.978 -2.125 -10.008 0.5000 0.0000 0.8660
-6.398 -2.125 -10.388 0.5000 0.0000 0.8660
-5.797 -2.125 -10.735 0.5000 0.0000 0.8660
-5.178 -2.125 -11.047 0.5000 0.0000 0.8660
-6.978 -1.425 -10.008 0.5000 0.0000 0.8660
-6.398 -1.425 -10.388 0.5000 0.0000 0.8660
-5.797 -1.425 -10.735 0.5000 0.0000 0.8660
-5.178 -1.425 -11.047 0.5000 0.0000 0.8660
-6.978 -1.425 -10.008 0.0000 1.0000 0.0000
-6.398 -1.425 -10.388 0.0000 1.0000 0.0000
-5.797 -1.425 -10.735 0.0000 1.0000 0.0000
-5.178 -1.425 -11.047 0.0000 1.0000 0.0000
-6.777 -1.399 -9.721 0.0000 1.0000 0.0000
-6.214 -1.399 -10.090 0.0000 1.0000 0.0000
-5.631 -1.399 -10.427 0.0000 1.0000 0.0000
-5.029 -1.399 -10.730 0.0000 1.0000 0.0000
-6.978 -1.425 -10.008 -0.0000 -1.0000 -0.0000
-6.398 -1.425 -10.388 -0.0000 -1.0000 -0.0000
-5.797 -1.425 -10.735 -0.0000 -1.0000 -0.0000
-5.178 -1.425 -11.047 -0.0000 -1.0000 -0.0000
-6.777 -1.399 -9.721 -0.0000 -1.0000 -0.0000
-6.214 -1.399 -10.090 -0.0000 -1.0000 -0.0000
-5.631 -1.399 -10.427 -0.0000 -1.0000 -0.0000
-5.029 -1.399 -10.730 -0.0000 -1.0000 -0.0000
0 1 5
0 5 4
8 13 9
8 12 13
1 2 6
1 6 5
9 14 10
9 13 14
2 3 7
2 7 6
10 15 11
10 14 15
16 21 17
16 20 21
24 25 29
24 29 28
17 22 18
17 21 22
25 26 30
25 30 29
18 23 19
18 22 23
26 27 31
26 31 30
32 37 33
32 36 37
40 41 45
40 45 44
33 38 34
33 37 38
41 42 46
41 46 45
34 39 35
34 38 39
42 43 47
42 47 46
48 49 53
48 53 52
56 61 57
56 60 61
49 50 54
49 54 53
57 62 58
57 61 62
50 51 55
50 55 54
58 63 59
58 62 63
64 69 65
64 68 69
72 73 77
72 77 76
65 70 66
65 69 70
73 74 78
73 78 77
66 71 67
66 70 71
74 75 79
74 79 78
80 85 81
80 84 85
88 89 93
88 93 92
81 86 82
81 85 86
89 90 94
89 94 93
82 87 83
82 86 87
90 91 95
90 95 94
LABEL foot_starboard_slat_7_2
MATERIAL 7
TEXTURE 0
GEOM 104 76 ;foot_starboard_slat_7_2
-0.484 -1.301 -1.043 -0.0372 0.9972 -0.0644
-0.427 -1.301 -1.068 -0.0372 0.9972 -0.0644
-0.370 -1.301 -1.089 -0.0372 0.9972 -0.0644
-0.311 -1.301 -1.107 -0.0372 0.9972 -0.0644
-5.134 -2.125 -11.067 -0.0372 0.9972 -0.0644
-4.535 -2.125 -11.326 -0.0372 0.9972 -0.0644
-3.922 -2.125 -11.552 -0.0372 0.9972 -0.0644
-3.299 -2.125 -11.746 -0.0372 0.9972 -0.0644
-0.484 -1.301 -1.043 0.0372 -0.9972 0.0644
-0.427 -1.301 -1.068 0.0372 -0.9972 0.0644
-0.370 -1.301 -1.089 0.0372 -0.9972 0.0644
-0.311 -1.301 -1.107 0.0372 -0.9972 0.0644
-5.134 -2.125 -11.067 0.0372 -0.9972 0.0644
-4.535 -2.125 -11.326 0.0372 -0.9972 0.0644
-3.922 -2.125 -11.552 0.0372 -0.9972 0.0644
-3.299 -2.125 -11.746 0.0372 -0.9972 0.0644
-0.484 -1.551 -1.043 0.0372 -0.9972 0.0644
-0.427 -1.551 -1.068 0.0372 -0.9972 0.0644
-0.370 -1.551 -1.089 0.0372 -0.9972 0.0644
-0.311 -1.551 -1.107 0.0372 -0.9972 0.0644
-5.134 -2.375 -11.067 0.0372 -0.9972 0.0644
-4.535 -2.375 -11.326 0.0372 -0.9972 0.0644
-3.922 -2.375 -11.552 0.0372 -0.9972 0.0644
-3.299 -2.375 -11.746 0.0372 -0.9972 0.0644
-0.484 -1.551 -1.043 -0.0372 0.9972 -0.0644
-0.427 -1.551 -1.068 -0.0372 0.9972 -0.0644
-0.370 -1.551 -1.089 -0.0372 0.9972 -0.0644
-0.311 -1.551 -1.107 -0.0372 0.9972 -0.0644
-5.134 -2.375 -11.067 -0.0372 0.9972 -0.0644
-4.535 -2.375 -11.326 -0.0372 0.9972 -0.0644
-3.922 -2.375 -11.552 -0.0372 0.9972 -0.0644
-3.299 -2.375 -11.746 -0.0372 0.9972 -0.0644
-5.134 -2.375 -11.067 -0.3467 -0.0000 -0.9380
-4.535 -2.375 -11.326 -0.3467 -0.0000 -0.9380
-3.922 -2.375 -11.552 -0.3467 -0.0000 -0.9380
-3.299 -2.375 -11.746 -0.3467 -0.0000 -0.9380
-5.134 -2.125 -11.067 -0.3467 -0.0000 -0.9380
-4.535 -2.125 -11.326 -0.3467 -0.0000 -0.9380
-3.922 -2.125 -11.552 -0.3467 -0.0000 -0.9380
-3.299 -2.125 -11.746 -0.3467 -0.0000 -0.9380
-5.134 -2.375 -11.067 0.3467 0.0000 0.9380
-4.535 -2.375 -11.326 0.3467 0.0000 0.9380
-3.922 -2.375 -11.552 0.3467 0.0000 0.9380
-3.299 -2.375 -11.746 0.3467 0.0000 0.9380
-5.134 -2.125 -11.067 0.3467 0.0000 0.9380
-4.535 -2.125 -11.326 0.3467 0.0000 0.9380
-3.922 -2.125 -11.552 0.3467 0.0000 0.9380
-3.299 -2.125 -11.746 0.3467 0.0000 0.9380
-0.484 -1.551 -1.043 0.3467 0.0000 0.9380
-0.427 -1.551 -1.068 0.3467 0.0000 0.9380
-0.370 -1.551 -1.089 0.3467 0.0000 0.9380
-0.311 -1.551 -1.107 0.3467 0.0000 0.9380
-0.484 -1.301 -1.043 0.3467 0.0000 0.9380
-0.427 -1.301 -1.068 0.3467 0.0000 0.9380
-0.370 -1.301 -1.089 0.3467 0.0000 0.9380
-0.311 -1.301 -1.107 0.3467 0.0000 0.9380
-0.484 -1.551 -1.043 -0.3467 -0.0000 -0.9380
-0.427 -1.551 -1.068 -0.3467 -0.0000 -0.9380
-0.370 -1.551 -1.089 -0.3467 -0.0000 -0.9380
-0.311 -1.551 -1.107 -0.3467 -0.0000 -0.9380
-0.484 -1.301 -1.043 -0.3467 -0.0000 -0.9380
-0.427 -1.301 -1.068 -0.3467 -0.0000 -0.9380
-0.370 -1.301 -1.089 -0.3467 -0.0000 -0.9380
-0.311 -1.301 -1.107 -0.3467 -0.0000 -0.9380
-5.134 -2.125 -11.067 -0.3467 -0.0000 -0.9380
-4.535 -2.125 -11.326 -0.3467 -0.0000 -0.9380
-3.922 -2.125 -11.552 -0.3467 -0.0000 -0.9380
-3.299 -2.125 -11.746 -0.3467 -0.0000 -0.9380
-5.134 -1.425 -11.067 -0.3467 -0.0000 -0.9380
-4.535 -1.425 -11.326 -0.3467 -0.0000 -0.9380
-3.922 -1.425 -11.552 -0.3467 -0.0000 -0.9380
-3.299 -1.425 -11.746 -0.3467 -0.0000 -0.9380
-5.134 -2.125 -11.067 0.3467 0.0000 0.9380
-4.535 -2.125 -11.326 0.3467 0.0000 0.9380
-3.922 -2.125 -11.552 0.3467 0.0000 0.9380
-3.299 -2.125 -11.746 0.3467 0.0000 0.9380
-5.134 -1.425 -11.067 0.3467 0.0000 0.9380
-4.535 -1.425 -11.326 0.3467 0.0000 0.9380
-3.922 -1.425 -11.552 0.3467 0.0000 0.9380
-3.299 -1.425 -11.746 0.3467 0.0000 0.9380
-5.134 -1.425 -11.067 0.0000 1.0000 0.0000
-4.535 -1.425 -11.326 0.0000 1.0000 0.0000
-3.922 -1.425 -11.552 0.0000 1.0000 0.0000
-3.299 -1.425 -11.746 0.0000 1.0000 0.0000
-4.987 -1.399 -10.750 0.0000 1.0000 0.0000
-4.404 -1.399 -11.001 0.0000 1.0000 0.0000
-3.810 -1.399 -11.221 0.0000 1.0000 0.0000
-3.204 -1.399 -11.409 0.0000 1.0000 0.0000
-5.134 -1.425 -11.067 -0.0000 -1.0000 -0.0000
-4.535 -1.425 -11.326 -0.0000 -1.0000 -0.0000
-3.922 -1.425 -11.552 -0.0000 -1.0000 -0.0000
-3.299 -1.425 -11.746 -0.0000 -1.0000 -0.0000
-4.987 -1.399 -10.750 -0.0000 -1.0000 -0.0000
-4.404 -1.399 -11.001 -0.0000 -1.0000 -0.0000
-3.810 -1.399 -11.221 -0.0000 -1.0000 -0.0000
-3.204 -1.399 -11.409 -0.0000 -1.0000 -0.0000
-0.311 -1.551 -1.107 0.9628 0.0000 -0.2704
-3.299 -2.375 -11.746 0.9628 0.0000 -0.2704
-0.311 -1.301 -1.107 0.9628 0.0000 -0.2704
-3.299 -2.125 -11.746 0.9628 0.0000 -0.2704
-0.311 -1.551 -1.107 -0.9628 -0.0000 0.2704
-3.299 -2.375 -11.746 -0.9628 -0.0000 0.2704
-0.311 -1.301 -1.107 -0.9628 -0.0000 0.2704
-3.299 -2.125 -11.746 -0.9628 -0.0000 0.2704
0 1 5
0 5 4
8 13 9
8 12 13
1 2 6
1 6 5
9 14 10
9 13 14
2 3 7
2 7 6
10 15 11
10 14 15
16 21 17
16 20 21
24 25 29
24 29 28
17 22 18
17 21 22
25 26 30
25 30 29
18 23 19
18 22 23
26 27 31
26 31 30
32 37 33
32 36 37
40 41 45
40 45 44
33 38 34
33 37 38
41 42 46
41 46 45
34 39 35
34 38 39
42 43 47
42 47 46
48 49 53
48 53 52
56 61 57
56 60 61
49 50 54
49 54 53
57 62 58
57 61 62
50 51 55
50 55 54
58 63 59
58 62 63
64 69 65
64 68 69
72 73 77
72 77 76
65 70 66
65 69 70
73 74 78
73 78 77
66 71 67
66 70 71
74 75 79
74 79 78
80 85 81
80 84 85
88 89 93
88 93 92
81 86 82
81 85 86
89 90 94
89 94 93
82 87 83
82 86 87
90 91 95
90 95 94
96 97 99
96 99 98
100 103 101
100 102 103
LABEL foot_starboard_strut_7
MATERIAL 9
TEXTURE 0
GEOM 50 48 ;foot_starboard_strut_7
-0.062 2.125 -1.408 0.8660 0.0000 -0.5000
-0.061 1.838 -1.231 0.8679 -0.4409 -0.2288
-0.211 1.629 -1.015 0.6372 -0.7637 0.1037
-0.472 1.552 -0.817 0.2358 -0.8818 0.4085
-0.774 1.629 -0.690 -0.2288 -0.7637 0.6037
-1.036 1.838 -0.668 -0.6321 -0.4409 0.6372
-1.188 2.125 -0.758 -0.8660 -0.0000 0.5000
-1.189 2.412 -0.934 -0.8679 0.4409 0.2288
-1.039 2.621 -1.150 -0.6372 0.7637 -0.1037
-0.778 2.698 -1.348 -0.2358 0.8818 -0.4085
-0.476 2.621 -1.475 0.2288 0.7637 -0.6037
-0.214 2.412 -1.497 0.6321 0.4409 -0.6372
-1.964 0.090 -4.702 0.8660 0.0000 -0.5000
-1.963 -0.196 -4.526 0.8679 -0.4409 -0.2288
-2.113 -0.406 -4.309 0.6372 -0.7637 0.1037
-2.374 -0.483 -4.111 0.2358 -0.8818 0.4085
-2.676 -0.406 -3.984 -0.2288 -0.7637 0.6037
-2.938 -0.196 -3.963 -0.6321 -0.4409 0.6372
-3.090 0.090 -4.052 -0.8660 -0.0000 0.5000
-3.091 0.377 -4.228 -0.8679 0.4409 0.2288
-2.941 0.587 -4.444 -0.6372 0.7637 -0.1037
-2.680 0.664 -4.642 -0.2358 0.8818 -0.4085
-2.378 0.587 -4.769 0.2288 0.7637 -0.6037
-2.116 0.377 -4.791 0.6321 0.4409 -0.6372
-0.625 2.125 -1.083 0.4409 0.4716 0.7637
-0.062 2.125 -1.408 0.4409 0.4716 0.7637
-0.061 1.838 -1.231 0.4409 0.4716 0.7637
-0.211 1.629 -1.015 0.4409 0.4716 0.7637
-0.472 1.552 -0.817 0.4409 0.4716 0.7637
-0.774 1.629 -0.690 0.4409 0.4716 0.7637
-1.036 1.838 -0.668 0.4409 0.4716 0.7637
-1.188 2.125 -0.758 0.4409 0.4716 0.7637
-1.189 2.412 -0.934 0.4409 0.4716 0.7637
-1.039 2.621 -1.150 0.4409 0.4716 0.7637
-0.778 2.698 -1.348 0.4409 0.4716 0.7637
-0.476 2.621 -1.475 0.4409 0.4716 0.7637
-0.214 2.412 -1.497 0.4409 0.4716 0.7637
-2.527 0.090 -4.377 -0.4409 -0.4716 -0.7637
-1.964 0.090 -4.702 -0.4409 -0.4716 -0.7637
-1.963 -0.196 -4.526 -0.4409 -0.4716 -0.7637
-2.113 -0.406 -4.309 -0.4409 -0.4716 -0.7637
-2.374 -0.483 -4.111 -0.4409 -0.4716 -0.7637
-2.676 -0.406 -3.984 -0.4409 -0.4716 -0.7637
-2.938 -0.196 -3.963 -0.4409 -0.4716 -0.7637
-3.090 0.090 -4.052 -0.4409 -0.4716 -0.7637
-3.091 0.377 -4.228 -0.4409 -0.4716 -0.7637
-2.941 0.587 -4.444 -0.4409 -0.4716 -0.7637
-2.680 0.664 -4.642 -0.4409 -0.4716 -0.7637
-2.378 0.587 -4.769 -0.4409 -0.4716 -0.7637
-2.116 0.377 -4.791 -0.4409 -0.4716 -0.7637
0 1 13
0 13 12
1 2 14
1 14 13
2 3 15
2 15 14
3 4 16
3 16 15
4 5 17
4 17 16
5 6 18
5 18 17
6 7 19
6 19 18
7 8 20
7 20 19
8 9 21
8 21 20
9 10 22
9 22 21
10 11 23
10 23 22
11 0 12
11 12 23
24 26 25
24 27 26
24 28 27
24 29 28
24 30 29
24 31 30
24 32 31
24 33 32
24 34 33
24 35 34
24 36 35
24 25 36
37 38 39
37 39 40
37 40 41
37 41 42
37 42 43
37 43 44
37 44 45
37 45 46
37 46 47
37 47 48
37 48 49
37 49 38
LABEL foot_starboard_rod_7
MATERIAL 7
TEXTURE 0
GEOM 42 40 ;foot_starboard_rod_7
-2.003 0.373 -4.069 0.8660 0.0000 -0.5000
-2.011 0.218 -3.968 0.8392 -0.5183 -0.1644
-2.115 0.122 -3.848 0.4919 -0.8386 0.2340
-2.275 0.122 -3.756 -0.0433 -0.8386 0.5430
-2.431 0.218 -3.725 -0.5620 -0.5183 0.6446
-2.522 0.373 -3.769 -0.8660 -0.0000 0.5000
-2.514 0.529 -3.869 -0.8392 0.5183 0.1644
-2.410 0.625 -3.989 -0.4919 0.8386 -0.2340
-2.249 0.625 -4.081 0.0433 0.8386 -0.5430
-2.094 0.529 -4.112 0.5620 0.5183 -0.6446
-3.823 -1.574 -7.222 0.8660 0.0000 -0.5000
-3.831 -1.730 -7.121 0.8392 -0.5183 -0.1644
-3.936 -1.826 -7.002 0.4919 -0.8386 0.2340
-4.096 -1.826 -6.909 -0.0433 -0.8386 0.5430
-4.252 -1.730 -6.879 -0.5620 -0.5183 0.6446
-4.343 -1.574 -6.922 -0.8660 -0.0000 0.5000
-4.335 -1.419 -7.023 -0.8392 0.5183 0.1644
-4.231 -1.323 -7.142 -0.4919 0.8386 -0.2340
-4.070 -1.323 -7.235 0.0433 0.8386 -0.5430
-3.914 -1.419 -7.265 0.5620 0.5183 -0.6446
-2.262 0.373 -3.919 0.4409 0.4716 0.7637
-2.003 0.373 -4.069 0.4409 0.4716 0.7637
-2.011 0.218 -3.968 0.4409 0.4716 0.7637
-2.115 0.122 -3.848 0.4409 0.4716 0.7637
-2.275 0.122 -3.756 0.4409 0.4716 0.7637
-2.431 0.218 -3.725 0.4409 0.4716 0.7637
-2.522 0.373 -3.769 0.4409 0.4716 0.7637
-2.514 0.529 -3.869 0.4409 0.4716 0.7637
-2.410 0.625 -3.989 0.4409 0.4716 0.7637
-2.249 0.625 -4.081 0.4409 0.4716 0.7637
-2.094 0.529 -4.112 0.4409 0.4716 0.7637
-4.083 -1.574 -7.072 -0.4409 -0.4716 -0.7637
-3.823 -1.574 -7.222 -0.4409 -0.4716 -0.7637
-3.831 -1.730 -7.121 -0.4409 -0.4716 -0.7637
-3.936 -1.826 -7.002 -0.4409 -0.4716 -0.7637
-4.096 -1.826 -6.909 -0.4409 -0.4716 -0.7637
-4.252 -1.730 -6.879 -0.4409 -0.4716 -0.7637
-4.343 -1.574 -6.922 -0.4409 -0.4716 -0.7637
-4.335 -1.419 -7.023 -0.4409 -0.4716 -0.7637
-4.231 -1.323 -7.142 -0.4409 -0.4716 -0.7637
-4.070 -1.323 -7.235 -0.4409 -0.4716 -0.7637
-3.914 -1.419 -7.265 -0.4409 -0.4716 -0.7637
0 1 11
0 11 10
1 2 12
1 12 11
2 3 13
2 13 12
3 4 14
3 14 13
4 5 15
4 15 14
5 6 16
5 16 15
6 7 17
6 17 16
7 8 18
7 18 17
8 9 19
8 19 18
9 0 10
9 10 19
20 22 21
20 23 22
20 24 23
20 25 24
20 26 25
20 27 26
20 28 27
20 29 28
20 30 29
20 21 30
31 32 33
31 33 34
31 34 35
31 35 36
31 36 37
31 37 38
31 38 39
31 39 40
31 40 41
31 41 32
LABEL foot_starboard_skirt_7_0
MATERIAL 7
TEXTURE 0
GEOM 16 12 ;foot_starboard_skirt_7_0
-8.523 -3.275 -8.730 -0.6389 -0.0000 -0.7692
-8.043 -3.275 -9.173 -0.6389 -0.0000 -0.7692
-7.541 -3.275 -9.590 -0.6389 -0.0000 -0.7692
-7.018 -3.275 -9.980 -0.6389 -0.0000 -0.7692
-8.523 -2.375 -8.730 -0.6389 -0.0000 -0.7692
-8.043 -2.375 -9.173 -0.6389 -0.0000 -0.7692
-7.541 -2.375 -9.590 -0.6389 -0.0000 -0.7692
-7.018 -2.375 -9.980 -0.6389 -0.0000 -0.7692
-8.523 -3.275 -8.730 0.6389 0.0000 0.7692
-8.043 -3.275 -9.173 0.6389 0.0000 0.7692
-7.541 -3.275 -9.590 0.6389 0.0000 0.7692
-7.018 -3.275 -9.980 0.6389 0.0000 0.7692
-8.523 -2.375 -8.730 0.6389 0.0000 0.7692
-8.043 -2.375 -9.173 0.6389 0.0000 0.7692
-7.541 -2.375 -9.590 0.6389 0.0000 0.7692
-7.018 -2.375 -9.980 0.6389 0.0000 0.7692
0 5 1
0 4 5
8 9 13
8 13 12
1 6 2
1 5 6
9 10 14
9 14 13
2 7 3
2 6 7
10 11 15
10 15 14
LABEL foot_starboard_skirt_7_1
MATERIAL 7
TEXTURE 0
GEOM 16 12 ;foot_starboard_skirt_7_1
-6.978 -3.275 -10.008 -0.5000 -0.0000 -0.8660
-6.398 -3.275 -10.388 -0.5000 -0.0000 -0.8660
-5.797 -3.275 -10.735 -0.5000 -0.0000 -0.8660
-5.178 -3.275 -11.047 -0.5000 -0.0000 -0.8660
-6.978 -2.375 -10.008 -0.5000 -0.0000 -0.8660
-6.398 -2.375 -10.388 -0.5000 -0.0000 -0.8660
-5.797 -2.375 -10.735 -0.5000 -0.0000 -0.8660
-5.178 -2.375 -11.047 -0.5000 -0.0000 -0.8660
-6.978 -3.275 -10.008 0.5000 0.0000 0.8660
-6.398 -3.275 -10.388 0.5000 0.0000 0.8660
-5.797 -3.275 -10.735 0.5000 0.0000 0.8660
-5.178 -3.275 -11.047 0.5000 0.0000 0.8660
-6.978 -2.375 -10.008 0.5000 0.0000 0.8660
-6.398 -2.375 -10.388 0.5000 0.0000 0.8660
-5.797 -2.375 -10.735 0.5000 0.0000 0.8660
-5.178 -2.375 -11.047 0.5000 0.0000 0.8660
0 5 1
0 4 5
8 9 13
8 13 12
1 6 2
1 5 6
9 10 14
9 14 13
2 7 3
2 6 7
10 11 15
10 15 14
LABEL foot_starboard_skirt_7_2
MATERIAL 7
TEXTURE 0
GEOM 16 12 ;foot_starboard_skirt_7_2
-5.134 -3.275 -11.067 -0.3467 -0.0000 -0.9380
-4.535 -3.275 -11.326 -0.3467 -0.0000 -0.9380
-3.922 -3.275 -11.552 -0.3467 -0.0000 -0.9380
-3.299 -3.275 -11.746 -0.3467 -0.0000 -0.9380
-5.134 -2.375 -11.067 -0.3467 -0.0000 -0.9380
-4.535 -2.375 -11.326 -0.3467 -0.0000 -0.9380
-3.922 -2.375 -11.552 -0.3467 -0.0000 -0.9380
-3.299 -2.375 -11.746 -0.3467 -0.0000 -0.9380
-5.134 -3.275 -11.067 0.3467 0.0000 0.9380
-4.535 -3.275 -11.326 0.3467 0.0000 0.9380
-3.922 -3.275 -11.552 0.3467 0.0000 0.9380
-3.299 -3.275 -11.746 0.3467 0.0000 0.9380
-5.134 -2.375 -11.067 0.3467 0.0000 0.9380
-4.535 -2.375 -11.326 0.3467 0.0000 0.9380
-3.922 -2.375 -11.552 0.3467 0.0000 0.9380
-3.299 -2.375 -11.746 0.3467 0.0000 0.9380
0 5 1
0 4 5
8 9 13
8 13 12
1 6 2
1 5 6
9 10 14
9 14 13
2 7 3
2 6 7
10 11 15
10 15 14
LABEL foot_starboard_petal_8
MATERIAL 7
TEXTURE 0
GEOM 66 52 ;foot_starboard_petal_8
-0.350 -1.291 -1.019 0.0000 0.0744 0.9972
0.350 -1.291 -1.019 0.0000 0.0744 0.9972
0.350 -0.792 -1.056 0.0000 0.0744 0.9972
-0.350 -0.792 -1.056 0.0000 0.0744 0.9972
-0.350 -2.096 -11.819 -0.0000 -0.0744 -0.9972
0.350 -2.096 -11.819 -0.0000 -0.0744 -0.9972
0.350 -1.597 -11.856 -0.0000 -0.0744 -0.9972
-0.350 -1.597 -11.856 -0.0000 -0.0744 -0.9972
-0.350 -1.291 -1.019 -1.0000 -0.0000 0.0000
-0.350 -2.096 -11.819 -1.0000 -0.0000 0.0000
-0.350 -1.597 -11.856 -1.0000 -0.0000 0.0000
-0.350 -0.792 -1.056 -1.0000 -0.0000 0.0000
0.350 -1.291 -1.019 1.0000 0.0000 -0.0000
0.350 -2.096 -11.819 1.0000 0.0000 -0.0000
0.350 -1.597 -11.856 1.0000 0.0000 -0.0000
0.350 -0.792 -1.056 1.0000 0.0000 -0.0000
-0.350 -1.291 -1.019 0.0000 -0.9972 0.0744
-0.350 -2.096 -11.819 0.0000 -0.9972 0.0744
0.350 -2.096 -11.819 0.0000 -0.9972 0.0744
0.350 -1.291 -1.019 0.0000 -0.9972 0.0744
-0.350 -0.792 -1.056 -0.0000 0.9972 -0.0744
-0.350 -1.597 -11.856 -0.0000 0.9972 -0.0744
0.350 -1.597 -11.856 -0.0000 0.9972 -0.0744
0.350 -0.792 -1.056 -0.0000 0.9972 -0.0744
-0.450 -1.325 -0.500 0.0000 -0.0000 1.0000
-0.450 -1.501 -0.557 0.0000 -0.5878 0.8090
-0.450 -1.610 -0.707 0.0000 -0.9511 0.3090
-0.450 -1.610 -0.893 -0.0000 -0.9511 -0.3090
-0.450 -1.501 -1.043 -0.0000 -0.5878 -0.8090
-0.450 -1.325 -1.100 -0.0000 -0.0000 -1.0000
-0.450 -1.149 -1.043 -0.0000 0.5878 -0.8090
-0.450 -1.040 -0.893 -0.0000 0.9511 -0.3090
-0.450 -1.040 -0.707 0.0000 0.9511 0.3090
-0.450 -1.149 -0.557 0.0000 0.5878 0.8090
0.450 -1.325 -0.500 0.0000 -0.0000 1.0000
0.450 -1.501 -0.557 0.0000 -0.5878 0.8090
0.450 -1.610 -0.707 0.0000 -0.9511 0.3090
0.450 -1.610 -0.893 -0.0000 -0.9511 -0.3090
0.450 -1.501 -1.043 -0.0000 -0.5878 -0.8090
0.450 -1.325 -1.100 -0.0000 -0.0000 -1.0000
0.450 -1.149 -1.043 -0.0000 0.5878 -0.8090
0.450 -1.040 -0.893 -0.0000 0.9511 -0.3090
0.450 -1.040 -0.707 0.0000 0.9511 0.3090
0.450 -1.149 -0.557 0.0000 0.5878 0.8090
-0.450 -1.325 -0.800 -1.0000 -0.0000 0.0000
-0.450 -1.325 -0.500 -1.0000 -0.0000 0.0000
-0.450 -1.501 -0.557 -1.0000 -0.0000 0.0000
-0.450 -1.610 -0.707 -1.0000 -0.0000 0.0000
-0.450 -1.610 -0.893 -1.0000 -0.0000 0.0000
-0.450 -1.501 -1.043 -1.0000 -0.0000 0.0000
-0.450 -1.325 -1.100 -1.0000 -0.0000 0.0000
-0.450 -1.149 -1.043 -1.0000 -0.0000 0.0000
-0.450 -1.040 -0.893 -1.0000 -0.0000 0.0000
-0.450 -1.040 -0.707 -1.0000 -0.0000 0.0000
-0.450 -1.149 -0.557 -1.0000 -0.0000 0.0000
0.450 -1.325 -0.800 1.0000 0.0000 -0.0000
0.450 -1.325 -0.500 1.0000 0.0000 -0.0000
0.450 -1.501 -0.557 1.0000 0.0000 -0.0000
0.450 -1.610 -0.707 1.0000 0.0000 -0.0000
0.450 -1.610 -0.893 1.0000 0.0000 -0.0000
0.450 -1.501 -1.043 1.0000 0.0000 -0.0000
0.450 -1.325 -1.100 1.0000 0.0000 -0.0000
0.450 -1.149 -1.043 1.0000 0.0000 -0.0000
0.450 -1.040 -0.893 1.0000 0.0000 -0.0000
0.450 -1.040 -0.707 1.0000 0.0000 -0.0000
0.450 -1.149 -0.557 1.0000 0.0000 -0.0000
0 1 2
0 2 3
4 6 5
4 7 6
8 10 9
8 11 10
12 13 14
12 14 15
16 17 18
16 18 19
20 22 21
20 23 22
24 25 35
24 35 34
25 26 36
25 36 35
26 27 37
26 37 36
27 28 38
27 38 37
28 29 39
28 39 38
29 30 40
29 40 39
30 31 41
30 41 40
31 32 42
31 42 41
32 33 43
32 43 42
33 24 34
33 34 43
44 46 45
44 47 46
44 48 47
44 49 48
44 50 49
44 51 50
44 52 51
44 53 52
44 54 53
44 45 54
55 56 57
55 57 58
55 58 59
55 59 60
55 60 61
55 61 62
55 62 63
55 63 64
55 64 65
55 65 56
LABEL foot_starboard_slat_8_0
MATERIAL 7
TEXTURE 0
GEOM 104 76 ;foot_starboard_slat_8_0
-0.284 -1.301 -1.114 -0.0000 0.9972 -0.0744
-0.224 -1.301 -1.128 -0.0000 0.9972 -0.0744
-0.164 -1.301 -1.138 -0.0000 0.9972 -0.0744
-0.103 -1.301 -1.145 -0.0000 0.9972 -0.0744
-3.016 -2.125 -11.821 -0.0000 0.9972 -0.0744
-2.379 -2.125 -11.966 -0.0000 0.9972 -0.0744
-1.736 -2.125 -12.076 -0.0000 0.9972 -0.0744
-1.088 -2.125 -12.151 -0.0000 0.9972 -0.0744
-0.284 -1.301 -1.114 0.0000 -0.9972 0.0744
-0.224 -1.301 -1.128 0.0000 -0.9972 0.0744
-0.164 -1.301 -1.138 0.0000 -0.9972 0.0744
-0.103 -1.301 -1.145 0.0000 -0.9972 0.0744
-3.016 -2.125 -11.821 0.0000 -0.9972 0.0744
-2.379 -2.125 -11.966 0.0000 -0.9972 0.0744
-1.736 -2.125 -12.076 0.0000 -0.9972 0.0744
-1.088 -2.125 -12.151 0.0000 -0.9972 0.0744
-0.284 -1.551 -1.114 0.0000 -0.9972 0.0744
-0.224 -1.551 -1.128 0.0000 -0.9972 0.0744
-0.164 -1.551 -1.138 0.0000 -0.9972 0.0744
-0.103 -1.551 -1.145 0.0000 -0.9972 0.0744
-3.016 -2.375 -11.821 0.0000 -0.9972 0.0744
-2.379 -2.375 -11.966 0.0000 -0.9972 0.0744
-1.736 -2.375 -12.076 0.0000 -0.9972 0.0744
-1.088 -2.375 -12.151 0.0000 -0.9972 0.0744
-0.284 -1.551 -1.114 -0.0000 0.9972 -0.0744
-0.224 -1.551 -1.128 -0.0000 0.9972 -0.0744
-0.164 -1.551 -1.138 -0.0000 0.9972 -0.0744
-0.103 -1.551 -1.145 -0.0000 0.9972 -0.0744
-3.016 -2.375 -11.821 -0.0000 0.9972 -0.0744
-2.379 -2.375 -11.966 -0.0000 0.9972 -0.0744
-1.736 -2.375 -12.076 -0.0000 0.9972 -0.0744
-1.088 -2.375 -12.151 -0.0000 0.9972 -0.0744
-3.016 -2.375 -11.821 -0.1687 -0.0000 -0.9857
-2.379 -2.375 -11.966 -0.1687 -0.0000 -0.9857
-1.736 -2.375 -12.076 -0.1687 -0.0000 -0.9857
-1.088 -2.375 -12.151 -0.1687 -0.0000 -0.9857
-3.016 -2.125 -11.821 -0.1687 -0.0000 -0.9857
-2.379 -2.125 -11.966 -0.1687 -0.0000 -0.9857
-1.736 -2.125 -12.076 -0.1687 -0.0000 -0.9857
-1.088 -2.125 -12.151 -0.1687 -0.0000 -0.9857
-3.016 -2.375 -11.821 0.1687 0.0000 0.9857
-2.379 -2.375 -11.966 0.1687 0.0000 0.9857
-1.736 -2.375 -12.076 0.1687 0.0000 0.9857
-1.088 -2.375 -12.151 0.1687 0.0000 0.9857
-3.016 -2.125 -11.821 0.1687 0.0000 0.9857
-2.379 -2.125 -11.966 0.1687 0.0000 0.9857
-1.736 -2.125 -12.076 0.1687 0.0000 0.9857
-1.088 -2.125 -12.151 0.1687 0.0000 0.9857
-0.284 -1.551 -1.114 0.1687 0.0000 0.9857
-0.224 -1.551 -1.128 0.1687 0.0000 0.9857
-0.164 -1.551 -1.138 0.1687 0.0000 0.9857
-0.103 -1.551 -1.145 0.1687 0.0000 0.9857
-0.284 -1.301 -1.114 0.1687 0.0000 0.9857
-0.224 -1.301 -1.128 0.1687 0.0000 0.9857
-0.164 -1.301 -1.138 0.1687 0.0000 0.9857
-0.103 -1.301 -1.145 0.1687 0.0000 0.9857
-0.284 -1.551 -1.114 -0.1687 -0.0000 -0.9857
-0.224 -1.551 -1.128 -0.1687 -0.0000 -0.9857
-0.164 -1.551 -1.138 -0.1687 -0.0000 -0.9857
-0.103 -1.551 -1.145 -0.1687 -0.0000 -0.9857
-0.284 -1.301 -1.114 -0.1687 -0.0000 -0.9857
-0.224 -1.301 -1.128 -0.1687 -0.0000 -0.9857
-0.164 -1.301 -1.138 -0.1687 -0.0000 -0.9857
-0.103 -1.301 -1.145 -0.1687 -0.0000 -0.9857
-3.016 -2.125 -11.821 -0.1687 -0.0000 -0.9857
-2.379 -2.125 -11.966 -0.1687 -0.0000 -0.9857
-1.736 -2.125 -12.076 -0.1687 -0.0000 -0.9857
-1.088 -2.125 -12.151 -0.1687 -0.0000 -0.9857
-3.016 -1.425 -11.821 -0.1687 -0.0000 -0.9857
-2.379 -1.425 -11.966 -0.1687 -0.0000 -0.9857
-1.736 -1.425 -12.076 -0.1687 -0.0000 -0.9857
-1.088 -1.425 -12.151 -0.1687 -0.0000 -0.9857
-3.016 -2.125 -11.821 0.1687 0.0000 0.9857
-2.379 -2.125 -11.966 0.1687 0.0000 0.9857
-1.736 -2.125 -12.076 0.1687 0.0000 0.9857
-1.088 -2.125 -12.151 0.1687 0.0000 0.9857
-3.016 -1.425 -11.821 0.1687 0.0000 0.9857
-2.379 -1.425 -11.966 0.1687 0.0000 0.9857
-1.736 -1.425 -12.076 0.1687 0.0000 0.9857
-1.088 -1.425 -12.151 0.1687 0.0000 0.9857
-3.016 -1.425 -11.821 0.0000 1.0000 0.0000
-2.379 -1.425 -11.966 0.0000 1.0000 0.0000
-1.736 -1.425 -12.076 0.0000 1.0000 0.0000
-1.088 -1.425 -12.151 0.0000 1.0000 0.0000
-2.929 -1.399 -11.482 0.0000 1.0000 0.0000
-2.311 -1.399 -11.622 0.0000 1.0000 0.0000
-1.686 -1.399 -11.729 0.0000 1.0000 0.0000
-1.056 -1.399 -11.803 0.0000 1.0000 0.0000
-3.016 -1.425 -11.821 -0.0000 -1.0000 -0.0000
-2.379 -1.425 -11.966 -0.0000 -1.0000 -0.0000
-1.736 -1.425 -12.076 -0.0000 -1.0000 -0.0000
-1.088 -1.425 -12.151 -0.0000 -1.0000 -0.0000
-2.929 -1.399 -11.482 -0.0000 -1.0000 -0.0000
-2.311 -1.399 -11.622 -0.0000 -1.0000 -0.0000
-1.686 -1.399 -11.729 -0.0000 -1.0000 -0.0000
-1.056 -1.399 -11.803 -0.0000 -1.0000 -0.0000
-0.284 -1.551 -1.114 0.9690 0.0000 -0.2472
-3.016 -2.375 -11.821 0.9690 0.0000 -0.2472
-0.284 -1.301 -1.114 0.9690 0.0000 -0.2472
-3.016 -2.125 -11.821 0.9690 0.0000 -0.2472
-0.284 -1.551 -1.114 -0.9690 -0.0000 0.2472
-3.016 -2.375 -11.821 -0.9690 -0.0000 0.2472
-0.284 -1.301 -1.114 -0.9690 -0.0000 0.2472
-3.016 -2.125 -11.821 -0.9690 -0.0000 0.2472
0 1 5
0 5 4
8 13 9
8 12 13
1 2 6
1 6 5
9 14 10
9 13 14
2 3 7
2 7 6
10 15 11
10 14 15
16 21 17
16 20 21
24 25 29
24 29 28
17 22 18
17 21 22
25 26 30
25 30 29
18 23 19
18 22 23
26 27 31
26 31 30
32 37 33
32 36 37
40 41 45
40 45 44
33 38 34
33 37 38
41 42 46
41 46 45
34 39 35
34 38 39
42 43 47
42 47 46
48 49 53
48 53 52
56 61 57
56 60 61
49 50 54
49 54 53
57 62 58
57 61 62
50 51 55
50 55 54
58 63 59
58 62 63
64 69 65
64 68 69
72 73 77
72 77 76
65 70 66
65 69 70
73 74 78
73 78 77
66 71 67
66 70 71
74 75 79
74 79 78
80 85 81
80 84 85
88 89 93
88 93 92
81 86 82
81 85 86
89 90 94
89 94 93
82 87 83
82 86 87
90 91 95
90 95 94
96 97 99
96 99 98
100 103 101
100 102 103
LABEL foot_starboard_slat_8_1
MATERIAL 7
TEXTURE 0
GEOM 96 72 ;foot_starboard_slat_8_1
-0.098 -1.301 -1.146 -0.0000 0.9972 -0.0744
-0.033 -1.301 -1.150 -0.0000 0.9972 -0.0744
0.033 -1.301 -1.150 -0.0000 0.9972 -0.0744
0.098 -1.301 -1.146 -0.0000 0.9972 -0.0744
-1.039 -2.125 -12.156 -0.0000 0.9972 -0.0744
-0.347 -2.125 -12.195 -0.0000 0.9972 -0.0744
0.347 -2.125 -12.195 -0.0000 0.9972 -0.0744
1.039 -2.125 -12.156 -0.0000 0.9972 -0.0744
-0.098 -1.301 -1.146 0.0000 -0.9972 0.0744
-0.033 -1.301 -1.150 0.0000 -0.9972 0.0744
0.033 -1.301 -1.150 0.0000 -0.9972 0.0744
0.098 -1.301 -1.146 0.0000 -0.9972 0.0744
-1.039 -2.125 -12.156 0.0000 -0.9972 0.0744
-0.347 -2.125 -12.195 0.0000 -0.9972 0.0744
0.347 -2.125 -12.195 0.0000 -0.9972 0.0744
1.039 -2.125 -12.156 0.0000 -0.9972 0.0744
-0.098 -1.551 -1.146 0.0000 -0.9972 0.0744
-0.033 -1.551 -1.150 0.0000 -0.9972 0.0744
0.033 -1.551 -1.150 0.0000 -0.9972 0.0744
0.098 -1.551 -1.146 0.0000 -0.9972 0.0744
-1.039 -2.375 -12.156 0.0000 -0.9972 0.0744
-0.347 -2.375 -12.195 0.0000 -0.9972 0.0744
0.347 -2.375 -12.195 0.0000 -0.9972 0.0744
1.039 -2.375 -12.156 0.0000 -0.9972 0.0744
-0.098 -1.551 -1.146 -0.0000 0.9972 -0.0744
-0.033 -1.551 -1.150 -0.0000 0.9972 -0.0744
0.033 -1.551 -1.150 -0.0000 0.9972 -0.0744
0.098 -1.551 -1.146 -0.0000 0.9972 -0.0744
-1.039 -2.375 -12.156 -0.0000 0.9972 -0.0744
-0.347 -2.375 -12.195 -0.0000 0.9972 -0.0744
0.347 -2.375 -12.195 -0.0000 0.9972 -0.0744
1.039 -2.375 -12.156 -0.0000 0.9972 -0.0744
-1.039 -2.375 -12.156 -0.0000 -0.0000 -1.0000
-0.347 -2.375 -12.195 -0.0000 -0.0000 -1.0000
0.347 -2.375 -12.195 -0.0000 -0.0000 -1.0000
1.039 -2.375 -12.156 -0.0000 -0.0000 -1.0000
-1.039 -2.125 -12.156 -0.0000 -0.0000 -1.0000
-0.347 -2.125 -12.195 -0.0000 -0.0000 -1.0000
0.347 -2.125 -12.195 -0.0000 -0.0000 -1.0000
1.039 -2.125 -12.156 -0.0000 -0.0000 -1.0000
-1.039 -2.375 -12.156 0.0000 0.0000 1.0000
-0.347 -2.375 -12.195 0.0000 0.0000 1.0000
0.347 -2.375 -12.195 0.0000 0.0000 1.0000
1.039 -2.375 -12.156 0.0000 0.0000 1.0000
-1.039 -2.125 -12.156 0.0000 0.0000 1.0000
-0.347 -2.125 -12.195 0.0000 0.0000 1.0000
0.347 -2.125 -12.195 0.0000 0.0000 1.0000
1.039 -2.125 -12.156 0.0000 0.0000 1.0000
-0.098 -1.551 -1.146 0.0000 0.0000 1.0000
-0.033 -1.551 -1.150 0.0000 0.0000 1.0000
0.033 -1.551 -1.150 0.0000 0.0000 1.0000
0.098 -1.551 -1.146 0.0000 0.0000 1.0000
-0.098 -1.301 -1.146 0.0000 0.0000 1.0000
-0.033 -1.301 -1.150 0.0000 0.0000 1.0000
0.033 -1.301 -1.150 0.0000 0.0000 1.0000
0.098 -1.301 -1.146 0.0000 0.0000 1.0000
-0.098 -1.551 -1.146 -0.0000 -0.0000 -1.0000
-0.033 -1.551 -1.150 -0.0000 -0.0000 -1.0000
0.033 -1.551 -1.150 -0.0000 -0.0000 -1.0000
0.098 -1.551 -1.146 -0.0000 -0.0000 -1.0000
-0.098 -1.301 -1.146 -0.0000 -0.0000 -1.0000
-0.033 -1.301 -1.150 -0.0000 -0.0000 -1.0000
0.033 -1.301 -1.150 -0.0000 -0.0000 -1.0000
0.098 -1.301 -1.146 -0.0000 -0.0000 -1.0000
-1.039 -2.125 -12.156 -0.0000 -0.0000 -1.0000
-0.347 -2.125 -12.195 -0.0000 -0.0000 -1.0000
0.347 -2.125 -12.195 -0.0000 -0.0000 -1.0000
1.039 -2.125 -12.156 -0.0000 -0.0000 -1.0000
-1.039 -1.425 -12.156 -0.0000 -0.0000 -1.0000
-0.347 -1.425 -12.195 -0.0000 -0.0000 -1.0000
0.347 -1.425 -12.195 -0.0000 -0.0000 -1.0000
1.039 -1.425 -12.156 -0.0000 -0.0000 -1.0000
-1.039 -2.125 -12.156 0.0000 0.0000 1.0000
-0.347 -2.125 -12.195 0.0000 0.0000 1.0000
0.347 -2.125 -12.195 0.0000 0.0000 1.0000
1.039 -2.125 -12.156 0.0000 0.0000 1.0000
-1.039 -1.425 -12.156 0.0000 0.0000 1.0000
-0.347 -1.425 -12.195 0.0000 0.0000 1.0000
0.347 -1.425 -12.195 0.0000 0.0000 1.0000
1.039 -1.425 -12.156 0.0000 0.0000 1.0000
-1.039 -1.425 -12.156 0.0000 1.0000 0.0000
-0.347 -1.425 -12.195 0.0000 1.0000 0.0000
0.347 -1.425 -12.195 0.0000 1.0000 0.0000
1.039 -1.425 -12.156 0.0000 1.0000 0.0000
-1.009 -1.399 -11.807 0.0000 1.0000 0.0000
-0.337 -1.399 -11.845 0.0000 1.0000 0.0000
0.337 -1.399 -11.845 0.0000 1.0000 0.0000
1.009 -1.399 -11.807 0.0000 1.0000 0.0000
-1.039 -1.425 -12.156 -0.0000 -1.0000 -0.0000
-0.347 -1.425 -12.195 -0.0000 -1.0000 -0.0000
0.347 -1.425 -12.195 -0.0000 -1.0000 -0.0000
1.039 -1.425 -12.156 -0.0000 -1.0000 -0.0000
-1.009 -1.399 -11.807 -0.0000 -1.0000 -0.0000
-0.337 -1.399 -11.845 -0.0000 -1.0000 -0.0000
0.337 -1.399 -11.845 -0.0000 -1.0000 -0.0000
1.009 -1.399 -11.807 -0.0000 -1.0000 -0.0000
0 1 5
0 5 4
8 13 9
8 12 13
1 2 6
1 6 5
9 14 10
9 13 14
2 3 7
2 7 6
10 15 11
10 14 15
16 21 17
16 20 21
24 25 29
24 29 28
17 22 18
17 21 22
25 26 30
25 30 29
18 23 19
18 22 23
26 27 31
26 31 30
32 37 33
32 36 37
40 41 45
40 45 44
33 38 34
33 37 38
41 42 46
41 46 45
34 39 35
34 38 39
42 43 47
42 47 46
48 49 53
48 53 52
56 61 57
56 60 61
49 50 54
49 54 53
57 62 58
57 61 62
50 51 55
50 55 54
58 63 59
58 62 63
64 69 65
64 68 69
72 73 77
72 77 76
65 70 66
65 69 70
73 74 78
73 78 77
66 71 67
66 70 71
74 75 79
74 79 78
80 85 81
80 84 85
88 89 93
88 93 92
81 86 82
81 85 86
89 90 94
89 94 93
82 87 83
82 86 87
90 91 95
90 95 94
LABEL foot_starboard_slat_8_2
MATERIAL 7
TEXTURE 0
GEOM 104 76 ;foot_starboard_slat_8_2
0.103 -1.301 -1.145 -0.0000 0.9972 -0.0744
0.164 -1.301 -1.138 -0.0000 0.9972 -0.0744
0.224 -1.301 -1.128 -0.0000 0.9972 -0.0744
0.284 -1.301 -1.114 -0.0000 0.9972 -0.0744
1.088 -2.125 -12.151 -0.0000 0.9972 -0.0744
1.736 -2.125 -12.076 -0.0000 0.9972 -0.0744
2.379 -2.125 -11.966 -0.0000 0.9972 -0.0744
3.016 -2.125 -11.821 -0.0000 0.9972 -0.0744
0.103 -1.301 -1.145 0.0000 -0.9972 0.0744
0.164 -1.301 -1.138 0.0000 -0.9972 0.0744
0.224 -1.301 -1.128 0.0000 -0.9972 0.0744
0.284 -1.301 -1.114 0.0000 -0.9972 0.0744
1.088 -2.125 -12.151 0.0000 -0.9972 0.0744
1.736 -2.125 -12.076 0.0000 -0.9972 0.0744
2.379 -2.125 -11.966 0.0000 -0.9972 0.0744
3.016 -2.125 -11.821 0.0000 -0.9972 0.0744
0.103 -1.551 -1.145 0.0000 -0.9972 0.0744
0.164 -1.551 -1.138 0.0000 -0.9972 0.0744
0.224 -1.551 -1.128 0.0000 -0.9972 0.0744
0.284 -1.551 -1.114 0.0000 -0.9972 0.0744
1.088 -2.375 -12.151 0.0000 -0.9972 0.0744
1.736 -2.375 -12.076 0.0000 -0.9972 0.0744
2.379 -2.375 -11.966 0.0000 -0.9972 0.0744
3.016 -2.375 -11.821 0.0000 -0.9972 0.0744
0.103 -1.551 -1.145 -0.0000 0.9972 -0.0744
0.164 -1.551 -1.138 -0.0000 0.9972 -0.0744
0.224 -1.551 -1.128 -0.0000 0.9972 -0.0744
0.284 -1.551 -1.114 -0.0000 0.9972 -0.0744
1.088 -2.375 -12.151 -0.0000 0.9972 -0.0744
1.736 -2.375 -12.076 -0.0000 0.9972 -0.0744
2.379 -2.375 -11.966 -0.0000 0.9972 -0.0744
3.016 -2.375 -11.821 -0.0000 0.9972 -0.0744
1.088 -2.375 -12.151 0.1687 0.0000 -0.9857
1.736 -2.375 -12.076 0.1687 0.0000 -0.9857
2.379 -2.375 -11.966 0.1687 0.0000 -0.9857
3.016 -2.375 -11.821 0.1687 0.0000 -0.9857
1.088 -2.125 -12.151 0.1687 0.0000 -0.9857
1.736 -2.125 -12.076 0.1687 0.0000 -0.9857
2.379 -2.125 -11.966 0.1687 0.0000 -0.9857
3.016 -2.125 -11.821 0.1687 0.0000 -0.9857
1.088 -2.375 -12.151 -0.1687 -0.0000 0.9857
1.736 -2.375 -12.076 -0.1687 -0.0000 0.9857
2.379 -2.375 -11.966 -0.1687 -0.0000 0.9857
3.016 -2.375 -11.821 -0.1687 -0.0000 0.9857
1.088 -2.125 -12.151 -0.1687 -0.0000 0.9857
1.736 -2.125 -12.076 -0.1687 -0.0000 0.9857
2.379 -2.125 -11.966 -0.1687 -0.0000 0.9857
3.016 -2.125 -11.821 -0.1687 -0.0000 0.9857
0.103 -1.551 -1.145 -0.1687 -0.0000 0.9857
0.164 -1.551 -1.138 -0.1687 -0.0000 0.9857
0.224 -1.551 -1.128 -0.1687 -0.0000 0.9857
0.284 -1.551 -1.114 -0.1687 -0.0000 0.9857
0.103 -1.301 -1.145 -0.1687 -0.0000 0.9857
0.164 -1.301 -1.138 -0.1687 -0.0000 0.9857
0.224 -1.301 -1.128 -0.1687 -0.0000 0.9857
0.284 -1.301 -1.114 -0.1687 -0.0000 0.9857
0.103 -1.551 -1.145 0.1687 0.0000 -0.9857
0.164 -1.551 -1.138 0.1687 0.0000 -0.9857
0.224 -1.551 -1.128 0.1687 0.0000 -0.9857
0.284 -1.551 -1.114 0.1687 0.0000 -0.9857
0.103 -1.301 -1.145 0.1687 0.0000 -0.9857
0.164 -1.301 -1.138 0.1687 0.0000 -0.9857
0.224 -1.301 -1.128 0.1687 0.0000 -0.9857
0.284 -1.301 -1.114 0.1687 0.0000 -0.9857
1.088 -2.125 -12.151 0.1687 0.0000 -0.9857
1.736 -2.125 -12.076 0.1687 0.0000 -0.9857
2.379 -2.125 -11.966 0.1687 0.0000 -0.9857
3.016 -2.125 -11.821 0.1687 0.0000 -0.9857
1.088 -1.425 -12.151 0.1687 0.0000 -0.9857
1.736 -1.425 -12.076 0.1687 0.0000 -0.9857
2.379 -1.425 -11.966 0.1687 0.0000 -0.9857
3.016 -1.425 -11.821 0.1687 0.0000 -0.9857
1.088 -2.125 -12.151 -0.1687 -0.0000 0.9857
1.736 -2.125 -12.076 -0.1687 -0.0000 0.9857
2.379 -2.125 -11.966 -0.1687 -0.0000 0.9857
3.016 -2.125 -11.821 -0.1687 -0.0000 0.9857
1.088 -1.425 -12.151 -0.1687 -0.0000 0.9857
1.736 -1.425 -12.076 -0.1687 -0.0000 0.9857
2.379 -1.425 -11.966 -0.1687 -0.0000 0.9857
3.016 -1.425 -11.821 -0.1687 -0.0000 0.9857
1.088 -1.425 -12.151 0.0000 1.0000 0.0000
1.736 -1.425 -12.076 0.0000 1.0000 0.0000
2.379 -1.425 -11.966 0.0000 1.0000 0.0000
3.016 -1.425 -11.821 0.0000 1.0000 0.0000
1.056 -1.399 -11.803 0.0000 1.0000 0.0000
1.686 -1.399 -11.729 0.0000 1.0000 0.0000
2.311 -1.399 -11.622 0.0000 1.0000 0.0000
2.929 -1.399 -11.482 0.0000 1.0000 0.0000
1.088 -1.425 -12.151 -0.0000 -1.0000 -0.0000
1.736 -1.425 -12.076 -0.0000 -1.0000 -0.0000
2.379 -1.425 -11.966 -0.0000 -1.0000 -0.0000
3.016 -1.425 -11.821 -0.0000 -1.0000 -0.0000
1.056 -1.399 -11.803 -0.0000 -1.0000 -0.0000
1.686 -1.399 -11.729 -0.0000 -1.0000 -0.0000
2.311 -1.399 -11.622 -0.0000 -1.0000 -0.0000
2.929 -1.399 -11.482 -0.0000 -1.0000 -0.0000
0.284 -1.551 -1.114 0.9690 0.0000 0.2472
3.016 -2.375 -11.821 0.9690 0.0000 0.2472
0.284 -1.301 -1.114 0.9690 0.0000 0.2472
3.016 -2.125 -11.821 0.9690 0.0000 0.2472
0.284 -1.551 -1.114 -0.9690 -0.0000 -0.2472
3.016 -2.375 -11.821 -0.9690 -0.0000 -0.2472
0.284 -1.301 -1.114 -0.9690 -0.0000 -0.2472
3.016 -2.125 -11.821 -0.9690 -0.0000 -0.2472
0 1 5
0 5 4
8 13 9
8 12 13
1 2 6
1 6 5
9 14 10
9 13 14
2 3 7
2 7 6
10 15 11
10 14 15
16 21 17
16 20 21
24 25 29
24 29 28
17 22 18
17 21 22
25 26 30
25 30 29
18 23 19
18 22 23
26 27 31
26 31 30
32 37 33
32 36 37
40 41 45
40 45 44
33 38 34
33 37 38
41 42 46
41 46 45
34 39 35
34 38 39
42 43 47
42 47 46
48 49 53
48 53 52
56 61 57
56 60 61
49 50 54
49 54 53
57 62 58
57 61 62
50 51 55
50 55 54
58 63 59
58 62 63
64 69 65
64 68 69
72 73 77
72 77 76
65 70 66
65 69 70
73 74 78
73 78 77
66 71 67
66 70 71
74 75 79
74 79 78
80 85 81
80 84 85
88 89 93
88 93 92
81 86 82
81 85 86
89 90 94
89 94 93
82 87 83
82 86 87
90 91 95
90 95 94
96 97 99
96 99 98
100 103 101
100 102 103
LABEL foot_starboard_strut_8
MATERIAL 9
TEXTURE 0
GEOM 50 48 ;foot_starboard_strut_8
0.650 2.125 -1.250 1.0000 0.0000 -0.0000
0.563 1.838 -1.097 0.8660 -0.4409 0.2358
0.325 1.629 -0.985 0.5000 -0.7637 0.4085
0.000 1.552 -0.943 0.0000 -0.8818 0.4716
-0.325 1.629 -0.985 -0.5000 -0.7637 0.4085
-0.563 1.838 -1.097 -0.8660 -0.4409 0.2358
-0.650 2.125 -1.250 -1.0000 -0.0000 0.0000
-0.563 2.412 -1.403 -0.8660 0.4409 -0.2358
-0.325 2.621 -1.515 -0.5000 0.7637 -0.4085
0.000 2.698 -1.557 -0.0000 0.8818 -0.4716
0.325 2.621 -1.515 0.5000 0.7637 -0.4085
0.563 2.412 -1.403 0.8660 0.4409 -0.2358
0.650 0.090 -5.054 1.0000 0.0000 -0.0000
0.563 -0.196 -4.901 0.8660 -0.4409 0.2358
0.325 -0.406 -4.788 0.5000 -0.7637 0.4085
-0.000 -0.483 -4.747 0.0000 -0.8818 0.4716
-0.325 -0.406 -4.788 -0.5000 -0.7637 0.4085
-0.563 -0.196 -4.901 -0.8660 -0.4409 0.2358
-0.650 0.090 -5.054 -1.0000 -0.0000 0.0000
-0.563 0.377 -5.207 -0.8660 0.4409 -0.2358
-0.325 0.587 -5.319 -0.5000 0.7637 -0.4085
-0.000 0.664 -5.360 -0.0000 0.8818 -0.4716
0.325 0.587 -5.319 0.5000 0.7637 -0.4085
0.563 0.377 -5.207 0.8660 0.4409 -0.2358
0.000 2.125 -1.250 0.0000 0.4716 0.8818
0.650 2.125 -1.250 0.0000 0.4716 0.8818
0.563 1.838 -1.097 0.0000 0.4716 0.8818
0.325 1.629 -0.985 0.0000 0.4716 0.8818
0.000 1.552 -0.943 0.0000 0.4716 0.8818
-0.325 1.629 -0.985 0.0000 0.4716 0.8818
-0.563 1.838 -1.097 0.0000 0.4716 0.8818
-0.650 2.125 -1.250 0.0000 0.4716 0.8818
-0.563 2.412 -1.403 0.0000 0.4716 0.8818
-0.325 2.621 -1.515 0.0000 0.4716 0.8818
0.000 2.698 -1.557 0.0000 0.4716 0.8818
0.325 2.621 -1.515 0.0000 0.4716 0.8818
0.563 2.412 -1.403 0.0000 0.4716 0.8818
-0.000 0.090 -5.054 -0.0000 -0.4716 -0.8818
0.650 0.090 -5.054 -0.0000 -0.4716 -0.8818
0.563 -0.196 -4.901 -0.0000 -0.4716 -0.8818
0.325 -0.406 -4.788 -0.0000 -0.4716 -0.8818
-0.000 -0.483 -4.747 -0.0000 -0.4716 -0.8818
-0.325 -0.406 -4.788 -0.0000 -0.4716 -0.8818
-0.563 -0.196 -4.901 -0.0000 -0.4716 -0.8818
-0.650 0.090 -5.054 -0.0000 -0.4716 -0.8818
-0.563 0.377 -5.207 -0.0000 -0.4716 -0.8818
-0.325 0.587 -5.319 -0.0000 -0.4716 -0.8818
-0.000 0.664 -5.360 -0.0000 -0.4716 -0.8818
0.325 0.587 -5.319 -0.0000 -0.4716 -0.8818
0.563 0.377 -5.207 -0.0000 -0.4716 -0.8818
0 1 13
0 13 12
1 2 14
1 14 13
2 3 15
2 15 14
3 4 16
3 16 15
4 5 17
4 17 16
5 6 18
5 18 17
6 7 19
6 19 18
7 8 20
7 20 19
8 9 21
8 21 20
9 10 22
9 22 21
10 11 23
10 23 22
11 0 12
11 12 23
24 26 25
24 27 26
24 28 27
24 29 28
24 30 29
24 31 30
24 32 31
24 33 32
24 34 33
24 35 34
24 36 35
24 25 36
37 38 39
37 39 40
37 40 41
37 41 42
37 42 43
37 43 44
37 44 45
37 45 46
37 46 47
37 47 48
37 48 49
37 49 38
LABEL foot_starboard_rod_8
MATERIAL 7
TEXTURE 0
GEOM 42 40 ;foot_starboard_rod_8
0.300 0.373 -4.525 1.0000 0.0000 -0.0000
0.243 0.218 -4.442 0.8090 -0.5183 0.2772
0.093 0.122 -4.390 0.3090 -0.8386 0.4486
-0.093 0.122 -4.390 -0.3090 -0.8386 0.4486
-0.243 0.218 -4.442 -0.8090 -0.5183 0.2772
-0.300 0.373 -4.525 -1.0000 -0.0000 0.0000
-0.243 0.529 -4.608 -0.8090 0.5183 -0.2772
-0.093 0.625 -4.659 -0.3090 0.8386 -0.4486
0.093 0.625 -4.659 0.3090 0.8386 -0.4486
0.243 0.529 -4.608 0.8090 0.5183 -0.2772
0.300 -1.574 -8.166 1.0000 0.0000 -0.0000
0.243 -1.730 -8.083 0.8090 -0.5183 0.2772
0.093 -1.826 -8.032 0.3090 -0.8386 0.4486
-0.093 -1.826 -8.032 -0.3090 -0.8386 0.4486
-0.243 -1.730 -8.083 -0.8090 -0.5183 0.2772
-0.300 -1.574 -8.166 -1.0000 -0.0000 0.0000
-0.243 -1.419 -8.249 -0.8090 0.5183 -0.2772
-0.093 -1.323 -8.301 -0.3090 0.8386 -0.4486
0.093 -1.323 -8.301 0.3090 0.8386 -0.4486
0.243 -1.419 -8.249 0.8090 0.5183 -0.2772
-0.000 0.373 -4.525 0.0000 0.4716 0.8818
0.300 0.373 -4.525 0.0000 0.4716 0.8818
0.243 0.218 -4.442 0.0000 0.4716 0.8818
0.093 0.122 -4.390 0.0000 0.4716 0.8818
-0.093 0.122 -4.390 0.0000 0.4716 0.8818
-0.243 0.218 -4.442 0.0000 0.4716 0.8818
-0.300 0.373 -4.525 0.0000 0.4716 0.8818
-0.243 0.529 -4.608 0.0000 0.4716 0.8818
-0.093 0.625 -4.659 0.0000 0.4716 0.8818
0.093 0.625 -4.659 0.0000 0.4716 0.8818
0.243 0.529 -4.608 0.0000 0.4716 0.8818
-0.000 -1.574 -8.166 -0.0000 -0.4716 -0.8818
0.300 -1.574 -8.166 -0.0000 -0.4716 -0.8818
0.243 -1.730 -8.083 -0.0000 -0.4716 -0.8818
0.093 -1.826 -8.032 -0.0000 -0.4716 -0.8818
-0.093 -1.826 -8.032 -0.0000 -0.4716 -0.8818
-0.243 -1.730 -8.083 -0.0000 -0.4716 -0.8818
-0.300 -1.574 -8.166 -0.0000 -0.4716 -0.8818
-0.243 -1.419 -8.249 -0.0000 -0.4716 -0.8818
-0.093 -1.323 -8.301 -0.0000 -0.4716 -0.8818
0.093 -1.323 -8.301 -0.0000 -0.4716 -0.8818
0.243 -1.419 -8.249 -0.0000 -0.4716 -0.8818
0 1 11
0 11 10
1 2 12
1 12 11
2 3 13
2 13 12
3 4 14
3 14 13
4 5 15
4 15 14
5 6 16
5 16 15
6 7 17
6 17 16
7 8 18
7 18 17
8 9 19
8 19 18
9 0 10
9 10 19
20 22 21
20 23 22
20 24 23
20 25 24
20 26 25
20 27 26
20 28 27
20 29 28
20 30 29
20 21 30
31 32 33
31 33 34
31 34 35
31 35 36
31 36 37
31 37 38
31 38 39
31 39 40
31 40 41
31 41 32
LABEL foot_starboard_skirt_8_0
MATERIAL 7
TEXTURE 0
GEOM 16 12 ;foot_starboard_skirt_8_0
-3.016 -3.275 -11.821 -0.1687 -0.0000 -0.9857
-2.379 -3.275 -11.966 -0.1687 -0.0000 -0.9857
-1.736 -3.275 -12.076 -0.1687 -0.0000 -0.9857
-1.088 -3.275 -12.151 -0.1687 -0.0000 -0.9857
-3.016 -2.375 -11.821 -0.1687 -0.0000 -0.9857
-2.379 -2.375 -11.966 -0.1687 -0.0000 -0.9857
-1.736 -2.375 -12.076 -0.1687 -0.0000 -0.9857
-1.088 -2.375 -12.151 -0.1687 -0.0000 -0.9857
-3.016 -3.275 -11.821 0.1687 0.0000 0.9857
-2.379 -3.275 -11.966 0.1687 0.0000 0.9857
-1.736 -3.275 -12.076 0.1687 0.0000 0.9857
-1.088 -3.275 -12.151 0.1687 0.0000 0.9857
-3.016 -2.375 -11.821 0.1687 0.0000 0.9857
-2.379 -2.375 -11.966 0.1687 0.0000 0.9857
-1.736 -2.375 -12.076 0.1687 0.0000 0.9857
-1.088 -2.375 -12.151 0.1687 0.0000 0.9857
0 5 1
0 4 5
8 9 13
8 13 12
1 6 2
1 5 6
9 10 14
9 14 13
2 7 3
2 6 7
10 11 15
10 15 14
LABEL foot_starboard_skirt_8_1
MATERIAL 7
TEXTURE 0
GEOM 16 12 ;foot_starboard_skirt_8_1
-1.039 -3.275 -12.156 -0.0000 -0.0000 -1.0000
-0.347 -3.275 -12.195 -0.0000 -0.0000 -1.0000
0.347 -3.275 -12.195 -0.0000 -0.0000 -1.0000
1.039 -3.275 -12.156 -0.0000 -0.0000 -1.0000
-1.039 -2.375 -12.156 -0.0000 -0.0000 -1.0000
-0.347 -2.375 -12.195 -0.0000 -0.0000 -1.0000
0.347 -2.375 -12.195 -0.0000 -0.0000 -1.0000
1.039 -2.375 -12.156 -0.0000 -0.0000 -1.0000
-1.039 -3.275 -12.156 0.0000 0.0000 1.0000
-0.347 -3.275 -12.195 0.0000 0.0000 1.0000
0.347 -3.275 -12.195 0.0000 0.0000 1.0000
1.039 -3.275 -12.156 0.0000 0.0000 1.0000
-1.039 -2.375 -12.156 0.0000 0.0000 1.0000
-0.347 -2.375 -12.195 0.0000 0.0000 1.0000
0.347 -2.375 -12.195 0.0000 0.0000 1.0000
1.039 -2.375 -12.156 0.0000 0.0000 1.0000
0 5 1
0 4 5
8 9 13
8 13 12
1 6 2
1 5 6
9 10 14
9 14 13
2 7 3
2 6 7
10 11 15
10 15 14
LABEL foot_starboard_skirt_8_2
MATERIAL 7
TEXTURE 0
GEOM 16 12 ;foot_starboard_skirt_8_2
1.088 -3.275 -12.151 0.1687 0.0000 -0.9857
1.736 -3.275 -12.076 0.1687 0.0000 -0.9857
2.379 -3.275 -11.966 0.1687 0.0000 -0.9857
3.016 -3.275 -11.821 0.1687 0.0000 -0.9857
1.088 -2.375 -12.151 0.1687 0.0000 -0.9857
1.736 -2.375 -12.076 0.1687 0.0000 -0.9857
2.379 -2.375 -11.966 0.1687 0.0000 -0.9857
3.016 -2.375 -11.821 0.1687 0.0000 -0.9857
1.088 -3.275 -12.151 -0.1687 -0.0000 0.9857
1.736 -3.275 -12.076 -0.1687 -0.0000 0.9857
2.379 -3.275 -11.966 -0.1687 -0.0000 0.9857
3.016 -3.275 -11.821 -0.1687 -0.0000 0.9857
1.088 -2.375 -12.151 -0.1687 -0.0000 0.9857
1.736 -2.375 -12.076 -0.1687 -0.0000 0.9857
2.379 -2.375 -11.966 -0.1687 -0.0000 0.9857
3.016 -2.375 -11.821 -0.1687 -0.0000 0.9857
0 5 1
0 4 5
8 9 13
8 13 12
1 6 2
1 5 6
9 10 14
9 14 13
2 7 3
2 6 7
10 11 15
10 15 14
LABEL foot_starboard_petal_9
MATERIAL 7
TEXTURE 0
GEOM 66 52 ;foot_starboard_petal_9
0.206 -1.291 -1.057 -0.4986 0.0744 0.8636
0.812 -1.291 -0.707 -0.4986 0.0744 0.8636
0.831 -0.792 -0.739 -0.4986 0.0744 0.8636
0.225 -0.792 -1.089 -0.4986 0.0744 0.8636
5.606 -2.096 -10.410 0.4986 -0.0744 -0.8636
6.212 -2.096 -10.060 0.4986 -0.0744 -0.8636
6.231 -1.597 -10.092 0.4986 -0.0744 -0.8636
5.625 -1.597 -10.442 0.4986 -0.0744 -0.8636
0.206 -1.291 -1.057 -0.8660 -0.0000 -0.5000
5.606 -2.096 -10.410 -0.8660 -0.0000 -0.5000
5.625 -1.597 -10.442 -0.8660 -0.0000 -0.5000
0.225 -0.792 -1.089 -0.8660 -0.0000 -0.5000
0.812 -1.291 -0.707 0.8660 0.0000 0.5000
6.212 -2.096 -10.060 0.8660 0.0000 0.5000
6.231 -1.597 -10.092 0.8660 0.0000 0.5000
0.831 -0.792 -0.739 0.8660 0.0000 0.5000
0.206 -1.291 -1.057 -0.0372 -0.9972 0.0644
5.606 -2.096 -10.410 -0.0372 -0.9972 0.0644
6.212 -2.096 -10.060 -0.0372 -0.9972 0.0644
0.812 -1.291 -0.707 -0.0372 -0.9972 0.0644
0.225 -0.792 -1.089 0.0372 0.9972 -0.0644
5.625 -1.597 -10.442 0.0372 0.9972 -0.0644
6.231 -1.597 -10.092 0.0372 0.9972 -0.0644
0.831 -0.792 -0.739 0.0372 0.9972 -0.0644
-0.140 -1.325 -0.658 -0.5000 0.0000 0.8660
-0.111 -1.501 -0.708 -0.4045 -0.5878 0.7006
-0.036 -1.610 -0.838 -0.1545 -0.9511 0.2676
0.057 -1.610 -0.998 0.1545 -0.9511 -0.2676
0.132 -1.501 -1.128 0.4045 -0.5878 -0.7006
0.160 -1.325 -1.178 0.5000 -0.0000 -0.8660
0.132 -1.149 -1.128 0.4045 0.5878 -0.7006
0.057 -1.040 -0.998 0.1545 0.9511 -0.2676
-0.036 -1.040 -0.838 -0.1545 0.9511 0.2676
-0.111 -1.149 -0.708 -0.4045 0.5878 0.7006
0.640 -1.325 -0.208 -0.5000 0.0000 0.8660
0.668 -1.501 -0.258 -0.4045 -0.5878 0.7006
0.743 -1.610 -0.388 -0.1545 -0.9511 0.2676
0.836 -1.610 -0.548 0.1545 -0.9511 -0.2676
0.911 -1.501 -0.678 0.4045 -0.5878 -0.7006
0.940 -1.325 -0.728 0.5000 -0.0000 -0.8660
0.911 -1.149 -0.678 0.4045 0.5878 -0.7006
0.836 -1.040 -0.548 0.1545 0.9511 -0.2676
0.743 -1.040 -0.388 -0.1545 0.9511 0.2676
0.668 -1.149 -0.258 -0.4045 0.5878 0.7006
0.010 -1.325 -0.918 -0.8660 -0.0000 -0.5000
-0.140 -1.325 -0.658 -0.8660 -0.0000 -0.5000
-0.111 -1.501 -0.708 -0.8660 -0.0000 -0.5000
-0.036 -1.610 -0.838 -0.8660 -0.0000 -0.5000
0.057 -1.610 -0.998 -0.8660 -0.0000 -0.5000
0.132 -1.501 -1.128 -0.8660 -0.0000 -0.5000
0.160 -1.325 -1.178 -0.8660 -0.0000 -0.5000
0.132 -1.149 -1.128 -0.8660 -0.0000 -0.5000
0.057 -1.040 -0.998 -0.8660 -0.0000 -0.5000
-0.036 -1.040 -0.838 -0.8660 -0.0000 -0.5000
-0.111 -1.149 -0.708 -0.8660 -0.0000 -0.5000
0.790 -1.325 -0.468 0.8660 0.0000 0.5000
0.640 -1.325 -0.208 0.8660 0.0000 0.5000
0.668 -1.501 -0.258 0.8660 0.0000 0.5000
0.743 -1.610 -0.388 0.8660 0.0000 0.5000
0.836 -1.610 -0.548 0.8660 0.0000 0.5000
0.911 -1.501 -0.678 0.8660 0.0000 0.5000
0.940 -1.325 -0.728 0.8660 0.0000 0.5000
0.911 -1.149 -0.678 0.8660 0.0000 0.5000
0.836 -1.040 -0.548 0.8660 0.0000 0.5000
0.743 -1.040 -0.388 0.8660 0.0000 0.5000
0.668 -1.149 -0.258 0.8660 0.0000 0.5000
0 1 2
0 2 3
4 6 5
4 7 6
8 10 9
8 11 10
12 13 14
12 14 15
16 17 18
16 18 19
20 22 21
20 23 22
24 25 35
24 35 34
25 26 36
25 36 35
26 27 37
26 37 36
27 28 38
27 38 37
28 29 39
28 39 38
29 30 40
29 40 39
30 31 41
30 41 40
31 32 42
31 42 41
32 33 43
32 43 42
33 24 34
33 34 43
44 46 45
44 47 46
44 48 47
44 49 48
44 50 49
44 51 50
44 52 51
44 53 52
44 54 53
44 45 54
55 56 57
55 57 58
55 58 59
55 59 60
55 60 61
55 61 62
55 62 63
55 63 64
55 64 65
55 65 56
LABEL foot_starboard_slat_9_0
MATERIAL 7
TEXTURE 0
GEOM 104 76 ;foot_starboard_slat_9_0
0.311 -1.301 -1.107 0.0372 0.9972 -0.0644
0.370 -1.301 -1.089 0.0372 0.9972 -0.0644
0.427 -1.301 -1.068 0.0372 0.9972 -0.0644
0.484 -1.301 -1.043 0.0372 0.9972 -0.0644
3.299 -2.125 -11.746 0.0372 0.9972 -0.0644
3.922 -2.125 -11.552 0.0372 0.9972 -0.0644
4.535 -2.125 -11.326 0.0372 0.9972 -0.0644
5.134 -2.125 -11.067 0.0372 0.9972 -0.0644
0.311 -1.301 -1.107 -0.0372 -0.9972 0.0644
0.370 -1.301 -1.089 -0.0372 -0.9972 0.0644
0.427 -1.301 -1.068 -0.0372 -0.9972 0.0644
0.484 -1.301 -1.043 -0.0372 -0.9972 0.0644
3.299 -2.125 -11.746 -0.0372 -0.9972 0.0644
3.922 -2.125 -11.552 -0.0372 -0.9972 0.0644
4.535 -2.125 -11.326 -0.0372 -0.9972 0.0644
5.134 -2.125 -11.067 -0.0372 -0.9972 0.0644
0.311 -1.551 -1.107 -0.0372 -0.9972 0.0644
0.370 -1.551 -1.089 -0.0372 -0.9972 0.0644
0.427 -1.551 -1.068 -0.0372 -0.9972 0.0644
0.484 -1.551 -1.043 -0.0372 -0.9972 0.0644
3.299 -2.375 -11.746 -0.0372 -0.9972 0.0644
3.922 -2.375 -11.552 -0.0372 -0.9972 0.0644
4.535 -2.375 -11.326 -0.0372 -0.9972 0.0644
5.134 -2.375 -11.067 -0.0372 -0.9972 0.0644
0.311 -1.551 -1.107 0.0372 0.9972 -0.0644
0.370 -1.551 -1.089 0.0372 0.9972 -0.0644
0.427 -1.551 -1.068 0.0372 0.9972 -0.0644
0.484 -1.551 -1.043 0.0372 0.9972 -0.0644
3.299 -2.375 -11.746 0.0372 0.9972 -0.0644
3.922 -2.375 -11.552 0.0372 0.9972 -0.0644
4.535 -2.375 -11.326 0.0372 0.9972 -0.0644
5.134 -2.375 -11.067 0.0372 0.9972 -0.0644
3.299 -2.375 -11.746 0.3467 0.0000 -0.9380
3.922 -2.375 -11.552 0.3467 0.0000 -0.9380
4.535 -2.375 -11.326 0.3467 0.0000 -0.9380
5.134 -2.375 -11.067 0.3467 0.0000 -0.9380
3.299 -2.125 -11.746 0.3467 0.0000 -0.9380
3.922 -2.125 -11.552 0.3467 0.0000 -0.9380
4.535 -2.125 -11.326 0.3467 0.0000 -0.9380
5.134 -2.125 -11.067 0.3467 0.0000 -0.9380
3.299 -2.375 -11.746 -0.3467 -0.0000 0.9380
3.922 -2.375 -11.552 -0.3467 -0.0000 0.9380
4.535 -2.375 -11.326 -0.3467 -0.0000 0.9380
5.134 -2.375 -11.067 -0.3467 -0.0000 0.9380
3.299 -2.125 -11.746 -0.3467 -0.0000 0.9380
3.922 -2.125 -11.552 -0.3467 -0.0000 0.9380
4.535 -2.125 -11.326 -0.3467 -0.0000 0.9380
5.134 -2.125 -11.067 -0.3467 -0.0000 0.9380
0.311 -1.551 -1.107 -0.3467 -0.0000 0.9380
0.370 -1.551 -1.089 -0.3467 -0.0000 0.9380
0.427 -1.551 -1.068 -0.3467 -0.0000 0.9380
0.484 -1.551 -1.043 -0.3467 -0.0000 0.9380
0.311 -1.301 -1.107 -0.3467 -0.0000 0.9380
0.370 -1.301 -1.089 -0.3467 -0.0000 0.9380
0.427 -1.301 -1.068 -0.3467 -0.0000 0.9380
0.484 -1.301 -1.043 -0.3467 -0.0000 0.9380
0.311 -1.551 -1.107 0.3467 0.0000 -0.9380
0.370 -1.551 -1.089 0.3467 0.0000 -0.9380
0.427 -1.551 -1.068 0.3467 0.0000 -0.9380
0.484 -1.551 -1.043 0.3467 0.0000 -0.9380
0.311 -1.301 -1.107 0.3467 0.0000 -0.9380
0.370 -1.301 -1.089 0.3467 0.0000 -0.9380
0.427 -1.301 -1.068 0.3467 0.0000 -0.9380
0.484 -1.301 -1.043 0.3467 0.0000 -0.9380
3.299 -2.125 -11.746 0.3467 0.0000 -0.9380
3.922 -2.125 -11.552 0.3467 0.0000 -0.9380
4.535 -2.125 -11.326 0.3467 0.0000 -0.9380
5.134 -2.125 -11.067 0.3467 0.0000 -0.9380
3.299 -1.425 -11.746 0.3467 0.0000 -0.9380
3.922 -1.425 -11.552 0.3467 0.0000 -0.9380
4.535 -1.425 -11.326 0.3467 0.0000 -0.9380
5.134 -1.425 -11.067 0.3467 0.0000 -0.9380
3.299 -2.125 -11.746 -0.3467 -0.0000 0.9380
3.922 -2.125 -11.552 -0.3467 -0.0000 0.9380
4.535 -2.125 -11.326 -0.3467 -0.0000 0.9380
5.134 -2.125 -11.067 -0.3467 -0.0000 0.9380
3.299 -1.425 -11.746 -0.3467 -0.0000 0.9380
3.922 -1.425 -11.552 -0.3467 -0.0000 0.9380
4.535 -1.425 -11.326 -0.3467 -0.0000 0.9380
5.134 -1.425 -11.067 -0.3467 -0.0000 0.9380
3.299 -1.425 -11.746 0.0000 1.0000 0.0000
3.922 -1.425 -11.552 0.0000 1.0000 0.0000
4.535 -1.425 -11.326 0.0000 1.0000 0.0000
5.134 -1.425 -11.067 0.0000 1.0000 0.0000
3.204 -1.399 -11.409 0.0000 1.0000 0.0000
3.810 -1.399 -11.221 0.0000 1.0000 0.0000
4.404 -1.399 -11.001 0.0000 1.0000 0.0000
4.987 -1.399 -10.750 0.0000 1.0000 0.0000
3.299 -1.425 -11.746 -0.0000 -1.0000 -0.0000
3.922 -1.425 -11.552 -0.0000 -1.0000 -0.0000
4.535 -1.425 -11.326 -0.0000 -1.0000 -0.0000
5.134 -1.425 -11.067 -0.0000 -1.0000 -0.0000
3.204 -1.399 -11.409 -0.0000 -1.0000 -0.0000
3.810 -1.399 -11.221 -0.0000 -1.0000 -0.0000
4.404 -1.399 -11.001 -0.0000 -1.0000 -0.0000
4.987 -1.399 -10.750 -0.0000 -1.0000 -0.0000
0.311 -1.551 -1.107 0.9628 0.0000 0.2704
3.299 -2.375 -11.746 0.9628 0.0000 0.2704
0.311 -1.301 -1.107 0.9628 0.0000 0.2704
3.299 -2.125 -11.746 0.9628 0.0000 0.2704
0.311 -1.551 -1.107 -0.9628 -0.0000 -0.2704
3.299 -2.375 -11.746 -0.9628 -0.0000 -0.2704
0.311 -1.301 -1.107 -0.9628 -0.0000 -0.2704
3.299 -2.125 -11.746 -0.9628 -0.0000 -0.2704
0 1 5
0 5 4
8 13 9
8 12 13
1 2 6
1 6 5
9 14 10
9 13 14
2 3 7
2 7 6
10 15 11
10 14 15
16 21 17
16 20 21
24 25 29
24 29 28
17 22 18
17 21 22
25 26 30
25 30 29
18 23 19
18 22 23
26 27 31
26 31 30
32 37 33
32 36 37
40 41 45
40 45 44
33 38 34
33 37 38
41 42 46
41 46 45
34 39 35
34 38 39
42 43 47
42 47 46
48 49 53
48 53 52
56 61 57
56 60 61
49 50 54
49 54 53
57 62 58
57 61 62
50 51 55
50 55 54
58 63 59
58 62 63
64 69 65
64 68 69
72 73 77
72 77 76
65 70 66
65 69 70
73 74 78
73 78 77
66 71 67
66 70 71
74 75 79
74 79 78
80 85 81
80 84 85
88 89 93
88 93 92
81 86 82
81 85 86
89 90 94
89 94 93
82 87 83
82 86 87
90 91 95
90 95 94
96 97 99
96 99 98
100 103 101
100 102 103
LABEL foot_starboard_slat_9_1
MATERIAL 7
TEXTURE 0
GEOM 96 72 ;foot_starboard_slat_9_1
0.488 -1.301 -1.041 0.0372 0.9972 -0.0644
0.546 -1.301 -1.012 0.0372 0.9972 -0.0644
0.603 -1.301 -0.979 0.0372 0.9972 -0.0644
0.658 -1.301 -0.943 0.0372 0.9972 -0.0644
5.178 -2.125 -11.047 0.0372 0.9972 -0.0644
5.797 -2.125 -10.735 0.0372 0.9972 -0.0644
6.398 -2.125 -10.388 0.0372 0.9972 -0.0644
6.978 -2.125 -10.008 0.0372 0.9972 -0.0644
0.488 -1.301 -1.041 -0.0372 -0.9972 0.0644
0.546 -1.301 -1.012 -0.0372 -0.9972 0.0644
0.603 -1.301 -0.979 -0.0372 -0.9972 0.0644
0.658 -1.301 -0.943 -0.0372 -0.9972 0.0644
5.178 -2.125 -11.047 -0.0372 -0.9972 0.0644
5.797 -2.125 -10.735 -0.0372 -0.9972 0.0644
6.398 -2.125 -10.388 -0.0372 -0.9972 0.0644
6.978 -2.125 -10.008 -0.0372 -0.9972 0.0644
0.488 -1.551 -1.041 -0.0372 -0.9972 0.0644
0.546 -1.551 -1.012 -0.0372 -0.9972 0.0644
0.603 -1.551 -0.979 -0.0372 -0.9972 0.0644
0.658 -1.551 -0.943 -0.0372 -0.9972 0.0644
5.178 -2.375 -11.047 -0.0372 -0.9972 0.0644
5.797 -2.375 -10.735 -0.0372 -0.9972 0.0644
6.398 -2.375 -10.388 -0.0372 -0.9972 0.0644
6.978 -2.375 -10.008 -0.0372 -0.9972 0.0644
0.488 -1.551 -1.041 0.0372 0.9972 -0.0644
0.546 -1.551 -1.012 0.0372 0.9972 -0.0644
0.603 -1.551 -0.979 0.0372 0.9972 -0.0644
0.658 -1.551 -0.943 0.0372 0.9972 -0.0644
5.178 -2.375 -11.047 0.0372 0.9972 -0.0644
5.797 -2.375 -10.735 0.0372 0.9972 -0.0644
6.398 -2.375 -10.388 0.0372 0.9972 -0.0644
6.978 -2.375 -10.008 0.0372 0.9972 -0.0644
5.178 -2.375 -11.047 0.5000 0.0000 -0.8660
5.797 -2.375 -10.735 0.5000 0.0000 -0.8660
6.398 -2.375 -10.388 0.5000 0.0000 -0.8660
6.978 -2.375 -10.008 0.5000 0.0000 -0.8660
5.178 -2.125 -11.047 0.5000 0.0000 -0.8660
5.797 -2.125 -10.735 0.5000 0.0000 -0.8660
6.398 -2.125 -10.388 0.5000 0.0000 -0.8660
6.978 -2.125 -10.008 0.5000 0.0000 -0.8660
5.178 -2.375 -11.047 -0.5000 -0.0000 0.8660
5.797 -2.375 -10.735 -0.5000 -0.0000 0.8660
6.398 -2.375 -10.388 -0.5000 -0.0000 0.8660
6.978 -2.375 -10.008 -0.5000 -0.0000 0.8660
5.178 -2.125 -11.047 -0.5000 -0.0000 0.8660
5.797 -2.125 -10.735 -0.5000 -0.0000 0.8660
6.398 -2.125 -10.388 -0.5000 -0.0000 0.8660
6.978 -2.125 -10.008 -0.5000 -0.0000 0.8660
0.488 -1.551 -1.041 -0.5000 -0.0000 0.8660
0.546 -1.551 -1.012 -0.5000 -0.0000 0.8660
0.603 -1.551 -0.979 -0.5000 -0.0000 0.8660
0.658 -1.551 -0.943 -0.5000 -0.0000 0.8660
0.488 -1.301 -1.041 -0.5000 -0.0000 0.8660
0.546 -1.301 -1.012 -0.5000 -0.0000 0.8660
0.603 -1.301 -0.979 -0.5000 -0.0000 0.8660
0.658 -1.301 -0.943 -0.5000 -0.0000 0.8660
0.488 -1.551 -1.041 0.5000 0.0000 -0.8660
0.546 -1.551 -1.012 0.5000 0.0000 -0.8660
0.603 -1.551 -0.979 0.5000 0.0000 -0.8660
0.658 -1.551 -0.943 0.5000 0.0000 -0.8660
0.488 -1.301 -1.041 0.5000 0.0000 -0.8660
0.546 -1.301 -1.012 0.5000 0.0000 -0.8660
0.603 -1.301 -0.979 0.5000 0.0000 -0.8660
0.658 -1.301 -0.943 0.5000 0.0000 -0.8660
5.178 -2.125 -11.047 0.5000 0.0000 -0.8660
5.797 -2.125 -10.735 0.5000 0.0000 -0.8660
6.398 -2.125 -10.388 0.5000 0.0000 -0.8660
6.978 -2.125 -10.008 0.5000 0.0000 -0.8660
5.178 -1.425 -11.047 0.5000 0.0000 -0.8660
5.797 -1.425 -10.735 0.5000 0.0000 -0.8660
6.398 -1.425 -10.388 0.5000 0.0000 -0.8660
6.978 -1.425 -10.008 0.5000 0.0000 -0.8660
5.178 -2.125 -11.047 -0.5000 -0.0000 0.8660
5.797 -2.125 -10.735 -0.5000 -0.0000 0.8660
6.398 -2.125 -10.388 -0.5000 -0.0000 0.8660
6.978 -2.125 -10.008 -0.5000 -0.0000 0.8660
5.178 -1.425 -11.047 -0.5000 -0.0000 0.8660
5.797 -1.425 -10.735 -0.5000 -0.0000 0.8660
6.398 -1.425 -10.388 -0.5000 -0.0000 0.8660
6.978 -1.425 -10.008 -0.5000 -0.0000 0.8660
5.178 -1.425 -11.047 0.0000 1.0000 0.0000
5.797 -1.425 -10.735 0.0000 1.0000 0.0000
6.398 -1.425 -10.388 0.0000 1.0000 0.0000
6.978 -1.425 -10.008 0.0000 1.0000 0.0000
5.029 -1.399 -10.730 0.0000 1.0000 0.0000
5.631 -1.399 -10.427 0.0000 1.0000 0.0000
6.214 -1.399 -10.090 0.0000 1.0000 0.0000
6.777 -1.399 -9.721 0.0000 1.0000 0.0000
5.178 -1.425 -11.047 -0.0000 -1.0000 -0.0000
5.797 -1.425 -10.735 -0.0000 -1.0000 -0.0000
6.398 -1.425 -10.388 -0.0000 -1.0000 -0.0000
6.978 -1.425 -10.008 -0.0000 -1.0000 -0.0000
5.029 -1.399 -10.730 -0.0000 -1.0000 -0.0000
5.631 -1.399 -10.427 -0.0000 -1.0000 -0.0000
6.214 -1.399 -10.090 -0.0000 -1.0000 -0.0000
6.777 -1.399 -9.721 -0.0000 -1.0000 -0.0000
0 1 5
0 5 4
8 13 9
8 12 13
1 2 6
1 6 5
9 14 10
9 13 14
2 3 7
2 7 6
10 15 11
10 14 15
16 21 17
16 20 21
24 25 29
24 29 28
17 22 18
17 21 22
25 26 30
25 30 29
18 23 19
18 22 23
26 27 31
26 31 30
32 37 33
32 36 37
40 41 45
40 45 44
33 38 34
33 37 38
41 42 46
41 46 45
34 39 35
34 38 39
42 43 47
42 47 46
48 49 53
48 53 52
56 61 57
56 60 61
49 50 54
49 54 53
57 62 58
57 61 62
50 51 55
50 55 54
58 63 59
58 62 63
64 69 65
64 68 69
72 73 77
72 77 76
65 70 66
65 69 70
73 74 78
73 78 77
66 71 67
66 70 71
74 75 79
74 79 78
80 85 81
80 84 85
88 89 93
88 93 92
81 86 82
81 85 86
89 90 94
89 94 93
82 87 83
82 86 87
90 91 95
90 95 94
LABEL foot_starboard_slat_9_2
MATERIAL 7
TEXTURE 0
GEOM 104 76 ;foot_starboard_slat_9_2
0.661 -1.301 -0.941 0.0372 0.9972 -0.0644
0.711 -1.301 -0.904 0.0372 0.9972 -0.0644
0.758 -1.301 -0.865 0.0372 0.9972 -0.0644
0.803 -1.301 -0.823 0.0372 0.9972 -0.0644
7.018 -2.125 -9.980 0.0372 0.9972 -0.0644
7.541 -2.125 -9.590 0.0372 0.9972 -0.0644
8.043 -2.125 -9.173 0.0372 0.9972 -0.0644
8.523 -2.125 -8.730 0.0372 0.9972 -0.0644
0.661 -1.301 -0.941 -0.0372 -0.9972 0.0644
0.711 -1.301 -0.904 -0.0372 -0.9972 0.0644
0.758 -1.301 -0.865 -0.0372 -0.9972 0.0644
0.803 -1.301 -0.823 -0.0372 -0.9972 0.0644
7.018 -2.125 -9.980 -0.0372 -0.9972 0.0644
7.541 -2.125 -9.590 -0.0372 -0.9972 0.0644
8.043 -2.125 -9.173 -0.0372 -0.9972 0.0644
8.523 -2.125 -8.730 -0.0372 -0.9972 0.0644
0.661 -1.551 -0.941 -0.0372 -0.9972 0.0644
0.711 -1.551 -0.904 -0.0372 -0.9972 0.0644
0.758 -1.551 -0.865 -0.0372 -0.9972 0.0644
0.803 -1.551 -0.823 -0.0372 -0.9972 0.0644
7.018 -2.375 -9.980 -0.0372 -0.9972 0.0644
7.541 -2.375 -9.590 -0.0372 -0.9972 0.0644
8.043 -2.375 -9.173 -0.0372 -0.9972 0.0644
8.523 -2.375 -8.730 -0.0372 -0.9972 0.0644
0.661 -1.551 -0.941 0.0372 0.9972 -0.0644
0.711 -1.551 -0.904 0.0372 0.9972 -0.0644
0.758 -1.551 -0.865 0.0372 0.9972 -0.0644
0.803 -1.551 -0.823 0.0372 0.9972 -0.0644
7.018 -2.375 -9.980 0.0372 0.9972 -0.0644
7.541 -2.375 -9.590 0.0372 0.9972 -0.0644
8.043 -2.375 -9.173 0.0372 0.9972 -0.0644
8.523 -2.375 -8.730 0.0372 0.9972 -0.0644
7.018 -2.375 -9.980 0.6389 0.0000 -0.7692
7.541 -2.375 -9.590 0.6389 0.0000 -0.7692
8.043 -2.375 -9.173 0.6389 0.0000 -0.7692
8.523 -2.375 -8.730 0.6389 0.0000 -0.7692
7.018 -2.125 -9.980 0.6389 0.0000 -0.7692
7.541 -2.125 -9.590 0.6389 0.0000 -0.7692
8.043 -2.125 -9.173 0.6389 0.0000 -0.7692
8.523 -2.125 -8.730 0.6389 0.0000 -0.7692
7.018 -2.375 -9.980 -0.6389 -0.0000 0.7692
7.541 -2.375 -9.590 -0.6389 -0.0000 0.7692
8.043 -2.375 -9.173 -0.6389 -0.0000 0.7692
8.523 -2.375 -8.730 -0.6389 -0.0000 0.7692
7.018 -2.125 -9.980 -0.6389 -0.0000 0.7692
7.541 -2.125 -9.590 -0.6389 -0.0000 0.7692
8.043 -2.125 -9.173 -0.6389 -0.0000 0.7692
8.523 -2.125 -8.730 -0.6389 -0.0000 0.7692
0.661 -1.551 -0.941 -0.6389 -0.0000 0.7692
0.711 -1.551 -0.904 -0.6389 -0.0000 0.7692
0.758 -1.551 -0.865 -0.6389 -0.0000 0.7692
0.803 -1.551 -0.823 -0.6389 -0.0000 0.7692
0.661 -1.301 -0.941 -0.6389 -0.0000 0.7692
0.711 -1.301 -0.904 -0.6389 -0.0000 0.7692
0.758 -1.301 -0.865 -0.6389 -0.0000 0.7692
0.803 -1.301 -0.823 -0.6389 -0.0000 0.7692
0.661 -1.551 -0.941 0.6389 0.0000 -0.7692
0.711 -1.551 -0.904 0.6389 0.0000 -0.7692
0.758 -1.551 -0.865 0.6389 0.0000 -0.7692
0.803 -1.551 -0.823 0.6389 0.0000 -0.7692
0.661 -1.301 -0.941 0.6389 0.0000 -0.7692
0.711 -1.301 -0.904 0.6389 0.0000 -0.7692
0.758 -1.301 -0.865 0.6389 0.0000 -0.7692
0.803 -1.301 -0.823 0.6389 0.0000 -0.7692
7.018 -2.125 -9.980 0.6389 0.0000 -0.7692
7.541 -2.125 -9.590 0.6389 0.0000 -0.7692
8.043 -2.125 -9.173 0.6389 0.0000 -0.7692
8.523 -2.125 -8.730 0.6389 0.0000 -0.7692
7.018 -1.425 -9.980 0.6389 0.0000 -0.7692
7.541 -1.425 -9.590 0.6389 0.0000 -0.7692
8.043 -1.425 -9.173 0.6389 0.0000 -0.7692
8.523 -1.425 -8.730 0.6389 0.0000 -0.7692
7.018 -2.125 -9.980 -0.6389 -0.0000 0.7692
7.541 -2.125 -9.590 -0.6389 -0.0000 0.7692
8.043 -2.125 -9.173 -0.6389 -0.0000 0.7692
8.523 -2.125 -8.730 -0.6389 -0.0000 0.7692
7.018 -1.425 -9.980 -0.6389 -0.0000 0.7692
7.541 -1.425 -9.590 -0.6389 -0.0000 0.7692
8.043 -1.425 -9.173 -0.6389 -0.0000 0.7692
8.523 -1.425 -8.730 -0.6389 -0.0000 0.7692
7.018 -1.425 -9.980 0.0000 1.0000 0.0000
7.541 -1.425 -9.590 0.0000 1.0000 0.0000
8.043 -1.425 -9.173 0.0000 1.0000 0.0000
8.523 -1.425 -8.730 0.0000 1.0000 0.0000
6.816 -1.399 -9.693 0.0000 1.0000 0.0000
7.325 -1.399 -9.315 0.0000 1.0000 0.0000
7.813 -1.399 -8.910 0.0000 1.0000 0.0000
8.278 -1.399 -8.479 0.0000 1.0000 0.0000
7.018 -1.425 -9.980 -0.0000 -1.0000 -0.0000
7.541 -1.425 -9.590 -0.0000 -1.0000 -0.0000
8.043 -1.425 -9.173 -0.0000 -1.0000 -0.0000
8.523 -1.425 -8.730 -0.0000 -1.0000 -0.0000
6.816 -1.399 -9.693 -0.0000 -1.0000 -0.0000
7.325 -1.399 -9.315 -0.0000 -1.0000 -0.0000
7.813 -1.399 -8.910 -0.0000 -1.0000 -0.0000
8.278 -1.399 -8.479 -0.0000 -1.0000 -0.0000
0.803 -1.551 -0.823 0.7155 0.0000 0.6986
8.523 -2.375 -8.730 0.7155 0.0000 0.6986
0.803 -1.301 -0.823 0.7155 0.0000 0.6986
8.523 -2.125 -8.730 0.7155 0.0000 0.6986
0.803 -1.551 -0.823 -0.7155 -0.0000 -0.6986
8.523 -2.375 -8.730 -0.7155 -0.0000 -0.6986
0.803 -1.301 -0.823 -0.7155 -0.0000 -0.6986
8.523 -2.125 -8.730 -0.7155 -0.0000 -0.6986
0 1 5
0 5 4
8 13 9
8 12 13
1 2 6
1 6 5
9 14 10
9 13 14
2 3 7
2 7 6
10 15 11
10 14 15
16 21 17
16 20 21
24 25 29
24 29 28
17 22 18
17 21 22
25 26 30
25 30 29
18 23 19
18 22 23
26 27 31
26 31 30
32 37 33
32 36 37
40 41 45
40 45 44
33 38 34
33 37 38
41 42 46
41 46 45
34 39 35
34 38 39
42 43 47
42 47 46
48 49 53
48 53 52
56 61 57
56 60 61
49 50 54
49 54 53
57 62 58
57 61 62
50 51 55
50 55 54
58 63 59
58 62 63
64 69 65
64 68 69
72 73 77
72 77 76
65 70 66
65 69 70
73 74 78
73 78 77
66 71 67
66 70 71
74 75 79
74 79 78
80 85 81
80 84 85
88 89 93
88 93 92
81 86 82
81 85 86
89 90 94
89 94 93
82 87 83
82 86 87
90 91 95
90 95 94
96 97 99
96 99 98
100 103 101
100 102 103
LABEL foot_starboard_strut_9
MATERIAL 9
TEXTURE 0
GEOM 50 48 ;foot_starboard_strut_9
1.188 2.125 -0.758 0.8660 -0.0000 0.5000
1.036 1.838 -0.668 0.6321 -0.4409 0.6372
0.774 1.629 -0.690 0.2288 -0.7637 0.6037
0.472 1.552 -0.817 -0.2358 -0.8818 0.4085
0.211 1.629 -1.015 -0.6372 -0.7637 0.1037
0.061 1.838 -1.231 -0.8679 -0.4409 -0.2288
0.062 2.125 -1.408 -0.8660 -0.0000 -0.5000
0.214 2.412 -1.497 -0.6321 0.4409 -0.6372
0.476 2.621 -1.475 -0.2288 0.7637 -0.6037
0.778 2.698 -1.348 0.2358 0.8818 -0.4085
1.039 2.621 -1.150 0.6372 0.7637 -0.1037
1.189 2.412 -0.934 0.8679 0.4409 0.2288
3.090 0.090 -4.052 0.8660 -0.0000 0.5000
2.938 -0.196 -3.963 0.6321 -0.4409 0.6372
2.676 -0.406 -3.984 0.2288 -0.7637 0.6037
2.374 -0.483 -4.111 -0.2358 -0.8818 0.4085
2.113 -0.406 -4.309 -0.6372 -0.7637 0.1037
1.963 -0.196 -4.526 -0.8679 -0.4409 -0.2288
1.964 0.090 -4.702 -0.8660 -0.0000 -0.5000
2.116 0.377 -4.791 -0.6321 0.4409 -0.6372
2.378 0.587 -4.769 -0.2288 0.7637 -0.6037
2.680 0.664 -4.642 0.2358 0.8818 -0.4085
2.941 0.587 -4.444 0.6372 0.7637 -0.1037
3.091 0.377 -4.228 0.8679 0.4409 0.2288
0.625 2.125 -1.083 -0.4409 0.4716 0.7637
1.188 2.125 -0.758 -0.4409 0.4716 0.7637
1.036 1.838 -0.668 -0.4409 0.4716 0.7637
0.774 1.629 -0.690 -0.4409 0.4716 0.7637
0.472 1.552 -0.817 -0.4409 0.4716 0.7637
0.211 1.629 -1.015 -0.4409 0.4716 0.7637
0.061 1.838 -1.231 -0.4409 0.4716 0.7637
0.062 2.125 -1.408 -0.4409 0.4716 0.7637
0.214 2.412 -1.497 -0.4409 0.4716 0.7637
0.476 2.621 -1.475 -0.4409 0.4716 0.7637
0.778 2.698 -1.348 -0.4409 0.4716 0.7637
1.039 2.621 -1.150 -0.4409 0.4716 0.7637
1.189 2.412 -0.934 -0.4409 0.4716 0.7637
2.527 0.090 -4.377 0.4409 -0.4716 -0.7637
3.090 0.090 -4.052 0.4409 -0.4716 -0.7637
2.938 -0.196 -3.963 0.4409 -0.4716 -0.7637
2.676 -0.406 -3.984 0.4409 -0.4716 -0.7637
2.374 -0.483 -4.111 0.4409 -0.4716 -0.7637
2.113 -0.406 -4.309 0.4409 -0.4716 -0.7637
1.963 -0.196 -4.526 0.4409 -0.4716 -0.7637
1.964 0.090 -4.702 0.4409 -0.4716 -0.7637
2.116 0.377 -4.791 0.4409 -0.4716 -0.7637
2.378 0.587 -4.769 0.4409 -0.4716 -0.7637
2.680 0.664 -4.642 0.4409 -0.4716 -0.7637
2.941 0.587 -4.444 0.4409 -0.4716 -0.7637
3.091 0.377 -4.228 0.4409 -0.4716 -0.7637
0 1 13
0 13 12
1 2 14
1 14 13
2 3 15
2 15 14
3 4 16
3 16 15
4 5 17
4 17 16
5 6 18
5 18 17
6 7 19
6 19 18
7 8 20
7 20 19
8 9 21
8 21 20
9 10 22
9 22 21
10 11 23
10 23 22
11 0 12
11 12 23
24 26 25
24 27 26
24 28 27
24 29 28
24 30 29
24 31 30
24 32 31
24 33 32
24 34 33
24 35 34
24 36 35
24 25 36
37 38 39
37 39 40
37 40 41
37 41 42
37 42 43
37 43 44
37 44 45
37 45 46
37 46 47
37 47 48
37 48 49
37 49 38
LABEL foot_starboard_rod_9
MATERIAL 7
TEXTURE 0
GEOM 42 40 ;foot_starboard_rod_9
2.522 0.373 -3.769 0.8660 -0.0000 0.5000
2.431 0.218 -3.725 0.5620 -0.5183 0.6446
2.275 0.122 -3.756 0.0433 -0.8386 0.5430
2.115 0.122 -3.848 -0.4919 -0.8386 0.2340
2.011 0.218 -3.968 -0.8392 -0.5183 -0.1644
2.003 0.373 -4.069 -0.8660 -0.0000 -0.5000
2.094 0.529 -4.112 -0.5620 0.5183 -0.6446
2.249 0.625 -4.081 -0.0433 0.8386 -0.5430
2.410 0.625 -3.989 0.4919 0.8386 -0.2340
2.514 0.529 -3.869 0.8392 0.5183 0.1644
4.343 -1.574 -6.922 0.8660 -0.0000 0.5000
4.252 -1.730 -6.879 0.5620 -0.5183 0.6446
4.096 -1.826 -6.909 0.0433 -0.8386 0.5430
3.936 -1.826 -7.002 -0.4919 -0.8386 0.2340
3.831 -1.730 -7.121 -0.8392 -0.5183 -0.1644
3.823 -1.574 -7.222 -0.8660 -0.0000 -0.5000
3.914 -1.419 -7.265 -0.5620 0.5183 -0.6446
4.070 -1.323 -7.235 -0.0433 0.8386 -0.5430
4.231 -1.323 -7.142 0.4919 0.8386 -0.2340
4.335 -1.419 -7.023 0.8392 0.5183 0.1644
2.262 0.373 -3.919 -0.4409 0.4716 0.7637
2.522 0.373 -3.769 -0.4409 0.4716 0.7637
2.431 0.218 -3.725 -0.4409 0.4716 0.7637
2.275 0.122 -3.756 -0.4409 0.4716 0.7637
2.115 0.122 -3.848 -0.4409 0.4716 0.7637
2.011 0.218 -3.968 -0.4409 0.4716 0.7637
2.003 0.373 -4.069 -0.4409 0.4716 0.7637
2.094 0.529 -4.112 -0.4409 0.4716 0.7637
2.249 0.625 -4.081 -0.4409 0.4716 0.7637
2.410 0.625 -3.989 -0.4409 0.4716 0.7637
2.514 0.529 -3.869 -0.4409 0.4716 0.7637
4.083 -1.574 -7.072 0.4409 -0.4716 -0.7637
4.343 -1.574 -6.922 0.4409 -0.4716 -0.7637
4.252 -1.730 -6.879 0.4409 -0.4716 -0.7637
4.096 -1.826 -6.909 0.4409 -0.4716 -0.7637
3.936 -1.826 -7.002 0.4409 -0.4716 -0.7637
3.831 -1.730 -7.121 0.4409 -0.4716 -0.7637
3.823 -1.574 -7.222 0.4409 -0.4716 -0.7637
3.914 -1.419 -7.265 0.4409 -0.4716 -0.7637
4.070 -1.323 -7.235 0.4409 -0.4716 -0.7637
4.231 -1.323 -7.142 0.4409 -0.4716 -0.7637
4.335 -1.419 -7.023 0.4409 -0.4716 -0.7637
0 1 11
0 11 10
1 2 12
1 12 11
2 3 13
2 13 12
3 4 14
3 14 13
4 5 15
4 15 14
5 6 16
5 16 15
6 7 17
6 17 16
7 8 18
7 18 17
8 9 19
8 19 18
9 0 10
9 10 19
20 22 21
20 23 22
20 24 23
20 25 24
20 26 25
20 27 26
20 28 27
20 29 28
20 30 29
20 21 30
31 32 33
31 33 34
31 34 35
31 35 36
31 36 37
31 37 38
31 38 39
31 39 40
31 40 41
31 41 32
LABEL foot_starboard_skirt_9_0
MATERIAL 7
TEXTURE 0
GEOM 16 12 ;foot_starboard_skirt_9_0
3.299 -3.275 -11.746 0.3467 0.0000 -0.9380
3.922 -3.275 -11.552 0.3467 0.0000 -0.9380
4.535 -3.275 -11.326 0.3467 0.0000 -0.9380
5.134 -3.275 -11.067 0.3467 0.0000 -0.9380
3.299 -2.375 -11.746 0.3467 0.0000 -0.9380
3.922 -2.375 -11.552 0.3467 0.0000 -0.9380
4.535 -2.375 -11.326 0.3467 0.0000 -0.9380
5.134 -2.375 -11.067 0.3467 0.0000 -0.9380
3.299 -3.275 -11.746 -0.3467 -0.0000 0.9380
3.922 -3.275 -11.552 -0.3467 -0.0000 0.9380
4.535 -3.275 -11.326 -0.3467 -0.0000 0.9380
5.134 -3.275 -11.067 -0.3467 -0.0000 0.9380
3.299 -2.375 -11.746 -0.3467 -0.0000 0.9380
3.922 -2.375 -11.552 -0.3467 -0.0000 0.9380
4.535 -2.375 -11.326 -0.3467 -0.0000 0.9380
5.134 -2.375 -11.067 -0.3467 -0.0000 0.9380
0 5 1
0 4 5
8 9 13
8 13 12
1 6 2
1 5 6
9 10 14
9 14 13
2 7 3
2 6 7
10 11 15
10 15 14
LABEL foot_starboard_skirt_9_1
MATERIAL 7
TEXTURE 0
GEOM 16 12 ;foot_starboard_skirt_9_1
5.178 -3.275 -11.047 0.5000 0.0000 -0.8660
5.797 -3.275 -10.735 0.5000 0.0000 -0.8660
6.398 -3.275 -10.388 0.5000 0.0000 -0.8660
6.978 -3.275 -10.008 0.5000 0.0000 -0.8660
5.178 -2.375 -11.047 0.5000 0.0000 -0.8660
5.797 -2.375 -10.735 0.5000 0.0000 -0.8660
6.398 -2.375 -10.388 0.5000 0.0000 -0.8660
6.978 -2.375 -10.008 0.5000 0.0000 -0.8660
5.178 -3.275 -11.047 -0.5000 -0.0000 0.8660
5.797 -3.275 -10.735 -0.5000 -0.0000 0.8660
6.398 -3.275 -10.388 -0.5000 -0.0000 0.8660
6.978 -3.275 -10.008 -0.5000 -0.0000 0.8660
5.178 -2.375 -11.047 -0.5000 -0.0000 0.8660
5.797 -2.375 -10.735 -0.5000 -0.0000 0.8660
6.398 -2.375 -10.388 -0.5000 -0.0000 0.8660
6.978 -2.375 -10.008 -0.5000 -0.0000 0.8660
0 5 1
0 4 5
8 9 13
8 13 12
1 6 2
1 5 6
9 10 14
9 14 13
2 7 3
2 6 7
10 11 15
10 15 14
LABEL foot_starboard_skirt_9_2
MATERIAL 7
TEXTURE 0
GEOM 16 12 ;foot_starboard_skirt_9_2
7.018 -3.275 -9.980 0.6389 0.0000 -0.7692
7.541 -3.275 -9.590 0.6389 0.0000 -0.7692
8.043 -3.275 -9.173 0.6389 0.0000 -0.7692
8.523 -3.275 -8.730 0.6389 0.0000 -0.7692
7.018 -2.375 -9.980 0.6389 0.0000 -0.7692
7.541 -2.375 -9.590 0.6389 0.0000 -0.7692
8.043 -2.375 -9.173 0.6389 0.0000 -0.7692
8.523 -2.375 -8.730 0.6389 0.0000 -0.7692
7.018 -3.275 -9.980 -0.6389 -0.0000 0.7692
7.541 -3.275 -9.590 -0.6389 -0.0000 0.7692
8.043 -3.275 -9.173 -0.6389 -0.0000 0.7692
8.523 -3.275 -8.730 -0.6389 -0.0000 0.7692
7.018 -2.375 -9.980 -0.6389 -0.0000 0.7692
7.541 -2.375 -9.590 -0.6389 -0.0000 0.7692
8.043 -2.375 -9.173 -0.6389 -0.0000 0.7692
8.523 -2.375 -8.730 -0.6389 -0.0000 0.7692
0 5 1
0 4 5
8 9 13
8 13 12
1 6 2
1 5 6
9 10 14
9 14 13
2 7 3
2 6 7
10 11 15
10 15 14
LABEL foot_starboard_petal_10
MATERIAL 7
TEXTURE 0
GEOM 66 52 ;foot_starboard_petal_10
0.707 -1.291 -0.812 -0.8636 0.0744 0.4986
1.057 -1.291 -0.206 -0.8636 0.0744 0.4986
1.089 -0.792 -0.225 -0.8636 0.0744 0.4986
0.739 -0.792 -0.831 -0.8636 0.0744 0.4986
10.060 -2.096 -6.212 0.8636 -0.0744 -0.4986
10.410 -2.096 -5.606 0.8636 -0.0744 -0.4986
10.442 -1.597 -5.625 0.8636 -0.0744 -0.4986
10.092 -1.597 -6.231 0.8636 -0.0744 -0.4986
0.707 -1.291 -0.812 -0.5000 -0.0000 -0.8660
10.060 -2.096 -6.212 -0.5000 -0.0000 -0.8660
10.092 -1.597 -6.231 -0.5000 -0.0000 -0.8660
0.739 -0.792 -0.831 -0.5000 -0.0000 -0.8660
1.057 -1.291 -0.206 0.5000 0.0000 0.8660
10.410 -2.096 -5.606 0.5000 0.0000 0.8660
10.442 -1.597 -5.625 0.5000 0.0000 0.8660
1.089 -0.792 -0.225 0.5000 0.0000 0.8660
0.707 -1.291 -0.812 -0.0644 -0.9972 0.0372
10.060 -2.096 -6.212 -0.0644 -0.9972 0.0372
10.410 -2.096 -5.606 -0.0644 -0.9972 0.0372
1.057 -1.291 -0.206 -0.0644 -0.9972 0.0372
0.739 -0.792 -0.831 0.0644 0.9972 -0.0372
10.092 -1.597 -6.231 0.0644 0.9972 -0.0372
10.442 -1.597 -5.625 0.0644 0.9972 -0.0372
1.089 -0.792 -0.225 0.0644 0.9972 -0.0372
0.208 -1.325 -0.640 -0.8660 0.0000 0.5000
0.258 -1.501 -0.668 -0.7006 -0.5878 0.4045
0.388 -1.610 -0.743 -0.2676 -0.9511 0.1545
0.548 -1.610 -0.836 0.2676 -0.9511 -0.1545
0.678 -1.501 -0.911 0.7006 -0.5878 -0.4045
0.728 -1.325 -0.940 0.8660 -0.0000 -0.5000
0.678 -1.149 -0.911 0.7006 0.5878 -0.4045
0.548 -1.040 -0.836 0.2676 0.9511 -0.1545
0.388 -1.040 -0.743 -0.2676 0.9511 0.1545
0.258 -1.149 -0.668 -0.7006 0.5878 0.4045
0.658 -1.325 0.140 -0.8660 0.0000 0.5000
0.708 -1.501 0.111 -0.7006 -0.5878 0.4045
0.838 -1.610 0.036 -0.2676 -0.9511 0.1545
0.998 -1.610 -0.057 0.2676 -0.9511 -0.1545
1.128 -1.501 -0.132 0.7006 -0.5878 -0.4045
1.178 -1.325 -0.160 0.8660 -0.0000 -0.5000
1.128 -1.149 -0.132 0.7006 0.5878 -0.4045
0.998 -1.040 -0.057 0.2676 0.9511 -0.1545
0.838 -1.040 0.036 -0.2676 0.9511 0.1545
0.708 -1.149 0.111 -0.7006 0.5878 0.4045
0.468 -1.325 -0.790 -0.5000 -0.0000 -0.8660
0.208 -1.325 -0.640 -0.5000 -0.0000 -0.8660
0.258 -1.501 -0.668 -0.5000 -0.0000 -0.8660
0.388 -1.610 -0.743 -0.5000 -0.0000 -0.8660
0.548 -1.610 -0.836 -0.5000 -0.0000 -0.8660
0.678 -1.501 -0.911 -0.5000 -0.0000 -0.8660
0.728 -1.325 -0.940 -0.5000 -0.0000 -0.8660
0.678 -1.149 -0.911 -0.5000 -0.0000 -0.8660
0.548 -1.040 -0.836 -0.5000 -0.0000 -0.8660
0.388 -1.040 -0.743 -0.5000 -0.0000 -0.8660
0.258 -1.149 -0.668 -0.5000 -0.0000 -0.8660
0.918 -1.325 -0.010 0.5000 0.0000 0.8660
0.658 -1.325 0.140 0.5000 0.0000 0.8660
0.708 -1.501 0.111 0.5000 0.0000 0.8660
0.838 -1.610 0.036 0.5000 0.0000 0.8660
0.998 -1.610 -0.057 0.5000 0.0000 0.8660
1.128 -1.501 -0.132 0.5000 0.0000 0.8660
1.178 -1.325 -0.160 0.5000 0.0000 0.8660
1.128 -1.149 -0.132 0.5000 0.0000 0.8660
0.998 -1.040 -0.057 0.5000 0.0000 0.8660
0.838 -1.040 0.036 0.5000 0.0000 0.8660
0.708 -1.149 0.111 0.5000 0.0000 0.8660
0 1 2
0 2 3
4 6 5
4 7 6
8 10 9
8 11 10
12 13 14
12 14 15
16 17 18
16 18 19
20 22 21
20 23 22
24 25 35
24 35 34
25 26 36
25 36 35
26 27 37
26 37 36
27 28 38
27 38 37
28 29 39
28 39 38
29 30 40
29 40 39
30 31 41
30 41 40
31 32 42
31 42 41
32 33 43
32 43 42
33 24 34
33 34 43
44 46 45
44 47 46
44 48 47
44 49 48
44 50 49
44 51 50
44 52 51
44 53 52
44 54 53
44 45 54
55 56 57
55 57 58
55 58 59
55 59 60
55 60 61
55 61 62
55 62 63
55 63 64
55 64 65
55 65 56
LABEL foot_starboard_slat_10_0
MATERIAL 7
TEXTURE 0
GEOM 104 76 ;foot_starboard_slat_10_0
0.823 -1.301 -0.803 0.0644 0.9972 -0.0372
0.865 -1.301 -0.758 0.0644 0.9972 -0.0372
0.904 -1.301 -0.711 0.0644 0.9972 -0.0372
0.941 -1.301 -0.661 0.0644 0.9972 -0.0372
8.730 -2.125 -8.523 0.0644 0.9972 -0.0372
9.173 -2.125 -8.043 0.0644 0.9972 -0.0372
9.590 -2.125 -7.541 0.0644 0.9972 -0.0372
9.980 -2.125 -7.018 0.0644 0.9972 -0.0372
0.823 -1.301 -0.803 -0.0644 -0.9972 0.0372
0.865 -1.301 -0.758 -0.0644 -0.9972 0.0372
0.904 -1.301 -0.711 -0.0644 -0.9972 0.0372
0.941 -1.301 -0.661 -0.0644 -0.9972 0.0372
8.730 -2.125 -8.523 -0.0644 -0.9972 0.0372
9.173 -2.125 -8.043 -0.0644 -0.9972 0.0372
9.590 -2.125 -7.541 -0.0644 -0.9972 0.0372
9.980 -2.125 -7.018 -0.0644 -0.9972 0.0372
0.823 -1.551 -0.803 -0.0644 -0.9972 0.0372
0.865 -1.551 -0.758 -0.0644 -0.9972 0.0372
0.904 -1.551 -0.711 -0.0644 -0.9972 0.0372
0.941 -1.551 -0.661 -0.0644 -0.9972 0.0372
8.730 -2.375 -8.523 -0.0644 -0.9972 0.0372
9.173 -2.375 -8.043 -0.0644 -0.9972 0.0372
9.590 -2.375 -7.541 -0.0644 -0.9972 0.0372
9.980 -2.375 -7.018 -0.0644 -0.9972 0.0372
0.823 -1.551 -0.803 0.0644 0.9972 -0.0372
0.865 -1.551 -0.758 0.0644 0.9972 -0.0372
0.904 -1.551 -0.711 0.0644 0.9972 -0.0372
0.941 -1.551 -0.661 0.0644 0.9972 -0.0372
8.730 -2.375 -8.523 0.0644 0.9972 -0.0372
9.173 -2.375 -8.043 0.0644 0.9972 -0.0372
9.590 -2.375 -7.541 0.0644 0.9972 -0.0372
9.980 -2.375 -7.018 0.0644 0.9972 -0.0372
8.730 -2.375 -8.523 0.7692 0.0000 -0.6389
9.173 -2.375 -8.043 0.7692 0.0000 -0.6389
9.590 -2.375 -7.541 0.7692 0.0000 -0.6389
9.980 -2.375 -7.018 0.7692 0.0000 -0.6389
8.730 -2.125 -8.523 0.7692 0.0000 -0.6389
9.173 -2.125 -8.043 0.7692 0.0000 -0.6389
9.590 -2.125 -7.541 0.7692 0.0000 -0.6389
9.980 -2.125 -7.018 0.7692 0.0000 -0.6389
8.730 -2.375 -8.523 -0.7692 -0.0000 0.6389
9.173 -2.375 -8.043 -0.7692 -0.0000 0.6389
9.590 -2.375 -7.541 -0.7692 -0.0000 0.6389
9.980 -2.375 -7.018 -0.7692 -0.0000 0.6389
8.730 -2.125 -8.523 -0.7692 -0.0000 0.6389
9.173 -2.125 -8.043 -0.7692 -0.0000 0.6389
9.590 -2.125 -7.541 -0.7692 -0.0000 0.6389
9.980 -2.125 -7.018 -0.7692 -0.0000 0.6389
0.823 -1.551 -0.803 -0.7692 -0.0000 0.6389
0.865 -1.551 -0.758 -0.7692 -0.0000 0.6389
0.904 -1.551 -0.711 -0.7692 -0.0000 0.6389
0.941 -1.551 -0.661 -0.7692 -0.0000 0.6389
0.823 -1.301 -0.803 -0.7692 -0.0000 0.6389
0.865 -1.301 -0.758 -0.7692 -0.0000 0.6389
0.904 -1.301 -0.711 -0.7692 -0.0000 0.6389
0.941 -1.301 -0.661 -0.7692 -0.0000 0.6389
0.823 -1.551 -0.803 0.7692 0.0000 -0.6389
0.865 -1.551 -0.758 0.7692 0.0000 -0.6389
0.904 -1.551 -0.711 0.7692 0.0000 -0.6389
0.941 -1.551 -0.661 0.7692 0.0000 -0.6389
0.823 -1.301 -0.803 0.7692 0.0000 -0.6389
0.865 -1.301 -0.758 0.7692 0.0000 -0.6389
0.904 -1.301 -0.711 0.7692 0.0000 -0.6389
0.941 -1.301 -0.661 0.7692 0.0000 -0.6389
8.730 -2.125 -8.523 0.7692 0.0000 -0.6389
9.173 -2.125 -8.043 0.7692 0.0000 -0.6389
9.590 -2.125 -7.541 0.7692 0.0000 -0.6389
9.980 -2.125 -7.018 0.7692 0.0000 -0.6389
8.730 -1.425 -8.523 0.7692 0.0000 -0.6389
9.173 -1.425 -8.043 0.7692 0.0000 -0.6389
9.590 -1.425 -7.541 0.7692 0.0000 -0.6389
9.980 -1.425 -7.018 0.7692 0.0000 -0.6389
8.730 -2.125 -8.523 -0.7692 -0.0000 0.6389
9.173 -2.125 -8.043 -0.7692 -0.0000 0.6389
9.590 -2.125 -7.541 -0.7692 -0.0000 0.6389
9.980 -2.125 -7.018 -0.7692 -0.0000 0.6389
8.730 -1.425 -8.523 -0.7692 -0.0000 0.6389
9.173 -1.425 -8.043 -0.7692 -0.0000 0.6389
9.590 -1.425 -7.541 -0.7692 -0.0000 0.6389
9.980 -1.425 -7.018 -0.7692 -0.0000 0.6389
8.730 -1.425 -8.523 0.0000 1.0000 0.0000
9.173 -1.425 -8.043 0.0000 1.0000 0.0000
9.590 -1.425 -7.541 0.0000 1.0000 0.0000
9.980 -1.425 -7.018 0.0000 1.0000 0.0000
8.479 -1.399 -8.278 0.0000 1.0000 0.0000
8.910 -1.399 -7.813 0.0000 1.0000 0.0000
9.315 -1.399 -7.325 0.0000 1.0000 0.0000
9.693 -1.399 -6.816 0.0000 1.0000 0.0000
8.730 -1.425 -8.523 -0.0000 -1.0000 -0.0000
9.173 -1.425 -8.043 -0.0000 -1.0000 -0.0000
9.590 -1.425 -7.541 -0.0000 -1.0000 -0.0000
9.980 -1.425 -7.018 -0.0000 -1.0000 -0.0000
8.479 -1.399 -8.278 -0.0000 -1.0000 -0.0000
8.910 -1.399 -7.813 -0.0000 -1.0000 -0.0000
9.315 -1.399 -7.325 -0.0000 -1.0000 -0.0000
9.693 -1.399 -6.816 -0.0000 -1.0000 -0.0000
0.823 -1.551 -0.803 0.6986 0.0000 0.7155
8.730 -2.375 -8.523 0.6986 0.0000 0.7155
0.823 -1.301 -0.803 0.6986 0.0000 0.7155
8.730 -2.125 -8.523 0.6986 0.0000 0.7155
0.823 -1.551 -0.803 -0.6986 -0.0000 -0.7155
8.730 -2.375 -8.523 -0.6986 -0.0000 -0.7155
0.823 -1.301 -0.803 -0.6986 -0.0000 -0.7155
8.730 -2.125 -8.523 -0.6986 -0.0000 -0.7155
0 1 5
0 5 4
8 13 9
8 12 13
1 2 6
1 6 5
9 14 10
9 13 14
2 3 7
2 7 6
10 15 11
10 14 15
16 21 17
16 20 21
24 25 29
24 29 28
17 22 18
17 21 22
25 26 30
25 30 29
18 23 19
18 22 23
26 27 31
26 31 30
32 37 33
32 36 37
40 41 45
40 45 44
33 38 34
33 37 38
41 42 46
41 46 45
34 39 35
34 38 39
42 43 47
42 47 46
48 49 53
48 53 52
56 61 57
56 60 61
49 50 54
49 54 53
57 62 58
57 61 62
50 51 55
50 55 54
58 63 59
58 62 63
64 69 65
64 68 69
72 73 77
72 77 76
65 70 66
65 69 70
73 74 78
73 78 77
66 71 67
66 70 71
74 75 79
74 79 78
80 85 81
80 84 85
88 89 93
88 93 92
81 86 82
81 85 86
89 90 94
89 94 93
82 87 83
82 86 87
90 91 95
90 95 94
96 97 99
96 99 98
100 103 101
100 102 103
LABEL foot_starboard_slat_10_1
MATERIAL 7
TEXTURE 0
GEOM 96 72 ;foot_starboard_slat_10_1
0.943 -1.301 -0.658 0.0644 0.9972 -0.0372
0.979 -1.301 -0.603 0.0644 0.9972 -0.0372
1.012 -1.301 -0.546 0.0644 0.9972 -0.0372
1.041 -1.301 -0.488 0.0644 0.9972 -0.0372
10.008 -2.125 -6.978 0.0644 0.9972 -0.0372
10.388 -2.125 -6.398 0.0644 0.9972 -0.0372
10.735 -2.125 -5.797 0.0644 0.9972 -0.0372
11.047 -2.125 -5.178 0.0644 0.9972 -0.0372
0.943 -1.301 -0.658 -0.0644 -0.9972 0.0372
0.979 -1.301 -0.603 -0.0644 -0.9972 0.0372
1.012 -1.301 -0.546 -0.0644 -0.9972 0.0372
1.041 -1.301 -0.488 -0.0644 -0.9972 0.0372
10.008 -2.125 -6.978 -0.0644 -0.9972 0.0372
10.388 -2.125 -6.398 -0.0644 -0.9972 0.0372
10.735 -2.125 -5.797 -0.0644 -0.9972 0.0372
11.047 -2.125 -5.178 -0.0644 -0.9972 0.0372
0.943 -1.551 -0.658 -0.0644 -0.9972 0.0372
0.979 -1.551 -0.603 -0.0644 -0.9972 0.0372
1.012 -1.551 -0.546 -0.0644 -0.9972 0.0372
1.041 -1.551 -0.488 -0.0644 -0.9972 0.0372
10.008 -2.375 -6.978 -0.0644 -0.9972 0.0372
10.388 -2.375 -6.398 -0.0644 -0.9972 0.0372
10.735 -2.375 -5.797 -0.0644 -0.9972 0.0372
11.047 -2.375 -5.178 -0.0644 -0.9972 0.0372
0.943 -1.551 -0.658 0.0644 0.9972 -0.0372
0.979 -1.551 -0.603 0.0644 0.9972 -0.0372
1.012 -1.551 -0.546 0.0644 0.9972 -0.0372
1.041 -1.551 -0.488 0.0644 0.9972 -0.0372
10.008 -2.375 -6.978 0.0644 0.9972 -0.0372
10.388 -2.375 -6.398 0.0644 0.9972 -0.0372
10.735 -2.375 -5.797 0.0644 0.9972 -0.0372
11.047 -2.375 -5.178 0.0644 0.9972 -0.0372
10.008 -2.375 -6.978 0.8660 0.0000 -0.5000
10.388 -2.375 -6.398 0.8660 0.0000 -0.5000
10.735 -2.375 -5.797 0.8660 0.0000 -0.5000
11.047 -2.375 -5.178 0.8660 0.0000 -0.5000
10.008 -2.125 -6.978 0.8660 0.0000 -0.5000
10.388 -2.125 -6.398 0.8660 0.0000 -0.5000
10.735 -2.125 -5.797 0.8660 0.0000 -0.5000
11.047 -2.125 -5.178 0.8660 0.0000 -0.5000
10.008 -2.375 -6.978 -0.8660 -0.0000 0.5000
10.388 -2.375 -6.398 -0.8660 -0.0000 0.5000
10.735 -2.375 -5.797 -0.8660 -0.0000 0.5000
11.047 -2.375 -5.178 -0.8660 -0.0000 0.5000
10.008 -2.125 -6.978 -0.8660 -0.0000 0.5000
10.388 -2.125 -6.398 -0.8660 -0.0000 0.5000
10.735 -2.125 -5.797 -0.8660 -0.0000 0.5000
11.047 -2.125 -5.178 -0.8660 -0.0000 0.5000
0.943 -1.551 -0.658 -0.8660 -0.0000 0.5000
0.979 -1.551 -0.603 -0.8660 -0.0000 0.5000
1.012 -1.551 -0.546 -0.8660 -0.0000 0.5000
1.041 -1.551 -0.488 -0.8660 -0.0000 0.5000
0.943 -1.301 -0.658 -0.8660 -0.0000 0.5000
0.979 -1.301 -0.603 -0.8660 -0.0000 0.5000
1.012 -1.301 -0.546 -0.8660 -0.0000 0.5000
1.041 -1.301 -0.488 -0.8660 -0.0000 0.5000
0.943 -1.551 -0.658 0.8660 0.0000 -0.5000
0.979 -1.551 -0.603 0.8660 0.0000 -0.5000
1.012 -1.551 -0.546 0.8660 0.0000 -0.5000
1.041 -1.551 -0.488 0.8660 0.0000 -0.5000
0.943 -1.301 -0.658 0.8660 0.0000 -0.5000
0.979 -1.301 -0.603 0.8660 0.0000 -0.5000
1.012 -1.301 -0.546 0.8660 0.0000 -0.5000
1.041 -1.301 -0.488 0.8660 0.0000 -0.5000
10.008 -2.125 -6.978 0.8660 0.0000 -0.5000
10.388 -2.125 -6.398 0.8660 0.0000 -0.5000
10.735 -2.125 -5.797 0.8660 0.0000 -0.5000
11.047 -2.125 -5.178 0.8660 0.0000 -0.5000
10.008 -1.425 -6.978 0.8660 0.0000 -0.5000
10.388 -1.425 -6.398 0.8660 0.0000 -0.5000
10.735 -1.425 -5.797 0.8660 0.0000 -0.5000
11.047 -1.425 -5.178 0.8660 0.0000 -0.5000
10.008 -2.125 -6.978 -0.8660 -0.0000 0.5000
10.388 -2.125 -6.398 -0.8660 -0.0000 0.5000
10.735 -2.125 -5.797 -0.8660 -0.0000 0.5000
11.047 -2.125 -5.178 -0.8660 -0.0000 0.5000
10.008 -1.425 -6.978 -0.8660 -0.0000 0.5000
10.388 -1.425 -6.398 -0.8660 -0.0000 0.5000
10.735 -1.425 -5.797 -0.8660 -0.0000 0.5000
11.047 -1.425 -5.178 -0.8660 -0.0000 0.5000
10.008 -1.425 -6.978 0.0000 1.0000 0.0000
10.388 -1.425 -6.398 0.0000 1.0000 0.0000
10.735 -1.425 -5.797 0.0000 1.0000 0.0000
11.047 -1.425 -5.178 0.0000 1.0000 0.0000
9.721 -1.399 -6.777 0.0000 1.0000 0.0000
10.090 -1.399 -6.214 0.0000 1.0000 0.0000
10.427 -1.399 -5.631 0.0000 1.0000 0.0000
10.730 -1.399 -5.029 0.0000 1.0000 0.0000
10.008 -1.425 -6.978 -0.0000 -1.0000 -0.0000
10.388 -1.425 -6.398 -0.0000 -1.0000 -0.0000
10.735 -1.425 -5.797 -0.0000 -1.0000 -0.0000
11.047 -1.425 -5.178 -0.0000 -1.0000 -0.0000
9.721 -1.399 -6.777 -0.0000 -1.0000 -0.0000
10.090 -1.399 -6.214 -0.0000 -1.0000 -0.0000
10.427 -1.399 -5.631 -0.0000 -1.0000 -0.0000
10.730 -1.399 -5.029 -0.0000 -1.0000 -0.0000
0 1 5
0 5 4
8 13 9
8 12 13
1 2 6
1 6 5
9 14 10
9 13 14
2 3 7
2 7 6
10 15 11
10 14 15
16 21 17
16 20 21
24 25 29
24 29 28
17 22 18
17 21 22
25 26 30
25 30 29
18 23 19
18 22 23
26 27 31
26 31 30
32 37 33
32 36 37
40 41 45
40 45 44
33 38 34
33 37 38
41 42 46
41 46 45
34 39 35
34 38 39
42 43 47
42 47 46
48 49 53
48 53 52
56 61 57
56 60 61
49 50 54
49 54 53
57 62 58
57 61 62
50 51 55
50 55 54
58 63 59
58 62 63
64 69 65
64 68 69
72 73 77
72 77 76
65 70 66
65 69 70
73 74 78
73 78 77
66 71 67
66 70 71
74 75 79
74 79 78
80 85 81
80 84 85
88 89 93
88 93 92
81 86 82
81 85 86
89 90 94
89 94 93
82 87 83
82 86 87
90 91 95
90 95 94
LABEL foot_starboard_slat_10_2
MATERIAL 7
TEXTURE 0
GEOM 104 76 ;foot_starboard_slat_10_2
1.043 -1.301 -0.484 0.0644 0.9972 -0.0372
1.068 -1.301 -0.427 0.0644 0.9972 -0.0372
1.089 -1.301 -0.370 0.0644 0.9972 -0.0372
1.107 -1.301 -0.311 0.0644 0.9972 -0.0372
11.067 -2.125 -5.134 0.0644 0.9972 -0.0372
11.326 -2.125 -4.535 0.0644 0.9972 -0.0372
11.552 -2.125 -3.922 0.0644 0.9972 -0.0372
11.746 -2.125 -3.299 0.0644 0.9972 -0.0372
1.043 -1.301 -0.484 -0.0644 -0.9972 0.0372
1.068 -1.301 -0.427 -0.0644 -0.9972 0.0372
1.089 -1.301 -0.370 -0.0644 -0.9972 0.0372
1.107 -1.301 -0.311 -0.0644 -0.9972 0.0372
11.067 -2.125 -5.134 -0.0644 -0.9972 0.0372
11.326 -2.125 -4.535 -0.0644 -0.9972 0.0372
11.552 -2.125 -3.922 -0.0644 -0.9972 0.0372
11.746 -2.125 -3.299 -0.0644 -0.9972 0.0372
1.043 -1.551 -0.484 -0.0644 -0.9972 0.0372
1.068 -1.551 -0.427 -0.0644 -0.9972 0.0372
1.089 -1.551 -0.370 -0.0644 -0.9972 0.0372
1.107 -1.551 -0.311 -0.0644 -0.9972 0.0372
11.067 -2.375 -5.134 -0.0644 -0.9972 0.0372
11.326 -2.375 -4.535 -0.0644 -0.9972 0.0372
11.552 -2.375 -3.922 -0.0644 -0.9972 0.0372
11.746 -2.375 -3.299 -0.0644 -0.9972 0.0372
1.043 -1.551 -0.484 0.0644 0.9972 -0.0372
1.068 -1.551 -0.427 0.0644 0.9972 -0.0372
1.089 -1.551 -0.370 0.0644 0.9972 -0.0372
1.107 -1.551 -0.311 0.0644 0.9972 -0.0372
11.067 -2.375 -5.134 0.0644 0.9972 -0.0372
11.326 -2.375 -4.535 0.0644 0.9972 -0.0372
11.552 -2.375 -3.922 0.0644 0.9972 -0.0372
11.746 -2.375 -3.299 0.0644 0.9972 -0.0372
11.067 -2.375 -5.134 0.9380 0.0000 -0.3467
11.326 -2.375 -4.535 0.9380 0.0000 -0.3467
11.552 -2.375 -3.922 0.9380 0.0000 -0.3467
11.746 -2.375 -3.299 0.9380 0.0000 -0.3467
11.067 -2.125 -5.134 0.9380 0.0000 -0.3467
11.326 -2.125 -4.535 0.9380 0.0000 -0.3467
11.552 -2.125 -3.922 0.9380 0.0000 -0.3467
11.746 -2.125 -3.299 0.9380 0.0000 -0.3467
11.067 -2.375 -5.134 -0.9380 -0.0000 0.3467
11.326 -2.375 -4.535 -0.9380 -0.0000 0.3467
11.552 -2.375 -3.922 -0.9380 -0.0000 0.3467
11.746 -2.375 -3.299 -0.9380 -0.0000 0.3467
11.067 -2.125 -5.134 -0.9380 -0.0000 0.3467
11.326 -2.125 -4.535 -0.9380 -0.0000 0.3467
11.552 -2.125 -3.922 -0.9380 -0.0000 0.3467
11.746 -2.125 -3.299 -0.9380 -0.0000 0.3467
1.043 -1.551 -0.484 -0.9380 -0.0000 0.3467
1.068 -1.551 -0.427 -0.9380 -0.0000 0.3467
1.089 -1.551 -0.370 -0.9380 -0.0000 0.3467
1.107 -1.551 -0.311 -0.9380 -0.0000 0.3467
1.043 -1.301 -0.484 -0.9380 -0.0000 0.3467
1.068 -1.301 -0.427 -0.9380 -0.0000 0.3467
1.089 -1.301 -0.370 -0.9380 -0.0000 0.3467
1.107 -1.301 -0.311 -0.9380 -0.0000 0.3467
1.043 -1.551 -0.484 0.9380 0.0000 -0.3467
1.068 -1.551 -0.427 0.9380 0.0000 -0.3467
1.089 -1.551 -0.370 0.9380 0.0000 -0.3467
1.107 -1.551 -0.311 0.9380 0.0000 -0.3467
1.043 -1.301 -0.484 0.9380 0.0000 -0.3467
1.068 -1.301 -0.427 0.9380 0.0000 -0.3467
1.089 -1.301 -0.370 0.9380 0.0000 -0.3467
1.107 -1.301 -0.311 0.9380 0.0000 -0.3467
11.067 -2.125 -5.134 0.9380 0.0000 -0.3467
11.326 -2.125 -4.535 0.9380 0.0000 -0.3467
11.552 -2.125 -3.922 0.9380 0.0000 -0.3467
11.746 -2.125 -3.299 0.9380 0.0000 -0.3467
11.067 -1.425 -5.134 0.9380 0.0000 -0.3467
11.326 -1.425 -4.535 0.9380 0.0000 -0.3467
11.552 -1.425 -3.922 0.9380 0.0000 -0.3467
11.746 -1.425 -3.299 0.9380 0.0000 -0.3467
11.067 -2.125 -5.134 -0.9380 -0.0000 0.3467
11.326 -2.125 -4.535 -0.9380 -0.0000 0.3467
11.552 -2.125 -3.922 -0.9380 -0.0000 0.3467
11.746 -2.125 -3.299 -0.9380 -0.0000 0.3467
11.067 -1.425 -5.134 -0.9380 -0.0000 0.3467
11.326 -1.425 -4.535 -0.9380 -0.0000 0.3467
11.552 -1.425 -3.922 -0.9380 -0.0000 0.3467
11.746 -1.425 -3.299 -0.9380 -0.0000 0.3467
11.067 -1.425 -5.134 0.0000 1.0000 0.0000
11.326 -1.425 -4.535 0.0000 1.0000 0.0000
11.552 -1.425 -3.922 0.0000 1.0000 0.0000
11.746 -1.425 -3.299 0.0000 1.0000 0.0000
10.750 -1.399 -4.987 0.0000 1.0000 0.0000
11.001 -1.399 -4.404 0.0000 1.0000 0.0000
11.221 -1.399 -3.810 0.0000 1.0000 0.0000
11.409 -1.399 -3.204 0.0000 1.0000 0.0000
11.067 -1.425 -5.134 -0.0000 -1.0000 -0.0000
11.326 -1.425 -4.535 -0.0000 -1.0000 -0.0000
11.552 -1.425 -3.922 -0.0000 -1.0000 -0.0000
11.746 -1.425 -3.299 -0.0000 -1.0000 -0.0000
10.750 -1.399 -4.987 -0.0000 -1.0000 -0.0000
11.001 -1.399 -4.404 -0.0000 -1.0000 -0.0000
11.221 -1.399 -3.810 -0.0000 -1.0000 -0.0000
11.409 -1.399 -3.204 -0.0000 -1.0000 -0.0000
1.107 -1.551 -0.311 0.2704 0.0000 0.9628
11.746 -2.375 -3.299 0.2704 0.0000 0.9628
1.107 -1.301 -0.311 0.2704 0.0000 0.9628
11.746 -2.125 -3.299 0.2704 0.0000 0.9628
1.107 -1.551 -0.311 -0.2704 -0.0000 -0.9628
11.746 -2.375 -3.299 -0.2704 -0.0000 -0.9628
1.107 -1.301 -0.311 -0.2704 -0.0000 -0.9628
11.746 -2.125 -3.299 -0.2704 -0.0000 -0.9628
0 1 5
0 5 4
8 13 9
8 12 13
1 2 6
1 6 5
9 14 10
9 13 14
2 3 7
2 7 6
10 15 11
10 14 15
16 21 17
16 20 21
24 25 29
24 29 28
17 22 18
17 21 22
25 26 30
25 30 29
18 23 19
18 22 23
26 27 31
26 31 30
32 37 33
32 36 37
40 41 45
40 45 44
33 38 34
33 37 38
41 42 46
41 46 45
34 39 35
34 38 39
42 43 47
42 47 46
48 49 53
48 53 52
56 61 57
56 60 61
49 50 54
49 54 53
57 62 58
57 61 62
50 51 55
50 55 54
58 63 59
58 62 63
64 69 65
64 68 69
72 73 77
72 77 76
65 70 66
65 69 70
73 74 78
73 78 77
66 71 67
66 70 71
74 75 79
74 79 78
80 85 81
80 84 85
88 89 93
88 93 92
81 86 82
81 85 86
89 90 94
89 94 93
82 87 83
82 86 87
90 91 95
90 95 94
96 97 99
96 99 98
100 103 101
100 102 103
LABEL foot_starboard_strut_10
MATERIAL 9
TEXTURE 0
GEOM 50 48 ;foot_starboard_strut_10
1.408 2.125 -0.062 0.5000 -0.0000 0.8660
1.231 1.838 -0.061 0.2288 -0.4409 0.8679
1.015 1.629 -0.211 -0.1037 -0.7637 0.6372
0.817 1.552 -0.472 -0.4085 -0.8818 0.2358
0.690 1.629 -0.774 -0.6037 -0.7637 -0.2288
0.668 1.838 -1.036 -0.6372 -0.4409 -0.6321
0.758 2.125 -1.188 -0.5000 -0.0000 -0.8660
0.934 2.412 -1.189 -0.2288 0.4409 -0.8679
1.150 2.621 -1.039 0.1037 0.7637 -0.6372
1.348 2.698 -0.778 0.4085 0.8818 -0.2358
1.475 2.621 -0.476 0.6037 0.7637 0.2288
1.497 2.412 -0.214 0.6372 0.4409 0.6321
4.702 0.090 -1.964 0.5000 -0.0000 0.8660
4.526 -0.196 -1.963 0.2288 -0.4409 0.8679
4.309 -0.406 -2.113 -0.1037 -0.7637 0.6372
4.111 -0.483 -2.374 -0.4085 -0.8818 0.2358
3.984 -0.406 -2.676 -0.6037 -0.7637 -0.2288
3.963 -0.196 -2.938 -0.6372 -0.4409 -0.6321
4.052 0.090 -3.090 -0.5000 -0.0000 -0.8660
4.228 0.377 -3.091 -0.2288 0.4409 -0.8679
4.444 0.587 -2.941 0.1037 0.7637 -0.6372
4.642 0.664 -2.680 0.4085 0.8818 -0.2358
4.769 0.587 -2.378 0.6037 0.7637 0.2288
4.791 0.377 -2.116 0.6372 0.4409 0.6321
1.083 2.125 -0.625 -0.7637 0.4716 0.4409
1.408 2.125 -0.062 -0.7637 0.4716 0.4409
1.231 1.838 -0.061 -0.7637 0.4716 0.4409
1.015 1.629 -0.211 -0.7637 0.4716 0.4409
0.817 1.552 -0.472 -0.7637 0.4716 0.4409
0.690 1.629 -0.774 -0.7637 0.4716 0.4409
0.668 1.838 -1.036 -0.7637 0.4716 0.4409
0.758 2.125 -1.188 -0.7637 0.4716 0.4409
0.934 2.412 -1.189 -0.7637 0.4716 0.4409
1.150 2.621 -1.039 -0.7637 0.4716 0.4409
1.348 2.698 -0.778 -0.7637 0.4716 0.4409
1.475 2.621 -0.476 -0.7637 0.4716 0.4409
1.497 2.412 -0.214 -0.7637 0.4716 0.4409
4.377 0.090 -2.527 0.7637 -0.4716 -0.4409
4.702 0.090 -1.964 0.7637 -0.4716 -0.4409
4.526 -0.196 -1.963 0.7637 -0.4716 -0.4409
4.309 -0.406 -2.113 0.7637 -0.4716 -0.4409
4.111 -0.483 -2.374 0.7637 -0.4716 -0.4409
3.984 -0.406 -2.676 0.7637 -0.4716 -0.4409
3.963 -0.196 -2.938 0.7637 -0.4716 -0.4409
4.052 0.090 -3.090 0.7637 -0.4716 -0.4409
4.228 0.377 -3.091 0.7637 -0.4716 -0.4409
4.444 0.587 -2.941 0.7637 -0.4716 -0.4409
4.642 0.664 -2.680 0.7637 -0.4716 -0.4409
4.769 0.587 -2.378 0.7637 -0.4716 -0.4409
4.791 0.377 -2.116 0.7637 -0.4716 -0.4409
0 1 13
0 13 12
1 2 14
1 14 13
2 3 15
2 15 14
3 4 16
3 16 15
4 5 17
4 17 16
5 6 18
5 18 17
6 7 19
6 19 18
7 8 20
7 20 19
8 9 21
8 21 20
9 10 22
9 22 21
10 11 23
10 23 22
11 0 12
11 12 23
24 26 25
24 27 26
24 28 27
24 29 28
24 30 29
24 31 30
24 32 31
24 33 32
24 34 33
24 35 34
24 36 35
24 25 36
37 38 39
37 39 40
37 40 41
37 41 42
37 42 43
37 43 44
37 44 45
37 45 46
37 46 47
37 47 48
37 48 49
37 49 38
LABEL foot_starboard_rod_10
MATERIAL 7
TEXTURE 0
GEOM 42 40 ;foot_starboard_rod_10
4.069 0.373 -2.003 0.5000 -0.0000 0.8660
3.968 0.218 -2.011 0.1644 -0.5183 0.8392
3.848 0.122 -2.115 -0.2340 -0.8386 0.4919
3.756 0.122 -2.275 -0.5430 -0.8386 -0.0433
3.725 0.218 -2.431 -0.6446 -0.5183 -0.5620
3.769 0.373 -2.522 -0.5000 -0.0000 -0.8660
3.869 0.529 -2.514 -0.1644 0.5183 -0.8392
3.989 0.625 -2.410 0.2340 0.8386 -0.4919
4.081 0.625 -2.249 0.5430 0.8386 0.0433
4.112 0.529 -2.094 0.6446 0.5183 0.5620
7.222 -1.574 -3.823 0.5000 -0.0000 0.8660
7.121 -1.730 -3.831 0.1644 -0.5183 0.8392
7.002 -1.826 -3.936 -0.2340 -0.8386 0.4919
6.909 -1.826 -4.096 -0.5430 -0.8386 -0.0433
6.879 -1.730 -4.252 -0.6446 -0.5183 -0.5620
6.922 -1.574 -4.343 -0.5000 -0.0000 -0.8660
7.023 -1.419 -4.335 -0.1644 0.5183 -0.8392
7.142 -1.323 -4.231 0.2340 0.8386 -0.4919
7.235 -1.323 -4.070 0.5430 0.8386 0.0433
7.265 -1.419 -3.914 0.6446 0.5183 0.5620
3.919 0.373 -2.262 -0.7637 0.4716 0.4409
4.069 0.373 -2.003 -0.7637 0.4716 0.4409
3.968 0.218 -2.011 -0.7637 0.4716 0.4409
3.848 0.122 -2.115 -0.7637 0.4716 0.4409
3.756 0.122 -2.275 -0.7637 0.4716 0.4409
3.725 0.218 -2.431 -0.7637 0.4716 0.4409
3.769 0.373 -2.522 -0.7637 0.4716 0.4409
3.869 0.529 -2.514 -0.7637 0.4716 0.4409
3.989 0.625 -2.410 -0.7637 0.4716 0.4409
4.081 0.625 -2.249 -0.7637 0.4716 0.4409
4.112 0.529 -2.094 -0.7637 0.4716 0.4409
7.072 -1.574 -4.083 0.7637 -0.4716 -0.4409
7.222 -1.574 -3.823 0.7637 -0.4716 -0.4409
7.121 -1.730 -3.831 0.7637 -0.4716 -0.4409
7.002 -1.826 -3.936 0.7637 -0.4716 -0.4409
6.909 -1.826 -4.096 0.7637 -0.4716 -0.4409
6.879 -1.730 -4.252 0.7637 -0.4716 -0.4409
6.922 -1.574 -4.343 0.7637 -0.4716 -0.4409
7.023 -1.419 -4.335 0.7637 -0.4716 -0.4409
7.142 -1.323 -4.231 0.7637 -0.4716 -0.4409
7.235 -1.323 -4.070 0.7637 -0.4716 -0.4409
7.265 -1.419 -3.914 0.7637 -0.4716 -0.4409
0 1 11
0 11 10
1 2 12
1 12 11
2 3 13
2 13 12
3 4 14
3 14 13
4 5 15
4 15 14
5 6 16
5 16 15
6 7 17
6 17 16
7 8 18
7 18 17
8 9 19
8 19 18
9 0 10
9 10 19
20 22 21
20 23 22
20 24 23
20 25 24
20 26 25
20 27 26
20 28 27
20 29 28
20 30 29
20 21 30
31 32 33
31 33 34
31 34 35
31 35 36
31 36 37
31 37 38
31 38 39
31 39 40
31 40 41
31 41 32
LABEL foot_starboard_skirt_10_0
MATERIAL 7
TEXTURE 0
GEOM 16 12 ;foot_starboard_skirt_10_0
8.730 -3.275 -8.523 0.7692 0.0000 -0.6389
9.173 -3.275 -8.043 0.7692 0.0000 -0.6389
9.590 -3.275 -7.541 0.7692 0.0000 -0.6389
9.980 -3.275 -7.018 0.7692 0.0000 -0.6389
8.730 -2.375 -8.523 0.7692 0.0000 -0.6389
9.173 -2.375 -8.043 0.7692 0.0000 -0.6389
9.590 -2.375 -7.541 0.7692 0.0000 -0.6389
9.980 -2.375 -7.018 0.7692 0.0000 -0.6389
8.730 -3.275 -8.523 -0.7692 -0.0000 0.6389
9.173 -3.275 -8.043 -0.7692 -0.0000 0.6389
9.590 -3.275 -7.541 -0.7692 -0.0000 0.6389
9.980 -3.275 -7.018 -0.7692 -0.0000 0.6389
8.730 -2.375 -8.523 -0.7692 -0.0000 0.6389
9.173 -2.375 -8.043 -0.7692 -0.0000 0.6389
9.590 -2.375 -7.541 -0.7692 -0.0000 0.6389
9.980 -2.375 -7.018 -0.7692 -0.0000 0.6389
0 5 1
0 4 5
8 9 13
8 13 12
1 6 2
1 5 6
9 10 14
9 14 13
2 7 3
2 6 7
10 11 15
10 15 14
LABEL foot_starboard_skirt_10_1
MATERIAL 7
TEXTURE 0
GEOM 16 12 ;foot_starboard_skirt_10_1
10.008 -3.275 -6.978 0.8660 0.0000 -0.5000
10.388 -3.275 -6.398 0.8660 0.0000 -0.5000
10.735 -3.275 -5.797 0.8660 0.0000 -0.5000
11.047 -3.275 -5.178 0.8660 0.0000 -0.5000
10.008 -2.375 -6.978 0.8660 0.0000 -0.5000
10.388 -2.375 -6.398 0.8660 0.0000 -0.5000
10.735 -2.375 -5.797 0.8660 0.0000 -0.5000
11.047 -2.375 -5.178 0.8660 0.0000 -0.5000
10.008 -3.275 -6.978 -0.8660 -0.0000 0.5000
10.388 -3.275 -6.398 -0.8660 -0.0000 0.5000
10.735 -3.275 -5.797 -0.8660 -0.0000 0.5000
11.047 -3.275 -5.178 -0.8660 -0.0000 0.5000
10.008 -2.375 -6.978 -0.8660 -0.0000 0.5000
10.388 -2.375 -6.398 -0.8660 -0.0000 0.5000
10.735 -2.375 -5.797 -0.8660 -0.0000 0.5000
11.047 -2.375 -5.178 -0.8660 -0.0000 0.5000
0 5 1
0 4 5
8 9 13
8 13 12
1 6 2
1 5 6
9 10 14
9 14 13
2 7 3
2 6 7
10 11 15
10 15 14
LABEL foot_starboard_skirt_10_2
MATERIAL 7
TEXTURE 0
GEOM 16 12 ;foot_starboard_skirt_10_2
11.067 -3.275 -5.134 0.9380 0.0000 -0.3467
11.326 -3.275 -4.535 0.9380 0.0000 -0.3467
11.552 -3.275 -3.922 0.9380 0.0000 -0.3467
11.746 -3.275 -3.299 0.9380 0.0000 -0.3467
11.067 -2.375 -5.134 0.9380 0.0000 -0.3467
11.326 -2.375 -4.535 0.9380 0.0000 -0.3467
11.552 -2.375 -3.922 0.9380 0.0000 -0.3467
11.746 -2.375 -3.299 0.9380 0.0000 -0.3467
11.067 -3.275 -5.134 -0.9380 -0.0000 0.3467
11.326 -3.275 -4.535 -0.9380 -0.0000 0.3467
11.552 -3.275 -3.922 -0.9380 -0.0000 0.3467
11.746 -3.275 -3.299 -0.9380 -0.0000 0.3467
11.067 -2.375 -5.134 -0.9380 -0.0000 0.3467
11.326 -2.375 -4.535 -0.9380 -0.0000 0.3467
11.552 -2.375 -3.922 -0.9380 -0.0000 0.3467
11.746 -2.375 -3.299 -0.9380 -0.0000 0.3467
0 5 1
0 4 5
8 9 13
8 13 12
1 6 2
1 5 6
9 10 14
9 14 13
2 7 3
2 6 7
10 11 15
10 15 14
LABEL foot_starboard_petal_11
MATERIAL 7
TEXTURE 0
GEOM 66 52 ;foot_starboard_petal_11
1.019 -1.291 -0.350 -0.9972 0.0744 0.0000
1.019 -1.291 0.350 -0.9972 0.0744 0.0000
1.056 -0.792 0.350 -0.9972 0.0744 0.0000
1.056 -0.792 -0.350 -0.9972 0.0744 0.0000
11.819 -2.096 -0.350 0.9972 -0.0744 -0.0000
11.819 -2.096 0.350 0.9972 -0.0744 -0.0000
11.856 -1.597 0.350 0.9972 -0.0744 -0.0000
11.856 -1.597 -0.350 0.9972 -0.0744 -0.0000
1.019 -1.291 -0.350 -0.0000 -0.0000 -1.0000
11.819 -2.096 -0.350 -0.0000 -0.0000 -1.0000
11.856 -1.597 -0.350 -0.0000 -0.0000 -1.0000
1.056 -0.792 -0.350 -0.0000 -0.0000 -1.0000
1.019 -1.291 0.350 0.0000 0.0000 1.0000
11.819 -2.096 0.350 0.0000 0.0000 1.0000
11.856 -1.597 0.350 0.0000 0.0000 1.0000
1.056 -0.792 0.350 0.0000 0.0000 1.0000
1.019 -1.291 -0.350 -0.0744 -0.9972 0.0000
11.819 -2.096 -0.350 -0.0744 -0.9972 0.0000
11.819 -2.096 0.350 -0.0744 -0.9972 0.0000
1.019 -1.291 0.350 -0.0744 -0.9972 0.0000
1.056 -0.792 -0.350 0.0744 0.9972 -0.0000
11.856 -1.597 -0.350 0.0744 0.9972 -0.0000
11.856 -1.597 0.350 0.0744 0.9972 -0.0000
1.056 -0.792 0.350 0.0744 0.9972 -0.0000
0.500 -1.325 -0.450 -1.0000 0.0000 0.0000
0.557 -1.501 -0.450 -0.8090 -0.5878 0.0000
0.707 -1.610 -0.450 -0.3090 -0.9511 0.0000
0.893 -1.610 -0.450 0.3090 -0.9511 0.0000
1.043 -1.501 -0.450 0.8090 -0.5878 0.0000
1.100 -1.325 -0.450 1.0000 -0.0000 0.0000
1.043 -1.149 -0.450 0.8090 0.5878 -0.0000
0.893 -1.040 -0.450 0.3090 0.9511 -0.0000
0.707 -1.040 -0.450 -0.3090 0.9511 0.0000
0.557 -1.149 -0.450 -0.8090 0.5878 0.0000
0.500 -1.325 0.450 -1.0000 0.0000 0.0000
0.557 -1.501 0.450 -0.8090 -0.5878 0.0000
0.707 -1.610 0.450 -0.3090 -0.9511 0.0000
0.893 -1.610 0.450 0.3090 -0.9511 0.0000
1.043 -1.501 0.450 0.8090 -0.5878 0.0000
1.100 -1.325 0.450 1.0000 -0.0000 0.0000
1.043 -1.149 0.450 0.8090 0.5878 -0.0000
0.893 -1.040 0.450 0.3090 0.9511 -0.0000
0.707 -1.040 0.450 -0.3090 0.9511 0.0000
0.557 -1.149 0.450 -0.8090 0.5878 0.0000
0.800 -1.325 -0.450 -0.0000 -0.0000 -1.0000
0.500 -1.325 -0.450 -0.0000 -0.0000 -1.0000
0.557 -1.501 -0.450 -0.0000 -0.0000 -1.0000
0.707 -1.610 -0.450 -0.0000 -0.0000 -1.0000
0.893 -1.610 -0.450 -0.0000 -0.0000 -1.0000
1.043 -1.501 -0.450 -0.0000 -0.0000 -1.0000
1.100 -1.325 -0.450 -0.0000 -0.0000 -1.0000
1.043 -1.149 -0.450 -0.0000 -0.0000 -1.0000
0.893 -1.040 -0.450 -0.0000 -0.0000 -1.0000
0.707 -1.040 -0.450 -0.0000 -0.0000 -1.0000
0.557 -1.149 -0.450 -0.0000 -0.0000 -1.0000
0.800 -1.325 0.450 0.0000 0.0000 1.0000
0.500 -1.325 0.450 0.0000 0.0000 1.0000
0.557 -1.501 0.450 0.0000 0.0000 1.0000
0.707 -1.610 0.450 0.0000 0.0000 1.0000
0.893 -1.610 0.450 0.0000 0.0000 1.0000
1.043 -1.501 0.450 0.0000 0.0000 1.0000
1.100 -1.325 0.450 0.0000 0.0000 1.0000
1.043 -1.149 0.450 0.0000 0.0000 1.0000
0.893 -1.040 0.450 0.0000 0.0000 1.0000
0.707 -1.040 0.450 0.0000 0.0000 1.0000
0.557 -1.149 0.450 0.0000 0.0000 1.0000
0 1 2
0 2 3
4 6 5
4 7 6
8 10 9
8 11 10
12 13 14
12 14 15
16 17 18
16 18 19
20 22 21
20 23 22
24 25 35
24 35 34
25 26 36
25 36 35
26 27 37
26 37 36
27 28 38
27 38 37
28 29 39
28 39 38
29 30 40
29 40 39
30 31 41
30 41 40
31 32 42
31 42 41
32 33 43
32 43 42
33 24 34
33 34 43
44 46 45
44 47 46
44 48 47
44 49 48
44 50 49
44 51 50
44 52 51
44 53 52
44 54 53
44 45 54
55 56 57
55 57 58
55 58 59
55 59 60
55 60 61
55 61 62
55 62 63
55 63 64
55 64 65
55 65 56
LABEL foot_starboard_slat_11_0
MATERIAL 7
TEXTURE 0
GEOM 104 76 ;foot_starboard_slat_11_0
1.114 -1.301 -0.284 0.0744 0.9972 -0.0000
1.128 -1.301 -0.224 0.0744 0.9972 -0.0000
1.138 -1.301 -0.164 0.0744 0.9972 -0.0000
1.145 -1.301 -0.103 0.0744 0.9972 -0.0000
11.821 -2.125 -3.016 0.0744 0.9972 -0.0000
11.966 -2.125 -2.379 0.0744 0.9972 -0.0000
12.076 -2.125 -1.736 0.0744 0.9972 -0.0000
12.151 -2.125 -1.088 0.0744 0.9972 -0.0000
1.114 -1.301 -0.284 -0.0744 -0.9972 0.0000
1.128 -1.301 -0.224 -0.0744 -0.9972 0.0000
1.138 -1.301 -0.164 -0.0744 -0.9972 0.0000
1.145 -1.301 -0.103 -0.0744 -0.9972 0.0000
11.821 -2.125 -3.016 -0.0744 -0.9972 0.0000
11.966 -2.125 -2.379 -0.0744 -0.9972 0.0000
12.076 -2.125 -1.736 -0.0744 -0.9972 0.0000
12.151 -2.125 -1.088 -0.0744 -0.9972 0.0000
1.114 -1.551 -0.284 -0.0744 -0.9972 0.0000
1.128 -1.551 -0.224 -0.0744 -0.9972 0.0000
1.138 -1.551 -0.164 -0.0744 -0.9972 0.0000
1.145 -1.551 -0.103 -0.0744 -0.9972 0.0000
11.821 -2.375 -3.016 -0.0744 -0.9972 0.0000
11.966 -2.375 -2.379 -0.0744 -0.9972 0.0000
12.076 -2.375 -1.736 -0.0744 -0.9972 0.0000
12.151 -2.375 -1.088 -0.0744 -0.9972 0.0000
1.114 -1.551 -0.284 0.0744 0.9972 -0.0000
1.128 -1.551 -0.224 0.0744 0.9972 -0.0000
1.138 -1.551 -0.164 0.0744 0.9972 -0.0000
1.145 -1.551 -0.103 0.0744 0.9972 -0.0000
11.821 -2.375 -3.016 0.0744 0.9972 -0.0000
11.966 -2.375 -2.379 0.0744 0.9972 -0.0000
12.076 -2.375 -1.736 0.0744 0.9972 -0.0000
12.151 -2.375 -1.088 0.0744 0.9972 -0.0000
11.821 -2.375 -3.016 0.9857 0.0000 -0.1687
11.966 -2.375 -2.379 0.9857 0.0000 -0.1687
12.076 -2.375 -1.736 0.9857 0.0000 -0.1687
12.151 -2.375 -1.088 0.9857 0.0000 -0.1687
11.821 -2.125 -3.016 0.9857 0.0000 -0.1687
11.966 -2.125 -2.379 0.9857 0.0000 -0.1687
12.076 -2.125 -1.736 0.9857 0.0000 -0.1687
12.151 -2.125 -1.088 0.9857 0.0000 -0.1687
11.821 -2.375 -3.016 -0.9857 -0.0000 0.1687
11.966 -2.375 -2.379 -0.9857 -0.0000 0.1687
12.076 -2.375 -1.736 -0.9857 -0.0000 0.1687
12.151 -2.375 -1.088 -0.9857 -0.0000 0.1687
11.821 -2.125 -3.016 -0.9857 -0.0000 0.1687
11.966 -2.125 -2.379 -0.9857 -0.0000 0.1687
12.076 -2.125 -1.736 -0.9857 -0.0000 0.1687
12.151 -2.125 -1.088 -0.9857 -0.0000 0.1687
1.114 -1.551 -0.284 -0.9857 -0.0000 0.1687
1.128 -1.551 -0.224 -0.9857 -0.0000 0.1687
1.138 -1.551 -0.164 -0.9857 -0.0000 0.1687
1.145 -1.551 -0.103 -0.9857 -0.0000 0.1687
1.114 -1.301 -0.284 -0.9857 -0.0000 0.1687
1.128 -1.301 -0.224 -0.9857 -0.0000 0.1687
1.138 -1.301 -0.164 -0.9857 -0.0000 0.1687
1.145 -1.301 -0.103 -0.9857 -0.0000 0.1687
1.114 -1.551 -0.284 0.9857 0.0000 -0.1687
1.128 -1.551 -0.224 0.9857 0.0000 -0.1687
1.138 -1.551 -0.164 0.9857 0.0000 -0.1687
1.145 -1.551 -0.103 0.9857 0.0000 -0.1687
1.114 -1.301 -0.284 0.9857 0.0000 -0.1687
1.128 -1.301 -0.224 0.9857 0.0000 -0.1687
1.138 -1.301 -0.164 0.9857 0.0000 -0.1687
1.145 -1.301 -0.103 0.9857 0.0000 -0.1687
11.821 -2.125 -3.016 0.9857 0.0000 -0.1687
11.966 -2.125 -2.379 0.9857 0.0000 -0.1687
12.076 -2.125 -1.736 0.9857 0.0000 -0.1687
12.151 -2.125 -1.088 0.9857 0.0000 -0.1687
11.821 -1.425 -3.016 0.9857 0.0000 -0.1687
11.966 -1.425 -2.379 0.9857 0.0000 -0.1687
12.076 -1.425 -1.736 0.9857 0.0000 -0.1687
12.151 -1.425 -1.088 0.9857 0.0000 -0.1687
11.821 -2.125 -3.016 -0.9857 -0.0000 0.1687
11.966 -2.125 -2.379 -0.9857 -0.0000 0.1687
12.076 -2.125 -1.736 -0.9857 -0.0000 0.1687
12.151 -2.125 -1.088 -0.9857 -0.0000 0.1687
11.821 -1.425 -3.016 -0.9857 -0.0000 0.1687
11.966 -1.425 -2.379 -0.9857 -0.0000 0.1687
12.076 -1.425 -1.736 -0.9857 -0.0000 0.1687
12.151 -1.425 -1.088 -0.9857 -0.0000 0.1687
11.821 -1.425 -3.016 0.0000 1.0000 0.0000
11.966 -1.425 -2.379 0.0000 1.0000 0.0000
12.076 -1.425 -1.736 0.0000 1.0000 0.0000
12.151 -1.425 -1.088 0.0000 1.0000 0.0000
11.482 -1.399 -2.929 0.0000 1.0000 0.0000
11.622 -1.399 -2.311 0.0000 1.0000 0.0000
11.729 -1.399 -1.686 0.0000 1.0000 0.0000
11.803 -1.399 -1.056 0.0000 1.0000 0.0000
11.821 -1.425 -3.016 -0.0000 -1.0000 -0.0000
11.966 -1.425 -2.379 -0.0000 -1.0000 -0.0000
12.076 -1.425 -1.736 -0.0000 -1.0000 -0.0000
12.151 -1.425 -1.088 -0.0000 -1.0000 -0.0000
11.482 -1.399 -2.929 -0.0000 -1.0000 -0.0000
11.622 -1.399 -2.311 -0.0000 -1.0000 -0.0000
11.729 -1.399 -1.686 -0.0000 -1.0000 -0.0000
11.803 -1.399 -1.056 -0.0000 -1.0000 -0.0000
1.114 -1.551 -0.284 0.2472 0.0000 0.9690
11.821 -2.375 -3.016 0.2472 0.0000 0.9690
1.114 -1.301 -0.284 0.2472 0.0000 0.9690
11.821 -2.125 -3.016 0.2472 0.0000 0.9690
1.114 -1.551 -0.284 -0.2472 -0.0000 -0.9690
11.821 -2.375 -3.016 -0.2472 -0.0000 -0.9690
1.114 -1.301 -0.284 -0.2472 -0.0000 -0.9690
11.821 -2.125 -3.016 -0.2472 -0.0000 -0.9690
0 1 5
0 5 4
8 13 9
8 12 13
1 2 6
1 6 5
9 14 10
9 13 14
2 3 7
2 7 6
10 15 11
10 14 15
16 21 17
16 20 21
24 25 29
24 29 28
17 22 18
17 21 22
25 26 30
25 30 29
18 23 19
18 22 23
26 27 31
26 31 30
32 37 33
32 36 37
40 41 45
40 45 44
33 38 34
33 37 38
41 42 46
41 46 45
34 39 35
34 38 39
42 43 47
42 47 46
48 49 53
48 53 52
56 61 57
56 60 61
49 50 54
49 54 53
57 62 58
57 61 62
50 51 55
50 55 54
58 63 59
58 62 63
64 69 65
64 68 69
72 73 77
72 77 76
65 70 66
65 69 70
73 74 78
73 78 77
66 71 67
66 70 71
74 75 79
74 79 78
80 85 81
80 84 85
88 89 93
88 93 92
81 86 82
81 85 86
89 90 94
89 94 93
82 87 83
82 86 87
90 91 95
90 95 94
96 97 99
96 99 98
100 103 101
100 102 103
LABEL foot_starboard_slat_11_1
MATERIAL 7
TEXTURE 0
GEOM 96 72 ;foot_starboard_slat_11_1
1.146 -1.301 -0.098 0.0744 0.9972 -0.0000
1.150 -1.301 -0.033 0.0744 0.9972 -0.0000
1.150 -1.301 0.033 0.0744 0.9972 -0.0000
1.146 -1.301 0.098 0.0744 0.9972 -0.0000
12.156 -2.125 -1.039 0.0744 0.9972 -0.0000
12.195 -2.125 -0.347 0.0744 0.9972 -0.0000
12.195 -2.125 0.347 0.0744 0.9972 -0.0000
12.156 -2.125 1.039 0.0744 0.9972 -0.0000
1.146 -1.301 -0.098 -0.0744 -0.9972 0.0000
1.150 -1.301 -0.033 -0.0744 -0.9972 0.0000
1.150 -1.301 0.033 -0.0744 -0.9972 0.0000
1.146 -1.301 0.098 -0.0744 -0.9972 0.0000
12.156 -2.125 -1.039 -0.0744 -0.9972 0.0000
12.195 -2.125 -0.347 -0.0744 -0.9972 0.0000
12.195 -2.125 0.347 -0.0744 -0.9972 0.0000
12.156 -2.125 1.039 -0.0744 -0.9972 0.0000
1.146 -1.551 -0.098 -0.0744 -0.9972 0.0000
1.150 -1.551 -0.033 -0.0744 -0.9972 0.0000
1.150 -1.551 0.033 -0.0744 -0.9972 0.0000
1.146 -1.551 0.098 -0.0744 -0.9972 0.0000
12.156 -2.375 -1.039 -0.0744 -0.9972 0.0000
12.195 -2.375 -0.347 -0.0744 -0.9972 0.0000
12.195 -2.375 0.347 -0.0744 -0.9972 0.0000
12.156 -2.375 1.039 -0.0744 -0.9972 0.0000
1.146 -1.551 -0.098 0.0744 0.9972 -0.0000
1.150 -1.551 -0.033 0.0744 0.9972 -0.0000
1.150 -1.551 0.033 0.0744 0.9972 -0.0000
1.146 -1.551 0.098 0.0744 0.9972 -0.0000
12.156 -2.375 -1.039 0.0744 0.9972 -0.0000
12.195 -2.375 -0.347 0.0744 0.9972 -0.0000
12.195 -2.375 0.347 0.0744 0.9972 -0.0000
12.156 -2.375 1.039 0.0744 0.9972 -0.0000
12.156 -2.375 -1.039 1.0000 0.0000 -0.0000
12.195 -2.375 -0.347 1.0000 0.0000 -0.0000
12.195 -2.375 0.347 1.0000 0.0000 -0.0000
12.156 -2.375 1.039 1.0000 0.0000 -0.0000
12.156 -2.125 -1.039 1.0000 0.0000 -0.0000
12.195 -2.125 -0.347 1.0000 0.0000 -0.0000
12.195 -2.125 0.347 1.0000 0.0000 -0.0000
12.156 -2.125 1.039 1.0000 0.0000 -0.0000
12.156 -2.375 -1.039 -1.0000 -0.0000 0.0000
12.195 -2.375 -0.347 -1.0000 -0.0000 0.0000
12.195 -2.375 0.347 -1.0000 -0.0000 0.0000
12.156 -2.375 1.039 -1.0000 -0.0000 0.0000
12.156 -2.125 -1.039 -1.0000 -0.0000 0.0000
12.195 -2.125 -0.347 -1.0000 -0.0000 0.0000
12.195 -2.125 0.347 -1.0000 -0.0000 0.0000
12.156 -2.125 1.039 -1.0000 -0.0000 0.0000
1.146 -1.551 -0.098 -1.0000 -0.0000 0.0000
1.150 -1.551 -0.033 -1.0000 -0.0000 0.0000
1.150 -1.551 0.033 -1.0000 -0.0000 0.0000
1.146 -1.551 0.098 -1.0000 -0.0000 0.0000
1.146 -1.301 -0.098 -1.0000 -0.0000 0.0000
1.150 -1.301 -0.033 -1.0000 -0.0000 0.0000
1.150 -1.301 0.033 -1.0000 -0.0000 0.0000
1.146 -1.301 0.098 -1.0000 -0.0000 0.0000
1.146 -1.551 -0.098 1.0000 0.0000 -0.0000
1.150 -1.551 -0.033 1.0000 0.0000 -0.0000
1.150 -1.551 0.033 1.0000 0.0000 -0.0000
1.146 -1.551 0.098 1.0000 0.0000 -0.0000
1.146 -1.301 -0.098 1.0000 0.0000 -0.0000
1.150 -1.301 -0.033 1.0000 0.0000 -0.0000
1.150 -1.301 0.033 1.0000 0.0000 -0.0000
1.146 -1.301 0.098 1.0000 0.0000 -0.0000
12.156 -2.125 -1.039 1.0000 0.0000 -0.0000
12.195 -2.125 -0.347 1.0000 0.0000 -0.0000
12.195 -2.125 0.347 1.0000 0.0000 -0.0000
12.156 -2.125 1.039 1.0000 0.0000 -0.0000
12.156 -1.425 -1.039 1.0000 0.0000 -0.0000
12.195 -1.425 -0.347 1.0000 0.0000 -0.0000
12.195 -1.425 0.347 1.0000 0.0000 -0.0000
12.156 -1.425 1.039 1.0000 0.0000 -0.0000
12.156 -2.125 -1.039 -1.0000 -0.0000 0.0000
12.195 -2.125 -0.347 -1.0000 -0.0000 0.0000
12.195 -2.125 0.347 -1.0000 -0.0000 0.0000
12.156 -2.125 1.039 -1.0000 -0.0000 0.0000
12.156 -1.425 -1.039 -1.0000 -0.0000 0.0000
12.195 -1.425 -0.347 -1.0000 -0.0000 0.0000
12.195 -1.425 0.347 -1.0000 -0.0000 0.0000
12.156 -1.425 1.039 -1.0000 -0.0000 0.0000
12.156 -1.425 -1.039 0.0000 1.0000 0.0000
12.195 -1.425 -0.347 0.0000 1.0000 0.0000
12.195 -1.425 0.347 0.0000 1.0000 0.0000
12.156 -1.425 1.039 0.0000 1.0000 0.0000
11.807 -1.399 -1.009 0.0000 1.0000 0.0000
11.845 -1.399 -0.337 0.0000 1.0000 0.0000
11.845 -1.399 0.337 0.0000 1.0000 0.0000
11.807 -1.399 1.009 0.0000 1.0000 0.0000
12.156 -1.425 -1.039 -0.0000 -1.0000 -0.0000
12.195 -1.425 -0.347 -0.0000 -1.0000 -0.0000
12.195 -1.425 0.347 -0.0000 -1.0000 -0.0000
12.156 -1.425 1.039 -0.0000 -1.0000 -0.0000
11.807 -1.399 -1.009 -0.0000 -1.0000 -0.0000
11.845 -1.399 -0.337 -0.0000 -1.0000 -0.0000
11.845 -1.399 0.337 -0.0000 -1.0000 -0.0000
11.807 -1.399 1.009 -0.0000 -1.0000 -0.0000
0 1 5
0 5 4
8 13 9
8 12 13
1 2 6
1 6 5
9 14 10
9 13 14
2 3 7
2 7 6
10 15 11
10 14 15
16 21 17
16 20 21
24 25 29
24 29 28
17 22 18
17 21 22
25 26 30
25 30 29
18 23 19
18 22 23
26 27 31
26 31 30
32 37 33
32 36 37
40 41 45
40 45 44
33 38 34
33 37 38
41 42 46
41 46 45
34 39 35
34 38 39
42 43 47
42 47 46
48 49 53
48 53 52
56 61 57
56 60 61
49 50 54
49 54 53
57 62 58
57 61 62
50 51 55
50 55 54
58 63 59
58 62 63
64 69 65
64 68 69
72 73 77
72 77 76
65 70 66
65 69 70
73 74 78
73 78 77
66 71 67
66 70 71
74 75 79
74 79 78
80 85 81
80 84 85
88 89 93
88 93 92
81 86 82
81 85 86
89 90 94
89 94 93
82 87 83
82 86 87
90 91 95
90 95 94
LABEL foot_starboard_slat_11_2
MATERIAL 7
TEXTURE 0
GEOM 104 76 ;foot_starboard_slat_11_2
1.145 -1.301 0.103 0.0744 0.9972 -0.0000
1.138 -1.301 0.164 0.0744 0.9972 -0.0000
1.128 -1.301 0.224 0.0744 0.9972 -0.0000
1.114 -1.301 0.284 0.0744 0.9972 -0.0000
12.151 -2.125 1.088 0.0744 0.9972 -0.0000
12.076 -2.125 1.736 0.0744 0.9972 -0.0000
11.966 -2.125 2.379 0.0744 0.9972 -0.0000
11.821 -2.125 3.016 0.0744 0.9972 -0.0000
1.145 -1.301 0.103 -0.0744 -0.9972 0.0000
1.138 -1.301 0.164 -0.0744 -0.9972 0.0000
1.128 -1.301 0.224 -0.0744 -0.9972 0.0000
1.114 -1.301 0.284 -0.0744 -0.9972 0.0000
12.151 -2.125 1.088 -0.0744 -0.9972 0.0000
12.076 -2.125 1.736 -0.0744 -0.9972 0.0000
11.966 -2.125 2.379 -0.0744 -0.9972 0.0000
11.821 -2.125 3.016 -0.0744 -0.9972 0.0000
1.145 -1.551 0.103 -0.0744 -0.9972 0.0000
1.138 -1.551 0.164 -0.0744 -0.9972 0.0000
1.128 -1.551 0.224 -0.0744 -0.9972 0.0000
1.114 -1.551 0.284 -0.0744 -0.9972 0.0000
12.151 -2.375 1.088 -0.0744 -0.9972 0.0000
12.076 -2.375 1.736 -0.0744 -0.9972 0.0000
11.966 -2.375 2.379 -0.0744 -0.9972 0.0000
11.821 -2.375 3.016 -0.0744 -0.9972 0.0000
1.145 -1.551 0.103 0.0744 0.9972 -0.0000
1.138 -1.551 0.164 0.0744 0.9972 -0.0000
1.128 -1.551 0.224 0.0744 0.9972 -0.0000
1.114 -1.551 0.284 0.0744 0.9972 -0.0000
12.151 -2.375 1.088 0.0744 0.9972 -0.0000
12.076 -2.375 1.736 0.0744 0.9972 -0.0000
11.966 -2.375 2.379 0.0744 0.9972 -0.0000
11.821 -2.375 3.016 0.0744 0.9972 -0.0000
12.151 -2.375 1.088 0.9857 0.0000 0.1687
12.076 -2.375 1.736 0.9857 0.0000 0.1687
11.966 -2.375 2.379 0.9857 0.0000 0.1687
11.821 -2.375 3.016 0.9857 0.0000 0.1687
12.151 -2.125 1.088 0.9857 0.0000 0.1687
12.076 -2.125 1.736 0.9857 0.0000 0.1687
11.966 -2.125 2.379 0.9857 0.0000 0.1687
11.821 -2.125 3.016 0.9857 0.0000 0.1687
12.151 -2.375 1.088 -0.9857 -0.0000 -0.1687
12.076 -2.375 1.736 -0.9857 -0.0000 -0.1687
11.966 -2.375 2.379 -0.9857 -0.0000 -0.1687
11.821 -2.375 3.016 -0.9857 -0.0000 -0.1687
12.151 -2.125 1.088 -0.9857 -0.0000 -0.1687
12.076 -2.125 1.736 -0.9857 -0.0000 -0.1687
11.966 -2.125 2.379 -0.9857 -0.0000 -0.1687
11.821 -2.125 3.016 -0.9857 -0.0000 -0.1687
1.145 -1.551 0.103 -0.9857 -0.0000 -0.1687
1.138 -1.551 0.164 -0.9857 -0.0000 -0.1687
1.128 -1.551 0.224 -0.9857 -0.0000 -0.1687
1.114 -1.551 0.284 -0.9857 -0.0000 -0.1687
1.145 -1.301 0.103 -0.9857 -0.0000 -0.1687
1.138 -1.301 0.164 -0.9857 -0.0000 -0.1687
1.128 -1.301 0.224 -0.9857 -0.0000 -0.1687
1.114 -1.301 0.284 -0.9857 -0.0000 -0.1687
1.145 -1.551 0.103 0.9857 0.0000 0.1687
1.138 -1.551 0.164 0.9857 0.0000 0.1687
1.128 -1.551 0.224 0.9857 0.0000 0.1687
1.114 -1.551 0.284 0.9857 0.0000 0.1687
1.145 -1.301 0.103 0.9857 0.0000 0.1687
1.138 -1.301 0.164 0.9857 0.0000 0.1687
1.128 -1.301 0.224 0.9857 0.0000 0.1687
1.114 -1.301 0.284 0.9857 0.0000 0.1687
12.151 -2.125 1.088 0.9857 0.0000 0.1687
12.076 -2.125 1.736 0.9857 0.0000 0.1687
11.966 -2.125 2.379 0.9857 0.0000 0.1687
11.821 -2.125 3.016 0.9857 0.0000 0.1687
12.151 -1.425 1.088 0.9857 0.0000 0.1687
12.076 -1.425 1.736 0.9857 0.0000 0.1687
11.966 -1.425 2.379 0.9857 0.0000 0.1687
11.821 -1.425 3.016 0.9857 0.0000 0.1687
12.151 -2.125 1.088 -0.9857 -0.0000 -0.1687
12.076 -2.125 1.736 -0.9857 -0.0000 -0.1687
11.966 -2.125 2.379 -0.9857 -0.0000 -0.1687
11.821 -2.125 3.016 -0.9857 -0.0000 -0.1687
12.151 -1.425 1.088 -0.9857 -0.0000 -0.1687
12.076 -1.425 1.736 -0.9857 -0.0000 -0.1687
11.966 -1.425 2.379 -0.9857 -0.0000 -0.1687
11.821 -1.425 3.016 -0.9857 -0.0000 -0.1687
12.151 -1.425 1.088 0.0000 1.0000 0.0000
12.076 -1.425 1.736 0.0000 1.0000 0.0000
11.966 -1.425 2.379 0.0000 1.0000 0.0000
11.821 -1.425 3.016 0.0000 1.0000 0.0000
11.803 -1.399 1.056 0.0000 1.0000 0.0000
11.729 -1.399 1.686 0.0000 1.0000 0.0000
11.622 -1.399 2.311 0.0000 1.0000 0.0000
11.482 -1.399 2.929 0.0000 1.0000 0.0000
12.151 -1.425 1.088 -0.0000 -1.0000 -0.0000
12.076 -1.425 1.736 -0.0000 -1.0000 -0.0000
11.966 -1.425 2.379 -0.0000 -1.0000 -0.0000
11.821 -1.425 3.016 -0.0000 -1.0000 -0.0000
11.803 -1.399 1.056 -0.0000 -1.0000 -0.0000
11.729 -1.399 1.686 -0.0000 -1.0000 -0.0000
11.622 -1.399 2.311 -0.0000 -1.0000 -0.0000
11.482 -1.399 2.929 -0.0000 -1.0000 -0.0000
1.114 -1.551 0.284 -0.2472 0.0000 0.9690
11.821 -2.375 3.016 -0.2472 0.0000 0.9690
1.114 -1.301 0.284 -0.2472 0.0000 0.9690
11.821 -2.125 3.016 -0.2472 0.0000 0.9690
1.114 -1.551 0.284 0.2472 -0.0000 -0.9690
11.821 -2.375 3.016 0.2472 -0.0000 -0.9690
1.114 -1.301 0.284 0.2472 -0.0000 -0.9690
11.821 -2.125 3.016 0.2472 -0.0000 -0.9690
0 1 5
0 5 4
8 13 9
8 12 13
1 2 6
1 6 5
9 14 10
9 13 14
2 3 7
2 7 6
10 15 11
10 14 15
16 21 17
16 20 21
24 25 29
24 29 28
17 22 18
17 21 22
25 26 30
25 30 29
18 23 19
18 22 23
26 27 31
26 31 30
32 37 33
32 36 37
40 41 45
40 45 44
33 38 34
33 37 38
41 42 46
41 46 45
34 39 35
34 38 39
42 43 47
42 47 46
48 49 53
48 53 52
56 61 57
56 60 61
49 50 54
49 54 53
57 62 58
57 61 62
50 51 55
50 55 54
58 63 59
58 62 63
64 69 65
64 68 69
72 73 77
72 77 76
65 70 66
65 69 70
73 74 78
73 78 77
66 71 67
66 70 71
74 75 79
74 79 78
80 85 81
80 84 85
88 89 93
88 93 92
81 86 82
81 85 86
89 90 94
89 94 93
82 87 83
82 86 87
90 91 95
90 95 94
96 97 99
96 99 98
100 103 101
100 102 103
LABEL foot_starboard_strut_11
MATERIAL 9
TEXTURE 0
GEOM 50 48 ;foot_starboard_strut_11
1.250 2.125 0.650 0.0000 -0.0000 1.0000
1.097 1.838 0.563 -0.2358 -0.4409 0.8660
0.985 1.629 0.325 -0.4085 -0.7637 0.5000
0.943 1.552 -0.000 -0.4716 -0.8818 0.0000
0.985 1.629 -0.325 -0.4085 -0.7637 -0.5000
1.097 1.838 -0.563 -0.2358 -0.4409 -0.8660
1.250 2.125 -0.650 -0.0000 -0.0000 -1.0000
1.403 2.412 -0.563 0.2358 0.4409 -0.8660
1.515 2.621 -0.325 0.4085 0.7637 -0.5000
1.557 2.698 -0.000 0.4716 0.8818 -0.0000
1.515 2.621 0.325 0.4085 0.7637 0.5000
1.403 2.412 0.563 0.2358 0.4409 0.8660
5.054 0.090 0.650 0.0000 -0.0000 1.0000
4.901 -0.196 0.563 -0.2358 -0.4409 0.8660
4.788 -0.406 0.325 -0.4085 -0.7637 0.5000
4.747 -0.483 -0.000 -0.4716 -0.8818 0.0000
4.788 -0.406 -0.325 -0.4085 -0.7637 -0.5000
4.901 -0.196 -0.563 -0.2358 -0.4409 -0.8660
5.054 0.090 -0.650 -0.0000 -0.0000 -1.0000
5.207 0.377 -0.563 0.2358 0.4409 -0.8660
5.319 0.587 -0.325 0.4085 0.7637 -0.5000
5.360 0.664 -0.000 0.4716 0.8818 -0.0000
5.319 0.587 0.325 0.4085 0.7637 0.5000
5.207 0.377 0.563 0.2358 0.4409 0.8660
1.250 2.125 -0.000 -0.8818 0.4716 0.0000
1.250 2.125 0.650 -0.8818 0.4716 0.0000
1.097 1.838 0.563 -0.8818 0.4716 0.0000
0.985 1.629 0.325 -0.8818 0.4716 0.0000
0.943 1.552 -0.000 -0.8818 0.4716 0.0000
0.985 1.629 -0.325 -0.8818 0.4716 0.0000
1.097 1.838 -0.563 -0.8818 0.4716 0.0000
1.250 2.125 -0.650 -0.8818 0.4716 0.0000
1.403 2.412 -0.563 -0.8818 0.4716 0.0000
1.515 2.621 -0.325 -0.8818 0.4716 0.0000
1.557 2.698 -0.000 -0.8818 0.4716 0.0000
1.515 2.621 0.325 -0.8818 0.4716 0.0000
1.403 2.412 0.563 -0.8818 0.4716 0.0000
5.054 0.090 -0.000 0.8818 -0.4716 -0.0000
5.054 0.090 0.650 0.8818 -0.4716 -0.0000
4.901 -0.196 0.563 0.8818 -0.4716 -0.0000
4.788 -0.406 0.325 0.8818 -0.4716 -0.0000
4.747 -0.483 -0.000 0.8818 -0.4716 -0.0000
4.788 -0.406 -0.325 0.8818 -0.4716 -0.0000
4.901 -0.196 -0.563 0.8818 -0.4716 -0.0000
5.054 0.090 -0.650 0.8818 -0.4716 -0.0000
5.207 0.377 -0.563 0.8818 -0.4716 -0.0000
5.319 0.587 -0.325 0.8818 -0.4716 -0.0000
5.360 0.664 -0.000 0.8818 -0.4716 -0.0000
5.319 0.587 0.325 0.8818 -0.4716 -0.0000
5.207 0.377 0.563 0.8818 -0.4716 -0.0000
0 1 13
0 13 12
1 2 14
1 14 13
2 3 15
2 15 14
3 4 16
3 16 15
4 5 17
4 17 16
5 6 18
5 18 17
6 7 19
6 19 18
7 8 20
7 20 19
8 9 21
8 21 20
9 10 22
9 22 21
10 11 23
10 23 22
11 0 12
11 12 23
24 26 25
24 27 26
24 28 27
24 29 28
24 30 29
24 31 30
24 32 31
24 33 32
24 34 33
24 35 34
24 36 35
24 25 36
37 38 39
37 39 40
37 40 41
37 41 42
37 42 43
37 43 44
37 44 45
37 45 46
37 46 47
37 47 48
37 48 49
37 49 38
LABEL foot_starboard_rod_11
MATERIAL 7
TEXTURE 0
GEOM 42 40 ;foot_starboard_rod_11
4.525 0.373 0.300 0.0000 -0.0000 1.0000
4.442 0.218 0.243 -0.2772 -0.5183 0.8090
4.390 0.122 0.093 -0.4486 -0.8386 0.3090
4.390 0.122 -0.093 -0.4486 -0.8386 -0.3090
4.442 0.218 -0.243 -0.2772 -0.5183 -0.8090
4.525 0.373 -0.300 -0.0000 -0.0000 -1.0000
4.608 0.529 -0.243 0.2772 0.5183 -0.8090
4.659 0.625 -0.093 0.4486 0.8386 -0.3090
4.659 0.625 0.093 0.4486 0.8386 0.3090
4.608 0.529 0.243 0.2772 0.5183 0.8090
8.166 -1.574 0.300 0.0000 -0.0000 1.0000
8.083 -1.730 0.243 -0.2772 -0.5183 0.8090
8.032 -1.826 0.093 -0.4486 -0.8386 0.3090
8.032 -1.826 -0.093 -0.4486 -0.8386 -0.3090
8.083 -1.730 -0.243 -0.2772 -0.5183 -0.8090
8.166 -1.574 -0.300 -0.0000 -0.0000 -1.0000
8.249 -1.419 -0.243 0.2772 0.5183 -0.8090
8.301 -1.323 -0.093 0.4486 0.8386 -0.3090
8.301 -1.323 0.093 0.4486 0.8386 0.3090
8.249 -1.419 0.243 0.2772 0.5183 0.8090
4.525 0.373 -0.000 -0.8818 0.4716 0.0000
4.525 0.373 0.300 -0.8818 0.4716 0.0000
4.442 0.218 0.243 -0.8818 0.4716 0.0000
4.390 0.122 0.093 -0.8818 0.4716 0.0000
4.390 0.122 -0.093 -0.8818 0.4716 0.0000
4.442 0.218 -0.243 -0.8818 0.4716 0.0000
4.525 0.373 -0.300 -0.8818 0.4716 0.0000
4.608 0.529 -0.243 -0.8818 0.4716 0.0000
4.659 0.625 -0.093 -0.8818 0.4716 0.0000
4.659 0.625 0.093 -0.8818 0.4716 0.0000
4.608 0.529 0.243 -0.8818 0.4716 0.0000
8.166 -1.574 -0.000 0.8818 -0.4716 -0.0000
8.166 -1.574 0.300 0.8818 -0.4716 -0.0000
8.083 -1.730 0.243 0.8818 -0.4716 -0.0000
8.032 -1.826 0.093 0.8818 -0.4716 -0.0000
8.032 -1.826 -0.093 0.8818 -0.4716 -0.0000
8.083 -1.730 -0.243 0.8818 -0.4716 -0.0000
8.166 -1.574 -0.300 0.8818 -0.4716 -0.0000
8.249 -1.419 -0.243 0.8818 -0.4716 -0.0000
8.301 -1.323 -0.093 0.8818 -0.4716 -0.0000
8.301 -1.323 0.093 0.8818 -0.4716 -0.0000
8.249 -1.419 0.243 0.8818 -0.4716 -0.0000
0 1 11
0 11 10
1 2 12
1 12 11
2 3 13
2 13 12
3 4 14
3 14 13
4 5 15
4 15 14
5 6 16
5 16 15
6 7 17
6 17 16
7 8 18
7 18 17
8 9 19
8 19 18
9 0 10
9 10 19
20 22 21
20 23 22
20 24 23
20 25 24
20 26 25
20 27 26
20 28 27
20 29 28
20 30 29
20 21 30
31 32 33
31 33 34
31 34 35
31 35 36
31 36 37
31 37 38
31 38 39
31 39 40
31 40 41
31 41 32
LABEL foot_starboard_skirt_11_0
MATERIAL 7
TEXTURE 0
GEOM 16 12 ;foot_starboard_skirt_11_0
11.821 -3.275 -3.016 0.9857 0.0000 -0.1687
11.966 -3.275 -2.379 0.9857 0.0000 -0.1687
12.076 -3.275 -1.736 0.9857 0.0000 -0.1687
12.151 -3.275 -1.088 0.9857 0.0000 -0.1687
11.821 -2.375 -3.016 0.9857 0.0000 -0.1687
11.966 -2.375 -2.379 0.9857 0.0000 -0.1687
12.076 -2.375 -1.736 0.9857 0.0000 -0.1687
12.151 -2.375 -1.088 0.9857 0.0000 -0.1687
11.821 -3.275 -3.016 -0.9857 -0.0000 0.1687
11.966 -3.275 -2.379 -0.9857 -0.0000 0.1687
12.076 -3.275 -1.736 -0.9857 -0.0000 0.1687
12.151 -3.275 -1.088 -0.9857 -0.0000 0.1687
11.821 -2.375 -3.016 -0.9857 -0.0000 0.1687
11.966 -2.375 -2.379 -0.9857 -0.0000 0.1687
12.076 -2.375 -1.736 -0.9857 -0.0000 0.1687
12.151 -2.375 -1.088 -0.9857 -0.0000 0.1687
0 5 1
0 4 5
8 9 13
8 13 12
1 6 2
1 5 6
9 10 14
9 14 13
2 7 3
2 6 7
10 11 15
10 15 14
LABEL foot_starboard_skirt_11_1
MATERIAL 7
TEXTURE 0
GEOM 16 12 ;foot_starboard_skirt_11_1
12.156 -3.275 -1.039 1.0000 0.0000 -0.0000
12.195 -3.275 -0.347 1.0000 0.0000 -0.0000
12.195 -3.275 0.347 1.0000 0.0000 -0.0000
12.156 -3.275 1.039 1.0000 0.0000 -0.0000
12.156 -2.375 -1.039 1.0000 0.0000 -0.0000
12.195 -2.375 -0.347 1.0000 0.0000 -0.0000
12.195 -2.375 0.347 1.0000 0.0000 -0.0000
12.156 -2.375 1.039 1.0000 0.0000 -0.0000
12.156 -3.275 -1.039 -1.0000 -0.0000 0.0000
12.195 -3.275 -0.347 -1.0000 -0.0000 0.0000
12.195 -3.275 0.347 -1.0000 -0.0000 0.0000
12.156 -3.275 1.039 -1.0000 -0.0000 0.0000
12.156 -2.375 -1.039 -1.0000 -0.0000 0.0000
12.195 -2.375 -0.347 -1.0000 -0.0000 0.0000
12.195 -2.375 0.347 -1.0000 -0.0000 0.0000
12.156 -2.375 1.039 -1.0000 -0.0000 0.0000
0 5 1
0 4 5
8 9 13
8 13 12
1 6 2
1 5 6
9 10 14
9 14 13
2 7 3
2 6 7
10 11 15
10 15 14
LABEL foot_starboard_skirt_11_2
MATERIAL 7
TEXTURE 0
GEOM 16 12 ;foot_starboard_skirt_11_2
12.151 -3.275 1.088 0.9857 0.0000 0.1687
12.076 -3.275 1.736 0.9857 0.0000 0.1687
11.966 -3.275 2.379 0.9857 0.0000 0.1687
11.821 -3.275 3.016 0.9857 0.0000 0.1687
12.151 -2.375 1.088 0.9857 0.0000 0.1687
12.076 -2.375 1.736 0.9857 0.0000 0.1687
11.966 -2.375 2.379 0.9857 0.0000 0.1687
11.821 -2.375 3.016 0.9857 0.0000 0.1687
12.151 -3.275 1.088 -0.9857 -0.0000 -0.1687
12.076 -3.275 1.736 -0.9857 -0.0000 -0.1687
11.966 -3.275 2.379 -0.9857 -0.0000 -0.1687
11.821 -3.275 3.016 -0.9857 -0.0000 -0.1687
12.151 -2.375 1.088 -0.9857 -0.0000 -0.1687
12.076 -2.375 1.736 -0.9857 -0.0000 -0.1687
11.966 -2.375 2.379 -0.9857 -0.0000 -0.1687
11.821 -2.375 3.016 -0.9857 -0.0000 -0.1687
0 5 1
0 4 5
8 9 13
8 13 12
1 6 2
1 5 6
9 10 14
9 14 13
2 7 3
2 6 7
10 11 15
10 15 14
MATERIALS 82
hull_lacquer
nose_iridium
crest_radiator
structure
boron_nitride
engine_metal
mechanism
dark
band
planetary_cup
rover
shuttle
trap_shell
canopy
br_vault
br_floor
br_panel
br_panel_face
br_tub
br_holo
br_screen
br_glow
br_display
br_green
br_red
br_amber
br_seat
br_cushion
br_bezel
br_rib
br_lamp
br_cove
br_vault_lit
br_floor_lit
br_belt
in_floor
in_wall
in_ceiling
in_light
in_furn
in_seat
in_metal
in_wet
in_screen
in_trim
in_green
in_amber
in_red
in_guide
in_btn_dim
in_wall_w
in_floor_w
in_ceil_w
in_metal_w
in_trim_w
in_guide_w
in_fx
in_downlight
in_cove
lift_glass
in_wip
in_btn_cap
in_cablight
in_glass
in_wall_r
in_floor_r
in_ceil_r
in_metal_r
in_dutyred
in_door
in_wall_d
in_floor_d
in_ceil_d
in_metal_d
br_malachite
br_cur_ball
br_cur_lit
br_spot
br_cover
br_glass_disp
br_hud_glass
belly_carbide
MATERIAL hull_lacquer
0.800 0.790 0.760 1.00
0.800 0.790 0.760 1.00
0.300 0.300 0.300 1 20
0.000 0.000 0.000 1
MATERIAL nose_iridium
0.720 0.480 0.180 1.00
0.720 0.480 0.180 1.00
0.950 0.850 0.600 1 80
0.000 0.000 0.000 1
MATERIAL crest_radiator
0.130 0.130 0.140 1.00
0.130 0.130 0.140 1.00
0.150 0.150 0.150 1 10
0.000 0.000 0.000 1
MATERIAL structure
0.260 0.270 0.290 1.00
0.260 0.270 0.290 1.00
0.200 0.200 0.200 1 15
0.000 0.000 0.000 1
MATERIAL boron_nitride
0.620 0.580 0.920 1.00
0.620 0.580 0.920 1.00
0.600 0.600 0.700 1 40
0.080 0.060 0.200 1
MATERIAL engine_metal
0.220 0.220 0.240 1.00
0.220 0.220 0.240 1.00
0.500 0.500 0.500 1 40
0.000 0.000 0.000 1
MATERIAL mechanism
0.540 0.560 0.600 1.00
0.540 0.560 0.600 1.00
0.700 0.700 0.720 1 50
0.000 0.000 0.000 1
MATERIAL dark
0.070 0.070 0.090 1.00
0.070 0.070 0.090 1.00
0.050 0.050 0.050 1 5
0.000 0.000 0.000 1
MATERIAL band
0.300 0.310 0.330 1.00
0.300 0.310 0.330 1.00
0.500 0.550 0.650 1 40
0.000 0.000 0.000 1
MATERIAL planetary_cup
0.600 0.700 0.850 1.00
0.600 0.700 0.850 1.00
0.700 0.700 0.800 1 50
0.030 0.060 0.100 1
MATERIAL rover
0.550 0.480 0.320 1.00
0.550 0.480 0.320 1.00
0.300 0.300 0.300 1 20
0.000 0.000 0.000 1
MATERIAL shuttle
0.850 0.840 0.810 1.00
0.850 0.840 0.810 1.00
0.400 0.400 0.400 1 30
0.000 0.000 0.000 1
MATERIAL trap_shell
0.440 0.470 0.560 1.00
0.440 0.470 0.560 1.00
0.450 0.450 0.500 1 30
0.000 0.000 0.000 1
MATERIAL canopy
0.360 0.370 0.400 1.00
0.360 0.370 0.400 1.00
0.550 0.550 0.600 1 35
0.000 0.000 0.000 1
MATERIAL br_vault
0.150 0.160 0.180 1.00
0.150 0.160 0.180 1.00
0.060 0.060 0.070 1 8
0.026 0.030 0.038 1
MATERIAL br_floor
0.550 0.580 0.620 1.00
0.550 0.580 0.620 1.00
0.350 0.360 0.400 1 40
0.160 0.180 0.210 1
MATERIAL br_panel
0.170 0.180 0.200 1.00
0.170 0.180 0.200 1.00
0.200 0.210 0.240 1 20
0.028 0.032 0.040 1
MATERIAL br_panel_face
0.240 0.250 0.280 1.00
0.240 0.250 0.280 1.00
0.300 0.320 0.360 1 30
0.042 0.047 0.056 1
MATERIAL br_tub
0.300 0.310 0.340 1.00
0.300 0.310 0.340 1.00
0.250 0.260 0.300 1 25
0.050 0.055 0.066 1
MATERIAL br_holo
0.050 0.200 0.260 1.00
0.050 0.200 0.260 1.00
0.000 0.000 0.000 1 1
0.060 0.260 0.340 1
MATERIAL br_screen
0.020 0.030 0.060 1.00
0.020 0.030 0.060 1.00
0.300 0.300 0.400 1 40
0.030 0.050 0.100 1
MATERIAL br_glow
0.400 0.900 1.000 1.00
0.400 0.900 1.000 1.00
0.000 0.000 0.000 1 1
0.300 0.700 0.900 1
MATERIAL br_display
1.000 1.000 1.000 1.00
1.000 1.000 1.000 1.00
0.000 0.000 0.000 1 1
1.000 1.000 1.000 1
MATERIAL br_green
0.300 1.000 0.500 1.00
0.300 1.000 0.500 1.00
0.000 0.000 0.000 1 1
0.200 0.900 0.400 1
MATERIAL br_red
0.900 0.200 0.150 1.00
0.900 0.200 0.150 1.00
0.300 0.100 0.100 1 20
0.500 0.080 0.050 1
MATERIAL br_amber
1.000 0.800 0.300 1.00
1.000 0.800 0.300 1.00
0.000 0.000 0.000 1 1
0.700 0.500 0.100 1
MATERIAL br_seat
0.200 0.210 0.230 1.00
0.200 0.210 0.230 1.00
0.300 0.300 0.350 1 30
0.024 0.026 0.030 1
MATERIAL br_cushion
0.210 0.240 0.290 1.00
0.210 0.240 0.290 1.00
0.100 0.100 0.120 1 10
0.028 0.032 0.040 1
MATERIAL br_bezel
0.620 0.640 0.680 1.00
0.620 0.640 0.680 1.00
0.400 0.410 0.450 1 40
0.075 0.080 0.090 1
MATERIAL br_rib
0.220 0.230 0.260 1.00
0.220 0.230 0.260 1.00
0.300 0.310 0.350 1 30
0.034 0.038 0.046 1
MATERIAL br_lamp
0.800 0.880 1.000 1.00
0.800 0.880 1.000 1.00
0.000 0.000 0.000 1 1
0.620 0.700 0.800 1
MATERIAL br_cove
0.300 0.550 0.800 1.00
0.300 0.550 0.800 1.00
0.000 0.000 0.000 1 1
0.160 0.300 0.460 1
MATERIAL br_vault_lit
0.060 0.060 0.070 1.00
0.060 0.060 0.070 1.00
0.040 0.040 0.050 1 8
1.000 1.000 1.000 1
MATERIAL br_floor_lit
0.080 0.080 0.090 1.00
0.080 0.080 0.090 1.00
0.100 0.100 0.120 1 20
1.000 1.000 1.000 1
MATERIAL br_belt
0.880 0.560 0.160 1.00
0.880 0.560 0.160 1.00
0.100 0.100 0.100 1 10
0.000 0.000 0.000 1
MATERIAL in_floor
0.500 0.500 0.500 1.00
0.500 0.500 0.500 1.00
0.100 0.100 0.100 1 10
0.500 0.500 0.520 1
MATERIAL in_wall
0.450 0.450 0.450 1.00
0.450 0.450 0.450 1.00
0.050 0.050 0.050 1 5
0.600 0.600 0.620 1
MATERIAL in_ceiling
0.450 0.450 0.450 1.00
0.450 0.450 0.450 1.00
0.000 0.000 0.000 1 1
0.550 0.550 0.570 1
MATERIAL in_light
1.000 0.970 0.880 1.00
1.000 0.970 0.880 1.00
0.000 0.000 0.000 1 1
1.000 0.960 0.840 1
MATERIAL in_furn
0.300 0.310 0.340 1.00
0.300 0.310 0.340 1.00
0.100 0.100 0.100 1 10
0.150 0.150 0.170 1
MATERIAL in_seat
0.120 0.150 0.220 1.00
0.120 0.150 0.220 1.00
0.150 0.150 0.200 1 15
0.060 0.080 0.130 1
MATERIAL in_metal
0.500 0.500 0.500 1.00
0.500 0.500 0.500 1.00
0.500 0.500 0.500 1 30
0.550 0.550 0.580 1
MATERIAL in_wet
0.360 0.500 0.550 1.00
0.360 0.500 0.550 1.00
0.200 0.200 0.250 1 20
0.130 0.190 0.210 1
MATERIAL in_screen
0.040 0.080 0.160 1.00
0.040 0.080 0.160 1.00
0.300 0.300 0.400 1 40
0.100 0.280 0.500 1
MATERIAL in_trim
0.600 0.600 0.600 1.00
0.600 0.600 0.600 1.00
0.100 0.100 0.100 1 10
0.500 0.500 0.500 1
MATERIAL in_green
0.100 0.600 0.250 1.00
0.100 0.600 0.250 1.00
0.000 0.000 0.000 1 1
0.150 1.000 0.400 1
MATERIAL in_amber
0.700 0.450 0.050 1.00
0.700 0.450 0.050 1.00
0.000 0.000 0.000 1 1
1.000 0.620 0.080 1
MATERIAL in_red
0.700 0.100 0.080 1.00
0.700 0.100 0.080 1.00
0.000 0.000 0.000 1 1
1.000 0.150 0.100 1
MATERIAL in_guide
0.200 0.500 0.700 1.00
0.200 0.500 0.700 1.00
0.000 0.000 0.000 1 1
0.250 0.750 1.000 1
MATERIAL in_btn_dim
0.160 0.180 0.200 1.00
0.160 0.180 0.200 1.00
0.300 0.300 0.300 1 20
0.040 0.050 0.060 1
MATERIAL in_wall_w
0.500 0.500 0.510 1.00
0.500 0.500 0.510 1.00
0.080 0.080 0.090 1 12
0.065 0.065 0.075 1
MATERIAL in_floor_w
0.500 0.500 0.500 1.00
0.500 0.500 0.500 1.00
0.450 0.450 0.480 1 40
0.040 0.040 0.045 1
MATERIAL in_ceil_w
0.400 0.400 0.410 1.00
0.400 0.400 0.410 1.00
0.000 0.000 0.000 1 1
0.035 0.035 0.040 1
MATERIAL in_metal_w
0.450 0.450 0.470 1.00
0.450 0.450 0.470 1.00
0.400 0.400 0.420 1 30
0.070 0.070 0.080 1
MATERIAL in_trim_w
0.500 0.500 0.500 1.00
0.500 0.500 0.500 1.00
0.100 0.100 0.100 1 10
0.140 0.140 0.140 1
MATERIAL in_guide_w
0.250 0.420 0.420 1.00
0.250 0.420 0.420 1.00
0.000 0.000 0.000 1 1
0.160 0.360 0.380 1
MATERIAL in_fx
1.000 1.000 1.000 1.00
1.000 1.000 1.000 1.00
0.000 0.000 0.000 1 1
1.000 1.000 1.000 1
MATERIAL in_downlight
1.000 0.860 0.620 1.00
1.000 0.860 0.620 1.00
0.000 0.000 0.000 1 1
1.000 0.840 0.580 1
MATERIAL in_cove
0.300 0.400 0.620 1.00
0.300 0.400 0.620 1.00
0.000 0.000 0.000 1 1
0.260 0.360 0.580 1
MATERIAL lift_glass
0.450 0.600 0.700 0.22
0.450 0.600 0.700 0.22
0.800 0.800 0.850 1 60
0.020 0.030 0.040 1
MATERIAL in_wip
0.950 0.420 0.060 1.00
0.950 0.420 0.060 1.00
0.300 0.250 0.200 1 20
0.400 0.170 0.020 1
MATERIAL in_btn_cap
0.550 0.560 0.580 1.00
0.550 0.560 0.580 1.00
0.350 0.350 0.350 1 30
0.300 0.310 0.320 1
MATERIAL in_cablight
0.950 0.930 0.860 1.00
0.950 0.930 0.860 1.00
0.000 0.000 0.000 1 1
0.800 0.770 0.680 1
MATERIAL in_glass
1.000 1.000 1.000 1.00
1.000 1.000 1.000 1.00
0.900 0.900 0.900 1 60
0.120 0.130 0.150 1
MATERIAL in_wall_r
0.400 0.380 0.380 1.00
0.400 0.380 0.380 1.00
0.050 0.050 0.050 1 5
0.050 0.012 0.011 1
MATERIAL in_floor_r
0.400 0.380 0.380 1.00
0.400 0.380 0.380 1.00
0.200 0.200 0.200 1 30
0.032 0.007 0.007 1
MATERIAL in_ceil_r
0.350 0.330 0.330 1.00
0.350 0.330 0.330 1.00
0.000 0.000 0.000 1 1
0.028 0.006 0.006 1
MATERIAL in_metal_r
0.400 0.380 0.380 1.00
0.400 0.380 0.380 1.00
0.300 0.300 0.300 1 30
0.045 0.011 0.010 1
MATERIAL in_dutyred
0.600 0.080 0.050 1.00
0.600 0.080 0.050 1.00
0.000 0.000 0.000 1 1
0.550 0.050 0.030 1
MATERIAL in_door
0.550 0.550 0.560 1.00
0.550 0.550 0.560 1.00
0.250 0.250 0.270 1 25
0.075 0.075 0.080 1
MATERIAL in_wall_d
0.080 0.080 0.085 1.00
0.080 0.080 0.085 1.00
0.020 0.020 0.020 1 5
0.018 0.018 0.020 1
MATERIAL in_floor_d
0.080 0.080 0.080 1.00
0.080 0.080 0.080 1.00
0.050 0.050 0.050 1 10
0.012 0.012 0.013 1
MATERIAL in_ceil_d
0.070 0.070 0.075 1.00
0.070 0.070 0.075 1.00
0.000 0.000 0.000 1 1
0.010 0.010 0.011 1
MATERIAL in_metal_d
0.080 0.080 0.085 1.00
0.080 0.080 0.085 1.00
0.050 0.050 0.050 1 10
0.016 0.016 0.018 1
MATERIAL br_malachite
0.160 0.380 0.310 1.00
0.160 0.380 0.310 1.00
0.400 0.480 0.450 1 35
0.020 0.048 0.040 1
MATERIAL br_cur_ball
0.620 0.860 0.950 0.72
0.620 0.860 0.950 0.72
0.900 0.900 0.900 1 60
0.100 0.260 0.320 1
MATERIAL br_cur_lit
0.780 0.950 1.000 1.00
0.780 0.950 1.000 1.00
0.000 0.000 0.000 1 1
0.780 0.950 1.000 1
MATERIAL br_spot
1.000 0.550 0.120 0.80
1.000 0.550 0.120 0.80
0.000 0.000 0.000 1 1
1.000 0.550 0.120 1
MATERIAL br_cover
1.000 0.350 0.290 0.50
1.000 0.350 0.290 0.50
0.600 0.600 0.600 1 40
0.200 0.040 0.030 1
MATERIAL br_glass_disp
1.000 1.000 1.000 1.00
1.000 1.000 1.000 1.00
0.000 0.000 0.000 1 1
1.000 1.000 1.000 1
MATERIAL br_hud_glass
1.000 1.000 1.000 1.00
1.000 1.000 1.000 1.00
0.000 0.000 0.000 1 1
1.000 1.000 1.000 1
MATERIAL belly_carbide
0.160 0.160 0.170 1.00
0.160 0.160 0.170 1.00
0.150 0.150 0.150 1 10
0.000 0.000 0.000 1
TEXTURES 0
