MSHX1
GROUPS 2
LABEL hull
MATERIAL 1
TEXTURE 0
GEOM 5310 1770 ;hull
12.989 -5.384 -6.000 0.7030 -0.6835 0.1965
13.185 -5.066 -6.000 0.9220 -0.2861 0.2609
12.747 -5.342 -5.500 0.7420 -0.6377 0.2069
12.747 -5.342 -5.500 0.7420 -0.6377 0.2069
13.185 -5.066 -6.000 0.9220 -0.2861 0.2609
12.918 -5.017 -5.500 0.9310 -0.2548 0.2612
12.747 -5.342 -5.500 0.7420 -0.6377 0.2069
12.918 -5.017 -5.500 0.9310 -0.2548 0.2612
12.695 -4.975 -5.086 0.9515 -0.1517 0.2677
12.747 -5.342 -5.500 0.7420 -0.6377 0.2069
12.695 -4.975 -5.086 0.9515 -0.1517 0.2677
12.504 -5.299 -5.000 0.7883 -0.5736 0.2229
12.504 -5.299 -5.000 0.7883 -0.5736 0.2229
12.695 -4.975 -5.086 0.9515 -0.1517 0.2677
12.255 -5.252 -4.500 0.8132 -0.5354 0.2282
12.255 -5.252 -4.500 0.8132 -0.5354 0.2282
12.695 -4.975 -5.086 0.9515 -0.1517 0.2677
12.208 -5.244 -4.407 0.8140 -0.5340 0.2286
12.208 -5.244 -4.407 0.8140 -0.5340 0.2286
12.695 -4.975 -5.086 0.9515 -0.1517 0.2677
12.648 -4.967 -5.000 0.9518 -0.1490 0.2683
13.185 -5.066 -6.000 0.9220 -0.2861 0.2609
13.223 -4.862 -6.000 0.9615 -0.0433 0.2712
12.918 -5.017 -5.500 0.9310 -0.2548 0.2612
12.918 -5.017 -5.500 0.9310 -0.2548 0.2612
13.223 -4.862 -6.000 0.9615 -0.0433 0.2712
12.695 -4.975 -5.086 0.9515 -0.1517 0.2677
12.695 -4.975 -5.086 0.9515 -0.1517 0.2677
13.223 -4.862 -6.000 0.9615 -0.0433 0.2712
13.223 -4.862 -6.000 0.9615 -0.0433 0.2712
10.137 3.565 -6.000 0.7837 0.5959 0.1756
9.794 3.889 -6.000 0.5795 0.8050 0.1272
9.630 3.848 -5.500 0.5832 0.8022 0.1278
9.794 3.889 -6.000 0.5795 0.8050 0.1272
9.376 4.109 -6.000 0.2927 0.9541 0.0635
9.630 3.848 -5.500 0.5832 0.8022 0.1278
9.630 3.848 -5.500 0.5832 0.8022 0.1278
9.376 4.109 -6.000 0.2927 0.9541 0.0635
9.229 4.082 -5.500 0.3974 0.9137 0.0852
9.630 3.848 -5.500 0.5832 0.8022 0.1278
9.229 4.082 -5.500 0.3974 0.9137 0.0852
9.558 3.830 -5.279 0.6291 0.7643 0.1414
9.558 3.830 -5.279 0.6291 0.7643 0.1414
9.229 4.082 -5.500 0.3974 0.9137 0.0852
9.081 4.053 -5.000 0.4011 0.9120 0.0865
9.558 3.830 -5.279 0.6291 0.7643 0.1414
9.081 4.053 -5.000 0.4011 0.9120 0.0865
8.931 4.020 -4.500 0.5012 0.8585 0.1087
9.558 3.830 -5.279 0.6291 0.7643 0.1414
8.931 4.020 -4.500 0.5012 0.8585 0.1087
8.778 3.983 -4.000 0.5051 0.8561 0.1098
9.558 3.830 -5.279 0.6291 0.7643 0.1414
8.778 3.983 -4.000 0.5051 0.8561 0.1098
8.728 3.970 -3.836 0.5064 0.8553 0.1101
9.376 4.109 -6.000 0.2927 0.9541 0.0635
8.915 4.209 -6.000 0.1340 0.9906 0.0257
9.229 4.082 -5.500 0.3974 0.9137 0.0852
9.229 4.082 -5.500 0.3974 0.9137 0.0852
8.915 4.209 -6.000 0.1340 0.9906 0.0257
8.779 4.201 -5.500 0.1369 0.9902 0.0264
9.229 4.082 -5.500 0.3974 0.9137 0.0852
8.779 4.201 -5.500 0.1369 0.9902 0.0264
9.081 4.053 -5.000 0.4011 0.9120 0.0865
9.081 4.053 -5.000 0.4011 0.9120 0.0865
8.779 4.201 -5.500 0.1369 0.9902 0.0264
8.644 4.190 -5.000 0.1938 0.9803 0.0391
9.081 4.053 -5.000 0.4011 0.9120 0.0865
8.644 4.190 -5.000 0.1938 0.9803 0.0391
8.931 4.020 -4.500 0.5012 0.8585 0.1087
8.931 4.020 -4.500 0.5012 0.8585 0.1087
8.644 4.190 -5.000 0.1938 0.9803 0.0391
8.508 4.177 -4.500 0.1971 0.9796 0.0400
8.931 4.020 -4.500 0.5012 0.8585 0.1087
8.508 4.177 -4.500 0.1971 0.9796 0.0400
8.778 3.983 -4.000 0.5051 0.8561 0.1098
8.778 3.983 -4.000 0.5051 0.8561 0.1098
8.508 4.177 -4.500 0.1971 0.9796 0.0400
8.371 4.160 -4.000 0.3067 0.9496 0.0643
8.778 3.983 -4.000 0.5051 0.8561 0.1098
8.371 4.160 -4.000 0.3067 0.9496 0.0643
8.728 3.970 -3.836 0.5064 0.8553 0.1101
8.728 3.970 -3.836 0.5064 0.8553 0.1101
8.371 4.160 -4.000 0.3067 0.9496 0.0643
8.233 4.137 -3.500 0.3105 0.9483 0.0651
8.728 3.970 -3.836 0.5064 0.8553 0.1101
8.233 4.137 -3.500 0.3105 0.9483 0.0651
8.094 4.111 -3.000 0.4167 0.9047 0.0888
8.728 3.970 -3.836 0.5064 0.8553 0.1101
8.094 4.111 -3.000 0.4167 0.9047 0.0888
8.051 4.102 -2.850 0.4179 0.9041 0.0891
8.728 3.970 -3.836 0.5064 0.8553 0.1101
8.051 4.102 -2.850 0.4179 0.9041 0.0891
8.024 4.095 -2.752 0.4187 0.9037 0.0894
8.915 4.209 -6.000 0.1340 0.9906 0.0257
8.446 4.272 -6.000 0.1340 0.9907 0.0244
8.779 4.201 -5.500 0.1369 0.9902 0.0264
8.779 4.201 -5.500 0.1369 0.9902 0.0264
8.446 4.272 -6.000 0.1340 0.9907 0.0244
8.318 4.265 -5.500 0.1369 0.9903 0.0250
8.779 4.201 -5.500 0.1369 0.9902 0.0264
8.318 4.265 -5.500 0.1369 0.9903 0.0250
8.644 4.190 -5.000 0.1938 0.9803 0.0391
8.644 4.190 -5.000 0.1938 0.9803 0.0391
8.318 4.265 -5.500 0.1369 0.9903 0.0250
8.190 4.257 -5.000 0.1399 0.9898 0.0258
8.644 4.190 -5.000 0.1938 0.9803 0.0391
8.190 4.257 -5.000 0.1399 0.9898 0.0258
8.508 4.177 -4.500 0.1971 0.9796 0.0400
8.508 4.177 -4.500 0.1971 0.9796 0.0400
8.190 4.257 -5.000 0.1399 0.9898 0.0258
8.062 4.249 -4.500 0.1431 0.9894 0.0265
8.508 4.177 -4.500 0.1971 0.9796 0.0400
8.062 4.249 -4.500 0.1431 0.9894 0.0265
8.371 4.160 -4.000 0.3067 0.9496 0.0643
8.371 4.160 -4.000 0.3067 0.9496 0.0643
8.062 4.249 -4.500 0.1431 0.9894 0.0265
7.934 4.241 -4.000 0.1464 0.9889 0.0274
8.371 4.160 -4.000 0.3067 0.9496 0.0643
7.934 4.241 -4.000 0.1464 0.9889 0.0274
8.233 4.137 -3.500 0.3105 0.9483 0.0651
8.233 4.137 -3.500 0.3105 0.9483 0.0651
7.934 4.241 -4.000 0.1464 0.9889 0.0274
7.806 4.232 -3.500 0.1498 0.9883 0.0281
8.233 4.137 -3.500 0.3105 0.9483 0.0651
7.806 4.232 -3.500 0.1498 0.9883 0.0281
8.094 4.111 -3.000 0.4167 0.9047 0.0888
8.094 4.111 -3.000 0.4167 0.9047 0.0888
7.806 4.232 -3.500 0.1498 0.9883 0.0281
7.678 4.223 -3.000 0.1534 0.9877 0.0291
8.094 4.111 -3.000 0.4167 0.9047 0.0888
7.678 4.223 -3.000 0.1534 0.9877 0.0291
8.051 4.102 -2.850 0.4179 0.9041 0.0891
8.051 4.102 -2.850 0.4179 0.9041 0.0891
7.678 4.223 -3.000 0.1534 0.9877 0.0291
7.640 4.220 -2.850 0.1591 0.9867 0.0329
8.051 4.102 -2.850 0.4179 0.9041 0.0891
7.640 4.220 -2.850 0.1591 0.9867 0.0329
8.024 4.095 -2.752 0.4187 0.9037 0.0894
8.024 4.095 -2.752 0.4187 0.9037 0.0894
7.640 4.220 -2.850 0.1591 0.9867 0.0329
7.550 4.210 -2.500 0.2118 0.9764 0.0421
8.024 4.095 -2.752 0.4187 0.9037 0.0894
7.550 4.210 -2.500 0.2118 0.9764 0.0421
7.421 4.194 -2.000 0.2158 0.9755 0.0432
8.024 4.095 -2.752 0.4187 0.9037 0.0894
7.421 4.194 -2.000 0.2158 0.9755 0.0432
7.331 4.181 -1.652 0.3258 0.9430 0.0675
8.446 4.272 -6.000 0.1340 0.9907 0.0244
7.977 4.336 -6.000 0.1340 0.9907 0.0230
8.318 4.265 -5.500 0.1369 0.9903 0.0250
8.318 4.265 -5.500 0.1369 0.9903 0.0250
7.977 4.336 -6.000 0.1340 0.9907 0.0230
7.856 4.329 -5.500 0.1369 0.9903 0.0236
8.318 4.265 -5.500 0.1369 0.9903 0.0250
7.856 4.329 -5.500 0.1369 0.9903 0.0236
8.190 4.257 -5.000 0.1399 0.9898 0.0258
8.190 4.257 -5.000 0.1399 0.9898 0.0258
7.856 4.329 -5.500 0.1369 0.9903 0.0236
7.735 4.322 -5.000 0.1399 0.9899 0.0244
8.190 4.257 -5.000 0.1399 0.9898 0.0258
7.735 4.322 -5.000 0.1399 0.9899 0.0244
8.062 4.249 -4.500 0.1431 0.9894 0.0265
8.062 4.249 -4.500 0.1431 0.9894 0.0265
7.735 4.322 -5.000 0.1399 0.9899 0.0244
7.614 4.314 -4.500 0.1431 0.9894 0.0251
8.062 4.249 -4.500 0.1431 0.9894 0.0265
7.614 4.314 -4.500 0.1431 0.9894 0.0251
7.934 4.241 -4.000 0.1464 0.9889 0.0274
7.934 4.241 -4.000 0.1464 0.9889 0.0274
7.614 4.314 -4.500 0.1431 0.9894 0.0251
7.493 4.306 -4.000 0.1464 0.9889 0.0258
7.934 4.241 -4.000 0.1464 0.9889 0.0274
7.493 4.306 -4.000 0.1464 0.9889 0.0258
7.806 4.232 -3.500 0.1498 0.9883 0.0281
7.806 4.232 -3.500 0.1498 0.9883 0.0281
7.493 4.306 -4.000 0.1464 0.9889 0.0258
7.372 4.298 -3.500 0.1498 0.9884 0.0266
7.806 4.232 -3.500 0.1498 0.9883 0.0281
7.372 4.298 -3.500 0.1498 0.9884 0.0266
7.678 4.223 -3.000 0.1534 0.9877 0.0291
7.678 4.223 -3.000 0.1534 0.9877 0.0291
7.372 4.298 -3.500 0.1498 0.9884 0.0266
7.252 4.289 -3.000 0.1534 0.9878 0.0275
7.678 4.223 -3.000 0.1534 0.9877 0.0291
7.252 4.289 -3.000 0.1534 0.9878 0.0275
7.640 4.220 -2.850 0.1591 0.9867 0.0329
7.640 4.220 -2.850 0.1591 0.9867 0.0329
7.252 4.289 -3.000 0.1534 0.9878 0.0275
7.216 4.286 -2.850 0.1545 0.9876 0.0278
7.640 4.220 -2.850 0.1591 0.9867 0.0329
7.216 4.286 -2.850 0.1545 0.9876 0.0278
7.550 4.210 -2.500 0.2118 0.9764 0.0421
7.550 4.210 -2.500 0.2118 0.9764 0.0421
7.216 4.286 -2.850 0.1545 0.9876 0.0278
7.131 4.280 -2.500 0.1572 0.9872 0.0284
7.550 4.210 -2.500 0.2118 0.9764 0.0421
7.131 4.280 -2.500 0.1572 0.9872 0.0284
7.421 4.194 -2.000 0.2158 0.9755 0.0432
7.421 4.194 -2.000 0.2158 0.9755 0.0432
7.131 4.280 -2.500 0.1572 0.9872 0.0284
7.011 4.270 -2.000 0.1612 0.9865 0.0294
7.421 4.194 -2.000 0.2158 0.9755 0.0432
7.011 4.270 -2.000 0.1612 0.9865 0.0294
7.331 4.181 -1.652 0.3258 0.9430 0.0675
7.331 4.181 -1.652 0.3258 0.9430 0.0675
7.011 4.270 -2.000 0.1612 0.9865 0.0294
6.890 4.259 -1.500 0.1653 0.9858 0.0303
7.331 4.181 -1.652 0.3258 0.9430 0.0675
6.890 4.259 -1.500 0.1653 0.9858 0.0303
6.806 4.252 -1.150 0.1684 0.9852 0.0311
7.331 4.181 -1.652 0.3258 0.9430 0.0675
6.806 4.252 -1.150 0.1684 0.9852 0.0311
6.782 4.250 -1.052 0.1692 0.9851 0.0314
7.977 4.336 -6.000 0.1340 0.9907 0.0230
7.508 4.399 -6.000 0.1340 0.9907 0.0217
7.856 4.329 -5.500 0.1369 0.9903 0.0236
7.856 4.329 -5.500 0.1369 0.9903 0.0236
7.508 4.399 -6.000 0.1340 0.9907 0.0217
7.394 4.393 -5.500 0.1369 0.9903 0.0222
7.856 4.329 -5.500 0.1369 0.9903 0.0236
7.394 4.393 -5.500 0.1369 0.9903 0.0222
7.735 4.322 -5.000 0.1399 0.9899 0.0244
7.735 4.322 -5.000 0.1399 0.9899 0.0244
7.394 4.393 -5.500 0.1369 0.9903 0.0222
7.280 4.386 -5.000 0.1399 0.9899 0.0229
7.735 4.322 -5.000 0.1399 0.9899 0.0244
7.280 4.386 -5.000 0.1399 0.9899 0.0229
7.614 4.314 -4.500 0.1431 0.9894 0.0251
7.614 4.314 -4.500 0.1431 0.9894 0.0251
7.280 4.386 -5.000 0.1399 0.9899 0.0229
7.166 4.379 -4.500 0.1431 0.9894 0.0236
7.614 4.314 -4.500 0.1431 0.9894 0.0251
7.166 4.379 -4.500 0.1431 0.9894 0.0236
7.493 4.306 -4.000 0.1464 0.9889 0.0258
7.493 4.306 -4.000 0.1464 0.9889 0.0258
7.166 4.379 -4.500 0.1431 0.9894 0.0236
7.052 4.371 -4.000 0.1464 0.9889 0.0243
7.493 4.306 -4.000 0.1464 0.9889 0.0258
7.052 4.371 -4.000 0.1464 0.9889 0.0243
7.372 4.298 -3.500 0.1498 0.9884 0.0266
7.372 4.298 -3.500 0.1498 0.9884 0.0266
7.052 4.371 -4.000 0.1464 0.9889 0.0243
6.939 4.363 -3.500 0.1498 0.9884 0.0250
7.372 4.298 -3.500 0.1498 0.9884 0.0266
6.939 4.363 -3.500 0.1498 0.9884 0.0250
7.252 4.289 -3.000 0.1534 0.9878 0.0275
7.252 4.289 -3.000 0.1534 0.9878 0.0275
6.939 4.363 -3.500 0.1498 0.9884 0.0250
6.826 4.355 -3.000 0.1534 0.9878 0.0259
7.252 4.289 -3.000 0.1534 0.9878 0.0275
6.826 4.355 -3.000 0.1534 0.9878 0.0259
7.216 4.286 -2.850 0.1545 0.9876 0.0278
7.216 4.286 -2.850 0.1545 0.9876 0.0278
6.826 4.355 -3.000 0.1534 0.9878 0.0259
6.791 4.352 -2.850 0.1545 0.9876 0.0261
7.216 4.286 -2.850 0.1545 0.9876 0.0278
6.791 4.352 -2.850 0.1545 0.9876 0.0261
7.131 4.280 -2.500 0.1572 0.9872 0.0284
7.131 4.280 -2.500 0.1572 0.9872 0.0284
6.791 4.352 -2.850 0.1545 0.9876 0.0261
6.712 4.346 -2.500 0.1572 0.9872 0.0268
7.131 4.280 -2.500 0.1572 0.9872 0.0284
6.712 4.346 -2.500 0.1572 0.9872 0.0268
7.011 4.270 -2.000 0.1612 0.9865 0.0294
7.011 4.270 -2.000 0.1612 0.9865 0.0294
6.712 4.346 -2.500 0.1572 0.9872 0.0268
6.598 4.337 -2.000 0.1612 0.9865 0.0277
7.011 4.270 -2.000 0.1612 0.9865 0.0294
6.598 4.337 -2.000 0.1612 0.9865 0.0277
6.890 4.259 -1.500 0.1653 0.9858 0.0303
6.890 4.259 -1.500 0.1653 0.9858 0.0303
6.598 4.337 -2.000 0.1612 0.9865 0.0277
6.485 4.327 -1.500 0.1653 0.9858 0.0285
6.890 4.259 -1.500 0.1653 0.9858 0.0303
6.485 4.327 -1.500 0.1653 0.9858 0.0285
6.806 4.252 -1.150 0.1684 0.9852 0.0311
6.806 4.252 -1.150 0.1684 0.9852 0.0311
6.485 4.327 -1.500 0.1653 0.9858 0.0285
6.406 4.320 -1.150 0.1684 0.9853 0.0293
6.806 4.252 -1.150 0.1684 0.9852 0.0311
6.406 4.320 -1.150 0.1684 0.9853 0.0293
6.782 4.250 -1.052 0.1692 0.9851 0.0314
6.782 4.250 -1.052 0.1692 0.9851 0.0314
6.406 4.320 -1.150 0.1684 0.9853 0.0293
6.372 4.317 -1.000 0.1697 0.9850 0.0297
6.782 4.250 -1.052 0.1692 0.9851 0.0314
6.372 4.317 -1.000 0.1697 0.9850 0.0297
6.268 4.307 -0.542 0.1739 0.9843 0.0302
7.508 4.399 -6.000 0.1340 0.9907 0.0217
7.039 4.463 -6.000 0.1340 0.9908 0.0203
7.394 4.393 -5.500 0.1369 0.9903 0.0222
7.394 4.393 -5.500 0.1369 0.9903 0.0222
7.039 4.463 -6.000 0.1340 0.9908 0.0203
6.932 4.457 -5.500 0.1369 0.9904 0.0208
7.394 4.393 -5.500 0.1369 0.9903 0.0222
6.932 4.457 -5.500 0.1369 0.9904 0.0208
7.280 4.386 -5.000 0.1399 0.9899 0.0229
7.280 4.386 -5.000 0.1399 0.9899 0.0229
6.932 4.457 -5.500 0.1369 0.9904 0.0208
6.825 4.450 -5.000 0.1399 0.9899 0.0215
7.280 4.386 -5.000 0.1399 0.9899 0.0229
6.825 4.450 -5.000 0.1399 0.9899 0.0215
7.166 4.379 -4.500 0.1431 0.9894 0.0236
7.166 4.379 -4.500 0.1431 0.9894 0.0236
6.825 4.450 -5.000 0.1399 0.9899 0.0215
6.719 4.443 -4.500 0.1431 0.9895 0.0221
7.166 4.379 -4.500 0.1431 0.9894 0.0236
6.719 4.443 -4.500 0.1431 0.9895 0.0221
7.052 4.371 -4.000 0.1464 0.9889 0.0243
7.052 4.371 -4.000 0.1464 0.9889 0.0243
6.719 4.443 -4.500 0.1431 0.9895 0.0221
6.612 4.436 -4.000 0.1464 0.9890 0.0228
7.052 4.371 -4.000 0.1464 0.9889 0.0243
6.612 4.436 -4.000 0.1464 0.9890 0.0228
6.939 4.363 -3.500 0.1498 0.9884 0.0250
6.939 4.363 -3.500 0.1498 0.9884 0.0250
6.612 4.436 -4.000 0.1464 0.9890 0.0228
6.505 4.429 -3.500 0.1498 0.9884 0.0234
6.939 4.363 -3.500 0.1498 0.9884 0.0250
6.505 4.429 -3.500 0.1498 0.9884 0.0234
6.826 4.355 -3.000 0.1534 0.9878 0.0259
6.826 4.355 -3.000 0.1534 0.9878 0.0259
6.505 4.429 -3.500 0.1498 0.9884 0.0234
6.399 4.421 -3.000 0.1534 0.9879 0.0243
6.826 4.355 -3.000 0.1534 0.9878 0.0259
6.399 4.421 -3.000 0.1534 0.9879 0.0243
6.791 4.352 -2.850 0.1545 0.9876 0.0261
6.791 4.352 -2.850 0.1545 0.9876 0.0261
6.399 4.421 -3.000 0.1534 0.9879 0.0243
6.367 4.419 -2.850 0.1545 0.9877 0.0245
6.791 4.352 -2.850 0.1545 0.9876 0.0261
6.367 4.419 -2.850 0.1545 0.9877 0.0245
6.712 4.346 -2.500 0.1572 0.9872 0.0268
6.712 4.346 -2.500 0.1572 0.9872 0.0268
6.367 4.419 -2.850 0.1545 0.9877 0.0245
6.293 4.413 -2.500 0.1572 0.9872 0.0251
6.712 4.346 -2.500 0.1572 0.9872 0.0268
6.293 4.413 -2.500 0.1572 0.9872 0.0251
6.598 4.337 -2.000 0.1612 0.9865 0.0277
6.598 4.337 -2.000 0.1612 0.9865 0.0277
6.293 4.413 -2.500 0.1572 0.9872 0.0251
6.186 4.404 -2.000 0.1612 0.9866 0.0259
6.598 4.337 -2.000 0.1612 0.9865 0.0277
6.186 4.404 -2.000 0.1612 0.9866 0.0259
6.485 4.327 -1.500 0.1653 0.9858 0.0285
6.485 4.327 -1.500 0.1653 0.9858 0.0285
6.186 4.404 -2.000 0.1612 0.9866 0.0259
6.080 4.395 -1.500 0.1653 0.9859 0.0268
6.485 4.327 -1.500 0.1653 0.9858 0.0285
6.080 4.395 -1.500 0.1653 0.9859 0.0268
6.406 4.320 -1.150 0.1684 0.9853 0.0293
6.406 4.320 -1.150 0.1684 0.9853 0.0293
6.080 4.395 -1.500 0.1653 0.9859 0.0268
6.006 4.389 -1.150 0.1684 0.9853 0.0274
6.406 4.320 -1.150 0.1684 0.9853 0.0293
6.006 4.389 -1.150 0.1684 0.9853 0.0274
6.372 4.317 -1.000 0.1697 0.9850 0.0297
6.372 4.317 -1.000 0.1697 0.9850 0.0297
6.006 4.389 -1.150 0.1684 0.9853 0.0274
5.974 4.386 -1.000 0.1697 0.9851 0.0278
6.372 4.317 -1.000 0.1697 0.9850 0.0297
5.974 4.386 -1.000 0.1697 0.9851 0.0278
6.268 4.307 -0.542 0.1739 0.9843 0.0302
6.268 4.307 -0.542 0.1739 0.9843 0.0302
5.974 4.386 -1.000 0.1697 0.9851 0.0278
5.868 4.376 -0.500 0.1744 0.9843 0.0282
6.268 4.307 -0.542 0.1739 0.9843 0.0302
5.868 4.376 -0.500 0.1744 0.9843 0.0282
5.768 4.366 -0.017 0.1790 0.9835 0.0277
7.039 4.463 -6.000 0.1340 0.9908 0.0203
6.570 4.526 -6.000 0.1340 0.9908 0.0190
6.932 4.457 -5.500 0.1369 0.9904 0.0208
6.932 4.457 -5.500 0.1369 0.9904 0.0208
6.570 4.526 -6.000 0.1340 0.9908 0.0190
6.470 4.520 -5.500 0.1369 0.9904 0.0194
6.932 4.457 -5.500 0.1369 0.9904 0.0208
6.470 4.520 -5.500 0.1369 0.9904 0.0194
6.825 4.450 -5.000 0.1399 0.9899 0.0215
6.825 4.450 -5.000 0.1399 0.9899 0.0215
6.470 4.520 -5.500 0.1369 0.9904 0.0194
6.371 4.515 -5.000 0.1399 0.9900 0.0201
6.825 4.450 -5.000 0.1399 0.9899 0.0215
6.371 4.515 -5.000 0.1399 0.9900 0.0201
6.719 4.443 -4.500 0.1431 0.9895 0.0221
6.719 4.443 -4.500 0.1431 0.9895 0.0221
6.371 4.515 -5.000 0.1399 0.9900 0.0201
6.271 4.508 -4.500 0.1431 0.9895 0.0207
6.719 4.443 -4.500 0.1431 0.9895 0.0221
6.271 4.508 -4.500 0.1431 0.9895 0.0207
6.612 4.436 -4.000 0.1464 0.9890 0.0228
6.612 4.436 -4.000 0.1464 0.9890 0.0228
6.271 4.508 -4.500 0.1431 0.9895 0.0207
6.171 4.502 -4.000 0.1464 0.9890 0.0213
6.612 4.436 -4.000 0.1464 0.9890 0.0228
6.171 4.502 -4.000 0.1464 0.9890 0.0213
6.505 4.429 -3.500 0.1498 0.9884 0.0234
6.505 4.429 -3.500 0.1498 0.9884 0.0234
6.171 4.502 -4.000 0.1464 0.9890 0.0213
6.072 4.495 -3.500 0.1498 0.9885 0.0219
6.505 4.429 -3.500 0.1498 0.9884 0.0234
6.072 4.495 -3.500 0.1498 0.9885 0.0219
6.399 4.421 -3.000 0.1534 0.9879 0.0243
6.399 4.421 -3.000 0.1534 0.9879 0.0243
6.072 4.495 -3.500 0.1498 0.9885 0.0219
5.973 4.487 -3.000 0.1534 0.9879 0.0227
6.399 4.421 -3.000 0.1534 0.9879 0.0243
5.973 4.487 -3.000 0.1534 0.9879 0.0227
6.367 4.419 -2.850 0.1545 0.9877 0.0245
6.367 4.419 -2.850 0.1545 0.9877 0.0245
5.973 4.487 -3.000 0.1534 0.9879 0.0227
5.943 4.485 -2.850 0.1545 0.9877 0.0229
6.367 4.419 -2.850 0.1545 0.9877 0.0245
5.943 4.485 -2.850 0.1545 0.9877 0.0229
6.293 4.413 -2.500 0.1572 0.9872 0.0251
6.293 4.413 -2.500 0.1572 0.9872 0.0251
5.943 4.485 -2.850 0.1545 0.9877 0.0229
5.874 4.480 -2.500 0.1572 0.9873 0.0234
6.293 4.413 -2.500 0.1572 0.9872 0.0251
5.874 4.480 -2.500 0.1572 0.9873 0.0234
6.186 4.404 -2.000 0.1612 0.9866 0.0259
6.186 4.404 -2.000 0.1612 0.9866 0.0259
5.874 4.480 -2.500 0.1572 0.9873 0.0234
5.774 4.472 -2.000 0.1612 0.9866 0.0242
6.186 4.404 -2.000 0.1612 0.9866 0.0259
5.774 4.472 -2.000 0.1612 0.9866 0.0242
6.080 4.395 -1.500 0.1653 0.9859 0.0268
6.080 4.395 -1.500 0.1653 0.9859 0.0268
5.774 4.472 -2.000 0.1612 0.9866 0.0242
5.675 4.463 -1.500 0.1654 0.9859 0.0250
6.080 4.395 -1.500 0.1653 0.9859 0.0268
5.675 4.463 -1.500 0.1654 0.9859 0.0250
6.006 4.389 -1.150 0.1684 0.9853 0.0274
6.006 4.389 -1.150 0.1684 0.9853 0.0274
5.675 4.463 -1.500 0.1654 0.9859 0.0250
5.606 4.457 -1.150 0.1684 0.9854 0.0256
6.006 4.389 -1.150 0.1684 0.9853 0.0274
5.606 4.457 -1.150 0.1684 0.9854 0.0256
5.974 4.386 -1.000 0.1697 0.9851 0.0278
5.974 4.386 -1.000 0.1697 0.9851 0.0278
5.606 4.457 -1.150 0.1684 0.9854 0.0256
5.576 4.454 -1.000 0.1697 0.9851 0.0260
5.974 4.386 -1.000 0.1697 0.9851 0.0278
5.576 4.454 -1.000 0.1697 0.9851 0.0260
5.868 4.376 -0.500 0.1744 0.9843 0.0282
5.868 4.376 -0.500 0.1744 0.9843 0.0282
5.576 4.454 -1.000 0.1697 0.9851 0.0260
5.477 4.445 -0.500 0.1744 0.9843 0.0263
5.868 4.376 -0.500 0.1744 0.9843 0.0282
5.477 4.445 -0.500 0.1744 0.9843 0.0263
5.768 4.366 -0.017 0.1790 0.9835 0.0277
5.768 4.366 -0.017 0.1790 0.9835 0.0277
5.477 4.445 -0.500 0.1744 0.9843 0.0263
5.380 4.435 0.000 0.1791 0.9835 0.0256
5.768 4.366 -0.017 0.1790 0.9835 0.0277
5.380 4.435 0.000 0.1791 0.9835 0.0256
5.290 4.425 0.500 0.1839 0.9826 0.0247
5.768 4.366 -0.017 0.1790 0.9835 0.0277
5.290 4.425 0.500 0.1839 0.9826 0.0247
5.250 4.421 0.736 0.1860 0.9822 0.0251
6.570 4.526 -6.000 0.1340 0.9908 0.0190
6.101 4.590 -6.000 0.1340 0.9908 0.0176
6.470 4.520 -5.500 0.1369 0.9904 0.0194
6.470 4.520 -5.500 0.1369 0.9904 0.0194
6.101 4.590 -6.000 0.1340 0.9908 0.0176
6.008 4.584 -5.500 0.1369 0.9904 0.0180
6.470 4.520 -5.500 0.1369 0.9904 0.0194
6.008 4.584 -5.500 0.1369 0.9904 0.0180
6.371 4.515 -5.000 0.1399 0.9900 0.0201
6.371 4.515 -5.000 0.1399 0.9900 0.0201
6.008 4.584 -5.500 0.1369 0.9904 0.0180
5.916 4.579 -5.000 0.1399 0.9900 0.0186
6.371 4.515 -5.000 0.1399 0.9900 0.0201
5.916 4.579 -5.000 0.1399 0.9900 0.0186
6.271 4.508 -4.500 0.1431 0.9895 0.0207
6.271 4.508 -4.500 0.1431 0.9895 0.0207
5.916 4.579 -5.000 0.1399 0.9900 0.0186
5.823 4.573 -4.500 0.1431 0.9895 0.0192
6.271 4.508 -4.500 0.1431 0.9895 0.0207
5.823 4.573 -4.500 0.1431 0.9895 0.0192
6.171 4.502 -4.000 0.1464 0.9890 0.0213
6.171 4.502 -4.000 0.1464 0.9890 0.0213
5.823 4.573 -4.500 0.1431 0.9895 0.0192
5.731 4.567 -4.000 0.1464 0.9890 0.0198
6.171 4.502 -4.000 0.1464 0.9890 0.0213
5.731 4.567 -4.000 0.1464 0.9890 0.0198
6.072 4.495 -3.500 0.1498 0.9885 0.0219
6.072 4.495 -3.500 0.1498 0.9885 0.0219
5.731 4.567 -4.000 0.1464 0.9890 0.0198
5.638 4.560 -3.500 0.1498 0.9885 0.0203
6.072 4.495 -3.500 0.1498 0.9885 0.0219
5.638 4.560 -3.500 0.1498 0.9885 0.0203
5.973 4.487 -3.000 0.1534 0.9879 0.0227
5.973 4.487 -3.000 0.1534 0.9879 0.0227
5.638 4.560 -3.500 0.1498 0.9885 0.0203
5.547 4.554 -3.000 0.1534 0.9879 0.0210
5.973 4.487 -3.000 0.1534 0.9879 0.0227
5.547 4.554 -3.000 0.1534 0.9879 0.0210
5.943 4.485 -2.850 0.1545 0.9877 0.0229
5.943 4.485 -2.850 0.1545 0.9877 0.0229
5.547 4.554 -3.000 0.1534 0.9879 0.0210
5.519 4.552 -2.850 0.1545 0.9878 0.0212
5.943 4.485 -2.850 0.1545 0.9877 0.0229
5.519 4.552 -2.850 0.1545 0.9878 0.0212
5.874 4.480 -2.500 0.1572 0.9873 0.0234
5.874 4.480 -2.500 0.1572 0.9873 0.0234
5.519 4.552 -2.850 0.1545 0.9878 0.0212
5.454 4.547 -2.500 0.1572 0.9873 0.0217
5.874 4.480 -2.500 0.1572 0.9873 0.0234
5.454 4.547 -2.500 0.1572 0.9873 0.0217
5.774 4.472 -2.000 0.1612 0.9866 0.0242
5.774 4.472 -2.000 0.1612 0.9866 0.0242
5.454 4.547 -2.500 0.1572 0.9873 0.0217
5.362 4.539 -2.000 0.1612 0.9867 0.0225
5.774 4.472 -2.000 0.1612 0.9866 0.0242
5.362 4.539 -2.000 0.1612 0.9867 0.0225
5.675 4.463 -1.500 0.1654 0.9859 0.0250
5.675 4.463 -1.500 0.1654 0.9859 0.0250
5.362 4.539 -2.000 0.1612 0.9867 0.0225
5.270 4.531 -1.500 0.1654 0.9860 0.0232
5.675 4.463 -1.500 0.1654 0.9859 0.0250
5.270 4.531 -1.500 0.1654 0.9860 0.0232
5.606 4.457 -1.150 0.1684 0.9854 0.0256
5.606 4.457 -1.150 0.1684 0.9854 0.0256
5.270 4.531 -1.500 0.1654 0.9860 0.0232
5.206 4.525 -1.150 0.1684 0.9854 0.0238
5.606 4.457 -1.150 0.1684 0.9854 0.0256
5.206 4.525 -1.150 0.1684 0.9854 0.0238
5.576 4.454 -1.000 0.1697 0.9851 0.0260
5.576 4.454 -1.000 0.1697 0.9851 0.0260
5.206 4.525 -1.150 0.1684 0.9854 0.0238
5.178 4.523 -1.000 0.1697 0.9852 0.0241
5.576 4.454 -1.000 0.1697 0.9851 0.0260
5.178 4.523 -1.000 0.1697 0.9852 0.0241
5.477 4.445 -0.500 0.1744 0.9843 0.0263
5.477 4.445 -0.500 0.1744 0.9843 0.0263
5.178 4.523 -1.000 0.1697 0.9852 0.0241
5.086 4.514 -0.500 0.1744 0.9844 0.0244
5.477 4.445 -0.500 0.1744 0.9843 0.0263
5.086 4.514 -0.500 0.1744 0.9844 0.0244
5.380 4.435 0.000 0.1791 0.9835 0.0256
5.380 4.435 0.000 0.1791 0.9835 0.0256
5.086 4.514 -0.500 0.1744 0.9844 0.0244
4.996 4.505 0.000 0.1791 0.9835 0.0238
5.380 4.435 0.000 0.1791 0.9835 0.0256
4.996 4.505 0.000 0.1791 0.9835 0.0238
5.290 4.425 0.500 0.1839 0.9826 0.0247
5.290 4.425 0.500 0.1839 0.9826 0.0247
4.996 4.505 0.000 0.1791 0.9835 0.0238
4.912 4.496 0.500 0.1839 0.9827 0.0230
5.290 4.425 0.500 0.1839 0.9826 0.0247
4.912 4.496 0.500 0.1839 0.9827 0.0230
5.250 4.421 0.736 0.1860 0.9822 0.0251
5.250 4.421 0.736 0.1860 0.9822 0.0251
4.912 4.496 0.500 0.1839 0.9827 0.0230
4.834 4.487 1.000 0.1885 0.9818 0.0220
5.250 4.421 0.736 0.1860 0.9822 0.0251
4.834 4.487 1.000 0.1885 0.9818 0.0220
4.791 4.482 1.292 0.1911 0.9813 0.0225
6.101 4.590 -6.000 0.1340 0.9908 0.0176
5.951 4.610 -6.000 0.1340 0.9908 0.0172
6.008 4.584 -5.500 0.1369 0.9904 0.0180
6.008 4.584 -5.500 0.1369 0.9904 0.0180
5.951 4.610 -6.000 0.1340 0.9908 0.0172
5.861 4.605 -5.500 0.1369 0.9904 0.0176
6.008 4.584 -5.500 0.1369 0.9904 0.0180
5.861 4.605 -5.500 0.1369 0.9904 0.0176
5.916 4.579 -5.000 0.1399 0.9900 0.0186
5.916 4.579 -5.000 0.1399 0.9900 0.0186
5.861 4.605 -5.500 0.1369 0.9904 0.0176
5.771 4.599 -5.000 0.1399 0.9900 0.0182
5.916 4.579 -5.000 0.1399 0.9900 0.0186
5.771 4.599 -5.000 0.1399 0.9900 0.0182
5.823 4.573 -4.500 0.1431 0.9895 0.0192
5.823 4.573 -4.500 0.1431 0.9895 0.0192
5.771 4.599 -5.000 0.1399 0.9900 0.0182
5.681 4.594 -4.500 0.1431 0.9895 0.0187
5.823 4.573 -4.500 0.1431 0.9895 0.0192
5.681 4.594 -4.500 0.1431 0.9895 0.0187
5.731 4.567 -4.000 0.1464 0.9890 0.0198
5.731 4.567 -4.000 0.1464 0.9890 0.0198
5.681 4.594 -4.500 0.1431 0.9895 0.0187
5.591 4.588 -4.000 0.1464 0.9890 0.0193
5.731 4.567 -4.000 0.1464 0.9890 0.0198
5.591 4.588 -4.000 0.1464 0.9890 0.0193
5.638 4.560 -3.500 0.1498 0.9885 0.0203
5.638 4.560 -3.500 0.1498 0.9885 0.0203
5.591 4.588 -4.000 0.1464 0.9890 0.0193
5.501 4.581 -3.500 0.1498 0.9885 0.0198
5.638 4.560 -3.500 0.1498 0.9885 0.0203
5.501 4.581 -3.500 0.1498 0.9885 0.0198
5.547 4.554 -3.000 0.1534 0.9879 0.0210
5.547 4.554 -3.000 0.1534 0.9879 0.0210
5.501 4.581 -3.500 0.1498 0.9885 0.0198
5.411 4.575 -3.000 0.1534 0.9879 0.0205
5.547 4.554 -3.000 0.1534 0.9879 0.0210
5.411 4.575 -3.000 0.1534 0.9879 0.0205
5.519 4.552 -2.850 0.1545 0.9878 0.0212
5.519 4.552 -2.850 0.1545 0.9878 0.0212
5.411 4.575 -3.000 0.1534 0.9879 0.0205
5.384 4.573 -2.850 0.1545 0.9878 0.0207
5.519 4.552 -2.850 0.1545 0.9878 0.0212
5.384 4.573 -2.850 0.1545 0.9878 0.0207
5.454 4.547 -2.500 0.1572 0.9873 0.0217
5.454 4.547 -2.500 0.1572 0.9873 0.0217
5.384 4.573 -2.850 0.1545 0.9878 0.0207
5.321 4.568 -2.500 0.1572 0.9873 0.0212
5.454 4.547 -2.500 0.1572 0.9873 0.0217
5.321 4.568 -2.500 0.1572 0.9873 0.0212
5.362 4.539 -2.000 0.1612 0.9867 0.0225
5.362 4.539 -2.000 0.1612 0.9867 0.0225
5.321 4.568 -2.500 0.1572 0.9873 0.0212
5.231 4.560 -2.000 0.1612 0.9867 0.0219
5.362 4.539 -2.000 0.1612 0.9867 0.0225
5.231 4.560 -2.000 0.1612 0.9867 0.0219
5.270 4.531 -1.500 0.1654 0.9860 0.0232
5.270 4.531 -1.500 0.1654 0.9860 0.0232
5.231 4.560 -2.000 0.1612 0.9867 0.0219
5.141 4.553 -1.500 0.1654 0.9860 0.0226
5.270 4.531 -1.500 0.1654 0.9860 0.0232
5.141 4.553 -1.500 0.1654 0.9860 0.0226
5.206 4.525 -1.150 0.1684 0.9854 0.0238
5.206 4.525 -1.150 0.1684 0.9854 0.0238
5.141 4.553 -1.500 0.1654 0.9860 0.0226
5.079 4.547 -1.150 0.1684 0.9854 0.0232
5.206 4.525 -1.150 0.1684 0.9854 0.0238
5.079 4.547 -1.150 0.1684 0.9854 0.0232
5.178 4.523 -1.000 0.1697 0.9852 0.0241
5.178 4.523 -1.000 0.1697 0.9852 0.0241
5.079 4.547 -1.150 0.1684 0.9854 0.0232
5.052 4.545 -1.000 0.1697 0.9852 0.0235
5.178 4.523 -1.000 0.1697 0.9852 0.0241
5.052 4.545 -1.000 0.1697 0.9852 0.0235
5.086 4.514 -0.500 0.1744 0.9844 0.0244
5.086 4.514 -0.500 0.1744 0.9844 0.0244
5.052 4.545 -1.000 0.1697 0.9852 0.0235
4.962 4.536 -0.500 0.1744 0.9844 0.0238
5.086 4.514 -0.500 0.1744 0.9844 0.0244
4.962 4.536 -0.500 0.1744 0.9844 0.0238
4.996 4.505 0.000 0.1791 0.9835 0.0238
4.996 4.505 0.000 0.1791 0.9835 0.0238
4.962 4.536 -0.500 0.1744 0.9844 0.0238
4.874 4.527 0.000 0.1791 0.9835 0.0232
4.996 4.505 0.000 0.1791 0.9835 0.0238
4.874 4.527 0.000 0.1791 0.9835 0.0232
4.912 4.496 0.500 0.1839 0.9827 0.0230
4.912 4.496 0.500 0.1839 0.9827 0.0230
4.874 4.527 0.000 0.1791 0.9835 0.0232
4.792 4.518 0.500 0.1839 0.9827 0.0224
4.912 4.496 0.500 0.1839 0.9827 0.0230
4.792 4.518 0.500 0.1839 0.9827 0.0224
4.834 4.487 1.000 0.1885 0.9818 0.0220
4.834 4.487 1.000 0.1885 0.9818 0.0220
4.792 4.518 0.500 0.1839 0.9827 0.0224
4.716 4.510 1.000 0.1885 0.9818 0.0215
4.834 4.487 1.000 0.1885 0.9818 0.0220
4.716 4.510 1.000 0.1885 0.9818 0.0215
4.791 4.482 1.292 0.1911 0.9813 0.0225
4.791 4.482 1.292 0.1911 0.9813 0.0225
4.716 4.510 1.000 0.1885 0.9818 0.0215
4.648 4.502 1.474 0.1927 0.9810 0.0209
5.951 4.610 -6.000 0.1340 0.9908 0.0172
5.631 4.653 -6.000 0.1340 0.9908 0.0163
5.861 4.605 -5.500 0.1369 0.9904 0.0176
5.861 4.605 -5.500 0.1369 0.9904 0.0176
5.631 4.653 -6.000 0.1340 0.9908 0.0163
5.546 4.648 -5.500 0.1369 0.9904 0.0167
5.861 4.605 -5.500 0.1369 0.9904 0.0176
5.546 4.648 -5.500 0.1369 0.9904 0.0167
5.771 4.599 -5.000 0.1399 0.9900 0.0182
5.771 4.599 -5.000 0.1399 0.9900 0.0182
5.546 4.648 -5.500 0.1369 0.9904 0.0167
5.461 4.643 -5.000 0.1399 0.9900 0.0172
5.771 4.599 -5.000 0.1399 0.9900 0.0182
5.461 4.643 -5.000 0.1399 0.9900 0.0172
5.681 4.594 -4.500 0.1431 0.9895 0.0187
5.681 4.594 -4.500 0.1431 0.9895 0.0187
5.461 4.643 -5.000 0.1399 0.9900 0.0172
5.376 4.638 -4.500 0.1431 0.9896 0.0177
5.681 4.594 -4.500 0.1431 0.9895 0.0187
5.376 4.638 -4.500 0.1431 0.9896 0.0177
5.591 4.588 -4.000 0.1464 0.9890 0.0193
5.591 4.588 -4.000 0.1464 0.9890 0.0193
5.376 4.638 -4.500 0.1431 0.9896 0.0177
5.290 4.632 -4.000 0.1464 0.9891 0.0182
5.591 4.588 -4.000 0.1464 0.9890 0.0193
5.290 4.632 -4.000 0.1464 0.9891 0.0182
5.501 4.581 -3.500 0.1498 0.9885 0.0198
5.501 4.581 -3.500 0.1498 0.9885 0.0198
5.290 4.632 -4.000 0.1464 0.9891 0.0182
5.205 4.626 -3.500 0.1498 0.9885 0.0188
5.501 4.581 -3.500 0.1498 0.9885 0.0198
5.205 4.626 -3.500 0.1498 0.9885 0.0188
5.411 4.575 -3.000 0.1534 0.9879 0.0205
5.411 4.575 -3.000 0.1534 0.9879 0.0205
5.205 4.626 -3.500 0.1498 0.9885 0.0188
5.120 4.620 -3.000 0.1534 0.9880 0.0194
5.411 4.575 -3.000 0.1534 0.9879 0.0205
5.120 4.620 -3.000 0.1534 0.9880 0.0194
5.384 4.573 -2.850 0.1545 0.9878 0.0207
5.384 4.573 -2.850 0.1545 0.9878 0.0207
5.120 4.620 -3.000 0.1534 0.9880 0.0194
5.095 4.618 -2.850 0.1545 0.9878 0.0196
5.384 4.573 -2.850 0.1545 0.9878 0.0207
5.095 4.618 -2.850 0.1545 0.9878 0.0196
5.321 4.568 -2.500 0.1572 0.9873 0.0212
5.321 4.568 -2.500 0.1572 0.9873 0.0212
5.095 4.618 -2.850 0.1545 0.9878 0.0196
5.035 4.613 -2.500 0.1572 0.9874 0.0201
5.321 4.568 -2.500 0.1572 0.9873 0.0212
5.035 4.613 -2.500 0.1572 0.9874 0.0201
5.231 4.560 -2.000 0.1612 0.9867 0.0219
5.231 4.560 -2.000 0.1612 0.9867 0.0219
5.035 4.613 -2.500 0.1572 0.9874 0.0201
4.950 4.606 -2.000 0.1612 0.9867 0.0208
5.231 4.560 -2.000 0.1612 0.9867 0.0219
4.950 4.606 -2.000 0.1612 0.9867 0.0208
5.141 4.553 -1.500 0.1654 0.9860 0.0226
5.141 4.553 -1.500 0.1654 0.9860 0.0226
4.950 4.606 -2.000 0.1612 0.9867 0.0208
4.865 4.599 -1.500 0.1654 0.9860 0.0214
5.141 4.553 -1.500 0.1654 0.9860 0.0226
4.865 4.599 -1.500 0.1654 0.9860 0.0214
5.079 4.547 -1.150 0.1684 0.9854 0.0232
5.079 4.547 -1.150 0.1684 0.9854 0.0232
4.865 4.599 -1.500 0.1654 0.9860 0.0214
4.806 4.594 -1.150 0.1684 0.9855 0.0220
5.079 4.547 -1.150 0.1684 0.9854 0.0232
4.806 4.594 -1.150 0.1684 0.9855 0.0220
5.052 4.545 -1.000 0.1697 0.9852 0.0235
5.052 4.545 -1.000 0.1697 0.9852 0.0235
4.806 4.594 -1.150 0.1684 0.9855 0.0220
4.780 4.591 -1.000 0.1697 0.9852 0.0223
5.052 4.545 -1.000 0.1697 0.9852 0.0235
4.780 4.591 -1.000 0.1697 0.9852 0.0223
4.962 4.536 -0.500 0.1744 0.9844 0.0238
4.962 4.536 -0.500 0.1744 0.9844 0.0238
4.780 4.591 -1.000 0.1697 0.9852 0.0223
4.695 4.583 -0.500 0.1744 0.9844 0.0225
4.962 4.536 -0.500 0.1744 0.9844 0.0238
4.695 4.583 -0.500 0.1744 0.9844 0.0225
4.874 4.527 0.000 0.1791 0.9835 0.0232
4.874 4.527 0.000 0.1791 0.9835 0.0232
4.695 4.583 -0.500 0.1744 0.9844 0.0225
4.613 4.575 0.000 0.1791 0.9836 0.0220
4.874 4.527 0.000 0.1791 0.9835 0.0232
4.613 4.575 0.000 0.1791 0.9836 0.0220
4.792 4.518 0.500 0.1839 0.9827 0.0224
4.792 4.518 0.500 0.1839 0.9827 0.0224
4.613 4.575 0.000 0.1791 0.9836 0.0220
4.535 4.567 0.500 0.1839 0.9827 0.0212
4.792 4.518 0.500 0.1839 0.9827 0.0224
4.535 4.567 0.500 0.1839 0.9827 0.0212
4.716 4.510 1.000 0.1885 0.9818 0.0215
4.716 4.510 1.000 0.1885 0.9818 0.0215
4.535 4.567 0.500 0.1839 0.9827 0.0212
4.462 4.558 1.000 0.1885 0.9819 0.0203
4.716 4.510 1.000 0.1885 0.9818 0.0215
4.462 4.558 1.000 0.1885 0.9819 0.0203
4.648 4.502 1.474 0.1927 0.9810 0.0209
4.648 4.502 1.474 0.1927 0.9810 0.0209
4.462 4.558 1.000 0.1885 0.9819 0.0203
4.395 4.550 1.500 0.1930 0.9810 0.0195
4.648 4.502 1.474 0.1927 0.9810 0.0209
4.395 4.550 1.500 0.1930 0.9810 0.0195
4.349 4.545 1.872 0.1962 0.9804 0.0200
5.631 4.653 -6.000 0.1340 0.9908 0.0163
5.162 4.717 -6.000 0.1341 0.9909 0.0149
5.546 4.648 -5.500 0.1369 0.9904 0.0167
5.546 4.648 -5.500 0.1369 0.9904 0.0167
5.162 4.717 -6.000 0.1341 0.9909 0.0149
5.084 4.712 -5.500 0.1369 0.9905 0.0153
5.546 4.648 -5.500 0.1369 0.9904 0.0167
5.084 4.712 -5.500 0.1369 0.9905 0.0153
5.461 4.643 -5.000 0.1399 0.9900 0.0172
5.461 4.643 -5.000 0.1399 0.9900 0.0172
5.084 4.712 -5.500 0.1369 0.9905 0.0153
5.006 4.707 -5.000 0.1399 0.9900 0.0158
5.461 4.643 -5.000 0.1399 0.9900 0.0172
5.006 4.707 -5.000 0.1399 0.9900 0.0158
5.376 4.638 -4.500 0.1431 0.9896 0.0177
5.376 4.638 -4.500 0.1431 0.9896 0.0177
5.006 4.707 -5.000 0.1399 0.9900 0.0158
4.928 4.702 -4.500 0.1431 0.9896 0.0162
5.376 4.638 -4.500 0.1431 0.9896 0.0177
4.928 4.702 -4.500 0.1431 0.9896 0.0162
5.290 4.632 -4.000 0.1464 0.9891 0.0182
5.290 4.632 -4.000 0.1464 0.9891 0.0182
4.928 4.702 -4.500 0.1431 0.9896 0.0162
4.850 4.697 -4.000 0.1464 0.9891 0.0167
5.290 4.632 -4.000 0.1464 0.9891 0.0182
4.850 4.697 -4.000 0.1464 0.9891 0.0167
5.205 4.626 -3.500 0.1498 0.9885 0.0188
5.205 4.626 -3.500 0.1498 0.9885 0.0188
4.850 4.697 -4.000 0.1464 0.9891 0.0167
4.772 4.692 -3.500 0.1498 0.9886 0.0172
5.205 4.626 -3.500 0.1498 0.9885 0.0188
4.772 4.692 -3.500 0.1498 0.9886 0.0172
5.120 4.620 -3.000 0.1534 0.9880 0.0194
5.120 4.620 -3.000 0.1534 0.9880 0.0194
4.772 4.692 -3.500 0.1498 0.9886 0.0172
4.694 4.686 -3.000 0.1534 0.9880 0.0178
5.120 4.620 -3.000 0.1534 0.9880 0.0194
4.694 4.686 -3.000 0.1534 0.9880 0.0178
5.095 4.618 -2.850 0.1545 0.9878 0.0196
5.095 4.618 -2.850 0.1545 0.9878 0.0196
4.694 4.686 -3.000 0.1534 0.9880 0.0178
4.670 4.684 -2.850 0.1546 0.9878 0.0180
5.095 4.618 -2.850 0.1545 0.9878 0.0196
4.670 4.684 -2.850 0.1546 0.9878 0.0180
5.035 4.613 -2.500 0.1572 0.9874 0.0201
5.035 4.613 -2.500 0.1572 0.9874 0.0201
4.670 4.684 -2.850 0.1546 0.9878 0.0180
4.616 4.680 -2.500 0.1572 0.9874 0.0184
5.035 4.613 -2.500 0.1572 0.9874 0.0201
4.616 4.680 -2.500 0.1572 0.9874 0.0184
4.950 4.606 -2.000 0.1612 0.9867 0.0208
4.950 4.606 -2.000 0.1612 0.9867 0.0208
4.616 4.680 -2.500 0.1572 0.9874 0.0184
4.538 4.674 -2.000 0.1612 0.9867 0.0190
4.950 4.606 -2.000 0.1612 0.9867 0.0208
4.538 4.674 -2.000 0.1612 0.9867 0.0190
4.865 4.599 -1.500 0.1654 0.9860 0.0214
4.865 4.599 -1.500 0.1654 0.9860 0.0214
4.538 4.674 -2.000 0.1612 0.9867 0.0190
4.460 4.667 -1.500 0.1654 0.9860 0.0196
4.865 4.599 -1.500 0.1654 0.9860 0.0214
4.460 4.667 -1.500 0.1654 0.9860 0.0196
4.806 4.594 -1.150 0.1684 0.9855 0.0220
4.806 4.594 -1.150 0.1684 0.9855 0.0220
4.460 4.667 -1.500 0.1654 0.9860 0.0196
4.406 4.662 -1.150 0.1684 0.9855 0.0201
4.806 4.594 -1.150 0.1684 0.9855 0.0220
4.406 4.662 -1.150 0.1684 0.9855 0.0201
4.780 4.591 -1.000 0.1697 0.9852 0.0223
4.780 4.591 -1.000 0.1697 0.9852 0.0223
4.406 4.662 -1.150 0.1684 0.9855 0.0201
4.382 4.660 -1.000 0.1698 0.9853 0.0204
4.780 4.591 -1.000 0.1697 0.9852 0.0223
4.382 4.660 -1.000 0.1698 0.9853 0.0204
4.695 4.583 -0.500 0.1744 0.9844 0.0225
4.695 4.583 -0.500 0.1744 0.9844 0.0225
4.382 4.660 -1.000 0.1698 0.9853 0.0204
4.305 4.653 -0.500 0.1744 0.9845 0.0207
4.695 4.583 -0.500 0.1744 0.9844 0.0225
4.305 4.653 -0.500 0.1744 0.9845 0.0207
4.613 4.575 0.000 0.1791 0.9836 0.0220
4.613 4.575 0.000 0.1791 0.9836 0.0220
4.305 4.653 -0.500 0.1744 0.9845 0.0207
4.229 4.645 0.000 0.1792 0.9836 0.0201
4.613 4.575 0.000 0.1791 0.9836 0.0220
4.229 4.645 0.000 0.1792 0.9836 0.0201
4.535 4.567 0.500 0.1839 0.9827 0.0212
4.535 4.567 0.500 0.1839 0.9827 0.0212
4.229 4.645 0.000 0.1792 0.9836 0.0201
4.158 4.637 0.500 0.1839 0.9828 0.0194
4.535 4.567 0.500 0.1839 0.9827 0.0212
4.158 4.637 0.500 0.1839 0.9828 0.0194
4.462 4.558 1.000 0.1885 0.9819 0.0203
4.462 4.558 1.000 0.1885 0.9819 0.0203
4.158 4.637 0.500 0.1839 0.9828 0.0194
4.091 4.630 1.000 0.1885 0.9819 0.0187
4.462 4.558 1.000 0.1885 0.9819 0.0203
4.091 4.630 1.000 0.1885 0.9819 0.0187
4.395 4.550 1.500 0.1930 0.9810 0.0195
4.395 4.550 1.500 0.1930 0.9810 0.0195
4.091 4.630 1.000 0.1885 0.9819 0.0187
4.030 4.622 1.500 0.1930 0.9810 0.0179
4.395 4.550 1.500 0.1930 0.9810 0.0195
4.030 4.622 1.500 0.1930 0.9810 0.0179
4.349 4.545 1.872 0.1962 0.9804 0.0200
4.349 4.545 1.872 0.1962 0.9804 0.0200
4.030 4.622 1.500 0.1930 0.9810 0.0179
3.973 4.615 2.000 0.1974 0.9802 0.0169
4.349 4.545 1.872 0.1962 0.9804 0.0200
3.973 4.615 2.000 0.1974 0.9802 0.0169
3.923 4.609 2.475 0.2013 0.9794 0.0161
5.162 4.717 -6.000 0.1341 0.9909 0.0149
4.693 4.780 -6.000 0.1341 0.9909 0.0135
5.084 4.712 -5.500 0.1369 0.9905 0.0153
5.084 4.712 -5.500 0.1369 0.9905 0.0153
4.693 4.780 -6.000 0.1341 0.9909 0.0135
4.622 4.776 -5.500 0.1369 0.9905 0.0139
5.084 4.712 -5.500 0.1369 0.9905 0.0153
4.622 4.776 -5.500 0.1369 0.9905 0.0139
5.006 4.707 -5.000 0.1399 0.9900 0.0158
5.006 4.707 -5.000 0.1399 0.9900 0.0158
4.622 4.776 -5.500 0.1369 0.9905 0.0139
4.551 4.772 -5.000 0.1400 0.9901 0.0143
5.006 4.707 -5.000 0.1399 0.9900 0.0158
4.551 4.772 -5.000 0.1400 0.9901 0.0143
4.928 4.702 -4.500 0.1431 0.9896 0.0162
4.928 4.702 -4.500 0.1431 0.9896 0.0162
4.551 4.772 -5.000 0.1400 0.9901 0.0143
4.480 4.767 -4.500 0.1431 0.9896 0.0148
4.928 4.702 -4.500 0.1431 0.9896 0.0162
4.480 4.767 -4.500 0.1431 0.9896 0.0148
4.850 4.697 -4.000 0.1464 0.9891 0.0167
4.850 4.697 -4.000 0.1464 0.9891 0.0167
4.480 4.767 -4.500 0.1431 0.9896 0.0148
4.409 4.762 -4.000 0.1464 0.9891 0.0152
4.850 4.697 -4.000 0.1464 0.9891 0.0167
4.409 4.762 -4.000 0.1464 0.9891 0.0152
4.772 4.692 -3.500 0.1498 0.9886 0.0172
4.772 4.692 -3.500 0.1498 0.9886 0.0172
4.409 4.762 -4.000 0.1464 0.9891 0.0152
4.338 4.757 -3.500 0.1498 0.9886 0.0156
4.772 4.692 -3.500 0.1498 0.9886 0.0172
4.338 4.757 -3.500 0.1498 0.9886 0.0156
4.694 4.686 -3.000 0.1534 0.9880 0.0178
4.694 4.686 -3.000 0.1534 0.9880 0.0178
4.338 4.757 -3.500 0.1498 0.9886 0.0156
4.268 4.752 -3.000 0.1534 0.9880 0.0162
4.694 4.686 -3.000 0.1534 0.9880 0.0178
4.268 4.752 -3.000 0.1534 0.9880 0.0162
4.670 4.684 -2.850 0.1546 0.9878 0.0180
4.670 4.684 -2.850 0.1546 0.9878 0.0180
4.268 4.752 -3.000 0.1534 0.9880 0.0162
4.246 4.751 -2.850 0.1546 0.9878 0.0163
4.670 4.684 -2.850 0.1546 0.9878 0.0180
4.246 4.751 -2.850 0.1546 0.9878 0.0163
4.616 4.680 -2.500 0.1572 0.9874 0.0184
4.616 4.680 -2.500 0.1572 0.9874 0.0184
4.246 4.751 -2.850 0.1546 0.9878 0.0163
4.197 4.747 -2.500 0.1572 0.9874 0.0167
4.616 4.680 -2.500 0.1572 0.9874 0.0184
4.197 4.747 -2.500 0.1572 0.9874 0.0167
4.538 4.674 -2.000 0.1612 0.9867 0.0190
4.538 4.674 -2.000 0.1612 0.9867 0.0190
4.197 4.747 -2.500 0.1572 0.9874 0.0167
4.126 4.741 -2.000 0.1612 0.9868 0.0173
4.538 4.674 -2.000 0.1612 0.9867 0.0190
4.126 4.741 -2.000 0.1612 0.9868 0.0173
4.460 4.667 -1.500 0.1654 0.9860 0.0196
4.460 4.667 -1.500 0.1654 0.9860 0.0196
4.126 4.741 -2.000 0.1612 0.9868 0.0173
4.055 4.735 -1.500 0.1654 0.9861 0.0179
4.460 4.667 -1.500 0.1654 0.9860 0.0196
4.055 4.735 -1.500 0.1654 0.9861 0.0179
4.406 4.662 -1.150 0.1684 0.9855 0.0201
4.406 4.662 -1.150 0.1684 0.9855 0.0201
4.055 4.735 -1.500 0.1654 0.9861 0.0179
4.006 4.730 -1.150 0.1684 0.9855 0.0183
4.406 4.662 -1.150 0.1684 0.9855 0.0201
4.006 4.730 -1.150 0.1684 0.9855 0.0183
4.382 4.660 -1.000 0.1698 0.9853 0.0204
4.382 4.660 -1.000 0.1698 0.9853 0.0204
4.006 4.730 -1.150 0.1684 0.9855 0.0183
3.985 4.729 -1.000 0.1698 0.9853 0.0186
4.382 4.660 -1.000 0.1698 0.9853 0.0204
3.985 4.729 -1.000 0.1698 0.9853 0.0186
4.305 4.653 -0.500 0.1744 0.9845 0.0207
4.305 4.653 -0.500 0.1744 0.9845 0.0207
3.985 4.729 -1.000 0.1698 0.9853 0.0186
3.914 4.722 -0.500 0.1744 0.9845 0.0188
4.305 4.653 -0.500 0.1744 0.9845 0.0207
3.914 4.722 -0.500 0.1744 0.9845 0.0188
4.229 4.645 0.000 0.1792 0.9836 0.0201
4.229 4.645 0.000 0.1792 0.9836 0.0201
3.914 4.722 -0.500 0.1744 0.9845 0.0188
3.845 4.715 0.000 0.1792 0.9836 0.0183
4.229 4.645 0.000 0.1792 0.9836 0.0201
3.845 4.715 0.000 0.1792 0.9836 0.0183
4.158 4.637 0.500 0.1839 0.9828 0.0194
4.158 4.637 0.500 0.1839 0.9828 0.0194
3.845 4.715 0.000 0.1792 0.9836 0.0183
3.780 4.708 0.500 0.1839 0.9828 0.0177
4.158 4.637 0.500 0.1839 0.9828 0.0194
3.780 4.708 0.500 0.1839 0.9828 0.0177
4.091 4.630 1.000 0.1885 0.9819 0.0187
4.091 4.630 1.000 0.1885 0.9819 0.0187
3.780 4.708 0.500 0.1839 0.9828 0.0177
3.720 4.701 1.000 0.1885 0.9819 0.0170
4.091 4.630 1.000 0.1885 0.9819 0.0187
3.720 4.701 1.000 0.1885 0.9819 0.0170
4.030 4.622 1.500 0.1930 0.9810 0.0179
4.030 4.622 1.500 0.1930 0.9810 0.0179
3.720 4.701 1.000 0.1885 0.9819 0.0170
3.664 4.694 1.500 0.1930 0.9811 0.0163
4.030 4.622 1.500 0.1930 0.9810 0.0179
3.664 4.694 1.500 0.1930 0.9811 0.0163
3.973 4.615 2.000 0.1974 0.9802 0.0169
3.973 4.615 2.000 0.1974 0.9802 0.0169
3.664 4.694 1.500 0.1930 0.9811 0.0163
3.612 4.688 2.000 0.1974 0.9802 0.0154
3.973 4.615 2.000 0.1974 0.9802 0.0169
3.612 4.688 2.000 0.1974 0.9802 0.0154
3.923 4.609 2.475 0.2013 0.9794 0.0161
3.923 4.609 2.475 0.2013 0.9794 0.0161
3.612 4.688 2.000 0.1974 0.9802 0.0154
3.565 4.681 2.500 0.2015 0.9794 0.0144
3.923 4.609 2.475 0.2013 0.9794 0.0161
3.565 4.681 2.500 0.2015 0.9794 0.0144
3.522 4.676 3.000 0.2055 0.9786 0.0134
3.923 4.609 2.475 0.2013 0.9794 0.0161
3.522 4.676 3.000 0.2055 0.9786 0.0134
3.514 4.674 3.104 0.2062 0.9784 0.0135
4.693 4.780 -6.000 0.1341 0.9909 0.0135
4.224 4.844 -6.000 0.1341 0.9909 0.0122
4.622 4.776 -5.500 0.1369 0.9905 0.0139
4.622 4.776 -5.500 0.1369 0.9905 0.0139
4.224 4.844 -6.000 0.1341 0.9909 0.0122
4.160 4.840 -5.500 0.1369 0.9905 0.0125
4.622 4.776 -5.500 0.1369 0.9905 0.0139
4.160 4.840 -5.500 0.1369 0.9905 0.0125
4.551 4.772 -5.000 0.1400 0.9901 0.0143
4.551 4.772 -5.000 0.1400 0.9901 0.0143
4.160 4.840 -5.500 0.1369 0.9905 0.0125
4.096 4.836 -5.000 0.1400 0.9901 0.0129
4.551 4.772 -5.000 0.1400 0.9901 0.0143
4.096 4.836 -5.000 0.1400 0.9901 0.0129
4.480 4.767 -4.500 0.1431 0.9896 0.0148
4.480 4.767 -4.500 0.1431 0.9896 0.0148
4.096 4.836 -5.000 0.1400 0.9901 0.0129
4.033 4.832 -4.500 0.1431 0.9896 0.0133
4.480 4.767 -4.500 0.1431 0.9896 0.0148
4.033 4.832 -4.500 0.1431 0.9896 0.0133
4.409 4.762 -4.000 0.1464 0.9891 0.0152
4.409 4.762 -4.000 0.1464 0.9891 0.0152
4.033 4.832 -4.500 0.1431 0.9896 0.0133
3.969 4.828 -4.000 0.1464 0.9891 0.0137
4.409 4.762 -4.000 0.1464 0.9891 0.0152
3.969 4.828 -4.000 0.1464 0.9891 0.0137
4.338 4.757 -3.500 0.1498 0.9886 0.0156
4.338 4.757 -3.500 0.1498 0.9886 0.0156
3.969 4.828 -4.000 0.1464 0.9891 0.0137
3.905 4.823 -3.500 0.1498 0.9886 0.0141
4.338 4.757 -3.500 0.1498 0.9886 0.0156
3.905 4.823 -3.500 0.1498 0.9886 0.0141
4.268 4.752 -3.000 0.1534 0.9880 0.0162
4.268 4.752 -3.000 0.1534 0.9880 0.0162
3.905 4.823 -3.500 0.1498 0.9886 0.0141
3.841 4.819 -3.000 0.1534 0.9881 0.0146
4.268 4.752 -3.000 0.1534 0.9880 0.0162
3.841 4.819 -3.000 0.1534 0.9881 0.0146
4.246 4.751 -2.850 0.1546 0.9878 0.0163
4.246 4.751 -2.850 0.1546 0.9878 0.0163
3.841 4.819 -3.000 0.1534 0.9881 0.0146
3.822 4.817 -2.850 0.1546 0.9879 0.0147
4.246 4.751 -2.850 0.1546 0.9878 0.0163
3.822 4.817 -2.850 0.1546 0.9879 0.0147
4.197 4.747 -2.500 0.1572 0.9874 0.0167
4.197 4.747 -2.500 0.1572 0.9874 0.0167
3.822 4.817 -2.850 0.1546 0.9879 0.0147
3.777 4.814 -2.500 0.1572 0.9874 0.0151
4.197 4.747 -2.500 0.1572 0.9874 0.0167
3.777 4.814 -2.500 0.1572 0.9874 0.0151
4.126 4.741 -2.000 0.1612 0.9868 0.0173
4.126 4.741 -2.000 0.1612 0.9868 0.0173
3.777 4.814 -2.500 0.1572 0.9874 0.0151
3.714 4.808 -2.000 0.1612 0.9868 0.0156
4.126 4.741 -2.000 0.1612 0.9868 0.0173
3.714 4.808 -2.000 0.1612 0.9868 0.0156
4.055 4.735 -1.500 0.1654 0.9861 0.0179
4.055 4.735 -1.500 0.1654 0.9861 0.0179
3.714 4.808 -2.000 0.1612 0.9868 0.0156
3.650 4.803 -1.500 0.1654 0.9861 0.0161
4.055 4.735 -1.500 0.1654 0.9861 0.0179
3.650 4.803 -1.500 0.1654 0.9861 0.0161
4.006 4.730 -1.150 0.1684 0.9855 0.0183
4.006 4.730 -1.150 0.1684 0.9855 0.0183
3.650 4.803 -1.500 0.1654 0.9861 0.0161
3.606 4.799 -1.150 0.1684 0.9856 0.0165
4.006 4.730 -1.150 0.1684 0.9855 0.0183
3.606 4.799 -1.150 0.1684 0.9856 0.0165
3.985 4.729 -1.000 0.1698 0.9853 0.0186
3.985 4.729 -1.000 0.1698 0.9853 0.0186
3.606 4.799 -1.150 0.1684 0.9856 0.0165
3.587 4.797 -1.000 0.1698 0.9853 0.0167
3.985 4.729 -1.000 0.1698 0.9853 0.0186
3.587 4.797 -1.000 0.1698 0.9853 0.0167
3.914 4.722 -0.500 0.1744 0.9845 0.0188
3.914 4.722 -0.500 0.1744 0.9845 0.0188
3.587 4.797 -1.000 0.1698 0.9853 0.0167
3.523 4.791 -0.500 0.1744 0.9845 0.0169
3.914 4.722 -0.500 0.1744 0.9845 0.0188
3.523 4.791 -0.500 0.1744 0.9845 0.0169
3.845 4.715 0.000 0.1792 0.9836 0.0183
3.845 4.715 0.000 0.1792 0.9836 0.0183
3.523 4.791 -0.500 0.1744 0.9845 0.0169
3.461 4.785 0.000 0.1792 0.9837 0.0165
3.845 4.715 0.000 0.1792 0.9836 0.0183
3.461 4.785 0.000 0.1792 0.9837 0.0165
3.780 4.708 0.500 0.1839 0.9828 0.0177
3.780 4.708 0.500 0.1839 0.9828 0.0177
3.461 4.785 0.000 0.1792 0.9837 0.0165
3.403 4.778 0.500 0.1839 0.9828 0.0159
3.780 4.708 0.500 0.1839 0.9828 0.0177
3.403 4.778 0.500 0.1839 0.9828 0.0159
3.720 4.701 1.000 0.1885 0.9819 0.0170
3.720 4.701 1.000 0.1885 0.9819 0.0170
3.403 4.778 0.500 0.1839 0.9828 0.0159
3.349 4.772 1.000 0.1885 0.9820 0.0153
3.720 4.701 1.000 0.1885 0.9819 0.0170
3.349 4.772 1.000 0.1885 0.9820 0.0153
3.664 4.694 1.500 0.1930 0.9811 0.0163
3.664 4.694 1.500 0.1930 0.9811 0.0163
3.349 4.772 1.000 0.1885 0.9820 0.0153
3.299 4.766 1.500 0.1930 0.9811 0.0147
3.664 4.694 1.500 0.1930 0.9811 0.0163
3.299 4.766 1.500 0.1930 0.9811 0.0147
3.612 4.688 2.000 0.1974 0.9802 0.0154
3.612 4.688 2.000 0.1974 0.9802 0.0154
3.299 4.766 1.500 0.1930 0.9811 0.0147
3.252 4.760 2.000 0.1974 0.9802 0.0138
3.612 4.688 2.000 0.1974 0.9802 0.0154
3.252 4.760 2.000 0.1974 0.9802 0.0138
3.565 4.681 2.500 0.2015 0.9794 0.0144
3.565 4.681 2.500 0.2015 0.9794 0.0144
3.252 4.760 2.000 0.1974 0.9802 0.0138
3.209 4.755 2.500 0.2015 0.9794 0.0129
3.565 4.681 2.500 0.2015 0.9794 0.0144
3.209 4.755 2.500 0.2015 0.9794 0.0129
3.522 4.676 3.000 0.2055 0.9786 0.0134
3.522 4.676 3.000 0.2055 0.9786 0.0134
3.209 4.755 2.500 0.2015 0.9794 0.0129
3.171 4.749 3.000 0.2055 0.9786 0.0121
3.522 4.676 3.000 0.2055 0.9786 0.0134
3.171 4.749 3.000 0.2055 0.9786 0.0121
3.514 4.674 3.104 0.2062 0.9784 0.0135
3.514 4.674 3.104 0.2062 0.9784 0.0135
3.171 4.749 3.000 0.2055 0.9786 0.0121
3.136 4.744 3.500 0.2092 0.9778 0.0110
3.514 4.674 3.104 0.2062 0.9784 0.0135
3.136 4.744 3.500 0.2092 0.9778 0.0110
3.120 4.742 3.757 0.2109 0.9774 0.0111
4.224 4.844 -6.000 0.1341 0.9909 0.0122
3.755 4.907 -6.000 0.1341 0.9909 0.0108
4.160 4.840 -5.500 0.1369 0.9905 0.0125
4.160 4.840 -5.500 0.1369 0.9905 0.0125
3.755 4.907 -6.000 0.1341 0.9909 0.0108
3.698 4.904 -5.500 0.1370 0.9905 0.0111
4.160 4.840 -5.500 0.1369 0.9905 0.0125
3.698 4.904 -5.500 0.1370 0.9905 0.0111
4.096 4.836 -5.000 0.1400 0.9901 0.0129
4.096 4.836 -5.000 0.1400 0.9901 0.0129
3.698 4.904 -5.500 0.1370 0.9905 0.0111
3.642 4.900 -5.000 0.1400 0.9901 0.0115
4.096 4.836 -5.000 0.1400 0.9901 0.0129
3.642 4.900 -5.000 0.1400 0.9901 0.0115
4.033 4.832 -4.500 0.1431 0.9896 0.0133
4.033 4.832 -4.500 0.1431 0.9896 0.0133
3.642 4.900 -5.000 0.1400 0.9901 0.0115
3.585 4.897 -4.500 0.1431 0.9896 0.0118
4.033 4.832 -4.500 0.1431 0.9896 0.0133
3.585 4.897 -4.500 0.1431 0.9896 0.0118
3.969 4.828 -4.000 0.1464 0.9891 0.0137
3.969 4.828 -4.000 0.1464 0.9891 0.0137
3.585 4.897 -4.500 0.1431 0.9896 0.0118
3.528 4.893 -4.000 0.1464 0.9892 0.0122
3.969 4.828 -4.000 0.1464 0.9891 0.0137
3.528 4.893 -4.000 0.1464 0.9892 0.0122
3.905 4.823 -3.500 0.1498 0.9886 0.0141
3.905 4.823 -3.500 0.1498 0.9886 0.0141
3.528 4.893 -4.000 0.1464 0.9892 0.0122
3.471 4.889 -3.500 0.1498 0.9886 0.0125
3.905 4.823 -3.500 0.1498 0.9886 0.0141
3.471 4.889 -3.500 0.1498 0.9886 0.0125
3.841 4.819 -3.000 0.1534 0.9881 0.0146
3.841 4.819 -3.000 0.1534 0.9881 0.0146
3.471 4.889 -3.500 0.1498 0.9886 0.0125
3.415 4.885 -3.000 0.1534 0.9881 0.0130
3.841 4.819 -3.000 0.1534 0.9881 0.0146
3.415 4.885 -3.000 0.1534 0.9881 0.0130
3.822 4.817 -2.850 0.1546 0.9879 0.0147
3.822 4.817 -2.850 0.1546 0.9879 0.0147
3.415 4.885 -3.000 0.1534 0.9881 0.0130
3.398 4.883 -2.850 0.1546 0.9879 0.0131
3.822 4.817 -2.850 0.1546 0.9879 0.0147
3.398 4.883 -2.850 0.1546 0.9879 0.0131
3.777 4.814 -2.500 0.1572 0.9874 0.0151
3.777 4.814 -2.500 0.1572 0.9874 0.0151
3.398 4.883 -2.850 0.1546 0.9879 0.0131
3.358 4.880 -2.500 0.1572 0.9875 0.0134
3.777 4.814 -2.500 0.1572 0.9874 0.0151
3.358 4.880 -2.500 0.1572 0.9875 0.0134
3.714 4.808 -2.000 0.1612 0.9868 0.0156
3.714 4.808 -2.000 0.1612 0.9868 0.0156
3.358 4.880 -2.500 0.1572 0.9875 0.0134
3.302 4.876 -2.000 0.1612 0.9868 0.0138
3.714 4.808 -2.000 0.1612 0.9868 0.0156
3.302 4.876 -2.000 0.1612 0.9868 0.0138
3.650 4.803 -1.500 0.1654 0.9861 0.0161
3.650 4.803 -1.500 0.1654 0.9861 0.0161
3.302 4.876 -2.000 0.1612 0.9868 0.0138
3.245 4.871 -1.500 0.1654 0.9861 0.0143
3.650 4.803 -1.500 0.1654 0.9861 0.0161
3.245 4.871 -1.500 0.1654 0.9861 0.0143
3.606 4.799 -1.150 0.1684 0.9856 0.0165
3.606 4.799 -1.150 0.1684 0.9856 0.0165
3.245 4.871 -1.500 0.1654 0.9861 0.0143
3.206 4.867 -1.150 0.1684 0.9856 0.0146
3.606 4.799 -1.150 0.1684 0.9856 0.0165
3.206 4.867 -1.150 0.1684 0.9856 0.0146
3.587 4.797 -1.000 0.1698 0.9853 0.0167
3.587 4.797 -1.000 0.1698 0.9853 0.0167
3.206 4.867 -1.150 0.1684 0.9856 0.0146
3.189 4.866 -1.000 0.1698 0.9854 0.0149
3.587 4.797 -1.000 0.1698 0.9853 0.0167
3.189 4.866 -1.000 0.1698 0.9854 0.0149
3.523 4.791 -0.500 0.1744 0.9845 0.0169
3.523 4.791 -0.500 0.1744 0.9845 0.0169
3.189 4.866 -1.000 0.1698 0.9854 0.0149
3.132 4.860 -0.500 0.1744 0.9846 0.0150
3.523 4.791 -0.500 0.1744 0.9845 0.0169
3.132 4.860 -0.500 0.1744 0.9846 0.0150
3.461 4.785 0.000 0.1792 0.9837 0.0165
3.461 4.785 0.000 0.1792 0.9837 0.0165
3.132 4.860 -0.500 0.1744 0.9846 0.0150
3.077 4.855 0.000 0.1792 0.9837 0.0147
3.461 4.785 0.000 0.1792 0.9837 0.0165
3.077 4.855 0.000 0.1792 0.9837 0.0147
3.403 4.778 0.500 0.1839 0.9828 0.0159
3.403 4.778 0.500 0.1839 0.9828 0.0159
3.077 4.855 0.000 0.1792 0.9837 0.0147
3.026 4.849 0.500 0.1839 0.9828 0.0142
3.403 4.778 0.500 0.1839 0.9828 0.0159
3.026 4.849 0.500 0.1839 0.9828 0.0142
3.349 4.772 1.000 0.1885 0.9820 0.0153
3.349 4.772 1.000 0.1885 0.9820 0.0153
3.026 4.849 0.500 0.1839 0.9828 0.0142
2.978 4.843 1.000 0.1885 0.9820 0.0136
3.349 4.772 1.000 0.1885 0.9820 0.0153
2.978 4.843 1.000 0.1885 0.9820 0.0136
3.299 4.766 1.500 0.1930 0.9811 0.0147
3.299 4.766 1.500 0.1930 0.9811 0.0147
2.978 4.843 1.000 0.1885 0.9820 0.0136
2.933 4.838 1.500 0.1930 0.9811 0.0130
3.299 4.766 1.500 0.1930 0.9811 0.0147
2.933 4.838 1.500 0.1930 0.9811 0.0130
3.252 4.760 2.000 0.1974 0.9802 0.0138
3.252 4.760 2.000 0.1974 0.9802 0.0138
2.933 4.838 1.500 0.1930 0.9811 0.0130
2.892 4.833 2.000 0.1974 0.9803 0.0123
3.252 4.760 2.000 0.1974 0.9802 0.0138
2.892 4.833 2.000 0.1974 0.9803 0.0123
3.209 4.755 2.500 0.2015 0.9794 0.0129
3.209 4.755 2.500 0.2015 0.9794 0.0129
2.892 4.833 2.000 0.1974 0.9803 0.0123
2.854 4.828 2.500 0.2015 0.9794 0.0115
3.209 4.755 2.500 0.2015 0.9794 0.0129
2.854 4.828 2.500 0.2015 0.9794 0.0115
3.171 4.749 3.000 0.2055 0.9786 0.0121
3.171 4.749 3.000 0.2055 0.9786 0.0121
2.854 4.828 2.500 0.2015 0.9794 0.0115
2.820 4.823 3.000 0.2055 0.9786 0.0107
3.171 4.749 3.000 0.2055 0.9786 0.0121
2.820 4.823 3.000 0.2055 0.9786 0.0107
3.136 4.744 3.500 0.2092 0.9778 0.0110
3.136 4.744 3.500 0.2092 0.9778 0.0110
2.820 4.823 3.000 0.2055 0.9786 0.0107
2.788 4.819 3.500 0.2092 0.9778 0.0098
3.136 4.744 3.500 0.2092 0.9778 0.0110
2.788 4.819 3.500 0.2092 0.9778 0.0098
3.120 4.742 3.757 0.2109 0.9774 0.0111
3.120 4.742 3.757 0.2109 0.9774 0.0111
2.788 4.819 3.500 0.2092 0.9778 0.0098
2.761 4.814 4.000 0.2126 0.9771 0.0087
3.120 4.742 3.757 0.2109 0.9774 0.0111
2.761 4.814 4.000 0.2126 0.9771 0.0087
2.737 4.811 4.500 0.2156 0.9764 0.0077
3.120 4.742 3.757 0.2109 0.9774 0.0111
2.737 4.811 4.500 0.2156 0.9764 0.0077
2.733 4.810 4.596 0.2161 0.9763 0.0077
3.755 4.907 -6.000 0.1341 0.9909 0.0108
3.286 4.970 -6.000 0.1341 0.9909 0.0095
3.698 4.904 -5.500 0.1370 0.9905 0.0111
3.698 4.904 -5.500 0.1370 0.9905 0.0111
3.286 4.970 -6.000 0.1341 0.9909 0.0095
3.236 4.968 -5.500 0.1370 0.9905 0.0097
3.698 4.904 -5.500 0.1370 0.9905 0.0111
3.236 4.968 -5.500 0.1370 0.9905 0.0097
3.642 4.900 -5.000 0.1400 0.9901 0.0115
3.642 4.900 -5.000 0.1400 0.9901 0.0115
3.236 4.968 -5.500 0.1370 0.9905 0.0097
3.187 4.965 -5.000 0.1400 0.9901 0.0100
3.642 4.900 -5.000 0.1400 0.9901 0.0115
3.187 4.965 -5.000 0.1400 0.9901 0.0100
3.585 4.897 -4.500 0.1431 0.9896 0.0118
3.585 4.897 -4.500 0.1431 0.9896 0.0118
3.187 4.965 -5.000 0.1400 0.9901 0.0100
3.137 4.961 -4.500 0.1431 0.9897 0.0103
3.585 4.897 -4.500 0.1431 0.9896 0.0118
3.137 4.961 -4.500 0.1431 0.9897 0.0103
3.528 4.893 -4.000 0.1464 0.9892 0.0122
3.528 4.893 -4.000 0.1464 0.9892 0.0122
3.137 4.961 -4.500 0.1431 0.9897 0.0103
3.087 4.958 -4.000 0.1464 0.9892 0.0107
3.528 4.893 -4.000 0.1464 0.9892 0.0122
3.087 4.958 -4.000 0.1464 0.9892 0.0107
3.471 4.889 -3.500 0.1498 0.9886 0.0125
3.471 4.889 -3.500 0.1498 0.9886 0.0125
3.087 4.958 -4.000 0.1464 0.9892 0.0107
3.038 4.955 -3.500 0.1498 0.9886 0.0109
3.471 4.889 -3.500 0.1498 0.9886 0.0125
3.038 4.955 -3.500 0.1498 0.9886 0.0109
3.415 4.885 -3.000 0.1534 0.9881 0.0130
3.415 4.885 -3.000 0.1534 0.9881 0.0130
3.038 4.955 -3.500 0.1498 0.9886 0.0109
2.989 4.951 -3.000 0.1534 0.9881 0.0113
3.415 4.885 -3.000 0.1534 0.9881 0.0130
2.989 4.951 -3.000 0.1534 0.9881 0.0113
3.398 4.883 -2.850 0.1546 0.9879 0.0131
3.398 4.883 -2.850 0.1546 0.9879 0.0131
2.989 4.951 -3.000 0.1534 0.9881 0.0113
2.974 4.950 -2.850 0.1546 0.9879 0.0115
3.398 4.883 -2.850 0.1546 0.9879 0.0131
2.974 4.950 -2.850 0.1546 0.9879 0.0115
3.358 4.880 -2.500 0.1572 0.9875 0.0134
3.358 4.880 -2.500 0.1572 0.9875 0.0134
2.974 4.950 -2.850 0.1546 0.9879 0.0115
2.939 4.947 -2.500 0.1572 0.9875 0.0117
3.358 4.880 -2.500 0.1572 0.9875 0.0134
2.939 4.947 -2.500 0.1572 0.9875 0.0117
3.302 4.876 -2.000 0.1612 0.9868 0.0138
3.302 4.876 -2.000 0.1612 0.9868 0.0138
2.939 4.947 -2.500 0.1572 0.9875 0.0117
2.890 4.943 -2.000 0.1612 0.9868 0.0121
3.302 4.876 -2.000 0.1612 0.9868 0.0138
2.890 4.943 -2.000 0.1612 0.9868 0.0121
3.245 4.871 -1.500 0.1654 0.9861 0.0143
3.245 4.871 -1.500 0.1654 0.9861 0.0143
2.890 4.943 -2.000 0.1612 0.9868 0.0121
2.840 4.939 -1.500 0.1654 0.9861 0.0125
3.245 4.871 -1.500 0.1654 0.9861 0.0143
2.840 4.939 -1.500 0.1654 0.9861 0.0125
3.206 4.867 -1.150 0.1684 0.9856 0.0146
3.206 4.867 -1.150 0.1684 0.9856 0.0146
2.840 4.939 -1.500 0.1654 0.9861 0.0125
2.806 4.936 -1.150 0.1684 0.9856 0.0128
3.206 4.867 -1.150 0.1684 0.9856 0.0146
2.806 4.936 -1.150 0.1684 0.9856 0.0128
3.189 4.866 -1.000 0.1698 0.9854 0.0149
3.189 4.866 -1.000 0.1698 0.9854 0.0149
2.806 4.936 -1.150 0.1684 0.9856 0.0128
2.791 4.934 -1.000 0.1698 0.9854 0.0130
3.189 4.866 -1.000 0.1698 0.9854 0.0149
2.791 4.934 -1.000 0.1698 0.9854 0.0130
3.132 4.860 -0.500 0.1744 0.9846 0.0150
3.132 4.860 -0.500 0.1744 0.9846 0.0150
2.791 4.934 -1.000 0.1698 0.9854 0.0130
2.742 4.929 -0.500 0.1744 0.9846 0.0132
3.132 4.860 -0.500 0.1744 0.9846 0.0150
2.742 4.929 -0.500 0.1744 0.9846 0.0132
3.077 4.855 0.000 0.1792 0.9837 0.0147
3.077 4.855 0.000 0.1792 0.9837 0.0147
2.742 4.929 -0.500 0.1744 0.9846 0.0132
2.693 4.924 0.000 0.1792 0.9837 0.0128
3.077 4.855 0.000 0.1792 0.9837 0.0147
2.693 4.924 0.000 0.1792 0.9837 0.0128
3.026 4.849 0.500 0.1839 0.9828 0.0142
3.026 4.849 0.500 0.1839 0.9828 0.0142
2.693 4.924 0.000 0.1792 0.9837 0.0128
2.648 4.920 0.500 0.1839 0.9829 0.0124
3.026 4.849 0.500 0.1839 0.9828 0.0142
2.648 4.920 0.500 0.1839 0.9829 0.0124
2.978 4.843 1.000 0.1885 0.9820 0.0136
2.978 4.843 1.000 0.1885 0.9820 0.0136
2.648 4.920 0.500 0.1839 0.9829 0.0124
2.606 4.915 1.000 0.1885 0.9820 0.0119
2.978 4.843 1.000 0.1885 0.9820 0.0136
2.606 4.915 1.000 0.1885 0.9820 0.0119
2.933 4.838 1.500 0.1930 0.9811 0.0130
2.933 4.838 1.500 0.1930 0.9811 0.0130
2.606 4.915 1.000 0.1885 0.9820 0.0119
2.567 4.910 1.500 0.1930 0.9811 0.0114
2.933 4.838 1.500 0.1930 0.9811 0.0130
2.567 4.910 1.500 0.1930 0.9811 0.0114
2.892 4.833 2.000 0.1974 0.9803 0.0123
2.892 4.833 2.000 0.1974 0.9803 0.0123
2.567 4.910 1.500 0.1930 0.9811 0.0114
2.531 4.905 2.000 0.1974 0.9803 0.0108
2.892 4.833 2.000 0.1974 0.9803 0.0123
2.531 4.905 2.000 0.1974 0.9803 0.0108
2.854 4.828 2.500 0.2015 0.9794 0.0115
2.854 4.828 2.500 0.2015 0.9794 0.0115
2.531 4.905 2.000 0.1974 0.9803 0.0108
2.498 4.901 2.500 0.2015 0.9794 0.0101
2.854 4.828 2.500 0.2015 0.9794 0.0115
2.498 4.901 2.500 0.2015 0.9794 0.0101
2.820 4.823 3.000 0.2055 0.9786 0.0107
2.820 4.823 3.000 0.2055 0.9786 0.0107
2.498 4.901 2.500 0.2015 0.9794 0.0101
2.468 4.897 3.000 0.2055 0.9786 0.0094
2.820 4.823 3.000 0.2055 0.9786 0.0107
2.468 4.897 3.000 0.2055 0.9786 0.0094
2.788 4.819 3.500 0.2092 0.9778 0.0098
2.788 4.819 3.500 0.2092 0.9778 0.0098
2.468 4.897 3.000 0.2055 0.9786 0.0094
2.441 4.893 3.500 0.2092 0.9778 0.0085
2.788 4.819 3.500 0.2092 0.9778 0.0098
2.441 4.893 3.500 0.2092 0.9778 0.0085
2.761 4.814 4.000 0.2126 0.9771 0.0087
2.761 4.814 4.000 0.2126 0.9771 0.0087
2.441 4.893 3.500 0.2092 0.9778 0.0085
2.417 4.889 4.000 0.2126 0.9771 0.0076
2.761 4.814 4.000 0.2126 0.9771 0.0087
2.417 4.889 4.000 0.2126 0.9771 0.0076
2.737 4.811 4.500 0.2156 0.9764 0.0077
2.737 4.811 4.500 0.2156 0.9764 0.0077
2.417 4.889 4.000 0.2126 0.9771 0.0076
2.396 4.886 4.500 0.2156 0.9765 0.0067
2.737 4.811 4.500 0.2156 0.9764 0.0077
2.396 4.886 4.500 0.2156 0.9765 0.0067
2.733 4.810 4.596 0.2161 0.9763 0.0077
2.733 4.810 4.596 0.2161 0.9763 0.0077
2.396 4.886 4.500 0.2156 0.9765 0.0067
2.378 4.883 5.000 0.2183 0.9759 0.0057
2.733 4.810 4.596 0.2161 0.9763 0.0077
2.378 4.883 5.000 0.2183 0.9759 0.0057
2.370 4.882 5.277 0.2196 0.9756 0.0058
3.286 4.970 -6.000 0.1341 0.9909 0.0095
2.817 5.034 -6.000 0.1341 0.9909 0.0081
3.236 4.968 -5.500 0.1370 0.9905 0.0097
3.236 4.968 -5.500 0.1370 0.9905 0.0097
2.817 5.034 -6.000 0.1341 0.9909 0.0081
2.774 5.031 -5.500 0.1370 0.9905 0.0083
3.236 4.968 -5.500 0.1370 0.9905 0.0097
2.774 5.031 -5.500 0.1370 0.9905 0.0083
3.187 4.965 -5.000 0.1400 0.9901 0.0100
3.187 4.965 -5.000 0.1400 0.9901 0.0100
2.774 5.031 -5.500 0.1370 0.9905 0.0083
2.732 5.029 -5.000 0.1400 0.9901 0.0086
3.187 4.965 -5.000 0.1400 0.9901 0.0100
2.732 5.029 -5.000 0.1400 0.9901 0.0086
3.137 4.961 -4.500 0.1431 0.9897 0.0103
3.137 4.961 -4.500 0.1431 0.9897 0.0103
2.732 5.029 -5.000 0.1400 0.9901 0.0086
2.689 5.026 -4.500 0.1431 0.9897 0.0089
3.137 4.961 -4.500 0.1431 0.9897 0.0103
2.689 5.026 -4.500 0.1431 0.9897 0.0089
3.087 4.958 -4.000 0.1464 0.9892 0.0107
3.087 4.958 -4.000 0.1464 0.9892 0.0107
2.689 5.026 -4.500 0.1431 0.9897 0.0089
2.647 5.023 -4.000 0.1464 0.9892 0.0091
3.087 4.958 -4.000 0.1464 0.9892 0.0107
2.647 5.023 -4.000 0.1464 0.9892 0.0091
3.038 4.955 -3.500 0.1498 0.9886 0.0109
3.038 4.955 -3.500 0.1498 0.9886 0.0109
2.647 5.023 -4.000 0.1464 0.9892 0.0091
2.604 5.020 -3.500 0.1499 0.9887 0.0094
3.038 4.955 -3.500 0.1498 0.9886 0.0109
2.604 5.020 -3.500 0.1499 0.9887 0.0094
2.989 4.951 -3.000 0.1534 0.9881 0.0113
2.989 4.951 -3.000 0.1534 0.9881 0.0113
2.604 5.020 -3.500 0.1499 0.9887 0.0094
2.562 5.017 -3.000 0.1535 0.9881 0.0097
2.989 4.951 -3.000 0.1534 0.9881 0.0113
2.562 5.017 -3.000 0.1535 0.9881 0.0097
2.974 4.950 -2.850 0.1546 0.9879 0.0115
2.974 4.950 -2.850 0.1546 0.9879 0.0115
2.562 5.017 -3.000 0.1535 0.9881 0.0097
2.549 5.016 -2.850 0.1546 0.9879 0.0098
2.974 4.950 -2.850 0.1546 0.9879 0.0115
2.549 5.016 -2.850 0.1546 0.9879 0.0098
2.939 4.947 -2.500 0.1572 0.9875 0.0117
2.939 4.947 -2.500 0.1572 0.9875 0.0117
2.549 5.016 -2.850 0.1546 0.9879 0.0098
2.520 5.014 -2.500 0.1572 0.9875 0.0100
2.939 4.947 -2.500 0.1572 0.9875 0.0117
2.520 5.014 -2.500 0.1572 0.9875 0.0100
2.890 4.943 -2.000 0.1612 0.9868 0.0121
2.890 4.943 -2.000 0.1612 0.9868 0.0121
2.520 5.014 -2.500 0.1572 0.9875 0.0100
2.477 5.010 -2.000 0.1612 0.9869 0.0104
2.890 4.943 -2.000 0.1612 0.9868 0.0121
2.477 5.010 -2.000 0.1612 0.9869 0.0104
2.840 4.939 -1.500 0.1654 0.9861 0.0125
2.840 4.939 -1.500 0.1654 0.9861 0.0125
2.477 5.010 -2.000 0.1612 0.9869 0.0104
2.435 5.007 -1.500 0.1654 0.9862 0.0107
2.840 4.939 -1.500 0.1654 0.9861 0.0125
2.435 5.007 -1.500 0.1654 0.9862 0.0107
2.806 4.936 -1.150 0.1684 0.9856 0.0128
2.806 4.936 -1.150 0.1684 0.9856 0.0128
2.435 5.007 -1.500 0.1654 0.9862 0.0107
2.406 5.004 -1.150 0.1684 0.9857 0.0110
2.806 4.936 -1.150 0.1684 0.9856 0.0128
2.406 5.004 -1.150 0.1684 0.9857 0.0110
2.791 4.934 -1.000 0.1698 0.9854 0.0130
2.791 4.934 -1.000 0.1698 0.9854 0.0130
2.406 5.004 -1.150 0.1684 0.9857 0.0110
2.393 5.003 -1.000 0.1698 0.9854 0.0112
2.791 4.934 -1.000 0.1698 0.9854 0.0130
2.393 5.003 -1.000 0.1698 0.9854 0.0112
2.742 4.929 -0.500 0.1744 0.9846 0.0132
2.742 4.929 -0.500 0.1744 0.9846 0.0132
2.393 5.003 -1.000 0.1698 0.9854 0.0112
2.351 4.999 -0.500 0.1744 0.9846 0.0113
2.742 4.929 -0.500 0.1744 0.9846 0.0132
2.351 4.999 -0.500 0.1744 0.9846 0.0113
2.693 4.924 0.000 0.1792 0.9837 0.0128
2.693 4.924 0.000 0.1792 0.9837 0.0128
2.351 4.999 -0.500 0.1744 0.9846 0.0113
2.310 4.994 0.000 0.1792 0.9838 0.0110
2.693 4.924 0.000 0.1792 0.9837 0.0128
2.310 4.994 0.000 0.1792 0.9838 0.0110
2.648 4.920 0.500 0.1839 0.9829 0.0124
2.648 4.920 0.500 0.1839 0.9829 0.0124
2.310 4.994 0.000 0.1792 0.9838 0.0110
2.271 4.990 0.500 0.1839 0.9829 0.0106
2.648 4.920 0.500 0.1839 0.9829 0.0124
2.271 4.990 0.500 0.1839 0.9829 0.0106
2.606 4.915 1.000 0.1885 0.9820 0.0119
2.606 4.915 1.000 0.1885 0.9820 0.0119
2.271 4.990 0.500 0.1839 0.9829 0.0106
2.235 4.986 1.000 0.1885 0.9820 0.0102
2.606 4.915 1.000 0.1885 0.9820 0.0119
2.235 4.986 1.000 0.1885 0.9820 0.0102
2.567 4.910 1.500 0.1930 0.9811 0.0114
2.567 4.910 1.500 0.1930 0.9811 0.0114
2.235 4.986 1.000 0.1885 0.9820 0.0102
2.202 4.982 1.500 0.1930 0.9811 0.0098
2.567 4.910 1.500 0.1930 0.9811 0.0114
2.202 4.982 1.500 0.1930 0.9811 0.0098
2.531 4.905 2.000 0.1974 0.9803 0.0108
2.531 4.905 2.000 0.1974 0.9803 0.0108
2.202 4.982 1.500 0.1930 0.9811 0.0098
2.171 4.978 2.000 0.1974 0.9803 0.0092
2.531 4.905 2.000 0.1974 0.9803 0.0108
2.171 4.978 2.000 0.1974 0.9803 0.0092
2.498 4.901 2.500 0.2015 0.9794 0.0101
2.498 4.901 2.500 0.2015 0.9794 0.0101
2.171 4.978 2.000 0.1974 0.9803 0.0092
2.143 4.974 2.500 0.2015 0.9794 0.0086
2.498 4.901 2.500 0.2015 0.9794 0.0101
2.143 4.974 2.500 0.2015 0.9794 0.0086
2.468 4.897 3.000 0.2055 0.9786 0.0094
2.468 4.897 3.000 0.2055 0.9786 0.0094
2.143 4.974 2.500 0.2015 0.9794 0.0086
2.117 4.971 3.000 0.2055 0.9786 0.0081
2.468 4.897 3.000 0.2055 0.9786 0.0094
2.117 4.971 3.000 0.2055 0.9786 0.0081
2.441 4.893 3.500 0.2092 0.9778 0.0085
2.441 4.893 3.500 0.2092 0.9778 0.0085
2.117 4.971 3.000 0.2055 0.9786 0.0081
2.094 4.967 3.500 0.2092 0.9778 0.0073
2.441 4.893 3.500 0.2092 0.9778 0.0085
2.094 4.967 3.500 0.2092 0.9778 0.0073
2.417 4.889 4.000 0.2126 0.9771 0.0076
2.417 4.889 4.000 0.2126 0.9771 0.0076
2.094 4.967 3.500 0.2092 0.9778 0.0073
2.073 4.964 4.000 0.2126 0.9771 0.0065
2.417 4.889 4.000 0.2126 0.9771 0.0076
2.073 4.964 4.000 0.2126 0.9771 0.0065
2.396 4.886 4.500 0.2156 0.9765 0.0067
2.396 4.886 4.500 0.2156 0.9765 0.0067
2.073 4.964 4.000 0.2126 0.9771 0.0065
2.055 4.961 4.500 0.2156 0.9765 0.0058
2.396 4.886 4.500 0.2156 0.9765 0.0067
2.055 4.961 4.500 0.2156 0.9765 0.0058
2.378 4.883 5.000 0.2183 0.9759 0.0057
2.378 4.883 5.000 0.2183 0.9759 0.0057
2.055 4.961 4.500 0.2156 0.9765 0.0058
2.040 4.959 5.000 0.2183 0.9759 0.0049
2.378 4.883 5.000 0.2183 0.9759 0.0057
2.040 4.959 5.000 0.2183 0.9759 0.0049
2.370 4.882 5.277 0.2196 0.9756 0.0058
2.370 4.882 5.277 0.2196 0.9756 0.0058
2.040 4.959 5.000 0.2183 0.9759 0.0049
2.027 4.956 5.500 0.2206 0.9753 0.0047
2.370 4.882 5.277 0.2196 0.9756 0.0058
2.027 4.956 5.500 0.2206 0.9753 0.0047
2.015 4.955 5.974 0.2228 0.9749 0.0048
2.817 5.034 -6.000 0.1341 0.9909 0.0081
2.348 5.097 -6.000 0.1341 0.9909 0.0068
2.774 5.031 -5.500 0.1370 0.9905 0.0083
2.774 5.031 -5.500 0.1370 0.9905 0.0083
2.348 5.097 -6.000 0.1341 0.9909 0.0068
2.313 5.095 -5.500 0.1370 0.9906 0.0069
2.774 5.031 -5.500 0.1370 0.9905 0.0083
2.313 5.095 -5.500 0.1370 0.9906 0.0069
2.732 5.029 -5.000 0.1400 0.9901 0.0086
2.732 5.029 -5.000 0.1400 0.9901 0.0086
2.313 5.095 -5.500 0.1370 0.9906 0.0069
2.277 5.093 -5.000 0.1400 0.9901 0.0072
2.732 5.029 -5.000 0.1400 0.9901 0.0086
2.277 5.093 -5.000 0.1400 0.9901 0.0072
2.689 5.026 -4.500 0.1431 0.9897 0.0089
2.689 5.026 -4.500 0.1431 0.9897 0.0089
2.277 5.093 -5.000 0.1400 0.9901 0.0072
2.242 5.091 -4.500 0.1431 0.9897 0.0074
2.689 5.026 -4.500 0.1431 0.9897 0.0089
2.242 5.091 -4.500 0.1431 0.9897 0.0074
2.647 5.023 -4.000 0.1464 0.9892 0.0091
2.647 5.023 -4.000 0.1464 0.9892 0.0091
2.242 5.091 -4.500 0.1431 0.9897 0.0074
2.206 5.088 -4.000 0.1464 0.9892 0.0076
2.647 5.023 -4.000 0.1464 0.9892 0.0091
2.206 5.088 -4.000 0.1464 0.9892 0.0076
2.604 5.020 -3.500 0.1499 0.9887 0.0094
2.604 5.020 -3.500 0.1499 0.9887 0.0094
2.206 5.088 -4.000 0.1464 0.9892 0.0076
2.171 5.086 -3.500 0.1499 0.9887 0.0078
2.604 5.020 -3.500 0.1499 0.9887 0.0094
2.171 5.086 -3.500 0.1499 0.9887 0.0078
2.562 5.017 -3.000 0.1535 0.9881 0.0097
2.562 5.017 -3.000 0.1535 0.9881 0.0097
2.171 5.086 -3.500 0.1499 0.9887 0.0078
2.136 5.083 -3.000 0.1535 0.9881 0.0081
2.562 5.017 -3.000 0.1535 0.9881 0.0097
2.136 5.083 -3.000 0.1535 0.9881 0.0081
2.549 5.016 -2.850 0.1546 0.9879 0.0098
2.549 5.016 -2.850 0.1546 0.9879 0.0098
2.136 5.083 -3.000 0.1535 0.9881 0.0081
2.125 5.083 -2.850 0.1546 0.9879 0.0082
2.549 5.016 -2.850 0.1546 0.9879 0.0098
2.125 5.083 -2.850 0.1546 0.9879 0.0082
2.520 5.014 -2.500 0.1572 0.9875 0.0100
2.520 5.014 -2.500 0.1572 0.9875 0.0100
2.125 5.083 -2.850 0.1546 0.9879 0.0082
2.101 5.081 -2.500 0.1572 0.9875 0.0084
2.520 5.014 -2.500 0.1572 0.9875 0.0100
2.101 5.081 -2.500 0.1572 0.9875 0.0084
2.477 5.010 -2.000 0.1612 0.9869 0.0104
2.477 5.010 -2.000 0.1612 0.9869 0.0104
2.101 5.081 -2.500 0.1572 0.9875 0.0084
2.065 5.078 -2.000 0.1612 0.9869 0.0087
2.477 5.010 -2.000 0.1612 0.9869 0.0104
2.065 5.078 -2.000 0.1612 0.9869 0.0087
2.435 5.007 -1.500 0.1654 0.9862 0.0107
2.435 5.007 -1.500 0.1654 0.9862 0.0107
2.065 5.078 -2.000 0.1612 0.9869 0.0087
2.030 5.075 -1.500 0.1654 0.9862 0.0089
2.435 5.007 -1.500 0.1654 0.9862 0.0107
2.030 5.075 -1.500 0.1654 0.9862 0.0089
2.406 5.004 -1.150 0.1684 0.9857 0.0110
2.406 5.004 -1.150 0.1684 0.9857 0.0110
2.030 5.075 -1.500 0.1654 0.9862 0.0089
2.006 5.072 -1.150 0.1684 0.9857 0.0092
2.406 5.004 -1.150 0.1684 0.9857 0.0110
2.006 5.072 -1.150 0.1684 0.9857 0.0092
2.393 5.003 -1.000 0.1698 0.9854 0.0112
2.393 5.003 -1.000 0.1698 0.9854 0.0112
2.006 5.072 -1.150 0.1684 0.9857 0.0092
1.995 5.071 -1.000 0.1698 0.9854 0.0093
2.393 5.003 -1.000 0.1698 0.9854 0.0112
1.995 5.071 -1.000 0.1698 0.9854 0.0093
2.351 4.999 -0.500 0.1744 0.9846 0.0113
2.351 4.999 -0.500 0.1744 0.9846 0.0113
1.995 5.071 -1.000 0.1698 0.9854 0.0093
1.960 5.068 -0.500 0.1744 0.9846 0.0094
2.351 4.999 -0.500 0.1744 0.9846 0.0113
1.960 5.068 -0.500 0.1744 0.9846 0.0094
2.310 4.994 0.000 0.1792 0.9838 0.0110
2.310 4.994 0.000 0.1792 0.9838 0.0110
1.960 5.068 -0.500 0.1744 0.9846 0.0094
1.926 5.064 0.000 0.1792 0.9838 0.0092
2.310 4.994 0.000 0.1792 0.9838 0.0110
1.926 5.064 0.000 0.1792 0.9838 0.0092
2.271 4.990 0.500 0.1839 0.9829 0.0106
2.271 4.990 0.500 0.1839 0.9829 0.0106
1.926 5.064 0.000 0.1792 0.9838 0.0092
1.894 5.061 0.500 0.1839 0.9829 0.0089
2.271 4.990 0.500 0.1839 0.9829 0.0106
1.894 5.061 0.500 0.1839 0.9829 0.0089
2.235 4.986 1.000 0.1885 0.9820 0.0102
2.235 4.986 1.000 0.1885 0.9820 0.0102
1.894 5.061 0.500 0.1839 0.9829 0.0089
1.864 5.057 1.000 0.1885 0.9820 0.0085
2.235 4.986 1.000 0.1885 0.9820 0.0102
1.864 5.057 1.000 0.1885 0.9820 0.0085
2.202 4.982 1.500 0.1930 0.9811 0.0098
2.202 4.982 1.500 0.1930 0.9811 0.0098
1.864 5.057 1.000 0.1885 0.9820 0.0085
1.836 5.054 1.500 0.1930 0.9812 0.0082
2.202 4.982 1.500 0.1930 0.9811 0.0098
1.836 5.054 1.500 0.1930 0.9812 0.0082
2.171 4.978 2.000 0.1974 0.9803 0.0092
2.171 4.978 2.000 0.1974 0.9803 0.0092
1.836 5.054 1.500 0.1930 0.9812 0.0082
1.811 5.050 2.000 0.1974 0.9803 0.0077
2.171 4.978 2.000 0.1974 0.9803 0.0092
1.811 5.050 2.000 0.1974 0.9803 0.0077
2.143 4.974 2.500 0.2015 0.9794 0.0086
2.143 4.974 2.500 0.2015 0.9794 0.0086
1.811 5.050 2.000 0.1974 0.9803 0.0077
1.787 5.047 2.500 0.2015 0.9795 0.0072
2.143 4.974 2.500 0.2015 0.9794 0.0086
1.787 5.047 2.500 0.2015 0.9795 0.0072
2.117 4.971 3.000 0.2055 0.9786 0.0081
2.117 4.971 3.000 0.2055 0.9786 0.0081
1.787 5.047 2.500 0.2015 0.9795 0.0072
1.766 5.044 3.000 0.2055 0.9786 0.0067
2.117 4.971 3.000 0.2055 0.9786 0.0081
1.766 5.044 3.000 0.2055 0.9786 0.0067
2.094 4.967 3.500 0.2092 0.9778 0.0073
2.094 4.967 3.500 0.2092 0.9778 0.0073
1.766 5.044 3.000 0.2055 0.9786 0.0067
1.747 5.041 3.500 0.2092 0.9779 0.0061
2.094 4.967 3.500 0.2092 0.9778 0.0073
1.747 5.041 3.500 0.2092 0.9779 0.0061
2.073 4.964 4.000 0.2126 0.9771 0.0065
2.073 4.964 4.000 0.2126 0.9771 0.0065
1.747 5.041 3.500 0.2092 0.9779 0.0061
1.730 5.039 4.000 0.2126 0.9771 0.0055
2.073 4.964 4.000 0.2126 0.9771 0.0065
1.730 5.039 4.000 0.2126 0.9771 0.0055
2.055 4.961 4.500 0.2156 0.9765 0.0058
2.055 4.961 4.500 0.2156 0.9765 0.0058
1.730 5.039 4.000 0.2126 0.9771 0.0055
1.715 5.036 4.500 0.2156 0.9765 0.0048
2.055 4.961 4.500 0.2156 0.9765 0.0058
1.715 5.036 4.500 0.2156 0.9765 0.0048
2.040 4.959 5.000 0.2183 0.9759 0.0049
2.040 4.959 5.000 0.2183 0.9759 0.0049
1.715 5.036 4.500 0.2156 0.9765 0.0048
1.702 5.034 5.000 0.2183 0.9759 0.0041
2.040 4.959 5.000 0.2183 0.9759 0.0049
1.702 5.034 5.000 0.2183 0.9759 0.0041
2.027 4.956 5.500 0.2206 0.9753 0.0047
2.027 4.956 5.500 0.2206 0.9753 0.0047
1.702 5.034 5.000 0.2183 0.9759 0.0041
1.691 5.032 5.500 0.2206 0.9753 0.0039
2.027 4.956 5.500 0.2206 0.9753 0.0047
1.691 5.032 5.500 0.2206 0.9753 0.0039
2.015 4.955 5.974 0.2228 0.9749 0.0048
2.015 4.955 5.974 0.2228 0.9749 0.0048
1.691 5.032 5.500 0.2206 0.9753 0.0039
1.681 5.031 6.000 0.2229 0.9748 0.0040
2.348 5.097 -6.000 0.1341 0.9909 0.0068
1.879 5.161 -6.000 0.1341 0.9910 0.0054
2.313 5.095 -5.500 0.1370 0.9906 0.0069
2.313 5.095 -5.500 0.1370 0.9906 0.0069
1.879 5.161 -6.000 0.1341 0.9910 0.0054
1.851 5.159 -5.500 0.1370 0.9906 0.0056
2.313 5.095 -5.500 0.1370 0.9906 0.0069
1.851 5.159 -5.500 0.1370 0.9906 0.0056
2.277 5.093 -5.000 0.1400 0.9901 0.0072
2.277 5.093 -5.000 0.1400 0.9901 0.0072
1.851 5.159 -5.500 0.1370 0.9906 0.0056
1.822 5.157 -5.000 0.1400 0.9901 0.0057
2.277 5.093 -5.000 0.1400 0.9901 0.0072
1.822 5.157 -5.000 0.1400 0.9901 0.0057
2.242 5.091 -4.500 0.1431 0.9897 0.0074
2.242 5.091 -4.500 0.1431 0.9897 0.0074
1.822 5.157 -5.000 0.1400 0.9901 0.0057
1.794 5.156 -4.500 0.1431 0.9897 0.0059
2.242 5.091 -4.500 0.1431 0.9897 0.0074
1.794 5.156 -4.500 0.1431 0.9897 0.0059
2.206 5.088 -4.000 0.1464 0.9892 0.0076
2.206 5.088 -4.000 0.1464 0.9892 0.0076
1.794 5.156 -4.500 0.1431 0.9897 0.0059
1.766 5.154 -4.000 0.1464 0.9892 0.0061
2.206 5.088 -4.000 0.1464 0.9892 0.0076
1.766 5.154 -4.000 0.1464 0.9892 0.0061
2.171 5.086 -3.500 0.1499 0.9887 0.0078
2.171 5.086 -3.500 0.1499 0.9887 0.0078
1.766 5.154 -4.000 0.1464 0.9892 0.0061
1.738 5.152 -3.500 0.1499 0.9887 0.0063
2.171 5.086 -3.500 0.1499 0.9887 0.0078
1.738 5.152 -3.500 0.1499 0.9887 0.0063
2.136 5.083 -3.000 0.1535 0.9881 0.0081
2.136 5.083 -3.000 0.1535 0.9881 0.0081
1.738 5.152 -3.500 0.1499 0.9887 0.0063
1.709 5.150 -3.000 0.1535 0.9881 0.0065
2.136 5.083 -3.000 0.1535 0.9881 0.0081
1.709 5.150 -3.000 0.1535 0.9881 0.0065
2.125 5.083 -2.850 0.1546 0.9879 0.0082
2.125 5.083 -2.850 0.1546 0.9879 0.0082
1.709 5.150 -3.000 0.1535 0.9881 0.0065
1.701 5.149 -2.850 0.1546 0.9880 0.0066
2.125 5.083 -2.850 0.1546 0.9879 0.0082
1.701 5.149 -2.850 0.1546 0.9880 0.0066
2.101 5.081 -2.500 0.1572 0.9875 0.0084
2.101 5.081 -2.500 0.1572 0.9875 0.0084
1.701 5.149 -2.850 0.1546 0.9880 0.0066
1.681 5.147 -2.500 0.1572 0.9875 0.0067
2.101 5.081 -2.500 0.1572 0.9875 0.0084
1.681 5.147 -2.500 0.1572 0.9875 0.0067
2.065 5.078 -2.000 0.1612 0.9869 0.0087
2.065 5.078 -2.000 0.1612 0.9869 0.0087
1.681 5.147 -2.500 0.1572 0.9875 0.0067
1.653 5.145 -2.000 0.1612 0.9869 0.0069
2.065 5.078 -2.000 0.1612 0.9869 0.0087
1.653 5.145 -2.000 0.1612 0.9869 0.0069
2.030 5.075 -1.500 0.1654 0.9862 0.0089
2.030 5.075 -1.500 0.1654 0.9862 0.0089
1.653 5.145 -2.000 0.1612 0.9869 0.0069
1.625 5.142 -1.500 0.1654 0.9862 0.0072
2.030 5.075 -1.500 0.1654 0.9862 0.0089
1.625 5.142 -1.500 0.1654 0.9862 0.0072
2.006 5.072 -1.150 0.1684 0.9857 0.0092
2.006 5.072 -1.150 0.1684 0.9857 0.0092
1.625 5.142 -1.500 0.1654 0.9862 0.0072
1.606 5.141 -1.150 0.1684 0.9857 0.0073
2.006 5.072 -1.150 0.1684 0.9857 0.0092
1.606 5.141 -1.150 0.1684 0.9857 0.0073
1.995 5.071 -1.000 0.1698 0.9854 0.0093
1.995 5.071 -1.000 0.1698 0.9854 0.0093
1.606 5.141 -1.150 0.1684 0.9857 0.0073
1.597 5.140 -1.000 0.1698 0.9855 0.0074
1.995 5.071 -1.000 0.1698 0.9854 0.0093
1.597 5.140 -1.000 0.1698 0.9855 0.0074
1.960 5.068 -0.500 0.1744 0.9846 0.0094
1.960 5.068 -0.500 0.1744 0.9846 0.0094
1.597 5.140 -1.000 0.1698 0.9855 0.0074
1.569 5.137 -0.500 0.1744 0.9846 0.0075
1.960 5.068 -0.500 0.1744 0.9846 0.0094
1.569 5.137 -0.500 0.1744 0.9846 0.0075
1.926 5.064 0.000 0.1792 0.9838 0.0092
1.926 5.064 0.000 0.1792 0.9838 0.0092
1.569 5.137 -0.500 0.1744 0.9846 0.0075
1.542 5.134 0.000 0.1792 0.9838 0.0073
1.926 5.064 0.000 0.1792 0.9838 0.0092
1.542 5.134 0.000 0.1792 0.9838 0.0073
1.894 5.061 0.500 0.1839 0.9829 0.0089
1.894 5.061 0.500 0.1839 0.9829 0.0089
1.542 5.134 0.000 0.1792 0.9838 0.0073
1.516 5.131 0.500 0.1839 0.9829 0.0071
1.894 5.061 0.500 0.1839 0.9829 0.0089
1.516 5.131 0.500 0.1839 0.9829 0.0071
1.864 5.057 1.000 0.1885 0.9820 0.0085
1.864 5.057 1.000 0.1885 0.9820 0.0085
1.516 5.131 0.500 0.1839 0.9829 0.0071
1.493 5.128 1.000 0.1885 0.9820 0.0068
1.864 5.057 1.000 0.1885 0.9820 0.0085
1.493 5.128 1.000 0.1885 0.9820 0.0068
1.836 5.054 1.500 0.1930 0.9812 0.0082
1.836 5.054 1.500 0.1930 0.9812 0.0082
1.493 5.128 1.000 0.1885 0.9820 0.0068
1.471 5.126 1.500 0.1930 0.9812 0.0065
1.836 5.054 1.500 0.1930 0.9812 0.0082
1.471 5.126 1.500 0.1930 0.9812 0.0065
1.811 5.050 2.000 0.1974 0.9803 0.0077
1.811 5.050 2.000 0.1974 0.9803 0.0077
1.471 5.126 1.500 0.1930 0.9812 0.0065
1.450 5.123 2.000 0.1974 0.9803 0.0062
1.811 5.050 2.000 0.1974 0.9803 0.0077
1.450 5.123 2.000 0.1974 0.9803 0.0062
1.787 5.047 2.500 0.2015 0.9795 0.0072
1.787 5.047 2.500 0.2015 0.9795 0.0072
1.450 5.123 2.000 0.1974 0.9803 0.0062
1.432 5.120 2.500 0.2016 0.9795 0.0058
1.787 5.047 2.500 0.2015 0.9795 0.0072
1.432 5.120 2.500 0.2016 0.9795 0.0058
1.766 5.044 3.000 0.2055 0.9786 0.0067
1.766 5.044 3.000 0.2055 0.9786 0.0067
1.432 5.120 2.500 0.2016 0.9795 0.0058
1.415 5.118 3.000 0.2055 0.9786 0.0054
1.766 5.044 3.000 0.2055 0.9786 0.0067
1.415 5.118 3.000 0.2055 0.9786 0.0054
1.747 5.041 3.500 0.2092 0.9779 0.0061
1.747 5.041 3.500 0.2092 0.9779 0.0061
1.415 5.118 3.000 0.2055 0.9786 0.0054
1.400 5.116 3.500 0.2092 0.9779 0.0049
1.747 5.041 3.500 0.2092 0.9779 0.0061
1.400 5.116 3.500 0.2092 0.9779 0.0049
1.730 5.039 4.000 0.2126 0.9771 0.0055
1.730 5.039 4.000 0.2126 0.9771 0.0055
1.400 5.116 3.500 0.2092 0.9779 0.0049
1.386 5.114 4.000 0.2126 0.9771 0.0044
1.730 5.039 4.000 0.2126 0.9771 0.0055
1.386 5.114 4.000 0.2126 0.9771 0.0044
1.715 5.036 4.500 0.2156 0.9765 0.0048
1.715 5.036 4.500 0.2156 0.9765 0.0048
1.386 5.114 4.000 0.2126 0.9771 0.0044
1.374 5.112 4.500 0.2156 0.9765 0.0038
1.715 5.036 4.500 0.2156 0.9765 0.0048
1.374 5.112 4.500 0.2156 0.9765 0.0038
1.702 5.034 5.000 0.2183 0.9759 0.0041
1.702 5.034 5.000 0.2183 0.9759 0.0041
1.374 5.112 4.500 0.2156 0.9765 0.0038
1.364 5.110 5.000 0.2183 0.9759 0.0033
1.702 5.034 5.000 0.2183 0.9759 0.0041
1.364 5.110 5.000 0.2183 0.9759 0.0033
1.691 5.032 5.500 0.2206 0.9753 0.0039
1.691 5.032 5.500 0.2206 0.9753 0.0039
1.364 5.110 5.000 0.2183 0.9759 0.0033
1.356 5.108 5.500 0.2206 0.9754 0.0032
1.691 5.032 5.500 0.2206 0.9753 0.0039
1.356 5.108 5.500 0.2206 0.9754 0.0032
1.681 5.031 6.000 0.2229 0.9748 0.0040
1.681 5.031 6.000 0.2229 0.9748 0.0040
1.356 5.108 5.500 0.2206 0.9754 0.0032
1.347 5.107 6.000 0.2229 0.9748 0.0032
1.879 5.161 -6.000 0.1341 0.9910 0.0054
1.410 5.224 -6.000 0.1341 0.9910 0.0041
1.851 5.159 -5.500 0.1370 0.9906 0.0056
1.851 5.159 -5.500 0.1370 0.9906 0.0056
1.410 5.224 -6.000 0.1341 0.9910 0.0041
1.389 5.223 -5.500 0.1370 0.9906 0.0042
1.851 5.159 -5.500 0.1370 0.9906 0.0056
1.389 5.223 -5.500 0.1370 0.9906 0.0042
1.822 5.157 -5.000 0.1400 0.9901 0.0057
1.822 5.157 -5.000 0.1400 0.9901 0.0057
1.389 5.223 -5.500 0.1370 0.9906 0.0042
1.368 5.222 -5.000 0.1400 0.9901 0.0043
1.822 5.157 -5.000 0.1400 0.9901 0.0057
1.368 5.222 -5.000 0.1400 0.9901 0.0043
1.794 5.156 -4.500 0.1431 0.9897 0.0059
1.794 5.156 -4.500 0.1431 0.9897 0.0059
1.368 5.222 -5.000 0.1400 0.9901 0.0043
1.346 5.220 -4.500 0.1431 0.9897 0.0044
1.794 5.156 -4.500 0.1431 0.9897 0.0059
1.346 5.220 -4.500 0.1431 0.9897 0.0044
1.766 5.154 -4.000 0.1464 0.9892 0.0061
1.766 5.154 -4.000 0.1464 0.9892 0.0061
1.346 5.220 -4.500 0.1431 0.9897 0.0044
1.325 5.219 -4.000 0.1464 0.9892 0.0046
1.766 5.154 -4.000 0.1464 0.9892 0.0061
1.325 5.219 -4.000 0.1464 0.9892 0.0046
1.738 5.152 -3.500 0.1499 0.9887 0.0063
1.738 5.152 -3.500 0.1499 0.9887 0.0063
1.325 5.219 -4.000 0.1464 0.9892 0.0046
1.304 5.217 -3.500 0.1499 0.9887 0.0047
1.738 5.152 -3.500 0.1499 0.9887 0.0063
1.304 5.217 -3.500 0.1499 0.9887 0.0047
1.709 5.150 -3.000 0.1535 0.9881 0.0065
1.709 5.150 -3.000 0.1535 0.9881 0.0065
1.304 5.217 -3.500 0.1499 0.9887 0.0047
1.283 5.216 -3.000 0.1535 0.9881 0.0049
1.709 5.150 -3.000 0.1535 0.9881 0.0065
1.283 5.216 -3.000 0.1535 0.9881 0.0049
1.701 5.149 -2.850 0.1546 0.9880 0.0066
1.701 5.149 -2.850 0.1546 0.9880 0.0066
1.283 5.216 -3.000 0.1535 0.9881 0.0049
1.277 5.215 -2.850 0.1546 0.9880 0.0049
1.701 5.149 -2.850 0.1546 0.9880 0.0066
1.277 5.215 -2.850 0.1546 0.9880 0.0049
1.681 5.147 -2.500 0.1572 0.9875 0.0067
1.681 5.147 -2.500 0.1572 0.9875 0.0067
1.277 5.215 -2.850 0.1546 0.9880 0.0049
1.262 5.214 -2.500 0.1572 0.9875 0.0050
1.681 5.147 -2.500 0.1572 0.9875 0.0067
1.262 5.214 -2.500 0.1572 0.9875 0.0050
1.653 5.145 -2.000 0.1612 0.9869 0.0069
1.653 5.145 -2.000 0.1612 0.9869 0.0069
1.262 5.214 -2.500 0.1572 0.9875 0.0050
1.241 5.212 -2.000 0.1612 0.9869 0.0052
1.653 5.145 -2.000 0.1612 0.9869 0.0069
1.241 5.212 -2.000 0.1612 0.9869 0.0052
1.625 5.142 -1.500 0.1654 0.9862 0.0072
1.625 5.142 -1.500 0.1654 0.9862 0.0072
1.241 5.212 -2.000 0.1612 0.9869 0.0052
1.220 5.210 -1.500 0.1654 0.9862 0.0054
1.625 5.142 -1.500 0.1654 0.9862 0.0072
1.220 5.210 -1.500 0.1654 0.9862 0.0054
1.606 5.141 -1.150 0.1684 0.9857 0.0073
1.606 5.141 -1.150 0.1684 0.9857 0.0073
1.220 5.210 -1.500 0.1654 0.9862 0.0054
1.206 5.209 -1.150 0.1684 0.9857 0.0055
1.606 5.141 -1.150 0.1684 0.9857 0.0073
1.206 5.209 -1.150 0.1684 0.9857 0.0055
1.597 5.140 -1.000 0.1698 0.9855 0.0074
1.597 5.140 -1.000 0.1698 0.9855 0.0074
1.206 5.209 -1.150 0.1684 0.9857 0.0055
1.199 5.208 -1.000 0.1698 0.9855 0.0056
1.597 5.140 -1.000 0.1698 0.9855 0.0074
1.199 5.208 -1.000 0.1698 0.9855 0.0056
1.569 5.137 -0.500 0.1744 0.9846 0.0075
1.569 5.137 -0.500 0.1744 0.9846 0.0075
1.199 5.208 -1.000 0.1698 0.9855 0.0056
1.178 5.206 -0.500 0.1744 0.9847 0.0057
1.569 5.137 -0.500 0.1744 0.9846 0.0075
1.178 5.206 -0.500 0.1744 0.9847 0.0057
1.542 5.134 0.000 0.1792 0.9838 0.0073
1.542 5.134 0.000 0.1792 0.9838 0.0073
1.178 5.206 -0.500 0.1744 0.9847 0.0057
1.158 5.204 0.000 0.1792 0.9838 0.0055
1.542 5.134 0.000 0.1792 0.9838 0.0073
1.158 5.204 0.000 0.1792 0.9838 0.0055
1.516 5.131 0.500 0.1839 0.9829 0.0071
1.516 5.131 0.500 0.1839 0.9829 0.0071
1.158 5.204 0.000 0.1792 0.9838 0.0055
1.139 5.202 0.500 0.1839 0.9829 0.0053
1.516 5.131 0.500 0.1839 0.9829 0.0071
1.139 5.202 0.500 0.1839 0.9829 0.0053
1.493 5.128 1.000 0.1885 0.9820 0.0068
1.493 5.128 1.000 0.1885 0.9820 0.0068
1.139 5.202 0.500 0.1839 0.9829 0.0053
1.121 5.200 1.000 0.1885 0.9821 0.0051
1.493 5.128 1.000 0.1885 0.9820 0.0068
1.121 5.200 1.000 0.1885 0.9821 0.0051
1.471 5.126 1.500 0.1930 0.9812 0.0065
1.471 5.126 1.500 0.1930 0.9812 0.0065
1.121 5.200 1.000 0.1885 0.9821 0.0051
1.105 5.198 1.500 0.1930 0.9812 0.0049
1.471 5.126 1.500 0.1930 0.9812 0.0065
1.105 5.198 1.500 0.1930 0.9812 0.0049
1.450 5.123 2.000 0.1974 0.9803 0.0062
1.450 5.123 2.000 0.1974 0.9803 0.0062
1.105 5.198 1.500 0.1930 0.9812 0.0049
1.090 5.196 2.000 0.1974 0.9803 0.0046
1.450 5.123 2.000 0.1974 0.9803 0.0062
1.090 5.196 2.000 0.1974 0.9803 0.0046
1.432 5.120 2.500 0.2016 0.9795 0.0058
1.432 5.120 2.500 0.2016 0.9795 0.0058
1.090 5.196 2.000 0.1974 0.9803 0.0046
1.076 5.194 2.500 0.2016 0.9795 0.0043
1.432 5.120 2.500 0.2016 0.9795 0.0058
1.076 5.194 2.500 0.2016 0.9795 0.0043
1.415 5.118 3.000 0.2055 0.9786 0.0054
1.415 5.118 3.000 0.2055 0.9786 0.0054
1.076 5.194 2.500 0.2016 0.9795 0.0043
1.064 5.192 3.000 0.2055 0.9787 0.0040
1.415 5.118 3.000 0.2055 0.9786 0.0054
1.064 5.192 3.000 0.2055 0.9787 0.0040
1.400 5.116 3.500 0.2092 0.9779 0.0049
1.400 5.116 3.500 0.2092 0.9779 0.0049
1.064 5.192 3.000 0.2055 0.9787 0.0040
1.052 5.190 3.500 0.2092 0.9779 0.0037
1.400 5.116 3.500 0.2092 0.9779 0.0049
1.052 5.190 3.500 0.2092 0.9779 0.0037
1.386 5.114 4.000 0.2126 0.9771 0.0044
1.386 5.114 4.000 0.2126 0.9771 0.0044
1.052 5.190 3.500 0.2092 0.9779 0.0037
1.042 5.188 4.000 0.2126 0.9771 0.0033
1.386 5.114 4.000 0.2126 0.9771 0.0044
1.042 5.188 4.000 0.2126 0.9771 0.0033
1.374 5.112 4.500 0.2156 0.9765 0.0038
1.374 5.112 4.500 0.2156 0.9765 0.0038
1.042 5.188 4.000 0.2126 0.9771 0.0033
1.034 5.187 4.500 0.2156 0.9765 0.0029
1.374 5.112 4.500 0.2156 0.9765 0.0038
1.034 5.187 4.500 0.2156 0.9765 0.0029
1.364 5.110 5.000 0.2183 0.9759 0.0033
1.364 5.110 5.000 0.2183 0.9759 0.0033
1.034 5.187 4.500 0.2156 0.9765 0.0029
1.026 5.185 5.000 0.2183 0.9759 0.0025
1.364 5.110 5.000 0.2183 0.9759 0.0033
1.026 5.185 5.000 0.2183 0.9759 0.0025
1.356 5.108 5.500 0.2206 0.9754 0.0032
1.356 5.108 5.500 0.2206 0.9754 0.0032
1.026 5.185 5.000 0.2183 0.9759 0.0025
1.020 5.184 5.500 0.2206 0.9754 0.0024
1.356 5.108 5.500 0.2206 0.9754 0.0032
1.020 5.184 5.500 0.2206 0.9754 0.0024
1.347 5.107 6.000 0.2229 0.9748 0.0032
1.347 5.107 6.000 0.2229 0.9748 0.0032
1.020 5.184 5.500 0.2206 0.9754 0.0024
1.014 5.183 6.000 0.2229 0.9748 0.0024
1.410 5.224 -6.000 0.1341 0.9910 0.0041
0.941 5.288 -6.000 0.1341 0.9910 0.0027
1.389 5.223 -5.500 0.1370 0.9906 0.0042
1.389 5.223 -5.500 0.1370 0.9906 0.0042
0.941 5.288 -6.000 0.1341 0.9910 0.0027
0.927 5.287 -5.500 0.1370 0.9906 0.0028
1.389 5.223 -5.500 0.1370 0.9906 0.0042
0.927 5.287 -5.500 0.1370 0.9906 0.0028
1.368 5.222 -5.000 0.1400 0.9901 0.0043
1.368 5.222 -5.000 0.1400 0.9901 0.0043
0.927 5.287 -5.500 0.1370 0.9906 0.0028
0.913 5.286 -5.000 0.1400 0.9902 0.0029
1.368 5.222 -5.000 0.1400 0.9901 0.0043
0.913 5.286 -5.000 0.1400 0.9902 0.0029
1.346 5.220 -4.500 0.1431 0.9897 0.0044
1.346 5.220 -4.500 0.1431 0.9897 0.0044
0.913 5.286 -5.000 0.1400 0.9902 0.0029
0.899 5.285 -4.500 0.1431 0.9897 0.0030
1.346 5.220 -4.500 0.1431 0.9897 0.0044
0.899 5.285 -4.500 0.1431 0.9897 0.0030
1.325 5.219 -4.000 0.1464 0.9892 0.0046
1.325 5.219 -4.000 0.1464 0.9892 0.0046
0.899 5.285 -4.500 0.1431 0.9897 0.0030
0.885 5.284 -4.000 0.1464 0.9892 0.0031
1.325 5.219 -4.000 0.1464 0.9892 0.0046
0.885 5.284 -4.000 0.1464 0.9892 0.0031
1.304 5.217 -3.500 0.1499 0.9887 0.0047
1.304 5.217 -3.500 0.1499 0.9887 0.0047
0.885 5.284 -4.000 0.1464 0.9892 0.0031
0.871 5.283 -3.500 0.1499 0.9887 0.0031
1.304 5.217 -3.500 0.1499 0.9887 0.0047
0.871 5.283 -3.500 0.1499 0.9887 0.0031
1.283 5.216 -3.000 0.1535 0.9881 0.0049
1.283 5.216 -3.000 0.1535 0.9881 0.0049
0.871 5.283 -3.500 0.1499 0.9887 0.0031
0.857 5.282 -3.000 0.1535 0.9881 0.0033
1.283 5.216 -3.000 0.1535 0.9881 0.0049
0.857 5.282 -3.000 0.1535 0.9881 0.0033
1.277 5.215 -2.850 0.1546 0.9880 0.0049
1.277 5.215 -2.850 0.1546 0.9880 0.0049
0.857 5.282 -3.000 0.1535 0.9881 0.0033
0.853 5.282 -2.850 0.1546 0.9880 0.0033
1.277 5.215 -2.850 0.1546 0.9880 0.0049
0.853 5.282 -2.850 0.1546 0.9880 0.0033
1.262 5.214 -2.500 0.1572 0.9875 0.0050
1.262 5.214 -2.500 0.1572 0.9875 0.0050
0.853 5.282 -2.850 0.1546 0.9880 0.0033
0.843 5.281 -2.500 0.1572 0.9876 0.0034
1.262 5.214 -2.500 0.1572 0.9875 0.0050
0.843 5.281 -2.500 0.1572 0.9876 0.0034
1.241 5.212 -2.000 0.1612 0.9869 0.0052
1.241 5.212 -2.000 0.1612 0.9869 0.0052
0.843 5.281 -2.500 0.1572 0.9876 0.0034
0.829 5.280 -2.000 0.1612 0.9869 0.0035
1.241 5.212 -2.000 0.1612 0.9869 0.0052
0.829 5.280 -2.000 0.1612 0.9869 0.0035
1.220 5.210 -1.500 0.1654 0.9862 0.0054
1.220 5.210 -1.500 0.1654 0.9862 0.0054
0.829 5.280 -2.000 0.1612 0.9869 0.0035
0.815 5.278 -1.500 0.1654 0.9862 0.0036
1.220 5.210 -1.500 0.1654 0.9862 0.0054
0.815 5.278 -1.500 0.1654 0.9862 0.0036
1.206 5.209 -1.150 0.1684 0.9857 0.0055
1.206 5.209 -1.150 0.1684 0.9857 0.0055
0.815 5.278 -1.500 0.1654 0.9862 0.0036
0.806 5.277 -1.150 0.1684 0.9857 0.0037
1.206 5.209 -1.150 0.1684 0.9857 0.0055
0.806 5.277 -1.150 0.1684 0.9857 0.0037
1.199 5.208 -1.000 0.1698 0.9855 0.0056
1.199 5.208 -1.000 0.1698 0.9855 0.0056
0.806 5.277 -1.150 0.1684 0.9857 0.0037
0.801 5.277 -1.000 0.1698 0.9855 0.0037
1.199 5.208 -1.000 0.1698 0.9855 0.0056
0.801 5.277 -1.000 0.1698 0.9855 0.0037
1.178 5.206 -0.500 0.1744 0.9847 0.0057
1.178 5.206 -0.500 0.1744 0.9847 0.0057
0.801 5.277 -1.000 0.1698 0.9855 0.0037
0.788 5.276 -0.500 0.1744 0.9847 0.0038
1.178 5.206 -0.500 0.1744 0.9847 0.0057
0.788 5.276 -0.500 0.1744 0.9847 0.0038
1.158 5.204 0.000 0.1792 0.9838 0.0055
1.158 5.204 0.000 0.1792 0.9838 0.0055
0.788 5.276 -0.500 0.1744 0.9847 0.0038
0.774 5.274 0.000 0.1792 0.9838 0.0037
1.158 5.204 0.000 0.1792 0.9838 0.0055
0.774 5.274 0.000 0.1792 0.9838 0.0037
1.139 5.202 0.500 0.1839 0.9829 0.0053
1.139 5.202 0.500 0.1839 0.9829 0.0053
0.774 5.274 0.000 0.1792 0.9838 0.0037
0.762 5.272 0.500 0.1839 0.9829 0.0036
1.139 5.202 0.500 0.1839 0.9829 0.0053
0.762 5.272 0.500 0.1839 0.9829 0.0036
1.121 5.200 1.000 0.1885 0.9821 0.0051
1.121 5.200 1.000 0.1885 0.9821 0.0051
0.762 5.272 0.500 0.1839 0.9829 0.0036
0.750 5.271 1.000 0.1885 0.9821 0.0034
1.121 5.200 1.000 0.1885 0.9821 0.0051
0.750 5.271 1.000 0.1885 0.9821 0.0034
1.105 5.198 1.500 0.1930 0.9812 0.0049
1.105 5.198 1.500 0.1930 0.9812 0.0049
0.750 5.271 1.000 0.1885 0.9821 0.0034
0.739 5.270 1.500 0.1930 0.9812 0.0033
1.105 5.198 1.500 0.1930 0.9812 0.0049
0.739 5.270 1.500 0.1930 0.9812 0.0033
1.090 5.196 2.000 0.1974 0.9803 0.0046
1.090 5.196 2.000 0.1974 0.9803 0.0046
0.739 5.270 1.500 0.1930 0.9812 0.0033
0.730 5.268 2.000 0.1974 0.9803 0.0031
1.090 5.196 2.000 0.1974 0.9803 0.0046
0.730 5.268 2.000 0.1974 0.9803 0.0031
1.076 5.194 2.500 0.2016 0.9795 0.0043
1.076 5.194 2.500 0.2016 0.9795 0.0043
0.730 5.268 2.000 0.1974 0.9803 0.0031
0.721 5.267 2.500 0.2016 0.9795 0.0029
1.076 5.194 2.500 0.2016 0.9795 0.0043
0.721 5.267 2.500 0.2016 0.9795 0.0029
1.064 5.192 3.000 0.2055 0.9787 0.0040
1.064 5.192 3.000 0.2055 0.9787 0.0040
0.721 5.267 2.500 0.2016 0.9795 0.0029
0.712 5.265 3.000 0.2055 0.9787 0.0027
1.064 5.192 3.000 0.2055 0.9787 0.0040
0.712 5.265 3.000 0.2055 0.9787 0.0027
1.052 5.190 3.500 0.2092 0.9779 0.0037
1.052 5.190 3.500 0.2092 0.9779 0.0037
0.712 5.265 3.000 0.2055 0.9787 0.0027
0.705 5.264 3.500 0.1925 0.9813 0.0028
1.052 5.190 3.500 0.2092 0.9779 0.0037
0.705 5.264 3.500 0.1925 0.9813 0.0028
1.042 5.188 4.000 0.2126 0.9771 0.0033
1.042 5.188 4.000 0.2126 0.9771 0.0033
0.705 5.264 3.500 0.1925 0.9813 0.0028
0.698 5.263 4.000 0.1916 0.9815 0.0024
1.042 5.188 4.000 0.2126 0.9771 0.0033
0.698 5.263 4.000 0.1916 0.9815 0.0024
1.034 5.187 4.500 0.2156 0.9765 0.0029
1.034 5.187 4.500 0.2156 0.9765 0.0029
0.698 5.263 4.000 0.1916 0.9815 0.0024
0.693 5.261 4.500 0.1944 0.9809 0.0022
1.034 5.187 4.500 0.2156 0.9765 0.0029
0.693 5.261 4.500 0.1944 0.9809 0.0022
1.026 5.185 5.000 0.2183 0.9759 0.0025
1.026 5.185 5.000 0.2183 0.9759 0.0025
0.693 5.261 4.500 0.1944 0.9809 0.0022
0.688 5.260 5.000 0.1968 0.9804 0.0019
1.026 5.185 5.000 0.2183 0.9759 0.0025
0.688 5.260 5.000 0.1968 0.9804 0.0019
1.020 5.184 5.500 0.2206 0.9754 0.0024
1.020 5.184 5.500 0.2206 0.9754 0.0024
0.688 5.260 5.000 0.1968 0.9804 0.0019
0.684 5.259 5.500 0.1989 0.9800 0.0018
1.020 5.184 5.500 0.2206 0.9754 0.0024
0.684 5.259 5.500 0.1989 0.9800 0.0018
1.014 5.183 6.000 0.2229 0.9748 0.0024
1.014 5.183 6.000 0.2229 0.9748 0.0024
0.684 5.259 5.500 0.1989 0.9800 0.0018
0.680 5.258 6.000 0.2009 0.9796 0.0018
0.941 5.288 -6.000 0.1341 0.9910 0.0027
0.754 5.313 -6.000 0.1341 0.9910 0.0022
0.927 5.287 -5.500 0.1370 0.9906 0.0028
0.927 5.287 -5.500 0.1370 0.9906 0.0028
0.754 5.313 -6.000 0.1341 0.9910 0.0022
0.743 5.312 -5.500 0.1370 0.9906 0.0022
0.927 5.287 -5.500 0.1370 0.9906 0.0028
0.743 5.312 -5.500 0.1370 0.9906 0.0022
0.913 5.286 -5.000 0.1400 0.9902 0.0029
0.913 5.286 -5.000 0.1400 0.9902 0.0029
0.743 5.312 -5.500 0.1370 0.9906 0.0022
0.731 5.312 -5.000 0.1400 0.9902 0.0023
0.913 5.286 -5.000 0.1400 0.9902 0.0029
0.731 5.312 -5.000 0.1400 0.9902 0.0023
0.899 5.285 -4.500 0.1431 0.9897 0.0030
0.899 5.285 -4.500 0.1431 0.9897 0.0030
0.731 5.312 -5.000 0.1400 0.9902 0.0023
0.720 5.311 -4.500 0.1431 0.9897 0.0024
0.899 5.285 -4.500 0.1431 0.9897 0.0030
0.720 5.311 -4.500 0.1431 0.9897 0.0024
0.885 5.284 -4.000 0.1464 0.9892 0.0031
0.885 5.284 -4.000 0.1464 0.9892 0.0031
0.720 5.311 -4.500 0.1431 0.9897 0.0024
0.709 5.310 -4.000 0.1464 0.9892 0.0024
0.885 5.284 -4.000 0.1464 0.9892 0.0031
0.709 5.310 -4.000 0.1464 0.9892 0.0024
0.871 5.283 -3.500 0.1499 0.9887 0.0031
0.871 5.283 -3.500 0.1499 0.9887 0.0031
0.709 5.310 -4.000 0.1464 0.9892 0.0024
0.698 5.309 -3.500 0.1499 0.9887 0.0025
0.871 5.283 -3.500 0.1499 0.9887 0.0031
0.698 5.309 -3.500 0.1499 0.9887 0.0025
0.857 5.282 -3.000 0.1535 0.9881 0.0033
0.857 5.282 -3.000 0.1535 0.9881 0.0033
0.698 5.309 -3.500 0.1499 0.9887 0.0025
0.687 5.308 -3.000 0.1535 0.9882 0.0026
0.857 5.282 -3.000 0.1535 0.9881 0.0033
0.687 5.308 -3.000 0.1535 0.9882 0.0026
0.853 5.282 -2.850 0.1546 0.9880 0.0033
0.853 5.282 -2.850 0.1546 0.9880 0.0033
0.687 5.308 -3.000 0.1535 0.9882 0.0026
0.683 5.308 -2.850 0.1546 0.9880 0.0026
0.853 5.282 -2.850 0.1546 0.9880 0.0033
0.683 5.308 -2.850 0.1546 0.9880 0.0026
0.843 5.281 -2.500 0.1572 0.9876 0.0034
0.843 5.281 -2.500 0.1572 0.9876 0.0034
0.683 5.308 -2.850 0.1546 0.9880 0.0026
0.676 5.307 -2.500 0.1572 0.9876 0.0027
0.843 5.281 -2.500 0.1572 0.9876 0.0034
0.676 5.307 -2.500 0.1572 0.9876 0.0027
0.829 5.280 -2.000 0.1612 0.9869 0.0035
0.829 5.280 -2.000 0.1612 0.9869 0.0035
0.676 5.307 -2.500 0.1572 0.9876 0.0027
0.665 5.306 -2.000 0.1612 0.9869 0.0028
0.829 5.280 -2.000 0.1612 0.9869 0.0035
0.665 5.306 -2.000 0.1612 0.9869 0.0028
0.815 5.278 -1.500 0.1654 0.9862 0.0036
0.815 5.278 -1.500 0.1654 0.9862 0.0036
0.665 5.306 -2.000 0.1612 0.9869 0.0028
0.654 5.305 -1.500 0.1654 0.9862 0.0029
0.815 5.278 -1.500 0.1654 0.9862 0.0036
0.654 5.305 -1.500 0.1654 0.9862 0.0029
0.806 5.277 -1.150 0.1684 0.9857 0.0037
0.806 5.277 -1.150 0.1684 0.9857 0.0037
0.654 5.305 -1.500 0.1654 0.9862 0.0029
0.646 5.305 -1.150 0.1684 0.9857 0.0030
0.806 5.277 -1.150 0.1684 0.9857 0.0037
0.646 5.305 -1.150 0.1684 0.9857 0.0030
0.801 5.277 -1.000 0.1698 0.9855 0.0037
0.801 5.277 -1.000 0.1698 0.9855 0.0037
0.646 5.305 -1.150 0.1684 0.9857 0.0030
0.643 5.304 -1.000 0.1698 0.9855 0.0030
0.801 5.277 -1.000 0.1698 0.9855 0.0037
0.643 5.304 -1.000 0.1698 0.9855 0.0030
0.788 5.276 -0.500 0.1744 0.9847 0.0038
0.788 5.276 -0.500 0.1744 0.9847 0.0038
0.643 5.304 -1.000 0.1698 0.9855 0.0030
0.632 5.303 -0.500 0.1744 0.9847 0.0030
0.788 5.276 -0.500 0.1744 0.9847 0.0038
0.632 5.303 -0.500 0.1744 0.9847 0.0030
0.774 5.274 0.000 0.1792 0.9838 0.0037
0.774 5.274 0.000 0.1792 0.9838 0.0037
0.632 5.303 -0.500 0.1744 0.9847 0.0030
0.621 5.302 0.000 0.1792 0.9838 0.0030
0.774 5.274 0.000 0.1792 0.9838 0.0037
0.621 5.302 0.000 0.1792 0.9838 0.0030
0.762 5.272 0.500 0.1839 0.9829 0.0036
0.762 5.272 0.500 0.1839 0.9829 0.0036
0.621 5.302 0.000 0.1792 0.9838 0.0030
0.611 5.300 0.500 0.1657 0.9862 0.0032
0.762 5.272 0.500 0.1839 0.9829 0.0036
0.611 5.300 0.500 0.1657 0.9862 0.0032
0.750 5.271 1.000 0.1885 0.9821 0.0034
0.750 5.271 1.000 0.1885 0.9821 0.0034
0.611 5.300 0.500 0.1657 0.9862 0.0032
0.602 5.299 1.000 0.1699 0.9855 0.0031
0.750 5.271 1.000 0.1885 0.9821 0.0034
0.602 5.299 1.000 0.1699 0.9855 0.0031
0.739 5.270 1.500 0.1930 0.9812 0.0033
0.739 5.270 1.500 0.1930 0.9812 0.0033
0.602 5.299 1.000 0.1699 0.9855 0.0031
0.593 5.297 1.500 0.1739 0.9848 0.0030
0.739 5.270 1.500 0.1930 0.9812 0.0033
0.593 5.297 1.500 0.1739 0.9848 0.0030
0.730 5.268 2.000 0.1974 0.9803 0.0031
0.730 5.268 2.000 0.1974 0.9803 0.0031
0.593 5.297 1.500 0.1739 0.9848 0.0030
0.586 5.295 2.000 0.1779 0.9840 0.0028
0.730 5.268 2.000 0.1974 0.9803 0.0031
0.586 5.295 2.000 0.1779 0.9840 0.0028
0.721 5.267 2.500 0.2016 0.9795 0.0029
0.721 5.267 2.500 0.2016 0.9795 0.0029
0.586 5.295 2.000 0.1779 0.9840 0.0028
0.578 5.294 2.500 0.1816 0.9834 0.0027
0.721 5.267 2.500 0.2016 0.9795 0.0029
0.578 5.294 2.500 0.1816 0.9834 0.0027
0.712 5.265 3.000 0.2055 0.9787 0.0027
0.712 5.265 3.000 0.2055 0.9787 0.0027
0.578 5.294 2.500 0.1816 0.9834 0.0027
0.572 5.292 3.000 0.1852 0.9827 0.0025
0.712 5.265 3.000 0.2055 0.9787 0.0027
0.572 5.292 3.000 0.1852 0.9827 0.0025
0.705 5.264 3.500 0.1925 0.9813 0.0028
0.705 5.264 3.500 0.1925 0.9813 0.0028
0.572 5.292 3.000 0.1852 0.9827 0.0025
0.566 5.291 3.500 0.1584 0.9874 0.0028
0.705 5.264 3.500 0.1925 0.9813 0.0028
0.566 5.291 3.500 0.1584 0.9874 0.0028
0.698 5.263 4.000 0.1916 0.9815 0.0024
0.698 5.263 4.000 0.1916 0.9815 0.0024
0.566 5.291 3.500 0.1584 0.9874 0.0028
0.561 5.289 4.000 0.1494 0.9888 0.0024
0.698 5.263 4.000 0.1916 0.9815 0.0024
0.561 5.289 4.000 0.1494 0.9888 0.0024
0.693 5.261 4.500 0.1944 0.9809 0.0022
0.693 5.261 4.500 0.1944 0.9809 0.0022
0.561 5.289 4.000 0.1494 0.9888 0.0024
0.556 5.287 4.500 0.1515 0.9884 0.0022
0.693 5.261 4.500 0.1944 0.9809 0.0022
0.556 5.287 4.500 0.1515 0.9884 0.0022
0.688 5.260 5.000 0.1968 0.9804 0.0019
0.688 5.260 5.000 0.1968 0.9804 0.0019
0.556 5.287 4.500 0.1515 0.9884 0.0022
0.552 5.285 5.000 0.1535 0.9882 0.0019
0.688 5.260 5.000 0.1968 0.9804 0.0019
0.552 5.285 5.000 0.1535 0.9882 0.0019
0.684 5.259 5.500 0.1989 0.9800 0.0018
0.684 5.259 5.500 0.1989 0.9800 0.0018
0.552 5.285 5.000 0.1535 0.9882 0.0019
0.549 5.284 5.500 0.1551 0.9879 0.0018
0.684 5.259 5.500 0.1989 0.9800 0.0018
0.549 5.284 5.500 0.1551 0.9879 0.0018
0.680 5.258 6.000 0.2009 0.9796 0.0018
0.680 5.258 6.000 0.2009 0.9796 0.0018
0.549 5.284 5.500 0.1551 0.9879 0.0018
0.546 5.282 6.000 0.1567 0.9876 0.0019
0.754 5.313 -6.000 0.1341 0.9910 0.0022
0.472 5.351 -6.000 0.1341 0.9910 0.0014
0.743 5.312 -5.500 0.1370 0.9906 0.0022
0.743 5.312 -5.500 0.1370 0.9906 0.0022
0.472 5.351 -6.000 0.1341 0.9910 0.0014
0.465 5.351 -5.500 0.1297 0.9915 0.0016
0.743 5.312 -5.500 0.1370 0.9906 0.0022
0.465 5.351 -5.500 0.1297 0.9915 0.0016
0.731 5.312 -5.000 0.1400 0.9902 0.0023
0.731 5.312 -5.000 0.1400 0.9902 0.0023
0.465 5.351 -5.500 0.1297 0.9915 0.0016
0.458 5.350 -5.000 0.1260 0.9920 0.0016
0.731 5.312 -5.000 0.1400 0.9902 0.0023
0.458 5.350 -5.000 0.1260 0.9920 0.0016
0.720 5.311 -4.500 0.1431 0.9897 0.0024
0.720 5.311 -4.500 0.1431 0.9897 0.0024
0.458 5.350 -5.000 0.1260 0.9920 0.0016
0.451 5.349 -4.500 0.1289 0.9917 0.0017
0.720 5.311 -4.500 0.1431 0.9897 0.0024
0.451 5.349 -4.500 0.1289 0.9917 0.0017
0.709 5.310 -4.000 0.1464 0.9892 0.0024
0.709 5.310 -4.000 0.1464 0.9892 0.0024
0.451 5.349 -4.500 0.1289 0.9917 0.0017
0.444 5.349 -4.000 0.1319 0.9913 0.0017
0.709 5.310 -4.000 0.1464 0.9892 0.0024
0.444 5.349 -4.000 0.1319 0.9913 0.0017
0.698 5.309 -3.500 0.1499 0.9887 0.0025
0.698 5.309 -3.500 0.1499 0.9887 0.0025
0.444 5.349 -4.000 0.1319 0.9913 0.0017
0.437 5.348 -3.500 0.1350 0.9908 0.0018
0.698 5.309 -3.500 0.1499 0.9887 0.0025
0.437 5.348 -3.500 0.1350 0.9908 0.0018
0.687 5.308 -3.000 0.1535 0.9882 0.0026
0.687 5.308 -3.000 0.1535 0.9882 0.0026
0.437 5.348 -3.500 0.1350 0.9908 0.0018
0.430 5.347 -3.000 0.1382 0.9904 0.0019
0.687 5.308 -3.000 0.1535 0.9882 0.0026
0.430 5.347 -3.000 0.1382 0.9904 0.0019
0.683 5.308 -2.850 0.1546 0.9880 0.0026
0.683 5.308 -2.850 0.1546 0.9880 0.0026
0.430 5.347 -3.000 0.1382 0.9904 0.0019
0.428 5.346 -2.850 0.1329 0.9911 0.0019
0.683 5.308 -2.850 0.1546 0.9880 0.0026
0.428 5.346 -2.850 0.1329 0.9911 0.0019
0.676 5.307 -2.500 0.1572 0.9876 0.0027
0.676 5.307 -2.500 0.1572 0.9876 0.0027
0.428 5.346 -2.850 0.1329 0.9911 0.0019
0.423 5.346 -2.500 0.1196 0.9928 0.0024
0.676 5.307 -2.500 0.1572 0.9876 0.0027
0.423 5.346 -2.500 0.1196 0.9928 0.0024
0.665 5.306 -2.000 0.1612 0.9869 0.0028
0.665 5.306 -2.000 0.1612 0.9869 0.0028
0.423 5.346 -2.500 0.1196 0.9928 0.0024
0.416 5.344 -2.000 0.1131 0.9936 0.0024
0.665 5.306 -2.000 0.1612 0.9869 0.0028
0.416 5.344 -2.000 0.1131 0.9936 0.0024
0.654 5.305 -1.500 0.1654 0.9862 0.0029
0.654 5.305 -1.500 0.1654 0.9862 0.0029
0.416 5.344 -2.000 0.1131 0.9936 0.0024
0.410 5.342 -1.500 0.1161 0.9932 0.0026
0.654 5.305 -1.500 0.1654 0.9862 0.0029
0.410 5.342 -1.500 0.1161 0.9932 0.0026
0.646 5.305 -1.150 0.1684 0.9857 0.0030
0.646 5.305 -1.150 0.1684 0.9857 0.0030
0.410 5.342 -1.500 0.1161 0.9932 0.0026
0.405 5.341 -1.150 0.1182 0.9930 0.0027
0.646 5.305 -1.150 0.1684 0.9857 0.0030
0.405 5.341 -1.150 0.1182 0.9930 0.0027
0.643 5.304 -1.000 0.1698 0.9855 0.0030
0.643 5.304 -1.000 0.1698 0.9855 0.0030
0.405 5.341 -1.150 0.1182 0.9930 0.0027
0.403 5.341 -1.000 0.1191 0.9929 0.0027
0.643 5.304 -1.000 0.1698 0.9855 0.0030
0.403 5.341 -1.000 0.1191 0.9929 0.0027
0.632 5.303 -0.500 0.1744 0.9847 0.0030
0.632 5.303 -0.500 0.1744 0.9847 0.0030
0.403 5.341 -1.000 0.1191 0.9929 0.0027
0.396 5.339 -0.500 0.1224 0.9925 0.0028
0.632 5.303 -0.500 0.1744 0.9847 0.0030
0.396 5.339 -0.500 0.1224 0.9925 0.0028
0.621 5.302 0.000 0.1792 0.9838 0.0030
0.621 5.302 0.000 0.1792 0.9838 0.0030
0.396 5.339 -0.500 0.1224 0.9925 0.0028
0.389 5.336 0.000 0.1258 0.9921 0.0028
0.621 5.302 0.000 0.1792 0.9838 0.0030
0.389 5.336 0.000 0.1258 0.9921 0.0028
0.611 5.300 0.500 0.1657 0.9862 0.0032
0.611 5.300 0.500 0.1657 0.9862 0.0032
0.389 5.336 0.000 0.1258 0.9921 0.0028
0.383 5.334 0.500 0.1216 0.9926 0.0028
0.611 5.300 0.500 0.1657 0.9862 0.0032
0.383 5.334 0.500 0.1216 0.9926 0.0028
0.602 5.299 1.000 0.1699 0.9855 0.0031
0.602 5.299 1.000 0.1699 0.9855 0.0031
0.383 5.334 0.500 0.1216 0.9926 0.0028
0.377 5.332 1.000 0.0981 0.9952 0.0031
0.602 5.299 1.000 0.1699 0.9855 0.0031
0.377 5.332 1.000 0.0981 0.9952 0.0031
0.593 5.297 1.500 0.1739 0.9848 0.0030
0.593 5.297 1.500 0.1739 0.9848 0.0030
0.377 5.332 1.000 0.0981 0.9952 0.0031
0.372 5.329 1.500 0.0970 0.9953 0.0031
0.593 5.297 1.500 0.1739 0.9848 0.0030
0.372 5.329 1.500 0.0970 0.9953 0.0031
0.586 5.295 2.000 0.1779 0.9840 0.0028
0.586 5.295 2.000 0.1779 0.9840 0.0028
0.372 5.329 1.500 0.0970 0.9953 0.0031
0.367 5.326 2.000 0.0992 0.9951 0.0030
0.586 5.295 2.000 0.1779 0.9840 0.0028
0.367 5.326 2.000 0.0992 0.9951 0.0030
0.578 5.294 2.500 0.1816 0.9834 0.0027
0.578 5.294 2.500 0.1816 0.9834 0.0027
0.367 5.326 2.000 0.0992 0.9951 0.0030
0.362 5.324 2.500 0.1013 0.9949 0.0029
0.578 5.294 2.500 0.1816 0.9834 0.0027
0.362 5.324 2.500 0.1013 0.9949 0.0029
0.572 5.292 3.000 0.1852 0.9827 0.0025
0.572 5.292 3.000 0.1852 0.9827 0.0025
0.362 5.324 2.500 0.1013 0.9949 0.0029
0.358 5.321 3.000 0.1033 0.9946 0.0028
0.572 5.292 3.000 0.1852 0.9827 0.0025
0.358 5.321 3.000 0.1033 0.9946 0.0028
0.566 5.291 3.500 0.1584 0.9874 0.0028
0.566 5.291 3.500 0.1584 0.9874 0.0028
0.358 5.321 3.000 0.1033 0.9946 0.0028
0.354 5.319 3.500 0.1052 0.9945 0.0026
0.566 5.291 3.500 0.1584 0.9874 0.0028
0.354 5.319 3.500 0.1052 0.9945 0.0026
0.561 5.289 4.000 0.1494 0.9888 0.0024
0.561 5.289 4.000 0.1494 0.9888 0.0024
0.354 5.319 3.500 0.1052 0.9945 0.0026
0.351 5.317 4.000 0.1069 0.9943 0.0023
0.561 5.289 4.000 0.1494 0.9888 0.0024
0.351 5.317 4.000 0.1069 0.9943 0.0023
0.556 5.287 4.500 0.1515 0.9884 0.0022
0.556 5.287 4.500 0.1515 0.9884 0.0022
0.351 5.317 4.000 0.1069 0.9943 0.0023
0.348 5.315 4.500 0.1085 0.9941 0.0021
0.556 5.287 4.500 0.1515 0.9884 0.0022
0.348 5.315 4.500 0.1085 0.9941 0.0021
0.552 5.285 5.000 0.1535 0.9882 0.0019
0.552 5.285 5.000 0.1535 0.9882 0.0019
0.348 5.315 4.500 0.1085 0.9941 0.0021
0.346 5.313 5.000 0.1098 0.9939 0.0018
0.552 5.285 5.000 0.1535 0.9882 0.0019
0.346 5.313 5.000 0.1098 0.9939 0.0018
0.549 5.284 5.500 0.1551 0.9879 0.0018
0.549 5.284 5.500 0.1551 0.9879 0.0018
0.346 5.313 5.000 0.1098 0.9939 0.0018
0.344 5.311 5.500 0.1110 0.9938 0.0018
0.549 5.284 5.500 0.1551 0.9879 0.0018
0.344 5.311 5.500 0.1110 0.9938 0.0018
0.546 5.282 6.000 0.1567 0.9876 0.0019
0.546 5.282 6.000 0.1567 0.9876 0.0019
0.344 5.311 5.500 0.1110 0.9938 0.0018
0.342 5.309 6.000 0.1121 0.9937 0.0018
0.472 5.351 -6.000 0.1341 0.9910 0.0014
-0.000 5.384 -6.000 0.0000 1.0000 0.0013
0.465 5.351 -5.500 0.1297 0.9915 0.0016
0.465 5.351 -5.500 0.1297 0.9915 0.0016
-0.000 5.384 -6.000 0.0000 1.0000 0.0013
0.000 5.383 -5.500 0.0000 1.0000 0.0014
0.465 5.351 -5.500 0.1297 0.9915 0.0016
0.000 5.383 -5.500 0.0000 1.0000 0.0014
0.458 5.350 -5.000 0.1260 0.9920 0.0016
0.458 5.350 -5.000 0.1260 0.9920 0.0016
0.000 5.383 -5.500 0.0000 1.0000 0.0014
0.000 5.381 -5.000 0.0000 1.0000 0.0015
0.458 5.350 -5.000 0.1260 0.9920 0.0016
0.000 5.381 -5.000 0.0000 1.0000 0.0015
0.451 5.349 -4.500 0.1289 0.9917 0.0017
0.451 5.349 -4.500 0.1289 0.9917 0.0017
0.000 5.381 -5.000 0.0000 1.0000 0.0015
-0.000 5.380 -4.500 -0.0000 1.0000 0.0016
0.451 5.349 -4.500 0.1289 0.9917 0.0017
-0.000 5.380 -4.500 -0.0000 1.0000 0.0016
0.444 5.349 -4.000 0.1319 0.9913 0.0017
0.444 5.349 -4.000 0.1319 0.9913 0.0017
-0.000 5.380 -4.500 -0.0000 1.0000 0.0016
-0.000 5.378 -4.000 -0.0000 1.0000 0.0017
0.444 5.349 -4.000 0.1319 0.9913 0.0017
-0.000 5.378 -4.000 -0.0000 1.0000 0.0017
0.437 5.348 -3.500 0.1350 0.9908 0.0018
0.437 5.348 -3.500 0.1350 0.9908 0.0018
-0.000 5.378 -4.000 -0.0000 1.0000 0.0017
0.000 5.376 -3.500 0.0000 1.0000 0.0019
0.437 5.348 -3.500 0.1350 0.9908 0.0018
0.000 5.376 -3.500 0.0000 1.0000 0.0019
0.430 5.347 -3.000 0.1382 0.9904 0.0019
0.430 5.347 -3.000 0.1382 0.9904 0.0019
0.000 5.376 -3.500 0.0000 1.0000 0.0019
-0.000 5.374 -3.000 0.0000 1.0000 0.0020
0.430 5.347 -3.000 0.1382 0.9904 0.0019
-0.000 5.374 -3.000 0.0000 1.0000 0.0020
0.428 5.346 -2.850 0.1329 0.9911 0.0019
0.428 5.346 -2.850 0.1329 0.9911 0.0019
-0.000 5.374 -3.000 0.0000 1.0000 0.0020
0.000 5.374 -2.850 0.0000 1.0000 0.0021
0.428 5.346 -2.850 0.1329 0.9911 0.0019
0.000 5.374 -2.850 0.0000 1.0000 0.0021
0.423 5.346 -2.500 0.1196 0.9928 0.0024
0.423 5.346 -2.500 0.1196 0.9928 0.0024
0.000 5.374 -2.850 0.0000 1.0000 0.0021
-0.000 5.372 -2.500 0.0000 1.0000 0.0022
0.423 5.346 -2.500 0.1196 0.9928 0.0024
-0.000 5.372 -2.500 0.0000 1.0000 0.0022
0.416 5.344 -2.000 0.1131 0.9936 0.0024
0.416 5.344 -2.000 0.1131 0.9936 0.0024
-0.000 5.372 -2.500 0.0000 1.0000 0.0022
-0.000 5.370 -2.000 0.0000 1.0000 0.0023
0.416 5.344 -2.000 0.1131 0.9936 0.0024
-0.000 5.370 -2.000 0.0000 1.0000 0.0023
0.410 5.342 -1.500 0.1161 0.9932 0.0026
0.410 5.342 -1.500 0.1161 0.9932 0.0026
-0.000 5.370 -2.000 0.0000 1.0000 0.0023
0.000 5.368 -1.500 0.0000 1.0000 0.0025
0.410 5.342 -1.500 0.1161 0.9932 0.0026
0.000 5.368 -1.500 0.0000 1.0000 0.0025
0.405 5.341 -1.150 0.1182 0.9930 0.0027
0.405 5.341 -1.150 0.1182 0.9930 0.0027
0.000 5.368 -1.500 0.0000 1.0000 0.0025
0.000 5.366 -1.150 0.0000 1.0000 0.0027
0.405 5.341 -1.150 0.1182 0.9930 0.0027
0.000 5.366 -1.150 0.0000 1.0000 0.0027
0.403 5.341 -1.000 0.1191 0.9929 0.0027
0.403 5.341 -1.000 0.1191 0.9929 0.0027
0.000 5.366 -1.150 0.0000 1.0000 0.0027
0.000 5.365 -1.000 0.0000 1.0000 0.0028
0.403 5.341 -1.000 0.1191 0.9929 0.0027
0.000 5.365 -1.000 0.0000 1.0000 0.0028
0.396 5.339 -0.500 0.1224 0.9925 0.0028
0.396 5.339 -0.500 0.1224 0.9925 0.0028
0.000 5.365 -1.000 0.0000 1.0000 0.0028
0.000 5.362 -0.500 0.0000 1.0000 0.0029
0.396 5.339 -0.500 0.1224 0.9925 0.0028
0.000 5.362 -0.500 0.0000 1.0000 0.0029
0.389 5.336 0.000 0.1258 0.9921 0.0028
0.389 5.336 0.000 0.1258 0.9921 0.0028
0.000 5.362 -0.500 0.0000 1.0000 0.0029
-0.000 5.359 0.000 -0.0000 1.0000 0.0030
0.389 5.336 0.000 0.1258 0.9921 0.0028
-0.000 5.359 0.000 -0.0000 1.0000 0.0030
0.383 5.334 0.500 0.1216 0.9926 0.0028
0.383 5.334 0.500 0.1216 0.9926 0.0028
-0.000 5.359 0.000 -0.0000 1.0000 0.0030
0.000 5.356 0.500 0.0000 1.0000 0.0030
0.383 5.334 0.500 0.1216 0.9926 0.0028
0.000 5.356 0.500 0.0000 1.0000 0.0030
0.377 5.332 1.000 0.0981 0.9952 0.0031
0.377 5.332 1.000 0.0981 0.9952 0.0031
0.000 5.356 0.500 0.0000 1.0000 0.0030
0.000 5.353 1.000 0.0000 1.0000 0.0030
0.377 5.332 1.000 0.0981 0.9952 0.0031
0.000 5.353 1.000 0.0000 1.0000 0.0030
0.372 5.329 1.500 0.0970 0.9953 0.0031
0.372 5.329 1.500 0.0970 0.9953 0.0031
0.000 5.353 1.000 0.0000 1.0000 0.0030
0.000 5.350 1.500 0.0000 1.0000 0.0030
0.372 5.329 1.500 0.0970 0.9953 0.0031
0.000 5.350 1.500 0.0000 1.0000 0.0030
0.367 5.326 2.000 0.0992 0.9951 0.0030
0.367 5.326 2.000 0.0992 0.9951 0.0030
0.000 5.350 1.500 0.0000 1.0000 0.0030
-0.000 5.347 2.000 0.0000 1.0000 0.0029
0.367 5.326 2.000 0.0992 0.9951 0.0030
-0.000 5.347 2.000 0.0000 1.0000 0.0029
0.362 5.324 2.500 0.1013 0.9949 0.0029
0.362 5.324 2.500 0.1013 0.9949 0.0029
-0.000 5.347 2.000 0.0000 1.0000 0.0029
-0.000 5.344 2.500 0.0000 1.0000 0.0028
0.362 5.324 2.500 0.1013 0.9949 0.0029
-0.000 5.344 2.500 0.0000 1.0000 0.0028
0.358 5.321 3.000 0.1033 0.9946 0.0028
0.358 5.321 3.000 0.1033 0.9946 0.0028
-0.000 5.344 2.500 0.0000 1.0000 0.0028
0.000 5.341 3.000 0.0000 1.0000 0.0027
0.358 5.321 3.000 0.1033 0.9946 0.0028
0.000 5.341 3.000 0.0000 1.0000 0.0027
0.354 5.319 3.500 0.1052 0.9945 0.0026
0.354 5.319 3.500 0.1052 0.9945 0.0026
0.000 5.341 3.000 0.0000 1.0000 0.0027
-0.000 5.338 3.500 0.0000 1.0000 0.0026
0.354 5.319 3.500 0.1052 0.9945 0.0026
-0.000 5.338 3.500 0.0000 1.0000 0.0026
0.351 5.317 4.000 0.1069 0.9943 0.0023
0.351 5.317 4.000 0.1069 0.9943 0.0023
-0.000 5.338 3.500 0.0000 1.0000 0.0026
0.000 5.336 4.000 0.0000 1.0000 0.0023
0.351 5.317 4.000 0.1069 0.9943 0.0023
0.000 5.336 4.000 0.0000 1.0000 0.0023
0.348 5.315 4.500 0.1085 0.9941 0.0021
0.348 5.315 4.500 0.1085 0.9941 0.0021
0.000 5.336 4.000 0.0000 1.0000 0.0023
0.000 5.333 4.500 0.0000 1.0000 0.0021
0.348 5.315 4.500 0.1085 0.9941 0.0021
0.000 5.333 4.500 0.0000 1.0000 0.0021
0.346 5.313 5.000 0.1098 0.9939 0.0018
0.346 5.313 5.000 0.1098 0.9939 0.0018
0.000 5.333 4.500 0.0000 1.0000 0.0021
-0.000 5.331 5.000 0.0000 1.0000 0.0018
0.346 5.313 5.000 0.1098 0.9939 0.0018
-0.000 5.331 5.000 0.0000 1.0000 0.0018
0.344 5.311 5.500 0.1110 0.9938 0.0018
0.344 5.311 5.500 0.1110 0.9938 0.0018
-0.000 5.331 5.000 0.0000 1.0000 0.0018
-0.000 5.329 5.500 0.0000 1.0000 0.0018
0.344 5.311 5.500 0.1110 0.9938 0.0018
-0.000 5.329 5.500 0.0000 1.0000 0.0018
0.342 5.309 6.000 0.1121 0.9937 0.0018
0.342 5.309 6.000 0.1121 0.9937 0.0018
-0.000 5.329 5.500 0.0000 1.0000 0.0018
0.000 5.327 6.000 0.0000 1.0000 0.0019
-0.000 5.384 -6.000 0.0000 1.0000 0.0013
-0.472 5.351 -6.000 -0.1341 0.9910 0.0014
0.000 5.383 -5.500 0.0000 1.0000 0.0014
0.000 5.383 -5.500 0.0000 1.0000 0.0014
-0.472 5.351 -6.000 -0.1341 0.9910 0.0014
-0.465 5.351 -5.500 -0.1297 0.9915 0.0016
0.000 5.383 -5.500 0.0000 1.0000 0.0014
-0.465 5.351 -5.500 -0.1297 0.9915 0.0016
0.000 5.381 -5.000 0.0000 1.0000 0.0015
0.000 5.381 -5.000 0.0000 1.0000 0.0015
-0.465 5.351 -5.500 -0.1297 0.9915 0.0016
-0.458 5.350 -5.000 -0.1260 0.9920 0.0016
0.000 5.381 -5.000 0.0000 1.0000 0.0015
-0.458 5.350 -5.000 -0.1260 0.9920 0.0016
-0.000 5.380 -4.500 -0.0000 1.0000 0.0016
-0.000 5.380 -4.500 -0.0000 1.0000 0.0016
-0.458 5.350 -5.000 -0.1260 0.9920 0.0016
-0.451 5.349 -4.500 -0.1289 0.9917 0.0017
-0.000 5.380 -4.500 -0.0000 1.0000 0.0016
-0.451 5.349 -4.500 -0.1289 0.9917 0.0017
-0.000 5.378 -4.000 -0.0000 1.0000 0.0017
-0.000 5.378 -4.000 -0.0000 1.0000 0.0017
-0.451 5.349 -4.500 -0.1289 0.9917 0.0017
-0.444 5.349 -4.000 -0.1319 0.9913 0.0017
-0.000 5.378 -4.000 -0.0000 1.0000 0.0017
-0.444 5.349 -4.000 -0.1319 0.9913 0.0017
0.000 5.376 -3.500 0.0000 1.0000 0.0019
0.000 5.376 -3.500 0.0000 1.0000 0.0019
-0.444 5.349 -4.000 -0.1319 0.9913 0.0017
-0.437 5.348 -3.500 -0.1350 0.9908 0.0018
0.000 5.376 -3.500 0.0000 1.0000 0.0019
-0.437 5.348 -3.500 -0.1350 0.9908 0.0018
-0.000 5.374 -3.000 0.0000 1.0000 0.0020
-0.000 5.374 -3.000 0.0000 1.0000 0.0020
-0.437 5.348 -3.500 -0.1350 0.9908 0.0018
-0.430 5.347 -3.000 -0.1382 0.9904 0.0019
-0.000 5.374 -3.000 0.0000 1.0000 0.0020
-0.430 5.347 -3.000 -0.1382 0.9904 0.0019
0.000 5.374 -2.850 0.0000 1.0000 0.0021
0.000 5.374 -2.850 0.0000 1.0000 0.0021
-0.430 5.347 -3.000 -0.1382 0.9904 0.0019
-0.428 5.346 -2.850 -0.1329 0.9911 0.0019
0.000 5.374 -2.850 0.0000 1.0000 0.0021
-0.428 5.346 -2.850 -0.1329 0.9911 0.0019
-0.000 5.372 -2.500 0.0000 1.0000 0.0022
-0.000 5.372 -2.500 0.0000 1.0000 0.0022
-0.428 5.346 -2.850 -0.1329 0.9911 0.0019
-0.423 5.346 -2.500 -0.1196 0.9928 0.0024
-0.000 5.372 -2.500 0.0000 1.0000 0.0022
-0.423 5.346 -2.500 -0.1196 0.9928 0.0024
-0.000 5.370 -2.000 0.0000 1.0000 0.0023
-0.000 5.370 -2.000 0.0000 1.0000 0.0023
-0.423 5.346 -2.500 -0.1196 0.9928 0.0024
-0.416 5.344 -2.000 -0.1131 0.9936 0.0024
-0.000 5.370 -2.000 0.0000 1.0000 0.0023
-0.416 5.344 -2.000 -0.1131 0.9936 0.0024
0.000 5.368 -1.500 0.0000 1.0000 0.0025
0.000 5.368 -1.500 0.0000 1.0000 0.0025
-0.416 5.344 -2.000 -0.1131 0.9936 0.0024
-0.410 5.342 -1.500 -0.1161 0.9932 0.0026
0.000 5.368 -1.500 0.0000 1.0000 0.0025
-0.410 5.342 -1.500 -0.1161 0.9932 0.0026
0.000 5.366 -1.150 0.0000 1.0000 0.0027
0.000 5.366 -1.150 0.0000 1.0000 0.0027
-0.410 5.342 -1.500 -0.1161 0.9932 0.0026
-0.405 5.341 -1.150 -0.1182 0.9930 0.0027
0.000 5.366 -1.150 0.0000 1.0000 0.0027
-0.405 5.341 -1.150 -0.1182 0.9930 0.0027
0.000 5.365 -1.000 0.0000 1.0000 0.0028
0.000 5.365 -1.000 0.0000 1.0000 0.0028
-0.405 5.341 -1.150 -0.1182 0.9930 0.0027
-0.403 5.341 -1.000 -0.1191 0.9929 0.0027
0.000 5.365 -1.000 0.0000 1.0000 0.0028
-0.403 5.341 -1.000 -0.1191 0.9929 0.0027
0.000 5.362 -0.500 0.0000 1.0000 0.0029
0.000 5.362 -0.500 0.0000 1.0000 0.0029
-0.403 5.341 -1.000 -0.1191 0.9929 0.0027
-0.396 5.339 -0.500 -0.1224 0.9925 0.0028
0.000 5.362 -0.500 0.0000 1.0000 0.0029
-0.396 5.339 -0.500 -0.1224 0.9925 0.0028
-0.000 5.359 0.000 -0.0000 1.0000 0.0030
-0.000 5.359 0.000 -0.0000 1.0000 0.0030
-0.396 5.339 -0.500 -0.1224 0.9925 0.0028
-0.389 5.336 0.000 -0.1258 0.9921 0.0028
-0.000 5.359 0.000 -0.0000 1.0000 0.0030
-0.389 5.336 0.000 -0.1258 0.9921 0.0028
0.000 5.356 0.500 0.0000 1.0000 0.0030
0.000 5.356 0.500 0.0000 1.0000 0.0030
-0.389 5.336 0.000 -0.1258 0.9921 0.0028
-0.383 5.334 0.500 -0.1216 0.9926 0.0028
0.000 5.356 0.500 0.0000 1.0000 0.0030
-0.383 5.334 0.500 -0.1216 0.9926 0.0028
0.000 5.353 1.000 0.0000 1.0000 0.0030
0.000 5.353 1.000 0.0000 1.0000 0.0030
-0.383 5.334 0.500 -0.1216 0.9926 0.0028
-0.377 5.332 1.000 -0.0981 0.9952 0.0031
0.000 5.353 1.000 0.0000 1.0000 0.0030
-0.377 5.332 1.000 -0.0981 0.9952 0.0031
0.000 5.350 1.500 0.0000 1.0000 0.0030
0.000 5.350 1.500 0.0000 1.0000 0.0030
-0.377 5.332 1.000 -0.0981 0.9952 0.0031
-0.372 5.329 1.500 -0.0970 0.9953 0.0031
0.000 5.350 1.500 0.0000 1.0000 0.0030
-0.372 5.329 1.500 -0.0970 0.9953 0.0031
-0.000 5.347 2.000 0.0000 1.0000 0.0029
-0.000 5.347 2.000 0.0000 1.0000 0.0029
-0.372 5.329 1.500 -0.0970 0.9953 0.0031
-0.367 5.326 2.000 -0.0992 0.9951 0.0030
-0.000 5.347 2.000 0.0000 1.0000 0.0029
-0.367 5.326 2.000 -0.0992 0.9951 0.0030
-0.000 5.344 2.500 0.0000 1.0000 0.0028
-0.000 5.344 2.500 0.0000 1.0000 0.0028
-0.367 5.326 2.000 -0.0992 0.9951 0.0030
-0.362 5.324 2.500 -0.1013 0.9949 0.0029
-0.000 5.344 2.500 0.0000 1.0000 0.0028
-0.362 5.324 2.500 -0.1013 0.9949 0.0029
0.000 5.341 3.000 0.0000 1.0000 0.0027
0.000 5.341 3.000 0.0000 1.0000 0.0027
-0.362 5.324 2.500 -0.1013 0.9949 0.0029
-0.358 5.321 3.000 -0.1033 0.9946 0.0028
0.000 5.341 3.000 0.0000 1.0000 0.0027
-0.358 5.321 3.000 -0.1033 0.9946 0.0028
-0.000 5.338 3.500 0.0000 1.0000 0.0026
-0.000 5.338 3.500 0.0000 1.0000 0.0026
-0.358 5.321 3.000 -0.1033 0.9946 0.0028
-0.354 5.319 3.500 -0.1052 0.9945 0.0026
-0.000 5.338 3.500 0.0000 1.0000 0.0026
-0.354 5.319 3.500 -0.1052 0.9945 0.0026
0.000 5.336 4.000 0.0000 1.0000 0.0023
0.000 5.336 4.000 0.0000 1.0000 0.0023
-0.354 5.319 3.500 -0.1052 0.9945 0.0026
-0.351 5.317 4.000 -0.1069 0.9943 0.0023
0.000 5.336 4.000 0.0000 1.0000 0.0023
-0.351 5.317 4.000 -0.1069 0.9943 0.0023
0.000 5.333 4.500 0.0000 1.0000 0.0021
0.000 5.333 4.500 0.0000 1.0000 0.0021
-0.351 5.317 4.000 -0.1069 0.9943 0.0023
-0.348 5.315 4.500 -0.1085 0.9941 0.0021
0.000 5.333 4.500 0.0000 1.0000 0.0021
-0.348 5.315 4.500 -0.1085 0.9941 0.0021
-0.000 5.331 5.000 0.0000 1.0000 0.0018
-0.000 5.331 5.000 0.0000 1.0000 0.0018
-0.348 5.315 4.500 -0.1085 0.9941 0.0021
-0.346 5.313 5.000 -0.1098 0.9939 0.0018
-0.000 5.331 5.000 0.0000 1.0000 0.0018
-0.346 5.313 5.000 -0.1098 0.9939 0.0018
-0.000 5.329 5.500 0.0000 1.0000 0.0018
-0.000 5.329 5.500 0.0000 1.0000 0.0018
-0.346 5.313 5.000 -0.1098 0.9939 0.0018
-0.344 5.311 5.500 -0.1110 0.9938 0.0018
-0.000 5.329 5.500 0.0000 1.0000 0.0018
-0.344 5.311 5.500 -0.1110 0.9938 0.0018
0.000 5.327 6.000 0.0000 1.0000 0.0019
0.000 5.327 6.000 0.0000 1.0000 0.0019
-0.344 5.311 5.500 -0.1110 0.9938 0.0018
-0.342 5.309 6.000 -0.1121 0.9937 0.0018
-0.472 5.351 -6.000 -0.1341 0.9910 0.0014
-0.754 5.313 -6.000 -0.1341 0.9910 0.0022
-0.465 5.351 -5.500 -0.1297 0.9915 0.0016
-0.465 5.351 -5.500 -0.1297 0.9915 0.0016
-0.754 5.313 -6.000 -0.1341 0.9910 0.0022
-0.743 5.312 -5.500 -0.1370 0.9906 0.0022
-0.465 5.351 -5.500 -0.1297 0.9915 0.0016
-0.743 5.312 -5.500 -0.1370 0.9906 0.0022
-0.458 5.350 -5.000 -0.1260 0.9920 0.0016
-0.458 5.350 -5.000 -0.1260 0.9920 0.0016
-0.743 5.312 -5.500 -0.1370 0.9906 0.0022
-0.731 5.312 -5.000 -0.1400 0.9902 0.0023
-0.458 5.350 -5.000 -0.1260 0.9920 0.0016
-0.731 5.312 -5.000 -0.1400 0.9902 0.0023
-0.451 5.349 -4.500 -0.1289 0.9917 0.0017
-0.451 5.349 -4.500 -0.1289 0.9917 0.0017
-0.731 5.312 -5.000 -0.1400 0.9902 0.0023
-0.720 5.311 -4.500 -0.1431 0.9897 0.0024
-0.451 5.349 -4.500 -0.1289 0.9917 0.0017
-0.720 5.311 -4.500 -0.1431 0.9897 0.0024
-0.444 5.349 -4.000 -0.1319 0.9913 0.0017
-0.444 5.349 -4.000 -0.1319 0.9913 0.0017
-0.720 5.311 -4.500 -0.1431 0.9897 0.0024
-0.709 5.310 -4.000 -0.1464 0.9892 0.0024
-0.444 5.349 -4.000 -0.1319 0.9913 0.0017
-0.709 5.310 -4.000 -0.1464 0.9892 0.0024
-0.437 5.348 -3.500 -0.1350 0.9908 0.0018
-0.437 5.348 -3.500 -0.1350 0.9908 0.0018
-0.709 5.310 -4.000 -0.1464 0.9892 0.0024
-0.698 5.309 -3.500 -0.1499 0.9887 0.0025
-0.437 5.348 -3.500 -0.1350 0.9908 0.0018
-0.698 5.309 -3.500 -0.1499 0.9887 0.0025
-0.430 5.347 -3.000 -0.1382 0.9904 0.0019
-0.430 5.347 -3.000 -0.1382 0.9904 0.0019
-0.698 5.309 -3.500 -0.1499 0.9887 0.0025
-0.687 5.308 -3.000 -0.1535 0.9882 0.0026
-0.430 5.347 -3.000 -0.1382 0.9904 0.0019
-0.687 5.308 -3.000 -0.1535 0.9882 0.0026
-0.428 5.346 -2.850 -0.1329 0.9911 0.0019
-0.428 5.346 -2.850 -0.1329 0.9911 0.0019
-0.687 5.308 -3.000 -0.1535 0.9882 0.0026
-0.683 5.308 -2.850 -0.1546 0.9880 0.0026
-0.428 5.346 -2.850 -0.1329 0.9911 0.0019
-0.683 5.308 -2.850 -0.1546 0.9880 0.0026
-0.423 5.346 -2.500 -0.1196 0.9928 0.0024
-0.423 5.346 -2.500 -0.1196 0.9928 0.0024
-0.683 5.308 -2.850 -0.1546 0.9880 0.0026
-0.676 5.307 -2.500 -0.1572 0.9876 0.0027
-0.423 5.346 -2.500 -0.1196 0.9928 0.0024
-0.676 5.307 -2.500 -0.1572 0.9876 0.0027
-0.416 5.344 -2.000 -0.1131 0.9936 0.0024
-0.416 5.344 -2.000 -0.1131 0.9936 0.0024
-0.676 5.307 -2.500 -0.1572 0.9876 0.0027
-0.665 5.306 -2.000 -0.1612 0.9869 0.0028
-0.416 5.344 -2.000 -0.1131 0.9936 0.0024
-0.665 5.306 -2.000 -0.1612 0.9869 0.0028
-0.410 5.342 -1.500 -0.1161 0.9932 0.0026
-0.410 5.342 -1.500 -0.1161 0.9932 0.0026
-0.665 5.306 -2.000 -0.1612 0.9869 0.0028
-0.654 5.305 -1.500 -0.1654 0.9862 0.0029
-0.410 5.342 -1.500 -0.1161 0.9932 0.0026
-0.654 5.305 -1.500 -0.1654 0.9862 0.0029
-0.405 5.341 -1.150 -0.1182 0.9930 0.0027
-0.405 5.341 -1.150 -0.1182 0.9930 0.0027
-0.654 5.305 -1.500 -0.1654 0.9862 0.0029
-0.646 5.305 -1.150 -0.1684 0.9857 0.0030
-0.405 5.341 -1.150 -0.1182 0.9930 0.0027
-0.646 5.305 -1.150 -0.1684 0.9857 0.0030
-0.403 5.341 -1.000 -0.1191 0.9929 0.0027
-0.403 5.341 -1.000 -0.1191 0.9929 0.0027
-0.646 5.305 -1.150 -0.1684 0.9857 0.0030
-0.643 5.304 -1.000 -0.1698 0.9855 0.0030
-0.403 5.341 -1.000 -0.1191 0.9929 0.0027
-0.643 5.304 -1.000 -0.1698 0.9855 0.0030
-0.396 5.339 -0.500 -0.1224 0.9925 0.0028
-0.396 5.339 -0.500 -0.1224 0.9925 0.0028
-0.643 5.304 -1.000 -0.1698 0.9855 0.0030
-0.632 5.303 -0.500 -0.1744 0.9847 0.0030
-0.396 5.339 -0.500 -0.1224 0.9925 0.0028
-0.632 5.303 -0.500 -0.1744 0.9847 0.0030
-0.389 5.336 0.000 -0.1258 0.9921 0.0028
-0.389 5.336 0.000 -0.1258 0.9921 0.0028
-0.632 5.303 -0.500 -0.1744 0.9847 0.0030
-0.621 5.302 0.000 -0.1792 0.9838 0.0030
-0.389 5.336 0.000 -0.1258 0.9921 0.0028
-0.621 5.302 0.000 -0.1792 0.9838 0.0030
-0.383 5.334 0.500 -0.1216 0.9926 0.0028
-0.383 5.334 0.500 -0.1216 0.9926 0.0028
-0.621 5.302 0.000 -0.1792 0.9838 0.0030
-0.611 5.300 0.500 -0.1657 0.9862 0.0032
-0.383 5.334 0.500 -0.1216 0.9926 0.0028
-0.611 5.300 0.500 -0.1657 0.9862 0.0032
-0.377 5.332 1.000 -0.0981 0.9952 0.0031
-0.377 5.332 1.000 -0.0981 0.9952 0.0031
-0.611 5.300 0.500 -0.1657 0.9862 0.0032
-0.602 5.299 1.000 -0.1699 0.9855 0.0031
-0.377 5.332 1.000 -0.0981 0.9952 0.0031
-0.602 5.299 1.000 -0.1699 0.9855 0.0031
-0.372 5.329 1.500 -0.0970 0.9953 0.0031
-0.372 5.329 1.500 -0.0970 0.9953 0.0031
-0.602 5.299 1.000 -0.1699 0.9855 0.0031
-0.593 5.297 1.500 -0.1739 0.9848 0.0030
-0.372 5.329 1.500 -0.0970 0.9953 0.0031
-0.593 5.297 1.500 -0.1739 0.9848 0.0030
-0.367 5.326 2.000 -0.0992 0.9951 0.0030
-0.367 5.326 2.000 -0.0992 0.9951 0.0030
-0.593 5.297 1.500 -0.1739 0.9848 0.0030
-0.586 5.295 2.000 -0.1779 0.9840 0.0028
-0.367 5.326 2.000 -0.0992 0.9951 0.0030
-0.586 5.295 2.000 -0.1779 0.9840 0.0028
-0.362 5.324 2.500 -0.1013 0.9949 0.0029
-0.362 5.324 2.500 -0.1013 0.9949 0.0029
-0.586 5.295 2.000 -0.1779 0.9840 0.0028
-0.578 5.294 2.500 -0.1816 0.9834 0.0027
-0.362 5.324 2.500 -0.1013 0.9949 0.0029
-0.578 5.294 2.500 -0.1816 0.9834 0.0027
-0.358 5.321 3.000 -0.1033 0.9946 0.0028
-0.358 5.321 3.000 -0.1033 0.9946 0.0028
-0.578 5.294 2.500 -0.1816 0.9834 0.0027
-0.572 5.292 3.000 -0.1852 0.9827 0.0025
-0.358 5.321 3.000 -0.1033 0.9946 0.0028
-0.572 5.292 3.000 -0.1852 0.9827 0.0025
-0.354 5.319 3.500 -0.1052 0.9945 0.0026
-0.354 5.319 3.500 -0.1052 0.9945 0.0026
-0.572 5.292 3.000 -0.1852 0.9827 0.0025
-0.566 5.291 3.500 -0.1584 0.9874 0.0028
-0.354 5.319 3.500 -0.1052 0.9945 0.0026
-0.566 5.291 3.500 -0.1584 0.9874 0.0028
-0.351 5.317 4.000 -0.1069 0.9943 0.0023
-0.351 5.317 4.000 -0.1069 0.9943 0.0023
-0.566 5.291 3.500 -0.1584 0.9874 0.0028
-0.561 5.289 4.000 -0.1494 0.9888 0.0024
-0.351 5.317 4.000 -0.1069 0.9943 0.0023
-0.561 5.289 4.000 -0.1494 0.9888 0.0024
-0.348 5.315 4.500 -0.1085 0.9941 0.0021
-0.348 5.315 4.500 -0.1085 0.9941 0.0021
-0.561 5.289 4.000 -0.1494 0.9888 0.0024
-0.556 5.287 4.500 -0.1515 0.9884 0.0022
-0.348 5.315 4.500 -0.1085 0.9941 0.0021
-0.556 5.287 4.500 -0.1515 0.9884 0.0022
-0.346 5.313 5.000 -0.1098 0.9939 0.0018
-0.346 5.313 5.000 -0.1098 0.9939 0.0018
-0.556 5.287 4.500 -0.1515 0.9884 0.0022
-0.552 5.285 5.000 -0.1535 0.9882 0.0019
-0.346 5.313 5.000 -0.1098 0.9939 0.0018
-0.552 5.285 5.000 -0.1535 0.9882 0.0019
-0.344 5.311 5.500 -0.1110 0.9938 0.0018
-0.344 5.311 5.500 -0.1110 0.9938 0.0018
-0.552 5.285 5.000 -0.1535 0.9882 0.0019
-0.549 5.284 5.500 -0.1551 0.9879 0.0018
-0.344 5.311 5.500 -0.1110 0.9938 0.0018
-0.549 5.284 5.500 -0.1551 0.9879 0.0018
-0.342 5.309 6.000 -0.1121 0.9937 0.0018
-0.342 5.309 6.000 -0.1121 0.9937 0.0018
-0.549 5.284 5.500 -0.1551 0.9879 0.0018
-0.546 5.282 6.000 -0.1567 0.9876 0.0019
-0.754 5.313 -6.000 -0.1341 0.9910 0.0022
-0.941 5.288 -6.000 -0.1341 0.9910 0.0027
-0.743 5.312 -5.500 -0.1370 0.9906 0.0022
-0.743 5.312 -5.500 -0.1370 0.9906 0.0022
-0.941 5.288 -6.000 -0.1341 0.9910 0.0027
-0.927 5.287 -5.500 -0.1370 0.9906 0.0028
-0.743 5.312 -5.500 -0.1370 0.9906 0.0022
-0.927 5.287 -5.500 -0.1370 0.9906 0.0028
-0.731 5.312 -5.000 -0.1400 0.9902 0.0023
-0.731 5.312 -5.000 -0.1400 0.9902 0.0023
-0.927 5.287 -5.500 -0.1370 0.9906 0.0028
-0.913 5.286 -5.000 -0.1400 0.9902 0.0029
-0.731 5.312 -5.000 -0.1400 0.9902 0.0023
-0.913 5.286 -5.000 -0.1400 0.9902 0.0029
-0.720 5.311 -4.500 -0.1431 0.9897 0.0024
-0.720 5.311 -4.500 -0.1431 0.9897 0.0024
-0.913 5.286 -5.000 -0.1400 0.9902 0.0029
-0.899 5.285 -4.500 -0.1431 0.9897 0.0030
-0.720 5.311 -4.500 -0.1431 0.9897 0.0024
-0.899 5.285 -4.500 -0.1431 0.9897 0.0030
-0.709 5.310 -4.000 -0.1464 0.9892 0.0024
-0.709 5.310 -4.000 -0.1464 0.9892 0.0024
-0.899 5.285 -4.500 -0.1431 0.9897 0.0030
-0.885 5.284 -4.000 -0.1464 0.9892 0.0031
-0.709 5.310 -4.000 -0.1464 0.9892 0.0024
-0.885 5.284 -4.000 -0.1464 0.9892 0.0031
-0.698 5.309 -3.500 -0.1499 0.9887 0.0025
-0.698 5.309 -3.500 -0.1499 0.9887 0.0025
-0.885 5.284 -4.000 -0.1464 0.9892 0.0031
-0.871 5.283 -3.500 -0.1499 0.9887 0.0031
-0.698 5.309 -3.500 -0.1499 0.9887 0.0025
-0.871 5.283 -3.500 -0.1499 0.9887 0.0031
-0.687 5.308 -3.000 -0.1535 0.9882 0.0026
-0.687 5.308 -3.000 -0.1535 0.9882 0.0026
-0.871 5.283 -3.500 -0.1499 0.9887 0.0031
-0.857 5.282 -3.000 -0.1535 0.9881 0.0033
-0.687 5.308 -3.000 -0.1535 0.9882 0.0026
-0.857 5.282 -3.000 -0.1535 0.9881 0.0033
-0.683 5.308 -2.850 -0.1546 0.9880 0.0026
-0.683 5.308 -2.850 -0.1546 0.9880 0.0026
-0.857 5.282 -3.000 -0.1535 0.9881 0.0033
-0.853 5.282 -2.850 -0.1546 0.9880 0.0033
-0.683 5.308 -2.850 -0.1546 0.9880 0.0026
-0.853 5.282 -2.850 -0.1546 0.9880 0.0033
-0.676 5.307 -2.500 -0.1572 0.9876 0.0027
-0.676 5.307 -2.500 -0.1572 0.9876 0.0027
-0.853 5.282 -2.850 -0.1546 0.9880 0.0033
-0.843 5.281 -2.500 -0.1572 0.9876 0.0034
-0.676 5.307 -2.500 -0.1572 0.9876 0.0027
-0.843 5.281 -2.500 -0.1572 0.9876 0.0034
-0.665 5.306 -2.000 -0.1612 0.9869 0.0028
-0.665 5.306 -2.000 -0.1612 0.9869 0.0028
-0.843 5.281 -2.500 -0.1572 0.9876 0.0034
-0.829 5.280 -2.000 -0.1612 0.9869 0.0035
-0.665 5.306 -2.000 -0.1612 0.9869 0.0028
-0.829 5.280 -2.000 -0.1612 0.9869 0.0035
-0.654 5.305 -1.500 -0.1654 0.9862 0.0029
-0.654 5.305 -1.500 -0.1654 0.9862 0.0029
-0.829 5.280 -2.000 -0.1612 0.9869 0.0035
-0.815 5.278 -1.500 -0.1654 0.9862 0.0036
-0.654 5.305 -1.500 -0.1654 0.9862 0.0029
-0.815 5.278 -1.500 -0.1654 0.9862 0.0036
-0.646 5.305 -1.150 -0.1684 0.9857 0.0030
-0.646 5.305 -1.150 -0.1684 0.9857 0.0030
-0.815 5.278 -1.500 -0.1654 0.9862 0.0036
-0.806 5.277 -1.150 -0.1684 0.9857 0.0037
-0.646 5.305 -1.150 -0.1684 0.9857 0.0030
-0.806 5.277 -1.150 -0.1684 0.9857 0.0037
-0.643 5.304 -1.000 -0.1698 0.9855 0.0030
-0.643 5.304 -1.000 -0.1698 0.9855 0.0030
-0.806 5.277 -1.150 -0.1684 0.9857 0.0037
-0.801 5.277 -1.000 -0.1698 0.9855 0.0037
-0.643 5.304 -1.000 -0.1698 0.9855 0.0030
-0.801 5.277 -1.000 -0.1698 0.9855 0.0037
-0.632 5.303 -0.500 -0.1744 0.9847 0.0030
-0.632 5.303 -0.500 -0.1744 0.9847 0.0030
-0.801 5.277 -1.000 -0.1698 0.9855 0.0037
-0.788 5.276 -0.500 -0.1744 0.9847 0.0038
-0.632 5.303 -0.500 -0.1744 0.9847 0.0030
-0.788 5.276 -0.500 -0.1744 0.9847 0.0038
-0.621 5.302 0.000 -0.1792 0.9838 0.0030
-0.621 5.302 0.000 -0.1792 0.9838 0.0030
-0.788 5.276 -0.500 -0.1744 0.9847 0.0038
-0.774 5.274 0.000 -0.1792 0.9838 0.0037
-0.621 5.302 0.000 -0.1792 0.9838 0.0030
-0.774 5.274 0.000 -0.1792 0.9838 0.0037
-0.611 5.300 0.500 -0.1657 0.9862 0.0032
-0.611 5.300 0.500 -0.1657 0.9862 0.0032
-0.774 5.274 0.000 -0.1792 0.9838 0.0037
-0.762 5.272 0.500 -0.1839 0.9829 0.0036
-0.611 5.300 0.500 -0.1657 0.9862 0.0032
-0.762 5.272 0.500 -0.1839 0.9829 0.0036
-0.602 5.299 1.000 -0.1699 0.9855 0.0031
-0.602 5.299 1.000 -0.1699 0.9855 0.0031
-0.762 5.272 0.500 -0.1839 0.9829 0.0036
-0.750 5.271 1.000 -0.1885 0.9821 0.0034
-0.602 5.299 1.000 -0.1699 0.9855 0.0031
-0.750 5.271 1.000 -0.1885 0.9821 0.0034
-0.593 5.297 1.500 -0.1739 0.9848 0.0030
-0.593 5.297 1.500 -0.1739 0.9848 0.0030
-0.750 5.271 1.000 -0.1885 0.9821 0.0034
-0.739 5.270 1.500 -0.1930 0.9812 0.0033
-0.593 5.297 1.500 -0.1739 0.9848 0.0030
-0.739 5.270 1.500 -0.1930 0.9812 0.0033
-0.586 5.295 2.000 -0.1779 0.9840 0.0028
-0.586 5.295 2.000 -0.1779 0.9840 0.0028
-0.739 5.270 1.500 -0.1930 0.9812 0.0033
-0.730 5.268 2.000 -0.1974 0.9803 0.0031
-0.586 5.295 2.000 -0.1779 0.9840 0.0028
-0.730 5.268 2.000 -0.1974 0.9803 0.0031
-0.578 5.294 2.500 -0.1816 0.9834 0.0027
-0.578 5.294 2.500 -0.1816 0.9834 0.0027
-0.730 5.268 2.000 -0.1974 0.9803 0.0031
-0.721 5.267 2.500 -0.2016 0.9795 0.0029
-0.578 5.294 2.500 -0.1816 0.9834 0.0027
-0.721 5.267 2.500 -0.2016 0.9795 0.0029
-0.572 5.292 3.000 -0.1852 0.9827 0.0025
-0.572 5.292 3.000 -0.1852 0.9827 0.0025
-0.721 5.267 2.500 -0.2016 0.9795 0.0029
-0.712 5.265 3.000 -0.2055 0.9787 0.0027
-0.572 5.292 3.000 -0.1852 0.9827 0.0025
-0.712 5.265 3.000 -0.2055 0.9787 0.0027
-0.566 5.291 3.500 -0.1584 0.9874 0.0028
-0.566 5.291 3.500 -0.1584 0.9874 0.0028
-0.712 5.265 3.000 -0.2055 0.9787 0.0027
-0.705 5.264 3.500 -0.1925 0.9813 0.0028
-0.566 5.291 3.500 -0.1584 0.9874 0.0028
-0.705 5.264 3.500 -0.1925 0.9813 0.0028
-0.561 5.289 4.000 -0.1494 0.9888 0.0024
-0.561 5.289 4.000 -0.1494 0.9888 0.0024
-0.705 5.264 3.500 -0.1925 0.9813 0.0028
-0.698 5.263 4.000 -0.1916 0.9815 0.0024
-0.561 5.289 4.000 -0.1494 0.9888 0.0024
-0.698 5.263 4.000 -0.1916 0.9815 0.0024
-0.556 5.287 4.500 -0.1515 0.9884 0.0022
-0.556 5.287 4.500 -0.1515 0.9884 0.0022
-0.698 5.263 4.000 -0.1916 0.9815 0.0024
-0.693 5.261 4.500 -0.1944 0.9809 0.0022
-0.556 5.287 4.500 -0.1515 0.9884 0.0022
-0.693 5.261 4.500 -0.1944 0.9809 0.0022
-0.552 5.285 5.000 -0.1535 0.9882 0.0019
-0.552 5.285 5.000 -0.1535 0.9882 0.0019
-0.693 5.261 4.500 -0.1944 0.9809 0.0022
-0.688 5.260 5.000 -0.1968 0.9804 0.0019
-0.552 5.285 5.000 -0.1535 0.9882 0.0019
-0.688 5.260 5.000 -0.1968 0.9804 0.0019
-0.549 5.284 5.500 -0.1551 0.9879 0.0018
-0.549 5.284 5.500 -0.1551 0.9879 0.0018
-0.688 5.260 5.000 -0.1968 0.9804 0.0019
-0.684 5.259 5.500 -0.1989 0.9800 0.0018
-0.549 5.284 5.500 -0.1551 0.9879 0.0018
-0.684 5.259 5.500 -0.1989 0.9800 0.0018
-0.546 5.282 6.000 -0.1567 0.9876 0.0019
-0.546 5.282 6.000 -0.1567 0.9876 0.0019
-0.684 5.259 5.500 -0.1989 0.9800 0.0018
-0.680 5.258 6.000 -0.2009 0.9796 0.0018
-0.941 5.288 -6.000 -0.1341 0.9910 0.0027
-1.410 5.224 -6.000 -0.1341 0.9910 0.0041
-0.927 5.287 -5.500 -0.1370 0.9906 0.0028
-0.927 5.287 -5.500 -0.1370 0.9906 0.0028
-1.410 5.224 -6.000 -0.1341 0.9910 0.0041
-1.389 5.223 -5.500 -0.1370 0.9906 0.0042
-0.927 5.287 -5.500 -0.1370 0.9906 0.0028
-1.389 5.223 -5.500 -0.1370 0.9906 0.0042
-0.913 5.286 -5.000 -0.1400 0.9902 0.0029
-0.913 5.286 -5.000 -0.1400 0.9902 0.0029
-1.389 5.223 -5.500 -0.1370 0.9906 0.0042
-1.368 5.222 -5.000 -0.1400 0.9901 0.0043
-0.913 5.286 -5.000 -0.1400 0.9902 0.0029
-1.368 5.222 -5.000 -0.1400 0.9901 0.0043
-0.899 5.285 -4.500 -0.1431 0.9897 0.0030
-0.899 5.285 -4.500 -0.1431 0.9897 0.0030
-1.368 5.222 -5.000 -0.1400 0.9901 0.0043
-1.346 5.220 -4.500 -0.1431 0.9897 0.0044
-0.899 5.285 -4.500 -0.1431 0.9897 0.0030
-1.346 5.220 -4.500 -0.1431 0.9897 0.0044
-0.885 5.284 -4.000 -0.1464 0.9892 0.0031
-0.885 5.284 -4.000 -0.1464 0.9892 0.0031
-1.346 5.220 -4.500 -0.1431 0.9897 0.0044
-1.325 5.219 -4.000 -0.1464 0.9892 0.0046
-0.885 5.284 -4.000 -0.1464 0.9892 0.0031
-1.325 5.219 -4.000 -0.1464 0.9892 0.0046
-0.871 5.283 -3.500 -0.1499 0.9887 0.0031
-0.871 5.283 -3.500 -0.1499 0.9887 0.0031
-1.325 5.219 -4.000 -0.1464 0.9892 0.0046
-1.304 5.217 -3.500 -0.1499 0.9887 0.0047
-0.871 5.283 -3.500 -0.1499 0.9887 0.0031
-1.304 5.217 -3.500 -0.1499 0.9887 0.0047
-0.857 5.282 -3.000 -0.1535 0.9881 0.0033
-0.857 5.282 -3.000 -0.1535 0.9881 0.0033
-1.304 5.217 -3.500 -0.1499 0.9887 0.0047
-1.283 5.216 -3.000 -0.1535 0.9881 0.0049
-0.857 5.282 -3.000 -0.1535 0.9881 0.0033
-1.283 5.216 -3.000 -0.1535 0.9881 0.0049
-0.853 5.282 -2.850 -0.1546 0.9880 0.0033
-0.853 5.282 -2.850 -0.1546 0.9880 0.0033
-1.283 5.216 -3.000 -0.1535 0.9881 0.0049
-1.277 5.215 -2.850 -0.1546 0.9880 0.0049
-0.853 5.282 -2.850 -0.1546 0.9880 0.0033
-1.277 5.215 -2.850 -0.1546 0.9880 0.0049
-0.843 5.281 -2.500 -0.1572 0.9876 0.0034
-0.843 5.281 -2.500 -0.1572 0.9876 0.0034
-1.277 5.215 -2.850 -0.1546 0.9880 0.0049
-1.262 5.214 -2.500 -0.1572 0.9875 0.0050
-0.843 5.281 -2.500 -0.1572 0.9876 0.0034
-1.262 5.214 -2.500 -0.1572 0.9875 0.0050
-0.829 5.280 -2.000 -0.1612 0.9869 0.0035
-0.829 5.280 -2.000 -0.1612 0.9869 0.0035
-1.262 5.214 -2.500 -0.1572 0.9875 0.0050
-1.241 5.212 -2.000 -0.1612 0.9869 0.0052
-0.829 5.280 -2.000 -0.1612 0.9869 0.0035
-1.241 5.212 -2.000 -0.1612 0.9869 0.0052
-0.815 5.278 -1.500 -0.1654 0.9862 0.0036
-0.815 5.278 -1.500 -0.1654 0.9862 0.0036
-1.241 5.212 -2.000 -0.1612 0.9869 0.0052
-1.220 5.210 -1.500 -0.1654 0.9862 0.0054
-0.815 5.278 -1.500 -0.1654 0.9862 0.0036
-1.220 5.210 -1.500 -0.1654 0.9862 0.0054
-0.806 5.277 -1.150 -0.1684 0.9857 0.0037
-0.806 5.277 -1.150 -0.1684 0.9857 0.0037
-1.220 5.210 -1.500 -0.1654 0.9862 0.0054
-1.206 5.209 -1.150 -0.1684 0.9857 0.0055
-0.806 5.277 -1.150 -0.1684 0.9857 0.0037
-1.206 5.209 -1.150 -0.1684 0.9857 0.0055
-0.801 5.277 -1.000 -0.1698 0.9855 0.0037
-0.801 5.277 -1.000 -0.1698 0.9855 0.0037
-1.206 5.209 -1.150 -0.1684 0.9857 0.0055
-1.199 5.208 -1.000 -0.1698 0.9855 0.0056
-0.801 5.277 -1.000 -0.1698 0.9855 0.0037
-1.199 5.208 -1.000 -0.1698 0.9855 0.0056
-0.788 5.276 -0.500 -0.1744 0.9847 0.0038
-0.788 5.276 -0.500 -0.1744 0.9847 0.0038
-1.199 5.208 -1.000 -0.1698 0.9855 0.0056
-1.178 5.206 -0.500 -0.1744 0.9847 0.0057
-0.788 5.276 -0.500 -0.1744 0.9847 0.0038
-1.178 5.206 -0.500 -0.1744 0.9847 0.0057
-0.774 5.274 0.000 -0.1792 0.9838 0.0037
-0.774 5.274 0.000 -0.1792 0.9838 0.0037
-1.178 5.206 -0.500 -0.1744 0.9847 0.0057
-1.158 5.204 0.000 -0.1792 0.9838 0.0055
-0.774 5.274 0.000 -0.1792 0.9838 0.0037
-1.158 5.204 0.000 -0.1792 0.9838 0.0055
-0.762 5.272 0.500 -0.1839 0.9829 0.0036
-0.762 5.272 0.500 -0.1839 0.9829 0.0036
-1.158 5.204 0.000 -0.1792 0.9838 0.0055
-1.139 5.202 0.500 -0.1839 0.9829 0.0053
-0.762 5.272 0.500 -0.1839 0.9829 0.0036
-1.139 5.202 0.500 -0.1839 0.9829 0.0053
-0.750 5.271 1.000 -0.1885 0.9821 0.0034
-0.750 5.271 1.000 -0.1885 0.9821 0.0034
-1.139 5.202 0.500 -0.1839 0.9829 0.0053
-1.121 5.200 1.000 -0.1885 0.9821 0.0051
-0.750 5.271 1.000 -0.1885 0.9821 0.0034
-1.121 5.200 1.000 -0.1885 0.9821 0.0051
-0.739 5.270 1.500 -0.1930 0.9812 0.0033
-0.739 5.270 1.500 -0.1930 0.9812 0.0033
-1.121 5.200 1.000 -0.1885 0.9821 0.0051
-1.105 5.198 1.500 -0.1930 0.9812 0.0049
-0.739 5.270 1.500 -0.1930 0.9812 0.0033
-1.105 5.198 1.500 -0.1930 0.9812 0.0049
-0.730 5.268 2.000 -0.1974 0.9803 0.0031
-0.730 5.268 2.000 -0.1974 0.9803 0.0031
-1.105 5.198 1.500 -0.1930 0.9812 0.0049
-1.090 5.196 2.000 -0.1974 0.9803 0.0046
-0.730 5.268 2.000 -0.1974 0.9803 0.0031
-1.090 5.196 2.000 -0.1974 0.9803 0.0046
-0.721 5.267 2.500 -0.2016 0.9795 0.0029
-0.721 5.267 2.500 -0.2016 0.9795 0.0029
-1.090 5.196 2.000 -0.1974 0.9803 0.0046
-1.076 5.194 2.500 -0.2016 0.9795 0.0043
-0.721 5.267 2.500 -0.2016 0.9795 0.0029
-1.076 5.194 2.500 -0.2016 0.9795 0.0043
-0.712 5.265 3.000 -0.2055 0.9787 0.0027
-0.712 5.265 3.000 -0.2055 0.9787 0.0027
-1.076 5.194 2.500 -0.2016 0.9795 0.0043
-1.064 5.192 3.000 -0.2055 0.9787 0.0040
-0.712 5.265 3.000 -0.2055 0.9787 0.0027
-1.064 5.192 3.000 -0.2055 0.9787 0.0040
-0.705 5.264 3.500 -0.1925 0.9813 0.0028
-0.705 5.264 3.500 -0.1925 0.9813 0.0028
-1.064 5.192 3.000 -0.2055 0.9787 0.0040
-1.052 5.190 3.500 -0.2092 0.9779 0.0037
-0.705 5.264 3.500 -0.1925 0.9813 0.0028
-1.052 5.190 3.500 -0.2092 0.9779 0.0037
-0.698 5.263 4.000 -0.1916 0.9815 0.0024
-0.698 5.263 4.000 -0.1916 0.9815 0.0024
-1.052 5.190 3.500 -0.2092 0.9779 0.0037
-1.042 5.188 4.000 -0.2126 0.9771 0.0033
-0.698 5.263 4.000 -0.1916 0.9815 0.0024
-1.042 5.188 4.000 -0.2126 0.9771 0.0033
-0.693 5.261 4.500 -0.1944 0.9809 0.0022
-0.693 5.261 4.500 -0.1944 0.9809 0.0022
-1.042 5.188 4.000 -0.2126 0.9771 0.0033
-1.034 5.187 4.500 -0.2156 0.9765 0.0029
-0.693 5.261 4.500 -0.1944 0.9809 0.0022
-1.034 5.187 4.500 -0.2156 0.9765 0.0029
-0.688 5.260 5.000 -0.1968 0.9804 0.0019
-0.688 5.260 5.000 -0.1968 0.9804 0.0019
-1.034 5.187 4.500 -0.2156 0.9765 0.0029
-1.026 5.185 5.000 -0.2183 0.9759 0.0025
-0.688 5.260 5.000 -0.1968 0.9804 0.0019
-1.026 5.185 5.000 -0.2183 0.9759 0.0025
-0.684 5.259 5.500 -0.1989 0.9800 0.0018
-0.684 5.259 5.500 -0.1989 0.9800 0.0018
-1.026 5.185 5.000 -0.2183 0.9759 0.0025
-1.020 5.184 5.500 -0.2206 0.9754 0.0024
-0.684 5.259 5.500 -0.1989 0.9800 0.0018
-1.020 5.184 5.500 -0.2206 0.9754 0.0024
-0.680 5.258 6.000 -0.2009 0.9796 0.0018
-0.680 5.258 6.000 -0.2009 0.9796 0.0018
-1.020 5.184 5.500 -0.2206 0.9754 0.0024
-1.014 5.183 6.000 -0.2229 0.9748 0.0024
-1.410 5.224 -6.000 -0.1341 0.9910 0.0041
-1.879 5.161 -6.000 -0.1341 0.9910 0.0054
-1.389 5.223 -5.500 -0.1370 0.9906 0.0042
-1.389 5.223 -5.500 -0.1370 0.9906 0.0042
-1.879 5.161 -6.000 -0.1341 0.9910 0.0054
-1.851 5.159 -5.500 -0.1370 0.9906 0.0056
-1.389 5.223 -5.500 -0.1370 0.9906 0.0042
-1.851 5.159 -5.500 -0.1370 0.9906 0.0056
-1.368 5.222 -5.000 -0.1400 0.9901 0.0043
-1.368 5.222 -5.000 -0.1400 0.9901 0.0043
-1.851 5.159 -5.500 -0.1370 0.9906 0.0056
-1.822 5.157 -5.000 -0.1400 0.9901 0.0057
-1.368 5.222 -5.000 -0.1400 0.9901 0.0043
-1.822 5.157 -5.000 -0.1400 0.9901 0.0057
-1.346 5.220 -4.500 -0.1431 0.9897 0.0044
-1.346 5.220 -4.500 -0.1431 0.9897 0.0044
-1.822 5.157 -5.000 -0.1400 0.9901 0.0057
-1.794 5.156 -4.500 -0.1431 0.9897 0.0059
-1.346 5.220 -4.500 -0.1431 0.9897 0.0044
-1.794 5.156 -4.500 -0.1431 0.9897 0.0059
-1.325 5.219 -4.000 -0.1464 0.9892 0.0046
-1.325 5.219 -4.000 -0.1464 0.9892 0.0046
-1.794 5.156 -4.500 -0.1431 0.9897 0.0059
-1.766 5.154 -4.000 -0.1464 0.9892 0.0061
-1.325 5.219 -4.000 -0.1464 0.9892 0.0046
-1.766 5.154 -4.000 -0.1464 0.9892 0.0061
-1.304 5.217 -3.500 -0.1499 0.9887 0.0047
-1.304 5.217 -3.500 -0.1499 0.9887 0.0047
-1.766 5.154 -4.000 -0.1464 0.9892 0.0061
-1.738 5.152 -3.500 -0.1499 0.9887 0.0063
-1.304 5.217 -3.500 -0.1499 0.9887 0.0047
-1.738 5.152 -3.500 -0.1499 0.9887 0.0063
-1.283 5.216 -3.000 -0.1535 0.9881 0.0049
-1.283 5.216 -3.000 -0.1535 0.9881 0.0049
-1.738 5.152 -3.500 -0.1499 0.9887 0.0063
-1.709 5.150 -3.000 -0.1535 0.9881 0.0065
-1.283 5.216 -3.000 -0.1535 0.9881 0.0049
-1.709 5.150 -3.000 -0.1535 0.9881 0.0065
-1.277 5.215 -2.850 -0.1546 0.9880 0.0049
-1.277 5.215 -2.850 -0.1546 0.9880 0.0049
-1.709 5.150 -3.000 -0.1535 0.9881 0.0065
-1.701 5.149 -2.850 -0.1546 0.9880 0.0066
-1.277 5.215 -2.850 -0.1546 0.9880 0.0049
-1.701 5.149 -2.850 -0.1546 0.9880 0.0066
-1.262 5.214 -2.500 -0.1572 0.9875 0.0050
-1.262 5.214 -2.500 -0.1572 0.9875 0.0050
-1.701 5.149 -2.850 -0.1546 0.9880 0.0066
-1.681 5.147 -2.500 -0.1572 0.9875 0.0067
-1.262 5.214 -2.500 -0.1572 0.9875 0.0050
-1.681 5.147 -2.500 -0.1572 0.9875 0.0067
-1.241 5.212 -2.000 -0.1612 0.9869 0.0052
-1.241 5.212 -2.000 -0.1612 0.9869 0.0052
-1.681 5.147 -2.500 -0.1572 0.9875 0.0067
-1.653 5.145 -2.000 -0.1612 0.9869 0.0069
-1.241 5.212 -2.000 -0.1612 0.9869 0.0052
-1.653 5.145 -2.000 -0.1612 0.9869 0.0069
-1.220 5.210 -1.500 -0.1654 0.9862 0.0054
-1.220 5.210 -1.500 -0.1654 0.9862 0.0054
-1.653 5.145 -2.000 -0.1612 0.9869 0.0069
-1.625 5.142 -1.500 -0.1654 0.9862 0.0072
-1.220 5.210 -1.500 -0.1654 0.9862 0.0054
-1.625 5.142 -1.500 -0.1654 0.9862 0.0072
-1.206 5.209 -1.150 -0.1684 0.9857 0.0055
-1.206 5.209 -1.150 -0.1684 0.9857 0.0055
-1.625 5.142 -1.500 -0.1654 0.9862 0.0072
-1.606 5.141 -1.150 -0.1684 0.9857 0.0073
-1.206 5.209 -1.150 -0.1684 0.9857 0.0055
-1.606 5.141 -1.150 -0.1684 0.9857 0.0073
-1.199 5.208 -1.000 -0.1698 0.9855 0.0056
-1.199 5.208 -1.000 -0.1698 0.9855 0.0056
-1.606 5.141 -1.150 -0.1684 0.9857 0.0073
-1.597 5.140 -1.000 -0.1698 0.9855 0.0074
-1.199 5.208 -1.000 -0.1698 0.9855 0.0056
-1.597 5.140 -1.000 -0.1698 0.9855 0.0074
-1.178 5.206 -0.500 -0.1744 0.9847 0.0057
-1.178 5.206 -0.500 -0.1744 0.9847 0.0057
-1.597 5.140 -1.000 -0.1698 0.9855 0.0074
-1.569 5.137 -0.500 -0.1744 0.9846 0.0075
-1.178 5.206 -0.500 -0.1744 0.9847 0.0057
-1.569 5.137 -0.500 -0.1744 0.9846 0.0075
-1.158 5.204 0.000 -0.1792 0.9838 0.0055
-1.158 5.204 0.000 -0.1792 0.9838 0.0055
-1.569 5.137 -0.500 -0.1744 0.9846 0.0075
-1.542 5.134 0.000 -0.1792 0.9838 0.0073
-1.158 5.204 0.000 -0.1792 0.9838 0.0055
-1.542 5.134 0.000 -0.1792 0.9838 0.0073
-1.139 5.202 0.500 -0.1839 0.9829 0.0053
-1.139 5.202 0.500 -0.1839 0.9829 0.0053
-1.542 5.134 0.000 -0.1792 0.9838 0.0073
-1.516 5.131 0.500 -0.1839 0.9829 0.0071
-1.139 5.202 0.500 -0.1839 0.9829 0.0053
-1.516 5.131 0.500 -0.1839 0.9829 0.0071
-1.121 5.200 1.000 -0.1885 0.9821 0.0051
-1.121 5.200 1.000 -0.1885 0.9821 0.0051
-1.516 5.131 0.500 -0.1839 0.9829 0.0071
-1.493 5.128 1.000 -0.1885 0.9820 0.0068
-1.121 5.200 1.000 -0.1885 0.9821 0.0051
-1.493 5.128 1.000 -0.1885 0.9820 0.0068
-1.105 5.198 1.500 -0.1930 0.9812 0.0049
-1.105 5.198 1.500 -0.1930 0.9812 0.0049
-1.493 5.128 1.000 -0.1885 0.9820 0.0068
-1.471 5.126 1.500 -0.1930 0.9812 0.0065
-1.105 5.198 1.500 -0.1930 0.9812 0.0049
-1.471 5.126 1.500 -0.1930 0.9812 0.0065
-1.090 5.196 2.000 -0.1974 0.9803 0.0046
-1.090 5.196 2.000 -0.1974 0.9803 0.0046
-1.471 5.126 1.500 -0.1930 0.9812 0.0065
-1.450 5.123 2.000 -0.1974 0.9803 0.0062
-1.090 5.196 2.000 -0.1974 0.9803 0.0046
-1.450 5.123 2.000 -0.1974 0.9803 0.0062
-1.076 5.194 2.500 -0.2016 0.9795 0.0043
-1.076 5.194 2.500 -0.2016 0.9795 0.0043
-1.450 5.123 2.000 -0.1974 0.9803 0.0062
-1.432 5.120 2.500 -0.2016 0.9795 0.0058
-1.076 5.194 2.500 -0.2016 0.9795 0.0043
-1.432 5.120 2.500 -0.2016 0.9795 0.0058
-1.064 5.192 3.000 -0.2055 0.9787 0.0040
-1.064 5.192 3.000 -0.2055 0.9787 0.0040
-1.432 5.120 2.500 -0.2016 0.9795 0.0058
-1.415 5.118 3.000 -0.2055 0.9786 0.0054
-1.064 5.192 3.000 -0.2055 0.9787 0.0040
-1.415 5.118 3.000 -0.2055 0.9786 0.0054
-1.052 5.190 3.500 -0.2092 0.9779 0.0037
-1.052 5.190 3.500 -0.2092 0.9779 0.0037
-1.415 5.118 3.000 -0.2055 0.9786 0.0054
-1.400 5.116 3.500 -0.2092 0.9779 0.0049
-1.052 5.190 3.500 -0.2092 0.9779 0.0037
-1.400 5.116 3.500 -0.2092 0.9779 0.0049
-1.042 5.188 4.000 -0.2126 0.9771 0.0033
-1.042 5.188 4.000 -0.2126 0.9771 0.0033
-1.400 5.116 3.500 -0.2092 0.9779 0.0049
-1.386 5.114 4.000 -0.2126 0.9771 0.0044
-1.042 5.188 4.000 -0.2126 0.9771 0.0033
-1.386 5.114 4.000 -0.2126 0.9771 0.0044
-1.034 5.187 4.500 -0.2156 0.9765 0.0029
-1.034 5.187 4.500 -0.2156 0.9765 0.0029
-1.386 5.114 4.000 -0.2126 0.9771 0.0044
-1.374 5.112 4.500 -0.2156 0.9765 0.0038
-1.034 5.187 4.500 -0.2156 0.9765 0.0029
-1.374 5.112 4.500 -0.2156 0.9765 0.0038
-1.026 5.185 5.000 -0.2183 0.9759 0.0025
-1.026 5.185 5.000 -0.2183 0.9759 0.0025
-1.374 5.112 4.500 -0.2156 0.9765 0.0038
-1.364 5.110 5.000 -0.2183 0.9759 0.0033
-1.026 5.185 5.000 -0.2183 0.9759 0.0025
-1.364 5.110 5.000 -0.2183 0.9759 0.0033
-1.020 5.184 5.500 -0.2206 0.9754 0.0024
-1.020 5.184 5.500 -0.2206 0.9754 0.0024
-1.364 5.110 5.000 -0.2183 0.9759 0.0033
-1.356 5.108 5.500 -0.2206 0.9754 0.0032
-1.020 5.184 5.500 -0.2206 0.9754 0.0024
-1.356 5.108 5.500 -0.2206 0.9754 0.0032
-1.014 5.183 6.000 -0.2229 0.9748 0.0024
-1.014 5.183 6.000 -0.2229 0.9748 0.0024
-1.356 5.108 5.500 -0.2206 0.9754 0.0032
-1.347 5.107 6.000 -0.2229 0.9748 0.0032
-1.879 5.161 -6.000 -0.1341 0.9910 0.0054
-2.348 5.097 -6.000 -0.1341 0.9909 0.0068
-1.851 5.159 -5.500 -0.1370 0.9906 0.0056
-1.851 5.159 -5.500 -0.1370 0.9906 0.0056
-2.348 5.097 -6.000 -0.1341 0.9909 0.0068
-2.313 5.095 -5.500 -0.1370 0.9906 0.0069
-1.851 5.159 -5.500 -0.1370 0.9906 0.0056
-2.313 5.095 -5.500 -0.1370 0.9906 0.0069
-1.822 5.157 -5.000 -0.1400 0.9901 0.0057
-1.822 5.157 -5.000 -0.1400 0.9901 0.0057
-2.313 5.095 -5.500 -0.1370 0.9906 0.0069
-2.277 5.093 -5.000 -0.1400 0.9901 0.0072
-1.822 5.157 -5.000 -0.1400 0.9901 0.0057
-2.277 5.093 -5.000 -0.1400 0.9901 0.0072
-1.794 5.156 -4.500 -0.1431 0.9897 0.0059
-1.794 5.156 -4.500 -0.1431 0.9897 0.0059
-2.277 5.093 -5.000 -0.1400 0.9901 0.0072
-2.242 5.091 -4.500 -0.1431 0.9897 0.0074
-1.794 5.156 -4.500 -0.1431 0.9897 0.0059
-2.242 5.091 -4.500 -0.1431 0.9897 0.0074
-1.766 5.154 -4.000 -0.1464 0.9892 0.0061
-1.766 5.154 -4.000 -0.1464 0.9892 0.0061
-2.242 5.091 -4.500 -0.1431 0.9897 0.0074
-2.206 5.088 -4.000 -0.1464 0.9892 0.0076
-1.766 5.154 -4.000 -0.1464 0.9892 0.0061
-2.206 5.088 -4.000 -0.1464 0.9892 0.0076
-1.738 5.152 -3.500 -0.1499 0.9887 0.0063
-1.738 5.152 -3.500 -0.1499 0.9887 0.0063
-2.206 5.088 -4.000 -0.1464 0.9892 0.0076
-2.171 5.086 -3.500 -0.1499 0.9887 0.0078
-1.738 5.152 -3.500 -0.1499 0.9887 0.0063
-2.171 5.086 -3.500 -0.1499 0.9887 0.0078
-1.709 5.150 -3.000 -0.1535 0.9881 0.0065
-1.709 5.150 -3.000 -0.1535 0.9881 0.0065
-2.171 5.086 -3.500 -0.1499 0.9887 0.0078
-2.136 5.083 -3.000 -0.1535 0.9881 0.0081
-1.709 5.150 -3.000 -0.1535 0.9881 0.0065
-2.136 5.083 -3.000 -0.1535 0.9881 0.0081
-1.701 5.149 -2.850 -0.1546 0.9880 0.0066
-1.701 5.149 -2.850 -0.1546 0.9880 0.0066
-2.136 5.083 -3.000 -0.1535 0.9881 0.0081
-2.125 5.083 -2.850 -0.1546 0.9879 0.0082
-1.701 5.149 -2.850 -0.1546 0.9880 0.0066
-2.125 5.083 -2.850 -0.1546 0.9879 0.0082
-1.681 5.147 -2.500 -0.1572 0.9875 0.0067
-1.681 5.147 -2.500 -0.1572 0.9875 0.0067
-2.125 5.083 -2.850 -0.1546 0.9879 0.0082
-2.101 5.081 -2.500 -0.1572 0.9875 0.0084
-1.681 5.147 -2.500 -0.1572 0.9875 0.0067
-2.101 5.081 -2.500 -0.1572 0.9875 0.0084
-1.653 5.145 -2.000 -0.1612 0.9869 0.0069
-1.653 5.145 -2.000 -0.1612 0.9869 0.0069
-2.101 5.081 -2.500 -0.1572 0.9875 0.0084
-2.065 5.078 -2.000 -0.1612 0.9869 0.0087
-1.653 5.145 -2.000 -0.1612 0.9869 0.0069
-2.065 5.078 -2.000 -0.1612 0.9869 0.0087
-1.625 5.142 -1.500 -0.1654 0.9862 0.0072
-1.625 5.142 -1.500 -0.1654 0.9862 0.0072
-2.065 5.078 -2.000 -0.1612 0.9869 0.0087
-2.030 5.075 -1.500 -0.1654 0.9862 0.0089
-1.625 5.142 -1.500 -0.1654 0.9862 0.0072
-2.030 5.075 -1.500 -0.1654 0.9862 0.0089
-1.606 5.141 -1.150 -0.1684 0.9857 0.0073
-1.606 5.141 -1.150 -0.1684 0.9857 0.0073
-2.030 5.075 -1.500 -0.1654 0.9862 0.0089
-2.006 5.072 -1.150 -0.1684 0.9857 0.0092
-1.606 5.141 -1.150 -0.1684 0.9857 0.0073
-2.006 5.072 -1.150 -0.1684 0.9857 0.0092
-1.597 5.140 -1.000 -0.1698 0.9855 0.0074
-1.597 5.140 -1.000 -0.1698 0.9855 0.0074
-2.006 5.072 -1.150 -0.1684 0.9857 0.0092
-1.995 5.071 -1.000 -0.1698 0.9854 0.0093
-1.597 5.140 -1.000 -0.1698 0.9855 0.0074
-1.995 5.071 -1.000 -0.1698 0.9854 0.0093
-1.569 5.137 -0.500 -0.1744 0.9846 0.0075
-1.569 5.137 -0.500 -0.1744 0.9846 0.0075
-1.995 5.071 -1.000 -0.1698 0.9854 0.0093
-1.960 5.068 -0.500 -0.1744 0.9846 0.0094
-1.569 5.137 -0.500 -0.1744 0.9846 0.0075
-1.960 5.068 -0.500 -0.1744 0.9846 0.0094
-1.542 5.134 0.000 -0.1792 0.9838 0.0073
-1.542 5.134 0.000 -0.1792 0.9838 0.0073
-1.960 5.068 -0.500 -0.1744 0.9846 0.0094
-1.926 5.064 0.000 -0.1792 0.9838 0.0092
-1.542 5.134 0.000 -0.1792 0.9838 0.0073
-1.926 5.064 0.000 -0.1792 0.9838 0.0092
-1.516 5.131 0.500 -0.1839 0.9829 0.0071
-1.516 5.131 0.500 -0.1839 0.9829 0.0071
-1.926 5.064 0.000 -0.1792 0.9838 0.0092
-1.894 5.061 0.500 -0.1839 0.9829 0.0089
-1.516 5.131 0.500 -0.1839 0.9829 0.0071
-1.894 5.061 0.500 -0.1839 0.9829 0.0089
-1.493 5.128 1.000 -0.1885 0.9820 0.0068
-1.493 5.128 1.000 -0.1885 0.9820 0.0068
-1.894 5.061 0.500 -0.1839 0.9829 0.0089
-1.864 5.057 1.000 -0.1885 0.9820 0.0085
-1.493 5.128 1.000 -0.1885 0.9820 0.0068
-1.864 5.057 1.000 -0.1885 0.9820 0.0085
-1.471 5.126 1.500 -0.1930 0.9812 0.0065
-1.471 5.126 1.500 -0.1930 0.9812 0.0065
-1.864 5.057 1.000 -0.1885 0.9820 0.0085
-1.836 5.054 1.500 -0.1930 0.9812 0.0082
-1.471 5.126 1.500 -0.1930 0.9812 0.0065
-1.836 5.054 1.500 -0.1930 0.9812 0.0082
-1.450 5.123 2.000 -0.1974 0.9803 0.0062
-1.450 5.123 2.000 -0.1974 0.9803 0.0062
-1.836 5.054 1.500 -0.1930 0.9812 0.0082
-1.811 5.050 2.000 -0.1974 0.9803 0.0077
-1.450 5.123 2.000 -0.1974 0.9803 0.0062
-1.811 5.050 2.000 -0.1974 0.9803 0.0077
-1.432 5.120 2.500 -0.2016 0.9795 0.0058
-1.432 5.120 2.500 -0.2016 0.9795 0.0058
-1.811 5.050 2.000 -0.1974 0.9803 0.0077
-1.787 5.047 2.500 -0.2015 0.9795 0.0072
-1.432 5.120 2.500 -0.2016 0.9795 0.0058
-1.787 5.047 2.500 -0.2015 0.9795 0.0072
-1.415 5.118 3.000 -0.2055 0.9786 0.0054
-1.415 5.118 3.000 -0.2055 0.9786 0.0054
-1.787 5.047 2.500 -0.2015 0.9795 0.0072
-1.766 5.044 3.000 -0.2055 0.9786 0.0067
-1.415 5.118 3.000 -0.2055 0.9786 0.0054
-1.766 5.044 3.000 -0.2055 0.9786 0.0067
-1.400 5.116 3.500 -0.2092 0.9779 0.0049
-1.400 5.116 3.500 -0.2092 0.9779 0.0049
-1.766 5.044 3.000 -0.2055 0.9786 0.0067
-1.747 5.041 3.500 -0.2092 0.9779 0.0061
-1.400 5.116 3.500 -0.2092 0.9779 0.0049
-1.747 5.041 3.500 -0.2092 0.9779 0.0061
-1.386 5.114 4.000 -0.2126 0.9771 0.0044
-1.386 5.114 4.000 -0.2126 0.9771 0.0044
-1.747 5.041 3.500 -0.2092 0.9779 0.0061
-1.730 5.039 4.000 -0.2126 0.9771 0.0055
-1.386 5.114 4.000 -0.2126 0.9771 0.0044
-1.730 5.039 4.000 -0.2126 0.9771 0.0055
-1.374 5.112 4.500 -0.2156 0.9765 0.0038
-1.374 5.112 4.500 -0.2156 0.9765 0.0038
-1.730 5.039 4.000 -0.2126 0.9771 0.0055
-1.715 5.036 4.500 -0.2156 0.9765 0.0048
-1.374 5.112 4.500 -0.2156 0.9765 0.0038
-1.715 5.036 4.500 -0.2156 0.9765 0.0048
-1.364 5.110 5.000 -0.2183 0.9759 0.0033
-1.364 5.110 5.000 -0.2183 0.9759 0.0033
-1.715 5.036 4.500 -0.2156 0.9765 0.0048
-1.702 5.034 5.000 -0.2183 0.9759 0.0041
-1.364 5.110 5.000 -0.2183 0.9759 0.0033
-1.702 5.034 5.000 -0.2183 0.9759 0.0041
-1.356 5.108 5.500 -0.2206 0.9754 0.0032
-1.356 5.108 5.500 -0.2206 0.9754 0.0032
-1.702 5.034 5.000 -0.2183 0.9759 0.0041
-1.691 5.032 5.500 -0.2206 0.9753 0.0039
-1.356 5.108 5.500 -0.2206 0.9754 0.0032
-1.691 5.032 5.500 -0.2206 0.9753 0.0039
-1.347 5.107 6.000 -0.2229 0.9748 0.0032
-1.347 5.107 6.000 -0.2229 0.9748 0.0032
-1.691 5.032 5.500 -0.2206 0.9753 0.0039
-1.681 5.031 6.000 -0.2229 0.9748 0.0040
-2.348 5.097 -6.000 -0.1341 0.9909 0.0068
-2.817 5.034 -6.000 -0.1341 0.9909 0.0081
-2.313 5.095 -5.500 -0.1370 0.9906 0.0069
-2.313 5.095 -5.500 -0.1370 0.9906 0.0069
-2.817 5.034 -6.000 -0.1341 0.9909 0.0081
-2.774 5.031 -5.500 -0.1370 0.9905 0.0083
-2.313 5.095 -5.500 -0.1370 0.9906 0.0069
-2.774 5.031 -5.500 -0.1370 0.9905 0.0083
-2.277 5.093 -5.000 -0.1400 0.9901 0.0072
-2.277 5.093 -5.000 -0.1400 0.9901 0.0072
-2.774 5.031 -5.500 -0.1370 0.9905 0.0083
-2.732 5.029 -5.000 -0.1400 0.9901 0.0086
-2.277 5.093 -5.000 -0.1400 0.9901 0.0072
-2.732 5.029 -5.000 -0.1400 0.9901 0.0086
-2.242 5.091 -4.500 -0.1431 0.9897 0.0074
-2.242 5.091 -4.500 -0.1431 0.9897 0.0074
-2.732 5.029 -5.000 -0.1400 0.9901 0.0086
-2.689 5.026 -4.500 -0.1431 0.9897 0.0089
-2.242 5.091 -4.500 -0.1431 0.9897 0.0074
-2.689 5.026 -4.500 -0.1431 0.9897 0.0089
-2.206 5.088 -4.000 -0.1464 0.9892 0.0076
-2.206 5.088 -4.000 -0.1464 0.9892 0.0076
-2.689 5.026 -4.500 -0.1431 0.9897 0.0089
-2.647 5.023 -4.000 -0.1464 0.9892 0.0091
-2.206 5.088 -4.000 -0.1464 0.9892 0.0076
-2.647 5.023 -4.000 -0.1464 0.9892 0.0091
-2.171 5.086 -3.500 -0.1499 0.9887 0.0078
-2.171 5.086 -3.500 -0.1499 0.9887 0.0078
-2.647 5.023 -4.000 -0.1464 0.9892 0.0091
-2.604 5.020 -3.500 -0.1499 0.9887 0.0094
-2.171 5.086 -3.500 -0.1499 0.9887 0.0078
-2.604 5.020 -3.500 -0.1499 0.9887 0.0094
-2.136 5.083 -3.000 -0.1535 0.9881 0.0081
-2.136 5.083 -3.000 -0.1535 0.9881 0.0081
-2.604 5.020 -3.500 -0.1499 0.9887 0.0094
-2.562 5.017 -3.000 -0.1535 0.9881 0.0097
-2.136 5.083 -3.000 -0.1535 0.9881 0.0081
-2.562 5.017 -3.000 -0.1535 0.9881 0.0097
-2.125 5.083 -2.850 -0.1546 0.9879 0.0082
-2.125 5.083 -2.850 -0.1546 0.9879 0.0082
-2.562 5.017 -3.000 -0.1535 0.9881 0.0097
-2.549 5.016 -2.850 -0.1546 0.9879 0.0098
-2.125 5.083 -2.850 -0.1546 0.9879 0.0082
-2.549 5.016 -2.850 -0.1546 0.9879 0.0098
-2.101 5.081 -2.500 -0.1572 0.9875 0.0084
-2.101 5.081 -2.500 -0.1572 0.9875 0.0084
-2.549 5.016 -2.850 -0.1546 0.9879 0.0098
-2.520 5.014 -2.500 -0.1572 0.9875 0.0100
-2.101 5.081 -2.500 -0.1572 0.9875 0.0084
-2.520 5.014 -2.500 -0.1572 0.9875 0.0100
-2.065 5.078 -2.000 -0.1612 0.9869 0.0087
-2.065 5.078 -2.000 -0.1612 0.9869 0.0087
-2.520 5.014 -2.500 -0.1572 0.9875 0.0100
-2.477 5.010 -2.000 -0.1612 0.9869 0.0104
-2.065 5.078 -2.000 -0.1612 0.9869 0.0087
-2.477 5.010 -2.000 -0.1612 0.9869 0.0104
-2.030 5.075 -1.500 -0.1654 0.9862 0.0089
-2.030 5.075 -1.500 -0.1654 0.9862 0.0089
-2.477 5.010 -2.000 -0.1612 0.9869 0.0104
-2.435 5.007 -1.500 -0.1654 0.9862 0.0107
-2.030 5.075 -1.500 -0.1654 0.9862 0.0089
-2.435 5.007 -1.500 -0.1654 0.9862 0.0107
-2.006 5.072 -1.150 -0.1684 0.9857 0.0092
-2.006 5.072 -1.150 -0.1684 0.9857 0.0092
-2.435 5.007 -1.500 -0.1654 0.9862 0.0107
-2.406 5.004 -1.150 -0.1684 0.9857 0.0110
-2.006 5.072 -1.150 -0.1684 0.9857 0.0092
-2.406 5.004 -1.150 -0.1684 0.9857 0.0110
-1.995 5.071 -1.000 -0.1698 0.9854 0.0093
-1.995 5.071 -1.000 -0.1698 0.9854 0.0093
-2.406 5.004 -1.150 -0.1684 0.9857 0.0110
-2.393 5.003 -1.000 -0.1698 0.9854 0.0112
-1.995 5.071 -1.000 -0.1698 0.9854 0.0093
-2.393 5.003 -1.000 -0.1698 0.9854 0.0112
-1.960 5.068 -0.500 -0.1744 0.9846 0.0094
-1.960 5.068 -0.500 -0.1744 0.9846 0.0094
-2.393 5.003 -1.000 -0.1698 0.9854 0.0112
-2.351 4.999 -0.500 -0.1744 0.9846 0.0113
-1.960 5.068 -0.500 -0.1744 0.9846 0.0094
-2.351 4.999 -0.500 -0.1744 0.9846 0.0113
-1.926 5.064 0.000 -0.1792 0.9838 0.0092
-1.926 5.064 0.000 -0.1792 0.9838 0.0092
-2.351 4.999 -0.500 -0.1744 0.9846 0.0113
-2.310 4.994 0.000 -0.1792 0.9838 0.0110
-1.926 5.064 0.000 -0.1792 0.9838 0.0092
-2.310 4.994 0.000 -0.1792 0.9838 0.0110
-1.894 5.061 0.500 -0.1839 0.9829 0.0089
-1.894 5.061 0.500 -0.1839 0.9829 0.0089
-2.310 4.994 0.000 -0.1792 0.9838 0.0110
-2.271 4.990 0.500 -0.1839 0.9829 0.0106
-1.894 5.061 0.500 -0.1839 0.9829 0.0089
-2.271 4.990 0.500 -0.1839 0.9829 0.0106
-1.864 5.057 1.000 -0.1885 0.9820 0.0085
-1.864 5.057 1.000 -0.1885 0.9820 0.0085
-2.271 4.990 0.500 -0.1839 0.9829 0.0106
-2.235 4.986 1.000 -0.1885 0.9820 0.0102
-1.864 5.057 1.000 -0.1885 0.9820 0.0085
-2.235 4.986 1.000 -0.1885 0.9820 0.0102
-1.836 5.054 1.500 -0.1930 0.9812 0.0082
-1.836 5.054 1.500 -0.1930 0.9812 0.0082
-2.235 4.986 1.000 -0.1885 0.9820 0.0102
-2.202 4.982 1.500 -0.1930 0.9811 0.0098
-1.836 5.054 1.500 -0.1930 0.9812 0.0082
-2.202 4.982 1.500 -0.1930 0.9811 0.0098
-1.811 5.050 2.000 -0.1974 0.9803 0.0077
-1.811 5.050 2.000 -0.1974 0.9803 0.0077
-2.202 4.982 1.500 -0.1930 0.9811 0.0098
-2.171 4.978 2.000 -0.1974 0.9803 0.0092
-1.811 5.050 2.000 -0.1974 0.9803 0.0077
-2.171 4.978 2.000 -0.1974 0.9803 0.0092
-1.787 5.047 2.500 -0.2015 0.9795 0.0072
-1.787 5.047 2.500 -0.2015 0.9795 0.0072
-2.171 4.978 2.000 -0.1974 0.9803 0.0092
-2.143 4.974 2.500 -0.2015 0.9794 0.0086
-1.787 5.047 2.500 -0.2015 0.9795 0.0072
-2.143 4.974 2.500 -0.2015 0.9794 0.0086
-1.766 5.044 3.000 -0.2055 0.9786 0.0067
-1.766 5.044 3.000 -0.2055 0.9786 0.0067
-2.143 4.974 2.500 -0.2015 0.9794 0.0086
-2.117 4.971 3.000 -0.2055 0.9786 0.0081
-1.766 5.044 3.000 -0.2055 0.9786 0.0067
-2.117 4.971 3.000 -0.2055 0.9786 0.0081
-1.747 5.041 3.500 -0.2092 0.9779 0.0061
-1.747 5.041 3.500 -0.2092 0.9779 0.0061
-2.117 4.971 3.000 -0.2055 0.9786 0.0081
-2.094 4.967 3.500 -0.2092 0.9778 0.0073
-1.747 5.041 3.500 -0.2092 0.9779 0.0061
-2.094 4.967 3.500 -0.2092 0.9778 0.0073
-1.730 5.039 4.000 -0.2126 0.9771 0.0055
-1.730 5.039 4.000 -0.2126 0.9771 0.0055
-2.094 4.967 3.500 -0.2092 0.9778 0.0073
-2.073 4.964 4.000 -0.2126 0.9771 0.0065
-1.730 5.039 4.000 -0.2126 0.9771 0.0055
-2.073 4.964 4.000 -0.2126 0.9771 0.0065
-1.715 5.036 4.500 -0.2156 0.9765 0.0048
-1.715 5.036 4.500 -0.2156 0.9765 0.0048
-2.073 4.964 4.000 -0.2126 0.9771 0.0065
-2.055 4.961 4.500 -0.2156 0.9765 0.0058
-1.715 5.036 4.500 -0.2156 0.9765 0.0048
-2.055 4.961 4.500 -0.2156 0.9765 0.0058
-1.702 5.034 5.000 -0.2183 0.9759 0.0041
-1.702 5.034 5.000 -0.2183 0.9759 0.0041
-2.055 4.961 4.500 -0.2156 0.9765 0.0058
-2.040 4.959 5.000 -0.2183 0.9759 0.0049
-1.702 5.034 5.000 -0.2183 0.9759 0.0041
-2.040 4.959 5.000 -0.2183 0.9759 0.0049
-1.691 5.032 5.500 -0.2206 0.9753 0.0039
-1.691 5.032 5.500 -0.2206 0.9753 0.0039
-2.040 4.959 5.000 -0.2183 0.9759 0.0049
-2.027 4.956 5.500 -0.2206 0.9753 0.0047
-1.691 5.032 5.500 -0.2206 0.9753 0.0039
-2.027 4.956 5.500 -0.2206 0.9753 0.0047
-2.015 4.955 5.974 -0.2228 0.9749 0.0048
-1.691 5.032 5.500 -0.2206 0.9753 0.0039
-2.015 4.955 5.974 -0.2228 0.9749 0.0048
-1.681 5.031 6.000 -0.2229 0.9748 0.0040
-2.817 5.034 -6.000 -0.1341 0.9909 0.0081
-3.286 4.970 -6.000 -0.1341 0.9909 0.0095
-2.774 5.031 -5.500 -0.1370 0.9905 0.0083
-2.774 5.031 -5.500 -0.1370 0.9905 0.0083
-3.286 4.970 -6.000 -0.1341 0.9909 0.0095
-3.236 4.968 -5.500 -0.1370 0.9905 0.0097
-2.774 5.031 -5.500 -0.1370 0.9905 0.0083
-3.236 4.968 -5.500 -0.1370 0.9905 0.0097
-2.732 5.029 -5.000 -0.1400 0.9901 0.0086
-2.732 5.029 -5.000 -0.1400 0.9901 0.0086
-3.236 4.968 -5.500 -0.1370 0.9905 0.0097
-3.187 4.965 -5.000 -0.1400 0.9901 0.0100
-2.732 5.029 -5.000 -0.1400 0.9901 0.0086
-3.187 4.965 -5.000 -0.1400 0.9901 0.0100
-2.689 5.026 -4.500 -0.1431 0.9897 0.0089
-2.689 5.026 -4.500 -0.1431 0.9897 0.0089
-3.187 4.965 -5.000 -0.1400 0.9901 0.0100
-3.137 4.961 -4.500 -0.1431 0.9897 0.0103
-2.689 5.026 -4.500 -0.1431 0.9897 0.0089
-3.137 4.961 -4.500 -0.1431 0.9897 0.0103
-2.647 5.023 -4.000 -0.1464 0.9892 0.0091
-2.647 5.023 -4.000 -0.1464 0.9892 0.0091
-3.137 4.961 -4.500 -0.1431 0.9897 0.0103
-3.087 4.958 -4.000 -0.1464 0.9892 0.0107
-2.647 5.023 -4.000 -0.1464 0.9892 0.0091
-3.087 4.958 -4.000 -0.1464 0.9892 0.0107
-2.604 5.020 -3.500 -0.1499 0.9887 0.0094
-2.604 5.020 -3.500 -0.1499 0.9887 0.0094
-3.087 4.958 -4.000 -0.1464 0.9892 0.0107
-3.038 4.955 -3.500 -0.1498 0.9886 0.0109
-2.604 5.020 -3.500 -0.1499 0.9887 0.0094
-3.038 4.955 -3.500 -0.1498 0.9886 0.0109
-2.562 5.017 -3.000 -0.1535 0.9881 0.0097
-2.562 5.017 -3.000 -0.1535 0.9881 0.0097
-3.038 4.955 -3.500 -0.1498 0.9886 0.0109
-2.989 4.951 -3.000 -0.1534 0.9881 0.0113
-2.562 5.017 -3.000 -0.1535 0.9881 0.0097
-2.989 4.951 -3.000 -0.1534 0.9881 0.0113
-2.549 5.016 -2.850 -0.1546 0.9879 0.0098
-2.549 5.016 -2.850 -0.1546 0.9879 0.0098
-2.989 4.951 -3.000 -0.1534 0.9881 0.0113
-2.974 4.950 -2.850 -0.1546 0.9879 0.0115
-2.549 5.016 -2.850 -0.1546 0.9879 0.0098
-2.974 4.950 -2.850 -0.1546 0.9879 0.0115
-2.520 5.014 -2.500 -0.1572 0.9875 0.0100
-2.520 5.014 -2.500 -0.1572 0.9875 0.0100
-2.974 4.950 -2.850 -0.1546 0.9879 0.0115
-2.939 4.947 -2.500 -0.1572 0.9875 0.0117
-2.520 5.014 -2.500 -0.1572 0.9875 0.0100
-2.939 4.947 -2.500 -0.1572 0.9875 0.0117
-2.477 5.010 -2.000 -0.1612 0.9869 0.0104
-2.477 5.010 -2.000 -0.1612 0.9869 0.0104
-2.939 4.947 -2.500 -0.1572 0.9875 0.0117
-2.890 4.943 -2.000 -0.1612 0.9868 0.0121
-2.477 5.010 -2.000 -0.1612 0.9869 0.0104
-2.890 4.943 -2.000 -0.1612 0.9868 0.0121
-2.435 5.007 -1.500 -0.1654 0.9862 0.0107
-2.435 5.007 -1.500 -0.1654 0.9862 0.0107
-2.890 4.943 -2.000 -0.1612 0.9868 0.0121
-2.840 4.939 -1.500 -0.1654 0.9861 0.0125
-2.435 5.007 -1.500 -0.1654 0.9862 0.0107
-2.840 4.939 -1.500 -0.1654 0.9861 0.0125
-2.406 5.004 -1.150 -0.1684 0.9857 0.0110
-2.406 5.004 -1.150 -0.1684 0.9857 0.0110
-2.840 4.939 -1.500 -0.1654 0.9861 0.0125
-2.806 4.936 -1.150 -0.1684 0.9856 0.0128
-2.406 5.004 -1.150 -0.1684 0.9857 0.0110
-2.806 4.936 -1.150 -0.1684 0.9856 0.0128
-2.393 5.003 -1.000 -0.1698 0.9854 0.0112
-2.393 5.003 -1.000 -0.1698 0.9854 0.0112
-2.806 4.936 -1.150 -0.1684 0.9856 0.0128
-2.791 4.934 -1.000 -0.1698 0.9854 0.0130
-2.393 5.003 -1.000 -0.1698 0.9854 0.0112
-2.791 4.934 -1.000 -0.1698 0.9854 0.0130
-2.351 4.999 -0.500 -0.1744 0.9846 0.0113
-2.351 4.999 -0.500 -0.1744 0.9846 0.0113
-2.791 4.934 -1.000 -0.1698 0.9854 0.0130
-2.742 4.929 -0.500 -0.1744 0.9846 0.0132
-2.351 4.999 -0.500 -0.1744 0.9846 0.0113
-2.742 4.929 -0.500 -0.1744 0.9846 0.0132
-2.310 4.994 0.000 -0.1792 0.9838 0.0110
-2.310 4.994 0.000 -0.1792 0.9838 0.0110
-2.742 4.929 -0.500 -0.1744 0.9846 0.0132
-2.693 4.924 0.000 -0.1792 0.9837 0.0128
-2.310 4.994 0.000 -0.1792 0.9838 0.0110
-2.693 4.924 0.000 -0.1792 0.9837 0.0128
-2.271 4.990 0.500 -0.1839 0.9829 0.0106
-2.271 4.990 0.500 -0.1839 0.9829 0.0106
-2.693 4.924 0.000 -0.1792 0.9837 0.0128
-2.648 4.920 0.500 -0.1839 0.9829 0.0124
-2.271 4.990 0.500 -0.1839 0.9829 0.0106
-2.648 4.920 0.500 -0.1839 0.9829 0.0124
-2.235 4.986 1.000 -0.1885 0.9820 0.0102
-2.235 4.986 1.000 -0.1885 0.9820 0.0102
-2.648 4.920 0.500 -0.1839 0.9829 0.0124
-2.606 4.915 1.000 -0.1885 0.9820 0.0119
-2.235 4.986 1.000 -0.1885 0.9820 0.0102
-2.606 4.915 1.000 -0.1885 0.9820 0.0119
-2.202 4.982 1.500 -0.1930 0.9811 0.0098
-2.202 4.982 1.500 -0.1930 0.9811 0.0098
-2.606 4.915 1.000 -0.1885 0.9820 0.0119
-2.567 4.910 1.500 -0.1930 0.9811 0.0114
-2.202 4.982 1.500 -0.1930 0.9811 0.0098
-2.567 4.910 1.500 -0.1930 0.9811 0.0114
-2.171 4.978 2.000 -0.1974 0.9803 0.0092
-2.171 4.978 2.000 -0.1974 0.9803 0.0092
-2.567 4.910 1.500 -0.1930 0.9811 0.0114
-2.531 4.905 2.000 -0.1974 0.9803 0.0108
-2.171 4.978 2.000 -0.1974 0.9803 0.0092
-2.531 4.905 2.000 -0.1974 0.9803 0.0108
-2.143 4.974 2.500 -0.2015 0.9794 0.0086
-2.143 4.974 2.500 -0.2015 0.9794 0.0086
-2.531 4.905 2.000 -0.1974 0.9803 0.0108
-2.498 4.901 2.500 -0.2015 0.9794 0.0101
-2.143 4.974 2.500 -0.2015 0.9794 0.0086
-2.498 4.901 2.500 -0.2015 0.9794 0.0101
-2.117 4.971 3.000 -0.2055 0.9786 0.0081
-2.117 4.971 3.000 -0.2055 0.9786 0.0081
-2.498 4.901 2.500 -0.2015 0.9794 0.0101
-2.468 4.897 3.000 -0.2055 0.9786 0.0094
-2.117 4.971 3.000 -0.2055 0.9786 0.0081
-2.468 4.897 3.000 -0.2055 0.9786 0.0094
-2.094 4.967 3.500 -0.2092 0.9778 0.0073
-2.094 4.967 3.500 -0.2092 0.9778 0.0073
-2.468 4.897 3.000 -0.2055 0.9786 0.0094
-2.441 4.893 3.500 -0.2092 0.9778 0.0085
-2.094 4.967 3.500 -0.2092 0.9778 0.0073
-2.441 4.893 3.500 -0.2092 0.9778 0.0085
-2.073 4.964 4.000 -0.2126 0.9771 0.0065
-2.073 4.964 4.000 -0.2126 0.9771 0.0065
-2.441 4.893 3.500 -0.2092 0.9778 0.0085
-2.417 4.889 4.000 -0.2126 0.9771 0.0076
-2.073 4.964 4.000 -0.2126 0.9771 0.0065
-2.417 4.889 4.000 -0.2126 0.9771 0.0076
-2.055 4.961 4.500 -0.2156 0.9765 0.0058
-2.055 4.961 4.500 -0.2156 0.9765 0.0058
-2.417 4.889 4.000 -0.2126 0.9771 0.0076
-2.396 4.886 4.500 -0.2156 0.9765 0.0067
-2.055 4.961 4.500 -0.2156 0.9765 0.0058
-2.396 4.886 4.500 -0.2156 0.9765 0.0067
-2.040 4.959 5.000 -0.2183 0.9759 0.0049
-2.040 4.959 5.000 -0.2183 0.9759 0.0049
-2.396 4.886 4.500 -0.2156 0.9765 0.0067
-2.378 4.883 5.000 -0.2183 0.9759 0.0057
-2.040 4.959 5.000 -0.2183 0.9759 0.0049
-2.378 4.883 5.000 -0.2183 0.9759 0.0057
-2.370 4.882 5.277 -0.2196 0.9756 0.0058
-2.040 4.959 5.000 -0.2183 0.9759 0.0049
-2.370 4.882 5.277 -0.2196 0.9756 0.0058
-2.027 4.956 5.500 -0.2206 0.9753 0.0047
-2.027 4.956 5.500 -0.2206 0.9753 0.0047
-2.370 4.882 5.277 -0.2196 0.9756 0.0058
-2.015 4.955 5.974 -0.2228 0.9749 0.0048
-3.286 4.970 -6.000 -0.1341 0.9909 0.0095
-3.755 4.907 -6.000 -0.1341 0.9909 0.0108
-3.236 4.968 -5.500 -0.1370 0.9905 0.0097
-3.236 4.968 -5.500 -0.1370 0.9905 0.0097
-3.755 4.907 -6.000 -0.1341 0.9909 0.0108
-3.698 4.904 -5.500 -0.1370 0.9905 0.0111
-3.236 4.968 -5.500 -0.1370 0.9905 0.0097
-3.698 4.904 -5.500 -0.1370 0.9905 0.0111
-3.187 4.965 -5.000 -0.1400 0.9901 0.0100
-3.187 4.965 -5.000 -0.1400 0.9901 0.0100
-3.698 4.904 -5.500 -0.1370 0.9905 0.0111
-3.642 4.900 -5.000 -0.1400 0.9901 0.0115
-3.187 4.965 -5.000 -0.1400 0.9901 0.0100
-3.642 4.900 -5.000 -0.1400 0.9901 0.0115
-3.137 4.961 -4.500 -0.1431 0.9897 0.0103
-3.137 4.961 -4.500 -0.1431 0.9897 0.0103
-3.642 4.900 -5.000 -0.1400 0.9901 0.0115
-3.585 4.897 -4.500 -0.1431 0.9896 0.0118
-3.137 4.961 -4.500 -0.1431 0.9897 0.0103
-3.585 4.897 -4.500 -0.1431 0.9896 0.0118
-3.087 4.958 -4.000 -0.1464 0.9892 0.0107
-3.087 4.958 -4.000 -0.1464 0.9892 0.0107
-3.585 4.897 -4.500 -0.1431 0.9896 0.0118
-3.528 4.893 -4.000 -0.1464 0.9892 0.0122
-3.087 4.958 -4.000 -0.1464 0.9892 0.0107
-3.528 4.893 -4.000 -0.1464 0.9892 0.0122
-3.038 4.955 -3.500 -0.1498 0.9886 0.0109
-3.038 4.955 -3.500 -0.1498 0.9886 0.0109
-3.528 4.893 -4.000 -0.1464 0.9892 0.0122
-3.471 4.889 -3.500 -0.1498 0.9886 0.0125
-3.038 4.955 -3.500 -0.1498 0.9886 0.0109
-3.471 4.889 -3.500 -0.1498 0.9886 0.0125
-2.989 4.951 -3.000 -0.1534 0.9881 0.0113
-2.989 4.951 -3.000 -0.1534 0.9881 0.0113
-3.471 4.889 -3.500 -0.1498 0.9886 0.0125
-3.415 4.885 -3.000 -0.1534 0.9881 0.0130
-2.989 4.951 -3.000 -0.1534 0.9881 0.0113
-3.415 4.885 -3.000 -0.1534 0.9881 0.0130
-2.974 4.950 -2.850 -0.1546 0.9879 0.0115
-2.974 4.950 -2.850 -0.1546 0.9879 0.0115
-3.415 4.885 -3.000 -0.1534 0.9881 0.0130
-3.398 4.883 -2.850 -0.1546 0.9879 0.0131
-2.974 4.950 -2.850 -0.1546 0.9879 0.0115
-3.398 4.883 -2.850 -0.1546 0.9879 0.0131
-2.939 4.947 -2.500 -0.1572 0.9875 0.0117
-2.939 4.947 -2.500 -0.1572 0.9875 0.0117
-3.398 4.883 -2.850 -0.1546 0.9879 0.0131
-3.358 4.880 -2.500 -0.1572 0.9875 0.0134
-2.939 4.947 -2.500 -0.1572 0.9875 0.0117
-3.358 4.880 -2.500 -0.1572 0.9875 0.0134
-2.890 4.943 -2.000 -0.1612 0.9868 0.0121
-2.890 4.943 -2.000 -0.1612 0.9868 0.0121
-3.358 4.880 -2.500 -0.1572 0.9875 0.0134
-3.302 4.876 -2.000 -0.1612 0.9868 0.0138
-2.890 4.943 -2.000 -0.1612 0.9868 0.0121
-3.302 4.876 -2.000 -0.1612 0.9868 0.0138
-2.840 4.939 -1.500 -0.1654 0.9861 0.0125
-2.840 4.939 -1.500 -0.1654 0.9861 0.0125
-3.302 4.876 -2.000 -0.1612 0.9868 0.0138
-3.245 4.871 -1.500 -0.1654 0.9861 0.0143
-2.840 4.939 -1.500 -0.1654 0.9861 0.0125
-3.245 4.871 -1.500 -0.1654 0.9861 0.0143
-2.806 4.936 -1.150 -0.1684 0.9856 0.0128
-2.806 4.936 -1.150 -0.1684 0.9856 0.0128
-3.245 4.871 -1.500 -0.1654 0.9861 0.0143
-3.206 4.867 -1.150 -0.1684 0.9856 0.0146
-2.806 4.936 -1.150 -0.1684 0.9856 0.0128
-3.206 4.867 -1.150 -0.1684 0.9856 0.0146
-2.791 4.934 -1.000 -0.1698 0.9854 0.0130
-2.791 4.934 -1.000 -0.1698 0.9854 0.0130
-3.206 4.867 -1.150 -0.1684 0.9856 0.0146
-3.189 4.866 -1.000 -0.1698 0.9854 0.0149
-2.791 4.934 -1.000 -0.1698 0.9854 0.0130
-3.189 4.866 -1.000 -0.1698 0.9854 0.0149
-2.742 4.929 -0.500 -0.1744 0.9846 0.0132
-2.742 4.929 -0.500 -0.1744 0.9846 0.0132
-3.189 4.866 -1.000 -0.1698 0.9854 0.0149
-3.132 4.860 -0.500 -0.1744 0.9846 0.0150
-2.742 4.929 -0.500 -0.1744 0.9846 0.0132
-3.132 4.860 -0.500 -0.1744 0.9846 0.0150
-2.693 4.924 0.000 -0.1792 0.9837 0.0128
-2.693 4.924 0.000 -0.1792 0.9837 0.0128
-3.132 4.860 -0.500 -0.1744 0.9846 0.0150
-3.077 4.855 0.000 -0.1792 0.9837 0.0147
-2.693 4.924 0.000 -0.1792 0.9837 0.0128
-3.077 4.855 0.000 -0.1792 0.9837 0.0147
-2.648 4.920 0.500 -0.1839 0.9829 0.0124
-2.648 4.920 0.500 -0.1839 0.9829 0.0124
-3.077 4.855 0.000 -0.1792 0.9837 0.0147
-3.026 4.849 0.500 -0.1839 0.9828 0.0142
-2.648 4.920 0.500 -0.1839 0.9829 0.0124
-3.026 4.849 0.500 -0.1839 0.9828 0.0142
-2.606 4.915 1.000 -0.1885 0.9820 0.0119
-2.606 4.915 1.000 -0.1885 0.9820 0.0119
-3.026 4.849 0.500 -0.1839 0.9828 0.0142
-2.978 4.843 1.000 -0.1885 0.9820 0.0136
-2.606 4.915 1.000 -0.1885 0.9820 0.0119
-2.978 4.843 1.000 -0.1885 0.9820 0.0136
-2.567 4.910 1.500 -0.1930 0.9811 0.0114
-2.567 4.910 1.500 -0.1930 0.9811 0.0114
-2.978 4.843 1.000 -0.1885 0.9820 0.0136
-2.933 4.838 1.500 -0.1930 0.9811 0.0130
-2.567 4.910 1.500 -0.1930 0.9811 0.0114
-2.933 4.838 1.500 -0.1930 0.9811 0.0130
-2.531 4.905 2.000 -0.1974 0.9803 0.0108
-2.531 4.905 2.000 -0.1974 0.9803 0.0108
-2.933 4.838 1.500 -0.1930 0.9811 0.0130
-2.892 4.833 2.000 -0.1974 0.9803 0.0123
-2.531 4.905 2.000 -0.1974 0.9803 0.0108
-2.892 4.833 2.000 -0.1974 0.9803 0.0123
-2.498 4.901 2.500 -0.2015 0.9794 0.0101
-2.498 4.901 2.500 -0.2015 0.9794 0.0101
-2.892 4.833 2.000 -0.1974 0.9803 0.0123
-2.854 4.828 2.500 -0.2015 0.9794 0.0115
-2.498 4.901 2.500 -0.2015 0.9794 0.0101
-2.854 4.828 2.500 -0.2015 0.9794 0.0115
-2.468 4.897 3.000 -0.2055 0.9786 0.0094
-2.468 4.897 3.000 -0.2055 0.9786 0.0094
-2.854 4.828 2.500 -0.2015 0.9794 0.0115
-2.820 4.823 3.000 -0.2055 0.9786 0.0107
-2.468 4.897 3.000 -0.2055 0.9786 0.0094
-2.820 4.823 3.000 -0.2055 0.9786 0.0107
-2.441 4.893 3.500 -0.2092 0.9778 0.0085
-2.441 4.893 3.500 -0.2092 0.9778 0.0085
-2.820 4.823 3.000 -0.2055 0.9786 0.0107
-2.788 4.819 3.500 -0.2092 0.9778 0.0098
-2.441 4.893 3.500 -0.2092 0.9778 0.0085
-2.788 4.819 3.500 -0.2092 0.9778 0.0098
-2.417 4.889 4.000 -0.2126 0.9771 0.0076
-2.417 4.889 4.000 -0.2126 0.9771 0.0076
-2.788 4.819 3.500 -0.2092 0.9778 0.0098
-2.761 4.814 4.000 -0.2126 0.9771 0.0087
-2.417 4.889 4.000 -0.2126 0.9771 0.0076
-2.761 4.814 4.000 -0.2126 0.9771 0.0087
-2.396 4.886 4.500 -0.2156 0.9765 0.0067
-2.396 4.886 4.500 -0.2156 0.9765 0.0067
-2.761 4.814 4.000 -0.2126 0.9771 0.0087
-2.737 4.811 4.500 -0.2156 0.9764 0.0077
-2.396 4.886 4.500 -0.2156 0.9765 0.0067
-2.737 4.811 4.500 -0.2156 0.9764 0.0077
-2.733 4.810 4.596 -0.2161 0.9763 0.0077
-2.396 4.886 4.500 -0.2156 0.9765 0.0067
-2.733 4.810 4.596 -0.2161 0.9763 0.0077
-2.378 4.883 5.000 -0.2183 0.9759 0.0057
-2.378 4.883 5.000 -0.2183 0.9759 0.0057
-2.733 4.810 4.596 -0.2161 0.9763 0.0077
-2.370 4.882 5.277 -0.2196 0.9756 0.0058
-3.755 4.907 -6.000 -0.1341 0.9909 0.0108
-4.224 4.844 -6.000 -0.1341 0.9909 0.0122
-3.698 4.904 -5.500 -0.1370 0.9905 0.0111
-3.698 4.904 -5.500 -0.1370 0.9905 0.0111
-4.224 4.844 -6.000 -0.1341 0.9909 0.0122
-4.160 4.840 -5.500 -0.1369 0.9905 0.0125
-3.698 4.904 -5.500 -0.1370 0.9905 0.0111
-4.160 4.840 -5.500 -0.1369 0.9905 0.0125
-3.642 4.900 -5.000 -0.1400 0.9901 0.0115
-3.642 4.900 -5.000 -0.1400 0.9901 0.0115
-4.160 4.840 -5.500 -0.1369 0.9905 0.0125
-4.096 4.836 -5.000 -0.1400 0.9901 0.0129
-3.642 4.900 -5.000 -0.1400 0.9901 0.0115
-4.096 4.836 -5.000 -0.1400 0.9901 0.0129
-3.585 4.897 -4.500 -0.1431 0.9896 0.0118
-3.585 4.897 -4.500 -0.1431 0.9896 0.0118
-4.096 4.836 -5.000 -0.1400 0.9901 0.0129
-4.033 4.832 -4.500 -0.1431 0.9896 0.0133
-3.585 4.897 -4.500 -0.1431 0.9896 0.0118
-4.033 4.832 -4.500 -0.1431 0.9896 0.0133
-3.528 4.893 -4.000 -0.1464 0.9892 0.0122
-3.528 4.893 -4.000 -0.1464 0.9892 0.0122
-4.033 4.832 -4.500 -0.1431 0.9896 0.0133
-3.969 4.828 -4.000 -0.1464 0.9891 0.0137
-3.528 4.893 -4.000 -0.1464 0.9892 0.0122
-3.969 4.828 -4.000 -0.1464 0.9891 0.0137
-3.471 4.889 -3.500 -0.1498 0.9886 0.0125
-3.471 4.889 -3.500 -0.1498 0.9886 0.0125
-3.969 4.828 -4.000 -0.1464 0.9891 0.0137
-3.905 4.823 -3.500 -0.1498 0.9886 0.0141
-3.471 4.889 -3.500 -0.1498 0.9886 0.0125
-3.905 4.823 -3.500 -0.1498 0.9886 0.0141
-3.415 4.885 -3.000 -0.1534 0.9881 0.0130
-3.415 4.885 -3.000 -0.1534 0.9881 0.0130
-3.905 4.823 -3.500 -0.1498 0.9886 0.0141
-3.841 4.819 -3.000 -0.1534 0.9881 0.0146
-3.415 4.885 -3.000 -0.1534 0.9881 0.0130
-3.841 4.819 -3.000 -0.1534 0.9881 0.0146
-3.398 4.883 -2.850 -0.1546 0.9879 0.0131
-3.398 4.883 -2.850 -0.1546 0.9879 0.0131
-3.841 4.819 -3.000 -0.1534 0.9881 0.0146
-3.822 4.817 -2.850 -0.1546 0.9879 0.0147
-3.398 4.883 -2.850 -0.1546 0.9879 0.0131
-3.822 4.817 -2.850 -0.1546 0.9879 0.0147
-3.358 4.880 -2.500 -0.1572 0.9875 0.0134
-3.358 4.880 -2.500 -0.1572 0.9875 0.0134
-3.822 4.817 -2.850 -0.1546 0.9879 0.0147
-3.777 4.814 -2.500 -0.1572 0.9874 0.0151
-3.358 4.880 -2.500 -0.1572 0.9875 0.0134
-3.777 4.814 -2.500 -0.1572 0.9874 0.0151
-3.302 4.876 -2.000 -0.1612 0.9868 0.0138
-3.302 4.876 -2.000 -0.1612 0.9868 0.0138
-3.777 4.814 -2.500 -0.1572 0.9874 0.0151
-3.714 4.808 -2.000 -0.1612 0.9868 0.0156
-3.302 4.876 -2.000 -0.1612 0.9868 0.0138
-3.714 4.808 -2.000 -0.1612 0.9868 0.0156
-3.245 4.871 -1.500 -0.1654 0.9861 0.0143
-3.245 4.871 -1.500 -0.1654 0.9861 0.0143
-3.714 4.808 -2.000 -0.1612 0.9868 0.0156
-3.650 4.803 -1.500 -0.1654 0.9861 0.0161
-3.245 4.871 -1.500 -0.1654 0.9861 0.0143
-3.650 4.803 -1.500 -0.1654 0.9861 0.0161
-3.206 4.867 -1.150 -0.1684 0.9856 0.0146
-3.206 4.867 -1.150 -0.1684 0.9856 0.0146
-3.650 4.803 -1.500 -0.1654 0.9861 0.0161
-3.606 4.799 -1.150 -0.1684 0.9856 0.0165
-3.206 4.867 -1.150 -0.1684 0.9856 0.0146
-3.606 4.799 -1.150 -0.1684 0.9856 0.0165
-3.189 4.866 -1.000 -0.1698 0.9854 0.0149
-3.189 4.866 -1.000 -0.1698 0.9854 0.0149
-3.606 4.799 -1.150 -0.1684 0.9856 0.0165
-3.587 4.797 -1.000 -0.1698 0.9853 0.0167
-3.189 4.866 -1.000 -0.1698 0.9854 0.0149
-3.587 4.797 -1.000 -0.1698 0.9853 0.0167
-3.132 4.860 -0.500 -0.1744 0.9846 0.0150
-3.132 4.860 -0.500 -0.1744 0.9846 0.0150
-3.587 4.797 -1.000 -0.1698 0.9853 0.0167
-3.523 4.791 -0.500 -0.1744 0.9845 0.0169
-3.132 4.860 -0.500 -0.1744 0.9846 0.0150
-3.523 4.791 -0.500 -0.1744 0.9845 0.0169
-3.077 4.855 0.000 -0.1792 0.9837 0.0147
-3.077 4.855 0.000 -0.1792 0.9837 0.0147
-3.523 4.791 -0.500 -0.1744 0.9845 0.0169
-3.461 4.785 0.000 -0.1792 0.9837 0.0165
-3.077 4.855 0.000 -0.1792 0.9837 0.0147
-3.461 4.785 0.000 -0.1792 0.9837 0.0165
-3.026 4.849 0.500 -0.1839 0.9828 0.0142
-3.026 4.849 0.500 -0.1839 0.9828 0.0142
-3.461 4.785 0.000 -0.1792 0.9837 0.0165
-3.403 4.778 0.500 -0.1839 0.9828 0.0159
-3.026 4.849 0.500 -0.1839 0.9828 0.0142
-3.403 4.778 0.500 -0.1839 0.9828 0.0159
-2.978 4.843 1.000 -0.1885 0.9820 0.0136
-2.978 4.843 1.000 -0.1885 0.9820 0.0136
-3.403 4.778 0.500 -0.1839 0.9828 0.0159
-3.349 4.772 1.000 -0.1885 0.9820 0.0153
-2.978 4.843 1.000 -0.1885 0.9820 0.0136
-3.349 4.772 1.000 -0.1885 0.9820 0.0153
-2.933 4.838 1.500 -0.1930 0.9811 0.0130
-2.933 4.838 1.500 -0.1930 0.9811 0.0130
-3.349 4.772 1.000 -0.1885 0.9820 0.0153
-3.299 4.766 1.500 -0.1930 0.9811 0.0147
-2.933 4.838 1.500 -0.1930 0.9811 0.0130
-3.299 4.766 1.500 -0.1930 0.9811 0.0147
-2.892 4.833 2.000 -0.1974 0.9803 0.0123
-2.892 4.833 2.000 -0.1974 0.9803 0.0123
-3.299 4.766 1.500 -0.1930 0.9811 0.0147
-3.252 4.760 2.000 -0.1974 0.9802 0.0138
-2.892 4.833 2.000 -0.1974 0.9803 0.0123
-3.252 4.760 2.000 -0.1974 0.9802 0.0138
-2.854 4.828 2.500 -0.2015 0.9794 0.0115
-2.854 4.828 2.500 -0.2015 0.9794 0.0115
-3.252 4.760 2.000 -0.1974 0.9802 0.0138
-3.209 4.755 2.500 -0.2015 0.9794 0.0129
-2.854 4.828 2.500 -0.2015 0.9794 0.0115
-3.209 4.755 2.500 -0.2015 0.9794 0.0129
-2.820 4.823 3.000 -0.2055 0.9786 0.0107
-2.820 4.823 3.000 -0.2055 0.9786 0.0107
-3.209 4.755 2.500 -0.2015 0.9794 0.0129
-3.171 4.749 3.000 -0.2055 0.9786 0.0121
-2.820 4.823 3.000 -0.2055 0.9786 0.0107
-3.171 4.749 3.000 -0.2055 0.9786 0.0121
-2.788 4.819 3.500 -0.2092 0.9778 0.0098
-2.788 4.819 3.500 -0.2092 0.9778 0.0098
-3.171 4.749 3.000 -0.2055 0.9786 0.0121
-3.136 4.744 3.500 -0.2092 0.9778 0.0110
-2.788 4.819 3.500 -0.2092 0.9778 0.0098
-3.136 4.744 3.500 -0.2092 0.9778 0.0110
-3.120 4.742 3.757 -0.2109 0.9774 0.0111
-2.788 4.819 3.500 -0.2092 0.9778 0.0098
-3.120 4.742 3.757 -0.2109 0.9774 0.0111
-2.761 4.814 4.000 -0.2126 0.9771 0.0087
-2.761 4.814 4.000 -0.2126 0.9771 0.0087
-3.120 4.742 3.757 -0.2109 0.9774 0.0111
-2.737 4.811 4.500 -0.2156 0.9764 0.0077
-2.737 4.811 4.500 -0.2156 0.9764 0.0077
-3.120 4.742 3.757 -0.2109 0.9774 0.0111
-2.733 4.810 4.596 -0.2161 0.9763 0.0077
-4.224 4.844 -6.000 -0.1341 0.9909 0.0122
-4.693 4.780 -6.000 -0.1341 0.9909 0.0135
-4.160 4.840 -5.500 -0.1369 0.9905 0.0125
-4.160 4.840 -5.500 -0.1369 0.9905 0.0125
-4.693 4.780 -6.000 -0.1341 0.9909 0.0135
-4.622 4.776 -5.500 -0.1369 0.9905 0.0139
-4.160 4.840 -5.500 -0.1369 0.9905 0.0125
-4.622 4.776 -5.500 -0.1369 0.9905 0.0139
-4.096 4.836 -5.000 -0.1400 0.9901 0.0129
-4.096 4.836 -5.000 -0.1400 0.9901 0.0129
-4.622 4.776 -5.500 -0.1369 0.9905 0.0139
-4.551 4.772 -5.000 -0.1400 0.9901 0.0143
-4.096 4.836 -5.000 -0.1400 0.9901 0.0129
-4.551 4.772 -5.000 -0.1400 0.9901 0.0143
-4.033 4.832 -4.500 -0.1431 0.9896 0.0133
-4.033 4.832 -4.500 -0.1431 0.9896 0.0133
-4.551 4.772 -5.000 -0.1400 0.9901 0.0143
-4.480 4.767 -4.500 -0.1431 0.9896 0.0148
-4.033 4.832 -4.500 -0.1431 0.9896 0.0133
-4.480 4.767 -4.500 -0.1431 0.9896 0.0148
-3.969 4.828 -4.000 -0.1464 0.9891 0.0137
-3.969 4.828 -4.000 -0.1464 0.9891 0.0137
-4.480 4.767 -4.500 -0.1431 0.9896 0.0148
-4.409 4.762 -4.000 -0.1464 0.9891 0.0152
-3.969 4.828 -4.000 -0.1464 0.9891 0.0137
-4.409 4.762 -4.000 -0.1464 0.9891 0.0152
-3.905 4.823 -3.500 -0.1498 0.9886 0.0141
-3.905 4.823 -3.500 -0.1498 0.9886 0.0141
-4.409 4.762 -4.000 -0.1464 0.9891 0.0152
-4.338 4.757 -3.500 -0.1498 0.9886 0.0156
-3.905 4.823 -3.500 -0.1498 0.9886 0.0141
-4.338 4.757 -3.500 -0.1498 0.9886 0.0156
-3.841 4.819 -3.000 -0.1534 0.9881 0.0146
-3.841 4.819 -3.000 -0.1534 0.9881 0.0146
-4.338 4.757 -3.500 -0.1498 0.9886 0.0156
-4.268 4.752 -3.000 -0.1534 0.9880 0.0162
-3.841 4.819 -3.000 -0.1534 0.9881 0.0146
-4.268 4.752 -3.000 -0.1534 0.9880 0.0162
-3.822 4.817 -2.850 -0.1546 0.9879 0.0147
-3.822 4.817 -2.850 -0.1546 0.9879 0.0147
-4.268 4.752 -3.000 -0.1534 0.9880 0.0162
-4.246 4.751 -2.850 -0.1546 0.9878 0.0163
-3.822 4.817 -2.850 -0.1546 0.9879 0.0147
-4.246 4.751 -2.850 -0.1546 0.9878 0.0163
-3.777 4.814 -2.500 -0.1572 0.9874 0.0151
-3.777 4.814 -2.500 -0.1572 0.9874 0.0151
-4.246 4.751 -2.850 -0.1546 0.9878 0.0163
-4.197 4.747 -2.500 -0.1572 0.9874 0.0167
-3.777 4.814 -2.500 -0.1572 0.9874 0.0151
-4.197 4.747 -2.500 -0.1572 0.9874 0.0167
-3.714 4.808 -2.000 -0.1612 0.9868 0.0156
-3.714 4.808 -2.000 -0.1612 0.9868 0.0156
-4.197 4.747 -2.500 -0.1572 0.9874 0.0167
-4.126 4.741 -2.000 -0.1612 0.9868 0.0173
-3.714 4.808 -2.000 -0.1612 0.9868 0.0156
-4.126 4.741 -2.000 -0.1612 0.9868 0.0173
-3.650 4.803 -1.500 -0.1654 0.9861 0.0161
-3.650 4.803 -1.500 -0.1654 0.9861 0.0161
-4.126 4.741 -2.000 -0.1612 0.9868 0.0173
-4.055 4.735 -1.500 -0.1654 0.9861 0.0179
-3.650 4.803 -1.500 -0.1654 0.9861 0.0161
-4.055 4.735 -1.500 -0.1654 0.9861 0.0179
-3.606 4.799 -1.150 -0.1684 0.9856 0.0165
-3.606 4.799 -1.150 -0.1684 0.9856 0.0165
-4.055 4.735 -1.500 -0.1654 0.9861 0.0179
-4.006 4.730 -1.150 -0.1684 0.9855 0.0183
-3.606 4.799 -1.150 -0.1684 0.9856 0.0165
-4.006 4.730 -1.150 -0.1684 0.9855 0.0183
-3.587 4.797 -1.000 -0.1698 0.9853 0.0167
-3.587 4.797 -1.000 -0.1698 0.9853 0.0167
-4.006 4.730 -1.150 -0.1684 0.9855 0.0183
-3.985 4.729 -1.000 -0.1698 0.9853 0.0186
-3.587 4.797 -1.000 -0.1698 0.9853 0.0167
-3.985 4.729 -1.000 -0.1698 0.9853 0.0186
-3.523 4.791 -0.500 -0.1744 0.9845 0.0169
-3.523 4.791 -0.500 -0.1744 0.9845 0.0169
-3.985 4.729 -1.000 -0.1698 0.9853 0.0186
-3.914 4.722 -0.500 -0.1744 0.9845 0.0188
-3.523 4.791 -0.500 -0.1744 0.9845 0.0169
-3.914 4.722 -0.500 -0.1744 0.9845 0.0188
-3.461 4.785 0.000 -0.1792 0.9837 0.0165
-3.461 4.785 0.000 -0.1792 0.9837 0.0165
-3.914 4.722 -0.500 -0.1744 0.9845 0.0188
-3.845 4.715 0.000 -0.1792 0.9836 0.0183
-3.461 4.785 0.000 -0.1792 0.9837 0.0165
-3.845 4.715 0.000 -0.1792 0.9836 0.0183
-3.403 4.778 0.500 -0.1839 0.9828 0.0159
-3.403 4.778 0.500 -0.1839 0.9828 0.0159
-3.845 4.715 0.000 -0.1792 0.9836 0.0183
-3.780 4.708 0.500 -0.1839 0.9828 0.0177
-3.403 4.778 0.500 -0.1839 0.9828 0.0159
-3.780 4.708 0.500 -0.1839 0.9828 0.0177
-3.349 4.772 1.000 -0.1885 0.9820 0.0153
-3.349 4.772 1.000 -0.1885 0.9820 0.0153
-3.780 4.708 0.500 -0.1839 0.9828 0.0177
-3.720 4.701 1.000 -0.1885 0.9819 0.0170
-3.349 4.772 1.000 -0.1885 0.9820 0.0153
-3.720 4.701 1.000 -0.1885 0.9819 0.0170
-3.299 4.766 1.500 -0.1930 0.9811 0.0147
-3.299 4.766 1.500 -0.1930 0.9811 0.0147
-3.720 4.701 1.000 -0.1885 0.9819 0.0170
-3.664 4.694 1.500 -0.1930 0.9811 0.0163
-3.299 4.766 1.500 -0.1930 0.9811 0.0147
-3.664 4.694 1.500 -0.1930 0.9811 0.0163
-3.252 4.760 2.000 -0.1974 0.9802 0.0138
-3.252 4.760 2.000 -0.1974 0.9802 0.0138
-3.664 4.694 1.500 -0.1930 0.9811 0.0163
-3.612 4.688 2.000 -0.1974 0.9802 0.0154
-3.252 4.760 2.000 -0.1974 0.9802 0.0138
-3.612 4.688 2.000 -0.1974 0.9802 0.0154
-3.209 4.755 2.500 -0.2015 0.9794 0.0129
-3.209 4.755 2.500 -0.2015 0.9794 0.0129
-3.612 4.688 2.000 -0.1974 0.9802 0.0154
-3.565 4.681 2.500 -0.2015 0.9794 0.0144
-3.209 4.755 2.500 -0.2015 0.9794 0.0129
-3.565 4.681 2.500 -0.2015 0.9794 0.0144
-3.171 4.749 3.000 -0.2055 0.9786 0.0121
-3.171 4.749 3.000 -0.2055 0.9786 0.0121
-3.565 4.681 2.500 -0.2015 0.9794 0.0144
-3.522 4.676 3.000 -0.2055 0.9786 0.0134
-3.171 4.749 3.000 -0.2055 0.9786 0.0121
-3.522 4.676 3.000 -0.2055 0.9786 0.0134
-3.514 4.674 3.104 -0.2062 0.9784 0.0135
-3.171 4.749 3.000 -0.2055 0.9786 0.0121
-3.514 4.674 3.104 -0.2062 0.9784 0.0135
-3.136 4.744 3.500 -0.2092 0.9778 0.0110
-3.136 4.744 3.500 -0.2092 0.9778 0.0110
-3.514 4.674 3.104 -0.2062 0.9784 0.0135
-3.120 4.742 3.757 -0.2109 0.9774 0.0111
-4.693 4.780 -6.000 -0.1341 0.9909 0.0135
-5.162 4.717 -6.000 -0.1341 0.9909 0.0149
-4.622 4.776 -5.500 -0.1369 0.9905 0.0139
-4.622 4.776 -5.500 -0.1369 0.9905 0.0139
-5.162 4.717 -6.000 -0.1341 0.9909 0.0149
-5.084 4.712 -5.500 -0.1369 0.9905 0.0153
-4.622 4.776 -5.500 -0.1369 0.9905 0.0139
-5.084 4.712 -5.500 -0.1369 0.9905 0.0153
-4.551 4.772 -5.000 -0.1400 0.9901 0.0143
-4.551 4.772 -5.000 -0.1400 0.9901 0.0143
-5.084 4.712 -5.500 -0.1369 0.9905 0.0153
-5.006 4.707 -5.000 -0.1399 0.9900 0.0158
-4.551 4.772 -5.000 -0.1400 0.9901 0.0143
-5.006 4.707 -5.000 -0.1399 0.9900 0.0158
-4.480 4.767 -4.500 -0.1431 0.9896 0.0148
-4.480 4.767 -4.500 -0.1431 0.9896 0.0148
-5.006 4.707 -5.000 -0.1399 0.9900 0.0158
-4.928 4.702 -4.500 -0.1431 0.9896 0.0162
-4.480 4.767 -4.500 -0.1431 0.9896 0.0148
-4.928 4.702 -4.500 -0.1431 0.9896 0.0162
-4.409 4.762 -4.000 -0.1464 0.9891 0.0152
-4.409 4.762 -4.000 -0.1464 0.9891 0.0152
-4.928 4.702 -4.500 -0.1431 0.9896 0.0162
-4.850 4.697 -4.000 -0.1464 0.9891 0.0167
-4.409 4.762 -4.000 -0.1464 0.9891 0.0152
-4.850 4.697 -4.000 -0.1464 0.9891 0.0167
-4.338 4.757 -3.500 -0.1498 0.9886 0.0156
-4.338 4.757 -3.500 -0.1498 0.9886 0.0156
-4.850 4.697 -4.000 -0.1464 0.9891 0.0167
-4.772 4.692 -3.500 -0.1498 0.9886 0.0172
-4.338 4.757 -3.500 -0.1498 0.9886 0.0156
-4.772 4.692 -3.500 -0.1498 0.9886 0.0172
-4.268 4.752 -3.000 -0.1534 0.9880 0.0162
-4.268 4.752 -3.000 -0.1534 0.9880 0.0162
-4.772 4.692 -3.500 -0.1498 0.9886 0.0172
-4.694 4.686 -3.000 -0.1534 0.9880 0.0178
-4.268 4.752 -3.000 -0.1534 0.9880 0.0162
-4.694 4.686 -3.000 -0.1534 0.9880 0.0178
-4.246 4.751 -2.850 -0.1546 0.9878 0.0163
-4.246 4.751 -2.850 -0.1546 0.9878 0.0163
-4.694 4.686 -3.000 -0.1534 0.9880 0.0178
-4.670 4.684 -2.850 -0.1546 0.9878 0.0180
-4.246 4.751 -2.850 -0.1546 0.9878 0.0163
-4.670 4.684 -2.850 -0.1546 0.9878 0.0180
-4.197 4.747 -2.500 -0.1572 0.9874 0.0167
-4.197 4.747 -2.500 -0.1572 0.9874 0.0167
-4.670 4.684 -2.850 -0.1546 0.9878 0.0180
-4.616 4.680 -2.500 -0.1572 0.9874 0.0184
-4.197 4.747 -2.500 -0.1572 0.9874 0.0167
-4.616 4.680 -2.500 -0.1572 0.9874 0.0184
-4.126 4.741 -2.000 -0.1612 0.9868 0.0173
-4.126 4.741 -2.000 -0.1612 0.9868 0.0173
-4.616 4.680 -2.500 -0.1572 0.9874 0.0184
-4.538 4.674 -2.000 -0.1612 0.9867 0.0190
-4.126 4.741 -2.000 -0.1612 0.9868 0.0173
-4.538 4.674 -2.000 -0.1612 0.9867 0.0190
-4.055 4.735 -1.500 -0.1654 0.9861 0.0179
-4.055 4.735 -1.500 -0.1654 0.9861 0.0179
-4.538 4.674 -2.000 -0.1612 0.9867 0.0190
-4.460 4.667 -1.500 -0.1654 0.9860 0.0196
-4.055 4.735 -1.500 -0.1654 0.9861 0.0179
-4.460 4.667 -1.500 -0.1654 0.9860 0.0196
-4.006 4.730 -1.150 -0.1684 0.9855 0.0183
-4.006 4.730 -1.150 -0.1684 0.9855 0.0183
-4.460 4.667 -1.500 -0.1654 0.9860 0.0196
-4.406 4.662 -1.150 -0.1684 0.9855 0.0201
-4.006 4.730 -1.150 -0.1684 0.9855 0.0183
-4.406 4.662 -1.150 -0.1684 0.9855 0.0201
-3.985 4.729 -1.000 -0.1698 0.9853 0.0186
-3.985 4.729 -1.000 -0.1698 0.9853 0.0186
-4.406 4.662 -1.150 -0.1684 0.9855 0.0201
-4.382 4.660 -1.000 -0.1698 0.9853 0.0204
-3.985 4.729 -1.000 -0.1698 0.9853 0.0186
-4.382 4.660 -1.000 -0.1698 0.9853 0.0204
-3.914 4.722 -0.500 -0.1744 0.9845 0.0188
-3.914 4.722 -0.500 -0.1744 0.9845 0.0188
-4.382 4.660 -1.000 -0.1698 0.9853 0.0204
-4.305 4.653 -0.500 -0.1744 0.9845 0.0207
-3.914 4.722 -0.500 -0.1744 0.9845 0.0188
-4.305 4.653 -0.500 -0.1744 0.9845 0.0207
-3.845 4.715 0.000 -0.1792 0.9836 0.0183
-3.845 4.715 0.000 -0.1792 0.9836 0.0183
-4.305 4.653 -0.500 -0.1744 0.9845 0.0207
-4.229 4.645 0.000 -0.1792 0.9836 0.0201
-3.845 4.715 0.000 -0.1792 0.9836 0.0183
-4.229 4.645 0.000 -0.1792 0.9836 0.0201
-3.780 4.708 0.500 -0.1839 0.9828 0.0177
-3.780 4.708 0.500 -0.1839 0.9828 0.0177
-4.229 4.645 0.000 -0.1792 0.9836 0.0201
-4.158 4.637 0.500 -0.1839 0.9828 0.0194
-3.780 4.708 0.500 -0.1839 0.9828 0.0177
-4.158 4.637 0.500 -0.1839 0.9828 0.0194
-3.720 4.701 1.000 -0.1885 0.9819 0.0170
-3.720 4.701 1.000 -0.1885 0.9819 0.0170
-4.158 4.637 0.500 -0.1839 0.9828 0.0194
-4.091 4.630 1.000 -0.1885 0.9819 0.0187
-3.720 4.701 1.000 -0.1885 0.9819 0.0170
-4.091 4.630 1.000 -0.1885 0.9819 0.0187
-3.664 4.694 1.500 -0.1930 0.9811 0.0163
-3.664 4.694 1.500 -0.1930 0.9811 0.0163
-4.091 4.630 1.000 -0.1885 0.9819 0.0187
-4.030 4.622 1.500 -0.1930 0.9810 0.0179
-3.664 4.694 1.500 -0.1930 0.9811 0.0163
-4.030 4.622 1.500 -0.1930 0.9810 0.0179
-3.612 4.688 2.000 -0.1974 0.9802 0.0154
-3.612 4.688 2.000 -0.1974 0.9802 0.0154
-4.030 4.622 1.500 -0.1930 0.9810 0.0179
-3.973 4.615 2.000 -0.1974 0.9802 0.0169
-3.612 4.688 2.000 -0.1974 0.9802 0.0154
-3.973 4.615 2.000 -0.1974 0.9802 0.0169
-3.923 4.609 2.475 -0.2013 0.9794 0.0161
-3.612 4.688 2.000 -0.1974 0.9802 0.0154
-3.923 4.609 2.475 -0.2013 0.9794 0.0161
-3.565 4.681 2.500 -0.2015 0.9794 0.0144
-3.565 4.681 2.500 -0.2015 0.9794 0.0144
-3.923 4.609 2.475 -0.2013 0.9794 0.0161
-3.522 4.676 3.000 -0.2055 0.9786 0.0134
-3.522 4.676 3.000 -0.2055 0.9786 0.0134
-3.923 4.609 2.475 -0.2013 0.9794 0.0161
-3.514 4.674 3.104 -0.2062 0.9784 0.0135
-5.162 4.717 -6.000 -0.1341 0.9909 0.0149
-5.631 4.653 -6.000 -0.1340 0.9908 0.0163
-5.084 4.712 -5.500 -0.1369 0.9905 0.0153
-5.084 4.712 -5.500 -0.1369 0.9905 0.0153
-5.631 4.653 -6.000 -0.1340 0.9908 0.0163
-5.546 4.648 -5.500 -0.1369 0.9904 0.0167
-5.084 4.712 -5.500 -0.1369 0.9905 0.0153
-5.546 4.648 -5.500 -0.1369 0.9904 0.0167
-5.006 4.707 -5.000 -0.1399 0.9900 0.0158
-5.006 4.707 -5.000 -0.1399 0.9900 0.0158
-5.546 4.648 -5.500 -0.1369 0.9904 0.0167
-5.461 4.643 -5.000 -0.1399 0.9900 0.0172
-5.006 4.707 -5.000 -0.1399 0.9900 0.0158
-5.461 4.643 -5.000 -0.1399 0.9900 0.0172
-4.928 4.702 -4.500 -0.1431 0.9896 0.0162
-4.928 4.702 -4.500 -0.1431 0.9896 0.0162
-5.461 4.643 -5.000 -0.1399 0.9900 0.0172
-5.376 4.638 -4.500 -0.1431 0.9896 0.0177
-4.928 4.702 -4.500 -0.1431 0.9896 0.0162
-5.376 4.638 -4.500 -0.1431 0.9896 0.0177
-4.850 4.697 -4.000 -0.1464 0.9891 0.0167
-4.850 4.697 -4.000 -0.1464 0.9891 0.0167
-5.376 4.638 -4.500 -0.1431 0.9896 0.0177
-5.290 4.632 -4.000 -0.1464 0.9891 0.0182
-4.850 4.697 -4.000 -0.1464 0.9891 0.0167
-5.290 4.632 -4.000 -0.1464 0.9891 0.0182
-4.772 4.692 -3.500 -0.1498 0.9886 0.0172
-4.772 4.692 -3.500 -0.1498 0.9886 0.0172
-5.290 4.632 -4.000 -0.1464 0.9891 0.0182
-5.205 4.626 -3.500 -0.1498 0.9885 0.0188
-4.772 4.692 -3.500 -0.1498 0.9886 0.0172
-5.205 4.626 -3.500 -0.1498 0.9885 0.0188
-4.694 4.686 -3.000 -0.1534 0.9880 0.0178
-4.694 4.686 -3.000 -0.1534 0.9880 0.0178
-5.205 4.626 -3.500 -0.1498 0.9885 0.0188
-5.120 4.620 -3.000 -0.1534 0.9880 0.0194
-4.694 4.686 -3.000 -0.1534 0.9880 0.0178
-5.120 4.620 -3.000 -0.1534 0.9880 0.0194
-4.670 4.684 -2.850 -0.1546 0.9878 0.0180
-4.670 4.684 -2.850 -0.1546 0.9878 0.0180
-5.120 4.620 -3.000 -0.1534 0.9880 0.0194
-5.095 4.618 -2.850 -0.1545 0.9878 0.0196
-4.670 4.684 -2.850 -0.1546 0.9878 0.0180
-5.095 4.618 -2.850 -0.1545 0.9878 0.0196
-4.616 4.680 -2.500 -0.1572 0.9874 0.0184
-4.616 4.680 -2.500 -0.1572 0.9874 0.0184
-5.095 4.618 -2.850 -0.1545 0.9878 0.0196
-5.035 4.613 -2.500 -0.1572 0.9874 0.0201
-4.616 4.680 -2.500 -0.1572 0.9874 0.0184
-5.035 4.613 -2.500 -0.1572 0.9874 0.0201
-4.538 4.674 -2.000 -0.1612 0.9867 0.0190
-4.538 4.674 -2.000 -0.1612 0.9867 0.0190
-5.035 4.613 -2.500 -0.1572 0.9874 0.0201
-4.950 4.606 -2.000 -0.1612 0.9867 0.0208
-4.538 4.674 -2.000 -0.1612 0.9867 0.0190
-4.950 4.606 -2.000 -0.1612 0.9867 0.0208
-4.460 4.667 -1.500 -0.1654 0.9860 0.0196
-4.460 4.667 -1.500 -0.1654 0.9860 0.0196
-4.950 4.606 -2.000 -0.1612 0.9867 0.0208
-4.865 4.599 -1.500 -0.1654 0.9860 0.0214
-4.460 4.667 -1.500 -0.1654 0.9860 0.0196
-4.865 4.599 -1.500 -0.1654 0.9860 0.0214
-4.406 4.662 -1.150 -0.1684 0.9855 0.0201
-4.406 4.662 -1.150 -0.1684 0.9855 0.0201
-4.865 4.599 -1.500 -0.1654 0.9860 0.0214
-4.806 4.594 -1.150 -0.1684 0.9855 0.0220
-4.406 4.662 -1.150 -0.1684 0.9855 0.0201
-4.806 4.594 -1.150 -0.1684 0.9855 0.0220
-4.382 4.660 -1.000 -0.1698 0.9853 0.0204
-4.382 4.660 -1.000 -0.1698 0.9853 0.0204
-4.806 4.594 -1.150 -0.1684 0.9855 0.0220
-4.780 4.591 -1.000 -0.1697 0.9852 0.0223
-4.382 4.660 -1.000 -0.1698 0.9853 0.0204
-4.780 4.591 -1.000 -0.1697 0.9852 0.0223
-4.305 4.653 -0.500 -0.1744 0.9845 0.0207
-4.305 4.653 -0.500 -0.1744 0.9845 0.0207
-4.780 4.591 -1.000 -0.1697 0.9852 0.0223
-4.695 4.583 -0.500 -0.1744 0.9844 0.0225
-4.305 4.653 -0.500 -0.1744 0.9845 0.0207
-4.695 4.583 -0.500 -0.1744 0.9844 0.0225
-4.229 4.645 0.000 -0.1792 0.9836 0.0201
-4.229 4.645 0.000 -0.1792 0.9836 0.0201
-4.695 4.583 -0.500 -0.1744 0.9844 0.0225
-4.613 4.575 0.000 -0.1791 0.9836 0.0220
-4.229 4.645 0.000 -0.1792 0.9836 0.0201
-4.613 4.575 0.000 -0.1791 0.9836 0.0220
-4.158 4.637 0.500 -0.1839 0.9828 0.0194
-4.158 4.637 0.500 -0.1839 0.9828 0.0194
-4.613 4.575 0.000 -0.1791 0.9836 0.0220
-4.535 4.567 0.500 -0.1839 0.9827 0.0212
-4.158 4.637 0.500 -0.1839 0.9828 0.0194
-4.535 4.567 0.500 -0.1839 0.9827 0.0212
-4.091 4.630 1.000 -0.1885 0.9819 0.0187
-4.091 4.630 1.000 -0.1885 0.9819 0.0187
-4.535 4.567 0.500 -0.1839 0.9827 0.0212
-4.462 4.558 1.000 -0.1885 0.9819 0.0203
-4.091 4.630 1.000 -0.1885 0.9819 0.0187
-4.462 4.558 1.000 -0.1885 0.9819 0.0203
-4.030 4.622 1.500 -0.1930 0.9810 0.0179
-4.030 4.622 1.500 -0.1930 0.9810 0.0179
-4.462 4.558 1.000 -0.1885 0.9819 0.0203
-4.395 4.550 1.500 -0.1930 0.9810 0.0195
-4.030 4.622 1.500 -0.1930 0.9810 0.0179
-4.395 4.550 1.500 -0.1930 0.9810 0.0195
-4.349 4.545 1.872 -0.1962 0.9804 0.0200
-4.030 4.622 1.500 -0.1930 0.9810 0.0179
-4.349 4.545 1.872 -0.1962 0.9804 0.0200
-3.973 4.615 2.000 -0.1974 0.9802 0.0169
-3.973 4.615 2.000 -0.1974 0.9802 0.0169
-4.349 4.545 1.872 -0.1962 0.9804 0.0200
-3.923 4.609 2.475 -0.2013 0.9794 0.0161
-5.631 4.653 -6.000 -0.1340 0.9908 0.0163
-5.951 4.610 -6.000 -0.1340 0.9908 0.0172
-5.546 4.648 -5.500 -0.1369 0.9904 0.0167
-5.546 4.648 -5.500 -0.1369 0.9904 0.0167
-5.951 4.610 -6.000 -0.1340 0.9908 0.0172
-5.861 4.605 -5.500 -0.1369 0.9904 0.0176
-5.546 4.648 -5.500 -0.1369 0.9904 0.0167
-5.861 4.605 -5.500 -0.1369 0.9904 0.0176
-5.461 4.643 -5.000 -0.1399 0.9900 0.0172
-5.461 4.643 -5.000 -0.1399 0.9900 0.0172
-5.861 4.605 -5.500 -0.1369 0.9904 0.0176
-5.771 4.599 -5.000 -0.1399 0.9900 0.0182
-5.461 4.643 -5.000 -0.1399 0.9900 0.0172
-5.771 4.599 -5.000 -0.1399 0.9900 0.0182
-5.376 4.638 -4.500 -0.1431 0.9896 0.0177
-5.376 4.638 -4.500 -0.1431 0.9896 0.0177
-5.771 4.599 -5.000 -0.1399 0.9900 0.0182
-5.681 4.594 -4.500 -0.1431 0.9895 0.0187
-5.376 4.638 -4.500 -0.1431 0.9896 0.0177
-5.681 4.594 -4.500 -0.1431 0.9895 0.0187
-5.290 4.632 -4.000 -0.1464 0.9891 0.0182
-5.290 4.632 -4.000 -0.1464 0.9891 0.0182
-5.681 4.594 -4.500 -0.1431 0.9895 0.0187
-5.591 4.588 -4.000 -0.1464 0.9890 0.0193
-5.290 4.632 -4.000 -0.1464 0.9891 0.0182
-5.591 4.588 -4.000 -0.1464 0.9890 0.0193
-5.205 4.626 -3.500 -0.1498 0.9885 0.0188
-5.205 4.626 -3.500 -0.1498 0.9885 0.0188
-5.591 4.588 -4.000 -0.1464 0.9890 0.0193
-5.501 4.581 -3.500 -0.1498 0.9885 0.0198
-5.205 4.626 -3.500 -0.1498 0.9885 0.0188
-5.501 4.581 -3.500 -0.1498 0.9885 0.0198
-5.120 4.620 -3.000 -0.1534 0.9880 0.0194
-5.120 4.620 -3.000 -0.1534 0.9880 0.0194
-5.501 4.581 -3.500 -0.1498 0.9885 0.0198
-5.411 4.575 -3.000 -0.1534 0.9879 0.0205
-5.120 4.620 -3.000 -0.1534 0.9880 0.0194
-5.411 4.575 -3.000 -0.1534 0.9879 0.0205
-5.095 4.618 -2.850 -0.1545 0.9878 0.0196
-5.095 4.618 -2.850 -0.1545 0.9878 0.0196
-5.411 4.575 -3.000 -0.1534 0.9879 0.0205
-5.384 4.573 -2.850 -0.1545 0.9878 0.0207
-5.095 4.618 -2.850 -0.1545 0.9878 0.0196
-5.384 4.573 -2.850 -0.1545 0.9878 0.0207
-5.035 4.613 -2.500 -0.1572 0.9874 0.0201
-5.035 4.613 -2.500 -0.1572 0.9874 0.0201
-5.384 4.573 -2.850 -0.1545 0.9878 0.0207
-5.321 4.568 -2.500 -0.1572 0.9873 0.0212
-5.035 4.613 -2.500 -0.1572 0.9874 0.0201
-5.321 4.568 -2.500 -0.1572 0.9873 0.0212
-4.950 4.606 -2.000 -0.1612 0.9867 0.0208
-4.950 4.606 -2.000 -0.1612 0.9867 0.0208
-5.321 4.568 -2.500 -0.1572 0.9873 0.0212
-5.231 4.560 -2.000 -0.1612 0.9867 0.0219
-4.950 4.606 -2.000 -0.1612 0.9867 0.0208
-5.231 4.560 -2.000 -0.1612 0.9867 0.0219
-4.865 4.599 -1.500 -0.1654 0.9860 0.0214
-4.865 4.599 -1.500 -0.1654 0.9860 0.0214
-5.231 4.560 -2.000 -0.1612 0.9867 0.0219
-5.141 4.553 -1.500 -0.1654 0.9860 0.0226
-4.865 4.599 -1.500 -0.1654 0.9860 0.0214
-5.141 4.553 -1.500 -0.1654 0.9860 0.0226
-4.806 4.594 -1.150 -0.1684 0.9855 0.0220
-4.806 4.594 -1.150 -0.1684 0.9855 0.0220
-5.141 4.553 -1.500 -0.1654 0.9860 0.0226
-5.079 4.547 -1.150 -0.1684 0.9854 0.0232
-4.806 4.594 -1.150 -0.1684 0.9855 0.0220
-5.079 4.547 -1.150 -0.1684 0.9854 0.0232
-4.780 4.591 -1.000 -0.1697 0.9852 0.0223
-4.780 4.591 -1.000 -0.1697 0.9852 0.0223
-5.079 4.547 -1.150 -0.1684 0.9854 0.0232
-5.052 4.545 -1.000 -0.1697 0.9852 0.0235
-4.780 4.591 -1.000 -0.1697 0.9852 0.0223
-5.052 4.545 -1.000 -0.1697 0.9852 0.0235
-4.695 4.583 -0.500 -0.1744 0.9844 0.0225
-4.695 4.583 -0.500 -0.1744 0.9844 0.0225
-5.052 4.545 -1.000 -0.1697 0.9852 0.0235
-4.962 4.536 -0.500 -0.1744 0.9844 0.0238
-4.695 4.583 -0.500 -0.1744 0.9844 0.0225
-4.962 4.536 -0.500 -0.1744 0.9844 0.0238
-4.613 4.575 0.000 -0.1791 0.9836 0.0220
-4.613 4.575 0.000 -0.1791 0.9836 0.0220
-4.962 4.536 -0.500 -0.1744 0.9844 0.0238
-4.874 4.527 0.000 -0.1791 0.9835 0.0232
-4.613 4.575 0.000 -0.1791 0.9836 0.0220
-4.874 4.527 0.000 -0.1791 0.9835 0.0232
-4.535 4.567 0.500 -0.1839 0.9827 0.0212
-4.535 4.567 0.500 -0.1839 0.9827 0.0212
-4.874 4.527 0.000 -0.1791 0.9835 0.0232
-4.792 4.518 0.500 -0.1839 0.9827 0.0224
-4.535 4.567 0.500 -0.1839 0.9827 0.0212
-4.792 4.518 0.500 -0.1839 0.9827 0.0224
-4.462 4.558 1.000 -0.1885 0.9819 0.0203
-4.462 4.558 1.000 -0.1885 0.9819 0.0203
-4.792 4.518 0.500 -0.1839 0.9827 0.0224
-4.716 4.510 1.000 -0.1885 0.9818 0.0215
-4.462 4.558 1.000 -0.1885 0.9819 0.0203
-4.716 4.510 1.000 -0.1885 0.9818 0.0215
-4.648 4.502 1.474 -0.1927 0.9810 0.0209
-4.462 4.558 1.000 -0.1885 0.9819 0.0203
-4.648 4.502 1.474 -0.1927 0.9810 0.0209
-4.395 4.550 1.500 -0.1930 0.9810 0.0195
-4.395 4.550 1.500 -0.1930 0.9810 0.0195
-4.648 4.502 1.474 -0.1927 0.9810 0.0209
-4.349 4.545 1.872 -0.1962 0.9804 0.0200
-5.951 4.610 -6.000 -0.1340 0.9908 0.0172
-6.101 4.590 -6.000 -0.1340 0.9908 0.0176
-5.861 4.605 -5.500 -0.1369 0.9904 0.0176
-5.861 4.605 -5.500 -0.1369 0.9904 0.0176
-6.101 4.590 -6.000 -0.1340 0.9908 0.0176
-6.008 4.584 -5.500 -0.1369 0.9904 0.0180
-5.861 4.605 -5.500 -0.1369 0.9904 0.0176
-6.008 4.584 -5.500 -0.1369 0.9904 0.0180
-5.771 4.599 -5.000 -0.1399 0.9900 0.0182
-5.771 4.599 -5.000 -0.1399 0.9900 0.0182
-6.008 4.584 -5.500 -0.1369 0.9904 0.0180
-5.916 4.579 -5.000 -0.1399 0.9900 0.0186
-5.771 4.599 -5.000 -0.1399 0.9900 0.0182
-5.916 4.579 -5.000 -0.1399 0.9900 0.0186
-5.681 4.594 -4.500 -0.1431 0.9895 0.0187
-5.681 4.594 -4.500 -0.1431 0.9895 0.0187
-5.916 4.579 -5.000 -0.1399 0.9900 0.0186
-5.823 4.573 -4.500 -0.1431 0.9895 0.0192
-5.681 4.594 -4.500 -0.1431 0.9895 0.0187
-5.823 4.573 -4.500 -0.1431 0.9895 0.0192
-5.591 4.588 -4.000 -0.1464 0.9890 0.0193
-5.591 4.588 -4.000 -0.1464 0.9890 0.0193
-5.823 4.573 -4.500 -0.1431 0.9895 0.0192
-5.731 4.567 -4.000 -0.1464 0.9890 0.0198
-5.591 4.588 -4.000 -0.1464 0.9890 0.0193
-5.731 4.567 -4.000 -0.1464 0.9890 0.0198
-5.501 4.581 -3.500 -0.1498 0.9885 0.0198
-5.501 4.581 -3.500 -0.1498 0.9885 0.0198
-5.731 4.567 -4.000 -0.1464 0.9890 0.0198
-5.638 4.560 -3.500 -0.1498 0.9885 0.0203
-5.501 4.581 -3.500 -0.1498 0.9885 0.0198
-5.638 4.560 -3.500 -0.1498 0.9885 0.0203
-5.411 4.575 -3.000 -0.1534 0.9879 0.0205
-5.411 4.575 -3.000 -0.1534 0.9879 0.0205
-5.638 4.560 -3.500 -0.1498 0.9885 0.0203
-5.547 4.554 -3.000 -0.1534 0.9879 0.0210
-5.411 4.575 -3.000 -0.1534 0.9879 0.0205
-5.547 4.554 -3.000 -0.1534 0.9879 0.0210
-5.384 4.573 -2.850 -0.1545 0.9878 0.0207
-5.384 4.573 -2.850 -0.1545 0.9878 0.0207
-5.547 4.554 -3.000 -0.1534 0.9879 0.0210
-5.519 4.552 -2.850 -0.1545 0.9878 0.0212
-5.384 4.573 -2.850 -0.1545 0.9878 0.0207
-5.519 4.552 -2.850 -0.1545 0.9878 0.0212
-5.321 4.568 -2.500 -0.1572 0.9873 0.0212
-5.321 4.568 -2.500 -0.1572 0.9873 0.0212
-5.519 4.552 -2.850 -0.1545 0.9878 0.0212
-5.454 4.547 -2.500 -0.1572 0.9873 0.0217
-5.321 4.568 -2.500 -0.1572 0.9873 0.0212
-5.454 4.547 -2.500 -0.1572 0.9873 0.0217
-5.231 4.560 -2.000 -0.1612 0.9867 0.0219
-5.231 4.560 -2.000 -0.1612 0.9867 0.0219
-5.454 4.547 -2.500 -0.1572 0.9873 0.0217
-5.362 4.539 -2.000 -0.1612 0.9867 0.0225
-5.231 4.560 -2.000 -0.1612 0.9867 0.0219
-5.362 4.539 -2.000 -0.1612 0.9867 0.0225
-5.141 4.553 -1.500 -0.1654 0.9860 0.0226
-5.141 4.553 -1.500 -0.1654 0.9860 0.0226
-5.362 4.539 -2.000 -0.1612 0.9867 0.0225
-5.270 4.531 -1.500 -0.1654 0.9860 0.0232
-5.141 4.553 -1.500 -0.1654 0.9860 0.0226
-5.270 4.531 -1.500 -0.1654 0.9860 0.0232
-5.079 4.547 -1.150 -0.1684 0.9854 0.0232
-5.079 4.547 -1.150 -0.1684 0.9854 0.0232
-5.270 4.531 -1.500 -0.1654 0.9860 0.0232
-5.206 4.525 -1.150 -0.1684 0.9854 0.0238
-5.079 4.547 -1.150 -0.1684 0.9854 0.0232
-5.206 4.525 -1.150 -0.1684 0.9854 0.0238
-5.052 4.545 -1.000 -0.1697 0.9852 0.0235
-5.052 4.545 -1.000 -0.1697 0.9852 0.0235
-5.206 4.525 -1.150 -0.1684 0.9854 0.0238
-5.178 4.523 -1.000 -0.1697 0.9852 0.0241
-5.052 4.545 -1.000 -0.1697 0.9852 0.0235
-5.178 4.523 -1.000 -0.1697 0.9852 0.0241
-4.962 4.536 -0.500 -0.1744 0.9844 0.0238
-4.962 4.536 -0.500 -0.1744 0.9844 0.0238
-5.178 4.523 -1.000 -0.1697 0.9852 0.0241
-5.086 4.514 -0.500 -0.1744 0.9844 0.0244
-4.962 4.536 -0.500 -0.1744 0.9844 0.0238
-5.086 4.514 -0.500 -0.1744 0.9844 0.0244
-4.874 4.527 0.000 -0.1791 0.9835 0.0232
-4.874 4.527 0.000 -0.1791 0.9835 0.0232
-5.086 4.514 -0.500 -0.1744 0.9844 0.0244
-4.996 4.505 0.000 -0.1791 0.9835 0.0238
-4.874 4.527 0.000 -0.1791 0.9835 0.0232
-4.996 4.505 0.000 -0.1791 0.9835 0.0238
-4.792 4.518 0.500 -0.1839 0.9827 0.0224
-4.792 4.518 0.500 -0.1839 0.9827 0.0224
-4.996 4.505 0.000 -0.1791 0.9835 0.0238
-4.912 4.496 0.500 -0.1839 0.9827 0.0230
-4.792 4.518 0.500 -0.1839 0.9827 0.0224
-4.912 4.496 0.500 -0.1839 0.9827 0.0230
-4.716 4.510 1.000 -0.1885 0.9818 0.0215
-4.716 4.510 1.000 -0.1885 0.9818 0.0215
-4.912 4.496 0.500 -0.1839 0.9827 0.0230
-4.834 4.487 1.000 -0.1885 0.9818 0.0220
-4.716 4.510 1.000 -0.1885 0.9818 0.0215
-4.834 4.487 1.000 -0.1885 0.9818 0.0220
-4.791 4.482 1.292 -0.1911 0.9813 0.0225
-4.716 4.510 1.000 -0.1885 0.9818 0.0215
-4.791 4.482 1.292 -0.1911 0.9813 0.0225
-4.648 4.502 1.474 -0.1927 0.9810 0.0209
-6.101 4.590 -6.000 -0.1340 0.9908 0.0176
-6.570 4.526 -6.000 -0.1340 0.9908 0.0190
-6.008 4.584 -5.500 -0.1369 0.9904 0.0180
-6.008 4.584 -5.500 -0.1369 0.9904 0.0180
-6.570 4.526 -6.000 -0.1340 0.9908 0.0190
-6.470 4.520 -5.500 -0.1369 0.9904 0.0194
-6.008 4.584 -5.500 -0.1369 0.9904 0.0180
-6.470 4.520 -5.500 -0.1369 0.9904 0.0194
-5.916 4.579 -5.000 -0.1399 0.9900 0.0186
-5.916 4.579 -5.000 -0.1399 0.9900 0.0186
-6.470 4.520 -5.500 -0.1369 0.9904 0.0194
-6.371 4.515 -5.000 -0.1399 0.9900 0.0201
-5.916 4.579 -5.000 -0.1399 0.9900 0.0186
-6.371 4.515 -5.000 -0.1399 0.9900 0.0201
-5.823 4.573 -4.500 -0.1431 0.9895 0.0192
-5.823 4.573 -4.500 -0.1431 0.9895 0.0192
-6.371 4.515 -5.000 -0.1399 0.9900 0.0201
-6.271 4.508 -4.500 -0.1431 0.9895 0.0207
-5.823 4.573 -4.500 -0.1431 0.9895 0.0192
-6.271 4.508 -4.500 -0.1431 0.9895 0.0207
-5.731 4.567 -4.000 -0.1464 0.9890 0.0198
-5.731 4.567 -4.000 -0.1464 0.9890 0.0198
-6.271 4.508 -4.500 -0.1431 0.9895 0.0207
-6.171 4.502 -4.000 -0.1464 0.9890 0.0213
-5.731 4.567 -4.000 -0.1464 0.9890 0.0198
-6.171 4.502 -4.000 -0.1464 0.9890 0.0213
-5.638 4.560 -3.500 -0.1498 0.9885 0.0203
-5.638 4.560 -3.500 -0.1498 0.9885 0.0203
-6.171 4.502 -4.000 -0.1464 0.9890 0.0213
-6.072 4.495 -3.500 -0.1498 0.9885 0.0219
-5.638 4.560 -3.500 -0.1498 0.9885 0.0203
-6.072 4.495 -3.500 -0.1498 0.9885 0.0219
-5.547 4.554 -3.000 -0.1534 0.9879 0.0210
-5.547 4.554 -3.000 -0.1534 0.9879 0.0210
-6.072 4.495 -3.500 -0.1498 0.9885 0.0219
-5.973 4.487 -3.000 -0.1534 0.9879 0.0227
-5.547 4.554 -3.000 -0.1534 0.9879 0.0210
-5.973 4.487 -3.000 -0.1534 0.9879 0.0227
-5.519 4.552 -2.850 -0.1545 0.9878 0.0212
-5.519 4.552 -2.850 -0.1545 0.9878 0.0212
-5.973 4.487 -3.000 -0.1534 0.9879 0.0227
-5.943 4.485 -2.850 -0.1545 0.9877 0.0229
-5.519 4.552 -2.850 -0.1545 0.9878 0.0212
-5.943 4.485 -2.850 -0.1545 0.9877 0.0229
-5.454 4.547 -2.500 -0.1572 0.9873 0.0217
-5.454 4.547 -2.500 -0.1572 0.9873 0.0217
-5.943 4.485 -2.850 -0.1545 0.9877 0.0229
-5.874 4.480 -2.500 -0.1572 0.9873 0.0234
-5.454 4.547 -2.500 -0.1572 0.9873 0.0217
-5.874 4.480 -2.500 -0.1572 0.9873 0.0234
-5.362 4.539 -2.000 -0.1612 0.9867 0.0225
-5.362 4.539 -2.000 -0.1612 0.9867 0.0225
-5.874 4.480 -2.500 -0.1572 0.9873 0.0234
-5.774 4.472 -2.000 -0.1612 0.9866 0.0242
-5.362 4.539 -2.000 -0.1612 0.9867 0.0225
-5.774 4.472 -2.000 -0.1612 0.9866 0.0242
-5.270 4.531 -1.500 -0.1654 0.9860 0.0232
-5.270 4.531 -1.500 -0.1654 0.9860 0.0232
-5.774 4.472 -2.000 -0.1612 0.9866 0.0242
-5.675 4.463 -1.500 -0.1654 0.9859 0.0250
-5.270 4.531 -1.500 -0.1654 0.9860 0.0232
-5.675 4.463 -1.500 -0.1654 0.9859 0.0250
-5.206 4.525 -1.150 -0.1684 0.9854 0.0238
-5.206 4.525 -1.150 -0.1684 0.9854 0.0238
-5.675 4.463 -1.500 -0.1654 0.9859 0.0250
-5.606 4.457 -1.150 -0.1684 0.9854 0.0256
-5.206 4.525 -1.150 -0.1684 0.9854 0.0238
-5.606 4.457 -1.150 -0.1684 0.9854 0.0256
-5.178 4.523 -1.000 -0.1697 0.9852 0.0241
-5.178 4.523 -1.000 -0.1697 0.9852 0.0241
-5.606 4.457 -1.150 -0.1684 0.9854 0.0256
-5.576 4.454 -1.000 -0.1697 0.9851 0.0260
-5.178 4.523 -1.000 -0.1697 0.9852 0.0241
-5.576 4.454 -1.000 -0.1697 0.9851 0.0260
-5.086 4.514 -0.500 -0.1744 0.9844 0.0244
-5.086 4.514 -0.500 -0.1744 0.9844 0.0244
-5.576 4.454 -1.000 -0.1697 0.9851 0.0260
-5.477 4.445 -0.500 -0.1744 0.9843 0.0263
-5.086 4.514 -0.500 -0.1744 0.9844 0.0244
-5.477 4.445 -0.500 -0.1744 0.9843 0.0263
-4.996 4.505 0.000 -0.1791 0.9835 0.0238
-4.996 4.505 0.000 -0.1791 0.9835 0.0238
-5.477 4.445 -0.500 -0.1744 0.9843 0.0263
-5.380 4.435 0.000 -0.1791 0.9835 0.0256
-4.996 4.505 0.000 -0.1791 0.9835 0.0238
-5.380 4.435 0.000 -0.1791 0.9835 0.0256
-4.912 4.496 0.500 -0.1839 0.9827 0.0230
-4.912 4.496 0.500 -0.1839 0.9827 0.0230
-5.380 4.435 0.000 -0.1791 0.9835 0.0256
-5.290 4.425 0.500 -0.1839 0.9826 0.0247
-4.912 4.496 0.500 -0.1839 0.9827 0.0230
-5.290 4.425 0.500 -0.1839 0.9826 0.0247
-5.250 4.421 0.736 -0.1860 0.9822 0.0251
-4.912 4.496 0.500 -0.1839 0.9827 0.0230
-5.250 4.421 0.736 -0.1860 0.9822 0.0251
-4.834 4.487 1.000 -0.1885 0.9818 0.0220
-4.834 4.487 1.000 -0.1885 0.9818 0.0220
-5.250 4.421 0.736 -0.1860 0.9822 0.0251
-4.791 4.482 1.292 -0.1911 0.9813 0.0225
-6.570 4.526 -6.000 -0.1340 0.9908 0.0190
-7.039 4.463 -6.000 -0.1340 0.9908 0.0203
-6.470 4.520 -5.500 -0.1369 0.9904 0.0194
-6.470 4.520 -5.500 -0.1369 0.9904 0.0194
-7.039 4.463 -6.000 -0.1340 0.9908 0.0203
-6.932 4.457 -5.500 -0.1369 0.9904 0.0208
-6.470 4.520 -5.500 -0.1369 0.9904 0.0194
-6.932 4.457 -5.500 -0.1369 0.9904 0.0208
-6.371 4.515 -5.000 -0.1399 0.9900 0.0201
-6.371 4.515 -5.000 -0.1399 0.9900 0.0201
-6.932 4.457 -5.500 -0.1369 0.9904 0.0208
-6.825 4.450 -5.000 -0.1399 0.9899 0.0215
-6.371 4.515 -5.000 -0.1399 0.9900 0.0201
-6.825 4.450 -5.000 -0.1399 0.9899 0.0215
-6.271 4.508 -4.500 -0.1431 0.9895 0.0207
-6.271 4.508 -4.500 -0.1431 0.9895 0.0207
-6.825 4.450 -5.000 -0.1399 0.9899 0.0215
-6.719 4.443 -4.500 -0.1431 0.9895 0.0221
-6.271 4.508 -4.500 -0.1431 0.9895 0.0207
-6.719 4.443 -4.500 -0.1431 0.9895 0.0221
-6.171 4.502 -4.000 -0.1464 0.9890 0.0213
-6.171 4.502 -4.000 -0.1464 0.9890 0.0213
-6.719 4.443 -4.500 -0.1431 0.9895 0.0221
-6.612 4.436 -4.000 -0.1464 0.9890 0.0228
-6.171 4.502 -4.000 -0.1464 0.9890 0.0213
-6.612 4.436 -4.000 -0.1464 0.9890 0.0228
-6.072 4.495 -3.500 -0.1498 0.9885 0.0219
-6.072 4.495 -3.500 -0.1498 0.9885 0.0219
-6.612 4.436 -4.000 -0.1464 0.9890 0.0228
-6.505 4.429 -3.500 -0.1498 0.9884 0.0234
-6.072 4.495 -3.500 -0.1498 0.9885 0.0219
-6.505 4.429 -3.500 -0.1498 0.9884 0.0234
-5.973 4.487 -3.000 -0.1534 0.9879 0.0227
-5.973 4.487 -3.000 -0.1534 0.9879 0.0227
-6.505 4.429 -3.500 -0.1498 0.9884 0.0234
-6.399 4.421 -3.000 -0.1534 0.9879 0.0243
-5.973 4.487 -3.000 -0.1534 0.9879 0.0227
-6.399 4.421 -3.000 -0.1534 0.9879 0.0243
-5.943 4.485 -2.850 -0.1545 0.9877 0.0229
-5.943 4.485 -2.850 -0.1545 0.9877 0.0229
-6.399 4.421 -3.000 -0.1534 0.9879 0.0243
-6.367 4.419 -2.850 -0.1545 0.9877 0.0245
-5.943 4.485 -2.850 -0.1545 0.9877 0.0229
-6.367 4.419 -2.850 -0.1545 0.9877 0.0245
-5.874 4.480 -2.500 -0.1572 0.9873 0.0234
-5.874 4.480 -2.500 -0.1572 0.9873 0.0234
-6.367 4.419 -2.850 -0.1545 0.9877 0.0245
-6.293 4.413 -2.500 -0.1572 0.9872 0.0251
-5.874 4.480 -2.500 -0.1572 0.9873 0.0234
-6.293 4.413 -2.500 -0.1572 0.9872 0.0251
-5.774 4.472 -2.000 -0.1612 0.9866 0.0242
-5.774 4.472 -2.000 -0.1612 0.9866 0.0242
-6.293 4.413 -2.500 -0.1572 0.9872 0.0251
-6.186 4.404 -2.000 -0.1612 0.9866 0.0259
-5.774 4.472 -2.000 -0.1612 0.9866 0.0242
-6.186 4.404 -2.000 -0.1612 0.9866 0.0259
-5.675 4.463 -1.500 -0.1654 0.9859 0.0250
-5.675 4.463 -1.500 -0.1654 0.9859 0.0250
-6.186 4.404 -2.000 -0.1612 0.9866 0.0259
-6.080 4.395 -1.500 -0.1653 0.9859 0.0268
-5.675 4.463 -1.500 -0.1654 0.9859 0.0250
-6.080 4.395 -1.500 -0.1653 0.9859 0.0268
-5.606 4.457 -1.150 -0.1684 0.9854 0.0256
-5.606 4.457 -1.150 -0.1684 0.9854 0.0256
-6.080 4.395 -1.500 -0.1653 0.9859 0.0268
-6.006 4.389 -1.150 -0.1684 0.9853 0.0274
-5.606 4.457 -1.150 -0.1684 0.9854 0.0256
-6.006 4.389 -1.150 -0.1684 0.9853 0.0274
-5.576 4.454 -1.000 -0.1697 0.9851 0.0260
-5.576 4.454 -1.000 -0.1697 0.9851 0.0260
-6.006 4.389 -1.150 -0.1684 0.9853 0.0274
-5.974 4.386 -1.000 -0.1697 0.9851 0.0278
-5.576 4.454 -1.000 -0.1697 0.9851 0.0260
-5.974 4.386 -1.000 -0.1697 0.9851 0.0278
-5.477 4.445 -0.500 -0.1744 0.9843 0.0263
-5.477 4.445 -0.500 -0.1744 0.9843 0.0263
-5.974 4.386 -1.000 -0.1697 0.9851 0.0278
-5.868 4.376 -0.500 -0.1744 0.9843 0.0282
-5.477 4.445 -0.500 -0.1744 0.9843 0.0263
-5.868 4.376 -0.500 -0.1744 0.9843 0.0282
-5.768 4.366 -0.017 -0.1790 0.9835 0.0277
-5.477 4.445 -0.500 -0.1744 0.9843 0.0263
-5.768 4.366 -0.017 -0.1790 0.9835 0.0277
-5.380 4.435 0.000 -0.1791 0.9835 0.0256
-5.380 4.435 0.000 -0.1791 0.9835 0.0256
-5.768 4.366 -0.017 -0.1790 0.9835 0.0277
-5.290 4.425 0.500 -0.1839 0.9826 0.0247
-5.290 4.425 0.500 -0.1839 0.9826 0.0247
-5.768 4.366 -0.017 -0.1790 0.9835 0.0277
-5.250 4.421 0.736 -0.1860 0.9822 0.0251
-7.039 4.463 -6.000 -0.1340 0.9908 0.0203
-7.508 4.399 -6.000 -0.1340 0.9907 0.0217
-6.932 4.457 -5.500 -0.1369 0.9904 0.0208
-6.932 4.457 -5.500 -0.1369 0.9904 0.0208
-7.508 4.399 -6.000 -0.1340 0.9907 0.0217
-7.394 4.393 -5.500 -0.1369 0.9903 0.0222
-6.932 4.457 -5.500 -0.1369 0.9904 0.0208
-7.394 4.393 -5.500 -0.1369 0.9903 0.0222
-6.825 4.450 -5.000 -0.1399 0.9899 0.0215
-6.825 4.450 -5.000 -0.1399 0.9899 0.0215
-7.394 4.393 -5.500 -0.1369 0.9903 0.0222
-7.280 4.386 -5.000 -0.1399 0.9899 0.0229
-6.825 4.450 -5.000 -0.1399 0.9899 0.0215
-7.280 4.386 -5.000 -0.1399 0.9899 0.0229
-6.719 4.443 -4.500 -0.1431 0.9895 0.0221
-6.719 4.443 -4.500 -0.1431 0.9895 0.0221
-7.280 4.386 -5.000 -0.1399 0.9899 0.0229
-7.166 4.379 -4.500 -0.1431 0.9894 0.0236
-6.719 4.443 -4.500 -0.1431 0.9895 0.0221
-7.166 4.379 -4.500 -0.1431 0.9894 0.0236
-6.612 4.436 -4.000 -0.1464 0.9890 0.0228
-6.612 4.436 -4.000 -0.1464 0.9890 0.0228
-7.166 4.379 -4.500 -0.1431 0.9894 0.0236
-7.052 4.371 -4.000 -0.1464 0.9889 0.0243
-6.612 4.436 -4.000 -0.1464 0.9890 0.0228
-7.052 4.371 -4.000 -0.1464 0.9889 0.0243
-6.505 4.429 -3.500 -0.1498 0.9884 0.0234
-6.505 4.429 -3.500 -0.1498 0.9884 0.0234
-7.052 4.371 -4.000 -0.1464 0.9889 0.0243
-6.939 4.363 -3.500 -0.1498 0.9884 0.0250
-6.505 4.429 -3.500 -0.1498 0.9884 0.0234
-6.939 4.363 -3.500 -0.1498 0.9884 0.0250
-6.399 4.421 -3.000 -0.1534 0.9879 0.0243
-6.399 4.421 -3.000 -0.1534 0.9879 0.0243
-6.939 4.363 -3.500 -0.1498 0.9884 0.0250
-6.826 4.355 -3.000 -0.1534 0.9878 0.0259
-6.399 4.421 -3.000 -0.1534 0.9879 0.0243
-6.826 4.355 -3.000 -0.1534 0.9878 0.0259
-6.367 4.419 -2.850 -0.1545 0.9877 0.0245
-6.367 4.419 -2.850 -0.1545 0.9877 0.0245
-6.826 4.355 -3.000 -0.1534 0.9878 0.0259
-6.791 4.352 -2.850 -0.1545 0.9876 0.0261
-6.367 4.419 -2.850 -0.1545 0.9877 0.0245
-6.791 4.352 -2.850 -0.1545 0.9876 0.0261
-6.293 4.413 -2.500 -0.1572 0.9872 0.0251
-6.293 4.413 -2.500 -0.1572 0.9872 0.0251
-6.791 4.352 -2.850 -0.1545 0.9876 0.0261
-6.712 4.346 -2.500 -0.1572 0.9872 0.0268
-6.293 4.413 -2.500 -0.1572 0.9872 0.0251
-6.712 4.346 -2.500 -0.1572 0.9872 0.0268
-6.186 4.404 -2.000 -0.1612 0.9866 0.0259
-6.186 4.404 -2.000 -0.1612 0.9866 0.0259
-6.712 4.346 -2.500 -0.1572 0.9872 0.0268
-6.598 4.337 -2.000 -0.1612 0.9865 0.0277
-6.186 4.404 -2.000 -0.1612 0.9866 0.0259
-6.598 4.337 -2.000 -0.1612 0.9865 0.0277
-6.080 4.395 -1.500 -0.1653 0.9859 0.0268
-6.080 4.395 -1.500 -0.1653 0.9859 0.0268
-6.598 4.337 -2.000 -0.1612 0.9865 0.0277
-6.485 4.327 -1.500 -0.1653 0.9858 0.0285
-6.080 4.395 -1.500 -0.1653 0.9859 0.0268
-6.485 4.327 -1.500 -0.1653 0.9858 0.0285
-6.006 4.389 -1.150 -0.1684 0.9853 0.0274
-6.006 4.389 -1.150 -0.1684 0.9853 0.0274
-6.485 4.327 -1.500 -0.1653 0.9858 0.0285
-6.406 4.320 -1.150 -0.1684 0.9853 0.0293
-6.006 4.389 -1.150 -0.1684 0.9853 0.0274
-6.406 4.320 -1.150 -0.1684 0.9853 0.0293
-5.974 4.386 -1.000 -0.1697 0.9851 0.0278
-5.974 4.386 -1.000 -0.1697 0.9851 0.0278
-6.406 4.320 -1.150 -0.1684 0.9853 0.0293
-6.372 4.317 -1.000 -0.1697 0.9850 0.0297
-5.974 4.386 -1.000 -0.1697 0.9851 0.0278
-6.372 4.317 -1.000 -0.1697 0.9850 0.0297
-6.268 4.307 -0.542 -0.1739 0.9843 0.0302
-5.974 4.386 -1.000 -0.1697 0.9851 0.0278
-6.268 4.307 -0.542 -0.1739 0.9843 0.0302
-5.868 4.376 -0.500 -0.1744 0.9843 0.0282
-5.868 4.376 -0.500 -0.1744 0.9843 0.0282
-6.268 4.307 -0.542 -0.1739 0.9843 0.0302
-5.768 4.366 -0.017 -0.1790 0.9835 0.0277
-7.508 4.399 -6.000 -0.1340 0.9907 0.0217
-7.977 4.336 -6.000 -0.1340 0.9907 0.0230
-7.394 4.393 -5.500 -0.1369 0.9903 0.0222
-7.394 4.393 -5.500 -0.1369 0.9903 0.0222
-7.977 4.336 -6.000 -0.1340 0.9907 0.0230
-7.856 4.329 -5.500 -0.1369 0.9903 0.0236
-7.394 4.393 -5.500 -0.1369 0.9903 0.0222
-7.856 4.329 -5.500 -0.1369 0.9903 0.0236
-7.280 4.386 -5.000 -0.1399 0.9899 0.0229
-7.280 4.386 -5.000 -0.1399 0.9899 0.0229
-7.856 4.329 -5.500 -0.1369 0.9903 0.0236
-7.735 4.322 -5.000 -0.1399 0.9899 0.0244
-7.280 4.386 -5.000 -0.1399 0.9899 0.0229
-7.735 4.322 -5.000 -0.1399 0.9899 0.0244
-7.166 4.379 -4.500 -0.1431 0.9894 0.0236
-7.166 4.379 -4.500 -0.1431 0.9894 0.0236
-7.735 4.322 -5.000 -0.1399 0.9899 0.0244
-7.614 4.314 -4.500 -0.1431 0.9894 0.0251
-7.166 4.379 -4.500 -0.1431 0.9894 0.0236
-7.614 4.314 -4.500 -0.1431 0.9894 0.0251
-7.052 4.371 -4.000 -0.1464 0.9889 0.0243
-7.052 4.371 -4.000 -0.1464 0.9889 0.0243
-7.614 4.314 -4.500 -0.1431 0.9894 0.0251
-7.493 4.306 -4.000 -0.1464 0.9889 0.0258
-7.052 4.371 -4.000 -0.1464 0.9889 0.0243
-7.493 4.306 -4.000 -0.1464 0.9889 0.0258
-6.939 4.363 -3.500 -0.1498 0.9884 0.0250
-6.939 4.363 -3.500 -0.1498 0.9884 0.0250
-7.493 4.306 -4.000 -0.1464 0.9889 0.0258
-7.372 4.298 -3.500 -0.1498 0.9884 0.0266
-6.939 4.363 -3.500 -0.1498 0.9884 0.0250
-7.372 4.298 -3.500 -0.1498 0.9884 0.0266
-6.826 4.355 -3.000 -0.1534 0.9878 0.0259
-6.826 4.355 -3.000 -0.1534 0.9878 0.0259
-7.372 4.298 -3.500 -0.1498 0.9884 0.0266
-7.252 4.289 -3.000 -0.1534 0.9878 0.0275
-6.826 4.355 -3.000 -0.1534 0.9878 0.0259
-7.252 4.289 -3.000 -0.1534 0.9878 0.0275
-6.791 4.352 -2.850 -0.1545 0.9876 0.0261
-6.791 4.352 -2.850 -0.1545 0.9876 0.0261
-7.252 4.289 -3.000 -0.1534 0.9878 0.0275
-7.216 4.286 -2.850 -0.1545 0.9876 0.0278
-6.791 4.352 -2.850 -0.1545 0.9876 0.0261
-7.216 4.286 -2.850 -0.1545 0.9876 0.0278
-6.712 4.346 -2.500 -0.1572 0.9872 0.0268
-6.712 4.346 -2.500 -0.1572 0.9872 0.0268
-7.216 4.286 -2.850 -0.1545 0.9876 0.0278
-7.131 4.280 -2.500 -0.1572 0.9872 0.0284
-6.712 4.346 -2.500 -0.1572 0.9872 0.0268
-7.131 4.280 -2.500 -0.1572 0.9872 0.0284
-6.598 4.337 -2.000 -0.1612 0.9865 0.0277
-6.598 4.337 -2.000 -0.1612 0.9865 0.0277
-7.131 4.280 -2.500 -0.1572 0.9872 0.0284
-7.011 4.270 -2.000 -0.1612 0.9865 0.0294
-6.598 4.337 -2.000 -0.1612 0.9865 0.0277
-7.011 4.270 -2.000 -0.1612 0.9865 0.0294
-6.485 4.327 -1.500 -0.1653 0.9858 0.0285
-6.485 4.327 -1.500 -0.1653 0.9858 0.0285
-7.011 4.270 -2.000 -0.1612 0.9865 0.0294
-6.890 4.259 -1.500 -0.1653 0.9858 0.0303
-6.485 4.327 -1.500 -0.1653 0.9858 0.0285
-6.890 4.259 -1.500 -0.1653 0.9858 0.0303
-6.406 4.320 -1.150 -0.1684 0.9853 0.0293
-6.406 4.320 -1.150 -0.1684 0.9853 0.0293
-6.890 4.259 -1.500 -0.1653 0.9858 0.0303
-6.806 4.252 -1.150 -0.1684 0.9852 0.0311
-6.406 4.320 -1.150 -0.1684 0.9853 0.0293
-6.806 4.252 -1.150 -0.1684 0.9852 0.0311
-6.782 4.250 -1.052 -0.1692 0.9851 0.0314
-6.406 4.320 -1.150 -0.1684 0.9853 0.0293
-6.782 4.250 -1.052 -0.1692 0.9851 0.0314
-6.372 4.317 -1.000 -0.1697 0.9850 0.0297
-6.372 4.317 -1.000 -0.1697 0.9850 0.0297
-6.782 4.250 -1.052 -0.1692 0.9851 0.0314
-6.268 4.307 -0.542 -0.1739 0.9843 0.0302
-7.977 4.336 -6.000 -0.1340 0.9907 0.0230
-8.446 4.272 -6.000 -0.1340 0.9907 0.0244
-7.856 4.329 -5.500 -0.1369 0.9903 0.0236
-7.856 4.329 -5.500 -0.1369 0.9903 0.0236
-8.446 4.272 -6.000 -0.1340 0.9907 0.0244
-8.318 4.265 -5.500 -0.1369 0.9903 0.0250
-7.856 4.329 -5.500 -0.1369 0.9903 0.0236
-8.318 4.265 -5.500 -0.1369 0.9903 0.0250
-7.735 4.322 -5.000 -0.1399 0.9899 0.0244
-7.735 4.322 -5.000 -0.1399 0.9899 0.0244
-8.318 4.265 -5.500 -0.1369 0.9903 0.0250
-8.190 4.257 -5.000 -0.1399 0.9898 0.0258
-7.735 4.322 -5.000 -0.1399 0.9899 0.0244
-8.190 4.257 -5.000 -0.1399 0.9898 0.0258
-7.614 4.314 -4.500 -0.1431 0.9894 0.0251
-7.614 4.314 -4.500 -0.1431 0.9894 0.0251
-8.190 4.257 -5.000 -0.1399 0.9898 0.0258
-8.062 4.249 -4.500 -0.1431 0.9894 0.0265
-7.614 4.314 -4.500 -0.1431 0.9894 0.0251
-8.062 4.249 -4.500 -0.1431 0.9894 0.0265
-7.493 4.306 -4.000 -0.1464 0.9889 0.0258
-7.493 4.306 -4.000 -0.1464 0.9889 0.0258
-8.062 4.249 -4.500 -0.1431 0.9894 0.0265
-7.934 4.241 -4.000 -0.1464 0.9889 0.0274
-7.493 4.306 -4.000 -0.1464 0.9889 0.0258
-7.934 4.241 -4.000 -0.1464 0.9889 0.0274
-7.372 4.298 -3.500 -0.1498 0.9884 0.0266
-7.372 4.298 -3.500 -0.1498 0.9884 0.0266
-7.934 4.241 -4.000 -0.1464 0.9889 0.0274
-7.806 4.232 -3.500 -0.1498 0.9883 0.0281
-7.372 4.298 -3.500 -0.1498 0.9884 0.0266
-7.806 4.232 -3.500 -0.1498 0.9883 0.0281
-7.252 4.289 -3.000 -0.1534 0.9878 0.0275
-7.252 4.289 -3.000 -0.1534 0.9878 0.0275
-7.806 4.232 -3.500 -0.1498 0.9883 0.0281
-7.678 4.223 -3.000 -0.1534 0.9877 0.0291
-7.252 4.289 -3.000 -0.1534 0.9878 0.0275
-7.678 4.223 -3.000 -0.1534 0.9877 0.0291
-7.216 4.286 -2.850 -0.1545 0.9876 0.0278
-7.216 4.286 -2.850 -0.1545 0.9876 0.0278
-7.678 4.223 -3.000 -0.1534 0.9877 0.0291
-7.640 4.220 -2.850 -0.1591 0.9867 0.0329
-7.216 4.286 -2.850 -0.1545 0.9876 0.0278
-7.640 4.220 -2.850 -0.1591 0.9867 0.0329
-7.131 4.280 -2.500 -0.1572 0.9872 0.0284
-7.131 4.280 -2.500 -0.1572 0.9872 0.0284
-7.640 4.220 -2.850 -0.1591 0.9867 0.0329
-7.550 4.210 -2.500 -0.2118 0.9764 0.0421
-7.131 4.280 -2.500 -0.1572 0.9872 0.0284
-7.550 4.210 -2.500 -0.2118 0.9764 0.0421
-7.011 4.270 -2.000 -0.1612 0.9865 0.0294
-7.011 4.270 -2.000 -0.1612 0.9865 0.0294
-7.550 4.210 -2.500 -0.2118 0.9764 0.0421
-7.421 4.194 -2.000 -0.2158 0.9755 0.0432
-7.011 4.270 -2.000 -0.1612 0.9865 0.0294
-7.421 4.194 -2.000 -0.2158 0.9755 0.0432
-7.331 4.181 -1.652 -0.3258 0.9430 0.0675
-7.011 4.270 -2.000 -0.1612 0.9865 0.0294
-7.331 4.181 -1.652 -0.3258 0.9430 0.0675
-6.890 4.259 -1.500 -0.1653 0.9858 0.0303
-6.890 4.259 -1.500 -0.1653 0.9858 0.0303
-7.331 4.181 -1.652 -0.3258 0.9430 0.0675
-6.806 4.252 -1.150 -0.1684 0.9852 0.0311
-6.806 4.252 -1.150 -0.1684 0.9852 0.0311
-7.331 4.181 -1.652 -0.3258 0.9430 0.0675
-6.782 4.250 -1.052 -0.1692 0.9851 0.0314
-8.446 4.272 -6.000 -0.1340 0.9907 0.0244
-8.915 4.209 -6.000 -0.1340 0.9906 0.0257
-8.318 4.265 -5.500 -0.1369 0.9903 0.0250
-8.318 4.265 -5.500 -0.1369 0.9903 0.0250
-8.915 4.209 -6.000 -0.1340 0.9906 0.0257
-8.779 4.201 -5.500 -0.1369 0.9902 0.0264
-8.318 4.265 -5.500 -0.1369 0.9903 0.0250
-8.779 4.201 -5.500 -0.1369 0.9902 0.0264
-8.190 4.257 -5.000 -0.1399 0.9898 0.0258
-8.190 4.257 -5.000 -0.1399 0.9898 0.0258
-8.779 4.201 -5.500 -0.1369 0.9902 0.0264
-8.644 4.190 -5.000 -0.1938 0.9803 0.0391
-8.190 4.257 -5.000 -0.1399 0.9898 0.0258
-8.644 4.190 -5.000 -0.1938 0.9803 0.0391
-8.062 4.249 -4.500 -0.1431 0.9894 0.0265
-8.062 4.249 -4.500 -0.1431 0.9894 0.0265
-8.644 4.190 -5.000 -0.1938 0.9803 0.0391
-8.508 4.177 -4.500 -0.1971 0.9796 0.0400
-8.062 4.249 -4.500 -0.1431 0.9894 0.0265
-8.508 4.177 -4.500 -0.1971 0.9796 0.0400
-7.934 4.241 -4.000 -0.1464 0.9889 0.0274
-7.934 4.241 -4.000 -0.1464 0.9889 0.0274
-8.508 4.177 -4.500 -0.1971 0.9796 0.0400
-8.371 4.160 -4.000 -0.3067 0.9496 0.0643
-7.934 4.241 -4.000 -0.1464 0.9889 0.0274
-8.371 4.160 -4.000 -0.3067 0.9496 0.0643
-7.806 4.232 -3.500 -0.1498 0.9883 0.0281
-7.806 4.232 -3.500 -0.1498 0.9883 0.0281
-8.371 4.160 -4.000 -0.3067 0.9496 0.0643
-8.233 4.137 -3.500 -0.3105 0.9483 0.0651
-7.806 4.232 -3.500 -0.1498 0.9883 0.0281
-8.233 4.137 -3.500 -0.3105 0.9483 0.0651
-7.678 4.223 -3.000 -0.1534 0.9877 0.0291
-7.678 4.223 -3.000 -0.1534 0.9877 0.0291
-8.233 4.137 -3.500 -0.3105 0.9483 0.0651
-8.094 4.111 -3.000 -0.4167 0.9047 0.0888
-7.678 4.223 -3.000 -0.1534 0.9877 0.0291
-8.094 4.111 -3.000 -0.4167 0.9047 0.0888
-7.640 4.220 -2.850 -0.1591 0.9867 0.0329
-7.640 4.220 -2.850 -0.1591 0.9867 0.0329
-8.094 4.111 -3.000 -0.4167 0.9047 0.0888
-8.051 4.102 -2.850 -0.4179 0.9041 0.0891
-7.640 4.220 -2.850 -0.1591 0.9867 0.0329
-8.051 4.102 -2.850 -0.4179 0.9041 0.0891
-8.024 4.095 -2.752 -0.4187 0.9037 0.0894
-7.640 4.220 -2.850 -0.1591 0.9867 0.0329
-8.024 4.095 -2.752 -0.4187 0.9037 0.0894
-7.550 4.210 -2.500 -0.2118 0.9764 0.0421
-7.550 4.210 -2.500 -0.2118 0.9764 0.0421
-8.024 4.095 -2.752 -0.4187 0.9037 0.0894
-7.421 4.194 -2.000 -0.2158 0.9755 0.0432
-7.421 4.194 -2.000 -0.2158 0.9755 0.0432
-8.024 4.095 -2.752 -0.4187 0.9037 0.0894
-7.331 4.181 -1.652 -0.3258 0.9430 0.0675
-8.915 4.209 -6.000 -0.1340 0.9906 0.0257
-9.376 4.109 -6.000 -0.2927 0.9541 0.0635
-8.779 4.201 -5.500 -0.1369 0.9902 0.0264
-8.779 4.201 -5.500 -0.1369 0.9902 0.0264
-9.376 4.109 -6.000 -0.2927 0.9541 0.0635
-9.229 4.082 -5.500 -0.3974 0.9137 0.0852
-8.779 4.201 -5.500 -0.1369 0.9902 0.0264
-9.229 4.082 -5.500 -0.3974 0.9137 0.0852
-8.644 4.190 -5.000 -0.1938 0.9803 0.0391
-8.644 4.190 -5.000 -0.1938 0.9803 0.0391
-9.229 4.082 -5.500 -0.3974 0.9137 0.0852
-9.081 4.053 -5.000 -0.4011 0.9120 0.0865
-8.644 4.190 -5.000 -0.1938 0.9803 0.0391
-9.081 4.053 -5.000 -0.4011 0.9120 0.0865
-8.508 4.177 -4.500 -0.1971 0.9796 0.0400
-8.508 4.177 -4.500 -0.1971 0.9796 0.0400
-9.081 4.053 -5.000 -0.4011 0.9120 0.0865
-8.931 4.020 -4.500 -0.5012 0.8585 0.1087
-8.508 4.177 -4.500 -0.1971 0.9796 0.0400
-8.931 4.020 -4.500 -0.5012 0.8585 0.1087
-8.371 4.160 -4.000 -0.3067 0.9496 0.0643
-8.371 4.160 -4.000 -0.3067 0.9496 0.0643
-8.931 4.020 -4.500 -0.5012 0.8585 0.1087
-8.778 3.983 -4.000 -0.5051 0.8561 0.1098
-8.371 4.160 -4.000 -0.3067 0.9496 0.0643
-8.778 3.983 -4.000 -0.5051 0.8561 0.1098
-8.728 3.970 -3.836 -0.5064 0.8553 0.1101
-8.371 4.160 -4.000 -0.3067 0.9496 0.0643
-8.728 3.970 -3.836 -0.5064 0.8553 0.1101
-8.233 4.137 -3.500 -0.3105 0.9483 0.0651
-8.233 4.137 -3.500 -0.3105 0.9483 0.0651
-8.728 3.970 -3.836 -0.5064 0.8553 0.1101
-8.094 4.111 -3.000 -0.4167 0.9047 0.0888
-8.094 4.111 -3.000 -0.4167 0.9047 0.0888
-8.728 3.970 -3.836 -0.5064 0.8553 0.1101
-8.051 4.102 -2.850 -0.4179 0.9041 0.0891
-8.051 4.102 -2.850 -0.4179 0.9041 0.0891
-8.728 3.970 -3.836 -0.5064 0.8553 0.1101
-8.024 4.095 -2.752 -0.4187 0.9037 0.0894
-9.376 4.109 -6.000 -0.2927 0.9541 0.0635
-9.794 3.889 -6.000 -0.5795 0.8050 0.1272
-9.229 4.082 -5.500 -0.3974 0.9137 0.0852
-9.229 4.082 -5.500 -0.3974 0.9137 0.0852
-9.794 3.889 -6.000 -0.5795 0.8050 0.1272
-9.630 3.848 -5.500 -0.5832 0.8022 0.1278
-9.229 4.082 -5.500 -0.3974 0.9137 0.0852
-9.630 3.848 -5.500 -0.5832 0.8022 0.1278
-9.558 3.830 -5.279 -0.6291 0.7643 0.1414
-9.229 4.082 -5.500 -0.3974 0.9137 0.0852
-9.558 3.830 -5.279 -0.6291 0.7643 0.1414
-9.081 4.053 -5.000 -0.4011 0.9120 0.0865
-9.081 4.053 -5.000 -0.4011 0.9120 0.0865
-9.558 3.830 -5.279 -0.6291 0.7643 0.1414
-8.931 4.020 -4.500 -0.5012 0.8585 0.1087
-8.931 4.020 -4.500 -0.5012 0.8585 0.1087
-9.558 3.830 -5.279 -0.6291 0.7643 0.1414
-8.778 3.983 -4.000 -0.5051 0.8561 0.1098
-8.778 3.983 -4.000 -0.5051 0.8561 0.1098
-9.558 3.830 -5.279 -0.6291 0.7643 0.1414
-8.728 3.970 -3.836 -0.5064 0.8553 0.1101
-9.794 3.889 -6.000 -0.5795 0.8050 0.1272
-10.137 3.565 -6.000 -0.7837 0.5959 0.1756
-9.630 3.848 -5.500 -0.5832 0.8022 0.1278
-13.223 -4.862 -6.000 -0.9615 -0.0433 0.2712
-13.185 -5.066 -6.000 -0.9220 -0.2861 0.2609
-12.918 -5.017 -5.500 -0.9310 -0.2548 0.2612
-13.223 -4.862 -6.000 -0.9615 -0.0433 0.2712
-12.918 -5.017 -5.500 -0.9310 -0.2548 0.2612
-12.695 -4.975 -5.086 -0.9515 -0.1517 0.2677
-13.223 -4.862 -6.000 -0.9615 -0.0433 0.2712
-12.695 -4.975 -5.086 -0.9515 -0.1517 0.2677
-13.223 -4.862 -6.000 -0.9615 -0.0433 0.2712
-13.185 -5.066 -6.000 -0.9220 -0.2861 0.2609
-12.989 -5.384 -6.000 -0.7030 -0.6835 0.1965
-12.918 -5.017 -5.500 -0.9310 -0.2548 0.2612
-12.918 -5.017 -5.500 -0.9310 -0.2548 0.2612
-12.989 -5.384 -6.000 -0.7030 -0.6835 0.1965
-12.747 -5.342 -5.500 -0.7420 -0.6377 0.2069
-12.918 -5.017 -5.500 -0.9310 -0.2548 0.2612
-12.747 -5.342 -5.500 -0.7420 -0.6377 0.2069
-12.695 -4.975 -5.086 -0.9515 -0.1517 0.2677
-12.695 -4.975 -5.086 -0.9515 -0.1517 0.2677
-12.747 -5.342 -5.500 -0.7420 -0.6377 0.2069
-12.504 -5.299 -5.000 -0.7883 -0.5736 0.2229
-12.695 -4.975 -5.086 -0.9515 -0.1517 0.2677
-12.504 -5.299 -5.000 -0.7883 -0.5736 0.2229
-12.255 -5.252 -4.500 -0.8132 -0.5354 0.2282
-12.695 -4.975 -5.086 -0.9515 -0.1517 0.2677
-12.255 -5.252 -4.500 -0.8132 -0.5354 0.2282
-12.208 -5.244 -4.407 -0.8140 -0.5340 0.2286
-12.695 -4.975 -5.086 -0.9515 -0.1517 0.2677
-12.208 -5.244 -4.407 -0.8140 -0.5340 0.2286
-12.648 -4.967 -5.000 -0.9518 -0.1490 0.2683
0 1 2
3 4 5
6 7 8
9 10 11
12 13 14
15 16 17
18 19 20
21 22 23
24 25 26
27 28 29
30 31 32
33 34 35
36 37 38
39 40 41
42 43 44
45 46 47
48 49 50
51 52 53
54 55 56
57 58 59
60 61 62
63 64 65
66 67 68
69 70 71
72 73 74
75 76 77
78 79 80
81 82 83
84 85 86
87 88 89
90 91 92
93 94 95
96 97 98
99 100 101
102 103 104
105 106 107
108 109 110
111 112 113
114 115 116
117 118 119
120 121 122
123 124 125
126 127 128
129 130 131
132 133 134
135 136 137
138 139 140
141 142 143
144 145 146
147 148 149
150 151 152
153 154 155
156 157 158
159 160 161
162 163 164
165 166 167
168 169 170
171 172 173
174 175 176
177 178 179
180 181 182
183 184 185
186 187 188
189 190 191
192 193 194
195 196 197
198 199 200
201 202 203
204 205 206
207 208 209
210 211 212
213 214 215
216 217 218
219 220 221
222 223 224
225 226 227
228 229 230
231 232 233
234 235 236
237 238 239
240 241 242
243 244 245
246 247 248
249 250 251
252 253 254
255 256 257
258 259 260
261 262 263
264 265 266
267 268 269
270 271 272
273 274 275
276 277 278
279 280 281
282 283 284
285 286 287
288 289 290
291 292 293
294 295 296
297 298 299
300 301 302
303 304 305
306 307 308
309 310 311
312 313 314
315 316 317
318 319 320
321 322 323
324 325 326
327 328 329
330 331 332
333 334 335
336 337 338
339 340 341
342 343 344
345 346 347
348 349 350
351 352 353
354 355 356
357 358 359
360 361 362
363 364 365
366 367 368
369 370 371
372 373 374
375 376 377
378 379 380
381 382 383
384 385 386
387 388 389
390 391 392
393 394 395
396 397 398
399 400 401
402 403 404
405 406 407
408 409 410
411 412 413
414 415 416
417 418 419
420 421 422
423 424 425
426 427 428
429 430 431
432 433 434
435 436 437
438 439 440
441 442 443
444 445 446
447 448 449
450 451 452
453 454 455
456 457 458
459 460 461
462 463 464
465 466 467
468 469 470
471 472 473
474 475 476
477 478 479
480 481 482
483 484 485
486 487 488
489 490 491
492 493 494
495 496 497
498 499 500
501 502 503
504 505 506
507 508 509
510 511 512
513 514 515
516 517 518
519 520 521
522 523 524
525 526 527
528 529 530
531 532 533
534 535 536
537 538 539
540 541 542
543 544 545
546 547 548
549 550 551
552 553 554
555 556 557
558 559 560
561 562 563
564 565 566
567 568 569
570 571 572
573 574 575
576 577 578
579 580 581
582 583 584
585 586 587
588 589 590
591 592 593
594 595 596
597 598 599
600 601 602
603 604 605
606 607 608
609 610 611
612 613 614
615 616 617
618 619 620
621 622 623
624 625 626
627 628 629
630 631 632
633 634 635
636 637 638
639 640 641
642 643 644
645 646 647
648 649 650
651 652 653
654 655 656
657 658 659
660 661 662
663 664 665
666 667 668
669 670 671
672 673 674
675 676 677
678 679 680
681 682 683
684 685 686
687 688 689
690 691 692
693 694 695
696 697 698
699 700 701
702 703 704
705 706 707
708 709 710
711 712 713
714 715 716
717 718 719
720 721 722
723 724 725
726 727 728
729 730 731
732 733 734
735 736 737
738 739 740
741 742 743
744 745 746
747 748 749
750 751 752
753 754 755
756 757 758
759 760 761
762 763 764
765 766 767
768 769 770
771 772 773
774 775 776
777 778 779
780 781 782
783 784 785
786 787 788
789 790 791
792 793 794
795 796 797
798 799 800
801 802 803
804 805 806
807 808 809
810 811 812
813 814 815
816 817 818
819 820 821
822 823 824
825 826 827
828 829 830
831 832 833
834 835 836
837 838 839
840 841 842
843 844 845
846 847 848
849 850 851
852 853 854
855 856 857
858 859 860
861 862 863
864 865 866
867 868 869
870 871 872
873 874 875
876 877 878
879 880 881
882 883 884
885 886 887
888 889 890
891 892 893
894 895 896
897 898 899
900 901 902
903 904 905
906 907 908
909 910 911
912 913 914
915 916 917
918 919 920
921 922 923
924 925 926
927 928 929
930 931 932
933 934 935
936 937 938
939 940 941
942 943 944
945 946 947
948 949 950
951 952 953
954 955 956
957 958 959
960 961 962
963 964 965
966 967 968
969 970 971
972 973 974
975 976 977
978 979 980
981 982 983
984 985 986
987 988 989
990 991 992
993 994 995
996 997 998
999 1000 1001
1002 1003 1004
1005 1006 1007
1008 1009 1010
1011 1012 1013
1014 1015 1016
1017 1018 1019
1020 1021 1022
1023 1024 1025
1026 1027 1028
1029 1030 1031
1032 1033 1034
1035 1036 1037
1038 1039 1040
1041 1042 1043
1044 1045 1046
1047 1048 1049
1050 1051 1052
1053 1054 1055
1056 1057 1058
1059 1060 1061
1062 1063 1064
1065 1066 1067
1068 1069 1070
1071 1072 1073
1074 1075 1076
1077 1078 1079
1080 1081 1082
1083 1084 1085
1086 1087 1088
1089 1090 1091
1092 1093 1094
1095 1096 1097
1098 1099 1100
1101 1102 1103
1104 1105 1106
1107 1108 1109
1110 1111 1112
1113 1114 1115
1116 1117 1118
1119 1120 1121
1122 1123 1124
1125 1126 1127
1128 1129 1130
1131 1132 1133
1134 1135 1136
1137 1138 1139
1140 1141 1142
1143 1144 1145
1146 1147 1148
1149 1150 1151
1152 1153 1154
1155 1156 1157
1158 1159 1160
1161 1162 1163
1164 1165 1166
1167 1168 1169
1170 1171 1172
1173 1174 1175
1176 1177 1178
1179 1180 1181
1182 1183 1184
1185 1186 1187
1188 1189 1190
1191 1192 1193
1194 1195 1196
1197 1198 1199
1200 1201 1202
1203 1204 1205
1206 1207 1208
1209 1210 1211
1212 1213 1214
1215 1216 1217
1218 1219 1220
1221 1222 1223
1224 1225 1226
1227 1228 1229
1230 1231 1232
1233 1234 1235
1236 1237 1238
1239 1240 1241
1242 1243 1244
1245 1246 1247
1248 1249 1250
1251 1252 1253
1254 1255 1256
1257 1258 1259
1260 1261 1262
1263 1264 1265
1266 1267 1268
1269 1270 1271
1272 1273 1274
1275 1276 1277
1278 1279 1280
1281 1282 1283
1284 1285 1286
1287 1288 1289
1290 1291 1292
1293 1294 1295
1296 1297 1298
1299 1300 1301
1302 1303 1304
1305 1306 1307
1308 1309 1310
1311 1312 1313
1314 1315 1316
1317 1318 1319
1320 1321 1322
1323 1324 1325
1326 1327 1328
1329 1330 1331
1332 1333 1334
1335 1336 1337
1338 1339 1340
1341 1342 1343
1344 1345 1346
1347 1348 1349
1350 1351 1352
1353 1354 1355
1356 1357 1358
1359 1360 1361
1362 1363 1364
1365 1366 1367
1368 1369 1370
1371 1372 1373
1374 1375 1376
1377 1378 1379
1380 1381 1382
1383 1384 1385
1386 1387 1388
1389 1390 1391
1392 1393 1394
1395 1396 1397
1398 1399 1400
1401 1402 1403
1404 1405 1406
1407 1408 1409
1410 1411 1412
1413 1414 1415
1416 1417 1418
1419 1420 1421
1422 1423 1424
1425 1426 1427
1428 1429 1430
1431 1432 1433
1434 1435 1436
1437 1438 1439
1440 1441 1442
1443 1444 1445
1446 1447 1448
1449 1450 1451
1452 1453 1454
1455 1456 1457
1458 1459 1460
1461 1462 1463
1464 1465 1466
1467 1468 1469
1470 1471 1472
1473 1474 1475
1476 1477 1478
1479 1480 1481
1482 1483 1484
1485 1486 1487
1488 1489 1490
1491 1492 1493
1494 1495 1496
1497 1498 1499
1500 1501 1502
1503 1504 1505
1506 1507 1508
1509 1510 1511
1512 1513 1514
1515 1516 1517
1518 1519 1520
1521 1522 1523
1524 1525 1526
1527 1528 1529
1530 1531 1532
1533 1534 1535
1536 1537 1538
1539 1540 1541
1542 1543 1544
1545 1546 1547
1548 1549 1550
1551 1552 1553
1554 1555 1556
1557 1558 1559
1560 1561 1562
1563 1564 1565
1566 1567 1568
1569 1570 1571
1572 1573 1574
1575 1576 1577
1578 1579 1580
1581 1582 1583
1584 1585 1586
1587 1588 1589
1590 1591 1592
1593 1594 1595
1596 1597 1598
1599 1600 1601
1602 1603 1604
1605 1606 1607
1608 1609 1610
1611 1612 1613
1614 1615 1616
1617 1618 1619
1620 1621 1622
1623 1624 1625
1626 1627 1628
1629 1630 1631
1632 1633 1634
1635 1636 1637
1638 1639 1640
1641 1642 1643
1644 1645 1646
1647 1648 1649
1650 1651 1652
1653 1654 1655
1656 1657 1658
1659 1660 1661
1662 1663 1664
1665 1666 1667
1668 1669 1670
1671 1672 1673
1674 1675 1676
1677 1678 1679
1680 1681 1682
1683 1684 1685
1686 1687 1688
1689 1690 1691
1692 1693 1694
1695 1696 1697
1698 1699 1700
1701 1702 1703
1704 1705 1706
1707 1708 1709
1710 1711 1712
1713 1714 1715
1716 1717 1718
1719 1720 1721
1722 1723 1724
1725 1726 1727
1728 1729 1730
1731 1732 1733
1734 1735 1736
1737 1738 1739
1740 1741 1742
1743 1744 1745
1746 1747 1748
1749 1750 1751
1752 1753 1754
1755 1756 1757
1758 1759 1760
1761 1762 1763
1764 1765 1766
1767 1768 1769
1770 1771 1772
1773 1774 1775
1776 1777 1778
1779 1780 1781
1782 1783 1784
1785 1786 1787
1788 1789 1790
1791 1792 1793
1794 1795 1796
1797 1798 1799
1800 1801 1802
1803 1804 1805
1806 1807 1808
1809 1810 1811
1812 1813 1814
1815 1816 1817
1818 1819 1820
1821 1822 1823
1824 1825 1826
1827 1828 1829
1830 1831 1832
1833 1834 1835
1836 1837 1838
1839 1840 1841
1842 1843 1844
1845 1846 1847
1848 1849 1850
1851 1852 1853
1854 1855 1856
1857 1858 1859
1860 1861 1862
1863 1864 1865
1866 1867 1868
1869 1870 1871
1872 1873 1874
1875 1876 1877
1878 1879 1880
1881 1882 1883
1884 1885 1886
1887 1888 1889
1890 1891 1892
1893 1894 1895
1896 1897 1898
1899 1900 1901
1902 1903 1904
1905 1906 1907
1908 1909 1910
1911 1912 1913
1914 1915 1916
1917 1918 1919
1920 1921 1922
1923 1924 1925
1926 1927 1928
1929 1930 1931
1932 1933 1934
1935 1936 1937
1938 1939 1940
1941 1942 1943
1944 1945 1946
1947 1948 1949
1950 1951 1952
1953 1954 1955
1956 1957 1958
1959 1960 1961
1962 1963 1964
1965 1966 1967
1968 1969 1970
1971 1972 1973
1974 1975 1976
1977 1978 1979
1980 1981 1982
1983 1984 1985
1986 1987 1988
1989 1990 1991
1992 1993 1994
1995 1996 1997
1998 1999 2000
2001 2002 2003
2004 2005 2006
2007 2008 2009
2010 2011 2012
2013 2014 2015
2016 2017 2018
2019 2020 2021
2022 2023 2024
2025 2026 2027
2028 2029 2030
2031 2032 2033
2034 2035 2036
2037 2038 2039
2040 2041 2042
2043 2044 2045
2046 2047 2048
2049 2050 2051
2052 2053 2054
2055 2056 2057
2058 2059 2060
2061 2062 2063
2064 2065 2066
2067 2068 2069
2070 2071 2072
2073 2074 2075
2076 2077 2078
2079 2080 2081
2082 2083 2084
2085 2086 2087
2088 2089 2090
2091 2092 2093
2094 2095 2096
2097 2098 2099
2100 2101 2102
2103 2104 2105
2106 2107 2108
2109 2110 2111
2112 2113 2114
2115 2116 2117
2118 2119 2120
2121 2122 2123
2124 2125 2126
2127 2128 2129
2130 2131 2132
2133 2134 2135
2136 2137 2138
2139 2140 2141
2142 2143 2144
2145 2146 2147
2148 2149 2150
2151 2152 2153
2154 2155 2156
2157 2158 2159
2160 2161 2162
2163 2164 2165
2166 2167 2168
2169 2170 2171
2172 2173 2174
2175 2176 2177
2178 2179 2180
2181 2182 2183
2184 2185 2186
2187 2188 2189
2190 2191 2192
2193 2194 2195
2196 2197 2198
2199 2200 2201
2202 2203 2204
2205 2206 2207
2208 2209 2210
2211 2212 2213
2214 2215 2216
2217 2218 2219
2220 2221 2222
2223 2224 2225
2226 2227 2228
2229 2230 2231
2232 2233 2234
2235 2236 2237
2238 2239 2240
2241 2242 2243
2244 2245 2246
2247 2248 2249
2250 2251 2252
2253 2254 2255
2256 2257 2258
2259 2260 2261
2262 2263 2264
2265 2266 2267
2268 2269 2270
2271 2272 2273
2274 2275 2276
2277 2278 2279
2280 2281 2282
2283 2284 2285
2286 2287 2288
2289 2290 2291
2292 2293 2294
2295 2296 2297
2298 2299 2300
2301 2302 2303
2304 2305 2306
2307 2308 2309
2310 2311 2312
2313 2314 2315
2316 2317 2318
2319 2320 2321
2322 2323 2324
2325 2326 2327
2328 2329 2330
2331 2332 2333
2334 2335 2336
2337 2338 2339
2340 2341 2342
2343 2344 2345
2346 2347 2348
2349 2350 2351
2352 2353 2354
2355 2356 2357
2358 2359 2360
2361 2362 2363
2364 2365 2366
2367 2368 2369
2370 2371 2372
2373 2374 2375
2376 2377 2378
2379 2380 2381
2382 2383 2384
2385 2386 2387
2388 2389 2390
2391 2392 2393
2394 2395 2396
2397 2398 2399
2400 2401 2402
2403 2404 2405
2406 2407 2408
2409 2410 2411
2412 2413 2414
2415 2416 2417
2418 2419 2420
2421 2422 2423
2424 2425 2426
2427 2428 2429
2430 2431 2432
2433 2434 2435
2436 2437 2438
2439 2440 2441
2442 2443 2444
2445 2446 2447
2448 2449 2450
2451 2452 2453
2454 2455 2456
2457 2458 2459
2460 2461 2462
2463 2464 2465
2466 2467 2468
2469 2470 2471
2472 2473 2474
2475 2476 2477
2478 2479 2480
2481 2482 2483
2484 2485 2486
2487 2488 2489
2490 2491 2492
2493 2494 2495
2496 2497 2498
2499 2500 2501
2502 2503 2504
2505 2506 2507
2508 2509 2510
2511 2512 2513
2514 2515 2516
2517 2518 2519
2520 2521 2522
2523 2524 2525
2526 2527 2528
2529 2530 2531
2532 2533 2534
2535 2536 2537
2538 2539 2540
2541 2542 2543
2544 2545 2546
2547 2548 2549
2550 2551 2552
2553 2554 2555
2556 2557 2558
2559 2560 2561
2562 2563 2564
2565 2566 2567
2568 2569 2570
2571 2572 2573
2574 2575 2576
2577 2578 2579
2580 2581 2582
2583 2584 2585
2586 2587 2588
2589 2590 2591
2592 2593 2594
2595 2596 2597
2598 2599 2600
2601 2602 2603
2604 2605 2606
2607 2608 2609
2610 2611 2612
2613 2614 2615
2616 2617 2618
2619 2620 2621
2622 2623 2624
2625 2626 2627
2628 2629 2630
2631 2632 2633
2634 2635 2636
2637 2638 2639
2640 2641 2642
2643 2644 2645
2646 2647 2648
2649 2650 2651
2652 2653 2654
2655 2656 2657
2658 2659 2660
2661 2662 2663
2664 2665 2666
2667 2668 2669
2670 2671 2672
2673 2674 2675
2676 2677 2678
2679 2680 2681
2682 2683 2684
2685 2686 2687
2688 2689 2690
2691 2692 2693
2694 2695 2696
2697 2698 2699
2700 2701 2702
2703 2704 2705
2706 2707 2708
2709 2710 2711
2712 2713 2714
2715 2716 2717
2718 2719 2720
2721 2722 2723
2724 2725 2726
2727 2728 2729
2730 2731 2732
2733 2734 2735
2736 2737 2738
2739 2740 2741
2742 2743 2744
2745 2746 2747
2748 2749 2750
2751 2752 2753
2754 2755 2756
2757 2758 2759
2760 2761 2762
2763 2764 2765
2766 2767 2768
2769 2770 2771
2772 2773 2774
2775 2776 2777
2778 2779 2780
2781 2782 2783
2784 2785 2786
2787 2788 2789
2790 2791 2792
2793 2794 2795
2796 2797 2798
2799 2800 2801
2802 2803 2804
2805 2806 2807
2808 2809 2810
2811 2812 2813
2814 2815 2816
2817 2818 2819
2820 2821 2822
2823 2824 2825
2826 2827 2828
2829 2830 2831
2832 2833 2834
2835 2836 2837
2838 2839 2840
2841 2842 2843
2844 2845 2846
2847 2848 2849
2850 2851 2852
2853 2854 2855
2856 2857 2858
2859 2860 2861
2862 2863 2864
2865 2866 2867
2868 2869 2870
2871 2872 2873
2874 2875 2876
2877 2878 2879
2880 2881 2882
2883 2884 2885
2886 2887 2888
2889 2890 2891
2892 2893 2894
2895 2896 2897
2898 2899 2900
2901 2902 2903
2904 2905 2906
2907 2908 2909
2910 2911 2912
2913 2914 2915
2916 2917 2918
2919 2920 2921
2922 2923 2924
2925 2926 2927
2928 2929 2930
2931 2932 2933
2934 2935 2936
2937 2938 2939
2940 2941 2942
2943 2944 2945
2946 2947 2948
2949 2950 2951
2952 2953 2954
2955 2956 2957
2958 2959 2960
2961 2962 2963
2964 2965 2966
2967 2968 2969
2970 2971 2972
2973 2974 2975
2976 2977 2978
2979 2980 2981
2982 2983 2984
2985 2986 2987
2988 2989 2990
2991 2992 2993
2994 2995 2996
2997 2998 2999
3000 3001 3002
3003 3004 3005
3006 3007 3008
3009 3010 3011
3012 3013 3014
3015 3016 3017
3018 3019 3020
3021 3022 3023
3024 3025 3026
3027 3028 3029
3030 3031 3032
3033 3034 3035
3036 3037 3038
3039 3040 3041
3042 3043 3044
3045 3046 3047
3048 3049 3050
3051 3052 3053
3054 3055 3056
3057 3058 3059
3060 3061 3062
3063 3064 3065
3066 3067 3068
3069 3070 3071
3072 3073 3074
3075 3076 3077
3078 3079 3080
3081 3082 3083
3084 3085 3086
3087 3088 3089
3090 3091 3092
3093 3094 3095
3096 3097 3098
3099 3100 3101
3102 3103 3104
3105 3106 3107
3108 3109 3110
3111 3112 3113
3114 3115 3116
3117 3118 3119
3120 3121 3122
3123 3124 3125
3126 3127 3128
3129 3130 3131
3132 3133 3134
3135 3136 3137
3138 3139 3140
3141 3142 3143
3144 3145 3146
3147 3148 3149
3150 3151 3152
3153 3154 3155
3156 3157 3158
3159 3160 3161
3162 3163 3164
3165 3166 3167
3168 3169 3170
3171 3172 3173
3174 3175 3176
3177 3178 3179
3180 3181 3182
3183 3184 3185
3186 3187 3188
3189 3190 3191
3192 3193 3194
3195 3196 3197
3198 3199 3200
3201 3202 3203
3204 3205 3206
3207 3208 3209
3210 3211 3212
3213 3214 3215
3216 3217 3218
3219 3220 3221
3222 3223 3224
3225 3226 3227
3228 3229 3230
3231 3232 3233
3234 3235 3236
3237 3238 3239
3240 3241 3242
3243 3244 3245
3246 3247 3248
3249 3250 3251
3252 3253 3254
3255 3256 3257
3258 3259 3260
3261 3262 3263
3264 3265 3266
3267 3268 3269
3270 3271 3272
3273 3274 3275
3276 3277 3278
3279 3280 3281
3282 3283 3284
3285 3286 3287
3288 3289 3290
3291 3292 3293
3294 3295 3296
3297 3298 3299
3300 3301 3302
3303 3304 3305
3306 3307 3308
3309 3310 3311
3312 3313 3314
3315 3316 3317
3318 3319 3320
3321 3322 3323
3324 3325 3326
3327 3328 3329
3330 3331 3332
3333 3334 3335
3336 3337 3338
3339 3340 3341
3342 3343 3344
3345 3346 3347
3348 3349 3350
3351 3352 3353
3354 3355 3356
3357 3358 3359
3360 3361 3362
3363 3364 3365
3366 3367 3368
3369 3370 3371
3372 3373 3374
3375 3376 3377
3378 3379 3380
3381 3382 3383
3384 3385 3386
3387 3388 3389
3390 3391 3392
3393 3394 3395
3396 3397 3398
3399 3400 3401
3402 3403 3404
3405 3406 3407
3408 3409 3410
3411 3412 3413
3414 3415 3416
3417 3418 3419
3420 3421 3422
3423 3424 3425
3426 3427 3428
3429 3430 3431
3432 3433 3434
3435 3436 3437
3438 3439 3440
3441 3442 3443
3444 3445 3446
3447 3448 3449
3450 3451 3452
3453 3454 3455
3456 3457 3458
3459 3460 3461
3462 3463 3464
3465 3466 3467
3468 3469 3470
3471 3472 3473
3474 3475 3476
3477 3478 3479
3480 3481 3482
3483 3484 3485
3486 3487 3488
3489 3490 3491
3492 3493 3494
3495 3496 3497
3498 3499 3500
3501 3502 3503
3504 3505 3506
3507 3508 3509
3510 3511 3512
3513 3514 3515
3516 3517 3518
3519 3520 3521
3522 3523 3524
3525 3526 3527
3528 3529 3530
3531 3532 3533
3534 3535 3536
3537 3538 3539
3540 3541 3542
3543 3544 3545
3546 3547 3548
3549 3550 3551
3552 3553 3554
3555 3556 3557
3558 3559 3560
3561 3562 3563
3564 3565 3566
3567 3568 3569
3570 3571 3572
3573 3574 3575
3576 3577 3578
3579 3580 3581
3582 3583 3584
3585 3586 3587
3588 3589 3590
3591 3592 3593
3594 3595 3596
3597 3598 3599
3600 3601 3602
3603 3604 3605
3606 3607 3608
3609 3610 3611
3612 3613 3614
3615 3616 3617
3618 3619 3620
3621 3622 3623
3624 3625 3626
3627 3628 3629
3630 3631 3632
3633 3634 3635
3636 3637 3638
3639 3640 3641
3642 3643 3644
3645 3646 3647
3648 3649 3650
3651 3652 3653
3654 3655 3656
3657 3658 3659
3660 3661 3662
3663 3664 3665
3666 3667 3668
3669 3670 3671
3672 3673 3674
3675 3676 3677
3678 3679 3680
3681 3682 3683
3684 3685 3686
3687 3688 3689
3690 3691 3692
3693 3694 3695
3696 3697 3698
3699 3700 3701
3702 3703 3704
3705 3706 3707
3708 3709 3710
3711 3712 3713
3714 3715 3716
3717 3718 3719
3720 3721 3722
3723 3724 3725
3726 3727 3728
3729 3730 3731
3732 3733 3734
3735 3736 3737
3738 3739 3740
3741 3742 3743
3744 3745 3746
3747 3748 3749
3750 3751 3752
3753 3754 3755
3756 3757 3758
3759 3760 3761
3762 3763 3764
3765 3766 3767
3768 3769 3770
3771 3772 3773
3774 3775 3776
3777 3778 3779
3780 3781 3782
3783 3784 3785
3786 3787 3788
3789 3790 3791
3792 3793 3794
3795 3796 3797
3798 3799 3800
3801 3802 3803
3804 3805 3806
3807 3808 3809
3810 3811 3812
3813 3814 3815
3816 3817 3818
3819 3820 3821
3822 3823 3824
3825 3826 3827
3828 3829 3830
3831 3832 3833
3834 3835 3836
3837 3838 3839
3840 3841 3842
3843 3844 3845
3846 3847 3848
3849 3850 3851
3852 3853 3854
3855 3856 3857
3858 3859 3860
3861 3862 3863
3864 3865 3866
3867 3868 3869
3870 3871 3872
3873 3874 3875
3876 3877 3878
3879 3880 3881
3882 3883 3884
3885 3886 3887
3888 3889 3890
3891 3892 3893
3894 3895 3896
3897 3898 3899
3900 3901 3902
3903 3904 3905
3906 3907 3908
3909 3910 3911
3912 3913 3914
3915 3916 3917
3918 3919 3920
3921 3922 3923
3924 3925 3926
3927 3928 3929
3930 3931 3932
3933 3934 3935
3936 3937 3938
3939 3940 3941
3942 3943 3944
3945 3946 3947
3948 3949 3950
3951 3952 3953
3954 3955 3956
3957 3958 3959
3960 3961 3962
3963 3964 3965
3966 3967 3968
3969 3970 3971
3972 3973 3974
3975 3976 3977
3978 3979 3980
3981 3982 3983
3984 3985 3986
3987 3988 3989
3990 3991 3992
3993 3994 3995
3996 3997 3998
3999 4000 4001
4002 4003 4004
4005 4006 4007
4008 4009 4010
4011 4012 4013
4014 4015 4016
4017 4018 4019
4020 4021 4022
4023 4024 4025
4026 4027 4028
4029 4030 4031
4032 4033 4034
4035 4036 4037
4038 4039 4040
4041 4042 4043
4044 4045 4046
4047 4048 4049
4050 4051 4052
4053 4054 4055
4056 4057 4058
4059 4060 4061
4062 4063 4064
4065 4066 4067
4068 4069 4070
4071 4072 4073
4074 4075 4076
4077 4078 4079
4080 4081 4082
4083 4084 4085
4086 4087 4088
4089 4090 4091
4092 4093 4094
4095 4096 4097
4098 4099 4100
4101 4102 4103
4104 4105 4106
4107 4108 4109
4110 4111 4112
4113 4114 4115
4116 4117 4118
4119 4120 4121
4122 4123 4124
4125 4126 4127
4128 4129 4130
4131 4132 4133
4134 4135 4136
4137 4138 4139
4140 4141 4142
4143 4144 4145
4146 4147 4148
4149 4150 4151
4152 4153 4154
4155 4156 4157
4158 4159 4160
4161 4162 4163
4164 4165 4166
4167 4168 4169
4170 4171 4172
4173 4174 4175
4176 4177 4178
4179 4180 4181
4182 4183 4184
4185 4186 4187
4188 4189 4190
4191 4192 4193
4194 4195 4196
4197 4198 4199
4200 4201 4202
4203 4204 4205
4206 4207 4208
4209 4210 4211
4212 4213 4214
4215 4216 4217
4218 4219 4220
4221 4222 4223
4224 4225 4226
4227 4228 4229
4230 4231 4232
4233 4234 4235
4236 4237 4238
4239 4240 4241
4242 4243 4244
4245 4246 4247
4248 4249 4250
4251 4252 4253
4254 4255 4256
4257 4258 4259
4260 4261 4262
4263 4264 4265
4266 4267 4268
4269 4270 4271
4272 4273 4274
4275 4276 4277
4278 4279 4280
4281 4282 4283
4284 4285 4286
4287 4288 4289
4290 4291 4292
4293 4294 4295
4296 4297 4298
4299 4300 4301
4302 4303 4304
4305 4306 4307
4308 4309 4310
4311 4312 4313
4314 4315 4316
4317 4318 4319
4320 4321 4322
4323 4324 4325
4326 4327 4328
4329 4330 4331
4332 4333 4334
4335 4336 4337
4338 4339 4340
4341 4342 4343
4344 4345 4346
4347 4348 4349
4350 4351 4352
4353 4354 4355
4356 4357 4358
4359 4360 4361
4362 4363 4364
4365 4366 4367
4368 4369 4370
4371 4372 4373
4374 4375 4376
4377 4378 4379
4380 4381 4382
4383 4384 4385
4386 4387 4388
4389 4390 4391
4392 4393 4394
4395 4396 4397
4398 4399 4400
4401 4402 4403
4404 4405 4406
4407 4408 4409
4410 4411 4412
4413 4414 4415
4416 4417 4418
4419 4420 4421
4422 4423 4424
4425 4426 4427
4428 4429 4430
4431 4432 4433
4434 4435 4436
4437 4438 4439
4440 4441 4442
4443 4444 4445
4446 4447 4448
4449 4450 4451
4452 4453 4454
4455 4456 4457
4458 4459 4460
4461 4462 4463
4464 4465 4466
4467 4468 4469
4470 4471 4472
4473 4474 4475
4476 4477 4478
4479 4480 4481
4482 4483 4484
4485 4486 4487
4488 4489 4490
4491 4492 4493
4494 4495 4496
4497 4498 4499
4500 4501 4502
4503 4504 4505
4506 4507 4508
4509 4510 4511
4512 4513 4514
4515 4516 4517
4518 4519 4520
4521 4522 4523
4524 4525 4526
4527 4528 4529
4530 4531 4532
4533 4534 4535
4536 4537 4538
4539 4540 4541
4542 4543 4544
4545 4546 4547
4548 4549 4550
4551 4552 4553
4554 4555 4556
4557 4558 4559
4560 4561 4562
4563 4564 4565
4566 4567 4568
4569 4570 4571
4572 4573 4574
4575 4576 4577
4578 4579 4580
4581 4582 4583
4584 4585 4586
4587 4588 4589
4590 4591 4592
4593 4594 4595
4596 4597 4598
4599 4600 4601
4602 4603 4604
4605 4606 4607
4608 4609 4610
4611 4612 4613
4614 4615 4616
4617 4618 4619
4620 4621 4622
4623 4624 4625
4626 4627 4628
4629 4630 4631
4632 4633 4634
4635 4636 4637
4638 4639 4640
4641 4642 4643
4644 4645 4646
4647 4648 4649
4650 4651 4652
4653 4654 4655
4656 4657 4658
4659 4660 4661
4662 4663 4664
4665 4666 4667
4668 4669 4670
4671 4672 4673
4674 4675 4676
4677 4678 4679
4680 4681 4682
4683 4684 4685
4686 4687 4688
4689 4690 4691
4692 4693 4694
4695 4696 4697
4698 4699 4700
4701 4702 4703
4704 4705 4706
4707 4708 4709
4710 4711 4712
4713 4714 4715
4716 4717 4718
4719 4720 4721
4722 4723 4724
4725 4726 4727
4728 4729 4730
4731 4732 4733
4734 4735 4736
4737 4738 4739
4740 4741 4742
4743 4744 4745
4746 4747 4748
4749 4750 4751
4752 4753 4754
4755 4756 4757
4758 4759 4760
4761 4762 4763
4764 4765 4766
4767 4768 4769
4770 4771 4772
4773 4774 4775
4776 4777 4778
4779 4780 4781
4782 4783 4784
4785 4786 4787
4788 4789 4790
4791 4792 4793
4794 4795 4796
4797 4798 4799
4800 4801 4802
4803 4804 4805
4806 4807 4808
4809 4810 4811
4812 4813 4814
4815 4816 4817
4818 4819 4820
4821 4822 4823
4824 4825 4826
4827 4828 4829
4830 4831 4832
4833 4834 4835
4836 4837 4838
4839 4840 4841
4842 4843 4844
4845 4846 4847
4848 4849 4850
4851 4852 4853
4854 4855 4856
4857 4858 4859
4860 4861 4862
4863 4864 4865
4866 4867 4868
4869 4870 4871
4872 4873 4874
4875 4876 4877
4878 4879 4880
4881 4882 4883
4884 4885 4886
4887 4888 4889
4890 4891 4892
4893 4894 4895
4896 4897 4898
4899 4900 4901
4902 4903 4904
4905 4906 4907
4908 4909 4910
4911 4912 4913
4914 4915 4916
4917 4918 4919
4920 4921 4922
4923 4924 4925
4926 4927 4928
4929 4930 4931
4932 4933 4934
4935 4936 4937
4938 4939 4940
4941 4942 4943
4944 4945 4946
4947 4948 4949
4950 4951 4952
4953 4954 4955
4956 4957 4958
4959 4960 4961
4962 4963 4964
4965 4966 4967
4968 4969 4970
4971 4972 4973
4974 4975 4976
4977 4978 4979
4980 4981 4982
4983 4984 4985
4986 4987 4988
4989 4990 4991
4992 4993 4994
4995 4996 4997
4998 4999 5000
5001 5002 5003
5004 5005 5006
5007 5008 5009
5010 5011 5012
5013 5014 5015
5016 5017 5018
5019 5020 5021
5022 5023 5024
5025 5026 5027
5028 5029 5030
5031 5032 5033
5034 5035 5036
5037 5038 5039
5040 5041 5042
5043 5044 5045
5046 5047 5048
5049 5050 5051
5052 5053 5054
5055 5056 5057
5058 5059 5060
5061 5062 5063
5064 5065 5066
5067 5068 5069
5070 5071 5072
5073 5074 5075
5076 5077 5078
5079 5080 5081
5082 5083 5084
5085 5086 5087
5088 5089 5090
5091 5092 5093
5094 5095 5096
5097 5098 5099
5100 5101 5102
5103 5104 5105
5106 5107 5108
5109 5110 5111
5112 5113 5114
5115 5116 5117
5118 5119 5120
5121 5122 5123
5124 5125 5126
5127 5128 5129
5130 5131 5132
5133 5134 5135
5136 5137 5138
5139 5140 5141
5142 5143 5144
5145 5146 5147
5148 5149 5150
5151 5152 5153
5154 5155 5156
5157 5158 5159
5160 5161 5162
5163 5164 5165
5166 5167 5168
5169 5170 5171
5172 5173 5174
5175 5176 5177
5178 5179 5180
5181 5182 5183
5184 5185 5186
5187 5188 5189
5190 5191 5192
5193 5194 5195
5196 5197 5198
5199 5200 5201
5202 5203 5204
5205 5206 5207
5208 5209 5210
5211 5212 5213
5214 5215 5216
5217 5218 5219
5220 5221 5222
5223 5224 5225
5226 5227 5228
5229 5230 5231
5232 5233 5234
5235 5236 5237
5238 5239 5240
5241 5242 5243
5244 5245 5246
5247 5248 5249
5250 5251 5252
5253 5254 5255
5256 5257 5258
5259 5260 5261
5262 5263 5264
5265 5266 5267
5268 5269 5270
5271 5272 5273
5274 5275 5276
5277 5278 5279
5280 5281 5282
5283 5284 5285
5286 5287 5288
5289 5290 5291
5292 5293 5294
5295 5296 5297
5298 5299 5300
5301 5302 5303
5304 5305 5306
5307 5308 5309
LABEL airlock
MATERIAL 1
TEXTURE 0
GEOM 216 72 ;airlock
-9.586 1.213 -2.850 -0.9302 0.2924 0.2218
-9.685 0.896 -2.850 -0.9298 0.2922 0.2239
-9.426 1.189 -2.500 -0.9316 0.2877 0.2222
-9.426 1.189 -2.500 -0.9316 0.2877 0.2222
-9.685 0.896 -2.850 -0.9298 0.2922 0.2239
-9.523 0.875 -2.500 -0.9311 0.2876 0.2244
-9.426 1.189 -2.500 -0.9316 0.2877 0.2222
-9.523 0.875 -2.500 -0.9311 0.2876 0.2244
-9.198 1.155 -2.000 -0.9334 0.2810 0.2229
-9.198 1.155 -2.000 -0.9334 0.2810 0.2229
-9.523 0.875 -2.500 -0.9311 0.2876 0.2244
-9.291 0.846 -2.000 -0.9330 0.2809 0.2251
-9.198 1.155 -2.000 -0.9334 0.2810 0.2229
-9.291 0.846 -2.000 -0.9330 0.2809 0.2251
-8.970 1.121 -1.500 -0.9355 0.2743 0.2229
-8.970 1.121 -1.500 -0.9355 0.2743 0.2229
-9.291 0.846 -2.000 -0.9330 0.2809 0.2251
-9.059 0.816 -1.500 -0.9350 0.2742 0.2250
-8.970 1.121 -1.500 -0.9355 0.2743 0.2229
-9.059 0.816 -1.500 -0.9350 0.2742 0.2250
-8.810 1.097 -1.150 -0.9367 0.2696 0.2234
-8.810 1.097 -1.150 -0.9367 0.2696 0.2234
-9.059 0.816 -1.500 -0.9350 0.2742 0.2250
-8.897 0.795 -1.150 -0.9363 0.2694 0.2255
-9.685 0.896 -2.850 -0.9298 0.2922 0.2239
-9.690 0.883 -2.850 -0.9297 0.2922 0.2240
-9.523 0.875 -2.500 -0.9311 0.2876 0.2244
-9.523 0.875 -2.500 -0.9311 0.2876 0.2244
-9.690 0.883 -2.850 -0.9297 0.2922 0.2240
-9.527 0.862 -2.500 -0.9311 0.2876 0.2245
-9.523 0.875 -2.500 -0.9311 0.2876 0.2244
-9.527 0.862 -2.500 -0.9311 0.2876 0.2245
-9.291 0.846 -2.000 -0.9330 0.2809 0.2251
-9.291 0.846 -2.000 -0.9330 0.2809 0.2251
-9.527 0.862 -2.500 -0.9311 0.2876 0.2245
-9.295 0.832 -2.000 -0.9330 0.2809 0.2252
-9.291 0.846 -2.000 -0.9330 0.2809 0.2251
-9.295 0.832 -2.000 -0.9330 0.2809 0.2252
-9.059 0.816 -1.500 -0.9350 0.2742 0.2250
-9.059 0.816 -1.500 -0.9350 0.2742 0.2250
-9.295 0.832 -2.000 -0.9330 0.2809 0.2252
-9.063 0.803 -1.500 -0.9350 0.2742 0.2251
-9.059 0.816 -1.500 -0.9350 0.2742 0.2250
-9.063 0.803 -1.500 -0.9350 0.2742 0.2251
-8.897 0.795 -1.150 -0.9363 0.2694 0.2255
-8.897 0.795 -1.150 -0.9363 0.2694 0.2255
-9.063 0.803 -1.500 -0.9350 0.2742 0.2251
-8.900 0.782 -1.150 -0.9362 0.2694 0.2255
-9.690 0.883 -2.850 -0.9297 0.2922 0.2240
-9.727 0.763 -2.850 -0.9296 0.2922 0.2249
-9.527 0.862 -2.500 -0.9311 0.2876 0.2245
-9.527 0.862 -2.500 -0.9311 0.2876 0.2245
-9.727 0.763 -2.850 -0.9296 0.2922 0.2249
-9.564 0.744 -2.500 -0.9309 0.2875 0.2253
-9.527 0.862 -2.500 -0.9311 0.2876 0.2245
-9.564 0.744 -2.500 -0.9309 0.2875 0.2253
-9.295 0.832 -2.000 -0.9330 0.2809 0.2252
-9.295 0.832 -2.000 -0.9330 0.2809 0.2252
-9.564 0.744 -2.500 -0.9309 0.2875 0.2253
-9.330 0.716 -2.000 -0.9328 0.2808 0.2260
-9.295 0.832 -2.000 -0.9330 0.2809 0.2252
-9.330 0.716 -2.000 -0.9328 0.2808 0.2260
-9.063 0.803 -1.500 -0.9350 0.2742 0.2251
-9.063 0.803 -1.500 -0.9350 0.2742 0.2251
-9.330 0.716 -2.000 -0.9328 0.2808 0.2260
-9.096 0.688 -1.500 -0.9348 0.2741 0.2259
-9.063 0.803 -1.500 -0.9350 0.2742 0.2251
-9.096 0.688 -1.500 -0.9348 0.2741 0.2259
-8.900 0.782 -1.150 -0.9362 0.2694 0.2255
-8.900 0.782 -1.150 -0.9362 0.2694 0.2255
-9.096 0.688 -1.500 -0.9348 0.2741 0.2259
-8.933 0.668 -1.150 -0.9361 0.2694 0.2263
-9.727 0.763 -2.850 -0.9296 0.2922 0.2249
-9.845 0.389 -2.850 -0.9290 0.2920 0.2274
-9.564 0.744 -2.500 -0.9309 0.2875 0.2253
-9.564 0.744 -2.500 -0.9309 0.2875 0.2253
-9.845 0.389 -2.850 -0.9290 0.2920 0.2274
-9.678 0.373 -2.500 -0.9303 0.2873 0.2279
-9.564 0.744 -2.500 -0.9309 0.2875 0.2253
-9.678 0.373 -2.500 -0.9303 0.2873 0.2279
-9.330 0.716 -2.000 -0.9328 0.2808 0.2260
-9.330 0.716 -2.000 -0.9328 0.2808 0.2260
-9.678 0.373 -2.500 -0.9303 0.2873 0.2279
-9.440 0.351 -2.000 -0.9322 0.2806 0.2285
-9.330 0.716 -2.000 -0.9328 0.2808 0.2260
-9.440 0.351 -2.000 -0.9322 0.2806 0.2285
-9.096 0.688 -1.500 -0.9348 0.2741 0.2259
-9.096 0.688 -1.500 -0.9348 0.2741 0.2259
-9.440 0.351 -2.000 -0.9322 0.2806 0.2285
-9.202 0.328 -1.500 -0.9342 0.2739 0.2284
-9.096 0.688 -1.500 -0.9348 0.2741 0.2259
-9.202 0.328 -1.500 -0.9342 0.2739 0.2284
-8.933 0.668 -1.150 -0.9361 0.2694 0.2263
-8.933 0.668 -1.150 -0.9361 0.2694 0.2263
-9.202 0.328 -1.500 -0.9342 0.2739 0.2284
-9.035 0.312 -1.150 -0.9355 0.2692 0.2288
-9.845 0.389 -2.850 -0.9290 0.2920 0.2274
-9.985 -0.056 -2.850 -0.9283 0.2918 0.2305
-9.678 0.373 -2.500 -0.9303 0.2873 0.2279
-9.678 0.373 -2.500 -0.9303 0.2873 0.2279
-9.985 -0.056 -2.850 -0.9283 0.2918 0.2305
-9.815 -0.068 -2.500 -0.9296 0.2871 0.2309
-9.678 0.373 -2.500 -0.9303 0.2873 0.2279
-9.815 -0.068 -2.500 -0.9296 0.2871 0.2309
-9.440 0.351 -2.000 -0.9322 0.2806 0.2285
-9.440 0.351 -2.000 -0.9322 0.2806 0.2285
-9.815 -0.068 -2.500 -0.9296 0.2871 0.2309
-9.571 -0.084 -2.000 -0.9315 0.2804 0.2315
-9.440 0.351 -2.000 -0.9322 0.2806 0.2285
-9.571 -0.084 -2.000 -0.9315 0.2804 0.2315
-9.202 0.328 -1.500 -0.9342 0.2739 0.2284
-9.202 0.328 -1.500 -0.9342 0.2739 0.2284
-9.571 -0.084 -2.000 -0.9315 0.2804 0.2315
-9.328 -0.100 -1.500 -0.9336 0.2738 0.2313
-9.202 0.328 -1.500 -0.9342 0.2739 0.2284
-9.328 -0.100 -1.500 -0.9336 0.2738 0.2313
-9.035 0.312 -1.150 -0.9355 0.2692 0.2288
-9.035 0.312 -1.150 -0.9355 0.2692 0.2288
-9.328 -0.100 -1.500 -0.9336 0.2738 0.2313
-9.157 -0.112 -1.150 -0.9348 0.2690 0.2317
-9.985 -0.056 -2.850 -0.9283 0.2918 0.2305
-10.114 -0.466 -2.850 -0.9277 0.2916 0.2333
-9.815 -0.068 -2.500 -0.9296 0.2871 0.2309
-9.815 -0.068 -2.500 -0.9296 0.2871 0.2309
-10.114 -0.466 -2.850 -0.9277 0.2916 0.2333
-9.940 -0.473 -2.500 -0.9290 0.2869 0.2337
-9.815 -0.068 -2.500 -0.9296 0.2871 0.2309
-9.940 -0.473 -2.500 -0.9290 0.2869 0.2337
-9.571 -0.084 -2.000 -0.9315 0.2804 0.2315
-9.571 -0.084 -2.000 -0.9315 0.2804 0.2315
-9.940 -0.473 -2.500 -0.9290 0.2869 0.2337
-9.692 -0.484 -2.000 -0.9309 0.2802 0.2342
-9.571 -0.084 -2.000 -0.9315 0.2804 0.2315
-9.692 -0.484 -2.000 -0.9309 0.2802 0.2342
-9.328 -0.100 -1.500 -0.9336 0.2738 0.2313
-9.328 -0.100 -1.500 -0.9336 0.2738 0.2313
-9.692 -0.484 -2.000 -0.9309 0.2802 0.2342
-9.443 -0.494 -1.500 -0.9330 0.2736 0.2340
-9.328 -0.100 -1.500 -0.9336 0.2738 0.2313
-9.443 -0.494 -1.500 -0.9330 0.2736 0.2340
-9.157 -0.112 -1.150 -0.9348 0.2690 0.2317
-9.157 -0.112 -1.150 -0.9348 0.2690 0.2317
-9.443 -0.494 -1.500 -0.9330 0.2736 0.2340
-9.270 -0.502 -1.150 -0.9342 0.2689 0.2344
-10.114 -0.466 -2.850 -0.9277 0.2916 0.2333
-10.242 -0.875 -2.850 -0.9270 0.2914 0.2361
-9.940 -0.473 -2.500 -0.9290 0.2869 0.2337
-9.940 -0.473 -2.500 -0.9290 0.2869 0.2337
-10.242 -0.875 -2.850 -0.9270 0.2914 0.2361
-10.065 -0.879 -2.500 -0.9284 0.2867 0.2364
-9.940 -0.473 -2.500 -0.9290 0.2869 0.2337
-10.065 -0.879 -2.500 -0.9284 0.2867 0.2364
-9.692 -0.484 -2.000 -0.9309 0.2802 0.2342
-9.692 -0.484 -2.000 -0.9309 0.2802 0.2342
-10.065 -0.879 -2.500 -0.9284 0.2867 0.2364
-9.812 -0.884 -2.000 -0.9303 0.2801 0.2370
-9.692 -0.484 -2.000 -0.9309 0.2802 0.2342
-9.812 -0.884 -2.000 -0.9303 0.2801 0.2370
-9.443 -0.494 -1.500 -0.9330 0.2736 0.2340
-9.443 -0.494 -1.500 -0.9330 0.2736 0.2340
-9.812 -0.884 -2.000 -0.9303 0.2801 0.2370
-9.559 -0.889 -1.500 -0.9323 0.2734 0.2367
-9.443 -0.494 -1.500 -0.9330 0.2736 0.2340
-9.559 -0.889 -1.500 -0.9323 0.2734 0.2367
-9.270 -0.502 -1.150 -0.9342 0.2689 0.2344
-9.270 -0.502 -1.150 -0.9342 0.2689 0.2344
-9.559 -0.889 -1.500 -0.9323 0.2734 0.2367
-9.382 -0.892 -1.150 -0.9336 0.2687 0.2370
-10.242 -0.875 -2.850 -0.9270 0.2914 0.2361
-10.371 -1.285 -2.850 -0.9264 0.2912 0.2389
-10.065 -0.879 -2.500 -0.9284 0.2867 0.2364
-10.065 -0.879 -2.500 -0.9284 0.2867 0.2364
-10.371 -1.285 -2.850 -0.9264 0.2912 0.2389
-10.190 -1.284 -2.500 -0.9277 0.2865 0.2392
-10.065 -0.879 -2.500 -0.9284 0.2867 0.2364
-10.190 -1.284 -2.500 -0.9277 0.2865 0.2392
-9.812 -0.884 -2.000 -0.9303 0.2801 0.2370
-9.812 -0.884 -2.000 -0.9303 0.2801 0.2370
-10.190 -1.284 -2.500 -0.9277 0.2865 0.2392
-9.932 -1.284 -2.000 -0.9296 0.2799 0.2397
-9.812 -0.884 -2.000 -0.9303 0.2801 0.2370
-9.932 -1.284 -2.000 -0.9296 0.2799 0.2397
-9.559 -0.889 -1.500 -0.9323 0.2734 0.2367
-9.559 -0.889 -1.500 -0.9323 0.2734 0.2367
-9.932 -1.284 -2.000 -0.9296 0.2799 0.2397
-9.674 -1.283 -1.500 -0.9317 0.2732 0.2394
-9.559 -0.889 -1.500 -0.9323 0.2734 0.2367
-9.674 -1.283 -1.500 -0.9317 0.2732 0.2394
-9.382 -0.892 -1.150 -0.9336 0.2687 0.2370
-9.382 -0.892 -1.150 -0.9336 0.2687 0.2370
-9.674 -1.283 -1.500 -0.9317 0.2732 0.2394
-9.494 -1.282 -1.150 -0.9330 0.2685 0.2397
-10.371 -1.285 -2.850 -0.9264 0.2912 0.2389
-10.520 -1.758 -2.850 -0.9256 0.2909 0.2421
-10.190 -1.284 -2.500 -0.9277 0.2865 0.2392
-10.190 -1.284 -2.500 -0.9277 0.2865 0.2392
-10.520 -1.758 -2.850 -0.9256 0.2909 0.2421
-10.335 -1.752 -2.500 -0.9270 0.2863 0.2424
-10.190 -1.284 -2.500 -0.9277 0.2865 0.2392
-10.335 -1.752 -2.500 -0.9270 0.2863 0.2424
-9.932 -1.284 -2.000 -0.9296 0.2799 0.2397
-9.932 -1.284 -2.000 -0.9296 0.2799 0.2397
-10.335 -1.752 -2.500 -0.9270 0.2863 0.2424
-10.071 -1.745 -2.000 -0.9289 0.2796 0.2428
-9.932 -1.284 -2.000 -0.9296 0.2799 0.2397
-10.071 -1.745 -2.000 -0.9289 0.2796 0.2428
-9.674 -1.283 -1.500 -0.9317 0.2732 0.2394
-9.674 -1.283 -1.500 -0.9317 0.2732 0.2394
-10.071 -1.745 -2.000 -0.9289 0.2796 0.2428
-9.808 -1.737 -1.500 -0.9310 0.2730 0.2425
-9.674 -1.283 -1.500 -0.9317 0.2732 0.2394
-9.808 -1.737 -1.500 -0.9310 0.2730 0.2425
-9.494 -1.282 -1.150 -0.9330 0.2685 0.2397
-9.494 -1.282 -1.150 -0.9330 0.2685 0.2397
-9.808 -1.737 -1.500 -0.9310 0.2730 0.2425
-9.624 -1.732 -1.150 -0.9322 0.2683 0.2428
0 1 2
3 4 5
6 7 8
9 10 11
12 13 14
15 16 17
18 19 20
21 22 23
24 25 26
27 28 29
30 31 32
33 34 35
36 37 38
39 40 41
42 43 44
45 46 47
48 49 50
51 52 53
54 55 56
57 58 59
60 61 62
63 64 65
66 67 68
69 70 71
72 73 74
75 76 77
78 79 80
81 82 83
84 85 86
87 88 89
90 91 92
93 94 95
96 97 98
99 100 101
102 103 104
105 106 107
108 109 110
111 112 113
114 115 116
117 118 119
120 121 122
123 124 125
126 127 128
129 130 131
132 133 134
135 136 137
138 139 140
141 142 143
144 145 146
147 148 149
150 151 152
153 154 155
156 157 158
159 160 161
162 163 164
165 166 167
168 169 170
171 172 173
174 175 176
177 178 179
180 181 182
183 184 185
186 187 188
189 190 191
192 193 194
195 196 197
198 199 200
201 202 203
204 205 206
207 208 209
210 211 212
213 214 215
MATERIALS 82
hull_lacquer
nose_iridium
crest_radiator
structure
boron_nitride
engine_metal
mechanism
dark
band
planetary_cup
rover
shuttle
trap_shell
canopy
br_vault
br_floor
br_panel
br_panel_face
br_tub
br_holo
br_screen
br_glow
br_display
br_green
br_red
br_amber
br_seat
br_cushion
br_bezel
br_rib
br_lamp
br_cove
br_vault_lit
br_floor_lit
br_belt
in_floor
in_wall
in_ceiling
in_light
in_furn
in_seat
in_metal
in_wet
in_screen
in_trim
in_green
in_amber
in_red
in_guide
in_btn_dim
in_wall_w
in_floor_w
in_ceil_w
in_metal_w
in_trim_w
in_guide_w
in_fx
in_downlight
in_cove
lift_glass
in_wip
in_btn_cap
in_cablight
in_glass
in_wall_r
in_floor_r
in_ceil_r
in_metal_r
in_dutyred
in_door
in_wall_d
in_floor_d
in_ceil_d
in_metal_d
br_malachite
br_cur_ball
br_cur_lit
br_spot
br_cover
br_glass_disp
br_hud_glass
belly_carbide
MATERIAL hull_lacquer
0.800 0.790 0.760 1.00
0.800 0.790 0.760 1.00
0.300 0.300 0.300 1 20
0.000 0.000 0.000 1
MATERIAL nose_iridium
0.720 0.480 0.180 1.00
0.720 0.480 0.180 1.00
0.950 0.850 0.600 1 80
0.000 0.000 0.000 1
MATERIAL crest_radiator
0.130 0.130 0.140 1.00
0.130 0.130 0.140 1.00
0.150 0.150 0.150 1 10
0.000 0.000 0.000 1
MATERIAL structure
0.260 0.270 0.290 1.00
0.260 0.270 0.290 1.00
0.200 0.200 0.200 1 15
0.000 0.000 0.000 1
MATERIAL boron_nitride
0.620 0.580 0.920 1.00
0.620 0.580 0.920 1.00
0.600 0.600 0.700 1 40
0.080 0.060 0.200 1
MATERIAL engine_metal
0.220 0.220 0.240 1.00
0.220 0.220 0.240 1.00
0.500 0.500 0.500 1 40
0.000 0.000 0.000 1
MATERIAL mechanism
0.540 0.560 0.600 1.00
0.540 0.560 0.600 1.00
0.700 0.700 0.720 1 50
0.000 0.000 0.000 1
MATERIAL dark
0.070 0.070 0.090 1.00
0.070 0.070 0.090 1.00
0.050 0.050 0.050 1 5
0.000 0.000 0.000 1
MATERIAL band
0.300 0.310 0.330 1.00
0.300 0.310 0.330 1.00
0.500 0.550 0.650 1 40
0.000 0.000 0.000 1
MATERIAL planetary_cup
0.600 0.700 0.850 1.00
0.600 0.700 0.850 1.00
0.700 0.700 0.800 1 50
0.030 0.060 0.100 1
MATERIAL rover
0.550 0.480 0.320 1.00
0.550 0.480 0.320 1.00
0.300 0.300 0.300 1 20
0.000 0.000 0.000 1
MATERIAL shuttle
0.850 0.840 0.810 1.00
0.850 0.840 0.810 1.00
0.400 0.400 0.400 1 30
0.000 0.000 0.000 1
MATERIAL trap_shell
0.440 0.470 0.560 1.00
0.440 0.470 0.560 1.00
0.450 0.450 0.500 1 30
0.000 0.000 0.000 1
MATERIAL canopy
0.360 0.370 0.400 1.00
0.360 0.370 0.400 1.00
0.550 0.550 0.600 1 35
0.000 0.000 0.000 1
MATERIAL br_vault
0.150 0.160 0.180 1.00
0.150 0.160 0.180 1.00
0.060 0.060 0.070 1 8
0.026 0.030 0.038 1
MATERIAL br_floor
0.550 0.580 0.620 1.00
0.550 0.580 0.620 1.00
0.350 0.360 0.400 1 40
0.160 0.180 0.210 1
MATERIAL br_panel
0.170 0.180 0.200 1.00
0.170 0.180 0.200 1.00
0.200 0.210 0.240 1 20
0.028 0.032 0.040 1
MATERIAL br_panel_face
0.240 0.250 0.280 1.00
0.240 0.250 0.280 1.00
0.300 0.320 0.360 1 30
0.042 0.047 0.056 1
MATERIAL br_tub
0.300 0.310 0.340 1.00
0.300 0.310 0.340 1.00
0.250 0.260 0.300 1 25
0.050 0.055 0.066 1
MATERIAL br_holo
0.050 0.200 0.260 1.00
0.050 0.200 0.260 1.00
0.000 0.000 0.000 1 1
0.060 0.260 0.340 1
MATERIAL br_screen
0.020 0.030 0.060 1.00
0.020 0.030 0.060 1.00
0.300 0.300 0.400 1 40
0.030 0.050 0.100 1
MATERIAL br_glow
0.400 0.900 1.000 1.00
0.400 0.900 1.000 1.00
0.000 0.000 0.000 1 1
0.300 0.700 0.900 1
MATERIAL br_display
1.000 1.000 1.000 1.00
1.000 1.000 1.000 1.00
0.000 0.000 0.000 1 1
1.000 1.000 1.000 1
MATERIAL br_green
0.300 1.000 0.500 1.00
0.300 1.000 0.500 1.00
0.000 0.000 0.000 1 1
0.200 0.900 0.400 1
MATERIAL br_red
0.900 0.200 0.150 1.00
0.900 0.200 0.150 1.00
0.300 0.100 0.100 1 20
0.500 0.080 0.050 1
MATERIAL br_amber
1.000 0.800 0.300 1.00
1.000 0.800 0.300 1.00
0.000 0.000 0.000 1 1
0.700 0.500 0.100 1
MATERIAL br_seat
0.200 0.210 0.230 1.00
0.200 0.210 0.230 1.00
0.300 0.300 0.350 1 30
0.024 0.026 0.030 1
MATERIAL br_cushion
0.210 0.240 0.290 1.00
0.210 0.240 0.290 1.00
0.100 0.100 0.120 1 10
0.028 0.032 0.040 1
MATERIAL br_bezel
0.620 0.640 0.680 1.00
0.620 0.640 0.680 1.00
0.400 0.410 0.450 1 40
0.075 0.080 0.090 1
MATERIAL br_rib
0.220 0.230 0.260 1.00
0.220 0.230 0.260 1.00
0.300 0.310 0.350 1 30
0.034 0.038 0.046 1
MATERIAL br_lamp
0.800 0.880 1.000 1.00
0.800 0.880 1.000 1.00
0.000 0.000 0.000 1 1
0.620 0.700 0.800 1
MATERIAL br_cove
0.300 0.550 0.800 1.00
0.300 0.550 0.800 1.00
0.000 0.000 0.000 1 1
0.160 0.300 0.460 1
MATERIAL br_vault_lit
0.060 0.060 0.070 1.00
0.060 0.060 0.070 1.00
0.040 0.040 0.050 1 8
1.000 1.000 1.000 1
MATERIAL br_floor_lit
0.080 0.080 0.090 1.00
0.080 0.080 0.090 1.00
0.100 0.100 0.120 1 20
1.000 1.000 1.000 1
MATERIAL br_belt
0.880 0.560 0.160 1.00
0.880 0.560 0.160 1.00
0.100 0.100 0.100 1 10
0.000 0.000 0.000 1
MATERIAL in_floor
0.500 0.500 0.500 1.00
0.500 0.500 0.500 1.00
0.100 0.100 0.100 1 10
0.500 0.500 0.520 1
MATERIAL in_wall
0.450 0.450 0.450 1.00
0.450 0.450 0.450 1.00
0.050 0.050 0.050 1 5
0.600 0.600 0.620 1
MATERIAL in_ceiling
0.450 0.450 0.450 1.00
0.450 0.450 0.450 1.00
0.000 0.000 0.000 1 1
0.550 0.550 0.570 1
MATERIAL in_light
1.000 0.970 0.880 1.00
1.000 0.970 0.880 1.00
0.000 0.000 0.000 1 1
1.000 0.960 0.840 1
MATERIAL in_furn
0.300 0.310 0.340 1.00
0.300 0.310 0.340 1.00
0.100 0.100 0.100 1 10
0.150 0.150 0.170 1
MATERIAL in_seat
0.120 0.150 0.220 1.00
0.120 0.150 0.220 1.00
0.150 0.150 0.200 1 15
0.060 0.080 0.130 1
MATERIAL in_metal
0.500 0.500 0.500 1.00
0.500 0.500 0.500 1.00
0.500 0.500 0.500 1 30
0.550 0.550 0.580 1
MATERIAL in_wet
0.360 0.500 0.550 1.00
0.360 0.500 0.550 1.00
0.200 0.200 0.250 1 20
0.130 0.190 0.210 1
MATERIAL in_screen
0.040 0.080 0.160 1.00
0.040 0.080 0.160 1.00
0.300 0.300 0.400 1 40
0.100 0.280 0.500 1
MATERIAL in_trim
0.600 0.600 0.600 1.00
0.600 0.600 0.600 1.00
0.100 0.100 0.100 1 10
0.500 0.500 0.500 1
MATERIAL in_green
0.100 0.600 0.250 1.00
0.100 0.600 0.250 1.00
0.000 0.000 0.000 1 1
0.150 1.000 0.400 1
MATERIAL in_amber
0.700 0.450 0.050 1.00
0.700 0.450 0.050 1.00
0.000 0.000 0.000 1 1
1.000 0.620 0.080 1
MATERIAL in_red
0.700 0.100 0.080 1.00
0.700 0.100 0.080 1.00
0.000 0.000 0.000 1 1
1.000 0.150 0.100 1
MATERIAL in_guide
0.200 0.500 0.700 1.00
0.200 0.500 0.700 1.00
0.000 0.000 0.000 1 1
0.250 0.750 1.000 1
MATERIAL in_btn_dim
0.160 0.180 0.200 1.00
0.160 0.180 0.200 1.00
0.300 0.300 0.300 1 20
0.040 0.050 0.060 1
MATERIAL in_wall_w
0.500 0.500 0.510 1.00
0.500 0.500 0.510 1.00
0.080 0.080 0.090 1 12
0.065 0.065 0.075 1
MATERIAL in_floor_w
0.500 0.500 0.500 1.00
0.500 0.500 0.500 1.00
0.450 0.450 0.480 1 40
0.040 0.040 0.045 1
MATERIAL in_ceil_w
0.400 0.400 0.410 1.00
0.400 0.400 0.410 1.00
0.000 0.000 0.000 1 1
0.035 0.035 0.040 1
MATERIAL in_metal_w
0.450 0.450 0.470 1.00
0.450 0.450 0.470 1.00
0.400 0.400 0.420 1 30
0.070 0.070 0.080 1
MATERIAL in_trim_w
0.500 0.500 0.500 1.00
0.500 0.500 0.500 1.00
0.100 0.100 0.100 1 10
0.140 0.140 0.140 1
MATERIAL in_guide_w
0.250 0.420 0.420 1.00
0.250 0.420 0.420 1.00
0.000 0.000 0.000 1 1
0.160 0.360 0.380 1
MATERIAL in_fx
1.000 1.000 1.000 1.00
1.000 1.000 1.000 1.00
0.000 0.000 0.000 1 1
1.000 1.000 1.000 1
MATERIAL in_downlight
1.000 0.860 0.620 1.00
1.000 0.860 0.620 1.00
0.000 0.000 0.000 1 1
1.000 0.840 0.580 1
MATERIAL in_cove
0.300 0.400 0.620 1.00
0.300 0.400 0.620 1.00
0.000 0.000 0.000 1 1
0.260 0.360 0.580 1
MATERIAL lift_glass
0.450 0.600 0.700 0.22
0.450 0.600 0.700 0.22
0.800 0.800 0.850 1 60
0.020 0.030 0.040 1
MATERIAL in_wip
0.950 0.420 0.060 1.00
0.950 0.420 0.060 1.00
0.300 0.250 0.200 1 20
0.400 0.170 0.020 1
MATERIAL in_btn_cap
0.550 0.560 0.580 1.00
0.550 0.560 0.580 1.00
0.350 0.350 0.350 1 30
0.300 0.310 0.320 1
MATERIAL in_cablight
0.950 0.930 0.860 1.00
0.950 0.930 0.860 1.00
0.000 0.000 0.000 1 1
0.800 0.770 0.680 1
MATERIAL in_glass
1.000 1.000 1.000 1.00
1.000 1.000 1.000 1.00
0.900 0.900 0.900 1 60
0.120 0.130 0.150 1
MATERIAL in_wall_r
0.400 0.380 0.380 1.00
0.400 0.380 0.380 1.00
0.050 0.050 0.050 1 5
0.050 0.012 0.011 1
MATERIAL in_floor_r
0.400 0.380 0.380 1.00
0.400 0.380 0.380 1.00
0.200 0.200 0.200 1 30
0.032 0.007 0.007 1
MATERIAL in_ceil_r
0.350 0.330 0.330 1.00
0.350 0.330 0.330 1.00
0.000 0.000 0.000 1 1
0.028 0.006 0.006 1
MATERIAL in_metal_r
0.400 0.380 0.380 1.00
0.400 0.380 0.380 1.00
0.300 0.300 0.300 1 30
0.045 0.011 0.010 1
MATERIAL in_dutyred
0.600 0.080 0.050 1.00
0.600 0.080 0.050 1.00
0.000 0.000 0.000 1 1
0.550 0.050 0.030 1
MATERIAL in_door
0.550 0.550 0.560 1.00
0.550 0.550 0.560 1.00
0.250 0.250 0.270 1 25
0.075 0.075 0.080 1
MATERIAL in_wall_d
0.080 0.080 0.085 1.00
0.080 0.080 0.085 1.00
0.020 0.020 0.020 1 5
0.018 0.018 0.020 1
MATERIAL in_floor_d
0.080 0.080 0.080 1.00
0.080 0.080 0.080 1.00
0.050 0.050 0.050 1 10
0.012 0.012 0.013 1
MATERIAL in_ceil_d
0.070 0.070 0.075 1.00
0.070 0.070 0.075 1.00
0.000 0.000 0.000 1 1
0.010 0.010 0.011 1
MATERIAL in_metal_d
0.080 0.080 0.085 1.00
0.080 0.080 0.085 1.00
0.050 0.050 0.050 1 10
0.016 0.016 0.018 1
MATERIAL br_malachite
0.160 0.380 0.310 1.00
0.160 0.380 0.310 1.00
0.400 0.480 0.450 1 35
0.020 0.048 0.040 1
MATERIAL br_cur_ball
0.620 0.860 0.950 0.72
0.620 0.860 0.950 0.72
0.900 0.900 0.900 1 60
0.100 0.260 0.320 1
MATERIAL br_cur_lit
0.780 0.950 1.000 1.00
0.780 0.950 1.000 1.00
0.000 0.000 0.000 1 1
0.780 0.950 1.000 1
MATERIAL br_spot
1.000 0.550 0.120 0.80
1.000 0.550 0.120 0.80
0.000 0.000 0.000 1 1
1.000 0.550 0.120 1
MATERIAL br_cover
1.000 0.350 0.290 0.50
1.000 0.350 0.290 0.50
0.600 0.600 0.600 1 40
0.200 0.040 0.030 1
MATERIAL br_glass_disp
1.000 1.000 1.000 1.00
1.000 1.000 1.000 1.00
0.000 0.000 0.000 1 1
1.000 1.000 1.000 1
MATERIAL br_hud_glass
1.000 1.000 1.000 1.00
1.000 1.000 1.000 1.00
0.000 0.000 0.000 1 1
1.000 1.000 1.000 1
MATERIAL belly_carbide
0.160 0.160 0.170 1.00
0.160 0.160 0.170 1.00
0.150 0.150 0.150 1 10
0.000 0.000 0.000 1
TEXTURES 0
