MSHX1
GROUPS 83
LABEL kang_shin_1
MATERIAL 9
TEXTURE 0
GEOM 48 24 ;kang_shin_1
-1.030 -1.030 -6.562 -1.0000 -0.0000 -0.0000
-1.030 1.030 -6.562 -1.0000 -0.0000 -0.0000
-1.030 1.030 1.738 -1.0000 -0.0000 -0.0000
-1.030 -1.030 1.738 -1.0000 -0.0000 -0.0000
1.030 -1.030 -6.562 1.0000 0.0000 0.0000
1.030 1.030 -6.562 1.0000 0.0000 0.0000
1.030 1.030 1.738 1.0000 0.0000 0.0000
1.030 -1.030 1.738 1.0000 0.0000 0.0000
-1.030 -1.030 -6.562 -0.0000 -1.0000 -0.0000
1.030 -1.030 -6.562 -0.0000 -1.0000 -0.0000
1.030 -1.030 1.738 -0.0000 -1.0000 -0.0000
-1.030 -1.030 1.738 -0.0000 -1.0000 -0.0000
-1.030 1.030 -6.562 0.0000 1.0000 0.0000
1.030 1.030 -6.562 0.0000 1.0000 0.0000
1.030 1.030 1.738 0.0000 1.0000 0.0000
-1.030 1.030 1.738 0.0000 1.0000 0.0000
-1.030 -1.030 -6.562 -0.0000 -0.0000 -1.0000
1.030 -1.030 -6.562 -0.0000 -0.0000 -1.0000
1.030 1.030 -6.562 -0.0000 -0.0000 -1.0000
-1.030 1.030 -6.562 -0.0000 -0.0000 -1.0000
-1.030 -1.030 1.738 0.0000 0.0000 1.0000
1.030 -1.030 1.738 0.0000 0.0000 1.0000
1.030 1.030 1.738 0.0000 0.0000 1.0000
-1.030 1.030 1.738 0.0000 0.0000 1.0000
-1.110 -1.110 -6.562 -1.0000 -0.0000 -0.0000
-1.110 1.110 -6.562 -1.0000 -0.0000 -0.0000
-1.110 1.110 -5.562 -1.0000 -0.0000 -0.0000
-1.110 -1.110 -5.562 -1.0000 -0.0000 -0.0000
1.110 -1.110 -6.562 1.0000 0.0000 0.0000
1.110 1.110 -6.562 1.0000 0.0000 0.0000
1.110 1.110 -5.562 1.0000 0.0000 0.0000
1.110 -1.110 -5.562 1.0000 0.0000 0.0000
-1.110 -1.110 -6.562 -0.0000 -1.0000 -0.0000
1.110 -1.110 -6.562 -0.0000 -1.0000 -0.0000
1.110 -1.110 -5.562 -0.0000 -1.0000 -0.0000
-1.110 -1.110 -5.562 -0.0000 -1.0000 -0.0000
-1.110 1.110 -6.562 0.0000 1.0000 0.0000
1.110 1.110 -6.562 0.0000 1.0000 0.0000
1.110 1.110 -5.562 0.0000 1.0000 0.0000
-1.110 1.110 -5.562 0.0000 1.0000 0.0000
-1.110 -1.110 -6.562 -0.0000 -0.0000 -1.0000
1.110 -1.110 -6.562 -0.0000 -0.0000 -1.0000
1.110 1.110 -6.562 -0.0000 -0.0000 -1.0000
-1.110 1.110 -6.562 -0.0000 -0.0000 -1.0000
-1.110 -1.110 -5.562 0.0000 0.0000 1.0000
1.110 -1.110 -5.562 0.0000 0.0000 1.0000
1.110 1.110 -5.562 0.0000 0.0000 1.0000
-1.110 1.110 -5.562 0.0000 0.0000 1.0000
0 2 1
0 3 2
4 5 6
4 6 7
8 9 10
8 10 11
12 14 13
12 15 14
16 18 17
16 19 18
20 21 22
20 22 23
24 26 25
24 27 26
28 29 30
28 30 31
32 33 34
32 34 35
36 38 37
36 39 38
40 42 41
40 43 42
44 45 46
44 46 47
LABEL kang_shin_2
MATERIAL 9
TEXTURE 0
GEOM 48 24 ;kang_shin_2
-0.960 -0.960 -6.562 -1.0000 -0.0000 -0.0000
-0.960 0.960 -6.562 -1.0000 -0.0000 -0.0000
-0.960 0.960 1.738 -1.0000 -0.0000 -0.0000
-0.960 -0.960 1.738 -1.0000 -0.0000 -0.0000
0.960 -0.960 -6.562 1.0000 0.0000 0.0000
0.960 0.960 -6.562 1.0000 0.0000 0.0000
0.960 0.960 1.738 1.0000 0.0000 0.0000
0.960 -0.960 1.738 1.0000 0.0000 0.0000
-0.960 -0.960 -6.562 -0.0000 -1.0000 -0.0000
0.960 -0.960 -6.562 -0.0000 -1.0000 -0.0000
0.960 -0.960 1.738 -0.0000 -1.0000 -0.0000
-0.960 -0.960 1.738 -0.0000 -1.0000 -0.0000
-0.960 0.960 -6.562 0.0000 1.0000 0.0000
0.960 0.960 -6.562 0.0000 1.0000 0.0000
0.960 0.960 1.738 0.0000 1.0000 0.0000
-0.960 0.960 1.738 0.0000 1.0000 0.0000
-0.960 -0.960 -6.562 -0.0000 -0.0000 -1.0000
0.960 -0.960 -6.562 -0.0000 -0.0000 -1.0000
0.960 0.960 -6.562 -0.0000 -0.0000 -1.0000
-0.960 0.960 -6.562 -0.0000 -0.0000 -1.0000
-0.960 -0.960 1.738 0.0000 0.0000 1.0000
0.960 -0.960 1.738 0.0000 0.0000 1.0000
0.960 0.960 1.738 0.0000 0.0000 1.0000
-0.960 0.960 1.738 0.0000 0.0000 1.0000
-1.040 -1.040 -6.562 -1.0000 -0.0000 -0.0000
-1.040 1.040 -6.562 -1.0000 -0.0000 -0.0000
-1.040 1.040 -5.562 -1.0000 -0.0000 -0.0000
-1.040 -1.040 -5.562 -1.0000 -0.0000 -0.0000
1.040 -1.040 -6.562 1.0000 0.0000 0.0000
1.040 1.040 -6.562 1.0000 0.0000 0.0000
1.040 1.040 -5.562 1.0000 0.0000 0.0000
1.040 -1.040 -5.562 1.0000 0.0000 0.0000
-1.040 -1.040 -6.562 -0.0000 -1.0000 -0.0000
1.040 -1.040 -6.562 -0.0000 -1.0000 -0.0000
1.040 -1.040 -5.562 -0.0000 -1.0000 -0.0000
-1.040 -1.040 -5.562 -0.0000 -1.0000 -0.0000
-1.040 1.040 -6.562 0.0000 1.0000 0.0000
1.040 1.040 -6.562 0.0000 1.0000 0.0000
1.040 1.040 -5.562 0.0000 1.0000 0.0000
-1.040 1.040 -5.562 0.0000 1.0000 0.0000
-1.040 -1.040 -6.562 -0.0000 -0.0000 -1.0000
1.040 -1.040 -6.562 -0.0000 -0.0000 -1.0000
1.040 1.040 -6.562 -0.0000 -0.0000 -1.0000
-1.040 1.040 -6.562 -0.0000 -0.0000 -1.0000
-1.040 -1.040 -5.562 0.0000 0.0000 1.0000
1.040 -1.040 -5.562 0.0000 0.0000 1.0000
1.040 1.040 -5.562 0.0000 0.0000 1.0000
-1.040 1.040 -5.562 0.0000 0.0000 1.0000
0 2 1
0 3 2
4 5 6
4 6 7
8 9 10
8 10 11
12 14 13
12 15 14
16 18 17
16 19 18
20 21 22
20 22 23
24 26 25
24 27 26
28 29 30
28 30 31
32 33 34
32 34 35
36 38 37
36 39 38
40 42 41
40 43 42
44 45 46
44 46 47
LABEL kang_shin_3
MATERIAL 9
TEXTURE 0
GEOM 48 24 ;kang_shin_3
-0.890 -0.890 -6.562 -1.0000 -0.0000 -0.0000
-0.890 0.890 -6.562 -1.0000 -0.0000 -0.0000
-0.890 0.890 1.738 -1.0000 -0.0000 -0.0000
-0.890 -0.890 1.738 -1.0000 -0.0000 -0.0000
0.890 -0.890 -6.562 1.0000 0.0000 0.0000
0.890 0.890 -6.562 1.0000 0.0000 0.0000
0.890 0.890 1.738 1.0000 0.0000 0.0000
0.890 -0.890 1.738 1.0000 0.0000 0.0000
-0.890 -0.890 -6.562 -0.0000 -1.0000 -0.0000
0.890 -0.890 -6.562 -0.0000 -1.0000 -0.0000
0.890 -0.890 1.738 -0.0000 -1.0000 -0.0000
-0.890 -0.890 1.738 -0.0000 -1.0000 -0.0000
-0.890 0.890 -6.562 0.0000 1.0000 0.0000
0.890 0.890 -6.562 0.0000 1.0000 0.0000
0.890 0.890 1.738 0.0000 1.0000 0.0000
-0.890 0.890 1.738 0.0000 1.0000 0.0000
-0.890 -0.890 -6.562 -0.0000 -0.0000 -1.0000
0.890 -0.890 -6.562 -0.0000 -0.0000 -1.0000
0.890 0.890 -6.562 -0.0000 -0.0000 -1.0000
-0.890 0.890 -6.562 -0.0000 -0.0000 -1.0000
-0.890 -0.890 1.738 0.0000 0.0000 1.0000
0.890 -0.890 1.738 0.0000 0.0000 1.0000
0.890 0.890 1.738 0.0000 0.0000 1.0000
-0.890 0.890 1.738 0.0000 0.0000 1.0000
-0.970 -0.970 -6.562 -1.0000 -0.0000 -0.0000
-0.970 0.970 -6.562 -1.0000 -0.0000 -0.0000
-0.970 0.970 -5.562 -1.0000 -0.0000 -0.0000
-0.970 -0.970 -5.562 -1.0000 -0.0000 -0.0000
0.970 -0.970 -6.562 1.0000 0.0000 0.0000
0.970 0.970 -6.562 1.0000 0.0000 0.0000
0.970 0.970 -5.562 1.0000 0.0000 0.0000
0.970 -0.970 -5.562 1.0000 0.0000 0.0000
-0.970 -0.970 -6.562 -0.0000 -1.0000 -0.0000
0.970 -0.970 -6.562 -0.0000 -1.0000 -0.0000
0.970 -0.970 -5.562 -0.0000 -1.0000 -0.0000
-0.970 -0.970 -5.562 -0.0000 -1.0000 -0.0000
-0.970 0.970 -6.562 0.0000 1.0000 0.0000
0.970 0.970 -6.562 0.0000 1.0000 0.0000
0.970 0.970 -5.562 0.0000 1.0000 0.0000
-0.970 0.970 -5.562 0.0000 1.0000 0.0000
-0.970 -0.970 -6.562 -0.0000 -0.0000 -1.0000
0.970 -0.970 -6.562 -0.0000 -0.0000 -1.0000
0.970 0.970 -6.562 -0.0000 -0.0000 -1.0000
-0.970 0.970 -6.562 -0.0000 -0.0000 -1.0000
-0.970 -0.970 -5.562 0.0000 0.0000 1.0000
0.970 -0.970 -5.562 0.0000 0.0000 1.0000
0.970 0.970 -5.562 0.0000 0.0000 1.0000
-0.970 0.970 -5.562 0.0000 0.0000 1.0000
0 2 1
0 3 2
4 5 6
4 6 7
8 9 10
8 10 11
12 14 13
12 15 14
16 18 17
16 19 18
20 21 22
20 22 23
24 26 25
24 27 26
28 29 30
28 30 31
32 33 34
32 34 35
36 38 37
36 39 38
40 42 41
40 43 42
44 45 46
44 46 47
LABEL kang_shin_4
MATERIAL 9
TEXTURE 0
GEOM 48 24 ;kang_shin_4
-0.820 -0.820 -6.562 -1.0000 -0.0000 -0.0000
-0.820 0.820 -6.562 -1.0000 -0.0000 -0.0000
-0.820 0.820 1.738 -1.0000 -0.0000 -0.0000
-0.820 -0.820 1.738 -1.0000 -0.0000 -0.0000
0.820 -0.820 -6.562 1.0000 0.0000 0.0000
0.820 0.820 -6.562 1.0000 0.0000 0.0000
0.820 0.820 1.738 1.0000 0.0000 0.0000
0.820 -0.820 1.738 1.0000 0.0000 0.0000
-0.820 -0.820 -6.562 -0.0000 -1.0000 -0.0000
0.820 -0.820 -6.562 -0.0000 -1.0000 -0.0000
0.820 -0.820 1.738 -0.0000 -1.0000 -0.0000
-0.820 -0.820 1.738 -0.0000 -1.0000 -0.0000
-0.820 0.820 -6.562 0.0000 1.0000 0.0000
0.820 0.820 -6.562 0.0000 1.0000 0.0000
0.820 0.820 1.738 0.0000 1.0000 0.0000
-0.820 0.820 1.738 0.0000 1.0000 0.0000
-0.820 -0.820 -6.562 -0.0000 -0.0000 -1.0000
0.820 -0.820 -6.562 -0.0000 -0.0000 -1.0000
0.820 0.820 -6.562 -0.0000 -0.0000 -1.0000
-0.820 0.820 -6.562 -0.0000 -0.0000 -1.0000
-0.820 -0.820 1.738 0.0000 0.0000 1.0000
0.820 -0.820 1.738 0.0000 0.0000 1.0000
0.820 0.820 1.738 0.0000 0.0000 1.0000
-0.820 0.820 1.738 0.0000 0.0000 1.0000
-0.900 -0.900 -6.562 -1.0000 -0.0000 -0.0000
-0.900 0.900 -6.562 -1.0000 -0.0000 -0.0000
-0.900 0.900 -5.562 -1.0000 -0.0000 -0.0000
-0.900 -0.900 -5.562 -1.0000 -0.0000 -0.0000
0.900 -0.900 -6.562 1.0000 0.0000 0.0000
0.900 0.900 -6.562 1.0000 0.0000 0.0000
0.900 0.900 -5.562 1.0000 0.0000 0.0000
0.900 -0.900 -5.562 1.0000 0.0000 0.0000
-0.900 -0.900 -6.562 -0.0000 -1.0000 -0.0000
0.900 -0.900 -6.562 -0.0000 -1.0000 -0.0000
0.900 -0.900 -5.562 -0.0000 -1.0000 -0.0000
-0.900 -0.900 -5.562 -0.0000 -1.0000 -0.0000
-0.900 0.900 -6.562 0.0000 1.0000 0.0000
0.900 0.900 -6.562 0.0000 1.0000 0.0000
0.900 0.900 -5.562 0.0000 1.0000 0.0000
-0.900 0.900 -5.562 0.0000 1.0000 0.0000
-0.900 -0.900 -6.562 -0.0000 -0.0000 -1.0000
0.900 -0.900 -6.562 -0.0000 -0.0000 -1.0000
0.900 0.900 -6.562 -0.0000 -0.0000 -1.0000
-0.900 0.900 -6.562 -0.0000 -0.0000 -1.0000
-0.900 -0.900 -5.562 0.0000 0.0000 1.0000
0.900 -0.900 -5.562 0.0000 0.0000 1.0000
0.900 0.900 -5.562 0.0000 0.0000 1.0000
-0.900 0.900 -5.562 0.0000 0.0000 1.0000
0 2 1
0 3 2
4 5 6
4 6 7
8 9 10
8 10 11
12 14 13
12 15 14
16 18 17
16 19 18
20 21 22
20 22 23
24 26 25
24 27 26
28 29 30
28 30 31
32 33 34
32 34 35
36 38 37
36 39 38
40 42 41
40 43 42
44 45 46
44 46 47
LABEL kang_shin_5
MATERIAL 9
TEXTURE 0
GEOM 48 24 ;kang_shin_5
-0.750 -0.750 -6.562 -1.0000 -0.0000 -0.0000
-0.750 0.750 -6.562 -1.0000 -0.0000 -0.0000
-0.750 0.750 1.738 -1.0000 -0.0000 -0.0000
-0.750 -0.750 1.738 -1.0000 -0.0000 -0.0000
0.750 -0.750 -6.562 1.0000 0.0000 0.0000
0.750 0.750 -6.562 1.0000 0.0000 0.0000
0.750 0.750 1.738 1.0000 0.0000 0.0000
0.750 -0.750 1.738 1.0000 0.0000 0.0000
-0.750 -0.750 -6.562 -0.0000 -1.0000 -0.0000
0.750 -0.750 -6.562 -0.0000 -1.0000 -0.0000
0.750 -0.750 1.738 -0.0000 -1.0000 -0.0000
-0.750 -0.750 1.738 -0.0000 -1.0000 -0.0000
-0.750 0.750 -6.562 0.0000 1.0000 0.0000
0.750 0.750 -6.562 0.0000 1.0000 0.0000
0.750 0.750 1.738 0.0000 1.0000 0.0000
-0.750 0.750 1.738 0.0000 1.0000 0.0000
-0.750 -0.750 -6.562 -0.0000 -0.0000 -1.0000
0.750 -0.750 -6.562 -0.0000 -0.0000 -1.0000
0.750 0.750 -6.562 -0.0000 -0.0000 -1.0000
-0.750 0.750 -6.562 -0.0000 -0.0000 -1.0000
-0.750 -0.750 1.738 0.0000 0.0000 1.0000
0.750 -0.750 1.738 0.0000 0.0000 1.0000
0.750 0.750 1.738 0.0000 0.0000 1.0000
-0.750 0.750 1.738 0.0000 0.0000 1.0000
-0.830 -0.830 -6.562 -1.0000 -0.0000 -0.0000
-0.830 0.830 -6.562 -1.0000 -0.0000 -0.0000
-0.830 0.830 -5.562 -1.0000 -0.0000 -0.0000
-0.830 -0.830 -5.562 -1.0000 -0.0000 -0.0000
0.830 -0.830 -6.562 1.0000 0.0000 0.0000
0.830 0.830 -6.562 1.0000 0.0000 0.0000
0.830 0.830 -5.562 1.0000 0.0000 0.0000
0.830 -0.830 -5.562 1.0000 0.0000 0.0000
-0.830 -0.830 -6.562 -0.0000 -1.0000 -0.0000
0.830 -0.830 -6.562 -0.0000 -1.0000 -0.0000
0.830 -0.830 -5.562 -0.0000 -1.0000 -0.0000
-0.830 -0.830 -5.562 -0.0000 -1.0000 -0.0000
-0.830 0.830 -6.562 0.0000 1.0000 0.0000
0.830 0.830 -6.562 0.0000 1.0000 0.0000
0.830 0.830 -5.562 0.0000 1.0000 0.0000
-0.830 0.830 -5.562 0.0000 1.0000 0.0000
-0.830 -0.830 -6.562 -0.0000 -0.0000 -1.0000
0.830 -0.830 -6.562 -0.0000 -0.0000 -1.0000
0.830 0.830 -6.562 -0.0000 -0.0000 -1.0000
-0.830 0.830 -6.562 -0.0000 -0.0000 -1.0000
-0.830 -0.830 -5.562 0.0000 0.0000 1.0000
0.830 -0.830 -5.562 0.0000 0.0000 1.0000
0.830 0.830 -5.562 0.0000 0.0000 1.0000
-0.830 0.830 -5.562 0.0000 0.0000 1.0000
0 2 1
0 3 2
4 5 6
4 6 7
8 9 10
8 10 11
12 14 13
12 15 14
16 18 17
16 19 18
20 21 22
20 22 23
24 26 25
24 27 26
28 29 30
28 30 31
32 33 34
32 34 35
36 38 37
36 39 38
40 42 41
40 43 42
44 45 46
44 46 47
LABEL kang_shin_6
MATERIAL 9
TEXTURE 0
GEOM 48 24 ;kang_shin_6
-0.680 -0.680 -6.562 -1.0000 -0.0000 -0.0000
-0.680 0.680 -6.562 -1.0000 -0.0000 -0.0000
-0.680 0.680 1.738 -1.0000 -0.0000 -0.0000
-0.680 -0.680 1.738 -1.0000 -0.0000 -0.0000
0.680 -0.680 -6.562 1.0000 0.0000 0.0000
0.680 0.680 -6.562 1.0000 0.0000 0.0000
0.680 0.680 1.738 1.0000 0.0000 0.0000
0.680 -0.680 1.738 1.0000 0.0000 0.0000
-0.680 -0.680 -6.562 -0.0000 -1.0000 -0.0000
0.680 -0.680 -6.562 -0.0000 -1.0000 -0.0000
0.680 -0.680 1.738 -0.0000 -1.0000 -0.0000
-0.680 -0.680 1.738 -0.0000 -1.0000 -0.0000
-0.680 0.680 -6.562 0.0000 1.0000 0.0000
0.680 0.680 -6.562 0.0000 1.0000 0.0000
0.680 0.680 1.738 0.0000 1.0000 0.0000
-0.680 0.680 1.738 0.0000 1.0000 0.0000
-0.680 -0.680 -6.562 -0.0000 -0.0000 -1.0000
0.680 -0.680 -6.562 -0.0000 -0.0000 -1.0000
0.680 0.680 -6.562 -0.0000 -0.0000 -1.0000
-0.680 0.680 -6.562 -0.0000 -0.0000 -1.0000
-0.680 -0.680 1.738 0.0000 0.0000 1.0000
0.680 -0.680 1.738 0.0000 0.0000 1.0000
0.680 0.680 1.738 0.0000 0.0000 1.0000
-0.680 0.680 1.738 0.0000 0.0000 1.0000
-0.760 -0.760 -6.562 -1.0000 -0.0000 -0.0000
-0.760 0.760 -6.562 -1.0000 -0.0000 -0.0000
-0.760 0.760 -5.562 -1.0000 -0.0000 -0.0000
-0.760 -0.760 -5.562 -1.0000 -0.0000 -0.0000
0.760 -0.760 -6.562 1.0000 0.0000 0.0000
0.760 0.760 -6.562 1.0000 0.0000 0.0000
0.760 0.760 -5.562 1.0000 0.0000 0.0000
0.760 -0.760 -5.562 1.0000 0.0000 0.0000
-0.760 -0.760 -6.562 -0.0000 -1.0000 -0.0000
0.760 -0.760 -6.562 -0.0000 -1.0000 -0.0000
0.760 -0.760 -5.562 -0.0000 -1.0000 -0.0000
-0.760 -0.760 -5.562 -0.0000 -1.0000 -0.0000
-0.760 0.760 -6.562 0.0000 1.0000 0.0000
0.760 0.760 -6.562 0.0000 1.0000 0.0000
0.760 0.760 -5.562 0.0000 1.0000 0.0000
-0.760 0.760 -5.562 0.0000 1.0000 0.0000
-0.760 -0.760 -6.562 -0.0000 -0.0000 -1.0000
0.760 -0.760 -6.562 -0.0000 -0.0000 -1.0000
0.760 0.760 -6.562 -0.0000 -0.0000 -1.0000
-0.760 0.760 -6.562 -0.0000 -0.0000 -1.0000
-0.760 -0.760 -5.562 0.0000 0.0000 1.0000
0.760 -0.760 -5.562 0.0000 0.0000 1.0000
0.760 0.760 -5.562 0.0000 0.0000 1.0000
-0.760 0.760 -5.562 0.0000 0.0000 1.0000
0 2 1
0 3 2
4 5 6
4 6 7
8 9 10
8 10 11
12 14 13
12 15 14
16 18 17
16 19 18
20 21 22
20 22 23
24 26 25
24 27 26
28 29 30
28 30 31
32 33 34
32 34 35
36 38 37
36 39 38
40 42 41
40 43 42
44 45 46
44 46 47
LABEL kang_shin_7
MATERIAL 9
TEXTURE 0
GEOM 48 24 ;kang_shin_7
-0.610 -0.610 -6.562 -1.0000 -0.0000 -0.0000
-0.610 0.610 -6.562 -1.0000 -0.0000 -0.0000
-0.610 0.610 1.738 -1.0000 -0.0000 -0.0000
-0.610 -0.610 1.738 -1.0000 -0.0000 -0.0000
0.610 -0.610 -6.562 1.0000 0.0000 0.0000
0.610 0.610 -6.562 1.0000 0.0000 0.0000
0.610 0.610 1.738 1.0000 0.0000 0.0000
0.610 -0.610 1.738 1.0000 0.0000 0.0000
-0.610 -0.610 -6.562 -0.0000 -1.0000 -0.0000
0.610 -0.610 -6.562 -0.0000 -1.0000 -0.0000
0.610 -0.610 1.738 -0.0000 -1.0000 -0.0000
-0.610 -0.610 1.738 -0.0000 -1.0000 -0.0000
-0.610 0.610 -6.562 0.0000 1.0000 0.0000
0.610 0.610 -6.562 0.0000 1.0000 0.0000
0.610 0.610 1.738 0.0000 1.0000 0.0000
-0.610 0.610 1.738 0.0000 1.0000 0.0000
-0.610 -0.610 -6.562 -0.0000 -0.0000 -1.0000
0.610 -0.610 -6.562 -0.0000 -0.0000 -1.0000
0.610 0.610 -6.562 -0.0000 -0.0000 -1.0000
-0.610 0.610 -6.562 -0.0000 -0.0000 -1.0000
-0.610 -0.610 1.738 0.0000 0.0000 1.0000
0.610 -0.610 1.738 0.0000 0.0000 1.0000
0.610 0.610 1.738 0.0000 0.0000 1.0000
-0.610 0.610 1.738 0.0000 0.0000 1.0000
-0.690 -0.690 -6.562 -1.0000 -0.0000 -0.0000
-0.690 0.690 -6.562 -1.0000 -0.0000 -0.0000
-0.690 0.690 -5.562 -1.0000 -0.0000 -0.0000
-0.690 -0.690 -5.562 -1.0000 -0.0000 -0.0000
0.690 -0.690 -6.562 1.0000 0.0000 0.0000
0.690 0.690 -6.562 1.0000 0.0000 0.0000
0.690 0.690 -5.562 1.0000 0.0000 0.0000
0.690 -0.690 -5.562 1.0000 0.0000 0.0000
-0.690 -0.690 -6.562 -0.0000 -1.0000 -0.0000
0.690 -0.690 -6.562 -0.0000 -1.0000 -0.0000
0.690 -0.690 -5.562 -0.0000 -1.0000 -0.0000
-0.690 -0.690 -5.562 -0.0000 -1.0000 -0.0000
-0.690 0.690 -6.562 0.0000 1.0000 0.0000
0.690 0.690 -6.562 0.0000 1.0000 0.0000
0.690 0.690 -5.562 0.0000 1.0000 0.0000
-0.690 0.690 -5.562 0.0000 1.0000 0.0000
-0.690 -0.690 -6.562 -0.0000 -0.0000 -1.0000
0.690 -0.690 -6.562 -0.0000 -0.0000 -1.0000
0.690 0.690 -6.562 -0.0000 -0.0000 -1.0000
-0.690 0.690 -6.562 -0.0000 -0.0000 -1.0000
-0.690 -0.690 -5.562 0.0000 0.0000 1.0000
0.690 -0.690 -5.562 0.0000 0.0000 1.0000
0.690 0.690 -5.562 0.0000 0.0000 1.0000
-0.690 0.690 -5.562 0.0000 0.0000 1.0000
0 2 1
0 3 2
4 5 6
4 6 7
8 9 10
8 10 11
12 14 13
12 15 14
16 18 17
16 19 18
20 21 22
20 22 23
24 26 25
24 27 26
28 29 30
28 30 31
32 33 34
32 34 35
36 38 37
36 39 38
40 42 41
40 43 42
44 45 46
44 46 47
LABEL kang_shin_8
MATERIAL 9
TEXTURE 0
GEOM 48 24 ;kang_shin_8
-0.540 -0.540 -6.562 -1.0000 -0.0000 -0.0000
-0.540 0.540 -6.562 -1.0000 -0.0000 -0.0000
-0.540 0.540 1.738 -1.0000 -0.0000 -0.0000
-0.540 -0.540 1.738 -1.0000 -0.0000 -0.0000
0.540 -0.540 -6.562 1.0000 0.0000 0.0000
0.540 0.540 -6.562 1.0000 0.0000 0.0000
0.540 0.540 1.738 1.0000 0.0000 0.0000
0.540 -0.540 1.738 1.0000 0.0000 0.0000
-0.540 -0.540 -6.562 -0.0000 -1.0000 -0.0000
0.540 -0.540 -6.562 -0.0000 -1.0000 -0.0000
0.540 -0.540 1.738 -0.0000 -1.0000 -0.0000
-0.540 -0.540 1.738 -0.0000 -1.0000 -0.0000
-0.540 0.540 -6.562 0.0000 1.0000 0.0000
0.540 0.540 -6.562 0.0000 1.0000 0.0000
0.540 0.540 1.738 0.0000 1.0000 0.0000
-0.540 0.540 1.738 0.0000 1.0000 0.0000
-0.540 -0.540 -6.562 -0.0000 -0.0000 -1.0000
0.540 -0.540 -6.562 -0.0000 -0.0000 -1.0000
0.540 0.540 -6.562 -0.0000 -0.0000 -1.0000
-0.540 0.540 -6.562 -0.0000 -0.0000 -1.0000
-0.540 -0.540 1.738 0.0000 0.0000 1.0000
0.540 -0.540 1.738 0.0000 0.0000 1.0000
0.540 0.540 1.738 0.0000 0.0000 1.0000
-0.540 0.540 1.738 0.0000 0.0000 1.0000
-0.620 -0.620 -6.562 -1.0000 -0.0000 -0.0000
-0.620 0.620 -6.562 -1.0000 -0.0000 -0.0000
-0.620 0.620 -5.562 -1.0000 -0.0000 -0.0000
-0.620 -0.620 -5.562 -1.0000 -0.0000 -0.0000
0.620 -0.620 -6.562 1.0000 0.0000 0.0000
0.620 0.620 -6.562 1.0000 0.0000 0.0000
0.620 0.620 -5.562 1.0000 0.0000 0.0000
0.620 -0.620 -5.562 1.0000 0.0000 0.0000
-0.620 -0.620 -6.562 -0.0000 -1.0000 -0.0000
0.620 -0.620 -6.562 -0.0000 -1.0000 -0.0000
0.620 -0.620 -5.562 -0.0000 -1.0000 -0.0000
-0.620 -0.620 -5.562 -0.0000 -1.0000 -0.0000
-0.620 0.620 -6.562 0.0000 1.0000 0.0000
0.620 0.620 -6.562 0.0000 1.0000 0.0000
0.620 0.620 -5.562 0.0000 1.0000 0.0000
-0.620 0.620 -5.562 0.0000 1.0000 0.0000
-0.620 -0.620 -6.562 -0.0000 -0.0000 -1.0000
0.620 -0.620 -6.562 -0.0000 -0.0000 -1.0000
0.620 0.620 -6.562 -0.0000 -0.0000 -1.0000
-0.620 0.620 -6.562 -0.0000 -0.0000 -1.0000
-0.620 -0.620 -5.562 0.0000 0.0000 1.0000
0.620 -0.620 -5.562 0.0000 0.0000 1.0000
0.620 0.620 -5.562 0.0000 0.0000 1.0000
-0.620 0.620 -5.562 0.0000 0.0000 1.0000
0 2 1
0 3 2
4 5 6
4 6 7
8 9 10
8 10 11
12 14 13
12 15 14
16 18 17
16 19 18
20 21 22
20 22 23
24 26 25
24 27 26
28 29 30
28 30 31
32 33 34
32 34 35
36 38 37
36 39 38
40 42 41
40 43 42
44 45 46
44 46 47
LABEL kang_ankle
MATERIAL 7
TEXTURE 0
GEOM 114 144 ;kang_ankle
0.350 0.000 2.238 1.0000 -0.0000 0.0000
0.303 -0.175 2.238 0.8660 -0.5000 0.0000
0.175 -0.303 2.238 0.5000 -0.8660 0.0000
0.000 -0.350 2.238 0.0000 -1.0000 0.0000
-0.175 -0.303 2.238 -0.5000 -0.8660 -0.0000
-0.303 -0.175 2.238 -0.8660 -0.5000 -0.0000
-0.350 0.000 2.238 -1.0000 -0.0000 -0.0000
-0.303 0.175 2.238 -0.8660 0.5000 0.0000
-0.175 0.303 2.238 -0.5000 0.8660 0.0000
0.000 0.350 2.238 -0.0000 1.0000 0.0000
0.175 0.303 2.238 0.5000 0.8660 0.0000
0.303 0.175 2.238 0.8660 0.5000 0.0000
0.350 0.000 1.138 1.0000 -0.0000 0.0000
0.303 -0.175 1.138 0.8660 -0.5000 0.0000
0.175 -0.303 1.138 0.5000 -0.8660 0.0000
0.000 -0.350 1.138 0.0000 -1.0000 0.0000
-0.175 -0.303 1.138 -0.5000 -0.8660 -0.0000
-0.303 -0.175 1.138 -0.8660 -0.5000 -0.0000
-0.350 0.000 1.138 -1.0000 -0.0000 -0.0000
-0.303 0.175 1.138 -0.8660 0.5000 0.0000
-0.175 0.303 1.138 -0.5000 0.8660 0.0000
0.000 0.350 1.138 -0.0000 1.0000 0.0000
0.175 0.303 1.138 0.5000 0.8660 0.0000
0.303 0.175 1.138 0.8660 0.5000 0.0000
0.000 0.000 2.238 -0.0000 -0.0000 1.0000
0.350 0.000 2.238 -0.0000 -0.0000 1.0000
0.303 -0.175 2.238 -0.0000 -0.0000 1.0000
0.175 -0.303 2.238 -0.0000 -0.0000 1.0000
0.000 -0.350 2.238 -0.0000 -0.0000 1.0000
-0.175 -0.303 2.238 -0.0000 -0.0000 1.0000
-0.303 -0.175 2.238 -0.0000 -0.0000 1.0000
-0.350 0.000 2.238 -0.0000 -0.0000 1.0000
-0.303 0.175 2.238 -0.0000 -0.0000 1.0000
-0.175 0.303 2.238 -0.0000 -0.0000 1.0000
0.000 0.350 2.238 -0.0000 -0.0000 1.0000
0.175 0.303 2.238 -0.0000 -0.0000 1.0000
0.303 0.175 2.238 -0.0000 -0.0000 1.0000
0.000 0.000 1.138 0.0000 0.0000 -1.0000
0.350 0.000 1.138 0.0000 0.0000 -1.0000
0.303 -0.175 1.138 0.0000 0.0000 -1.0000
0.175 -0.303 1.138 0.0000 0.0000 -1.0000
0.000 -0.350 1.138 0.0000 0.0000 -1.0000
-0.175 -0.303 1.138 0.0000 0.0000 -1.0000
-0.303 -0.175 1.138 0.0000 0.0000 -1.0000
-0.350 0.000 1.138 0.0000 0.0000 -1.0000
-0.303 0.175 1.138 0.0000 0.0000 -1.0000
-0.175 0.303 1.138 0.0000 0.0000 -1.0000
0.000 0.350 1.138 0.0000 0.0000 -1.0000
0.175 0.303 1.138 0.0000 0.0000 -1.0000
0.303 0.175 1.138 0.0000 0.0000 -1.0000
0.000 0.000 2.638 0.0000 -0.0000 1.0000
0.000 0.000 2.638 0.0000 -0.0000 1.0000
0.000 0.000 2.638 0.0000 -0.0000 1.0000
0.000 0.000 2.638 0.0000 -0.0000 1.0000
0.000 0.000 2.638 0.0000 -0.0000 1.0000
0.000 0.000 2.638 -0.0000 -0.0000 1.0000
0.000 0.000 2.638 -0.0000 -0.0000 1.0000
0.000 0.000 2.638 -0.0000 -0.0000 1.0000
0.000 0.000 2.638 -0.0000 -0.0000 1.0000
0.000 0.000 2.638 -0.0000 0.0000 1.0000
0.000 0.000 2.638 -0.0000 0.0000 1.0000
0.000 0.000 2.638 -0.0000 0.0000 1.0000
0.000 0.000 2.638 -0.0000 0.0000 1.0000
0.000 0.000 2.638 0.0000 0.0000 1.0000
0.000 0.000 2.638 0.0000 0.0000 1.0000
0.000 0.000 2.638 0.0000 0.0000 1.0000
0.500 0.000 2.638 0.7593 -0.0000 0.6508
0.462 -0.191 2.638 0.7015 -0.2906 0.6508
0.354 -0.354 2.638 0.5369 -0.5369 0.6508
0.191 -0.462 2.638 0.2906 -0.7015 0.6508
0.000 -0.500 2.638 0.0000 -0.7593 0.6508
-0.191 -0.462 2.638 -0.2906 -0.7015 0.6508
-0.354 -0.354 2.638 -0.5369 -0.5369 0.6508
-0.462 -0.191 2.638 -0.7015 -0.2906 0.6508
-0.500 0.000 2.638 -0.7593 -0.0000 0.6508
-0.462 0.191 2.638 -0.7015 0.2906 0.6508
-0.354 0.354 2.638 -0.5369 0.5369 0.6508
-0.191 0.462 2.638 -0.2906 0.7015 0.6508
0.000 0.500 2.638 -0.0000 0.7593 0.6508
0.191 0.462 2.638 0.2906 0.7015 0.6508
0.354 0.354 2.638 0.5369 0.5369 0.6508
0.462 0.191 2.638 0.7015 0.2906 0.6508
0.600 0.000 1.938 0.8944 0.0000 -0.4472
0.554 -0.230 1.938 0.8263 -0.3423 -0.4472
0.424 -0.424 1.938 0.6325 -0.6325 -0.4472
0.230 -0.554 1.938 0.3423 -0.8263 -0.4472
0.000 -0.600 1.938 0.0000 -0.8944 -0.4472
-0.230 -0.554 1.938 -0.3423 -0.8263 -0.4472
-0.424 -0.424 1.938 -0.6325 -0.6325 -0.4472
-0.554 -0.230 1.938 -0.8263 -0.3423 -0.4472
-0.600 0.000 1.938 -0.8944 -0.0000 -0.4472
-0.554 0.230 1.938 -0.8263 0.3423 -0.4472
-0.424 0.424 1.938 -0.6325 0.6325 -0.4472
-0.230 0.554 1.938 -0.3423 0.8263 -0.4472
0.000 0.600 1.938 -0.0000 0.8944 -0.4472
0.230 0.554 1.938 0.3423 0.8263 -0.4472
0.424 0.424 1.938 0.6325 0.6325 -0.4472
0.554 0.230 1.938 0.8263 0.3423 -0.4472
0.000 0.000 1.638 0.4472 0.0000 -0.8944
0.000 0.000 1.638 0.4132 -0.1711 -0.8944
0.000 0.000 1.638 0.3162 -0.3162 -0.8944
0.000 0.000 1.638 0.1711 -0.4132 -0.8944
0.000 0.000 1.638 0.0000 -0.4472 -0.8944
0.000 0.000 1.638 -0.1711 -0.4132 -0.8944
0.000 0.000 1.638 -0.3162 -0.3162 -0.8944
0.000 0.000 1.638 -0.4132 -0.1711 -0.8944
0.000 0.000 1.638 -0.4472 -0.0000 -0.8944
0.000 0.000 1.638 -0.4132 0.1711 -0.8944
0.000 0.000 1.638 -0.3162 0.3162 -0.8944
0.000 0.000 1.638 -0.1711 0.4132 -0.8944
0.000 0.000 1.638 -0.0000 0.4472 -0.8944
0.000 0.000 1.638 0.1711 0.4132 -0.8944
0.000 0.000 1.638 0.3162 0.3162 -0.8944
0.000 0.000 1.638 0.4132 0.1711 -0.8944
0 1 13
0 13 12
1 2 14
1 14 13
2 3 15
2 15 14
3 4 16
3 16 15
4 5 17
4 17 16
5 6 18
5 18 17
6 7 19
6 19 18
7 8 20
7 20 19
8 9 21
8 21 20
9 10 22
9 22 21
10 11 23
10 23 22
11 0 12
11 12 23
24 26 25
24 27 26
24 28 27
24 29 28
24 30 29
24 31 30
24 32 31
24 33 32
24 34 33
24 35 34
24 36 35
24 25 36
37 38 39
37 39 40
37 40 41
37 41 42
37 42 43
37 43 44
37 44 45
37 45 46
37 46 47
37 47 48
37 48 49
37 49 38
50 51 67
50 67 66
51 52 68
51 68 67
52 53 69
52 69 68
53 54 70
53 70 69
54 55 71
54 71 70
55 56 72
55 72 71
56 57 73
56 73 72
57 58 74
57 74 73
58 59 75
58 75 74
59 60 76
59 76 75
60 61 77
60 77 76
61 62 78
61 78 77
62 63 79
62 79 78
63 64 80
63 80 79
64 65 81
64 81 80
65 50 66
65 66 81
66 67 83
66 83 82
67 68 84
67 84 83
68 69 85
68 85 84
69 70 86
69 86 85
70 71 87
70 87 86
71 72 88
71 88 87
72 73 89
72 89 88
73 74 90
73 90 89
74 75 91
74 91 90
75 76 92
75 92 91
76 77 93
76 93 92
77 78 94
77 94 93
78 79 95
78 95 94
79 80 96
79 96 95
80 81 97
80 97 96
81 66 82
81 82 97
82 83 99
82 99 98
83 84 100
83 100 99
84 85 101
84 101 100
85 86 102
85 102 101
86 87 103
86 103 102
87 88 104
87 104 103
88 89 105
88 105 104
89 90 106
89 106 105
90 91 107
90 107 106
91 92 108
91 108 107
92 93 109
92 109 108
93 94 110
93 110 109
94 95 111
94 111 110
95 96 112
95 112 111
96 97 113
96 113 112
97 82 98
97 98 113
LABEL kfoot_hub
MATERIAL 7
TEXTURE 0
GEOM 576 672 ;kfoot_hub
0.000 0.000 4.038 0.0000 -0.0000 1.0000
0.000 0.000 4.038 0.0000 -0.0000 1.0000
0.000 0.000 4.038 0.0000 -0.0000 1.0000
0.000 0.000 4.038 0.0000 -0.0000 1.0000
0.000 0.000 4.038 0.0000 -0.0000 1.0000
0.000 0.000 4.038 0.0000 -0.0000 1.0000
0.000 0.000 4.038 0.0000 -0.0000 1.0000
0.000 0.000 4.038 -0.0000 -0.0000 1.0000
0.000 0.000 4.038 -0.0000 -0.0000 1.0000
0.000 0.000 4.038 -0.0000 -0.0000 1.0000
0.000 0.000 4.038 -0.0000 -0.0000 1.0000
0.000 0.000 4.038 -0.0000 -0.0000 1.0000
0.000 0.000 4.038 -0.0000 -0.0000 1.0000
0.000 0.000 4.038 -0.0000 0.0000 1.0000
0.000 0.000 4.038 -0.0000 0.0000 1.0000
0.000 0.000 4.038 -0.0000 0.0000 1.0000
0.000 0.000 4.038 -0.0000 0.0000 1.0000
0.000 0.000 4.038 -0.0000 0.0000 1.0000
0.000 0.000 4.038 -0.0000 0.0000 1.0000
0.000 0.000 4.038 0.0000 0.0000 1.0000
0.000 0.000 4.038 0.0000 0.0000 1.0000
0.000 0.000 4.038 0.0000 0.0000 1.0000
0.000 0.000 4.038 0.0000 0.0000 1.0000
0.000 0.000 4.038 0.0000 0.0000 1.0000
0.600 0.000 4.038 0.7071 -0.0000 0.7071
0.580 -0.155 4.038 0.6830 -0.1830 0.7071
0.520 -0.300 4.038 0.6124 -0.3536 0.7071
0.424 -0.424 4.038 0.5000 -0.5000 0.7071
0.300 -0.520 4.038 0.3536 -0.6124 0.7071
0.155 -0.580 4.038 0.1830 -0.6830 0.7071
0.000 -0.600 4.038 0.0000 -0.7071 0.7071
-0.155 -0.580 4.038 -0.1830 -0.6830 0.7071
-0.300 -0.520 4.038 -0.3536 -0.6124 0.7071
-0.424 -0.424 4.038 -0.5000 -0.5000 0.7071
-0.520 -0.300 4.038 -0.6124 -0.3536 0.7071
-0.580 -0.155 4.038 -0.6830 -0.1830 0.7071
-0.600 0.000 4.038 -0.7071 -0.0000 0.7071
-0.580 0.155 4.038 -0.6830 0.1830 0.7071
-0.520 0.300 4.038 -0.6124 0.3536 0.7071
-0.424 0.424 4.038 -0.5000 0.5000 0.7071
-0.300 0.520 4.038 -0.3536 0.6124 0.7071
-0.155 0.580 4.038 -0.1830 0.6830 0.7071
0.000 0.600 4.038 -0.0000 0.7071 0.7071
0.155 0.580 4.038 0.1830 0.6830 0.7071
0.300 0.520 4.038 0.3536 0.6124 0.7071
0.424 0.424 4.038 0.5000 0.5000 0.7071
0.520 0.300 4.038 0.6124 0.3536 0.7071
0.580 0.155 4.038 0.6830 0.1830 0.7071
0.600 0.000 3.438 1.0000 -0.0000 0.0000
0.580 -0.155 3.438 0.9659 -0.2588 0.0000
0.520 -0.300 3.438 0.8660 -0.5000 0.0000
0.424 -0.424 3.438 0.7071 -0.7071 0.0000
0.300 -0.520 3.438 0.5000 -0.8660 0.0000
0.155 -0.580 3.438 0.2588 -0.9659 0.0000
0.000 -0.600 3.438 0.0000 -1.0000 0.0000
-0.155 -0.580 3.438 -0.2588 -0.9659 0.0000
-0.300 -0.520 3.438 -0.5000 -0.8660 0.0000
-0.424 -0.424 3.438 -0.7071 -0.7071 0.0000
-0.520 -0.300 3.438 -0.8660 -0.5000 0.0000
-0.580 -0.155 3.438 -0.9659 -0.2588 0.0000
-0.600 0.000 3.438 -1.0000 -0.0000 0.0000
-0.580 0.155 3.438 -0.9659 0.2588 0.0000
-0.520 0.300 3.438 -0.8660 0.5000 0.0000
-0.424 0.424 3.438 -0.7071 0.7071 0.0000
-0.300 0.520 3.438 -0.5000 0.8660 0.0000
-0.155 0.580 3.438 -0.2588 0.9659 0.0000
0.000 0.600 3.438 -0.0000 1.0000 0.0000
0.155 0.580 3.438 0.2588 0.9659 0.0000
0.300 0.520 3.438 0.5000 0.8660 0.0000
0.424 0.424 3.438 0.7071 0.7071 0.0000
0.520 0.300 3.438 0.8660 0.5000 0.0000
0.580 0.155 3.438 0.9659 0.2588 0.0000
0.600 0.000 3.288 0.9965 0.0000 -0.0830
0.580 -0.155 3.288 0.9626 -0.2579 -0.0830
0.520 -0.300 3.288 0.8630 -0.4983 -0.0830
0.424 -0.424 3.288 0.7047 -0.7047 -0.0830
0.300 -0.520 3.288 0.4983 -0.8630 -0.0830
0.155 -0.580 3.288 0.2579 -0.9626 -0.0830
0.000 -0.600 3.288 0.0000 -0.9965 -0.0830
-0.155 -0.580 3.288 -0.2579 -0.9626 -0.0830
-0.300 -0.520 3.288 -0.4983 -0.8630 -0.0830
-0.424 -0.424 3.288 -0.7047 -0.7047 -0.0830
-0.520 -0.300 3.288 -0.8630 -0.4983 -0.0830
-0.580 -0.155 3.288 -0.9626 -0.2579 -0.0830
-0.600 0.000 3.288 -0.9965 -0.0000 -0.0830
-0.580 0.155 3.288 -0.9626 0.2579 -0.0830
-0.520 0.300 3.288 -0.8630 0.4983 -0.0830
-0.424 0.424 3.288 -0.7047 0.7047 -0.0830
-0.300 0.520 3.288 -0.4983 0.8630 -0.0830
-0.155 0.580 3.288 -0.2579 0.9626 -0.0830
0.000 0.600 3.288 -0.0000 0.9965 -0.0830
0.155 0.580 3.288 0.2579 0.9626 -0.0830
0.300 0.520 3.288 0.4983 0.8630 -0.0830
0.424 0.424 3.288 0.7047 0.7047 -0.0830
0.520 0.300 3.288 0.8630 0.4983 -0.0830
0.580 0.155 3.288 0.9626 0.2579 -0.0830
0.550 0.000 2.838 0.9829 -0.0000 0.1843
0.531 -0.142 2.838 0.9494 -0.2544 0.1843
0.476 -0.275 2.838 0.8512 -0.4914 0.1843
0.389 -0.389 2.838 0.6950 -0.6950 0.1843
0.275 -0.476 2.838 0.4914 -0.8512 0.1843
0.142 -0.531 2.838 0.2544 -0.9494 0.1843
0.000 -0.550 2.838 0.0000 -0.9829 0.1843
-0.142 -0.531 2.838 -0.2544 -0.9494 0.1843
-0.275 -0.476 2.838 -0.4914 -0.8512 0.1843
-0.389 -0.389 2.838 -0.6950 -0.6950 0.1843
-0.476 -0.275 2.838 -0.8512 -0.4914 0.1843
-0.531 -0.142 2.838 -0.9494 -0.2544 0.1843
-0.550 0.000 2.838 -0.9829 -0.0000 0.1843
-0.531 0.142 2.838 -0.9494 0.2544 0.1843
-0.476 0.275 2.838 -0.8512 0.4914 0.1843
-0.389 0.389 2.838 -0.6950 0.6950 0.1843
-0.275 0.476 2.838 -0.4914 0.8512 0.1843
-0.142 0.531 2.838 -0.2544 0.9494 0.1843
0.000 0.550 2.838 -0.0000 0.9829 0.1843
0.142 0.531 2.838 0.2544 0.9494 0.1843
0.275 0.476 2.838 0.4914 0.8512 0.1843
0.389 0.389 2.838 0.6950 0.6950 0.1843
0.476 0.275 2.838 0.8512 0.4914 0.1843
0.531 0.142 2.838 0.9494 0.2544 0.1843
0.750 0.000 2.488 0.8654 0.0000 -0.5010
0.724 -0.194 2.488 0.8359 -0.2240 -0.5010
0.650 -0.375 2.488 0.7495 -0.4327 -0.5010
0.530 -0.530 2.488 0.6119 -0.6119 -0.5010
0.375 -0.650 2.488 0.4327 -0.7495 -0.5010
0.194 -0.724 2.488 0.2240 -0.8359 -0.5010
0.000 -0.750 2.488 0.0000 -0.8654 -0.5010
-0.194 -0.724 2.488 -0.2240 -0.8359 -0.5010
-0.375 -0.650 2.488 -0.4327 -0.7495 -0.5010
-0.530 -0.530 2.488 -0.6119 -0.6119 -0.5010
-0.650 -0.375 2.488 -0.7495 -0.4327 -0.5010
-0.724 -0.194 2.488 -0.8359 -0.2240 -0.5010
-0.750 0.000 2.488 -0.8654 -0.0000 -0.5010
-0.724 0.194 2.488 -0.8359 0.2240 -0.5010
-0.650 0.375 2.488 -0.7495 0.4327 -0.5010
-0.530 0.530 2.488 -0.6119 0.6119 -0.5010
-0.375 0.650 2.488 -0.4327 0.7495 -0.5010
-0.194 0.724 2.488 -0.2240 0.8359 -0.5010
-0.000 0.750 2.488 -0.0000 0.8654 -0.5010
0.194 0.724 2.488 0.2240 0.8359 -0.5010
0.375 0.650 2.488 0.4327 0.7495 -0.5010
0.530 0.530 2.488 0.6119 0.6119 -0.5010
0.650 0.375 2.488 0.7495 0.4327 -0.5010
0.724 0.194 2.488 0.8359 0.2240 -0.5010
0.000 0.000 1.888 0.6247 0.0000 -0.7809
0.000 0.000 1.888 0.6034 -0.1617 -0.7809
0.000 0.000 1.888 0.5410 -0.3123 -0.7809
0.000 0.000 1.888 0.4417 -0.4417 -0.7809
0.000 0.000 1.888 0.3123 -0.5410 -0.7809
0.000 0.000 1.888 0.1617 -0.6034 -0.7809
0.000 0.000 1.888 0.0000 -0.6247 -0.7809
0.000 0.000 1.888 -0.1617 -0.6034 -0.7809
0.000 0.000 1.888 -0.3123 -0.5410 -0.7809
0.000 0.000 1.888 -0.4417 -0.4417 -0.7809
0.000 0.000 1.888 -0.5410 -0.3123 -0.7809
0.000 0.000 1.888 -0.6034 -0.1617 -0.7809
0.000 0.000 1.888 -0.6247 -0.0000 -0.7809
0.000 0.000 1.888 -0.6034 0.1617 -0.7809
0.000 0.000 1.888 -0.5410 0.3123 -0.7809
0.000 0.000 1.888 -0.4417 0.4417 -0.7809
0.000 0.000 1.888 -0.3123 0.5410 -0.7809
0.000 0.000 1.888 -0.1617 0.6034 -0.7809
0.000 0.000 1.888 -0.0000 0.6247 -0.7809
0.000 0.000 1.888 0.1617 0.6034 -0.7809
0.000 0.000 1.888 0.3123 0.5410 -0.7809
0.000 0.000 1.888 0.4417 0.4417 -0.7809
0.000 0.000 1.888 0.5410 0.3123 -0.7809
0.000 0.000 1.888 0.6034 0.1617 -0.7809
-0.180 -0.566 3.918 0.0000 0.0000 1.0000
-0.147 -0.689 3.865 0.1830 -0.6830 0.7071
-0.133 -0.740 3.738 0.2588 -0.9659 0.0000
-0.147 -0.689 3.610 0.1830 -0.6830 -0.7071
-0.180 -0.566 3.558 0.0000 -0.0000 -1.0000
-0.213 -0.443 3.610 -0.1830 0.6830 -0.7071
-0.226 -0.392 3.738 -0.2588 0.9659 -0.0000
-0.213 -0.443 3.865 -0.1830 0.6830 0.7071
0.439 -0.400 3.918 0.0000 0.0000 1.0000
0.471 -0.523 3.865 0.1830 -0.6830 0.7071
0.485 -0.574 3.738 0.2588 -0.9659 0.0000
0.471 -0.523 3.610 0.1830 -0.6830 -0.7071
0.439 -0.400 3.558 0.0000 -0.0000 -1.0000
0.406 -0.277 3.610 -0.1830 0.6830 -0.7071
0.392 -0.226 3.738 -0.2588 0.9659 -0.0000
0.406 -0.277 3.865 -0.1830 0.6830 0.7071
-0.180 -0.566 3.738 -0.9659 -0.2588 -0.0000
-0.180 -0.566 3.918 -0.9659 -0.2588 -0.0000
-0.147 -0.689 3.865 -0.9659 -0.2588 -0.0000
-0.133 -0.740 3.738 -0.9659 -0.2588 -0.0000
-0.147 -0.689 3.610 -0.9659 -0.2588 -0.0000
-0.180 -0.566 3.558 -0.9659 -0.2588 -0.0000
-0.213 -0.443 3.610 -0.9659 -0.2588 -0.0000
-0.226 -0.392 3.738 -0.9659 -0.2588 -0.0000
-0.213 -0.443 3.865 -0.9659 -0.2588 -0.0000
0.439 -0.400 3.738 0.9659 0.2588 0.0000
0.439 -0.400 3.918 0.9659 0.2588 0.0000
0.471 -0.523 3.865 0.9659 0.2588 0.0000
0.485 -0.574 3.738 0.9659 0.2588 0.0000
0.471 -0.523 3.610 0.9659 0.2588 0.0000
0.439 -0.400 3.558 0.9659 0.2588 0.0000
0.406 -0.277 3.610 0.9659 0.2588 0.0000
0.392 -0.226 3.738 0.9659 0.2588 0.0000
0.406 -0.277 3.865 0.9659 0.2588 0.0000
0.127 -0.580 3.918 0.0000 0.0000 1.0000
0.217 -0.670 3.865 0.5000 -0.5000 0.7071
0.255 -0.707 3.738 0.7071 -0.7071 0.0000
0.217 -0.670 3.610 0.5000 -0.5000 -0.7071
0.127 -0.580 3.558 0.0000 -0.0000 -1.0000
0.037 -0.490 3.610 -0.5000 0.5000 -0.7071
0.000 -0.453 3.738 -0.7071 0.7071 -0.0000
0.037 -0.490 3.865 -0.5000 0.5000 0.7071
0.580 -0.127 3.918 0.0000 0.0000 1.0000
0.670 -0.217 3.865 0.5000 -0.5000 0.7071
0.707 -0.255 3.738 0.7071 -0.7071 0.0000
0.670 -0.217 3.610 0.5000 -0.5000 -0.7071
0.580 -0.127 3.558 0.0000 -0.0000 -1.0000
0.490 -0.037 3.610 -0.5000 0.5000 -0.7071
0.453 0.000 3.738 -0.7071 0.7071 -0.0000
0.490 -0.037 3.865 -0.5000 0.5000 0.7071
0.127 -0.580 3.738 -0.7071 -0.7071 -0.0000
0.127 -0.580 3.918 -0.7071 -0.7071 -0.0000
0.217 -0.670 3.865 -0.7071 -0.7071 -0.0000
0.255 -0.707 3.738 -0.7071 -0.7071 -0.0000
0.217 -0.670 3.610 -0.7071 -0.7071 -0.0000
0.127 -0.580 3.558 -0.7071 -0.7071 -0.0000
0.037 -0.490 3.610 -0.7071 -0.7071 -0.0000
0.000 -0.453 3.738 -0.7071 -0.7071 -0.0000
0.037 -0.490 3.865 -0.7071 -0.7071 -0.0000
0.580 -0.127 3.738 0.7071 0.7071 0.0000
0.580 -0.127 3.918 0.7071 0.7071 0.0000
0.670 -0.217 3.865 0.7071 0.7071 0.0000
0.707 -0.255 3.738 0.7071 0.7071 0.0000
0.670 -0.217 3.610 0.7071 0.7071 0.0000
0.580 -0.127 3.558 0.7071 0.7071 0.0000
0.490 -0.037 3.610 0.7071 0.7071 0.0000
0.453 0.000 3.738 0.7071 0.7071 0.0000
0.490 -0.037 3.865 0.7071 0.7071 0.0000
0.400 -0.439 3.558 0.0000 0.0000 -1.0000
0.277 -0.406 3.610 -0.6830 0.1830 -0.7071
0.226 -0.392 3.738 -0.9659 0.2588 -0.0000
0.277 -0.406 3.865 -0.6830 0.1830 0.7071
0.400 -0.439 3.918 -0.0000 0.0000 1.0000
0.523 -0.471 3.865 0.6830 -0.1830 0.7071
0.574 -0.485 3.738 0.9659 -0.2588 0.0000
0.523 -0.471 3.610 0.6830 -0.1830 -0.7071
0.566 0.180 3.558 0.0000 0.0000 -1.0000
0.443 0.213 3.610 -0.6830 0.1830 -0.7071
0.392 0.226 3.738 -0.9659 0.2588 -0.0000
0.443 0.213 3.865 -0.6830 0.1830 0.7071
0.566 0.180 3.918 -0.0000 0.0000 1.0000
0.689 0.147 3.865 0.6830 -0.1830 0.7071
0.740 0.133 3.738 0.9659 -0.2588 0.0000
0.689 0.147 3.610 0.6830 -0.1830 -0.7071
0.400 -0.439 3.738 -0.2588 -0.9659 -0.0000
0.400 -0.439 3.558 -0.2588 -0.9659 -0.0000
0.277 -0.406 3.610 -0.2588 -0.9659 -0.0000
0.226 -0.392 3.738 -0.2588 -0.9659 -0.0000
0.277 -0.406 3.865 -0.2588 -0.9659 -0.0000
0.400 -0.439 3.918 -0.2588 -0.9659 -0.0000
0.523 -0.471 3.865 -0.2588 -0.9659 -0.0000
0.574 -0.485 3.738 -0.2588 -0.9659 -0.0000
0.523 -0.471 3.610 -0.2588 -0.9659 -0.0000
0.566 0.180 3.738 0.2588 0.9659 0.0000
0.566 0.180 3.558 0.2588 0.9659 0.0000
0.443 0.213 3.610 0.2588 0.9659 0.0000
0.392 0.226 3.738 0.2588 0.9659 0.0000
0.443 0.213 3.865 0.2588 0.9659 0.0000
0.566 0.180 3.918 0.2588 0.9659 0.0000
0.689 0.147 3.865 0.2588 0.9659 0.0000
0.740 0.133 3.738 0.2588 0.9659 0.0000
0.689 0.147 3.610 0.2588 0.9659 0.0000
0.566 -0.180 3.558 0.0000 0.0000 -1.0000
0.443 -0.213 3.610 -0.6830 -0.1830 -0.7071
0.392 -0.226 3.738 -0.9659 -0.2588 -0.0000
0.443 -0.213 3.865 -0.6830 -0.1830 0.7071
0.566 -0.180 3.918 -0.0000 -0.0000 1.0000
0.689 -0.147 3.865 0.6830 0.1830 0.7071
0.740 -0.133 3.738 0.9659 0.2588 0.0000
0.689 -0.147 3.610 0.6830 0.1830 -0.7071
0.400 0.439 3.558 0.0000 0.0000 -1.0000
0.277 0.406 3.610 -0.6830 -0.1830 -0.7071
0.226 0.392 3.738 -0.9659 -0.2588 -0.0000
0.277 0.406 3.865 -0.6830 -0.1830 0.7071
0.400 0.439 3.918 -0.0000 -0.0000 1.0000
0.523 0.471 3.865 0.6830 0.1830 0.7071
0.574 0.485 3.738 0.9659 0.2588 0.0000
0.523 0.471 3.610 0.6830 0.1830 -0.7071
0.566 -0.180 3.738 0.2588 -0.9659 -0.0000
0.566 -0.180 3.558 0.2588 -0.9659 -0.0000
0.443 -0.213 3.610 0.2588 -0.9659 -0.0000
0.392 -0.226 3.738 0.2588 -0.9659 -0.0000
0.443 -0.213 3.865 0.2588 -0.9659 -0.0000
0.566 -0.180 3.918 0.2588 -0.9659 -0.0000
0.689 -0.147 3.865 0.2588 -0.9659 -0.0000
0.740 -0.133 3.738 0.2588 -0.9659 -0.0000
0.689 -0.147 3.610 0.2588 -0.9659 -0.0000
0.400 0.439 3.738 -0.2588 0.9659 0.0000
0.400 0.439 3.558 -0.2588 0.9659 0.0000
0.277 0.406 3.610 -0.2588 0.9659 0.0000
0.226 0.392 3.738 -0.2588 0.9659 0.0000
0.277 0.406 3.865 -0.2588 0.9659 0.0000
0.400 0.439 3.918 -0.2588 0.9659 0.0000
0.523 0.471 3.865 -0.2588 0.9659 0.0000
0.574 0.485 3.738 -0.2588 0.9659 0.0000
0.523 0.471 3.610 -0.2588 0.9659 0.0000
0.580 0.127 3.558 0.0000 0.0000 -1.0000
0.490 0.037 3.610 -0.5000 -0.5000 -0.7071
0.453 0.000 3.738 -0.7071 -0.7071 -0.0000
0.490 0.037 3.865 -0.5000 -0.5000 0.7071
0.580 0.127 3.918 -0.0000 -0.0000 1.0000
0.670 0.217 3.865 0.5000 0.5000 0.7071
0.707 0.255 3.738 0.7071 0.7071 0.0000
0.670 0.217 3.610 0.5000 0.5000 -0.7071
0.127 0.580 3.558 0.0000 0.0000 -1.0000
0.037 0.490 3.610 -0.5000 -0.5000 -0.7071
0.000 0.453 3.738 -0.7071 -0.7071 -0.0000
0.037 0.490 3.865 -0.5000 -0.5000 0.7071
0.127 0.580 3.918 -0.0000 -0.0000 1.0000
0.217 0.670 3.865 0.5000 0.5000 0.7071
0.255 0.707 3.738 0.7071 0.7071 0.0000
0.217 0.670 3.610 0.5000 0.5000 -0.7071
0.580 0.127 3.738 0.7071 -0.7071 -0.0000
0.580 0.127 3.558 0.7071 -0.7071 -0.0000
0.490 0.037 3.610 0.7071 -0.7071 -0.0000
0.453 0.000 3.738 0.7071 -0.7071 -0.0000
0.490 0.037 3.865 0.7071 -0.7071 -0.0000
0.580 0.127 3.918 0.7071 -0.7071 -0.0000
0.670 0.217 3.865 0.7071 -0.7071 -0.0000
0.707 0.255 3.738 0.7071 -0.7071 -0.0000
0.670 0.217 3.610 0.7071 -0.7071 -0.0000
0.127 0.580 3.738 -0.7071 0.7071 0.0000
0.127 0.580 3.558 -0.7071 0.7071 0.0000
0.037 0.490 3.610 -0.7071 0.7071 0.0000
0.000 0.453 3.738 -0.7071 0.7071 0.0000
0.037 0.490 3.865 -0.7071 0.7071 0.0000
0.127 0.580 3.918 -0.7071 0.7071 0.0000
0.217 0.670 3.865 -0.7071 0.7071 0.0000
0.255 0.707 3.738 -0.7071 0.7071 0.0000
0.217 0.670 3.610 -0.7071 0.7071 0.0000
0.439 0.400 3.558 0.0000 0.0000 -1.0000
0.406 0.277 3.610 -0.1830 -0.6830 -0.7071
0.392 0.226 3.738 -0.2588 -0.9659 -0.0000
0.406 0.277 3.865 -0.1830 -0.6830 0.7071
0.439 0.400 3.918 -0.0000 -0.0000 1.0000
0.471 0.523 3.865 0.1830 0.6830 0.7071
0.485 0.574 3.738 0.2588 0.9659 0.0000
0.471 0.523 3.610 0.1830 0.6830 -0.7071
-0.180 0.566 3.558 0.0000 0.0000 -1.0000
-0.213 0.443 3.610 -0.1830 -0.6830 -0.7071
-0.226 0.392 3.738 -0.2588 -0.9659 -0.0000
-0.213 0.443 3.865 -0.1830 -0.6830 0.7071
-0.180 0.566 3.918 -0.0000 -0.0000 1.0000
-0.147 0.689 3.865 0.1830 0.6830 0.7071
-0.133 0.740 3.738 0.2588 0.9659 0.0000
-0.147 0.689 3.610 0.1830 0.6830 -0.7071
0.439 0.400 3.738 0.9659 -0.2588 -0.0000
0.439 0.400 3.558 0.9659 -0.2588 -0.0000
0.406 0.277 3.610 0.9659 -0.2588 -0.0000
0.392 0.226 3.738 0.9659 -0.2588 -0.0000
0.406 0.277 3.865 0.9659 -0.2588 -0.0000
0.439 0.400 3.918 0.9659 -0.2588 -0.0000
0.471 0.523 3.865 0.9659 -0.2588 -0.0000
0.485 0.574 3.738 0.9659 -0.2588 -0.0000
0.471 0.523 3.610 0.9659 -0.2588 -0.0000
-0.180 0.566 3.738 -0.9659 0.2588 0.0000
-0.180 0.566 3.558 -0.9659 0.2588 0.0000
-0.213 0.443 3.610 -0.9659 0.2588 0.0000
-0.226 0.392 3.738 -0.9659 0.2588 0.0000
-0.213 0.443 3.865 -0.9659 0.2588 0.0000
-0.180 0.566 3.918 -0.9659 0.2588 0.0000
-0.147 0.689 3.865 -0.9659 0.2588 0.0000
-0.133 0.740 3.738 -0.9659 0.2588 0.0000
-0.147 0.689 3.610 -0.9659 0.2588 0.0000
0.180 0.566 3.558 0.0000 0.0000 -1.0000
0.213 0.443 3.610 0.1830 -0.6830 -0.7071
0.226 0.392 3.738 0.2588 -0.9659 -0.0000
0.213 0.443 3.865 0.1830 -0.6830 0.7071
0.180 0.566 3.918 0.0000 -0.0000 1.0000
0.147 0.689 3.865 -0.1830 0.6830 0.7071
0.133 0.740 3.738 -0.2588 0.9659 0.0000
0.147 0.689 3.610 -0.1830 0.6830 -0.7071
-0.439 0.400 3.558 0.0000 0.0000 -1.0000
-0.406 0.277 3.610 0.1830 -0.6830 -0.7071
-0.392 0.226 3.738 0.2588 -0.9659 -0.0000
-0.406 0.277 3.865 0.1830 -0.6830 0.7071
-0.439 0.400 3.918 0.0000 -0.0000 1.0000
-0.471 0.523 3.865 -0.1830 0.6830 0.7071
-0.485 0.574 3.738 -0.2588 0.9659 0.0000
-0.471 0.523 3.610 -0.1830 0.6830 -0.7071
0.180 0.566 3.738 0.9659 0.2588 -0.0000
0.180 0.566 3.558 0.9659 0.2588 -0.0000
0.213 0.443 3.610 0.9659 0.2588 -0.0000
0.226 0.392 3.738 0.9659 0.2588 -0.0000
0.213 0.443 3.865 0.9659 0.2588 -0.0000
0.180 0.566 3.918 0.9659 0.2588 -0.0000
0.147 0.689 3.865 0.9659 0.2588 -0.0000
0.133 0.740 3.738 0.9659 0.2588 -0.0000
0.147 0.689 3.610 0.9659 0.2588 -0.0000
-0.439 0.400 3.738 -0.9659 -0.2588 0.0000
-0.439 0.400 3.558 -0.9659 -0.2588 0.0000
-0.406 0.277 3.610 -0.9659 -0.2588 0.0000
-0.392 0.226 3.738 -0.9659 -0.2588 0.0000
-0.406 0.277 3.865 -0.9659 -0.2588 0.0000
-0.439 0.400 3.918 -0.9659 -0.2588 0.0000
-0.471 0.523 3.865 -0.9659 -0.2588 0.0000
-0.485 0.574 3.738 -0.9659 -0.2588 0.0000
-0.471 0.523 3.610 -0.9659 -0.2588 0.0000
-0.127 0.580 3.558 0.0000 0.0000 -1.0000
-0.037 0.490 3.610 0.5000 -0.5000 -0.7071
0.000 0.453 3.738 0.7071 -0.7071 -0.0000
-0.037 0.490 3.865 0.5000 -0.5000 0.7071
-0.127 0.580 3.918 0.0000 -0.0000 1.0000
-0.217 0.670 3.865 -0.5000 0.5000 0.7071
-0.255 0.707 3.738 -0.7071 0.7071 0.0000
-0.217 0.670 3.610 -0.5000 0.5000 -0.7071
-0.580 0.127 3.558 0.0000 0.0000 -1.0000
-0.490 0.037 3.610 0.5000 -0.5000 -0.7071
-0.453 0.000 3.738 0.7071 -0.7071 -0.0000
-0.490 0.037 3.865 0.5000 -0.5000 0.7071
-0.580 0.127 3.918 0.0000 -0.0000 1.0000
-0.670 0.217 3.865 -0.5000 0.5000 0.7071
-0.707 0.255 3.738 -0.7071 0.7071 0.0000
-0.670 0.217 3.610 -0.5000 0.5000 -0.7071
-0.127 0.580 3.738 0.7071 0.7071 -0.0000
-0.127 0.580 3.558 0.7071 0.7071 -0.0000
-0.037 0.490 3.610 0.7071 0.7071 -0.0000
0.000 0.453 3.738 0.7071 0.7071 -0.0000
-0.037 0.490 3.865 0.7071 0.7071 -0.0000
-0.127 0.580 3.918 0.7071 0.7071 -0.0000
-0.217 0.670 3.865 0.7071 0.7071 -0.0000
-0.255 0.707 3.738 0.7071 0.7071 -0.0000
-0.217 0.670 3.610 0.7071 0.7071 -0.0000
-0.580 0.127 3.738 -0.7071 -0.7071 0.0000
-0.580 0.127 3.558 -0.7071 -0.7071 0.0000
-0.490 0.037 3.610 -0.7071 -0.7071 0.0000
-0.453 0.000 3.738 -0.7071 -0.7071 0.0000
-0.490 0.037 3.865 -0.7071 -0.7071 0.0000
-0.580 0.127 3.918 -0.7071 -0.7071 0.0000
-0.670 0.217 3.865 -0.7071 -0.7071 0.0000
-0.707 0.255 3.738 -0.7071 -0.7071 0.0000
-0.670 0.217 3.610 -0.7071 -0.7071 0.0000
-0.400 0.439 3.918 -0.0000 0.0000 1.0000
-0.523 0.471 3.865 -0.6830 0.1830 0.7071
-0.574 0.485 3.738 -0.9659 0.2588 0.0000
-0.523 0.471 3.610 -0.6830 0.1830 -0.7071
-0.400 0.439 3.558 -0.0000 0.0000 -1.0000
-0.277 0.406 3.610 0.6830 -0.1830 -0.7071
-0.226 0.392 3.738 0.9659 -0.2588 -0.0000
-0.277 0.406 3.865 0.6830 -0.1830 0.7071
-0.566 -0.180 3.918 -0.0000 0.0000 1.0000
-0.689 -0.147 3.865 -0.6830 0.1830 0.7071
-0.740 -0.133 3.738 -0.9659 0.2588 0.0000
-0.689 -0.147 3.610 -0.6830 0.1830 -0.7071
-0.566 -0.180 3.558 -0.0000 0.0000 -1.0000
-0.443 -0.213 3.610 0.6830 -0.1830 -0.7071
-0.392 -0.226 3.738 0.9659 -0.2588 -0.0000
-0.443 -0.213 3.865 0.6830 -0.1830 0.7071
-0.400 0.439 3.738 0.2588 0.9659 -0.0000
-0.400 0.439 3.918 0.2588 0.9659 -0.0000
-0.523 0.471 3.865 0.2588 0.9659 -0.0000
-0.574 0.485 3.738 0.2588 0.9659 -0.0000
-0.523 0.471 3.610 0.2588 0.9659 -0.0000
-0.400 0.439 3.558 0.2588 0.9659 -0.0000
-0.277 0.406 3.610 0.2588 0.9659 -0.0000
-0.226 0.392 3.738 0.2588 0.9659 -0.0000
-0.277 0.406 3.865 0.2588 0.9659 -0.0000
-0.566 -0.180 3.738 -0.2588 -0.9659 0.0000
-0.566 -0.180 3.918 -0.2588 -0.9659 0.0000
-0.689 -0.147 3.865 -0.2588 -0.9659 0.0000
-0.740 -0.133 3.738 -0.2588 -0.9659 0.0000
-0.689 -0.147 3.610 -0.2588 -0.9659 0.0000
-0.566 -0.180 3.558 -0.2588 -0.9659 0.0000
-0.443 -0.213 3.610 -0.2588 -0.9659 0.0000
-0.392 -0.226 3.738 -0.2588 -0.9659 0.0000
-0.443 -0.213 3.865 -0.2588 -0.9659 0.0000
-0.566 0.180 3.918 -0.0000 0.0000 1.0000
-0.689 0.147 3.865 -0.6830 -0.1830 0.7071
-0.740 0.133 3.738 -0.9659 -0.2588 0.0000
-0.689 0.147 3.610 -0.6830 -0.1830 -0.7071
-0.566 0.180 3.558 -0.0000 -0.0000 -1.0000
-0.443 0.213 3.610 0.6830 0.1830 -0.7071
-0.392 0.226 3.738 0.9659 0.2588 -0.0000
-0.443 0.213 3.865 0.6830 0.1830 0.7071
-0.400 -0.439 3.918 -0.0000 0.0000 1.0000
-0.523 -0.471 3.865 -0.6830 -0.1830 0.7071
-0.574 -0.485 3.738 -0.9659 -0.2588 0.0000
-0.523 -0.471 3.610 -0.6830 -0.1830 -0.7071
-0.400 -0.439 3.558 -0.0000 -0.0000 -1.0000
-0.277 -0.406 3.610 0.6830 0.1830 -0.7071
-0.226 -0.392 3.738 0.9659 0.2588 -0.0000
-0.277 -0.406 3.865 0.6830 0.1830 0.7071
-0.566 0.180 3.738 -0.2588 0.9659 -0.0000
-0.566 0.180 3.918 -0.2588 0.9659 -0.0000
-0.689 0.147 3.865 -0.2588 0.9659 -0.0000
-0.740 0.133 3.738 -0.2588 0.9659 -0.0000
-0.689 0.147 3.610 -0.2588 0.9659 -0.0000
-0.566 0.180 3.558 -0.2588 0.9659 -0.0000
-0.443 0.213 3.610 -0.2588 0.9659 -0.0000
-0.392 0.226 3.738 -0.2588 0.9659 -0.0000
-0.443 0.213 3.865 -0.2588 0.9659 -0.0000
-0.400 -0.439 3.738 0.2588 -0.9659 0.0000
-0.400 -0.439 3.918 0.2588 -0.9659 0.0000
-0.523 -0.471 3.865 0.2588 -0.9659 0.0000
-0.574 -0.485 3.738 0.2588 -0.9659 0.0000
-0.523 -0.471 3.610 0.2588 -0.9659 0.0000
-0.400 -0.439 3.558 0.2588 -0.9659 0.0000
-0.277 -0.406 3.610 0.2588 -0.9659 0.0000
-0.226 -0.392 3.738 0.2588 -0.9659 0.0000
-0.277 -0.406 3.865 0.2588 -0.9659 0.0000
-0.580 -0.127 3.918 -0.0000 0.0000 1.0000
-0.670 -0.217 3.865 -0.5000 -0.5000 0.7071
-0.707 -0.255 3.738 -0.7071 -0.7071 0.0000
-0.670 -0.217 3.610 -0.5000 -0.5000 -0.7071
-0.580 -0.127 3.558 -0.0000 -0.0000 -1.0000
-0.490 -0.037 3.610 0.5000 0.5000 -0.7071
-0.453 0.000 3.738 0.7071 0.7071 -0.0000
-0.490 -0.037 3.865 0.5000 0.5000 0.7071
-0.127 -0.580 3.918 -0.0000 0.0000 1.0000
-0.217 -0.670 3.865 -0.5000 -0.5000 0.7071
-0.255 -0.707 3.738 -0.7071 -0.7071 0.0000
-0.217 -0.670 3.610 -0.5000 -0.5000 -0.7071
-0.127 -0.580 3.558 -0.0000 -0.0000 -1.0000
-0.037 -0.490 3.610 0.5000 0.5000 -0.7071
-0.000 -0.453 3.738 0.7071 0.7071 -0.0000
-0.037 -0.490 3.865 0.5000 0.5000 0.7071
-0.580 -0.127 3.738 -0.7071 0.7071 -0.0000
-0.580 -0.127 3.918 -0.7071 0.7071 -0.0000
-0.670 -0.217 3.865 -0.7071 0.7071 -0.0000
-0.707 -0.255 3.738 -0.7071 0.7071 -0.0000
-0.670 -0.217 3.610 -0.7071 0.7071 -0.0000
-0.580 -0.127 3.558 -0.7071 0.7071 -0.0000
-0.490 -0.037 3.610 -0.7071 0.7071 -0.0000
-0.453 0.000 3.738 -0.7071 0.7071 -0.0000
-0.490 -0.037 3.865 -0.7071 0.7071 -0.0000
-0.127 -0.580 3.738 0.7071 -0.7071 0.0000
-0.127 -0.580 3.918 0.7071 -0.7071 0.0000
-0.217 -0.670 3.865 0.7071 -0.7071 0.0000
-0.255 -0.707 3.738 0.7071 -0.7071 0.0000
-0.217 -0.670 3.610 0.7071 -0.7071 0.0000
-0.127 -0.580 3.558 0.7071 -0.7071 0.0000
-0.037 -0.490 3.610 0.7071 -0.7071 0.0000
-0.000 -0.453 3.738 0.7071 -0.7071 0.0000
-0.037 -0.490 3.865 0.7071 -0.7071 0.0000
-0.439 -0.400 3.918 -0.0000 0.0000 1.0000
-0.471 -0.523 3.865 -0.1830 -0.6830 0.7071
-0.485 -0.574 3.738 -0.2588 -0.9659 0.0000
-0.471 -0.523 3.610 -0.1830 -0.6830 -0.7071
-0.439 -0.400 3.558 -0.0000 -0.0000 -1.0000
-0.406 -0.277 3.610 0.1830 0.6830 -0.7071
-0.392 -0.226 3.738 0.2588 0.9659 -0.0000
-0.406 -0.277 3.865 0.1830 0.6830 0.7071
0.180 -0.566 3.918 -0.0000 0.0000 1.0000
0.147 -0.689 3.865 -0.1830 -0.6830 0.7071
0.133 -0.740 3.738 -0.2588 -0.9659 0.0000
0.147 -0.689 3.610 -0.1830 -0.6830 -0.7071
0.180 -0.566 3.558 -0.0000 -0.0000 -1.0000
0.213 -0.443 3.610 0.1830 0.6830 -0.7071
0.226 -0.392 3.738 0.2588 0.9659 -0.0000
0.213 -0.443 3.865 0.1830 0.6830 0.7071
-0.439 -0.400 3.738 -0.9659 0.2588 -0.0000
-0.439 -0.400 3.918 -0.9659 0.2588 -0.0000
-0.471 -0.523 3.865 -0.9659 0.2588 -0.0000
-0.485 -0.574 3.738 -0.9659 0.2588 -0.0000
-0.471 -0.523 3.610 -0.9659 0.2588 -0.0000
-0.439 -0.400 3.558 -0.9659 0.2588 -0.0000
-0.406 -0.277 3.610 -0.9659 0.2588 -0.0000
-0.392 -0.226 3.738 -0.9659 0.2588 -0.0000
-0.406 -0.277 3.865 -0.9659 0.2588 -0.0000
0.180 -0.566 3.738 0.9659 -0.2588 0.0000
0.180 -0.566 3.918 0.9659 -0.2588 0.0000
0.147 -0.689 3.865 0.9659 -0.2588 0.0000
0.133 -0.740 3.738 0.9659 -0.2588 0.0000
0.147 -0.689 3.610 0.9659 -0.2588 0.0000
0.180 -0.566 3.558 0.9659 -0.2588 0.0000
0.213 -0.443 3.610 0.9659 -0.2588 0.0000
0.226 -0.392 3.738 0.9659 -0.2588 0.0000
0.213 -0.443 3.865 0.9659 -0.2588 0.0000
0 1 25
0 25 24
1 2 26
1 26 25
2 3 27
2 27 26
3 4 28
3 28 27
4 5 29
4 29 28
5 6 30
5 30 29
6 7 31
6 31 30
7 8 32
7 32 31
8 9 33
8 33 32
9 10 34
9 34 33
10 11 35
10 35 34
11 12 36
11 36 35
12 13 37
12 37 36
13 14 38
13 38 37
14 15 39
14 39 38
15 16 40
15 40 39
16 17 41
16 41 40
17 18 42
17 42 41
18 19 43
18 43 42
19 20 44
19 44 43
20 21 45
20 45 44
21 22 46
21 46 45
22 23 47
22 47 46
23 0 24
23 24 47
24 25 49
24 49 48
25 26 50
25 50 49
26 27 51
26 51 50
27 28 52
27 52 51
28 29 53
28 53 52
29 30 54
29 54 53
30 31 55
30 55 54
31 32 56
31 56 55
32 33 57
32 57 56
33 34 58
33 58 57
34 35 59
34 59 58
35 36 60
35 60 59
36 37 61
36 61 60
37 38 62
37 62 61
38 39 63
38 63 62
39 40 64
39 64 63
40 41 65
40 65 64
41 42 66
41 66 65
42 43 67
42 67 66
43 44 68
43 68 67
44 45 69
44 69 68
45 46 70
45 70 69
46 47 71
46 71 70
47 24 48
47 48 71
48 49 73
48 73 72
49 50 74
49 74 73
50 51 75
50 75 74
51 52 76
51 76 75
52 53 77
52 77 76
53 54 78
53 78 77
54 55 79
54 79 78
55 56 80
55 80 79
56 57 81
56 81 80
57 58 82
57 82 81
58 59 83
58 83 82
59 60 84
59 84 83
60 61 85
60 85 84
61 62 86
61 86 85
62 63 87
62 87 86
63 64 88
63 88 87
64 65 89
64 89 88
65 66 90
65 90 89
66 67 91
66 91 90
67 68 92
67 92 91
68 69 93
68 93 92
69 70 94
69 94 93
70 71 95
70 95 94
71 48 72
71 72 95
72 73 97
72 97 96
73 74 98
73 98 97
74 75 99
74 99 98
75 76 100
75 100 99
76 77 101
76 101 100
77 78 102
77 102 101
78 79 103
78 103 102
79 80 104
79 104 103
80 81 105
80 105 104
81 82 106
81 106 105
82 83 107
82 107 106
83 84 108
83 108 107
84 85 109
84 109 108
85 86 110
85 110 109
86 87 111
86 111 110
87 88 112
87 112 111
88 89 113
88 113 112
89 90 114
89 114 113
90 91 115
90 115 114
91 92 116
91 116 115
92 93 117
92 117 116
93 94 118
93 118 117
94 95 119
94 119 118
95 72 96
95 96 119
96 97 121
96 121 120
97 98 122
97 122 121
98 99 123
98 123 122
99 100 124
99 124 123
100 101 125
100 125 124
101 102 126
101 126 125
102 103 127
102 127 126
103 104 128
103 128 127
104 105 129
104 129 128
105 106 130
105 130 129
106 107 131
106 131 130
107 108 132
107 132 131
108 109 133
108 133 132
109 110 134
109 134 133
110 111 135
110 135 134
111 112 136
111 136 135
112 113 137
112 137 136
113 114 138
113 138 137
114 115 139
114 139 138
115 116 140
115 140 139
116 117 141
116 141 140
117 118 142
117 142 141
118 119 143
118 143 142
119 96 120
119 120 143
120 121 145
120 145 144
121 122 146
121 146 145
122 123 147
122 147 146
123 124 148
123 148 147
124 125 149
124 149 148
125 126 150
125 150 149
126 127 151
126 151 150
127 128 152
127 152 151
128 129 153
128 153 152
129 130 154
129 154 153
130 131 155
130 155 154
131 132 156
131 156 155
132 133 157
132 157 156
133 134 158
133 158 157
134 135 159
134 159 158
135 136 160
135 160 159
136 137 161
136 161 160
137 138 162
137 162 161
138 139 163
138 163 162
139 140 164
139 164 163
140 141 165
140 165 164
141 142 166
141 166 165
142 143 167
142 167 166
143 120 144
143 144 167
168 169 177
168 177 176
169 170 178
169 178 177
170 171 179
170 179 178
171 172 180
171 180 179
172 173 181
172 181 180
173 174 182
173 182 181
174 175 183
174 183 182
175 168 176
175 176 183
184 186 185
184 187 186
184 188 187
184 189 188
184 190 189
184 191 190
184 192 191
184 185 192
193 194 195
193 195 196
193 196 197
193 197 198
193 198 199
193 199 200
193 200 201
193 201 194
202 203 211
202 211 210
203 204 212
203 212 211
204 205 213
204 213 212
205 206 214
205 214 213
206 207 215
206 215 214
207 208 216
207 216 215
208 209 217
208 217 216
209 202 210
209 210 217
218 220 219
218 221 220
218 222 221
218 223 222
218 224 223
218 225 224
218 226 225
218 219 226
227 228 229
227 229 230
227 230 231
227 231 232
227 232 233
227 233 234
227 234 235
227 235 228
236 237 245
236 245 244
237 238 246
237 246 245
238 239 247
238 247 246
239 240 248
239 248 247
240 241 249
240 249 248
241 242 250
241 250 249
242 243 251
242 251 250
243 236 244
243 244 251
252 254 253
252 255 254
252 256 255
252 257 256
252 258 257
252 259 258
252 260 259
252 253 260
261 262 263
261 263 264
261 264 265
261 265 266
261 266 267
261 267 268
261 268 269
261 269 262
270 271 279
270 279 278
271 272 280
271 280 279
272 273 281
272 281 280
273 274 282
273 282 281
274 275 283
274 283 282
275 276 284
275 284 283
276 277 285
276 285 284
277 270 278
277 278 285
286 288 287
286 289 288
286 290 289
286 291 290
286 292 291
286 293 292
286 294 293
286 287 294
295 296 297
295 297 298
295 298 299
295 299 300
295 300 301
295 301 302
295 302 303
295 303 296
304 305 313
304 313 312
305 306 314
305 314 313
306 307 315
306 315 314
307 308 316
307 316 315
308 309 317
308 317 316
309 310 318
309 318 317
310 311 319
310 319 318
311 304 312
311 312 319
320 322 321
320 323 322
320 324 323
320 325 324
320 326 325
320 327 326
320 328 327
320 321 328
329 330 331
329 331 332
329 332 333
329 333 334
329 334 335
329 335 336
329 336 337
329 337 330
338 339 347
338 347 346
339 340 348
339 348 347
340 341 349
340 349 348
341 342 350
341 350 349
342 343 351
342 351 350
343 344 352
343 352 351
344 345 353
344 353 352
345 338 346
345 346 353
354 356 355
354 357 356
354 358 357
354 359 358
354 360 359
354 361 360
354 362 361
354 355 362
363 364 365
363 365 366
363 366 367
363 367 368
363 368 369
363 369 370
363 370 371
363 371 364
372 373 381
372 381 380
373 374 382
373 382 381
374 375 383
374 383 382
375 376 384
375 384 383
376 377 385
376 385 384
377 378 386
377 386 385
378 379 387
378 387 386
379 372 380
379 380 387
388 390 389
388 391 390
388 392 391
388 393 392
388 394 393
388 395 394
388 396 395
388 389 396
397 398 399
397 399 400
397 400 401
397 401 402
397 402 403
397 403 404
397 404 405
397 405 398
406 407 415
406 415 414
407 408 416
407 416 415
408 409 417
408 417 416
409 410 418
409 418 417
410 411 419
410 419 418
411 412 420
411 420 419
412 413 421
412 421 420
413 406 414
413 414 421
422 424 423
422 425 424
422 426 425
422 427 426
422 428 427
422 429 428
422 430 429
422 423 430
431 432 433
431 433 434
431 434 435
431 435 436
431 436 437
431 437 438
431 438 439
431 439 432
440 441 449
440 449 448
441 442 450
441 450 449
442 443 451
442 451 450
443 444 452
443 452 451
444 445 453
444 453 452
445 446 454
445 454 453
446 447 455
446 455 454
447 440 448
447 448 455
456 458 457
456 459 458
456 460 459
456 461 460
456 462 461
456 463 462
456 464 463
456 457 464
465 466 467
465 467 468
465 468 469
465 469 470
465 470 471
465 471 472
465 472 473
465 473 466
474 475 483
474 483 482
475 476 484
475 484 483
476 477 485
476 485 484
477 478 486
477 486 485
478 479 487
478 487 486
479 480 488
479 488 487
480 481 489
480 489 488
481 474 482
481 482 489
490 492 491
490 493 492
490 494 493
490 495 494
490 496 495
490 497 496
490 498 497
490 491 498
499 500 501
499 501 502
499 502 503
499 503 504
499 504 505
499 505 506
499 506 507
499 507 500
508 509 517
508 517 516
509 510 518
509 518 517
510 511 519
510 519 518
511 512 520
511 520 519
512 513 521
512 521 520
513 514 522
513 522 521
514 515 523
514 523 522
515 508 516
515 516 523
524 526 525
524 527 526
524 528 527
524 529 528
524 530 529
524 531 530
524 532 531
524 525 532
533 534 535
533 535 536
533 536 537
533 537 538
533 538 539
533 539 540
533 540 541
533 541 534
542 543 551
542 551 550
543 544 552
543 552 551
544 545 553
544 553 552
545 546 554
545 554 553
546 547 555
546 555 554
547 548 556
547 556 555
548 549 557
548 557 556
549 542 550
549 550 557
558 560 559
558 561 560
558 562 561
558 563 562
558 564 563
558 565 564
558 566 565
558 559 566
567 568 569
567 569 570
567 570 571
567 571 572
567 572 573
567 573 574
567 574 575
567 575 568
LABEL kfoot_mast
MATERIAL 7
TEXTURE 0
GEOM 132 128 ;kfoot_mast
0.750 0.000 3.388 1.0000 -0.0000 0.0000
0.693 -0.287 3.388 0.9239 -0.3827 0.0000
0.530 -0.530 3.388 0.7071 -0.7071 0.0000
0.287 -0.693 3.388 0.3827 -0.9239 0.0000
0.000 -0.750 3.388 0.0000 -1.0000 0.0000
-0.287 -0.693 3.388 -0.3827 -0.9239 -0.0000
-0.530 -0.530 3.388 -0.7071 -0.7071 -0.0000
-0.693 -0.287 3.388 -0.9239 -0.3827 -0.0000
-0.750 0.000 3.388 -1.0000 -0.0000 -0.0000
-0.693 0.287 3.388 -0.9239 0.3827 0.0000
-0.530 0.530 3.388 -0.7071 0.7071 0.0000
-0.287 0.693 3.388 -0.3827 0.9239 0.0000
-0.000 0.750 3.388 -0.0000 1.0000 0.0000
0.287 0.693 3.388 0.3827 0.9239 0.0000
0.530 0.530 3.388 0.7071 0.7071 0.0000
0.693 0.287 3.388 0.9239 0.3827 0.0000
0.750 0.000 2.888 1.0000 -0.0000 0.0000
0.693 -0.287 2.888 0.9239 -0.3827 0.0000
0.530 -0.530 2.888 0.7071 -0.7071 0.0000
0.287 -0.693 2.888 0.3827 -0.9239 0.0000
0.000 -0.750 2.888 0.0000 -1.0000 0.0000
-0.287 -0.693 2.888 -0.3827 -0.9239 -0.0000
-0.530 -0.530 2.888 -0.7071 -0.7071 -0.0000
-0.693 -0.287 2.888 -0.9239 -0.3827 -0.0000
-0.750 0.000 2.888 -1.0000 -0.0000 -0.0000
-0.693 0.287 2.888 -0.9239 0.3827 0.0000
-0.530 0.530 2.888 -0.7071 0.7071 0.0000
-0.287 0.693 2.888 -0.3827 0.9239 0.0000
-0.000 0.750 2.888 -0.0000 1.0000 0.0000
0.287 0.693 2.888 0.3827 0.9239 0.0000
0.530 0.530 2.888 0.7071 0.7071 0.0000
0.693 0.287 2.888 0.9239 0.3827 0.0000
0.000 0.000 3.388 -0.0000 -0.0000 1.0000
0.750 0.000 3.388 -0.0000 -0.0000 1.0000
0.693 -0.287 3.388 -0.0000 -0.0000 1.0000
0.530 -0.530 3.388 -0.0000 -0.0000 1.0000
0.287 -0.693 3.388 -0.0000 -0.0000 1.0000
0.000 -0.750 3.388 -0.0000 -0.0000 1.0000
-0.287 -0.693 3.388 -0.0000 -0.0000 1.0000
-0.530 -0.530 3.388 -0.0000 -0.0000 1.0000
-0.693 -0.287 3.388 -0.0000 -0.0000 1.0000
-0.750 0.000 3.388 -0.0000 -0.0000 1.0000
-0.693 0.287 3.388 -0.0000 -0.0000 1.0000
-0.530 0.530 3.388 -0.0000 -0.0000 1.0000
-0.287 0.693 3.388 -0.0000 -0.0000 1.0000
-0.000 0.750 3.388 -0.0000 -0.0000 1.0000
0.287 0.693 3.388 -0.0000 -0.0000 1.0000
0.530 0.530 3.388 -0.0000 -0.0000 1.0000
0.693 0.287 3.388 -0.0000 -0.0000 1.0000
0.000 0.000 2.888 0.0000 0.0000 -1.0000
0.750 0.000 2.888 0.0000 0.0000 -1.0000
0.693 -0.287 2.888 0.0000 0.0000 -1.0000
0.530 -0.530 2.888 0.0000 0.0000 -1.0000
0.287 -0.693 2.888 0.0000 0.0000 -1.0000
0.000 -0.750 2.888 0.0000 0.0000 -1.0000
-0.287 -0.693 2.888 0.0000 0.0000 -1.0000
-0.530 -0.530 2.888 0.0000 0.0000 -1.0000
-0.693 -0.287 2.888 0.0000 0.0000 -1.0000
-0.750 0.000 2.888 0.0000 0.0000 -1.0000
-0.693 0.287 2.888 0.0000 0.0000 -1.0000
-0.530 0.530 2.888 0.0000 0.0000 -1.0000
-0.287 0.693 2.888 0.0000 0.0000 -1.0000
-0.000 0.750 2.888 0.0000 0.0000 -1.0000
0.287 0.693 2.888 0.0000 0.0000 -1.0000
0.530 0.530 2.888 0.0000 0.0000 -1.0000
0.693 0.287 2.888 0.0000 0.0000 -1.0000
0.750 0.000 2.788 1.0000 -0.0000 0.0000
0.693 -0.287 2.788 0.9239 -0.3827 0.0000
0.530 -0.530 2.788 0.7071 -0.7071 0.0000
0.287 -0.693 2.788 0.3827 -0.9239 0.0000
0.000 -0.750 2.788 0.0000 -1.0000 0.0000
-0.287 -0.693 2.788 -0.3827 -0.9239 -0.0000
-0.530 -0.530 2.788 -0.7071 -0.7071 -0.0000
-0.693 -0.287 2.788 -0.9239 -0.3827 -0.0000
-0.750 0.000 2.788 -1.0000 -0.0000 -0.0000
-0.693 0.287 2.788 -0.9239 0.3827 0.0000
-0.530 0.530 2.788 -0.7071 0.7071 0.0000
-0.287 0.693 2.788 -0.3827 0.9239 0.0000
-0.000 0.750 2.788 -0.0000 1.0000 0.0000
0.287 0.693 2.788 0.3827 0.9239 0.0000
0.530 0.530 2.788 0.7071 0.7071 0.0000
0.693 0.287 2.788 0.9239 0.3827 0.0000
0.750 0.000 2.288 1.0000 -0.0000 0.0000
0.693 -0.287 2.288 0.9239 -0.3827 0.0000
0.530 -0.530 2.288 0.7071 -0.7071 0.0000
0.287 -0.693 2.288 0.3827 -0.9239 0.0000
0.000 -0.750 2.288 0.0000 -1.0000 0.0000
-0.287 -0.693 2.288 -0.3827 -0.9239 -0.0000
-0.530 -0.530 2.288 -0.7071 -0.7071 -0.0000
-0.693 -0.287 2.288 -0.9239 -0.3827 -0.0000
-0.750 0.000 2.288 -1.0000 -0.0000 -0.0000
-0.693 0.287 2.288 -0.9239 0.3827 0.0000
-0.530 0.530 2.288 -0.7071 0.7071 0.0000
-0.287 0.693 2.288 -0.3827 0.9239 0.0000
-0.000 0.750 2.288 -0.0000 1.0000 0.0000
0.287 0.693 2.288 0.3827 0.9239 0.0000
0.530 0.530 2.288 0.7071 0.7071 0.0000
0.693 0.287 2.288 0.9239 0.3827 0.0000
0.000 0.000 2.788 -0.0000 -0.0000 1.0000
0.750 0.000 2.788 -0.0000 -0.0000 1.0000
0.693 -0.287 2.788 -0.0000 -0.0000 1.0000
0.530 -0.530 2.788 -0.0000 -0.0000 1.0000
0.287 -0.693 2.788 -0.0000 -0.0000 1.0000
0.000 -0.750 2.788 -0.0000 -0.0000 1.0000
-0.287 -0.693 2.788 -0.0000 -0.0000 1.0000
-0.530 -0.530 2.788 -0.0000 -0.0000 1.0000
-0.693 -0.287 2.788 -0.0000 -0.0000 1.0000
-0.750 0.000 2.788 -0.0000 -0.0000 1.0000
-0.693 0.287 2.788 -0.0000 -0.0000 1.0000
-0.530 0.530 2.788 -0.0000 -0.0000 1.0000
-0.287 0.693 2.788 -0.0000 -0.0000 1.0000
-0.000 0.750 2.788 -0.0000 -0.0000 1.0000
0.287 0.693 2.788 -0.0000 -0.0000 1.0000
0.530 0.530 2.788 -0.0000 -0.0000 1.0000
0.693 0.287 2.788 -0.0000 -0.0000 1.0000
0.000 0.000 2.288 0.0000 0.0000 -1.0000
0.750 0.000 2.288 0.0000 0.0000 -1.0000
0.693 -0.287 2.288 0.0000 0.0000 -1.0000
0.530 -0.530 2.288 0.0000 0.0000 -1.0000
0.287 -0.693 2.288 0.0000 0.0000 -1.0000
0.000 -0.750 2.288 0.0000 0.0000 -1.0000
-0.287 -0.693 2.288 0.0000 0.0000 -1.0000
-0.530 -0.530 2.288 0.0000 0.0000 -1.0000
-0.693 -0.287 2.288 0.0000 0.0000 -1.0000
-0.750 0.000 2.288 0.0000 0.0000 -1.0000
-0.693 0.287 2.288 0.0000 0.0000 -1.0000
-0.530 0.530 2.288 0.0000 0.0000 -1.0000
-0.287 0.693 2.288 0.0000 0.0000 -1.0000
-0.000 0.750 2.288 0.0000 0.0000 -1.0000
0.287 0.693 2.288 0.0000 0.0000 -1.0000
0.530 0.530 2.288 0.0000 0.0000 -1.0000
0.693 0.287 2.288 0.0000 0.0000 -1.0000
0 1 17
0 17 16
1 2 18
1 18 17
2 3 19
2 19 18
3 4 20
3 20 19
4 5 21
4 21 20
5 6 22
5 22 21
6 7 23
6 23 22
7 8 24
7 24 23
8 9 25
8 25 24
9 10 26
9 26 25
10 11 27
10 27 26
11 12 28
11 28 27
12 13 29
12 29 28
13 14 30
13 30 29
14 15 31
14 31 30
15 0 16
15 16 31
32 34 33
32 35 34
32 36 35
32 37 36
32 38 37
32 39 38
32 40 39
32 41 40
32 42 41
32 43 42
32 44 43
32 45 44
32 46 45
32 47 46
32 48 47
32 33 48
49 50 51
49 51 52
49 52 53
49 53 54
49 54 55
49 55 56
49 56 57
49 57 58
49 58 59
49 59 60
49 60 61
49 61 62
49 62 63
49 63 64
49 64 65
49 65 50
66 67 83
66 83 82
67 68 84
67 84 83
68 69 85
68 85 84
69 70 86
69 86 85
70 71 87
70 87 86
71 72 88
71 88 87
72 73 89
72 89 88
73 74 90
73 90 89
74 75 91
74 91 90
75 76 92
75 92 91
76 77 93
76 93 92
77 78 94
77 94 93
78 79 95
78 95 94
79 80 96
79 96 95
80 81 97
80 97 96
81 66 82
81 82 97
98 100 99
98 101 100
98 102 101
98 103 102
98 104 103
98 105 104
98 106 105
98 107 106
98 108 107
98 109 108
98 110 109
98 111 110
98 112 111
98 113 112
98 114 113
98 99 114
115 116 117
115 117 118
115 118 119
115 119 120
115 120 121
115 121 122
115 122 123
115 123 124
115 124 125
115 125 126
115 126 127
115 127 128
115 128 129
115 129 130
115 130 131
115 131 116
LABEL kfoot_rib_0
MATERIAL 7
TEXTURE 0
GEOM 28 52 ;kfoot_rib_0
-0.075 -0.685 3.786 -0.9659 -0.2588 -0.0000
0.408 -0.555 3.786 0.9659 0.2588 0.0000
0.437 -0.663 3.457 0.9659 0.2588 0.0000
-0.046 -0.793 3.457 -0.9659 -0.2588 -0.0000
0.173 -1.611 4.111 -0.9659 -0.2588 -0.0000
0.656 -1.482 4.111 0.9659 0.2588 0.0000
0.683 -1.584 3.797 0.9659 0.2588 0.0000
0.200 -1.714 3.797 -0.9659 -0.2588 -0.0000
0.421 -2.537 4.436 -0.9659 -0.2588 -0.0000
0.904 -2.408 4.436 0.9659 0.2588 0.0000
0.930 -2.506 4.138 0.9659 0.2588 0.0000
0.447 -2.635 4.138 -0.9659 -0.2588 -0.0000
0.669 -3.463 4.762 -0.9659 -0.2588 -0.0000
1.152 -3.334 4.762 0.9659 0.2588 0.0000
1.177 -3.427 4.478 0.9659 0.2588 0.0000
0.694 -3.556 4.478 -0.9659 -0.2588 -0.0000
0.917 -4.390 5.087 -0.9659 -0.2588 -0.0000
1.400 -4.260 5.087 0.9659 0.2588 0.0000
1.425 -4.353 4.803 0.9659 0.2588 0.0000
0.942 -4.483 4.803 -0.9659 -0.2588 -0.0000
1.166 -5.316 5.412 -0.9659 -0.2588 -0.0000
1.648 -5.186 5.412 0.9659 0.2588 0.0000
1.673 -5.279 5.128 0.9659 0.2588 0.0000
1.190 -5.409 5.128 -0.9659 -0.2588 -0.0000
1.414 -6.242 5.738 -0.9659 -0.2588 -0.0000
1.897 -6.112 5.738 0.9659 0.2588 0.0000
1.912 -6.168 5.567 0.9659 0.2588 0.0000
1.429 -6.298 5.567 -0.9659 -0.2588 -0.0000
0 5 1
0 4 5
1 6 2
1 5 6
2 7 3
2 6 7
3 4 0
3 7 4
4 9 5
4 8 9
5 10 6
5 9 10
6 11 7
6 10 11
7 8 4
7 11 8
8 13 9
8 12 13
9 14 10
9 13 14
10 15 11
10 14 15
11 12 8
11 15 12
12 17 13
12 16 17
13 18 14
13 17 18
14 19 15
14 18 19
15 16 12
15 19 16
16 21 17
16 20 21
17 22 18
17 21 22
18 23 19
18 22 23
19 20 16
19 23 20
20 25 21
20 24 25
21 26 22
21 25 26
22 27 23
22 26 27
23 24 20
23 27 24
0 1 2
0 2 3
24 26 25
24 27 26
LABEL kfoot_strip_0_0
MATERIAL 14
TEXTURE 0
GEOM 64 48 ;kfoot_strip_0_0
0.190 -0.726 3.762 0.1099 -0.3019 -0.9470
0.234 -0.712 3.762 0.1099 -0.3019 -0.9470
0.278 -0.696 3.762 0.1099 -0.3019 -0.9470
0.321 -0.678 3.762 0.1099 -0.3019 -0.9470
1.607 -6.143 5.662 0.1099 -0.3019 -0.9470
1.985 -6.032 5.662 0.1099 -0.3019 -0.9470
2.356 -5.897 5.662 0.1099 -0.3019 -0.9470
2.718 -5.739 5.662 0.1099 -0.3019 -0.9470
0.190 -0.726 3.762 -0.1099 0.3019 0.9470
0.234 -0.712 3.762 -0.1099 0.3019 0.9470
0.278 -0.696 3.762 -0.1099 0.3019 0.9470
0.321 -0.678 3.762 -0.1099 0.3019 0.9470
1.607 -6.143 5.662 -0.1099 0.3019 0.9470
1.985 -6.032 5.662 -0.1099 0.3019 0.9470
2.356 -5.897 5.662 -0.1099 0.3019 0.9470
2.718 -5.739 5.662 -0.1099 0.3019 0.9470
1.607 -6.143 5.662 0.3420 -0.9397 0.0000
1.985 -6.032 5.662 0.3420 -0.9397 0.0000
2.356 -5.897 5.662 0.3420 -0.9397 0.0000
2.718 -5.739 5.662 0.3420 -0.9397 0.0000
1.607 -6.143 6.562 0.3420 -0.9397 0.0000
1.985 -6.032 6.562 0.3420 -0.9397 0.0000
2.356 -5.897 6.562 0.3420 -0.9397 0.0000
2.718 -5.739 6.562 0.3420 -0.9397 0.0000
1.607 -6.143 5.662 -0.3420 0.9397 -0.0000
1.985 -6.032 5.662 -0.3420 0.9397 -0.0000
2.356 -5.897 5.662 -0.3420 0.9397 -0.0000
2.718 -5.739 5.662 -0.3420 0.9397 -0.0000
1.607 -6.143 6.562 -0.3420 0.9397 -0.0000
1.985 -6.032 6.562 -0.3420 0.9397 -0.0000
2.356 -5.897 6.562 -0.3420 0.9397 -0.0000
2.718 -5.739 6.562 -0.3420 0.9397 -0.0000
1.607 -6.143 5.662 0.3420 -0.9397 0.0000
1.985 -6.032 5.662 0.3420 -0.9397 0.0000
2.356 -5.897 5.662 0.3420 -0.9397 0.0000
2.718 -5.739 5.662 0.3420 -0.9397 0.0000
1.607 -6.143 4.962 0.3420 -0.9397 0.0000
1.985 -6.032 4.962 0.3420 -0.9397 0.0000
2.356 -5.897 4.962 0.3420 -0.9397 0.0000
2.718 -5.739 4.962 0.3420 -0.9397 0.0000
1.607 -6.143 5.662 -0.3420 0.9397 -0.0000
1.985 -6.032 5.662 -0.3420 0.9397 -0.0000
2.356 -5.897 5.662 -0.3420 0.9397 -0.0000
2.718 -5.739 5.662 -0.3420 0.9397 -0.0000
1.607 -6.143 4.962 -0.3420 0.9397 -0.0000
1.985 -6.032 4.962 -0.3420 0.9397 -0.0000
2.356 -5.897 4.962 -0.3420 0.9397 -0.0000
2.718 -5.739 4.962 -0.3420 0.9397 -0.0000
1.607 -6.143 4.962 0.0000 0.0000 -1.0000
1.985 -6.032 4.962 0.0000 0.0000 -1.0000
2.356 -5.897 4.962 0.0000 0.0000 -1.0000
2.718 -5.739 4.962 0.0000 0.0000 -1.0000
1.518 -5.805 4.844 0.0000 0.0000 -1.0000
1.876 -5.699 4.844 0.0000 0.0000 -1.0000
2.226 -5.572 4.844 0.0000 0.0000 -1.0000
2.568 -5.423 4.844 0.0000 0.0000 -1.0000
1.607 -6.143 4.962 -0.0000 -0.0000 1.0000
1.985 -6.032 4.962 -0.0000 -0.0000 1.0000
2.356 -5.897 4.962 -0.0000 -0.0000 1.0000
2.718 -5.739 4.962 -0.0000 -0.0000 1.0000
1.518 -5.805 4.844 -0.0000 -0.0000 1.0000
1.876 -5.699 4.844 -0.0000 -0.0000 1.0000
2.226 -5.572 4.844 -0.0000 -0.0000 1.0000
2.568 -5.423 4.844 -0.0000 -0.0000 1.0000
0 1 5
0 5 4
8 13 9
8 12 13
1 2 6
1 6 5
9 14 10
9 13 14
2 3 7
2 7 6
10 15 11
10 14 15
16 17 21
16 21 20
24 29 25
24 28 29
17 18 22
17 22 21
25 30 26
25 29 30
18 19 23
18 23 22
26 31 27
26 30 31
32 37 33
32 36 37
40 41 45
40 45 44
33 38 34
33 37 38
41 42 46
41 46 45
34 39 35
34 38 39
42 43 47
42 47 46
48 53 49
48 52 53
56 57 61
56 61 60
49 54 50
49 53 54
57 58 62
57 62 61
50 55 51
50 54 55
58 59 63
58 63 62
LABEL kfoot_strip_0_1
MATERIAL 14
TEXTURE 0
GEOM 64 48 ;kfoot_strip_0_1
0.313 -0.682 3.762 0.1606 -0.2782 -0.9470
0.355 -0.661 3.762 0.1606 -0.2782 -0.9470
0.395 -0.638 3.762 0.1606 -0.2782 -0.9470
0.434 -0.612 3.762 0.1606 -0.2782 -0.9470
2.649 -5.771 5.662 0.1606 -0.2782 -0.9470
3.003 -5.595 5.662 0.1606 -0.2782 -0.9470
3.344 -5.398 5.662 0.1606 -0.2782 -0.9470
3.673 -5.180 5.662 0.1606 -0.2782 -0.9470
0.313 -0.682 3.762 -0.1606 0.2782 0.9470
0.355 -0.661 3.762 -0.1606 0.2782 0.9470
0.395 -0.638 3.762 -0.1606 0.2782 0.9470
0.434 -0.612 3.762 -0.1606 0.2782 0.9470
2.649 -5.771 5.662 -0.1606 0.2782 0.9470
3.003 -5.595 5.662 -0.1606 0.2782 0.9470
3.344 -5.398 5.662 -0.1606 0.2782 0.9470
3.673 -5.180 5.662 -0.1606 0.2782 0.9470
2.649 -5.771 5.662 0.5000 -0.8660 0.0000
3.003 -5.595 5.662 0.5000 -0.8660 0.0000
3.344 -5.398 5.662 0.5000 -0.8660 0.0000
3.673 -5.180 5.662 0.5000 -0.8660 0.0000
2.649 -5.771 6.562 0.5000 -0.8660 0.0000
3.003 -5.595 6.562 0.5000 -0.8660 0.0000
3.344 -5.398 6.562 0.5000 -0.8660 0.0000
3.673 -5.180 6.562 0.5000 -0.8660 0.0000
2.649 -5.771 5.662 -0.5000 0.8660 -0.0000
3.003 -5.595 5.662 -0.5000 0.8660 -0.0000
3.344 -5.398 5.662 -0.5000 0.8660 -0.0000
3.673 -5.180 5.662 -0.5000 0.8660 -0.0000
2.649 -5.771 6.562 -0.5000 0.8660 -0.0000
3.003 -5.595 6.562 -0.5000 0.8660 -0.0000
3.344 -5.398 6.562 -0.5000 0.8660 -0.0000
3.673 -5.180 6.562 -0.5000 0.8660 -0.0000
2.649 -5.771 5.662 0.5000 -0.8660 0.0000
3.003 -5.595 5.662 0.5000 -0.8660 0.0000
3.344 -5.398 5.662 0.5000 -0.8660 0.0000
3.673 -5.180 5.662 0.5000 -0.8660 0.0000
2.649 -5.771 4.962 0.5000 -0.8660 0.0000
3.003 -5.595 4.962 0.5000 -0.8660 0.0000
3.344 -5.398 4.962 0.5000 -0.8660 0.0000
3.673 -5.180 4.962 0.5000 -0.8660 0.0000
2.649 -5.771 5.662 -0.5000 0.8660 -0.0000
3.003 -5.595 5.662 -0.5000 0.8660 -0.0000
3.344 -5.398 5.662 -0.5000 0.8660 -0.0000
3.673 -5.180 5.662 -0.5000 0.8660 -0.0000
2.649 -5.771 4.962 -0.5000 0.8660 -0.0000
3.003 -5.595 4.962 -0.5000 0.8660 -0.0000
3.344 -5.398 4.962 -0.5000 0.8660 -0.0000
3.673 -5.180 4.962 -0.5000 0.8660 -0.0000
2.649 -5.771 4.962 0.0000 0.0000 -1.0000
3.003 -5.595 4.962 0.0000 0.0000 -1.0000
3.344 -5.398 4.962 0.0000 0.0000 -1.0000
3.673 -5.180 4.962 0.0000 0.0000 -1.0000
2.503 -5.453 4.844 0.0000 0.0000 -1.0000
2.837 -5.287 4.844 0.0000 0.0000 -1.0000
3.160 -5.100 4.844 0.0000 0.0000 -1.0000
3.471 -4.894 4.844 0.0000 0.0000 -1.0000
2.649 -5.771 4.962 -0.0000 -0.0000 1.0000
3.003 -5.595 4.962 -0.0000 -0.0000 1.0000
3.344 -5.398 4.962 -0.0000 -0.0000 1.0000
3.673 -5.180 4.962 -0.0000 -0.0000 1.0000
2.503 -5.453 4.844 -0.0000 -0.0000 1.0000
2.837 -5.287 4.844 -0.0000 -0.0000 1.0000
3.160 -5.100 4.844 -0.0000 -0.0000 1.0000
3.471 -4.894 4.844 -0.0000 -0.0000 1.0000
0 1 5
0 5 4
8 13 9
8 12 13
1 2 6
1 6 5
9 14 10
9 13 14
2 3 7
2 7 6
10 15 11
10 14 15
16 17 21
16 21 20
24 29 25
24 28 29
17 18 22
17 22 21
25 30 26
25 29 30
18 19 23
18 23 22
26 31 27
26 30 31
32 37 33
32 36 37
40 41 45
40 45 44
33 38 34
33 37 38
41 42 46
41 46 45
34 39 35
34 38 39
42 43 47
42 47 46
48 53 49
48 52 53
56 57 61
56 61 60
49 54 50
49 53 54
57 58 62
57 62 61
50 55 51
50 54 55
58 59 63
58 63 62
LABEL kfoot_strip_0_2
MATERIAL 14
TEXTURE 0
GEOM 64 48 ;kfoot_strip_0_2
0.426 -0.617 3.762 0.2065 -0.2461 -0.9470
0.464 -0.589 3.762 0.2065 -0.2461 -0.9470
0.500 -0.559 3.762 0.2065 -0.2461 -0.9470
0.534 -0.527 3.762 0.2065 -0.2461 -0.9470
3.611 -5.223 5.662 0.2065 -0.2461 -0.9470
3.929 -4.989 5.662 0.2065 -0.2461 -0.9470
4.231 -4.735 5.662 0.2065 -0.2461 -0.9470
4.517 -4.463 5.662 0.2065 -0.2461 -0.9470
0.426 -0.617 3.762 -0.2065 0.2461 0.9470
0.464 -0.589 3.762 -0.2065 0.2461 0.9470
0.500 -0.559 3.762 -0.2065 0.2461 0.9470
0.534 -0.527 3.762 -0.2065 0.2461 0.9470
3.611 -5.223 5.662 -0.2065 0.2461 0.9470
3.929 -4.989 5.662 -0.2065 0.2461 0.9470
4.231 -4.735 5.662 -0.2065 0.2461 0.9470
4.517 -4.463 5.662 -0.2065 0.2461 0.9470
3.611 -5.223 5.662 0.6428 -0.7660 0.0000
3.929 -4.989 5.662 0.6428 -0.7660 0.0000
4.231 -4.735 5.662 0.6428 -0.7660 0.0000
4.517 -4.463 5.662 0.6428 -0.7660 0.0000
3.611 -5.223 6.562 0.6428 -0.7660 0.0000
3.929 -4.989 6.562 0.6428 -0.7660 0.0000
4.231 -4.735 6.562 0.6428 -0.7660 0.0000
4.517 -4.463 6.562 0.6428 -0.7660 0.0000
3.611 -5.223 5.662 -0.6428 0.7660 -0.0000
3.929 -4.989 5.662 -0.6428 0.7660 -0.0000
4.231 -4.735 5.662 -0.6428 0.7660 -0.0000
4.517 -4.463 5.662 -0.6428 0.7660 -0.0000
3.611 -5.223 6.562 -0.6428 0.7660 -0.0000
3.929 -4.989 6.562 -0.6428 0.7660 -0.0000
4.231 -4.735 6.562 -0.6428 0.7660 -0.0000
4.517 -4.463 6.562 -0.6428 0.7660 -0.0000
3.611 -5.223 5.662 0.6428 -0.7660 0.0000
3.929 -4.989 5.662 0.6428 -0.7660 0.0000
4.231 -4.735 5.662 0.6428 -0.7660 0.0000
4.517 -4.463 5.662 0.6428 -0.7660 0.0000
3.611 -5.223 4.962 0.6428 -0.7660 0.0000
3.929 -4.989 4.962 0.6428 -0.7660 0.0000
4.231 -4.735 4.962 0.6428 -0.7660 0.0000
4.517 -4.463 4.962 0.6428 -0.7660 0.0000
3.611 -5.223 5.662 -0.6428 0.7660 -0.0000
3.929 -4.989 5.662 -0.6428 0.7660 -0.0000
4.231 -4.735 5.662 -0.6428 0.7660 -0.0000
4.517 -4.463 5.662 -0.6428 0.7660 -0.0000
3.611 -5.223 4.962 -0.6428 0.7660 -0.0000
3.929 -4.989 4.962 -0.6428 0.7660 -0.0000
4.231 -4.735 4.962 -0.6428 0.7660 -0.0000
4.517 -4.463 4.962 -0.6428 0.7660 -0.0000
3.611 -5.223 4.962 0.0000 0.0000 -1.0000
3.929 -4.989 4.962 0.0000 0.0000 -1.0000
4.231 -4.735 4.962 0.0000 0.0000 -1.0000
4.517 -4.463 4.962 0.0000 0.0000 -1.0000
3.412 -4.935 4.844 0.0000 0.0000 -1.0000
3.712 -4.714 4.844 0.0000 0.0000 -1.0000
3.998 -4.474 4.844 0.0000 0.0000 -1.0000
4.268 -4.217 4.844 0.0000 0.0000 -1.0000
3.611 -5.223 4.962 -0.0000 -0.0000 1.0000
3.929 -4.989 4.962 -0.0000 -0.0000 1.0000
4.231 -4.735 4.962 -0.0000 -0.0000 1.0000
4.517 -4.463 4.962 -0.0000 -0.0000 1.0000
3.412 -4.935 4.844 -0.0000 -0.0000 1.0000
3.712 -4.714 4.844 -0.0000 -0.0000 1.0000
3.998 -4.474 4.844 -0.0000 -0.0000 1.0000
4.268 -4.217 4.844 -0.0000 -0.0000 1.0000
0 1 5
0 5 4
8 13 9
8 12 13
1 2 6
1 6 5
9 14 10
9 13 14
2 3 7
2 7 6
10 15 11
10 14 15
16 17 21
16 21 20
24 29 25
24 28 29
17 18 22
17 22 21
25 30 26
25 29 30
18 19 23
18 23 22
26 31 27
26 30 31
32 37 33
32 36 37
40 41 45
40 45 44
33 38 34
33 37 38
41 42 46
41 46 45
34 39 35
34 38 39
42 43 47
42 47 46
48 53 49
48 52 53
56 57 61
56 61 60
49 54 50
49 53 54
57 58 62
57 62 61
50 55 51
50 54 55
58 59 63
58 63 62
LABEL kfoot_strut_0_0
MATERIAL 9
TEXTURE 0
GEOM 42 40 ;kfoot_strut_0_0
0.064 -0.628 3.197 -0.8691 0.0000 0.4946
0.053 -0.661 3.132 -0.9587 -0.2800 -0.0490
0.086 -0.682 3.069 -0.6822 -0.4530 -0.5739
0.151 -0.682 3.032 -0.1450 -0.4530 -0.8796
0.222 -0.661 3.036 0.4475 -0.2800 -0.8493
0.273 -0.628 3.078 0.8691 -0.0000 -0.4946
0.283 -0.594 3.144 0.9587 0.2800 0.0490
0.250 -0.573 3.207 0.6822 0.4530 0.5739
0.186 -0.573 3.243 0.1450 0.4530 0.8796
0.115 -0.594 3.240 -0.4475 0.2800 0.8493
0.812 -3.420 4.512 -0.8691 0.0000 0.4946
0.801 -3.454 4.447 -0.9587 -0.2800 -0.0490
0.835 -3.475 4.384 -0.6822 -0.4530 -0.5739
0.899 -3.475 4.347 -0.1450 -0.4530 -0.8796
0.970 -3.454 4.351 0.4475 -0.2800 -0.8493
1.021 -3.420 4.393 0.8691 -0.0000 -0.4946
1.032 -3.387 4.458 0.9587 0.2800 0.0490
0.998 -3.366 4.521 0.6822 0.4530 0.5739
0.934 -3.366 4.558 0.1450 0.4530 0.8796
0.863 -3.387 4.554 -0.4475 0.2800 0.8493
0.168 -0.628 3.138 -0.2356 0.8793 -0.4140
0.064 -0.628 3.197 -0.2356 0.8793 -0.4140
0.053 -0.661 3.132 -0.2356 0.8793 -0.4140
0.086 -0.682 3.069 -0.2356 0.8793 -0.4140
0.151 -0.682 3.032 -0.2356 0.8793 -0.4140
0.222 -0.661 3.036 -0.2356 0.8793 -0.4140
0.273 -0.628 3.078 -0.2356 0.8793 -0.4140
0.283 -0.594 3.144 -0.2356 0.8793 -0.4140
0.250 -0.573 3.207 -0.2356 0.8793 -0.4140
0.186 -0.573 3.243 -0.2356 0.8793 -0.4140
0.115 -0.594 3.240 -0.2356 0.8793 -0.4140
0.916 -3.420 4.453 0.2356 -0.8793 0.4140
0.812 -3.420 4.512 0.2356 -0.8793 0.4140
0.801 -3.454 4.447 0.2356 -0.8793 0.4140
0.835 -3.475 4.384 0.2356 -0.8793 0.4140
0.899 -3.475 4.347 0.2356 -0.8793 0.4140
0.970 -3.454 4.351 0.2356 -0.8793 0.4140
1.021 -3.420 4.393 0.2356 -0.8793 0.4140
1.032 -3.387 4.458 0.2356 -0.8793 0.4140
0.998 -3.366 4.521 0.2356 -0.8793 0.4140
0.934 -3.366 4.558 0.2356 -0.8793 0.4140
0.863 -3.387 4.554 0.2356 -0.8793 0.4140
0 1 11
0 11 10
1 2 12
1 12 11
2 3 13
2 13 12
3 4 14
3 14 13
4 5 15
4 15 14
5 6 16
5 16 15
6 7 17
6 17 16
7 8 18
7 18 17
8 9 19
8 19 18
9 0 10
9 10 19
20 22 21
20 23 22
20 24 23
20 25 24
20 26 25
20 27 26
20 28 27
20 29 28
20 30 29
20 21 30
31 32 33
31 33 34
31 34 35
31 35 36
31 36 37
31 37 38
31 38 39
31 39 40
31 40 41
31 41 32
LABEL kfoot_strut_0_1
MATERIAL 9
TEXTURE 0
GEOM 42 40 ;kfoot_strut_0_1
0.038 -0.628 2.602 -0.8959 0.0000 0.4442
0.031 -0.672 2.524 -0.9484 -0.3036 -0.0915
0.076 -0.699 2.452 -0.6386 -0.4912 -0.5923
0.156 -0.699 2.412 -0.0849 -0.4912 -0.8669
0.241 -0.672 2.420 0.5012 -0.3036 -0.8103
0.298 -0.628 2.473 0.8959 -0.0000 -0.4442
0.306 -0.584 2.551 0.9484 0.3036 0.0915
0.261 -0.557 2.624 0.6386 0.4912 0.5923
0.181 -0.557 2.663 0.0849 0.4912 0.8669
0.096 -0.584 2.655 -0.5012 0.3036 0.8103
1.539 -6.228 5.628 -0.8959 0.0000 0.4442
1.531 -6.272 5.550 -0.9484 -0.3036 -0.0915
1.576 -6.299 5.478 -0.6386 -0.4912 -0.5923
1.656 -6.299 5.438 -0.0849 -0.4912 -0.8669
1.741 -6.272 5.446 0.5012 -0.3036 -0.8103
1.799 -6.228 5.499 0.8959 -0.0000 -0.4442
1.806 -6.184 5.577 0.9484 0.3036 0.0915
1.761 -6.157 5.650 0.6386 0.4912 0.5923
1.681 -6.157 5.689 0.0849 0.4912 0.8669
1.596 -6.184 5.681 -0.5012 0.3036 0.8103
0.168 -0.628 2.538 -0.2294 0.8563 -0.4627
0.038 -0.628 2.602 -0.2294 0.8563 -0.4627
0.031 -0.672 2.524 -0.2294 0.8563 -0.4627
0.076 -0.699 2.452 -0.2294 0.8563 -0.4627
0.156 -0.699 2.412 -0.2294 0.8563 -0.4627
0.241 -0.672 2.420 -0.2294 0.8563 -0.4627
0.298 -0.628 2.473 -0.2294 0.8563 -0.4627
0.306 -0.584 2.551 -0.2294 0.8563 -0.4627
0.261 -0.557 2.624 -0.2294 0.8563 -0.4627
0.181 -0.557 2.663 -0.2294 0.8563 -0.4627
0.096 -0.584 2.655 -0.2294 0.8563 -0.4627
1.669 -6.228 5.564 0.2294 -0.8563 0.4627
1.539 -6.228 5.628 0.2294 -0.8563 0.4627
1.531 -6.272 5.550 0.2294 -0.8563 0.4627
1.576 -6.299 5.478 0.2294 -0.8563 0.4627
1.656 -6.299 5.438 0.2294 -0.8563 0.4627
1.741 -6.272 5.446 0.2294 -0.8563 0.4627
1.799 -6.228 5.499 0.2294 -0.8563 0.4627
1.806 -6.184 5.577 0.2294 -0.8563 0.4627
1.761 -6.157 5.650 0.2294 -0.8563 0.4627
1.681 -6.157 5.689 0.2294 -0.8563 0.4627
1.596 -6.184 5.681 0.2294 -0.8563 0.4627
0 1 11
0 11 10
1 2 12
1 12 11
2 3 13
2 13 12
3 4 14
3 14 13
4 5 15
4 15 14
5 6 16
5 16 15
6 7 17
6 17 16
7 8 18
7 18 17
8 9 19
8 19 18
9 0 10
9 10 19
20 22 21
20 23 22
20 24 23
20 25 24
20 26 25
20 27 26
20 28 27
20 29 28
20 30 29
20 21 30
31 32 33
31 33 34
31 34 35
31 35 36
31 36 37
31 37 38
31 38 39
31 39 40
31 40 41
31 41 32
LABEL kfoot_rib_1
MATERIAL 7
TEXTURE 0
GEOM 28 52 ;kfoot_rib_1
0.277 -0.631 3.786 -0.7071 -0.7071 -0.0000
0.631 -0.277 3.786 0.7071 0.7071 0.0000
0.710 -0.356 3.457 0.7071 0.7071 0.0000
0.356 -0.710 3.457 -0.7071 -0.7071 -0.0000
0.955 -1.309 4.111 -0.7071 -0.7071 -0.0000
1.309 -0.955 4.111 0.7071 0.7071 0.0000
1.384 -1.030 3.797 0.7071 0.7071 0.0000
1.030 -1.384 3.797 -0.7071 -0.7071 -0.0000
1.633 -1.987 4.436 -0.7071 -0.7071 -0.0000
1.987 -1.633 4.436 0.7071 0.7071 0.0000
2.058 -1.705 4.138 0.7071 0.7071 0.0000
1.705 -2.058 4.138 -0.7071 -0.7071 -0.0000
2.311 -2.665 4.762 -0.7071 -0.7071 -0.0000
2.665 -2.311 4.762 0.7071 0.7071 0.0000
2.733 -2.379 4.478 0.7071 0.7071 0.0000
2.379 -2.733 4.478 -0.7071 -0.7071 -0.0000
2.989 -3.343 5.087 -0.7071 -0.7071 -0.0000
3.343 -2.989 5.087 0.7071 0.7071 0.0000
3.411 -3.057 4.803 0.7071 0.7071 0.0000
3.057 -3.411 4.803 -0.7071 -0.7071 -0.0000
3.667 -4.021 5.412 -0.7071 -0.7071 -0.0000
4.021 -3.667 5.412 0.7071 0.7071 0.0000
4.089 -3.735 5.128 0.7071 0.7071 0.0000
3.735 -4.089 5.128 -0.7071 -0.7071 -0.0000
4.345 -4.699 5.738 -0.7071 -0.7071 -0.0000
4.699 -4.345 5.738 0.7071 0.7071 0.0000
4.740 -4.386 5.567 0.7071 0.7071 0.0000
4.386 -4.740 5.567 -0.7071 -0.7071 -0.0000
0 5 1
0 4 5
1 6 2
1 5 6
2 7 3
2 6 7
3 4 0
3 7 4
4 9 5
4 8 9
5 10 6
5 9 10
6 11 7
6 10 11
7 8 4
7 11 8
8 13 9
8 12 13
9 14 10
9 13 14
10 15 11
10 14 15
11 12 8
11 15 12
12 17 13
12 16 17
13 18 14
13 17 18
14 19 15
14 18 19
15 16 12
15 19 16
16 21 17
16 20 21
17 22 18
17 21 22
18 23 19
18 22 23
19 20 16
19 23 20
20 25 21
20 24 25
21 26 22
21 25 26
22 27 23
22 26 27
23 24 20
23 27 24
0 1 2
0 2 3
24 26 25
24 27 26
LABEL kfoot_strip_1_0
MATERIAL 14
TEXTURE 0
GEOM 64 48 ;kfoot_strip_1_0
0.527 -0.534 3.762 0.2461 -0.2065 -0.9470
0.559 -0.500 3.762 0.2461 -0.2065 -0.9470
0.589 -0.464 3.762 0.2461 -0.2065 -0.9470
0.617 -0.426 3.762 0.2461 -0.2065 -0.9470
4.463 -4.517 5.662 0.2461 -0.2065 -0.9470
4.735 -4.231 5.662 0.2461 -0.2065 -0.9470
4.989 -3.929 5.662 0.2461 -0.2065 -0.9470
5.223 -3.611 5.662 0.2461 -0.2065 -0.9470
0.527 -0.534 3.762 -0.2461 0.2065 0.9470
0.559 -0.500 3.762 -0.2461 0.2065 0.9470
0.589 -0.464 3.762 -0.2461 0.2065 0.9470
0.617 -0.426 3.762 -0.2461 0.2065 0.9470
4.463 -4.517 5.662 -0.2461 0.2065 0.9470
4.735 -4.231 5.662 -0.2461 0.2065 0.9470
4.989 -3.929 5.662 -0.2461 0.2065 0.9470
5.223 -3.611 5.662 -0.2461 0.2065 0.9470
4.463 -4.517 5.662 0.7660 -0.6428 0.0000
4.735 -4.231 5.662 0.7660 -0.6428 0.0000
4.989 -3.929 5.662 0.7660 -0.6428 0.0000
5.223 -3.611 5.662 0.7660 -0.6428 0.0000
4.463 -4.517 6.562 0.7660 -0.6428 0.0000
4.735 -4.231 6.562 0.7660 -0.6428 0.0000
4.989 -3.929 6.562 0.7660 -0.6428 0.0000
5.223 -3.611 6.562 0.7660 -0.6428 0.0000
4.463 -4.517 5.662 -0.7660 0.6428 -0.0000
4.735 -4.231 5.662 -0.7660 0.6428 -0.0000
4.989 -3.929 5.662 -0.7660 0.6428 -0.0000
5.223 -3.611 5.662 -0.7660 0.6428 -0.0000
4.463 -4.517 6.562 -0.7660 0.6428 -0.0000
4.735 -4.231 6.562 -0.7660 0.6428 -0.0000
4.989 -3.929 6.562 -0.7660 0.6428 -0.0000
5.223 -3.611 6.562 -0.7660 0.6428 -0.0000
4.463 -4.517 5.662 0.7660 -0.6428 0.0000
4.735 -4.231 5.662 0.7660 -0.6428 0.0000
4.989 -3.929 5.662 0.7660 -0.6428 0.0000
5.223 -3.611 5.662 0.7660 -0.6428 0.0000
4.463 -4.517 4.962 0.7660 -0.6428 0.0000
4.735 -4.231 4.962 0.7660 -0.6428 0.0000
4.989 -3.929 4.962 0.7660 -0.6428 0.0000
5.223 -3.611 4.962 0.7660 -0.6428 0.0000
4.463 -4.517 5.662 -0.7660 0.6428 -0.0000
4.735 -4.231 5.662 -0.7660 0.6428 -0.0000
4.989 -3.929 5.662 -0.7660 0.6428 -0.0000
5.223 -3.611 5.662 -0.7660 0.6428 -0.0000
4.463 -4.517 4.962 -0.7660 0.6428 -0.0000
4.735 -4.231 4.962 -0.7660 0.6428 -0.0000
4.989 -3.929 4.962 -0.7660 0.6428 -0.0000
5.223 -3.611 4.962 -0.7660 0.6428 -0.0000
4.463 -4.517 4.962 0.0000 0.0000 -1.0000
4.735 -4.231 4.962 0.0000 0.0000 -1.0000
4.989 -3.929 4.962 0.0000 0.0000 -1.0000
5.223 -3.611 4.962 0.0000 0.0000 -1.0000
4.217 -4.268 4.844 0.0000 0.0000 -1.0000
4.474 -3.998 4.844 0.0000 0.0000 -1.0000
4.714 -3.712 4.844 0.0000 0.0000 -1.0000
4.935 -3.412 4.844 0.0000 0.0000 -1.0000
4.463 -4.517 4.962 -0.0000 -0.0000 1.0000
4.735 -4.231 4.962 -0.0000 -0.0000 1.0000
4.989 -3.929 4.962 -0.0000 -0.0000 1.0000
5.223 -3.611 4.962 -0.0000 -0.0000 1.0000
4.217 -4.268 4.844 -0.0000 -0.0000 1.0000
4.474 -3.998 4.844 -0.0000 -0.0000 1.0000
4.714 -3.712 4.844 -0.0000 -0.0000 1.0000
4.935 -3.412 4.844 -0.0000 -0.0000 1.0000
0 1 5
0 5 4
8 13 9
8 12 13
1 2 6
1 6 5
9 14 10
9 13 14
2 3 7
2 7 6
10 15 11
10 14 15
16 17 21
16 21 20
24 29 25
24 28 29
17 18 22
17 22 21
25 30 26
25 29 30
18 19 23
18 23 22
26 31 27
26 30 31
32 37 33
32 36 37
40 41 45
40 45 44
33 38 34
33 37 38
41 42 46
41 46 45
34 39 35
34 38 39
42 43 47
42 47 46
48 53 49
48 52 53
56 57 61
56 61 60
49 54 50
49 53 54
57 58 62
57 62 61
50 55 51
50 54 55
58 59 63
58 63 62
LABEL kfoot_strip_1_1
MATERIAL 14
TEXTURE 0
GEOM 64 48 ;kfoot_strip_1_1
0.612 -0.434 3.762 0.2782 -0.1606 -0.9470
0.638 -0.395 3.762 0.2782 -0.1606 -0.9470
0.661 -0.355 3.762 0.2782 -0.1606 -0.9470
0.682 -0.313 3.762 0.2782 -0.1606 -0.9470
5.180 -3.673 5.662 0.2782 -0.1606 -0.9470
5.398 -3.344 5.662 0.2782 -0.1606 -0.9470
5.595 -3.003 5.662 0.2782 -0.1606 -0.9470
5.771 -2.649 5.662 0.2782 -0.1606 -0.9470
0.612 -0.434 3.762 -0.2782 0.1606 0.9470
0.638 -0.395 3.762 -0.2782 0.1606 0.9470
0.661 -0.355 3.762 -0.2782 0.1606 0.9470
0.682 -0.313 3.762 -0.2782 0.1606 0.9470
5.180 -3.673 5.662 -0.2782 0.1606 0.9470
5.398 -3.344 5.662 -0.2782 0.1606 0.9470
5.595 -3.003 5.662 -0.2782 0.1606 0.9470
5.771 -2.649 5.662 -0.2782 0.1606 0.9470
5.180 -3.673 5.662 0.8660 -0.5000 0.0000
5.398 -3.344 5.662 0.8660 -0.5000 0.0000
5.595 -3.003 5.662 0.8660 -0.5000 0.0000
5.771 -2.649 5.662 0.8660 -0.5000 0.0000
5.180 -3.673 6.562 0.8660 -0.5000 0.0000
5.398 -3.344 6.562 0.8660 -0.5000 0.0000
5.595 -3.003 6.562 0.8660 -0.5000 0.0000
5.771 -2.649 6.562 0.8660 -0.5000 0.0000
5.180 -3.673 5.662 -0.8660 0.5000 -0.0000
5.398 -3.344 5.662 -0.8660 0.5000 -0.0000
5.595 -3.003 5.662 -0.8660 0.5000 -0.0000
5.771 -2.649 5.662 -0.8660 0.5000 -0.0000
5.180 -3.673 6.562 -0.8660 0.5000 -0.0000
5.398 -3.344 6.562 -0.8660 0.5000 -0.0000
5.595 -3.003 6.562 -0.8660 0.5000 -0.0000
5.771 -2.649 6.562 -0.8660 0.5000 -0.0000
5.180 -3.673 5.662 0.8660 -0.5000 0.0000
5.398 -3.344 5.662 0.8660 -0.5000 0.0000
5.595 -3.003 5.662 0.8660 -0.5000 0.0000
5.771 -2.649 5.662 0.8660 -0.5000 0.0000
5.180 -3.673 4.962 0.8660 -0.5000 0.0000
5.398 -3.344 4.962 0.8660 -0.5000 0.0000
5.595 -3.003 4.962 0.8660 -0.5000 0.0000
5.771 -2.649 4.962 0.8660 -0.5000 0.0000
5.180 -3.673 5.662 -0.8660 0.5000 -0.0000
5.398 -3.344 5.662 -0.8660 0.5000 -0.0000
5.595 -3.003 5.662 -0.8660 0.5000 -0.0000
5.771 -2.649 5.662 -0.8660 0.5000 -0.0000
5.180 -3.673 4.962 -0.8660 0.5000 -0.0000
5.398 -3.344 4.962 -0.8660 0.5000 -0.0000
5.595 -3.003 4.962 -0.8660 0.5000 -0.0000
5.771 -2.649 4.962 -0.8660 0.5000 -0.0000
5.180 -3.673 4.962 0.0000 0.0000 -1.0000
5.398 -3.344 4.962 0.0000 0.0000 -1.0000
5.595 -3.003 4.962 0.0000 0.0000 -1.0000
5.771 -2.649 4.962 0.0000 0.0000 -1.0000
4.894 -3.471 4.844 0.0000 0.0000 -1.0000
5.100 -3.160 4.844 0.0000 0.0000 -1.0000
5.287 -2.837 4.844 0.0000 0.0000 -1.0000
5.453 -2.503 4.844 0.0000 0.0000 -1.0000
5.180 -3.673 4.962 -0.0000 -0.0000 1.0000
5.398 -3.344 4.962 -0.0000 -0.0000 1.0000
5.595 -3.003 4.962 -0.0000 -0.0000 1.0000
5.771 -2.649 4.962 -0.0000 -0.0000 1.0000
4.894 -3.471 4.844 -0.0000 -0.0000 1.0000
5.100 -3.160 4.844 -0.0000 -0.0000 1.0000
5.287 -2.837 4.844 -0.0000 -0.0000 1.0000
5.453 -2.503 4.844 -0.0000 -0.0000 1.0000
0 1 5
0 5 4
8 13 9
8 12 13
1 2 6
1 6 5
9 14 10
9 13 14
2 3 7
2 7 6
10 15 11
10 14 15
16 17 21
16 21 20
24 29 25
24 28 29
17 18 22
17 22 21
25 30 26
25 29 30
18 19 23
18 23 22
26 31 27
26 30 31
32 37 33
32 36 37
40 41 45
40 45 44
33 38 34
33 37 38
41 42 46
41 46 45
34 39 35
34 38 39
42 43 47
42 47 46
48 53 49
48 52 53
56 57 61
56 61 60
49 54 50
49 53 54
57 58 62
57 62 61
50 55 51
50 54 55
58 59 63
58 63 62
LABEL kfoot_strip_1_2
MATERIAL 14
TEXTURE 0
GEOM 64 48 ;kfoot_strip_1_2
0.678 -0.321 3.762 0.3019 -0.1099 -0.9470
0.696 -0.278 3.762 0.3019 -0.1099 -0.9470
0.712 -0.234 3.762 0.3019 -0.1099 -0.9470
0.726 -0.190 3.762 0.3019 -0.1099 -0.9470
5.739 -2.718 5.662 0.3019 -0.1099 -0.9470
5.897 -2.356 5.662 0.3019 -0.1099 -0.9470
6.032 -1.985 5.662 0.3019 -0.1099 -0.9470
6.143 -1.607 5.662 0.3019 -0.1099 -0.9470
0.678 -0.321 3.762 -0.3019 0.1099 0.9470
0.696 -0.278 3.762 -0.3019 0.1099 0.9470
0.712 -0.234 3.762 -0.3019 0.1099 0.9470
0.726 -0.190 3.762 -0.3019 0.1099 0.9470
5.739 -2.718 5.662 -0.3019 0.1099 0.9470
5.897 -2.356 5.662 -0.3019 0.1099 0.9470
6.032 -1.985 5.662 -0.3019 0.1099 0.9470
6.143 -1.607 5.662 -0.3019 0.1099 0.9470
5.739 -2.718 5.662 0.9397 -0.3420 0.0000
5.897 -2.356 5.662 0.9397 -0.3420 0.0000
6.032 -1.985 5.662 0.9397 -0.3420 0.0000
6.143 -1.607 5.662 0.9397 -0.3420 0.0000
5.739 -2.718 6.562 0.9397 -0.3420 0.0000
5.897 -2.356 6.562 0.9397 -0.3420 0.0000
6.032 -1.985 6.562 0.9397 -0.3420 0.0000
6.143 -1.607 6.562 0.9397 -0.3420 0.0000
5.739 -2.718 5.662 -0.9397 0.3420 -0.0000
5.897 -2.356 5.662 -0.9397 0.3420 -0.0000
6.032 -1.985 5.662 -0.9397 0.3420 -0.0000
6.143 -1.607 5.662 -0.9397 0.3420 -0.0000
5.739 -2.718 6.562 -0.9397 0.3420 -0.0000
5.897 -2.356 6.562 -0.9397 0.3420 -0.0000
6.032 -1.985 6.562 -0.9397 0.3420 -0.0000
6.143 -1.607 6.562 -0.9397 0.3420 -0.0000
5.739 -2.718 5.662 0.9397 -0.3420 0.0000
5.897 -2.356 5.662 0.9397 -0.3420 0.0000
6.032 -1.985 5.662 0.9397 -0.3420 0.0000
6.143 -1.607 5.662 0.9397 -0.3420 0.0000
5.739 -2.718 4.962 0.9397 -0.3420 0.0000
5.897 -2.356 4.962 0.9397 -0.3420 0.0000
6.032 -1.985 4.962 0.9397 -0.3420 0.0000
6.143 -1.607 4.962 0.9397 -0.3420 0.0000
5.739 -2.718 5.662 -0.9397 0.3420 -0.0000
5.897 -2.356 5.662 -0.9397 0.3420 -0.0000
6.032 -1.985 5.662 -0.9397 0.3420 -0.0000
6.143 -1.607 5.662 -0.9397 0.3420 -0.0000
5.739 -2.718 4.962 -0.9397 0.3420 -0.0000
5.897 -2.356 4.962 -0.9397 0.3420 -0.0000
6.032 -1.985 4.962 -0.9397 0.3420 -0.0000
6.143 -1.607 4.962 -0.9397 0.3420 -0.0000
5.739 -2.718 4.962 0.0000 0.0000 -1.0000
5.897 -2.356 4.962 0.0000 0.0000 -1.0000
6.032 -1.985 4.962 0.0000 0.0000 -1.0000
6.143 -1.607 4.962 0.0000 0.0000 -1.0000
5.423 -2.568 4.844 0.0000 0.0000 -1.0000
5.572 -2.226 4.844 0.0000 0.0000 -1.0000
5.699 -1.876 4.844 0.0000 0.0000 -1.0000
5.805 -1.518 4.844 0.0000 0.0000 -1.0000
5.739 -2.718 4.962 -0.0000 -0.0000 1.0000
5.897 -2.356 4.962 -0.0000 -0.0000 1.0000
6.032 -1.985 4.962 -0.0000 -0.0000 1.0000
6.143 -1.607 4.962 -0.0000 -0.0000 1.0000
5.423 -2.568 4.844 -0.0000 -0.0000 1.0000
5.572 -2.226 4.844 -0.0000 -0.0000 1.0000
5.699 -1.876 4.844 -0.0000 -0.0000 1.0000
5.805 -1.518 4.844 -0.0000 -0.0000 1.0000
0 1 5
0 5 4
8 13 9
8 12 13
1 2 6
1 6 5
9 14 10
9 13 14
2 3 7
2 7 6
10 15 11
10 14 15
16 17 21
16 21 20
24 29 25
24 28 29
17 18 22
17 22 21
25 30 26
25 29 30
18 19 23
18 23 22
26 31 27
26 30 31
32 37 33
32 36 37
40 41 45
40 45 44
33 38 34
33 37 38
41 42 46
41 46 45
34 39 35
34 38 39
42 43 47
42 47 46
48 53 49
48 52 53
56 57 61
56 61 60
49 54 50
49 53 54
57 58 62
57 62 61
50 55 51
50 54 55
58 59 63
58 63 62
LABEL kfoot_strut_1_0
MATERIAL 9
TEXTURE 0
GEOM 42 40 ;kfoot_strut_1_0
0.395 -0.460 3.239 -0.5410 0.0000 0.8410
0.369 -0.514 3.195 -0.7558 -0.4498 0.4758
0.378 -0.547 3.129 -0.6820 -0.7279 -0.0713
0.418 -0.547 3.067 -0.3477 -0.7279 -0.5911
0.474 -0.514 3.031 0.1195 -0.4498 -0.8851
0.525 -0.460 3.037 0.5410 -0.0000 -0.8410
0.550 -0.406 3.081 0.7558 0.4498 -0.4758
0.541 -0.372 3.146 0.6820 0.7279 0.0713
0.501 -0.372 3.209 0.3477 0.7279 0.5911
0.445 -0.406 3.244 -0.1195 0.4498 0.8851
2.439 -2.504 4.553 -0.5410 0.0000 0.8410
2.413 -2.558 4.510 -0.7558 -0.4498 0.4758
2.422 -2.591 4.444 -0.6820 -0.7279 -0.0713
2.462 -2.591 4.382 -0.3477 -0.7279 -0.5911
2.518 -2.558 4.346 0.1195 -0.4498 -0.8851
2.569 -2.504 4.352 0.5410 -0.0000 -0.8410
2.595 -2.450 4.395 0.7558 0.4498 -0.4758
2.586 -2.417 4.461 0.6820 0.7279 0.0713
2.546 -2.417 4.523 0.3477 0.7279 0.5911
2.490 -2.450 4.559 -0.1195 0.4498 0.8851
0.460 -0.460 3.138 -0.6437 0.6437 -0.4140
0.395 -0.460 3.239 -0.6437 0.6437 -0.4140
0.369 -0.514 3.195 -0.6437 0.6437 -0.4140
0.378 -0.547 3.129 -0.6437 0.6437 -0.4140
0.418 -0.547 3.067 -0.6437 0.6437 -0.4140
0.474 -0.514 3.031 -0.6437 0.6437 -0.4140
0.525 -0.460 3.037 -0.6437 0.6437 -0.4140
0.550 -0.406 3.081 -0.6437 0.6437 -0.4140
0.541 -0.372 3.146 -0.6437 0.6437 -0.4140
0.501 -0.372 3.209 -0.6437 0.6437 -0.4140
0.445 -0.406 3.244 -0.6437 0.6437 -0.4140
2.504 -2.504 4.453 0.6437 -0.6437 0.4140
2.439 -2.504 4.553 0.6437 -0.6437 0.4140
2.413 -2.558 4.510 0.6437 -0.6437 0.4140
2.422 -2.591 4.444 0.6437 -0.6437 0.4140
2.462 -2.591 4.382 0.6437 -0.6437 0.4140
2.518 -2.558 4.346 0.6437 -0.6437 0.4140
2.569 -2.504 4.352 0.6437 -0.6437 0.4140
2.595 -2.450 4.395 0.6437 -0.6437 0.4140
2.586 -2.417 4.461 0.6437 -0.6437 0.4140
2.546 -2.417 4.523 0.6437 -0.6437 0.4140
2.490 -2.450 4.559 0.6437 -0.6437 0.4140
0 1 11
0 11 10
1 2 12
1 12 11
2 3 13
2 13 12
3 4 14
3 14 13
4 5 15
4 15 14
5 6 16
5 16 15
6 7 17
6 17 16
7 8 18
7 18 17
8 9 19
8 19 18
9 0 10
9 10 19
20 22 21
20 23 22
20 24 23
20 25 24
20 26 25
20 27 26
20 28 27
20 29 28
20 30 29
20 21 30
31 32 33
31 33 34
31 34 35
31 35 36
31 36 37
31 37 38
31 38 39
31 39 40
31 40 41
31 41 32
LABEL kfoot_strut_1_1
MATERIAL 9
TEXTURE 0
GEOM 42 40 ;kfoot_strut_1_1
0.374 -0.460 2.654 -0.5939 0.0000 0.8045
0.347 -0.526 2.600 -0.7769 -0.4580 0.4321
0.363 -0.567 2.522 -0.6632 -0.7410 -0.1054
0.417 -0.567 2.450 -0.2961 -0.7410 -0.6027
0.486 -0.526 2.412 0.1840 -0.4580 -0.8697
0.546 -0.460 2.421 0.5939 -0.0000 -0.8045
0.572 -0.393 2.475 0.7769 0.4580 -0.4321
0.556 -0.352 2.553 0.6632 0.7410 0.1054
0.503 -0.352 2.625 0.2961 0.7410 0.6027
0.433 -0.393 2.664 -0.1840 0.4580 0.8697
4.473 -4.559 5.680 -0.5939 0.0000 0.8045
4.446 -4.625 5.626 -0.7769 -0.4580 0.4321
4.463 -4.667 5.548 -0.6632 -0.7410 -0.1054
4.516 -4.667 5.476 -0.2961 -0.7410 -0.6027
4.586 -4.625 5.438 0.1840 -0.4580 -0.8697
4.645 -4.559 5.447 0.5939 -0.0000 -0.8045
4.672 -4.493 5.501 0.7769 0.4580 -0.4321
4.655 -4.452 5.579 0.6632 0.7410 0.1054
4.602 -4.452 5.651 0.2961 0.7410 0.6027
4.532 -4.493 5.690 -0.1840 0.4580 0.8697
0.460 -0.460 2.538 -0.6269 0.6269 -0.4627
0.374 -0.460 2.654 -0.6269 0.6269 -0.4627
0.347 -0.526 2.600 -0.6269 0.6269 -0.4627
0.363 -0.567 2.522 -0.6269 0.6269 -0.4627
0.417 -0.567 2.450 -0.6269 0.6269 -0.4627
0.486 -0.526 2.412 -0.6269 0.6269 -0.4627
0.546 -0.460 2.421 -0.6269 0.6269 -0.4627
0.572 -0.393 2.475 -0.6269 0.6269 -0.4627
0.556 -0.352 2.553 -0.6269 0.6269 -0.4627
0.503 -0.352 2.625 -0.6269 0.6269 -0.4627
0.433 -0.393 2.664 -0.6269 0.6269 -0.4627
4.559 -4.559 5.564 0.6269 -0.6269 0.4627
4.473 -4.559 5.680 0.6269 -0.6269 0.4627
4.446 -4.625 5.626 0.6269 -0.6269 0.4627
4.463 -4.667 5.548 0.6269 -0.6269 0.4627
4.516 -4.667 5.476 0.6269 -0.6269 0.4627
4.586 -4.625 5.438 0.6269 -0.6269 0.4627
4.645 -4.559 5.447 0.6269 -0.6269 0.4627
4.672 -4.493 5.501 0.6269 -0.6269 0.4627
4.655 -4.452 5.579 0.6269 -0.6269 0.4627
4.602 -4.452 5.651 0.6269 -0.6269 0.4627
4.532 -4.493 5.690 0.6269 -0.6269 0.4627
0 1 11
0 11 10
1 2 12
1 12 11
2 3 13
2 13 12
3 4 14
3 14 13
4 5 15
4 15 14
5 6 16
5 16 15
6 7 17
6 17 16
7 8 18
7 18 17
8 9 19
8 19 18
9 0 10
9 10 19
20 22 21
20 23 22
20 24 23
20 25 24
20 26 25
20 27 26
20 28 27
20 29 28
20 30 29
20 21 30
31 32 33
31 33 34
31 34 35
31 35 36
31 36 37
31 37 38
31 38 39
31 39 40
31 40 41
31 41 32
LABEL kfoot_rib_2
MATERIAL 7
TEXTURE 0
GEOM 28 52 ;kfoot_rib_2
0.555 -0.408 3.786 -0.2588 -0.9659 -0.0000
0.685 0.075 3.786 0.2588 0.9659 0.0000
0.793 0.046 3.457 0.2588 0.9659 0.0000
0.663 -0.437 3.457 -0.2588 -0.9659 -0.0000
1.482 -0.656 4.111 -0.2588 -0.9659 -0.0000
1.611 -0.173 4.111 0.2588 0.9659 0.0000
1.714 -0.200 3.797 0.2588 0.9659 0.0000
1.584 -0.683 3.797 -0.2588 -0.9659 -0.0000
2.408 -0.904 4.436 -0.2588 -0.9659 -0.0000
2.537 -0.421 4.436 0.2588 0.9659 0.0000
2.635 -0.447 4.138 0.2588 0.9659 0.0000
2.506 -0.930 4.138 -0.2588 -0.9659 -0.0000
3.334 -1.152 4.762 -0.2588 -0.9659 -0.0000
3.463 -0.669 4.762 0.2588 0.9659 0.0000
3.556 -0.694 4.478 0.2588 0.9659 0.0000
3.427 -1.177 4.478 -0.2588 -0.9659 -0.0000
4.260 -1.400 5.087 -0.2588 -0.9659 -0.0000
4.390 -0.917 5.087 0.2588 0.9659 0.0000
4.483 -0.942 4.803 0.2588 0.9659 0.0000
4.353 -1.425 4.803 -0.2588 -0.9659 -0.0000
5.186 -1.648 5.412 -0.2588 -0.9659 -0.0000
5.316 -1.166 5.412 0.2588 0.9659 0.0000
5.409 -1.190 5.128 0.2588 0.9659 0.0000
5.279 -1.673 5.128 -0.2588 -0.9659 -0.0000
6.112 -1.897 5.738 -0.2588 -0.9659 -0.0000
6.242 -1.414 5.738 0.2588 0.9659 0.0000
6.298 -1.429 5.567 0.2588 0.9659 0.0000
6.168 -1.912 5.567 -0.2588 -0.9659 -0.0000
0 5 1
0 4 5
1 6 2
1 5 6
2 7 3
2 6 7
3 4 0
3 7 4
4 9 5
4 8 9
5 10 6
5 9 10
6 11 7
6 10 11
7 8 4
7 11 8
8 13 9
8 12 13
9 14 10
9 13 14
10 15 11
10 14 15
11 12 8
11 15 12
12 17 13
12 16 17
13 18 14
13 17 18
14 19 15
14 18 19
15 16 12
15 19 16
16 21 17
16 20 21
17 22 18
17 21 22
18 23 19
18 22 23
19 20 16
19 23 20
20 25 21
20 24 25
21 26 22
21 25 26
22 27 23
22 26 27
23 24 20
23 27 24
0 1 2
0 2 3
24 26 25
24 27 26
LABEL kfoot_strip_2_0
MATERIAL 14
TEXTURE 0
GEOM 64 48 ;kfoot_strip_2_0
0.723 -0.198 3.762 0.3164 -0.0558 -0.9470
0.734 -0.153 3.762 0.3164 -0.0558 -0.9470
0.742 -0.107 3.762 0.3164 -0.0558 -0.9470
0.748 -0.061 3.762 0.3164 -0.0558 -0.9470
6.124 -1.680 5.662 0.3164 -0.0558 -0.9470
6.216 -1.297 5.662 0.3164 -0.0558 -0.9470
6.285 -0.908 5.662 0.3164 -0.0558 -0.9470
6.329 -0.515 5.662 0.3164 -0.0558 -0.9470
0.723 -0.198 3.762 -0.3164 0.0558 0.9470
0.734 -0.153 3.762 -0.3164 0.0558 0.9470
0.742 -0.107 3.762 -0.3164 0.0558 0.9470
0.748 -0.061 3.762 -0.3164 0.0558 0.9470
6.124 -1.680 5.662 -0.3164 0.0558 0.9470
6.216 -1.297 5.662 -0.3164 0.0558 0.9470
6.285 -0.908 5.662 -0.3164 0.0558 0.9470
6.329 -0.515 5.662 -0.3164 0.0558 0.9470
6.124 -1.680 5.662 0.9848 -0.1736 0.0000
6.216 -1.297 5.662 0.9848 -0.1736 0.0000
6.285 -0.908 5.662 0.9848 -0.1736 0.0000
6.329 -0.515 5.662 0.9848 -0.1736 0.0000
6.124 -1.680 6.562 0.9848 -0.1736 0.0000
6.216 -1.297 6.562 0.9848 -0.1736 0.0000
6.285 -0.908 6.562 0.9848 -0.1736 0.0000
6.329 -0.515 6.562 0.9848 -0.1736 0.0000
6.124 -1.680 5.662 -0.9848 0.1736 -0.0000
6.216 -1.297 5.662 -0.9848 0.1736 -0.0000
6.285 -0.908 5.662 -0.9848 0.1736 -0.0000
6.329 -0.515 5.662 -0.9848 0.1736 -0.0000
6.124 -1.680 6.562 -0.9848 0.1736 -0.0000
6.216 -1.297 6.562 -0.9848 0.1736 -0.0000
6.285 -0.908 6.562 -0.9848 0.1736 -0.0000
6.329 -0.515 6.562 -0.9848 0.1736 -0.0000
6.124 -1.680 5.662 0.9848 -0.1736 0.0000
6.216 -1.297 5.662 0.9848 -0.1736 0.0000
6.285 -0.908 5.662 0.9848 -0.1736 0.0000
6.329 -0.515 5.662 0.9848 -0.1736 0.0000
6.124 -1.680 4.962 0.9848 -0.1736 0.0000
6.216 -1.297 4.962 0.9848 -0.1736 0.0000
6.285 -0.908 4.962 0.9848 -0.1736 0.0000
6.329 -0.515 4.962 0.9848 -0.1736 0.0000
6.124 -1.680 5.662 -0.9848 0.1736 -0.0000
6.216 -1.297 5.662 -0.9848 0.1736 -0.0000
6.285 -0.908 5.662 -0.9848 0.1736 -0.0000
6.329 -0.515 5.662 -0.9848 0.1736 -0.0000
6.124 -1.680 4.962 -0.9848 0.1736 -0.0000
6.216 -1.297 4.962 -0.9848 0.1736 -0.0000
6.285 -0.908 4.962 -0.9848 0.1736 -0.0000
6.329 -0.515 4.962 -0.9848 0.1736 -0.0000
6.124 -1.680 4.962 0.0000 0.0000 -1.0000
6.216 -1.297 4.962 0.0000 0.0000 -1.0000
6.285 -0.908 4.962 0.0000 0.0000 -1.0000
6.329 -0.515 4.962 0.0000 0.0000 -1.0000
5.786 -1.588 4.844 0.0000 0.0000 -1.0000
5.874 -1.225 4.844 0.0000 0.0000 -1.0000
5.938 -0.858 4.844 0.0000 0.0000 -1.0000
5.980 -0.487 4.844 0.0000 0.0000 -1.0000
6.124 -1.680 4.962 -0.0000 -0.0000 1.0000
6.216 -1.297 4.962 -0.0000 -0.0000 1.0000
6.285 -0.908 4.962 -0.0000 -0.0000 1.0000
6.329 -0.515 4.962 -0.0000 -0.0000 1.0000
5.786 -1.588 4.844 -0.0000 -0.0000 1.0000
5.874 -1.225 4.844 -0.0000 -0.0000 1.0000
5.938 -0.858 4.844 -0.0000 -0.0000 1.0000
5.980 -0.487 4.844 -0.0000 -0.0000 1.0000
0 1 5
0 5 4
8 13 9
8 12 13
1 2 6
1 6 5
9 14 10
9 13 14
2 3 7
2 7 6
10 15 11
10 14 15
16 17 21
16 21 20
24 29 25
24 28 29
17 18 22
17 22 21
25 30 26
25 29 30
18 19 23
18 23 22
26 31 27
26 30 31
32 37 33
32 36 37
40 41 45
40 45 44
33 38 34
33 37 38
41 42 46
41 46 45
34 39 35
34 38 39
42 43 47
42 47 46
48 53 49
48 52 53
56 57 61
56 61 60
49 54 50
49 53 54
57 58 62
57 62 61
50 55 51
50 54 55
58 59 63
58 63 62
LABEL kfoot_strip_2_1
MATERIAL 14
TEXTURE 0
GEOM 64 48 ;kfoot_strip_2_1
0.747 -0.070 3.762 0.3213 -0.0000 -0.9470
0.750 -0.023 3.762 0.3213 -0.0000 -0.9470
0.750 0.023 3.762 0.3213 -0.0000 -0.9470
0.747 0.070 3.762 0.3213 -0.0000 -0.9470
6.322 -0.591 5.662 0.3213 -0.0000 -0.9470
6.347 -0.197 5.662 0.3213 -0.0000 -0.9470
6.347 0.197 5.662 0.3213 -0.0000 -0.9470
6.322 0.591 5.662 0.3213 -0.0000 -0.9470
0.747 -0.070 3.762 -0.3213 0.0000 0.9470
0.750 -0.023 3.762 -0.3213 0.0000 0.9470
0.750 0.023 3.762 -0.3213 0.0000 0.9470
0.747 0.070 3.762 -0.3213 0.0000 0.9470
6.322 -0.591 5.662 -0.3213 0.0000 0.9470
6.347 -0.197 5.662 -0.3213 0.0000 0.9470
6.347 0.197 5.662 -0.3213 0.0000 0.9470
6.322 0.591 5.662 -0.3213 0.0000 0.9470
6.322 -0.591 5.662 1.0000 -0.0000 0.0000
6.347 -0.197 5.662 1.0000 -0.0000 0.0000
6.347 0.197 5.662 1.0000 -0.0000 0.0000
6.322 0.591 5.662 1.0000 -0.0000 0.0000
6.322 -0.591 6.562 1.0000 -0.0000 0.0000
6.347 -0.197 6.562 1.0000 -0.0000 0.0000
6.347 0.197 6.562 1.0000 -0.0000 0.0000
6.322 0.591 6.562 1.0000 -0.0000 0.0000
6.322 -0.591 5.662 -1.0000 0.0000 -0.0000
6.347 -0.197 5.662 -1.0000 0.0000 -0.0000
6.347 0.197 5.662 -1.0000 0.0000 -0.0000
6.322 0.591 5.662 -1.0000 0.0000 -0.0000
6.322 -0.591 6.562 -1.0000 0.0000 -0.0000
6.347 -0.197 6.562 -1.0000 0.0000 -0.0000
6.347 0.197 6.562 -1.0000 0.0000 -0.0000
6.322 0.591 6.562 -1.0000 0.0000 -0.0000
6.322 -0.591 5.662 1.0000 -0.0000 0.0000
6.347 -0.197 5.662 1.0000 -0.0000 0.0000
6.347 0.197 5.662 1.0000 -0.0000 0.0000
6.322 0.591 5.662 1.0000 -0.0000 0.0000
6.322 -0.591 4.962 1.0000 -0.0000 0.0000
6.347 -0.197 4.962 1.0000 -0.0000 0.0000
6.347 0.197 4.962 1.0000 -0.0000 0.0000
6.322 0.591 4.962 1.0000 -0.0000 0.0000
6.322 -0.591 5.662 -1.0000 0.0000 -0.0000
6.347 -0.197 5.662 -1.0000 0.0000 -0.0000
6.347 0.197 5.662 -1.0000 0.0000 -0.0000
6.322 0.591 5.662 -1.0000 0.0000 -0.0000
6.322 -0.591 4.962 -1.0000 0.0000 -0.0000
6.347 -0.197 4.962 -1.0000 0.0000 -0.0000
6.347 0.197 4.962 -1.0000 0.0000 -0.0000
6.322 0.591 4.962 -1.0000 0.0000 -0.0000
6.322 -0.591 4.962 0.0000 0.0000 -1.0000
6.347 -0.197 4.962 0.0000 0.0000 -1.0000
6.347 0.197 4.962 0.0000 0.0000 -1.0000
6.322 0.591 4.962 0.0000 0.0000 -1.0000
5.974 -0.559 4.844 0.0000 0.0000 -1.0000
5.997 -0.187 4.844 0.0000 0.0000 -1.0000
5.997 0.187 4.844 0.0000 0.0000 -1.0000
5.974 0.559 4.844 0.0000 0.0000 -1.0000
6.322 -0.591 4.962 -0.0000 -0.0000 1.0000
6.347 -0.197 4.962 -0.0000 -0.0000 1.0000
6.347 0.197 4.962 -0.0000 -0.0000 1.0000
6.322 0.591 4.962 -0.0000 -0.0000 1.0000
5.974 -0.559 4.844 -0.0000 -0.0000 1.0000
5.997 -0.187 4.844 -0.0000 -0.0000 1.0000
5.997 0.187 4.844 -0.0000 -0.0000 1.0000
5.974 0.559 4.844 -0.0000 -0.0000 1.0000
0 1 5
0 5 4
8 13 9
8 12 13
1 2 6
1 6 5
9 14 10
9 13 14
2 3 7
2 7 6
10 15 11
10 14 15
16 17 21
16 21 20
24 29 25
24 28 29
17 18 22
17 22 21
25 30 26
25 29 30
18 19 23
18 23 22
26 31 27
26 30 31
32 37 33
32 36 37
40 41 45
40 45 44
33 38 34
33 37 38
41 42 46
41 46 45
34 39 35
34 38 39
42 43 47
42 47 46
48 53 49
48 52 53
56 57 61
56 61 60
49 54 50
49 53 54
57 58 62
57 62 61
50 55 51
50 54 55
58 59 63
58 63 62
LABEL kfoot_strip_2_2
MATERIAL 14
TEXTURE 0
GEOM 64 48 ;kfoot_strip_2_2
0.748 0.061 3.762 0.3164 0.0558 -0.9470
0.742 0.107 3.762 0.3164 0.0558 -0.9470
0.734 0.153 3.762 0.3164 0.0558 -0.9470
0.723 0.198 3.762 0.3164 0.0558 -0.9470
6.329 0.515 5.662 0.3164 0.0558 -0.9470
6.285 0.908 5.662 0.3164 0.0558 -0.9470
6.216 1.297 5.662 0.3164 0.0558 -0.9470
6.124 1.680 5.662 0.3164 0.0558 -0.9470
0.748 0.061 3.762 -0.3164 -0.0558 0.9470
0.742 0.107 3.762 -0.3164 -0.0558 0.9470
0.734 0.153 3.762 -0.3164 -0.0558 0.9470
0.723 0.198 3.762 -0.3164 -0.0558 0.9470
6.329 0.515 5.662 -0.3164 -0.0558 0.9470
6.285 0.908 5.662 -0.3164 -0.0558 0.9470
6.216 1.297 5.662 -0.3164 -0.0558 0.9470
6.124 1.680 5.662 -0.3164 -0.0558 0.9470
6.329 0.515 5.662 0.9848 0.1736 0.0000
6.285 0.908 5.662 0.9848 0.1736 0.0000
6.216 1.297 5.662 0.9848 0.1736 0.0000
6.124 1.680 5.662 0.9848 0.1736 0.0000
6.329 0.515 6.562 0.9848 0.1736 0.0000
6.285 0.908 6.562 0.9848 0.1736 0.0000
6.216 1.297 6.562 0.9848 0.1736 0.0000
6.124 1.680 6.562 0.9848 0.1736 0.0000
6.329 0.515 5.662 -0.9848 -0.1736 -0.0000
6.285 0.908 5.662 -0.9848 -0.1736 -0.0000
6.216 1.297 5.662 -0.9848 -0.1736 -0.0000
6.124 1.680 5.662 -0.9848 -0.1736 -0.0000
6.329 0.515 6.562 -0.9848 -0.1736 -0.0000
6.285 0.908 6.562 -0.9848 -0.1736 -0.0000
6.216 1.297 6.562 -0.9848 -0.1736 -0.0000
6.124 1.680 6.562 -0.9848 -0.1736 -0.0000
6.329 0.515 5.662 0.9848 0.1736 0.0000
6.285 0.908 5.662 0.9848 0.1736 0.0000
6.216 1.297 5.662 0.9848 0.1736 0.0000
6.124 1.680 5.662 0.9848 0.1736 0.0000
6.329 0.515 4.962 0.9848 0.1736 0.0000
6.285 0.908 4.962 0.9848 0.1736 0.0000
6.216 1.297 4.962 0.9848 0.1736 0.0000
6.124 1.680 4.962 0.9848 0.1736 0.0000
6.329 0.515 5.662 -0.9848 -0.1736 -0.0000
6.285 0.908 5.662 -0.9848 -0.1736 -0.0000
6.216 1.297 5.662 -0.9848 -0.1736 -0.0000
6.124 1.680 5.662 -0.9848 -0.1736 -0.0000
6.329 0.515 4.962 -0.9848 -0.1736 -0.0000
6.285 0.908 4.962 -0.9848 -0.1736 -0.0000
6.216 1.297 4.962 -0.9848 -0.1736 -0.0000
6.124 1.680 4.962 -0.9848 -0.1736 -0.0000
6.329 0.515 4.962 0.0000 0.0000 -1.0000
6.285 0.908 4.962 0.0000 0.0000 -1.0000
6.216 1.297 4.962 0.0000 0.0000 -1.0000
6.124 1.680 4.962 0.0000 0.0000 -1.0000
5.980 0.487 4.844 0.0000 0.0000 -1.0000
5.938 0.858 4.844 0.0000 0.0000 -1.0000
5.874 1.225 4.844 0.0000 0.0000 -1.0000
5.786 1.588 4.844 0.0000 0.0000 -1.0000
6.329 0.515 4.962 -0.0000 -0.0000 1.0000
6.285 0.908 4.962 -0.0000 -0.0000 1.0000
6.216 1.297 4.962 -0.0000 -0.0000 1.0000
6.124 1.680 4.962 -0.0000 -0.0000 1.0000
5.980 0.487 4.844 -0.0000 -0.0000 1.0000
5.938 0.858 4.844 -0.0000 -0.0000 1.0000
5.874 1.225 4.844 -0.0000 -0.0000 1.0000
5.786 1.588 4.844 -0.0000 -0.0000 1.0000
0 1 5
0 5 4
8 13 9
8 12 13
1 2 6
1 6 5
9 14 10
9 13 14
2 3 7
2 7 6
10 15 11
10 14 15
16 17 21
16 21 20
24 29 25
24 28 29
17 18 22
17 22 21
25 30 26
25 29 30
18 19 23
18 23 22
26 31 27
26 30 31
32 37 33
32 36 37
40 41 45
40 45 44
33 38 34
33 37 38
41 42 46
41 46 45
34 39 35
34 38 39
42 43 47
42 47 46
48 53 49
48 52 53
56 57 61
56 61 60
49 54 50
49 53 54
57 58 62
57 62 61
50 55 51
50 54 55
58 59 63
58 63 62
LABEL kfoot_strut_2_0
MATERIAL 9
TEXTURE 0
GEOM 42 40 ;kfoot_strut_2_0
0.577 -0.168 3.246 -0.4260 0.0000 0.9047
0.571 -0.237 3.218 -0.4699 -0.5712 0.6729
0.588 -0.279 3.160 -0.3344 -0.9243 0.1841
0.619 -0.279 3.093 -0.0711 -0.9243 -0.3750
0.654 -0.237 3.043 0.2194 -0.5712 -0.7909
0.679 -0.168 3.029 0.4260 -0.0000 -0.9047
0.684 -0.100 3.057 0.4699 0.5712 -0.6729
0.668 -0.057 3.116 0.3344 0.9243 -0.1841
0.636 -0.057 3.183 0.0711 0.9243 0.3750
0.602 -0.100 3.233 -0.2194 0.5712 0.7909
3.369 -0.916 4.561 -0.4260 0.0000 0.9047
3.364 -0.985 4.533 -0.4699 -0.5712 0.6729
3.380 -1.027 4.475 -0.3344 -0.9243 0.1841
3.412 -1.027 4.408 -0.0711 -0.9243 -0.3750
3.447 -0.985 4.358 0.2194 -0.5712 -0.7909
3.471 -0.916 4.344 0.4260 -0.0000 -0.9047
3.477 -0.848 4.372 0.4699 0.5712 -0.6729
3.460 -0.806 4.430 0.3344 0.9243 -0.1841
3.429 -0.806 4.498 0.0711 0.9243 0.3750
3.394 -0.848 4.547 -0.2194 0.5712 0.7909
0.628 -0.168 3.138 -0.8793 0.2356 -0.4140
0.577 -0.168 3.246 -0.8793 0.2356 -0.4140
0.571 -0.237 3.218 -0.8793 0.2356 -0.4140
0.588 -0.279 3.160 -0.8793 0.2356 -0.4140
0.619 -0.279 3.093 -0.8793 0.2356 -0.4140
0.654 -0.237 3.043 -0.8793 0.2356 -0.4140
0.679 -0.168 3.029 -0.8793 0.2356 -0.4140
0.684 -0.100 3.057 -0.8793 0.2356 -0.4140
0.668 -0.057 3.116 -0.8793 0.2356 -0.4140
0.636 -0.057 3.183 -0.8793 0.2356 -0.4140
0.602 -0.100 3.233 -0.8793 0.2356 -0.4140
3.420 -0.916 4.453 0.8793 -0.2356 0.4140
3.369 -0.916 4.561 0.8793 -0.2356 0.4140
3.364 -0.985 4.533 0.8793 -0.2356 0.4140
3.380 -1.027 4.475 0.8793 -0.2356 0.4140
3.412 -1.027 4.408 0.8793 -0.2356 0.4140
3.447 -0.985 4.358 0.8793 -0.2356 0.4140
3.471 -0.916 4.344 0.8793 -0.2356 0.4140
3.477 -0.848 4.372 0.8793 -0.2356 0.4140
3.460 -0.806 4.430 0.8793 -0.2356 0.4140
3.429 -0.806 4.498 0.8793 -0.2356 0.4140
3.394 -0.848 4.547 0.8793 -0.2356 0.4140
0 1 11
0 11 10
1 2 12
1 12 11
2 3 13
2 13 12
3 4 14
3 14 13
4 5 15
4 15 14
5 6 16
5 16 15
6 7 17
6 17 16
7 8 18
7 18 17
8 9 19
8 19 18
9 0 10
9 10 19
20 22 21
20 23 22
20 24 23
20 25 24
20 26 25
20 27 26
20 28 27
20 29 28
20 30 29
20 21 30
31 32 33
31 33 34
31 34 35
31 35 36
31 36 37
31 37 38
31 38 39
31 39 40
31 40 41
31 41 32
LABEL kfoot_strut_2_1
MATERIAL 9
TEXTURE 0
GEOM 42 40 ;kfoot_strut_2_1
0.559 -0.168 2.665 -0.4754 0.0000 0.8798
0.555 -0.251 2.632 -0.5033 -0.5721 0.6476
0.579 -0.302 2.562 -0.3389 -0.9257 0.1681
0.621 -0.302 2.483 -0.0451 -0.9257 -0.3756
0.666 -0.251 2.425 0.2660 -0.5721 -0.7759
0.697 -0.168 2.410 0.4754 -0.0000 -0.8798
0.701 -0.085 2.444 0.5033 0.5721 -0.6476
0.677 -0.034 2.513 0.3389 0.9257 -0.1681
0.634 -0.034 2.592 0.0451 0.9257 0.3756
0.589 -0.085 2.650 -0.2660 0.5721 0.7759
6.159 -1.669 5.691 -0.4754 0.0000 0.8798
6.155 -1.752 5.658 -0.5033 -0.5721 0.6476
6.179 -1.803 5.588 -0.3389 -0.9257 0.1681
6.221 -1.803 5.509 -0.0451 -0.9257 -0.3756
6.266 -1.752 5.451 0.2660 -0.5721 -0.7759
6.297 -1.669 5.436 0.4754 -0.0000 -0.8798
6.301 -1.586 5.470 0.5033 0.5721 -0.6476
6.277 -1.535 5.539 0.3389 0.9257 -0.1681
6.234 -1.535 5.618 0.0451 0.9257 0.3756
6.189 -1.586 5.676 -0.2660 0.5721 0.7759
0.628 -0.168 2.538 -0.8563 0.2294 -0.4627
0.559 -0.168 2.665 -0.8563 0.2294 -0.4627
0.555 -0.251 2.632 -0.8563 0.2294 -0.4627
0.579 -0.302 2.562 -0.8563 0.2294 -0.4627
0.621 -0.302 2.483 -0.8563 0.2294 -0.4627
0.666 -0.251 2.425 -0.8563 0.2294 -0.4627
0.697 -0.168 2.410 -0.8563 0.2294 -0.4627
0.701 -0.085 2.444 -0.8563 0.2294 -0.4627
0.677 -0.034 2.513 -0.8563 0.2294 -0.4627
0.634 -0.034 2.592 -0.8563 0.2294 -0.4627
0.589 -0.085 2.650 -0.8563 0.2294 -0.4627
6.228 -1.669 5.564 0.8563 -0.2294 0.4627
6.159 -1.669 5.691 0.8563 -0.2294 0.4627
6.155 -1.752 5.658 0.8563 -0.2294 0.4627
6.179 -1.803 5.588 0.8563 -0.2294 0.4627
6.221 -1.803 5.509 0.8563 -0.2294 0.4627
6.266 -1.752 5.451 0.8563 -0.2294 0.4627
6.297 -1.669 5.436 0.8563 -0.2294 0.4627
6.301 -1.586 5.470 0.8563 -0.2294 0.4627
6.277 -1.535 5.539 0.8563 -0.2294 0.4627
6.234 -1.535 5.618 0.8563 -0.2294 0.4627
6.189 -1.586 5.676 0.8563 -0.2294 0.4627
0 1 11
0 11 10
1 2 12
1 12 11
2 3 13
2 13 12
3 4 14
3 14 13
4 5 15
4 15 14
5 6 16
5 16 15
6 7 17
6 17 16
7 8 18
7 18 17
8 9 19
8 19 18
9 0 10
9 10 19
20 22 21
20 23 22
20 24 23
20 25 24
20 26 25
20 27 26
20 28 27
20 29 28
20 30 29
20 21 30
31 32 33
31 33 34
31 34 35
31 35 36
31 36 37
31 37 38
31 38 39
31 39 40
31 40 41
31 41 32
LABEL kfoot_rib_3
MATERIAL 7
TEXTURE 0
GEOM 28 52 ;kfoot_rib_3
0.685 -0.075 3.786 0.2588 -0.9659 0.0000
0.555 0.408 3.786 -0.2588 0.9659 -0.0000
0.663 0.437 3.457 -0.2588 0.9659 -0.0000
0.793 -0.046 3.457 0.2588 -0.9659 0.0000
1.611 0.173 4.111 0.2588 -0.9659 0.0000
1.482 0.656 4.111 -0.2588 0.9659 -0.0000
1.584 0.683 3.797 -0.2588 0.9659 -0.0000
1.714 0.200 3.797 0.2588 -0.9659 0.0000
2.537 0.421 4.436 0.2588 -0.9659 0.0000
2.408 0.904 4.436 -0.2588 0.9659 -0.0000
2.506 0.930 4.138 -0.2588 0.9659 -0.0000
2.635 0.447 4.138 0.2588 -0.9659 0.0000
3.463 0.669 4.762 0.2588 -0.9659 0.0000
3.334 1.152 4.762 -0.2588 0.9659 -0.0000
3.427 1.177 4.478 -0.2588 0.9659 -0.0000
3.556 0.694 4.478 0.2588 -0.9659 0.0000
4.390 0.917 5.087 0.2588 -0.9659 0.0000
4.260 1.400 5.087 -0.2588 0.9659 -0.0000
4.353 1.425 4.803 -0.2588 0.9659 -0.0000
4.483 0.942 4.803 0.2588 -0.9659 0.0000
5.316 1.166 5.412 0.2588 -0.9659 0.0000
5.186 1.648 5.412 -0.2588 0.9659 -0.0000
5.279 1.673 5.128 -0.2588 0.9659 -0.0000
5.409 1.190 5.128 0.2588 -0.9659 0.0000
6.242 1.414 5.738 0.2588 -0.9659 0.0000
6.112 1.897 5.738 -0.2588 0.9659 -0.0000
6.168 1.912 5.567 -0.2588 0.9659 -0.0000
6.298 1.429 5.567 0.2588 -0.9659 0.0000
0 5 1
0 4 5
1 6 2
1 5 6
2 7 3
2 6 7
3 4 0
3 7 4
4 9 5
4 8 9
5 10 6
5 9 10
6 11 7
6 10 11
7 8 4
7 11 8
8 13 9
8 12 13
9 14 10
9 13 14
10 15 11
10 14 15
11 12 8
11 15 12
12 17 13
12 16 17
13 18 14
13 17 18
14 19 15
14 18 19
15 16 12
15 19 16
16 21 17
16 20 21
17 22 18
17 21 22
18 23 19
18 22 23
19 20 16
19 23 20
20 25 21
20 24 25
21 26 22
21 25 26
22 27 23
22 26 27
23 24 20
23 27 24
0 1 2
0 2 3
24 26 25
24 27 26
LABEL kfoot_strip_3_0
MATERIAL 14
TEXTURE 0
GEOM 64 48 ;kfoot_strip_3_0
0.726 0.190 3.762 0.3019 0.1099 -0.9470
0.712 0.234 3.762 0.3019 0.1099 -0.9470
0.696 0.278 3.762 0.3019 0.1099 -0.9470
0.678 0.321 3.762 0.3019 0.1099 -0.9470
6.143 1.607 5.662 0.3019 0.1099 -0.9470
6.032 1.985 5.662 0.3019 0.1099 -0.9470
5.897 2.356 5.662 0.3019 0.1099 -0.9470
5.739 2.718 5.662 0.3019 0.1099 -0.9470
0.726 0.190 3.762 -0.3019 -0.1099 0.9470
0.712 0.234 3.762 -0.3019 -0.1099 0.9470
0.696 0.278 3.762 -0.3019 -0.1099 0.9470
0.678 0.321 3.762 -0.3019 -0.1099 0.9470
6.143 1.607 5.662 -0.3019 -0.1099 0.9470
6.032 1.985 5.662 -0.3019 -0.1099 0.9470
5.897 2.356 5.662 -0.3019 -0.1099 0.9470
5.739 2.718 5.662 -0.3019 -0.1099 0.9470
6.143 1.607 5.662 0.9397 0.3420 0.0000
6.032 1.985 5.662 0.9397 0.3420 0.0000
5.897 2.356 5.662 0.9397 0.3420 0.0000
5.739 2.718 5.662 0.9397 0.3420 0.0000
6.143 1.607 6.562 0.9397 0.3420 0.0000
6.032 1.985 6.562 0.9397 0.3420 0.0000
5.897 2.356 6.562 0.9397 0.3420 0.0000
5.739 2.718 6.562 0.9397 0.3420 0.0000
6.143 1.607 5.662 -0.9397 -0.3420 -0.0000
6.032 1.985 5.662 -0.9397 -0.3420 -0.0000
5.897 2.356 5.662 -0.9397 -0.3420 -0.0000
5.739 2.718 5.662 -0.9397 -0.3420 -0.0000
6.143 1.607 6.562 -0.9397 -0.3420 -0.0000
6.032 1.985 6.562 -0.9397 -0.3420 -0.0000
5.897 2.356 6.562 -0.9397 -0.3420 -0.0000
5.739 2.718 6.562 -0.9397 -0.3420 -0.0000
6.143 1.607 5.662 0.9397 0.3420 0.0000
6.032 1.985 5.662 0.9397 0.3420 0.0000
5.897 2.356 5.662 0.9397 0.3420 0.0000
5.739 2.718 5.662 0.9397 0.3420 0.0000
6.143 1.607 4.962 0.9397 0.3420 0.0000
6.032 1.985 4.962 0.9397 0.3420 0.0000
5.897 2.356 4.962 0.9397 0.3420 0.0000
5.739 2.718 4.962 0.9397 0.3420 0.0000
6.143 1.607 5.662 -0.9397 -0.3420 -0.0000
6.032 1.985 5.662 -0.9397 -0.3420 -0.0000
5.897 2.356 5.662 -0.9397 -0.3420 -0.0000
5.739 2.718 5.662 -0.9397 -0.3420 -0.0000
6.143 1.607 4.962 -0.9397 -0.3420 -0.0000
6.032 1.985 4.962 -0.9397 -0.3420 -0.0000
5.897 2.356 4.962 -0.9397 -0.3420 -0.0000
5.739 2.718 4.962 -0.9397 -0.3420 -0.0000
6.143 1.607 4.962 0.0000 0.0000 -1.0000
6.032 1.985 4.962 0.0000 0.0000 -1.0000
5.897 2.356 4.962 0.0000 0.0000 -1.0000
5.739 2.718 4.962 0.0000 0.0000 -1.0000
5.805 1.518 4.844 0.0000 0.0000 -1.0000
5.699 1.876 4.844 0.0000 0.0000 -1.0000
5.572 2.226 4.844 0.0000 0.0000 -1.0000
5.423 2.568 4.844 0.0000 0.0000 -1.0000
6.143 1.607 4.962 -0.0000 -0.0000 1.0000
6.032 1.985 4.962 -0.0000 -0.0000 1.0000
5.897 2.356 4.962 -0.0000 -0.0000 1.0000
5.739 2.718 4.962 -0.0000 -0.0000 1.0000
5.805 1.518 4.844 -0.0000 -0.0000 1.0000
5.699 1.876 4.844 -0.0000 -0.0000 1.0000
5.572 2.226 4.844 -0.0000 -0.0000 1.0000
5.423 2.568 4.844 -0.0000 -0.0000 1.0000
0 1 5
0 5 4
8 13 9
8 12 13
1 2 6
1 6 5
9 14 10
9 13 14
2 3 7
2 7 6
10 15 11
10 14 15
16 17 21
16 21 20
24 29 25
24 28 29
17 18 22
17 22 21
25 30 26
25 29 30
18 19 23
18 23 22
26 31 27
26 30 31
32 37 33
32 36 37
40 41 45
40 45 44
33 38 34
33 37 38
41 42 46
41 46 45
34 39 35
34 38 39
42 43 47
42 47 46
48 53 49
48 52 53
56 57 61
56 61 60
49 54 50
49 53 54
57 58 62
57 62 61
50 55 51
50 54 55
58 59 63
58 63 62
LABEL kfoot_strip_3_1
MATERIAL 14
TEXTURE 0
GEOM 64 48 ;kfoot_strip_3_1
0.682 0.313 3.762 0.2782 0.1606 -0.9470
0.661 0.355 3.762 0.2782 0.1606 -0.9470
0.638 0.395 3.762 0.2782 0.1606 -0.9470
0.612 0.434 3.762 0.2782 0.1606 -0.9470
5.771 2.649 5.662 0.2782 0.1606 -0.9470
5.595 3.003 5.662 0.2782 0.1606 -0.9470
5.398 3.344 5.662 0.2782 0.1606 -0.9470
5.180 3.673 5.662 0.2782 0.1606 -0.9470
0.682 0.313 3.762 -0.2782 -0.1606 0.9470
0.661 0.355 3.762 -0.2782 -0.1606 0.9470
0.638 0.395 3.762 -0.2782 -0.1606 0.9470
0.612 0.434 3.762 -0.2782 -0.1606 0.9470
5.771 2.649 5.662 -0.2782 -0.1606 0.9470
5.595 3.003 5.662 -0.2782 -0.1606 0.9470
5.398 3.344 5.662 -0.2782 -0.1606 0.9470
5.180 3.673 5.662 -0.2782 -0.1606 0.9470
5.771 2.649 5.662 0.8660 0.5000 0.0000
5.595 3.003 5.662 0.8660 0.5000 0.0000
5.398 3.344 5.662 0.8660 0.5000 0.0000
5.180 3.673 5.662 0.8660 0.5000 0.0000
5.771 2.649 6.562 0.8660 0.5000 0.0000
5.595 3.003 6.562 0.8660 0.5000 0.0000
5.398 3.344 6.562 0.8660 0.5000 0.0000
5.180 3.673 6.562 0.8660 0.5000 0.0000
5.771 2.649 5.662 -0.8660 -0.5000 -0.0000
5.595 3.003 5.662 -0.8660 -0.5000 -0.0000
5.398 3.344 5.662 -0.8660 -0.5000 -0.0000
5.180 3.673 5.662 -0.8660 -0.5000 -0.0000
5.771 2.649 6.562 -0.8660 -0.5000 -0.0000
5.595 3.003 6.562 -0.8660 -0.5000 -0.0000
5.398 3.344 6.562 -0.8660 -0.5000 -0.0000
5.180 3.673 6.562 -0.8660 -0.5000 -0.0000
5.771 2.649 5.662 0.8660 0.5000 0.0000
5.595 3.003 5.662 0.8660 0.5000 0.0000
5.398 3.344 5.662 0.8660 0.5000 0.0000
5.180 3.673 5.662 0.8660 0.5000 0.0000
5.771 2.649 4.962 0.8660 0.5000 0.0000
5.595 3.003 4.962 0.8660 0.5000 0.0000
5.398 3.344 4.962 0.8660 0.5000 0.0000
5.180 3.673 4.962 0.8660 0.5000 0.0000
5.771 2.649 5.662 -0.8660 -0.5000 -0.0000
5.595 3.003 5.662 -0.8660 -0.5000 -0.0000
5.398 3.344 5.662 -0.8660 -0.5000 -0.0000
5.180 3.673 5.662 -0.8660 -0.5000 -0.0000
5.771 2.649 4.962 -0.8660 -0.5000 -0.0000
5.595 3.003 4.962 -0.8660 -0.5000 -0.0000
5.398 3.344 4.962 -0.8660 -0.5000 -0.0000
5.180 3.673 4.962 -0.8660 -0.5000 -0.0000
5.771 2.649 4.962 0.0000 0.0000 -1.0000
5.595 3.003 4.962 0.0000 0.0000 -1.0000
5.398 3.344 4.962 0.0000 0.0000 -1.0000
5.180 3.673 4.962 0.0000 0.0000 -1.0000
5.453 2.503 4.844 0.0000 0.0000 -1.0000
5.287 2.837 4.844 0.0000 0.0000 -1.0000
5.100 3.160 4.844 0.0000 0.0000 -1.0000
4.894 3.471 4.844 0.0000 0.0000 -1.0000
5.771 2.649 4.962 -0.0000 -0.0000 1.0000
5.595 3.003 4.962 -0.0000 -0.0000 1.0000
5.398 3.344 4.962 -0.0000 -0.0000 1.0000
5.180 3.673 4.962 -0.0000 -0.0000 1.0000
5.453 2.503 4.844 -0.0000 -0.0000 1.0000
5.287 2.837 4.844 -0.0000 -0.0000 1.0000
5.100 3.160 4.844 -0.0000 -0.0000 1.0000
4.894 3.471 4.844 -0.0000 -0.0000 1.0000
0 1 5
0 5 4
8 13 9
8 12 13
1 2 6
1 6 5
9 14 10
9 13 14
2 3 7
2 7 6
10 15 11
10 14 15
16 17 21
16 21 20
24 29 25
24 28 29
17 18 22
17 22 21
25 30 26
25 29 30
18 19 23
18 23 22
26 31 27
26 30 31
32 37 33
32 36 37
40 41 45
40 45 44
33 38 34
33 37 38
41 42 46
41 46 45
34 39 35
34 38 39
42 43 47
42 47 46
48 53 49
48 52 53
56 57 61
56 61 60
49 54 50
49 53 54
57 58 62
57 62 61
50 55 51
50 54 55
58 59 63
58 63 62
LABEL kfoot_strip_3_2
MATERIAL 14
TEXTURE 0
GEOM 64 48 ;kfoot_strip_3_2
0.617 0.426 3.762 0.2461 0.2065 -0.9470
0.589 0.464 3.762 0.2461 0.2065 -0.9470
0.559 0.500 3.762 0.2461 0.2065 -0.9470
0.527 0.534 3.762 0.2461 0.2065 -0.9470
5.223 3.611 5.662 0.2461 0.2065 -0.9470
4.989 3.929 5.662 0.2461 0.2065 -0.9470
4.735 4.231 5.662 0.2461 0.2065 -0.9470
4.463 4.517 5.662 0.2461 0.2065 -0.9470
0.617 0.426 3.762 -0.2461 -0.2065 0.9470
0.589 0.464 3.762 -0.2461 -0.2065 0.9470
0.559 0.500 3.762 -0.2461 -0.2065 0.9470
0.527 0.534 3.762 -0.2461 -0.2065 0.9470
5.223 3.611 5.662 -0.2461 -0.2065 0.9470
4.989 3.929 5.662 -0.2461 -0.2065 0.9470
4.735 4.231 5.662 -0.2461 -0.2065 0.9470
4.463 4.517 5.662 -0.2461 -0.2065 0.9470
5.223 3.611 5.662 0.7660 0.6428 0.0000
4.989 3.929 5.662 0.7660 0.6428 0.0000
4.735 4.231 5.662 0.7660 0.6428 0.0000
4.463 4.517 5.662 0.7660 0.6428 0.0000
5.223 3.611 6.562 0.7660 0.6428 0.0000
4.989 3.929 6.562 0.7660 0.6428 0.0000
4.735 4.231 6.562 0.7660 0.6428 0.0000
4.463 4.517 6.562 0.7660 0.6428 0.0000
5.223 3.611 5.662 -0.7660 -0.6428 -0.0000
4.989 3.929 5.662 -0.7660 -0.6428 -0.0000
4.735 4.231 5.662 -0.7660 -0.6428 -0.0000
4.463 4.517 5.662 -0.7660 -0.6428 -0.0000
5.223 3.611 6.562 -0.7660 -0.6428 -0.0000
4.989 3.929 6.562 -0.7660 -0.6428 -0.0000
4.735 4.231 6.562 -0.7660 -0.6428 -0.0000
4.463 4.517 6.562 -0.7660 -0.6428 -0.0000
5.223 3.611 5.662 0.7660 0.6428 0.0000
4.989 3.929 5.662 0.7660 0.6428 0.0000
4.735 4.231 5.662 0.7660 0.6428 0.0000
4.463 4.517 5.662 0.7660 0.6428 0.0000
5.223 3.611 4.962 0.7660 0.6428 0.0000
4.989 3.929 4.962 0.7660 0.6428 0.0000
4.735 4.231 4.962 0.7660 0.6428 0.0000
4.463 4.517 4.962 0.7660 0.6428 0.0000
5.223 3.611 5.662 -0.7660 -0.6428 -0.0000
4.989 3.929 5.662 -0.7660 -0.6428 -0.0000
4.735 4.231 5.662 -0.7660 -0.6428 -0.0000
4.463 4.517 5.662 -0.7660 -0.6428 -0.0000
5.223 3.611 4.962 -0.7660 -0.6428 -0.0000
4.989 3.929 4.962 -0.7660 -0.6428 -0.0000
4.735 4.231 4.962 -0.7660 -0.6428 -0.0000
4.463 4.517 4.962 -0.7660 -0.6428 -0.0000
5.223 3.611 4.962 0.0000 0.0000 -1.0000
4.989 3.929 4.962 0.0000 0.0000 -1.0000
4.735 4.231 4.962 0.0000 0.0000 -1.0000
4.463 4.517 4.962 0.0000 0.0000 -1.0000
4.935 3.412 4.844 0.0000 0.0000 -1.0000
4.714 3.712 4.844 0.0000 0.0000 -1.0000
4.474 3.998 4.844 0.0000 0.0000 -1.0000
4.217 4.268 4.844 0.0000 0.0000 -1.0000
5.223 3.611 4.962 -0.0000 -0.0000 1.0000
4.989 3.929 4.962 -0.0000 -0.0000 1.0000
4.735 4.231 4.962 -0.0000 -0.0000 1.0000
4.463 4.517 4.962 -0.0000 -0.0000 1.0000
4.935 3.412 4.844 -0.0000 -0.0000 1.0000
4.714 3.712 4.844 -0.0000 -0.0000 1.0000
4.474 3.998 4.844 -0.0000 -0.0000 1.0000
4.217 4.268 4.844 -0.0000 -0.0000 1.0000
0 1 5
0 5 4
8 13 9
8 12 13
1 2 6
1 6 5
9 14 10
9 13 14
2 3 7
2 7 6
10 15 11
10 14 15
16 17 21
16 21 20
24 29 25
24 28 29
17 18 22
17 22 21
25 30 26
25 29 30
18 19 23
18 23 22
26 31 27
26 30 31
32 37 33
32 36 37
40 41 45
40 45 44
33 38 34
33 37 38
41 42 46
41 46 45
34 39 35
34 38 39
42 43 47
42 47 46
48 53 49
48 52 53
56 57 61
56 61 60
49 54 50
49 53 54
57 58 62
57 62 61
50 55 51
50 54 55
58 59 63
58 63 62
LABEL kfoot_strut_3_0
MATERIAL 9
TEXTURE 0
GEOM 42 40 ;kfoot_strut_3_0
0.577 0.168 3.246 -0.4260 0.0000 0.9047
0.602 0.100 3.233 -0.2194 -0.5712 0.7909
0.636 0.057 3.183 0.0711 -0.9243 0.3750
0.668 0.057 3.116 0.3344 -0.9243 -0.1841
0.684 0.100 3.057 0.4699 -0.5712 -0.6729
0.679 0.168 3.029 0.4260 -0.0000 -0.9047
0.654 0.237 3.043 0.2194 0.5712 -0.7909
0.619 0.279 3.093 -0.0711 0.9243 -0.3750
0.588 0.279 3.160 -0.3344 0.9243 0.1841
0.571 0.237 3.218 -0.4699 0.5712 0.6729
3.369 0.916 4.561 -0.4260 0.0000 0.9047
3.394 0.848 4.547 -0.2194 -0.5712 0.7909
3.429 0.806 4.498 0.0711 -0.9243 0.3750
3.460 0.806 4.430 0.3344 -0.9243 -0.1841
3.477 0.848 4.372 0.4699 -0.5712 -0.6729
3.471 0.916 4.344 0.4260 -0.0000 -0.9047
3.447 0.985 4.358 0.2194 0.5712 -0.7909
3.412 1.027 4.408 -0.0711 0.9243 -0.3750
3.380 1.027 4.475 -0.3344 0.9243 0.1841
3.364 0.985 4.533 -0.4699 0.5712 0.6729
0.628 0.168 3.138 -0.8793 -0.2356 -0.4140
0.577 0.168 3.246 -0.8793 -0.2356 -0.4140
0.602 0.100 3.233 -0.8793 -0.2356 -0.4140
0.636 0.057 3.183 -0.8793 -0.2356 -0.4140
0.668 0.057 3.116 -0.8793 -0.2356 -0.4140
0.684 0.100 3.057 -0.8793 -0.2356 -0.4140
0.679 0.168 3.029 -0.8793 -0.2356 -0.4140
0.654 0.237 3.043 -0.8793 -0.2356 -0.4140
0.619 0.279 3.093 -0.8793 -0.2356 -0.4140
0.588 0.279 3.160 -0.8793 -0.2356 -0.4140
0.571 0.237 3.218 -0.8793 -0.2356 -0.4140
3.420 0.916 4.453 0.8793 0.2356 0.4140
3.369 0.916 4.561 0.8793 0.2356 0.4140
3.394 0.848 4.547 0.8793 0.2356 0.4140
3.429 0.806 4.498 0.8793 0.2356 0.4140
3.460 0.806 4.430 0.8793 0.2356 0.4140
3.477 0.848 4.372 0.8793 0.2356 0.4140
3.471 0.916 4.344 0.8793 0.2356 0.4140
3.447 0.985 4.358 0.8793 0.2356 0.4140
3.412 1.027 4.408 0.8793 0.2356 0.4140
3.380 1.027 4.475 0.8793 0.2356 0.4140
3.364 0.985 4.533 0.8793 0.2356 0.4140
0 1 11
0 11 10
1 2 12
1 12 11
2 3 13
2 13 12
3 4 14
3 14 13
4 5 15
4 15 14
5 6 16
5 16 15
6 7 17
6 17 16
7 8 18
7 18 17
8 9 19
8 19 18
9 0 10
9 10 19
20 22 21
20 23 22
20 24 23
20 25 24
20 26 25
20 27 26
20 28 27
20 29 28
20 30 29
20 21 30
31 32 33
31 33 34
31 34 35
31 35 36
31 36 37
31 37 38
31 38 39
31 39 40
31 40 41
31 41 32
LABEL kfoot_strut_3_1
MATERIAL 9
TEXTURE 0
GEOM 42 40 ;kfoot_strut_3_1
0.559 0.168 2.665 -0.4754 0.0000 0.8798
0.589 0.085 2.650 -0.2660 -0.5721 0.7759
0.634 0.034 2.592 0.0451 -0.9257 0.3756
0.677 0.034 2.513 0.3389 -0.9257 -0.1681
0.701 0.085 2.444 0.5033 -0.5721 -0.6476
0.697 0.168 2.410 0.4754 -0.0000 -0.8798
0.666 0.251 2.425 0.2660 0.5721 -0.7759
0.621 0.302 2.483 -0.0451 0.9257 -0.3756
0.579 0.302 2.562 -0.3389 0.9257 0.1681
0.555 0.251 2.632 -0.5033 0.5721 0.6476
6.159 1.669 5.691 -0.4754 0.0000 0.8798
6.189 1.586 5.676 -0.2660 -0.5721 0.7759
6.234 1.535 5.618 0.0451 -0.9257 0.3756
6.277 1.535 5.539 0.3389 -0.9257 -0.1681
6.301 1.586 5.470 0.5033 -0.5721 -0.6476
6.297 1.669 5.436 0.4754 -0.0000 -0.8798
6.266 1.752 5.451 0.2660 0.5721 -0.7759
6.221 1.803 5.509 -0.0451 0.9257 -0.3756
6.179 1.803 5.588 -0.3389 0.9257 0.1681
6.155 1.752 5.658 -0.5033 0.5721 0.6476
0.628 0.168 2.538 -0.8563 -0.2294 -0.4627
0.559 0.168 2.665 -0.8563 -0.2294 -0.4627
0.589 0.085 2.650 -0.8563 -0.2294 -0.4627
0.634 0.034 2.592 -0.8563 -0.2294 -0.4627
0.677 0.034 2.513 -0.8563 -0.2294 -0.4627
0.701 0.085 2.444 -0.8563 -0.2294 -0.4627
0.697 0.168 2.410 -0.8563 -0.2294 -0.4627
0.666 0.251 2.425 -0.8563 -0.2294 -0.4627
0.621 0.302 2.483 -0.8563 -0.2294 -0.4627
0.579 0.302 2.562 -0.8563 -0.2294 -0.4627
0.555 0.251 2.632 -0.8563 -0.2294 -0.4627
6.228 1.669 5.564 0.8563 0.2294 0.4627
6.159 1.669 5.691 0.8563 0.2294 0.4627
6.189 1.586 5.676 0.8563 0.2294 0.4627
6.234 1.535 5.618 0.8563 0.2294 0.4627
6.277 1.535 5.539 0.8563 0.2294 0.4627
6.301 1.586 5.470 0.8563 0.2294 0.4627
6.297 1.669 5.436 0.8563 0.2294 0.4627
6.266 1.752 5.451 0.8563 0.2294 0.4627
6.221 1.803 5.509 0.8563 0.2294 0.4627
6.179 1.803 5.588 0.8563 0.2294 0.4627
6.155 1.752 5.658 0.8563 0.2294 0.4627
0 1 11
0 11 10
1 2 12
1 12 11
2 3 13
2 13 12
3 4 14
3 14 13
4 5 15
4 15 14
5 6 16
5 16 15
6 7 17
6 17 16
7 8 18
7 18 17
8 9 19
8 19 18
9 0 10
9 10 19
20 22 21
20 23 22
20 24 23
20 25 24
20 26 25
20 27 26
20 28 27
20 29 28
20 30 29
20 21 30
31 32 33
31 33 34
31 34 35
31 35 36
31 36 37
31 37 38
31 38 39
31 39 40
31 40 41
31 41 32
LABEL kfoot_rib_4
MATERIAL 7
TEXTURE 0
GEOM 28 52 ;kfoot_rib_4
0.631 0.277 3.786 0.7071 -0.7071 0.0000
0.277 0.631 3.786 -0.7071 0.7071 -0.0000
0.356 0.710 3.457 -0.7071 0.7071 -0.0000
0.710 0.356 3.457 0.7071 -0.7071 0.0000
1.309 0.955 4.111 0.7071 -0.7071 0.0000
0.955 1.309 4.111 -0.7071 0.7071 -0.0000
1.030 1.384 3.797 -0.7071 0.7071 -0.0000
1.384 1.030 3.797 0.7071 -0.7071 0.0000
1.987 1.633 4.436 0.7071 -0.7071 0.0000
1.633 1.987 4.436 -0.7071 0.7071 -0.0000
1.705 2.058 4.138 -0.7071 0.7071 -0.0000
2.058 1.705 4.138 0.7071 -0.7071 0.0000
2.665 2.311 4.762 0.7071 -0.7071 0.0000
2.311 2.665 4.762 -0.7071 0.7071 -0.0000
2.379 2.733 4.478 -0.7071 0.7071 -0.0000
2.733 2.379 4.478 0.7071 -0.7071 0.0000
3.343 2.989 5.087 0.7071 -0.7071 0.0000
2.989 3.343 5.087 -0.7071 0.7071 -0.0000
3.057 3.411 4.803 -0.7071 0.7071 -0.0000
3.411 3.057 4.803 0.7071 -0.7071 0.0000
4.021 3.667 5.412 0.7071 -0.7071 0.0000
3.667 4.021 5.412 -0.7071 0.7071 -0.0000
3.735 4.089 5.128 -0.7071 0.7071 -0.0000
4.089 3.735 5.128 0.7071 -0.7071 0.0000
4.699 4.345 5.738 0.7071 -0.7071 0.0000
4.345 4.699 5.738 -0.7071 0.7071 -0.0000
4.386 4.740 5.567 -0.7071 0.7071 -0.0000
4.740 4.386 5.567 0.7071 -0.7071 0.0000
0 5 1
0 4 5
1 6 2
1 5 6
2 7 3
2 6 7
3 4 0
3 7 4
4 9 5
4 8 9
5 10 6
5 9 10
6 11 7
6 10 11
7 8 4
7 11 8
8 13 9
8 12 13
9 14 10
9 13 14
10 15 11
10 14 15
11 12 8
11 15 12
12 17 13
12 16 17
13 18 14
13 17 18
14 19 15
14 18 19
15 16 12
15 19 16
16 21 17
16 20 21
17 22 18
17 21 22
18 23 19
18 22 23
19 20 16
19 23 20
20 25 21
20 24 25
21 26 22
21 25 26
22 27 23
22 26 27
23 24 20
23 27 24
0 1 2
0 2 3
24 26 25
24 27 26
LABEL kfoot_strip_4_0
MATERIAL 14
TEXTURE 0
GEOM 64 48 ;kfoot_strip_4_0
0.534 0.527 3.762 0.2065 0.2461 -0.9470
0.500 0.559 3.762 0.2065 0.2461 -0.9470
0.464 0.589 3.762 0.2065 0.2461 -0.9470
0.426 0.617 3.762 0.2065 0.2461 -0.9470
4.517 4.463 5.662 0.2065 0.2461 -0.9470
4.231 4.735 5.662 0.2065 0.2461 -0.9470
3.929 4.989 5.662 0.2065 0.2461 -0.9470
3.611 5.223 5.662 0.2065 0.2461 -0.9470
0.534 0.527 3.762 -0.2065 -0.2461 0.9470
0.500 0.559 3.762 -0.2065 -0.2461 0.9470
0.464 0.589 3.762 -0.2065 -0.2461 0.9470
0.426 0.617 3.762 -0.2065 -0.2461 0.9470
4.517 4.463 5.662 -0.2065 -0.2461 0.9470
4.231 4.735 5.662 -0.2065 -0.2461 0.9470
3.929 4.989 5.662 -0.2065 -0.2461 0.9470
3.611 5.223 5.662 -0.2065 -0.2461 0.9470
4.517 4.463 5.662 0.6428 0.7660 0.0000
4.231 4.735 5.662 0.6428 0.7660 0.0000
3.929 4.989 5.662 0.6428 0.7660 0.0000
3.611 5.223 5.662 0.6428 0.7660 0.0000
4.517 4.463 6.562 0.6428 0.7660 0.0000
4.231 4.735 6.562 0.6428 0.7660 0.0000
3.929 4.989 6.562 0.6428 0.7660 0.0000
3.611 5.223 6.562 0.6428 0.7660 0.0000
4.517 4.463 5.662 -0.6428 -0.7660 -0.0000
4.231 4.735 5.662 -0.6428 -0.7660 -0.0000
3.929 4.989 5.662 -0.6428 -0.7660 -0.0000
3.611 5.223 5.662 -0.6428 -0.7660 -0.0000
4.517 4.463 6.562 -0.6428 -0.7660 -0.0000
4.231 4.735 6.562 -0.6428 -0.7660 -0.0000
3.929 4.989 6.562 -0.6428 -0.7660 -0.0000
3.611 5.223 6.562 -0.6428 -0.7660 -0.0000
4.517 4.463 5.662 0.6428 0.7660 0.0000
4.231 4.735 5.662 0.6428 0.7660 0.0000
3.929 4.989 5.662 0.6428 0.7660 0.0000
3.611 5.223 5.662 0.6428 0.7660 0.0000
4.517 4.463 4.962 0.6428 0.7660 0.0000
4.231 4.735 4.962 0.6428 0.7660 0.0000
3.929 4.989 4.962 0.6428 0.7660 0.0000
3.611 5.223 4.962 0.6428 0.7660 0.0000
4.517 4.463 5.662 -0.6428 -0.7660 -0.0000
4.231 4.735 5.662 -0.6428 -0.7660 -0.0000
3.929 4.989 5.662 -0.6428 -0.7660 -0.0000
3.611 5.223 5.662 -0.6428 -0.7660 -0.0000
4.517 4.463 4.962 -0.6428 -0.7660 -0.0000
4.231 4.735 4.962 -0.6428 -0.7660 -0.0000
3.929 4.989 4.962 -0.6428 -0.7660 -0.0000
3.611 5.223 4.962 -0.6428 -0.7660 -0.0000
4.517 4.463 4.962 0.0000 0.0000 -1.0000
4.231 4.735 4.962 0.0000 0.0000 -1.0000
3.929 4.989 4.962 0.0000 0.0000 -1.0000
3.611 5.223 4.962 0.0000 0.0000 -1.0000
4.268 4.217 4.844 0.0000 0.0000 -1.0000
3.998 4.474 4.844 0.0000 0.0000 -1.0000
3.712 4.714 4.844 0.0000 0.0000 -1.0000
3.412 4.935 4.844 0.0000 0.0000 -1.0000
4.517 4.463 4.962 -0.0000 -0.0000 1.0000
4.231 4.735 4.962 -0.0000 -0.0000 1.0000
3.929 4.989 4.962 -0.0000 -0.0000 1.0000
3.611 5.223 4.962 -0.0000 -0.0000 1.0000
4.268 4.217 4.844 -0.0000 -0.0000 1.0000
3.998 4.474 4.844 -0.0000 -0.0000 1.0000
3.712 4.714 4.844 -0.0000 -0.0000 1.0000
3.412 4.935 4.844 -0.0000 -0.0000 1.0000
0 1 5
0 5 4
8 13 9
8 12 13
1 2 6
1 6 5
9 14 10
9 13 14
2 3 7
2 7 6
10 15 11
10 14 15
16 17 21
16 21 20
24 29 25
24 28 29
17 18 22
17 22 21
25 30 26
25 29 30
18 19 23
18 23 22
26 31 27
26 30 31
32 37 33
32 36 37
40 41 45
40 45 44
33 38 34
33 37 38
41 42 46
41 46 45
34 39 35
34 38 39
42 43 47
42 47 46
48 53 49
48 52 53
56 57 61
56 61 60
49 54 50
49 53 54
57 58 62
57 62 61
50 55 51
50 54 55
58 59 63
58 63 62
LABEL kfoot_strip_4_1
MATERIAL 14
TEXTURE 0
GEOM 64 48 ;kfoot_strip_4_1
0.434 0.612 3.762 0.1606 0.2782 -0.9470
0.395 0.638 3.762 0.1606 0.2782 -0.9470
0.355 0.661 3.762 0.1606 0.2782 -0.9470
0.313 0.682 3.762 0.1606 0.2782 -0.9470
3.673 5.180 5.662 0.1606 0.2782 -0.9470
3.344 5.398 5.662 0.1606 0.2782 -0.9470
3.003 5.595 5.662 0.1606 0.2782 -0.9470
2.649 5.771 5.662 0.1606 0.2782 -0.9470
0.434 0.612 3.762 -0.1606 -0.2782 0.9470
0.395 0.638 3.762 -0.1606 -0.2782 0.9470
0.355 0.661 3.762 -0.1606 -0.2782 0.9470
0.313 0.682 3.762 -0.1606 -0.2782 0.9470
3.673 5.180 5.662 -0.1606 -0.2782 0.9470
3.344 5.398 5.662 -0.1606 -0.2782 0.9470
3.003 5.595 5.662 -0.1606 -0.2782 0.9470
2.649 5.771 5.662 -0.1606 -0.2782 0.9470
3.673 5.180 5.662 0.5000 0.8660 0.0000
3.344 5.398 5.662 0.5000 0.8660 0.0000
3.003 5.595 5.662 0.5000 0.8660 0.0000
2.649 5.771 5.662 0.5000 0.8660 0.0000
3.673 5.180 6.562 0.5000 0.8660 0.0000
3.344 5.398 6.562 0.5000 0.8660 0.0000
3.003 5.595 6.562 0.5000 0.8660 0.0000
2.649 5.771 6.562 0.5000 0.8660 0.0000
3.673 5.180 5.662 -0.5000 -0.8660 -0.0000
3.344 5.398 5.662 -0.5000 -0.8660 -0.0000
3.003 5.595 5.662 -0.5000 -0.8660 -0.0000
2.649 5.771 5.662 -0.5000 -0.8660 -0.0000
3.673 5.180 6.562 -0.5000 -0.8660 -0.0000
3.344 5.398 6.562 -0.5000 -0.8660 -0.0000
3.003 5.595 6.562 -0.5000 -0.8660 -0.0000
2.649 5.771 6.562 -0.5000 -0.8660 -0.0000
3.673 5.180 5.662 0.5000 0.8660 0.0000
3.344 5.398 5.662 0.5000 0.8660 0.0000
3.003 5.595 5.662 0.5000 0.8660 0.0000
2.649 5.771 5.662 0.5000 0.8660 0.0000
3.673 5.180 4.962 0.5000 0.8660 0.0000
3.344 5.398 4.962 0.5000 0.8660 0.0000
3.003 5.595 4.962 0.5000 0.8660 0.0000
2.649 5.771 4.962 0.5000 0.8660 0.0000
3.673 5.180 5.662 -0.5000 -0.8660 -0.0000
3.344 5.398 5.662 -0.5000 -0.8660 -0.0000
3.003 5.595 5.662 -0.5000 -0.8660 -0.0000
2.649 5.771 5.662 -0.5000 -0.8660 -0.0000
3.673 5.180 4.962 -0.5000 -0.8660 -0.0000
3.344 5.398 4.962 -0.5000 -0.8660 -0.0000
3.003 5.595 4.962 -0.5000 -0.8660 -0.0000
2.649 5.771 4.962 -0.5000 -0.8660 -0.0000
3.673 5.180 4.962 0.0000 0.0000 -1.0000
3.344 5.398 4.962 0.0000 0.0000 -1.0000
3.003 5.595 4.962 0.0000 0.0000 -1.0000
2.649 5.771 4.962 0.0000 0.0000 -1.0000
3.471 4.894 4.844 0.0000 0.0000 -1.0000
3.160 5.100 4.844 0.0000 0.0000 -1.0000
2.837 5.287 4.844 0.0000 0.0000 -1.0000
2.503 5.453 4.844 0.0000 0.0000 -1.0000
3.673 5.180 4.962 -0.0000 -0.0000 1.0000
3.344 5.398 4.962 -0.0000 -0.0000 1.0000
3.003 5.595 4.962 -0.0000 -0.0000 1.0000
2.649 5.771 4.962 -0.0000 -0.0000 1.0000
3.471 4.894 4.844 -0.0000 -0.0000 1.0000
3.160 5.100 4.844 -0.0000 -0.0000 1.0000
2.837 5.287 4.844 -0.0000 -0.0000 1.0000
2.503 5.453 4.844 -0.0000 -0.0000 1.0000
0 1 5
0 5 4
8 13 9
8 12 13
1 2 6
1 6 5
9 14 10
9 13 14
2 3 7
2 7 6
10 15 11
10 14 15
16 17 21
16 21 20
24 29 25
24 28 29
17 18 22
17 22 21
25 30 26
25 29 30
18 19 23
18 23 22
26 31 27
26 30 31
32 37 33
32 36 37
40 41 45
40 45 44
33 38 34
33 37 38
41 42 46
41 46 45
34 39 35
34 38 39
42 43 47
42 47 46
48 53 49
48 52 53
56 57 61
56 61 60
49 54 50
49 53 54
57 58 62
57 62 61
50 55 51
50 54 55
58 59 63
58 63 62
LABEL kfoot_strip_4_2
MATERIAL 14
TEXTURE 0
GEOM 64 48 ;kfoot_strip_4_2
0.321 0.678 3.762 0.1099 0.3019 -0.9470
0.278 0.696 3.762 0.1099 0.3019 -0.9470
0.234 0.712 3.762 0.1099 0.3019 -0.9470
0.190 0.726 3.762 0.1099 0.3019 -0.9470
2.718 5.739 5.662 0.1099 0.3019 -0.9470
2.356 5.897 5.662 0.1099 0.3019 -0.9470
1.985 6.032 5.662 0.1099 0.3019 -0.9470
1.607 6.143 5.662 0.1099 0.3019 -0.9470
0.321 0.678 3.762 -0.1099 -0.3019 0.9470
0.278 0.696 3.762 -0.1099 -0.3019 0.9470
0.234 0.712 3.762 -0.1099 -0.3019 0.9470
0.190 0.726 3.762 -0.1099 -0.3019 0.9470
2.718 5.739 5.662 -0.1099 -0.3019 0.9470
2.356 5.897 5.662 -0.1099 -0.3019 0.9470
1.985 6.032 5.662 -0.1099 -0.3019 0.9470
1.607 6.143 5.662 -0.1099 -0.3019 0.9470
2.718 5.739 5.662 0.3420 0.9397 0.0000
2.356 5.897 5.662 0.3420 0.9397 0.0000
1.985 6.032 5.662 0.3420 0.9397 0.0000
1.607 6.143 5.662 0.3420 0.9397 0.0000
2.718 5.739 6.562 0.3420 0.9397 0.0000
2.356 5.897 6.562 0.3420 0.9397 0.0000
1.985 6.032 6.562 0.3420 0.9397 0.0000
1.607 6.143 6.562 0.3420 0.9397 0.0000
2.718 5.739 5.662 -0.3420 -0.9397 -0.0000
2.356 5.897 5.662 -0.3420 -0.9397 -0.0000
1.985 6.032 5.662 -0.3420 -0.9397 -0.0000
1.607 6.143 5.662 -0.3420 -0.9397 -0.0000
2.718 5.739 6.562 -0.3420 -0.9397 -0.0000
2.356 5.897 6.562 -0.3420 -0.9397 -0.0000
1.985 6.032 6.562 -0.3420 -0.9397 -0.0000
1.607 6.143 6.562 -0.3420 -0.9397 -0.0000
2.718 5.739 5.662 0.3420 0.9397 0.0000
2.356 5.897 5.662 0.3420 0.9397 0.0000
1.985 6.032 5.662 0.3420 0.9397 0.0000
1.607 6.143 5.662 0.3420 0.9397 0.0000
2.718 5.739 4.962 0.3420 0.9397 0.0000
2.356 5.897 4.962 0.3420 0.9397 0.0000
1.985 6.032 4.962 0.3420 0.9397 0.0000
1.607 6.143 4.962 0.3420 0.9397 0.0000
2.718 5.739 5.662 -0.3420 -0.9397 -0.0000
2.356 5.897 5.662 -0.3420 -0.9397 -0.0000
1.985 6.032 5.662 -0.3420 -0.9397 -0.0000
1.607 6.143 5.662 -0.3420 -0.9397 -0.0000
2.718 5.739 4.962 -0.3420 -0.9397 -0.0000
2.356 5.897 4.962 -0.3420 -0.9397 -0.0000
1.985 6.032 4.962 -0.3420 -0.9397 -0.0000
1.607 6.143 4.962 -0.3420 -0.9397 -0.0000
2.718 5.739 4.962 0.0000 0.0000 -1.0000
2.356 5.897 4.962 0.0000 0.0000 -1.0000
1.985 6.032 4.962 0.0000 0.0000 -1.0000
1.607 6.143 4.962 0.0000 0.0000 -1.0000
2.568 5.423 4.844 0.0000 0.0000 -1.0000
2.226 5.572 4.844 0.0000 0.0000 -1.0000
1.876 5.699 4.844 0.0000 0.0000 -1.0000
1.518 5.805 4.844 0.0000 0.0000 -1.0000
2.718 5.739 4.962 -0.0000 -0.0000 1.0000
2.356 5.897 4.962 -0.0000 -0.0000 1.0000
1.985 6.032 4.962 -0.0000 -0.0000 1.0000
1.607 6.143 4.962 -0.0000 -0.0000 1.0000
2.568 5.423 4.844 -0.0000 -0.0000 1.0000
2.226 5.572 4.844 -0.0000 -0.0000 1.0000
1.876 5.699 4.844 -0.0000 -0.0000 1.0000
1.518 5.805 4.844 -0.0000 -0.0000 1.0000
0 1 5
0 5 4
8 13 9
8 12 13
1 2 6
1 6 5
9 14 10
9 13 14
2 3 7
2 7 6
10 15 11
10 14 15
16 17 21
16 21 20
24 29 25
24 28 29
17 18 22
17 22 21
25 30 26
25 29 30
18 19 23
18 23 22
26 31 27
26 30 31
32 37 33
32 36 37
40 41 45
40 45 44
33 38 34
33 37 38
41 42 46
41 46 45
34 39 35
34 38 39
42 43 47
42 47 46
48 53 49
48 52 53
56 57 61
56 61 60
49 54 50
49 53 54
57 58 62
57 62 61
50 55 51
50 54 55
58 59 63
58 63 62
LABEL kfoot_strut_4_0
MATERIAL 9
TEXTURE 0
GEOM 42 40 ;kfoot_strut_4_0
0.395 0.460 3.239 -0.5410 0.0000 0.8410
0.445 0.406 3.244 -0.1195 -0.4498 0.8851
0.501 0.372 3.209 0.3477 -0.7279 0.5911
0.541 0.372 3.146 0.6820 -0.7279 0.0713
0.550 0.406 3.081 0.7558 -0.4498 -0.4758
0.525 0.460 3.037 0.5410 -0.0000 -0.8410
0.474 0.514 3.031 0.1195 0.4498 -0.8851
0.418 0.547 3.067 -0.3477 0.7279 -0.5911
0.378 0.547 3.129 -0.6820 0.7279 -0.0713
0.369 0.514 3.195 -0.7558 0.4498 0.4758
2.439 2.504 4.553 -0.5410 0.0000 0.8410
2.490 2.450 4.559 -0.1195 -0.4498 0.8851
2.546 2.417 4.523 0.3477 -0.7279 0.5911
2.586 2.417 4.461 0.6820 -0.7279 0.0713
2.595 2.450 4.395 0.7558 -0.4498 -0.4758
2.569 2.504 4.352 0.5410 -0.0000 -0.8410
2.518 2.558 4.346 0.1195 0.4498 -0.8851
2.462 2.591 4.382 -0.3477 0.7279 -0.5911
2.422 2.591 4.444 -0.6820 0.7279 -0.0713
2.413 2.558 4.510 -0.7558 0.4498 0.4758
0.460 0.460 3.138 -0.6437 -0.6437 -0.4140
0.395 0.460 3.239 -0.6437 -0.6437 -0.4140
0.445 0.406 3.244 -0.6437 -0.6437 -0.4140
0.501 0.372 3.209 -0.6437 -0.6437 -0.4140
0.541 0.372 3.146 -0.6437 -0.6437 -0.4140
0.550 0.406 3.081 -0.6437 -0.6437 -0.4140
0.525 0.460 3.037 -0.6437 -0.6437 -0.4140
0.474 0.514 3.031 -0.6437 -0.6437 -0.4140
0.418 0.547 3.067 -0.6437 -0.6437 -0.4140
0.378 0.547 3.129 -0.6437 -0.6437 -0.4140
0.369 0.514 3.195 -0.6437 -0.6437 -0.4140
2.504 2.504 4.453 0.6437 0.6437 0.4140
2.439 2.504 4.553 0.6437 0.6437 0.4140
2.490 2.450 4.559 0.6437 0.6437 0.4140
2.546 2.417 4.523 0.6437 0.6437 0.4140
2.586 2.417 4.461 0.6437 0.6437 0.4140
2.595 2.450 4.395 0.6437 0.6437 0.4140
2.569 2.504 4.352 0.6437 0.6437 0.4140
2.518 2.558 4.346 0.6437 0.6437 0.4140
2.462 2.591 4.382 0.6437 0.6437 0.4140
2.422 2.591 4.444 0.6437 0.6437 0.4140
2.413 2.558 4.510 0.6437 0.6437 0.4140
0 1 11
0 11 10
1 2 12
1 12 11
2 3 13
2 13 12
3 4 14
3 14 13
4 5 15
4 15 14
5 6 16
5 16 15
6 7 17
6 17 16
7 8 18
7 18 17
8 9 19
8 19 18
9 0 10
9 10 19
20 22 21
20 23 22
20 24 23
20 25 24
20 26 25
20 27 26
20 28 27
20 29 28
20 30 29
20 21 30
31 32 33
31 33 34
31 34 35
31 35 36
31 36 37
31 37 38
31 38 39
31 39 40
31 40 41
31 41 32
LABEL kfoot_strut_4_1
MATERIAL 9
TEXTURE 0
GEOM 42 40 ;kfoot_strut_4_1
0.374 0.460 2.654 -0.5939 0.0000 0.8045
0.433 0.393 2.664 -0.1840 -0.4580 0.8697
0.503 0.352 2.625 0.2961 -0.7410 0.6027
0.556 0.352 2.553 0.6632 -0.7410 0.1054
0.572 0.393 2.475 0.7769 -0.4580 -0.4321
0.546 0.460 2.421 0.5939 -0.0000 -0.8045
0.486 0.526 2.412 0.1840 0.4580 -0.8697
0.417 0.567 2.450 -0.2961 0.7410 -0.6027
0.363 0.567 2.522 -0.6632 0.7410 -0.1054
0.347 0.526 2.600 -0.7769 0.4580 0.4321
4.473 4.559 5.680 -0.5939 0.0000 0.8045
4.532 4.493 5.690 -0.1840 -0.4580 0.8697
4.602 4.452 5.651 0.2961 -0.7410 0.6027
4.655 4.452 5.579 0.6632 -0.7410 0.1054
4.672 4.493 5.501 0.7769 -0.4580 -0.4321
4.645 4.559 5.447 0.5939 -0.0000 -0.8045
4.586 4.625 5.438 0.1840 0.4580 -0.8697
4.516 4.667 5.476 -0.2961 0.7410 -0.6027
4.463 4.667 5.548 -0.6632 0.7410 -0.1054
4.446 4.625 5.626 -0.7769 0.4580 0.4321
0.460 0.460 2.538 -0.6269 -0.6269 -0.4627
0.374 0.460 2.654 -0.6269 -0.6269 -0.4627
0.433 0.393 2.664 -0.6269 -0.6269 -0.4627
0.503 0.352 2.625 -0.6269 -0.6269 -0.4627
0.556 0.352 2.553 -0.6269 -0.6269 -0.4627
0.572 0.393 2.475 -0.6269 -0.6269 -0.4627
0.546 0.460 2.421 -0.6269 -0.6269 -0.4627
0.486 0.526 2.412 -0.6269 -0.6269 -0.4627
0.417 0.567 2.450 -0.6269 -0.6269 -0.4627
0.363 0.567 2.522 -0.6269 -0.6269 -0.4627
0.347 0.526 2.600 -0.6269 -0.6269 -0.4627
4.559 4.559 5.564 0.6269 0.6269 0.4627
4.473 4.559 5.680 0.6269 0.6269 0.4627
4.532 4.493 5.690 0.6269 0.6269 0.4627
4.602 4.452 5.651 0.6269 0.6269 0.4627
4.655 4.452 5.579 0.6269 0.6269 0.4627
4.672 4.493 5.501 0.6269 0.6269 0.4627
4.645 4.559 5.447 0.6269 0.6269 0.4627
4.586 4.625 5.438 0.6269 0.6269 0.4627
4.516 4.667 5.476 0.6269 0.6269 0.4627
4.463 4.667 5.548 0.6269 0.6269 0.4627
4.446 4.625 5.626 0.6269 0.6269 0.4627
0 1 11
0 11 10
1 2 12
1 12 11
2 3 13
2 13 12
3 4 14
3 14 13
4 5 15
4 15 14
5 6 16
5 16 15
6 7 17
6 17 16
7 8 18
7 18 17
8 9 19
8 19 18
9 0 10
9 10 19
20 22 21
20 23 22
20 24 23
20 25 24
20 26 25
20 27 26
20 28 27
20 29 28
20 30 29
20 21 30
31 32 33
31 33 34
31 34 35
31 35 36
31 36 37
31 37 38
31 38 39
31 39 40
31 40 41
31 41 32
LABEL kfoot_rib_5
MATERIAL 7
TEXTURE 0
GEOM 28 52 ;kfoot_rib_5
0.408 0.555 3.786 0.9659 -0.2588 0.0000
-0.075 0.685 3.786 -0.9659 0.2588 -0.0000
-0.046 0.793 3.457 -0.9659 0.2588 -0.0000
0.437 0.663 3.457 0.9659 -0.2588 0.0000
0.656 1.482 4.111 0.9659 -0.2588 0.0000
0.173 1.611 4.111 -0.9659 0.2588 -0.0000
0.200 1.714 3.797 -0.9659 0.2588 -0.0000
0.683 1.584 3.797 0.9659 -0.2588 0.0000
0.904 2.408 4.436 0.9659 -0.2588 0.0000
0.421 2.537 4.436 -0.9659 0.2588 -0.0000
0.447 2.635 4.138 -0.9659 0.2588 -0.0000
0.930 2.506 4.138 0.9659 -0.2588 0.0000
1.152 3.334 4.762 0.9659 -0.2588 0.0000
0.669 3.463 4.762 -0.9659 0.2588 -0.0000
0.694 3.556 4.478 -0.9659 0.2588 -0.0000
1.177 3.427 4.478 0.9659 -0.2588 0.0000
1.400 4.260 5.087 0.9659 -0.2588 0.0000
0.917 4.390 5.087 -0.9659 0.2588 -0.0000
0.942 4.483 4.803 -0.9659 0.2588 -0.0000
1.425 4.353 4.803 0.9659 -0.2588 0.0000
1.648 5.186 5.412 0.9659 -0.2588 0.0000
1.166 5.316 5.412 -0.9659 0.2588 -0.0000
1.190 5.409 5.128 -0.9659 0.2588 -0.0000
1.673 5.279 5.128 0.9659 -0.2588 0.0000
1.897 6.112 5.738 0.9659 -0.2588 0.0000
1.414 6.242 5.738 -0.9659 0.2588 -0.0000
1.429 6.298 5.567 -0.9659 0.2588 -0.0000
1.912 6.168 5.567 0.9659 -0.2588 0.0000
0 5 1
0 4 5
1 6 2
1 5 6
2 7 3
2 6 7
3 4 0
3 7 4
4 9 5
4 8 9
5 10 6
5 9 10
6 11 7
6 10 11
7 8 4
7 11 8
8 13 9
8 12 13
9 14 10
9 13 14
10 15 11
10 14 15
11 12 8
11 15 12
12 17 13
12 16 17
13 18 14
13 17 18
14 19 15
14 18 19
15 16 12
15 19 16
16 21 17
16 20 21
17 22 18
17 21 22
18 23 19
18 22 23
19 20 16
19 23 20
20 25 21
20 24 25
21 26 22
21 25 26
22 27 23
22 26 27
23 24 20
23 27 24
0 1 2
0 2 3
24 26 25
24 27 26
LABEL kfoot_strip_5_0
MATERIAL 14
TEXTURE 0
GEOM 64 48 ;kfoot_strip_5_0
0.198 0.723 3.762 0.0558 0.3164 -0.9470
0.153 0.734 3.762 0.0558 0.3164 -0.9470
0.107 0.742 3.762 0.0558 0.3164 -0.9470
0.061 0.748 3.762 0.0558 0.3164 -0.9470
1.680 6.124 5.662 0.0558 0.3164 -0.9470
1.297 6.216 5.662 0.0558 0.3164 -0.9470
0.908 6.285 5.662 0.0558 0.3164 -0.9470
0.515 6.329 5.662 0.0558 0.3164 -0.9470
0.198 0.723 3.762 -0.0558 -0.3164 0.9470
0.153 0.734 3.762 -0.0558 -0.3164 0.9470
0.107 0.742 3.762 -0.0558 -0.3164 0.9470
0.061 0.748 3.762 -0.0558 -0.3164 0.9470
1.680 6.124 5.662 -0.0558 -0.3164 0.9470
1.297 6.216 5.662 -0.0558 -0.3164 0.9470
0.908 6.285 5.662 -0.0558 -0.3164 0.9470
0.515 6.329 5.662 -0.0558 -0.3164 0.9470
1.680 6.124 5.662 0.1736 0.9848 0.0000
1.297 6.216 5.662 0.1736 0.9848 0.0000
0.908 6.285 5.662 0.1736 0.9848 0.0000
0.515 6.329 5.662 0.1736 0.9848 0.0000
1.680 6.124 6.562 0.1736 0.9848 0.0000
1.297 6.216 6.562 0.1736 0.9848 0.0000
0.908 6.285 6.562 0.1736 0.9848 0.0000
0.515 6.329 6.562 0.1736 0.9848 0.0000
1.680 6.124 5.662 -0.1736 -0.9848 -0.0000
1.297 6.216 5.662 -0.1736 -0.9848 -0.0000
0.908 6.285 5.662 -0.1736 -0.9848 -0.0000
0.515 6.329 5.662 -0.1736 -0.9848 -0.0000
1.680 6.124 6.562 -0.1736 -0.9848 -0.0000
1.297 6.216 6.562 -0.1736 -0.9848 -0.0000
0.908 6.285 6.562 -0.1736 -0.9848 -0.0000
0.515 6.329 6.562 -0.1736 -0.9848 -0.0000
1.680 6.124 5.662 0.1736 0.9848 0.0000
1.297 6.216 5.662 0.1736 0.9848 0.0000
0.908 6.285 5.662 0.1736 0.9848 0.0000
0.515 6.329 5.662 0.1736 0.9848 0.0000
1.680 6.124 4.962 0.1736 0.9848 0.0000
1.297 6.216 4.962 0.1736 0.9848 0.0000
0.908 6.285 4.962 0.1736 0.9848 0.0000
0.515 6.329 4.962 0.1736 0.9848 0.0000
1.680 6.124 5.662 -0.1736 -0.9848 -0.0000
1.297 6.216 5.662 -0.1736 -0.9848 -0.0000
0.908 6.285 5.662 -0.1736 -0.9848 -0.0000
0.515 6.329 5.662 -0.1736 -0.9848 -0.0000
1.680 6.124 4.962 -0.1736 -0.9848 -0.0000
1.297 6.216 4.962 -0.1736 -0.9848 -0.0000
0.908 6.285 4.962 -0.1736 -0.9848 -0.0000
0.515 6.329 4.962 -0.1736 -0.9848 -0.0000
1.680 6.124 4.962 0.0000 0.0000 -1.0000
1.297 6.216 4.962 0.0000 0.0000 -1.0000
0.908 6.285 4.962 0.0000 0.0000 -1.0000
0.515 6.329 4.962 0.0000 0.0000 -1.0000
1.588 5.786 4.844 0.0000 0.0000 -1.0000
1.225 5.874 4.844 0.0000 0.0000 -1.0000
0.858 5.938 4.844 0.0000 0.0000 -1.0000
0.487 5.980 4.844 0.0000 0.0000 -1.0000
1.680 6.124 4.962 -0.0000 -0.0000 1.0000
1.297 6.216 4.962 -0.0000 -0.0000 1.0000
0.908 6.285 4.962 -0.0000 -0.0000 1.0000
0.515 6.329 4.962 -0.0000 -0.0000 1.0000
1.588 5.786 4.844 -0.0000 -0.0000 1.0000
1.225 5.874 4.844 -0.0000 -0.0000 1.0000
0.858 5.938 4.844 -0.0000 -0.0000 1.0000
0.487 5.980 4.844 -0.0000 -0.0000 1.0000
0 1 5
0 5 4
8 13 9
8 12 13
1 2 6
1 6 5
9 14 10
9 13 14
2 3 7
2 7 6
10 15 11
10 14 15
16 17 21
16 21 20
24 29 25
24 28 29
17 18 22
17 22 21
25 30 26
25 29 30
18 19 23
18 23 22
26 31 27
26 30 31
32 37 33
32 36 37
40 41 45
40 45 44
33 38 34
33 37 38
41 42 46
41 46 45
34 39 35
34 38 39
42 43 47
42 47 46
48 53 49
48 52 53
56 57 61
56 61 60
49 54 50
49 53 54
57 58 62
57 62 61
50 55 51
50 54 55
58 59 63
58 63 62
LABEL kfoot_strip_5_1
MATERIAL 14
TEXTURE 0
GEOM 64 48 ;kfoot_strip_5_1
0.070 0.747 3.762 0.0000 0.3213 -0.9470
0.023 0.750 3.762 0.0000 0.3213 -0.9470
-0.023 0.750 3.762 0.0000 0.3213 -0.9470
-0.070 0.747 3.762 0.0000 0.3213 -0.9470
0.591 6.322 5.662 0.0000 0.3213 -0.9470
0.197 6.347 5.662 0.0000 0.3213 -0.9470
-0.197 6.347 5.662 0.0000 0.3213 -0.9470
-0.591 6.322 5.662 0.0000 0.3213 -0.9470
0.070 0.747 3.762 -0.0000 -0.3213 0.9470
0.023 0.750 3.762 -0.0000 -0.3213 0.9470
-0.023 0.750 3.762 -0.0000 -0.3213 0.9470
-0.070 0.747 3.762 -0.0000 -0.3213 0.9470
0.591 6.322 5.662 -0.0000 -0.3213 0.9470
0.197 6.347 5.662 -0.0000 -0.3213 0.9470
-0.197 6.347 5.662 -0.0000 -0.3213 0.9470
-0.591 6.322 5.662 -0.0000 -0.3213 0.9470
0.591 6.322 5.662 0.0000 1.0000 0.0000
0.197 6.347 5.662 0.0000 1.0000 0.0000
-0.197 6.347 5.662 0.0000 1.0000 0.0000
-0.591 6.322 5.662 0.0000 1.0000 0.0000
0.591 6.322 6.562 0.0000 1.0000 0.0000
0.197 6.347 6.562 0.0000 1.0000 0.0000
-0.197 6.347 6.562 0.0000 1.0000 0.0000
-0.591 6.322 6.562 0.0000 1.0000 0.0000
0.591 6.322 5.662 -0.0000 -1.0000 -0.0000
0.197 6.347 5.662 -0.0000 -1.0000 -0.0000
-0.197 6.347 5.662 -0.0000 -1.0000 -0.0000
-0.591 6.322 5.662 -0.0000 -1.0000 -0.0000
0.591 6.322 6.562 -0.0000 -1.0000 -0.0000
0.197 6.347 6.562 -0.0000 -1.0000 -0.0000
-0.197 6.347 6.562 -0.0000 -1.0000 -0.0000
-0.591 6.322 6.562 -0.0000 -1.0000 -0.0000
0.591 6.322 5.662 0.0000 1.0000 0.0000
0.197 6.347 5.662 0.0000 1.0000 0.0000
-0.197 6.347 5.662 0.0000 1.0000 0.0000
-0.591 6.322 5.662 0.0000 1.0000 0.0000
0.591 6.322 4.962 0.0000 1.0000 0.0000
0.197 6.347 4.962 0.0000 1.0000 0.0000
-0.197 6.347 4.962 0.0000 1.0000 0.0000
-0.591 6.322 4.962 0.0000 1.0000 0.0000
0.591 6.322 5.662 -0.0000 -1.0000 -0.0000
0.197 6.347 5.662 -0.0000 -1.0000 -0.0000
-0.197 6.347 5.662 -0.0000 -1.0000 -0.0000
-0.591 6.322 5.662 -0.0000 -1.0000 -0.0000
0.591 6.322 4.962 -0.0000 -1.0000 -0.0000
0.197 6.347 4.962 -0.0000 -1.0000 -0.0000
-0.197 6.347 4.962 -0.0000 -1.0000 -0.0000
-0.591 6.322 4.962 -0.0000 -1.0000 -0.0000
0.591 6.322 4.962 0.0000 0.0000 -1.0000
0.197 6.347 4.962 0.0000 0.0000 -1.0000
-0.197 6.347 4.962 0.0000 0.0000 -1.0000
-0.591 6.322 4.962 0.0000 0.0000 -1.0000
0.559 5.974 4.844 0.0000 0.0000 -1.0000
0.187 5.997 4.844 0.0000 0.0000 -1.0000
-0.187 5.997 4.844 0.0000 0.0000 -1.0000
-0.559 5.974 4.844 0.0000 0.0000 -1.0000
0.591 6.322 4.962 -0.0000 -0.0000 1.0000
0.197 6.347 4.962 -0.0000 -0.0000 1.0000
-0.197 6.347 4.962 -0.0000 -0.0000 1.0000
-0.591 6.322 4.962 -0.0000 -0.0000 1.0000
0.559 5.974 4.844 -0.0000 -0.0000 1.0000
0.187 5.997 4.844 -0.0000 -0.0000 1.0000
-0.187 5.997 4.844 -0.0000 -0.0000 1.0000
-0.559 5.974 4.844 -0.0000 -0.0000 1.0000
0 1 5
0 5 4
8 13 9
8 12 13
1 2 6
1 6 5
9 14 10
9 13 14
2 3 7
2 7 6
10 15 11
10 14 15
16 17 21
16 21 20
24 29 25
24 28 29
17 18 22
17 22 21
25 30 26
25 29 30
18 19 23
18 23 22
26 31 27
26 30 31
32 37 33
32 36 37
40 41 45
40 45 44
33 38 34
33 37 38
41 42 46
41 46 45
34 39 35
34 38 39
42 43 47
42 47 46
48 53 49
48 52 53
56 57 61
56 61 60
49 54 50
49 53 54
57 58 62
57 62 61
50 55 51
50 54 55
58 59 63
58 63 62
LABEL kfoot_strip_5_2
MATERIAL 14
TEXTURE 0
GEOM 64 48 ;kfoot_strip_5_2
-0.061 0.748 3.762 -0.0558 0.3164 -0.9470
-0.107 0.742 3.762 -0.0558 0.3164 -0.9470
-0.153 0.734 3.762 -0.0558 0.3164 -0.9470
-0.198 0.723 3.762 -0.0558 0.3164 -0.9470
-0.515 6.329 5.662 -0.0558 0.3164 -0.9470
-0.908 6.285 5.662 -0.0558 0.3164 -0.9470
-1.297 6.216 5.662 -0.0558 0.3164 -0.9470
-1.680 6.124 5.662 -0.0558 0.3164 -0.9470
-0.061 0.748 3.762 0.0558 -0.3164 0.9470
-0.107 0.742 3.762 0.0558 -0.3164 0.9470
-0.153 0.734 3.762 0.0558 -0.3164 0.9470
-0.198 0.723 3.762 0.0558 -0.3164 0.9470
-0.515 6.329 5.662 0.0558 -0.3164 0.9470
-0.908 6.285 5.662 0.0558 -0.3164 0.9470
-1.297 6.216 5.662 0.0558 -0.3164 0.9470
-1.680 6.124 5.662 0.0558 -0.3164 0.9470
-0.515 6.329 5.662 -0.1736 0.9848 -0.0000
-0.908 6.285 5.662 -0.1736 0.9848 -0.0000
-1.297 6.216 5.662 -0.1736 0.9848 -0.0000
-1.680 6.124 5.662 -0.1736 0.9848 -0.0000
-0.515 6.329 6.562 -0.1736 0.9848 -0.0000
-0.908 6.285 6.562 -0.1736 0.9848 -0.0000
-1.297 6.216 6.562 -0.1736 0.9848 -0.0000
-1.680 6.124 6.562 -0.1736 0.9848 -0.0000
-0.515 6.329 5.662 0.1736 -0.9848 0.0000
-0.908 6.285 5.662 0.1736 -0.9848 0.0000
-1.297 6.216 5.662 0.1736 -0.9848 0.0000
-1.680 6.124 5.662 0.1736 -0.9848 0.0000
-0.515 6.329 6.562 0.1736 -0.9848 0.0000
-0.908 6.285 6.562 0.1736 -0.9848 0.0000
-1.297 6.216 6.562 0.1736 -0.9848 0.0000
-1.680 6.124 6.562 0.1736 -0.9848 0.0000
-0.515 6.329 5.662 -0.1736 0.9848 -0.0000
-0.908 6.285 5.662 -0.1736 0.9848 -0.0000
-1.297 6.216 5.662 -0.1736 0.9848 -0.0000
-1.680 6.124 5.662 -0.1736 0.9848 -0.0000
-0.515 6.329 4.962 -0.1736 0.9848 -0.0000
-0.908 6.285 4.962 -0.1736 0.9848 -0.0000
-1.297 6.216 4.962 -0.1736 0.9848 -0.0000
-1.680 6.124 4.962 -0.1736 0.9848 -0.0000
-0.515 6.329 5.662 0.1736 -0.9848 0.0000
-0.908 6.285 5.662 0.1736 -0.9848 0.0000
-1.297 6.216 5.662 0.1736 -0.9848 0.0000
-1.680 6.124 5.662 0.1736 -0.9848 0.0000
-0.515 6.329 4.962 0.1736 -0.9848 0.0000
-0.908 6.285 4.962 0.1736 -0.9848 0.0000
-1.297 6.216 4.962 0.1736 -0.9848 0.0000
-1.680 6.124 4.962 0.1736 -0.9848 0.0000
-0.515 6.329 4.962 0.0000 0.0000 -1.0000
-0.908 6.285 4.962 0.0000 0.0000 -1.0000
-1.297 6.216 4.962 0.0000 0.0000 -1.0000
-1.680 6.124 4.962 0.0000 0.0000 -1.0000
-0.487 5.980 4.844 0.0000 0.0000 -1.0000
-0.858 5.938 4.844 0.0000 0.0000 -1.0000
-1.225 5.874 4.844 0.0000 0.0000 -1.0000
-1.588 5.786 4.844 0.0000 0.0000 -1.0000
-0.515 6.329 4.962 -0.0000 -0.0000 1.0000
-0.908 6.285 4.962 -0.0000 -0.0000 1.0000
-1.297 6.216 4.962 -0.0000 -0.0000 1.0000
-1.680 6.124 4.962 -0.0000 -0.0000 1.0000
-0.487 5.980 4.844 -0.0000 -0.0000 1.0000
-0.858 5.938 4.844 -0.0000 -0.0000 1.0000
-1.225 5.874 4.844 -0.0000 -0.0000 1.0000
-1.588 5.786 4.844 -0.0000 -0.0000 1.0000
0 1 5
0 5 4
8 13 9
8 12 13
1 2 6
1 6 5
9 14 10
9 13 14
2 3 7
2 7 6
10 15 11
10 14 15
16 17 21
16 21 20
24 29 25
24 28 29
17 18 22
17 22 21
25 30 26
25 29 30
18 19 23
18 23 22
26 31 27
26 30 31
32 37 33
32 36 37
40 41 45
40 45 44
33 38 34
33 37 38
41 42 46
41 46 45
34 39 35
34 38 39
42 43 47
42 47 46
48 53 49
48 52 53
56 57 61
56 61 60
49 54 50
49 53 54
57 58 62
57 62 61
50 55 51
50 54 55
58 59 63
58 63 62
LABEL kfoot_strut_5_0
MATERIAL 9
TEXTURE 0
GEOM 42 40 ;kfoot_strut_5_0
0.064 0.628 3.197 -0.8691 0.0000 0.4946
0.115 0.594 3.240 -0.4475 -0.2800 0.8493
0.186 0.573 3.243 0.1450 -0.4530 0.8796
0.250 0.573 3.207 0.6822 -0.4530 0.5739
0.283 0.594 3.144 0.9587 -0.2800 0.0490
0.273 0.628 3.078 0.8691 -0.0000 -0.4946
0.222 0.661 3.036 0.4475 0.2800 -0.8493
0.151 0.682 3.032 -0.1450 0.4530 -0.8796
0.086 0.682 3.069 -0.6822 0.4530 -0.5739
0.053 0.661 3.132 -0.9587 0.2800 -0.0490
0.812 3.420 4.512 -0.8691 0.0000 0.4946
0.863 3.387 4.554 -0.4475 -0.2800 0.8493
0.934 3.366 4.558 0.1450 -0.4530 0.8796
0.998 3.366 4.521 0.6822 -0.4530 0.5739
1.032 3.387 4.458 0.9587 -0.2800 0.0490
1.021 3.420 4.393 0.8691 -0.0000 -0.4946
0.970 3.454 4.351 0.4475 0.2800 -0.8493
0.899 3.475 4.347 -0.1450 0.4530 -0.8796
0.835 3.475 4.384 -0.6822 0.4530 -0.5739
0.801 3.454 4.447 -0.9587 0.2800 -0.0490
0.168 0.628 3.138 -0.2356 -0.8793 -0.4140
0.064 0.628 3.197 -0.2356 -0.8793 -0.4140
0.115 0.594 3.240 -0.2356 -0.8793 -0.4140
0.186 0.573 3.243 -0.2356 -0.8793 -0.4140
0.250 0.573 3.207 -0.2356 -0.8793 -0.4140
0.283 0.594 3.144 -0.2356 -0.8793 -0.4140
0.273 0.628 3.078 -0.2356 -0.8793 -0.4140
0.222 0.661 3.036 -0.2356 -0.8793 -0.4140
0.151 0.682 3.032 -0.2356 -0.8793 -0.4140
0.086 0.682 3.069 -0.2356 -0.8793 -0.4140
0.053 0.661 3.132 -0.2356 -0.8793 -0.4140
0.916 3.420 4.453 0.2356 0.8793 0.4140
0.812 3.420 4.512 0.2356 0.8793 0.4140
0.863 3.387 4.554 0.2356 0.8793 0.4140
0.934 3.366 4.558 0.2356 0.8793 0.4140
0.998 3.366 4.521 0.2356 0.8793 0.4140
1.032 3.387 4.458 0.2356 0.8793 0.4140
1.021 3.420 4.393 0.2356 0.8793 0.4140
0.970 3.454 4.351 0.2356 0.8793 0.4140
0.899 3.475 4.347 0.2356 0.8793 0.4140
0.835 3.475 4.384 0.2356 0.8793 0.4140
0.801 3.454 4.447 0.2356 0.8793 0.4140
0 1 11
0 11 10
1 2 12
1 12 11
2 3 13
2 13 12
3 4 14
3 14 13
4 5 15
4 15 14
5 6 16
5 16 15
6 7 17
6 17 16
7 8 18
7 18 17
8 9 19
8 19 18
9 0 10
9 10 19
20 22 21
20 23 22
20 24 23
20 25 24
20 26 25
20 27 26
20 28 27
20 29 28
20 30 29
20 21 30
31 32 33
31 33 34
31 34 35
31 35 36
31 36 37
31 37 38
31 38 39
31 39 40
31 40 41
31 41 32
LABEL kfoot_strut_5_1
MATERIAL 9
TEXTURE 0
GEOM 42 40 ;kfoot_strut_5_1
0.038 0.628 2.602 -0.8959 0.0000 0.4442
0.096 0.584 2.655 -0.5012 -0.3036 0.8103
0.181 0.557 2.663 0.0849 -0.4912 0.8669
0.261 0.557 2.624 0.6386 -0.4912 0.5923
0.306 0.584 2.551 0.9484 -0.3036 0.0915
0.298 0.628 2.473 0.8959 -0.0000 -0.4442
0.241 0.672 2.420 0.5012 0.3036 -0.8103
0.156 0.699 2.412 -0.0849 0.4912 -0.8669
0.076 0.699 2.452 -0.6386 0.4912 -0.5923
0.031 0.672 2.524 -0.9484 0.3036 -0.0915
1.539 6.228 5.628 -0.8959 0.0000 0.4442
1.596 6.184 5.681 -0.5012 -0.3036 0.8103
1.681 6.157 5.689 0.0849 -0.4912 0.8669
1.761 6.157 5.650 0.6386 -0.4912 0.5923
1.806 6.184 5.577 0.9484 -0.3036 0.0915
1.799 6.228 5.499 0.8959 -0.0000 -0.4442
1.741 6.272 5.446 0.5012 0.3036 -0.8103
1.656 6.299 5.438 -0.0849 0.4912 -0.8669
1.576 6.299 5.478 -0.6386 0.4912 -0.5923
1.531 6.272 5.550 -0.9484 0.3036 -0.0915
0.168 0.628 2.538 -0.2294 -0.8563 -0.4627
0.038 0.628 2.602 -0.2294 -0.8563 -0.4627
0.096 0.584 2.655 -0.2294 -0.8563 -0.4627
0.181 0.557 2.663 -0.2294 -0.8563 -0.4627
0.261 0.557 2.624 -0.2294 -0.8563 -0.4627
0.306 0.584 2.551 -0.2294 -0.8563 -0.4627
0.298 0.628 2.473 -0.2294 -0.8563 -0.4627
0.241 0.672 2.420 -0.2294 -0.8563 -0.4627
0.156 0.699 2.412 -0.2294 -0.8563 -0.4627
0.076 0.699 2.452 -0.2294 -0.8563 -0.4627
0.031 0.672 2.524 -0.2294 -0.8563 -0.4627
1.669 6.228 5.564 0.2294 0.8563 0.4627
1.539 6.228 5.628 0.2294 0.8563 0.4627
1.596 6.184 5.681 0.2294 0.8563 0.4627
1.681 6.157 5.689 0.2294 0.8563 0.4627
1.761 6.157 5.650 0.2294 0.8563 0.4627
1.806 6.184 5.577 0.2294 0.8563 0.4627
1.799 6.228 5.499 0.2294 0.8563 0.4627
1.741 6.272 5.446 0.2294 0.8563 0.4627
1.656 6.299 5.438 0.2294 0.8563 0.4627
1.576 6.299 5.478 0.2294 0.8563 0.4627
1.531 6.272 5.550 0.2294 0.8563 0.4627
0 1 11
0 11 10
1 2 12
1 12 11
2 3 13
2 13 12
3 4 14
3 14 13
4 5 15
4 15 14
5 6 16
5 16 15
6 7 17
6 17 16
7 8 18
7 18 17
8 9 19
8 19 18
9 0 10
9 10 19
20 22 21
20 23 22
20 24 23
20 25 24
20 26 25
20 27 26
20 28 27
20 29 28
20 30 29
20 21 30
31 32 33
31 33 34
31 34 35
31 35 36
31 36 37
31 37 38
31 38 39
31 39 40
31 40 41
31 41 32
LABEL kfoot_rib_6
MATERIAL 7
TEXTURE 0
GEOM 28 52 ;kfoot_rib_6
0.075 0.685 3.786 0.9659 0.2588 -0.0000
-0.408 0.555 3.786 -0.9659 -0.2588 0.0000
-0.437 0.663 3.457 -0.9659 -0.2588 0.0000
0.046 0.793 3.457 0.9659 0.2588 -0.0000
-0.173 1.611 4.111 0.9659 0.2588 -0.0000
-0.656 1.482 4.111 -0.9659 -0.2588 0.0000
-0.683 1.584 3.797 -0.9659 -0.2588 0.0000
-0.200 1.714 3.797 0.9659 0.2588 -0.0000
-0.421 2.537 4.436 0.9659 0.2588 -0.0000
-0.904 2.408 4.436 -0.9659 -0.2588 0.0000
-0.930 2.506 4.138 -0.9659 -0.2588 0.0000
-0.447 2.635 4.138 0.9659 0.2588 -0.0000
-0.669 3.463 4.762 0.9659 0.2588 -0.0000
-1.152 3.334 4.762 -0.9659 -0.2588 0.0000
-1.177 3.427 4.478 -0.9659 -0.2588 0.0000
-0.694 3.556 4.478 0.9659 0.2588 -0.0000
-0.917 4.390 5.087 0.9659 0.2588 -0.0000
-1.400 4.260 5.087 -0.9659 -0.2588 0.0000
-1.425 4.353 4.803 -0.9659 -0.2588 0.0000
-0.942 4.483 4.803 0.9659 0.2588 -0.0000
-1.166 5.316 5.412 0.9659 0.2588 -0.0000
-1.648 5.186 5.412 -0.9659 -0.2588 0.0000
-1.673 5.279 5.128 -0.9659 -0.2588 0.0000
-1.190 5.409 5.128 0.9659 0.2588 -0.0000
-1.414 6.242 5.738 0.9659 0.2588 -0.0000
-1.897 6.112 5.738 -0.9659 -0.2588 0.0000
-1.912 6.168 5.567 -0.9659 -0.2588 0.0000
-1.429 6.298 5.567 0.9659 0.2588 -0.0000
0 5 1
0 4 5
1 6 2
1 5 6
2 7 3
2 6 7
3 4 0
3 7 4
4 9 5
4 8 9
5 10 6
5 9 10
6 11 7
6 10 11
7 8 4
7 11 8
8 13 9
8 12 13
9 14 10
9 13 14
10 15 11
10 14 15
11 12 8
11 15 12
12 17 13
12 16 17
13 18 14
13 17 18
14 19 15
14 18 19
15 16 12
15 19 16
16 21 17
16 20 21
17 22 18
17 21 22
18 23 19
18 22 23
19 20 16
19 23 20
20 25 21
20 24 25
21 26 22
21 25 26
22 27 23
22 26 27
23 24 20
23 27 24
0 1 2
0 2 3
24 26 25
24 27 26
LABEL kfoot_strip_6_0
MATERIAL 14
TEXTURE 0
GEOM 64 48 ;kfoot_strip_6_0
-0.190 0.726 3.762 -0.1099 0.3019 -0.9470
-0.234 0.712 3.762 -0.1099 0.3019 -0.9470
-0.278 0.696 3.762 -0.1099 0.3019 -0.9470
-0.321 0.678 3.762 -0.1099 0.3019 -0.9470
-1.607 6.143 5.662 -0.1099 0.3019 -0.9470
-1.985 6.032 5.662 -0.1099 0.3019 -0.9470
-2.356 5.897 5.662 -0.1099 0.3019 -0.9470
-2.718 5.739 5.662 -0.1099 0.3019 -0.9470
-0.190 0.726 3.762 0.1099 -0.3019 0.9470
-0.234 0.712 3.762 0.1099 -0.3019 0.9470
-0.278 0.696 3.762 0.1099 -0.3019 0.9470
-0.321 0.678 3.762 0.1099 -0.3019 0.9470
-1.607 6.143 5.662 0.1099 -0.3019 0.9470
-1.985 6.032 5.662 0.1099 -0.3019 0.9470
-2.356 5.897 5.662 0.1099 -0.3019 0.9470
-2.718 5.739 5.662 0.1099 -0.3019 0.9470
-1.607 6.143 5.662 -0.3420 0.9397 -0.0000
-1.985 6.032 5.662 -0.3420 0.9397 -0.0000
-2.356 5.897 5.662 -0.3420 0.9397 -0.0000
-2.718 5.739 5.662 -0.3420 0.9397 -0.0000
-1.607 6.143 6.562 -0.3420 0.9397 -0.0000
-1.985 6.032 6.562 -0.3420 0.9397 -0.0000
-2.356 5.897 6.562 -0.3420 0.9397 -0.0000
-2.718 5.739 6.562 -0.3420 0.9397 -0.0000
-1.607 6.143 5.662 0.3420 -0.9397 0.0000
-1.985 6.032 5.662 0.3420 -0.9397 0.0000
-2.356 5.897 5.662 0.3420 -0.9397 0.0000
-2.718 5.739 5.662 0.3420 -0.9397 0.0000
-1.607 6.143 6.562 0.3420 -0.9397 0.0000
-1.985 6.032 6.562 0.3420 -0.9397 0.0000
-2.356 5.897 6.562 0.3420 -0.9397 0.0000
-2.718 5.739 6.562 0.3420 -0.9397 0.0000
-1.607 6.143 5.662 -0.3420 0.9397 -0.0000
-1.985 6.032 5.662 -0.3420 0.9397 -0.0000
-2.356 5.897 5.662 -0.3420 0.9397 -0.0000
-2.718 5.739 5.662 -0.3420 0.9397 -0.0000
-1.607 6.143 4.962 -0.3420 0.9397 -0.0000
-1.985 6.032 4.962 -0.3420 0.9397 -0.0000
-2.356 5.897 4.962 -0.3420 0.9397 -0.0000
-2.718 5.739 4.962 -0.3420 0.9397 -0.0000
-1.607 6.143 5.662 0.3420 -0.9397 0.0000
-1.985 6.032 5.662 0.3420 -0.9397 0.0000
-2.356 5.897 5.662 0.3420 -0.9397 0.0000
-2.718 5.739 5.662 0.3420 -0.9397 0.0000
-1.607 6.143 4.962 0.3420 -0.9397 0.0000
-1.985 6.032 4.962 0.3420 -0.9397 0.0000
-2.356 5.897 4.962 0.3420 -0.9397 0.0000
-2.718 5.739 4.962 0.3420 -0.9397 0.0000
-1.607 6.143 4.962 0.0000 0.0000 -1.0000
-1.985 6.032 4.962 0.0000 0.0000 -1.0000
-2.356 5.897 4.962 0.0000 0.0000 -1.0000
-2.718 5.739 4.962 0.0000 0.0000 -1.0000
-1.518 5.805 4.844 0.0000 0.0000 -1.0000
-1.876 5.699 4.844 0.0000 0.0000 -1.0000
-2.226 5.572 4.844 0.0000 0.0000 -1.0000
-2.568 5.423 4.844 0.0000 0.0000 -1.0000
-1.607 6.143 4.962 -0.0000 -0.0000 1.0000
-1.985 6.032 4.962 -0.0000 -0.0000 1.0000
-2.356 5.897 4.962 -0.0000 -0.0000 1.0000
-2.718 5.739 4.962 -0.0000 -0.0000 1.0000
-1.518 5.805 4.844 -0.0000 -0.0000 1.0000
-1.876 5.699 4.844 -0.0000 -0.0000 1.0000
-2.226 5.572 4.844 -0.0000 -0.0000 1.0000
-2.568 5.423 4.844 -0.0000 -0.0000 1.0000
0 1 5
0 5 4
8 13 9
8 12 13
1 2 6
1 6 5
9 14 10
9 13 14
2 3 7
2 7 6
10 15 11
10 14 15
16 17 21
16 21 20
24 29 25
24 28 29
17 18 22
17 22 21
25 30 26
25 29 30
18 19 23
18 23 22
26 31 27
26 30 31
32 37 33
32 36 37
40 41 45
40 45 44
33 38 34
33 37 38
41 42 46
41 46 45
34 39 35
34 38 39
42 43 47
42 47 46
48 53 49
48 52 53
56 57 61
56 61 60
49 54 50
49 53 54
57 58 62
57 62 61
50 55 51
50 54 55
58 59 63
58 63 62
LABEL kfoot_strip_6_1
MATERIAL 14
TEXTURE 0
GEOM 64 48 ;kfoot_strip_6_1
-0.313 0.682 3.762 -0.1606 0.2782 -0.9470
-0.355 0.661 3.762 -0.1606 0.2782 -0.9470
-0.395 0.638 3.762 -0.1606 0.2782 -0.9470
-0.434 0.612 3.762 -0.1606 0.2782 -0.9470
-2.649 5.771 5.662 -0.1606 0.2782 -0.9470
-3.003 5.595 5.662 -0.1606 0.2782 -0.9470
-3.344 5.398 5.662 -0.1606 0.2782 -0.9470
-3.673 5.180 5.662 -0.1606 0.2782 -0.9470
-0.313 0.682 3.762 0.1606 -0.2782 0.9470
-0.355 0.661 3.762 0.1606 -0.2782 0.9470
-0.395 0.638 3.762 0.1606 -0.2782 0.9470
-0.434 0.612 3.762 0.1606 -0.2782 0.9470
-2.649 5.771 5.662 0.1606 -0.2782 0.9470
-3.003 5.595 5.662 0.1606 -0.2782 0.9470
-3.344 5.398 5.662 0.1606 -0.2782 0.9470
-3.673 5.180 5.662 0.1606 -0.2782 0.9470
-2.649 5.771 5.662 -0.5000 0.8660 -0.0000
-3.003 5.595 5.662 -0.5000 0.8660 -0.0000
-3.344 5.398 5.662 -0.5000 0.8660 -0.0000
-3.673 5.180 5.662 -0.5000 0.8660 -0.0000
-2.649 5.771 6.562 -0.5000 0.8660 -0.0000
-3.003 5.595 6.562 -0.5000 0.8660 -0.0000
-3.344 5.398 6.562 -0.5000 0.8660 -0.0000
-3.673 5.180 6.562 -0.5000 0.8660 -0.0000
-2.649 5.771 5.662 0.5000 -0.8660 0.0000
-3.003 5.595 5.662 0.5000 -0.8660 0.0000
-3.344 5.398 5.662 0.5000 -0.8660 0.0000
-3.673 5.180 5.662 0.5000 -0.8660 0.0000
-2.649 5.771 6.562 0.5000 -0.8660 0.0000
-3.003 5.595 6.562 0.5000 -0.8660 0.0000
-3.344 5.398 6.562 0.5000 -0.8660 0.0000
-3.673 5.180 6.562 0.5000 -0.8660 0.0000
-2.649 5.771 5.662 -0.5000 0.8660 -0.0000
-3.003 5.595 5.662 -0.5000 0.8660 -0.0000
-3.344 5.398 5.662 -0.5000 0.8660 -0.0000
-3.673 5.180 5.662 -0.5000 0.8660 -0.0000
-2.649 5.771 4.962 -0.5000 0.8660 -0.0000
-3.003 5.595 4.962 -0.5000 0.8660 -0.0000
-3.344 5.398 4.962 -0.5000 0.8660 -0.0000
-3.673 5.180 4.962 -0.5000 0.8660 -0.0000
-2.649 5.771 5.662 0.5000 -0.8660 0.0000
-3.003 5.595 5.662 0.5000 -0.8660 0.0000
-3.344 5.398 5.662 0.5000 -0.8660 0.0000
-3.673 5.180 5.662 0.5000 -0.8660 0.0000
-2.649 5.771 4.962 0.5000 -0.8660 0.0000
-3.003 5.595 4.962 0.5000 -0.8660 0.0000
-3.344 5.398 4.962 0.5000 -0.8660 0.0000
-3.673 5.180 4.962 0.5000 -0.8660 0.0000
-2.649 5.771 4.962 0.0000 0.0000 -1.0000
-3.003 5.595 4.962 0.0000 0.0000 -1.0000
-3.344 5.398 4.962 0.0000 0.0000 -1.0000
-3.673 5.180 4.962 0.0000 0.0000 -1.0000
-2.503 5.453 4.844 0.0000 0.0000 -1.0000
-2.837 5.287 4.844 0.0000 0.0000 -1.0000
-3.160 5.100 4.844 0.0000 0.0000 -1.0000
-3.471 4.894 4.844 0.0000 0.0000 -1.0000
-2.649 5.771 4.962 -0.0000 -0.0000 1.0000
-3.003 5.595 4.962 -0.0000 -0.0000 1.0000
-3.344 5.398 4.962 -0.0000 -0.0000 1.0000
-3.673 5.180 4.962 -0.0000 -0.0000 1.0000
-2.503 5.453 4.844 -0.0000 -0.0000 1.0000
-2.837 5.287 4.844 -0.0000 -0.0000 1.0000
-3.160 5.100 4.844 -0.0000 -0.0000 1.0000
-3.471 4.894 4.844 -0.0000 -0.0000 1.0000
0 1 5
0 5 4
8 13 9
8 12 13
1 2 6
1 6 5
9 14 10
9 13 14
2 3 7
2 7 6
10 15 11
10 14 15
16 17 21
16 21 20
24 29 25
24 28 29
17 18 22
17 22 21
25 30 26
25 29 30
18 19 23
18 23 22
26 31 27
26 30 31
32 37 33
32 36 37
40 41 45
40 45 44
33 38 34
33 37 38
41 42 46
41 46 45
34 39 35
34 38 39
42 43 47
42 47 46
48 53 49
48 52 53
56 57 61
56 61 60
49 54 50
49 53 54
57 58 62
57 62 61
50 55 51
50 54 55
58 59 63
58 63 62
LABEL kfoot_strip_6_2
MATERIAL 14
TEXTURE 0
GEOM 64 48 ;kfoot_strip_6_2
-0.426 0.617 3.762 -0.2065 0.2461 -0.9470
-0.464 0.589 3.762 -0.2065 0.2461 -0.9470
-0.500 0.559 3.762 -0.2065 0.2461 -0.9470
-0.534 0.527 3.762 -0.2065 0.2461 -0.9470
-3.611 5.223 5.662 -0.2065 0.2461 -0.9470
-3.929 4.989 5.662 -0.2065 0.2461 -0.9470
-4.231 4.735 5.662 -0.2065 0.2461 -0.9470
-4.517 4.463 5.662 -0.2065 0.2461 -0.9470
-0.426 0.617 3.762 0.2065 -0.2461 0.9470
-0.464 0.589 3.762 0.2065 -0.2461 0.9470
-0.500 0.559 3.762 0.2065 -0.2461 0.9470
-0.534 0.527 3.762 0.2065 -0.2461 0.9470
-3.611 5.223 5.662 0.2065 -0.2461 0.9470
-3.929 4.989 5.662 0.2065 -0.2461 0.9470
-4.231 4.735 5.662 0.2065 -0.2461 0.9470
-4.517 4.463 5.662 0.2065 -0.2461 0.9470
-3.611 5.223 5.662 -0.6428 0.7660 -0.0000
-3.929 4.989 5.662 -0.6428 0.7660 -0.0000
-4.231 4.735 5.662 -0.6428 0.7660 -0.0000
-4.517 4.463 5.662 -0.6428 0.7660 -0.0000
-3.611 5.223 6.562 -0.6428 0.7660 -0.0000
-3.929 4.989 6.562 -0.6428 0.7660 -0.0000
-4.231 4.735 6.562 -0.6428 0.7660 -0.0000
-4.517 4.463 6.562 -0.6428 0.7660 -0.0000
-3.611 5.223 5.662 0.6428 -0.7660 0.0000
-3.929 4.989 5.662 0.6428 -0.7660 0.0000
-4.231 4.735 5.662 0.6428 -0.7660 0.0000
-4.517 4.463 5.662 0.6428 -0.7660 0.0000
-3.611 5.223 6.562 0.6428 -0.7660 0.0000
-3.929 4.989 6.562 0.6428 -0.7660 0.0000
-4.231 4.735 6.562 0.6428 -0.7660 0.0000
-4.517 4.463 6.562 0.6428 -0.7660 0.0000
-3.611 5.223 5.662 -0.6428 0.7660 -0.0000
-3.929 4.989 5.662 -0.6428 0.7660 -0.0000
-4.231 4.735 5.662 -0.6428 0.7660 -0.0000
-4.517 4.463 5.662 -0.6428 0.7660 -0.0000
-3.611 5.223 4.962 -0.6428 0.7660 -0.0000
-3.929 4.989 4.962 -0.6428 0.7660 -0.0000
-4.231 4.735 4.962 -0.6428 0.7660 -0.0000
-4.517 4.463 4.962 -0.6428 0.7660 -0.0000
-3.611 5.223 5.662 0.6428 -0.7660 0.0000
-3.929 4.989 5.662 0.6428 -0.7660 0.0000
-4.231 4.735 5.662 0.6428 -0.7660 0.0000
-4.517 4.463 5.662 0.6428 -0.7660 0.0000
-3.611 5.223 4.962 0.6428 -0.7660 0.0000
-3.929 4.989 4.962 0.6428 -0.7660 0.0000
-4.231 4.735 4.962 0.6428 -0.7660 0.0000
-4.517 4.463 4.962 0.6428 -0.7660 0.0000
-3.611 5.223 4.962 0.0000 0.0000 -1.0000
-3.929 4.989 4.962 0.0000 0.0000 -1.0000
-4.231 4.735 4.962 0.0000 0.0000 -1.0000
-4.517 4.463 4.962 0.0000 0.0000 -1.0000
-3.412 4.935 4.844 0.0000 0.0000 -1.0000
-3.712 4.714 4.844 0.0000 0.0000 -1.0000
-3.998 4.474 4.844 0.0000 0.0000 -1.0000
-4.268 4.217 4.844 0.0000 0.0000 -1.0000
-3.611 5.223 4.962 -0.0000 -0.0000 1.0000
-3.929 4.989 4.962 -0.0000 -0.0000 1.0000
-4.231 4.735 4.962 -0.0000 -0.0000 1.0000
-4.517 4.463 4.962 -0.0000 -0.0000 1.0000
-3.412 4.935 4.844 -0.0000 -0.0000 1.0000
-3.712 4.714 4.844 -0.0000 -0.0000 1.0000
-3.998 4.474 4.844 -0.0000 -0.0000 1.0000
-4.268 4.217 4.844 -0.0000 -0.0000 1.0000
0 1 5
0 5 4
8 13 9
8 12 13
1 2 6
1 6 5
9 14 10
9 13 14
2 3 7
2 7 6
10 15 11
10 14 15
16 17 21
16 21 20
24 29 25
24 28 29
17 18 22
17 22 21
25 30 26
25 29 30
18 19 23
18 23 22
26 31 27
26 30 31
32 37 33
32 36 37
40 41 45
40 45 44
33 38 34
33 37 38
41 42 46
41 46 45
34 39 35
34 38 39
42 43 47
42 47 46
48 53 49
48 52 53
56 57 61
56 61 60
49 54 50
49 53 54
57 58 62
57 62 61
50 55 51
50 54 55
58 59 63
58 63 62
LABEL kfoot_strut_6_0
MATERIAL 9
TEXTURE 0
GEOM 42 40 ;kfoot_strut_6_0
-0.273 0.628 3.078 -0.8691 0.0000 -0.4946
-0.283 0.594 3.144 -0.9587 -0.2800 0.0490
-0.250 0.573 3.207 -0.6822 -0.4530 0.5739
-0.186 0.573 3.243 -0.1450 -0.4530 0.8796
-0.115 0.594 3.240 0.4475 -0.2800 0.8493
-0.064 0.628 3.197 0.8691 -0.0000 0.4946
-0.053 0.661 3.132 0.9587 0.2800 -0.0490
-0.086 0.682 3.069 0.6822 0.4530 -0.5739
-0.151 0.682 3.032 0.1450 0.4530 -0.8796
-0.222 0.661 3.036 -0.4475 0.2800 -0.8493
-1.021 3.420 4.393 -0.8691 0.0000 -0.4946
-1.032 3.387 4.458 -0.9587 -0.2800 0.0490
-0.998 3.366 4.521 -0.6822 -0.4530 0.5739
-0.934 3.366 4.558 -0.1450 -0.4530 0.8796
-0.863 3.387 4.554 0.4475 -0.2800 0.8493
-0.812 3.420 4.512 0.8691 -0.0000 0.4946
-0.801 3.454 4.447 0.9587 0.2800 -0.0490
-0.835 3.475 4.384 0.6822 0.4530 -0.5739
-0.899 3.475 4.347 0.1450 0.4530 -0.8796
-0.970 3.454 4.351 -0.4475 0.2800 -0.8493
-0.168 0.628 3.138 0.2356 -0.8793 -0.4140
-0.273 0.628 3.078 0.2356 -0.8793 -0.4140
-0.283 0.594 3.144 0.2356 -0.8793 -0.4140
-0.250 0.573 3.207 0.2356 -0.8793 -0.4140
-0.186 0.573 3.243 0.2356 -0.8793 -0.4140
-0.115 0.594 3.240 0.2356 -0.8793 -0.4140
-0.064 0.628 3.197 0.2356 -0.8793 -0.4140
-0.053 0.661 3.132 0.2356 -0.8793 -0.4140
-0.086 0.682 3.069 0.2356 -0.8793 -0.4140
-0.151 0.682 3.032 0.2356 -0.8793 -0.4140
-0.222 0.661 3.036 0.2356 -0.8793 -0.4140
-0.916 3.420 4.453 -0.2356 0.8793 0.4140
-1.021 3.420 4.393 -0.2356 0.8793 0.4140
-1.032 3.387 4.458 -0.2356 0.8793 0.4140
-0.998 3.366 4.521 -0.2356 0.8793 0.4140
-0.934 3.366 4.558 -0.2356 0.8793 0.4140
-0.863 3.387 4.554 -0.2356 0.8793 0.4140
-0.812 3.420 4.512 -0.2356 0.8793 0.4140
-0.801 3.454 4.447 -0.2356 0.8793 0.4140
-0.835 3.475 4.384 -0.2356 0.8793 0.4140
-0.899 3.475 4.347 -0.2356 0.8793 0.4140
-0.970 3.454 4.351 -0.2356 0.8793 0.4140
0 1 11
0 11 10
1 2 12
1 12 11
2 3 13
2 13 12
3 4 14
3 14 13
4 5 15
4 15 14
5 6 16
5 16 15
6 7 17
6 17 16
7 8 18
7 18 17
8 9 19
8 19 18
9 0 10
9 10 19
20 22 21
20 23 22
20 24 23
20 25 24
20 26 25
20 27 26
20 28 27
20 29 28
20 30 29
20 21 30
31 32 33
31 33 34
31 34 35
31 35 36
31 36 37
31 37 38
31 38 39
31 39 40
31 40 41
31 41 32
LABEL kfoot_strut_6_1
MATERIAL 9
TEXTURE 0
GEOM 42 40 ;kfoot_strut_6_1
-0.298 0.628 2.473 -0.8959 0.0000 -0.4442
-0.306 0.584 2.551 -0.9484 -0.3036 0.0915
-0.261 0.557 2.624 -0.6386 -0.4912 0.5923
-0.181 0.557 2.663 -0.0849 -0.4912 0.8669
-0.096 0.584 2.655 0.5012 -0.3036 0.8103
-0.038 0.628 2.602 0.8959 -0.0000 0.4442
-0.031 0.672 2.524 0.9484 0.3036 -0.0915
-0.076 0.699 2.452 0.6386 0.4912 -0.5923
-0.156 0.699 2.412 0.0849 0.4912 -0.8669
-0.241 0.672 2.420 -0.5012 0.3036 -0.8103
-1.799 6.228 5.499 -0.8959 0.0000 -0.4442
-1.806 6.184 5.577 -0.9484 -0.3036 0.0915
-1.761 6.157 5.650 -0.6386 -0.4912 0.5923
-1.681 6.157 5.689 -0.0849 -0.4912 0.8669
-1.596 6.184 5.681 0.5012 -0.3036 0.8103
-1.539 6.228 5.628 0.8959 -0.0000 0.4442
-1.531 6.272 5.550 0.9484 0.3036 -0.0915
-1.576 6.299 5.478 0.6386 0.4912 -0.5923
-1.656 6.299 5.438 0.0849 0.4912 -0.8669
-1.741 6.272 5.446 -0.5012 0.3036 -0.8103
-0.168 0.628 2.538 0.2294 -0.8563 -0.4627
-0.298 0.628 2.473 0.2294 -0.8563 -0.4627
-0.306 0.584 2.551 0.2294 -0.8563 -0.4627
-0.261 0.557 2.624 0.2294 -0.8563 -0.4627
-0.181 0.557 2.663 0.2294 -0.8563 -0.4627
-0.096 0.584 2.655 0.2294 -0.8563 -0.4627
-0.038 0.628 2.602 0.2294 -0.8563 -0.4627
-0.031 0.672 2.524 0.2294 -0.8563 -0.4627
-0.076 0.699 2.452 0.2294 -0.8563 -0.4627
-0.156 0.699 2.412 0.2294 -0.8563 -0.4627
-0.241 0.672 2.420 0.2294 -0.8563 -0.4627
-1.669 6.228 5.564 -0.2294 0.8563 0.4627
-1.799 6.228 5.499 -0.2294 0.8563 0.4627
-1.806 6.184 5.577 -0.2294 0.8563 0.4627
-1.761 6.157 5.650 -0.2294 0.8563 0.4627
-1.681 6.157 5.689 -0.2294 0.8563 0.4627
-1.596 6.184 5.681 -0.2294 0.8563 0.4627
-1.539 6.228 5.628 -0.2294 0.8563 0.4627
-1.531 6.272 5.550 -0.2294 0.8563 0.4627
-1.576 6.299 5.478 -0.2294 0.8563 0.4627
-1.656 6.299 5.438 -0.2294 0.8563 0.4627
-1.741 6.272 5.446 -0.2294 0.8563 0.4627
0 1 11
0 11 10
1 2 12
1 12 11
2 3 13
2 13 12
3 4 14
3 14 13
4 5 15
4 15 14
5 6 16
5 16 15
6 7 17
6 17 16
7 8 18
7 18 17
8 9 19
8 19 18
9 0 10
9 10 19
20 22 21
20 23 22
20 24 23
20 25 24
20 26 25
20 27 26
20 28 27
20 29 28
20 30 29
20 21 30
31 32 33
31 33 34
31 34 35
31 35 36
31 36 37
31 37 38
31 38 39
31 39 40
31 40 41
31 41 32
LABEL kfoot_rib_7
MATERIAL 7
TEXTURE 0
GEOM 28 52 ;kfoot_rib_7
-0.277 0.631 3.786 0.7071 0.7071 -0.0000
-0.631 0.277 3.786 -0.7071 -0.7071 0.0000
-0.710 0.356 3.457 -0.7071 -0.7071 0.0000
-0.356 0.710 3.457 0.7071 0.7071 -0.0000
-0.955 1.309 4.111 0.7071 0.7071 -0.0000
-1.309 0.955 4.111 -0.7071 -0.7071 0.0000
-1.384 1.030 3.797 -0.7071 -0.7071 0.0000
-1.030 1.384 3.797 0.7071 0.7071 -0.0000
-1.633 1.987 4.436 0.7071 0.7071 -0.0000
-1.987 1.633 4.436 -0.7071 -0.7071 0.0000
-2.058 1.705 4.138 -0.7071 -0.7071 0.0000
-1.705 2.058 4.138 0.7071 0.7071 -0.0000
-2.311 2.665 4.762 0.7071 0.7071 -0.0000
-2.665 2.311 4.762 -0.7071 -0.7071 0.0000
-2.733 2.379 4.478 -0.7071 -0.7071 0.0000
-2.379 2.733 4.478 0.7071 0.7071 -0.0000
-2.989 3.343 5.087 0.7071 0.7071 -0.0000
-3.343 2.989 5.087 -0.7071 -0.7071 0.0000
-3.411 3.057 4.803 -0.7071 -0.7071 0.0000
-3.057 3.411 4.803 0.7071 0.7071 -0.0000
-3.667 4.021 5.412 0.7071 0.7071 -0.0000
-4.021 3.667 5.412 -0.7071 -0.7071 0.0000
-4.089 3.735 5.128 -0.7071 -0.7071 0.0000
-3.735 4.089 5.128 0.7071 0.7071 -0.0000
-4.345 4.699 5.738 0.7071 0.7071 -0.0000
-4.699 4.345 5.738 -0.7071 -0.7071 0.0000
-4.740 4.386 5.567 -0.7071 -0.7071 0.0000
-4.386 4.740 5.567 0.7071 0.7071 -0.0000
0 5 1
0 4 5
1 6 2
1 5 6
2 7 3
2 6 7
3 4 0
3 7 4
4 9 5
4 8 9
5 10 6
5 9 10
6 11 7
6 10 11
7 8 4
7 11 8
8 13 9
8 12 13
9 14 10
9 13 14
10 15 11
10 14 15
11 12 8
11 15 12
12 17 13
12 16 17
13 18 14
13 17 18
14 19 15
14 18 19
15 16 12
15 19 16
16 21 17
16 20 21
17 22 18
17 21 22
18 23 19
18 22 23
19 20 16
19 23 20
20 25 21
20 24 25
21 26 22
21 25 26
22 27 23
22 26 27
23 24 20
23 27 24
0 1 2
0 2 3
24 26 25
24 27 26
LABEL kfoot_strip_7_0
MATERIAL 14
TEXTURE 0
GEOM 64 48 ;kfoot_strip_7_0
-0.527 0.534 3.762 -0.2461 0.2065 -0.9470
-0.559 0.500 3.762 -0.2461 0.2065 -0.9470
-0.589 0.464 3.762 -0.2461 0.2065 -0.9470
-0.617 0.426 3.762 -0.2461 0.2065 -0.9470
-4.463 4.517 5.662 -0.2461 0.2065 -0.9470
-4.735 4.231 5.662 -0.2461 0.2065 -0.9470
-4.989 3.929 5.662 -0.2461 0.2065 -0.9470
-5.223 3.611 5.662 -0.2461 0.2065 -0.9470
-0.527 0.534 3.762 0.2461 -0.2065 0.9470
-0.559 0.500 3.762 0.2461 -0.2065 0.9470
-0.589 0.464 3.762 0.2461 -0.2065 0.9470
-0.617 0.426 3.762 0.2461 -0.2065 0.9470
-4.463 4.517 5.662 0.2461 -0.2065 0.9470
-4.735 4.231 5.662 0.2461 -0.2065 0.9470
-4.989 3.929 5.662 0.2461 -0.2065 0.9470
-5.223 3.611 5.662 0.2461 -0.2065 0.9470
-4.463 4.517 5.662 -0.7660 0.6428 -0.0000
-4.735 4.231 5.662 -0.7660 0.6428 -0.0000
-4.989 3.929 5.662 -0.7660 0.6428 -0.0000
-5.223 3.611 5.662 -0.7660 0.6428 -0.0000
-4.463 4.517 6.562 -0.7660 0.6428 -0.0000
-4.735 4.231 6.562 -0.7660 0.6428 -0.0000
-4.989 3.929 6.562 -0.7660 0.6428 -0.0000
-5.223 3.611 6.562 -0.7660 0.6428 -0.0000
-4.463 4.517 5.662 0.7660 -0.6428 0.0000
-4.735 4.231 5.662 0.7660 -0.6428 0.0000
-4.989 3.929 5.662 0.7660 -0.6428 0.0000
-5.223 3.611 5.662 0.7660 -0.6428 0.0000
-4.463 4.517 6.562 0.7660 -0.6428 0.0000
-4.735 4.231 6.562 0.7660 -0.6428 0.0000
-4.989 3.929 6.562 0.7660 -0.6428 0.0000
-5.223 3.611 6.562 0.7660 -0.6428 0.0000
-4.463 4.517 5.662 -0.7660 0.6428 -0.0000
-4.735 4.231 5.662 -0.7660 0.6428 -0.0000
-4.989 3.929 5.662 -0.7660 0.6428 -0.0000
-5.223 3.611 5.662 -0.7660 0.6428 -0.0000
-4.463 4.517 4.962 -0.7660 0.6428 -0.0000
-4.735 4.231 4.962 -0.7660 0.6428 -0.0000
-4.989 3.929 4.962 -0.7660 0.6428 -0.0000
-5.223 3.611 4.962 -0.7660 0.6428 -0.0000
-4.463 4.517 5.662 0.7660 -0.6428 0.0000
-4.735 4.231 5.662 0.7660 -0.6428 0.0000
-4.989 3.929 5.662 0.7660 -0.6428 0.0000
-5.223 3.611 5.662 0.7660 -0.6428 0.0000
-4.463 4.517 4.962 0.7660 -0.6428 0.0000
-4.735 4.231 4.962 0.7660 -0.6428 0.0000
-4.989 3.929 4.962 0.7660 -0.6428 0.0000
-5.223 3.611 4.962 0.7660 -0.6428 0.0000
-4.463 4.517 4.962 0.0000 0.0000 -1.0000
-4.735 4.231 4.962 0.0000 0.0000 -1.0000
-4.989 3.929 4.962 0.0000 0.0000 -1.0000
-5.223 3.611 4.962 0.0000 0.0000 -1.0000
-4.217 4.268 4.844 0.0000 0.0000 -1.0000
-4.474 3.998 4.844 0.0000 0.0000 -1.0000
-4.714 3.712 4.844 0.0000 0.0000 -1.0000
-4.935 3.412 4.844 0.0000 0.0000 -1.0000
-4.463 4.517 4.962 -0.0000 -0.0000 1.0000
-4.735 4.231 4.962 -0.0000 -0.0000 1.0000
-4.989 3.929 4.962 -0.0000 -0.0000 1.0000
-5.223 3.611 4.962 -0.0000 -0.0000 1.0000
-4.217 4.268 4.844 -0.0000 -0.0000 1.0000
-4.474 3.998 4.844 -0.0000 -0.0000 1.0000
-4.714 3.712 4.844 -0.0000 -0.0000 1.0000
-4.935 3.412 4.844 -0.0000 -0.0000 1.0000
0 1 5
0 5 4
8 13 9
8 12 13
1 2 6
1 6 5
9 14 10
9 13 14
2 3 7
2 7 6
10 15 11
10 14 15
16 17 21
16 21 20
24 29 25
24 28 29
17 18 22
17 22 21
25 30 26
25 29 30
18 19 23
18 23 22
26 31 27
26 30 31
32 37 33
32 36 37
40 41 45
40 45 44
33 38 34
33 37 38
41 42 46
41 46 45
34 39 35
34 38 39
42 43 47
42 47 46
48 53 49
48 52 53
56 57 61
56 61 60
49 54 50
49 53 54
57 58 62
57 62 61
50 55 51
50 54 55
58 59 63
58 63 62
LABEL kfoot_strip_7_1
MATERIAL 14
TEXTURE 0
GEOM 64 48 ;kfoot_strip_7_1
-0.612 0.434 3.762 -0.2782 0.1606 -0.9470
-0.638 0.395 3.762 -0.2782 0.1606 -0.9470
-0.661 0.355 3.762 -0.2782 0.1606 -0.9470
-0.682 0.313 3.762 -0.2782 0.1606 -0.9470
-5.180 3.673 5.662 -0.2782 0.1606 -0.9470
-5.398 3.344 5.662 -0.2782 0.1606 -0.9470
-5.595 3.003 5.662 -0.2782 0.1606 -0.9470
-5.771 2.649 5.662 -0.2782 0.1606 -0.9470
-0.612 0.434 3.762 0.2782 -0.1606 0.9470
-0.638 0.395 3.762 0.2782 -0.1606 0.9470
-0.661 0.355 3.762 0.2782 -0.1606 0.9470
-0.682 0.313 3.762 0.2782 -0.1606 0.9470
-5.180 3.673 5.662 0.2782 -0.1606 0.9470
-5.398 3.344 5.662 0.2782 -0.1606 0.9470
-5.595 3.003 5.662 0.2782 -0.1606 0.9470
-5.771 2.649 5.662 0.2782 -0.1606 0.9470
-5.180 3.673 5.662 -0.8660 0.5000 -0.0000
-5.398 3.344 5.662 -0.8660 0.5000 -0.0000
-5.595 3.003 5.662 -0.8660 0.5000 -0.0000
-5.771 2.649 5.662 -0.8660 0.5000 -0.0000
-5.180 3.673 6.562 -0.8660 0.5000 -0.0000
-5.398 3.344 6.562 -0.8660 0.5000 -0.0000
-5.595 3.003 6.562 -0.8660 0.5000 -0.0000
-5.771 2.649 6.562 -0.8660 0.5000 -0.0000
-5.180 3.673 5.662 0.8660 -0.5000 0.0000
-5.398 3.344 5.662 0.8660 -0.5000 0.0000
-5.595 3.003 5.662 0.8660 -0.5000 0.0000
-5.771 2.649 5.662 0.8660 -0.5000 0.0000
-5.180 3.673 6.562 0.8660 -0.5000 0.0000
-5.398 3.344 6.562 0.8660 -0.5000 0.0000
-5.595 3.003 6.562 0.8660 -0.5000 0.0000
-5.771 2.649 6.562 0.8660 -0.5000 0.0000
-5.180 3.673 5.662 -0.8660 0.5000 -0.0000
-5.398 3.344 5.662 -0.8660 0.5000 -0.0000
-5.595 3.003 5.662 -0.8660 0.5000 -0.0000
-5.771 2.649 5.662 -0.8660 0.5000 -0.0000
-5.180 3.673 4.962 -0.8660 0.5000 -0.0000
-5.398 3.344 4.962 -0.8660 0.5000 -0.0000
-5.595 3.003 4.962 -0.8660 0.5000 -0.0000
-5.771 2.649 4.962 -0.8660 0.5000 -0.0000
-5.180 3.673 5.662 0.8660 -0.5000 0.0000
-5.398 3.344 5.662 0.8660 -0.5000 0.0000
-5.595 3.003 5.662 0.8660 -0.5000 0.0000
-5.771 2.649 5.662 0.8660 -0.5000 0.0000
-5.180 3.673 4.962 0.8660 -0.5000 0.0000
-5.398 3.344 4.962 0.8660 -0.5000 0.0000
-5.595 3.003 4.962 0.8660 -0.5000 0.0000
-5.771 2.649 4.962 0.8660 -0.5000 0.0000
-5.180 3.673 4.962 0.0000 0.0000 -1.0000
-5.398 3.344 4.962 0.0000 0.0000 -1.0000
-5.595 3.003 4.962 0.0000 0.0000 -1.0000
-5.771 2.649 4.962 0.0000 0.0000 -1.0000
-4.894 3.471 4.844 0.0000 0.0000 -1.0000
-5.100 3.160 4.844 0.0000 0.0000 -1.0000
-5.287 2.837 4.844 0.0000 0.0000 -1.0000
-5.453 2.503 4.844 0.0000 0.0000 -1.0000
-5.180 3.673 4.962 -0.0000 -0.0000 1.0000
-5.398 3.344 4.962 -0.0000 -0.0000 1.0000
-5.595 3.003 4.962 -0.0000 -0.0000 1.0000
-5.771 2.649 4.962 -0.0000 -0.0000 1.0000
-4.894 3.471 4.844 -0.0000 -0.0000 1.0000
-5.100 3.160 4.844 -0.0000 -0.0000 1.0000
-5.287 2.837 4.844 -0.0000 -0.0000 1.0000
-5.453 2.503 4.844 -0.0000 -0.0000 1.0000
0 1 5
0 5 4
8 13 9
8 12 13
1 2 6
1 6 5
9 14 10
9 13 14
2 3 7
2 7 6
10 15 11
10 14 15
16 17 21
16 21 20
24 29 25
24 28 29
17 18 22
17 22 21
25 30 26
25 29 30
18 19 23
18 23 22
26 31 27
26 30 31
32 37 33
32 36 37
40 41 45
40 45 44
33 38 34
33 37 38
41 42 46
41 46 45
34 39 35
34 38 39
42 43 47
42 47 46
48 53 49
48 52 53
56 57 61
56 61 60
49 54 50
49 53 54
57 58 62
57 62 61
50 55 51
50 54 55
58 59 63
58 63 62
LABEL kfoot_strip_7_2
MATERIAL 14
TEXTURE 0
GEOM 64 48 ;kfoot_strip_7_2
-0.678 0.321 3.762 -0.3019 0.1099 -0.9470
-0.696 0.278 3.762 -0.3019 0.1099 -0.9470
-0.712 0.234 3.762 -0.3019 0.1099 -0.9470
-0.726 0.190 3.762 -0.3019 0.1099 -0.9470
-5.739 2.718 5.662 -0.3019 0.1099 -0.9470
-5.897 2.356 5.662 -0.3019 0.1099 -0.9470
-6.032 1.985 5.662 -0.3019 0.1099 -0.9470
-6.143 1.607 5.662 -0.3019 0.1099 -0.9470
-0.678 0.321 3.762 0.3019 -0.1099 0.9470
-0.696 0.278 3.762 0.3019 -0.1099 0.9470
-0.712 0.234 3.762 0.3019 -0.1099 0.9470
-0.726 0.190 3.762 0.3019 -0.1099 0.9470
-5.739 2.718 5.662 0.3019 -0.1099 0.9470
-5.897 2.356 5.662 0.3019 -0.1099 0.9470
-6.032 1.985 5.662 0.3019 -0.1099 0.9470
-6.143 1.607 5.662 0.3019 -0.1099 0.9470
-5.739 2.718 5.662 -0.9397 0.3420 -0.0000
-5.897 2.356 5.662 -0.9397 0.3420 -0.0000
-6.032 1.985 5.662 -0.9397 0.3420 -0.0000
-6.143 1.607 5.662 -0.9397 0.3420 -0.0000
-5.739 2.718 6.562 -0.9397 0.3420 -0.0000
-5.897 2.356 6.562 -0.9397 0.3420 -0.0000
-6.032 1.985 6.562 -0.9397 0.3420 -0.0000
-6.143 1.607 6.562 -0.9397 0.3420 -0.0000
-5.739 2.718 5.662 0.9397 -0.3420 0.0000
-5.897 2.356 5.662 0.9397 -0.3420 0.0000
-6.032 1.985 5.662 0.9397 -0.3420 0.0000
-6.143 1.607 5.662 0.9397 -0.3420 0.0000
-5.739 2.718 6.562 0.9397 -0.3420 0.0000
-5.897 2.356 6.562 0.9397 -0.3420 0.0000
-6.032 1.985 6.562 0.9397 -0.3420 0.0000
-6.143 1.607 6.562 0.9397 -0.3420 0.0000
-5.739 2.718 5.662 -0.9397 0.3420 -0.0000
-5.897 2.356 5.662 -0.9397 0.3420 -0.0000
-6.032 1.985 5.662 -0.9397 0.3420 -0.0000
-6.143 1.607 5.662 -0.9397 0.3420 -0.0000
-5.739 2.718 4.962 -0.9397 0.3420 -0.0000
-5.897 2.356 4.962 -0.9397 0.3420 -0.0000
-6.032 1.985 4.962 -0.9397 0.3420 -0.0000
-6.143 1.607 4.962 -0.9397 0.3420 -0.0000
-5.739 2.718 5.662 0.9397 -0.3420 0.0000
-5.897 2.356 5.662 0.9397 -0.3420 0.0000
-6.032 1.985 5.662 0.9397 -0.3420 0.0000
-6.143 1.607 5.662 0.9397 -0.3420 0.0000
-5.739 2.718 4.962 0.9397 -0.3420 0.0000
-5.897 2.356 4.962 0.9397 -0.3420 0.0000
-6.032 1.985 4.962 0.9397 -0.3420 0.0000
-6.143 1.607 4.962 0.9397 -0.3420 0.0000
-5.739 2.718 4.962 0.0000 0.0000 -1.0000
-5.897 2.356 4.962 0.0000 0.0000 -1.0000
-6.032 1.985 4.962 0.0000 0.0000 -1.0000
-6.143 1.607 4.962 0.0000 0.0000 -1.0000
-5.423 2.568 4.844 0.0000 0.0000 -1.0000
-5.572 2.226 4.844 0.0000 0.0000 -1.0000
-5.699 1.876 4.844 0.0000 0.0000 -1.0000
-5.805 1.518 4.844 0.0000 0.0000 -1.0000
-5.739 2.718 4.962 -0.0000 -0.0000 1.0000
-5.897 2.356 4.962 -0.0000 -0.0000 1.0000
-6.032 1.985 4.962 -0.0000 -0.0000 1.0000
-6.143 1.607 4.962 -0.0000 -0.0000 1.0000
-5.423 2.568 4.844 -0.0000 -0.0000 1.0000
-5.572 2.226 4.844 -0.0000 -0.0000 1.0000
-5.699 1.876 4.844 -0.0000 -0.0000 1.0000
-5.805 1.518 4.844 -0.0000 -0.0000 1.0000
0 1 5
0 5 4
8 13 9
8 12 13
1 2 6
1 6 5
9 14 10
9 13 14
2 3 7
2 7 6
10 15 11
10 14 15
16 17 21
16 21 20
24 29 25
24 28 29
17 18 22
17 22 21
25 30 26
25 29 30
18 19 23
18 23 22
26 31 27
26 30 31
32 37 33
32 36 37
40 41 45
40 45 44
33 38 34
33 37 38
41 42 46
41 46 45
34 39 35
34 38 39
42 43 47
42 47 46
48 53 49
48 52 53
56 57 61
56 61 60
49 54 50
49 53 54
57 58 62
57 62 61
50 55 51
50 54 55
58 59 63
58 63 62
LABEL kfoot_strut_7_0
MATERIAL 9
TEXTURE 0
GEOM 42 40 ;kfoot_strut_7_0
-0.525 0.460 3.037 -0.5410 0.0000 -0.8410
-0.550 0.406 3.081 -0.7558 -0.4498 -0.4758
-0.541 0.372 3.146 -0.6820 -0.7279 0.0713
-0.501 0.372 3.209 -0.3477 -0.7279 0.5911
-0.445 0.406 3.244 0.1195 -0.4498 0.8851
-0.395 0.460 3.239 0.5410 -0.0000 0.8410
-0.369 0.514 3.195 0.7558 0.4498 0.4758
-0.378 0.547 3.129 0.6820 0.7279 -0.0713
-0.418 0.547 3.067 0.3477 0.7279 -0.5911
-0.474 0.514 3.031 -0.1195 0.4498 -0.8851
-2.569 2.504 4.352 -0.5410 0.0000 -0.8410
-2.595 2.450 4.395 -0.7558 -0.4498 -0.4758
-2.586 2.417 4.461 -0.6820 -0.7279 0.0713
-2.546 2.417 4.523 -0.3477 -0.7279 0.5911
-2.490 2.450 4.559 0.1195 -0.4498 0.8851
-2.439 2.504 4.553 0.5410 -0.0000 0.8410
-2.413 2.558 4.510 0.7558 0.4498 0.4758
-2.422 2.591 4.444 0.6820 0.7279 -0.0713
-2.462 2.591 4.382 0.3477 0.7279 -0.5911
-2.518 2.558 4.346 -0.1195 0.4498 -0.8851
-0.460 0.460 3.138 0.6437 -0.6437 -0.4140
-0.525 0.460 3.037 0.6437 -0.6437 -0.4140
-0.550 0.406 3.081 0.6437 -0.6437 -0.4140
-0.541 0.372 3.146 0.6437 -0.6437 -0.4140
-0.501 0.372 3.209 0.6437 -0.6437 -0.4140
-0.445 0.406 3.244 0.6437 -0.6437 -0.4140
-0.395 0.460 3.239 0.6437 -0.6437 -0.4140
-0.369 0.514 3.195 0.6437 -0.6437 -0.4140
-0.378 0.547 3.129 0.6437 -0.6437 -0.4140
-0.418 0.547 3.067 0.6437 -0.6437 -0.4140
-0.474 0.514 3.031 0.6437 -0.6437 -0.4140
-2.504 2.504 4.453 -0.6437 0.6437 0.4140
-2.569 2.504 4.352 -0.6437 0.6437 0.4140
-2.595 2.450 4.395 -0.6437 0.6437 0.4140
-2.586 2.417 4.461 -0.6437 0.6437 0.4140
-2.546 2.417 4.523 -0.6437 0.6437 0.4140
-2.490 2.450 4.559 -0.6437 0.6437 0.4140
-2.439 2.504 4.553 -0.6437 0.6437 0.4140
-2.413 2.558 4.510 -0.6437 0.6437 0.4140
-2.422 2.591 4.444 -0.6437 0.6437 0.4140
-2.462 2.591 4.382 -0.6437 0.6437 0.4140
-2.518 2.558 4.346 -0.6437 0.6437 0.4140
0 1 11
0 11 10
1 2 12
1 12 11
2 3 13
2 13 12
3 4 14
3 14 13
4 5 15
4 15 14
5 6 16
5 16 15
6 7 17
6 17 16
7 8 18
7 18 17
8 9 19
8 19 18
9 0 10
9 10 19
20 22 21
20 23 22
20 24 23
20 25 24
20 26 25
20 27 26
20 28 27
20 29 28
20 30 29
20 21 30
31 32 33
31 33 34
31 34 35
31 35 36
31 36 37
31 37 38
31 38 39
31 39 40
31 40 41
31 41 32
LABEL kfoot_strut_7_1
MATERIAL 9
TEXTURE 0
GEOM 42 40 ;kfoot_strut_7_1
-0.546 0.460 2.421 -0.5939 0.0000 -0.8045
-0.572 0.393 2.475 -0.7769 -0.4580 -0.4321
-0.556 0.352 2.553 -0.6632 -0.7410 0.1054
-0.503 0.352 2.625 -0.2961 -0.7410 0.6027
-0.433 0.393 2.664 0.1840 -0.4580 0.8697
-0.374 0.460 2.654 0.5939 -0.0000 0.8045
-0.347 0.526 2.600 0.7769 0.4580 0.4321
-0.363 0.567 2.522 0.6632 0.7410 -0.1054
-0.417 0.567 2.450 0.2961 0.7410 -0.6027
-0.486 0.526 2.412 -0.1840 0.4580 -0.8697
-4.645 4.559 5.447 -0.5939 0.0000 -0.8045
-4.672 4.493 5.501 -0.7769 -0.4580 -0.4321
-4.655 4.452 5.579 -0.6632 -0.7410 0.1054
-4.602 4.452 5.651 -0.2961 -0.7410 0.6027
-4.532 4.493 5.690 0.1840 -0.4580 0.8697
-4.473 4.559 5.680 0.5939 -0.0000 0.8045
-4.446 4.625 5.626 0.7769 0.4580 0.4321
-4.463 4.667 5.548 0.6632 0.7410 -0.1054
-4.516 4.667 5.476 0.2961 0.7410 -0.6027
-4.586 4.625 5.438 -0.1840 0.4580 -0.8697
-0.460 0.460 2.538 0.6269 -0.6269 -0.4627
-0.546 0.460 2.421 0.6269 -0.6269 -0.4627
-0.572 0.393 2.475 0.6269 -0.6269 -0.4627
-0.556 0.352 2.553 0.6269 -0.6269 -0.4627
-0.503 0.352 2.625 0.6269 -0.6269 -0.4627
-0.433 0.393 2.664 0.6269 -0.6269 -0.4627
-0.374 0.460 2.654 0.6269 -0.6269 -0.4627
-0.347 0.526 2.600 0.6269 -0.6269 -0.4627
-0.363 0.567 2.522 0.6269 -0.6269 -0.4627
-0.417 0.567 2.450 0.6269 -0.6269 -0.4627
-0.486 0.526 2.412 0.6269 -0.6269 -0.4627
-4.559 4.559 5.564 -0.6269 0.6269 0.4627
-4.645 4.559 5.447 -0.6269 0.6269 0.4627
-4.672 4.493 5.501 -0.6269 0.6269 0.4627
-4.655 4.452 5.579 -0.6269 0.6269 0.4627
-4.602 4.452 5.651 -0.6269 0.6269 0.4627
-4.532 4.493 5.690 -0.6269 0.6269 0.4627
-4.473 4.559 5.680 -0.6269 0.6269 0.4627
-4.446 4.625 5.626 -0.6269 0.6269 0.4627
-4.463 4.667 5.548 -0.6269 0.6269 0.4627
-4.516 4.667 5.476 -0.6269 0.6269 0.4627
-4.586 4.625 5.438 -0.6269 0.6269 0.4627
0 1 11
0 11 10
1 2 12
1 12 11
2 3 13
2 13 12
3 4 14
3 14 13
4 5 15
4 15 14
5 6 16
5 16 15
6 7 17
6 17 16
7 8 18
7 18 17
8 9 19
8 19 18
9 0 10
9 10 19
20 22 21
20 23 22
20 24 23
20 25 24
20 26 25
20 27 26
20 28 27
20 29 28
20 30 29
20 21 30
31 32 33
31 33 34
31 34 35
31 35 36
31 36 37
31 37 38
31 38 39
31 39 40
31 40 41
31 41 32
LABEL kfoot_rib_8
MATERIAL 7
TEXTURE 0
GEOM 28 52 ;kfoot_rib_8
-0.555 0.408 3.786 0.2588 0.9659 -0.0000
-0.685 -0.075 3.786 -0.2588 -0.9659 0.0000
-0.793 -0.046 3.457 -0.2588 -0.9659 0.0000
-0.663 0.437 3.457 0.2588 0.9659 -0.0000
-1.482 0.656 4.111 0.2588 0.9659 -0.0000
-1.611 0.173 4.111 -0.2588 -0.9659 0.0000
-1.714 0.200 3.797 -0.2588 -0.9659 0.0000
-1.584 0.683 3.797 0.2588 0.9659 -0.0000
-2.408 0.904 4.436 0.2588 0.9659 -0.0000
-2.537 0.421 4.436 -0.2588 -0.9659 0.0000
-2.635 0.447 4.138 -0.2588 -0.9659 0.0000
-2.506 0.930 4.138 0.2588 0.9659 -0.0000
-3.334 1.152 4.762 0.2588 0.9659 -0.0000
-3.463 0.669 4.762 -0.2588 -0.9659 0.0000
-3.556 0.694 4.478 -0.2588 -0.9659 0.0000
-3.427 1.177 4.478 0.2588 0.9659 -0.0000
-4.260 1.400 5.087 0.2588 0.9659 -0.0000
-4.390 0.917 5.087 -0.2588 -0.9659 0.0000
-4.483 0.942 4.803 -0.2588 -0.9659 0.0000
-4.353 1.425 4.803 0.2588 0.9659 -0.0000
-5.186 1.648 5.412 0.2588 0.9659 -0.0000
-5.316 1.166 5.412 -0.2588 -0.9659 0.0000
-5.409 1.190 5.128 -0.2588 -0.9659 0.0000
-5.279 1.673 5.128 0.2588 0.9659 -0.0000
-6.112 1.897 5.738 0.2588 0.9659 -0.0000
-6.242 1.414 5.738 -0.2588 -0.9659 0.0000
-6.298 1.429 5.567 -0.2588 -0.9659 0.0000
-6.168 1.912 5.567 0.2588 0.9659 -0.0000
0 5 1
0 4 5
1 6 2
1 5 6
2 7 3
2 6 7
3 4 0
3 7 4
4 9 5
4 8 9
5 10 6
5 9 10
6 11 7
6 10 11
7 8 4
7 11 8
8 13 9
8 12 13
9 14 10
9 13 14
10 15 11
10 14 15
11 12 8
11 15 12
12 17 13
12 16 17
13 18 14
13 17 18
14 19 15
14 18 19
15 16 12
15 19 16
16 21 17
16 20 21
17 22 18
17 21 22
18 23 19
18 22 23
19 20 16
19 23 20
20 25 21
20 24 25
21 26 22
21 25 26
22 27 23
22 26 27
23 24 20
23 27 24
0 1 2
0 2 3
24 26 25
24 27 26
LABEL kfoot_strip_8_0
MATERIAL 14
TEXTURE 0
GEOM 64 48 ;kfoot_strip_8_0
-0.723 0.198 3.762 -0.3164 0.0558 -0.9470
-0.734 0.153 3.762 -0.3164 0.0558 -0.9470
-0.742 0.107 3.762 -0.3164 0.0558 -0.9470
-0.748 0.061 3.762 -0.3164 0.0558 -0.9470
-6.124 1.680 5.662 -0.3164 0.0558 -0.9470
-6.216 1.297 5.662 -0.3164 0.0558 -0.9470
-6.285 0.908 5.662 -0.3164 0.0558 -0.9470
-6.329 0.515 5.662 -0.3164 0.0558 -0.9470
-0.723 0.198 3.762 0.3164 -0.0558 0.9470
-0.734 0.153 3.762 0.3164 -0.0558 0.9470
-0.742 0.107 3.762 0.3164 -0.0558 0.9470
-0.748 0.061 3.762 0.3164 -0.0558 0.9470
-6.124 1.680 5.662 0.3164 -0.0558 0.9470
-6.216 1.297 5.662 0.3164 -0.0558 0.9470
-6.285 0.908 5.662 0.3164 -0.0558 0.9470
-6.329 0.515 5.662 0.3164 -0.0558 0.9470
-6.124 1.680 5.662 -0.9848 0.1736 -0.0000
-6.216 1.297 5.662 -0.9848 0.1736 -0.0000
-6.285 0.908 5.662 -0.9848 0.1736 -0.0000
-6.329 0.515 5.662 -0.9848 0.1736 -0.0000
-6.124 1.680 6.562 -0.9848 0.1736 -0.0000
-6.216 1.297 6.562 -0.9848 0.1736 -0.0000
-6.285 0.908 6.562 -0.9848 0.1736 -0.0000
-6.329 0.515 6.562 -0.9848 0.1736 -0.0000
-6.124 1.680 5.662 0.9848 -0.1736 0.0000
-6.216 1.297 5.662 0.9848 -0.1736 0.0000
-6.285 0.908 5.662 0.9848 -0.1736 0.0000
-6.329 0.515 5.662 0.9848 -0.1736 0.0000
-6.124 1.680 6.562 0.9848 -0.1736 0.0000
-6.216 1.297 6.562 0.9848 -0.1736 0.0000
-6.285 0.908 6.562 0.9848 -0.1736 0.0000
-6.329 0.515 6.562 0.9848 -0.1736 0.0000
-6.124 1.680 5.662 -0.9848 0.1736 -0.0000
-6.216 1.297 5.662 -0.9848 0.1736 -0.0000
-6.285 0.908 5.662 -0.9848 0.1736 -0.0000
-6.329 0.515 5.662 -0.9848 0.1736 -0.0000
-6.124 1.680 4.962 -0.9848 0.1736 -0.0000
-6.216 1.297 4.962 -0.9848 0.1736 -0.0000
-6.285 0.908 4.962 -0.9848 0.1736 -0.0000
-6.329 0.515 4.962 -0.9848 0.1736 -0.0000
-6.124 1.680 5.662 0.9848 -0.1736 0.0000
-6.216 1.297 5.662 0.9848 -0.1736 0.0000
-6.285 0.908 5.662 0.9848 -0.1736 0.0000
-6.329 0.515 5.662 0.9848 -0.1736 0.0000
-6.124 1.680 4.962 0.9848 -0.1736 0.0000
-6.216 1.297 4.962 0.9848 -0.1736 0.0000
-6.285 0.908 4.962 0.9848 -0.1736 0.0000
-6.329 0.515 4.962 0.9848 -0.1736 0.0000
-6.124 1.680 4.962 0.0000 0.0000 -1.0000
-6.216 1.297 4.962 0.0000 0.0000 -1.0000
-6.285 0.908 4.962 0.0000 0.0000 -1.0000
-6.329 0.515 4.962 0.0000 0.0000 -1.0000
-5.786 1.588 4.844 0.0000 0.0000 -1.0000
-5.874 1.225 4.844 0.0000 0.0000 -1.0000
-5.938 0.858 4.844 0.0000 0.0000 -1.0000
-5.980 0.487 4.844 0.0000 0.0000 -1.0000
-6.124 1.680 4.962 -0.0000 -0.0000 1.0000
-6.216 1.297 4.962 -0.0000 -0.0000 1.0000
-6.285 0.908 4.962 -0.0000 -0.0000 1.0000
-6.329 0.515 4.962 -0.0000 -0.0000 1.0000
-5.786 1.588 4.844 -0.0000 -0.0000 1.0000
-5.874 1.225 4.844 -0.0000 -0.0000 1.0000
-5.938 0.858 4.844 -0.0000 -0.0000 1.0000
-5.980 0.487 4.844 -0.0000 -0.0000 1.0000
0 1 5
0 5 4
8 13 9
8 12 13
1 2 6
1 6 5
9 14 10
9 13 14
2 3 7
2 7 6
10 15 11
10 14 15
16 17 21
16 21 20
24 29 25
24 28 29
17 18 22
17 22 21
25 30 26
25 29 30
18 19 23
18 23 22
26 31 27
26 30 31
32 37 33
32 36 37
40 41 45
40 45 44
33 38 34
33 37 38
41 42 46
41 46 45
34 39 35
34 38 39
42 43 47
42 47 46
48 53 49
48 52 53
56 57 61
56 61 60
49 54 50
49 53 54
57 58 62
57 62 61
50 55 51
50 54 55
58 59 63
58 63 62
LABEL kfoot_strip_8_1
MATERIAL 14
TEXTURE 0
GEOM 64 48 ;kfoot_strip_8_1
-0.747 0.070 3.762 -0.3213 0.0000 -0.9470
-0.750 0.023 3.762 -0.3213 0.0000 -0.9470
-0.750 -0.023 3.762 -0.3213 0.0000 -0.9470
-0.747 -0.070 3.762 -0.3213 0.0000 -0.9470
-6.322 0.591 5.662 -0.3213 0.0000 -0.9470
-6.347 0.197 5.662 -0.3213 0.0000 -0.9470
-6.347 -0.197 5.662 -0.3213 0.0000 -0.9470
-6.322 -0.591 5.662 -0.3213 0.0000 -0.9470
-0.747 0.070 3.762 0.3213 -0.0000 0.9470
-0.750 0.023 3.762 0.3213 -0.0000 0.9470
-0.750 -0.023 3.762 0.3213 -0.0000 0.9470
-0.747 -0.070 3.762 0.3213 -0.0000 0.9470
-6.322 0.591 5.662 0.3213 -0.0000 0.9470
-6.347 0.197 5.662 0.3213 -0.0000 0.9470
-6.347 -0.197 5.662 0.3213 -0.0000 0.9470
-6.322 -0.591 5.662 0.3213 -0.0000 0.9470
-6.322 0.591 5.662 -1.0000 0.0000 -0.0000
-6.347 0.197 5.662 -1.0000 0.0000 -0.0000
-6.347 -0.197 5.662 -1.0000 0.0000 -0.0000
-6.322 -0.591 5.662 -1.0000 0.0000 -0.0000
-6.322 0.591 6.562 -1.0000 0.0000 -0.0000
-6.347 0.197 6.562 -1.0000 0.0000 -0.0000
-6.347 -0.197 6.562 -1.0000 0.0000 -0.0000
-6.322 -0.591 6.562 -1.0000 0.0000 -0.0000
-6.322 0.591 5.662 1.0000 -0.0000 0.0000
-6.347 0.197 5.662 1.0000 -0.0000 0.0000
-6.347 -0.197 5.662 1.0000 -0.0000 0.0000
-6.322 -0.591 5.662 1.0000 -0.0000 0.0000
-6.322 0.591 6.562 1.0000 -0.0000 0.0000
-6.347 0.197 6.562 1.0000 -0.0000 0.0000
-6.347 -0.197 6.562 1.0000 -0.0000 0.0000
-6.322 -0.591 6.562 1.0000 -0.0000 0.0000
-6.322 0.591 5.662 -1.0000 0.0000 -0.0000
-6.347 0.197 5.662 -1.0000 0.0000 -0.0000
-6.347 -0.197 5.662 -1.0000 0.0000 -0.0000
-6.322 -0.591 5.662 -1.0000 0.0000 -0.0000
-6.322 0.591 4.962 -1.0000 0.0000 -0.0000
-6.347 0.197 4.962 -1.0000 0.0000 -0.0000
-6.347 -0.197 4.962 -1.0000 0.0000 -0.0000
-6.322 -0.591 4.962 -1.0000 0.0000 -0.0000
-6.322 0.591 5.662 1.0000 -0.0000 0.0000
-6.347 0.197 5.662 1.0000 -0.0000 0.0000
-6.347 -0.197 5.662 1.0000 -0.0000 0.0000
-6.322 -0.591 5.662 1.0000 -0.0000 0.0000
-6.322 0.591 4.962 1.0000 -0.0000 0.0000
-6.347 0.197 4.962 1.0000 -0.0000 0.0000
-6.347 -0.197 4.962 1.0000 -0.0000 0.0000
-6.322 -0.591 4.962 1.0000 -0.0000 0.0000
-6.322 0.591 4.962 0.0000 0.0000 -1.0000
-6.347 0.197 4.962 0.0000 0.0000 -1.0000
-6.347 -0.197 4.962 0.0000 0.0000 -1.0000
-6.322 -0.591 4.962 0.0000 0.0000 -1.0000
-5.974 0.559 4.844 0.0000 0.0000 -1.0000
-5.997 0.187 4.844 0.0000 0.0000 -1.0000
-5.997 -0.187 4.844 0.0000 0.0000 -1.0000
-5.974 -0.559 4.844 0.0000 0.0000 -1.0000
-6.322 0.591 4.962 -0.0000 -0.0000 1.0000
-6.347 0.197 4.962 -0.0000 -0.0000 1.0000
-6.347 -0.197 4.962 -0.0000 -0.0000 1.0000
-6.322 -0.591 4.962 -0.0000 -0.0000 1.0000
-5.974 0.559 4.844 -0.0000 -0.0000 1.0000
-5.997 0.187 4.844 -0.0000 -0.0000 1.0000
-5.997 -0.187 4.844 -0.0000 -0.0000 1.0000
-5.974 -0.559 4.844 -0.0000 -0.0000 1.0000
0 1 5
0 5 4
8 13 9
8 12 13
1 2 6
1 6 5
9 14 10
9 13 14
2 3 7
2 7 6
10 15 11
10 14 15
16 17 21
16 21 20
24 29 25
24 28 29
17 18 22
17 22 21
25 30 26
25 29 30
18 19 23
18 23 22
26 31 27
26 30 31
32 37 33
32 36 37
40 41 45
40 45 44
33 38 34
33 37 38
41 42 46
41 46 45
34 39 35
34 38 39
42 43 47
42 47 46
48 53 49
48 52 53
56 57 61
56 61 60
49 54 50
49 53 54
57 58 62
57 62 61
50 55 51
50 54 55
58 59 63
58 63 62
LABEL kfoot_strip_8_2
MATERIAL 14
TEXTURE 0
GEOM 64 48 ;kfoot_strip_8_2
-0.748 -0.061 3.762 -0.3164 -0.0558 -0.9470
-0.742 -0.107 3.762 -0.3164 -0.0558 -0.9470
-0.734 -0.153 3.762 -0.3164 -0.0558 -0.9470
-0.723 -0.198 3.762 -0.3164 -0.0558 -0.9470
-6.329 -0.515 5.662 -0.3164 -0.0558 -0.9470
-6.285 -0.908 5.662 -0.3164 -0.0558 -0.9470
-6.216 -1.297 5.662 -0.3164 -0.0558 -0.9470
-6.124 -1.680 5.662 -0.3164 -0.0558 -0.9470
-0.748 -0.061 3.762 0.3164 0.0558 0.9470
-0.742 -0.107 3.762 0.3164 0.0558 0.9470
-0.734 -0.153 3.762 0.3164 0.0558 0.9470
-0.723 -0.198 3.762 0.3164 0.0558 0.9470
-6.329 -0.515 5.662 0.3164 0.0558 0.9470
-6.285 -0.908 5.662 0.3164 0.0558 0.9470
-6.216 -1.297 5.662 0.3164 0.0558 0.9470
-6.124 -1.680 5.662 0.3164 0.0558 0.9470
-6.329 -0.515 5.662 -0.9848 -0.1736 0.0000
-6.285 -0.908 5.662 -0.9848 -0.1736 0.0000
-6.216 -1.297 5.662 -0.9848 -0.1736 0.0000
-6.124 -1.680 5.662 -0.9848 -0.1736 0.0000
-6.329 -0.515 6.562 -0.9848 -0.1736 0.0000
-6.285 -0.908 6.562 -0.9848 -0.1736 0.0000
-6.216 -1.297 6.562 -0.9848 -0.1736 0.0000
-6.124 -1.680 6.562 -0.9848 -0.1736 0.0000
-6.329 -0.515 5.662 0.9848 0.1736 -0.0000
-6.285 -0.908 5.662 0.9848 0.1736 -0.0000
-6.216 -1.297 5.662 0.9848 0.1736 -0.0000
-6.124 -1.680 5.662 0.9848 0.1736 -0.0000
-6.329 -0.515 6.562 0.9848 0.1736 -0.0000
-6.285 -0.908 6.562 0.9848 0.1736 -0.0000
-6.216 -1.297 6.562 0.9848 0.1736 -0.0000
-6.124 -1.680 6.562 0.9848 0.1736 -0.0000
-6.329 -0.515 5.662 -0.9848 -0.1736 0.0000
-6.285 -0.908 5.662 -0.9848 -0.1736 0.0000
-6.216 -1.297 5.662 -0.9848 -0.1736 0.0000
-6.124 -1.680 5.662 -0.9848 -0.1736 0.0000
-6.329 -0.515 4.962 -0.9848 -0.1736 0.0000
-6.285 -0.908 4.962 -0.9848 -0.1736 0.0000
-6.216 -1.297 4.962 -0.9848 -0.1736 0.0000
-6.124 -1.680 4.962 -0.9848 -0.1736 0.0000
-6.329 -0.515 5.662 0.9848 0.1736 -0.0000
-6.285 -0.908 5.662 0.9848 0.1736 -0.0000
-6.216 -1.297 5.662 0.9848 0.1736 -0.0000
-6.124 -1.680 5.662 0.9848 0.1736 -0.0000
-6.329 -0.515 4.962 0.9848 0.1736 -0.0000
-6.285 -0.908 4.962 0.9848 0.1736 -0.0000
-6.216 -1.297 4.962 0.9848 0.1736 -0.0000
-6.124 -1.680 4.962 0.9848 0.1736 -0.0000
-6.329 -0.515 4.962 0.0000 0.0000 -1.0000
-6.285 -0.908 4.962 0.0000 0.0000 -1.0000
-6.216 -1.297 4.962 0.0000 0.0000 -1.0000
-6.124 -1.680 4.962 0.0000 0.0000 -1.0000
-5.980 -0.487 4.844 0.0000 0.0000 -1.0000
-5.938 -0.858 4.844 0.0000 0.0000 -1.0000
-5.874 -1.225 4.844 0.0000 0.0000 -1.0000
-5.786 -1.588 4.844 0.0000 0.0000 -1.0000
-6.329 -0.515 4.962 -0.0000 -0.0000 1.0000
-6.285 -0.908 4.962 -0.0000 -0.0000 1.0000
-6.216 -1.297 4.962 -0.0000 -0.0000 1.0000
-6.124 -1.680 4.962 -0.0000 -0.0000 1.0000
-5.980 -0.487 4.844 -0.0000 -0.0000 1.0000
-5.938 -0.858 4.844 -0.0000 -0.0000 1.0000
-5.874 -1.225 4.844 -0.0000 -0.0000 1.0000
-5.786 -1.588 4.844 -0.0000 -0.0000 1.0000
0 1 5
0 5 4
8 13 9
8 12 13
1 2 6
1 6 5
9 14 10
9 13 14
2 3 7
2 7 6
10 15 11
10 14 15
16 17 21
16 21 20
24 29 25
24 28 29
17 18 22
17 22 21
25 30 26
25 29 30
18 19 23
18 23 22
26 31 27
26 30 31
32 37 33
32 36 37
40 41 45
40 45 44
33 38 34
33 37 38
41 42 46
41 46 45
34 39 35
34 38 39
42 43 47
42 47 46
48 53 49
48 52 53
56 57 61
56 61 60
49 54 50
49 53 54
57 58 62
57 62 61
50 55 51
50 54 55
58 59 63
58 63 62
LABEL kfoot_strut_8_0
MATERIAL 9
TEXTURE 0
GEOM 42 40 ;kfoot_strut_8_0
-0.679 0.168 3.029 -0.4260 0.0000 -0.9047
-0.684 0.100 3.057 -0.4699 -0.5712 -0.6729
-0.668 0.057 3.116 -0.3344 -0.9243 -0.1841
-0.636 0.057 3.183 -0.0711 -0.9243 0.3750
-0.602 0.100 3.233 0.2194 -0.5712 0.7909
-0.577 0.168 3.246 0.4260 -0.0000 0.9047
-0.571 0.237 3.218 0.4699 0.5712 0.6729
-0.588 0.279 3.160 0.3344 0.9243 0.1841
-0.619 0.279 3.093 0.0711 0.9243 -0.3750
-0.654 0.237 3.043 -0.2194 0.5712 -0.7909
-3.471 0.916 4.344 -0.4260 0.0000 -0.9047
-3.477 0.848 4.372 -0.4699 -0.5712 -0.6729
-3.460 0.806 4.430 -0.3344 -0.9243 -0.1841
-3.429 0.806 4.498 -0.0711 -0.9243 0.3750
-3.394 0.848 4.547 0.2194 -0.5712 0.7909
-3.369 0.916 4.561 0.4260 -0.0000 0.9047
-3.364 0.985 4.533 0.4699 0.5712 0.6729
-3.380 1.027 4.475 0.3344 0.9243 0.1841
-3.412 1.027 4.408 0.0711 0.9243 -0.3750
-3.447 0.985 4.358 -0.2194 0.5712 -0.7909
-0.628 0.168 3.138 0.8793 -0.2356 -0.4140
-0.679 0.168 3.029 0.8793 -0.2356 -0.4140
-0.684 0.100 3.057 0.8793 -0.2356 -0.4140
-0.668 0.057 3.116 0.8793 -0.2356 -0.4140
-0.636 0.057 3.183 0.8793 -0.2356 -0.4140
-0.602 0.100 3.233 0.8793 -0.2356 -0.4140
-0.577 0.168 3.246 0.8793 -0.2356 -0.4140
-0.571 0.237 3.218 0.8793 -0.2356 -0.4140
-0.588 0.279 3.160 0.8793 -0.2356 -0.4140
-0.619 0.279 3.093 0.8793 -0.2356 -0.4140
-0.654 0.237 3.043 0.8793 -0.2356 -0.4140
-3.420 0.916 4.453 -0.8793 0.2356 0.4140
-3.471 0.916 4.344 -0.8793 0.2356 0.4140
-3.477 0.848 4.372 -0.8793 0.2356 0.4140
-3.460 0.806 4.430 -0.8793 0.2356 0.4140
-3.429 0.806 4.498 -0.8793 0.2356 0.4140
-3.394 0.848 4.547 -0.8793 0.2356 0.4140
-3.369 0.916 4.561 -0.8793 0.2356 0.4140
-3.364 0.985 4.533 -0.8793 0.2356 0.4140
-3.380 1.027 4.475 -0.8793 0.2356 0.4140
-3.412 1.027 4.408 -0.8793 0.2356 0.4140
-3.447 0.985 4.358 -0.8793 0.2356 0.4140
0 1 11
0 11 10
1 2 12
1 12 11
2 3 13
2 13 12
3 4 14
3 14 13
4 5 15
4 15 14
5 6 16
5 16 15
6 7 17
6 17 16
7 8 18
7 18 17
8 9 19
8 19 18
9 0 10
9 10 19
20 22 21
20 23 22
20 24 23
20 25 24
20 26 25
20 27 26
20 28 27
20 29 28
20 30 29
20 21 30
31 32 33
31 33 34
31 34 35
31 35 36
31 36 37
31 37 38
31 38 39
31 39 40
31 40 41
31 41 32
LABEL kfoot_strut_8_1
MATERIAL 9
TEXTURE 0
GEOM 42 40 ;kfoot_strut_8_1
-0.697 0.168 2.410 -0.4754 0.0000 -0.8798
-0.701 0.085 2.444 -0.5033 -0.5721 -0.6476
-0.677 0.034 2.513 -0.3389 -0.9257 -0.1681
-0.634 0.034 2.592 -0.0451 -0.9257 0.3756
-0.589 0.085 2.650 0.2660 -0.5721 0.7759
-0.559 0.168 2.665 0.4754 -0.0000 0.8798
-0.555 0.251 2.632 0.5033 0.5721 0.6476
-0.579 0.302 2.562 0.3389 0.9257 0.1681
-0.621 0.302 2.483 0.0451 0.9257 -0.3756
-0.666 0.251 2.425 -0.2660 0.5721 -0.7759
-6.297 1.669 5.436 -0.4754 0.0000 -0.8798
-6.301 1.586 5.470 -0.5033 -0.5721 -0.6476
-6.277 1.535 5.539 -0.3389 -0.9257 -0.1681
-6.234 1.535 5.618 -0.0451 -0.9257 0.3756
-6.189 1.586 5.676 0.2660 -0.5721 0.7759
-6.159 1.669 5.691 0.4754 -0.0000 0.8798
-6.155 1.752 5.658 0.5033 0.5721 0.6476
-6.179 1.803 5.588 0.3389 0.9257 0.1681
-6.221 1.803 5.509 0.0451 0.9257 -0.3756
-6.266 1.752 5.451 -0.2660 0.5721 -0.7759
-0.628 0.168 2.538 0.8563 -0.2294 -0.4627
-0.697 0.168 2.410 0.8563 -0.2294 -0.4627
-0.701 0.085 2.444 0.8563 -0.2294 -0.4627
-0.677 0.034 2.513 0.8563 -0.2294 -0.4627
-0.634 0.034 2.592 0.8563 -0.2294 -0.4627
-0.589 0.085 2.650 0.8563 -0.2294 -0.4627
-0.559 0.168 2.665 0.8563 -0.2294 -0.4627
-0.555 0.251 2.632 0.8563 -0.2294 -0.4627
-0.579 0.302 2.562 0.8563 -0.2294 -0.4627
-0.621 0.302 2.483 0.8563 -0.2294 -0.4627
-0.666 0.251 2.425 0.8563 -0.2294 -0.4627
-6.228 1.669 5.564 -0.8563 0.2294 0.4627
-6.297 1.669 5.436 -0.8563 0.2294 0.4627
-6.301 1.586 5.470 -0.8563 0.2294 0.4627
-6.277 1.535 5.539 -0.8563 0.2294 0.4627
-6.234 1.535 5.618 -0.8563 0.2294 0.4627
-6.189 1.586 5.676 -0.8563 0.2294 0.4627
-6.159 1.669 5.691 -0.8563 0.2294 0.4627
-6.155 1.752 5.658 -0.8563 0.2294 0.4627
-6.179 1.803 5.588 -0.8563 0.2294 0.4627
-6.221 1.803 5.509 -0.8563 0.2294 0.4627
-6.266 1.752 5.451 -0.8563 0.2294 0.4627
0 1 11
0 11 10
1 2 12
1 12 11
2 3 13
2 13 12
3 4 14
3 14 13
4 5 15
4 15 14
5 6 16
5 16 15
6 7 17
6 17 16
7 8 18
7 18 17
8 9 19
8 19 18
9 0 10
9 10 19
20 22 21
20 23 22
20 24 23
20 25 24
20 26 25
20 27 26
20 28 27
20 29 28
20 30 29
20 21 30
31 32 33
31 33 34
31 34 35
31 35 36
31 36 37
31 37 38
31 38 39
31 39 40
31 40 41
31 41 32
LABEL kfoot_rib_9
MATERIAL 7
TEXTURE 0
GEOM 28 52 ;kfoot_rib_9
-0.685 0.075 3.786 -0.2588 0.9659 -0.0000
-0.555 -0.408 3.786 0.2588 -0.9659 0.0000
-0.663 -0.437 3.457 0.2588 -0.9659 0.0000
-0.793 0.046 3.457 -0.2588 0.9659 -0.0000
-1.611 -0.173 4.111 -0.2588 0.9659 -0.0000
-1.482 -0.656 4.111 0.2588 -0.9659 0.0000
-1.584 -0.683 3.797 0.2588 -0.9659 0.0000
-1.714 -0.200 3.797 -0.2588 0.9659 -0.0000
-2.537 -0.421 4.436 -0.2588 0.9659 -0.0000
-2.408 -0.904 4.436 0.2588 -0.9659 0.0000
-2.506 -0.930 4.138 0.2588 -0.9659 0.0000
-2.635 -0.447 4.138 -0.2588 0.9659 -0.0000
-3.463 -0.669 4.762 -0.2588 0.9659 -0.0000
-3.334 -1.152 4.762 0.2588 -0.9659 0.0000
-3.427 -1.177 4.478 0.2588 -0.9659 0.0000
-3.556 -0.694 4.478 -0.2588 0.9659 -0.0000
-4.390 -0.917 5.087 -0.2588 0.9659 -0.0000
-4.260 -1.400 5.087 0.2588 -0.9659 0.0000
-4.353 -1.425 4.803 0.2588 -0.9659 0.0000
-4.483 -0.942 4.803 -0.2588 0.9659 -0.0000
-5.316 -1.166 5.412 -0.2588 0.9659 -0.0000
-5.186 -1.648 5.412 0.2588 -0.9659 0.0000
-5.279 -1.673 5.128 0.2588 -0.9659 0.0000
-5.409 -1.190 5.128 -0.2588 0.9659 -0.0000
-6.242 -1.414 5.738 -0.2588 0.9659 -0.0000
-6.112 -1.897 5.738 0.2588 -0.9659 0.0000
-6.168 -1.912 5.567 0.2588 -0.9659 0.0000
-6.298 -1.429 5.567 -0.2588 0.9659 -0.0000
0 5 1
0 4 5
1 6 2
1 5 6
2 7 3
2 6 7
3 4 0
3 7 4
4 9 5
4 8 9
5 10 6
5 9 10
6 11 7
6 10 11
7 8 4
7 11 8
8 13 9
8 12 13
9 14 10
9 13 14
10 15 11
10 14 15
11 12 8
11 15 12
12 17 13
12 16 17
13 18 14
13 17 18
14 19 15
14 18 19
15 16 12
15 19 16
16 21 17
16 20 21
17 22 18
17 21 22
18 23 19
18 22 23
19 20 16
19 23 20
20 25 21
20 24 25
21 26 22
21 25 26
22 27 23
22 26 27
23 24 20
23 27 24
0 1 2
0 2 3
24 26 25
24 27 26
LABEL kfoot_strip_9_0
MATERIAL 14
TEXTURE 0
GEOM 64 48 ;kfoot_strip_9_0
-0.726 -0.190 3.762 -0.3019 -0.1099 -0.9470
-0.712 -0.234 3.762 -0.3019 -0.1099 -0.9470
-0.696 -0.278 3.762 -0.3019 -0.1099 -0.9470
-0.678 -0.321 3.762 -0.3019 -0.1099 -0.9470
-6.143 -1.607 5.662 -0.3019 -0.1099 -0.9470
-6.032 -1.985 5.662 -0.3019 -0.1099 -0.9470
-5.897 -2.356 5.662 -0.3019 -0.1099 -0.9470
-5.739 -2.718 5.662 -0.3019 -0.1099 -0.9470
-0.726 -0.190 3.762 0.3019 0.1099 0.9470
-0.712 -0.234 3.762 0.3019 0.1099 0.9470
-0.696 -0.278 3.762 0.3019 0.1099 0.9470
-0.678 -0.321 3.762 0.3019 0.1099 0.9470
-6.143 -1.607 5.662 0.3019 0.1099 0.9470
-6.032 -1.985 5.662 0.3019 0.1099 0.9470
-5.897 -2.356 5.662 0.3019 0.1099 0.9470
-5.739 -2.718 5.662 0.3019 0.1099 0.9470
-6.143 -1.607 5.662 -0.9397 -0.3420 0.0000
-6.032 -1.985 5.662 -0.9397 -0.3420 0.0000
-5.897 -2.356 5.662 -0.9397 -0.3420 0.0000
-5.739 -2.718 5.662 -0.9397 -0.3420 0.0000
-6.143 -1.607 6.562 -0.9397 -0.3420 0.0000
-6.032 -1.985 6.562 -0.9397 -0.3420 0.0000
-5.897 -2.356 6.562 -0.9397 -0.3420 0.0000
-5.739 -2.718 6.562 -0.9397 -0.3420 0.0000
-6.143 -1.607 5.662 0.9397 0.3420 -0.0000
-6.032 -1.985 5.662 0.9397 0.3420 -0.0000
-5.897 -2.356 5.662 0.9397 0.3420 -0.0000
-5.739 -2.718 5.662 0.9397 0.3420 -0.0000
-6.143 -1.607 6.562 0.9397 0.3420 -0.0000
-6.032 -1.985 6.562 0.9397 0.3420 -0.0000
-5.897 -2.356 6.562 0.9397 0.3420 -0.0000
-5.739 -2.718 6.562 0.9397 0.3420 -0.0000
-6.143 -1.607 5.662 -0.9397 -0.3420 0.0000
-6.032 -1.985 5.662 -0.9397 -0.3420 0.0000
-5.897 -2.356 5.662 -0.9397 -0.3420 0.0000
-5.739 -2.718 5.662 -0.9397 -0.3420 0.0000
-6.143 -1.607 4.962 -0.9397 -0.3420 0.0000
-6.032 -1.985 4.962 -0.9397 -0.3420 0.0000
-5.897 -2.356 4.962 -0.9397 -0.3420 0.0000
-5.739 -2.718 4.962 -0.9397 -0.3420 0.0000
-6.143 -1.607 5.662 0.9397 0.3420 -0.0000
-6.032 -1.985 5.662 0.9397 0.3420 -0.0000
-5.897 -2.356 5.662 0.9397 0.3420 -0.0000
-5.739 -2.718 5.662 0.9397 0.3420 -0.0000
-6.143 -1.607 4.962 0.9397 0.3420 -0.0000
-6.032 -1.985 4.962 0.9397 0.3420 -0.0000
-5.897 -2.356 4.962 0.9397 0.3420 -0.0000
-5.739 -2.718 4.962 0.9397 0.3420 -0.0000
-6.143 -1.607 4.962 0.0000 0.0000 -1.0000
-6.032 -1.985 4.962 0.0000 0.0000 -1.0000
-5.897 -2.356 4.962 0.0000 0.0000 -1.0000
-5.739 -2.718 4.962 0.0000 0.0000 -1.0000
-5.805 -1.518 4.844 0.0000 0.0000 -1.0000
-5.699 -1.876 4.844 0.0000 0.0000 -1.0000
-5.572 -2.226 4.844 0.0000 0.0000 -1.0000
-5.423 -2.568 4.844 0.0000 0.0000 -1.0000
-6.143 -1.607 4.962 -0.0000 -0.0000 1.0000
-6.032 -1.985 4.962 -0.0000 -0.0000 1.0000
-5.897 -2.356 4.962 -0.0000 -0.0000 1.0000
-5.739 -2.718 4.962 -0.0000 -0.0000 1.0000
-5.805 -1.518 4.844 -0.0000 -0.0000 1.0000
-5.699 -1.876 4.844 -0.0000 -0.0000 1.0000
-5.572 -2.226 4.844 -0.0000 -0.0000 1.0000
-5.423 -2.568 4.844 -0.0000 -0.0000 1.0000
0 1 5
0 5 4
8 13 9
8 12 13
1 2 6
1 6 5
9 14 10
9 13 14
2 3 7
2 7 6
10 15 11
10 14 15
16 17 21
16 21 20
24 29 25
24 28 29
17 18 22
17 22 21
25 30 26
25 29 30
18 19 23
18 23 22
26 31 27
26 30 31
32 37 33
32 36 37
40 41 45
40 45 44
33 38 34
33 37 38
41 42 46
41 46 45
34 39 35
34 38 39
42 43 47
42 47 46
48 53 49
48 52 53
56 57 61
56 61 60
49 54 50
49 53 54
57 58 62
57 62 61
50 55 51
50 54 55
58 59 63
58 63 62
LABEL kfoot_strip_9_1
MATERIAL 14
TEXTURE 0
GEOM 64 48 ;kfoot_strip_9_1
-0.682 -0.313 3.762 -0.2782 -0.1606 -0.9470
-0.661 -0.355 3.762 -0.2782 -0.1606 -0.9470
-0.638 -0.395 3.762 -0.2782 -0.1606 -0.9470
-0.612 -0.434 3.762 -0.2782 -0.1606 -0.9470
-5.771 -2.649 5.662 -0.2782 -0.1606 -0.9470
-5.595 -3.003 5.662 -0.2782 -0.1606 -0.9470
-5.398 -3.344 5.662 -0.2782 -0.1606 -0.9470
-5.180 -3.673 5.662 -0.2782 -0.1606 -0.9470
-0.682 -0.313 3.762 0.2782 0.1606 0.9470
-0.661 -0.355 3.762 0.2782 0.1606 0.9470
-0.638 -0.395 3.762 0.2782 0.1606 0.9470
-0.612 -0.434 3.762 0.2782 0.1606 0.9470
-5.771 -2.649 5.662 0.2782 0.1606 0.9470
-5.595 -3.003 5.662 0.2782 0.1606 0.9470
-5.398 -3.344 5.662 0.2782 0.1606 0.9470
-5.180 -3.673 5.662 0.2782 0.1606 0.9470
-5.771 -2.649 5.662 -0.8660 -0.5000 0.0000
-5.595 -3.003 5.662 -0.8660 -0.5000 0.0000
-5.398 -3.344 5.662 -0.8660 -0.5000 0.0000
-5.180 -3.673 5.662 -0.8660 -0.5000 0.0000
-5.771 -2.649 6.562 -0.8660 -0.5000 0.0000
-5.595 -3.003 6.562 -0.8660 -0.5000 0.0000
-5.398 -3.344 6.562 -0.8660 -0.5000 0.0000
-5.180 -3.673 6.562 -0.8660 -0.5000 0.0000
-5.771 -2.649 5.662 0.8660 0.5000 -0.0000
-5.595 -3.003 5.662 0.8660 0.5000 -0.0000
-5.398 -3.344 5.662 0.8660 0.5000 -0.0000
-5.180 -3.673 5.662 0.8660 0.5000 -0.0000
-5.771 -2.649 6.562 0.8660 0.5000 -0.0000
-5.595 -3.003 6.562 0.8660 0.5000 -0.0000
-5.398 -3.344 6.562 0.8660 0.5000 -0.0000
-5.180 -3.673 6.562 0.8660 0.5000 -0.0000
-5.771 -2.649 5.662 -0.8660 -0.5000 0.0000
-5.595 -3.003 5.662 -0.8660 -0.5000 0.0000
-5.398 -3.344 5.662 -0.8660 -0.5000 0.0000
-5.180 -3.673 5.662 -0.8660 -0.5000 0.0000
-5.771 -2.649 4.962 -0.8660 -0.5000 0.0000
-5.595 -3.003 4.962 -0.8660 -0.5000 0.0000
-5.398 -3.344 4.962 -0.8660 -0.5000 0.0000
-5.180 -3.673 4.962 -0.8660 -0.5000 0.0000
-5.771 -2.649 5.662 0.8660 0.5000 -0.0000
-5.595 -3.003 5.662 0.8660 0.5000 -0.0000
-5.398 -3.344 5.662 0.8660 0.5000 -0.0000
-5.180 -3.673 5.662 0.8660 0.5000 -0.0000
-5.771 -2.649 4.962 0.8660 0.5000 -0.0000
-5.595 -3.003 4.962 0.8660 0.5000 -0.0000
-5.398 -3.344 4.962 0.8660 0.5000 -0.0000
-5.180 -3.673 4.962 0.8660 0.5000 -0.0000
-5.771 -2.649 4.962 0.0000 0.0000 -1.0000
-5.595 -3.003 4.962 0.0000 0.0000 -1.0000
-5.398 -3.344 4.962 0.0000 0.0000 -1.0000
-5.180 -3.673 4.962 0.0000 0.0000 -1.0000
-5.453 -2.503 4.844 0.0000 0.0000 -1.0000
-5.287 -2.837 4.844 0.0000 0.0000 -1.0000
-5.100 -3.160 4.844 0.0000 0.0000 -1.0000
-4.894 -3.471 4.844 0.0000 0.0000 -1.0000
-5.771 -2.649 4.962 -0.0000 -0.0000 1.0000
-5.595 -3.003 4.962 -0.0000 -0.0000 1.0000
-5.398 -3.344 4.962 -0.0000 -0.0000 1.0000
-5.180 -3.673 4.962 -0.0000 -0.0000 1.0000
-5.453 -2.503 4.844 -0.0000 -0.0000 1.0000
-5.287 -2.837 4.844 -0.0000 -0.0000 1.0000
-5.100 -3.160 4.844 -0.0000 -0.0000 1.0000
-4.894 -3.471 4.844 -0.0000 -0.0000 1.0000
0 1 5
0 5 4
8 13 9
8 12 13
1 2 6
1 6 5
9 14 10
9 13 14
2 3 7
2 7 6
10 15 11
10 14 15
16 17 21
16 21 20
24 29 25
24 28 29
17 18 22
17 22 21
25 30 26
25 29 30
18 19 23
18 23 22
26 31 27
26 30 31
32 37 33
32 36 37
40 41 45
40 45 44
33 38 34
33 37 38
41 42 46
41 46 45
34 39 35
34 38 39
42 43 47
42 47 46
48 53 49
48 52 53
56 57 61
56 61 60
49 54 50
49 53 54
57 58 62
57 62 61
50 55 51
50 54 55
58 59 63
58 63 62
LABEL kfoot_strip_9_2
MATERIAL 14
TEXTURE 0
GEOM 64 48 ;kfoot_strip_9_2
-0.617 -0.426 3.762 -0.2461 -0.2065 -0.9470
-0.589 -0.464 3.762 -0.2461 -0.2065 -0.9470
-0.559 -0.500 3.762 -0.2461 -0.2065 -0.9470
-0.527 -0.534 3.762 -0.2461 -0.2065 -0.9470
-5.223 -3.611 5.662 -0.2461 -0.2065 -0.9470
-4.989 -3.929 5.662 -0.2461 -0.2065 -0.9470
-4.735 -4.231 5.662 -0.2461 -0.2065 -0.9470
-4.463 -4.517 5.662 -0.2461 -0.2065 -0.9470
-0.617 -0.426 3.762 0.2461 0.2065 0.9470
-0.589 -0.464 3.762 0.2461 0.2065 0.9470
-0.559 -0.500 3.762 0.2461 0.2065 0.9470
-0.527 -0.534 3.762 0.2461 0.2065 0.9470
-5.223 -3.611 5.662 0.2461 0.2065 0.9470
-4.989 -3.929 5.662 0.2461 0.2065 0.9470
-4.735 -4.231 5.662 0.2461 0.2065 0.9470
-4.463 -4.517 5.662 0.2461 0.2065 0.9470
-5.223 -3.611 5.662 -0.7660 -0.6428 0.0000
-4.989 -3.929 5.662 -0.7660 -0.6428 0.0000
-4.735 -4.231 5.662 -0.7660 -0.6428 0.0000
-4.463 -4.517 5.662 -0.7660 -0.6428 0.0000
-5.223 -3.611 6.562 -0.7660 -0.6428 0.0000
-4.989 -3.929 6.562 -0.7660 -0.6428 0.0000
-4.735 -4.231 6.562 -0.7660 -0.6428 0.0000
-4.463 -4.517 6.562 -0.7660 -0.6428 0.0000
-5.223 -3.611 5.662 0.7660 0.6428 -0.0000
-4.989 -3.929 5.662 0.7660 0.6428 -0.0000
-4.735 -4.231 5.662 0.7660 0.6428 -0.0000
-4.463 -4.517 5.662 0.7660 0.6428 -0.0000
-5.223 -3.611 6.562 0.7660 0.6428 -0.0000
-4.989 -3.929 6.562 0.7660 0.6428 -0.0000
-4.735 -4.231 6.562 0.7660 0.6428 -0.0000
-4.463 -4.517 6.562 0.7660 0.6428 -0.0000
-5.223 -3.611 5.662 -0.7660 -0.6428 0.0000
-4.989 -3.929 5.662 -0.7660 -0.6428 0.0000
-4.735 -4.231 5.662 -0.7660 -0.6428 0.0000
-4.463 -4.517 5.662 -0.7660 -0.6428 0.0000
-5.223 -3.611 4.962 -0.7660 -0.6428 0.0000
-4.989 -3.929 4.962 -0.7660 -0.6428 0.0000
-4.735 -4.231 4.962 -0.7660 -0.6428 0.0000
-4.463 -4.517 4.962 -0.7660 -0.6428 0.0000
-5.223 -3.611 5.662 0.7660 0.6428 -0.0000
-4.989 -3.929 5.662 0.7660 0.6428 -0.0000
-4.735 -4.231 5.662 0.7660 0.6428 -0.0000
-4.463 -4.517 5.662 0.7660 0.6428 -0.0000
-5.223 -3.611 4.962 0.7660 0.6428 -0.0000
-4.989 -3.929 4.962 0.7660 0.6428 -0.0000
-4.735 -4.231 4.962 0.7660 0.6428 -0.0000
-4.463 -4.517 4.962 0.7660 0.6428 -0.0000
-5.223 -3.611 4.962 0.0000 0.0000 -1.0000
-4.989 -3.929 4.962 0.0000 0.0000 -1.0000
-4.735 -4.231 4.962 0.0000 0.0000 -1.0000
-4.463 -4.517 4.962 0.0000 0.0000 -1.0000
-4.935 -3.412 4.844 0.0000 0.0000 -1.0000
-4.714 -3.712 4.844 0.0000 0.0000 -1.0000
-4.474 -3.998 4.844 0.0000 0.0000 -1.0000
-4.217 -4.268 4.844 0.0000 0.0000 -1.0000
-5.223 -3.611 4.962 -0.0000 -0.0000 1.0000
-4.989 -3.929 4.962 -0.0000 -0.0000 1.0000
-4.735 -4.231 4.962 -0.0000 -0.0000 1.0000
-4.463 -4.517 4.962 -0.0000 -0.0000 1.0000
-4.935 -3.412 4.844 -0.0000 -0.0000 1.0000
-4.714 -3.712 4.844 -0.0000 -0.0000 1.0000
-4.474 -3.998 4.844 -0.0000 -0.0000 1.0000
-4.217 -4.268 4.844 -0.0000 -0.0000 1.0000
0 1 5
0 5 4
8 13 9
8 12 13
1 2 6
1 6 5
9 14 10
9 13 14
2 3 7
2 7 6
10 15 11
10 14 15
16 17 21
16 21 20
24 29 25
24 28 29
17 18 22
17 22 21
25 30 26
25 29 30
18 19 23
18 23 22
26 31 27
26 30 31
32 37 33
32 36 37
40 41 45
40 45 44
33 38 34
33 37 38
41 42 46
41 46 45
34 39 35
34 38 39
42 43 47
42 47 46
48 53 49
48 52 53
56 57 61
56 61 60
49 54 50
49 53 54
57 58 62
57 62 61
50 55 51
50 54 55
58 59 63
58 63 62
LABEL kfoot_strut_9_0
MATERIAL 9
TEXTURE 0
GEOM 42 40 ;kfoot_strut_9_0
-0.679 -0.168 3.029 -0.4260 0.0000 -0.9047
-0.654 -0.237 3.043 -0.2194 -0.5712 -0.7909
-0.619 -0.279 3.093 0.0711 -0.9243 -0.3750
-0.588 -0.279 3.160 0.3344 -0.9243 0.1841
-0.571 -0.237 3.218 0.4699 -0.5712 0.6729
-0.577 -0.168 3.246 0.4260 -0.0000 0.9047
-0.602 -0.100 3.233 0.2194 0.5712 0.7909
-0.636 -0.057 3.183 -0.0711 0.9243 0.3750
-0.668 -0.057 3.116 -0.3344 0.9243 -0.1841
-0.684 -0.100 3.057 -0.4699 0.5712 -0.6729
-3.471 -0.916 4.344 -0.4260 0.0000 -0.9047
-3.447 -0.985 4.358 -0.2194 -0.5712 -0.7909
-3.412 -1.027 4.408 0.0711 -0.9243 -0.3750
-3.380 -1.027 4.475 0.3344 -0.9243 0.1841
-3.364 -0.985 4.533 0.4699 -0.5712 0.6729
-3.369 -0.916 4.561 0.4260 -0.0000 0.9047
-3.394 -0.848 4.547 0.2194 0.5712 0.7909
-3.429 -0.806 4.498 -0.0711 0.9243 0.3750
-3.460 -0.806 4.430 -0.3344 0.9243 -0.1841
-3.477 -0.848 4.372 -0.4699 0.5712 -0.6729
-0.628 -0.168 3.138 0.8793 0.2356 -0.4140
-0.679 -0.168 3.029 0.8793 0.2356 -0.4140
-0.654 -0.237 3.043 0.8793 0.2356 -0.4140
-0.619 -0.279 3.093 0.8793 0.2356 -0.4140
-0.588 -0.279 3.160 0.8793 0.2356 -0.4140
-0.571 -0.237 3.218 0.8793 0.2356 -0.4140
-0.577 -0.168 3.246 0.8793 0.2356 -0.4140
-0.602 -0.100 3.233 0.8793 0.2356 -0.4140
-0.636 -0.057 3.183 0.8793 0.2356 -0.4140
-0.668 -0.057 3.116 0.8793 0.2356 -0.4140
-0.684 -0.100 3.057 0.8793 0.2356 -0.4140
-3.420 -0.916 4.453 -0.8793 -0.2356 0.4140
-3.471 -0.916 4.344 -0.8793 -0.2356 0.4140
-3.447 -0.985 4.358 -0.8793 -0.2356 0.4140
-3.412 -1.027 4.408 -0.8793 -0.2356 0.4140
-3.380 -1.027 4.475 -0.8793 -0.2356 0.4140
-3.364 -0.985 4.533 -0.8793 -0.2356 0.4140
-3.369 -0.916 4.561 -0.8793 -0.2356 0.4140
-3.394 -0.848 4.547 -0.8793 -0.2356 0.4140
-3.429 -0.806 4.498 -0.8793 -0.2356 0.4140
-3.460 -0.806 4.430 -0.8793 -0.2356 0.4140
-3.477 -0.848 4.372 -0.8793 -0.2356 0.4140
0 1 11
0 11 10
1 2 12
1 12 11
2 3 13
2 13 12
3 4 14
3 14 13
4 5 15
4 15 14
5 6 16
5 16 15
6 7 17
6 17 16
7 8 18
7 18 17
8 9 19
8 19 18
9 0 10
9 10 19
20 22 21
20 23 22
20 24 23
20 25 24
20 26 25
20 27 26
20 28 27
20 29 28
20 30 29
20 21 30
31 32 33
31 33 34
31 34 35
31 35 36
31 36 37
31 37 38
31 38 39
31 39 40
31 40 41
31 41 32
LABEL kfoot_strut_9_1
MATERIAL 9
TEXTURE 0
GEOM 42 40 ;kfoot_strut_9_1
-0.697 -0.168 2.410 -0.4754 0.0000 -0.8798
-0.666 -0.251 2.425 -0.2660 -0.5721 -0.7759
-0.621 -0.302 2.483 0.0451 -0.9257 -0.3756
-0.579 -0.302 2.562 0.3389 -0.9257 0.1681
-0.555 -0.251 2.632 0.5033 -0.5721 0.6476
-0.559 -0.168 2.665 0.4754 -0.0000 0.8798
-0.589 -0.085 2.650 0.2660 0.5721 0.7759
-0.634 -0.034 2.592 -0.0451 0.9257 0.3756
-0.677 -0.034 2.513 -0.3389 0.9257 -0.1681
-0.701 -0.085 2.444 -0.5033 0.5721 -0.6476
-6.297 -1.669 5.436 -0.4754 0.0000 -0.8798
-6.266 -1.752 5.451 -0.2660 -0.5721 -0.7759
-6.221 -1.803 5.509 0.0451 -0.9257 -0.3756
-6.179 -1.803 5.588 0.3389 -0.9257 0.1681
-6.155 -1.752 5.658 0.5033 -0.5721 0.6476
-6.159 -1.669 5.691 0.4754 -0.0000 0.8798
-6.189 -1.586 5.676 0.2660 0.5721 0.7759
-6.234 -1.535 5.618 -0.0451 0.9257 0.3756
-6.277 -1.535 5.539 -0.3389 0.9257 -0.1681
-6.301 -1.586 5.470 -0.5033 0.5721 -0.6476
-0.628 -0.168 2.538 0.8563 0.2294 -0.4627
-0.697 -0.168 2.410 0.8563 0.2294 -0.4627
-0.666 -0.251 2.425 0.8563 0.2294 -0.4627
-0.621 -0.302 2.483 0.8563 0.2294 -0.4627
-0.579 -0.302 2.562 0.8563 0.2294 -0.4627
-0.555 -0.251 2.632 0.8563 0.2294 -0.4627
-0.559 -0.168 2.665 0.8563 0.2294 -0.4627
-0.589 -0.085 2.650 0.8563 0.2294 -0.4627
-0.634 -0.034 2.592 0.8563 0.2294 -0.4627
-0.677 -0.034 2.513 0.8563 0.2294 -0.4627
-0.701 -0.085 2.444 0.8563 0.2294 -0.4627
-6.228 -1.669 5.564 -0.8563 -0.2294 0.4627
-6.297 -1.669 5.436 -0.8563 -0.2294 0.4627
-6.266 -1.752 5.451 -0.8563 -0.2294 0.4627
-6.221 -1.803 5.509 -0.8563 -0.2294 0.4627
-6.179 -1.803 5.588 -0.8563 -0.2294 0.4627
-6.155 -1.752 5.658 -0.8563 -0.2294 0.4627
-6.159 -1.669 5.691 -0.8563 -0.2294 0.4627
-6.189 -1.586 5.676 -0.8563 -0.2294 0.4627
-6.234 -1.535 5.618 -0.8563 -0.2294 0.4627
-6.277 -1.535 5.539 -0.8563 -0.2294 0.4627
-6.301 -1.586 5.470 -0.8563 -0.2294 0.4627
0 1 11
0 11 10
1 2 12
1 12 11
2 3 13
2 13 12
3 4 14
3 14 13
4 5 15
4 15 14
5 6 16
5 16 15
6 7 17
6 17 16
7 8 18
7 18 17
8 9 19
8 19 18
9 0 10
9 10 19
20 22 21
20 23 22
20 24 23
20 25 24
20 26 25
20 27 26
20 28 27
20 29 28
20 30 29
20 21 30
31 32 33
31 33 34
31 34 35
31 35 36
31 36 37
31 37 38
31 38 39
31 39 40
31 40 41
31 41 32
LABEL kfoot_rib_10
MATERIAL 7
TEXTURE 0
GEOM 28 52 ;kfoot_rib_10
-0.631 -0.277 3.786 -0.7071 0.7071 -0.0000
-0.277 -0.631 3.786 0.7071 -0.7071 0.0000
-0.356 -0.710 3.457 0.7071 -0.7071 0.0000
-0.710 -0.356 3.457 -0.7071 0.7071 -0.0000
-1.309 -0.955 4.111 -0.7071 0.7071 -0.0000
-0.955 -1.309 4.111 0.7071 -0.7071 0.0000
-1.030 -1.384 3.797 0.7071 -0.7071 0.0000
-1.384 -1.030 3.797 -0.7071 0.7071 -0.0000
-1.987 -1.633 4.436 -0.7071 0.7071 -0.0000
-1.633 -1.987 4.436 0.7071 -0.7071 0.0000
-1.705 -2.058 4.138 0.7071 -0.7071 0.0000
-2.058 -1.705 4.138 -0.7071 0.7071 -0.0000
-2.665 -2.311 4.762 -0.7071 0.7071 -0.0000
-2.311 -2.665 4.762 0.7071 -0.7071 0.0000
-2.379 -2.733 4.478 0.7071 -0.7071 0.0000
-2.733 -2.379 4.478 -0.7071 0.7071 -0.0000
-3.343 -2.989 5.087 -0.7071 0.7071 -0.0000
-2.989 -3.343 5.087 0.7071 -0.7071 0.0000
-3.057 -3.411 4.803 0.7071 -0.7071 0.0000
-3.411 -3.057 4.803 -0.7071 0.7071 -0.0000
-4.021 -3.667 5.412 -0.7071 0.7071 -0.0000
-3.667 -4.021 5.412 0.7071 -0.7071 0.0000
-3.735 -4.089 5.128 0.7071 -0.7071 0.0000
-4.089 -3.735 5.128 -0.7071 0.7071 -0.0000
-4.699 -4.345 5.738 -0.7071 0.7071 -0.0000
-4.345 -4.699 5.738 0.7071 -0.7071 0.0000
-4.386 -4.740 5.567 0.7071 -0.7071 0.0000
-4.740 -4.386 5.567 -0.7071 0.7071 -0.0000
0 5 1
0 4 5
1 6 2
1 5 6
2 7 3
2 6 7
3 4 0
3 7 4
4 9 5
4 8 9
5 10 6
5 9 10
6 11 7
6 10 11
7 8 4
7 11 8
8 13 9
8 12 13
9 14 10
9 13 14
10 15 11
10 14 15
11 12 8
11 15 12
12 17 13
12 16 17
13 18 14
13 17 18
14 19 15
14 18 19
15 16 12
15 19 16
16 21 17
16 20 21
17 22 18
17 21 22
18 23 19
18 22 23
19 20 16
19 23 20
20 25 21
20 24 25
21 26 22
21 25 26
22 27 23
22 26 27
23 24 20
23 27 24
0 1 2
0 2 3
24 26 25
24 27 26
LABEL kfoot_strip_10_0
MATERIAL 14
TEXTURE 0
GEOM 64 48 ;kfoot_strip_10_0
-0.534 -0.527 3.762 -0.2065 -0.2461 -0.9470
-0.500 -0.559 3.762 -0.2065 -0.2461 -0.9470
-0.464 -0.589 3.762 -0.2065 -0.2461 -0.9470
-0.426 -0.617 3.762 -0.2065 -0.2461 -0.9470
-4.517 -4.463 5.662 -0.2065 -0.2461 -0.9470
-4.231 -4.735 5.662 -0.2065 -0.2461 -0.9470
-3.929 -4.989 5.662 -0.2065 -0.2461 -0.9470
-3.611 -5.223 5.662 -0.2065 -0.2461 -0.9470
-0.534 -0.527 3.762 0.2065 0.2461 0.9470
-0.500 -0.559 3.762 0.2065 0.2461 0.9470
-0.464 -0.589 3.762 0.2065 0.2461 0.9470
-0.426 -0.617 3.762 0.2065 0.2461 0.9470
-4.517 -4.463 5.662 0.2065 0.2461 0.9470
-4.231 -4.735 5.662 0.2065 0.2461 0.9470
-3.929 -4.989 5.662 0.2065 0.2461 0.9470
-3.611 -5.223 5.662 0.2065 0.2461 0.9470
-4.517 -4.463 5.662 -0.6428 -0.7660 0.0000
-4.231 -4.735 5.662 -0.6428 -0.7660 0.0000
-3.929 -4.989 5.662 -0.6428 -0.7660 0.0000
-3.611 -5.223 5.662 -0.6428 -0.7660 0.0000
-4.517 -4.463 6.562 -0.6428 -0.7660 0.0000
-4.231 -4.735 6.562 -0.6428 -0.7660 0.0000
-3.929 -4.989 6.562 -0.6428 -0.7660 0.0000
-3.611 -5.223 6.562 -0.6428 -0.7660 0.0000
-4.517 -4.463 5.662 0.6428 0.7660 -0.0000
-4.231 -4.735 5.662 0.6428 0.7660 -0.0000
-3.929 -4.989 5.662 0.6428 0.7660 -0.0000
-3.611 -5.223 5.662 0.6428 0.7660 -0.0000
-4.517 -4.463 6.562 0.6428 0.7660 -0.0000
-4.231 -4.735 6.562 0.6428 0.7660 -0.0000
-3.929 -4.989 6.562 0.6428 0.7660 -0.0000
-3.611 -5.223 6.562 0.6428 0.7660 -0.0000
-4.517 -4.463 5.662 -0.6428 -0.7660 0.0000
-4.231 -4.735 5.662 -0.6428 -0.7660 0.0000
-3.929 -4.989 5.662 -0.6428 -0.7660 0.0000
-3.611 -5.223 5.662 -0.6428 -0.7660 0.0000
-4.517 -4.463 4.962 -0.6428 -0.7660 0.0000
-4.231 -4.735 4.962 -0.6428 -0.7660 0.0000
-3.929 -4.989 4.962 -0.6428 -0.7660 0.0000
-3.611 -5.223 4.962 -0.6428 -0.7660 0.0000
-4.517 -4.463 5.662 0.6428 0.7660 -0.0000
-4.231 -4.735 5.662 0.6428 0.7660 -0.0000
-3.929 -4.989 5.662 0.6428 0.7660 -0.0000
-3.611 -5.223 5.662 0.6428 0.7660 -0.0000
-4.517 -4.463 4.962 0.6428 0.7660 -0.0000
-4.231 -4.735 4.962 0.6428 0.7660 -0.0000
-3.929 -4.989 4.962 0.6428 0.7660 -0.0000
-3.611 -5.223 4.962 0.6428 0.7660 -0.0000
-4.517 -4.463 4.962 0.0000 0.0000 -1.0000
-4.231 -4.735 4.962 0.0000 0.0000 -1.0000
-3.929 -4.989 4.962 0.0000 0.0000 -1.0000
-3.611 -5.223 4.962 0.0000 0.0000 -1.0000
-4.268 -4.217 4.844 0.0000 0.0000 -1.0000
-3.998 -4.474 4.844 0.0000 0.0000 -1.0000
-3.712 -4.714 4.844 0.0000 0.0000 -1.0000
-3.412 -4.935 4.844 0.0000 0.0000 -1.0000
-4.517 -4.463 4.962 -0.0000 -0.0000 1.0000
-4.231 -4.735 4.962 -0.0000 -0.0000 1.0000
-3.929 -4.989 4.962 -0.0000 -0.0000 1.0000
-3.611 -5.223 4.962 -0.0000 -0.0000 1.0000
-4.268 -4.217 4.844 -0.0000 -0.0000 1.0000
-3.998 -4.474 4.844 -0.0000 -0.0000 1.0000
-3.712 -4.714 4.844 -0.0000 -0.0000 1.0000
-3.412 -4.935 4.844 -0.0000 -0.0000 1.0000
0 1 5
0 5 4
8 13 9
8 12 13
1 2 6
1 6 5
9 14 10
9 13 14
2 3 7
2 7 6
10 15 11
10 14 15
16 17 21
16 21 20
24 29 25
24 28 29
17 18 22
17 22 21
25 30 26
25 29 30
18 19 23
18 23 22
26 31 27
26 30 31
32 37 33
32 36 37
40 41 45
40 45 44
33 38 34
33 37 38
41 42 46
41 46 45
34 39 35
34 38 39
42 43 47
42 47 46
48 53 49
48 52 53
56 57 61
56 61 60
49 54 50
49 53 54
57 58 62
57 62 61
50 55 51
50 54 55
58 59 63
58 63 62
LABEL kfoot_strip_10_1
MATERIAL 14
TEXTURE 0
GEOM 64 48 ;kfoot_strip_10_1
-0.434 -0.612 3.762 -0.1606 -0.2782 -0.9470
-0.395 -0.638 3.762 -0.1606 -0.2782 -0.9470
-0.355 -0.661 3.762 -0.1606 -0.2782 -0.9470
-0.313 -0.682 3.762 -0.1606 -0.2782 -0.9470
-3.673 -5.180 5.662 -0.1606 -0.2782 -0.9470
-3.344 -5.398 5.662 -0.1606 -0.2782 -0.9470
-3.003 -5.595 5.662 -0.1606 -0.2782 -0.9470
-2.649 -5.771 5.662 -0.1606 -0.2782 -0.9470
-0.434 -0.612 3.762 0.1606 0.2782 0.9470
-0.395 -0.638 3.762 0.1606 0.2782 0.9470
-0.355 -0.661 3.762 0.1606 0.2782 0.9470
-0.313 -0.682 3.762 0.1606 0.2782 0.9470
-3.673 -5.180 5.662 0.1606 0.2782 0.9470
-3.344 -5.398 5.662 0.1606 0.2782 0.9470
-3.003 -5.595 5.662 0.1606 0.2782 0.9470
-2.649 -5.771 5.662 0.1606 0.2782 0.9470
-3.673 -5.180 5.662 -0.5000 -0.8660 0.0000
-3.344 -5.398 5.662 -0.5000 -0.8660 0.0000
-3.003 -5.595 5.662 -0.5000 -0.8660 0.0000
-2.649 -5.771 5.662 -0.5000 -0.8660 0.0000
-3.673 -5.180 6.562 -0.5000 -0.8660 0.0000
-3.344 -5.398 6.562 -0.5000 -0.8660 0.0000
-3.003 -5.595 6.562 -0.5000 -0.8660 0.0000
-2.649 -5.771 6.562 -0.5000 -0.8660 0.0000
-3.673 -5.180 5.662 0.5000 0.8660 -0.0000
-3.344 -5.398 5.662 0.5000 0.8660 -0.0000
-3.003 -5.595 5.662 0.5000 0.8660 -0.0000
-2.649 -5.771 5.662 0.5000 0.8660 -0.0000
-3.673 -5.180 6.562 0.5000 0.8660 -0.0000
-3.344 -5.398 6.562 0.5000 0.8660 -0.0000
-3.003 -5.595 6.562 0.5000 0.8660 -0.0000
-2.649 -5.771 6.562 0.5000 0.8660 -0.0000
-3.673 -5.180 5.662 -0.5000 -0.8660 0.0000
-3.344 -5.398 5.662 -0.5000 -0.8660 0.0000
-3.003 -5.595 5.662 -0.5000 -0.8660 0.0000
-2.649 -5.771 5.662 -0.5000 -0.8660 0.0000
-3.673 -5.180 4.962 -0.5000 -0.8660 0.0000
-3.344 -5.398 4.962 -0.5000 -0.8660 0.0000
-3.003 -5.595 4.962 -0.5000 -0.8660 0.0000
-2.649 -5.771 4.962 -0.5000 -0.8660 0.0000
-3.673 -5.180 5.662 0.5000 0.8660 -0.0000
-3.344 -5.398 5.662 0.5000 0.8660 -0.0000
-3.003 -5.595 5.662 0.5000 0.8660 -0.0000
-2.649 -5.771 5.662 0.5000 0.8660 -0.0000
-3.673 -5.180 4.962 0.5000 0.8660 -0.0000
-3.344 -5.398 4.962 0.5000 0.8660 -0.0000
-3.003 -5.595 4.962 0.5000 0.8660 -0.0000
-2.649 -5.771 4.962 0.5000 0.8660 -0.0000
-3.673 -5.180 4.962 0.0000 0.0000 -1.0000
-3.344 -5.398 4.962 0.0000 0.0000 -1.0000
-3.003 -5.595 4.962 0.0000 0.0000 -1.0000
-2.649 -5.771 4.962 0.0000 0.0000 -1.0000
-3.471 -4.894 4.844 0.0000 0.0000 -1.0000
-3.160 -5.100 4.844 0.0000 0.0000 -1.0000
-2.837 -5.287 4.844 0.0000 0.0000 -1.0000
-2.503 -5.453 4.844 0.0000 0.0000 -1.0000
-3.673 -5.180 4.962 -0.0000 -0.0000 1.0000
-3.344 -5.398 4.962 -0.0000 -0.0000 1.0000
-3.003 -5.595 4.962 -0.0000 -0.0000 1.0000
-2.649 -5.771 4.962 -0.0000 -0.0000 1.0000
-3.471 -4.894 4.844 -0.0000 -0.0000 1.0000
-3.160 -5.100 4.844 -0.0000 -0.0000 1.0000
-2.837 -5.287 4.844 -0.0000 -0.0000 1.0000
-2.503 -5.453 4.844 -0.0000 -0.0000 1.0000
0 1 5
0 5 4
8 13 9
8 12 13
1 2 6
1 6 5
9 14 10
9 13 14
2 3 7
2 7 6
10 15 11
10 14 15
16 17 21
16 21 20
24 29 25
24 28 29
17 18 22
17 22 21
25 30 26
25 29 30
18 19 23
18 23 22
26 31 27
26 30 31
32 37 33
32 36 37
40 41 45
40 45 44
33 38 34
33 37 38
41 42 46
41 46 45
34 39 35
34 38 39
42 43 47
42 47 46
48 53 49
48 52 53
56 57 61
56 61 60
49 54 50
49 53 54
57 58 62
57 62 61
50 55 51
50 54 55
58 59 63
58 63 62
LABEL kfoot_strip_10_2
MATERIAL 14
TEXTURE 0
GEOM 64 48 ;kfoot_strip_10_2
-0.321 -0.678 3.762 -0.1099 -0.3019 -0.9470
-0.278 -0.696 3.762 -0.1099 -0.3019 -0.9470
-0.234 -0.712 3.762 -0.1099 -0.3019 -0.9470
-0.190 -0.726 3.762 -0.1099 -0.3019 -0.9470
-2.718 -5.739 5.662 -0.1099 -0.3019 -0.9470
-2.356 -5.897 5.662 -0.1099 -0.3019 -0.9470
-1.985 -6.032 5.662 -0.1099 -0.3019 -0.9470
-1.607 -6.143 5.662 -0.1099 -0.3019 -0.9470
-0.321 -0.678 3.762 0.1099 0.3019 0.9470
-0.278 -0.696 3.762 0.1099 0.3019 0.9470
-0.234 -0.712 3.762 0.1099 0.3019 0.9470
-0.190 -0.726 3.762 0.1099 0.3019 0.9470
-2.718 -5.739 5.662 0.1099 0.3019 0.9470
-2.356 -5.897 5.662 0.1099 0.3019 0.9470
-1.985 -6.032 5.662 0.1099 0.3019 0.9470
-1.607 -6.143 5.662 0.1099 0.3019 0.9470
-2.718 -5.739 5.662 -0.3420 -0.9397 0.0000
-2.356 -5.897 5.662 -0.3420 -0.9397 0.0000
-1.985 -6.032 5.662 -0.3420 -0.9397 0.0000
-1.607 -6.143 5.662 -0.3420 -0.9397 0.0000
-2.718 -5.739 6.562 -0.3420 -0.9397 0.0000
-2.356 -5.897 6.562 -0.3420 -0.9397 0.0000
-1.985 -6.032 6.562 -0.3420 -0.9397 0.0000
-1.607 -6.143 6.562 -0.3420 -0.9397 0.0000
-2.718 -5.739 5.662 0.3420 0.9397 -0.0000
-2.356 -5.897 5.662 0.3420 0.9397 -0.0000
-1.985 -6.032 5.662 0.3420 0.9397 -0.0000
-1.607 -6.143 5.662 0.3420 0.9397 -0.0000
-2.718 -5.739 6.562 0.3420 0.9397 -0.0000
-2.356 -5.897 6.562 0.3420 0.9397 -0.0000
-1.985 -6.032 6.562 0.3420 0.9397 -0.0000
-1.607 -6.143 6.562 0.3420 0.9397 -0.0000
-2.718 -5.739 5.662 -0.3420 -0.9397 0.0000
-2.356 -5.897 5.662 -0.3420 -0.9397 0.0000
-1.985 -6.032 5.662 -0.3420 -0.9397 0.0000
-1.607 -6.143 5.662 -0.3420 -0.9397 0.0000
-2.718 -5.739 4.962 -0.3420 -0.9397 0.0000
-2.356 -5.897 4.962 -0.3420 -0.9397 0.0000
-1.985 -6.032 4.962 -0.3420 -0.9397 0.0000
-1.607 -6.143 4.962 -0.3420 -0.9397 0.0000
-2.718 -5.739 5.662 0.3420 0.9397 -0.0000
-2.356 -5.897 5.662 0.3420 0.9397 -0.0000
-1.985 -6.032 5.662 0.3420 0.9397 -0.0000
-1.607 -6.143 5.662 0.3420 0.9397 -0.0000
-2.718 -5.739 4.962 0.3420 0.9397 -0.0000
-2.356 -5.897 4.962 0.3420 0.9397 -0.0000
-1.985 -6.032 4.962 0.3420 0.9397 -0.0000
-1.607 -6.143 4.962 0.3420 0.9397 -0.0000
-2.718 -5.739 4.962 0.0000 0.0000 -1.0000
-2.356 -5.897 4.962 0.0000 0.0000 -1.0000
-1.985 -6.032 4.962 0.0000 0.0000 -1.0000
-1.607 -6.143 4.962 0.0000 0.0000 -1.0000
-2.568 -5.423 4.844 0.0000 0.0000 -1.0000
-2.226 -5.572 4.844 0.0000 0.0000 -1.0000
-1.876 -5.699 4.844 0.0000 0.0000 -1.0000
-1.518 -5.805 4.844 0.0000 0.0000 -1.0000
-2.718 -5.739 4.962 -0.0000 -0.0000 1.0000
-2.356 -5.897 4.962 -0.0000 -0.0000 1.0000
-1.985 -6.032 4.962 -0.0000 -0.0000 1.0000
-1.607 -6.143 4.962 -0.0000 -0.0000 1.0000
-2.568 -5.423 4.844 -0.0000 -0.0000 1.0000
-2.226 -5.572 4.844 -0.0000 -0.0000 1.0000
-1.876 -5.699 4.844 -0.0000 -0.0000 1.0000
-1.518 -5.805 4.844 -0.0000 -0.0000 1.0000
0 1 5
0 5 4
8 13 9
8 12 13
1 2 6
1 6 5
9 14 10
9 13 14
2 3 7
2 7 6
10 15 11
10 14 15
16 17 21
16 21 20
24 29 25
24 28 29
17 18 22
17 22 21
25 30 26
25 29 30
18 19 23
18 23 22
26 31 27
26 30 31
32 37 33
32 36 37
40 41 45
40 45 44
33 38 34
33 37 38
41 42 46
41 46 45
34 39 35
34 38 39
42 43 47
42 47 46
48 53 49
48 52 53
56 57 61
56 61 60
49 54 50
49 53 54
57 58 62
57 62 61
50 55 51
50 54 55
58 59 63
58 63 62
LABEL kfoot_strut_10_0
MATERIAL 9
TEXTURE 0
GEOM 42 40 ;kfoot_strut_10_0
-0.525 -0.460 3.037 -0.5410 0.0000 -0.8410
-0.474 -0.514 3.031 -0.1195 -0.4498 -0.8851
-0.418 -0.547 3.067 0.3477 -0.7279 -0.5911
-0.378 -0.547 3.129 0.6820 -0.7279 -0.0713
-0.369 -0.514 3.195 0.7558 -0.4498 0.4758
-0.395 -0.460 3.239 0.5410 -0.0000 0.8410
-0.445 -0.406 3.244 0.1195 0.4498 0.8851
-0.501 -0.372 3.209 -0.3477 0.7279 0.5911
-0.541 -0.372 3.146 -0.6820 0.7279 0.0713
-0.550 -0.406 3.081 -0.7558 0.4498 -0.4758
-2.569 -2.504 4.352 -0.5410 0.0000 -0.8410
-2.518 -2.558 4.346 -0.1195 -0.4498 -0.8851
-2.462 -2.591 4.382 0.3477 -0.7279 -0.5911
-2.422 -2.591 4.444 0.6820 -0.7279 -0.0713
-2.413 -2.558 4.510 0.7558 -0.4498 0.4758
-2.439 -2.504 4.553 0.5410 -0.0000 0.8410
-2.490 -2.450 4.559 0.1195 0.4498 0.8851
-2.546 -2.417 4.523 -0.3477 0.7279 0.5911
-2.586 -2.417 4.461 -0.6820 0.7279 0.0713
-2.595 -2.450 4.395 -0.7558 0.4498 -0.4758
-0.460 -0.460 3.138 0.6437 0.6437 -0.4140
-0.525 -0.460 3.037 0.6437 0.6437 -0.4140
-0.474 -0.514 3.031 0.6437 0.6437 -0.4140
-0.418 -0.547 3.067 0.6437 0.6437 -0.4140
-0.378 -0.547 3.129 0.6437 0.6437 -0.4140
-0.369 -0.514 3.195 0.6437 0.6437 -0.4140
-0.395 -0.460 3.239 0.6437 0.6437 -0.4140
-0.445 -0.406 3.244 0.6437 0.6437 -0.4140
-0.501 -0.372 3.209 0.6437 0.6437 -0.4140
-0.541 -0.372 3.146 0.6437 0.6437 -0.4140
-0.550 -0.406 3.081 0.6437 0.6437 -0.4140
-2.504 -2.504 4.453 -0.6437 -0.6437 0.4140
-2.569 -2.504 4.352 -0.6437 -0.6437 0.4140
-2.518 -2.558 4.346 -0.6437 -0.6437 0.4140
-2.462 -2.591 4.382 -0.6437 -0.6437 0.4140
-2.422 -2.591 4.444 -0.6437 -0.6437 0.4140
-2.413 -2.558 4.510 -0.6437 -0.6437 0.4140
-2.439 -2.504 4.553 -0.6437 -0.6437 0.4140
-2.490 -2.450 4.559 -0.6437 -0.6437 0.4140
-2.546 -2.417 4.523 -0.6437 -0.6437 0.4140
-2.586 -2.417 4.461 -0.6437 -0.6437 0.4140
-2.595 -2.450 4.395 -0.6437 -0.6437 0.4140
0 1 11
0 11 10
1 2 12
1 12 11
2 3 13
2 13 12
3 4 14
3 14 13
4 5 15
4 15 14
5 6 16
5 16 15
6 7 17
6 17 16
7 8 18
7 18 17
8 9 19
8 19 18
9 0 10
9 10 19
20 22 21
20 23 22
20 24 23
20 25 24
20 26 25
20 27 26
20 28 27
20 29 28
20 30 29
20 21 30
31 32 33
31 33 34
31 34 35
31 35 36
31 36 37
31 37 38
31 38 39
31 39 40
31 40 41
31 41 32
LABEL kfoot_strut_10_1
MATERIAL 9
TEXTURE 0
GEOM 42 40 ;kfoot_strut_10_1
-0.546 -0.460 2.421 -0.5939 0.0000 -0.8045
-0.486 -0.526 2.412 -0.1840 -0.4580 -0.8697
-0.417 -0.567 2.450 0.2961 -0.7410 -0.6027
-0.363 -0.567 2.522 0.6632 -0.7410 -0.1054
-0.347 -0.526 2.600 0.7769 -0.4580 0.4321
-0.374 -0.460 2.654 0.5939 -0.0000 0.8045
-0.433 -0.393 2.664 0.1840 0.4580 0.8697
-0.503 -0.352 2.625 -0.2961 0.7410 0.6027
-0.556 -0.352 2.553 -0.6632 0.7410 0.1054
-0.572 -0.393 2.475 -0.7769 0.4580 -0.4321
-4.645 -4.559 5.447 -0.5939 0.0000 -0.8045
-4.586 -4.625 5.438 -0.1840 -0.4580 -0.8697
-4.516 -4.667 5.476 0.2961 -0.7410 -0.6027
-4.463 -4.667 5.548 0.6632 -0.7410 -0.1054
-4.446 -4.625 5.626 0.7769 -0.4580 0.4321
-4.473 -4.559 5.680 0.5939 -0.0000 0.8045
-4.532 -4.493 5.690 0.1840 0.4580 0.8697
-4.602 -4.452 5.651 -0.2961 0.7410 0.6027
-4.655 -4.452 5.579 -0.6632 0.7410 0.1054
-4.672 -4.493 5.501 -0.7769 0.4580 -0.4321
-0.460 -0.460 2.538 0.6269 0.6269 -0.4627
-0.546 -0.460 2.421 0.6269 0.6269 -0.4627
-0.486 -0.526 2.412 0.6269 0.6269 -0.4627
-0.417 -0.567 2.450 0.6269 0.6269 -0.4627
-0.363 -0.567 2.522 0.6269 0.6269 -0.4627
-0.347 -0.526 2.600 0.6269 0.6269 -0.4627
-0.374 -0.460 2.654 0.6269 0.6269 -0.4627
-0.433 -0.393 2.664 0.6269 0.6269 -0.4627
-0.503 -0.352 2.625 0.6269 0.6269 -0.4627
-0.556 -0.352 2.553 0.6269 0.6269 -0.4627
-0.572 -0.393 2.475 0.6269 0.6269 -0.4627
-4.559 -4.559 5.564 -0.6269 -0.6269 0.4627
-4.645 -4.559 5.447 -0.6269 -0.6269 0.4627
-4.586 -4.625 5.438 -0.6269 -0.6269 0.4627
-4.516 -4.667 5.476 -0.6269 -0.6269 0.4627
-4.463 -4.667 5.548 -0.6269 -0.6269 0.4627
-4.446 -4.625 5.626 -0.6269 -0.6269 0.4627
-4.473 -4.559 5.680 -0.6269 -0.6269 0.4627
-4.532 -4.493 5.690 -0.6269 -0.6269 0.4627
-4.602 -4.452 5.651 -0.6269 -0.6269 0.4627
-4.655 -4.452 5.579 -0.6269 -0.6269 0.4627
-4.672 -4.493 5.501 -0.6269 -0.6269 0.4627
0 1 11
0 11 10
1 2 12
1 12 11
2 3 13
2 13 12
3 4 14
3 14 13
4 5 15
4 15 14
5 6 16
5 16 15
6 7 17
6 17 16
7 8 18
7 18 17
8 9 19
8 19 18
9 0 10
9 10 19
20 22 21
20 23 22
20 24 23
20 25 24
20 26 25
20 27 26
20 28 27
20 29 28
20 30 29
20 21 30
31 32 33
31 33 34
31 34 35
31 35 36
31 36 37
31 37 38
31 38 39
31 39 40
31 40 41
31 41 32
LABEL kfoot_rib_11
MATERIAL 7
TEXTURE 0
GEOM 28 52 ;kfoot_rib_11
-0.408 -0.555 3.786 -0.9659 0.2588 -0.0000
0.075 -0.685 3.786 0.9659 -0.2588 0.0000
0.046 -0.793 3.457 0.9659 -0.2588 0.0000
-0.437 -0.663 3.457 -0.9659 0.2588 -0.0000
-0.656 -1.482 4.111 -0.9659 0.2588 -0.0000
-0.173 -1.611 4.111 0.9659 -0.2588 0.0000
-0.200 -1.714 3.797 0.9659 -0.2588 0.0000
-0.683 -1.584 3.797 -0.9659 0.2588 -0.0000
-0.904 -2.408 4.436 -0.9659 0.2588 -0.0000
-0.421 -2.537 4.436 0.9659 -0.2588 0.0000
-0.447 -2.635 4.138 0.9659 -0.2588 0.0000
-0.930 -2.506 4.138 -0.9659 0.2588 -0.0000
-1.152 -3.334 4.762 -0.9659 0.2588 -0.0000
-0.669 -3.463 4.762 0.9659 -0.2588 0.0000
-0.694 -3.556 4.478 0.9659 -0.2588 0.0000
-1.177 -3.427 4.478 -0.9659 0.2588 -0.0000
-1.400 -4.260 5.087 -0.9659 0.2588 -0.0000
-0.917 -4.390 5.087 0.9659 -0.2588 0.0000
-0.942 -4.483 4.803 0.9659 -0.2588 0.0000
-1.425 -4.353 4.803 -0.9659 0.2588 -0.0000
-1.648 -5.186 5.412 -0.9659 0.2588 -0.0000
-1.166 -5.316 5.412 0.9659 -0.2588 0.0000
-1.190 -5.409 5.128 0.9659 -0.2588 0.0000
-1.673 -5.279 5.128 -0.9659 0.2588 -0.0000
-1.897 -6.112 5.738 -0.9659 0.2588 -0.0000
-1.414 -6.242 5.738 0.9659 -0.2588 0.0000
-1.429 -6.298 5.567 0.9659 -0.2588 0.0000
-1.912 -6.168 5.567 -0.9659 0.2588 -0.0000
0 5 1
0 4 5
1 6 2
1 5 6
2 7 3
2 6 7
3 4 0
3 7 4
4 9 5
4 8 9
5 10 6
5 9 10
6 11 7
6 10 11
7 8 4
7 11 8
8 13 9
8 12 13
9 14 10
9 13 14
10 15 11
10 14 15
11 12 8
11 15 12
12 17 13
12 16 17
13 18 14
13 17 18
14 19 15
14 18 19
15 16 12
15 19 16
16 21 17
16 20 21
17 22 18
17 21 22
18 23 19
18 22 23
19 20 16
19 23 20
20 25 21
20 24 25
21 26 22
21 25 26
22 27 23
22 26 27
23 24 20
23 27 24
0 1 2
0 2 3
24 26 25
24 27 26
LABEL kfoot_strip_11_0
MATERIAL 14
TEXTURE 0
GEOM 64 48 ;kfoot_strip_11_0
-0.198 -0.723 3.762 -0.0558 -0.3164 -0.9470
-0.153 -0.734 3.762 -0.0558 -0.3164 -0.9470
-0.107 -0.742 3.762 -0.0558 -0.3164 -0.9470
-0.061 -0.748 3.762 -0.0558 -0.3164 -0.9470
-1.680 -6.124 5.662 -0.0558 -0.3164 -0.9470
-1.297 -6.216 5.662 -0.0558 -0.3164 -0.9470
-0.908 -6.285 5.662 -0.0558 -0.3164 -0.9470
-0.515 -6.329 5.662 -0.0558 -0.3164 -0.9470
-0.198 -0.723 3.762 0.0558 0.3164 0.9470
-0.153 -0.734 3.762 0.0558 0.3164 0.9470
-0.107 -0.742 3.762 0.0558 0.3164 0.9470
-0.061 -0.748 3.762 0.0558 0.3164 0.9470
-1.680 -6.124 5.662 0.0558 0.3164 0.9470
-1.297 -6.216 5.662 0.0558 0.3164 0.9470
-0.908 -6.285 5.662 0.0558 0.3164 0.9470
-0.515 -6.329 5.662 0.0558 0.3164 0.9470
-1.680 -6.124 5.662 -0.1736 -0.9848 0.0000
-1.297 -6.216 5.662 -0.1736 -0.9848 0.0000
-0.908 -6.285 5.662 -0.1736 -0.9848 0.0000
-0.515 -6.329 5.662 -0.1736 -0.9848 0.0000
-1.680 -6.124 6.562 -0.1736 -0.9848 0.0000
-1.297 -6.216 6.562 -0.1736 -0.9848 0.0000
-0.908 -6.285 6.562 -0.1736 -0.9848 0.0000
-0.515 -6.329 6.562 -0.1736 -0.9848 0.0000
-1.680 -6.124 5.662 0.1736 0.9848 -0.0000
-1.297 -6.216 5.662 0.1736 0.9848 -0.0000
-0.908 -6.285 5.662 0.1736 0.9848 -0.0000
-0.515 -6.329 5.662 0.1736 0.9848 -0.0000
-1.680 -6.124 6.562 0.1736 0.9848 -0.0000
-1.297 -6.216 6.562 0.1736 0.9848 -0.0000
-0.908 -6.285 6.562 0.1736 0.9848 -0.0000
-0.515 -6.329 6.562 0.1736 0.9848 -0.0000
-1.680 -6.124 5.662 -0.1736 -0.9848 0.0000
-1.297 -6.216 5.662 -0.1736 -0.9848 0.0000
-0.908 -6.285 5.662 -0.1736 -0.9848 0.0000
-0.515 -6.329 5.662 -0.1736 -0.9848 0.0000
-1.680 -6.124 4.962 -0.1736 -0.9848 0.0000
-1.297 -6.216 4.962 -0.1736 -0.9848 0.0000
-0.908 -6.285 4.962 -0.1736 -0.9848 0.0000
-0.515 -6.329 4.962 -0.1736 -0.9848 0.0000
-1.680 -6.124 5.662 0.1736 0.9848 -0.0000
-1.297 -6.216 5.662 0.1736 0.9848 -0.0000
-0.908 -6.285 5.662 0.1736 0.9848 -0.0000
-0.515 -6.329 5.662 0.1736 0.9848 -0.0000
-1.680 -6.124 4.962 0.1736 0.9848 -0.0000
-1.297 -6.216 4.962 0.1736 0.9848 -0.0000
-0.908 -6.285 4.962 0.1736 0.9848 -0.0000
-0.515 -6.329 4.962 0.1736 0.9848 -0.0000
-1.680 -6.124 4.962 0.0000 0.0000 -1.0000
-1.297 -6.216 4.962 0.0000 0.0000 -1.0000
-0.908 -6.285 4.962 0.0000 0.0000 -1.0000
-0.515 -6.329 4.962 0.0000 0.0000 -1.0000
-1.588 -5.786 4.844 0.0000 0.0000 -1.0000
-1.225 -5.874 4.844 0.0000 0.0000 -1.0000
-0.858 -5.938 4.844 0.0000 0.0000 -1.0000
-0.487 -5.980 4.844 0.0000 0.0000 -1.0000
-1.680 -6.124 4.962 -0.0000 -0.0000 1.0000
-1.297 -6.216 4.962 -0.0000 -0.0000 1.0000
-0.908 -6.285 4.962 -0.0000 -0.0000 1.0000
-0.515 -6.329 4.962 -0.0000 -0.0000 1.0000
-1.588 -5.786 4.844 -0.0000 -0.0000 1.0000
-1.225 -5.874 4.844 -0.0000 -0.0000 1.0000
-0.858 -5.938 4.844 -0.0000 -0.0000 1.0000
-0.487 -5.980 4.844 -0.0000 -0.0000 1.0000
0 1 5
0 5 4
8 13 9
8 12 13
1 2 6
1 6 5
9 14 10
9 13 14
2 3 7
2 7 6
10 15 11
10 14 15
16 17 21
16 21 20
24 29 25
24 28 29
17 18 22
17 22 21
25 30 26
25 29 30
18 19 23
18 23 22
26 31 27
26 30 31
32 37 33
32 36 37
40 41 45
40 45 44
33 38 34
33 37 38
41 42 46
41 46 45
34 39 35
34 38 39
42 43 47
42 47 46
48 53 49
48 52 53
56 57 61
56 61 60
49 54 50
49 53 54
57 58 62
57 62 61
50 55 51
50 54 55
58 59 63
58 63 62
LABEL kfoot_strip_11_1
MATERIAL 14
TEXTURE 0
GEOM 64 48 ;kfoot_strip_11_1
-0.070 -0.747 3.762 -0.0000 -0.3213 -0.9470
-0.023 -0.750 3.762 -0.0000 -0.3213 -0.9470
0.023 -0.750 3.762 -0.0000 -0.3213 -0.9470
0.070 -0.747 3.762 -0.0000 -0.3213 -0.9470
-0.591 -6.322 5.662 -0.0000 -0.3213 -0.9470
-0.197 -6.347 5.662 -0.0000 -0.3213 -0.9470
0.197 -6.347 5.662 -0.0000 -0.3213 -0.9470
0.591 -6.322 5.662 -0.0000 -0.3213 -0.9470
-0.070 -0.747 3.762 0.0000 0.3213 0.9470
-0.023 -0.750 3.762 0.0000 0.3213 0.9470
0.023 -0.750 3.762 0.0000 0.3213 0.9470
0.070 -0.747 3.762 0.0000 0.3213 0.9470
-0.591 -6.322 5.662 0.0000 0.3213 0.9470
-0.197 -6.347 5.662 0.0000 0.3213 0.9470
0.197 -6.347 5.662 0.0000 0.3213 0.9470
0.591 -6.322 5.662 0.0000 0.3213 0.9470
-0.591 -6.322 5.662 -0.0000 -1.0000 0.0000
-0.197 -6.347 5.662 -0.0000 -1.0000 0.0000
0.197 -6.347 5.662 -0.0000 -1.0000 0.0000
0.591 -6.322 5.662 -0.0000 -1.0000 0.0000
-0.591 -6.322 6.562 -0.0000 -1.0000 0.0000
-0.197 -6.347 6.562 -0.0000 -1.0000 0.0000
0.197 -6.347 6.562 -0.0000 -1.0000 0.0000
0.591 -6.322 6.562 -0.0000 -1.0000 0.0000
-0.591 -6.322 5.662 0.0000 1.0000 -0.0000
-0.197 -6.347 5.662 0.0000 1.0000 -0.0000
0.197 -6.347 5.662 0.0000 1.0000 -0.0000
0.591 -6.322 5.662 0.0000 1.0000 -0.0000
-0.591 -6.322 6.562 0.0000 1.0000 -0.0000
-0.197 -6.347 6.562 0.0000 1.0000 -0.0000
0.197 -6.347 6.562 0.0000 1.0000 -0.0000
0.591 -6.322 6.562 0.0000 1.0000 -0.0000
-0.591 -6.322 5.662 -0.0000 -1.0000 0.0000
-0.197 -6.347 5.662 -0.0000 -1.0000 0.0000
0.197 -6.347 5.662 -0.0000 -1.0000 0.0000
0.591 -6.322 5.662 -0.0000 -1.0000 0.0000
-0.591 -6.322 4.962 -0.0000 -1.0000 0.0000
-0.197 -6.347 4.962 -0.0000 -1.0000 0.0000
0.197 -6.347 4.962 -0.0000 -1.0000 0.0000
0.591 -6.322 4.962 -0.0000 -1.0000 0.0000
-0.591 -6.322 5.662 0.0000 1.0000 -0.0000
-0.197 -6.347 5.662 0.0000 1.0000 -0.0000
0.197 -6.347 5.662 0.0000 1.0000 -0.0000
0.591 -6.322 5.662 0.0000 1.0000 -0.0000
-0.591 -6.322 4.962 0.0000 1.0000 -0.0000
-0.197 -6.347 4.962 0.0000 1.0000 -0.0000
0.197 -6.347 4.962 0.0000 1.0000 -0.0000
0.591 -6.322 4.962 0.0000 1.0000 -0.0000
-0.591 -6.322 4.962 0.0000 0.0000 -1.0000
-0.197 -6.347 4.962 0.0000 0.0000 -1.0000
0.197 -6.347 4.962 0.0000 0.0000 -1.0000
0.591 -6.322 4.962 0.0000 0.0000 -1.0000
-0.559 -5.974 4.844 0.0000 0.0000 -1.0000
-0.187 -5.997 4.844 0.0000 0.0000 -1.0000
0.187 -5.997 4.844 0.0000 0.0000 -1.0000
0.559 -5.974 4.844 0.0000 0.0000 -1.0000
-0.591 -6.322 4.962 -0.0000 -0.0000 1.0000
-0.197 -6.347 4.962 -0.0000 -0.0000 1.0000
0.197 -6.347 4.962 -0.0000 -0.0000 1.0000
0.591 -6.322 4.962 -0.0000 -0.0000 1.0000
-0.559 -5.974 4.844 -0.0000 -0.0000 1.0000
-0.187 -5.997 4.844 -0.0000 -0.0000 1.0000
0.187 -5.997 4.844 -0.0000 -0.0000 1.0000
0.559 -5.974 4.844 -0.0000 -0.0000 1.0000
0 1 5
0 5 4
8 13 9
8 12 13
1 2 6
1 6 5
9 14 10
9 13 14
2 3 7
2 7 6
10 15 11
10 14 15
16 17 21
16 21 20
24 29 25
24 28 29
17 18 22
17 22 21
25 30 26
25 29 30
18 19 23
18 23 22
26 31 27
26 30 31
32 37 33
32 36 37
40 41 45
40 45 44
33 38 34
33 37 38
41 42 46
41 46 45
34 39 35
34 38 39
42 43 47
42 47 46
48 53 49
48 52 53
56 57 61
56 61 60
49 54 50
49 53 54
57 58 62
57 62 61
50 55 51
50 54 55
58 59 63
58 63 62
LABEL kfoot_strip_11_2
MATERIAL 14
TEXTURE 0
GEOM 64 48 ;kfoot_strip_11_2
0.061 -0.748 3.762 0.0558 -0.3164 -0.9470
0.107 -0.742 3.762 0.0558 -0.3164 -0.9470
0.153 -0.734 3.762 0.0558 -0.3164 -0.9470
0.198 -0.723 3.762 0.0558 -0.3164 -0.9470
0.515 -6.329 5.662 0.0558 -0.3164 -0.9470
0.908 -6.285 5.662 0.0558 -0.3164 -0.9470
1.297 -6.216 5.662 0.0558 -0.3164 -0.9470
1.680 -6.124 5.662 0.0558 -0.3164 -0.9470
0.061 -0.748 3.762 -0.0558 0.3164 0.9470
0.107 -0.742 3.762 -0.0558 0.3164 0.9470
0.153 -0.734 3.762 -0.0558 0.3164 0.9470
0.198 -0.723 3.762 -0.0558 0.3164 0.9470
0.515 -6.329 5.662 -0.0558 0.3164 0.9470
0.908 -6.285 5.662 -0.0558 0.3164 0.9470
1.297 -6.216 5.662 -0.0558 0.3164 0.9470
1.680 -6.124 5.662 -0.0558 0.3164 0.9470
0.515 -6.329 5.662 0.1736 -0.9848 0.0000
0.908 -6.285 5.662 0.1736 -0.9848 0.0000
1.297 -6.216 5.662 0.1736 -0.9848 0.0000
1.680 -6.124 5.662 0.1736 -0.9848 0.0000
0.515 -6.329 6.562 0.1736 -0.9848 0.0000
0.908 -6.285 6.562 0.1736 -0.9848 0.0000
1.297 -6.216 6.562 0.1736 -0.9848 0.0000
1.680 -6.124 6.562 0.1736 -0.9848 0.0000
0.515 -6.329 5.662 -0.1736 0.9848 -0.0000
0.908 -6.285 5.662 -0.1736 0.9848 -0.0000
1.297 -6.216 5.662 -0.1736 0.9848 -0.0000
1.680 -6.124 5.662 -0.1736 0.9848 -0.0000
0.515 -6.329 6.562 -0.1736 0.9848 -0.0000
0.908 -6.285 6.562 -0.1736 0.9848 -0.0000
1.297 -6.216 6.562 -0.1736 0.9848 -0.0000
1.680 -6.124 6.562 -0.1736 0.9848 -0.0000
0.515 -6.329 5.662 0.1736 -0.9848 0.0000
0.908 -6.285 5.662 0.1736 -0.9848 0.0000
1.297 -6.216 5.662 0.1736 -0.9848 0.0000
1.680 -6.124 5.662 0.1736 -0.9848 0.0000
0.515 -6.329 4.962 0.1736 -0.9848 0.0000
0.908 -6.285 4.962 0.1736 -0.9848 0.0000
1.297 -6.216 4.962 0.1736 -0.9848 0.0000
1.680 -6.124 4.962 0.1736 -0.9848 0.0000
0.515 -6.329 5.662 -0.1736 0.9848 -0.0000
0.908 -6.285 5.662 -0.1736 0.9848 -0.0000
1.297 -6.216 5.662 -0.1736 0.9848 -0.0000
1.680 -6.124 5.662 -0.1736 0.9848 -0.0000
0.515 -6.329 4.962 -0.1736 0.9848 -0.0000
0.908 -6.285 4.962 -0.1736 0.9848 -0.0000
1.297 -6.216 4.962 -0.1736 0.9848 -0.0000
1.680 -6.124 4.962 -0.1736 0.9848 -0.0000
0.515 -6.329 4.962 0.0000 0.0000 -1.0000
0.908 -6.285 4.962 0.0000 0.0000 -1.0000
1.297 -6.216 4.962 0.0000 0.0000 -1.0000
1.680 -6.124 4.962 0.0000 0.0000 -1.0000
0.487 -5.980 4.844 0.0000 0.0000 -1.0000
0.858 -5.938 4.844 0.0000 0.0000 -1.0000
1.225 -5.874 4.844 0.0000 0.0000 -1.0000
1.588 -5.786 4.844 0.0000 0.0000 -1.0000
0.515 -6.329 4.962 -0.0000 -0.0000 1.0000
0.908 -6.285 4.962 -0.0000 -0.0000 1.0000
1.297 -6.216 4.962 -0.0000 -0.0000 1.0000
1.680 -6.124 4.962 -0.0000 -0.0000 1.0000
0.487 -5.980 4.844 -0.0000 -0.0000 1.0000
0.858 -5.938 4.844 -0.0000 -0.0000 1.0000
1.225 -5.874 4.844 -0.0000 -0.0000 1.0000
1.588 -5.786 4.844 -0.0000 -0.0000 1.0000
0 1 5
0 5 4
8 13 9
8 12 13
1 2 6
1 6 5
9 14 10
9 13 14
2 3 7
2 7 6
10 15 11
10 14 15
16 17 21
16 21 20
24 29 25
24 28 29
17 18 22
17 22 21
25 30 26
25 29 30
18 19 23
18 23 22
26 31 27
26 30 31
32 37 33
32 36 37
40 41 45
40 45 44
33 38 34
33 37 38
41 42 46
41 46 45
34 39 35
34 38 39
42 43 47
42 47 46
48 53 49
48 52 53
56 57 61
56 61 60
49 54 50
49 53 54
57 58 62
57 62 61
50 55 51
50 54 55
58 59 63
58 63 62
LABEL kfoot_strut_11_0
MATERIAL 9
TEXTURE 0
GEOM 42 40 ;kfoot_strut_11_0
-0.273 -0.628 3.078 -0.8691 0.0000 -0.4946
-0.222 -0.661 3.036 -0.4475 -0.2800 -0.8493
-0.151 -0.682 3.032 0.1450 -0.4530 -0.8796
-0.086 -0.682 3.069 0.6822 -0.4530 -0.5739
-0.053 -0.661 3.132 0.9587 -0.2800 -0.0490
-0.064 -0.628 3.197 0.8691 -0.0000 0.4946
-0.115 -0.594 3.240 0.4475 0.2800 0.8493
-0.186 -0.573 3.243 -0.1450 0.4530 0.8796
-0.250 -0.573 3.207 -0.6822 0.4530 0.5739
-0.283 -0.594 3.144 -0.9587 0.2800 0.0490
-1.021 -3.420 4.393 -0.8691 0.0000 -0.4946
-0.970 -3.454 4.351 -0.4475 -0.2800 -0.8493
-0.899 -3.475 4.347 0.1450 -0.4530 -0.8796
-0.835 -3.475 4.384 0.6822 -0.4530 -0.5739
-0.801 -3.454 4.447 0.9587 -0.2800 -0.0490
-0.812 -3.420 4.512 0.8691 -0.0000 0.4946
-0.863 -3.387 4.554 0.4475 0.2800 0.8493
-0.934 -3.366 4.558 -0.1450 0.4530 0.8796
-0.998 -3.366 4.521 -0.6822 0.4530 0.5739
-1.032 -3.387 4.458 -0.9587 0.2800 0.0490
-0.168 -0.628 3.138 0.2356 0.8793 -0.4140
-0.273 -0.628 3.078 0.2356 0.8793 -0.4140
-0.222 -0.661 3.036 0.2356 0.8793 -0.4140
-0.151 -0.682 3.032 0.2356 0.8793 -0.4140
-0.086 -0.682 3.069 0.2356 0.8793 -0.4140
-0.053 -0.661 3.132 0.2356 0.8793 -0.4140
-0.064 -0.628 3.197 0.2356 0.8793 -0.4140
-0.115 -0.594 3.240 0.2356 0.8793 -0.4140
-0.186 -0.573 3.243 0.2356 0.8793 -0.4140
-0.250 -0.573 3.207 0.2356 0.8793 -0.4140
-0.283 -0.594 3.144 0.2356 0.8793 -0.4140
-0.916 -3.420 4.453 -0.2356 -0.8793 0.4140
-1.021 -3.420 4.393 -0.2356 -0.8793 0.4140
-0.970 -3.454 4.351 -0.2356 -0.8793 0.4140
-0.899 -3.475 4.347 -0.2356 -0.8793 0.4140
-0.835 -3.475 4.384 -0.2356 -0.8793 0.4140
-0.801 -3.454 4.447 -0.2356 -0.8793 0.4140
-0.812 -3.420 4.512 -0.2356 -0.8793 0.4140
-0.863 -3.387 4.554 -0.2356 -0.8793 0.4140
-0.934 -3.366 4.558 -0.2356 -0.8793 0.4140
-0.998 -3.366 4.521 -0.2356 -0.8793 0.4140
-1.032 -3.387 4.458 -0.2356 -0.8793 0.4140
0 1 11
0 11 10
1 2 12
1 12 11
2 3 13
2 13 12
3 4 14
3 14 13
4 5 15
4 15 14
5 6 16
5 16 15
6 7 17
6 17 16
7 8 18
7 18 17
8 9 19
8 19 18
9 0 10
9 10 19
20 22 21
20 23 22
20 24 23
20 25 24
20 26 25
20 27 26
20 28 27
20 29 28
20 30 29
20 21 30
31 32 33
31 33 34
31 34 35
31 35 36
31 36 37
31 37 38
31 38 39
31 39 40
31 40 41
31 41 32
LABEL kfoot_strut_11_1
MATERIAL 9
TEXTURE 0
GEOM 42 40 ;kfoot_strut_11_1
-0.298 -0.628 2.473 -0.8959 0.0000 -0.4442
-0.241 -0.672 2.420 -0.5012 -0.3036 -0.8103
-0.156 -0.699 2.412 0.0849 -0.4912 -0.8669
-0.076 -0.699 2.452 0.6386 -0.4912 -0.5923
-0.031 -0.672 2.524 0.9484 -0.3036 -0.0915
-0.038 -0.628 2.602 0.8959 -0.0000 0.4442
-0.096 -0.584 2.655 0.5012 0.3036 0.8103
-0.181 -0.557 2.663 -0.0849 0.4912 0.8669
-0.261 -0.557 2.624 -0.6386 0.4912 0.5923
-0.306 -0.584 2.551 -0.9484 0.3036 0.0915
-1.799 -6.228 5.499 -0.8959 0.0000 -0.4442
-1.741 -6.272 5.446 -0.5012 -0.3036 -0.8103
-1.656 -6.299 5.438 0.0849 -0.4912 -0.8669
-1.576 -6.299 5.478 0.6386 -0.4912 -0.5923
-1.531 -6.272 5.550 0.9484 -0.3036 -0.0915
-1.539 -6.228 5.628 0.8959 -0.0000 0.4442
-1.596 -6.184 5.681 0.5012 0.3036 0.8103
-1.681 -6.157 5.689 -0.0849 0.4912 0.8669
-1.761 -6.157 5.650 -0.6386 0.4912 0.5923
-1.806 -6.184 5.577 -0.9484 0.3036 0.0915
-0.168 -0.628 2.538 0.2294 0.8563 -0.4627
-0.298 -0.628 2.473 0.2294 0.8563 -0.4627
-0.241 -0.672 2.420 0.2294 0.8563 -0.4627
-0.156 -0.699 2.412 0.2294 0.8563 -0.4627
-0.076 -0.699 2.452 0.2294 0.8563 -0.4627
-0.031 -0.672 2.524 0.2294 0.8563 -0.4627
-0.038 -0.628 2.602 0.2294 0.8563 -0.4627
-0.096 -0.584 2.655 0.2294 0.8563 -0.4627
-0.181 -0.557 2.663 0.2294 0.8563 -0.4627
-0.261 -0.557 2.624 0.2294 0.8563 -0.4627
-0.306 -0.584 2.551 0.2294 0.8563 -0.4627
-1.669 -6.228 5.564 -0.2294 -0.8563 0.4627
-1.799 -6.228 5.499 -0.2294 -0.8563 0.4627
-1.741 -6.272 5.446 -0.2294 -0.8563 0.4627
-1.656 -6.299 5.438 -0.2294 -0.8563 0.4627
-1.576 -6.299 5.478 -0.2294 -0.8563 0.4627
-1.531 -6.272 5.550 -0.2294 -0.8563 0.4627
-1.539 -6.228 5.628 -0.2294 -0.8563 0.4627
-1.596 -6.184 5.681 -0.2294 -0.8563 0.4627
-1.681 -6.157 5.689 -0.2294 -0.8563 0.4627
-1.761 -6.157 5.650 -0.2294 -0.8563 0.4627
-1.806 -6.184 5.577 -0.2294 -0.8563 0.4627
0 1 11
0 11 10
1 2 12
1 12 11
2 3 13
2 13 12
3 4 14
3 14 13
4 5 15
4 15 14
5 6 16
5 16 15
6 7 17
6 17 16
7 8 18
7 18 17
8 9 19
8 19 18
9 0 10
9 10 19
20 22 21
20 23 22
20 24 23
20 25 24
20 26 25
20 27 26
20 28 27
20 29 28
20 30 29
20 21 30
31 32 33
31 33 34
31 34 35
31 35 36
31 36 37
31 37 38
31 38 39
31 39 40
31 40 41
31 41 32
MATERIALS 74
hull_lacquer
nose_iridium
crest_radiator
structure
boron_nitride
engine_metal
mechanism
dark
band
planetary_cup
rover
shuttle
trap_shell
canopy
br_vault
br_floor
br_panel
br_panel_face
br_tub
br_holo
br_screen
br_glow
br_display
br_green
br_red
br_amber
br_seat
br_cushion
br_bezel
br_rib
br_lamp
br_cove
br_vault_lit
br_floor_lit
br_belt
in_floor
in_wall
in_ceiling
in_light
in_furn
in_seat
in_metal
in_wet
in_screen
in_trim
in_green
in_amber
in_red
in_guide
in_btn_dim
in_wall_w
in_floor_w
in_ceil_w
in_metal_w
in_trim_w
in_guide_w
in_fx
in_downlight
in_cove
lift_glass
in_wip
in_btn_cap
in_cablight
in_glass
in_wall_r
in_floor_r
in_ceil_r
in_metal_r
in_dutyred
in_door
in_wall_d
in_floor_d
in_ceil_d
in_metal_d
MATERIAL hull_lacquer
0.620 0.640 0.680 1.00
0.620 0.640 0.680 1.00
0.300 0.300 0.320 1 20
0.000 0.000 0.000 1
MATERIAL nose_iridium
0.780 0.760 0.700 1.00
0.780 0.760 0.700 1.00
0.950 0.950 0.950 1 80
0.000 0.000 0.000 1
MATERIAL crest_radiator
0.460 0.260 0.180 1.00
0.460 0.260 0.180 1.00
0.150 0.150 0.150 1 10
0.000 0.000 0.000 1
MATERIAL structure
0.260 0.270 0.290 1.00
0.260 0.270 0.290 1.00
0.200 0.200 0.200 1 15
0.000 0.000 0.000 1
MATERIAL boron_nitride
0.620 0.580 0.920 1.00
0.620 0.580 0.920 1.00
0.600 0.600 0.700 1 40
0.080 0.060 0.200 1
MATERIAL engine_metal
0.400 0.400 0.420 1.00
0.400 0.400 0.420 1.00
0.500 0.500 0.500 1 40
0.000 0.000 0.000 1
MATERIAL mechanism
0.540 0.560 0.600 1.00
0.540 0.560 0.600 1.00
0.700 0.700 0.720 1 50
0.000 0.000 0.000 1
MATERIAL dark
0.070 0.070 0.090 1.00
0.070 0.070 0.090 1.00
0.050 0.050 0.050 1 5
0.000 0.000 0.000 1
MATERIAL band
0.280 0.360 0.500 1.00
0.280 0.360 0.500 1.00
0.500 0.550 0.650 1 40
0.000 0.000 0.000 1
MATERIAL planetary_cup
0.600 0.700 0.850 1.00
0.600 0.700 0.850 1.00
0.700 0.700 0.800 1 50
0.030 0.060 0.100 1
MATERIAL rover
0.550 0.480 0.320 1.00
0.550 0.480 0.320 1.00
0.300 0.300 0.300 1 20
0.000 0.000 0.000 1
MATERIAL shuttle
0.850 0.840 0.810 1.00
0.850 0.840 0.810 1.00
0.400 0.400 0.400 1 30
0.000 0.000 0.000 1
MATERIAL trap_shell
0.440 0.470 0.560 1.00
0.440 0.470 0.560 1.00
0.450 0.450 0.500 1 30
0.000 0.000 0.000 1
MATERIAL canopy
0.360 0.370 0.400 1.00
0.360 0.370 0.400 1.00
0.550 0.550 0.600 1 35
0.000 0.000 0.000 1
MATERIAL br_vault
0.150 0.160 0.180 1.00
0.150 0.160 0.180 1.00
0.060 0.060 0.070 1 8
0.026 0.030 0.038 1
MATERIAL br_floor
0.550 0.580 0.620 1.00
0.550 0.580 0.620 1.00
0.350 0.360 0.400 1 40
0.160 0.180 0.210 1
MATERIAL br_panel
0.170 0.180 0.200 1.00
0.170 0.180 0.200 1.00
0.200 0.210 0.240 1 20
0.028 0.032 0.040 1
MATERIAL br_panel_face
0.240 0.250 0.280 1.00
0.240 0.250 0.280 1.00
0.300 0.320 0.360 1 30
0.042 0.047 0.056 1
MATERIAL br_tub
0.300 0.310 0.340 1.00
0.300 0.310 0.340 1.00
0.250 0.260 0.300 1 25
0.050 0.055 0.066 1
MATERIAL br_holo
0.050 0.200 0.260 1.00
0.050 0.200 0.260 1.00
0.000 0.000 0.000 1 1
0.060 0.260 0.340 1
MATERIAL br_screen
0.020 0.030 0.060 1.00
0.020 0.030 0.060 1.00
0.300 0.300 0.400 1 40
0.030 0.050 0.100 1
MATERIAL br_glow
0.400 0.900 1.000 1.00
0.400 0.900 1.000 1.00
0.000 0.000 0.000 1 1
0.300 0.700 0.900 1
MATERIAL br_display
1.000 1.000 1.000 1.00
1.000 1.000 1.000 1.00
0.000 0.000 0.000 1 1
1.000 1.000 1.000 1
MATERIAL br_green
0.300 1.000 0.500 1.00
0.300 1.000 0.500 1.00
0.000 0.000 0.000 1 1
0.200 0.900 0.400 1
MATERIAL br_red
0.900 0.200 0.150 1.00
0.900 0.200 0.150 1.00
0.300 0.100 0.100 1 20
0.500 0.080 0.050 1
MATERIAL br_amber
1.000 0.800 0.300 1.00
1.000 0.800 0.300 1.00
0.000 0.000 0.000 1 1
0.700 0.500 0.100 1
MATERIAL br_seat
0.200 0.210 0.230 1.00
0.200 0.210 0.230 1.00
0.300 0.300 0.350 1 30
0.024 0.026 0.030 1
MATERIAL br_cushion
0.210 0.240 0.290 1.00
0.210 0.240 0.290 1.00
0.100 0.100 0.120 1 10
0.028 0.032 0.040 1
MATERIAL br_bezel
0.620 0.640 0.680 1.00
0.620 0.640 0.680 1.00
0.400 0.410 0.450 1 40
0.075 0.080 0.090 1
MATERIAL br_rib
0.220 0.230 0.260 1.00
0.220 0.230 0.260 1.00
0.300 0.310 0.350 1 30
0.034 0.038 0.046 1
MATERIAL br_lamp
0.800 0.880 1.000 1.00
0.800 0.880 1.000 1.00
0.000 0.000 0.000 1 1
0.620 0.700 0.800 1
MATERIAL br_cove
0.300 0.550 0.800 1.00
0.300 0.550 0.800 1.00
0.000 0.000 0.000 1 1
0.160 0.300 0.460 1
MATERIAL br_vault_lit
0.060 0.060 0.070 1.00
0.060 0.060 0.070 1.00
0.040 0.040 0.050 1 8
1.000 1.000 1.000 1
MATERIAL br_floor_lit
0.080 0.080 0.090 1.00
0.080 0.080 0.090 1.00
0.100 0.100 0.120 1 20
1.000 1.000 1.000 1
MATERIAL br_belt
0.880 0.560 0.160 1.00
0.880 0.560 0.160 1.00
0.100 0.100 0.100 1 10
0.000 0.000 0.000 1
MATERIAL in_floor
0.500 0.500 0.500 1.00
0.500 0.500 0.500 1.00
0.100 0.100 0.100 1 10
0.500 0.500 0.520 1
MATERIAL in_wall
0.450 0.450 0.450 1.00
0.450 0.450 0.450 1.00
0.050 0.050 0.050 1 5
0.600 0.600 0.620 1
MATERIAL in_ceiling
0.450 0.450 0.450 1.00
0.450 0.450 0.450 1.00
0.000 0.000 0.000 1 1
0.550 0.550 0.570 1
MATERIAL in_light
1.000 0.970 0.880 1.00
1.000 0.970 0.880 1.00
0.000 0.000 0.000 1 1
1.000 0.960 0.840 1
MATERIAL in_furn
0.300 0.310 0.340 1.00
0.300 0.310 0.340 1.00
0.100 0.100 0.100 1 10
0.150 0.150 0.170 1
MATERIAL in_seat
0.120 0.150 0.220 1.00
0.120 0.150 0.220 1.00
0.150 0.150 0.200 1 15
0.060 0.080 0.130 1
MATERIAL in_metal
0.500 0.500 0.500 1.00
0.500 0.500 0.500 1.00
0.500 0.500 0.500 1 30
0.550 0.550 0.580 1
MATERIAL in_wet
0.360 0.500 0.550 1.00
0.360 0.500 0.550 1.00
0.200 0.200 0.250 1 20
0.130 0.190 0.210 1
MATERIAL in_screen
0.040 0.080 0.160 1.00
0.040 0.080 0.160 1.00
0.300 0.300 0.400 1 40
0.100 0.280 0.500 1
MATERIAL in_trim
0.600 0.600 0.600 1.00
0.600 0.600 0.600 1.00
0.100 0.100 0.100 1 10
0.500 0.500 0.500 1
MATERIAL in_green
0.100 0.600 0.250 1.00
0.100 0.600 0.250 1.00
0.000 0.000 0.000 1 1
0.150 1.000 0.400 1
MATERIAL in_amber
0.700 0.450 0.050 1.00
0.700 0.450 0.050 1.00
0.000 0.000 0.000 1 1
1.000 0.620 0.080 1
MATERIAL in_red
0.700 0.100 0.080 1.00
0.700 0.100 0.080 1.00
0.000 0.000 0.000 1 1
1.000 0.150 0.100 1
MATERIAL in_guide
0.200 0.500 0.700 1.00
0.200 0.500 0.700 1.00
0.000 0.000 0.000 1 1
0.250 0.750 1.000 1
MATERIAL in_btn_dim
0.160 0.180 0.200 1.00
0.160 0.180 0.200 1.00
0.300 0.300 0.300 1 20
0.040 0.050 0.060 1
MATERIAL in_wall_w
0.500 0.500 0.510 1.00
0.500 0.500 0.510 1.00
0.080 0.080 0.090 1 12
0.065 0.065 0.075 1
MATERIAL in_floor_w
0.500 0.500 0.500 1.00
0.500 0.500 0.500 1.00
0.450 0.450 0.480 1 40
0.040 0.040 0.045 1
MATERIAL in_ceil_w
0.400 0.400 0.410 1.00
0.400 0.400 0.410 1.00
0.000 0.000 0.000 1 1
0.035 0.035 0.040 1
MATERIAL in_metal_w
0.450 0.450 0.470 1.00
0.450 0.450 0.470 1.00
0.400 0.400 0.420 1 30
0.070 0.070 0.080 1
MATERIAL in_trim_w
0.500 0.500 0.500 1.00
0.500 0.500 0.500 1.00
0.100 0.100 0.100 1 10
0.140 0.140 0.140 1
MATERIAL in_guide_w
0.250 0.420 0.420 1.00
0.250 0.420 0.420 1.00
0.000 0.000 0.000 1 1
0.160 0.360 0.380 1
MATERIAL in_fx
1.000 1.000 1.000 1.00
1.000 1.000 1.000 1.00
0.000 0.000 0.000 1 1
1.000 1.000 1.000 1
MATERIAL in_downlight
1.000 0.860 0.620 1.00
1.000 0.860 0.620 1.00
0.000 0.000 0.000 1 1
1.000 0.840 0.580 1
MATERIAL in_cove
0.300 0.400 0.620 1.00
0.300 0.400 0.620 1.00
0.000 0.000 0.000 1 1
0.260 0.360 0.580 1
MATERIAL lift_glass
0.450 0.600 0.700 0.22
0.450 0.600 0.700 0.22
0.800 0.800 0.850 1 60
0.020 0.030 0.040 1
MATERIAL in_wip
0.950 0.420 0.060 1.00
0.950 0.420 0.060 1.00
0.300 0.250 0.200 1 20
0.400 0.170 0.020 1
MATERIAL in_btn_cap
0.550 0.560 0.580 1.00
0.550 0.560 0.580 1.00
0.350 0.350 0.350 1 30
0.300 0.310 0.320 1
MATERIAL in_cablight
0.950 0.930 0.860 1.00
0.950 0.930 0.860 1.00
0.000 0.000 0.000 1 1
0.800 0.770 0.680 1
MATERIAL in_glass
1.000 1.000 1.000 1.00
1.000 1.000 1.000 1.00
0.900 0.900 0.900 1 60
0.120 0.130 0.150 1
MATERIAL in_wall_r
0.400 0.380 0.380 1.00
0.400 0.380 0.380 1.00
0.050 0.050 0.050 1 5
0.050 0.012 0.011 1
MATERIAL in_floor_r
0.400 0.380 0.380 1.00
0.400 0.380 0.380 1.00
0.200 0.200 0.200 1 30
0.032 0.007 0.007 1
MATERIAL in_ceil_r
0.350 0.330 0.330 1.00
0.350 0.330 0.330 1.00
0.000 0.000 0.000 1 1
0.028 0.006 0.006 1
MATERIAL in_metal_r
0.400 0.380 0.380 1.00
0.400 0.380 0.380 1.00
0.300 0.300 0.300 1 30
0.045 0.011 0.010 1
MATERIAL in_dutyred
0.600 0.080 0.050 1.00
0.600 0.080 0.050 1.00
0.000 0.000 0.000 1 1
0.550 0.050 0.030 1
MATERIAL in_door
0.550 0.550 0.560 1.00
0.550 0.550 0.560 1.00
0.250 0.250 0.270 1 25
0.075 0.075 0.080 1
MATERIAL in_wall_d
0.080 0.080 0.085 1.00
0.080 0.080 0.085 1.00
0.020 0.020 0.020 1 5
0.018 0.018 0.020 1
MATERIAL in_floor_d
0.080 0.080 0.080 1.00
0.080 0.080 0.080 1.00
0.050 0.050 0.050 1 10
0.012 0.012 0.013 1
MATERIAL in_ceil_d
0.070 0.070 0.075 1.00
0.070 0.070 0.075 1.00
0.000 0.000 0.000 1 1
0.010 0.010 0.011 1
MATERIAL in_metal_d
0.080 0.080 0.085 1.00
0.080 0.080 0.085 1.00
0.050 0.050 0.050 1 10
0.016 0.016 0.018 1
TEXTURES 0
