MSHX1
GROUPS 110
LABEL sfoot3_hub
MATERIAL 7
TEXTURE 0
GEOM 168 288 ;sfoot3_hub
0.000 0.000 -2.275 0.0000 0.0000 -1.0000
0.000 0.000 -2.275 0.0000 0.0000 -1.0000
0.000 0.000 -2.275 0.0000 0.0000 -1.0000
0.000 0.000 -2.275 0.0000 0.0000 -1.0000
0.000 0.000 -2.275 0.0000 0.0000 -1.0000
0.000 0.000 -2.275 0.0000 0.0000 -1.0000
0.000 0.000 -2.275 0.0000 0.0000 -1.0000
0.000 0.000 -2.275 0.0000 0.0000 -1.0000
0.000 0.000 -2.275 0.0000 0.0000 -1.0000
0.000 0.000 -2.275 0.0000 0.0000 -1.0000
0.000 0.000 -2.275 0.0000 0.0000 -1.0000
0.000 0.000 -2.275 0.0000 0.0000 -1.0000
0.000 0.000 -2.275 0.0000 0.0000 -1.0000
0.000 0.000 -2.275 0.0000 0.0000 -1.0000
0.000 0.000 -2.275 0.0000 0.0000 -1.0000
0.000 0.000 -2.275 0.0000 0.0000 -1.0000
0.000 0.000 -2.275 0.0000 0.0000 -1.0000
0.000 0.000 -2.275 0.0000 0.0000 -1.0000
0.000 0.000 -2.275 0.0000 0.0000 -1.0000
0.000 0.000 -2.275 0.0000 0.0000 -1.0000
0.000 0.000 -2.275 0.0000 0.0000 -1.0000
0.000 0.000 -2.275 0.0000 0.0000 -1.0000
0.000 0.000 -2.275 0.0000 0.0000 -1.0000
0.000 0.000 -2.275 0.0000 0.0000 -1.0000
-0.950 0.000 -2.275 -0.6441 0.0000 -0.7649
-0.918 -0.246 -2.275 -0.6222 -0.1667 -0.7649
-0.823 -0.475 -2.275 -0.5578 -0.3221 -0.7649
-0.672 -0.672 -2.275 -0.4555 -0.4555 -0.7649
-0.475 -0.823 -2.275 -0.3221 -0.5578 -0.7649
-0.246 -0.918 -2.275 -0.1667 -0.6222 -0.7649
0.000 -0.950 -2.275 -0.0000 -0.6441 -0.7649
0.246 -0.918 -2.275 0.1667 -0.6222 -0.7649
0.475 -0.823 -2.275 0.3221 -0.5578 -0.7649
0.672 -0.672 -2.275 0.4555 -0.4555 -0.7649
0.823 -0.475 -2.275 0.5578 -0.3221 -0.7649
0.918 -0.246 -2.275 0.6222 -0.1667 -0.7649
0.950 0.000 -2.275 0.6441 -0.0000 -0.7649
0.918 0.246 -2.275 0.6222 0.1667 -0.7649
0.823 0.475 -2.275 0.5578 0.3221 -0.7649
0.672 0.672 -2.275 0.4555 0.4555 -0.7649
0.475 0.823 -2.275 0.3221 0.5578 -0.7649
0.246 0.918 -2.275 0.1667 0.6222 -0.7649
0.000 0.950 -2.275 0.0000 0.6441 -0.7649
-0.246 0.918 -2.275 -0.1667 0.6222 -0.7649
-0.475 0.823 -2.275 -0.3221 0.5578 -0.7649
-0.672 0.672 -2.275 -0.4555 0.4555 -0.7649
-0.823 0.475 -2.275 -0.5578 0.3221 -0.7649
-0.918 0.246 -2.275 -0.6222 0.1667 -0.7649
-0.950 0.000 -1.475 -0.9671 0.0000 0.2545
-0.918 -0.246 -1.475 -0.9341 -0.2503 0.2545
-0.823 -0.475 -1.475 -0.8375 -0.4835 0.2545
-0.672 -0.672 -1.475 -0.6838 -0.6838 0.2545
-0.475 -0.823 -1.475 -0.4835 -0.8375 0.2545
-0.246 -0.918 -1.475 -0.2503 -0.9341 0.2545
0.000 -0.950 -1.475 -0.0000 -0.9671 0.2545
0.246 -0.918 -1.475 0.2503 -0.9341 0.2545
0.475 -0.823 -1.475 0.4835 -0.8375 0.2545
0.672 -0.672 -1.475 0.6838 -0.6838 0.2545
0.823 -0.475 -1.475 0.8375 -0.4835 0.2545
0.918 -0.246 -1.475 0.9341 -0.2503 0.2545
0.950 0.000 -1.475 0.9671 -0.0000 0.2545
0.918 0.246 -1.475 0.9341 0.2503 0.2545
0.823 0.475 -1.475 0.8375 0.4835 0.2545
0.672 0.672 -1.475 0.6838 0.6838 0.2545
0.475 0.823 -1.475 0.4835 0.8375 0.2545
0.246 0.918 -1.475 0.2503 0.9341 0.2545
0.000 0.950 -1.475 0.0000 0.9671 0.2545
-0.246 0.918 -1.475 -0.2503 0.9341 0.2545
-0.475 0.823 -1.475 -0.4835 0.8375 0.2545
-0.672 0.672 -1.475 -0.6838 0.6838 0.2545
-0.823 0.475 -1.475 -0.8375 0.4835 0.2545
-0.918 0.246 -1.475 -0.9341 0.2503 0.2545
-0.700 0.000 -1.325 -0.9977 0.0000 0.0674
-0.676 -0.181 -1.325 -0.9637 -0.2582 0.0674
-0.606 -0.350 -1.325 -0.8641 -0.4989 0.0674
-0.495 -0.495 -1.325 -0.7055 -0.7055 0.0674
-0.350 -0.606 -1.325 -0.4989 -0.8641 0.0674
-0.181 -0.676 -1.325 -0.2582 -0.9637 0.0674
0.000 -0.700 -1.325 -0.0000 -0.9977 0.0674
0.181 -0.676 -1.325 0.2582 -0.9637 0.0674
0.350 -0.606 -1.325 0.4989 -0.8641 0.0674
0.495 -0.495 -1.325 0.7055 -0.7055 0.0674
0.606 -0.350 -1.325 0.8641 -0.4989 0.0674
0.676 -0.181 -1.325 0.9637 -0.2582 0.0674
0.700 0.000 -1.325 0.9977 -0.0000 0.0674
0.676 0.181 -1.325 0.9637 0.2582 0.0674
0.606 0.350 -1.325 0.8641 0.4989 0.0674
0.495 0.495 -1.325 0.7055 0.7055 0.0674
0.350 0.606 -1.325 0.4989 0.8641 0.0674
0.181 0.676 -1.325 0.2582 0.9637 0.0674
0.000 0.700 -1.325 0.0000 0.9977 0.0674
-0.181 0.676 -1.325 -0.2582 0.9637 0.0674
-0.350 0.606 -1.325 -0.4989 0.8641 0.0674
-0.495 0.495 -1.325 -0.7055 0.7055 0.0674
-0.606 0.350 -1.325 -0.8641 0.4989 0.0674
-0.676 0.181 -1.325 -0.9637 0.2582 0.0674
-0.700 0.000 2.225 -0.9979 0.0000 -0.0648
-0.676 -0.181 2.225 -0.9639 -0.2583 -0.0648
-0.606 -0.350 2.225 -0.8642 -0.4989 -0.0648
-0.495 -0.495 2.225 -0.7056 -0.7056 -0.0648
-0.350 -0.606 2.225 -0.4989 -0.8642 -0.0648
-0.181 -0.676 2.225 -0.2583 -0.9639 -0.0648
0.000 -0.700 2.225 -0.0000 -0.9979 -0.0648
0.181 -0.676 2.225 0.2583 -0.9639 -0.0648
0.350 -0.606 2.225 0.4989 -0.8642 -0.0648
0.495 -0.495 2.225 0.7056 -0.7056 -0.0648
0.606 -0.350 2.225 0.8642 -0.4989 -0.0648
0.676 -0.181 2.225 0.9639 -0.2583 -0.0648
0.700 0.000 2.225 0.9979 -0.0000 -0.0648
0.676 0.181 2.225 0.9639 0.2583 -0.0648
0.606 0.350 2.225 0.8642 0.4989 -0.0648
0.495 0.495 2.225 0.7056 0.7056 -0.0648
0.350 0.606 2.225 0.4989 0.8642 -0.0648
0.181 0.676 2.225 0.2583 0.9639 -0.0648
0.000 0.700 2.225 0.0000 0.9979 -0.0648
-0.181 0.676 2.225 -0.2583 0.9639 -0.0648
-0.350 0.606 2.225 -0.4989 0.8642 -0.0648
-0.495 0.495 2.225 -0.7056 0.7056 -0.0648
-0.606 0.350 2.225 -0.8642 0.4989 -0.0648
-0.676 0.181 2.225 -0.9639 0.2583 -0.0648
-0.950 0.000 2.525 -0.8321 0.0000 0.5547
-0.918 -0.246 2.525 -0.8037 -0.2154 0.5547
-0.823 -0.475 2.525 -0.7206 -0.4160 0.5547
-0.672 -0.672 2.525 -0.5883 -0.5883 0.5547
-0.475 -0.823 2.525 -0.4160 -0.7206 0.5547
-0.246 -0.918 2.525 -0.2154 -0.8037 0.5547
0.000 -0.950 2.525 -0.0000 -0.8321 0.5547
0.246 -0.918 2.525 0.2154 -0.8037 0.5547
0.475 -0.823 2.525 0.4160 -0.7206 0.5547
0.672 -0.672 2.525 0.5883 -0.5883 0.5547
0.823 -0.475 2.525 0.7206 -0.4160 0.5547
0.918 -0.246 2.525 0.8037 -0.2154 0.5547
0.950 0.000 2.525 0.8321 -0.0000 0.5547
0.918 0.246 2.525 0.8037 0.2154 0.5547
0.823 0.475 2.525 0.7206 0.4160 0.5547
0.672 0.672 2.525 0.5883 0.5883 0.5547
0.475 0.823 2.525 0.4160 0.7206 0.5547
0.246 0.918 2.525 0.2154 0.8037 0.5547
0.000 0.950 2.525 0.0000 0.8321 0.5547
-0.246 0.918 2.525 -0.2154 0.8037 0.5547
-0.475 0.823 2.525 -0.4160 0.7206 0.5547
-0.672 0.672 2.525 -0.5883 0.5883 0.5547
-0.823 0.475 2.525 -0.7206 0.4160 0.5547
-0.918 0.246 2.525 -0.8037 0.2154 0.5547
0.000 0.000 3.275 -0.6196 0.0000 0.7849
0.000 0.000 3.275 -0.5985 -0.1604 0.7849
0.000 0.000 3.275 -0.5366 -0.3098 0.7849
0.000 0.000 3.275 -0.4382 -0.4382 0.7849
0.000 0.000 3.275 -0.3098 -0.5366 0.7849
0.000 0.000 3.275 -0.1604 -0.5985 0.7849
0.000 0.000 3.275 -0.0000 -0.6196 0.7849
0.000 0.000 3.275 0.1604 -0.5985 0.7849
0.000 0.000 3.275 0.3098 -0.5366 0.7849
0.000 0.000 3.275 0.4382 -0.4382 0.7849
0.000 0.000 3.275 0.5366 -0.3098 0.7849
0.000 0.000 3.275 0.5985 -0.1604 0.7849
0.000 0.000 3.275 0.6196 -0.0000 0.7849
0.000 0.000 3.275 0.5985 0.1604 0.7849
0.000 0.000 3.275 0.5366 0.3098 0.7849
0.000 0.000 3.275 0.4382 0.4382 0.7849
0.000 0.000 3.275 0.3098 0.5366 0.7849
0.000 0.000 3.275 0.1604 0.5985 0.7849
0.000 0.000 3.275 0.0000 0.6196 0.7849
0.000 0.000 3.275 -0.1604 0.5985 0.7849
0.000 0.000 3.275 -0.3098 0.5366 0.7849
0.000 0.000 3.275 -0.4382 0.4382 0.7849
0.000 0.000 3.275 -0.5366 0.3098 0.7849
0.000 0.000 3.275 -0.5985 0.1604 0.7849
0 1 25
0 25 24
1 2 26
1 26 25
2 3 27
2 27 26
3 4 28
3 28 27
4 5 29
4 29 28
5 6 30
5 30 29
6 7 31
6 31 30
7 8 32
7 32 31
8 9 33
8 33 32
9 10 34
9 34 33
10 11 35
10 35 34
11 12 36
11 36 35
12 13 37
12 37 36
13 14 38
13 38 37
14 15 39
14 39 38
15 16 40
15 40 39
16 17 41
16 41 40
17 18 42
17 42 41
18 19 43
18 43 42
19 20 44
19 44 43
20 21 45
20 45 44
21 22 46
21 46 45
22 23 47
22 47 46
23 0 24
23 24 47
24 25 49
24 49 48
25 26 50
25 50 49
26 27 51
26 51 50
27 28 52
27 52 51
28 29 53
28 53 52
29 30 54
29 54 53
30 31 55
30 55 54
31 32 56
31 56 55
32 33 57
32 57 56
33 34 58
33 58 57
34 35 59
34 59 58
35 36 60
35 60 59
36 37 61
36 61 60
37 38 62
37 62 61
38 39 63
38 63 62
39 40 64
39 64 63
40 41 65
40 65 64
41 42 66
41 66 65
42 43 67
42 67 66
43 44 68
43 68 67
44 45 69
44 69 68
45 46 70
45 70 69
46 47 71
46 71 70
47 24 48
47 48 71
48 49 73
48 73 72
49 50 74
49 74 73
50 51 75
50 75 74
51 52 76
51 76 75
52 53 77
52 77 76
53 54 78
53 78 77
54 55 79
54 79 78
55 56 80
55 80 79
56 57 81
56 81 80
57 58 82
57 82 81
58 59 83
58 83 82
59 60 84
59 84 83
60 61 85
60 85 84
61 62 86
61 86 85
62 63 87
62 87 86
63 64 88
63 88 87
64 65 89
64 89 88
65 66 90
65 90 89
66 67 91
66 91 90
67 68 92
67 92 91
68 69 93
68 93 92
69 70 94
69 94 93
70 71 95
70 95 94
71 48 72
71 72 95
72 73 97
72 97 96
73 74 98
73 98 97
74 75 99
74 99 98
75 76 100
75 100 99
76 77 101
76 101 100
77 78 102
77 102 101
78 79 103
78 103 102
79 80 104
79 104 103
80 81 105
80 105 104
81 82 106
81 106 105
82 83 107
82 107 106
83 84 108
83 108 107
84 85 109
84 109 108
85 86 110
85 110 109
86 87 111
86 111 110
87 88 112
87 112 111
88 89 113
88 113 112
89 90 114
89 114 113
90 91 115
90 115 114
91 92 116
91 116 115
92 93 117
92 117 116
93 94 118
93 118 117
94 95 119
94 119 118
95 72 96
95 96 119
96 97 121
96 121 120
97 98 122
97 122 121
98 99 123
98 123 122
99 100 124
99 124 123
100 101 125
100 125 124
101 102 126
101 126 125
102 103 127
102 127 126
103 104 128
103 128 127
104 105 129
104 129 128
105 106 130
105 130 129
106 107 131
106 131 130
107 108 132
107 132 131
108 109 133
108 133 132
109 110 134
109 134 133
110 111 135
110 135 134
111 112 136
111 136 135
112 113 137
112 137 136
113 114 138
113 138 137
114 115 139
114 139 138
115 116 140
115 140 139
116 117 141
116 141 140
117 118 142
117 142 141
118 119 143
118 143 142
119 96 120
119 120 143
120 121 145
120 145 144
121 122 146
121 146 145
122 123 147
122 147 146
123 124 148
123 148 147
124 125 149
124 149 148
125 126 150
125 150 149
126 127 151
126 151 150
127 128 152
127 152 151
128 129 153
128 153 152
129 130 154
129 154 153
130 131 155
130 155 154
131 132 156
131 156 155
132 133 157
132 157 156
133 134 158
133 158 157
134 135 159
134 159 158
135 136 160
135 160 159
136 137 161
136 161 160
137 138 162
137 162 161
138 139 163
138 163 162
139 140 164
139 164 163
140 141 165
140 165 164
141 142 166
141 166 165
142 143 167
142 167 166
143 120 144
143 144 167
LABEL sfoot3_mast
MATERIAL 7
TEXTURE 0
GEOM 506 480 ;sfoot3_mast
-1.450 0.000 1.775 -1.0000 0.0000 0.0000
-1.401 -0.375 1.775 -0.9659 -0.2588 0.0000
-1.256 -0.725 1.775 -0.8660 -0.5000 0.0000
-1.025 -1.025 1.775 -0.7071 -0.7071 0.0000
-0.725 -1.256 1.775 -0.5000 -0.8660 0.0000
-0.375 -1.401 1.775 -0.2588 -0.9659 0.0000
0.000 -1.450 1.775 -0.0000 -1.0000 0.0000
0.375 -1.401 1.775 0.2588 -0.9659 0.0000
0.725 -1.256 1.775 0.5000 -0.8660 0.0000
1.025 -1.025 1.775 0.7071 -0.7071 0.0000
1.256 -0.725 1.775 0.8660 -0.5000 0.0000
1.401 -0.375 1.775 0.9659 -0.2588 0.0000
1.450 0.000 1.775 1.0000 -0.0000 0.0000
1.401 0.375 1.775 0.9659 0.2588 -0.0000
1.256 0.725 1.775 0.8660 0.5000 -0.0000
1.025 1.025 1.775 0.7071 0.7071 -0.0000
0.725 1.256 1.775 0.5000 0.8660 -0.0000
0.375 1.401 1.775 0.2588 0.9659 -0.0000
0.000 1.450 1.775 0.0000 1.0000 -0.0000
-0.375 1.401 1.775 -0.2588 0.9659 0.0000
-0.725 1.256 1.775 -0.5000 0.8660 0.0000
-1.025 1.025 1.775 -0.7071 0.7071 0.0000
-1.256 0.725 1.775 -0.8660 0.5000 0.0000
-1.401 0.375 1.775 -0.9659 0.2588 0.0000
-1.450 0.000 2.475 -1.0000 0.0000 0.0000
-1.401 -0.375 2.475 -0.9659 -0.2588 0.0000
-1.256 -0.725 2.475 -0.8660 -0.5000 0.0000
-1.025 -1.025 2.475 -0.7071 -0.7071 0.0000
-0.725 -1.256 2.475 -0.5000 -0.8660 0.0000
-0.375 -1.401 2.475 -0.2588 -0.9659 0.0000
0.000 -1.450 2.475 -0.0000 -1.0000 0.0000
0.375 -1.401 2.475 0.2588 -0.9659 0.0000
0.725 -1.256 2.475 0.5000 -0.8660 0.0000
1.025 -1.025 2.475 0.7071 -0.7071 0.0000
1.256 -0.725 2.475 0.8660 -0.5000 0.0000
1.401 -0.375 2.475 0.9659 -0.2588 0.0000
1.450 0.000 2.475 1.0000 -0.0000 0.0000
1.401 0.375 2.475 0.9659 0.2588 -0.0000
1.256 0.725 2.475 0.8660 0.5000 -0.0000
1.025 1.025 2.475 0.7071 0.7071 -0.0000
0.725 1.256 2.475 0.5000 0.8660 -0.0000
0.375 1.401 2.475 0.2588 0.9659 -0.0000
0.000 1.450 2.475 0.0000 1.0000 -0.0000
-0.375 1.401 2.475 -0.2588 0.9659 0.0000
-0.725 1.256 2.475 -0.5000 0.8660 0.0000
-1.025 1.025 2.475 -0.7071 0.7071 0.0000
-1.256 0.725 2.475 -0.8660 0.5000 0.0000
-1.401 0.375 2.475 -0.9659 0.2588 0.0000
0.000 0.000 1.775 -0.0000 -0.0000 -1.0000
-1.450 0.000 1.775 -0.0000 -0.0000 -1.0000
-1.401 -0.375 1.775 -0.0000 -0.0000 -1.0000
-1.256 -0.725 1.775 -0.0000 -0.0000 -1.0000
-1.025 -1.025 1.775 -0.0000 -0.0000 -1.0000
-0.725 -1.256 1.775 -0.0000 -0.0000 -1.0000
-0.375 -1.401 1.775 -0.0000 -0.0000 -1.0000
0.000 -1.450 1.775 -0.0000 -0.0000 -1.0000
0.375 -1.401 1.775 -0.0000 -0.0000 -1.0000
0.725 -1.256 1.775 -0.0000 -0.0000 -1.0000
1.025 -1.025 1.775 -0.0000 -0.0000 -1.0000
1.256 -0.725 1.775 -0.0000 -0.0000 -1.0000
1.401 -0.375 1.775 -0.0000 -0.0000 -1.0000
1.450 0.000 1.775 -0.0000 -0.0000 -1.0000
1.401 0.375 1.775 -0.0000 -0.0000 -1.0000
1.256 0.725 1.775 -0.0000 -0.0000 -1.0000
1.025 1.025 1.775 -0.0000 -0.0000 -1.0000
0.725 1.256 1.775 -0.0000 -0.0000 -1.0000
0.375 1.401 1.775 -0.0000 -0.0000 -1.0000
0.000 1.450 1.775 -0.0000 -0.0000 -1.0000
-0.375 1.401 1.775 -0.0000 -0.0000 -1.0000
-0.725 1.256 1.775 -0.0000 -0.0000 -1.0000
-1.025 1.025 1.775 -0.0000 -0.0000 -1.0000
-1.256 0.725 1.775 -0.0000 -0.0000 -1.0000
-1.401 0.375 1.775 -0.0000 -0.0000 -1.0000
0.000 0.000 2.475 0.0000 0.0000 1.0000
-1.450 0.000 2.475 0.0000 0.0000 1.0000
-1.401 -0.375 2.475 0.0000 0.0000 1.0000
-1.256 -0.725 2.475 0.0000 0.0000 1.0000
-1.025 -1.025 2.475 0.0000 0.0000 1.0000
-0.725 -1.256 2.475 0.0000 0.0000 1.0000
-0.375 -1.401 2.475 0.0000 0.0000 1.0000
0.000 -1.450 2.475 0.0000 0.0000 1.0000
0.375 -1.401 2.475 0.0000 0.0000 1.0000
0.725 -1.256 2.475 0.0000 0.0000 1.0000
1.025 -1.025 2.475 0.0000 0.0000 1.0000
1.256 -0.725 2.475 0.0000 0.0000 1.0000
1.401 -0.375 2.475 0.0000 0.0000 1.0000
1.450 0.000 2.475 0.0000 0.0000 1.0000
1.401 0.375 2.475 0.0000 0.0000 1.0000
1.256 0.725 2.475 0.0000 0.0000 1.0000
1.025 1.025 2.475 0.0000 0.0000 1.0000
0.725 1.256 2.475 0.0000 0.0000 1.0000
0.375 1.401 2.475 0.0000 0.0000 1.0000
0.000 1.450 2.475 0.0000 0.0000 1.0000
-0.375 1.401 2.475 0.0000 0.0000 1.0000
-0.725 1.256 2.475 0.0000 0.0000 1.0000
-1.025 1.025 2.475 0.0000 0.0000 1.0000
-1.256 0.725 2.475 0.0000 0.0000 1.0000
-1.401 0.375 2.475 0.0000 0.0000 1.0000
-0.907 -0.812 1.905 0.0000 0.0000 -1.0000
-1.051 -0.872 1.969 -0.6526 -0.2722 -0.7071
-1.110 -0.897 2.125 -0.9229 -0.3850 -0.0000
-1.051 -0.872 2.281 -0.6526 -0.2722 0.7071
-0.907 -0.812 2.345 -0.0000 -0.0000 1.0000
-0.764 -0.752 2.281 0.6526 0.2722 0.7071
-0.704 -0.727 2.125 0.9229 0.3850 0.0000
-0.764 -0.752 1.969 0.6526 0.2722 -0.7071
-1.215 -0.074 1.905 0.0000 0.0000 -1.0000
-1.359 -0.133 1.969 -0.6526 -0.2722 -0.7071
-1.418 -0.158 2.125 -0.9229 -0.3850 -0.0000
-1.359 -0.133 2.281 -0.6526 -0.2722 0.7071
-1.215 -0.074 2.345 -0.0000 -0.0000 1.0000
-1.072 -0.014 2.281 0.6526 0.2722 0.7071
-1.012 0.011 2.125 0.9229 0.3850 0.0000
-1.072 -0.014 1.969 0.6526 0.2722 -0.7071
-0.907 -0.812 2.125 0.3850 -0.9229 -0.0000
-0.907 -0.812 1.905 0.3850 -0.9229 -0.0000
-1.051 -0.872 1.969 0.3850 -0.9229 -0.0000
-1.110 -0.897 2.125 0.3850 -0.9229 -0.0000
-1.051 -0.872 2.281 0.3850 -0.9229 -0.0000
-0.907 -0.812 2.345 0.3850 -0.9229 -0.0000
-0.764 -0.752 2.281 0.3850 -0.9229 -0.0000
-0.704 -0.727 2.125 0.3850 -0.9229 -0.0000
-0.764 -0.752 1.969 0.3850 -0.9229 -0.0000
-1.215 -0.074 2.125 -0.3850 0.9229 0.0000
-1.215 -0.074 1.905 -0.3850 0.9229 0.0000
-1.359 -0.133 1.969 -0.3850 0.9229 0.0000
-1.418 -0.158 2.125 -0.3850 0.9229 0.0000
-1.359 -0.133 2.281 -0.3850 0.9229 0.0000
-1.215 -0.074 2.345 -0.3850 0.9229 0.0000
-1.072 -0.014 2.281 -0.3850 0.9229 0.0000
-1.012 0.011 2.125 -0.3850 0.9229 0.0000
-1.072 -0.014 1.969 -0.3850 0.9229 0.0000
-1.192 -0.249 1.905 0.0000 0.0000 -1.0000
-1.346 -0.230 1.969 -0.7013 0.0905 -0.7071
-1.410 -0.221 2.125 -0.9918 0.1281 -0.0000
-1.346 -0.230 2.281 -0.7013 0.0905 0.7071
-1.192 -0.249 2.345 -0.0000 0.0000 1.0000
-1.037 -0.269 2.281 0.7013 -0.0905 0.7071
-0.974 -0.278 2.125 0.9918 -0.1281 0.0000
-1.037 -0.269 1.969 0.7013 -0.0905 -0.7071
-1.089 0.544 1.905 0.0000 0.0000 -1.0000
-1.244 0.564 1.969 -0.7013 0.0905 -0.7071
-1.307 0.572 2.125 -0.9918 0.1281 -0.0000
-1.244 0.564 2.281 -0.7013 0.0905 0.7071
-1.089 0.544 2.345 -0.0000 0.0000 1.0000
-0.935 0.524 2.281 0.7013 -0.0905 0.7071
-0.871 0.516 2.125 0.9918 -0.1281 0.0000
-0.935 0.524 1.969 0.7013 -0.0905 -0.7071
-1.192 -0.249 2.125 -0.1281 -0.9918 -0.0000
-1.192 -0.249 1.905 -0.1281 -0.9918 -0.0000
-1.346 -0.230 1.969 -0.1281 -0.9918 -0.0000
-1.410 -0.221 2.125 -0.1281 -0.9918 -0.0000
-1.346 -0.230 2.281 -0.1281 -0.9918 -0.0000
-1.192 -0.249 2.345 -0.1281 -0.9918 -0.0000
-1.037 -0.269 2.281 -0.1281 -0.9918 -0.0000
-0.974 -0.278 2.125 -0.1281 -0.9918 -0.0000
-1.037 -0.269 1.969 -0.1281 -0.9918 -0.0000
-1.089 0.544 2.125 0.1281 0.9918 0.0000
-1.089 0.544 1.905 0.1281 0.9918 0.0000
-1.244 0.564 1.969 0.1281 0.9918 0.0000
-1.307 0.572 2.125 0.1281 0.9918 0.0000
-1.244 0.564 2.281 0.1281 0.9918 0.0000
-1.089 0.544 2.345 0.1281 0.9918 0.0000
-0.935 0.524 2.281 0.1281 0.9918 0.0000
-0.871 0.516 2.125 0.1281 0.9918 0.0000
-0.935 0.524 1.969 0.1281 0.9918 0.0000
-1.157 0.380 2.345 0.0000 0.0000 1.0000
-1.033 0.285 2.281 0.5621 -0.4291 0.7071
-0.982 0.246 2.125 0.7949 -0.6068 0.0000
-1.033 0.285 1.969 0.5621 -0.4291 -0.7071
-1.157 0.380 1.905 0.0000 -0.0000 -1.0000
-1.280 0.474 1.969 -0.5621 0.4291 -0.7071
-1.332 0.513 2.125 -0.7949 0.6068 -0.0000
-1.280 0.474 2.281 -0.5621 0.4291 0.7071
-0.671 1.016 2.345 0.0000 0.0000 1.0000
-0.548 0.921 2.281 0.5621 -0.4291 0.7071
-0.497 0.882 2.125 0.7949 -0.6068 0.0000
-0.548 0.921 1.969 0.5621 -0.4291 -0.7071
-0.671 1.016 1.905 0.0000 -0.0000 -1.0000
-0.795 1.110 1.969 -0.5621 0.4291 -0.7071
-0.846 1.149 2.125 -0.7949 0.6068 -0.0000
-0.795 1.110 2.281 -0.5621 0.4291 0.7071
-1.157 0.380 2.125 -0.6068 -0.7949 -0.0000
-1.157 0.380 2.345 -0.6068 -0.7949 -0.0000
-1.033 0.285 2.281 -0.6068 -0.7949 -0.0000
-0.982 0.246 2.125 -0.6068 -0.7949 -0.0000
-1.033 0.285 1.969 -0.6068 -0.7949 -0.0000
-1.157 0.380 1.905 -0.6068 -0.7949 -0.0000
-1.280 0.474 1.969 -0.6068 -0.7949 -0.0000
-1.332 0.513 2.125 -0.6068 -0.7949 -0.0000
-1.280 0.474 2.281 -0.6068 -0.7949 -0.0000
-0.671 1.016 2.125 0.6068 0.7949 0.0000
-0.671 1.016 2.345 0.6068 0.7949 0.0000
-0.548 0.921 2.281 0.6068 0.7949 0.0000
-0.497 0.882 2.125 0.6068 0.7949 0.0000
-0.548 0.921 1.969 0.6068 0.7949 0.0000
-0.671 1.016 1.905 0.6068 0.7949 0.0000
-0.795 1.110 1.969 0.6068 0.7949 0.0000
-0.846 1.149 2.125 0.6068 0.7949 0.0000
-0.795 1.110 2.281 0.6068 0.7949 0.0000
-0.812 0.907 2.345 0.0000 0.0000 1.0000
-0.752 0.764 2.281 0.2722 -0.6526 0.7071
-0.727 0.704 2.125 0.3850 -0.9229 0.0000
-0.752 0.764 1.969 0.2722 -0.6526 -0.7071
-0.812 0.907 1.905 0.0000 -0.0000 -1.0000
-0.872 1.051 1.969 -0.2722 0.6526 -0.7071
-0.897 1.110 2.125 -0.3850 0.9229 -0.0000
-0.872 1.051 2.281 -0.2722 0.6526 0.7071
-0.074 1.215 2.345 0.0000 0.0000 1.0000
-0.014 1.072 2.281 0.2722 -0.6526 0.7071
0.011 1.012 2.125 0.3850 -0.9229 0.0000
-0.014 1.072 1.969 0.2722 -0.6526 -0.7071
-0.074 1.215 1.905 0.0000 -0.0000 -1.0000
-0.133 1.359 1.969 -0.2722 0.6526 -0.7071
-0.158 1.418 2.125 -0.3850 0.9229 -0.0000
-0.133 1.359 2.281 -0.2722 0.6526 0.7071
-0.812 0.907 2.125 -0.9229 -0.3850 -0.0000
-0.812 0.907 2.345 -0.9229 -0.3850 -0.0000
-0.752 0.764 2.281 -0.9229 -0.3850 -0.0000
-0.727 0.704 2.125 -0.9229 -0.3850 -0.0000
-0.752 0.764 1.969 -0.9229 -0.3850 -0.0000
-0.812 0.907 1.905 -0.9229 -0.3850 -0.0000
-0.872 1.051 1.969 -0.9229 -0.3850 -0.0000
-0.897 1.110 2.125 -0.9229 -0.3850 -0.0000
-0.872 1.051 2.281 -0.9229 -0.3850 -0.0000
-0.074 1.215 2.125 0.9229 0.3850 0.0000
-0.074 1.215 2.345 0.9229 0.3850 0.0000
-0.014 1.072 2.281 0.9229 0.3850 0.0000
0.011 1.012 2.125 0.9229 0.3850 0.0000
-0.014 1.072 1.969 0.9229 0.3850 0.0000
-0.074 1.215 1.905 0.9229 0.3850 0.0000
-0.133 1.359 1.969 0.9229 0.3850 0.0000
-0.158 1.418 2.125 0.9229 0.3850 0.0000
-0.133 1.359 2.281 0.9229 0.3850 0.0000
-0.249 1.192 2.345 -0.0000 0.0000 1.0000
-0.269 1.037 2.281 -0.0905 -0.7013 0.7071
-0.278 0.974 2.125 -0.1281 -0.9918 0.0000
-0.269 1.037 1.969 -0.0905 -0.7013 -0.7071
-0.249 1.192 1.905 -0.0000 -0.0000 -1.0000
-0.230 1.346 1.969 0.0905 0.7013 -0.7071
-0.221 1.410 2.125 0.1281 0.9918 -0.0000
-0.230 1.346 2.281 0.0905 0.7013 0.7071
0.544 1.089 2.345 -0.0000 0.0000 1.0000
0.524 0.935 2.281 -0.0905 -0.7013 0.7071
0.516 0.871 2.125 -0.1281 -0.9918 0.0000
0.524 0.935 1.969 -0.0905 -0.7013 -0.7071
0.544 1.089 1.905 -0.0000 -0.0000 -1.0000
0.564 1.244 1.969 0.0905 0.7013 -0.7071
0.572 1.307 2.125 0.1281 0.9918 -0.0000
0.564 1.244 2.281 0.0905 0.7013 0.7071
-0.249 1.192 2.125 -0.9918 0.1281 -0.0000
-0.249 1.192 2.345 -0.9918 0.1281 -0.0000
-0.269 1.037 2.281 -0.9918 0.1281 -0.0000
-0.278 0.974 2.125 -0.9918 0.1281 -0.0000
-0.269 1.037 1.969 -0.9918 0.1281 -0.0000
-0.249 1.192 1.905 -0.9918 0.1281 -0.0000
-0.230 1.346 1.969 -0.9918 0.1281 -0.0000
-0.221 1.410 2.125 -0.9918 0.1281 -0.0000
-0.230 1.346 2.281 -0.9918 0.1281 -0.0000
0.544 1.089 2.125 0.9918 -0.1281 0.0000
0.544 1.089 2.345 0.9918 -0.1281 0.0000
0.524 0.935 2.281 0.9918 -0.1281 0.0000
0.516 0.871 2.125 0.9918 -0.1281 0.0000
0.524 0.935 1.969 0.9918 -0.1281 0.0000
0.544 1.089 1.905 0.9918 -0.1281 0.0000
0.564 1.244 1.969 0.9918 -0.1281 0.0000
0.572 1.307 2.125 0.9918 -0.1281 0.0000
0.564 1.244 2.281 0.9918 -0.1281 0.0000
0.380 1.157 2.345 -0.0000 0.0000 1.0000
0.285 1.033 2.281 -0.4291 -0.5621 0.7071
0.246 0.982 2.125 -0.6068 -0.7949 0.0000
0.285 1.033 1.969 -0.4291 -0.5621 -0.7071
0.380 1.157 1.905 -0.0000 -0.0000 -1.0000
0.474 1.280 1.969 0.4291 0.5621 -0.7071
0.513 1.332 2.125 0.6068 0.7949 -0.0000
0.474 1.280 2.281 0.4291 0.5621 0.7071
1.016 0.671 2.345 -0.0000 0.0000 1.0000
0.921 0.548 2.281 -0.4291 -0.5621 0.7071
0.882 0.497 2.125 -0.6068 -0.7949 0.0000
0.921 0.548 1.969 -0.4291 -0.5621 -0.7071
1.016 0.671 1.905 -0.0000 -0.0000 -1.0000
1.110 0.795 1.969 0.4291 0.5621 -0.7071
1.149 0.846 2.125 0.6068 0.7949 -0.0000
1.110 0.795 2.281 0.4291 0.5621 0.7071
0.380 1.157 2.125 -0.7949 0.6068 -0.0000
0.380 1.157 2.345 -0.7949 0.6068 -0.0000
0.285 1.033 2.281 -0.7949 0.6068 -0.0000
0.246 0.982 2.125 -0.7949 0.6068 -0.0000
0.285 1.033 1.969 -0.7949 0.6068 -0.0000
0.380 1.157 1.905 -0.7949 0.6068 -0.0000
0.474 1.280 1.969 -0.7949 0.6068 -0.0000
0.513 1.332 2.125 -0.7949 0.6068 -0.0000
0.474 1.280 2.281 -0.7949 0.6068 -0.0000
1.016 0.671 2.125 0.7949 -0.6068 0.0000
1.016 0.671 2.345 0.7949 -0.6068 0.0000
0.921 0.548 2.281 0.7949 -0.6068 0.0000
0.882 0.497 2.125 0.7949 -0.6068 0.0000
0.921 0.548 1.969 0.7949 -0.6068 0.0000
1.016 0.671 1.905 0.7949 -0.6068 0.0000
1.110 0.795 1.969 0.7949 -0.6068 0.0000
1.149 0.846 2.125 0.7949 -0.6068 0.0000
1.110 0.795 2.281 0.7949 -0.6068 0.0000
0.907 0.812 2.345 -0.0000 0.0000 1.0000
0.764 0.752 2.281 -0.6526 -0.2722 0.7071
0.704 0.727 2.125 -0.9229 -0.3850 0.0000
0.764 0.752 1.969 -0.6526 -0.2722 -0.7071
0.907 0.812 1.905 -0.0000 -0.0000 -1.0000
1.051 0.872 1.969 0.6526 0.2722 -0.7071
1.110 0.897 2.125 0.9229 0.3850 -0.0000
1.051 0.872 2.281 0.6526 0.2722 0.7071
1.215 0.074 2.345 -0.0000 0.0000 1.0000
1.072 0.014 2.281 -0.6526 -0.2722 0.7071
1.012 -0.011 2.125 -0.9229 -0.3850 0.0000
1.072 0.014 1.969 -0.6526 -0.2722 -0.7071
1.215 0.074 1.905 -0.0000 -0.0000 -1.0000
1.359 0.133 1.969 0.6526 0.2722 -0.7071
1.418 0.158 2.125 0.9229 0.3850 -0.0000
1.359 0.133 2.281 0.6526 0.2722 0.7071
0.907 0.812 2.125 -0.3850 0.9229 -0.0000
0.907 0.812 2.345 -0.3850 0.9229 -0.0000
0.764 0.752 2.281 -0.3850 0.9229 -0.0000
0.704 0.727 2.125 -0.3850 0.9229 -0.0000
0.764 0.752 1.969 -0.3850 0.9229 -0.0000
0.907 0.812 1.905 -0.3850 0.9229 -0.0000
1.051 0.872 1.969 -0.3850 0.9229 -0.0000
1.110 0.897 2.125 -0.3850 0.9229 -0.0000
1.051 0.872 2.281 -0.3850 0.9229 -0.0000
1.215 0.074 2.125 0.3850 -0.9229 0.0000
1.215 0.074 2.345 0.3850 -0.9229 0.0000
1.072 0.014 2.281 0.3850 -0.9229 0.0000
1.012 -0.011 2.125 0.3850 -0.9229 0.0000
1.072 0.014 1.969 0.3850 -0.9229 0.0000
1.215 0.074 1.905 0.3850 -0.9229 0.0000
1.359 0.133 1.969 0.3850 -0.9229 0.0000
1.418 0.158 2.125 0.3850 -0.9229 0.0000
1.359 0.133 2.281 0.3850 -0.9229 0.0000
1.192 0.249 2.345 -0.0000 0.0000 1.0000
1.037 0.269 2.281 -0.7013 0.0905 0.7071
0.974 0.278 2.125 -0.9918 0.1281 0.0000
1.037 0.269 1.969 -0.7013 0.0905 -0.7071
1.192 0.249 1.905 -0.0000 0.0000 -1.0000
1.346 0.230 1.969 0.7013 -0.0905 -0.7071
1.410 0.221 2.125 0.9918 -0.1281 -0.0000
1.346 0.230 2.281 0.7013 -0.0905 0.7071
1.089 -0.544 2.345 -0.0000 0.0000 1.0000
0.935 -0.524 2.281 -0.7013 0.0905 0.7071
0.871 -0.516 2.125 -0.9918 0.1281 0.0000
0.935 -0.524 1.969 -0.7013 0.0905 -0.7071
1.089 -0.544 1.905 -0.0000 0.0000 -1.0000
1.244 -0.564 1.969 0.7013 -0.0905 -0.7071
1.307 -0.572 2.125 0.9918 -0.1281 -0.0000
1.244 -0.564 2.281 0.7013 -0.0905 0.7071
1.192 0.249 2.125 0.1281 0.9918 -0.0000
1.192 0.249 2.345 0.1281 0.9918 -0.0000
1.037 0.269 2.281 0.1281 0.9918 -0.0000
0.974 0.278 2.125 0.1281 0.9918 -0.0000
1.037 0.269 1.969 0.1281 0.9918 -0.0000
1.192 0.249 1.905 0.1281 0.9918 -0.0000
1.346 0.230 1.969 0.1281 0.9918 -0.0000
1.410 0.221 2.125 0.1281 0.9918 -0.0000
1.346 0.230 2.281 0.1281 0.9918 -0.0000
1.089 -0.544 2.125 -0.1281 -0.9918 0.0000
1.089 -0.544 2.345 -0.1281 -0.9918 0.0000
0.935 -0.524 2.281 -0.1281 -0.9918 0.0000
0.871 -0.516 2.125 -0.1281 -0.9918 0.0000
0.935 -0.524 1.969 -0.1281 -0.9918 0.0000
1.089 -0.544 1.905 -0.1281 -0.9918 0.0000
1.244 -0.564 1.969 -0.1281 -0.9918 0.0000
1.307 -0.572 2.125 -0.1281 -0.9918 0.0000
1.244 -0.564 2.281 -0.1281 -0.9918 0.0000
1.157 -0.380 1.905 0.0000 0.0000 -1.0000
1.280 -0.474 1.969 0.5621 -0.4291 -0.7071
1.332 -0.513 2.125 0.7949 -0.6068 -0.0000
1.280 -0.474 2.281 0.5621 -0.4291 0.7071
1.157 -0.380 2.345 0.0000 -0.0000 1.0000
1.033 -0.285 2.281 -0.5621 0.4291 0.7071
0.982 -0.246 2.125 -0.7949 0.6068 0.0000
1.033 -0.285 1.969 -0.5621 0.4291 -0.7071
0.671 -1.016 1.905 0.0000 0.0000 -1.0000
0.795 -1.110 1.969 0.5621 -0.4291 -0.7071
0.846 -1.149 2.125 0.7949 -0.6068 -0.0000
0.795 -1.110 2.281 0.5621 -0.4291 0.7071
0.671 -1.016 2.345 0.0000 -0.0000 1.0000
0.548 -0.921 2.281 -0.5621 0.4291 0.7071
0.497 -0.882 2.125 -0.7949 0.6068 0.0000
0.548 -0.921 1.969 -0.5621 0.4291 -0.7071
1.157 -0.380 2.125 0.6068 0.7949 -0.0000
1.157 -0.380 1.905 0.6068 0.7949 -0.0000
1.280 -0.474 1.969 0.6068 0.7949 -0.0000
1.332 -0.513 2.125 0.6068 0.7949 -0.0000
1.280 -0.474 2.281 0.6068 0.7949 -0.0000
1.157 -0.380 2.345 0.6068 0.7949 -0.0000
1.033 -0.285 2.281 0.6068 0.7949 -0.0000
0.982 -0.246 2.125 0.6068 0.7949 -0.0000
1.033 -0.285 1.969 0.6068 0.7949 -0.0000
0.671 -1.016 2.125 -0.6068 -0.7949 0.0000
0.671 -1.016 1.905 -0.6068 -0.7949 0.0000
0.795 -1.110 1.969 -0.6068 -0.7949 0.0000
0.846 -1.149 2.125 -0.6068 -0.7949 0.0000
0.795 -1.110 2.281 -0.6068 -0.7949 0.0000
0.671 -1.016 2.345 -0.6068 -0.7949 0.0000
0.548 -0.921 2.281 -0.6068 -0.7949 0.0000
0.497 -0.882 2.125 -0.6068 -0.7949 0.0000
0.548 -0.921 1.969 -0.6068 -0.7949 0.0000
0.812 -0.907 1.905 0.0000 0.0000 -1.0000
0.872 -1.051 1.969 0.2722 -0.6526 -0.7071
0.897 -1.110 2.125 0.3850 -0.9229 -0.0000
0.872 -1.051 2.281 0.2722 -0.6526 0.7071
0.812 -0.907 2.345 0.0000 -0.0000 1.0000
0.752 -0.764 2.281 -0.2722 0.6526 0.7071
0.727 -0.704 2.125 -0.3850 0.9229 0.0000
0.752 -0.764 1.969 -0.2722 0.6526 -0.7071
0.074 -1.215 1.905 0.0000 0.0000 -1.0000
0.133 -1.359 1.969 0.2722 -0.6526 -0.7071
0.158 -1.418 2.125 0.3850 -0.9229 -0.0000
0.133 -1.359 2.281 0.2722 -0.6526 0.7071
0.074 -1.215 2.345 0.0000 -0.0000 1.0000
0.014 -1.072 2.281 -0.2722 0.6526 0.7071
-0.011 -1.012 2.125 -0.3850 0.9229 0.0000
0.014 -1.072 1.969 -0.2722 0.6526 -0.7071
0.812 -0.907 2.125 0.9229 0.3850 -0.0000
0.812 -0.907 1.905 0.9229 0.3850 -0.0000
0.872 -1.051 1.969 0.9229 0.3850 -0.0000
0.897 -1.110 2.125 0.9229 0.3850 -0.0000
0.872 -1.051 2.281 0.9229 0.3850 -0.0000
0.812 -0.907 2.345 0.9229 0.3850 -0.0000
0.752 -0.764 2.281 0.9229 0.3850 -0.0000
0.727 -0.704 2.125 0.9229 0.3850 -0.0000
0.752 -0.764 1.969 0.9229 0.3850 -0.0000
0.074 -1.215 2.125 -0.9229 -0.3850 0.0000
0.074 -1.215 1.905 -0.9229 -0.3850 0.0000
0.133 -1.359 1.969 -0.9229 -0.3850 0.0000
0.158 -1.418 2.125 -0.9229 -0.3850 0.0000
0.133 -1.359 2.281 -0.9229 -0.3850 0.0000
0.074 -1.215 2.345 -0.9229 -0.3850 0.0000
0.014 -1.072 2.281 -0.9229 -0.3850 0.0000
-0.011 -1.012 2.125 -0.9229 -0.3850 0.0000
0.014 -1.072 1.969 -0.9229 -0.3850 0.0000
0.249 -1.192 1.905 0.0000 0.0000 -1.0000
0.230 -1.346 1.969 -0.0905 -0.7013 -0.7071
0.221 -1.410 2.125 -0.1281 -0.9918 -0.0000
0.230 -1.346 2.281 -0.0905 -0.7013 0.7071
0.249 -1.192 2.345 -0.0000 -0.0000 1.0000
0.269 -1.037 2.281 0.0905 0.7013 0.7071
0.278 -0.974 2.125 0.1281 0.9918 0.0000
0.269 -1.037 1.969 0.0905 0.7013 -0.7071
-0.544 -1.089 1.905 0.0000 0.0000 -1.0000
-0.564 -1.244 1.969 -0.0905 -0.7013 -0.7071
-0.572 -1.307 2.125 -0.1281 -0.9918 -0.0000
-0.564 -1.244 2.281 -0.0905 -0.7013 0.7071
-0.544 -1.089 2.345 -0.0000 -0.0000 1.0000
-0.524 -0.935 2.281 0.0905 0.7013 0.7071
-0.516 -0.871 2.125 0.1281 0.9918 0.0000
-0.524 -0.935 1.969 0.0905 0.7013 -0.7071
0.249 -1.192 2.125 0.9918 -0.1281 -0.0000
0.249 -1.192 1.905 0.9918 -0.1281 -0.0000
0.230 -1.346 1.969 0.9918 -0.1281 -0.0000
0.221 -1.410 2.125 0.9918 -0.1281 -0.0000
0.230 -1.346 2.281 0.9918 -0.1281 -0.0000
0.249 -1.192 2.345 0.9918 -0.1281 -0.0000
0.269 -1.037 2.281 0.9918 -0.1281 -0.0000
0.278 -0.974 2.125 0.9918 -0.1281 -0.0000
0.269 -1.037 1.969 0.9918 -0.1281 -0.0000
-0.544 -1.089 2.125 -0.9918 0.1281 0.0000
-0.544 -1.089 1.905 -0.9918 0.1281 0.0000
-0.564 -1.244 1.969 -0.9918 0.1281 0.0000
-0.572 -1.307 2.125 -0.9918 0.1281 0.0000
-0.564 -1.244 2.281 -0.9918 0.1281 0.0000
-0.544 -1.089 2.345 -0.9918 0.1281 0.0000
-0.524 -0.935 2.281 -0.9918 0.1281 0.0000
-0.516 -0.871 2.125 -0.9918 0.1281 0.0000
-0.524 -0.935 1.969 -0.9918 0.1281 0.0000
-0.380 -1.157 1.905 0.0000 0.0000 -1.0000
-0.474 -1.280 1.969 -0.4291 -0.5621 -0.7071
-0.513 -1.332 2.125 -0.6068 -0.7949 -0.0000
-0.474 -1.280 2.281 -0.4291 -0.5621 0.7071
-0.380 -1.157 2.345 -0.0000 -0.0000 1.0000
-0.285 -1.033 2.281 0.4291 0.5621 0.7071
-0.246 -0.982 2.125 0.6068 0.7949 0.0000
-0.285 -1.033 1.969 0.4291 0.5621 -0.7071
-1.016 -0.671 1.905 0.0000 0.0000 -1.0000
-1.110 -0.795 1.969 -0.4291 -0.5621 -0.7071
-1.149 -0.846 2.125 -0.6068 -0.7949 -0.0000
-1.110 -0.795 2.281 -0.4291 -0.5621 0.7071
-1.016 -0.671 2.345 -0.0000 -0.0000 1.0000
-0.921 -0.548 2.281 0.4291 0.5621 0.7071
-0.882 -0.497 2.125 0.6068 0.7949 0.0000
-0.921 -0.548 1.969 0.4291 0.5621 -0.7071
-0.380 -1.157 2.125 0.7949 -0.6068 -0.0000
-0.380 -1.157 1.905 0.7949 -0.6068 -0.0000
-0.474 -1.280 1.969 0.7949 -0.6068 -0.0000
-0.513 -1.332 2.125 0.7949 -0.6068 -0.0000
-0.474 -1.280 2.281 0.7949 -0.6068 -0.0000
-0.380 -1.157 2.345 0.7949 -0.6068 -0.0000
-0.285 -1.033 2.281 0.7949 -0.6068 -0.0000
-0.246 -0.982 2.125 0.7949 -0.6068 -0.0000
-0.285 -1.033 1.969 0.7949 -0.6068 -0.0000
-1.016 -0.671 2.125 -0.7949 0.6068 0.0000
-1.016 -0.671 1.905 -0.7949 0.6068 0.0000
-1.110 -0.795 1.969 -0.7949 0.6068 0.0000
-1.149 -0.846 2.125 -0.7949 0.6068 0.0000
-1.110 -0.795 2.281 -0.7949 0.6068 0.0000
-1.016 -0.671 2.345 -0.7949 0.6068 0.0000
-0.921 -0.548 2.281 -0.7949 0.6068 0.0000
-0.882 -0.497 2.125 -0.7949 0.6068 0.0000
-0.921 -0.548 1.969 -0.7949 0.6068 0.0000
0 1 25
0 25 24
1 2 26
1 26 25
2 3 27
2 27 26
3 4 28
3 28 27
4 5 29
4 29 28
5 6 30
5 30 29
6 7 31
6 31 30
7 8 32
7 32 31
8 9 33
8 33 32
9 10 34
9 34 33
10 11 35
10 35 34
11 12 36
11 36 35
12 13 37
12 37 36
13 14 38
13 38 37
14 15 39
14 39 38
15 16 40
15 40 39
16 17 41
16 41 40
17 18 42
17 42 41
18 19 43
18 43 42
19 20 44
19 44 43
20 21 45
20 45 44
21 22 46
21 46 45
22 23 47
22 47 46
23 0 24
23 24 47
48 50 49
48 51 50
48 52 51
48 53 52
48 54 53
48 55 54
48 56 55
48 57 56
48 58 57
48 59 58
48 60 59
48 61 60
48 62 61
48 63 62
48 64 63
48 65 64
48 66 65
48 67 66
48 68 67
48 69 68
48 70 69
48 71 70
48 72 71
48 49 72
73 74 75
73 75 76
73 76 77
73 77 78
73 78 79
73 79 80
73 80 81
73 81 82
73 82 83
73 83 84
73 84 85
73 85 86
73 86 87
73 87 88
73 88 89
73 89 90
73 90 91
73 91 92
73 92 93
73 93 94
73 94 95
73 95 96
73 96 97
73 97 74
98 99 107
98 107 106
99 100 108
99 108 107
100 101 109
100 109 108
101 102 110
101 110 109
102 103 111
102 111 110
103 104 112
103 112 111
104 105 113
104 113 112
105 98 106
105 106 113
114 116 115
114 117 116
114 118 117
114 119 118
114 120 119
114 121 120
114 122 121
114 115 122
123 124 125
123 125 126
123 126 127
123 127 128
123 128 129
123 129 130
123 130 131
123 131 124
132 133 141
132 141 140
133 134 142
133 142 141
134 135 143
134 143 142
135 136 144
135 144 143
136 137 145
136 145 144
137 138 146
137 146 145
138 139 147
138 147 146
139 132 140
139 140 147
148 150 149
148 151 150
148 152 151
148 153 152
148 154 153
148 155 154
148 156 155
148 149 156
157 158 159
157 159 160
157 160 161
157 161 162
157 162 163
157 163 164
157 164 165
157 165 158
166 167 175
166 175 174
167 168 176
167 176 175
168 169 177
168 177 176
169 170 178
169 178 177
170 171 179
170 179 178
171 172 180
171 180 179
172 173 181
172 181 180
173 166 174
173 174 181
182 184 183
182 185 184
182 186 185
182 187 186
182 188 187
182 189 188
182 190 189
182 183 190
191 192 193
191 193 194
191 194 195
191 195 196
191 196 197
191 197 198
191 198 199
191 199 192
200 201 209
200 209 208
201 202 210
201 210 209
202 203 211
202 211 210
203 204 212
203 212 211
204 205 213
204 213 212
205 206 214
205 214 213
206 207 215
206 215 214
207 200 208
207 208 215
216 218 217
216 219 218
216 220 219
216 221 220
216 222 221
216 223 222
216 224 223
216 217 224
225 226 227
225 227 228
225 228 229
225 229 230
225 230 231
225 231 232
225 232 233
225 233 226
234 235 243
234 243 242
235 236 244
235 244 243
236 237 245
236 245 244
237 238 246
237 246 245
238 239 247
238 247 246
239 240 248
239 248 247
240 241 249
240 249 248
241 234 242
241 242 249
250 252 251
250 253 252
250 254 253
250 255 254
250 256 255
250 257 256
250 258 257
250 251 258
259 260 261
259 261 262
259 262 263
259 263 264
259 264 265
259 265 266
259 266 267
259 267 260
268 269 277
268 277 276
269 270 278
269 278 277
270 271 279
270 279 278
271 272 280
271 280 279
272 273 281
272 281 280
273 274 282
273 282 281
274 275 283
274 283 282
275 268 276
275 276 283
284 286 285
284 287 286
284 288 287
284 289 288
284 290 289
284 291 290
284 292 291
284 285 292
293 294 295
293 295 296
293 296 297
293 297 298
293 298 299
293 299 300
293 300 301
293 301 294
302 303 311
302 311 310
303 304 312
303 312 311
304 305 313
304 313 312
305 306 314
305 314 313
306 307 315
306 315 314
307 308 316
307 316 315
308 309 317
308 317 316
309 302 310
309 310 317
318 320 319
318 321 320
318 322 321
318 323 322
318 324 323
318 325 324
318 326 325
318 319 326
327 328 329
327 329 330
327 330 331
327 331 332
327 332 333
327 333 334
327 334 335
327 335 328
336 337 345
336 345 344
337 338 346
337 346 345
338 339 347
338 347 346
339 340 348
339 348 347
340 341 349
340 349 348
341 342 350
341 350 349
342 343 351
342 351 350
343 336 344
343 344 351
352 354 353
352 355 354
352 356 355
352 357 356
352 358 357
352 359 358
352 360 359
352 353 360
361 362 363
361 363 364
361 364 365
361 365 366
361 366 367
361 367 368
361 368 369
361 369 362
370 371 379
370 379 378
371 372 380
371 380 379
372 373 381
372 381 380
373 374 382
373 382 381
374 375 383
374 383 382
375 376 384
375 384 383
376 377 385
376 385 384
377 370 378
377 378 385
386 388 387
386 389 388
386 390 389
386 391 390
386 392 391
386 393 392
386 394 393
386 387 394
395 396 397
395 397 398
395 398 399
395 399 400
395 400 401
395 401 402
395 402 403
395 403 396
404 405 413
404 413 412
405 406 414
405 414 413
406 407 415
406 415 414
407 408 416
407 416 415
408 409 417
408 417 416
409 410 418
409 418 417
410 411 419
410 419 418
411 404 412
411 412 419
420 422 421
420 423 422
420 424 423
420 425 424
420 426 425
420 427 426
420 428 427
420 421 428
429 430 431
429 431 432
429 432 433
429 433 434
429 434 435
429 435 436
429 436 437
429 437 430
438 439 447
438 447 446
439 440 448
439 448 447
440 441 449
440 449 448
441 442 450
441 450 449
442 443 451
442 451 450
443 444 452
443 452 451
444 445 453
444 453 452
445 438 446
445 446 453
454 456 455
454 457 456
454 458 457
454 459 458
454 460 459
454 461 460
454 462 461
454 455 462
463 464 465
463 465 466
463 466 467
463 467 468
463 468 469
463 469 470
463 470 471
463 471 464
472 473 481
472 481 480
473 474 482
473 482 481
474 475 483
474 483 482
475 476 484
475 484 483
476 477 485
476 485 484
477 478 486
477 486 485
478 479 487
478 487 486
479 472 480
479 480 487
488 490 489
488 491 490
488 492 491
488 493 492
488 494 493
488 495 494
488 496 495
488 489 496
497 498 499
497 499 500
497 500 501
497 501 502
497 502 503
497 503 504
497 504 505
497 505 498
LABEL sfoot3_petal_0
MATERIAL 7
TEXTURE 0
GEOM 66 52 ;sfoot3_petal_0
-0.704 -0.673 -1.782 0.9224 0.3848 0.0332
-0.973 -0.027 -1.782 0.9224 0.3848 0.0332
-0.987 -0.032 -1.332 0.9224 0.3848 0.0332
-0.717 -0.678 -1.332 0.9224 0.3848 0.0332
-9.887 -4.503 -2.112 -0.9224 -0.3848 -0.0332
-10.156 -3.857 -2.112 -0.9224 -0.3848 -0.0332
-10.170 -3.863 -1.662 -0.9224 -0.3848 -0.0332
-9.900 -4.509 -1.662 -0.9224 -0.3848 -0.0332
-0.704 -0.673 -1.782 0.3850 -0.9229 -0.0000
-9.887 -4.503 -2.112 0.3850 -0.9229 -0.0000
-9.900 -4.509 -1.662 0.3850 -0.9229 -0.0000
-0.717 -0.678 -1.332 0.3850 -0.9229 -0.0000
-0.973 -0.027 -1.782 -0.3850 0.9229 0.0000
-10.156 -3.857 -2.112 -0.3850 0.9229 0.0000
-10.170 -3.863 -1.662 -0.3850 0.9229 0.0000
-0.987 -0.032 -1.332 -0.3850 0.9229 0.0000
-0.704 -0.673 -1.782 0.0306 0.0128 -0.9995
-9.887 -4.503 -2.112 0.0306 0.0128 -0.9995
-10.156 -3.857 -2.112 0.0306 0.0128 -0.9995
-0.973 -0.027 -1.782 0.0306 0.0128 -0.9995
-0.717 -0.678 -1.332 -0.0306 -0.0128 0.9995
-9.900 -4.509 -1.662 -0.0306 -0.0128 0.9995
-10.170 -3.863 -1.662 -0.0306 -0.0128 0.9995
-0.987 -0.032 -1.332 -0.0306 -0.0128 0.9995
-0.473 -0.685 -2.125 0.0000 0.0000 -1.0000
-0.636 -0.753 -2.068 -0.5425 -0.2263 -0.8090
-0.736 -0.795 -1.918 -0.8778 -0.3661 -0.3090
-0.736 -0.795 -1.732 -0.8778 -0.3661 0.3090
-0.636 -0.753 -1.582 -0.5425 -0.2263 0.8090
-0.473 -0.685 -1.525 -0.0000 -0.0000 1.0000
-0.310 -0.617 -1.582 0.5425 0.2263 0.8090
-0.209 -0.575 -1.732 0.8778 0.3661 0.3090
-0.209 -0.575 -1.918 0.8778 0.3661 -0.3090
-0.310 -0.617 -2.068 0.5425 0.2263 -0.8090
-0.819 0.146 -2.125 0.0000 0.0000 -1.0000
-0.982 0.078 -2.068 -0.5425 -0.2263 -0.8090
-1.083 0.036 -1.918 -0.8778 -0.3661 -0.3090
-1.083 0.036 -1.732 -0.8778 -0.3661 0.3090
-0.982 0.078 -1.582 -0.5425 -0.2263 0.8090
-0.819 0.146 -1.525 -0.0000 -0.0000 1.0000
-0.657 0.214 -1.582 0.5425 0.2263 0.8090
-0.556 0.256 -1.732 0.8778 0.3661 0.3090
-0.556 0.256 -1.918 0.8778 0.3661 -0.3090
-0.657 0.214 -2.068 0.5425 0.2263 -0.8090
-0.473 -0.685 -1.825 0.3850 -0.9229 -0.0000
-0.473 -0.685 -2.125 0.3850 -0.9229 -0.0000
-0.636 -0.753 -2.068 0.3850 -0.9229 -0.0000
-0.736 -0.795 -1.918 0.3850 -0.9229 -0.0000
-0.736 -0.795 -1.732 0.3850 -0.9229 -0.0000
-0.636 -0.753 -1.582 0.3850 -0.9229 -0.0000
-0.473 -0.685 -1.525 0.3850 -0.9229 -0.0000
-0.310 -0.617 -1.582 0.3850 -0.9229 -0.0000
-0.209 -0.575 -1.732 0.3850 -0.9229 -0.0000
-0.209 -0.575 -1.918 0.3850 -0.9229 -0.0000
-0.310 -0.617 -2.068 0.3850 -0.9229 -0.0000
-0.819 0.146 -1.825 -0.3850 0.9229 0.0000
-0.819 0.146 -2.125 -0.3850 0.9229 0.0000
-0.982 0.078 -2.068 -0.3850 0.9229 0.0000
-1.083 0.036 -1.918 -0.3850 0.9229 0.0000
-1.083 0.036 -1.732 -0.3850 0.9229 0.0000
-0.982 0.078 -1.582 -0.3850 0.9229 0.0000
-0.819 0.146 -1.525 -0.3850 0.9229 0.0000
-0.657 0.214 -1.582 -0.3850 0.9229 0.0000
-0.556 0.256 -1.732 -0.3850 0.9229 0.0000
-0.556 0.256 -1.918 -0.3850 0.9229 0.0000
-0.657 0.214 -2.068 -0.3850 0.9229 0.0000
0 1 2
0 2 3
4 6 5
4 7 6
8 10 9
8 11 10
12 13 14
12 14 15
16 17 18
16 18 19
20 22 21
20 23 22
24 25 35
24 35 34
25 26 36
25 36 35
26 27 37
26 37 36
27 28 38
27 38 37
28 29 39
28 39 38
29 30 40
29 40 39
30 31 41
30 41 40
31 32 42
31 42 41
32 33 43
32 43 42
33 24 34
33 34 43
44 46 45
44 47 46
44 48 47
44 49 48
44 50 49
44 51 50
44 52 51
44 53 52
44 54 53
44 45 54
55 56 57
55 57 58
55 58 59
55 59 60
55 60 61
55 61 62
55 62 63
55 63 64
55 64 65
55 65 56
LABEL sfoot3_slat_0_0
MATERIAL 7
TEXTURE 0
GEOM 104 76 ;sfoot3_slat_0_0
-0.839 -0.631 -1.787 -0.0306 -0.0128 0.9995
-0.872 -0.585 -1.787 -0.0306 -0.0128 0.9995
-0.902 -0.538 -1.787 -0.0306 -0.0128 0.9995
-0.929 -0.489 -1.787 -0.0306 -0.0128 0.9995
-8.990 -6.763 -2.125 -0.0306 -0.0128 0.9995
-9.339 -6.273 -2.125 -0.0306 -0.0128 0.9995
-9.661 -5.764 -2.125 -0.0306 -0.0128 0.9995
-9.955 -5.239 -2.125 -0.0306 -0.0128 0.9995
-0.839 -0.631 -1.787 0.0306 0.0128 -0.9995
-0.872 -0.585 -1.787 0.0306 0.0128 -0.9995
-0.902 -0.538 -1.787 0.0306 0.0128 -0.9995
-0.929 -0.489 -1.787 0.0306 0.0128 -0.9995
-8.990 -6.763 -2.125 0.0306 0.0128 -0.9995
-9.339 -6.273 -2.125 0.0306 0.0128 -0.9995
-9.661 -5.764 -2.125 0.0306 0.0128 -0.9995
-9.955 -5.239 -2.125 0.0306 0.0128 -0.9995
-0.839 -0.631 -2.037 0.0306 0.0128 -0.9995
-0.872 -0.585 -2.037 0.0306 0.0128 -0.9995
-0.902 -0.538 -2.037 0.0306 0.0128 -0.9995
-0.929 -0.489 -2.037 0.0306 0.0128 -0.9995
-8.990 -6.763 -2.375 0.0306 0.0128 -0.9995
-9.339 -6.273 -2.375 0.0306 0.0128 -0.9995
-9.661 -5.764 -2.375 0.0306 0.0128 -0.9995
-9.955 -5.239 -2.375 0.0306 0.0128 -0.9995
-0.839 -0.631 -2.037 -0.0306 -0.0128 0.9995
-0.872 -0.585 -2.037 -0.0306 -0.0128 0.9995
-0.902 -0.538 -2.037 -0.0306 -0.0128 0.9995
-0.929 -0.489 -2.037 -0.0306 -0.0128 0.9995
-8.990 -6.763 -2.375 -0.0306 -0.0128 0.9995
-9.339 -6.273 -2.375 -0.0306 -0.0128 0.9995
-9.661 -5.764 -2.375 -0.0306 -0.0128 0.9995
-9.955 -5.239 -2.375 -0.0306 -0.0128 0.9995
-8.990 -6.763 -2.375 -0.8447 -0.5352 0.0000
-9.339 -6.273 -2.375 -0.8447 -0.5352 0.0000
-9.661 -5.764 -2.375 -0.8447 -0.5352 0.0000
-9.955 -5.239 -2.375 -0.8447 -0.5352 0.0000
-8.990 -6.763 -2.125 -0.8447 -0.5352 0.0000
-9.339 -6.273 -2.125 -0.8447 -0.5352 0.0000
-9.661 -5.764 -2.125 -0.8447 -0.5352 0.0000
-9.955 -5.239 -2.125 -0.8447 -0.5352 0.0000
-8.990 -6.763 -2.375 0.8447 0.5352 -0.0000
-9.339 -6.273 -2.375 0.8447 0.5352 -0.0000
-9.661 -5.764 -2.375 0.8447 0.5352 -0.0000
-9.955 -5.239 -2.375 0.8447 0.5352 -0.0000
-8.990 -6.763 -2.125 0.8447 0.5352 -0.0000
-9.339 -6.273 -2.125 0.8447 0.5352 -0.0000
-9.661 -5.764 -2.125 0.8447 0.5352 -0.0000
-9.955 -5.239 -2.125 0.8447 0.5352 -0.0000
-0.839 -0.631 -2.037 0.8447 0.5352 -0.0000
-0.872 -0.585 -2.037 0.8447 0.5352 -0.0000
-0.902 -0.538 -2.037 0.8447 0.5352 -0.0000
-0.929 -0.489 -2.037 0.8447 0.5352 -0.0000
-0.839 -0.631 -1.787 0.8447 0.5352 -0.0000
-0.872 -0.585 -1.787 0.8447 0.5352 -0.0000
-0.902 -0.538 -1.787 0.8447 0.5352 -0.0000
-0.929 -0.489 -1.787 0.8447 0.5352 -0.0000
-0.839 -0.631 -2.037 -0.8447 -0.5352 0.0000
-0.872 -0.585 -2.037 -0.8447 -0.5352 0.0000
-0.902 -0.538 -2.037 -0.8447 -0.5352 0.0000
-0.929 -0.489 -2.037 -0.8447 -0.5352 0.0000
-0.839 -0.631 -1.787 -0.8447 -0.5352 0.0000
-0.872 -0.585 -1.787 -0.8447 -0.5352 0.0000
-0.902 -0.538 -1.787 -0.8447 -0.5352 0.0000
-0.929 -0.489 -1.787 -0.8447 -0.5352 0.0000
-8.990 -6.763 -2.125 -0.8447 -0.5352 0.0000
-9.339 -6.273 -2.125 -0.8447 -0.5352 0.0000
-9.661 -5.764 -2.125 -0.8447 -0.5352 0.0000
-9.955 -5.239 -2.125 -0.8447 -0.5352 0.0000
-8.990 -6.763 -1.425 -0.8447 -0.5352 0.0000
-9.339 -6.273 -1.425 -0.8447 -0.5352 0.0000
-9.661 -5.764 -1.425 -0.8447 -0.5352 0.0000
-9.955 -5.239 -1.425 -0.8447 -0.5352 0.0000
-8.990 -6.763 -2.125 0.8447 0.5352 -0.0000
-9.339 -6.273 -2.125 0.8447 0.5352 -0.0000
-9.661 -5.764 -2.125 0.8447 0.5352 -0.0000
-9.955 -5.239 -2.125 0.8447 0.5352 -0.0000
-8.990 -6.763 -1.425 0.8447 0.5352 -0.0000
-9.339 -6.273 -1.425 0.8447 0.5352 -0.0000
-9.661 -5.764 -1.425 0.8447 0.5352 -0.0000
-9.955 -5.239 -1.425 0.8447 0.5352 -0.0000
-8.990 -6.763 -1.425 -0.0000 -0.0000 1.0000
-9.339 -6.273 -1.425 -0.0000 -0.0000 1.0000
-9.661 -5.764 -1.425 -0.0000 -0.0000 1.0000
-9.955 -5.239 -1.425 -0.0000 -0.0000 1.0000
-8.710 -6.553 -1.413 -0.0000 -0.0000 1.0000
-9.048 -6.078 -1.413 -0.0000 -0.0000 1.0000
-9.360 -5.585 -1.413 -0.0000 -0.0000 1.0000
-9.646 -5.076 -1.413 -0.0000 -0.0000 1.0000
-8.990 -6.763 -1.425 0.0000 0.0000 -1.0000
-9.339 -6.273 -1.425 0.0000 0.0000 -1.0000
-9.661 -5.764 -1.425 0.0000 0.0000 -1.0000
-9.955 -5.239 -1.425 0.0000 0.0000 -1.0000
-8.710 -6.553 -1.413 0.0000 0.0000 -1.0000
-9.048 -6.078 -1.413 0.0000 0.0000 -1.0000
-9.360 -5.585 -1.413 0.0000 0.0000 -1.0000
-9.646 -5.076 -1.413 0.0000 0.0000 -1.0000
-0.839 -0.631 -2.037 -0.6012 0.7991 0.0000
-8.990 -6.763 -2.375 -0.6012 0.7991 0.0000
-0.839 -0.631 -1.787 -0.6012 0.7991 0.0000
-8.990 -6.763 -2.125 -0.6012 0.7991 0.0000
-0.839 -0.631 -2.037 0.6012 -0.7991 -0.0000
-8.990 -6.763 -2.375 0.6012 -0.7991 -0.0000
-0.839 -0.631 -1.787 0.6012 -0.7991 -0.0000
-8.990 -6.763 -2.125 0.6012 -0.7991 -0.0000
0 1 5
0 5 4
8 13 9
8 12 13
1 2 6
1 6 5
9 14 10
9 13 14
2 3 7
2 7 6
10 15 11
10 14 15
16 21 17
16 20 21
24 25 29
24 29 28
17 22 18
17 21 22
25 26 30
25 30 29
18 23 19
18 22 23
26 27 31
26 31 30
32 37 33
32 36 37
40 41 45
40 45 44
33 38 34
33 37 38
41 42 46
41 46 45
34 39 35
34 38 39
42 43 47
42 47 46
48 49 53
48 53 52
56 61 57
56 60 61
49 50 54
49 54 53
57 62 58
57 61 62
50 51 55
50 55 54
58 63 59
58 62 63
64 69 65
64 68 69
72 73 77
72 77 76
65 70 66
65 69 70
73 74 78
73 78 77
66 71 67
66 70 71
74 75 79
74 79 78
80 85 81
80 84 85
88 89 93
88 93 92
81 86 82
81 85 86
89 90 94
89 94 93
82 87 83
82 86 87
90 91 95
90 95 94
96 97 99
96 99 98
100 103 101
100 102 103
LABEL sfoot3_slat_0_1
MATERIAL 7
TEXTURE 0
GEOM 96 72 ;sfoot3_slat_0_1
-0.931 -0.485 -1.787 -0.0306 -0.0128 0.9995
-0.957 -0.432 -1.787 -0.0306 -0.0128 0.9995
-0.980 -0.377 -1.787 -0.0306 -0.0128 0.9995
-1.000 -0.320 -1.787 -0.0306 -0.0128 0.9995
-9.976 -5.200 -2.125 -0.0306 -0.0128 0.9995
-10.256 -4.624 -2.125 -0.0306 -0.0128 0.9995
-10.502 -4.034 -2.125 -0.0306 -0.0128 0.9995
-10.714 -3.431 -2.125 -0.0306 -0.0128 0.9995
-0.931 -0.485 -1.787 0.0306 0.0128 -0.9995
-0.957 -0.432 -1.787 0.0306 0.0128 -0.9995
-0.980 -0.377 -1.787 0.0306 0.0128 -0.9995
-1.000 -0.320 -1.787 0.0306 0.0128 -0.9995
-9.976 -5.200 -2.125 0.0306 0.0128 -0.9995
-10.256 -4.624 -2.125 0.0306 0.0128 -0.9995
-10.502 -4.034 -2.125 0.0306 0.0128 -0.9995
-10.714 -3.431 -2.125 0.0306 0.0128 -0.9995
-0.931 -0.485 -2.037 0.0306 0.0128 -0.9995
-0.957 -0.432 -2.037 0.0306 0.0128 -0.9995
-0.980 -0.377 -2.037 0.0306 0.0128 -0.9995
-1.000 -0.320 -2.037 0.0306 0.0128 -0.9995
-9.976 -5.200 -2.375 0.0306 0.0128 -0.9995
-10.256 -4.624 -2.375 0.0306 0.0128 -0.9995
-10.502 -4.034 -2.375 0.0306 0.0128 -0.9995
-10.714 -3.431 -2.375 0.0306 0.0128 -0.9995
-0.931 -0.485 -2.037 -0.0306 -0.0128 0.9995
-0.957 -0.432 -2.037 -0.0306 -0.0128 0.9995
-0.980 -0.377 -2.037 -0.0306 -0.0128 0.9995
-1.000 -0.320 -2.037 -0.0306 -0.0128 0.9995
-9.976 -5.200 -2.375 -0.0306 -0.0128 0.9995
-10.256 -4.624 -2.375 -0.0306 -0.0128 0.9995
-10.502 -4.034 -2.375 -0.0306 -0.0128 0.9995
-10.714 -3.431 -2.375 -0.0306 -0.0128 0.9995
-9.976 -5.200 -2.375 -0.9229 -0.3850 0.0000
-10.256 -4.624 -2.375 -0.9229 -0.3850 0.0000
-10.502 -4.034 -2.375 -0.9229 -0.3850 0.0000
-10.714 -3.431 -2.375 -0.9229 -0.3850 0.0000
-9.976 -5.200 -2.125 -0.9229 -0.3850 0.0000
-10.256 -4.624 -2.125 -0.9229 -0.3850 0.0000
-10.502 -4.034 -2.125 -0.9229 -0.3850 0.0000
-10.714 -3.431 -2.125 -0.9229 -0.3850 0.0000
-9.976 -5.200 -2.375 0.9229 0.3850 -0.0000
-10.256 -4.624 -2.375 0.9229 0.3850 -0.0000
-10.502 -4.034 -2.375 0.9229 0.3850 -0.0000
-10.714 -3.431 -2.375 0.9229 0.3850 -0.0000
-9.976 -5.200 -2.125 0.9229 0.3850 -0.0000
-10.256 -4.624 -2.125 0.9229 0.3850 -0.0000
-10.502 -4.034 -2.125 0.9229 0.3850 -0.0000
-10.714 -3.431 -2.125 0.9229 0.3850 -0.0000
-0.931 -0.485 -2.037 0.9229 0.3850 -0.0000
-0.957 -0.432 -2.037 0.9229 0.3850 -0.0000
-0.980 -0.377 -2.037 0.9229 0.3850 -0.0000
-1.000 -0.320 -2.037 0.9229 0.3850 -0.0000
-0.931 -0.485 -1.787 0.9229 0.3850 -0.0000
-0.957 -0.432 -1.787 0.9229 0.3850 -0.0000
-0.980 -0.377 -1.787 0.9229 0.3850 -0.0000
-1.000 -0.320 -1.787 0.9229 0.3850 -0.0000
-0.931 -0.485 -2.037 -0.9229 -0.3850 0.0000
-0.957 -0.432 -2.037 -0.9229 -0.3850 0.0000
-0.980 -0.377 -2.037 -0.9229 -0.3850 0.0000
-1.000 -0.320 -2.037 -0.9229 -0.3850 0.0000
-0.931 -0.485 -1.787 -0.9229 -0.3850 0.0000
-0.957 -0.432 -1.787 -0.9229 -0.3850 0.0000
-0.980 -0.377 -1.787 -0.9229 -0.3850 0.0000
-1.000 -0.320 -1.787 -0.9229 -0.3850 0.0000
-9.976 -5.200 -2.125 -0.9229 -0.3850 0.0000
-10.256 -4.624 -2.125 -0.9229 -0.3850 0.0000
-10.502 -4.034 -2.125 -0.9229 -0.3850 0.0000
-10.714 -3.431 -2.125 -0.9229 -0.3850 0.0000
-9.976 -5.200 -1.425 -0.9229 -0.3850 0.0000
-10.256 -4.624 -1.425 -0.9229 -0.3850 0.0000
-10.502 -4.034 -1.425 -0.9229 -0.3850 0.0000
-10.714 -3.431 -1.425 -0.9229 -0.3850 0.0000
-9.976 -5.200 -2.125 0.9229 0.3850 -0.0000
-10.256 -4.624 -2.125 0.9229 0.3850 -0.0000
-10.502 -4.034 -2.125 0.9229 0.3850 -0.0000
-10.714 -3.431 -2.125 0.9229 0.3850 -0.0000
-9.976 -5.200 -1.425 0.9229 0.3850 -0.0000
-10.256 -4.624 -1.425 0.9229 0.3850 -0.0000
-10.502 -4.034 -1.425 0.9229 0.3850 -0.0000
-10.714 -3.431 -1.425 0.9229 0.3850 -0.0000
-9.976 -5.200 -1.425 -0.0000 -0.0000 1.0000
-10.256 -4.624 -1.425 -0.0000 -0.0000 1.0000
-10.502 -4.034 -1.425 -0.0000 -0.0000 1.0000
-10.714 -3.431 -1.425 -0.0000 -0.0000 1.0000
-9.666 -5.038 -1.413 -0.0000 -0.0000 1.0000
-9.937 -4.481 -1.413 -0.0000 -0.0000 1.0000
-10.175 -3.909 -1.413 -0.0000 -0.0000 1.0000
-10.381 -3.324 -1.413 -0.0000 -0.0000 1.0000
-9.976 -5.200 -1.425 0.0000 0.0000 -1.0000
-10.256 -4.624 -1.425 0.0000 0.0000 -1.0000
-10.502 -4.034 -1.425 0.0000 0.0000 -1.0000
-10.714 -3.431 -1.425 0.0000 0.0000 -1.0000
-9.666 -5.038 -1.413 0.0000 0.0000 -1.0000
-9.937 -4.481 -1.413 0.0000 0.0000 -1.0000
-10.175 -3.909 -1.413 0.0000 0.0000 -1.0000
-10.381 -3.324 -1.413 0.0000 0.0000 -1.0000
0 1 5
0 5 4
8 13 9
8 12 13
1 2 6
1 6 5
9 14 10
9 13 14
2 3 7
2 7 6
10 15 11
10 14 15
16 21 17
16 20 21
24 25 29
24 29 28
17 22 18
17 21 22
25 26 30
25 30 29
18 23 19
18 22 23
26 27 31
26 31 30
32 37 33
32 36 37
40 41 45
40 45 44
33 38 34
33 37 38
41 42 46
41 46 45
34 39 35
34 38 39
42 43 47
42 47 46
48 49 53
48 53 52
56 61 57
56 60 61
49 50 54
49 54 53
57 62 58
57 61 62
50 51 55
50 55 54
58 63 59
58 62 63
64 69 65
64 68 69
72 73 77
72 77 76
65 70 66
65 69 70
73 74 78
73 78 77
66 71 67
66 70 71
74 75 79
74 79 78
80 85 81
80 84 85
88 89 93
88 93 92
81 86 82
81 85 86
89 90 94
89 94 93
82 87 83
82 86 87
90 91 95
90 95 94
LABEL sfoot3_slat_0_2
MATERIAL 7
TEXTURE 0
GEOM 104 76 ;sfoot3_slat_0_2
-1.001 -0.316 -1.787 -0.0306 -0.0128 0.9995
-1.017 -0.262 -1.787 -0.0306 -0.0128 0.9995
-1.029 -0.207 -1.787 -0.0306 -0.0128 0.9995
-1.039 -0.152 -1.787 -0.0306 -0.0128 0.9995
-10.728 -3.388 -2.125 -0.0306 -0.0128 0.9995
-10.894 -2.810 -2.125 -0.0306 -0.0128 0.9995
-11.028 -2.223 -2.125 -0.0306 -0.0128 0.9995
-11.131 -1.630 -2.125 -0.0306 -0.0128 0.9995
-1.001 -0.316 -1.787 0.0306 0.0128 -0.9995
-1.017 -0.262 -1.787 0.0306 0.0128 -0.9995
-1.029 -0.207 -1.787 0.0306 0.0128 -0.9995
-1.039 -0.152 -1.787 0.0306 0.0128 -0.9995
-10.728 -3.388 -2.125 0.0306 0.0128 -0.9995
-10.894 -2.810 -2.125 0.0306 0.0128 -0.9995
-11.028 -2.223 -2.125 0.0306 0.0128 -0.9995
-11.131 -1.630 -2.125 0.0306 0.0128 -0.9995
-1.001 -0.316 -2.037 0.0306 0.0128 -0.9995
-1.017 -0.262 -2.037 0.0306 0.0128 -0.9995
-1.029 -0.207 -2.037 0.0306 0.0128 -0.9995
-1.039 -0.152 -2.037 0.0306 0.0128 -0.9995
-10.728 -3.388 -2.375 0.0306 0.0128 -0.9995
-10.894 -2.810 -2.375 0.0306 0.0128 -0.9995
-11.028 -2.223 -2.375 0.0306 0.0128 -0.9995
-11.131 -1.630 -2.375 0.0306 0.0128 -0.9995
-1.001 -0.316 -2.037 -0.0306 -0.0128 0.9995
-1.017 -0.262 -2.037 -0.0306 -0.0128 0.9995
-1.029 -0.207 -2.037 -0.0306 -0.0128 0.9995
-1.039 -0.152 -2.037 -0.0306 -0.0128 0.9995
-10.728 -3.388 -2.375 -0.0306 -0.0128 0.9995
-10.894 -2.810 -2.375 -0.0306 -0.0128 0.9995
-11.028 -2.223 -2.375 -0.0306 -0.0128 0.9995
-11.131 -1.630 -2.375 -0.0306 -0.0128 0.9995
-10.728 -3.388 -2.375 -0.9746 -0.2237 0.0000
-10.894 -2.810 -2.375 -0.9746 -0.2237 0.0000
-11.028 -2.223 -2.375 -0.9746 -0.2237 0.0000
-11.131 -1.630 -2.375 -0.9746 -0.2237 0.0000
-10.728 -3.388 -2.125 -0.9746 -0.2237 0.0000
-10.894 -2.810 -2.125 -0.9746 -0.2237 0.0000
-11.028 -2.223 -2.125 -0.9746 -0.2237 0.0000
-11.131 -1.630 -2.125 -0.9746 -0.2237 0.0000
-10.728 -3.388 -2.375 0.9746 0.2237 -0.0000
-10.894 -2.810 -2.375 0.9746 0.2237 -0.0000
-11.028 -2.223 -2.375 0.9746 0.2237 -0.0000
-11.131 -1.630 -2.375 0.9746 0.2237 -0.0000
-10.728 -3.388 -2.125 0.9746 0.2237 -0.0000
-10.894 -2.810 -2.125 0.9746 0.2237 -0.0000
-11.028 -2.223 -2.125 0.9746 0.2237 -0.0000
-11.131 -1.630 -2.125 0.9746 0.2237 -0.0000
-1.001 -0.316 -2.037 0.9746 0.2237 -0.0000
-1.017 -0.262 -2.037 0.9746 0.2237 -0.0000
-1.029 -0.207 -2.037 0.9746 0.2237 -0.0000
-1.039 -0.152 -2.037 0.9746 0.2237 -0.0000
-1.001 -0.316 -1.787 0.9746 0.2237 -0.0000
-1.017 -0.262 -1.787 0.9746 0.2237 -0.0000
-1.029 -0.207 -1.787 0.9746 0.2237 -0.0000
-1.039 -0.152 -1.787 0.9746 0.2237 -0.0000
-1.001 -0.316 -2.037 -0.9746 -0.2237 0.0000
-1.017 -0.262 -2.037 -0.9746 -0.2237 0.0000
-1.029 -0.207 -2.037 -0.9746 -0.2237 0.0000
-1.039 -0.152 -2.037 -0.9746 -0.2237 0.0000
-1.001 -0.316 -1.787 -0.9746 -0.2237 0.0000
-1.017 -0.262 -1.787 -0.9746 -0.2237 0.0000
-1.029 -0.207 -1.787 -0.9746 -0.2237 0.0000
-1.039 -0.152 -1.787 -0.9746 -0.2237 0.0000
-10.728 -3.388 -2.125 -0.9746 -0.2237 0.0000
-10.894 -2.810 -2.125 -0.9746 -0.2237 0.0000
-11.028 -2.223 -2.125 -0.9746 -0.2237 0.0000
-11.131 -1.630 -2.125 -0.9746 -0.2237 0.0000
-10.728 -3.388 -1.425 -0.9746 -0.2237 0.0000
-10.894 -2.810 -1.425 -0.9746 -0.2237 0.0000
-11.028 -2.223 -1.425 -0.9746 -0.2237 0.0000
-11.131 -1.630 -1.425 -0.9746 -0.2237 0.0000
-10.728 -3.388 -2.125 0.9746 0.2237 -0.0000
-10.894 -2.810 -2.125 0.9746 0.2237 -0.0000
-11.028 -2.223 -2.125 0.9746 0.2237 -0.0000
-11.131 -1.630 -2.125 0.9746 0.2237 -0.0000
-10.728 -3.388 -1.425 0.9746 0.2237 -0.0000
-10.894 -2.810 -1.425 0.9746 0.2237 -0.0000
-11.028 -2.223 -1.425 0.9746 0.2237 -0.0000
-11.131 -1.630 -1.425 0.9746 0.2237 -0.0000
-10.728 -3.388 -1.425 -0.0000 -0.0000 1.0000
-10.894 -2.810 -1.425 -0.0000 -0.0000 1.0000
-11.028 -2.223 -1.425 -0.0000 -0.0000 1.0000
-11.131 -1.630 -1.425 -0.0000 -0.0000 1.0000
-10.394 -3.283 -1.413 -0.0000 -0.0000 1.0000
-10.555 -2.722 -1.413 -0.0000 -0.0000 1.0000
-10.685 -2.154 -1.413 -0.0000 -0.0000 1.0000
-10.785 -1.579 -1.413 -0.0000 -0.0000 1.0000
-10.728 -3.388 -1.425 0.0000 0.0000 -1.0000
-10.894 -2.810 -1.425 0.0000 0.0000 -1.0000
-11.028 -2.223 -1.425 0.0000 0.0000 -1.0000
-11.131 -1.630 -1.425 0.0000 0.0000 -1.0000
-10.394 -3.283 -1.413 0.0000 0.0000 -1.0000
-10.555 -2.722 -1.413 0.0000 0.0000 -1.0000
-10.685 -2.154 -1.413 0.0000 0.0000 -1.0000
-10.785 -1.579 -1.413 0.0000 0.0000 -1.0000
-1.039 -0.152 -2.037 -0.1449 0.9894 0.0000
-11.131 -1.630 -2.375 -0.1449 0.9894 0.0000
-1.039 -0.152 -1.787 -0.1449 0.9894 0.0000
-11.131 -1.630 -2.125 -0.1449 0.9894 0.0000
-1.039 -0.152 -2.037 0.1449 -0.9894 -0.0000
-11.131 -1.630 -2.375 0.1449 -0.9894 -0.0000
-1.039 -0.152 -1.787 0.1449 -0.9894 -0.0000
-11.131 -1.630 -2.125 0.1449 -0.9894 -0.0000
0 1 5
0 5 4
8 13 9
8 12 13
1 2 6
1 6 5
9 14 10
9 13 14
2 3 7
2 7 6
10 15 11
10 14 15
16 21 17
16 20 21
24 25 29
24 29 28
17 22 18
17 21 22
25 26 30
25 30 29
18 23 19
18 22 23
26 27 31
26 31 30
32 37 33
32 36 37
40 41 45
40 45 44
33 38 34
33 37 38
41 42 46
41 46 45
34 39 35
34 38 39
42 43 47
42 47 46
48 49 53
48 53 52
56 61 57
56 60 61
49 50 54
49 54 53
57 62 58
57 61 62
50 51 55
50 55 54
58 63 59
58 62 63
64 69 65
64 68 69
72 73 77
72 77 76
65 70 66
65 69 70
73 74 78
73 78 77
66 71 67
66 70 71
74 75 79
74 79 78
80 85 81
80 84 85
88 89 93
88 93 92
81 86 82
81 85 86
89 90 94
89 94 93
82 87 83
82 86 87
90 91 95
90 95 94
96 97 99
96 99 98
100 103 101
100 102 103
LABEL sfoot3_strut_0
MATERIAL 9
TEXTURE 0
GEOM 50 48 ;sfoot3_strut_0
-0.785 -0.443 1.708 0.5525 0.0000 -0.8335
-0.754 -0.679 1.809 0.6153 -0.4723 -0.6311
-0.805 -0.852 1.995 0.5133 -0.8180 -0.2596
-0.924 -0.915 2.216 0.2737 -0.9445 0.1814
-1.081 -0.852 2.412 -0.0392 -0.8180 0.5739
-1.232 -0.679 2.531 -0.3416 -0.4723 0.8126
-1.338 -0.443 2.542 -0.5525 -0.0000 0.8335
-1.369 -0.207 2.441 -0.6153 0.4723 0.6311
-1.318 -0.034 2.255 -0.5133 0.8180 0.2596
-1.198 0.030 2.034 -0.2737 0.9445 -0.1814
-1.042 -0.034 1.838 0.0392 0.8180 -0.5739
-0.891 -0.207 1.719 0.3416 0.4723 -0.8126
-4.022 -1.793 -0.438 0.5525 0.0000 -0.8335
-3.991 -2.029 -0.336 0.6153 -0.4723 -0.6311
-4.042 -2.202 -0.151 0.5133 -0.8180 -0.2596
-4.162 -2.265 0.070 0.2737 -0.9445 0.1814
-4.318 -2.202 0.266 -0.0392 -0.8180 0.5739
-4.469 -2.029 0.385 -0.3416 -0.4723 0.8126
-4.575 -1.793 0.396 -0.5525 -0.0000 0.8335
-4.606 -1.557 0.295 -0.6153 0.4723 0.6311
-4.555 -1.384 0.109 -0.5133 0.8180 0.2596
-4.435 -1.321 -0.112 -0.2737 0.9445 -0.1814
-4.279 -1.384 -0.308 0.0392 0.8180 -0.5739
-4.128 -1.557 -0.427 0.3416 0.4723 -0.8126
-1.061 -0.443 2.125 0.7873 0.3284 0.5219
-0.785 -0.443 1.708 0.7873 0.3284 0.5219
-0.754 -0.679 1.809 0.7873 0.3284 0.5219
-0.805 -0.852 1.995 0.7873 0.3284 0.5219
-0.924 -0.915 2.216 0.7873 0.3284 0.5219
-1.081 -0.852 2.412 0.7873 0.3284 0.5219
-1.232 -0.679 2.531 0.7873 0.3284 0.5219
-1.338 -0.443 2.542 0.7873 0.3284 0.5219
-1.369 -0.207 2.441 0.7873 0.3284 0.5219
-1.318 -0.034 2.255 0.7873 0.3284 0.5219
-1.198 0.030 2.034 0.7873 0.3284 0.5219
-1.042 -0.034 1.838 0.7873 0.3284 0.5219
-0.891 -0.207 1.719 0.7873 0.3284 0.5219
-4.299 -1.793 -0.021 -0.7873 -0.3284 -0.5219
-4.022 -1.793 -0.438 -0.7873 -0.3284 -0.5219
-3.991 -2.029 -0.336 -0.7873 -0.3284 -0.5219
-4.042 -2.202 -0.151 -0.7873 -0.3284 -0.5219
-4.162 -2.265 0.070 -0.7873 -0.3284 -0.5219
-4.318 -2.202 0.266 -0.7873 -0.3284 -0.5219
-4.469 -2.029 0.385 -0.7873 -0.3284 -0.5219
-4.575 -1.793 0.396 -0.7873 -0.3284 -0.5219
-4.606 -1.557 0.295 -0.7873 -0.3284 -0.5219
-4.555 -1.384 0.109 -0.7873 -0.3284 -0.5219
-4.435 -1.321 -0.112 -0.7873 -0.3284 -0.5219
-4.279 -1.384 -0.308 -0.7873 -0.3284 -0.5219
-4.128 -1.557 -0.427 -0.7873 -0.3284 -0.5219
0 1 13
0 13 12
1 2 14
1 14 13
2 3 15
2 15 14
3 4 16
3 16 15
4 5 17
4 17 16
5 6 18
5 18 17
6 7 19
6 19 18
7 8 20
7 20 19
8 9 21
8 21 20
9 10 22
9 22 21
10 11 23
10 23 22
11 0 12
11 12 23
24 26 25
24 27 26
24 28 27
24 29 28
24 30 29
24 31 30
24 32 31
24 33 32
24 34 33
24 35 34
24 36 35
24 25 36
37 38 39
37 39 40
37 40 41
37 41 42
37 42 43
37 43 44
37 44 45
37 45 46
37 46 47
37 47 48
37 48 49
37 49 38
LABEL sfoot3_rod_0
MATERIAL 7
TEXTURE 0
GEOM 42 40 ;sfoot3_rod_0
-3.688 -1.596 0.084 0.5525 0.0000 -0.8335
-3.674 -1.735 0.150 0.6079 -0.5552 -0.5677
-3.718 -1.821 0.271 0.4311 -0.8983 -0.0850
-3.804 -1.821 0.400 0.0896 -0.8983 0.4301
-3.898 -1.735 0.488 -0.2861 -0.5552 0.7810
-3.964 -1.596 0.501 -0.5525 -0.0000 0.8335
-3.978 -1.457 0.434 -0.6079 0.5552 0.5677
-3.934 -1.371 0.314 -0.4311 0.8983 0.0850
-3.849 -1.371 0.185 -0.0896 0.8983 -0.4301
-3.755 -1.457 0.097 0.2861 0.5552 -0.7810
-6.809 -2.898 -1.985 0.5525 0.0000 -0.8335
-6.795 -3.037 -1.918 0.6079 -0.5552 -0.5677
-6.839 -3.122 -1.798 0.4311 -0.8983 -0.0850
-6.925 -3.122 -1.669 0.0896 -0.8983 0.4301
-7.019 -3.037 -1.581 -0.2861 -0.5552 0.7810
-7.085 -2.898 -1.568 -0.5525 -0.0000 0.8335
-7.099 -2.759 -1.635 -0.6079 0.5552 0.5677
-7.055 -2.673 -1.755 -0.4311 0.8983 0.0850
-6.970 -2.673 -1.884 -0.0896 0.8983 -0.4301
-6.876 -2.759 -1.972 0.2861 0.5552 -0.7810
-3.826 -1.596 0.292 0.7873 0.3284 0.5219
-3.688 -1.596 0.084 0.7873 0.3284 0.5219
-3.674 -1.735 0.150 0.7873 0.3284 0.5219
-3.718 -1.821 0.271 0.7873 0.3284 0.5219
-3.804 -1.821 0.400 0.7873 0.3284 0.5219
-3.898 -1.735 0.488 0.7873 0.3284 0.5219
-3.964 -1.596 0.501 0.7873 0.3284 0.5219
-3.978 -1.457 0.434 0.7873 0.3284 0.5219
-3.934 -1.371 0.314 0.7873 0.3284 0.5219
-3.849 -1.371 0.185 0.7873 0.3284 0.5219
-3.755 -1.457 0.097 0.7873 0.3284 0.5219
-6.947 -2.898 -1.776 -0.7873 -0.3284 -0.5219
-6.809 -2.898 -1.985 -0.7873 -0.3284 -0.5219
-6.795 -3.037 -1.918 -0.7873 -0.3284 -0.5219
-6.839 -3.122 -1.798 -0.7873 -0.3284 -0.5219
-6.925 -3.122 -1.669 -0.7873 -0.3284 -0.5219
-7.019 -3.037 -1.581 -0.7873 -0.3284 -0.5219
-7.085 -2.898 -1.568 -0.7873 -0.3284 -0.5219
-7.099 -2.759 -1.635 -0.7873 -0.3284 -0.5219
-7.055 -2.673 -1.755 -0.7873 -0.3284 -0.5219
-6.970 -2.673 -1.884 -0.7873 -0.3284 -0.5219
-6.876 -2.759 -1.972 -0.7873 -0.3284 -0.5219
0 1 11
0 11 10
1 2 12
1 12 11
2 3 13
2 13 12
3 4 14
3 14 13
4 5 15
4 15 14
5 6 16
5 16 15
6 7 17
6 17 16
7 8 18
7 18 17
8 9 19
8 19 18
9 0 10
9 10 19
20 22 21
20 23 22
20 24 23
20 25 24
20 26 25
20 27 26
20 28 27
20 29 28
20 30 29
20 21 30
31 32 33
31 33 34
31 34 35
31 35 36
31 36 37
31 37 38
31 38 39
31 39 40
31 40 41
31 41 32
LABEL sfoot3_skirt_0_0
MATERIAL 7
TEXTURE 0
GEOM 16 12 ;sfoot3_skirt_0_0
-8.990 -6.763 -3.275 -0.8447 -0.5352 0.0000
-9.339 -6.273 -3.275 -0.8447 -0.5352 0.0000
-9.661 -5.764 -3.275 -0.8447 -0.5352 0.0000
-9.955 -5.239 -3.275 -0.8447 -0.5352 0.0000
-8.990 -6.763 -2.375 -0.8447 -0.5352 0.0000
-9.339 -6.273 -2.375 -0.8447 -0.5352 0.0000
-9.661 -5.764 -2.375 -0.8447 -0.5352 0.0000
-9.955 -5.239 -2.375 -0.8447 -0.5352 0.0000
-8.990 -6.763 -3.275 0.8447 0.5352 -0.0000
-9.339 -6.273 -3.275 0.8447 0.5352 -0.0000
-9.661 -5.764 -3.275 0.8447 0.5352 -0.0000
-9.955 -5.239 -3.275 0.8447 0.5352 -0.0000
-8.990 -6.763 -2.375 0.8447 0.5352 -0.0000
-9.339 -6.273 -2.375 0.8447 0.5352 -0.0000
-9.661 -5.764 -2.375 0.8447 0.5352 -0.0000
-9.955 -5.239 -2.375 0.8447 0.5352 -0.0000
0 5 1
0 4 5
8 9 13
8 13 12
1 6 2
1 5 6
9 10 14
9 14 13
2 7 3
2 6 7
10 11 15
10 15 14
LABEL sfoot3_skirt_0_1
MATERIAL 7
TEXTURE 0
GEOM 16 12 ;sfoot3_skirt_0_1
-9.976 -5.200 -3.275 -0.9229 -0.3850 0.0000
-10.256 -4.624 -3.275 -0.9229 -0.3850 0.0000
-10.502 -4.034 -3.275 -0.9229 -0.3850 0.0000
-10.714 -3.431 -3.275 -0.9229 -0.3850 0.0000
-9.976 -5.200 -2.375 -0.9229 -0.3850 0.0000
-10.256 -4.624 -2.375 -0.9229 -0.3850 0.0000
-10.502 -4.034 -2.375 -0.9229 -0.3850 0.0000
-10.714 -3.431 -2.375 -0.9229 -0.3850 0.0000
-9.976 -5.200 -3.275 0.9229 0.3850 -0.0000
-10.256 -4.624 -3.275 0.9229 0.3850 -0.0000
-10.502 -4.034 -3.275 0.9229 0.3850 -0.0000
-10.714 -3.431 -3.275 0.9229 0.3850 -0.0000
-9.976 -5.200 -2.375 0.9229 0.3850 -0.0000
-10.256 -4.624 -2.375 0.9229 0.3850 -0.0000
-10.502 -4.034 -2.375 0.9229 0.3850 -0.0000
-10.714 -3.431 -2.375 0.9229 0.3850 -0.0000
0 5 1
0 4 5
8 9 13
8 13 12
1 6 2
1 5 6
9 10 14
9 14 13
2 7 3
2 6 7
10 11 15
10 15 14
LABEL sfoot3_skirt_0_2
MATERIAL 7
TEXTURE 0
GEOM 16 12 ;sfoot3_skirt_0_2
-10.728 -3.388 -3.275 -0.9746 -0.2237 0.0000
-10.894 -2.810 -3.275 -0.9746 -0.2237 0.0000
-11.028 -2.223 -3.275 -0.9746 -0.2237 0.0000
-11.131 -1.630 -3.275 -0.9746 -0.2237 0.0000
-10.728 -3.388 -2.375 -0.9746 -0.2237 0.0000
-10.894 -2.810 -2.375 -0.9746 -0.2237 0.0000
-11.028 -2.223 -2.375 -0.9746 -0.2237 0.0000
-11.131 -1.630 -2.375 -0.9746 -0.2237 0.0000
-10.728 -3.388 -3.275 0.9746 0.2237 -0.0000
-10.894 -2.810 -3.275 0.9746 0.2237 -0.0000
-11.028 -2.223 -3.275 0.9746 0.2237 -0.0000
-11.131 -1.630 -3.275 0.9746 0.2237 -0.0000
-10.728 -3.388 -2.375 0.9746 0.2237 -0.0000
-10.894 -2.810 -2.375 0.9746 0.2237 -0.0000
-11.028 -2.223 -2.375 0.9746 0.2237 -0.0000
-11.131 -1.630 -2.375 0.9746 0.2237 -0.0000
0 5 1
0 4 5
8 9 13
8 13 12
1 6 2
1 5 6
9 10 14
9 14 13
2 7 3
2 6 7
10 11 15
10 15 14
LABEL sfoot3_petal_1
MATERIAL 7
TEXTURE 0
GEOM 66 52 ;sfoot3_petal_1
-0.946 -0.231 -1.782 0.9912 -0.1280 0.0332
-0.856 0.463 -1.782 0.9912 -0.1280 0.0332
-0.871 0.465 -1.332 0.9912 -0.1280 0.0332
-0.960 -0.229 -1.332 0.9912 -0.1280 0.0332
-10.814 1.043 -2.112 -0.9912 0.1280 -0.0332
-10.724 1.738 -2.112 -0.9912 0.1280 -0.0332
-10.739 1.740 -1.662 -0.9912 0.1280 -0.0332
-10.829 1.045 -1.662 -0.9912 0.1280 -0.0332
-0.946 -0.231 -1.782 -0.1281 -0.9918 -0.0000
-10.814 1.043 -2.112 -0.1281 -0.9918 -0.0000
-10.829 1.045 -1.662 -0.1281 -0.9918 -0.0000
-0.960 -0.229 -1.332 -0.1281 -0.9918 -0.0000
-0.856 0.463 -1.782 0.1281 0.9918 0.0000
-10.724 1.738 -2.112 0.1281 0.9918 0.0000
-10.739 1.740 -1.662 0.1281 0.9918 0.0000
-0.871 0.465 -1.332 0.1281 0.9918 0.0000
-0.946 -0.231 -1.782 0.0329 -0.0042 -0.9995
-10.814 1.043 -2.112 0.0329 -0.0042 -0.9995
-10.724 1.738 -2.112 0.0329 -0.0042 -0.9995
-0.856 0.463 -1.782 0.0329 -0.0042 -0.9995
-0.960 -0.229 -1.332 -0.0329 0.0042 0.9995
-10.829 1.045 -1.662 -0.0329 0.0042 0.9995
-10.739 1.740 -1.662 -0.0329 0.0042 0.9995
-0.871 0.465 -1.332 -0.0329 0.0042 0.9995
-0.752 -0.357 -2.125 0.0000 0.0000 -1.0000
-0.927 -0.334 -2.068 -0.5829 0.0753 -0.8090
-1.035 -0.320 -1.918 -0.9432 0.1218 -0.3090
-1.035 -0.320 -1.732 -0.9432 0.1218 0.3090
-0.927 -0.334 -1.582 -0.5829 0.0753 0.8090
-0.752 -0.357 -1.525 -0.0000 0.0000 1.0000
-0.577 -0.379 -1.582 0.5829 -0.0753 0.8090
-0.469 -0.393 -1.732 0.9432 -0.1218 0.3090
-0.469 -0.393 -1.918 0.9432 -0.1218 -0.3090
-0.577 -0.379 -2.068 0.5829 -0.0753 -0.8090
-0.637 0.536 -2.125 0.0000 0.0000 -1.0000
-0.811 0.559 -2.068 -0.5829 0.0753 -0.8090
-0.920 0.572 -1.918 -0.9432 0.1218 -0.3090
-0.920 0.572 -1.732 -0.9432 0.1218 0.3090
-0.811 0.559 -1.582 -0.5829 0.0753 0.8090
-0.637 0.536 -1.525 -0.0000 0.0000 1.0000
-0.462 0.513 -1.582 0.5829 -0.0753 0.8090
-0.354 0.499 -1.732 0.9432 -0.1218 0.3090
-0.354 0.499 -1.918 0.9432 -0.1218 -0.3090
-0.462 0.513 -2.068 0.5829 -0.0753 -0.8090
-0.752 -0.357 -1.825 -0.1281 -0.9918 -0.0000
-0.752 -0.357 -2.125 -0.1281 -0.9918 -0.0000
-0.927 -0.334 -2.068 -0.1281 -0.9918 -0.0000
-1.035 -0.320 -1.918 -0.1281 -0.9918 -0.0000
-1.035 -0.320 -1.732 -0.1281 -0.9918 -0.0000
-0.927 -0.334 -1.582 -0.1281 -0.9918 -0.0000
-0.752 -0.357 -1.525 -0.1281 -0.9918 -0.0000
-0.577 -0.379 -1.582 -0.1281 -0.9918 -0.0000
-0.469 -0.393 -1.732 -0.1281 -0.9918 -0.0000
-0.469 -0.393 -1.918 -0.1281 -0.9918 -0.0000
-0.577 -0.379 -2.068 -0.1281 -0.9918 -0.0000
-0.637 0.536 -1.825 0.1281 0.9918 0.0000
-0.637 0.536 -2.125 0.1281 0.9918 0.0000
-0.811 0.559 -2.068 0.1281 0.9918 0.0000
-0.920 0.572 -1.918 0.1281 0.9918 0.0000
-0.920 0.572 -1.732 0.1281 0.9918 0.0000
-0.811 0.559 -1.582 0.1281 0.9918 0.0000
-0.637 0.536 -1.525 0.1281 0.9918 0.0000
-0.462 0.513 -1.582 0.1281 0.9918 0.0000
-0.354 0.499 -1.732 0.1281 0.9918 0.0000
-0.354 0.499 -1.918 0.1281 0.9918 0.0000
-0.462 0.513 -2.068 0.1281 0.9918 0.0000
0 1 2
0 2 3
4 6 5
4 7 6
8 10 9
8 11 10
12 13 14
12 14 15
16 17 18
16 18 19
20 22 21
20 23 22
24 25 35
24 35 34
25 26 36
25 36 35
26 27 37
26 37 36
27 28 38
27 38 37
28 29 39
28 39 38
29 30 40
29 40 39
30 31 41
30 41 40
31 32 42
31 42 41
32 33 43
32 43 42
33 24 34
33 34 43
44 46 45
44 47 46
44 48 47
44 49 48
44 50 49
44 51 50
44 52 51
44 53 52
44 54 53
44 45 54
55 56 57
55 57 58
55 58 59
55 59 60
55 60 61
55 61 62
55 62 63
55 63 64
55 64 65
55 65 56
LABEL sfoot3_slat_1_0
MATERIAL 7
TEXTURE 0
GEOM 104 76 ;sfoot3_slat_1_0
-1.042 -0.127 -1.787 -0.0329 0.0042 0.9995
-1.048 -0.071 -1.787 -0.0329 0.0042 0.9995
-1.050 -0.015 -1.787 -0.0329 0.0042 0.9995
-1.049 0.041 -1.787 -0.0329 0.0042 0.9995
-11.167 -1.362 -2.125 -0.0329 0.0042 0.9995
-11.224 -0.763 -2.125 -0.0329 0.0042 0.9995
-11.249 -0.162 -2.125 -0.0329 0.0042 0.9995
-11.241 0.440 -2.125 -0.0329 0.0042 0.9995
-1.042 -0.127 -1.787 0.0329 -0.0042 -0.9995
-1.048 -0.071 -1.787 0.0329 -0.0042 -0.9995
-1.050 -0.015 -1.787 0.0329 -0.0042 -0.9995
-1.049 0.041 -1.787 0.0329 -0.0042 -0.9995
-11.167 -1.362 -2.125 0.0329 -0.0042 -0.9995
-11.224 -0.763 -2.125 0.0329 -0.0042 -0.9995
-11.249 -0.162 -2.125 0.0329 -0.0042 -0.9995
-11.241 0.440 -2.125 0.0329 -0.0042 -0.9995
-1.042 -0.127 -2.037 0.0329 -0.0042 -0.9995
-1.048 -0.071 -2.037 0.0329 -0.0042 -0.9995
-1.050 -0.015 -2.037 0.0329 -0.0042 -0.9995
-1.049 0.041 -2.037 0.0329 -0.0042 -0.9995
-11.167 -1.362 -2.375 0.0329 -0.0042 -0.9995
-11.224 -0.763 -2.375 0.0329 -0.0042 -0.9995
-11.249 -0.162 -2.375 0.0329 -0.0042 -0.9995
-11.241 0.440 -2.375 0.0329 -0.0042 -0.9995
-1.042 -0.127 -2.037 -0.0329 0.0042 0.9995
-1.048 -0.071 -2.037 -0.0329 0.0042 0.9995
-1.050 -0.015 -2.037 -0.0329 0.0042 0.9995
-1.049 0.041 -2.037 -0.0329 0.0042 0.9995
-11.167 -1.362 -2.375 -0.0329 0.0042 0.9995
-11.224 -0.763 -2.375 -0.0329 0.0042 0.9995
-11.249 -0.162 -2.375 -0.0329 0.0042 0.9995
-11.241 0.440 -2.375 -0.0329 0.0042 0.9995
-11.167 -1.362 -2.375 -0.9992 -0.0411 0.0000
-11.224 -0.763 -2.375 -0.9992 -0.0411 0.0000
-11.249 -0.162 -2.375 -0.9992 -0.0411 0.0000
-11.241 0.440 -2.375 -0.9992 -0.0411 0.0000
-11.167 -1.362 -2.125 -0.9992 -0.0411 0.0000
-11.224 -0.763 -2.125 -0.9992 -0.0411 0.0000
-11.249 -0.162 -2.125 -0.9992 -0.0411 0.0000
-11.241 0.440 -2.125 -0.9992 -0.0411 0.0000
-11.167 -1.362 -2.375 0.9992 0.0411 -0.0000
-11.224 -0.763 -2.375 0.9992 0.0411 -0.0000
-11.249 -0.162 -2.375 0.9992 0.0411 -0.0000
-11.241 0.440 -2.375 0.9992 0.0411 -0.0000
-11.167 -1.362 -2.125 0.9992 0.0411 -0.0000
-11.224 -0.763 -2.125 0.9992 0.0411 -0.0000
-11.249 -0.162 -2.125 0.9992 0.0411 -0.0000
-11.241 0.440 -2.125 0.9992 0.0411 -0.0000
-1.042 -0.127 -2.037 0.9992 0.0411 -0.0000
-1.048 -0.071 -2.037 0.9992 0.0411 -0.0000
-1.050 -0.015 -2.037 0.9992 0.0411 -0.0000
-1.049 0.041 -2.037 0.9992 0.0411 -0.0000
-1.042 -0.127 -1.787 0.9992 0.0411 -0.0000
-1.048 -0.071 -1.787 0.9992 0.0411 -0.0000
-1.050 -0.015 -1.787 0.9992 0.0411 -0.0000
-1.049 0.041 -1.787 0.9992 0.0411 -0.0000
-1.042 -0.127 -2.037 -0.9992 -0.0411 0.0000
-1.048 -0.071 -2.037 -0.9992 -0.0411 0.0000
-1.050 -0.015 -2.037 -0.9992 -0.0411 0.0000
-1.049 0.041 -2.037 -0.9992 -0.0411 0.0000
-1.042 -0.127 -1.787 -0.9992 -0.0411 0.0000
-1.048 -0.071 -1.787 -0.9992 -0.0411 0.0000
-1.050 -0.015 -1.787 -0.9992 -0.0411 0.0000
-1.049 0.041 -1.787 -0.9992 -0.0411 0.0000
-11.167 -1.362 -2.125 -0.9992 -0.0411 0.0000
-11.224 -0.763 -2.125 -0.9992 -0.0411 0.0000
-11.249 -0.162 -2.125 -0.9992 -0.0411 0.0000
-11.241 0.440 -2.125 -0.9992 -0.0411 0.0000
-11.167 -1.362 -1.425 -0.9992 -0.0411 0.0000
-11.224 -0.763 -1.425 -0.9992 -0.0411 0.0000
-11.249 -0.162 -1.425 -0.9992 -0.0411 0.0000
-11.241 0.440 -1.425 -0.9992 -0.0411 0.0000
-11.167 -1.362 -2.125 0.9992 0.0411 -0.0000
-11.224 -0.763 -2.125 0.9992 0.0411 -0.0000
-11.249 -0.162 -2.125 0.9992 0.0411 -0.0000
-11.241 0.440 -2.125 0.9992 0.0411 -0.0000
-11.167 -1.362 -1.425 0.9992 0.0411 -0.0000
-11.224 -0.763 -1.425 0.9992 0.0411 -0.0000
-11.249 -0.162 -1.425 0.9992 0.0411 -0.0000
-11.241 0.440 -1.425 0.9992 0.0411 -0.0000
-11.167 -1.362 -1.425 -0.0000 -0.0000 1.0000
-11.224 -0.763 -1.425 -0.0000 -0.0000 1.0000
-11.249 -0.162 -1.425 -0.0000 -0.0000 1.0000
-11.241 0.440 -1.425 -0.0000 -0.0000 1.0000
-10.820 -1.320 -1.413 -0.0000 -0.0000 1.0000
-10.875 -0.739 -1.413 -0.0000 -0.0000 1.0000
-10.899 -0.157 -1.413 -0.0000 -0.0000 1.0000
-10.892 0.427 -1.413 -0.0000 -0.0000 1.0000
-11.167 -1.362 -1.425 0.0000 0.0000 -1.0000
-11.224 -0.763 -1.425 0.0000 0.0000 -1.0000
-11.249 -0.162 -1.425 0.0000 0.0000 -1.0000
-11.241 0.440 -1.425 0.0000 0.0000 -1.0000
-10.820 -1.320 -1.413 0.0000 0.0000 -1.0000
-10.875 -0.739 -1.413 0.0000 0.0000 -1.0000
-10.899 -0.157 -1.413 0.0000 0.0000 -1.0000
-10.892 0.427 -1.413 0.0000 0.0000 -1.0000
-1.042 -0.127 -2.037 -0.1211 0.9926 0.0000
-11.167 -1.362 -2.375 -0.1211 0.9926 0.0000
-1.042 -0.127 -1.787 -0.1211 0.9926 0.0000
-11.167 -1.362 -2.125 -0.1211 0.9926 0.0000
-1.042 -0.127 -2.037 0.1211 -0.9926 -0.0000
-11.167 -1.362 -2.375 0.1211 -0.9926 -0.0000
-1.042 -0.127 -1.787 0.1211 -0.9926 -0.0000
-11.167 -1.362 -2.125 0.1211 -0.9926 -0.0000
0 1 5
0 5 4
8 13 9
8 12 13
1 2 6
1 6 5
9 14 10
9 13 14
2 3 7
2 7 6
10 15 11
10 14 15
16 21 17
16 20 21
24 25 29
24 29 28
17 22 18
17 21 22
25 26 30
25 30 29
18 23 19
18 22 23
26 27 31
26 31 30
32 37 33
32 36 37
40 41 45
40 45 44
33 38 34
33 37 38
41 42 46
41 46 45
34 39 35
34 38 39
42 43 47
42 47 46
48 49 53
48 53 52
56 61 57
56 60 61
49 50 54
49 54 53
57 62 58
57 61 62
50 51 55
50 55 54
58 63 59
58 62 63
64 69 65
64 68 69
72 73 77
72 77 76
65 70 66
65 69 70
73 74 78
73 78 77
66 71 67
66 70 71
74 75 79
74 79 78
80 85 81
80 84 85
88 89 93
88 93 92
81 86 82
81 85 86
89 90 94
89 94 93
82 87 83
82 86 87
90 91 95
90 95 94
96 97 99
96 99 98
100 103 101
100 102 103
LABEL sfoot3_slat_1_1
MATERIAL 7
TEXTURE 0
GEOM 96 72 ;sfoot3_slat_1_1
-1.049 0.045 -1.787 -0.0329 0.0042 0.9995
-1.045 0.105 -1.787 -0.0329 0.0042 0.9995
-1.037 0.164 -1.787 -0.0329 0.0042 0.9995
-1.026 0.223 -1.787 -0.0329 0.0042 0.9995
-11.240 0.485 -2.125 -0.0329 0.0042 0.9995
-11.194 1.123 -2.125 -0.0329 0.0042 0.9995
-11.112 1.757 -2.125 -0.0329 0.0042 0.9995
-10.994 2.386 -2.125 -0.0329 0.0042 0.9995
-1.049 0.045 -1.787 0.0329 -0.0042 -0.9995
-1.045 0.105 -1.787 0.0329 -0.0042 -0.9995
-1.037 0.164 -1.787 0.0329 -0.0042 -0.9995
-1.026 0.223 -1.787 0.0329 -0.0042 -0.9995
-11.240 0.485 -2.125 0.0329 -0.0042 -0.9995
-11.194 1.123 -2.125 0.0329 -0.0042 -0.9995
-11.112 1.757 -2.125 0.0329 -0.0042 -0.9995
-10.994 2.386 -2.125 0.0329 -0.0042 -0.9995
-1.049 0.045 -2.037 0.0329 -0.0042 -0.9995
-1.045 0.105 -2.037 0.0329 -0.0042 -0.9995
-1.037 0.164 -2.037 0.0329 -0.0042 -0.9995
-1.026 0.223 -2.037 0.0329 -0.0042 -0.9995
-11.240 0.485 -2.375 0.0329 -0.0042 -0.9995
-11.194 1.123 -2.375 0.0329 -0.0042 -0.9995
-11.112 1.757 -2.375 0.0329 -0.0042 -0.9995
-10.994 2.386 -2.375 0.0329 -0.0042 -0.9995
-1.049 0.045 -2.037 -0.0329 0.0042 0.9995
-1.045 0.105 -2.037 -0.0329 0.0042 0.9995
-1.037 0.164 -2.037 -0.0329 0.0042 0.9995
-1.026 0.223 -2.037 -0.0329 0.0042 0.9995
-11.240 0.485 -2.375 -0.0329 0.0042 0.9995
-11.194 1.123 -2.375 -0.0329 0.0042 0.9995
-11.112 1.757 -2.375 -0.0329 0.0042 0.9995
-10.994 2.386 -2.375 -0.0329 0.0042 0.9995
-11.240 0.485 -2.375 -0.9918 0.1281 0.0000
-11.194 1.123 -2.375 -0.9918 0.1281 0.0000
-11.112 1.757 -2.375 -0.9918 0.1281 0.0000
-10.994 2.386 -2.375 -0.9918 0.1281 0.0000
-11.240 0.485 -2.125 -0.9918 0.1281 0.0000
-11.194 1.123 -2.125 -0.9918 0.1281 0.0000
-11.112 1.757 -2.125 -0.9918 0.1281 0.0000
-10.994 2.386 -2.125 -0.9918 0.1281 0.0000
-11.240 0.485 -2.375 0.9918 -0.1281 -0.0000
-11.194 1.123 -2.375 0.9918 -0.1281 -0.0000
-11.112 1.757 -2.375 0.9918 -0.1281 -0.0000
-10.994 2.386 -2.375 0.9918 -0.1281 -0.0000
-11.240 0.485 -2.125 0.9918 -0.1281 -0.0000
-11.194 1.123 -2.125 0.9918 -0.1281 -0.0000
-11.112 1.757 -2.125 0.9918 -0.1281 -0.0000
-10.994 2.386 -2.125 0.9918 -0.1281 -0.0000
-1.049 0.045 -2.037 0.9918 -0.1281 -0.0000
-1.045 0.105 -2.037 0.9918 -0.1281 -0.0000
-1.037 0.164 -2.037 0.9918 -0.1281 -0.0000
-1.026 0.223 -2.037 0.9918 -0.1281 -0.0000
-1.049 0.045 -1.787 0.9918 -0.1281 -0.0000
-1.045 0.105 -1.787 0.9918 -0.1281 -0.0000
-1.037 0.164 -1.787 0.9918 -0.1281 -0.0000
-1.026 0.223 -1.787 0.9918 -0.1281 -0.0000
-1.049 0.045 -2.037 -0.9918 0.1281 0.0000
-1.045 0.105 -2.037 -0.9918 0.1281 0.0000
-1.037 0.164 -2.037 -0.9918 0.1281 0.0000
-1.026 0.223 -2.037 -0.9918 0.1281 0.0000
-1.049 0.045 -1.787 -0.9918 0.1281 0.0000
-1.045 0.105 -1.787 -0.9918 0.1281 0.0000
-1.037 0.164 -1.787 -0.9918 0.1281 0.0000
-1.026 0.223 -1.787 -0.9918 0.1281 0.0000
-11.240 0.485 -2.125 -0.9918 0.1281 0.0000
-11.194 1.123 -2.125 -0.9918 0.1281 0.0000
-11.112 1.757 -2.125 -0.9918 0.1281 0.0000
-10.994 2.386 -2.125 -0.9918 0.1281 0.0000
-11.240 0.485 -1.425 -0.9918 0.1281 0.0000
-11.194 1.123 -1.425 -0.9918 0.1281 0.0000
-11.112 1.757 -1.425 -0.9918 0.1281 0.0000
-10.994 2.386 -1.425 -0.9918 0.1281 0.0000
-11.240 0.485 -2.125 0.9918 -0.1281 -0.0000
-11.194 1.123 -2.125 0.9918 -0.1281 -0.0000
-11.112 1.757 -2.125 0.9918 -0.1281 -0.0000
-10.994 2.386 -2.125 0.9918 -0.1281 -0.0000
-11.240 0.485 -1.425 0.9918 -0.1281 -0.0000
-11.194 1.123 -1.425 0.9918 -0.1281 -0.0000
-11.112 1.757 -1.425 0.9918 -0.1281 -0.0000
-10.994 2.386 -1.425 0.9918 -0.1281 -0.0000
-11.240 0.485 -1.425 -0.0000 -0.0000 1.0000
-11.194 1.123 -1.425 -0.0000 -0.0000 1.0000
-11.112 1.757 -1.425 -0.0000 -0.0000 1.0000
-10.994 2.386 -1.425 -0.0000 -0.0000 1.0000
-10.890 0.470 -1.413 -0.0000 -0.0000 1.0000
-10.846 1.088 -1.413 -0.0000 -0.0000 1.0000
-10.766 1.702 -1.413 -0.0000 -0.0000 1.0000
-10.652 2.311 -1.413 -0.0000 -0.0000 1.0000
-11.240 0.485 -1.425 0.0000 0.0000 -1.0000
-11.194 1.123 -1.425 0.0000 0.0000 -1.0000
-11.112 1.757 -1.425 0.0000 0.0000 -1.0000
-10.994 2.386 -1.425 0.0000 0.0000 -1.0000
-10.890 0.470 -1.413 0.0000 0.0000 -1.0000
-10.846 1.088 -1.413 0.0000 0.0000 -1.0000
-10.766 1.702 -1.413 0.0000 0.0000 -1.0000
-10.652 2.311 -1.413 0.0000 0.0000 -1.0000
0 1 5
0 5 4
8 13 9
8 12 13
1 2 6
1 6 5
9 14 10
9 13 14
2 3 7
2 7 6
10 15 11
10 14 15
16 21 17
16 20 21
24 25 29
24 29 28
17 22 18
17 21 22
25 26 30
25 30 29
18 23 19
18 22 23
26 27 31
26 31 30
32 37 33
32 36 37
40 41 45
40 45 44
33 38 34
33 37 38
41 42 46
41 46 45
34 39 35
34 38 39
42 43 47
42 47 46
48 49 53
48 53 52
56 61 57
56 60 61
49 50 54
49 54 53
57 62 58
57 61 62
50 51 55
50 55 54
58 63 59
58 62 63
64 69 65
64 68 69
72 73 77
72 77 76
65 70 66
65 69 70
73 74 78
73 78 77
66 71 67
66 70 71
74 75 79
74 79 78
80 85 81
80 84 85
88 89 93
88 93 92
81 86 82
81 85 86
89 90 94
89 94 93
82 87 83
82 86 87
90 91 95
90 95 94
LABEL sfoot3_slat_1_2
MATERIAL 7
TEXTURE 0
GEOM 104 76 ;sfoot3_slat_1_2
-1.025 0.227 -1.787 -0.0329 0.0042 0.9995
-1.012 0.281 -1.787 -0.0329 0.0042 0.9995
-0.995 0.335 -1.787 -0.0329 0.0042 0.9995
-0.976 0.388 -1.787 -0.0329 0.0042 0.9995
-10.985 2.430 -2.125 -0.0329 0.0042 0.9995
-10.839 3.014 -2.125 -0.0329 0.0042 0.9995
-10.662 3.589 -2.125 -0.0329 0.0042 0.9995
-10.455 4.154 -2.125 -0.0329 0.0042 0.9995
-1.025 0.227 -1.787 0.0329 -0.0042 -0.9995
-1.012 0.281 -1.787 0.0329 -0.0042 -0.9995
-0.995 0.335 -1.787 0.0329 -0.0042 -0.9995
-0.976 0.388 -1.787 0.0329 -0.0042 -0.9995
-10.985 2.430 -2.125 0.0329 -0.0042 -0.9995
-10.839 3.014 -2.125 0.0329 -0.0042 -0.9995
-10.662 3.589 -2.125 0.0329 -0.0042 -0.9995
-10.455 4.154 -2.125 0.0329 -0.0042 -0.9995
-1.025 0.227 -2.037 0.0329 -0.0042 -0.9995
-1.012 0.281 -2.037 0.0329 -0.0042 -0.9995
-0.995 0.335 -2.037 0.0329 -0.0042 -0.9995
-0.976 0.388 -2.037 0.0329 -0.0042 -0.9995
-10.985 2.430 -2.375 0.0329 -0.0042 -0.9995
-10.839 3.014 -2.375 0.0329 -0.0042 -0.9995
-10.662 3.589 -2.375 0.0329 -0.0042 -0.9995
-10.455 4.154 -2.375 0.0329 -0.0042 -0.9995
-1.025 0.227 -2.037 -0.0329 0.0042 0.9995
-1.012 0.281 -2.037 -0.0329 0.0042 0.9995
-0.995 0.335 -2.037 -0.0329 0.0042 0.9995
-0.976 0.388 -2.037 -0.0329 0.0042 0.9995
-10.985 2.430 -2.375 -0.0329 0.0042 0.9995
-10.839 3.014 -2.375 -0.0329 0.0042 0.9995
-10.662 3.589 -2.375 -0.0329 0.0042 0.9995
-10.455 4.154 -2.375 -0.0329 0.0042 0.9995
-10.985 2.430 -2.375 -0.9559 0.2936 0.0000
-10.839 3.014 -2.375 -0.9559 0.2936 0.0000
-10.662 3.589 -2.375 -0.9559 0.2936 0.0000
-10.455 4.154 -2.375 -0.9559 0.2936 0.0000
-10.985 2.430 -2.125 -0.9559 0.2936 0.0000
-10.839 3.014 -2.125 -0.9559 0.2936 0.0000
-10.662 3.589 -2.125 -0.9559 0.2936 0.0000
-10.455 4.154 -2.125 -0.9559 0.2936 0.0000
-10.985 2.430 -2.375 0.9559 -0.2936 -0.0000
-10.839 3.014 -2.375 0.9559 -0.2936 -0.0000
-10.662 3.589 -2.375 0.9559 -0.2936 -0.0000
-10.455 4.154 -2.375 0.9559 -0.2936 -0.0000
-10.985 2.430 -2.125 0.9559 -0.2936 -0.0000
-10.839 3.014 -2.125 0.9559 -0.2936 -0.0000
-10.662 3.589 -2.125 0.9559 -0.2936 -0.0000
-10.455 4.154 -2.125 0.9559 -0.2936 -0.0000
-1.025 0.227 -2.037 0.9559 -0.2936 -0.0000
-1.012 0.281 -2.037 0.9559 -0.2936 -0.0000
-0.995 0.335 -2.037 0.9559 -0.2936 -0.0000
-0.976 0.388 -2.037 0.9559 -0.2936 -0.0000
-1.025 0.227 -1.787 0.9559 -0.2936 -0.0000
-1.012 0.281 -1.787 0.9559 -0.2936 -0.0000
-0.995 0.335 -1.787 0.9559 -0.2936 -0.0000
-0.976 0.388 -1.787 0.9559 -0.2936 -0.0000
-1.025 0.227 -2.037 -0.9559 0.2936 0.0000
-1.012 0.281 -2.037 -0.9559 0.2936 0.0000
-0.995 0.335 -2.037 -0.9559 0.2936 0.0000
-0.976 0.388 -2.037 -0.9559 0.2936 0.0000
-1.025 0.227 -1.787 -0.9559 0.2936 0.0000
-1.012 0.281 -1.787 -0.9559 0.2936 0.0000
-0.995 0.335 -1.787 -0.9559 0.2936 0.0000
-0.976 0.388 -1.787 -0.9559 0.2936 0.0000
-10.985 2.430 -2.125 -0.9559 0.2936 0.0000
-10.839 3.014 -2.125 -0.9559 0.2936 0.0000
-10.662 3.589 -2.125 -0.9559 0.2936 0.0000
-10.455 4.154 -2.125 -0.9559 0.2936 0.0000
-10.985 2.430 -1.425 -0.9559 0.2936 0.0000
-10.839 3.014 -1.425 -0.9559 0.2936 0.0000
-10.662 3.589 -1.425 -0.9559 0.2936 0.0000
-10.455 4.154 -1.425 -0.9559 0.2936 0.0000
-10.985 2.430 -2.125 0.9559 -0.2936 -0.0000
-10.839 3.014 -2.125 0.9559 -0.2936 -0.0000
-10.662 3.589 -2.125 0.9559 -0.2936 -0.0000
-10.455 4.154 -2.125 0.9559 -0.2936 -0.0000
-10.985 2.430 -1.425 0.9559 -0.2936 -0.0000
-10.839 3.014 -1.425 0.9559 -0.2936 -0.0000
-10.662 3.589 -1.425 0.9559 -0.2936 -0.0000
-10.455 4.154 -1.425 0.9559 -0.2936 -0.0000
-10.985 2.430 -1.425 -0.0000 -0.0000 1.0000
-10.839 3.014 -1.425 -0.0000 -0.0000 1.0000
-10.662 3.589 -1.425 -0.0000 -0.0000 1.0000
-10.455 4.154 -1.425 -0.0000 -0.0000 1.0000
-10.643 2.354 -1.413 -0.0000 -0.0000 1.0000
-10.502 2.920 -1.413 -0.0000 -0.0000 1.0000
-10.330 3.477 -1.413 -0.0000 -0.0000 1.0000
-10.130 4.025 -1.413 -0.0000 -0.0000 1.0000
-10.985 2.430 -1.425 0.0000 0.0000 -1.0000
-10.839 3.014 -1.425 0.0000 0.0000 -1.0000
-10.662 3.589 -1.425 0.0000 0.0000 -1.0000
-10.455 4.154 -1.425 0.0000 0.0000 -1.0000
-10.643 2.354 -1.413 0.0000 0.0000 -1.0000
-10.502 2.920 -1.413 0.0000 0.0000 -1.0000
-10.330 3.477 -1.413 0.0000 0.0000 -1.0000
-10.130 4.025 -1.413 0.0000 0.0000 -1.0000
-0.976 0.388 -2.037 0.3693 0.9293 0.0000
-10.455 4.154 -2.375 0.3693 0.9293 0.0000
-0.976 0.388 -1.787 0.3693 0.9293 0.0000
-10.455 4.154 -2.125 0.3693 0.9293 0.0000
-0.976 0.388 -2.037 -0.3693 -0.9293 -0.0000
-10.455 4.154 -2.375 -0.3693 -0.9293 -0.0000
-0.976 0.388 -1.787 -0.3693 -0.9293 -0.0000
-10.455 4.154 -2.125 -0.3693 -0.9293 -0.0000
0 1 5
0 5 4
8 13 9
8 12 13
1 2 6
1 6 5
9 14 10
9 13 14
2 3 7
2 7 6
10 15 11
10 14 15
16 21 17
16 20 21
24 25 29
24 29 28
17 22 18
17 21 22
25 26 30
25 30 29
18 23 19
18 22 23
26 27 31
26 31 30
32 37 33
32 36 37
40 41 45
40 45 44
33 38 34
33 37 38
41 42 46
41 46 45
34 39 35
34 38 39
42 43 47
42 47 46
48 49 53
48 53 52
56 61 57
56 60 61
49 50 54
49 54 53
57 62 58
57 61 62
50 51 55
50 55 54
58 63 59
58 62 63
64 69 65
64 68 69
72 73 77
72 77 76
65 70 66
65 69 70
73 74 78
73 78 77
66 71 67
66 70 71
74 75 79
74 79 78
80 85 81
80 84 85
88 89 93
88 93 92
81 86 82
81 85 86
89 90 94
89 94 93
82 87 83
82 86 87
90 91 95
90 95 94
96 97 99
96 99 98
100 103 101
100 102 103
LABEL sfoot3_strut_1
MATERIAL 9
TEXTURE 0
GEOM 50 48 ;sfoot3_strut_1
-0.878 0.147 1.699 0.5250 0.0000 -0.8511
-0.936 -0.101 1.742 0.4082 -0.4970 -0.7657
-1.050 -0.283 1.887 0.1820 -0.8608 -0.4752
-1.187 -0.350 2.096 -0.0930 -0.9940 -0.0573
-1.312 -0.283 2.313 -0.3430 -0.8608 0.3759
-1.391 -0.101 2.479 -0.5012 -0.4970 0.7084
-1.403 0.147 2.551 -0.5250 -0.0000 0.8511
-1.345 0.396 2.508 -0.4082 0.4970 0.7657
-1.232 0.578 2.363 -0.1820 0.8608 0.4752
-1.094 0.644 2.154 0.0930 0.9940 0.0573
-0.969 0.578 1.937 0.3430 0.8608 -0.3759
-0.890 0.396 1.771 0.5012 0.4970 -0.7084
-4.357 0.596 -0.446 0.5250 0.0000 -0.8511
-4.415 0.348 -0.404 0.4082 -0.4970 -0.7657
-4.528 0.166 -0.258 0.1820 -0.8608 -0.4752
-4.666 0.099 -0.049 -0.0930 -0.9940 -0.0573
-4.791 0.166 0.167 -0.3430 -0.8608 0.3759
-4.870 0.348 0.333 -0.5012 -0.4970 0.7084
-4.882 0.596 0.405 -0.5250 -0.0000 0.8511
-4.823 0.845 0.362 -0.4082 0.4970 0.7657
-4.710 1.027 0.217 -0.1820 0.8608 0.4752
-4.573 1.093 0.008 0.0930 0.9940 0.0573
-4.448 1.027 -0.209 0.3430 0.8608 -0.3759
-4.369 0.845 -0.375 0.5012 0.4970 -0.7084
-1.141 0.147 2.125 0.8460 -0.1092 0.5219
-0.878 0.147 1.699 0.8460 -0.1092 0.5219
-0.936 -0.101 1.742 0.8460 -0.1092 0.5219
-1.050 -0.283 1.887 0.8460 -0.1092 0.5219
-1.187 -0.350 2.096 0.8460 -0.1092 0.5219
-1.312 -0.283 2.313 0.8460 -0.1092 0.5219
-1.391 -0.101 2.479 0.8460 -0.1092 0.5219
-1.403 0.147 2.551 0.8460 -0.1092 0.5219
-1.345 0.396 2.508 0.8460 -0.1092 0.5219
-1.232 0.578 2.363 0.8460 -0.1092 0.5219
-1.094 0.644 2.154 0.8460 -0.1092 0.5219
-0.969 0.578 1.937 0.8460 -0.1092 0.5219
-0.890 0.396 1.771 0.8460 -0.1092 0.5219
-4.619 0.596 -0.021 -0.8460 0.1092 -0.5219
-4.357 0.596 -0.446 -0.8460 0.1092 -0.5219
-4.415 0.348 -0.404 -0.8460 0.1092 -0.5219
-4.528 0.166 -0.258 -0.8460 0.1092 -0.5219
-4.666 0.099 -0.049 -0.8460 0.1092 -0.5219
-4.791 0.166 0.167 -0.8460 0.1092 -0.5219
-4.870 0.348 0.333 -0.8460 0.1092 -0.5219
-4.882 0.596 0.405 -0.8460 0.1092 -0.5219
-4.823 0.845 0.362 -0.8460 0.1092 -0.5219
-4.710 1.027 0.217 -0.8460 0.1092 -0.5219
-4.573 1.093 0.008 -0.8460 0.1092 -0.5219
-4.448 1.027 -0.209 -0.8460 0.1092 -0.5219
-4.369 0.845 -0.375 -0.8460 0.1092 -0.5219
0 1 13
0 13 12
1 2 14
1 14 13
2 3 15
2 15 14
3 4 16
3 16 15
4 5 17
4 17 16
5 6 18
5 18 17
6 7 19
6 19 18
7 8 20
7 20 19
8 9 21
8 21 20
9 10 22
9 22 21
10 11 23
10 23 22
11 0 12
11 12 23
24 26 25
24 27 26
24 28 27
24 29 28
24 30 29
24 31 30
24 32 31
24 33 32
24 34 33
24 35 34
24 36 35
24 25 36
37 38 39
37 39 40
37 40 41
37 41 42
37 42 43
37 43 44
37 44 45
37 45 46
37 46 47
37 47 48
37 48 49
37 49 38
LABEL sfoot3_rod_1
MATERIAL 7
TEXTURE 0
GEOM 42 40 ;sfoot3_rod_1
-3.980 0.531 0.080 0.5250 0.0000 -0.8511
-4.019 0.385 0.112 0.3701 -0.5843 -0.7223
-4.093 0.295 0.213 0.0738 -0.9454 -0.3175
-4.174 0.295 0.344 -0.2507 -0.9454 0.2085
-4.231 0.385 0.456 -0.4794 -0.5843 0.6548
-4.243 0.531 0.505 -0.5250 -0.0000 0.8511
-4.204 0.677 0.473 -0.3701 0.5843 0.7223
-4.130 0.767 0.372 -0.0738 0.9454 0.3175
-4.049 0.767 0.240 0.2507 0.9454 -0.2085
-3.992 0.677 0.129 0.4794 0.5843 -0.6548
-7.334 0.964 -1.989 0.5250 0.0000 -0.8511
-7.373 0.818 -1.957 0.3701 -0.5843 -0.7223
-7.447 0.728 -1.856 0.0738 -0.9454 -0.3175
-7.528 0.728 -1.724 -0.2507 -0.9454 0.2085
-7.585 0.818 -1.613 -0.4794 -0.5843 0.6548
-7.597 0.964 -1.564 -0.5250 -0.0000 0.8511
-7.558 1.110 -1.596 -0.3701 0.5843 0.7223
-7.484 1.200 -1.697 -0.0738 0.9454 0.3175
-7.403 1.200 -1.829 0.2507 0.9454 -0.2085
-7.346 1.110 -1.940 0.4794 0.5843 -0.6548
-4.112 0.531 0.292 0.8460 -0.1092 0.5219
-3.980 0.531 0.080 0.8460 -0.1092 0.5219
-4.019 0.385 0.112 0.8460 -0.1092 0.5219
-4.093 0.295 0.213 0.8460 -0.1092 0.5219
-4.174 0.295 0.344 0.8460 -0.1092 0.5219
-4.231 0.385 0.456 0.8460 -0.1092 0.5219
-4.243 0.531 0.505 0.8460 -0.1092 0.5219
-4.204 0.677 0.473 0.8460 -0.1092 0.5219
-4.130 0.767 0.372 0.8460 -0.1092 0.5219
-4.049 0.767 0.240 0.8460 -0.1092 0.5219
-3.992 0.677 0.129 0.8460 -0.1092 0.5219
-7.465 0.964 -1.776 -0.8460 0.1092 -0.5219
-7.334 0.964 -1.989 -0.8460 0.1092 -0.5219
-7.373 0.818 -1.957 -0.8460 0.1092 -0.5219
-7.447 0.728 -1.856 -0.8460 0.1092 -0.5219
-7.528 0.728 -1.724 -0.8460 0.1092 -0.5219
-7.585 0.818 -1.613 -0.8460 0.1092 -0.5219
-7.597 0.964 -1.564 -0.8460 0.1092 -0.5219
-7.558 1.110 -1.596 -0.8460 0.1092 -0.5219
-7.484 1.200 -1.697 -0.8460 0.1092 -0.5219
-7.403 1.200 -1.829 -0.8460 0.1092 -0.5219
-7.346 1.110 -1.940 -0.8460 0.1092 -0.5219
0 1 11
0 11 10
1 2 12
1 12 11
2 3 13
2 13 12
3 4 14
3 14 13
4 5 15
4 15 14
5 6 16
5 16 15
6 7 17
6 17 16
7 8 18
7 18 17
8 9 19
8 19 18
9 0 10
9 10 19
20 22 21
20 23 22
20 24 23
20 25 24
20 26 25
20 27 26
20 28 27
20 29 28
20 30 29
20 21 30
31 32 33
31 33 34
31 34 35
31 35 36
31 36 37
31 37 38
31 38 39
31 39 40
31 40 41
31 41 32
LABEL sfoot3_skirt_1_0
MATERIAL 7
TEXTURE 0
GEOM 16 12 ;sfoot3_skirt_1_0
-11.167 -1.362 -3.275 -0.9992 -0.0411 0.0000
-11.224 -0.763 -3.275 -0.9992 -0.0411 0.0000
-11.249 -0.162 -3.275 -0.9992 -0.0411 0.0000
-11.241 0.440 -3.275 -0.9992 -0.0411 0.0000
-11.167 -1.362 -2.375 -0.9992 -0.0411 0.0000
-11.224 -0.763 -2.375 -0.9992 -0.0411 0.0000
-11.249 -0.162 -2.375 -0.9992 -0.0411 0.0000
-11.241 0.440 -2.375 -0.9992 -0.0411 0.0000
-11.167 -1.362 -3.275 0.9992 0.0411 -0.0000
-11.224 -0.763 -3.275 0.9992 0.0411 -0.0000
-11.249 -0.162 -3.275 0.9992 0.0411 -0.0000
-11.241 0.440 -3.275 0.9992 0.0411 -0.0000
-11.167 -1.362 -2.375 0.9992 0.0411 -0.0000
-11.224 -0.763 -2.375 0.9992 0.0411 -0.0000
-11.249 -0.162 -2.375 0.9992 0.0411 -0.0000
-11.241 0.440 -2.375 0.9992 0.0411 -0.0000
0 5 1
0 4 5
8 9 13
8 13 12
1 6 2
1 5 6
9 10 14
9 14 13
2 7 3
2 6 7
10 11 15
10 15 14
LABEL sfoot3_skirt_1_1
MATERIAL 7
TEXTURE 0
GEOM 16 12 ;sfoot3_skirt_1_1
-11.240 0.485 -3.275 -0.9918 0.1281 0.0000
-11.194 1.123 -3.275 -0.9918 0.1281 0.0000
-11.112 1.757 -3.275 -0.9918 0.1281 0.0000
-10.994 2.386 -3.275 -0.9918 0.1281 0.0000
-11.240 0.485 -2.375 -0.9918 0.1281 0.0000
-11.194 1.123 -2.375 -0.9918 0.1281 0.0000
-11.112 1.757 -2.375 -0.9918 0.1281 0.0000
-10.994 2.386 -2.375 -0.9918 0.1281 0.0000
-11.240 0.485 -3.275 0.9918 -0.1281 -0.0000
-11.194 1.123 -3.275 0.9918 -0.1281 -0.0000
-11.112 1.757 -3.275 0.9918 -0.1281 -0.0000
-10.994 2.386 -3.275 0.9918 -0.1281 -0.0000
-11.240 0.485 -2.375 0.9918 -0.1281 -0.0000
-11.194 1.123 -2.375 0.9918 -0.1281 -0.0000
-11.112 1.757 -2.375 0.9918 -0.1281 -0.0000
-10.994 2.386 -2.375 0.9918 -0.1281 -0.0000
0 5 1
0 4 5
8 9 13
8 13 12
1 6 2
1 5 6
9 10 14
9 14 13
2 7 3
2 6 7
10 11 15
10 15 14
LABEL sfoot3_skirt_1_2
MATERIAL 7
TEXTURE 0
GEOM 16 12 ;sfoot3_skirt_1_2
-10.985 2.430 -3.275 -0.9559 0.2936 0.0000
-10.839 3.014 -3.275 -0.9559 0.2936 0.0000
-10.662 3.589 -3.275 -0.9559 0.2936 0.0000
-10.455 4.154 -3.275 -0.9559 0.2936 0.0000
-10.985 2.430 -2.375 -0.9559 0.2936 0.0000
-10.839 3.014 -2.375 -0.9559 0.2936 0.0000
-10.662 3.589 -2.375 -0.9559 0.2936 0.0000
-10.455 4.154 -2.375 -0.9559 0.2936 0.0000
-10.985 2.430 -3.275 0.9559 -0.2936 -0.0000
-10.839 3.014 -3.275 0.9559 -0.2936 -0.0000
-10.662 3.589 -3.275 0.9559 -0.2936 -0.0000
-10.455 4.154 -3.275 0.9559 -0.2936 -0.0000
-10.985 2.430 -2.375 0.9559 -0.2936 -0.0000
-10.839 3.014 -2.375 0.9559 -0.2936 -0.0000
-10.662 3.589 -2.375 0.9559 -0.2936 -0.0000
-10.455 4.154 -2.375 0.9559 -0.2936 -0.0000
0 5 1
0 4 5
8 9 13
8 13 12
1 6 2
1 5 6
9 10 14
9 14 13
2 7 3
2 6 7
10 11 15
10 15 14
LABEL sfoot3_petal_2
MATERIAL 7
TEXTURE 0
GEOM 66 52 ;sfoot3_petal_2
-0.934 0.273 -1.782 0.7944 -0.6065 0.0332
-0.510 0.829 -1.782 0.7944 -0.6065 0.0332
-0.521 0.838 -1.332 0.7944 -0.6065 0.0332
-0.946 0.282 -1.332 0.7944 -0.6065 0.0332
-8.843 6.310 -2.112 -0.7944 0.6065 -0.0332
-8.419 6.867 -2.112 -0.7944 0.6065 -0.0332
-8.430 6.876 -1.662 -0.7944 0.6065 -0.0332
-8.855 6.319 -1.662 -0.7944 0.6065 -0.0332
-0.934 0.273 -1.782 -0.6068 -0.7949 -0.0000
-8.843 6.310 -2.112 -0.6068 -0.7949 -0.0000
-8.855 6.319 -1.662 -0.6068 -0.7949 -0.0000
-0.946 0.282 -1.332 -0.6068 -0.7949 -0.0000
-0.510 0.829 -1.782 0.6068 0.7949 0.0000
-8.419 6.867 -2.112 0.6068 0.7949 0.0000
-8.430 6.876 -1.662 0.6068 0.7949 0.0000
-0.521 0.838 -1.332 0.6068 0.7949 0.0000
-0.934 0.273 -1.782 0.0264 -0.0201 -0.9995
-8.843 6.310 -2.112 0.0264 -0.0201 -0.9995
-8.419 6.867 -2.112 0.0264 -0.0201 -0.9995
-0.510 0.829 -1.782 0.0264 -0.0201 -0.9995
-0.946 0.282 -1.332 -0.0264 0.0201 0.9995
-8.855 6.319 -1.662 -0.0264 0.0201 0.9995
-8.430 6.876 -1.662 -0.0264 0.0201 0.9995
-0.521 0.838 -1.332 -0.0264 0.0201 0.9995
-0.829 0.067 -1.525 0.0000 0.0000 1.0000
-0.689 -0.040 -1.582 0.4672 -0.3567 0.8090
-0.603 -0.106 -1.732 0.7560 -0.5771 0.3090
-0.603 -0.106 -1.918 0.7560 -0.5771 -0.3090
-0.689 -0.040 -2.068 0.4672 -0.3567 -0.8090
-0.829 0.067 -2.125 0.0000 -0.0000 -1.0000
-0.970 0.174 -2.068 -0.4672 0.3567 -0.8090
-1.056 0.240 -1.918 -0.7560 0.5771 -0.3090
-1.056 0.240 -1.732 -0.7560 0.5771 0.3090
-0.970 0.174 -1.582 -0.4672 0.3567 0.8090
-0.283 0.782 -1.525 0.0000 0.0000 1.0000
-0.143 0.675 -1.582 0.4672 -0.3567 0.8090
-0.057 0.609 -1.732 0.7560 -0.5771 0.3090
-0.057 0.609 -1.918 0.7560 -0.5771 -0.3090
-0.143 0.675 -2.068 0.4672 -0.3567 -0.8090
-0.283 0.782 -2.125 0.0000 -0.0000 -1.0000
-0.424 0.889 -2.068 -0.4672 0.3567 -0.8090
-0.510 0.956 -1.918 -0.7560 0.5771 -0.3090
-0.510 0.956 -1.732 -0.7560 0.5771 0.3090
-0.424 0.889 -1.582 -0.4672 0.3567 0.8090
-0.829 0.067 -1.825 -0.6068 -0.7949 -0.0000
-0.829 0.067 -1.525 -0.6068 -0.7949 -0.0000
-0.689 -0.040 -1.582 -0.6068 -0.7949 -0.0000
-0.603 -0.106 -1.732 -0.6068 -0.7949 -0.0000
-0.603 -0.106 -1.918 -0.6068 -0.7949 -0.0000
-0.689 -0.040 -2.068 -0.6068 -0.7949 -0.0000
-0.829 0.067 -2.125 -0.6068 -0.7949 -0.0000
-0.970 0.174 -2.068 -0.6068 -0.7949 -0.0000
-1.056 0.240 -1.918 -0.6068 -0.7949 -0.0000
-1.056 0.240 -1.732 -0.6068 -0.7949 -0.0000
-0.970 0.174 -1.582 -0.6068 -0.7949 -0.0000
-0.283 0.782 -1.825 0.6068 0.7949 0.0000
-0.283 0.782 -1.525 0.6068 0.7949 0.0000
-0.143 0.675 -1.582 0.6068 0.7949 0.0000
-0.057 0.609 -1.732 0.6068 0.7949 0.0000
-0.057 0.609 -1.918 0.6068 0.7949 0.0000
-0.143 0.675 -2.068 0.6068 0.7949 0.0000
-0.283 0.782 -2.125 0.6068 0.7949 0.0000
-0.424 0.889 -2.068 0.6068 0.7949 0.0000
-0.510 0.956 -1.918 0.6068 0.7949 0.0000
-0.510 0.956 -1.732 0.6068 0.7949 0.0000
-0.424 0.889 -1.582 0.6068 0.7949 0.0000
0 1 2
0 2 3
4 6 5
4 7 6
8 10 9
8 11 10
12 13 14
12 14 15
16 17 18
16 18 19
20 22 21
20 23 22
24 25 35
24 35 34
25 26 36
25 36 35
26 27 37
26 37 36
27 28 38
27 38 37
28 29 39
28 39 38
29 30 40
29 40 39
30 31 41
30 41 40
31 32 42
31 42 41
32 33 43
32 43 42
33 24 34
33 34 43
44 46 45
44 47 46
44 48 47
44 49 48
44 50 49
44 51 50
44 52 51
44 53 52
44 54 53
44 45 54
55 56 57
55 57 58
55 58 59
55 59 60
55 60 61
55 61 62
55 62 63
55 63 64
55 64 65
55 65 56
LABEL sfoot3_slat_2_0
MATERIAL 7
TEXTURE 0
GEOM 104 76 ;sfoot3_slat_2_0
-0.966 0.411 -1.787 -0.0264 0.0201 0.9995
-0.943 0.462 -1.787 -0.0264 0.0201 0.9995
-0.917 0.512 -1.787 -0.0264 0.0201 0.9995
-0.888 0.560 -1.787 -0.0264 0.0201 0.9995
-10.352 4.404 -2.125 -0.0264 0.0201 0.9995
-10.102 4.951 -2.125 -0.0264 0.0201 0.9995
-9.823 5.484 -2.125 -0.0264 0.0201 0.9995
-9.515 6.002 -2.125 -0.0264 0.0201 0.9995
-0.966 0.411 -1.787 0.0264 -0.0201 -0.9995
-0.943 0.462 -1.787 0.0264 -0.0201 -0.9995
-0.917 0.512 -1.787 0.0264 -0.0201 -0.9995
-0.888 0.560 -1.787 0.0264 -0.0201 -0.9995
-10.352 4.404 -2.125 0.0264 -0.0201 -0.9995
-10.102 4.951 -2.125 0.0264 -0.0201 -0.9995
-9.823 5.484 -2.125 0.0264 -0.0201 -0.9995
-9.515 6.002 -2.125 0.0264 -0.0201 -0.9995
-0.966 0.411 -2.037 0.0264 -0.0201 -0.9995
-0.943 0.462 -2.037 0.0264 -0.0201 -0.9995
-0.917 0.512 -2.037 0.0264 -0.0201 -0.9995
-0.888 0.560 -2.037 0.0264 -0.0201 -0.9995
-10.352 4.404 -2.375 0.0264 -0.0201 -0.9995
-10.102 4.951 -2.375 0.0264 -0.0201 -0.9995
-9.823 5.484 -2.375 0.0264 -0.0201 -0.9995
-9.515 6.002 -2.375 0.0264 -0.0201 -0.9995
-0.966 0.411 -2.037 -0.0264 0.0201 0.9995
-0.943 0.462 -2.037 -0.0264 0.0201 0.9995
-0.917 0.512 -2.037 -0.0264 0.0201 0.9995
-0.888 0.560 -2.037 -0.0264 0.0201 0.9995
-10.352 4.404 -2.375 -0.0264 0.0201 0.9995
-10.102 4.951 -2.375 -0.0264 0.0201 0.9995
-9.823 5.484 -2.375 -0.0264 0.0201 0.9995
-9.515 6.002 -2.375 -0.0264 0.0201 0.9995
-10.352 4.404 -2.375 -0.8858 0.4640 0.0000
-10.102 4.951 -2.375 -0.8858 0.4640 0.0000
-9.823 5.484 -2.375 -0.8858 0.4640 0.0000
-9.515 6.002 -2.375 -0.8858 0.4640 0.0000
-10.352 4.404 -2.125 -0.8858 0.4640 0.0000
-10.102 4.951 -2.125 -0.8858 0.4640 0.0000
-9.823 5.484 -2.125 -0.8858 0.4640 0.0000
-9.515 6.002 -2.125 -0.8858 0.4640 0.0000
-10.352 4.404 -2.375 0.8858 -0.4640 -0.0000
-10.102 4.951 -2.375 0.8858 -0.4640 -0.0000
-9.823 5.484 -2.375 0.8858 -0.4640 -0.0000
-9.515 6.002 -2.375 0.8858 -0.4640 -0.0000
-10.352 4.404 -2.125 0.8858 -0.4640 -0.0000
-10.102 4.951 -2.125 0.8858 -0.4640 -0.0000
-9.823 5.484 -2.125 0.8858 -0.4640 -0.0000
-9.515 6.002 -2.125 0.8858 -0.4640 -0.0000
-0.966 0.411 -2.037 0.8858 -0.4640 -0.0000
-0.943 0.462 -2.037 0.8858 -0.4640 -0.0000
-0.917 0.512 -2.037 0.8858 -0.4640 -0.0000
-0.888 0.560 -2.037 0.8858 -0.4640 -0.0000
-0.966 0.411 -1.787 0.8858 -0.4640 -0.0000
-0.943 0.462 -1.787 0.8858 -0.4640 -0.0000
-0.917 0.512 -1.787 0.8858 -0.4640 -0.0000
-0.888 0.560 -1.787 0.8858 -0.4640 -0.0000
-0.966 0.411 -2.037 -0.8858 0.4640 0.0000
-0.943 0.462 -2.037 -0.8858 0.4640 0.0000
-0.917 0.512 -2.037 -0.8858 0.4640 0.0000
-0.888 0.560 -2.037 -0.8858 0.4640 0.0000
-0.966 0.411 -1.787 -0.8858 0.4640 0.0000
-0.943 0.462 -1.787 -0.8858 0.4640 0.0000
-0.917 0.512 -1.787 -0.8858 0.4640 0.0000
-0.888 0.560 -1.787 -0.8858 0.4640 0.0000
-10.352 4.404 -2.125 -0.8858 0.4640 0.0000
-10.102 4.951 -2.125 -0.8858 0.4640 0.0000
-9.823 5.484 -2.125 -0.8858 0.4640 0.0000
-9.515 6.002 -2.125 -0.8858 0.4640 0.0000
-10.352 4.404 -1.425 -0.8858 0.4640 0.0000
-10.102 4.951 -1.425 -0.8858 0.4640 0.0000
-9.823 5.484 -1.425 -0.8858 0.4640 0.0000
-9.515 6.002 -1.425 -0.8858 0.4640 0.0000
-10.352 4.404 -2.125 0.8858 -0.4640 -0.0000
-10.102 4.951 -2.125 0.8858 -0.4640 -0.0000
-9.823 5.484 -2.125 0.8858 -0.4640 -0.0000
-9.515 6.002 -2.125 0.8858 -0.4640 -0.0000
-10.352 4.404 -1.425 0.8858 -0.4640 -0.0000
-10.102 4.951 -1.425 0.8858 -0.4640 -0.0000
-9.823 5.484 -1.425 0.8858 -0.4640 -0.0000
-9.515 6.002 -1.425 0.8858 -0.4640 -0.0000
-10.352 4.404 -1.425 -0.0000 -0.0000 1.0000
-10.102 4.951 -1.425 -0.0000 -0.0000 1.0000
-9.823 5.484 -1.425 -0.0000 -0.0000 1.0000
-9.515 6.002 -1.425 -0.0000 -0.0000 1.0000
-10.030 4.267 -1.413 -0.0000 -0.0000 1.0000
-9.788 4.797 -1.413 -0.0000 -0.0000 1.0000
-9.517 5.314 -1.413 -0.0000 -0.0000 1.0000
-9.219 5.815 -1.413 -0.0000 -0.0000 1.0000
-10.352 4.404 -1.425 0.0000 0.0000 -1.0000
-10.102 4.951 -1.425 0.0000 0.0000 -1.0000
-9.823 5.484 -1.425 0.0000 0.0000 -1.0000
-9.515 6.002 -1.425 0.0000 0.0000 -1.0000
-10.030 4.267 -1.413 0.0000 0.0000 -1.0000
-9.788 4.797 -1.413 0.0000 0.0000 -1.0000
-9.517 5.314 -1.413 0.0000 0.0000 -1.0000
-9.219 5.815 -1.413 0.0000 0.0000 -1.0000
-0.966 0.411 -2.037 0.3915 0.9202 0.0000
-10.352 4.404 -2.375 0.3915 0.9202 0.0000
-0.966 0.411 -1.787 0.3915 0.9202 0.0000
-10.352 4.404 -2.125 0.3915 0.9202 0.0000
-0.966 0.411 -2.037 -0.3915 -0.9202 -0.0000
-10.352 4.404 -2.375 -0.3915 -0.9202 -0.0000
-0.966 0.411 -1.787 -0.3915 -0.9202 -0.0000
-10.352 4.404 -2.125 -0.3915 -0.9202 -0.0000
0 1 5
0 5 4
8 13 9
8 12 13
1 2 6
1 6 5
9 14 10
9 13 14
2 3 7
2 7 6
10 15 11
10 14 15
16 21 17
16 20 21
24 25 29
24 29 28
17 22 18
17 21 22
25 26 30
25 30 29
18 23 19
18 22 23
26 27 31
26 31 30
32 37 33
32 36 37
40 41 45
40 45 44
33 38 34
33 37 38
41 42 46
41 46 45
34 39 35
34 38 39
42 43 47
42 47 46
48 49 53
48 53 52
56 61 57
56 60 61
49 50 54
49 54 53
57 62 58
57 61 62
50 51 55
50 55 54
58 63 59
58 62 63
64 69 65
64 68 69
72 73 77
72 77 76
65 70 66
65 69 70
73 74 78
73 78 77
66 71 67
66 70 71
74 75 79
74 79 78
80 85 81
80 84 85
88 89 93
88 93 92
81 86 82
81 85 86
89 90 94
89 94 93
82 87 83
82 86 87
90 91 95
90 95 94
96 97 99
96 99 98
100 103 101
100 102 103
LABEL sfoot3_slat_2_1
MATERIAL 7
TEXTURE 0
GEOM 96 72 ;sfoot3_slat_2_1
-0.886 0.564 -1.787 -0.0264 0.0201 0.9995
-0.852 0.613 -1.787 -0.0264 0.0201 0.9995
-0.816 0.661 -1.787 -0.0264 0.0201 0.9995
-0.777 0.706 -1.787 -0.0264 0.0201 0.9995
-9.491 6.040 -2.125 -0.0264 0.0201 0.9995
-9.133 6.569 -2.125 -0.0264 0.0201 0.9995
-8.745 7.078 -2.125 -0.0264 0.0201 0.9995
-8.328 7.563 -2.125 -0.0264 0.0201 0.9995
-0.886 0.564 -1.787 0.0264 -0.0201 -0.9995
-0.852 0.613 -1.787 0.0264 -0.0201 -0.9995
-0.816 0.661 -1.787 0.0264 -0.0201 -0.9995
-0.777 0.706 -1.787 0.0264 -0.0201 -0.9995
-9.491 6.040 -2.125 0.0264 -0.0201 -0.9995
-9.133 6.569 -2.125 0.0264 -0.0201 -0.9995
-8.745 7.078 -2.125 0.0264 -0.0201 -0.9995
-8.328 7.563 -2.125 0.0264 -0.0201 -0.9995
-0.886 0.564 -2.037 0.0264 -0.0201 -0.9995
-0.852 0.613 -2.037 0.0264 -0.0201 -0.9995
-0.816 0.661 -2.037 0.0264 -0.0201 -0.9995
-0.777 0.706 -2.037 0.0264 -0.0201 -0.9995
-9.491 6.040 -2.375 0.0264 -0.0201 -0.9995
-9.133 6.569 -2.375 0.0264 -0.0201 -0.9995
-8.745 7.078 -2.375 0.0264 -0.0201 -0.9995
-8.328 7.563 -2.375 0.0264 -0.0201 -0.9995
-0.886 0.564 -2.037 -0.0264 0.0201 0.9995
-0.852 0.613 -2.037 -0.0264 0.0201 0.9995
-0.816 0.661 -2.037 -0.0264 0.0201 0.9995
-0.777 0.706 -2.037 -0.0264 0.0201 0.9995
-9.491 6.040 -2.375 -0.0264 0.0201 0.9995
-9.133 6.569 -2.375 -0.0264 0.0201 0.9995
-8.745 7.078 -2.375 -0.0264 0.0201 0.9995
-8.328 7.563 -2.375 -0.0264 0.0201 0.9995
-9.491 6.040 -2.375 -0.7949 0.6068 0.0000
-9.133 6.569 -2.375 -0.7949 0.6068 0.0000
-8.745 7.078 -2.375 -0.7949 0.6068 0.0000
-8.328 7.563 -2.375 -0.7949 0.6068 0.0000
-9.491 6.040 -2.125 -0.7949 0.6068 0.0000
-9.133 6.569 -2.125 -0.7949 0.6068 0.0000
-8.745 7.078 -2.125 -0.7949 0.6068 0.0000
-8.328 7.563 -2.125 -0.7949 0.6068 0.0000
-9.491 6.040 -2.375 0.7949 -0.6068 -0.0000
-9.133 6.569 -2.375 0.7949 -0.6068 -0.0000
-8.745 7.078 -2.375 0.7949 -0.6068 -0.0000
-8.328 7.563 -2.375 0.7949 -0.6068 -0.0000
-9.491 6.040 -2.125 0.7949 -0.6068 -0.0000
-9.133 6.569 -2.125 0.7949 -0.6068 -0.0000
-8.745 7.078 -2.125 0.7949 -0.6068 -0.0000
-8.328 7.563 -2.125 0.7949 -0.6068 -0.0000
-0.886 0.564 -2.037 0.7949 -0.6068 -0.0000
-0.852 0.613 -2.037 0.7949 -0.6068 -0.0000
-0.816 0.661 -2.037 0.7949 -0.6068 -0.0000
-0.777 0.706 -2.037 0.7949 -0.6068 -0.0000
-0.886 0.564 -1.787 0.7949 -0.6068 -0.0000
-0.852 0.613 -1.787 0.7949 -0.6068 -0.0000
-0.816 0.661 -1.787 0.7949 -0.6068 -0.0000
-0.777 0.706 -1.787 0.7949 -0.6068 -0.0000
-0.886 0.564 -2.037 -0.7949 0.6068 0.0000
-0.852 0.613 -2.037 -0.7949 0.6068 0.0000
-0.816 0.661 -2.037 -0.7949 0.6068 0.0000
-0.777 0.706 -2.037 -0.7949 0.6068 0.0000
-0.886 0.564 -1.787 -0.7949 0.6068 0.0000
-0.852 0.613 -1.787 -0.7949 0.6068 0.0000
-0.816 0.661 -1.787 -0.7949 0.6068 0.0000
-0.777 0.706 -1.787 -0.7949 0.6068 0.0000
-9.491 6.040 -2.125 -0.7949 0.6068 0.0000
-9.133 6.569 -2.125 -0.7949 0.6068 0.0000
-8.745 7.078 -2.125 -0.7949 0.6068 0.0000
-8.328 7.563 -2.125 -0.7949 0.6068 0.0000
-9.491 6.040 -1.425 -0.7949 0.6068 0.0000
-9.133 6.569 -1.425 -0.7949 0.6068 0.0000
-8.745 7.078 -1.425 -0.7949 0.6068 0.0000
-8.328 7.563 -1.425 -0.7949 0.6068 0.0000
-9.491 6.040 -2.125 0.7949 -0.6068 -0.0000
-9.133 6.569 -2.125 0.7949 -0.6068 -0.0000
-8.745 7.078 -2.125 0.7949 -0.6068 -0.0000
-8.328 7.563 -2.125 0.7949 -0.6068 -0.0000
-9.491 6.040 -1.425 0.7949 -0.6068 -0.0000
-9.133 6.569 -1.425 0.7949 -0.6068 -0.0000
-8.745 7.078 -1.425 0.7949 -0.6068 -0.0000
-8.328 7.563 -1.425 0.7949 -0.6068 -0.0000
-9.491 6.040 -1.425 -0.0000 -0.0000 1.0000
-9.133 6.569 -1.425 -0.0000 -0.0000 1.0000
-8.745 7.078 -1.425 -0.0000 -0.0000 1.0000
-8.328 7.563 -1.425 -0.0000 -0.0000 1.0000
-9.196 5.852 -1.413 -0.0000 -0.0000 1.0000
-8.849 6.365 -1.413 -0.0000 -0.0000 1.0000
-8.473 6.857 -1.413 -0.0000 -0.0000 1.0000
-8.069 7.328 -1.413 -0.0000 -0.0000 1.0000
-9.491 6.040 -1.425 0.0000 0.0000 -1.0000
-9.133 6.569 -1.425 0.0000 0.0000 -1.0000
-8.745 7.078 -1.425 0.0000 0.0000 -1.0000
-8.328 7.563 -1.425 0.0000 0.0000 -1.0000
-9.196 5.852 -1.413 0.0000 0.0000 -1.0000
-8.849 6.365 -1.413 0.0000 0.0000 -1.0000
-8.473 6.857 -1.413 0.0000 0.0000 -1.0000
-8.069 7.328 -1.413 0.0000 0.0000 -1.0000
0 1 5
0 5 4
8 13 9
8 12 13
1 2 6
1 6 5
9 14 10
9 13 14
2 3 7
2 7 6
10 15 11
10 14 15
16 21 17
16 20 21
24 25 29
24 29 28
17 22 18
17 21 22
25 26 30
25 30 29
18 23 19
18 22 23
26 27 31
26 31 30
32 37 33
32 36 37
40 41 45
40 45 44
33 38 34
33 37 38
41 42 46
41 46 45
34 39 35
34 38 39
42 43 47
42 47 46
48 49 53
48 53 52
56 61 57
56 60 61
49 50 54
49 54 53
57 62 58
57 61 62
50 51 55
50 55 54
58 63 59
58 62 63
64 69 65
64 68 69
72 73 77
72 77 76
65 70 66
65 69 70
73 74 78
73 78 77
66 71 67
66 70 71
74 75 79
74 79 78
80 85 81
80 84 85
88 89 93
88 93 92
81 86 82
81 85 86
89 90 94
89 94 93
82 87 83
82 86 87
90 91 95
90 95 94
LABEL sfoot3_slat_2_2
MATERIAL 7
TEXTURE 0
GEOM 104 76 ;sfoot3_slat_2_2
-0.774 0.709 -1.787 -0.0264 0.0201 0.9995
-0.735 0.749 -1.787 -0.0264 0.0201 0.9995
-0.694 0.788 -1.787 -0.0264 0.0201 0.9995
-0.651 0.824 -1.787 -0.0264 0.0201 0.9995
-8.298 7.596 -2.125 -0.0264 0.0201 0.9995
-7.880 8.029 -2.125 -0.0264 0.0201 0.9995
-7.439 8.439 -2.125 -0.0264 0.0201 0.9995
-6.977 8.825 -2.125 -0.0264 0.0201 0.9995
-0.774 0.709 -1.787 0.0264 -0.0201 -0.9995
-0.735 0.749 -1.787 0.0264 -0.0201 -0.9995
-0.694 0.788 -1.787 0.0264 -0.0201 -0.9995
-0.651 0.824 -1.787 0.0264 -0.0201 -0.9995
-8.298 7.596 -2.125 0.0264 -0.0201 -0.9995
-7.880 8.029 -2.125 0.0264 -0.0201 -0.9995
-7.439 8.439 -2.125 0.0264 -0.0201 -0.9995
-6.977 8.825 -2.125 0.0264 -0.0201 -0.9995
-0.774 0.709 -2.037 0.0264 -0.0201 -0.9995
-0.735 0.749 -2.037 0.0264 -0.0201 -0.9995
-0.694 0.788 -2.037 0.0264 -0.0201 -0.9995
-0.651 0.824 -2.037 0.0264 -0.0201 -0.9995
-8.298 7.596 -2.375 0.0264 -0.0201 -0.9995
-7.880 8.029 -2.375 0.0264 -0.0201 -0.9995
-7.439 8.439 -2.375 0.0264 -0.0201 -0.9995
-6.977 8.825 -2.375 0.0264 -0.0201 -0.9995
-0.774 0.709 -2.037 -0.0264 0.0201 0.9995
-0.735 0.749 -2.037 -0.0264 0.0201 0.9995
-0.694 0.788 -2.037 -0.0264 0.0201 0.9995
-0.651 0.824 -2.037 -0.0264 0.0201 0.9995
-8.298 7.596 -2.375 -0.0264 0.0201 0.9995
-7.880 8.029 -2.375 -0.0264 0.0201 0.9995
-7.439 8.439 -2.375 -0.0264 0.0201 0.9995
-6.977 8.825 -2.375 -0.0264 0.0201 0.9995
-8.298 7.596 -2.375 -0.6811 0.7322 0.0000
-7.880 8.029 -2.375 -0.6811 0.7322 0.0000
-7.439 8.439 -2.375 -0.6811 0.7322 0.0000
-6.977 8.825 -2.375 -0.6811 0.7322 0.0000
-8.298 7.596 -2.125 -0.6811 0.7322 0.0000
-7.880 8.029 -2.125 -0.6811 0.7322 0.0000
-7.439 8.439 -2.125 -0.6811 0.7322 0.0000
-6.977 8.825 -2.125 -0.6811 0.7322 0.0000
-8.298 7.596 -2.375 0.6811 -0.7322 -0.0000
-7.880 8.029 -2.375 0.6811 -0.7322 -0.0000
-7.439 8.439 -2.375 0.6811 -0.7322 -0.0000
-6.977 8.825 -2.375 0.6811 -0.7322 -0.0000
-8.298 7.596 -2.125 0.6811 -0.7322 -0.0000
-7.880 8.029 -2.125 0.6811 -0.7322 -0.0000
-7.439 8.439 -2.125 0.6811 -0.7322 -0.0000
-6.977 8.825 -2.125 0.6811 -0.7322 -0.0000
-0.774 0.709 -2.037 0.6811 -0.7322 -0.0000
-0.735 0.749 -2.037 0.6811 -0.7322 -0.0000
-0.694 0.788 -2.037 0.6811 -0.7322 -0.0000
-0.651 0.824 -2.037 0.6811 -0.7322 -0.0000
-0.774 0.709 -1.787 0.6811 -0.7322 -0.0000
-0.735 0.749 -1.787 0.6811 -0.7322 -0.0000
-0.694 0.788 -1.787 0.6811 -0.7322 -0.0000
-0.651 0.824 -1.787 0.6811 -0.7322 -0.0000
-0.774 0.709 -2.037 -0.6811 0.7322 0.0000
-0.735 0.749 -2.037 -0.6811 0.7322 0.0000
-0.694 0.788 -2.037 -0.6811 0.7322 0.0000
-0.651 0.824 -2.037 -0.6811 0.7322 0.0000
-0.774 0.709 -1.787 -0.6811 0.7322 0.0000
-0.735 0.749 -1.787 -0.6811 0.7322 0.0000
-0.694 0.788 -1.787 -0.6811 0.7322 0.0000
-0.651 0.824 -1.787 -0.6811 0.7322 0.0000
-8.298 7.596 -2.125 -0.6811 0.7322 0.0000
-7.880 8.029 -2.125 -0.6811 0.7322 0.0000
-7.439 8.439 -2.125 -0.6811 0.7322 0.0000
-6.977 8.825 -2.125 -0.6811 0.7322 0.0000
-8.298 7.596 -1.425 -0.6811 0.7322 0.0000
-7.880 8.029 -1.425 -0.6811 0.7322 0.0000
-7.439 8.439 -1.425 -0.6811 0.7322 0.0000
-6.977 8.825 -1.425 -0.6811 0.7322 0.0000
-8.298 7.596 -2.125 0.6811 -0.7322 -0.0000
-7.880 8.029 -2.125 0.6811 -0.7322 -0.0000
-7.439 8.439 -2.125 0.6811 -0.7322 -0.0000
-6.977 8.825 -2.125 0.6811 -0.7322 -0.0000
-8.298 7.596 -1.425 0.6811 -0.7322 -0.0000
-7.880 8.029 -1.425 0.6811 -0.7322 -0.0000
-7.439 8.439 -1.425 0.6811 -0.7322 -0.0000
-6.977 8.825 -1.425 0.6811 -0.7322 -0.0000
-8.298 7.596 -1.425 -0.0000 -0.0000 1.0000
-7.880 8.029 -1.425 -0.0000 -0.0000 1.0000
-7.439 8.439 -1.425 -0.0000 -0.0000 1.0000
-6.977 8.825 -1.425 -0.0000 -0.0000 1.0000
-8.040 7.360 -1.413 -0.0000 -0.0000 1.0000
-7.635 7.779 -1.413 -0.0000 -0.0000 1.0000
-7.208 8.177 -1.413 -0.0000 -0.0000 1.0000
-6.760 8.550 -1.413 -0.0000 -0.0000 1.0000
-8.298 7.596 -1.425 0.0000 0.0000 -1.0000
-7.880 8.029 -1.425 0.0000 0.0000 -1.0000
-7.439 8.439 -1.425 0.0000 0.0000 -1.0000
-6.977 8.825 -1.425 0.0000 0.0000 -1.0000
-8.040 7.360 -1.413 0.0000 0.0000 -1.0000
-7.635 7.779 -1.413 0.0000 0.0000 -1.0000
-7.208 8.177 -1.413 0.0000 0.0000 -1.0000
-6.760 8.550 -1.413 0.0000 0.0000 -1.0000
-0.651 0.824 -2.037 0.7844 0.6202 0.0000
-6.977 8.825 -2.375 0.7844 0.6202 0.0000
-0.651 0.824 -1.787 0.7844 0.6202 0.0000
-6.977 8.825 -2.125 0.7844 0.6202 0.0000
-0.651 0.824 -2.037 -0.7844 -0.6202 -0.0000
-6.977 8.825 -2.375 -0.7844 -0.6202 -0.0000
-0.651 0.824 -1.787 -0.7844 -0.6202 -0.0000
-6.977 8.825 -2.125 -0.7844 -0.6202 -0.0000
0 1 5
0 5 4
8 13 9
8 12 13
1 2 6
1 6 5
9 14 10
9 13 14
2 3 7
2 7 6
10 15 11
10 14 15
16 21 17
16 20 21
24 25 29
24 29 28
17 22 18
17 21 22
25 26 30
25 30 29
18 23 19
18 22 23
26 27 31
26 31 30
32 37 33
32 36 37
40 41 45
40 45 44
33 38 34
33 37 38
41 42 46
41 46 45
34 39 35
34 38 39
42 43 47
42 47 46
48 49 53
48 53 52
56 61 57
56 60 61
49 50 54
49 54 53
57 62 58
57 61 62
50 51 55
50 55 54
58 63 59
58 62 63
64 69 65
64 68 69
72 73 77
72 77 76
65 70 66
65 69 70
73 74 78
73 78 77
66 71 67
66 70 71
74 75 79
74 79 78
80 85 81
80 84 85
88 89 93
88 93 92
81 86 82
81 85 86
89 90 94
89 94 93
82 87 83
82 86 87
90 91 95
90 95 94
96 97 99
96 99 98
100 103 101
100 102 103
LABEL sfoot3_strut_2
MATERIAL 9
TEXTURE 0
GEOM 50 48 ;sfoot3_strut_2
-0.609 0.698 1.729 0.6099 0.0000 -0.7925
-0.753 0.484 1.703 0.3231 -0.4278 -0.8441
-0.939 0.327 1.790 -0.0503 -0.7410 -0.6696
-1.119 0.270 1.967 -0.4102 -0.8556 -0.3157
-1.244 0.327 2.186 -0.6602 -0.7410 0.1228
-1.281 0.484 2.389 -0.7333 -0.4278 0.5284
-1.219 0.698 2.521 -0.6099 -0.0000 0.7925
-1.076 0.912 2.547 -0.3231 0.4278 0.8441
-0.889 1.068 2.460 0.0503 0.7410 0.6696
-0.709 1.126 2.283 0.4102 0.8556 0.3157
-0.584 1.068 2.064 0.6602 0.7410 -0.1228
-0.547 0.912 1.861 0.7333 0.4278 -0.5284
-3.397 2.826 -0.417 0.6099 0.0000 -0.7925
-3.541 2.612 -0.443 0.3231 -0.4278 -0.8441
-3.727 2.456 -0.356 -0.0503 -0.7410 -0.6696
-3.907 2.398 -0.179 -0.4102 -0.8556 -0.3157
-4.032 2.456 0.041 -0.6602 -0.7410 0.1228
-4.069 2.612 0.243 -0.7333 -0.4278 0.5284
-4.007 2.826 0.375 -0.6099 -0.0000 0.7925
-3.864 3.040 0.401 -0.3231 0.4278 0.8441
-3.677 3.197 0.314 0.0503 0.7410 0.6696
-3.497 3.254 0.137 0.4102 0.8556 0.3157
-3.372 3.197 -0.082 0.6602 0.7410 -0.1228
-3.335 3.040 -0.285 0.7333 0.4278 -0.5284
-0.914 0.698 2.125 0.6780 -0.5176 0.5219
-0.609 0.698 1.729 0.6780 -0.5176 0.5219
-0.753 0.484 1.703 0.6780 -0.5176 0.5219
-0.939 0.327 1.790 0.6780 -0.5176 0.5219
-1.119 0.270 1.967 0.6780 -0.5176 0.5219
-1.244 0.327 2.186 0.6780 -0.5176 0.5219
-1.281 0.484 2.389 0.6780 -0.5176 0.5219
-1.219 0.698 2.521 0.6780 -0.5176 0.5219
-1.076 0.912 2.547 0.6780 -0.5176 0.5219
-0.889 1.068 2.460 0.6780 -0.5176 0.5219
-0.709 1.126 2.283 0.6780 -0.5176 0.5219
-0.584 1.068 2.064 0.6780 -0.5176 0.5219
-0.547 0.912 1.861 0.6780 -0.5176 0.5219
-3.702 2.826 -0.021 -0.6780 0.5176 -0.5219
-3.397 2.826 -0.417 -0.6780 0.5176 -0.5219
-3.541 2.612 -0.443 -0.6780 0.5176 -0.5219
-3.727 2.456 -0.356 -0.6780 0.5176 -0.5219
-3.907 2.398 -0.179 -0.6780 0.5176 -0.5219
-4.032 2.456 0.041 -0.6780 0.5176 -0.5219
-4.069 2.612 0.243 -0.6780 0.5176 -0.5219
-4.007 2.826 0.375 -0.6780 0.5176 -0.5219
-3.864 3.040 0.401 -0.6780 0.5176 -0.5219
-3.677 3.197 0.314 -0.6780 0.5176 -0.5219
-3.497 3.254 0.137 -0.6780 0.5176 -0.5219
-3.372 3.197 -0.082 -0.6780 0.5176 -0.5219
-3.335 3.040 -0.285 -0.6780 0.5176 -0.5219
0 1 13
0 13 12
1 2 14
1 14 13
2 3 15
2 15 14
3 4 16
3 16 15
4 5 17
4 17 16
5 6 18
5 18 17
6 7 19
6 19 18
7 8 20
7 20 19
8 9 21
8 21 20
9 10 22
9 22 21
10 11 23
10 23 22
11 0 12
11 12 23
24 26 25
24 27 26
24 28 27
24 29 28
24 30 29
24 31 30
24 32 31
24 33 32
24 34 33
24 35 34
24 36 35
24 25 36
37 38 39
37 39 40
37 40 41
37 41 42
37 42 43
37 43 44
37 44 45
37 45 46
37 46 47
37 47 48
37 48 49
37 49 38
LABEL sfoot3_rod_2
MATERIAL 7
TEXTURE 0
GEOM 42 40 ;sfoot3_rod_2
-3.143 2.516 0.094 0.6099 0.0000 -0.7925
-3.232 2.390 0.086 0.2523 -0.5029 -0.8267
-3.346 2.312 0.156 -0.2016 -0.8137 -0.5451
-3.440 2.312 0.278 -0.5786 -0.8137 -0.0554
-3.479 2.390 0.406 -0.7345 -0.5029 0.4556
-3.448 2.516 0.490 -0.6099 -0.0000 0.7925
-3.358 2.641 0.499 -0.2523 0.5029 0.8267
-3.245 2.719 0.429 0.2016 0.8137 0.5451
-3.151 2.719 0.306 0.5786 0.8137 0.0554
-3.112 2.641 0.178 0.7345 0.5029 -0.4556
-5.831 4.567 -1.975 0.6099 0.0000 -0.7925
-5.920 4.442 -1.983 0.2523 -0.5029 -0.8267
-6.034 4.364 -1.913 -0.2016 -0.8137 -0.5451
-6.128 4.364 -1.790 -0.5786 -0.8137 -0.0554
-6.167 4.442 -1.663 -0.7345 -0.5029 0.4556
-6.136 4.567 -1.578 -0.6099 -0.0000 0.7925
-6.046 4.693 -1.570 -0.2523 0.5029 0.8267
-5.933 4.771 -1.640 0.2016 0.8137 0.5451
-5.839 4.771 -1.763 0.5786 0.8137 0.0554
-5.800 4.693 -1.890 0.7345 0.5029 -0.4556
-3.295 2.516 0.292 0.6780 -0.5176 0.5219
-3.143 2.516 0.094 0.6780 -0.5176 0.5219
-3.232 2.390 0.086 0.6780 -0.5176 0.5219
-3.346 2.312 0.156 0.6780 -0.5176 0.5219
-3.440 2.312 0.278 0.6780 -0.5176 0.5219
-3.479 2.390 0.406 0.6780 -0.5176 0.5219
-3.448 2.516 0.490 0.6780 -0.5176 0.5219
-3.358 2.641 0.499 0.6780 -0.5176 0.5219
-3.245 2.719 0.429 0.6780 -0.5176 0.5219
-3.151 2.719 0.306 0.6780 -0.5176 0.5219
-3.112 2.641 0.178 0.6780 -0.5176 0.5219
-5.983 4.567 -1.776 -0.6780 0.5176 -0.5219
-5.831 4.567 -1.975 -0.6780 0.5176 -0.5219
-5.920 4.442 -1.983 -0.6780 0.5176 -0.5219
-6.034 4.364 -1.913 -0.6780 0.5176 -0.5219
-6.128 4.364 -1.790 -0.6780 0.5176 -0.5219
-6.167 4.442 -1.663 -0.6780 0.5176 -0.5219
-6.136 4.567 -1.578 -0.6780 0.5176 -0.5219
-6.046 4.693 -1.570 -0.6780 0.5176 -0.5219
-5.933 4.771 -1.640 -0.6780 0.5176 -0.5219
-5.839 4.771 -1.763 -0.6780 0.5176 -0.5219
-5.800 4.693 -1.890 -0.6780 0.5176 -0.5219
0 1 11
0 11 10
1 2 12
1 12 11
2 3 13
2 13 12
3 4 14
3 14 13
4 5 15
4 15 14
5 6 16
5 16 15
6 7 17
6 17 16
7 8 18
7 18 17
8 9 19
8 19 18
9 0 10
9 10 19
20 22 21
20 23 22
20 24 23
20 25 24
20 26 25
20 27 26
20 28 27
20 29 28
20 30 29
20 21 30
31 32 33
31 33 34
31 34 35
31 35 36
31 36 37
31 37 38
31 38 39
31 39 40
31 40 41
31 41 32
LABEL sfoot3_skirt_2_0
MATERIAL 7
TEXTURE 0
GEOM 16 12 ;sfoot3_skirt_2_0
-10.352 4.404 -3.275 -0.8858 0.4640 0.0000
-10.102 4.951 -3.275 -0.8858 0.4640 0.0000
-9.823 5.484 -3.275 -0.8858 0.4640 0.0000
-9.515 6.002 -3.275 -0.8858 0.4640 0.0000
-10.352 4.404 -2.375 -0.8858 0.4640 0.0000
-10.102 4.951 -2.375 -0.8858 0.4640 0.0000
-9.823 5.484 -2.375 -0.8858 0.4640 0.0000
-9.515 6.002 -2.375 -0.8858 0.4640 0.0000
-10.352 4.404 -3.275 0.8858 -0.4640 -0.0000
-10.102 4.951 -3.275 0.8858 -0.4640 -0.0000
-9.823 5.484 -3.275 0.8858 -0.4640 -0.0000
-9.515 6.002 -3.275 0.8858 -0.4640 -0.0000
-10.352 4.404 -2.375 0.8858 -0.4640 -0.0000
-10.102 4.951 -2.375 0.8858 -0.4640 -0.0000
-9.823 5.484 -2.375 0.8858 -0.4640 -0.0000
-9.515 6.002 -2.375 0.8858 -0.4640 -0.0000
0 5 1
0 4 5
8 9 13
8 13 12
1 6 2
1 5 6
9 10 14
9 14 13
2 7 3
2 6 7
10 11 15
10 15 14
LABEL sfoot3_skirt_2_1
MATERIAL 7
TEXTURE 0
GEOM 16 12 ;sfoot3_skirt_2_1
-9.491 6.040 -3.275 -0.7949 0.6068 0.0000
-9.133 6.569 -3.275 -0.7949 0.6068 0.0000
-8.745 7.078 -3.275 -0.7949 0.6068 0.0000
-8.328 7.563 -3.275 -0.7949 0.6068 0.0000
-9.491 6.040 -2.375 -0.7949 0.6068 0.0000
-9.133 6.569 -2.375 -0.7949 0.6068 0.0000
-8.745 7.078 -2.375 -0.7949 0.6068 0.0000
-8.328 7.563 -2.375 -0.7949 0.6068 0.0000
-9.491 6.040 -3.275 0.7949 -0.6068 -0.0000
-9.133 6.569 -3.275 0.7949 -0.6068 -0.0000
-8.745 7.078 -3.275 0.7949 -0.6068 -0.0000
-8.328 7.563 -3.275 0.7949 -0.6068 -0.0000
-9.491 6.040 -2.375 0.7949 -0.6068 -0.0000
-9.133 6.569 -2.375 0.7949 -0.6068 -0.0000
-8.745 7.078 -2.375 0.7949 -0.6068 -0.0000
-8.328 7.563 -2.375 0.7949 -0.6068 -0.0000
0 5 1
0 4 5
8 9 13
8 13 12
1 6 2
1 5 6
9 10 14
9 14 13
2 7 3
2 6 7
10 11 15
10 15 14
LABEL sfoot3_skirt_2_2
MATERIAL 7
TEXTURE 0
GEOM 16 12 ;sfoot3_skirt_2_2
-8.298 7.596 -3.275 -0.6811 0.7322 0.0000
-7.880 8.029 -3.275 -0.6811 0.7322 0.0000
-7.439 8.439 -3.275 -0.6811 0.7322 0.0000
-6.977 8.825 -3.275 -0.6811 0.7322 0.0000
-8.298 7.596 -2.375 -0.6811 0.7322 0.0000
-7.880 8.029 -2.375 -0.6811 0.7322 0.0000
-7.439 8.439 -2.375 -0.6811 0.7322 0.0000
-6.977 8.825 -2.375 -0.6811 0.7322 0.0000
-8.298 7.596 -3.275 0.6811 -0.7322 -0.0000
-7.880 8.029 -3.275 0.6811 -0.7322 -0.0000
-7.439 8.439 -3.275 0.6811 -0.7322 -0.0000
-6.977 8.825 -3.275 0.6811 -0.7322 -0.0000
-8.298 7.596 -2.375 0.6811 -0.7322 -0.0000
-7.880 8.029 -2.375 0.6811 -0.7322 -0.0000
-7.439 8.439 -2.375 0.6811 -0.7322 -0.0000
-6.977 8.825 -2.375 0.6811 -0.7322 -0.0000
0 5 1
0 4 5
8 9 13
8 13 12
1 6 2
1 5 6
9 10 14
9 14 13
2 7 3
2 6 7
10 11 15
10 15 14
LABEL sfoot3_petal_3
MATERIAL 7
TEXTURE 0
GEOM 66 52 ;sfoot3_petal_3
-0.673 0.704 -1.782 0.3848 -0.9224 0.0332
-0.027 0.973 -1.782 0.3848 -0.9224 0.0332
-0.032 0.987 -1.332 0.3848 -0.9224 0.0332
-0.678 0.717 -1.332 0.3848 -0.9224 0.0332
-4.503 9.887 -2.112 -0.3848 0.9224 -0.0332
-3.857 10.156 -2.112 -0.3848 0.9224 -0.0332
-3.863 10.170 -1.662 -0.3848 0.9224 -0.0332
-4.509 9.900 -1.662 -0.3848 0.9224 -0.0332
-0.673 0.704 -1.782 -0.9229 -0.3850 -0.0000
-4.503 9.887 -2.112 -0.9229 -0.3850 -0.0000
-4.509 9.900 -1.662 -0.9229 -0.3850 -0.0000
-0.678 0.717 -1.332 -0.9229 -0.3850 -0.0000
-0.027 0.973 -1.782 0.9229 0.3850 0.0000
-3.857 10.156 -2.112 0.9229 0.3850 0.0000
-3.863 10.170 -1.662 0.9229 0.3850 0.0000
-0.032 0.987 -1.332 0.9229 0.3850 0.0000
-0.673 0.704 -1.782 0.0128 -0.0306 -0.9995
-4.503 9.887 -2.112 0.0128 -0.0306 -0.9995
-3.857 10.156 -2.112 0.0128 -0.0306 -0.9995
-0.027 0.973 -1.782 0.0128 -0.0306 -0.9995
-0.678 0.717 -1.332 -0.0128 0.0306 0.9995
-4.509 9.900 -1.662 -0.0128 0.0306 0.9995
-3.863 10.170 -1.662 -0.0128 0.0306 0.9995
-0.032 0.987 -1.332 -0.0128 0.0306 0.9995
-0.685 0.473 -1.525 0.0000 0.0000 1.0000
-0.617 0.310 -1.582 0.2263 -0.5425 0.8090
-0.575 0.209 -1.732 0.3661 -0.8778 0.3090
-0.575 0.209 -1.918 0.3661 -0.8778 -0.3090
-0.617 0.310 -2.068 0.2263 -0.5425 -0.8090
-0.685 0.473 -2.125 0.0000 -0.0000 -1.0000
-0.753 0.636 -2.068 -0.2263 0.5425 -0.8090
-0.795 0.736 -1.918 -0.3661 0.8778 -0.3090
-0.795 0.736 -1.732 -0.3661 0.8778 0.3090
-0.753 0.636 -1.582 -0.2263 0.5425 0.8090
0.146 0.819 -1.525 0.0000 0.0000 1.0000
0.214 0.657 -1.582 0.2263 -0.5425 0.8090
0.256 0.556 -1.732 0.3661 -0.8778 0.3090
0.256 0.556 -1.918 0.3661 -0.8778 -0.3090
0.214 0.657 -2.068 0.2263 -0.5425 -0.8090
0.146 0.819 -2.125 0.0000 -0.0000 -1.0000
0.078 0.982 -2.068 -0.2263 0.5425 -0.8090
0.036 1.083 -1.918 -0.3661 0.8778 -0.3090
0.036 1.083 -1.732 -0.3661 0.8778 0.3090
0.078 0.982 -1.582 -0.2263 0.5425 0.8090
-0.685 0.473 -1.825 -0.9229 -0.3850 -0.0000
-0.685 0.473 -1.525 -0.9229 -0.3850 -0.0000
-0.617 0.310 -1.582 -0.9229 -0.3850 -0.0000
-0.575 0.209 -1.732 -0.9229 -0.3850 -0.0000
-0.575 0.209 -1.918 -0.9229 -0.3850 -0.0000
-0.617 0.310 -2.068 -0.9229 -0.3850 -0.0000
-0.685 0.473 -2.125 -0.9229 -0.3850 -0.0000
-0.753 0.636 -2.068 -0.9229 -0.3850 -0.0000
-0.795 0.736 -1.918 -0.9229 -0.3850 -0.0000
-0.795 0.736 -1.732 -0.9229 -0.3850 -0.0000
-0.753 0.636 -1.582 -0.9229 -0.3850 -0.0000
0.146 0.819 -1.825 0.9229 0.3850 0.0000
0.146 0.819 -1.525 0.9229 0.3850 0.0000
0.214 0.657 -1.582 0.9229 0.3850 0.0000
0.256 0.556 -1.732 0.9229 0.3850 0.0000
0.256 0.556 -1.918 0.9229 0.3850 0.0000
0.214 0.657 -2.068 0.9229 0.3850 0.0000
0.146 0.819 -2.125 0.9229 0.3850 0.0000
0.078 0.982 -2.068 0.9229 0.3850 0.0000
0.036 1.083 -1.918 0.9229 0.3850 0.0000
0.036 1.083 -1.732 0.9229 0.3850 0.0000
0.078 0.982 -1.582 0.9229 0.3850 0.0000
0 1 2
0 2 3
4 6 5
4 7 6
8 10 9
8 11 10
12 13 14
12 14 15
16 17 18
16 18 19
20 22 21
20 23 22
24 25 35
24 35 34
25 26 36
25 36 35
26 27 37
26 37 36
27 28 38
27 38 37
28 29 39
28 39 38
29 30 40
29 40 39
30 31 41
30 41 40
31 32 42
31 42 41
32 33 43
32 43 42
33 24 34
33 34 43
44 46 45
44 47 46
44 48 47
44 49 48
44 50 49
44 51 50
44 52 51
44 53 52
44 54 53
44 45 54
55 56 57
55 57 58
55 58 59
55 59 60
55 60 61
55 61 62
55 62 63
55 63 64
55 64 65
55 65 56
LABEL sfoot3_slat_3_0
MATERIAL 7
TEXTURE 0
GEOM 104 76 ;sfoot3_slat_3_0
-0.631 0.839 -1.787 -0.0128 0.0306 0.9995
-0.585 0.872 -1.787 -0.0128 0.0306 0.9995
-0.538 0.902 -1.787 -0.0128 0.0306 0.9995
-0.489 0.929 -1.787 -0.0128 0.0306 0.9995
-6.763 8.990 -2.125 -0.0128 0.0306 0.9995
-6.273 9.339 -2.125 -0.0128 0.0306 0.9995
-5.764 9.661 -2.125 -0.0128 0.0306 0.9995
-5.239 9.955 -2.125 -0.0128 0.0306 0.9995
-0.631 0.839 -1.787 0.0128 -0.0306 -0.9995
-0.585 0.872 -1.787 0.0128 -0.0306 -0.9995
-0.538 0.902 -1.787 0.0128 -0.0306 -0.9995
-0.489 0.929 -1.787 0.0128 -0.0306 -0.9995
-6.763 8.990 -2.125 0.0128 -0.0306 -0.9995
-6.273 9.339 -2.125 0.0128 -0.0306 -0.9995
-5.764 9.661 -2.125 0.0128 -0.0306 -0.9995
-5.239 9.955 -2.125 0.0128 -0.0306 -0.9995
-0.631 0.839 -2.037 0.0128 -0.0306 -0.9995
-0.585 0.872 -2.037 0.0128 -0.0306 -0.9995
-0.538 0.902 -2.037 0.0128 -0.0306 -0.9995
-0.489 0.929 -2.037 0.0128 -0.0306 -0.9995
-6.763 8.990 -2.375 0.0128 -0.0306 -0.9995
-6.273 9.339 -2.375 0.0128 -0.0306 -0.9995
-5.764 9.661 -2.375 0.0128 -0.0306 -0.9995
-5.239 9.955 -2.375 0.0128 -0.0306 -0.9995
-0.631 0.839 -2.037 -0.0128 0.0306 0.9995
-0.585 0.872 -2.037 -0.0128 0.0306 0.9995
-0.538 0.902 -2.037 -0.0128 0.0306 0.9995
-0.489 0.929 -2.037 -0.0128 0.0306 0.9995
-6.763 8.990 -2.375 -0.0128 0.0306 0.9995
-6.273 9.339 -2.375 -0.0128 0.0306 0.9995
-5.764 9.661 -2.375 -0.0128 0.0306 0.9995
-5.239 9.955 -2.375 -0.0128 0.0306 0.9995
-6.763 8.990 -2.375 -0.5352 0.8447 0.0000
-6.273 9.339 -2.375 -0.5352 0.8447 0.0000
-5.764 9.661 -2.375 -0.5352 0.8447 0.0000
-5.239 9.955 -2.375 -0.5352 0.8447 0.0000
-6.763 8.990 -2.125 -0.5352 0.8447 0.0000
-6.273 9.339 -2.125 -0.5352 0.8447 0.0000
-5.764 9.661 -2.125 -0.5352 0.8447 0.0000
-5.239 9.955 -2.125 -0.5352 0.8447 0.0000
-6.763 8.990 -2.375 0.5352 -0.8447 -0.0000
-6.273 9.339 -2.375 0.5352 -0.8447 -0.0000
-5.764 9.661 -2.375 0.5352 -0.8447 -0.0000
-5.239 9.955 -2.375 0.5352 -0.8447 -0.0000
-6.763 8.990 -2.125 0.5352 -0.8447 -0.0000
-6.273 9.339 -2.125 0.5352 -0.8447 -0.0000
-5.764 9.661 -2.125 0.5352 -0.8447 -0.0000
-5.239 9.955 -2.125 0.5352 -0.8447 -0.0000
-0.631 0.839 -2.037 0.5352 -0.8447 -0.0000
-0.585 0.872 -2.037 0.5352 -0.8447 -0.0000
-0.538 0.902 -2.037 0.5352 -0.8447 -0.0000
-0.489 0.929 -2.037 0.5352 -0.8447 -0.0000
-0.631 0.839 -1.787 0.5352 -0.8447 -0.0000
-0.585 0.872 -1.787 0.5352 -0.8447 -0.0000
-0.538 0.902 -1.787 0.5352 -0.8447 -0.0000
-0.489 0.929 -1.787 0.5352 -0.8447 -0.0000
-0.631 0.839 -2.037 -0.5352 0.8447 0.0000
-0.585 0.872 -2.037 -0.5352 0.8447 0.0000
-0.538 0.902 -2.037 -0.5352 0.8447 0.0000
-0.489 0.929 -2.037 -0.5352 0.8447 0.0000
-0.631 0.839 -1.787 -0.5352 0.8447 0.0000
-0.585 0.872 -1.787 -0.5352 0.8447 0.0000
-0.538 0.902 -1.787 -0.5352 0.8447 0.0000
-0.489 0.929 -1.787 -0.5352 0.8447 0.0000
-6.763 8.990 -2.125 -0.5352 0.8447 0.0000
-6.273 9.339 -2.125 -0.5352 0.8447 0.0000
-5.764 9.661 -2.125 -0.5352 0.8447 0.0000
-5.239 9.955 -2.125 -0.5352 0.8447 0.0000
-6.763 8.990 -1.425 -0.5352 0.8447 0.0000
-6.273 9.339 -1.425 -0.5352 0.8447 0.0000
-5.764 9.661 -1.425 -0.5352 0.8447 0.0000
-5.239 9.955 -1.425 -0.5352 0.8447 0.0000
-6.763 8.990 -2.125 0.5352 -0.8447 -0.0000
-6.273 9.339 -2.125 0.5352 -0.8447 -0.0000
-5.764 9.661 -2.125 0.5352 -0.8447 -0.0000
-5.239 9.955 -2.125 0.5352 -0.8447 -0.0000
-6.763 8.990 -1.425 0.5352 -0.8447 -0.0000
-6.273 9.339 -1.425 0.5352 -0.8447 -0.0000
-5.764 9.661 -1.425 0.5352 -0.8447 -0.0000
-5.239 9.955 -1.425 0.5352 -0.8447 -0.0000
-6.763 8.990 -1.425 -0.0000 -0.0000 1.0000
-6.273 9.339 -1.425 -0.0000 -0.0000 1.0000
-5.764 9.661 -1.425 -0.0000 -0.0000 1.0000
-5.239 9.955 -1.425 -0.0000 -0.0000 1.0000
-6.553 8.710 -1.413 -0.0000 -0.0000 1.0000
-6.078 9.048 -1.413 -0.0000 -0.0000 1.0000
-5.585 9.360 -1.413 -0.0000 -0.0000 1.0000
-5.076 9.646 -1.413 -0.0000 -0.0000 1.0000
-6.763 8.990 -1.425 0.0000 0.0000 -1.0000
-6.273 9.339 -1.425 0.0000 0.0000 -1.0000
-5.764 9.661 -1.425 0.0000 0.0000 -1.0000
-5.239 9.955 -1.425 0.0000 0.0000 -1.0000
-6.553 8.710 -1.413 0.0000 0.0000 -1.0000
-6.078 9.048 -1.413 0.0000 0.0000 -1.0000
-5.585 9.360 -1.413 0.0000 0.0000 -1.0000
-5.076 9.646 -1.413 0.0000 0.0000 -1.0000
-0.631 0.839 -2.037 0.7991 0.6012 0.0000
-6.763 8.990 -2.375 0.7991 0.6012 0.0000
-0.631 0.839 -1.787 0.7991 0.6012 0.0000
-6.763 8.990 -2.125 0.7991 0.6012 0.0000
-0.631 0.839 -2.037 -0.7991 -0.6012 -0.0000
-6.763 8.990 -2.375 -0.7991 -0.6012 -0.0000
-0.631 0.839 -1.787 -0.7991 -0.6012 -0.0000
-6.763 8.990 -2.125 -0.7991 -0.6012 -0.0000
0 1 5
0 5 4
8 13 9
8 12 13
1 2 6
1 6 5
9 14 10
9 13 14
2 3 7
2 7 6
10 15 11
10 14 15
16 21 17
16 20 21
24 25 29
24 29 28
17 22 18
17 21 22
25 26 30
25 30 29
18 23 19
18 22 23
26 27 31
26 31 30
32 37 33
32 36 37
40 41 45
40 45 44
33 38 34
33 37 38
41 42 46
41 46 45
34 39 35
34 38 39
42 43 47
42 47 46
48 49 53
48 53 52
56 61 57
56 60 61
49 50 54
49 54 53
57 62 58
57 61 62
50 51 55
50 55 54
58 63 59
58 62 63
64 69 65
64 68 69
72 73 77
72 77 76
65 70 66
65 69 70
73 74 78
73 78 77
66 71 67
66 70 71
74 75 79
74 79 78
80 85 81
80 84 85
88 89 93
88 93 92
81 86 82
81 85 86
89 90 94
89 94 93
82 87 83
82 86 87
90 91 95
90 95 94
96 97 99
96 99 98
100 103 101
100 102 103
LABEL sfoot3_slat_3_1
MATERIAL 7
TEXTURE 0
GEOM 96 72 ;sfoot3_slat_3_1
-0.485 0.931 -1.787 -0.0128 0.0306 0.9995
-0.432 0.957 -1.787 -0.0128 0.0306 0.9995
-0.377 0.980 -1.787 -0.0128 0.0306 0.9995
-0.320 1.000 -1.787 -0.0128 0.0306 0.9995
-5.200 9.976 -2.125 -0.0128 0.0306 0.9995
-4.624 10.256 -2.125 -0.0128 0.0306 0.9995
-4.034 10.502 -2.125 -0.0128 0.0306 0.9995
-3.431 10.714 -2.125 -0.0128 0.0306 0.9995
-0.485 0.931 -1.787 0.0128 -0.0306 -0.9995
-0.432 0.957 -1.787 0.0128 -0.0306 -0.9995
-0.377 0.980 -1.787 0.0128 -0.0306 -0.9995
-0.320 1.000 -1.787 0.0128 -0.0306 -0.9995
-5.200 9.976 -2.125 0.0128 -0.0306 -0.9995
-4.624 10.256 -2.125 0.0128 -0.0306 -0.9995
-4.034 10.502 -2.125 0.0128 -0.0306 -0.9995
-3.431 10.714 -2.125 0.0128 -0.0306 -0.9995
-0.485 0.931 -2.037 0.0128 -0.0306 -0.9995
-0.432 0.957 -2.037 0.0128 -0.0306 -0.9995
-0.377 0.980 -2.037 0.0128 -0.0306 -0.9995
-0.320 1.000 -2.037 0.0128 -0.0306 -0.9995
-5.200 9.976 -2.375 0.0128 -0.0306 -0.9995
-4.624 10.256 -2.375 0.0128 -0.0306 -0.9995
-4.034 10.502 -2.375 0.0128 -0.0306 -0.9995
-3.431 10.714 -2.375 0.0128 -0.0306 -0.9995
-0.485 0.931 -2.037 -0.0128 0.0306 0.9995
-0.432 0.957 -2.037 -0.0128 0.0306 0.9995
-0.377 0.980 -2.037 -0.0128 0.0306 0.9995
-0.320 1.000 -2.037 -0.0128 0.0306 0.9995
-5.200 9.976 -2.375 -0.0128 0.0306 0.9995
-4.624 10.256 -2.375 -0.0128 0.0306 0.9995
-4.034 10.502 -2.375 -0.0128 0.0306 0.9995
-3.431 10.714 -2.375 -0.0128 0.0306 0.9995
-5.200 9.976 -2.375 -0.3850 0.9229 0.0000
-4.624 10.256 -2.375 -0.3850 0.9229 0.0000
-4.034 10.502 -2.375 -0.3850 0.9229 0.0000
-3.431 10.714 -2.375 -0.3850 0.9229 0.0000
-5.200 9.976 -2.125 -0.3850 0.9229 0.0000
-4.624 10.256 -2.125 -0.3850 0.9229 0.0000
-4.034 10.502 -2.125 -0.3850 0.9229 0.0000
-3.431 10.714 -2.125 -0.3850 0.9229 0.0000
-5.200 9.976 -2.375 0.3850 -0.9229 -0.0000
-4.624 10.256 -2.375 0.3850 -0.9229 -0.0000
-4.034 10.502 -2.375 0.3850 -0.9229 -0.0000
-3.431 10.714 -2.375 0.3850 -0.9229 -0.0000
-5.200 9.976 -2.125 0.3850 -0.9229 -0.0000
-4.624 10.256 -2.125 0.3850 -0.9229 -0.0000
-4.034 10.502 -2.125 0.3850 -0.9229 -0.0000
-3.431 10.714 -2.125 0.3850 -0.9229 -0.0000
-0.485 0.931 -2.037 0.3850 -0.9229 -0.0000
-0.432 0.957 -2.037 0.3850 -0.9229 -0.0000
-0.377 0.980 -2.037 0.3850 -0.9229 -0.0000
-0.320 1.000 -2.037 0.3850 -0.9229 -0.0000
-0.485 0.931 -1.787 0.3850 -0.9229 -0.0000
-0.432 0.957 -1.787 0.3850 -0.9229 -0.0000
-0.377 0.980 -1.787 0.3850 -0.9229 -0.0000
-0.320 1.000 -1.787 0.3850 -0.9229 -0.0000
-0.485 0.931 -2.037 -0.3850 0.9229 0.0000
-0.432 0.957 -2.037 -0.3850 0.9229 0.0000
-0.377 0.980 -2.037 -0.3850 0.9229 0.0000
-0.320 1.000 -2.037 -0.3850 0.9229 0.0000
-0.485 0.931 -1.787 -0.3850 0.9229 0.0000
-0.432 0.957 -1.787 -0.3850 0.9229 0.0000
-0.377 0.980 -1.787 -0.3850 0.9229 0.0000
-0.320 1.000 -1.787 -0.3850 0.9229 0.0000
-5.200 9.976 -2.125 -0.3850 0.9229 0.0000
-4.624 10.256 -2.125 -0.3850 0.9229 0.0000
-4.034 10.502 -2.125 -0.3850 0.9229 0.0000
-3.431 10.714 -2.125 -0.3850 0.9229 0.0000
-5.200 9.976 -1.425 -0.3850 0.9229 0.0000
-4.624 10.256 -1.425 -0.3850 0.9229 0.0000
-4.034 10.502 -1.425 -0.3850 0.9229 0.0000
-3.431 10.714 -1.425 -0.3850 0.9229 0.0000
-5.200 9.976 -2.125 0.3850 -0.9229 -0.0000
-4.624 10.256 -2.125 0.3850 -0.9229 -0.0000
-4.034 10.502 -2.125 0.3850 -0.9229 -0.0000
-3.431 10.714 -2.125 0.3850 -0.9229 -0.0000
-5.200 9.976 -1.425 0.3850 -0.9229 -0.0000
-4.624 10.256 -1.425 0.3850 -0.9229 -0.0000
-4.034 10.502 -1.425 0.3850 -0.9229 -0.0000
-3.431 10.714 -1.425 0.3850 -0.9229 -0.0000
-5.200 9.976 -1.425 -0.0000 -0.0000 1.0000
-4.624 10.256 -1.425 -0.0000 -0.0000 1.0000
-4.034 10.502 -1.425 -0.0000 -0.0000 1.0000
-3.431 10.714 -1.425 -0.0000 -0.0000 1.0000
-5.038 9.666 -1.413 -0.0000 -0.0000 1.0000
-4.481 9.937 -1.413 -0.0000 -0.0000 1.0000
-3.909 10.175 -1.413 -0.0000 -0.0000 1.0000
-3.324 10.381 -1.413 -0.0000 -0.0000 1.0000
-5.200 9.976 -1.425 0.0000 0.0000 -1.0000
-4.624 10.256 -1.425 0.0000 0.0000 -1.0000
-4.034 10.502 -1.425 0.0000 0.0000 -1.0000
-3.431 10.714 -1.425 0.0000 0.0000 -1.0000
-5.038 9.666 -1.413 0.0000 0.0000 -1.0000
-4.481 9.937 -1.413 0.0000 0.0000 -1.0000
-3.909 10.175 -1.413 0.0000 0.0000 -1.0000
-3.324 10.381 -1.413 0.0000 0.0000 -1.0000
0 1 5
0 5 4
8 13 9
8 12 13
1 2 6
1 6 5
9 14 10
9 13 14
2 3 7
2 7 6
10 15 11
10 14 15
16 21 17
16 20 21
24 25 29
24 29 28
17 22 18
17 21 22
25 26 30
25 30 29
18 23 19
18 22 23
26 27 31
26 31 30
32 37 33
32 36 37
40 41 45
40 45 44
33 38 34
33 37 38
41 42 46
41 46 45
34 39 35
34 38 39
42 43 47
42 47 46
48 49 53
48 53 52
56 61 57
56 60 61
49 50 54
49 54 53
57 62 58
57 61 62
50 51 55
50 55 54
58 63 59
58 62 63
64 69 65
64 68 69
72 73 77
72 77 76
65 70 66
65 69 70
73 74 78
73 78 77
66 71 67
66 70 71
74 75 79
74 79 78
80 85 81
80 84 85
88 89 93
88 93 92
81 86 82
81 85 86
89 90 94
89 94 93
82 87 83
82 86 87
90 91 95
90 95 94
LABEL sfoot3_slat_3_2
MATERIAL 7
TEXTURE 0
GEOM 104 76 ;sfoot3_slat_3_2
-0.316 1.001 -1.787 -0.0128 0.0306 0.9995
-0.262 1.017 -1.787 -0.0128 0.0306 0.9995
-0.207 1.029 -1.787 -0.0128 0.0306 0.9995
-0.152 1.039 -1.787 -0.0128 0.0306 0.9995
-3.388 10.728 -2.125 -0.0128 0.0306 0.9995
-2.810 10.894 -2.125 -0.0128 0.0306 0.9995
-2.223 11.028 -2.125 -0.0128 0.0306 0.9995
-1.630 11.131 -2.125 -0.0128 0.0306 0.9995
-0.316 1.001 -1.787 0.0128 -0.0306 -0.9995
-0.262 1.017 -1.787 0.0128 -0.0306 -0.9995
-0.207 1.029 -1.787 0.0128 -0.0306 -0.9995
-0.152 1.039 -1.787 0.0128 -0.0306 -0.9995
-3.388 10.728 -2.125 0.0128 -0.0306 -0.9995
-2.810 10.894 -2.125 0.0128 -0.0306 -0.9995
-2.223 11.028 -2.125 0.0128 -0.0306 -0.9995
-1.630 11.131 -2.125 0.0128 -0.0306 -0.9995
-0.316 1.001 -2.037 0.0128 -0.0306 -0.9995
-0.262 1.017 -2.037 0.0128 -0.0306 -0.9995
-0.207 1.029 -2.037 0.0128 -0.0306 -0.9995
-0.152 1.039 -2.037 0.0128 -0.0306 -0.9995
-3.388 10.728 -2.375 0.0128 -0.0306 -0.9995
-2.810 10.894 -2.375 0.0128 -0.0306 -0.9995
-2.223 11.028 -2.375 0.0128 -0.0306 -0.9995
-1.630 11.131 -2.375 0.0128 -0.0306 -0.9995
-0.316 1.001 -2.037 -0.0128 0.0306 0.9995
-0.262 1.017 -2.037 -0.0128 0.0306 0.9995
-0.207 1.029 -2.037 -0.0128 0.0306 0.9995
-0.152 1.039 -2.037 -0.0128 0.0306 0.9995
-3.388 10.728 -2.375 -0.0128 0.0306 0.9995
-2.810 10.894 -2.375 -0.0128 0.0306 0.9995
-2.223 11.028 -2.375 -0.0128 0.0306 0.9995
-1.630 11.131 -2.375 -0.0128 0.0306 0.9995
-3.388 10.728 -2.375 -0.2237 0.9746 0.0000
-2.810 10.894 -2.375 -0.2237 0.9746 0.0000
-2.223 11.028 -2.375 -0.2237 0.9746 0.0000
-1.630 11.131 -2.375 -0.2237 0.9746 0.0000
-3.388 10.728 -2.125 -0.2237 0.9746 0.0000
-2.810 10.894 -2.125 -0.2237 0.9746 0.0000
-2.223 11.028 -2.125 -0.2237 0.9746 0.0000
-1.630 11.131 -2.125 -0.2237 0.9746 0.0000
-3.388 10.728 -2.375 0.2237 -0.9746 -0.0000
-2.810 10.894 -2.375 0.2237 -0.9746 -0.0000
-2.223 11.028 -2.375 0.2237 -0.9746 -0.0000
-1.630 11.131 -2.375 0.2237 -0.9746 -0.0000
-3.388 10.728 -2.125 0.2237 -0.9746 -0.0000
-2.810 10.894 -2.125 0.2237 -0.9746 -0.0000
-2.223 11.028 -2.125 0.2237 -0.9746 -0.0000
-1.630 11.131 -2.125 0.2237 -0.9746 -0.0000
-0.316 1.001 -2.037 0.2237 -0.9746 -0.0000
-0.262 1.017 -2.037 0.2237 -0.9746 -0.0000
-0.207 1.029 -2.037 0.2237 -0.9746 -0.0000
-0.152 1.039 -2.037 0.2237 -0.9746 -0.0000
-0.316 1.001 -1.787 0.2237 -0.9746 -0.0000
-0.262 1.017 -1.787 0.2237 -0.9746 -0.0000
-0.207 1.029 -1.787 0.2237 -0.9746 -0.0000
-0.152 1.039 -1.787 0.2237 -0.9746 -0.0000
-0.316 1.001 -2.037 -0.2237 0.9746 0.0000
-0.262 1.017 -2.037 -0.2237 0.9746 0.0000
-0.207 1.029 -2.037 -0.2237 0.9746 0.0000
-0.152 1.039 -2.037 -0.2237 0.9746 0.0000
-0.316 1.001 -1.787 -0.2237 0.9746 0.0000
-0.262 1.017 -1.787 -0.2237 0.9746 0.0000
-0.207 1.029 -1.787 -0.2237 0.9746 0.0000
-0.152 1.039 -1.787 -0.2237 0.9746 0.0000
-3.388 10.728 -2.125 -0.2237 0.9746 0.0000
-2.810 10.894 -2.125 -0.2237 0.9746 0.0000
-2.223 11.028 -2.125 -0.2237 0.9746 0.0000
-1.630 11.131 -2.125 -0.2237 0.9746 0.0000
-3.388 10.728 -1.425 -0.2237 0.9746 0.0000
-2.810 10.894 -1.425 -0.2237 0.9746 0.0000
-2.223 11.028 -1.425 -0.2237 0.9746 0.0000
-1.630 11.131 -1.425 -0.2237 0.9746 0.0000
-3.388 10.728 -2.125 0.2237 -0.9746 -0.0000
-2.810 10.894 -2.125 0.2237 -0.9746 -0.0000
-2.223 11.028 -2.125 0.2237 -0.9746 -0.0000
-1.630 11.131 -2.125 0.2237 -0.9746 -0.0000
-3.388 10.728 -1.425 0.2237 -0.9746 -0.0000
-2.810 10.894 -1.425 0.2237 -0.9746 -0.0000
-2.223 11.028 -1.425 0.2237 -0.9746 -0.0000
-1.630 11.131 -1.425 0.2237 -0.9746 -0.0000
-3.388 10.728 -1.425 -0.0000 -0.0000 1.0000
-2.810 10.894 -1.425 -0.0000 -0.0000 1.0000
-2.223 11.028 -1.425 -0.0000 -0.0000 1.0000
-1.630 11.131 -1.425 -0.0000 -0.0000 1.0000
-3.283 10.394 -1.413 -0.0000 -0.0000 1.0000
-2.722 10.555 -1.413 -0.0000 -0.0000 1.0000
-2.154 10.685 -1.413 -0.0000 -0.0000 1.0000
-1.579 10.785 -1.413 -0.0000 -0.0000 1.0000
-3.388 10.728 -1.425 0.0000 0.0000 -1.0000
-2.810 10.894 -1.425 0.0000 0.0000 -1.0000
-2.223 11.028 -1.425 0.0000 0.0000 -1.0000
-1.630 11.131 -1.425 0.0000 0.0000 -1.0000
-3.283 10.394 -1.413 0.0000 0.0000 -1.0000
-2.722 10.555 -1.413 0.0000 0.0000 -1.0000
-2.154 10.685 -1.413 0.0000 0.0000 -1.0000
-1.579 10.785 -1.413 0.0000 0.0000 -1.0000
-0.152 1.039 -2.037 0.9894 0.1449 0.0000
-1.630 11.131 -2.375 0.9894 0.1449 0.0000
-0.152 1.039 -1.787 0.9894 0.1449 0.0000
-1.630 11.131 -2.125 0.9894 0.1449 0.0000
-0.152 1.039 -2.037 -0.9894 -0.1449 -0.0000
-1.630 11.131 -2.375 -0.9894 -0.1449 -0.0000
-0.152 1.039 -1.787 -0.9894 -0.1449 -0.0000
-1.630 11.131 -2.125 -0.9894 -0.1449 -0.0000
0 1 5
0 5 4
8 13 9
8 12 13
1 2 6
1 6 5
9 14 10
9 13 14
2 3 7
2 7 6
10 15 11
10 14 15
16 21 17
16 20 21
24 25 29
24 29 28
17 22 18
17 21 22
25 26 30
25 30 29
18 23 19
18 22 23
26 27 31
26 31 30
32 37 33
32 36 37
40 41 45
40 45 44
33 38 34
33 37 38
41 42 46
41 46 45
34 39 35
34 38 39
42 43 47
42 47 46
48 49 53
48 53 52
56 61 57
56 60 61
49 50 54
49 54 53
57 62 58
57 61 62
50 51 55
50 55 54
58 63 59
58 62 63
64 69 65
64 68 69
72 73 77
72 77 76
65 70 66
65 69 70
73 74 78
73 78 77
66 71 67
66 70 71
74 75 79
74 79 78
80 85 81
80 84 85
88 89 93
88 93 92
81 86 82
81 85 86
89 90 94
89 94 93
82 87 83
82 86 87
90 91 95
90 95 94
96 97 99
96 99 98
100 103 101
100 102 103
LABEL sfoot3_strut_3
MATERIAL 9
TEXTURE 0
GEOM 50 48 ;sfoot3_strut_3
-0.020 1.061 1.859 0.8464 0.0000 -0.5326
-0.181 0.907 1.728 0.5233 -0.3083 -0.7944
-0.413 0.794 1.703 0.0600 -0.5340 -0.8434
-0.652 0.753 1.792 -0.4193 -0.6166 -0.6663
-0.836 0.794 1.970 -0.7863 -0.5340 -0.3108
-0.914 0.907 2.189 -0.9426 -0.3083 0.1281
-0.866 1.061 2.391 -0.8464 -0.0000 0.5326
-0.704 1.216 2.522 -0.5233 0.3083 0.7944
-0.473 1.328 2.547 -0.0600 0.5340 0.8434
-0.233 1.370 2.458 0.4193 0.6166 0.6663
-0.050 1.328 2.280 0.7863 0.5340 0.3108
0.029 1.216 2.061 0.9426 0.3083 -0.1281
-1.370 4.299 -0.287 0.8464 0.0000 -0.5326
-1.531 4.144 -0.418 0.5233 -0.3083 -0.7944
-1.763 4.032 -0.443 0.0600 -0.5340 -0.8434
-2.003 3.990 -0.354 -0.4193 -0.6166 -0.6663
-2.186 4.032 -0.176 -0.7863 -0.5340 -0.3108
-2.264 4.144 0.043 -0.9426 -0.3083 0.1281
-2.216 4.299 0.245 -0.8464 -0.0000 0.5326
-2.055 4.453 0.376 -0.5233 0.3083 0.7944
-1.823 4.566 0.401 -0.0600 0.5340 0.8434
-1.583 4.607 0.312 0.4193 0.6166 0.6663
-1.400 4.566 0.135 0.7863 0.5340 0.3108
-1.322 4.453 -0.085 0.9426 0.3083 -0.1281
-0.443 1.061 2.125 0.3284 -0.7873 0.5219
-0.020 1.061 1.859 0.3284 -0.7873 0.5219
-0.181 0.907 1.728 0.3284 -0.7873 0.5219
-0.413 0.794 1.703 0.3284 -0.7873 0.5219
-0.652 0.753 1.792 0.3284 -0.7873 0.5219
-0.836 0.794 1.970 0.3284 -0.7873 0.5219
-0.914 0.907 2.189 0.3284 -0.7873 0.5219
-0.866 1.061 2.391 0.3284 -0.7873 0.5219
-0.704 1.216 2.522 0.3284 -0.7873 0.5219
-0.473 1.328 2.547 0.3284 -0.7873 0.5219
-0.233 1.370 2.458 0.3284 -0.7873 0.5219
-0.050 1.328 2.280 0.3284 -0.7873 0.5219
0.029 1.216 2.061 0.3284 -0.7873 0.5219
-1.793 4.299 -0.021 -0.3284 0.7873 -0.5219
-1.370 4.299 -0.287 -0.3284 0.7873 -0.5219
-1.531 4.144 -0.418 -0.3284 0.7873 -0.5219
-1.763 4.032 -0.443 -0.3284 0.7873 -0.5219
-2.003 3.990 -0.354 -0.3284 0.7873 -0.5219
-2.186 4.032 -0.176 -0.3284 0.7873 -0.5219
-2.264 4.144 0.043 -0.3284 0.7873 -0.5219
-2.216 4.299 0.245 -0.3284 0.7873 -0.5219
-2.055 4.453 0.376 -0.3284 0.7873 -0.5219
-1.823 4.566 0.401 -0.3284 0.7873 -0.5219
-1.583 4.607 0.312 -0.3284 0.7873 -0.5219
-1.400 4.566 0.135 -0.3284 0.7873 -0.5219
-1.322 4.453 -0.085 -0.3284 0.7873 -0.5219
0 1 13
0 13 12
1 2 14
1 14 13
2 3 15
2 15 14
3 4 16
3 16 15
4 5 17
4 17 16
5 6 18
5 18 17
6 7 19
6 19 18
7 8 20
7 20 19
8 9 21
8 21 20
9 10 22
9 22 21
10 11 23
10 23 22
11 0 12
11 12 23
24 26 25
24 27 26
24 28 27
24 29 28
24 30 29
24 31 30
24 32 31
24 33 32
24 34 33
24 35 34
24 36 35
24 25 36
37 38 39
37 39 40
37 40 41
37 41 42
37 42 43
37 43 44
37 44 45
37 45 46
37 46 47
37 47 48
37 48 49
37 49 38
LABEL sfoot3_rod_3
MATERIAL 7
TEXTURE 0
GEOM 42 40 ;sfoot3_rod_3
-1.384 3.826 0.159 0.8464 0.0000 -0.5326
-1.486 3.736 0.087 0.4383 -0.3624 -0.8225
-1.630 3.680 0.093 -0.1372 -0.5864 -0.7983
-1.761 3.680 0.175 -0.6603 -0.5864 -0.4691
-1.829 3.736 0.302 -0.9312 -0.3624 0.0392
-1.808 3.826 0.425 -0.8464 -0.0000 0.5326
-1.706 3.917 0.498 -0.4383 0.3624 0.8225
-1.562 3.973 0.492 0.1372 0.5864 0.7983
-1.431 3.973 0.410 0.6603 0.5864 0.4691
-1.363 3.917 0.282 0.9312 0.3624 -0.0392
-2.686 6.947 -1.910 0.8464 0.0000 -0.5326
-2.788 6.857 -1.982 0.4383 -0.3624 -0.8225
-2.932 6.801 -1.976 -0.1372 -0.5864 -0.7983
-3.063 6.801 -1.894 -0.6603 -0.5864 -0.4691
-3.131 6.857 -1.767 -0.9312 -0.3624 0.0392
-3.109 6.947 -1.643 -0.8464 -0.0000 0.5326
-3.007 7.038 -1.571 -0.4383 0.3624 0.8225
-2.864 7.094 -1.577 0.1372 0.5864 0.7983
-2.733 7.094 -1.659 0.6603 0.5864 0.4691
-2.665 7.038 -1.786 0.9312 0.3624 -0.0392
-1.596 3.826 0.292 0.3284 -0.7873 0.5219
-1.384 3.826 0.159 0.3284 -0.7873 0.5219
-1.486 3.736 0.087 0.3284 -0.7873 0.5219
-1.630 3.680 0.093 0.3284 -0.7873 0.5219
-1.761 3.680 0.175 0.3284 -0.7873 0.5219
-1.829 3.736 0.302 0.3284 -0.7873 0.5219
-1.808 3.826 0.425 0.3284 -0.7873 0.5219
-1.706 3.917 0.498 0.3284 -0.7873 0.5219
-1.562 3.973 0.492 0.3284 -0.7873 0.5219
-1.431 3.973 0.410 0.3284 -0.7873 0.5219
-1.363 3.917 0.282 0.3284 -0.7873 0.5219
-2.898 6.947 -1.776 -0.3284 0.7873 -0.5219
-2.686 6.947 -1.910 -0.3284 0.7873 -0.5219
-2.788 6.857 -1.982 -0.3284 0.7873 -0.5219
-2.932 6.801 -1.976 -0.3284 0.7873 -0.5219
-3.063 6.801 -1.894 -0.3284 0.7873 -0.5219
-3.131 6.857 -1.767 -0.3284 0.7873 -0.5219
-3.109 6.947 -1.643 -0.3284 0.7873 -0.5219
-3.007 7.038 -1.571 -0.3284 0.7873 -0.5219
-2.864 7.094 -1.577 -0.3284 0.7873 -0.5219
-2.733 7.094 -1.659 -0.3284 0.7873 -0.5219
-2.665 7.038 -1.786 -0.3284 0.7873 -0.5219
0 1 11
0 11 10
1 2 12
1 12 11
2 3 13
2 13 12
3 4 14
3 14 13
4 5 15
4 15 14
5 6 16
5 16 15
6 7 17
6 17 16
7 8 18
7 18 17
8 9 19
8 19 18
9 0 10
9 10 19
20 22 21
20 23 22
20 24 23
20 25 24
20 26 25
20 27 26
20 28 27
20 29 28
20 30 29
20 21 30
31 32 33
31 33 34
31 34 35
31 35 36
31 36 37
31 37 38
31 38 39
31 39 40
31 40 41
31 41 32
LABEL sfoot3_skirt_3_0
MATERIAL 7
TEXTURE 0
GEOM 16 12 ;sfoot3_skirt_3_0
-6.763 8.990 -3.275 -0.5352 0.8447 0.0000
-6.273 9.339 -3.275 -0.5352 0.8447 0.0000
-5.764 9.661 -3.275 -0.5352 0.8447 0.0000
-5.239 9.955 -3.275 -0.5352 0.8447 0.0000
-6.763 8.990 -2.375 -0.5352 0.8447 0.0000
-6.273 9.339 -2.375 -0.5352 0.8447 0.0000
-5.764 9.661 -2.375 -0.5352 0.8447 0.0000
-5.239 9.955 -2.375 -0.5352 0.8447 0.0000
-6.763 8.990 -3.275 0.5352 -0.8447 -0.0000
-6.273 9.339 -3.275 0.5352 -0.8447 -0.0000
-5.764 9.661 -3.275 0.5352 -0.8447 -0.0000
-5.239 9.955 -3.275 0.5352 -0.8447 -0.0000
-6.763 8.990 -2.375 0.5352 -0.8447 -0.0000
-6.273 9.339 -2.375 0.5352 -0.8447 -0.0000
-5.764 9.661 -2.375 0.5352 -0.8447 -0.0000
-5.239 9.955 -2.375 0.5352 -0.8447 -0.0000
0 5 1
0 4 5
8 9 13
8 13 12
1 6 2
1 5 6
9 10 14
9 14 13
2 7 3
2 6 7
10 11 15
10 15 14
LABEL sfoot3_skirt_3_1
MATERIAL 7
TEXTURE 0
GEOM 16 12 ;sfoot3_skirt_3_1
-5.200 9.976 -3.275 -0.3850 0.9229 0.0000
-4.624 10.256 -3.275 -0.3850 0.9229 0.0000
-4.034 10.502 -3.275 -0.3850 0.9229 0.0000
-3.431 10.714 -3.275 -0.3850 0.9229 0.0000
-5.200 9.976 -2.375 -0.3850 0.9229 0.0000
-4.624 10.256 -2.375 -0.3850 0.9229 0.0000
-4.034 10.502 -2.375 -0.3850 0.9229 0.0000
-3.431 10.714 -2.375 -0.3850 0.9229 0.0000
-5.200 9.976 -3.275 0.3850 -0.9229 -0.0000
-4.624 10.256 -3.275 0.3850 -0.9229 -0.0000
-4.034 10.502 -3.275 0.3850 -0.9229 -0.0000
-3.431 10.714 -3.275 0.3850 -0.9229 -0.0000
-5.200 9.976 -2.375 0.3850 -0.9229 -0.0000
-4.624 10.256 -2.375 0.3850 -0.9229 -0.0000
-4.034 10.502 -2.375 0.3850 -0.9229 -0.0000
-3.431 10.714 -2.375 0.3850 -0.9229 -0.0000
0 5 1
0 4 5
8 9 13
8 13 12
1 6 2
1 5 6
9 10 14
9 14 13
2 7 3
2 6 7
10 11 15
10 15 14
LABEL sfoot3_skirt_3_2
MATERIAL 7
TEXTURE 0
GEOM 16 12 ;sfoot3_skirt_3_2
-3.388 10.728 -3.275 -0.2237 0.9746 0.0000
-2.810 10.894 -3.275 -0.2237 0.9746 0.0000
-2.223 11.028 -3.275 -0.2237 0.9746 0.0000
-1.630 11.131 -3.275 -0.2237 0.9746 0.0000
-3.388 10.728 -2.375 -0.2237 0.9746 0.0000
-2.810 10.894 -2.375 -0.2237 0.9746 0.0000
-2.223 11.028 -2.375 -0.2237 0.9746 0.0000
-1.630 11.131 -2.375 -0.2237 0.9746 0.0000
-3.388 10.728 -3.275 0.2237 -0.9746 -0.0000
-2.810 10.894 -3.275 0.2237 -0.9746 -0.0000
-2.223 11.028 -3.275 0.2237 -0.9746 -0.0000
-1.630 11.131 -3.275 0.2237 -0.9746 -0.0000
-3.388 10.728 -2.375 0.2237 -0.9746 -0.0000
-2.810 10.894 -2.375 0.2237 -0.9746 -0.0000
-2.223 11.028 -2.375 0.2237 -0.9746 -0.0000
-1.630 11.131 -2.375 0.2237 -0.9746 -0.0000
0 5 1
0 4 5
8 9 13
8 13 12
1 6 2
1 5 6
9 10 14
9 14 13
2 7 3
2 6 7
10 11 15
10 15 14
LABEL sfoot3_petal_4
MATERIAL 7
TEXTURE 0
GEOM 66 52 ;sfoot3_petal_4
-0.231 0.946 -1.782 -0.1280 -0.9912 0.0332
0.463 0.856 -1.782 -0.1280 -0.9912 0.0332
0.465 0.871 -1.332 -0.1280 -0.9912 0.0332
-0.229 0.960 -1.332 -0.1280 -0.9912 0.0332
1.043 10.814 -2.112 0.1280 0.9912 -0.0332
1.738 10.724 -2.112 0.1280 0.9912 -0.0332
1.740 10.739 -1.662 0.1280 0.9912 -0.0332
1.045 10.829 -1.662 0.1280 0.9912 -0.0332
-0.231 0.946 -1.782 -0.9918 0.1281 -0.0000
1.043 10.814 -2.112 -0.9918 0.1281 -0.0000
1.045 10.829 -1.662 -0.9918 0.1281 -0.0000
-0.229 0.960 -1.332 -0.9918 0.1281 -0.0000
0.463 0.856 -1.782 0.9918 -0.1281 0.0000
1.738 10.724 -2.112 0.9918 -0.1281 0.0000
1.740 10.739 -1.662 0.9918 -0.1281 0.0000
0.465 0.871 -1.332 0.9918 -0.1281 0.0000
-0.231 0.946 -1.782 -0.0042 -0.0329 -0.9995
1.043 10.814 -2.112 -0.0042 -0.0329 -0.9995
1.738 10.724 -2.112 -0.0042 -0.0329 -0.9995
0.463 0.856 -1.782 -0.0042 -0.0329 -0.9995
-0.229 0.960 -1.332 0.0042 0.0329 0.9995
1.045 10.829 -1.662 0.0042 0.0329 0.9995
1.740 10.739 -1.662 0.0042 0.0329 0.9995
0.465 0.871 -1.332 0.0042 0.0329 0.9995
-0.357 0.752 -1.525 -0.0000 0.0000 1.0000
-0.379 0.577 -1.582 -0.0753 -0.5829 0.8090
-0.393 0.469 -1.732 -0.1218 -0.9432 0.3090
-0.393 0.469 -1.918 -0.1218 -0.9432 -0.3090
-0.379 0.577 -2.068 -0.0753 -0.5829 -0.8090
-0.357 0.752 -2.125 -0.0000 -0.0000 -1.0000
-0.334 0.927 -2.068 0.0753 0.5829 -0.8090
-0.320 1.035 -1.918 0.1218 0.9432 -0.3090
-0.320 1.035 -1.732 0.1218 0.9432 0.3090
-0.334 0.927 -1.582 0.0753 0.5829 0.8090
0.536 0.637 -1.525 -0.0000 0.0000 1.0000
0.513 0.462 -1.582 -0.0753 -0.5829 0.8090
0.499 0.354 -1.732 -0.1218 -0.9432 0.3090
0.499 0.354 -1.918 -0.1218 -0.9432 -0.3090
0.513 0.462 -2.068 -0.0753 -0.5829 -0.8090
0.536 0.637 -2.125 -0.0000 -0.0000 -1.0000
0.559 0.811 -2.068 0.0753 0.5829 -0.8090
0.572 0.920 -1.918 0.1218 0.9432 -0.3090
0.572 0.920 -1.732 0.1218 0.9432 0.3090
0.559 0.811 -1.582 0.0753 0.5829 0.8090
-0.357 0.752 -1.825 -0.9918 0.1281 -0.0000
-0.357 0.752 -1.525 -0.9918 0.1281 -0.0000
-0.379 0.577 -1.582 -0.9918 0.1281 -0.0000
-0.393 0.469 -1.732 -0.9918 0.1281 -0.0000
-0.393 0.469 -1.918 -0.9918 0.1281 -0.0000
-0.379 0.577 -2.068 -0.9918 0.1281 -0.0000
-0.357 0.752 -2.125 -0.9918 0.1281 -0.0000
-0.334 0.927 -2.068 -0.9918 0.1281 -0.0000
-0.320 1.035 -1.918 -0.9918 0.1281 -0.0000
-0.320 1.035 -1.732 -0.9918 0.1281 -0.0000
-0.334 0.927 -1.582 -0.9918 0.1281 -0.0000
0.536 0.637 -1.825 0.9918 -0.1281 0.0000
0.536 0.637 -1.525 0.9918 -0.1281 0.0000
0.513 0.462 -1.582 0.9918 -0.1281 0.0000
0.499 0.354 -1.732 0.9918 -0.1281 0.0000
0.499 0.354 -1.918 0.9918 -0.1281 0.0000
0.513 0.462 -2.068 0.9918 -0.1281 0.0000
0.536 0.637 -2.125 0.9918 -0.1281 0.0000
0.559 0.811 -2.068 0.9918 -0.1281 0.0000
0.572 0.920 -1.918 0.9918 -0.1281 0.0000
0.572 0.920 -1.732 0.9918 -0.1281 0.0000
0.559 0.811 -1.582 0.9918 -0.1281 0.0000
0 1 2
0 2 3
4 6 5
4 7 6
8 10 9
8 11 10
12 13 14
12 14 15
16 17 18
16 18 19
20 22 21
20 23 22
24 25 35
24 35 34
25 26 36
25 36 35
26 27 37
26 37 36
27 28 38
27 38 37
28 29 39
28 39 38
29 30 40
29 40 39
30 31 41
30 41 40
31 32 42
31 42 41
32 33 43
32 43 42
33 24 34
33 34 43
44 46 45
44 47 46
44 48 47
44 49 48
44 50 49
44 51 50
44 52 51
44 53 52
44 54 53
44 45 54
55 56 57
55 57 58
55 58 59
55 59 60
55 60 61
55 61 62
55 62 63
55 63 64
55 64 65
55 65 56
LABEL sfoot3_slat_4_0
MATERIAL 7
TEXTURE 0
GEOM 104 76 ;sfoot3_slat_4_0
-0.127 1.042 -1.787 0.0042 0.0329 0.9995
-0.071 1.048 -1.787 0.0042 0.0329 0.9995
-0.015 1.050 -1.787 0.0042 0.0329 0.9995
0.041 1.049 -1.787 0.0042 0.0329 0.9995
-1.362 11.167 -2.125 0.0042 0.0329 0.9995
-0.763 11.224 -2.125 0.0042 0.0329 0.9995
-0.162 11.249 -2.125 0.0042 0.0329 0.9995
0.440 11.241 -2.125 0.0042 0.0329 0.9995
-0.127 1.042 -1.787 -0.0042 -0.0329 -0.9995
-0.071 1.048 -1.787 -0.0042 -0.0329 -0.9995
-0.015 1.050 -1.787 -0.0042 -0.0329 -0.9995
0.041 1.049 -1.787 -0.0042 -0.0329 -0.9995
-1.362 11.167 -2.125 -0.0042 -0.0329 -0.9995
-0.763 11.224 -2.125 -0.0042 -0.0329 -0.9995
-0.162 11.249 -2.125 -0.0042 -0.0329 -0.9995
0.440 11.241 -2.125 -0.0042 -0.0329 -0.9995
-0.127 1.042 -2.037 -0.0042 -0.0329 -0.9995
-0.071 1.048 -2.037 -0.0042 -0.0329 -0.9995
-0.015 1.050 -2.037 -0.0042 -0.0329 -0.9995
0.041 1.049 -2.037 -0.0042 -0.0329 -0.9995
-1.362 11.167 -2.375 -0.0042 -0.0329 -0.9995
-0.763 11.224 -2.375 -0.0042 -0.0329 -0.9995
-0.162 11.249 -2.375 -0.0042 -0.0329 -0.9995
0.440 11.241 -2.375 -0.0042 -0.0329 -0.9995
-0.127 1.042 -2.037 0.0042 0.0329 0.9995
-0.071 1.048 -2.037 0.0042 0.0329 0.9995
-0.015 1.050 -2.037 0.0042 0.0329 0.9995
0.041 1.049 -2.037 0.0042 0.0329 0.9995
-1.362 11.167 -2.375 0.0042 0.0329 0.9995
-0.763 11.224 -2.375 0.0042 0.0329 0.9995
-0.162 11.249 -2.375 0.0042 0.0329 0.9995
0.440 11.241 -2.375 0.0042 0.0329 0.9995
-1.362 11.167 -2.375 -0.0411 0.9992 0.0000
-0.763 11.224 -2.375 -0.0411 0.9992 0.0000
-0.162 11.249 -2.375 -0.0411 0.9992 0.0000
0.440 11.241 -2.375 -0.0411 0.9992 0.0000
-1.362 11.167 -2.125 -0.0411 0.9992 0.0000
-0.763 11.224 -2.125 -0.0411 0.9992 0.0000
-0.162 11.249 -2.125 -0.0411 0.9992 0.0000
0.440 11.241 -2.125 -0.0411 0.9992 0.0000
-1.362 11.167 -2.375 0.0411 -0.9992 -0.0000
-0.763 11.224 -2.375 0.0411 -0.9992 -0.0000
-0.162 11.249 -2.375 0.0411 -0.9992 -0.0000
0.440 11.241 -2.375 0.0411 -0.9992 -0.0000
-1.362 11.167 -2.125 0.0411 -0.9992 -0.0000
-0.763 11.224 -2.125 0.0411 -0.9992 -0.0000
-0.162 11.249 -2.125 0.0411 -0.9992 -0.0000
0.440 11.241 -2.125 0.0411 -0.9992 -0.0000
-0.127 1.042 -2.037 0.0411 -0.9992 -0.0000
-0.071 1.048 -2.037 0.0411 -0.9992 -0.0000
-0.015 1.050 -2.037 0.0411 -0.9992 -0.0000
0.041 1.049 -2.037 0.0411 -0.9992 -0.0000
-0.127 1.042 -1.787 0.0411 -0.9992 -0.0000
-0.071 1.048 -1.787 0.0411 -0.9992 -0.0000
-0.015 1.050 -1.787 0.0411 -0.9992 -0.0000
0.041 1.049 -1.787 0.0411 -0.9992 -0.0000
-0.127 1.042 -2.037 -0.0411 0.9992 0.0000
-0.071 1.048 -2.037 -0.0411 0.9992 0.0000
-0.015 1.050 -2.037 -0.0411 0.9992 0.0000
0.041 1.049 -2.037 -0.0411 0.9992 0.0000
-0.127 1.042 -1.787 -0.0411 0.9992 0.0000
-0.071 1.048 -1.787 -0.0411 0.9992 0.0000
-0.015 1.050 -1.787 -0.0411 0.9992 0.0000
0.041 1.049 -1.787 -0.0411 0.9992 0.0000
-1.362 11.167 -2.125 -0.0411 0.9992 0.0000
-0.763 11.224 -2.125 -0.0411 0.9992 0.0000
-0.162 11.249 -2.125 -0.0411 0.9992 0.0000
0.440 11.241 -2.125 -0.0411 0.9992 0.0000
-1.362 11.167 -1.425 -0.0411 0.9992 0.0000
-0.763 11.224 -1.425 -0.0411 0.9992 0.0000
-0.162 11.249 -1.425 -0.0411 0.9992 0.0000
0.440 11.241 -1.425 -0.0411 0.9992 0.0000
-1.362 11.167 -2.125 0.0411 -0.9992 -0.0000
-0.763 11.224 -2.125 0.0411 -0.9992 -0.0000
-0.162 11.249 -2.125 0.0411 -0.9992 -0.0000
0.440 11.241 -2.125 0.0411 -0.9992 -0.0000
-1.362 11.167 -1.425 0.0411 -0.9992 -0.0000
-0.763 11.224 -1.425 0.0411 -0.9992 -0.0000
-0.162 11.249 -1.425 0.0411 -0.9992 -0.0000
0.440 11.241 -1.425 0.0411 -0.9992 -0.0000
-1.362 11.167 -1.425 -0.0000 -0.0000 1.0000
-0.763 11.224 -1.425 -0.0000 -0.0000 1.0000
-0.162 11.249 -1.425 -0.0000 -0.0000 1.0000
0.440 11.241 -1.425 -0.0000 -0.0000 1.0000
-1.320 10.820 -1.413 -0.0000 -0.0000 1.0000
-0.739 10.875 -1.413 -0.0000 -0.0000 1.0000
-0.157 10.899 -1.413 -0.0000 -0.0000 1.0000
0.427 10.892 -1.413 -0.0000 -0.0000 1.0000
-1.362 11.167 -1.425 0.0000 0.0000 -1.0000
-0.763 11.224 -1.425 0.0000 0.0000 -1.0000
-0.162 11.249 -1.425 0.0000 0.0000 -1.0000
0.440 11.241 -1.425 0.0000 0.0000 -1.0000
-1.320 10.820 -1.413 0.0000 0.0000 -1.0000
-0.739 10.875 -1.413 0.0000 0.0000 -1.0000
-0.157 10.899 -1.413 0.0000 0.0000 -1.0000
0.427 10.892 -1.413 0.0000 0.0000 -1.0000
-0.127 1.042 -2.037 0.9926 0.1211 0.0000
-1.362 11.167 -2.375 0.9926 0.1211 0.0000
-0.127 1.042 -1.787 0.9926 0.1211 0.0000
-1.362 11.167 -2.125 0.9926 0.1211 0.0000
-0.127 1.042 -2.037 -0.9926 -0.1211 -0.0000
-1.362 11.167 -2.375 -0.9926 -0.1211 -0.0000
-0.127 1.042 -1.787 -0.9926 -0.1211 -0.0000
-1.362 11.167 -2.125 -0.9926 -0.1211 -0.0000
0 1 5
0 5 4
8 13 9
8 12 13
1 2 6
1 6 5
9 14 10
9 13 14
2 3 7
2 7 6
10 15 11
10 14 15
16 21 17
16 20 21
24 25 29
24 29 28
17 22 18
17 21 22
25 26 30
25 30 29
18 23 19
18 22 23
26 27 31
26 31 30
32 37 33
32 36 37
40 41 45
40 45 44
33 38 34
33 37 38
41 42 46
41 46 45
34 39 35
34 38 39
42 43 47
42 47 46
48 49 53
48 53 52
56 61 57
56 60 61
49 50 54
49 54 53
57 62 58
57 61 62
50 51 55
50 55 54
58 63 59
58 62 63
64 69 65
64 68 69
72 73 77
72 77 76
65 70 66
65 69 70
73 74 78
73 78 77
66 71 67
66 70 71
74 75 79
74 79 78
80 85 81
80 84 85
88 89 93
88 93 92
81 86 82
81 85 86
89 90 94
89 94 93
82 87 83
82 86 87
90 91 95
90 95 94
96 97 99
96 99 98
100 103 101
100 102 103
LABEL sfoot3_slat_4_1
MATERIAL 7
TEXTURE 0
GEOM 96 72 ;sfoot3_slat_4_1
0.045 1.049 -1.787 0.0042 0.0329 0.9995
0.105 1.045 -1.787 0.0042 0.0329 0.9995
0.164 1.037 -1.787 0.0042 0.0329 0.9995
0.223 1.026 -1.787 0.0042 0.0329 0.9995
0.485 11.240 -2.125 0.0042 0.0329 0.9995
1.123 11.194 -2.125 0.0042 0.0329 0.9995
1.757 11.112 -2.125 0.0042 0.0329 0.9995
2.386 10.994 -2.125 0.0042 0.0329 0.9995
0.045 1.049 -1.787 -0.0042 -0.0329 -0.9995
0.105 1.045 -1.787 -0.0042 -0.0329 -0.9995
0.164 1.037 -1.787 -0.0042 -0.0329 -0.9995
0.223 1.026 -1.787 -0.0042 -0.0329 -0.9995
0.485 11.240 -2.125 -0.0042 -0.0329 -0.9995
1.123 11.194 -2.125 -0.0042 -0.0329 -0.9995
1.757 11.112 -2.125 -0.0042 -0.0329 -0.9995
2.386 10.994 -2.125 -0.0042 -0.0329 -0.9995
0.045 1.049 -2.037 -0.0042 -0.0329 -0.9995
0.105 1.045 -2.037 -0.0042 -0.0329 -0.9995
0.164 1.037 -2.037 -0.0042 -0.0329 -0.9995
0.223 1.026 -2.037 -0.0042 -0.0329 -0.9995
0.485 11.240 -2.375 -0.0042 -0.0329 -0.9995
1.123 11.194 -2.375 -0.0042 -0.0329 -0.9995
1.757 11.112 -2.375 -0.0042 -0.0329 -0.9995
2.386 10.994 -2.375 -0.0042 -0.0329 -0.9995
0.045 1.049 -2.037 0.0042 0.0329 0.9995
0.105 1.045 -2.037 0.0042 0.0329 0.9995
0.164 1.037 -2.037 0.0042 0.0329 0.9995
0.223 1.026 -2.037 0.0042 0.0329 0.9995
0.485 11.240 -2.375 0.0042 0.0329 0.9995
1.123 11.194 -2.375 0.0042 0.0329 0.9995
1.757 11.112 -2.375 0.0042 0.0329 0.9995
2.386 10.994 -2.375 0.0042 0.0329 0.9995
0.485 11.240 -2.375 0.1281 0.9918 0.0000
1.123 11.194 -2.375 0.1281 0.9918 0.0000
1.757 11.112 -2.375 0.1281 0.9918 0.0000
2.386 10.994 -2.375 0.1281 0.9918 0.0000
0.485 11.240 -2.125 0.1281 0.9918 0.0000
1.123 11.194 -2.125 0.1281 0.9918 0.0000
1.757 11.112 -2.125 0.1281 0.9918 0.0000
2.386 10.994 -2.125 0.1281 0.9918 0.0000
0.485 11.240 -2.375 -0.1281 -0.9918 -0.0000
1.123 11.194 -2.375 -0.1281 -0.9918 -0.0000
1.757 11.112 -2.375 -0.1281 -0.9918 -0.0000
2.386 10.994 -2.375 -0.1281 -0.9918 -0.0000
0.485 11.240 -2.125 -0.1281 -0.9918 -0.0000
1.123 11.194 -2.125 -0.1281 -0.9918 -0.0000
1.757 11.112 -2.125 -0.1281 -0.9918 -0.0000
2.386 10.994 -2.125 -0.1281 -0.9918 -0.0000
0.045 1.049 -2.037 -0.1281 -0.9918 -0.0000
0.105 1.045 -2.037 -0.1281 -0.9918 -0.0000
0.164 1.037 -2.037 -0.1281 -0.9918 -0.0000
0.223 1.026 -2.037 -0.1281 -0.9918 -0.0000
0.045 1.049 -1.787 -0.1281 -0.9918 -0.0000
0.105 1.045 -1.787 -0.1281 -0.9918 -0.0000
0.164 1.037 -1.787 -0.1281 -0.9918 -0.0000
0.223 1.026 -1.787 -0.1281 -0.9918 -0.0000
0.045 1.049 -2.037 0.1281 0.9918 0.0000
0.105 1.045 -2.037 0.1281 0.9918 0.0000
0.164 1.037 -2.037 0.1281 0.9918 0.0000
0.223 1.026 -2.037 0.1281 0.9918 0.0000
0.045 1.049 -1.787 0.1281 0.9918 0.0000
0.105 1.045 -1.787 0.1281 0.9918 0.0000
0.164 1.037 -1.787 0.1281 0.9918 0.0000
0.223 1.026 -1.787 0.1281 0.9918 0.0000
0.485 11.240 -2.125 0.1281 0.9918 0.0000
1.123 11.194 -2.125 0.1281 0.9918 0.0000
1.757 11.112 -2.125 0.1281 0.9918 0.0000
2.386 10.994 -2.125 0.1281 0.9918 0.0000
0.485 11.240 -1.425 0.1281 0.9918 0.0000
1.123 11.194 -1.425 0.1281 0.9918 0.0000
1.757 11.112 -1.425 0.1281 0.9918 0.0000
2.386 10.994 -1.425 0.1281 0.9918 0.0000
0.485 11.240 -2.125 -0.1281 -0.9918 -0.0000
1.123 11.194 -2.125 -0.1281 -0.9918 -0.0000
1.757 11.112 -2.125 -0.1281 -0.9918 -0.0000
2.386 10.994 -2.125 -0.1281 -0.9918 -0.0000
0.485 11.240 -1.425 -0.1281 -0.9918 -0.0000
1.123 11.194 -1.425 -0.1281 -0.9918 -0.0000
1.757 11.112 -1.425 -0.1281 -0.9918 -0.0000
2.386 10.994 -1.425 -0.1281 -0.9918 -0.0000
0.485 11.240 -1.425 -0.0000 -0.0000 1.0000
1.123 11.194 -1.425 -0.0000 -0.0000 1.0000
1.757 11.112 -1.425 -0.0000 -0.0000 1.0000
2.386 10.994 -1.425 -0.0000 -0.0000 1.0000
0.470 10.890 -1.413 -0.0000 -0.0000 1.0000
1.088 10.846 -1.413 -0.0000 -0.0000 1.0000
1.702 10.766 -1.413 -0.0000 -0.0000 1.0000
2.311 10.652 -1.413 -0.0000 -0.0000 1.0000
0.485 11.240 -1.425 0.0000 0.0000 -1.0000
1.123 11.194 -1.425 0.0000 0.0000 -1.0000
1.757 11.112 -1.425 0.0000 0.0000 -1.0000
2.386 10.994 -1.425 0.0000 0.0000 -1.0000
0.470 10.890 -1.413 0.0000 0.0000 -1.0000
1.088 10.846 -1.413 0.0000 0.0000 -1.0000
1.702 10.766 -1.413 0.0000 0.0000 -1.0000
2.311 10.652 -1.413 0.0000 0.0000 -1.0000
0 1 5
0 5 4
8 13 9
8 12 13
1 2 6
1 6 5
9 14 10
9 13 14
2 3 7
2 7 6
10 15 11
10 14 15
16 21 17
16 20 21
24 25 29
24 29 28
17 22 18
17 21 22
25 26 30
25 30 29
18 23 19
18 22 23
26 27 31
26 31 30
32 37 33
32 36 37
40 41 45
40 45 44
33 38 34
33 37 38
41 42 46
41 46 45
34 39 35
34 38 39
42 43 47
42 47 46
48 49 53
48 53 52
56 61 57
56 60 61
49 50 54
49 54 53
57 62 58
57 61 62
50 51 55
50 55 54
58 63 59
58 62 63
64 69 65
64 68 69
72 73 77
72 77 76
65 70 66
65 69 70
73 74 78
73 78 77
66 71 67
66 70 71
74 75 79
74 79 78
80 85 81
80 84 85
88 89 93
88 93 92
81 86 82
81 85 86
89 90 94
89 94 93
82 87 83
82 86 87
90 91 95
90 95 94
LABEL sfoot3_slat_4_2
MATERIAL 7
TEXTURE 0
GEOM 104 76 ;sfoot3_slat_4_2
0.227 1.025 -1.787 0.0042 0.0329 0.9995
0.281 1.012 -1.787 0.0042 0.0329 0.9995
0.335 0.995 -1.787 0.0042 0.0329 0.9995
0.388 0.976 -1.787 0.0042 0.0329 0.9995
2.430 10.985 -2.125 0.0042 0.0329 0.9995
3.014 10.839 -2.125 0.0042 0.0329 0.9995
3.589 10.662 -2.125 0.0042 0.0329 0.9995
4.154 10.455 -2.125 0.0042 0.0329 0.9995
0.227 1.025 -1.787 -0.0042 -0.0329 -0.9995
0.281 1.012 -1.787 -0.0042 -0.0329 -0.9995
0.335 0.995 -1.787 -0.0042 -0.0329 -0.9995
0.388 0.976 -1.787 -0.0042 -0.0329 -0.9995
2.430 10.985 -2.125 -0.0042 -0.0329 -0.9995
3.014 10.839 -2.125 -0.0042 -0.0329 -0.9995
3.589 10.662 -2.125 -0.0042 -0.0329 -0.9995
4.154 10.455 -2.125 -0.0042 -0.0329 -0.9995
0.227 1.025 -2.037 -0.0042 -0.0329 -0.9995
0.281 1.012 -2.037 -0.0042 -0.0329 -0.9995
0.335 0.995 -2.037 -0.0042 -0.0329 -0.9995
0.388 0.976 -2.037 -0.0042 -0.0329 -0.9995
2.430 10.985 -2.375 -0.0042 -0.0329 -0.9995
3.014 10.839 -2.375 -0.0042 -0.0329 -0.9995
3.589 10.662 -2.375 -0.0042 -0.0329 -0.9995
4.154 10.455 -2.375 -0.0042 -0.0329 -0.9995
0.227 1.025 -2.037 0.0042 0.0329 0.9995
0.281 1.012 -2.037 0.0042 0.0329 0.9995
0.335 0.995 -2.037 0.0042 0.0329 0.9995
0.388 0.976 -2.037 0.0042 0.0329 0.9995
2.430 10.985 -2.375 0.0042 0.0329 0.9995
3.014 10.839 -2.375 0.0042 0.0329 0.9995
3.589 10.662 -2.375 0.0042 0.0329 0.9995
4.154 10.455 -2.375 0.0042 0.0329 0.9995
2.430 10.985 -2.375 0.2936 0.9559 0.0000
3.014 10.839 -2.375 0.2936 0.9559 0.0000
3.589 10.662 -2.375 0.2936 0.9559 0.0000
4.154 10.455 -2.375 0.2936 0.9559 0.0000
2.430 10.985 -2.125 0.2936 0.9559 0.0000
3.014 10.839 -2.125 0.2936 0.9559 0.0000
3.589 10.662 -2.125 0.2936 0.9559 0.0000
4.154 10.455 -2.125 0.2936 0.9559 0.0000
2.430 10.985 -2.375 -0.2936 -0.9559 -0.0000
3.014 10.839 -2.375 -0.2936 -0.9559 -0.0000
3.589 10.662 -2.375 -0.2936 -0.9559 -0.0000
4.154 10.455 -2.375 -0.2936 -0.9559 -0.0000
2.430 10.985 -2.125 -0.2936 -0.9559 -0.0000
3.014 10.839 -2.125 -0.2936 -0.9559 -0.0000
3.589 10.662 -2.125 -0.2936 -0.9559 -0.0000
4.154 10.455 -2.125 -0.2936 -0.9559 -0.0000
0.227 1.025 -2.037 -0.2936 -0.9559 -0.0000
0.281 1.012 -2.037 -0.2936 -0.9559 -0.0000
0.335 0.995 -2.037 -0.2936 -0.9559 -0.0000
0.388 0.976 -2.037 -0.2936 -0.9559 -0.0000
0.227 1.025 -1.787 -0.2936 -0.9559 -0.0000
0.281 1.012 -1.787 -0.2936 -0.9559 -0.0000
0.335 0.995 -1.787 -0.2936 -0.9559 -0.0000
0.388 0.976 -1.787 -0.2936 -0.9559 -0.0000
0.227 1.025 -2.037 0.2936 0.9559 0.0000
0.281 1.012 -2.037 0.2936 0.9559 0.0000
0.335 0.995 -2.037 0.2936 0.9559 0.0000
0.388 0.976 -2.037 0.2936 0.9559 0.0000
0.227 1.025 -1.787 0.2936 0.9559 0.0000
0.281 1.012 -1.787 0.2936 0.9559 0.0000
0.335 0.995 -1.787 0.2936 0.9559 0.0000
0.388 0.976 -1.787 0.2936 0.9559 0.0000
2.430 10.985 -2.125 0.2936 0.9559 0.0000
3.014 10.839 -2.125 0.2936 0.9559 0.0000
3.589 10.662 -2.125 0.2936 0.9559 0.0000
4.154 10.455 -2.125 0.2936 0.9559 0.0000
2.430 10.985 -1.425 0.2936 0.9559 0.0000
3.014 10.839 -1.425 0.2936 0.9559 0.0000
3.589 10.662 -1.425 0.2936 0.9559 0.0000
4.154 10.455 -1.425 0.2936 0.9559 0.0000
2.430 10.985 -2.125 -0.2936 -0.9559 -0.0000
3.014 10.839 -2.125 -0.2936 -0.9559 -0.0000
3.589 10.662 -2.125 -0.2936 -0.9559 -0.0000
4.154 10.455 -2.125 -0.2936 -0.9559 -0.0000
2.430 10.985 -1.425 -0.2936 -0.9559 -0.0000
3.014 10.839 -1.425 -0.2936 -0.9559 -0.0000
3.589 10.662 -1.425 -0.2936 -0.9559 -0.0000
4.154 10.455 -1.425 -0.2936 -0.9559 -0.0000
2.430 10.985 -1.425 -0.0000 -0.0000 1.0000
3.014 10.839 -1.425 -0.0000 -0.0000 1.0000
3.589 10.662 -1.425 -0.0000 -0.0000 1.0000
4.154 10.455 -1.425 -0.0000 -0.0000 1.0000
2.354 10.643 -1.413 -0.0000 -0.0000 1.0000
2.920 10.502 -1.413 -0.0000 -0.0000 1.0000
3.477 10.330 -1.413 -0.0000 -0.0000 1.0000
4.025 10.130 -1.413 -0.0000 -0.0000 1.0000
2.430 10.985 -1.425 0.0000 0.0000 -1.0000
3.014 10.839 -1.425 0.0000 0.0000 -1.0000
3.589 10.662 -1.425 0.0000 0.0000 -1.0000
4.154 10.455 -1.425 0.0000 0.0000 -1.0000
2.354 10.643 -1.413 0.0000 0.0000 -1.0000
2.920 10.502 -1.413 0.0000 0.0000 -1.0000
3.477 10.330 -1.413 0.0000 0.0000 -1.0000
4.025 10.130 -1.413 0.0000 0.0000 -1.0000
0.388 0.976 -2.037 0.9293 -0.3693 0.0000
4.154 10.455 -2.375 0.9293 -0.3693 0.0000
0.388 0.976 -1.787 0.9293 -0.3693 0.0000
4.154 10.455 -2.125 0.9293 -0.3693 0.0000
0.388 0.976 -2.037 -0.9293 0.3693 -0.0000
4.154 10.455 -2.375 -0.9293 0.3693 -0.0000
0.388 0.976 -1.787 -0.9293 0.3693 -0.0000
4.154 10.455 -2.125 -0.9293 0.3693 -0.0000
0 1 5
0 5 4
8 13 9
8 12 13
1 2 6
1 6 5
9 14 10
9 13 14
2 3 7
2 7 6
10 15 11
10 14 15
16 21 17
16 20 21
24 25 29
24 29 28
17 22 18
17 21 22
25 26 30
25 30 29
18 23 19
18 22 23
26 27 31
26 31 30
32 37 33
32 36 37
40 41 45
40 45 44
33 38 34
33 37 38
41 42 46
41 46 45
34 39 35
34 38 39
42 43 47
42 47 46
48 49 53
48 53 52
56 61 57
56 60 61
49 50 54
49 54 53
57 62 58
57 61 62
50 51 55
50 55 54
58 63 59
58 62 63
64 69 65
64 68 69
72 73 77
72 77 76
65 70 66
65 69 70
73 74 78
73 78 77
66 71 67
66 70 71
74 75 79
74 79 78
80 85 81
80 84 85
88 89 93
88 93 92
81 86 82
81 85 86
89 90 94
89 94 93
82 87 83
82 86 87
90 91 95
90 95 94
96 97 99
96 99 98
100 103 101
100 102 103
LABEL sfoot3_strut_4
MATERIAL 9
TEXTURE 0
GEOM 50 48 ;sfoot3_strut_4
0.637 1.141 2.227 0.9788 -0.0000 0.2049
0.614 1.007 2.007 0.9343 -0.2666 -0.2366
0.467 0.910 1.818 0.6395 -0.4617 -0.6147
0.234 0.874 1.711 0.1733 -0.5332 -0.8281
-0.022 0.910 1.715 -0.3393 -0.4617 -0.8196
-0.233 1.007 1.829 -0.7610 -0.2666 -0.5915
-0.342 1.141 2.023 -0.9788 -0.0000 -0.2049
-0.320 1.274 2.243 -0.9343 0.2666 0.2366
-0.172 1.371 2.432 -0.6395 0.4617 0.6147
0.061 1.407 2.539 -0.1733 0.5332 0.8281
0.317 1.371 2.535 0.3393 0.4617 0.8196
0.528 1.274 2.421 0.7610 0.2666 0.5915
1.086 4.619 0.082 0.9788 -0.0000 0.2049
1.064 4.486 -0.139 0.9343 -0.2666 -0.2366
0.916 4.388 -0.328 0.6395 -0.4617 -0.6147
0.683 4.353 -0.435 0.1733 -0.5332 -0.8281
0.427 4.388 -0.431 -0.3393 -0.4617 -0.8196
0.216 4.486 -0.317 -0.7610 -0.2666 -0.5915
0.107 4.619 -0.123 -0.9788 -0.0000 -0.2049
0.129 4.752 0.097 -0.9343 0.2666 0.2366
0.277 4.850 0.287 -0.6395 0.4617 0.6147
0.510 4.886 0.393 -0.1733 0.5332 0.8281
0.766 4.850 0.389 0.3393 0.4617 0.8196
0.977 4.752 0.275 0.7610 0.2666 0.5915
0.147 1.141 2.125 -0.1092 -0.8460 0.5219
0.637 1.141 2.227 -0.1092 -0.8460 0.5219
0.614 1.007 2.007 -0.1092 -0.8460 0.5219
0.467 0.910 1.818 -0.1092 -0.8460 0.5219
0.234 0.874 1.711 -0.1092 -0.8460 0.5219
-0.022 0.910 1.715 -0.1092 -0.8460 0.5219
-0.233 1.007 1.829 -0.1092 -0.8460 0.5219
-0.342 1.141 2.023 -0.1092 -0.8460 0.5219
-0.320 1.274 2.243 -0.1092 -0.8460 0.5219
-0.172 1.371 2.432 -0.1092 -0.8460 0.5219
0.061 1.407 2.539 -0.1092 -0.8460 0.5219
0.317 1.371 2.535 -0.1092 -0.8460 0.5219
0.528 1.274 2.421 -0.1092 -0.8460 0.5219
0.596 4.619 -0.021 0.1092 0.8460 -0.5219
1.086 4.619 0.082 0.1092 0.8460 -0.5219
1.064 4.486 -0.139 0.1092 0.8460 -0.5219
0.916 4.388 -0.328 0.1092 0.8460 -0.5219
0.683 4.353 -0.435 0.1092 0.8460 -0.5219
0.427 4.388 -0.431 0.1092 0.8460 -0.5219
0.216 4.486 -0.317 0.1092 0.8460 -0.5219
0.107 4.619 -0.123 0.1092 0.8460 -0.5219
0.129 4.752 0.097 0.1092 0.8460 -0.5219
0.277 4.850 0.287 0.1092 0.8460 -0.5219
0.510 4.886 0.393 0.1092 0.8460 -0.5219
0.766 4.850 0.389 0.1092 0.8460 -0.5219
0.977 4.752 0.275 0.1092 0.8460 -0.5219
0 1 13
0 13 12
1 2 14
1 14 13
2 3 15
2 15 14
3 4 16
3 16 15
4 5 17
4 17 16
5 6 18
5 18 17
6 7 19
6 19 18
7 8 20
7 20 19
8 9 21
8 21 20
9 10 22
9 22 21
10 11 23
10 23 22
11 0 12
11 12 23
24 26 25
24 27 26
24 28 27
24 29 28
24 30 29
24 31 30
24 32 31
24 33 32
24 34 33
24 35 34
24 36 35
24 25 36
37 38 39
37 39 40
37 40 41
37 41 42
37 42 43
37 43 44
37 44 45
37 45 46
37 46 47
37 47 48
37 48 49
37 49 38
LABEL sfoot3_rod_4
MATERIAL 7
TEXTURE 0
GEOM 42 40 ;sfoot3_rod_4
0.776 4.112 0.344 0.9788 -0.0000 0.2049
0.754 4.033 0.212 0.8937 -0.3134 -0.3210
0.648 3.985 0.111 0.4673 -0.5071 -0.7242
0.496 3.985 0.080 -0.1376 -0.5071 -0.8508
0.358 4.033 0.129 -0.6900 -0.3134 -0.6525
0.286 4.112 0.241 -0.9788 -0.0000 -0.2049
0.307 4.190 0.373 -0.8937 0.3134 0.3210
0.414 4.238 0.473 -0.4673 0.5071 0.7242
0.565 4.238 0.505 0.1376 0.5071 0.8508
0.703 4.190 0.455 0.6900 0.3134 0.6525
1.209 7.465 -1.725 0.9788 -0.0000 0.2049
1.187 7.387 -1.857 0.8937 -0.3134 -0.3210
1.081 7.339 -1.958 0.4673 -0.5071 -0.7242
0.930 7.339 -1.989 -0.1376 -0.5071 -0.8508
0.791 7.387 -1.940 -0.6900 -0.3134 -0.6525
0.719 7.465 -1.828 -0.9788 -0.0000 -0.2049
0.740 7.544 -1.696 -0.8937 0.3134 0.3210
0.847 7.592 -1.595 -0.4673 0.5071 0.7242
0.998 7.592 -1.564 0.1376 0.5071 0.8508
1.136 7.544 -1.613 0.6900 0.3134 0.6525
0.531 4.112 0.292 -0.1092 -0.8460 0.5219
0.776 4.112 0.344 -0.1092 -0.8460 0.5219
0.754 4.033 0.212 -0.1092 -0.8460 0.5219
0.648 3.985 0.111 -0.1092 -0.8460 0.5219
0.496 3.985 0.080 -0.1092 -0.8460 0.5219
0.358 4.033 0.129 -0.1092 -0.8460 0.5219
0.286 4.112 0.241 -0.1092 -0.8460 0.5219
0.307 4.190 0.373 -0.1092 -0.8460 0.5219
0.414 4.238 0.473 -0.1092 -0.8460 0.5219
0.565 4.238 0.505 -0.1092 -0.8460 0.5219
0.703 4.190 0.455 -0.1092 -0.8460 0.5219
0.964 7.465 -1.776 0.1092 0.8460 -0.5219
1.209 7.465 -1.725 0.1092 0.8460 -0.5219
1.187 7.387 -1.857 0.1092 0.8460 -0.5219
1.081 7.339 -1.958 0.1092 0.8460 -0.5219
0.930 7.339 -1.989 0.1092 0.8460 -0.5219
0.791 7.387 -1.940 0.1092 0.8460 -0.5219
0.719 7.465 -1.828 0.1092 0.8460 -0.5219
0.740 7.544 -1.696 0.1092 0.8460 -0.5219
0.847 7.592 -1.595 0.1092 0.8460 -0.5219
0.998 7.592 -1.564 0.1092 0.8460 -0.5219
1.136 7.544 -1.613 0.1092 0.8460 -0.5219
0 1 11
0 11 10
1 2 12
1 12 11
2 3 13
2 13 12
3 4 14
3 14 13
4 5 15
4 15 14
5 6 16
5 16 15
6 7 17
6 17 16
7 8 18
7 18 17
8 9 19
8 19 18
9 0 10
9 10 19
20 22 21
20 23 22
20 24 23
20 25 24
20 26 25
20 27 26
20 28 27
20 29 28
20 30 29
20 21 30
31 32 33
31 33 34
31 34 35
31 35 36
31 36 37
31 37 38
31 38 39
31 39 40
31 40 41
31 41 32
LABEL sfoot3_skirt_4_0
MATERIAL 7
TEXTURE 0
GEOM 16 12 ;sfoot3_skirt_4_0
-1.362 11.167 -3.275 -0.0411 0.9992 0.0000
-0.763 11.224 -3.275 -0.0411 0.9992 0.0000
-0.162 11.249 -3.275 -0.0411 0.9992 0.0000
0.440 11.241 -3.275 -0.0411 0.9992 0.0000
-1.362 11.167 -2.375 -0.0411 0.9992 0.0000
-0.763 11.224 -2.375 -0.0411 0.9992 0.0000
-0.162 11.249 -2.375 -0.0411 0.9992 0.0000
0.440 11.241 -2.375 -0.0411 0.9992 0.0000
-1.362 11.167 -3.275 0.0411 -0.9992 -0.0000
-0.763 11.224 -3.275 0.0411 -0.9992 -0.0000
-0.162 11.249 -3.275 0.0411 -0.9992 -0.0000
0.440 11.241 -3.275 0.0411 -0.9992 -0.0000
-1.362 11.167 -2.375 0.0411 -0.9992 -0.0000
-0.763 11.224 -2.375 0.0411 -0.9992 -0.0000
-0.162 11.249 -2.375 0.0411 -0.9992 -0.0000
0.440 11.241 -2.375 0.0411 -0.9992 -0.0000
0 5 1
0 4 5
8 9 13
8 13 12
1 6 2
1 5 6
9 10 14
9 14 13
2 7 3
2 6 7
10 11 15
10 15 14
LABEL sfoot3_skirt_4_1
MATERIAL 7
TEXTURE 0
GEOM 16 12 ;sfoot3_skirt_4_1
0.485 11.240 -3.275 0.1281 0.9918 0.0000
1.123 11.194 -3.275 0.1281 0.9918 0.0000
1.757 11.112 -3.275 0.1281 0.9918 0.0000
2.386 10.994 -3.275 0.1281 0.9918 0.0000
0.485 11.240 -2.375 0.1281 0.9918 0.0000
1.123 11.194 -2.375 0.1281 0.9918 0.0000
1.757 11.112 -2.375 0.1281 0.9918 0.0000
2.386 10.994 -2.375 0.1281 0.9918 0.0000
0.485 11.240 -3.275 -0.1281 -0.9918 -0.0000
1.123 11.194 -3.275 -0.1281 -0.9918 -0.0000
1.757 11.112 -3.275 -0.1281 -0.9918 -0.0000
2.386 10.994 -3.275 -0.1281 -0.9918 -0.0000
0.485 11.240 -2.375 -0.1281 -0.9918 -0.0000
1.123 11.194 -2.375 -0.1281 -0.9918 -0.0000
1.757 11.112 -2.375 -0.1281 -0.9918 -0.0000
2.386 10.994 -2.375 -0.1281 -0.9918 -0.0000
0 5 1
0 4 5
8 9 13
8 13 12
1 6 2
1 5 6
9 10 14
9 14 13
2 7 3
2 6 7
10 11 15
10 15 14
LABEL sfoot3_skirt_4_2
MATERIAL 7
TEXTURE 0
GEOM 16 12 ;sfoot3_skirt_4_2
2.430 10.985 -3.275 0.2936 0.9559 0.0000
3.014 10.839 -3.275 0.2936 0.9559 0.0000
3.589 10.662 -3.275 0.2936 0.9559 0.0000
4.154 10.455 -3.275 0.2936 0.9559 0.0000
2.430 10.985 -2.375 0.2936 0.9559 0.0000
3.014 10.839 -2.375 0.2936 0.9559 0.0000
3.589 10.662 -2.375 0.2936 0.9559 0.0000
4.154 10.455 -2.375 0.2936 0.9559 0.0000
2.430 10.985 -3.275 -0.2936 -0.9559 -0.0000
3.014 10.839 -3.275 -0.2936 -0.9559 -0.0000
3.589 10.662 -3.275 -0.2936 -0.9559 -0.0000
4.154 10.455 -3.275 -0.2936 -0.9559 -0.0000
2.430 10.985 -2.375 -0.2936 -0.9559 -0.0000
3.014 10.839 -2.375 -0.2936 -0.9559 -0.0000
3.589 10.662 -2.375 -0.2936 -0.9559 -0.0000
4.154 10.455 -2.375 -0.2936 -0.9559 -0.0000
0 5 1
0 4 5
8 9 13
8 13 12
1 6 2
1 5 6
9 10 14
9 14 13
2 7 3
2 6 7
10 11 15
10 15 14
LABEL sfoot3_petal_5
MATERIAL 7
TEXTURE 0
GEOM 66 52 ;sfoot3_petal_5
0.273 0.934 -1.782 -0.6065 -0.7944 0.0332
0.829 0.510 -1.782 -0.6065 -0.7944 0.0332
0.838 0.521 -1.332 -0.6065 -0.7944 0.0332
0.282 0.946 -1.332 -0.6065 -0.7944 0.0332
6.310 8.843 -2.112 0.6065 0.7944 -0.0332
6.867 8.419 -2.112 0.6065 0.7944 -0.0332
6.876 8.430 -1.662 0.6065 0.7944 -0.0332
6.319 8.855 -1.662 0.6065 0.7944 -0.0332
0.273 0.934 -1.782 -0.7949 0.6068 0.0000
6.310 8.843 -2.112 -0.7949 0.6068 0.0000
6.319 8.855 -1.662 -0.7949 0.6068 0.0000
0.282 0.946 -1.332 -0.7949 0.6068 0.0000
0.829 0.510 -1.782 0.7949 -0.6068 -0.0000
6.867 8.419 -2.112 0.7949 -0.6068 -0.0000
6.876 8.430 -1.662 0.7949 -0.6068 -0.0000
0.838 0.521 -1.332 0.7949 -0.6068 -0.0000
0.273 0.934 -1.782 -0.0201 -0.0264 -0.9995
6.310 8.843 -2.112 -0.0201 -0.0264 -0.9995
6.867 8.419 -2.112 -0.0201 -0.0264 -0.9995
0.829 0.510 -1.782 -0.0201 -0.0264 -0.9995
0.282 0.946 -1.332 0.0201 0.0264 0.9995
6.319 8.855 -1.662 0.0201 0.0264 0.9995
6.876 8.430 -1.662 0.0201 0.0264 0.9995
0.838 0.521 -1.332 0.0201 0.0264 0.9995
0.067 0.829 -1.525 -0.0000 0.0000 1.0000
-0.040 0.689 -1.582 -0.3567 -0.4672 0.8090
-0.106 0.603 -1.732 -0.5771 -0.7560 0.3090
-0.106 0.603 -1.918 -0.5771 -0.7560 -0.3090
-0.040 0.689 -2.068 -0.3567 -0.4672 -0.8090
0.067 0.829 -2.125 -0.0000 -0.0000 -1.0000
0.174 0.970 -2.068 0.3567 0.4672 -0.8090
0.240 1.056 -1.918 0.5771 0.7560 -0.3090
0.240 1.056 -1.732 0.5771 0.7560 0.3090
0.174 0.970 -1.582 0.3567 0.4672 0.8090
0.782 0.283 -1.525 -0.0000 0.0000 1.0000
0.675 0.143 -1.582 -0.3567 -0.4672 0.8090
0.609 0.057 -1.732 -0.5771 -0.7560 0.3090
0.609 0.057 -1.918 -0.5771 -0.7560 -0.3090
0.675 0.143 -2.068 -0.3567 -0.4672 -0.8090
0.782 0.283 -2.125 -0.0000 -0.0000 -1.0000
0.889 0.424 -2.068 0.3567 0.4672 -0.8090
0.956 0.510 -1.918 0.5771 0.7560 -0.3090
0.956 0.510 -1.732 0.5771 0.7560 0.3090
0.889 0.424 -1.582 0.3567 0.4672 0.8090
0.067 0.829 -1.825 -0.7949 0.6068 -0.0000
0.067 0.829 -1.525 -0.7949 0.6068 -0.0000
-0.040 0.689 -1.582 -0.7949 0.6068 -0.0000
-0.106 0.603 -1.732 -0.7949 0.6068 -0.0000
-0.106 0.603 -1.918 -0.7949 0.6068 -0.0000
-0.040 0.689 -2.068 -0.7949 0.6068 -0.0000
0.067 0.829 -2.125 -0.7949 0.6068 -0.0000
0.174 0.970 -2.068 -0.7949 0.6068 -0.0000
0.240 1.056 -1.918 -0.7949 0.6068 -0.0000
0.240 1.056 -1.732 -0.7949 0.6068 -0.0000
0.174 0.970 -1.582 -0.7949 0.6068 -0.0000
0.782 0.283 -1.825 0.7949 -0.6068 0.0000
0.782 0.283 -1.525 0.7949 -0.6068 0.0000
0.675 0.143 -1.582 0.7949 -0.6068 0.0000
0.609 0.057 -1.732 0.7949 -0.6068 0.0000
0.609 0.057 -1.918 0.7949 -0.6068 0.0000
0.675 0.143 -2.068 0.7949 -0.6068 0.0000
0.782 0.283 -2.125 0.7949 -0.6068 0.0000
0.889 0.424 -2.068 0.7949 -0.6068 0.0000
0.956 0.510 -1.918 0.7949 -0.6068 0.0000
0.956 0.510 -1.732 0.7949 -0.6068 0.0000
0.889 0.424 -1.582 0.7949 -0.6068 0.0000
0 1 2
0 2 3
4 6 5
4 7 6
8 10 9
8 11 10
12 13 14
12 14 15
16 17 18
16 18 19
20 22 21
20 23 22
24 25 35
24 35 34
25 26 36
25 36 35
26 27 37
26 37 36
27 28 38
27 38 37
28 29 39
28 39 38
29 30 40
29 40 39
30 31 41
30 41 40
31 32 42
31 42 41
32 33 43
32 43 42
33 24 34
33 34 43
44 46 45
44 47 46
44 48 47
44 49 48
44 50 49
44 51 50
44 52 51
44 53 52
44 54 53
44 45 54
55 56 57
55 57 58
55 58 59
55 59 60
55 60 61
55 61 62
55 62 63
55 63 64
55 64 65
55 65 56
LABEL sfoot3_slat_5_0
MATERIAL 7
TEXTURE 0
GEOM 104 76 ;sfoot3_slat_5_0
0.411 0.966 -1.787 0.0201 0.0264 0.9995
0.462 0.943 -1.787 0.0201 0.0264 0.9995
0.512 0.917 -1.787 0.0201 0.0264 0.9995
0.560 0.888 -1.787 0.0201 0.0264 0.9995
4.404 10.352 -2.125 0.0201 0.0264 0.9995
4.951 10.102 -2.125 0.0201 0.0264 0.9995
5.484 9.823 -2.125 0.0201 0.0264 0.9995
6.002 9.515 -2.125 0.0201 0.0264 0.9995
0.411 0.966 -1.787 -0.0201 -0.0264 -0.9995
0.462 0.943 -1.787 -0.0201 -0.0264 -0.9995
0.512 0.917 -1.787 -0.0201 -0.0264 -0.9995
0.560 0.888 -1.787 -0.0201 -0.0264 -0.9995
4.404 10.352 -2.125 -0.0201 -0.0264 -0.9995
4.951 10.102 -2.125 -0.0201 -0.0264 -0.9995
5.484 9.823 -2.125 -0.0201 -0.0264 -0.9995
6.002 9.515 -2.125 -0.0201 -0.0264 -0.9995
0.411 0.966 -2.037 -0.0201 -0.0264 -0.9995
0.462 0.943 -2.037 -0.0201 -0.0264 -0.9995
0.512 0.917 -2.037 -0.0201 -0.0264 -0.9995
0.560 0.888 -2.037 -0.0201 -0.0264 -0.9995
4.404 10.352 -2.375 -0.0201 -0.0264 -0.9995
4.951 10.102 -2.375 -0.0201 -0.0264 -0.9995
5.484 9.823 -2.375 -0.0201 -0.0264 -0.9995
6.002 9.515 -2.375 -0.0201 -0.0264 -0.9995
0.411 0.966 -2.037 0.0201 0.0264 0.9995
0.462 0.943 -2.037 0.0201 0.0264 0.9995
0.512 0.917 -2.037 0.0201 0.0264 0.9995
0.560 0.888 -2.037 0.0201 0.0264 0.9995
4.404 10.352 -2.375 0.0201 0.0264 0.9995
4.951 10.102 -2.375 0.0201 0.0264 0.9995
5.484 9.823 -2.375 0.0201 0.0264 0.9995
6.002 9.515 -2.375 0.0201 0.0264 0.9995
4.404 10.352 -2.375 0.4640 0.8858 0.0000
4.951 10.102 -2.375 0.4640 0.8858 0.0000
5.484 9.823 -2.375 0.4640 0.8858 0.0000
6.002 9.515 -2.375 0.4640 0.8858 0.0000
4.404 10.352 -2.125 0.4640 0.8858 0.0000
4.951 10.102 -2.125 0.4640 0.8858 0.0000
5.484 9.823 -2.125 0.4640 0.8858 0.0000
6.002 9.515 -2.125 0.4640 0.8858 0.0000
4.404 10.352 -2.375 -0.4640 -0.8858 -0.0000
4.951 10.102 -2.375 -0.4640 -0.8858 -0.0000
5.484 9.823 -2.375 -0.4640 -0.8858 -0.0000
6.002 9.515 -2.375 -0.4640 -0.8858 -0.0000
4.404 10.352 -2.125 -0.4640 -0.8858 -0.0000
4.951 10.102 -2.125 -0.4640 -0.8858 -0.0000
5.484 9.823 -2.125 -0.4640 -0.8858 -0.0000
6.002 9.515 -2.125 -0.4640 -0.8858 -0.0000
0.411 0.966 -2.037 -0.4640 -0.8858 -0.0000
0.462 0.943 -2.037 -0.4640 -0.8858 -0.0000
0.512 0.917 -2.037 -0.4640 -0.8858 -0.0000
0.560 0.888 -2.037 -0.4640 -0.8858 -0.0000
0.411 0.966 -1.787 -0.4640 -0.8858 -0.0000
0.462 0.943 -1.787 -0.4640 -0.8858 -0.0000
0.512 0.917 -1.787 -0.4640 -0.8858 -0.0000
0.560 0.888 -1.787 -0.4640 -0.8858 -0.0000
0.411 0.966 -2.037 0.4640 0.8858 0.0000
0.462 0.943 -2.037 0.4640 0.8858 0.0000
0.512 0.917 -2.037 0.4640 0.8858 0.0000
0.560 0.888 -2.037 0.4640 0.8858 0.0000
0.411 0.966 -1.787 0.4640 0.8858 0.0000
0.462 0.943 -1.787 0.4640 0.8858 0.0000
0.512 0.917 -1.787 0.4640 0.8858 0.0000
0.560 0.888 -1.787 0.4640 0.8858 0.0000
4.404 10.352 -2.125 0.4640 0.8858 0.0000
4.951 10.102 -2.125 0.4640 0.8858 0.0000
5.484 9.823 -2.125 0.4640 0.8858 0.0000
6.002 9.515 -2.125 0.4640 0.8858 0.0000
4.404 10.352 -1.425 0.4640 0.8858 0.0000
4.951 10.102 -1.425 0.4640 0.8858 0.0000
5.484 9.823 -1.425 0.4640 0.8858 0.0000
6.002 9.515 -1.425 0.4640 0.8858 0.0000
4.404 10.352 -2.125 -0.4640 -0.8858 -0.0000
4.951 10.102 -2.125 -0.4640 -0.8858 -0.0000
5.484 9.823 -2.125 -0.4640 -0.8858 -0.0000
6.002 9.515 -2.125 -0.4640 -0.8858 -0.0000
4.404 10.352 -1.425 -0.4640 -0.8858 -0.0000
4.951 10.102 -1.425 -0.4640 -0.8858 -0.0000
5.484 9.823 -1.425 -0.4640 -0.8858 -0.0000
6.002 9.515 -1.425 -0.4640 -0.8858 -0.0000
4.404 10.352 -1.425 -0.0000 -0.0000 1.0000
4.951 10.102 -1.425 -0.0000 -0.0000 1.0000
5.484 9.823 -1.425 -0.0000 -0.0000 1.0000
6.002 9.515 -1.425 -0.0000 -0.0000 1.0000
4.267 10.030 -1.413 -0.0000 -0.0000 1.0000
4.797 9.788 -1.413 -0.0000 -0.0000 1.0000
5.314 9.517 -1.413 -0.0000 -0.0000 1.0000
5.815 9.219 -1.413 -0.0000 -0.0000 1.0000
4.404 10.352 -1.425 0.0000 0.0000 -1.0000
4.951 10.102 -1.425 0.0000 0.0000 -1.0000
5.484 9.823 -1.425 0.0000 0.0000 -1.0000
6.002 9.515 -1.425 0.0000 0.0000 -1.0000
4.267 10.030 -1.413 0.0000 0.0000 -1.0000
4.797 9.788 -1.413 0.0000 0.0000 -1.0000
5.314 9.517 -1.413 0.0000 0.0000 -1.0000
5.815 9.219 -1.413 0.0000 0.0000 -1.0000
0.411 0.966 -2.037 0.9202 -0.3915 0.0000
4.404 10.352 -2.375 0.9202 -0.3915 0.0000
0.411 0.966 -1.787 0.9202 -0.3915 0.0000
4.404 10.352 -2.125 0.9202 -0.3915 0.0000
0.411 0.966 -2.037 -0.9202 0.3915 -0.0000
4.404 10.352 -2.375 -0.9202 0.3915 -0.0000
0.411 0.966 -1.787 -0.9202 0.3915 -0.0000
4.404 10.352 -2.125 -0.9202 0.3915 -0.0000
0 1 5
0 5 4
8 13 9
8 12 13
1 2 6
1 6 5
9 14 10
9 13 14
2 3 7
2 7 6
10 15 11
10 14 15
16 21 17
16 20 21
24 25 29
24 29 28
17 22 18
17 21 22
25 26 30
25 30 29
18 23 19
18 22 23
26 27 31
26 31 30
32 37 33
32 36 37
40 41 45
40 45 44
33 38 34
33 37 38
41 42 46
41 46 45
34 39 35
34 38 39
42 43 47
42 47 46
48 49 53
48 53 52
56 61 57
56 60 61
49 50 54
49 54 53
57 62 58
57 61 62
50 51 55
50 55 54
58 63 59
58 62 63
64 69 65
64 68 69
72 73 77
72 77 76
65 70 66
65 69 70
73 74 78
73 78 77
66 71 67
66 70 71
74 75 79
74 79 78
80 85 81
80 84 85
88 89 93
88 93 92
81 86 82
81 85 86
89 90 94
89 94 93
82 87 83
82 86 87
90 91 95
90 95 94
96 97 99
96 99 98
100 103 101
100 102 103
LABEL sfoot3_slat_5_1
MATERIAL 7
TEXTURE 0
GEOM 96 72 ;sfoot3_slat_5_1
0.564 0.886 -1.787 0.0201 0.0264 0.9995
0.613 0.852 -1.787 0.0201 0.0264 0.9995
0.661 0.816 -1.787 0.0201 0.0264 0.9995
0.706 0.777 -1.787 0.0201 0.0264 0.9995
6.040 9.491 -2.125 0.0201 0.0264 0.9995
6.569 9.133 -2.125 0.0201 0.0264 0.9995
7.078 8.745 -2.125 0.0201 0.0264 0.9995
7.563 8.328 -2.125 0.0201 0.0264 0.9995
0.564 0.886 -1.787 -0.0201 -0.0264 -0.9995
0.613 0.852 -1.787 -0.0201 -0.0264 -0.9995
0.661 0.816 -1.787 -0.0201 -0.0264 -0.9995
0.706 0.777 -1.787 -0.0201 -0.0264 -0.9995
6.040 9.491 -2.125 -0.0201 -0.0264 -0.9995
6.569 9.133 -2.125 -0.0201 -0.0264 -0.9995
7.078 8.745 -2.125 -0.0201 -0.0264 -0.9995
7.563 8.328 -2.125 -0.0201 -0.0264 -0.9995
0.564 0.886 -2.037 -0.0201 -0.0264 -0.9995
0.613 0.852 -2.037 -0.0201 -0.0264 -0.9995
0.661 0.816 -2.037 -0.0201 -0.0264 -0.9995
0.706 0.777 -2.037 -0.0201 -0.0264 -0.9995
6.040 9.491 -2.375 -0.0201 -0.0264 -0.9995
6.569 9.133 -2.375 -0.0201 -0.0264 -0.9995
7.078 8.745 -2.375 -0.0201 -0.0264 -0.9995
7.563 8.328 -2.375 -0.0201 -0.0264 -0.9995
0.564 0.886 -2.037 0.0201 0.0264 0.9995
0.613 0.852 -2.037 0.0201 0.0264 0.9995
0.661 0.816 -2.037 0.0201 0.0264 0.9995
0.706 0.777 -2.037 0.0201 0.0264 0.9995
6.040 9.491 -2.375 0.0201 0.0264 0.9995
6.569 9.133 -2.375 0.0201 0.0264 0.9995
7.078 8.745 -2.375 0.0201 0.0264 0.9995
7.563 8.328 -2.375 0.0201 0.0264 0.9995
6.040 9.491 -2.375 0.6068 0.7949 0.0000
6.569 9.133 -2.375 0.6068 0.7949 0.0000
7.078 8.745 -2.375 0.6068 0.7949 0.0000
7.563 8.328 -2.375 0.6068 0.7949 0.0000
6.040 9.491 -2.125 0.6068 0.7949 0.0000
6.569 9.133 -2.125 0.6068 0.7949 0.0000
7.078 8.745 -2.125 0.6068 0.7949 0.0000
7.563 8.328 -2.125 0.6068 0.7949 0.0000
6.040 9.491 -2.375 -0.6068 -0.7949 -0.0000
6.569 9.133 -2.375 -0.6068 -0.7949 -0.0000
7.078 8.745 -2.375 -0.6068 -0.7949 -0.0000
7.563 8.328 -2.375 -0.6068 -0.7949 -0.0000
6.040 9.491 -2.125 -0.6068 -0.7949 -0.0000
6.569 9.133 -2.125 -0.6068 -0.7949 -0.0000
7.078 8.745 -2.125 -0.6068 -0.7949 -0.0000
7.563 8.328 -2.125 -0.6068 -0.7949 -0.0000
0.564 0.886 -2.037 -0.6068 -0.7949 -0.0000
0.613 0.852 -2.037 -0.6068 -0.7949 -0.0000
0.661 0.816 -2.037 -0.6068 -0.7949 -0.0000
0.706 0.777 -2.037 -0.6068 -0.7949 -0.0000
0.564 0.886 -1.787 -0.6068 -0.7949 -0.0000
0.613 0.852 -1.787 -0.6068 -0.7949 -0.0000
0.661 0.816 -1.787 -0.6068 -0.7949 -0.0000
0.706 0.777 -1.787 -0.6068 -0.7949 -0.0000
0.564 0.886 -2.037 0.6068 0.7949 0.0000
0.613 0.852 -2.037 0.6068 0.7949 0.0000
0.661 0.816 -2.037 0.6068 0.7949 0.0000
0.706 0.777 -2.037 0.6068 0.7949 0.0000
0.564 0.886 -1.787 0.6068 0.7949 0.0000
0.613 0.852 -1.787 0.6068 0.7949 0.0000
0.661 0.816 -1.787 0.6068 0.7949 0.0000
0.706 0.777 -1.787 0.6068 0.7949 0.0000
6.040 9.491 -2.125 0.6068 0.7949 0.0000
6.569 9.133 -2.125 0.6068 0.7949 0.0000
7.078 8.745 -2.125 0.6068 0.7949 0.0000
7.563 8.328 -2.125 0.6068 0.7949 0.0000
6.040 9.491 -1.425 0.6068 0.7949 0.0000
6.569 9.133 -1.425 0.6068 0.7949 0.0000
7.078 8.745 -1.425 0.6068 0.7949 0.0000
7.563 8.328 -1.425 0.6068 0.7949 0.0000
6.040 9.491 -2.125 -0.6068 -0.7949 -0.0000
6.569 9.133 -2.125 -0.6068 -0.7949 -0.0000
7.078 8.745 -2.125 -0.6068 -0.7949 -0.0000
7.563 8.328 -2.125 -0.6068 -0.7949 -0.0000
6.040 9.491 -1.425 -0.6068 -0.7949 -0.0000
6.569 9.133 -1.425 -0.6068 -0.7949 -0.0000
7.078 8.745 -1.425 -0.6068 -0.7949 -0.0000
7.563 8.328 -1.425 -0.6068 -0.7949 -0.0000
6.040 9.491 -1.425 -0.0000 -0.0000 1.0000
6.569 9.133 -1.425 -0.0000 -0.0000 1.0000
7.078 8.745 -1.425 -0.0000 -0.0000 1.0000
7.563 8.328 -1.425 -0.0000 -0.0000 1.0000
5.852 9.196 -1.413 -0.0000 -0.0000 1.0000
6.365 8.849 -1.413 -0.0000 -0.0000 1.0000
6.857 8.473 -1.413 -0.0000 -0.0000 1.0000
7.328 8.069 -1.413 -0.0000 -0.0000 1.0000
6.040 9.491 -1.425 0.0000 0.0000 -1.0000
6.569 9.133 -1.425 0.0000 0.0000 -1.0000
7.078 8.745 -1.425 0.0000 0.0000 -1.0000
7.563 8.328 -1.425 0.0000 0.0000 -1.0000
5.852 9.196 -1.413 0.0000 0.0000 -1.0000
6.365 8.849 -1.413 0.0000 0.0000 -1.0000
6.857 8.473 -1.413 0.0000 0.0000 -1.0000
7.328 8.069 -1.413 0.0000 0.0000 -1.0000
0 1 5
0 5 4
8 13 9
8 12 13
1 2 6
1 6 5
9 14 10
9 13 14
2 3 7
2 7 6
10 15 11
10 14 15
16 21 17
16 20 21
24 25 29
24 29 28
17 22 18
17 21 22
25 26 30
25 30 29
18 23 19
18 22 23
26 27 31
26 31 30
32 37 33
32 36 37
40 41 45
40 45 44
33 38 34
33 37 38
41 42 46
41 46 45
34 39 35
34 38 39
42 43 47
42 47 46
48 49 53
48 53 52
56 61 57
56 60 61
49 50 54
49 54 53
57 62 58
57 61 62
50 51 55
50 55 54
58 63 59
58 62 63
64 69 65
64 68 69
72 73 77
72 77 76
65 70 66
65 69 70
73 74 78
73 78 77
66 71 67
66 70 71
74 75 79
74 79 78
80 85 81
80 84 85
88 89 93
88 93 92
81 86 82
81 85 86
89 90 94
89 94 93
82 87 83
82 86 87
90 91 95
90 95 94
LABEL sfoot3_slat_5_2
MATERIAL 7
TEXTURE 0
GEOM 104 76 ;sfoot3_slat_5_2
0.709 0.774 -1.787 0.0201 0.0264 0.9995
0.749 0.735 -1.787 0.0201 0.0264 0.9995
0.788 0.694 -1.787 0.0201 0.0264 0.9995
0.824 0.651 -1.787 0.0201 0.0264 0.9995
7.596 8.298 -2.125 0.0201 0.0264 0.9995
8.029 7.880 -2.125 0.0201 0.0264 0.9995
8.439 7.439 -2.125 0.0201 0.0264 0.9995
8.825 6.977 -2.125 0.0201 0.0264 0.9995
0.709 0.774 -1.787 -0.0201 -0.0264 -0.9995
0.749 0.735 -1.787 -0.0201 -0.0264 -0.9995
0.788 0.694 -1.787 -0.0201 -0.0264 -0.9995
0.824 0.651 -1.787 -0.0201 -0.0264 -0.9995
7.596 8.298 -2.125 -0.0201 -0.0264 -0.9995
8.029 7.880 -2.125 -0.0201 -0.0264 -0.9995
8.439 7.439 -2.125 -0.0201 -0.0264 -0.9995
8.825 6.977 -2.125 -0.0201 -0.0264 -0.9995
0.709 0.774 -2.037 -0.0201 -0.0264 -0.9995
0.749 0.735 -2.037 -0.0201 -0.0264 -0.9995
0.788 0.694 -2.037 -0.0201 -0.0264 -0.9995
0.824 0.651 -2.037 -0.0201 -0.0264 -0.9995
7.596 8.298 -2.375 -0.0201 -0.0264 -0.9995
8.029 7.880 -2.375 -0.0201 -0.0264 -0.9995
8.439 7.439 -2.375 -0.0201 -0.0264 -0.9995
8.825 6.977 -2.375 -0.0201 -0.0264 -0.9995
0.709 0.774 -2.037 0.0201 0.0264 0.9995
0.749 0.735 -2.037 0.0201 0.0264 0.9995
0.788 0.694 -2.037 0.0201 0.0264 0.9995
0.824 0.651 -2.037 0.0201 0.0264 0.9995
7.596 8.298 -2.375 0.0201 0.0264 0.9995
8.029 7.880 -2.375 0.0201 0.0264 0.9995
8.439 7.439 -2.375 0.0201 0.0264 0.9995
8.825 6.977 -2.375 0.0201 0.0264 0.9995
7.596 8.298 -2.375 0.7322 0.6811 0.0000
8.029 7.880 -2.375 0.7322 0.6811 0.0000
8.439 7.439 -2.375 0.7322 0.6811 0.0000
8.825 6.977 -2.375 0.7322 0.6811 0.0000
7.596 8.298 -2.125 0.7322 0.6811 0.0000
8.029 7.880 -2.125 0.7322 0.6811 0.0000
8.439 7.439 -2.125 0.7322 0.6811 0.0000
8.825 6.977 -2.125 0.7322 0.6811 0.0000
7.596 8.298 -2.375 -0.7322 -0.6811 -0.0000
8.029 7.880 -2.375 -0.7322 -0.6811 -0.0000
8.439 7.439 -2.375 -0.7322 -0.6811 -0.0000
8.825 6.977 -2.375 -0.7322 -0.6811 -0.0000
7.596 8.298 -2.125 -0.7322 -0.6811 -0.0000
8.029 7.880 -2.125 -0.7322 -0.6811 -0.0000
8.439 7.439 -2.125 -0.7322 -0.6811 -0.0000
8.825 6.977 -2.125 -0.7322 -0.6811 -0.0000
0.709 0.774 -2.037 -0.7322 -0.6811 -0.0000
0.749 0.735 -2.037 -0.7322 -0.6811 -0.0000
0.788 0.694 -2.037 -0.7322 -0.6811 -0.0000
0.824 0.651 -2.037 -0.7322 -0.6811 -0.0000
0.709 0.774 -1.787 -0.7322 -0.6811 -0.0000
0.749 0.735 -1.787 -0.7322 -0.6811 -0.0000
0.788 0.694 -1.787 -0.7322 -0.6811 -0.0000
0.824 0.651 -1.787 -0.7322 -0.6811 -0.0000
0.709 0.774 -2.037 0.7322 0.6811 0.0000
0.749 0.735 -2.037 0.7322 0.6811 0.0000
0.788 0.694 -2.037 0.7322 0.6811 0.0000
0.824 0.651 -2.037 0.7322 0.6811 0.0000
0.709 0.774 -1.787 0.7322 0.6811 0.0000
0.749 0.735 -1.787 0.7322 0.6811 0.0000
0.788 0.694 -1.787 0.7322 0.6811 0.0000
0.824 0.651 -1.787 0.7322 0.6811 0.0000
7.596 8.298 -2.125 0.7322 0.6811 0.0000
8.029 7.880 -2.125 0.7322 0.6811 0.0000
8.439 7.439 -2.125 0.7322 0.6811 0.0000
8.825 6.977 -2.125 0.7322 0.6811 0.0000
7.596 8.298 -1.425 0.7322 0.6811 0.0000
8.029 7.880 -1.425 0.7322 0.6811 0.0000
8.439 7.439 -1.425 0.7322 0.6811 0.0000
8.825 6.977 -1.425 0.7322 0.6811 0.0000
7.596 8.298 -2.125 -0.7322 -0.6811 -0.0000
8.029 7.880 -2.125 -0.7322 -0.6811 -0.0000
8.439 7.439 -2.125 -0.7322 -0.6811 -0.0000
8.825 6.977 -2.125 -0.7322 -0.6811 -0.0000
7.596 8.298 -1.425 -0.7322 -0.6811 -0.0000
8.029 7.880 -1.425 -0.7322 -0.6811 -0.0000
8.439 7.439 -1.425 -0.7322 -0.6811 -0.0000
8.825 6.977 -1.425 -0.7322 -0.6811 -0.0000
7.596 8.298 -1.425 -0.0000 -0.0000 1.0000
8.029 7.880 -1.425 -0.0000 -0.0000 1.0000
8.439 7.439 -1.425 -0.0000 -0.0000 1.0000
8.825 6.977 -1.425 -0.0000 -0.0000 1.0000
7.360 8.040 -1.413 -0.0000 -0.0000 1.0000
7.779 7.635 -1.413 -0.0000 -0.0000 1.0000
8.177 7.208 -1.413 -0.0000 -0.0000 1.0000
8.550 6.760 -1.413 -0.0000 -0.0000 1.0000
7.596 8.298 -1.425 0.0000 0.0000 -1.0000
8.029 7.880 -1.425 0.0000 0.0000 -1.0000
8.439 7.439 -1.425 0.0000 0.0000 -1.0000
8.825 6.977 -1.425 0.0000 0.0000 -1.0000
7.360 8.040 -1.413 0.0000 0.0000 -1.0000
7.779 7.635 -1.413 0.0000 0.0000 -1.0000
8.177 7.208 -1.413 0.0000 0.0000 -1.0000
8.550 6.760 -1.413 0.0000 0.0000 -1.0000
0.824 0.651 -2.037 0.6202 -0.7844 -0.0000
8.825 6.977 -2.375 0.6202 -0.7844 -0.0000
0.824 0.651 -1.787 0.6202 -0.7844 -0.0000
8.825 6.977 -2.125 0.6202 -0.7844 -0.0000
0.824 0.651 -2.037 -0.6202 0.7844 0.0000
8.825 6.977 -2.375 -0.6202 0.7844 0.0000
0.824 0.651 -1.787 -0.6202 0.7844 0.0000
8.825 6.977 -2.125 -0.6202 0.7844 0.0000
0 1 5
0 5 4
8 13 9
8 12 13
1 2 6
1 6 5
9 14 10
9 13 14
2 3 7
2 7 6
10 15 11
10 14 15
16 21 17
16 20 21
24 25 29
24 29 28
17 22 18
17 21 22
25 26 30
25 30 29
18 23 19
18 22 23
26 27 31
26 31 30
32 37 33
32 36 37
40 41 45
40 45 44
33 38 34
33 37 38
41 42 46
41 46 45
34 39 35
34 38 39
42 43 47
42 47 46
48 49 53
48 53 52
56 61 57
56 60 61
49 50 54
49 54 53
57 62 58
57 61 62
50 51 55
50 55 54
58 63 59
58 62 63
64 69 65
64 68 69
72 73 77
72 77 76
65 70 66
65 69 70
73 74 78
73 78 77
66 71 67
66 70 71
74 75 79
74 79 78
80 85 81
80 84 85
88 89 93
88 93 92
81 86 82
81 85 86
89 90 94
89 94 93
82 87 83
82 86 87
90 91 95
90 95 94
96 97 99
96 99 98
100 103 101
100 102 103
LABEL sfoot3_strut_5
MATERIAL 9
TEXTURE 0
GEOM 50 48 ;sfoot3_strut_5
1.053 0.914 2.477 0.7100 -0.0000 0.7042
1.125 0.730 2.310 0.8536 -0.3675 0.3692
1.082 0.596 2.093 0.7685 -0.6365 -0.0648
0.937 0.547 1.884 0.4775 -0.7350 -0.4814
0.727 0.596 1.740 0.0585 -0.6365 -0.7690
0.510 0.730 1.700 -0.3761 -0.3675 -0.8506
0.343 0.914 1.773 -0.7100 -0.0000 -0.7042
0.271 1.098 1.940 -0.8536 0.3675 -0.3692
0.314 1.232 2.157 -0.7685 0.6365 0.0648
0.459 1.282 2.366 -0.4775 0.7350 0.4814
0.669 1.232 2.510 -0.0585 0.6365 0.7690
0.886 1.098 2.550 0.3761 0.3675 0.8506
3.181 3.702 0.331 0.7100 -0.0000 0.7042
3.253 3.518 0.164 0.8536 -0.3675 0.3692
3.210 3.384 -0.053 0.7685 -0.6365 -0.0648
3.065 3.335 -0.262 0.4775 -0.7350 -0.4814
2.855 3.384 -0.405 0.0585 -0.6365 -0.7690
2.638 3.518 -0.446 -0.3761 -0.3675 -0.8506
2.471 3.702 -0.373 -0.7100 -0.0000 -0.7042
2.399 3.886 -0.205 -0.8536 0.3675 -0.3692
2.442 4.020 0.012 -0.7685 0.6365 0.0648
2.587 4.070 0.220 -0.4775 0.7350 0.4814
2.797 4.020 0.364 -0.0585 0.6365 0.7690
3.014 3.886 0.404 0.3761 0.3675 0.8506
0.698 0.914 2.125 -0.5176 -0.6780 0.5219
1.053 0.914 2.477 -0.5176 -0.6780 0.5219
1.125 0.730 2.310 -0.5176 -0.6780 0.5219
1.082 0.596 2.093 -0.5176 -0.6780 0.5219
0.937 0.547 1.884 -0.5176 -0.6780 0.5219
0.727 0.596 1.740 -0.5176 -0.6780 0.5219
0.510 0.730 1.700 -0.5176 -0.6780 0.5219
0.343 0.914 1.773 -0.5176 -0.6780 0.5219
0.271 1.098 1.940 -0.5176 -0.6780 0.5219
0.314 1.232 2.157 -0.5176 -0.6780 0.5219
0.459 1.282 2.366 -0.5176 -0.6780 0.5219
0.669 1.232 2.510 -0.5176 -0.6780 0.5219
0.886 1.098 2.550 -0.5176 -0.6780 0.5219
2.826 3.702 -0.021 0.5176 0.6780 -0.5219
3.181 3.702 0.331 0.5176 0.6780 -0.5219
3.253 3.518 0.164 0.5176 0.6780 -0.5219
3.210 3.384 -0.053 0.5176 0.6780 -0.5219
3.065 3.335 -0.262 0.5176 0.6780 -0.5219
2.855 3.384 -0.405 0.5176 0.6780 -0.5219
2.638 3.518 -0.446 0.5176 0.6780 -0.5219
2.471 3.702 -0.373 0.5176 0.6780 -0.5219
2.399 3.886 -0.205 0.5176 0.6780 -0.5219
2.442 4.020 0.012 0.5176 0.6780 -0.5219
2.587 4.070 0.220 0.5176 0.6780 -0.5219
2.797 4.020 0.364 0.5176 0.6780 -0.5219
3.014 3.886 0.404 0.5176 0.6780 -0.5219
0 1 13
0 13 12
1 2 14
1 14 13
2 3 15
2 15 14
3 4 16
3 16 15
4 5 17
4 17 16
5 6 18
5 18 17
6 7 19
6 19 18
7 8 20
7 20 19
8 9 21
8 21 20
9 10 22
9 22 21
10 11 23
10 23 22
11 0 12
11 12 23
24 26 25
24 27 26
24 28 27
24 29 28
24 30 29
24 31 30
24 32 31
24 33 32
24 34 33
24 35 34
24 36 35
24 25 36
37 38 39
37 39 40
37 40 41
37 41 42
37 42 43
37 43 44
37 44 45
37 45 46
37 46 47
37 47 48
37 48 49
37 49 38
LABEL sfoot3_rod_5
MATERIAL 7
TEXTURE 0
GEOM 42 40 ;sfoot3_rod_5
2.693 3.295 0.468 0.7100 -0.0000 0.7042
2.729 3.187 0.364 0.8551 -0.4320 0.2867
2.684 3.121 0.232 0.6735 -0.6990 -0.2402
2.574 3.121 0.123 0.2347 -0.6990 -0.6755
2.442 3.187 0.079 -0.2937 -0.4320 -0.8527
2.338 3.295 0.116 -0.7100 -0.0000 -0.7042
2.302 3.403 0.221 -0.8551 0.4320 -0.2867
2.347 3.470 0.352 -0.6735 0.6990 0.2402
2.457 3.470 0.461 -0.2347 0.6990 0.6755
2.589 3.403 0.505 0.2937 0.4320 0.8527
4.745 5.983 -1.600 0.7100 -0.0000 0.7042
4.781 5.875 -1.705 0.8551 -0.4320 0.2867
4.736 5.808 -1.837 0.6735 -0.6990 -0.2402
4.626 5.808 -1.945 0.2347 -0.6990 -0.6755
4.494 5.875 -1.990 -0.2937 -0.4320 -0.8527
4.390 5.983 -1.953 -0.7100 -0.0000 -0.7042
4.354 6.091 -1.848 -0.8551 0.4320 -0.2867
4.399 6.158 -1.716 -0.6735 0.6990 0.2402
4.509 6.158 -1.608 -0.2347 0.6990 0.6755
4.641 6.091 -1.563 0.2937 0.4320 0.8527
2.516 3.295 0.292 -0.5176 -0.6780 0.5219
2.693 3.295 0.468 -0.5176 -0.6780 0.5219
2.729 3.187 0.364 -0.5176 -0.6780 0.5219
2.684 3.121 0.232 -0.5176 -0.6780 0.5219
2.574 3.121 0.123 -0.5176 -0.6780 0.5219
2.442 3.187 0.079 -0.5176 -0.6780 0.5219
2.338 3.295 0.116 -0.5176 -0.6780 0.5219
2.302 3.403 0.221 -0.5176 -0.6780 0.5219
2.347 3.470 0.352 -0.5176 -0.6780 0.5219
2.457 3.470 0.461 -0.5176 -0.6780 0.5219
2.589 3.403 0.505 -0.5176 -0.6780 0.5219
4.567 5.983 -1.776 0.5176 0.6780 -0.5219
4.745 5.983 -1.600 0.5176 0.6780 -0.5219
4.781 5.875 -1.705 0.5176 0.6780 -0.5219
4.736 5.808 -1.837 0.5176 0.6780 -0.5219
4.626 5.808 -1.945 0.5176 0.6780 -0.5219
4.494 5.875 -1.990 0.5176 0.6780 -0.5219
4.390 5.983 -1.953 0.5176 0.6780 -0.5219
4.354 6.091 -1.848 0.5176 0.6780 -0.5219
4.399 6.158 -1.716 0.5176 0.6780 -0.5219
4.509 6.158 -1.608 0.5176 0.6780 -0.5219
4.641 6.091 -1.563 0.5176 0.6780 -0.5219
0 1 11
0 11 10
1 2 12
1 12 11
2 3 13
2 13 12
3 4 14
3 14 13
4 5 15
4 15 14
5 6 16
5 16 15
6 7 17
6 17 16
7 8 18
7 18 17
8 9 19
8 19 18
9 0 10
9 10 19
20 22 21
20 23 22
20 24 23
20 25 24
20 26 25
20 27 26
20 28 27
20 29 28
20 30 29
20 21 30
31 32 33
31 33 34
31 34 35
31 35 36
31 36 37
31 37 38
31 38 39
31 39 40
31 40 41
31 41 32
LABEL sfoot3_skirt_5_0
MATERIAL 7
TEXTURE 0
GEOM 16 12 ;sfoot3_skirt_5_0
4.404 10.352 -3.275 0.4640 0.8858 0.0000
4.951 10.102 -3.275 0.4640 0.8858 0.0000
5.484 9.823 -3.275 0.4640 0.8858 0.0000
6.002 9.515 -3.275 0.4640 0.8858 0.0000
4.404 10.352 -2.375 0.4640 0.8858 0.0000
4.951 10.102 -2.375 0.4640 0.8858 0.0000
5.484 9.823 -2.375 0.4640 0.8858 0.0000
6.002 9.515 -2.375 0.4640 0.8858 0.0000
4.404 10.352 -3.275 -0.4640 -0.8858 -0.0000
4.951 10.102 -3.275 -0.4640 -0.8858 -0.0000
5.484 9.823 -3.275 -0.4640 -0.8858 -0.0000
6.002 9.515 -3.275 -0.4640 -0.8858 -0.0000
4.404 10.352 -2.375 -0.4640 -0.8858 -0.0000
4.951 10.102 -2.375 -0.4640 -0.8858 -0.0000
5.484 9.823 -2.375 -0.4640 -0.8858 -0.0000
6.002 9.515 -2.375 -0.4640 -0.8858 -0.0000
0 5 1
0 4 5
8 9 13
8 13 12
1 6 2
1 5 6
9 10 14
9 14 13
2 7 3
2 6 7
10 11 15
10 15 14
LABEL sfoot3_skirt_5_1
MATERIAL 7
TEXTURE 0
GEOM 16 12 ;sfoot3_skirt_5_1
6.040 9.491 -3.275 0.6068 0.7949 0.0000
6.569 9.133 -3.275 0.6068 0.7949 0.0000
7.078 8.745 -3.275 0.6068 0.7949 0.0000
7.563 8.328 -3.275 0.6068 0.7949 0.0000
6.040 9.491 -2.375 0.6068 0.7949 0.0000
6.569 9.133 -2.375 0.6068 0.7949 0.0000
7.078 8.745 -2.375 0.6068 0.7949 0.0000
7.563 8.328 -2.375 0.6068 0.7949 0.0000
6.040 9.491 -3.275 -0.6068 -0.7949 -0.0000
6.569 9.133 -3.275 -0.6068 -0.7949 -0.0000
7.078 8.745 -3.275 -0.6068 -0.7949 -0.0000
7.563 8.328 -3.275 -0.6068 -0.7949 -0.0000
6.040 9.491 -2.375 -0.6068 -0.7949 -0.0000
6.569 9.133 -2.375 -0.6068 -0.7949 -0.0000
7.078 8.745 -2.375 -0.6068 -0.7949 -0.0000
7.563 8.328 -2.375 -0.6068 -0.7949 -0.0000
0 5 1
0 4 5
8 9 13
8 13 12
1 6 2
1 5 6
9 10 14
9 14 13
2 7 3
2 6 7
10 11 15
10 15 14
LABEL sfoot3_skirt_5_2
MATERIAL 7
TEXTURE 0
GEOM 16 12 ;sfoot3_skirt_5_2
7.596 8.298 -3.275 0.7322 0.6811 0.0000
8.029 7.880 -3.275 0.7322 0.6811 0.0000
8.439 7.439 -3.275 0.7322 0.6811 0.0000
8.825 6.977 -3.275 0.7322 0.6811 0.0000
7.596 8.298 -2.375 0.7322 0.6811 0.0000
8.029 7.880 -2.375 0.7322 0.6811 0.0000
8.439 7.439 -2.375 0.7322 0.6811 0.0000
8.825 6.977 -2.375 0.7322 0.6811 0.0000
7.596 8.298 -3.275 -0.7322 -0.6811 -0.0000
8.029 7.880 -3.275 -0.7322 -0.6811 -0.0000
8.439 7.439 -3.275 -0.7322 -0.6811 -0.0000
8.825 6.977 -3.275 -0.7322 -0.6811 -0.0000
7.596 8.298 -2.375 -0.7322 -0.6811 -0.0000
8.029 7.880 -2.375 -0.7322 -0.6811 -0.0000
8.439 7.439 -2.375 -0.7322 -0.6811 -0.0000
8.825 6.977 -2.375 -0.7322 -0.6811 -0.0000
0 5 1
0 4 5
8 9 13
8 13 12
1 6 2
1 5 6
9 10 14
9 14 13
2 7 3
2 6 7
10 11 15
10 15 14
LABEL sfoot3_petal_6
MATERIAL 7
TEXTURE 0
GEOM 66 52 ;sfoot3_petal_6
0.704 0.673 -1.782 -0.9224 -0.3848 0.0332
0.973 0.027 -1.782 -0.9224 -0.3848 0.0332
0.987 0.032 -1.332 -0.9224 -0.3848 0.0332
0.717 0.678 -1.332 -0.9224 -0.3848 0.0332
9.887 4.503 -2.112 0.9224 0.3848 -0.0332
10.156 3.857 -2.112 0.9224 0.3848 -0.0332
10.170 3.863 -1.662 0.9224 0.3848 -0.0332
9.900 4.509 -1.662 0.9224 0.3848 -0.0332
0.704 0.673 -1.782 -0.3850 0.9229 0.0000
9.887 4.503 -2.112 -0.3850 0.9229 0.0000
9.900 4.509 -1.662 -0.3850 0.9229 0.0000
0.717 0.678 -1.332 -0.3850 0.9229 0.0000
0.973 0.027 -1.782 0.3850 -0.9229 -0.0000
10.156 3.857 -2.112 0.3850 -0.9229 -0.0000
10.170 3.863 -1.662 0.3850 -0.9229 -0.0000
0.987 0.032 -1.332 0.3850 -0.9229 -0.0000
0.704 0.673 -1.782 -0.0306 -0.0128 -0.9995
9.887 4.503 -2.112 -0.0306 -0.0128 -0.9995
10.156 3.857 -2.112 -0.0306 -0.0128 -0.9995
0.973 0.027 -1.782 -0.0306 -0.0128 -0.9995
0.717 0.678 -1.332 0.0306 0.0128 0.9995
9.900 4.509 -1.662 0.0306 0.0128 0.9995
10.170 3.863 -1.662 0.0306 0.0128 0.9995
0.987 0.032 -1.332 0.0306 0.0128 0.9995
0.473 0.685 -1.525 -0.0000 0.0000 1.0000
0.310 0.617 -1.582 -0.5425 -0.2263 0.8090
0.209 0.575 -1.732 -0.8778 -0.3661 0.3090
0.209 0.575 -1.918 -0.8778 -0.3661 -0.3090
0.310 0.617 -2.068 -0.5425 -0.2263 -0.8090
0.473 0.685 -2.125 -0.0000 -0.0000 -1.0000
0.636 0.753 -2.068 0.5425 0.2263 -0.8090
0.736 0.795 -1.918 0.8778 0.3661 -0.3090
0.736 0.795 -1.732 0.8778 0.3661 0.3090
0.636 0.753 -1.582 0.5425 0.2263 0.8090
0.819 -0.146 -1.525 -0.0000 0.0000 1.0000
0.657 -0.214 -1.582 -0.5425 -0.2263 0.8090
0.556 -0.256 -1.732 -0.8778 -0.3661 0.3090
0.556 -0.256 -1.918 -0.8778 -0.3661 -0.3090
0.657 -0.214 -2.068 -0.5425 -0.2263 -0.8090
0.819 -0.146 -2.125 -0.0000 -0.0000 -1.0000
0.982 -0.078 -2.068 0.5425 0.2263 -0.8090
1.083 -0.036 -1.918 0.8778 0.3661 -0.3090
1.083 -0.036 -1.732 0.8778 0.3661 0.3090
0.982 -0.078 -1.582 0.5425 0.2263 0.8090
0.473 0.685 -1.825 -0.3850 0.9229 -0.0000
0.473 0.685 -1.525 -0.3850 0.9229 -0.0000
0.310 0.617 -1.582 -0.3850 0.9229 -0.0000
0.209 0.575 -1.732 -0.3850 0.9229 -0.0000
0.209 0.575 -1.918 -0.3850 0.9229 -0.0000
0.310 0.617 -2.068 -0.3850 0.9229 -0.0000
0.473 0.685 -2.125 -0.3850 0.9229 -0.0000
0.636 0.753 -2.068 -0.3850 0.9229 -0.0000
0.736 0.795 -1.918 -0.3850 0.9229 -0.0000
0.736 0.795 -1.732 -0.3850 0.9229 -0.0000
0.636 0.753 -1.582 -0.3850 0.9229 -0.0000
0.819 -0.146 -1.825 0.3850 -0.9229 0.0000
0.819 -0.146 -1.525 0.3850 -0.9229 0.0000
0.657 -0.214 -1.582 0.3850 -0.9229 0.0000
0.556 -0.256 -1.732 0.3850 -0.9229 0.0000
0.556 -0.256 -1.918 0.3850 -0.9229 0.0000
0.657 -0.214 -2.068 0.3850 -0.9229 0.0000
0.819 -0.146 -2.125 0.3850 -0.9229 0.0000
0.982 -0.078 -2.068 0.3850 -0.9229 0.0000
1.083 -0.036 -1.918 0.3850 -0.9229 0.0000
1.083 -0.036 -1.732 0.3850 -0.9229 0.0000
0.982 -0.078 -1.582 0.3850 -0.9229 0.0000
0 1 2
0 2 3
4 6 5
4 7 6
8 10 9
8 11 10
12 13 14
12 14 15
16 17 18
16 18 19
20 22 21
20 23 22
24 25 35
24 35 34
25 26 36
25 36 35
26 27 37
26 37 36
27 28 38
27 38 37
28 29 39
28 39 38
29 30 40
29 40 39
30 31 41
30 41 40
31 32 42
31 42 41
32 33 43
32 43 42
33 24 34
33 34 43
44 46 45
44 47 46
44 48 47
44 49 48
44 50 49
44 51 50
44 52 51
44 53 52
44 54 53
44 45 54
55 56 57
55 57 58
55 58 59
55 59 60
55 60 61
55 61 62
55 62 63
55 63 64
55 64 65
55 65 56
LABEL sfoot3_slat_6_0
MATERIAL 7
TEXTURE 0
GEOM 104 76 ;sfoot3_slat_6_0
0.839 0.631 -1.787 0.0306 0.0128 0.9995
0.872 0.585 -1.787 0.0306 0.0128 0.9995
0.902 0.538 -1.787 0.0306 0.0128 0.9995
0.929 0.489 -1.787 0.0306 0.0128 0.9995
8.990 6.763 -2.125 0.0306 0.0128 0.9995
9.339 6.273 -2.125 0.0306 0.0128 0.9995
9.661 5.764 -2.125 0.0306 0.0128 0.9995
9.955 5.239 -2.125 0.0306 0.0128 0.9995
0.839 0.631 -1.787 -0.0306 -0.0128 -0.9995
0.872 0.585 -1.787 -0.0306 -0.0128 -0.9995
0.902 0.538 -1.787 -0.0306 -0.0128 -0.9995
0.929 0.489 -1.787 -0.0306 -0.0128 -0.9995
8.990 6.763 -2.125 -0.0306 -0.0128 -0.9995
9.339 6.273 -2.125 -0.0306 -0.0128 -0.9995
9.661 5.764 -2.125 -0.0306 -0.0128 -0.9995
9.955 5.239 -2.125 -0.0306 -0.0128 -0.9995
0.839 0.631 -2.037 -0.0306 -0.0128 -0.9995
0.872 0.585 -2.037 -0.0306 -0.0128 -0.9995
0.902 0.538 -2.037 -0.0306 -0.0128 -0.9995
0.929 0.489 -2.037 -0.0306 -0.0128 -0.9995
8.990 6.763 -2.375 -0.0306 -0.0128 -0.9995
9.339 6.273 -2.375 -0.0306 -0.0128 -0.9995
9.661 5.764 -2.375 -0.0306 -0.0128 -0.9995
9.955 5.239 -2.375 -0.0306 -0.0128 -0.9995
0.839 0.631 -2.037 0.0306 0.0128 0.9995
0.872 0.585 -2.037 0.0306 0.0128 0.9995
0.902 0.538 -2.037 0.0306 0.0128 0.9995
0.929 0.489 -2.037 0.0306 0.0128 0.9995
8.990 6.763 -2.375 0.0306 0.0128 0.9995
9.339 6.273 -2.375 0.0306 0.0128 0.9995
9.661 5.764 -2.375 0.0306 0.0128 0.9995
9.955 5.239 -2.375 0.0306 0.0128 0.9995
8.990 6.763 -2.375 0.8447 0.5352 0.0000
9.339 6.273 -2.375 0.8447 0.5352 0.0000
9.661 5.764 -2.375 0.8447 0.5352 0.0000
9.955 5.239 -2.375 0.8447 0.5352 0.0000
8.990 6.763 -2.125 0.8447 0.5352 0.0000
9.339 6.273 -2.125 0.8447 0.5352 0.0000
9.661 5.764 -2.125 0.8447 0.5352 0.0000
9.955 5.239 -2.125 0.8447 0.5352 0.0000
8.990 6.763 -2.375 -0.8447 -0.5352 -0.0000
9.339 6.273 -2.375 -0.8447 -0.5352 -0.0000
9.661 5.764 -2.375 -0.8447 -0.5352 -0.0000
9.955 5.239 -2.375 -0.8447 -0.5352 -0.0000
8.990 6.763 -2.125 -0.8447 -0.5352 -0.0000
9.339 6.273 -2.125 -0.8447 -0.5352 -0.0000
9.661 5.764 -2.125 -0.8447 -0.5352 -0.0000
9.955 5.239 -2.125 -0.8447 -0.5352 -0.0000
0.839 0.631 -2.037 -0.8447 -0.5352 -0.0000
0.872 0.585 -2.037 -0.8447 -0.5352 -0.0000
0.902 0.538 -2.037 -0.8447 -0.5352 -0.0000
0.929 0.489 -2.037 -0.8447 -0.5352 -0.0000
0.839 0.631 -1.787 -0.8447 -0.5352 -0.0000
0.872 0.585 -1.787 -0.8447 -0.5352 -0.0000
0.902 0.538 -1.787 -0.8447 -0.5352 -0.0000
0.929 0.489 -1.787 -0.8447 -0.5352 -0.0000
0.839 0.631 -2.037 0.8447 0.5352 0.0000
0.872 0.585 -2.037 0.8447 0.5352 0.0000
0.902 0.538 -2.037 0.8447 0.5352 0.0000
0.929 0.489 -2.037 0.8447 0.5352 0.0000
0.839 0.631 -1.787 0.8447 0.5352 0.0000
0.872 0.585 -1.787 0.8447 0.5352 0.0000
0.902 0.538 -1.787 0.8447 0.5352 0.0000
0.929 0.489 -1.787 0.8447 0.5352 0.0000
8.990 6.763 -2.125 0.8447 0.5352 0.0000
9.339 6.273 -2.125 0.8447 0.5352 0.0000
9.661 5.764 -2.125 0.8447 0.5352 0.0000
9.955 5.239 -2.125 0.8447 0.5352 0.0000
8.990 6.763 -1.425 0.8447 0.5352 0.0000
9.339 6.273 -1.425 0.8447 0.5352 0.0000
9.661 5.764 -1.425 0.8447 0.5352 0.0000
9.955 5.239 -1.425 0.8447 0.5352 0.0000
8.990 6.763 -2.125 -0.8447 -0.5352 -0.0000
9.339 6.273 -2.125 -0.8447 -0.5352 -0.0000
9.661 5.764 -2.125 -0.8447 -0.5352 -0.0000
9.955 5.239 -2.125 -0.8447 -0.5352 -0.0000
8.990 6.763 -1.425 -0.8447 -0.5352 -0.0000
9.339 6.273 -1.425 -0.8447 -0.5352 -0.0000
9.661 5.764 -1.425 -0.8447 -0.5352 -0.0000
9.955 5.239 -1.425 -0.8447 -0.5352 -0.0000
8.990 6.763 -1.425 -0.0000 -0.0000 1.0000
9.339 6.273 -1.425 -0.0000 -0.0000 1.0000
9.661 5.764 -1.425 -0.0000 -0.0000 1.0000
9.955 5.239 -1.425 -0.0000 -0.0000 1.0000
8.710 6.553 -1.413 -0.0000 -0.0000 1.0000
9.048 6.078 -1.413 -0.0000 -0.0000 1.0000
9.360 5.585 -1.413 -0.0000 -0.0000 1.0000
9.646 5.076 -1.413 -0.0000 -0.0000 1.0000
8.990 6.763 -1.425 0.0000 0.0000 -1.0000
9.339 6.273 -1.425 0.0000 0.0000 -1.0000
9.661 5.764 -1.425 0.0000 0.0000 -1.0000
9.955 5.239 -1.425 0.0000 0.0000 -1.0000
8.710 6.553 -1.413 0.0000 0.0000 -1.0000
9.048 6.078 -1.413 0.0000 0.0000 -1.0000
9.360 5.585 -1.413 0.0000 0.0000 -1.0000
9.646 5.076 -1.413 0.0000 0.0000 -1.0000
0.839 0.631 -2.037 0.6012 -0.7991 -0.0000
8.990 6.763 -2.375 0.6012 -0.7991 -0.0000
0.839 0.631 -1.787 0.6012 -0.7991 -0.0000
8.990 6.763 -2.125 0.6012 -0.7991 -0.0000
0.839 0.631 -2.037 -0.6012 0.7991 0.0000
8.990 6.763 -2.375 -0.6012 0.7991 0.0000
0.839 0.631 -1.787 -0.6012 0.7991 0.0000
8.990 6.763 -2.125 -0.6012 0.7991 0.0000
0 1 5
0 5 4
8 13 9
8 12 13
1 2 6
1 6 5
9 14 10
9 13 14
2 3 7
2 7 6
10 15 11
10 14 15
16 21 17
16 20 21
24 25 29
24 29 28
17 22 18
17 21 22
25 26 30
25 30 29
18 23 19
18 22 23
26 27 31
26 31 30
32 37 33
32 36 37
40 41 45
40 45 44
33 38 34
33 37 38
41 42 46
41 46 45
34 39 35
34 38 39
42 43 47
42 47 46
48 49 53
48 53 52
56 61 57
56 60 61
49 50 54
49 54 53
57 62 58
57 61 62
50 51 55
50 55 54
58 63 59
58 62 63
64 69 65
64 68 69
72 73 77
72 77 76
65 70 66
65 69 70
73 74 78
73 78 77
66 71 67
66 70 71
74 75 79
74 79 78
80 85 81
80 84 85
88 89 93
88 93 92
81 86 82
81 85 86
89 90 94
89 94 93
82 87 83
82 86 87
90 91 95
90 95 94
96 97 99
96 99 98
100 103 101
100 102 103
LABEL sfoot3_slat_6_1
MATERIAL 7
TEXTURE 0
GEOM 96 72 ;sfoot3_slat_6_1
0.931 0.485 -1.787 0.0306 0.0128 0.9995
0.957 0.432 -1.787 0.0306 0.0128 0.9995
0.980 0.377 -1.787 0.0306 0.0128 0.9995
1.000 0.320 -1.787 0.0306 0.0128 0.9995
9.976 5.200 -2.125 0.0306 0.0128 0.9995
10.256 4.624 -2.125 0.0306 0.0128 0.9995
10.502 4.034 -2.125 0.0306 0.0128 0.9995
10.714 3.431 -2.125 0.0306 0.0128 0.9995
0.931 0.485 -1.787 -0.0306 -0.0128 -0.9995
0.957 0.432 -1.787 -0.0306 -0.0128 -0.9995
0.980 0.377 -1.787 -0.0306 -0.0128 -0.9995
1.000 0.320 -1.787 -0.0306 -0.0128 -0.9995
9.976 5.200 -2.125 -0.0306 -0.0128 -0.9995
10.256 4.624 -2.125 -0.0306 -0.0128 -0.9995
10.502 4.034 -2.125 -0.0306 -0.0128 -0.9995
10.714 3.431 -2.125 -0.0306 -0.0128 -0.9995
0.931 0.485 -2.037 -0.0306 -0.0128 -0.9995
0.957 0.432 -2.037 -0.0306 -0.0128 -0.9995
0.980 0.377 -2.037 -0.0306 -0.0128 -0.9995
1.000 0.320 -2.037 -0.0306 -0.0128 -0.9995
9.976 5.200 -2.375 -0.0306 -0.0128 -0.9995
10.256 4.624 -2.375 -0.0306 -0.0128 -0.9995
10.502 4.034 -2.375 -0.0306 -0.0128 -0.9995
10.714 3.431 -2.375 -0.0306 -0.0128 -0.9995
0.931 0.485 -2.037 0.0306 0.0128 0.9995
0.957 0.432 -2.037 0.0306 0.0128 0.9995
0.980 0.377 -2.037 0.0306 0.0128 0.9995
1.000 0.320 -2.037 0.0306 0.0128 0.9995
9.976 5.200 -2.375 0.0306 0.0128 0.9995
10.256 4.624 -2.375 0.0306 0.0128 0.9995
10.502 4.034 -2.375 0.0306 0.0128 0.9995
10.714 3.431 -2.375 0.0306 0.0128 0.9995
9.976 5.200 -2.375 0.9229 0.3850 0.0000
10.256 4.624 -2.375 0.9229 0.3850 0.0000
10.502 4.034 -2.375 0.9229 0.3850 0.0000
10.714 3.431 -2.375 0.9229 0.3850 0.0000
9.976 5.200 -2.125 0.9229 0.3850 0.0000
10.256 4.624 -2.125 0.9229 0.3850 0.0000
10.502 4.034 -2.125 0.9229 0.3850 0.0000
10.714 3.431 -2.125 0.9229 0.3850 0.0000
9.976 5.200 -2.375 -0.9229 -0.3850 -0.0000
10.256 4.624 -2.375 -0.9229 -0.3850 -0.0000
10.502 4.034 -2.375 -0.9229 -0.3850 -0.0000
10.714 3.431 -2.375 -0.9229 -0.3850 -0.0000
9.976 5.200 -2.125 -0.9229 -0.3850 -0.0000
10.256 4.624 -2.125 -0.9229 -0.3850 -0.0000
10.502 4.034 -2.125 -0.9229 -0.3850 -0.0000
10.714 3.431 -2.125 -0.9229 -0.3850 -0.0000
0.931 0.485 -2.037 -0.9229 -0.3850 -0.0000
0.957 0.432 -2.037 -0.9229 -0.3850 -0.0000
0.980 0.377 -2.037 -0.9229 -0.3850 -0.0000
1.000 0.320 -2.037 -0.9229 -0.3850 -0.0000
0.931 0.485 -1.787 -0.9229 -0.3850 -0.0000
0.957 0.432 -1.787 -0.9229 -0.3850 -0.0000
0.980 0.377 -1.787 -0.9229 -0.3850 -0.0000
1.000 0.320 -1.787 -0.9229 -0.3850 -0.0000
0.931 0.485 -2.037 0.9229 0.3850 0.0000
0.957 0.432 -2.037 0.9229 0.3850 0.0000
0.980 0.377 -2.037 0.9229 0.3850 0.0000
1.000 0.320 -2.037 0.9229 0.3850 0.0000
0.931 0.485 -1.787 0.9229 0.3850 0.0000
0.957 0.432 -1.787 0.9229 0.3850 0.0000
0.980 0.377 -1.787 0.9229 0.3850 0.0000
1.000 0.320 -1.787 0.9229 0.3850 0.0000
9.976 5.200 -2.125 0.9229 0.3850 0.0000
10.256 4.624 -2.125 0.9229 0.3850 0.0000
10.502 4.034 -2.125 0.9229 0.3850 0.0000
10.714 3.431 -2.125 0.9229 0.3850 0.0000
9.976 5.200 -1.425 0.9229 0.3850 0.0000
10.256 4.624 -1.425 0.9229 0.3850 0.0000
10.502 4.034 -1.425 0.9229 0.3850 0.0000
10.714 3.431 -1.425 0.9229 0.3850 0.0000
9.976 5.200 -2.125 -0.9229 -0.3850 -0.0000
10.256 4.624 -2.125 -0.9229 -0.3850 -0.0000
10.502 4.034 -2.125 -0.9229 -0.3850 -0.0000
10.714 3.431 -2.125 -0.9229 -0.3850 -0.0000
9.976 5.200 -1.425 -0.9229 -0.3850 -0.0000
10.256 4.624 -1.425 -0.9229 -0.3850 -0.0000
10.502 4.034 -1.425 -0.9229 -0.3850 -0.0000
10.714 3.431 -1.425 -0.9229 -0.3850 -0.0000
9.976 5.200 -1.425 -0.0000 -0.0000 1.0000
10.256 4.624 -1.425 -0.0000 -0.0000 1.0000
10.502 4.034 -1.425 -0.0000 -0.0000 1.0000
10.714 3.431 -1.425 -0.0000 -0.0000 1.0000
9.666 5.038 -1.413 -0.0000 -0.0000 1.0000
9.937 4.481 -1.413 -0.0000 -0.0000 1.0000
10.175 3.909 -1.413 -0.0000 -0.0000 1.0000
10.381 3.324 -1.413 -0.0000 -0.0000 1.0000
9.976 5.200 -1.425 0.0000 0.0000 -1.0000
10.256 4.624 -1.425 0.0000 0.0000 -1.0000
10.502 4.034 -1.425 0.0000 0.0000 -1.0000
10.714 3.431 -1.425 0.0000 0.0000 -1.0000
9.666 5.038 -1.413 0.0000 0.0000 -1.0000
9.937 4.481 -1.413 0.0000 0.0000 -1.0000
10.175 3.909 -1.413 0.0000 0.0000 -1.0000
10.381 3.324 -1.413 0.0000 0.0000 -1.0000
0 1 5
0 5 4
8 13 9
8 12 13
1 2 6
1 6 5
9 14 10
9 13 14
2 3 7
2 7 6
10 15 11
10 14 15
16 21 17
16 20 21
24 25 29
24 29 28
17 22 18
17 21 22
25 26 30
25 30 29
18 23 19
18 22 23
26 27 31
26 31 30
32 37 33
32 36 37
40 41 45
40 45 44
33 38 34
33 37 38
41 42 46
41 46 45
34 39 35
34 38 39
42 43 47
42 47 46
48 49 53
48 53 52
56 61 57
56 60 61
49 50 54
49 54 53
57 62 58
57 61 62
50 51 55
50 55 54
58 63 59
58 62 63
64 69 65
64 68 69
72 73 77
72 77 76
65 70 66
65 69 70
73 74 78
73 78 77
66 71 67
66 70 71
74 75 79
74 79 78
80 85 81
80 84 85
88 89 93
88 93 92
81 86 82
81 85 86
89 90 94
89 94 93
82 87 83
82 86 87
90 91 95
90 95 94
LABEL sfoot3_slat_6_2
MATERIAL 7
TEXTURE 0
GEOM 104 76 ;sfoot3_slat_6_2
1.001 0.316 -1.787 0.0306 0.0128 0.9995
1.017 0.262 -1.787 0.0306 0.0128 0.9995
1.029 0.207 -1.787 0.0306 0.0128 0.9995
1.039 0.152 -1.787 0.0306 0.0128 0.9995
10.728 3.388 -2.125 0.0306 0.0128 0.9995
10.894 2.810 -2.125 0.0306 0.0128 0.9995
11.028 2.223 -2.125 0.0306 0.0128 0.9995
11.131 1.630 -2.125 0.0306 0.0128 0.9995
1.001 0.316 -1.787 -0.0306 -0.0128 -0.9995
1.017 0.262 -1.787 -0.0306 -0.0128 -0.9995
1.029 0.207 -1.787 -0.0306 -0.0128 -0.9995
1.039 0.152 -1.787 -0.0306 -0.0128 -0.9995
10.728 3.388 -2.125 -0.0306 -0.0128 -0.9995
10.894 2.810 -2.125 -0.0306 -0.0128 -0.9995
11.028 2.223 -2.125 -0.0306 -0.0128 -0.9995
11.131 1.630 -2.125 -0.0306 -0.0128 -0.9995
1.001 0.316 -2.037 -0.0306 -0.0128 -0.9995
1.017 0.262 -2.037 -0.0306 -0.0128 -0.9995
1.029 0.207 -2.037 -0.0306 -0.0128 -0.9995
1.039 0.152 -2.037 -0.0306 -0.0128 -0.9995
10.728 3.388 -2.375 -0.0306 -0.0128 -0.9995
10.894 2.810 -2.375 -0.0306 -0.0128 -0.9995
11.028 2.223 -2.375 -0.0306 -0.0128 -0.9995
11.131 1.630 -2.375 -0.0306 -0.0128 -0.9995
1.001 0.316 -2.037 0.0306 0.0128 0.9995
1.017 0.262 -2.037 0.0306 0.0128 0.9995
1.029 0.207 -2.037 0.0306 0.0128 0.9995
1.039 0.152 -2.037 0.0306 0.0128 0.9995
10.728 3.388 -2.375 0.0306 0.0128 0.9995
10.894 2.810 -2.375 0.0306 0.0128 0.9995
11.028 2.223 -2.375 0.0306 0.0128 0.9995
11.131 1.630 -2.375 0.0306 0.0128 0.9995
10.728 3.388 -2.375 0.9746 0.2237 0.0000
10.894 2.810 -2.375 0.9746 0.2237 0.0000
11.028 2.223 -2.375 0.9746 0.2237 0.0000
11.131 1.630 -2.375 0.9746 0.2237 0.0000
10.728 3.388 -2.125 0.9746 0.2237 0.0000
10.894 2.810 -2.125 0.9746 0.2237 0.0000
11.028 2.223 -2.125 0.9746 0.2237 0.0000
11.131 1.630 -2.125 0.9746 0.2237 0.0000
10.728 3.388 -2.375 -0.9746 -0.2237 -0.0000
10.894 2.810 -2.375 -0.9746 -0.2237 -0.0000
11.028 2.223 -2.375 -0.9746 -0.2237 -0.0000
11.131 1.630 -2.375 -0.9746 -0.2237 -0.0000
10.728 3.388 -2.125 -0.9746 -0.2237 -0.0000
10.894 2.810 -2.125 -0.9746 -0.2237 -0.0000
11.028 2.223 -2.125 -0.9746 -0.2237 -0.0000
11.131 1.630 -2.125 -0.9746 -0.2237 -0.0000
1.001 0.316 -2.037 -0.9746 -0.2237 -0.0000
1.017 0.262 -2.037 -0.9746 -0.2237 -0.0000
1.029 0.207 -2.037 -0.9746 -0.2237 -0.0000
1.039 0.152 -2.037 -0.9746 -0.2237 -0.0000
1.001 0.316 -1.787 -0.9746 -0.2237 -0.0000
1.017 0.262 -1.787 -0.9746 -0.2237 -0.0000
1.029 0.207 -1.787 -0.9746 -0.2237 -0.0000
1.039 0.152 -1.787 -0.9746 -0.2237 -0.0000
1.001 0.316 -2.037 0.9746 0.2237 0.0000
1.017 0.262 -2.037 0.9746 0.2237 0.0000
1.029 0.207 -2.037 0.9746 0.2237 0.0000
1.039 0.152 -2.037 0.9746 0.2237 0.0000
1.001 0.316 -1.787 0.9746 0.2237 0.0000
1.017 0.262 -1.787 0.9746 0.2237 0.0000
1.029 0.207 -1.787 0.9746 0.2237 0.0000
1.039 0.152 -1.787 0.9746 0.2237 0.0000
10.728 3.388 -2.125 0.9746 0.2237 0.0000
10.894 2.810 -2.125 0.9746 0.2237 0.0000
11.028 2.223 -2.125 0.9746 0.2237 0.0000
11.131 1.630 -2.125 0.9746 0.2237 0.0000
10.728 3.388 -1.425 0.9746 0.2237 0.0000
10.894 2.810 -1.425 0.9746 0.2237 0.0000
11.028 2.223 -1.425 0.9746 0.2237 0.0000
11.131 1.630 -1.425 0.9746 0.2237 0.0000
10.728 3.388 -2.125 -0.9746 -0.2237 -0.0000
10.894 2.810 -2.125 -0.9746 -0.2237 -0.0000
11.028 2.223 -2.125 -0.9746 -0.2237 -0.0000
11.131 1.630 -2.125 -0.9746 -0.2237 -0.0000
10.728 3.388 -1.425 -0.9746 -0.2237 -0.0000
10.894 2.810 -1.425 -0.9746 -0.2237 -0.0000
11.028 2.223 -1.425 -0.9746 -0.2237 -0.0000
11.131 1.630 -1.425 -0.9746 -0.2237 -0.0000
10.728 3.388 -1.425 -0.0000 -0.0000 1.0000
10.894 2.810 -1.425 -0.0000 -0.0000 1.0000
11.028 2.223 -1.425 -0.0000 -0.0000 1.0000
11.131 1.630 -1.425 -0.0000 -0.0000 1.0000
10.394 3.283 -1.413 -0.0000 -0.0000 1.0000
10.555 2.722 -1.413 -0.0000 -0.0000 1.0000
10.685 2.154 -1.413 -0.0000 -0.0000 1.0000
10.785 1.579 -1.413 -0.0000 -0.0000 1.0000
10.728 3.388 -1.425 0.0000 0.0000 -1.0000
10.894 2.810 -1.425 0.0000 0.0000 -1.0000
11.028 2.223 -1.425 0.0000 0.0000 -1.0000
11.131 1.630 -1.425 0.0000 0.0000 -1.0000
10.394 3.283 -1.413 0.0000 0.0000 -1.0000
10.555 2.722 -1.413 0.0000 0.0000 -1.0000
10.685 2.154 -1.413 0.0000 0.0000 -1.0000
10.785 1.579 -1.413 0.0000 0.0000 -1.0000
1.039 0.152 -2.037 0.1449 -0.9894 -0.0000
11.131 1.630 -2.375 0.1449 -0.9894 -0.0000
1.039 0.152 -1.787 0.1449 -0.9894 -0.0000
11.131 1.630 -2.125 0.1449 -0.9894 -0.0000
1.039 0.152 -2.037 -0.1449 0.9894 0.0000
11.131 1.630 -2.375 -0.1449 0.9894 0.0000
1.039 0.152 -1.787 -0.1449 0.9894 0.0000
11.131 1.630 -2.125 -0.1449 0.9894 0.0000
0 1 5
0 5 4
8 13 9
8 12 13
1 2 6
1 6 5
9 14 10
9 13 14
2 3 7
2 7 6
10 15 11
10 14 15
16 21 17
16 20 21
24 25 29
24 29 28
17 22 18
17 21 22
25 26 30
25 30 29
18 23 19
18 22 23
26 27 31
26 31 30
32 37 33
32 36 37
40 41 45
40 45 44
33 38 34
33 37 38
41 42 46
41 46 45
34 39 35
34 38 39
42 43 47
42 47 46
48 49 53
48 53 52
56 61 57
56 60 61
49 50 54
49 54 53
57 62 58
57 61 62
50 51 55
50 55 54
58 63 59
58 62 63
64 69 65
64 68 69
72 73 77
72 77 76
65 70 66
65 69 70
73 74 78
73 78 77
66 71 67
66 70 71
74 75 79
74 79 78
80 85 81
80 84 85
88 89 93
88 93 92
81 86 82
81 85 86
89 90 94
89 94 93
82 87 83
82 86 87
90 91 95
90 95 94
96 97 99
96 99 98
100 103 101
100 102 103
LABEL sfoot3_strut_6
MATERIAL 9
TEXTURE 0
GEOM 50 48 ;sfoot3_strut_6
1.338 0.443 2.542 0.5525 -0.0000 0.8335
1.369 0.207 2.441 0.6153 -0.4723 0.6311
1.318 0.034 2.255 0.5133 -0.8180 0.2596
1.198 -0.030 2.034 0.2737 -0.9445 -0.1814
1.042 0.034 1.838 -0.0392 -0.8180 -0.5739
0.891 0.207 1.719 -0.3416 -0.4723 -0.8126
0.785 0.443 1.708 -0.5525 -0.0000 -0.8335
0.754 0.679 1.809 -0.6153 0.4723 -0.6311
0.805 0.852 1.995 -0.5133 0.8180 -0.2596
0.924 0.915 2.216 -0.2737 0.9445 0.1814
1.081 0.852 2.412 0.0392 0.8180 0.5739
1.232 0.679 2.531 0.3416 0.4723 0.8126
4.575 1.793 0.396 0.5525 -0.0000 0.8335
4.606 1.557 0.295 0.6153 -0.4723 0.6311
4.555 1.384 0.109 0.5133 -0.8180 0.2596
4.435 1.321 -0.112 0.2737 -0.9445 -0.1814
4.279 1.384 -0.308 -0.0392 -0.8180 -0.5739
4.128 1.557 -0.427 -0.3416 -0.4723 -0.8126
4.022 1.793 -0.438 -0.5525 -0.0000 -0.8335
3.991 2.029 -0.336 -0.6153 0.4723 -0.6311
4.042 2.202 -0.151 -0.5133 0.8180 -0.2596
4.162 2.265 0.070 -0.2737 0.9445 0.1814
4.318 2.202 0.266 0.0392 0.8180 0.5739
4.469 2.029 0.385 0.3416 0.4723 0.8126
1.061 0.443 2.125 -0.7873 -0.3284 0.5219
1.338 0.443 2.542 -0.7873 -0.3284 0.5219
1.369 0.207 2.441 -0.7873 -0.3284 0.5219
1.318 0.034 2.255 -0.7873 -0.3284 0.5219
1.198 -0.030 2.034 -0.7873 -0.3284 0.5219
1.042 0.034 1.838 -0.7873 -0.3284 0.5219
0.891 0.207 1.719 -0.7873 -0.3284 0.5219
0.785 0.443 1.708 -0.7873 -0.3284 0.5219
0.754 0.679 1.809 -0.7873 -0.3284 0.5219
0.805 0.852 1.995 -0.7873 -0.3284 0.5219
0.924 0.915 2.216 -0.7873 -0.3284 0.5219
1.081 0.852 2.412 -0.7873 -0.3284 0.5219
1.232 0.679 2.531 -0.7873 -0.3284 0.5219
4.299 1.793 -0.021 0.7873 0.3284 -0.5219
4.575 1.793 0.396 0.7873 0.3284 -0.5219
4.606 1.557 0.295 0.7873 0.3284 -0.5219
4.555 1.384 0.109 0.7873 0.3284 -0.5219
4.435 1.321 -0.112 0.7873 0.3284 -0.5219
4.279 1.384 -0.308 0.7873 0.3284 -0.5219
4.128 1.557 -0.427 0.7873 0.3284 -0.5219
4.022 1.793 -0.438 0.7873 0.3284 -0.5219
3.991 2.029 -0.336 0.7873 0.3284 -0.5219
4.042 2.202 -0.151 0.7873 0.3284 -0.5219
4.162 2.265 0.070 0.7873 0.3284 -0.5219
4.318 2.202 0.266 0.7873 0.3284 -0.5219
4.469 2.029 0.385 0.7873 0.3284 -0.5219
0 1 13
0 13 12
1 2 14
1 14 13
2 3 15
2 15 14
3 4 16
3 16 15
4 5 17
4 17 16
5 6 18
5 18 17
6 7 19
6 19 18
7 8 20
7 20 19
8 9 21
8 21 20
9 10 22
9 22 21
10 11 23
10 23 22
11 0 12
11 12 23
24 26 25
24 27 26
24 28 27
24 29 28
24 30 29
24 31 30
24 32 31
24 33 32
24 34 33
24 35 34
24 36 35
24 25 36
37 38 39
37 39 40
37 40 41
37 41 42
37 42 43
37 43 44
37 44 45
37 45 46
37 46 47
37 47 48
37 48 49
37 49 38
LABEL sfoot3_rod_6
MATERIAL 7
TEXTURE 0
GEOM 42 40 ;sfoot3_rod_6
3.964 1.596 0.501 0.5525 -0.0000 0.8335
3.978 1.457 0.434 0.6079 -0.5552 0.5677
3.934 1.371 0.314 0.4311 -0.8983 0.0850
3.849 1.371 0.185 0.0896 -0.8983 -0.4301
3.755 1.457 0.097 -0.2861 -0.5552 -0.7810
3.688 1.596 0.084 -0.5525 -0.0000 -0.8335
3.674 1.735 0.150 -0.6079 0.5552 -0.5677
3.718 1.821 0.271 -0.4311 0.8983 -0.0850
3.804 1.821 0.400 -0.0896 0.8983 0.4301
3.898 1.735 0.488 0.2861 0.5552 0.7810
7.085 2.898 -1.568 0.5525 -0.0000 0.8335
7.099 2.759 -1.635 0.6079 -0.5552 0.5677
7.055 2.673 -1.755 0.4311 -0.8983 0.0850
6.970 2.673 -1.884 0.0896 -0.8983 -0.4301
6.876 2.759 -1.972 -0.2861 -0.5552 -0.7810
6.809 2.898 -1.985 -0.5525 -0.0000 -0.8335
6.795 3.037 -1.918 -0.6079 0.5552 -0.5677
6.839 3.122 -1.798 -0.4311 0.8983 -0.0850
6.925 3.122 -1.669 -0.0896 0.8983 0.4301
7.019 3.037 -1.581 0.2861 0.5552 0.7810
3.826 1.596 0.292 -0.7873 -0.3284 0.5219
3.964 1.596 0.501 -0.7873 -0.3284 0.5219
3.978 1.457 0.434 -0.7873 -0.3284 0.5219
3.934 1.371 0.314 -0.7873 -0.3284 0.5219
3.849 1.371 0.185 -0.7873 -0.3284 0.5219
3.755 1.457 0.097 -0.7873 -0.3284 0.5219
3.688 1.596 0.084 -0.7873 -0.3284 0.5219
3.674 1.735 0.150 -0.7873 -0.3284 0.5219
3.718 1.821 0.271 -0.7873 -0.3284 0.5219
3.804 1.821 0.400 -0.7873 -0.3284 0.5219
3.898 1.735 0.488 -0.7873 -0.3284 0.5219
6.947 2.898 -1.776 0.7873 0.3284 -0.5219
7.085 2.898 -1.568 0.7873 0.3284 -0.5219
7.099 2.759 -1.635 0.7873 0.3284 -0.5219
7.055 2.673 -1.755 0.7873 0.3284 -0.5219
6.970 2.673 -1.884 0.7873 0.3284 -0.5219
6.876 2.759 -1.972 0.7873 0.3284 -0.5219
6.809 2.898 -1.985 0.7873 0.3284 -0.5219
6.795 3.037 -1.918 0.7873 0.3284 -0.5219
6.839 3.122 -1.798 0.7873 0.3284 -0.5219
6.925 3.122 -1.669 0.7873 0.3284 -0.5219
7.019 3.037 -1.581 0.7873 0.3284 -0.5219
0 1 11
0 11 10
1 2 12
1 12 11
2 3 13
2 13 12
3 4 14
3 14 13
4 5 15
4 15 14
5 6 16
5 16 15
6 7 17
6 17 16
7 8 18
7 18 17
8 9 19
8 19 18
9 0 10
9 10 19
20 22 21
20 23 22
20 24 23
20 25 24
20 26 25
20 27 26
20 28 27
20 29 28
20 30 29
20 21 30
31 32 33
31 33 34
31 34 35
31 35 36
31 36 37
31 37 38
31 38 39
31 39 40
31 40 41
31 41 32
LABEL sfoot3_skirt_6_0
MATERIAL 7
TEXTURE 0
GEOM 16 12 ;sfoot3_skirt_6_0
8.990 6.763 -3.275 0.8447 0.5352 0.0000
9.339 6.273 -3.275 0.8447 0.5352 0.0000
9.661 5.764 -3.275 0.8447 0.5352 0.0000
9.955 5.239 -3.275 0.8447 0.5352 0.0000
8.990 6.763 -2.375 0.8447 0.5352 0.0000
9.339 6.273 -2.375 0.8447 0.5352 0.0000
9.661 5.764 -2.375 0.8447 0.5352 0.0000
9.955 5.239 -2.375 0.8447 0.5352 0.0000
8.990 6.763 -3.275 -0.8447 -0.5352 -0.0000
9.339 6.273 -3.275 -0.8447 -0.5352 -0.0000
9.661 5.764 -3.275 -0.8447 -0.5352 -0.0000
9.955 5.239 -3.275 -0.8447 -0.5352 -0.0000
8.990 6.763 -2.375 -0.8447 -0.5352 -0.0000
9.339 6.273 -2.375 -0.8447 -0.5352 -0.0000
9.661 5.764 -2.375 -0.8447 -0.5352 -0.0000
9.955 5.239 -2.375 -0.8447 -0.5352 -0.0000
0 5 1
0 4 5
8 9 13
8 13 12
1 6 2
1 5 6
9 10 14
9 14 13
2 7 3
2 6 7
10 11 15
10 15 14
LABEL sfoot3_skirt_6_1
MATERIAL 7
TEXTURE 0
GEOM 16 12 ;sfoot3_skirt_6_1
9.976 5.200 -3.275 0.9229 0.3850 0.0000
10.256 4.624 -3.275 0.9229 0.3850 0.0000
10.502 4.034 -3.275 0.9229 0.3850 0.0000
10.714 3.431 -3.275 0.9229 0.3850 0.0000
9.976 5.200 -2.375 0.9229 0.3850 0.0000
10.256 4.624 -2.375 0.9229 0.3850 0.0000
10.502 4.034 -2.375 0.9229 0.3850 0.0000
10.714 3.431 -2.375 0.9229 0.3850 0.0000
9.976 5.200 -3.275 -0.9229 -0.3850 -0.0000
10.256 4.624 -3.275 -0.9229 -0.3850 -0.0000
10.502 4.034 -3.275 -0.9229 -0.3850 -0.0000
10.714 3.431 -3.275 -0.9229 -0.3850 -0.0000
9.976 5.200 -2.375 -0.9229 -0.3850 -0.0000
10.256 4.624 -2.375 -0.9229 -0.3850 -0.0000
10.502 4.034 -2.375 -0.9229 -0.3850 -0.0000
10.714 3.431 -2.375 -0.9229 -0.3850 -0.0000
0 5 1
0 4 5
8 9 13
8 13 12
1 6 2
1 5 6
9 10 14
9 14 13
2 7 3
2 6 7
10 11 15
10 15 14
LABEL sfoot3_skirt_6_2
MATERIAL 7
TEXTURE 0
GEOM 16 12 ;sfoot3_skirt_6_2
10.728 3.388 -3.275 0.9746 0.2237 0.0000
10.894 2.810 -3.275 0.9746 0.2237 0.0000
11.028 2.223 -3.275 0.9746 0.2237 0.0000
11.131 1.630 -3.275 0.9746 0.2237 0.0000
10.728 3.388 -2.375 0.9746 0.2237 0.0000
10.894 2.810 -2.375 0.9746 0.2237 0.0000
11.028 2.223 -2.375 0.9746 0.2237 0.0000
11.131 1.630 -2.375 0.9746 0.2237 0.0000
10.728 3.388 -3.275 -0.9746 -0.2237 -0.0000
10.894 2.810 -3.275 -0.9746 -0.2237 -0.0000
11.028 2.223 -3.275 -0.9746 -0.2237 -0.0000
11.131 1.630 -3.275 -0.9746 -0.2237 -0.0000
10.728 3.388 -2.375 -0.9746 -0.2237 -0.0000
10.894 2.810 -2.375 -0.9746 -0.2237 -0.0000
11.028 2.223 -2.375 -0.9746 -0.2237 -0.0000
11.131 1.630 -2.375 -0.9746 -0.2237 -0.0000
0 5 1
0 4 5
8 9 13
8 13 12
1 6 2
1 5 6
9 10 14
9 14 13
2 7 3
2 6 7
10 11 15
10 15 14
LABEL sfoot3_petal_7
MATERIAL 7
TEXTURE 0
GEOM 66 52 ;sfoot3_petal_7
0.946 0.231 -1.782 -0.9912 0.1280 0.0332
0.856 -0.463 -1.782 -0.9912 0.1280 0.0332
0.871 -0.465 -1.332 -0.9912 0.1280 0.0332
0.960 0.229 -1.332 -0.9912 0.1280 0.0332
10.814 -1.043 -2.112 0.9912 -0.1280 -0.0332
10.724 -1.738 -2.112 0.9912 -0.1280 -0.0332
10.739 -1.740 -1.662 0.9912 -0.1280 -0.0332
10.829 -1.045 -1.662 0.9912 -0.1280 -0.0332
0.946 0.231 -1.782 0.1281 0.9918 0.0000
10.814 -1.043 -2.112 0.1281 0.9918 0.0000
10.829 -1.045 -1.662 0.1281 0.9918 0.0000
0.960 0.229 -1.332 0.1281 0.9918 0.0000
0.856 -0.463 -1.782 -0.1281 -0.9918 -0.0000
10.724 -1.738 -2.112 -0.1281 -0.9918 -0.0000
10.739 -1.740 -1.662 -0.1281 -0.9918 -0.0000
0.871 -0.465 -1.332 -0.1281 -0.9918 -0.0000
0.946 0.231 -1.782 -0.0329 0.0042 -0.9995
10.814 -1.043 -2.112 -0.0329 0.0042 -0.9995
10.724 -1.738 -2.112 -0.0329 0.0042 -0.9995
0.856 -0.463 -1.782 -0.0329 0.0042 -0.9995
0.960 0.229 -1.332 0.0329 -0.0042 0.9995
10.829 -1.045 -1.662 0.0329 -0.0042 0.9995
10.739 -1.740 -1.662 0.0329 -0.0042 0.9995
0.871 -0.465 -1.332 0.0329 -0.0042 0.9995
0.752 0.357 -1.525 -0.0000 0.0000 1.0000
0.577 0.379 -1.582 -0.5829 0.0753 0.8090
0.469 0.393 -1.732 -0.9432 0.1218 0.3090
0.469 0.393 -1.918 -0.9432 0.1218 -0.3090
0.577 0.379 -2.068 -0.5829 0.0753 -0.8090
0.752 0.357 -2.125 -0.0000 0.0000 -1.0000
0.927 0.334 -2.068 0.5829 -0.0753 -0.8090
1.035 0.320 -1.918 0.9432 -0.1218 -0.3090
1.035 0.320 -1.732 0.9432 -0.1218 0.3090
0.927 0.334 -1.582 0.5829 -0.0753 0.8090
0.637 -0.536 -1.525 -0.0000 0.0000 1.0000
0.462 -0.513 -1.582 -0.5829 0.0753 0.8090
0.354 -0.499 -1.732 -0.9432 0.1218 0.3090
0.354 -0.499 -1.918 -0.9432 0.1218 -0.3090
0.462 -0.513 -2.068 -0.5829 0.0753 -0.8090
0.637 -0.536 -2.125 -0.0000 0.0000 -1.0000
0.811 -0.559 -2.068 0.5829 -0.0753 -0.8090
0.920 -0.572 -1.918 0.9432 -0.1218 -0.3090
0.920 -0.572 -1.732 0.9432 -0.1218 0.3090
0.811 -0.559 -1.582 0.5829 -0.0753 0.8090
0.752 0.357 -1.825 0.1281 0.9918 -0.0000
0.752 0.357 -1.525 0.1281 0.9918 -0.0000
0.577 0.379 -1.582 0.1281 0.9918 -0.0000
0.469 0.393 -1.732 0.1281 0.9918 -0.0000
0.469 0.393 -1.918 0.1281 0.9918 -0.0000
0.577 0.379 -2.068 0.1281 0.9918 -0.0000
0.752 0.357 -2.125 0.1281 0.9918 -0.0000
0.927 0.334 -2.068 0.1281 0.9918 -0.0000
1.035 0.320 -1.918 0.1281 0.9918 -0.0000
1.035 0.320 -1.732 0.1281 0.9918 -0.0000
0.927 0.334 -1.582 0.1281 0.9918 -0.0000
0.637 -0.536 -1.825 -0.1281 -0.9918 0.0000
0.637 -0.536 -1.525 -0.1281 -0.9918 0.0000
0.462 -0.513 -1.582 -0.1281 -0.9918 0.0000
0.354 -0.499 -1.732 -0.1281 -0.9918 0.0000
0.354 -0.499 -1.918 -0.1281 -0.9918 0.0000
0.462 -0.513 -2.068 -0.1281 -0.9918 0.0000
0.637 -0.536 -2.125 -0.1281 -0.9918 0.0000
0.811 -0.559 -2.068 -0.1281 -0.9918 0.0000
0.920 -0.572 -1.918 -0.1281 -0.9918 0.0000
0.920 -0.572 -1.732 -0.1281 -0.9918 0.0000
0.811 -0.559 -1.582 -0.1281 -0.9918 0.0000
0 1 2
0 2 3
4 6 5
4 7 6
8 10 9
8 11 10
12 13 14
12 14 15
16 17 18
16 18 19
20 22 21
20 23 22
24 25 35
24 35 34
25 26 36
25 36 35
26 27 37
26 37 36
27 28 38
27 38 37
28 29 39
28 39 38
29 30 40
29 40 39
30 31 41
30 41 40
31 32 42
31 42 41
32 33 43
32 43 42
33 24 34
33 34 43
44 46 45
44 47 46
44 48 47
44 49 48
44 50 49
44 51 50
44 52 51
44 53 52
44 54 53
44 45 54
55 56 57
55 57 58
55 58 59
55 59 60
55 60 61
55 61 62
55 62 63
55 63 64
55 64 65
55 65 56
LABEL sfoot3_slat_7_0
MATERIAL 7
TEXTURE 0
GEOM 104 76 ;sfoot3_slat_7_0
1.042 0.127 -1.787 0.0329 -0.0042 0.9995
1.048 0.071 -1.787 0.0329 -0.0042 0.9995
1.050 0.015 -1.787 0.0329 -0.0042 0.9995
1.049 -0.041 -1.787 0.0329 -0.0042 0.9995
11.167 1.362 -2.125 0.0329 -0.0042 0.9995
11.224 0.763 -2.125 0.0329 -0.0042 0.9995
11.249 0.162 -2.125 0.0329 -0.0042 0.9995
11.241 -0.440 -2.125 0.0329 -0.0042 0.9995
1.042 0.127 -1.787 -0.0329 0.0042 -0.9995
1.048 0.071 -1.787 -0.0329 0.0042 -0.9995
1.050 0.015 -1.787 -0.0329 0.0042 -0.9995
1.049 -0.041 -1.787 -0.0329 0.0042 -0.9995
11.167 1.362 -2.125 -0.0329 0.0042 -0.9995
11.224 0.763 -2.125 -0.0329 0.0042 -0.9995
11.249 0.162 -2.125 -0.0329 0.0042 -0.9995
11.241 -0.440 -2.125 -0.0329 0.0042 -0.9995
1.042 0.127 -2.037 -0.0329 0.0042 -0.9995
1.048 0.071 -2.037 -0.0329 0.0042 -0.9995
1.050 0.015 -2.037 -0.0329 0.0042 -0.9995
1.049 -0.041 -2.037 -0.0329 0.0042 -0.9995
11.167 1.362 -2.375 -0.0329 0.0042 -0.9995
11.224 0.763 -2.375 -0.0329 0.0042 -0.9995
11.249 0.162 -2.375 -0.0329 0.0042 -0.9995
11.241 -0.440 -2.375 -0.0329 0.0042 -0.9995
1.042 0.127 -2.037 0.0329 -0.0042 0.9995
1.048 0.071 -2.037 0.0329 -0.0042 0.9995
1.050 0.015 -2.037 0.0329 -0.0042 0.9995
1.049 -0.041 -2.037 0.0329 -0.0042 0.9995
11.167 1.362 -2.375 0.0329 -0.0042 0.9995
11.224 0.763 -2.375 0.0329 -0.0042 0.9995
11.249 0.162 -2.375 0.0329 -0.0042 0.9995
11.241 -0.440 -2.375 0.0329 -0.0042 0.9995
11.167 1.362 -2.375 0.9992 0.0411 0.0000
11.224 0.763 -2.375 0.9992 0.0411 0.0000
11.249 0.162 -2.375 0.9992 0.0411 0.0000
11.241 -0.440 -2.375 0.9992 0.0411 0.0000
11.167 1.362 -2.125 0.9992 0.0411 0.0000
11.224 0.763 -2.125 0.9992 0.0411 0.0000
11.249 0.162 -2.125 0.9992 0.0411 0.0000
11.241 -0.440 -2.125 0.9992 0.0411 0.0000
11.167 1.362 -2.375 -0.9992 -0.0411 -0.0000
11.224 0.763 -2.375 -0.9992 -0.0411 -0.0000
11.249 0.162 -2.375 -0.9992 -0.0411 -0.0000
11.241 -0.440 -2.375 -0.9992 -0.0411 -0.0000
11.167 1.362 -2.125 -0.9992 -0.0411 -0.0000
11.224 0.763 -2.125 -0.9992 -0.0411 -0.0000
11.249 0.162 -2.125 -0.9992 -0.0411 -0.0000
11.241 -0.440 -2.125 -0.9992 -0.0411 -0.0000
1.042 0.127 -2.037 -0.9992 -0.0411 -0.0000
1.048 0.071 -2.037 -0.9992 -0.0411 -0.0000
1.050 0.015 -2.037 -0.9992 -0.0411 -0.0000
1.049 -0.041 -2.037 -0.9992 -0.0411 -0.0000
1.042 0.127 -1.787 -0.9992 -0.0411 -0.0000
1.048 0.071 -1.787 -0.9992 -0.0411 -0.0000
1.050 0.015 -1.787 -0.9992 -0.0411 -0.0000
1.049 -0.041 -1.787 -0.9992 -0.0411 -0.0000
1.042 0.127 -2.037 0.9992 0.0411 0.0000
1.048 0.071 -2.037 0.9992 0.0411 0.0000
1.050 0.015 -2.037 0.9992 0.0411 0.0000
1.049 -0.041 -2.037 0.9992 0.0411 0.0000
1.042 0.127 -1.787 0.9992 0.0411 0.0000
1.048 0.071 -1.787 0.9992 0.0411 0.0000
1.050 0.015 -1.787 0.9992 0.0411 0.0000
1.049 -0.041 -1.787 0.9992 0.0411 0.0000
11.167 1.362 -2.125 0.9992 0.0411 0.0000
11.224 0.763 -2.125 0.9992 0.0411 0.0000
11.249 0.162 -2.125 0.9992 0.0411 0.0000
11.241 -0.440 -2.125 0.9992 0.0411 0.0000
11.167 1.362 -1.425 0.9992 0.0411 0.0000
11.224 0.763 -1.425 0.9992 0.0411 0.0000
11.249 0.162 -1.425 0.9992 0.0411 0.0000
11.241 -0.440 -1.425 0.9992 0.0411 0.0000
11.167 1.362 -2.125 -0.9992 -0.0411 -0.0000
11.224 0.763 -2.125 -0.9992 -0.0411 -0.0000
11.249 0.162 -2.125 -0.9992 -0.0411 -0.0000
11.241 -0.440 -2.125 -0.9992 -0.0411 -0.0000
11.167 1.362 -1.425 -0.9992 -0.0411 -0.0000
11.224 0.763 -1.425 -0.9992 -0.0411 -0.0000
11.249 0.162 -1.425 -0.9992 -0.0411 -0.0000
11.241 -0.440 -1.425 -0.9992 -0.0411 -0.0000
11.167 1.362 -1.425 -0.0000 -0.0000 1.0000
11.224 0.763 -1.425 -0.0000 -0.0000 1.0000
11.249 0.162 -1.425 -0.0000 -0.0000 1.0000
11.241 -0.440 -1.425 -0.0000 -0.0000 1.0000
10.820 1.320 -1.413 -0.0000 -0.0000 1.0000
10.875 0.739 -1.413 -0.0000 -0.0000 1.0000
10.899 0.157 -1.413 -0.0000 -0.0000 1.0000
10.892 -0.427 -1.413 -0.0000 -0.0000 1.0000
11.167 1.362 -1.425 0.0000 0.0000 -1.0000
11.224 0.763 -1.425 0.0000 0.0000 -1.0000
11.249 0.162 -1.425 0.0000 0.0000 -1.0000
11.241 -0.440 -1.425 0.0000 0.0000 -1.0000
10.820 1.320 -1.413 0.0000 0.0000 -1.0000
10.875 0.739 -1.413 0.0000 0.0000 -1.0000
10.899 0.157 -1.413 0.0000 0.0000 -1.0000
10.892 -0.427 -1.413 0.0000 0.0000 -1.0000
1.042 0.127 -2.037 0.1211 -0.9926 -0.0000
11.167 1.362 -2.375 0.1211 -0.9926 -0.0000
1.042 0.127 -1.787 0.1211 -0.9926 -0.0000
11.167 1.362 -2.125 0.1211 -0.9926 -0.0000
1.042 0.127 -2.037 -0.1211 0.9926 0.0000
11.167 1.362 -2.375 -0.1211 0.9926 0.0000
1.042 0.127 -1.787 -0.1211 0.9926 0.0000
11.167 1.362 -2.125 -0.1211 0.9926 0.0000
0 1 5
0 5 4
8 13 9
8 12 13
1 2 6
1 6 5
9 14 10
9 13 14
2 3 7
2 7 6
10 15 11
10 14 15
16 21 17
16 20 21
24 25 29
24 29 28
17 22 18
17 21 22
25 26 30
25 30 29
18 23 19
18 22 23
26 27 31
26 31 30
32 37 33
32 36 37
40 41 45
40 45 44
33 38 34
33 37 38
41 42 46
41 46 45
34 39 35
34 38 39
42 43 47
42 47 46
48 49 53
48 53 52
56 61 57
56 60 61
49 50 54
49 54 53
57 62 58
57 61 62
50 51 55
50 55 54
58 63 59
58 62 63
64 69 65
64 68 69
72 73 77
72 77 76
65 70 66
65 69 70
73 74 78
73 78 77
66 71 67
66 70 71
74 75 79
74 79 78
80 85 81
80 84 85
88 89 93
88 93 92
81 86 82
81 85 86
89 90 94
89 94 93
82 87 83
82 86 87
90 91 95
90 95 94
96 97 99
96 99 98
100 103 101
100 102 103
LABEL sfoot3_slat_7_1
MATERIAL 7
TEXTURE 0
GEOM 96 72 ;sfoot3_slat_7_1
1.049 -0.045 -1.787 0.0329 -0.0042 0.9995
1.045 -0.105 -1.787 0.0329 -0.0042 0.9995
1.037 -0.164 -1.787 0.0329 -0.0042 0.9995
1.026 -0.223 -1.787 0.0329 -0.0042 0.9995
11.240 -0.485 -2.125 0.0329 -0.0042 0.9995
11.194 -1.123 -2.125 0.0329 -0.0042 0.9995
11.112 -1.757 -2.125 0.0329 -0.0042 0.9995
10.994 -2.386 -2.125 0.0329 -0.0042 0.9995
1.049 -0.045 -1.787 -0.0329 0.0042 -0.9995
1.045 -0.105 -1.787 -0.0329 0.0042 -0.9995
1.037 -0.164 -1.787 -0.0329 0.0042 -0.9995
1.026 -0.223 -1.787 -0.0329 0.0042 -0.9995
11.240 -0.485 -2.125 -0.0329 0.0042 -0.9995
11.194 -1.123 -2.125 -0.0329 0.0042 -0.9995
11.112 -1.757 -2.125 -0.0329 0.0042 -0.9995
10.994 -2.386 -2.125 -0.0329 0.0042 -0.9995
1.049 -0.045 -2.037 -0.0329 0.0042 -0.9995
1.045 -0.105 -2.037 -0.0329 0.0042 -0.9995
1.037 -0.164 -2.037 -0.0329 0.0042 -0.9995
1.026 -0.223 -2.037 -0.0329 0.0042 -0.9995
11.240 -0.485 -2.375 -0.0329 0.0042 -0.9995
11.194 -1.123 -2.375 -0.0329 0.0042 -0.9995
11.112 -1.757 -2.375 -0.0329 0.0042 -0.9995
10.994 -2.386 -2.375 -0.0329 0.0042 -0.9995
1.049 -0.045 -2.037 0.0329 -0.0042 0.9995
1.045 -0.105 -2.037 0.0329 -0.0042 0.9995
1.037 -0.164 -2.037 0.0329 -0.0042 0.9995
1.026 -0.223 -2.037 0.0329 -0.0042 0.9995
11.240 -0.485 -2.375 0.0329 -0.0042 0.9995
11.194 -1.123 -2.375 0.0329 -0.0042 0.9995
11.112 -1.757 -2.375 0.0329 -0.0042 0.9995
10.994 -2.386 -2.375 0.0329 -0.0042 0.9995
11.240 -0.485 -2.375 0.9918 -0.1281 0.0000
11.194 -1.123 -2.375 0.9918 -0.1281 0.0000
11.112 -1.757 -2.375 0.9918 -0.1281 0.0000
10.994 -2.386 -2.375 0.9918 -0.1281 0.0000
11.240 -0.485 -2.125 0.9918 -0.1281 0.0000
11.194 -1.123 -2.125 0.9918 -0.1281 0.0000
11.112 -1.757 -2.125 0.9918 -0.1281 0.0000
10.994 -2.386 -2.125 0.9918 -0.1281 0.0000
11.240 -0.485 -2.375 -0.9918 0.1281 -0.0000
11.194 -1.123 -2.375 -0.9918 0.1281 -0.0000
11.112 -1.757 -2.375 -0.9918 0.1281 -0.0000
10.994 -2.386 -2.375 -0.9918 0.1281 -0.0000
11.240 -0.485 -2.125 -0.9918 0.1281 -0.0000
11.194 -1.123 -2.125 -0.9918 0.1281 -0.0000
11.112 -1.757 -2.125 -0.9918 0.1281 -0.0000
10.994 -2.386 -2.125 -0.9918 0.1281 -0.0000
1.049 -0.045 -2.037 -0.9918 0.1281 -0.0000
1.045 -0.105 -2.037 -0.9918 0.1281 -0.0000
1.037 -0.164 -2.037 -0.9918 0.1281 -0.0000
1.026 -0.223 -2.037 -0.9918 0.1281 -0.0000
1.049 -0.045 -1.787 -0.9918 0.1281 -0.0000
1.045 -0.105 -1.787 -0.9918 0.1281 -0.0000
1.037 -0.164 -1.787 -0.9918 0.1281 -0.0000
1.026 -0.223 -1.787 -0.9918 0.1281 -0.0000
1.049 -0.045 -2.037 0.9918 -0.1281 0.0000
1.045 -0.105 -2.037 0.9918 -0.1281 0.0000
1.037 -0.164 -2.037 0.9918 -0.1281 0.0000
1.026 -0.223 -2.037 0.9918 -0.1281 0.0000
1.049 -0.045 -1.787 0.9918 -0.1281 0.0000
1.045 -0.105 -1.787 0.9918 -0.1281 0.0000
1.037 -0.164 -1.787 0.9918 -0.1281 0.0000
1.026 -0.223 -1.787 0.9918 -0.1281 0.0000
11.240 -0.485 -2.125 0.9918 -0.1281 0.0000
11.194 -1.123 -2.125 0.9918 -0.1281 0.0000
11.112 -1.757 -2.125 0.9918 -0.1281 0.0000
10.994 -2.386 -2.125 0.9918 -0.1281 0.0000
11.240 -0.485 -1.425 0.9918 -0.1281 0.0000
11.194 -1.123 -1.425 0.9918 -0.1281 0.0000
11.112 -1.757 -1.425 0.9918 -0.1281 0.0000
10.994 -2.386 -1.425 0.9918 -0.1281 0.0000
11.240 -0.485 -2.125 -0.9918 0.1281 -0.0000
11.194 -1.123 -2.125 -0.9918 0.1281 -0.0000
11.112 -1.757 -2.125 -0.9918 0.1281 -0.0000
10.994 -2.386 -2.125 -0.9918 0.1281 -0.0000
11.240 -0.485 -1.425 -0.9918 0.1281 -0.0000
11.194 -1.123 -1.425 -0.9918 0.1281 -0.0000
11.112 -1.757 -1.425 -0.9918 0.1281 -0.0000
10.994 -2.386 -1.425 -0.9918 0.1281 -0.0000
11.240 -0.485 -1.425 -0.0000 -0.0000 1.0000
11.194 -1.123 -1.425 -0.0000 -0.0000 1.0000
11.112 -1.757 -1.425 -0.0000 -0.0000 1.0000
10.994 -2.386 -1.425 -0.0000 -0.0000 1.0000
10.890 -0.470 -1.413 -0.0000 -0.0000 1.0000
10.846 -1.088 -1.413 -0.0000 -0.0000 1.0000
10.766 -1.702 -1.413 -0.0000 -0.0000 1.0000
10.652 -2.311 -1.413 -0.0000 -0.0000 1.0000
11.240 -0.485 -1.425 0.0000 0.0000 -1.0000
11.194 -1.123 -1.425 0.0000 0.0000 -1.0000
11.112 -1.757 -1.425 0.0000 0.0000 -1.0000
10.994 -2.386 -1.425 0.0000 0.0000 -1.0000
10.890 -0.470 -1.413 0.0000 0.0000 -1.0000
10.846 -1.088 -1.413 0.0000 0.0000 -1.0000
10.766 -1.702 -1.413 0.0000 0.0000 -1.0000
10.652 -2.311 -1.413 0.0000 0.0000 -1.0000
0 1 5
0 5 4
8 13 9
8 12 13
1 2 6
1 6 5
9 14 10
9 13 14
2 3 7
2 7 6
10 15 11
10 14 15
16 21 17
16 20 21
24 25 29
24 29 28
17 22 18
17 21 22
25 26 30
25 30 29
18 23 19
18 22 23
26 27 31
26 31 30
32 37 33
32 36 37
40 41 45
40 45 44
33 38 34
33 37 38
41 42 46
41 46 45
34 39 35
34 38 39
42 43 47
42 47 46
48 49 53
48 53 52
56 61 57
56 60 61
49 50 54
49 54 53
57 62 58
57 61 62
50 51 55
50 55 54
58 63 59
58 62 63
64 69 65
64 68 69
72 73 77
72 77 76
65 70 66
65 69 70
73 74 78
73 78 77
66 71 67
66 70 71
74 75 79
74 79 78
80 85 81
80 84 85
88 89 93
88 93 92
81 86 82
81 85 86
89 90 94
89 94 93
82 87 83
82 86 87
90 91 95
90 95 94
LABEL sfoot3_slat_7_2
MATERIAL 7
TEXTURE 0
GEOM 104 76 ;sfoot3_slat_7_2
1.025 -0.227 -1.787 0.0329 -0.0042 0.9995
1.012 -0.281 -1.787 0.0329 -0.0042 0.9995
0.995 -0.335 -1.787 0.0329 -0.0042 0.9995
0.976 -0.388 -1.787 0.0329 -0.0042 0.9995
10.985 -2.430 -2.125 0.0329 -0.0042 0.9995
10.839 -3.014 -2.125 0.0329 -0.0042 0.9995
10.662 -3.589 -2.125 0.0329 -0.0042 0.9995
10.455 -4.154 -2.125 0.0329 -0.0042 0.9995
1.025 -0.227 -1.787 -0.0329 0.0042 -0.9995
1.012 -0.281 -1.787 -0.0329 0.0042 -0.9995
0.995 -0.335 -1.787 -0.0329 0.0042 -0.9995
0.976 -0.388 -1.787 -0.0329 0.0042 -0.9995
10.985 -2.430 -2.125 -0.0329 0.0042 -0.9995
10.839 -3.014 -2.125 -0.0329 0.0042 -0.9995
10.662 -3.589 -2.125 -0.0329 0.0042 -0.9995
10.455 -4.154 -2.125 -0.0329 0.0042 -0.9995
1.025 -0.227 -2.037 -0.0329 0.0042 -0.9995
1.012 -0.281 -2.037 -0.0329 0.0042 -0.9995
0.995 -0.335 -2.037 -0.0329 0.0042 -0.9995
0.976 -0.388 -2.037 -0.0329 0.0042 -0.9995
10.985 -2.430 -2.375 -0.0329 0.0042 -0.9995
10.839 -3.014 -2.375 -0.0329 0.0042 -0.9995
10.662 -3.589 -2.375 -0.0329 0.0042 -0.9995
10.455 -4.154 -2.375 -0.0329 0.0042 -0.9995
1.025 -0.227 -2.037 0.0329 -0.0042 0.9995
1.012 -0.281 -2.037 0.0329 -0.0042 0.9995
0.995 -0.335 -2.037 0.0329 -0.0042 0.9995
0.976 -0.388 -2.037 0.0329 -0.0042 0.9995
10.985 -2.430 -2.375 0.0329 -0.0042 0.9995
10.839 -3.014 -2.375 0.0329 -0.0042 0.9995
10.662 -3.589 -2.375 0.0329 -0.0042 0.9995
10.455 -4.154 -2.375 0.0329 -0.0042 0.9995
10.985 -2.430 -2.375 0.9559 -0.2936 0.0000
10.839 -3.014 -2.375 0.9559 -0.2936 0.0000
10.662 -3.589 -2.375 0.9559 -0.2936 0.0000
10.455 -4.154 -2.375 0.9559 -0.2936 0.0000
10.985 -2.430 -2.125 0.9559 -0.2936 0.0000
10.839 -3.014 -2.125 0.9559 -0.2936 0.0000
10.662 -3.589 -2.125 0.9559 -0.2936 0.0000
10.455 -4.154 -2.125 0.9559 -0.2936 0.0000
10.985 -2.430 -2.375 -0.9559 0.2936 -0.0000
10.839 -3.014 -2.375 -0.9559 0.2936 -0.0000
10.662 -3.589 -2.375 -0.9559 0.2936 -0.0000
10.455 -4.154 -2.375 -0.9559 0.2936 -0.0000
10.985 -2.430 -2.125 -0.9559 0.2936 -0.0000
10.839 -3.014 -2.125 -0.9559 0.2936 -0.0000
10.662 -3.589 -2.125 -0.9559 0.2936 -0.0000
10.455 -4.154 -2.125 -0.9559 0.2936 -0.0000
1.025 -0.227 -2.037 -0.9559 0.2936 -0.0000
1.012 -0.281 -2.037 -0.9559 0.2936 -0.0000
0.995 -0.335 -2.037 -0.9559 0.2936 -0.0000
0.976 -0.388 -2.037 -0.9559 0.2936 -0.0000
1.025 -0.227 -1.787 -0.9559 0.2936 -0.0000
1.012 -0.281 -1.787 -0.9559 0.2936 -0.0000
0.995 -0.335 -1.787 -0.9559 0.2936 -0.0000
0.976 -0.388 -1.787 -0.9559 0.2936 -0.0000
1.025 -0.227 -2.037 0.9559 -0.2936 0.0000
1.012 -0.281 -2.037 0.9559 -0.2936 0.0000
0.995 -0.335 -2.037 0.9559 -0.2936 0.0000
0.976 -0.388 -2.037 0.9559 -0.2936 0.0000
1.025 -0.227 -1.787 0.9559 -0.2936 0.0000
1.012 -0.281 -1.787 0.9559 -0.2936 0.0000
0.995 -0.335 -1.787 0.9559 -0.2936 0.0000
0.976 -0.388 -1.787 0.9559 -0.2936 0.0000
10.985 -2.430 -2.125 0.9559 -0.2936 0.0000
10.839 -3.014 -2.125 0.9559 -0.2936 0.0000
10.662 -3.589 -2.125 0.9559 -0.2936 0.0000
10.455 -4.154 -2.125 0.9559 -0.2936 0.0000
10.985 -2.430 -1.425 0.9559 -0.2936 0.0000
10.839 -3.014 -1.425 0.9559 -0.2936 0.0000
10.662 -3.589 -1.425 0.9559 -0.2936 0.0000
10.455 -4.154 -1.425 0.9559 -0.2936 0.0000
10.985 -2.430 -2.125 -0.9559 0.2936 -0.0000
10.839 -3.014 -2.125 -0.9559 0.2936 -0.0000
10.662 -3.589 -2.125 -0.9559 0.2936 -0.0000
10.455 -4.154 -2.125 -0.9559 0.2936 -0.0000
10.985 -2.430 -1.425 -0.9559 0.2936 -0.0000
10.839 -3.014 -1.425 -0.9559 0.2936 -0.0000
10.662 -3.589 -1.425 -0.9559 0.2936 -0.0000
10.455 -4.154 -1.425 -0.9559 0.2936 -0.0000
10.985 -2.430 -1.425 -0.0000 -0.0000 1.0000
10.839 -3.014 -1.425 -0.0000 -0.0000 1.0000
10.662 -3.589 -1.425 -0.0000 -0.0000 1.0000
10.455 -4.154 -1.425 -0.0000 -0.0000 1.0000
10.643 -2.354 -1.413 -0.0000 -0.0000 1.0000
10.502 -2.920 -1.413 -0.0000 -0.0000 1.0000
10.330 -3.477 -1.413 -0.0000 -0.0000 1.0000
10.130 -4.025 -1.413 -0.0000 -0.0000 1.0000
10.985 -2.430 -1.425 0.0000 0.0000 -1.0000
10.839 -3.014 -1.425 0.0000 0.0000 -1.0000
10.662 -3.589 -1.425 0.0000 0.0000 -1.0000
10.455 -4.154 -1.425 0.0000 0.0000 -1.0000
10.643 -2.354 -1.413 0.0000 0.0000 -1.0000
10.502 -2.920 -1.413 0.0000 0.0000 -1.0000
10.330 -3.477 -1.413 0.0000 0.0000 -1.0000
10.130 -4.025 -1.413 0.0000 0.0000 -1.0000
0.976 -0.388 -2.037 -0.3693 -0.9293 -0.0000
10.455 -4.154 -2.375 -0.3693 -0.9293 -0.0000
0.976 -0.388 -1.787 -0.3693 -0.9293 -0.0000
10.455 -4.154 -2.125 -0.3693 -0.9293 -0.0000
0.976 -0.388 -2.037 0.3693 0.9293 0.0000
10.455 -4.154 -2.375 0.3693 0.9293 0.0000
0.976 -0.388 -1.787 0.3693 0.9293 0.0000
10.455 -4.154 -2.125 0.3693 0.9293 0.0000
0 1 5
0 5 4
8 13 9
8 12 13
1 2 6
1 6 5
9 14 10
9 13 14
2 3 7
2 7 6
10 15 11
10 14 15
16 21 17
16 20 21
24 25 29
24 29 28
17 22 18
17 21 22
25 26 30
25 30 29
18 23 19
18 22 23
26 27 31
26 31 30
32 37 33
32 36 37
40 41 45
40 45 44
33 38 34
33 37 38
41 42 46
41 46 45
34 39 35
34 38 39
42 43 47
42 47 46
48 49 53
48 53 52
56 61 57
56 60 61
49 50 54
49 54 53
57 62 58
57 61 62
50 51 55
50 55 54
58 63 59
58 62 63
64 69 65
64 68 69
72 73 77
72 77 76
65 70 66
65 69 70
73 74 78
73 78 77
66 71 67
66 70 71
74 75 79
74 79 78
80 85 81
80 84 85
88 89 93
88 93 92
81 86 82
81 85 86
89 90 94
89 94 93
82 87 83
82 86 87
90 91 95
90 95 94
96 97 99
96 99 98
100 103 101
100 102 103
LABEL sfoot3_strut_7
MATERIAL 9
TEXTURE 0
GEOM 50 48 ;sfoot3_strut_7
1.403 -0.147 2.551 0.5250 -0.0000 0.8511
1.345 -0.396 2.508 0.4082 -0.4970 0.7657
1.232 -0.578 2.363 0.1820 -0.8608 0.4752
1.094 -0.644 2.154 -0.0930 -0.9940 0.0573
0.969 -0.578 1.937 -0.3430 -0.8608 -0.3759
0.890 -0.396 1.771 -0.5012 -0.4970 -0.7084
0.878 -0.147 1.699 -0.5250 -0.0000 -0.8511
0.936 0.101 1.742 -0.4082 0.4970 -0.7657
1.050 0.283 1.887 -0.1820 0.8608 -0.4752
1.187 0.350 2.096 0.0930 0.9940 -0.0573
1.312 0.283 2.313 0.3430 0.8608 0.3759
1.391 0.101 2.479 0.5012 0.4970 0.7084
4.882 -0.596 0.405 0.5250 -0.0000 0.8511
4.823 -0.845 0.362 0.4082 -0.4970 0.7657
4.710 -1.027 0.217 0.1820 -0.8608 0.4752
4.573 -1.093 0.008 -0.0930 -0.9940 0.0573
4.448 -1.027 -0.209 -0.3430 -0.8608 -0.3759
4.369 -0.845 -0.375 -0.5012 -0.4970 -0.7084
4.357 -0.596 -0.446 -0.5250 -0.0000 -0.8511
4.415 -0.348 -0.404 -0.4082 0.4970 -0.7657
4.528 -0.166 -0.258 -0.1820 0.8608 -0.4752
4.666 -0.099 -0.049 0.0930 0.9940 -0.0573
4.791 -0.166 0.167 0.3430 0.8608 0.3759
4.870 -0.348 0.333 0.5012 0.4970 0.7084
1.141 -0.147 2.125 -0.8460 0.1092 0.5219
1.403 -0.147 2.551 -0.8460 0.1092 0.5219
1.345 -0.396 2.508 -0.8460 0.1092 0.5219
1.232 -0.578 2.363 -0.8460 0.1092 0.5219
1.094 -0.644 2.154 -0.8460 0.1092 0.5219
0.969 -0.578 1.937 -0.8460 0.1092 0.5219
0.890 -0.396 1.771 -0.8460 0.1092 0.5219
0.878 -0.147 1.699 -0.8460 0.1092 0.5219
0.936 0.101 1.742 -0.8460 0.1092 0.5219
1.050 0.283 1.887 -0.8460 0.1092 0.5219
1.187 0.350 2.096 -0.8460 0.1092 0.5219
1.312 0.283 2.313 -0.8460 0.1092 0.5219
1.391 0.101 2.479 -0.8460 0.1092 0.5219
4.619 -0.596 -0.021 0.8460 -0.1092 -0.5219
4.882 -0.596 0.405 0.8460 -0.1092 -0.5219
4.823 -0.845 0.362 0.8460 -0.1092 -0.5219
4.710 -1.027 0.217 0.8460 -0.1092 -0.5219
4.573 -1.093 0.008 0.8460 -0.1092 -0.5219
4.448 -1.027 -0.209 0.8460 -0.1092 -0.5219
4.369 -0.845 -0.375 0.8460 -0.1092 -0.5219
4.357 -0.596 -0.446 0.8460 -0.1092 -0.5219
4.415 -0.348 -0.404 0.8460 -0.1092 -0.5219
4.528 -0.166 -0.258 0.8460 -0.1092 -0.5219
4.666 -0.099 -0.049 0.8460 -0.1092 -0.5219
4.791 -0.166 0.167 0.8460 -0.1092 -0.5219
4.870 -0.348 0.333 0.8460 -0.1092 -0.5219
0 1 13
0 13 12
1 2 14
1 14 13
2 3 15
2 15 14
3 4 16
3 16 15
4 5 17
4 17 16
5 6 18
5 18 17
6 7 19
6 19 18
7 8 20
7 20 19
8 9 21
8 21 20
9 10 22
9 22 21
10 11 23
10 23 22
11 0 12
11 12 23
24 26 25
24 27 26
24 28 27
24 29 28
24 30 29
24 31 30
24 32 31
24 33 32
24 34 33
24 35 34
24 36 35
24 25 36
37 38 39
37 39 40
37 40 41
37 41 42
37 42 43
37 43 44
37 44 45
37 45 46
37 46 47
37 47 48
37 48 49
37 49 38
LABEL sfoot3_rod_7
MATERIAL 7
TEXTURE 0
GEOM 42 40 ;sfoot3_rod_7
4.243 -0.531 0.505 0.5250 -0.0000 0.8511
4.204 -0.677 0.473 0.3701 -0.5843 0.7223
4.130 -0.767 0.372 0.0738 -0.9454 0.3175
4.049 -0.767 0.240 -0.2507 -0.9454 -0.2085
3.992 -0.677 0.129 -0.4794 -0.5843 -0.6548
3.980 -0.531 0.080 -0.5250 -0.0000 -0.8511
4.019 -0.385 0.112 -0.3701 0.5843 -0.7223
4.093 -0.295 0.213 -0.0738 0.9454 -0.3175
4.174 -0.295 0.344 0.2507 0.9454 0.2085
4.231 -0.385 0.456 0.4794 0.5843 0.6548
7.597 -0.964 -1.564 0.5250 -0.0000 0.8511
7.558 -1.110 -1.596 0.3701 -0.5843 0.7223
7.484 -1.200 -1.697 0.0738 -0.9454 0.3175
7.403 -1.200 -1.829 -0.2507 -0.9454 -0.2085
7.346 -1.110 -1.940 -0.4794 -0.5843 -0.6548
7.334 -0.964 -1.989 -0.5250 -0.0000 -0.8511
7.373 -0.818 -1.957 -0.3701 0.5843 -0.7223
7.447 -0.728 -1.856 -0.0738 0.9454 -0.3175
7.528 -0.728 -1.724 0.2507 0.9454 0.2085
7.585 -0.818 -1.613 0.4794 0.5843 0.6548
4.112 -0.531 0.292 -0.8460 0.1092 0.5219
4.243 -0.531 0.505 -0.8460 0.1092 0.5219
4.204 -0.677 0.473 -0.8460 0.1092 0.5219
4.130 -0.767 0.372 -0.8460 0.1092 0.5219
4.049 -0.767 0.240 -0.8460 0.1092 0.5219
3.992 -0.677 0.129 -0.8460 0.1092 0.5219
3.980 -0.531 0.080 -0.8460 0.1092 0.5219
4.019 -0.385 0.112 -0.8460 0.1092 0.5219
4.093 -0.295 0.213 -0.8460 0.1092 0.5219
4.174 -0.295 0.344 -0.8460 0.1092 0.5219
4.231 -0.385 0.456 -0.8460 0.1092 0.5219
7.465 -0.964 -1.776 0.8460 -0.1092 -0.5219
7.597 -0.964 -1.564 0.8460 -0.1092 -0.5219
7.558 -1.110 -1.596 0.8460 -0.1092 -0.5219
7.484 -1.200 -1.697 0.8460 -0.1092 -0.5219
7.403 -1.200 -1.829 0.8460 -0.1092 -0.5219
7.346 -1.110 -1.940 0.8460 -0.1092 -0.5219
7.334 -0.964 -1.989 0.8460 -0.1092 -0.5219
7.373 -0.818 -1.957 0.8460 -0.1092 -0.5219
7.447 -0.728 -1.856 0.8460 -0.1092 -0.5219
7.528 -0.728 -1.724 0.8460 -0.1092 -0.5219
7.585 -0.818 -1.613 0.8460 -0.1092 -0.5219
0 1 11
0 11 10
1 2 12
1 12 11
2 3 13
2 13 12
3 4 14
3 14 13
4 5 15
4 15 14
5 6 16
5 16 15
6 7 17
6 17 16
7 8 18
7 18 17
8 9 19
8 19 18
9 0 10
9 10 19
20 22 21
20 23 22
20 24 23
20 25 24
20 26 25
20 27 26
20 28 27
20 29 28
20 30 29
20 21 30
31 32 33
31 33 34
31 34 35
31 35 36
31 36 37
31 37 38
31 38 39
31 39 40
31 40 41
31 41 32
LABEL sfoot3_skirt_7_0
MATERIAL 7
TEXTURE 0
GEOM 16 12 ;sfoot3_skirt_7_0
11.167 1.362 -3.275 0.9992 0.0411 0.0000
11.224 0.763 -3.275 0.9992 0.0411 0.0000
11.249 0.162 -3.275 0.9992 0.0411 0.0000
11.241 -0.440 -3.275 0.9992 0.0411 0.0000
11.167 1.362 -2.375 0.9992 0.0411 0.0000
11.224 0.763 -2.375 0.9992 0.0411 0.0000
11.249 0.162 -2.375 0.9992 0.0411 0.0000
11.241 -0.440 -2.375 0.9992 0.0411 0.0000
11.167 1.362 -3.275 -0.9992 -0.0411 -0.0000
11.224 0.763 -3.275 -0.9992 -0.0411 -0.0000
11.249 0.162 -3.275 -0.9992 -0.0411 -0.0000
11.241 -0.440 -3.275 -0.9992 -0.0411 -0.0000
11.167 1.362 -2.375 -0.9992 -0.0411 -0.0000
11.224 0.763 -2.375 -0.9992 -0.0411 -0.0000
11.249 0.162 -2.375 -0.9992 -0.0411 -0.0000
11.241 -0.440 -2.375 -0.9992 -0.0411 -0.0000
0 5 1
0 4 5
8 9 13
8 13 12
1 6 2
1 5 6
9 10 14
9 14 13
2 7 3
2 6 7
10 11 15
10 15 14
LABEL sfoot3_skirt_7_1
MATERIAL 7
TEXTURE 0
GEOM 16 12 ;sfoot3_skirt_7_1
11.240 -0.485 -3.275 0.9918 -0.1281 0.0000
11.194 -1.123 -3.275 0.9918 -0.1281 0.0000
11.112 -1.757 -3.275 0.9918 -0.1281 0.0000
10.994 -2.386 -3.275 0.9918 -0.1281 0.0000
11.240 -0.485 -2.375 0.9918 -0.1281 0.0000
11.194 -1.123 -2.375 0.9918 -0.1281 0.0000
11.112 -1.757 -2.375 0.9918 -0.1281 0.0000
10.994 -2.386 -2.375 0.9918 -0.1281 0.0000
11.240 -0.485 -3.275 -0.9918 0.1281 -0.0000
11.194 -1.123 -3.275 -0.9918 0.1281 -0.0000
11.112 -1.757 -3.275 -0.9918 0.1281 -0.0000
10.994 -2.386 -3.275 -0.9918 0.1281 -0.0000
11.240 -0.485 -2.375 -0.9918 0.1281 -0.0000
11.194 -1.123 -2.375 -0.9918 0.1281 -0.0000
11.112 -1.757 -2.375 -0.9918 0.1281 -0.0000
10.994 -2.386 -2.375 -0.9918 0.1281 -0.0000
0 5 1
0 4 5
8 9 13
8 13 12
1 6 2
1 5 6
9 10 14
9 14 13
2 7 3
2 6 7
10 11 15
10 15 14
LABEL sfoot3_skirt_7_2
MATERIAL 7
TEXTURE 0
GEOM 16 12 ;sfoot3_skirt_7_2
10.985 -2.430 -3.275 0.9559 -0.2936 0.0000
10.839 -3.014 -3.275 0.9559 -0.2936 0.0000
10.662 -3.589 -3.275 0.9559 -0.2936 0.0000
10.455 -4.154 -3.275 0.9559 -0.2936 0.0000
10.985 -2.430 -2.375 0.9559 -0.2936 0.0000
10.839 -3.014 -2.375 0.9559 -0.2936 0.0000
10.662 -3.589 -2.375 0.9559 -0.2936 0.0000
10.455 -4.154 -2.375 0.9559 -0.2936 0.0000
10.985 -2.430 -3.275 -0.9559 0.2936 -0.0000
10.839 -3.014 -3.275 -0.9559 0.2936 -0.0000
10.662 -3.589 -3.275 -0.9559 0.2936 -0.0000
10.455 -4.154 -3.275 -0.9559 0.2936 -0.0000
10.985 -2.430 -2.375 -0.9559 0.2936 -0.0000
10.839 -3.014 -2.375 -0.9559 0.2936 -0.0000
10.662 -3.589 -2.375 -0.9559 0.2936 -0.0000
10.455 -4.154 -2.375 -0.9559 0.2936 -0.0000
0 5 1
0 4 5
8 9 13
8 13 12
1 6 2
1 5 6
9 10 14
9 14 13
2 7 3
2 6 7
10 11 15
10 15 14
LABEL sfoot3_petal_8
MATERIAL 7
TEXTURE 0
GEOM 66 52 ;sfoot3_petal_8
0.934 -0.273 -1.782 -0.7944 0.6065 0.0332
0.510 -0.829 -1.782 -0.7944 0.6065 0.0332
0.521 -0.838 -1.332 -0.7944 0.6065 0.0332
0.946 -0.282 -1.332 -0.7944 0.6065 0.0332
8.843 -6.310 -2.112 0.7944 -0.6065 -0.0332
8.419 -6.867 -2.112 0.7944 -0.6065 -0.0332
8.430 -6.876 -1.662 0.7944 -0.6065 -0.0332
8.855 -6.319 -1.662 0.7944 -0.6065 -0.0332
0.934 -0.273 -1.782 0.6068 0.7949 0.0000
8.843 -6.310 -2.112 0.6068 0.7949 0.0000
8.855 -6.319 -1.662 0.6068 0.7949 0.0000
0.946 -0.282 -1.332 0.6068 0.7949 0.0000
0.510 -0.829 -1.782 -0.6068 -0.7949 -0.0000
8.419 -6.867 -2.112 -0.6068 -0.7949 -0.0000
8.430 -6.876 -1.662 -0.6068 -0.7949 -0.0000
0.521 -0.838 -1.332 -0.6068 -0.7949 -0.0000
0.934 -0.273 -1.782 -0.0264 0.0201 -0.9995
8.843 -6.310 -2.112 -0.0264 0.0201 -0.9995
8.419 -6.867 -2.112 -0.0264 0.0201 -0.9995
0.510 -0.829 -1.782 -0.0264 0.0201 -0.9995
0.946 -0.282 -1.332 0.0264 -0.0201 0.9995
8.855 -6.319 -1.662 0.0264 -0.0201 0.9995
8.430 -6.876 -1.662 0.0264 -0.0201 0.9995
0.521 -0.838 -1.332 0.0264 -0.0201 0.9995
0.829 -0.067 -2.125 0.0000 0.0000 -1.0000
0.970 -0.174 -2.068 0.4672 -0.3567 -0.8090
1.056 -0.240 -1.918 0.7560 -0.5771 -0.3090
1.056 -0.240 -1.732 0.7560 -0.5771 0.3090
0.970 -0.174 -1.582 0.4672 -0.3567 0.8090
0.829 -0.067 -1.525 0.0000 -0.0000 1.0000
0.689 0.040 -1.582 -0.4672 0.3567 0.8090
0.603 0.106 -1.732 -0.7560 0.5771 0.3090
0.603 0.106 -1.918 -0.7560 0.5771 -0.3090
0.689 0.040 -2.068 -0.4672 0.3567 -0.8090
0.283 -0.782 -2.125 0.0000 0.0000 -1.0000
0.424 -0.889 -2.068 0.4672 -0.3567 -0.8090
0.510 -0.956 -1.918 0.7560 -0.5771 -0.3090
0.510 -0.956 -1.732 0.7560 -0.5771 0.3090
0.424 -0.889 -1.582 0.4672 -0.3567 0.8090
0.283 -0.782 -1.525 0.0000 -0.0000 1.0000
0.143 -0.675 -1.582 -0.4672 0.3567 0.8090
0.057 -0.609 -1.732 -0.7560 0.5771 0.3090
0.057 -0.609 -1.918 -0.7560 0.5771 -0.3090
0.143 -0.675 -2.068 -0.4672 0.3567 -0.8090
0.829 -0.067 -1.825 0.6068 0.7949 -0.0000
0.829 -0.067 -2.125 0.6068 0.7949 -0.0000
0.970 -0.174 -2.068 0.6068 0.7949 -0.0000
1.056 -0.240 -1.918 0.6068 0.7949 -0.0000
1.056 -0.240 -1.732 0.6068 0.7949 -0.0000
0.970 -0.174 -1.582 0.6068 0.7949 -0.0000
0.829 -0.067 -1.525 0.6068 0.7949 -0.0000
0.689 0.040 -1.582 0.6068 0.7949 -0.0000
0.603 0.106 -1.732 0.6068 0.7949 -0.0000
0.603 0.106 -1.918 0.6068 0.7949 -0.0000
0.689 0.040 -2.068 0.6068 0.7949 -0.0000
0.283 -0.782 -1.825 -0.6068 -0.7949 0.0000
0.283 -0.782 -2.125 -0.6068 -0.7949 0.0000
0.424 -0.889 -2.068 -0.6068 -0.7949 0.0000
0.510 -0.956 -1.918 -0.6068 -0.7949 0.0000
0.510 -0.956 -1.732 -0.6068 -0.7949 0.0000
0.424 -0.889 -1.582 -0.6068 -0.7949 0.0000
0.283 -0.782 -1.525 -0.6068 -0.7949 0.0000
0.143 -0.675 -1.582 -0.6068 -0.7949 0.0000
0.057 -0.609 -1.732 -0.6068 -0.7949 0.0000
0.057 -0.609 -1.918 -0.6068 -0.7949 0.0000
0.143 -0.675 -2.068 -0.6068 -0.7949 0.0000
0 1 2
0 2 3
4 6 5
4 7 6
8 10 9
8 11 10
12 13 14
12 14 15
16 17 18
16 18 19
20 22 21
20 23 22
24 25 35
24 35 34
25 26 36
25 36 35
26 27 37
26 37 36
27 28 38
27 38 37
28 29 39
28 39 38
29 30 40
29 40 39
30 31 41
30 41 40
31 32 42
31 42 41
32 33 43
32 43 42
33 24 34
33 34 43
44 46 45
44 47 46
44 48 47
44 49 48
44 50 49
44 51 50
44 52 51
44 53 52
44 54 53
44 45 54
55 56 57
55 57 58
55 58 59
55 59 60
55 60 61
55 61 62
55 62 63
55 63 64
55 64 65
55 65 56
LABEL sfoot3_slat_8_0
MATERIAL 7
TEXTURE 0
GEOM 104 76 ;sfoot3_slat_8_0
0.966 -0.411 -1.787 0.0264 -0.0201 0.9995
0.943 -0.462 -1.787 0.0264 -0.0201 0.9995
0.917 -0.512 -1.787 0.0264 -0.0201 0.9995
0.888 -0.560 -1.787 0.0264 -0.0201 0.9995
10.352 -4.404 -2.125 0.0264 -0.0201 0.9995
10.102 -4.951 -2.125 0.0264 -0.0201 0.9995
9.823 -5.484 -2.125 0.0264 -0.0201 0.9995
9.515 -6.002 -2.125 0.0264 -0.0201 0.9995
0.966 -0.411 -1.787 -0.0264 0.0201 -0.9995
0.943 -0.462 -1.787 -0.0264 0.0201 -0.9995
0.917 -0.512 -1.787 -0.0264 0.0201 -0.9995
0.888 -0.560 -1.787 -0.0264 0.0201 -0.9995
10.352 -4.404 -2.125 -0.0264 0.0201 -0.9995
10.102 -4.951 -2.125 -0.0264 0.0201 -0.9995
9.823 -5.484 -2.125 -0.0264 0.0201 -0.9995
9.515 -6.002 -2.125 -0.0264 0.0201 -0.9995
0.966 -0.411 -2.037 -0.0264 0.0201 -0.9995
0.943 -0.462 -2.037 -0.0264 0.0201 -0.9995
0.917 -0.512 -2.037 -0.0264 0.0201 -0.9995
0.888 -0.560 -2.037 -0.0264 0.0201 -0.9995
10.352 -4.404 -2.375 -0.0264 0.0201 -0.9995
10.102 -4.951 -2.375 -0.0264 0.0201 -0.9995
9.823 -5.484 -2.375 -0.0264 0.0201 -0.9995
9.515 -6.002 -2.375 -0.0264 0.0201 -0.9995
0.966 -0.411 -2.037 0.0264 -0.0201 0.9995
0.943 -0.462 -2.037 0.0264 -0.0201 0.9995
0.917 -0.512 -2.037 0.0264 -0.0201 0.9995
0.888 -0.560 -2.037 0.0264 -0.0201 0.9995
10.352 -4.404 -2.375 0.0264 -0.0201 0.9995
10.102 -4.951 -2.375 0.0264 -0.0201 0.9995
9.823 -5.484 -2.375 0.0264 -0.0201 0.9995
9.515 -6.002 -2.375 0.0264 -0.0201 0.9995
10.352 -4.404 -2.375 0.8858 -0.4640 0.0000
10.102 -4.951 -2.375 0.8858 -0.4640 0.0000
9.823 -5.484 -2.375 0.8858 -0.4640 0.0000
9.515 -6.002 -2.375 0.8858 -0.4640 0.0000
10.352 -4.404 -2.125 0.8858 -0.4640 0.0000
10.102 -4.951 -2.125 0.8858 -0.4640 0.0000
9.823 -5.484 -2.125 0.8858 -0.4640 0.0000
9.515 -6.002 -2.125 0.8858 -0.4640 0.0000
10.352 -4.404 -2.375 -0.8858 0.4640 -0.0000
10.102 -4.951 -2.375 -0.8858 0.4640 -0.0000
9.823 -5.484 -2.375 -0.8858 0.4640 -0.0000
9.515 -6.002 -2.375 -0.8858 0.4640 -0.0000
10.352 -4.404 -2.125 -0.8858 0.4640 -0.0000
10.102 -4.951 -2.125 -0.8858 0.4640 -0.0000
9.823 -5.484 -2.125 -0.8858 0.4640 -0.0000
9.515 -6.002 -2.125 -0.8858 0.4640 -0.0000
0.966 -0.411 -2.037 -0.8858 0.4640 -0.0000
0.943 -0.462 -2.037 -0.8858 0.4640 -0.0000
0.917 -0.512 -2.037 -0.8858 0.4640 -0.0000
0.888 -0.560 -2.037 -0.8858 0.4640 -0.0000
0.966 -0.411 -1.787 -0.8858 0.4640 -0.0000
0.943 -0.462 -1.787 -0.8858 0.4640 -0.0000
0.917 -0.512 -1.787 -0.8858 0.4640 -0.0000
0.888 -0.560 -1.787 -0.8858 0.4640 -0.0000
0.966 -0.411 -2.037 0.8858 -0.4640 0.0000
0.943 -0.462 -2.037 0.8858 -0.4640 0.0000
0.917 -0.512 -2.037 0.8858 -0.4640 0.0000
0.888 -0.560 -2.037 0.8858 -0.4640 0.0000
0.966 -0.411 -1.787 0.8858 -0.4640 0.0000
0.943 -0.462 -1.787 0.8858 -0.4640 0.0000
0.917 -0.512 -1.787 0.8858 -0.4640 0.0000
0.888 -0.560 -1.787 0.8858 -0.4640 0.0000
10.352 -4.404 -2.125 0.8858 -0.4640 0.0000
10.102 -4.951 -2.125 0.8858 -0.4640 0.0000
9.823 -5.484 -2.125 0.8858 -0.4640 0.0000
9.515 -6.002 -2.125 0.8858 -0.4640 0.0000
10.352 -4.404 -1.425 0.8858 -0.4640 0.0000
10.102 -4.951 -1.425 0.8858 -0.4640 0.0000
9.823 -5.484 -1.425 0.8858 -0.4640 0.0000
9.515 -6.002 -1.425 0.8858 -0.4640 0.0000
10.352 -4.404 -2.125 -0.8858 0.4640 -0.0000
10.102 -4.951 -2.125 -0.8858 0.4640 -0.0000
9.823 -5.484 -2.125 -0.8858 0.4640 -0.0000
9.515 -6.002 -2.125 -0.8858 0.4640 -0.0000
10.352 -4.404 -1.425 -0.8858 0.4640 -0.0000
10.102 -4.951 -1.425 -0.8858 0.4640 -0.0000
9.823 -5.484 -1.425 -0.8858 0.4640 -0.0000
9.515 -6.002 -1.425 -0.8858 0.4640 -0.0000
10.352 -4.404 -1.425 -0.0000 -0.0000 1.0000
10.102 -4.951 -1.425 -0.0000 -0.0000 1.0000
9.823 -5.484 -1.425 -0.0000 -0.0000 1.0000
9.515 -6.002 -1.425 -0.0000 -0.0000 1.0000
10.030 -4.267 -1.413 -0.0000 -0.0000 1.0000
9.788 -4.797 -1.413 -0.0000 -0.0000 1.0000
9.517 -5.314 -1.413 -0.0000 -0.0000 1.0000
9.219 -5.815 -1.413 -0.0000 -0.0000 1.0000
10.352 -4.404 -1.425 0.0000 0.0000 -1.0000
10.102 -4.951 -1.425 0.0000 0.0000 -1.0000
9.823 -5.484 -1.425 0.0000 0.0000 -1.0000
9.515 -6.002 -1.425 0.0000 0.0000 -1.0000
10.030 -4.267 -1.413 0.0000 0.0000 -1.0000
9.788 -4.797 -1.413 0.0000 0.0000 -1.0000
9.517 -5.314 -1.413 0.0000 0.0000 -1.0000
9.219 -5.815 -1.413 0.0000 0.0000 -1.0000
0.966 -0.411 -2.037 -0.3915 -0.9202 -0.0000
10.352 -4.404 -2.375 -0.3915 -0.9202 -0.0000
0.966 -0.411 -1.787 -0.3915 -0.9202 -0.0000
10.352 -4.404 -2.125 -0.3915 -0.9202 -0.0000
0.966 -0.411 -2.037 0.3915 0.9202 0.0000
10.352 -4.404 -2.375 0.3915 0.9202 0.0000
0.966 -0.411 -1.787 0.3915 0.9202 0.0000
10.352 -4.404 -2.125 0.3915 0.9202 0.0000
0 1 5
0 5 4
8 13 9
8 12 13
1 2 6
1 6 5
9 14 10
9 13 14
2 3 7
2 7 6
10 15 11
10 14 15
16 21 17
16 20 21
24 25 29
24 29 28
17 22 18
17 21 22
25 26 30
25 30 29
18 23 19
18 22 23
26 27 31
26 31 30
32 37 33
32 36 37
40 41 45
40 45 44
33 38 34
33 37 38
41 42 46
41 46 45
34 39 35
34 38 39
42 43 47
42 47 46
48 49 53
48 53 52
56 61 57
56 60 61
49 50 54
49 54 53
57 62 58
57 61 62
50 51 55
50 55 54
58 63 59
58 62 63
64 69 65
64 68 69
72 73 77
72 77 76
65 70 66
65 69 70
73 74 78
73 78 77
66 71 67
66 70 71
74 75 79
74 79 78
80 85 81
80 84 85
88 89 93
88 93 92
81 86 82
81 85 86
89 90 94
89 94 93
82 87 83
82 86 87
90 91 95
90 95 94
96 97 99
96 99 98
100 103 101
100 102 103
LABEL sfoot3_slat_8_1
MATERIAL 7
TEXTURE 0
GEOM 96 72 ;sfoot3_slat_8_1
0.886 -0.564 -1.787 0.0264 -0.0201 0.9995
0.852 -0.613 -1.787 0.0264 -0.0201 0.9995
0.816 -0.661 -1.787 0.0264 -0.0201 0.9995
0.777 -0.706 -1.787 0.0264 -0.0201 0.9995
9.491 -6.040 -2.125 0.0264 -0.0201 0.9995
9.133 -6.569 -2.125 0.0264 -0.0201 0.9995
8.745 -7.078 -2.125 0.0264 -0.0201 0.9995
8.328 -7.563 -2.125 0.0264 -0.0201 0.9995
0.886 -0.564 -1.787 -0.0264 0.0201 -0.9995
0.852 -0.613 -1.787 -0.0264 0.0201 -0.9995
0.816 -0.661 -1.787 -0.0264 0.0201 -0.9995
0.777 -0.706 -1.787 -0.0264 0.0201 -0.9995
9.491 -6.040 -2.125 -0.0264 0.0201 -0.9995
9.133 -6.569 -2.125 -0.0264 0.0201 -0.9995
8.745 -7.078 -2.125 -0.0264 0.0201 -0.9995
8.328 -7.563 -2.125 -0.0264 0.0201 -0.9995
0.886 -0.564 -2.037 -0.0264 0.0201 -0.9995
0.852 -0.613 -2.037 -0.0264 0.0201 -0.9995
0.816 -0.661 -2.037 -0.0264 0.0201 -0.9995
0.777 -0.706 -2.037 -0.0264 0.0201 -0.9995
9.491 -6.040 -2.375 -0.0264 0.0201 -0.9995
9.133 -6.569 -2.375 -0.0264 0.0201 -0.9995
8.745 -7.078 -2.375 -0.0264 0.0201 -0.9995
8.328 -7.563 -2.375 -0.0264 0.0201 -0.9995
0.886 -0.564 -2.037 0.0264 -0.0201 0.9995
0.852 -0.613 -2.037 0.0264 -0.0201 0.9995
0.816 -0.661 -2.037 0.0264 -0.0201 0.9995
0.777 -0.706 -2.037 0.0264 -0.0201 0.9995
9.491 -6.040 -2.375 0.0264 -0.0201 0.9995
9.133 -6.569 -2.375 0.0264 -0.0201 0.9995
8.745 -7.078 -2.375 0.0264 -0.0201 0.9995
8.328 -7.563 -2.375 0.0264 -0.0201 0.9995
9.491 -6.040 -2.375 0.7949 -0.6068 0.0000
9.133 -6.569 -2.375 0.7949 -0.6068 0.0000
8.745 -7.078 -2.375 0.7949 -0.6068 0.0000
8.328 -7.563 -2.375 0.7949 -0.6068 0.0000
9.491 -6.040 -2.125 0.7949 -0.6068 0.0000
9.133 -6.569 -2.125 0.7949 -0.6068 0.0000
8.745 -7.078 -2.125 0.7949 -0.6068 0.0000
8.328 -7.563 -2.125 0.7949 -0.6068 0.0000
9.491 -6.040 -2.375 -0.7949 0.6068 -0.0000
9.133 -6.569 -2.375 -0.7949 0.6068 -0.0000
8.745 -7.078 -2.375 -0.7949 0.6068 -0.0000
8.328 -7.563 -2.375 -0.7949 0.6068 -0.0000
9.491 -6.040 -2.125 -0.7949 0.6068 -0.0000
9.133 -6.569 -2.125 -0.7949 0.6068 -0.0000
8.745 -7.078 -2.125 -0.7949 0.6068 -0.0000
8.328 -7.563 -2.125 -0.7949 0.6068 -0.0000
0.886 -0.564 -2.037 -0.7949 0.6068 -0.0000
0.852 -0.613 -2.037 -0.7949 0.6068 -0.0000
0.816 -0.661 -2.037 -0.7949 0.6068 -0.0000
0.777 -0.706 -2.037 -0.7949 0.6068 -0.0000
0.886 -0.564 -1.787 -0.7949 0.6068 -0.0000
0.852 -0.613 -1.787 -0.7949 0.6068 -0.0000
0.816 -0.661 -1.787 -0.7949 0.6068 -0.0000
0.777 -0.706 -1.787 -0.7949 0.6068 -0.0000
0.886 -0.564 -2.037 0.7949 -0.6068 0.0000
0.852 -0.613 -2.037 0.7949 -0.6068 0.0000
0.816 -0.661 -2.037 0.7949 -0.6068 0.0000
0.777 -0.706 -2.037 0.7949 -0.6068 0.0000
0.886 -0.564 -1.787 0.7949 -0.6068 0.0000
0.852 -0.613 -1.787 0.7949 -0.6068 0.0000
0.816 -0.661 -1.787 0.7949 -0.6068 0.0000
0.777 -0.706 -1.787 0.7949 -0.6068 0.0000
9.491 -6.040 -2.125 0.7949 -0.6068 0.0000
9.133 -6.569 -2.125 0.7949 -0.6068 0.0000
8.745 -7.078 -2.125 0.7949 -0.6068 0.0000
8.328 -7.563 -2.125 0.7949 -0.6068 0.0000
9.491 -6.040 -1.425 0.7949 -0.6068 0.0000
9.133 -6.569 -1.425 0.7949 -0.6068 0.0000
8.745 -7.078 -1.425 0.7949 -0.6068 0.0000
8.328 -7.563 -1.425 0.7949 -0.6068 0.0000
9.491 -6.040 -2.125 -0.7949 0.6068 -0.0000
9.133 -6.569 -2.125 -0.7949 0.6068 -0.0000
8.745 -7.078 -2.125 -0.7949 0.6068 -0.0000
8.328 -7.563 -2.125 -0.7949 0.6068 -0.0000
9.491 -6.040 -1.425 -0.7949 0.6068 -0.0000
9.133 -6.569 -1.425 -0.7949 0.6068 -0.0000
8.745 -7.078 -1.425 -0.7949 0.6068 -0.0000
8.328 -7.563 -1.425 -0.7949 0.6068 -0.0000
9.491 -6.040 -1.425 -0.0000 -0.0000 1.0000
9.133 -6.569 -1.425 -0.0000 -0.0000 1.0000
8.745 -7.078 -1.425 -0.0000 -0.0000 1.0000
8.328 -7.563 -1.425 -0.0000 -0.0000 1.0000
9.196 -5.852 -1.413 -0.0000 -0.0000 1.0000
8.849 -6.365 -1.413 -0.0000 -0.0000 1.0000
8.473 -6.857 -1.413 -0.0000 -0.0000 1.0000
8.069 -7.328 -1.413 -0.0000 -0.0000 1.0000
9.491 -6.040 -1.425 0.0000 0.0000 -1.0000
9.133 -6.569 -1.425 0.0000 0.0000 -1.0000
8.745 -7.078 -1.425 0.0000 0.0000 -1.0000
8.328 -7.563 -1.425 0.0000 0.0000 -1.0000
9.196 -5.852 -1.413 0.0000 0.0000 -1.0000
8.849 -6.365 -1.413 0.0000 0.0000 -1.0000
8.473 -6.857 -1.413 0.0000 0.0000 -1.0000
8.069 -7.328 -1.413 0.0000 0.0000 -1.0000
0 1 5
0 5 4
8 13 9
8 12 13
1 2 6
1 6 5
9 14 10
9 13 14
2 3 7
2 7 6
10 15 11
10 14 15
16 21 17
16 20 21
24 25 29
24 29 28
17 22 18
17 21 22
25 26 30
25 30 29
18 23 19
18 22 23
26 27 31
26 31 30
32 37 33
32 36 37
40 41 45
40 45 44
33 38 34
33 37 38
41 42 46
41 46 45
34 39 35
34 38 39
42 43 47
42 47 46
48 49 53
48 53 52
56 61 57
56 60 61
49 50 54
49 54 53
57 62 58
57 61 62
50 51 55
50 55 54
58 63 59
58 62 63
64 69 65
64 68 69
72 73 77
72 77 76
65 70 66
65 69 70
73 74 78
73 78 77
66 71 67
66 70 71
74 75 79
74 79 78
80 85 81
80 84 85
88 89 93
88 93 92
81 86 82
81 85 86
89 90 94
89 94 93
82 87 83
82 86 87
90 91 95
90 95 94
LABEL sfoot3_slat_8_2
MATERIAL 7
TEXTURE 0
GEOM 104 76 ;sfoot3_slat_8_2
0.774 -0.709 -1.787 0.0264 -0.0201 0.9995
0.735 -0.749 -1.787 0.0264 -0.0201 0.9995
0.694 -0.788 -1.787 0.0264 -0.0201 0.9995
0.651 -0.824 -1.787 0.0264 -0.0201 0.9995
8.298 -7.596 -2.125 0.0264 -0.0201 0.9995
7.880 -8.029 -2.125 0.0264 -0.0201 0.9995
7.439 -8.439 -2.125 0.0264 -0.0201 0.9995
6.977 -8.825 -2.125 0.0264 -0.0201 0.9995
0.774 -0.709 -1.787 -0.0264 0.0201 -0.9995
0.735 -0.749 -1.787 -0.0264 0.0201 -0.9995
0.694 -0.788 -1.787 -0.0264 0.0201 -0.9995
0.651 -0.824 -1.787 -0.0264 0.0201 -0.9995
8.298 -7.596 -2.125 -0.0264 0.0201 -0.9995
7.880 -8.029 -2.125 -0.0264 0.0201 -0.9995
7.439 -8.439 -2.125 -0.0264 0.0201 -0.9995
6.977 -8.825 -2.125 -0.0264 0.0201 -0.9995
0.774 -0.709 -2.037 -0.0264 0.0201 -0.9995
0.735 -0.749 -2.037 -0.0264 0.0201 -0.9995
0.694 -0.788 -2.037 -0.0264 0.0201 -0.9995
0.651 -0.824 -2.037 -0.0264 0.0201 -0.9995
8.298 -7.596 -2.375 -0.0264 0.0201 -0.9995
7.880 -8.029 -2.375 -0.0264 0.0201 -0.9995
7.439 -8.439 -2.375 -0.0264 0.0201 -0.9995
6.977 -8.825 -2.375 -0.0264 0.0201 -0.9995
0.774 -0.709 -2.037 0.0264 -0.0201 0.9995
0.735 -0.749 -2.037 0.0264 -0.0201 0.9995
0.694 -0.788 -2.037 0.0264 -0.0201 0.9995
0.651 -0.824 -2.037 0.0264 -0.0201 0.9995
8.298 -7.596 -2.375 0.0264 -0.0201 0.9995
7.880 -8.029 -2.375 0.0264 -0.0201 0.9995
7.439 -8.439 -2.375 0.0264 -0.0201 0.9995
6.977 -8.825 -2.375 0.0264 -0.0201 0.9995
8.298 -7.596 -2.375 0.6811 -0.7322 -0.0000
7.880 -8.029 -2.375 0.6811 -0.7322 -0.0000
7.439 -8.439 -2.375 0.6811 -0.7322 -0.0000
6.977 -8.825 -2.375 0.6811 -0.7322 -0.0000
8.298 -7.596 -2.125 0.6811 -0.7322 -0.0000
7.880 -8.029 -2.125 0.6811 -0.7322 -0.0000
7.439 -8.439 -2.125 0.6811 -0.7322 -0.0000
6.977 -8.825 -2.125 0.6811 -0.7322 -0.0000
8.298 -7.596 -2.375 -0.6811 0.7322 0.0000
7.880 -8.029 -2.375 -0.6811 0.7322 0.0000
7.439 -8.439 -2.375 -0.6811 0.7322 0.0000
6.977 -8.825 -2.375 -0.6811 0.7322 0.0000
8.298 -7.596 -2.125 -0.6811 0.7322 0.0000
7.880 -8.029 -2.125 -0.6811 0.7322 0.0000
7.439 -8.439 -2.125 -0.6811 0.7322 0.0000
6.977 -8.825 -2.125 -0.6811 0.7322 0.0000
0.774 -0.709 -2.037 -0.6811 0.7322 0.0000
0.735 -0.749 -2.037 -0.6811 0.7322 0.0000
0.694 -0.788 -2.037 -0.6811 0.7322 0.0000
0.651 -0.824 -2.037 -0.6811 0.7322 0.0000
0.774 -0.709 -1.787 -0.6811 0.7322 0.0000
0.735 -0.749 -1.787 -0.6811 0.7322 0.0000
0.694 -0.788 -1.787 -0.6811 0.7322 0.0000
0.651 -0.824 -1.787 -0.6811 0.7322 0.0000
0.774 -0.709 -2.037 0.6811 -0.7322 -0.0000
0.735 -0.749 -2.037 0.6811 -0.7322 -0.0000
0.694 -0.788 -2.037 0.6811 -0.7322 -0.0000
0.651 -0.824 -2.037 0.6811 -0.7322 -0.0000
0.774 -0.709 -1.787 0.6811 -0.7322 -0.0000
0.735 -0.749 -1.787 0.6811 -0.7322 -0.0000
0.694 -0.788 -1.787 0.6811 -0.7322 -0.0000
0.651 -0.824 -1.787 0.6811 -0.7322 -0.0000
8.298 -7.596 -2.125 0.6811 -0.7322 -0.0000
7.880 -8.029 -2.125 0.6811 -0.7322 -0.0000
7.439 -8.439 -2.125 0.6811 -0.7322 -0.0000
6.977 -8.825 -2.125 0.6811 -0.7322 -0.0000
8.298 -7.596 -1.425 0.6811 -0.7322 -0.0000
7.880 -8.029 -1.425 0.6811 -0.7322 -0.0000
7.439 -8.439 -1.425 0.6811 -0.7322 -0.0000
6.977 -8.825 -1.425 0.6811 -0.7322 -0.0000
8.298 -7.596 -2.125 -0.6811 0.7322 0.0000
7.880 -8.029 -2.125 -0.6811 0.7322 0.0000
7.439 -8.439 -2.125 -0.6811 0.7322 0.0000
6.977 -8.825 -2.125 -0.6811 0.7322 0.0000
8.298 -7.596 -1.425 -0.6811 0.7322 0.0000
7.880 -8.029 -1.425 -0.6811 0.7322 0.0000
7.439 -8.439 -1.425 -0.6811 0.7322 0.0000
6.977 -8.825 -1.425 -0.6811 0.7322 0.0000
8.298 -7.596 -1.425 -0.0000 -0.0000 1.0000
7.880 -8.029 -1.425 -0.0000 -0.0000 1.0000
7.439 -8.439 -1.425 -0.0000 -0.0000 1.0000
6.977 -8.825 -1.425 -0.0000 -0.0000 1.0000
8.040 -7.360 -1.413 -0.0000 -0.0000 1.0000
7.635 -7.779 -1.413 -0.0000 -0.0000 1.0000
7.208 -8.177 -1.413 -0.0000 -0.0000 1.0000
6.760 -8.550 -1.413 -0.0000 -0.0000 1.0000
8.298 -7.596 -1.425 0.0000 0.0000 -1.0000
7.880 -8.029 -1.425 0.0000 0.0000 -1.0000
7.439 -8.439 -1.425 0.0000 0.0000 -1.0000
6.977 -8.825 -1.425 0.0000 0.0000 -1.0000
8.040 -7.360 -1.413 0.0000 0.0000 -1.0000
7.635 -7.779 -1.413 0.0000 0.0000 -1.0000
7.208 -8.177 -1.413 0.0000 0.0000 -1.0000
6.760 -8.550 -1.413 0.0000 0.0000 -1.0000
0.651 -0.824 -2.037 -0.7844 -0.6202 0.0000
6.977 -8.825 -2.375 -0.7844 -0.6202 0.0000
0.651 -0.824 -1.787 -0.7844 -0.6202 0.0000
6.977 -8.825 -2.125 -0.7844 -0.6202 0.0000
0.651 -0.824 -2.037 0.7844 0.6202 -0.0000
6.977 -8.825 -2.375 0.7844 0.6202 -0.0000
0.651 -0.824 -1.787 0.7844 0.6202 -0.0000
6.977 -8.825 -2.125 0.7844 0.6202 -0.0000
0 1 5
0 5 4
8 13 9
8 12 13
1 2 6
1 6 5
9 14 10
9 13 14
2 3 7
2 7 6
10 15 11
10 14 15
16 21 17
16 20 21
24 25 29
24 29 28
17 22 18
17 21 22
25 26 30
25 30 29
18 23 19
18 22 23
26 27 31
26 31 30
32 37 33
32 36 37
40 41 45
40 45 44
33 38 34
33 37 38
41 42 46
41 46 45
34 39 35
34 38 39
42 43 47
42 47 46
48 49 53
48 53 52
56 61 57
56 60 61
49 50 54
49 54 53
57 62 58
57 61 62
50 51 55
50 55 54
58 63 59
58 62 63
64 69 65
64 68 69
72 73 77
72 77 76
65 70 66
65 69 70
73 74 78
73 78 77
66 71 67
66 70 71
74 75 79
74 79 78
80 85 81
80 84 85
88 89 93
88 93 92
81 86 82
81 85 86
89 90 94
89 94 93
82 87 83
82 86 87
90 91 95
90 95 94
96 97 99
96 99 98
100 103 101
100 102 103
LABEL sfoot3_strut_8
MATERIAL 9
TEXTURE 0
GEOM 50 48 ;sfoot3_strut_8
1.219 -0.698 2.521 0.6099 -0.0000 0.7925
1.076 -0.912 2.547 0.3231 -0.4278 0.8441
0.889 -1.068 2.460 -0.0503 -0.7410 0.6696
0.709 -1.126 2.283 -0.4102 -0.8556 0.3157
0.584 -1.068 2.064 -0.6602 -0.7410 -0.1228
0.547 -0.912 1.861 -0.7333 -0.4278 -0.5284
0.609 -0.698 1.729 -0.6099 -0.0000 -0.7925
0.753 -0.484 1.703 -0.3231 0.4278 -0.8441
0.939 -0.327 1.790 0.0503 0.7410 -0.6696
1.119 -0.270 1.967 0.4102 0.8556 -0.3157
1.244 -0.327 2.186 0.6602 0.7410 0.1228
1.281 -0.484 2.389 0.7333 0.4278 0.5284
4.007 -2.826 0.375 0.6099 -0.0000 0.7925
3.864 -3.040 0.401 0.3231 -0.4278 0.8441
3.677 -3.197 0.314 -0.0503 -0.7410 0.6696
3.497 -3.254 0.137 -0.4102 -0.8556 0.3157
3.372 -3.197 -0.082 -0.6602 -0.7410 -0.1228
3.335 -3.040 -0.285 -0.7333 -0.4278 -0.5284
3.397 -2.826 -0.417 -0.6099 -0.0000 -0.7925
3.541 -2.612 -0.443 -0.3231 0.4278 -0.8441
3.727 -2.456 -0.356 0.0503 0.7410 -0.6696
3.907 -2.398 -0.179 0.4102 0.8556 -0.3157
4.032 -2.456 0.041 0.6602 0.7410 0.1228
4.069 -2.612 0.243 0.7333 0.4278 0.5284
0.914 -0.698 2.125 -0.6780 0.5176 0.5219
1.219 -0.698 2.521 -0.6780 0.5176 0.5219
1.076 -0.912 2.547 -0.6780 0.5176 0.5219
0.889 -1.068 2.460 -0.6780 0.5176 0.5219
0.709 -1.126 2.283 -0.6780 0.5176 0.5219
0.584 -1.068 2.064 -0.6780 0.5176 0.5219
0.547 -0.912 1.861 -0.6780 0.5176 0.5219
0.609 -0.698 1.729 -0.6780 0.5176 0.5219
0.753 -0.484 1.703 -0.6780 0.5176 0.5219
0.939 -0.327 1.790 -0.6780 0.5176 0.5219
1.119 -0.270 1.967 -0.6780 0.5176 0.5219
1.244 -0.327 2.186 -0.6780 0.5176 0.5219
1.281 -0.484 2.389 -0.6780 0.5176 0.5219
3.702 -2.826 -0.021 0.6780 -0.5176 -0.5219
4.007 -2.826 0.375 0.6780 -0.5176 -0.5219
3.864 -3.040 0.401 0.6780 -0.5176 -0.5219
3.677 -3.197 0.314 0.6780 -0.5176 -0.5219
3.497 -3.254 0.137 0.6780 -0.5176 -0.5219
3.372 -3.197 -0.082 0.6780 -0.5176 -0.5219
3.335 -3.040 -0.285 0.6780 -0.5176 -0.5219
3.397 -2.826 -0.417 0.6780 -0.5176 -0.5219
3.541 -2.612 -0.443 0.6780 -0.5176 -0.5219
3.727 -2.456 -0.356 0.6780 -0.5176 -0.5219
3.907 -2.398 -0.179 0.6780 -0.5176 -0.5219
4.032 -2.456 0.041 0.6780 -0.5176 -0.5219
4.069 -2.612 0.243 0.6780 -0.5176 -0.5219
0 1 13
0 13 12
1 2 14
1 14 13
2 3 15
2 15 14
3 4 16
3 16 15
4 5 17
4 17 16
5 6 18
5 18 17
6 7 19
6 19 18
7 8 20
7 20 19
8 9 21
8 21 20
9 10 22
9 22 21
10 11 23
10 23 22
11 0 12
11 12 23
24 26 25
24 27 26
24 28 27
24 29 28
24 30 29
24 31 30
24 32 31
24 33 32
24 34 33
24 35 34
24 36 35
24 25 36
37 38 39
37 39 40
37 40 41
37 41 42
37 42 43
37 43 44
37 44 45
37 45 46
37 46 47
37 47 48
37 48 49
37 49 38
LABEL sfoot3_rod_8
MATERIAL 7
TEXTURE 0
GEOM 42 40 ;sfoot3_rod_8
3.448 -2.516 0.490 0.6099 -0.0000 0.7925
3.358 -2.641 0.499 0.2523 -0.5029 0.8267
3.245 -2.719 0.429 -0.2016 -0.8137 0.5451
3.151 -2.719 0.306 -0.5786 -0.8137 0.0554
3.112 -2.641 0.178 -0.7345 -0.5029 -0.4556
3.143 -2.516 0.094 -0.6099 -0.0000 -0.7925
3.232 -2.390 0.086 -0.2523 0.5029 -0.8267
3.346 -2.312 0.156 0.2016 0.8137 -0.5451
3.440 -2.312 0.278 0.5786 0.8137 -0.0554
3.479 -2.390 0.406 0.7345 0.5029 0.4556
6.136 -4.567 -1.578 0.6099 -0.0000 0.7925
6.046 -4.693 -1.570 0.2523 -0.5029 0.8267
5.933 -4.771 -1.640 -0.2016 -0.8137 0.5451
5.839 -4.771 -1.763 -0.5786 -0.8137 0.0554
5.800 -4.693 -1.890 -0.7345 -0.5029 -0.4556
5.831 -4.567 -1.975 -0.6099 -0.0000 -0.7925
5.920 -4.442 -1.983 -0.2523 0.5029 -0.8267
6.034 -4.364 -1.913 0.2016 0.8137 -0.5451
6.128 -4.364 -1.790 0.5786 0.8137 -0.0554
6.167 -4.442 -1.663 0.7345 0.5029 0.4556
3.295 -2.516 0.292 -0.6780 0.5176 0.5219
3.448 -2.516 0.490 -0.6780 0.5176 0.5219
3.358 -2.641 0.499 -0.6780 0.5176 0.5219
3.245 -2.719 0.429 -0.6780 0.5176 0.5219
3.151 -2.719 0.306 -0.6780 0.5176 0.5219
3.112 -2.641 0.178 -0.6780 0.5176 0.5219
3.143 -2.516 0.094 -0.6780 0.5176 0.5219
3.232 -2.390 0.086 -0.6780 0.5176 0.5219
3.346 -2.312 0.156 -0.6780 0.5176 0.5219
3.440 -2.312 0.278 -0.6780 0.5176 0.5219
3.479 -2.390 0.406 -0.6780 0.5176 0.5219
5.983 -4.567 -1.776 0.6780 -0.5176 -0.5219
6.136 -4.567 -1.578 0.6780 -0.5176 -0.5219
6.046 -4.693 -1.570 0.6780 -0.5176 -0.5219
5.933 -4.771 -1.640 0.6780 -0.5176 -0.5219
5.839 -4.771 -1.763 0.6780 -0.5176 -0.5219
5.800 -4.693 -1.890 0.6780 -0.5176 -0.5219
5.831 -4.567 -1.975 0.6780 -0.5176 -0.5219
5.920 -4.442 -1.983 0.6780 -0.5176 -0.5219
6.034 -4.364 -1.913 0.6780 -0.5176 -0.5219
6.128 -4.364 -1.790 0.6780 -0.5176 -0.5219
6.167 -4.442 -1.663 0.6780 -0.5176 -0.5219
0 1 11
0 11 10
1 2 12
1 12 11
2 3 13
2 13 12
3 4 14
3 14 13
4 5 15
4 15 14
5 6 16
5 16 15
6 7 17
6 17 16
7 8 18
7 18 17
8 9 19
8 19 18
9 0 10
9 10 19
20 22 21
20 23 22
20 24 23
20 25 24
20 26 25
20 27 26
20 28 27
20 29 28
20 30 29
20 21 30
31 32 33
31 33 34
31 34 35
31 35 36
31 36 37
31 37 38
31 38 39
31 39 40
31 40 41
31 41 32
LABEL sfoot3_skirt_8_0
MATERIAL 7
TEXTURE 0
GEOM 16 12 ;sfoot3_skirt_8_0
10.352 -4.404 -3.275 0.8858 -0.4640 0.0000
10.102 -4.951 -3.275 0.8858 -0.4640 0.0000
9.823 -5.484 -3.275 0.8858 -0.4640 0.0000
9.515 -6.002 -3.275 0.8858 -0.4640 0.0000
10.352 -4.404 -2.375 0.8858 -0.4640 0.0000
10.102 -4.951 -2.375 0.8858 -0.4640 0.0000
9.823 -5.484 -2.375 0.8858 -0.4640 0.0000
9.515 -6.002 -2.375 0.8858 -0.4640 0.0000
10.352 -4.404 -3.275 -0.8858 0.4640 -0.0000
10.102 -4.951 -3.275 -0.8858 0.4640 -0.0000
9.823 -5.484 -3.275 -0.8858 0.4640 -0.0000
9.515 -6.002 -3.275 -0.8858 0.4640 -0.0000
10.352 -4.404 -2.375 -0.8858 0.4640 -0.0000
10.102 -4.951 -2.375 -0.8858 0.4640 -0.0000
9.823 -5.484 -2.375 -0.8858 0.4640 -0.0000
9.515 -6.002 -2.375 -0.8858 0.4640 -0.0000
0 5 1
0 4 5
8 9 13
8 13 12
1 6 2
1 5 6
9 10 14
9 14 13
2 7 3
2 6 7
10 11 15
10 15 14
LABEL sfoot3_skirt_8_1
MATERIAL 7
TEXTURE 0
GEOM 16 12 ;sfoot3_skirt_8_1
9.491 -6.040 -3.275 0.7949 -0.6068 0.0000
9.133 -6.569 -3.275 0.7949 -0.6068 0.0000
8.745 -7.078 -3.275 0.7949 -0.6068 0.0000
8.328 -7.563 -3.275 0.7949 -0.6068 0.0000
9.491 -6.040 -2.375 0.7949 -0.6068 0.0000
9.133 -6.569 -2.375 0.7949 -0.6068 0.0000
8.745 -7.078 -2.375 0.7949 -0.6068 0.0000
8.328 -7.563 -2.375 0.7949 -0.6068 0.0000
9.491 -6.040 -3.275 -0.7949 0.6068 -0.0000
9.133 -6.569 -3.275 -0.7949 0.6068 -0.0000
8.745 -7.078 -3.275 -0.7949 0.6068 -0.0000
8.328 -7.563 -3.275 -0.7949 0.6068 -0.0000
9.491 -6.040 -2.375 -0.7949 0.6068 -0.0000
9.133 -6.569 -2.375 -0.7949 0.6068 -0.0000
8.745 -7.078 -2.375 -0.7949 0.6068 -0.0000
8.328 -7.563 -2.375 -0.7949 0.6068 -0.0000
0 5 1
0 4 5
8 9 13
8 13 12
1 6 2
1 5 6
9 10 14
9 14 13
2 7 3
2 6 7
10 11 15
10 15 14
LABEL sfoot3_skirt_8_2
MATERIAL 7
TEXTURE 0
GEOM 16 12 ;sfoot3_skirt_8_2
8.298 -7.596 -3.275 0.6811 -0.7322 -0.0000
7.880 -8.029 -3.275 0.6811 -0.7322 -0.0000
7.439 -8.439 -3.275 0.6811 -0.7322 -0.0000
6.977 -8.825 -3.275 0.6811 -0.7322 -0.0000
8.298 -7.596 -2.375 0.6811 -0.7322 -0.0000
7.880 -8.029 -2.375 0.6811 -0.7322 -0.0000
7.439 -8.439 -2.375 0.6811 -0.7322 -0.0000
6.977 -8.825 -2.375 0.6811 -0.7322 -0.0000
8.298 -7.596 -3.275 -0.6811 0.7322 0.0000
7.880 -8.029 -3.275 -0.6811 0.7322 0.0000
7.439 -8.439 -3.275 -0.6811 0.7322 0.0000
6.977 -8.825 -3.275 -0.6811 0.7322 0.0000
8.298 -7.596 -2.375 -0.6811 0.7322 0.0000
7.880 -8.029 -2.375 -0.6811 0.7322 0.0000
7.439 -8.439 -2.375 -0.6811 0.7322 0.0000
6.977 -8.825 -2.375 -0.6811 0.7322 0.0000
0 5 1
0 4 5
8 9 13
8 13 12
1 6 2
1 5 6
9 10 14
9 14 13
2 7 3
2 6 7
10 11 15
10 15 14
LABEL sfoot3_petal_9
MATERIAL 7
TEXTURE 0
GEOM 66 52 ;sfoot3_petal_9
0.673 -0.704 -1.782 -0.3848 0.9224 0.0332
0.027 -0.973 -1.782 -0.3848 0.9224 0.0332
0.032 -0.987 -1.332 -0.3848 0.9224 0.0332
0.678 -0.717 -1.332 -0.3848 0.9224 0.0332
4.503 -9.887 -2.112 0.3848 -0.9224 -0.0332
3.857 -10.156 -2.112 0.3848 -0.9224 -0.0332
3.863 -10.170 -1.662 0.3848 -0.9224 -0.0332
4.509 -9.900 -1.662 0.3848 -0.9224 -0.0332
0.673 -0.704 -1.782 0.9229 0.3850 -0.0000
4.503 -9.887 -2.112 0.9229 0.3850 -0.0000
4.509 -9.900 -1.662 0.9229 0.3850 -0.0000
0.678 -0.717 -1.332 0.9229 0.3850 -0.0000
0.027 -0.973 -1.782 -0.9229 -0.3850 0.0000
3.857 -10.156 -2.112 -0.9229 -0.3850 0.0000
3.863 -10.170 -1.662 -0.9229 -0.3850 0.0000
0.032 -0.987 -1.332 -0.9229 -0.3850 0.0000
0.673 -0.704 -1.782 -0.0128 0.0306 -0.9995
4.503 -9.887 -2.112 -0.0128 0.0306 -0.9995
3.857 -10.156 -2.112 -0.0128 0.0306 -0.9995
0.027 -0.973 -1.782 -0.0128 0.0306 -0.9995
0.678 -0.717 -1.332 0.0128 -0.0306 0.9995
4.509 -9.900 -1.662 0.0128 -0.0306 0.9995
3.863 -10.170 -1.662 0.0128 -0.0306 0.9995
0.032 -0.987 -1.332 0.0128 -0.0306 0.9995
0.685 -0.473 -2.125 0.0000 0.0000 -1.0000
0.753 -0.636 -2.068 0.2263 -0.5425 -0.8090
0.795 -0.736 -1.918 0.3661 -0.8778 -0.3090
0.795 -0.736 -1.732 0.3661 -0.8778 0.3090
0.753 -0.636 -1.582 0.2263 -0.5425 0.8090
0.685 -0.473 -1.525 0.0000 -0.0000 1.0000
0.617 -0.310 -1.582 -0.2263 0.5425 0.8090
0.575 -0.209 -1.732 -0.3661 0.8778 0.3090
0.575 -0.209 -1.918 -0.3661 0.8778 -0.3090
0.617 -0.310 -2.068 -0.2263 0.5425 -0.8090
-0.146 -0.819 -2.125 0.0000 0.0000 -1.0000
-0.078 -0.982 -2.068 0.2263 -0.5425 -0.8090
-0.036 -1.083 -1.918 0.3661 -0.8778 -0.3090
-0.036 -1.083 -1.732 0.3661 -0.8778 0.3090
-0.078 -0.982 -1.582 0.2263 -0.5425 0.8090
-0.146 -0.819 -1.525 0.0000 -0.0000 1.0000
-0.214 -0.657 -1.582 -0.2263 0.5425 0.8090
-0.256 -0.556 -1.732 -0.3661 0.8778 0.3090
-0.256 -0.556 -1.918 -0.3661 0.8778 -0.3090
-0.214 -0.657 -2.068 -0.2263 0.5425 -0.8090
0.685 -0.473 -1.825 0.9229 0.3850 -0.0000
0.685 -0.473 -2.125 0.9229 0.3850 -0.0000
0.753 -0.636 -2.068 0.9229 0.3850 -0.0000
0.795 -0.736 -1.918 0.9229 0.3850 -0.0000
0.795 -0.736 -1.732 0.9229 0.3850 -0.0000
0.753 -0.636 -1.582 0.9229 0.3850 -0.0000
0.685 -0.473 -1.525 0.9229 0.3850 -0.0000
0.617 -0.310 -1.582 0.9229 0.3850 -0.0000
0.575 -0.209 -1.732 0.9229 0.3850 -0.0000
0.575 -0.209 -1.918 0.9229 0.3850 -0.0000
0.617 -0.310 -2.068 0.9229 0.3850 -0.0000
-0.146 -0.819 -1.825 -0.9229 -0.3850 0.0000
-0.146 -0.819 -2.125 -0.9229 -0.3850 0.0000
-0.078 -0.982 -2.068 -0.9229 -0.3850 0.0000
-0.036 -1.083 -1.918 -0.9229 -0.3850 0.0000
-0.036 -1.083 -1.732 -0.9229 -0.3850 0.0000
-0.078 -0.982 -1.582 -0.9229 -0.3850 0.0000
-0.146 -0.819 -1.525 -0.9229 -0.3850 0.0000
-0.214 -0.657 -1.582 -0.9229 -0.3850 0.0000
-0.256 -0.556 -1.732 -0.9229 -0.3850 0.0000
-0.256 -0.556 -1.918 -0.9229 -0.3850 0.0000
-0.214 -0.657 -2.068 -0.9229 -0.3850 0.0000
0 1 2
0 2 3
4 6 5
4 7 6
8 10 9
8 11 10
12 13 14
12 14 15
16 17 18
16 18 19
20 22 21
20 23 22
24 25 35
24 35 34
25 26 36
25 36 35
26 27 37
26 37 36
27 28 38
27 38 37
28 29 39
28 39 38
29 30 40
29 40 39
30 31 41
30 41 40
31 32 42
31 42 41
32 33 43
32 43 42
33 24 34
33 34 43
44 46 45
44 47 46
44 48 47
44 49 48
44 50 49
44 51 50
44 52 51
44 53 52
44 54 53
44 45 54
55 56 57
55 57 58
55 58 59
55 59 60
55 60 61
55 61 62
55 62 63
55 63 64
55 64 65
55 65 56
LABEL sfoot3_slat_9_0
MATERIAL 7
TEXTURE 0
GEOM 104 76 ;sfoot3_slat_9_0
0.631 -0.839 -1.787 0.0128 -0.0306 0.9995
0.585 -0.872 -1.787 0.0128 -0.0306 0.9995
0.538 -0.902 -1.787 0.0128 -0.0306 0.9995
0.489 -0.929 -1.787 0.0128 -0.0306 0.9995
6.763 -8.990 -2.125 0.0128 -0.0306 0.9995
6.273 -9.339 -2.125 0.0128 -0.0306 0.9995
5.764 -9.661 -2.125 0.0128 -0.0306 0.9995
5.239 -9.955 -2.125 0.0128 -0.0306 0.9995
0.631 -0.839 -1.787 -0.0128 0.0306 -0.9995
0.585 -0.872 -1.787 -0.0128 0.0306 -0.9995
0.538 -0.902 -1.787 -0.0128 0.0306 -0.9995
0.489 -0.929 -1.787 -0.0128 0.0306 -0.9995
6.763 -8.990 -2.125 -0.0128 0.0306 -0.9995
6.273 -9.339 -2.125 -0.0128 0.0306 -0.9995
5.764 -9.661 -2.125 -0.0128 0.0306 -0.9995
5.239 -9.955 -2.125 -0.0128 0.0306 -0.9995
0.631 -0.839 -2.037 -0.0128 0.0306 -0.9995
0.585 -0.872 -2.037 -0.0128 0.0306 -0.9995
0.538 -0.902 -2.037 -0.0128 0.0306 -0.9995
0.489 -0.929 -2.037 -0.0128 0.0306 -0.9995
6.763 -8.990 -2.375 -0.0128 0.0306 -0.9995
6.273 -9.339 -2.375 -0.0128 0.0306 -0.9995
5.764 -9.661 -2.375 -0.0128 0.0306 -0.9995
5.239 -9.955 -2.375 -0.0128 0.0306 -0.9995
0.631 -0.839 -2.037 0.0128 -0.0306 0.9995
0.585 -0.872 -2.037 0.0128 -0.0306 0.9995
0.538 -0.902 -2.037 0.0128 -0.0306 0.9995
0.489 -0.929 -2.037 0.0128 -0.0306 0.9995
6.763 -8.990 -2.375 0.0128 -0.0306 0.9995
6.273 -9.339 -2.375 0.0128 -0.0306 0.9995
5.764 -9.661 -2.375 0.0128 -0.0306 0.9995
5.239 -9.955 -2.375 0.0128 -0.0306 0.9995
6.763 -8.990 -2.375 0.5352 -0.8447 -0.0000
6.273 -9.339 -2.375 0.5352 -0.8447 -0.0000
5.764 -9.661 -2.375 0.5352 -0.8447 -0.0000
5.239 -9.955 -2.375 0.5352 -0.8447 -0.0000
6.763 -8.990 -2.125 0.5352 -0.8447 -0.0000
6.273 -9.339 -2.125 0.5352 -0.8447 -0.0000
5.764 -9.661 -2.125 0.5352 -0.8447 -0.0000
5.239 -9.955 -2.125 0.5352 -0.8447 -0.0000
6.763 -8.990 -2.375 -0.5352 0.8447 0.0000
6.273 -9.339 -2.375 -0.5352 0.8447 0.0000
5.764 -9.661 -2.375 -0.5352 0.8447 0.0000
5.239 -9.955 -2.375 -0.5352 0.8447 0.0000
6.763 -8.990 -2.125 -0.5352 0.8447 0.0000
6.273 -9.339 -2.125 -0.5352 0.8447 0.0000
5.764 -9.661 -2.125 -0.5352 0.8447 0.0000
5.239 -9.955 -2.125 -0.5352 0.8447 0.0000
0.631 -0.839 -2.037 -0.5352 0.8447 0.0000
0.585 -0.872 -2.037 -0.5352 0.8447 0.0000
0.538 -0.902 -2.037 -0.5352 0.8447 0.0000
0.489 -0.929 -2.037 -0.5352 0.8447 0.0000
0.631 -0.839 -1.787 -0.5352 0.8447 0.0000
0.585 -0.872 -1.787 -0.5352 0.8447 0.0000
0.538 -0.902 -1.787 -0.5352 0.8447 0.0000
0.489 -0.929 -1.787 -0.5352 0.8447 0.0000
0.631 -0.839 -2.037 0.5352 -0.8447 -0.0000
0.585 -0.872 -2.037 0.5352 -0.8447 -0.0000
0.538 -0.902 -2.037 0.5352 -0.8447 -0.0000
0.489 -0.929 -2.037 0.5352 -0.8447 -0.0000
0.631 -0.839 -1.787 0.5352 -0.8447 -0.0000
0.585 -0.872 -1.787 0.5352 -0.8447 -0.0000
0.538 -0.902 -1.787 0.5352 -0.8447 -0.0000
0.489 -0.929 -1.787 0.5352 -0.8447 -0.0000
6.763 -8.990 -2.125 0.5352 -0.8447 -0.0000
6.273 -9.339 -2.125 0.5352 -0.8447 -0.0000
5.764 -9.661 -2.125 0.5352 -0.8447 -0.0000
5.239 -9.955 -2.125 0.5352 -0.8447 -0.0000
6.763 -8.990 -1.425 0.5352 -0.8447 -0.0000
6.273 -9.339 -1.425 0.5352 -0.8447 -0.0000
5.764 -9.661 -1.425 0.5352 -0.8447 -0.0000
5.239 -9.955 -1.425 0.5352 -0.8447 -0.0000
6.763 -8.990 -2.125 -0.5352 0.8447 0.0000
6.273 -9.339 -2.125 -0.5352 0.8447 0.0000
5.764 -9.661 -2.125 -0.5352 0.8447 0.0000
5.239 -9.955 -2.125 -0.5352 0.8447 0.0000
6.763 -8.990 -1.425 -0.5352 0.8447 0.0000
6.273 -9.339 -1.425 -0.5352 0.8447 0.0000
5.764 -9.661 -1.425 -0.5352 0.8447 0.0000
5.239 -9.955 -1.425 -0.5352 0.8447 0.0000
6.763 -8.990 -1.425 -0.0000 -0.0000 1.0000
6.273 -9.339 -1.425 -0.0000 -0.0000 1.0000
5.764 -9.661 -1.425 -0.0000 -0.0000 1.0000
5.239 -9.955 -1.425 -0.0000 -0.0000 1.0000
6.553 -8.710 -1.413 -0.0000 -0.0000 1.0000
6.078 -9.048 -1.413 -0.0000 -0.0000 1.0000
5.585 -9.360 -1.413 -0.0000 -0.0000 1.0000
5.076 -9.646 -1.413 -0.0000 -0.0000 1.0000
6.763 -8.990 -1.425 0.0000 0.0000 -1.0000
6.273 -9.339 -1.425 0.0000 0.0000 -1.0000
5.764 -9.661 -1.425 0.0000 0.0000 -1.0000
5.239 -9.955 -1.425 0.0000 0.0000 -1.0000
6.553 -8.710 -1.413 0.0000 0.0000 -1.0000
6.078 -9.048 -1.413 0.0000 0.0000 -1.0000
5.585 -9.360 -1.413 0.0000 0.0000 -1.0000
5.076 -9.646 -1.413 0.0000 0.0000 -1.0000
0.631 -0.839 -2.037 -0.7991 -0.6012 0.0000
6.763 -8.990 -2.375 -0.7991 -0.6012 0.0000
0.631 -0.839 -1.787 -0.7991 -0.6012 0.0000
6.763 -8.990 -2.125 -0.7991 -0.6012 0.0000
0.631 -0.839 -2.037 0.7991 0.6012 -0.0000
6.763 -8.990 -2.375 0.7991 0.6012 -0.0000
0.631 -0.839 -1.787 0.7991 0.6012 -0.0000
6.763 -8.990 -2.125 0.7991 0.6012 -0.0000
0 1 5
0 5 4
8 13 9
8 12 13
1 2 6
1 6 5
9 14 10
9 13 14
2 3 7
2 7 6
10 15 11
10 14 15
16 21 17
16 20 21
24 25 29
24 29 28
17 22 18
17 21 22
25 26 30
25 30 29
18 23 19
18 22 23
26 27 31
26 31 30
32 37 33
32 36 37
40 41 45
40 45 44
33 38 34
33 37 38
41 42 46
41 46 45
34 39 35
34 38 39
42 43 47
42 47 46
48 49 53
48 53 52
56 61 57
56 60 61
49 50 54
49 54 53
57 62 58
57 61 62
50 51 55
50 55 54
58 63 59
58 62 63
64 69 65
64 68 69
72 73 77
72 77 76
65 70 66
65 69 70
73 74 78
73 78 77
66 71 67
66 70 71
74 75 79
74 79 78
80 85 81
80 84 85
88 89 93
88 93 92
81 86 82
81 85 86
89 90 94
89 94 93
82 87 83
82 86 87
90 91 95
90 95 94
96 97 99
96 99 98
100 103 101
100 102 103
LABEL sfoot3_slat_9_1
MATERIAL 7
TEXTURE 0
GEOM 96 72 ;sfoot3_slat_9_1
0.485 -0.931 -1.787 0.0128 -0.0306 0.9995
0.432 -0.957 -1.787 0.0128 -0.0306 0.9995
0.377 -0.980 -1.787 0.0128 -0.0306 0.9995
0.320 -1.000 -1.787 0.0128 -0.0306 0.9995
5.200 -9.976 -2.125 0.0128 -0.0306 0.9995
4.624 -10.256 -2.125 0.0128 -0.0306 0.9995
4.034 -10.502 -2.125 0.0128 -0.0306 0.9995
3.431 -10.714 -2.125 0.0128 -0.0306 0.9995
0.485 -0.931 -1.787 -0.0128 0.0306 -0.9995
0.432 -0.957 -1.787 -0.0128 0.0306 -0.9995
0.377 -0.980 -1.787 -0.0128 0.0306 -0.9995
0.320 -1.000 -1.787 -0.0128 0.0306 -0.9995
5.200 -9.976 -2.125 -0.0128 0.0306 -0.9995
4.624 -10.256 -2.125 -0.0128 0.0306 -0.9995
4.034 -10.502 -2.125 -0.0128 0.0306 -0.9995
3.431 -10.714 -2.125 -0.0128 0.0306 -0.9995
0.485 -0.931 -2.037 -0.0128 0.0306 -0.9995
0.432 -0.957 -2.037 -0.0128 0.0306 -0.9995
0.377 -0.980 -2.037 -0.0128 0.0306 -0.9995
0.320 -1.000 -2.037 -0.0128 0.0306 -0.9995
5.200 -9.976 -2.375 -0.0128 0.0306 -0.9995
4.624 -10.256 -2.375 -0.0128 0.0306 -0.9995
4.034 -10.502 -2.375 -0.0128 0.0306 -0.9995
3.431 -10.714 -2.375 -0.0128 0.0306 -0.9995
0.485 -0.931 -2.037 0.0128 -0.0306 0.9995
0.432 -0.957 -2.037 0.0128 -0.0306 0.9995
0.377 -0.980 -2.037 0.0128 -0.0306 0.9995
0.320 -1.000 -2.037 0.0128 -0.0306 0.9995
5.200 -9.976 -2.375 0.0128 -0.0306 0.9995
4.624 -10.256 -2.375 0.0128 -0.0306 0.9995
4.034 -10.502 -2.375 0.0128 -0.0306 0.9995
3.431 -10.714 -2.375 0.0128 -0.0306 0.9995
5.200 -9.976 -2.375 0.3850 -0.9229 -0.0000
4.624 -10.256 -2.375 0.3850 -0.9229 -0.0000
4.034 -10.502 -2.375 0.3850 -0.9229 -0.0000
3.431 -10.714 -2.375 0.3850 -0.9229 -0.0000
5.200 -9.976 -2.125 0.3850 -0.9229 -0.0000
4.624 -10.256 -2.125 0.3850 -0.9229 -0.0000
4.034 -10.502 -2.125 0.3850 -0.9229 -0.0000
3.431 -10.714 -2.125 0.3850 -0.9229 -0.0000
5.200 -9.976 -2.375 -0.3850 0.9229 0.0000
4.624 -10.256 -2.375 -0.3850 0.9229 0.0000
4.034 -10.502 -2.375 -0.3850 0.9229 0.0000
3.431 -10.714 -2.375 -0.3850 0.9229 0.0000
5.200 -9.976 -2.125 -0.3850 0.9229 0.0000
4.624 -10.256 -2.125 -0.3850 0.9229 0.0000
4.034 -10.502 -2.125 -0.3850 0.9229 0.0000
3.431 -10.714 -2.125 -0.3850 0.9229 0.0000
0.485 -0.931 -2.037 -0.3850 0.9229 0.0000
0.432 -0.957 -2.037 -0.3850 0.9229 0.0000
0.377 -0.980 -2.037 -0.3850 0.9229 0.0000
0.320 -1.000 -2.037 -0.3850 0.9229 0.0000
0.485 -0.931 -1.787 -0.3850 0.9229 0.0000
0.432 -0.957 -1.787 -0.3850 0.9229 0.0000
0.377 -0.980 -1.787 -0.3850 0.9229 0.0000
0.320 -1.000 -1.787 -0.3850 0.9229 0.0000
0.485 -0.931 -2.037 0.3850 -0.9229 -0.0000
0.432 -0.957 -2.037 0.3850 -0.9229 -0.0000
0.377 -0.980 -2.037 0.3850 -0.9229 -0.0000
0.320 -1.000 -2.037 0.3850 -0.9229 -0.0000
0.485 -0.931 -1.787 0.3850 -0.9229 -0.0000
0.432 -0.957 -1.787 0.3850 -0.9229 -0.0000
0.377 -0.980 -1.787 0.3850 -0.9229 -0.0000
0.320 -1.000 -1.787 0.3850 -0.9229 -0.0000
5.200 -9.976 -2.125 0.3850 -0.9229 -0.0000
4.624 -10.256 -2.125 0.3850 -0.9229 -0.0000
4.034 -10.502 -2.125 0.3850 -0.9229 -0.0000
3.431 -10.714 -2.125 0.3850 -0.9229 -0.0000
5.200 -9.976 -1.425 0.3850 -0.9229 -0.0000
4.624 -10.256 -1.425 0.3850 -0.9229 -0.0000
4.034 -10.502 -1.425 0.3850 -0.9229 -0.0000
3.431 -10.714 -1.425 0.3850 -0.9229 -0.0000
5.200 -9.976 -2.125 -0.3850 0.9229 0.0000
4.624 -10.256 -2.125 -0.3850 0.9229 0.0000
4.034 -10.502 -2.125 -0.3850 0.9229 0.0000
3.431 -10.714 -2.125 -0.3850 0.9229 0.0000
5.200 -9.976 -1.425 -0.3850 0.9229 0.0000
4.624 -10.256 -1.425 -0.3850 0.9229 0.0000
4.034 -10.502 -1.425 -0.3850 0.9229 0.0000
3.431 -10.714 -1.425 -0.3850 0.9229 0.0000
5.200 -9.976 -1.425 -0.0000 -0.0000 1.0000
4.624 -10.256 -1.425 -0.0000 -0.0000 1.0000
4.034 -10.502 -1.425 -0.0000 -0.0000 1.0000
3.431 -10.714 -1.425 -0.0000 -0.0000 1.0000
5.038 -9.666 -1.413 -0.0000 -0.0000 1.0000
4.481 -9.937 -1.413 -0.0000 -0.0000 1.0000
3.909 -10.175 -1.413 -0.0000 -0.0000 1.0000
3.324 -10.381 -1.413 -0.0000 -0.0000 1.0000
5.200 -9.976 -1.425 0.0000 0.0000 -1.0000
4.624 -10.256 -1.425 0.0000 0.0000 -1.0000
4.034 -10.502 -1.425 0.0000 0.0000 -1.0000
3.431 -10.714 -1.425 0.0000 0.0000 -1.0000
5.038 -9.666 -1.413 0.0000 0.0000 -1.0000
4.481 -9.937 -1.413 0.0000 0.0000 -1.0000
3.909 -10.175 -1.413 0.0000 0.0000 -1.0000
3.324 -10.381 -1.413 0.0000 0.0000 -1.0000
0 1 5
0 5 4
8 13 9
8 12 13
1 2 6
1 6 5
9 14 10
9 13 14
2 3 7
2 7 6
10 15 11
10 14 15
16 21 17
16 20 21
24 25 29
24 29 28
17 22 18
17 21 22
25 26 30
25 30 29
18 23 19
18 22 23
26 27 31
26 31 30
32 37 33
32 36 37
40 41 45
40 45 44
33 38 34
33 37 38
41 42 46
41 46 45
34 39 35
34 38 39
42 43 47
42 47 46
48 49 53
48 53 52
56 61 57
56 60 61
49 50 54
49 54 53
57 62 58
57 61 62
50 51 55
50 55 54
58 63 59
58 62 63
64 69 65
64 68 69
72 73 77
72 77 76
65 70 66
65 69 70
73 74 78
73 78 77
66 71 67
66 70 71
74 75 79
74 79 78
80 85 81
80 84 85
88 89 93
88 93 92
81 86 82
81 85 86
89 90 94
89 94 93
82 87 83
82 86 87
90 91 95
90 95 94
LABEL sfoot3_slat_9_2
MATERIAL 7
TEXTURE 0
GEOM 104 76 ;sfoot3_slat_9_2
0.316 -1.001 -1.787 0.0128 -0.0306 0.9995
0.262 -1.017 -1.787 0.0128 -0.0306 0.9995
0.207 -1.029 -1.787 0.0128 -0.0306 0.9995
0.152 -1.039 -1.787 0.0128 -0.0306 0.9995
3.388 -10.728 -2.125 0.0128 -0.0306 0.9995
2.810 -10.894 -2.125 0.0128 -0.0306 0.9995
2.223 -11.028 -2.125 0.0128 -0.0306 0.9995
1.630 -11.131 -2.125 0.0128 -0.0306 0.9995
0.316 -1.001 -1.787 -0.0128 0.0306 -0.9995
0.262 -1.017 -1.787 -0.0128 0.0306 -0.9995
0.207 -1.029 -1.787 -0.0128 0.0306 -0.9995
0.152 -1.039 -1.787 -0.0128 0.0306 -0.9995
3.388 -10.728 -2.125 -0.0128 0.0306 -0.9995
2.810 -10.894 -2.125 -0.0128 0.0306 -0.9995
2.223 -11.028 -2.125 -0.0128 0.0306 -0.9995
1.630 -11.131 -2.125 -0.0128 0.0306 -0.9995
0.316 -1.001 -2.037 -0.0128 0.0306 -0.9995
0.262 -1.017 -2.037 -0.0128 0.0306 -0.9995
0.207 -1.029 -2.037 -0.0128 0.0306 -0.9995
0.152 -1.039 -2.037 -0.0128 0.0306 -0.9995
3.388 -10.728 -2.375 -0.0128 0.0306 -0.9995
2.810 -10.894 -2.375 -0.0128 0.0306 -0.9995
2.223 -11.028 -2.375 -0.0128 0.0306 -0.9995
1.630 -11.131 -2.375 -0.0128 0.0306 -0.9995
0.316 -1.001 -2.037 0.0128 -0.0306 0.9995
0.262 -1.017 -2.037 0.0128 -0.0306 0.9995
0.207 -1.029 -2.037 0.0128 -0.0306 0.9995
0.152 -1.039 -2.037 0.0128 -0.0306 0.9995
3.388 -10.728 -2.375 0.0128 -0.0306 0.9995
2.810 -10.894 -2.375 0.0128 -0.0306 0.9995
2.223 -11.028 -2.375 0.0128 -0.0306 0.9995
1.630 -11.131 -2.375 0.0128 -0.0306 0.9995
3.388 -10.728 -2.375 0.2237 -0.9746 -0.0000
2.810 -10.894 -2.375 0.2237 -0.9746 -0.0000
2.223 -11.028 -2.375 0.2237 -0.9746 -0.0000
1.630 -11.131 -2.375 0.2237 -0.9746 -0.0000
3.388 -10.728 -2.125 0.2237 -0.9746 -0.0000
2.810 -10.894 -2.125 0.2237 -0.9746 -0.0000
2.223 -11.028 -2.125 0.2237 -0.9746 -0.0000
1.630 -11.131 -2.125 0.2237 -0.9746 -0.0000
3.388 -10.728 -2.375 -0.2237 0.9746 0.0000
2.810 -10.894 -2.375 -0.2237 0.9746 0.0000
2.223 -11.028 -2.375 -0.2237 0.9746 0.0000
1.630 -11.131 -2.375 -0.2237 0.9746 0.0000
3.388 -10.728 -2.125 -0.2237 0.9746 0.0000
2.810 -10.894 -2.125 -0.2237 0.9746 0.0000
2.223 -11.028 -2.125 -0.2237 0.9746 0.0000
1.630 -11.131 -2.125 -0.2237 0.9746 0.0000
0.316 -1.001 -2.037 -0.2237 0.9746 0.0000
0.262 -1.017 -2.037 -0.2237 0.9746 0.0000
0.207 -1.029 -2.037 -0.2237 0.9746 0.0000
0.152 -1.039 -2.037 -0.2237 0.9746 0.0000
0.316 -1.001 -1.787 -0.2237 0.9746 0.0000
0.262 -1.017 -1.787 -0.2237 0.9746 0.0000
0.207 -1.029 -1.787 -0.2237 0.9746 0.0000
0.152 -1.039 -1.787 -0.2237 0.9746 0.0000
0.316 -1.001 -2.037 0.2237 -0.9746 -0.0000
0.262 -1.017 -2.037 0.2237 -0.9746 -0.0000
0.207 -1.029 -2.037 0.2237 -0.9746 -0.0000
0.152 -1.039 -2.037 0.2237 -0.9746 -0.0000
0.316 -1.001 -1.787 0.2237 -0.9746 -0.0000
0.262 -1.017 -1.787 0.2237 -0.9746 -0.0000
0.207 -1.029 -1.787 0.2237 -0.9746 -0.0000
0.152 -1.039 -1.787 0.2237 -0.9746 -0.0000
3.388 -10.728 -2.125 0.2237 -0.9746 -0.0000
2.810 -10.894 -2.125 0.2237 -0.9746 -0.0000
2.223 -11.028 -2.125 0.2237 -0.9746 -0.0000
1.630 -11.131 -2.125 0.2237 -0.9746 -0.0000
3.388 -10.728 -1.425 0.2237 -0.9746 -0.0000
2.810 -10.894 -1.425 0.2237 -0.9746 -0.0000
2.223 -11.028 -1.425 0.2237 -0.9746 -0.0000
1.630 -11.131 -1.425 0.2237 -0.9746 -0.0000
3.388 -10.728 -2.125 -0.2237 0.9746 0.0000
2.810 -10.894 -2.125 -0.2237 0.9746 0.0000
2.223 -11.028 -2.125 -0.2237 0.9746 0.0000
1.630 -11.131 -2.125 -0.2237 0.9746 0.0000
3.388 -10.728 -1.425 -0.2237 0.9746 0.0000
2.810 -10.894 -1.425 -0.2237 0.9746 0.0000
2.223 -11.028 -1.425 -0.2237 0.9746 0.0000
1.630 -11.131 -1.425 -0.2237 0.9746 0.0000
3.388 -10.728 -1.425 -0.0000 -0.0000 1.0000
2.810 -10.894 -1.425 -0.0000 -0.0000 1.0000
2.223 -11.028 -1.425 -0.0000 -0.0000 1.0000
1.630 -11.131 -1.425 -0.0000 -0.0000 1.0000
3.283 -10.394 -1.413 -0.0000 -0.0000 1.0000
2.722 -10.555 -1.413 -0.0000 -0.0000 1.0000
2.154 -10.685 -1.413 -0.0000 -0.0000 1.0000
1.579 -10.785 -1.413 -0.0000 -0.0000 1.0000
3.388 -10.728 -1.425 0.0000 0.0000 -1.0000
2.810 -10.894 -1.425 0.0000 0.0000 -1.0000
2.223 -11.028 -1.425 0.0000 0.0000 -1.0000
1.630 -11.131 -1.425 0.0000 0.0000 -1.0000
3.283 -10.394 -1.413 0.0000 0.0000 -1.0000
2.722 -10.555 -1.413 0.0000 0.0000 -1.0000
2.154 -10.685 -1.413 0.0000 0.0000 -1.0000
1.579 -10.785 -1.413 0.0000 0.0000 -1.0000
0.152 -1.039 -2.037 -0.9894 -0.1449 0.0000
1.630 -11.131 -2.375 -0.9894 -0.1449 0.0000
0.152 -1.039 -1.787 -0.9894 -0.1449 0.0000
1.630 -11.131 -2.125 -0.9894 -0.1449 0.0000
0.152 -1.039 -2.037 0.9894 0.1449 -0.0000
1.630 -11.131 -2.375 0.9894 0.1449 -0.0000
0.152 -1.039 -1.787 0.9894 0.1449 -0.0000
1.630 -11.131 -2.125 0.9894 0.1449 -0.0000
0 1 5
0 5 4
8 13 9
8 12 13
1 2 6
1 6 5
9 14 10
9 13 14
2 3 7
2 7 6
10 15 11
10 14 15
16 21 17
16 20 21
24 25 29
24 29 28
17 22 18
17 21 22
25 26 30
25 30 29
18 23 19
18 22 23
26 27 31
26 31 30
32 37 33
32 36 37
40 41 45
40 45 44
33 38 34
33 37 38
41 42 46
41 46 45
34 39 35
34 38 39
42 43 47
42 47 46
48 49 53
48 53 52
56 61 57
56 60 61
49 50 54
49 54 53
57 62 58
57 61 62
50 51 55
50 55 54
58 63 59
58 62 63
64 69 65
64 68 69
72 73 77
72 77 76
65 70 66
65 69 70
73 74 78
73 78 77
66 71 67
66 70 71
74 75 79
74 79 78
80 85 81
80 84 85
88 89 93
88 93 92
81 86 82
81 85 86
89 90 94
89 94 93
82 87 83
82 86 87
90 91 95
90 95 94
96 97 99
96 99 98
100 103 101
100 102 103
LABEL sfoot3_strut_9
MATERIAL 9
TEXTURE 0
GEOM 50 48 ;sfoot3_strut_9
0.866 -1.061 2.391 0.8464 -0.0000 0.5326
0.704 -1.216 2.522 0.5233 -0.3083 0.7944
0.473 -1.328 2.547 0.0600 -0.5340 0.8434
0.233 -1.370 2.458 -0.4193 -0.6166 0.6663
0.050 -1.328 2.280 -0.7863 -0.5340 0.3108
-0.029 -1.216 2.061 -0.9426 -0.3083 -0.1281
0.020 -1.061 1.859 -0.8464 -0.0000 -0.5326
0.181 -0.907 1.728 -0.5233 0.3083 -0.7944
0.413 -0.794 1.703 -0.0600 0.5340 -0.8434
0.652 -0.753 1.792 0.4193 0.6166 -0.6663
0.836 -0.794 1.970 0.7863 0.5340 -0.3108
0.914 -0.907 2.189 0.9426 0.3083 0.1281
2.216 -4.299 0.245 0.8464 -0.0000 0.5326
2.055 -4.453 0.376 0.5233 -0.3083 0.7944
1.823 -4.566 0.401 0.0600 -0.5340 0.8434
1.583 -4.607 0.312 -0.4193 -0.6166 0.6663
1.400 -4.566 0.135 -0.7863 -0.5340 0.3108
1.322 -4.453 -0.085 -0.9426 -0.3083 -0.1281
1.370 -4.299 -0.287 -0.8464 -0.0000 -0.5326
1.531 -4.144 -0.418 -0.5233 0.3083 -0.7944
1.763 -4.032 -0.443 -0.0600 0.5340 -0.8434
2.003 -3.990 -0.354 0.4193 0.6166 -0.6663
2.186 -4.032 -0.176 0.7863 0.5340 -0.3108
2.264 -4.144 0.043 0.9426 0.3083 0.1281
0.443 -1.061 2.125 -0.3284 0.7873 0.5219
0.866 -1.061 2.391 -0.3284 0.7873 0.5219
0.704 -1.216 2.522 -0.3284 0.7873 0.5219
0.473 -1.328 2.547 -0.3284 0.7873 0.5219
0.233 -1.370 2.458 -0.3284 0.7873 0.5219
0.050 -1.328 2.280 -0.3284 0.7873 0.5219
-0.029 -1.216 2.061 -0.3284 0.7873 0.5219
0.020 -1.061 1.859 -0.3284 0.7873 0.5219
0.181 -0.907 1.728 -0.3284 0.7873 0.5219
0.413 -0.794 1.703 -0.3284 0.7873 0.5219
0.652 -0.753 1.792 -0.3284 0.7873 0.5219
0.836 -0.794 1.970 -0.3284 0.7873 0.5219
0.914 -0.907 2.189 -0.3284 0.7873 0.5219
1.793 -4.299 -0.021 0.3284 -0.7873 -0.5219
2.216 -4.299 0.245 0.3284 -0.7873 -0.5219
2.055 -4.453 0.376 0.3284 -0.7873 -0.5219
1.823 -4.566 0.401 0.3284 -0.7873 -0.5219
1.583 -4.607 0.312 0.3284 -0.7873 -0.5219
1.400 -4.566 0.135 0.3284 -0.7873 -0.5219
1.322 -4.453 -0.085 0.3284 -0.7873 -0.5219
1.370 -4.299 -0.287 0.3284 -0.7873 -0.5219
1.531 -4.144 -0.418 0.3284 -0.7873 -0.5219
1.763 -4.032 -0.443 0.3284 -0.7873 -0.5219
2.003 -3.990 -0.354 0.3284 -0.7873 -0.5219
2.186 -4.032 -0.176 0.3284 -0.7873 -0.5219
2.264 -4.144 0.043 0.3284 -0.7873 -0.5219
0 1 13
0 13 12
1 2 14
1 14 13
2 3 15
2 15 14
3 4 16
3 16 15
4 5 17
4 17 16
5 6 18
5 18 17
6 7 19
6 19 18
7 8 20
7 20 19
8 9 21
8 21 20
9 10 22
9 22 21
10 11 23
10 23 22
11 0 12
11 12 23
24 26 25
24 27 26
24 28 27
24 29 28
24 30 29
24 31 30
24 32 31
24 33 32
24 34 33
24 35 34
24 36 35
24 25 36
37 38 39
37 39 40
37 40 41
37 41 42
37 42 43
37 43 44
37 44 45
37 45 46
37 46 47
37 47 48
37 48 49
37 49 38
LABEL sfoot3_rod_9
MATERIAL 7
TEXTURE 0
GEOM 42 40 ;sfoot3_rod_9
1.808 -3.826 0.425 0.8464 -0.0000 0.5326
1.706 -3.917 0.498 0.4383 -0.3624 0.8225
1.562 -3.973 0.492 -0.1372 -0.5864 0.7983
1.431 -3.973 0.410 -0.6603 -0.5864 0.4691
1.363 -3.917 0.282 -0.9312 -0.3624 -0.0392
1.384 -3.826 0.159 -0.8464 -0.0000 -0.5326
1.486 -3.736 0.087 -0.4383 0.3624 -0.8225
1.630 -3.680 0.093 0.1372 0.5864 -0.7983
1.761 -3.680 0.175 0.6603 0.5864 -0.4691
1.829 -3.736 0.302 0.9312 0.3624 0.0392
3.109 -6.947 -1.643 0.8464 -0.0000 0.5326
3.007 -7.038 -1.571 0.4383 -0.3624 0.8225
2.864 -7.094 -1.577 -0.1372 -0.5864 0.7983
2.733 -7.094 -1.659 -0.6603 -0.5864 0.4691
2.665 -7.038 -1.786 -0.9312 -0.3624 -0.0392
2.686 -6.947 -1.910 -0.8464 -0.0000 -0.5326
2.788 -6.857 -1.982 -0.4383 0.3624 -0.8225
2.932 -6.801 -1.976 0.1372 0.5864 -0.7983
3.063 -6.801 -1.894 0.6603 0.5864 -0.4691
3.131 -6.857 -1.767 0.9312 0.3624 0.0392
1.596 -3.826 0.292 -0.3284 0.7873 0.5219
1.808 -3.826 0.425 -0.3284 0.7873 0.5219
1.706 -3.917 0.498 -0.3284 0.7873 0.5219
1.562 -3.973 0.492 -0.3284 0.7873 0.5219
1.431 -3.973 0.410 -0.3284 0.7873 0.5219
1.363 -3.917 0.282 -0.3284 0.7873 0.5219
1.384 -3.826 0.159 -0.3284 0.7873 0.5219
1.486 -3.736 0.087 -0.3284 0.7873 0.5219
1.630 -3.680 0.093 -0.3284 0.7873 0.5219
1.761 -3.680 0.175 -0.3284 0.7873 0.5219
1.829 -3.736 0.302 -0.3284 0.7873 0.5219
2.898 -6.947 -1.776 0.3284 -0.7873 -0.5219
3.109 -6.947 -1.643 0.3284 -0.7873 -0.5219
3.007 -7.038 -1.571 0.3284 -0.7873 -0.5219
2.864 -7.094 -1.577 0.3284 -0.7873 -0.5219
2.733 -7.094 -1.659 0.3284 -0.7873 -0.5219
2.665 -7.038 -1.786 0.3284 -0.7873 -0.5219
2.686 -6.947 -1.910 0.3284 -0.7873 -0.5219
2.788 -6.857 -1.982 0.3284 -0.7873 -0.5219
2.932 -6.801 -1.976 0.3284 -0.7873 -0.5219
3.063 -6.801 -1.894 0.3284 -0.7873 -0.5219
3.131 -6.857 -1.767 0.3284 -0.7873 -0.5219
0 1 11
0 11 10
1 2 12
1 12 11
2 3 13
2 13 12
3 4 14
3 14 13
4 5 15
4 15 14
5 6 16
5 16 15
6 7 17
6 17 16
7 8 18
7 18 17
8 9 19
8 19 18
9 0 10
9 10 19
20 22 21
20 23 22
20 24 23
20 25 24
20 26 25
20 27 26
20 28 27
20 29 28
20 30 29
20 21 30
31 32 33
31 33 34
31 34 35
31 35 36
31 36 37
31 37 38
31 38 39
31 39 40
31 40 41
31 41 32
LABEL sfoot3_skirt_9_0
MATERIAL 7
TEXTURE 0
GEOM 16 12 ;sfoot3_skirt_9_0
6.763 -8.990 -3.275 0.5352 -0.8447 -0.0000
6.273 -9.339 -3.275 0.5352 -0.8447 -0.0000
5.764 -9.661 -3.275 0.5352 -0.8447 -0.0000
5.239 -9.955 -3.275 0.5352 -0.8447 -0.0000
6.763 -8.990 -2.375 0.5352 -0.8447 -0.0000
6.273 -9.339 -2.375 0.5352 -0.8447 -0.0000
5.764 -9.661 -2.375 0.5352 -0.8447 -0.0000
5.239 -9.955 -2.375 0.5352 -0.8447 -0.0000
6.763 -8.990 -3.275 -0.5352 0.8447 0.0000
6.273 -9.339 -3.275 -0.5352 0.8447 0.0000
5.764 -9.661 -3.275 -0.5352 0.8447 0.0000
5.239 -9.955 -3.275 -0.5352 0.8447 0.0000
6.763 -8.990 -2.375 -0.5352 0.8447 0.0000
6.273 -9.339 -2.375 -0.5352 0.8447 0.0000
5.764 -9.661 -2.375 -0.5352 0.8447 0.0000
5.239 -9.955 -2.375 -0.5352 0.8447 0.0000
0 5 1
0 4 5
8 9 13
8 13 12
1 6 2
1 5 6
9 10 14
9 14 13
2 7 3
2 6 7
10 11 15
10 15 14
LABEL sfoot3_skirt_9_1
MATERIAL 7
TEXTURE 0
GEOM 16 12 ;sfoot3_skirt_9_1
5.200 -9.976 -3.275 0.3850 -0.9229 -0.0000
4.624 -10.256 -3.275 0.3850 -0.9229 -0.0000
4.034 -10.502 -3.275 0.3850 -0.9229 -0.0000
3.431 -10.714 -3.275 0.3850 -0.9229 -0.0000
5.200 -9.976 -2.375 0.3850 -0.9229 -0.0000
4.624 -10.256 -2.375 0.3850 -0.9229 -0.0000
4.034 -10.502 -2.375 0.3850 -0.9229 -0.0000
3.431 -10.714 -2.375 0.3850 -0.9229 -0.0000
5.200 -9.976 -3.275 -0.3850 0.9229 0.0000
4.624 -10.256 -3.275 -0.3850 0.9229 0.0000
4.034 -10.502 -3.275 -0.3850 0.9229 0.0000
3.431 -10.714 -3.275 -0.3850 0.9229 0.0000
5.200 -9.976 -2.375 -0.3850 0.9229 0.0000
4.624 -10.256 -2.375 -0.3850 0.9229 0.0000
4.034 -10.502 -2.375 -0.3850 0.9229 0.0000
3.431 -10.714 -2.375 -0.3850 0.9229 0.0000
0 5 1
0 4 5
8 9 13
8 13 12
1 6 2
1 5 6
9 10 14
9 14 13
2 7 3
2 6 7
10 11 15
10 15 14
LABEL sfoot3_skirt_9_2
MATERIAL 7
TEXTURE 0
GEOM 16 12 ;sfoot3_skirt_9_2
3.388 -10.728 -3.275 0.2237 -0.9746 -0.0000
2.810 -10.894 -3.275 0.2237 -0.9746 -0.0000
2.223 -11.028 -3.275 0.2237 -0.9746 -0.0000
1.630 -11.131 -3.275 0.2237 -0.9746 -0.0000
3.388 -10.728 -2.375 0.2237 -0.9746 -0.0000
2.810 -10.894 -2.375 0.2237 -0.9746 -0.0000
2.223 -11.028 -2.375 0.2237 -0.9746 -0.0000
1.630 -11.131 -2.375 0.2237 -0.9746 -0.0000
3.388 -10.728 -3.275 -0.2237 0.9746 0.0000
2.810 -10.894 -3.275 -0.2237 0.9746 0.0000
2.223 -11.028 -3.275 -0.2237 0.9746 0.0000
1.630 -11.131 -3.275 -0.2237 0.9746 0.0000
3.388 -10.728 -2.375 -0.2237 0.9746 0.0000
2.810 -10.894 -2.375 -0.2237 0.9746 0.0000
2.223 -11.028 -2.375 -0.2237 0.9746 0.0000
1.630 -11.131 -2.375 -0.2237 0.9746 0.0000
0 5 1
0 4 5
8 9 13
8 13 12
1 6 2
1 5 6
9 10 14
9 14 13
2 7 3
2 6 7
10 11 15
10 15 14
LABEL sfoot3_petal_10
MATERIAL 7
TEXTURE 0
GEOM 66 52 ;sfoot3_petal_10
0.231 -0.946 -1.782 0.1280 0.9912 0.0332
-0.463 -0.856 -1.782 0.1280 0.9912 0.0332
-0.465 -0.871 -1.332 0.1280 0.9912 0.0332
0.229 -0.960 -1.332 0.1280 0.9912 0.0332
-1.043 -10.814 -2.112 -0.1280 -0.9912 -0.0332
-1.738 -10.724 -2.112 -0.1280 -0.9912 -0.0332
-1.740 -10.739 -1.662 -0.1280 -0.9912 -0.0332
-1.045 -10.829 -1.662 -0.1280 -0.9912 -0.0332
0.231 -0.946 -1.782 0.9918 -0.1281 -0.0000
-1.043 -10.814 -2.112 0.9918 -0.1281 -0.0000
-1.045 -10.829 -1.662 0.9918 -0.1281 -0.0000
0.229 -0.960 -1.332 0.9918 -0.1281 -0.0000
-0.463 -0.856 -1.782 -0.9918 0.1281 0.0000
-1.738 -10.724 -2.112 -0.9918 0.1281 0.0000
-1.740 -10.739 -1.662 -0.9918 0.1281 0.0000
-0.465 -0.871 -1.332 -0.9918 0.1281 0.0000
0.231 -0.946 -1.782 0.0042 0.0329 -0.9995
-1.043 -10.814 -2.112 0.0042 0.0329 -0.9995
-1.738 -10.724 -2.112 0.0042 0.0329 -0.9995
-0.463 -0.856 -1.782 0.0042 0.0329 -0.9995
0.229 -0.960 -1.332 -0.0042 -0.0329 0.9995
-1.045 -10.829 -1.662 -0.0042 -0.0329 0.9995
-1.740 -10.739 -1.662 -0.0042 -0.0329 0.9995
-0.465 -0.871 -1.332 -0.0042 -0.0329 0.9995
0.357 -0.752 -2.125 0.0000 0.0000 -1.0000
0.334 -0.927 -2.068 -0.0753 -0.5829 -0.8090
0.320 -1.035 -1.918 -0.1218 -0.9432 -0.3090
0.320 -1.035 -1.732 -0.1218 -0.9432 0.3090
0.334 -0.927 -1.582 -0.0753 -0.5829 0.8090
0.357 -0.752 -1.525 -0.0000 -0.0000 1.0000
0.379 -0.577 -1.582 0.0753 0.5829 0.8090
0.393 -0.469 -1.732 0.1218 0.9432 0.3090
0.393 -0.469 -1.918 0.1218 0.9432 -0.3090
0.379 -0.577 -2.068 0.0753 0.5829 -0.8090
-0.536 -0.637 -2.125 0.0000 0.0000 -1.0000
-0.559 -0.811 -2.068 -0.0753 -0.5829 -0.8090
-0.572 -0.920 -1.918 -0.1218 -0.9432 -0.3090
-0.572 -0.920 -1.732 -0.1218 -0.9432 0.3090
-0.559 -0.811 -1.582 -0.0753 -0.5829 0.8090
-0.536 -0.637 -1.525 -0.0000 -0.0000 1.0000
-0.513 -0.462 -1.582 0.0753 0.5829 0.8090
-0.499 -0.354 -1.732 0.1218 0.9432 0.3090
-0.499 -0.354 -1.918 0.1218 0.9432 -0.3090
-0.513 -0.462 -2.068 0.0753 0.5829 -0.8090
0.357 -0.752 -1.825 0.9918 -0.1281 -0.0000
0.357 -0.752 -2.125 0.9918 -0.1281 -0.0000
0.334 -0.927 -2.068 0.9918 -0.1281 -0.0000
0.320 -1.035 -1.918 0.9918 -0.1281 -0.0000
0.320 -1.035 -1.732 0.9918 -0.1281 -0.0000
0.334 -0.927 -1.582 0.9918 -0.1281 -0.0000
0.357 -0.752 -1.525 0.9918 -0.1281 -0.0000
0.379 -0.577 -1.582 0.9918 -0.1281 -0.0000
0.393 -0.469 -1.732 0.9918 -0.1281 -0.0000
0.393 -0.469 -1.918 0.9918 -0.1281 -0.0000
0.379 -0.577 -2.068 0.9918 -0.1281 -0.0000
-0.536 -0.637 -1.825 -0.9918 0.1281 0.0000
-0.536 -0.637 -2.125 -0.9918 0.1281 0.0000
-0.559 -0.811 -2.068 -0.9918 0.1281 0.0000
-0.572 -0.920 -1.918 -0.9918 0.1281 0.0000
-0.572 -0.920 -1.732 -0.9918 0.1281 0.0000
-0.559 -0.811 -1.582 -0.9918 0.1281 0.0000
-0.536 -0.637 -1.525 -0.9918 0.1281 0.0000
-0.513 -0.462 -1.582 -0.9918 0.1281 0.0000
-0.499 -0.354 -1.732 -0.9918 0.1281 0.0000
-0.499 -0.354 -1.918 -0.9918 0.1281 0.0000
-0.513 -0.462 -2.068 -0.9918 0.1281 0.0000
0 1 2
0 2 3
4 6 5
4 7 6
8 10 9
8 11 10
12 13 14
12 14 15
16 17 18
16 18 19
20 22 21
20 23 22
24 25 35
24 35 34
25 26 36
25 36 35
26 27 37
26 37 36
27 28 38
27 38 37
28 29 39
28 39 38
29 30 40
29 40 39
30 31 41
30 41 40
31 32 42
31 42 41
32 33 43
32 43 42
33 24 34
33 34 43
44 46 45
44 47 46
44 48 47
44 49 48
44 50 49
44 51 50
44 52 51
44 53 52
44 54 53
44 45 54
55 56 57
55 57 58
55 58 59
55 59 60
55 60 61
55 61 62
55 62 63
55 63 64
55 64 65
55 65 56
LABEL sfoot3_slat_10_0
MATERIAL 7
TEXTURE 0
GEOM 104 76 ;sfoot3_slat_10_0
0.127 -1.042 -1.787 -0.0042 -0.0329 0.9995
0.071 -1.048 -1.787 -0.0042 -0.0329 0.9995
0.015 -1.050 -1.787 -0.0042 -0.0329 0.9995
-0.041 -1.049 -1.787 -0.0042 -0.0329 0.9995
1.362 -11.167 -2.125 -0.0042 -0.0329 0.9995
0.763 -11.224 -2.125 -0.0042 -0.0329 0.9995
0.162 -11.249 -2.125 -0.0042 -0.0329 0.9995
-0.440 -11.241 -2.125 -0.0042 -0.0329 0.9995
0.127 -1.042 -1.787 0.0042 0.0329 -0.9995
0.071 -1.048 -1.787 0.0042 0.0329 -0.9995
0.015 -1.050 -1.787 0.0042 0.0329 -0.9995
-0.041 -1.049 -1.787 0.0042 0.0329 -0.9995
1.362 -11.167 -2.125 0.0042 0.0329 -0.9995
0.763 -11.224 -2.125 0.0042 0.0329 -0.9995
0.162 -11.249 -2.125 0.0042 0.0329 -0.9995
-0.440 -11.241 -2.125 0.0042 0.0329 -0.9995
0.127 -1.042 -2.037 0.0042 0.0329 -0.9995
0.071 -1.048 -2.037 0.0042 0.0329 -0.9995
0.015 -1.050 -2.037 0.0042 0.0329 -0.9995
-0.041 -1.049 -2.037 0.0042 0.0329 -0.9995
1.362 -11.167 -2.375 0.0042 0.0329 -0.9995
0.763 -11.224 -2.375 0.0042 0.0329 -0.9995
0.162 -11.249 -2.375 0.0042 0.0329 -0.9995
-0.440 -11.241 -2.375 0.0042 0.0329 -0.9995
0.127 -1.042 -2.037 -0.0042 -0.0329 0.9995
0.071 -1.048 -2.037 -0.0042 -0.0329 0.9995
0.015 -1.050 -2.037 -0.0042 -0.0329 0.9995
-0.041 -1.049 -2.037 -0.0042 -0.0329 0.9995
1.362 -11.167 -2.375 -0.0042 -0.0329 0.9995
0.763 -11.224 -2.375 -0.0042 -0.0329 0.9995
0.162 -11.249 -2.375 -0.0042 -0.0329 0.9995
-0.440 -11.241 -2.375 -0.0042 -0.0329 0.9995
1.362 -11.167 -2.375 0.0411 -0.9992 -0.0000
0.763 -11.224 -2.375 0.0411 -0.9992 -0.0000
0.162 -11.249 -2.375 0.0411 -0.9992 -0.0000
-0.440 -11.241 -2.375 0.0411 -0.9992 -0.0000
1.362 -11.167 -2.125 0.0411 -0.9992 -0.0000
0.763 -11.224 -2.125 0.0411 -0.9992 -0.0000
0.162 -11.249 -2.125 0.0411 -0.9992 -0.0000
-0.440 -11.241 -2.125 0.0411 -0.9992 -0.0000
1.362 -11.167 -2.375 -0.0411 0.9992 0.0000
0.763 -11.224 -2.375 -0.0411 0.9992 0.0000
0.162 -11.249 -2.375 -0.0411 0.9992 0.0000
-0.440 -11.241 -2.375 -0.0411 0.9992 0.0000
1.362 -11.167 -2.125 -0.0411 0.9992 0.0000
0.763 -11.224 -2.125 -0.0411 0.9992 0.0000
0.162 -11.249 -2.125 -0.0411 0.9992 0.0000
-0.440 -11.241 -2.125 -0.0411 0.9992 0.0000
0.127 -1.042 -2.037 -0.0411 0.9992 0.0000
0.071 -1.048 -2.037 -0.0411 0.9992 0.0000
0.015 -1.050 -2.037 -0.0411 0.9992 0.0000
-0.041 -1.049 -2.037 -0.0411 0.9992 0.0000
0.127 -1.042 -1.787 -0.0411 0.9992 0.0000
0.071 -1.048 -1.787 -0.0411 0.9992 0.0000
0.015 -1.050 -1.787 -0.0411 0.9992 0.0000
-0.041 -1.049 -1.787 -0.0411 0.9992 0.0000
0.127 -1.042 -2.037 0.0411 -0.9992 -0.0000
0.071 -1.048 -2.037 0.0411 -0.9992 -0.0000
0.015 -1.050 -2.037 0.0411 -0.9992 -0.0000
-0.041 -1.049 -2.037 0.0411 -0.9992 -0.0000
0.127 -1.042 -1.787 0.0411 -0.9992 -0.0000
0.071 -1.048 -1.787 0.0411 -0.9992 -0.0000
0.015 -1.050 -1.787 0.0411 -0.9992 -0.0000
-0.041 -1.049 -1.787 0.0411 -0.9992 -0.0000
1.362 -11.167 -2.125 0.0411 -0.9992 -0.0000
0.763 -11.224 -2.125 0.0411 -0.9992 -0.0000
0.162 -11.249 -2.125 0.0411 -0.9992 -0.0000
-0.440 -11.241 -2.125 0.0411 -0.9992 -0.0000
1.362 -11.167 -1.425 0.0411 -0.9992 -0.0000
0.763 -11.224 -1.425 0.0411 -0.9992 -0.0000
0.162 -11.249 -1.425 0.0411 -0.9992 -0.0000
-0.440 -11.241 -1.425 0.0411 -0.9992 -0.0000
1.362 -11.167 -2.125 -0.0411 0.9992 0.0000
0.763 -11.224 -2.125 -0.0411 0.9992 0.0000
0.162 -11.249 -2.125 -0.0411 0.9992 0.0000
-0.440 -11.241 -2.125 -0.0411 0.9992 0.0000
1.362 -11.167 -1.425 -0.0411 0.9992 0.0000
0.763 -11.224 -1.425 -0.0411 0.9992 0.0000
0.162 -11.249 -1.425 -0.0411 0.9992 0.0000
-0.440 -11.241 -1.425 -0.0411 0.9992 0.0000
1.362 -11.167 -1.425 -0.0000 -0.0000 1.0000
0.763 -11.224 -1.425 -0.0000 -0.0000 1.0000
0.162 -11.249 -1.425 -0.0000 -0.0000 1.0000
-0.440 -11.241 -1.425 -0.0000 -0.0000 1.0000
1.320 -10.820 -1.413 -0.0000 -0.0000 1.0000
0.739 -10.875 -1.413 -0.0000 -0.0000 1.0000
0.157 -10.899 -1.413 -0.0000 -0.0000 1.0000
-0.427 -10.892 -1.413 -0.0000 -0.0000 1.0000
1.362 -11.167 -1.425 0.0000 0.0000 -1.0000
0.763 -11.224 -1.425 0.0000 0.0000 -1.0000
0.162 -11.249 -1.425 0.0000 0.0000 -1.0000
-0.440 -11.241 -1.425 0.0000 0.0000 -1.0000
1.320 -10.820 -1.413 0.0000 0.0000 -1.0000
0.739 -10.875 -1.413 0.0000 0.0000 -1.0000
0.157 -10.899 -1.413 0.0000 0.0000 -1.0000
-0.427 -10.892 -1.413 0.0000 0.0000 -1.0000
0.127 -1.042 -2.037 -0.9926 -0.1211 0.0000
1.362 -11.167 -2.375 -0.9926 -0.1211 0.0000
0.127 -1.042 -1.787 -0.9926 -0.1211 0.0000
1.362 -11.167 -2.125 -0.9926 -0.1211 0.0000
0.127 -1.042 -2.037 0.9926 0.1211 -0.0000
1.362 -11.167 -2.375 0.9926 0.1211 -0.0000
0.127 -1.042 -1.787 0.9926 0.1211 -0.0000
1.362 -11.167 -2.125 0.9926 0.1211 -0.0000
0 1 5
0 5 4
8 13 9
8 12 13
1 2 6
1 6 5
9 14 10
9 13 14
2 3 7
2 7 6
10 15 11
10 14 15
16 21 17
16 20 21
24 25 29
24 29 28
17 22 18
17 21 22
25 26 30
25 30 29
18 23 19
18 22 23
26 27 31
26 31 30
32 37 33
32 36 37
40 41 45
40 45 44
33 38 34
33 37 38
41 42 46
41 46 45
34 39 35
34 38 39
42 43 47
42 47 46
48 49 53
48 53 52
56 61 57
56 60 61
49 50 54
49 54 53
57 62 58
57 61 62
50 51 55
50 55 54
58 63 59
58 62 63
64 69 65
64 68 69
72 73 77
72 77 76
65 70 66
65 69 70
73 74 78
73 78 77
66 71 67
66 70 71
74 75 79
74 79 78
80 85 81
80 84 85
88 89 93
88 93 92
81 86 82
81 85 86
89 90 94
89 94 93
82 87 83
82 86 87
90 91 95
90 95 94
96 97 99
96 99 98
100 103 101
100 102 103
LABEL sfoot3_slat_10_1
MATERIAL 7
TEXTURE 0
GEOM 96 72 ;sfoot3_slat_10_1
-0.045 -1.049 -1.787 -0.0042 -0.0329 0.9995
-0.105 -1.045 -1.787 -0.0042 -0.0329 0.9995
-0.164 -1.037 -1.787 -0.0042 -0.0329 0.9995
-0.223 -1.026 -1.787 -0.0042 -0.0329 0.9995
-0.485 -11.240 -2.125 -0.0042 -0.0329 0.9995
-1.123 -11.194 -2.125 -0.0042 -0.0329 0.9995
-1.757 -11.112 -2.125 -0.0042 -0.0329 0.9995
-2.386 -10.994 -2.125 -0.0042 -0.0329 0.9995
-0.045 -1.049 -1.787 0.0042 0.0329 -0.9995
-0.105 -1.045 -1.787 0.0042 0.0329 -0.9995
-0.164 -1.037 -1.787 0.0042 0.0329 -0.9995
-0.223 -1.026 -1.787 0.0042 0.0329 -0.9995
-0.485 -11.240 -2.125 0.0042 0.0329 -0.9995
-1.123 -11.194 -2.125 0.0042 0.0329 -0.9995
-1.757 -11.112 -2.125 0.0042 0.0329 -0.9995
-2.386 -10.994 -2.125 0.0042 0.0329 -0.9995
-0.045 -1.049 -2.037 0.0042 0.0329 -0.9995
-0.105 -1.045 -2.037 0.0042 0.0329 -0.9995
-0.164 -1.037 -2.037 0.0042 0.0329 -0.9995
-0.223 -1.026 -2.037 0.0042 0.0329 -0.9995
-0.485 -11.240 -2.375 0.0042 0.0329 -0.9995
-1.123 -11.194 -2.375 0.0042 0.0329 -0.9995
-1.757 -11.112 -2.375 0.0042 0.0329 -0.9995
-2.386 -10.994 -2.375 0.0042 0.0329 -0.9995
-0.045 -1.049 -2.037 -0.0042 -0.0329 0.9995
-0.105 -1.045 -2.037 -0.0042 -0.0329 0.9995
-0.164 -1.037 -2.037 -0.0042 -0.0329 0.9995
-0.223 -1.026 -2.037 -0.0042 -0.0329 0.9995
-0.485 -11.240 -2.375 -0.0042 -0.0329 0.9995
-1.123 -11.194 -2.375 -0.0042 -0.0329 0.9995
-1.757 -11.112 -2.375 -0.0042 -0.0329 0.9995
-2.386 -10.994 -2.375 -0.0042 -0.0329 0.9995
-0.485 -11.240 -2.375 -0.1281 -0.9918 -0.0000
-1.123 -11.194 -2.375 -0.1281 -0.9918 -0.0000
-1.757 -11.112 -2.375 -0.1281 -0.9918 -0.0000
-2.386 -10.994 -2.375 -0.1281 -0.9918 -0.0000
-0.485 -11.240 -2.125 -0.1281 -0.9918 -0.0000
-1.123 -11.194 -2.125 -0.1281 -0.9918 -0.0000
-1.757 -11.112 -2.125 -0.1281 -0.9918 -0.0000
-2.386 -10.994 -2.125 -0.1281 -0.9918 -0.0000
-0.485 -11.240 -2.375 0.1281 0.9918 0.0000
-1.123 -11.194 -2.375 0.1281 0.9918 0.0000
-1.757 -11.112 -2.375 0.1281 0.9918 0.0000
-2.386 -10.994 -2.375 0.1281 0.9918 0.0000
-0.485 -11.240 -2.125 0.1281 0.9918 0.0000
-1.123 -11.194 -2.125 0.1281 0.9918 0.0000
-1.757 -11.112 -2.125 0.1281 0.9918 0.0000
-2.386 -10.994 -2.125 0.1281 0.9918 0.0000
-0.045 -1.049 -2.037 0.1281 0.9918 0.0000
-0.105 -1.045 -2.037 0.1281 0.9918 0.0000
-0.164 -1.037 -2.037 0.1281 0.9918 0.0000
-0.223 -1.026 -2.037 0.1281 0.9918 0.0000
-0.045 -1.049 -1.787 0.1281 0.9918 0.0000
-0.105 -1.045 -1.787 0.1281 0.9918 0.0000
-0.164 -1.037 -1.787 0.1281 0.9918 0.0000
-0.223 -1.026 -1.787 0.1281 0.9918 0.0000
-0.045 -1.049 -2.037 -0.1281 -0.9918 -0.0000
-0.105 -1.045 -2.037 -0.1281 -0.9918 -0.0000
-0.164 -1.037 -2.037 -0.1281 -0.9918 -0.0000
-0.223 -1.026 -2.037 -0.1281 -0.9918 -0.0000
-0.045 -1.049 -1.787 -0.1281 -0.9918 -0.0000
-0.105 -1.045 -1.787 -0.1281 -0.9918 -0.0000
-0.164 -1.037 -1.787 -0.1281 -0.9918 -0.0000
-0.223 -1.026 -1.787 -0.1281 -0.9918 -0.0000
-0.485 -11.240 -2.125 -0.1281 -0.9918 -0.0000
-1.123 -11.194 -2.125 -0.1281 -0.9918 -0.0000
-1.757 -11.112 -2.125 -0.1281 -0.9918 -0.0000
-2.386 -10.994 -2.125 -0.1281 -0.9918 -0.0000
-0.485 -11.240 -1.425 -0.1281 -0.9918 -0.0000
-1.123 -11.194 -1.425 -0.1281 -0.9918 -0.0000
-1.757 -11.112 -1.425 -0.1281 -0.9918 -0.0000
-2.386 -10.994 -1.425 -0.1281 -0.9918 -0.0000
-0.485 -11.240 -2.125 0.1281 0.9918 0.0000
-1.123 -11.194 -2.125 0.1281 0.9918 0.0000
-1.757 -11.112 -2.125 0.1281 0.9918 0.0000
-2.386 -10.994 -2.125 0.1281 0.9918 0.0000
-0.485 -11.240 -1.425 0.1281 0.9918 0.0000
-1.123 -11.194 -1.425 0.1281 0.9918 0.0000
-1.757 -11.112 -1.425 0.1281 0.9918 0.0000
-2.386 -10.994 -1.425 0.1281 0.9918 0.0000
-0.485 -11.240 -1.425 -0.0000 -0.0000 1.0000
-1.123 -11.194 -1.425 -0.0000 -0.0000 1.0000
-1.757 -11.112 -1.425 -0.0000 -0.0000 1.0000
-2.386 -10.994 -1.425 -0.0000 -0.0000 1.0000
-0.470 -10.890 -1.413 -0.0000 -0.0000 1.0000
-1.088 -10.846 -1.413 -0.0000 -0.0000 1.0000
-1.702 -10.766 -1.413 -0.0000 -0.0000 1.0000
-2.311 -10.652 -1.413 -0.0000 -0.0000 1.0000
-0.485 -11.240 -1.425 0.0000 0.0000 -1.0000
-1.123 -11.194 -1.425 0.0000 0.0000 -1.0000
-1.757 -11.112 -1.425 0.0000 0.0000 -1.0000
-2.386 -10.994 -1.425 0.0000 0.0000 -1.0000
-0.470 -10.890 -1.413 0.0000 0.0000 -1.0000
-1.088 -10.846 -1.413 0.0000 0.0000 -1.0000
-1.702 -10.766 -1.413 0.0000 0.0000 -1.0000
-2.311 -10.652 -1.413 0.0000 0.0000 -1.0000
0 1 5
0 5 4
8 13 9
8 12 13
1 2 6
1 6 5
9 14 10
9 13 14
2 3 7
2 7 6
10 15 11
10 14 15
16 21 17
16 20 21
24 25 29
24 29 28
17 22 18
17 21 22
25 26 30
25 30 29
18 23 19
18 22 23
26 27 31
26 31 30
32 37 33
32 36 37
40 41 45
40 45 44
33 38 34
33 37 38
41 42 46
41 46 45
34 39 35
34 38 39
42 43 47
42 47 46
48 49 53
48 53 52
56 61 57
56 60 61
49 50 54
49 54 53
57 62 58
57 61 62
50 51 55
50 55 54
58 63 59
58 62 63
64 69 65
64 68 69
72 73 77
72 77 76
65 70 66
65 69 70
73 74 78
73 78 77
66 71 67
66 70 71
74 75 79
74 79 78
80 85 81
80 84 85
88 89 93
88 93 92
81 86 82
81 85 86
89 90 94
89 94 93
82 87 83
82 86 87
90 91 95
90 95 94
LABEL sfoot3_slat_10_2
MATERIAL 7
TEXTURE 0
GEOM 104 76 ;sfoot3_slat_10_2
-0.227 -1.025 -1.787 -0.0042 -0.0329 0.9995
-0.281 -1.012 -1.787 -0.0042 -0.0329 0.9995
-0.335 -0.995 -1.787 -0.0042 -0.0329 0.9995
-0.388 -0.976 -1.787 -0.0042 -0.0329 0.9995
-2.430 -10.985 -2.125 -0.0042 -0.0329 0.9995
-3.014 -10.839 -2.125 -0.0042 -0.0329 0.9995
-3.589 -10.662 -2.125 -0.0042 -0.0329 0.9995
-4.154 -10.455 -2.125 -0.0042 -0.0329 0.9995
-0.227 -1.025 -1.787 0.0042 0.0329 -0.9995
-0.281 -1.012 -1.787 0.0042 0.0329 -0.9995
-0.335 -0.995 -1.787 0.0042 0.0329 -0.9995
-0.388 -0.976 -1.787 0.0042 0.0329 -0.9995
-2.430 -10.985 -2.125 0.0042 0.0329 -0.9995
-3.014 -10.839 -2.125 0.0042 0.0329 -0.9995
-3.589 -10.662 -2.125 0.0042 0.0329 -0.9995
-4.154 -10.455 -2.125 0.0042 0.0329 -0.9995
-0.227 -1.025 -2.037 0.0042 0.0329 -0.9995
-0.281 -1.012 -2.037 0.0042 0.0329 -0.9995
-0.335 -0.995 -2.037 0.0042 0.0329 -0.9995
-0.388 -0.976 -2.037 0.0042 0.0329 -0.9995
-2.430 -10.985 -2.375 0.0042 0.0329 -0.9995
-3.014 -10.839 -2.375 0.0042 0.0329 -0.9995
-3.589 -10.662 -2.375 0.0042 0.0329 -0.9995
-4.154 -10.455 -2.375 0.0042 0.0329 -0.9995
-0.227 -1.025 -2.037 -0.0042 -0.0329 0.9995
-0.281 -1.012 -2.037 -0.0042 -0.0329 0.9995
-0.335 -0.995 -2.037 -0.0042 -0.0329 0.9995
-0.388 -0.976 -2.037 -0.0042 -0.0329 0.9995
-2.430 -10.985 -2.375 -0.0042 -0.0329 0.9995
-3.014 -10.839 -2.375 -0.0042 -0.0329 0.9995
-3.589 -10.662 -2.375 -0.0042 -0.0329 0.9995
-4.154 -10.455 -2.375 -0.0042 -0.0329 0.9995
-2.430 -10.985 -2.375 -0.2936 -0.9559 -0.0000
-3.014 -10.839 -2.375 -0.2936 -0.9559 -0.0000
-3.589 -10.662 -2.375 -0.2936 -0.9559 -0.0000
-4.154 -10.455 -2.375 -0.2936 -0.9559 -0.0000
-2.430 -10.985 -2.125 -0.2936 -0.9559 -0.0000
-3.014 -10.839 -2.125 -0.2936 -0.9559 -0.0000
-3.589 -10.662 -2.125 -0.2936 -0.9559 -0.0000
-4.154 -10.455 -2.125 -0.2936 -0.9559 -0.0000
-2.430 -10.985 -2.375 0.2936 0.9559 0.0000
-3.014 -10.839 -2.375 0.2936 0.9559 0.0000
-3.589 -10.662 -2.375 0.2936 0.9559 0.0000
-4.154 -10.455 -2.375 0.2936 0.9559 0.0000
-2.430 -10.985 -2.125 0.2936 0.9559 0.0000
-3.014 -10.839 -2.125 0.2936 0.9559 0.0000
-3.589 -10.662 -2.125 0.2936 0.9559 0.0000
-4.154 -10.455 -2.125 0.2936 0.9559 0.0000
-0.227 -1.025 -2.037 0.2936 0.9559 0.0000
-0.281 -1.012 -2.037 0.2936 0.9559 0.0000
-0.335 -0.995 -2.037 0.2936 0.9559 0.0000
-0.388 -0.976 -2.037 0.2936 0.9559 0.0000
-0.227 -1.025 -1.787 0.2936 0.9559 0.0000
-0.281 -1.012 -1.787 0.2936 0.9559 0.0000
-0.335 -0.995 -1.787 0.2936 0.9559 0.0000
-0.388 -0.976 -1.787 0.2936 0.9559 0.0000
-0.227 -1.025 -2.037 -0.2936 -0.9559 -0.0000
-0.281 -1.012 -2.037 -0.2936 -0.9559 -0.0000
-0.335 -0.995 -2.037 -0.2936 -0.9559 -0.0000
-0.388 -0.976 -2.037 -0.2936 -0.9559 -0.0000
-0.227 -1.025 -1.787 -0.2936 -0.9559 -0.0000
-0.281 -1.012 -1.787 -0.2936 -0.9559 -0.0000
-0.335 -0.995 -1.787 -0.2936 -0.9559 -0.0000
-0.388 -0.976 -1.787 -0.2936 -0.9559 -0.0000
-2.430 -10.985 -2.125 -0.2936 -0.9559 -0.0000
-3.014 -10.839 -2.125 -0.2936 -0.9559 -0.0000
-3.589 -10.662 -2.125 -0.2936 -0.9559 -0.0000
-4.154 -10.455 -2.125 -0.2936 -0.9559 -0.0000
-2.430 -10.985 -1.425 -0.2936 -0.9559 -0.0000
-3.014 -10.839 -1.425 -0.2936 -0.9559 -0.0000
-3.589 -10.662 -1.425 -0.2936 -0.9559 -0.0000
-4.154 -10.455 -1.425 -0.2936 -0.9559 -0.0000
-2.430 -10.985 -2.125 0.2936 0.9559 0.0000
-3.014 -10.839 -2.125 0.2936 0.9559 0.0000
-3.589 -10.662 -2.125 0.2936 0.9559 0.0000
-4.154 -10.455 -2.125 0.2936 0.9559 0.0000
-2.430 -10.985 -1.425 0.2936 0.9559 0.0000
-3.014 -10.839 -1.425 0.2936 0.9559 0.0000
-3.589 -10.662 -1.425 0.2936 0.9559 0.0000
-4.154 -10.455 -1.425 0.2936 0.9559 0.0000
-2.430 -10.985 -1.425 -0.0000 -0.0000 1.0000
-3.014 -10.839 -1.425 -0.0000 -0.0000 1.0000
-3.589 -10.662 -1.425 -0.0000 -0.0000 1.0000
-4.154 -10.455 -1.425 -0.0000 -0.0000 1.0000
-2.354 -10.643 -1.413 -0.0000 -0.0000 1.0000
-2.920 -10.502 -1.413 -0.0000 -0.0000 1.0000
-3.477 -10.330 -1.413 -0.0000 -0.0000 1.0000
-4.025 -10.130 -1.413 -0.0000 -0.0000 1.0000
-2.430 -10.985 -1.425 0.0000 0.0000 -1.0000
-3.014 -10.839 -1.425 0.0000 0.0000 -1.0000
-3.589 -10.662 -1.425 0.0000 0.0000 -1.0000
-4.154 -10.455 -1.425 0.0000 0.0000 -1.0000
-2.354 -10.643 -1.413 0.0000 0.0000 -1.0000
-2.920 -10.502 -1.413 0.0000 0.0000 -1.0000
-3.477 -10.330 -1.413 0.0000 0.0000 -1.0000
-4.025 -10.130 -1.413 0.0000 0.0000 -1.0000
-0.388 -0.976 -2.037 -0.9293 0.3693 0.0000
-4.154 -10.455 -2.375 -0.9293 0.3693 0.0000
-0.388 -0.976 -1.787 -0.9293 0.3693 0.0000
-4.154 -10.455 -2.125 -0.9293 0.3693 0.0000
-0.388 -0.976 -2.037 0.9293 -0.3693 -0.0000
-4.154 -10.455 -2.375 0.9293 -0.3693 -0.0000
-0.388 -0.976 -1.787 0.9293 -0.3693 -0.0000
-4.154 -10.455 -2.125 0.9293 -0.3693 -0.0000
0 1 5
0 5 4
8 13 9
8 12 13
1 2 6
1 6 5
9 14 10
9 13 14
2 3 7
2 7 6
10 15 11
10 14 15
16 21 17
16 20 21
24 25 29
24 29 28
17 22 18
17 21 22
25 26 30
25 30 29
18 23 19
18 22 23
26 27 31
26 31 30
32 37 33
32 36 37
40 41 45
40 45 44
33 38 34
33 37 38
41 42 46
41 46 45
34 39 35
34 38 39
42 43 47
42 47 46
48 49 53
48 53 52
56 61 57
56 60 61
49 50 54
49 54 53
57 62 58
57 61 62
50 51 55
50 55 54
58 63 59
58 62 63
64 69 65
64 68 69
72 73 77
72 77 76
65 70 66
65 69 70
73 74 78
73 78 77
66 71 67
66 70 71
74 75 79
74 79 78
80 85 81
80 84 85
88 89 93
88 93 92
81 86 82
81 85 86
89 90 94
89 94 93
82 87 83
82 86 87
90 91 95
90 95 94
96 97 99
96 99 98
100 103 101
100 102 103
LABEL sfoot3_strut_10
MATERIAL 9
TEXTURE 0
GEOM 50 48 ;sfoot3_strut_10
0.342 -1.141 2.023 0.9788 0.0000 -0.2049
0.320 -1.274 2.243 0.9343 -0.2666 0.2366
0.172 -1.371 2.432 0.6395 -0.4617 0.6147
-0.061 -1.407 2.539 0.1733 -0.5332 0.8281
-0.317 -1.371 2.535 -0.3393 -0.4617 0.8196
-0.528 -1.274 2.421 -0.7610 -0.2666 0.5915
-0.637 -1.141 2.227 -0.9788 -0.0000 0.2049
-0.614 -1.007 2.007 -0.9343 0.2666 -0.2366
-0.467 -0.910 1.818 -0.6395 0.4617 -0.6147
-0.234 -0.874 1.711 -0.1733 0.5332 -0.8281
0.022 -0.910 1.715 0.3393 0.4617 -0.8196
0.233 -1.007 1.829 0.7610 0.2666 -0.5915
-0.107 -4.619 -0.123 0.9788 0.0000 -0.2049
-0.129 -4.752 0.097 0.9343 -0.2666 0.2366
-0.277 -4.850 0.287 0.6395 -0.4617 0.6147
-0.510 -4.886 0.393 0.1733 -0.5332 0.8281
-0.766 -4.850 0.389 -0.3393 -0.4617 0.8196
-0.977 -4.752 0.275 -0.7610 -0.2666 0.5915
-1.086 -4.619 0.082 -0.9788 -0.0000 0.2049
-1.064 -4.486 -0.139 -0.9343 0.2666 -0.2366
-0.916 -4.388 -0.328 -0.6395 0.4617 -0.6147
-0.683 -4.353 -0.435 -0.1733 0.5332 -0.8281
-0.427 -4.388 -0.431 0.3393 0.4617 -0.8196
-0.216 -4.486 -0.317 0.7610 0.2666 -0.5915
-0.147 -1.141 2.125 0.1092 0.8460 0.5219
0.342 -1.141 2.023 0.1092 0.8460 0.5219
0.320 -1.274 2.243 0.1092 0.8460 0.5219
0.172 -1.371 2.432 0.1092 0.8460 0.5219
-0.061 -1.407 2.539 0.1092 0.8460 0.5219
-0.317 -1.371 2.535 0.1092 0.8460 0.5219
-0.528 -1.274 2.421 0.1092 0.8460 0.5219
-0.637 -1.141 2.227 0.1092 0.8460 0.5219
-0.614 -1.007 2.007 0.1092 0.8460 0.5219
-0.467 -0.910 1.818 0.1092 0.8460 0.5219
-0.234 -0.874 1.711 0.1092 0.8460 0.5219
0.022 -0.910 1.715 0.1092 0.8460 0.5219
0.233 -1.007 1.829 0.1092 0.8460 0.5219
-0.596 -4.619 -0.021 -0.1092 -0.8460 -0.5219
-0.107 -4.619 -0.123 -0.1092 -0.8460 -0.5219
-0.129 -4.752 0.097 -0.1092 -0.8460 -0.5219
-0.277 -4.850 0.287 -0.1092 -0.8460 -0.5219
-0.510 -4.886 0.393 -0.1092 -0.8460 -0.5219
-0.766 -4.850 0.389 -0.1092 -0.8460 -0.5219
-0.977 -4.752 0.275 -0.1092 -0.8460 -0.5219
-1.086 -4.619 0.082 -0.1092 -0.8460 -0.5219
-1.064 -4.486 -0.139 -0.1092 -0.8460 -0.5219
-0.916 -4.388 -0.328 -0.1092 -0.8460 -0.5219
-0.683 -4.353 -0.435 -0.1092 -0.8460 -0.5219
-0.427 -4.388 -0.431 -0.1092 -0.8460 -0.5219
-0.216 -4.486 -0.317 -0.1092 -0.8460 -0.5219
0 1 13
0 13 12
1 2 14
1 14 13
2 3 15
2 15 14
3 4 16
3 16 15
4 5 17
4 17 16
5 6 18
5 18 17
6 7 19
6 19 18
7 8 20
7 20 19
8 9 21
8 21 20
9 10 22
9 22 21
10 11 23
10 23 22
11 0 12
11 12 23
24 26 25
24 27 26
24 28 27
24 29 28
24 30 29
24 31 30
24 32 31
24 33 32
24 34 33
24 35 34
24 36 35
24 25 36
37 38 39
37 39 40
37 40 41
37 41 42
37 42 43
37 43 44
37 44 45
37 45 46
37 46 47
37 47 48
37 48 49
37 49 38
LABEL sfoot3_rod_10
MATERIAL 7
TEXTURE 0
GEOM 42 40 ;sfoot3_rod_10
-0.286 -4.112 0.241 0.9788 0.0000 -0.2049
-0.307 -4.190 0.373 0.8937 -0.3134 0.3210
-0.414 -4.238 0.473 0.4673 -0.5071 0.7242
-0.565 -4.238 0.505 -0.1376 -0.5071 0.8508
-0.703 -4.190 0.455 -0.6900 -0.3134 0.6525
-0.776 -4.112 0.344 -0.9788 -0.0000 0.2049
-0.754 -4.033 0.212 -0.8937 0.3134 -0.3210
-0.648 -3.985 0.111 -0.4673 0.5071 -0.7242
-0.496 -3.985 0.080 0.1376 0.5071 -0.8508
-0.358 -4.033 0.129 0.6900 0.3134 -0.6525
-0.719 -7.465 -1.828 0.9788 0.0000 -0.2049
-0.740 -7.544 -1.696 0.8937 -0.3134 0.3210
-0.847 -7.592 -1.595 0.4673 -0.5071 0.7242
-0.998 -7.592 -1.564 -0.1376 -0.5071 0.8508
-1.136 -7.544 -1.613 -0.6900 -0.3134 0.6525
-1.209 -7.465 -1.725 -0.9788 -0.0000 0.2049
-1.187 -7.387 -1.857 -0.8937 0.3134 -0.3210
-1.081 -7.339 -1.958 -0.4673 0.5071 -0.7242
-0.930 -7.339 -1.989 0.1376 0.5071 -0.8508
-0.791 -7.387 -1.940 0.6900 0.3134 -0.6525
-0.531 -4.112 0.292 0.1092 0.8460 0.5219
-0.286 -4.112 0.241 0.1092 0.8460 0.5219
-0.307 -4.190 0.373 0.1092 0.8460 0.5219
-0.414 -4.238 0.473 0.1092 0.8460 0.5219
-0.565 -4.238 0.505 0.1092 0.8460 0.5219
-0.703 -4.190 0.455 0.1092 0.8460 0.5219
-0.776 -4.112 0.344 0.1092 0.8460 0.5219
-0.754 -4.033 0.212 0.1092 0.8460 0.5219
-0.648 -3.985 0.111 0.1092 0.8460 0.5219
-0.496 -3.985 0.080 0.1092 0.8460 0.5219
-0.358 -4.033 0.129 0.1092 0.8460 0.5219
-0.964 -7.465 -1.776 -0.1092 -0.8460 -0.5219
-0.719 -7.465 -1.828 -0.1092 -0.8460 -0.5219
-0.740 -7.544 -1.696 -0.1092 -0.8460 -0.5219
-0.847 -7.592 -1.595 -0.1092 -0.8460 -0.5219
-0.998 -7.592 -1.564 -0.1092 -0.8460 -0.5219
-1.136 -7.544 -1.613 -0.1092 -0.8460 -0.5219
-1.209 -7.465 -1.725 -0.1092 -0.8460 -0.5219
-1.187 -7.387 -1.857 -0.1092 -0.8460 -0.5219
-1.081 -7.339 -1.958 -0.1092 -0.8460 -0.5219
-0.930 -7.339 -1.989 -0.1092 -0.8460 -0.5219
-0.791 -7.387 -1.940 -0.1092 -0.8460 -0.5219
0 1 11
0 11 10
1 2 12
1 12 11
2 3 13
2 13 12
3 4 14
3 14 13
4 5 15
4 15 14
5 6 16
5 16 15
6 7 17
6 17 16
7 8 18
7 18 17
8 9 19
8 19 18
9 0 10
9 10 19
20 22 21
20 23 22
20 24 23
20 25 24
20 26 25
20 27 26
20 28 27
20 29 28
20 30 29
20 21 30
31 32 33
31 33 34
31 34 35
31 35 36
31 36 37
31 37 38
31 38 39
31 39 40
31 40 41
31 41 32
LABEL sfoot3_skirt_10_0
MATERIAL 7
TEXTURE 0
GEOM 16 12 ;sfoot3_skirt_10_0
1.362 -11.167 -3.275 0.0411 -0.9992 -0.0000
0.763 -11.224 -3.275 0.0411 -0.9992 -0.0000
0.162 -11.249 -3.275 0.0411 -0.9992 -0.0000
-0.440 -11.241 -3.275 0.0411 -0.9992 -0.0000
1.362 -11.167 -2.375 0.0411 -0.9992 -0.0000
0.763 -11.224 -2.375 0.0411 -0.9992 -0.0000
0.162 -11.249 -2.375 0.0411 -0.9992 -0.0000
-0.440 -11.241 -2.375 0.0411 -0.9992 -0.0000
1.362 -11.167 -3.275 -0.0411 0.9992 0.0000
0.763 -11.224 -3.275 -0.0411 0.9992 0.0000
0.162 -11.249 -3.275 -0.0411 0.9992 0.0000
-0.440 -11.241 -3.275 -0.0411 0.9992 0.0000
1.362 -11.167 -2.375 -0.0411 0.9992 0.0000
0.763 -11.224 -2.375 -0.0411 0.9992 0.0000
0.162 -11.249 -2.375 -0.0411 0.9992 0.0000
-0.440 -11.241 -2.375 -0.0411 0.9992 0.0000
0 5 1
0 4 5
8 9 13
8 13 12
1 6 2
1 5 6
9 10 14
9 14 13
2 7 3
2 6 7
10 11 15
10 15 14
LABEL sfoot3_skirt_10_1
MATERIAL 7
TEXTURE 0
GEOM 16 12 ;sfoot3_skirt_10_1
-0.485 -11.240 -3.275 -0.1281 -0.9918 -0.0000
-1.123 -11.194 -3.275 -0.1281 -0.9918 -0.0000
-1.757 -11.112 -3.275 -0.1281 -0.9918 -0.0000
-2.386 -10.994 -3.275 -0.1281 -0.9918 -0.0000
-0.485 -11.240 -2.375 -0.1281 -0.9918 -0.0000
-1.123 -11.194 -2.375 -0.1281 -0.9918 -0.0000
-1.757 -11.112 -2.375 -0.1281 -0.9918 -0.0000
-2.386 -10.994 -2.375 -0.1281 -0.9918 -0.0000
-0.485 -11.240 -3.275 0.1281 0.9918 0.0000
-1.123 -11.194 -3.275 0.1281 0.9918 0.0000
-1.757 -11.112 -3.275 0.1281 0.9918 0.0000
-2.386 -10.994 -3.275 0.1281 0.9918 0.0000
-0.485 -11.240 -2.375 0.1281 0.9918 0.0000
-1.123 -11.194 -2.375 0.1281 0.9918 0.0000
-1.757 -11.112 -2.375 0.1281 0.9918 0.0000
-2.386 -10.994 -2.375 0.1281 0.9918 0.0000
0 5 1
0 4 5
8 9 13
8 13 12
1 6 2
1 5 6
9 10 14
9 14 13
2 7 3
2 6 7
10 11 15
10 15 14
LABEL sfoot3_skirt_10_2
MATERIAL 7
TEXTURE 0
GEOM 16 12 ;sfoot3_skirt_10_2
-2.430 -10.985 -3.275 -0.2936 -0.9559 -0.0000
-3.014 -10.839 -3.275 -0.2936 -0.9559 -0.0000
-3.589 -10.662 -3.275 -0.2936 -0.9559 -0.0000
-4.154 -10.455 -3.275 -0.2936 -0.9559 -0.0000
-2.430 -10.985 -2.375 -0.2936 -0.9559 -0.0000
-3.014 -10.839 -2.375 -0.2936 -0.9559 -0.0000
-3.589 -10.662 -2.375 -0.2936 -0.9559 -0.0000
-4.154 -10.455 -2.375 -0.2936 -0.9559 -0.0000
-2.430 -10.985 -3.275 0.2936 0.9559 0.0000
-3.014 -10.839 -3.275 0.2936 0.9559 0.0000
-3.589 -10.662 -3.275 0.2936 0.9559 0.0000
-4.154 -10.455 -3.275 0.2936 0.9559 0.0000
-2.430 -10.985 -2.375 0.2936 0.9559 0.0000
-3.014 -10.839 -2.375 0.2936 0.9559 0.0000
-3.589 -10.662 -2.375 0.2936 0.9559 0.0000
-4.154 -10.455 -2.375 0.2936 0.9559 0.0000
0 5 1
0 4 5
8 9 13
8 13 12
1 6 2
1 5 6
9 10 14
9 14 13
2 7 3
2 6 7
10 11 15
10 15 14
LABEL sfoot3_petal_11
MATERIAL 7
TEXTURE 0
GEOM 66 52 ;sfoot3_petal_11
-0.273 -0.934 -1.782 0.6065 0.7944 0.0332
-0.829 -0.510 -1.782 0.6065 0.7944 0.0332
-0.838 -0.521 -1.332 0.6065 0.7944 0.0332
-0.282 -0.946 -1.332 0.6065 0.7944 0.0332
-6.310 -8.843 -2.112 -0.6065 -0.7944 -0.0332
-6.867 -8.419 -2.112 -0.6065 -0.7944 -0.0332
-6.876 -8.430 -1.662 -0.6065 -0.7944 -0.0332
-6.319 -8.855 -1.662 -0.6065 -0.7944 -0.0332
-0.273 -0.934 -1.782 0.7949 -0.6068 -0.0000
-6.310 -8.843 -2.112 0.7949 -0.6068 -0.0000
-6.319 -8.855 -1.662 0.7949 -0.6068 -0.0000
-0.282 -0.946 -1.332 0.7949 -0.6068 -0.0000
-0.829 -0.510 -1.782 -0.7949 0.6068 0.0000
-6.867 -8.419 -2.112 -0.7949 0.6068 0.0000
-6.876 -8.430 -1.662 -0.7949 0.6068 0.0000
-0.838 -0.521 -1.332 -0.7949 0.6068 0.0000
-0.273 -0.934 -1.782 0.0201 0.0264 -0.9995
-6.310 -8.843 -2.112 0.0201 0.0264 -0.9995
-6.867 -8.419 -2.112 0.0201 0.0264 -0.9995
-0.829 -0.510 -1.782 0.0201 0.0264 -0.9995
-0.282 -0.946 -1.332 -0.0201 -0.0264 0.9995
-6.319 -8.855 -1.662 -0.0201 -0.0264 0.9995
-6.876 -8.430 -1.662 -0.0201 -0.0264 0.9995
-0.838 -0.521 -1.332 -0.0201 -0.0264 0.9995
-0.067 -0.829 -2.125 0.0000 0.0000 -1.0000
-0.174 -0.970 -2.068 -0.3567 -0.4672 -0.8090
-0.240 -1.056 -1.918 -0.5771 -0.7560 -0.3090
-0.240 -1.056 -1.732 -0.5771 -0.7560 0.3090
-0.174 -0.970 -1.582 -0.3567 -0.4672 0.8090
-0.067 -0.829 -1.525 -0.0000 -0.0000 1.0000
0.040 -0.689 -1.582 0.3567 0.4672 0.8090
0.106 -0.603 -1.732 0.5771 0.7560 0.3090
0.106 -0.603 -1.918 0.5771 0.7560 -0.3090
0.040 -0.689 -2.068 0.3567 0.4672 -0.8090
-0.782 -0.283 -2.125 0.0000 0.0000 -1.0000
-0.889 -0.424 -2.068 -0.3567 -0.4672 -0.8090
-0.956 -0.510 -1.918 -0.5771 -0.7560 -0.3090
-0.956 -0.510 -1.732 -0.5771 -0.7560 0.3090
-0.889 -0.424 -1.582 -0.3567 -0.4672 0.8090
-0.782 -0.283 -1.525 -0.0000 -0.0000 1.0000
-0.675 -0.143 -1.582 0.3567 0.4672 0.8090
-0.609 -0.057 -1.732 0.5771 0.7560 0.3090
-0.609 -0.057 -1.918 0.5771 0.7560 -0.3090
-0.675 -0.143 -2.068 0.3567 0.4672 -0.8090
-0.067 -0.829 -1.825 0.7949 -0.6068 -0.0000
-0.067 -0.829 -2.125 0.7949 -0.6068 -0.0000
-0.174 -0.970 -2.068 0.7949 -0.6068 -0.0000
-0.240 -1.056 -1.918 0.7949 -0.6068 -0.0000
-0.240 -1.056 -1.732 0.7949 -0.6068 -0.0000
-0.174 -0.970 -1.582 0.7949 -0.6068 -0.0000
-0.067 -0.829 -1.525 0.7949 -0.6068 -0.0000
0.040 -0.689 -1.582 0.7949 -0.6068 -0.0000
0.106 -0.603 -1.732 0.7949 -0.6068 -0.0000
0.106 -0.603 -1.918 0.7949 -0.6068 -0.0000
0.040 -0.689 -2.068 0.7949 -0.6068 -0.0000
-0.782 -0.283 -1.825 -0.7949 0.6068 0.0000
-0.782 -0.283 -2.125 -0.7949 0.6068 0.0000
-0.889 -0.424 -2.068 -0.7949 0.6068 0.0000
-0.956 -0.510 -1.918 -0.7949 0.6068 0.0000
-0.956 -0.510 -1.732 -0.7949 0.6068 0.0000
-0.889 -0.424 -1.582 -0.7949 0.6068 0.0000
-0.782 -0.283 -1.525 -0.7949 0.6068 0.0000
-0.675 -0.143 -1.582 -0.7949 0.6068 0.0000
-0.609 -0.057 -1.732 -0.7949 0.6068 0.0000
-0.609 -0.057 -1.918 -0.7949 0.6068 0.0000
-0.675 -0.143 -2.068 -0.7949 0.6068 0.0000
0 1 2
0 2 3
4 6 5
4 7 6
8 10 9
8 11 10
12 13 14
12 14 15
16 17 18
16 18 19
20 22 21
20 23 22
24 25 35
24 35 34
25 26 36
25 36 35
26 27 37
26 37 36
27 28 38
27 38 37
28 29 39
28 39 38
29 30 40
29 40 39
30 31 41
30 41 40
31 32 42
31 42 41
32 33 43
32 43 42
33 24 34
33 34 43
44 46 45
44 47 46
44 48 47
44 49 48
44 50 49
44 51 50
44 52 51
44 53 52
44 54 53
44 45 54
55 56 57
55 57 58
55 58 59
55 59 60
55 60 61
55 61 62
55 62 63
55 63 64
55 64 65
55 65 56
LABEL sfoot3_slat_11_0
MATERIAL 7
TEXTURE 0
GEOM 104 76 ;sfoot3_slat_11_0
-0.411 -0.966 -1.787 -0.0201 -0.0264 0.9995
-0.462 -0.943 -1.787 -0.0201 -0.0264 0.9995
-0.512 -0.917 -1.787 -0.0201 -0.0264 0.9995
-0.560 -0.888 -1.787 -0.0201 -0.0264 0.9995
-4.404 -10.352 -2.125 -0.0201 -0.0264 0.9995
-4.951 -10.102 -2.125 -0.0201 -0.0264 0.9995
-5.484 -9.823 -2.125 -0.0201 -0.0264 0.9995
-6.002 -9.515 -2.125 -0.0201 -0.0264 0.9995
-0.411 -0.966 -1.787 0.0201 0.0264 -0.9995
-0.462 -0.943 -1.787 0.0201 0.0264 -0.9995
-0.512 -0.917 -1.787 0.0201 0.0264 -0.9995
-0.560 -0.888 -1.787 0.0201 0.0264 -0.9995
-4.404 -10.352 -2.125 0.0201 0.0264 -0.9995
-4.951 -10.102 -2.125 0.0201 0.0264 -0.9995
-5.484 -9.823 -2.125 0.0201 0.0264 -0.9995
-6.002 -9.515 -2.125 0.0201 0.0264 -0.9995
-0.411 -0.966 -2.037 0.0201 0.0264 -0.9995
-0.462 -0.943 -2.037 0.0201 0.0264 -0.9995
-0.512 -0.917 -2.037 0.0201 0.0264 -0.9995
-0.560 -0.888 -2.037 0.0201 0.0264 -0.9995
-4.404 -10.352 -2.375 0.0201 0.0264 -0.9995
-4.951 -10.102 -2.375 0.0201 0.0264 -0.9995
-5.484 -9.823 -2.375 0.0201 0.0264 -0.9995
-6.002 -9.515 -2.375 0.0201 0.0264 -0.9995
-0.411 -0.966 -2.037 -0.0201 -0.0264 0.9995
-0.462 -0.943 -2.037 -0.0201 -0.0264 0.9995
-0.512 -0.917 -2.037 -0.0201 -0.0264 0.9995
-0.560 -0.888 -2.037 -0.0201 -0.0264 0.9995
-4.404 -10.352 -2.375 -0.0201 -0.0264 0.9995
-4.951 -10.102 -2.375 -0.0201 -0.0264 0.9995
-5.484 -9.823 -2.375 -0.0201 -0.0264 0.9995
-6.002 -9.515 -2.375 -0.0201 -0.0264 0.9995
-4.404 -10.352 -2.375 -0.4640 -0.8858 -0.0000
-4.951 -10.102 -2.375 -0.4640 -0.8858 -0.0000
-5.484 -9.823 -2.375 -0.4640 -0.8858 -0.0000
-6.002 -9.515 -2.375 -0.4640 -0.8858 -0.0000
-4.404 -10.352 -2.125 -0.4640 -0.8858 -0.0000
-4.951 -10.102 -2.125 -0.4640 -0.8858 -0.0000
-5.484 -9.823 -2.125 -0.4640 -0.8858 -0.0000
-6.002 -9.515 -2.125 -0.4640 -0.8858 -0.0000
-4.404 -10.352 -2.375 0.4640 0.8858 0.0000
-4.951 -10.102 -2.375 0.4640 0.8858 0.0000
-5.484 -9.823 -2.375 0.4640 0.8858 0.0000
-6.002 -9.515 -2.375 0.4640 0.8858 0.0000
-4.404 -10.352 -2.125 0.4640 0.8858 0.0000
-4.951 -10.102 -2.125 0.4640 0.8858 0.0000
-5.484 -9.823 -2.125 0.4640 0.8858 0.0000
-6.002 -9.515 -2.125 0.4640 0.8858 0.0000
-0.411 -0.966 -2.037 0.4640 0.8858 0.0000
-0.462 -0.943 -2.037 0.4640 0.8858 0.0000
-0.512 -0.917 -2.037 0.4640 0.8858 0.0000
-0.560 -0.888 -2.037 0.4640 0.8858 0.0000
-0.411 -0.966 -1.787 0.4640 0.8858 0.0000
-0.462 -0.943 -1.787 0.4640 0.8858 0.0000
-0.512 -0.917 -1.787 0.4640 0.8858 0.0000
-0.560 -0.888 -1.787 0.4640 0.8858 0.0000
-0.411 -0.966 -2.037 -0.4640 -0.8858 -0.0000
-0.462 -0.943 -2.037 -0.4640 -0.8858 -0.0000
-0.512 -0.917 -2.037 -0.4640 -0.8858 -0.0000
-0.560 -0.888 -2.037 -0.4640 -0.8858 -0.0000
-0.411 -0.966 -1.787 -0.4640 -0.8858 -0.0000
-0.462 -0.943 -1.787 -0.4640 -0.8858 -0.0000
-0.512 -0.917 -1.787 -0.4640 -0.8858 -0.0000
-0.560 -0.888 -1.787 -0.4640 -0.8858 -0.0000
-4.404 -10.352 -2.125 -0.4640 -0.8858 -0.0000
-4.951 -10.102 -2.125 -0.4640 -0.8858 -0.0000
-5.484 -9.823 -2.125 -0.4640 -0.8858 -0.0000
-6.002 -9.515 -2.125 -0.4640 -0.8858 -0.0000
-4.404 -10.352 -1.425 -0.4640 -0.8858 -0.0000
-4.951 -10.102 -1.425 -0.4640 -0.8858 -0.0000
-5.484 -9.823 -1.425 -0.4640 -0.8858 -0.0000
-6.002 -9.515 -1.425 -0.4640 -0.8858 -0.0000
-4.404 -10.352 -2.125 0.4640 0.8858 0.0000
-4.951 -10.102 -2.125 0.4640 0.8858 0.0000
-5.484 -9.823 -2.125 0.4640 0.8858 0.0000
-6.002 -9.515 -2.125 0.4640 0.8858 0.0000
-4.404 -10.352 -1.425 0.4640 0.8858 0.0000
-4.951 -10.102 -1.425 0.4640 0.8858 0.0000
-5.484 -9.823 -1.425 0.4640 0.8858 0.0000
-6.002 -9.515 -1.425 0.4640 0.8858 0.0000
-4.404 -10.352 -1.425 -0.0000 -0.0000 1.0000
-4.951 -10.102 -1.425 -0.0000 -0.0000 1.0000
-5.484 -9.823 -1.425 -0.0000 -0.0000 1.0000
-6.002 -9.515 -1.425 -0.0000 -0.0000 1.0000
-4.267 -10.030 -1.413 -0.0000 -0.0000 1.0000
-4.797 -9.788 -1.413 -0.0000 -0.0000 1.0000
-5.314 -9.517 -1.413 -0.0000 -0.0000 1.0000
-5.815 -9.219 -1.413 -0.0000 -0.0000 1.0000
-4.404 -10.352 -1.425 0.0000 0.0000 -1.0000
-4.951 -10.102 -1.425 0.0000 0.0000 -1.0000
-5.484 -9.823 -1.425 0.0000 0.0000 -1.0000
-6.002 -9.515 -1.425 0.0000 0.0000 -1.0000
-4.267 -10.030 -1.413 0.0000 0.0000 -1.0000
-4.797 -9.788 -1.413 0.0000 0.0000 -1.0000
-5.314 -9.517 -1.413 0.0000 0.0000 -1.0000
-5.815 -9.219 -1.413 0.0000 0.0000 -1.0000
-0.411 -0.966 -2.037 -0.9202 0.3915 0.0000
-4.404 -10.352 -2.375 -0.9202 0.3915 0.0000
-0.411 -0.966 -1.787 -0.9202 0.3915 0.0000
-4.404 -10.352 -2.125 -0.9202 0.3915 0.0000
-0.411 -0.966 -2.037 0.9202 -0.3915 -0.0000
-4.404 -10.352 -2.375 0.9202 -0.3915 -0.0000
-0.411 -0.966 -1.787 0.9202 -0.3915 -0.0000
-4.404 -10.352 -2.125 0.9202 -0.3915 -0.0000
0 1 5
0 5 4
8 13 9
8 12 13
1 2 6
1 6 5
9 14 10
9 13 14
2 3 7
2 7 6
10 15 11
10 14 15
16 21 17
16 20 21
24 25 29
24 29 28
17 22 18
17 21 22
25 26 30
25 30 29
18 23 19
18 22 23
26 27 31
26 31 30
32 37 33
32 36 37
40 41 45
40 45 44
33 38 34
33 37 38
41 42 46
41 46 45
34 39 35
34 38 39
42 43 47
42 47 46
48 49 53
48 53 52
56 61 57
56 60 61
49 50 54
49 54 53
57 62 58
57 61 62
50 51 55
50 55 54
58 63 59
58 62 63
64 69 65
64 68 69
72 73 77
72 77 76
65 70 66
65 69 70
73 74 78
73 78 77
66 71 67
66 70 71
74 75 79
74 79 78
80 85 81
80 84 85
88 89 93
88 93 92
81 86 82
81 85 86
89 90 94
89 94 93
82 87 83
82 86 87
90 91 95
90 95 94
96 97 99
96 99 98
100 103 101
100 102 103
LABEL sfoot3_slat_11_1
MATERIAL 7
TEXTURE 0
GEOM 96 72 ;sfoot3_slat_11_1
-0.564 -0.886 -1.787 -0.0201 -0.0264 0.9995
-0.613 -0.852 -1.787 -0.0201 -0.0264 0.9995
-0.661 -0.816 -1.787 -0.0201 -0.0264 0.9995
-0.706 -0.777 -1.787 -0.0201 -0.0264 0.9995
-6.040 -9.491 -2.125 -0.0201 -0.0264 0.9995
-6.569 -9.133 -2.125 -0.0201 -0.0264 0.9995
-7.078 -8.745 -2.125 -0.0201 -0.0264 0.9995
-7.563 -8.328 -2.125 -0.0201 -0.0264 0.9995
-0.564 -0.886 -1.787 0.0201 0.0264 -0.9995
-0.613 -0.852 -1.787 0.0201 0.0264 -0.9995
-0.661 -0.816 -1.787 0.0201 0.0264 -0.9995
-0.706 -0.777 -1.787 0.0201 0.0264 -0.9995
-6.040 -9.491 -2.125 0.0201 0.0264 -0.9995
-6.569 -9.133 -2.125 0.0201 0.0264 -0.9995
-7.078 -8.745 -2.125 0.0201 0.0264 -0.9995
-7.563 -8.328 -2.125 0.0201 0.0264 -0.9995
-0.564 -0.886 -2.037 0.0201 0.0264 -0.9995
-0.613 -0.852 -2.037 0.0201 0.0264 -0.9995
-0.661 -0.816 -2.037 0.0201 0.0264 -0.9995
-0.706 -0.777 -2.037 0.0201 0.0264 -0.9995
-6.040 -9.491 -2.375 0.0201 0.0264 -0.9995
-6.569 -9.133 -2.375 0.0201 0.0264 -0.9995
-7.078 -8.745 -2.375 0.0201 0.0264 -0.9995
-7.563 -8.328 -2.375 0.0201 0.0264 -0.9995
-0.564 -0.886 -2.037 -0.0201 -0.0264 0.9995
-0.613 -0.852 -2.037 -0.0201 -0.0264 0.9995
-0.661 -0.816 -2.037 -0.0201 -0.0264 0.9995
-0.706 -0.777 -2.037 -0.0201 -0.0264 0.9995
-6.040 -9.491 -2.375 -0.0201 -0.0264 0.9995
-6.569 -9.133 -2.375 -0.0201 -0.0264 0.9995
-7.078 -8.745 -2.375 -0.0201 -0.0264 0.9995
-7.563 -8.328 -2.375 -0.0201 -0.0264 0.9995
-6.040 -9.491 -2.375 -0.6068 -0.7949 -0.0000
-6.569 -9.133 -2.375 -0.6068 -0.7949 -0.0000
-7.078 -8.745 -2.375 -0.6068 -0.7949 -0.0000
-7.563 -8.328 -2.375 -0.6068 -0.7949 -0.0000
-6.040 -9.491 -2.125 -0.6068 -0.7949 -0.0000
-6.569 -9.133 -2.125 -0.6068 -0.7949 -0.0000
-7.078 -8.745 -2.125 -0.6068 -0.7949 -0.0000
-7.563 -8.328 -2.125 -0.6068 -0.7949 -0.0000
-6.040 -9.491 -2.375 0.6068 0.7949 0.0000
-6.569 -9.133 -2.375 0.6068 0.7949 0.0000
-7.078 -8.745 -2.375 0.6068 0.7949 0.0000
-7.563 -8.328 -2.375 0.6068 0.7949 0.0000
-6.040 -9.491 -2.125 0.6068 0.7949 0.0000
-6.569 -9.133 -2.125 0.6068 0.7949 0.0000
-7.078 -8.745 -2.125 0.6068 0.7949 0.0000
-7.563 -8.328 -2.125 0.6068 0.7949 0.0000
-0.564 -0.886 -2.037 0.6068 0.7949 0.0000
-0.613 -0.852 -2.037 0.6068 0.7949 0.0000
-0.661 -0.816 -2.037 0.6068 0.7949 0.0000
-0.706 -0.777 -2.037 0.6068 0.7949 0.0000
-0.564 -0.886 -1.787 0.6068 0.7949 0.0000
-0.613 -0.852 -1.787 0.6068 0.7949 0.0000
-0.661 -0.816 -1.787 0.6068 0.7949 0.0000
-0.706 -0.777 -1.787 0.6068 0.7949 0.0000
-0.564 -0.886 -2.037 -0.6068 -0.7949 -0.0000
-0.613 -0.852 -2.037 -0.6068 -0.7949 -0.0000
-0.661 -0.816 -2.037 -0.6068 -0.7949 -0.0000
-0.706 -0.777 -2.037 -0.6068 -0.7949 -0.0000
-0.564 -0.886 -1.787 -0.6068 -0.7949 -0.0000
-0.613 -0.852 -1.787 -0.6068 -0.7949 -0.0000
-0.661 -0.816 -1.787 -0.6068 -0.7949 -0.0000
-0.706 -0.777 -1.787 -0.6068 -0.7949 -0.0000
-6.040 -9.491 -2.125 -0.6068 -0.7949 -0.0000
-6.569 -9.133 -2.125 -0.6068 -0.7949 -0.0000
-7.078 -8.745 -2.125 -0.6068 -0.7949 -0.0000
-7.563 -8.328 -2.125 -0.6068 -0.7949 -0.0000
-6.040 -9.491 -1.425 -0.6068 -0.7949 -0.0000
-6.569 -9.133 -1.425 -0.6068 -0.7949 -0.0000
-7.078 -8.745 -1.425 -0.6068 -0.7949 -0.0000
-7.563 -8.328 -1.425 -0.6068 -0.7949 -0.0000
-6.040 -9.491 -2.125 0.6068 0.7949 0.0000
-6.569 -9.133 -2.125 0.6068 0.7949 0.0000
-7.078 -8.745 -2.125 0.6068 0.7949 0.0000
-7.563 -8.328 -2.125 0.6068 0.7949 0.0000
-6.040 -9.491 -1.425 0.6068 0.7949 0.0000
-6.569 -9.133 -1.425 0.6068 0.7949 0.0000
-7.078 -8.745 -1.425 0.6068 0.7949 0.0000
-7.563 -8.328 -1.425 0.6068 0.7949 0.0000
-6.040 -9.491 -1.425 -0.0000 -0.0000 1.0000
-6.569 -9.133 -1.425 -0.0000 -0.0000 1.0000
-7.078 -8.745 -1.425 -0.0000 -0.0000 1.0000
-7.563 -8.328 -1.425 -0.0000 -0.0000 1.0000
-5.852 -9.196 -1.413 -0.0000 -0.0000 1.0000
-6.365 -8.849 -1.413 -0.0000 -0.0000 1.0000
-6.857 -8.473 -1.413 -0.0000 -0.0000 1.0000
-7.328 -8.069 -1.413 -0.0000 -0.0000 1.0000
-6.040 -9.491 -1.425 0.0000 0.0000 -1.0000
-6.569 -9.133 -1.425 0.0000 0.0000 -1.0000
-7.078 -8.745 -1.425 0.0000 0.0000 -1.0000
-7.563 -8.328 -1.425 0.0000 0.0000 -1.0000
-5.852 -9.196 -1.413 0.0000 0.0000 -1.0000
-6.365 -8.849 -1.413 0.0000 0.0000 -1.0000
-6.857 -8.473 -1.413 0.0000 0.0000 -1.0000
-7.328 -8.069 -1.413 0.0000 0.0000 -1.0000
0 1 5
0 5 4
8 13 9
8 12 13
1 2 6
1 6 5
9 14 10
9 13 14
2 3 7
2 7 6
10 15 11
10 14 15
16 21 17
16 20 21
24 25 29
24 29 28
17 22 18
17 21 22
25 26 30
25 30 29
18 23 19
18 22 23
26 27 31
26 31 30
32 37 33
32 36 37
40 41 45
40 45 44
33 38 34
33 37 38
41 42 46
41 46 45
34 39 35
34 38 39
42 43 47
42 47 46
48 49 53
48 53 52
56 61 57
56 60 61
49 50 54
49 54 53
57 62 58
57 61 62
50 51 55
50 55 54
58 63 59
58 62 63
64 69 65
64 68 69
72 73 77
72 77 76
65 70 66
65 69 70
73 74 78
73 78 77
66 71 67
66 70 71
74 75 79
74 79 78
80 85 81
80 84 85
88 89 93
88 93 92
81 86 82
81 85 86
89 90 94
89 94 93
82 87 83
82 86 87
90 91 95
90 95 94
LABEL sfoot3_slat_11_2
MATERIAL 7
TEXTURE 0
GEOM 104 76 ;sfoot3_slat_11_2
-0.709 -0.774 -1.787 -0.0201 -0.0264 0.9995
-0.749 -0.735 -1.787 -0.0201 -0.0264 0.9995
-0.788 -0.694 -1.787 -0.0201 -0.0264 0.9995
-0.824 -0.651 -1.787 -0.0201 -0.0264 0.9995
-7.596 -8.298 -2.125 -0.0201 -0.0264 0.9995
-8.029 -7.880 -2.125 -0.0201 -0.0264 0.9995
-8.439 -7.439 -2.125 -0.0201 -0.0264 0.9995
-8.825 -6.977 -2.125 -0.0201 -0.0264 0.9995
-0.709 -0.774 -1.787 0.0201 0.0264 -0.9995
-0.749 -0.735 -1.787 0.0201 0.0264 -0.9995
-0.788 -0.694 -1.787 0.0201 0.0264 -0.9995
-0.824 -0.651 -1.787 0.0201 0.0264 -0.9995
-7.596 -8.298 -2.125 0.0201 0.0264 -0.9995
-8.029 -7.880 -2.125 0.0201 0.0264 -0.9995
-8.439 -7.439 -2.125 0.0201 0.0264 -0.9995
-8.825 -6.977 -2.125 0.0201 0.0264 -0.9995
-0.709 -0.774 -2.037 0.0201 0.0264 -0.9995
-0.749 -0.735 -2.037 0.0201 0.0264 -0.9995
-0.788 -0.694 -2.037 0.0201 0.0264 -0.9995
-0.824 -0.651 -2.037 0.0201 0.0264 -0.9995
-7.596 -8.298 -2.375 0.0201 0.0264 -0.9995
-8.029 -7.880 -2.375 0.0201 0.0264 -0.9995
-8.439 -7.439 -2.375 0.0201 0.0264 -0.9995
-8.825 -6.977 -2.375 0.0201 0.0264 -0.9995
-0.709 -0.774 -2.037 -0.0201 -0.0264 0.9995
-0.749 -0.735 -2.037 -0.0201 -0.0264 0.9995
-0.788 -0.694 -2.037 -0.0201 -0.0264 0.9995
-0.824 -0.651 -2.037 -0.0201 -0.0264 0.9995
-7.596 -8.298 -2.375 -0.0201 -0.0264 0.9995
-8.029 -7.880 -2.375 -0.0201 -0.0264 0.9995
-8.439 -7.439 -2.375 -0.0201 -0.0264 0.9995
-8.825 -6.977 -2.375 -0.0201 -0.0264 0.9995
-7.596 -8.298 -2.375 -0.7322 -0.6811 0.0000
-8.029 -7.880 -2.375 -0.7322 -0.6811 0.0000
-8.439 -7.439 -2.375 -0.7322 -0.6811 0.0000
-8.825 -6.977 -2.375 -0.7322 -0.6811 0.0000
-7.596 -8.298 -2.125 -0.7322 -0.6811 0.0000
-8.029 -7.880 -2.125 -0.7322 -0.6811 0.0000
-8.439 -7.439 -2.125 -0.7322 -0.6811 0.0000
-8.825 -6.977 -2.125 -0.7322 -0.6811 0.0000
-7.596 -8.298 -2.375 0.7322 0.6811 -0.0000
-8.029 -7.880 -2.375 0.7322 0.6811 -0.0000
-8.439 -7.439 -2.375 0.7322 0.6811 -0.0000
-8.825 -6.977 -2.375 0.7322 0.6811 -0.0000
-7.596 -8.298 -2.125 0.7322 0.6811 -0.0000
-8.029 -7.880 -2.125 0.7322 0.6811 -0.0000
-8.439 -7.439 -2.125 0.7322 0.6811 -0.0000
-8.825 -6.977 -2.125 0.7322 0.6811 -0.0000
-0.709 -0.774 -2.037 0.7322 0.6811 -0.0000
-0.749 -0.735 -2.037 0.7322 0.6811 -0.0000
-0.788 -0.694 -2.037 0.7322 0.6811 -0.0000
-0.824 -0.651 -2.037 0.7322 0.6811 -0.0000
-0.709 -0.774 -1.787 0.7322 0.6811 -0.0000
-0.749 -0.735 -1.787 0.7322 0.6811 -0.0000
-0.788 -0.694 -1.787 0.7322 0.6811 -0.0000
-0.824 -0.651 -1.787 0.7322 0.6811 -0.0000
-0.709 -0.774 -2.037 -0.7322 -0.6811 0.0000
-0.749 -0.735 -2.037 -0.7322 -0.6811 0.0000
-0.788 -0.694 -2.037 -0.7322 -0.6811 0.0000
-0.824 -0.651 -2.037 -0.7322 -0.6811 0.0000
-0.709 -0.774 -1.787 -0.7322 -0.6811 0.0000
-0.749 -0.735 -1.787 -0.7322 -0.6811 0.0000
-0.788 -0.694 -1.787 -0.7322 -0.6811 0.0000
-0.824 -0.651 -1.787 -0.7322 -0.6811 0.0000
-7.596 -8.298 -2.125 -0.7322 -0.6811 0.0000
-8.029 -7.880 -2.125 -0.7322 -0.6811 0.0000
-8.439 -7.439 -2.125 -0.7322 -0.6811 0.0000
-8.825 -6.977 -2.125 -0.7322 -0.6811 0.0000
-7.596 -8.298 -1.425 -0.7322 -0.6811 0.0000
-8.029 -7.880 -1.425 -0.7322 -0.6811 0.0000
-8.439 -7.439 -1.425 -0.7322 -0.6811 0.0000
-8.825 -6.977 -1.425 -0.7322 -0.6811 0.0000
-7.596 -8.298 -2.125 0.7322 0.6811 -0.0000
-8.029 -7.880 -2.125 0.7322 0.6811 -0.0000
-8.439 -7.439 -2.125 0.7322 0.6811 -0.0000
-8.825 -6.977 -2.125 0.7322 0.6811 -0.0000
-7.596 -8.298 -1.425 0.7322 0.6811 -0.0000
-8.029 -7.880 -1.425 0.7322 0.6811 -0.0000
-8.439 -7.439 -1.425 0.7322 0.6811 -0.0000
-8.825 -6.977 -1.425 0.7322 0.6811 -0.0000
-7.596 -8.298 -1.425 -0.0000 -0.0000 1.0000
-8.029 -7.880 -1.425 -0.0000 -0.0000 1.0000
-8.439 -7.439 -1.425 -0.0000 -0.0000 1.0000
-8.825 -6.977 -1.425 -0.0000 -0.0000 1.0000
-7.360 -8.040 -1.413 -0.0000 -0.0000 1.0000
-7.779 -7.635 -1.413 -0.0000 -0.0000 1.0000
-8.177 -7.208 -1.413 -0.0000 -0.0000 1.0000
-8.550 -6.760 -1.413 -0.0000 -0.0000 1.0000
-7.596 -8.298 -1.425 0.0000 0.0000 -1.0000
-8.029 -7.880 -1.425 0.0000 0.0000 -1.0000
-8.439 -7.439 -1.425 0.0000 0.0000 -1.0000
-8.825 -6.977 -1.425 0.0000 0.0000 -1.0000
-7.360 -8.040 -1.413 0.0000 0.0000 -1.0000
-7.779 -7.635 -1.413 0.0000 0.0000 -1.0000
-8.177 -7.208 -1.413 0.0000 0.0000 -1.0000
-8.550 -6.760 -1.413 0.0000 0.0000 -1.0000
-0.824 -0.651 -2.037 -0.6202 0.7844 0.0000
-8.825 -6.977 -2.375 -0.6202 0.7844 0.0000
-0.824 -0.651 -1.787 -0.6202 0.7844 0.0000
-8.825 -6.977 -2.125 -0.6202 0.7844 0.0000
-0.824 -0.651 -2.037 0.6202 -0.7844 -0.0000
-8.825 -6.977 -2.375 0.6202 -0.7844 -0.0000
-0.824 -0.651 -1.787 0.6202 -0.7844 -0.0000
-8.825 -6.977 -2.125 0.6202 -0.7844 -0.0000
0 1 5
0 5 4
8 13 9
8 12 13
1 2 6
1 6 5
9 14 10
9 13 14
2 3 7
2 7 6
10 15 11
10 14 15
16 21 17
16 20 21
24 25 29
24 29 28
17 22 18
17 21 22
25 26 30
25 30 29
18 23 19
18 22 23
26 27 31
26 31 30
32 37 33
32 36 37
40 41 45
40 45 44
33 38 34
33 37 38
41 42 46
41 46 45
34 39 35
34 38 39
42 43 47
42 47 46
48 49 53
48 53 52
56 61 57
56 60 61
49 50 54
49 54 53
57 62 58
57 61 62
50 51 55
50 55 54
58 63 59
58 62 63
64 69 65
64 68 69
72 73 77
72 77 76
65 70 66
65 69 70
73 74 78
73 78 77
66 71 67
66 70 71
74 75 79
74 79 78
80 85 81
80 84 85
88 89 93
88 93 92
81 86 82
81 85 86
89 90 94
89 94 93
82 87 83
82 86 87
90 91 95
90 95 94
96 97 99
96 99 98
100 103 101
100 102 103
LABEL sfoot3_strut_11
MATERIAL 9
TEXTURE 0
GEOM 50 48 ;sfoot3_strut_11
-0.343 -0.914 1.773 0.7100 0.0000 -0.7042
-0.271 -1.098 1.940 0.8536 -0.3675 -0.3692
-0.314 -1.232 2.157 0.7685 -0.6365 0.0648
-0.459 -1.282 2.366 0.4775 -0.7350 0.4814
-0.669 -1.232 2.510 0.0585 -0.6365 0.7690
-0.886 -1.098 2.550 -0.3761 -0.3675 0.8506
-1.053 -0.914 2.477 -0.7100 -0.0000 0.7042
-1.125 -0.730 2.310 -0.8536 0.3675 0.3692
-1.082 -0.596 2.093 -0.7685 0.6365 -0.0648
-0.937 -0.547 1.884 -0.4775 0.7350 -0.4814
-0.727 -0.596 1.740 -0.0585 0.6365 -0.7690
-0.510 -0.730 1.700 0.3761 0.3675 -0.8506
-2.471 -3.702 -0.373 0.7100 0.0000 -0.7042
-2.399 -3.886 -0.205 0.8536 -0.3675 -0.3692
-2.442 -4.020 0.012 0.7685 -0.6365 0.0648
-2.587 -4.070 0.220 0.4775 -0.7350 0.4814
-2.797 -4.020 0.364 0.0585 -0.6365 0.7690
-3.014 -3.886 0.404 -0.3761 -0.3675 0.8506
-3.181 -3.702 0.331 -0.7100 -0.0000 0.7042
-3.253 -3.518 0.164 -0.8536 0.3675 0.3692
-3.210 -3.384 -0.053 -0.7685 0.6365 -0.0648
-3.065 -3.335 -0.262 -0.4775 0.7350 -0.4814
-2.855 -3.384 -0.405 -0.0585 0.6365 -0.7690
-2.638 -3.518 -0.446 0.3761 0.3675 -0.8506
-0.698 -0.914 2.125 0.5176 0.6780 0.5219
-0.343 -0.914 1.773 0.5176 0.6780 0.5219
-0.271 -1.098 1.940 0.5176 0.6780 0.5219
-0.314 -1.232 2.157 0.5176 0.6780 0.5219
-0.459 -1.282 2.366 0.5176 0.6780 0.5219
-0.669 -1.232 2.510 0.5176 0.6780 0.5219
-0.886 -1.098 2.550 0.5176 0.6780 0.5219
-1.053 -0.914 2.477 0.5176 0.6780 0.5219
-1.125 -0.730 2.310 0.5176 0.6780 0.5219
-1.082 -0.596 2.093 0.5176 0.6780 0.5219
-0.937 -0.547 1.884 0.5176 0.6780 0.5219
-0.727 -0.596 1.740 0.5176 0.6780 0.5219
-0.510 -0.730 1.700 0.5176 0.6780 0.5219
-2.826 -3.702 -0.021 -0.5176 -0.6780 -0.5219
-2.471 -3.702 -0.373 -0.5176 -0.6780 -0.5219
-2.399 -3.886 -0.205 -0.5176 -0.6780 -0.5219
-2.442 -4.020 0.012 -0.5176 -0.6780 -0.5219
-2.587 -4.070 0.220 -0.5176 -0.6780 -0.5219
-2.797 -4.020 0.364 -0.5176 -0.6780 -0.5219
-3.014 -3.886 0.404 -0.5176 -0.6780 -0.5219
-3.181 -3.702 0.331 -0.5176 -0.6780 -0.5219
-3.253 -3.518 0.164 -0.5176 -0.6780 -0.5219
-3.210 -3.384 -0.053 -0.5176 -0.6780 -0.5219
-3.065 -3.335 -0.262 -0.5176 -0.6780 -0.5219
-2.855 -3.384 -0.405 -0.5176 -0.6780 -0.5219
-2.638 -3.518 -0.446 -0.5176 -0.6780 -0.5219
0 1 13
0 13 12
1 2 14
1 14 13
2 3 15
2 15 14
3 4 16
3 16 15
4 5 17
4 17 16
5 6 18
5 18 17
6 7 19
6 19 18
7 8 20
7 20 19
8 9 21
8 21 20
9 10 22
9 22 21
10 11 23
10 23 22
11 0 12
11 12 23
24 26 25
24 27 26
24 28 27
24 29 28
24 30 29
24 31 30
24 32 31
24 33 32
24 34 33
24 35 34
24 36 35
24 25 36
37 38 39
37 39 40
37 40 41
37 41 42
37 42 43
37 43 44
37 44 45
37 45 46
37 46 47
37 47 48
37 48 49
37 49 38
LABEL sfoot3_rod_11
MATERIAL 7
TEXTURE 0
GEOM 42 40 ;sfoot3_rod_11
-2.338 -3.295 0.116 0.7100 0.0000 -0.7042
-2.302 -3.403 0.221 0.8551 -0.4320 -0.2867
-2.347 -3.470 0.352 0.6735 -0.6990 0.2402
-2.457 -3.470 0.461 0.2347 -0.6990 0.6755
-2.589 -3.403 0.505 -0.2937 -0.4320 0.8527
-2.693 -3.295 0.468 -0.7100 -0.0000 0.7042
-2.729 -3.187 0.364 -0.8551 0.4320 0.2867
-2.684 -3.121 0.232 -0.6735 0.6990 -0.2402
-2.574 -3.121 0.123 -0.2347 0.6990 -0.6755
-2.442 -3.187 0.079 0.2937 0.4320 -0.8527
-4.390 -5.983 -1.953 0.7100 0.0000 -0.7042
-4.354 -6.091 -1.848 0.8551 -0.4320 -0.2867
-4.399 -6.158 -1.716 0.6735 -0.6990 0.2402
-4.509 -6.158 -1.608 0.2347 -0.6990 0.6755
-4.641 -6.091 -1.563 -0.2937 -0.4320 0.8527
-4.745 -5.983 -1.600 -0.7100 -0.0000 0.7042
-4.781 -5.875 -1.705 -0.8551 0.4320 0.2867
-4.736 -5.808 -1.837 -0.6735 0.6990 -0.2402
-4.626 -5.808 -1.945 -0.2347 0.6990 -0.6755
-4.494 -5.875 -1.990 0.2937 0.4320 -0.8527
-2.516 -3.295 0.292 0.5176 0.6780 0.5219
-2.338 -3.295 0.116 0.5176 0.6780 0.5219
-2.302 -3.403 0.221 0.5176 0.6780 0.5219
-2.347 -3.470 0.352 0.5176 0.6780 0.5219
-2.457 -3.470 0.461 0.5176 0.6780 0.5219
-2.589 -3.403 0.505 0.5176 0.6780 0.5219
-2.693 -3.295 0.468 0.5176 0.6780 0.5219
-2.729 -3.187 0.364 0.5176 0.6780 0.5219
-2.684 -3.121 0.232 0.5176 0.6780 0.5219
-2.574 -3.121 0.123 0.5176 0.6780 0.5219
-2.442 -3.187 0.079 0.5176 0.6780 0.5219
-4.567 -5.983 -1.776 -0.5176 -0.6780 -0.5219
-4.390 -5.983 -1.953 -0.5176 -0.6780 -0.5219
-4.354 -6.091 -1.848 -0.5176 -0.6780 -0.5219
-4.399 -6.158 -1.716 -0.5176 -0.6780 -0.5219
-4.509 -6.158 -1.608 -0.5176 -0.6780 -0.5219
-4.641 -6.091 -1.563 -0.5176 -0.6780 -0.5219
-4.745 -5.983 -1.600 -0.5176 -0.6780 -0.5219
-4.781 -5.875 -1.705 -0.5176 -0.6780 -0.5219
-4.736 -5.808 -1.837 -0.5176 -0.6780 -0.5219
-4.626 -5.808 -1.945 -0.5176 -0.6780 -0.5219
-4.494 -5.875 -1.990 -0.5176 -0.6780 -0.5219
0 1 11
0 11 10
1 2 12
1 12 11
2 3 13
2 13 12
3 4 14
3 14 13
4 5 15
4 15 14
5 6 16
5 16 15
6 7 17
6 17 16
7 8 18
7 18 17
8 9 19
8 19 18
9 0 10
9 10 19
20 22 21
20 23 22
20 24 23
20 25 24
20 26 25
20 27 26
20 28 27
20 29 28
20 30 29
20 21 30
31 32 33
31 33 34
31 34 35
31 35 36
31 36 37
31 37 38
31 38 39
31 39 40
31 40 41
31 41 32
LABEL sfoot3_skirt_11_0
MATERIAL 7
TEXTURE 0
GEOM 16 12 ;sfoot3_skirt_11_0
-4.404 -10.352 -3.275 -0.4640 -0.8858 -0.0000
-4.951 -10.102 -3.275 -0.4640 -0.8858 -0.0000
-5.484 -9.823 -3.275 -0.4640 -0.8858 -0.0000
-6.002 -9.515 -3.275 -0.4640 -0.8858 -0.0000
-4.404 -10.352 -2.375 -0.4640 -0.8858 -0.0000
-4.951 -10.102 -2.375 -0.4640 -0.8858 -0.0000
-5.484 -9.823 -2.375 -0.4640 -0.8858 -0.0000
-6.002 -9.515 -2.375 -0.4640 -0.8858 -0.0000
-4.404 -10.352 -3.275 0.4640 0.8858 0.0000
-4.951 -10.102 -3.275 0.4640 0.8858 0.0000
-5.484 -9.823 -3.275 0.4640 0.8858 0.0000
-6.002 -9.515 -3.275 0.4640 0.8858 0.0000
-4.404 -10.352 -2.375 0.4640 0.8858 0.0000
-4.951 -10.102 -2.375 0.4640 0.8858 0.0000
-5.484 -9.823 -2.375 0.4640 0.8858 0.0000
-6.002 -9.515 -2.375 0.4640 0.8858 0.0000
0 5 1
0 4 5
8 9 13
8 13 12
1 6 2
1 5 6
9 10 14
9 14 13
2 7 3
2 6 7
10 11 15
10 15 14
LABEL sfoot3_skirt_11_1
MATERIAL 7
TEXTURE 0
GEOM 16 12 ;sfoot3_skirt_11_1
-6.040 -9.491 -3.275 -0.6068 -0.7949 -0.0000
-6.569 -9.133 -3.275 -0.6068 -0.7949 -0.0000
-7.078 -8.745 -3.275 -0.6068 -0.7949 -0.0000
-7.563 -8.328 -3.275 -0.6068 -0.7949 -0.0000
-6.040 -9.491 -2.375 -0.6068 -0.7949 -0.0000
-6.569 -9.133 -2.375 -0.6068 -0.7949 -0.0000
-7.078 -8.745 -2.375 -0.6068 -0.7949 -0.0000
-7.563 -8.328 -2.375 -0.6068 -0.7949 -0.0000
-6.040 -9.491 -3.275 0.6068 0.7949 0.0000
-6.569 -9.133 -3.275 0.6068 0.7949 0.0000
-7.078 -8.745 -3.275 0.6068 0.7949 0.0000
-7.563 -8.328 -3.275 0.6068 0.7949 0.0000
-6.040 -9.491 -2.375 0.6068 0.7949 0.0000
-6.569 -9.133 -2.375 0.6068 0.7949 0.0000
-7.078 -8.745 -2.375 0.6068 0.7949 0.0000
-7.563 -8.328 -2.375 0.6068 0.7949 0.0000
0 5 1
0 4 5
8 9 13
8 13 12
1 6 2
1 5 6
9 10 14
9 14 13
2 7 3
2 6 7
10 11 15
10 15 14
LABEL sfoot3_skirt_11_2
MATERIAL 7
TEXTURE 0
GEOM 16 12 ;sfoot3_skirt_11_2
-7.596 -8.298 -3.275 -0.7322 -0.6811 0.0000
-8.029 -7.880 -3.275 -0.7322 -0.6811 0.0000
-8.439 -7.439 -3.275 -0.7322 -0.6811 0.0000
-8.825 -6.977 -3.275 -0.7322 -0.6811 0.0000
-7.596 -8.298 -2.375 -0.7322 -0.6811 0.0000
-8.029 -7.880 -2.375 -0.7322 -0.6811 0.0000
-8.439 -7.439 -2.375 -0.7322 -0.6811 0.0000
-8.825 -6.977 -2.375 -0.7322 -0.6811 0.0000
-7.596 -8.298 -3.275 0.7322 0.6811 -0.0000
-8.029 -7.880 -3.275 0.7322 0.6811 -0.0000
-8.439 -7.439 -3.275 0.7322 0.6811 -0.0000
-8.825 -6.977 -3.275 0.7322 0.6811 -0.0000
-7.596 -8.298 -2.375 0.7322 0.6811 -0.0000
-8.029 -7.880 -2.375 0.7322 0.6811 -0.0000
-8.439 -7.439 -2.375 0.7322 0.6811 -0.0000
-8.825 -6.977 -2.375 0.7322 0.6811 -0.0000
0 5 1
0 4 5
8 9 13
8 13 12
1 6 2
1 5 6
9 10 14
9 14 13
2 7 3
2 6 7
10 11 15
10 15 14
MATERIALS 75
hull_lacquer
nose_iridium
crest_radiator
structure
boron_nitride
engine_metal
mechanism
dark
band
planetary_cup
rover
shuttle
trap_shell
canopy
br_vault
br_floor
br_panel
br_panel_face
br_tub
br_holo
br_screen
br_glow
br_display
br_green
br_red
br_amber
br_seat
br_cushion
br_bezel
br_rib
br_lamp
br_cove
br_vault_lit
br_floor_lit
br_belt
in_floor
in_wall
in_ceiling
in_light
in_furn
in_seat
in_metal
in_wet
in_screen
in_trim
in_green
in_amber
in_red
in_guide
in_btn_dim
in_wall_w
in_floor_w
in_ceil_w
in_metal_w
in_trim_w
in_guide_w
in_fx
in_downlight
in_cove
lift_glass
in_wip
in_btn_cap
in_cablight
in_glass
in_wall_r
in_floor_r
in_ceil_r
in_metal_r
in_dutyred
in_door
in_wall_d
in_floor_d
in_ceil_d
in_metal_d
br_malachite
MATERIAL hull_lacquer
0.620 0.640 0.680 1.00
0.620 0.640 0.680 1.00
0.300 0.300 0.320 1 20
0.000 0.000 0.000 1
MATERIAL nose_iridium
0.780 0.760 0.700 1.00
0.780 0.760 0.700 1.00
0.950 0.950 0.950 1 80
0.000 0.000 0.000 1
MATERIAL crest_radiator
0.460 0.260 0.180 1.00
0.460 0.260 0.180 1.00
0.150 0.150 0.150 1 10
0.000 0.000 0.000 1
MATERIAL structure
0.260 0.270 0.290 1.00
0.260 0.270 0.290 1.00
0.200 0.200 0.200 1 15
0.000 0.000 0.000 1
MATERIAL boron_nitride
0.620 0.580 0.920 1.00
0.620 0.580 0.920 1.00
0.600 0.600 0.700 1 40
0.080 0.060 0.200 1
MATERIAL engine_metal
0.400 0.400 0.420 1.00
0.400 0.400 0.420 1.00
0.500 0.500 0.500 1 40
0.000 0.000 0.000 1
MATERIAL mechanism
0.540 0.560 0.600 1.00
0.540 0.560 0.600 1.00
0.700 0.700 0.720 1 50
0.000 0.000 0.000 1
MATERIAL dark
0.070 0.070 0.090 1.00
0.070 0.070 0.090 1.00
0.050 0.050 0.050 1 5
0.000 0.000 0.000 1
MATERIAL band
0.280 0.360 0.500 1.00
0.280 0.360 0.500 1.00
0.500 0.550 0.650 1 40
0.000 0.000 0.000 1
MATERIAL planetary_cup
0.600 0.700 0.850 1.00
0.600 0.700 0.850 1.00
0.700 0.700 0.800 1 50
0.030 0.060 0.100 1
MATERIAL rover
0.550 0.480 0.320 1.00
0.550 0.480 0.320 1.00
0.300 0.300 0.300 1 20
0.000 0.000 0.000 1
MATERIAL shuttle
0.850 0.840 0.810 1.00
0.850 0.840 0.810 1.00
0.400 0.400 0.400 1 30
0.000 0.000 0.000 1
MATERIAL trap_shell
0.440 0.470 0.560 1.00
0.440 0.470 0.560 1.00
0.450 0.450 0.500 1 30
0.000 0.000 0.000 1
MATERIAL canopy
0.360 0.370 0.400 1.00
0.360 0.370 0.400 1.00
0.550 0.550 0.600 1 35
0.000 0.000 0.000 1
MATERIAL br_vault
0.150 0.160 0.180 1.00
0.150 0.160 0.180 1.00
0.060 0.060 0.070 1 8
0.026 0.030 0.038 1
MATERIAL br_floor
0.550 0.580 0.620 1.00
0.550 0.580 0.620 1.00
0.350 0.360 0.400 1 40
0.160 0.180 0.210 1
MATERIAL br_panel
0.170 0.180 0.200 1.00
0.170 0.180 0.200 1.00
0.200 0.210 0.240 1 20
0.028 0.032 0.040 1
MATERIAL br_panel_face
0.240 0.250 0.280 1.00
0.240 0.250 0.280 1.00
0.300 0.320 0.360 1 30
0.042 0.047 0.056 1
MATERIAL br_tub
0.300 0.310 0.340 1.00
0.300 0.310 0.340 1.00
0.250 0.260 0.300 1 25
0.050 0.055 0.066 1
MATERIAL br_holo
0.050 0.200 0.260 1.00
0.050 0.200 0.260 1.00
0.000 0.000 0.000 1 1
0.060 0.260 0.340 1
MATERIAL br_screen
0.020 0.030 0.060 1.00
0.020 0.030 0.060 1.00
0.300 0.300 0.400 1 40
0.030 0.050 0.100 1
MATERIAL br_glow
0.400 0.900 1.000 1.00
0.400 0.900 1.000 1.00
0.000 0.000 0.000 1 1
0.300 0.700 0.900 1
MATERIAL br_display
1.000 1.000 1.000 1.00
1.000 1.000 1.000 1.00
0.000 0.000 0.000 1 1
1.000 1.000 1.000 1
MATERIAL br_green
0.300 1.000 0.500 1.00
0.300 1.000 0.500 1.00
0.000 0.000 0.000 1 1
0.200 0.900 0.400 1
MATERIAL br_red
0.900 0.200 0.150 1.00
0.900 0.200 0.150 1.00
0.300 0.100 0.100 1 20
0.500 0.080 0.050 1
MATERIAL br_amber
1.000 0.800 0.300 1.00
1.000 0.800 0.300 1.00
0.000 0.000 0.000 1 1
0.700 0.500 0.100 1
MATERIAL br_seat
0.200 0.210 0.230 1.00
0.200 0.210 0.230 1.00
0.300 0.300 0.350 1 30
0.024 0.026 0.030 1
MATERIAL br_cushion
0.210 0.240 0.290 1.00
0.210 0.240 0.290 1.00
0.100 0.100 0.120 1 10
0.028 0.032 0.040 1
MATERIAL br_bezel
0.620 0.640 0.680 1.00
0.620 0.640 0.680 1.00
0.400 0.410 0.450 1 40
0.075 0.080 0.090 1
MATERIAL br_rib
0.220 0.230 0.260 1.00
0.220 0.230 0.260 1.00
0.300 0.310 0.350 1 30
0.034 0.038 0.046 1
MATERIAL br_lamp
0.800 0.880 1.000 1.00
0.800 0.880 1.000 1.00
0.000 0.000 0.000 1 1
0.620 0.700 0.800 1
MATERIAL br_cove
0.300 0.550 0.800 1.00
0.300 0.550 0.800 1.00
0.000 0.000 0.000 1 1
0.160 0.300 0.460 1
MATERIAL br_vault_lit
0.060 0.060 0.070 1.00
0.060 0.060 0.070 1.00
0.040 0.040 0.050 1 8
1.000 1.000 1.000 1
MATERIAL br_floor_lit
0.080 0.080 0.090 1.00
0.080 0.080 0.090 1.00
0.100 0.100 0.120 1 20
1.000 1.000 1.000 1
MATERIAL br_belt
0.880 0.560 0.160 1.00
0.880 0.560 0.160 1.00
0.100 0.100 0.100 1 10
0.000 0.000 0.000 1
MATERIAL in_floor
0.500 0.500 0.500 1.00
0.500 0.500 0.500 1.00
0.100 0.100 0.100 1 10
0.500 0.500 0.520 1
MATERIAL in_wall
0.450 0.450 0.450 1.00
0.450 0.450 0.450 1.00
0.050 0.050 0.050 1 5
0.600 0.600 0.620 1
MATERIAL in_ceiling
0.450 0.450 0.450 1.00
0.450 0.450 0.450 1.00
0.000 0.000 0.000 1 1
0.550 0.550 0.570 1
MATERIAL in_light
1.000 0.970 0.880 1.00
1.000 0.970 0.880 1.00
0.000 0.000 0.000 1 1
1.000 0.960 0.840 1
MATERIAL in_furn
0.300 0.310 0.340 1.00
0.300 0.310 0.340 1.00
0.100 0.100 0.100 1 10
0.150 0.150 0.170 1
MATERIAL in_seat
0.120 0.150 0.220 1.00
0.120 0.150 0.220 1.00
0.150 0.150 0.200 1 15
0.060 0.080 0.130 1
MATERIAL in_metal
0.500 0.500 0.500 1.00
0.500 0.500 0.500 1.00
0.500 0.500 0.500 1 30
0.550 0.550 0.580 1
MATERIAL in_wet
0.360 0.500 0.550 1.00
0.360 0.500 0.550 1.00
0.200 0.200 0.250 1 20
0.130 0.190 0.210 1
MATERIAL in_screen
0.040 0.080 0.160 1.00
0.040 0.080 0.160 1.00
0.300 0.300 0.400 1 40
0.100 0.280 0.500 1
MATERIAL in_trim
0.600 0.600 0.600 1.00
0.600 0.600 0.600 1.00
0.100 0.100 0.100 1 10
0.500 0.500 0.500 1
MATERIAL in_green
0.100 0.600 0.250 1.00
0.100 0.600 0.250 1.00
0.000 0.000 0.000 1 1
0.150 1.000 0.400 1
MATERIAL in_amber
0.700 0.450 0.050 1.00
0.700 0.450 0.050 1.00
0.000 0.000 0.000 1 1
1.000 0.620 0.080 1
MATERIAL in_red
0.700 0.100 0.080 1.00
0.700 0.100 0.080 1.00
0.000 0.000 0.000 1 1
1.000 0.150 0.100 1
MATERIAL in_guide
0.200 0.500 0.700 1.00
0.200 0.500 0.700 1.00
0.000 0.000 0.000 1 1
0.250 0.750 1.000 1
MATERIAL in_btn_dim
0.160 0.180 0.200 1.00
0.160 0.180 0.200 1.00
0.300 0.300 0.300 1 20
0.040 0.050 0.060 1
MATERIAL in_wall_w
0.500 0.500 0.510 1.00
0.500 0.500 0.510 1.00
0.080 0.080 0.090 1 12
0.065 0.065 0.075 1
MATERIAL in_floor_w
0.500 0.500 0.500 1.00
0.500 0.500 0.500 1.00
0.450 0.450 0.480 1 40
0.040 0.040 0.045 1
MATERIAL in_ceil_w
0.400 0.400 0.410 1.00
0.400 0.400 0.410 1.00
0.000 0.000 0.000 1 1
0.035 0.035 0.040 1
MATERIAL in_metal_w
0.450 0.450 0.470 1.00
0.450 0.450 0.470 1.00
0.400 0.400 0.420 1 30
0.070 0.070 0.080 1
MATERIAL in_trim_w
0.500 0.500 0.500 1.00
0.500 0.500 0.500 1.00
0.100 0.100 0.100 1 10
0.140 0.140 0.140 1
MATERIAL in_guide_w
0.250 0.420 0.420 1.00
0.250 0.420 0.420 1.00
0.000 0.000 0.000 1 1
0.160 0.360 0.380 1
MATERIAL in_fx
1.000 1.000 1.000 1.00
1.000 1.000 1.000 1.00
0.000 0.000 0.000 1 1
1.000 1.000 1.000 1
MATERIAL in_downlight
1.000 0.860 0.620 1.00
1.000 0.860 0.620 1.00
0.000 0.000 0.000 1 1
1.000 0.840 0.580 1
MATERIAL in_cove
0.300 0.400 0.620 1.00
0.300 0.400 0.620 1.00
0.000 0.000 0.000 1 1
0.260 0.360 0.580 1
MATERIAL lift_glass
0.450 0.600 0.700 0.22
0.450 0.600 0.700 0.22
0.800 0.800 0.850 1 60
0.020 0.030 0.040 1
MATERIAL in_wip
0.950 0.420 0.060 1.00
0.950 0.420 0.060 1.00
0.300 0.250 0.200 1 20
0.400 0.170 0.020 1
MATERIAL in_btn_cap
0.550 0.560 0.580 1.00
0.550 0.560 0.580 1.00
0.350 0.350 0.350 1 30
0.300 0.310 0.320 1
MATERIAL in_cablight
0.950 0.930 0.860 1.00
0.950 0.930 0.860 1.00
0.000 0.000 0.000 1 1
0.800 0.770 0.680 1
MATERIAL in_glass
1.000 1.000 1.000 1.00
1.000 1.000 1.000 1.00
0.900 0.900 0.900 1 60
0.120 0.130 0.150 1
MATERIAL in_wall_r
0.400 0.380 0.380 1.00
0.400 0.380 0.380 1.00
0.050 0.050 0.050 1 5
0.050 0.012 0.011 1
MATERIAL in_floor_r
0.400 0.380 0.380 1.00
0.400 0.380 0.380 1.00
0.200 0.200 0.200 1 30
0.032 0.007 0.007 1
MATERIAL in_ceil_r
0.350 0.330 0.330 1.00
0.350 0.330 0.330 1.00
0.000 0.000 0.000 1 1
0.028 0.006 0.006 1
MATERIAL in_metal_r
0.400 0.380 0.380 1.00
0.400 0.380 0.380 1.00
0.300 0.300 0.300 1 30
0.045 0.011 0.010 1
MATERIAL in_dutyred
0.600 0.080 0.050 1.00
0.600 0.080 0.050 1.00
0.000 0.000 0.000 1 1
0.550 0.050 0.030 1
MATERIAL in_door
0.550 0.550 0.560 1.00
0.550 0.550 0.560 1.00
0.250 0.250 0.270 1 25
0.075 0.075 0.080 1
MATERIAL in_wall_d
0.080 0.080 0.085 1.00
0.080 0.080 0.085 1.00
0.020 0.020 0.020 1 5
0.018 0.018 0.020 1
MATERIAL in_floor_d
0.080 0.080 0.080 1.00
0.080 0.080 0.080 1.00
0.050 0.050 0.050 1 10
0.012 0.012 0.013 1
MATERIAL in_ceil_d
0.070 0.070 0.075 1.00
0.070 0.070 0.075 1.00
0.000 0.000 0.000 1 1
0.010 0.010 0.011 1
MATERIAL in_metal_d
0.080 0.080 0.085 1.00
0.080 0.080 0.085 1.00
0.050 0.050 0.050 1 10
0.016 0.016 0.018 1
MATERIAL br_malachite
0.160 0.380 0.310 1.00
0.160 0.380 0.310 1.00
0.400 0.480 0.450 1 35
0.020 0.048 0.040 1
TEXTURES 0
