MSHX1
GROUPS 110
LABEL sfoot0_hub
MATERIAL 7
TEXTURE 0
GEOM 168 288 ;sfoot0_hub
0.000 -0.000 -2.275 0.0000 0.0000 -1.0000
0.000 -0.000 -2.275 0.0000 0.0000 -1.0000
0.000 -0.000 -2.275 0.0000 0.0000 -1.0000
0.000 -0.000 -2.275 0.0000 0.0000 -1.0000
0.000 -0.000 -2.275 0.0000 0.0000 -1.0000
0.000 -0.000 -2.275 0.0000 0.0000 -1.0000
0.000 -0.000 -2.275 0.0000 0.0000 -1.0000
0.000 -0.000 -2.275 0.0000 0.0000 -1.0000
0.000 -0.000 -2.275 0.0000 0.0000 -1.0000
0.000 -0.000 -2.275 0.0000 0.0000 -1.0000
0.000 -0.000 -2.275 0.0000 0.0000 -1.0000
0.000 -0.000 -2.275 0.0000 0.0000 -1.0000
0.000 -0.000 -2.275 0.0000 0.0000 -1.0000
0.000 -0.000 -2.275 0.0000 0.0000 -1.0000
0.000 -0.000 -2.275 0.0000 0.0000 -1.0000
0.000 -0.000 -2.275 0.0000 0.0000 -1.0000
0.000 -0.000 -2.275 0.0000 0.0000 -1.0000
0.000 -0.000 -2.275 0.0000 0.0000 -1.0000
0.000 -0.000 -2.275 0.0000 0.0000 -1.0000
0.000 -0.000 -2.275 0.0000 0.0000 -1.0000
0.000 -0.000 -2.275 0.0000 0.0000 -1.0000
0.000 -0.000 -2.275 0.0000 0.0000 -1.0000
0.000 -0.000 -2.275 0.0000 0.0000 -1.0000
0.000 -0.000 -2.275 0.0000 0.0000 -1.0000
-0.950 -0.000 -2.275 -0.6441 0.0000 -0.7649
-0.918 -0.246 -2.275 -0.6222 -0.1667 -0.7649
-0.823 -0.475 -2.275 -0.5578 -0.3221 -0.7649
-0.672 -0.672 -2.275 -0.4555 -0.4555 -0.7649
-0.475 -0.823 -2.275 -0.3221 -0.5578 -0.7649
-0.246 -0.918 -2.275 -0.1667 -0.6222 -0.7649
0.000 -0.950 -2.275 -0.0000 -0.6441 -0.7649
0.246 -0.918 -2.275 0.1667 -0.6222 -0.7649
0.475 -0.823 -2.275 0.3221 -0.5578 -0.7649
0.672 -0.672 -2.275 0.4555 -0.4555 -0.7649
0.823 -0.475 -2.275 0.5578 -0.3221 -0.7649
0.918 -0.246 -2.275 0.6222 -0.1667 -0.7649
0.950 -0.000 -2.275 0.6441 -0.0000 -0.7649
0.918 0.246 -2.275 0.6222 0.1667 -0.7649
0.823 0.475 -2.275 0.5578 0.3221 -0.7649
0.672 0.672 -2.275 0.4555 0.4555 -0.7649
0.475 0.823 -2.275 0.3221 0.5578 -0.7649
0.246 0.918 -2.275 0.1667 0.6222 -0.7649
0.000 0.950 -2.275 0.0000 0.6441 -0.7649
-0.246 0.918 -2.275 -0.1667 0.6222 -0.7649
-0.475 0.823 -2.275 -0.3221 0.5578 -0.7649
-0.672 0.672 -2.275 -0.4555 0.4555 -0.7649
-0.823 0.475 -2.275 -0.5578 0.3221 -0.7649
-0.918 0.246 -2.275 -0.6222 0.1667 -0.7649
-0.950 -0.000 -1.475 -0.9671 0.0000 0.2545
-0.918 -0.246 -1.475 -0.9341 -0.2503 0.2545
-0.823 -0.475 -1.475 -0.8375 -0.4835 0.2545
-0.672 -0.672 -1.475 -0.6838 -0.6838 0.2545
-0.475 -0.823 -1.475 -0.4835 -0.8375 0.2545
-0.246 -0.918 -1.475 -0.2503 -0.9341 0.2545
0.000 -0.950 -1.475 -0.0000 -0.9671 0.2545
0.246 -0.918 -1.475 0.2503 -0.9341 0.2545
0.475 -0.823 -1.475 0.4835 -0.8375 0.2545
0.672 -0.672 -1.475 0.6838 -0.6838 0.2545
0.823 -0.475 -1.475 0.8375 -0.4835 0.2545
0.918 -0.246 -1.475 0.9341 -0.2503 0.2545
0.950 -0.000 -1.475 0.9671 -0.0000 0.2545
0.918 0.246 -1.475 0.9341 0.2503 0.2545
0.823 0.475 -1.475 0.8375 0.4835 0.2545
0.672 0.672 -1.475 0.6838 0.6838 0.2545
0.475 0.823 -1.475 0.4835 0.8375 0.2545
0.246 0.918 -1.475 0.2503 0.9341 0.2545
0.000 0.950 -1.475 0.0000 0.9671 0.2545
-0.246 0.918 -1.475 -0.2503 0.9341 0.2545
-0.475 0.823 -1.475 -0.4835 0.8375 0.2545
-0.672 0.672 -1.475 -0.6838 0.6838 0.2545
-0.823 0.475 -1.475 -0.8375 0.4835 0.2545
-0.918 0.246 -1.475 -0.9341 0.2503 0.2545
-0.700 -0.000 -1.325 -0.9977 0.0000 0.0674
-0.676 -0.181 -1.325 -0.9637 -0.2582 0.0674
-0.606 -0.350 -1.325 -0.8641 -0.4989 0.0674
-0.495 -0.495 -1.325 -0.7055 -0.7055 0.0674
-0.350 -0.606 -1.325 -0.4989 -0.8641 0.0674
-0.181 -0.676 -1.325 -0.2582 -0.9637 0.0674
0.000 -0.700 -1.325 -0.0000 -0.9977 0.0674
0.181 -0.676 -1.325 0.2582 -0.9637 0.0674
0.350 -0.606 -1.325 0.4989 -0.8641 0.0674
0.495 -0.495 -1.325 0.7055 -0.7055 0.0674
0.606 -0.350 -1.325 0.8641 -0.4989 0.0674
0.676 -0.181 -1.325 0.9637 -0.2582 0.0674
0.700 -0.000 -1.325 0.9977 -0.0000 0.0674
0.676 0.181 -1.325 0.9637 0.2582 0.0674
0.606 0.350 -1.325 0.8641 0.4989 0.0674
0.495 0.495 -1.325 0.7055 0.7055 0.0674
0.350 0.606 -1.325 0.4989 0.8641 0.0674
0.181 0.676 -1.325 0.2582 0.9637 0.0674
0.000 0.700 -1.325 0.0000 0.9977 0.0674
-0.181 0.676 -1.325 -0.2582 0.9637 0.0674
-0.350 0.606 -1.325 -0.4989 0.8641 0.0674
-0.495 0.495 -1.325 -0.7055 0.7055 0.0674
-0.606 0.350 -1.325 -0.8641 0.4989 0.0674
-0.676 0.181 -1.325 -0.9637 0.2582 0.0674
-0.700 -0.000 2.225 -0.9979 0.0000 -0.0648
-0.676 -0.181 2.225 -0.9639 -0.2583 -0.0648
-0.606 -0.350 2.225 -0.8642 -0.4989 -0.0648
-0.495 -0.495 2.225 -0.7056 -0.7056 -0.0648
-0.350 -0.606 2.225 -0.4989 -0.8642 -0.0648
-0.181 -0.676 2.225 -0.2583 -0.9639 -0.0648
0.000 -0.700 2.225 -0.0000 -0.9979 -0.0648
0.181 -0.676 2.225 0.2583 -0.9639 -0.0648
0.350 -0.606 2.225 0.4989 -0.8642 -0.0648
0.495 -0.495 2.225 0.7056 -0.7056 -0.0648
0.606 -0.350 2.225 0.8642 -0.4989 -0.0648
0.676 -0.181 2.225 0.9639 -0.2583 -0.0648
0.700 -0.000 2.225 0.9979 -0.0000 -0.0648
0.676 0.181 2.225 0.9639 0.2583 -0.0648
0.606 0.350 2.225 0.8642 0.4989 -0.0648
0.495 0.495 2.225 0.7056 0.7056 -0.0648
0.350 0.606 2.225 0.4989 0.8642 -0.0648
0.181 0.676 2.225 0.2583 0.9639 -0.0648
0.000 0.700 2.225 0.0000 0.9979 -0.0648
-0.181 0.676 2.225 -0.2583 0.9639 -0.0648
-0.350 0.606 2.225 -0.4989 0.8642 -0.0648
-0.495 0.495 2.225 -0.7056 0.7056 -0.0648
-0.606 0.350 2.225 -0.8642 0.4989 -0.0648
-0.676 0.181 2.225 -0.9639 0.2583 -0.0648
-0.950 -0.000 2.525 -0.8321 0.0000 0.5547
-0.918 -0.246 2.525 -0.8037 -0.2154 0.5547
-0.823 -0.475 2.525 -0.7206 -0.4160 0.5547
-0.672 -0.672 2.525 -0.5883 -0.5883 0.5547
-0.475 -0.823 2.525 -0.4160 -0.7206 0.5547
-0.246 -0.918 2.525 -0.2154 -0.8037 0.5547
0.000 -0.950 2.525 -0.0000 -0.8321 0.5547
0.246 -0.918 2.525 0.2154 -0.8037 0.5547
0.475 -0.823 2.525 0.4160 -0.7206 0.5547
0.672 -0.672 2.525 0.5883 -0.5883 0.5547
0.823 -0.475 2.525 0.7206 -0.4160 0.5547
0.918 -0.246 2.525 0.8037 -0.2154 0.5547
0.950 -0.000 2.525 0.8321 -0.0000 0.5547
0.918 0.246 2.525 0.8037 0.2154 0.5547
0.823 0.475 2.525 0.7206 0.4160 0.5547
0.672 0.672 2.525 0.5883 0.5883 0.5547
0.475 0.823 2.525 0.4160 0.7206 0.5547
0.246 0.918 2.525 0.2154 0.8037 0.5547
0.000 0.950 2.525 0.0000 0.8321 0.5547
-0.246 0.918 2.525 -0.2154 0.8037 0.5547
-0.475 0.823 2.525 -0.4160 0.7206 0.5547
-0.672 0.672 2.525 -0.5883 0.5883 0.5547
-0.823 0.475 2.525 -0.7206 0.4160 0.5547
-0.918 0.246 2.525 -0.8037 0.2154 0.5547
0.000 -0.000 3.275 -0.6196 0.0000 0.7849
0.000 -0.000 3.275 -0.5985 -0.1604 0.7849
0.000 -0.000 3.275 -0.5366 -0.3098 0.7849
0.000 -0.000 3.275 -0.4382 -0.4382 0.7849
0.000 -0.000 3.275 -0.3098 -0.5366 0.7849
0.000 -0.000 3.275 -0.1604 -0.5985 0.7849
0.000 -0.000 3.275 -0.0000 -0.6196 0.7849
0.000 -0.000 3.275 0.1604 -0.5985 0.7849
0.000 -0.000 3.275 0.3098 -0.5366 0.7849
0.000 -0.000 3.275 0.4382 -0.4382 0.7849
0.000 -0.000 3.275 0.5366 -0.3098 0.7849
0.000 -0.000 3.275 0.5985 -0.1604 0.7849
0.000 -0.000 3.275 0.6196 -0.0000 0.7849
0.000 -0.000 3.275 0.5985 0.1604 0.7849
0.000 -0.000 3.275 0.5366 0.3098 0.7849
0.000 -0.000 3.275 0.4382 0.4382 0.7849
0.000 -0.000 3.275 0.3098 0.5366 0.7849
0.000 -0.000 3.275 0.1604 0.5985 0.7849
0.000 -0.000 3.275 0.0000 0.6196 0.7849
0.000 -0.000 3.275 -0.1604 0.5985 0.7849
0.000 -0.000 3.275 -0.3098 0.5366 0.7849
0.000 -0.000 3.275 -0.4382 0.4382 0.7849
0.000 -0.000 3.275 -0.5366 0.3098 0.7849
0.000 -0.000 3.275 -0.5985 0.1604 0.7849
0 1 25
0 25 24
1 2 26
1 26 25
2 3 27
2 27 26
3 4 28
3 28 27
4 5 29
4 29 28
5 6 30
5 30 29
6 7 31
6 31 30
7 8 32
7 32 31
8 9 33
8 33 32
9 10 34
9 34 33
10 11 35
10 35 34
11 12 36
11 36 35
12 13 37
12 37 36
13 14 38
13 38 37
14 15 39
14 39 38
15 16 40
15 40 39
16 17 41
16 41 40
17 18 42
17 42 41
18 19 43
18 43 42
19 20 44
19 44 43
20 21 45
20 45 44
21 22 46
21 46 45
22 23 47
22 47 46
23 0 24
23 24 47
24 25 49
24 49 48
25 26 50
25 50 49
26 27 51
26 51 50
27 28 52
27 52 51
28 29 53
28 53 52
29 30 54
29 54 53
30 31 55
30 55 54
31 32 56
31 56 55
32 33 57
32 57 56
33 34 58
33 58 57
34 35 59
34 59 58
35 36 60
35 60 59
36 37 61
36 61 60
37 38 62
37 62 61
38 39 63
38 63 62
39 40 64
39 64 63
40 41 65
40 65 64
41 42 66
41 66 65
42 43 67
42 67 66
43 44 68
43 68 67
44 45 69
44 69 68
45 46 70
45 70 69
46 47 71
46 71 70
47 24 48
47 48 71
48 49 73
48 73 72
49 50 74
49 74 73
50 51 75
50 75 74
51 52 76
51 76 75
52 53 77
52 77 76
53 54 78
53 78 77
54 55 79
54 79 78
55 56 80
55 80 79
56 57 81
56 81 80
57 58 82
57 82 81
58 59 83
58 83 82
59 60 84
59 84 83
60 61 85
60 85 84
61 62 86
61 86 85
62 63 87
62 87 86
63 64 88
63 88 87
64 65 89
64 89 88
65 66 90
65 90 89
66 67 91
66 91 90
67 68 92
67 92 91
68 69 93
68 93 92
69 70 94
69 94 93
70 71 95
70 95 94
71 48 72
71 72 95
72 73 97
72 97 96
73 74 98
73 98 97
74 75 99
74 99 98
75 76 100
75 100 99
76 77 101
76 101 100
77 78 102
77 102 101
78 79 103
78 103 102
79 80 104
79 104 103
80 81 105
80 105 104
81 82 106
81 106 105
82 83 107
82 107 106
83 84 108
83 108 107
84 85 109
84 109 108
85 86 110
85 110 109
86 87 111
86 111 110
87 88 112
87 112 111
88 89 113
88 113 112
89 90 114
89 114 113
90 91 115
90 115 114
91 92 116
91 116 115
92 93 117
92 117 116
93 94 118
93 118 117
94 95 119
94 119 118
95 72 96
95 96 119
96 97 121
96 121 120
97 98 122
97 122 121
98 99 123
98 123 122
99 100 124
99 124 123
100 101 125
100 125 124
101 102 126
101 126 125
102 103 127
102 127 126
103 104 128
103 128 127
104 105 129
104 129 128
105 106 130
105 130 129
106 107 131
106 131 130
107 108 132
107 132 131
108 109 133
108 133 132
109 110 134
109 134 133
110 111 135
110 135 134
111 112 136
111 136 135
112 113 137
112 137 136
113 114 138
113 138 137
114 115 139
114 139 138
115 116 140
115 140 139
116 117 141
116 141 140
117 118 142
117 142 141
118 119 143
118 143 142
119 96 120
119 120 143
120 121 145
120 145 144
121 122 146
121 146 145
122 123 147
122 147 146
123 124 148
123 148 147
124 125 149
124 149 148
125 126 150
125 150 149
126 127 151
126 151 150
127 128 152
127 152 151
128 129 153
128 153 152
129 130 154
129 154 153
130 131 155
130 155 154
131 132 156
131 156 155
132 133 157
132 157 156
133 134 158
133 158 157
134 135 159
134 159 158
135 136 160
135 160 159
136 137 161
136 161 160
137 138 162
137 162 161
138 139 163
138 163 162
139 140 164
139 164 163
140 141 165
140 165 164
141 142 166
141 166 165
142 143 167
142 167 166
143 120 144
143 144 167
LABEL sfoot0_mast
MATERIAL 7
TEXTURE 0
GEOM 506 480 ;sfoot0_mast
-1.450 -0.000 1.775 -1.0000 0.0000 0.0000
-1.401 -0.375 1.775 -0.9659 -0.2588 0.0000
-1.256 -0.725 1.775 -0.8660 -0.5000 0.0000
-1.025 -1.025 1.775 -0.7071 -0.7071 0.0000
-0.725 -1.256 1.775 -0.5000 -0.8660 0.0000
-0.375 -1.401 1.775 -0.2588 -0.9659 0.0000
0.000 -1.450 1.775 -0.0000 -1.0000 0.0000
0.375 -1.401 1.775 0.2588 -0.9659 0.0000
0.725 -1.256 1.775 0.5000 -0.8660 0.0000
1.025 -1.025 1.775 0.7071 -0.7071 0.0000
1.256 -0.725 1.775 0.8660 -0.5000 0.0000
1.401 -0.375 1.775 0.9659 -0.2588 0.0000
1.450 -0.000 1.775 1.0000 -0.0000 0.0000
1.401 0.375 1.775 0.9659 0.2588 -0.0000
1.256 0.725 1.775 0.8660 0.5000 -0.0000
1.025 1.025 1.775 0.7071 0.7071 -0.0000
0.725 1.256 1.775 0.5000 0.8660 -0.0000
0.375 1.401 1.775 0.2588 0.9659 -0.0000
0.000 1.450 1.775 0.0000 1.0000 -0.0000
-0.375 1.401 1.775 -0.2588 0.9659 0.0000
-0.725 1.256 1.775 -0.5000 0.8660 0.0000
-1.025 1.025 1.775 -0.7071 0.7071 0.0000
-1.256 0.725 1.775 -0.8660 0.5000 0.0000
-1.401 0.375 1.775 -0.9659 0.2588 0.0000
-1.450 -0.000 2.475 -1.0000 0.0000 0.0000
-1.401 -0.375 2.475 -0.9659 -0.2588 0.0000
-1.256 -0.725 2.475 -0.8660 -0.5000 0.0000
-1.025 -1.025 2.475 -0.7071 -0.7071 0.0000
-0.725 -1.256 2.475 -0.5000 -0.8660 0.0000
-0.375 -1.401 2.475 -0.2588 -0.9659 0.0000
0.000 -1.450 2.475 -0.0000 -1.0000 0.0000
0.375 -1.401 2.475 0.2588 -0.9659 0.0000
0.725 -1.256 2.475 0.5000 -0.8660 0.0000
1.025 -1.025 2.475 0.7071 -0.7071 0.0000
1.256 -0.725 2.475 0.8660 -0.5000 0.0000
1.401 -0.375 2.475 0.9659 -0.2588 0.0000
1.450 -0.000 2.475 1.0000 -0.0000 0.0000
1.401 0.375 2.475 0.9659 0.2588 -0.0000
1.256 0.725 2.475 0.8660 0.5000 -0.0000
1.025 1.025 2.475 0.7071 0.7071 -0.0000
0.725 1.256 2.475 0.5000 0.8660 -0.0000
0.375 1.401 2.475 0.2588 0.9659 -0.0000
0.000 1.450 2.475 0.0000 1.0000 -0.0000
-0.375 1.401 2.475 -0.2588 0.9659 0.0000
-0.725 1.256 2.475 -0.5000 0.8660 0.0000
-1.025 1.025 2.475 -0.7071 0.7071 0.0000
-1.256 0.725 2.475 -0.8660 0.5000 0.0000
-1.401 0.375 2.475 -0.9659 0.2588 0.0000
0.000 -0.000 1.775 -0.0000 -0.0000 -1.0000
-1.450 -0.000 1.775 -0.0000 -0.0000 -1.0000
-1.401 -0.375 1.775 -0.0000 -0.0000 -1.0000
-1.256 -0.725 1.775 -0.0000 -0.0000 -1.0000
-1.025 -1.025 1.775 -0.0000 -0.0000 -1.0000
-0.725 -1.256 1.775 -0.0000 -0.0000 -1.0000
-0.375 -1.401 1.775 -0.0000 -0.0000 -1.0000
0.000 -1.450 1.775 -0.0000 -0.0000 -1.0000
0.375 -1.401 1.775 -0.0000 -0.0000 -1.0000
0.725 -1.256 1.775 -0.0000 -0.0000 -1.0000
1.025 -1.025 1.775 -0.0000 -0.0000 -1.0000
1.256 -0.725 1.775 -0.0000 -0.0000 -1.0000
1.401 -0.375 1.775 -0.0000 -0.0000 -1.0000
1.450 -0.000 1.775 -0.0000 -0.0000 -1.0000
1.401 0.375 1.775 -0.0000 -0.0000 -1.0000
1.256 0.725 1.775 -0.0000 -0.0000 -1.0000
1.025 1.025 1.775 -0.0000 -0.0000 -1.0000
0.725 1.256 1.775 -0.0000 -0.0000 -1.0000
0.375 1.401 1.775 -0.0000 -0.0000 -1.0000
0.000 1.450 1.775 -0.0000 -0.0000 -1.0000
-0.375 1.401 1.775 -0.0000 -0.0000 -1.0000
-0.725 1.256 1.775 -0.0000 -0.0000 -1.0000
-1.025 1.025 1.775 -0.0000 -0.0000 -1.0000
-1.256 0.725 1.775 -0.0000 -0.0000 -1.0000
-1.401 0.375 1.775 -0.0000 -0.0000 -1.0000
0.000 -0.000 2.475 0.0000 0.0000 1.0000
-1.450 -0.000 2.475 0.0000 0.0000 1.0000
-1.401 -0.375 2.475 0.0000 0.0000 1.0000
-1.256 -0.725 2.475 0.0000 0.0000 1.0000
-1.025 -1.025 2.475 0.0000 0.0000 1.0000
-0.725 -1.256 2.475 0.0000 0.0000 1.0000
-0.375 -1.401 2.475 0.0000 0.0000 1.0000
0.000 -1.450 2.475 0.0000 0.0000 1.0000
0.375 -1.401 2.475 0.0000 0.0000 1.0000
0.725 -1.256 2.475 0.0000 0.0000 1.0000
1.025 -1.025 2.475 0.0000 0.0000 1.0000
1.256 -0.725 2.475 0.0000 0.0000 1.0000
1.401 -0.375 2.475 0.0000 0.0000 1.0000
1.450 -0.000 2.475 0.0000 0.0000 1.0000
1.401 0.375 2.475 0.0000 0.0000 1.0000
1.256 0.725 2.475 0.0000 0.0000 1.0000
1.025 1.025 2.475 0.0000 0.0000 1.0000
0.725 1.256 2.475 0.0000 0.0000 1.0000
0.375 1.401 2.475 0.0000 0.0000 1.0000
0.000 1.450 2.475 0.0000 0.0000 1.0000
-0.375 1.401 2.475 0.0000 0.0000 1.0000
-0.725 1.256 2.475 0.0000 0.0000 1.0000
-1.025 1.025 2.475 0.0000 0.0000 1.0000
-1.256 0.725 2.475 0.0000 0.0000 1.0000
-1.401 0.375 2.475 0.0000 0.0000 1.0000
0.455 -1.129 1.905 0.0000 0.0000 -1.0000
0.463 -1.285 1.969 0.0342 -0.7063 -0.7071
0.466 -1.349 2.125 0.0483 -0.9988 -0.0000
0.463 -1.285 2.281 0.0342 -0.7063 0.7071
0.455 -1.129 2.345 0.0000 -0.0000 1.0000
0.448 -0.974 2.281 -0.0342 0.7063 0.7071
0.444 -0.910 2.125 -0.0483 0.9988 0.0000
0.448 -0.974 1.969 -0.0342 0.7063 -0.7071
-0.344 -1.168 1.905 0.0000 0.0000 -1.0000
-0.336 -1.323 1.969 0.0342 -0.7063 -0.7071
-0.333 -1.388 2.125 0.0483 -0.9988 -0.0000
-0.336 -1.323 2.281 0.0342 -0.7063 0.7071
-0.344 -1.168 2.345 0.0000 -0.0000 1.0000
-0.351 -1.013 2.281 -0.0342 0.7063 0.7071
-0.355 -0.948 2.125 -0.0483 0.9988 0.0000
-0.351 -1.013 1.969 -0.0342 0.7063 -0.7071
0.455 -1.129 2.125 0.9988 0.0483 -0.0000
0.455 -1.129 1.905 0.9988 0.0483 -0.0000
0.463 -1.285 1.969 0.9988 0.0483 -0.0000
0.466 -1.349 2.125 0.9988 0.0483 -0.0000
0.463 -1.285 2.281 0.9988 0.0483 -0.0000
0.455 -1.129 2.345 0.9988 0.0483 -0.0000
0.448 -0.974 2.281 0.9988 0.0483 -0.0000
0.444 -0.910 2.125 0.9988 0.0483 -0.0000
0.448 -0.974 1.969 0.9988 0.0483 -0.0000
-0.344 -1.168 2.125 -0.9988 -0.0483 0.0000
-0.344 -1.168 1.905 -0.9988 -0.0483 0.0000
-0.336 -1.323 1.969 -0.9988 -0.0483 0.0000
-0.333 -1.388 2.125 -0.9988 -0.0483 0.0000
-0.336 -1.323 2.281 -0.9988 -0.0483 0.0000
-0.344 -1.168 2.345 -0.9988 -0.0483 0.0000
-0.351 -1.013 2.281 -0.9988 -0.0483 0.0000
-0.355 -0.948 2.125 -0.9988 -0.0483 0.0000
-0.351 -1.013 1.969 -0.9988 -0.0483 0.0000
-0.171 -1.206 1.905 0.0000 0.0000 -1.0000
-0.242 -1.344 1.969 -0.3236 -0.6287 -0.7071
-0.271 -1.401 2.125 -0.4576 -0.8892 -0.0000
-0.242 -1.344 2.281 -0.3236 -0.6287 0.7071
-0.171 -1.206 2.345 -0.0000 -0.0000 1.0000
-0.099 -1.067 2.281 0.3236 0.6287 0.7071
-0.070 -1.010 2.125 0.4576 0.8892 0.0000
-0.099 -1.067 1.969 0.3236 0.6287 -0.7071
-0.882 -0.840 1.905 0.0000 0.0000 -1.0000
-0.953 -0.978 1.969 -0.3236 -0.6287 -0.7071
-0.983 -1.035 2.125 -0.4576 -0.8892 -0.0000
-0.953 -0.978 2.281 -0.3236 -0.6287 0.7071
-0.882 -0.840 2.345 -0.0000 -0.0000 1.0000
-0.811 -0.701 2.281 0.3236 0.6287 0.7071
-0.781 -0.644 2.125 0.4576 0.8892 0.0000
-0.811 -0.701 1.969 0.3236 0.6287 -0.7071
-0.171 -1.206 2.125 0.8892 -0.4576 -0.0000
-0.171 -1.206 1.905 0.8892 -0.4576 -0.0000
-0.242 -1.344 1.969 0.8892 -0.4576 -0.0000
-0.271 -1.401 2.125 0.8892 -0.4576 -0.0000
-0.242 -1.344 2.281 0.8892 -0.4576 -0.0000
-0.171 -1.206 2.345 0.8892 -0.4576 -0.0000
-0.099 -1.067 2.281 0.8892 -0.4576 -0.0000
-0.070 -1.010 2.125 0.8892 -0.4576 -0.0000
-0.099 -1.067 1.969 0.8892 -0.4576 -0.0000
-0.882 -0.840 2.125 -0.8892 0.4576 0.0000
-0.882 -0.840 1.905 -0.8892 0.4576 0.0000
-0.953 -0.978 1.969 -0.8892 0.4576 0.0000
-0.983 -1.035 2.125 -0.8892 0.4576 0.0000
-0.953 -0.978 2.281 -0.8892 0.4576 0.0000
-0.882 -0.840 2.345 -0.8892 0.4576 0.0000
-0.811 -0.701 2.281 -0.8892 0.4576 0.0000
-0.781 -0.644 2.125 -0.8892 0.4576 0.0000
-0.811 -0.701 1.969 -0.8892 0.4576 0.0000
-0.750 -0.959 1.905 0.0000 0.0000 -1.0000
-0.881 -1.043 1.969 -0.5946 -0.3827 -0.7071
-0.935 -1.078 2.125 -0.8409 -0.5413 -0.0000
-0.881 -1.043 2.281 -0.5946 -0.3827 0.7071
-0.750 -0.959 2.345 -0.0000 -0.0000 1.0000
-0.620 -0.875 2.281 0.5946 0.3827 0.7071
-0.565 -0.840 2.125 0.8409 0.5413 0.0000
-0.620 -0.875 1.969 0.5946 0.3827 -0.7071
-1.183 -0.286 1.905 0.0000 0.0000 -1.0000
-1.314 -0.370 1.969 -0.5946 -0.3827 -0.7071
-1.368 -0.405 2.125 -0.8409 -0.5413 -0.0000
-1.314 -0.370 2.281 -0.5946 -0.3827 0.7071
-1.183 -0.286 2.345 -0.0000 -0.0000 1.0000
-1.053 -0.202 2.281 0.5946 0.3827 0.7071
-0.998 -0.167 2.125 0.8409 0.5413 0.0000
-1.053 -0.202 1.969 0.5946 0.3827 -0.7071
-0.750 -0.959 2.125 0.5413 -0.8409 -0.0000
-0.750 -0.959 1.905 0.5413 -0.8409 -0.0000
-0.881 -1.043 1.969 0.5413 -0.8409 -0.0000
-0.935 -1.078 2.125 0.5413 -0.8409 -0.0000
-0.881 -1.043 2.281 0.5413 -0.8409 -0.0000
-0.750 -0.959 2.345 0.5413 -0.8409 -0.0000
-0.620 -0.875 2.281 0.5413 -0.8409 -0.0000
-0.565 -0.840 2.125 0.5413 -0.8409 -0.0000
-0.620 -0.875 1.969 0.5413 -0.8409 -0.0000
-1.183 -0.286 2.125 -0.5413 0.8409 0.0000
-1.183 -0.286 1.905 -0.5413 0.8409 0.0000
-1.314 -0.370 1.969 -0.5413 0.8409 0.0000
-1.368 -0.405 2.125 -0.5413 0.8409 0.0000
-1.314 -0.370 2.281 -0.5413 0.8409 0.0000
-1.183 -0.286 2.345 -0.5413 0.8409 0.0000
-1.053 -0.202 2.281 -0.5413 0.8409 0.0000
-0.998 -0.167 2.125 -0.5413 0.8409 0.0000
-1.053 -0.202 1.969 -0.5413 0.8409 0.0000
-1.129 -0.455 1.905 0.0000 0.0000 -1.0000
-1.285 -0.463 1.969 -0.7063 -0.0342 -0.7071
-1.349 -0.466 2.125 -0.9988 -0.0483 -0.0000
-1.285 -0.463 2.281 -0.7063 -0.0342 0.7071
-1.129 -0.455 2.345 -0.0000 -0.0000 1.0000
-0.974 -0.448 2.281 0.7063 0.0342 0.7071
-0.910 -0.444 2.125 0.9988 0.0483 0.0000
-0.974 -0.448 1.969 0.7063 0.0342 -0.7071
-1.168 0.344 1.905 0.0000 0.0000 -1.0000
-1.323 0.336 1.969 -0.7063 -0.0342 -0.7071
-1.388 0.333 2.125 -0.9988 -0.0483 -0.0000
-1.323 0.336 2.281 -0.7063 -0.0342 0.7071
-1.168 0.344 2.345 -0.0000 -0.0000 1.0000
-1.013 0.351 2.281 0.7063 0.0342 0.7071
-0.948 0.355 2.125 0.9988 0.0483 0.0000
-1.013 0.351 1.969 0.7063 0.0342 -0.7071
-1.129 -0.455 2.125 0.0483 -0.9988 -0.0000
-1.129 -0.455 1.905 0.0483 -0.9988 -0.0000
-1.285 -0.463 1.969 0.0483 -0.9988 -0.0000
-1.349 -0.466 2.125 0.0483 -0.9988 -0.0000
-1.285 -0.463 2.281 0.0483 -0.9988 -0.0000
-1.129 -0.455 2.345 0.0483 -0.9988 -0.0000
-0.974 -0.448 2.281 0.0483 -0.9988 -0.0000
-0.910 -0.444 2.125 0.0483 -0.9988 -0.0000
-0.974 -0.448 1.969 0.0483 -0.9988 -0.0000
-1.168 0.344 2.125 -0.0483 0.9988 0.0000
-1.168 0.344 1.905 -0.0483 0.9988 0.0000
-1.323 0.336 1.969 -0.0483 0.9988 0.0000
-1.388 0.333 2.125 -0.0483 0.9988 0.0000
-1.323 0.336 2.281 -0.0483 0.9988 0.0000
-1.168 0.344 2.345 -0.0483 0.9988 0.0000
-1.013 0.351 2.281 -0.0483 0.9988 0.0000
-0.948 0.355 2.125 -0.0483 0.9988 0.0000
-1.013 0.351 1.969 -0.0483 0.9988 0.0000
-1.206 0.171 2.345 0.0000 0.0000 1.0000
-1.067 0.099 2.281 0.6287 -0.3236 0.7071
-1.010 0.070 2.125 0.8892 -0.4576 0.0000
-1.067 0.099 1.969 0.6287 -0.3236 -0.7071
-1.206 0.171 1.905 0.0000 -0.0000 -1.0000
-1.344 0.242 1.969 -0.6287 0.3236 -0.7071
-1.401 0.271 2.125 -0.8892 0.4576 -0.0000
-1.344 0.242 2.281 -0.6287 0.3236 0.7071
-0.840 0.882 2.345 0.0000 0.0000 1.0000
-0.701 0.811 2.281 0.6287 -0.3236 0.7071
-0.644 0.781 2.125 0.8892 -0.4576 0.0000
-0.701 0.811 1.969 0.6287 -0.3236 -0.7071
-0.840 0.882 1.905 0.0000 -0.0000 -1.0000
-0.978 0.953 1.969 -0.6287 0.3236 -0.7071
-1.035 0.983 2.125 -0.8892 0.4576 -0.0000
-0.978 0.953 2.281 -0.6287 0.3236 0.7071
-1.206 0.171 2.125 -0.4576 -0.8892 -0.0000
-1.206 0.171 2.345 -0.4576 -0.8892 -0.0000
-1.067 0.099 2.281 -0.4576 -0.8892 -0.0000
-1.010 0.070 2.125 -0.4576 -0.8892 -0.0000
-1.067 0.099 1.969 -0.4576 -0.8892 -0.0000
-1.206 0.171 1.905 -0.4576 -0.8892 -0.0000
-1.344 0.242 1.969 -0.4576 -0.8892 -0.0000
-1.401 0.271 2.125 -0.4576 -0.8892 -0.0000
-1.344 0.242 2.281 -0.4576 -0.8892 -0.0000
-0.840 0.882 2.125 0.4576 0.8892 0.0000
-0.840 0.882 2.345 0.4576 0.8892 0.0000
-0.701 0.811 2.281 0.4576 0.8892 0.0000
-0.644 0.781 2.125 0.4576 0.8892 0.0000
-0.701 0.811 1.969 0.4576 0.8892 0.0000
-0.840 0.882 1.905 0.4576 0.8892 0.0000
-0.978 0.953 1.969 0.4576 0.8892 0.0000
-1.035 0.983 2.125 0.4576 0.8892 0.0000
-0.978 0.953 2.281 0.4576 0.8892 0.0000
-0.959 0.750 2.345 0.0000 0.0000 1.0000
-0.875 0.620 2.281 0.3827 -0.5946 0.7071
-0.840 0.565 2.125 0.5413 -0.8409 0.0000
-0.875 0.620 1.969 0.3827 -0.5946 -0.7071
-0.959 0.750 1.905 0.0000 -0.0000 -1.0000
-1.043 0.881 1.969 -0.3827 0.5946 -0.7071
-1.078 0.935 2.125 -0.5413 0.8409 -0.0000
-1.043 0.881 2.281 -0.3827 0.5946 0.7071
-0.286 1.183 2.345 0.0000 0.0000 1.0000
-0.202 1.053 2.281 0.3827 -0.5946 0.7071
-0.167 0.998 2.125 0.5413 -0.8409 0.0000
-0.202 1.053 1.969 0.3827 -0.5946 -0.7071
-0.286 1.183 1.905 0.0000 -0.0000 -1.0000
-0.370 1.314 1.969 -0.3827 0.5946 -0.7071
-0.405 1.368 2.125 -0.5413 0.8409 -0.0000
-0.370 1.314 2.281 -0.3827 0.5946 0.7071
-0.959 0.750 2.125 -0.8409 -0.5413 -0.0000
-0.959 0.750 2.345 -0.8409 -0.5413 -0.0000
-0.875 0.620 2.281 -0.8409 -0.5413 -0.0000
-0.840 0.565 2.125 -0.8409 -0.5413 -0.0000
-0.875 0.620 1.969 -0.8409 -0.5413 -0.0000
-0.959 0.750 1.905 -0.8409 -0.5413 -0.0000
-1.043 0.881 1.969 -0.8409 -0.5413 -0.0000
-1.078 0.935 2.125 -0.8409 -0.5413 -0.0000
-1.043 0.881 2.281 -0.8409 -0.5413 -0.0000
-0.286 1.183 2.125 0.8409 0.5413 0.0000
-0.286 1.183 2.345 0.8409 0.5413 0.0000
-0.202 1.053 2.281 0.8409 0.5413 0.0000
-0.167 0.998 2.125 0.8409 0.5413 0.0000
-0.202 1.053 1.969 0.8409 0.5413 0.0000
-0.286 1.183 1.905 0.8409 0.5413 0.0000
-0.370 1.314 1.969 0.8409 0.5413 0.0000
-0.405 1.368 2.125 0.8409 0.5413 0.0000
-0.370 1.314 2.281 0.8409 0.5413 0.0000
-0.455 1.129 2.345 0.0000 0.0000 1.0000
-0.448 0.974 2.281 0.0342 -0.7063 0.7071
-0.444 0.910 2.125 0.0483 -0.9988 0.0000
-0.448 0.974 1.969 0.0342 -0.7063 -0.7071
-0.455 1.129 1.905 0.0000 -0.0000 -1.0000
-0.463 1.285 1.969 -0.0342 0.7063 -0.7071
-0.466 1.349 2.125 -0.0483 0.9988 -0.0000
-0.463 1.285 2.281 -0.0342 0.7063 0.7071
0.344 1.168 2.345 0.0000 0.0000 1.0000
0.351 1.013 2.281 0.0342 -0.7063 0.7071
0.355 0.948 2.125 0.0483 -0.9988 0.0000
0.351 1.013 1.969 0.0342 -0.7063 -0.7071
0.344 1.168 1.905 0.0000 -0.0000 -1.0000
0.336 1.323 1.969 -0.0342 0.7063 -0.7071
0.333 1.388 2.125 -0.0483 0.9988 -0.0000
0.336 1.323 2.281 -0.0342 0.7063 0.7071
-0.455 1.129 2.125 -0.9988 -0.0483 -0.0000
-0.455 1.129 2.345 -0.9988 -0.0483 -0.0000
-0.448 0.974 2.281 -0.9988 -0.0483 -0.0000
-0.444 0.910 2.125 -0.9988 -0.0483 -0.0000
-0.448 0.974 1.969 -0.9988 -0.0483 -0.0000
-0.455 1.129 1.905 -0.9988 -0.0483 -0.0000
-0.463 1.285 1.969 -0.9988 -0.0483 -0.0000
-0.466 1.349 2.125 -0.9988 -0.0483 -0.0000
-0.463 1.285 2.281 -0.9988 -0.0483 -0.0000
0.344 1.168 2.125 0.9988 0.0483 0.0000
0.344 1.168 2.345 0.9988 0.0483 0.0000
0.351 1.013 2.281 0.9988 0.0483 0.0000
0.355 0.948 2.125 0.9988 0.0483 0.0000
0.351 1.013 1.969 0.9988 0.0483 0.0000
0.344 1.168 1.905 0.9988 0.0483 0.0000
0.336 1.323 1.969 0.9988 0.0483 0.0000
0.333 1.388 2.125 0.9988 0.0483 0.0000
0.336 1.323 2.281 0.9988 0.0483 0.0000
0.171 1.206 2.345 -0.0000 0.0000 1.0000
0.099 1.067 2.281 -0.3236 -0.6287 0.7071
0.070 1.010 2.125 -0.4576 -0.8892 0.0000
0.099 1.067 1.969 -0.3236 -0.6287 -0.7071
0.171 1.206 1.905 -0.0000 -0.0000 -1.0000
0.242 1.344 1.969 0.3236 0.6287 -0.7071
0.271 1.401 2.125 0.4576 0.8892 -0.0000
0.242 1.344 2.281 0.3236 0.6287 0.7071
0.882 0.840 2.345 -0.0000 0.0000 1.0000
0.811 0.701 2.281 -0.3236 -0.6287 0.7071
0.781 0.644 2.125 -0.4576 -0.8892 0.0000
0.811 0.701 1.969 -0.3236 -0.6287 -0.7071
0.882 0.840 1.905 -0.0000 -0.0000 -1.0000
0.953 0.978 1.969 0.3236 0.6287 -0.7071
0.983 1.035 2.125 0.4576 0.8892 -0.0000
0.953 0.978 2.281 0.3236 0.6287 0.7071
0.171 1.206 2.125 -0.8892 0.4576 -0.0000
0.171 1.206 2.345 -0.8892 0.4576 -0.0000
0.099 1.067 2.281 -0.8892 0.4576 -0.0000
0.070 1.010 2.125 -0.8892 0.4576 -0.0000
0.099 1.067 1.969 -0.8892 0.4576 -0.0000
0.171 1.206 1.905 -0.8892 0.4576 -0.0000
0.242 1.344 1.969 -0.8892 0.4576 -0.0000
0.271 1.401 2.125 -0.8892 0.4576 -0.0000
0.242 1.344 2.281 -0.8892 0.4576 -0.0000
0.882 0.840 2.125 0.8892 -0.4576 0.0000
0.882 0.840 2.345 0.8892 -0.4576 0.0000
0.811 0.701 2.281 0.8892 -0.4576 0.0000
0.781 0.644 2.125 0.8892 -0.4576 0.0000
0.811 0.701 1.969 0.8892 -0.4576 0.0000
0.882 0.840 1.905 0.8892 -0.4576 0.0000
0.953 0.978 1.969 0.8892 -0.4576 0.0000
0.983 1.035 2.125 0.8892 -0.4576 0.0000
0.953 0.978 2.281 0.8892 -0.4576 0.0000
0.750 0.959 2.345 -0.0000 0.0000 1.0000
0.620 0.875 2.281 -0.5946 -0.3827 0.7071
0.565 0.840 2.125 -0.8409 -0.5413 0.0000
0.620 0.875 1.969 -0.5946 -0.3827 -0.7071
0.750 0.959 1.905 -0.0000 -0.0000 -1.0000
0.881 1.043 1.969 0.5946 0.3827 -0.7071
0.935 1.078 2.125 0.8409 0.5413 -0.0000
0.881 1.043 2.281 0.5946 0.3827 0.7071
1.183 0.286 2.345 -0.0000 0.0000 1.0000
1.053 0.202 2.281 -0.5946 -0.3827 0.7071
0.998 0.167 2.125 -0.8409 -0.5413 0.0000
1.053 0.202 1.969 -0.5946 -0.3827 -0.7071
1.183 0.286 1.905 -0.0000 -0.0000 -1.0000
1.314 0.370 1.969 0.5946 0.3827 -0.7071
1.368 0.405 2.125 0.8409 0.5413 -0.0000
1.314 0.370 2.281 0.5946 0.3827 0.7071
0.750 0.959 2.125 -0.5413 0.8409 -0.0000
0.750 0.959 2.345 -0.5413 0.8409 -0.0000
0.620 0.875 2.281 -0.5413 0.8409 -0.0000
0.565 0.840 2.125 -0.5413 0.8409 -0.0000
0.620 0.875 1.969 -0.5413 0.8409 -0.0000
0.750 0.959 1.905 -0.5413 0.8409 -0.0000
0.881 1.043 1.969 -0.5413 0.8409 -0.0000
0.935 1.078 2.125 -0.5413 0.8409 -0.0000
0.881 1.043 2.281 -0.5413 0.8409 -0.0000
1.183 0.286 2.125 0.5413 -0.8409 0.0000
1.183 0.286 2.345 0.5413 -0.8409 0.0000
1.053 0.202 2.281 0.5413 -0.8409 0.0000
0.998 0.167 2.125 0.5413 -0.8409 0.0000
1.053 0.202 1.969 0.5413 -0.8409 0.0000
1.183 0.286 1.905 0.5413 -0.8409 0.0000
1.314 0.370 1.969 0.5413 -0.8409 0.0000
1.368 0.405 2.125 0.5413 -0.8409 0.0000
1.314 0.370 2.281 0.5413 -0.8409 0.0000
1.129 0.455 2.345 -0.0000 0.0000 1.0000
0.974 0.448 2.281 -0.7063 -0.0342 0.7071
0.910 0.444 2.125 -0.9988 -0.0483 0.0000
0.974 0.448 1.969 -0.7063 -0.0342 -0.7071
1.129 0.455 1.905 -0.0000 -0.0000 -1.0000
1.285 0.463 1.969 0.7063 0.0342 -0.7071
1.349 0.466 2.125 0.9988 0.0483 -0.0000
1.285 0.463 2.281 0.7063 0.0342 0.7071
1.168 -0.344 2.345 -0.0000 0.0000 1.0000
1.013 -0.351 2.281 -0.7063 -0.0342 0.7071
0.948 -0.355 2.125 -0.9988 -0.0483 0.0000
1.013 -0.351 1.969 -0.7063 -0.0342 -0.7071
1.168 -0.344 1.905 -0.0000 -0.0000 -1.0000
1.323 -0.336 1.969 0.7063 0.0342 -0.7071
1.388 -0.333 2.125 0.9988 0.0483 -0.0000
1.323 -0.336 2.281 0.7063 0.0342 0.7071
1.129 0.455 2.125 -0.0483 0.9988 -0.0000
1.129 0.455 2.345 -0.0483 0.9988 -0.0000
0.974 0.448 2.281 -0.0483 0.9988 -0.0000
0.910 0.444 2.125 -0.0483 0.9988 -0.0000
0.974 0.448 1.969 -0.0483 0.9988 -0.0000
1.129 0.455 1.905 -0.0483 0.9988 -0.0000
1.285 0.463 1.969 -0.0483 0.9988 -0.0000
1.349 0.466 2.125 -0.0483 0.9988 -0.0000
1.285 0.463 2.281 -0.0483 0.9988 -0.0000
1.168 -0.344 2.125 0.0483 -0.9988 0.0000
1.168 -0.344 2.345 0.0483 -0.9988 0.0000
1.013 -0.351 2.281 0.0483 -0.9988 0.0000
0.948 -0.355 2.125 0.0483 -0.9988 0.0000
1.013 -0.351 1.969 0.0483 -0.9988 0.0000
1.168 -0.344 1.905 0.0483 -0.9988 0.0000
1.323 -0.336 1.969 0.0483 -0.9988 0.0000
1.388 -0.333 2.125 0.0483 -0.9988 0.0000
1.323 -0.336 2.281 0.0483 -0.9988 0.0000
1.206 -0.171 1.905 0.0000 0.0000 -1.0000
1.344 -0.242 1.969 0.6287 -0.3236 -0.7071
1.401 -0.271 2.125 0.8892 -0.4576 -0.0000
1.344 -0.242 2.281 0.6287 -0.3236 0.7071
1.206 -0.171 2.345 0.0000 -0.0000 1.0000
1.067 -0.099 2.281 -0.6287 0.3236 0.7071
1.010 -0.070 2.125 -0.8892 0.4576 0.0000
1.067 -0.099 1.969 -0.6287 0.3236 -0.7071
0.840 -0.882 1.905 0.0000 0.0000 -1.0000
0.978 -0.953 1.969 0.6287 -0.3236 -0.7071
1.035 -0.983 2.125 0.8892 -0.4576 -0.0000
0.978 -0.953 2.281 0.6287 -0.3236 0.7071
0.840 -0.882 2.345 0.0000 -0.0000 1.0000
0.701 -0.811 2.281 -0.6287 0.3236 0.7071
0.644 -0.781 2.125 -0.8892 0.4576 0.0000
0.701 -0.811 1.969 -0.6287 0.3236 -0.7071
1.206 -0.171 2.125 0.4576 0.8892 -0.0000
1.206 -0.171 1.905 0.4576 0.8892 -0.0000
1.344 -0.242 1.969 0.4576 0.8892 -0.0000
1.401 -0.271 2.125 0.4576 0.8892 -0.0000
1.344 -0.242 2.281 0.4576 0.8892 -0.0000
1.206 -0.171 2.345 0.4576 0.8892 -0.0000
1.067 -0.099 2.281 0.4576 0.8892 -0.0000
1.010 -0.070 2.125 0.4576 0.8892 -0.0000
1.067 -0.099 1.969 0.4576 0.8892 -0.0000
0.840 -0.882 2.125 -0.4576 -0.8892 0.0000
0.840 -0.882 1.905 -0.4576 -0.8892 0.0000
0.978 -0.953 1.969 -0.4576 -0.8892 0.0000
1.035 -0.983 2.125 -0.4576 -0.8892 0.0000
0.978 -0.953 2.281 -0.4576 -0.8892 0.0000
0.840 -0.882 2.345 -0.4576 -0.8892 0.0000
0.701 -0.811 2.281 -0.4576 -0.8892 0.0000
0.644 -0.781 2.125 -0.4576 -0.8892 0.0000
0.701 -0.811 1.969 -0.4576 -0.8892 0.0000
0.959 -0.750 1.905 0.0000 0.0000 -1.0000
1.043 -0.881 1.969 0.3827 -0.5946 -0.7071
1.078 -0.935 2.125 0.5413 -0.8409 -0.0000
1.043 -0.881 2.281 0.3827 -0.5946 0.7071
0.959 -0.750 2.345 0.0000 -0.0000 1.0000
0.875 -0.620 2.281 -0.3827 0.5946 0.7071
0.840 -0.565 2.125 -0.5413 0.8409 0.0000
0.875 -0.620 1.969 -0.3827 0.5946 -0.7071
0.286 -1.183 1.905 0.0000 0.0000 -1.0000
0.370 -1.314 1.969 0.3827 -0.5946 -0.7071
0.405 -1.368 2.125 0.5413 -0.8409 -0.0000
0.370 -1.314 2.281 0.3827 -0.5946 0.7071
0.286 -1.183 2.345 0.0000 -0.0000 1.0000
0.202 -1.053 2.281 -0.3827 0.5946 0.7071
0.167 -0.998 2.125 -0.5413 0.8409 0.0000
0.202 -1.053 1.969 -0.3827 0.5946 -0.7071
0.959 -0.750 2.125 0.8409 0.5413 -0.0000
0.959 -0.750 1.905 0.8409 0.5413 -0.0000
1.043 -0.881 1.969 0.8409 0.5413 -0.0000
1.078 -0.935 2.125 0.8409 0.5413 -0.0000
1.043 -0.881 2.281 0.8409 0.5413 -0.0000
0.959 -0.750 2.345 0.8409 0.5413 -0.0000
0.875 -0.620 2.281 0.8409 0.5413 -0.0000
0.840 -0.565 2.125 0.8409 0.5413 -0.0000
0.875 -0.620 1.969 0.8409 0.5413 -0.0000
0.286 -1.183 2.125 -0.8409 -0.5413 0.0000
0.286 -1.183 1.905 -0.8409 -0.5413 0.0000
0.370 -1.314 1.969 -0.8409 -0.5413 0.0000
0.405 -1.368 2.125 -0.8409 -0.5413 0.0000
0.370 -1.314 2.281 -0.8409 -0.5413 0.0000
0.286 -1.183 2.345 -0.8409 -0.5413 0.0000
0.202 -1.053 2.281 -0.8409 -0.5413 0.0000
0.167 -0.998 2.125 -0.8409 -0.5413 0.0000
0.202 -1.053 1.969 -0.8409 -0.5413 0.0000
0 1 25
0 25 24
1 2 26
1 26 25
2 3 27
2 27 26
3 4 28
3 28 27
4 5 29
4 29 28
5 6 30
5 30 29
6 7 31
6 31 30
7 8 32
7 32 31
8 9 33
8 33 32
9 10 34
9 34 33
10 11 35
10 35 34
11 12 36
11 36 35
12 13 37
12 37 36
13 14 38
13 38 37
14 15 39
14 39 38
15 16 40
15 40 39
16 17 41
16 41 40
17 18 42
17 42 41
18 19 43
18 43 42
19 20 44
19 44 43
20 21 45
20 45 44
21 22 46
21 46 45
22 23 47
22 47 46
23 0 24
23 24 47
48 50 49
48 51 50
48 52 51
48 53 52
48 54 53
48 55 54
48 56 55
48 57 56
48 58 57
48 59 58
48 60 59
48 61 60
48 62 61
48 63 62
48 64 63
48 65 64
48 66 65
48 67 66
48 68 67
48 69 68
48 70 69
48 71 70
48 72 71
48 49 72
73 74 75
73 75 76
73 76 77
73 77 78
73 78 79
73 79 80
73 80 81
73 81 82
73 82 83
73 83 84
73 84 85
73 85 86
73 86 87
73 87 88
73 88 89
73 89 90
73 90 91
73 91 92
73 92 93
73 93 94
73 94 95
73 95 96
73 96 97
73 97 74
98 99 107
98 107 106
99 100 108
99 108 107
100 101 109
100 109 108
101 102 110
101 110 109
102 103 111
102 111 110
103 104 112
103 112 111
104 105 113
104 113 112
105 98 106
105 106 113
114 116 115
114 117 116
114 118 117
114 119 118
114 120 119
114 121 120
114 122 121
114 115 122
123 124 125
123 125 126
123 126 127
123 127 128
123 128 129
123 129 130
123 130 131
123 131 124
132 133 141
132 141 140
133 134 142
133 142 141
134 135 143
134 143 142
135 136 144
135 144 143
136 137 145
136 145 144
137 138 146
137 146 145
138 139 147
138 147 146
139 132 140
139 140 147
148 150 149
148 151 150
148 152 151
148 153 152
148 154 153
148 155 154
148 156 155
148 149 156
157 158 159
157 159 160
157 160 161
157 161 162
157 162 163
157 163 164
157 164 165
157 165 158
166 167 175
166 175 174
167 168 176
167 176 175
168 169 177
168 177 176
169 170 178
169 178 177
170 171 179
170 179 178
171 172 180
171 180 179
172 173 181
172 181 180
173 166 174
173 174 181
182 184 183
182 185 184
182 186 185
182 187 186
182 188 187
182 189 188
182 190 189
182 183 190
191 192 193
191 193 194
191 194 195
191 195 196
191 196 197
191 197 198
191 198 199
191 199 192
200 201 209
200 209 208
201 202 210
201 210 209
202 203 211
202 211 210
203 204 212
203 212 211
204 205 213
204 213 212
205 206 214
205 214 213
206 207 215
206 215 214
207 200 208
207 208 215
216 218 217
216 219 218
216 220 219
216 221 220
216 222 221
216 223 222
216 224 223
216 217 224
225 226 227
225 227 228
225 228 229
225 229 230
225 230 231
225 231 232
225 232 233
225 233 226
234 235 243
234 243 242
235 236 244
235 244 243
236 237 245
236 245 244
237 238 246
237 246 245
238 239 247
238 247 246
239 240 248
239 248 247
240 241 249
240 249 248
241 234 242
241 242 249
250 252 251
250 253 252
250 254 253
250 255 254
250 256 255
250 257 256
250 258 257
250 251 258
259 260 261
259 261 262
259 262 263
259 263 264
259 264 265
259 265 266
259 266 267
259 267 260
268 269 277
268 277 276
269 270 278
269 278 277
270 271 279
270 279 278
271 272 280
271 280 279
272 273 281
272 281 280
273 274 282
273 282 281
274 275 283
274 283 282
275 268 276
275 276 283
284 286 285
284 287 286
284 288 287
284 289 288
284 290 289
284 291 290
284 292 291
284 285 292
293 294 295
293 295 296
293 296 297
293 297 298
293 298 299
293 299 300
293 300 301
293 301 294
302 303 311
302 311 310
303 304 312
303 312 311
304 305 313
304 313 312
305 306 314
305 314 313
306 307 315
306 315 314
307 308 316
307 316 315
308 309 317
308 317 316
309 302 310
309 310 317
318 320 319
318 321 320
318 322 321
318 323 322
318 324 323
318 325 324
318 326 325
318 319 326
327 328 329
327 329 330
327 330 331
327 331 332
327 332 333
327 333 334
327 334 335
327 335 328
336 337 345
336 345 344
337 338 346
337 346 345
338 339 347
338 347 346
339 340 348
339 348 347
340 341 349
340 349 348
341 342 350
341 350 349
342 343 351
342 351 350
343 336 344
343 344 351
352 354 353
352 355 354
352 356 355
352 357 356
352 358 357
352 359 358
352 360 359
352 353 360
361 362 363
361 363 364
361 364 365
361 365 366
361 366 367
361 367 368
361 368 369
361 369 362
370 371 379
370 379 378
371 372 380
371 380 379
372 373 381
372 381 380
373 374 382
373 382 381
374 375 383
374 383 382
375 376 384
375 384 383
376 377 385
376 385 384
377 370 378
377 378 385
386 388 387
386 389 388
386 390 389
386 391 390
386 392 391
386 393 392
386 394 393
386 387 394
395 396 397
395 397 398
395 398 399
395 399 400
395 400 401
395 401 402
395 402 403
395 403 396
404 405 413
404 413 412
405 406 414
405 414 413
406 407 415
406 415 414
407 408 416
407 416 415
408 409 417
408 417 416
409 410 418
409 418 417
410 411 419
410 419 418
411 404 412
411 412 419
420 422 421
420 423 422
420 424 423
420 425 424
420 426 425
420 427 426
420 428 427
420 421 428
429 430 431
429 431 432
429 432 433
429 433 434
429 434 435
429 435 436
429 436 437
429 437 430
438 439 447
438 447 446
439 440 448
439 448 447
440 441 449
440 449 448
441 442 450
441 450 449
442 443 451
442 451 450
443 444 452
443 452 451
444 445 453
444 453 452
445 438 446
445 446 453
454 456 455
454 457 456
454 458 457
454 459 458
454 460 459
454 461 460
454 462 461
454 455 462
463 464 465
463 465 466
463 466 467
463 467 468
463 468 469
463 469 470
463 470 471
463 471 464
472 473 481
472 481 480
473 474 482
473 482 481
474 475 483
474 483 482
475 476 484
475 484 483
476 477 485
476 485 484
477 478 486
477 486 485
478 479 487
478 487 486
479 472 480
479 480 487
488 490 489
488 491 490
488 492 491
488 493 492
488 494 493
488 495 494
488 496 495
488 489 496
497 498 499
497 499 500
497 500 501
497 501 502
497 502 503
497 503 504
497 504 505
497 505 498
LABEL sfoot0_petal_0
MATERIAL 7
TEXTURE 0
GEOM 66 52 ;sfoot0_petal_0
0.393 -0.890 -1.782 -0.0483 0.9983 0.0332
-0.306 -0.924 -1.782 -0.0483 0.9983 0.0332
-0.305 -0.939 -1.332 -0.0483 0.9983 0.0332
0.394 -0.905 -1.332 -0.0483 0.9983 0.0332
0.874 -10.829 -2.112 0.0483 -0.9983 -0.0332
0.175 -10.863 -2.112 0.0483 -0.9983 -0.0332
0.176 -10.877 -1.662 0.0483 -0.9983 -0.0332
0.875 -10.844 -1.662 0.0483 -0.9983 -0.0332
0.393 -0.890 -1.782 0.9988 0.0483 0.0000
0.874 -10.829 -2.112 0.9988 0.0483 0.0000
0.875 -10.844 -1.662 0.9988 0.0483 0.0000
0.394 -0.905 -1.332 0.9988 0.0483 0.0000
-0.306 -0.924 -1.782 -0.9988 -0.0483 -0.0000
0.175 -10.863 -2.112 -0.9988 -0.0483 -0.0000
0.176 -10.877 -1.662 -0.9988 -0.0483 -0.0000
-0.305 -0.939 -1.332 -0.9988 -0.0483 -0.0000
0.393 -0.890 -1.782 -0.0016 0.0331 -0.9995
0.874 -10.829 -2.112 -0.0016 0.0331 -0.9995
0.175 -10.863 -2.112 -0.0016 0.0331 -0.9995
-0.306 -0.924 -1.782 -0.0016 0.0331 -0.9995
0.394 -0.905 -1.332 0.0016 -0.0331 0.9995
0.875 -10.844 -1.662 0.0016 -0.0331 0.9995
0.176 -10.877 -1.662 0.0016 -0.0331 0.9995
-0.305 -0.939 -1.332 0.0016 -0.0331 0.9995
0.483 -0.677 -2.125 0.0000 0.0000 -1.0000
0.492 -0.854 -2.068 0.0284 -0.5871 -0.8090
0.497 -0.962 -1.918 0.0460 -0.9499 -0.3090
0.497 -0.962 -1.732 0.0460 -0.9499 0.3090
0.492 -0.854 -1.582 0.0284 -0.5871 0.8090
0.483 -0.677 -1.525 0.0000 -0.0000 1.0000
0.475 -0.501 -1.582 -0.0284 0.5871 0.8090
0.470 -0.392 -1.732 -0.0460 0.9499 0.3090
0.470 -0.392 -1.918 -0.0460 0.9499 -0.3090
0.475 -0.501 -2.068 -0.0284 0.5871 -0.8090
-0.416 -0.721 -2.125 0.0000 0.0000 -1.0000
-0.407 -0.897 -2.068 0.0284 -0.5871 -0.8090
-0.402 -1.006 -1.918 0.0460 -0.9499 -0.3090
-0.402 -1.006 -1.732 0.0460 -0.9499 0.3090
-0.407 -0.897 -1.582 0.0284 -0.5871 0.8090
-0.416 -0.721 -1.525 0.0000 -0.0000 1.0000
-0.424 -0.545 -1.582 -0.0284 0.5871 0.8090
-0.429 -0.436 -1.732 -0.0460 0.9499 0.3090
-0.429 -0.436 -1.918 -0.0460 0.9499 -0.3090
-0.424 -0.545 -2.068 -0.0284 0.5871 -0.8090
0.483 -0.677 -1.825 0.9988 0.0483 -0.0000
0.483 -0.677 -2.125 0.9988 0.0483 -0.0000
0.492 -0.854 -2.068 0.9988 0.0483 -0.0000
0.497 -0.962 -1.918 0.9988 0.0483 -0.0000
0.497 -0.962 -1.732 0.9988 0.0483 -0.0000
0.492 -0.854 -1.582 0.9988 0.0483 -0.0000
0.483 -0.677 -1.525 0.9988 0.0483 -0.0000
0.475 -0.501 -1.582 0.9988 0.0483 -0.0000
0.470 -0.392 -1.732 0.9988 0.0483 -0.0000
0.470 -0.392 -1.918 0.9988 0.0483 -0.0000
0.475 -0.501 -2.068 0.9988 0.0483 -0.0000
-0.416 -0.721 -1.825 -0.9988 -0.0483 0.0000
-0.416 -0.721 -2.125 -0.9988 -0.0483 0.0000
-0.407 -0.897 -2.068 -0.9988 -0.0483 0.0000
-0.402 -1.006 -1.918 -0.9988 -0.0483 0.0000
-0.402 -1.006 -1.732 -0.9988 -0.0483 0.0000
-0.407 -0.897 -1.582 -0.9988 -0.0483 0.0000
-0.416 -0.721 -1.525 -0.9988 -0.0483 0.0000
-0.424 -0.545 -1.582 -0.9988 -0.0483 0.0000
-0.429 -0.436 -1.732 -0.9988 -0.0483 0.0000
-0.429 -0.436 -1.918 -0.9988 -0.0483 0.0000
-0.424 -0.545 -2.068 -0.9988 -0.0483 0.0000
0 1 2
0 2 3
4 6 5
4 7 6
8 10 9
8 11 10
12 13 14
12 14 15
16 17 18
16 18 19
20 22 21
20 23 22
24 25 35
24 35 34
25 26 36
25 36 35
26 27 37
26 37 36
27 28 38
27 38 37
28 29 39
28 39 38
29 30 40
29 40 39
30 31 41
30 41 40
31 32 42
31 42 41
32 33 43
32 43 42
33 24 34
33 34 43
44 46 45
44 47 46
44 48 47
44 49 48
44 50 49
44 51 50
44 52 51
44 53 52
44 54 53
44 45 54
55 56 57
55 57 58
55 58 59
55 59 60
55 60 61
55 61 62
55 62 63
55 63 64
55 64 65
55 65 56
LABEL sfoot0_slat_0_0
MATERIAL 7
TEXTURE 0
GEOM 104 76 ;sfoot0_slat_0_0
0.308 -1.004 -1.787 0.0016 -0.0331 0.9995
0.254 -1.019 -1.787 0.0016 -0.0331 0.9995
0.199 -1.031 -1.787 0.0016 -0.0331 0.9995
0.144 -1.040 -1.787 0.0016 -0.0331 0.9995
3.305 -10.754 -2.125 0.0016 -0.0331 0.9995
2.725 -10.915 -2.125 0.0016 -0.0331 0.9995
2.137 -11.045 -2.125 0.0016 -0.0331 0.9995
1.543 -11.144 -2.125 0.0016 -0.0331 0.9995
0.308 -1.004 -1.787 -0.0016 0.0331 -0.9995
0.254 -1.019 -1.787 -0.0016 0.0331 -0.9995
0.199 -1.031 -1.787 -0.0016 0.0331 -0.9995
0.144 -1.040 -1.787 -0.0016 0.0331 -0.9995
3.305 -10.754 -2.125 -0.0016 0.0331 -0.9995
2.725 -10.915 -2.125 -0.0016 0.0331 -0.9995
2.137 -11.045 -2.125 -0.0016 0.0331 -0.9995
1.543 -11.144 -2.125 -0.0016 0.0331 -0.9995
0.308 -1.004 -2.037 -0.0016 0.0331 -0.9995
0.254 -1.019 -2.037 -0.0016 0.0331 -0.9995
0.199 -1.031 -2.037 -0.0016 0.0331 -0.9995
0.144 -1.040 -2.037 -0.0016 0.0331 -0.9995
3.305 -10.754 -2.375 -0.0016 0.0331 -0.9995
2.725 -10.915 -2.375 -0.0016 0.0331 -0.9995
2.137 -11.045 -2.375 -0.0016 0.0331 -0.9995
1.543 -11.144 -2.375 -0.0016 0.0331 -0.9995
0.308 -1.004 -2.037 0.0016 -0.0331 0.9995
0.254 -1.019 -2.037 0.0016 -0.0331 0.9995
0.199 -1.031 -2.037 0.0016 -0.0331 0.9995
0.144 -1.040 -2.037 0.0016 -0.0331 0.9995
3.305 -10.754 -2.375 0.0016 -0.0331 0.9995
2.725 -10.915 -2.375 0.0016 -0.0331 0.9995
2.137 -11.045 -2.375 0.0016 -0.0331 0.9995
1.543 -11.144 -2.375 0.0016 -0.0331 0.9995
3.305 -10.754 -2.375 0.2162 -0.9764 0.0000
2.725 -10.915 -2.375 0.2162 -0.9764 0.0000
2.137 -11.045 -2.375 0.2162 -0.9764 0.0000
1.543 -11.144 -2.375 0.2162 -0.9764 0.0000
3.305 -10.754 -2.125 0.2162 -0.9764 0.0000
2.725 -10.915 -2.125 0.2162 -0.9764 0.0000
2.137 -11.045 -2.125 0.2162 -0.9764 0.0000
1.543 -11.144 -2.125 0.2162 -0.9764 0.0000
3.305 -10.754 -2.375 -0.2162 0.9764 -0.0000
2.725 -10.915 -2.375 -0.2162 0.9764 -0.0000
2.137 -11.045 -2.375 -0.2162 0.9764 -0.0000
1.543 -11.144 -2.375 -0.2162 0.9764 -0.0000
3.305 -10.754 -2.125 -0.2162 0.9764 -0.0000
2.725 -10.915 -2.125 -0.2162 0.9764 -0.0000
2.137 -11.045 -2.125 -0.2162 0.9764 -0.0000
1.543 -11.144 -2.125 -0.2162 0.9764 -0.0000
0.308 -1.004 -2.037 -0.2162 0.9764 -0.0000
0.254 -1.019 -2.037 -0.2162 0.9764 -0.0000
0.199 -1.031 -2.037 -0.2162 0.9764 -0.0000
0.144 -1.040 -2.037 -0.2162 0.9764 -0.0000
0.308 -1.004 -1.787 -0.2162 0.9764 -0.0000
0.254 -1.019 -1.787 -0.2162 0.9764 -0.0000
0.199 -1.031 -1.787 -0.2162 0.9764 -0.0000
0.144 -1.040 -1.787 -0.2162 0.9764 -0.0000
0.308 -1.004 -2.037 0.2162 -0.9764 0.0000
0.254 -1.019 -2.037 0.2162 -0.9764 0.0000
0.199 -1.031 -2.037 0.2162 -0.9764 0.0000
0.144 -1.040 -2.037 0.2162 -0.9764 0.0000
0.308 -1.004 -1.787 0.2162 -0.9764 0.0000
0.254 -1.019 -1.787 0.2162 -0.9764 0.0000
0.199 -1.031 -1.787 0.2162 -0.9764 0.0000
0.144 -1.040 -1.787 0.2162 -0.9764 0.0000
3.305 -10.754 -2.125 0.2162 -0.9764 0.0000
2.725 -10.915 -2.125 0.2162 -0.9764 0.0000
2.137 -11.045 -2.125 0.2162 -0.9764 0.0000
1.543 -11.144 -2.125 0.2162 -0.9764 0.0000
3.305 -10.754 -1.425 0.2162 -0.9764 0.0000
2.725 -10.915 -1.425 0.2162 -0.9764 0.0000
2.137 -11.045 -1.425 0.2162 -0.9764 0.0000
1.543 -11.144 -1.425 0.2162 -0.9764 0.0000
3.305 -10.754 -2.125 -0.2162 0.9764 -0.0000
2.725 -10.915 -2.125 -0.2162 0.9764 -0.0000
2.137 -11.045 -2.125 -0.2162 0.9764 -0.0000
1.543 -11.144 -2.125 -0.2162 0.9764 -0.0000
3.305 -10.754 -1.425 -0.2162 0.9764 -0.0000
2.725 -10.915 -1.425 -0.2162 0.9764 -0.0000
2.137 -11.045 -1.425 -0.2162 0.9764 -0.0000
1.543 -11.144 -1.425 -0.2162 0.9764 -0.0000
3.305 -10.754 -1.425 -0.0000 -0.0000 1.0000
2.725 -10.915 -1.425 -0.0000 -0.0000 1.0000
2.137 -11.045 -1.425 -0.0000 -0.0000 1.0000
1.543 -11.144 -1.425 -0.0000 -0.0000 1.0000
3.202 -10.419 -1.413 -0.0000 -0.0000 1.0000
2.640 -10.575 -1.413 -0.0000 -0.0000 1.0000
2.071 -10.702 -1.413 -0.0000 -0.0000 1.0000
1.495 -10.797 -1.413 -0.0000 -0.0000 1.0000
3.305 -10.754 -1.425 0.0000 0.0000 -1.0000
2.725 -10.915 -1.425 0.0000 0.0000 -1.0000
2.137 -11.045 -1.425 0.0000 0.0000 -1.0000
1.543 -11.144 -1.425 0.0000 0.0000 -1.0000
3.202 -10.419 -1.413 0.0000 0.0000 -1.0000
2.640 -10.575 -1.413 0.0000 0.0000 -1.0000
2.071 -10.702 -1.413 0.0000 0.0000 -1.0000
1.495 -10.797 -1.413 0.0000 0.0000 -1.0000
0.308 -1.004 -2.037 -0.9559 -0.2937 -0.0000
3.305 -10.754 -2.375 -0.9559 -0.2937 -0.0000
0.308 -1.004 -1.787 -0.9559 -0.2937 -0.0000
3.305 -10.754 -2.125 -0.9559 -0.2937 -0.0000
0.308 -1.004 -2.037 0.9559 0.2937 0.0000
3.305 -10.754 -2.375 0.9559 0.2937 0.0000
0.308 -1.004 -1.787 0.9559 0.2937 0.0000
3.305 -10.754 -2.125 0.9559 0.2937 0.0000
0 1 5
0 5 4
8 13 9
8 12 13
1 2 6
1 6 5
9 14 10
9 13 14
2 3 7
2 7 6
10 15 11
10 14 15
16 21 17
16 20 21
24 25 29
24 29 28
17 22 18
17 21 22
25 26 30
25 30 29
18 23 19
18 22 23
26 27 31
26 31 30
32 37 33
32 36 37
40 41 45
40 45 44
33 38 34
33 37 38
41 42 46
41 46 45
34 39 35
34 38 39
42 43 47
42 47 46
48 49 53
48 53 52
56 61 57
56 60 61
49 50 54
49 54 53
57 62 58
57 61 62
50 51 55
50 55 54
58 63 59
58 62 63
64 69 65
64 68 69
72 73 77
72 77 76
65 70 66
65 69 70
73 74 78
73 78 77
66 71 67
66 70 71
74 75 79
74 79 78
80 85 81
80 84 85
88 89 93
88 93 92
81 86 82
81 85 86
89 90 94
89 94 93
82 87 83
82 86 87
90 91 95
90 95 94
96 97 99
96 99 98
100 103 101
100 102 103
LABEL sfoot0_slat_0_1
MATERIAL 7
TEXTURE 0
GEOM 96 72 ;sfoot0_slat_0_1
0.140 -1.041 -1.787 0.0016 -0.0331 0.9995
0.081 -1.047 -1.787 0.0016 -0.0331 0.9995
0.021 -1.050 -1.787 0.0016 -0.0331 0.9995
-0.039 -1.049 -1.787 0.0016 -0.0331 0.9995
1.499 -11.150 -2.125 0.0016 -0.0331 0.9995
0.863 -11.217 -2.125 0.0016 -0.0331 0.9995
0.224 -11.248 -2.125 0.0016 -0.0331 0.9995
-0.415 -11.242 -2.125 0.0016 -0.0331 0.9995
0.140 -1.041 -1.787 -0.0016 0.0331 -0.9995
0.081 -1.047 -1.787 -0.0016 0.0331 -0.9995
0.021 -1.050 -1.787 -0.0016 0.0331 -0.9995
-0.039 -1.049 -1.787 -0.0016 0.0331 -0.9995
1.499 -11.150 -2.125 -0.0016 0.0331 -0.9995
0.863 -11.217 -2.125 -0.0016 0.0331 -0.9995
0.224 -11.248 -2.125 -0.0016 0.0331 -0.9995
-0.415 -11.242 -2.125 -0.0016 0.0331 -0.9995
0.140 -1.041 -2.037 -0.0016 0.0331 -0.9995
0.081 -1.047 -2.037 -0.0016 0.0331 -0.9995
0.021 -1.050 -2.037 -0.0016 0.0331 -0.9995
-0.039 -1.049 -2.037 -0.0016 0.0331 -0.9995
1.499 -11.150 -2.375 -0.0016 0.0331 -0.9995
0.863 -11.217 -2.375 -0.0016 0.0331 -0.9995
0.224 -11.248 -2.375 -0.0016 0.0331 -0.9995
-0.415 -11.242 -2.375 -0.0016 0.0331 -0.9995
0.140 -1.041 -2.037 0.0016 -0.0331 0.9995
0.081 -1.047 -2.037 0.0016 -0.0331 0.9995
0.021 -1.050 -2.037 0.0016 -0.0331 0.9995
-0.039 -1.049 -2.037 0.0016 -0.0331 0.9995
1.499 -11.150 -2.375 0.0016 -0.0331 0.9995
0.863 -11.217 -2.375 0.0016 -0.0331 0.9995
0.224 -11.248 -2.375 0.0016 -0.0331 0.9995
-0.415 -11.242 -2.375 0.0016 -0.0331 0.9995
1.499 -11.150 -2.375 0.0483 -0.9988 0.0000
0.863 -11.217 -2.375 0.0483 -0.9988 0.0000
0.224 -11.248 -2.375 0.0483 -0.9988 0.0000
-0.415 -11.242 -2.375 0.0483 -0.9988 0.0000
1.499 -11.150 -2.125 0.0483 -0.9988 0.0000
0.863 -11.217 -2.125 0.0483 -0.9988 0.0000
0.224 -11.248 -2.125 0.0483 -0.9988 0.0000
-0.415 -11.242 -2.125 0.0483 -0.9988 0.0000
1.499 -11.150 -2.375 -0.0483 0.9988 -0.0000
0.863 -11.217 -2.375 -0.0483 0.9988 -0.0000
0.224 -11.248 -2.375 -0.0483 0.9988 -0.0000
-0.415 -11.242 -2.375 -0.0483 0.9988 -0.0000
1.499 -11.150 -2.125 -0.0483 0.9988 -0.0000
0.863 -11.217 -2.125 -0.0483 0.9988 -0.0000
0.224 -11.248 -2.125 -0.0483 0.9988 -0.0000
-0.415 -11.242 -2.125 -0.0483 0.9988 -0.0000
0.140 -1.041 -2.037 -0.0483 0.9988 -0.0000
0.081 -1.047 -2.037 -0.0483 0.9988 -0.0000
0.021 -1.050 -2.037 -0.0483 0.9988 -0.0000
-0.039 -1.049 -2.037 -0.0483 0.9988 -0.0000
0.140 -1.041 -1.787 -0.0483 0.9988 -0.0000
0.081 -1.047 -1.787 -0.0483 0.9988 -0.0000
0.021 -1.050 -1.787 -0.0483 0.9988 -0.0000
-0.039 -1.049 -1.787 -0.0483 0.9988 -0.0000
0.140 -1.041 -2.037 0.0483 -0.9988 0.0000
0.081 -1.047 -2.037 0.0483 -0.9988 0.0000
0.021 -1.050 -2.037 0.0483 -0.9988 0.0000
-0.039 -1.049 -2.037 0.0483 -0.9988 0.0000
0.140 -1.041 -1.787 0.0483 -0.9988 0.0000
0.081 -1.047 -1.787 0.0483 -0.9988 0.0000
0.021 -1.050 -1.787 0.0483 -0.9988 0.0000
-0.039 -1.049 -1.787 0.0483 -0.9988 0.0000
1.499 -11.150 -2.125 0.0483 -0.9988 0.0000
0.863 -11.217 -2.125 0.0483 -0.9988 0.0000
0.224 -11.248 -2.125 0.0483 -0.9988 0.0000
-0.415 -11.242 -2.125 0.0483 -0.9988 0.0000
1.499 -11.150 -1.425 0.0483 -0.9988 0.0000
0.863 -11.217 -1.425 0.0483 -0.9988 0.0000
0.224 -11.248 -1.425 0.0483 -0.9988 0.0000
-0.415 -11.242 -1.425 0.0483 -0.9988 0.0000
1.499 -11.150 -2.125 -0.0483 0.9988 -0.0000
0.863 -11.217 -2.125 -0.0483 0.9988 -0.0000
0.224 -11.248 -2.125 -0.0483 0.9988 -0.0000
-0.415 -11.242 -2.125 -0.0483 0.9988 -0.0000
1.499 -11.150 -1.425 -0.0483 0.9988 -0.0000
0.863 -11.217 -1.425 -0.0483 0.9988 -0.0000
0.224 -11.248 -1.425 -0.0483 0.9988 -0.0000
-0.415 -11.242 -1.425 -0.0483 0.9988 -0.0000
1.499 -11.150 -1.425 -0.0000 -0.0000 1.0000
0.863 -11.217 -1.425 -0.0000 -0.0000 1.0000
0.224 -11.248 -1.425 -0.0000 -0.0000 1.0000
-0.415 -11.242 -1.425 -0.0000 -0.0000 1.0000
1.452 -10.803 -1.413 -0.0000 -0.0000 1.0000
0.836 -10.868 -1.413 -0.0000 -0.0000 1.0000
0.217 -10.898 -1.413 -0.0000 -0.0000 1.0000
-0.402 -10.893 -1.413 -0.0000 -0.0000 1.0000
1.499 -11.150 -1.425 0.0000 0.0000 -1.0000
0.863 -11.217 -1.425 0.0000 0.0000 -1.0000
0.224 -11.248 -1.425 0.0000 0.0000 -1.0000
-0.415 -11.242 -1.425 0.0000 0.0000 -1.0000
1.452 -10.803 -1.413 0.0000 0.0000 -1.0000
0.836 -10.868 -1.413 0.0000 0.0000 -1.0000
0.217 -10.898 -1.413 0.0000 0.0000 -1.0000
-0.402 -10.893 -1.413 0.0000 0.0000 -1.0000
0 1 5
0 5 4
8 13 9
8 12 13
1 2 6
1 6 5
9 14 10
9 13 14
2 3 7
2 7 6
10 15 11
10 14 15
16 21 17
16 20 21
24 25 29
24 29 28
17 22 18
17 21 22
25 26 30
25 30 29
18 23 19
18 22 23
26 27 31
26 31 30
32 37 33
32 36 37
40 41 45
40 45 44
33 38 34
33 37 38
41 42 46
41 46 45
34 39 35
34 38 39
42 43 47
42 47 46
48 49 53
48 53 52
56 61 57
56 60 61
49 50 54
49 54 53
57 62 58
57 61 62
50 51 55
50 55 54
58 63 59
58 62 63
64 69 65
64 68 69
72 73 77
72 77 76
65 70 66
65 69 70
73 74 78
73 78 77
66 71 67
66 70 71
74 75 79
74 79 78
80 85 81
80 84 85
88 89 93
88 93 92
81 86 82
81 85 86
89 90 94
89 94 93
82 87 83
82 86 87
90 91 95
90 95 94
LABEL sfoot0_slat_0_2
MATERIAL 7
TEXTURE 0
GEOM 104 76 ;sfoot0_slat_0_2
-0.043 -1.049 -1.787 0.0016 -0.0331 0.9995
-0.099 -1.045 -1.787 0.0016 -0.0331 0.9995
-0.155 -1.039 -1.787 0.0016 -0.0331 0.9995
-0.210 -1.029 -1.787 0.0016 -0.0331 0.9995
-0.460 -11.241 -2.125 0.0016 -0.0331 0.9995
-1.061 -11.200 -2.125 0.0016 -0.0331 0.9995
-1.658 -11.127 -2.125 0.0016 -0.0331 0.9995
-2.251 -11.022 -2.125 0.0016 -0.0331 0.9995
-0.043 -1.049 -1.787 -0.0016 0.0331 -0.9995
-0.099 -1.045 -1.787 -0.0016 0.0331 -0.9995
-0.155 -1.039 -1.787 -0.0016 0.0331 -0.9995
-0.210 -1.029 -1.787 -0.0016 0.0331 -0.9995
-0.460 -11.241 -2.125 -0.0016 0.0331 -0.9995
-1.061 -11.200 -2.125 -0.0016 0.0331 -0.9995
-1.658 -11.127 -2.125 -0.0016 0.0331 -0.9995
-2.251 -11.022 -2.125 -0.0016 0.0331 -0.9995
-0.043 -1.049 -2.037 -0.0016 0.0331 -0.9995
-0.099 -1.045 -2.037 -0.0016 0.0331 -0.9995
-0.155 -1.039 -2.037 -0.0016 0.0331 -0.9995
-0.210 -1.029 -2.037 -0.0016 0.0331 -0.9995
-0.460 -11.241 -2.375 -0.0016 0.0331 -0.9995
-1.061 -11.200 -2.375 -0.0016 0.0331 -0.9995
-1.658 -11.127 -2.375 -0.0016 0.0331 -0.9995
-2.251 -11.022 -2.375 -0.0016 0.0331 -0.9995
-0.043 -1.049 -2.037 0.0016 -0.0331 0.9995
-0.099 -1.045 -2.037 0.0016 -0.0331 0.9995
-0.155 -1.039 -2.037 0.0016 -0.0331 0.9995
-0.210 -1.029 -2.037 0.0016 -0.0331 0.9995
-0.460 -11.241 -2.375 0.0016 -0.0331 0.9995
-1.061 -11.200 -2.375 0.0016 -0.0331 0.9995
-1.658 -11.127 -2.375 0.0016 -0.0331 0.9995
-2.251 -11.022 -2.375 0.0016 -0.0331 0.9995
-0.460 -11.241 -2.375 -0.1209 -0.9927 0.0000
-1.061 -11.200 -2.375 -0.1209 -0.9927 0.0000
-1.658 -11.127 -2.375 -0.1209 -0.9927 0.0000
-2.251 -11.022 -2.375 -0.1209 -0.9927 0.0000
-0.460 -11.241 -2.125 -0.1209 -0.9927 0.0000
-1.061 -11.200 -2.125 -0.1209 -0.9927 0.0000
-1.658 -11.127 -2.125 -0.1209 -0.9927 0.0000
-2.251 -11.022 -2.125 -0.1209 -0.9927 0.0000
-0.460 -11.241 -2.375 0.1209 0.9927 -0.0000
-1.061 -11.200 -2.375 0.1209 0.9927 -0.0000
-1.658 -11.127 -2.375 0.1209 0.9927 -0.0000
-2.251 -11.022 -2.375 0.1209 0.9927 -0.0000
-0.460 -11.241 -2.125 0.1209 0.9927 -0.0000
-1.061 -11.200 -2.125 0.1209 0.9927 -0.0000
-1.658 -11.127 -2.125 0.1209 0.9927 -0.0000
-2.251 -11.022 -2.125 0.1209 0.9927 -0.0000
-0.043 -1.049 -2.037 0.1209 0.9927 -0.0000
-0.099 -1.045 -2.037 0.1209 0.9927 -0.0000
-0.155 -1.039 -2.037 0.1209 0.9927 -0.0000
-0.210 -1.029 -2.037 0.1209 0.9927 -0.0000
-0.043 -1.049 -1.787 0.1209 0.9927 -0.0000
-0.099 -1.045 -1.787 0.1209 0.9927 -0.0000
-0.155 -1.039 -1.787 0.1209 0.9927 -0.0000
-0.210 -1.029 -1.787 0.1209 0.9927 -0.0000
-0.043 -1.049 -2.037 -0.1209 -0.9927 0.0000
-0.099 -1.045 -2.037 -0.1209 -0.9927 0.0000
-0.155 -1.039 -2.037 -0.1209 -0.9927 0.0000
-0.210 -1.029 -2.037 -0.1209 -0.9927 0.0000
-0.043 -1.049 -1.787 -0.1209 -0.9927 0.0000
-0.099 -1.045 -1.787 -0.1209 -0.9927 0.0000
-0.155 -1.039 -1.787 -0.1209 -0.9927 0.0000
-0.210 -1.029 -1.787 -0.1209 -0.9927 0.0000
-0.460 -11.241 -2.125 -0.1209 -0.9927 0.0000
-1.061 -11.200 -2.125 -0.1209 -0.9927 0.0000
-1.658 -11.127 -2.125 -0.1209 -0.9927 0.0000
-2.251 -11.022 -2.125 -0.1209 -0.9927 0.0000
-0.460 -11.241 -1.425 -0.1209 -0.9927 0.0000
-1.061 -11.200 -1.425 -0.1209 -0.9927 0.0000
-1.658 -11.127 -1.425 -0.1209 -0.9927 0.0000
-2.251 -11.022 -1.425 -0.1209 -0.9927 0.0000
-0.460 -11.241 -2.125 0.1209 0.9927 -0.0000
-1.061 -11.200 -2.125 0.1209 0.9927 -0.0000
-1.658 -11.127 -2.125 0.1209 0.9927 -0.0000
-2.251 -11.022 -2.125 0.1209 0.9927 -0.0000
-0.460 -11.241 -1.425 0.1209 0.9927 -0.0000
-1.061 -11.200 -1.425 0.1209 0.9927 -0.0000
-1.658 -11.127 -1.425 0.1209 0.9927 -0.0000
-2.251 -11.022 -1.425 0.1209 0.9927 -0.0000
-0.460 -11.241 -1.425 -0.0000 -0.0000 1.0000
-1.061 -11.200 -1.425 -0.0000 -0.0000 1.0000
-1.658 -11.127 -1.425 -0.0000 -0.0000 1.0000
-2.251 -11.022 -1.425 -0.0000 -0.0000 1.0000
-0.446 -10.891 -1.413 -0.0000 -0.0000 1.0000
-1.028 -10.851 -1.413 -0.0000 -0.0000 1.0000
-1.607 -10.781 -1.413 -0.0000 -0.0000 1.0000
-2.181 -10.680 -1.413 -0.0000 -0.0000 1.0000
-0.460 -11.241 -1.425 0.0000 0.0000 -1.0000
-1.061 -11.200 -1.425 0.0000 0.0000 -1.0000
-1.658 -11.127 -1.425 0.0000 0.0000 -1.0000
-2.251 -11.022 -1.425 0.0000 0.0000 -1.0000
-0.446 -10.891 -1.413 0.0000 0.0000 -1.0000
-1.028 -10.851 -1.413 0.0000 0.0000 -1.0000
-1.607 -10.781 -1.413 0.0000 0.0000 -1.0000
-2.181 -10.680 -1.413 0.0000 0.0000 -1.0000
-0.210 -1.029 -2.037 -0.9798 0.2001 -0.0000
-2.251 -11.022 -2.375 -0.9798 0.2001 -0.0000
-0.210 -1.029 -1.787 -0.9798 0.2001 -0.0000
-2.251 -11.022 -2.125 -0.9798 0.2001 -0.0000
-0.210 -1.029 -2.037 0.9798 -0.2001 0.0000
-2.251 -11.022 -2.375 0.9798 -0.2001 0.0000
-0.210 -1.029 -1.787 0.9798 -0.2001 0.0000
-2.251 -11.022 -2.125 0.9798 -0.2001 0.0000
0 1 5
0 5 4
8 13 9
8 12 13
1 2 6
1 6 5
9 14 10
9 13 14
2 3 7
2 7 6
10 15 11
10 14 15
16 21 17
16 20 21
24 25 29
24 29 28
17 22 18
17 21 22
25 26 30
25 30 29
18 23 19
18 22 23
26 27 31
26 31 30
32 37 33
32 36 37
40 41 45
40 45 44
33 38 34
33 37 38
41 42 46
41 46 45
34 39 35
34 38 39
42 43 47
42 47 46
48 49 53
48 53 52
56 61 57
56 60 61
49 50 54
49 54 53
57 62 58
57 61 62
50 51 55
50 55 54
58 63 59
58 62 63
64 69 65
64 68 69
72 73 77
72 77 76
65 70 66
65 69 70
73 74 78
73 78 77
66 71 67
66 70 71
74 75 79
74 79 78
80 85 81
80 84 85
88 89 93
88 93 92
81 86 82
81 85 86
89 90 94
89 94 93
82 87 83
82 86 87
90 91 95
90 95 94
96 97 99
96 99 98
100 103 101
100 102 103
LABEL sfoot0_strut_0
MATERIAL 9
TEXTURE 0
GEOM 50 48 ;sfoot0_strut_0
0.554 -1.149 2.164 0.9969 -0.0000 0.0787
0.470 -1.280 2.371 0.8298 -0.2617 0.4929
0.276 -1.375 2.512 0.4403 -0.4534 0.7750
0.022 -1.410 2.550 -0.0671 -0.5235 0.8494
-0.223 -1.375 2.473 -0.5565 -0.4534 0.6962
-0.393 -1.280 2.303 -0.8969 -0.2617 0.3565
-0.443 -1.149 2.086 -0.9969 -0.0000 -0.0787
-0.359 -1.018 1.879 -0.8298 0.2617 -0.4929
-0.165 -0.922 1.738 -0.4403 0.4534 -0.7750
0.089 -0.887 1.700 0.0671 0.5235 -0.8494
0.334 -0.922 1.777 0.5565 0.4534 -0.6962
0.504 -1.018 1.947 0.8969 0.2617 -0.3565
0.724 -4.652 0.019 0.9969 -0.0000 0.0787
0.640 -4.783 0.226 0.8298 -0.2617 0.4929
0.445 -4.879 0.367 0.4403 -0.4534 0.7750
0.192 -4.914 0.404 -0.0671 -0.5235 0.8494
-0.053 -4.879 0.327 -0.5565 -0.4534 0.6962
-0.223 -4.783 0.157 -0.8969 -0.2617 0.3565
-0.273 -4.652 -0.060 -0.9969 -0.0000 -0.0787
-0.190 -4.521 -0.267 -0.8298 0.2617 -0.4929
0.005 -4.425 -0.408 -0.4403 0.4534 -0.7750
0.259 -4.390 -0.446 0.0671 0.5235 -0.8494
0.503 -4.425 -0.369 0.5565 0.4534 -0.6962
0.673 -4.521 -0.199 0.8969 0.2617 -0.3565
0.056 -1.149 2.125 -0.0412 0.8520 0.5219
0.554 -1.149 2.164 -0.0412 0.8520 0.5219
0.470 -1.280 2.371 -0.0412 0.8520 0.5219
0.276 -1.375 2.512 -0.0412 0.8520 0.5219
0.022 -1.410 2.550 -0.0412 0.8520 0.5219
-0.223 -1.375 2.473 -0.0412 0.8520 0.5219
-0.393 -1.280 2.303 -0.0412 0.8520 0.5219
-0.443 -1.149 2.086 -0.0412 0.8520 0.5219
-0.359 -1.018 1.879 -0.0412 0.8520 0.5219
-0.165 -0.922 1.738 -0.0412 0.8520 0.5219
0.089 -0.887 1.700 -0.0412 0.8520 0.5219
0.334 -0.922 1.777 -0.0412 0.8520 0.5219
0.504 -1.018 1.947 -0.0412 0.8520 0.5219
0.225 -4.652 -0.021 0.0412 -0.8520 -0.5219
0.724 -4.652 0.019 0.0412 -0.8520 -0.5219
0.640 -4.783 0.226 0.0412 -0.8520 -0.5219
0.445 -4.879 0.367 0.0412 -0.8520 -0.5219
0.192 -4.914 0.404 0.0412 -0.8520 -0.5219
-0.053 -4.879 0.327 0.0412 -0.8520 -0.5219
-0.223 -4.783 0.157 0.0412 -0.8520 -0.5219
-0.273 -4.652 -0.060 0.0412 -0.8520 -0.5219
-0.190 -4.521 -0.267 0.0412 -0.8520 -0.5219
0.005 -4.425 -0.408 0.0412 -0.8520 -0.5219
0.259 -4.390 -0.446 0.0412 -0.8520 -0.5219
0.503 -4.425 -0.369 0.0412 -0.8520 -0.5219
0.673 -4.521 -0.199 0.0412 -0.8520 -0.5219
0 1 13
0 13 12
1 2 14
1 14 13
2 3 15
2 15 14
3 4 16
3 16 15
4 5 17
4 17 16
5 6 18
5 18 17
6 7 19
6 19 18
7 8 20
7 20 19
8 9 21
8 21 20
9 10 22
9 22 21
10 11 23
10 23 22
11 0 12
11 12 23
24 26 25
24 27 26
24 28 27
24 29 28
24 30 29
24 31 30
24 32 31
24 33 32
24 34 33
24 35 34
24 36 35
24 25 36
37 38 39
37 39 40
37 40 41
37 41 42
37 42 43
37 43 44
37 44 45
37 45 46
37 46 47
37 47 48
37 48 49
37 49 38
LABEL sfoot0_rod_0
MATERIAL 7
TEXTURE 0
GEOM 42 40 ;sfoot0_rod_0
0.450 -4.141 0.312 0.9969 -0.0000 0.0787
0.392 -4.218 0.433 0.7671 -0.3077 0.5630
0.261 -4.265 0.500 0.2443 -0.4979 0.8321
0.107 -4.265 0.488 -0.3719 -0.4979 0.7835
-0.011 -4.218 0.401 -0.8459 -0.3077 0.4356
-0.049 -4.141 0.273 -0.9969 -0.0000 -0.0787
0.009 -4.064 0.152 -0.7671 0.3077 -0.5630
0.139 -4.016 0.084 -0.2443 0.4979 -0.8321
0.293 -4.016 0.096 0.3719 0.4979 -0.7835
0.412 -4.064 0.183 0.8459 0.3077 -0.4356
0.613 -7.519 -1.757 0.9969 -0.0000 0.0787
0.555 -7.595 -1.636 0.7671 -0.3077 0.5630
0.425 -7.643 -1.568 0.2443 -0.4979 0.8321
0.271 -7.643 -1.581 -0.3719 -0.4979 0.7835
0.152 -7.595 -1.668 -0.8459 -0.3077 0.4356
0.114 -7.519 -1.796 -0.9969 -0.0000 -0.0787
0.172 -7.442 -1.917 -0.7671 0.3077 -0.5630
0.303 -7.394 -1.985 -0.2443 0.4979 -0.8321
0.457 -7.394 -1.972 0.3719 0.4979 -0.7835
0.575 -7.442 -1.885 0.8459 0.3077 -0.4356
0.200 -4.141 0.292 -0.0412 0.8520 0.5219
0.450 -4.141 0.312 -0.0412 0.8520 0.5219
0.392 -4.218 0.433 -0.0412 0.8520 0.5219
0.261 -4.265 0.500 -0.0412 0.8520 0.5219
0.107 -4.265 0.488 -0.0412 0.8520 0.5219
-0.011 -4.218 0.401 -0.0412 0.8520 0.5219
-0.049 -4.141 0.273 -0.0412 0.8520 0.5219
0.009 -4.064 0.152 -0.0412 0.8520 0.5219
0.139 -4.016 0.084 -0.0412 0.8520 0.5219
0.293 -4.016 0.096 -0.0412 0.8520 0.5219
0.412 -4.064 0.183 -0.0412 0.8520 0.5219
0.364 -7.519 -1.776 0.0412 -0.8520 -0.5219
0.613 -7.519 -1.757 0.0412 -0.8520 -0.5219
0.555 -7.595 -1.636 0.0412 -0.8520 -0.5219
0.425 -7.643 -1.568 0.0412 -0.8520 -0.5219
0.271 -7.643 -1.581 0.0412 -0.8520 -0.5219
0.152 -7.595 -1.668 0.0412 -0.8520 -0.5219
0.114 -7.519 -1.796 0.0412 -0.8520 -0.5219
0.172 -7.442 -1.917 0.0412 -0.8520 -0.5219
0.303 -7.394 -1.985 0.0412 -0.8520 -0.5219
0.457 -7.394 -1.972 0.0412 -0.8520 -0.5219
0.575 -7.442 -1.885 0.0412 -0.8520 -0.5219
0 1 11
0 11 10
1 2 12
1 12 11
2 3 13
2 13 12
3 4 14
3 14 13
4 5 15
4 15 14
5 6 16
5 16 15
6 7 17
6 17 16
7 8 18
7 18 17
8 9 19
8 19 18
9 0 10
9 10 19
20 22 21
20 23 22
20 24 23
20 25 24
20 26 25
20 27 26
20 28 27
20 29 28
20 30 29
20 21 30
31 32 33
31 33 34
31 34 35
31 35 36
31 36 37
31 37 38
31 38 39
31 39 40
31 40 41
31 41 32
LABEL sfoot0_skirt_0_0
MATERIAL 7
TEXTURE 0
GEOM 16 12 ;sfoot0_skirt_0_0
3.305 -10.754 -3.275 0.2162 -0.9764 0.0000
2.725 -10.915 -3.275 0.2162 -0.9764 0.0000
2.137 -11.045 -3.275 0.2162 -0.9764 0.0000
1.543 -11.144 -3.275 0.2162 -0.9764 0.0000
3.305 -10.754 -2.375 0.2162 -0.9764 0.0000
2.725 -10.915 -2.375 0.2162 -0.9764 0.0000
2.137 -11.045 -2.375 0.2162 -0.9764 0.0000
1.543 -11.144 -2.375 0.2162 -0.9764 0.0000
3.305 -10.754 -3.275 -0.2162 0.9764 -0.0000
2.725 -10.915 -3.275 -0.2162 0.9764 -0.0000
2.137 -11.045 -3.275 -0.2162 0.9764 -0.0000
1.543 -11.144 -3.275 -0.2162 0.9764 -0.0000
3.305 -10.754 -2.375 -0.2162 0.9764 -0.0000
2.725 -10.915 -2.375 -0.2162 0.9764 -0.0000
2.137 -11.045 -2.375 -0.2162 0.9764 -0.0000
1.543 -11.144 -2.375 -0.2162 0.9764 -0.0000
0 5 1
0 4 5
8 9 13
8 13 12
1 6 2
1 5 6
9 10 14
9 14 13
2 7 3
2 6 7
10 11 15
10 15 14
LABEL sfoot0_skirt_0_1
MATERIAL 7
TEXTURE 0
GEOM 16 12 ;sfoot0_skirt_0_1
1.499 -11.150 -3.275 0.0483 -0.9988 0.0000
0.863 -11.217 -3.275 0.0483 -0.9988 0.0000
0.224 -11.248 -3.275 0.0483 -0.9988 0.0000
-0.415 -11.242 -3.275 0.0483 -0.9988 0.0000
1.499 -11.150 -2.375 0.0483 -0.9988 0.0000
0.863 -11.217 -2.375 0.0483 -0.9988 0.0000
0.224 -11.248 -2.375 0.0483 -0.9988 0.0000
-0.415 -11.242 -2.375 0.0483 -0.9988 0.0000
1.499 -11.150 -3.275 -0.0483 0.9988 -0.0000
0.863 -11.217 -3.275 -0.0483 0.9988 -0.0000
0.224 -11.248 -3.275 -0.0483 0.9988 -0.0000
-0.415 -11.242 -3.275 -0.0483 0.9988 -0.0000
1.499 -11.150 -2.375 -0.0483 0.9988 -0.0000
0.863 -11.217 -2.375 -0.0483 0.9988 -0.0000
0.224 -11.248 -2.375 -0.0483 0.9988 -0.0000
-0.415 -11.242 -2.375 -0.0483 0.9988 -0.0000
0 5 1
0 4 5
8 9 13
8 13 12
1 6 2
1 5 6
9 10 14
9 14 13
2 7 3
2 6 7
10 11 15
10 15 14
LABEL sfoot0_skirt_0_2
MATERIAL 7
TEXTURE 0
GEOM 16 12 ;sfoot0_skirt_0_2
-0.460 -11.241 -3.275 -0.1209 -0.9927 0.0000
-1.061 -11.200 -3.275 -0.1209 -0.9927 0.0000
-1.658 -11.127 -3.275 -0.1209 -0.9927 0.0000
-2.251 -11.022 -3.275 -0.1209 -0.9927 0.0000
-0.460 -11.241 -2.375 -0.1209 -0.9927 0.0000
-1.061 -11.200 -2.375 -0.1209 -0.9927 0.0000
-1.658 -11.127 -2.375 -0.1209 -0.9927 0.0000
-2.251 -11.022 -2.375 -0.1209 -0.9927 0.0000
-0.460 -11.241 -3.275 0.1209 0.9927 -0.0000
-1.061 -11.200 -3.275 0.1209 0.9927 -0.0000
-1.658 -11.127 -3.275 0.1209 0.9927 -0.0000
-2.251 -11.022 -3.275 0.1209 0.9927 -0.0000
-0.460 -11.241 -2.375 0.1209 0.9927 -0.0000
-1.061 -11.200 -2.375 0.1209 0.9927 -0.0000
-1.658 -11.127 -2.375 0.1209 0.9927 -0.0000
-2.251 -11.022 -2.375 0.1209 0.9927 -0.0000
0 5 1
0 4 5
8 9 13
8 13 12
1 6 2
1 5 6
9 10 14
9 14 13
2 7 3
2 6 7
10 11 15
10 15 14
LABEL sfoot0_petal_1
MATERIAL 7
TEXTURE 0
GEOM 66 52 ;sfoot0_petal_1
-0.104 -0.968 -1.782 0.4573 0.8887 0.0332
-0.727 -0.647 -1.782 0.4573 0.8887 0.0332
-0.734 -0.661 -1.332 0.4573 0.8887 0.0332
-0.111 -0.981 -1.332 0.4573 0.8887 0.0332
-4.657 -9.815 -2.112 -0.4573 -0.8887 -0.0332
-5.280 -9.495 -2.112 -0.4573 -0.8887 -0.0332
-5.286 -9.508 -1.662 -0.4573 -0.8887 -0.0332
-4.664 -9.828 -1.662 -0.4573 -0.8887 -0.0332
-0.104 -0.968 -1.782 0.8892 -0.4576 0.0000
-4.657 -9.815 -2.112 0.8892 -0.4576 0.0000
-4.664 -9.828 -1.662 0.8892 -0.4576 0.0000
-0.111 -0.981 -1.332 0.8892 -0.4576 0.0000
-0.727 -0.647 -1.782 -0.8892 0.4576 -0.0000
-5.280 -9.495 -2.112 -0.8892 0.4576 -0.0000
-5.286 -9.508 -1.662 -0.8892 0.4576 -0.0000
-0.734 -0.661 -1.332 -0.8892 0.4576 -0.0000
-0.104 -0.968 -1.782 0.0152 0.0295 -0.9995
-4.657 -9.815 -2.112 0.0152 0.0295 -0.9995
-5.280 -9.495 -2.112 0.0152 0.0295 -0.9995
-0.727 -0.647 -1.782 0.0152 0.0295 -0.9995
-0.111 -0.981 -1.332 -0.0152 -0.0295 0.9995
-4.664 -9.828 -1.662 -0.0152 -0.0295 0.9995
-5.286 -9.508 -1.662 -0.0152 -0.0295 0.9995
-0.734 -0.661 -1.332 -0.0152 -0.0295 0.9995
0.080 -0.828 -2.125 0.0000 0.0000 -1.0000
-0.001 -0.985 -2.068 -0.2690 -0.5226 -0.8090
-0.051 -1.082 -1.918 -0.4352 -0.8457 -0.3090
-0.051 -1.082 -1.732 -0.4352 -0.8457 0.3090
-0.001 -0.985 -1.582 -0.2690 -0.5226 0.8090
0.080 -0.828 -1.525 -0.0000 -0.0000 1.0000
0.161 -0.672 -1.582 0.2690 0.5226 0.8090
0.210 -0.575 -1.732 0.4352 0.8457 0.3090
0.210 -0.575 -1.918 0.4352 0.8457 -0.3090
0.161 -0.672 -2.068 0.2690 0.5226 -0.8090
-0.720 -0.417 -2.125 0.0000 0.0000 -1.0000
-0.801 -0.573 -2.068 -0.2690 -0.5226 -0.8090
-0.851 -0.670 -1.918 -0.4352 -0.8457 -0.3090
-0.851 -0.670 -1.732 -0.4352 -0.8457 0.3090
-0.801 -0.573 -1.582 -0.2690 -0.5226 0.8090
-0.720 -0.417 -1.525 -0.0000 -0.0000 1.0000
-0.640 -0.260 -1.582 0.2690 0.5226 0.8090
-0.590 -0.163 -1.732 0.4352 0.8457 0.3090
-0.590 -0.163 -1.918 0.4352 0.8457 -0.3090
-0.640 -0.260 -2.068 0.2690 0.5226 -0.8090
0.080 -0.828 -1.825 0.8892 -0.4576 -0.0000
0.080 -0.828 -2.125 0.8892 -0.4576 -0.0000
-0.001 -0.985 -2.068 0.8892 -0.4576 -0.0000
-0.051 -1.082 -1.918 0.8892 -0.4576 -0.0000
-0.051 -1.082 -1.732 0.8892 -0.4576 -0.0000
-0.001 -0.985 -1.582 0.8892 -0.4576 -0.0000
0.080 -0.828 -1.525 0.8892 -0.4576 -0.0000
0.161 -0.672 -1.582 0.8892 -0.4576 -0.0000
0.210 -0.575 -1.732 0.8892 -0.4576 -0.0000
0.210 -0.575 -1.918 0.8892 -0.4576 -0.0000
0.161 -0.672 -2.068 0.8892 -0.4576 -0.0000
-0.720 -0.417 -1.825 -0.8892 0.4576 0.0000
-0.720 -0.417 -2.125 -0.8892 0.4576 0.0000
-0.801 -0.573 -2.068 -0.8892 0.4576 0.0000
-0.851 -0.670 -1.918 -0.8892 0.4576 0.0000
-0.851 -0.670 -1.732 -0.8892 0.4576 0.0000
-0.801 -0.573 -1.582 -0.8892 0.4576 0.0000
-0.720 -0.417 -1.525 -0.8892 0.4576 0.0000
-0.640 -0.260 -1.582 -0.8892 0.4576 0.0000
-0.590 -0.163 -1.732 -0.8892 0.4576 0.0000
-0.590 -0.163 -1.918 -0.8892 0.4576 0.0000
-0.640 -0.260 -2.068 -0.8892 0.4576 0.0000
0 1 2
0 2 3
4 6 5
4 7 6
8 10 9
8 11 10
12 13 14
12 14 15
16 17 18
16 18 19
20 22 21
20 23 22
24 25 35
24 35 34
25 26 36
25 36 35
26 27 37
26 37 36
27 28 38
27 38 37
28 29 39
28 39 38
29 30 40
29 40 39
30 31 41
30 41 40
31 32 42
31 42 41
32 33 43
32 43 42
33 24 34
33 34 43
44 46 45
44 47 46
44 48 47
44 49 48
44 50 49
44 51 50
44 52 51
44 53 52
44 54 53
44 45 54
55 56 57
55 57 58
55 58 59
55 59 60
55 60 61
55 61 62
55 62 63
55 63 64
55 64 65
55 65 56
LABEL sfoot0_slat_1_0
MATERIAL 7
TEXTURE 0
GEOM 104 76 ;sfoot0_slat_1_0
-0.235 -1.023 -1.787 -0.0152 -0.0295 0.9995
-0.289 -1.009 -1.787 -0.0152 -0.0295 0.9995
-0.343 -0.992 -1.787 -0.0152 -0.0295 0.9995
-0.395 -0.973 -1.787 -0.0152 -0.0295 0.9995
-2.515 -10.965 -2.125 -0.0152 -0.0295 0.9995
-3.098 -10.815 -2.125 -0.0152 -0.0295 0.9995
-3.672 -10.634 -2.125 -0.0152 -0.0295 0.9995
-4.235 -10.422 -2.125 -0.0152 -0.0295 0.9995
-0.235 -1.023 -1.787 0.0152 0.0295 -0.9995
-0.289 -1.009 -1.787 0.0152 0.0295 -0.9995
-0.343 -0.992 -1.787 0.0152 0.0295 -0.9995
-0.395 -0.973 -1.787 0.0152 0.0295 -0.9995
-2.515 -10.965 -2.125 0.0152 0.0295 -0.9995
-3.098 -10.815 -2.125 0.0152 0.0295 -0.9995
-3.672 -10.634 -2.125 0.0152 0.0295 -0.9995
-4.235 -10.422 -2.125 0.0152 0.0295 -0.9995
-0.235 -1.023 -2.037 0.0152 0.0295 -0.9995
-0.289 -1.009 -2.037 0.0152 0.0295 -0.9995
-0.343 -0.992 -2.037 0.0152 0.0295 -0.9995
-0.395 -0.973 -2.037 0.0152 0.0295 -0.9995
-2.515 -10.965 -2.375 0.0152 0.0295 -0.9995
-3.098 -10.815 -2.375 0.0152 0.0295 -0.9995
-3.672 -10.634 -2.375 0.0152 0.0295 -0.9995
-4.235 -10.422 -2.375 0.0152 0.0295 -0.9995
-0.235 -1.023 -2.037 -0.0152 -0.0295 0.9995
-0.289 -1.009 -2.037 -0.0152 -0.0295 0.9995
-0.343 -0.992 -2.037 -0.0152 -0.0295 0.9995
-0.395 -0.973 -2.037 -0.0152 -0.0295 0.9995
-2.515 -10.965 -2.375 -0.0152 -0.0295 0.9995
-3.098 -10.815 -2.375 -0.0152 -0.0295 0.9995
-3.672 -10.634 -2.375 -0.0152 -0.0295 0.9995
-4.235 -10.422 -2.375 -0.0152 -0.0295 0.9995
-2.515 -10.965 -2.375 -0.3010 -0.9536 0.0000
-3.098 -10.815 -2.375 -0.3010 -0.9536 0.0000
-3.672 -10.634 -2.375 -0.3010 -0.9536 0.0000
-4.235 -10.422 -2.375 -0.3010 -0.9536 0.0000
-2.515 -10.965 -2.125 -0.3010 -0.9536 0.0000
-3.098 -10.815 -2.125 -0.3010 -0.9536 0.0000
-3.672 -10.634 -2.125 -0.3010 -0.9536 0.0000
-4.235 -10.422 -2.125 -0.3010 -0.9536 0.0000
-2.515 -10.965 -2.375 0.3010 0.9536 -0.0000
-3.098 -10.815 -2.375 0.3010 0.9536 -0.0000
-3.672 -10.634 -2.375 0.3010 0.9536 -0.0000
-4.235 -10.422 -2.375 0.3010 0.9536 -0.0000
-2.515 -10.965 -2.125 0.3010 0.9536 -0.0000
-3.098 -10.815 -2.125 0.3010 0.9536 -0.0000
-3.672 -10.634 -2.125 0.3010 0.9536 -0.0000
-4.235 -10.422 -2.125 0.3010 0.9536 -0.0000
-0.235 -1.023 -2.037 0.3010 0.9536 -0.0000
-0.289 -1.009 -2.037 0.3010 0.9536 -0.0000
-0.343 -0.992 -2.037 0.3010 0.9536 -0.0000
-0.395 -0.973 -2.037 0.3010 0.9536 -0.0000
-0.235 -1.023 -1.787 0.3010 0.9536 -0.0000
-0.289 -1.009 -1.787 0.3010 0.9536 -0.0000
-0.343 -0.992 -1.787 0.3010 0.9536 -0.0000
-0.395 -0.973 -1.787 0.3010 0.9536 -0.0000
-0.235 -1.023 -2.037 -0.3010 -0.9536 0.0000
-0.289 -1.009 -2.037 -0.3010 -0.9536 0.0000
-0.343 -0.992 -2.037 -0.3010 -0.9536 0.0000
-0.395 -0.973 -2.037 -0.3010 -0.9536 0.0000
-0.235 -1.023 -1.787 -0.3010 -0.9536 0.0000
-0.289 -1.009 -1.787 -0.3010 -0.9536 0.0000
-0.343 -0.992 -1.787 -0.3010 -0.9536 0.0000
-0.395 -0.973 -1.787 -0.3010 -0.9536 0.0000
-2.515 -10.965 -2.125 -0.3010 -0.9536 0.0000
-3.098 -10.815 -2.125 -0.3010 -0.9536 0.0000
-3.672 -10.634 -2.125 -0.3010 -0.9536 0.0000
-4.235 -10.422 -2.125 -0.3010 -0.9536 0.0000
-2.515 -10.965 -1.425 -0.3010 -0.9536 0.0000
-3.098 -10.815 -1.425 -0.3010 -0.9536 0.0000
-3.672 -10.634 -1.425 -0.3010 -0.9536 0.0000
-4.235 -10.422 -1.425 -0.3010 -0.9536 0.0000
-2.515 -10.965 -2.125 0.3010 0.9536 -0.0000
-3.098 -10.815 -2.125 0.3010 0.9536 -0.0000
-3.672 -10.634 -2.125 0.3010 0.9536 -0.0000
-4.235 -10.422 -2.125 0.3010 0.9536 -0.0000
-2.515 -10.965 -1.425 0.3010 0.9536 -0.0000
-3.098 -10.815 -1.425 0.3010 0.9536 -0.0000
-3.672 -10.634 -1.425 0.3010 0.9536 -0.0000
-4.235 -10.422 -1.425 0.3010 0.9536 -0.0000
-2.515 -10.965 -1.425 -0.0000 -0.0000 1.0000
-3.098 -10.815 -1.425 -0.0000 -0.0000 1.0000
-3.672 -10.634 -1.425 -0.0000 -0.0000 1.0000
-4.235 -10.422 -1.425 -0.0000 -0.0000 1.0000
-2.437 -10.624 -1.413 -0.0000 -0.0000 1.0000
-3.001 -10.479 -1.413 -0.0000 -0.0000 1.0000
-3.558 -10.303 -1.413 -0.0000 -0.0000 1.0000
-4.104 -10.098 -1.413 -0.0000 -0.0000 1.0000
-2.515 -10.965 -1.425 0.0000 0.0000 -1.0000
-3.098 -10.815 -1.425 0.0000 0.0000 -1.0000
-3.672 -10.634 -1.425 0.0000 0.0000 -1.0000
-4.235 -10.422 -1.425 0.0000 0.0000 -1.0000
-2.437 -10.624 -1.413 0.0000 0.0000 -1.0000
-3.001 -10.479 -1.413 0.0000 0.0000 -1.0000
-3.558 -10.303 -1.413 0.0000 0.0000 -1.0000
-4.104 -10.098 -1.413 0.0000 0.0000 -1.0000
-0.235 -1.023 -2.037 -0.9747 0.2236 -0.0000
-2.515 -10.965 -2.375 -0.9747 0.2236 -0.0000
-0.235 -1.023 -1.787 -0.9747 0.2236 -0.0000
-2.515 -10.965 -2.125 -0.9747 0.2236 -0.0000
-0.235 -1.023 -2.037 0.9747 -0.2236 0.0000
-2.515 -10.965 -2.375 0.9747 -0.2236 0.0000
-0.235 -1.023 -1.787 0.9747 -0.2236 0.0000
-2.515 -10.965 -2.125 0.9747 -0.2236 0.0000
0 1 5
0 5 4
8 13 9
8 12 13
1 2 6
1 6 5
9 14 10
9 13 14
2 3 7
2 7 6
10 15 11
10 14 15
16 21 17
16 20 21
24 25 29
24 29 28
17 22 18
17 21 22
25 26 30
25 30 29
18 23 19
18 22 23
26 27 31
26 31 30
32 37 33
32 36 37
40 41 45
40 45 44
33 38 34
33 37 38
41 42 46
41 46 45
34 39 35
34 38 39
42 43 47
42 47 46
48 49 53
48 53 52
56 61 57
56 60 61
49 50 54
49 54 53
57 62 58
57 61 62
50 51 55
50 55 54
58 63 59
58 62 63
64 69 65
64 68 69
72 73 77
72 77 76
65 70 66
65 69 70
73 74 78
73 78 77
66 71 67
66 70 71
74 75 79
74 79 78
80 85 81
80 84 85
88 89 93
88 93 92
81 86 82
81 85 86
89 90 94
89 94 93
82 87 83
82 86 87
90 91 95
90 95 94
96 97 99
96 99 98
100 103 101
100 102 103
LABEL sfoot0_slat_1_1
MATERIAL 7
TEXTURE 0
GEOM 96 72 ;sfoot0_slat_1_1
-0.399 -0.971 -1.787 -0.0152 -0.0295 0.9995
-0.454 -0.947 -1.787 -0.0152 -0.0295 0.9995
-0.507 -0.920 -1.787 -0.0152 -0.0295 0.9995
-0.558 -0.889 -1.787 -0.0152 -0.0295 0.9995
-4.277 -10.405 -2.125 -0.0152 -0.0295 0.9995
-4.861 -10.145 -2.125 -0.0152 -0.0295 0.9995
-5.430 -9.853 -2.125 -0.0152 -0.0295 0.9995
-5.981 -9.528 -2.125 -0.0152 -0.0295 0.9995
-0.399 -0.971 -1.787 0.0152 0.0295 -0.9995
-0.454 -0.947 -1.787 0.0152 0.0295 -0.9995
-0.507 -0.920 -1.787 0.0152 0.0295 -0.9995
-0.558 -0.889 -1.787 0.0152 0.0295 -0.9995
-4.277 -10.405 -2.125 0.0152 0.0295 -0.9995
-4.861 -10.145 -2.125 0.0152 0.0295 -0.9995
-5.430 -9.853 -2.125 0.0152 0.0295 -0.9995
-5.981 -9.528 -2.125 0.0152 0.0295 -0.9995
-0.399 -0.971 -2.037 0.0152 0.0295 -0.9995
-0.454 -0.947 -2.037 0.0152 0.0295 -0.9995
-0.507 -0.920 -2.037 0.0152 0.0295 -0.9995
-0.558 -0.889 -2.037 0.0152 0.0295 -0.9995
-4.277 -10.405 -2.375 0.0152 0.0295 -0.9995
-4.861 -10.145 -2.375 0.0152 0.0295 -0.9995
-5.430 -9.853 -2.375 0.0152 0.0295 -0.9995
-5.981 -9.528 -2.375 0.0152 0.0295 -0.9995
-0.399 -0.971 -2.037 -0.0152 -0.0295 0.9995
-0.454 -0.947 -2.037 -0.0152 -0.0295 0.9995
-0.507 -0.920 -2.037 -0.0152 -0.0295 0.9995
-0.558 -0.889 -2.037 -0.0152 -0.0295 0.9995
-4.277 -10.405 -2.375 -0.0152 -0.0295 0.9995
-4.861 -10.145 -2.375 -0.0152 -0.0295 0.9995
-5.430 -9.853 -2.375 -0.0152 -0.0295 0.9995
-5.981 -9.528 -2.375 -0.0152 -0.0295 0.9995
-4.277 -10.405 -2.375 -0.4576 -0.8892 0.0000
-4.861 -10.145 -2.375 -0.4576 -0.8892 0.0000
-5.430 -9.853 -2.375 -0.4576 -0.8892 0.0000
-5.981 -9.528 -2.375 -0.4576 -0.8892 0.0000
-4.277 -10.405 -2.125 -0.4576 -0.8892 0.0000
-4.861 -10.145 -2.125 -0.4576 -0.8892 0.0000
-5.430 -9.853 -2.125 -0.4576 -0.8892 0.0000
-5.981 -9.528 -2.125 -0.4576 -0.8892 0.0000
-4.277 -10.405 -2.375 0.4576 0.8892 -0.0000
-4.861 -10.145 -2.375 0.4576 0.8892 -0.0000
-5.430 -9.853 -2.375 0.4576 0.8892 -0.0000
-5.981 -9.528 -2.375 0.4576 0.8892 -0.0000
-4.277 -10.405 -2.125 0.4576 0.8892 -0.0000
-4.861 -10.145 -2.125 0.4576 0.8892 -0.0000
-5.430 -9.853 -2.125 0.4576 0.8892 -0.0000
-5.981 -9.528 -2.125 0.4576 0.8892 -0.0000
-0.399 -0.971 -2.037 0.4576 0.8892 -0.0000
-0.454 -0.947 -2.037 0.4576 0.8892 -0.0000
-0.507 -0.920 -2.037 0.4576 0.8892 -0.0000
-0.558 -0.889 -2.037 0.4576 0.8892 -0.0000
-0.399 -0.971 -1.787 0.4576 0.8892 -0.0000
-0.454 -0.947 -1.787 0.4576 0.8892 -0.0000
-0.507 -0.920 -1.787 0.4576 0.8892 -0.0000
-0.558 -0.889 -1.787 0.4576 0.8892 -0.0000
-0.399 -0.971 -2.037 -0.4576 -0.8892 0.0000
-0.454 -0.947 -2.037 -0.4576 -0.8892 0.0000
-0.507 -0.920 -2.037 -0.4576 -0.8892 0.0000
-0.558 -0.889 -2.037 -0.4576 -0.8892 0.0000
-0.399 -0.971 -1.787 -0.4576 -0.8892 0.0000
-0.454 -0.947 -1.787 -0.4576 -0.8892 0.0000
-0.507 -0.920 -1.787 -0.4576 -0.8892 0.0000
-0.558 -0.889 -1.787 -0.4576 -0.8892 0.0000
-4.277 -10.405 -2.125 -0.4576 -0.8892 0.0000
-4.861 -10.145 -2.125 -0.4576 -0.8892 0.0000
-5.430 -9.853 -2.125 -0.4576 -0.8892 0.0000
-5.981 -9.528 -2.125 -0.4576 -0.8892 0.0000
-4.277 -10.405 -1.425 -0.4576 -0.8892 0.0000
-4.861 -10.145 -1.425 -0.4576 -0.8892 0.0000
-5.430 -9.853 -1.425 -0.4576 -0.8892 0.0000
-5.981 -9.528 -1.425 -0.4576 -0.8892 0.0000
-4.277 -10.405 -2.125 0.4576 0.8892 -0.0000
-4.861 -10.145 -2.125 0.4576 0.8892 -0.0000
-5.430 -9.853 -2.125 0.4576 0.8892 -0.0000
-5.981 -9.528 -2.125 0.4576 0.8892 -0.0000
-4.277 -10.405 -1.425 0.4576 0.8892 -0.0000
-4.861 -10.145 -1.425 0.4576 0.8892 -0.0000
-5.430 -9.853 -1.425 0.4576 0.8892 -0.0000
-5.981 -9.528 -1.425 0.4576 0.8892 -0.0000
-4.277 -10.405 -1.425 -0.0000 -0.0000 1.0000
-4.861 -10.145 -1.425 -0.0000 -0.0000 1.0000
-5.430 -9.853 -1.425 -0.0000 -0.0000 1.0000
-5.981 -9.528 -1.425 -0.0000 -0.0000 1.0000
-4.144 -10.082 -1.413 -0.0000 -0.0000 1.0000
-4.710 -9.830 -1.413 -0.0000 -0.0000 1.0000
-5.261 -9.546 -1.413 -0.0000 -0.0000 1.0000
-5.795 -9.232 -1.413 -0.0000 -0.0000 1.0000
-4.277 -10.405 -1.425 0.0000 0.0000 -1.0000
-4.861 -10.145 -1.425 0.0000 0.0000 -1.0000
-5.430 -9.853 -1.425 0.0000 0.0000 -1.0000
-5.981 -9.528 -1.425 0.0000 0.0000 -1.0000
-4.144 -10.082 -1.413 0.0000 0.0000 -1.0000
-4.710 -9.830 -1.413 0.0000 0.0000 -1.0000
-5.261 -9.546 -1.413 0.0000 0.0000 -1.0000
-5.795 -9.232 -1.413 0.0000 0.0000 -1.0000
0 1 5
0 5 4
8 13 9
8 12 13
1 2 6
1 6 5
9 14 10
9 13 14
2 3 7
2 7 6
10 15 11
10 14 15
16 21 17
16 20 21
24 25 29
24 29 28
17 22 18
17 21 22
25 26 30
25 30 29
18 23 19
18 22 23
26 27 31
26 31 30
32 37 33
32 36 37
40 41 45
40 45 44
33 38 34
33 37 38
41 42 46
41 46 45
34 39 35
34 38 39
42 43 47
42 47 46
48 49 53
48 53 52
56 61 57
56 60 61
49 50 54
49 54 53
57 62 58
57 61 62
50 51 55
50 55 54
58 63 59
58 62 63
64 69 65
64 68 69
72 73 77
72 77 76
65 70 66
65 69 70
73 74 78
73 78 77
66 71 67
66 70 71
74 75 79
74 79 78
80 85 81
80 84 85
88 89 93
88 93 92
81 86 82
81 85 86
89 90 94
89 94 93
82 87 83
82 86 87
90 91 95
90 95 94
LABEL sfoot0_slat_1_2
MATERIAL 7
TEXTURE 0
GEOM 104 76 ;sfoot0_slat_1_2
-0.562 -0.887 -1.787 -0.0152 -0.0295 0.9995
-0.608 -0.856 -1.787 -0.0152 -0.0295 0.9995
-0.653 -0.822 -1.787 -0.0152 -0.0295 0.9995
-0.696 -0.786 -1.787 -0.0152 -0.0295 0.9995
-6.019 -9.504 -2.125 -0.0152 -0.0295 0.9995
-6.519 -9.169 -2.125 -0.0152 -0.0295 0.9995
-7.000 -8.807 -2.125 -0.0152 -0.0295 0.9995
-7.461 -8.420 -2.125 -0.0152 -0.0295 0.9995
-0.562 -0.887 -1.787 0.0152 0.0295 -0.9995
-0.608 -0.856 -1.787 0.0152 0.0295 -0.9995
-0.653 -0.822 -1.787 0.0152 0.0295 -0.9995
-0.696 -0.786 -1.787 0.0152 0.0295 -0.9995
-6.019 -9.504 -2.125 0.0152 0.0295 -0.9995
-6.519 -9.169 -2.125 0.0152 0.0295 -0.9995
-7.000 -8.807 -2.125 0.0152 0.0295 -0.9995
-7.461 -8.420 -2.125 0.0152 0.0295 -0.9995
-0.562 -0.887 -2.037 0.0152 0.0295 -0.9995
-0.608 -0.856 -2.037 0.0152 0.0295 -0.9995
-0.653 -0.822 -2.037 0.0152 0.0295 -0.9995
-0.696 -0.786 -2.037 0.0152 0.0295 -0.9995
-6.019 -9.504 -2.375 0.0152 0.0295 -0.9995
-6.519 -9.169 -2.375 0.0152 0.0295 -0.9995
-7.000 -8.807 -2.375 0.0152 0.0295 -0.9995
-7.461 -8.420 -2.375 0.0152 0.0295 -0.9995
-0.562 -0.887 -2.037 -0.0152 -0.0295 0.9995
-0.608 -0.856 -2.037 -0.0152 -0.0295 0.9995
-0.653 -0.822 -2.037 -0.0152 -0.0295 0.9995
-0.696 -0.786 -2.037 -0.0152 -0.0295 0.9995
-6.019 -9.504 -2.375 -0.0152 -0.0295 0.9995
-6.519 -9.169 -2.375 -0.0152 -0.0295 0.9995
-7.000 -8.807 -2.375 -0.0152 -0.0295 0.9995
-7.461 -8.420 -2.375 -0.0152 -0.0295 0.9995
-6.019 -9.504 -2.375 -0.6010 -0.7992 0.0000
-6.519 -9.169 -2.375 -0.6010 -0.7992 0.0000
-7.000 -8.807 -2.375 -0.6010 -0.7992 0.0000
-7.461 -8.420 -2.375 -0.6010 -0.7992 0.0000
-6.019 -9.504 -2.125 -0.6010 -0.7992 0.0000
-6.519 -9.169 -2.125 -0.6010 -0.7992 0.0000
-7.000 -8.807 -2.125 -0.6010 -0.7992 0.0000
-7.461 -8.420 -2.125 -0.6010 -0.7992 0.0000
-6.019 -9.504 -2.375 0.6010 0.7992 -0.0000
-6.519 -9.169 -2.375 0.6010 0.7992 -0.0000
-7.000 -8.807 -2.375 0.6010 0.7992 -0.0000
-7.461 -8.420 -2.375 0.6010 0.7992 -0.0000
-6.019 -9.504 -2.125 0.6010 0.7992 -0.0000
-6.519 -9.169 -2.125 0.6010 0.7992 -0.0000
-7.000 -8.807 -2.125 0.6010 0.7992 -0.0000
-7.461 -8.420 -2.125 0.6010 0.7992 -0.0000
-0.562 -0.887 -2.037 0.6010 0.7992 -0.0000
-0.608 -0.856 -2.037 0.6010 0.7992 -0.0000
-0.653 -0.822 -2.037 0.6010 0.7992 -0.0000
-0.696 -0.786 -2.037 0.6010 0.7992 -0.0000
-0.562 -0.887 -1.787 0.6010 0.7992 -0.0000
-0.608 -0.856 -1.787 0.6010 0.7992 -0.0000
-0.653 -0.822 -1.787 0.6010 0.7992 -0.0000
-0.696 -0.786 -1.787 0.6010 0.7992 -0.0000
-0.562 -0.887 -2.037 -0.6010 -0.7992 0.0000
-0.608 -0.856 -2.037 -0.6010 -0.7992 0.0000
-0.653 -0.822 -2.037 -0.6010 -0.7992 0.0000
-0.696 -0.786 -2.037 -0.6010 -0.7992 0.0000
-0.562 -0.887 -1.787 -0.6010 -0.7992 0.0000
-0.608 -0.856 -1.787 -0.6010 -0.7992 0.0000
-0.653 -0.822 -1.787 -0.6010 -0.7992 0.0000
-0.696 -0.786 -1.787 -0.6010 -0.7992 0.0000
-6.019 -9.504 -2.125 -0.6010 -0.7992 0.0000
-6.519 -9.169 -2.125 -0.6010 -0.7992 0.0000
-7.000 -8.807 -2.125 -0.6010 -0.7992 0.0000
-7.461 -8.420 -2.125 -0.6010 -0.7992 0.0000
-6.019 -9.504 -1.425 -0.6010 -0.7992 0.0000
-6.519 -9.169 -1.425 -0.6010 -0.7992 0.0000
-7.000 -8.807 -1.425 -0.6010 -0.7992 0.0000
-7.461 -8.420 -1.425 -0.6010 -0.7992 0.0000
-6.019 -9.504 -2.125 0.6010 0.7992 -0.0000
-6.519 -9.169 -2.125 0.6010 0.7992 -0.0000
-7.000 -8.807 -2.125 0.6010 0.7992 -0.0000
-7.461 -8.420 -2.125 0.6010 0.7992 -0.0000
-6.019 -9.504 -1.425 0.6010 0.7992 -0.0000
-6.519 -9.169 -1.425 0.6010 0.7992 -0.0000
-7.000 -8.807 -1.425 0.6010 0.7992 -0.0000
-7.461 -8.420 -1.425 0.6010 0.7992 -0.0000
-6.019 -9.504 -1.425 -0.0000 -0.0000 1.0000
-6.519 -9.169 -1.425 -0.0000 -0.0000 1.0000
-7.000 -8.807 -1.425 -0.0000 -0.0000 1.0000
-7.461 -8.420 -1.425 -0.0000 -0.0000 1.0000
-5.832 -9.209 -1.413 -0.0000 -0.0000 1.0000
-6.316 -8.884 -1.413 -0.0000 -0.0000 1.0000
-6.782 -8.533 -1.413 -0.0000 -0.0000 1.0000
-7.229 -8.158 -1.413 -0.0000 -0.0000 1.0000
-6.019 -9.504 -1.425 0.0000 0.0000 -1.0000
-6.519 -9.169 -1.425 0.0000 0.0000 -1.0000
-7.000 -8.807 -1.425 0.0000 0.0000 -1.0000
-7.461 -8.420 -1.425 0.0000 0.0000 -1.0000
-5.832 -9.209 -1.413 0.0000 0.0000 -1.0000
-6.316 -8.884 -1.413 0.0000 0.0000 -1.0000
-6.782 -8.533 -1.413 0.0000 0.0000 -1.0000
-7.229 -8.158 -1.413 0.0000 0.0000 -1.0000
-0.696 -0.786 -2.037 -0.7485 0.6632 -0.0000
-7.461 -8.420 -2.375 -0.7485 0.6632 -0.0000
-0.696 -0.786 -1.787 -0.7485 0.6632 -0.0000
-7.461 -8.420 -2.125 -0.7485 0.6632 -0.0000
-0.696 -0.786 -2.037 0.7485 -0.6632 0.0000
-7.461 -8.420 -2.375 0.7485 -0.6632 0.0000
-0.696 -0.786 -1.787 0.7485 -0.6632 0.0000
-7.461 -8.420 -2.125 0.7485 -0.6632 0.0000
0 1 5
0 5 4
8 13 9
8 12 13
1 2 6
1 6 5
9 14 10
9 13 14
2 3 7
2 7 6
10 15 11
10 14 15
16 21 17
16 20 21
24 25 29
24 29 28
17 22 18
17 21 22
25 26 30
25 30 29
18 23 19
18 22 23
26 27 31
26 31 30
32 37 33
32 36 37
40 41 45
40 45 44
33 38 34
33 37 38
41 42 46
41 46 45
34 39 35
34 38 39
42 43 47
42 47 46
48 49 53
48 53 52
56 61 57
56 60 61
49 50 54
49 54 53
57 62 58
57 61 62
50 51 55
50 55 54
58 63 59
58 62 63
64 69 65
64 68 69
72 73 77
72 77 76
65 70 66
65 69 70
73 74 78
73 78 77
66 71 67
66 70 71
74 75 79
74 79 78
80 85 81
80 84 85
88 89 93
88 93 92
81 86 82
81 85 86
89 90 94
89 94 93
82 87 83
82 86 87
90 91 95
90 95 94
96 97 99
96 99 98
100 103 101
100 102 103
LABEL sfoot0_strut_1
MATERIAL 9
TEXTURE 0
GEOM 50 48 ;sfoot0_strut_1
-0.126 -1.023 1.826 0.8008 0.0000 -0.5989
-0.066 -1.185 2.017 0.9207 -0.3258 -0.2150
-0.129 -1.305 2.238 0.7938 -0.5644 0.2265
-0.299 -1.348 2.429 0.4543 -0.6517 0.6074
-0.530 -1.305 2.538 -0.0070 -0.5644 0.8255
-0.759 -1.185 2.536 -0.4664 -0.3258 0.8224
-0.927 -1.023 2.424 -0.8008 -0.0000 0.5989
-0.987 -0.860 2.233 -0.9207 0.3258 0.2150
-0.923 -0.740 2.012 -0.7938 0.5644 -0.2265
-0.753 -0.697 1.821 -0.4543 0.6517 -0.6074
-0.523 -0.740 1.712 0.0070 0.5644 -0.8255
-0.293 -0.860 1.714 0.4664 0.3258 -0.8224
-1.731 -4.141 -0.320 0.8008 0.0000 -0.5989
-1.671 -4.304 -0.128 0.9207 -0.3258 -0.2150
-1.734 -4.424 0.092 0.7938 -0.5644 0.2265
-1.904 -4.467 0.283 0.4543 -0.6517 0.6074
-2.135 -4.424 0.392 -0.0070 -0.5644 0.8255
-2.364 -4.304 0.390 -0.4664 -0.3258 0.8224
-2.532 -4.141 0.279 -0.8008 -0.0000 0.5989
-2.591 -3.978 0.087 -0.9207 0.3258 0.2150
-2.528 -3.859 -0.134 -0.7938 0.5644 -0.2265
-2.358 -3.816 -0.325 -0.4543 0.6517 -0.6074
-2.128 -3.859 -0.434 0.0070 0.5644 -0.8255
-1.898 -3.978 -0.432 0.4664 0.3258 -0.8224
-0.526 -1.023 2.125 0.3903 0.7585 0.5219
-0.126 -1.023 1.826 0.3903 0.7585 0.5219
-0.066 -1.185 2.017 0.3903 0.7585 0.5219
-0.129 -1.305 2.238 0.3903 0.7585 0.5219
-0.299 -1.348 2.429 0.3903 0.7585 0.5219
-0.530 -1.305 2.538 0.3903 0.7585 0.5219
-0.759 -1.185 2.536 0.3903 0.7585 0.5219
-0.927 -1.023 2.424 0.3903 0.7585 0.5219
-0.987 -0.860 2.233 0.3903 0.7585 0.5219
-0.923 -0.740 2.012 0.3903 0.7585 0.5219
-0.753 -0.697 1.821 0.3903 0.7585 0.5219
-0.523 -0.740 1.712 0.3903 0.7585 0.5219
-0.293 -0.860 1.714 0.3903 0.7585 0.5219
-2.131 -4.141 -0.021 -0.3903 -0.7585 -0.5219
-1.731 -4.141 -0.320 -0.3903 -0.7585 -0.5219
-1.671 -4.304 -0.128 -0.3903 -0.7585 -0.5219
-1.734 -4.424 0.092 -0.3903 -0.7585 -0.5219
-1.904 -4.467 0.283 -0.3903 -0.7585 -0.5219
-2.135 -4.424 0.392 -0.3903 -0.7585 -0.5219
-2.364 -4.304 0.390 -0.3903 -0.7585 -0.5219
-2.532 -4.141 0.279 -0.3903 -0.7585 -0.5219
-2.591 -3.978 0.087 -0.3903 -0.7585 -0.5219
-2.528 -3.859 -0.134 -0.3903 -0.7585 -0.5219
-2.358 -3.816 -0.325 -0.3903 -0.7585 -0.5219
-2.128 -3.859 -0.434 -0.3903 -0.7585 -0.5219
-1.898 -3.978 -0.432 -0.3903 -0.7585 -0.5219
0 1 13
0 13 12
1 2 14
1 14 13
2 3 15
2 15 14
3 4 16
3 16 15
4 5 17
4 17 16
5 6 18
5 18 17
6 7 19
6 19 18
7 8 20
7 20 19
8 9 21
8 21 20
9 10 22
9 22 21
10 11 23
10 23 22
11 0 12
11 12 23
24 26 25
24 27 26
24 28 27
24 29 28
24 30 29
24 31 30
24 32 31
24 33 32
24 34 33
24 35 34
24 36 35
24 25 36
37 38 39
37 39 40
37 40 41
37 41 42
37 42 43
37 43 44
37 44 45
37 45 46
37 46 47
37 47 48
37 48 49
37 49 38
LABEL sfoot0_rod_1
MATERIAL 7
TEXTURE 0
GEOM 42 40 ;sfoot0_rod_1
-1.697 -3.686 0.143 0.8008 0.0000 -0.5989
-1.668 -3.782 0.260 0.9149 -0.3830 -0.1275
-1.727 -3.841 0.390 0.6795 -0.6198 0.3926
-1.851 -3.841 0.483 0.1846 -0.6198 0.7627
-1.992 -3.782 0.503 -0.3808 -0.3830 0.8416
-2.097 -3.686 0.442 -0.8008 -0.0000 0.5989
-2.126 -3.591 0.324 -0.9149 0.3830 0.1275
-2.067 -3.531 0.194 -0.6795 0.6198 -0.3926
-1.943 -3.531 0.102 -0.1846 0.6198 -0.7627
-1.802 -3.591 0.082 0.3808 0.3830 -0.8416
-3.244 -6.693 -1.926 0.8008 0.0000 -0.5989
-3.216 -6.789 -1.808 0.9149 -0.3830 -0.1275
-3.274 -6.848 -1.678 0.6795 -0.6198 0.3926
-3.398 -6.848 -1.586 0.1846 -0.6198 0.7627
-3.539 -6.789 -1.566 -0.3808 -0.3830 0.8416
-3.644 -6.693 -1.627 -0.8008 -0.0000 0.5989
-3.673 -6.597 -1.745 -0.9149 0.3830 0.1275
-3.614 -6.538 -1.875 -0.6795 0.6198 -0.3926
-3.490 -6.538 -1.967 -0.1846 0.6198 -0.7627
-3.349 -6.597 -1.987 0.3808 0.3830 -0.8416
-1.897 -3.686 0.292 0.3903 0.7585 0.5219
-1.697 -3.686 0.143 0.3903 0.7585 0.5219
-1.668 -3.782 0.260 0.3903 0.7585 0.5219
-1.727 -3.841 0.390 0.3903 0.7585 0.5219
-1.851 -3.841 0.483 0.3903 0.7585 0.5219
-1.992 -3.782 0.503 0.3903 0.7585 0.5219
-2.097 -3.686 0.442 0.3903 0.7585 0.5219
-2.126 -3.591 0.324 0.3903 0.7585 0.5219
-2.067 -3.531 0.194 0.3903 0.7585 0.5219
-1.943 -3.531 0.102 0.3903 0.7585 0.5219
-1.802 -3.591 0.082 0.3903 0.7585 0.5219
-3.444 -6.693 -1.776 -0.3903 -0.7585 -0.5219
-3.244 -6.693 -1.926 -0.3903 -0.7585 -0.5219
-3.216 -6.789 -1.808 -0.3903 -0.7585 -0.5219
-3.274 -6.848 -1.678 -0.3903 -0.7585 -0.5219
-3.398 -6.848 -1.586 -0.3903 -0.7585 -0.5219
-3.539 -6.789 -1.566 -0.3903 -0.7585 -0.5219
-3.644 -6.693 -1.627 -0.3903 -0.7585 -0.5219
-3.673 -6.597 -1.745 -0.3903 -0.7585 -0.5219
-3.614 -6.538 -1.875 -0.3903 -0.7585 -0.5219
-3.490 -6.538 -1.967 -0.3903 -0.7585 -0.5219
-3.349 -6.597 -1.987 -0.3903 -0.7585 -0.5219
0 1 11
0 11 10
1 2 12
1 12 11
2 3 13
2 13 12
3 4 14
3 14 13
4 5 15
4 15 14
5 6 16
5 16 15
6 7 17
6 17 16
7 8 18
7 18 17
8 9 19
8 19 18
9 0 10
9 10 19
20 22 21
20 23 22
20 24 23
20 25 24
20 26 25
20 27 26
20 28 27
20 29 28
20 30 29
20 21 30
31 32 33
31 33 34
31 34 35
31 35 36
31 36 37
31 37 38
31 38 39
31 39 40
31 40 41
31 41 32
LABEL sfoot0_skirt_1_0
MATERIAL 7
TEXTURE 0
GEOM 16 12 ;sfoot0_skirt_1_0
-2.515 -10.965 -3.275 -0.3010 -0.9536 0.0000
-3.098 -10.815 -3.275 -0.3010 -0.9536 0.0000
-3.672 -10.634 -3.275 -0.3010 -0.9536 0.0000
-4.235 -10.422 -3.275 -0.3010 -0.9536 0.0000
-2.515 -10.965 -2.375 -0.3010 -0.9536 0.0000
-3.098 -10.815 -2.375 -0.3010 -0.9536 0.0000
-3.672 -10.634 -2.375 -0.3010 -0.9536 0.0000
-4.235 -10.422 -2.375 -0.3010 -0.9536 0.0000
-2.515 -10.965 -3.275 0.3010 0.9536 -0.0000
-3.098 -10.815 -3.275 0.3010 0.9536 -0.0000
-3.672 -10.634 -3.275 0.3010 0.9536 -0.0000
-4.235 -10.422 -3.275 0.3010 0.9536 -0.0000
-2.515 -10.965 -2.375 0.3010 0.9536 -0.0000
-3.098 -10.815 -2.375 0.3010 0.9536 -0.0000
-3.672 -10.634 -2.375 0.3010 0.9536 -0.0000
-4.235 -10.422 -2.375 0.3010 0.9536 -0.0000
0 5 1
0 4 5
8 9 13
8 13 12
1 6 2
1 5 6
9 10 14
9 14 13
2 7 3
2 6 7
10 11 15
10 15 14
LABEL sfoot0_skirt_1_1
MATERIAL 7
TEXTURE 0
GEOM 16 12 ;sfoot0_skirt_1_1
-4.277 -10.405 -3.275 -0.4576 -0.8892 0.0000
-4.861 -10.145 -3.275 -0.4576 -0.8892 0.0000
-5.430 -9.853 -3.275 -0.4576 -0.8892 0.0000
-5.981 -9.528 -3.275 -0.4576 -0.8892 0.0000
-4.277 -10.405 -2.375 -0.4576 -0.8892 0.0000
-4.861 -10.145 -2.375 -0.4576 -0.8892 0.0000
-5.430 -9.853 -2.375 -0.4576 -0.8892 0.0000
-5.981 -9.528 -2.375 -0.4576 -0.8892 0.0000
-4.277 -10.405 -3.275 0.4576 0.8892 -0.0000
-4.861 -10.145 -3.275 0.4576 0.8892 -0.0000
-5.430 -9.853 -3.275 0.4576 0.8892 -0.0000
-5.981 -9.528 -3.275 0.4576 0.8892 -0.0000
-4.277 -10.405 -2.375 0.4576 0.8892 -0.0000
-4.861 -10.145 -2.375 0.4576 0.8892 -0.0000
-5.430 -9.853 -2.375 0.4576 0.8892 -0.0000
-5.981 -9.528 -2.375 0.4576 0.8892 -0.0000
0 5 1
0 4 5
8 9 13
8 13 12
1 6 2
1 5 6
9 10 14
9 14 13
2 7 3
2 6 7
10 11 15
10 15 14
LABEL sfoot0_skirt_1_2
MATERIAL 7
TEXTURE 0
GEOM 16 12 ;sfoot0_skirt_1_2
-6.019 -9.504 -3.275 -0.6010 -0.7992 0.0000
-6.519 -9.169 -3.275 -0.6010 -0.7992 0.0000
-7.000 -8.807 -3.275 -0.6010 -0.7992 0.0000
-7.461 -8.420 -3.275 -0.6010 -0.7992 0.0000
-6.019 -9.504 -2.375 -0.6010 -0.7992 0.0000
-6.519 -9.169 -2.375 -0.6010 -0.7992 0.0000
-7.000 -8.807 -2.375 -0.6010 -0.7992 0.0000
-7.461 -8.420 -2.375 -0.6010 -0.7992 0.0000
-6.019 -9.504 -3.275 0.6010 0.7992 -0.0000
-6.519 -9.169 -3.275 0.6010 0.7992 -0.0000
-7.000 -8.807 -3.275 0.6010 0.7992 -0.0000
-7.461 -8.420 -3.275 0.6010 0.7992 -0.0000
-6.019 -9.504 -2.375 0.6010 0.7992 -0.0000
-6.519 -9.169 -2.375 0.6010 0.7992 -0.0000
-7.000 -8.807 -2.375 0.6010 0.7992 -0.0000
-7.461 -8.420 -2.375 0.6010 0.7992 -0.0000
0 5 1
0 4 5
8 9 13
8 13 12
1 6 2
1 5 6
9 10 14
9 14 13
2 7 3
2 6 7
10 11 15
10 15 14
LABEL sfoot0_petal_2
MATERIAL 7
TEXTURE 0
GEOM 66 52 ;sfoot0_petal_2
-0.574 -0.786 -1.782 0.8404 0.5410 0.0332
-0.953 -0.197 -1.782 0.8404 0.5410 0.0332
-0.966 -0.205 -1.332 0.8404 0.5410 0.0332
-0.587 -0.794 -1.332 0.8404 0.5410 0.0332
-8.941 -6.171 -2.112 -0.8404 -0.5410 -0.0332
-9.320 -5.583 -2.112 -0.8404 -0.5410 -0.0332
-9.332 -5.591 -1.662 -0.8404 -0.5410 -0.0332
-8.953 -6.180 -1.662 -0.8404 -0.5410 -0.0332
-0.574 -0.786 -1.782 0.5413 -0.8409 0.0000
-8.941 -6.171 -2.112 0.5413 -0.8409 0.0000
-8.953 -6.180 -1.662 0.5413 -0.8409 0.0000
-0.587 -0.794 -1.332 0.5413 -0.8409 0.0000
-0.953 -0.197 -1.782 -0.5413 0.8409 -0.0000
-9.320 -5.583 -2.112 -0.5413 0.8409 -0.0000
-9.332 -5.591 -1.662 -0.5413 0.8409 -0.0000
-0.966 -0.205 -1.332 -0.5413 0.8409 -0.0000
-0.574 -0.786 -1.782 0.0279 0.0179 -0.9995
-8.941 -6.171 -2.112 0.0279 0.0179 -0.9995
-9.320 -5.583 -2.112 0.0279 0.0179 -0.9995
-0.953 -0.197 -1.782 0.0279 0.0179 -0.9995
-0.587 -0.794 -1.332 -0.0279 -0.0179 0.9995
-8.953 -6.180 -1.662 -0.0279 -0.0179 0.9995
-9.332 -5.591 -1.662 -0.0279 -0.0179 0.9995
-0.966 -0.205 -1.332 -0.0279 -0.0179 0.9995
-0.345 -0.757 -2.125 0.0000 0.0000 -1.0000
-0.493 -0.853 -2.068 -0.4942 -0.3181 -0.8090
-0.585 -0.912 -1.918 -0.7997 -0.5148 -0.3090
-0.585 -0.912 -1.732 -0.7997 -0.5148 0.3090
-0.493 -0.853 -1.582 -0.4942 -0.3181 0.8090
-0.345 -0.757 -1.525 -0.0000 -0.0000 1.0000
-0.197 -0.662 -1.582 0.4942 0.3181 0.8090
-0.105 -0.603 -1.732 0.7997 0.5148 0.3090
-0.105 -0.603 -1.918 0.7997 0.5148 -0.3090
-0.197 -0.662 -2.068 0.4942 0.3181 -0.8090
-0.832 -0.000 -2.125 0.0000 0.0000 -1.0000
-0.980 -0.096 -2.068 -0.4942 -0.3181 -0.8090
-1.072 -0.155 -1.918 -0.7997 -0.5148 -0.3090
-1.072 -0.155 -1.732 -0.7997 -0.5148 0.3090
-0.980 -0.096 -1.582 -0.4942 -0.3181 0.8090
-0.832 -0.000 -1.525 -0.0000 -0.0000 1.0000
-0.684 0.095 -1.582 0.4942 0.3181 0.8090
-0.592 0.154 -1.732 0.7997 0.5148 0.3090
-0.592 0.154 -1.918 0.7997 0.5148 -0.3090
-0.684 0.095 -2.068 0.4942 0.3181 -0.8090
-0.345 -0.757 -1.825 0.5413 -0.8409 -0.0000
-0.345 -0.757 -2.125 0.5413 -0.8409 -0.0000
-0.493 -0.853 -2.068 0.5413 -0.8409 -0.0000
-0.585 -0.912 -1.918 0.5413 -0.8409 -0.0000
-0.585 -0.912 -1.732 0.5413 -0.8409 -0.0000
-0.493 -0.853 -1.582 0.5413 -0.8409 -0.0000
-0.345 -0.757 -1.525 0.5413 -0.8409 -0.0000
-0.197 -0.662 -1.582 0.5413 -0.8409 -0.0000
-0.105 -0.603 -1.732 0.5413 -0.8409 -0.0000
-0.105 -0.603 -1.918 0.5413 -0.8409 -0.0000
-0.197 -0.662 -2.068 0.5413 -0.8409 -0.0000
-0.832 -0.000 -1.825 -0.5413 0.8409 0.0000
-0.832 -0.000 -2.125 -0.5413 0.8409 0.0000
-0.980 -0.096 -2.068 -0.5413 0.8409 0.0000
-1.072 -0.155 -1.918 -0.5413 0.8409 0.0000
-1.072 -0.155 -1.732 -0.5413 0.8409 0.0000
-0.980 -0.096 -1.582 -0.5413 0.8409 0.0000
-0.832 -0.000 -1.525 -0.5413 0.8409 0.0000
-0.684 0.095 -1.582 -0.5413 0.8409 0.0000
-0.592 0.154 -1.732 -0.5413 0.8409 0.0000
-0.592 0.154 -1.918 -0.5413 0.8409 0.0000
-0.684 0.095 -2.068 -0.5413 0.8409 0.0000
0 1 2
0 2 3
4 6 5
4 7 6
8 10 9
8 11 10
12 13 14
12 14 15
16 17 18
16 18 19
20 22 21
20 23 22
24 25 35
24 35 34
25 26 36
25 36 35
26 27 37
26 37 36
27 28 38
27 38 37
28 29 39
28 39 38
29 30 40
29 40 39
30 31 41
30 41 40
31 32 42
31 42 41
32 33 43
32 43 42
33 24 34
33 34 43
44 46 45
44 47 46
44 48 47
44 49 48
44 50 49
44 51 50
44 52 51
44 53 52
44 54 53
44 45 54
55 56 57
55 57 58
55 58 59
55 59 60
55 60 61
55 61 62
55 62 63
55 63 64
55 64 65
55 65 56
LABEL sfoot0_slat_2_0
MATERIAL 7
TEXTURE 0
GEOM 104 76 ;sfoot0_slat_2_0
-0.715 -0.769 -1.787 -0.0279 -0.0179 0.9995
-0.755 -0.730 -1.787 -0.0279 -0.0179 0.9995
-0.793 -0.688 -1.787 -0.0279 -0.0179 0.9995
-0.829 -0.645 -1.787 -0.0279 -0.0179 0.9995
-7.661 -8.239 -2.125 -0.0279 -0.0179 0.9995
-8.090 -7.817 -2.125 -0.0279 -0.0179 0.9995
-8.497 -7.373 -2.125 -0.0279 -0.0179 0.9995
-8.879 -6.908 -2.125 -0.0279 -0.0179 0.9995
-0.715 -0.769 -1.787 0.0279 0.0179 -0.9995
-0.755 -0.730 -1.787 0.0279 0.0179 -0.9995
-0.793 -0.688 -1.787 0.0279 0.0179 -0.9995
-0.829 -0.645 -1.787 0.0279 0.0179 -0.9995
-7.661 -8.239 -2.125 0.0279 0.0179 -0.9995
-8.090 -7.817 -2.125 0.0279 0.0179 -0.9995
-8.497 -7.373 -2.125 0.0279 0.0179 -0.9995
-8.879 -6.908 -2.125 0.0279 0.0179 -0.9995
-0.715 -0.769 -2.037 0.0279 0.0179 -0.9995
-0.755 -0.730 -2.037 0.0279 0.0179 -0.9995
-0.793 -0.688 -2.037 0.0279 0.0179 -0.9995
-0.829 -0.645 -2.037 0.0279 0.0179 -0.9995
-7.661 -8.239 -2.375 0.0279 0.0179 -0.9995
-8.090 -7.817 -2.375 0.0279 0.0179 -0.9995
-8.497 -7.373 -2.375 0.0279 0.0179 -0.9995
-8.879 -6.908 -2.375 0.0279 0.0179 -0.9995
-0.715 -0.769 -2.037 -0.0279 -0.0179 0.9995
-0.755 -0.730 -2.037 -0.0279 -0.0179 0.9995
-0.793 -0.688 -2.037 -0.0279 -0.0179 0.9995
-0.829 -0.645 -2.037 -0.0279 -0.0179 0.9995
-7.661 -8.239 -2.375 -0.0279 -0.0179 0.9995
-8.090 -7.817 -2.375 -0.0279 -0.0179 0.9995
-8.497 -7.373 -2.375 -0.0279 -0.0179 0.9995
-8.879 -6.908 -2.375 -0.0279 -0.0179 0.9995
-7.661 -8.239 -2.375 -0.7375 -0.6754 0.0000
-8.090 -7.817 -2.375 -0.7375 -0.6754 0.0000
-8.497 -7.373 -2.375 -0.7375 -0.6754 0.0000
-8.879 -6.908 -2.375 -0.7375 -0.6754 0.0000
-7.661 -8.239 -2.125 -0.7375 -0.6754 0.0000
-8.090 -7.817 -2.125 -0.7375 -0.6754 0.0000
-8.497 -7.373 -2.125 -0.7375 -0.6754 0.0000
-8.879 -6.908 -2.125 -0.7375 -0.6754 0.0000
-7.661 -8.239 -2.375 0.7375 0.6754 -0.0000
-8.090 -7.817 -2.375 0.7375 0.6754 -0.0000
-8.497 -7.373 -2.375 0.7375 0.6754 -0.0000
-8.879 -6.908 -2.375 0.7375 0.6754 -0.0000
-7.661 -8.239 -2.125 0.7375 0.6754 -0.0000
-8.090 -7.817 -2.125 0.7375 0.6754 -0.0000
-8.497 -7.373 -2.125 0.7375 0.6754 -0.0000
-8.879 -6.908 -2.125 0.7375 0.6754 -0.0000
-0.715 -0.769 -2.037 0.7375 0.6754 -0.0000
-0.755 -0.730 -2.037 0.7375 0.6754 -0.0000
-0.793 -0.688 -2.037 0.7375 0.6754 -0.0000
-0.829 -0.645 -2.037 0.7375 0.6754 -0.0000
-0.715 -0.769 -1.787 0.7375 0.6754 -0.0000
-0.755 -0.730 -1.787 0.7375 0.6754 -0.0000
-0.793 -0.688 -1.787 0.7375 0.6754 -0.0000
-0.829 -0.645 -1.787 0.7375 0.6754 -0.0000
-0.715 -0.769 -2.037 -0.7375 -0.6754 0.0000
-0.755 -0.730 -2.037 -0.7375 -0.6754 0.0000
-0.793 -0.688 -2.037 -0.7375 -0.6754 0.0000
-0.829 -0.645 -2.037 -0.7375 -0.6754 0.0000
-0.715 -0.769 -1.787 -0.7375 -0.6754 0.0000
-0.755 -0.730 -1.787 -0.7375 -0.6754 0.0000
-0.793 -0.688 -1.787 -0.7375 -0.6754 0.0000
-0.829 -0.645 -1.787 -0.7375 -0.6754 0.0000
-7.661 -8.239 -2.125 -0.7375 -0.6754 0.0000
-8.090 -7.817 -2.125 -0.7375 -0.6754 0.0000
-8.497 -7.373 -2.125 -0.7375 -0.6754 0.0000
-8.879 -6.908 -2.125 -0.7375 -0.6754 0.0000
-7.661 -8.239 -1.425 -0.7375 -0.6754 0.0000
-8.090 -7.817 -1.425 -0.7375 -0.6754 0.0000
-8.497 -7.373 -1.425 -0.7375 -0.6754 0.0000
-8.879 -6.908 -1.425 -0.7375 -0.6754 0.0000
-7.661 -8.239 -2.125 0.7375 0.6754 -0.0000
-8.090 -7.817 -2.125 0.7375 0.6754 -0.0000
-8.497 -7.373 -2.125 0.7375 0.6754 -0.0000
-8.879 -6.908 -2.125 0.7375 0.6754 -0.0000
-7.661 -8.239 -1.425 0.7375 0.6754 -0.0000
-8.090 -7.817 -1.425 0.7375 0.6754 -0.0000
-8.497 -7.373 -1.425 0.7375 0.6754 -0.0000
-8.879 -6.908 -1.425 0.7375 0.6754 -0.0000
-7.661 -8.239 -1.425 -0.0000 -0.0000 1.0000
-8.090 -7.817 -1.425 -0.0000 -0.0000 1.0000
-8.497 -7.373 -1.425 -0.0000 -0.0000 1.0000
-8.879 -6.908 -1.425 -0.0000 -0.0000 1.0000
-7.422 -7.982 -1.413 -0.0000 -0.0000 1.0000
-7.839 -7.574 -1.413 -0.0000 -0.0000 1.0000
-8.233 -7.144 -1.413 -0.0000 -0.0000 1.0000
-8.603 -6.693 -1.413 -0.0000 -0.0000 1.0000
-7.661 -8.239 -1.425 0.0000 0.0000 -1.0000
-8.090 -7.817 -1.425 0.0000 0.0000 -1.0000
-8.497 -7.373 -1.425 0.0000 0.0000 -1.0000
-8.879 -6.908 -1.425 0.0000 0.0000 -1.0000
-7.422 -7.982 -1.413 0.0000 0.0000 -1.0000
-7.839 -7.574 -1.413 0.0000 0.0000 -1.0000
-8.233 -7.144 -1.413 0.0000 0.0000 -1.0000
-8.603 -6.693 -1.413 0.0000 0.0000 -1.0000
-0.715 -0.769 -2.037 -0.7323 0.6810 -0.0000
-7.661 -8.239 -2.375 -0.7323 0.6810 -0.0000
-0.715 -0.769 -1.787 -0.7323 0.6810 -0.0000
-7.661 -8.239 -2.125 -0.7323 0.6810 -0.0000
-0.715 -0.769 -2.037 0.7323 -0.6810 0.0000
-7.661 -8.239 -2.375 0.7323 -0.6810 0.0000
-0.715 -0.769 -1.787 0.7323 -0.6810 0.0000
-7.661 -8.239 -2.125 0.7323 -0.6810 0.0000
0 1 5
0 5 4
8 13 9
8 12 13
1 2 6
1 6 5
9 14 10
9 13 14
2 3 7
2 7 6
10 15 11
10 14 15
16 21 17
16 20 21
24 25 29
24 29 28
17 22 18
17 21 22
25 26 30
25 30 29
18 23 19
18 22 23
26 27 31
26 31 30
32 37 33
32 36 37
40 41 45
40 45 44
33 38 34
33 37 38
41 42 46
41 46 45
34 39 35
34 38 39
42 43 47
42 47 46
48 49 53
48 53 52
56 61 57
56 60 61
49 50 54
49 54 53
57 62 58
57 61 62
50 51 55
50 55 54
58 63 59
58 62 63
64 69 65
64 68 69
72 73 77
72 77 76
65 70 66
65 69 70
73 74 78
73 78 77
66 71 67
66 70 71
74 75 79
74 79 78
80 85 81
80 84 85
88 89 93
88 93 92
81 86 82
81 85 86
89 90 94
89 94 93
82 87 83
82 86 87
90 91 95
90 95 94
96 97 99
96 99 98
100 103 101
100 102 103
LABEL sfoot0_slat_2_1
MATERIAL 7
TEXTURE 0
GEOM 96 72 ;sfoot0_slat_2_1
-0.831 -0.641 -1.787 -0.0279 -0.0179 0.9995
-0.866 -0.593 -1.787 -0.0279 -0.0179 0.9995
-0.899 -0.543 -1.787 -0.0279 -0.0179 0.9995
-0.928 -0.491 -1.787 -0.0279 -0.0179 0.9995
-8.907 -6.873 -2.125 -0.0279 -0.0179 0.9995
-9.283 -6.356 -2.125 -0.0279 -0.0179 0.9995
-9.629 -5.818 -2.125 -0.0279 -0.0179 0.9995
-9.944 -5.261 -2.125 -0.0279 -0.0179 0.9995
-0.831 -0.641 -1.787 0.0279 0.0179 -0.9995
-0.866 -0.593 -1.787 0.0279 0.0179 -0.9995
-0.899 -0.543 -1.787 0.0279 0.0179 -0.9995
-0.928 -0.491 -1.787 0.0279 0.0179 -0.9995
-8.907 -6.873 -2.125 0.0279 0.0179 -0.9995
-9.283 -6.356 -2.125 0.0279 0.0179 -0.9995
-9.629 -5.818 -2.125 0.0279 0.0179 -0.9995
-9.944 -5.261 -2.125 0.0279 0.0179 -0.9995
-0.831 -0.641 -2.037 0.0279 0.0179 -0.9995
-0.866 -0.593 -2.037 0.0279 0.0179 -0.9995
-0.899 -0.543 -2.037 0.0279 0.0179 -0.9995
-0.928 -0.491 -2.037 0.0279 0.0179 -0.9995
-8.907 -6.873 -2.375 0.0279 0.0179 -0.9995
-9.283 -6.356 -2.375 0.0279 0.0179 -0.9995
-9.629 -5.818 -2.375 0.0279 0.0179 -0.9995
-9.944 -5.261 -2.375 0.0279 0.0179 -0.9995
-0.831 -0.641 -2.037 -0.0279 -0.0179 0.9995
-0.866 -0.593 -2.037 -0.0279 -0.0179 0.9995
-0.899 -0.543 -2.037 -0.0279 -0.0179 0.9995
-0.928 -0.491 -2.037 -0.0279 -0.0179 0.9995
-8.907 -6.873 -2.375 -0.0279 -0.0179 0.9995
-9.283 -6.356 -2.375 -0.0279 -0.0179 0.9995
-9.629 -5.818 -2.375 -0.0279 -0.0179 0.9995
-9.944 -5.261 -2.375 -0.0279 -0.0179 0.9995
-8.907 -6.873 -2.375 -0.8409 -0.5413 0.0000
-9.283 -6.356 -2.375 -0.8409 -0.5413 0.0000
-9.629 -5.818 -2.375 -0.8409 -0.5413 0.0000
-9.944 -5.261 -2.375 -0.8409 -0.5413 0.0000
-8.907 -6.873 -2.125 -0.8409 -0.5413 0.0000
-9.283 -6.356 -2.125 -0.8409 -0.5413 0.0000
-9.629 -5.818 -2.125 -0.8409 -0.5413 0.0000
-9.944 -5.261 -2.125 -0.8409 -0.5413 0.0000
-8.907 -6.873 -2.375 0.8409 0.5413 -0.0000
-9.283 -6.356 -2.375 0.8409 0.5413 -0.0000
-9.629 -5.818 -2.375 0.8409 0.5413 -0.0000
-9.944 -5.261 -2.375 0.8409 0.5413 -0.0000
-8.907 -6.873 -2.125 0.8409 0.5413 -0.0000
-9.283 -6.356 -2.125 0.8409 0.5413 -0.0000
-9.629 -5.818 -2.125 0.8409 0.5413 -0.0000
-9.944 -5.261 -2.125 0.8409 0.5413 -0.0000
-0.831 -0.641 -2.037 0.8409 0.5413 -0.0000
-0.866 -0.593 -2.037 0.8409 0.5413 -0.0000
-0.899 -0.543 -2.037 0.8409 0.5413 -0.0000
-0.928 -0.491 -2.037 0.8409 0.5413 -0.0000
-0.831 -0.641 -1.787 0.8409 0.5413 -0.0000
-0.866 -0.593 -1.787 0.8409 0.5413 -0.0000
-0.899 -0.543 -1.787 0.8409 0.5413 -0.0000
-0.928 -0.491 -1.787 0.8409 0.5413 -0.0000
-0.831 -0.641 -2.037 -0.8409 -0.5413 0.0000
-0.866 -0.593 -2.037 -0.8409 -0.5413 0.0000
-0.899 -0.543 -2.037 -0.8409 -0.5413 0.0000
-0.928 -0.491 -2.037 -0.8409 -0.5413 0.0000
-0.831 -0.641 -1.787 -0.8409 -0.5413 0.0000
-0.866 -0.593 -1.787 -0.8409 -0.5413 0.0000
-0.899 -0.543 -1.787 -0.8409 -0.5413 0.0000
-0.928 -0.491 -1.787 -0.8409 -0.5413 0.0000
-8.907 -6.873 -2.125 -0.8409 -0.5413 0.0000
-9.283 -6.356 -2.125 -0.8409 -0.5413 0.0000
-9.629 -5.818 -2.125 -0.8409 -0.5413 0.0000
-9.944 -5.261 -2.125 -0.8409 -0.5413 0.0000
-8.907 -6.873 -1.425 -0.8409 -0.5413 0.0000
-9.283 -6.356 -1.425 -0.8409 -0.5413 0.0000
-9.629 -5.818 -1.425 -0.8409 -0.5413 0.0000
-9.944 -5.261 -1.425 -0.8409 -0.5413 0.0000
-8.907 -6.873 -2.125 0.8409 0.5413 -0.0000
-9.283 -6.356 -2.125 0.8409 0.5413 -0.0000
-9.629 -5.818 -2.125 0.8409 0.5413 -0.0000
-9.944 -5.261 -2.125 0.8409 0.5413 -0.0000
-8.907 -6.873 -1.425 0.8409 0.5413 -0.0000
-9.283 -6.356 -1.425 0.8409 0.5413 -0.0000
-9.629 -5.818 -1.425 0.8409 0.5413 -0.0000
-9.944 -5.261 -1.425 0.8409 0.5413 -0.0000
-8.907 -6.873 -1.425 -0.0000 -0.0000 1.0000
-9.283 -6.356 -1.425 -0.0000 -0.0000 1.0000
-9.629 -5.818 -1.425 -0.0000 -0.0000 1.0000
-9.944 -5.261 -1.425 -0.0000 -0.0000 1.0000
-8.630 -6.659 -1.413 -0.0000 -0.0000 1.0000
-8.994 -6.158 -1.413 -0.0000 -0.0000 1.0000
-9.329 -5.637 -1.413 -0.0000 -0.0000 1.0000
-9.634 -5.098 -1.413 -0.0000 -0.0000 1.0000
-8.907 -6.873 -1.425 0.0000 0.0000 -1.0000
-9.283 -6.356 -1.425 0.0000 0.0000 -1.0000
-9.629 -5.818 -1.425 0.0000 0.0000 -1.0000
-9.944 -5.261 -1.425 0.0000 0.0000 -1.0000
-8.630 -6.659 -1.413 0.0000 0.0000 -1.0000
-8.994 -6.158 -1.413 0.0000 0.0000 -1.0000
-9.329 -5.637 -1.413 0.0000 0.0000 -1.0000
-9.634 -5.098 -1.413 0.0000 0.0000 -1.0000
0 1 5
0 5 4
8 13 9
8 12 13
1 2 6
1 6 5
9 14 10
9 13 14
2 3 7
2 7 6
10 15 11
10 14 15
16 21 17
16 20 21
24 25 29
24 29 28
17 22 18
17 21 22
25 26 30
25 30 29
18 23 19
18 22 23
26 27 31
26 31 30
32 37 33
32 36 37
40 41 45
40 45 44
33 38 34
33 37 38
41 42 46
41 46 45
34 39 35
34 38 39
42 43 47
42 47 46
48 49 53
48 53 52
56 61 57
56 60 61
49 50 54
49 54 53
57 62 58
57 61 62
50 51 55
50 55 54
58 63 59
58 62 63
64 69 65
64 68 69
72 73 77
72 77 76
65 70 66
65 69 70
73 74 78
73 78 77
66 71 67
66 70 71
74 75 79
74 79 78
80 85 81
80 84 85
88 89 93
88 93 92
81 86 82
81 85 86
89 90 94
89 94 93
82 87 83
82 86 87
90 91 95
90 95 94
LABEL sfoot0_slat_2_2
MATERIAL 7
TEXTURE 0
GEOM 104 76 ;sfoot0_slat_2_2
-0.930 -0.487 -1.787 -0.0279 -0.0179 0.9995
-0.955 -0.437 -1.787 -0.0279 -0.0179 0.9995
-0.977 -0.385 -1.787 -0.0279 -0.0179 0.9995
-0.996 -0.332 -1.787 -0.0279 -0.0179 0.9995
-9.965 -5.222 -2.125 -0.0279 -0.0179 0.9995
-10.230 -4.681 -2.125 -0.0279 -0.0179 0.9995
-10.466 -4.127 -2.125 -0.0279 -0.0179 0.9995
-10.671 -3.562 -2.125 -0.0279 -0.0179 0.9995
-0.930 -0.487 -1.787 0.0279 0.0179 -0.9995
-0.955 -0.437 -1.787 0.0279 0.0179 -0.9995
-0.977 -0.385 -1.787 0.0279 0.0179 -0.9995
-0.996 -0.332 -1.787 0.0279 0.0179 -0.9995
-9.965 -5.222 -2.125 0.0279 0.0179 -0.9995
-10.230 -4.681 -2.125 0.0279 0.0179 -0.9995
-10.466 -4.127 -2.125 0.0279 0.0179 -0.9995
-10.671 -3.562 -2.125 0.0279 0.0179 -0.9995
-0.930 -0.487 -2.037 0.0279 0.0179 -0.9995
-0.955 -0.437 -2.037 0.0279 0.0179 -0.9995
-0.977 -0.385 -2.037 0.0279 0.0179 -0.9995
-0.996 -0.332 -2.037 0.0279 0.0179 -0.9995
-9.965 -5.222 -2.375 0.0279 0.0179 -0.9995
-10.230 -4.681 -2.375 0.0279 0.0179 -0.9995
-10.466 -4.127 -2.375 0.0279 0.0179 -0.9995
-10.671 -3.562 -2.375 0.0279 0.0179 -0.9995
-0.930 -0.487 -2.037 -0.0279 -0.0179 0.9995
-0.955 -0.437 -2.037 -0.0279 -0.0179 0.9995
-0.977 -0.385 -2.037 -0.0279 -0.0179 0.9995
-0.996 -0.332 -2.037 -0.0279 -0.0179 0.9995
-9.965 -5.222 -2.375 -0.0279 -0.0179 0.9995
-10.230 -4.681 -2.375 -0.0279 -0.0179 0.9995
-10.466 -4.127 -2.375 -0.0279 -0.0179 0.9995
-10.671 -3.562 -2.375 -0.0279 -0.0179 0.9995
-9.965 -5.222 -2.375 -0.9201 -0.3916 -0.0000
-10.230 -4.681 -2.375 -0.9201 -0.3916 -0.0000
-10.466 -4.127 -2.375 -0.9201 -0.3916 -0.0000
-10.671 -3.562 -2.375 -0.9201 -0.3916 -0.0000
-9.965 -5.222 -2.125 -0.9201 -0.3916 -0.0000
-10.230 -4.681 -2.125 -0.9201 -0.3916 -0.0000
-10.466 -4.127 -2.125 -0.9201 -0.3916 -0.0000
-10.671 -3.562 -2.125 -0.9201 -0.3916 -0.0000
-9.965 -5.222 -2.375 0.9201 0.3916 0.0000
-10.230 -4.681 -2.375 0.9201 0.3916 0.0000
-10.466 -4.127 -2.375 0.9201 0.3916 0.0000
-10.671 -3.562 -2.375 0.9201 0.3916 0.0000
-9.965 -5.222 -2.125 0.9201 0.3916 0.0000
-10.230 -4.681 -2.125 0.9201 0.3916 0.0000
-10.466 -4.127 -2.125 0.9201 0.3916 0.0000
-10.671 -3.562 -2.125 0.9201 0.3916 0.0000
-0.930 -0.487 -2.037 0.9201 0.3916 0.0000
-0.955 -0.437 -2.037 0.9201 0.3916 0.0000
-0.977 -0.385 -2.037 0.9201 0.3916 0.0000
-0.996 -0.332 -2.037 0.9201 0.3916 0.0000
-0.930 -0.487 -1.787 0.9201 0.3916 0.0000
-0.955 -0.437 -1.787 0.9201 0.3916 0.0000
-0.977 -0.385 -1.787 0.9201 0.3916 0.0000
-0.996 -0.332 -1.787 0.9201 0.3916 0.0000
-0.930 -0.487 -2.037 -0.9201 -0.3916 -0.0000
-0.955 -0.437 -2.037 -0.9201 -0.3916 -0.0000
-0.977 -0.385 -2.037 -0.9201 -0.3916 -0.0000
-0.996 -0.332 -2.037 -0.9201 -0.3916 -0.0000
-0.930 -0.487 -1.787 -0.9201 -0.3916 -0.0000
-0.955 -0.437 -1.787 -0.9201 -0.3916 -0.0000
-0.977 -0.385 -1.787 -0.9201 -0.3916 -0.0000
-0.996 -0.332 -1.787 -0.9201 -0.3916 -0.0000
-9.965 -5.222 -2.125 -0.9201 -0.3916 -0.0000
-10.230 -4.681 -2.125 -0.9201 -0.3916 -0.0000
-10.466 -4.127 -2.125 -0.9201 -0.3916 -0.0000
-10.671 -3.562 -2.125 -0.9201 -0.3916 -0.0000
-9.965 -5.222 -1.425 -0.9201 -0.3916 -0.0000
-10.230 -4.681 -1.425 -0.9201 -0.3916 -0.0000
-10.466 -4.127 -1.425 -0.9201 -0.3916 -0.0000
-10.671 -3.562 -1.425 -0.9201 -0.3916 -0.0000
-9.965 -5.222 -2.125 0.9201 0.3916 0.0000
-10.230 -4.681 -2.125 0.9201 0.3916 0.0000
-10.466 -4.127 -2.125 0.9201 0.3916 0.0000
-10.671 -3.562 -2.125 0.9201 0.3916 0.0000
-9.965 -5.222 -1.425 0.9201 0.3916 0.0000
-10.230 -4.681 -1.425 0.9201 0.3916 0.0000
-10.466 -4.127 -1.425 0.9201 0.3916 0.0000
-10.671 -3.562 -1.425 0.9201 0.3916 0.0000
-9.965 -5.222 -1.425 -0.0000 -0.0000 1.0000
-10.230 -4.681 -1.425 -0.0000 -0.0000 1.0000
-10.466 -4.127 -1.425 -0.0000 -0.0000 1.0000
-10.671 -3.562 -1.425 -0.0000 -0.0000 1.0000
-9.655 -5.059 -1.413 -0.0000 -0.0000 1.0000
-9.912 -4.536 -1.413 -0.0000 -0.0000 1.0000
-10.140 -3.999 -1.413 -0.0000 -0.0000 1.0000
-10.339 -3.451 -1.413 -0.0000 -0.0000 1.0000
-9.965 -5.222 -1.425 0.0000 0.0000 -1.0000
-10.230 -4.681 -1.425 0.0000 0.0000 -1.0000
-10.466 -4.127 -1.425 0.0000 0.0000 -1.0000
-10.671 -3.562 -1.425 0.0000 0.0000 -1.0000
-9.655 -5.059 -1.413 0.0000 0.0000 -1.0000
-9.912 -4.536 -1.413 0.0000 0.0000 -1.0000
-10.140 -3.999 -1.413 0.0000 0.0000 -1.0000
-10.339 -3.451 -1.413 0.0000 0.0000 -1.0000
-0.996 -0.332 -2.037 -0.3166 0.9486 0.0000
-10.671 -3.562 -2.375 -0.3166 0.9486 0.0000
-0.996 -0.332 -1.787 -0.3166 0.9486 0.0000
-10.671 -3.562 -2.125 -0.3166 0.9486 0.0000
-0.996 -0.332 -2.037 0.3166 -0.9486 -0.0000
-10.671 -3.562 -2.375 0.3166 -0.9486 -0.0000
-0.996 -0.332 -1.787 0.3166 -0.9486 -0.0000
-10.671 -3.562 -2.125 0.3166 -0.9486 -0.0000
0 1 5
0 5 4
8 13 9
8 12 13
1 2 6
1 6 5
9 14 10
9 13 14
2 3 7
2 7 6
10 15 11
10 14 15
16 21 17
16 20 21
24 25 29
24 29 28
17 22 18
17 21 22
25 26 30
25 30 29
18 23 19
18 22 23
26 27 31
26 31 30
32 37 33
32 36 37
40 41 45
40 45 44
33 38 34
33 37 38
41 42 46
41 46 45
34 39 35
34 38 39
42 43 47
42 47 46
48 49 53
48 53 52
56 61 57
56 60 61
49 50 54
49 54 53
57 62 58
57 61 62
50 51 55
50 55 54
58 63 59
58 62 63
64 69 65
64 68 69
72 73 77
72 77 76
65 70 66
65 69 70
73 74 78
73 78 77
66 71 67
66 70 71
74 75 79
74 79 78
80 85 81
80 84 85
88 89 93
88 93 92
81 86 82
81 85 86
89 90 94
89 94 93
82 87 83
82 86 87
90 91 95
90 95 94
96 97 99
96 99 98
100 103 101
100 102 103
LABEL sfoot0_strut_2
MATERIAL 9
TEXTURE 0
GEOM 50 48 ;sfoot0_strut_2
-0.673 -0.622 1.721 0.5883 0.0000 -0.8086
-0.619 -0.844 1.843 0.6962 -0.4435 -0.5645
-0.658 -1.007 2.040 0.6175 -0.7682 -0.1691
-0.780 -1.066 2.261 0.3734 -0.8870 0.2716
-0.952 -1.007 2.445 0.0292 -0.7682 0.6396
-1.128 -0.844 2.543 -0.3228 -0.4435 0.8361
-1.261 -0.622 2.529 -0.5883 -0.0000 0.8086
-1.315 -0.401 2.407 -0.6962 0.4435 0.5645
-1.276 -0.238 2.210 -0.6175 0.7682 0.1691
-1.154 -0.179 1.989 -0.3734 0.8870 -0.2716
-0.982 -0.238 1.805 -0.0292 0.7682 -0.6396
-0.806 -0.401 1.707 0.3228 0.4435 -0.8361
-3.622 -2.521 -0.425 0.5883 0.0000 -0.8086
-3.568 -2.743 -0.303 0.6962 -0.4435 -0.5645
-3.608 -2.905 -0.105 0.6175 -0.7682 -0.1691
-3.730 -2.964 0.115 0.3734 -0.8870 0.2716
-3.902 -2.905 0.299 0.0292 -0.7682 0.6396
-4.078 -2.743 0.397 -0.3228 -0.4435 0.8361
-4.210 -2.521 0.383 -0.5883 -0.0000 0.8086
-4.264 -2.299 0.261 -0.6962 0.4435 0.5645
-4.225 -2.137 0.064 -0.6175 0.7682 0.1691
-4.103 -2.077 -0.157 -0.3734 0.8870 -0.2716
-3.931 -2.137 -0.341 -0.0292 0.7682 -0.6396
-3.755 -2.299 -0.439 0.3228 0.4435 -0.8361
-0.967 -0.622 2.125 0.7173 0.4617 0.5219
-0.673 -0.622 1.721 0.7173 0.4617 0.5219
-0.619 -0.844 1.843 0.7173 0.4617 0.5219
-0.658 -1.007 2.040 0.7173 0.4617 0.5219
-0.780 -1.066 2.261 0.7173 0.4617 0.5219
-0.952 -1.007 2.445 0.7173 0.4617 0.5219
-1.128 -0.844 2.543 0.7173 0.4617 0.5219
-1.261 -0.622 2.529 0.7173 0.4617 0.5219
-1.315 -0.401 2.407 0.7173 0.4617 0.5219
-1.276 -0.238 2.210 0.7173 0.4617 0.5219
-1.154 -0.179 1.989 0.7173 0.4617 0.5219
-0.982 -0.238 1.805 0.7173 0.4617 0.5219
-0.806 -0.401 1.707 0.7173 0.4617 0.5219
-3.916 -2.521 -0.021 -0.7173 -0.4617 -0.5219
-3.622 -2.521 -0.425 -0.7173 -0.4617 -0.5219
-3.568 -2.743 -0.303 -0.7173 -0.4617 -0.5219
-3.608 -2.905 -0.105 -0.7173 -0.4617 -0.5219
-3.730 -2.964 0.115 -0.7173 -0.4617 -0.5219
-3.902 -2.905 0.299 -0.7173 -0.4617 -0.5219
-4.078 -2.743 0.397 -0.7173 -0.4617 -0.5219
-4.210 -2.521 0.383 -0.7173 -0.4617 -0.5219
-4.264 -2.299 0.261 -0.7173 -0.4617 -0.5219
-4.225 -2.137 0.064 -0.7173 -0.4617 -0.5219
-4.103 -2.077 -0.157 -0.7173 -0.4617 -0.5219
-3.931 -2.137 -0.341 -0.7173 -0.4617 -0.5219
-3.755 -2.299 -0.439 -0.7173 -0.4617 -0.5219
0 1 13
0 13 12
1 2 14
1 14 13
2 3 15
2 15 14
3 4 16
3 16 15
4 5 17
4 17 16
5 6 18
5 18 17
6 7 19
6 19 18
7 8 20
7 20 19
8 9 21
8 21 20
9 10 22
9 22 21
10 11 23
10 23 22
11 0 12
11 12 23
24 26 25
24 27 26
24 28 27
24 29 28
24 30 29
24 31 30
24 32 31
24 33 32
24 34 33
24 35 34
24 36 35
24 25 36
37 38 39
37 39 40
37 40 41
37 41 42
37 42 43
37 43 44
37 44 45
37 45 46
37 46 47
37 47 48
37 48 49
37 49 38
LABEL sfoot0_rod_2
MATERIAL 7
TEXTURE 0
GEOM 42 40 ;sfoot0_rod_2
-3.339 -2.244 0.090 0.5883 0.0000 -0.8086
-3.312 -2.374 0.169 0.6954 -0.5214 -0.4945
-3.352 -2.455 0.294 0.5369 -0.8436 0.0085
-3.443 -2.455 0.419 0.1733 -0.8436 0.5082
-3.550 -2.374 0.496 -0.2565 -0.5214 0.8139
-3.633 -2.244 0.494 -0.5883 -0.0000 0.8086
-3.660 -2.114 0.416 -0.6954 0.5214 0.4945
-3.620 -2.033 0.290 -0.5369 0.8436 -0.0085
-3.529 -2.033 0.165 -0.1733 0.8436 -0.5082
-3.422 -2.114 0.089 0.2565 0.5214 -0.8139
-6.182 -4.074 -1.979 0.5883 0.0000 -0.8086
-6.156 -4.205 -1.900 0.6954 -0.5214 -0.4945
-6.195 -4.285 -1.774 0.5369 -0.8436 0.0085
-6.286 -4.285 -1.649 0.1733 -0.8436 0.5082
-6.394 -4.205 -1.573 -0.2565 -0.5214 0.8139
-6.476 -4.074 -1.574 -0.5883 -0.0000 0.8086
-6.503 -3.944 -1.653 -0.6954 0.5214 0.4945
-6.464 -3.863 -1.779 -0.5369 0.8436 -0.0085
-6.373 -3.863 -1.904 -0.1733 0.8436 -0.5082
-6.265 -3.944 -1.980 0.2565 0.5214 -0.8139
-3.486 -2.244 0.292 0.7173 0.4617 0.5219
-3.339 -2.244 0.090 0.7173 0.4617 0.5219
-3.312 -2.374 0.169 0.7173 0.4617 0.5219
-3.352 -2.455 0.294 0.7173 0.4617 0.5219
-3.443 -2.455 0.419 0.7173 0.4617 0.5219
-3.550 -2.374 0.496 0.7173 0.4617 0.5219
-3.633 -2.244 0.494 0.7173 0.4617 0.5219
-3.660 -2.114 0.416 0.7173 0.4617 0.5219
-3.620 -2.033 0.290 0.7173 0.4617 0.5219
-3.529 -2.033 0.165 0.7173 0.4617 0.5219
-3.422 -2.114 0.089 0.7173 0.4617 0.5219
-6.329 -4.074 -1.776 -0.7173 -0.4617 -0.5219
-6.182 -4.074 -1.979 -0.7173 -0.4617 -0.5219
-6.156 -4.205 -1.900 -0.7173 -0.4617 -0.5219
-6.195 -4.285 -1.774 -0.7173 -0.4617 -0.5219
-6.286 -4.285 -1.649 -0.7173 -0.4617 -0.5219
-6.394 -4.205 -1.573 -0.7173 -0.4617 -0.5219
-6.476 -4.074 -1.574 -0.7173 -0.4617 -0.5219
-6.503 -3.944 -1.653 -0.7173 -0.4617 -0.5219
-6.464 -3.863 -1.779 -0.7173 -0.4617 -0.5219
-6.373 -3.863 -1.904 -0.7173 -0.4617 -0.5219
-6.265 -3.944 -1.980 -0.7173 -0.4617 -0.5219
0 1 11
0 11 10
1 2 12
1 12 11
2 3 13
2 13 12
3 4 14
3 14 13
4 5 15
4 15 14
5 6 16
5 16 15
6 7 17
6 17 16
7 8 18
7 18 17
8 9 19
8 19 18
9 0 10
9 10 19
20 22 21
20 23 22
20 24 23
20 25 24
20 26 25
20 27 26
20 28 27
20 29 28
20 30 29
20 21 30
31 32 33
31 33 34
31 34 35
31 35 36
31 36 37
31 37 38
31 38 39
31 39 40
31 40 41
31 41 32
LABEL sfoot0_skirt_2_0
MATERIAL 7
TEXTURE 0
GEOM 16 12 ;sfoot0_skirt_2_0
-7.661 -8.239 -3.275 -0.7375 -0.6754 0.0000
-8.090 -7.817 -3.275 -0.7375 -0.6754 0.0000
-8.497 -7.373 -3.275 -0.7375 -0.6754 0.0000
-8.879 -6.908 -3.275 -0.7375 -0.6754 0.0000
-7.661 -8.239 -2.375 -0.7375 -0.6754 0.0000
-8.090 -7.817 -2.375 -0.7375 -0.6754 0.0000
-8.497 -7.373 -2.375 -0.7375 -0.6754 0.0000
-8.879 -6.908 -2.375 -0.7375 -0.6754 0.0000
-7.661 -8.239 -3.275 0.7375 0.6754 -0.0000
-8.090 -7.817 -3.275 0.7375 0.6754 -0.0000
-8.497 -7.373 -3.275 0.7375 0.6754 -0.0000
-8.879 -6.908 -3.275 0.7375 0.6754 -0.0000
-7.661 -8.239 -2.375 0.7375 0.6754 -0.0000
-8.090 -7.817 -2.375 0.7375 0.6754 -0.0000
-8.497 -7.373 -2.375 0.7375 0.6754 -0.0000
-8.879 -6.908 -2.375 0.7375 0.6754 -0.0000
0 5 1
0 4 5
8 9 13
8 13 12
1 6 2
1 5 6
9 10 14
9 14 13
2 7 3
2 6 7
10 11 15
10 15 14
LABEL sfoot0_skirt_2_1
MATERIAL 7
TEXTURE 0
GEOM 16 12 ;sfoot0_skirt_2_1
-8.907 -6.873 -3.275 -0.8409 -0.5413 0.0000
-9.283 -6.356 -3.275 -0.8409 -0.5413 0.0000
-9.629 -5.818 -3.275 -0.8409 -0.5413 0.0000
-9.944 -5.261 -3.275 -0.8409 -0.5413 0.0000
-8.907 -6.873 -2.375 -0.8409 -0.5413 0.0000
-9.283 -6.356 -2.375 -0.8409 -0.5413 0.0000
-9.629 -5.818 -2.375 -0.8409 -0.5413 0.0000
-9.944 -5.261 -2.375 -0.8409 -0.5413 0.0000
-8.907 -6.873 -3.275 0.8409 0.5413 -0.0000
-9.283 -6.356 -3.275 0.8409 0.5413 -0.0000
-9.629 -5.818 -3.275 0.8409 0.5413 -0.0000
-9.944 -5.261 -3.275 0.8409 0.5413 -0.0000
-8.907 -6.873 -2.375 0.8409 0.5413 -0.0000
-9.283 -6.356 -2.375 0.8409 0.5413 -0.0000
-9.629 -5.818 -2.375 0.8409 0.5413 -0.0000
-9.944 -5.261 -2.375 0.8409 0.5413 -0.0000
0 5 1
0 4 5
8 9 13
8 13 12
1 6 2
1 5 6
9 10 14
9 14 13
2 7 3
2 6 7
10 11 15
10 15 14
LABEL sfoot0_skirt_2_2
MATERIAL 7
TEXTURE 0
GEOM 16 12 ;sfoot0_skirt_2_2
-9.965 -5.222 -3.275 -0.9201 -0.3916 -0.0000
-10.230 -4.681 -3.275 -0.9201 -0.3916 -0.0000
-10.466 -4.127 -3.275 -0.9201 -0.3916 -0.0000
-10.671 -3.562 -3.275 -0.9201 -0.3916 -0.0000
-9.965 -5.222 -2.375 -0.9201 -0.3916 -0.0000
-10.230 -4.681 -2.375 -0.9201 -0.3916 -0.0000
-10.466 -4.127 -2.375 -0.9201 -0.3916 -0.0000
-10.671 -3.562 -2.375 -0.9201 -0.3916 -0.0000
-9.965 -5.222 -3.275 0.9201 0.3916 0.0000
-10.230 -4.681 -3.275 0.9201 0.3916 0.0000
-10.466 -4.127 -3.275 0.9201 0.3916 0.0000
-10.671 -3.562 -3.275 0.9201 0.3916 0.0000
-9.965 -5.222 -2.375 0.9201 0.3916 0.0000
-10.230 -4.681 -2.375 0.9201 0.3916 0.0000
-10.466 -4.127 -2.375 0.9201 0.3916 0.0000
-10.671 -3.562 -2.375 0.9201 0.3916 0.0000
0 5 1
0 4 5
8 9 13
8 13 12
1 6 2
1 5 6
9 10 14
9 14 13
2 7 3
2 6 7
10 11 15
10 15 14
LABEL sfoot0_petal_3
MATERIAL 7
TEXTURE 0
GEOM 66 52 ;sfoot0_petal_3
-0.890 -0.393 -1.782 0.9983 0.0483 0.0332
-0.924 0.306 -1.782 0.9983 0.0483 0.0332
-0.939 0.305 -1.332 0.9983 0.0483 0.0332
-0.905 -0.394 -1.332 0.9983 0.0483 0.0332
-10.829 -0.874 -2.112 -0.9983 -0.0483 -0.0332
-10.863 -0.175 -2.112 -0.9983 -0.0483 -0.0332
-10.877 -0.176 -1.662 -0.9983 -0.0483 -0.0332
-10.844 -0.875 -1.662 -0.9983 -0.0483 -0.0332
-0.890 -0.393 -1.782 0.0483 -0.9988 -0.0000
-10.829 -0.874 -2.112 0.0483 -0.9988 -0.0000
-10.844 -0.875 -1.662 0.0483 -0.9988 -0.0000
-0.905 -0.394 -1.332 0.0483 -0.9988 -0.0000
-0.924 0.306 -1.782 -0.0483 0.9988 0.0000
-10.863 -0.175 -2.112 -0.0483 0.9988 0.0000
-10.877 -0.176 -1.662 -0.0483 0.9988 0.0000
-0.939 0.305 -1.332 -0.0483 0.9988 0.0000
-0.890 -0.393 -1.782 0.0331 0.0016 -0.9995
-10.829 -0.874 -2.112 0.0331 0.0016 -0.9995
-10.863 -0.175 -2.112 0.0331 0.0016 -0.9995
-0.924 0.306 -1.782 0.0331 0.0016 -0.9995
-0.905 -0.394 -1.332 -0.0331 -0.0016 0.9995
-10.844 -0.875 -1.662 -0.0331 -0.0016 0.9995
-10.877 -0.176 -1.662 -0.0331 -0.0016 0.9995
-0.939 0.305 -1.332 -0.0331 -0.0016 0.9995
-0.677 -0.483 -2.125 0.0000 0.0000 -1.0000
-0.854 -0.492 -2.068 -0.5871 -0.0284 -0.8090
-0.962 -0.497 -1.918 -0.9499 -0.0460 -0.3090
-0.962 -0.497 -1.732 -0.9499 -0.0460 0.3090
-0.854 -0.492 -1.582 -0.5871 -0.0284 0.8090
-0.677 -0.483 -1.525 -0.0000 -0.0000 1.0000
-0.501 -0.475 -1.582 0.5871 0.0284 0.8090
-0.392 -0.470 -1.732 0.9499 0.0460 0.3090
-0.392 -0.470 -1.918 0.9499 0.0460 -0.3090
-0.501 -0.475 -2.068 0.5871 0.0284 -0.8090
-0.721 0.416 -2.125 0.0000 0.0000 -1.0000
-0.897 0.407 -2.068 -0.5871 -0.0284 -0.8090
-1.006 0.402 -1.918 -0.9499 -0.0460 -0.3090
-1.006 0.402 -1.732 -0.9499 -0.0460 0.3090
-0.897 0.407 -1.582 -0.5871 -0.0284 0.8090
-0.721 0.416 -1.525 -0.0000 -0.0000 1.0000
-0.545 0.424 -1.582 0.5871 0.0284 0.8090
-0.436 0.429 -1.732 0.9499 0.0460 0.3090
-0.436 0.429 -1.918 0.9499 0.0460 -0.3090
-0.545 0.424 -2.068 0.5871 0.0284 -0.8090
-0.677 -0.483 -1.825 0.0483 -0.9988 -0.0000
-0.677 -0.483 -2.125 0.0483 -0.9988 -0.0000
-0.854 -0.492 -2.068 0.0483 -0.9988 -0.0000
-0.962 -0.497 -1.918 0.0483 -0.9988 -0.0000
-0.962 -0.497 -1.732 0.0483 -0.9988 -0.0000
-0.854 -0.492 -1.582 0.0483 -0.9988 -0.0000
-0.677 -0.483 -1.525 0.0483 -0.9988 -0.0000
-0.501 -0.475 -1.582 0.0483 -0.9988 -0.0000
-0.392 -0.470 -1.732 0.0483 -0.9988 -0.0000
-0.392 -0.470 -1.918 0.0483 -0.9988 -0.0000
-0.501 -0.475 -2.068 0.0483 -0.9988 -0.0000
-0.721 0.416 -1.825 -0.0483 0.9988 0.0000
-0.721 0.416 -2.125 -0.0483 0.9988 0.0000
-0.897 0.407 -2.068 -0.0483 0.9988 0.0000
-1.006 0.402 -1.918 -0.0483 0.9988 0.0000
-1.006 0.402 -1.732 -0.0483 0.9988 0.0000
-0.897 0.407 -1.582 -0.0483 0.9988 0.0000
-0.721 0.416 -1.525 -0.0483 0.9988 0.0000
-0.545 0.424 -1.582 -0.0483 0.9988 0.0000
-0.436 0.429 -1.732 -0.0483 0.9988 0.0000
-0.436 0.429 -1.918 -0.0483 0.9988 0.0000
-0.545 0.424 -2.068 -0.0483 0.9988 0.0000
0 1 2
0 2 3
4 6 5
4 7 6
8 10 9
8 11 10
12 13 14
12 14 15
16 17 18
16 18 19
20 22 21
20 23 22
24 25 35
24 35 34
25 26 36
25 36 35
26 27 37
26 37 36
27 28 38
27 38 37
28 29 39
28 39 38
29 30 40
29 40 39
30 31 41
30 41 40
31 32 42
31 42 41
32 33 43
32 43 42
33 24 34
33 34 43
44 46 45
44 47 46
44 48 47
44 49 48
44 50 49
44 51 50
44 52 51
44 53 52
44 54 53
44 45 54
55 56 57
55 57 58
55 58 59
55 59 60
55 60 61
55 61 62
55 62 63
55 63 64
55 64 65
55 65 56
LABEL sfoot0_slat_3_0
MATERIAL 7
TEXTURE 0
GEOM 104 76 ;sfoot0_slat_3_0
-1.004 -0.308 -1.787 -0.0331 -0.0016 0.9995
-1.019 -0.254 -1.787 -0.0331 -0.0016 0.9995
-1.031 -0.199 -1.787 -0.0331 -0.0016 0.9995
-1.040 -0.144 -1.787 -0.0331 -0.0016 0.9995
-10.754 -3.305 -2.125 -0.0331 -0.0016 0.9995
-10.915 -2.725 -2.125 -0.0331 -0.0016 0.9995
-11.045 -2.137 -2.125 -0.0331 -0.0016 0.9995
-11.144 -1.543 -2.125 -0.0331 -0.0016 0.9995
-1.004 -0.308 -1.787 0.0331 0.0016 -0.9995
-1.019 -0.254 -1.787 0.0331 0.0016 -0.9995
-1.031 -0.199 -1.787 0.0331 0.0016 -0.9995
-1.040 -0.144 -1.787 0.0331 0.0016 -0.9995
-10.754 -3.305 -2.125 0.0331 0.0016 -0.9995
-10.915 -2.725 -2.125 0.0331 0.0016 -0.9995
-11.045 -2.137 -2.125 0.0331 0.0016 -0.9995
-11.144 -1.543 -2.125 0.0331 0.0016 -0.9995
-1.004 -0.308 -2.037 0.0331 0.0016 -0.9995
-1.019 -0.254 -2.037 0.0331 0.0016 -0.9995
-1.031 -0.199 -2.037 0.0331 0.0016 -0.9995
-1.040 -0.144 -2.037 0.0331 0.0016 -0.9995
-10.754 -3.305 -2.375 0.0331 0.0016 -0.9995
-10.915 -2.725 -2.375 0.0331 0.0016 -0.9995
-11.045 -2.137 -2.375 0.0331 0.0016 -0.9995
-11.144 -1.543 -2.375 0.0331 0.0016 -0.9995
-1.004 -0.308 -2.037 -0.0331 -0.0016 0.9995
-1.019 -0.254 -2.037 -0.0331 -0.0016 0.9995
-1.031 -0.199 -2.037 -0.0331 -0.0016 0.9995
-1.040 -0.144 -2.037 -0.0331 -0.0016 0.9995
-10.754 -3.305 -2.375 -0.0331 -0.0016 0.9995
-10.915 -2.725 -2.375 -0.0331 -0.0016 0.9995
-11.045 -2.137 -2.375 -0.0331 -0.0016 0.9995
-11.144 -1.543 -2.375 -0.0331 -0.0016 0.9995
-10.754 -3.305 -2.375 -0.9764 -0.2162 -0.0000
-10.915 -2.725 -2.375 -0.9764 -0.2162 -0.0000
-11.045 -2.137 -2.375 -0.9764 -0.2162 -0.0000
-11.144 -1.543 -2.375 -0.9764 -0.2162 -0.0000
-10.754 -3.305 -2.125 -0.9764 -0.2162 -0.0000
-10.915 -2.725 -2.125 -0.9764 -0.2162 -0.0000
-11.045 -2.137 -2.125 -0.9764 -0.2162 -0.0000
-11.144 -1.543 -2.125 -0.9764 -0.2162 -0.0000
-10.754 -3.305 -2.375 0.9764 0.2162 0.0000
-10.915 -2.725 -2.375 0.9764 0.2162 0.0000
-11.045 -2.137 -2.375 0.9764 0.2162 0.0000
-11.144 -1.543 -2.375 0.9764 0.2162 0.0000
-10.754 -3.305 -2.125 0.9764 0.2162 0.0000
-10.915 -2.725 -2.125 0.9764 0.2162 0.0000
-11.045 -2.137 -2.125 0.9764 0.2162 0.0000
-11.144 -1.543 -2.125 0.9764 0.2162 0.0000
-1.004 -0.308 -2.037 0.9764 0.2162 0.0000
-1.019 -0.254 -2.037 0.9764 0.2162 0.0000
-1.031 -0.199 -2.037 0.9764 0.2162 0.0000
-1.040 -0.144 -2.037 0.9764 0.2162 0.0000
-1.004 -0.308 -1.787 0.9764 0.2162 0.0000
-1.019 -0.254 -1.787 0.9764 0.2162 0.0000
-1.031 -0.199 -1.787 0.9764 0.2162 0.0000
-1.040 -0.144 -1.787 0.9764 0.2162 0.0000
-1.004 -0.308 -2.037 -0.9764 -0.2162 -0.0000
-1.019 -0.254 -2.037 -0.9764 -0.2162 -0.0000
-1.031 -0.199 -2.037 -0.9764 -0.2162 -0.0000
-1.040 -0.144 -2.037 -0.9764 -0.2162 -0.0000
-1.004 -0.308 -1.787 -0.9764 -0.2162 -0.0000
-1.019 -0.254 -1.787 -0.9764 -0.2162 -0.0000
-1.031 -0.199 -1.787 -0.9764 -0.2162 -0.0000
-1.040 -0.144 -1.787 -0.9764 -0.2162 -0.0000
-10.754 -3.305 -2.125 -0.9764 -0.2162 -0.0000
-10.915 -2.725 -2.125 -0.9764 -0.2162 -0.0000
-11.045 -2.137 -2.125 -0.9764 -0.2162 -0.0000
-11.144 -1.543 -2.125 -0.9764 -0.2162 -0.0000
-10.754 -3.305 -1.425 -0.9764 -0.2162 -0.0000
-10.915 -2.725 -1.425 -0.9764 -0.2162 -0.0000
-11.045 -2.137 -1.425 -0.9764 -0.2162 -0.0000
-11.144 -1.543 -1.425 -0.9764 -0.2162 -0.0000
-10.754 -3.305 -2.125 0.9764 0.2162 0.0000
-10.915 -2.725 -2.125 0.9764 0.2162 0.0000
-11.045 -2.137 -2.125 0.9764 0.2162 0.0000
-11.144 -1.543 -2.125 0.9764 0.2162 0.0000
-10.754 -3.305 -1.425 0.9764 0.2162 0.0000
-10.915 -2.725 -1.425 0.9764 0.2162 0.0000
-11.045 -2.137 -1.425 0.9764 0.2162 0.0000
-11.144 -1.543 -1.425 0.9764 0.2162 0.0000
-10.754 -3.305 -1.425 -0.0000 -0.0000 1.0000
-10.915 -2.725 -1.425 -0.0000 -0.0000 1.0000
-11.045 -2.137 -1.425 -0.0000 -0.0000 1.0000
-11.144 -1.543 -1.425 -0.0000 -0.0000 1.0000
-10.419 -3.202 -1.413 -0.0000 -0.0000 1.0000
-10.575 -2.640 -1.413 -0.0000 -0.0000 1.0000
-10.702 -2.071 -1.413 -0.0000 -0.0000 1.0000
-10.797 -1.495 -1.413 -0.0000 -0.0000 1.0000
-10.754 -3.305 -1.425 0.0000 0.0000 -1.0000
-10.915 -2.725 -1.425 0.0000 0.0000 -1.0000
-11.045 -2.137 -1.425 0.0000 0.0000 -1.0000
-11.144 -1.543 -1.425 0.0000 0.0000 -1.0000
-10.419 -3.202 -1.413 0.0000 0.0000 -1.0000
-10.575 -2.640 -1.413 0.0000 0.0000 -1.0000
-10.702 -2.071 -1.413 0.0000 0.0000 -1.0000
-10.797 -1.495 -1.413 0.0000 0.0000 -1.0000
-1.004 -0.308 -2.037 -0.2937 0.9559 0.0000
-10.754 -3.305 -2.375 -0.2937 0.9559 0.0000
-1.004 -0.308 -1.787 -0.2937 0.9559 0.0000
-10.754 -3.305 -2.125 -0.2937 0.9559 0.0000
-1.004 -0.308 -2.037 0.2937 -0.9559 -0.0000
-10.754 -3.305 -2.375 0.2937 -0.9559 -0.0000
-1.004 -0.308 -1.787 0.2937 -0.9559 -0.0000
-10.754 -3.305 -2.125 0.2937 -0.9559 -0.0000
0 1 5
0 5 4
8 13 9
8 12 13
1 2 6
1 6 5
9 14 10
9 13 14
2 3 7
2 7 6
10 15 11
10 14 15
16 21 17
16 20 21
24 25 29
24 29 28
17 22 18
17 21 22
25 26 30
25 30 29
18 23 19
18 22 23
26 27 31
26 31 30
32 37 33
32 36 37
40 41 45
40 45 44
33 38 34
33 37 38
41 42 46
41 46 45
34 39 35
34 38 39
42 43 47
42 47 46
48 49 53
48 53 52
56 61 57
56 60 61
49 50 54
49 54 53
57 62 58
57 61 62
50 51 55
50 55 54
58 63 59
58 62 63
64 69 65
64 68 69
72 73 77
72 77 76
65 70 66
65 69 70
73 74 78
73 78 77
66 71 67
66 70 71
74 75 79
74 79 78
80 85 81
80 84 85
88 89 93
88 93 92
81 86 82
81 85 86
89 90 94
89 94 93
82 87 83
82 86 87
90 91 95
90 95 94
96 97 99
96 99 98
100 103 101
100 102 103
LABEL sfoot0_slat_3_1
MATERIAL 7
TEXTURE 0
GEOM 96 72 ;sfoot0_slat_3_1
-1.041 -0.140 -1.787 -0.0331 -0.0016 0.9995
-1.047 -0.081 -1.787 -0.0331 -0.0016 0.9995
-1.050 -0.021 -1.787 -0.0331 -0.0016 0.9995
-1.049 0.039 -1.787 -0.0331 -0.0016 0.9995
-11.150 -1.499 -2.125 -0.0331 -0.0016 0.9995
-11.217 -0.863 -2.125 -0.0331 -0.0016 0.9995
-11.248 -0.224 -2.125 -0.0331 -0.0016 0.9995
-11.242 0.415 -2.125 -0.0331 -0.0016 0.9995
-1.041 -0.140 -1.787 0.0331 0.0016 -0.9995
-1.047 -0.081 -1.787 0.0331 0.0016 -0.9995
-1.050 -0.021 -1.787 0.0331 0.0016 -0.9995
-1.049 0.039 -1.787 0.0331 0.0016 -0.9995
-11.150 -1.499 -2.125 0.0331 0.0016 -0.9995
-11.217 -0.863 -2.125 0.0331 0.0016 -0.9995
-11.248 -0.224 -2.125 0.0331 0.0016 -0.9995
-11.242 0.415 -2.125 0.0331 0.0016 -0.9995
-1.041 -0.140 -2.037 0.0331 0.0016 -0.9995
-1.047 -0.081 -2.037 0.0331 0.0016 -0.9995
-1.050 -0.021 -2.037 0.0331 0.0016 -0.9995
-1.049 0.039 -2.037 0.0331 0.0016 -0.9995
-11.150 -1.499 -2.375 0.0331 0.0016 -0.9995
-11.217 -0.863 -2.375 0.0331 0.0016 -0.9995
-11.248 -0.224 -2.375 0.0331 0.0016 -0.9995
-11.242 0.415 -2.375 0.0331 0.0016 -0.9995
-1.041 -0.140 -2.037 -0.0331 -0.0016 0.9995
-1.047 -0.081 -2.037 -0.0331 -0.0016 0.9995
-1.050 -0.021 -2.037 -0.0331 -0.0016 0.9995
-1.049 0.039 -2.037 -0.0331 -0.0016 0.9995
-11.150 -1.499 -2.375 -0.0331 -0.0016 0.9995
-11.217 -0.863 -2.375 -0.0331 -0.0016 0.9995
-11.248 -0.224 -2.375 -0.0331 -0.0016 0.9995
-11.242 0.415 -2.375 -0.0331 -0.0016 0.9995
-11.150 -1.499 -2.375 -0.9988 -0.0483 -0.0000
-11.217 -0.863 -2.375 -0.9988 -0.0483 -0.0000
-11.248 -0.224 -2.375 -0.9988 -0.0483 -0.0000
-11.242 0.415 -2.375 -0.9988 -0.0483 -0.0000
-11.150 -1.499 -2.125 -0.9988 -0.0483 -0.0000
-11.217 -0.863 -2.125 -0.9988 -0.0483 -0.0000
-11.248 -0.224 -2.125 -0.9988 -0.0483 -0.0000
-11.242 0.415 -2.125 -0.9988 -0.0483 -0.0000
-11.150 -1.499 -2.375 0.9988 0.0483 0.0000
-11.217 -0.863 -2.375 0.9988 0.0483 0.0000
-11.248 -0.224 -2.375 0.9988 0.0483 0.0000
-11.242 0.415 -2.375 0.9988 0.0483 0.0000
-11.150 -1.499 -2.125 0.9988 0.0483 0.0000
-11.217 -0.863 -2.125 0.9988 0.0483 0.0000
-11.248 -0.224 -2.125 0.9988 0.0483 0.0000
-11.242 0.415 -2.125 0.9988 0.0483 0.0000
-1.041 -0.140 -2.037 0.9988 0.0483 0.0000
-1.047 -0.081 -2.037 0.9988 0.0483 0.0000
-1.050 -0.021 -2.037 0.9988 0.0483 0.0000
-1.049 0.039 -2.037 0.9988 0.0483 0.0000
-1.041 -0.140 -1.787 0.9988 0.0483 0.0000
-1.047 -0.081 -1.787 0.9988 0.0483 0.0000
-1.050 -0.021 -1.787 0.9988 0.0483 0.0000
-1.049 0.039 -1.787 0.9988 0.0483 0.0000
-1.041 -0.140 -2.037 -0.9988 -0.0483 -0.0000
-1.047 -0.081 -2.037 -0.9988 -0.0483 -0.0000
-1.050 -0.021 -2.037 -0.9988 -0.0483 -0.0000
-1.049 0.039 -2.037 -0.9988 -0.0483 -0.0000
-1.041 -0.140 -1.787 -0.9988 -0.0483 -0.0000
-1.047 -0.081 -1.787 -0.9988 -0.0483 -0.0000
-1.050 -0.021 -1.787 -0.9988 -0.0483 -0.0000
-1.049 0.039 -1.787 -0.9988 -0.0483 -0.0000
-11.150 -1.499 -2.125 -0.9988 -0.0483 -0.0000
-11.217 -0.863 -2.125 -0.9988 -0.0483 -0.0000
-11.248 -0.224 -2.125 -0.9988 -0.0483 -0.0000
-11.242 0.415 -2.125 -0.9988 -0.0483 -0.0000
-11.150 -1.499 -1.425 -0.9988 -0.0483 -0.0000
-11.217 -0.863 -1.425 -0.9988 -0.0483 -0.0000
-11.248 -0.224 -1.425 -0.9988 -0.0483 -0.0000
-11.242 0.415 -1.425 -0.9988 -0.0483 -0.0000
-11.150 -1.499 -2.125 0.9988 0.0483 0.0000
-11.217 -0.863 -2.125 0.9988 0.0483 0.0000
-11.248 -0.224 -2.125 0.9988 0.0483 0.0000
-11.242 0.415 -2.125 0.9988 0.0483 0.0000
-11.150 -1.499 -1.425 0.9988 0.0483 0.0000
-11.217 -0.863 -1.425 0.9988 0.0483 0.0000
-11.248 -0.224 -1.425 0.9988 0.0483 0.0000
-11.242 0.415 -1.425 0.9988 0.0483 0.0000
-11.150 -1.499 -1.425 -0.0000 -0.0000 1.0000
-11.217 -0.863 -1.425 -0.0000 -0.0000 1.0000
-11.248 -0.224 -1.425 -0.0000 -0.0000 1.0000
-11.242 0.415 -1.425 -0.0000 -0.0000 1.0000
-10.803 -1.452 -1.413 -0.0000 -0.0000 1.0000
-10.868 -0.836 -1.413 -0.0000 -0.0000 1.0000
-10.898 -0.217 -1.413 -0.0000 -0.0000 1.0000
-10.893 0.402 -1.413 -0.0000 -0.0000 1.0000
-11.150 -1.499 -1.425 0.0000 0.0000 -1.0000
-11.217 -0.863 -1.425 0.0000 0.0000 -1.0000
-11.248 -0.224 -1.425 0.0000 0.0000 -1.0000
-11.242 0.415 -1.425 0.0000 0.0000 -1.0000
-10.803 -1.452 -1.413 0.0000 0.0000 -1.0000
-10.868 -0.836 -1.413 0.0000 0.0000 -1.0000
-10.898 -0.217 -1.413 0.0000 0.0000 -1.0000
-10.893 0.402 -1.413 0.0000 0.0000 -1.0000
0 1 5
0 5 4
8 13 9
8 12 13
1 2 6
1 6 5
9 14 10
9 13 14
2 3 7
2 7 6
10 15 11
10 14 15
16 21 17
16 20 21
24 25 29
24 29 28
17 22 18
17 21 22
25 26 30
25 30 29
18 23 19
18 22 23
26 27 31
26 31 30
32 37 33
32 36 37
40 41 45
40 45 44
33 38 34
33 37 38
41 42 46
41 46 45
34 39 35
34 38 39
42 43 47
42 47 46
48 49 53
48 53 52
56 61 57
56 60 61
49 50 54
49 54 53
57 62 58
57 61 62
50 51 55
50 55 54
58 63 59
58 62 63
64 69 65
64 68 69
72 73 77
72 77 76
65 70 66
65 69 70
73 74 78
73 78 77
66 71 67
66 70 71
74 75 79
74 79 78
80 85 81
80 84 85
88 89 93
88 93 92
81 86 82
81 85 86
89 90 94
89 94 93
82 87 83
82 86 87
90 91 95
90 95 94
LABEL sfoot0_slat_3_2
MATERIAL 7
TEXTURE 0
GEOM 104 76 ;sfoot0_slat_3_2
-1.049 0.043 -1.787 -0.0331 -0.0016 0.9995
-1.045 0.099 -1.787 -0.0331 -0.0016 0.9995
-1.039 0.155 -1.787 -0.0331 -0.0016 0.9995
-1.029 0.210 -1.787 -0.0331 -0.0016 0.9995
-11.241 0.460 -2.125 -0.0331 -0.0016 0.9995
-11.200 1.061 -2.125 -0.0331 -0.0016 0.9995
-11.127 1.658 -2.125 -0.0331 -0.0016 0.9995
-11.022 2.251 -2.125 -0.0331 -0.0016 0.9995
-1.049 0.043 -1.787 0.0331 0.0016 -0.9995
-1.045 0.099 -1.787 0.0331 0.0016 -0.9995
-1.039 0.155 -1.787 0.0331 0.0016 -0.9995
-1.029 0.210 -1.787 0.0331 0.0016 -0.9995
-11.241 0.460 -2.125 0.0331 0.0016 -0.9995
-11.200 1.061 -2.125 0.0331 0.0016 -0.9995
-11.127 1.658 -2.125 0.0331 0.0016 -0.9995
-11.022 2.251 -2.125 0.0331 0.0016 -0.9995
-1.049 0.043 -2.037 0.0331 0.0016 -0.9995
-1.045 0.099 -2.037 0.0331 0.0016 -0.9995
-1.039 0.155 -2.037 0.0331 0.0016 -0.9995
-1.029 0.210 -2.037 0.0331 0.0016 -0.9995
-11.241 0.460 -2.375 0.0331 0.0016 -0.9995
-11.200 1.061 -2.375 0.0331 0.0016 -0.9995
-11.127 1.658 -2.375 0.0331 0.0016 -0.9995
-11.022 2.251 -2.375 0.0331 0.0016 -0.9995
-1.049 0.043 -2.037 -0.0331 -0.0016 0.9995
-1.045 0.099 -2.037 -0.0331 -0.0016 0.9995
-1.039 0.155 -2.037 -0.0331 -0.0016 0.9995
-1.029 0.210 -2.037 -0.0331 -0.0016 0.9995
-11.241 0.460 -2.375 -0.0331 -0.0016 0.9995
-11.200 1.061 -2.375 -0.0331 -0.0016 0.9995
-11.127 1.658 -2.375 -0.0331 -0.0016 0.9995
-11.022 2.251 -2.375 -0.0331 -0.0016 0.9995
-11.241 0.460 -2.375 -0.9927 0.1209 -0.0000
-11.200 1.061 -2.375 -0.9927 0.1209 -0.0000
-11.127 1.658 -2.375 -0.9927 0.1209 -0.0000
-11.022 2.251 -2.375 -0.9927 0.1209 -0.0000
-11.241 0.460 -2.125 -0.9927 0.1209 -0.0000
-11.200 1.061 -2.125 -0.9927 0.1209 -0.0000
-11.127 1.658 -2.125 -0.9927 0.1209 -0.0000
-11.022 2.251 -2.125 -0.9927 0.1209 -0.0000
-11.241 0.460 -2.375 0.9927 -0.1209 0.0000
-11.200 1.061 -2.375 0.9927 -0.1209 0.0000
-11.127 1.658 -2.375 0.9927 -0.1209 0.0000
-11.022 2.251 -2.375 0.9927 -0.1209 0.0000
-11.241 0.460 -2.125 0.9927 -0.1209 0.0000
-11.200 1.061 -2.125 0.9927 -0.1209 0.0000
-11.127 1.658 -2.125 0.9927 -0.1209 0.0000
-11.022 2.251 -2.125 0.9927 -0.1209 0.0000
-1.049 0.043 -2.037 0.9927 -0.1209 0.0000
-1.045 0.099 -2.037 0.9927 -0.1209 0.0000
-1.039 0.155 -2.037 0.9927 -0.1209 0.0000
-1.029 0.210 -2.037 0.9927 -0.1209 0.0000
-1.049 0.043 -1.787 0.9927 -0.1209 0.0000
-1.045 0.099 -1.787 0.9927 -0.1209 0.0000
-1.039 0.155 -1.787 0.9927 -0.1209 0.0000
-1.029 0.210 -1.787 0.9927 -0.1209 0.0000
-1.049 0.043 -2.037 -0.9927 0.1209 -0.0000
-1.045 0.099 -2.037 -0.9927 0.1209 -0.0000
-1.039 0.155 -2.037 -0.9927 0.1209 -0.0000
-1.029 0.210 -2.037 -0.9927 0.1209 -0.0000
-1.049 0.043 -1.787 -0.9927 0.1209 -0.0000
-1.045 0.099 -1.787 -0.9927 0.1209 -0.0000
-1.039 0.155 -1.787 -0.9927 0.1209 -0.0000
-1.029 0.210 -1.787 -0.9927 0.1209 -0.0000
-11.241 0.460 -2.125 -0.9927 0.1209 -0.0000
-11.200 1.061 -2.125 -0.9927 0.1209 -0.0000
-11.127 1.658 -2.125 -0.9927 0.1209 -0.0000
-11.022 2.251 -2.125 -0.9927 0.1209 -0.0000
-11.241 0.460 -1.425 -0.9927 0.1209 -0.0000
-11.200 1.061 -1.425 -0.9927 0.1209 -0.0000
-11.127 1.658 -1.425 -0.9927 0.1209 -0.0000
-11.022 2.251 -1.425 -0.9927 0.1209 -0.0000
-11.241 0.460 -2.125 0.9927 -0.1209 0.0000
-11.200 1.061 -2.125 0.9927 -0.1209 0.0000
-11.127 1.658 -2.125 0.9927 -0.1209 0.0000
-11.022 2.251 -2.125 0.9927 -0.1209 0.0000
-11.241 0.460 -1.425 0.9927 -0.1209 0.0000
-11.200 1.061 -1.425 0.9927 -0.1209 0.0000
-11.127 1.658 -1.425 0.9927 -0.1209 0.0000
-11.022 2.251 -1.425 0.9927 -0.1209 0.0000
-11.241 0.460 -1.425 -0.0000 -0.0000 1.0000
-11.200 1.061 -1.425 -0.0000 -0.0000 1.0000
-11.127 1.658 -1.425 -0.0000 -0.0000 1.0000
-11.022 2.251 -1.425 -0.0000 -0.0000 1.0000
-10.891 0.446 -1.413 -0.0000 -0.0000 1.0000
-10.851 1.028 -1.413 -0.0000 -0.0000 1.0000
-10.781 1.607 -1.413 -0.0000 -0.0000 1.0000
-10.680 2.181 -1.413 -0.0000 -0.0000 1.0000
-11.241 0.460 -1.425 0.0000 0.0000 -1.0000
-11.200 1.061 -1.425 0.0000 0.0000 -1.0000
-11.127 1.658 -1.425 0.0000 0.0000 -1.0000
-11.022 2.251 -1.425 0.0000 0.0000 -1.0000
-10.891 0.446 -1.413 0.0000 0.0000 -1.0000
-10.851 1.028 -1.413 0.0000 0.0000 -1.0000
-10.781 1.607 -1.413 0.0000 0.0000 -1.0000
-10.680 2.181 -1.413 0.0000 0.0000 -1.0000
-1.029 0.210 -2.037 0.2001 0.9798 0.0000
-11.022 2.251 -2.375 0.2001 0.9798 0.0000
-1.029 0.210 -1.787 0.2001 0.9798 0.0000
-11.022 2.251 -2.125 0.2001 0.9798 0.0000
-1.029 0.210 -2.037 -0.2001 -0.9798 -0.0000
-11.022 2.251 -2.375 -0.2001 -0.9798 -0.0000
-1.029 0.210 -1.787 -0.2001 -0.9798 -0.0000
-11.022 2.251 -2.125 -0.2001 -0.9798 -0.0000
0 1 5
0 5 4
8 13 9
8 12 13
1 2 6
1 6 5
9 14 10
9 13 14
2 3 7
2 7 6
10 15 11
10 14 15
16 21 17
16 20 21
24 25 29
24 29 28
17 22 18
17 21 22
25 26 30
25 30 29
18 23 19
18 22 23
26 27 31
26 31 30
32 37 33
32 36 37
40 41 45
40 45 44
33 38 34
33 37 38
41 42 46
41 46 45
34 39 35
34 38 39
42 43 47
42 47 46
48 49 53
48 53 52
56 61 57
56 60 61
49 50 54
49 54 53
57 62 58
57 61 62
50 51 55
50 55 54
58 63 59
58 62 63
64 69 65
64 68 69
72 73 77
72 77 76
65 70 66
65 69 70
73 74 78
73 78 77
66 71 67
66 70 71
74 75 79
74 79 78
80 85 81
80 84 85
88 89 93
88 93 92
81 86 82
81 85 86
89 90 94
89 94 93
82 87 83
82 86 87
90 91 95
90 95 94
96 97 99
96 99 98
100 103 101
100 102 103
LABEL sfoot0_strut_3
MATERIAL 9
TEXTURE 0
GEOM 50 48 ;sfoot0_strut_3
-0.888 -0.056 1.699 0.5223 0.0000 -0.8528
-0.914 -0.305 1.761 0.4699 -0.4996 -0.7277
-1.003 -0.488 1.921 0.2916 -0.8653 -0.4077
-1.131 -0.555 2.136 0.0351 -0.9992 0.0215
-1.264 -0.488 2.348 -0.2307 -0.8653 0.4450
-1.366 -0.305 2.500 -0.4348 -0.4996 0.7493
-1.410 -0.056 2.551 -0.5223 -0.0000 0.8528
-1.384 0.194 2.489 -0.4699 0.4996 0.7277
-1.294 0.377 2.329 -0.2916 0.8653 0.4077
-1.166 0.444 2.114 -0.0351 0.9992 -0.0215
-1.033 0.377 1.902 0.2307 0.8653 -0.4450
-0.931 0.194 1.750 0.4348 0.4996 -0.7493
-4.391 -0.225 -0.447 0.5223 0.0000 -0.8528
-4.417 -0.475 -0.385 0.4699 -0.4996 -0.7277
-4.506 -0.658 -0.225 0.2916 -0.8653 -0.4077
-4.635 -0.725 -0.010 0.0351 -0.9992 0.0215
-4.767 -0.658 0.202 -0.2307 -0.8653 0.4450
-4.869 -0.475 0.354 -0.4348 -0.4996 0.7493
-4.913 -0.225 0.406 -0.5223 -0.0000 0.8528
-4.887 0.025 0.343 -0.4699 0.4996 0.7277
-4.798 0.208 0.183 -0.2916 0.8653 0.4077
-4.670 0.275 -0.032 -0.0351 0.9992 -0.0215
-4.537 0.208 -0.243 0.2307 0.8653 -0.4450
-4.435 0.025 -0.395 0.4348 0.4996 -0.7493
-1.149 -0.056 2.125 0.8520 0.0412 0.5219
-0.888 -0.056 1.699 0.8520 0.0412 0.5219
-0.914 -0.305 1.761 0.8520 0.0412 0.5219
-1.003 -0.488 1.921 0.8520 0.0412 0.5219
-1.131 -0.555 2.136 0.8520 0.0412 0.5219
-1.264 -0.488 2.348 0.8520 0.0412 0.5219
-1.366 -0.305 2.500 0.8520 0.0412 0.5219
-1.410 -0.056 2.551 0.8520 0.0412 0.5219
-1.384 0.194 2.489 0.8520 0.0412 0.5219
-1.294 0.377 2.329 0.8520 0.0412 0.5219
-1.166 0.444 2.114 0.8520 0.0412 0.5219
-1.033 0.377 1.902 0.8520 0.0412 0.5219
-0.931 0.194 1.750 0.8520 0.0412 0.5219
-4.652 -0.225 -0.021 -0.8520 -0.0412 -0.5219
-4.391 -0.225 -0.447 -0.8520 -0.0412 -0.5219
-4.417 -0.475 -0.385 -0.8520 -0.0412 -0.5219
-4.506 -0.658 -0.225 -0.8520 -0.0412 -0.5219
-4.635 -0.725 -0.010 -0.8520 -0.0412 -0.5219
-4.767 -0.658 0.202 -0.8520 -0.0412 -0.5219
-4.869 -0.475 0.354 -0.8520 -0.0412 -0.5219
-4.913 -0.225 0.406 -0.8520 -0.0412 -0.5219
-4.887 0.025 0.343 -0.8520 -0.0412 -0.5219
-4.798 0.208 0.183 -0.8520 -0.0412 -0.5219
-4.670 0.275 -0.032 -0.8520 -0.0412 -0.5219
-4.537 0.208 -0.243 -0.8520 -0.0412 -0.5219
-4.435 0.025 -0.395 -0.8520 -0.0412 -0.5219
0 1 13
0 13 12
1 2 14
1 14 13
2 3 15
2 15 14
3 4 16
3 16 15
4 5 17
4 17 16
5 6 18
5 18 17
6 7 19
6 19 18
7 8 20
7 20 19
8 9 21
8 21 20
9 10 22
9 22 21
10 11 23
10 23 22
11 0 12
11 12 23
24 26 25
24 27 26
24 28 27
24 29 28
24 30 29
24 31 30
24 32 31
24 33 32
24 34 33
24 35 34
24 36 35
24 25 36
37 38 39
37 39 40
37 40 41
37 41 42
37 42 43
37 43 44
37 44 45
37 45 46
37 46 47
37 47 48
37 48 49
37 49 38
LABEL sfoot0_rod_3
MATERIAL 7
TEXTURE 0
GEOM 42 40 ;sfoot0_rod_3
-4.010 -0.200 0.079 0.5223 0.0000 -0.8528
-4.030 -0.347 0.123 0.4432 -0.5873 -0.6772
-4.092 -0.438 0.232 0.1948 -0.9502 -0.2430
-4.173 -0.438 0.363 -0.1280 -0.9502 0.2840
-4.241 -0.347 0.468 -0.4019 -0.5873 0.7025
-4.271 -0.200 0.505 -0.5223 -0.0000 0.8528
-4.252 -0.054 0.462 -0.4432 0.5873 0.6772
-4.190 0.037 0.353 -0.1948 0.9502 0.2430
-4.109 0.037 0.221 0.1280 0.9502 -0.2840
-4.040 -0.054 0.117 0.4019 0.5873 -0.7025
-7.388 -0.364 -1.990 0.5223 0.0000 -0.8528
-7.408 -0.511 -1.946 0.4432 -0.5873 -0.6772
-7.470 -0.601 -1.837 0.1948 -0.9502 -0.2430
-7.551 -0.601 -1.706 -0.1280 -0.9502 0.2840
-7.619 -0.511 -1.601 -0.4019 -0.5873 0.7025
-7.649 -0.364 -1.563 -0.5223 -0.0000 0.8528
-7.629 -0.217 -1.607 -0.4432 0.5873 0.6772
-7.567 -0.126 -1.716 -0.1948 0.9502 0.2430
-7.487 -0.126 -1.847 0.1280 0.9502 -0.2840
-7.418 -0.217 -1.952 0.4019 0.5873 -0.7025
-4.141 -0.200 0.292 0.8520 0.0412 0.5219
-4.010 -0.200 0.079 0.8520 0.0412 0.5219
-4.030 -0.347 0.123 0.8520 0.0412 0.5219
-4.092 -0.438 0.232 0.8520 0.0412 0.5219
-4.173 -0.438 0.363 0.8520 0.0412 0.5219
-4.241 -0.347 0.468 0.8520 0.0412 0.5219
-4.271 -0.200 0.505 0.8520 0.0412 0.5219
-4.252 -0.054 0.462 0.8520 0.0412 0.5219
-4.190 0.037 0.353 0.8520 0.0412 0.5219
-4.109 0.037 0.221 0.8520 0.0412 0.5219
-4.040 -0.054 0.117 0.8520 0.0412 0.5219
-7.519 -0.364 -1.776 -0.8520 -0.0412 -0.5219
-7.388 -0.364 -1.990 -0.8520 -0.0412 -0.5219
-7.408 -0.511 -1.946 -0.8520 -0.0412 -0.5219
-7.470 -0.601 -1.837 -0.8520 -0.0412 -0.5219
-7.551 -0.601 -1.706 -0.8520 -0.0412 -0.5219
-7.619 -0.511 -1.601 -0.8520 -0.0412 -0.5219
-7.649 -0.364 -1.563 -0.8520 -0.0412 -0.5219
-7.629 -0.217 -1.607 -0.8520 -0.0412 -0.5219
-7.567 -0.126 -1.716 -0.8520 -0.0412 -0.5219
-7.487 -0.126 -1.847 -0.8520 -0.0412 -0.5219
-7.418 -0.217 -1.952 -0.8520 -0.0412 -0.5219
0 1 11
0 11 10
1 2 12
1 12 11
2 3 13
2 13 12
3 4 14
3 14 13
4 5 15
4 15 14
5 6 16
5 16 15
6 7 17
6 17 16
7 8 18
7 18 17
8 9 19
8 19 18
9 0 10
9 10 19
20 22 21
20 23 22
20 24 23
20 25 24
20 26 25
20 27 26
20 28 27
20 29 28
20 30 29
20 21 30
31 32 33
31 33 34
31 34 35
31 35 36
31 36 37
31 37 38
31 38 39
31 39 40
31 40 41
31 41 32
LABEL sfoot0_skirt_3_0
MATERIAL 7
TEXTURE 0
GEOM 16 12 ;sfoot0_skirt_3_0
-10.754 -3.305 -3.275 -0.9764 -0.2162 -0.0000
-10.915 -2.725 -3.275 -0.9764 -0.2162 -0.0000
-11.045 -2.137 -3.275 -0.9764 -0.2162 -0.0000
-11.144 -1.543 -3.275 -0.9764 -0.2162 -0.0000
-10.754 -3.305 -2.375 -0.9764 -0.2162 -0.0000
-10.915 -2.725 -2.375 -0.9764 -0.2162 -0.0000
-11.045 -2.137 -2.375 -0.9764 -0.2162 -0.0000
-11.144 -1.543 -2.375 -0.9764 -0.2162 -0.0000
-10.754 -3.305 -3.275 0.9764 0.2162 0.0000
-10.915 -2.725 -3.275 0.9764 0.2162 0.0000
-11.045 -2.137 -3.275 0.9764 0.2162 0.0000
-11.144 -1.543 -3.275 0.9764 0.2162 0.0000
-10.754 -3.305 -2.375 0.9764 0.2162 0.0000
-10.915 -2.725 -2.375 0.9764 0.2162 0.0000
-11.045 -2.137 -2.375 0.9764 0.2162 0.0000
-11.144 -1.543 -2.375 0.9764 0.2162 0.0000
0 5 1
0 4 5
8 9 13
8 13 12
1 6 2
1 5 6
9 10 14
9 14 13
2 7 3
2 6 7
10 11 15
10 15 14
LABEL sfoot0_skirt_3_1
MATERIAL 7
TEXTURE 0
GEOM 16 12 ;sfoot0_skirt_3_1
-11.150 -1.499 -3.275 -0.9988 -0.0483 -0.0000
-11.217 -0.863 -3.275 -0.9988 -0.0483 -0.0000
-11.248 -0.224 -3.275 -0.9988 -0.0483 -0.0000
-11.242 0.415 -3.275 -0.9988 -0.0483 -0.0000
-11.150 -1.499 -2.375 -0.9988 -0.0483 -0.0000
-11.217 -0.863 -2.375 -0.9988 -0.0483 -0.0000
-11.248 -0.224 -2.375 -0.9988 -0.0483 -0.0000
-11.242 0.415 -2.375 -0.9988 -0.0483 -0.0000
-11.150 -1.499 -3.275 0.9988 0.0483 0.0000
-11.217 -0.863 -3.275 0.9988 0.0483 0.0000
-11.248 -0.224 -3.275 0.9988 0.0483 0.0000
-11.242 0.415 -3.275 0.9988 0.0483 0.0000
-11.150 -1.499 -2.375 0.9988 0.0483 0.0000
-11.217 -0.863 -2.375 0.9988 0.0483 0.0000
-11.248 -0.224 -2.375 0.9988 0.0483 0.0000
-11.242 0.415 -2.375 0.9988 0.0483 0.0000
0 5 1
0 4 5
8 9 13
8 13 12
1 6 2
1 5 6
9 10 14
9 14 13
2 7 3
2 6 7
10 11 15
10 15 14
LABEL sfoot0_skirt_3_2
MATERIAL 7
TEXTURE 0
GEOM 16 12 ;sfoot0_skirt_3_2
-11.241 0.460 -3.275 -0.9927 0.1209 -0.0000
-11.200 1.061 -3.275 -0.9927 0.1209 -0.0000
-11.127 1.658 -3.275 -0.9927 0.1209 -0.0000
-11.022 2.251 -3.275 -0.9927 0.1209 -0.0000
-11.241 0.460 -2.375 -0.9927 0.1209 -0.0000
-11.200 1.061 -2.375 -0.9927 0.1209 -0.0000
-11.127 1.658 -2.375 -0.9927 0.1209 -0.0000
-11.022 2.251 -2.375 -0.9927 0.1209 -0.0000
-11.241 0.460 -3.275 0.9927 -0.1209 0.0000
-11.200 1.061 -3.275 0.9927 -0.1209 0.0000
-11.127 1.658 -3.275 0.9927 -0.1209 0.0000
-11.022 2.251 -3.275 0.9927 -0.1209 0.0000
-11.241 0.460 -2.375 0.9927 -0.1209 0.0000
-11.200 1.061 -2.375 0.9927 -0.1209 0.0000
-11.127 1.658 -2.375 0.9927 -0.1209 0.0000
-11.022 2.251 -2.375 0.9927 -0.1209 0.0000
0 5 1
0 4 5
8 9 13
8 13 12
1 6 2
1 5 6
9 10 14
9 14 13
2 7 3
2 6 7
10 11 15
10 15 14
LABEL sfoot0_petal_4
MATERIAL 7
TEXTURE 0
GEOM 66 52 ;sfoot0_petal_4
-0.968 0.104 -1.782 0.8887 -0.4573 0.0332
-0.647 0.727 -1.782 0.8887 -0.4573 0.0332
-0.661 0.734 -1.332 0.8887 -0.4573 0.0332
-0.981 0.111 -1.332 0.8887 -0.4573 0.0332
-9.815 4.657 -2.112 -0.8887 0.4573 -0.0332
-9.495 5.280 -2.112 -0.8887 0.4573 -0.0332
-9.508 5.286 -1.662 -0.8887 0.4573 -0.0332
-9.828 4.664 -1.662 -0.8887 0.4573 -0.0332
-0.968 0.104 -1.782 -0.4576 -0.8892 -0.0000
-9.815 4.657 -2.112 -0.4576 -0.8892 -0.0000
-9.828 4.664 -1.662 -0.4576 -0.8892 -0.0000
-0.981 0.111 -1.332 -0.4576 -0.8892 -0.0000
-0.647 0.727 -1.782 0.4576 0.8892 0.0000
-9.495 5.280 -2.112 0.4576 0.8892 0.0000
-9.508 5.286 -1.662 0.4576 0.8892 0.0000
-0.661 0.734 -1.332 0.4576 0.8892 0.0000
-0.968 0.104 -1.782 0.0295 -0.0152 -0.9995
-9.815 4.657 -2.112 0.0295 -0.0152 -0.9995
-9.495 5.280 -2.112 0.0295 -0.0152 -0.9995
-0.647 0.727 -1.782 0.0295 -0.0152 -0.9995
-0.981 0.111 -1.332 -0.0295 0.0152 0.9995
-9.828 4.664 -1.662 -0.0295 0.0152 0.9995
-9.508 5.286 -1.662 -0.0295 0.0152 0.9995
-0.661 0.734 -1.332 -0.0295 0.0152 0.9995
-0.828 -0.080 -1.525 0.0000 0.0000 1.0000
-0.672 -0.161 -1.582 0.5226 -0.2690 0.8090
-0.575 -0.210 -1.732 0.8457 -0.4352 0.3090
-0.575 -0.210 -1.918 0.8457 -0.4352 -0.3090
-0.672 -0.161 -2.068 0.5226 -0.2690 -0.8090
-0.828 -0.080 -2.125 0.0000 -0.0000 -1.0000
-0.985 0.001 -2.068 -0.5226 0.2690 -0.8090
-1.082 0.051 -1.918 -0.8457 0.4352 -0.3090
-1.082 0.051 -1.732 -0.8457 0.4352 0.3090
-0.985 0.001 -1.582 -0.5226 0.2690 0.8090
-0.417 0.720 -1.525 0.0000 0.0000 1.0000
-0.260 0.640 -1.582 0.5226 -0.2690 0.8090
-0.163 0.590 -1.732 0.8457 -0.4352 0.3090
-0.163 0.590 -1.918 0.8457 -0.4352 -0.3090
-0.260 0.640 -2.068 0.5226 -0.2690 -0.8090
-0.417 0.720 -2.125 0.0000 -0.0000 -1.0000
-0.573 0.801 -2.068 -0.5226 0.2690 -0.8090
-0.670 0.851 -1.918 -0.8457 0.4352 -0.3090
-0.670 0.851 -1.732 -0.8457 0.4352 0.3090
-0.573 0.801 -1.582 -0.5226 0.2690 0.8090
-0.828 -0.080 -1.825 -0.4576 -0.8892 -0.0000
-0.828 -0.080 -1.525 -0.4576 -0.8892 -0.0000
-0.672 -0.161 -1.582 -0.4576 -0.8892 -0.0000
-0.575 -0.210 -1.732 -0.4576 -0.8892 -0.0000
-0.575 -0.210 -1.918 -0.4576 -0.8892 -0.0000
-0.672 -0.161 -2.068 -0.4576 -0.8892 -0.0000
-0.828 -0.080 -2.125 -0.4576 -0.8892 -0.0000
-0.985 0.001 -2.068 -0.4576 -0.8892 -0.0000
-1.082 0.051 -1.918 -0.4576 -0.8892 -0.0000
-1.082 0.051 -1.732 -0.4576 -0.8892 -0.0000
-0.985 0.001 -1.582 -0.4576 -0.8892 -0.0000
-0.417 0.720 -1.825 0.4576 0.8892 0.0000
-0.417 0.720 -1.525 0.4576 0.8892 0.0000
-0.260 0.640 -1.582 0.4576 0.8892 0.0000
-0.163 0.590 -1.732 0.4576 0.8892 0.0000
-0.163 0.590 -1.918 0.4576 0.8892 0.0000
-0.260 0.640 -2.068 0.4576 0.8892 0.0000
-0.417 0.720 -2.125 0.4576 0.8892 0.0000
-0.573 0.801 -2.068 0.4576 0.8892 0.0000
-0.670 0.851 -1.918 0.4576 0.8892 0.0000
-0.670 0.851 -1.732 0.4576 0.8892 0.0000
-0.573 0.801 -1.582 0.4576 0.8892 0.0000
0 1 2
0 2 3
4 6 5
4 7 6
8 10 9
8 11 10
12 13 14
12 14 15
16 17 18
16 18 19
20 22 21
20 23 22
24 25 35
24 35 34
25 26 36
25 36 35
26 27 37
26 37 36
27 28 38
27 38 37
28 29 39
28 39 38
29 30 40
29 40 39
30 31 41
30 41 40
31 32 42
31 42 41
32 33 43
32 43 42
33 24 34
33 34 43
44 46 45
44 47 46
44 48 47
44 49 48
44 50 49
44 51 50
44 52 51
44 53 52
44 54 53
44 45 54
55 56 57
55 57 58
55 58 59
55 59 60
55 60 61
55 61 62
55 62 63
55 63 64
55 64 65
55 65 56
LABEL sfoot0_slat_4_0
MATERIAL 7
TEXTURE 0
GEOM 104 76 ;sfoot0_slat_4_0
-1.023 0.235 -1.787 -0.0295 0.0152 0.9995
-1.009 0.289 -1.787 -0.0295 0.0152 0.9995
-0.992 0.343 -1.787 -0.0295 0.0152 0.9995
-0.973 0.395 -1.787 -0.0295 0.0152 0.9995
-10.965 2.515 -2.125 -0.0295 0.0152 0.9995
-10.815 3.098 -2.125 -0.0295 0.0152 0.9995
-10.634 3.672 -2.125 -0.0295 0.0152 0.9995
-10.422 4.235 -2.125 -0.0295 0.0152 0.9995
-1.023 0.235 -1.787 0.0295 -0.0152 -0.9995
-1.009 0.289 -1.787 0.0295 -0.0152 -0.9995
-0.992 0.343 -1.787 0.0295 -0.0152 -0.9995
-0.973 0.395 -1.787 0.0295 -0.0152 -0.9995
-10.965 2.515 -2.125 0.0295 -0.0152 -0.9995
-10.815 3.098 -2.125 0.0295 -0.0152 -0.9995
-10.634 3.672 -2.125 0.0295 -0.0152 -0.9995
-10.422 4.235 -2.125 0.0295 -0.0152 -0.9995
-1.023 0.235 -2.037 0.0295 -0.0152 -0.9995
-1.009 0.289 -2.037 0.0295 -0.0152 -0.9995
-0.992 0.343 -2.037 0.0295 -0.0152 -0.9995
-0.973 0.395 -2.037 0.0295 -0.0152 -0.9995
-10.965 2.515 -2.375 0.0295 -0.0152 -0.9995
-10.815 3.098 -2.375 0.0295 -0.0152 -0.9995
-10.634 3.672 -2.375 0.0295 -0.0152 -0.9995
-10.422 4.235 -2.375 0.0295 -0.0152 -0.9995
-1.023 0.235 -2.037 -0.0295 0.0152 0.9995
-1.009 0.289 -2.037 -0.0295 0.0152 0.9995
-0.992 0.343 -2.037 -0.0295 0.0152 0.9995
-0.973 0.395 -2.037 -0.0295 0.0152 0.9995
-10.965 2.515 -2.375 -0.0295 0.0152 0.9995
-10.815 3.098 -2.375 -0.0295 0.0152 0.9995
-10.634 3.672 -2.375 -0.0295 0.0152 0.9995
-10.422 4.235 -2.375 -0.0295 0.0152 0.9995
-10.965 2.515 -2.375 -0.9536 0.3010 -0.0000
-10.815 3.098 -2.375 -0.9536 0.3010 -0.0000
-10.634 3.672 -2.375 -0.9536 0.3010 -0.0000
-10.422 4.235 -2.375 -0.9536 0.3010 -0.0000
-10.965 2.515 -2.125 -0.9536 0.3010 -0.0000
-10.815 3.098 -2.125 -0.9536 0.3010 -0.0000
-10.634 3.672 -2.125 -0.9536 0.3010 -0.0000
-10.422 4.235 -2.125 -0.9536 0.3010 -0.0000
-10.965 2.515 -2.375 0.9536 -0.3010 0.0000
-10.815 3.098 -2.375 0.9536 -0.3010 0.0000
-10.634 3.672 -2.375 0.9536 -0.3010 0.0000
-10.422 4.235 -2.375 0.9536 -0.3010 0.0000
-10.965 2.515 -2.125 0.9536 -0.3010 0.0000
-10.815 3.098 -2.125 0.9536 -0.3010 0.0000
-10.634 3.672 -2.125 0.9536 -0.3010 0.0000
-10.422 4.235 -2.125 0.9536 -0.3010 0.0000
-1.023 0.235 -2.037 0.9536 -0.3010 0.0000
-1.009 0.289 -2.037 0.9536 -0.3010 0.0000
-0.992 0.343 -2.037 0.9536 -0.3010 0.0000
-0.973 0.395 -2.037 0.9536 -0.3010 0.0000
-1.023 0.235 -1.787 0.9536 -0.3010 0.0000
-1.009 0.289 -1.787 0.9536 -0.3010 0.0000
-0.992 0.343 -1.787 0.9536 -0.3010 0.0000
-0.973 0.395 -1.787 0.9536 -0.3010 0.0000
-1.023 0.235 -2.037 -0.9536 0.3010 -0.0000
-1.009 0.289 -2.037 -0.9536 0.3010 -0.0000
-0.992 0.343 -2.037 -0.9536 0.3010 -0.0000
-0.973 0.395 -2.037 -0.9536 0.3010 -0.0000
-1.023 0.235 -1.787 -0.9536 0.3010 -0.0000
-1.009 0.289 -1.787 -0.9536 0.3010 -0.0000
-0.992 0.343 -1.787 -0.9536 0.3010 -0.0000
-0.973 0.395 -1.787 -0.9536 0.3010 -0.0000
-10.965 2.515 -2.125 -0.9536 0.3010 -0.0000
-10.815 3.098 -2.125 -0.9536 0.3010 -0.0000
-10.634 3.672 -2.125 -0.9536 0.3010 -0.0000
-10.422 4.235 -2.125 -0.9536 0.3010 -0.0000
-10.965 2.515 -1.425 -0.9536 0.3010 -0.0000
-10.815 3.098 -1.425 -0.9536 0.3010 -0.0000
-10.634 3.672 -1.425 -0.9536 0.3010 -0.0000
-10.422 4.235 -1.425 -0.9536 0.3010 -0.0000
-10.965 2.515 -2.125 0.9536 -0.3010 0.0000
-10.815 3.098 -2.125 0.9536 -0.3010 0.0000
-10.634 3.672 -2.125 0.9536 -0.3010 0.0000
-10.422 4.235 -2.125 0.9536 -0.3010 0.0000
-10.965 2.515 -1.425 0.9536 -0.3010 0.0000
-10.815 3.098 -1.425 0.9536 -0.3010 0.0000
-10.634 3.672 -1.425 0.9536 -0.3010 0.0000
-10.422 4.235 -1.425 0.9536 -0.3010 0.0000
-10.965 2.515 -1.425 -0.0000 -0.0000 1.0000
-10.815 3.098 -1.425 -0.0000 -0.0000 1.0000
-10.634 3.672 -1.425 -0.0000 -0.0000 1.0000
-10.422 4.235 -1.425 -0.0000 -0.0000 1.0000
-10.624 2.437 -1.413 -0.0000 -0.0000 1.0000
-10.479 3.001 -1.413 -0.0000 -0.0000 1.0000
-10.303 3.558 -1.413 -0.0000 -0.0000 1.0000
-10.098 4.104 -1.413 -0.0000 -0.0000 1.0000
-10.965 2.515 -1.425 0.0000 0.0000 -1.0000
-10.815 3.098 -1.425 0.0000 0.0000 -1.0000
-10.634 3.672 -1.425 0.0000 0.0000 -1.0000
-10.422 4.235 -1.425 0.0000 0.0000 -1.0000
-10.624 2.437 -1.413 0.0000 0.0000 -1.0000
-10.479 3.001 -1.413 0.0000 0.0000 -1.0000
-10.303 3.558 -1.413 0.0000 0.0000 -1.0000
-10.098 4.104 -1.413 0.0000 0.0000 -1.0000
-1.023 0.235 -2.037 0.2236 0.9747 0.0000
-10.965 2.515 -2.375 0.2236 0.9747 0.0000
-1.023 0.235 -1.787 0.2236 0.9747 0.0000
-10.965 2.515 -2.125 0.2236 0.9747 0.0000
-1.023 0.235 -2.037 -0.2236 -0.9747 -0.0000
-10.965 2.515 -2.375 -0.2236 -0.9747 -0.0000
-1.023 0.235 -1.787 -0.2236 -0.9747 -0.0000
-10.965 2.515 -2.125 -0.2236 -0.9747 -0.0000
0 1 5
0 5 4
8 13 9
8 12 13
1 2 6
1 6 5
9 14 10
9 13 14
2 3 7
2 7 6
10 15 11
10 14 15
16 21 17
16 20 21
24 25 29
24 29 28
17 22 18
17 21 22
25 26 30
25 30 29
18 23 19
18 22 23
26 27 31
26 31 30
32 37 33
32 36 37
40 41 45
40 45 44
33 38 34
33 37 38
41 42 46
41 46 45
34 39 35
34 38 39
42 43 47
42 47 46
48 49 53
48 53 52
56 61 57
56 60 61
49 50 54
49 54 53
57 62 58
57 61 62
50 51 55
50 55 54
58 63 59
58 62 63
64 69 65
64 68 69
72 73 77
72 77 76
65 70 66
65 69 70
73 74 78
73 78 77
66 71 67
66 70 71
74 75 79
74 79 78
80 85 81
80 84 85
88 89 93
88 93 92
81 86 82
81 85 86
89 90 94
89 94 93
82 87 83
82 86 87
90 91 95
90 95 94
96 97 99
96 99 98
100 103 101
100 102 103
LABEL sfoot0_slat_4_1
MATERIAL 7
TEXTURE 0
GEOM 96 72 ;sfoot0_slat_4_1
-0.971 0.399 -1.787 -0.0295 0.0152 0.9995
-0.947 0.454 -1.787 -0.0295 0.0152 0.9995
-0.920 0.507 -1.787 -0.0295 0.0152 0.9995
-0.889 0.558 -1.787 -0.0295 0.0152 0.9995
-10.405 4.277 -2.125 -0.0295 0.0152 0.9995
-10.145 4.861 -2.125 -0.0295 0.0152 0.9995
-9.853 5.430 -2.125 -0.0295 0.0152 0.9995
-9.528 5.981 -2.125 -0.0295 0.0152 0.9995
-0.971 0.399 -1.787 0.0295 -0.0152 -0.9995
-0.947 0.454 -1.787 0.0295 -0.0152 -0.9995
-0.920 0.507 -1.787 0.0295 -0.0152 -0.9995
-0.889 0.558 -1.787 0.0295 -0.0152 -0.9995
-10.405 4.277 -2.125 0.0295 -0.0152 -0.9995
-10.145 4.861 -2.125 0.0295 -0.0152 -0.9995
-9.853 5.430 -2.125 0.0295 -0.0152 -0.9995
-9.528 5.981 -2.125 0.0295 -0.0152 -0.9995
-0.971 0.399 -2.037 0.0295 -0.0152 -0.9995
-0.947 0.454 -2.037 0.0295 -0.0152 -0.9995
-0.920 0.507 -2.037 0.0295 -0.0152 -0.9995
-0.889 0.558 -2.037 0.0295 -0.0152 -0.9995
-10.405 4.277 -2.375 0.0295 -0.0152 -0.9995
-10.145 4.861 -2.375 0.0295 -0.0152 -0.9995
-9.853 5.430 -2.375 0.0295 -0.0152 -0.9995
-9.528 5.981 -2.375 0.0295 -0.0152 -0.9995
-0.971 0.399 -2.037 -0.0295 0.0152 0.9995
-0.947 0.454 -2.037 -0.0295 0.0152 0.9995
-0.920 0.507 -2.037 -0.0295 0.0152 0.9995
-0.889 0.558 -2.037 -0.0295 0.0152 0.9995
-10.405 4.277 -2.375 -0.0295 0.0152 0.9995
-10.145 4.861 -2.375 -0.0295 0.0152 0.9995
-9.853 5.430 -2.375 -0.0295 0.0152 0.9995
-9.528 5.981 -2.375 -0.0295 0.0152 0.9995
-10.405 4.277 -2.375 -0.8892 0.4576 -0.0000
-10.145 4.861 -2.375 -0.8892 0.4576 -0.0000
-9.853 5.430 -2.375 -0.8892 0.4576 -0.0000
-9.528 5.981 -2.375 -0.8892 0.4576 -0.0000
-10.405 4.277 -2.125 -0.8892 0.4576 -0.0000
-10.145 4.861 -2.125 -0.8892 0.4576 -0.0000
-9.853 5.430 -2.125 -0.8892 0.4576 -0.0000
-9.528 5.981 -2.125 -0.8892 0.4576 -0.0000
-10.405 4.277 -2.375 0.8892 -0.4576 0.0000
-10.145 4.861 -2.375 0.8892 -0.4576 0.0000
-9.853 5.430 -2.375 0.8892 -0.4576 0.0000
-9.528 5.981 -2.375 0.8892 -0.4576 0.0000
-10.405 4.277 -2.125 0.8892 -0.4576 0.0000
-10.145 4.861 -2.125 0.8892 -0.4576 0.0000
-9.853 5.430 -2.125 0.8892 -0.4576 0.0000
-9.528 5.981 -2.125 0.8892 -0.4576 0.0000
-0.971 0.399 -2.037 0.8892 -0.4576 0.0000
-0.947 0.454 -2.037 0.8892 -0.4576 0.0000
-0.920 0.507 -2.037 0.8892 -0.4576 0.0000
-0.889 0.558 -2.037 0.8892 -0.4576 0.0000
-0.971 0.399 -1.787 0.8892 -0.4576 0.0000
-0.947 0.454 -1.787 0.8892 -0.4576 0.0000
-0.920 0.507 -1.787 0.8892 -0.4576 0.0000
-0.889 0.558 -1.787 0.8892 -0.4576 0.0000
-0.971 0.399 -2.037 -0.8892 0.4576 -0.0000
-0.947 0.454 -2.037 -0.8892 0.4576 -0.0000
-0.920 0.507 -2.037 -0.8892 0.4576 -0.0000
-0.889 0.558 -2.037 -0.8892 0.4576 -0.0000
-0.971 0.399 -1.787 -0.8892 0.4576 -0.0000
-0.947 0.454 -1.787 -0.8892 0.4576 -0.0000
-0.920 0.507 -1.787 -0.8892 0.4576 -0.0000
-0.889 0.558 -1.787 -0.8892 0.4576 -0.0000
-10.405 4.277 -2.125 -0.8892 0.4576 -0.0000
-10.145 4.861 -2.125 -0.8892 0.4576 -0.0000
-9.853 5.430 -2.125 -0.8892 0.4576 -0.0000
-9.528 5.981 -2.125 -0.8892 0.4576 -0.0000
-10.405 4.277 -1.425 -0.8892 0.4576 -0.0000
-10.145 4.861 -1.425 -0.8892 0.4576 -0.0000
-9.853 5.430 -1.425 -0.8892 0.4576 -0.0000
-9.528 5.981 -1.425 -0.8892 0.4576 -0.0000
-10.405 4.277 -2.125 0.8892 -0.4576 0.0000
-10.145 4.861 -2.125 0.8892 -0.4576 0.0000
-9.853 5.430 -2.125 0.8892 -0.4576 0.0000
-9.528 5.981 -2.125 0.8892 -0.4576 0.0000
-10.405 4.277 -1.425 0.8892 -0.4576 0.0000
-10.145 4.861 -1.425 0.8892 -0.4576 0.0000
-9.853 5.430 -1.425 0.8892 -0.4576 0.0000
-9.528 5.981 -1.425 0.8892 -0.4576 0.0000
-10.405 4.277 -1.425 -0.0000 -0.0000 1.0000
-10.145 4.861 -1.425 -0.0000 -0.0000 1.0000
-9.853 5.430 -1.425 -0.0000 -0.0000 1.0000
-9.528 5.981 -1.425 -0.0000 -0.0000 1.0000
-10.082 4.144 -1.413 -0.0000 -0.0000 1.0000
-9.830 4.710 -1.413 -0.0000 -0.0000 1.0000
-9.546 5.261 -1.413 -0.0000 -0.0000 1.0000
-9.232 5.795 -1.413 -0.0000 -0.0000 1.0000
-10.405 4.277 -1.425 0.0000 0.0000 -1.0000
-10.145 4.861 -1.425 0.0000 0.0000 -1.0000
-9.853 5.430 -1.425 0.0000 0.0000 -1.0000
-9.528 5.981 -1.425 0.0000 0.0000 -1.0000
-10.082 4.144 -1.413 0.0000 0.0000 -1.0000
-9.830 4.710 -1.413 0.0000 0.0000 -1.0000
-9.546 5.261 -1.413 0.0000 0.0000 -1.0000
-9.232 5.795 -1.413 0.0000 0.0000 -1.0000
0 1 5
0 5 4
8 13 9
8 12 13
1 2 6
1 6 5
9 14 10
9 13 14
2 3 7
2 7 6
10 15 11
10 14 15
16 21 17
16 20 21
24 25 29
24 29 28
17 22 18
17 21 22
25 26 30
25 30 29
18 23 19
18 22 23
26 27 31
26 31 30
32 37 33
32 36 37
40 41 45
40 45 44
33 38 34
33 37 38
41 42 46
41 46 45
34 39 35
34 38 39
42 43 47
42 47 46
48 49 53
48 53 52
56 61 57
56 60 61
49 50 54
49 54 53
57 62 58
57 61 62
50 51 55
50 55 54
58 63 59
58 62 63
64 69 65
64 68 69
72 73 77
72 77 76
65 70 66
65 69 70
73 74 78
73 78 77
66 71 67
66 70 71
74 75 79
74 79 78
80 85 81
80 84 85
88 89 93
88 93 92
81 86 82
81 85 86
89 90 94
89 94 93
82 87 83
82 86 87
90 91 95
90 95 94
LABEL sfoot0_slat_4_2
MATERIAL 7
TEXTURE 0
GEOM 104 76 ;sfoot0_slat_4_2
-0.887 0.562 -1.787 -0.0295 0.0152 0.9995
-0.856 0.608 -1.787 -0.0295 0.0152 0.9995
-0.822 0.653 -1.787 -0.0295 0.0152 0.9995
-0.786 0.696 -1.787 -0.0295 0.0152 0.9995
-9.504 6.019 -2.125 -0.0295 0.0152 0.9995
-9.169 6.519 -2.125 -0.0295 0.0152 0.9995
-8.807 7.000 -2.125 -0.0295 0.0152 0.9995
-8.420 7.461 -2.125 -0.0295 0.0152 0.9995
-0.887 0.562 -1.787 0.0295 -0.0152 -0.9995
-0.856 0.608 -1.787 0.0295 -0.0152 -0.9995
-0.822 0.653 -1.787 0.0295 -0.0152 -0.9995
-0.786 0.696 -1.787 0.0295 -0.0152 -0.9995
-9.504 6.019 -2.125 0.0295 -0.0152 -0.9995
-9.169 6.519 -2.125 0.0295 -0.0152 -0.9995
-8.807 7.000 -2.125 0.0295 -0.0152 -0.9995
-8.420 7.461 -2.125 0.0295 -0.0152 -0.9995
-0.887 0.562 -2.037 0.0295 -0.0152 -0.9995
-0.856 0.608 -2.037 0.0295 -0.0152 -0.9995
-0.822 0.653 -2.037 0.0295 -0.0152 -0.9995
-0.786 0.696 -2.037 0.0295 -0.0152 -0.9995
-9.504 6.019 -2.375 0.0295 -0.0152 -0.9995
-9.169 6.519 -2.375 0.0295 -0.0152 -0.9995
-8.807 7.000 -2.375 0.0295 -0.0152 -0.9995
-8.420 7.461 -2.375 0.0295 -0.0152 -0.9995
-0.887 0.562 -2.037 -0.0295 0.0152 0.9995
-0.856 0.608 -2.037 -0.0295 0.0152 0.9995
-0.822 0.653 -2.037 -0.0295 0.0152 0.9995
-0.786 0.696 -2.037 -0.0295 0.0152 0.9995
-9.504 6.019 -2.375 -0.0295 0.0152 0.9995
-9.169 6.519 -2.375 -0.0295 0.0152 0.9995
-8.807 7.000 -2.375 -0.0295 0.0152 0.9995
-8.420 7.461 -2.375 -0.0295 0.0152 0.9995
-9.504 6.019 -2.375 -0.7992 0.6010 -0.0000
-9.169 6.519 -2.375 -0.7992 0.6010 -0.0000
-8.807 7.000 -2.375 -0.7992 0.6010 -0.0000
-8.420 7.461 -2.375 -0.7992 0.6010 -0.0000
-9.504 6.019 -2.125 -0.7992 0.6010 -0.0000
-9.169 6.519 -2.125 -0.7992 0.6010 -0.0000
-8.807 7.000 -2.125 -0.7992 0.6010 -0.0000
-8.420 7.461 -2.125 -0.7992 0.6010 -0.0000
-9.504 6.019 -2.375 0.7992 -0.6010 0.0000
-9.169 6.519 -2.375 0.7992 -0.6010 0.0000
-8.807 7.000 -2.375 0.7992 -0.6010 0.0000
-8.420 7.461 -2.375 0.7992 -0.6010 0.0000
-9.504 6.019 -2.125 0.7992 -0.6010 0.0000
-9.169 6.519 -2.125 0.7992 -0.6010 0.0000
-8.807 7.000 -2.125 0.7992 -0.6010 0.0000
-8.420 7.461 -2.125 0.7992 -0.6010 0.0000
-0.887 0.562 -2.037 0.7992 -0.6010 0.0000
-0.856 0.608 -2.037 0.7992 -0.6010 0.0000
-0.822 0.653 -2.037 0.7992 -0.6010 0.0000
-0.786 0.696 -2.037 0.7992 -0.6010 0.0000
-0.887 0.562 -1.787 0.7992 -0.6010 0.0000
-0.856 0.608 -1.787 0.7992 -0.6010 0.0000
-0.822 0.653 -1.787 0.7992 -0.6010 0.0000
-0.786 0.696 -1.787 0.7992 -0.6010 0.0000
-0.887 0.562 -2.037 -0.7992 0.6010 -0.0000
-0.856 0.608 -2.037 -0.7992 0.6010 -0.0000
-0.822 0.653 -2.037 -0.7992 0.6010 -0.0000
-0.786 0.696 -2.037 -0.7992 0.6010 -0.0000
-0.887 0.562 -1.787 -0.7992 0.6010 -0.0000
-0.856 0.608 -1.787 -0.7992 0.6010 -0.0000
-0.822 0.653 -1.787 -0.7992 0.6010 -0.0000
-0.786 0.696 -1.787 -0.7992 0.6010 -0.0000
-9.504 6.019 -2.125 -0.7992 0.6010 -0.0000
-9.169 6.519 -2.125 -0.7992 0.6010 -0.0000
-8.807 7.000 -2.125 -0.7992 0.6010 -0.0000
-8.420 7.461 -2.125 -0.7992 0.6010 -0.0000
-9.504 6.019 -1.425 -0.7992 0.6010 -0.0000
-9.169 6.519 -1.425 -0.7992 0.6010 -0.0000
-8.807 7.000 -1.425 -0.7992 0.6010 -0.0000
-8.420 7.461 -1.425 -0.7992 0.6010 -0.0000
-9.504 6.019 -2.125 0.7992 -0.6010 0.0000
-9.169 6.519 -2.125 0.7992 -0.6010 0.0000
-8.807 7.000 -2.125 0.7992 -0.6010 0.0000
-8.420 7.461 -2.125 0.7992 -0.6010 0.0000
-9.504 6.019 -1.425 0.7992 -0.6010 0.0000
-9.169 6.519 -1.425 0.7992 -0.6010 0.0000
-8.807 7.000 -1.425 0.7992 -0.6010 0.0000
-8.420 7.461 -1.425 0.7992 -0.6010 0.0000
-9.504 6.019 -1.425 -0.0000 -0.0000 1.0000
-9.169 6.519 -1.425 -0.0000 -0.0000 1.0000
-8.807 7.000 -1.425 -0.0000 -0.0000 1.0000
-8.420 7.461 -1.425 -0.0000 -0.0000 1.0000
-9.209 5.832 -1.413 -0.0000 -0.0000 1.0000
-8.884 6.316 -1.413 -0.0000 -0.0000 1.0000
-8.533 6.782 -1.413 -0.0000 -0.0000 1.0000
-8.158 7.229 -1.413 -0.0000 -0.0000 1.0000
-9.504 6.019 -1.425 0.0000 0.0000 -1.0000
-9.169 6.519 -1.425 0.0000 0.0000 -1.0000
-8.807 7.000 -1.425 0.0000 0.0000 -1.0000
-8.420 7.461 -1.425 0.0000 0.0000 -1.0000
-9.209 5.832 -1.413 0.0000 0.0000 -1.0000
-8.884 6.316 -1.413 0.0000 0.0000 -1.0000
-8.533 6.782 -1.413 0.0000 0.0000 -1.0000
-8.158 7.229 -1.413 0.0000 0.0000 -1.0000
-0.786 0.696 -2.037 0.6632 0.7485 0.0000
-8.420 7.461 -2.375 0.6632 0.7485 0.0000
-0.786 0.696 -1.787 0.6632 0.7485 0.0000
-8.420 7.461 -2.125 0.6632 0.7485 0.0000
-0.786 0.696 -2.037 -0.6632 -0.7485 -0.0000
-8.420 7.461 -2.375 -0.6632 -0.7485 -0.0000
-0.786 0.696 -1.787 -0.6632 -0.7485 -0.0000
-8.420 7.461 -2.125 -0.6632 -0.7485 -0.0000
0 1 5
0 5 4
8 13 9
8 12 13
1 2 6
1 6 5
9 14 10
9 13 14
2 3 7
2 7 6
10 15 11
10 14 15
16 21 17
16 20 21
24 25 29
24 29 28
17 22 18
17 21 22
25 26 30
25 30 29
18 23 19
18 22 23
26 27 31
26 31 30
32 37 33
32 36 37
40 41 45
40 45 44
33 38 34
33 37 38
41 42 46
41 46 45
34 39 35
34 38 39
42 43 47
42 47 46
48 49 53
48 53 52
56 61 57
56 60 61
49 50 54
49 54 53
57 62 58
57 61 62
50 51 55
50 55 54
58 63 59
58 62 63
64 69 65
64 68 69
72 73 77
72 77 76
65 70 66
65 69 70
73 74 78
73 78 77
66 71 67
66 70 71
74 75 79
74 79 78
80 85 81
80 84 85
88 89 93
88 93 92
81 86 82
81 85 86
89 90 94
89 94 93
82 87 83
82 86 87
90 91 95
90 95 94
96 97 99
96 99 98
100 103 101
100 102 103
LABEL sfoot0_strut_4
MATERIAL 9
TEXTURE 0
GEOM 50 48 ;sfoot0_strut_4
-0.739 0.526 1.713 0.5668 0.0000 -0.8238
-0.857 0.296 1.713 0.3301 -0.4603 -0.8241
-1.020 0.128 1.823 0.0049 -0.7973 -0.6035
-1.183 0.066 2.014 -0.3216 -0.9207 -0.2212
-1.303 0.128 2.235 -0.5619 -0.7973 0.2203
-1.348 0.296 2.426 -0.6517 -0.4603 0.6028
-1.306 0.526 2.537 -0.5668 -0.0000 0.8238
-1.188 0.756 2.537 -0.3301 0.4603 0.8241
-1.025 0.925 2.427 -0.0049 0.7973 0.6035
-0.862 0.987 2.236 0.3216 0.9207 0.2212
-0.742 0.925 2.015 0.5619 0.7973 -0.2203
-0.697 0.756 1.824 0.6517 0.4603 -0.6028
-3.858 2.131 -0.433 0.5668 0.0000 -0.8238
-3.976 1.901 -0.433 0.3301 -0.4603 -0.8241
-4.139 1.732 -0.323 0.0049 -0.7973 -0.6035
-4.302 1.671 -0.131 -0.3216 -0.9207 -0.2212
-4.422 1.732 0.089 -0.5619 -0.7973 0.2203
-4.467 1.901 0.281 -0.6517 -0.4603 0.6028
-4.425 2.131 0.391 -0.5668 -0.0000 0.8238
-4.306 2.361 0.391 -0.3301 0.4603 0.8241
-4.144 2.530 0.281 -0.0049 0.7973 0.6035
-3.981 2.591 0.090 0.3216 0.9207 0.2212
-3.860 2.530 -0.131 0.5619 0.7973 -0.2203
-3.816 2.361 -0.322 0.6517 0.4603 -0.6028
-1.023 0.526 2.125 0.7585 -0.3903 0.5219
-0.739 0.526 1.713 0.7585 -0.3903 0.5219
-0.857 0.296 1.713 0.7585 -0.3903 0.5219
-1.020 0.128 1.823 0.7585 -0.3903 0.5219
-1.183 0.066 2.014 0.7585 -0.3903 0.5219
-1.303 0.128 2.235 0.7585 -0.3903 0.5219
-1.348 0.296 2.426 0.7585 -0.3903 0.5219
-1.306 0.526 2.537 0.7585 -0.3903 0.5219
-1.188 0.756 2.537 0.7585 -0.3903 0.5219
-1.025 0.925 2.427 0.7585 -0.3903 0.5219
-0.862 0.987 2.236 0.7585 -0.3903 0.5219
-0.742 0.925 2.015 0.7585 -0.3903 0.5219
-0.697 0.756 1.824 0.7585 -0.3903 0.5219
-4.141 2.131 -0.021 -0.7585 0.3903 -0.5219
-3.858 2.131 -0.433 -0.7585 0.3903 -0.5219
-3.976 1.901 -0.433 -0.7585 0.3903 -0.5219
-4.139 1.732 -0.323 -0.7585 0.3903 -0.5219
-4.302 1.671 -0.131 -0.7585 0.3903 -0.5219
-4.422 1.732 0.089 -0.7585 0.3903 -0.5219
-4.467 1.901 0.281 -0.7585 0.3903 -0.5219
-4.425 2.131 0.391 -0.7585 0.3903 -0.5219
-4.306 2.361 0.391 -0.7585 0.3903 -0.5219
-4.144 2.530 0.281 -0.7585 0.3903 -0.5219
-3.981 2.591 0.090 -0.7585 0.3903 -0.5219
-3.860 2.530 -0.131 -0.7585 0.3903 -0.5219
-3.816 2.361 -0.322 -0.7585 0.3903 -0.5219
0 1 13
0 13 12
1 2 14
1 14 13
2 3 15
2 15 14
3 4 16
3 16 15
4 5 17
4 17 16
5 6 18
5 18 17
6 7 19
6 19 18
7 8 20
7 20 19
8 9 21
8 21 20
9 10 22
9 22 21
10 11 23
10 23 22
11 0 12
11 12 23
24 26 25
24 27 26
24 28 27
24 29 28
24 30 29
24 31 30
24 32 31
24 33 32
24 34 33
24 35 34
24 36 35
24 25 36
37 38 39
37 39 40
37 40 41
37 41 42
37 42 43
37 43 44
37 44 45
37 45 46
37 46 47
37 47 48
37 48 49
37 49 38
LABEL sfoot0_rod_4
MATERIAL 7
TEXTURE 0
GEOM 42 40 ;sfoot0_rod_4
-3.545 1.897 0.086 0.5668 0.0000 -0.8238
-3.619 1.762 0.093 0.2696 -0.5412 -0.7965
-3.719 1.678 0.176 -0.1307 -0.8756 -0.4650
-3.807 1.678 0.303 -0.4810 -0.8756 0.0442
-3.848 1.762 0.426 -0.6476 -0.5412 0.5365
-3.828 1.897 0.498 -0.5668 -0.0000 0.8238
-3.754 2.032 0.491 -0.2696 0.5412 0.7965
-3.654 2.116 0.409 0.1307 0.8756 0.4650
-3.566 2.116 0.281 0.4810 0.8756 -0.0442
-3.524 2.032 0.158 0.6476 0.5412 -0.5365
-6.551 3.444 -1.982 0.5668 0.0000 -0.8238
-6.626 3.309 -1.976 0.2696 -0.5412 -0.7965
-6.726 3.225 -1.893 -0.1307 -0.8756 -0.4650
-6.813 3.225 -1.765 -0.4810 -0.8756 0.0442
-6.855 3.309 -1.642 -0.6476 -0.5412 0.5365
-6.835 3.444 -1.571 -0.5668 -0.0000 0.8238
-6.761 3.580 -1.577 -0.2696 0.5412 0.7965
-6.660 3.663 -1.660 0.1307 0.8756 0.4650
-6.573 3.663 -1.788 0.4810 0.8756 -0.0442
-6.531 3.580 -1.911 0.6476 0.5412 -0.5365
-3.686 1.897 0.292 0.7585 -0.3903 0.5219
-3.545 1.897 0.086 0.7585 -0.3903 0.5219
-3.619 1.762 0.093 0.7585 -0.3903 0.5219
-3.719 1.678 0.176 0.7585 -0.3903 0.5219
-3.807 1.678 0.303 0.7585 -0.3903 0.5219
-3.848 1.762 0.426 0.7585 -0.3903 0.5219
-3.828 1.897 0.498 0.7585 -0.3903 0.5219
-3.754 2.032 0.491 0.7585 -0.3903 0.5219
-3.654 2.116 0.409 0.7585 -0.3903 0.5219
-3.566 2.116 0.281 0.7585 -0.3903 0.5219
-3.524 2.032 0.158 0.7585 -0.3903 0.5219
-6.693 3.444 -1.776 -0.7585 0.3903 -0.5219
-6.551 3.444 -1.982 -0.7585 0.3903 -0.5219
-6.626 3.309 -1.976 -0.7585 0.3903 -0.5219
-6.726 3.225 -1.893 -0.7585 0.3903 -0.5219
-6.813 3.225 -1.765 -0.7585 0.3903 -0.5219
-6.855 3.309 -1.642 -0.7585 0.3903 -0.5219
-6.835 3.444 -1.571 -0.7585 0.3903 -0.5219
-6.761 3.580 -1.577 -0.7585 0.3903 -0.5219
-6.660 3.663 -1.660 -0.7585 0.3903 -0.5219
-6.573 3.663 -1.788 -0.7585 0.3903 -0.5219
-6.531 3.580 -1.911 -0.7585 0.3903 -0.5219
0 1 11
0 11 10
1 2 12
1 12 11
2 3 13
2 13 12
3 4 14
3 14 13
4 5 15
4 15 14
5 6 16
5 16 15
6 7 17
6 17 16
7 8 18
7 18 17
8 9 19
8 19 18
9 0 10
9 10 19
20 22 21
20 23 22
20 24 23
20 25 24
20 26 25
20 27 26
20 28 27
20 29 28
20 30 29
20 21 30
31 32 33
31 33 34
31 34 35
31 35 36
31 36 37
31 37 38
31 38 39
31 39 40
31 40 41
31 41 32
LABEL sfoot0_skirt_4_0
MATERIAL 7
TEXTURE 0
GEOM 16 12 ;sfoot0_skirt_4_0
-10.965 2.515 -3.275 -0.9536 0.3010 -0.0000
-10.815 3.098 -3.275 -0.9536 0.3010 -0.0000
-10.634 3.672 -3.275 -0.9536 0.3010 -0.0000
-10.422 4.235 -3.275 -0.9536 0.3010 -0.0000
-10.965 2.515 -2.375 -0.9536 0.3010 -0.0000
-10.815 3.098 -2.375 -0.9536 0.3010 -0.0000
-10.634 3.672 -2.375 -0.9536 0.3010 -0.0000
-10.422 4.235 -2.375 -0.9536 0.3010 -0.0000
-10.965 2.515 -3.275 0.9536 -0.3010 0.0000
-10.815 3.098 -3.275 0.9536 -0.3010 0.0000
-10.634 3.672 -3.275 0.9536 -0.3010 0.0000
-10.422 4.235 -3.275 0.9536 -0.3010 0.0000
-10.965 2.515 -2.375 0.9536 -0.3010 0.0000
-10.815 3.098 -2.375 0.9536 -0.3010 0.0000
-10.634 3.672 -2.375 0.9536 -0.3010 0.0000
-10.422 4.235 -2.375 0.9536 -0.3010 0.0000
0 5 1
0 4 5
8 9 13
8 13 12
1 6 2
1 5 6
9 10 14
9 14 13
2 7 3
2 6 7
10 11 15
10 15 14
LABEL sfoot0_skirt_4_1
MATERIAL 7
TEXTURE 0
GEOM 16 12 ;sfoot0_skirt_4_1
-10.405 4.277 -3.275 -0.8892 0.4576 -0.0000
-10.145 4.861 -3.275 -0.8892 0.4576 -0.0000
-9.853 5.430 -3.275 -0.8892 0.4576 -0.0000
-9.528 5.981 -3.275 -0.8892 0.4576 -0.0000
-10.405 4.277 -2.375 -0.8892 0.4576 -0.0000
-10.145 4.861 -2.375 -0.8892 0.4576 -0.0000
-9.853 5.430 -2.375 -0.8892 0.4576 -0.0000
-9.528 5.981 -2.375 -0.8892 0.4576 -0.0000
-10.405 4.277 -3.275 0.8892 -0.4576 0.0000
-10.145 4.861 -3.275 0.8892 -0.4576 0.0000
-9.853 5.430 -3.275 0.8892 -0.4576 0.0000
-9.528 5.981 -3.275 0.8892 -0.4576 0.0000
-10.405 4.277 -2.375 0.8892 -0.4576 0.0000
-10.145 4.861 -2.375 0.8892 -0.4576 0.0000
-9.853 5.430 -2.375 0.8892 -0.4576 0.0000
-9.528 5.981 -2.375 0.8892 -0.4576 0.0000
0 5 1
0 4 5
8 9 13
8 13 12
1 6 2
1 5 6
9 10 14
9 14 13
2 7 3
2 6 7
10 11 15
10 15 14
LABEL sfoot0_skirt_4_2
MATERIAL 7
TEXTURE 0
GEOM 16 12 ;sfoot0_skirt_4_2
-9.504 6.019 -3.275 -0.7992 0.6010 -0.0000
-9.169 6.519 -3.275 -0.7992 0.6010 -0.0000
-8.807 7.000 -3.275 -0.7992 0.6010 -0.0000
-8.420 7.461 -3.275 -0.7992 0.6010 -0.0000
-9.504 6.019 -2.375 -0.7992 0.6010 -0.0000
-9.169 6.519 -2.375 -0.7992 0.6010 -0.0000
-8.807 7.000 -2.375 -0.7992 0.6010 -0.0000
-8.420 7.461 -2.375 -0.7992 0.6010 -0.0000
-9.504 6.019 -3.275 0.7992 -0.6010 0.0000
-9.169 6.519 -3.275 0.7992 -0.6010 0.0000
-8.807 7.000 -3.275 0.7992 -0.6010 0.0000
-8.420 7.461 -3.275 0.7992 -0.6010 0.0000
-9.504 6.019 -2.375 0.7992 -0.6010 0.0000
-9.169 6.519 -2.375 0.7992 -0.6010 0.0000
-8.807 7.000 -2.375 0.7992 -0.6010 0.0000
-8.420 7.461 -2.375 0.7992 -0.6010 0.0000
0 5 1
0 4 5
8 9 13
8 13 12
1 6 2
1 5 6
9 10 14
9 14 13
2 7 3
2 6 7
10 11 15
10 15 14
LABEL sfoot0_petal_5
MATERIAL 7
TEXTURE 0
GEOM 66 52 ;sfoot0_petal_5
-0.786 0.574 -1.782 0.5410 -0.8404 0.0332
-0.197 0.953 -1.782 0.5410 -0.8404 0.0332
-0.205 0.966 -1.332 0.5410 -0.8404 0.0332
-0.794 0.587 -1.332 0.5410 -0.8404 0.0332
-6.171 8.941 -2.112 -0.5410 0.8404 -0.0332
-5.583 9.320 -2.112 -0.5410 0.8404 -0.0332
-5.591 9.332 -1.662 -0.5410 0.8404 -0.0332
-6.180 8.953 -1.662 -0.5410 0.8404 -0.0332
-0.786 0.574 -1.782 -0.8409 -0.5413 -0.0000
-6.171 8.941 -2.112 -0.8409 -0.5413 -0.0000
-6.180 8.953 -1.662 -0.8409 -0.5413 -0.0000
-0.794 0.587 -1.332 -0.8409 -0.5413 -0.0000
-0.197 0.953 -1.782 0.8409 0.5413 0.0000
-5.583 9.320 -2.112 0.8409 0.5413 0.0000
-5.591 9.332 -1.662 0.8409 0.5413 0.0000
-0.205 0.966 -1.332 0.8409 0.5413 0.0000
-0.786 0.574 -1.782 0.0179 -0.0279 -0.9995
-6.171 8.941 -2.112 0.0179 -0.0279 -0.9995
-5.583 9.320 -2.112 0.0179 -0.0279 -0.9995
-0.197 0.953 -1.782 0.0179 -0.0279 -0.9995
-0.794 0.587 -1.332 -0.0179 0.0279 0.9995
-6.180 8.953 -1.662 -0.0179 0.0279 0.9995
-5.591 9.332 -1.662 -0.0179 0.0279 0.9995
-0.205 0.966 -1.332 -0.0179 0.0279 0.9995
-0.757 0.345 -1.525 0.0000 0.0000 1.0000
-0.662 0.197 -1.582 0.3181 -0.4942 0.8090
-0.603 0.105 -1.732 0.5148 -0.7997 0.3090
-0.603 0.105 -1.918 0.5148 -0.7997 -0.3090
-0.662 0.197 -2.068 0.3181 -0.4942 -0.8090
-0.757 0.345 -2.125 0.0000 -0.0000 -1.0000
-0.853 0.493 -2.068 -0.3181 0.4942 -0.8090
-0.912 0.585 -1.918 -0.5148 0.7997 -0.3090
-0.912 0.585 -1.732 -0.5148 0.7997 0.3090
-0.853 0.493 -1.582 -0.3181 0.4942 0.8090
-0.000 0.832 -1.525 0.0000 0.0000 1.0000
0.095 0.684 -1.582 0.3181 -0.4942 0.8090
0.154 0.592 -1.732 0.5148 -0.7997 0.3090
0.154 0.592 -1.918 0.5148 -0.7997 -0.3090
0.095 0.684 -2.068 0.3181 -0.4942 -0.8090
-0.000 0.832 -2.125 0.0000 -0.0000 -1.0000
-0.096 0.980 -2.068 -0.3181 0.4942 -0.8090
-0.155 1.072 -1.918 -0.5148 0.7997 -0.3090
-0.155 1.072 -1.732 -0.5148 0.7997 0.3090
-0.096 0.980 -1.582 -0.3181 0.4942 0.8090
-0.757 0.345 -1.825 -0.8409 -0.5413 -0.0000
-0.757 0.345 -1.525 -0.8409 -0.5413 -0.0000
-0.662 0.197 -1.582 -0.8409 -0.5413 -0.0000
-0.603 0.105 -1.732 -0.8409 -0.5413 -0.0000
-0.603 0.105 -1.918 -0.8409 -0.5413 -0.0000
-0.662 0.197 -2.068 -0.8409 -0.5413 -0.0000
-0.757 0.345 -2.125 -0.8409 -0.5413 -0.0000
-0.853 0.493 -2.068 -0.8409 -0.5413 -0.0000
-0.912 0.585 -1.918 -0.8409 -0.5413 -0.0000
-0.912 0.585 -1.732 -0.8409 -0.5413 -0.0000
-0.853 0.493 -1.582 -0.8409 -0.5413 -0.0000
-0.000 0.832 -1.825 0.8409 0.5413 0.0000
-0.000 0.832 -1.525 0.8409 0.5413 0.0000
0.095 0.684 -1.582 0.8409 0.5413 0.0000
0.154 0.592 -1.732 0.8409 0.5413 0.0000
0.154 0.592 -1.918 0.8409 0.5413 0.0000
0.095 0.684 -2.068 0.8409 0.5413 0.0000
-0.000 0.832 -2.125 0.8409 0.5413 0.0000
-0.096 0.980 -2.068 0.8409 0.5413 0.0000
-0.155 1.072 -1.918 0.8409 0.5413 0.0000
-0.155 1.072 -1.732 0.8409 0.5413 0.0000
-0.096 0.980 -1.582 0.8409 0.5413 0.0000
0 1 2
0 2 3
4 6 5
4 7 6
8 10 9
8 11 10
12 13 14
12 14 15
16 17 18
16 18 19
20 22 21
20 23 22
24 25 35
24 35 34
25 26 36
25 36 35
26 27 37
26 37 36
27 28 38
27 38 37
28 29 39
28 39 38
29 30 40
29 40 39
30 31 41
30 41 40
31 32 42
31 42 41
32 33 43
32 43 42
33 24 34
33 34 43
44 46 45
44 47 46
44 48 47
44 49 48
44 50 49
44 51 50
44 52 51
44 53 52
44 54 53
44 45 54
55 56 57
55 57 58
55 58 59
55 59 60
55 60 61
55 61 62
55 62 63
55 63 64
55 64 65
55 65 56
LABEL sfoot0_slat_5_0
MATERIAL 7
TEXTURE 0
GEOM 104 76 ;sfoot0_slat_5_0
-0.769 0.715 -1.787 -0.0179 0.0279 0.9995
-0.730 0.755 -1.787 -0.0179 0.0279 0.9995
-0.688 0.793 -1.787 -0.0179 0.0279 0.9995
-0.645 0.829 -1.787 -0.0179 0.0279 0.9995
-8.239 7.661 -2.125 -0.0179 0.0279 0.9995
-7.817 8.090 -2.125 -0.0179 0.0279 0.9995
-7.373 8.497 -2.125 -0.0179 0.0279 0.9995
-6.908 8.879 -2.125 -0.0179 0.0279 0.9995
-0.769 0.715 -1.787 0.0179 -0.0279 -0.9995
-0.730 0.755 -1.787 0.0179 -0.0279 -0.9995
-0.688 0.793 -1.787 0.0179 -0.0279 -0.9995
-0.645 0.829 -1.787 0.0179 -0.0279 -0.9995
-8.239 7.661 -2.125 0.0179 -0.0279 -0.9995
-7.817 8.090 -2.125 0.0179 -0.0279 -0.9995
-7.373 8.497 -2.125 0.0179 -0.0279 -0.9995
-6.908 8.879 -2.125 0.0179 -0.0279 -0.9995
-0.769 0.715 -2.037 0.0179 -0.0279 -0.9995
-0.730 0.755 -2.037 0.0179 -0.0279 -0.9995
-0.688 0.793 -2.037 0.0179 -0.0279 -0.9995
-0.645 0.829 -2.037 0.0179 -0.0279 -0.9995
-8.239 7.661 -2.375 0.0179 -0.0279 -0.9995
-7.817 8.090 -2.375 0.0179 -0.0279 -0.9995
-7.373 8.497 -2.375 0.0179 -0.0279 -0.9995
-6.908 8.879 -2.375 0.0179 -0.0279 -0.9995
-0.769 0.715 -2.037 -0.0179 0.0279 0.9995
-0.730 0.755 -2.037 -0.0179 0.0279 0.9995
-0.688 0.793 -2.037 -0.0179 0.0279 0.9995
-0.645 0.829 -2.037 -0.0179 0.0279 0.9995
-8.239 7.661 -2.375 -0.0179 0.0279 0.9995
-7.817 8.090 -2.375 -0.0179 0.0279 0.9995
-7.373 8.497 -2.375 -0.0179 0.0279 0.9995
-6.908 8.879 -2.375 -0.0179 0.0279 0.9995
-8.239 7.661 -2.375 -0.6754 0.7375 -0.0000
-7.817 8.090 -2.375 -0.6754 0.7375 -0.0000
-7.373 8.497 -2.375 -0.6754 0.7375 -0.0000
-6.908 8.879 -2.375 -0.6754 0.7375 -0.0000
-8.239 7.661 -2.125 -0.6754 0.7375 -0.0000
-7.817 8.090 -2.125 -0.6754 0.7375 -0.0000
-7.373 8.497 -2.125 -0.6754 0.7375 -0.0000
-6.908 8.879 -2.125 -0.6754 0.7375 -0.0000
-8.239 7.661 -2.375 0.6754 -0.7375 0.0000
-7.817 8.090 -2.375 0.6754 -0.7375 0.0000
-7.373 8.497 -2.375 0.6754 -0.7375 0.0000
-6.908 8.879 -2.375 0.6754 -0.7375 0.0000
-8.239 7.661 -2.125 0.6754 -0.7375 0.0000
-7.817 8.090 -2.125 0.6754 -0.7375 0.0000
-7.373 8.497 -2.125 0.6754 -0.7375 0.0000
-6.908 8.879 -2.125 0.6754 -0.7375 0.0000
-0.769 0.715 -2.037 0.6754 -0.7375 0.0000
-0.730 0.755 -2.037 0.6754 -0.7375 0.0000
-0.688 0.793 -2.037 0.6754 -0.7375 0.0000
-0.645 0.829 -2.037 0.6754 -0.7375 0.0000
-0.769 0.715 -1.787 0.6754 -0.7375 0.0000
-0.730 0.755 -1.787 0.6754 -0.7375 0.0000
-0.688 0.793 -1.787 0.6754 -0.7375 0.0000
-0.645 0.829 -1.787 0.6754 -0.7375 0.0000
-0.769 0.715 -2.037 -0.6754 0.7375 -0.0000
-0.730 0.755 -2.037 -0.6754 0.7375 -0.0000
-0.688 0.793 -2.037 -0.6754 0.7375 -0.0000
-0.645 0.829 -2.037 -0.6754 0.7375 -0.0000
-0.769 0.715 -1.787 -0.6754 0.7375 -0.0000
-0.730 0.755 -1.787 -0.6754 0.7375 -0.0000
-0.688 0.793 -1.787 -0.6754 0.7375 -0.0000
-0.645 0.829 -1.787 -0.6754 0.7375 -0.0000
-8.239 7.661 -2.125 -0.6754 0.7375 -0.0000
-7.817 8.090 -2.125 -0.6754 0.7375 -0.0000
-7.373 8.497 -2.125 -0.6754 0.7375 -0.0000
-6.908 8.879 -2.125 -0.6754 0.7375 -0.0000
-8.239 7.661 -1.425 -0.6754 0.7375 -0.0000
-7.817 8.090 -1.425 -0.6754 0.7375 -0.0000
-7.373 8.497 -1.425 -0.6754 0.7375 -0.0000
-6.908 8.879 -1.425 -0.6754 0.7375 -0.0000
-8.239 7.661 -2.125 0.6754 -0.7375 0.0000
-7.817 8.090 -2.125 0.6754 -0.7375 0.0000
-7.373 8.497 -2.125 0.6754 -0.7375 0.0000
-6.908 8.879 -2.125 0.6754 -0.7375 0.0000
-8.239 7.661 -1.425 0.6754 -0.7375 0.0000
-7.817 8.090 -1.425 0.6754 -0.7375 0.0000
-7.373 8.497 -1.425 0.6754 -0.7375 0.0000
-6.908 8.879 -1.425 0.6754 -0.7375 0.0000
-8.239 7.661 -1.425 -0.0000 -0.0000 1.0000
-7.817 8.090 -1.425 -0.0000 -0.0000 1.0000
-7.373 8.497 -1.425 -0.0000 -0.0000 1.0000
-6.908 8.879 -1.425 -0.0000 -0.0000 1.0000
-7.982 7.422 -1.413 -0.0000 -0.0000 1.0000
-7.574 7.839 -1.413 -0.0000 -0.0000 1.0000
-7.144 8.233 -1.413 -0.0000 -0.0000 1.0000
-6.693 8.603 -1.413 -0.0000 -0.0000 1.0000
-8.239 7.661 -1.425 0.0000 0.0000 -1.0000
-7.817 8.090 -1.425 0.0000 0.0000 -1.0000
-7.373 8.497 -1.425 0.0000 0.0000 -1.0000
-6.908 8.879 -1.425 0.0000 0.0000 -1.0000
-7.982 7.422 -1.413 0.0000 0.0000 -1.0000
-7.574 7.839 -1.413 0.0000 0.0000 -1.0000
-7.144 8.233 -1.413 0.0000 0.0000 -1.0000
-6.693 8.603 -1.413 0.0000 0.0000 -1.0000
-0.769 0.715 -2.037 0.6810 0.7323 0.0000
-8.239 7.661 -2.375 0.6810 0.7323 0.0000
-0.769 0.715 -1.787 0.6810 0.7323 0.0000
-8.239 7.661 -2.125 0.6810 0.7323 0.0000
-0.769 0.715 -2.037 -0.6810 -0.7323 -0.0000
-8.239 7.661 -2.375 -0.6810 -0.7323 -0.0000
-0.769 0.715 -1.787 -0.6810 -0.7323 -0.0000
-8.239 7.661 -2.125 -0.6810 -0.7323 -0.0000
0 1 5
0 5 4
8 13 9
8 12 13
1 2 6
1 6 5
9 14 10
9 13 14
2 3 7
2 7 6
10 15 11
10 14 15
16 21 17
16 20 21
24 25 29
24 29 28
17 22 18
17 21 22
25 26 30
25 30 29
18 23 19
18 22 23
26 27 31
26 31 30
32 37 33
32 36 37
40 41 45
40 45 44
33 38 34
33 37 38
41 42 46
41 46 45
34 39 35
34 38 39
42 43 47
42 47 46
48 49 53
48 53 52
56 61 57
56 60 61
49 50 54
49 54 53
57 62 58
57 61 62
50 51 55
50 55 54
58 63 59
58 62 63
64 69 65
64 68 69
72 73 77
72 77 76
65 70 66
65 69 70
73 74 78
73 78 77
66 71 67
66 70 71
74 75 79
74 79 78
80 85 81
80 84 85
88 89 93
88 93 92
81 86 82
81 85 86
89 90 94
89 94 93
82 87 83
82 86 87
90 91 95
90 95 94
96 97 99
96 99 98
100 103 101
100 102 103
LABEL sfoot0_slat_5_1
MATERIAL 7
TEXTURE 0
GEOM 96 72 ;sfoot0_slat_5_1
-0.641 0.831 -1.787 -0.0179 0.0279 0.9995
-0.593 0.866 -1.787 -0.0179 0.0279 0.9995
-0.543 0.899 -1.787 -0.0179 0.0279 0.9995
-0.491 0.928 -1.787 -0.0179 0.0279 0.9995
-6.873 8.907 -2.125 -0.0179 0.0279 0.9995
-6.356 9.283 -2.125 -0.0179 0.0279 0.9995
-5.818 9.629 -2.125 -0.0179 0.0279 0.9995
-5.261 9.944 -2.125 -0.0179 0.0279 0.9995
-0.641 0.831 -1.787 0.0179 -0.0279 -0.9995
-0.593 0.866 -1.787 0.0179 -0.0279 -0.9995
-0.543 0.899 -1.787 0.0179 -0.0279 -0.9995
-0.491 0.928 -1.787 0.0179 -0.0279 -0.9995
-6.873 8.907 -2.125 0.0179 -0.0279 -0.9995
-6.356 9.283 -2.125 0.0179 -0.0279 -0.9995
-5.818 9.629 -2.125 0.0179 -0.0279 -0.9995
-5.261 9.944 -2.125 0.0179 -0.0279 -0.9995
-0.641 0.831 -2.037 0.0179 -0.0279 -0.9995
-0.593 0.866 -2.037 0.0179 -0.0279 -0.9995
-0.543 0.899 -2.037 0.0179 -0.0279 -0.9995
-0.491 0.928 -2.037 0.0179 -0.0279 -0.9995
-6.873 8.907 -2.375 0.0179 -0.0279 -0.9995
-6.356 9.283 -2.375 0.0179 -0.0279 -0.9995
-5.818 9.629 -2.375 0.0179 -0.0279 -0.9995
-5.261 9.944 -2.375 0.0179 -0.0279 -0.9995
-0.641 0.831 -2.037 -0.0179 0.0279 0.9995
-0.593 0.866 -2.037 -0.0179 0.0279 0.9995
-0.543 0.899 -2.037 -0.0179 0.0279 0.9995
-0.491 0.928 -2.037 -0.0179 0.0279 0.9995
-6.873 8.907 -2.375 -0.0179 0.0279 0.9995
-6.356 9.283 -2.375 -0.0179 0.0279 0.9995
-5.818 9.629 -2.375 -0.0179 0.0279 0.9995
-5.261 9.944 -2.375 -0.0179 0.0279 0.9995
-6.873 8.907 -2.375 -0.5413 0.8409 -0.0000
-6.356 9.283 -2.375 -0.5413 0.8409 -0.0000
-5.818 9.629 -2.375 -0.5413 0.8409 -0.0000
-5.261 9.944 -2.375 -0.5413 0.8409 -0.0000
-6.873 8.907 -2.125 -0.5413 0.8409 -0.0000
-6.356 9.283 -2.125 -0.5413 0.8409 -0.0000
-5.818 9.629 -2.125 -0.5413 0.8409 -0.0000
-5.261 9.944 -2.125 -0.5413 0.8409 -0.0000
-6.873 8.907 -2.375 0.5413 -0.8409 0.0000
-6.356 9.283 -2.375 0.5413 -0.8409 0.0000
-5.818 9.629 -2.375 0.5413 -0.8409 0.0000
-5.261 9.944 -2.375 0.5413 -0.8409 0.0000
-6.873 8.907 -2.125 0.5413 -0.8409 0.0000
-6.356 9.283 -2.125 0.5413 -0.8409 0.0000
-5.818 9.629 -2.125 0.5413 -0.8409 0.0000
-5.261 9.944 -2.125 0.5413 -0.8409 0.0000
-0.641 0.831 -2.037 0.5413 -0.8409 0.0000
-0.593 0.866 -2.037 0.5413 -0.8409 0.0000
-0.543 0.899 -2.037 0.5413 -0.8409 0.0000
-0.491 0.928 -2.037 0.5413 -0.8409 0.0000
-0.641 0.831 -1.787 0.5413 -0.8409 0.0000
-0.593 0.866 -1.787 0.5413 -0.8409 0.0000
-0.543 0.899 -1.787 0.5413 -0.8409 0.0000
-0.491 0.928 -1.787 0.5413 -0.8409 0.0000
-0.641 0.831 -2.037 -0.5413 0.8409 -0.0000
-0.593 0.866 -2.037 -0.5413 0.8409 -0.0000
-0.543 0.899 -2.037 -0.5413 0.8409 -0.0000
-0.491 0.928 -2.037 -0.5413 0.8409 -0.0000
-0.641 0.831 -1.787 -0.5413 0.8409 -0.0000
-0.593 0.866 -1.787 -0.5413 0.8409 -0.0000
-0.543 0.899 -1.787 -0.5413 0.8409 -0.0000
-0.491 0.928 -1.787 -0.5413 0.8409 -0.0000
-6.873 8.907 -2.125 -0.5413 0.8409 -0.0000
-6.356 9.283 -2.125 -0.5413 0.8409 -0.0000
-5.818 9.629 -2.125 -0.5413 0.8409 -0.0000
-5.261 9.944 -2.125 -0.5413 0.8409 -0.0000
-6.873 8.907 -1.425 -0.5413 0.8409 -0.0000
-6.356 9.283 -1.425 -0.5413 0.8409 -0.0000
-5.818 9.629 -1.425 -0.5413 0.8409 -0.0000
-5.261 9.944 -1.425 -0.5413 0.8409 -0.0000
-6.873 8.907 -2.125 0.5413 -0.8409 0.0000
-6.356 9.283 -2.125 0.5413 -0.8409 0.0000
-5.818 9.629 -2.125 0.5413 -0.8409 0.0000
-5.261 9.944 -2.125 0.5413 -0.8409 0.0000
-6.873 8.907 -1.425 0.5413 -0.8409 0.0000
-6.356 9.283 -1.425 0.5413 -0.8409 0.0000
-5.818 9.629 -1.425 0.5413 -0.8409 0.0000
-5.261 9.944 -1.425 0.5413 -0.8409 0.0000
-6.873 8.907 -1.425 -0.0000 -0.0000 1.0000
-6.356 9.283 -1.425 -0.0000 -0.0000 1.0000
-5.818 9.629 -1.425 -0.0000 -0.0000 1.0000
-5.261 9.944 -1.425 -0.0000 -0.0000 1.0000
-6.659 8.630 -1.413 -0.0000 -0.0000 1.0000
-6.158 8.994 -1.413 -0.0000 -0.0000 1.0000
-5.637 9.329 -1.413 -0.0000 -0.0000 1.0000
-5.098 9.634 -1.413 -0.0000 -0.0000 1.0000
-6.873 8.907 -1.425 0.0000 0.0000 -1.0000
-6.356 9.283 -1.425 0.0000 0.0000 -1.0000
-5.818 9.629 -1.425 0.0000 0.0000 -1.0000
-5.261 9.944 -1.425 0.0000 0.0000 -1.0000
-6.659 8.630 -1.413 0.0000 0.0000 -1.0000
-6.158 8.994 -1.413 0.0000 0.0000 -1.0000
-5.637 9.329 -1.413 0.0000 0.0000 -1.0000
-5.098 9.634 -1.413 0.0000 0.0000 -1.0000
0 1 5
0 5 4
8 13 9
8 12 13
1 2 6
1 6 5
9 14 10
9 13 14
2 3 7
2 7 6
10 15 11
10 14 15
16 21 17
16 20 21
24 25 29
24 29 28
17 22 18
17 21 22
25 26 30
25 30 29
18 23 19
18 22 23
26 27 31
26 31 30
32 37 33
32 36 37
40 41 45
40 45 44
33 38 34
33 37 38
41 42 46
41 46 45
34 39 35
34 38 39
42 43 47
42 47 46
48 49 53
48 53 52
56 61 57
56 60 61
49 50 54
49 54 53
57 62 58
57 61 62
50 51 55
50 55 54
58 63 59
58 62 63
64 69 65
64 68 69
72 73 77
72 77 76
65 70 66
65 69 70
73 74 78
73 78 77
66 71 67
66 70 71
74 75 79
74 79 78
80 85 81
80 84 85
88 89 93
88 93 92
81 86 82
81 85 86
89 90 94
89 94 93
82 87 83
82 86 87
90 91 95
90 95 94
LABEL sfoot0_slat_5_2
MATERIAL 7
TEXTURE 0
GEOM 104 76 ;sfoot0_slat_5_2
-0.487 0.930 -1.787 -0.0179 0.0279 0.9995
-0.437 0.955 -1.787 -0.0179 0.0279 0.9995
-0.385 0.977 -1.787 -0.0179 0.0279 0.9995
-0.332 0.996 -1.787 -0.0179 0.0279 0.9995
-5.222 9.965 -2.125 -0.0179 0.0279 0.9995
-4.681 10.230 -2.125 -0.0179 0.0279 0.9995
-4.127 10.466 -2.125 -0.0179 0.0279 0.9995
-3.562 10.671 -2.125 -0.0179 0.0279 0.9995
-0.487 0.930 -1.787 0.0179 -0.0279 -0.9995
-0.437 0.955 -1.787 0.0179 -0.0279 -0.9995
-0.385 0.977 -1.787 0.0179 -0.0279 -0.9995
-0.332 0.996 -1.787 0.0179 -0.0279 -0.9995
-5.222 9.965 -2.125 0.0179 -0.0279 -0.9995
-4.681 10.230 -2.125 0.0179 -0.0279 -0.9995
-4.127 10.466 -2.125 0.0179 -0.0279 -0.9995
-3.562 10.671 -2.125 0.0179 -0.0279 -0.9995
-0.487 0.930 -2.037 0.0179 -0.0279 -0.9995
-0.437 0.955 -2.037 0.0179 -0.0279 -0.9995
-0.385 0.977 -2.037 0.0179 -0.0279 -0.9995
-0.332 0.996 -2.037 0.0179 -0.0279 -0.9995
-5.222 9.965 -2.375 0.0179 -0.0279 -0.9995
-4.681 10.230 -2.375 0.0179 -0.0279 -0.9995
-4.127 10.466 -2.375 0.0179 -0.0279 -0.9995
-3.562 10.671 -2.375 0.0179 -0.0279 -0.9995
-0.487 0.930 -2.037 -0.0179 0.0279 0.9995
-0.437 0.955 -2.037 -0.0179 0.0279 0.9995
-0.385 0.977 -2.037 -0.0179 0.0279 0.9995
-0.332 0.996 -2.037 -0.0179 0.0279 0.9995
-5.222 9.965 -2.375 -0.0179 0.0279 0.9995
-4.681 10.230 -2.375 -0.0179 0.0279 0.9995
-4.127 10.466 -2.375 -0.0179 0.0279 0.9995
-3.562 10.671 -2.375 -0.0179 0.0279 0.9995
-5.222 9.965 -2.375 -0.3916 0.9201 0.0000
-4.681 10.230 -2.375 -0.3916 0.9201 0.0000
-4.127 10.466 -2.375 -0.3916 0.9201 0.0000
-3.562 10.671 -2.375 -0.3916 0.9201 0.0000
-5.222 9.965 -2.125 -0.3916 0.9201 0.0000
-4.681 10.230 -2.125 -0.3916 0.9201 0.0000
-4.127 10.466 -2.125 -0.3916 0.9201 0.0000
-3.562 10.671 -2.125 -0.3916 0.9201 0.0000
-5.222 9.965 -2.375 0.3916 -0.9201 -0.0000
-4.681 10.230 -2.375 0.3916 -0.9201 -0.0000
-4.127 10.466 -2.375 0.3916 -0.9201 -0.0000
-3.562 10.671 -2.375 0.3916 -0.9201 -0.0000
-5.222 9.965 -2.125 0.3916 -0.9201 -0.0000
-4.681 10.230 -2.125 0.3916 -0.9201 -0.0000
-4.127 10.466 -2.125 0.3916 -0.9201 -0.0000
-3.562 10.671 -2.125 0.3916 -0.9201 -0.0000
-0.487 0.930 -2.037 0.3916 -0.9201 -0.0000
-0.437 0.955 -2.037 0.3916 -0.9201 -0.0000
-0.385 0.977 -2.037 0.3916 -0.9201 -0.0000
-0.332 0.996 -2.037 0.3916 -0.9201 -0.0000
-0.487 0.930 -1.787 0.3916 -0.9201 -0.0000
-0.437 0.955 -1.787 0.3916 -0.9201 -0.0000
-0.385 0.977 -1.787 0.3916 -0.9201 -0.0000
-0.332 0.996 -1.787 0.3916 -0.9201 -0.0000
-0.487 0.930 -2.037 -0.3916 0.9201 0.0000
-0.437 0.955 -2.037 -0.3916 0.9201 0.0000
-0.385 0.977 -2.037 -0.3916 0.9201 0.0000
-0.332 0.996 -2.037 -0.3916 0.9201 0.0000
-0.487 0.930 -1.787 -0.3916 0.9201 0.0000
-0.437 0.955 -1.787 -0.3916 0.9201 0.0000
-0.385 0.977 -1.787 -0.3916 0.9201 0.0000
-0.332 0.996 -1.787 -0.3916 0.9201 0.0000
-5.222 9.965 -2.125 -0.3916 0.9201 0.0000
-4.681 10.230 -2.125 -0.3916 0.9201 0.0000
-4.127 10.466 -2.125 -0.3916 0.9201 0.0000
-3.562 10.671 -2.125 -0.3916 0.9201 0.0000
-5.222 9.965 -1.425 -0.3916 0.9201 0.0000
-4.681 10.230 -1.425 -0.3916 0.9201 0.0000
-4.127 10.466 -1.425 -0.3916 0.9201 0.0000
-3.562 10.671 -1.425 -0.3916 0.9201 0.0000
-5.222 9.965 -2.125 0.3916 -0.9201 -0.0000
-4.681 10.230 -2.125 0.3916 -0.9201 -0.0000
-4.127 10.466 -2.125 0.3916 -0.9201 -0.0000
-3.562 10.671 -2.125 0.3916 -0.9201 -0.0000
-5.222 9.965 -1.425 0.3916 -0.9201 -0.0000
-4.681 10.230 -1.425 0.3916 -0.9201 -0.0000
-4.127 10.466 -1.425 0.3916 -0.9201 -0.0000
-3.562 10.671 -1.425 0.3916 -0.9201 -0.0000
-5.222 9.965 -1.425 -0.0000 -0.0000 1.0000
-4.681 10.230 -1.425 -0.0000 -0.0000 1.0000
-4.127 10.466 -1.425 -0.0000 -0.0000 1.0000
-3.562 10.671 -1.425 -0.0000 -0.0000 1.0000
-5.059 9.655 -1.413 -0.0000 -0.0000 1.0000
-4.536 9.912 -1.413 -0.0000 -0.0000 1.0000
-3.999 10.140 -1.413 -0.0000 -0.0000 1.0000
-3.451 10.339 -1.413 -0.0000 -0.0000 1.0000
-5.222 9.965 -1.425 0.0000 0.0000 -1.0000
-4.681 10.230 -1.425 0.0000 0.0000 -1.0000
-4.127 10.466 -1.425 0.0000 0.0000 -1.0000
-3.562 10.671 -1.425 0.0000 0.0000 -1.0000
-5.059 9.655 -1.413 0.0000 0.0000 -1.0000
-4.536 9.912 -1.413 0.0000 0.0000 -1.0000
-3.999 10.140 -1.413 0.0000 0.0000 -1.0000
-3.451 10.339 -1.413 0.0000 0.0000 -1.0000
-0.332 0.996 -2.037 0.9486 0.3166 0.0000
-3.562 10.671 -2.375 0.9486 0.3166 0.0000
-0.332 0.996 -1.787 0.9486 0.3166 0.0000
-3.562 10.671 -2.125 0.9486 0.3166 0.0000
-0.332 0.996 -2.037 -0.9486 -0.3166 -0.0000
-3.562 10.671 -2.375 -0.9486 -0.3166 -0.0000
-0.332 0.996 -1.787 -0.9486 -0.3166 -0.0000
-3.562 10.671 -2.125 -0.9486 -0.3166 -0.0000
0 1 5
0 5 4
8 13 9
8 12 13
1 2 6
1 6 5
9 14 10
9 13 14
2 3 7
2 7 6
10 15 11
10 14 15
16 21 17
16 20 21
24 25 29
24 29 28
17 22 18
17 21 22
25 26 30
25 30 29
18 23 19
18 22 23
26 27 31
26 31 30
32 37 33
32 36 37
40 41 45
40 45 44
33 38 34
33 37 38
41 42 46
41 46 45
34 39 35
34 38 39
42 43 47
42 47 46
48 49 53
48 53 52
56 61 57
56 60 61
49 50 54
49 54 53
57 62 58
57 61 62
50 51 55
50 55 54
58 63 59
58 62 63
64 69 65
64 68 69
72 73 77
72 77 76
65 70 66
65 69 70
73 74 78
73 78 77
66 71 67
66 70 71
74 75 79
74 79 78
80 85 81
80 84 85
88 89 93
88 93 92
81 86 82
81 85 86
89 90 94
89 94 93
82 87 83
82 86 87
90 91 95
90 95 94
96 97 99
96 99 98
100 103 101
100 102 103
LABEL sfoot0_strut_5
MATERIAL 9
TEXTURE 0
GEOM 50 48 ;sfoot0_strut_5
-0.248 0.967 1.794 0.7490 0.0000 -0.6626
-0.417 0.793 1.704 0.4110 -0.3484 -0.8425
-0.641 0.665 1.727 -0.0371 -0.6034 -0.7965
-0.860 0.619 1.856 -0.4753 -0.6968 -0.5372
-1.015 0.665 2.058 -0.7861 -0.6034 -0.1339
-1.066 0.793 2.278 -0.8863 -0.3484 0.3053
-0.997 0.967 2.456 -0.7490 -0.0000 0.6626
-0.828 1.141 2.546 -0.4110 0.3484 0.8425
-0.604 1.269 2.523 0.0371 0.6034 0.7965
-0.385 1.315 2.394 0.4753 0.6968 0.5372
-0.229 1.269 2.192 0.7861 0.6034 0.1339
-0.179 1.141 1.972 0.8863 0.3484 -0.3053
-2.146 3.916 -0.352 0.7490 0.0000 -0.6626
-2.315 3.742 -0.442 0.4110 -0.3484 -0.8425
-2.540 3.615 -0.419 -0.0371 -0.6034 -0.7965
-2.759 3.568 -0.289 -0.4753 -0.6968 -0.5372
-2.914 3.615 -0.088 -0.7861 -0.6034 -0.1339
-2.964 3.742 0.132 -0.8863 -0.3484 0.3053
-2.895 3.916 0.310 -0.7490 -0.0000 0.6626
-2.726 4.091 0.400 -0.4110 0.3484 0.8425
-2.502 4.218 0.377 0.0371 0.6034 0.7965
-2.283 4.265 0.248 0.4753 0.6968 0.5372
-2.128 4.218 0.046 0.7861 0.6034 0.1339
-2.078 4.091 -0.173 0.8863 0.3484 -0.3053
-0.622 0.967 2.125 0.4617 -0.7173 0.5219
-0.248 0.967 1.794 0.4617 -0.7173 0.5219
-0.417 0.793 1.704 0.4617 -0.7173 0.5219
-0.641 0.665 1.727 0.4617 -0.7173 0.5219
-0.860 0.619 1.856 0.4617 -0.7173 0.5219
-1.015 0.665 2.058 0.4617 -0.7173 0.5219
-1.066 0.793 2.278 0.4617 -0.7173 0.5219
-0.997 0.967 2.456 0.4617 -0.7173 0.5219
-0.828 1.141 2.546 0.4617 -0.7173 0.5219
-0.604 1.269 2.523 0.4617 -0.7173 0.5219
-0.385 1.315 2.394 0.4617 -0.7173 0.5219
-0.229 1.269 2.192 0.4617 -0.7173 0.5219
-0.179 1.141 1.972 0.4617 -0.7173 0.5219
-2.521 3.916 -0.021 -0.4617 0.7173 -0.5219
-2.146 3.916 -0.352 -0.4617 0.7173 -0.5219
-2.315 3.742 -0.442 -0.4617 0.7173 -0.5219
-2.540 3.615 -0.419 -0.4617 0.7173 -0.5219
-2.759 3.568 -0.289 -0.4617 0.7173 -0.5219
-2.914 3.615 -0.088 -0.4617 0.7173 -0.5219
-2.964 3.742 0.132 -0.4617 0.7173 -0.5219
-2.895 3.916 0.310 -0.4617 0.7173 -0.5219
-2.726 4.091 0.400 -0.4617 0.7173 -0.5219
-2.502 4.218 0.377 -0.4617 0.7173 -0.5219
-2.283 4.265 0.248 -0.4617 0.7173 -0.5219
-2.128 4.218 0.046 -0.4617 0.7173 -0.5219
-2.078 4.091 -0.173 -0.4617 0.7173 -0.5219
0 1 13
0 13 12
1 2 14
1 14 13
2 3 15
2 15 14
3 4 16
3 16 15
4 5 17
4 17 16
5 6 18
5 18 17
6 7 19
6 19 18
7 8 20
7 20 19
8 9 21
8 21 20
9 10 22
9 22 21
10 11 23
10 23 22
11 0 12
11 12 23
24 26 25
24 27 26
24 28 27
24 29 28
24 30 29
24 31 30
24 32 31
24 33 32
24 34 33
24 35 34
24 36 35
24 25 36
37 38 39
37 39 40
37 40 41
37 41 42
37 42 43
37 43 44
37 44 45
37 45 46
37 46 47
37 47 48
37 48 49
37 49 38
LABEL sfoot0_rod_5
MATERIAL 7
TEXTURE 0
GEOM 42 40 ;sfoot0_rod_5
-2.057 3.486 0.127 0.7490 0.0000 -0.6626
-2.162 3.384 0.079 0.3265 -0.4096 -0.8518
-2.299 3.320 0.113 -0.2206 -0.6627 -0.7157
-2.415 3.320 0.216 -0.6835 -0.6627 -0.3061
-2.465 3.384 0.347 -0.8853 -0.4096 0.2203
-2.431 3.486 0.458 -0.7490 -0.0000 0.6626
-2.326 3.588 0.505 -0.3265 0.4096 0.8518
-2.189 3.652 0.471 0.2206 0.6627 0.7157
-2.073 3.652 0.369 0.6835 0.6627 0.3061
-2.023 3.588 0.237 0.8853 0.4096 -0.2203
-3.887 6.329 -1.942 0.7490 0.0000 -0.6626
-3.993 6.227 -1.989 0.3265 -0.4096 -0.8518
-4.129 6.164 -1.955 -0.2206 -0.6627 -0.7157
-4.245 6.164 -1.853 -0.6835 -0.6627 -0.3061
-4.296 6.227 -1.721 -0.8853 -0.4096 0.2203
-4.262 6.329 -1.611 -0.7490 -0.0000 0.6626
-4.156 6.432 -1.564 -0.3265 0.4096 0.8518
-4.019 6.495 -1.598 0.2206 0.6627 0.7157
-3.903 6.495 -1.700 0.6835 0.6627 0.3061
-3.853 6.432 -1.832 0.8853 0.4096 -0.2203
-2.244 3.486 0.292 0.4617 -0.7173 0.5219
-2.057 3.486 0.127 0.4617 -0.7173 0.5219
-2.162 3.384 0.079 0.4617 -0.7173 0.5219
-2.299 3.320 0.113 0.4617 -0.7173 0.5219
-2.415 3.320 0.216 0.4617 -0.7173 0.5219
-2.465 3.384 0.347 0.4617 -0.7173 0.5219
-2.431 3.486 0.458 0.4617 -0.7173 0.5219
-2.326 3.588 0.505 0.4617 -0.7173 0.5219
-2.189 3.652 0.471 0.4617 -0.7173 0.5219
-2.073 3.652 0.369 0.4617 -0.7173 0.5219
-2.023 3.588 0.237 0.4617 -0.7173 0.5219
-4.074 6.329 -1.776 -0.4617 0.7173 -0.5219
-3.887 6.329 -1.942 -0.4617 0.7173 -0.5219
-3.993 6.227 -1.989 -0.4617 0.7173 -0.5219
-4.129 6.164 -1.955 -0.4617 0.7173 -0.5219
-4.245 6.164 -1.853 -0.4617 0.7173 -0.5219
-4.296 6.227 -1.721 -0.4617 0.7173 -0.5219
-4.262 6.329 -1.611 -0.4617 0.7173 -0.5219
-4.156 6.432 -1.564 -0.4617 0.7173 -0.5219
-4.019 6.495 -1.598 -0.4617 0.7173 -0.5219
-3.903 6.495 -1.700 -0.4617 0.7173 -0.5219
-3.853 6.432 -1.832 -0.4617 0.7173 -0.5219
0 1 11
0 11 10
1 2 12
1 12 11
2 3 13
2 13 12
3 4 14
3 14 13
4 5 15
4 15 14
5 6 16
5 16 15
6 7 17
6 17 16
7 8 18
7 18 17
8 9 19
8 19 18
9 0 10
9 10 19
20 22 21
20 23 22
20 24 23
20 25 24
20 26 25
20 27 26
20 28 27
20 29 28
20 30 29
20 21 30
31 32 33
31 33 34
31 34 35
31 35 36
31 36 37
31 37 38
31 38 39
31 39 40
31 40 41
31 41 32
LABEL sfoot0_skirt_5_0
MATERIAL 7
TEXTURE 0
GEOM 16 12 ;sfoot0_skirt_5_0
-8.239 7.661 -3.275 -0.6754 0.7375 -0.0000
-7.817 8.090 -3.275 -0.6754 0.7375 -0.0000
-7.373 8.497 -3.275 -0.6754 0.7375 -0.0000
-6.908 8.879 -3.275 -0.6754 0.7375 -0.0000
-8.239 7.661 -2.375 -0.6754 0.7375 -0.0000
-7.817 8.090 -2.375 -0.6754 0.7375 -0.0000
-7.373 8.497 -2.375 -0.6754 0.7375 -0.0000
-6.908 8.879 -2.375 -0.6754 0.7375 -0.0000
-8.239 7.661 -3.275 0.6754 -0.7375 0.0000
-7.817 8.090 -3.275 0.6754 -0.7375 0.0000
-7.373 8.497 -3.275 0.6754 -0.7375 0.0000
-6.908 8.879 -3.275 0.6754 -0.7375 0.0000
-8.239 7.661 -2.375 0.6754 -0.7375 0.0000
-7.817 8.090 -2.375 0.6754 -0.7375 0.0000
-7.373 8.497 -2.375 0.6754 -0.7375 0.0000
-6.908 8.879 -2.375 0.6754 -0.7375 0.0000
0 5 1
0 4 5
8 9 13
8 13 12
1 6 2
1 5 6
9 10 14
9 14 13
2 7 3
2 6 7
10 11 15
10 15 14
LABEL sfoot0_skirt_5_1
MATERIAL 7
TEXTURE 0
GEOM 16 12 ;sfoot0_skirt_5_1
-6.873 8.907 -3.275 -0.5413 0.8409 -0.0000
-6.356 9.283 -3.275 -0.5413 0.8409 -0.0000
-5.818 9.629 -3.275 -0.5413 0.8409 -0.0000
-5.261 9.944 -3.275 -0.5413 0.8409 -0.0000
-6.873 8.907 -2.375 -0.5413 0.8409 -0.0000
-6.356 9.283 -2.375 -0.5413 0.8409 -0.0000
-5.818 9.629 -2.375 -0.5413 0.8409 -0.0000
-5.261 9.944 -2.375 -0.5413 0.8409 -0.0000
-6.873 8.907 -3.275 0.5413 -0.8409 0.0000
-6.356 9.283 -3.275 0.5413 -0.8409 0.0000
-5.818 9.629 -3.275 0.5413 -0.8409 0.0000
-5.261 9.944 -3.275 0.5413 -0.8409 0.0000
-6.873 8.907 -2.375 0.5413 -0.8409 0.0000
-6.356 9.283 -2.375 0.5413 -0.8409 0.0000
-5.818 9.629 -2.375 0.5413 -0.8409 0.0000
-5.261 9.944 -2.375 0.5413 -0.8409 0.0000
0 5 1
0 4 5
8 9 13
8 13 12
1 6 2
1 5 6
9 10 14
9 14 13
2 7 3
2 6 7
10 11 15
10 15 14
LABEL sfoot0_skirt_5_2
MATERIAL 7
TEXTURE 0
GEOM 16 12 ;sfoot0_skirt_5_2
-5.222 9.965 -3.275 -0.3916 0.9201 0.0000
-4.681 10.230 -3.275 -0.3916 0.9201 0.0000
-4.127 10.466 -3.275 -0.3916 0.9201 0.0000
-3.562 10.671 -3.275 -0.3916 0.9201 0.0000
-5.222 9.965 -2.375 -0.3916 0.9201 0.0000
-4.681 10.230 -2.375 -0.3916 0.9201 0.0000
-4.127 10.466 -2.375 -0.3916 0.9201 0.0000
-3.562 10.671 -2.375 -0.3916 0.9201 0.0000
-5.222 9.965 -3.275 0.3916 -0.9201 -0.0000
-4.681 10.230 -3.275 0.3916 -0.9201 -0.0000
-4.127 10.466 -3.275 0.3916 -0.9201 -0.0000
-3.562 10.671 -3.275 0.3916 -0.9201 -0.0000
-5.222 9.965 -2.375 0.3916 -0.9201 -0.0000
-4.681 10.230 -2.375 0.3916 -0.9201 -0.0000
-4.127 10.466 -2.375 0.3916 -0.9201 -0.0000
-3.562 10.671 -2.375 0.3916 -0.9201 -0.0000
0 5 1
0 4 5
8 9 13
8 13 12
1 6 2
1 5 6
9 10 14
9 14 13
2 7 3
2 6 7
10 11 15
10 15 14
LABEL sfoot0_petal_6
MATERIAL 7
TEXTURE 0
GEOM 66 52 ;sfoot0_petal_6
-0.393 0.890 -1.782 0.0483 -0.9983 0.0332
0.306 0.924 -1.782 0.0483 -0.9983 0.0332
0.305 0.939 -1.332 0.0483 -0.9983 0.0332
-0.394 0.905 -1.332 0.0483 -0.9983 0.0332
-0.874 10.829 -2.112 -0.0483 0.9983 -0.0332
-0.175 10.863 -2.112 -0.0483 0.9983 -0.0332
-0.176 10.877 -1.662 -0.0483 0.9983 -0.0332
-0.875 10.844 -1.662 -0.0483 0.9983 -0.0332
-0.393 0.890 -1.782 -0.9988 -0.0483 -0.0000
-0.874 10.829 -2.112 -0.9988 -0.0483 -0.0000
-0.875 10.844 -1.662 -0.9988 -0.0483 -0.0000
-0.394 0.905 -1.332 -0.9988 -0.0483 -0.0000
0.306 0.924 -1.782 0.9988 0.0483 0.0000
-0.175 10.863 -2.112 0.9988 0.0483 0.0000
-0.176 10.877 -1.662 0.9988 0.0483 0.0000
0.305 0.939 -1.332 0.9988 0.0483 0.0000
-0.393 0.890 -1.782 0.0016 -0.0331 -0.9995
-0.874 10.829 -2.112 0.0016 -0.0331 -0.9995
-0.175 10.863 -2.112 0.0016 -0.0331 -0.9995
0.306 0.924 -1.782 0.0016 -0.0331 -0.9995
-0.394 0.905 -1.332 -0.0016 0.0331 0.9995
-0.875 10.844 -1.662 -0.0016 0.0331 0.9995
-0.176 10.877 -1.662 -0.0016 0.0331 0.9995
0.305 0.939 -1.332 -0.0016 0.0331 0.9995
-0.483 0.677 -1.525 0.0000 0.0000 1.0000
-0.475 0.501 -1.582 0.0284 -0.5871 0.8090
-0.470 0.392 -1.732 0.0460 -0.9499 0.3090
-0.470 0.392 -1.918 0.0460 -0.9499 -0.3090
-0.475 0.501 -2.068 0.0284 -0.5871 -0.8090
-0.483 0.677 -2.125 0.0000 -0.0000 -1.0000
-0.492 0.854 -2.068 -0.0284 0.5871 -0.8090
-0.497 0.962 -1.918 -0.0460 0.9499 -0.3090
-0.497 0.962 -1.732 -0.0460 0.9499 0.3090
-0.492 0.854 -1.582 -0.0284 0.5871 0.8090
0.416 0.721 -1.525 0.0000 0.0000 1.0000
0.424 0.545 -1.582 0.0284 -0.5871 0.8090
0.429 0.436 -1.732 0.0460 -0.9499 0.3090
0.429 0.436 -1.918 0.0460 -0.9499 -0.3090
0.424 0.545 -2.068 0.0284 -0.5871 -0.8090
0.416 0.721 -2.125 0.0000 -0.0000 -1.0000
0.407 0.897 -2.068 -0.0284 0.5871 -0.8090
0.402 1.006 -1.918 -0.0460 0.9499 -0.3090
0.402 1.006 -1.732 -0.0460 0.9499 0.3090
0.407 0.897 -1.582 -0.0284 0.5871 0.8090
-0.483 0.677 -1.825 -0.9988 -0.0483 -0.0000
-0.483 0.677 -1.525 -0.9988 -0.0483 -0.0000
-0.475 0.501 -1.582 -0.9988 -0.0483 -0.0000
-0.470 0.392 -1.732 -0.9988 -0.0483 -0.0000
-0.470 0.392 -1.918 -0.9988 -0.0483 -0.0000
-0.475 0.501 -2.068 -0.9988 -0.0483 -0.0000
-0.483 0.677 -2.125 -0.9988 -0.0483 -0.0000
-0.492 0.854 -2.068 -0.9988 -0.0483 -0.0000
-0.497 0.962 -1.918 -0.9988 -0.0483 -0.0000
-0.497 0.962 -1.732 -0.9988 -0.0483 -0.0000
-0.492 0.854 -1.582 -0.9988 -0.0483 -0.0000
0.416 0.721 -1.825 0.9988 0.0483 0.0000
0.416 0.721 -1.525 0.9988 0.0483 0.0000
0.424 0.545 -1.582 0.9988 0.0483 0.0000
0.429 0.436 -1.732 0.9988 0.0483 0.0000
0.429 0.436 -1.918 0.9988 0.0483 0.0000
0.424 0.545 -2.068 0.9988 0.0483 0.0000
0.416 0.721 -2.125 0.9988 0.0483 0.0000
0.407 0.897 -2.068 0.9988 0.0483 0.0000
0.402 1.006 -1.918 0.9988 0.0483 0.0000
0.402 1.006 -1.732 0.9988 0.0483 0.0000
0.407 0.897 -1.582 0.9988 0.0483 0.0000
0 1 2
0 2 3
4 6 5
4 7 6
8 10 9
8 11 10
12 13 14
12 14 15
16 17 18
16 18 19
20 22 21
20 23 22
24 25 35
24 35 34
25 26 36
25 36 35
26 27 37
26 37 36
27 28 38
27 38 37
28 29 39
28 39 38
29 30 40
29 40 39
30 31 41
30 41 40
31 32 42
31 42 41
32 33 43
32 43 42
33 24 34
33 34 43
44 46 45
44 47 46
44 48 47
44 49 48
44 50 49
44 51 50
44 52 51
44 53 52
44 54 53
44 45 54
55 56 57
55 57 58
55 58 59
55 59 60
55 60 61
55 61 62
55 62 63
55 63 64
55 64 65
55 65 56
LABEL sfoot0_slat_6_0
MATERIAL 7
TEXTURE 0
GEOM 104 76 ;sfoot0_slat_6_0
-0.308 1.004 -1.787 -0.0016 0.0331 0.9995
-0.254 1.019 -1.787 -0.0016 0.0331 0.9995
-0.199 1.031 -1.787 -0.0016 0.0331 0.9995
-0.144 1.040 -1.787 -0.0016 0.0331 0.9995
-3.305 10.754 -2.125 -0.0016 0.0331 0.9995
-2.725 10.915 -2.125 -0.0016 0.0331 0.9995
-2.137 11.045 -2.125 -0.0016 0.0331 0.9995
-1.543 11.144 -2.125 -0.0016 0.0331 0.9995
-0.308 1.004 -1.787 0.0016 -0.0331 -0.9995
-0.254 1.019 -1.787 0.0016 -0.0331 -0.9995
-0.199 1.031 -1.787 0.0016 -0.0331 -0.9995
-0.144 1.040 -1.787 0.0016 -0.0331 -0.9995
-3.305 10.754 -2.125 0.0016 -0.0331 -0.9995
-2.725 10.915 -2.125 0.0016 -0.0331 -0.9995
-2.137 11.045 -2.125 0.0016 -0.0331 -0.9995
-1.543 11.144 -2.125 0.0016 -0.0331 -0.9995
-0.308 1.004 -2.037 0.0016 -0.0331 -0.9995
-0.254 1.019 -2.037 0.0016 -0.0331 -0.9995
-0.199 1.031 -2.037 0.0016 -0.0331 -0.9995
-0.144 1.040 -2.037 0.0016 -0.0331 -0.9995
-3.305 10.754 -2.375 0.0016 -0.0331 -0.9995
-2.725 10.915 -2.375 0.0016 -0.0331 -0.9995
-2.137 11.045 -2.375 0.0016 -0.0331 -0.9995
-1.543 11.144 -2.375 0.0016 -0.0331 -0.9995
-0.308 1.004 -2.037 -0.0016 0.0331 0.9995
-0.254 1.019 -2.037 -0.0016 0.0331 0.9995
-0.199 1.031 -2.037 -0.0016 0.0331 0.9995
-0.144 1.040 -2.037 -0.0016 0.0331 0.9995
-3.305 10.754 -2.375 -0.0016 0.0331 0.9995
-2.725 10.915 -2.375 -0.0016 0.0331 0.9995
-2.137 11.045 -2.375 -0.0016 0.0331 0.9995
-1.543 11.144 -2.375 -0.0016 0.0331 0.9995
-3.305 10.754 -2.375 -0.2162 0.9764 0.0000
-2.725 10.915 -2.375 -0.2162 0.9764 0.0000
-2.137 11.045 -2.375 -0.2162 0.9764 0.0000
-1.543 11.144 -2.375 -0.2162 0.9764 0.0000
-3.305 10.754 -2.125 -0.2162 0.9764 0.0000
-2.725 10.915 -2.125 -0.2162 0.9764 0.0000
-2.137 11.045 -2.125 -0.2162 0.9764 0.0000
-1.543 11.144 -2.125 -0.2162 0.9764 0.0000
-3.305 10.754 -2.375 0.2162 -0.9764 -0.0000
-2.725 10.915 -2.375 0.2162 -0.9764 -0.0000
-2.137 11.045 -2.375 0.2162 -0.9764 -0.0000
-1.543 11.144 -2.375 0.2162 -0.9764 -0.0000
-3.305 10.754 -2.125 0.2162 -0.9764 -0.0000
-2.725 10.915 -2.125 0.2162 -0.9764 -0.0000
-2.137 11.045 -2.125 0.2162 -0.9764 -0.0000
-1.543 11.144 -2.125 0.2162 -0.9764 -0.0000
-0.308 1.004 -2.037 0.2162 -0.9764 -0.0000
-0.254 1.019 -2.037 0.2162 -0.9764 -0.0000
-0.199 1.031 -2.037 0.2162 -0.9764 -0.0000
-0.144 1.040 -2.037 0.2162 -0.9764 -0.0000
-0.308 1.004 -1.787 0.2162 -0.9764 -0.0000
-0.254 1.019 -1.787 0.2162 -0.9764 -0.0000
-0.199 1.031 -1.787 0.2162 -0.9764 -0.0000
-0.144 1.040 -1.787 0.2162 -0.9764 -0.0000
-0.308 1.004 -2.037 -0.2162 0.9764 0.0000
-0.254 1.019 -2.037 -0.2162 0.9764 0.0000
-0.199 1.031 -2.037 -0.2162 0.9764 0.0000
-0.144 1.040 -2.037 -0.2162 0.9764 0.0000
-0.308 1.004 -1.787 -0.2162 0.9764 0.0000
-0.254 1.019 -1.787 -0.2162 0.9764 0.0000
-0.199 1.031 -1.787 -0.2162 0.9764 0.0000
-0.144 1.040 -1.787 -0.2162 0.9764 0.0000
-3.305 10.754 -2.125 -0.2162 0.9764 0.0000
-2.725 10.915 -2.125 -0.2162 0.9764 0.0000
-2.137 11.045 -2.125 -0.2162 0.9764 0.0000
-1.543 11.144 -2.125 -0.2162 0.9764 0.0000
-3.305 10.754 -1.425 -0.2162 0.9764 0.0000
-2.725 10.915 -1.425 -0.2162 0.9764 0.0000
-2.137 11.045 -1.425 -0.2162 0.9764 0.0000
-1.543 11.144 -1.425 -0.2162 0.9764 0.0000
-3.305 10.754 -2.125 0.2162 -0.9764 -0.0000
-2.725 10.915 -2.125 0.2162 -0.9764 -0.0000
-2.137 11.045 -2.125 0.2162 -0.9764 -0.0000
-1.543 11.144 -2.125 0.2162 -0.9764 -0.0000
-3.305 10.754 -1.425 0.2162 -0.9764 -0.0000
-2.725 10.915 -1.425 0.2162 -0.9764 -0.0000
-2.137 11.045 -1.425 0.2162 -0.9764 -0.0000
-1.543 11.144 -1.425 0.2162 -0.9764 -0.0000
-3.305 10.754 -1.425 -0.0000 -0.0000 1.0000
-2.725 10.915 -1.425 -0.0000 -0.0000 1.0000
-2.137 11.045 -1.425 -0.0000 -0.0000 1.0000
-1.543 11.144 -1.425 -0.0000 -0.0000 1.0000
-3.202 10.419 -1.413 -0.0000 -0.0000 1.0000
-2.640 10.575 -1.413 -0.0000 -0.0000 1.0000
-2.071 10.702 -1.413 -0.0000 -0.0000 1.0000
-1.495 10.797 -1.413 -0.0000 -0.0000 1.0000
-3.305 10.754 -1.425 0.0000 0.0000 -1.0000
-2.725 10.915 -1.425 0.0000 0.0000 -1.0000
-2.137 11.045 -1.425 0.0000 0.0000 -1.0000
-1.543 11.144 -1.425 0.0000 0.0000 -1.0000
-3.202 10.419 -1.413 0.0000 0.0000 -1.0000
-2.640 10.575 -1.413 0.0000 0.0000 -1.0000
-2.071 10.702 -1.413 0.0000 0.0000 -1.0000
-1.495 10.797 -1.413 0.0000 0.0000 -1.0000
-0.308 1.004 -2.037 0.9559 0.2937 0.0000
-3.305 10.754 -2.375 0.9559 0.2937 0.0000
-0.308 1.004 -1.787 0.9559 0.2937 0.0000
-3.305 10.754 -2.125 0.9559 0.2937 0.0000
-0.308 1.004 -2.037 -0.9559 -0.2937 -0.0000
-3.305 10.754 -2.375 -0.9559 -0.2937 -0.0000
-0.308 1.004 -1.787 -0.9559 -0.2937 -0.0000
-3.305 10.754 -2.125 -0.9559 -0.2937 -0.0000
0 1 5
0 5 4
8 13 9
8 12 13
1 2 6
1 6 5
9 14 10
9 13 14
2 3 7
2 7 6
10 15 11
10 14 15
16 21 17
16 20 21
24 25 29
24 29 28
17 22 18
17 21 22
25 26 30
25 30 29
18 23 19
18 22 23
26 27 31
26 31 30
32 37 33
32 36 37
40 41 45
40 45 44
33 38 34
33 37 38
41 42 46
41 46 45
34 39 35
34 38 39
42 43 47
42 47 46
48 49 53
48 53 52
56 61 57
56 60 61
49 50 54
49 54 53
57 62 58
57 61 62
50 51 55
50 55 54
58 63 59
58 62 63
64 69 65
64 68 69
72 73 77
72 77 76
65 70 66
65 69 70
73 74 78
73 78 77
66 71 67
66 70 71
74 75 79
74 79 78
80 85 81
80 84 85
88 89 93
88 93 92
81 86 82
81 85 86
89 90 94
89 94 93
82 87 83
82 86 87
90 91 95
90 95 94
96 97 99
96 99 98
100 103 101
100 102 103
LABEL sfoot0_slat_6_1
MATERIAL 7
TEXTURE 0
GEOM 96 72 ;sfoot0_slat_6_1
-0.140 1.041 -1.787 -0.0016 0.0331 0.9995
-0.081 1.047 -1.787 -0.0016 0.0331 0.9995
-0.021 1.050 -1.787 -0.0016 0.0331 0.9995
0.039 1.049 -1.787 -0.0016 0.0331 0.9995
-1.499 11.150 -2.125 -0.0016 0.0331 0.9995
-0.863 11.217 -2.125 -0.0016 0.0331 0.9995
-0.224 11.248 -2.125 -0.0016 0.0331 0.9995
0.415 11.242 -2.125 -0.0016 0.0331 0.9995
-0.140 1.041 -1.787 0.0016 -0.0331 -0.9995
-0.081 1.047 -1.787 0.0016 -0.0331 -0.9995
-0.021 1.050 -1.787 0.0016 -0.0331 -0.9995
0.039 1.049 -1.787 0.0016 -0.0331 -0.9995
-1.499 11.150 -2.125 0.0016 -0.0331 -0.9995
-0.863 11.217 -2.125 0.0016 -0.0331 -0.9995
-0.224 11.248 -2.125 0.0016 -0.0331 -0.9995
0.415 11.242 -2.125 0.0016 -0.0331 -0.9995
-0.140 1.041 -2.037 0.0016 -0.0331 -0.9995
-0.081 1.047 -2.037 0.0016 -0.0331 -0.9995
-0.021 1.050 -2.037 0.0016 -0.0331 -0.9995
0.039 1.049 -2.037 0.0016 -0.0331 -0.9995
-1.499 11.150 -2.375 0.0016 -0.0331 -0.9995
-0.863 11.217 -2.375 0.0016 -0.0331 -0.9995
-0.224 11.248 -2.375 0.0016 -0.0331 -0.9995
0.415 11.242 -2.375 0.0016 -0.0331 -0.9995
-0.140 1.041 -2.037 -0.0016 0.0331 0.9995
-0.081 1.047 -2.037 -0.0016 0.0331 0.9995
-0.021 1.050 -2.037 -0.0016 0.0331 0.9995
0.039 1.049 -2.037 -0.0016 0.0331 0.9995
-1.499 11.150 -2.375 -0.0016 0.0331 0.9995
-0.863 11.217 -2.375 -0.0016 0.0331 0.9995
-0.224 11.248 -2.375 -0.0016 0.0331 0.9995
0.415 11.242 -2.375 -0.0016 0.0331 0.9995
-1.499 11.150 -2.375 -0.0483 0.9988 0.0000
-0.863 11.217 -2.375 -0.0483 0.9988 0.0000
-0.224 11.248 -2.375 -0.0483 0.9988 0.0000
0.415 11.242 -2.375 -0.0483 0.9988 0.0000
-1.499 11.150 -2.125 -0.0483 0.9988 0.0000
-0.863 11.217 -2.125 -0.0483 0.9988 0.0000
-0.224 11.248 -2.125 -0.0483 0.9988 0.0000
0.415 11.242 -2.125 -0.0483 0.9988 0.0000
-1.499 11.150 -2.375 0.0483 -0.9988 -0.0000
-0.863 11.217 -2.375 0.0483 -0.9988 -0.0000
-0.224 11.248 -2.375 0.0483 -0.9988 -0.0000
0.415 11.242 -2.375 0.0483 -0.9988 -0.0000
-1.499 11.150 -2.125 0.0483 -0.9988 -0.0000
-0.863 11.217 -2.125 0.0483 -0.9988 -0.0000
-0.224 11.248 -2.125 0.0483 -0.9988 -0.0000
0.415 11.242 -2.125 0.0483 -0.9988 -0.0000
-0.140 1.041 -2.037 0.0483 -0.9988 -0.0000
-0.081 1.047 -2.037 0.0483 -0.9988 -0.0000
-0.021 1.050 -2.037 0.0483 -0.9988 -0.0000
0.039 1.049 -2.037 0.0483 -0.9988 -0.0000
-0.140 1.041 -1.787 0.0483 -0.9988 -0.0000
-0.081 1.047 -1.787 0.0483 -0.9988 -0.0000
-0.021 1.050 -1.787 0.0483 -0.9988 -0.0000
0.039 1.049 -1.787 0.0483 -0.9988 -0.0000
-0.140 1.041 -2.037 -0.0483 0.9988 0.0000
-0.081 1.047 -2.037 -0.0483 0.9988 0.0000
-0.021 1.050 -2.037 -0.0483 0.9988 0.0000
0.039 1.049 -2.037 -0.0483 0.9988 0.0000
-0.140 1.041 -1.787 -0.0483 0.9988 0.0000
-0.081 1.047 -1.787 -0.0483 0.9988 0.0000
-0.021 1.050 -1.787 -0.0483 0.9988 0.0000
0.039 1.049 -1.787 -0.0483 0.9988 0.0000
-1.499 11.150 -2.125 -0.0483 0.9988 0.0000
-0.863 11.217 -2.125 -0.0483 0.9988 0.0000
-0.224 11.248 -2.125 -0.0483 0.9988 0.0000
0.415 11.242 -2.125 -0.0483 0.9988 0.0000
-1.499 11.150 -1.425 -0.0483 0.9988 0.0000
-0.863 11.217 -1.425 -0.0483 0.9988 0.0000
-0.224 11.248 -1.425 -0.0483 0.9988 0.0000
0.415 11.242 -1.425 -0.0483 0.9988 0.0000
-1.499 11.150 -2.125 0.0483 -0.9988 -0.0000
-0.863 11.217 -2.125 0.0483 -0.9988 -0.0000
-0.224 11.248 -2.125 0.0483 -0.9988 -0.0000
0.415 11.242 -2.125 0.0483 -0.9988 -0.0000
-1.499 11.150 -1.425 0.0483 -0.9988 -0.0000
-0.863 11.217 -1.425 0.0483 -0.9988 -0.0000
-0.224 11.248 -1.425 0.0483 -0.9988 -0.0000
0.415 11.242 -1.425 0.0483 -0.9988 -0.0000
-1.499 11.150 -1.425 -0.0000 -0.0000 1.0000
-0.863 11.217 -1.425 -0.0000 -0.0000 1.0000
-0.224 11.248 -1.425 -0.0000 -0.0000 1.0000
0.415 11.242 -1.425 -0.0000 -0.0000 1.0000
-1.452 10.803 -1.413 -0.0000 -0.0000 1.0000
-0.836 10.868 -1.413 -0.0000 -0.0000 1.0000
-0.217 10.898 -1.413 -0.0000 -0.0000 1.0000
0.402 10.893 -1.413 -0.0000 -0.0000 1.0000
-1.499 11.150 -1.425 0.0000 0.0000 -1.0000
-0.863 11.217 -1.425 0.0000 0.0000 -1.0000
-0.224 11.248 -1.425 0.0000 0.0000 -1.0000
0.415 11.242 -1.425 0.0000 0.0000 -1.0000
-1.452 10.803 -1.413 0.0000 0.0000 -1.0000
-0.836 10.868 -1.413 0.0000 0.0000 -1.0000
-0.217 10.898 -1.413 0.0000 0.0000 -1.0000
0.402 10.893 -1.413 0.0000 0.0000 -1.0000
0 1 5
0 5 4
8 13 9
8 12 13
1 2 6
1 6 5
9 14 10
9 13 14
2 3 7
2 7 6
10 15 11
10 14 15
16 21 17
16 20 21
24 25 29
24 29 28
17 22 18
17 21 22
25 26 30
25 30 29
18 23 19
18 22 23
26 27 31
26 31 30
32 37 33
32 36 37
40 41 45
40 45 44
33 38 34
33 37 38
41 42 46
41 46 45
34 39 35
34 38 39
42 43 47
42 47 46
48 49 53
48 53 52
56 61 57
56 60 61
49 50 54
49 54 53
57 62 58
57 61 62
50 51 55
50 55 54
58 63 59
58 62 63
64 69 65
64 68 69
72 73 77
72 77 76
65 70 66
65 69 70
73 74 78
73 78 77
66 71 67
66 70 71
74 75 79
74 79 78
80 85 81
80 84 85
88 89 93
88 93 92
81 86 82
81 85 86
89 90 94
89 94 93
82 87 83
82 86 87
90 91 95
90 95 94
LABEL sfoot0_slat_6_2
MATERIAL 7
TEXTURE 0
GEOM 104 76 ;sfoot0_slat_6_2
0.043 1.049 -1.787 -0.0016 0.0331 0.9995
0.099 1.045 -1.787 -0.0016 0.0331 0.9995
0.155 1.039 -1.787 -0.0016 0.0331 0.9995
0.210 1.029 -1.787 -0.0016 0.0331 0.9995
0.460 11.241 -2.125 -0.0016 0.0331 0.9995
1.061 11.200 -2.125 -0.0016 0.0331 0.9995
1.658 11.127 -2.125 -0.0016 0.0331 0.9995
2.251 11.022 -2.125 -0.0016 0.0331 0.9995
0.043 1.049 -1.787 0.0016 -0.0331 -0.9995
0.099 1.045 -1.787 0.0016 -0.0331 -0.9995
0.155 1.039 -1.787 0.0016 -0.0331 -0.9995
0.210 1.029 -1.787 0.0016 -0.0331 -0.9995
0.460 11.241 -2.125 0.0016 -0.0331 -0.9995
1.061 11.200 -2.125 0.0016 -0.0331 -0.9995
1.658 11.127 -2.125 0.0016 -0.0331 -0.9995
2.251 11.022 -2.125 0.0016 -0.0331 -0.9995
0.043 1.049 -2.037 0.0016 -0.0331 -0.9995
0.099 1.045 -2.037 0.0016 -0.0331 -0.9995
0.155 1.039 -2.037 0.0016 -0.0331 -0.9995
0.210 1.029 -2.037 0.0016 -0.0331 -0.9995
0.460 11.241 -2.375 0.0016 -0.0331 -0.9995
1.061 11.200 -2.375 0.0016 -0.0331 -0.9995
1.658 11.127 -2.375 0.0016 -0.0331 -0.9995
2.251 11.022 -2.375 0.0016 -0.0331 -0.9995
0.043 1.049 -2.037 -0.0016 0.0331 0.9995
0.099 1.045 -2.037 -0.0016 0.0331 0.9995
0.155 1.039 -2.037 -0.0016 0.0331 0.9995
0.210 1.029 -2.037 -0.0016 0.0331 0.9995
0.460 11.241 -2.375 -0.0016 0.0331 0.9995
1.061 11.200 -2.375 -0.0016 0.0331 0.9995
1.658 11.127 -2.375 -0.0016 0.0331 0.9995
2.251 11.022 -2.375 -0.0016 0.0331 0.9995
0.460 11.241 -2.375 0.1209 0.9927 0.0000
1.061 11.200 -2.375 0.1209 0.9927 0.0000
1.658 11.127 -2.375 0.1209 0.9927 0.0000
2.251 11.022 -2.375 0.1209 0.9927 0.0000
0.460 11.241 -2.125 0.1209 0.9927 0.0000
1.061 11.200 -2.125 0.1209 0.9927 0.0000
1.658 11.127 -2.125 0.1209 0.9927 0.0000
2.251 11.022 -2.125 0.1209 0.9927 0.0000
0.460 11.241 -2.375 -0.1209 -0.9927 -0.0000
1.061 11.200 -2.375 -0.1209 -0.9927 -0.0000
1.658 11.127 -2.375 -0.1209 -0.9927 -0.0000
2.251 11.022 -2.375 -0.1209 -0.9927 -0.0000
0.460 11.241 -2.125 -0.1209 -0.9927 -0.0000
1.061 11.200 -2.125 -0.1209 -0.9927 -0.0000
1.658 11.127 -2.125 -0.1209 -0.9927 -0.0000
2.251 11.022 -2.125 -0.1209 -0.9927 -0.0000
0.043 1.049 -2.037 -0.1209 -0.9927 -0.0000
0.099 1.045 -2.037 -0.1209 -0.9927 -0.0000
0.155 1.039 -2.037 -0.1209 -0.9927 -0.0000
0.210 1.029 -2.037 -0.1209 -0.9927 -0.0000
0.043 1.049 -1.787 -0.1209 -0.9927 -0.0000
0.099 1.045 -1.787 -0.1209 -0.9927 -0.0000
0.155 1.039 -1.787 -0.1209 -0.9927 -0.0000
0.210 1.029 -1.787 -0.1209 -0.9927 -0.0000
0.043 1.049 -2.037 0.1209 0.9927 0.0000
0.099 1.045 -2.037 0.1209 0.9927 0.0000
0.155 1.039 -2.037 0.1209 0.9927 0.0000
0.210 1.029 -2.037 0.1209 0.9927 0.0000
0.043 1.049 -1.787 0.1209 0.9927 0.0000
0.099 1.045 -1.787 0.1209 0.9927 0.0000
0.155 1.039 -1.787 0.1209 0.9927 0.0000
0.210 1.029 -1.787 0.1209 0.9927 0.0000
0.460 11.241 -2.125 0.1209 0.9927 0.0000
1.061 11.200 -2.125 0.1209 0.9927 0.0000
1.658 11.127 -2.125 0.1209 0.9927 0.0000
2.251 11.022 -2.125 0.1209 0.9927 0.0000
0.460 11.241 -1.425 0.1209 0.9927 0.0000
1.061 11.200 -1.425 0.1209 0.9927 0.0000
1.658 11.127 -1.425 0.1209 0.9927 0.0000
2.251 11.022 -1.425 0.1209 0.9927 0.0000
0.460 11.241 -2.125 -0.1209 -0.9927 -0.0000
1.061 11.200 -2.125 -0.1209 -0.9927 -0.0000
1.658 11.127 -2.125 -0.1209 -0.9927 -0.0000
2.251 11.022 -2.125 -0.1209 -0.9927 -0.0000
0.460 11.241 -1.425 -0.1209 -0.9927 -0.0000
1.061 11.200 -1.425 -0.1209 -0.9927 -0.0000
1.658 11.127 -1.425 -0.1209 -0.9927 -0.0000
2.251 11.022 -1.425 -0.1209 -0.9927 -0.0000
0.460 11.241 -1.425 -0.0000 -0.0000 1.0000
1.061 11.200 -1.425 -0.0000 -0.0000 1.0000
1.658 11.127 -1.425 -0.0000 -0.0000 1.0000
2.251 11.022 -1.425 -0.0000 -0.0000 1.0000
0.446 10.891 -1.413 -0.0000 -0.0000 1.0000
1.028 10.851 -1.413 -0.0000 -0.0000 1.0000
1.607 10.781 -1.413 -0.0000 -0.0000 1.0000
2.181 10.680 -1.413 -0.0000 -0.0000 1.0000
0.460 11.241 -1.425 0.0000 0.0000 -1.0000
1.061 11.200 -1.425 0.0000 0.0000 -1.0000
1.658 11.127 -1.425 0.0000 0.0000 -1.0000
2.251 11.022 -1.425 0.0000 0.0000 -1.0000
0.446 10.891 -1.413 0.0000 0.0000 -1.0000
1.028 10.851 -1.413 0.0000 0.0000 -1.0000
1.607 10.781 -1.413 0.0000 0.0000 -1.0000
2.181 10.680 -1.413 0.0000 0.0000 -1.0000
0.210 1.029 -2.037 0.9798 -0.2001 0.0000
2.251 11.022 -2.375 0.9798 -0.2001 0.0000
0.210 1.029 -1.787 0.9798 -0.2001 0.0000
2.251 11.022 -2.125 0.9798 -0.2001 0.0000
0.210 1.029 -2.037 -0.9798 0.2001 -0.0000
2.251 11.022 -2.375 -0.9798 0.2001 -0.0000
0.210 1.029 -1.787 -0.9798 0.2001 -0.0000
2.251 11.022 -2.125 -0.9798 0.2001 -0.0000
0 1 5
0 5 4
8 13 9
8 12 13
1 2 6
1 6 5
9 14 10
9 13 14
2 3 7
2 7 6
10 15 11
10 14 15
16 21 17
16 20 21
24 25 29
24 29 28
17 22 18
17 21 22
25 26 30
25 30 29
18 23 19
18 22 23
26 27 31
26 31 30
32 37 33
32 36 37
40 41 45
40 45 44
33 38 34
33 37 38
41 42 46
41 46 45
34 39 35
34 38 39
42 43 47
42 47 46
48 49 53
48 53 52
56 61 57
56 60 61
49 50 54
49 54 53
57 62 58
57 61 62
50 51 55
50 55 54
58 63 59
58 62 63
64 69 65
64 68 69
72 73 77
72 77 76
65 70 66
65 69 70
73 74 78
73 78 77
66 71 67
66 70 71
74 75 79
74 79 78
80 85 81
80 84 85
88 89 93
88 93 92
81 86 82
81 85 86
89 90 94
89 94 93
82 87 83
82 86 87
90 91 95
90 95 94
96 97 99
96 99 98
100 103 101
100 102 103
LABEL sfoot0_strut_6
MATERIAL 9
TEXTURE 0
GEOM 50 48 ;sfoot0_strut_6
0.443 1.149 2.086 0.9969 0.0000 -0.0787
0.359 1.018 1.879 0.8298 -0.2617 -0.4929
0.165 0.922 1.738 0.4403 -0.4534 -0.7750
-0.089 0.887 1.700 -0.0671 -0.5235 -0.8494
-0.334 0.922 1.777 -0.5565 -0.4534 -0.6962
-0.504 1.018 1.947 -0.8969 -0.2617 -0.3565
-0.554 1.149 2.164 -0.9969 -0.0000 0.0787
-0.470 1.280 2.371 -0.8298 0.2617 0.4929
-0.276 1.375 2.512 -0.4403 0.4534 0.7750
-0.022 1.410 2.550 0.0671 0.5235 0.8494
0.223 1.375 2.473 0.5565 0.4534 0.6962
0.393 1.280 2.303 0.8969 0.2617 0.3565
0.273 4.652 -0.060 0.9969 0.0000 -0.0787
0.190 4.521 -0.267 0.8298 -0.2617 -0.4929
-0.005 4.425 -0.408 0.4403 -0.4534 -0.7750
-0.259 4.390 -0.446 -0.0671 -0.5235 -0.8494
-0.503 4.425 -0.369 -0.5565 -0.4534 -0.6962
-0.673 4.521 -0.199 -0.8969 -0.2617 -0.3565
-0.724 4.652 0.019 -0.9969 -0.0000 0.0787
-0.640 4.783 0.226 -0.8298 0.2617 0.4929
-0.445 4.879 0.367 -0.4403 0.4534 0.7750
-0.192 4.914 0.404 0.0671 0.5235 0.8494
0.053 4.879 0.327 0.5565 0.4534 0.6962
0.223 4.783 0.157 0.8969 0.2617 0.3565
-0.056 1.149 2.125 0.0412 -0.8520 0.5219
0.443 1.149 2.086 0.0412 -0.8520 0.5219
0.359 1.018 1.879 0.0412 -0.8520 0.5219
0.165 0.922 1.738 0.0412 -0.8520 0.5219
-0.089 0.887 1.700 0.0412 -0.8520 0.5219
-0.334 0.922 1.777 0.0412 -0.8520 0.5219
-0.504 1.018 1.947 0.0412 -0.8520 0.5219
-0.554 1.149 2.164 0.0412 -0.8520 0.5219
-0.470 1.280 2.371 0.0412 -0.8520 0.5219
-0.276 1.375 2.512 0.0412 -0.8520 0.5219
-0.022 1.410 2.550 0.0412 -0.8520 0.5219
0.223 1.375 2.473 0.0412 -0.8520 0.5219
0.393 1.280 2.303 0.0412 -0.8520 0.5219
-0.225 4.652 -0.021 -0.0412 0.8520 -0.5219
0.273 4.652 -0.060 -0.0412 0.8520 -0.5219
0.190 4.521 -0.267 -0.0412 0.8520 -0.5219
-0.005 4.425 -0.408 -0.0412 0.8520 -0.5219
-0.259 4.390 -0.446 -0.0412 0.8520 -0.5219
-0.503 4.425 -0.369 -0.0412 0.8520 -0.5219
-0.673 4.521 -0.199 -0.0412 0.8520 -0.5219
-0.724 4.652 0.019 -0.0412 0.8520 -0.5219
-0.640 4.783 0.226 -0.0412 0.8520 -0.5219
-0.445 4.879 0.367 -0.0412 0.8520 -0.5219
-0.192 4.914 0.404 -0.0412 0.8520 -0.5219
0.053 4.879 0.327 -0.0412 0.8520 -0.5219
0.223 4.783 0.157 -0.0412 0.8520 -0.5219
0 1 13
0 13 12
1 2 14
1 14 13
2 3 15
2 15 14
3 4 16
3 16 15
4 5 17
4 17 16
5 6 18
5 18 17
6 7 19
6 19 18
7 8 20
7 20 19
8 9 21
8 21 20
9 10 22
9 22 21
10 11 23
10 23 22
11 0 12
11 12 23
24 26 25
24 27 26
24 28 27
24 29 28
24 30 29
24 31 30
24 32 31
24 33 32
24 34 33
24 35 34
24 36 35
24 25 36
37 38 39
37 39 40
37 40 41
37 41 42
37 42 43
37 43 44
37 44 45
37 45 46
37 46 47
37 47 48
37 48 49
37 49 38
LABEL sfoot0_rod_6
MATERIAL 7
TEXTURE 0
GEOM 42 40 ;sfoot0_rod_6
0.049 4.141 0.273 0.9969 0.0000 -0.0787
-0.009 4.064 0.152 0.7671 -0.3077 -0.5630
-0.139 4.016 0.084 0.2443 -0.4979 -0.8321
-0.293 4.016 0.096 -0.3719 -0.4979 -0.7835
-0.412 4.064 0.183 -0.8459 -0.3077 -0.4356
-0.450 4.141 0.312 -0.9969 -0.0000 0.0787
-0.392 4.218 0.433 -0.7671 0.3077 0.5630
-0.261 4.265 0.500 -0.2443 0.4979 0.8321
-0.107 4.265 0.488 0.3719 0.4979 0.7835
0.011 4.218 0.401 0.8459 0.3077 0.4356
-0.114 7.519 -1.796 0.9969 0.0000 -0.0787
-0.172 7.442 -1.917 0.7671 -0.3077 -0.5630
-0.303 7.394 -1.985 0.2443 -0.4979 -0.8321
-0.457 7.394 -1.972 -0.3719 -0.4979 -0.7835
-0.575 7.442 -1.885 -0.8459 -0.3077 -0.4356
-0.613 7.519 -1.757 -0.9969 -0.0000 0.0787
-0.555 7.595 -1.636 -0.7671 0.3077 0.5630
-0.425 7.643 -1.568 -0.2443 0.4979 0.8321
-0.271 7.643 -1.581 0.3719 0.4979 0.7835
-0.152 7.595 -1.668 0.8459 0.3077 0.4356
-0.200 4.141 0.292 0.0412 -0.8520 0.5219
0.049 4.141 0.273 0.0412 -0.8520 0.5219
-0.009 4.064 0.152 0.0412 -0.8520 0.5219
-0.139 4.016 0.084 0.0412 -0.8520 0.5219
-0.293 4.016 0.096 0.0412 -0.8520 0.5219
-0.412 4.064 0.183 0.0412 -0.8520 0.5219
-0.450 4.141 0.312 0.0412 -0.8520 0.5219
-0.392 4.218 0.433 0.0412 -0.8520 0.5219
-0.261 4.265 0.500 0.0412 -0.8520 0.5219
-0.107 4.265 0.488 0.0412 -0.8520 0.5219
0.011 4.218 0.401 0.0412 -0.8520 0.5219
-0.364 7.519 -1.776 -0.0412 0.8520 -0.5219
-0.114 7.519 -1.796 -0.0412 0.8520 -0.5219
-0.172 7.442 -1.917 -0.0412 0.8520 -0.5219
-0.303 7.394 -1.985 -0.0412 0.8520 -0.5219
-0.457 7.394 -1.972 -0.0412 0.8520 -0.5219
-0.575 7.442 -1.885 -0.0412 0.8520 -0.5219
-0.613 7.519 -1.757 -0.0412 0.8520 -0.5219
-0.555 7.595 -1.636 -0.0412 0.8520 -0.5219
-0.425 7.643 -1.568 -0.0412 0.8520 -0.5219
-0.271 7.643 -1.581 -0.0412 0.8520 -0.5219
-0.152 7.595 -1.668 -0.0412 0.8520 -0.5219
0 1 11
0 11 10
1 2 12
1 12 11
2 3 13
2 13 12
3 4 14
3 14 13
4 5 15
4 15 14
5 6 16
5 16 15
6 7 17
6 17 16
7 8 18
7 18 17
8 9 19
8 19 18
9 0 10
9 10 19
20 22 21
20 23 22
20 24 23
20 25 24
20 26 25
20 27 26
20 28 27
20 29 28
20 30 29
20 21 30
31 32 33
31 33 34
31 34 35
31 35 36
31 36 37
31 37 38
31 38 39
31 39 40
31 40 41
31 41 32
LABEL sfoot0_skirt_6_0
MATERIAL 7
TEXTURE 0
GEOM 16 12 ;sfoot0_skirt_6_0
-3.305 10.754 -3.275 -0.2162 0.9764 0.0000
-2.725 10.915 -3.275 -0.2162 0.9764 0.0000
-2.137 11.045 -3.275 -0.2162 0.9764 0.0000
-1.543 11.144 -3.275 -0.2162 0.9764 0.0000
-3.305 10.754 -2.375 -0.2162 0.9764 0.0000
-2.725 10.915 -2.375 -0.2162 0.9764 0.0000
-2.137 11.045 -2.375 -0.2162 0.9764 0.0000
-1.543 11.144 -2.375 -0.2162 0.9764 0.0000
-3.305 10.754 -3.275 0.2162 -0.9764 -0.0000
-2.725 10.915 -3.275 0.2162 -0.9764 -0.0000
-2.137 11.045 -3.275 0.2162 -0.9764 -0.0000
-1.543 11.144 -3.275 0.2162 -0.9764 -0.0000
-3.305 10.754 -2.375 0.2162 -0.9764 -0.0000
-2.725 10.915 -2.375 0.2162 -0.9764 -0.0000
-2.137 11.045 -2.375 0.2162 -0.9764 -0.0000
-1.543 11.144 -2.375 0.2162 -0.9764 -0.0000
0 5 1
0 4 5
8 9 13
8 13 12
1 6 2
1 5 6
9 10 14
9 14 13
2 7 3
2 6 7
10 11 15
10 15 14
LABEL sfoot0_skirt_6_1
MATERIAL 7
TEXTURE 0
GEOM 16 12 ;sfoot0_skirt_6_1
-1.499 11.150 -3.275 -0.0483 0.9988 0.0000
-0.863 11.217 -3.275 -0.0483 0.9988 0.0000
-0.224 11.248 -3.275 -0.0483 0.9988 0.0000
0.415 11.242 -3.275 -0.0483 0.9988 0.0000
-1.499 11.150 -2.375 -0.0483 0.9988 0.0000
-0.863 11.217 -2.375 -0.0483 0.9988 0.0000
-0.224 11.248 -2.375 -0.0483 0.9988 0.0000
0.415 11.242 -2.375 -0.0483 0.9988 0.0000
-1.499 11.150 -3.275 0.0483 -0.9988 -0.0000
-0.863 11.217 -3.275 0.0483 -0.9988 -0.0000
-0.224 11.248 -3.275 0.0483 -0.9988 -0.0000
0.415 11.242 -3.275 0.0483 -0.9988 -0.0000
-1.499 11.150 -2.375 0.0483 -0.9988 -0.0000
-0.863 11.217 -2.375 0.0483 -0.9988 -0.0000
-0.224 11.248 -2.375 0.0483 -0.9988 -0.0000
0.415 11.242 -2.375 0.0483 -0.9988 -0.0000
0 5 1
0 4 5
8 9 13
8 13 12
1 6 2
1 5 6
9 10 14
9 14 13
2 7 3
2 6 7
10 11 15
10 15 14
LABEL sfoot0_skirt_6_2
MATERIAL 7
TEXTURE 0
GEOM 16 12 ;sfoot0_skirt_6_2
0.460 11.241 -3.275 0.1209 0.9927 0.0000
1.061 11.200 -3.275 0.1209 0.9927 0.0000
1.658 11.127 -3.275 0.1209 0.9927 0.0000
2.251 11.022 -3.275 0.1209 0.9927 0.0000
0.460 11.241 -2.375 0.1209 0.9927 0.0000
1.061 11.200 -2.375 0.1209 0.9927 0.0000
1.658 11.127 -2.375 0.1209 0.9927 0.0000
2.251 11.022 -2.375 0.1209 0.9927 0.0000
0.460 11.241 -3.275 -0.1209 -0.9927 -0.0000
1.061 11.200 -3.275 -0.1209 -0.9927 -0.0000
1.658 11.127 -3.275 -0.1209 -0.9927 -0.0000
2.251 11.022 -3.275 -0.1209 -0.9927 -0.0000
0.460 11.241 -2.375 -0.1209 -0.9927 -0.0000
1.061 11.200 -2.375 -0.1209 -0.9927 -0.0000
1.658 11.127 -2.375 -0.1209 -0.9927 -0.0000
2.251 11.022 -2.375 -0.1209 -0.9927 -0.0000
0 5 1
0 4 5
8 9 13
8 13 12
1 6 2
1 5 6
9 10 14
9 14 13
2 7 3
2 6 7
10 11 15
10 15 14
LABEL sfoot0_petal_7
MATERIAL 7
TEXTURE 0
GEOM 66 52 ;sfoot0_petal_7
0.104 0.968 -1.782 -0.4573 -0.8887 0.0332
0.727 0.647 -1.782 -0.4573 -0.8887 0.0332
0.734 0.661 -1.332 -0.4573 -0.8887 0.0332
0.111 0.981 -1.332 -0.4573 -0.8887 0.0332
4.657 9.815 -2.112 0.4573 0.8887 -0.0332
5.280 9.495 -2.112 0.4573 0.8887 -0.0332
5.286 9.508 -1.662 0.4573 0.8887 -0.0332
4.664 9.828 -1.662 0.4573 0.8887 -0.0332
0.104 0.968 -1.782 -0.8892 0.4576 -0.0000
4.657 9.815 -2.112 -0.8892 0.4576 -0.0000
4.664 9.828 -1.662 -0.8892 0.4576 -0.0000
0.111 0.981 -1.332 -0.8892 0.4576 -0.0000
0.727 0.647 -1.782 0.8892 -0.4576 0.0000
5.280 9.495 -2.112 0.8892 -0.4576 0.0000
5.286 9.508 -1.662 0.8892 -0.4576 0.0000
0.734 0.661 -1.332 0.8892 -0.4576 0.0000
0.104 0.968 -1.782 -0.0152 -0.0295 -0.9995
4.657 9.815 -2.112 -0.0152 -0.0295 -0.9995
5.280 9.495 -2.112 -0.0152 -0.0295 -0.9995
0.727 0.647 -1.782 -0.0152 -0.0295 -0.9995
0.111 0.981 -1.332 0.0152 0.0295 0.9995
4.664 9.828 -1.662 0.0152 0.0295 0.9995
5.286 9.508 -1.662 0.0152 0.0295 0.9995
0.734 0.661 -1.332 0.0152 0.0295 0.9995
-0.080 0.828 -1.525 -0.0000 0.0000 1.0000
-0.161 0.672 -1.582 -0.2690 -0.5226 0.8090
-0.210 0.575 -1.732 -0.4352 -0.8457 0.3090
-0.210 0.575 -1.918 -0.4352 -0.8457 -0.3090
-0.161 0.672 -2.068 -0.2690 -0.5226 -0.8090
-0.080 0.828 -2.125 -0.0000 -0.0000 -1.0000
0.001 0.985 -2.068 0.2690 0.5226 -0.8090
0.051 1.082 -1.918 0.4352 0.8457 -0.3090
0.051 1.082 -1.732 0.4352 0.8457 0.3090
0.001 0.985 -1.582 0.2690 0.5226 0.8090
0.720 0.417 -1.525 -0.0000 0.0000 1.0000
0.640 0.260 -1.582 -0.2690 -0.5226 0.8090
0.590 0.163 -1.732 -0.4352 -0.8457 0.3090
0.590 0.163 -1.918 -0.4352 -0.8457 -0.3090
0.640 0.260 -2.068 -0.2690 -0.5226 -0.8090
0.720 0.417 -2.125 -0.0000 -0.0000 -1.0000
0.801 0.573 -2.068 0.2690 0.5226 -0.8090
0.851 0.670 -1.918 0.4352 0.8457 -0.3090
0.851 0.670 -1.732 0.4352 0.8457 0.3090
0.801 0.573 -1.582 0.2690 0.5226 0.8090
-0.080 0.828 -1.825 -0.8892 0.4576 -0.0000
-0.080 0.828 -1.525 -0.8892 0.4576 -0.0000
-0.161 0.672 -1.582 -0.8892 0.4576 -0.0000
-0.210 0.575 -1.732 -0.8892 0.4576 -0.0000
-0.210 0.575 -1.918 -0.8892 0.4576 -0.0000
-0.161 0.672 -2.068 -0.8892 0.4576 -0.0000
-0.080 0.828 -2.125 -0.8892 0.4576 -0.0000
0.001 0.985 -2.068 -0.8892 0.4576 -0.0000
0.051 1.082 -1.918 -0.8892 0.4576 -0.0000
0.051 1.082 -1.732 -0.8892 0.4576 -0.0000
0.001 0.985 -1.582 -0.8892 0.4576 -0.0000
0.720 0.417 -1.825 0.8892 -0.4576 0.0000
0.720 0.417 -1.525 0.8892 -0.4576 0.0000
0.640 0.260 -1.582 0.8892 -0.4576 0.0000
0.590 0.163 -1.732 0.8892 -0.4576 0.0000
0.590 0.163 -1.918 0.8892 -0.4576 0.0000
0.640 0.260 -2.068 0.8892 -0.4576 0.0000
0.720 0.417 -2.125 0.8892 -0.4576 0.0000
0.801 0.573 -2.068 0.8892 -0.4576 0.0000
0.851 0.670 -1.918 0.8892 -0.4576 0.0000
0.851 0.670 -1.732 0.8892 -0.4576 0.0000
0.801 0.573 -1.582 0.8892 -0.4576 0.0000
0 1 2
0 2 3
4 6 5
4 7 6
8 10 9
8 11 10
12 13 14
12 14 15
16 17 18
16 18 19
20 22 21
20 23 22
24 25 35
24 35 34
25 26 36
25 36 35
26 27 37
26 37 36
27 28 38
27 38 37
28 29 39
28 39 38
29 30 40
29 40 39
30 31 41
30 41 40
31 32 42
31 42 41
32 33 43
32 43 42
33 24 34
33 34 43
44 46 45
44 47 46
44 48 47
44 49 48
44 50 49
44 51 50
44 52 51
44 53 52
44 54 53
44 45 54
55 56 57
55 57 58
55 58 59
55 59 60
55 60 61
55 61 62
55 62 63
55 63 64
55 64 65
55 65 56
LABEL sfoot0_slat_7_0
MATERIAL 7
TEXTURE 0
GEOM 104 76 ;sfoot0_slat_7_0
0.235 1.023 -1.787 0.0152 0.0295 0.9995
0.289 1.009 -1.787 0.0152 0.0295 0.9995
0.343 0.992 -1.787 0.0152 0.0295 0.9995
0.395 0.973 -1.787 0.0152 0.0295 0.9995
2.515 10.965 -2.125 0.0152 0.0295 0.9995
3.098 10.815 -2.125 0.0152 0.0295 0.9995
3.672 10.634 -2.125 0.0152 0.0295 0.9995
4.235 10.422 -2.125 0.0152 0.0295 0.9995
0.235 1.023 -1.787 -0.0152 -0.0295 -0.9995
0.289 1.009 -1.787 -0.0152 -0.0295 -0.9995
0.343 0.992 -1.787 -0.0152 -0.0295 -0.9995
0.395 0.973 -1.787 -0.0152 -0.0295 -0.9995
2.515 10.965 -2.125 -0.0152 -0.0295 -0.9995
3.098 10.815 -2.125 -0.0152 -0.0295 -0.9995
3.672 10.634 -2.125 -0.0152 -0.0295 -0.9995
4.235 10.422 -2.125 -0.0152 -0.0295 -0.9995
0.235 1.023 -2.037 -0.0152 -0.0295 -0.9995
0.289 1.009 -2.037 -0.0152 -0.0295 -0.9995
0.343 0.992 -2.037 -0.0152 -0.0295 -0.9995
0.395 0.973 -2.037 -0.0152 -0.0295 -0.9995
2.515 10.965 -2.375 -0.0152 -0.0295 -0.9995
3.098 10.815 -2.375 -0.0152 -0.0295 -0.9995
3.672 10.634 -2.375 -0.0152 -0.0295 -0.9995
4.235 10.422 -2.375 -0.0152 -0.0295 -0.9995
0.235 1.023 -2.037 0.0152 0.0295 0.9995
0.289 1.009 -2.037 0.0152 0.0295 0.9995
0.343 0.992 -2.037 0.0152 0.0295 0.9995
0.395 0.973 -2.037 0.0152 0.0295 0.9995
2.515 10.965 -2.375 0.0152 0.0295 0.9995
3.098 10.815 -2.375 0.0152 0.0295 0.9995
3.672 10.634 -2.375 0.0152 0.0295 0.9995
4.235 10.422 -2.375 0.0152 0.0295 0.9995
2.515 10.965 -2.375 0.3010 0.9536 0.0000
3.098 10.815 -2.375 0.3010 0.9536 0.0000
3.672 10.634 -2.375 0.3010 0.9536 0.0000
4.235 10.422 -2.375 0.3010 0.9536 0.0000
2.515 10.965 -2.125 0.3010 0.9536 0.0000
3.098 10.815 -2.125 0.3010 0.9536 0.0000
3.672 10.634 -2.125 0.3010 0.9536 0.0000
4.235 10.422 -2.125 0.3010 0.9536 0.0000
2.515 10.965 -2.375 -0.3010 -0.9536 -0.0000
3.098 10.815 -2.375 -0.3010 -0.9536 -0.0000
3.672 10.634 -2.375 -0.3010 -0.9536 -0.0000
4.235 10.422 -2.375 -0.3010 -0.9536 -0.0000
2.515 10.965 -2.125 -0.3010 -0.9536 -0.0000
3.098 10.815 -2.125 -0.3010 -0.9536 -0.0000
3.672 10.634 -2.125 -0.3010 -0.9536 -0.0000
4.235 10.422 -2.125 -0.3010 -0.9536 -0.0000
0.235 1.023 -2.037 -0.3010 -0.9536 -0.0000
0.289 1.009 -2.037 -0.3010 -0.9536 -0.0000
0.343 0.992 -2.037 -0.3010 -0.9536 -0.0000
0.395 0.973 -2.037 -0.3010 -0.9536 -0.0000
0.235 1.023 -1.787 -0.3010 -0.9536 -0.0000
0.289 1.009 -1.787 -0.3010 -0.9536 -0.0000
0.343 0.992 -1.787 -0.3010 -0.9536 -0.0000
0.395 0.973 -1.787 -0.3010 -0.9536 -0.0000
0.235 1.023 -2.037 0.3010 0.9536 0.0000
0.289 1.009 -2.037 0.3010 0.9536 0.0000
0.343 0.992 -2.037 0.3010 0.9536 0.0000
0.395 0.973 -2.037 0.3010 0.9536 0.0000
0.235 1.023 -1.787 0.3010 0.9536 0.0000
0.289 1.009 -1.787 0.3010 0.9536 0.0000
0.343 0.992 -1.787 0.3010 0.9536 0.0000
0.395 0.973 -1.787 0.3010 0.9536 0.0000
2.515 10.965 -2.125 0.3010 0.9536 0.0000
3.098 10.815 -2.125 0.3010 0.9536 0.0000
3.672 10.634 -2.125 0.3010 0.9536 0.0000
4.235 10.422 -2.125 0.3010 0.9536 0.0000
2.515 10.965 -1.425 0.3010 0.9536 0.0000
3.098 10.815 -1.425 0.3010 0.9536 0.0000
3.672 10.634 -1.425 0.3010 0.9536 0.0000
4.235 10.422 -1.425 0.3010 0.9536 0.0000
2.515 10.965 -2.125 -0.3010 -0.9536 -0.0000
3.098 10.815 -2.125 -0.3010 -0.9536 -0.0000
3.672 10.634 -2.125 -0.3010 -0.9536 -0.0000
4.235 10.422 -2.125 -0.3010 -0.9536 -0.0000
2.515 10.965 -1.425 -0.3010 -0.9536 -0.0000
3.098 10.815 -1.425 -0.3010 -0.9536 -0.0000
3.672 10.634 -1.425 -0.3010 -0.9536 -0.0000
4.235 10.422 -1.425 -0.3010 -0.9536 -0.0000
2.515 10.965 -1.425 -0.0000 -0.0000 1.0000
3.098 10.815 -1.425 -0.0000 -0.0000 1.0000
3.672 10.634 -1.425 -0.0000 -0.0000 1.0000
4.235 10.422 -1.425 -0.0000 -0.0000 1.0000
2.437 10.624 -1.413 -0.0000 -0.0000 1.0000
3.001 10.479 -1.413 -0.0000 -0.0000 1.0000
3.558 10.303 -1.413 -0.0000 -0.0000 1.0000
4.104 10.098 -1.413 -0.0000 -0.0000 1.0000
2.515 10.965 -1.425 0.0000 0.0000 -1.0000
3.098 10.815 -1.425 0.0000 0.0000 -1.0000
3.672 10.634 -1.425 0.0000 0.0000 -1.0000
4.235 10.422 -1.425 0.0000 0.0000 -1.0000
2.437 10.624 -1.413 0.0000 0.0000 -1.0000
3.001 10.479 -1.413 0.0000 0.0000 -1.0000
3.558 10.303 -1.413 0.0000 0.0000 -1.0000
4.104 10.098 -1.413 0.0000 0.0000 -1.0000
0.235 1.023 -2.037 0.9747 -0.2236 0.0000
2.515 10.965 -2.375 0.9747 -0.2236 0.0000
0.235 1.023 -1.787 0.9747 -0.2236 0.0000
2.515 10.965 -2.125 0.9747 -0.2236 0.0000
0.235 1.023 -2.037 -0.9747 0.2236 -0.0000
2.515 10.965 -2.375 -0.9747 0.2236 -0.0000
0.235 1.023 -1.787 -0.9747 0.2236 -0.0000
2.515 10.965 -2.125 -0.9747 0.2236 -0.0000
0 1 5
0 5 4
8 13 9
8 12 13
1 2 6
1 6 5
9 14 10
9 13 14
2 3 7
2 7 6
10 15 11
10 14 15
16 21 17
16 20 21
24 25 29
24 29 28
17 22 18
17 21 22
25 26 30
25 30 29
18 23 19
18 22 23
26 27 31
26 31 30
32 37 33
32 36 37
40 41 45
40 45 44
33 38 34
33 37 38
41 42 46
41 46 45
34 39 35
34 38 39
42 43 47
42 47 46
48 49 53
48 53 52
56 61 57
56 60 61
49 50 54
49 54 53
57 62 58
57 61 62
50 51 55
50 55 54
58 63 59
58 62 63
64 69 65
64 68 69
72 73 77
72 77 76
65 70 66
65 69 70
73 74 78
73 78 77
66 71 67
66 70 71
74 75 79
74 79 78
80 85 81
80 84 85
88 89 93
88 93 92
81 86 82
81 85 86
89 90 94
89 94 93
82 87 83
82 86 87
90 91 95
90 95 94
96 97 99
96 99 98
100 103 101
100 102 103
LABEL sfoot0_slat_7_1
MATERIAL 7
TEXTURE 0
GEOM 96 72 ;sfoot0_slat_7_1
0.399 0.971 -1.787 0.0152 0.0295 0.9995
0.454 0.947 -1.787 0.0152 0.0295 0.9995
0.507 0.920 -1.787 0.0152 0.0295 0.9995
0.558 0.889 -1.787 0.0152 0.0295 0.9995
4.277 10.405 -2.125 0.0152 0.0295 0.9995
4.861 10.145 -2.125 0.0152 0.0295 0.9995
5.430 9.853 -2.125 0.0152 0.0295 0.9995
5.981 9.528 -2.125 0.0152 0.0295 0.9995
0.399 0.971 -1.787 -0.0152 -0.0295 -0.9995
0.454 0.947 -1.787 -0.0152 -0.0295 -0.9995
0.507 0.920 -1.787 -0.0152 -0.0295 -0.9995
0.558 0.889 -1.787 -0.0152 -0.0295 -0.9995
4.277 10.405 -2.125 -0.0152 -0.0295 -0.9995
4.861 10.145 -2.125 -0.0152 -0.0295 -0.9995
5.430 9.853 -2.125 -0.0152 -0.0295 -0.9995
5.981 9.528 -2.125 -0.0152 -0.0295 -0.9995
0.399 0.971 -2.037 -0.0152 -0.0295 -0.9995
0.454 0.947 -2.037 -0.0152 -0.0295 -0.9995
0.507 0.920 -2.037 -0.0152 -0.0295 -0.9995
0.558 0.889 -2.037 -0.0152 -0.0295 -0.9995
4.277 10.405 -2.375 -0.0152 -0.0295 -0.9995
4.861 10.145 -2.375 -0.0152 -0.0295 -0.9995
5.430 9.853 -2.375 -0.0152 -0.0295 -0.9995
5.981 9.528 -2.375 -0.0152 -0.0295 -0.9995
0.399 0.971 -2.037 0.0152 0.0295 0.9995
0.454 0.947 -2.037 0.0152 0.0295 0.9995
0.507 0.920 -2.037 0.0152 0.0295 0.9995
0.558 0.889 -2.037 0.0152 0.0295 0.9995
4.277 10.405 -2.375 0.0152 0.0295 0.9995
4.861 10.145 -2.375 0.0152 0.0295 0.9995
5.430 9.853 -2.375 0.0152 0.0295 0.9995
5.981 9.528 -2.375 0.0152 0.0295 0.9995
4.277 10.405 -2.375 0.4576 0.8892 0.0000
4.861 10.145 -2.375 0.4576 0.8892 0.0000
5.430 9.853 -2.375 0.4576 0.8892 0.0000
5.981 9.528 -2.375 0.4576 0.8892 0.0000
4.277 10.405 -2.125 0.4576 0.8892 0.0000
4.861 10.145 -2.125 0.4576 0.8892 0.0000
5.430 9.853 -2.125 0.4576 0.8892 0.0000
5.981 9.528 -2.125 0.4576 0.8892 0.0000
4.277 10.405 -2.375 -0.4576 -0.8892 -0.0000
4.861 10.145 -2.375 -0.4576 -0.8892 -0.0000
5.430 9.853 -2.375 -0.4576 -0.8892 -0.0000
5.981 9.528 -2.375 -0.4576 -0.8892 -0.0000
4.277 10.405 -2.125 -0.4576 -0.8892 -0.0000
4.861 10.145 -2.125 -0.4576 -0.8892 -0.0000
5.430 9.853 -2.125 -0.4576 -0.8892 -0.0000
5.981 9.528 -2.125 -0.4576 -0.8892 -0.0000
0.399 0.971 -2.037 -0.4576 -0.8892 -0.0000
0.454 0.947 -2.037 -0.4576 -0.8892 -0.0000
0.507 0.920 -2.037 -0.4576 -0.8892 -0.0000
0.558 0.889 -2.037 -0.4576 -0.8892 -0.0000
0.399 0.971 -1.787 -0.4576 -0.8892 -0.0000
0.454 0.947 -1.787 -0.4576 -0.8892 -0.0000
0.507 0.920 -1.787 -0.4576 -0.8892 -0.0000
0.558 0.889 -1.787 -0.4576 -0.8892 -0.0000
0.399 0.971 -2.037 0.4576 0.8892 0.0000
0.454 0.947 -2.037 0.4576 0.8892 0.0000
0.507 0.920 -2.037 0.4576 0.8892 0.0000
0.558 0.889 -2.037 0.4576 0.8892 0.0000
0.399 0.971 -1.787 0.4576 0.8892 0.0000
0.454 0.947 -1.787 0.4576 0.8892 0.0000
0.507 0.920 -1.787 0.4576 0.8892 0.0000
0.558 0.889 -1.787 0.4576 0.8892 0.0000
4.277 10.405 -2.125 0.4576 0.8892 0.0000
4.861 10.145 -2.125 0.4576 0.8892 0.0000
5.430 9.853 -2.125 0.4576 0.8892 0.0000
5.981 9.528 -2.125 0.4576 0.8892 0.0000
4.277 10.405 -1.425 0.4576 0.8892 0.0000
4.861 10.145 -1.425 0.4576 0.8892 0.0000
5.430 9.853 -1.425 0.4576 0.8892 0.0000
5.981 9.528 -1.425 0.4576 0.8892 0.0000
4.277 10.405 -2.125 -0.4576 -0.8892 -0.0000
4.861 10.145 -2.125 -0.4576 -0.8892 -0.0000
5.430 9.853 -2.125 -0.4576 -0.8892 -0.0000
5.981 9.528 -2.125 -0.4576 -0.8892 -0.0000
4.277 10.405 -1.425 -0.4576 -0.8892 -0.0000
4.861 10.145 -1.425 -0.4576 -0.8892 -0.0000
5.430 9.853 -1.425 -0.4576 -0.8892 -0.0000
5.981 9.528 -1.425 -0.4576 -0.8892 -0.0000
4.277 10.405 -1.425 -0.0000 -0.0000 1.0000
4.861 10.145 -1.425 -0.0000 -0.0000 1.0000
5.430 9.853 -1.425 -0.0000 -0.0000 1.0000
5.981 9.528 -1.425 -0.0000 -0.0000 1.0000
4.144 10.082 -1.413 -0.0000 -0.0000 1.0000
4.710 9.830 -1.413 -0.0000 -0.0000 1.0000
5.261 9.546 -1.413 -0.0000 -0.0000 1.0000
5.795 9.232 -1.413 -0.0000 -0.0000 1.0000
4.277 10.405 -1.425 0.0000 0.0000 -1.0000
4.861 10.145 -1.425 0.0000 0.0000 -1.0000
5.430 9.853 -1.425 0.0000 0.0000 -1.0000
5.981 9.528 -1.425 0.0000 0.0000 -1.0000
4.144 10.082 -1.413 0.0000 0.0000 -1.0000
4.710 9.830 -1.413 0.0000 0.0000 -1.0000
5.261 9.546 -1.413 0.0000 0.0000 -1.0000
5.795 9.232 -1.413 0.0000 0.0000 -1.0000
0 1 5
0 5 4
8 13 9
8 12 13
1 2 6
1 6 5
9 14 10
9 13 14
2 3 7
2 7 6
10 15 11
10 14 15
16 21 17
16 20 21
24 25 29
24 29 28
17 22 18
17 21 22
25 26 30
25 30 29
18 23 19
18 22 23
26 27 31
26 31 30
32 37 33
32 36 37
40 41 45
40 45 44
33 38 34
33 37 38
41 42 46
41 46 45
34 39 35
34 38 39
42 43 47
42 47 46
48 49 53
48 53 52
56 61 57
56 60 61
49 50 54
49 54 53
57 62 58
57 61 62
50 51 55
50 55 54
58 63 59
58 62 63
64 69 65
64 68 69
72 73 77
72 77 76
65 70 66
65 69 70
73 74 78
73 78 77
66 71 67
66 70 71
74 75 79
74 79 78
80 85 81
80 84 85
88 89 93
88 93 92
81 86 82
81 85 86
89 90 94
89 94 93
82 87 83
82 86 87
90 91 95
90 95 94
LABEL sfoot0_slat_7_2
MATERIAL 7
TEXTURE 0
GEOM 104 76 ;sfoot0_slat_7_2
0.562 0.887 -1.787 0.0152 0.0295 0.9995
0.608 0.856 -1.787 0.0152 0.0295 0.9995
0.653 0.822 -1.787 0.0152 0.0295 0.9995
0.696 0.786 -1.787 0.0152 0.0295 0.9995
6.019 9.504 -2.125 0.0152 0.0295 0.9995
6.519 9.169 -2.125 0.0152 0.0295 0.9995
7.000 8.807 -2.125 0.0152 0.0295 0.9995
7.461 8.420 -2.125 0.0152 0.0295 0.9995
0.562 0.887 -1.787 -0.0152 -0.0295 -0.9995
0.608 0.856 -1.787 -0.0152 -0.0295 -0.9995
0.653 0.822 -1.787 -0.0152 -0.0295 -0.9995
0.696 0.786 -1.787 -0.0152 -0.0295 -0.9995
6.019 9.504 -2.125 -0.0152 -0.0295 -0.9995
6.519 9.169 -2.125 -0.0152 -0.0295 -0.9995
7.000 8.807 -2.125 -0.0152 -0.0295 -0.9995
7.461 8.420 -2.125 -0.0152 -0.0295 -0.9995
0.562 0.887 -2.037 -0.0152 -0.0295 -0.9995
0.608 0.856 -2.037 -0.0152 -0.0295 -0.9995
0.653 0.822 -2.037 -0.0152 -0.0295 -0.9995
0.696 0.786 -2.037 -0.0152 -0.0295 -0.9995
6.019 9.504 -2.375 -0.0152 -0.0295 -0.9995
6.519 9.169 -2.375 -0.0152 -0.0295 -0.9995
7.000 8.807 -2.375 -0.0152 -0.0295 -0.9995
7.461 8.420 -2.375 -0.0152 -0.0295 -0.9995
0.562 0.887 -2.037 0.0152 0.0295 0.9995
0.608 0.856 -2.037 0.0152 0.0295 0.9995
0.653 0.822 -2.037 0.0152 0.0295 0.9995
0.696 0.786 -2.037 0.0152 0.0295 0.9995
6.019 9.504 -2.375 0.0152 0.0295 0.9995
6.519 9.169 -2.375 0.0152 0.0295 0.9995
7.000 8.807 -2.375 0.0152 0.0295 0.9995
7.461 8.420 -2.375 0.0152 0.0295 0.9995
6.019 9.504 -2.375 0.6010 0.7992 0.0000
6.519 9.169 -2.375 0.6010 0.7992 0.0000
7.000 8.807 -2.375 0.6010 0.7992 0.0000
7.461 8.420 -2.375 0.6010 0.7992 0.0000
6.019 9.504 -2.125 0.6010 0.7992 0.0000
6.519 9.169 -2.125 0.6010 0.7992 0.0000
7.000 8.807 -2.125 0.6010 0.7992 0.0000
7.461 8.420 -2.125 0.6010 0.7992 0.0000
6.019 9.504 -2.375 -0.6010 -0.7992 -0.0000
6.519 9.169 -2.375 -0.6010 -0.7992 -0.0000
7.000 8.807 -2.375 -0.6010 -0.7992 -0.0000
7.461 8.420 -2.375 -0.6010 -0.7992 -0.0000
6.019 9.504 -2.125 -0.6010 -0.7992 -0.0000
6.519 9.169 -2.125 -0.6010 -0.7992 -0.0000
7.000 8.807 -2.125 -0.6010 -0.7992 -0.0000
7.461 8.420 -2.125 -0.6010 -0.7992 -0.0000
0.562 0.887 -2.037 -0.6010 -0.7992 -0.0000
0.608 0.856 -2.037 -0.6010 -0.7992 -0.0000
0.653 0.822 -2.037 -0.6010 -0.7992 -0.0000
0.696 0.786 -2.037 -0.6010 -0.7992 -0.0000
0.562 0.887 -1.787 -0.6010 -0.7992 -0.0000
0.608 0.856 -1.787 -0.6010 -0.7992 -0.0000
0.653 0.822 -1.787 -0.6010 -0.7992 -0.0000
0.696 0.786 -1.787 -0.6010 -0.7992 -0.0000
0.562 0.887 -2.037 0.6010 0.7992 0.0000
0.608 0.856 -2.037 0.6010 0.7992 0.0000
0.653 0.822 -2.037 0.6010 0.7992 0.0000
0.696 0.786 -2.037 0.6010 0.7992 0.0000
0.562 0.887 -1.787 0.6010 0.7992 0.0000
0.608 0.856 -1.787 0.6010 0.7992 0.0000
0.653 0.822 -1.787 0.6010 0.7992 0.0000
0.696 0.786 -1.787 0.6010 0.7992 0.0000
6.019 9.504 -2.125 0.6010 0.7992 0.0000
6.519 9.169 -2.125 0.6010 0.7992 0.0000
7.000 8.807 -2.125 0.6010 0.7992 0.0000
7.461 8.420 -2.125 0.6010 0.7992 0.0000
6.019 9.504 -1.425 0.6010 0.7992 0.0000
6.519 9.169 -1.425 0.6010 0.7992 0.0000
7.000 8.807 -1.425 0.6010 0.7992 0.0000
7.461 8.420 -1.425 0.6010 0.7992 0.0000
6.019 9.504 -2.125 -0.6010 -0.7992 -0.0000
6.519 9.169 -2.125 -0.6010 -0.7992 -0.0000
7.000 8.807 -2.125 -0.6010 -0.7992 -0.0000
7.461 8.420 -2.125 -0.6010 -0.7992 -0.0000
6.019 9.504 -1.425 -0.6010 -0.7992 -0.0000
6.519 9.169 -1.425 -0.6010 -0.7992 -0.0000
7.000 8.807 -1.425 -0.6010 -0.7992 -0.0000
7.461 8.420 -1.425 -0.6010 -0.7992 -0.0000
6.019 9.504 -1.425 -0.0000 -0.0000 1.0000
6.519 9.169 -1.425 -0.0000 -0.0000 1.0000
7.000 8.807 -1.425 -0.0000 -0.0000 1.0000
7.461 8.420 -1.425 -0.0000 -0.0000 1.0000
5.832 9.209 -1.413 -0.0000 -0.0000 1.0000
6.316 8.884 -1.413 -0.0000 -0.0000 1.0000
6.782 8.533 -1.413 -0.0000 -0.0000 1.0000
7.229 8.158 -1.413 -0.0000 -0.0000 1.0000
6.019 9.504 -1.425 0.0000 0.0000 -1.0000
6.519 9.169 -1.425 0.0000 0.0000 -1.0000
7.000 8.807 -1.425 0.0000 0.0000 -1.0000
7.461 8.420 -1.425 0.0000 0.0000 -1.0000
5.832 9.209 -1.413 0.0000 0.0000 -1.0000
6.316 8.884 -1.413 0.0000 0.0000 -1.0000
6.782 8.533 -1.413 0.0000 0.0000 -1.0000
7.229 8.158 -1.413 0.0000 0.0000 -1.0000
0.696 0.786 -2.037 0.7485 -0.6632 0.0000
7.461 8.420 -2.375 0.7485 -0.6632 0.0000
0.696 0.786 -1.787 0.7485 -0.6632 0.0000
7.461 8.420 -2.125 0.7485 -0.6632 0.0000
0.696 0.786 -2.037 -0.7485 0.6632 -0.0000
7.461 8.420 -2.375 -0.7485 0.6632 -0.0000
0.696 0.786 -1.787 -0.7485 0.6632 -0.0000
7.461 8.420 -2.125 -0.7485 0.6632 -0.0000
0 1 5
0 5 4
8 13 9
8 12 13
1 2 6
1 6 5
9 14 10
9 13 14
2 3 7
2 7 6
10 15 11
10 14 15
16 21 17
16 20 21
24 25 29
24 29 28
17 22 18
17 21 22
25 26 30
25 30 29
18 23 19
18 22 23
26 27 31
26 31 30
32 37 33
32 36 37
40 41 45
40 45 44
33 38 34
33 37 38
41 42 46
41 46 45
34 39 35
34 38 39
42 43 47
42 47 46
48 49 53
48 53 52
56 61 57
56 60 61
49 50 54
49 54 53
57 62 58
57 61 62
50 51 55
50 55 54
58 63 59
58 62 63
64 69 65
64 68 69
72 73 77
72 77 76
65 70 66
65 69 70
73 74 78
73 78 77
66 71 67
66 70 71
74 75 79
74 79 78
80 85 81
80 84 85
88 89 93
88 93 92
81 86 82
81 85 86
89 90 94
89 94 93
82 87 83
82 86 87
90 91 95
90 95 94
96 97 99
96 99 98
100 103 101
100 102 103
LABEL sfoot0_strut_7
MATERIAL 9
TEXTURE 0
GEOM 50 48 ;sfoot0_strut_7
0.927 1.023 2.424 0.8008 -0.0000 0.5989
0.987 0.860 2.233 0.9207 -0.3258 0.2150
0.923 0.740 2.012 0.7938 -0.5644 -0.2265
0.753 0.697 1.821 0.4543 -0.6517 -0.6074
0.523 0.740 1.712 -0.0070 -0.5644 -0.8255
0.293 0.860 1.714 -0.4664 -0.3258 -0.8224
0.126 1.023 1.826 -0.8008 -0.0000 -0.5989
0.066 1.185 2.017 -0.9207 0.3258 -0.2150
0.129 1.305 2.238 -0.7938 0.5644 0.2265
0.299 1.348 2.429 -0.4543 0.6517 0.6074
0.530 1.305 2.538 0.0070 0.5644 0.8255
0.759 1.185 2.536 0.4664 0.3258 0.8224
2.532 4.141 0.279 0.8008 -0.0000 0.5989
2.591 3.978 0.087 0.9207 -0.3258 0.2150
2.528 3.859 -0.134 0.7938 -0.5644 -0.2265
2.358 3.816 -0.325 0.4543 -0.6517 -0.6074
2.128 3.859 -0.434 -0.0070 -0.5644 -0.8255
1.898 3.978 -0.432 -0.4664 -0.3258 -0.8224
1.731 4.141 -0.320 -0.8008 -0.0000 -0.5989
1.671 4.304 -0.128 -0.9207 0.3258 -0.2150
1.734 4.424 0.092 -0.7938 0.5644 0.2265
1.904 4.467 0.283 -0.4543 0.6517 0.6074
2.135 4.424 0.392 0.0070 0.5644 0.8255
2.364 4.304 0.390 0.4664 0.3258 0.8224
0.526 1.023 2.125 -0.3903 -0.7585 0.5219
0.927 1.023 2.424 -0.3903 -0.7585 0.5219
0.987 0.860 2.233 -0.3903 -0.7585 0.5219
0.923 0.740 2.012 -0.3903 -0.7585 0.5219
0.753 0.697 1.821 -0.3903 -0.7585 0.5219
0.523 0.740 1.712 -0.3903 -0.7585 0.5219
0.293 0.860 1.714 -0.3903 -0.7585 0.5219
0.126 1.023 1.826 -0.3903 -0.7585 0.5219
0.066 1.185 2.017 -0.3903 -0.7585 0.5219
0.129 1.305 2.238 -0.3903 -0.7585 0.5219
0.299 1.348 2.429 -0.3903 -0.7585 0.5219
0.530 1.305 2.538 -0.3903 -0.7585 0.5219
0.759 1.185 2.536 -0.3903 -0.7585 0.5219
2.131 4.141 -0.021 0.3903 0.7585 -0.5219
2.532 4.141 0.279 0.3903 0.7585 -0.5219
2.591 3.978 0.087 0.3903 0.7585 -0.5219
2.528 3.859 -0.134 0.3903 0.7585 -0.5219
2.358 3.816 -0.325 0.3903 0.7585 -0.5219
2.128 3.859 -0.434 0.3903 0.7585 -0.5219
1.898 3.978 -0.432 0.3903 0.7585 -0.5219
1.731 4.141 -0.320 0.3903 0.7585 -0.5219
1.671 4.304 -0.128 0.3903 0.7585 -0.5219
1.734 4.424 0.092 0.3903 0.7585 -0.5219
1.904 4.467 0.283 0.3903 0.7585 -0.5219
2.135 4.424 0.392 0.3903 0.7585 -0.5219
2.364 4.304 0.390 0.3903 0.7585 -0.5219
0 1 13
0 13 12
1 2 14
1 14 13
2 3 15
2 15 14
3 4 16
3 16 15
4 5 17
4 17 16
5 6 18
5 18 17
6 7 19
6 19 18
7 8 20
7 20 19
8 9 21
8 21 20
9 10 22
9 22 21
10 11 23
10 23 22
11 0 12
11 12 23
24 26 25
24 27 26
24 28 27
24 29 28
24 30 29
24 31 30
24 32 31
24 33 32
24 34 33
24 35 34
24 36 35
24 25 36
37 38 39
37 39 40
37 40 41
37 41 42
37 42 43
37 43 44
37 44 45
37 45 46
37 46 47
37 47 48
37 48 49
37 49 38
LABEL sfoot0_rod_7
MATERIAL 7
TEXTURE 0
GEOM 42 40 ;sfoot0_rod_7
2.097 3.686 0.442 0.8008 -0.0000 0.5989
2.126 3.591 0.324 0.9149 -0.3830 0.1275
2.067 3.531 0.194 0.6795 -0.6198 -0.3926
1.943 3.531 0.102 0.1846 -0.6198 -0.7627
1.802 3.591 0.082 -0.3808 -0.3830 -0.8416
1.697 3.686 0.143 -0.8008 -0.0000 -0.5989
1.668 3.782 0.260 -0.9149 0.3830 -0.1275
1.727 3.841 0.390 -0.6795 0.6198 0.3926
1.851 3.841 0.483 -0.1846 0.6198 0.7627
1.992 3.782 0.503 0.3808 0.3830 0.8416
3.644 6.693 -1.627 0.8008 -0.0000 0.5989
3.673 6.597 -1.745 0.9149 -0.3830 0.1275
3.614 6.538 -1.875 0.6795 -0.6198 -0.3926
3.490 6.538 -1.967 0.1846 -0.6198 -0.7627
3.349 6.597 -1.987 -0.3808 -0.3830 -0.8416
3.244 6.693 -1.926 -0.8008 -0.0000 -0.5989
3.216 6.789 -1.808 -0.9149 0.3830 -0.1275
3.274 6.848 -1.678 -0.6795 0.6198 0.3926
3.398 6.848 -1.586 -0.1846 0.6198 0.7627
3.539 6.789 -1.566 0.3808 0.3830 0.8416
1.897 3.686 0.292 -0.3903 -0.7585 0.5219
2.097 3.686 0.442 -0.3903 -0.7585 0.5219
2.126 3.591 0.324 -0.3903 -0.7585 0.5219
2.067 3.531 0.194 -0.3903 -0.7585 0.5219
1.943 3.531 0.102 -0.3903 -0.7585 0.5219
1.802 3.591 0.082 -0.3903 -0.7585 0.5219
1.697 3.686 0.143 -0.3903 -0.7585 0.5219
1.668 3.782 0.260 -0.3903 -0.7585 0.5219
1.727 3.841 0.390 -0.3903 -0.7585 0.5219
1.851 3.841 0.483 -0.3903 -0.7585 0.5219
1.992 3.782 0.503 -0.3903 -0.7585 0.5219
3.444 6.693 -1.776 0.3903 0.7585 -0.5219
3.644 6.693 -1.627 0.3903 0.7585 -0.5219
3.673 6.597 -1.745 0.3903 0.7585 -0.5219
3.614 6.538 -1.875 0.3903 0.7585 -0.5219
3.490 6.538 -1.967 0.3903 0.7585 -0.5219
3.349 6.597 -1.987 0.3903 0.7585 -0.5219
3.244 6.693 -1.926 0.3903 0.7585 -0.5219
3.216 6.789 -1.808 0.3903 0.7585 -0.5219
3.274 6.848 -1.678 0.3903 0.7585 -0.5219
3.398 6.848 -1.586 0.3903 0.7585 -0.5219
3.539 6.789 -1.566 0.3903 0.7585 -0.5219
0 1 11
0 11 10
1 2 12
1 12 11
2 3 13
2 13 12
3 4 14
3 14 13
4 5 15
4 15 14
5 6 16
5 16 15
6 7 17
6 17 16
7 8 18
7 18 17
8 9 19
8 19 18
9 0 10
9 10 19
20 22 21
20 23 22
20 24 23
20 25 24
20 26 25
20 27 26
20 28 27
20 29 28
20 30 29
20 21 30
31 32 33
31 33 34
31 34 35
31 35 36
31 36 37
31 37 38
31 38 39
31 39 40
31 40 41
31 41 32
LABEL sfoot0_skirt_7_0
MATERIAL 7
TEXTURE 0
GEOM 16 12 ;sfoot0_skirt_7_0
2.515 10.965 -3.275 0.3010 0.9536 0.0000
3.098 10.815 -3.275 0.3010 0.9536 0.0000
3.672 10.634 -3.275 0.3010 0.9536 0.0000
4.235 10.422 -3.275 0.3010 0.9536 0.0000
2.515 10.965 -2.375 0.3010 0.9536 0.0000
3.098 10.815 -2.375 0.3010 0.9536 0.0000
3.672 10.634 -2.375 0.3010 0.9536 0.0000
4.235 10.422 -2.375 0.3010 0.9536 0.0000
2.515 10.965 -3.275 -0.3010 -0.9536 -0.0000
3.098 10.815 -3.275 -0.3010 -0.9536 -0.0000
3.672 10.634 -3.275 -0.3010 -0.9536 -0.0000
4.235 10.422 -3.275 -0.3010 -0.9536 -0.0000
2.515 10.965 -2.375 -0.3010 -0.9536 -0.0000
3.098 10.815 -2.375 -0.3010 -0.9536 -0.0000
3.672 10.634 -2.375 -0.3010 -0.9536 -0.0000
4.235 10.422 -2.375 -0.3010 -0.9536 -0.0000
0 5 1
0 4 5
8 9 13
8 13 12
1 6 2
1 5 6
9 10 14
9 14 13
2 7 3
2 6 7
10 11 15
10 15 14
LABEL sfoot0_skirt_7_1
MATERIAL 7
TEXTURE 0
GEOM 16 12 ;sfoot0_skirt_7_1
4.277 10.405 -3.275 0.4576 0.8892 0.0000
4.861 10.145 -3.275 0.4576 0.8892 0.0000
5.430 9.853 -3.275 0.4576 0.8892 0.0000
5.981 9.528 -3.275 0.4576 0.8892 0.0000
4.277 10.405 -2.375 0.4576 0.8892 0.0000
4.861 10.145 -2.375 0.4576 0.8892 0.0000
5.430 9.853 -2.375 0.4576 0.8892 0.0000
5.981 9.528 -2.375 0.4576 0.8892 0.0000
4.277 10.405 -3.275 -0.4576 -0.8892 -0.0000
4.861 10.145 -3.275 -0.4576 -0.8892 -0.0000
5.430 9.853 -3.275 -0.4576 -0.8892 -0.0000
5.981 9.528 -3.275 -0.4576 -0.8892 -0.0000
4.277 10.405 -2.375 -0.4576 -0.8892 -0.0000
4.861 10.145 -2.375 -0.4576 -0.8892 -0.0000
5.430 9.853 -2.375 -0.4576 -0.8892 -0.0000
5.981 9.528 -2.375 -0.4576 -0.8892 -0.0000
0 5 1
0 4 5
8 9 13
8 13 12
1 6 2
1 5 6
9 10 14
9 14 13
2 7 3
2 6 7
10 11 15
10 15 14
LABEL sfoot0_skirt_7_2
MATERIAL 7
TEXTURE 0
GEOM 16 12 ;sfoot0_skirt_7_2
6.019 9.504 -3.275 0.6010 0.7992 0.0000
6.519 9.169 -3.275 0.6010 0.7992 0.0000
7.000 8.807 -3.275 0.6010 0.7992 0.0000
7.461 8.420 -3.275 0.6010 0.7992 0.0000
6.019 9.504 -2.375 0.6010 0.7992 0.0000
6.519 9.169 -2.375 0.6010 0.7992 0.0000
7.000 8.807 -2.375 0.6010 0.7992 0.0000
7.461 8.420 -2.375 0.6010 0.7992 0.0000
6.019 9.504 -3.275 -0.6010 -0.7992 -0.0000
6.519 9.169 -3.275 -0.6010 -0.7992 -0.0000
7.000 8.807 -3.275 -0.6010 -0.7992 -0.0000
7.461 8.420 -3.275 -0.6010 -0.7992 -0.0000
6.019 9.504 -2.375 -0.6010 -0.7992 -0.0000
6.519 9.169 -2.375 -0.6010 -0.7992 -0.0000
7.000 8.807 -2.375 -0.6010 -0.7992 -0.0000
7.461 8.420 -2.375 -0.6010 -0.7992 -0.0000
0 5 1
0 4 5
8 9 13
8 13 12
1 6 2
1 5 6
9 10 14
9 14 13
2 7 3
2 6 7
10 11 15
10 15 14
LABEL sfoot0_petal_8
MATERIAL 7
TEXTURE 0
GEOM 66 52 ;sfoot0_petal_8
0.574 0.786 -1.782 -0.8404 -0.5410 0.0332
0.953 0.197 -1.782 -0.8404 -0.5410 0.0332
0.966 0.205 -1.332 -0.8404 -0.5410 0.0332
0.587 0.794 -1.332 -0.8404 -0.5410 0.0332
8.941 6.171 -2.112 0.8404 0.5410 -0.0332
9.320 5.583 -2.112 0.8404 0.5410 -0.0332
9.332 5.591 -1.662 0.8404 0.5410 -0.0332
8.953 6.180 -1.662 0.8404 0.5410 -0.0332
0.574 0.786 -1.782 -0.5413 0.8409 -0.0000
8.941 6.171 -2.112 -0.5413 0.8409 -0.0000
8.953 6.180 -1.662 -0.5413 0.8409 -0.0000
0.587 0.794 -1.332 -0.5413 0.8409 -0.0000
0.953 0.197 -1.782 0.5413 -0.8409 0.0000
9.320 5.583 -2.112 0.5413 -0.8409 0.0000
9.332 5.591 -1.662 0.5413 -0.8409 0.0000
0.966 0.205 -1.332 0.5413 -0.8409 0.0000
0.574 0.786 -1.782 -0.0279 -0.0179 -0.9995
8.941 6.171 -2.112 -0.0279 -0.0179 -0.9995
9.320 5.583 -2.112 -0.0279 -0.0179 -0.9995
0.953 0.197 -1.782 -0.0279 -0.0179 -0.9995
0.587 0.794 -1.332 0.0279 0.0179 0.9995
8.953 6.180 -1.662 0.0279 0.0179 0.9995
9.332 5.591 -1.662 0.0279 0.0179 0.9995
0.966 0.205 -1.332 0.0279 0.0179 0.9995
0.345 0.757 -1.525 -0.0000 0.0000 1.0000
0.197 0.662 -1.582 -0.4942 -0.3181 0.8090
0.105 0.603 -1.732 -0.7997 -0.5148 0.3090
0.105 0.603 -1.918 -0.7997 -0.5148 -0.3090
0.197 0.662 -2.068 -0.4942 -0.3181 -0.8090
0.345 0.757 -2.125 -0.0000 -0.0000 -1.0000
0.493 0.853 -2.068 0.4942 0.3181 -0.8090
0.585 0.912 -1.918 0.7997 0.5148 -0.3090
0.585 0.912 -1.732 0.7997 0.5148 0.3090
0.493 0.853 -1.582 0.4942 0.3181 0.8090
0.832 0.000 -1.525 -0.0000 0.0000 1.0000
0.684 -0.095 -1.582 -0.4942 -0.3181 0.8090
0.592 -0.154 -1.732 -0.7997 -0.5148 0.3090
0.592 -0.154 -1.918 -0.7997 -0.5148 -0.3090
0.684 -0.095 -2.068 -0.4942 -0.3181 -0.8090
0.832 0.000 -2.125 -0.0000 -0.0000 -1.0000
0.980 0.096 -2.068 0.4942 0.3181 -0.8090
1.072 0.155 -1.918 0.7997 0.5148 -0.3090
1.072 0.155 -1.732 0.7997 0.5148 0.3090
0.980 0.096 -1.582 0.4942 0.3181 0.8090
0.345 0.757 -1.825 -0.5413 0.8409 -0.0000
0.345 0.757 -1.525 -0.5413 0.8409 -0.0000
0.197 0.662 -1.582 -0.5413 0.8409 -0.0000
0.105 0.603 -1.732 -0.5413 0.8409 -0.0000
0.105 0.603 -1.918 -0.5413 0.8409 -0.0000
0.197 0.662 -2.068 -0.5413 0.8409 -0.0000
0.345 0.757 -2.125 -0.5413 0.8409 -0.0000
0.493 0.853 -2.068 -0.5413 0.8409 -0.0000
0.585 0.912 -1.918 -0.5413 0.8409 -0.0000
0.585 0.912 -1.732 -0.5413 0.8409 -0.0000
0.493 0.853 -1.582 -0.5413 0.8409 -0.0000
0.832 0.000 -1.825 0.5413 -0.8409 0.0000
0.832 0.000 -1.525 0.5413 -0.8409 0.0000
0.684 -0.095 -1.582 0.5413 -0.8409 0.0000
0.592 -0.154 -1.732 0.5413 -0.8409 0.0000
0.592 -0.154 -1.918 0.5413 -0.8409 0.0000
0.684 -0.095 -2.068 0.5413 -0.8409 0.0000
0.832 0.000 -2.125 0.5413 -0.8409 0.0000
0.980 0.096 -2.068 0.5413 -0.8409 0.0000
1.072 0.155 -1.918 0.5413 -0.8409 0.0000
1.072 0.155 -1.732 0.5413 -0.8409 0.0000
0.980 0.096 -1.582 0.5413 -0.8409 0.0000
0 1 2
0 2 3
4 6 5
4 7 6
8 10 9
8 11 10
12 13 14
12 14 15
16 17 18
16 18 19
20 22 21
20 23 22
24 25 35
24 35 34
25 26 36
25 36 35
26 27 37
26 37 36
27 28 38
27 38 37
28 29 39
28 39 38
29 30 40
29 40 39
30 31 41
30 41 40
31 32 42
31 42 41
32 33 43
32 43 42
33 24 34
33 34 43
44 46 45
44 47 46
44 48 47
44 49 48
44 50 49
44 51 50
44 52 51
44 53 52
44 54 53
44 45 54
55 56 57
55 57 58
55 58 59
55 59 60
55 60 61
55 61 62
55 62 63
55 63 64
55 64 65
55 65 56
LABEL sfoot0_slat_8_0
MATERIAL 7
TEXTURE 0
GEOM 104 76 ;sfoot0_slat_8_0
0.715 0.769 -1.787 0.0279 0.0179 0.9995
0.755 0.730 -1.787 0.0279 0.0179 0.9995
0.793 0.688 -1.787 0.0279 0.0179 0.9995
0.829 0.645 -1.787 0.0279 0.0179 0.9995
7.661 8.239 -2.125 0.0279 0.0179 0.9995
8.090 7.817 -2.125 0.0279 0.0179 0.9995
8.497 7.373 -2.125 0.0279 0.0179 0.9995
8.879 6.908 -2.125 0.0279 0.0179 0.9995
0.715 0.769 -1.787 -0.0279 -0.0179 -0.9995
0.755 0.730 -1.787 -0.0279 -0.0179 -0.9995
0.793 0.688 -1.787 -0.0279 -0.0179 -0.9995
0.829 0.645 -1.787 -0.0279 -0.0179 -0.9995
7.661 8.239 -2.125 -0.0279 -0.0179 -0.9995
8.090 7.817 -2.125 -0.0279 -0.0179 -0.9995
8.497 7.373 -2.125 -0.0279 -0.0179 -0.9995
8.879 6.908 -2.125 -0.0279 -0.0179 -0.9995
0.715 0.769 -2.037 -0.0279 -0.0179 -0.9995
0.755 0.730 -2.037 -0.0279 -0.0179 -0.9995
0.793 0.688 -2.037 -0.0279 -0.0179 -0.9995
0.829 0.645 -2.037 -0.0279 -0.0179 -0.9995
7.661 8.239 -2.375 -0.0279 -0.0179 -0.9995
8.090 7.817 -2.375 -0.0279 -0.0179 -0.9995
8.497 7.373 -2.375 -0.0279 -0.0179 -0.9995
8.879 6.908 -2.375 -0.0279 -0.0179 -0.9995
0.715 0.769 -2.037 0.0279 0.0179 0.9995
0.755 0.730 -2.037 0.0279 0.0179 0.9995
0.793 0.688 -2.037 0.0279 0.0179 0.9995
0.829 0.645 -2.037 0.0279 0.0179 0.9995
7.661 8.239 -2.375 0.0279 0.0179 0.9995
8.090 7.817 -2.375 0.0279 0.0179 0.9995
8.497 7.373 -2.375 0.0279 0.0179 0.9995
8.879 6.908 -2.375 0.0279 0.0179 0.9995
7.661 8.239 -2.375 0.7375 0.6754 0.0000
8.090 7.817 -2.375 0.7375 0.6754 0.0000
8.497 7.373 -2.375 0.7375 0.6754 0.0000
8.879 6.908 -2.375 0.7375 0.6754 0.0000
7.661 8.239 -2.125 0.7375 0.6754 0.0000
8.090 7.817 -2.125 0.7375 0.6754 0.0000
8.497 7.373 -2.125 0.7375 0.6754 0.0000
8.879 6.908 -2.125 0.7375 0.6754 0.0000
7.661 8.239 -2.375 -0.7375 -0.6754 -0.0000
8.090 7.817 -2.375 -0.7375 -0.6754 -0.0000
8.497 7.373 -2.375 -0.7375 -0.6754 -0.0000
8.879 6.908 -2.375 -0.7375 -0.6754 -0.0000
7.661 8.239 -2.125 -0.7375 -0.6754 -0.0000
8.090 7.817 -2.125 -0.7375 -0.6754 -0.0000
8.497 7.373 -2.125 -0.7375 -0.6754 -0.0000
8.879 6.908 -2.125 -0.7375 -0.6754 -0.0000
0.715 0.769 -2.037 -0.7375 -0.6754 -0.0000
0.755 0.730 -2.037 -0.7375 -0.6754 -0.0000
0.793 0.688 -2.037 -0.7375 -0.6754 -0.0000
0.829 0.645 -2.037 -0.7375 -0.6754 -0.0000
0.715 0.769 -1.787 -0.7375 -0.6754 -0.0000
0.755 0.730 -1.787 -0.7375 -0.6754 -0.0000
0.793 0.688 -1.787 -0.7375 -0.6754 -0.0000
0.829 0.645 -1.787 -0.7375 -0.6754 -0.0000
0.715 0.769 -2.037 0.7375 0.6754 0.0000
0.755 0.730 -2.037 0.7375 0.6754 0.0000
0.793 0.688 -2.037 0.7375 0.6754 0.0000
0.829 0.645 -2.037 0.7375 0.6754 0.0000
0.715 0.769 -1.787 0.7375 0.6754 0.0000
0.755 0.730 -1.787 0.7375 0.6754 0.0000
0.793 0.688 -1.787 0.7375 0.6754 0.0000
0.829 0.645 -1.787 0.7375 0.6754 0.0000
7.661 8.239 -2.125 0.7375 0.6754 0.0000
8.090 7.817 -2.125 0.7375 0.6754 0.0000
8.497 7.373 -2.125 0.7375 0.6754 0.0000
8.879 6.908 -2.125 0.7375 0.6754 0.0000
7.661 8.239 -1.425 0.7375 0.6754 0.0000
8.090 7.817 -1.425 0.7375 0.6754 0.0000
8.497 7.373 -1.425 0.7375 0.6754 0.0000
8.879 6.908 -1.425 0.7375 0.6754 0.0000
7.661 8.239 -2.125 -0.7375 -0.6754 -0.0000
8.090 7.817 -2.125 -0.7375 -0.6754 -0.0000
8.497 7.373 -2.125 -0.7375 -0.6754 -0.0000
8.879 6.908 -2.125 -0.7375 -0.6754 -0.0000
7.661 8.239 -1.425 -0.7375 -0.6754 -0.0000
8.090 7.817 -1.425 -0.7375 -0.6754 -0.0000
8.497 7.373 -1.425 -0.7375 -0.6754 -0.0000
8.879 6.908 -1.425 -0.7375 -0.6754 -0.0000
7.661 8.239 -1.425 -0.0000 -0.0000 1.0000
8.090 7.817 -1.425 -0.0000 -0.0000 1.0000
8.497 7.373 -1.425 -0.0000 -0.0000 1.0000
8.879 6.908 -1.425 -0.0000 -0.0000 1.0000
7.422 7.982 -1.413 -0.0000 -0.0000 1.0000
7.839 7.574 -1.413 -0.0000 -0.0000 1.0000
8.233 7.144 -1.413 -0.0000 -0.0000 1.0000
8.603 6.693 -1.413 -0.0000 -0.0000 1.0000
7.661 8.239 -1.425 0.0000 0.0000 -1.0000
8.090 7.817 -1.425 0.0000 0.0000 -1.0000
8.497 7.373 -1.425 0.0000 0.0000 -1.0000
8.879 6.908 -1.425 0.0000 0.0000 -1.0000
7.422 7.982 -1.413 0.0000 0.0000 -1.0000
7.839 7.574 -1.413 0.0000 0.0000 -1.0000
8.233 7.144 -1.413 0.0000 0.0000 -1.0000
8.603 6.693 -1.413 0.0000 0.0000 -1.0000
0.715 0.769 -2.037 0.7323 -0.6810 0.0000
7.661 8.239 -2.375 0.7323 -0.6810 0.0000
0.715 0.769 -1.787 0.7323 -0.6810 0.0000
7.661 8.239 -2.125 0.7323 -0.6810 0.0000
0.715 0.769 -2.037 -0.7323 0.6810 -0.0000
7.661 8.239 -2.375 -0.7323 0.6810 -0.0000
0.715 0.769 -1.787 -0.7323 0.6810 -0.0000
7.661 8.239 -2.125 -0.7323 0.6810 -0.0000
0 1 5
0 5 4
8 13 9
8 12 13
1 2 6
1 6 5
9 14 10
9 13 14
2 3 7
2 7 6
10 15 11
10 14 15
16 21 17
16 20 21
24 25 29
24 29 28
17 22 18
17 21 22
25 26 30
25 30 29
18 23 19
18 22 23
26 27 31
26 31 30
32 37 33
32 36 37
40 41 45
40 45 44
33 38 34
33 37 38
41 42 46
41 46 45
34 39 35
34 38 39
42 43 47
42 47 46
48 49 53
48 53 52
56 61 57
56 60 61
49 50 54
49 54 53
57 62 58
57 61 62
50 51 55
50 55 54
58 63 59
58 62 63
64 69 65
64 68 69
72 73 77
72 77 76
65 70 66
65 69 70
73 74 78
73 78 77
66 71 67
66 70 71
74 75 79
74 79 78
80 85 81
80 84 85
88 89 93
88 93 92
81 86 82
81 85 86
89 90 94
89 94 93
82 87 83
82 86 87
90 91 95
90 95 94
96 97 99
96 99 98
100 103 101
100 102 103
LABEL sfoot0_slat_8_1
MATERIAL 7
TEXTURE 0
GEOM 96 72 ;sfoot0_slat_8_1
0.831 0.641 -1.787 0.0279 0.0179 0.9995
0.866 0.593 -1.787 0.0279 0.0179 0.9995
0.899 0.543 -1.787 0.0279 0.0179 0.9995
0.928 0.491 -1.787 0.0279 0.0179 0.9995
8.907 6.873 -2.125 0.0279 0.0179 0.9995
9.283 6.356 -2.125 0.0279 0.0179 0.9995
9.629 5.818 -2.125 0.0279 0.0179 0.9995
9.944 5.261 -2.125 0.0279 0.0179 0.9995
0.831 0.641 -1.787 -0.0279 -0.0179 -0.9995
0.866 0.593 -1.787 -0.0279 -0.0179 -0.9995
0.899 0.543 -1.787 -0.0279 -0.0179 -0.9995
0.928 0.491 -1.787 -0.0279 -0.0179 -0.9995
8.907 6.873 -2.125 -0.0279 -0.0179 -0.9995
9.283 6.356 -2.125 -0.0279 -0.0179 -0.9995
9.629 5.818 -2.125 -0.0279 -0.0179 -0.9995
9.944 5.261 -2.125 -0.0279 -0.0179 -0.9995
0.831 0.641 -2.037 -0.0279 -0.0179 -0.9995
0.866 0.593 -2.037 -0.0279 -0.0179 -0.9995
0.899 0.543 -2.037 -0.0279 -0.0179 -0.9995
0.928 0.491 -2.037 -0.0279 -0.0179 -0.9995
8.907 6.873 -2.375 -0.0279 -0.0179 -0.9995
9.283 6.356 -2.375 -0.0279 -0.0179 -0.9995
9.629 5.818 -2.375 -0.0279 -0.0179 -0.9995
9.944 5.261 -2.375 -0.0279 -0.0179 -0.9995
0.831 0.641 -2.037 0.0279 0.0179 0.9995
0.866 0.593 -2.037 0.0279 0.0179 0.9995
0.899 0.543 -2.037 0.0279 0.0179 0.9995
0.928 0.491 -2.037 0.0279 0.0179 0.9995
8.907 6.873 -2.375 0.0279 0.0179 0.9995
9.283 6.356 -2.375 0.0279 0.0179 0.9995
9.629 5.818 -2.375 0.0279 0.0179 0.9995
9.944 5.261 -2.375 0.0279 0.0179 0.9995
8.907 6.873 -2.375 0.8409 0.5413 0.0000
9.283 6.356 -2.375 0.8409 0.5413 0.0000
9.629 5.818 -2.375 0.8409 0.5413 0.0000
9.944 5.261 -2.375 0.8409 0.5413 0.0000
8.907 6.873 -2.125 0.8409 0.5413 0.0000
9.283 6.356 -2.125 0.8409 0.5413 0.0000
9.629 5.818 -2.125 0.8409 0.5413 0.0000
9.944 5.261 -2.125 0.8409 0.5413 0.0000
8.907 6.873 -2.375 -0.8409 -0.5413 -0.0000
9.283 6.356 -2.375 -0.8409 -0.5413 -0.0000
9.629 5.818 -2.375 -0.8409 -0.5413 -0.0000
9.944 5.261 -2.375 -0.8409 -0.5413 -0.0000
8.907 6.873 -2.125 -0.8409 -0.5413 -0.0000
9.283 6.356 -2.125 -0.8409 -0.5413 -0.0000
9.629 5.818 -2.125 -0.8409 -0.5413 -0.0000
9.944 5.261 -2.125 -0.8409 -0.5413 -0.0000
0.831 0.641 -2.037 -0.8409 -0.5413 -0.0000
0.866 0.593 -2.037 -0.8409 -0.5413 -0.0000
0.899 0.543 -2.037 -0.8409 -0.5413 -0.0000
0.928 0.491 -2.037 -0.8409 -0.5413 -0.0000
0.831 0.641 -1.787 -0.8409 -0.5413 -0.0000
0.866 0.593 -1.787 -0.8409 -0.5413 -0.0000
0.899 0.543 -1.787 -0.8409 -0.5413 -0.0000
0.928 0.491 -1.787 -0.8409 -0.5413 -0.0000
0.831 0.641 -2.037 0.8409 0.5413 0.0000
0.866 0.593 -2.037 0.8409 0.5413 0.0000
0.899 0.543 -2.037 0.8409 0.5413 0.0000
0.928 0.491 -2.037 0.8409 0.5413 0.0000
0.831 0.641 -1.787 0.8409 0.5413 0.0000
0.866 0.593 -1.787 0.8409 0.5413 0.0000
0.899 0.543 -1.787 0.8409 0.5413 0.0000
0.928 0.491 -1.787 0.8409 0.5413 0.0000
8.907 6.873 -2.125 0.8409 0.5413 0.0000
9.283 6.356 -2.125 0.8409 0.5413 0.0000
9.629 5.818 -2.125 0.8409 0.5413 0.0000
9.944 5.261 -2.125 0.8409 0.5413 0.0000
8.907 6.873 -1.425 0.8409 0.5413 0.0000
9.283 6.356 -1.425 0.8409 0.5413 0.0000
9.629 5.818 -1.425 0.8409 0.5413 0.0000
9.944 5.261 -1.425 0.8409 0.5413 0.0000
8.907 6.873 -2.125 -0.8409 -0.5413 -0.0000
9.283 6.356 -2.125 -0.8409 -0.5413 -0.0000
9.629 5.818 -2.125 -0.8409 -0.5413 -0.0000
9.944 5.261 -2.125 -0.8409 -0.5413 -0.0000
8.907 6.873 -1.425 -0.8409 -0.5413 -0.0000
9.283 6.356 -1.425 -0.8409 -0.5413 -0.0000
9.629 5.818 -1.425 -0.8409 -0.5413 -0.0000
9.944 5.261 -1.425 -0.8409 -0.5413 -0.0000
8.907 6.873 -1.425 -0.0000 -0.0000 1.0000
9.283 6.356 -1.425 -0.0000 -0.0000 1.0000
9.629 5.818 -1.425 -0.0000 -0.0000 1.0000
9.944 5.261 -1.425 -0.0000 -0.0000 1.0000
8.630 6.659 -1.413 -0.0000 -0.0000 1.0000
8.994 6.158 -1.413 -0.0000 -0.0000 1.0000
9.329 5.637 -1.413 -0.0000 -0.0000 1.0000
9.634 5.098 -1.413 -0.0000 -0.0000 1.0000
8.907 6.873 -1.425 0.0000 0.0000 -1.0000
9.283 6.356 -1.425 0.0000 0.0000 -1.0000
9.629 5.818 -1.425 0.0000 0.0000 -1.0000
9.944 5.261 -1.425 0.0000 0.0000 -1.0000
8.630 6.659 -1.413 0.0000 0.0000 -1.0000
8.994 6.158 -1.413 0.0000 0.0000 -1.0000
9.329 5.637 -1.413 0.0000 0.0000 -1.0000
9.634 5.098 -1.413 0.0000 0.0000 -1.0000
0 1 5
0 5 4
8 13 9
8 12 13
1 2 6
1 6 5
9 14 10
9 13 14
2 3 7
2 7 6
10 15 11
10 14 15
16 21 17
16 20 21
24 25 29
24 29 28
17 22 18
17 21 22
25 26 30
25 30 29
18 23 19
18 22 23
26 27 31
26 31 30
32 37 33
32 36 37
40 41 45
40 45 44
33 38 34
33 37 38
41 42 46
41 46 45
34 39 35
34 38 39
42 43 47
42 47 46
48 49 53
48 53 52
56 61 57
56 60 61
49 50 54
49 54 53
57 62 58
57 61 62
50 51 55
50 55 54
58 63 59
58 62 63
64 69 65
64 68 69
72 73 77
72 77 76
65 70 66
65 69 70
73 74 78
73 78 77
66 71 67
66 70 71
74 75 79
74 79 78
80 85 81
80 84 85
88 89 93
88 93 92
81 86 82
81 85 86
89 90 94
89 94 93
82 87 83
82 86 87
90 91 95
90 95 94
LABEL sfoot0_slat_8_2
MATERIAL 7
TEXTURE 0
GEOM 104 76 ;sfoot0_slat_8_2
0.930 0.487 -1.787 0.0279 0.0179 0.9995
0.955 0.437 -1.787 0.0279 0.0179 0.9995
0.977 0.385 -1.787 0.0279 0.0179 0.9995
0.996 0.332 -1.787 0.0279 0.0179 0.9995
9.965 5.222 -2.125 0.0279 0.0179 0.9995
10.230 4.681 -2.125 0.0279 0.0179 0.9995
10.466 4.127 -2.125 0.0279 0.0179 0.9995
10.671 3.562 -2.125 0.0279 0.0179 0.9995
0.930 0.487 -1.787 -0.0279 -0.0179 -0.9995
0.955 0.437 -1.787 -0.0279 -0.0179 -0.9995
0.977 0.385 -1.787 -0.0279 -0.0179 -0.9995
0.996 0.332 -1.787 -0.0279 -0.0179 -0.9995
9.965 5.222 -2.125 -0.0279 -0.0179 -0.9995
10.230 4.681 -2.125 -0.0279 -0.0179 -0.9995
10.466 4.127 -2.125 -0.0279 -0.0179 -0.9995
10.671 3.562 -2.125 -0.0279 -0.0179 -0.9995
0.930 0.487 -2.037 -0.0279 -0.0179 -0.9995
0.955 0.437 -2.037 -0.0279 -0.0179 -0.9995
0.977 0.385 -2.037 -0.0279 -0.0179 -0.9995
0.996 0.332 -2.037 -0.0279 -0.0179 -0.9995
9.965 5.222 -2.375 -0.0279 -0.0179 -0.9995
10.230 4.681 -2.375 -0.0279 -0.0179 -0.9995
10.466 4.127 -2.375 -0.0279 -0.0179 -0.9995
10.671 3.562 -2.375 -0.0279 -0.0179 -0.9995
0.930 0.487 -2.037 0.0279 0.0179 0.9995
0.955 0.437 -2.037 0.0279 0.0179 0.9995
0.977 0.385 -2.037 0.0279 0.0179 0.9995
0.996 0.332 -2.037 0.0279 0.0179 0.9995
9.965 5.222 -2.375 0.0279 0.0179 0.9995
10.230 4.681 -2.375 0.0279 0.0179 0.9995
10.466 4.127 -2.375 0.0279 0.0179 0.9995
10.671 3.562 -2.375 0.0279 0.0179 0.9995
9.965 5.222 -2.375 0.9201 0.3916 0.0000
10.230 4.681 -2.375 0.9201 0.3916 0.0000
10.466 4.127 -2.375 0.9201 0.3916 0.0000
10.671 3.562 -2.375 0.9201 0.3916 0.0000
9.965 5.222 -2.125 0.9201 0.3916 0.0000
10.230 4.681 -2.125 0.9201 0.3916 0.0000
10.466 4.127 -2.125 0.9201 0.3916 0.0000
10.671 3.562 -2.125 0.9201 0.3916 0.0000
9.965 5.222 -2.375 -0.9201 -0.3916 -0.0000
10.230 4.681 -2.375 -0.9201 -0.3916 -0.0000
10.466 4.127 -2.375 -0.9201 -0.3916 -0.0000
10.671 3.562 -2.375 -0.9201 -0.3916 -0.0000
9.965 5.222 -2.125 -0.9201 -0.3916 -0.0000
10.230 4.681 -2.125 -0.9201 -0.3916 -0.0000
10.466 4.127 -2.125 -0.9201 -0.3916 -0.0000
10.671 3.562 -2.125 -0.9201 -0.3916 -0.0000
0.930 0.487 -2.037 -0.9201 -0.3916 -0.0000
0.955 0.437 -2.037 -0.9201 -0.3916 -0.0000
0.977 0.385 -2.037 -0.9201 -0.3916 -0.0000
0.996 0.332 -2.037 -0.9201 -0.3916 -0.0000
0.930 0.487 -1.787 -0.9201 -0.3916 -0.0000
0.955 0.437 -1.787 -0.9201 -0.3916 -0.0000
0.977 0.385 -1.787 -0.9201 -0.3916 -0.0000
0.996 0.332 -1.787 -0.9201 -0.3916 -0.0000
0.930 0.487 -2.037 0.9201 0.3916 0.0000
0.955 0.437 -2.037 0.9201 0.3916 0.0000
0.977 0.385 -2.037 0.9201 0.3916 0.0000
0.996 0.332 -2.037 0.9201 0.3916 0.0000
0.930 0.487 -1.787 0.9201 0.3916 0.0000
0.955 0.437 -1.787 0.9201 0.3916 0.0000
0.977 0.385 -1.787 0.9201 0.3916 0.0000
0.996 0.332 -1.787 0.9201 0.3916 0.0000
9.965 5.222 -2.125 0.9201 0.3916 0.0000
10.230 4.681 -2.125 0.9201 0.3916 0.0000
10.466 4.127 -2.125 0.9201 0.3916 0.0000
10.671 3.562 -2.125 0.9201 0.3916 0.0000
9.965 5.222 -1.425 0.9201 0.3916 0.0000
10.230 4.681 -1.425 0.9201 0.3916 0.0000
10.466 4.127 -1.425 0.9201 0.3916 0.0000
10.671 3.562 -1.425 0.9201 0.3916 0.0000
9.965 5.222 -2.125 -0.9201 -0.3916 -0.0000
10.230 4.681 -2.125 -0.9201 -0.3916 -0.0000
10.466 4.127 -2.125 -0.9201 -0.3916 -0.0000
10.671 3.562 -2.125 -0.9201 -0.3916 -0.0000
9.965 5.222 -1.425 -0.9201 -0.3916 -0.0000
10.230 4.681 -1.425 -0.9201 -0.3916 -0.0000
10.466 4.127 -1.425 -0.9201 -0.3916 -0.0000
10.671 3.562 -1.425 -0.9201 -0.3916 -0.0000
9.965 5.222 -1.425 -0.0000 -0.0000 1.0000
10.230 4.681 -1.425 -0.0000 -0.0000 1.0000
10.466 4.127 -1.425 -0.0000 -0.0000 1.0000
10.671 3.562 -1.425 -0.0000 -0.0000 1.0000
9.655 5.059 -1.413 -0.0000 -0.0000 1.0000
9.912 4.536 -1.413 -0.0000 -0.0000 1.0000
10.140 3.999 -1.413 -0.0000 -0.0000 1.0000
10.339 3.451 -1.413 -0.0000 -0.0000 1.0000
9.965 5.222 -1.425 0.0000 0.0000 -1.0000
10.230 4.681 -1.425 0.0000 0.0000 -1.0000
10.466 4.127 -1.425 0.0000 0.0000 -1.0000
10.671 3.562 -1.425 0.0000 0.0000 -1.0000
9.655 5.059 -1.413 0.0000 0.0000 -1.0000
9.912 4.536 -1.413 0.0000 0.0000 -1.0000
10.140 3.999 -1.413 0.0000 0.0000 -1.0000
10.339 3.451 -1.413 0.0000 0.0000 -1.0000
0.996 0.332 -2.037 0.3166 -0.9486 0.0000
10.671 3.562 -2.375 0.3166 -0.9486 0.0000
0.996 0.332 -1.787 0.3166 -0.9486 0.0000
10.671 3.562 -2.125 0.3166 -0.9486 0.0000
0.996 0.332 -2.037 -0.3166 0.9486 -0.0000
10.671 3.562 -2.375 -0.3166 0.9486 -0.0000
0.996 0.332 -1.787 -0.3166 0.9486 -0.0000
10.671 3.562 -2.125 -0.3166 0.9486 -0.0000
0 1 5
0 5 4
8 13 9
8 12 13
1 2 6
1 6 5
9 14 10
9 13 14
2 3 7
2 7 6
10 15 11
10 14 15
16 21 17
16 20 21
24 25 29
24 29 28
17 22 18
17 21 22
25 26 30
25 30 29
18 23 19
18 22 23
26 27 31
26 31 30
32 37 33
32 36 37
40 41 45
40 45 44
33 38 34
33 37 38
41 42 46
41 46 45
34 39 35
34 38 39
42 43 47
42 47 46
48 49 53
48 53 52
56 61 57
56 60 61
49 50 54
49 54 53
57 62 58
57 61 62
50 51 55
50 55 54
58 63 59
58 62 63
64 69 65
64 68 69
72 73 77
72 77 76
65 70 66
65 69 70
73 74 78
73 78 77
66 71 67
66 70 71
74 75 79
74 79 78
80 85 81
80 84 85
88 89 93
88 93 92
81 86 82
81 85 86
89 90 94
89 94 93
82 87 83
82 86 87
90 91 95
90 95 94
96 97 99
96 99 98
100 103 101
100 102 103
LABEL sfoot0_strut_8
MATERIAL 9
TEXTURE 0
GEOM 50 48 ;sfoot0_strut_8
1.261 0.622 2.529 0.5883 -0.0000 0.8086
1.315 0.401 2.407 0.6962 -0.4435 0.5645
1.276 0.238 2.210 0.6175 -0.7682 0.1691
1.154 0.179 1.989 0.3734 -0.8870 -0.2716
0.982 0.238 1.805 0.0292 -0.7682 -0.6396
0.806 0.401 1.707 -0.3228 -0.4435 -0.8361
0.673 0.622 1.721 -0.5883 -0.0000 -0.8086
0.619 0.844 1.843 -0.6962 0.4435 -0.5645
0.658 1.007 2.040 -0.6175 0.7682 -0.1691
0.780 1.066 2.261 -0.3734 0.8870 0.2716
0.952 1.007 2.445 -0.0292 0.7682 0.6396
1.128 0.844 2.543 0.3228 0.4435 0.8361
4.210 2.521 0.383 0.5883 -0.0000 0.8086
4.264 2.299 0.261 0.6962 -0.4435 0.5645
4.225 2.137 0.064 0.6175 -0.7682 0.1691
4.103 2.077 -0.157 0.3734 -0.8870 -0.2716
3.931 2.137 -0.341 0.0292 -0.7682 -0.6396
3.755 2.299 -0.439 -0.3228 -0.4435 -0.8361
3.622 2.521 -0.425 -0.5883 -0.0000 -0.8086
3.568 2.743 -0.303 -0.6962 0.4435 -0.5645
3.608 2.905 -0.105 -0.6175 0.7682 -0.1691
3.730 2.964 0.115 -0.3734 0.8870 0.2716
3.902 2.905 0.299 -0.0292 0.7682 0.6396
4.078 2.743 0.397 0.3228 0.4435 0.8361
0.967 0.622 2.125 -0.7173 -0.4617 0.5219
1.261 0.622 2.529 -0.7173 -0.4617 0.5219
1.315 0.401 2.407 -0.7173 -0.4617 0.5219
1.276 0.238 2.210 -0.7173 -0.4617 0.5219
1.154 0.179 1.989 -0.7173 -0.4617 0.5219
0.982 0.238 1.805 -0.7173 -0.4617 0.5219
0.806 0.401 1.707 -0.7173 -0.4617 0.5219
0.673 0.622 1.721 -0.7173 -0.4617 0.5219
0.619 0.844 1.843 -0.7173 -0.4617 0.5219
0.658 1.007 2.040 -0.7173 -0.4617 0.5219
0.780 1.066 2.261 -0.7173 -0.4617 0.5219
0.952 1.007 2.445 -0.7173 -0.4617 0.5219
1.128 0.844 2.543 -0.7173 -0.4617 0.5219
3.916 2.521 -0.021 0.7173 0.4617 -0.5219
4.210 2.521 0.383 0.7173 0.4617 -0.5219
4.264 2.299 0.261 0.7173 0.4617 -0.5219
4.225 2.137 0.064 0.7173 0.4617 -0.5219
4.103 2.077 -0.157 0.7173 0.4617 -0.5219
3.931 2.137 -0.341 0.7173 0.4617 -0.5219
3.755 2.299 -0.439 0.7173 0.4617 -0.5219
3.622 2.521 -0.425 0.7173 0.4617 -0.5219
3.568 2.743 -0.303 0.7173 0.4617 -0.5219
3.608 2.905 -0.105 0.7173 0.4617 -0.5219
3.730 2.964 0.115 0.7173 0.4617 -0.5219
3.902 2.905 0.299 0.7173 0.4617 -0.5219
4.078 2.743 0.397 0.7173 0.4617 -0.5219
0 1 13
0 13 12
1 2 14
1 14 13
2 3 15
2 15 14
3 4 16
3 16 15
4 5 17
4 17 16
5 6 18
5 18 17
6 7 19
6 19 18
7 8 20
7 20 19
8 9 21
8 21 20
9 10 22
9 22 21
10 11 23
10 23 22
11 0 12
11 12 23
24 26 25
24 27 26
24 28 27
24 29 28
24 30 29
24 31 30
24 32 31
24 33 32
24 34 33
24 35 34
24 36 35
24 25 36
37 38 39
37 39 40
37 40 41
37 41 42
37 42 43
37 43 44
37 44 45
37 45 46
37 46 47
37 47 48
37 48 49
37 49 38
LABEL sfoot0_rod_8
MATERIAL 7
TEXTURE 0
GEOM 42 40 ;sfoot0_rod_8
3.633 2.244 0.494 0.5883 -0.0000 0.8086
3.660 2.114 0.416 0.6954 -0.5214 0.4945
3.620 2.033 0.290 0.5369 -0.8436 -0.0085
3.529 2.033 0.165 0.1733 -0.8436 -0.5082
3.422 2.114 0.089 -0.2565 -0.5214 -0.8139
3.339 2.244 0.090 -0.5883 -0.0000 -0.8086
3.312 2.374 0.169 -0.6954 0.5214 -0.4945
3.352 2.455 0.294 -0.5369 0.8436 0.0085
3.443 2.455 0.419 -0.1733 0.8436 0.5082
3.550 2.374 0.496 0.2565 0.5214 0.8139
6.476 4.074 -1.574 0.5883 -0.0000 0.8086
6.503 3.944 -1.653 0.6954 -0.5214 0.4945
6.464 3.863 -1.779 0.5369 -0.8436 -0.0085
6.373 3.863 -1.904 0.1733 -0.8436 -0.5082
6.265 3.944 -1.980 -0.2565 -0.5214 -0.8139
6.182 4.074 -1.979 -0.5883 -0.0000 -0.8086
6.156 4.205 -1.900 -0.6954 0.5214 -0.4945
6.195 4.285 -1.774 -0.5369 0.8436 0.0085
6.286 4.285 -1.649 -0.1733 0.8436 0.5082
6.394 4.205 -1.573 0.2565 0.5214 0.8139
3.486 2.244 0.292 -0.7173 -0.4617 0.5219
3.633 2.244 0.494 -0.7173 -0.4617 0.5219
3.660 2.114 0.416 -0.7173 -0.4617 0.5219
3.620 2.033 0.290 -0.7173 -0.4617 0.5219
3.529 2.033 0.165 -0.7173 -0.4617 0.5219
3.422 2.114 0.089 -0.7173 -0.4617 0.5219
3.339 2.244 0.090 -0.7173 -0.4617 0.5219
3.312 2.374 0.169 -0.7173 -0.4617 0.5219
3.352 2.455 0.294 -0.7173 -0.4617 0.5219
3.443 2.455 0.419 -0.7173 -0.4617 0.5219
3.550 2.374 0.496 -0.7173 -0.4617 0.5219
6.329 4.074 -1.776 0.7173 0.4617 -0.5219
6.476 4.074 -1.574 0.7173 0.4617 -0.5219
6.503 3.944 -1.653 0.7173 0.4617 -0.5219
6.464 3.863 -1.779 0.7173 0.4617 -0.5219
6.373 3.863 -1.904 0.7173 0.4617 -0.5219
6.265 3.944 -1.980 0.7173 0.4617 -0.5219
6.182 4.074 -1.979 0.7173 0.4617 -0.5219
6.156 4.205 -1.900 0.7173 0.4617 -0.5219
6.195 4.285 -1.774 0.7173 0.4617 -0.5219
6.286 4.285 -1.649 0.7173 0.4617 -0.5219
6.394 4.205 -1.573 0.7173 0.4617 -0.5219
0 1 11
0 11 10
1 2 12
1 12 11
2 3 13
2 13 12
3 4 14
3 14 13
4 5 15
4 15 14
5 6 16
5 16 15
6 7 17
6 17 16
7 8 18
7 18 17
8 9 19
8 19 18
9 0 10
9 10 19
20 22 21
20 23 22
20 24 23
20 25 24
20 26 25
20 27 26
20 28 27
20 29 28
20 30 29
20 21 30
31 32 33
31 33 34
31 34 35
31 35 36
31 36 37
31 37 38
31 38 39
31 39 40
31 40 41
31 41 32
LABEL sfoot0_skirt_8_0
MATERIAL 7
TEXTURE 0
GEOM 16 12 ;sfoot0_skirt_8_0
7.661 8.239 -3.275 0.7375 0.6754 0.0000
8.090 7.817 -3.275 0.7375 0.6754 0.0000
8.497 7.373 -3.275 0.7375 0.6754 0.0000
8.879 6.908 -3.275 0.7375 0.6754 0.0000
7.661 8.239 -2.375 0.7375 0.6754 0.0000
8.090 7.817 -2.375 0.7375 0.6754 0.0000
8.497 7.373 -2.375 0.7375 0.6754 0.0000
8.879 6.908 -2.375 0.7375 0.6754 0.0000
7.661 8.239 -3.275 -0.7375 -0.6754 -0.0000
8.090 7.817 -3.275 -0.7375 -0.6754 -0.0000
8.497 7.373 -3.275 -0.7375 -0.6754 -0.0000
8.879 6.908 -3.275 -0.7375 -0.6754 -0.0000
7.661 8.239 -2.375 -0.7375 -0.6754 -0.0000
8.090 7.817 -2.375 -0.7375 -0.6754 -0.0000
8.497 7.373 -2.375 -0.7375 -0.6754 -0.0000
8.879 6.908 -2.375 -0.7375 -0.6754 -0.0000
0 5 1
0 4 5
8 9 13
8 13 12
1 6 2
1 5 6
9 10 14
9 14 13
2 7 3
2 6 7
10 11 15
10 15 14
LABEL sfoot0_skirt_8_1
MATERIAL 7
TEXTURE 0
GEOM 16 12 ;sfoot0_skirt_8_1
8.907 6.873 -3.275 0.8409 0.5413 0.0000
9.283 6.356 -3.275 0.8409 0.5413 0.0000
9.629 5.818 -3.275 0.8409 0.5413 0.0000
9.944 5.261 -3.275 0.8409 0.5413 0.0000
8.907 6.873 -2.375 0.8409 0.5413 0.0000
9.283 6.356 -2.375 0.8409 0.5413 0.0000
9.629 5.818 -2.375 0.8409 0.5413 0.0000
9.944 5.261 -2.375 0.8409 0.5413 0.0000
8.907 6.873 -3.275 -0.8409 -0.5413 -0.0000
9.283 6.356 -3.275 -0.8409 -0.5413 -0.0000
9.629 5.818 -3.275 -0.8409 -0.5413 -0.0000
9.944 5.261 -3.275 -0.8409 -0.5413 -0.0000
8.907 6.873 -2.375 -0.8409 -0.5413 -0.0000
9.283 6.356 -2.375 -0.8409 -0.5413 -0.0000
9.629 5.818 -2.375 -0.8409 -0.5413 -0.0000
9.944 5.261 -2.375 -0.8409 -0.5413 -0.0000
0 5 1
0 4 5
8 9 13
8 13 12
1 6 2
1 5 6
9 10 14
9 14 13
2 7 3
2 6 7
10 11 15
10 15 14
LABEL sfoot0_skirt_8_2
MATERIAL 7
TEXTURE 0
GEOM 16 12 ;sfoot0_skirt_8_2
9.965 5.222 -3.275 0.9201 0.3916 0.0000
10.230 4.681 -3.275 0.9201 0.3916 0.0000
10.466 4.127 -3.275 0.9201 0.3916 0.0000
10.671 3.562 -3.275 0.9201 0.3916 0.0000
9.965 5.222 -2.375 0.9201 0.3916 0.0000
10.230 4.681 -2.375 0.9201 0.3916 0.0000
10.466 4.127 -2.375 0.9201 0.3916 0.0000
10.671 3.562 -2.375 0.9201 0.3916 0.0000
9.965 5.222 -3.275 -0.9201 -0.3916 -0.0000
10.230 4.681 -3.275 -0.9201 -0.3916 -0.0000
10.466 4.127 -3.275 -0.9201 -0.3916 -0.0000
10.671 3.562 -3.275 -0.9201 -0.3916 -0.0000
9.965 5.222 -2.375 -0.9201 -0.3916 -0.0000
10.230 4.681 -2.375 -0.9201 -0.3916 -0.0000
10.466 4.127 -2.375 -0.9201 -0.3916 -0.0000
10.671 3.562 -2.375 -0.9201 -0.3916 -0.0000
0 5 1
0 4 5
8 9 13
8 13 12
1 6 2
1 5 6
9 10 14
9 14 13
2 7 3
2 6 7
10 11 15
10 15 14
LABEL sfoot0_petal_9
MATERIAL 7
TEXTURE 0
GEOM 66 52 ;sfoot0_petal_9
0.890 0.393 -1.782 -0.9983 -0.0483 0.0332
0.924 -0.306 -1.782 -0.9983 -0.0483 0.0332
0.939 -0.305 -1.332 -0.9983 -0.0483 0.0332
0.905 0.394 -1.332 -0.9983 -0.0483 0.0332
10.829 0.874 -2.112 0.9983 0.0483 -0.0332
10.863 0.175 -2.112 0.9983 0.0483 -0.0332
10.877 0.176 -1.662 0.9983 0.0483 -0.0332
10.844 0.875 -1.662 0.9983 0.0483 -0.0332
0.890 0.393 -1.782 -0.0483 0.9988 -0.0000
10.829 0.874 -2.112 -0.0483 0.9988 -0.0000
10.844 0.875 -1.662 -0.0483 0.9988 -0.0000
0.905 0.394 -1.332 -0.0483 0.9988 -0.0000
0.924 -0.306 -1.782 0.0483 -0.9988 0.0000
10.863 0.175 -2.112 0.0483 -0.9988 0.0000
10.877 0.176 -1.662 0.0483 -0.9988 0.0000
0.939 -0.305 -1.332 0.0483 -0.9988 0.0000
0.890 0.393 -1.782 -0.0331 -0.0016 -0.9995
10.829 0.874 -2.112 -0.0331 -0.0016 -0.9995
10.863 0.175 -2.112 -0.0331 -0.0016 -0.9995
0.924 -0.306 -1.782 -0.0331 -0.0016 -0.9995
0.905 0.394 -1.332 0.0331 0.0016 0.9995
10.844 0.875 -1.662 0.0331 0.0016 0.9995
10.877 0.176 -1.662 0.0331 0.0016 0.9995
0.939 -0.305 -1.332 0.0331 0.0016 0.9995
0.677 0.483 -1.525 -0.0000 0.0000 1.0000
0.501 0.475 -1.582 -0.5871 -0.0284 0.8090
0.392 0.470 -1.732 -0.9499 -0.0460 0.3090
0.392 0.470 -1.918 -0.9499 -0.0460 -0.3090
0.501 0.475 -2.068 -0.5871 -0.0284 -0.8090
0.677 0.483 -2.125 -0.0000 -0.0000 -1.0000
0.854 0.492 -2.068 0.5871 0.0284 -0.8090
0.962 0.497 -1.918 0.9499 0.0460 -0.3090
0.962 0.497 -1.732 0.9499 0.0460 0.3090
0.854 0.492 -1.582 0.5871 0.0284 0.8090
0.721 -0.416 -1.525 -0.0000 0.0000 1.0000
0.545 -0.424 -1.582 -0.5871 -0.0284 0.8090
0.436 -0.429 -1.732 -0.9499 -0.0460 0.3090
0.436 -0.429 -1.918 -0.9499 -0.0460 -0.3090
0.545 -0.424 -2.068 -0.5871 -0.0284 -0.8090
0.721 -0.416 -2.125 -0.0000 -0.0000 -1.0000
0.897 -0.407 -2.068 0.5871 0.0284 -0.8090
1.006 -0.402 -1.918 0.9499 0.0460 -0.3090
1.006 -0.402 -1.732 0.9499 0.0460 0.3090
0.897 -0.407 -1.582 0.5871 0.0284 0.8090
0.677 0.483 -1.825 -0.0483 0.9988 -0.0000
0.677 0.483 -1.525 -0.0483 0.9988 -0.0000
0.501 0.475 -1.582 -0.0483 0.9988 -0.0000
0.392 0.470 -1.732 -0.0483 0.9988 -0.0000
0.392 0.470 -1.918 -0.0483 0.9988 -0.0000
0.501 0.475 -2.068 -0.0483 0.9988 -0.0000
0.677 0.483 -2.125 -0.0483 0.9988 -0.0000
0.854 0.492 -2.068 -0.0483 0.9988 -0.0000
0.962 0.497 -1.918 -0.0483 0.9988 -0.0000
0.962 0.497 -1.732 -0.0483 0.9988 -0.0000
0.854 0.492 -1.582 -0.0483 0.9988 -0.0000
0.721 -0.416 -1.825 0.0483 -0.9988 0.0000
0.721 -0.416 -1.525 0.0483 -0.9988 0.0000
0.545 -0.424 -1.582 0.0483 -0.9988 0.0000
0.436 -0.429 -1.732 0.0483 -0.9988 0.0000
0.436 -0.429 -1.918 0.0483 -0.9988 0.0000
0.545 -0.424 -2.068 0.0483 -0.9988 0.0000
0.721 -0.416 -2.125 0.0483 -0.9988 0.0000
0.897 -0.407 -2.068 0.0483 -0.9988 0.0000
1.006 -0.402 -1.918 0.0483 -0.9988 0.0000
1.006 -0.402 -1.732 0.0483 -0.9988 0.0000
0.897 -0.407 -1.582 0.0483 -0.9988 0.0000
0 1 2
0 2 3
4 6 5
4 7 6
8 10 9
8 11 10
12 13 14
12 14 15
16 17 18
16 18 19
20 22 21
20 23 22
24 25 35
24 35 34
25 26 36
25 36 35
26 27 37
26 37 36
27 28 38
27 38 37
28 29 39
28 39 38
29 30 40
29 40 39
30 31 41
30 41 40
31 32 42
31 42 41
32 33 43
32 43 42
33 24 34
33 34 43
44 46 45
44 47 46
44 48 47
44 49 48
44 50 49
44 51 50
44 52 51
44 53 52
44 54 53
44 45 54
55 56 57
55 57 58
55 58 59
55 59 60
55 60 61
55 61 62
55 62 63
55 63 64
55 64 65
55 65 56
LABEL sfoot0_slat_9_0
MATERIAL 7
TEXTURE 0
GEOM 104 76 ;sfoot0_slat_9_0
1.004 0.308 -1.787 0.0331 0.0016 0.9995
1.019 0.254 -1.787 0.0331 0.0016 0.9995
1.031 0.199 -1.787 0.0331 0.0016 0.9995
1.040 0.144 -1.787 0.0331 0.0016 0.9995
10.754 3.305 -2.125 0.0331 0.0016 0.9995
10.915 2.725 -2.125 0.0331 0.0016 0.9995
11.045 2.137 -2.125 0.0331 0.0016 0.9995
11.144 1.543 -2.125 0.0331 0.0016 0.9995
1.004 0.308 -1.787 -0.0331 -0.0016 -0.9995
1.019 0.254 -1.787 -0.0331 -0.0016 -0.9995
1.031 0.199 -1.787 -0.0331 -0.0016 -0.9995
1.040 0.144 -1.787 -0.0331 -0.0016 -0.9995
10.754 3.305 -2.125 -0.0331 -0.0016 -0.9995
10.915 2.725 -2.125 -0.0331 -0.0016 -0.9995
11.045 2.137 -2.125 -0.0331 -0.0016 -0.9995
11.144 1.543 -2.125 -0.0331 -0.0016 -0.9995
1.004 0.308 -2.037 -0.0331 -0.0016 -0.9995
1.019 0.254 -2.037 -0.0331 -0.0016 -0.9995
1.031 0.199 -2.037 -0.0331 -0.0016 -0.9995
1.040 0.144 -2.037 -0.0331 -0.0016 -0.9995
10.754 3.305 -2.375 -0.0331 -0.0016 -0.9995
10.915 2.725 -2.375 -0.0331 -0.0016 -0.9995
11.045 2.137 -2.375 -0.0331 -0.0016 -0.9995
11.144 1.543 -2.375 -0.0331 -0.0016 -0.9995
1.004 0.308 -2.037 0.0331 0.0016 0.9995
1.019 0.254 -2.037 0.0331 0.0016 0.9995
1.031 0.199 -2.037 0.0331 0.0016 0.9995
1.040 0.144 -2.037 0.0331 0.0016 0.9995
10.754 3.305 -2.375 0.0331 0.0016 0.9995
10.915 2.725 -2.375 0.0331 0.0016 0.9995
11.045 2.137 -2.375 0.0331 0.0016 0.9995
11.144 1.543 -2.375 0.0331 0.0016 0.9995
10.754 3.305 -2.375 0.9764 0.2162 0.0000
10.915 2.725 -2.375 0.9764 0.2162 0.0000
11.045 2.137 -2.375 0.9764 0.2162 0.0000
11.144 1.543 -2.375 0.9764 0.2162 0.0000
10.754 3.305 -2.125 0.9764 0.2162 0.0000
10.915 2.725 -2.125 0.9764 0.2162 0.0000
11.045 2.137 -2.125 0.9764 0.2162 0.0000
11.144 1.543 -2.125 0.9764 0.2162 0.0000
10.754 3.305 -2.375 -0.9764 -0.2162 -0.0000
10.915 2.725 -2.375 -0.9764 -0.2162 -0.0000
11.045 2.137 -2.375 -0.9764 -0.2162 -0.0000
11.144 1.543 -2.375 -0.9764 -0.2162 -0.0000
10.754 3.305 -2.125 -0.9764 -0.2162 -0.0000
10.915 2.725 -2.125 -0.9764 -0.2162 -0.0000
11.045 2.137 -2.125 -0.9764 -0.2162 -0.0000
11.144 1.543 -2.125 -0.9764 -0.2162 -0.0000
1.004 0.308 -2.037 -0.9764 -0.2162 -0.0000
1.019 0.254 -2.037 -0.9764 -0.2162 -0.0000
1.031 0.199 -2.037 -0.9764 -0.2162 -0.0000
1.040 0.144 -2.037 -0.9764 -0.2162 -0.0000
1.004 0.308 -1.787 -0.9764 -0.2162 -0.0000
1.019 0.254 -1.787 -0.9764 -0.2162 -0.0000
1.031 0.199 -1.787 -0.9764 -0.2162 -0.0000
1.040 0.144 -1.787 -0.9764 -0.2162 -0.0000
1.004 0.308 -2.037 0.9764 0.2162 0.0000
1.019 0.254 -2.037 0.9764 0.2162 0.0000
1.031 0.199 -2.037 0.9764 0.2162 0.0000
1.040 0.144 -2.037 0.9764 0.2162 0.0000
1.004 0.308 -1.787 0.9764 0.2162 0.0000
1.019 0.254 -1.787 0.9764 0.2162 0.0000
1.031 0.199 -1.787 0.9764 0.2162 0.0000
1.040 0.144 -1.787 0.9764 0.2162 0.0000
10.754 3.305 -2.125 0.9764 0.2162 0.0000
10.915 2.725 -2.125 0.9764 0.2162 0.0000
11.045 2.137 -2.125 0.9764 0.2162 0.0000
11.144 1.543 -2.125 0.9764 0.2162 0.0000
10.754 3.305 -1.425 0.9764 0.2162 0.0000
10.915 2.725 -1.425 0.9764 0.2162 0.0000
11.045 2.137 -1.425 0.9764 0.2162 0.0000
11.144 1.543 -1.425 0.9764 0.2162 0.0000
10.754 3.305 -2.125 -0.9764 -0.2162 -0.0000
10.915 2.725 -2.125 -0.9764 -0.2162 -0.0000
11.045 2.137 -2.125 -0.9764 -0.2162 -0.0000
11.144 1.543 -2.125 -0.9764 -0.2162 -0.0000
10.754 3.305 -1.425 -0.9764 -0.2162 -0.0000
10.915 2.725 -1.425 -0.9764 -0.2162 -0.0000
11.045 2.137 -1.425 -0.9764 -0.2162 -0.0000
11.144 1.543 -1.425 -0.9764 -0.2162 -0.0000
10.754 3.305 -1.425 -0.0000 -0.0000 1.0000
10.915 2.725 -1.425 -0.0000 -0.0000 1.0000
11.045 2.137 -1.425 -0.0000 -0.0000 1.0000
11.144 1.543 -1.425 -0.0000 -0.0000 1.0000
10.419 3.202 -1.413 -0.0000 -0.0000 1.0000
10.575 2.640 -1.413 -0.0000 -0.0000 1.0000
10.702 2.071 -1.413 -0.0000 -0.0000 1.0000
10.797 1.495 -1.413 -0.0000 -0.0000 1.0000
10.754 3.305 -1.425 0.0000 0.0000 -1.0000
10.915 2.725 -1.425 0.0000 0.0000 -1.0000
11.045 2.137 -1.425 0.0000 0.0000 -1.0000
11.144 1.543 -1.425 0.0000 0.0000 -1.0000
10.419 3.202 -1.413 0.0000 0.0000 -1.0000
10.575 2.640 -1.413 0.0000 0.0000 -1.0000
10.702 2.071 -1.413 0.0000 0.0000 -1.0000
10.797 1.495 -1.413 0.0000 0.0000 -1.0000
1.004 0.308 -2.037 0.2937 -0.9559 0.0000
10.754 3.305 -2.375 0.2937 -0.9559 0.0000
1.004 0.308 -1.787 0.2937 -0.9559 0.0000
10.754 3.305 -2.125 0.2937 -0.9559 0.0000
1.004 0.308 -2.037 -0.2937 0.9559 -0.0000
10.754 3.305 -2.375 -0.2937 0.9559 -0.0000
1.004 0.308 -1.787 -0.2937 0.9559 -0.0000
10.754 3.305 -2.125 -0.2937 0.9559 -0.0000
0 1 5
0 5 4
8 13 9
8 12 13
1 2 6
1 6 5
9 14 10
9 13 14
2 3 7
2 7 6
10 15 11
10 14 15
16 21 17
16 20 21
24 25 29
24 29 28
17 22 18
17 21 22
25 26 30
25 30 29
18 23 19
18 22 23
26 27 31
26 31 30
32 37 33
32 36 37
40 41 45
40 45 44
33 38 34
33 37 38
41 42 46
41 46 45
34 39 35
34 38 39
42 43 47
42 47 46
48 49 53
48 53 52
56 61 57
56 60 61
49 50 54
49 54 53
57 62 58
57 61 62
50 51 55
50 55 54
58 63 59
58 62 63
64 69 65
64 68 69
72 73 77
72 77 76
65 70 66
65 69 70
73 74 78
73 78 77
66 71 67
66 70 71
74 75 79
74 79 78
80 85 81
80 84 85
88 89 93
88 93 92
81 86 82
81 85 86
89 90 94
89 94 93
82 87 83
82 86 87
90 91 95
90 95 94
96 97 99
96 99 98
100 103 101
100 102 103
LABEL sfoot0_slat_9_1
MATERIAL 7
TEXTURE 0
GEOM 96 72 ;sfoot0_slat_9_1
1.041 0.140 -1.787 0.0331 0.0016 0.9995
1.047 0.081 -1.787 0.0331 0.0016 0.9995
1.050 0.021 -1.787 0.0331 0.0016 0.9995
1.049 -0.039 -1.787 0.0331 0.0016 0.9995
11.150 1.499 -2.125 0.0331 0.0016 0.9995
11.217 0.863 -2.125 0.0331 0.0016 0.9995
11.248 0.224 -2.125 0.0331 0.0016 0.9995
11.242 -0.415 -2.125 0.0331 0.0016 0.9995
1.041 0.140 -1.787 -0.0331 -0.0016 -0.9995
1.047 0.081 -1.787 -0.0331 -0.0016 -0.9995
1.050 0.021 -1.787 -0.0331 -0.0016 -0.9995
1.049 -0.039 -1.787 -0.0331 -0.0016 -0.9995
11.150 1.499 -2.125 -0.0331 -0.0016 -0.9995
11.217 0.863 -2.125 -0.0331 -0.0016 -0.9995
11.248 0.224 -2.125 -0.0331 -0.0016 -0.9995
11.242 -0.415 -2.125 -0.0331 -0.0016 -0.9995
1.041 0.140 -2.037 -0.0331 -0.0016 -0.9995
1.047 0.081 -2.037 -0.0331 -0.0016 -0.9995
1.050 0.021 -2.037 -0.0331 -0.0016 -0.9995
1.049 -0.039 -2.037 -0.0331 -0.0016 -0.9995
11.150 1.499 -2.375 -0.0331 -0.0016 -0.9995
11.217 0.863 -2.375 -0.0331 -0.0016 -0.9995
11.248 0.224 -2.375 -0.0331 -0.0016 -0.9995
11.242 -0.415 -2.375 -0.0331 -0.0016 -0.9995
1.041 0.140 -2.037 0.0331 0.0016 0.9995
1.047 0.081 -2.037 0.0331 0.0016 0.9995
1.050 0.021 -2.037 0.0331 0.0016 0.9995
1.049 -0.039 -2.037 0.0331 0.0016 0.9995
11.150 1.499 -2.375 0.0331 0.0016 0.9995
11.217 0.863 -2.375 0.0331 0.0016 0.9995
11.248 0.224 -2.375 0.0331 0.0016 0.9995
11.242 -0.415 -2.375 0.0331 0.0016 0.9995
11.150 1.499 -2.375 0.9988 0.0483 0.0000
11.217 0.863 -2.375 0.9988 0.0483 0.0000
11.248 0.224 -2.375 0.9988 0.0483 0.0000
11.242 -0.415 -2.375 0.9988 0.0483 0.0000
11.150 1.499 -2.125 0.9988 0.0483 0.0000
11.217 0.863 -2.125 0.9988 0.0483 0.0000
11.248 0.224 -2.125 0.9988 0.0483 0.0000
11.242 -0.415 -2.125 0.9988 0.0483 0.0000
11.150 1.499 -2.375 -0.9988 -0.0483 -0.0000
11.217 0.863 -2.375 -0.9988 -0.0483 -0.0000
11.248 0.224 -2.375 -0.9988 -0.0483 -0.0000
11.242 -0.415 -2.375 -0.9988 -0.0483 -0.0000
11.150 1.499 -2.125 -0.9988 -0.0483 -0.0000
11.217 0.863 -2.125 -0.9988 -0.0483 -0.0000
11.248 0.224 -2.125 -0.9988 -0.0483 -0.0000
11.242 -0.415 -2.125 -0.9988 -0.0483 -0.0000
1.041 0.140 -2.037 -0.9988 -0.0483 -0.0000
1.047 0.081 -2.037 -0.9988 -0.0483 -0.0000
1.050 0.021 -2.037 -0.9988 -0.0483 -0.0000
1.049 -0.039 -2.037 -0.9988 -0.0483 -0.0000
1.041 0.140 -1.787 -0.9988 -0.0483 -0.0000
1.047 0.081 -1.787 -0.9988 -0.0483 -0.0000
1.050 0.021 -1.787 -0.9988 -0.0483 -0.0000
1.049 -0.039 -1.787 -0.9988 -0.0483 -0.0000
1.041 0.140 -2.037 0.9988 0.0483 0.0000
1.047 0.081 -2.037 0.9988 0.0483 0.0000
1.050 0.021 -2.037 0.9988 0.0483 0.0000
1.049 -0.039 -2.037 0.9988 0.0483 0.0000
1.041 0.140 -1.787 0.9988 0.0483 0.0000
1.047 0.081 -1.787 0.9988 0.0483 0.0000
1.050 0.021 -1.787 0.9988 0.0483 0.0000
1.049 -0.039 -1.787 0.9988 0.0483 0.0000
11.150 1.499 -2.125 0.9988 0.0483 0.0000
11.217 0.863 -2.125 0.9988 0.0483 0.0000
11.248 0.224 -2.125 0.9988 0.0483 0.0000
11.242 -0.415 -2.125 0.9988 0.0483 0.0000
11.150 1.499 -1.425 0.9988 0.0483 0.0000
11.217 0.863 -1.425 0.9988 0.0483 0.0000
11.248 0.224 -1.425 0.9988 0.0483 0.0000
11.242 -0.415 -1.425 0.9988 0.0483 0.0000
11.150 1.499 -2.125 -0.9988 -0.0483 -0.0000
11.217 0.863 -2.125 -0.9988 -0.0483 -0.0000
11.248 0.224 -2.125 -0.9988 -0.0483 -0.0000
11.242 -0.415 -2.125 -0.9988 -0.0483 -0.0000
11.150 1.499 -1.425 -0.9988 -0.0483 -0.0000
11.217 0.863 -1.425 -0.9988 -0.0483 -0.0000
11.248 0.224 -1.425 -0.9988 -0.0483 -0.0000
11.242 -0.415 -1.425 -0.9988 -0.0483 -0.0000
11.150 1.499 -1.425 -0.0000 -0.0000 1.0000
11.217 0.863 -1.425 -0.0000 -0.0000 1.0000
11.248 0.224 -1.425 -0.0000 -0.0000 1.0000
11.242 -0.415 -1.425 -0.0000 -0.0000 1.0000
10.803 1.452 -1.413 -0.0000 -0.0000 1.0000
10.868 0.836 -1.413 -0.0000 -0.0000 1.0000
10.898 0.217 -1.413 -0.0000 -0.0000 1.0000
10.893 -0.402 -1.413 -0.0000 -0.0000 1.0000
11.150 1.499 -1.425 0.0000 0.0000 -1.0000
11.217 0.863 -1.425 0.0000 0.0000 -1.0000
11.248 0.224 -1.425 0.0000 0.0000 -1.0000
11.242 -0.415 -1.425 0.0000 0.0000 -1.0000
10.803 1.452 -1.413 0.0000 0.0000 -1.0000
10.868 0.836 -1.413 0.0000 0.0000 -1.0000
10.898 0.217 -1.413 0.0000 0.0000 -1.0000
10.893 -0.402 -1.413 0.0000 0.0000 -1.0000
0 1 5
0 5 4
8 13 9
8 12 13
1 2 6
1 6 5
9 14 10
9 13 14
2 3 7
2 7 6
10 15 11
10 14 15
16 21 17
16 20 21
24 25 29
24 29 28
17 22 18
17 21 22
25 26 30
25 30 29
18 23 19
18 22 23
26 27 31
26 31 30
32 37 33
32 36 37
40 41 45
40 45 44
33 38 34
33 37 38
41 42 46
41 46 45
34 39 35
34 38 39
42 43 47
42 47 46
48 49 53
48 53 52
56 61 57
56 60 61
49 50 54
49 54 53
57 62 58
57 61 62
50 51 55
50 55 54
58 63 59
58 62 63
64 69 65
64 68 69
72 73 77
72 77 76
65 70 66
65 69 70
73 74 78
73 78 77
66 71 67
66 70 71
74 75 79
74 79 78
80 85 81
80 84 85
88 89 93
88 93 92
81 86 82
81 85 86
89 90 94
89 94 93
82 87 83
82 86 87
90 91 95
90 95 94
LABEL sfoot0_slat_9_2
MATERIAL 7
TEXTURE 0
GEOM 104 76 ;sfoot0_slat_9_2
1.049 -0.043 -1.787 0.0331 0.0016 0.9995
1.045 -0.099 -1.787 0.0331 0.0016 0.9995
1.039 -0.155 -1.787 0.0331 0.0016 0.9995
1.029 -0.210 -1.787 0.0331 0.0016 0.9995
11.241 -0.460 -2.125 0.0331 0.0016 0.9995
11.200 -1.061 -2.125 0.0331 0.0016 0.9995
11.127 -1.658 -2.125 0.0331 0.0016 0.9995
11.022 -2.251 -2.125 0.0331 0.0016 0.9995
1.049 -0.043 -1.787 -0.0331 -0.0016 -0.9995
1.045 -0.099 -1.787 -0.0331 -0.0016 -0.9995
1.039 -0.155 -1.787 -0.0331 -0.0016 -0.9995
1.029 -0.210 -1.787 -0.0331 -0.0016 -0.9995
11.241 -0.460 -2.125 -0.0331 -0.0016 -0.9995
11.200 -1.061 -2.125 -0.0331 -0.0016 -0.9995
11.127 -1.658 -2.125 -0.0331 -0.0016 -0.9995
11.022 -2.251 -2.125 -0.0331 -0.0016 -0.9995
1.049 -0.043 -2.037 -0.0331 -0.0016 -0.9995
1.045 -0.099 -2.037 -0.0331 -0.0016 -0.9995
1.039 -0.155 -2.037 -0.0331 -0.0016 -0.9995
1.029 -0.210 -2.037 -0.0331 -0.0016 -0.9995
11.241 -0.460 -2.375 -0.0331 -0.0016 -0.9995
11.200 -1.061 -2.375 -0.0331 -0.0016 -0.9995
11.127 -1.658 -2.375 -0.0331 -0.0016 -0.9995
11.022 -2.251 -2.375 -0.0331 -0.0016 -0.9995
1.049 -0.043 -2.037 0.0331 0.0016 0.9995
1.045 -0.099 -2.037 0.0331 0.0016 0.9995
1.039 -0.155 -2.037 0.0331 0.0016 0.9995
1.029 -0.210 -2.037 0.0331 0.0016 0.9995
11.241 -0.460 -2.375 0.0331 0.0016 0.9995
11.200 -1.061 -2.375 0.0331 0.0016 0.9995
11.127 -1.658 -2.375 0.0331 0.0016 0.9995
11.022 -2.251 -2.375 0.0331 0.0016 0.9995
11.241 -0.460 -2.375 0.9927 -0.1209 0.0000
11.200 -1.061 -2.375 0.9927 -0.1209 0.0000
11.127 -1.658 -2.375 0.9927 -0.1209 0.0000
11.022 -2.251 -2.375 0.9927 -0.1209 0.0000
11.241 -0.460 -2.125 0.9927 -0.1209 0.0000
11.200 -1.061 -2.125 0.9927 -0.1209 0.0000
11.127 -1.658 -2.125 0.9927 -0.1209 0.0000
11.022 -2.251 -2.125 0.9927 -0.1209 0.0000
11.241 -0.460 -2.375 -0.9927 0.1209 -0.0000
11.200 -1.061 -2.375 -0.9927 0.1209 -0.0000
11.127 -1.658 -2.375 -0.9927 0.1209 -0.0000
11.022 -2.251 -2.375 -0.9927 0.1209 -0.0000
11.241 -0.460 -2.125 -0.9927 0.1209 -0.0000
11.200 -1.061 -2.125 -0.9927 0.1209 -0.0000
11.127 -1.658 -2.125 -0.9927 0.1209 -0.0000
11.022 -2.251 -2.125 -0.9927 0.1209 -0.0000
1.049 -0.043 -2.037 -0.9927 0.1209 -0.0000
1.045 -0.099 -2.037 -0.9927 0.1209 -0.0000
1.039 -0.155 -2.037 -0.9927 0.1209 -0.0000
1.029 -0.210 -2.037 -0.9927 0.1209 -0.0000
1.049 -0.043 -1.787 -0.9927 0.1209 -0.0000
1.045 -0.099 -1.787 -0.9927 0.1209 -0.0000
1.039 -0.155 -1.787 -0.9927 0.1209 -0.0000
1.029 -0.210 -1.787 -0.9927 0.1209 -0.0000
1.049 -0.043 -2.037 0.9927 -0.1209 0.0000
1.045 -0.099 -2.037 0.9927 -0.1209 0.0000
1.039 -0.155 -2.037 0.9927 -0.1209 0.0000
1.029 -0.210 -2.037 0.9927 -0.1209 0.0000
1.049 -0.043 -1.787 0.9927 -0.1209 0.0000
1.045 -0.099 -1.787 0.9927 -0.1209 0.0000
1.039 -0.155 -1.787 0.9927 -0.1209 0.0000
1.029 -0.210 -1.787 0.9927 -0.1209 0.0000
11.241 -0.460 -2.125 0.9927 -0.1209 0.0000
11.200 -1.061 -2.125 0.9927 -0.1209 0.0000
11.127 -1.658 -2.125 0.9927 -0.1209 0.0000
11.022 -2.251 -2.125 0.9927 -0.1209 0.0000
11.241 -0.460 -1.425 0.9927 -0.1209 0.0000
11.200 -1.061 -1.425 0.9927 -0.1209 0.0000
11.127 -1.658 -1.425 0.9927 -0.1209 0.0000
11.022 -2.251 -1.425 0.9927 -0.1209 0.0000
11.241 -0.460 -2.125 -0.9927 0.1209 -0.0000
11.200 -1.061 -2.125 -0.9927 0.1209 -0.0000
11.127 -1.658 -2.125 -0.9927 0.1209 -0.0000
11.022 -2.251 -2.125 -0.9927 0.1209 -0.0000
11.241 -0.460 -1.425 -0.9927 0.1209 -0.0000
11.200 -1.061 -1.425 -0.9927 0.1209 -0.0000
11.127 -1.658 -1.425 -0.9927 0.1209 -0.0000
11.022 -2.251 -1.425 -0.9927 0.1209 -0.0000
11.241 -0.460 -1.425 -0.0000 -0.0000 1.0000
11.200 -1.061 -1.425 -0.0000 -0.0000 1.0000
11.127 -1.658 -1.425 -0.0000 -0.0000 1.0000
11.022 -2.251 -1.425 -0.0000 -0.0000 1.0000
10.891 -0.446 -1.413 -0.0000 -0.0000 1.0000
10.851 -1.028 -1.413 -0.0000 -0.0000 1.0000
10.781 -1.607 -1.413 -0.0000 -0.0000 1.0000
10.680 -2.181 -1.413 -0.0000 -0.0000 1.0000
11.241 -0.460 -1.425 0.0000 0.0000 -1.0000
11.200 -1.061 -1.425 0.0000 0.0000 -1.0000
11.127 -1.658 -1.425 0.0000 0.0000 -1.0000
11.022 -2.251 -1.425 0.0000 0.0000 -1.0000
10.891 -0.446 -1.413 0.0000 0.0000 -1.0000
10.851 -1.028 -1.413 0.0000 0.0000 -1.0000
10.781 -1.607 -1.413 0.0000 0.0000 -1.0000
10.680 -2.181 -1.413 0.0000 0.0000 -1.0000
1.029 -0.210 -2.037 -0.2001 -0.9798 0.0000
11.022 -2.251 -2.375 -0.2001 -0.9798 0.0000
1.029 -0.210 -1.787 -0.2001 -0.9798 0.0000
11.022 -2.251 -2.125 -0.2001 -0.9798 0.0000
1.029 -0.210 -2.037 0.2001 0.9798 -0.0000
11.022 -2.251 -2.375 0.2001 0.9798 -0.0000
1.029 -0.210 -1.787 0.2001 0.9798 -0.0000
11.022 -2.251 -2.125 0.2001 0.9798 -0.0000
0 1 5
0 5 4
8 13 9
8 12 13
1 2 6
1 6 5
9 14 10
9 13 14
2 3 7
2 7 6
10 15 11
10 14 15
16 21 17
16 20 21
24 25 29
24 29 28
17 22 18
17 21 22
25 26 30
25 30 29
18 23 19
18 22 23
26 27 31
26 31 30
32 37 33
32 36 37
40 41 45
40 45 44
33 38 34
33 37 38
41 42 46
41 46 45
34 39 35
34 38 39
42 43 47
42 47 46
48 49 53
48 53 52
56 61 57
56 60 61
49 50 54
49 54 53
57 62 58
57 61 62
50 51 55
50 55 54
58 63 59
58 62 63
64 69 65
64 68 69
72 73 77
72 77 76
65 70 66
65 69 70
73 74 78
73 78 77
66 71 67
66 70 71
74 75 79
74 79 78
80 85 81
80 84 85
88 89 93
88 93 92
81 86 82
81 85 86
89 90 94
89 94 93
82 87 83
82 86 87
90 91 95
90 95 94
96 97 99
96 99 98
100 103 101
100 102 103
LABEL sfoot0_strut_9
MATERIAL 9
TEXTURE 0
GEOM 50 48 ;sfoot0_strut_9
1.410 0.056 2.551 0.5223 -0.0000 0.8528
1.384 -0.194 2.489 0.4699 -0.4996 0.7277
1.294 -0.377 2.329 0.2916 -0.8653 0.4077
1.166 -0.444 2.114 0.0351 -0.9992 -0.0215
1.033 -0.377 1.902 -0.2307 -0.8653 -0.4450
0.931 -0.194 1.750 -0.4348 -0.4996 -0.7493
0.888 0.056 1.699 -0.5223 -0.0000 -0.8528
0.914 0.305 1.761 -0.4699 0.4996 -0.7277
1.003 0.488 1.921 -0.2916 0.8653 -0.4077
1.131 0.555 2.136 -0.0351 0.9992 0.0215
1.264 0.488 2.348 0.2307 0.8653 0.4450
1.366 0.305 2.500 0.4348 0.4996 0.7493
4.913 0.225 0.406 0.5223 -0.0000 0.8528
4.887 -0.025 0.343 0.4699 -0.4996 0.7277
4.798 -0.208 0.183 0.2916 -0.8653 0.4077
4.670 -0.275 -0.032 0.0351 -0.9992 -0.0215
4.537 -0.208 -0.243 -0.2307 -0.8653 -0.4450
4.435 -0.025 -0.395 -0.4348 -0.4996 -0.7493
4.391 0.225 -0.447 -0.5223 -0.0000 -0.8528
4.417 0.475 -0.385 -0.4699 0.4996 -0.7277
4.506 0.658 -0.225 -0.2916 0.8653 -0.4077
4.635 0.725 -0.010 -0.0351 0.9992 0.0215
4.767 0.658 0.202 0.2307 0.8653 0.4450
4.869 0.475 0.354 0.4348 0.4996 0.7493
1.149 0.056 2.125 -0.8520 -0.0412 0.5219
1.410 0.056 2.551 -0.8520 -0.0412 0.5219
1.384 -0.194 2.489 -0.8520 -0.0412 0.5219
1.294 -0.377 2.329 -0.8520 -0.0412 0.5219
1.166 -0.444 2.114 -0.8520 -0.0412 0.5219
1.033 -0.377 1.902 -0.8520 -0.0412 0.5219
0.931 -0.194 1.750 -0.8520 -0.0412 0.5219
0.888 0.056 1.699 -0.8520 -0.0412 0.5219
0.914 0.305 1.761 -0.8520 -0.0412 0.5219
1.003 0.488 1.921 -0.8520 -0.0412 0.5219
1.131 0.555 2.136 -0.8520 -0.0412 0.5219
1.264 0.488 2.348 -0.8520 -0.0412 0.5219
1.366 0.305 2.500 -0.8520 -0.0412 0.5219
4.652 0.225 -0.021 0.8520 0.0412 -0.5219
4.913 0.225 0.406 0.8520 0.0412 -0.5219
4.887 -0.025 0.343 0.8520 0.0412 -0.5219
4.798 -0.208 0.183 0.8520 0.0412 -0.5219
4.670 -0.275 -0.032 0.8520 0.0412 -0.5219
4.537 -0.208 -0.243 0.8520 0.0412 -0.5219
4.435 -0.025 -0.395 0.8520 0.0412 -0.5219
4.391 0.225 -0.447 0.8520 0.0412 -0.5219
4.417 0.475 -0.385 0.8520 0.0412 -0.5219
4.506 0.658 -0.225 0.8520 0.0412 -0.5219
4.635 0.725 -0.010 0.8520 0.0412 -0.5219
4.767 0.658 0.202 0.8520 0.0412 -0.5219
4.869 0.475 0.354 0.8520 0.0412 -0.5219
0 1 13
0 13 12
1 2 14
1 14 13
2 3 15
2 15 14
3 4 16
3 16 15
4 5 17
4 17 16
5 6 18
5 18 17
6 7 19
6 19 18
7 8 20
7 20 19
8 9 21
8 21 20
9 10 22
9 22 21
10 11 23
10 23 22
11 0 12
11 12 23
24 26 25
24 27 26
24 28 27
24 29 28
24 30 29
24 31 30
24 32 31
24 33 32
24 34 33
24 35 34
24 36 35
24 25 36
37 38 39
37 39 40
37 40 41
37 41 42
37 42 43
37 43 44
37 44 45
37 45 46
37 46 47
37 47 48
37 48 49
37 49 38
LABEL sfoot0_rod_9
MATERIAL 7
TEXTURE 0
GEOM 42 40 ;sfoot0_rod_9
4.271 0.200 0.505 0.5223 -0.0000 0.8528
4.252 0.054 0.462 0.4432 -0.5873 0.6772
4.190 -0.037 0.353 0.1948 -0.9502 0.2430
4.109 -0.037 0.221 -0.1280 -0.9502 -0.2840
4.040 0.054 0.117 -0.4019 -0.5873 -0.7025
4.010 0.200 0.079 -0.5223 -0.0000 -0.8528
4.030 0.347 0.123 -0.4432 0.5873 -0.6772
4.092 0.438 0.232 -0.1948 0.9502 -0.2430
4.173 0.438 0.363 0.1280 0.9502 0.2840
4.241 0.347 0.468 0.4019 0.5873 0.7025
7.649 0.364 -1.563 0.5223 -0.0000 0.8528
7.629 0.217 -1.607 0.4432 -0.5873 0.6772
7.567 0.126 -1.716 0.1948 -0.9502 0.2430
7.487 0.126 -1.847 -0.1280 -0.9502 -0.2840
7.418 0.217 -1.952 -0.4019 -0.5873 -0.7025
7.388 0.364 -1.990 -0.5223 -0.0000 -0.8528
7.408 0.511 -1.946 -0.4432 0.5873 -0.6772
7.470 0.601 -1.837 -0.1948 0.9502 -0.2430
7.551 0.601 -1.706 0.1280 0.9502 0.2840
7.619 0.511 -1.601 0.4019 0.5873 0.7025
4.141 0.200 0.292 -0.8520 -0.0412 0.5219
4.271 0.200 0.505 -0.8520 -0.0412 0.5219
4.252 0.054 0.462 -0.8520 -0.0412 0.5219
4.190 -0.037 0.353 -0.8520 -0.0412 0.5219
4.109 -0.037 0.221 -0.8520 -0.0412 0.5219
4.040 0.054 0.117 -0.8520 -0.0412 0.5219
4.010 0.200 0.079 -0.8520 -0.0412 0.5219
4.030 0.347 0.123 -0.8520 -0.0412 0.5219
4.092 0.438 0.232 -0.8520 -0.0412 0.5219
4.173 0.438 0.363 -0.8520 -0.0412 0.5219
4.241 0.347 0.468 -0.8520 -0.0412 0.5219
7.519 0.364 -1.776 0.8520 0.0412 -0.5219
7.649 0.364 -1.563 0.8520 0.0412 -0.5219
7.629 0.217 -1.607 0.8520 0.0412 -0.5219
7.567 0.126 -1.716 0.8520 0.0412 -0.5219
7.487 0.126 -1.847 0.8520 0.0412 -0.5219
7.418 0.217 -1.952 0.8520 0.0412 -0.5219
7.388 0.364 -1.990 0.8520 0.0412 -0.5219
7.408 0.511 -1.946 0.8520 0.0412 -0.5219
7.470 0.601 -1.837 0.8520 0.0412 -0.5219
7.551 0.601 -1.706 0.8520 0.0412 -0.5219
7.619 0.511 -1.601 0.8520 0.0412 -0.5219
0 1 11
0 11 10
1 2 12
1 12 11
2 3 13
2 13 12
3 4 14
3 14 13
4 5 15
4 15 14
5 6 16
5 16 15
6 7 17
6 17 16
7 8 18
7 18 17
8 9 19
8 19 18
9 0 10
9 10 19
20 22 21
20 23 22
20 24 23
20 25 24
20 26 25
20 27 26
20 28 27
20 29 28
20 30 29
20 21 30
31 32 33
31 33 34
31 34 35
31 35 36
31 36 37
31 37 38
31 38 39
31 39 40
31 40 41
31 41 32
LABEL sfoot0_skirt_9_0
MATERIAL 7
TEXTURE 0
GEOM 16 12 ;sfoot0_skirt_9_0
10.754 3.305 -3.275 0.9764 0.2162 0.0000
10.915 2.725 -3.275 0.9764 0.2162 0.0000
11.045 2.137 -3.275 0.9764 0.2162 0.0000
11.144 1.543 -3.275 0.9764 0.2162 0.0000
10.754 3.305 -2.375 0.9764 0.2162 0.0000
10.915 2.725 -2.375 0.9764 0.2162 0.0000
11.045 2.137 -2.375 0.9764 0.2162 0.0000
11.144 1.543 -2.375 0.9764 0.2162 0.0000
10.754 3.305 -3.275 -0.9764 -0.2162 -0.0000
10.915 2.725 -3.275 -0.9764 -0.2162 -0.0000
11.045 2.137 -3.275 -0.9764 -0.2162 -0.0000
11.144 1.543 -3.275 -0.9764 -0.2162 -0.0000
10.754 3.305 -2.375 -0.9764 -0.2162 -0.0000
10.915 2.725 -2.375 -0.9764 -0.2162 -0.0000
11.045 2.137 -2.375 -0.9764 -0.2162 -0.0000
11.144 1.543 -2.375 -0.9764 -0.2162 -0.0000
0 5 1
0 4 5
8 9 13
8 13 12
1 6 2
1 5 6
9 10 14
9 14 13
2 7 3
2 6 7
10 11 15
10 15 14
LABEL sfoot0_skirt_9_1
MATERIAL 7
TEXTURE 0
GEOM 16 12 ;sfoot0_skirt_9_1
11.150 1.499 -3.275 0.9988 0.0483 0.0000
11.217 0.863 -3.275 0.9988 0.0483 0.0000
11.248 0.224 -3.275 0.9988 0.0483 0.0000
11.242 -0.415 -3.275 0.9988 0.0483 0.0000
11.150 1.499 -2.375 0.9988 0.0483 0.0000
11.217 0.863 -2.375 0.9988 0.0483 0.0000
11.248 0.224 -2.375 0.9988 0.0483 0.0000
11.242 -0.415 -2.375 0.9988 0.0483 0.0000
11.150 1.499 -3.275 -0.9988 -0.0483 -0.0000
11.217 0.863 -3.275 -0.9988 -0.0483 -0.0000
11.248 0.224 -3.275 -0.9988 -0.0483 -0.0000
11.242 -0.415 -3.275 -0.9988 -0.0483 -0.0000
11.150 1.499 -2.375 -0.9988 -0.0483 -0.0000
11.217 0.863 -2.375 -0.9988 -0.0483 -0.0000
11.248 0.224 -2.375 -0.9988 -0.0483 -0.0000
11.242 -0.415 -2.375 -0.9988 -0.0483 -0.0000
0 5 1
0 4 5
8 9 13
8 13 12
1 6 2
1 5 6
9 10 14
9 14 13
2 7 3
2 6 7
10 11 15
10 15 14
LABEL sfoot0_skirt_9_2
MATERIAL 7
TEXTURE 0
GEOM 16 12 ;sfoot0_skirt_9_2
11.241 -0.460 -3.275 0.9927 -0.1209 0.0000
11.200 -1.061 -3.275 0.9927 -0.1209 0.0000
11.127 -1.658 -3.275 0.9927 -0.1209 0.0000
11.022 -2.251 -3.275 0.9927 -0.1209 0.0000
11.241 -0.460 -2.375 0.9927 -0.1209 0.0000
11.200 -1.061 -2.375 0.9927 -0.1209 0.0000
11.127 -1.658 -2.375 0.9927 -0.1209 0.0000
11.022 -2.251 -2.375 0.9927 -0.1209 0.0000
11.241 -0.460 -3.275 -0.9927 0.1209 -0.0000
11.200 -1.061 -3.275 -0.9927 0.1209 -0.0000
11.127 -1.658 -3.275 -0.9927 0.1209 -0.0000
11.022 -2.251 -3.275 -0.9927 0.1209 -0.0000
11.241 -0.460 -2.375 -0.9927 0.1209 -0.0000
11.200 -1.061 -2.375 -0.9927 0.1209 -0.0000
11.127 -1.658 -2.375 -0.9927 0.1209 -0.0000
11.022 -2.251 -2.375 -0.9927 0.1209 -0.0000
0 5 1
0 4 5
8 9 13
8 13 12
1 6 2
1 5 6
9 10 14
9 14 13
2 7 3
2 6 7
10 11 15
10 15 14
LABEL sfoot0_petal_10
MATERIAL 7
TEXTURE 0
GEOM 66 52 ;sfoot0_petal_10
0.968 -0.104 -1.782 -0.8887 0.4573 0.0332
0.647 -0.727 -1.782 -0.8887 0.4573 0.0332
0.661 -0.734 -1.332 -0.8887 0.4573 0.0332
0.981 -0.111 -1.332 -0.8887 0.4573 0.0332
9.815 -4.657 -2.112 0.8887 -0.4573 -0.0332
9.495 -5.280 -2.112 0.8887 -0.4573 -0.0332
9.508 -5.286 -1.662 0.8887 -0.4573 -0.0332
9.828 -4.664 -1.662 0.8887 -0.4573 -0.0332
0.968 -0.104 -1.782 0.4576 0.8892 -0.0000
9.815 -4.657 -2.112 0.4576 0.8892 -0.0000
9.828 -4.664 -1.662 0.4576 0.8892 -0.0000
0.981 -0.111 -1.332 0.4576 0.8892 -0.0000
0.647 -0.727 -1.782 -0.4576 -0.8892 0.0000
9.495 -5.280 -2.112 -0.4576 -0.8892 0.0000
9.508 -5.286 -1.662 -0.4576 -0.8892 0.0000
0.661 -0.734 -1.332 -0.4576 -0.8892 0.0000
0.968 -0.104 -1.782 -0.0295 0.0152 -0.9995
9.815 -4.657 -2.112 -0.0295 0.0152 -0.9995
9.495 -5.280 -2.112 -0.0295 0.0152 -0.9995
0.647 -0.727 -1.782 -0.0295 0.0152 -0.9995
0.981 -0.111 -1.332 0.0295 -0.0152 0.9995
9.828 -4.664 -1.662 0.0295 -0.0152 0.9995
9.508 -5.286 -1.662 0.0295 -0.0152 0.9995
0.661 -0.734 -1.332 0.0295 -0.0152 0.9995
0.828 0.080 -2.125 0.0000 0.0000 -1.0000
0.985 -0.001 -2.068 0.5226 -0.2690 -0.8090
1.082 -0.051 -1.918 0.8457 -0.4352 -0.3090
1.082 -0.051 -1.732 0.8457 -0.4352 0.3090
0.985 -0.001 -1.582 0.5226 -0.2690 0.8090
0.828 0.080 -1.525 0.0000 -0.0000 1.0000
0.672 0.161 -1.582 -0.5226 0.2690 0.8090
0.575 0.210 -1.732 -0.8457 0.4352 0.3090
0.575 0.210 -1.918 -0.8457 0.4352 -0.3090
0.672 0.161 -2.068 -0.5226 0.2690 -0.8090
0.417 -0.720 -2.125 0.0000 0.0000 -1.0000
0.573 -0.801 -2.068 0.5226 -0.2690 -0.8090
0.670 -0.851 -1.918 0.8457 -0.4352 -0.3090
0.670 -0.851 -1.732 0.8457 -0.4352 0.3090
0.573 -0.801 -1.582 0.5226 -0.2690 0.8090
0.417 -0.720 -1.525 0.0000 -0.0000 1.0000
0.260 -0.640 -1.582 -0.5226 0.2690 0.8090
0.163 -0.590 -1.732 -0.8457 0.4352 0.3090
0.163 -0.590 -1.918 -0.8457 0.4352 -0.3090
0.260 -0.640 -2.068 -0.5226 0.2690 -0.8090
0.828 0.080 -1.825 0.4576 0.8892 -0.0000
0.828 0.080 -2.125 0.4576 0.8892 -0.0000
0.985 -0.001 -2.068 0.4576 0.8892 -0.0000
1.082 -0.051 -1.918 0.4576 0.8892 -0.0000
1.082 -0.051 -1.732 0.4576 0.8892 -0.0000
0.985 -0.001 -1.582 0.4576 0.8892 -0.0000
0.828 0.080 -1.525 0.4576 0.8892 -0.0000
0.672 0.161 -1.582 0.4576 0.8892 -0.0000
0.575 0.210 -1.732 0.4576 0.8892 -0.0000
0.575 0.210 -1.918 0.4576 0.8892 -0.0000
0.672 0.161 -2.068 0.4576 0.8892 -0.0000
0.417 -0.720 -1.825 -0.4576 -0.8892 0.0000
0.417 -0.720 -2.125 -0.4576 -0.8892 0.0000
0.573 -0.801 -2.068 -0.4576 -0.8892 0.0000
0.670 -0.851 -1.918 -0.4576 -0.8892 0.0000
0.670 -0.851 -1.732 -0.4576 -0.8892 0.0000
0.573 -0.801 -1.582 -0.4576 -0.8892 0.0000
0.417 -0.720 -1.525 -0.4576 -0.8892 0.0000
0.260 -0.640 -1.582 -0.4576 -0.8892 0.0000
0.163 -0.590 -1.732 -0.4576 -0.8892 0.0000
0.163 -0.590 -1.918 -0.4576 -0.8892 0.0000
0.260 -0.640 -2.068 -0.4576 -0.8892 0.0000
0 1 2
0 2 3
4 6 5
4 7 6
8 10 9
8 11 10
12 13 14
12 14 15
16 17 18
16 18 19
20 22 21
20 23 22
24 25 35
24 35 34
25 26 36
25 36 35
26 27 37
26 37 36
27 28 38
27 38 37
28 29 39
28 39 38
29 30 40
29 40 39
30 31 41
30 41 40
31 32 42
31 42 41
32 33 43
32 43 42
33 24 34
33 34 43
44 46 45
44 47 46
44 48 47
44 49 48
44 50 49
44 51 50
44 52 51
44 53 52
44 54 53
44 45 54
55 56 57
55 57 58
55 58 59
55 59 60
55 60 61
55 61 62
55 62 63
55 63 64
55 64 65
55 65 56
LABEL sfoot0_slat_10_0
MATERIAL 7
TEXTURE 0
GEOM 104 76 ;sfoot0_slat_10_0
1.023 -0.235 -1.787 0.0295 -0.0152 0.9995
1.009 -0.289 -1.787 0.0295 -0.0152 0.9995
0.992 -0.343 -1.787 0.0295 -0.0152 0.9995
0.973 -0.395 -1.787 0.0295 -0.0152 0.9995
10.965 -2.515 -2.125 0.0295 -0.0152 0.9995
10.815 -3.098 -2.125 0.0295 -0.0152 0.9995
10.634 -3.672 -2.125 0.0295 -0.0152 0.9995
10.422 -4.235 -2.125 0.0295 -0.0152 0.9995
1.023 -0.235 -1.787 -0.0295 0.0152 -0.9995
1.009 -0.289 -1.787 -0.0295 0.0152 -0.9995
0.992 -0.343 -1.787 -0.0295 0.0152 -0.9995
0.973 -0.395 -1.787 -0.0295 0.0152 -0.9995
10.965 -2.515 -2.125 -0.0295 0.0152 -0.9995
10.815 -3.098 -2.125 -0.0295 0.0152 -0.9995
10.634 -3.672 -2.125 -0.0295 0.0152 -0.9995
10.422 -4.235 -2.125 -0.0295 0.0152 -0.9995
1.023 -0.235 -2.037 -0.0295 0.0152 -0.9995
1.009 -0.289 -2.037 -0.0295 0.0152 -0.9995
0.992 -0.343 -2.037 -0.0295 0.0152 -0.9995
0.973 -0.395 -2.037 -0.0295 0.0152 -0.9995
10.965 -2.515 -2.375 -0.0295 0.0152 -0.9995
10.815 -3.098 -2.375 -0.0295 0.0152 -0.9995
10.634 -3.672 -2.375 -0.0295 0.0152 -0.9995
10.422 -4.235 -2.375 -0.0295 0.0152 -0.9995
1.023 -0.235 -2.037 0.0295 -0.0152 0.9995
1.009 -0.289 -2.037 0.0295 -0.0152 0.9995
0.992 -0.343 -2.037 0.0295 -0.0152 0.9995
0.973 -0.395 -2.037 0.0295 -0.0152 0.9995
10.965 -2.515 -2.375 0.0295 -0.0152 0.9995
10.815 -3.098 -2.375 0.0295 -0.0152 0.9995
10.634 -3.672 -2.375 0.0295 -0.0152 0.9995
10.422 -4.235 -2.375 0.0295 -0.0152 0.9995
10.965 -2.515 -2.375 0.9536 -0.3010 0.0000
10.815 -3.098 -2.375 0.9536 -0.3010 0.0000
10.634 -3.672 -2.375 0.9536 -0.3010 0.0000
10.422 -4.235 -2.375 0.9536 -0.3010 0.0000
10.965 -2.515 -2.125 0.9536 -0.3010 0.0000
10.815 -3.098 -2.125 0.9536 -0.3010 0.0000
10.634 -3.672 -2.125 0.9536 -0.3010 0.0000
10.422 -4.235 -2.125 0.9536 -0.3010 0.0000
10.965 -2.515 -2.375 -0.9536 0.3010 -0.0000
10.815 -3.098 -2.375 -0.9536 0.3010 -0.0000
10.634 -3.672 -2.375 -0.9536 0.3010 -0.0000
10.422 -4.235 -2.375 -0.9536 0.3010 -0.0000
10.965 -2.515 -2.125 -0.9536 0.3010 -0.0000
10.815 -3.098 -2.125 -0.9536 0.3010 -0.0000
10.634 -3.672 -2.125 -0.9536 0.3010 -0.0000
10.422 -4.235 -2.125 -0.9536 0.3010 -0.0000
1.023 -0.235 -2.037 -0.9536 0.3010 -0.0000
1.009 -0.289 -2.037 -0.9536 0.3010 -0.0000
0.992 -0.343 -2.037 -0.9536 0.3010 -0.0000
0.973 -0.395 -2.037 -0.9536 0.3010 -0.0000
1.023 -0.235 -1.787 -0.9536 0.3010 -0.0000
1.009 -0.289 -1.787 -0.9536 0.3010 -0.0000
0.992 -0.343 -1.787 -0.9536 0.3010 -0.0000
0.973 -0.395 -1.787 -0.9536 0.3010 -0.0000
1.023 -0.235 -2.037 0.9536 -0.3010 0.0000
1.009 -0.289 -2.037 0.9536 -0.3010 0.0000
0.992 -0.343 -2.037 0.9536 -0.3010 0.0000
0.973 -0.395 -2.037 0.9536 -0.3010 0.0000
1.023 -0.235 -1.787 0.9536 -0.3010 0.0000
1.009 -0.289 -1.787 0.9536 -0.3010 0.0000
0.992 -0.343 -1.787 0.9536 -0.3010 0.0000
0.973 -0.395 -1.787 0.9536 -0.3010 0.0000
10.965 -2.515 -2.125 0.9536 -0.3010 0.0000
10.815 -3.098 -2.125 0.9536 -0.3010 0.0000
10.634 -3.672 -2.125 0.9536 -0.3010 0.0000
10.422 -4.235 -2.125 0.9536 -0.3010 0.0000
10.965 -2.515 -1.425 0.9536 -0.3010 0.0000
10.815 -3.098 -1.425 0.9536 -0.3010 0.0000
10.634 -3.672 -1.425 0.9536 -0.3010 0.0000
10.422 -4.235 -1.425 0.9536 -0.3010 0.0000
10.965 -2.515 -2.125 -0.9536 0.3010 -0.0000
10.815 -3.098 -2.125 -0.9536 0.3010 -0.0000
10.634 -3.672 -2.125 -0.9536 0.3010 -0.0000
10.422 -4.235 -2.125 -0.9536 0.3010 -0.0000
10.965 -2.515 -1.425 -0.9536 0.3010 -0.0000
10.815 -3.098 -1.425 -0.9536 0.3010 -0.0000
10.634 -3.672 -1.425 -0.9536 0.3010 -0.0000
10.422 -4.235 -1.425 -0.9536 0.3010 -0.0000
10.965 -2.515 -1.425 -0.0000 -0.0000 1.0000
10.815 -3.098 -1.425 -0.0000 -0.0000 1.0000
10.634 -3.672 -1.425 -0.0000 -0.0000 1.0000
10.422 -4.235 -1.425 -0.0000 -0.0000 1.0000
10.624 -2.437 -1.413 -0.0000 -0.0000 1.0000
10.479 -3.001 -1.413 -0.0000 -0.0000 1.0000
10.303 -3.558 -1.413 -0.0000 -0.0000 1.0000
10.098 -4.104 -1.413 -0.0000 -0.0000 1.0000
10.965 -2.515 -1.425 0.0000 0.0000 -1.0000
10.815 -3.098 -1.425 0.0000 0.0000 -1.0000
10.634 -3.672 -1.425 0.0000 0.0000 -1.0000
10.422 -4.235 -1.425 0.0000 0.0000 -1.0000
10.624 -2.437 -1.413 0.0000 0.0000 -1.0000
10.479 -3.001 -1.413 0.0000 0.0000 -1.0000
10.303 -3.558 -1.413 0.0000 0.0000 -1.0000
10.098 -4.104 -1.413 0.0000 0.0000 -1.0000
1.023 -0.235 -2.037 -0.2236 -0.9747 0.0000
10.965 -2.515 -2.375 -0.2236 -0.9747 0.0000
1.023 -0.235 -1.787 -0.2236 -0.9747 0.0000
10.965 -2.515 -2.125 -0.2236 -0.9747 0.0000
1.023 -0.235 -2.037 0.2236 0.9747 -0.0000
10.965 -2.515 -2.375 0.2236 0.9747 -0.0000
1.023 -0.235 -1.787 0.2236 0.9747 -0.0000
10.965 -2.515 -2.125 0.2236 0.9747 -0.0000
0 1 5
0 5 4
8 13 9
8 12 13
1 2 6
1 6 5
9 14 10
9 13 14
2 3 7
2 7 6
10 15 11
10 14 15
16 21 17
16 20 21
24 25 29
24 29 28
17 22 18
17 21 22
25 26 30
25 30 29
18 23 19
18 22 23
26 27 31
26 31 30
32 37 33
32 36 37
40 41 45
40 45 44
33 38 34
33 37 38
41 42 46
41 46 45
34 39 35
34 38 39
42 43 47
42 47 46
48 49 53
48 53 52
56 61 57
56 60 61
49 50 54
49 54 53
57 62 58
57 61 62
50 51 55
50 55 54
58 63 59
58 62 63
64 69 65
64 68 69
72 73 77
72 77 76
65 70 66
65 69 70
73 74 78
73 78 77
66 71 67
66 70 71
74 75 79
74 79 78
80 85 81
80 84 85
88 89 93
88 93 92
81 86 82
81 85 86
89 90 94
89 94 93
82 87 83
82 86 87
90 91 95
90 95 94
96 97 99
96 99 98
100 103 101
100 102 103
LABEL sfoot0_slat_10_1
MATERIAL 7
TEXTURE 0
GEOM 96 72 ;sfoot0_slat_10_1
0.971 -0.399 -1.787 0.0295 -0.0152 0.9995
0.947 -0.454 -1.787 0.0295 -0.0152 0.9995
0.920 -0.507 -1.787 0.0295 -0.0152 0.9995
0.889 -0.558 -1.787 0.0295 -0.0152 0.9995
10.405 -4.277 -2.125 0.0295 -0.0152 0.9995
10.145 -4.861 -2.125 0.0295 -0.0152 0.9995
9.853 -5.430 -2.125 0.0295 -0.0152 0.9995
9.528 -5.981 -2.125 0.0295 -0.0152 0.9995
0.971 -0.399 -1.787 -0.0295 0.0152 -0.9995
0.947 -0.454 -1.787 -0.0295 0.0152 -0.9995
0.920 -0.507 -1.787 -0.0295 0.0152 -0.9995
0.889 -0.558 -1.787 -0.0295 0.0152 -0.9995
10.405 -4.277 -2.125 -0.0295 0.0152 -0.9995
10.145 -4.861 -2.125 -0.0295 0.0152 -0.9995
9.853 -5.430 -2.125 -0.0295 0.0152 -0.9995
9.528 -5.981 -2.125 -0.0295 0.0152 -0.9995
0.971 -0.399 -2.037 -0.0295 0.0152 -0.9995
0.947 -0.454 -2.037 -0.0295 0.0152 -0.9995
0.920 -0.507 -2.037 -0.0295 0.0152 -0.9995
0.889 -0.558 -2.037 -0.0295 0.0152 -0.9995
10.405 -4.277 -2.375 -0.0295 0.0152 -0.9995
10.145 -4.861 -2.375 -0.0295 0.0152 -0.9995
9.853 -5.430 -2.375 -0.0295 0.0152 -0.9995
9.528 -5.981 -2.375 -0.0295 0.0152 -0.9995
0.971 -0.399 -2.037 0.0295 -0.0152 0.9995
0.947 -0.454 -2.037 0.0295 -0.0152 0.9995
0.920 -0.507 -2.037 0.0295 -0.0152 0.9995
0.889 -0.558 -2.037 0.0295 -0.0152 0.9995
10.405 -4.277 -2.375 0.0295 -0.0152 0.9995
10.145 -4.861 -2.375 0.0295 -0.0152 0.9995
9.853 -5.430 -2.375 0.0295 -0.0152 0.9995
9.528 -5.981 -2.375 0.0295 -0.0152 0.9995
10.405 -4.277 -2.375 0.8892 -0.4576 0.0000
10.145 -4.861 -2.375 0.8892 -0.4576 0.0000
9.853 -5.430 -2.375 0.8892 -0.4576 0.0000
9.528 -5.981 -2.375 0.8892 -0.4576 0.0000
10.405 -4.277 -2.125 0.8892 -0.4576 0.0000
10.145 -4.861 -2.125 0.8892 -0.4576 0.0000
9.853 -5.430 -2.125 0.8892 -0.4576 0.0000
9.528 -5.981 -2.125 0.8892 -0.4576 0.0000
10.405 -4.277 -2.375 -0.8892 0.4576 -0.0000
10.145 -4.861 -2.375 -0.8892 0.4576 -0.0000
9.853 -5.430 -2.375 -0.8892 0.4576 -0.0000
9.528 -5.981 -2.375 -0.8892 0.4576 -0.0000
10.405 -4.277 -2.125 -0.8892 0.4576 -0.0000
10.145 -4.861 -2.125 -0.8892 0.4576 -0.0000
9.853 -5.430 -2.125 -0.8892 0.4576 -0.0000
9.528 -5.981 -2.125 -0.8892 0.4576 -0.0000
0.971 -0.399 -2.037 -0.8892 0.4576 -0.0000
0.947 -0.454 -2.037 -0.8892 0.4576 -0.0000
0.920 -0.507 -2.037 -0.8892 0.4576 -0.0000
0.889 -0.558 -2.037 -0.8892 0.4576 -0.0000
0.971 -0.399 -1.787 -0.8892 0.4576 -0.0000
0.947 -0.454 -1.787 -0.8892 0.4576 -0.0000
0.920 -0.507 -1.787 -0.8892 0.4576 -0.0000
0.889 -0.558 -1.787 -0.8892 0.4576 -0.0000
0.971 -0.399 -2.037 0.8892 -0.4576 0.0000
0.947 -0.454 -2.037 0.8892 -0.4576 0.0000
0.920 -0.507 -2.037 0.8892 -0.4576 0.0000
0.889 -0.558 -2.037 0.8892 -0.4576 0.0000
0.971 -0.399 -1.787 0.8892 -0.4576 0.0000
0.947 -0.454 -1.787 0.8892 -0.4576 0.0000
0.920 -0.507 -1.787 0.8892 -0.4576 0.0000
0.889 -0.558 -1.787 0.8892 -0.4576 0.0000
10.405 -4.277 -2.125 0.8892 -0.4576 0.0000
10.145 -4.861 -2.125 0.8892 -0.4576 0.0000
9.853 -5.430 -2.125 0.8892 -0.4576 0.0000
9.528 -5.981 -2.125 0.8892 -0.4576 0.0000
10.405 -4.277 -1.425 0.8892 -0.4576 0.0000
10.145 -4.861 -1.425 0.8892 -0.4576 0.0000
9.853 -5.430 -1.425 0.8892 -0.4576 0.0000
9.528 -5.981 -1.425 0.8892 -0.4576 0.0000
10.405 -4.277 -2.125 -0.8892 0.4576 -0.0000
10.145 -4.861 -2.125 -0.8892 0.4576 -0.0000
9.853 -5.430 -2.125 -0.8892 0.4576 -0.0000
9.528 -5.981 -2.125 -0.8892 0.4576 -0.0000
10.405 -4.277 -1.425 -0.8892 0.4576 -0.0000
10.145 -4.861 -1.425 -0.8892 0.4576 -0.0000
9.853 -5.430 -1.425 -0.8892 0.4576 -0.0000
9.528 -5.981 -1.425 -0.8892 0.4576 -0.0000
10.405 -4.277 -1.425 -0.0000 -0.0000 1.0000
10.145 -4.861 -1.425 -0.0000 -0.0000 1.0000
9.853 -5.430 -1.425 -0.0000 -0.0000 1.0000
9.528 -5.981 -1.425 -0.0000 -0.0000 1.0000
10.082 -4.144 -1.413 -0.0000 -0.0000 1.0000
9.830 -4.710 -1.413 -0.0000 -0.0000 1.0000
9.546 -5.261 -1.413 -0.0000 -0.0000 1.0000
9.232 -5.795 -1.413 -0.0000 -0.0000 1.0000
10.405 -4.277 -1.425 0.0000 0.0000 -1.0000
10.145 -4.861 -1.425 0.0000 0.0000 -1.0000
9.853 -5.430 -1.425 0.0000 0.0000 -1.0000
9.528 -5.981 -1.425 0.0000 0.0000 -1.0000
10.082 -4.144 -1.413 0.0000 0.0000 -1.0000
9.830 -4.710 -1.413 0.0000 0.0000 -1.0000
9.546 -5.261 -1.413 0.0000 0.0000 -1.0000
9.232 -5.795 -1.413 0.0000 0.0000 -1.0000
0 1 5
0 5 4
8 13 9
8 12 13
1 2 6
1 6 5
9 14 10
9 13 14
2 3 7
2 7 6
10 15 11
10 14 15
16 21 17
16 20 21
24 25 29
24 29 28
17 22 18
17 21 22
25 26 30
25 30 29
18 23 19
18 22 23
26 27 31
26 31 30
32 37 33
32 36 37
40 41 45
40 45 44
33 38 34
33 37 38
41 42 46
41 46 45
34 39 35
34 38 39
42 43 47
42 47 46
48 49 53
48 53 52
56 61 57
56 60 61
49 50 54
49 54 53
57 62 58
57 61 62
50 51 55
50 55 54
58 63 59
58 62 63
64 69 65
64 68 69
72 73 77
72 77 76
65 70 66
65 69 70
73 74 78
73 78 77
66 71 67
66 70 71
74 75 79
74 79 78
80 85 81
80 84 85
88 89 93
88 93 92
81 86 82
81 85 86
89 90 94
89 94 93
82 87 83
82 86 87
90 91 95
90 95 94
LABEL sfoot0_slat_10_2
MATERIAL 7
TEXTURE 0
GEOM 104 76 ;sfoot0_slat_10_2
0.887 -0.562 -1.787 0.0295 -0.0152 0.9995
0.856 -0.608 -1.787 0.0295 -0.0152 0.9995
0.822 -0.653 -1.787 0.0295 -0.0152 0.9995
0.786 -0.696 -1.787 0.0295 -0.0152 0.9995
9.504 -6.019 -2.125 0.0295 -0.0152 0.9995
9.169 -6.519 -2.125 0.0295 -0.0152 0.9995
8.807 -7.000 -2.125 0.0295 -0.0152 0.9995
8.420 -7.461 -2.125 0.0295 -0.0152 0.9995
0.887 -0.562 -1.787 -0.0295 0.0152 -0.9995
0.856 -0.608 -1.787 -0.0295 0.0152 -0.9995
0.822 -0.653 -1.787 -0.0295 0.0152 -0.9995
0.786 -0.696 -1.787 -0.0295 0.0152 -0.9995
9.504 -6.019 -2.125 -0.0295 0.0152 -0.9995
9.169 -6.519 -2.125 -0.0295 0.0152 -0.9995
8.807 -7.000 -2.125 -0.0295 0.0152 -0.9995
8.420 -7.461 -2.125 -0.0295 0.0152 -0.9995
0.887 -0.562 -2.037 -0.0295 0.0152 -0.9995
0.856 -0.608 -2.037 -0.0295 0.0152 -0.9995
0.822 -0.653 -2.037 -0.0295 0.0152 -0.9995
0.786 -0.696 -2.037 -0.0295 0.0152 -0.9995
9.504 -6.019 -2.375 -0.0295 0.0152 -0.9995
9.169 -6.519 -2.375 -0.0295 0.0152 -0.9995
8.807 -7.000 -2.375 -0.0295 0.0152 -0.9995
8.420 -7.461 -2.375 -0.0295 0.0152 -0.9995
0.887 -0.562 -2.037 0.0295 -0.0152 0.9995
0.856 -0.608 -2.037 0.0295 -0.0152 0.9995
0.822 -0.653 -2.037 0.0295 -0.0152 0.9995
0.786 -0.696 -2.037 0.0295 -0.0152 0.9995
9.504 -6.019 -2.375 0.0295 -0.0152 0.9995
9.169 -6.519 -2.375 0.0295 -0.0152 0.9995
8.807 -7.000 -2.375 0.0295 -0.0152 0.9995
8.420 -7.461 -2.375 0.0295 -0.0152 0.9995
9.504 -6.019 -2.375 0.7992 -0.6010 0.0000
9.169 -6.519 -2.375 0.7992 -0.6010 0.0000
8.807 -7.000 -2.375 0.7992 -0.6010 0.0000
8.420 -7.461 -2.375 0.7992 -0.6010 0.0000
9.504 -6.019 -2.125 0.7992 -0.6010 0.0000
9.169 -6.519 -2.125 0.7992 -0.6010 0.0000
8.807 -7.000 -2.125 0.7992 -0.6010 0.0000
8.420 -7.461 -2.125 0.7992 -0.6010 0.0000
9.504 -6.019 -2.375 -0.7992 0.6010 -0.0000
9.169 -6.519 -2.375 -0.7992 0.6010 -0.0000
8.807 -7.000 -2.375 -0.7992 0.6010 -0.0000
8.420 -7.461 -2.375 -0.7992 0.6010 -0.0000
9.504 -6.019 -2.125 -0.7992 0.6010 -0.0000
9.169 -6.519 -2.125 -0.7992 0.6010 -0.0000
8.807 -7.000 -2.125 -0.7992 0.6010 -0.0000
8.420 -7.461 -2.125 -0.7992 0.6010 -0.0000
0.887 -0.562 -2.037 -0.7992 0.6010 -0.0000
0.856 -0.608 -2.037 -0.7992 0.6010 -0.0000
0.822 -0.653 -2.037 -0.7992 0.6010 -0.0000
0.786 -0.696 -2.037 -0.7992 0.6010 -0.0000
0.887 -0.562 -1.787 -0.7992 0.6010 -0.0000
0.856 -0.608 -1.787 -0.7992 0.6010 -0.0000
0.822 -0.653 -1.787 -0.7992 0.6010 -0.0000
0.786 -0.696 -1.787 -0.7992 0.6010 -0.0000
0.887 -0.562 -2.037 0.7992 -0.6010 0.0000
0.856 -0.608 -2.037 0.7992 -0.6010 0.0000
0.822 -0.653 -2.037 0.7992 -0.6010 0.0000
0.786 -0.696 -2.037 0.7992 -0.6010 0.0000
0.887 -0.562 -1.787 0.7992 -0.6010 0.0000
0.856 -0.608 -1.787 0.7992 -0.6010 0.0000
0.822 -0.653 -1.787 0.7992 -0.6010 0.0000
0.786 -0.696 -1.787 0.7992 -0.6010 0.0000
9.504 -6.019 -2.125 0.7992 -0.6010 0.0000
9.169 -6.519 -2.125 0.7992 -0.6010 0.0000
8.807 -7.000 -2.125 0.7992 -0.6010 0.0000
8.420 -7.461 -2.125 0.7992 -0.6010 0.0000
9.504 -6.019 -1.425 0.7992 -0.6010 0.0000
9.169 -6.519 -1.425 0.7992 -0.6010 0.0000
8.807 -7.000 -1.425 0.7992 -0.6010 0.0000
8.420 -7.461 -1.425 0.7992 -0.6010 0.0000
9.504 -6.019 -2.125 -0.7992 0.6010 -0.0000
9.169 -6.519 -2.125 -0.7992 0.6010 -0.0000
8.807 -7.000 -2.125 -0.7992 0.6010 -0.0000
8.420 -7.461 -2.125 -0.7992 0.6010 -0.0000
9.504 -6.019 -1.425 -0.7992 0.6010 -0.0000
9.169 -6.519 -1.425 -0.7992 0.6010 -0.0000
8.807 -7.000 -1.425 -0.7992 0.6010 -0.0000
8.420 -7.461 -1.425 -0.7992 0.6010 -0.0000
9.504 -6.019 -1.425 -0.0000 -0.0000 1.0000
9.169 -6.519 -1.425 -0.0000 -0.0000 1.0000
8.807 -7.000 -1.425 -0.0000 -0.0000 1.0000
8.420 -7.461 -1.425 -0.0000 -0.0000 1.0000
9.209 -5.832 -1.413 -0.0000 -0.0000 1.0000
8.884 -6.316 -1.413 -0.0000 -0.0000 1.0000
8.533 -6.782 -1.413 -0.0000 -0.0000 1.0000
8.158 -7.229 -1.413 -0.0000 -0.0000 1.0000
9.504 -6.019 -1.425 0.0000 0.0000 -1.0000
9.169 -6.519 -1.425 0.0000 0.0000 -1.0000
8.807 -7.000 -1.425 0.0000 0.0000 -1.0000
8.420 -7.461 -1.425 0.0000 0.0000 -1.0000
9.209 -5.832 -1.413 0.0000 0.0000 -1.0000
8.884 -6.316 -1.413 0.0000 0.0000 -1.0000
8.533 -6.782 -1.413 0.0000 0.0000 -1.0000
8.158 -7.229 -1.413 0.0000 0.0000 -1.0000
0.786 -0.696 -2.037 -0.6632 -0.7485 0.0000
8.420 -7.461 -2.375 -0.6632 -0.7485 0.0000
0.786 -0.696 -1.787 -0.6632 -0.7485 0.0000
8.420 -7.461 -2.125 -0.6632 -0.7485 0.0000
0.786 -0.696 -2.037 0.6632 0.7485 -0.0000
8.420 -7.461 -2.375 0.6632 0.7485 -0.0000
0.786 -0.696 -1.787 0.6632 0.7485 -0.0000
8.420 -7.461 -2.125 0.6632 0.7485 -0.0000
0 1 5
0 5 4
8 13 9
8 12 13
1 2 6
1 6 5
9 14 10
9 13 14
2 3 7
2 7 6
10 15 11
10 14 15
16 21 17
16 20 21
24 25 29
24 29 28
17 22 18
17 21 22
25 26 30
25 30 29
18 23 19
18 22 23
26 27 31
26 31 30
32 37 33
32 36 37
40 41 45
40 45 44
33 38 34
33 37 38
41 42 46
41 46 45
34 39 35
34 38 39
42 43 47
42 47 46
48 49 53
48 53 52
56 61 57
56 60 61
49 50 54
49 54 53
57 62 58
57 61 62
50 51 55
50 55 54
58 63 59
58 62 63
64 69 65
64 68 69
72 73 77
72 77 76
65 70 66
65 69 70
73 74 78
73 78 77
66 71 67
66 70 71
74 75 79
74 79 78
80 85 81
80 84 85
88 89 93
88 93 92
81 86 82
81 85 86
89 90 94
89 94 93
82 87 83
82 86 87
90 91 95
90 95 94
96 97 99
96 99 98
100 103 101
100 102 103
LABEL sfoot0_strut_10
MATERIAL 9
TEXTURE 0
GEOM 50 48 ;sfoot0_strut_10
1.306 -0.526 2.537 0.5668 -0.0000 0.8238
1.188 -0.756 2.537 0.3301 -0.4603 0.8241
1.025 -0.925 2.427 0.0049 -0.7973 0.6035
0.862 -0.987 2.236 -0.3216 -0.9207 0.2212
0.742 -0.925 2.015 -0.5619 -0.7973 -0.2203
0.697 -0.756 1.824 -0.6517 -0.4603 -0.6028
0.739 -0.526 1.713 -0.5668 -0.0000 -0.8238
0.857 -0.296 1.713 -0.3301 0.4603 -0.8241
1.020 -0.128 1.823 -0.0049 0.7973 -0.6035
1.183 -0.066 2.014 0.3216 0.9207 -0.2212
1.303 -0.128 2.235 0.5619 0.7973 0.2203
1.348 -0.296 2.426 0.6517 0.4603 0.6028
4.425 -2.131 0.391 0.5668 -0.0000 0.8238
4.306 -2.361 0.391 0.3301 -0.4603 0.8241
4.144 -2.530 0.281 0.0049 -0.7973 0.6035
3.981 -2.591 0.090 -0.3216 -0.9207 0.2212
3.860 -2.530 -0.131 -0.5619 -0.7973 -0.2203
3.816 -2.361 -0.322 -0.6517 -0.4603 -0.6028
3.858 -2.131 -0.433 -0.5668 -0.0000 -0.8238
3.976 -1.901 -0.433 -0.3301 0.4603 -0.8241
4.139 -1.732 -0.323 -0.0049 0.7973 -0.6035
4.302 -1.671 -0.131 0.3216 0.9207 -0.2212
4.422 -1.732 0.089 0.5619 0.7973 0.2203
4.467 -1.901 0.281 0.6517 0.4603 0.6028
1.023 -0.526 2.125 -0.7585 0.3903 0.5219
1.306 -0.526 2.537 -0.7585 0.3903 0.5219
1.188 -0.756 2.537 -0.7585 0.3903 0.5219
1.025 -0.925 2.427 -0.7585 0.3903 0.5219
0.862 -0.987 2.236 -0.7585 0.3903 0.5219
0.742 -0.925 2.015 -0.7585 0.3903 0.5219
0.697 -0.756 1.824 -0.7585 0.3903 0.5219
0.739 -0.526 1.713 -0.7585 0.3903 0.5219
0.857 -0.296 1.713 -0.7585 0.3903 0.5219
1.020 -0.128 1.823 -0.7585 0.3903 0.5219
1.183 -0.066 2.014 -0.7585 0.3903 0.5219
1.303 -0.128 2.235 -0.7585 0.3903 0.5219
1.348 -0.296 2.426 -0.7585 0.3903 0.5219
4.141 -2.131 -0.021 0.7585 -0.3903 -0.5219
4.425 -2.131 0.391 0.7585 -0.3903 -0.5219
4.306 -2.361 0.391 0.7585 -0.3903 -0.5219
4.144 -2.530 0.281 0.7585 -0.3903 -0.5219
3.981 -2.591 0.090 0.7585 -0.3903 -0.5219
3.860 -2.530 -0.131 0.7585 -0.3903 -0.5219
3.816 -2.361 -0.322 0.7585 -0.3903 -0.5219
3.858 -2.131 -0.433 0.7585 -0.3903 -0.5219
3.976 -1.901 -0.433 0.7585 -0.3903 -0.5219
4.139 -1.732 -0.323 0.7585 -0.3903 -0.5219
4.302 -1.671 -0.131 0.7585 -0.3903 -0.5219
4.422 -1.732 0.089 0.7585 -0.3903 -0.5219
4.467 -1.901 0.281 0.7585 -0.3903 -0.5219
0 1 13
0 13 12
1 2 14
1 14 13
2 3 15
2 15 14
3 4 16
3 16 15
4 5 17
4 17 16
5 6 18
5 18 17
6 7 19
6 19 18
7 8 20
7 20 19
8 9 21
8 21 20
9 10 22
9 22 21
10 11 23
10 23 22
11 0 12
11 12 23
24 26 25
24 27 26
24 28 27
24 29 28
24 30 29
24 31 30
24 32 31
24 33 32
24 34 33
24 35 34
24 36 35
24 25 36
37 38 39
37 39 40
37 40 41
37 41 42
37 42 43
37 43 44
37 44 45
37 45 46
37 46 47
37 47 48
37 48 49
37 49 38
LABEL sfoot0_rod_10
MATERIAL 7
TEXTURE 0
GEOM 42 40 ;sfoot0_rod_10
3.828 -1.897 0.498 0.5668 -0.0000 0.8238
3.754 -2.032 0.491 0.2696 -0.5412 0.7965
3.654 -2.116 0.409 -0.1307 -0.8756 0.4650
3.566 -2.116 0.281 -0.4810 -0.8756 -0.0442
3.524 -2.032 0.158 -0.6476 -0.5412 -0.5365
3.545 -1.897 0.086 -0.5668 -0.0000 -0.8238
3.619 -1.762 0.093 -0.2696 0.5412 -0.7965
3.719 -1.678 0.176 0.1307 0.8756 -0.4650
3.807 -1.678 0.303 0.4810 0.8756 0.0442
3.848 -1.762 0.426 0.6476 0.5412 0.5365
6.835 -3.444 -1.571 0.5668 -0.0000 0.8238
6.761 -3.580 -1.577 0.2696 -0.5412 0.7965
6.660 -3.663 -1.660 -0.1307 -0.8756 0.4650
6.573 -3.663 -1.788 -0.4810 -0.8756 -0.0442
6.531 -3.580 -1.911 -0.6476 -0.5412 -0.5365
6.551 -3.444 -1.982 -0.5668 -0.0000 -0.8238
6.626 -3.309 -1.976 -0.2696 0.5412 -0.7965
6.726 -3.225 -1.893 0.1307 0.8756 -0.4650
6.813 -3.225 -1.765 0.4810 0.8756 0.0442
6.855 -3.309 -1.642 0.6476 0.5412 0.5365
3.686 -1.897 0.292 -0.7585 0.3903 0.5219
3.828 -1.897 0.498 -0.7585 0.3903 0.5219
3.754 -2.032 0.491 -0.7585 0.3903 0.5219
3.654 -2.116 0.409 -0.7585 0.3903 0.5219
3.566 -2.116 0.281 -0.7585 0.3903 0.5219
3.524 -2.032 0.158 -0.7585 0.3903 0.5219
3.545 -1.897 0.086 -0.7585 0.3903 0.5219
3.619 -1.762 0.093 -0.7585 0.3903 0.5219
3.719 -1.678 0.176 -0.7585 0.3903 0.5219
3.807 -1.678 0.303 -0.7585 0.3903 0.5219
3.848 -1.762 0.426 -0.7585 0.3903 0.5219
6.693 -3.444 -1.776 0.7585 -0.3903 -0.5219
6.835 -3.444 -1.571 0.7585 -0.3903 -0.5219
6.761 -3.580 -1.577 0.7585 -0.3903 -0.5219
6.660 -3.663 -1.660 0.7585 -0.3903 -0.5219
6.573 -3.663 -1.788 0.7585 -0.3903 -0.5219
6.531 -3.580 -1.911 0.7585 -0.3903 -0.5219
6.551 -3.444 -1.982 0.7585 -0.3903 -0.5219
6.626 -3.309 -1.976 0.7585 -0.3903 -0.5219
6.726 -3.225 -1.893 0.7585 -0.3903 -0.5219
6.813 -3.225 -1.765 0.7585 -0.3903 -0.5219
6.855 -3.309 -1.642 0.7585 -0.3903 -0.5219
0 1 11
0 11 10
1 2 12
1 12 11
2 3 13
2 13 12
3 4 14
3 14 13
4 5 15
4 15 14
5 6 16
5 16 15
6 7 17
6 17 16
7 8 18
7 18 17
8 9 19
8 19 18
9 0 10
9 10 19
20 22 21
20 23 22
20 24 23
20 25 24
20 26 25
20 27 26
20 28 27
20 29 28
20 30 29
20 21 30
31 32 33
31 33 34
31 34 35
31 35 36
31 36 37
31 37 38
31 38 39
31 39 40
31 40 41
31 41 32
LABEL sfoot0_skirt_10_0
MATERIAL 7
TEXTURE 0
GEOM 16 12 ;sfoot0_skirt_10_0
10.965 -2.515 -3.275 0.9536 -0.3010 0.0000
10.815 -3.098 -3.275 0.9536 -0.3010 0.0000
10.634 -3.672 -3.275 0.9536 -0.3010 0.0000
10.422 -4.235 -3.275 0.9536 -0.3010 0.0000
10.965 -2.515 -2.375 0.9536 -0.3010 0.0000
10.815 -3.098 -2.375 0.9536 -0.3010 0.0000
10.634 -3.672 -2.375 0.9536 -0.3010 0.0000
10.422 -4.235 -2.375 0.9536 -0.3010 0.0000
10.965 -2.515 -3.275 -0.9536 0.3010 -0.0000
10.815 -3.098 -3.275 -0.9536 0.3010 -0.0000
10.634 -3.672 -3.275 -0.9536 0.3010 -0.0000
10.422 -4.235 -3.275 -0.9536 0.3010 -0.0000
10.965 -2.515 -2.375 -0.9536 0.3010 -0.0000
10.815 -3.098 -2.375 -0.9536 0.3010 -0.0000
10.634 -3.672 -2.375 -0.9536 0.3010 -0.0000
10.422 -4.235 -2.375 -0.9536 0.3010 -0.0000
0 5 1
0 4 5
8 9 13
8 13 12
1 6 2
1 5 6
9 10 14
9 14 13
2 7 3
2 6 7
10 11 15
10 15 14
LABEL sfoot0_skirt_10_1
MATERIAL 7
TEXTURE 0
GEOM 16 12 ;sfoot0_skirt_10_1
10.405 -4.277 -3.275 0.8892 -0.4576 0.0000
10.145 -4.861 -3.275 0.8892 -0.4576 0.0000
9.853 -5.430 -3.275 0.8892 -0.4576 0.0000
9.528 -5.981 -3.275 0.8892 -0.4576 0.0000
10.405 -4.277 -2.375 0.8892 -0.4576 0.0000
10.145 -4.861 -2.375 0.8892 -0.4576 0.0000
9.853 -5.430 -2.375 0.8892 -0.4576 0.0000
9.528 -5.981 -2.375 0.8892 -0.4576 0.0000
10.405 -4.277 -3.275 -0.8892 0.4576 -0.0000
10.145 -4.861 -3.275 -0.8892 0.4576 -0.0000
9.853 -5.430 -3.275 -0.8892 0.4576 -0.0000
9.528 -5.981 -3.275 -0.8892 0.4576 -0.0000
10.405 -4.277 -2.375 -0.8892 0.4576 -0.0000
10.145 -4.861 -2.375 -0.8892 0.4576 -0.0000
9.853 -5.430 -2.375 -0.8892 0.4576 -0.0000
9.528 -5.981 -2.375 -0.8892 0.4576 -0.0000
0 5 1
0 4 5
8 9 13
8 13 12
1 6 2
1 5 6
9 10 14
9 14 13
2 7 3
2 6 7
10 11 15
10 15 14
LABEL sfoot0_skirt_10_2
MATERIAL 7
TEXTURE 0
GEOM 16 12 ;sfoot0_skirt_10_2
9.504 -6.019 -3.275 0.7992 -0.6010 0.0000
9.169 -6.519 -3.275 0.7992 -0.6010 0.0000
8.807 -7.000 -3.275 0.7992 -0.6010 0.0000
8.420 -7.461 -3.275 0.7992 -0.6010 0.0000
9.504 -6.019 -2.375 0.7992 -0.6010 0.0000
9.169 -6.519 -2.375 0.7992 -0.6010 0.0000
8.807 -7.000 -2.375 0.7992 -0.6010 0.0000
8.420 -7.461 -2.375 0.7992 -0.6010 0.0000
9.504 -6.019 -3.275 -0.7992 0.6010 -0.0000
9.169 -6.519 -3.275 -0.7992 0.6010 -0.0000
8.807 -7.000 -3.275 -0.7992 0.6010 -0.0000
8.420 -7.461 -3.275 -0.7992 0.6010 -0.0000
9.504 -6.019 -2.375 -0.7992 0.6010 -0.0000
9.169 -6.519 -2.375 -0.7992 0.6010 -0.0000
8.807 -7.000 -2.375 -0.7992 0.6010 -0.0000
8.420 -7.461 -2.375 -0.7992 0.6010 -0.0000
0 5 1
0 4 5
8 9 13
8 13 12
1 6 2
1 5 6
9 10 14
9 14 13
2 7 3
2 6 7
10 11 15
10 15 14
LABEL sfoot0_petal_11
MATERIAL 7
TEXTURE 0
GEOM 66 52 ;sfoot0_petal_11
0.786 -0.574 -1.782 -0.5410 0.8404 0.0332
0.197 -0.953 -1.782 -0.5410 0.8404 0.0332
0.205 -0.966 -1.332 -0.5410 0.8404 0.0332
0.794 -0.587 -1.332 -0.5410 0.8404 0.0332
6.171 -8.941 -2.112 0.5410 -0.8404 -0.0332
5.583 -9.320 -2.112 0.5410 -0.8404 -0.0332
5.591 -9.332 -1.662 0.5410 -0.8404 -0.0332
6.180 -8.953 -1.662 0.5410 -0.8404 -0.0332
0.786 -0.574 -1.782 0.8409 0.5413 -0.0000
6.171 -8.941 -2.112 0.8409 0.5413 -0.0000
6.180 -8.953 -1.662 0.8409 0.5413 -0.0000
0.794 -0.587 -1.332 0.8409 0.5413 -0.0000
0.197 -0.953 -1.782 -0.8409 -0.5413 0.0000
5.583 -9.320 -2.112 -0.8409 -0.5413 0.0000
5.591 -9.332 -1.662 -0.8409 -0.5413 0.0000
0.205 -0.966 -1.332 -0.8409 -0.5413 0.0000
0.786 -0.574 -1.782 -0.0179 0.0279 -0.9995
6.171 -8.941 -2.112 -0.0179 0.0279 -0.9995
5.583 -9.320 -2.112 -0.0179 0.0279 -0.9995
0.197 -0.953 -1.782 -0.0179 0.0279 -0.9995
0.794 -0.587 -1.332 0.0179 -0.0279 0.9995
6.180 -8.953 -1.662 0.0179 -0.0279 0.9995
5.591 -9.332 -1.662 0.0179 -0.0279 0.9995
0.205 -0.966 -1.332 0.0179 -0.0279 0.9995
0.757 -0.345 -2.125 0.0000 0.0000 -1.0000
0.853 -0.493 -2.068 0.3181 -0.4942 -0.8090
0.912 -0.585 -1.918 0.5148 -0.7997 -0.3090
0.912 -0.585 -1.732 0.5148 -0.7997 0.3090
0.853 -0.493 -1.582 0.3181 -0.4942 0.8090
0.757 -0.345 -1.525 0.0000 -0.0000 1.0000
0.662 -0.197 -1.582 -0.3181 0.4942 0.8090
0.603 -0.105 -1.732 -0.5148 0.7997 0.3090
0.603 -0.105 -1.918 -0.5148 0.7997 -0.3090
0.662 -0.197 -2.068 -0.3181 0.4942 -0.8090
0.000 -0.832 -2.125 0.0000 0.0000 -1.0000
0.096 -0.980 -2.068 0.3181 -0.4942 -0.8090
0.155 -1.072 -1.918 0.5148 -0.7997 -0.3090
0.155 -1.072 -1.732 0.5148 -0.7997 0.3090
0.096 -0.980 -1.582 0.3181 -0.4942 0.8090
0.000 -0.832 -1.525 0.0000 -0.0000 1.0000
-0.095 -0.684 -1.582 -0.3181 0.4942 0.8090
-0.154 -0.592 -1.732 -0.5148 0.7997 0.3090
-0.154 -0.592 -1.918 -0.5148 0.7997 -0.3090
-0.095 -0.684 -2.068 -0.3181 0.4942 -0.8090
0.757 -0.345 -1.825 0.8409 0.5413 -0.0000
0.757 -0.345 -2.125 0.8409 0.5413 -0.0000
0.853 -0.493 -2.068 0.8409 0.5413 -0.0000
0.912 -0.585 -1.918 0.8409 0.5413 -0.0000
0.912 -0.585 -1.732 0.8409 0.5413 -0.0000
0.853 -0.493 -1.582 0.8409 0.5413 -0.0000
0.757 -0.345 -1.525 0.8409 0.5413 -0.0000
0.662 -0.197 -1.582 0.8409 0.5413 -0.0000
0.603 -0.105 -1.732 0.8409 0.5413 -0.0000
0.603 -0.105 -1.918 0.8409 0.5413 -0.0000
0.662 -0.197 -2.068 0.8409 0.5413 -0.0000
0.000 -0.832 -1.825 -0.8409 -0.5413 0.0000
0.000 -0.832 -2.125 -0.8409 -0.5413 0.0000
0.096 -0.980 -2.068 -0.8409 -0.5413 0.0000
0.155 -1.072 -1.918 -0.8409 -0.5413 0.0000
0.155 -1.072 -1.732 -0.8409 -0.5413 0.0000
0.096 -0.980 -1.582 -0.8409 -0.5413 0.0000
0.000 -0.832 -1.525 -0.8409 -0.5413 0.0000
-0.095 -0.684 -1.582 -0.8409 -0.5413 0.0000
-0.154 -0.592 -1.732 -0.8409 -0.5413 0.0000
-0.154 -0.592 -1.918 -0.8409 -0.5413 0.0000
-0.095 -0.684 -2.068 -0.8409 -0.5413 0.0000
0 1 2
0 2 3
4 6 5
4 7 6
8 10 9
8 11 10
12 13 14
12 14 15
16 17 18
16 18 19
20 22 21
20 23 22
24 25 35
24 35 34
25 26 36
25 36 35
26 27 37
26 37 36
27 28 38
27 38 37
28 29 39
28 39 38
29 30 40
29 40 39
30 31 41
30 41 40
31 32 42
31 42 41
32 33 43
32 43 42
33 24 34
33 34 43
44 46 45
44 47 46
44 48 47
44 49 48
44 50 49
44 51 50
44 52 51
44 53 52
44 54 53
44 45 54
55 56 57
55 57 58
55 58 59
55 59 60
55 60 61
55 61 62
55 62 63
55 63 64
55 64 65
55 65 56
LABEL sfoot0_slat_11_0
MATERIAL 7
TEXTURE 0
GEOM 104 76 ;sfoot0_slat_11_0
0.769 -0.715 -1.787 0.0179 -0.0279 0.9995
0.730 -0.755 -1.787 0.0179 -0.0279 0.9995
0.688 -0.793 -1.787 0.0179 -0.0279 0.9995
0.645 -0.829 -1.787 0.0179 -0.0279 0.9995
8.239 -7.661 -2.125 0.0179 -0.0279 0.9995
7.817 -8.090 -2.125 0.0179 -0.0279 0.9995
7.373 -8.497 -2.125 0.0179 -0.0279 0.9995
6.908 -8.879 -2.125 0.0179 -0.0279 0.9995
0.769 -0.715 -1.787 -0.0179 0.0279 -0.9995
0.730 -0.755 -1.787 -0.0179 0.0279 -0.9995
0.688 -0.793 -1.787 -0.0179 0.0279 -0.9995
0.645 -0.829 -1.787 -0.0179 0.0279 -0.9995
8.239 -7.661 -2.125 -0.0179 0.0279 -0.9995
7.817 -8.090 -2.125 -0.0179 0.0279 -0.9995
7.373 -8.497 -2.125 -0.0179 0.0279 -0.9995
6.908 -8.879 -2.125 -0.0179 0.0279 -0.9995
0.769 -0.715 -2.037 -0.0179 0.0279 -0.9995
0.730 -0.755 -2.037 -0.0179 0.0279 -0.9995
0.688 -0.793 -2.037 -0.0179 0.0279 -0.9995
0.645 -0.829 -2.037 -0.0179 0.0279 -0.9995
8.239 -7.661 -2.375 -0.0179 0.0279 -0.9995
7.817 -8.090 -2.375 -0.0179 0.0279 -0.9995
7.373 -8.497 -2.375 -0.0179 0.0279 -0.9995
6.908 -8.879 -2.375 -0.0179 0.0279 -0.9995
0.769 -0.715 -2.037 0.0179 -0.0279 0.9995
0.730 -0.755 -2.037 0.0179 -0.0279 0.9995
0.688 -0.793 -2.037 0.0179 -0.0279 0.9995
0.645 -0.829 -2.037 0.0179 -0.0279 0.9995
8.239 -7.661 -2.375 0.0179 -0.0279 0.9995
7.817 -8.090 -2.375 0.0179 -0.0279 0.9995
7.373 -8.497 -2.375 0.0179 -0.0279 0.9995
6.908 -8.879 -2.375 0.0179 -0.0279 0.9995
8.239 -7.661 -2.375 0.6754 -0.7375 0.0000
7.817 -8.090 -2.375 0.6754 -0.7375 0.0000
7.373 -8.497 -2.375 0.6754 -0.7375 0.0000
6.908 -8.879 -2.375 0.6754 -0.7375 0.0000
8.239 -7.661 -2.125 0.6754 -0.7375 0.0000
7.817 -8.090 -2.125 0.6754 -0.7375 0.0000
7.373 -8.497 -2.125 0.6754 -0.7375 0.0000
6.908 -8.879 -2.125 0.6754 -0.7375 0.0000
8.239 -7.661 -2.375 -0.6754 0.7375 -0.0000
7.817 -8.090 -2.375 -0.6754 0.7375 -0.0000
7.373 -8.497 -2.375 -0.6754 0.7375 -0.0000
6.908 -8.879 -2.375 -0.6754 0.7375 -0.0000
8.239 -7.661 -2.125 -0.6754 0.7375 -0.0000
7.817 -8.090 -2.125 -0.6754 0.7375 -0.0000
7.373 -8.497 -2.125 -0.6754 0.7375 -0.0000
6.908 -8.879 -2.125 -0.6754 0.7375 -0.0000
0.769 -0.715 -2.037 -0.6754 0.7375 -0.0000
0.730 -0.755 -2.037 -0.6754 0.7375 -0.0000
0.688 -0.793 -2.037 -0.6754 0.7375 -0.0000
0.645 -0.829 -2.037 -0.6754 0.7375 -0.0000
0.769 -0.715 -1.787 -0.6754 0.7375 -0.0000
0.730 -0.755 -1.787 -0.6754 0.7375 -0.0000
0.688 -0.793 -1.787 -0.6754 0.7375 -0.0000
0.645 -0.829 -1.787 -0.6754 0.7375 -0.0000
0.769 -0.715 -2.037 0.6754 -0.7375 0.0000
0.730 -0.755 -2.037 0.6754 -0.7375 0.0000
0.688 -0.793 -2.037 0.6754 -0.7375 0.0000
0.645 -0.829 -2.037 0.6754 -0.7375 0.0000
0.769 -0.715 -1.787 0.6754 -0.7375 0.0000
0.730 -0.755 -1.787 0.6754 -0.7375 0.0000
0.688 -0.793 -1.787 0.6754 -0.7375 0.0000
0.645 -0.829 -1.787 0.6754 -0.7375 0.0000
8.239 -7.661 -2.125 0.6754 -0.7375 0.0000
7.817 -8.090 -2.125 0.6754 -0.7375 0.0000
7.373 -8.497 -2.125 0.6754 -0.7375 0.0000
6.908 -8.879 -2.125 0.6754 -0.7375 0.0000
8.239 -7.661 -1.425 0.6754 -0.7375 0.0000
7.817 -8.090 -1.425 0.6754 -0.7375 0.0000
7.373 -8.497 -1.425 0.6754 -0.7375 0.0000
6.908 -8.879 -1.425 0.6754 -0.7375 0.0000
8.239 -7.661 -2.125 -0.6754 0.7375 -0.0000
7.817 -8.090 -2.125 -0.6754 0.7375 -0.0000
7.373 -8.497 -2.125 -0.6754 0.7375 -0.0000
6.908 -8.879 -2.125 -0.6754 0.7375 -0.0000
8.239 -7.661 -1.425 -0.6754 0.7375 -0.0000
7.817 -8.090 -1.425 -0.6754 0.7375 -0.0000
7.373 -8.497 -1.425 -0.6754 0.7375 -0.0000
6.908 -8.879 -1.425 -0.6754 0.7375 -0.0000
8.239 -7.661 -1.425 -0.0000 -0.0000 1.0000
7.817 -8.090 -1.425 -0.0000 -0.0000 1.0000
7.373 -8.497 -1.425 -0.0000 -0.0000 1.0000
6.908 -8.879 -1.425 -0.0000 -0.0000 1.0000
7.982 -7.422 -1.413 -0.0000 -0.0000 1.0000
7.574 -7.839 -1.413 -0.0000 -0.0000 1.0000
7.144 -8.233 -1.413 -0.0000 -0.0000 1.0000
6.693 -8.603 -1.413 -0.0000 -0.0000 1.0000
8.239 -7.661 -1.425 0.0000 0.0000 -1.0000
7.817 -8.090 -1.425 0.0000 0.0000 -1.0000
7.373 -8.497 -1.425 0.0000 0.0000 -1.0000
6.908 -8.879 -1.425 0.0000 0.0000 -1.0000
7.982 -7.422 -1.413 0.0000 0.0000 -1.0000
7.574 -7.839 -1.413 0.0000 0.0000 -1.0000
7.144 -8.233 -1.413 0.0000 0.0000 -1.0000
6.693 -8.603 -1.413 0.0000 0.0000 -1.0000
0.769 -0.715 -2.037 -0.6810 -0.7323 0.0000
8.239 -7.661 -2.375 -0.6810 -0.7323 0.0000
0.769 -0.715 -1.787 -0.6810 -0.7323 0.0000
8.239 -7.661 -2.125 -0.6810 -0.7323 0.0000
0.769 -0.715 -2.037 0.6810 0.7323 -0.0000
8.239 -7.661 -2.375 0.6810 0.7323 -0.0000
0.769 -0.715 -1.787 0.6810 0.7323 -0.0000
8.239 -7.661 -2.125 0.6810 0.7323 -0.0000
0 1 5
0 5 4
8 13 9
8 12 13
1 2 6
1 6 5
9 14 10
9 13 14
2 3 7
2 7 6
10 15 11
10 14 15
16 21 17
16 20 21
24 25 29
24 29 28
17 22 18
17 21 22
25 26 30
25 30 29
18 23 19
18 22 23
26 27 31
26 31 30
32 37 33
32 36 37
40 41 45
40 45 44
33 38 34
33 37 38
41 42 46
41 46 45
34 39 35
34 38 39
42 43 47
42 47 46
48 49 53
48 53 52
56 61 57
56 60 61
49 50 54
49 54 53
57 62 58
57 61 62
50 51 55
50 55 54
58 63 59
58 62 63
64 69 65
64 68 69
72 73 77
72 77 76
65 70 66
65 69 70
73 74 78
73 78 77
66 71 67
66 70 71
74 75 79
74 79 78
80 85 81
80 84 85
88 89 93
88 93 92
81 86 82
81 85 86
89 90 94
89 94 93
82 87 83
82 86 87
90 91 95
90 95 94
96 97 99
96 99 98
100 103 101
100 102 103
LABEL sfoot0_slat_11_1
MATERIAL 7
TEXTURE 0
GEOM 96 72 ;sfoot0_slat_11_1
0.641 -0.831 -1.787 0.0179 -0.0279 0.9995
0.593 -0.866 -1.787 0.0179 -0.0279 0.9995
0.543 -0.899 -1.787 0.0179 -0.0279 0.9995
0.491 -0.928 -1.787 0.0179 -0.0279 0.9995
6.873 -8.907 -2.125 0.0179 -0.0279 0.9995
6.356 -9.283 -2.125 0.0179 -0.0279 0.9995
5.818 -9.629 -2.125 0.0179 -0.0279 0.9995
5.261 -9.944 -2.125 0.0179 -0.0279 0.9995
0.641 -0.831 -1.787 -0.0179 0.0279 -0.9995
0.593 -0.866 -1.787 -0.0179 0.0279 -0.9995
0.543 -0.899 -1.787 -0.0179 0.0279 -0.9995
0.491 -0.928 -1.787 -0.0179 0.0279 -0.9995
6.873 -8.907 -2.125 -0.0179 0.0279 -0.9995
6.356 -9.283 -2.125 -0.0179 0.0279 -0.9995
5.818 -9.629 -2.125 -0.0179 0.0279 -0.9995
5.261 -9.944 -2.125 -0.0179 0.0279 -0.9995
0.641 -0.831 -2.037 -0.0179 0.0279 -0.9995
0.593 -0.866 -2.037 -0.0179 0.0279 -0.9995
0.543 -0.899 -2.037 -0.0179 0.0279 -0.9995
0.491 -0.928 -2.037 -0.0179 0.0279 -0.9995
6.873 -8.907 -2.375 -0.0179 0.0279 -0.9995
6.356 -9.283 -2.375 -0.0179 0.0279 -0.9995
5.818 -9.629 -2.375 -0.0179 0.0279 -0.9995
5.261 -9.944 -2.375 -0.0179 0.0279 -0.9995
0.641 -0.831 -2.037 0.0179 -0.0279 0.9995
0.593 -0.866 -2.037 0.0179 -0.0279 0.9995
0.543 -0.899 -2.037 0.0179 -0.0279 0.9995
0.491 -0.928 -2.037 0.0179 -0.0279 0.9995
6.873 -8.907 -2.375 0.0179 -0.0279 0.9995
6.356 -9.283 -2.375 0.0179 -0.0279 0.9995
5.818 -9.629 -2.375 0.0179 -0.0279 0.9995
5.261 -9.944 -2.375 0.0179 -0.0279 0.9995
6.873 -8.907 -2.375 0.5413 -0.8409 0.0000
6.356 -9.283 -2.375 0.5413 -0.8409 0.0000
5.818 -9.629 -2.375 0.5413 -0.8409 0.0000
5.261 -9.944 -2.375 0.5413 -0.8409 0.0000
6.873 -8.907 -2.125 0.5413 -0.8409 0.0000
6.356 -9.283 -2.125 0.5413 -0.8409 0.0000
5.818 -9.629 -2.125 0.5413 -0.8409 0.0000
5.261 -9.944 -2.125 0.5413 -0.8409 0.0000
6.873 -8.907 -2.375 -0.5413 0.8409 -0.0000
6.356 -9.283 -2.375 -0.5413 0.8409 -0.0000
5.818 -9.629 -2.375 -0.5413 0.8409 -0.0000
5.261 -9.944 -2.375 -0.5413 0.8409 -0.0000
6.873 -8.907 -2.125 -0.5413 0.8409 -0.0000
6.356 -9.283 -2.125 -0.5413 0.8409 -0.0000
5.818 -9.629 -2.125 -0.5413 0.8409 -0.0000
5.261 -9.944 -2.125 -0.5413 0.8409 -0.0000
0.641 -0.831 -2.037 -0.5413 0.8409 -0.0000
0.593 -0.866 -2.037 -0.5413 0.8409 -0.0000
0.543 -0.899 -2.037 -0.5413 0.8409 -0.0000
0.491 -0.928 -2.037 -0.5413 0.8409 -0.0000
0.641 -0.831 -1.787 -0.5413 0.8409 -0.0000
0.593 -0.866 -1.787 -0.5413 0.8409 -0.0000
0.543 -0.899 -1.787 -0.5413 0.8409 -0.0000
0.491 -0.928 -1.787 -0.5413 0.8409 -0.0000
0.641 -0.831 -2.037 0.5413 -0.8409 0.0000
0.593 -0.866 -2.037 0.5413 -0.8409 0.0000
0.543 -0.899 -2.037 0.5413 -0.8409 0.0000
0.491 -0.928 -2.037 0.5413 -0.8409 0.0000
0.641 -0.831 -1.787 0.5413 -0.8409 0.0000
0.593 -0.866 -1.787 0.5413 -0.8409 0.0000
0.543 -0.899 -1.787 0.5413 -0.8409 0.0000
0.491 -0.928 -1.787 0.5413 -0.8409 0.0000
6.873 -8.907 -2.125 0.5413 -0.8409 0.0000
6.356 -9.283 -2.125 0.5413 -0.8409 0.0000
5.818 -9.629 -2.125 0.5413 -0.8409 0.0000
5.261 -9.944 -2.125 0.5413 -0.8409 0.0000
6.873 -8.907 -1.425 0.5413 -0.8409 0.0000
6.356 -9.283 -1.425 0.5413 -0.8409 0.0000
5.818 -9.629 -1.425 0.5413 -0.8409 0.0000
5.261 -9.944 -1.425 0.5413 -0.8409 0.0000
6.873 -8.907 -2.125 -0.5413 0.8409 -0.0000
6.356 -9.283 -2.125 -0.5413 0.8409 -0.0000
5.818 -9.629 -2.125 -0.5413 0.8409 -0.0000
5.261 -9.944 -2.125 -0.5413 0.8409 -0.0000
6.873 -8.907 -1.425 -0.5413 0.8409 -0.0000
6.356 -9.283 -1.425 -0.5413 0.8409 -0.0000
5.818 -9.629 -1.425 -0.5413 0.8409 -0.0000
5.261 -9.944 -1.425 -0.5413 0.8409 -0.0000
6.873 -8.907 -1.425 -0.0000 -0.0000 1.0000
6.356 -9.283 -1.425 -0.0000 -0.0000 1.0000
5.818 -9.629 -1.425 -0.0000 -0.0000 1.0000
5.261 -9.944 -1.425 -0.0000 -0.0000 1.0000
6.659 -8.630 -1.413 -0.0000 -0.0000 1.0000
6.158 -8.994 -1.413 -0.0000 -0.0000 1.0000
5.637 -9.329 -1.413 -0.0000 -0.0000 1.0000
5.098 -9.634 -1.413 -0.0000 -0.0000 1.0000
6.873 -8.907 -1.425 0.0000 0.0000 -1.0000
6.356 -9.283 -1.425 0.0000 0.0000 -1.0000
5.818 -9.629 -1.425 0.0000 0.0000 -1.0000
5.261 -9.944 -1.425 0.0000 0.0000 -1.0000
6.659 -8.630 -1.413 0.0000 0.0000 -1.0000
6.158 -8.994 -1.413 0.0000 0.0000 -1.0000
5.637 -9.329 -1.413 0.0000 0.0000 -1.0000
5.098 -9.634 -1.413 0.0000 0.0000 -1.0000
0 1 5
0 5 4
8 13 9
8 12 13
1 2 6
1 6 5
9 14 10
9 13 14
2 3 7
2 7 6
10 15 11
10 14 15
16 21 17
16 20 21
24 25 29
24 29 28
17 22 18
17 21 22
25 26 30
25 30 29
18 23 19
18 22 23
26 27 31
26 31 30
32 37 33
32 36 37
40 41 45
40 45 44
33 38 34
33 37 38
41 42 46
41 46 45
34 39 35
34 38 39
42 43 47
42 47 46
48 49 53
48 53 52
56 61 57
56 60 61
49 50 54
49 54 53
57 62 58
57 61 62
50 51 55
50 55 54
58 63 59
58 62 63
64 69 65
64 68 69
72 73 77
72 77 76
65 70 66
65 69 70
73 74 78
73 78 77
66 71 67
66 70 71
74 75 79
74 79 78
80 85 81
80 84 85
88 89 93
88 93 92
81 86 82
81 85 86
89 90 94
89 94 93
82 87 83
82 86 87
90 91 95
90 95 94
LABEL sfoot0_slat_11_2
MATERIAL 7
TEXTURE 0
GEOM 104 76 ;sfoot0_slat_11_2
0.487 -0.930 -1.787 0.0179 -0.0279 0.9995
0.437 -0.955 -1.787 0.0179 -0.0279 0.9995
0.385 -0.977 -1.787 0.0179 -0.0279 0.9995
0.332 -0.996 -1.787 0.0179 -0.0279 0.9995
5.222 -9.965 -2.125 0.0179 -0.0279 0.9995
4.681 -10.230 -2.125 0.0179 -0.0279 0.9995
4.127 -10.466 -2.125 0.0179 -0.0279 0.9995
3.562 -10.671 -2.125 0.0179 -0.0279 0.9995
0.487 -0.930 -1.787 -0.0179 0.0279 -0.9995
0.437 -0.955 -1.787 -0.0179 0.0279 -0.9995
0.385 -0.977 -1.787 -0.0179 0.0279 -0.9995
0.332 -0.996 -1.787 -0.0179 0.0279 -0.9995
5.222 -9.965 -2.125 -0.0179 0.0279 -0.9995
4.681 -10.230 -2.125 -0.0179 0.0279 -0.9995
4.127 -10.466 -2.125 -0.0179 0.0279 -0.9995
3.562 -10.671 -2.125 -0.0179 0.0279 -0.9995
0.487 -0.930 -2.037 -0.0179 0.0279 -0.9995
0.437 -0.955 -2.037 -0.0179 0.0279 -0.9995
0.385 -0.977 -2.037 -0.0179 0.0279 -0.9995
0.332 -0.996 -2.037 -0.0179 0.0279 -0.9995
5.222 -9.965 -2.375 -0.0179 0.0279 -0.9995
4.681 -10.230 -2.375 -0.0179 0.0279 -0.9995
4.127 -10.466 -2.375 -0.0179 0.0279 -0.9995
3.562 -10.671 -2.375 -0.0179 0.0279 -0.9995
0.487 -0.930 -2.037 0.0179 -0.0279 0.9995
0.437 -0.955 -2.037 0.0179 -0.0279 0.9995
0.385 -0.977 -2.037 0.0179 -0.0279 0.9995
0.332 -0.996 -2.037 0.0179 -0.0279 0.9995
5.222 -9.965 -2.375 0.0179 -0.0279 0.9995
4.681 -10.230 -2.375 0.0179 -0.0279 0.9995
4.127 -10.466 -2.375 0.0179 -0.0279 0.9995
3.562 -10.671 -2.375 0.0179 -0.0279 0.9995
5.222 -9.965 -2.375 0.3916 -0.9201 0.0000
4.681 -10.230 -2.375 0.3916 -0.9201 0.0000
4.127 -10.466 -2.375 0.3916 -0.9201 0.0000
3.562 -10.671 -2.375 0.3916 -0.9201 0.0000
5.222 -9.965 -2.125 0.3916 -0.9201 0.0000
4.681 -10.230 -2.125 0.3916 -0.9201 0.0000
4.127 -10.466 -2.125 0.3916 -0.9201 0.0000
3.562 -10.671 -2.125 0.3916 -0.9201 0.0000
5.222 -9.965 -2.375 -0.3916 0.9201 -0.0000
4.681 -10.230 -2.375 -0.3916 0.9201 -0.0000
4.127 -10.466 -2.375 -0.3916 0.9201 -0.0000
3.562 -10.671 -2.375 -0.3916 0.9201 -0.0000
5.222 -9.965 -2.125 -0.3916 0.9201 -0.0000
4.681 -10.230 -2.125 -0.3916 0.9201 -0.0000
4.127 -10.466 -2.125 -0.3916 0.9201 -0.0000
3.562 -10.671 -2.125 -0.3916 0.9201 -0.0000
0.487 -0.930 -2.037 -0.3916 0.9201 -0.0000
0.437 -0.955 -2.037 -0.3916 0.9201 -0.0000
0.385 -0.977 -2.037 -0.3916 0.9201 -0.0000
0.332 -0.996 -2.037 -0.3916 0.9201 -0.0000
0.487 -0.930 -1.787 -0.3916 0.9201 -0.0000
0.437 -0.955 -1.787 -0.3916 0.9201 -0.0000
0.385 -0.977 -1.787 -0.3916 0.9201 -0.0000
0.332 -0.996 -1.787 -0.3916 0.9201 -0.0000
0.487 -0.930 -2.037 0.3916 -0.9201 0.0000
0.437 -0.955 -2.037 0.3916 -0.9201 0.0000
0.385 -0.977 -2.037 0.3916 -0.9201 0.0000
0.332 -0.996 -2.037 0.3916 -0.9201 0.0000
0.487 -0.930 -1.787 0.3916 -0.9201 0.0000
0.437 -0.955 -1.787 0.3916 -0.9201 0.0000
0.385 -0.977 -1.787 0.3916 -0.9201 0.0000
0.332 -0.996 -1.787 0.3916 -0.9201 0.0000
5.222 -9.965 -2.125 0.3916 -0.9201 0.0000
4.681 -10.230 -2.125 0.3916 -0.9201 0.0000
4.127 -10.466 -2.125 0.3916 -0.9201 0.0000
3.562 -10.671 -2.125 0.3916 -0.9201 0.0000
5.222 -9.965 -1.425 0.3916 -0.9201 0.0000
4.681 -10.230 -1.425 0.3916 -0.9201 0.0000
4.127 -10.466 -1.425 0.3916 -0.9201 0.0000
3.562 -10.671 -1.425 0.3916 -0.9201 0.0000
5.222 -9.965 -2.125 -0.3916 0.9201 -0.0000
4.681 -10.230 -2.125 -0.3916 0.9201 -0.0000
4.127 -10.466 -2.125 -0.3916 0.9201 -0.0000
3.562 -10.671 -2.125 -0.3916 0.9201 -0.0000
5.222 -9.965 -1.425 -0.3916 0.9201 -0.0000
4.681 -10.230 -1.425 -0.3916 0.9201 -0.0000
4.127 -10.466 -1.425 -0.3916 0.9201 -0.0000
3.562 -10.671 -1.425 -0.3916 0.9201 -0.0000
5.222 -9.965 -1.425 -0.0000 -0.0000 1.0000
4.681 -10.230 -1.425 -0.0000 -0.0000 1.0000
4.127 -10.466 -1.425 -0.0000 -0.0000 1.0000
3.562 -10.671 -1.425 -0.0000 -0.0000 1.0000
5.059 -9.655 -1.413 -0.0000 -0.0000 1.0000
4.536 -9.912 -1.413 -0.0000 -0.0000 1.0000
3.999 -10.140 -1.413 -0.0000 -0.0000 1.0000
3.451 -10.339 -1.413 -0.0000 -0.0000 1.0000
5.222 -9.965 -1.425 0.0000 0.0000 -1.0000
4.681 -10.230 -1.425 0.0000 0.0000 -1.0000
4.127 -10.466 -1.425 0.0000 0.0000 -1.0000
3.562 -10.671 -1.425 0.0000 0.0000 -1.0000
5.059 -9.655 -1.413 0.0000 0.0000 -1.0000
4.536 -9.912 -1.413 0.0000 0.0000 -1.0000
3.999 -10.140 -1.413 0.0000 0.0000 -1.0000
3.451 -10.339 -1.413 0.0000 0.0000 -1.0000
0.332 -0.996 -2.037 -0.9486 -0.3166 -0.0000
3.562 -10.671 -2.375 -0.9486 -0.3166 -0.0000
0.332 -0.996 -1.787 -0.9486 -0.3166 -0.0000
3.562 -10.671 -2.125 -0.9486 -0.3166 -0.0000
0.332 -0.996 -2.037 0.9486 0.3166 0.0000
3.562 -10.671 -2.375 0.9486 0.3166 0.0000
0.332 -0.996 -1.787 0.9486 0.3166 0.0000
3.562 -10.671 -2.125 0.9486 0.3166 0.0000
0 1 5
0 5 4
8 13 9
8 12 13
1 2 6
1 6 5
9 14 10
9 13 14
2 3 7
2 7 6
10 15 11
10 14 15
16 21 17
16 20 21
24 25 29
24 29 28
17 22 18
17 21 22
25 26 30
25 30 29
18 23 19
18 22 23
26 27 31
26 31 30
32 37 33
32 36 37
40 41 45
40 45 44
33 38 34
33 37 38
41 42 46
41 46 45
34 39 35
34 38 39
42 43 47
42 47 46
48 49 53
48 53 52
56 61 57
56 60 61
49 50 54
49 54 53
57 62 58
57 61 62
50 51 55
50 55 54
58 63 59
58 62 63
64 69 65
64 68 69
72 73 77
72 77 76
65 70 66
65 69 70
73 74 78
73 78 77
66 71 67
66 70 71
74 75 79
74 79 78
80 85 81
80 84 85
88 89 93
88 93 92
81 86 82
81 85 86
89 90 94
89 94 93
82 87 83
82 86 87
90 91 95
90 95 94
96 97 99
96 99 98
100 103 101
100 102 103
LABEL sfoot0_strut_11
MATERIAL 9
TEXTURE 0
GEOM 50 48 ;sfoot0_strut_11
0.997 -0.967 2.456 0.7490 -0.0000 0.6626
0.828 -1.141 2.546 0.4110 -0.3484 0.8425
0.604 -1.269 2.523 -0.0371 -0.6034 0.7965
0.385 -1.315 2.394 -0.4753 -0.6968 0.5372
0.229 -1.269 2.192 -0.7861 -0.6034 0.1339
0.179 -1.141 1.972 -0.8863 -0.3484 -0.3053
0.248 -0.967 1.794 -0.7490 -0.0000 -0.6626
0.417 -0.793 1.704 -0.4110 0.3484 -0.8425
0.641 -0.665 1.727 0.0371 0.6034 -0.7965
0.860 -0.619 1.856 0.4753 0.6968 -0.5372
1.015 -0.665 2.058 0.7861 0.6034 -0.1339
1.066 -0.793 2.278 0.8863 0.3484 0.3053
2.895 -3.916 0.310 0.7490 -0.0000 0.6626
2.726 -4.091 0.400 0.4110 -0.3484 0.8425
2.502 -4.218 0.377 -0.0371 -0.6034 0.7965
2.283 -4.265 0.248 -0.4753 -0.6968 0.5372
2.128 -4.218 0.046 -0.7861 -0.6034 0.1339
2.078 -4.091 -0.173 -0.8863 -0.3484 -0.3053
2.146 -3.916 -0.352 -0.7490 -0.0000 -0.6626
2.315 -3.742 -0.442 -0.4110 0.3484 -0.8425
2.540 -3.615 -0.419 0.0371 0.6034 -0.7965
2.759 -3.568 -0.289 0.4753 0.6968 -0.5372
2.914 -3.615 -0.088 0.7861 0.6034 -0.1339
2.964 -3.742 0.132 0.8863 0.3484 0.3053
0.622 -0.967 2.125 -0.4617 0.7173 0.5219
0.997 -0.967 2.456 -0.4617 0.7173 0.5219
0.828 -1.141 2.546 -0.4617 0.7173 0.5219
0.604 -1.269 2.523 -0.4617 0.7173 0.5219
0.385 -1.315 2.394 -0.4617 0.7173 0.5219
0.229 -1.269 2.192 -0.4617 0.7173 0.5219
0.179 -1.141 1.972 -0.4617 0.7173 0.5219
0.248 -0.967 1.794 -0.4617 0.7173 0.5219
0.417 -0.793 1.704 -0.4617 0.7173 0.5219
0.641 -0.665 1.727 -0.4617 0.7173 0.5219
0.860 -0.619 1.856 -0.4617 0.7173 0.5219
1.015 -0.665 2.058 -0.4617 0.7173 0.5219
1.066 -0.793 2.278 -0.4617 0.7173 0.5219
2.521 -3.916 -0.021 0.4617 -0.7173 -0.5219
2.895 -3.916 0.310 0.4617 -0.7173 -0.5219
2.726 -4.091 0.400 0.4617 -0.7173 -0.5219
2.502 -4.218 0.377 0.4617 -0.7173 -0.5219
2.283 -4.265 0.248 0.4617 -0.7173 -0.5219
2.128 -4.218 0.046 0.4617 -0.7173 -0.5219
2.078 -4.091 -0.173 0.4617 -0.7173 -0.5219
2.146 -3.916 -0.352 0.4617 -0.7173 -0.5219
2.315 -3.742 -0.442 0.4617 -0.7173 -0.5219
2.540 -3.615 -0.419 0.4617 -0.7173 -0.5219
2.759 -3.568 -0.289 0.4617 -0.7173 -0.5219
2.914 -3.615 -0.088 0.4617 -0.7173 -0.5219
2.964 -3.742 0.132 0.4617 -0.7173 -0.5219
0 1 13
0 13 12
1 2 14
1 14 13
2 3 15
2 15 14
3 4 16
3 16 15
4 5 17
4 17 16
5 6 18
5 18 17
6 7 19
6 19 18
7 8 20
7 20 19
8 9 21
8 21 20
9 10 22
9 22 21
10 11 23
10 23 22
11 0 12
11 12 23
24 26 25
24 27 26
24 28 27
24 29 28
24 30 29
24 31 30
24 32 31
24 33 32
24 34 33
24 35 34
24 36 35
24 25 36
37 38 39
37 39 40
37 40 41
37 41 42
37 42 43
37 43 44
37 44 45
37 45 46
37 46 47
37 47 48
37 48 49
37 49 38
LABEL sfoot0_rod_11
MATERIAL 7
TEXTURE 0
GEOM 42 40 ;sfoot0_rod_11
2.431 -3.486 0.458 0.7490 -0.0000 0.6626
2.326 -3.588 0.505 0.3265 -0.4096 0.8518
2.189 -3.652 0.471 -0.2206 -0.6627 0.7157
2.073 -3.652 0.369 -0.6835 -0.6627 0.3061
2.023 -3.588 0.237 -0.8853 -0.4096 -0.2203
2.057 -3.486 0.127 -0.7490 -0.0000 -0.6626
2.162 -3.384 0.079 -0.3265 0.4096 -0.8518
2.299 -3.320 0.113 0.2206 0.6627 -0.7157
2.415 -3.320 0.216 0.6835 0.6627 -0.3061
2.465 -3.384 0.347 0.8853 0.4096 0.2203
4.262 -6.329 -1.611 0.7490 -0.0000 0.6626
4.156 -6.432 -1.564 0.3265 -0.4096 0.8518
4.019 -6.495 -1.598 -0.2206 -0.6627 0.7157
3.903 -6.495 -1.700 -0.6835 -0.6627 0.3061
3.853 -6.432 -1.832 -0.8853 -0.4096 -0.2203
3.887 -6.329 -1.942 -0.7490 -0.0000 -0.6626
3.993 -6.227 -1.989 -0.3265 0.4096 -0.8518
4.129 -6.164 -1.955 0.2206 0.6627 -0.7157
4.245 -6.164 -1.853 0.6835 0.6627 -0.3061
4.296 -6.227 -1.721 0.8853 0.4096 0.2203
2.244 -3.486 0.292 -0.4617 0.7173 0.5219
2.431 -3.486 0.458 -0.4617 0.7173 0.5219
2.326 -3.588 0.505 -0.4617 0.7173 0.5219
2.189 -3.652 0.471 -0.4617 0.7173 0.5219
2.073 -3.652 0.369 -0.4617 0.7173 0.5219
2.023 -3.588 0.237 -0.4617 0.7173 0.5219
2.057 -3.486 0.127 -0.4617 0.7173 0.5219
2.162 -3.384 0.079 -0.4617 0.7173 0.5219
2.299 -3.320 0.113 -0.4617 0.7173 0.5219
2.415 -3.320 0.216 -0.4617 0.7173 0.5219
2.465 -3.384 0.347 -0.4617 0.7173 0.5219
4.074 -6.329 -1.776 0.4617 -0.7173 -0.5219
4.262 -6.329 -1.611 0.4617 -0.7173 -0.5219
4.156 -6.432 -1.564 0.4617 -0.7173 -0.5219
4.019 -6.495 -1.598 0.4617 -0.7173 -0.5219
3.903 -6.495 -1.700 0.4617 -0.7173 -0.5219
3.853 -6.432 -1.832 0.4617 -0.7173 -0.5219
3.887 -6.329 -1.942 0.4617 -0.7173 -0.5219
3.993 -6.227 -1.989 0.4617 -0.7173 -0.5219
4.129 -6.164 -1.955 0.4617 -0.7173 -0.5219
4.245 -6.164 -1.853 0.4617 -0.7173 -0.5219
4.296 -6.227 -1.721 0.4617 -0.7173 -0.5219
0 1 11
0 11 10
1 2 12
1 12 11
2 3 13
2 13 12
3 4 14
3 14 13
4 5 15
4 15 14
5 6 16
5 16 15
6 7 17
6 17 16
7 8 18
7 18 17
8 9 19
8 19 18
9 0 10
9 10 19
20 22 21
20 23 22
20 24 23
20 25 24
20 26 25
20 27 26
20 28 27
20 29 28
20 30 29
20 21 30
31 32 33
31 33 34
31 34 35
31 35 36
31 36 37
31 37 38
31 38 39
31 39 40
31 40 41
31 41 32
LABEL sfoot0_skirt_11_0
MATERIAL 7
TEXTURE 0
GEOM 16 12 ;sfoot0_skirt_11_0
8.239 -7.661 -3.275 0.6754 -0.7375 0.0000
7.817 -8.090 -3.275 0.6754 -0.7375 0.0000
7.373 -8.497 -3.275 0.6754 -0.7375 0.0000
6.908 -8.879 -3.275 0.6754 -0.7375 0.0000
8.239 -7.661 -2.375 0.6754 -0.7375 0.0000
7.817 -8.090 -2.375 0.6754 -0.7375 0.0000
7.373 -8.497 -2.375 0.6754 -0.7375 0.0000
6.908 -8.879 -2.375 0.6754 -0.7375 0.0000
8.239 -7.661 -3.275 -0.6754 0.7375 -0.0000
7.817 -8.090 -3.275 -0.6754 0.7375 -0.0000
7.373 -8.497 -3.275 -0.6754 0.7375 -0.0000
6.908 -8.879 -3.275 -0.6754 0.7375 -0.0000
8.239 -7.661 -2.375 -0.6754 0.7375 -0.0000
7.817 -8.090 -2.375 -0.6754 0.7375 -0.0000
7.373 -8.497 -2.375 -0.6754 0.7375 -0.0000
6.908 -8.879 -2.375 -0.6754 0.7375 -0.0000
0 5 1
0 4 5
8 9 13
8 13 12
1 6 2
1 5 6
9 10 14
9 14 13
2 7 3
2 6 7
10 11 15
10 15 14
LABEL sfoot0_skirt_11_1
MATERIAL 7
TEXTURE 0
GEOM 16 12 ;sfoot0_skirt_11_1
6.873 -8.907 -3.275 0.5413 -0.8409 0.0000
6.356 -9.283 -3.275 0.5413 -0.8409 0.0000
5.818 -9.629 -3.275 0.5413 -0.8409 0.0000
5.261 -9.944 -3.275 0.5413 -0.8409 0.0000
6.873 -8.907 -2.375 0.5413 -0.8409 0.0000
6.356 -9.283 -2.375 0.5413 -0.8409 0.0000
5.818 -9.629 -2.375 0.5413 -0.8409 0.0000
5.261 -9.944 -2.375 0.5413 -0.8409 0.0000
6.873 -8.907 -3.275 -0.5413 0.8409 -0.0000
6.356 -9.283 -3.275 -0.5413 0.8409 -0.0000
5.818 -9.629 -3.275 -0.5413 0.8409 -0.0000
5.261 -9.944 -3.275 -0.5413 0.8409 -0.0000
6.873 -8.907 -2.375 -0.5413 0.8409 -0.0000
6.356 -9.283 -2.375 -0.5413 0.8409 -0.0000
5.818 -9.629 -2.375 -0.5413 0.8409 -0.0000
5.261 -9.944 -2.375 -0.5413 0.8409 -0.0000
0 5 1
0 4 5
8 9 13
8 13 12
1 6 2
1 5 6
9 10 14
9 14 13
2 7 3
2 6 7
10 11 15
10 15 14
LABEL sfoot0_skirt_11_2
MATERIAL 7
TEXTURE 0
GEOM 16 12 ;sfoot0_skirt_11_2
5.222 -9.965 -3.275 0.3916 -0.9201 0.0000
4.681 -10.230 -3.275 0.3916 -0.9201 0.0000
4.127 -10.466 -3.275 0.3916 -0.9201 0.0000
3.562 -10.671 -3.275 0.3916 -0.9201 0.0000
5.222 -9.965 -2.375 0.3916 -0.9201 0.0000
4.681 -10.230 -2.375 0.3916 -0.9201 0.0000
4.127 -10.466 -2.375 0.3916 -0.9201 0.0000
3.562 -10.671 -2.375 0.3916 -0.9201 0.0000
5.222 -9.965 -3.275 -0.3916 0.9201 -0.0000
4.681 -10.230 -3.275 -0.3916 0.9201 -0.0000
4.127 -10.466 -3.275 -0.3916 0.9201 -0.0000
3.562 -10.671 -3.275 -0.3916 0.9201 -0.0000
5.222 -9.965 -2.375 -0.3916 0.9201 -0.0000
4.681 -10.230 -2.375 -0.3916 0.9201 -0.0000
4.127 -10.466 -2.375 -0.3916 0.9201 -0.0000
3.562 -10.671 -2.375 -0.3916 0.9201 -0.0000
0 5 1
0 4 5
8 9 13
8 13 12
1 6 2
1 5 6
9 10 14
9 14 13
2 7 3
2 6 7
10 11 15
10 15 14
MATERIALS 81
hull_lacquer
nose_iridium
crest_radiator
structure
boron_nitride
engine_metal
mechanism
dark
band
planetary_cup
rover
shuttle
trap_shell
canopy
br_vault
br_floor
br_panel
br_panel_face
br_tub
br_holo
br_screen
br_glow
br_display
br_green
br_red
br_amber
br_seat
br_cushion
br_bezel
br_rib
br_lamp
br_cove
br_vault_lit
br_floor_lit
br_belt
in_floor
in_wall
in_ceiling
in_light
in_furn
in_seat
in_metal
in_wet
in_screen
in_trim
in_green
in_amber
in_red
in_guide
in_btn_dim
in_wall_w
in_floor_w
in_ceil_w
in_metal_w
in_trim_w
in_guide_w
in_fx
in_downlight
in_cove
lift_glass
in_wip
in_btn_cap
in_cablight
in_glass
in_wall_r
in_floor_r
in_ceil_r
in_metal_r
in_dutyred
in_door
in_wall_d
in_floor_d
in_ceil_d
in_metal_d
br_malachite
br_cur_ball
br_cur_lit
br_spot
br_cover
br_glass_disp
br_hud_glass
MATERIAL hull_lacquer
0.620 0.640 0.680 1.00
0.620 0.640 0.680 1.00
0.300 0.300 0.320 1 20
0.000 0.000 0.000 1
MATERIAL nose_iridium
0.780 0.760 0.700 1.00
0.780 0.760 0.700 1.00
0.950 0.950 0.950 1 80
0.000 0.000 0.000 1
MATERIAL crest_radiator
0.460 0.260 0.180 1.00
0.460 0.260 0.180 1.00
0.150 0.150 0.150 1 10
0.000 0.000 0.000 1
MATERIAL structure
0.260 0.270 0.290 1.00
0.260 0.270 0.290 1.00
0.200 0.200 0.200 1 15
0.000 0.000 0.000 1
MATERIAL boron_nitride
0.620 0.580 0.920 1.00
0.620 0.580 0.920 1.00
0.600 0.600 0.700 1 40
0.080 0.060 0.200 1
MATERIAL engine_metal
0.400 0.400 0.420 1.00
0.400 0.400 0.420 1.00
0.500 0.500 0.500 1 40
0.000 0.000 0.000 1
MATERIAL mechanism
0.540 0.560 0.600 1.00
0.540 0.560 0.600 1.00
0.700 0.700 0.720 1 50
0.000 0.000 0.000 1
MATERIAL dark
0.070 0.070 0.090 1.00
0.070 0.070 0.090 1.00
0.050 0.050 0.050 1 5
0.000 0.000 0.000 1
MATERIAL band
0.280 0.360 0.500 1.00
0.280 0.360 0.500 1.00
0.500 0.550 0.650 1 40
0.000 0.000 0.000 1
MATERIAL planetary_cup
0.600 0.700 0.850 1.00
0.600 0.700 0.850 1.00
0.700 0.700 0.800 1 50
0.030 0.060 0.100 1
MATERIAL rover
0.550 0.480 0.320 1.00
0.550 0.480 0.320 1.00
0.300 0.300 0.300 1 20
0.000 0.000 0.000 1
MATERIAL shuttle
0.850 0.840 0.810 1.00
0.850 0.840 0.810 1.00
0.400 0.400 0.400 1 30
0.000 0.000 0.000 1
MATERIAL trap_shell
0.440 0.470 0.560 1.00
0.440 0.470 0.560 1.00
0.450 0.450 0.500 1 30
0.000 0.000 0.000 1
MATERIAL canopy
0.360 0.370 0.400 1.00
0.360 0.370 0.400 1.00
0.550 0.550 0.600 1 35
0.000 0.000 0.000 1
MATERIAL br_vault
0.150 0.160 0.180 1.00
0.150 0.160 0.180 1.00
0.060 0.060 0.070 1 8
0.026 0.030 0.038 1
MATERIAL br_floor
0.550 0.580 0.620 1.00
0.550 0.580 0.620 1.00
0.350 0.360 0.400 1 40
0.160 0.180 0.210 1
MATERIAL br_panel
0.170 0.180 0.200 1.00
0.170 0.180 0.200 1.00
0.200 0.210 0.240 1 20
0.028 0.032 0.040 1
MATERIAL br_panel_face
0.240 0.250 0.280 1.00
0.240 0.250 0.280 1.00
0.300 0.320 0.360 1 30
0.042 0.047 0.056 1
MATERIAL br_tub
0.300 0.310 0.340 1.00
0.300 0.310 0.340 1.00
0.250 0.260 0.300 1 25
0.050 0.055 0.066 1
MATERIAL br_holo
0.050 0.200 0.260 1.00
0.050 0.200 0.260 1.00
0.000 0.000 0.000 1 1
0.060 0.260 0.340 1
MATERIAL br_screen
0.020 0.030 0.060 1.00
0.020 0.030 0.060 1.00
0.300 0.300 0.400 1 40
0.030 0.050 0.100 1
MATERIAL br_glow
0.400 0.900 1.000 1.00
0.400 0.900 1.000 1.00
0.000 0.000 0.000 1 1
0.300 0.700 0.900 1
MATERIAL br_display
1.000 1.000 1.000 1.00
1.000 1.000 1.000 1.00
0.000 0.000 0.000 1 1
1.000 1.000 1.000 1
MATERIAL br_green
0.300 1.000 0.500 1.00
0.300 1.000 0.500 1.00
0.000 0.000 0.000 1 1
0.200 0.900 0.400 1
MATERIAL br_red
0.900 0.200 0.150 1.00
0.900 0.200 0.150 1.00
0.300 0.100 0.100 1 20
0.500 0.080 0.050 1
MATERIAL br_amber
1.000 0.800 0.300 1.00
1.000 0.800 0.300 1.00
0.000 0.000 0.000 1 1
0.700 0.500 0.100 1
MATERIAL br_seat
0.200 0.210 0.230 1.00
0.200 0.210 0.230 1.00
0.300 0.300 0.350 1 30
0.024 0.026 0.030 1
MATERIAL br_cushion
0.210 0.240 0.290 1.00
0.210 0.240 0.290 1.00
0.100 0.100 0.120 1 10
0.028 0.032 0.040 1
MATERIAL br_bezel
0.620 0.640 0.680 1.00
0.620 0.640 0.680 1.00
0.400 0.410 0.450 1 40
0.075 0.080 0.090 1
MATERIAL br_rib
0.220 0.230 0.260 1.00
0.220 0.230 0.260 1.00
0.300 0.310 0.350 1 30
0.034 0.038 0.046 1
MATERIAL br_lamp
0.800 0.880 1.000 1.00
0.800 0.880 1.000 1.00
0.000 0.000 0.000 1 1
0.620 0.700 0.800 1
MATERIAL br_cove
0.300 0.550 0.800 1.00
0.300 0.550 0.800 1.00
0.000 0.000 0.000 1 1
0.160 0.300 0.460 1
MATERIAL br_vault_lit
0.060 0.060 0.070 1.00
0.060 0.060 0.070 1.00
0.040 0.040 0.050 1 8
1.000 1.000 1.000 1
MATERIAL br_floor_lit
0.080 0.080 0.090 1.00
0.080 0.080 0.090 1.00
0.100 0.100 0.120 1 20
1.000 1.000 1.000 1
MATERIAL br_belt
0.880 0.560 0.160 1.00
0.880 0.560 0.160 1.00
0.100 0.100 0.100 1 10
0.000 0.000 0.000 1
MATERIAL in_floor
0.500 0.500 0.500 1.00
0.500 0.500 0.500 1.00
0.100 0.100 0.100 1 10
0.500 0.500 0.520 1
MATERIAL in_wall
0.450 0.450 0.450 1.00
0.450 0.450 0.450 1.00
0.050 0.050 0.050 1 5
0.600 0.600 0.620 1
MATERIAL in_ceiling
0.450 0.450 0.450 1.00
0.450 0.450 0.450 1.00
0.000 0.000 0.000 1 1
0.550 0.550 0.570 1
MATERIAL in_light
1.000 0.970 0.880 1.00
1.000 0.970 0.880 1.00
0.000 0.000 0.000 1 1
1.000 0.960 0.840 1
MATERIAL in_furn
0.300 0.310 0.340 1.00
0.300 0.310 0.340 1.00
0.100 0.100 0.100 1 10
0.150 0.150 0.170 1
MATERIAL in_seat
0.120 0.150 0.220 1.00
0.120 0.150 0.220 1.00
0.150 0.150 0.200 1 15
0.060 0.080 0.130 1
MATERIAL in_metal
0.500 0.500 0.500 1.00
0.500 0.500 0.500 1.00
0.500 0.500 0.500 1 30
0.550 0.550 0.580 1
MATERIAL in_wet
0.360 0.500 0.550 1.00
0.360 0.500 0.550 1.00
0.200 0.200 0.250 1 20
0.130 0.190 0.210 1
MATERIAL in_screen
0.040 0.080 0.160 1.00
0.040 0.080 0.160 1.00
0.300 0.300 0.400 1 40
0.100 0.280 0.500 1
MATERIAL in_trim
0.600 0.600 0.600 1.00
0.600 0.600 0.600 1.00
0.100 0.100 0.100 1 10
0.500 0.500 0.500 1
MATERIAL in_green
0.100 0.600 0.250 1.00
0.100 0.600 0.250 1.00
0.000 0.000 0.000 1 1
0.150 1.000 0.400 1
MATERIAL in_amber
0.700 0.450 0.050 1.00
0.700 0.450 0.050 1.00
0.000 0.000 0.000 1 1
1.000 0.620 0.080 1
MATERIAL in_red
0.700 0.100 0.080 1.00
0.700 0.100 0.080 1.00
0.000 0.000 0.000 1 1
1.000 0.150 0.100 1
MATERIAL in_guide
0.200 0.500 0.700 1.00
0.200 0.500 0.700 1.00
0.000 0.000 0.000 1 1
0.250 0.750 1.000 1
MATERIAL in_btn_dim
0.160 0.180 0.200 1.00
0.160 0.180 0.200 1.00
0.300 0.300 0.300 1 20
0.040 0.050 0.060 1
MATERIAL in_wall_w
0.500 0.500 0.510 1.00
0.500 0.500 0.510 1.00
0.080 0.080 0.090 1 12
0.065 0.065 0.075 1
MATERIAL in_floor_w
0.500 0.500 0.500 1.00
0.500 0.500 0.500 1.00
0.450 0.450 0.480 1 40
0.040 0.040 0.045 1
MATERIAL in_ceil_w
0.400 0.400 0.410 1.00
0.400 0.400 0.410 1.00
0.000 0.000 0.000 1 1
0.035 0.035 0.040 1
MATERIAL in_metal_w
0.450 0.450 0.470 1.00
0.450 0.450 0.470 1.00
0.400 0.400 0.420 1 30
0.070 0.070 0.080 1
MATERIAL in_trim_w
0.500 0.500 0.500 1.00
0.500 0.500 0.500 1.00
0.100 0.100 0.100 1 10
0.140 0.140 0.140 1
MATERIAL in_guide_w
0.250 0.420 0.420 1.00
0.250 0.420 0.420 1.00
0.000 0.000 0.000 1 1
0.160 0.360 0.380 1
MATERIAL in_fx
1.000 1.000 1.000 1.00
1.000 1.000 1.000 1.00
0.000 0.000 0.000 1 1
1.000 1.000 1.000 1
MATERIAL in_downlight
1.000 0.860 0.620 1.00
1.000 0.860 0.620 1.00
0.000 0.000 0.000 1 1
1.000 0.840 0.580 1
MATERIAL in_cove
0.300 0.400 0.620 1.00
0.300 0.400 0.620 1.00
0.000 0.000 0.000 1 1
0.260 0.360 0.580 1
MATERIAL lift_glass
0.450 0.600 0.700 0.22
0.450 0.600 0.700 0.22
0.800 0.800 0.850 1 60
0.020 0.030 0.040 1
MATERIAL in_wip
0.950 0.420 0.060 1.00
0.950 0.420 0.060 1.00
0.300 0.250 0.200 1 20
0.400 0.170 0.020 1
MATERIAL in_btn_cap
0.550 0.560 0.580 1.00
0.550 0.560 0.580 1.00
0.350 0.350 0.350 1 30
0.300 0.310 0.320 1
MATERIAL in_cablight
0.950 0.930 0.860 1.00
0.950 0.930 0.860 1.00
0.000 0.000 0.000 1 1
0.800 0.770 0.680 1
MATERIAL in_glass
1.000 1.000 1.000 1.00
1.000 1.000 1.000 1.00
0.900 0.900 0.900 1 60
0.120 0.130 0.150 1
MATERIAL in_wall_r
0.400 0.380 0.380 1.00
0.400 0.380 0.380 1.00
0.050 0.050 0.050 1 5
0.050 0.012 0.011 1
MATERIAL in_floor_r
0.400 0.380 0.380 1.00
0.400 0.380 0.380 1.00
0.200 0.200 0.200 1 30
0.032 0.007 0.007 1
MATERIAL in_ceil_r
0.350 0.330 0.330 1.00
0.350 0.330 0.330 1.00
0.000 0.000 0.000 1 1
0.028 0.006 0.006 1
MATERIAL in_metal_r
0.400 0.380 0.380 1.00
0.400 0.380 0.380 1.00
0.300 0.300 0.300 1 30
0.045 0.011 0.010 1
MATERIAL in_dutyred
0.600 0.080 0.050 1.00
0.600 0.080 0.050 1.00
0.000 0.000 0.000 1 1
0.550 0.050 0.030 1
MATERIAL in_door
0.550 0.550 0.560 1.00
0.550 0.550 0.560 1.00
0.250 0.250 0.270 1 25
0.075 0.075 0.080 1
MATERIAL in_wall_d
0.080 0.080 0.085 1.00
0.080 0.080 0.085 1.00
0.020 0.020 0.020 1 5
0.018 0.018 0.020 1
MATERIAL in_floor_d
0.080 0.080 0.080 1.00
0.080 0.080 0.080 1.00
0.050 0.050 0.050 1 10
0.012 0.012 0.013 1
MATERIAL in_ceil_d
0.070 0.070 0.075 1.00
0.070 0.070 0.075 1.00
0.000 0.000 0.000 1 1
0.010 0.010 0.011 1
MATERIAL in_metal_d
0.080 0.080 0.085 1.00
0.080 0.080 0.085 1.00
0.050 0.050 0.050 1 10
0.016 0.016 0.018 1
MATERIAL br_malachite
0.160 0.380 0.310 1.00
0.160 0.380 0.310 1.00
0.400 0.480 0.450 1 35
0.020 0.048 0.040 1
MATERIAL br_cur_ball
0.620 0.860 0.950 0.72
0.620 0.860 0.950 0.72
0.900 0.900 0.900 1 60
0.100 0.260 0.320 1
MATERIAL br_cur_lit
0.780 0.950 1.000 1.00
0.780 0.950 1.000 1.00
0.000 0.000 0.000 1 1
0.780 0.950 1.000 1
MATERIAL br_spot
1.000 0.550 0.120 0.80
1.000 0.550 0.120 0.80
0.000 0.000 0.000 1 1
1.000 0.550 0.120 1
MATERIAL br_cover
1.000 0.350 0.290 0.50
1.000 0.350 0.290 0.50
0.600 0.600 0.600 1 40
0.200 0.040 0.030 1
MATERIAL br_glass_disp
1.000 1.000 1.000 1.00
1.000 1.000 1.000 1.00
0.000 0.000 0.000 1 1
1.000 1.000 1.000 1
MATERIAL br_hud_glass
1.000 1.000 1.000 1.00
1.000 1.000 1.000 1.00
0.000 0.000 0.000 1 1
1.000 1.000 1.000 1
TEXTURES 0
