MSHX1
GROUPS 115
LABEL leg2_sec1
MATERIAL 9
TEXTURE 0
GEOM 48 24 ;leg2_sec1
1.732 -0.298 11.050 0.6483 -0.7614 -0.0000
0.019 -1.757 11.050 0.6483 -0.7614 -0.0000
0.019 -1.757 -4.450 0.6483 -0.7614 -0.0000
1.732 -0.298 -4.450 0.6483 -0.7614 -0.0000
-0.019 1.757 11.050 -0.6483 0.7614 0.0000
-1.732 0.298 11.050 -0.6483 0.7614 0.0000
-1.732 0.298 -4.450 -0.6483 0.7614 0.0000
-0.019 1.757 -4.450 -0.6483 0.7614 0.0000
1.732 -0.298 11.050 0.7614 0.6483 0.0000
-0.019 1.757 11.050 0.7614 0.6483 0.0000
-0.019 1.757 -4.450 0.7614 0.6483 0.0000
1.732 -0.298 -4.450 0.7614 0.6483 0.0000
0.019 -1.757 11.050 -0.7614 -0.6483 -0.0000
-1.732 0.298 11.050 -0.7614 -0.6483 -0.0000
-1.732 0.298 -4.450 -0.7614 -0.6483 -0.0000
0.019 -1.757 -4.450 -0.7614 -0.6483 -0.0000
1.732 -0.298 11.050 -0.0000 -0.0000 1.0000
-0.019 1.757 11.050 -0.0000 -0.0000 1.0000
-1.732 0.298 11.050 -0.0000 -0.0000 1.0000
0.019 -1.757 11.050 -0.0000 -0.0000 1.0000
1.732 -0.298 -4.450 0.0000 0.0000 -1.0000
-0.019 1.757 -4.450 0.0000 0.0000 -1.0000
-1.732 0.298 -4.450 0.0000 0.0000 -1.0000
0.019 -1.757 -4.450 0.0000 0.0000 -1.0000
1.873 -0.310 11.050 0.6483 -0.7614 -0.0000
0.007 -1.898 11.050 0.6483 -0.7614 -0.0000
0.007 -1.898 9.850 0.6483 -0.7614 -0.0000
1.873 -0.310 9.850 0.6483 -0.7614 -0.0000
-0.007 1.898 11.050 -0.6483 0.7614 0.0000
-1.873 0.310 11.050 -0.6483 0.7614 0.0000
-1.873 0.310 9.850 -0.6483 0.7614 0.0000
-0.007 1.898 9.850 -0.6483 0.7614 0.0000
1.873 -0.310 11.050 0.7614 0.6483 0.0000
-0.007 1.898 11.050 0.7614 0.6483 0.0000
-0.007 1.898 9.850 0.7614 0.6483 0.0000
1.873 -0.310 9.850 0.7614 0.6483 0.0000
0.007 -1.898 11.050 -0.7614 -0.6483 -0.0000
-1.873 0.310 11.050 -0.7614 -0.6483 -0.0000
-1.873 0.310 9.850 -0.7614 -0.6483 -0.0000
0.007 -1.898 9.850 -0.7614 -0.6483 -0.0000
1.873 -0.310 11.050 -0.0000 -0.0000 1.0000
-0.007 1.898 11.050 -0.0000 -0.0000 1.0000
-1.873 0.310 11.050 -0.0000 -0.0000 1.0000
0.007 -1.898 11.050 -0.0000 -0.0000 1.0000
1.873 -0.310 9.850 0.0000 0.0000 -1.0000
-0.007 1.898 9.850 0.0000 0.0000 -1.0000
-1.873 0.310 9.850 0.0000 0.0000 -1.0000
0.007 -1.898 9.850 0.0000 0.0000 -1.0000
0 1 2
0 2 3
4 6 5
4 7 6
8 10 9
8 11 10
12 13 14
12 14 15
16 17 18
16 18 19
20 22 21
20 23 22
24 25 26
24 26 27
28 30 29
28 31 30
32 34 33
32 35 34
36 37 38
36 38 39
40 41 42
40 42 43
44 46 45
44 47 46
LABEL leg2_sec2
MATERIAL 9
TEXTURE 0
GEOM 48 24 ;leg2_sec2
1.559 -0.269 11.050 0.6483 -0.7614 -0.0000
0.017 -1.581 11.050 0.6483 -0.7614 -0.0000
0.017 -1.581 -4.450 0.6483 -0.7614 -0.0000
1.559 -0.269 -4.450 0.6483 -0.7614 -0.0000
-0.017 1.581 11.050 -0.6483 0.7614 0.0000
-1.559 0.269 11.050 -0.6483 0.7614 0.0000
-1.559 0.269 -4.450 -0.6483 0.7614 0.0000
-0.017 1.581 -4.450 -0.6483 0.7614 0.0000
1.559 -0.269 11.050 0.7614 0.6483 0.0000
-0.017 1.581 11.050 0.7614 0.6483 0.0000
-0.017 1.581 -4.450 0.7614 0.6483 0.0000
1.559 -0.269 -4.450 0.7614 0.6483 0.0000
0.017 -1.581 11.050 -0.7614 -0.6483 -0.0000
-1.559 0.269 11.050 -0.7614 -0.6483 -0.0000
-1.559 0.269 -4.450 -0.7614 -0.6483 -0.0000
0.017 -1.581 -4.450 -0.7614 -0.6483 -0.0000
1.559 -0.269 11.050 -0.0000 -0.0000 1.0000
-0.017 1.581 11.050 -0.0000 -0.0000 1.0000
-1.559 0.269 11.050 -0.0000 -0.0000 1.0000
0.017 -1.581 11.050 -0.0000 -0.0000 1.0000
1.559 -0.269 -4.450 0.0000 0.0000 -1.0000
-0.017 1.581 -4.450 0.0000 0.0000 -1.0000
-1.559 0.269 -4.450 0.0000 0.0000 -1.0000
0.017 -1.581 -4.450 0.0000 0.0000 -1.0000
1.700 -0.280 11.050 0.6483 -0.7614 -0.0000
0.006 -1.722 11.050 0.6483 -0.7614 -0.0000
0.006 -1.722 9.850 0.6483 -0.7614 -0.0000
1.700 -0.280 9.850 0.6483 -0.7614 -0.0000
-0.006 1.722 11.050 -0.6483 0.7614 0.0000
-1.700 0.280 11.050 -0.6483 0.7614 0.0000
-1.700 0.280 9.850 -0.6483 0.7614 0.0000
-0.006 1.722 9.850 -0.6483 0.7614 0.0000
1.700 -0.280 11.050 0.7614 0.6483 0.0000
-0.006 1.722 11.050 0.7614 0.6483 0.0000
-0.006 1.722 9.850 0.7614 0.6483 0.0000
1.700 -0.280 9.850 0.7614 0.6483 0.0000
0.006 -1.722 11.050 -0.7614 -0.6483 -0.0000
-1.700 0.280 11.050 -0.7614 -0.6483 -0.0000
-1.700 0.280 9.850 -0.7614 -0.6483 -0.0000
0.006 -1.722 9.850 -0.7614 -0.6483 -0.0000
1.700 -0.280 11.050 -0.0000 -0.0000 1.0000
-0.006 1.722 11.050 -0.0000 -0.0000 1.0000
-1.700 0.280 11.050 -0.0000 -0.0000 1.0000
0.006 -1.722 11.050 -0.0000 -0.0000 1.0000
1.700 -0.280 9.850 0.0000 0.0000 -1.0000
-0.006 1.722 9.850 0.0000 0.0000 -1.0000
-1.700 0.280 9.850 0.0000 0.0000 -1.0000
0.006 -1.722 9.850 0.0000 0.0000 -1.0000
0 1 2
0 2 3
4 6 5
4 7 6
8 10 9
8 11 10
12 13 14
12 14 15
16 17 18
16 18 19
20 22 21
20 23 22
24 25 26
24 26 27
28 30 29
28 31 30
32 34 33
32 35 34
36 37 38
36 38 39
40 41 42
40 42 43
44 46 45
44 47 46
LABEL leg2_sec3
MATERIAL 9
TEXTURE 0
GEOM 48 24 ;leg2_sec3
1.403 -0.242 11.050 0.6483 -0.7614 -0.0000
0.015 -1.423 11.050 0.6483 -0.7614 -0.0000
0.015 -1.423 -4.450 0.6483 -0.7614 -0.0000
1.403 -0.242 -4.450 0.6483 -0.7614 -0.0000
-0.015 1.423 11.050 -0.6483 0.7614 0.0000
-1.403 0.242 11.050 -0.6483 0.7614 0.0000
-1.403 0.242 -4.450 -0.6483 0.7614 0.0000
-0.015 1.423 -4.450 -0.6483 0.7614 0.0000
1.403 -0.242 11.050 0.7614 0.6483 0.0000
-0.015 1.423 11.050 0.7614 0.6483 0.0000
-0.015 1.423 -4.450 0.7614 0.6483 0.0000
1.403 -0.242 -4.450 0.7614 0.6483 0.0000
0.015 -1.423 11.050 -0.7614 -0.6483 -0.0000
-1.403 0.242 11.050 -0.7614 -0.6483 -0.0000
-1.403 0.242 -4.450 -0.7614 -0.6483 -0.0000
0.015 -1.423 -4.450 -0.7614 -0.6483 -0.0000
1.403 -0.242 11.050 -0.0000 -0.0000 1.0000
-0.015 1.423 11.050 -0.0000 -0.0000 1.0000
-1.403 0.242 11.050 -0.0000 -0.0000 1.0000
0.015 -1.423 11.050 -0.0000 -0.0000 1.0000
1.403 -0.242 -4.450 0.0000 0.0000 -1.0000
-0.015 1.423 -4.450 0.0000 0.0000 -1.0000
-1.403 0.242 -4.450 0.0000 0.0000 -1.0000
0.015 -1.423 -4.450 0.0000 0.0000 -1.0000
1.544 -0.253 11.050 0.6483 -0.7614 -0.0000
0.004 -1.564 11.050 0.6483 -0.7614 -0.0000
0.004 -1.564 9.850 0.6483 -0.7614 -0.0000
1.544 -0.253 9.850 0.6483 -0.7614 -0.0000
-0.004 1.564 11.050 -0.6483 0.7614 0.0000
-1.544 0.253 11.050 -0.6483 0.7614 0.0000
-1.544 0.253 9.850 -0.6483 0.7614 0.0000
-0.004 1.564 9.850 -0.6483 0.7614 0.0000
1.544 -0.253 11.050 0.7614 0.6483 0.0000
-0.004 1.564 11.050 0.7614 0.6483 0.0000
-0.004 1.564 9.850 0.7614 0.6483 0.0000
1.544 -0.253 9.850 0.7614 0.6483 0.0000
0.004 -1.564 11.050 -0.7614 -0.6483 -0.0000
-1.544 0.253 11.050 -0.7614 -0.6483 -0.0000
-1.544 0.253 9.850 -0.7614 -0.6483 -0.0000
0.004 -1.564 9.850 -0.7614 -0.6483 -0.0000
1.544 -0.253 11.050 -0.0000 -0.0000 1.0000
-0.004 1.564 11.050 -0.0000 -0.0000 1.0000
-1.544 0.253 11.050 -0.0000 -0.0000 1.0000
0.004 -1.564 11.050 -0.0000 -0.0000 1.0000
1.544 -0.253 9.850 0.0000 0.0000 -1.0000
-0.004 1.564 9.850 0.0000 0.0000 -1.0000
-1.544 0.253 9.850 0.0000 0.0000 -1.0000
0.004 -1.564 9.850 0.0000 0.0000 -1.0000
0 1 2
0 2 3
4 6 5
4 7 6
8 10 9
8 11 10
12 13 14
12 14 15
16 17 18
16 18 19
20 22 21
20 23 22
24 25 26
24 26 27
28 30 29
28 31 30
32 34 33
32 35 34
36 37 38
36 38 39
40 41 42
40 42 43
44 46 45
44 47 46
LABEL leg2_sec4
MATERIAL 9
TEXTURE 0
GEOM 48 24 ;leg2_sec4
1.262 -0.218 11.050 0.6483 -0.7614 -0.0000
0.014 -1.281 11.050 0.6483 -0.7614 -0.0000
0.014 -1.281 -4.450 0.6483 -0.7614 -0.0000
1.262 -0.218 -4.450 0.6483 -0.7614 -0.0000
-0.014 1.281 11.050 -0.6483 0.7614 0.0000
-1.262 0.218 11.050 -0.6483 0.7614 0.0000
-1.262 0.218 -4.450 -0.6483 0.7614 0.0000
-0.014 1.281 -4.450 -0.6483 0.7614 0.0000
1.262 -0.218 11.050 0.7614 0.6483 0.0000
-0.014 1.281 11.050 0.7614 0.6483 0.0000
-0.014 1.281 -4.450 0.7614 0.6483 0.0000
1.262 -0.218 -4.450 0.7614 0.6483 0.0000
0.014 -1.281 11.050 -0.7614 -0.6483 -0.0000
-1.262 0.218 11.050 -0.7614 -0.6483 -0.0000
-1.262 0.218 -4.450 -0.7614 -0.6483 -0.0000
0.014 -1.281 -4.450 -0.7614 -0.6483 -0.0000
1.262 -0.218 11.050 -0.0000 -0.0000 1.0000
-0.014 1.281 11.050 -0.0000 -0.0000 1.0000
-1.262 0.218 11.050 -0.0000 -0.0000 1.0000
0.014 -1.281 11.050 -0.0000 -0.0000 1.0000
1.262 -0.218 -4.450 0.0000 0.0000 -1.0000
-0.014 1.281 -4.450 0.0000 0.0000 -1.0000
-1.262 0.218 -4.450 0.0000 0.0000 -1.0000
0.014 -1.281 -4.450 0.0000 0.0000 -1.0000
1.403 -0.229 11.050 0.6483 -0.7614 -0.0000
0.002 -1.422 11.050 0.6483 -0.7614 -0.0000
0.002 -1.422 9.850 0.6483 -0.7614 -0.0000
1.403 -0.229 9.850 0.6483 -0.7614 -0.0000
-0.002 1.422 11.050 -0.6483 0.7614 0.0000
-1.403 0.229 11.050 -0.6483 0.7614 0.0000
-1.403 0.229 9.850 -0.6483 0.7614 0.0000
-0.002 1.422 9.850 -0.6483 0.7614 0.0000
1.403 -0.229 11.050 0.7614 0.6483 0.0000
-0.002 1.422 11.050 0.7614 0.6483 0.0000
-0.002 1.422 9.850 0.7614 0.6483 0.0000
1.403 -0.229 9.850 0.7614 0.6483 0.0000
0.002 -1.422 11.050 -0.7614 -0.6483 -0.0000
-1.403 0.229 11.050 -0.7614 -0.6483 -0.0000
-1.403 0.229 9.850 -0.7614 -0.6483 -0.0000
0.002 -1.422 9.850 -0.7614 -0.6483 -0.0000
1.403 -0.229 11.050 -0.0000 -0.0000 1.0000
-0.002 1.422 11.050 -0.0000 -0.0000 1.0000
-1.403 0.229 11.050 -0.0000 -0.0000 1.0000
0.002 -1.422 11.050 -0.0000 -0.0000 1.0000
1.403 -0.229 9.850 0.0000 0.0000 -1.0000
-0.002 1.422 9.850 0.0000 0.0000 -1.0000
-1.403 0.229 9.850 0.0000 0.0000 -1.0000
0.002 -1.422 9.850 0.0000 0.0000 -1.0000
0 1 2
0 2 3
4 6 5
4 7 6
8 10 9
8 11 10
12 13 14
12 14 15
16 17 18
16 18 19
20 22 21
20 23 22
24 25 26
24 26 27
28 30 29
28 31 30
32 34 33
32 35 34
36 37 38
36 38 39
40 41 42
40 42 43
44 46 45
44 47 46
LABEL leg2_ankle
MATERIAL 7
TEXTURE 0
GEOM 146 184 ;leg2_ankle
-0.700 0.000 -4.950 -1.0000 0.0000 0.0000
-0.647 -0.268 -4.950 -0.9239 -0.3827 0.0000
-0.495 -0.495 -4.950 -0.7071 -0.7071 0.0000
-0.268 -0.647 -4.950 -0.3827 -0.9239 0.0000
-0.000 -0.700 -4.950 -0.0000 -1.0000 0.0000
0.268 -0.647 -4.950 0.3827 -0.9239 0.0000
0.495 -0.495 -4.950 0.7071 -0.7071 0.0000
0.647 -0.268 -4.950 0.9239 -0.3827 0.0000
0.700 0.000 -4.950 1.0000 -0.0000 0.0000
0.647 0.268 -4.950 0.9239 0.3827 -0.0000
0.495 0.495 -4.950 0.7071 0.7071 -0.0000
0.268 0.647 -4.950 0.3827 0.9239 -0.0000
-0.000 0.700 -4.950 0.0000 1.0000 -0.0000
-0.268 0.647 -4.950 -0.3827 0.9239 0.0000
-0.495 0.495 -4.950 -0.7071 0.7071 0.0000
-0.647 0.268 -4.950 -0.9239 0.3827 0.0000
-0.700 0.000 -3.250 -1.0000 0.0000 0.0000
-0.647 -0.268 -3.250 -0.9239 -0.3827 0.0000
-0.495 -0.495 -3.250 -0.7071 -0.7071 0.0000
-0.268 -0.647 -3.250 -0.3827 -0.9239 0.0000
-0.000 -0.700 -3.250 -0.0000 -1.0000 0.0000
0.268 -0.647 -3.250 0.3827 -0.9239 0.0000
0.495 -0.495 -3.250 0.7071 -0.7071 0.0000
0.647 -0.268 -3.250 0.9239 -0.3827 0.0000
0.700 0.000 -3.250 1.0000 -0.0000 0.0000
0.647 0.268 -3.250 0.9239 0.3827 -0.0000
0.495 0.495 -3.250 0.7071 0.7071 -0.0000
0.268 0.647 -3.250 0.3827 0.9239 -0.0000
-0.000 0.700 -3.250 0.0000 1.0000 -0.0000
-0.268 0.647 -3.250 -0.3827 0.9239 0.0000
-0.495 0.495 -3.250 -0.7071 0.7071 0.0000
-0.647 0.268 -3.250 -0.9239 0.3827 0.0000
-0.000 0.000 -4.950 -0.0000 -0.0000 -1.0000
-0.700 0.000 -4.950 -0.0000 -0.0000 -1.0000
-0.647 -0.268 -4.950 -0.0000 -0.0000 -1.0000
-0.495 -0.495 -4.950 -0.0000 -0.0000 -1.0000
-0.268 -0.647 -4.950 -0.0000 -0.0000 -1.0000
-0.000 -0.700 -4.950 -0.0000 -0.0000 -1.0000
0.268 -0.647 -4.950 -0.0000 -0.0000 -1.0000
0.495 -0.495 -4.950 -0.0000 -0.0000 -1.0000
0.647 -0.268 -4.950 -0.0000 -0.0000 -1.0000
0.700 0.000 -4.950 -0.0000 -0.0000 -1.0000
0.647 0.268 -4.950 -0.0000 -0.0000 -1.0000
0.495 0.495 -4.950 -0.0000 -0.0000 -1.0000
0.268 0.647 -4.950 -0.0000 -0.0000 -1.0000
-0.000 0.700 -4.950 -0.0000 -0.0000 -1.0000
-0.268 0.647 -4.950 -0.0000 -0.0000 -1.0000
-0.495 0.495 -4.950 -0.0000 -0.0000 -1.0000
-0.647 0.268 -4.950 -0.0000 -0.0000 -1.0000
-0.000 0.000 -3.250 0.0000 0.0000 1.0000
-0.700 0.000 -3.250 0.0000 0.0000 1.0000
-0.647 -0.268 -3.250 0.0000 0.0000 1.0000
-0.495 -0.495 -3.250 0.0000 0.0000 1.0000
-0.268 -0.647 -3.250 0.0000 0.0000 1.0000
-0.000 -0.700 -3.250 0.0000 0.0000 1.0000
0.268 -0.647 -3.250 0.0000 0.0000 1.0000
0.495 -0.495 -3.250 0.0000 0.0000 1.0000
0.647 -0.268 -3.250 0.0000 0.0000 1.0000
0.700 0.000 -3.250 0.0000 0.0000 1.0000
0.647 0.268 -3.250 0.0000 0.0000 1.0000
0.495 0.495 -3.250 0.0000 0.0000 1.0000
0.268 0.647 -3.250 0.0000 0.0000 1.0000
-0.000 0.700 -3.250 0.0000 0.0000 1.0000
-0.268 0.647 -3.250 0.0000 0.0000 1.0000
-0.495 0.495 -3.250 0.0000 0.0000 1.0000
-0.647 0.268 -3.250 0.0000 0.0000 1.0000
-0.000 0.000 -5.650 0.0000 0.0000 -1.0000
-0.000 0.000 -5.650 0.0000 0.0000 -1.0000
-0.000 0.000 -5.650 0.0000 0.0000 -1.0000
-0.000 0.000 -5.650 0.0000 0.0000 -1.0000
-0.000 0.000 -5.650 0.0000 0.0000 -1.0000
-0.000 0.000 -5.650 0.0000 0.0000 -1.0000
-0.000 0.000 -5.650 0.0000 0.0000 -1.0000
-0.000 0.000 -5.650 0.0000 0.0000 -1.0000
-0.000 0.000 -5.650 0.0000 0.0000 -1.0000
-0.000 0.000 -5.650 0.0000 0.0000 -1.0000
-0.000 0.000 -5.650 0.0000 0.0000 -1.0000
-0.000 0.000 -5.650 0.0000 0.0000 -1.0000
-0.000 0.000 -5.650 0.0000 0.0000 -1.0000
-0.000 0.000 -5.650 0.0000 0.0000 -1.0000
-0.000 0.000 -5.650 0.0000 0.0000 -1.0000
-0.000 0.000 -5.650 0.0000 0.0000 -1.0000
-0.000 0.000 -5.650 0.0000 0.0000 -1.0000
-0.000 0.000 -5.650 0.0000 0.0000 -1.0000
-0.000 0.000 -5.650 0.0000 0.0000 -1.0000
-0.000 0.000 -5.650 0.0000 0.0000 -1.0000
-0.850 0.000 -5.650 -0.7415 0.0000 -0.6709
-0.808 -0.263 -5.650 -0.7052 -0.2291 -0.6709
-0.688 -0.500 -5.650 -0.5999 -0.4359 -0.6709
-0.500 -0.688 -5.650 -0.4359 -0.5999 -0.6709
-0.263 -0.808 -5.650 -0.2291 -0.7052 -0.6709
-0.000 -0.850 -5.650 -0.0000 -0.7415 -0.6709
0.263 -0.808 -5.650 0.2291 -0.7052 -0.6709
0.500 -0.688 -5.650 0.4359 -0.5999 -0.6709
0.688 -0.500 -5.650 0.5999 -0.4359 -0.6709
0.808 -0.263 -5.650 0.7052 -0.2291 -0.6709
0.850 0.000 -5.650 0.7415 -0.0000 -0.6709
0.808 0.263 -5.650 0.7052 0.2291 -0.6709
0.688 0.500 -5.650 0.5999 0.4359 -0.6709
0.500 0.688 -5.650 0.4359 0.5999 -0.6709
0.263 0.808 -5.650 0.2291 0.7052 -0.6709
-0.000 0.850 -5.650 0.0000 0.7415 -0.6709
-0.263 0.808 -5.650 -0.2291 0.7052 -0.6709
-0.500 0.688 -5.650 -0.4359 0.5999 -0.6709
-0.688 0.500 -5.650 -0.5999 0.4359 -0.6709
-0.808 0.263 -5.650 -0.7052 0.2291 -0.6709
-0.950 0.000 -4.600 -0.8831 0.0000 0.4692
-0.904 -0.294 -4.600 -0.8399 -0.2729 0.4692
-0.769 -0.558 -4.600 -0.7145 -0.5191 0.4692
-0.558 -0.769 -4.600 -0.5191 -0.7145 0.4692
-0.294 -0.904 -4.600 -0.2729 -0.8399 0.4692
-0.000 -0.950 -4.600 -0.0000 -0.8831 0.4692
0.294 -0.904 -4.600 0.2729 -0.8399 0.4692
0.558 -0.769 -4.600 0.5191 -0.7145 0.4692
0.769 -0.558 -4.600 0.7145 -0.5191 0.4692
0.904 -0.294 -4.600 0.8399 -0.2729 0.4692
0.950 0.000 -4.600 0.8831 -0.0000 0.4692
0.904 0.294 -4.600 0.8399 0.2729 0.4692
0.769 0.558 -4.600 0.7145 0.5191 0.4692
0.558 0.769 -4.600 0.5191 0.7145 0.4692
0.294 0.904 -4.600 0.2729 0.8399 0.4692
-0.000 0.950 -4.600 0.0000 0.8831 0.4692
-0.294 0.904 -4.600 -0.2729 0.8399 0.4692
-0.558 0.769 -4.600 -0.5191 0.7145 0.4692
-0.769 0.558 -4.600 -0.7145 0.5191 0.4692
-0.904 0.294 -4.600 -0.8399 0.2729 0.4692
-0.000 0.000 -4.050 -0.5010 0.0000 0.8654
-0.000 0.000 -4.050 -0.4765 -0.1548 0.8654
-0.000 0.000 -4.050 -0.4053 -0.2945 0.8654
-0.000 0.000 -4.050 -0.2945 -0.4053 0.8654
-0.000 0.000 -4.050 -0.1548 -0.4765 0.8654
-0.000 0.000 -4.050 -0.0000 -0.5010 0.8654
-0.000 0.000 -4.050 0.1548 -0.4765 0.8654
-0.000 0.000 -4.050 0.2945 -0.4053 0.8654
-0.000 0.000 -4.050 0.4053 -0.2945 0.8654
-0.000 0.000 -4.050 0.4765 -0.1548 0.8654
-0.000 0.000 -4.050 0.5010 -0.0000 0.8654
-0.000 0.000 -4.050 0.4765 0.1548 0.8654
-0.000 0.000 -4.050 0.4053 0.2945 0.8654
-0.000 0.000 -4.050 0.2945 0.4053 0.8654
-0.000 0.000 -4.050 0.1548 0.4765 0.8654
-0.000 0.000 -4.050 0.0000 0.5010 0.8654
-0.000 0.000 -4.050 -0.1548 0.4765 0.8654
-0.000 0.000 -4.050 -0.2945 0.4053 0.8654
-0.000 0.000 -4.050 -0.4053 0.2945 0.8654
-0.000 0.000 -4.050 -0.4765 0.1548 0.8654
0 1 17
0 17 16
1 2 18
1 18 17
2 3 19
2 19 18
3 4 20
3 20 19
4 5 21
4 21 20
5 6 22
5 22 21
6 7 23
6 23 22
7 8 24
7 24 23
8 9 25
8 25 24
9 10 26
9 26 25
10 11 27
10 27 26
11 12 28
11 28 27
12 13 29
12 29 28
13 14 30
13 30 29
14 15 31
14 31 30
15 0 16
15 16 31
32 34 33
32 35 34
32 36 35
32 37 36
32 38 37
32 39 38
32 40 39
32 41 40
32 42 41
32 43 42
32 44 43
32 45 44
32 46 45
32 47 46
32 48 47
32 33 48
49 50 51
49 51 52
49 52 53
49 53 54
49 54 55
49 55 56
49 56 57
49 57 58
49 58 59
49 59 60
49 60 61
49 61 62
49 62 63
49 63 64
49 64 65
49 65 50
66 67 87
66 87 86
67 68 88
67 88 87
68 69 89
68 89 88
69 70 90
69 90 89
70 71 91
70 91 90
71 72 92
71 92 91
72 73 93
72 93 92
73 74 94
73 94 93
74 75 95
74 95 94
75 76 96
75 96 95
76 77 97
76 97 96
77 78 98
77 98 97
78 79 99
78 99 98
79 80 100
79 100 99
80 81 101
80 101 100
81 82 102
81 102 101
82 83 103
82 103 102
83 84 104
83 104 103
84 85 105
84 105 104
85 66 86
85 86 105
86 87 107
86 107 106
87 88 108
87 108 107
88 89 109
88 109 108
89 90 110
89 110 109
90 91 111
90 111 110
91 92 112
91 112 111
92 93 113
92 113 112
93 94 114
93 114 113
94 95 115
94 115 114
95 96 116
95 116 115
96 97 117
96 117 116
97 98 118
97 118 117
98 99 119
98 119 118
99 100 120
99 120 119
100 101 121
100 121 120
101 102 122
101 122 121
102 103 123
102 123 122
103 104 124
103 124 123
104 105 125
104 125 124
105 86 106
105 106 125
106 107 127
106 127 126
107 108 128
107 128 127
108 109 129
108 129 128
109 110 130
109 130 129
110 111 131
110 131 130
111 112 132
111 132 131
112 113 133
112 133 132
113 114 134
113 134 133
114 115 135
114 135 134
115 116 136
115 136 135
116 117 137
116 137 136
117 118 138
117 138 137
118 119 139
118 139 138
119 120 140
119 140 139
120 121 141
120 141 140
121 122 142
121 142 141
122 123 143
122 143 142
123 124 144
123 144 143
124 125 145
124 145 144
125 106 126
125 126 145
LABEL sfoot2_hub
MATERIAL 7
TEXTURE 0
GEOM 168 288 ;sfoot2_hub
-0.000 0.000 -10.050 0.0000 0.0000 -1.0000
-0.000 0.000 -10.050 0.0000 0.0000 -1.0000
-0.000 0.000 -10.050 0.0000 0.0000 -1.0000
-0.000 0.000 -10.050 0.0000 0.0000 -1.0000
-0.000 0.000 -10.050 0.0000 0.0000 -1.0000
-0.000 0.000 -10.050 0.0000 0.0000 -1.0000
-0.000 0.000 -10.050 0.0000 0.0000 -1.0000
-0.000 0.000 -10.050 0.0000 0.0000 -1.0000
-0.000 0.000 -10.050 0.0000 0.0000 -1.0000
-0.000 0.000 -10.050 0.0000 0.0000 -1.0000
-0.000 0.000 -10.050 0.0000 0.0000 -1.0000
-0.000 0.000 -10.050 0.0000 0.0000 -1.0000
-0.000 0.000 -10.050 0.0000 0.0000 -1.0000
-0.000 0.000 -10.050 0.0000 0.0000 -1.0000
-0.000 0.000 -10.050 0.0000 0.0000 -1.0000
-0.000 0.000 -10.050 0.0000 0.0000 -1.0000
-0.000 0.000 -10.050 0.0000 0.0000 -1.0000
-0.000 0.000 -10.050 0.0000 0.0000 -1.0000
-0.000 0.000 -10.050 0.0000 0.0000 -1.0000
-0.000 0.000 -10.050 0.0000 0.0000 -1.0000
-0.000 0.000 -10.050 0.0000 0.0000 -1.0000
-0.000 0.000 -10.050 0.0000 0.0000 -1.0000
-0.000 0.000 -10.050 0.0000 0.0000 -1.0000
-0.000 0.000 -10.050 0.0000 0.0000 -1.0000
-0.950 0.000 -10.050 -0.6441 0.0000 -0.7649
-0.918 -0.246 -10.050 -0.6222 -0.1667 -0.7649
-0.823 -0.475 -10.050 -0.5578 -0.3221 -0.7649
-0.672 -0.672 -10.050 -0.4555 -0.4555 -0.7649
-0.475 -0.823 -10.050 -0.3221 -0.5578 -0.7649
-0.246 -0.918 -10.050 -0.1667 -0.6222 -0.7649
-0.000 -0.950 -10.050 -0.0000 -0.6441 -0.7649
0.246 -0.918 -10.050 0.1667 -0.6222 -0.7649
0.475 -0.823 -10.050 0.3221 -0.5578 -0.7649
0.672 -0.672 -10.050 0.4555 -0.4555 -0.7649
0.823 -0.475 -10.050 0.5578 -0.3221 -0.7649
0.918 -0.246 -10.050 0.6222 -0.1667 -0.7649
0.950 0.000 -10.050 0.6441 -0.0000 -0.7649
0.918 0.246 -10.050 0.6222 0.1667 -0.7649
0.823 0.475 -10.050 0.5578 0.3221 -0.7649
0.672 0.672 -10.050 0.4555 0.4555 -0.7649
0.475 0.823 -10.050 0.3221 0.5578 -0.7649
0.246 0.918 -10.050 0.1667 0.6222 -0.7649
-0.000 0.950 -10.050 0.0000 0.6441 -0.7649
-0.246 0.918 -10.050 -0.1667 0.6222 -0.7649
-0.475 0.823 -10.050 -0.3221 0.5578 -0.7649
-0.672 0.672 -10.050 -0.4555 0.4555 -0.7649
-0.823 0.475 -10.050 -0.5578 0.3221 -0.7649
-0.918 0.246 -10.050 -0.6222 0.1667 -0.7649
-0.950 0.000 -9.250 -0.9671 0.0000 0.2545
-0.918 -0.246 -9.250 -0.9341 -0.2503 0.2545
-0.823 -0.475 -9.250 -0.8375 -0.4835 0.2545
-0.672 -0.672 -9.250 -0.6838 -0.6838 0.2545
-0.475 -0.823 -9.250 -0.4835 -0.8375 0.2545
-0.246 -0.918 -9.250 -0.2503 -0.9341 0.2545
-0.000 -0.950 -9.250 -0.0000 -0.9671 0.2545
0.246 -0.918 -9.250 0.2503 -0.9341 0.2545
0.475 -0.823 -9.250 0.4835 -0.8375 0.2545
0.672 -0.672 -9.250 0.6838 -0.6838 0.2545
0.823 -0.475 -9.250 0.8375 -0.4835 0.2545
0.918 -0.246 -9.250 0.9341 -0.2503 0.2545
0.950 0.000 -9.250 0.9671 -0.0000 0.2545
0.918 0.246 -9.250 0.9341 0.2503 0.2545
0.823 0.475 -9.250 0.8375 0.4835 0.2545
0.672 0.672 -9.250 0.6838 0.6838 0.2545
0.475 0.823 -9.250 0.4835 0.8375 0.2545
0.246 0.918 -9.250 0.2503 0.9341 0.2545
-0.000 0.950 -9.250 0.0000 0.9671 0.2545
-0.246 0.918 -9.250 -0.2503 0.9341 0.2545
-0.475 0.823 -9.250 -0.4835 0.8375 0.2545
-0.672 0.672 -9.250 -0.6838 0.6838 0.2545
-0.823 0.475 -9.250 -0.8375 0.4835 0.2545
-0.918 0.246 -9.250 -0.9341 0.2503 0.2545
-0.700 0.000 -9.100 -0.9977 0.0000 0.0674
-0.676 -0.181 -9.100 -0.9637 -0.2582 0.0674
-0.606 -0.350 -9.100 -0.8641 -0.4989 0.0674
-0.495 -0.495 -9.100 -0.7055 -0.7055 0.0674
-0.350 -0.606 -9.100 -0.4989 -0.8641 0.0674
-0.181 -0.676 -9.100 -0.2582 -0.9637 0.0674
-0.000 -0.700 -9.100 -0.0000 -0.9977 0.0674
0.181 -0.676 -9.100 0.2582 -0.9637 0.0674
0.350 -0.606 -9.100 0.4989 -0.8641 0.0674
0.495 -0.495 -9.100 0.7055 -0.7055 0.0674
0.606 -0.350 -9.100 0.8641 -0.4989 0.0674
0.676 -0.181 -9.100 0.9637 -0.2582 0.0674
0.700 0.000 -9.100 0.9977 -0.0000 0.0674
0.676 0.181 -9.100 0.9637 0.2582 0.0674
0.606 0.350 -9.100 0.8641 0.4989 0.0674
0.495 0.495 -9.100 0.7055 0.7055 0.0674
0.350 0.606 -9.100 0.4989 0.8641 0.0674
0.181 0.676 -9.100 0.2582 0.9637 0.0674
-0.000 0.700 -9.100 0.0000 0.9977 0.0674
-0.181 0.676 -9.100 -0.2582 0.9637 0.0674
-0.350 0.606 -9.100 -0.4989 0.8641 0.0674
-0.495 0.495 -9.100 -0.7055 0.7055 0.0674
-0.606 0.350 -9.100 -0.8641 0.4989 0.0674
-0.676 0.181 -9.100 -0.9637 0.2582 0.0674
-0.700 0.000 -5.550 -0.9979 0.0000 -0.0648
-0.676 -0.181 -5.550 -0.9639 -0.2583 -0.0648
-0.606 -0.350 -5.550 -0.8642 -0.4989 -0.0648
-0.495 -0.495 -5.550 -0.7056 -0.7056 -0.0648
-0.350 -0.606 -5.550 -0.4989 -0.8642 -0.0648
-0.181 -0.676 -5.550 -0.2583 -0.9639 -0.0648
-0.000 -0.700 -5.550 -0.0000 -0.9979 -0.0648
0.181 -0.676 -5.550 0.2583 -0.9639 -0.0648
0.350 -0.606 -5.550 0.4989 -0.8642 -0.0648
0.495 -0.495 -5.550 0.7056 -0.7056 -0.0648
0.606 -0.350 -5.550 0.8642 -0.4989 -0.0648
0.676 -0.181 -5.550 0.9639 -0.2583 -0.0648
0.700 0.000 -5.550 0.9979 -0.0000 -0.0648
0.676 0.181 -5.550 0.9639 0.2583 -0.0648
0.606 0.350 -5.550 0.8642 0.4989 -0.0648
0.495 0.495 -5.550 0.7056 0.7056 -0.0648
0.350 0.606 -5.550 0.4989 0.8642 -0.0648
0.181 0.676 -5.550 0.2583 0.9639 -0.0648
-0.000 0.700 -5.550 0.0000 0.9979 -0.0648
-0.181 0.676 -5.550 -0.2583 0.9639 -0.0648
-0.350 0.606 -5.550 -0.4989 0.8642 -0.0648
-0.495 0.495 -5.550 -0.7056 0.7056 -0.0648
-0.606 0.350 -5.550 -0.8642 0.4989 -0.0648
-0.676 0.181 -5.550 -0.9639 0.2583 -0.0648
-0.950 0.000 -5.250 -0.8321 0.0000 0.5547
-0.918 -0.246 -5.250 -0.8037 -0.2154 0.5547
-0.823 -0.475 -5.250 -0.7206 -0.4160 0.5547
-0.672 -0.672 -5.250 -0.5883 -0.5883 0.5547
-0.475 -0.823 -5.250 -0.4160 -0.7206 0.5547
-0.246 -0.918 -5.250 -0.2154 -0.8037 0.5547
-0.000 -0.950 -5.250 -0.0000 -0.8321 0.5547
0.246 -0.918 -5.250 0.2154 -0.8037 0.5547
0.475 -0.823 -5.250 0.4160 -0.7206 0.5547
0.672 -0.672 -5.250 0.5883 -0.5883 0.5547
0.823 -0.475 -5.250 0.7206 -0.4160 0.5547
0.918 -0.246 -5.250 0.8037 -0.2154 0.5547
0.950 0.000 -5.250 0.8321 -0.0000 0.5547
0.918 0.246 -5.250 0.8037 0.2154 0.5547
0.823 0.475 -5.250 0.7206 0.4160 0.5547
0.672 0.672 -5.250 0.5883 0.5883 0.5547
0.475 0.823 -5.250 0.4160 0.7206 0.5547
0.246 0.918 -5.250 0.2154 0.8037 0.5547
-0.000 0.950 -5.250 0.0000 0.8321 0.5547
-0.246 0.918 -5.250 -0.2154 0.8037 0.5547
-0.475 0.823 -5.250 -0.4160 0.7206 0.5547
-0.672 0.672 -5.250 -0.5883 0.5883 0.5547
-0.823 0.475 -5.250 -0.7206 0.4160 0.5547
-0.918 0.246 -5.250 -0.8037 0.2154 0.5547
-0.000 0.000 -4.500 -0.6196 0.0000 0.7849
-0.000 0.000 -4.500 -0.5985 -0.1604 0.7849
-0.000 0.000 -4.500 -0.5366 -0.3098 0.7849
-0.000 0.000 -4.500 -0.4382 -0.4382 0.7849
-0.000 0.000 -4.500 -0.3098 -0.5366 0.7849
-0.000 0.000 -4.500 -0.1604 -0.5985 0.7849
-0.000 0.000 -4.500 -0.0000 -0.6196 0.7849
-0.000 0.000 -4.500 0.1604 -0.5985 0.7849
-0.000 0.000 -4.500 0.3098 -0.5366 0.7849
-0.000 0.000 -4.500 0.4382 -0.4382 0.7849
-0.000 0.000 -4.500 0.5366 -0.3098 0.7849
-0.000 0.000 -4.500 0.5985 -0.1604 0.7849
-0.000 0.000 -4.500 0.6196 -0.0000 0.7849
-0.000 0.000 -4.500 0.5985 0.1604 0.7849
-0.000 0.000 -4.500 0.5366 0.3098 0.7849
-0.000 0.000 -4.500 0.4382 0.4382 0.7849
-0.000 0.000 -4.500 0.3098 0.5366 0.7849
-0.000 0.000 -4.500 0.1604 0.5985 0.7849
-0.000 0.000 -4.500 0.0000 0.6196 0.7849
-0.000 0.000 -4.500 -0.1604 0.5985 0.7849
-0.000 0.000 -4.500 -0.3098 0.5366 0.7849
-0.000 0.000 -4.500 -0.4382 0.4382 0.7849
-0.000 0.000 -4.500 -0.5366 0.3098 0.7849
-0.000 0.000 -4.500 -0.5985 0.1604 0.7849
0 1 25
0 25 24
1 2 26
1 26 25
2 3 27
2 27 26
3 4 28
3 28 27
4 5 29
4 29 28
5 6 30
5 30 29
6 7 31
6 31 30
7 8 32
7 32 31
8 9 33
8 33 32
9 10 34
9 34 33
10 11 35
10 35 34
11 12 36
11 36 35
12 13 37
12 37 36
13 14 38
13 38 37
14 15 39
14 39 38
15 16 40
15 40 39
16 17 41
16 41 40
17 18 42
17 42 41
18 19 43
18 43 42
19 20 44
19 44 43
20 21 45
20 45 44
21 22 46
21 46 45
22 23 47
22 47 46
23 0 24
23 24 47
24 25 49
24 49 48
25 26 50
25 50 49
26 27 51
26 51 50
27 28 52
27 52 51
28 29 53
28 53 52
29 30 54
29 54 53
30 31 55
30 55 54
31 32 56
31 56 55
32 33 57
32 57 56
33 34 58
33 58 57
34 35 59
34 59 58
35 36 60
35 60 59
36 37 61
36 61 60
37 38 62
37 62 61
38 39 63
38 63 62
39 40 64
39 64 63
40 41 65
40 65 64
41 42 66
41 66 65
42 43 67
42 67 66
43 44 68
43 68 67
44 45 69
44 69 68
45 46 70
45 70 69
46 47 71
46 71 70
47 24 48
47 48 71
48 49 73
48 73 72
49 50 74
49 74 73
50 51 75
50 75 74
51 52 76
51 76 75
52 53 77
52 77 76
53 54 78
53 78 77
54 55 79
54 79 78
55 56 80
55 80 79
56 57 81
56 81 80
57 58 82
57 82 81
58 59 83
58 83 82
59 60 84
59 84 83
60 61 85
60 85 84
61 62 86
61 86 85
62 63 87
62 87 86
63 64 88
63 88 87
64 65 89
64 89 88
65 66 90
65 90 89
66 67 91
66 91 90
67 68 92
67 92 91
68 69 93
68 93 92
69 70 94
69 94 93
70 71 95
70 95 94
71 48 72
71 72 95
72 73 97
72 97 96
73 74 98
73 98 97
74 75 99
74 99 98
75 76 100
75 100 99
76 77 101
76 101 100
77 78 102
77 102 101
78 79 103
78 103 102
79 80 104
79 104 103
80 81 105
80 105 104
81 82 106
81 106 105
82 83 107
82 107 106
83 84 108
83 108 107
84 85 109
84 109 108
85 86 110
85 110 109
86 87 111
86 111 110
87 88 112
87 112 111
88 89 113
88 113 112
89 90 114
89 114 113
90 91 115
90 115 114
91 92 116
91 116 115
92 93 117
92 117 116
93 94 118
93 118 117
94 95 119
94 119 118
95 72 96
95 96 119
96 97 121
96 121 120
97 98 122
97 122 121
98 99 123
98 123 122
99 100 124
99 124 123
100 101 125
100 125 124
101 102 126
101 126 125
102 103 127
102 127 126
103 104 128
103 128 127
104 105 129
104 129 128
105 106 130
105 130 129
106 107 131
106 131 130
107 108 132
107 132 131
108 109 133
108 133 132
109 110 134
109 134 133
110 111 135
110 135 134
111 112 136
111 136 135
112 113 137
112 137 136
113 114 138
113 138 137
114 115 139
114 139 138
115 116 140
115 140 139
116 117 141
116 141 140
117 118 142
117 142 141
118 119 143
118 143 142
119 96 120
119 120 143
120 121 145
120 145 144
121 122 146
121 146 145
122 123 147
122 147 146
123 124 148
123 148 147
124 125 149
124 149 148
125 126 150
125 150 149
126 127 151
126 151 150
127 128 152
127 152 151
128 129 153
128 153 152
129 130 154
129 154 153
130 131 155
130 155 154
131 132 156
131 156 155
132 133 157
132 157 156
133 134 158
133 158 157
134 135 159
134 159 158
135 136 160
135 160 159
136 137 161
136 161 160
137 138 162
137 162 161
138 139 163
138 163 162
139 140 164
139 164 163
140 141 165
140 165 164
141 142 166
141 166 165
142 143 167
142 167 166
143 120 144
143 144 167
LABEL sfoot2_mast
MATERIAL 7
TEXTURE 0
GEOM 506 480 ;sfoot2_mast
-1.450 0.000 -6.000 -1.0000 0.0000 0.0000
-1.401 -0.375 -6.000 -0.9659 -0.2588 0.0000
-1.256 -0.725 -6.000 -0.8660 -0.5000 0.0000
-1.025 -1.025 -6.000 -0.7071 -0.7071 0.0000
-0.725 -1.256 -6.000 -0.5000 -0.8660 0.0000
-0.375 -1.401 -6.000 -0.2588 -0.9659 0.0000
-0.000 -1.450 -6.000 -0.0000 -1.0000 0.0000
0.375 -1.401 -6.000 0.2588 -0.9659 0.0000
0.725 -1.256 -6.000 0.5000 -0.8660 0.0000
1.025 -1.025 -6.000 0.7071 -0.7071 0.0000
1.256 -0.725 -6.000 0.8660 -0.5000 0.0000
1.401 -0.375 -6.000 0.9659 -0.2588 0.0000
1.450 0.000 -6.000 1.0000 -0.0000 0.0000
1.401 0.375 -6.000 0.9659 0.2588 -0.0000
1.256 0.725 -6.000 0.8660 0.5000 -0.0000
1.025 1.025 -6.000 0.7071 0.7071 -0.0000
0.725 1.256 -6.000 0.5000 0.8660 -0.0000
0.375 1.401 -6.000 0.2588 0.9659 -0.0000
-0.000 1.450 -6.000 0.0000 1.0000 -0.0000
-0.375 1.401 -6.000 -0.2588 0.9659 0.0000
-0.725 1.256 -6.000 -0.5000 0.8660 0.0000
-1.025 1.025 -6.000 -0.7071 0.7071 0.0000
-1.256 0.725 -6.000 -0.8660 0.5000 0.0000
-1.401 0.375 -6.000 -0.9659 0.2588 0.0000
-1.450 0.000 -5.300 -1.0000 0.0000 0.0000
-1.401 -0.375 -5.300 -0.9659 -0.2588 0.0000
-1.256 -0.725 -5.300 -0.8660 -0.5000 0.0000
-1.025 -1.025 -5.300 -0.7071 -0.7071 0.0000
-0.725 -1.256 -5.300 -0.5000 -0.8660 0.0000
-0.375 -1.401 -5.300 -0.2588 -0.9659 0.0000
-0.000 -1.450 -5.300 -0.0000 -1.0000 0.0000
0.375 -1.401 -5.300 0.2588 -0.9659 0.0000
0.725 -1.256 -5.300 0.5000 -0.8660 0.0000
1.025 -1.025 -5.300 0.7071 -0.7071 0.0000
1.256 -0.725 -5.300 0.8660 -0.5000 0.0000
1.401 -0.375 -5.300 0.9659 -0.2588 0.0000
1.450 0.000 -5.300 1.0000 -0.0000 0.0000
1.401 0.375 -5.300 0.9659 0.2588 -0.0000
1.256 0.725 -5.300 0.8660 0.5000 -0.0000
1.025 1.025 -5.300 0.7071 0.7071 -0.0000
0.725 1.256 -5.300 0.5000 0.8660 -0.0000
0.375 1.401 -5.300 0.2588 0.9659 -0.0000
-0.000 1.450 -5.300 0.0000 1.0000 -0.0000
-0.375 1.401 -5.300 -0.2588 0.9659 0.0000
-0.725 1.256 -5.300 -0.5000 0.8660 0.0000
-1.025 1.025 -5.300 -0.7071 0.7071 0.0000
-1.256 0.725 -5.300 -0.8660 0.5000 0.0000
-1.401 0.375 -5.300 -0.9659 0.2588 0.0000
-0.000 0.000 -6.000 -0.0000 -0.0000 -1.0000
-1.450 0.000 -6.000 -0.0000 -0.0000 -1.0000
-1.401 -0.375 -6.000 -0.0000 -0.0000 -1.0000
-1.256 -0.725 -6.000 -0.0000 -0.0000 -1.0000
-1.025 -1.025 -6.000 -0.0000 -0.0000 -1.0000
-0.725 -1.256 -6.000 -0.0000 -0.0000 -1.0000
-0.375 -1.401 -6.000 -0.0000 -0.0000 -1.0000
-0.000 -1.450 -6.000 -0.0000 -0.0000 -1.0000
0.375 -1.401 -6.000 -0.0000 -0.0000 -1.0000
0.725 -1.256 -6.000 -0.0000 -0.0000 -1.0000
1.025 -1.025 -6.000 -0.0000 -0.0000 -1.0000
1.256 -0.725 -6.000 -0.0000 -0.0000 -1.0000
1.401 -0.375 -6.000 -0.0000 -0.0000 -1.0000
1.450 0.000 -6.000 -0.0000 -0.0000 -1.0000
1.401 0.375 -6.000 -0.0000 -0.0000 -1.0000
1.256 0.725 -6.000 -0.0000 -0.0000 -1.0000
1.025 1.025 -6.000 -0.0000 -0.0000 -1.0000
0.725 1.256 -6.000 -0.0000 -0.0000 -1.0000
0.375 1.401 -6.000 -0.0000 -0.0000 -1.0000
-0.000 1.450 -6.000 -0.0000 -0.0000 -1.0000
-0.375 1.401 -6.000 -0.0000 -0.0000 -1.0000
-0.725 1.256 -6.000 -0.0000 -0.0000 -1.0000
-1.025 1.025 -6.000 -0.0000 -0.0000 -1.0000
-1.256 0.725 -6.000 -0.0000 -0.0000 -1.0000
-1.401 0.375 -6.000 -0.0000 -0.0000 -1.0000
-0.000 0.000 -5.300 0.0000 0.0000 1.0000
-1.450 0.000 -5.300 0.0000 0.0000 1.0000
-1.401 -0.375 -5.300 0.0000 0.0000 1.0000
-1.256 -0.725 -5.300 0.0000 0.0000 1.0000
-1.025 -1.025 -5.300 0.0000 0.0000 1.0000
-0.725 -1.256 -5.300 0.0000 0.0000 1.0000
-0.375 -1.401 -5.300 0.0000 0.0000 1.0000
-0.000 -1.450 -5.300 0.0000 0.0000 1.0000
0.375 -1.401 -5.300 0.0000 0.0000 1.0000
0.725 -1.256 -5.300 0.0000 0.0000 1.0000
1.025 -1.025 -5.300 0.0000 0.0000 1.0000
1.256 -0.725 -5.300 0.0000 0.0000 1.0000
1.401 -0.375 -5.300 0.0000 0.0000 1.0000
1.450 0.000 -5.300 0.0000 0.0000 1.0000
1.401 0.375 -5.300 0.0000 0.0000 1.0000
1.256 0.725 -5.300 0.0000 0.0000 1.0000
1.025 1.025 -5.300 0.0000 0.0000 1.0000
0.725 1.256 -5.300 0.0000 0.0000 1.0000
0.375 1.401 -5.300 0.0000 0.0000 1.0000
-0.000 1.450 -5.300 0.0000 0.0000 1.0000
-0.375 1.401 -5.300 0.0000 0.0000 1.0000
-0.725 1.256 -5.300 0.0000 0.0000 1.0000
-1.025 1.025 -5.300 0.0000 0.0000 1.0000
-1.256 0.725 -5.300 0.0000 0.0000 1.0000
-1.401 0.375 -5.300 0.0000 0.0000 1.0000
-0.601 1.059 -5.430 0.0000 0.0000 1.0000
-0.573 0.906 -5.494 0.1278 -0.6955 0.7071
-0.562 0.842 -5.650 0.1808 -0.9835 0.0000
-0.573 0.906 -5.806 0.1278 -0.6955 -0.7071
-0.601 1.059 -5.870 0.0000 -0.0000 -1.0000
-0.629 1.212 -5.806 -0.1278 0.6955 -0.7071
-0.641 1.275 -5.650 -0.1808 0.9835 -0.0000
-0.629 1.212 -5.494 -0.1278 0.6955 0.7071
0.186 1.203 -5.430 0.0000 0.0000 1.0000
0.214 1.050 -5.494 0.1278 -0.6955 0.7071
0.225 0.987 -5.650 0.1808 -0.9835 0.0000
0.214 1.050 -5.806 0.1278 -0.6955 -0.7071
0.186 1.203 -5.870 0.0000 -0.0000 -1.0000
0.157 1.356 -5.806 -0.1278 0.6955 -0.7071
0.146 1.420 -5.650 -0.1808 0.9835 -0.0000
0.157 1.356 -5.494 -0.1278 0.6955 0.7071
-0.601 1.059 -5.650 -0.9835 -0.1808 -0.0000
-0.601 1.059 -5.430 -0.9835 -0.1808 -0.0000
-0.573 0.906 -5.494 -0.9835 -0.1808 -0.0000
-0.562 0.842 -5.650 -0.9835 -0.1808 -0.0000
-0.573 0.906 -5.806 -0.9835 -0.1808 -0.0000
-0.601 1.059 -5.870 -0.9835 -0.1808 -0.0000
-0.629 1.212 -5.806 -0.9835 -0.1808 -0.0000
-0.641 1.275 -5.650 -0.9835 -0.1808 -0.0000
-0.629 1.212 -5.494 -0.9835 -0.1808 -0.0000
0.186 1.203 -5.650 0.9835 0.1808 0.0000
0.186 1.203 -5.430 0.9835 0.1808 0.0000
0.214 1.050 -5.494 0.9835 0.1808 0.0000
0.225 0.987 -5.650 0.9835 0.1808 0.0000
0.214 1.050 -5.806 0.9835 0.1808 0.0000
0.186 1.203 -5.870 0.9835 0.1808 0.0000
0.157 1.356 -5.806 0.9835 0.1808 0.0000
0.146 1.420 -5.650 0.9835 0.1808 0.0000
0.157 1.356 -5.494 0.9835 0.1808 0.0000
0.009 1.218 -5.430 -0.0000 0.0000 1.0000
-0.044 1.071 -5.494 -0.2370 -0.6662 0.7071
-0.065 1.010 -5.650 -0.3352 -0.9421 0.0000
-0.044 1.071 -5.806 -0.2370 -0.6662 -0.7071
0.009 1.218 -5.870 -0.0000 -0.0000 -1.0000
0.061 1.364 -5.806 0.2370 0.6662 -0.7071
0.082 1.425 -5.650 0.3352 0.9421 -0.0000
0.061 1.364 -5.494 0.2370 0.6662 0.7071
0.762 0.949 -5.430 -0.0000 0.0000 1.0000
0.710 0.803 -5.494 -0.2370 -0.6662 0.7071
0.689 0.742 -5.650 -0.3352 -0.9421 0.0000
0.710 0.803 -5.806 -0.2370 -0.6662 -0.7071
0.762 0.949 -5.870 -0.0000 -0.0000 -1.0000
0.814 1.096 -5.806 0.2370 0.6662 -0.7071
0.836 1.157 -5.650 0.3352 0.9421 -0.0000
0.814 1.096 -5.494 0.2370 0.6662 0.7071
0.009 1.218 -5.650 -0.9421 0.3352 -0.0000
0.009 1.218 -5.430 -0.9421 0.3352 -0.0000
-0.044 1.071 -5.494 -0.9421 0.3352 -0.0000
-0.065 1.010 -5.650 -0.9421 0.3352 -0.0000
-0.044 1.071 -5.806 -0.9421 0.3352 -0.0000
0.009 1.218 -5.870 -0.9421 0.3352 -0.0000
0.061 1.364 -5.806 -0.9421 0.3352 -0.0000
0.082 1.425 -5.650 -0.9421 0.3352 -0.0000
0.061 1.364 -5.494 -0.9421 0.3352 -0.0000
0.762 0.949 -5.650 0.9421 -0.3352 0.0000
0.762 0.949 -5.430 0.9421 -0.3352 0.0000
0.710 0.803 -5.494 0.9421 -0.3352 0.0000
0.689 0.742 -5.650 0.9421 -0.3352 0.0000
0.710 0.803 -5.806 0.9421 -0.3352 0.0000
0.762 0.949 -5.870 0.9421 -0.3352 0.0000
0.814 1.096 -5.806 0.9421 -0.3352 0.0000
0.836 1.157 -5.650 0.9421 -0.3352 0.0000
0.814 1.096 -5.494 0.9421 -0.3352 0.0000
0.616 1.050 -5.430 -0.0000 0.0000 1.0000
0.498 0.949 -5.494 -0.5384 -0.4584 0.7071
0.449 0.907 -5.650 -0.7614 -0.6483 0.0000
0.498 0.949 -5.806 -0.5384 -0.4584 -0.7071
0.616 1.050 -5.870 -0.0000 -0.0000 -1.0000
0.735 1.151 -5.806 0.5384 0.4584 -0.7071
0.784 1.193 -5.650 0.7614 0.6483 -0.0000
0.735 1.151 -5.494 0.5384 0.4584 0.7071
1.135 0.441 -5.430 -0.0000 0.0000 1.0000
1.016 0.340 -5.494 -0.5384 -0.4584 0.7071
0.967 0.298 -5.650 -0.7614 -0.6483 0.0000
1.016 0.340 -5.806 -0.5384 -0.4584 -0.7071
1.135 0.441 -5.870 -0.0000 -0.0000 -1.0000
1.253 0.542 -5.806 0.5384 0.4584 -0.7071
1.302 0.584 -5.650 0.7614 0.6483 -0.0000
1.253 0.542 -5.494 0.5384 0.4584 0.7071
0.616 1.050 -5.650 -0.6483 0.7614 -0.0000
0.616 1.050 -5.430 -0.6483 0.7614 -0.0000
0.498 0.949 -5.494 -0.6483 0.7614 -0.0000
0.449 0.907 -5.650 -0.6483 0.7614 -0.0000
0.498 0.949 -5.806 -0.6483 0.7614 -0.0000
0.616 1.050 -5.870 -0.6483 0.7614 -0.0000
0.735 1.151 -5.806 -0.6483 0.7614 -0.0000
0.784 1.193 -5.650 -0.6483 0.7614 -0.0000
0.735 1.151 -5.494 -0.6483 0.7614 -0.0000
1.135 0.441 -5.650 0.6483 -0.7614 0.0000
1.135 0.441 -5.430 0.6483 -0.7614 0.0000
1.016 0.340 -5.494 0.6483 -0.7614 0.0000
0.967 0.298 -5.650 0.6483 -0.7614 0.0000
1.016 0.340 -5.806 0.6483 -0.7614 0.0000
1.135 0.441 -5.870 0.6483 -0.7614 0.0000
1.253 0.542 -5.806 0.6483 -0.7614 0.0000
1.302 0.584 -5.650 0.6483 -0.7614 0.0000
1.253 0.542 -5.494 0.6483 -0.7614 0.0000
1.059 0.601 -5.430 -0.0000 0.0000 1.0000
0.906 0.573 -5.494 -0.6955 -0.1278 0.7071
0.842 0.562 -5.650 -0.9835 -0.1808 0.0000
0.906 0.573 -5.806 -0.6955 -0.1278 -0.7071
1.059 0.601 -5.870 -0.0000 -0.0000 -1.0000
1.212 0.629 -5.806 0.6955 0.1278 -0.7071
1.275 0.641 -5.650 0.9835 0.1808 -0.0000
1.212 0.629 -5.494 0.6955 0.1278 0.7071
1.203 -0.186 -5.430 -0.0000 0.0000 1.0000
1.050 -0.214 -5.494 -0.6955 -0.1278 0.7071
0.987 -0.225 -5.650 -0.9835 -0.1808 0.0000
1.050 -0.214 -5.806 -0.6955 -0.1278 -0.7071
1.203 -0.186 -5.870 -0.0000 -0.0000 -1.0000
1.356 -0.157 -5.806 0.6955 0.1278 -0.7071
1.420 -0.146 -5.650 0.9835 0.1808 -0.0000
1.356 -0.157 -5.494 0.6955 0.1278 0.7071
1.059 0.601 -5.650 -0.1808 0.9835 -0.0000
1.059 0.601 -5.430 -0.1808 0.9835 -0.0000
0.906 0.573 -5.494 -0.1808 0.9835 -0.0000
0.842 0.562 -5.650 -0.1808 0.9835 -0.0000
0.906 0.573 -5.806 -0.1808 0.9835 -0.0000
1.059 0.601 -5.870 -0.1808 0.9835 -0.0000
1.212 0.629 -5.806 -0.1808 0.9835 -0.0000
1.275 0.641 -5.650 -0.1808 0.9835 -0.0000
1.212 0.629 -5.494 -0.1808 0.9835 -0.0000
1.203 -0.186 -5.650 0.1808 -0.9835 0.0000
1.203 -0.186 -5.430 0.1808 -0.9835 0.0000
1.050 -0.214 -5.494 0.1808 -0.9835 0.0000
0.987 -0.225 -5.650 0.1808 -0.9835 0.0000
1.050 -0.214 -5.806 0.1808 -0.9835 0.0000
1.203 -0.186 -5.870 0.1808 -0.9835 0.0000
1.356 -0.157 -5.806 0.1808 -0.9835 0.0000
1.420 -0.146 -5.650 0.1808 -0.9835 0.0000
1.356 -0.157 -5.494 0.1808 -0.9835 0.0000
1.218 -0.009 -5.430 -0.0000 0.0000 1.0000
1.071 0.044 -5.494 -0.6662 0.2370 0.7071
1.010 0.065 -5.650 -0.9421 0.3352 0.0000
1.071 0.044 -5.806 -0.6662 0.2370 -0.7071
1.218 -0.009 -5.870 -0.0000 0.0000 -1.0000
1.364 -0.061 -5.806 0.6662 -0.2370 -0.7071
1.425 -0.082 -5.650 0.9421 -0.3352 -0.0000
1.364 -0.061 -5.494 0.6662 -0.2370 0.7071
0.949 -0.762 -5.430 -0.0000 0.0000 1.0000
0.803 -0.710 -5.494 -0.6662 0.2370 0.7071
0.742 -0.689 -5.650 -0.9421 0.3352 0.0000
0.803 -0.710 -5.806 -0.6662 0.2370 -0.7071
0.949 -0.762 -5.870 -0.0000 0.0000 -1.0000
1.096 -0.814 -5.806 0.6662 -0.2370 -0.7071
1.157 -0.836 -5.650 0.9421 -0.3352 -0.0000
1.096 -0.814 -5.494 0.6662 -0.2370 0.7071
1.218 -0.009 -5.650 0.3352 0.9421 -0.0000
1.218 -0.009 -5.430 0.3352 0.9421 -0.0000
1.071 0.044 -5.494 0.3352 0.9421 -0.0000
1.010 0.065 -5.650 0.3352 0.9421 -0.0000
1.071 0.044 -5.806 0.3352 0.9421 -0.0000
1.218 -0.009 -5.870 0.3352 0.9421 -0.0000
1.364 -0.061 -5.806 0.3352 0.9421 -0.0000
1.425 -0.082 -5.650 0.3352 0.9421 -0.0000
1.364 -0.061 -5.494 0.3352 0.9421 -0.0000
0.949 -0.762 -5.650 -0.3352 -0.9421 0.0000
0.949 -0.762 -5.430 -0.3352 -0.9421 0.0000
0.803 -0.710 -5.494 -0.3352 -0.9421 0.0000
0.742 -0.689 -5.650 -0.3352 -0.9421 0.0000
0.803 -0.710 -5.806 -0.3352 -0.9421 0.0000
0.949 -0.762 -5.870 -0.3352 -0.9421 0.0000
1.096 -0.814 -5.806 -0.3352 -0.9421 0.0000
1.157 -0.836 -5.650 -0.3352 -0.9421 0.0000
1.096 -0.814 -5.494 -0.3352 -0.9421 0.0000
1.050 -0.616 -5.870 0.0000 0.0000 -1.0000
1.151 -0.735 -5.806 0.4584 -0.5384 -0.7071
1.193 -0.784 -5.650 0.6483 -0.7614 -0.0000
1.151 -0.735 -5.494 0.4584 -0.5384 0.7071
1.050 -0.616 -5.430 0.0000 -0.0000 1.0000
0.949 -0.498 -5.494 -0.4584 0.5384 0.7071
0.907 -0.449 -5.650 -0.6483 0.7614 0.0000
0.949 -0.498 -5.806 -0.4584 0.5384 -0.7071
0.441 -1.135 -5.870 0.0000 0.0000 -1.0000
0.542 -1.253 -5.806 0.4584 -0.5384 -0.7071
0.584 -1.302 -5.650 0.6483 -0.7614 -0.0000
0.542 -1.253 -5.494 0.4584 -0.5384 0.7071
0.441 -1.135 -5.430 0.0000 -0.0000 1.0000
0.340 -1.016 -5.494 -0.4584 0.5384 0.7071
0.298 -0.967 -5.650 -0.6483 0.7614 0.0000
0.340 -1.016 -5.806 -0.4584 0.5384 -0.7071
1.050 -0.616 -5.650 0.7614 0.6483 -0.0000
1.050 -0.616 -5.870 0.7614 0.6483 -0.0000
1.151 -0.735 -5.806 0.7614 0.6483 -0.0000
1.193 -0.784 -5.650 0.7614 0.6483 -0.0000
1.151 -0.735 -5.494 0.7614 0.6483 -0.0000
1.050 -0.616 -5.430 0.7614 0.6483 -0.0000
0.949 -0.498 -5.494 0.7614 0.6483 -0.0000
0.907 -0.449 -5.650 0.7614 0.6483 -0.0000
0.949 -0.498 -5.806 0.7614 0.6483 -0.0000
0.441 -1.135 -5.650 -0.7614 -0.6483 0.0000
0.441 -1.135 -5.870 -0.7614 -0.6483 0.0000
0.542 -1.253 -5.806 -0.7614 -0.6483 0.0000
0.584 -1.302 -5.650 -0.7614 -0.6483 0.0000
0.542 -1.253 -5.494 -0.7614 -0.6483 0.0000
0.441 -1.135 -5.430 -0.7614 -0.6483 0.0000
0.340 -1.016 -5.494 -0.7614 -0.6483 0.0000
0.298 -0.967 -5.650 -0.7614 -0.6483 0.0000
0.340 -1.016 -5.806 -0.7614 -0.6483 0.0000
0.601 -1.059 -5.870 0.0000 0.0000 -1.0000
0.629 -1.212 -5.806 0.1278 -0.6955 -0.7071
0.641 -1.275 -5.650 0.1808 -0.9835 -0.0000
0.629 -1.212 -5.494 0.1278 -0.6955 0.7071
0.601 -1.059 -5.430 0.0000 -0.0000 1.0000
0.573 -0.906 -5.494 -0.1278 0.6955 0.7071
0.562 -0.842 -5.650 -0.1808 0.9835 0.0000
0.573 -0.906 -5.806 -0.1278 0.6955 -0.7071
-0.186 -1.203 -5.870 0.0000 0.0000 -1.0000
-0.157 -1.356 -5.806 0.1278 -0.6955 -0.7071
-0.146 -1.420 -5.650 0.1808 -0.9835 -0.0000
-0.157 -1.356 -5.494 0.1278 -0.6955 0.7071
-0.186 -1.203 -5.430 0.0000 -0.0000 1.0000
-0.214 -1.050 -5.494 -0.1278 0.6955 0.7071
-0.225 -0.987 -5.650 -0.1808 0.9835 0.0000
-0.214 -1.050 -5.806 -0.1278 0.6955 -0.7071
0.601 -1.059 -5.650 0.9835 0.1808 -0.0000
0.601 -1.059 -5.870 0.9835 0.1808 -0.0000
0.629 -1.212 -5.806 0.9835 0.1808 -0.0000
0.641 -1.275 -5.650 0.9835 0.1808 -0.0000
0.629 -1.212 -5.494 0.9835 0.1808 -0.0000
0.601 -1.059 -5.430 0.9835 0.1808 -0.0000
0.573 -0.906 -5.494 0.9835 0.1808 -0.0000
0.562 -0.842 -5.650 0.9835 0.1808 -0.0000
0.573 -0.906 -5.806 0.9835 0.1808 -0.0000
-0.186 -1.203 -5.650 -0.9835 -0.1808 0.0000
-0.186 -1.203 -5.870 -0.9835 -0.1808 0.0000
-0.157 -1.356 -5.806 -0.9835 -0.1808 0.0000
-0.146 -1.420 -5.650 -0.9835 -0.1808 0.0000
-0.157 -1.356 -5.494 -0.9835 -0.1808 0.0000
-0.186 -1.203 -5.430 -0.9835 -0.1808 0.0000
-0.214 -1.050 -5.494 -0.9835 -0.1808 0.0000
-0.225 -0.987 -5.650 -0.9835 -0.1808 0.0000
-0.214 -1.050 -5.806 -0.9835 -0.1808 0.0000
-0.009 -1.218 -5.870 0.0000 0.0000 -1.0000
-0.061 -1.364 -5.806 -0.2370 -0.6662 -0.7071
-0.082 -1.425 -5.650 -0.3352 -0.9421 -0.0000
-0.061 -1.364 -5.494 -0.2370 -0.6662 0.7071
-0.009 -1.218 -5.430 -0.0000 -0.0000 1.0000
0.044 -1.071 -5.494 0.2370 0.6662 0.7071
0.065 -1.010 -5.650 0.3352 0.9421 0.0000
0.044 -1.071 -5.806 0.2370 0.6662 -0.7071
-0.762 -0.949 -5.870 0.0000 0.0000 -1.0000
-0.814 -1.096 -5.806 -0.2370 -0.6662 -0.7071
-0.836 -1.157 -5.650 -0.3352 -0.9421 -0.0000
-0.814 -1.096 -5.494 -0.2370 -0.6662 0.7071
-0.762 -0.949 -5.430 -0.0000 -0.0000 1.0000
-0.710 -0.803 -5.494 0.2370 0.6662 0.7071
-0.689 -0.742 -5.650 0.3352 0.9421 0.0000
-0.710 -0.803 -5.806 0.2370 0.6662 -0.7071
-0.009 -1.218 -5.650 0.9421 -0.3352 -0.0000
-0.009 -1.218 -5.870 0.9421 -0.3352 -0.0000
-0.061 -1.364 -5.806 0.9421 -0.3352 -0.0000
-0.082 -1.425 -5.650 0.9421 -0.3352 -0.0000
-0.061 -1.364 -5.494 0.9421 -0.3352 -0.0000
-0.009 -1.218 -5.430 0.9421 -0.3352 -0.0000
0.044 -1.071 -5.494 0.9421 -0.3352 -0.0000
0.065 -1.010 -5.650 0.9421 -0.3352 -0.0000
0.044 -1.071 -5.806 0.9421 -0.3352 -0.0000
-0.762 -0.949 -5.650 -0.9421 0.3352 0.0000
-0.762 -0.949 -5.870 -0.9421 0.3352 0.0000
-0.814 -1.096 -5.806 -0.9421 0.3352 0.0000
-0.836 -1.157 -5.650 -0.9421 0.3352 0.0000
-0.814 -1.096 -5.494 -0.9421 0.3352 0.0000
-0.762 -0.949 -5.430 -0.9421 0.3352 0.0000
-0.710 -0.803 -5.494 -0.9421 0.3352 0.0000
-0.689 -0.742 -5.650 -0.9421 0.3352 0.0000
-0.710 -0.803 -5.806 -0.9421 0.3352 0.0000
-0.616 -1.050 -5.870 0.0000 0.0000 -1.0000
-0.735 -1.151 -5.806 -0.5384 -0.4584 -0.7071
-0.784 -1.193 -5.650 -0.7614 -0.6483 -0.0000
-0.735 -1.151 -5.494 -0.5384 -0.4584 0.7071
-0.616 -1.050 -5.430 -0.0000 -0.0000 1.0000
-0.498 -0.949 -5.494 0.5384 0.4584 0.7071
-0.449 -0.907 -5.650 0.7614 0.6483 0.0000
-0.498 -0.949 -5.806 0.5384 0.4584 -0.7071
-1.135 -0.441 -5.870 0.0000 0.0000 -1.0000
-1.253 -0.542 -5.806 -0.5384 -0.4584 -0.7071
-1.302 -0.584 -5.650 -0.7614 -0.6483 -0.0000
-1.253 -0.542 -5.494 -0.5384 -0.4584 0.7071
-1.135 -0.441 -5.430 -0.0000 -0.0000 1.0000
-1.016 -0.340 -5.494 0.5384 0.4584 0.7071
-0.967 -0.298 -5.650 0.7614 0.6483 0.0000
-1.016 -0.340 -5.806 0.5384 0.4584 -0.7071
-0.616 -1.050 -5.650 0.6483 -0.7614 -0.0000
-0.616 -1.050 -5.870 0.6483 -0.7614 -0.0000
-0.735 -1.151 -5.806 0.6483 -0.7614 -0.0000
-0.784 -1.193 -5.650 0.6483 -0.7614 -0.0000
-0.735 -1.151 -5.494 0.6483 -0.7614 -0.0000
-0.616 -1.050 -5.430 0.6483 -0.7614 -0.0000
-0.498 -0.949 -5.494 0.6483 -0.7614 -0.0000
-0.449 -0.907 -5.650 0.6483 -0.7614 -0.0000
-0.498 -0.949 -5.806 0.6483 -0.7614 -0.0000
-1.135 -0.441 -5.650 -0.6483 0.7614 0.0000
-1.135 -0.441 -5.870 -0.6483 0.7614 0.0000
-1.253 -0.542 -5.806 -0.6483 0.7614 0.0000
-1.302 -0.584 -5.650 -0.6483 0.7614 0.0000
-1.253 -0.542 -5.494 -0.6483 0.7614 0.0000
-1.135 -0.441 -5.430 -0.6483 0.7614 0.0000
-1.016 -0.340 -5.494 -0.6483 0.7614 0.0000
-0.967 -0.298 -5.650 -0.6483 0.7614 0.0000
-1.016 -0.340 -5.806 -0.6483 0.7614 0.0000
-1.059 -0.601 -5.870 0.0000 0.0000 -1.0000
-1.212 -0.629 -5.806 -0.6955 -0.1278 -0.7071
-1.275 -0.641 -5.650 -0.9835 -0.1808 -0.0000
-1.212 -0.629 -5.494 -0.6955 -0.1278 0.7071
-1.059 -0.601 -5.430 -0.0000 -0.0000 1.0000
-0.906 -0.573 -5.494 0.6955 0.1278 0.7071
-0.842 -0.562 -5.650 0.9835 0.1808 0.0000
-0.906 -0.573 -5.806 0.6955 0.1278 -0.7071
-1.203 0.186 -5.870 0.0000 0.0000 -1.0000
-1.356 0.157 -5.806 -0.6955 -0.1278 -0.7071
-1.420 0.146 -5.650 -0.9835 -0.1808 -0.0000
-1.356 0.157 -5.494 -0.6955 -0.1278 0.7071
-1.203 0.186 -5.430 -0.0000 -0.0000 1.0000
-1.050 0.214 -5.494 0.6955 0.1278 0.7071
-0.987 0.225 -5.650 0.9835 0.1808 0.0000
-1.050 0.214 -5.806 0.6955 0.1278 -0.7071
-1.059 -0.601 -5.650 0.1808 -0.9835 -0.0000
-1.059 -0.601 -5.870 0.1808 -0.9835 -0.0000
-1.212 -0.629 -5.806 0.1808 -0.9835 -0.0000
-1.275 -0.641 -5.650 0.1808 -0.9835 -0.0000
-1.212 -0.629 -5.494 0.1808 -0.9835 -0.0000
-1.059 -0.601 -5.430 0.1808 -0.9835 -0.0000
-0.906 -0.573 -5.494 0.1808 -0.9835 -0.0000
-0.842 -0.562 -5.650 0.1808 -0.9835 -0.0000
-0.906 -0.573 -5.806 0.1808 -0.9835 -0.0000
-1.203 0.186 -5.650 -0.1808 0.9835 0.0000
-1.203 0.186 -5.870 -0.1808 0.9835 0.0000
-1.356 0.157 -5.806 -0.1808 0.9835 0.0000
-1.420 0.146 -5.650 -0.1808 0.9835 0.0000
-1.356 0.157 -5.494 -0.1808 0.9835 0.0000
-1.203 0.186 -5.430 -0.1808 0.9835 0.0000
-1.050 0.214 -5.494 -0.1808 0.9835 0.0000
-0.987 0.225 -5.650 -0.1808 0.9835 0.0000
-1.050 0.214 -5.806 -0.1808 0.9835 0.0000
-1.218 0.009 -5.870 0.0000 0.0000 -1.0000
-1.364 0.061 -5.806 -0.6662 0.2370 -0.7071
-1.425 0.082 -5.650 -0.9421 0.3352 -0.0000
-1.364 0.061 -5.494 -0.6662 0.2370 0.7071
-1.218 0.009 -5.430 -0.0000 0.0000 1.0000
-1.071 -0.044 -5.494 0.6662 -0.2370 0.7071
-1.010 -0.065 -5.650 0.9421 -0.3352 0.0000
-1.071 -0.044 -5.806 0.6662 -0.2370 -0.7071
-0.949 0.762 -5.870 0.0000 0.0000 -1.0000
-1.096 0.814 -5.806 -0.6662 0.2370 -0.7071
-1.157 0.836 -5.650 -0.9421 0.3352 -0.0000
-1.096 0.814 -5.494 -0.6662 0.2370 0.7071
-0.949 0.762 -5.430 -0.0000 0.0000 1.0000
-0.803 0.710 -5.494 0.6662 -0.2370 0.7071
-0.742 0.689 -5.650 0.9421 -0.3352 0.0000
-0.803 0.710 -5.806 0.6662 -0.2370 -0.7071
-1.218 0.009 -5.650 -0.3352 -0.9421 -0.0000
-1.218 0.009 -5.870 -0.3352 -0.9421 -0.0000
-1.364 0.061 -5.806 -0.3352 -0.9421 -0.0000
-1.425 0.082 -5.650 -0.3352 -0.9421 -0.0000
-1.364 0.061 -5.494 -0.3352 -0.9421 -0.0000
-1.218 0.009 -5.430 -0.3352 -0.9421 -0.0000
-1.071 -0.044 -5.494 -0.3352 -0.9421 -0.0000
-1.010 -0.065 -5.650 -0.3352 -0.9421 -0.0000
-1.071 -0.044 -5.806 -0.3352 -0.9421 -0.0000
-0.949 0.762 -5.650 0.3352 0.9421 0.0000
-0.949 0.762 -5.870 0.3352 0.9421 0.0000
-1.096 0.814 -5.806 0.3352 0.9421 0.0000
-1.157 0.836 -5.650 0.3352 0.9421 0.0000
-1.096 0.814 -5.494 0.3352 0.9421 0.0000
-0.949 0.762 -5.430 0.3352 0.9421 0.0000
-0.803 0.710 -5.494 0.3352 0.9421 0.0000
-0.742 0.689 -5.650 0.3352 0.9421 0.0000
-0.803 0.710 -5.806 0.3352 0.9421 0.0000
-1.050 0.616 -5.430 0.0000 0.0000 1.0000
-0.949 0.498 -5.494 0.4584 -0.5384 0.7071
-0.907 0.449 -5.650 0.6483 -0.7614 0.0000
-0.949 0.498 -5.806 0.4584 -0.5384 -0.7071
-1.050 0.616 -5.870 0.0000 -0.0000 -1.0000
-1.151 0.735 -5.806 -0.4584 0.5384 -0.7071
-1.193 0.784 -5.650 -0.6483 0.7614 -0.0000
-1.151 0.735 -5.494 -0.4584 0.5384 0.7071
-0.441 1.135 -5.430 0.0000 0.0000 1.0000
-0.340 1.016 -5.494 0.4584 -0.5384 0.7071
-0.298 0.967 -5.650 0.6483 -0.7614 0.0000
-0.340 1.016 -5.806 0.4584 -0.5384 -0.7071
-0.441 1.135 -5.870 0.0000 -0.0000 -1.0000
-0.542 1.253 -5.806 -0.4584 0.5384 -0.7071
-0.584 1.302 -5.650 -0.6483 0.7614 -0.0000
-0.542 1.253 -5.494 -0.4584 0.5384 0.7071
-1.050 0.616 -5.650 -0.7614 -0.6483 -0.0000
-1.050 0.616 -5.430 -0.7614 -0.6483 -0.0000
-0.949 0.498 -5.494 -0.7614 -0.6483 -0.0000
-0.907 0.449 -5.650 -0.7614 -0.6483 -0.0000
-0.949 0.498 -5.806 -0.7614 -0.6483 -0.0000
-1.050 0.616 -5.870 -0.7614 -0.6483 -0.0000
-1.151 0.735 -5.806 -0.7614 -0.6483 -0.0000
-1.193 0.784 -5.650 -0.7614 -0.6483 -0.0000
-1.151 0.735 -5.494 -0.7614 -0.6483 -0.0000
-0.441 1.135 -5.650 0.7614 0.6483 0.0000
-0.441 1.135 -5.430 0.7614 0.6483 0.0000
-0.340 1.016 -5.494 0.7614 0.6483 0.0000
-0.298 0.967 -5.650 0.7614 0.6483 0.0000
-0.340 1.016 -5.806 0.7614 0.6483 0.0000
-0.441 1.135 -5.870 0.7614 0.6483 0.0000
-0.542 1.253 -5.806 0.7614 0.6483 0.0000
-0.584 1.302 -5.650 0.7614 0.6483 0.0000
-0.542 1.253 -5.494 0.7614 0.6483 0.0000
0 1 25
0 25 24
1 2 26
1 26 25
2 3 27
2 27 26
3 4 28
3 28 27
4 5 29
4 29 28
5 6 30
5 30 29
6 7 31
6 31 30
7 8 32
7 32 31
8 9 33
8 33 32
9 10 34
9 34 33
10 11 35
10 35 34
11 12 36
11 36 35
12 13 37
12 37 36
13 14 38
13 38 37
14 15 39
14 39 38
15 16 40
15 40 39
16 17 41
16 41 40
17 18 42
17 42 41
18 19 43
18 43 42
19 20 44
19 44 43
20 21 45
20 45 44
21 22 46
21 46 45
22 23 47
22 47 46
23 0 24
23 24 47
48 50 49
48 51 50
48 52 51
48 53 52
48 54 53
48 55 54
48 56 55
48 57 56
48 58 57
48 59 58
48 60 59
48 61 60
48 62 61
48 63 62
48 64 63
48 65 64
48 66 65
48 67 66
48 68 67
48 69 68
48 70 69
48 71 70
48 72 71
48 49 72
73 74 75
73 75 76
73 76 77
73 77 78
73 78 79
73 79 80
73 80 81
73 81 82
73 82 83
73 83 84
73 84 85
73 85 86
73 86 87
73 87 88
73 88 89
73 89 90
73 90 91
73 91 92
73 92 93
73 93 94
73 94 95
73 95 96
73 96 97
73 97 74
98 99 107
98 107 106
99 100 108
99 108 107
100 101 109
100 109 108
101 102 110
101 110 109
102 103 111
102 111 110
103 104 112
103 112 111
104 105 113
104 113 112
105 98 106
105 106 113
114 116 115
114 117 116
114 118 117
114 119 118
114 120 119
114 121 120
114 122 121
114 115 122
123 124 125
123 125 126
123 126 127
123 127 128
123 128 129
123 129 130
123 130 131
123 131 124
132 133 141
132 141 140
133 134 142
133 142 141
134 135 143
134 143 142
135 136 144
135 144 143
136 137 145
136 145 144
137 138 146
137 146 145
138 139 147
138 147 146
139 132 140
139 140 147
148 150 149
148 151 150
148 152 151
148 153 152
148 154 153
148 155 154
148 156 155
148 149 156
157 158 159
157 159 160
157 160 161
157 161 162
157 162 163
157 163 164
157 164 165
157 165 158
166 167 175
166 175 174
167 168 176
167 176 175
168 169 177
168 177 176
169 170 178
169 178 177
170 171 179
170 179 178
171 172 180
171 180 179
172 173 181
172 181 180
173 166 174
173 174 181
182 184 183
182 185 184
182 186 185
182 187 186
182 188 187
182 189 188
182 190 189
182 183 190
191 192 193
191 193 194
191 194 195
191 195 196
191 196 197
191 197 198
191 198 199
191 199 192
200 201 209
200 209 208
201 202 210
201 210 209
202 203 211
202 211 210
203 204 212
203 212 211
204 205 213
204 213 212
205 206 214
205 214 213
206 207 215
206 215 214
207 200 208
207 208 215
216 218 217
216 219 218
216 220 219
216 221 220
216 222 221
216 223 222
216 224 223
216 217 224
225 226 227
225 227 228
225 228 229
225 229 230
225 230 231
225 231 232
225 232 233
225 233 226
234 235 243
234 243 242
235 236 244
235 244 243
236 237 245
236 245 244
237 238 246
237 246 245
238 239 247
238 247 246
239 240 248
239 248 247
240 241 249
240 249 248
241 234 242
241 242 249
250 252 251
250 253 252
250 254 253
250 255 254
250 256 255
250 257 256
250 258 257
250 251 258
259 260 261
259 261 262
259 262 263
259 263 264
259 264 265
259 265 266
259 266 267
259 267 260
268 269 277
268 277 276
269 270 278
269 278 277
270 271 279
270 279 278
271 272 280
271 280 279
272 273 281
272 281 280
273 274 282
273 282 281
274 275 283
274 283 282
275 268 276
275 276 283
284 286 285
284 287 286
284 288 287
284 289 288
284 290 289
284 291 290
284 292 291
284 285 292
293 294 295
293 295 296
293 296 297
293 297 298
293 298 299
293 299 300
293 300 301
293 301 294
302 303 311
302 311 310
303 304 312
303 312 311
304 305 313
304 313 312
305 306 314
305 314 313
306 307 315
306 315 314
307 308 316
307 316 315
308 309 317
308 317 316
309 302 310
309 310 317
318 320 319
318 321 320
318 322 321
318 323 322
318 324 323
318 325 324
318 326 325
318 319 326
327 328 329
327 329 330
327 330 331
327 331 332
327 332 333
327 333 334
327 334 335
327 335 328
336 337 345
336 345 344
337 338 346
337 346 345
338 339 347
338 347 346
339 340 348
339 348 347
340 341 349
340 349 348
341 342 350
341 350 349
342 343 351
342 351 350
343 336 344
343 344 351
352 354 353
352 355 354
352 356 355
352 357 356
352 358 357
352 359 358
352 360 359
352 353 360
361 362 363
361 363 364
361 364 365
361 365 366
361 366 367
361 367 368
361 368 369
361 369 362
370 371 379
370 379 378
371 372 380
371 380 379
372 373 381
372 381 380
373 374 382
373 382 381
374 375 383
374 383 382
375 376 384
375 384 383
376 377 385
376 385 384
377 370 378
377 378 385
386 388 387
386 389 388
386 390 389
386 391 390
386 392 391
386 393 392
386 394 393
386 387 394
395 396 397
395 397 398
395 398 399
395 399 400
395 400 401
395 401 402
395 402 403
395 403 396
404 405 413
404 413 412
405 406 414
405 414 413
406 407 415
406 415 414
407 408 416
407 416 415
408 409 417
408 417 416
409 410 418
409 418 417
410 411 419
410 419 418
411 404 412
411 412 419
420 422 421
420 423 422
420 424 423
420 425 424
420 426 425
420 427 426
420 428 427
420 421 428
429 430 431
429 431 432
429 432 433
429 433 434
429 434 435
429 435 436
429 436 437
429 437 430
438 439 447
438 447 446
439 440 448
439 448 447
440 441 449
440 449 448
441 442 450
441 450 449
442 443 451
442 451 450
443 444 452
443 452 451
444 445 453
444 453 452
445 438 446
445 446 453
454 456 455
454 457 456
454 458 457
454 459 458
454 460 459
454 461 460
454 462 461
454 455 462
463 464 465
463 465 466
463 466 467
463 467 468
463 468 469
463 469 470
463 470 471
463 471 464
472 473 481
472 481 480
473 474 482
473 482 481
474 475 483
474 483 482
475 476 484
475 484 483
476 477 485
476 485 484
477 478 486
477 486 485
478 479 487
478 487 486
479 472 480
479 480 487
488 490 489
488 491 490
488 492 491
488 493 492
488 494 493
488 495 494
488 496 495
488 489 496
497 498 499
497 499 500
497 500 501
497 501 502
497 502 503
497 503 504
497 504 505
497 505 498
LABEL sfoot2_petal_0
MATERIAL 7
TEXTURE 0
GEOM 66 52 ;sfoot2_petal_0
-0.508 0.830 -9.557 0.1807 -0.9830 0.0332
0.180 0.957 -9.557 0.1807 -0.9830 0.0332
0.177 0.971 -9.107 0.1807 -0.9830 0.0332
-0.511 0.845 -9.107 0.1807 -0.9830 0.0332
-2.307 10.616 -9.887 -0.1807 0.9830 -0.0332
-1.619 10.743 -9.887 -0.1807 0.9830 -0.0332
-1.621 10.757 -9.437 -0.1807 0.9830 -0.0332
-2.310 10.631 -9.437 -0.1807 0.9830 -0.0332
-0.508 0.830 -9.557 -0.9835 -0.1808 -0.0000
-2.307 10.616 -9.887 -0.9835 -0.1808 -0.0000
-2.310 10.631 -9.437 -0.9835 -0.1808 -0.0000
-0.511 0.845 -9.107 -0.9835 -0.1808 -0.0000
0.180 0.957 -9.557 0.9835 0.1808 0.0000
-1.619 10.743 -9.887 0.9835 0.1808 0.0000
-1.621 10.757 -9.437 0.9835 0.1808 0.0000
0.177 0.971 -9.107 0.9835 0.1808 0.0000
-0.508 0.830 -9.557 0.0060 -0.0326 -0.9995
-2.307 10.616 -9.887 0.0060 -0.0326 -0.9995
-1.619 10.743 -9.887 0.0060 -0.0326 -0.9995
0.180 0.957 -9.557 0.0060 -0.0326 -0.9995
-0.511 0.845 -9.107 -0.0060 0.0326 0.9995
-2.310 10.631 -9.437 -0.0060 0.0326 0.9995
-1.621 10.757 -9.437 -0.0060 0.0326 0.9995
0.177 0.971 -9.107 -0.0060 0.0326 0.9995
-0.569 0.607 -9.300 0.0000 0.0000 1.0000
-0.537 0.434 -9.357 0.1063 -0.5781 0.8090
-0.518 0.327 -9.507 0.1719 -0.9354 0.3090
-0.518 0.327 -9.693 0.1719 -0.9354 -0.3090
-0.537 0.434 -9.843 0.1063 -0.5781 -0.8090
-0.569 0.607 -9.900 0.0000 -0.0000 -1.0000
-0.601 0.781 -9.843 -0.1063 0.5781 -0.8090
-0.621 0.888 -9.693 -0.1719 0.9354 -0.3090
-0.621 0.888 -9.507 -0.1719 0.9354 0.3090
-0.601 0.781 -9.357 -0.1063 0.5781 0.8090
0.316 0.770 -9.300 0.0000 0.0000 1.0000
0.348 0.596 -9.357 0.1063 -0.5781 0.8090
0.368 0.489 -9.507 0.1719 -0.9354 0.3090
0.368 0.489 -9.693 0.1719 -0.9354 -0.3090
0.348 0.596 -9.843 0.1063 -0.5781 -0.8090
0.316 0.770 -9.900 0.0000 -0.0000 -1.0000
0.284 0.943 -9.843 -0.1063 0.5781 -0.8090
0.264 1.050 -9.693 -0.1719 0.9354 -0.3090
0.264 1.050 -9.507 -0.1719 0.9354 0.3090
0.284 0.943 -9.357 -0.1063 0.5781 0.8090
-0.569 0.607 -9.600 -0.9835 -0.1808 -0.0000
-0.569 0.607 -9.300 -0.9835 -0.1808 -0.0000
-0.537 0.434 -9.357 -0.9835 -0.1808 -0.0000
-0.518 0.327 -9.507 -0.9835 -0.1808 -0.0000
-0.518 0.327 -9.693 -0.9835 -0.1808 -0.0000
-0.537 0.434 -9.843 -0.9835 -0.1808 -0.0000
-0.569 0.607 -9.900 -0.9835 -0.1808 -0.0000
-0.601 0.781 -9.843 -0.9835 -0.1808 -0.0000
-0.621 0.888 -9.693 -0.9835 -0.1808 -0.0000
-0.621 0.888 -9.507 -0.9835 -0.1808 -0.0000
-0.601 0.781 -9.357 -0.9835 -0.1808 -0.0000
0.316 0.770 -9.600 0.9835 0.1808 0.0000
0.316 0.770 -9.300 0.9835 0.1808 0.0000
0.348 0.596 -9.357 0.9835 0.1808 0.0000
0.368 0.489 -9.507 0.9835 0.1808 0.0000
0.368 0.489 -9.693 0.9835 0.1808 0.0000
0.348 0.596 -9.843 0.9835 0.1808 0.0000
0.316 0.770 -9.900 0.9835 0.1808 0.0000
0.284 0.943 -9.843 0.9835 0.1808 0.0000
0.264 1.050 -9.693 0.9835 0.1808 0.0000
0.264 1.050 -9.507 0.9835 0.1808 0.0000
0.284 0.943 -9.357 0.9835 0.1808 0.0000
0 1 2
0 2 3
4 6 5
4 7 6
8 10 9
8 11 10
12 13 14
12 14 15
16 17 18
16 18 19
20 22 21
20 23 22
24 25 35
24 35 34
25 26 36
25 36 35
26 27 37
26 37 36
27 28 38
27 38 37
28 29 39
28 39 38
29 30 40
29 40 39
30 31 41
30 41 40
31 32 42
31 42 41
32 33 43
32 43 42
33 24 34
33 34 43
44 46 45
44 47 46
44 48 47
44 49 48
44 50 49
44 51 50
44 52 51
44 53 52
44 54 53
44 45 54
55 56 57
55 57 58
55 58 59
55 59 60
55 60 61
55 61 62
55 62 63
55 63 64
55 64 65
55 65 56
LABEL sfoot2_slat_0_0
MATERIAL 7
TEXTURE 0
GEOM 104 76 ;sfoot2_slat_0_0
-0.439 0.954 -9.562 -0.0060 0.0326 0.9995
-0.388 0.976 -9.562 -0.0060 0.0326 0.9995
-0.335 0.995 -9.562 -0.0060 0.0326 0.9995
-0.281 1.012 -9.562 -0.0060 0.0326 0.9995
-4.706 10.218 -9.900 -0.0060 0.0326 0.9995
-4.153 10.456 -9.900 -0.0060 0.0326 0.9995
-3.587 10.663 -9.900 -0.0060 0.0326 0.9995
-3.012 10.839 -9.900 -0.0060 0.0326 0.9995
-0.439 0.954 -9.562 0.0060 -0.0326 -0.9995
-0.388 0.976 -9.562 0.0060 -0.0326 -0.9995
-0.335 0.995 -9.562 0.0060 -0.0326 -0.9995
-0.281 1.012 -9.562 0.0060 -0.0326 -0.9995
-4.706 10.218 -9.900 0.0060 -0.0326 -0.9995
-4.153 10.456 -9.900 0.0060 -0.0326 -0.9995
-3.587 10.663 -9.900 0.0060 -0.0326 -0.9995
-3.012 10.839 -9.900 0.0060 -0.0326 -0.9995
-0.439 0.954 -9.812 0.0060 -0.0326 -0.9995
-0.388 0.976 -9.812 0.0060 -0.0326 -0.9995
-0.335 0.995 -9.812 0.0060 -0.0326 -0.9995
-0.281 1.012 -9.812 0.0060 -0.0326 -0.9995
-4.706 10.218 -10.150 0.0060 -0.0326 -0.9995
-4.153 10.456 -10.150 0.0060 -0.0326 -0.9995
-3.587 10.663 -10.150 0.0060 -0.0326 -0.9995
-3.012 10.839 -10.150 0.0060 -0.0326 -0.9995
-0.439 0.954 -9.812 -0.0060 0.0326 0.9995
-0.388 0.976 -9.812 -0.0060 0.0326 0.9995
-0.335 0.995 -9.812 -0.0060 0.0326 0.9995
-0.281 1.012 -9.812 -0.0060 0.0326 0.9995
-4.706 10.218 -10.150 -0.0060 0.0326 0.9995
-4.153 10.456 -10.150 -0.0060 0.0326 0.9995
-3.587 10.663 -10.150 -0.0060 0.0326 0.9995
-3.012 10.839 -10.150 -0.0060 0.0326 0.9995
-4.706 10.218 -10.150 -0.3441 0.9389 0.0000
-4.153 10.456 -10.150 -0.3441 0.9389 0.0000
-3.587 10.663 -10.150 -0.3441 0.9389 0.0000
-3.012 10.839 -10.150 -0.3441 0.9389 0.0000
-4.706 10.218 -9.900 -0.3441 0.9389 0.0000
-4.153 10.456 -9.900 -0.3441 0.9389 0.0000
-3.587 10.663 -9.900 -0.3441 0.9389 0.0000
-3.012 10.839 -9.900 -0.3441 0.9389 0.0000
-4.706 10.218 -10.150 0.3441 -0.9389 -0.0000
-4.153 10.456 -10.150 0.3441 -0.9389 -0.0000
-3.587 10.663 -10.150 0.3441 -0.9389 -0.0000
-3.012 10.839 -10.150 0.3441 -0.9389 -0.0000
-4.706 10.218 -9.900 0.3441 -0.9389 -0.0000
-4.153 10.456 -9.900 0.3441 -0.9389 -0.0000
-3.587 10.663 -9.900 0.3441 -0.9389 -0.0000
-3.012 10.839 -9.900 0.3441 -0.9389 -0.0000
-0.439 0.954 -9.812 0.3441 -0.9389 -0.0000
-0.388 0.976 -9.812 0.3441 -0.9389 -0.0000
-0.335 0.995 -9.812 0.3441 -0.9389 -0.0000
-0.281 1.012 -9.812 0.3441 -0.9389 -0.0000
-0.439 0.954 -9.562 0.3441 -0.9389 -0.0000
-0.388 0.976 -9.562 0.3441 -0.9389 -0.0000
-0.335 0.995 -9.562 0.3441 -0.9389 -0.0000
-0.281 1.012 -9.562 0.3441 -0.9389 -0.0000
-0.439 0.954 -9.812 -0.3441 0.9389 0.0000
-0.388 0.976 -9.812 -0.3441 0.9389 0.0000
-0.335 0.995 -9.812 -0.3441 0.9389 0.0000
-0.281 1.012 -9.812 -0.3441 0.9389 0.0000
-0.439 0.954 -9.562 -0.3441 0.9389 0.0000
-0.388 0.976 -9.562 -0.3441 0.9389 0.0000
-0.335 0.995 -9.562 -0.3441 0.9389 0.0000
-0.281 1.012 -9.562 -0.3441 0.9389 0.0000
-4.706 10.218 -9.900 -0.3441 0.9389 0.0000
-4.153 10.456 -9.900 -0.3441 0.9389 0.0000
-3.587 10.663 -9.900 -0.3441 0.9389 0.0000
-3.012 10.839 -9.900 -0.3441 0.9389 0.0000
-4.706 10.218 -9.200 -0.3441 0.9389 0.0000
-4.153 10.456 -9.200 -0.3441 0.9389 0.0000
-3.587 10.663 -9.200 -0.3441 0.9389 0.0000
-3.012 10.839 -9.200 -0.3441 0.9389 0.0000
-4.706 10.218 -9.900 0.3441 -0.9389 -0.0000
-4.153 10.456 -9.900 0.3441 -0.9389 -0.0000
-3.587 10.663 -9.900 0.3441 -0.9389 -0.0000
-3.012 10.839 -9.900 0.3441 -0.9389 -0.0000
-4.706 10.218 -9.200 0.3441 -0.9389 -0.0000
-4.153 10.456 -9.200 0.3441 -0.9389 -0.0000
-3.587 10.663 -9.200 0.3441 -0.9389 -0.0000
-3.012 10.839 -9.200 0.3441 -0.9389 -0.0000
-4.706 10.218 -9.200 -0.0000 -0.0000 1.0000
-4.153 10.456 -9.200 -0.0000 -0.0000 1.0000
-3.587 10.663 -9.200 -0.0000 -0.0000 1.0000
-3.012 10.839 -9.200 -0.0000 -0.0000 1.0000
-4.559 9.901 -9.188 -0.0000 -0.0000 1.0000
-4.023 10.130 -9.188 -0.0000 -0.0000 1.0000
-3.476 10.331 -9.188 -0.0000 -0.0000 1.0000
-2.918 10.502 -9.188 -0.0000 -0.0000 1.0000
-4.706 10.218 -9.200 0.0000 0.0000 -1.0000
-4.153 10.456 -9.200 0.0000 0.0000 -1.0000
-3.587 10.663 -9.200 0.0000 0.0000 -1.0000
-3.012 10.839 -9.200 0.0000 0.0000 -1.0000
-4.559 9.901 -9.188 0.0000 0.0000 -1.0000
-4.023 10.130 -9.188 0.0000 0.0000 -1.0000
-3.476 10.331 -9.188 0.0000 0.0000 -1.0000
-2.918 10.502 -9.188 0.0000 0.0000 -1.0000
-0.439 0.954 -9.812 0.9083 0.4183 0.0000
-4.706 10.218 -10.150 0.9083 0.4183 0.0000
-0.439 0.954 -9.562 0.9083 0.4183 0.0000
-4.706 10.218 -9.900 0.9083 0.4183 0.0000
-0.439 0.954 -9.812 -0.9083 -0.4183 -0.0000
-4.706 10.218 -10.150 -0.9083 -0.4183 -0.0000
-0.439 0.954 -9.562 -0.9083 -0.4183 -0.0000
-4.706 10.218 -9.900 -0.9083 -0.4183 -0.0000
0 1 5
0 5 4
8 13 9
8 12 13
1 2 6
1 6 5
9 14 10
9 13 14
2 3 7
2 7 6
10 15 11
10 14 15
16 21 17
16 20 21
24 25 29
24 29 28
17 22 18
17 21 22
25 26 30
25 30 29
18 23 19
18 22 23
26 27 31
26 31 30
32 37 33
32 36 37
40 41 45
40 45 44
33 38 34
33 37 38
41 42 46
41 46 45
34 39 35
34 38 39
42 43 47
42 47 46
48 49 53
48 53 52
56 61 57
56 60 61
49 50 54
49 54 53
57 62 58
57 61 62
50 51 55
50 55 54
58 63 59
58 62 63
64 69 65
64 68 69
72 73 77
72 77 76
65 70 66
65 69 70
73 74 78
73 78 77
66 71 67
66 70 71
74 75 79
74 79 78
80 85 81
80 84 85
88 89 93
88 93 92
81 86 82
81 85 86
89 90 94
89 94 93
82 87 83
82 86 87
90 91 95
90 95 94
96 97 99
96 99 98
100 103 101
100 102 103
LABEL sfoot2_slat_0_1
MATERIAL 7
TEXTURE 0
GEOM 96 72 ;sfoot2_slat_0_1
-0.277 1.013 -9.562 -0.0060 0.0326 0.9995
-0.219 1.027 -9.562 -0.0060 0.0326 0.9995
-0.160 1.038 -9.562 -0.0060 0.0326 0.9995
-0.101 1.045 -9.562 -0.0060 0.0326 0.9995
-2.969 10.851 -9.900 -0.0060 0.0326 0.9995
-2.347 11.002 -9.900 -0.0060 0.0326 0.9995
-1.718 11.118 -9.900 -0.0060 0.0326 0.9995
-1.084 11.198 -9.900 -0.0060 0.0326 0.9995
-0.277 1.013 -9.562 0.0060 -0.0326 -0.9995
-0.219 1.027 -9.562 0.0060 -0.0326 -0.9995
-0.160 1.038 -9.562 0.0060 -0.0326 -0.9995
-0.101 1.045 -9.562 0.0060 -0.0326 -0.9995
-2.969 10.851 -9.900 0.0060 -0.0326 -0.9995
-2.347 11.002 -9.900 0.0060 -0.0326 -0.9995
-1.718 11.118 -9.900 0.0060 -0.0326 -0.9995
-1.084 11.198 -9.900 0.0060 -0.0326 -0.9995
-0.277 1.013 -9.812 0.0060 -0.0326 -0.9995
-0.219 1.027 -9.812 0.0060 -0.0326 -0.9995
-0.160 1.038 -9.812 0.0060 -0.0326 -0.9995
-0.101 1.045 -9.812 0.0060 -0.0326 -0.9995
-2.969 10.851 -10.150 0.0060 -0.0326 -0.9995
-2.347 11.002 -10.150 0.0060 -0.0326 -0.9995
-1.718 11.118 -10.150 0.0060 -0.0326 -0.9995
-1.084 11.198 -10.150 0.0060 -0.0326 -0.9995
-0.277 1.013 -9.812 -0.0060 0.0326 0.9995
-0.219 1.027 -9.812 -0.0060 0.0326 0.9995
-0.160 1.038 -9.812 -0.0060 0.0326 0.9995
-0.101 1.045 -9.812 -0.0060 0.0326 0.9995
-2.969 10.851 -10.150 -0.0060 0.0326 0.9995
-2.347 11.002 -10.150 -0.0060 0.0326 0.9995
-1.718 11.118 -10.150 -0.0060 0.0326 0.9995
-1.084 11.198 -10.150 -0.0060 0.0326 0.9995
-2.969 10.851 -10.150 -0.1808 0.9835 0.0000
-2.347 11.002 -10.150 -0.1808 0.9835 0.0000
-1.718 11.118 -10.150 -0.1808 0.9835 0.0000
-1.084 11.198 -10.150 -0.1808 0.9835 0.0000
-2.969 10.851 -9.900 -0.1808 0.9835 0.0000
-2.347 11.002 -9.900 -0.1808 0.9835 0.0000
-1.718 11.118 -9.900 -0.1808 0.9835 0.0000
-1.084 11.198 -9.900 -0.1808 0.9835 0.0000
-2.969 10.851 -10.150 0.1808 -0.9835 -0.0000
-2.347 11.002 -10.150 0.1808 -0.9835 -0.0000
-1.718 11.118 -10.150 0.1808 -0.9835 -0.0000
-1.084 11.198 -10.150 0.1808 -0.9835 -0.0000
-2.969 10.851 -9.900 0.1808 -0.9835 -0.0000
-2.347 11.002 -9.900 0.1808 -0.9835 -0.0000
-1.718 11.118 -9.900 0.1808 -0.9835 -0.0000
-1.084 11.198 -9.900 0.1808 -0.9835 -0.0000
-0.277 1.013 -9.812 0.1808 -0.9835 -0.0000
-0.219 1.027 -9.812 0.1808 -0.9835 -0.0000
-0.160 1.038 -9.812 0.1808 -0.9835 -0.0000
-0.101 1.045 -9.812 0.1808 -0.9835 -0.0000
-0.277 1.013 -9.562 0.1808 -0.9835 -0.0000
-0.219 1.027 -9.562 0.1808 -0.9835 -0.0000
-0.160 1.038 -9.562 0.1808 -0.9835 -0.0000
-0.101 1.045 -9.562 0.1808 -0.9835 -0.0000
-0.277 1.013 -9.812 -0.1808 0.9835 0.0000
-0.219 1.027 -9.812 -0.1808 0.9835 0.0000
-0.160 1.038 -9.812 -0.1808 0.9835 0.0000
-0.101 1.045 -9.812 -0.1808 0.9835 0.0000
-0.277 1.013 -9.562 -0.1808 0.9835 0.0000
-0.219 1.027 -9.562 -0.1808 0.9835 0.0000
-0.160 1.038 -9.562 -0.1808 0.9835 0.0000
-0.101 1.045 -9.562 -0.1808 0.9835 0.0000
-2.969 10.851 -9.900 -0.1808 0.9835 0.0000
-2.347 11.002 -9.900 -0.1808 0.9835 0.0000
-1.718 11.118 -9.900 -0.1808 0.9835 0.0000
-1.084 11.198 -9.900 -0.1808 0.9835 0.0000
-2.969 10.851 -9.200 -0.1808 0.9835 0.0000
-2.347 11.002 -9.200 -0.1808 0.9835 0.0000
-1.718 11.118 -9.200 -0.1808 0.9835 0.0000
-1.084 11.198 -9.200 -0.1808 0.9835 0.0000
-2.969 10.851 -9.900 0.1808 -0.9835 -0.0000
-2.347 11.002 -9.900 0.1808 -0.9835 -0.0000
-1.718 11.118 -9.900 0.1808 -0.9835 -0.0000
-1.084 11.198 -9.900 0.1808 -0.9835 -0.0000
-2.969 10.851 -9.200 0.1808 -0.9835 -0.0000
-2.347 11.002 -9.200 0.1808 -0.9835 -0.0000
-1.718 11.118 -9.200 0.1808 -0.9835 -0.0000
-1.084 11.198 -9.200 0.1808 -0.9835 -0.0000
-2.969 10.851 -9.200 -0.0000 -0.0000 1.0000
-2.347 11.002 -9.200 -0.0000 -0.0000 1.0000
-1.718 11.118 -9.200 -0.0000 -0.0000 1.0000
-1.084 11.198 -9.200 -0.0000 -0.0000 1.0000
-2.876 10.514 -9.188 -0.0000 -0.0000 1.0000
-2.274 10.660 -9.188 -0.0000 -0.0000 1.0000
-1.665 10.772 -9.188 -0.0000 -0.0000 1.0000
-1.050 10.849 -9.188 -0.0000 -0.0000 1.0000
-2.969 10.851 -9.200 0.0000 0.0000 -1.0000
-2.347 11.002 -9.200 0.0000 0.0000 -1.0000
-1.718 11.118 -9.200 0.0000 0.0000 -1.0000
-1.084 11.198 -9.200 0.0000 0.0000 -1.0000
-2.876 10.514 -9.188 0.0000 0.0000 -1.0000
-2.274 10.660 -9.188 0.0000 0.0000 -1.0000
-1.665 10.772 -9.188 0.0000 0.0000 -1.0000
-1.050 10.849 -9.188 0.0000 0.0000 -1.0000
0 1 5
0 5 4
8 13 9
8 12 13
1 2 6
1 6 5
9 14 10
9 13 14
2 3 7
2 7 6
10 15 11
10 14 15
16 21 17
16 20 21
24 25 29
24 29 28
17 22 18
17 21 22
25 26 30
25 30 29
18 23 19
18 22 23
26 27 31
26 31 30
32 37 33
32 36 37
40 41 45
40 45 44
33 38 34
33 37 38
41 42 46
41 46 45
34 39 35
34 38 39
42 43 47
42 47 46
48 49 53
48 53 52
56 61 57
56 60 61
49 50 54
49 54 53
57 62 58
57 61 62
50 51 55
50 55 54
58 63 59
58 62 63
64 69 65
64 68 69
72 73 77
72 77 76
65 70 66
65 69 70
73 74 78
73 78 77
66 71 67
66 70 71
74 75 79
74 79 78
80 85 81
80 84 85
88 89 93
88 93 92
81 86 82
81 85 86
89 90 94
89 94 93
82 87 83
82 86 87
90 91 95
90 95 94
LABEL sfoot2_slat_0_2
MATERIAL 7
TEXTURE 0
GEOM 104 76 ;sfoot2_slat_0_2
-0.097 1.046 -9.562 -0.0060 0.0326 0.9995
-0.041 1.049 -9.562 -0.0060 0.0326 0.9995
0.015 1.050 -9.562 -0.0060 0.0326 0.9995
0.071 1.048 -9.562 -0.0060 0.0326 0.9995
-1.039 11.202 -9.900 -0.0060 0.0326 0.9995
-0.439 11.241 -9.900 -0.0060 0.0326 0.9995
0.163 11.249 -9.900 -0.0060 0.0326 0.9995
0.765 11.224 -9.900 -0.0060 0.0326 0.9995
-0.097 1.046 -9.562 0.0060 -0.0326 -0.9995
-0.041 1.049 -9.562 0.0060 -0.0326 -0.9995
0.015 1.050 -9.562 0.0060 -0.0326 -0.9995
0.071 1.048 -9.562 0.0060 -0.0326 -0.9995
-1.039 11.202 -9.900 0.0060 -0.0326 -0.9995
-0.439 11.241 -9.900 0.0060 -0.0326 -0.9995
0.163 11.249 -9.900 0.0060 -0.0326 -0.9995
0.765 11.224 -9.900 0.0060 -0.0326 -0.9995
-0.097 1.046 -9.812 0.0060 -0.0326 -0.9995
-0.041 1.049 -9.812 0.0060 -0.0326 -0.9995
0.015 1.050 -9.812 0.0060 -0.0326 -0.9995
0.071 1.048 -9.812 0.0060 -0.0326 -0.9995
-1.039 11.202 -10.150 0.0060 -0.0326 -0.9995
-0.439 11.241 -10.150 0.0060 -0.0326 -0.9995
0.163 11.249 -10.150 0.0060 -0.0326 -0.9995
0.765 11.224 -10.150 0.0060 -0.0326 -0.9995
-0.097 1.046 -9.812 -0.0060 0.0326 0.9995
-0.041 1.049 -9.812 -0.0060 0.0326 0.9995
0.015 1.050 -9.812 -0.0060 0.0326 0.9995
0.071 1.048 -9.812 -0.0060 0.0326 0.9995
-1.039 11.202 -10.150 -0.0060 0.0326 0.9995
-0.439 11.241 -10.150 -0.0060 0.0326 0.9995
0.163 11.249 -10.150 -0.0060 0.0326 0.9995
0.765 11.224 -10.150 -0.0060 0.0326 0.9995
-1.039 11.202 -10.150 -0.0122 0.9999 0.0000
-0.439 11.241 -10.150 -0.0122 0.9999 0.0000
0.163 11.249 -10.150 -0.0122 0.9999 0.0000
0.765 11.224 -10.150 -0.0122 0.9999 0.0000
-1.039 11.202 -9.900 -0.0122 0.9999 0.0000
-0.439 11.241 -9.900 -0.0122 0.9999 0.0000
0.163 11.249 -9.900 -0.0122 0.9999 0.0000
0.765 11.224 -9.900 -0.0122 0.9999 0.0000
-1.039 11.202 -10.150 0.0122 -0.9999 -0.0000
-0.439 11.241 -10.150 0.0122 -0.9999 -0.0000
0.163 11.249 -10.150 0.0122 -0.9999 -0.0000
0.765 11.224 -10.150 0.0122 -0.9999 -0.0000
-1.039 11.202 -9.900 0.0122 -0.9999 -0.0000
-0.439 11.241 -9.900 0.0122 -0.9999 -0.0000
0.163 11.249 -9.900 0.0122 -0.9999 -0.0000
0.765 11.224 -9.900 0.0122 -0.9999 -0.0000
-0.097 1.046 -9.812 0.0122 -0.9999 -0.0000
-0.041 1.049 -9.812 0.0122 -0.9999 -0.0000
0.015 1.050 -9.812 0.0122 -0.9999 -0.0000
0.071 1.048 -9.812 0.0122 -0.9999 -0.0000
-0.097 1.046 -9.562 0.0122 -0.9999 -0.0000
-0.041 1.049 -9.562 0.0122 -0.9999 -0.0000
0.015 1.050 -9.562 0.0122 -0.9999 -0.0000
0.071 1.048 -9.562 0.0122 -0.9999 -0.0000
-0.097 1.046 -9.812 -0.0122 0.9999 0.0000
-0.041 1.049 -9.812 -0.0122 0.9999 0.0000
0.015 1.050 -9.812 -0.0122 0.9999 0.0000
0.071 1.048 -9.812 -0.0122 0.9999 0.0000
-0.097 1.046 -9.562 -0.0122 0.9999 0.0000
-0.041 1.049 -9.562 -0.0122 0.9999 0.0000
0.015 1.050 -9.562 -0.0122 0.9999 0.0000
0.071 1.048 -9.562 -0.0122 0.9999 0.0000
-1.039 11.202 -9.900 -0.0122 0.9999 0.0000
-0.439 11.241 -9.900 -0.0122 0.9999 0.0000
0.163 11.249 -9.900 -0.0122 0.9999 0.0000
0.765 11.224 -9.900 -0.0122 0.9999 0.0000
-1.039 11.202 -9.200 -0.0122 0.9999 0.0000
-0.439 11.241 -9.200 -0.0122 0.9999 0.0000
0.163 11.249 -9.200 -0.0122 0.9999 0.0000
0.765 11.224 -9.200 -0.0122 0.9999 0.0000
-1.039 11.202 -9.900 0.0122 -0.9999 -0.0000
-0.439 11.241 -9.900 0.0122 -0.9999 -0.0000
0.163 11.249 -9.900 0.0122 -0.9999 -0.0000
0.765 11.224 -9.900 0.0122 -0.9999 -0.0000
-1.039 11.202 -9.200 0.0122 -0.9999 -0.0000
-0.439 11.241 -9.200 0.0122 -0.9999 -0.0000
0.163 11.249 -9.200 0.0122 -0.9999 -0.0000
0.765 11.224 -9.200 0.0122 -0.9999 -0.0000
-1.039 11.202 -9.200 -0.0000 -0.0000 1.0000
-0.439 11.241 -9.200 -0.0000 -0.0000 1.0000
0.163 11.249 -9.200 -0.0000 -0.0000 1.0000
0.765 11.224 -9.200 -0.0000 -0.0000 1.0000
-1.007 10.853 -9.188 -0.0000 -0.0000 1.0000
-0.425 10.892 -9.188 -0.0000 -0.0000 1.0000
0.158 10.899 -9.188 -0.0000 -0.0000 1.0000
0.741 10.875 -9.188 -0.0000 -0.0000 1.0000
-1.039 11.202 -9.200 0.0000 0.0000 -1.0000
-0.439 11.241 -9.200 0.0000 0.0000 -1.0000
0.163 11.249 -9.200 0.0000 0.0000 -1.0000
0.765 11.224 -9.200 0.0000 0.0000 -1.0000
-1.007 10.853 -9.188 0.0000 0.0000 -1.0000
-0.425 10.892 -9.188 0.0000 0.0000 -1.0000
0.158 10.899 -9.188 0.0000 0.0000 -1.0000
0.741 10.875 -9.188 0.0000 0.0000 -1.0000
0.071 1.048 -9.812 0.9977 -0.0680 0.0000
0.765 11.224 -10.150 0.9977 -0.0680 0.0000
0.071 1.048 -9.562 0.9977 -0.0680 0.0000
0.765 11.224 -9.900 0.9977 -0.0680 0.0000
0.071 1.048 -9.812 -0.9977 0.0680 -0.0000
0.765 11.224 -10.150 -0.9977 0.0680 -0.0000
0.071 1.048 -9.562 -0.9977 0.0680 -0.0000
0.765 11.224 -9.900 -0.9977 0.0680 -0.0000
0 1 5
0 5 4
8 13 9
8 12 13
1 2 6
1 6 5
9 14 10
9 13 14
2 3 7
2 7 6
10 15 11
10 14 15
16 21 17
16 20 21
24 25 29
24 29 28
17 22 18
17 21 22
25 26 30
25 30 29
18 23 19
18 22 23
26 27 31
26 31 30
32 37 33
32 36 37
40 41 45
40 45 44
33 38 34
33 37 38
41 42 46
41 46 45
34 39 35
34 38 39
42 43 47
42 47 46
48 49 53
48 53 52
56 61 57
56 60 61
49 50 54
49 54 53
57 62 58
57 61 62
50 51 55
50 55 54
58 63 59
58 62 63
64 69 65
64 68 69
72 73 77
72 77 76
65 70 66
65 69 70
73 74 78
73 78 77
66 71 67
66 70 71
74 75 79
74 79 78
80 85 81
80 84 85
88 89 93
88 93 92
81 86 82
81 85 86
89 90 94
89 94 93
82 87 83
82 86 87
90 91 95
90 95 94
96 97 99
96 99 98
100 103 101
100 102 103
LABEL sfoot2_strut_0
MATERIAL 9
TEXTURE 0
GEOM 50 48 ;sfoot2_strut_0
0.272 1.131 -5.792 0.9590 0.0000 -0.2834
0.148 0.995 -5.974 0.7117 -0.2721 -0.6477
-0.071 0.895 -6.069 0.2736 -0.4713 -0.8385
-0.327 0.859 -6.052 -0.2377 -0.5442 -0.8046
-0.551 0.895 -5.928 -0.6854 -0.4713 -0.5551
-0.683 0.995 -5.728 -0.9494 -0.2721 -0.1569
-0.687 1.131 -5.508 -0.9590 -0.0000 0.2834
-0.564 1.267 -5.326 -0.7117 0.2721 0.6477
-0.345 1.367 -5.231 -0.2736 0.4713 0.8385
-0.089 1.403 -5.248 0.2377 0.5442 0.8046
0.135 1.367 -5.372 0.6854 0.4713 0.5551
0.267 1.267 -5.572 0.9494 0.2721 0.1569
-0.362 4.581 -7.938 0.9590 0.0000 -0.2834
-0.486 4.445 -8.120 0.7117 -0.2721 -0.6477
-0.705 4.345 -8.215 0.2736 -0.4713 -0.8385
-0.961 4.309 -8.198 -0.2377 -0.5442 -0.8046
-1.185 4.345 -8.073 -0.6854 -0.4713 -0.5551
-1.317 4.445 -7.874 -0.9494 -0.2721 -0.1569
-1.321 4.581 -7.654 -0.9590 -0.0000 0.2834
-1.198 4.717 -7.472 -0.7117 0.2721 0.6477
-0.979 4.816 -7.377 -0.2736 0.4713 0.8385
-0.723 4.853 -7.394 0.2377 0.5442 0.8046
-0.499 4.816 -7.518 0.6854 0.4713 0.5551
-0.367 4.717 -7.717 0.9494 0.2721 0.1569
-0.208 1.131 -5.650 0.1542 -0.8390 0.5219
0.272 1.131 -5.792 0.1542 -0.8390 0.5219
0.148 0.995 -5.974 0.1542 -0.8390 0.5219
-0.071 0.895 -6.069 0.1542 -0.8390 0.5219
-0.327 0.859 -6.052 0.1542 -0.8390 0.5219
-0.551 0.895 -5.928 0.1542 -0.8390 0.5219
-0.683 0.995 -5.728 0.1542 -0.8390 0.5219
-0.687 1.131 -5.508 0.1542 -0.8390 0.5219
-0.564 1.267 -5.326 0.1542 -0.8390 0.5219
-0.345 1.367 -5.231 0.1542 -0.8390 0.5219
-0.089 1.403 -5.248 0.1542 -0.8390 0.5219
0.135 1.367 -5.372 0.1542 -0.8390 0.5219
0.267 1.267 -5.572 0.1542 -0.8390 0.5219
-0.842 4.581 -7.796 -0.1542 0.8390 -0.5219
-0.362 4.581 -7.938 -0.1542 0.8390 -0.5219
-0.486 4.445 -8.120 -0.1542 0.8390 -0.5219
-0.705 4.345 -8.215 -0.1542 0.8390 -0.5219
-0.961 4.309 -8.198 -0.1542 0.8390 -0.5219
-1.185 4.345 -8.073 -0.1542 0.8390 -0.5219
-1.317 4.445 -7.874 -0.1542 0.8390 -0.5219
-1.321 4.581 -7.654 -0.1542 0.8390 -0.5219
-1.198 4.717 -7.472 -0.1542 0.8390 -0.5219
-0.979 4.816 -7.377 -0.1542 0.8390 -0.5219
-0.723 4.853 -7.394 -0.1542 0.8390 -0.5219
-0.499 4.816 -7.518 -0.1542 0.8390 -0.5219
-0.367 4.717 -7.717 -0.1542 0.8390 -0.5219
0 1 13
0 13 12
1 2 14
1 14 13
2 3 15
2 15 14
3 4 16
3 16 15
4 5 17
4 17 16
5 6 18
5 18 17
6 7 19
6 19 18
7 8 20
7 20 19
8 9 21
8 21 20
9 10 22
9 22 21
10 11 23
10 23 22
11 0 12
11 12 23
24 26 25
24 27 26
24 28 27
24 29 28
24 30 29
24 31 30
24 32 31
24 33 32
24 34 33
24 35 34
24 36 35
24 25 36
37 38 39
37 39 40
37 40 41
37 41 42
37 42 43
37 43 44
37 44 45
37 45 46
37 46 47
37 47 48
37 48 49
37 49 38
LABEL sfoot2_rod_0
MATERIAL 7
TEXTURE 0
GEOM 42 40 ;sfoot2_rod_0
-0.510 4.077 -7.554 0.9590 0.0000 -0.2834
-0.590 3.997 -7.658 0.6361 -0.3199 -0.7022
-0.732 3.948 -7.696 0.0702 -0.5175 -0.8528
-0.880 3.948 -7.652 -0.5225 -0.5175 -0.6776
-0.978 3.997 -7.544 -0.9156 -0.3199 -0.2437
-0.989 4.077 -7.412 -0.9590 -0.0000 0.2834
-0.908 4.157 -7.307 -0.6361 0.3199 0.7022
-0.767 4.207 -7.270 -0.0702 0.5175 0.8528
-0.619 4.207 -7.313 0.5225 0.5175 0.6776
-0.521 4.157 -7.422 0.9156 0.3199 0.2437
-1.121 7.403 -9.622 0.9590 0.0000 -0.2834
-1.202 7.323 -9.727 0.6361 -0.3199 -0.7022
-1.343 7.274 -9.765 0.0702 -0.5175 -0.8528
-1.491 7.274 -9.721 -0.5225 -0.5175 -0.6776
-1.590 7.323 -9.612 -0.9156 -0.3199 -0.2437
-1.601 7.403 -9.481 -0.9590 -0.0000 0.2834
-1.520 7.483 -9.376 -0.6361 0.3199 0.7022
-1.378 7.533 -9.338 -0.0702 0.5175 0.8528
-1.230 7.533 -9.382 0.5225 0.5175 0.6776
-1.132 7.483 -9.491 0.9156 0.3199 0.2437
-0.749 4.077 -7.483 0.1542 -0.8390 0.5219
-0.510 4.077 -7.554 0.1542 -0.8390 0.5219
-0.590 3.997 -7.658 0.1542 -0.8390 0.5219
-0.732 3.948 -7.696 0.1542 -0.8390 0.5219
-0.880 3.948 -7.652 0.1542 -0.8390 0.5219
-0.978 3.997 -7.544 0.1542 -0.8390 0.5219
-0.989 4.077 -7.412 0.1542 -0.8390 0.5219
-0.908 4.157 -7.307 0.1542 -0.8390 0.5219
-0.767 4.207 -7.270 0.1542 -0.8390 0.5219
-0.619 4.207 -7.313 0.1542 -0.8390 0.5219
-0.521 4.157 -7.422 0.1542 -0.8390 0.5219
-1.361 7.403 -9.551 -0.1542 0.8390 -0.5219
-1.121 7.403 -9.622 -0.1542 0.8390 -0.5219
-1.202 7.323 -9.727 -0.1542 0.8390 -0.5219
-1.343 7.274 -9.765 -0.1542 0.8390 -0.5219
-1.491 7.274 -9.721 -0.1542 0.8390 -0.5219
-1.590 7.323 -9.612 -0.1542 0.8390 -0.5219
-1.601 7.403 -9.481 -0.1542 0.8390 -0.5219
-1.520 7.483 -9.376 -0.1542 0.8390 -0.5219
-1.378 7.533 -9.338 -0.1542 0.8390 -0.5219
-1.230 7.533 -9.382 -0.1542 0.8390 -0.5219
-1.132 7.483 -9.491 -0.1542 0.8390 -0.5219
0 1 11
0 11 10
1 2 12
1 12 11
2 3 13
2 13 12
3 4 14
3 14 13
4 5 15
4 15 14
5 6 16
5 16 15
6 7 17
6 17 16
7 8 18
7 18 17
8 9 19
8 19 18
9 0 10
9 10 19
20 22 21
20 23 22
20 24 23
20 25 24
20 26 25
20 27 26
20 28 27
20 29 28
20 30 29
20 21 30
31 32 33
31 33 34
31 34 35
31 35 36
31 36 37
31 37 38
31 38 39
31 39 40
31 40 41
31 41 32
LABEL sfoot2_skirt_0_0
MATERIAL 7
TEXTURE 0
GEOM 16 12 ;sfoot2_skirt_0_0
-4.706 10.218 -11.050 -0.3441 0.9389 0.0000
-4.153 10.456 -11.050 -0.3441 0.9389 0.0000
-3.587 10.663 -11.050 -0.3441 0.9389 0.0000
-3.012 10.839 -11.050 -0.3441 0.9389 0.0000
-4.706 10.218 -10.150 -0.3441 0.9389 0.0000
-4.153 10.456 -10.150 -0.3441 0.9389 0.0000
-3.587 10.663 -10.150 -0.3441 0.9389 0.0000
-3.012 10.839 -10.150 -0.3441 0.9389 0.0000
-4.706 10.218 -11.050 0.3441 -0.9389 -0.0000
-4.153 10.456 -11.050 0.3441 -0.9389 -0.0000
-3.587 10.663 -11.050 0.3441 -0.9389 -0.0000
-3.012 10.839 -11.050 0.3441 -0.9389 -0.0000
-4.706 10.218 -10.150 0.3441 -0.9389 -0.0000
-4.153 10.456 -10.150 0.3441 -0.9389 -0.0000
-3.587 10.663 -10.150 0.3441 -0.9389 -0.0000
-3.012 10.839 -10.150 0.3441 -0.9389 -0.0000
0 5 1
0 4 5
8 9 13
8 13 12
1 6 2
1 5 6
9 10 14
9 14 13
2 7 3
2 6 7
10 11 15
10 15 14
LABEL sfoot2_skirt_0_1
MATERIAL 7
TEXTURE 0
GEOM 16 12 ;sfoot2_skirt_0_1
-2.969 10.851 -11.050 -0.1808 0.9835 0.0000
-2.347 11.002 -11.050 -0.1808 0.9835 0.0000
-1.718 11.118 -11.050 -0.1808 0.9835 0.0000
-1.084 11.198 -11.050 -0.1808 0.9835 0.0000
-2.969 10.851 -10.150 -0.1808 0.9835 0.0000
-2.347 11.002 -10.150 -0.1808 0.9835 0.0000
-1.718 11.118 -10.150 -0.1808 0.9835 0.0000
-1.084 11.198 -10.150 -0.1808 0.9835 0.0000
-2.969 10.851 -11.050 0.1808 -0.9835 -0.0000
-2.347 11.002 -11.050 0.1808 -0.9835 -0.0000
-1.718 11.118 -11.050 0.1808 -0.9835 -0.0000
-1.084 11.198 -11.050 0.1808 -0.9835 -0.0000
-2.969 10.851 -10.150 0.1808 -0.9835 -0.0000
-2.347 11.002 -10.150 0.1808 -0.9835 -0.0000
-1.718 11.118 -10.150 0.1808 -0.9835 -0.0000
-1.084 11.198 -10.150 0.1808 -0.9835 -0.0000
0 5 1
0 4 5
8 9 13
8 13 12
1 6 2
1 5 6
9 10 14
9 14 13
2 7 3
2 6 7
10 11 15
10 15 14
LABEL sfoot2_skirt_0_2
MATERIAL 7
TEXTURE 0
GEOM 16 12 ;sfoot2_skirt_0_2
-1.039 11.202 -11.050 -0.0122 0.9999 0.0000
-0.439 11.241 -11.050 -0.0122 0.9999 0.0000
0.163 11.249 -11.050 -0.0122 0.9999 0.0000
0.765 11.224 -11.050 -0.0122 0.9999 0.0000
-1.039 11.202 -10.150 -0.0122 0.9999 0.0000
-0.439 11.241 -10.150 -0.0122 0.9999 0.0000
0.163 11.249 -10.150 -0.0122 0.9999 0.0000
0.765 11.224 -10.150 -0.0122 0.9999 0.0000
-1.039 11.202 -11.050 0.0122 -0.9999 -0.0000
-0.439 11.241 -11.050 0.0122 -0.9999 -0.0000
0.163 11.249 -11.050 0.0122 -0.9999 -0.0000
0.765 11.224 -11.050 0.0122 -0.9999 -0.0000
-1.039 11.202 -10.150 0.0122 -0.9999 -0.0000
-0.439 11.241 -10.150 0.0122 -0.9999 -0.0000
0.163 11.249 -10.150 0.0122 -0.9999 -0.0000
0.765 11.224 -10.150 0.0122 -0.9999 -0.0000
0 5 1
0 4 5
8 9 13
8 13 12
1 6 2
1 5 6
9 10 14
9 14 13
2 7 3
2 6 7
10 11 15
10 15 14
LABEL sfoot2_petal_1
MATERIAL 7
TEXTURE 0
GEOM 66 52 ;sfoot2_petal_1
-0.025 0.973 -9.557 -0.3350 -0.9416 0.0332
0.634 0.738 -9.557 -0.3350 -0.9416 0.0332
0.639 0.752 -9.107 -0.3350 -0.9416 0.0332
-0.020 0.987 -9.107 -0.3350 -0.9416 0.0332
3.310 10.347 -9.887 0.3350 0.9416 -0.0332
3.970 10.113 -9.887 0.3350 0.9416 -0.0332
3.975 10.127 -9.437 0.3350 0.9416 -0.0332
3.315 10.361 -9.437 0.3350 0.9416 -0.0332
-0.025 0.973 -9.557 -0.9421 0.3352 -0.0000
3.310 10.347 -9.887 -0.9421 0.3352 -0.0000
3.315 10.361 -9.437 -0.9421 0.3352 -0.0000
-0.020 0.987 -9.107 -0.9421 0.3352 -0.0000
0.634 0.738 -9.557 0.9421 -0.3352 0.0000
3.970 10.113 -9.887 0.9421 -0.3352 0.0000
3.975 10.127 -9.437 0.9421 -0.3352 0.0000
0.639 0.752 -9.107 0.9421 -0.3352 0.0000
-0.025 0.973 -9.557 -0.0111 -0.0312 -0.9995
3.310 10.347 -9.887 -0.0111 -0.0312 -0.9995
3.970 10.113 -9.887 -0.0111 -0.0312 -0.9995
0.634 0.738 -9.557 -0.0111 -0.0312 -0.9995
-0.020 0.987 -9.107 0.0111 0.0312 0.9995
3.315 10.361 -9.437 0.0111 0.0312 0.9995
3.975 10.127 -9.437 0.0111 0.0312 0.9995
0.639 0.752 -9.107 0.0111 0.0312 0.9995
-0.189 0.810 -9.300 -0.0000 0.0000 1.0000
-0.248 0.644 -9.357 -0.1970 -0.5538 0.8090
-0.285 0.542 -9.507 -0.3188 -0.8960 0.3090
-0.285 0.542 -9.693 -0.3188 -0.8960 -0.3090
-0.248 0.644 -9.843 -0.1970 -0.5538 -0.8090
-0.189 0.810 -9.900 -0.0000 -0.0000 -1.0000
-0.130 0.976 -9.843 0.1970 0.5538 -0.8090
-0.094 1.079 -9.693 0.3188 0.8960 -0.3090
-0.094 1.079 -9.507 0.3188 0.8960 0.3090
-0.130 0.976 -9.357 0.1970 0.5538 0.8090
0.659 0.509 -9.300 -0.0000 0.0000 1.0000
0.600 0.343 -9.357 -0.1970 -0.5538 0.8090
0.563 0.240 -9.507 -0.3188 -0.8960 0.3090
0.563 0.240 -9.693 -0.3188 -0.8960 -0.3090
0.600 0.343 -9.843 -0.1970 -0.5538 -0.8090
0.659 0.509 -9.900 -0.0000 -0.0000 -1.0000
0.718 0.675 -9.843 0.1970 0.5538 -0.8090
0.754 0.777 -9.693 0.3188 0.8960 -0.3090
0.754 0.777 -9.507 0.3188 0.8960 0.3090
0.718 0.675 -9.357 0.1970 0.5538 0.8090
-0.189 0.810 -9.600 -0.9421 0.3352 -0.0000
-0.189 0.810 -9.300 -0.9421 0.3352 -0.0000
-0.248 0.644 -9.357 -0.9421 0.3352 -0.0000
-0.285 0.542 -9.507 -0.9421 0.3352 -0.0000
-0.285 0.542 -9.693 -0.9421 0.3352 -0.0000
-0.248 0.644 -9.843 -0.9421 0.3352 -0.0000
-0.189 0.810 -9.900 -0.9421 0.3352 -0.0000
-0.130 0.976 -9.843 -0.9421 0.3352 -0.0000
-0.094 1.079 -9.693 -0.9421 0.3352 -0.0000
-0.094 1.079 -9.507 -0.9421 0.3352 -0.0000
-0.130 0.976 -9.357 -0.9421 0.3352 -0.0000
0.659 0.509 -9.600 0.9421 -0.3352 0.0000
0.659 0.509 -9.300 0.9421 -0.3352 0.0000
0.600 0.343 -9.357 0.9421 -0.3352 0.0000
0.563 0.240 -9.507 0.9421 -0.3352 0.0000
0.563 0.240 -9.693 0.9421 -0.3352 0.0000
0.600 0.343 -9.843 0.9421 -0.3352 0.0000
0.659 0.509 -9.900 0.9421 -0.3352 0.0000
0.718 0.675 -9.843 0.9421 -0.3352 0.0000
0.754 0.777 -9.693 0.9421 -0.3352 0.0000
0.754 0.777 -9.507 0.9421 -0.3352 0.0000
0.718 0.675 -9.357 0.9421 -0.3352 0.0000
0 1 2
0 2 3
4 6 5
4 7 6
8 10 9
8 11 10
12 13 14
12 14 15
16 17 18
16 18 19
20 22 21
20 23 22
24 25 35
24 35 34
25 26 36
25 36 35
26 27 37
26 37 36
27 28 38
27 38 37
28 29 39
28 39 38
29 30 40
29 40 39
30 31 41
30 41 40
31 32 42
31 42 41
32 33 43
32 43 42
33 24 34
33 34 43
44 46 45
44 47 46
44 48 47
44 49 48
44 50 49
44 51 50
44 52 51
44 53 52
44 54 53
44 45 54
55 56 57
55 57 58
55 58 59
55 59 60
55 60 61
55 61 62
55 62 63
55 63 64
55 64 65
55 65 56
LABEL sfoot2_slat_1_0
MATERIAL 7
TEXTURE 0
GEOM 104 76 ;sfoot2_slat_1_0
0.096 1.046 -9.562 0.0111 0.0312 0.9995
0.152 1.039 -9.562 0.0111 0.0312 0.9995
0.208 1.029 -9.562 0.0111 0.0312 0.9995
0.262 1.017 -9.562 0.0111 0.0312 0.9995
1.034 11.202 -9.900 0.0111 0.0312 0.9995
1.632 11.131 -9.900 0.0111 0.0312 0.9995
2.225 11.028 -9.900 0.0111 0.0312 0.9995
2.811 10.893 -9.900 0.0111 0.0312 0.9995
0.096 1.046 -9.562 -0.0111 -0.0312 -0.9995
0.152 1.039 -9.562 -0.0111 -0.0312 -0.9995
0.208 1.029 -9.562 -0.0111 -0.0312 -0.9995
0.262 1.017 -9.562 -0.0111 -0.0312 -0.9995
1.034 11.202 -9.900 -0.0111 -0.0312 -0.9995
1.632 11.131 -9.900 -0.0111 -0.0312 -0.9995
2.225 11.028 -9.900 -0.0111 -0.0312 -0.9995
2.811 10.893 -9.900 -0.0111 -0.0312 -0.9995
0.096 1.046 -9.812 -0.0111 -0.0312 -0.9995
0.152 1.039 -9.812 -0.0111 -0.0312 -0.9995
0.208 1.029 -9.812 -0.0111 -0.0312 -0.9995
0.262 1.017 -9.812 -0.0111 -0.0312 -0.9995
1.034 11.202 -10.150 -0.0111 -0.0312 -0.9995
1.632 11.131 -10.150 -0.0111 -0.0312 -0.9995
2.225 11.028 -10.150 -0.0111 -0.0312 -0.9995
2.811 10.893 -10.150 -0.0111 -0.0312 -0.9995
0.096 1.046 -9.812 0.0111 0.0312 0.9995
0.152 1.039 -9.812 0.0111 0.0312 0.9995
0.208 1.029 -9.812 0.0111 0.0312 0.9995
0.262 1.017 -9.812 0.0111 0.0312 0.9995
1.034 11.202 -10.150 0.0111 0.0312 0.9995
1.632 11.131 -10.150 0.0111 0.0312 0.9995
2.225 11.028 -10.150 0.0111 0.0312 0.9995
2.811 10.893 -10.150 0.0111 0.0312 0.9995
1.034 11.202 -10.150 0.1714 0.9852 0.0000
1.632 11.131 -10.150 0.1714 0.9852 0.0000
2.225 11.028 -10.150 0.1714 0.9852 0.0000
2.811 10.893 -10.150 0.1714 0.9852 0.0000
1.034 11.202 -9.900 0.1714 0.9852 0.0000
1.632 11.131 -9.900 0.1714 0.9852 0.0000
2.225 11.028 -9.900 0.1714 0.9852 0.0000
2.811 10.893 -9.900 0.1714 0.9852 0.0000
1.034 11.202 -10.150 -0.1714 -0.9852 -0.0000
1.632 11.131 -10.150 -0.1714 -0.9852 -0.0000
2.225 11.028 -10.150 -0.1714 -0.9852 -0.0000
2.811 10.893 -10.150 -0.1714 -0.9852 -0.0000
1.034 11.202 -9.900 -0.1714 -0.9852 -0.0000
1.632 11.131 -9.900 -0.1714 -0.9852 -0.0000
2.225 11.028 -9.900 -0.1714 -0.9852 -0.0000
2.811 10.893 -9.900 -0.1714 -0.9852 -0.0000
0.096 1.046 -9.812 -0.1714 -0.9852 -0.0000
0.152 1.039 -9.812 -0.1714 -0.9852 -0.0000
0.208 1.029 -9.812 -0.1714 -0.9852 -0.0000
0.262 1.017 -9.812 -0.1714 -0.9852 -0.0000
0.096 1.046 -9.562 -0.1714 -0.9852 -0.0000
0.152 1.039 -9.562 -0.1714 -0.9852 -0.0000
0.208 1.029 -9.562 -0.1714 -0.9852 -0.0000
0.262 1.017 -9.562 -0.1714 -0.9852 -0.0000
0.096 1.046 -9.812 0.1714 0.9852 0.0000
0.152 1.039 -9.812 0.1714 0.9852 0.0000
0.208 1.029 -9.812 0.1714 0.9852 0.0000
0.262 1.017 -9.812 0.1714 0.9852 0.0000
0.096 1.046 -9.562 0.1714 0.9852 0.0000
0.152 1.039 -9.562 0.1714 0.9852 0.0000
0.208 1.029 -9.562 0.1714 0.9852 0.0000
0.262 1.017 -9.562 0.1714 0.9852 0.0000
1.034 11.202 -9.900 0.1714 0.9852 0.0000
1.632 11.131 -9.900 0.1714 0.9852 0.0000
2.225 11.028 -9.900 0.1714 0.9852 0.0000
2.811 10.893 -9.900 0.1714 0.9852 0.0000
1.034 11.202 -9.200 0.1714 0.9852 0.0000
1.632 11.131 -9.200 0.1714 0.9852 0.0000
2.225 11.028 -9.200 0.1714 0.9852 0.0000
2.811 10.893 -9.200 0.1714 0.9852 0.0000
1.034 11.202 -9.900 -0.1714 -0.9852 -0.0000
1.632 11.131 -9.900 -0.1714 -0.9852 -0.0000
2.225 11.028 -9.900 -0.1714 -0.9852 -0.0000
2.811 10.893 -9.900 -0.1714 -0.9852 -0.0000
1.034 11.202 -9.200 -0.1714 -0.9852 -0.0000
1.632 11.131 -9.200 -0.1714 -0.9852 -0.0000
2.225 11.028 -9.200 -0.1714 -0.9852 -0.0000
2.811 10.893 -9.200 -0.1714 -0.9852 -0.0000
1.034 11.202 -9.200 -0.0000 -0.0000 1.0000
1.632 11.131 -9.200 -0.0000 -0.0000 1.0000
2.225 11.028 -9.200 -0.0000 -0.0000 1.0000
2.811 10.893 -9.200 -0.0000 -0.0000 1.0000
1.002 10.854 -9.188 -0.0000 -0.0000 1.0000
1.581 10.785 -9.188 -0.0000 -0.0000 1.0000
2.155 10.685 -9.188 -0.0000 -0.0000 1.0000
2.724 10.554 -9.188 -0.0000 -0.0000 1.0000
1.034 11.202 -9.200 0.0000 0.0000 -1.0000
1.632 11.131 -9.200 0.0000 0.0000 -1.0000
2.225 11.028 -9.200 0.0000 0.0000 -1.0000
2.811 10.893 -9.200 0.0000 0.0000 -1.0000
1.002 10.854 -9.188 0.0000 0.0000 -1.0000
1.581 10.785 -9.188 0.0000 0.0000 -1.0000
2.155 10.685 -9.188 0.0000 0.0000 -1.0000
2.724 10.554 -9.188 0.0000 0.0000 -1.0000
0.096 1.046 -9.812 0.9958 -0.0919 0.0000
1.034 11.202 -10.150 0.9958 -0.0919 0.0000
0.096 1.046 -9.562 0.9958 -0.0919 0.0000
1.034 11.202 -9.900 0.9958 -0.0919 0.0000
0.096 1.046 -9.812 -0.9958 0.0919 -0.0000
1.034 11.202 -10.150 -0.9958 0.0919 -0.0000
0.096 1.046 -9.562 -0.9958 0.0919 -0.0000
1.034 11.202 -9.900 -0.9958 0.0919 -0.0000
0 1 5
0 5 4
8 13 9
8 12 13
1 2 6
1 6 5
9 14 10
9 13 14
2 3 7
2 7 6
10 15 11
10 14 15
16 21 17
16 20 21
24 25 29
24 29 28
17 22 18
17 21 22
25 26 30
25 30 29
18 23 19
18 22 23
26 27 31
26 31 30
32 37 33
32 36 37
40 41 45
40 45 44
33 38 34
33 37 38
41 42 46
41 46 45
34 39 35
34 38 39
42 43 47
42 47 46
48 49 53
48 53 52
56 61 57
56 60 61
49 50 54
49 54 53
57 62 58
57 61 62
50 51 55
50 55 54
58 63 59
58 62 63
64 69 65
64 68 69
72 73 77
72 77 76
65 70 66
65 69 70
73 74 78
73 78 77
66 71 67
66 70 71
74 75 79
74 79 78
80 85 81
80 84 85
88 89 93
88 93 92
81 86 82
81 85 86
89 90 94
89 94 93
82 87 83
82 86 87
90 91 95
90 95 94
96 97 99
96 99 98
100 103 101
100 102 103
LABEL sfoot2_slat_1_1
MATERIAL 7
TEXTURE 0
GEOM 96 72 ;sfoot2_slat_1_1
0.266 1.016 -9.562 0.0111 0.0312 0.9995
0.324 0.999 -9.562 0.0111 0.0312 0.9995
0.380 0.979 -9.562 0.0111 0.0312 0.9995
0.435 0.956 -9.562 0.0111 0.0312 0.9995
2.855 10.882 -9.900 0.0111 0.0312 0.9995
3.468 10.702 -9.900 0.0111 0.0312 0.9995
4.071 10.488 -9.900 0.0111 0.0312 0.9995
4.660 10.239 -9.900 0.0111 0.0312 0.9995
0.266 1.016 -9.562 -0.0111 -0.0312 -0.9995
0.324 0.999 -9.562 -0.0111 -0.0312 -0.9995
0.380 0.979 -9.562 -0.0111 -0.0312 -0.9995
0.435 0.956 -9.562 -0.0111 -0.0312 -0.9995
2.855 10.882 -9.900 -0.0111 -0.0312 -0.9995
3.468 10.702 -9.900 -0.0111 -0.0312 -0.9995
4.071 10.488 -9.900 -0.0111 -0.0312 -0.9995
4.660 10.239 -9.900 -0.0111 -0.0312 -0.9995
0.266 1.016 -9.812 -0.0111 -0.0312 -0.9995
0.324 0.999 -9.812 -0.0111 -0.0312 -0.9995
0.380 0.979 -9.812 -0.0111 -0.0312 -0.9995
0.435 0.956 -9.812 -0.0111 -0.0312 -0.9995
2.855 10.882 -10.150 -0.0111 -0.0312 -0.9995
3.468 10.702 -10.150 -0.0111 -0.0312 -0.9995
4.071 10.488 -10.150 -0.0111 -0.0312 -0.9995
4.660 10.239 -10.150 -0.0111 -0.0312 -0.9995
0.266 1.016 -9.812 0.0111 0.0312 0.9995
0.324 0.999 -9.812 0.0111 0.0312 0.9995
0.380 0.979 -9.812 0.0111 0.0312 0.9995
0.435 0.956 -9.812 0.0111 0.0312 0.9995
2.855 10.882 -10.150 0.0111 0.0312 0.9995
3.468 10.702 -10.150 0.0111 0.0312 0.9995
4.071 10.488 -10.150 0.0111 0.0312 0.9995
4.660 10.239 -10.150 0.0111 0.0312 0.9995
2.855 10.882 -10.150 0.3352 0.9421 0.0000
3.468 10.702 -10.150 0.3352 0.9421 0.0000
4.071 10.488 -10.150 0.3352 0.9421 0.0000
4.660 10.239 -10.150 0.3352 0.9421 0.0000
2.855 10.882 -9.900 0.3352 0.9421 0.0000
3.468 10.702 -9.900 0.3352 0.9421 0.0000
4.071 10.488 -9.900 0.3352 0.9421 0.0000
4.660 10.239 -9.900 0.3352 0.9421 0.0000
2.855 10.882 -10.150 -0.3352 -0.9421 -0.0000
3.468 10.702 -10.150 -0.3352 -0.9421 -0.0000
4.071 10.488 -10.150 -0.3352 -0.9421 -0.0000
4.660 10.239 -10.150 -0.3352 -0.9421 -0.0000
2.855 10.882 -9.900 -0.3352 -0.9421 -0.0000
3.468 10.702 -9.900 -0.3352 -0.9421 -0.0000
4.071 10.488 -9.900 -0.3352 -0.9421 -0.0000
4.660 10.239 -9.900 -0.3352 -0.9421 -0.0000
0.266 1.016 -9.812 -0.3352 -0.9421 -0.0000
0.324 0.999 -9.812 -0.3352 -0.9421 -0.0000
0.380 0.979 -9.812 -0.3352 -0.9421 -0.0000
0.435 0.956 -9.812 -0.3352 -0.9421 -0.0000
0.266 1.016 -9.562 -0.3352 -0.9421 -0.0000
0.324 0.999 -9.562 -0.3352 -0.9421 -0.0000
0.380 0.979 -9.562 -0.3352 -0.9421 -0.0000
0.435 0.956 -9.562 -0.3352 -0.9421 -0.0000
0.266 1.016 -9.812 0.3352 0.9421 0.0000
0.324 0.999 -9.812 0.3352 0.9421 0.0000
0.380 0.979 -9.812 0.3352 0.9421 0.0000
0.435 0.956 -9.812 0.3352 0.9421 0.0000
0.266 1.016 -9.562 0.3352 0.9421 0.0000
0.324 0.999 -9.562 0.3352 0.9421 0.0000
0.380 0.979 -9.562 0.3352 0.9421 0.0000
0.435 0.956 -9.562 0.3352 0.9421 0.0000
2.855 10.882 -9.900 0.3352 0.9421 0.0000
3.468 10.702 -9.900 0.3352 0.9421 0.0000
4.071 10.488 -9.900 0.3352 0.9421 0.0000
4.660 10.239 -9.900 0.3352 0.9421 0.0000
2.855 10.882 -9.200 0.3352 0.9421 0.0000
3.468 10.702 -9.200 0.3352 0.9421 0.0000
4.071 10.488 -9.200 0.3352 0.9421 0.0000
4.660 10.239 -9.200 0.3352 0.9421 0.0000
2.855 10.882 -9.900 -0.3352 -0.9421 -0.0000
3.468 10.702 -9.900 -0.3352 -0.9421 -0.0000
4.071 10.488 -9.900 -0.3352 -0.9421 -0.0000
4.660 10.239 -9.900 -0.3352 -0.9421 -0.0000
2.855 10.882 -9.200 -0.3352 -0.9421 -0.0000
3.468 10.702 -9.200 -0.3352 -0.9421 -0.0000
4.071 10.488 -9.200 -0.3352 -0.9421 -0.0000
4.660 10.239 -9.200 -0.3352 -0.9421 -0.0000
2.855 10.882 -9.200 -0.0000 -0.0000 1.0000
3.468 10.702 -9.200 -0.0000 -0.0000 1.0000
4.071 10.488 -9.200 -0.0000 -0.0000 1.0000
4.660 10.239 -9.200 -0.0000 -0.0000 1.0000
2.766 10.543 -9.188 -0.0000 -0.0000 1.0000
3.360 10.369 -9.188 -0.0000 -0.0000 1.0000
3.944 10.161 -9.188 -0.0000 -0.0000 1.0000
4.515 9.921 -9.188 -0.0000 -0.0000 1.0000
2.855 10.882 -9.200 0.0000 0.0000 -1.0000
3.468 10.702 -9.200 0.0000 0.0000 -1.0000
4.071 10.488 -9.200 0.0000 0.0000 -1.0000
4.660 10.239 -9.200 0.0000 0.0000 -1.0000
2.766 10.543 -9.188 0.0000 0.0000 -1.0000
3.360 10.369 -9.188 0.0000 0.0000 -1.0000
3.944 10.161 -9.188 0.0000 0.0000 -1.0000
4.515 9.921 -9.188 0.0000 0.0000 -1.0000
0 1 5
0 5 4
8 13 9
8 12 13
1 2 6
1 6 5
9 14 10
9 13 14
2 3 7
2 7 6
10 15 11
10 14 15
16 21 17
16 20 21
24 25 29
24 29 28
17 22 18
17 21 22
25 26 30
25 30 29
18 23 19
18 22 23
26 27 31
26 31 30
32 37 33
32 36 37
40 41 45
40 45 44
33 38 34
33 37 38
41 42 46
41 46 45
34 39 35
34 38 39
42 43 47
42 47 46
48 49 53
48 53 52
56 61 57
56 60 61
49 50 54
49 54 53
57 62 58
57 61 62
50 51 55
50 55 54
58 63 59
58 62 63
64 69 65
64 68 69
72 73 77
72 77 76
65 70 66
65 69 70
73 74 78
73 78 77
66 71 67
66 70 71
74 75 79
74 79 78
80 85 81
80 84 85
88 89 93
88 93 92
81 86 82
81 85 86
89 90 94
89 94 93
82 87 83
82 86 87
90 91 95
90 95 94
LABEL sfoot2_slat_1_2
MATERIAL 7
TEXTURE 0
GEOM 104 76 ;sfoot2_slat_1_2
0.439 0.954 -9.562 0.0111 0.0312 0.9995
0.489 0.929 -9.562 0.0111 0.0312 0.9995
0.538 0.902 -9.562 0.0111 0.0312 0.9995
0.586 0.872 -9.562 0.0111 0.0312 0.9995
4.701 10.221 -9.900 0.0111 0.0312 0.9995
5.241 9.955 -9.900 0.0111 0.0312 0.9995
5.766 9.660 -9.900 0.0111 0.0312 0.9995
6.274 9.338 -9.900 0.0111 0.0312 0.9995
0.439 0.954 -9.562 -0.0111 -0.0312 -0.9995
0.489 0.929 -9.562 -0.0111 -0.0312 -0.9995
0.538 0.902 -9.562 -0.0111 -0.0312 -0.9995
0.586 0.872 -9.562 -0.0111 -0.0312 -0.9995
4.701 10.221 -9.900 -0.0111 -0.0312 -0.9995
5.241 9.955 -9.900 -0.0111 -0.0312 -0.9995
5.766 9.660 -9.900 -0.0111 -0.0312 -0.9995
6.274 9.338 -9.900 -0.0111 -0.0312 -0.9995
0.439 0.954 -9.812 -0.0111 -0.0312 -0.9995
0.489 0.929 -9.812 -0.0111 -0.0312 -0.9995
0.538 0.902 -9.812 -0.0111 -0.0312 -0.9995
0.586 0.872 -9.812 -0.0111 -0.0312 -0.9995
4.701 10.221 -10.150 -0.0111 -0.0312 -0.9995
5.241 9.955 -10.150 -0.0111 -0.0312 -0.9995
5.766 9.660 -10.150 -0.0111 -0.0312 -0.9995
6.274 9.338 -10.150 -0.0111 -0.0312 -0.9995
0.439 0.954 -9.812 0.0111 0.0312 0.9995
0.489 0.929 -9.812 0.0111 0.0312 0.9995
0.538 0.902 -9.812 0.0111 0.0312 0.9995
0.586 0.872 -9.812 0.0111 0.0312 0.9995
4.701 10.221 -10.150 0.0111 0.0312 0.9995
5.241 9.955 -10.150 0.0111 0.0312 0.9995
5.766 9.660 -10.150 0.0111 0.0312 0.9995
6.274 9.338 -10.150 0.0111 0.0312 0.9995
4.701 10.221 -10.150 0.4894 0.8721 0.0000
5.241 9.955 -10.150 0.4894 0.8721 0.0000
5.766 9.660 -10.150 0.4894 0.8721 0.0000
6.274 9.338 -10.150 0.4894 0.8721 0.0000
4.701 10.221 -9.900 0.4894 0.8721 0.0000
5.241 9.955 -9.900 0.4894 0.8721 0.0000
5.766 9.660 -9.900 0.4894 0.8721 0.0000
6.274 9.338 -9.900 0.4894 0.8721 0.0000
4.701 10.221 -10.150 -0.4894 -0.8721 -0.0000
5.241 9.955 -10.150 -0.4894 -0.8721 -0.0000
5.766 9.660 -10.150 -0.4894 -0.8721 -0.0000
6.274 9.338 -10.150 -0.4894 -0.8721 -0.0000
4.701 10.221 -9.900 -0.4894 -0.8721 -0.0000
5.241 9.955 -9.900 -0.4894 -0.8721 -0.0000
5.766 9.660 -9.900 -0.4894 -0.8721 -0.0000
6.274 9.338 -9.900 -0.4894 -0.8721 -0.0000
0.439 0.954 -9.812 -0.4894 -0.8721 -0.0000
0.489 0.929 -9.812 -0.4894 -0.8721 -0.0000
0.538 0.902 -9.812 -0.4894 -0.8721 -0.0000
0.586 0.872 -9.812 -0.4894 -0.8721 -0.0000
0.439 0.954 -9.562 -0.4894 -0.8721 -0.0000
0.489 0.929 -9.562 -0.4894 -0.8721 -0.0000
0.538 0.902 -9.562 -0.4894 -0.8721 -0.0000
0.586 0.872 -9.562 -0.4894 -0.8721 -0.0000
0.439 0.954 -9.812 0.4894 0.8721 0.0000
0.489 0.929 -9.812 0.4894 0.8721 0.0000
0.538 0.902 -9.812 0.4894 0.8721 0.0000
0.586 0.872 -9.812 0.4894 0.8721 0.0000
0.439 0.954 -9.562 0.4894 0.8721 0.0000
0.489 0.929 -9.562 0.4894 0.8721 0.0000
0.538 0.902 -9.562 0.4894 0.8721 0.0000
0.586 0.872 -9.562 0.4894 0.8721 0.0000
4.701 10.221 -9.900 0.4894 0.8721 0.0000
5.241 9.955 -9.900 0.4894 0.8721 0.0000
5.766 9.660 -9.900 0.4894 0.8721 0.0000
6.274 9.338 -9.900 0.4894 0.8721 0.0000
4.701 10.221 -9.200 0.4894 0.8721 0.0000
5.241 9.955 -9.200 0.4894 0.8721 0.0000
5.766 9.660 -9.200 0.4894 0.8721 0.0000
6.274 9.338 -9.200 0.4894 0.8721 0.0000
4.701 10.221 -9.900 -0.4894 -0.8721 -0.0000
5.241 9.955 -9.900 -0.4894 -0.8721 -0.0000
5.766 9.660 -9.900 -0.4894 -0.8721 -0.0000
6.274 9.338 -9.900 -0.4894 -0.8721 -0.0000
4.701 10.221 -9.200 -0.4894 -0.8721 -0.0000
5.241 9.955 -9.200 -0.4894 -0.8721 -0.0000
5.766 9.660 -9.200 -0.4894 -0.8721 -0.0000
6.274 9.338 -9.200 -0.4894 -0.8721 -0.0000
4.701 10.221 -9.200 -0.0000 -0.0000 1.0000
5.241 9.955 -9.200 -0.0000 -0.0000 1.0000
5.766 9.660 -9.200 -0.0000 -0.0000 1.0000
6.274 9.338 -9.200 -0.0000 -0.0000 1.0000
4.555 9.903 -9.188 -0.0000 -0.0000 1.0000
5.078 9.645 -9.188 -0.0000 -0.0000 1.0000
5.586 9.360 -9.188 -0.0000 -0.0000 1.0000
6.079 9.047 -9.188 -0.0000 -0.0000 1.0000
4.701 10.221 -9.200 0.0000 0.0000 -1.0000
5.241 9.955 -9.200 0.0000 0.0000 -1.0000
5.766 9.660 -9.200 0.0000 0.0000 -1.0000
6.274 9.338 -9.200 0.0000 0.0000 -1.0000
4.555 9.903 -9.188 0.0000 0.0000 -1.0000
5.078 9.645 -9.188 0.0000 0.0000 -1.0000
5.586 9.360 -9.188 0.0000 0.0000 -1.0000
6.079 9.047 -9.188 0.0000 0.0000 -1.0000
0.586 0.872 -9.812 0.8300 -0.5577 0.0000
6.274 9.338 -10.150 0.8300 -0.5577 0.0000
0.586 0.872 -9.562 0.8300 -0.5577 0.0000
6.274 9.338 -9.900 0.8300 -0.5577 0.0000
0.586 0.872 -9.812 -0.8300 0.5577 -0.0000
6.274 9.338 -10.150 -0.8300 0.5577 -0.0000
0.586 0.872 -9.562 -0.8300 0.5577 -0.0000
6.274 9.338 -9.900 -0.8300 0.5577 -0.0000
0 1 5
0 5 4
8 13 9
8 12 13
1 2 6
1 6 5
9 14 10
9 13 14
2 3 7
2 7 6
10 15 11
10 14 15
16 21 17
16 20 21
24 25 29
24 29 28
17 22 18
17 21 22
25 26 30
25 30 29
18 23 19
18 22 23
26 27 31
26 31 30
32 37 33
32 36 37
40 41 45
40 45 44
33 38 34
33 37 38
41 42 46
41 46 45
34 39 35
34 38 39
42 43 47
42 47 46
48 49 53
48 53 52
56 61 57
56 60 61
49 50 54
49 54 53
57 62 58
57 61 62
50 51 55
50 55 54
58 63 59
58 62 63
64 69 65
64 68 69
72 73 77
72 77 76
65 70 66
65 69 70
73 74 78
73 78 77
66 71 67
66 70 71
74 75 79
74 79 78
80 85 81
80 84 85
88 89 93
88 93 92
81 86 82
81 85 86
89 90 94
89 94 93
82 87 83
82 86 87
90 91 95
90 95 94
96 97 99
96 99 98
100 103 101
100 102 103
LABEL sfoot2_strut_1
MATERIAL 9
TEXTURE 0
GEOM 50 48 ;sfoot2_strut_1
0.824 1.083 -5.410 0.8770 -0.0000 0.4805
0.862 0.935 -5.618 0.9526 -0.2975 0.0637
0.772 0.826 -5.835 0.7729 -0.5153 -0.3701
0.579 0.786 -6.002 0.3862 -0.5951 -0.7048
0.333 0.826 -6.075 -0.1040 -0.5153 -0.8506
0.102 0.935 -6.034 -0.5664 -0.2975 -0.7685
-0.053 1.083 -5.890 -0.8770 -0.0000 -0.4805
-0.091 1.232 -5.682 -0.9526 0.2975 -0.0637
-0.001 1.341 -5.465 -0.7729 0.5153 0.3701
0.192 1.381 -5.298 -0.3862 0.5951 0.7048
0.438 1.341 -5.225 0.1040 0.5153 0.8506
0.669 1.232 -5.266 0.5664 0.2975 0.7685
2.000 4.388 -7.556 0.8770 -0.0000 0.4805
2.038 4.239 -7.764 0.9526 -0.2975 0.0637
1.948 4.130 -7.981 0.7729 -0.5153 -0.3701
1.754 4.091 -8.148 0.3862 -0.5951 -0.7048
1.509 4.130 -8.221 -0.1040 -0.5153 -0.8506
1.278 4.239 -8.180 -0.5664 -0.2975 -0.7685
1.123 4.388 -8.036 -0.8770 -0.0000 -0.4805
1.085 4.537 -7.828 -0.9526 0.2975 -0.0637
1.175 4.646 -7.611 -0.7729 0.5153 0.3701
1.368 4.686 -7.443 -0.3862 0.5951 0.7048
1.613 4.646 -7.371 0.1040 0.5153 0.8506
1.844 4.537 -7.412 0.5664 0.2975 0.7685
0.385 1.083 -5.650 -0.2859 -0.8037 0.5219
0.824 1.083 -5.410 -0.2859 -0.8037 0.5219
0.862 0.935 -5.618 -0.2859 -0.8037 0.5219
0.772 0.826 -5.835 -0.2859 -0.8037 0.5219
0.579 0.786 -6.002 -0.2859 -0.8037 0.5219
0.333 0.826 -6.075 -0.2859 -0.8037 0.5219
0.102 0.935 -6.034 -0.2859 -0.8037 0.5219
-0.053 1.083 -5.890 -0.2859 -0.8037 0.5219
-0.091 1.232 -5.682 -0.2859 -0.8037 0.5219
-0.001 1.341 -5.465 -0.2859 -0.8037 0.5219
0.192 1.381 -5.298 -0.2859 -0.8037 0.5219
0.438 1.341 -5.225 -0.2859 -0.8037 0.5219
0.669 1.232 -5.266 -0.2859 -0.8037 0.5219
1.561 4.388 -7.796 0.2859 0.8037 -0.5219
2.000 4.388 -7.556 0.2859 0.8037 -0.5219
2.038 4.239 -7.764 0.2859 0.8037 -0.5219
1.948 4.130 -7.981 0.2859 0.8037 -0.5219
1.754 4.091 -8.148 0.2859 0.8037 -0.5219
1.509 4.130 -8.221 0.2859 0.8037 -0.5219
1.278 4.239 -8.180 0.2859 0.8037 -0.5219
1.123 4.388 -8.036 0.2859 0.8037 -0.5219
1.085 4.537 -7.828 0.2859 0.8037 -0.5219
1.175 4.646 -7.611 0.2859 0.8037 -0.5219
1.368 4.686 -7.443 0.2859 0.8037 -0.5219
1.613 4.646 -7.371 0.2859 0.8037 -0.5219
1.844 4.537 -7.412 0.2859 0.8037 -0.5219
0 1 13
0 13 12
1 2 14
1 14 13
2 3 15
2 15 14
3 4 16
3 16 15
4 5 17
4 17 16
5 6 18
5 18 17
6 7 19
6 19 18
7 8 20
7 20 19
8 9 21
8 21 20
9 10 22
9 22 21
10 11 23
10 23 22
11 0 12
11 12 23
24 26 25
24 27 26
24 28 27
24 29 28
24 30 29
24 31 30
24 32 31
24 33 32
24 34 33
24 35 34
24 36 35
24 25 36
37 38 39
37 39 40
37 40 41
37 41 42
37 42 43
37 43 44
37 44 45
37 45 46
37 46 47
37 47 48
37 48 49
37 49 38
LABEL sfoot2_rod_1
MATERIAL 7
TEXTURE 0
GEOM 42 40 ;sfoot2_rod_1
1.609 3.906 -7.363 0.8770 -0.0000 0.4805
1.624 3.818 -7.489 0.9365 -0.3498 -0.0255
1.549 3.764 -7.613 0.6383 -0.5659 -0.5218
1.414 3.764 -7.687 0.0963 -0.5659 -0.8188
1.269 3.818 -7.683 -0.4825 -0.3498 -0.8030
1.170 3.906 -7.603 -0.8770 -0.0000 -0.4805
1.156 3.993 -7.476 -0.9365 0.3498 0.0255
1.230 4.047 -7.352 -0.6383 0.5659 0.5218
1.366 4.047 -7.278 -0.0963 0.5659 0.8188
1.510 3.993 -7.282 0.4825 0.3498 0.8030
2.742 7.092 -9.431 0.8770 -0.0000 0.4805
2.757 7.004 -9.558 0.9365 -0.3498 -0.0255
2.683 6.950 -9.682 0.6383 -0.5659 -0.5218
2.547 6.950 -9.756 0.0963 -0.5659 -0.8188
2.403 7.004 -9.752 -0.4825 -0.3498 -0.8030
2.304 7.092 -9.672 -0.8770 -0.0000 -0.4805
2.289 7.179 -9.545 -0.9365 0.3498 0.0255
2.364 7.233 -9.421 -0.6383 0.5659 0.5218
2.499 7.233 -9.347 -0.0963 0.5659 0.8188
2.644 7.179 -9.351 0.4825 0.3498 0.8030
1.390 3.906 -7.483 -0.2859 -0.8037 0.5219
1.609 3.906 -7.363 -0.2859 -0.8037 0.5219
1.624 3.818 -7.489 -0.2859 -0.8037 0.5219
1.549 3.764 -7.613 -0.2859 -0.8037 0.5219
1.414 3.764 -7.687 -0.2859 -0.8037 0.5219
1.269 3.818 -7.683 -0.2859 -0.8037 0.5219
1.170 3.906 -7.603 -0.2859 -0.8037 0.5219
1.156 3.993 -7.476 -0.2859 -0.8037 0.5219
1.230 4.047 -7.352 -0.2859 -0.8037 0.5219
1.366 4.047 -7.278 -0.2859 -0.8037 0.5219
1.510 3.993 -7.282 -0.2859 -0.8037 0.5219
2.523 7.092 -9.551 0.2859 0.8037 -0.5219
2.742 7.092 -9.431 0.2859 0.8037 -0.5219
2.757 7.004 -9.558 0.2859 0.8037 -0.5219
2.683 6.950 -9.682 0.2859 0.8037 -0.5219
2.547 6.950 -9.756 0.2859 0.8037 -0.5219
2.403 7.004 -9.752 0.2859 0.8037 -0.5219
2.304 7.092 -9.672 0.2859 0.8037 -0.5219
2.289 7.179 -9.545 0.2859 0.8037 -0.5219
2.364 7.233 -9.421 0.2859 0.8037 -0.5219
2.499 7.233 -9.347 0.2859 0.8037 -0.5219
2.644 7.179 -9.351 0.2859 0.8037 -0.5219
0 1 11
0 11 10
1 2 12
1 12 11
2 3 13
2 13 12
3 4 14
3 14 13
4 5 15
4 15 14
5 6 16
5 16 15
6 7 17
6 17 16
7 8 18
7 18 17
8 9 19
8 19 18
9 0 10
9 10 19
20 22 21
20 23 22
20 24 23
20 25 24
20 26 25
20 27 26
20 28 27
20 29 28
20 30 29
20 21 30
31 32 33
31 33 34
31 34 35
31 35 36
31 36 37
31 37 38
31 38 39
31 39 40
31 40 41
31 41 32
LABEL sfoot2_skirt_1_0
MATERIAL 7
TEXTURE 0
GEOM 16 12 ;sfoot2_skirt_1_0
1.034 11.202 -11.050 0.1714 0.9852 0.0000
1.632 11.131 -11.050 0.1714 0.9852 0.0000
2.225 11.028 -11.050 0.1714 0.9852 0.0000
2.811 10.893 -11.050 0.1714 0.9852 0.0000
1.034 11.202 -10.150 0.1714 0.9852 0.0000
1.632 11.131 -10.150 0.1714 0.9852 0.0000
2.225 11.028 -10.150 0.1714 0.9852 0.0000
2.811 10.893 -10.150 0.1714 0.9852 0.0000
1.034 11.202 -11.050 -0.1714 -0.9852 -0.0000
1.632 11.131 -11.050 -0.1714 -0.9852 -0.0000
2.225 11.028 -11.050 -0.1714 -0.9852 -0.0000
2.811 10.893 -11.050 -0.1714 -0.9852 -0.0000
1.034 11.202 -10.150 -0.1714 -0.9852 -0.0000
1.632 11.131 -10.150 -0.1714 -0.9852 -0.0000
2.225 11.028 -10.150 -0.1714 -0.9852 -0.0000
2.811 10.893 -10.150 -0.1714 -0.9852 -0.0000
0 5 1
0 4 5
8 9 13
8 13 12
1 6 2
1 5 6
9 10 14
9 14 13
2 7 3
2 6 7
10 11 15
10 15 14
LABEL sfoot2_skirt_1_1
MATERIAL 7
TEXTURE 0
GEOM 16 12 ;sfoot2_skirt_1_1
2.855 10.882 -11.050 0.3352 0.9421 0.0000
3.468 10.702 -11.050 0.3352 0.9421 0.0000
4.071 10.488 -11.050 0.3352 0.9421 0.0000
4.660 10.239 -11.050 0.3352 0.9421 0.0000
2.855 10.882 -10.150 0.3352 0.9421 0.0000
3.468 10.702 -10.150 0.3352 0.9421 0.0000
4.071 10.488 -10.150 0.3352 0.9421 0.0000
4.660 10.239 -10.150 0.3352 0.9421 0.0000
2.855 10.882 -11.050 -0.3352 -0.9421 -0.0000
3.468 10.702 -11.050 -0.3352 -0.9421 -0.0000
4.071 10.488 -11.050 -0.3352 -0.9421 -0.0000
4.660 10.239 -11.050 -0.3352 -0.9421 -0.0000
2.855 10.882 -10.150 -0.3352 -0.9421 -0.0000
3.468 10.702 -10.150 -0.3352 -0.9421 -0.0000
4.071 10.488 -10.150 -0.3352 -0.9421 -0.0000
4.660 10.239 -10.150 -0.3352 -0.9421 -0.0000
0 5 1
0 4 5
8 9 13
8 13 12
1 6 2
1 5 6
9 10 14
9 14 13
2 7 3
2 6 7
10 11 15
10 15 14
LABEL sfoot2_skirt_1_2
MATERIAL 7
TEXTURE 0
GEOM 16 12 ;sfoot2_skirt_1_2
4.701 10.221 -11.050 0.4894 0.8721 0.0000
5.241 9.955 -11.050 0.4894 0.8721 0.0000
5.766 9.660 -11.050 0.4894 0.8721 0.0000
6.274 9.338 -11.050 0.4894 0.8721 0.0000
4.701 10.221 -10.150 0.4894 0.8721 0.0000
5.241 9.955 -10.150 0.4894 0.8721 0.0000
5.766 9.660 -10.150 0.4894 0.8721 0.0000
6.274 9.338 -10.150 0.4894 0.8721 0.0000
4.701 10.221 -11.050 -0.4894 -0.8721 -0.0000
5.241 9.955 -11.050 -0.4894 -0.8721 -0.0000
5.766 9.660 -11.050 -0.4894 -0.8721 -0.0000
6.274 9.338 -11.050 -0.4894 -0.8721 -0.0000
4.701 10.221 -10.150 -0.4894 -0.8721 -0.0000
5.241 9.955 -10.150 -0.4894 -0.8721 -0.0000
5.766 9.660 -10.150 -0.4894 -0.8721 -0.0000
6.274 9.338 -10.150 -0.4894 -0.8721 -0.0000
0 5 1
0 4 5
8 9 13
8 13 12
1 6 2
1 5 6
9 10 14
9 14 13
2 7 3
2 6 7
10 11 15
10 15 14
LABEL sfoot2_petal_2
MATERIAL 7
TEXTURE 0
GEOM 66 52 ;sfoot2_petal_2
0.465 0.855 -9.557 -0.7610 -0.6480 0.0332
0.918 0.322 -9.557 -0.7610 -0.6480 0.0332
0.930 0.332 -9.107 -0.7610 -0.6480 0.0332
0.476 0.865 -9.107 -0.7610 -0.6480 0.0332
8.040 7.306 -9.887 0.7610 0.6480 -0.0332
8.494 6.773 -9.887 0.7610 0.6480 -0.0332
8.505 6.783 -9.437 0.7610 0.6480 -0.0332
8.052 7.316 -9.437 0.7610 0.6480 -0.0332
0.465 0.855 -9.557 -0.6483 0.7614 -0.0000
8.040 7.306 -9.887 -0.6483 0.7614 -0.0000
8.052 7.316 -9.437 -0.6483 0.7614 -0.0000
0.476 0.865 -9.107 -0.6483 0.7614 -0.0000
0.918 0.322 -9.557 0.6483 -0.7614 0.0000
8.494 6.773 -9.887 0.6483 -0.7614 0.0000
8.505 6.783 -9.437 0.6483 -0.7614 0.0000
0.930 0.332 -9.107 0.6483 -0.7614 0.0000
0.465 0.855 -9.557 -0.0252 -0.0215 -0.9995
8.040 7.306 -9.887 -0.0252 -0.0215 -0.9995
8.494 6.773 -9.887 -0.0252 -0.0215 -0.9995
0.918 0.322 -9.557 -0.0252 -0.0215 -0.9995
0.476 0.865 -9.107 0.0252 0.0215 0.9995
8.052 7.316 -9.437 0.0252 0.0215 0.9995
8.505 6.783 -9.437 0.0252 0.0215 0.9995
0.930 0.332 -9.107 0.0252 0.0215 0.9995
0.241 0.796 -9.300 -0.0000 0.0000 1.0000
0.107 0.682 -9.357 -0.4475 -0.3811 0.8090
0.024 0.611 -9.507 -0.7241 -0.6166 0.3090
0.024 0.611 -9.693 -0.7241 -0.6166 -0.3090
0.107 0.682 -9.843 -0.4475 -0.3811 -0.8090
0.241 0.796 -9.900 -0.0000 -0.0000 -1.0000
0.375 0.911 -9.843 0.4475 0.3811 -0.8090
0.458 0.981 -9.693 0.7241 0.6166 -0.3090
0.458 0.981 -9.507 0.7241 0.6166 0.3090
0.375 0.911 -9.357 0.4475 0.3811 0.8090
0.825 0.111 -9.300 -0.0000 0.0000 1.0000
0.690 -0.003 -9.357 -0.4475 -0.3811 0.8090
0.607 -0.074 -9.507 -0.7241 -0.6166 0.3090
0.607 -0.074 -9.693 -0.7241 -0.6166 -0.3090
0.690 -0.003 -9.843 -0.4475 -0.3811 -0.8090
0.825 0.111 -9.900 -0.0000 -0.0000 -1.0000
0.959 0.226 -9.843 0.4475 0.3811 -0.8090
1.042 0.296 -9.693 0.7241 0.6166 -0.3090
1.042 0.296 -9.507 0.7241 0.6166 0.3090
0.959 0.226 -9.357 0.4475 0.3811 0.8090
0.241 0.796 -9.600 -0.6483 0.7614 -0.0000
0.241 0.796 -9.300 -0.6483 0.7614 -0.0000
0.107 0.682 -9.357 -0.6483 0.7614 -0.0000
0.024 0.611 -9.507 -0.6483 0.7614 -0.0000
0.024 0.611 -9.693 -0.6483 0.7614 -0.0000
0.107 0.682 -9.843 -0.6483 0.7614 -0.0000
0.241 0.796 -9.900 -0.6483 0.7614 -0.0000
0.375 0.911 -9.843 -0.6483 0.7614 -0.0000
0.458 0.981 -9.693 -0.6483 0.7614 -0.0000
0.458 0.981 -9.507 -0.6483 0.7614 -0.0000
0.375 0.911 -9.357 -0.6483 0.7614 -0.0000
0.825 0.111 -9.600 0.6483 -0.7614 0.0000
0.825 0.111 -9.300 0.6483 -0.7614 0.0000
0.690 -0.003 -9.357 0.6483 -0.7614 0.0000
0.607 -0.074 -9.507 0.6483 -0.7614 0.0000
0.607 -0.074 -9.693 0.6483 -0.7614 0.0000
0.690 -0.003 -9.843 0.6483 -0.7614 0.0000
0.825 0.111 -9.900 0.6483 -0.7614 0.0000
0.959 0.226 -9.843 0.6483 -0.7614 0.0000
1.042 0.296 -9.693 0.6483 -0.7614 0.0000
1.042 0.296 -9.507 0.6483 -0.7614 0.0000
0.959 0.226 -9.357 0.6483 -0.7614 0.0000
0 1 2
0 2 3
4 6 5
4 7 6
8 10 9
8 11 10
12 13 14
12 14 15
16 17 18
16 18 19
20 22 21
20 23 22
24 25 35
24 35 34
25 26 36
25 36 35
26 27 37
26 37 36
27 28 38
27 38 37
28 29 39
28 39 38
29 30 40
29 40 39
30 31 41
30 41 40
31 32 42
31 42 41
32 33 43
32 43 42
33 24 34
33 34 43
44 46 45
44 47 46
44 48 47
44 49 48
44 50 49
44 51 50
44 52 51
44 53 52
44 54 53
44 45 54
55 56 57
55 57 58
55 58 59
55 59 60
55 60 61
55 61 62
55 62 63
55 63 64
55 64 65
55 65 56
LABEL sfoot2_slat_2_0
MATERIAL 7
TEXTURE 0
GEOM 104 76 ;sfoot2_slat_2_0
0.606 0.857 -9.562 0.0252 0.0215 0.9995
0.651 0.824 -9.562 0.0252 0.0215 0.9995
0.694 0.788 -9.562 0.0252 0.0215 0.9995
0.736 0.749 -9.562 0.0252 0.0215 0.9995
6.497 9.185 -9.900 0.0252 0.0215 0.9995
6.978 8.824 -9.900 0.0252 0.0215 0.9995
7.440 8.438 -9.900 0.0252 0.0215 0.9995
7.881 8.028 -9.900 0.0252 0.0215 0.9995
0.606 0.857 -9.562 -0.0252 -0.0215 -0.9995
0.651 0.824 -9.562 -0.0252 -0.0215 -0.9995
0.694 0.788 -9.562 -0.0252 -0.0215 -0.9995
0.736 0.749 -9.562 -0.0252 -0.0215 -0.9995
6.497 9.185 -9.900 -0.0252 -0.0215 -0.9995
6.978 8.824 -9.900 -0.0252 -0.0215 -0.9995
7.440 8.438 -9.900 -0.0252 -0.0215 -0.9995
7.881 8.028 -9.900 -0.0252 -0.0215 -0.9995
0.606 0.857 -9.812 -0.0252 -0.0215 -0.9995
0.651 0.824 -9.812 -0.0252 -0.0215 -0.9995
0.694 0.788 -9.812 -0.0252 -0.0215 -0.9995
0.736 0.749 -9.812 -0.0252 -0.0215 -0.9995
6.497 9.185 -10.150 -0.0252 -0.0215 -0.9995
6.978 8.824 -10.150 -0.0252 -0.0215 -0.9995
7.440 8.438 -10.150 -0.0252 -0.0215 -0.9995
7.881 8.028 -10.150 -0.0252 -0.0215 -0.9995
0.606 0.857 -9.812 0.0252 0.0215 0.9995
0.651 0.824 -9.812 0.0252 0.0215 0.9995
0.694 0.788 -9.812 0.0252 0.0215 0.9995
0.736 0.749 -9.812 0.0252 0.0215 0.9995
6.497 9.185 -10.150 0.0252 0.0215 0.9995
6.978 8.824 -10.150 0.0252 0.0215 0.9995
7.440 8.438 -10.150 0.0252 0.0215 0.9995
7.881 8.028 -10.150 0.0252 0.0215 0.9995
6.497 9.185 -10.150 0.6411 0.7675 0.0000
6.978 8.824 -10.150 0.6411 0.7675 0.0000
7.440 8.438 -10.150 0.6411 0.7675 0.0000
7.881 8.028 -10.150 0.6411 0.7675 0.0000
6.497 9.185 -9.900 0.6411 0.7675 0.0000
6.978 8.824 -9.900 0.6411 0.7675 0.0000
7.440 8.438 -9.900 0.6411 0.7675 0.0000
7.881 8.028 -9.900 0.6411 0.7675 0.0000
6.497 9.185 -10.150 -0.6411 -0.7675 -0.0000
6.978 8.824 -10.150 -0.6411 -0.7675 -0.0000
7.440 8.438 -10.150 -0.6411 -0.7675 -0.0000
7.881 8.028 -10.150 -0.6411 -0.7675 -0.0000
6.497 9.185 -9.900 -0.6411 -0.7675 -0.0000
6.978 8.824 -9.900 -0.6411 -0.7675 -0.0000
7.440 8.438 -9.900 -0.6411 -0.7675 -0.0000
7.881 8.028 -9.900 -0.6411 -0.7675 -0.0000
0.606 0.857 -9.812 -0.6411 -0.7675 -0.0000
0.651 0.824 -9.812 -0.6411 -0.7675 -0.0000
0.694 0.788 -9.812 -0.6411 -0.7675 -0.0000
0.736 0.749 -9.812 -0.6411 -0.7675 -0.0000
0.606 0.857 -9.562 -0.6411 -0.7675 -0.0000
0.651 0.824 -9.562 -0.6411 -0.7675 -0.0000
0.694 0.788 -9.562 -0.6411 -0.7675 -0.0000
0.736 0.749 -9.562 -0.6411 -0.7675 -0.0000
0.606 0.857 -9.812 0.6411 0.7675 0.0000
0.651 0.824 -9.812 0.6411 0.7675 0.0000
0.694 0.788 -9.812 0.6411 0.7675 0.0000
0.736 0.749 -9.812 0.6411 0.7675 0.0000
0.606 0.857 -9.562 0.6411 0.7675 0.0000
0.651 0.824 -9.562 0.6411 0.7675 0.0000
0.694 0.788 -9.562 0.6411 0.7675 0.0000
0.736 0.749 -9.562 0.6411 0.7675 0.0000
6.497 9.185 -9.900 0.6411 0.7675 0.0000
6.978 8.824 -9.900 0.6411 0.7675 0.0000
7.440 8.438 -9.900 0.6411 0.7675 0.0000
7.881 8.028 -9.900 0.6411 0.7675 0.0000
6.497 9.185 -9.200 0.6411 0.7675 0.0000
6.978 8.824 -9.200 0.6411 0.7675 0.0000
7.440 8.438 -9.200 0.6411 0.7675 0.0000
7.881 8.028 -9.200 0.6411 0.7675 0.0000
6.497 9.185 -9.900 -0.6411 -0.7675 -0.0000
6.978 8.824 -9.900 -0.6411 -0.7675 -0.0000
7.440 8.438 -9.900 -0.6411 -0.7675 -0.0000
7.881 8.028 -9.900 -0.6411 -0.7675 -0.0000
6.497 9.185 -9.200 -0.6411 -0.7675 -0.0000
6.978 8.824 -9.200 -0.6411 -0.7675 -0.0000
7.440 8.438 -9.200 -0.6411 -0.7675 -0.0000
7.881 8.028 -9.200 -0.6411 -0.7675 -0.0000
6.497 9.185 -9.200 -0.0000 -0.0000 1.0000
6.978 8.824 -9.200 -0.0000 -0.0000 1.0000
7.440 8.438 -9.200 -0.0000 -0.0000 1.0000
7.881 8.028 -9.200 -0.0000 -0.0000 1.0000
6.294 8.899 -9.188 -0.0000 -0.0000 1.0000
6.761 8.550 -9.188 -0.0000 -0.0000 1.0000
7.209 8.176 -9.188 -0.0000 -0.0000 1.0000
7.636 7.778 -9.188 -0.0000 -0.0000 1.0000
6.497 9.185 -9.200 0.0000 0.0000 -1.0000
6.978 8.824 -9.200 0.0000 0.0000 -1.0000
7.440 8.438 -9.200 0.0000 0.0000 -1.0000
7.881 8.028 -9.200 0.0000 0.0000 -1.0000
6.294 8.899 -9.188 0.0000 0.0000 -1.0000
6.761 8.550 -9.188 0.0000 0.0000 -1.0000
7.209 8.176 -9.188 0.0000 0.0000 -1.0000
7.636 7.778 -9.188 0.0000 0.0000 -1.0000
0.606 0.857 -9.812 0.8164 -0.5775 0.0000
6.497 9.185 -10.150 0.8164 -0.5775 0.0000
0.606 0.857 -9.562 0.8164 -0.5775 0.0000
6.497 9.185 -9.900 0.8164 -0.5775 0.0000
0.606 0.857 -9.812 -0.8164 0.5775 -0.0000
6.497 9.185 -10.150 -0.8164 0.5775 -0.0000
0.606 0.857 -9.562 -0.8164 0.5775 -0.0000
6.497 9.185 -9.900 -0.8164 0.5775 -0.0000
0 1 5
0 5 4
8 13 9
8 12 13
1 2 6
1 6 5
9 14 10
9 13 14
2 3 7
2 7 6
10 15 11
10 14 15
16 21 17
16 20 21
24 25 29
24 29 28
17 22 18
17 21 22
25 26 30
25 30 29
18 23 19
18 22 23
26 27 31
26 31 30
32 37 33
32 36 37
40 41 45
40 45 44
33 38 34
33 37 38
41 42 46
41 46 45
34 39 35
34 38 39
42 43 47
42 47 46
48 49 53
48 53 52
56 61 57
56 60 61
49 50 54
49 54 53
57 62 58
57 61 62
50 51 55
50 55 54
58 63 59
58 62 63
64 69 65
64 68 69
72 73 77
72 77 76
65 70 66
65 69 70
73 74 78
73 78 77
66 71 67
66 70 71
74 75 79
74 79 78
80 85 81
80 84 85
88 89 93
88 93 92
81 86 82
81 85 86
89 90 94
89 94 93
82 87 83
82 86 87
90 91 95
90 95 94
96 97 99
96 99 98
100 103 101
100 102 103
LABEL sfoot2_slat_2_1
MATERIAL 7
TEXTURE 0
GEOM 96 72 ;sfoot2_slat_2_1
0.739 0.746 -9.562 0.0252 0.0215 0.9995
0.780 0.703 -9.562 0.0252 0.0215 0.9995
0.818 0.658 -9.562 0.0252 0.0215 0.9995
0.855 0.610 -9.562 0.0252 0.0215 0.9995
7.913 7.997 -9.900 0.0252 0.0215 0.9995
8.355 7.534 -9.900 0.0252 0.0215 0.9995
8.769 7.047 -9.900 0.0252 0.0215 0.9995
9.155 6.538 -9.900 0.0252 0.0215 0.9995
0.739 0.746 -9.562 -0.0252 -0.0215 -0.9995
0.780 0.703 -9.562 -0.0252 -0.0215 -0.9995
0.818 0.658 -9.562 -0.0252 -0.0215 -0.9995
0.855 0.610 -9.562 -0.0252 -0.0215 -0.9995
7.913 7.997 -9.900 -0.0252 -0.0215 -0.9995
8.355 7.534 -9.900 -0.0252 -0.0215 -0.9995
8.769 7.047 -9.900 -0.0252 -0.0215 -0.9995
9.155 6.538 -9.900 -0.0252 -0.0215 -0.9995
0.739 0.746 -9.812 -0.0252 -0.0215 -0.9995
0.780 0.703 -9.812 -0.0252 -0.0215 -0.9995
0.818 0.658 -9.812 -0.0252 -0.0215 -0.9995
0.855 0.610 -9.812 -0.0252 -0.0215 -0.9995
7.913 7.997 -10.150 -0.0252 -0.0215 -0.9995
8.355 7.534 -10.150 -0.0252 -0.0215 -0.9995
8.769 7.047 -10.150 -0.0252 -0.0215 -0.9995
9.155 6.538 -10.150 -0.0252 -0.0215 -0.9995
0.739 0.746 -9.812 0.0252 0.0215 0.9995
0.780 0.703 -9.812 0.0252 0.0215 0.9995
0.818 0.658 -9.812 0.0252 0.0215 0.9995
0.855 0.610 -9.812 0.0252 0.0215 0.9995
7.913 7.997 -10.150 0.0252 0.0215 0.9995
8.355 7.534 -10.150 0.0252 0.0215 0.9995
8.769 7.047 -10.150 0.0252 0.0215 0.9995
9.155 6.538 -10.150 0.0252 0.0215 0.9995
7.913 7.997 -10.150 0.7614 0.6483 0.0000
8.355 7.534 -10.150 0.7614 0.6483 0.0000
8.769 7.047 -10.150 0.7614 0.6483 0.0000
9.155 6.538 -10.150 0.7614 0.6483 0.0000
7.913 7.997 -9.900 0.7614 0.6483 0.0000
8.355 7.534 -9.900 0.7614 0.6483 0.0000
8.769 7.047 -9.900 0.7614 0.6483 0.0000
9.155 6.538 -9.900 0.7614 0.6483 0.0000
7.913 7.997 -10.150 -0.7614 -0.6483 -0.0000
8.355 7.534 -10.150 -0.7614 -0.6483 -0.0000
8.769 7.047 -10.150 -0.7614 -0.6483 -0.0000
9.155 6.538 -10.150 -0.7614 -0.6483 -0.0000
7.913 7.997 -9.900 -0.7614 -0.6483 -0.0000
8.355 7.534 -9.900 -0.7614 -0.6483 -0.0000
8.769 7.047 -9.900 -0.7614 -0.6483 -0.0000
9.155 6.538 -9.900 -0.7614 -0.6483 -0.0000
0.739 0.746 -9.812 -0.7614 -0.6483 -0.0000
0.780 0.703 -9.812 -0.7614 -0.6483 -0.0000
0.818 0.658 -9.812 -0.7614 -0.6483 -0.0000
0.855 0.610 -9.812 -0.7614 -0.6483 -0.0000
0.739 0.746 -9.562 -0.7614 -0.6483 -0.0000
0.780 0.703 -9.562 -0.7614 -0.6483 -0.0000
0.818 0.658 -9.562 -0.7614 -0.6483 -0.0000
0.855 0.610 -9.562 -0.7614 -0.6483 -0.0000
0.739 0.746 -9.812 0.7614 0.6483 0.0000
0.780 0.703 -9.812 0.7614 0.6483 0.0000
0.818 0.658 -9.812 0.7614 0.6483 0.0000
0.855 0.610 -9.812 0.7614 0.6483 0.0000
0.739 0.746 -9.562 0.7614 0.6483 0.0000
0.780 0.703 -9.562 0.7614 0.6483 0.0000
0.818 0.658 -9.562 0.7614 0.6483 0.0000
0.855 0.610 -9.562 0.7614 0.6483 0.0000
7.913 7.997 -9.900 0.7614 0.6483 0.0000
8.355 7.534 -9.900 0.7614 0.6483 0.0000
8.769 7.047 -9.900 0.7614 0.6483 0.0000
9.155 6.538 -9.900 0.7614 0.6483 0.0000
7.913 7.997 -9.200 0.7614 0.6483 0.0000
8.355 7.534 -9.200 0.7614 0.6483 0.0000
8.769 7.047 -9.200 0.7614 0.6483 0.0000
9.155 6.538 -9.200 0.7614 0.6483 0.0000
7.913 7.997 -9.900 -0.7614 -0.6483 -0.0000
8.355 7.534 -9.900 -0.7614 -0.6483 -0.0000
8.769 7.047 -9.900 -0.7614 -0.6483 -0.0000
9.155 6.538 -9.900 -0.7614 -0.6483 -0.0000
7.913 7.997 -9.200 -0.7614 -0.6483 -0.0000
8.355 7.534 -9.200 -0.7614 -0.6483 -0.0000
8.769 7.047 -9.200 -0.7614 -0.6483 -0.0000
9.155 6.538 -9.200 -0.7614 -0.6483 -0.0000
7.913 7.997 -9.200 -0.0000 -0.0000 1.0000
8.355 7.534 -9.200 -0.0000 -0.0000 1.0000
8.769 7.047 -9.200 -0.0000 -0.0000 1.0000
9.155 6.538 -9.200 -0.0000 -0.0000 1.0000
7.667 7.748 -9.188 -0.0000 -0.0000 1.0000
8.095 7.300 -9.188 -0.0000 -0.0000 1.0000
8.496 6.828 -9.188 -0.0000 -0.0000 1.0000
8.871 6.334 -9.188 -0.0000 -0.0000 1.0000
7.913 7.997 -9.200 0.0000 0.0000 -1.0000
8.355 7.534 -9.200 0.0000 0.0000 -1.0000
8.769 7.047 -9.200 0.0000 0.0000 -1.0000
9.155 6.538 -9.200 0.0000 0.0000 -1.0000
7.667 7.748 -9.188 0.0000 0.0000 -1.0000
8.095 7.300 -9.188 0.0000 0.0000 -1.0000
8.496 6.828 -9.188 0.0000 0.0000 -1.0000
8.871 6.334 -9.188 0.0000 0.0000 -1.0000
0 1 5
0 5 4
8 13 9
8 12 13
1 2 6
1 6 5
9 14 10
9 13 14
2 3 7
2 7 6
10 15 11
10 14 15
16 21 17
16 20 21
24 25 29
24 29 28
17 22 18
17 21 22
25 26 30
25 30 29
18 23 19
18 22 23
26 27 31
26 31 30
32 37 33
32 36 37
40 41 45
40 45 44
33 38 34
33 37 38
41 42 46
41 46 45
34 39 35
34 38 39
42 43 47
42 47 46
48 49 53
48 53 52
56 61 57
56 60 61
49 50 54
49 54 53
57 62 58
57 61 62
50 51 55
50 55 54
58 63 59
58 62 63
64 69 65
64 68 69
72 73 77
72 77 76
65 70 66
65 69 70
73 74 78
73 78 77
66 71 67
66 70 71
74 75 79
74 79 78
80 85 81
80 84 85
88 89 93
88 93 92
81 86 82
81 85 86
89 90 94
89 94 93
82 87 83
82 86 87
90 91 95
90 95 94
LABEL sfoot2_slat_2_2
MATERIAL 7
TEXTURE 0
GEOM 104 76 ;sfoot2_slat_2_2
0.857 0.607 -9.562 0.0252 0.0215 0.9995
0.888 0.560 -9.562 0.0252 0.0215 0.9995
0.917 0.512 -9.562 0.0252 0.0215 0.9995
0.943 0.462 -9.562 0.0252 0.0215 0.9995
9.182 6.501 -9.900 0.0252 0.0215 0.9995
9.516 6.001 -9.900 0.0252 0.0215 0.9995
9.823 5.483 -9.900 0.0252 0.0215 0.9995
10.103 4.950 -9.900 0.0252 0.0215 0.9995
0.857 0.607 -9.562 -0.0252 -0.0215 -0.9995
0.888 0.560 -9.562 -0.0252 -0.0215 -0.9995
0.917 0.512 -9.562 -0.0252 -0.0215 -0.9995
0.943 0.462 -9.562 -0.0252 -0.0215 -0.9995
9.182 6.501 -9.900 -0.0252 -0.0215 -0.9995
9.516 6.001 -9.900 -0.0252 -0.0215 -0.9995
9.823 5.483 -9.900 -0.0252 -0.0215 -0.9995
10.103 4.950 -9.900 -0.0252 -0.0215 -0.9995
0.857 0.607 -9.812 -0.0252 -0.0215 -0.9995
0.888 0.560 -9.812 -0.0252 -0.0215 -0.9995
0.917 0.512 -9.812 -0.0252 -0.0215 -0.9995
0.943 0.462 -9.812 -0.0252 -0.0215 -0.9995
9.182 6.501 -10.150 -0.0252 -0.0215 -0.9995
9.516 6.001 -10.150 -0.0252 -0.0215 -0.9995
9.823 5.483 -10.150 -0.0252 -0.0215 -0.9995
10.103 4.950 -10.150 -0.0252 -0.0215 -0.9995
0.857 0.607 -9.812 0.0252 0.0215 0.9995
0.888 0.560 -9.812 0.0252 0.0215 0.9995
0.917 0.512 -9.812 0.0252 0.0215 0.9995
0.943 0.462 -9.812 0.0252 0.0215 0.9995
9.182 6.501 -10.150 0.0252 0.0215 0.9995
9.516 6.001 -10.150 0.0252 0.0215 0.9995
9.823 5.483 -10.150 0.0252 0.0215 0.9995
10.103 4.950 -10.150 0.0252 0.0215 0.9995
9.182 6.501 -10.150 0.8598 0.5106 0.0000
9.516 6.001 -10.150 0.8598 0.5106 0.0000
9.823 5.483 -10.150 0.8598 0.5106 0.0000
10.103 4.950 -10.150 0.8598 0.5106 0.0000
9.182 6.501 -9.900 0.8598 0.5106 0.0000
9.516 6.001 -9.900 0.8598 0.5106 0.0000
9.823 5.483 -9.900 0.8598 0.5106 0.0000
10.103 4.950 -9.900 0.8598 0.5106 0.0000
9.182 6.501 -10.150 -0.8598 -0.5106 -0.0000
9.516 6.001 -10.150 -0.8598 -0.5106 -0.0000
9.823 5.483 -10.150 -0.8598 -0.5106 -0.0000
10.103 4.950 -10.150 -0.8598 -0.5106 -0.0000
9.182 6.501 -9.900 -0.8598 -0.5106 -0.0000
9.516 6.001 -9.900 -0.8598 -0.5106 -0.0000
9.823 5.483 -9.900 -0.8598 -0.5106 -0.0000
10.103 4.950 -9.900 -0.8598 -0.5106 -0.0000
0.857 0.607 -9.812 -0.8598 -0.5106 -0.0000
0.888 0.560 -9.812 -0.8598 -0.5106 -0.0000
0.917 0.512 -9.812 -0.8598 -0.5106 -0.0000
0.943 0.462 -9.812 -0.8598 -0.5106 -0.0000
0.857 0.607 -9.562 -0.8598 -0.5106 -0.0000
0.888 0.560 -9.562 -0.8598 -0.5106 -0.0000
0.917 0.512 -9.562 -0.8598 -0.5106 -0.0000
0.943 0.462 -9.562 -0.8598 -0.5106 -0.0000
0.857 0.607 -9.812 0.8598 0.5106 0.0000
0.888 0.560 -9.812 0.8598 0.5106 0.0000
0.917 0.512 -9.812 0.8598 0.5106 0.0000
0.943 0.462 -9.812 0.8598 0.5106 0.0000
0.857 0.607 -9.562 0.8598 0.5106 0.0000
0.888 0.560 -9.562 0.8598 0.5106 0.0000
0.917 0.512 -9.562 0.8598 0.5106 0.0000
0.943 0.462 -9.562 0.8598 0.5106 0.0000
9.182 6.501 -9.900 0.8598 0.5106 0.0000
9.516 6.001 -9.900 0.8598 0.5106 0.0000
9.823 5.483 -9.900 0.8598 0.5106 0.0000
10.103 4.950 -9.900 0.8598 0.5106 0.0000
9.182 6.501 -9.200 0.8598 0.5106 0.0000
9.516 6.001 -9.200 0.8598 0.5106 0.0000
9.823 5.483 -9.200 0.8598 0.5106 0.0000
10.103 4.950 -9.200 0.8598 0.5106 0.0000
9.182 6.501 -9.900 -0.8598 -0.5106 -0.0000
9.516 6.001 -9.900 -0.8598 -0.5106 -0.0000
9.823 5.483 -9.900 -0.8598 -0.5106 -0.0000
10.103 4.950 -9.900 -0.8598 -0.5106 -0.0000
9.182 6.501 -9.200 -0.8598 -0.5106 -0.0000
9.516 6.001 -9.200 -0.8598 -0.5106 -0.0000
9.823 5.483 -9.200 -0.8598 -0.5106 -0.0000
10.103 4.950 -9.200 -0.8598 -0.5106 -0.0000
9.182 6.501 -9.200 -0.0000 -0.0000 1.0000
9.516 6.001 -9.200 -0.0000 -0.0000 1.0000
9.823 5.483 -9.200 -0.0000 -0.0000 1.0000
10.103 4.950 -9.200 -0.0000 -0.0000 1.0000
8.896 6.299 -9.188 -0.0000 -0.0000 1.0000
9.220 5.814 -9.188 -0.0000 -0.0000 1.0000
9.518 5.312 -9.188 -0.0000 -0.0000 1.0000
9.788 4.796 -9.188 -0.0000 -0.0000 1.0000
9.182 6.501 -9.200 0.0000 0.0000 -1.0000
9.516 6.001 -9.200 0.0000 0.0000 -1.0000
9.823 5.483 -9.200 0.0000 0.0000 -1.0000
10.103 4.950 -9.200 0.0000 0.0000 -1.0000
8.896 6.299 -9.188 0.0000 0.0000 -1.0000
9.220 5.814 -9.188 0.0000 0.0000 -1.0000
9.518 5.312 -9.188 0.0000 0.0000 -1.0000
9.788 4.796 -9.188 0.0000 0.0000 -1.0000
0.943 0.462 -9.812 0.4400 -0.8980 -0.0000
10.103 4.950 -10.150 0.4400 -0.8980 -0.0000
0.943 0.462 -9.562 0.4400 -0.8980 -0.0000
10.103 4.950 -9.900 0.4400 -0.8980 -0.0000
0.943 0.462 -9.812 -0.4400 0.8980 0.0000
10.103 4.950 -10.150 -0.4400 0.8980 0.0000
0.943 0.462 -9.562 -0.4400 0.8980 0.0000
10.103 4.950 -9.900 -0.4400 0.8980 0.0000
0 1 5
0 5 4
8 13 9
8 12 13
1 2 6
1 6 5
9 14 10
9 13 14
2 3 7
2 7 6
10 15 11
10 14 15
16 21 17
16 20 21
24 25 29
24 29 28
17 22 18
17 21 22
25 26 30
25 30 29
18 23 19
18 22 23
26 27 31
26 31 30
32 37 33
32 36 37
40 41 45
40 45 44
33 38 34
33 37 38
41 42 46
41 46 45
34 39 35
34 38 39
42 43 47
42 47 46
48 49 53
48 53 52
56 61 57
56 60 61
49 50 54
49 54 53
57 62 58
57 61 62
50 51 55
50 55 54
58 63 59
58 62 63
64 69 65
64 68 69
72 73 77
72 77 76
65 70 66
65 69 70
73 74 78
73 78 77
66 71 67
66 70 71
74 75 79
74 79 78
80 85 81
80 84 85
88 89 93
88 93 92
81 86 82
81 85 86
89 90 94
89 94 93
82 87 83
82 86 87
90 91 95
90 95 94
96 97 99
96 99 98
100 103 101
100 102 103
LABEL sfoot2_strut_2
MATERIAL 9
TEXTURE 0
GEOM 50 48 ;sfoot2_strut_2
1.189 0.746 -5.260 0.6264 -0.0000 0.7795
1.255 0.537 -5.399 0.7580 -0.4166 0.5019
1.219 0.385 -5.605 0.6865 -0.7215 0.0898
1.091 0.329 -5.823 0.4311 -0.8332 -0.3464
0.906 0.385 -5.995 0.0602 -0.7215 -0.6898
0.712 0.537 -6.074 -0.3269 -0.4166 -0.8483
0.562 0.746 -6.040 -0.6264 -0.0000 -0.7795
0.497 0.954 -5.901 -0.7580 0.4166 -0.5019
0.532 1.106 -5.695 -0.6865 0.7215 -0.0898
0.660 1.162 -5.477 -0.4311 0.8332 0.3464
0.845 1.106 -5.305 -0.0602 0.7215 0.6898
1.039 0.954 -5.226 0.3269 0.4166 0.8483
3.859 3.020 -7.406 0.6264 -0.0000 0.7795
3.925 2.811 -7.545 0.7580 -0.4166 0.5019
3.889 2.659 -7.751 0.6865 -0.7215 0.0898
3.762 2.603 -7.969 0.4311 -0.8332 -0.3464
3.576 2.659 -8.141 0.0602 -0.7215 -0.6898
3.383 2.811 -8.220 -0.3269 -0.4166 -0.8483
3.233 3.020 -8.186 -0.6264 -0.0000 -0.7795
3.167 3.228 -8.047 -0.7580 0.4166 -0.5019
3.203 3.380 -7.841 -0.6865 0.7215 -0.0898
3.331 3.436 -7.623 -0.4311 0.8332 0.3464
3.516 3.380 -7.451 -0.0602 0.7215 0.6898
3.710 3.228 -7.372 0.3269 0.4166 0.8483
0.876 0.746 -5.650 -0.6495 -0.5530 0.5219
1.189 0.746 -5.260 -0.6495 -0.5530 0.5219
1.255 0.537 -5.399 -0.6495 -0.5530 0.5219
1.219 0.385 -5.605 -0.6495 -0.5530 0.5219
1.091 0.329 -5.823 -0.6495 -0.5530 0.5219
0.906 0.385 -5.995 -0.6495 -0.5530 0.5219
0.712 0.537 -6.074 -0.6495 -0.5530 0.5219
0.562 0.746 -6.040 -0.6495 -0.5530 0.5219
0.497 0.954 -5.901 -0.6495 -0.5530 0.5219
0.532 1.106 -5.695 -0.6495 -0.5530 0.5219
0.660 1.162 -5.477 -0.6495 -0.5530 0.5219
0.845 1.106 -5.305 -0.6495 -0.5530 0.5219
1.039 0.954 -5.226 -0.6495 -0.5530 0.5219
3.546 3.020 -7.796 0.6495 0.5530 -0.5219
3.859 3.020 -7.406 0.6495 0.5530 -0.5219
3.925 2.811 -7.545 0.6495 0.5530 -0.5219
3.889 2.659 -7.751 0.6495 0.5530 -0.5219
3.762 2.603 -7.969 0.6495 0.5530 -0.5219
3.576 2.659 -8.141 0.6495 0.5530 -0.5219
3.383 2.811 -8.220 0.6495 0.5530 -0.5219
3.233 3.020 -8.186 0.6495 0.5530 -0.5219
3.167 3.228 -8.047 0.6495 0.5530 -0.5219
3.203 3.380 -7.841 0.6495 0.5530 -0.5219
3.331 3.436 -7.623 0.6495 0.5530 -0.5219
3.516 3.380 -7.451 0.6495 0.5530 -0.5219
3.710 3.228 -7.372 0.6495 0.5530 -0.5219
0 1 13
0 13 12
1 2 14
1 14 13
2 3 15
2 15 14
3 4 16
3 16 15
4 5 17
4 17 16
5 6 18
5 18 17
6 7 19
6 19 18
7 8 20
7 20 19
8 9 21
8 21 20
9 10 22
9 22 21
10 11 23
10 23 22
11 0 12
11 12 23
24 26 25
24 27 26
24 28 27
24 29 28
24 30 29
24 31 30
24 32 31
24 33 32
24 34 33
24 35 34
24 36 35
24 25 36
37 38 39
37 39 40
37 40 41
37 41 42
37 42 43
37 43 44
37 44 45
37 45 46
37 46 47
37 47 48
37 48 49
37 49 38
LABEL sfoot2_rod_2
MATERIAL 7
TEXTURE 0
GEOM 42 40 ;sfoot2_rod_2
3.313 2.688 -7.288 0.6264 -0.0000 0.7795
3.346 2.565 -7.376 0.7601 -0.4897 0.4270
3.307 2.490 -7.505 0.6036 -0.7924 -0.0886
3.211 2.490 -7.625 0.2164 -0.7924 -0.5703
3.093 2.565 -7.691 -0.2533 -0.4897 -0.8343
3.000 2.688 -7.678 -0.6264 -0.0000 -0.7795
2.966 2.810 -7.589 -0.7601 0.4897 -0.4270
3.006 2.886 -7.461 -0.6036 0.7924 0.0886
3.102 2.886 -7.340 -0.2164 0.7924 0.5703
3.220 2.810 -7.274 0.2533 0.4897 0.8343
5.888 4.880 -9.357 0.6264 -0.0000 0.7795
5.921 4.758 -9.445 0.7601 -0.4897 0.4270
5.882 4.682 -9.574 0.6036 -0.7924 -0.0886
5.785 4.682 -9.694 0.2164 -0.7924 -0.5703
5.668 4.758 -9.760 -0.2533 -0.4897 -0.8343
5.574 4.880 -9.746 -0.6264 -0.0000 -0.7795
5.541 5.003 -9.658 -0.7601 0.4897 -0.4270
5.580 5.078 -9.529 -0.6036 0.7924 0.0886
5.677 5.078 -9.409 -0.2164 0.7924 0.5703
5.794 5.003 -9.343 0.2533 0.4897 0.8343
3.156 2.688 -7.483 -0.6495 -0.5530 0.5219
3.313 2.688 -7.288 -0.6495 -0.5530 0.5219
3.346 2.565 -7.376 -0.6495 -0.5530 0.5219
3.307 2.490 -7.505 -0.6495 -0.5530 0.5219
3.211 2.490 -7.625 -0.6495 -0.5530 0.5219
3.093 2.565 -7.691 -0.6495 -0.5530 0.5219
3.000 2.688 -7.678 -0.6495 -0.5530 0.5219
2.966 2.810 -7.589 -0.6495 -0.5530 0.5219
3.006 2.886 -7.461 -0.6495 -0.5530 0.5219
3.102 2.886 -7.340 -0.6495 -0.5530 0.5219
3.220 2.810 -7.274 -0.6495 -0.5530 0.5219
5.731 4.880 -9.551 0.6495 0.5530 -0.5219
5.888 4.880 -9.357 0.6495 0.5530 -0.5219
5.921 4.758 -9.445 0.6495 0.5530 -0.5219
5.882 4.682 -9.574 0.6495 0.5530 -0.5219
5.785 4.682 -9.694 0.6495 0.5530 -0.5219
5.668 4.758 -9.760 0.6495 0.5530 -0.5219
5.574 4.880 -9.746 0.6495 0.5530 -0.5219
5.541 5.003 -9.658 0.6495 0.5530 -0.5219
5.580 5.078 -9.529 0.6495 0.5530 -0.5219
5.677 5.078 -9.409 0.6495 0.5530 -0.5219
5.794 5.003 -9.343 0.6495 0.5530 -0.5219
0 1 11
0 11 10
1 2 12
1 12 11
2 3 13
2 13 12
3 4 14
3 14 13
4 5 15
4 15 14
5 6 16
5 16 15
6 7 17
6 17 16
7 8 18
7 18 17
8 9 19
8 19 18
9 0 10
9 10 19
20 22 21
20 23 22
20 24 23
20 25 24
20 26 25
20 27 26
20 28 27
20 29 28
20 30 29
20 21 30
31 32 33
31 33 34
31 34 35
31 35 36
31 36 37
31 37 38
31 38 39
31 39 40
31 40 41
31 41 32
LABEL sfoot2_skirt_2_0
MATERIAL 7
TEXTURE 0
GEOM 16 12 ;sfoot2_skirt_2_0
6.497 9.185 -11.050 0.6411 0.7675 0.0000
6.978 8.824 -11.050 0.6411 0.7675 0.0000
7.440 8.438 -11.050 0.6411 0.7675 0.0000
7.881 8.028 -11.050 0.6411 0.7675 0.0000
6.497 9.185 -10.150 0.6411 0.7675 0.0000
6.978 8.824 -10.150 0.6411 0.7675 0.0000
7.440 8.438 -10.150 0.6411 0.7675 0.0000
7.881 8.028 -10.150 0.6411 0.7675 0.0000
6.497 9.185 -11.050 -0.6411 -0.7675 -0.0000
6.978 8.824 -11.050 -0.6411 -0.7675 -0.0000
7.440 8.438 -11.050 -0.6411 -0.7675 -0.0000
7.881 8.028 -11.050 -0.6411 -0.7675 -0.0000
6.497 9.185 -10.150 -0.6411 -0.7675 -0.0000
6.978 8.824 -10.150 -0.6411 -0.7675 -0.0000
7.440 8.438 -10.150 -0.6411 -0.7675 -0.0000
7.881 8.028 -10.150 -0.6411 -0.7675 -0.0000
0 5 1
0 4 5
8 9 13
8 13 12
1 6 2
1 5 6
9 10 14
9 14 13
2 7 3
2 6 7
10 11 15
10 15 14
LABEL sfoot2_skirt_2_1
MATERIAL 7
TEXTURE 0
GEOM 16 12 ;sfoot2_skirt_2_1
7.913 7.997 -11.050 0.7614 0.6483 0.0000
8.355 7.534 -11.050 0.7614 0.6483 0.0000
8.769 7.047 -11.050 0.7614 0.6483 0.0000
9.155 6.538 -11.050 0.7614 0.6483 0.0000
7.913 7.997 -10.150 0.7614 0.6483 0.0000
8.355 7.534 -10.150 0.7614 0.6483 0.0000
8.769 7.047 -10.150 0.7614 0.6483 0.0000
9.155 6.538 -10.150 0.7614 0.6483 0.0000
7.913 7.997 -11.050 -0.7614 -0.6483 -0.0000
8.355 7.534 -11.050 -0.7614 -0.6483 -0.0000
8.769 7.047 -11.050 -0.7614 -0.6483 -0.0000
9.155 6.538 -11.050 -0.7614 -0.6483 -0.0000
7.913 7.997 -10.150 -0.7614 -0.6483 -0.0000
8.355 7.534 -10.150 -0.7614 -0.6483 -0.0000
8.769 7.047 -10.150 -0.7614 -0.6483 -0.0000
9.155 6.538 -10.150 -0.7614 -0.6483 -0.0000
0 5 1
0 4 5
8 9 13
8 13 12
1 6 2
1 5 6
9 10 14
9 14 13
2 7 3
2 6 7
10 11 15
10 15 14
LABEL sfoot2_skirt_2_2
MATERIAL 7
TEXTURE 0
GEOM 16 12 ;sfoot2_skirt_2_2
9.182 6.501 -11.050 0.8598 0.5106 0.0000
9.516 6.001 -11.050 0.8598 0.5106 0.0000
9.823 5.483 -11.050 0.8598 0.5106 0.0000
10.103 4.950 -11.050 0.8598 0.5106 0.0000
9.182 6.501 -10.150 0.8598 0.5106 0.0000
9.516 6.001 -10.150 0.8598 0.5106 0.0000
9.823 5.483 -10.150 0.8598 0.5106 0.0000
10.103 4.950 -10.150 0.8598 0.5106 0.0000
9.182 6.501 -11.050 -0.8598 -0.5106 -0.0000
9.516 6.001 -11.050 -0.8598 -0.5106 -0.0000
9.823 5.483 -11.050 -0.8598 -0.5106 -0.0000
10.103 4.950 -11.050 -0.8598 -0.5106 -0.0000
9.182 6.501 -10.150 -0.8598 -0.5106 -0.0000
9.516 6.001 -10.150 -0.8598 -0.5106 -0.0000
9.823 5.483 -10.150 -0.8598 -0.5106 -0.0000
10.103 4.950 -10.150 -0.8598 -0.5106 -0.0000
0 5 1
0 4 5
8 9 13
8 13 12
1 6 2
1 5 6
9 10 14
9 14 13
2 7 3
2 6 7
10 11 15
10 15 14
LABEL sfoot2_petal_3
MATERIAL 7
TEXTURE 0
GEOM 66 52 ;sfoot2_petal_3
0.830 0.508 -9.557 -0.9830 -0.1807 0.0332
0.957 -0.180 -9.557 -0.9830 -0.1807 0.0332
0.971 -0.177 -9.107 -0.9830 -0.1807 0.0332
0.845 0.511 -9.107 -0.9830 -0.1807 0.0332
10.616 2.307 -9.887 0.9830 0.1807 -0.0332
10.743 1.619 -9.887 0.9830 0.1807 -0.0332
10.757 1.621 -9.437 0.9830 0.1807 -0.0332
10.631 2.310 -9.437 0.9830 0.1807 -0.0332
0.830 0.508 -9.557 -0.1808 0.9835 0.0000
10.616 2.307 -9.887 -0.1808 0.9835 0.0000
10.631 2.310 -9.437 -0.1808 0.9835 0.0000
0.845 0.511 -9.107 -0.1808 0.9835 0.0000
0.957 -0.180 -9.557 0.1808 -0.9835 -0.0000
10.743 1.619 -9.887 0.1808 -0.9835 -0.0000
10.757 1.621 -9.437 0.1808 -0.9835 -0.0000
0.971 -0.177 -9.107 0.1808 -0.9835 -0.0000
0.830 0.508 -9.557 -0.0326 -0.0060 -0.9995
10.616 2.307 -9.887 -0.0326 -0.0060 -0.9995
10.743 1.619 -9.887 -0.0326 -0.0060 -0.9995
0.957 -0.180 -9.557 -0.0326 -0.0060 -0.9995
0.845 0.511 -9.107 0.0326 0.0060 0.9995
10.631 2.310 -9.437 0.0326 0.0060 0.9995
10.757 1.621 -9.437 0.0326 0.0060 0.9995
0.971 -0.177 -9.107 0.0326 0.0060 0.9995
0.607 0.569 -9.300 -0.0000 0.0000 1.0000
0.434 0.537 -9.357 -0.5781 -0.1063 0.8090
0.327 0.518 -9.507 -0.9354 -0.1719 0.3090
0.327 0.518 -9.693 -0.9354 -0.1719 -0.3090
0.434 0.537 -9.843 -0.5781 -0.1063 -0.8090
0.607 0.569 -9.900 -0.0000 -0.0000 -1.0000
0.781 0.601 -9.843 0.5781 0.1063 -0.8090
0.888 0.621 -9.693 0.9354 0.1719 -0.3090
0.888 0.621 -9.507 0.9354 0.1719 0.3090
0.781 0.601 -9.357 0.5781 0.1063 0.8090
0.770 -0.316 -9.300 -0.0000 0.0000 1.0000
0.596 -0.348 -9.357 -0.5781 -0.1063 0.8090
0.489 -0.368 -9.507 -0.9354 -0.1719 0.3090
0.489 -0.368 -9.693 -0.9354 -0.1719 -0.3090
0.596 -0.348 -9.843 -0.5781 -0.1063 -0.8090
0.770 -0.316 -9.900 -0.0000 -0.0000 -1.0000
0.943 -0.284 -9.843 0.5781 0.1063 -0.8090
1.050 -0.264 -9.693 0.9354 0.1719 -0.3090
1.050 -0.264 -9.507 0.9354 0.1719 0.3090
0.943 -0.284 -9.357 0.5781 0.1063 0.8090
0.607 0.569 -9.600 -0.1808 0.9835 -0.0000
0.607 0.569 -9.300 -0.1808 0.9835 -0.0000
0.434 0.537 -9.357 -0.1808 0.9835 -0.0000
0.327 0.518 -9.507 -0.1808 0.9835 -0.0000
0.327 0.518 -9.693 -0.1808 0.9835 -0.0000
0.434 0.537 -9.843 -0.1808 0.9835 -0.0000
0.607 0.569 -9.900 -0.1808 0.9835 -0.0000
0.781 0.601 -9.843 -0.1808 0.9835 -0.0000
0.888 0.621 -9.693 -0.1808 0.9835 -0.0000
0.888 0.621 -9.507 -0.1808 0.9835 -0.0000
0.781 0.601 -9.357 -0.1808 0.9835 -0.0000
0.770 -0.316 -9.600 0.1808 -0.9835 0.0000
0.770 -0.316 -9.300 0.1808 -0.9835 0.0000
0.596 -0.348 -9.357 0.1808 -0.9835 0.0000
0.489 -0.368 -9.507 0.1808 -0.9835 0.0000
0.489 -0.368 -9.693 0.1808 -0.9835 0.0000
0.596 -0.348 -9.843 0.1808 -0.9835 0.0000
0.770 -0.316 -9.900 0.1808 -0.9835 0.0000
0.943 -0.284 -9.843 0.1808 -0.9835 0.0000
1.050 -0.264 -9.693 0.1808 -0.9835 0.0000
1.050 -0.264 -9.507 0.1808 -0.9835 0.0000
0.943 -0.284 -9.357 0.1808 -0.9835 0.0000
0 1 2
0 2 3
4 6 5
4 7 6
8 10 9
8 11 10
12 13 14
12 14 15
16 17 18
16 18 19
20 22 21
20 23 22
24 25 35
24 35 34
25 26 36
25 36 35
26 27 37
26 37 36
27 28 38
27 38 37
28 29 39
28 39 38
29 30 40
29 40 39
30 31 41
30 41 40
31 32 42
31 42 41
32 33 43
32 43 42
33 24 34
33 34 43
44 46 45
44 47 46
44 48 47
44 49 48
44 50 49
44 51 50
44 52 51
44 53 52
44 54 53
44 45 54
55 56 57
55 57 58
55 58 59
55 59 60
55 60 61
55 61 62
55 62 63
55 63 64
55 64 65
55 65 56
LABEL sfoot2_slat_3_0
MATERIAL 7
TEXTURE 0
GEOM 104 76 ;sfoot2_slat_3_0
0.954 0.439 -9.562 0.0326 0.0060 0.9995
0.976 0.388 -9.562 0.0326 0.0060 0.9995
0.995 0.335 -9.562 0.0326 0.0060 0.9995
1.012 0.281 -9.562 0.0326 0.0060 0.9995
10.218 4.706 -9.900 0.0326 0.0060 0.9995
10.456 4.153 -9.900 0.0326 0.0060 0.9995
10.663 3.587 -9.900 0.0326 0.0060 0.9995
10.839 3.012 -9.900 0.0326 0.0060 0.9995
0.954 0.439 -9.562 -0.0326 -0.0060 -0.9995
0.976 0.388 -9.562 -0.0326 -0.0060 -0.9995
0.995 0.335 -9.562 -0.0326 -0.0060 -0.9995
1.012 0.281 -9.562 -0.0326 -0.0060 -0.9995
10.218 4.706 -9.900 -0.0326 -0.0060 -0.9995
10.456 4.153 -9.900 -0.0326 -0.0060 -0.9995
10.663 3.587 -9.900 -0.0326 -0.0060 -0.9995
10.839 3.012 -9.900 -0.0326 -0.0060 -0.9995
0.954 0.439 -9.812 -0.0326 -0.0060 -0.9995
0.976 0.388 -9.812 -0.0326 -0.0060 -0.9995
0.995 0.335 -9.812 -0.0326 -0.0060 -0.9995
1.012 0.281 -9.812 -0.0326 -0.0060 -0.9995
10.218 4.706 -10.150 -0.0326 -0.0060 -0.9995
10.456 4.153 -10.150 -0.0326 -0.0060 -0.9995
10.663 3.587 -10.150 -0.0326 -0.0060 -0.9995
10.839 3.012 -10.150 -0.0326 -0.0060 -0.9995
0.954 0.439 -9.812 0.0326 0.0060 0.9995
0.976 0.388 -9.812 0.0326 0.0060 0.9995
0.995 0.335 -9.812 0.0326 0.0060 0.9995
1.012 0.281 -9.812 0.0326 0.0060 0.9995
10.218 4.706 -10.150 0.0326 0.0060 0.9995
10.456 4.153 -10.150 0.0326 0.0060 0.9995
10.663 3.587 -10.150 0.0326 0.0060 0.9995
10.839 3.012 -10.150 0.0326 0.0060 0.9995
10.218 4.706 -10.150 0.9389 0.3441 0.0000
10.456 4.153 -10.150 0.9389 0.3441 0.0000
10.663 3.587 -10.150 0.9389 0.3441 0.0000
10.839 3.012 -10.150 0.9389 0.3441 0.0000
10.218 4.706 -9.900 0.9389 0.3441 0.0000
10.456 4.153 -9.900 0.9389 0.3441 0.0000
10.663 3.587 -9.900 0.9389 0.3441 0.0000
10.839 3.012 -9.900 0.9389 0.3441 0.0000
10.218 4.706 -10.150 -0.9389 -0.3441 -0.0000
10.456 4.153 -10.150 -0.9389 -0.3441 -0.0000
10.663 3.587 -10.150 -0.9389 -0.3441 -0.0000
10.839 3.012 -10.150 -0.9389 -0.3441 -0.0000
10.218 4.706 -9.900 -0.9389 -0.3441 -0.0000
10.456 4.153 -9.900 -0.9389 -0.3441 -0.0000
10.663 3.587 -9.900 -0.9389 -0.3441 -0.0000
10.839 3.012 -9.900 -0.9389 -0.3441 -0.0000
0.954 0.439 -9.812 -0.9389 -0.3441 -0.0000
0.976 0.388 -9.812 -0.9389 -0.3441 -0.0000
0.995 0.335 -9.812 -0.9389 -0.3441 -0.0000
1.012 0.281 -9.812 -0.9389 -0.3441 -0.0000
0.954 0.439 -9.562 -0.9389 -0.3441 -0.0000
0.976 0.388 -9.562 -0.9389 -0.3441 -0.0000
0.995 0.335 -9.562 -0.9389 -0.3441 -0.0000
1.012 0.281 -9.562 -0.9389 -0.3441 -0.0000
0.954 0.439 -9.812 0.9389 0.3441 0.0000
0.976 0.388 -9.812 0.9389 0.3441 0.0000
0.995 0.335 -9.812 0.9389 0.3441 0.0000
1.012 0.281 -9.812 0.9389 0.3441 0.0000
0.954 0.439 -9.562 0.9389 0.3441 0.0000
0.976 0.388 -9.562 0.9389 0.3441 0.0000
0.995 0.335 -9.562 0.9389 0.3441 0.0000
1.012 0.281 -9.562 0.9389 0.3441 0.0000
10.218 4.706 -9.900 0.9389 0.3441 0.0000
10.456 4.153 -9.900 0.9389 0.3441 0.0000
10.663 3.587 -9.900 0.9389 0.3441 0.0000
10.839 3.012 -9.900 0.9389 0.3441 0.0000
10.218 4.706 -9.200 0.9389 0.3441 0.0000
10.456 4.153 -9.200 0.9389 0.3441 0.0000
10.663 3.587 -9.200 0.9389 0.3441 0.0000
10.839 3.012 -9.200 0.9389 0.3441 0.0000
10.218 4.706 -9.900 -0.9389 -0.3441 -0.0000
10.456 4.153 -9.900 -0.9389 -0.3441 -0.0000
10.663 3.587 -9.900 -0.9389 -0.3441 -0.0000
10.839 3.012 -9.900 -0.9389 -0.3441 -0.0000
10.218 4.706 -9.200 -0.9389 -0.3441 -0.0000
10.456 4.153 -9.200 -0.9389 -0.3441 -0.0000
10.663 3.587 -9.200 -0.9389 -0.3441 -0.0000
10.839 3.012 -9.200 -0.9389 -0.3441 -0.0000
10.218 4.706 -9.200 -0.0000 -0.0000 1.0000
10.456 4.153 -9.200 -0.0000 -0.0000 1.0000
10.663 3.587 -9.200 -0.0000 -0.0000 1.0000
10.839 3.012 -9.200 -0.0000 -0.0000 1.0000
9.901 4.559 -9.188 -0.0000 -0.0000 1.0000
10.130 4.023 -9.188 -0.0000 -0.0000 1.0000
10.331 3.476 -9.188 -0.0000 -0.0000 1.0000
10.502 2.918 -9.188 -0.0000 -0.0000 1.0000
10.218 4.706 -9.200 0.0000 0.0000 -1.0000
10.456 4.153 -9.200 0.0000 0.0000 -1.0000
10.663 3.587 -9.200 0.0000 0.0000 -1.0000
10.839 3.012 -9.200 0.0000 0.0000 -1.0000
9.901 4.559 -9.188 0.0000 0.0000 -1.0000
10.130 4.023 -9.188 0.0000 0.0000 -1.0000
10.331 3.476 -9.188 0.0000 0.0000 -1.0000
10.502 2.918 -9.188 0.0000 0.0000 -1.0000
0.954 0.439 -9.812 0.4183 -0.9083 -0.0000
10.218 4.706 -10.150 0.4183 -0.9083 -0.0000
0.954 0.439 -9.562 0.4183 -0.9083 -0.0000
10.218 4.706 -9.900 0.4183 -0.9083 -0.0000
0.954 0.439 -9.812 -0.4183 0.9083 0.0000
10.218 4.706 -10.150 -0.4183 0.9083 0.0000
0.954 0.439 -9.562 -0.4183 0.9083 0.0000
10.218 4.706 -9.900 -0.4183 0.9083 0.0000
0 1 5
0 5 4
8 13 9
8 12 13
1 2 6
1 6 5
9 14 10
9 13 14
2 3 7
2 7 6
10 15 11
10 14 15
16 21 17
16 20 21
24 25 29
24 29 28
17 22 18
17 21 22
25 26 30
25 30 29
18 23 19
18 22 23
26 27 31
26 31 30
32 37 33
32 36 37
40 41 45
40 45 44
33 38 34
33 37 38
41 42 46
41 46 45
34 39 35
34 38 39
42 43 47
42 47 46
48 49 53
48 53 52
56 61 57
56 60 61
49 50 54
49 54 53
57 62 58
57 61 62
50 51 55
50 55 54
58 63 59
58 62 63
64 69 65
64 68 69
72 73 77
72 77 76
65 70 66
65 69 70
73 74 78
73 78 77
66 71 67
66 70 71
74 75 79
74 79 78
80 85 81
80 84 85
88 89 93
88 93 92
81 86 82
81 85 86
89 90 94
89 94 93
82 87 83
82 86 87
90 91 95
90 95 94
96 97 99
96 99 98
100 103 101
100 102 103
LABEL sfoot2_slat_3_1
MATERIAL 7
TEXTURE 0
GEOM 96 72 ;sfoot2_slat_3_1
1.013 0.277 -9.562 0.0326 0.0060 0.9995
1.027 0.219 -9.562 0.0326 0.0060 0.9995
1.038 0.160 -9.562 0.0326 0.0060 0.9995
1.045 0.101 -9.562 0.0326 0.0060 0.9995
10.851 2.969 -9.900 0.0326 0.0060 0.9995
11.002 2.347 -9.900 0.0326 0.0060 0.9995
11.118 1.718 -9.900 0.0326 0.0060 0.9995
11.198 1.084 -9.900 0.0326 0.0060 0.9995
1.013 0.277 -9.562 -0.0326 -0.0060 -0.9995
1.027 0.219 -9.562 -0.0326 -0.0060 -0.9995
1.038 0.160 -9.562 -0.0326 -0.0060 -0.9995
1.045 0.101 -9.562 -0.0326 -0.0060 -0.9995
10.851 2.969 -9.900 -0.0326 -0.0060 -0.9995
11.002 2.347 -9.900 -0.0326 -0.0060 -0.9995
11.118 1.718 -9.900 -0.0326 -0.0060 -0.9995
11.198 1.084 -9.900 -0.0326 -0.0060 -0.9995
1.013 0.277 -9.812 -0.0326 -0.0060 -0.9995
1.027 0.219 -9.812 -0.0326 -0.0060 -0.9995
1.038 0.160 -9.812 -0.0326 -0.0060 -0.9995
1.045 0.101 -9.812 -0.0326 -0.0060 -0.9995
10.851 2.969 -10.150 -0.0326 -0.0060 -0.9995
11.002 2.347 -10.150 -0.0326 -0.0060 -0.9995
11.118 1.718 -10.150 -0.0326 -0.0060 -0.9995
11.198 1.084 -10.150 -0.0326 -0.0060 -0.9995
1.013 0.277 -9.812 0.0326 0.0060 0.9995
1.027 0.219 -9.812 0.0326 0.0060 0.9995
1.038 0.160 -9.812 0.0326 0.0060 0.9995
1.045 0.101 -9.812 0.0326 0.0060 0.9995
10.851 2.969 -10.150 0.0326 0.0060 0.9995
11.002 2.347 -10.150 0.0326 0.0060 0.9995
11.118 1.718 -10.150 0.0326 0.0060 0.9995
11.198 1.084 -10.150 0.0326 0.0060 0.9995
10.851 2.969 -10.150 0.9835 0.1808 0.0000
11.002 2.347 -10.150 0.9835 0.1808 0.0000
11.118 1.718 -10.150 0.9835 0.1808 0.0000
11.198 1.084 -10.150 0.9835 0.1808 0.0000
10.851 2.969 -9.900 0.9835 0.1808 0.0000
11.002 2.347 -9.900 0.9835 0.1808 0.0000
11.118 1.718 -9.900 0.9835 0.1808 0.0000
11.198 1.084 -9.900 0.9835 0.1808 0.0000
10.851 2.969 -10.150 -0.9835 -0.1808 -0.0000
11.002 2.347 -10.150 -0.9835 -0.1808 -0.0000
11.118 1.718 -10.150 -0.9835 -0.1808 -0.0000
11.198 1.084 -10.150 -0.9835 -0.1808 -0.0000
10.851 2.969 -9.900 -0.9835 -0.1808 -0.0000
11.002 2.347 -9.900 -0.9835 -0.1808 -0.0000
11.118 1.718 -9.900 -0.9835 -0.1808 -0.0000
11.198 1.084 -9.900 -0.9835 -0.1808 -0.0000
1.013 0.277 -9.812 -0.9835 -0.1808 -0.0000
1.027 0.219 -9.812 -0.9835 -0.1808 -0.0000
1.038 0.160 -9.812 -0.9835 -0.1808 -0.0000
1.045 0.101 -9.812 -0.9835 -0.1808 -0.0000
1.013 0.277 -9.562 -0.9835 -0.1808 -0.0000
1.027 0.219 -9.562 -0.9835 -0.1808 -0.0000
1.038 0.160 -9.562 -0.9835 -0.1808 -0.0000
1.045 0.101 -9.562 -0.9835 -0.1808 -0.0000
1.013 0.277 -9.812 0.9835 0.1808 0.0000
1.027 0.219 -9.812 0.9835 0.1808 0.0000
1.038 0.160 -9.812 0.9835 0.1808 0.0000
1.045 0.101 -9.812 0.9835 0.1808 0.0000
1.013 0.277 -9.562 0.9835 0.1808 0.0000
1.027 0.219 -9.562 0.9835 0.1808 0.0000
1.038 0.160 -9.562 0.9835 0.1808 0.0000
1.045 0.101 -9.562 0.9835 0.1808 0.0000
10.851 2.969 -9.900 0.9835 0.1808 0.0000
11.002 2.347 -9.900 0.9835 0.1808 0.0000
11.118 1.718 -9.900 0.9835 0.1808 0.0000
11.198 1.084 -9.900 0.9835 0.1808 0.0000
10.851 2.969 -9.200 0.9835 0.1808 0.0000
11.002 2.347 -9.200 0.9835 0.1808 0.0000
11.118 1.718 -9.200 0.9835 0.1808 0.0000
11.198 1.084 -9.200 0.9835 0.1808 0.0000
10.851 2.969 -9.900 -0.9835 -0.1808 -0.0000
11.002 2.347 -9.900 -0.9835 -0.1808 -0.0000
11.118 1.718 -9.900 -0.9835 -0.1808 -0.0000
11.198 1.084 -9.900 -0.9835 -0.1808 -0.0000
10.851 2.969 -9.200 -0.9835 -0.1808 -0.0000
11.002 2.347 -9.200 -0.9835 -0.1808 -0.0000
11.118 1.718 -9.200 -0.9835 -0.1808 -0.0000
11.198 1.084 -9.200 -0.9835 -0.1808 -0.0000
10.851 2.969 -9.200 -0.0000 -0.0000 1.0000
11.002 2.347 -9.200 -0.0000 -0.0000 1.0000
11.118 1.718 -9.200 -0.0000 -0.0000 1.0000
11.198 1.084 -9.200 -0.0000 -0.0000 1.0000
10.514 2.876 -9.188 -0.0000 -0.0000 1.0000
10.660 2.274 -9.188 -0.0000 -0.0000 1.0000
10.772 1.665 -9.188 -0.0000 -0.0000 1.0000
10.849 1.050 -9.188 -0.0000 -0.0000 1.0000
10.851 2.969 -9.200 0.0000 0.0000 -1.0000
11.002 2.347 -9.200 0.0000 0.0000 -1.0000
11.118 1.718 -9.200 0.0000 0.0000 -1.0000
11.198 1.084 -9.200 0.0000 0.0000 -1.0000
10.514 2.876 -9.188 0.0000 0.0000 -1.0000
10.660 2.274 -9.188 0.0000 0.0000 -1.0000
10.772 1.665 -9.188 0.0000 0.0000 -1.0000
10.849 1.050 -9.188 0.0000 0.0000 -1.0000
0 1 5
0 5 4
8 13 9
8 12 13
1 2 6
1 6 5
9 14 10
9 13 14
2 3 7
2 7 6
10 15 11
10 14 15
16 21 17
16 20 21
24 25 29
24 29 28
17 22 18
17 21 22
25 26 30
25 30 29
18 23 19
18 22 23
26 27 31
26 31 30
32 37 33
32 36 37
40 41 45
40 45 44
33 38 34
33 37 38
41 42 46
41 46 45
34 39 35
34 38 39
42 43 47
42 47 46
48 49 53
48 53 52
56 61 57
56 60 61
49 50 54
49 54 53
57 62 58
57 61 62
50 51 55
50 55 54
58 63 59
58 62 63
64 69 65
64 68 69
72 73 77
72 77 76
65 70 66
65 69 70
73 74 78
73 78 77
66 71 67
66 70 71
74 75 79
74 79 78
80 85 81
80 84 85
88 89 93
88 93 92
81 86 82
81 85 86
89 90 94
89 94 93
82 87 83
82 86 87
90 91 95
90 95 94
LABEL sfoot2_slat_3_2
MATERIAL 7
TEXTURE 0
GEOM 104 76 ;sfoot2_slat_3_2
1.046 0.097 -9.562 0.0326 0.0060 0.9995
1.049 0.041 -9.562 0.0326 0.0060 0.9995
1.050 -0.015 -9.562 0.0326 0.0060 0.9995
1.048 -0.071 -9.562 0.0326 0.0060 0.9995
11.202 1.039 -9.900 0.0326 0.0060 0.9995
11.241 0.439 -9.900 0.0326 0.0060 0.9995
11.249 -0.163 -9.900 0.0326 0.0060 0.9995
11.224 -0.765 -9.900 0.0326 0.0060 0.9995
1.046 0.097 -9.562 -0.0326 -0.0060 -0.9995
1.049 0.041 -9.562 -0.0326 -0.0060 -0.9995
1.050 -0.015 -9.562 -0.0326 -0.0060 -0.9995
1.048 -0.071 -9.562 -0.0326 -0.0060 -0.9995
11.202 1.039 -9.900 -0.0326 -0.0060 -0.9995
11.241 0.439 -9.900 -0.0326 -0.0060 -0.9995
11.249 -0.163 -9.900 -0.0326 -0.0060 -0.9995
11.224 -0.765 -9.900 -0.0326 -0.0060 -0.9995
1.046 0.097 -9.812 -0.0326 -0.0060 -0.9995
1.049 0.041 -9.812 -0.0326 -0.0060 -0.9995
1.050 -0.015 -9.812 -0.0326 -0.0060 -0.9995
1.048 -0.071 -9.812 -0.0326 -0.0060 -0.9995
11.202 1.039 -10.150 -0.0326 -0.0060 -0.9995
11.241 0.439 -10.150 -0.0326 -0.0060 -0.9995
11.249 -0.163 -10.150 -0.0326 -0.0060 -0.9995
11.224 -0.765 -10.150 -0.0326 -0.0060 -0.9995
1.046 0.097 -9.812 0.0326 0.0060 0.9995
1.049 0.041 -9.812 0.0326 0.0060 0.9995
1.050 -0.015 -9.812 0.0326 0.0060 0.9995
1.048 -0.071 -9.812 0.0326 0.0060 0.9995
11.202 1.039 -10.150 0.0326 0.0060 0.9995
11.241 0.439 -10.150 0.0326 0.0060 0.9995
11.249 -0.163 -10.150 0.0326 0.0060 0.9995
11.224 -0.765 -10.150 0.0326 0.0060 0.9995
11.202 1.039 -10.150 0.9999 0.0122 0.0000
11.241 0.439 -10.150 0.9999 0.0122 0.0000
11.249 -0.163 -10.150 0.9999 0.0122 0.0000
11.224 -0.765 -10.150 0.9999 0.0122 0.0000
11.202 1.039 -9.900 0.9999 0.0122 0.0000
11.241 0.439 -9.900 0.9999 0.0122 0.0000
11.249 -0.163 -9.900 0.9999 0.0122 0.0000
11.224 -0.765 -9.900 0.9999 0.0122 0.0000
11.202 1.039 -10.150 -0.9999 -0.0122 -0.0000
11.241 0.439 -10.150 -0.9999 -0.0122 -0.0000
11.249 -0.163 -10.150 -0.9999 -0.0122 -0.0000
11.224 -0.765 -10.150 -0.9999 -0.0122 -0.0000
11.202 1.039 -9.900 -0.9999 -0.0122 -0.0000
11.241 0.439 -9.900 -0.9999 -0.0122 -0.0000
11.249 -0.163 -9.900 -0.9999 -0.0122 -0.0000
11.224 -0.765 -9.900 -0.9999 -0.0122 -0.0000
1.046 0.097 -9.812 -0.9999 -0.0122 -0.0000
1.049 0.041 -9.812 -0.9999 -0.0122 -0.0000
1.050 -0.015 -9.812 -0.9999 -0.0122 -0.0000
1.048 -0.071 -9.812 -0.9999 -0.0122 -0.0000
1.046 0.097 -9.562 -0.9999 -0.0122 -0.0000
1.049 0.041 -9.562 -0.9999 -0.0122 -0.0000
1.050 -0.015 -9.562 -0.9999 -0.0122 -0.0000
1.048 -0.071 -9.562 -0.9999 -0.0122 -0.0000
1.046 0.097 -9.812 0.9999 0.0122 0.0000
1.049 0.041 -9.812 0.9999 0.0122 0.0000
1.050 -0.015 -9.812 0.9999 0.0122 0.0000
1.048 -0.071 -9.812 0.9999 0.0122 0.0000
1.046 0.097 -9.562 0.9999 0.0122 0.0000
1.049 0.041 -9.562 0.9999 0.0122 0.0000
1.050 -0.015 -9.562 0.9999 0.0122 0.0000
1.048 -0.071 -9.562 0.9999 0.0122 0.0000
11.202 1.039 -9.900 0.9999 0.0122 0.0000
11.241 0.439 -9.900 0.9999 0.0122 0.0000
11.249 -0.163 -9.900 0.9999 0.0122 0.0000
11.224 -0.765 -9.900 0.9999 0.0122 0.0000
11.202 1.039 -9.200 0.9999 0.0122 0.0000
11.241 0.439 -9.200 0.9999 0.0122 0.0000
11.249 -0.163 -9.200 0.9999 0.0122 0.0000
11.224 -0.765 -9.200 0.9999 0.0122 0.0000
11.202 1.039 -9.900 -0.9999 -0.0122 -0.0000
11.241 0.439 -9.900 -0.9999 -0.0122 -0.0000
11.249 -0.163 -9.900 -0.9999 -0.0122 -0.0000
11.224 -0.765 -9.900 -0.9999 -0.0122 -0.0000
11.202 1.039 -9.200 -0.9999 -0.0122 -0.0000
11.241 0.439 -9.200 -0.9999 -0.0122 -0.0000
11.249 -0.163 -9.200 -0.9999 -0.0122 -0.0000
11.224 -0.765 -9.200 -0.9999 -0.0122 -0.0000
11.202 1.039 -9.200 -0.0000 -0.0000 1.0000
11.241 0.439 -9.200 -0.0000 -0.0000 1.0000
11.249 -0.163 -9.200 -0.0000 -0.0000 1.0000
11.224 -0.765 -9.200 -0.0000 -0.0000 1.0000
10.853 1.007 -9.188 -0.0000 -0.0000 1.0000
10.892 0.425 -9.188 -0.0000 -0.0000 1.0000
10.899 -0.158 -9.188 -0.0000 -0.0000 1.0000
10.875 -0.741 -9.188 -0.0000 -0.0000 1.0000
11.202 1.039 -9.200 0.0000 0.0000 -1.0000
11.241 0.439 -9.200 0.0000 0.0000 -1.0000
11.249 -0.163 -9.200 0.0000 0.0000 -1.0000
11.224 -0.765 -9.200 0.0000 0.0000 -1.0000
10.853 1.007 -9.188 0.0000 0.0000 -1.0000
10.892 0.425 -9.188 0.0000 0.0000 -1.0000
10.899 -0.158 -9.188 0.0000 0.0000 -1.0000
10.875 -0.741 -9.188 0.0000 0.0000 -1.0000
1.048 -0.071 -9.812 -0.0680 -0.9977 -0.0000
11.224 -0.765 -10.150 -0.0680 -0.9977 -0.0000
1.048 -0.071 -9.562 -0.0680 -0.9977 -0.0000
11.224 -0.765 -9.900 -0.0680 -0.9977 -0.0000
1.048 -0.071 -9.812 0.0680 0.9977 0.0000
11.224 -0.765 -10.150 0.0680 0.9977 0.0000
1.048 -0.071 -9.562 0.0680 0.9977 0.0000
11.224 -0.765 -9.900 0.0680 0.9977 0.0000
0 1 5
0 5 4
8 13 9
8 12 13
1 2 6
1 6 5
9 14 10
9 13 14
2 3 7
2 7 6
10 15 11
10 14 15
16 21 17
16 20 21
24 25 29
24 29 28
17 22 18
17 21 22
25 26 30
25 30 29
18 23 19
18 22 23
26 27 31
26 31 30
32 37 33
32 36 37
40 41 45
40 45 44
33 38 34
33 37 38
41 42 46
41 46 45
34 39 35
34 38 39
42 43 47
42 47 46
48 49 53
48 53 52
56 61 57
56 60 61
49 50 54
49 54 53
57 62 58
57 61 62
50 51 55
50 55 54
58 63 59
58 62 63
64 69 65
64 68 69
72 73 77
72 77 76
65 70 66
65 69 70
73 74 78
73 78 77
66 71 67
66 70 71
74 75 79
74 79 78
80 85 81
80 84 85
88 89 93
88 93 92
81 86 82
81 85 86
89 90 94
89 94 93
82 87 83
82 86 87
90 91 95
90 95 94
96 97 99
96 99 98
100 103 101
100 102 103
LABEL sfoot2_strut_3
MATERIAL 9
TEXTURE 0
GEOM 50 48 ;sfoot2_strut_3
1.395 0.208 -5.225 0.5282 -0.0000 0.8491
1.392 -0.039 -5.303 0.5229 -0.4940 0.6946
1.320 -0.220 -5.473 0.3775 -0.8557 0.3540
1.197 -0.286 -5.691 0.1309 -0.9880 -0.0814
1.056 -0.220 -5.898 -0.1507 -0.8557 -0.4951
0.935 -0.039 -6.038 -0.3919 -0.4940 -0.7761
0.867 0.208 -6.075 -0.5282 -0.0000 -0.8491
0.870 0.455 -5.997 -0.5229 0.4940 -0.6946
0.942 0.636 -5.827 -0.3775 0.8557 -0.3540
1.066 0.702 -5.609 -0.1309 0.9880 0.0814
1.206 0.636 -5.402 0.1507 0.8557 0.4951
1.327 0.455 -5.262 0.3919 0.4940 0.7761
4.845 0.842 -7.371 0.5282 -0.0000 0.8491
4.842 0.595 -7.449 0.5229 -0.4940 0.6946
4.770 0.414 -7.619 0.3775 -0.8557 0.3540
4.646 0.348 -7.837 0.1309 -0.9880 -0.0814
4.505 0.414 -8.043 -0.1507 -0.8557 -0.4951
4.385 0.595 -8.184 -0.3919 -0.4940 -0.7761
4.317 0.842 -8.220 -0.5282 -0.0000 -0.8491
4.319 1.089 -8.143 -0.5229 0.4940 -0.6946
4.392 1.270 -7.973 -0.3775 0.8557 -0.3540
4.515 1.336 -7.755 -0.1309 0.9880 0.0814
4.656 1.270 -7.548 0.1507 0.8557 0.4951
4.777 1.089 -7.408 0.3919 0.4940 0.7761
1.131 0.208 -5.650 -0.8390 -0.1542 0.5219
1.395 0.208 -5.225 -0.8390 -0.1542 0.5219
1.392 -0.039 -5.303 -0.8390 -0.1542 0.5219
1.320 -0.220 -5.473 -0.8390 -0.1542 0.5219
1.197 -0.286 -5.691 -0.8390 -0.1542 0.5219
1.056 -0.220 -5.898 -0.8390 -0.1542 0.5219
0.935 -0.039 -6.038 -0.8390 -0.1542 0.5219
0.867 0.208 -6.075 -0.8390 -0.1542 0.5219
0.870 0.455 -5.997 -0.8390 -0.1542 0.5219
0.942 0.636 -5.827 -0.8390 -0.1542 0.5219
1.066 0.702 -5.609 -0.8390 -0.1542 0.5219
1.206 0.636 -5.402 -0.8390 -0.1542 0.5219
1.327 0.455 -5.262 -0.8390 -0.1542 0.5219
4.581 0.842 -7.796 0.8390 0.1542 -0.5219
4.845 0.842 -7.371 0.8390 0.1542 -0.5219
4.842 0.595 -7.449 0.8390 0.1542 -0.5219
4.770 0.414 -7.619 0.8390 0.1542 -0.5219
4.646 0.348 -7.837 0.8390 0.1542 -0.5219
4.505 0.414 -8.043 0.8390 0.1542 -0.5219
4.385 0.595 -8.184 0.8390 0.1542 -0.5219
4.317 0.842 -8.220 0.8390 0.1542 -0.5219
4.319 1.089 -8.143 0.8390 0.1542 -0.5219
4.392 1.270 -7.973 0.8390 0.1542 -0.5219
4.515 1.336 -7.755 0.8390 0.1542 -0.5219
4.656 1.270 -7.548 0.8390 0.1542 -0.5219
4.777 1.089 -7.408 0.8390 0.1542 -0.5219
0 1 13
0 13 12
1 2 14
1 14 13
2 3 15
2 15 14
3 4 16
3 16 15
4 5 17
4 17 16
5 6 18
5 18 17
6 7 19
6 19 18
7 8 20
7 20 19
8 9 21
8 21 20
9 10 22
9 22 21
10 11 23
10 23 22
11 0 12
11 12 23
24 26 25
24 27 26
24 28 27
24 29 28
24 30 29
24 31 30
24 32 31
24 33 32
24 34 33
24 35 34
24 36 35
24 25 36
37 38 39
37 39 40
37 40 41
37 41 42
37 42 43
37 43 44
37 44 45
37 45 46
37 46 47
37 47 48
37 48 49
37 49 38
LABEL sfoot2_rod_3
MATERIAL 7
TEXTURE 0
GEOM 42 40 ;sfoot2_rod_3
4.209 0.749 -7.270 0.5282 -0.0000 0.8491
4.203 0.604 -7.323 0.5043 -0.5808 0.6391
4.149 0.515 -7.436 0.2877 -0.9397 0.1849
4.068 0.515 -7.568 -0.0387 -0.9397 -0.3399
3.990 0.604 -7.666 -0.3503 -0.5808 -0.7348
3.945 0.749 -7.695 -0.5282 -0.0000 -0.8491
3.951 0.895 -7.642 -0.5043 0.5808 -0.6391
4.005 0.984 -7.529 -0.2877 0.9397 -0.1849
4.087 0.984 -7.398 0.0387 0.9397 0.3399
4.165 0.895 -7.299 0.3503 0.5808 0.7348
7.535 1.361 -9.339 0.5282 -0.0000 0.8491
7.529 1.216 -9.392 0.5043 -0.5808 0.6391
7.475 1.126 -9.505 0.2877 -0.9397 0.1849
7.394 1.126 -9.636 -0.0387 -0.9397 -0.3399
7.316 1.216 -9.735 -0.3503 -0.5808 -0.7348
7.271 1.361 -9.764 -0.5282 -0.0000 -0.8491
7.277 1.506 -9.711 -0.5043 0.5808 -0.6391
7.331 1.596 -9.598 -0.2877 0.9397 -0.1849
7.413 1.596 -9.467 0.0387 0.9397 0.3399
7.491 1.506 -9.368 0.3503 0.5808 0.7348
4.077 0.749 -7.483 -0.8390 -0.1542 0.5219
4.209 0.749 -7.270 -0.8390 -0.1542 0.5219
4.203 0.604 -7.323 -0.8390 -0.1542 0.5219
4.149 0.515 -7.436 -0.8390 -0.1542 0.5219
4.068 0.515 -7.568 -0.8390 -0.1542 0.5219
3.990 0.604 -7.666 -0.8390 -0.1542 0.5219
3.945 0.749 -7.695 -0.8390 -0.1542 0.5219
3.951 0.895 -7.642 -0.8390 -0.1542 0.5219
4.005 0.984 -7.529 -0.8390 -0.1542 0.5219
4.087 0.984 -7.398 -0.8390 -0.1542 0.5219
4.165 0.895 -7.299 -0.8390 -0.1542 0.5219
7.403 1.361 -9.551 0.8390 0.1542 -0.5219
7.535 1.361 -9.339 0.8390 0.1542 -0.5219
7.529 1.216 -9.392 0.8390 0.1542 -0.5219
7.475 1.126 -9.505 0.8390 0.1542 -0.5219
7.394 1.126 -9.636 0.8390 0.1542 -0.5219
7.316 1.216 -9.735 0.8390 0.1542 -0.5219
7.271 1.361 -9.764 0.8390 0.1542 -0.5219
7.277 1.506 -9.711 0.8390 0.1542 -0.5219
7.331 1.596 -9.598 0.8390 0.1542 -0.5219
7.413 1.596 -9.467 0.8390 0.1542 -0.5219
7.491 1.506 -9.368 0.8390 0.1542 -0.5219
0 1 11
0 11 10
1 2 12
1 12 11
2 3 13
2 13 12
3 4 14
3 14 13
4 5 15
4 15 14
5 6 16
5 16 15
6 7 17
6 17 16
7 8 18
7 18 17
8 9 19
8 19 18
9 0 10
9 10 19
20 22 21
20 23 22
20 24 23
20 25 24
20 26 25
20 27 26
20 28 27
20 29 28
20 30 29
20 21 30
31 32 33
31 33 34
31 34 35
31 35 36
31 36 37
31 37 38
31 38 39
31 39 40
31 40 41
31 41 32
LABEL sfoot2_skirt_3_0
MATERIAL 7
TEXTURE 0
GEOM 16 12 ;sfoot2_skirt_3_0
10.218 4.706 -11.050 0.9389 0.3441 0.0000
10.456 4.153 -11.050 0.9389 0.3441 0.0000
10.663 3.587 -11.050 0.9389 0.3441 0.0000
10.839 3.012 -11.050 0.9389 0.3441 0.0000
10.218 4.706 -10.150 0.9389 0.3441 0.0000
10.456 4.153 -10.150 0.9389 0.3441 0.0000
10.663 3.587 -10.150 0.9389 0.3441 0.0000
10.839 3.012 -10.150 0.9389 0.3441 0.0000
10.218 4.706 -11.050 -0.9389 -0.3441 -0.0000
10.456 4.153 -11.050 -0.9389 -0.3441 -0.0000
10.663 3.587 -11.050 -0.9389 -0.3441 -0.0000
10.839 3.012 -11.050 -0.9389 -0.3441 -0.0000
10.218 4.706 -10.150 -0.9389 -0.3441 -0.0000
10.456 4.153 -10.150 -0.9389 -0.3441 -0.0000
10.663 3.587 -10.150 -0.9389 -0.3441 -0.0000
10.839 3.012 -10.150 -0.9389 -0.3441 -0.0000
0 5 1
0 4 5
8 9 13
8 13 12
1 6 2
1 5 6
9 10 14
9 14 13
2 7 3
2 6 7
10 11 15
10 15 14
LABEL sfoot2_skirt_3_1
MATERIAL 7
TEXTURE 0
GEOM 16 12 ;sfoot2_skirt_3_1
10.851 2.969 -11.050 0.9835 0.1808 0.0000
11.002 2.347 -11.050 0.9835 0.1808 0.0000
11.118 1.718 -11.050 0.9835 0.1808 0.0000
11.198 1.084 -11.050 0.9835 0.1808 0.0000
10.851 2.969 -10.150 0.9835 0.1808 0.0000
11.002 2.347 -10.150 0.9835 0.1808 0.0000
11.118 1.718 -10.150 0.9835 0.1808 0.0000
11.198 1.084 -10.150 0.9835 0.1808 0.0000
10.851 2.969 -11.050 -0.9835 -0.1808 -0.0000
11.002 2.347 -11.050 -0.9835 -0.1808 -0.0000
11.118 1.718 -11.050 -0.9835 -0.1808 -0.0000
11.198 1.084 -11.050 -0.9835 -0.1808 -0.0000
10.851 2.969 -10.150 -0.9835 -0.1808 -0.0000
11.002 2.347 -10.150 -0.9835 -0.1808 -0.0000
11.118 1.718 -10.150 -0.9835 -0.1808 -0.0000
11.198 1.084 -10.150 -0.9835 -0.1808 -0.0000
0 5 1
0 4 5
8 9 13
8 13 12
1 6 2
1 5 6
9 10 14
9 14 13
2 7 3
2 6 7
10 11 15
10 15 14
LABEL sfoot2_skirt_3_2
MATERIAL 7
TEXTURE 0
GEOM 16 12 ;sfoot2_skirt_3_2
11.202 1.039 -11.050 0.9999 0.0122 0.0000
11.241 0.439 -11.050 0.9999 0.0122 0.0000
11.249 -0.163 -11.050 0.9999 0.0122 0.0000
11.224 -0.765 -11.050 0.9999 0.0122 0.0000
11.202 1.039 -10.150 0.9999 0.0122 0.0000
11.241 0.439 -10.150 0.9999 0.0122 0.0000
11.249 -0.163 -10.150 0.9999 0.0122 0.0000
11.224 -0.765 -10.150 0.9999 0.0122 0.0000
11.202 1.039 -11.050 -0.9999 -0.0122 -0.0000
11.241 0.439 -11.050 -0.9999 -0.0122 -0.0000
11.249 -0.163 -11.050 -0.9999 -0.0122 -0.0000
11.224 -0.765 -11.050 -0.9999 -0.0122 -0.0000
11.202 1.039 -10.150 -0.9999 -0.0122 -0.0000
11.241 0.439 -10.150 -0.9999 -0.0122 -0.0000
11.249 -0.163 -10.150 -0.9999 -0.0122 -0.0000
11.224 -0.765 -10.150 -0.9999 -0.0122 -0.0000
0 5 1
0 4 5
8 9 13
8 13 12
1 6 2
1 5 6
9 10 14
9 14 13
2 7 3
2 6 7
10 11 15
10 15 14
LABEL sfoot2_petal_4
MATERIAL 7
TEXTURE 0
GEOM 66 52 ;sfoot2_petal_4
0.973 0.025 -9.557 -0.9416 0.3350 0.0332
0.738 -0.634 -9.557 -0.9416 0.3350 0.0332
0.752 -0.639 -9.107 -0.9416 0.3350 0.0332
0.987 0.020 -9.107 -0.9416 0.3350 0.0332
10.347 -3.310 -9.887 0.9416 -0.3350 -0.0332
10.113 -3.970 -9.887 0.9416 -0.3350 -0.0332
10.127 -3.975 -9.437 0.9416 -0.3350 -0.0332
10.361 -3.315 -9.437 0.9416 -0.3350 -0.0332
0.973 0.025 -9.557 0.3352 0.9421 0.0000
10.347 -3.310 -9.887 0.3352 0.9421 0.0000
10.361 -3.315 -9.437 0.3352 0.9421 0.0000
0.987 0.020 -9.107 0.3352 0.9421 0.0000
0.738 -0.634 -9.557 -0.3352 -0.9421 -0.0000
10.113 -3.970 -9.887 -0.3352 -0.9421 -0.0000
10.127 -3.975 -9.437 -0.3352 -0.9421 -0.0000
0.752 -0.639 -9.107 -0.3352 -0.9421 -0.0000
0.973 0.025 -9.557 -0.0312 0.0111 -0.9995
10.347 -3.310 -9.887 -0.0312 0.0111 -0.9995
10.113 -3.970 -9.887 -0.0312 0.0111 -0.9995
0.738 -0.634 -9.557 -0.0312 0.0111 -0.9995
0.987 0.020 -9.107 0.0312 -0.0111 0.9995
10.361 -3.315 -9.437 0.0312 -0.0111 0.9995
10.127 -3.975 -9.437 0.0312 -0.0111 0.9995
0.752 -0.639 -9.107 0.0312 -0.0111 0.9995
0.810 0.189 -9.300 -0.0000 0.0000 1.0000
0.644 0.248 -9.357 -0.5538 0.1970 0.8090
0.542 0.285 -9.507 -0.8960 0.3188 0.3090
0.542 0.285 -9.693 -0.8960 0.3188 -0.3090
0.644 0.248 -9.843 -0.5538 0.1970 -0.8090
0.810 0.189 -9.900 -0.0000 0.0000 -1.0000
0.976 0.130 -9.843 0.5538 -0.1970 -0.8090
1.079 0.094 -9.693 0.8960 -0.3188 -0.3090
1.079 0.094 -9.507 0.8960 -0.3188 0.3090
0.976 0.130 -9.357 0.5538 -0.1970 0.8090
0.509 -0.659 -9.300 -0.0000 0.0000 1.0000
0.343 -0.600 -9.357 -0.5538 0.1970 0.8090
0.240 -0.563 -9.507 -0.8960 0.3188 0.3090
0.240 -0.563 -9.693 -0.8960 0.3188 -0.3090
0.343 -0.600 -9.843 -0.5538 0.1970 -0.8090
0.509 -0.659 -9.900 -0.0000 0.0000 -1.0000
0.675 -0.718 -9.843 0.5538 -0.1970 -0.8090
0.777 -0.754 -9.693 0.8960 -0.3188 -0.3090
0.777 -0.754 -9.507 0.8960 -0.3188 0.3090
0.675 -0.718 -9.357 0.5538 -0.1970 0.8090
0.810 0.189 -9.600 0.3352 0.9421 -0.0000
0.810 0.189 -9.300 0.3352 0.9421 -0.0000
0.644 0.248 -9.357 0.3352 0.9421 -0.0000
0.542 0.285 -9.507 0.3352 0.9421 -0.0000
0.542 0.285 -9.693 0.3352 0.9421 -0.0000
0.644 0.248 -9.843 0.3352 0.9421 -0.0000
0.810 0.189 -9.900 0.3352 0.9421 -0.0000
0.976 0.130 -9.843 0.3352 0.9421 -0.0000
1.079 0.094 -9.693 0.3352 0.9421 -0.0000
1.079 0.094 -9.507 0.3352 0.9421 -0.0000
0.976 0.130 -9.357 0.3352 0.9421 -0.0000
0.509 -0.659 -9.600 -0.3352 -0.9421 0.0000
0.509 -0.659 -9.300 -0.3352 -0.9421 0.0000
0.343 -0.600 -9.357 -0.3352 -0.9421 0.0000
0.240 -0.563 -9.507 -0.3352 -0.9421 0.0000
0.240 -0.563 -9.693 -0.3352 -0.9421 0.0000
0.343 -0.600 -9.843 -0.3352 -0.9421 0.0000
0.509 -0.659 -9.900 -0.3352 -0.9421 0.0000
0.675 -0.718 -9.843 -0.3352 -0.9421 0.0000
0.777 -0.754 -9.693 -0.3352 -0.9421 0.0000
0.777 -0.754 -9.507 -0.3352 -0.9421 0.0000
0.675 -0.718 -9.357 -0.3352 -0.9421 0.0000
0 1 2
0 2 3
4 6 5
4 7 6
8 10 9
8 11 10
12 13 14
12 14 15
16 17 18
16 18 19
20 22 21
20 23 22
24 25 35
24 35 34
25 26 36
25 36 35
26 27 37
26 37 36
27 28 38
27 38 37
28 29 39
28 39 38
29 30 40
29 40 39
30 31 41
30 41 40
31 32 42
31 42 41
32 33 43
32 43 42
33 24 34
33 34 43
44 46 45
44 47 46
44 48 47
44 49 48
44 50 49
44 51 50
44 52 51
44 53 52
44 54 53
44 45 54
55 56 57
55 57 58
55 58 59
55 59 60
55 60 61
55 61 62
55 62 63
55 63 64
55 64 65
55 65 56
LABEL sfoot2_slat_4_0
MATERIAL 7
TEXTURE 0
GEOM 104 76 ;sfoot2_slat_4_0
1.046 -0.096 -9.562 0.0312 -0.0111 0.9995
1.039 -0.152 -9.562 0.0312 -0.0111 0.9995
1.029 -0.208 -9.562 0.0312 -0.0111 0.9995
1.017 -0.262 -9.562 0.0312 -0.0111 0.9995
11.202 -1.034 -9.900 0.0312 -0.0111 0.9995
11.131 -1.632 -9.900 0.0312 -0.0111 0.9995
11.028 -2.225 -9.900 0.0312 -0.0111 0.9995
10.893 -2.811 -9.900 0.0312 -0.0111 0.9995
1.046 -0.096 -9.562 -0.0312 0.0111 -0.9995
1.039 -0.152 -9.562 -0.0312 0.0111 -0.9995
1.029 -0.208 -9.562 -0.0312 0.0111 -0.9995
1.017 -0.262 -9.562 -0.0312 0.0111 -0.9995
11.202 -1.034 -9.900 -0.0312 0.0111 -0.9995
11.131 -1.632 -9.900 -0.0312 0.0111 -0.9995
11.028 -2.225 -9.900 -0.0312 0.0111 -0.9995
10.893 -2.811 -9.900 -0.0312 0.0111 -0.9995
1.046 -0.096 -9.812 -0.0312 0.0111 -0.9995
1.039 -0.152 -9.812 -0.0312 0.0111 -0.9995
1.029 -0.208 -9.812 -0.0312 0.0111 -0.9995
1.017 -0.262 -9.812 -0.0312 0.0111 -0.9995
11.202 -1.034 -10.150 -0.0312 0.0111 -0.9995
11.131 -1.632 -10.150 -0.0312 0.0111 -0.9995
11.028 -2.225 -10.150 -0.0312 0.0111 -0.9995
10.893 -2.811 -10.150 -0.0312 0.0111 -0.9995
1.046 -0.096 -9.812 0.0312 -0.0111 0.9995
1.039 -0.152 -9.812 0.0312 -0.0111 0.9995
1.029 -0.208 -9.812 0.0312 -0.0111 0.9995
1.017 -0.262 -9.812 0.0312 -0.0111 0.9995
11.202 -1.034 -10.150 0.0312 -0.0111 0.9995
11.131 -1.632 -10.150 0.0312 -0.0111 0.9995
11.028 -2.225 -10.150 0.0312 -0.0111 0.9995
10.893 -2.811 -10.150 0.0312 -0.0111 0.9995
11.202 -1.034 -10.150 0.9852 -0.1714 0.0000
11.131 -1.632 -10.150 0.9852 -0.1714 0.0000
11.028 -2.225 -10.150 0.9852 -0.1714 0.0000
10.893 -2.811 -10.150 0.9852 -0.1714 0.0000
11.202 -1.034 -9.900 0.9852 -0.1714 0.0000
11.131 -1.632 -9.900 0.9852 -0.1714 0.0000
11.028 -2.225 -9.900 0.9852 -0.1714 0.0000
10.893 -2.811 -9.900 0.9852 -0.1714 0.0000
11.202 -1.034 -10.150 -0.9852 0.1714 -0.0000
11.131 -1.632 -10.150 -0.9852 0.1714 -0.0000
11.028 -2.225 -10.150 -0.9852 0.1714 -0.0000
10.893 -2.811 -10.150 -0.9852 0.1714 -0.0000
11.202 -1.034 -9.900 -0.9852 0.1714 -0.0000
11.131 -1.632 -9.900 -0.9852 0.1714 -0.0000
11.028 -2.225 -9.900 -0.9852 0.1714 -0.0000
10.893 -2.811 -9.900 -0.9852 0.1714 -0.0000
1.046 -0.096 -9.812 -0.9852 0.1714 -0.0000
1.039 -0.152 -9.812 -0.9852 0.1714 -0.0000
1.029 -0.208 -9.812 -0.9852 0.1714 -0.0000
1.017 -0.262 -9.812 -0.9852 0.1714 -0.0000
1.046 -0.096 -9.562 -0.9852 0.1714 -0.0000
1.039 -0.152 -9.562 -0.9852 0.1714 -0.0000
1.029 -0.208 -9.562 -0.9852 0.1714 -0.0000
1.017 -0.262 -9.562 -0.9852 0.1714 -0.0000
1.046 -0.096 -9.812 0.9852 -0.1714 0.0000
1.039 -0.152 -9.812 0.9852 -0.1714 0.0000
1.029 -0.208 -9.812 0.9852 -0.1714 0.0000
1.017 -0.262 -9.812 0.9852 -0.1714 0.0000
1.046 -0.096 -9.562 0.9852 -0.1714 0.0000
1.039 -0.152 -9.562 0.9852 -0.1714 0.0000
1.029 -0.208 -9.562 0.9852 -0.1714 0.0000
1.017 -0.262 -9.562 0.9852 -0.1714 0.0000
11.202 -1.034 -9.900 0.9852 -0.1714 0.0000
11.131 -1.632 -9.900 0.9852 -0.1714 0.0000
11.028 -2.225 -9.900 0.9852 -0.1714 0.0000
10.893 -2.811 -9.900 0.9852 -0.1714 0.0000
11.202 -1.034 -9.200 0.9852 -0.1714 0.0000
11.131 -1.632 -9.200 0.9852 -0.1714 0.0000
11.028 -2.225 -9.200 0.9852 -0.1714 0.0000
10.893 -2.811 -9.200 0.9852 -0.1714 0.0000
11.202 -1.034 -9.900 -0.9852 0.1714 -0.0000
11.131 -1.632 -9.900 -0.9852 0.1714 -0.0000
11.028 -2.225 -9.900 -0.9852 0.1714 -0.0000
10.893 -2.811 -9.900 -0.9852 0.1714 -0.0000
11.202 -1.034 -9.200 -0.9852 0.1714 -0.0000
11.131 -1.632 -9.200 -0.9852 0.1714 -0.0000
11.028 -2.225 -9.200 -0.9852 0.1714 -0.0000
10.893 -2.811 -9.200 -0.9852 0.1714 -0.0000
11.202 -1.034 -9.200 -0.0000 -0.0000 1.0000
11.131 -1.632 -9.200 -0.0000 -0.0000 1.0000
11.028 -2.225 -9.200 -0.0000 -0.0000 1.0000
10.893 -2.811 -9.200 -0.0000 -0.0000 1.0000
10.854 -1.002 -9.188 -0.0000 -0.0000 1.0000
10.785 -1.581 -9.188 -0.0000 -0.0000 1.0000
10.685 -2.155 -9.188 -0.0000 -0.0000 1.0000
10.554 -2.724 -9.188 -0.0000 -0.0000 1.0000
11.202 -1.034 -9.200 0.0000 0.0000 -1.0000
11.131 -1.632 -9.200 0.0000 0.0000 -1.0000
11.028 -2.225 -9.200 0.0000 0.0000 -1.0000
10.893 -2.811 -9.200 0.0000 0.0000 -1.0000
10.854 -1.002 -9.188 0.0000 0.0000 -1.0000
10.785 -1.581 -9.188 0.0000 0.0000 -1.0000
10.685 -2.155 -9.188 0.0000 0.0000 -1.0000
10.554 -2.724 -9.188 0.0000 0.0000 -1.0000
1.046 -0.096 -9.812 -0.0919 -0.9958 -0.0000
11.202 -1.034 -10.150 -0.0919 -0.9958 -0.0000
1.046 -0.096 -9.562 -0.0919 -0.9958 -0.0000
11.202 -1.034 -9.900 -0.0919 -0.9958 -0.0000
1.046 -0.096 -9.812 0.0919 0.9958 0.0000
11.202 -1.034 -10.150 0.0919 0.9958 0.0000
1.046 -0.096 -9.562 0.0919 0.9958 0.0000
11.202 -1.034 -9.900 0.0919 0.9958 0.0000
0 1 5
0 5 4
8 13 9
8 12 13
1 2 6
1 6 5
9 14 10
9 13 14
2 3 7
2 7 6
10 15 11
10 14 15
16 21 17
16 20 21
24 25 29
24 29 28
17 22 18
17 21 22
25 26 30
25 30 29
18 23 19
18 22 23
26 27 31
26 31 30
32 37 33
32 36 37
40 41 45
40 45 44
33 38 34
33 37 38
41 42 46
41 46 45
34 39 35
34 38 39
42 43 47
42 47 46
48 49 53
48 53 52
56 61 57
56 60 61
49 50 54
49 54 53
57 62 58
57 61 62
50 51 55
50 55 54
58 63 59
58 62 63
64 69 65
64 68 69
72 73 77
72 77 76
65 70 66
65 69 70
73 74 78
73 78 77
66 71 67
66 70 71
74 75 79
74 79 78
80 85 81
80 84 85
88 89 93
88 93 92
81 86 82
81 85 86
89 90 94
89 94 93
82 87 83
82 86 87
90 91 95
90 95 94
96 97 99
96 99 98
100 103 101
100 102 103
LABEL sfoot2_slat_4_1
MATERIAL 7
TEXTURE 0
GEOM 96 72 ;sfoot2_slat_4_1
1.016 -0.266 -9.562 0.0312 -0.0111 0.9995
0.999 -0.324 -9.562 0.0312 -0.0111 0.9995
0.979 -0.380 -9.562 0.0312 -0.0111 0.9995
0.956 -0.435 -9.562 0.0312 -0.0111 0.9995
10.882 -2.855 -9.900 0.0312 -0.0111 0.9995
10.702 -3.468 -9.900 0.0312 -0.0111 0.9995
10.488 -4.071 -9.900 0.0312 -0.0111 0.9995
10.239 -4.660 -9.900 0.0312 -0.0111 0.9995
1.016 -0.266 -9.562 -0.0312 0.0111 -0.9995
0.999 -0.324 -9.562 -0.0312 0.0111 -0.9995
0.979 -0.380 -9.562 -0.0312 0.0111 -0.9995
0.956 -0.435 -9.562 -0.0312 0.0111 -0.9995
10.882 -2.855 -9.900 -0.0312 0.0111 -0.9995
10.702 -3.468 -9.900 -0.0312 0.0111 -0.9995
10.488 -4.071 -9.900 -0.0312 0.0111 -0.9995
10.239 -4.660 -9.900 -0.0312 0.0111 -0.9995
1.016 -0.266 -9.812 -0.0312 0.0111 -0.9995
0.999 -0.324 -9.812 -0.0312 0.0111 -0.9995
0.979 -0.380 -9.812 -0.0312 0.0111 -0.9995
0.956 -0.435 -9.812 -0.0312 0.0111 -0.9995
10.882 -2.855 -10.150 -0.0312 0.0111 -0.9995
10.702 -3.468 -10.150 -0.0312 0.0111 -0.9995
10.488 -4.071 -10.150 -0.0312 0.0111 -0.9995
10.239 -4.660 -10.150 -0.0312 0.0111 -0.9995
1.016 -0.266 -9.812 0.0312 -0.0111 0.9995
0.999 -0.324 -9.812 0.0312 -0.0111 0.9995
0.979 -0.380 -9.812 0.0312 -0.0111 0.9995
0.956 -0.435 -9.812 0.0312 -0.0111 0.9995
10.882 -2.855 -10.150 0.0312 -0.0111 0.9995
10.702 -3.468 -10.150 0.0312 -0.0111 0.9995
10.488 -4.071 -10.150 0.0312 -0.0111 0.9995
10.239 -4.660 -10.150 0.0312 -0.0111 0.9995
10.882 -2.855 -10.150 0.9421 -0.3352 0.0000
10.702 -3.468 -10.150 0.9421 -0.3352 0.0000
10.488 -4.071 -10.150 0.9421 -0.3352 0.0000
10.239 -4.660 -10.150 0.9421 -0.3352 0.0000
10.882 -2.855 -9.900 0.9421 -0.3352 0.0000
10.702 -3.468 -9.900 0.9421 -0.3352 0.0000
10.488 -4.071 -9.900 0.9421 -0.3352 0.0000
10.239 -4.660 -9.900 0.9421 -0.3352 0.0000
10.882 -2.855 -10.150 -0.9421 0.3352 -0.0000
10.702 -3.468 -10.150 -0.9421 0.3352 -0.0000
10.488 -4.071 -10.150 -0.9421 0.3352 -0.0000
10.239 -4.660 -10.150 -0.9421 0.3352 -0.0000
10.882 -2.855 -9.900 -0.9421 0.3352 -0.0000
10.702 -3.468 -9.900 -0.9421 0.3352 -0.0000
10.488 -4.071 -9.900 -0.9421 0.3352 -0.0000
10.239 -4.660 -9.900 -0.9421 0.3352 -0.0000
1.016 -0.266 -9.812 -0.9421 0.3352 -0.0000
0.999 -0.324 -9.812 -0.9421 0.3352 -0.0000
0.979 -0.380 -9.812 -0.9421 0.3352 -0.0000
0.956 -0.435 -9.812 -0.9421 0.3352 -0.0000
1.016 -0.266 -9.562 -0.9421 0.3352 -0.0000
0.999 -0.324 -9.562 -0.9421 0.3352 -0.0000
0.979 -0.380 -9.562 -0.9421 0.3352 -0.0000
0.956 -0.435 -9.562 -0.9421 0.3352 -0.0000
1.016 -0.266 -9.812 0.9421 -0.3352 0.0000
0.999 -0.324 -9.812 0.9421 -0.3352 0.0000
0.979 -0.380 -9.812 0.9421 -0.3352 0.0000
0.956 -0.435 -9.812 0.9421 -0.3352 0.0000
1.016 -0.266 -9.562 0.9421 -0.3352 0.0000
0.999 -0.324 -9.562 0.9421 -0.3352 0.0000
0.979 -0.380 -9.562 0.9421 -0.3352 0.0000
0.956 -0.435 -9.562 0.9421 -0.3352 0.0000
10.882 -2.855 -9.900 0.9421 -0.3352 0.0000
10.702 -3.468 -9.900 0.9421 -0.3352 0.0000
10.488 -4.071 -9.900 0.9421 -0.3352 0.0000
10.239 -4.660 -9.900 0.9421 -0.3352 0.0000
10.882 -2.855 -9.200 0.9421 -0.3352 0.0000
10.702 -3.468 -9.200 0.9421 -0.3352 0.0000
10.488 -4.071 -9.200 0.9421 -0.3352 0.0000
10.239 -4.660 -9.200 0.9421 -0.3352 0.0000
10.882 -2.855 -9.900 -0.9421 0.3352 -0.0000
10.702 -3.468 -9.900 -0.9421 0.3352 -0.0000
10.488 -4.071 -9.900 -0.9421 0.3352 -0.0000
10.239 -4.660 -9.900 -0.9421 0.3352 -0.0000
10.882 -2.855 -9.200 -0.9421 0.3352 -0.0000
10.702 -3.468 -9.200 -0.9421 0.3352 -0.0000
10.488 -4.071 -9.200 -0.9421 0.3352 -0.0000
10.239 -4.660 -9.200 -0.9421 0.3352 -0.0000
10.882 -2.855 -9.200 -0.0000 -0.0000 1.0000
10.702 -3.468 -9.200 -0.0000 -0.0000 1.0000
10.488 -4.071 -9.200 -0.0000 -0.0000 1.0000
10.239 -4.660 -9.200 -0.0000 -0.0000 1.0000
10.543 -2.766 -9.188 -0.0000 -0.0000 1.0000
10.369 -3.360 -9.188 -0.0000 -0.0000 1.0000
10.161 -3.944 -9.188 -0.0000 -0.0000 1.0000
9.921 -4.515 -9.188 -0.0000 -0.0000 1.0000
10.882 -2.855 -9.200 0.0000 0.0000 -1.0000
10.702 -3.468 -9.200 0.0000 0.0000 -1.0000
10.488 -4.071 -9.200 0.0000 0.0000 -1.0000
10.239 -4.660 -9.200 0.0000 0.0000 -1.0000
10.543 -2.766 -9.188 0.0000 0.0000 -1.0000
10.369 -3.360 -9.188 0.0000 0.0000 -1.0000
10.161 -3.944 -9.188 0.0000 0.0000 -1.0000
9.921 -4.515 -9.188 0.0000 0.0000 -1.0000
0 1 5
0 5 4
8 13 9
8 12 13
1 2 6
1 6 5
9 14 10
9 13 14
2 3 7
2 7 6
10 15 11
10 14 15
16 21 17
16 20 21
24 25 29
24 29 28
17 22 18
17 21 22
25 26 30
25 30 29
18 23 19
18 22 23
26 27 31
26 31 30
32 37 33
32 36 37
40 41 45
40 45 44
33 38 34
33 37 38
41 42 46
41 46 45
34 39 35
34 38 39
42 43 47
42 47 46
48 49 53
48 53 52
56 61 57
56 60 61
49 50 54
49 54 53
57 62 58
57 61 62
50 51 55
50 55 54
58 63 59
58 62 63
64 69 65
64 68 69
72 73 77
72 77 76
65 70 66
65 69 70
73 74 78
73 78 77
66 71 67
66 70 71
74 75 79
74 79 78
80 85 81
80 84 85
88 89 93
88 93 92
81 86 82
81 85 86
89 90 94
89 94 93
82 87 83
82 86 87
90 91 95
90 95 94
LABEL sfoot2_slat_4_2
MATERIAL 7
TEXTURE 0
GEOM 104 76 ;sfoot2_slat_4_2
0.954 -0.439 -9.562 0.0312 -0.0111 0.9995
0.929 -0.489 -9.562 0.0312 -0.0111 0.9995
0.902 -0.538 -9.562 0.0312 -0.0111 0.9995
0.872 -0.586 -9.562 0.0312 -0.0111 0.9995
10.221 -4.701 -9.900 0.0312 -0.0111 0.9995
9.955 -5.241 -9.900 0.0312 -0.0111 0.9995
9.660 -5.766 -9.900 0.0312 -0.0111 0.9995
9.338 -6.274 -9.900 0.0312 -0.0111 0.9995
0.954 -0.439 -9.562 -0.0312 0.0111 -0.9995
0.929 -0.489 -9.562 -0.0312 0.0111 -0.9995
0.902 -0.538 -9.562 -0.0312 0.0111 -0.9995
0.872 -0.586 -9.562 -0.0312 0.0111 -0.9995
10.221 -4.701 -9.900 -0.0312 0.0111 -0.9995
9.955 -5.241 -9.900 -0.0312 0.0111 -0.9995
9.660 -5.766 -9.900 -0.0312 0.0111 -0.9995
9.338 -6.274 -9.900 -0.0312 0.0111 -0.9995
0.954 -0.439 -9.812 -0.0312 0.0111 -0.9995
0.929 -0.489 -9.812 -0.0312 0.0111 -0.9995
0.902 -0.538 -9.812 -0.0312 0.0111 -0.9995
0.872 -0.586 -9.812 -0.0312 0.0111 -0.9995
10.221 -4.701 -10.150 -0.0312 0.0111 -0.9995
9.955 -5.241 -10.150 -0.0312 0.0111 -0.9995
9.660 -5.766 -10.150 -0.0312 0.0111 -0.9995
9.338 -6.274 -10.150 -0.0312 0.0111 -0.9995
0.954 -0.439 -9.812 0.0312 -0.0111 0.9995
0.929 -0.489 -9.812 0.0312 -0.0111 0.9995
0.902 -0.538 -9.812 0.0312 -0.0111 0.9995
0.872 -0.586 -9.812 0.0312 -0.0111 0.9995
10.221 -4.701 -10.150 0.0312 -0.0111 0.9995
9.955 -5.241 -10.150 0.0312 -0.0111 0.9995
9.660 -5.766 -10.150 0.0312 -0.0111 0.9995
9.338 -6.274 -10.150 0.0312 -0.0111 0.9995
10.221 -4.701 -10.150 0.8721 -0.4894 0.0000
9.955 -5.241 -10.150 0.8721 -0.4894 0.0000
9.660 -5.766 -10.150 0.8721 -0.4894 0.0000
9.338 -6.274 -10.150 0.8721 -0.4894 0.0000
10.221 -4.701 -9.900 0.8721 -0.4894 0.0000
9.955 -5.241 -9.900 0.8721 -0.4894 0.0000
9.660 -5.766 -9.900 0.8721 -0.4894 0.0000
9.338 -6.274 -9.900 0.8721 -0.4894 0.0000
10.221 -4.701 -10.150 -0.8721 0.4894 -0.0000
9.955 -5.241 -10.150 -0.8721 0.4894 -0.0000
9.660 -5.766 -10.150 -0.8721 0.4894 -0.0000
9.338 -6.274 -10.150 -0.8721 0.4894 -0.0000
10.221 -4.701 -9.900 -0.8721 0.4894 -0.0000
9.955 -5.241 -9.900 -0.8721 0.4894 -0.0000
9.660 -5.766 -9.900 -0.8721 0.4894 -0.0000
9.338 -6.274 -9.900 -0.8721 0.4894 -0.0000
0.954 -0.439 -9.812 -0.8721 0.4894 -0.0000
0.929 -0.489 -9.812 -0.8721 0.4894 -0.0000
0.902 -0.538 -9.812 -0.8721 0.4894 -0.0000
0.872 -0.586 -9.812 -0.8721 0.4894 -0.0000
0.954 -0.439 -9.562 -0.8721 0.4894 -0.0000
0.929 -0.489 -9.562 -0.8721 0.4894 -0.0000
0.902 -0.538 -9.562 -0.8721 0.4894 -0.0000
0.872 -0.586 -9.562 -0.8721 0.4894 -0.0000
0.954 -0.439 -9.812 0.8721 -0.4894 0.0000
0.929 -0.489 -9.812 0.8721 -0.4894 0.0000
0.902 -0.538 -9.812 0.8721 -0.4894 0.0000
0.872 -0.586 -9.812 0.8721 -0.4894 0.0000
0.954 -0.439 -9.562 0.8721 -0.4894 0.0000
0.929 -0.489 -9.562 0.8721 -0.4894 0.0000
0.902 -0.538 -9.562 0.8721 -0.4894 0.0000
0.872 -0.586 -9.562 0.8721 -0.4894 0.0000
10.221 -4.701 -9.900 0.8721 -0.4894 0.0000
9.955 -5.241 -9.900 0.8721 -0.4894 0.0000
9.660 -5.766 -9.900 0.8721 -0.4894 0.0000
9.338 -6.274 -9.900 0.8721 -0.4894 0.0000
10.221 -4.701 -9.200 0.8721 -0.4894 0.0000
9.955 -5.241 -9.200 0.8721 -0.4894 0.0000
9.660 -5.766 -9.200 0.8721 -0.4894 0.0000
9.338 -6.274 -9.200 0.8721 -0.4894 0.0000
10.221 -4.701 -9.900 -0.8721 0.4894 -0.0000
9.955 -5.241 -9.900 -0.8721 0.4894 -0.0000
9.660 -5.766 -9.900 -0.8721 0.4894 -0.0000
9.338 -6.274 -9.900 -0.8721 0.4894 -0.0000
10.221 -4.701 -9.200 -0.8721 0.4894 -0.0000
9.955 -5.241 -9.200 -0.8721 0.4894 -0.0000
9.660 -5.766 -9.200 -0.8721 0.4894 -0.0000
9.338 -6.274 -9.200 -0.8721 0.4894 -0.0000
10.221 -4.701 -9.200 -0.0000 -0.0000 1.0000
9.955 -5.241 -9.200 -0.0000 -0.0000 1.0000
9.660 -5.766 -9.200 -0.0000 -0.0000 1.0000
9.338 -6.274 -9.200 -0.0000 -0.0000 1.0000
9.903 -4.555 -9.188 -0.0000 -0.0000 1.0000
9.645 -5.078 -9.188 -0.0000 -0.0000 1.0000
9.360 -5.586 -9.188 -0.0000 -0.0000 1.0000
9.047 -6.079 -9.188 -0.0000 -0.0000 1.0000
10.221 -4.701 -9.200 0.0000 0.0000 -1.0000
9.955 -5.241 -9.200 0.0000 0.0000 -1.0000
9.660 -5.766 -9.200 0.0000 0.0000 -1.0000
9.338 -6.274 -9.200 0.0000 0.0000 -1.0000
9.903 -4.555 -9.188 0.0000 0.0000 -1.0000
9.645 -5.078 -9.188 0.0000 0.0000 -1.0000
9.360 -5.586 -9.188 0.0000 0.0000 -1.0000
9.047 -6.079 -9.188 0.0000 0.0000 -1.0000
0.872 -0.586 -9.812 -0.5577 -0.8300 -0.0000
9.338 -6.274 -10.150 -0.5577 -0.8300 -0.0000
0.872 -0.586 -9.562 -0.5577 -0.8300 -0.0000
9.338 -6.274 -9.900 -0.5577 -0.8300 -0.0000
0.872 -0.586 -9.812 0.5577 0.8300 0.0000
9.338 -6.274 -10.150 0.5577 0.8300 0.0000
0.872 -0.586 -9.562 0.5577 0.8300 0.0000
9.338 -6.274 -9.900 0.5577 0.8300 0.0000
0 1 5
0 5 4
8 13 9
8 12 13
1 2 6
1 6 5
9 14 10
9 13 14
2 3 7
2 7 6
10 15 11
10 14 15
16 21 17
16 20 21
24 25 29
24 29 28
17 22 18
17 21 22
25 26 30
25 30 29
18 23 19
18 22 23
26 27 31
26 31 30
32 37 33
32 36 37
40 41 45
40 45 44
33 38 34
33 37 38
41 42 46
41 46 45
34 39 35
34 38 39
42 43 47
42 47 46
48 49 53
48 53 52
56 61 57
56 60 61
49 50 54
49 54 53
57 62 58
57 61 62
50 51 55
50 55 54
58 63 59
58 62 63
64 69 65
64 68 69
72 73 77
72 77 76
65 70 66
65 69 70
73 74 78
73 78 77
66 71 67
66 70 71
74 75 79
74 79 78
80 85 81
80 84 85
88 89 93
88 93 92
81 86 82
81 85 86
89 90 94
89 94 93
82 87 83
82 86 87
90 91 95
90 95 94
96 97 99
96 99 98
100 103 101
100 102 103
LABEL sfoot2_strut_4
MATERIAL 9
TEXTURE 0
GEOM 50 48 ;sfoot2_strut_4
1.356 -0.385 -5.231 0.5446 -0.0000 0.8387
1.259 -0.625 -5.248 0.3517 -0.4791 0.8042
1.116 -0.800 -5.373 0.0646 -0.8299 0.5542
0.964 -0.865 -5.572 -0.2398 -0.9582 0.1557
0.843 -0.800 -5.792 -0.4800 -0.8299 -0.2845
0.788 -0.625 -5.974 -0.5915 -0.4791 -0.6485
0.811 -0.385 -6.069 -0.5446 -0.0000 -0.8387
0.908 -0.146 -6.052 -0.3517 0.4791 -0.8042
1.051 0.029 -5.927 -0.0646 0.8299 -0.5542
1.203 0.094 -5.728 0.2398 0.9582 -0.1557
1.323 0.029 -5.508 0.4800 0.8299 0.2845
1.379 -0.146 -5.326 0.5915 0.4791 0.6485
4.660 -1.561 -7.376 0.5446 -0.0000 0.8387
4.564 -1.801 -7.394 0.3517 -0.4791 0.8042
4.420 -1.976 -7.519 0.0646 -0.8299 0.5542
4.268 -2.040 -7.718 -0.2398 -0.9582 0.1557
4.148 -1.976 -7.938 -0.4800 -0.8299 -0.2845
4.092 -1.801 -8.120 -0.5915 -0.4791 -0.6485
4.116 -1.561 -8.215 -0.5446 -0.0000 -0.8387
4.212 -1.322 -8.198 -0.3517 0.4791 -0.8042
4.356 -1.146 -8.073 -0.0646 0.8299 -0.5542
4.508 -1.082 -7.874 0.2398 0.9582 -0.1557
4.628 -1.146 -7.654 0.4800 0.8299 0.2845
4.684 -1.322 -7.472 0.5915 0.4791 0.6485
1.083 -0.385 -5.650 -0.8037 0.2859 0.5219
1.356 -0.385 -5.231 -0.8037 0.2859 0.5219
1.259 -0.625 -5.248 -0.8037 0.2859 0.5219
1.116 -0.800 -5.373 -0.8037 0.2859 0.5219
0.964 -0.865 -5.572 -0.8037 0.2859 0.5219
0.843 -0.800 -5.792 -0.8037 0.2859 0.5219
0.788 -0.625 -5.974 -0.8037 0.2859 0.5219
0.811 -0.385 -6.069 -0.8037 0.2859 0.5219
0.908 -0.146 -6.052 -0.8037 0.2859 0.5219
1.051 0.029 -5.927 -0.8037 0.2859 0.5219
1.203 0.094 -5.728 -0.8037 0.2859 0.5219
1.323 0.029 -5.508 -0.8037 0.2859 0.5219
1.379 -0.146 -5.326 -0.8037 0.2859 0.5219
4.388 -1.561 -7.796 0.8037 -0.2859 -0.5219
4.660 -1.561 -7.376 0.8037 -0.2859 -0.5219
4.564 -1.801 -7.394 0.8037 -0.2859 -0.5219
4.420 -1.976 -7.519 0.8037 -0.2859 -0.5219
4.268 -2.040 -7.718 0.8037 -0.2859 -0.5219
4.148 -1.976 -7.938 0.8037 -0.2859 -0.5219
4.092 -1.801 -8.120 0.8037 -0.2859 -0.5219
4.116 -1.561 -8.215 0.8037 -0.2859 -0.5219
4.212 -1.322 -8.198 0.8037 -0.2859 -0.5219
4.356 -1.146 -8.073 0.8037 -0.2859 -0.5219
4.508 -1.082 -7.874 0.8037 -0.2859 -0.5219
4.628 -1.146 -7.654 0.8037 -0.2859 -0.5219
4.684 -1.322 -7.472 0.8037 -0.2859 -0.5219
0 1 13
0 13 12
1 2 14
1 14 13
2 3 15
2 15 14
3 4 16
3 16 15
4 5 17
4 17 16
5 6 18
5 18 17
6 7 19
6 19 18
7 8 20
7 20 19
8 9 21
8 21 20
9 10 22
9 22 21
10 11 23
10 23 22
11 0 12
11 12 23
24 26 25
24 27 26
24 28 27
24 29 28
24 30 29
24 31 30
24 32 31
24 33 32
24 34 33
24 35 34
24 36 35
24 25 36
37 38 39
37 39 40
37 40 41
37 41 42
37 42 43
37 43 44
37 44 45
37 45 46
37 46 47
37 47 48
37 48 49
37 49 38
LABEL sfoot2_rod_4
MATERIAL 7
TEXTURE 0
GEOM 42 40 ;sfoot2_rod_4
4.042 -1.390 -7.273 0.5446 -0.0000 0.8387
3.981 -1.530 -7.290 0.2996 -0.5632 0.7701
3.891 -1.618 -7.381 -0.0598 -0.9113 0.4073
3.807 -1.618 -7.510 -0.3964 -0.9113 -0.1111
3.760 -1.530 -7.629 -0.5816 -0.5632 -0.5870
3.770 -1.390 -7.692 -0.5446 -0.0000 -0.8387
3.831 -1.249 -7.675 -0.2996 0.5632 -0.7701
3.921 -1.162 -7.585 0.0598 0.9113 -0.4073
4.005 -1.162 -7.455 0.3964 0.9113 0.1111
4.051 -1.249 -7.336 0.5816 0.5632 0.5870
7.228 -2.523 -9.342 0.5446 -0.0000 0.8387
7.167 -2.664 -9.359 0.2996 -0.5632 0.7701
7.077 -2.751 -9.450 -0.0598 -0.9113 0.4073
6.993 -2.751 -9.579 -0.3964 -0.9113 -0.1111
6.946 -2.664 -9.698 -0.5816 -0.5632 -0.5870
6.956 -2.523 -9.761 -0.5446 -0.0000 -0.8387
7.017 -2.382 -9.744 -0.2996 0.5632 -0.7701
7.107 -2.295 -9.653 0.0598 0.9113 -0.4073
7.191 -2.295 -9.524 0.3964 0.9113 0.1111
7.237 -2.382 -9.405 0.5816 0.5632 0.5870
3.906 -1.390 -7.483 -0.8037 0.2859 0.5219
4.042 -1.390 -7.273 -0.8037 0.2859 0.5219
3.981 -1.530 -7.290 -0.8037 0.2859 0.5219
3.891 -1.618 -7.381 -0.8037 0.2859 0.5219
3.807 -1.618 -7.510 -0.8037 0.2859 0.5219
3.760 -1.530 -7.629 -0.8037 0.2859 0.5219
3.770 -1.390 -7.692 -0.8037 0.2859 0.5219
3.831 -1.249 -7.675 -0.8037 0.2859 0.5219
3.921 -1.162 -7.585 -0.8037 0.2859 0.5219
4.005 -1.162 -7.455 -0.8037 0.2859 0.5219
4.051 -1.249 -7.336 -0.8037 0.2859 0.5219
7.092 -2.523 -9.551 0.8037 -0.2859 -0.5219
7.228 -2.523 -9.342 0.8037 -0.2859 -0.5219
7.167 -2.664 -9.359 0.8037 -0.2859 -0.5219
7.077 -2.751 -9.450 0.8037 -0.2859 -0.5219
6.993 -2.751 -9.579 0.8037 -0.2859 -0.5219
6.946 -2.664 -9.698 0.8037 -0.2859 -0.5219
6.956 -2.523 -9.761 0.8037 -0.2859 -0.5219
7.017 -2.382 -9.744 0.8037 -0.2859 -0.5219
7.107 -2.295 -9.653 0.8037 -0.2859 -0.5219
7.191 -2.295 -9.524 0.8037 -0.2859 -0.5219
7.237 -2.382 -9.405 0.8037 -0.2859 -0.5219
0 1 11
0 11 10
1 2 12
1 12 11
2 3 13
2 13 12
3 4 14
3 14 13
4 5 15
4 15 14
5 6 16
5 16 15
6 7 17
6 17 16
7 8 18
7 18 17
8 9 19
8 19 18
9 0 10
9 10 19
20 22 21
20 23 22
20 24 23
20 25 24
20 26 25
20 27 26
20 28 27
20 29 28
20 30 29
20 21 30
31 32 33
31 33 34
31 34 35
31 35 36
31 36 37
31 37 38
31 38 39
31 39 40
31 40 41
31 41 32
LABEL sfoot2_skirt_4_0
MATERIAL 7
TEXTURE 0
GEOM 16 12 ;sfoot2_skirt_4_0
11.202 -1.034 -11.050 0.9852 -0.1714 0.0000
11.131 -1.632 -11.050 0.9852 -0.1714 0.0000
11.028 -2.225 -11.050 0.9852 -0.1714 0.0000
10.893 -2.811 -11.050 0.9852 -0.1714 0.0000
11.202 -1.034 -10.150 0.9852 -0.1714 0.0000
11.131 -1.632 -10.150 0.9852 -0.1714 0.0000
11.028 -2.225 -10.150 0.9852 -0.1714 0.0000
10.893 -2.811 -10.150 0.9852 -0.1714 0.0000
11.202 -1.034 -11.050 -0.9852 0.1714 -0.0000
11.131 -1.632 -11.050 -0.9852 0.1714 -0.0000
11.028 -2.225 -11.050 -0.9852 0.1714 -0.0000
10.893 -2.811 -11.050 -0.9852 0.1714 -0.0000
11.202 -1.034 -10.150 -0.9852 0.1714 -0.0000
11.131 -1.632 -10.150 -0.9852 0.1714 -0.0000
11.028 -2.225 -10.150 -0.9852 0.1714 -0.0000
10.893 -2.811 -10.150 -0.9852 0.1714 -0.0000
0 5 1
0 4 5
8 9 13
8 13 12
1 6 2
1 5 6
9 10 14
9 14 13
2 7 3
2 6 7
10 11 15
10 15 14
LABEL sfoot2_skirt_4_1
MATERIAL 7
TEXTURE 0
GEOM 16 12 ;sfoot2_skirt_4_1
10.882 -2.855 -11.050 0.9421 -0.3352 0.0000
10.702 -3.468 -11.050 0.9421 -0.3352 0.0000
10.488 -4.071 -11.050 0.9421 -0.3352 0.0000
10.239 -4.660 -11.050 0.9421 -0.3352 0.0000
10.882 -2.855 -10.150 0.9421 -0.3352 0.0000
10.702 -3.468 -10.150 0.9421 -0.3352 0.0000
10.488 -4.071 -10.150 0.9421 -0.3352 0.0000
10.239 -4.660 -10.150 0.9421 -0.3352 0.0000
10.882 -2.855 -11.050 -0.9421 0.3352 -0.0000
10.702 -3.468 -11.050 -0.9421 0.3352 -0.0000
10.488 -4.071 -11.050 -0.9421 0.3352 -0.0000
10.239 -4.660 -11.050 -0.9421 0.3352 -0.0000
10.882 -2.855 -10.150 -0.9421 0.3352 -0.0000
10.702 -3.468 -10.150 -0.9421 0.3352 -0.0000
10.488 -4.071 -10.150 -0.9421 0.3352 -0.0000
10.239 -4.660 -10.150 -0.9421 0.3352 -0.0000
0 5 1
0 4 5
8 9 13
8 13 12
1 6 2
1 5 6
9 10 14
9 14 13
2 7 3
2 6 7
10 11 15
10 15 14
LABEL sfoot2_skirt_4_2
MATERIAL 7
TEXTURE 0
GEOM 16 12 ;sfoot2_skirt_4_2
10.221 -4.701 -11.050 0.8721 -0.4894 0.0000
9.955 -5.241 -11.050 0.8721 -0.4894 0.0000
9.660 -5.766 -11.050 0.8721 -0.4894 0.0000
9.338 -6.274 -11.050 0.8721 -0.4894 0.0000
10.221 -4.701 -10.150 0.8721 -0.4894 0.0000
9.955 -5.241 -10.150 0.8721 -0.4894 0.0000
9.660 -5.766 -10.150 0.8721 -0.4894 0.0000
9.338 -6.274 -10.150 0.8721 -0.4894 0.0000
10.221 -4.701 -11.050 -0.8721 0.4894 -0.0000
9.955 -5.241 -11.050 -0.8721 0.4894 -0.0000
9.660 -5.766 -11.050 -0.8721 0.4894 -0.0000
9.338 -6.274 -11.050 -0.8721 0.4894 -0.0000
10.221 -4.701 -10.150 -0.8721 0.4894 -0.0000
9.955 -5.241 -10.150 -0.8721 0.4894 -0.0000
9.660 -5.766 -10.150 -0.8721 0.4894 -0.0000
9.338 -6.274 -10.150 -0.8721 0.4894 -0.0000
0 5 1
0 4 5
8 9 13
8 13 12
1 6 2
1 5 6
9 10 14
9 14 13
2 7 3
2 6 7
10 11 15
10 15 14
LABEL sfoot2_petal_5
MATERIAL 7
TEXTURE 0
GEOM 66 52 ;sfoot2_petal_5
0.855 -0.465 -9.557 -0.6480 0.7610 0.0332
0.322 -0.918 -9.557 -0.6480 0.7610 0.0332
0.332 -0.930 -9.107 -0.6480 0.7610 0.0332
0.865 -0.476 -9.107 -0.6480 0.7610 0.0332
7.306 -8.040 -9.887 0.6480 -0.7610 -0.0332
6.773 -8.494 -9.887 0.6480 -0.7610 -0.0332
6.783 -8.505 -9.437 0.6480 -0.7610 -0.0332
7.316 -8.052 -9.437 0.6480 -0.7610 -0.0332
0.855 -0.465 -9.557 0.7614 0.6483 -0.0000
7.306 -8.040 -9.887 0.7614 0.6483 -0.0000
7.316 -8.052 -9.437 0.7614 0.6483 -0.0000
0.865 -0.476 -9.107 0.7614 0.6483 -0.0000
0.322 -0.918 -9.557 -0.7614 -0.6483 0.0000
6.773 -8.494 -9.887 -0.7614 -0.6483 0.0000
6.783 -8.505 -9.437 -0.7614 -0.6483 0.0000
0.332 -0.930 -9.107 -0.7614 -0.6483 0.0000
0.855 -0.465 -9.557 -0.0215 0.0252 -0.9995
7.306 -8.040 -9.887 -0.0215 0.0252 -0.9995
6.773 -8.494 -9.887 -0.0215 0.0252 -0.9995
0.322 -0.918 -9.557 -0.0215 0.0252 -0.9995
0.865 -0.476 -9.107 0.0215 -0.0252 0.9995
7.316 -8.052 -9.437 0.0215 -0.0252 0.9995
6.783 -8.505 -9.437 0.0215 -0.0252 0.9995
0.332 -0.930 -9.107 0.0215 -0.0252 0.9995
0.796 -0.241 -9.900 0.0000 0.0000 -1.0000
0.911 -0.375 -9.843 0.3811 -0.4475 -0.8090
0.981 -0.458 -9.693 0.6166 -0.7241 -0.3090
0.981 -0.458 -9.507 0.6166 -0.7241 0.3090
0.911 -0.375 -9.357 0.3811 -0.4475 0.8090
0.796 -0.241 -9.300 0.0000 -0.0000 1.0000
0.682 -0.107 -9.357 -0.3811 0.4475 0.8090
0.611 -0.024 -9.507 -0.6166 0.7241 0.3090
0.611 -0.024 -9.693 -0.6166 0.7241 -0.3090
0.682 -0.107 -9.843 -0.3811 0.4475 -0.8090
0.111 -0.825 -9.900 0.0000 0.0000 -1.0000
0.226 -0.959 -9.843 0.3811 -0.4475 -0.8090
0.296 -1.042 -9.693 0.6166 -0.7241 -0.3090
0.296 -1.042 -9.507 0.6166 -0.7241 0.3090
0.226 -0.959 -9.357 0.3811 -0.4475 0.8090
0.111 -0.825 -9.300 0.0000 -0.0000 1.0000
-0.003 -0.690 -9.357 -0.3811 0.4475 0.8090
-0.074 -0.607 -9.507 -0.6166 0.7241 0.3090
-0.074 -0.607 -9.693 -0.6166 0.7241 -0.3090
-0.003 -0.690 -9.843 -0.3811 0.4475 -0.8090
0.796 -0.241 -9.600 0.7614 0.6483 -0.0000
0.796 -0.241 -9.900 0.7614 0.6483 -0.0000
0.911 -0.375 -9.843 0.7614 0.6483 -0.0000
0.981 -0.458 -9.693 0.7614 0.6483 -0.0000
0.981 -0.458 -9.507 0.7614 0.6483 -0.0000
0.911 -0.375 -9.357 0.7614 0.6483 -0.0000
0.796 -0.241 -9.300 0.7614 0.6483 -0.0000
0.682 -0.107 -9.357 0.7614 0.6483 -0.0000
0.611 -0.024 -9.507 0.7614 0.6483 -0.0000
0.611 -0.024 -9.693 0.7614 0.6483 -0.0000
0.682 -0.107 -9.843 0.7614 0.6483 -0.0000
0.111 -0.825 -9.600 -0.7614 -0.6483 0.0000
0.111 -0.825 -9.900 -0.7614 -0.6483 0.0000
0.226 -0.959 -9.843 -0.7614 -0.6483 0.0000
0.296 -1.042 -9.693 -0.7614 -0.6483 0.0000
0.296 -1.042 -9.507 -0.7614 -0.6483 0.0000
0.226 -0.959 -9.357 -0.7614 -0.6483 0.0000
0.111 -0.825 -9.300 -0.7614 -0.6483 0.0000
-0.003 -0.690 -9.357 -0.7614 -0.6483 0.0000
-0.074 -0.607 -9.507 -0.7614 -0.6483 0.0000
-0.074 -0.607 -9.693 -0.7614 -0.6483 0.0000
-0.003 -0.690 -9.843 -0.7614 -0.6483 0.0000
0 1 2
0 2 3
4 6 5
4 7 6
8 10 9
8 11 10
12 13 14
12 14 15
16 17 18
16 18 19
20 22 21
20 23 22
24 25 35
24 35 34
25 26 36
25 36 35
26 27 37
26 37 36
27 28 38
27 38 37
28 29 39
28 39 38
29 30 40
29 40 39
30 31 41
30 41 40
31 32 42
31 42 41
32 33 43
32 43 42
33 24 34
33 34 43
44 46 45
44 47 46
44 48 47
44 49 48
44 50 49
44 51 50
44 52 51
44 53 52
44 54 53
44 45 54
55 56 57
55 57 58
55 58 59
55 59 60
55 60 61
55 61 62
55 62 63
55 63 64
55 64 65
55 65 56
LABEL sfoot2_slat_5_0
MATERIAL 7
TEXTURE 0
GEOM 104 76 ;sfoot2_slat_5_0
0.857 -0.606 -9.562 0.0215 -0.0252 0.9995
0.824 -0.651 -9.562 0.0215 -0.0252 0.9995
0.788 -0.694 -9.562 0.0215 -0.0252 0.9995
0.749 -0.736 -9.562 0.0215 -0.0252 0.9995
9.185 -6.497 -9.900 0.0215 -0.0252 0.9995
8.824 -6.978 -9.900 0.0215 -0.0252 0.9995
8.438 -7.440 -9.900 0.0215 -0.0252 0.9995
8.028 -7.881 -9.900 0.0215 -0.0252 0.9995
0.857 -0.606 -9.562 -0.0215 0.0252 -0.9995
0.824 -0.651 -9.562 -0.0215 0.0252 -0.9995
0.788 -0.694 -9.562 -0.0215 0.0252 -0.9995
0.749 -0.736 -9.562 -0.0215 0.0252 -0.9995
9.185 -6.497 -9.900 -0.0215 0.0252 -0.9995
8.824 -6.978 -9.900 -0.0215 0.0252 -0.9995
8.438 -7.440 -9.900 -0.0215 0.0252 -0.9995
8.028 -7.881 -9.900 -0.0215 0.0252 -0.9995
0.857 -0.606 -9.812 -0.0215 0.0252 -0.9995
0.824 -0.651 -9.812 -0.0215 0.0252 -0.9995
0.788 -0.694 -9.812 -0.0215 0.0252 -0.9995
0.749 -0.736 -9.812 -0.0215 0.0252 -0.9995
9.185 -6.497 -10.150 -0.0215 0.0252 -0.9995
8.824 -6.978 -10.150 -0.0215 0.0252 -0.9995
8.438 -7.440 -10.150 -0.0215 0.0252 -0.9995
8.028 -7.881 -10.150 -0.0215 0.0252 -0.9995
0.857 -0.606 -9.812 0.0215 -0.0252 0.9995
0.824 -0.651 -9.812 0.0215 -0.0252 0.9995
0.788 -0.694 -9.812 0.0215 -0.0252 0.9995
0.749 -0.736 -9.812 0.0215 -0.0252 0.9995
9.185 -6.497 -10.150 0.0215 -0.0252 0.9995
8.824 -6.978 -10.150 0.0215 -0.0252 0.9995
8.438 -7.440 -10.150 0.0215 -0.0252 0.9995
8.028 -7.881 -10.150 0.0215 -0.0252 0.9995
9.185 -6.497 -10.150 0.7675 -0.6411 0.0000
8.824 -6.978 -10.150 0.7675 -0.6411 0.0000
8.438 -7.440 -10.150 0.7675 -0.6411 0.0000
8.028 -7.881 -10.150 0.7675 -0.6411 0.0000
9.185 -6.497 -9.900 0.7675 -0.6411 0.0000
8.824 -6.978 -9.900 0.7675 -0.6411 0.0000
8.438 -7.440 -9.900 0.7675 -0.6411 0.0000
8.028 -7.881 -9.900 0.7675 -0.6411 0.0000
9.185 -6.497 -10.150 -0.7675 0.6411 -0.0000
8.824 -6.978 -10.150 -0.7675 0.6411 -0.0000
8.438 -7.440 -10.150 -0.7675 0.6411 -0.0000
8.028 -7.881 -10.150 -0.7675 0.6411 -0.0000
9.185 -6.497 -9.900 -0.7675 0.6411 -0.0000
8.824 -6.978 -9.900 -0.7675 0.6411 -0.0000
8.438 -7.440 -9.900 -0.7675 0.6411 -0.0000
8.028 -7.881 -9.900 -0.7675 0.6411 -0.0000
0.857 -0.606 -9.812 -0.7675 0.6411 -0.0000
0.824 -0.651 -9.812 -0.7675 0.6411 -0.0000
0.788 -0.694 -9.812 -0.7675 0.6411 -0.0000
0.749 -0.736 -9.812 -0.7675 0.6411 -0.0000
0.857 -0.606 -9.562 -0.7675 0.6411 -0.0000
0.824 -0.651 -9.562 -0.7675 0.6411 -0.0000
0.788 -0.694 -9.562 -0.7675 0.6411 -0.0000
0.749 -0.736 -9.562 -0.7675 0.6411 -0.0000
0.857 -0.606 -9.812 0.7675 -0.6411 0.0000
0.824 -0.651 -9.812 0.7675 -0.6411 0.0000
0.788 -0.694 -9.812 0.7675 -0.6411 0.0000
0.749 -0.736 -9.812 0.7675 -0.6411 0.0000
0.857 -0.606 -9.562 0.7675 -0.6411 0.0000
0.824 -0.651 -9.562 0.7675 -0.6411 0.0000
0.788 -0.694 -9.562 0.7675 -0.6411 0.0000
0.749 -0.736 -9.562 0.7675 -0.6411 0.0000
9.185 -6.497 -9.900 0.7675 -0.6411 0.0000
8.824 -6.978 -9.900 0.7675 -0.6411 0.0000
8.438 -7.440 -9.900 0.7675 -0.6411 0.0000
8.028 -7.881 -9.900 0.7675 -0.6411 0.0000
9.185 -6.497 -9.200 0.7675 -0.6411 0.0000
8.824 -6.978 -9.200 0.7675 -0.6411 0.0000
8.438 -7.440 -9.200 0.7675 -0.6411 0.0000
8.028 -7.881 -9.200 0.7675 -0.6411 0.0000
9.185 -6.497 -9.900 -0.7675 0.6411 -0.0000
8.824 -6.978 -9.900 -0.7675 0.6411 -0.0000
8.438 -7.440 -9.900 -0.7675 0.6411 -0.0000
8.028 -7.881 -9.900 -0.7675 0.6411 -0.0000
9.185 -6.497 -9.200 -0.7675 0.6411 -0.0000
8.824 -6.978 -9.200 -0.7675 0.6411 -0.0000
8.438 -7.440 -9.200 -0.7675 0.6411 -0.0000
8.028 -7.881 -9.200 -0.7675 0.6411 -0.0000
9.185 -6.497 -9.200 -0.0000 -0.0000 1.0000
8.824 -6.978 -9.200 -0.0000 -0.0000 1.0000
8.438 -7.440 -9.200 -0.0000 -0.0000 1.0000
8.028 -7.881 -9.200 -0.0000 -0.0000 1.0000
8.899 -6.294 -9.188 -0.0000 -0.0000 1.0000
8.550 -6.761 -9.188 -0.0000 -0.0000 1.0000
8.176 -7.209 -9.188 -0.0000 -0.0000 1.0000
7.778 -7.636 -9.188 -0.0000 -0.0000 1.0000
9.185 -6.497 -9.200 0.0000 0.0000 -1.0000
8.824 -6.978 -9.200 0.0000 0.0000 -1.0000
8.438 -7.440 -9.200 0.0000 0.0000 -1.0000
8.028 -7.881 -9.200 0.0000 0.0000 -1.0000
8.899 -6.294 -9.188 0.0000 0.0000 -1.0000
8.550 -6.761 -9.188 0.0000 0.0000 -1.0000
8.176 -7.209 -9.188 0.0000 0.0000 -1.0000
7.778 -7.636 -9.188 0.0000 0.0000 -1.0000
0.857 -0.606 -9.812 -0.5775 -0.8164 -0.0000
9.185 -6.497 -10.150 -0.5775 -0.8164 -0.0000
0.857 -0.606 -9.562 -0.5775 -0.8164 -0.0000
9.185 -6.497 -9.900 -0.5775 -0.8164 -0.0000
0.857 -0.606 -9.812 0.5775 0.8164 0.0000
9.185 -6.497 -10.150 0.5775 0.8164 0.0000
0.857 -0.606 -9.562 0.5775 0.8164 0.0000
9.185 -6.497 -9.900 0.5775 0.8164 0.0000
0 1 5
0 5 4
8 13 9
8 12 13
1 2 6
1 6 5
9 14 10
9 13 14
2 3 7
2 7 6
10 15 11
10 14 15
16 21 17
16 20 21
24 25 29
24 29 28
17 22 18
17 21 22
25 26 30
25 30 29
18 23 19
18 22 23
26 27 31
26 31 30
32 37 33
32 36 37
40 41 45
40 45 44
33 38 34
33 37 38
41 42 46
41 46 45
34 39 35
34 38 39
42 43 47
42 47 46
48 49 53
48 53 52
56 61 57
56 60 61
49 50 54
49 54 53
57 62 58
57 61 62
50 51 55
50 55 54
58 63 59
58 62 63
64 69 65
64 68 69
72 73 77
72 77 76
65 70 66
65 69 70
73 74 78
73 78 77
66 71 67
66 70 71
74 75 79
74 79 78
80 85 81
80 84 85
88 89 93
88 93 92
81 86 82
81 85 86
89 90 94
89 94 93
82 87 83
82 86 87
90 91 95
90 95 94
96 97 99
96 99 98
100 103 101
100 102 103
LABEL sfoot2_slat_5_1
MATERIAL 7
TEXTURE 0
GEOM 96 72 ;sfoot2_slat_5_1
0.746 -0.739 -9.562 0.0215 -0.0252 0.9995
0.703 -0.780 -9.562 0.0215 -0.0252 0.9995
0.658 -0.818 -9.562 0.0215 -0.0252 0.9995
0.610 -0.855 -9.562 0.0215 -0.0252 0.9995
7.997 -7.913 -9.900 0.0215 -0.0252 0.9995
7.534 -8.355 -9.900 0.0215 -0.0252 0.9995
7.047 -8.769 -9.900 0.0215 -0.0252 0.9995
6.538 -9.155 -9.900 0.0215 -0.0252 0.9995
0.746 -0.739 -9.562 -0.0215 0.0252 -0.9995
0.703 -0.780 -9.562 -0.0215 0.0252 -0.9995
0.658 -0.818 -9.562 -0.0215 0.0252 -0.9995
0.610 -0.855 -9.562 -0.0215 0.0252 -0.9995
7.997 -7.913 -9.900 -0.0215 0.0252 -0.9995
7.534 -8.355 -9.900 -0.0215 0.0252 -0.9995
7.047 -8.769 -9.900 -0.0215 0.0252 -0.9995
6.538 -9.155 -9.900 -0.0215 0.0252 -0.9995
0.746 -0.739 -9.812 -0.0215 0.0252 -0.9995
0.703 -0.780 -9.812 -0.0215 0.0252 -0.9995
0.658 -0.818 -9.812 -0.0215 0.0252 -0.9995
0.610 -0.855 -9.812 -0.0215 0.0252 -0.9995
7.997 -7.913 -10.150 -0.0215 0.0252 -0.9995
7.534 -8.355 -10.150 -0.0215 0.0252 -0.9995
7.047 -8.769 -10.150 -0.0215 0.0252 -0.9995
6.538 -9.155 -10.150 -0.0215 0.0252 -0.9995
0.746 -0.739 -9.812 0.0215 -0.0252 0.9995
0.703 -0.780 -9.812 0.0215 -0.0252 0.9995
0.658 -0.818 -9.812 0.0215 -0.0252 0.9995
0.610 -0.855 -9.812 0.0215 -0.0252 0.9995
7.997 -7.913 -10.150 0.0215 -0.0252 0.9995
7.534 -8.355 -10.150 0.0215 -0.0252 0.9995
7.047 -8.769 -10.150 0.0215 -0.0252 0.9995
6.538 -9.155 -10.150 0.0215 -0.0252 0.9995
7.997 -7.913 -10.150 0.6483 -0.7614 0.0000
7.534 -8.355 -10.150 0.6483 -0.7614 0.0000
7.047 -8.769 -10.150 0.6483 -0.7614 0.0000
6.538 -9.155 -10.150 0.6483 -0.7614 0.0000
7.997 -7.913 -9.900 0.6483 -0.7614 0.0000
7.534 -8.355 -9.900 0.6483 -0.7614 0.0000
7.047 -8.769 -9.900 0.6483 -0.7614 0.0000
6.538 -9.155 -9.900 0.6483 -0.7614 0.0000
7.997 -7.913 -10.150 -0.6483 0.7614 -0.0000
7.534 -8.355 -10.150 -0.6483 0.7614 -0.0000
7.047 -8.769 -10.150 -0.6483 0.7614 -0.0000
6.538 -9.155 -10.150 -0.6483 0.7614 -0.0000
7.997 -7.913 -9.900 -0.6483 0.7614 -0.0000
7.534 -8.355 -9.900 -0.6483 0.7614 -0.0000
7.047 -8.769 -9.900 -0.6483 0.7614 -0.0000
6.538 -9.155 -9.900 -0.6483 0.7614 -0.0000
0.746 -0.739 -9.812 -0.6483 0.7614 -0.0000
0.703 -0.780 -9.812 -0.6483 0.7614 -0.0000
0.658 -0.818 -9.812 -0.6483 0.7614 -0.0000
0.610 -0.855 -9.812 -0.6483 0.7614 -0.0000
0.746 -0.739 -9.562 -0.6483 0.7614 -0.0000
0.703 -0.780 -9.562 -0.6483 0.7614 -0.0000
0.658 -0.818 -9.562 -0.6483 0.7614 -0.0000
0.610 -0.855 -9.562 -0.6483 0.7614 -0.0000
0.746 -0.739 -9.812 0.6483 -0.7614 0.0000
0.703 -0.780 -9.812 0.6483 -0.7614 0.0000
0.658 -0.818 -9.812 0.6483 -0.7614 0.0000
0.610 -0.855 -9.812 0.6483 -0.7614 0.0000
0.746 -0.739 -9.562 0.6483 -0.7614 0.0000
0.703 -0.780 -9.562 0.6483 -0.7614 0.0000
0.658 -0.818 -9.562 0.6483 -0.7614 0.0000
0.610 -0.855 -9.562 0.6483 -0.7614 0.0000
7.997 -7.913 -9.900 0.6483 -0.7614 0.0000
7.534 -8.355 -9.900 0.6483 -0.7614 0.0000
7.047 -8.769 -9.900 0.6483 -0.7614 0.0000
6.538 -9.155 -9.900 0.6483 -0.7614 0.0000
7.997 -7.913 -9.200 0.6483 -0.7614 0.0000
7.534 -8.355 -9.200 0.6483 -0.7614 0.0000
7.047 -8.769 -9.200 0.6483 -0.7614 0.0000
6.538 -9.155 -9.200 0.6483 -0.7614 0.0000
7.997 -7.913 -9.900 -0.6483 0.7614 -0.0000
7.534 -8.355 -9.900 -0.6483 0.7614 -0.0000
7.047 -8.769 -9.900 -0.6483 0.7614 -0.0000
6.538 -9.155 -9.900 -0.6483 0.7614 -0.0000
7.997 -7.913 -9.200 -0.6483 0.7614 -0.0000
7.534 -8.355 -9.200 -0.6483 0.7614 -0.0000
7.047 -8.769 -9.200 -0.6483 0.7614 -0.0000
6.538 -9.155 -9.200 -0.6483 0.7614 -0.0000
7.997 -7.913 -9.200 -0.0000 -0.0000 1.0000
7.534 -8.355 -9.200 -0.0000 -0.0000 1.0000
7.047 -8.769 -9.200 -0.0000 -0.0000 1.0000
6.538 -9.155 -9.200 -0.0000 -0.0000 1.0000
7.748 -7.667 -9.188 -0.0000 -0.0000 1.0000
7.300 -8.095 -9.188 -0.0000 -0.0000 1.0000
6.828 -8.496 -9.188 -0.0000 -0.0000 1.0000
6.334 -8.871 -9.188 -0.0000 -0.0000 1.0000
7.997 -7.913 -9.200 0.0000 0.0000 -1.0000
7.534 -8.355 -9.200 0.0000 0.0000 -1.0000
7.047 -8.769 -9.200 0.0000 0.0000 -1.0000
6.538 -9.155 -9.200 0.0000 0.0000 -1.0000
7.748 -7.667 -9.188 0.0000 0.0000 -1.0000
7.300 -8.095 -9.188 0.0000 0.0000 -1.0000
6.828 -8.496 -9.188 0.0000 0.0000 -1.0000
6.334 -8.871 -9.188 0.0000 0.0000 -1.0000
0 1 5
0 5 4
8 13 9
8 12 13
1 2 6
1 6 5
9 14 10
9 13 14
2 3 7
2 7 6
10 15 11
10 14 15
16 21 17
16 20 21
24 25 29
24 29 28
17 22 18
17 21 22
25 26 30
25 30 29
18 23 19
18 22 23
26 27 31
26 31 30
32 37 33
32 36 37
40 41 45
40 45 44
33 38 34
33 37 38
41 42 46
41 46 45
34 39 35
34 38 39
42 43 47
42 47 46
48 49 53
48 53 52
56 61 57
56 60 61
49 50 54
49 54 53
57 62 58
57 61 62
50 51 55
50 55 54
58 63 59
58 62 63
64 69 65
64 68 69
72 73 77
72 77 76
65 70 66
65 69 70
73 74 78
73 78 77
66 71 67
66 70 71
74 75 79
74 79 78
80 85 81
80 84 85
88 89 93
88 93 92
81 86 82
81 85 86
89 90 94
89 94 93
82 87 83
82 86 87
90 91 95
90 95 94
LABEL sfoot2_slat_5_2
MATERIAL 7
TEXTURE 0
GEOM 104 76 ;sfoot2_slat_5_2
0.607 -0.857 -9.562 0.0215 -0.0252 0.9995
0.560 -0.888 -9.562 0.0215 -0.0252 0.9995
0.512 -0.917 -9.562 0.0215 -0.0252 0.9995
0.462 -0.943 -9.562 0.0215 -0.0252 0.9995
6.501 -9.182 -9.900 0.0215 -0.0252 0.9995
6.001 -9.516 -9.900 0.0215 -0.0252 0.9995
5.483 -9.823 -9.900 0.0215 -0.0252 0.9995
4.950 -10.103 -9.900 0.0215 -0.0252 0.9995
0.607 -0.857 -9.562 -0.0215 0.0252 -0.9995
0.560 -0.888 -9.562 -0.0215 0.0252 -0.9995
0.512 -0.917 -9.562 -0.0215 0.0252 -0.9995
0.462 -0.943 -9.562 -0.0215 0.0252 -0.9995
6.501 -9.182 -9.900 -0.0215 0.0252 -0.9995
6.001 -9.516 -9.900 -0.0215 0.0252 -0.9995
5.483 -9.823 -9.900 -0.0215 0.0252 -0.9995
4.950 -10.103 -9.900 -0.0215 0.0252 -0.9995
0.607 -0.857 -9.812 -0.0215 0.0252 -0.9995
0.560 -0.888 -9.812 -0.0215 0.0252 -0.9995
0.512 -0.917 -9.812 -0.0215 0.0252 -0.9995
0.462 -0.943 -9.812 -0.0215 0.0252 -0.9995
6.501 -9.182 -10.150 -0.0215 0.0252 -0.9995
6.001 -9.516 -10.150 -0.0215 0.0252 -0.9995
5.483 -9.823 -10.150 -0.0215 0.0252 -0.9995
4.950 -10.103 -10.150 -0.0215 0.0252 -0.9995
0.607 -0.857 -9.812 0.0215 -0.0252 0.9995
0.560 -0.888 -9.812 0.0215 -0.0252 0.9995
0.512 -0.917 -9.812 0.0215 -0.0252 0.9995
0.462 -0.943 -9.812 0.0215 -0.0252 0.9995
6.501 -9.182 -10.150 0.0215 -0.0252 0.9995
6.001 -9.516 -10.150 0.0215 -0.0252 0.9995
5.483 -9.823 -10.150 0.0215 -0.0252 0.9995
4.950 -10.103 -10.150 0.0215 -0.0252 0.9995
6.501 -9.182 -10.150 0.5106 -0.8598 -0.0000
6.001 -9.516 -10.150 0.5106 -0.8598 -0.0000
5.483 -9.823 -10.150 0.5106 -0.8598 -0.0000
4.950 -10.103 -10.150 0.5106 -0.8598 -0.0000
6.501 -9.182 -9.900 0.5106 -0.8598 -0.0000
6.001 -9.516 -9.900 0.5106 -0.8598 -0.0000
5.483 -9.823 -9.900 0.5106 -0.8598 -0.0000
4.950 -10.103 -9.900 0.5106 -0.8598 -0.0000
6.501 -9.182 -10.150 -0.5106 0.8598 0.0000
6.001 -9.516 -10.150 -0.5106 0.8598 0.0000
5.483 -9.823 -10.150 -0.5106 0.8598 0.0000
4.950 -10.103 -10.150 -0.5106 0.8598 0.0000
6.501 -9.182 -9.900 -0.5106 0.8598 0.0000
6.001 -9.516 -9.900 -0.5106 0.8598 0.0000
5.483 -9.823 -9.900 -0.5106 0.8598 0.0000
4.950 -10.103 -9.900 -0.5106 0.8598 0.0000
0.607 -0.857 -9.812 -0.5106 0.8598 0.0000
0.560 -0.888 -9.812 -0.5106 0.8598 0.0000
0.512 -0.917 -9.812 -0.5106 0.8598 0.0000
0.462 -0.943 -9.812 -0.5106 0.8598 0.0000
0.607 -0.857 -9.562 -0.5106 0.8598 0.0000
0.560 -0.888 -9.562 -0.5106 0.8598 0.0000
0.512 -0.917 -9.562 -0.5106 0.8598 0.0000
0.462 -0.943 -9.562 -0.5106 0.8598 0.0000
0.607 -0.857 -9.812 0.5106 -0.8598 -0.0000
0.560 -0.888 -9.812 0.5106 -0.8598 -0.0000
0.512 -0.917 -9.812 0.5106 -0.8598 -0.0000
0.462 -0.943 -9.812 0.5106 -0.8598 -0.0000
0.607 -0.857 -9.562 0.5106 -0.8598 -0.0000
0.560 -0.888 -9.562 0.5106 -0.8598 -0.0000
0.512 -0.917 -9.562 0.5106 -0.8598 -0.0000
0.462 -0.943 -9.562 0.5106 -0.8598 -0.0000
6.501 -9.182 -9.900 0.5106 -0.8598 -0.0000
6.001 -9.516 -9.900 0.5106 -0.8598 -0.0000
5.483 -9.823 -9.900 0.5106 -0.8598 -0.0000
4.950 -10.103 -9.900 0.5106 -0.8598 -0.0000
6.501 -9.182 -9.200 0.5106 -0.8598 -0.0000
6.001 -9.516 -9.200 0.5106 -0.8598 -0.0000
5.483 -9.823 -9.200 0.5106 -0.8598 -0.0000
4.950 -10.103 -9.200 0.5106 -0.8598 -0.0000
6.501 -9.182 -9.900 -0.5106 0.8598 0.0000
6.001 -9.516 -9.900 -0.5106 0.8598 0.0000
5.483 -9.823 -9.900 -0.5106 0.8598 0.0000
4.950 -10.103 -9.900 -0.5106 0.8598 0.0000
6.501 -9.182 -9.200 -0.5106 0.8598 0.0000
6.001 -9.516 -9.200 -0.5106 0.8598 0.0000
5.483 -9.823 -9.200 -0.5106 0.8598 0.0000
4.950 -10.103 -9.200 -0.5106 0.8598 0.0000
6.501 -9.182 -9.200 -0.0000 -0.0000 1.0000
6.001 -9.516 -9.200 -0.0000 -0.0000 1.0000
5.483 -9.823 -9.200 -0.0000 -0.0000 1.0000
4.950 -10.103 -9.200 -0.0000 -0.0000 1.0000
6.299 -8.896 -9.188 -0.0000 -0.0000 1.0000
5.814 -9.220 -9.188 -0.0000 -0.0000 1.0000
5.312 -9.518 -9.188 -0.0000 -0.0000 1.0000
4.796 -9.788 -9.188 -0.0000 -0.0000 1.0000
6.501 -9.182 -9.200 0.0000 0.0000 -1.0000
6.001 -9.516 -9.200 0.0000 0.0000 -1.0000
5.483 -9.823 -9.200 0.0000 0.0000 -1.0000
4.950 -10.103 -9.200 0.0000 0.0000 -1.0000
6.299 -8.896 -9.188 0.0000 0.0000 -1.0000
5.814 -9.220 -9.188 0.0000 0.0000 -1.0000
5.312 -9.518 -9.188 0.0000 0.0000 -1.0000
4.796 -9.788 -9.188 0.0000 0.0000 -1.0000
0.462 -0.943 -9.812 -0.8980 -0.4400 0.0000
4.950 -10.103 -10.150 -0.8980 -0.4400 0.0000
0.462 -0.943 -9.562 -0.8980 -0.4400 0.0000
4.950 -10.103 -9.900 -0.8980 -0.4400 0.0000
0.462 -0.943 -9.812 0.8980 0.4400 -0.0000
4.950 -10.103 -10.150 0.8980 0.4400 -0.0000
0.462 -0.943 -9.562 0.8980 0.4400 -0.0000
4.950 -10.103 -9.900 0.8980 0.4400 -0.0000
0 1 5
0 5 4
8 13 9
8 12 13
1 2 6
1 6 5
9 14 10
9 13 14
2 3 7
2 7 6
10 15 11
10 14 15
16 21 17
16 20 21
24 25 29
24 29 28
17 22 18
17 21 22
25 26 30
25 30 29
18 23 19
18 22 23
26 27 31
26 31 30
32 37 33
32 36 37
40 41 45
40 45 44
33 38 34
33 37 38
41 42 46
41 46 45
34 39 35
34 38 39
42 43 47
42 47 46
48 49 53
48 53 52
56 61 57
56 60 61
49 50 54
49 54 53
57 62 58
57 61 62
50 51 55
50 55 54
58 63 59
58 62 63
64 69 65
64 68 69
72 73 77
72 77 76
65 70 66
65 69 70
73 74 78
73 78 77
66 71 67
66 70 71
74 75 79
74 79 78
80 85 81
80 84 85
88 89 93
88 93 92
81 86 82
81 85 86
89 90 94
89 94 93
82 87 83
82 86 87
90 91 95
90 95 94
96 97 99
96 99 98
100 103 101
100 102 103
LABEL sfoot2_strut_5
MATERIAL 9
TEXTURE 0
GEOM 50 48 ;sfoot2_strut_5
1.089 -0.876 -5.286 0.6863 -0.0000 0.7273
0.925 -1.066 -5.224 0.3582 -0.3802 0.8527
0.713 -1.205 -5.275 -0.0659 -0.6585 0.7497
0.509 -1.256 -5.427 -0.4724 -0.7604 0.4457
0.369 -1.205 -5.639 -0.7522 -0.6585 0.0224
0.330 -1.066 -5.853 -0.8305 -0.3802 -0.4070
0.402 -0.876 -6.014 -0.6863 -0.0000 -0.7273
0.566 -0.685 -6.076 -0.3582 0.3802 -0.8527
0.779 -0.546 -6.025 0.0659 0.6585 -0.7497
0.982 -0.495 -5.873 0.4724 0.7604 -0.4457
1.122 -0.546 -5.661 0.7522 0.6585 -0.0224
1.161 -0.685 -5.447 0.8305 0.3802 0.4070
3.363 -3.546 -7.432 0.6863 -0.0000 0.7273
3.199 -3.736 -7.369 0.3582 -0.3802 0.8527
2.987 -3.875 -7.421 -0.0659 -0.6585 0.7497
2.783 -3.926 -7.573 -0.4724 -0.7604 0.4457
2.643 -3.875 -7.785 -0.7522 -0.6585 0.0224
2.604 -3.736 -7.999 -0.8305 -0.3802 -0.4070
2.676 -3.546 -8.159 -0.6863 -0.0000 -0.7273
2.840 -3.356 -8.222 -0.3582 0.3802 -0.8527
3.053 -3.217 -8.171 0.0659 0.6585 -0.7497
3.256 -3.166 -8.019 0.4724 0.7604 -0.4457
3.396 -3.217 -7.807 0.7522 0.6585 -0.0224
3.435 -3.356 -7.592 0.8305 0.3802 0.4070
0.746 -0.876 -5.650 -0.5530 0.6495 0.5219
1.089 -0.876 -5.286 -0.5530 0.6495 0.5219
0.925 -1.066 -5.224 -0.5530 0.6495 0.5219
0.713 -1.205 -5.275 -0.5530 0.6495 0.5219
0.509 -1.256 -5.427 -0.5530 0.6495 0.5219
0.369 -1.205 -5.639 -0.5530 0.6495 0.5219
0.330 -1.066 -5.853 -0.5530 0.6495 0.5219
0.402 -0.876 -6.014 -0.5530 0.6495 0.5219
0.566 -0.685 -6.076 -0.5530 0.6495 0.5219
0.779 -0.546 -6.025 -0.5530 0.6495 0.5219
0.982 -0.495 -5.873 -0.5530 0.6495 0.5219
1.122 -0.546 -5.661 -0.5530 0.6495 0.5219
1.161 -0.685 -5.447 -0.5530 0.6495 0.5219
3.020 -3.546 -7.796 0.5530 -0.6495 -0.5219
3.363 -3.546 -7.432 0.5530 -0.6495 -0.5219
3.199 -3.736 -7.369 0.5530 -0.6495 -0.5219
2.987 -3.875 -7.421 0.5530 -0.6495 -0.5219
2.783 -3.926 -7.573 0.5530 -0.6495 -0.5219
2.643 -3.875 -7.785 0.5530 -0.6495 -0.5219
2.604 -3.736 -7.999 0.5530 -0.6495 -0.5219
2.676 -3.546 -8.159 0.5530 -0.6495 -0.5219
2.840 -3.356 -8.222 0.5530 -0.6495 -0.5219
3.053 -3.217 -8.171 0.5530 -0.6495 -0.5219
3.256 -3.166 -8.019 0.5530 -0.6495 -0.5219
3.396 -3.217 -7.807 0.5530 -0.6495 -0.5219
3.435 -3.356 -7.592 0.5530 -0.6495 -0.5219
0 1 13
0 13 12
1 2 14
1 14 13
2 3 15
2 15 14
3 4 16
3 16 15
4 5 17
4 17 16
5 6 18
5 18 17
6 7 19
6 19 18
7 8 20
7 20 19
8 9 21
8 21 20
9 10 22
9 22 21
10 11 23
10 23 22
11 0 12
11 12 23
24 26 25
24 27 26
24 28 27
24 29 28
24 30 29
24 31 30
24 32 31
24 33 32
24 34 33
24 35 34
24 36 35
24 25 36
37 38 39
37 39 40
37 40 41
37 41 42
37 42 43
37 43 44
37 44 45
37 45 46
37 46 47
37 47 48
37 48 49
37 49 38
LABEL sfoot2_rod_5
MATERIAL 7
TEXTURE 0
GEOM 42 40 ;sfoot2_rod_5
2.859 -3.156 -7.301 0.6863 -0.0000 0.7273
2.757 -3.268 -7.270 0.2776 -0.4469 0.8504
2.628 -3.337 -7.321 -0.2372 -0.7232 0.6487
2.522 -3.337 -7.433 -0.6613 -0.7232 0.1992
2.480 -3.268 -7.564 -0.8329 -0.4469 -0.3264
2.516 -3.156 -7.665 -0.6863 -0.0000 -0.7273
2.618 -3.045 -7.695 -0.2776 0.4469 -0.8504
2.747 -2.976 -7.645 0.2372 0.7232 -0.6487
2.853 -2.976 -7.533 0.6613 0.7232 -0.1992
2.896 -3.045 -7.401 0.8329 0.4469 0.3264
5.052 -5.731 -9.370 0.6863 -0.0000 0.7273
4.950 -5.843 -9.339 0.2776 -0.4469 0.8504
4.821 -5.912 -9.389 -0.2372 -0.7232 0.6487
4.715 -5.912 -9.502 -0.6613 -0.7232 0.1992
4.672 -5.843 -9.633 -0.8329 -0.4469 -0.3264
4.709 -5.731 -9.733 -0.6863 -0.0000 -0.7273
4.811 -5.619 -9.764 -0.2776 0.4469 -0.8504
4.939 -5.550 -9.714 0.2372 0.7232 -0.6487
5.045 -5.550 -9.601 0.6613 0.7232 -0.1992
5.088 -5.619 -9.470 0.8329 0.4469 0.3264
2.688 -3.156 -7.483 -0.5530 0.6495 0.5219
2.859 -3.156 -7.301 -0.5530 0.6495 0.5219
2.757 -3.268 -7.270 -0.5530 0.6495 0.5219
2.628 -3.337 -7.321 -0.5530 0.6495 0.5219
2.522 -3.337 -7.433 -0.5530 0.6495 0.5219
2.480 -3.268 -7.564 -0.5530 0.6495 0.5219
2.516 -3.156 -7.665 -0.5530 0.6495 0.5219
2.618 -3.045 -7.695 -0.5530 0.6495 0.5219
2.747 -2.976 -7.645 -0.5530 0.6495 0.5219
2.853 -2.976 -7.533 -0.5530 0.6495 0.5219
2.896 -3.045 -7.401 -0.5530 0.6495 0.5219
4.880 -5.731 -9.551 0.5530 -0.6495 -0.5219
5.052 -5.731 -9.370 0.5530 -0.6495 -0.5219
4.950 -5.843 -9.339 0.5530 -0.6495 -0.5219
4.821 -5.912 -9.389 0.5530 -0.6495 -0.5219
4.715 -5.912 -9.502 0.5530 -0.6495 -0.5219
4.672 -5.843 -9.633 0.5530 -0.6495 -0.5219
4.709 -5.731 -9.733 0.5530 -0.6495 -0.5219
4.811 -5.619 -9.764 0.5530 -0.6495 -0.5219
4.939 -5.550 -9.714 0.5530 -0.6495 -0.5219
5.045 -5.550 -9.601 0.5530 -0.6495 -0.5219
5.088 -5.619 -9.470 0.5530 -0.6495 -0.5219
0 1 11
0 11 10
1 2 12
1 12 11
2 3 13
2 13 12
3 4 14
3 14 13
4 5 15
4 15 14
5 6 16
5 16 15
6 7 17
6 17 16
7 8 18
7 18 17
8 9 19
8 19 18
9 0 10
9 10 19
20 22 21
20 23 22
20 24 23
20 25 24
20 26 25
20 27 26
20 28 27
20 29 28
20 30 29
20 21 30
31 32 33
31 33 34
31 34 35
31 35 36
31 36 37
31 37 38
31 38 39
31 39 40
31 40 41
31 41 32
LABEL sfoot2_skirt_5_0
MATERIAL 7
TEXTURE 0
GEOM 16 12 ;sfoot2_skirt_5_0
9.185 -6.497 -11.050 0.7675 -0.6411 0.0000
8.824 -6.978 -11.050 0.7675 -0.6411 0.0000
8.438 -7.440 -11.050 0.7675 -0.6411 0.0000
8.028 -7.881 -11.050 0.7675 -0.6411 0.0000
9.185 -6.497 -10.150 0.7675 -0.6411 0.0000
8.824 -6.978 -10.150 0.7675 -0.6411 0.0000
8.438 -7.440 -10.150 0.7675 -0.6411 0.0000
8.028 -7.881 -10.150 0.7675 -0.6411 0.0000
9.185 -6.497 -11.050 -0.7675 0.6411 -0.0000
8.824 -6.978 -11.050 -0.7675 0.6411 -0.0000
8.438 -7.440 -11.050 -0.7675 0.6411 -0.0000
8.028 -7.881 -11.050 -0.7675 0.6411 -0.0000
9.185 -6.497 -10.150 -0.7675 0.6411 -0.0000
8.824 -6.978 -10.150 -0.7675 0.6411 -0.0000
8.438 -7.440 -10.150 -0.7675 0.6411 -0.0000
8.028 -7.881 -10.150 -0.7675 0.6411 -0.0000
0 5 1
0 4 5
8 9 13
8 13 12
1 6 2
1 5 6
9 10 14
9 14 13
2 7 3
2 6 7
10 11 15
10 15 14
LABEL sfoot2_skirt_5_1
MATERIAL 7
TEXTURE 0
GEOM 16 12 ;sfoot2_skirt_5_1
7.997 -7.913 -11.050 0.6483 -0.7614 0.0000
7.534 -8.355 -11.050 0.6483 -0.7614 0.0000
7.047 -8.769 -11.050 0.6483 -0.7614 0.0000
6.538 -9.155 -11.050 0.6483 -0.7614 0.0000
7.997 -7.913 -10.150 0.6483 -0.7614 0.0000
7.534 -8.355 -10.150 0.6483 -0.7614 0.0000
7.047 -8.769 -10.150 0.6483 -0.7614 0.0000
6.538 -9.155 -10.150 0.6483 -0.7614 0.0000
7.997 -7.913 -11.050 -0.6483 0.7614 -0.0000
7.534 -8.355 -11.050 -0.6483 0.7614 -0.0000
7.047 -8.769 -11.050 -0.6483 0.7614 -0.0000
6.538 -9.155 -11.050 -0.6483 0.7614 -0.0000
7.997 -7.913 -10.150 -0.6483 0.7614 -0.0000
7.534 -8.355 -10.150 -0.6483 0.7614 -0.0000
7.047 -8.769 -10.150 -0.6483 0.7614 -0.0000
6.538 -9.155 -10.150 -0.6483 0.7614 -0.0000
0 5 1
0 4 5
8 9 13
8 13 12
1 6 2
1 5 6
9 10 14
9 14 13
2 7 3
2 6 7
10 11 15
10 15 14
LABEL sfoot2_skirt_5_2
MATERIAL 7
TEXTURE 0
GEOM 16 12 ;sfoot2_skirt_5_2
6.501 -9.182 -11.050 0.5106 -0.8598 -0.0000
6.001 -9.516 -11.050 0.5106 -0.8598 -0.0000
5.483 -9.823 -11.050 0.5106 -0.8598 -0.0000
4.950 -10.103 -11.050 0.5106 -0.8598 -0.0000
6.501 -9.182 -10.150 0.5106 -0.8598 -0.0000
6.001 -9.516 -10.150 0.5106 -0.8598 -0.0000
5.483 -9.823 -10.150 0.5106 -0.8598 -0.0000
4.950 -10.103 -10.150 0.5106 -0.8598 -0.0000
6.501 -9.182 -11.050 -0.5106 0.8598 0.0000
6.001 -9.516 -11.050 -0.5106 0.8598 0.0000
5.483 -9.823 -11.050 -0.5106 0.8598 0.0000
4.950 -10.103 -11.050 -0.5106 0.8598 0.0000
6.501 -9.182 -10.150 -0.5106 0.8598 0.0000
6.001 -9.516 -10.150 -0.5106 0.8598 0.0000
5.483 -9.823 -10.150 -0.5106 0.8598 0.0000
4.950 -10.103 -10.150 -0.5106 0.8598 0.0000
0 5 1
0 4 5
8 9 13
8 13 12
1 6 2
1 5 6
9 10 14
9 14 13
2 7 3
2 6 7
10 11 15
10 15 14
LABEL sfoot2_petal_6
MATERIAL 7
TEXTURE 0
GEOM 66 52 ;sfoot2_petal_6
0.508 -0.830 -9.557 -0.1807 0.9830 0.0332
-0.180 -0.957 -9.557 -0.1807 0.9830 0.0332
-0.177 -0.971 -9.107 -0.1807 0.9830 0.0332
0.511 -0.845 -9.107 -0.1807 0.9830 0.0332
2.307 -10.616 -9.887 0.1807 -0.9830 -0.0332
1.619 -10.743 -9.887 0.1807 -0.9830 -0.0332
1.621 -10.757 -9.437 0.1807 -0.9830 -0.0332
2.310 -10.631 -9.437 0.1807 -0.9830 -0.0332
0.508 -0.830 -9.557 0.9835 0.1808 -0.0000
2.307 -10.616 -9.887 0.9835 0.1808 -0.0000
2.310 -10.631 -9.437 0.9835 0.1808 -0.0000
0.511 -0.845 -9.107 0.9835 0.1808 -0.0000
-0.180 -0.957 -9.557 -0.9835 -0.1808 0.0000
1.619 -10.743 -9.887 -0.9835 -0.1808 0.0000
1.621 -10.757 -9.437 -0.9835 -0.1808 0.0000
-0.177 -0.971 -9.107 -0.9835 -0.1808 0.0000
0.508 -0.830 -9.557 -0.0060 0.0326 -0.9995
2.307 -10.616 -9.887 -0.0060 0.0326 -0.9995
1.619 -10.743 -9.887 -0.0060 0.0326 -0.9995
-0.180 -0.957 -9.557 -0.0060 0.0326 -0.9995
0.511 -0.845 -9.107 0.0060 -0.0326 0.9995
2.310 -10.631 -9.437 0.0060 -0.0326 0.9995
1.621 -10.757 -9.437 0.0060 -0.0326 0.9995
-0.177 -0.971 -9.107 0.0060 -0.0326 0.9995
0.569 -0.607 -9.900 0.0000 0.0000 -1.0000
0.601 -0.781 -9.843 0.1063 -0.5781 -0.8090
0.621 -0.888 -9.693 0.1719 -0.9354 -0.3090
0.621 -0.888 -9.507 0.1719 -0.9354 0.3090
0.601 -0.781 -9.357 0.1063 -0.5781 0.8090
0.569 -0.607 -9.300 0.0000 -0.0000 1.0000
0.537 -0.434 -9.357 -0.1063 0.5781 0.8090
0.518 -0.327 -9.507 -0.1719 0.9354 0.3090
0.518 -0.327 -9.693 -0.1719 0.9354 -0.3090
0.537 -0.434 -9.843 -0.1063 0.5781 -0.8090
-0.316 -0.770 -9.900 0.0000 0.0000 -1.0000
-0.284 -0.943 -9.843 0.1063 -0.5781 -0.8090
-0.264 -1.050 -9.693 0.1719 -0.9354 -0.3090
-0.264 -1.050 -9.507 0.1719 -0.9354 0.3090
-0.284 -0.943 -9.357 0.1063 -0.5781 0.8090
-0.316 -0.770 -9.300 0.0000 -0.0000 1.0000
-0.348 -0.596 -9.357 -0.1063 0.5781 0.8090
-0.368 -0.489 -9.507 -0.1719 0.9354 0.3090
-0.368 -0.489 -9.693 -0.1719 0.9354 -0.3090
-0.348 -0.596 -9.843 -0.1063 0.5781 -0.8090
0.569 -0.607 -9.600 0.9835 0.1808 -0.0000
0.569 -0.607 -9.900 0.9835 0.1808 -0.0000
0.601 -0.781 -9.843 0.9835 0.1808 -0.0000
0.621 -0.888 -9.693 0.9835 0.1808 -0.0000
0.621 -0.888 -9.507 0.9835 0.1808 -0.0000
0.601 -0.781 -9.357 0.9835 0.1808 -0.0000
0.569 -0.607 -9.300 0.9835 0.1808 -0.0000
0.537 -0.434 -9.357 0.9835 0.1808 -0.0000
0.518 -0.327 -9.507 0.9835 0.1808 -0.0000
0.518 -0.327 -9.693 0.9835 0.1808 -0.0000
0.537 -0.434 -9.843 0.9835 0.1808 -0.0000
-0.316 -0.770 -9.600 -0.9835 -0.1808 0.0000
-0.316 -0.770 -9.900 -0.9835 -0.1808 0.0000
-0.284 -0.943 -9.843 -0.9835 -0.1808 0.0000
-0.264 -1.050 -9.693 -0.9835 -0.1808 0.0000
-0.264 -1.050 -9.507 -0.9835 -0.1808 0.0000
-0.284 -0.943 -9.357 -0.9835 -0.1808 0.0000
-0.316 -0.770 -9.300 -0.9835 -0.1808 0.0000
-0.348 -0.596 -9.357 -0.9835 -0.1808 0.0000
-0.368 -0.489 -9.507 -0.9835 -0.1808 0.0000
-0.368 -0.489 -9.693 -0.9835 -0.1808 0.0000
-0.348 -0.596 -9.843 -0.9835 -0.1808 0.0000
0 1 2
0 2 3
4 6 5
4 7 6
8 10 9
8 11 10
12 13 14
12 14 15
16 17 18
16 18 19
20 22 21
20 23 22
24 25 35
24 35 34
25 26 36
25 36 35
26 27 37
26 37 36
27 28 38
27 38 37
28 29 39
28 39 38
29 30 40
29 40 39
30 31 41
30 41 40
31 32 42
31 42 41
32 33 43
32 43 42
33 24 34
33 34 43
44 46 45
44 47 46
44 48 47
44 49 48
44 50 49
44 51 50
44 52 51
44 53 52
44 54 53
44 45 54
55 56 57
55 57 58
55 58 59
55 59 60
55 60 61
55 61 62
55 62 63
55 63 64
55 64 65
55 65 56
LABEL sfoot2_slat_6_0
MATERIAL 7
TEXTURE 0
GEOM 104 76 ;sfoot2_slat_6_0
0.439 -0.954 -9.562 0.0060 -0.0326 0.9995
0.388 -0.976 -9.562 0.0060 -0.0326 0.9995
0.335 -0.995 -9.562 0.0060 -0.0326 0.9995
0.281 -1.012 -9.562 0.0060 -0.0326 0.9995
4.706 -10.218 -9.900 0.0060 -0.0326 0.9995
4.153 -10.456 -9.900 0.0060 -0.0326 0.9995
3.587 -10.663 -9.900 0.0060 -0.0326 0.9995
3.012 -10.839 -9.900 0.0060 -0.0326 0.9995
0.439 -0.954 -9.562 -0.0060 0.0326 -0.9995
0.388 -0.976 -9.562 -0.0060 0.0326 -0.9995
0.335 -0.995 -9.562 -0.0060 0.0326 -0.9995
0.281 -1.012 -9.562 -0.0060 0.0326 -0.9995
4.706 -10.218 -9.900 -0.0060 0.0326 -0.9995
4.153 -10.456 -9.900 -0.0060 0.0326 -0.9995
3.587 -10.663 -9.900 -0.0060 0.0326 -0.9995
3.012 -10.839 -9.900 -0.0060 0.0326 -0.9995
0.439 -0.954 -9.812 -0.0060 0.0326 -0.9995
0.388 -0.976 -9.812 -0.0060 0.0326 -0.9995
0.335 -0.995 -9.812 -0.0060 0.0326 -0.9995
0.281 -1.012 -9.812 -0.0060 0.0326 -0.9995
4.706 -10.218 -10.150 -0.0060 0.0326 -0.9995
4.153 -10.456 -10.150 -0.0060 0.0326 -0.9995
3.587 -10.663 -10.150 -0.0060 0.0326 -0.9995
3.012 -10.839 -10.150 -0.0060 0.0326 -0.9995
0.439 -0.954 -9.812 0.0060 -0.0326 0.9995
0.388 -0.976 -9.812 0.0060 -0.0326 0.9995
0.335 -0.995 -9.812 0.0060 -0.0326 0.9995
0.281 -1.012 -9.812 0.0060 -0.0326 0.9995
4.706 -10.218 -10.150 0.0060 -0.0326 0.9995
4.153 -10.456 -10.150 0.0060 -0.0326 0.9995
3.587 -10.663 -10.150 0.0060 -0.0326 0.9995
3.012 -10.839 -10.150 0.0060 -0.0326 0.9995
4.706 -10.218 -10.150 0.3441 -0.9389 -0.0000
4.153 -10.456 -10.150 0.3441 -0.9389 -0.0000
3.587 -10.663 -10.150 0.3441 -0.9389 -0.0000
3.012 -10.839 -10.150 0.3441 -0.9389 -0.0000
4.706 -10.218 -9.900 0.3441 -0.9389 -0.0000
4.153 -10.456 -9.900 0.3441 -0.9389 -0.0000
3.587 -10.663 -9.900 0.3441 -0.9389 -0.0000
3.012 -10.839 -9.900 0.3441 -0.9389 -0.0000
4.706 -10.218 -10.150 -0.3441 0.9389 0.0000
4.153 -10.456 -10.150 -0.3441 0.9389 0.0000
3.587 -10.663 -10.150 -0.3441 0.9389 0.0000
3.012 -10.839 -10.150 -0.3441 0.9389 0.0000
4.706 -10.218 -9.900 -0.3441 0.9389 0.0000
4.153 -10.456 -9.900 -0.3441 0.9389 0.0000
3.587 -10.663 -9.900 -0.3441 0.9389 0.0000
3.012 -10.839 -9.900 -0.3441 0.9389 0.0000
0.439 -0.954 -9.812 -0.3441 0.9389 0.0000
0.388 -0.976 -9.812 -0.3441 0.9389 0.0000
0.335 -0.995 -9.812 -0.3441 0.9389 0.0000
0.281 -1.012 -9.812 -0.3441 0.9389 0.0000
0.439 -0.954 -9.562 -0.3441 0.9389 0.0000
0.388 -0.976 -9.562 -0.3441 0.9389 0.0000
0.335 -0.995 -9.562 -0.3441 0.9389 0.0000
0.281 -1.012 -9.562 -0.3441 0.9389 0.0000
0.439 -0.954 -9.812 0.3441 -0.9389 -0.0000
0.388 -0.976 -9.812 0.3441 -0.9389 -0.0000
0.335 -0.995 -9.812 0.3441 -0.9389 -0.0000
0.281 -1.012 -9.812 0.3441 -0.9389 -0.0000
0.439 -0.954 -9.562 0.3441 -0.9389 -0.0000
0.388 -0.976 -9.562 0.3441 -0.9389 -0.0000
0.335 -0.995 -9.562 0.3441 -0.9389 -0.0000
0.281 -1.012 -9.562 0.3441 -0.9389 -0.0000
4.706 -10.218 -9.900 0.3441 -0.9389 -0.0000
4.153 -10.456 -9.900 0.3441 -0.9389 -0.0000
3.587 -10.663 -9.900 0.3441 -0.9389 -0.0000
3.012 -10.839 -9.900 0.3441 -0.9389 -0.0000
4.706 -10.218 -9.200 0.3441 -0.9389 -0.0000
4.153 -10.456 -9.200 0.3441 -0.9389 -0.0000
3.587 -10.663 -9.200 0.3441 -0.9389 -0.0000
3.012 -10.839 -9.200 0.3441 -0.9389 -0.0000
4.706 -10.218 -9.900 -0.3441 0.9389 0.0000
4.153 -10.456 -9.900 -0.3441 0.9389 0.0000
3.587 -10.663 -9.900 -0.3441 0.9389 0.0000
3.012 -10.839 -9.900 -0.3441 0.9389 0.0000
4.706 -10.218 -9.200 -0.3441 0.9389 0.0000
4.153 -10.456 -9.200 -0.3441 0.9389 0.0000
3.587 -10.663 -9.200 -0.3441 0.9389 0.0000
3.012 -10.839 -9.200 -0.3441 0.9389 0.0000
4.706 -10.218 -9.200 -0.0000 -0.0000 1.0000
4.153 -10.456 -9.200 -0.0000 -0.0000 1.0000
3.587 -10.663 -9.200 -0.0000 -0.0000 1.0000
3.012 -10.839 -9.200 -0.0000 -0.0000 1.0000
4.559 -9.901 -9.188 -0.0000 -0.0000 1.0000
4.023 -10.130 -9.188 -0.0000 -0.0000 1.0000
3.476 -10.331 -9.188 -0.0000 -0.0000 1.0000
2.918 -10.502 -9.188 -0.0000 -0.0000 1.0000
4.706 -10.218 -9.200 0.0000 0.0000 -1.0000
4.153 -10.456 -9.200 0.0000 0.0000 -1.0000
3.587 -10.663 -9.200 0.0000 0.0000 -1.0000
3.012 -10.839 -9.200 0.0000 0.0000 -1.0000
4.559 -9.901 -9.188 0.0000 0.0000 -1.0000
4.023 -10.130 -9.188 0.0000 0.0000 -1.0000
3.476 -10.331 -9.188 0.0000 0.0000 -1.0000
2.918 -10.502 -9.188 0.0000 0.0000 -1.0000
0.439 -0.954 -9.812 -0.9083 -0.4183 0.0000
4.706 -10.218 -10.150 -0.9083 -0.4183 0.0000
0.439 -0.954 -9.562 -0.9083 -0.4183 0.0000
4.706 -10.218 -9.900 -0.9083 -0.4183 0.0000
0.439 -0.954 -9.812 0.9083 0.4183 -0.0000
4.706 -10.218 -10.150 0.9083 0.4183 -0.0000
0.439 -0.954 -9.562 0.9083 0.4183 -0.0000
4.706 -10.218 -9.900 0.9083 0.4183 -0.0000
0 1 5
0 5 4
8 13 9
8 12 13
1 2 6
1 6 5
9 14 10
9 13 14
2 3 7
2 7 6
10 15 11
10 14 15
16 21 17
16 20 21
24 25 29
24 29 28
17 22 18
17 21 22
25 26 30
25 30 29
18 23 19
18 22 23
26 27 31
26 31 30
32 37 33
32 36 37
40 41 45
40 45 44
33 38 34
33 37 38
41 42 46
41 46 45
34 39 35
34 38 39
42 43 47
42 47 46
48 49 53
48 53 52
56 61 57
56 60 61
49 50 54
49 54 53
57 62 58
57 61 62
50 51 55
50 55 54
58 63 59
58 62 63
64 69 65
64 68 69
72 73 77
72 77 76
65 70 66
65 69 70
73 74 78
73 78 77
66 71 67
66 70 71
74 75 79
74 79 78
80 85 81
80 84 85
88 89 93
88 93 92
81 86 82
81 85 86
89 90 94
89 94 93
82 87 83
82 86 87
90 91 95
90 95 94
96 97 99
96 99 98
100 103 101
100 102 103
LABEL sfoot2_slat_6_1
MATERIAL 7
TEXTURE 0
GEOM 96 72 ;sfoot2_slat_6_1
0.277 -1.013 -9.562 0.0060 -0.0326 0.9995
0.219 -1.027 -9.562 0.0060 -0.0326 0.9995
0.160 -1.038 -9.562 0.0060 -0.0326 0.9995
0.101 -1.045 -9.562 0.0060 -0.0326 0.9995
2.969 -10.851 -9.900 0.0060 -0.0326 0.9995
2.347 -11.002 -9.900 0.0060 -0.0326 0.9995
1.718 -11.118 -9.900 0.0060 -0.0326 0.9995
1.084 -11.198 -9.900 0.0060 -0.0326 0.9995
0.277 -1.013 -9.562 -0.0060 0.0326 -0.9995
0.219 -1.027 -9.562 -0.0060 0.0326 -0.9995
0.160 -1.038 -9.562 -0.0060 0.0326 -0.9995
0.101 -1.045 -9.562 -0.0060 0.0326 -0.9995
2.969 -10.851 -9.900 -0.0060 0.0326 -0.9995
2.347 -11.002 -9.900 -0.0060 0.0326 -0.9995
1.718 -11.118 -9.900 -0.0060 0.0326 -0.9995
1.084 -11.198 -9.900 -0.0060 0.0326 -0.9995
0.277 -1.013 -9.812 -0.0060 0.0326 -0.9995
0.219 -1.027 -9.812 -0.0060 0.0326 -0.9995
0.160 -1.038 -9.812 -0.0060 0.0326 -0.9995
0.101 -1.045 -9.812 -0.0060 0.0326 -0.9995
2.969 -10.851 -10.150 -0.0060 0.0326 -0.9995
2.347 -11.002 -10.150 -0.0060 0.0326 -0.9995
1.718 -11.118 -10.150 -0.0060 0.0326 -0.9995
1.084 -11.198 -10.150 -0.0060 0.0326 -0.9995
0.277 -1.013 -9.812 0.0060 -0.0326 0.9995
0.219 -1.027 -9.812 0.0060 -0.0326 0.9995
0.160 -1.038 -9.812 0.0060 -0.0326 0.9995
0.101 -1.045 -9.812 0.0060 -0.0326 0.9995
2.969 -10.851 -10.150 0.0060 -0.0326 0.9995
2.347 -11.002 -10.150 0.0060 -0.0326 0.9995
1.718 -11.118 -10.150 0.0060 -0.0326 0.9995
1.084 -11.198 -10.150 0.0060 -0.0326 0.9995
2.969 -10.851 -10.150 0.1808 -0.9835 -0.0000
2.347 -11.002 -10.150 0.1808 -0.9835 -0.0000
1.718 -11.118 -10.150 0.1808 -0.9835 -0.0000
1.084 -11.198 -10.150 0.1808 -0.9835 -0.0000
2.969 -10.851 -9.900 0.1808 -0.9835 -0.0000
2.347 -11.002 -9.900 0.1808 -0.9835 -0.0000
1.718 -11.118 -9.900 0.1808 -0.9835 -0.0000
1.084 -11.198 -9.900 0.1808 -0.9835 -0.0000
2.969 -10.851 -10.150 -0.1808 0.9835 0.0000
2.347 -11.002 -10.150 -0.1808 0.9835 0.0000
1.718 -11.118 -10.150 -0.1808 0.9835 0.0000
1.084 -11.198 -10.150 -0.1808 0.9835 0.0000
2.969 -10.851 -9.900 -0.1808 0.9835 0.0000
2.347 -11.002 -9.900 -0.1808 0.9835 0.0000
1.718 -11.118 -9.900 -0.1808 0.9835 0.0000
1.084 -11.198 -9.900 -0.1808 0.9835 0.0000
0.277 -1.013 -9.812 -0.1808 0.9835 0.0000
0.219 -1.027 -9.812 -0.1808 0.9835 0.0000
0.160 -1.038 -9.812 -0.1808 0.9835 0.0000
0.101 -1.045 -9.812 -0.1808 0.9835 0.0000
0.277 -1.013 -9.562 -0.1808 0.9835 0.0000
0.219 -1.027 -9.562 -0.1808 0.9835 0.0000
0.160 -1.038 -9.562 -0.1808 0.9835 0.0000
0.101 -1.045 -9.562 -0.1808 0.9835 0.0000
0.277 -1.013 -9.812 0.1808 -0.9835 -0.0000
0.219 -1.027 -9.812 0.1808 -0.9835 -0.0000
0.160 -1.038 -9.812 0.1808 -0.9835 -0.0000
0.101 -1.045 -9.812 0.1808 -0.9835 -0.0000
0.277 -1.013 -9.562 0.1808 -0.9835 -0.0000
0.219 -1.027 -9.562 0.1808 -0.9835 -0.0000
0.160 -1.038 -9.562 0.1808 -0.9835 -0.0000
0.101 -1.045 -9.562 0.1808 -0.9835 -0.0000
2.969 -10.851 -9.900 0.1808 -0.9835 -0.0000
2.347 -11.002 -9.900 0.1808 -0.9835 -0.0000
1.718 -11.118 -9.900 0.1808 -0.9835 -0.0000
1.084 -11.198 -9.900 0.1808 -0.9835 -0.0000
2.969 -10.851 -9.200 0.1808 -0.9835 -0.0000
2.347 -11.002 -9.200 0.1808 -0.9835 -0.0000
1.718 -11.118 -9.200 0.1808 -0.9835 -0.0000
1.084 -11.198 -9.200 0.1808 -0.9835 -0.0000
2.969 -10.851 -9.900 -0.1808 0.9835 0.0000
2.347 -11.002 -9.900 -0.1808 0.9835 0.0000
1.718 -11.118 -9.900 -0.1808 0.9835 0.0000
1.084 -11.198 -9.900 -0.1808 0.9835 0.0000
2.969 -10.851 -9.200 -0.1808 0.9835 0.0000
2.347 -11.002 -9.200 -0.1808 0.9835 0.0000
1.718 -11.118 -9.200 -0.1808 0.9835 0.0000
1.084 -11.198 -9.200 -0.1808 0.9835 0.0000
2.969 -10.851 -9.200 -0.0000 -0.0000 1.0000
2.347 -11.002 -9.200 -0.0000 -0.0000 1.0000
1.718 -11.118 -9.200 -0.0000 -0.0000 1.0000
1.084 -11.198 -9.200 -0.0000 -0.0000 1.0000
2.876 -10.514 -9.188 -0.0000 -0.0000 1.0000
2.274 -10.660 -9.188 -0.0000 -0.0000 1.0000
1.665 -10.772 -9.188 -0.0000 -0.0000 1.0000
1.050 -10.849 -9.188 -0.0000 -0.0000 1.0000
2.969 -10.851 -9.200 0.0000 0.0000 -1.0000
2.347 -11.002 -9.200 0.0000 0.0000 -1.0000
1.718 -11.118 -9.200 0.0000 0.0000 -1.0000
1.084 -11.198 -9.200 0.0000 0.0000 -1.0000
2.876 -10.514 -9.188 0.0000 0.0000 -1.0000
2.274 -10.660 -9.188 0.0000 0.0000 -1.0000
1.665 -10.772 -9.188 0.0000 0.0000 -1.0000
1.050 -10.849 -9.188 0.0000 0.0000 -1.0000
0 1 5
0 5 4
8 13 9
8 12 13
1 2 6
1 6 5
9 14 10
9 13 14
2 3 7
2 7 6
10 15 11
10 14 15
16 21 17
16 20 21
24 25 29
24 29 28
17 22 18
17 21 22
25 26 30
25 30 29
18 23 19
18 22 23
26 27 31
26 31 30
32 37 33
32 36 37
40 41 45
40 45 44
33 38 34
33 37 38
41 42 46
41 46 45
34 39 35
34 38 39
42 43 47
42 47 46
48 49 53
48 53 52
56 61 57
56 60 61
49 50 54
49 54 53
57 62 58
57 61 62
50 51 55
50 55 54
58 63 59
58 62 63
64 69 65
64 68 69
72 73 77
72 77 76
65 70 66
65 69 70
73 74 78
73 78 77
66 71 67
66 70 71
74 75 79
74 79 78
80 85 81
80 84 85
88 89 93
88 93 92
81 86 82
81 85 86
89 90 94
89 94 93
82 87 83
82 86 87
90 91 95
90 95 94
LABEL sfoot2_slat_6_2
MATERIAL 7
TEXTURE 0
GEOM 104 76 ;sfoot2_slat_6_2
0.097 -1.046 -9.562 0.0060 -0.0326 0.9995
0.041 -1.049 -9.562 0.0060 -0.0326 0.9995
-0.015 -1.050 -9.562 0.0060 -0.0326 0.9995
-0.071 -1.048 -9.562 0.0060 -0.0326 0.9995
1.039 -11.202 -9.900 0.0060 -0.0326 0.9995
0.439 -11.241 -9.900 0.0060 -0.0326 0.9995
-0.163 -11.249 -9.900 0.0060 -0.0326 0.9995
-0.765 -11.224 -9.900 0.0060 -0.0326 0.9995
0.097 -1.046 -9.562 -0.0060 0.0326 -0.9995
0.041 -1.049 -9.562 -0.0060 0.0326 -0.9995
-0.015 -1.050 -9.562 -0.0060 0.0326 -0.9995
-0.071 -1.048 -9.562 -0.0060 0.0326 -0.9995
1.039 -11.202 -9.900 -0.0060 0.0326 -0.9995
0.439 -11.241 -9.900 -0.0060 0.0326 -0.9995
-0.163 -11.249 -9.900 -0.0060 0.0326 -0.9995
-0.765 -11.224 -9.900 -0.0060 0.0326 -0.9995
0.097 -1.046 -9.812 -0.0060 0.0326 -0.9995
0.041 -1.049 -9.812 -0.0060 0.0326 -0.9995
-0.015 -1.050 -9.812 -0.0060 0.0326 -0.9995
-0.071 -1.048 -9.812 -0.0060 0.0326 -0.9995
1.039 -11.202 -10.150 -0.0060 0.0326 -0.9995
0.439 -11.241 -10.150 -0.0060 0.0326 -0.9995
-0.163 -11.249 -10.150 -0.0060 0.0326 -0.9995
-0.765 -11.224 -10.150 -0.0060 0.0326 -0.9995
0.097 -1.046 -9.812 0.0060 -0.0326 0.9995
0.041 -1.049 -9.812 0.0060 -0.0326 0.9995
-0.015 -1.050 -9.812 0.0060 -0.0326 0.9995
-0.071 -1.048 -9.812 0.0060 -0.0326 0.9995
1.039 -11.202 -10.150 0.0060 -0.0326 0.9995
0.439 -11.241 -10.150 0.0060 -0.0326 0.9995
-0.163 -11.249 -10.150 0.0060 -0.0326 0.9995
-0.765 -11.224 -10.150 0.0060 -0.0326 0.9995
1.039 -11.202 -10.150 0.0122 -0.9999 -0.0000
0.439 -11.241 -10.150 0.0122 -0.9999 -0.0000
-0.163 -11.249 -10.150 0.0122 -0.9999 -0.0000
-0.765 -11.224 -10.150 0.0122 -0.9999 -0.0000
1.039 -11.202 -9.900 0.0122 -0.9999 -0.0000
0.439 -11.241 -9.900 0.0122 -0.9999 -0.0000
-0.163 -11.249 -9.900 0.0122 -0.9999 -0.0000
-0.765 -11.224 -9.900 0.0122 -0.9999 -0.0000
1.039 -11.202 -10.150 -0.0122 0.9999 0.0000
0.439 -11.241 -10.150 -0.0122 0.9999 0.0000
-0.163 -11.249 -10.150 -0.0122 0.9999 0.0000
-0.765 -11.224 -10.150 -0.0122 0.9999 0.0000
1.039 -11.202 -9.900 -0.0122 0.9999 0.0000
0.439 -11.241 -9.900 -0.0122 0.9999 0.0000
-0.163 -11.249 -9.900 -0.0122 0.9999 0.0000
-0.765 -11.224 -9.900 -0.0122 0.9999 0.0000
0.097 -1.046 -9.812 -0.0122 0.9999 0.0000
0.041 -1.049 -9.812 -0.0122 0.9999 0.0000
-0.015 -1.050 -9.812 -0.0122 0.9999 0.0000
-0.071 -1.048 -9.812 -0.0122 0.9999 0.0000
0.097 -1.046 -9.562 -0.0122 0.9999 0.0000
0.041 -1.049 -9.562 -0.0122 0.9999 0.0000
-0.015 -1.050 -9.562 -0.0122 0.9999 0.0000
-0.071 -1.048 -9.562 -0.0122 0.9999 0.0000
0.097 -1.046 -9.812 0.0122 -0.9999 -0.0000
0.041 -1.049 -9.812 0.0122 -0.9999 -0.0000
-0.015 -1.050 -9.812 0.0122 -0.9999 -0.0000
-0.071 -1.048 -9.812 0.0122 -0.9999 -0.0000
0.097 -1.046 -9.562 0.0122 -0.9999 -0.0000
0.041 -1.049 -9.562 0.0122 -0.9999 -0.0000
-0.015 -1.050 -9.562 0.0122 -0.9999 -0.0000
-0.071 -1.048 -9.562 0.0122 -0.9999 -0.0000
1.039 -11.202 -9.900 0.0122 -0.9999 -0.0000
0.439 -11.241 -9.900 0.0122 -0.9999 -0.0000
-0.163 -11.249 -9.900 0.0122 -0.9999 -0.0000
-0.765 -11.224 -9.900 0.0122 -0.9999 -0.0000
1.039 -11.202 -9.200 0.0122 -0.9999 -0.0000
0.439 -11.241 -9.200 0.0122 -0.9999 -0.0000
-0.163 -11.249 -9.200 0.0122 -0.9999 -0.0000
-0.765 -11.224 -9.200 0.0122 -0.9999 -0.0000
1.039 -11.202 -9.900 -0.0122 0.9999 0.0000
0.439 -11.241 -9.900 -0.0122 0.9999 0.0000
-0.163 -11.249 -9.900 -0.0122 0.9999 0.0000
-0.765 -11.224 -9.900 -0.0122 0.9999 0.0000
1.039 -11.202 -9.200 -0.0122 0.9999 0.0000
0.439 -11.241 -9.200 -0.0122 0.9999 0.0000
-0.163 -11.249 -9.200 -0.0122 0.9999 0.0000
-0.765 -11.224 -9.200 -0.0122 0.9999 0.0000
1.039 -11.202 -9.200 -0.0000 -0.0000 1.0000
0.439 -11.241 -9.200 -0.0000 -0.0000 1.0000
-0.163 -11.249 -9.200 -0.0000 -0.0000 1.0000
-0.765 -11.224 -9.200 -0.0000 -0.0000 1.0000
1.007 -10.853 -9.188 -0.0000 -0.0000 1.0000
0.425 -10.892 -9.188 -0.0000 -0.0000 1.0000
-0.158 -10.899 -9.188 -0.0000 -0.0000 1.0000
-0.741 -10.875 -9.188 -0.0000 -0.0000 1.0000
1.039 -11.202 -9.200 0.0000 0.0000 -1.0000
0.439 -11.241 -9.200 0.0000 0.0000 -1.0000
-0.163 -11.249 -9.200 0.0000 0.0000 -1.0000
-0.765 -11.224 -9.200 0.0000 0.0000 -1.0000
1.007 -10.853 -9.188 0.0000 0.0000 -1.0000
0.425 -10.892 -9.188 0.0000 0.0000 -1.0000
-0.158 -10.899 -9.188 0.0000 0.0000 -1.0000
-0.741 -10.875 -9.188 0.0000 0.0000 -1.0000
-0.071 -1.048 -9.812 -0.9977 0.0680 0.0000
-0.765 -11.224 -10.150 -0.9977 0.0680 0.0000
-0.071 -1.048 -9.562 -0.9977 0.0680 0.0000
-0.765 -11.224 -9.900 -0.9977 0.0680 0.0000
-0.071 -1.048 -9.812 0.9977 -0.0680 -0.0000
-0.765 -11.224 -10.150 0.9977 -0.0680 -0.0000
-0.071 -1.048 -9.562 0.9977 -0.0680 -0.0000
-0.765 -11.224 -9.900 0.9977 -0.0680 -0.0000
0 1 5
0 5 4
8 13 9
8 12 13
1 2 6
1 6 5
9 14 10
9 13 14
2 3 7
2 7 6
10 15 11
10 14 15
16 21 17
16 20 21
24 25 29
24 29 28
17 22 18
17 21 22
25 26 30
25 30 29
18 23 19
18 22 23
26 27 31
26 31 30
32 37 33
32 36 37
40 41 45
40 45 44
33 38 34
33 37 38
41 42 46
41 46 45
34 39 35
34 38 39
42 43 47
42 47 46
48 49 53
48 53 52
56 61 57
56 60 61
49 50 54
49 54 53
57 62 58
57 61 62
50 51 55
50 55 54
58 63 59
58 62 63
64 69 65
64 68 69
72 73 77
72 77 76
65 70 66
65 69 70
73 74 78
73 78 77
66 71 67
66 70 71
74 75 79
74 79 78
80 85 81
80 84 85
88 89 93
88 93 92
81 86 82
81 85 86
89 90 94
89 94 93
82 87 83
82 86 87
90 91 95
90 95 94
96 97 99
96 99 98
100 103 101
100 102 103
LABEL sfoot2_strut_6
MATERIAL 9
TEXTURE 0
GEOM 50 48 ;sfoot2_strut_6
0.687 -1.131 -5.508 0.9590 -0.0000 0.2834
0.564 -1.267 -5.326 0.7117 -0.2721 0.6477
0.345 -1.367 -5.231 0.2736 -0.4713 0.8385
0.089 -1.403 -5.248 -0.2377 -0.5442 0.8046
-0.135 -1.367 -5.372 -0.6854 -0.4713 0.5551
-0.267 -1.267 -5.572 -0.9494 -0.2721 0.1569
-0.272 -1.131 -5.792 -0.9590 -0.0000 -0.2834
-0.148 -0.995 -5.974 -0.7117 0.2721 -0.6477
0.071 -0.895 -6.069 -0.2736 0.4713 -0.8385
0.327 -0.859 -6.052 0.2377 0.5442 -0.8046
0.551 -0.895 -5.928 0.6854 0.4713 -0.5551
0.683 -0.995 -5.728 0.9494 0.2721 -0.1569
1.321 -4.581 -7.654 0.9590 -0.0000 0.2834
1.198 -4.717 -7.472 0.7117 -0.2721 0.6477
0.979 -4.816 -7.377 0.2736 -0.4713 0.8385
0.723 -4.853 -7.394 -0.2377 -0.5442 0.8046
0.499 -4.816 -7.518 -0.6854 -0.4713 0.5551
0.367 -4.717 -7.717 -0.9494 -0.2721 0.1569
0.362 -4.581 -7.938 -0.9590 -0.0000 -0.2834
0.486 -4.445 -8.120 -0.7117 0.2721 -0.6477
0.705 -4.345 -8.215 -0.2736 0.4713 -0.8385
0.961 -4.309 -8.198 0.2377 0.5442 -0.8046
1.185 -4.345 -8.073 0.6854 0.4713 -0.5551
1.317 -4.445 -7.874 0.9494 0.2721 -0.1569
0.208 -1.131 -5.650 -0.1542 0.8390 0.5219
0.687 -1.131 -5.508 -0.1542 0.8390 0.5219
0.564 -1.267 -5.326 -0.1542 0.8390 0.5219
0.345 -1.367 -5.231 -0.1542 0.8390 0.5219
0.089 -1.403 -5.248 -0.1542 0.8390 0.5219
-0.135 -1.367 -5.372 -0.1542 0.8390 0.5219
-0.267 -1.267 -5.572 -0.1542 0.8390 0.5219
-0.272 -1.131 -5.792 -0.1542 0.8390 0.5219
-0.148 -0.995 -5.974 -0.1542 0.8390 0.5219
0.071 -0.895 -6.069 -0.1542 0.8390 0.5219
0.327 -0.859 -6.052 -0.1542 0.8390 0.5219
0.551 -0.895 -5.928 -0.1542 0.8390 0.5219
0.683 -0.995 -5.728 -0.1542 0.8390 0.5219
0.842 -4.581 -7.796 0.1542 -0.8390 -0.5219
1.321 -4.581 -7.654 0.1542 -0.8390 -0.5219
1.198 -4.717 -7.472 0.1542 -0.8390 -0.5219
0.979 -4.816 -7.377 0.1542 -0.8390 -0.5219
0.723 -4.853 -7.394 0.1542 -0.8390 -0.5219
0.499 -4.816 -7.518 0.1542 -0.8390 -0.5219
0.367 -4.717 -7.717 0.1542 -0.8390 -0.5219
0.362 -4.581 -7.938 0.1542 -0.8390 -0.5219
0.486 -4.445 -8.120 0.1542 -0.8390 -0.5219
0.705 -4.345 -8.215 0.1542 -0.8390 -0.5219
0.961 -4.309 -8.198 0.1542 -0.8390 -0.5219
1.185 -4.345 -8.073 0.1542 -0.8390 -0.5219
1.317 -4.445 -7.874 0.1542 -0.8390 -0.5219
0 1 13
0 13 12
1 2 14
1 14 13
2 3 15
2 15 14
3 4 16
3 16 15
4 5 17
4 17 16
5 6 18
5 18 17
6 7 19
6 19 18
7 8 20
7 20 19
8 9 21
8 21 20
9 10 22
9 22 21
10 11 23
10 23 22
11 0 12
11 12 23
24 26 25
24 27 26
24 28 27
24 29 28
24 30 29
24 31 30
24 32 31
24 33 32
24 34 33
24 35 34
24 36 35
24 25 36
37 38 39
37 39 40
37 40 41
37 41 42
37 42 43
37 43 44
37 44 45
37 45 46
37 46 47
37 47 48
37 48 49
37 49 38
LABEL sfoot2_rod_6
MATERIAL 7
TEXTURE 0
GEOM 42 40 ;sfoot2_rod_6
0.989 -4.077 -7.412 0.9590 -0.0000 0.2834
0.908 -4.157 -7.307 0.6361 -0.3199 0.7022
0.767 -4.207 -7.270 0.0702 -0.5175 0.8528
0.619 -4.207 -7.313 -0.5225 -0.5175 0.6776
0.521 -4.157 -7.422 -0.9156 -0.3199 0.2437
0.510 -4.077 -7.554 -0.9590 -0.0000 -0.2834
0.590 -3.997 -7.658 -0.6361 0.3199 -0.7022
0.732 -3.948 -7.696 -0.0702 0.5175 -0.8528
0.880 -3.948 -7.652 0.5225 0.5175 -0.6776
0.978 -3.997 -7.544 0.9156 0.3199 -0.2437
1.601 -7.403 -9.481 0.9590 -0.0000 0.2834
1.520 -7.483 -9.376 0.6361 -0.3199 0.7022
1.378 -7.533 -9.338 0.0702 -0.5175 0.8528
1.230 -7.533 -9.382 -0.5225 -0.5175 0.6776
1.132 -7.483 -9.491 -0.9156 -0.3199 0.2437
1.121 -7.403 -9.622 -0.9590 -0.0000 -0.2834
1.202 -7.323 -9.727 -0.6361 0.3199 -0.7022
1.343 -7.274 -9.765 -0.0702 0.5175 -0.8528
1.491 -7.274 -9.721 0.5225 0.5175 -0.6776
1.590 -7.323 -9.612 0.9156 0.3199 -0.2437
0.749 -4.077 -7.483 -0.1542 0.8390 0.5219
0.989 -4.077 -7.412 -0.1542 0.8390 0.5219
0.908 -4.157 -7.307 -0.1542 0.8390 0.5219
0.767 -4.207 -7.270 -0.1542 0.8390 0.5219
0.619 -4.207 -7.313 -0.1542 0.8390 0.5219
0.521 -4.157 -7.422 -0.1542 0.8390 0.5219
0.510 -4.077 -7.554 -0.1542 0.8390 0.5219
0.590 -3.997 -7.658 -0.1542 0.8390 0.5219
0.732 -3.948 -7.696 -0.1542 0.8390 0.5219
0.880 -3.948 -7.652 -0.1542 0.8390 0.5219
0.978 -3.997 -7.544 -0.1542 0.8390 0.5219
1.361 -7.403 -9.551 0.1542 -0.8390 -0.5219
1.601 -7.403 -9.481 0.1542 -0.8390 -0.5219
1.520 -7.483 -9.376 0.1542 -0.8390 -0.5219
1.378 -7.533 -9.338 0.1542 -0.8390 -0.5219
1.230 -7.533 -9.382 0.1542 -0.8390 -0.5219
1.132 -7.483 -9.491 0.1542 -0.8390 -0.5219
1.121 -7.403 -9.622 0.1542 -0.8390 -0.5219
1.202 -7.323 -9.727 0.1542 -0.8390 -0.5219
1.343 -7.274 -9.765 0.1542 -0.8390 -0.5219
1.491 -7.274 -9.721 0.1542 -0.8390 -0.5219
1.590 -7.323 -9.612 0.1542 -0.8390 -0.5219
0 1 11
0 11 10
1 2 12
1 12 11
2 3 13
2 13 12
3 4 14
3 14 13
4 5 15
4 15 14
5 6 16
5 16 15
6 7 17
6 17 16
7 8 18
7 18 17
8 9 19
8 19 18
9 0 10
9 10 19
20 22 21
20 23 22
20 24 23
20 25 24
20 26 25
20 27 26
20 28 27
20 29 28
20 30 29
20 21 30
31 32 33
31 33 34
31 34 35
31 35 36
31 36 37
31 37 38
31 38 39
31 39 40
31 40 41
31 41 32
LABEL sfoot2_skirt_6_0
MATERIAL 7
TEXTURE 0
GEOM 16 12 ;sfoot2_skirt_6_0
4.706 -10.218 -11.050 0.3441 -0.9389 -0.0000
4.153 -10.456 -11.050 0.3441 -0.9389 -0.0000
3.587 -10.663 -11.050 0.3441 -0.9389 -0.0000
3.012 -10.839 -11.050 0.3441 -0.9389 -0.0000
4.706 -10.218 -10.150 0.3441 -0.9389 -0.0000
4.153 -10.456 -10.150 0.3441 -0.9389 -0.0000
3.587 -10.663 -10.150 0.3441 -0.9389 -0.0000
3.012 -10.839 -10.150 0.3441 -0.9389 -0.0000
4.706 -10.218 -11.050 -0.3441 0.9389 0.0000
4.153 -10.456 -11.050 -0.3441 0.9389 0.0000
3.587 -10.663 -11.050 -0.3441 0.9389 0.0000
3.012 -10.839 -11.050 -0.3441 0.9389 0.0000
4.706 -10.218 -10.150 -0.3441 0.9389 0.0000
4.153 -10.456 -10.150 -0.3441 0.9389 0.0000
3.587 -10.663 -10.150 -0.3441 0.9389 0.0000
3.012 -10.839 -10.150 -0.3441 0.9389 0.0000
0 5 1
0 4 5
8 9 13
8 13 12
1 6 2
1 5 6
9 10 14
9 14 13
2 7 3
2 6 7
10 11 15
10 15 14
LABEL sfoot2_skirt_6_1
MATERIAL 7
TEXTURE 0
GEOM 16 12 ;sfoot2_skirt_6_1
2.969 -10.851 -11.050 0.1808 -0.9835 -0.0000
2.347 -11.002 -11.050 0.1808 -0.9835 -0.0000
1.718 -11.118 -11.050 0.1808 -0.9835 -0.0000
1.084 -11.198 -11.050 0.1808 -0.9835 -0.0000
2.969 -10.851 -10.150 0.1808 -0.9835 -0.0000
2.347 -11.002 -10.150 0.1808 -0.9835 -0.0000
1.718 -11.118 -10.150 0.1808 -0.9835 -0.0000
1.084 -11.198 -10.150 0.1808 -0.9835 -0.0000
2.969 -10.851 -11.050 -0.1808 0.9835 0.0000
2.347 -11.002 -11.050 -0.1808 0.9835 0.0000
1.718 -11.118 -11.050 -0.1808 0.9835 0.0000
1.084 -11.198 -11.050 -0.1808 0.9835 0.0000
2.969 -10.851 -10.150 -0.1808 0.9835 0.0000
2.347 -11.002 -10.150 -0.1808 0.9835 0.0000
1.718 -11.118 -10.150 -0.1808 0.9835 0.0000
1.084 -11.198 -10.150 -0.1808 0.9835 0.0000
0 5 1
0 4 5
8 9 13
8 13 12
1 6 2
1 5 6
9 10 14
9 14 13
2 7 3
2 6 7
10 11 15
10 15 14
LABEL sfoot2_skirt_6_2
MATERIAL 7
TEXTURE 0
GEOM 16 12 ;sfoot2_skirt_6_2
1.039 -11.202 -11.050 0.0122 -0.9999 -0.0000
0.439 -11.241 -11.050 0.0122 -0.9999 -0.0000
-0.163 -11.249 -11.050 0.0122 -0.9999 -0.0000
-0.765 -11.224 -11.050 0.0122 -0.9999 -0.0000
1.039 -11.202 -10.150 0.0122 -0.9999 -0.0000
0.439 -11.241 -10.150 0.0122 -0.9999 -0.0000
-0.163 -11.249 -10.150 0.0122 -0.9999 -0.0000
-0.765 -11.224 -10.150 0.0122 -0.9999 -0.0000
1.039 -11.202 -11.050 -0.0122 0.9999 0.0000
0.439 -11.241 -11.050 -0.0122 0.9999 0.0000
-0.163 -11.249 -11.050 -0.0122 0.9999 0.0000
-0.765 -11.224 -11.050 -0.0122 0.9999 0.0000
1.039 -11.202 -10.150 -0.0122 0.9999 0.0000
0.439 -11.241 -10.150 -0.0122 0.9999 0.0000
-0.163 -11.249 -10.150 -0.0122 0.9999 0.0000
-0.765 -11.224 -10.150 -0.0122 0.9999 0.0000
0 5 1
0 4 5
8 9 13
8 13 12
1 6 2
1 5 6
9 10 14
9 14 13
2 7 3
2 6 7
10 11 15
10 15 14
LABEL sfoot2_petal_7
MATERIAL 7
TEXTURE 0
GEOM 66 52 ;sfoot2_petal_7
0.025 -0.973 -9.557 0.3350 0.9416 0.0332
-0.634 -0.738 -9.557 0.3350 0.9416 0.0332
-0.639 -0.752 -9.107 0.3350 0.9416 0.0332
0.020 -0.987 -9.107 0.3350 0.9416 0.0332
-3.310 -10.347 -9.887 -0.3350 -0.9416 -0.0332
-3.970 -10.113 -9.887 -0.3350 -0.9416 -0.0332
-3.975 -10.127 -9.437 -0.3350 -0.9416 -0.0332
-3.315 -10.361 -9.437 -0.3350 -0.9416 -0.0332
0.025 -0.973 -9.557 0.9421 -0.3352 -0.0000
-3.310 -10.347 -9.887 0.9421 -0.3352 -0.0000
-3.315 -10.361 -9.437 0.9421 -0.3352 -0.0000
0.020 -0.987 -9.107 0.9421 -0.3352 -0.0000
-0.634 -0.738 -9.557 -0.9421 0.3352 0.0000
-3.970 -10.113 -9.887 -0.9421 0.3352 0.0000
-3.975 -10.127 -9.437 -0.9421 0.3352 0.0000
-0.639 -0.752 -9.107 -0.9421 0.3352 0.0000
0.025 -0.973 -9.557 0.0111 0.0312 -0.9995
-3.310 -10.347 -9.887 0.0111 0.0312 -0.9995
-3.970 -10.113 -9.887 0.0111 0.0312 -0.9995
-0.634 -0.738 -9.557 0.0111 0.0312 -0.9995
0.020 -0.987 -9.107 -0.0111 -0.0312 0.9995
-3.315 -10.361 -9.437 -0.0111 -0.0312 0.9995
-3.975 -10.127 -9.437 -0.0111 -0.0312 0.9995
-0.639 -0.752 -9.107 -0.0111 -0.0312 0.9995
0.189 -0.810 -9.900 0.0000 0.0000 -1.0000
0.130 -0.976 -9.843 -0.1970 -0.5538 -0.8090
0.094 -1.079 -9.693 -0.3188 -0.8960 -0.3090
0.094 -1.079 -9.507 -0.3188 -0.8960 0.3090
0.130 -0.976 -9.357 -0.1970 -0.5538 0.8090
0.189 -0.810 -9.300 -0.0000 -0.0000 1.0000
0.248 -0.644 -9.357 0.1970 0.5538 0.8090
0.285 -0.542 -9.507 0.3188 0.8960 0.3090
0.285 -0.542 -9.693 0.3188 0.8960 -0.3090
0.248 -0.644 -9.843 0.1970 0.5538 -0.8090
-0.659 -0.509 -9.900 0.0000 0.0000 -1.0000
-0.718 -0.675 -9.843 -0.1970 -0.5538 -0.8090
-0.754 -0.777 -9.693 -0.3188 -0.8960 -0.3090
-0.754 -0.777 -9.507 -0.3188 -0.8960 0.3090
-0.718 -0.675 -9.357 -0.1970 -0.5538 0.8090
-0.659 -0.509 -9.300 -0.0000 -0.0000 1.0000
-0.600 -0.343 -9.357 0.1970 0.5538 0.8090
-0.563 -0.240 -9.507 0.3188 0.8960 0.3090
-0.563 -0.240 -9.693 0.3188 0.8960 -0.3090
-0.600 -0.343 -9.843 0.1970 0.5538 -0.8090
0.189 -0.810 -9.600 0.9421 -0.3352 -0.0000
0.189 -0.810 -9.900 0.9421 -0.3352 -0.0000
0.130 -0.976 -9.843 0.9421 -0.3352 -0.0000
0.094 -1.079 -9.693 0.9421 -0.3352 -0.0000
0.094 -1.079 -9.507 0.9421 -0.3352 -0.0000
0.130 -0.976 -9.357 0.9421 -0.3352 -0.0000
0.189 -0.810 -9.300 0.9421 -0.3352 -0.0000
0.248 -0.644 -9.357 0.9421 -0.3352 -0.0000
0.285 -0.542 -9.507 0.9421 -0.3352 -0.0000
0.285 -0.542 -9.693 0.9421 -0.3352 -0.0000
0.248 -0.644 -9.843 0.9421 -0.3352 -0.0000
-0.659 -0.509 -9.600 -0.9421 0.3352 0.0000
-0.659 -0.509 -9.900 -0.9421 0.3352 0.0000
-0.718 -0.675 -9.843 -0.9421 0.3352 0.0000
-0.754 -0.777 -9.693 -0.9421 0.3352 0.0000
-0.754 -0.777 -9.507 -0.9421 0.3352 0.0000
-0.718 -0.675 -9.357 -0.9421 0.3352 0.0000
-0.659 -0.509 -9.300 -0.9421 0.3352 0.0000
-0.600 -0.343 -9.357 -0.9421 0.3352 0.0000
-0.563 -0.240 -9.507 -0.9421 0.3352 0.0000
-0.563 -0.240 -9.693 -0.9421 0.3352 0.0000
-0.600 -0.343 -9.843 -0.9421 0.3352 0.0000
0 1 2
0 2 3
4 6 5
4 7 6
8 10 9
8 11 10
12 13 14
12 14 15
16 17 18
16 18 19
20 22 21
20 23 22
24 25 35
24 35 34
25 26 36
25 36 35
26 27 37
26 37 36
27 28 38
27 38 37
28 29 39
28 39 38
29 30 40
29 40 39
30 31 41
30 41 40
31 32 42
31 42 41
32 33 43
32 43 42
33 24 34
33 34 43
44 46 45
44 47 46
44 48 47
44 49 48
44 50 49
44 51 50
44 52 51
44 53 52
44 54 53
44 45 54
55 56 57
55 57 58
55 58 59
55 59 60
55 60 61
55 61 62
55 62 63
55 63 64
55 64 65
55 65 56
LABEL sfoot2_slat_7_0
MATERIAL 7
TEXTURE 0
GEOM 104 76 ;sfoot2_slat_7_0
-0.096 -1.046 -9.562 -0.0111 -0.0312 0.9995
-0.152 -1.039 -9.562 -0.0111 -0.0312 0.9995
-0.208 -1.029 -9.562 -0.0111 -0.0312 0.9995
-0.262 -1.017 -9.562 -0.0111 -0.0312 0.9995
-1.034 -11.202 -9.900 -0.0111 -0.0312 0.9995
-1.632 -11.131 -9.900 -0.0111 -0.0312 0.9995
-2.225 -11.028 -9.900 -0.0111 -0.0312 0.9995
-2.811 -10.893 -9.900 -0.0111 -0.0312 0.9995
-0.096 -1.046 -9.562 0.0111 0.0312 -0.9995
-0.152 -1.039 -9.562 0.0111 0.0312 -0.9995
-0.208 -1.029 -9.562 0.0111 0.0312 -0.9995
-0.262 -1.017 -9.562 0.0111 0.0312 -0.9995
-1.034 -11.202 -9.900 0.0111 0.0312 -0.9995
-1.632 -11.131 -9.900 0.0111 0.0312 -0.9995
-2.225 -11.028 -9.900 0.0111 0.0312 -0.9995
-2.811 -10.893 -9.900 0.0111 0.0312 -0.9995
-0.096 -1.046 -9.812 0.0111 0.0312 -0.9995
-0.152 -1.039 -9.812 0.0111 0.0312 -0.9995
-0.208 -1.029 -9.812 0.0111 0.0312 -0.9995
-0.262 -1.017 -9.812 0.0111 0.0312 -0.9995
-1.034 -11.202 -10.150 0.0111 0.0312 -0.9995
-1.632 -11.131 -10.150 0.0111 0.0312 -0.9995
-2.225 -11.028 -10.150 0.0111 0.0312 -0.9995
-2.811 -10.893 -10.150 0.0111 0.0312 -0.9995
-0.096 -1.046 -9.812 -0.0111 -0.0312 0.9995
-0.152 -1.039 -9.812 -0.0111 -0.0312 0.9995
-0.208 -1.029 -9.812 -0.0111 -0.0312 0.9995
-0.262 -1.017 -9.812 -0.0111 -0.0312 0.9995
-1.034 -11.202 -10.150 -0.0111 -0.0312 0.9995
-1.632 -11.131 -10.150 -0.0111 -0.0312 0.9995
-2.225 -11.028 -10.150 -0.0111 -0.0312 0.9995
-2.811 -10.893 -10.150 -0.0111 -0.0312 0.9995
-1.034 -11.202 -10.150 -0.1714 -0.9852 -0.0000
-1.632 -11.131 -10.150 -0.1714 -0.9852 -0.0000
-2.225 -11.028 -10.150 -0.1714 -0.9852 -0.0000
-2.811 -10.893 -10.150 -0.1714 -0.9852 -0.0000
-1.034 -11.202 -9.900 -0.1714 -0.9852 -0.0000
-1.632 -11.131 -9.900 -0.1714 -0.9852 -0.0000
-2.225 -11.028 -9.900 -0.1714 -0.9852 -0.0000
-2.811 -10.893 -9.900 -0.1714 -0.9852 -0.0000
-1.034 -11.202 -10.150 0.1714 0.9852 0.0000
-1.632 -11.131 -10.150 0.1714 0.9852 0.0000
-2.225 -11.028 -10.150 0.1714 0.9852 0.0000
-2.811 -10.893 -10.150 0.1714 0.9852 0.0000
-1.034 -11.202 -9.900 0.1714 0.9852 0.0000
-1.632 -11.131 -9.900 0.1714 0.9852 0.0000
-2.225 -11.028 -9.900 0.1714 0.9852 0.0000
-2.811 -10.893 -9.900 0.1714 0.9852 0.0000
-0.096 -1.046 -9.812 0.1714 0.9852 0.0000
-0.152 -1.039 -9.812 0.1714 0.9852 0.0000
-0.208 -1.029 -9.812 0.1714 0.9852 0.0000
-0.262 -1.017 -9.812 0.1714 0.9852 0.0000
-0.096 -1.046 -9.562 0.1714 0.9852 0.0000
-0.152 -1.039 -9.562 0.1714 0.9852 0.0000
-0.208 -1.029 -9.562 0.1714 0.9852 0.0000
-0.262 -1.017 -9.562 0.1714 0.9852 0.0000
-0.096 -1.046 -9.812 -0.1714 -0.9852 -0.0000
-0.152 -1.039 -9.812 -0.1714 -0.9852 -0.0000
-0.208 -1.029 -9.812 -0.1714 -0.9852 -0.0000
-0.262 -1.017 -9.812 -0.1714 -0.9852 -0.0000
-0.096 -1.046 -9.562 -0.1714 -0.9852 -0.0000
-0.152 -1.039 -9.562 -0.1714 -0.9852 -0.0000
-0.208 -1.029 -9.562 -0.1714 -0.9852 -0.0000
-0.262 -1.017 -9.562 -0.1714 -0.9852 -0.0000
-1.034 -11.202 -9.900 -0.1714 -0.9852 -0.0000
-1.632 -11.131 -9.900 -0.1714 -0.9852 -0.0000
-2.225 -11.028 -9.900 -0.1714 -0.9852 -0.0000
-2.811 -10.893 -9.900 -0.1714 -0.9852 -0.0000
-1.034 -11.202 -9.200 -0.1714 -0.9852 -0.0000
-1.632 -11.131 -9.200 -0.1714 -0.9852 -0.0000
-2.225 -11.028 -9.200 -0.1714 -0.9852 -0.0000
-2.811 -10.893 -9.200 -0.1714 -0.9852 -0.0000
-1.034 -11.202 -9.900 0.1714 0.9852 0.0000
-1.632 -11.131 -9.900 0.1714 0.9852 0.0000
-2.225 -11.028 -9.900 0.1714 0.9852 0.0000
-2.811 -10.893 -9.900 0.1714 0.9852 0.0000
-1.034 -11.202 -9.200 0.1714 0.9852 0.0000
-1.632 -11.131 -9.200 0.1714 0.9852 0.0000
-2.225 -11.028 -9.200 0.1714 0.9852 0.0000
-2.811 -10.893 -9.200 0.1714 0.9852 0.0000
-1.034 -11.202 -9.200 -0.0000 -0.0000 1.0000
-1.632 -11.131 -9.200 -0.0000 -0.0000 1.0000
-2.225 -11.028 -9.200 -0.0000 -0.0000 1.0000
-2.811 -10.893 -9.200 -0.0000 -0.0000 1.0000
-1.002 -10.854 -9.188 -0.0000 -0.0000 1.0000
-1.581 -10.785 -9.188 -0.0000 -0.0000 1.0000
-2.155 -10.685 -9.188 -0.0000 -0.0000 1.0000
-2.724 -10.554 -9.188 -0.0000 -0.0000 1.0000
-1.034 -11.202 -9.200 0.0000 0.0000 -1.0000
-1.632 -11.131 -9.200 0.0000 0.0000 -1.0000
-2.225 -11.028 -9.200 0.0000 0.0000 -1.0000
-2.811 -10.893 -9.200 0.0000 0.0000 -1.0000
-1.002 -10.854 -9.188 0.0000 0.0000 -1.0000
-1.581 -10.785 -9.188 0.0000 0.0000 -1.0000
-2.155 -10.685 -9.188 0.0000 0.0000 -1.0000
-2.724 -10.554 -9.188 0.0000 0.0000 -1.0000
-0.096 -1.046 -9.812 -0.9958 0.0919 0.0000
-1.034 -11.202 -10.150 -0.9958 0.0919 0.0000
-0.096 -1.046 -9.562 -0.9958 0.0919 0.0000
-1.034 -11.202 -9.900 -0.9958 0.0919 0.0000
-0.096 -1.046 -9.812 0.9958 -0.0919 -0.0000
-1.034 -11.202 -10.150 0.9958 -0.0919 -0.0000
-0.096 -1.046 -9.562 0.9958 -0.0919 -0.0000
-1.034 -11.202 -9.900 0.9958 -0.0919 -0.0000
0 1 5
0 5 4
8 13 9
8 12 13
1 2 6
1 6 5
9 14 10
9 13 14
2 3 7
2 7 6
10 15 11
10 14 15
16 21 17
16 20 21
24 25 29
24 29 28
17 22 18
17 21 22
25 26 30
25 30 29
18 23 19
18 22 23
26 27 31
26 31 30
32 37 33
32 36 37
40 41 45
40 45 44
33 38 34
33 37 38
41 42 46
41 46 45
34 39 35
34 38 39
42 43 47
42 47 46
48 49 53
48 53 52
56 61 57
56 60 61
49 50 54
49 54 53
57 62 58
57 61 62
50 51 55
50 55 54
58 63 59
58 62 63
64 69 65
64 68 69
72 73 77
72 77 76
65 70 66
65 69 70
73 74 78
73 78 77
66 71 67
66 70 71
74 75 79
74 79 78
80 85 81
80 84 85
88 89 93
88 93 92
81 86 82
81 85 86
89 90 94
89 94 93
82 87 83
82 86 87
90 91 95
90 95 94
96 97 99
96 99 98
100 103 101
100 102 103
LABEL sfoot2_slat_7_1
MATERIAL 7
TEXTURE 0
GEOM 96 72 ;sfoot2_slat_7_1
-0.266 -1.016 -9.562 -0.0111 -0.0312 0.9995
-0.324 -0.999 -9.562 -0.0111 -0.0312 0.9995
-0.380 -0.979 -9.562 -0.0111 -0.0312 0.9995
-0.435 -0.956 -9.562 -0.0111 -0.0312 0.9995
-2.855 -10.882 -9.900 -0.0111 -0.0312 0.9995
-3.468 -10.702 -9.900 -0.0111 -0.0312 0.9995
-4.071 -10.488 -9.900 -0.0111 -0.0312 0.9995
-4.660 -10.239 -9.900 -0.0111 -0.0312 0.9995
-0.266 -1.016 -9.562 0.0111 0.0312 -0.9995
-0.324 -0.999 -9.562 0.0111 0.0312 -0.9995
-0.380 -0.979 -9.562 0.0111 0.0312 -0.9995
-0.435 -0.956 -9.562 0.0111 0.0312 -0.9995
-2.855 -10.882 -9.900 0.0111 0.0312 -0.9995
-3.468 -10.702 -9.900 0.0111 0.0312 -0.9995
-4.071 -10.488 -9.900 0.0111 0.0312 -0.9995
-4.660 -10.239 -9.900 0.0111 0.0312 -0.9995
-0.266 -1.016 -9.812 0.0111 0.0312 -0.9995
-0.324 -0.999 -9.812 0.0111 0.0312 -0.9995
-0.380 -0.979 -9.812 0.0111 0.0312 -0.9995
-0.435 -0.956 -9.812 0.0111 0.0312 -0.9995
-2.855 -10.882 -10.150 0.0111 0.0312 -0.9995
-3.468 -10.702 -10.150 0.0111 0.0312 -0.9995
-4.071 -10.488 -10.150 0.0111 0.0312 -0.9995
-4.660 -10.239 -10.150 0.0111 0.0312 -0.9995
-0.266 -1.016 -9.812 -0.0111 -0.0312 0.9995
-0.324 -0.999 -9.812 -0.0111 -0.0312 0.9995
-0.380 -0.979 -9.812 -0.0111 -0.0312 0.9995
-0.435 -0.956 -9.812 -0.0111 -0.0312 0.9995
-2.855 -10.882 -10.150 -0.0111 -0.0312 0.9995
-3.468 -10.702 -10.150 -0.0111 -0.0312 0.9995
-4.071 -10.488 -10.150 -0.0111 -0.0312 0.9995
-4.660 -10.239 -10.150 -0.0111 -0.0312 0.9995
-2.855 -10.882 -10.150 -0.3352 -0.9421 -0.0000
-3.468 -10.702 -10.150 -0.3352 -0.9421 -0.0000
-4.071 -10.488 -10.150 -0.3352 -0.9421 -0.0000
-4.660 -10.239 -10.150 -0.3352 -0.9421 -0.0000
-2.855 -10.882 -9.900 -0.3352 -0.9421 -0.0000
-3.468 -10.702 -9.900 -0.3352 -0.9421 -0.0000
-4.071 -10.488 -9.900 -0.3352 -0.9421 -0.0000
-4.660 -10.239 -9.900 -0.3352 -0.9421 -0.0000
-2.855 -10.882 -10.150 0.3352 0.9421 0.0000
-3.468 -10.702 -10.150 0.3352 0.9421 0.0000
-4.071 -10.488 -10.150 0.3352 0.9421 0.0000
-4.660 -10.239 -10.150 0.3352 0.9421 0.0000
-2.855 -10.882 -9.900 0.3352 0.9421 0.0000
-3.468 -10.702 -9.900 0.3352 0.9421 0.0000
-4.071 -10.488 -9.900 0.3352 0.9421 0.0000
-4.660 -10.239 -9.900 0.3352 0.9421 0.0000
-0.266 -1.016 -9.812 0.3352 0.9421 0.0000
-0.324 -0.999 -9.812 0.3352 0.9421 0.0000
-0.380 -0.979 -9.812 0.3352 0.9421 0.0000
-0.435 -0.956 -9.812 0.3352 0.9421 0.0000
-0.266 -1.016 -9.562 0.3352 0.9421 0.0000
-0.324 -0.999 -9.562 0.3352 0.9421 0.0000
-0.380 -0.979 -9.562 0.3352 0.9421 0.0000
-0.435 -0.956 -9.562 0.3352 0.9421 0.0000
-0.266 -1.016 -9.812 -0.3352 -0.9421 -0.0000
-0.324 -0.999 -9.812 -0.3352 -0.9421 -0.0000
-0.380 -0.979 -9.812 -0.3352 -0.9421 -0.0000
-0.435 -0.956 -9.812 -0.3352 -0.9421 -0.0000
-0.266 -1.016 -9.562 -0.3352 -0.9421 -0.0000
-0.324 -0.999 -9.562 -0.3352 -0.9421 -0.0000
-0.380 -0.979 -9.562 -0.3352 -0.9421 -0.0000
-0.435 -0.956 -9.562 -0.3352 -0.9421 -0.0000
-2.855 -10.882 -9.900 -0.3352 -0.9421 -0.0000
-3.468 -10.702 -9.900 -0.3352 -0.9421 -0.0000
-4.071 -10.488 -9.900 -0.3352 -0.9421 -0.0000
-4.660 -10.239 -9.900 -0.3352 -0.9421 -0.0000
-2.855 -10.882 -9.200 -0.3352 -0.9421 -0.0000
-3.468 -10.702 -9.200 -0.3352 -0.9421 -0.0000
-4.071 -10.488 -9.200 -0.3352 -0.9421 -0.0000
-4.660 -10.239 -9.200 -0.3352 -0.9421 -0.0000
-2.855 -10.882 -9.900 0.3352 0.9421 0.0000
-3.468 -10.702 -9.900 0.3352 0.9421 0.0000
-4.071 -10.488 -9.900 0.3352 0.9421 0.0000
-4.660 -10.239 -9.900 0.3352 0.9421 0.0000
-2.855 -10.882 -9.200 0.3352 0.9421 0.0000
-3.468 -10.702 -9.200 0.3352 0.9421 0.0000
-4.071 -10.488 -9.200 0.3352 0.9421 0.0000
-4.660 -10.239 -9.200 0.3352 0.9421 0.0000
-2.855 -10.882 -9.200 -0.0000 -0.0000 1.0000
-3.468 -10.702 -9.200 -0.0000 -0.0000 1.0000
-4.071 -10.488 -9.200 -0.0000 -0.0000 1.0000
-4.660 -10.239 -9.200 -0.0000 -0.0000 1.0000
-2.766 -10.543 -9.188 -0.0000 -0.0000 1.0000
-3.360 -10.369 -9.188 -0.0000 -0.0000 1.0000
-3.944 -10.161 -9.188 -0.0000 -0.0000 1.0000
-4.515 -9.921 -9.188 -0.0000 -0.0000 1.0000
-2.855 -10.882 -9.200 0.0000 0.0000 -1.0000
-3.468 -10.702 -9.200 0.0000 0.0000 -1.0000
-4.071 -10.488 -9.200 0.0000 0.0000 -1.0000
-4.660 -10.239 -9.200 0.0000 0.0000 -1.0000
-2.766 -10.543 -9.188 0.0000 0.0000 -1.0000
-3.360 -10.369 -9.188 0.0000 0.0000 -1.0000
-3.944 -10.161 -9.188 0.0000 0.0000 -1.0000
-4.515 -9.921 -9.188 0.0000 0.0000 -1.0000
0 1 5
0 5 4
8 13 9
8 12 13
1 2 6
1 6 5
9 14 10
9 13 14
2 3 7
2 7 6
10 15 11
10 14 15
16 21 17
16 20 21
24 25 29
24 29 28
17 22 18
17 21 22
25 26 30
25 30 29
18 23 19
18 22 23
26 27 31
26 31 30
32 37 33
32 36 37
40 41 45
40 45 44
33 38 34
33 37 38
41 42 46
41 46 45
34 39 35
34 38 39
42 43 47
42 47 46
48 49 53
48 53 52
56 61 57
56 60 61
49 50 54
49 54 53
57 62 58
57 61 62
50 51 55
50 55 54
58 63 59
58 62 63
64 69 65
64 68 69
72 73 77
72 77 76
65 70 66
65 69 70
73 74 78
73 78 77
66 71 67
66 70 71
74 75 79
74 79 78
80 85 81
80 84 85
88 89 93
88 93 92
81 86 82
81 85 86
89 90 94
89 94 93
82 87 83
82 86 87
90 91 95
90 95 94
LABEL sfoot2_slat_7_2
MATERIAL 7
TEXTURE 0
GEOM 104 76 ;sfoot2_slat_7_2
-0.439 -0.954 -9.562 -0.0111 -0.0312 0.9995
-0.489 -0.929 -9.562 -0.0111 -0.0312 0.9995
-0.538 -0.902 -9.562 -0.0111 -0.0312 0.9995
-0.586 -0.872 -9.562 -0.0111 -0.0312 0.9995
-4.701 -10.221 -9.900 -0.0111 -0.0312 0.9995
-5.241 -9.955 -9.900 -0.0111 -0.0312 0.9995
-5.766 -9.660 -9.900 -0.0111 -0.0312 0.9995
-6.274 -9.338 -9.900 -0.0111 -0.0312 0.9995
-0.439 -0.954 -9.562 0.0111 0.0312 -0.9995
-0.489 -0.929 -9.562 0.0111 0.0312 -0.9995
-0.538 -0.902 -9.562 0.0111 0.0312 -0.9995
-0.586 -0.872 -9.562 0.0111 0.0312 -0.9995
-4.701 -10.221 -9.900 0.0111 0.0312 -0.9995
-5.241 -9.955 -9.900 0.0111 0.0312 -0.9995
-5.766 -9.660 -9.900 0.0111 0.0312 -0.9995
-6.274 -9.338 -9.900 0.0111 0.0312 -0.9995
-0.439 -0.954 -9.812 0.0111 0.0312 -0.9995
-0.489 -0.929 -9.812 0.0111 0.0312 -0.9995
-0.538 -0.902 -9.812 0.0111 0.0312 -0.9995
-0.586 -0.872 -9.812 0.0111 0.0312 -0.9995
-4.701 -10.221 -10.150 0.0111 0.0312 -0.9995
-5.241 -9.955 -10.150 0.0111 0.0312 -0.9995
-5.766 -9.660 -10.150 0.0111 0.0312 -0.9995
-6.274 -9.338 -10.150 0.0111 0.0312 -0.9995
-0.439 -0.954 -9.812 -0.0111 -0.0312 0.9995
-0.489 -0.929 -9.812 -0.0111 -0.0312 0.9995
-0.538 -0.902 -9.812 -0.0111 -0.0312 0.9995
-0.586 -0.872 -9.812 -0.0111 -0.0312 0.9995
-4.701 -10.221 -10.150 -0.0111 -0.0312 0.9995
-5.241 -9.955 -10.150 -0.0111 -0.0312 0.9995
-5.766 -9.660 -10.150 -0.0111 -0.0312 0.9995
-6.274 -9.338 -10.150 -0.0111 -0.0312 0.9995
-4.701 -10.221 -10.150 -0.4894 -0.8721 -0.0000
-5.241 -9.955 -10.150 -0.4894 -0.8721 -0.0000
-5.766 -9.660 -10.150 -0.4894 -0.8721 -0.0000
-6.274 -9.338 -10.150 -0.4894 -0.8721 -0.0000
-4.701 -10.221 -9.900 -0.4894 -0.8721 -0.0000
-5.241 -9.955 -9.900 -0.4894 -0.8721 -0.0000
-5.766 -9.660 -9.900 -0.4894 -0.8721 -0.0000
-6.274 -9.338 -9.900 -0.4894 -0.8721 -0.0000
-4.701 -10.221 -10.150 0.4894 0.8721 0.0000
-5.241 -9.955 -10.150 0.4894 0.8721 0.0000
-5.766 -9.660 -10.150 0.4894 0.8721 0.0000
-6.274 -9.338 -10.150 0.4894 0.8721 0.0000
-4.701 -10.221 -9.900 0.4894 0.8721 0.0000
-5.241 -9.955 -9.900 0.4894 0.8721 0.0000
-5.766 -9.660 -9.900 0.4894 0.8721 0.0000
-6.274 -9.338 -9.900 0.4894 0.8721 0.0000
-0.439 -0.954 -9.812 0.4894 0.8721 0.0000
-0.489 -0.929 -9.812 0.4894 0.8721 0.0000
-0.538 -0.902 -9.812 0.4894 0.8721 0.0000
-0.586 -0.872 -9.812 0.4894 0.8721 0.0000
-0.439 -0.954 -9.562 0.4894 0.8721 0.0000
-0.489 -0.929 -9.562 0.4894 0.8721 0.0000
-0.538 -0.902 -9.562 0.4894 0.8721 0.0000
-0.586 -0.872 -9.562 0.4894 0.8721 0.0000
-0.439 -0.954 -9.812 -0.4894 -0.8721 -0.0000
-0.489 -0.929 -9.812 -0.4894 -0.8721 -0.0000
-0.538 -0.902 -9.812 -0.4894 -0.8721 -0.0000
-0.586 -0.872 -9.812 -0.4894 -0.8721 -0.0000
-0.439 -0.954 -9.562 -0.4894 -0.8721 -0.0000
-0.489 -0.929 -9.562 -0.4894 -0.8721 -0.0000
-0.538 -0.902 -9.562 -0.4894 -0.8721 -0.0000
-0.586 -0.872 -9.562 -0.4894 -0.8721 -0.0000
-4.701 -10.221 -9.900 -0.4894 -0.8721 -0.0000
-5.241 -9.955 -9.900 -0.4894 -0.8721 -0.0000
-5.766 -9.660 -9.900 -0.4894 -0.8721 -0.0000
-6.274 -9.338 -9.900 -0.4894 -0.8721 -0.0000
-4.701 -10.221 -9.200 -0.4894 -0.8721 -0.0000
-5.241 -9.955 -9.200 -0.4894 -0.8721 -0.0000
-5.766 -9.660 -9.200 -0.4894 -0.8721 -0.0000
-6.274 -9.338 -9.200 -0.4894 -0.8721 -0.0000
-4.701 -10.221 -9.900 0.4894 0.8721 0.0000
-5.241 -9.955 -9.900 0.4894 0.8721 0.0000
-5.766 -9.660 -9.900 0.4894 0.8721 0.0000
-6.274 -9.338 -9.900 0.4894 0.8721 0.0000
-4.701 -10.221 -9.200 0.4894 0.8721 0.0000
-5.241 -9.955 -9.200 0.4894 0.8721 0.0000
-5.766 -9.660 -9.200 0.4894 0.8721 0.0000
-6.274 -9.338 -9.200 0.4894 0.8721 0.0000
-4.701 -10.221 -9.200 -0.0000 -0.0000 1.0000
-5.241 -9.955 -9.200 -0.0000 -0.0000 1.0000
-5.766 -9.660 -9.200 -0.0000 -0.0000 1.0000
-6.274 -9.338 -9.200 -0.0000 -0.0000 1.0000
-4.555 -9.903 -9.188 -0.0000 -0.0000 1.0000
-5.078 -9.645 -9.188 -0.0000 -0.0000 1.0000
-5.586 -9.360 -9.188 -0.0000 -0.0000 1.0000
-6.079 -9.047 -9.188 -0.0000 -0.0000 1.0000
-4.701 -10.221 -9.200 0.0000 0.0000 -1.0000
-5.241 -9.955 -9.200 0.0000 0.0000 -1.0000
-5.766 -9.660 -9.200 0.0000 0.0000 -1.0000
-6.274 -9.338 -9.200 0.0000 0.0000 -1.0000
-4.555 -9.903 -9.188 0.0000 0.0000 -1.0000
-5.078 -9.645 -9.188 0.0000 0.0000 -1.0000
-5.586 -9.360 -9.188 0.0000 0.0000 -1.0000
-6.079 -9.047 -9.188 0.0000 0.0000 -1.0000
-0.586 -0.872 -9.812 -0.8300 0.5577 0.0000
-6.274 -9.338 -10.150 -0.8300 0.5577 0.0000
-0.586 -0.872 -9.562 -0.8300 0.5577 0.0000
-6.274 -9.338 -9.900 -0.8300 0.5577 0.0000
-0.586 -0.872 -9.812 0.8300 -0.5577 -0.0000
-6.274 -9.338 -10.150 0.8300 -0.5577 -0.0000
-0.586 -0.872 -9.562 0.8300 -0.5577 -0.0000
-6.274 -9.338 -9.900 0.8300 -0.5577 -0.0000
0 1 5
0 5 4
8 13 9
8 12 13
1 2 6
1 6 5
9 14 10
9 13 14
2 3 7
2 7 6
10 15 11
10 14 15
16 21 17
16 20 21
24 25 29
24 29 28
17 22 18
17 21 22
25 26 30
25 30 29
18 23 19
18 22 23
26 27 31
26 31 30
32 37 33
32 36 37
40 41 45
40 45 44
33 38 34
33 37 38
41 42 46
41 46 45
34 39 35
34 38 39
42 43 47
42 47 46
48 49 53
48 53 52
56 61 57
56 60 61
49 50 54
49 54 53
57 62 58
57 61 62
50 51 55
50 55 54
58 63 59
58 62 63
64 69 65
64 68 69
72 73 77
72 77 76
65 70 66
65 69 70
73 74 78
73 78 77
66 71 67
66 70 71
74 75 79
74 79 78
80 85 81
80 84 85
88 89 93
88 93 92
81 86 82
81 85 86
89 90 94
89 94 93
82 87 83
82 86 87
90 91 95
90 95 94
96 97 99
96 99 98
100 103 101
100 102 103
LABEL sfoot2_strut_7
MATERIAL 9
TEXTURE 0
GEOM 50 48 ;sfoot2_strut_7
0.053 -1.083 -5.890 0.8770 0.0000 -0.4805
0.091 -1.232 -5.682 0.9526 -0.2975 -0.0637
0.001 -1.341 -5.465 0.7729 -0.5153 0.3701
-0.192 -1.381 -5.298 0.3862 -0.5951 0.7048
-0.438 -1.341 -5.225 -0.1040 -0.5153 0.8506
-0.669 -1.232 -5.266 -0.5664 -0.2975 0.7685
-0.824 -1.083 -5.410 -0.8770 -0.0000 0.4805
-0.862 -0.935 -5.618 -0.9526 0.2975 0.0637
-0.772 -0.826 -5.835 -0.7729 0.5153 -0.3701
-0.579 -0.786 -6.002 -0.3862 0.5951 -0.7048
-0.333 -0.826 -6.075 0.1040 0.5153 -0.8506
-0.102 -0.935 -6.034 0.5664 0.2975 -0.7685
-1.123 -4.388 -8.036 0.8770 0.0000 -0.4805
-1.085 -4.537 -7.828 0.9526 -0.2975 -0.0637
-1.175 -4.646 -7.611 0.7729 -0.5153 0.3701
-1.368 -4.686 -7.443 0.3862 -0.5951 0.7048
-1.613 -4.646 -7.371 -0.1040 -0.5153 0.8506
-1.844 -4.537 -7.412 -0.5664 -0.2975 0.7685
-2.000 -4.388 -7.556 -0.8770 -0.0000 0.4805
-2.038 -4.239 -7.764 -0.9526 0.2975 0.0637
-1.948 -4.130 -7.981 -0.7729 0.5153 -0.3701
-1.754 -4.091 -8.148 -0.3862 0.5951 -0.7048
-1.509 -4.130 -8.221 0.1040 0.5153 -0.8506
-1.278 -4.239 -8.180 0.5664 0.2975 -0.7685
-0.385 -1.083 -5.650 0.2859 0.8037 0.5219
0.053 -1.083 -5.890 0.2859 0.8037 0.5219
0.091 -1.232 -5.682 0.2859 0.8037 0.5219
0.001 -1.341 -5.465 0.2859 0.8037 0.5219
-0.192 -1.381 -5.298 0.2859 0.8037 0.5219
-0.438 -1.341 -5.225 0.2859 0.8037 0.5219
-0.669 -1.232 -5.266 0.2859 0.8037 0.5219
-0.824 -1.083 -5.410 0.2859 0.8037 0.5219
-0.862 -0.935 -5.618 0.2859 0.8037 0.5219
-0.772 -0.826 -5.835 0.2859 0.8037 0.5219
-0.579 -0.786 -6.002 0.2859 0.8037 0.5219
-0.333 -0.826 -6.075 0.2859 0.8037 0.5219
-0.102 -0.935 -6.034 0.2859 0.8037 0.5219
-1.561 -4.388 -7.796 -0.2859 -0.8037 -0.5219
-1.123 -4.388 -8.036 -0.2859 -0.8037 -0.5219
-1.085 -4.537 -7.828 -0.2859 -0.8037 -0.5219
-1.175 -4.646 -7.611 -0.2859 -0.8037 -0.5219
-1.368 -4.686 -7.443 -0.2859 -0.8037 -0.5219
-1.613 -4.646 -7.371 -0.2859 -0.8037 -0.5219
-1.844 -4.537 -7.412 -0.2859 -0.8037 -0.5219
-2.000 -4.388 -7.556 -0.2859 -0.8037 -0.5219
-2.038 -4.239 -7.764 -0.2859 -0.8037 -0.5219
-1.948 -4.130 -7.981 -0.2859 -0.8037 -0.5219
-1.754 -4.091 -8.148 -0.2859 -0.8037 -0.5219
-1.509 -4.130 -8.221 -0.2859 -0.8037 -0.5219
-1.278 -4.239 -8.180 -0.2859 -0.8037 -0.5219
0 1 13
0 13 12
1 2 14
1 14 13
2 3 15
2 15 14
3 4 16
3 16 15
4 5 17
4 17 16
5 6 18
5 18 17
6 7 19
6 19 18
7 8 20
7 20 19
8 9 21
8 21 20
9 10 22
9 22 21
10 11 23
10 23 22
11 0 12
11 12 23
24 26 25
24 27 26
24 28 27
24 29 28
24 30 29
24 31 30
24 32 31
24 33 32
24 34 33
24 35 34
24 36 35
24 25 36
37 38 39
37 39 40
37 40 41
37 41 42
37 42 43
37 43 44
37 44 45
37 45 46
37 46 47
37 47 48
37 48 49
37 49 38
LABEL sfoot2_rod_7
MATERIAL 7
TEXTURE 0
GEOM 42 40 ;sfoot2_rod_7
-1.170 -3.906 -7.603 0.8770 0.0000 -0.4805
-1.156 -3.993 -7.476 0.9365 -0.3498 0.0255
-1.230 -4.047 -7.352 0.6383 -0.5659 0.5218
-1.366 -4.047 -7.278 0.0963 -0.5659 0.8188
-1.510 -3.993 -7.282 -0.4825 -0.3498 0.8030
-1.609 -3.906 -7.363 -0.8770 -0.0000 0.4805
-1.624 -3.818 -7.489 -0.9365 0.3498 -0.0255
-1.549 -3.764 -7.613 -0.6383 0.5659 -0.5218
-1.414 -3.764 -7.687 -0.0963 0.5659 -0.8188
-1.269 -3.818 -7.683 0.4825 0.3498 -0.8030
-2.304 -7.092 -9.672 0.8770 0.0000 -0.4805
-2.289 -7.179 -9.545 0.9365 -0.3498 0.0255
-2.364 -7.233 -9.421 0.6383 -0.5659 0.5218
-2.499 -7.233 -9.347 0.0963 -0.5659 0.8188
-2.644 -7.179 -9.351 -0.4825 -0.3498 0.8030
-2.742 -7.092 -9.431 -0.8770 -0.0000 0.4805
-2.757 -7.004 -9.558 -0.9365 0.3498 -0.0255
-2.683 -6.950 -9.682 -0.6383 0.5659 -0.5218
-2.547 -6.950 -9.756 -0.0963 0.5659 -0.8188
-2.403 -7.004 -9.752 0.4825 0.3498 -0.8030
-1.390 -3.906 -7.483 0.2859 0.8037 0.5219
-1.170 -3.906 -7.603 0.2859 0.8037 0.5219
-1.156 -3.993 -7.476 0.2859 0.8037 0.5219
-1.230 -4.047 -7.352 0.2859 0.8037 0.5219
-1.366 -4.047 -7.278 0.2859 0.8037 0.5219
-1.510 -3.993 -7.282 0.2859 0.8037 0.5219
-1.609 -3.906 -7.363 0.2859 0.8037 0.5219
-1.624 -3.818 -7.489 0.2859 0.8037 0.5219
-1.549 -3.764 -7.613 0.2859 0.8037 0.5219
-1.414 -3.764 -7.687 0.2859 0.8037 0.5219
-1.269 -3.818 -7.683 0.2859 0.8037 0.5219
-2.523 -7.092 -9.551 -0.2859 -0.8037 -0.5219
-2.304 -7.092 -9.672 -0.2859 -0.8037 -0.5219
-2.289 -7.179 -9.545 -0.2859 -0.8037 -0.5219
-2.364 -7.233 -9.421 -0.2859 -0.8037 -0.5219
-2.499 -7.233 -9.347 -0.2859 -0.8037 -0.5219
-2.644 -7.179 -9.351 -0.2859 -0.8037 -0.5219
-2.742 -7.092 -9.431 -0.2859 -0.8037 -0.5219
-2.757 -7.004 -9.558 -0.2859 -0.8037 -0.5219
-2.683 -6.950 -9.682 -0.2859 -0.8037 -0.5219
-2.547 -6.950 -9.756 -0.2859 -0.8037 -0.5219
-2.403 -7.004 -9.752 -0.2859 -0.8037 -0.5219
0 1 11
0 11 10
1 2 12
1 12 11
2 3 13
2 13 12
3 4 14
3 14 13
4 5 15
4 15 14
5 6 16
5 16 15
6 7 17
6 17 16
7 8 18
7 18 17
8 9 19
8 19 18
9 0 10
9 10 19
20 22 21
20 23 22
20 24 23
20 25 24
20 26 25
20 27 26
20 28 27
20 29 28
20 30 29
20 21 30
31 32 33
31 33 34
31 34 35
31 35 36
31 36 37
31 37 38
31 38 39
31 39 40
31 40 41
31 41 32
LABEL sfoot2_skirt_7_0
MATERIAL 7
TEXTURE 0
GEOM 16 12 ;sfoot2_skirt_7_0
-1.034 -11.202 -11.050 -0.1714 -0.9852 -0.0000
-1.632 -11.131 -11.050 -0.1714 -0.9852 -0.0000
-2.225 -11.028 -11.050 -0.1714 -0.9852 -0.0000
-2.811 -10.893 -11.050 -0.1714 -0.9852 -0.0000
-1.034 -11.202 -10.150 -0.1714 -0.9852 -0.0000
-1.632 -11.131 -10.150 -0.1714 -0.9852 -0.0000
-2.225 -11.028 -10.150 -0.1714 -0.9852 -0.0000
-2.811 -10.893 -10.150 -0.1714 -0.9852 -0.0000
-1.034 -11.202 -11.050 0.1714 0.9852 0.0000
-1.632 -11.131 -11.050 0.1714 0.9852 0.0000
-2.225 -11.028 -11.050 0.1714 0.9852 0.0000
-2.811 -10.893 -11.050 0.1714 0.9852 0.0000
-1.034 -11.202 -10.150 0.1714 0.9852 0.0000
-1.632 -11.131 -10.150 0.1714 0.9852 0.0000
-2.225 -11.028 -10.150 0.1714 0.9852 0.0000
-2.811 -10.893 -10.150 0.1714 0.9852 0.0000
0 5 1
0 4 5
8 9 13
8 13 12
1 6 2
1 5 6
9 10 14
9 14 13
2 7 3
2 6 7
10 11 15
10 15 14
LABEL sfoot2_skirt_7_1
MATERIAL 7
TEXTURE 0
GEOM 16 12 ;sfoot2_skirt_7_1
-2.855 -10.882 -11.050 -0.3352 -0.9421 -0.0000
-3.468 -10.702 -11.050 -0.3352 -0.9421 -0.0000
-4.071 -10.488 -11.050 -0.3352 -0.9421 -0.0000
-4.660 -10.239 -11.050 -0.3352 -0.9421 -0.0000
-2.855 -10.882 -10.150 -0.3352 -0.9421 -0.0000
-3.468 -10.702 -10.150 -0.3352 -0.9421 -0.0000
-4.071 -10.488 -10.150 -0.3352 -0.9421 -0.0000
-4.660 -10.239 -10.150 -0.3352 -0.9421 -0.0000
-2.855 -10.882 -11.050 0.3352 0.9421 0.0000
-3.468 -10.702 -11.050 0.3352 0.9421 0.0000
-4.071 -10.488 -11.050 0.3352 0.9421 0.0000
-4.660 -10.239 -11.050 0.3352 0.9421 0.0000
-2.855 -10.882 -10.150 0.3352 0.9421 0.0000
-3.468 -10.702 -10.150 0.3352 0.9421 0.0000
-4.071 -10.488 -10.150 0.3352 0.9421 0.0000
-4.660 -10.239 -10.150 0.3352 0.9421 0.0000
0 5 1
0 4 5
8 9 13
8 13 12
1 6 2
1 5 6
9 10 14
9 14 13
2 7 3
2 6 7
10 11 15
10 15 14
LABEL sfoot2_skirt_7_2
MATERIAL 7
TEXTURE 0
GEOM 16 12 ;sfoot2_skirt_7_2
-4.701 -10.221 -11.050 -0.4894 -0.8721 -0.0000
-5.241 -9.955 -11.050 -0.4894 -0.8721 -0.0000
-5.766 -9.660 -11.050 -0.4894 -0.8721 -0.0000
-6.274 -9.338 -11.050 -0.4894 -0.8721 -0.0000
-4.701 -10.221 -10.150 -0.4894 -0.8721 -0.0000
-5.241 -9.955 -10.150 -0.4894 -0.8721 -0.0000
-5.766 -9.660 -10.150 -0.4894 -0.8721 -0.0000
-6.274 -9.338 -10.150 -0.4894 -0.8721 -0.0000
-4.701 -10.221 -11.050 0.4894 0.8721 0.0000
-5.241 -9.955 -11.050 0.4894 0.8721 0.0000
-5.766 -9.660 -11.050 0.4894 0.8721 0.0000
-6.274 -9.338 -11.050 0.4894 0.8721 0.0000
-4.701 -10.221 -10.150 0.4894 0.8721 0.0000
-5.241 -9.955 -10.150 0.4894 0.8721 0.0000
-5.766 -9.660 -10.150 0.4894 0.8721 0.0000
-6.274 -9.338 -10.150 0.4894 0.8721 0.0000
0 5 1
0 4 5
8 9 13
8 13 12
1 6 2
1 5 6
9 10 14
9 14 13
2 7 3
2 6 7
10 11 15
10 15 14
LABEL sfoot2_petal_8
MATERIAL 7
TEXTURE 0
GEOM 66 52 ;sfoot2_petal_8
-0.465 -0.855 -9.557 0.7610 0.6480 0.0332
-0.918 -0.322 -9.557 0.7610 0.6480 0.0332
-0.930 -0.332 -9.107 0.7610 0.6480 0.0332
-0.476 -0.865 -9.107 0.7610 0.6480 0.0332
-8.040 -7.306 -9.887 -0.7610 -0.6480 -0.0332
-8.494 -6.773 -9.887 -0.7610 -0.6480 -0.0332
-8.505 -6.783 -9.437 -0.7610 -0.6480 -0.0332
-8.052 -7.316 -9.437 -0.7610 -0.6480 -0.0332
-0.465 -0.855 -9.557 0.6483 -0.7614 -0.0000
-8.040 -7.306 -9.887 0.6483 -0.7614 -0.0000
-8.052 -7.316 -9.437 0.6483 -0.7614 -0.0000
-0.476 -0.865 -9.107 0.6483 -0.7614 -0.0000
-0.918 -0.322 -9.557 -0.6483 0.7614 0.0000
-8.494 -6.773 -9.887 -0.6483 0.7614 0.0000
-8.505 -6.783 -9.437 -0.6483 0.7614 0.0000
-0.930 -0.332 -9.107 -0.6483 0.7614 0.0000
-0.465 -0.855 -9.557 0.0252 0.0215 -0.9995
-8.040 -7.306 -9.887 0.0252 0.0215 -0.9995
-8.494 -6.773 -9.887 0.0252 0.0215 -0.9995
-0.918 -0.322 -9.557 0.0252 0.0215 -0.9995
-0.476 -0.865 -9.107 -0.0252 -0.0215 0.9995
-8.052 -7.316 -9.437 -0.0252 -0.0215 0.9995
-8.505 -6.783 -9.437 -0.0252 -0.0215 0.9995
-0.930 -0.332 -9.107 -0.0252 -0.0215 0.9995
-0.241 -0.796 -9.900 0.0000 0.0000 -1.0000
-0.375 -0.911 -9.843 -0.4475 -0.3811 -0.8090
-0.458 -0.981 -9.693 -0.7241 -0.6166 -0.3090
-0.458 -0.981 -9.507 -0.7241 -0.6166 0.3090
-0.375 -0.911 -9.357 -0.4475 -0.3811 0.8090
-0.241 -0.796 -9.300 -0.0000 -0.0000 1.0000
-0.107 -0.682 -9.357 0.4475 0.3811 0.8090
-0.024 -0.611 -9.507 0.7241 0.6166 0.3090
-0.024 -0.611 -9.693 0.7241 0.6166 -0.3090
-0.107 -0.682 -9.843 0.4475 0.3811 -0.8090
-0.825 -0.111 -9.900 0.0000 0.0000 -1.0000
-0.959 -0.226 -9.843 -0.4475 -0.3811 -0.8090
-1.042 -0.296 -9.693 -0.7241 -0.6166 -0.3090
-1.042 -0.296 -9.507 -0.7241 -0.6166 0.3090
-0.959 -0.226 -9.357 -0.4475 -0.3811 0.8090
-0.825 -0.111 -9.300 -0.0000 -0.0000 1.0000
-0.690 0.003 -9.357 0.4475 0.3811 0.8090
-0.607 0.074 -9.507 0.7241 0.6166 0.3090
-0.607 0.074 -9.693 0.7241 0.6166 -0.3090
-0.690 0.003 -9.843 0.4475 0.3811 -0.8090
-0.241 -0.796 -9.600 0.6483 -0.7614 -0.0000
-0.241 -0.796 -9.900 0.6483 -0.7614 -0.0000
-0.375 -0.911 -9.843 0.6483 -0.7614 -0.0000
-0.458 -0.981 -9.693 0.6483 -0.7614 -0.0000
-0.458 -0.981 -9.507 0.6483 -0.7614 -0.0000
-0.375 -0.911 -9.357 0.6483 -0.7614 -0.0000
-0.241 -0.796 -9.300 0.6483 -0.7614 -0.0000
-0.107 -0.682 -9.357 0.6483 -0.7614 -0.0000
-0.024 -0.611 -9.507 0.6483 -0.7614 -0.0000
-0.024 -0.611 -9.693 0.6483 -0.7614 -0.0000
-0.107 -0.682 -9.843 0.6483 -0.7614 -0.0000
-0.825 -0.111 -9.600 -0.6483 0.7614 0.0000
-0.825 -0.111 -9.900 -0.6483 0.7614 0.0000
-0.959 -0.226 -9.843 -0.6483 0.7614 0.0000
-1.042 -0.296 -9.693 -0.6483 0.7614 0.0000
-1.042 -0.296 -9.507 -0.6483 0.7614 0.0000
-0.959 -0.226 -9.357 -0.6483 0.7614 0.0000
-0.825 -0.111 -9.300 -0.6483 0.7614 0.0000
-0.690 0.003 -9.357 -0.6483 0.7614 0.0000
-0.607 0.074 -9.507 -0.6483 0.7614 0.0000
-0.607 0.074 -9.693 -0.6483 0.7614 0.0000
-0.690 0.003 -9.843 -0.6483 0.7614 0.0000
0 1 2
0 2 3
4 6 5
4 7 6
8 10 9
8 11 10
12 13 14
12 14 15
16 17 18
16 18 19
20 22 21
20 23 22
24 25 35
24 35 34
25 26 36
25 36 35
26 27 37
26 37 36
27 28 38
27 38 37
28 29 39
28 39 38
29 30 40
29 40 39
30 31 41
30 41 40
31 32 42
31 42 41
32 33 43
32 43 42
33 24 34
33 34 43
44 46 45
44 47 46
44 48 47
44 49 48
44 50 49
44 51 50
44 52 51
44 53 52
44 54 53
44 45 54
55 56 57
55 57 58
55 58 59
55 59 60
55 60 61
55 61 62
55 62 63
55 63 64
55 64 65
55 65 56
LABEL sfoot2_slat_8_0
MATERIAL 7
TEXTURE 0
GEOM 104 76 ;sfoot2_slat_8_0
-0.606 -0.857 -9.562 -0.0252 -0.0215 0.9995
-0.651 -0.824 -9.562 -0.0252 -0.0215 0.9995
-0.694 -0.788 -9.562 -0.0252 -0.0215 0.9995
-0.736 -0.749 -9.562 -0.0252 -0.0215 0.9995
-6.497 -9.185 -9.900 -0.0252 -0.0215 0.9995
-6.978 -8.824 -9.900 -0.0252 -0.0215 0.9995
-7.440 -8.438 -9.900 -0.0252 -0.0215 0.9995
-7.881 -8.028 -9.900 -0.0252 -0.0215 0.9995
-0.606 -0.857 -9.562 0.0252 0.0215 -0.9995
-0.651 -0.824 -9.562 0.0252 0.0215 -0.9995
-0.694 -0.788 -9.562 0.0252 0.0215 -0.9995
-0.736 -0.749 -9.562 0.0252 0.0215 -0.9995
-6.497 -9.185 -9.900 0.0252 0.0215 -0.9995
-6.978 -8.824 -9.900 0.0252 0.0215 -0.9995
-7.440 -8.438 -9.900 0.0252 0.0215 -0.9995
-7.881 -8.028 -9.900 0.0252 0.0215 -0.9995
-0.606 -0.857 -9.812 0.0252 0.0215 -0.9995
-0.651 -0.824 -9.812 0.0252 0.0215 -0.9995
-0.694 -0.788 -9.812 0.0252 0.0215 -0.9995
-0.736 -0.749 -9.812 0.0252 0.0215 -0.9995
-6.497 -9.185 -10.150 0.0252 0.0215 -0.9995
-6.978 -8.824 -10.150 0.0252 0.0215 -0.9995
-7.440 -8.438 -10.150 0.0252 0.0215 -0.9995
-7.881 -8.028 -10.150 0.0252 0.0215 -0.9995
-0.606 -0.857 -9.812 -0.0252 -0.0215 0.9995
-0.651 -0.824 -9.812 -0.0252 -0.0215 0.9995
-0.694 -0.788 -9.812 -0.0252 -0.0215 0.9995
-0.736 -0.749 -9.812 -0.0252 -0.0215 0.9995
-6.497 -9.185 -10.150 -0.0252 -0.0215 0.9995
-6.978 -8.824 -10.150 -0.0252 -0.0215 0.9995
-7.440 -8.438 -10.150 -0.0252 -0.0215 0.9995
-7.881 -8.028 -10.150 -0.0252 -0.0215 0.9995
-6.497 -9.185 -10.150 -0.6411 -0.7675 -0.0000
-6.978 -8.824 -10.150 -0.6411 -0.7675 -0.0000
-7.440 -8.438 -10.150 -0.6411 -0.7675 -0.0000
-7.881 -8.028 -10.150 -0.6411 -0.7675 -0.0000
-6.497 -9.185 -9.900 -0.6411 -0.7675 -0.0000
-6.978 -8.824 -9.900 -0.6411 -0.7675 -0.0000
-7.440 -8.438 -9.900 -0.6411 -0.7675 -0.0000
-7.881 -8.028 -9.900 -0.6411 -0.7675 -0.0000
-6.497 -9.185 -10.150 0.6411 0.7675 0.0000
-6.978 -8.824 -10.150 0.6411 0.7675 0.0000
-7.440 -8.438 -10.150 0.6411 0.7675 0.0000
-7.881 -8.028 -10.150 0.6411 0.7675 0.0000
-6.497 -9.185 -9.900 0.6411 0.7675 0.0000
-6.978 -8.824 -9.900 0.6411 0.7675 0.0000
-7.440 -8.438 -9.900 0.6411 0.7675 0.0000
-7.881 -8.028 -9.900 0.6411 0.7675 0.0000
-0.606 -0.857 -9.812 0.6411 0.7675 0.0000
-0.651 -0.824 -9.812 0.6411 0.7675 0.0000
-0.694 -0.788 -9.812 0.6411 0.7675 0.0000
-0.736 -0.749 -9.812 0.6411 0.7675 0.0000
-0.606 -0.857 -9.562 0.6411 0.7675 0.0000
-0.651 -0.824 -9.562 0.6411 0.7675 0.0000
-0.694 -0.788 -9.562 0.6411 0.7675 0.0000
-0.736 -0.749 -9.562 0.6411 0.7675 0.0000
-0.606 -0.857 -9.812 -0.6411 -0.7675 -0.0000
-0.651 -0.824 -9.812 -0.6411 -0.7675 -0.0000
-0.694 -0.788 -9.812 -0.6411 -0.7675 -0.0000
-0.736 -0.749 -9.812 -0.6411 -0.7675 -0.0000
-0.606 -0.857 -9.562 -0.6411 -0.7675 -0.0000
-0.651 -0.824 -9.562 -0.6411 -0.7675 -0.0000
-0.694 -0.788 -9.562 -0.6411 -0.7675 -0.0000
-0.736 -0.749 -9.562 -0.6411 -0.7675 -0.0000
-6.497 -9.185 -9.900 -0.6411 -0.7675 -0.0000
-6.978 -8.824 -9.900 -0.6411 -0.7675 -0.0000
-7.440 -8.438 -9.900 -0.6411 -0.7675 -0.0000
-7.881 -8.028 -9.900 -0.6411 -0.7675 -0.0000
-6.497 -9.185 -9.200 -0.6411 -0.7675 -0.0000
-6.978 -8.824 -9.200 -0.6411 -0.7675 -0.0000
-7.440 -8.438 -9.200 -0.6411 -0.7675 -0.0000
-7.881 -8.028 -9.200 -0.6411 -0.7675 -0.0000
-6.497 -9.185 -9.900 0.6411 0.7675 0.0000
-6.978 -8.824 -9.900 0.6411 0.7675 0.0000
-7.440 -8.438 -9.900 0.6411 0.7675 0.0000
-7.881 -8.028 -9.900 0.6411 0.7675 0.0000
-6.497 -9.185 -9.200 0.6411 0.7675 0.0000
-6.978 -8.824 -9.200 0.6411 0.7675 0.0000
-7.440 -8.438 -9.200 0.6411 0.7675 0.0000
-7.881 -8.028 -9.200 0.6411 0.7675 0.0000
-6.497 -9.185 -9.200 -0.0000 -0.0000 1.0000
-6.978 -8.824 -9.200 -0.0000 -0.0000 1.0000
-7.440 -8.438 -9.200 -0.0000 -0.0000 1.0000
-7.881 -8.028 -9.200 -0.0000 -0.0000 1.0000
-6.294 -8.899 -9.188 -0.0000 -0.0000 1.0000
-6.761 -8.550 -9.188 -0.0000 -0.0000 1.0000
-7.209 -8.176 -9.188 -0.0000 -0.0000 1.0000
-7.636 -7.778 -9.188 -0.0000 -0.0000 1.0000
-6.497 -9.185 -9.200 0.0000 0.0000 -1.0000
-6.978 -8.824 -9.200 0.0000 0.0000 -1.0000
-7.440 -8.438 -9.200 0.0000 0.0000 -1.0000
-7.881 -8.028 -9.200 0.0000 0.0000 -1.0000
-6.294 -8.899 -9.188 0.0000 0.0000 -1.0000
-6.761 -8.550 -9.188 0.0000 0.0000 -1.0000
-7.209 -8.176 -9.188 0.0000 0.0000 -1.0000
-7.636 -7.778 -9.188 0.0000 0.0000 -1.0000
-0.606 -0.857 -9.812 -0.8164 0.5775 0.0000
-6.497 -9.185 -10.150 -0.8164 0.5775 0.0000
-0.606 -0.857 -9.562 -0.8164 0.5775 0.0000
-6.497 -9.185 -9.900 -0.8164 0.5775 0.0000
-0.606 -0.857 -9.812 0.8164 -0.5775 -0.0000
-6.497 -9.185 -10.150 0.8164 -0.5775 -0.0000
-0.606 -0.857 -9.562 0.8164 -0.5775 -0.0000
-6.497 -9.185 -9.900 0.8164 -0.5775 -0.0000
0 1 5
0 5 4
8 13 9
8 12 13
1 2 6
1 6 5
9 14 10
9 13 14
2 3 7
2 7 6
10 15 11
10 14 15
16 21 17
16 20 21
24 25 29
24 29 28
17 22 18
17 21 22
25 26 30
25 30 29
18 23 19
18 22 23
26 27 31
26 31 30
32 37 33
32 36 37
40 41 45
40 45 44
33 38 34
33 37 38
41 42 46
41 46 45
34 39 35
34 38 39
42 43 47
42 47 46
48 49 53
48 53 52
56 61 57
56 60 61
49 50 54
49 54 53
57 62 58
57 61 62
50 51 55
50 55 54
58 63 59
58 62 63
64 69 65
64 68 69
72 73 77
72 77 76
65 70 66
65 69 70
73 74 78
73 78 77
66 71 67
66 70 71
74 75 79
74 79 78
80 85 81
80 84 85
88 89 93
88 93 92
81 86 82
81 85 86
89 90 94
89 94 93
82 87 83
82 86 87
90 91 95
90 95 94
96 97 99
96 99 98
100 103 101
100 102 103
LABEL sfoot2_slat_8_1
MATERIAL 7
TEXTURE 0
GEOM 96 72 ;sfoot2_slat_8_1
-0.739 -0.746 -9.562 -0.0252 -0.0215 0.9995
-0.780 -0.703 -9.562 -0.0252 -0.0215 0.9995
-0.818 -0.658 -9.562 -0.0252 -0.0215 0.9995
-0.855 -0.610 -9.562 -0.0252 -0.0215 0.9995
-7.913 -7.997 -9.900 -0.0252 -0.0215 0.9995
-8.355 -7.534 -9.900 -0.0252 -0.0215 0.9995
-8.769 -7.047 -9.900 -0.0252 -0.0215 0.9995
-9.155 -6.538 -9.900 -0.0252 -0.0215 0.9995
-0.739 -0.746 -9.562 0.0252 0.0215 -0.9995
-0.780 -0.703 -9.562 0.0252 0.0215 -0.9995
-0.818 -0.658 -9.562 0.0252 0.0215 -0.9995
-0.855 -0.610 -9.562 0.0252 0.0215 -0.9995
-7.913 -7.997 -9.900 0.0252 0.0215 -0.9995
-8.355 -7.534 -9.900 0.0252 0.0215 -0.9995
-8.769 -7.047 -9.900 0.0252 0.0215 -0.9995
-9.155 -6.538 -9.900 0.0252 0.0215 -0.9995
-0.739 -0.746 -9.812 0.0252 0.0215 -0.9995
-0.780 -0.703 -9.812 0.0252 0.0215 -0.9995
-0.818 -0.658 -9.812 0.0252 0.0215 -0.9995
-0.855 -0.610 -9.812 0.0252 0.0215 -0.9995
-7.913 -7.997 -10.150 0.0252 0.0215 -0.9995
-8.355 -7.534 -10.150 0.0252 0.0215 -0.9995
-8.769 -7.047 -10.150 0.0252 0.0215 -0.9995
-9.155 -6.538 -10.150 0.0252 0.0215 -0.9995
-0.739 -0.746 -9.812 -0.0252 -0.0215 0.9995
-0.780 -0.703 -9.812 -0.0252 -0.0215 0.9995
-0.818 -0.658 -9.812 -0.0252 -0.0215 0.9995
-0.855 -0.610 -9.812 -0.0252 -0.0215 0.9995
-7.913 -7.997 -10.150 -0.0252 -0.0215 0.9995
-8.355 -7.534 -10.150 -0.0252 -0.0215 0.9995
-8.769 -7.047 -10.150 -0.0252 -0.0215 0.9995
-9.155 -6.538 -10.150 -0.0252 -0.0215 0.9995
-7.913 -7.997 -10.150 -0.7614 -0.6483 -0.0000
-8.355 -7.534 -10.150 -0.7614 -0.6483 -0.0000
-8.769 -7.047 -10.150 -0.7614 -0.6483 -0.0000
-9.155 -6.538 -10.150 -0.7614 -0.6483 -0.0000
-7.913 -7.997 -9.900 -0.7614 -0.6483 -0.0000
-8.355 -7.534 -9.900 -0.7614 -0.6483 -0.0000
-8.769 -7.047 -9.900 -0.7614 -0.6483 -0.0000
-9.155 -6.538 -9.900 -0.7614 -0.6483 -0.0000
-7.913 -7.997 -10.150 0.7614 0.6483 0.0000
-8.355 -7.534 -10.150 0.7614 0.6483 0.0000
-8.769 -7.047 -10.150 0.7614 0.6483 0.0000
-9.155 -6.538 -10.150 0.7614 0.6483 0.0000
-7.913 -7.997 -9.900 0.7614 0.6483 0.0000
-8.355 -7.534 -9.900 0.7614 0.6483 0.0000
-8.769 -7.047 -9.900 0.7614 0.6483 0.0000
-9.155 -6.538 -9.900 0.7614 0.6483 0.0000
-0.739 -0.746 -9.812 0.7614 0.6483 0.0000
-0.780 -0.703 -9.812 0.7614 0.6483 0.0000
-0.818 -0.658 -9.812 0.7614 0.6483 0.0000
-0.855 -0.610 -9.812 0.7614 0.6483 0.0000
-0.739 -0.746 -9.562 0.7614 0.6483 0.0000
-0.780 -0.703 -9.562 0.7614 0.6483 0.0000
-0.818 -0.658 -9.562 0.7614 0.6483 0.0000
-0.855 -0.610 -9.562 0.7614 0.6483 0.0000
-0.739 -0.746 -9.812 -0.7614 -0.6483 -0.0000
-0.780 -0.703 -9.812 -0.7614 -0.6483 -0.0000
-0.818 -0.658 -9.812 -0.7614 -0.6483 -0.0000
-0.855 -0.610 -9.812 -0.7614 -0.6483 -0.0000
-0.739 -0.746 -9.562 -0.7614 -0.6483 -0.0000
-0.780 -0.703 -9.562 -0.7614 -0.6483 -0.0000
-0.818 -0.658 -9.562 -0.7614 -0.6483 -0.0000
-0.855 -0.610 -9.562 -0.7614 -0.6483 -0.0000
-7.913 -7.997 -9.900 -0.7614 -0.6483 -0.0000
-8.355 -7.534 -9.900 -0.7614 -0.6483 -0.0000
-8.769 -7.047 -9.900 -0.7614 -0.6483 -0.0000
-9.155 -6.538 -9.900 -0.7614 -0.6483 -0.0000
-7.913 -7.997 -9.200 -0.7614 -0.6483 -0.0000
-8.355 -7.534 -9.200 -0.7614 -0.6483 -0.0000
-8.769 -7.047 -9.200 -0.7614 -0.6483 -0.0000
-9.155 -6.538 -9.200 -0.7614 -0.6483 -0.0000
-7.913 -7.997 -9.900 0.7614 0.6483 0.0000
-8.355 -7.534 -9.900 0.7614 0.6483 0.0000
-8.769 -7.047 -9.900 0.7614 0.6483 0.0000
-9.155 -6.538 -9.900 0.7614 0.6483 0.0000
-7.913 -7.997 -9.200 0.7614 0.6483 0.0000
-8.355 -7.534 -9.200 0.7614 0.6483 0.0000
-8.769 -7.047 -9.200 0.7614 0.6483 0.0000
-9.155 -6.538 -9.200 0.7614 0.6483 0.0000
-7.913 -7.997 -9.200 -0.0000 -0.0000 1.0000
-8.355 -7.534 -9.200 -0.0000 -0.0000 1.0000
-8.769 -7.047 -9.200 -0.0000 -0.0000 1.0000
-9.155 -6.538 -9.200 -0.0000 -0.0000 1.0000
-7.667 -7.748 -9.188 -0.0000 -0.0000 1.0000
-8.095 -7.300 -9.188 -0.0000 -0.0000 1.0000
-8.496 -6.828 -9.188 -0.0000 -0.0000 1.0000
-8.871 -6.334 -9.188 -0.0000 -0.0000 1.0000
-7.913 -7.997 -9.200 0.0000 0.0000 -1.0000
-8.355 -7.534 -9.200 0.0000 0.0000 -1.0000
-8.769 -7.047 -9.200 0.0000 0.0000 -1.0000
-9.155 -6.538 -9.200 0.0000 0.0000 -1.0000
-7.667 -7.748 -9.188 0.0000 0.0000 -1.0000
-8.095 -7.300 -9.188 0.0000 0.0000 -1.0000
-8.496 -6.828 -9.188 0.0000 0.0000 -1.0000
-8.871 -6.334 -9.188 0.0000 0.0000 -1.0000
0 1 5
0 5 4
8 13 9
8 12 13
1 2 6
1 6 5
9 14 10
9 13 14
2 3 7
2 7 6
10 15 11
10 14 15
16 21 17
16 20 21
24 25 29
24 29 28
17 22 18
17 21 22
25 26 30
25 30 29
18 23 19
18 22 23
26 27 31
26 31 30
32 37 33
32 36 37
40 41 45
40 45 44
33 38 34
33 37 38
41 42 46
41 46 45
34 39 35
34 38 39
42 43 47
42 47 46
48 49 53
48 53 52
56 61 57
56 60 61
49 50 54
49 54 53
57 62 58
57 61 62
50 51 55
50 55 54
58 63 59
58 62 63
64 69 65
64 68 69
72 73 77
72 77 76
65 70 66
65 69 70
73 74 78
73 78 77
66 71 67
66 70 71
74 75 79
74 79 78
80 85 81
80 84 85
88 89 93
88 93 92
81 86 82
81 85 86
89 90 94
89 94 93
82 87 83
82 86 87
90 91 95
90 95 94
LABEL sfoot2_slat_8_2
MATERIAL 7
TEXTURE 0
GEOM 104 76 ;sfoot2_slat_8_2
-0.857 -0.607 -9.562 -0.0252 -0.0215 0.9995
-0.888 -0.560 -9.562 -0.0252 -0.0215 0.9995
-0.917 -0.512 -9.562 -0.0252 -0.0215 0.9995
-0.943 -0.462 -9.562 -0.0252 -0.0215 0.9995
-9.182 -6.501 -9.900 -0.0252 -0.0215 0.9995
-9.516 -6.001 -9.900 -0.0252 -0.0215 0.9995
-9.823 -5.483 -9.900 -0.0252 -0.0215 0.9995
-10.103 -4.950 -9.900 -0.0252 -0.0215 0.9995
-0.857 -0.607 -9.562 0.0252 0.0215 -0.9995
-0.888 -0.560 -9.562 0.0252 0.0215 -0.9995
-0.917 -0.512 -9.562 0.0252 0.0215 -0.9995
-0.943 -0.462 -9.562 0.0252 0.0215 -0.9995
-9.182 -6.501 -9.900 0.0252 0.0215 -0.9995
-9.516 -6.001 -9.900 0.0252 0.0215 -0.9995
-9.823 -5.483 -9.900 0.0252 0.0215 -0.9995
-10.103 -4.950 -9.900 0.0252 0.0215 -0.9995
-0.857 -0.607 -9.812 0.0252 0.0215 -0.9995
-0.888 -0.560 -9.812 0.0252 0.0215 -0.9995
-0.917 -0.512 -9.812 0.0252 0.0215 -0.9995
-0.943 -0.462 -9.812 0.0252 0.0215 -0.9995
-9.182 -6.501 -10.150 0.0252 0.0215 -0.9995
-9.516 -6.001 -10.150 0.0252 0.0215 -0.9995
-9.823 -5.483 -10.150 0.0252 0.0215 -0.9995
-10.103 -4.950 -10.150 0.0252 0.0215 -0.9995
-0.857 -0.607 -9.812 -0.0252 -0.0215 0.9995
-0.888 -0.560 -9.812 -0.0252 -0.0215 0.9995
-0.917 -0.512 -9.812 -0.0252 -0.0215 0.9995
-0.943 -0.462 -9.812 -0.0252 -0.0215 0.9995
-9.182 -6.501 -10.150 -0.0252 -0.0215 0.9995
-9.516 -6.001 -10.150 -0.0252 -0.0215 0.9995
-9.823 -5.483 -10.150 -0.0252 -0.0215 0.9995
-10.103 -4.950 -10.150 -0.0252 -0.0215 0.9995
-9.182 -6.501 -10.150 -0.8598 -0.5106 0.0000
-9.516 -6.001 -10.150 -0.8598 -0.5106 0.0000
-9.823 -5.483 -10.150 -0.8598 -0.5106 0.0000
-10.103 -4.950 -10.150 -0.8598 -0.5106 0.0000
-9.182 -6.501 -9.900 -0.8598 -0.5106 0.0000
-9.516 -6.001 -9.900 -0.8598 -0.5106 0.0000
-9.823 -5.483 -9.900 -0.8598 -0.5106 0.0000
-10.103 -4.950 -9.900 -0.8598 -0.5106 0.0000
-9.182 -6.501 -10.150 0.8598 0.5106 -0.0000
-9.516 -6.001 -10.150 0.8598 0.5106 -0.0000
-9.823 -5.483 -10.150 0.8598 0.5106 -0.0000
-10.103 -4.950 -10.150 0.8598 0.5106 -0.0000
-9.182 -6.501 -9.900 0.8598 0.5106 -0.0000
-9.516 -6.001 -9.900 0.8598 0.5106 -0.0000
-9.823 -5.483 -9.900 0.8598 0.5106 -0.0000
-10.103 -4.950 -9.900 0.8598 0.5106 -0.0000
-0.857 -0.607 -9.812 0.8598 0.5106 -0.0000
-0.888 -0.560 -9.812 0.8598 0.5106 -0.0000
-0.917 -0.512 -9.812 0.8598 0.5106 -0.0000
-0.943 -0.462 -9.812 0.8598 0.5106 -0.0000
-0.857 -0.607 -9.562 0.8598 0.5106 -0.0000
-0.888 -0.560 -9.562 0.8598 0.5106 -0.0000
-0.917 -0.512 -9.562 0.8598 0.5106 -0.0000
-0.943 -0.462 -9.562 0.8598 0.5106 -0.0000
-0.857 -0.607 -9.812 -0.8598 -0.5106 0.0000
-0.888 -0.560 -9.812 -0.8598 -0.5106 0.0000
-0.917 -0.512 -9.812 -0.8598 -0.5106 0.0000
-0.943 -0.462 -9.812 -0.8598 -0.5106 0.0000
-0.857 -0.607 -9.562 -0.8598 -0.5106 0.0000
-0.888 -0.560 -9.562 -0.8598 -0.5106 0.0000
-0.917 -0.512 -9.562 -0.8598 -0.5106 0.0000
-0.943 -0.462 -9.562 -0.8598 -0.5106 0.0000
-9.182 -6.501 -9.900 -0.8598 -0.5106 0.0000
-9.516 -6.001 -9.900 -0.8598 -0.5106 0.0000
-9.823 -5.483 -9.900 -0.8598 -0.5106 0.0000
-10.103 -4.950 -9.900 -0.8598 -0.5106 0.0000
-9.182 -6.501 -9.200 -0.8598 -0.5106 0.0000
-9.516 -6.001 -9.200 -0.8598 -0.5106 0.0000
-9.823 -5.483 -9.200 -0.8598 -0.5106 0.0000
-10.103 -4.950 -9.200 -0.8598 -0.5106 0.0000
-9.182 -6.501 -9.900 0.8598 0.5106 -0.0000
-9.516 -6.001 -9.900 0.8598 0.5106 -0.0000
-9.823 -5.483 -9.900 0.8598 0.5106 -0.0000
-10.103 -4.950 -9.900 0.8598 0.5106 -0.0000
-9.182 -6.501 -9.200 0.8598 0.5106 -0.0000
-9.516 -6.001 -9.200 0.8598 0.5106 -0.0000
-9.823 -5.483 -9.200 0.8598 0.5106 -0.0000
-10.103 -4.950 -9.200 0.8598 0.5106 -0.0000
-9.182 -6.501 -9.200 -0.0000 -0.0000 1.0000
-9.516 -6.001 -9.200 -0.0000 -0.0000 1.0000
-9.823 -5.483 -9.200 -0.0000 -0.0000 1.0000
-10.103 -4.950 -9.200 -0.0000 -0.0000 1.0000
-8.896 -6.299 -9.188 -0.0000 -0.0000 1.0000
-9.220 -5.814 -9.188 -0.0000 -0.0000 1.0000
-9.518 -5.312 -9.188 -0.0000 -0.0000 1.0000
-9.788 -4.796 -9.188 -0.0000 -0.0000 1.0000
-9.182 -6.501 -9.200 0.0000 0.0000 -1.0000
-9.516 -6.001 -9.200 0.0000 0.0000 -1.0000
-9.823 -5.483 -9.200 0.0000 0.0000 -1.0000
-10.103 -4.950 -9.200 0.0000 0.0000 -1.0000
-8.896 -6.299 -9.188 0.0000 0.0000 -1.0000
-9.220 -5.814 -9.188 0.0000 0.0000 -1.0000
-9.518 -5.312 -9.188 0.0000 0.0000 -1.0000
-9.788 -4.796 -9.188 0.0000 0.0000 -1.0000
-0.943 -0.462 -9.812 -0.4400 0.8980 0.0000
-10.103 -4.950 -10.150 -0.4400 0.8980 0.0000
-0.943 -0.462 -9.562 -0.4400 0.8980 0.0000
-10.103 -4.950 -9.900 -0.4400 0.8980 0.0000
-0.943 -0.462 -9.812 0.4400 -0.8980 -0.0000
-10.103 -4.950 -10.150 0.4400 -0.8980 -0.0000
-0.943 -0.462 -9.562 0.4400 -0.8980 -0.0000
-10.103 -4.950 -9.900 0.4400 -0.8980 -0.0000
0 1 5
0 5 4
8 13 9
8 12 13
1 2 6
1 6 5
9 14 10
9 13 14
2 3 7
2 7 6
10 15 11
10 14 15
16 21 17
16 20 21
24 25 29
24 29 28
17 22 18
17 21 22
25 26 30
25 30 29
18 23 19
18 22 23
26 27 31
26 31 30
32 37 33
32 36 37
40 41 45
40 45 44
33 38 34
33 37 38
41 42 46
41 46 45
34 39 35
34 38 39
42 43 47
42 47 46
48 49 53
48 53 52
56 61 57
56 60 61
49 50 54
49 54 53
57 62 58
57 61 62
50 51 55
50 55 54
58 63 59
58 62 63
64 69 65
64 68 69
72 73 77
72 77 76
65 70 66
65 69 70
73 74 78
73 78 77
66 71 67
66 70 71
74 75 79
74 79 78
80 85 81
80 84 85
88 89 93
88 93 92
81 86 82
81 85 86
89 90 94
89 94 93
82 87 83
82 86 87
90 91 95
90 95 94
96 97 99
96 99 98
100 103 101
100 102 103
LABEL sfoot2_strut_8
MATERIAL 9
TEXTURE 0
GEOM 50 48 ;sfoot2_strut_8
-0.562 -0.746 -6.040 0.6264 0.0000 -0.7795
-0.497 -0.954 -5.901 0.7580 -0.4166 -0.5019
-0.532 -1.106 -5.695 0.6865 -0.7215 -0.0898
-0.660 -1.162 -5.477 0.4311 -0.8332 0.3464
-0.845 -1.106 -5.305 0.0602 -0.7215 0.6898
-1.039 -0.954 -5.226 -0.3269 -0.4166 0.8483
-1.189 -0.746 -5.260 -0.6264 -0.0000 0.7795
-1.255 -0.537 -5.399 -0.7580 0.4166 0.5019
-1.219 -0.385 -5.605 -0.6865 0.7215 0.0898
-1.091 -0.329 -5.823 -0.4311 0.8332 -0.3464
-0.906 -0.385 -5.995 -0.0602 0.7215 -0.6898
-0.712 -0.537 -6.074 0.3269 0.4166 -0.8483
-3.233 -3.020 -8.186 0.6264 0.0000 -0.7795
-3.167 -3.228 -8.047 0.7580 -0.4166 -0.5019
-3.203 -3.380 -7.841 0.6865 -0.7215 -0.0898
-3.331 -3.436 -7.623 0.4311 -0.8332 0.3464
-3.516 -3.380 -7.451 0.0602 -0.7215 0.6898
-3.710 -3.228 -7.372 -0.3269 -0.4166 0.8483
-3.859 -3.020 -7.406 -0.6264 -0.0000 0.7795
-3.925 -2.811 -7.545 -0.7580 0.4166 0.5019
-3.889 -2.659 -7.751 -0.6865 0.7215 0.0898
-3.762 -2.603 -7.969 -0.4311 0.8332 -0.3464
-3.576 -2.659 -8.141 -0.0602 0.7215 -0.6898
-3.383 -2.811 -8.220 0.3269 0.4166 -0.8483
-0.876 -0.746 -5.650 0.6495 0.5530 0.5219
-0.562 -0.746 -6.040 0.6495 0.5530 0.5219
-0.497 -0.954 -5.901 0.6495 0.5530 0.5219
-0.532 -1.106 -5.695 0.6495 0.5530 0.5219
-0.660 -1.162 -5.477 0.6495 0.5530 0.5219
-0.845 -1.106 -5.305 0.6495 0.5530 0.5219
-1.039 -0.954 -5.226 0.6495 0.5530 0.5219
-1.189 -0.746 -5.260 0.6495 0.5530 0.5219
-1.255 -0.537 -5.399 0.6495 0.5530 0.5219
-1.219 -0.385 -5.605 0.6495 0.5530 0.5219
-1.091 -0.329 -5.823 0.6495 0.5530 0.5219
-0.906 -0.385 -5.995 0.6495 0.5530 0.5219
-0.712 -0.537 -6.074 0.6495 0.5530 0.5219
-3.546 -3.020 -7.796 -0.6495 -0.5530 -0.5219
-3.233 -3.020 -8.186 -0.6495 -0.5530 -0.5219
-3.167 -3.228 -8.047 -0.6495 -0.5530 -0.5219
-3.203 -3.380 -7.841 -0.6495 -0.5530 -0.5219
-3.331 -3.436 -7.623 -0.6495 -0.5530 -0.5219
-3.516 -3.380 -7.451 -0.6495 -0.5530 -0.5219
-3.710 -3.228 -7.372 -0.6495 -0.5530 -0.5219
-3.859 -3.020 -7.406 -0.6495 -0.5530 -0.5219
-3.925 -2.811 -7.545 -0.6495 -0.5530 -0.5219
-3.889 -2.659 -7.751 -0.6495 -0.5530 -0.5219
-3.762 -2.603 -7.969 -0.6495 -0.5530 -0.5219
-3.576 -2.659 -8.141 -0.6495 -0.5530 -0.5219
-3.383 -2.811 -8.220 -0.6495 -0.5530 -0.5219
0 1 13
0 13 12
1 2 14
1 14 13
2 3 15
2 15 14
3 4 16
3 16 15
4 5 17
4 17 16
5 6 18
5 18 17
6 7 19
6 19 18
7 8 20
7 20 19
8 9 21
8 21 20
9 10 22
9 22 21
10 11 23
10 23 22
11 0 12
11 12 23
24 26 25
24 27 26
24 28 27
24 29 28
24 30 29
24 31 30
24 32 31
24 33 32
24 34 33
24 35 34
24 36 35
24 25 36
37 38 39
37 39 40
37 40 41
37 41 42
37 42 43
37 43 44
37 44 45
37 45 46
37 46 47
37 47 48
37 48 49
37 49 38
LABEL sfoot2_rod_8
MATERIAL 7
TEXTURE 0
GEOM 42 40 ;sfoot2_rod_8
-3.000 -2.688 -7.678 0.6264 0.0000 -0.7795
-2.966 -2.810 -7.589 0.7601 -0.4897 -0.4270
-3.006 -2.886 -7.461 0.6036 -0.7924 0.0886
-3.102 -2.886 -7.340 0.2164 -0.7924 0.5703
-3.220 -2.810 -7.274 -0.2533 -0.4897 0.8343
-3.313 -2.688 -7.288 -0.6264 -0.0000 0.7795
-3.346 -2.565 -7.376 -0.7601 0.4897 0.4270
-3.307 -2.490 -7.505 -0.6036 0.7924 -0.0886
-3.211 -2.490 -7.625 -0.2164 0.7924 -0.5703
-3.093 -2.565 -7.691 0.2533 0.4897 -0.8343
-5.574 -4.880 -9.746 0.6264 0.0000 -0.7795
-5.541 -5.003 -9.658 0.7601 -0.4897 -0.4270
-5.580 -5.078 -9.529 0.6036 -0.7924 0.0886
-5.677 -5.078 -9.409 0.2164 -0.7924 0.5703
-5.794 -5.003 -9.343 -0.2533 -0.4897 0.8343
-5.888 -4.880 -9.357 -0.6264 -0.0000 0.7795
-5.921 -4.758 -9.445 -0.7601 0.4897 0.4270
-5.882 -4.682 -9.574 -0.6036 0.7924 -0.0886
-5.785 -4.682 -9.694 -0.2164 0.7924 -0.5703
-5.668 -4.758 -9.760 0.2533 0.4897 -0.8343
-3.156 -2.688 -7.483 0.6495 0.5530 0.5219
-3.000 -2.688 -7.678 0.6495 0.5530 0.5219
-2.966 -2.810 -7.589 0.6495 0.5530 0.5219
-3.006 -2.886 -7.461 0.6495 0.5530 0.5219
-3.102 -2.886 -7.340 0.6495 0.5530 0.5219
-3.220 -2.810 -7.274 0.6495 0.5530 0.5219
-3.313 -2.688 -7.288 0.6495 0.5530 0.5219
-3.346 -2.565 -7.376 0.6495 0.5530 0.5219
-3.307 -2.490 -7.505 0.6495 0.5530 0.5219
-3.211 -2.490 -7.625 0.6495 0.5530 0.5219
-3.093 -2.565 -7.691 0.6495 0.5530 0.5219
-5.731 -4.880 -9.551 -0.6495 -0.5530 -0.5219
-5.574 -4.880 -9.746 -0.6495 -0.5530 -0.5219
-5.541 -5.003 -9.658 -0.6495 -0.5530 -0.5219
-5.580 -5.078 -9.529 -0.6495 -0.5530 -0.5219
-5.677 -5.078 -9.409 -0.6495 -0.5530 -0.5219
-5.794 -5.003 -9.343 -0.6495 -0.5530 -0.5219
-5.888 -4.880 -9.357 -0.6495 -0.5530 -0.5219
-5.921 -4.758 -9.445 -0.6495 -0.5530 -0.5219
-5.882 -4.682 -9.574 -0.6495 -0.5530 -0.5219
-5.785 -4.682 -9.694 -0.6495 -0.5530 -0.5219
-5.668 -4.758 -9.760 -0.6495 -0.5530 -0.5219
0 1 11
0 11 10
1 2 12
1 12 11
2 3 13
2 13 12
3 4 14
3 14 13
4 5 15
4 15 14
5 6 16
5 16 15
6 7 17
6 17 16
7 8 18
7 18 17
8 9 19
8 19 18
9 0 10
9 10 19
20 22 21
20 23 22
20 24 23
20 25 24
20 26 25
20 27 26
20 28 27
20 29 28
20 30 29
20 21 30
31 32 33
31 33 34
31 34 35
31 35 36
31 36 37
31 37 38
31 38 39
31 39 40
31 40 41
31 41 32
LABEL sfoot2_skirt_8_0
MATERIAL 7
TEXTURE 0
GEOM 16 12 ;sfoot2_skirt_8_0
-6.497 -9.185 -11.050 -0.6411 -0.7675 -0.0000
-6.978 -8.824 -11.050 -0.6411 -0.7675 -0.0000
-7.440 -8.438 -11.050 -0.6411 -0.7675 -0.0000
-7.881 -8.028 -11.050 -0.6411 -0.7675 -0.0000
-6.497 -9.185 -10.150 -0.6411 -0.7675 -0.0000
-6.978 -8.824 -10.150 -0.6411 -0.7675 -0.0000
-7.440 -8.438 -10.150 -0.6411 -0.7675 -0.0000
-7.881 -8.028 -10.150 -0.6411 -0.7675 -0.0000
-6.497 -9.185 -11.050 0.6411 0.7675 0.0000
-6.978 -8.824 -11.050 0.6411 0.7675 0.0000
-7.440 -8.438 -11.050 0.6411 0.7675 0.0000
-7.881 -8.028 -11.050 0.6411 0.7675 0.0000
-6.497 -9.185 -10.150 0.6411 0.7675 0.0000
-6.978 -8.824 -10.150 0.6411 0.7675 0.0000
-7.440 -8.438 -10.150 0.6411 0.7675 0.0000
-7.881 -8.028 -10.150 0.6411 0.7675 0.0000
0 5 1
0 4 5
8 9 13
8 13 12
1 6 2
1 5 6
9 10 14
9 14 13
2 7 3
2 6 7
10 11 15
10 15 14
LABEL sfoot2_skirt_8_1
MATERIAL 7
TEXTURE 0
GEOM 16 12 ;sfoot2_skirt_8_1
-7.913 -7.997 -11.050 -0.7614 -0.6483 -0.0000
-8.355 -7.534 -11.050 -0.7614 -0.6483 -0.0000
-8.769 -7.047 -11.050 -0.7614 -0.6483 -0.0000
-9.155 -6.538 -11.050 -0.7614 -0.6483 -0.0000
-7.913 -7.997 -10.150 -0.7614 -0.6483 -0.0000
-8.355 -7.534 -10.150 -0.7614 -0.6483 -0.0000
-8.769 -7.047 -10.150 -0.7614 -0.6483 -0.0000
-9.155 -6.538 -10.150 -0.7614 -0.6483 -0.0000
-7.913 -7.997 -11.050 0.7614 0.6483 0.0000
-8.355 -7.534 -11.050 0.7614 0.6483 0.0000
-8.769 -7.047 -11.050 0.7614 0.6483 0.0000
-9.155 -6.538 -11.050 0.7614 0.6483 0.0000
-7.913 -7.997 -10.150 0.7614 0.6483 0.0000
-8.355 -7.534 -10.150 0.7614 0.6483 0.0000
-8.769 -7.047 -10.150 0.7614 0.6483 0.0000
-9.155 -6.538 -10.150 0.7614 0.6483 0.0000
0 5 1
0 4 5
8 9 13
8 13 12
1 6 2
1 5 6
9 10 14
9 14 13
2 7 3
2 6 7
10 11 15
10 15 14
LABEL sfoot2_skirt_8_2
MATERIAL 7
TEXTURE 0
GEOM 16 12 ;sfoot2_skirt_8_2
-9.182 -6.501 -11.050 -0.8598 -0.5106 0.0000
-9.516 -6.001 -11.050 -0.8598 -0.5106 0.0000
-9.823 -5.483 -11.050 -0.8598 -0.5106 0.0000
-10.103 -4.950 -11.050 -0.8598 -0.5106 0.0000
-9.182 -6.501 -10.150 -0.8598 -0.5106 0.0000
-9.516 -6.001 -10.150 -0.8598 -0.5106 0.0000
-9.823 -5.483 -10.150 -0.8598 -0.5106 0.0000
-10.103 -4.950 -10.150 -0.8598 -0.5106 0.0000
-9.182 -6.501 -11.050 0.8598 0.5106 -0.0000
-9.516 -6.001 -11.050 0.8598 0.5106 -0.0000
-9.823 -5.483 -11.050 0.8598 0.5106 -0.0000
-10.103 -4.950 -11.050 0.8598 0.5106 -0.0000
-9.182 -6.501 -10.150 0.8598 0.5106 -0.0000
-9.516 -6.001 -10.150 0.8598 0.5106 -0.0000
-9.823 -5.483 -10.150 0.8598 0.5106 -0.0000
-10.103 -4.950 -10.150 0.8598 0.5106 -0.0000
0 5 1
0 4 5
8 9 13
8 13 12
1 6 2
1 5 6
9 10 14
9 14 13
2 7 3
2 6 7
10 11 15
10 15 14
LABEL sfoot2_petal_9
MATERIAL 7
TEXTURE 0
GEOM 66 52 ;sfoot2_petal_9
-0.830 -0.508 -9.557 0.9830 0.1807 0.0332
-0.957 0.180 -9.557 0.9830 0.1807 0.0332
-0.971 0.177 -9.107 0.9830 0.1807 0.0332
-0.845 -0.511 -9.107 0.9830 0.1807 0.0332
-10.616 -2.307 -9.887 -0.9830 -0.1807 -0.0332
-10.743 -1.619 -9.887 -0.9830 -0.1807 -0.0332
-10.757 -1.621 -9.437 -0.9830 -0.1807 -0.0332
-10.631 -2.310 -9.437 -0.9830 -0.1807 -0.0332
-0.830 -0.508 -9.557 0.1808 -0.9835 -0.0000
-10.616 -2.307 -9.887 0.1808 -0.9835 -0.0000
-10.631 -2.310 -9.437 0.1808 -0.9835 -0.0000
-0.845 -0.511 -9.107 0.1808 -0.9835 -0.0000
-0.957 0.180 -9.557 -0.1808 0.9835 0.0000
-10.743 -1.619 -9.887 -0.1808 0.9835 0.0000
-10.757 -1.621 -9.437 -0.1808 0.9835 0.0000
-0.971 0.177 -9.107 -0.1808 0.9835 0.0000
-0.830 -0.508 -9.557 0.0326 0.0060 -0.9995
-10.616 -2.307 -9.887 0.0326 0.0060 -0.9995
-10.743 -1.619 -9.887 0.0326 0.0060 -0.9995
-0.957 0.180 -9.557 0.0326 0.0060 -0.9995
-0.845 -0.511 -9.107 -0.0326 -0.0060 0.9995
-10.631 -2.310 -9.437 -0.0326 -0.0060 0.9995
-10.757 -1.621 -9.437 -0.0326 -0.0060 0.9995
-0.971 0.177 -9.107 -0.0326 -0.0060 0.9995
-0.607 -0.569 -9.900 0.0000 0.0000 -1.0000
-0.781 -0.601 -9.843 -0.5781 -0.1063 -0.8090
-0.888 -0.621 -9.693 -0.9354 -0.1719 -0.3090
-0.888 -0.621 -9.507 -0.9354 -0.1719 0.3090
-0.781 -0.601 -9.357 -0.5781 -0.1063 0.8090
-0.607 -0.569 -9.300 -0.0000 -0.0000 1.0000
-0.434 -0.537 -9.357 0.5781 0.1063 0.8090
-0.327 -0.518 -9.507 0.9354 0.1719 0.3090
-0.327 -0.518 -9.693 0.9354 0.1719 -0.3090
-0.434 -0.537 -9.843 0.5781 0.1063 -0.8090
-0.770 0.316 -9.900 0.0000 0.0000 -1.0000
-0.943 0.284 -9.843 -0.5781 -0.1063 -0.8090
-1.050 0.264 -9.693 -0.9354 -0.1719 -0.3090
-1.050 0.264 -9.507 -0.9354 -0.1719 0.3090
-0.943 0.284 -9.357 -0.5781 -0.1063 0.8090
-0.770 0.316 -9.300 -0.0000 -0.0000 1.0000
-0.596 0.348 -9.357 0.5781 0.1063 0.8090
-0.489 0.368 -9.507 0.9354 0.1719 0.3090
-0.489 0.368 -9.693 0.9354 0.1719 -0.3090
-0.596 0.348 -9.843 0.5781 0.1063 -0.8090
-0.607 -0.569 -9.600 0.1808 -0.9835 -0.0000
-0.607 -0.569 -9.900 0.1808 -0.9835 -0.0000
-0.781 -0.601 -9.843 0.1808 -0.9835 -0.0000
-0.888 -0.621 -9.693 0.1808 -0.9835 -0.0000
-0.888 -0.621 -9.507 0.1808 -0.9835 -0.0000
-0.781 -0.601 -9.357 0.1808 -0.9835 -0.0000
-0.607 -0.569 -9.300 0.1808 -0.9835 -0.0000
-0.434 -0.537 -9.357 0.1808 -0.9835 -0.0000
-0.327 -0.518 -9.507 0.1808 -0.9835 -0.0000
-0.327 -0.518 -9.693 0.1808 -0.9835 -0.0000
-0.434 -0.537 -9.843 0.1808 -0.9835 -0.0000
-0.770 0.316 -9.600 -0.1808 0.9835 0.0000
-0.770 0.316 -9.900 -0.1808 0.9835 0.0000
-0.943 0.284 -9.843 -0.1808 0.9835 0.0000
-1.050 0.264 -9.693 -0.1808 0.9835 0.0000
-1.050 0.264 -9.507 -0.1808 0.9835 0.0000
-0.943 0.284 -9.357 -0.1808 0.9835 0.0000
-0.770 0.316 -9.300 -0.1808 0.9835 0.0000
-0.596 0.348 -9.357 -0.1808 0.9835 0.0000
-0.489 0.368 -9.507 -0.1808 0.9835 0.0000
-0.489 0.368 -9.693 -0.1808 0.9835 0.0000
-0.596 0.348 -9.843 -0.1808 0.9835 0.0000
0 1 2
0 2 3
4 6 5
4 7 6
8 10 9
8 11 10
12 13 14
12 14 15
16 17 18
16 18 19
20 22 21
20 23 22
24 25 35
24 35 34
25 26 36
25 36 35
26 27 37
26 37 36
27 28 38
27 38 37
28 29 39
28 39 38
29 30 40
29 40 39
30 31 41
30 41 40
31 32 42
31 42 41
32 33 43
32 43 42
33 24 34
33 34 43
44 46 45
44 47 46
44 48 47
44 49 48
44 50 49
44 51 50
44 52 51
44 53 52
44 54 53
44 45 54
55 56 57
55 57 58
55 58 59
55 59 60
55 60 61
55 61 62
55 62 63
55 63 64
55 64 65
55 65 56
LABEL sfoot2_slat_9_0
MATERIAL 7
TEXTURE 0
GEOM 104 76 ;sfoot2_slat_9_0
-0.954 -0.439 -9.562 -0.0326 -0.0060 0.9995
-0.976 -0.388 -9.562 -0.0326 -0.0060 0.9995
-0.995 -0.335 -9.562 -0.0326 -0.0060 0.9995
-1.012 -0.281 -9.562 -0.0326 -0.0060 0.9995
-10.218 -4.706 -9.900 -0.0326 -0.0060 0.9995
-10.456 -4.153 -9.900 -0.0326 -0.0060 0.9995
-10.663 -3.587 -9.900 -0.0326 -0.0060 0.9995
-10.839 -3.012 -9.900 -0.0326 -0.0060 0.9995
-0.954 -0.439 -9.562 0.0326 0.0060 -0.9995
-0.976 -0.388 -9.562 0.0326 0.0060 -0.9995
-0.995 -0.335 -9.562 0.0326 0.0060 -0.9995
-1.012 -0.281 -9.562 0.0326 0.0060 -0.9995
-10.218 -4.706 -9.900 0.0326 0.0060 -0.9995
-10.456 -4.153 -9.900 0.0326 0.0060 -0.9995
-10.663 -3.587 -9.900 0.0326 0.0060 -0.9995
-10.839 -3.012 -9.900 0.0326 0.0060 -0.9995
-0.954 -0.439 -9.812 0.0326 0.0060 -0.9995
-0.976 -0.388 -9.812 0.0326 0.0060 -0.9995
-0.995 -0.335 -9.812 0.0326 0.0060 -0.9995
-1.012 -0.281 -9.812 0.0326 0.0060 -0.9995
-10.218 -4.706 -10.150 0.0326 0.0060 -0.9995
-10.456 -4.153 -10.150 0.0326 0.0060 -0.9995
-10.663 -3.587 -10.150 0.0326 0.0060 -0.9995
-10.839 -3.012 -10.150 0.0326 0.0060 -0.9995
-0.954 -0.439 -9.812 -0.0326 -0.0060 0.9995
-0.976 -0.388 -9.812 -0.0326 -0.0060 0.9995
-0.995 -0.335 -9.812 -0.0326 -0.0060 0.9995
-1.012 -0.281 -9.812 -0.0326 -0.0060 0.9995
-10.218 -4.706 -10.150 -0.0326 -0.0060 0.9995
-10.456 -4.153 -10.150 -0.0326 -0.0060 0.9995
-10.663 -3.587 -10.150 -0.0326 -0.0060 0.9995
-10.839 -3.012 -10.150 -0.0326 -0.0060 0.9995
-10.218 -4.706 -10.150 -0.9389 -0.3441 0.0000
-10.456 -4.153 -10.150 -0.9389 -0.3441 0.0000
-10.663 -3.587 -10.150 -0.9389 -0.3441 0.0000
-10.839 -3.012 -10.150 -0.9389 -0.3441 0.0000
-10.218 -4.706 -9.900 -0.9389 -0.3441 0.0000
-10.456 -4.153 -9.900 -0.9389 -0.3441 0.0000
-10.663 -3.587 -9.900 -0.9389 -0.3441 0.0000
-10.839 -3.012 -9.900 -0.9389 -0.3441 0.0000
-10.218 -4.706 -10.150 0.9389 0.3441 -0.0000
-10.456 -4.153 -10.150 0.9389 0.3441 -0.0000
-10.663 -3.587 -10.150 0.9389 0.3441 -0.0000
-10.839 -3.012 -10.150 0.9389 0.3441 -0.0000
-10.218 -4.706 -9.900 0.9389 0.3441 -0.0000
-10.456 -4.153 -9.900 0.9389 0.3441 -0.0000
-10.663 -3.587 -9.900 0.9389 0.3441 -0.0000
-10.839 -3.012 -9.900 0.9389 0.3441 -0.0000
-0.954 -0.439 -9.812 0.9389 0.3441 -0.0000
-0.976 -0.388 -9.812 0.9389 0.3441 -0.0000
-0.995 -0.335 -9.812 0.9389 0.3441 -0.0000
-1.012 -0.281 -9.812 0.9389 0.3441 -0.0000
-0.954 -0.439 -9.562 0.9389 0.3441 -0.0000
-0.976 -0.388 -9.562 0.9389 0.3441 -0.0000
-0.995 -0.335 -9.562 0.9389 0.3441 -0.0000
-1.012 -0.281 -9.562 0.9389 0.3441 -0.0000
-0.954 -0.439 -9.812 -0.9389 -0.3441 0.0000
-0.976 -0.388 -9.812 -0.9389 -0.3441 0.0000
-0.995 -0.335 -9.812 -0.9389 -0.3441 0.0000
-1.012 -0.281 -9.812 -0.9389 -0.3441 0.0000
-0.954 -0.439 -9.562 -0.9389 -0.3441 0.0000
-0.976 -0.388 -9.562 -0.9389 -0.3441 0.0000
-0.995 -0.335 -9.562 -0.9389 -0.3441 0.0000
-1.012 -0.281 -9.562 -0.9389 -0.3441 0.0000
-10.218 -4.706 -9.900 -0.9389 -0.3441 0.0000
-10.456 -4.153 -9.900 -0.9389 -0.3441 0.0000
-10.663 -3.587 -9.900 -0.9389 -0.3441 0.0000
-10.839 -3.012 -9.900 -0.9389 -0.3441 0.0000
-10.218 -4.706 -9.200 -0.9389 -0.3441 0.0000
-10.456 -4.153 -9.200 -0.9389 -0.3441 0.0000
-10.663 -3.587 -9.200 -0.9389 -0.3441 0.0000
-10.839 -3.012 -9.200 -0.9389 -0.3441 0.0000
-10.218 -4.706 -9.900 0.9389 0.3441 -0.0000
-10.456 -4.153 -9.900 0.9389 0.3441 -0.0000
-10.663 -3.587 -9.900 0.9389 0.3441 -0.0000
-10.839 -3.012 -9.900 0.9389 0.3441 -0.0000
-10.218 -4.706 -9.200 0.9389 0.3441 -0.0000
-10.456 -4.153 -9.200 0.9389 0.3441 -0.0000
-10.663 -3.587 -9.200 0.9389 0.3441 -0.0000
-10.839 -3.012 -9.200 0.9389 0.3441 -0.0000
-10.218 -4.706 -9.200 -0.0000 -0.0000 1.0000
-10.456 -4.153 -9.200 -0.0000 -0.0000 1.0000
-10.663 -3.587 -9.200 -0.0000 -0.0000 1.0000
-10.839 -3.012 -9.200 -0.0000 -0.0000 1.0000
-9.901 -4.559 -9.188 -0.0000 -0.0000 1.0000
-10.130 -4.023 -9.188 -0.0000 -0.0000 1.0000
-10.331 -3.476 -9.188 -0.0000 -0.0000 1.0000
-10.502 -2.918 -9.188 -0.0000 -0.0000 1.0000
-10.218 -4.706 -9.200 0.0000 0.0000 -1.0000
-10.456 -4.153 -9.200 0.0000 0.0000 -1.0000
-10.663 -3.587 -9.200 0.0000 0.0000 -1.0000
-10.839 -3.012 -9.200 0.0000 0.0000 -1.0000
-9.901 -4.559 -9.188 0.0000 0.0000 -1.0000
-10.130 -4.023 -9.188 0.0000 0.0000 -1.0000
-10.331 -3.476 -9.188 0.0000 0.0000 -1.0000
-10.502 -2.918 -9.188 0.0000 0.0000 -1.0000
-0.954 -0.439 -9.812 -0.4183 0.9083 0.0000
-10.218 -4.706 -10.150 -0.4183 0.9083 0.0000
-0.954 -0.439 -9.562 -0.4183 0.9083 0.0000
-10.218 -4.706 -9.900 -0.4183 0.9083 0.0000
-0.954 -0.439 -9.812 0.4183 -0.9083 -0.0000
-10.218 -4.706 -10.150 0.4183 -0.9083 -0.0000
-0.954 -0.439 -9.562 0.4183 -0.9083 -0.0000
-10.218 -4.706 -9.900 0.4183 -0.9083 -0.0000
0 1 5
0 5 4
8 13 9
8 12 13
1 2 6
1 6 5
9 14 10
9 13 14
2 3 7
2 7 6
10 15 11
10 14 15
16 21 17
16 20 21
24 25 29
24 29 28
17 22 18
17 21 22
25 26 30
25 30 29
18 23 19
18 22 23
26 27 31
26 31 30
32 37 33
32 36 37
40 41 45
40 45 44
33 38 34
33 37 38
41 42 46
41 46 45
34 39 35
34 38 39
42 43 47
42 47 46
48 49 53
48 53 52
56 61 57
56 60 61
49 50 54
49 54 53
57 62 58
57 61 62
50 51 55
50 55 54
58 63 59
58 62 63
64 69 65
64 68 69
72 73 77
72 77 76
65 70 66
65 69 70
73 74 78
73 78 77
66 71 67
66 70 71
74 75 79
74 79 78
80 85 81
80 84 85
88 89 93
88 93 92
81 86 82
81 85 86
89 90 94
89 94 93
82 87 83
82 86 87
90 91 95
90 95 94
96 97 99
96 99 98
100 103 101
100 102 103
LABEL sfoot2_slat_9_1
MATERIAL 7
TEXTURE 0
GEOM 96 72 ;sfoot2_slat_9_1
-1.013 -0.277 -9.562 -0.0326 -0.0060 0.9995
-1.027 -0.219 -9.562 -0.0326 -0.0060 0.9995
-1.038 -0.160 -9.562 -0.0326 -0.0060 0.9995
-1.045 -0.101 -9.562 -0.0326 -0.0060 0.9995
-10.851 -2.969 -9.900 -0.0326 -0.0060 0.9995
-11.002 -2.347 -9.900 -0.0326 -0.0060 0.9995
-11.118 -1.718 -9.900 -0.0326 -0.0060 0.9995
-11.198 -1.084 -9.900 -0.0326 -0.0060 0.9995
-1.013 -0.277 -9.562 0.0326 0.0060 -0.9995
-1.027 -0.219 -9.562 0.0326 0.0060 -0.9995
-1.038 -0.160 -9.562 0.0326 0.0060 -0.9995
-1.045 -0.101 -9.562 0.0326 0.0060 -0.9995
-10.851 -2.969 -9.900 0.0326 0.0060 -0.9995
-11.002 -2.347 -9.900 0.0326 0.0060 -0.9995
-11.118 -1.718 -9.900 0.0326 0.0060 -0.9995
-11.198 -1.084 -9.900 0.0326 0.0060 -0.9995
-1.013 -0.277 -9.812 0.0326 0.0060 -0.9995
-1.027 -0.219 -9.812 0.0326 0.0060 -0.9995
-1.038 -0.160 -9.812 0.0326 0.0060 -0.9995
-1.045 -0.101 -9.812 0.0326 0.0060 -0.9995
-10.851 -2.969 -10.150 0.0326 0.0060 -0.9995
-11.002 -2.347 -10.150 0.0326 0.0060 -0.9995
-11.118 -1.718 -10.150 0.0326 0.0060 -0.9995
-11.198 -1.084 -10.150 0.0326 0.0060 -0.9995
-1.013 -0.277 -9.812 -0.0326 -0.0060 0.9995
-1.027 -0.219 -9.812 -0.0326 -0.0060 0.9995
-1.038 -0.160 -9.812 -0.0326 -0.0060 0.9995
-1.045 -0.101 -9.812 -0.0326 -0.0060 0.9995
-10.851 -2.969 -10.150 -0.0326 -0.0060 0.9995
-11.002 -2.347 -10.150 -0.0326 -0.0060 0.9995
-11.118 -1.718 -10.150 -0.0326 -0.0060 0.9995
-11.198 -1.084 -10.150 -0.0326 -0.0060 0.9995
-10.851 -2.969 -10.150 -0.9835 -0.1808 0.0000
-11.002 -2.347 -10.150 -0.9835 -0.1808 0.0000
-11.118 -1.718 -10.150 -0.9835 -0.1808 0.0000
-11.198 -1.084 -10.150 -0.9835 -0.1808 0.0000
-10.851 -2.969 -9.900 -0.9835 -0.1808 0.0000
-11.002 -2.347 -9.900 -0.9835 -0.1808 0.0000
-11.118 -1.718 -9.900 -0.9835 -0.1808 0.0000
-11.198 -1.084 -9.900 -0.9835 -0.1808 0.0000
-10.851 -2.969 -10.150 0.9835 0.1808 -0.0000
-11.002 -2.347 -10.150 0.9835 0.1808 -0.0000
-11.118 -1.718 -10.150 0.9835 0.1808 -0.0000
-11.198 -1.084 -10.150 0.9835 0.1808 -0.0000
-10.851 -2.969 -9.900 0.9835 0.1808 -0.0000
-11.002 -2.347 -9.900 0.9835 0.1808 -0.0000
-11.118 -1.718 -9.900 0.9835 0.1808 -0.0000
-11.198 -1.084 -9.900 0.9835 0.1808 -0.0000
-1.013 -0.277 -9.812 0.9835 0.1808 -0.0000
-1.027 -0.219 -9.812 0.9835 0.1808 -0.0000
-1.038 -0.160 -9.812 0.9835 0.1808 -0.0000
-1.045 -0.101 -9.812 0.9835 0.1808 -0.0000
-1.013 -0.277 -9.562 0.9835 0.1808 -0.0000
-1.027 -0.219 -9.562 0.9835 0.1808 -0.0000
-1.038 -0.160 -9.562 0.9835 0.1808 -0.0000
-1.045 -0.101 -9.562 0.9835 0.1808 -0.0000
-1.013 -0.277 -9.812 -0.9835 -0.1808 0.0000
-1.027 -0.219 -9.812 -0.9835 -0.1808 0.0000
-1.038 -0.160 -9.812 -0.9835 -0.1808 0.0000
-1.045 -0.101 -9.812 -0.9835 -0.1808 0.0000
-1.013 -0.277 -9.562 -0.9835 -0.1808 0.0000
-1.027 -0.219 -9.562 -0.9835 -0.1808 0.0000
-1.038 -0.160 -9.562 -0.9835 -0.1808 0.0000
-1.045 -0.101 -9.562 -0.9835 -0.1808 0.0000
-10.851 -2.969 -9.900 -0.9835 -0.1808 0.0000
-11.002 -2.347 -9.900 -0.9835 -0.1808 0.0000
-11.118 -1.718 -9.900 -0.9835 -0.1808 0.0000
-11.198 -1.084 -9.900 -0.9835 -0.1808 0.0000
-10.851 -2.969 -9.200 -0.9835 -0.1808 0.0000
-11.002 -2.347 -9.200 -0.9835 -0.1808 0.0000
-11.118 -1.718 -9.200 -0.9835 -0.1808 0.0000
-11.198 -1.084 -9.200 -0.9835 -0.1808 0.0000
-10.851 -2.969 -9.900 0.9835 0.1808 -0.0000
-11.002 -2.347 -9.900 0.9835 0.1808 -0.0000
-11.118 -1.718 -9.900 0.9835 0.1808 -0.0000
-11.198 -1.084 -9.900 0.9835 0.1808 -0.0000
-10.851 -2.969 -9.200 0.9835 0.1808 -0.0000
-11.002 -2.347 -9.200 0.9835 0.1808 -0.0000
-11.118 -1.718 -9.200 0.9835 0.1808 -0.0000
-11.198 -1.084 -9.200 0.9835 0.1808 -0.0000
-10.851 -2.969 -9.200 -0.0000 -0.0000 1.0000
-11.002 -2.347 -9.200 -0.0000 -0.0000 1.0000
-11.118 -1.718 -9.200 -0.0000 -0.0000 1.0000
-11.198 -1.084 -9.200 -0.0000 -0.0000 1.0000
-10.514 -2.876 -9.188 -0.0000 -0.0000 1.0000
-10.660 -2.274 -9.188 -0.0000 -0.0000 1.0000
-10.772 -1.665 -9.188 -0.0000 -0.0000 1.0000
-10.849 -1.050 -9.188 -0.0000 -0.0000 1.0000
-10.851 -2.969 -9.200 0.0000 0.0000 -1.0000
-11.002 -2.347 -9.200 0.0000 0.0000 -1.0000
-11.118 -1.718 -9.200 0.0000 0.0000 -1.0000
-11.198 -1.084 -9.200 0.0000 0.0000 -1.0000
-10.514 -2.876 -9.188 0.0000 0.0000 -1.0000
-10.660 -2.274 -9.188 0.0000 0.0000 -1.0000
-10.772 -1.665 -9.188 0.0000 0.0000 -1.0000
-10.849 -1.050 -9.188 0.0000 0.0000 -1.0000
0 1 5
0 5 4
8 13 9
8 12 13
1 2 6
1 6 5
9 14 10
9 13 14
2 3 7
2 7 6
10 15 11
10 14 15
16 21 17
16 20 21
24 25 29
24 29 28
17 22 18
17 21 22
25 26 30
25 30 29
18 23 19
18 22 23
26 27 31
26 31 30
32 37 33
32 36 37
40 41 45
40 45 44
33 38 34
33 37 38
41 42 46
41 46 45
34 39 35
34 38 39
42 43 47
42 47 46
48 49 53
48 53 52
56 61 57
56 60 61
49 50 54
49 54 53
57 62 58
57 61 62
50 51 55
50 55 54
58 63 59
58 62 63
64 69 65
64 68 69
72 73 77
72 77 76
65 70 66
65 69 70
73 74 78
73 78 77
66 71 67
66 70 71
74 75 79
74 79 78
80 85 81
80 84 85
88 89 93
88 93 92
81 86 82
81 85 86
89 90 94
89 94 93
82 87 83
82 86 87
90 91 95
90 95 94
LABEL sfoot2_slat_9_2
MATERIAL 7
TEXTURE 0
GEOM 104 76 ;sfoot2_slat_9_2
-1.046 -0.097 -9.562 -0.0326 -0.0060 0.9995
-1.049 -0.041 -9.562 -0.0326 -0.0060 0.9995
-1.050 0.015 -9.562 -0.0326 -0.0060 0.9995
-1.048 0.071 -9.562 -0.0326 -0.0060 0.9995
-11.202 -1.039 -9.900 -0.0326 -0.0060 0.9995
-11.241 -0.439 -9.900 -0.0326 -0.0060 0.9995
-11.249 0.163 -9.900 -0.0326 -0.0060 0.9995
-11.224 0.765 -9.900 -0.0326 -0.0060 0.9995
-1.046 -0.097 -9.562 0.0326 0.0060 -0.9995
-1.049 -0.041 -9.562 0.0326 0.0060 -0.9995
-1.050 0.015 -9.562 0.0326 0.0060 -0.9995
-1.048 0.071 -9.562 0.0326 0.0060 -0.9995
-11.202 -1.039 -9.900 0.0326 0.0060 -0.9995
-11.241 -0.439 -9.900 0.0326 0.0060 -0.9995
-11.249 0.163 -9.900 0.0326 0.0060 -0.9995
-11.224 0.765 -9.900 0.0326 0.0060 -0.9995
-1.046 -0.097 -9.812 0.0326 0.0060 -0.9995
-1.049 -0.041 -9.812 0.0326 0.0060 -0.9995
-1.050 0.015 -9.812 0.0326 0.0060 -0.9995
-1.048 0.071 -9.812 0.0326 0.0060 -0.9995
-11.202 -1.039 -10.150 0.0326 0.0060 -0.9995
-11.241 -0.439 -10.150 0.0326 0.0060 -0.9995
-11.249 0.163 -10.150 0.0326 0.0060 -0.9995
-11.224 0.765 -10.150 0.0326 0.0060 -0.9995
-1.046 -0.097 -9.812 -0.0326 -0.0060 0.9995
-1.049 -0.041 -9.812 -0.0326 -0.0060 0.9995
-1.050 0.015 -9.812 -0.0326 -0.0060 0.9995
-1.048 0.071 -9.812 -0.0326 -0.0060 0.9995
-11.202 -1.039 -10.150 -0.0326 -0.0060 0.9995
-11.241 -0.439 -10.150 -0.0326 -0.0060 0.9995
-11.249 0.163 -10.150 -0.0326 -0.0060 0.9995
-11.224 0.765 -10.150 -0.0326 -0.0060 0.9995
-11.202 -1.039 -10.150 -0.9999 -0.0122 0.0000
-11.241 -0.439 -10.150 -0.9999 -0.0122 0.0000
-11.249 0.163 -10.150 -0.9999 -0.0122 0.0000
-11.224 0.765 -10.150 -0.9999 -0.0122 0.0000
-11.202 -1.039 -9.900 -0.9999 -0.0122 0.0000
-11.241 -0.439 -9.900 -0.9999 -0.0122 0.0000
-11.249 0.163 -9.900 -0.9999 -0.0122 0.0000
-11.224 0.765 -9.900 -0.9999 -0.0122 0.0000
-11.202 -1.039 -10.150 0.9999 0.0122 -0.0000
-11.241 -0.439 -10.150 0.9999 0.0122 -0.0000
-11.249 0.163 -10.150 0.9999 0.0122 -0.0000
-11.224 0.765 -10.150 0.9999 0.0122 -0.0000
-11.202 -1.039 -9.900 0.9999 0.0122 -0.0000
-11.241 -0.439 -9.900 0.9999 0.0122 -0.0000
-11.249 0.163 -9.900 0.9999 0.0122 -0.0000
-11.224 0.765 -9.900 0.9999 0.0122 -0.0000
-1.046 -0.097 -9.812 0.9999 0.0122 -0.0000
-1.049 -0.041 -9.812 0.9999 0.0122 -0.0000
-1.050 0.015 -9.812 0.9999 0.0122 -0.0000
-1.048 0.071 -9.812 0.9999 0.0122 -0.0000
-1.046 -0.097 -9.562 0.9999 0.0122 -0.0000
-1.049 -0.041 -9.562 0.9999 0.0122 -0.0000
-1.050 0.015 -9.562 0.9999 0.0122 -0.0000
-1.048 0.071 -9.562 0.9999 0.0122 -0.0000
-1.046 -0.097 -9.812 -0.9999 -0.0122 0.0000
-1.049 -0.041 -9.812 -0.9999 -0.0122 0.0000
-1.050 0.015 -9.812 -0.9999 -0.0122 0.0000
-1.048 0.071 -9.812 -0.9999 -0.0122 0.0000
-1.046 -0.097 -9.562 -0.9999 -0.0122 0.0000
-1.049 -0.041 -9.562 -0.9999 -0.0122 0.0000
-1.050 0.015 -9.562 -0.9999 -0.0122 0.0000
-1.048 0.071 -9.562 -0.9999 -0.0122 0.0000
-11.202 -1.039 -9.900 -0.9999 -0.0122 0.0000
-11.241 -0.439 -9.900 -0.9999 -0.0122 0.0000
-11.249 0.163 -9.900 -0.9999 -0.0122 0.0000
-11.224 0.765 -9.900 -0.9999 -0.0122 0.0000
-11.202 -1.039 -9.200 -0.9999 -0.0122 0.0000
-11.241 -0.439 -9.200 -0.9999 -0.0122 0.0000
-11.249 0.163 -9.200 -0.9999 -0.0122 0.0000
-11.224 0.765 -9.200 -0.9999 -0.0122 0.0000
-11.202 -1.039 -9.900 0.9999 0.0122 -0.0000
-11.241 -0.439 -9.900 0.9999 0.0122 -0.0000
-11.249 0.163 -9.900 0.9999 0.0122 -0.0000
-11.224 0.765 -9.900 0.9999 0.0122 -0.0000
-11.202 -1.039 -9.200 0.9999 0.0122 -0.0000
-11.241 -0.439 -9.200 0.9999 0.0122 -0.0000
-11.249 0.163 -9.200 0.9999 0.0122 -0.0000
-11.224 0.765 -9.200 0.9999 0.0122 -0.0000
-11.202 -1.039 -9.200 -0.0000 -0.0000 1.0000
-11.241 -0.439 -9.200 -0.0000 -0.0000 1.0000
-11.249 0.163 -9.200 -0.0000 -0.0000 1.0000
-11.224 0.765 -9.200 -0.0000 -0.0000 1.0000
-10.853 -1.007 -9.188 -0.0000 -0.0000 1.0000
-10.892 -0.425 -9.188 -0.0000 -0.0000 1.0000
-10.899 0.158 -9.188 -0.0000 -0.0000 1.0000
-10.875 0.741 -9.188 -0.0000 -0.0000 1.0000
-11.202 -1.039 -9.200 0.0000 0.0000 -1.0000
-11.241 -0.439 -9.200 0.0000 0.0000 -1.0000
-11.249 0.163 -9.200 0.0000 0.0000 -1.0000
-11.224 0.765 -9.200 0.0000 0.0000 -1.0000
-10.853 -1.007 -9.188 0.0000 0.0000 -1.0000
-10.892 -0.425 -9.188 0.0000 0.0000 -1.0000
-10.899 0.158 -9.188 0.0000 0.0000 -1.0000
-10.875 0.741 -9.188 0.0000 0.0000 -1.0000
-1.048 0.071 -9.812 0.0680 0.9977 0.0000
-11.224 0.765 -10.150 0.0680 0.9977 0.0000
-1.048 0.071 -9.562 0.0680 0.9977 0.0000
-11.224 0.765 -9.900 0.0680 0.9977 0.0000
-1.048 0.071 -9.812 -0.0680 -0.9977 -0.0000
-11.224 0.765 -10.150 -0.0680 -0.9977 -0.0000
-1.048 0.071 -9.562 -0.0680 -0.9977 -0.0000
-11.224 0.765 -9.900 -0.0680 -0.9977 -0.0000
0 1 5
0 5 4
8 13 9
8 12 13
1 2 6
1 6 5
9 14 10
9 13 14
2 3 7
2 7 6
10 15 11
10 14 15
16 21 17
16 20 21
24 25 29
24 29 28
17 22 18
17 21 22
25 26 30
25 30 29
18 23 19
18 22 23
26 27 31
26 31 30
32 37 33
32 36 37
40 41 45
40 45 44
33 38 34
33 37 38
41 42 46
41 46 45
34 39 35
34 38 39
42 43 47
42 47 46
48 49 53
48 53 52
56 61 57
56 60 61
49 50 54
49 54 53
57 62 58
57 61 62
50 51 55
50 55 54
58 63 59
58 62 63
64 69 65
64 68 69
72 73 77
72 77 76
65 70 66
65 69 70
73 74 78
73 78 77
66 71 67
66 70 71
74 75 79
74 79 78
80 85 81
80 84 85
88 89 93
88 93 92
81 86 82
81 85 86
89 90 94
89 94 93
82 87 83
82 86 87
90 91 95
90 95 94
96 97 99
96 99 98
100 103 101
100 102 103
LABEL sfoot2_strut_9
MATERIAL 9
TEXTURE 0
GEOM 50 48 ;sfoot2_strut_9
-0.867 -0.208 -6.075 0.5282 0.0000 -0.8491
-0.870 -0.455 -5.997 0.5229 -0.4940 -0.6946
-0.942 -0.636 -5.827 0.3775 -0.8557 -0.3540
-1.066 -0.702 -5.609 0.1309 -0.9880 0.0814
-1.206 -0.636 -5.402 -0.1507 -0.8557 0.4951
-1.327 -0.455 -5.262 -0.3919 -0.4940 0.7761
-1.395 -0.208 -5.225 -0.5282 -0.0000 0.8491
-1.392 0.039 -5.303 -0.5229 0.4940 0.6946
-1.320 0.220 -5.473 -0.3775 0.8557 0.3540
-1.197 0.286 -5.691 -0.1309 0.9880 -0.0814
-1.056 0.220 -5.898 0.1507 0.8557 -0.4951
-0.935 0.039 -6.038 0.3919 0.4940 -0.7761
-4.317 -0.842 -8.220 0.5282 0.0000 -0.8491
-4.319 -1.089 -8.143 0.5229 -0.4940 -0.6946
-4.392 -1.270 -7.973 0.3775 -0.8557 -0.3540
-4.515 -1.336 -7.755 0.1309 -0.9880 0.0814
-4.656 -1.270 -7.548 -0.1507 -0.8557 0.4951
-4.777 -1.089 -7.408 -0.3919 -0.4940 0.7761
-4.845 -0.842 -7.371 -0.5282 -0.0000 0.8491
-4.842 -0.595 -7.449 -0.5229 0.4940 0.6946
-4.770 -0.414 -7.619 -0.3775 0.8557 0.3540
-4.646 -0.348 -7.837 -0.1309 0.9880 -0.0814
-4.505 -0.414 -8.043 0.1507 0.8557 -0.4951
-4.385 -0.595 -8.184 0.3919 0.4940 -0.7761
-1.131 -0.208 -5.650 0.8390 0.1542 0.5219
-0.867 -0.208 -6.075 0.8390 0.1542 0.5219
-0.870 -0.455 -5.997 0.8390 0.1542 0.5219
-0.942 -0.636 -5.827 0.8390 0.1542 0.5219
-1.066 -0.702 -5.609 0.8390 0.1542 0.5219
-1.206 -0.636 -5.402 0.8390 0.1542 0.5219
-1.327 -0.455 -5.262 0.8390 0.1542 0.5219
-1.395 -0.208 -5.225 0.8390 0.1542 0.5219
-1.392 0.039 -5.303 0.8390 0.1542 0.5219
-1.320 0.220 -5.473 0.8390 0.1542 0.5219
-1.197 0.286 -5.691 0.8390 0.1542 0.5219
-1.056 0.220 -5.898 0.8390 0.1542 0.5219
-0.935 0.039 -6.038 0.8390 0.1542 0.5219
-4.581 -0.842 -7.796 -0.8390 -0.1542 -0.5219
-4.317 -0.842 -8.220 -0.8390 -0.1542 -0.5219
-4.319 -1.089 -8.143 -0.8390 -0.1542 -0.5219
-4.392 -1.270 -7.973 -0.8390 -0.1542 -0.5219
-4.515 -1.336 -7.755 -0.8390 -0.1542 -0.5219
-4.656 -1.270 -7.548 -0.8390 -0.1542 -0.5219
-4.777 -1.089 -7.408 -0.8390 -0.1542 -0.5219
-4.845 -0.842 -7.371 -0.8390 -0.1542 -0.5219
-4.842 -0.595 -7.449 -0.8390 -0.1542 -0.5219
-4.770 -0.414 -7.619 -0.8390 -0.1542 -0.5219
-4.646 -0.348 -7.837 -0.8390 -0.1542 -0.5219
-4.505 -0.414 -8.043 -0.8390 -0.1542 -0.5219
-4.385 -0.595 -8.184 -0.8390 -0.1542 -0.5219
0 1 13
0 13 12
1 2 14
1 14 13
2 3 15
2 15 14
3 4 16
3 16 15
4 5 17
4 17 16
5 6 18
5 18 17
6 7 19
6 19 18
7 8 20
7 20 19
8 9 21
8 21 20
9 10 22
9 22 21
10 11 23
10 23 22
11 0 12
11 12 23
24 26 25
24 27 26
24 28 27
24 29 28
24 30 29
24 31 30
24 32 31
24 33 32
24 34 33
24 35 34
24 36 35
24 25 36
37 38 39
37 39 40
37 40 41
37 41 42
37 42 43
37 43 44
37 44 45
37 45 46
37 46 47
37 47 48
37 48 49
37 49 38
LABEL sfoot2_rod_9
MATERIAL 7
TEXTURE 0
GEOM 42 40 ;sfoot2_rod_9
-3.945 -0.749 -7.695 0.5282 0.0000 -0.8491
-3.951 -0.895 -7.642 0.5043 -0.5808 -0.6391
-4.005 -0.984 -7.529 0.2877 -0.9397 -0.1849
-4.087 -0.984 -7.398 -0.0387 -0.9397 0.3399
-4.165 -0.895 -7.299 -0.3503 -0.5808 0.7348
-4.209 -0.749 -7.270 -0.5282 -0.0000 0.8491
-4.203 -0.604 -7.323 -0.5043 0.5808 0.6391
-4.149 -0.515 -7.436 -0.2877 0.9397 0.1849
-4.068 -0.515 -7.568 0.0387 0.9397 -0.3399
-3.990 -0.604 -7.666 0.3503 0.5808 -0.7348
-7.271 -1.361 -9.764 0.5282 0.0000 -0.8491
-7.277 -1.506 -9.711 0.5043 -0.5808 -0.6391
-7.331 -1.596 -9.598 0.2877 -0.9397 -0.1849
-7.413 -1.596 -9.467 -0.0387 -0.9397 0.3399
-7.491 -1.506 -9.368 -0.3503 -0.5808 0.7348
-7.535 -1.361 -9.339 -0.5282 -0.0000 0.8491
-7.529 -1.216 -9.392 -0.5043 0.5808 0.6391
-7.475 -1.126 -9.505 -0.2877 0.9397 0.1849
-7.394 -1.126 -9.636 0.0387 0.9397 -0.3399
-7.316 -1.216 -9.735 0.3503 0.5808 -0.7348
-4.077 -0.749 -7.483 0.8390 0.1542 0.5219
-3.945 -0.749 -7.695 0.8390 0.1542 0.5219
-3.951 -0.895 -7.642 0.8390 0.1542 0.5219
-4.005 -0.984 -7.529 0.8390 0.1542 0.5219
-4.087 -0.984 -7.398 0.8390 0.1542 0.5219
-4.165 -0.895 -7.299 0.8390 0.1542 0.5219
-4.209 -0.749 -7.270 0.8390 0.1542 0.5219
-4.203 -0.604 -7.323 0.8390 0.1542 0.5219
-4.149 -0.515 -7.436 0.8390 0.1542 0.5219
-4.068 -0.515 -7.568 0.8390 0.1542 0.5219
-3.990 -0.604 -7.666 0.8390 0.1542 0.5219
-7.403 -1.361 -9.551 -0.8390 -0.1542 -0.5219
-7.271 -1.361 -9.764 -0.8390 -0.1542 -0.5219
-7.277 -1.506 -9.711 -0.8390 -0.1542 -0.5219
-7.331 -1.596 -9.598 -0.8390 -0.1542 -0.5219
-7.413 -1.596 -9.467 -0.8390 -0.1542 -0.5219
-7.491 -1.506 -9.368 -0.8390 -0.1542 -0.5219
-7.535 -1.361 -9.339 -0.8390 -0.1542 -0.5219
-7.529 -1.216 -9.392 -0.8390 -0.1542 -0.5219
-7.475 -1.126 -9.505 -0.8390 -0.1542 -0.5219
-7.394 -1.126 -9.636 -0.8390 -0.1542 -0.5219
-7.316 -1.216 -9.735 -0.8390 -0.1542 -0.5219
0 1 11
0 11 10
1 2 12
1 12 11
2 3 13
2 13 12
3 4 14
3 14 13
4 5 15
4 15 14
5 6 16
5 16 15
6 7 17
6 17 16
7 8 18
7 18 17
8 9 19
8 19 18
9 0 10
9 10 19
20 22 21
20 23 22
20 24 23
20 25 24
20 26 25
20 27 26
20 28 27
20 29 28
20 30 29
20 21 30
31 32 33
31 33 34
31 34 35
31 35 36
31 36 37
31 37 38
31 38 39
31 39 40
31 40 41
31 41 32
LABEL sfoot2_skirt_9_0
MATERIAL 7
TEXTURE 0
GEOM 16 12 ;sfoot2_skirt_9_0
-10.218 -4.706 -11.050 -0.9389 -0.3441 0.0000
-10.456 -4.153 -11.050 -0.9389 -0.3441 0.0000
-10.663 -3.587 -11.050 -0.9389 -0.3441 0.0000
-10.839 -3.012 -11.050 -0.9389 -0.3441 0.0000
-10.218 -4.706 -10.150 -0.9389 -0.3441 0.0000
-10.456 -4.153 -10.150 -0.9389 -0.3441 0.0000
-10.663 -3.587 -10.150 -0.9389 -0.3441 0.0000
-10.839 -3.012 -10.150 -0.9389 -0.3441 0.0000
-10.218 -4.706 -11.050 0.9389 0.3441 -0.0000
-10.456 -4.153 -11.050 0.9389 0.3441 -0.0000
-10.663 -3.587 -11.050 0.9389 0.3441 -0.0000
-10.839 -3.012 -11.050 0.9389 0.3441 -0.0000
-10.218 -4.706 -10.150 0.9389 0.3441 -0.0000
-10.456 -4.153 -10.150 0.9389 0.3441 -0.0000
-10.663 -3.587 -10.150 0.9389 0.3441 -0.0000
-10.839 -3.012 -10.150 0.9389 0.3441 -0.0000
0 5 1
0 4 5
8 9 13
8 13 12
1 6 2
1 5 6
9 10 14
9 14 13
2 7 3
2 6 7
10 11 15
10 15 14
LABEL sfoot2_skirt_9_1
MATERIAL 7
TEXTURE 0
GEOM 16 12 ;sfoot2_skirt_9_1
-10.851 -2.969 -11.050 -0.9835 -0.1808 0.0000
-11.002 -2.347 -11.050 -0.9835 -0.1808 0.0000
-11.118 -1.718 -11.050 -0.9835 -0.1808 0.0000
-11.198 -1.084 -11.050 -0.9835 -0.1808 0.0000
-10.851 -2.969 -10.150 -0.9835 -0.1808 0.0000
-11.002 -2.347 -10.150 -0.9835 -0.1808 0.0000
-11.118 -1.718 -10.150 -0.9835 -0.1808 0.0000
-11.198 -1.084 -10.150 -0.9835 -0.1808 0.0000
-10.851 -2.969 -11.050 0.9835 0.1808 -0.0000
-11.002 -2.347 -11.050 0.9835 0.1808 -0.0000
-11.118 -1.718 -11.050 0.9835 0.1808 -0.0000
-11.198 -1.084 -11.050 0.9835 0.1808 -0.0000
-10.851 -2.969 -10.150 0.9835 0.1808 -0.0000
-11.002 -2.347 -10.150 0.9835 0.1808 -0.0000
-11.118 -1.718 -10.150 0.9835 0.1808 -0.0000
-11.198 -1.084 -10.150 0.9835 0.1808 -0.0000
0 5 1
0 4 5
8 9 13
8 13 12
1 6 2
1 5 6
9 10 14
9 14 13
2 7 3
2 6 7
10 11 15
10 15 14
LABEL sfoot2_skirt_9_2
MATERIAL 7
TEXTURE 0
GEOM 16 12 ;sfoot2_skirt_9_2
-11.202 -1.039 -11.050 -0.9999 -0.0122 0.0000
-11.241 -0.439 -11.050 -0.9999 -0.0122 0.0000
-11.249 0.163 -11.050 -0.9999 -0.0122 0.0000
-11.224 0.765 -11.050 -0.9999 -0.0122 0.0000
-11.202 -1.039 -10.150 -0.9999 -0.0122 0.0000
-11.241 -0.439 -10.150 -0.9999 -0.0122 0.0000
-11.249 0.163 -10.150 -0.9999 -0.0122 0.0000
-11.224 0.765 -10.150 -0.9999 -0.0122 0.0000
-11.202 -1.039 -11.050 0.9999 0.0122 -0.0000
-11.241 -0.439 -11.050 0.9999 0.0122 -0.0000
-11.249 0.163 -11.050 0.9999 0.0122 -0.0000
-11.224 0.765 -11.050 0.9999 0.0122 -0.0000
-11.202 -1.039 -10.150 0.9999 0.0122 -0.0000
-11.241 -0.439 -10.150 0.9999 0.0122 -0.0000
-11.249 0.163 -10.150 0.9999 0.0122 -0.0000
-11.224 0.765 -10.150 0.9999 0.0122 -0.0000
0 5 1
0 4 5
8 9 13
8 13 12
1 6 2
1 5 6
9 10 14
9 14 13
2 7 3
2 6 7
10 11 15
10 15 14
LABEL sfoot2_petal_10
MATERIAL 7
TEXTURE 0
GEOM 66 52 ;sfoot2_petal_10
-0.973 -0.025 -9.557 0.9416 -0.3350 0.0332
-0.738 0.634 -9.557 0.9416 -0.3350 0.0332
-0.752 0.639 -9.107 0.9416 -0.3350 0.0332
-0.987 -0.020 -9.107 0.9416 -0.3350 0.0332
-10.347 3.310 -9.887 -0.9416 0.3350 -0.0332
-10.113 3.970 -9.887 -0.9416 0.3350 -0.0332
-10.127 3.975 -9.437 -0.9416 0.3350 -0.0332
-10.361 3.315 -9.437 -0.9416 0.3350 -0.0332
-0.973 -0.025 -9.557 -0.3352 -0.9421 -0.0000
-10.347 3.310 -9.887 -0.3352 -0.9421 -0.0000
-10.361 3.315 -9.437 -0.3352 -0.9421 -0.0000
-0.987 -0.020 -9.107 -0.3352 -0.9421 -0.0000
-0.738 0.634 -9.557 0.3352 0.9421 0.0000
-10.113 3.970 -9.887 0.3352 0.9421 0.0000
-10.127 3.975 -9.437 0.3352 0.9421 0.0000
-0.752 0.639 -9.107 0.3352 0.9421 0.0000
-0.973 -0.025 -9.557 0.0312 -0.0111 -0.9995
-10.347 3.310 -9.887 0.0312 -0.0111 -0.9995
-10.113 3.970 -9.887 0.0312 -0.0111 -0.9995
-0.738 0.634 -9.557 0.0312 -0.0111 -0.9995
-0.987 -0.020 -9.107 -0.0312 0.0111 0.9995
-10.361 3.315 -9.437 -0.0312 0.0111 0.9995
-10.127 3.975 -9.437 -0.0312 0.0111 0.9995
-0.752 0.639 -9.107 -0.0312 0.0111 0.9995
-0.810 -0.189 -9.900 0.0000 0.0000 -1.0000
-0.976 -0.130 -9.843 -0.5538 0.1970 -0.8090
-1.079 -0.094 -9.693 -0.8960 0.3188 -0.3090
-1.079 -0.094 -9.507 -0.8960 0.3188 0.3090
-0.976 -0.130 -9.357 -0.5538 0.1970 0.8090
-0.810 -0.189 -9.300 -0.0000 0.0000 1.0000
-0.644 -0.248 -9.357 0.5538 -0.1970 0.8090
-0.542 -0.285 -9.507 0.8960 -0.3188 0.3090
-0.542 -0.285 -9.693 0.8960 -0.3188 -0.3090
-0.644 -0.248 -9.843 0.5538 -0.1970 -0.8090
-0.509 0.659 -9.900 0.0000 0.0000 -1.0000
-0.675 0.718 -9.843 -0.5538 0.1970 -0.8090
-0.777 0.754 -9.693 -0.8960 0.3188 -0.3090
-0.777 0.754 -9.507 -0.8960 0.3188 0.3090
-0.675 0.718 -9.357 -0.5538 0.1970 0.8090
-0.509 0.659 -9.300 -0.0000 0.0000 1.0000
-0.343 0.600 -9.357 0.5538 -0.1970 0.8090
-0.240 0.563 -9.507 0.8960 -0.3188 0.3090
-0.240 0.563 -9.693 0.8960 -0.3188 -0.3090
-0.343 0.600 -9.843 0.5538 -0.1970 -0.8090
-0.810 -0.189 -9.600 -0.3352 -0.9421 -0.0000
-0.810 -0.189 -9.900 -0.3352 -0.9421 -0.0000
-0.976 -0.130 -9.843 -0.3352 -0.9421 -0.0000
-1.079 -0.094 -9.693 -0.3352 -0.9421 -0.0000
-1.079 -0.094 -9.507 -0.3352 -0.9421 -0.0000
-0.976 -0.130 -9.357 -0.3352 -0.9421 -0.0000
-0.810 -0.189 -9.300 -0.3352 -0.9421 -0.0000
-0.644 -0.248 -9.357 -0.3352 -0.9421 -0.0000
-0.542 -0.285 -9.507 -0.3352 -0.9421 -0.0000
-0.542 -0.285 -9.693 -0.3352 -0.9421 -0.0000
-0.644 -0.248 -9.843 -0.3352 -0.9421 -0.0000
-0.509 0.659 -9.600 0.3352 0.9421 0.0000
-0.509 0.659 -9.900 0.3352 0.9421 0.0000
-0.675 0.718 -9.843 0.3352 0.9421 0.0000
-0.777 0.754 -9.693 0.3352 0.9421 0.0000
-0.777 0.754 -9.507 0.3352 0.9421 0.0000
-0.675 0.718 -9.357 0.3352 0.9421 0.0000
-0.509 0.659 -9.300 0.3352 0.9421 0.0000
-0.343 0.600 -9.357 0.3352 0.9421 0.0000
-0.240 0.563 -9.507 0.3352 0.9421 0.0000
-0.240 0.563 -9.693 0.3352 0.9421 0.0000
-0.343 0.600 -9.843 0.3352 0.9421 0.0000
0 1 2
0 2 3
4 6 5
4 7 6
8 10 9
8 11 10
12 13 14
12 14 15
16 17 18
16 18 19
20 22 21
20 23 22
24 25 35
24 35 34
25 26 36
25 36 35
26 27 37
26 37 36
27 28 38
27 38 37
28 29 39
28 39 38
29 30 40
29 40 39
30 31 41
30 41 40
31 32 42
31 42 41
32 33 43
32 43 42
33 24 34
33 34 43
44 46 45
44 47 46
44 48 47
44 49 48
44 50 49
44 51 50
44 52 51
44 53 52
44 54 53
44 45 54
55 56 57
55 57 58
55 58 59
55 59 60
55 60 61
55 61 62
55 62 63
55 63 64
55 64 65
55 65 56
LABEL sfoot2_slat_10_0
MATERIAL 7
TEXTURE 0
GEOM 104 76 ;sfoot2_slat_10_0
-1.046 0.096 -9.562 -0.0312 0.0111 0.9995
-1.039 0.152 -9.562 -0.0312 0.0111 0.9995
-1.029 0.208 -9.562 -0.0312 0.0111 0.9995
-1.017 0.262 -9.562 -0.0312 0.0111 0.9995
-11.202 1.034 -9.900 -0.0312 0.0111 0.9995
-11.131 1.632 -9.900 -0.0312 0.0111 0.9995
-11.028 2.225 -9.900 -0.0312 0.0111 0.9995
-10.893 2.811 -9.900 -0.0312 0.0111 0.9995
-1.046 0.096 -9.562 0.0312 -0.0111 -0.9995
-1.039 0.152 -9.562 0.0312 -0.0111 -0.9995
-1.029 0.208 -9.562 0.0312 -0.0111 -0.9995
-1.017 0.262 -9.562 0.0312 -0.0111 -0.9995
-11.202 1.034 -9.900 0.0312 -0.0111 -0.9995
-11.131 1.632 -9.900 0.0312 -0.0111 -0.9995
-11.028 2.225 -9.900 0.0312 -0.0111 -0.9995
-10.893 2.811 -9.900 0.0312 -0.0111 -0.9995
-1.046 0.096 -9.812 0.0312 -0.0111 -0.9995
-1.039 0.152 -9.812 0.0312 -0.0111 -0.9995
-1.029 0.208 -9.812 0.0312 -0.0111 -0.9995
-1.017 0.262 -9.812 0.0312 -0.0111 -0.9995
-11.202 1.034 -10.150 0.0312 -0.0111 -0.9995
-11.131 1.632 -10.150 0.0312 -0.0111 -0.9995
-11.028 2.225 -10.150 0.0312 -0.0111 -0.9995
-10.893 2.811 -10.150 0.0312 -0.0111 -0.9995
-1.046 0.096 -9.812 -0.0312 0.0111 0.9995
-1.039 0.152 -9.812 -0.0312 0.0111 0.9995
-1.029 0.208 -9.812 -0.0312 0.0111 0.9995
-1.017 0.262 -9.812 -0.0312 0.0111 0.9995
-11.202 1.034 -10.150 -0.0312 0.0111 0.9995
-11.131 1.632 -10.150 -0.0312 0.0111 0.9995
-11.028 2.225 -10.150 -0.0312 0.0111 0.9995
-10.893 2.811 -10.150 -0.0312 0.0111 0.9995
-11.202 1.034 -10.150 -0.9852 0.1714 0.0000
-11.131 1.632 -10.150 -0.9852 0.1714 0.0000
-11.028 2.225 -10.150 -0.9852 0.1714 0.0000
-10.893 2.811 -10.150 -0.9852 0.1714 0.0000
-11.202 1.034 -9.900 -0.9852 0.1714 0.0000
-11.131 1.632 -9.900 -0.9852 0.1714 0.0000
-11.028 2.225 -9.900 -0.9852 0.1714 0.0000
-10.893 2.811 -9.900 -0.9852 0.1714 0.0000
-11.202 1.034 -10.150 0.9852 -0.1714 -0.0000
-11.131 1.632 -10.150 0.9852 -0.1714 -0.0000
-11.028 2.225 -10.150 0.9852 -0.1714 -0.0000
-10.893 2.811 -10.150 0.9852 -0.1714 -0.0000
-11.202 1.034 -9.900 0.9852 -0.1714 -0.0000
-11.131 1.632 -9.900 0.9852 -0.1714 -0.0000
-11.028 2.225 -9.900 0.9852 -0.1714 -0.0000
-10.893 2.811 -9.900 0.9852 -0.1714 -0.0000
-1.046 0.096 -9.812 0.9852 -0.1714 -0.0000
-1.039 0.152 -9.812 0.9852 -0.1714 -0.0000
-1.029 0.208 -9.812 0.9852 -0.1714 -0.0000
-1.017 0.262 -9.812 0.9852 -0.1714 -0.0000
-1.046 0.096 -9.562 0.9852 -0.1714 -0.0000
-1.039 0.152 -9.562 0.9852 -0.1714 -0.0000
-1.029 0.208 -9.562 0.9852 -0.1714 -0.0000
-1.017 0.262 -9.562 0.9852 -0.1714 -0.0000
-1.046 0.096 -9.812 -0.9852 0.1714 0.0000
-1.039 0.152 -9.812 -0.9852 0.1714 0.0000
-1.029 0.208 -9.812 -0.9852 0.1714 0.0000
-1.017 0.262 -9.812 -0.9852 0.1714 0.0000
-1.046 0.096 -9.562 -0.9852 0.1714 0.0000
-1.039 0.152 -9.562 -0.9852 0.1714 0.0000
-1.029 0.208 -9.562 -0.9852 0.1714 0.0000
-1.017 0.262 -9.562 -0.9852 0.1714 0.0000
-11.202 1.034 -9.900 -0.9852 0.1714 0.0000
-11.131 1.632 -9.900 -0.9852 0.1714 0.0000
-11.028 2.225 -9.900 -0.9852 0.1714 0.0000
-10.893 2.811 -9.900 -0.9852 0.1714 0.0000
-11.202 1.034 -9.200 -0.9852 0.1714 0.0000
-11.131 1.632 -9.200 -0.9852 0.1714 0.0000
-11.028 2.225 -9.200 -0.9852 0.1714 0.0000
-10.893 2.811 -9.200 -0.9852 0.1714 0.0000
-11.202 1.034 -9.900 0.9852 -0.1714 -0.0000
-11.131 1.632 -9.900 0.9852 -0.1714 -0.0000
-11.028 2.225 -9.900 0.9852 -0.1714 -0.0000
-10.893 2.811 -9.900 0.9852 -0.1714 -0.0000
-11.202 1.034 -9.200 0.9852 -0.1714 -0.0000
-11.131 1.632 -9.200 0.9852 -0.1714 -0.0000
-11.028 2.225 -9.200 0.9852 -0.1714 -0.0000
-10.893 2.811 -9.200 0.9852 -0.1714 -0.0000
-11.202 1.034 -9.200 -0.0000 -0.0000 1.0000
-11.131 1.632 -9.200 -0.0000 -0.0000 1.0000
-11.028 2.225 -9.200 -0.0000 -0.0000 1.0000
-10.893 2.811 -9.200 -0.0000 -0.0000 1.0000
-10.854 1.002 -9.188 -0.0000 -0.0000 1.0000
-10.785 1.581 -9.188 -0.0000 -0.0000 1.0000
-10.685 2.155 -9.188 -0.0000 -0.0000 1.0000
-10.554 2.724 -9.188 -0.0000 -0.0000 1.0000
-11.202 1.034 -9.200 0.0000 0.0000 -1.0000
-11.131 1.632 -9.200 0.0000 0.0000 -1.0000
-11.028 2.225 -9.200 0.0000 0.0000 -1.0000
-10.893 2.811 -9.200 0.0000 0.0000 -1.0000
-10.854 1.002 -9.188 0.0000 0.0000 -1.0000
-10.785 1.581 -9.188 0.0000 0.0000 -1.0000
-10.685 2.155 -9.188 0.0000 0.0000 -1.0000
-10.554 2.724 -9.188 0.0000 0.0000 -1.0000
-1.046 0.096 -9.812 0.0919 0.9958 0.0000
-11.202 1.034 -10.150 0.0919 0.9958 0.0000
-1.046 0.096 -9.562 0.0919 0.9958 0.0000
-11.202 1.034 -9.900 0.0919 0.9958 0.0000
-1.046 0.096 -9.812 -0.0919 -0.9958 -0.0000
-11.202 1.034 -10.150 -0.0919 -0.9958 -0.0000
-1.046 0.096 -9.562 -0.0919 -0.9958 -0.0000
-11.202 1.034 -9.900 -0.0919 -0.9958 -0.0000
0 1 5
0 5 4
8 13 9
8 12 13
1 2 6
1 6 5
9 14 10
9 13 14
2 3 7
2 7 6
10 15 11
10 14 15
16 21 17
16 20 21
24 25 29
24 29 28
17 22 18
17 21 22
25 26 30
25 30 29
18 23 19
18 22 23
26 27 31
26 31 30
32 37 33
32 36 37
40 41 45
40 45 44
33 38 34
33 37 38
41 42 46
41 46 45
34 39 35
34 38 39
42 43 47
42 47 46
48 49 53
48 53 52
56 61 57
56 60 61
49 50 54
49 54 53
57 62 58
57 61 62
50 51 55
50 55 54
58 63 59
58 62 63
64 69 65
64 68 69
72 73 77
72 77 76
65 70 66
65 69 70
73 74 78
73 78 77
66 71 67
66 70 71
74 75 79
74 79 78
80 85 81
80 84 85
88 89 93
88 93 92
81 86 82
81 85 86
89 90 94
89 94 93
82 87 83
82 86 87
90 91 95
90 95 94
96 97 99
96 99 98
100 103 101
100 102 103
LABEL sfoot2_slat_10_1
MATERIAL 7
TEXTURE 0
GEOM 96 72 ;sfoot2_slat_10_1
-1.016 0.266 -9.562 -0.0312 0.0111 0.9995
-0.999 0.324 -9.562 -0.0312 0.0111 0.9995
-0.979 0.380 -9.562 -0.0312 0.0111 0.9995
-0.956 0.435 -9.562 -0.0312 0.0111 0.9995
-10.882 2.855 -9.900 -0.0312 0.0111 0.9995
-10.702 3.468 -9.900 -0.0312 0.0111 0.9995
-10.488 4.071 -9.900 -0.0312 0.0111 0.9995
-10.239 4.660 -9.900 -0.0312 0.0111 0.9995
-1.016 0.266 -9.562 0.0312 -0.0111 -0.9995
-0.999 0.324 -9.562 0.0312 -0.0111 -0.9995
-0.979 0.380 -9.562 0.0312 -0.0111 -0.9995
-0.956 0.435 -9.562 0.0312 -0.0111 -0.9995
-10.882 2.855 -9.900 0.0312 -0.0111 -0.9995
-10.702 3.468 -9.900 0.0312 -0.0111 -0.9995
-10.488 4.071 -9.900 0.0312 -0.0111 -0.9995
-10.239 4.660 -9.900 0.0312 -0.0111 -0.9995
-1.016 0.266 -9.812 0.0312 -0.0111 -0.9995
-0.999 0.324 -9.812 0.0312 -0.0111 -0.9995
-0.979 0.380 -9.812 0.0312 -0.0111 -0.9995
-0.956 0.435 -9.812 0.0312 -0.0111 -0.9995
-10.882 2.855 -10.150 0.0312 -0.0111 -0.9995
-10.702 3.468 -10.150 0.0312 -0.0111 -0.9995
-10.488 4.071 -10.150 0.0312 -0.0111 -0.9995
-10.239 4.660 -10.150 0.0312 -0.0111 -0.9995
-1.016 0.266 -9.812 -0.0312 0.0111 0.9995
-0.999 0.324 -9.812 -0.0312 0.0111 0.9995
-0.979 0.380 -9.812 -0.0312 0.0111 0.9995
-0.956 0.435 -9.812 -0.0312 0.0111 0.9995
-10.882 2.855 -10.150 -0.0312 0.0111 0.9995
-10.702 3.468 -10.150 -0.0312 0.0111 0.9995
-10.488 4.071 -10.150 -0.0312 0.0111 0.9995
-10.239 4.660 -10.150 -0.0312 0.0111 0.9995
-10.882 2.855 -10.150 -0.9421 0.3352 0.0000
-10.702 3.468 -10.150 -0.9421 0.3352 0.0000
-10.488 4.071 -10.150 -0.9421 0.3352 0.0000
-10.239 4.660 -10.150 -0.9421 0.3352 0.0000
-10.882 2.855 -9.900 -0.9421 0.3352 0.0000
-10.702 3.468 -9.900 -0.9421 0.3352 0.0000
-10.488 4.071 -9.900 -0.9421 0.3352 0.0000
-10.239 4.660 -9.900 -0.9421 0.3352 0.0000
-10.882 2.855 -10.150 0.9421 -0.3352 -0.0000
-10.702 3.468 -10.150 0.9421 -0.3352 -0.0000
-10.488 4.071 -10.150 0.9421 -0.3352 -0.0000
-10.239 4.660 -10.150 0.9421 -0.3352 -0.0000
-10.882 2.855 -9.900 0.9421 -0.3352 -0.0000
-10.702 3.468 -9.900 0.9421 -0.3352 -0.0000
-10.488 4.071 -9.900 0.9421 -0.3352 -0.0000
-10.239 4.660 -9.900 0.9421 -0.3352 -0.0000
-1.016 0.266 -9.812 0.9421 -0.3352 -0.0000
-0.999 0.324 -9.812 0.9421 -0.3352 -0.0000
-0.979 0.380 -9.812 0.9421 -0.3352 -0.0000
-0.956 0.435 -9.812 0.9421 -0.3352 -0.0000
-1.016 0.266 -9.562 0.9421 -0.3352 -0.0000
-0.999 0.324 -9.562 0.9421 -0.3352 -0.0000
-0.979 0.380 -9.562 0.9421 -0.3352 -0.0000
-0.956 0.435 -9.562 0.9421 -0.3352 -0.0000
-1.016 0.266 -9.812 -0.9421 0.3352 0.0000
-0.999 0.324 -9.812 -0.9421 0.3352 0.0000
-0.979 0.380 -9.812 -0.9421 0.3352 0.0000
-0.956 0.435 -9.812 -0.9421 0.3352 0.0000
-1.016 0.266 -9.562 -0.9421 0.3352 0.0000
-0.999 0.324 -9.562 -0.9421 0.3352 0.0000
-0.979 0.380 -9.562 -0.9421 0.3352 0.0000
-0.956 0.435 -9.562 -0.9421 0.3352 0.0000
-10.882 2.855 -9.900 -0.9421 0.3352 0.0000
-10.702 3.468 -9.900 -0.9421 0.3352 0.0000
-10.488 4.071 -9.900 -0.9421 0.3352 0.0000
-10.239 4.660 -9.900 -0.9421 0.3352 0.0000
-10.882 2.855 -9.200 -0.9421 0.3352 0.0000
-10.702 3.468 -9.200 -0.9421 0.3352 0.0000
-10.488 4.071 -9.200 -0.9421 0.3352 0.0000
-10.239 4.660 -9.200 -0.9421 0.3352 0.0000
-10.882 2.855 -9.900 0.9421 -0.3352 -0.0000
-10.702 3.468 -9.900 0.9421 -0.3352 -0.0000
-10.488 4.071 -9.900 0.9421 -0.3352 -0.0000
-10.239 4.660 -9.900 0.9421 -0.3352 -0.0000
-10.882 2.855 -9.200 0.9421 -0.3352 -0.0000
-10.702 3.468 -9.200 0.9421 -0.3352 -0.0000
-10.488 4.071 -9.200 0.9421 -0.3352 -0.0000
-10.239 4.660 -9.200 0.9421 -0.3352 -0.0000
-10.882 2.855 -9.200 -0.0000 -0.0000 1.0000
-10.702 3.468 -9.200 -0.0000 -0.0000 1.0000
-10.488 4.071 -9.200 -0.0000 -0.0000 1.0000
-10.239 4.660 -9.200 -0.0000 -0.0000 1.0000
-10.543 2.766 -9.188 -0.0000 -0.0000 1.0000
-10.369 3.360 -9.188 -0.0000 -0.0000 1.0000
-10.161 3.944 -9.188 -0.0000 -0.0000 1.0000
-9.921 4.515 -9.188 -0.0000 -0.0000 1.0000
-10.882 2.855 -9.200 0.0000 0.0000 -1.0000
-10.702 3.468 -9.200 0.0000 0.0000 -1.0000
-10.488 4.071 -9.200 0.0000 0.0000 -1.0000
-10.239 4.660 -9.200 0.0000 0.0000 -1.0000
-10.543 2.766 -9.188 0.0000 0.0000 -1.0000
-10.369 3.360 -9.188 0.0000 0.0000 -1.0000
-10.161 3.944 -9.188 0.0000 0.0000 -1.0000
-9.921 4.515 -9.188 0.0000 0.0000 -1.0000
0 1 5
0 5 4
8 13 9
8 12 13
1 2 6
1 6 5
9 14 10
9 13 14
2 3 7
2 7 6
10 15 11
10 14 15
16 21 17
16 20 21
24 25 29
24 29 28
17 22 18
17 21 22
25 26 30
25 30 29
18 23 19
18 22 23
26 27 31
26 31 30
32 37 33
32 36 37
40 41 45
40 45 44
33 38 34
33 37 38
41 42 46
41 46 45
34 39 35
34 38 39
42 43 47
42 47 46
48 49 53
48 53 52
56 61 57
56 60 61
49 50 54
49 54 53
57 62 58
57 61 62
50 51 55
50 55 54
58 63 59
58 62 63
64 69 65
64 68 69
72 73 77
72 77 76
65 70 66
65 69 70
73 74 78
73 78 77
66 71 67
66 70 71
74 75 79
74 79 78
80 85 81
80 84 85
88 89 93
88 93 92
81 86 82
81 85 86
89 90 94
89 94 93
82 87 83
82 86 87
90 91 95
90 95 94
LABEL sfoot2_slat_10_2
MATERIAL 7
TEXTURE 0
GEOM 104 76 ;sfoot2_slat_10_2
-0.954 0.439 -9.562 -0.0312 0.0111 0.9995
-0.929 0.489 -9.562 -0.0312 0.0111 0.9995
-0.902 0.538 -9.562 -0.0312 0.0111 0.9995
-0.872 0.586 -9.562 -0.0312 0.0111 0.9995
-10.221 4.701 -9.900 -0.0312 0.0111 0.9995
-9.955 5.241 -9.900 -0.0312 0.0111 0.9995
-9.660 5.766 -9.900 -0.0312 0.0111 0.9995
-9.338 6.274 -9.900 -0.0312 0.0111 0.9995
-0.954 0.439 -9.562 0.0312 -0.0111 -0.9995
-0.929 0.489 -9.562 0.0312 -0.0111 -0.9995
-0.902 0.538 -9.562 0.0312 -0.0111 -0.9995
-0.872 0.586 -9.562 0.0312 -0.0111 -0.9995
-10.221 4.701 -9.900 0.0312 -0.0111 -0.9995
-9.955 5.241 -9.900 0.0312 -0.0111 -0.9995
-9.660 5.766 -9.900 0.0312 -0.0111 -0.9995
-9.338 6.274 -9.900 0.0312 -0.0111 -0.9995
-0.954 0.439 -9.812 0.0312 -0.0111 -0.9995
-0.929 0.489 -9.812 0.0312 -0.0111 -0.9995
-0.902 0.538 -9.812 0.0312 -0.0111 -0.9995
-0.872 0.586 -9.812 0.0312 -0.0111 -0.9995
-10.221 4.701 -10.150 0.0312 -0.0111 -0.9995
-9.955 5.241 -10.150 0.0312 -0.0111 -0.9995
-9.660 5.766 -10.150 0.0312 -0.0111 -0.9995
-9.338 6.274 -10.150 0.0312 -0.0111 -0.9995
-0.954 0.439 -9.812 -0.0312 0.0111 0.9995
-0.929 0.489 -9.812 -0.0312 0.0111 0.9995
-0.902 0.538 -9.812 -0.0312 0.0111 0.9995
-0.872 0.586 -9.812 -0.0312 0.0111 0.9995
-10.221 4.701 -10.150 -0.0312 0.0111 0.9995
-9.955 5.241 -10.150 -0.0312 0.0111 0.9995
-9.660 5.766 -10.150 -0.0312 0.0111 0.9995
-9.338 6.274 -10.150 -0.0312 0.0111 0.9995
-10.221 4.701 -10.150 -0.8721 0.4894 0.0000
-9.955 5.241 -10.150 -0.8721 0.4894 0.0000
-9.660 5.766 -10.150 -0.8721 0.4894 0.0000
-9.338 6.274 -10.150 -0.8721 0.4894 0.0000
-10.221 4.701 -9.900 -0.8721 0.4894 0.0000
-9.955 5.241 -9.900 -0.8721 0.4894 0.0000
-9.660 5.766 -9.900 -0.8721 0.4894 0.0000
-9.338 6.274 -9.900 -0.8721 0.4894 0.0000
-10.221 4.701 -10.150 0.8721 -0.4894 -0.0000
-9.955 5.241 -10.150 0.8721 -0.4894 -0.0000
-9.660 5.766 -10.150 0.8721 -0.4894 -0.0000
-9.338 6.274 -10.150 0.8721 -0.4894 -0.0000
-10.221 4.701 -9.900 0.8721 -0.4894 -0.0000
-9.955 5.241 -9.900 0.8721 -0.4894 -0.0000
-9.660 5.766 -9.900 0.8721 -0.4894 -0.0000
-9.338 6.274 -9.900 0.8721 -0.4894 -0.0000
-0.954 0.439 -9.812 0.8721 -0.4894 -0.0000
-0.929 0.489 -9.812 0.8721 -0.4894 -0.0000
-0.902 0.538 -9.812 0.8721 -0.4894 -0.0000
-0.872 0.586 -9.812 0.8721 -0.4894 -0.0000
-0.954 0.439 -9.562 0.8721 -0.4894 -0.0000
-0.929 0.489 -9.562 0.8721 -0.4894 -0.0000
-0.902 0.538 -9.562 0.8721 -0.4894 -0.0000
-0.872 0.586 -9.562 0.8721 -0.4894 -0.0000
-0.954 0.439 -9.812 -0.8721 0.4894 0.0000
-0.929 0.489 -9.812 -0.8721 0.4894 0.0000
-0.902 0.538 -9.812 -0.8721 0.4894 0.0000
-0.872 0.586 -9.812 -0.8721 0.4894 0.0000
-0.954 0.439 -9.562 -0.8721 0.4894 0.0000
-0.929 0.489 -9.562 -0.8721 0.4894 0.0000
-0.902 0.538 -9.562 -0.8721 0.4894 0.0000
-0.872 0.586 -9.562 -0.8721 0.4894 0.0000
-10.221 4.701 -9.900 -0.8721 0.4894 0.0000
-9.955 5.241 -9.900 -0.8721 0.4894 0.0000
-9.660 5.766 -9.900 -0.8721 0.4894 0.0000
-9.338 6.274 -9.900 -0.8721 0.4894 0.0000
-10.221 4.701 -9.200 -0.8721 0.4894 0.0000
-9.955 5.241 -9.200 -0.8721 0.4894 0.0000
-9.660 5.766 -9.200 -0.8721 0.4894 0.0000
-9.338 6.274 -9.200 -0.8721 0.4894 0.0000
-10.221 4.701 -9.900 0.8721 -0.4894 -0.0000
-9.955 5.241 -9.900 0.8721 -0.4894 -0.0000
-9.660 5.766 -9.900 0.8721 -0.4894 -0.0000
-9.338 6.274 -9.900 0.8721 -0.4894 -0.0000
-10.221 4.701 -9.200 0.8721 -0.4894 -0.0000
-9.955 5.241 -9.200 0.8721 -0.4894 -0.0000
-9.660 5.766 -9.200 0.8721 -0.4894 -0.0000
-9.338 6.274 -9.200 0.8721 -0.4894 -0.0000
-10.221 4.701 -9.200 -0.0000 -0.0000 1.0000
-9.955 5.241 -9.200 -0.0000 -0.0000 1.0000
-9.660 5.766 -9.200 -0.0000 -0.0000 1.0000
-9.338 6.274 -9.200 -0.0000 -0.0000 1.0000
-9.903 4.555 -9.188 -0.0000 -0.0000 1.0000
-9.645 5.078 -9.188 -0.0000 -0.0000 1.0000
-9.360 5.586 -9.188 -0.0000 -0.0000 1.0000
-9.047 6.079 -9.188 -0.0000 -0.0000 1.0000
-10.221 4.701 -9.200 0.0000 0.0000 -1.0000
-9.955 5.241 -9.200 0.0000 0.0000 -1.0000
-9.660 5.766 -9.200 0.0000 0.0000 -1.0000
-9.338 6.274 -9.200 0.0000 0.0000 -1.0000
-9.903 4.555 -9.188 0.0000 0.0000 -1.0000
-9.645 5.078 -9.188 0.0000 0.0000 -1.0000
-9.360 5.586 -9.188 0.0000 0.0000 -1.0000
-9.047 6.079 -9.188 0.0000 0.0000 -1.0000
-0.872 0.586 -9.812 0.5577 0.8300 0.0000
-9.338 6.274 -10.150 0.5577 0.8300 0.0000
-0.872 0.586 -9.562 0.5577 0.8300 0.0000
-9.338 6.274 -9.900 0.5577 0.8300 0.0000
-0.872 0.586 -9.812 -0.5577 -0.8300 -0.0000
-9.338 6.274 -10.150 -0.5577 -0.8300 -0.0000
-0.872 0.586 -9.562 -0.5577 -0.8300 -0.0000
-9.338 6.274 -9.900 -0.5577 -0.8300 -0.0000
0 1 5
0 5 4
8 13 9
8 12 13
1 2 6
1 6 5
9 14 10
9 13 14
2 3 7
2 7 6
10 15 11
10 14 15
16 21 17
16 20 21
24 25 29
24 29 28
17 22 18
17 21 22
25 26 30
25 30 29
18 23 19
18 22 23
26 27 31
26 31 30
32 37 33
32 36 37
40 41 45
40 45 44
33 38 34
33 37 38
41 42 46
41 46 45
34 39 35
34 38 39
42 43 47
42 47 46
48 49 53
48 53 52
56 61 57
56 60 61
49 50 54
49 54 53
57 62 58
57 61 62
50 51 55
50 55 54
58 63 59
58 62 63
64 69 65
64 68 69
72 73 77
72 77 76
65 70 66
65 69 70
73 74 78
73 78 77
66 71 67
66 70 71
74 75 79
74 79 78
80 85 81
80 84 85
88 89 93
88 93 92
81 86 82
81 85 86
89 90 94
89 94 93
82 87 83
82 86 87
90 91 95
90 95 94
96 97 99
96 99 98
100 103 101
100 102 103
LABEL sfoot2_strut_10
MATERIAL 9
TEXTURE 0
GEOM 50 48 ;sfoot2_strut_10
-0.811 0.385 -6.069 0.5446 0.0000 -0.8387
-0.908 0.146 -6.052 0.3517 -0.4791 -0.8042
-1.051 -0.029 -5.927 0.0646 -0.8299 -0.5542
-1.203 -0.094 -5.728 -0.2398 -0.9582 -0.1557
-1.323 -0.029 -5.508 -0.4800 -0.8299 0.2845
-1.379 0.146 -5.326 -0.5915 -0.4791 0.6485
-1.356 0.385 -5.231 -0.5446 -0.0000 0.8387
-1.259 0.625 -5.248 -0.3517 0.4791 0.8042
-1.116 0.800 -5.373 -0.0646 0.8299 0.5542
-0.964 0.865 -5.572 0.2398 0.9582 0.1557
-0.843 0.800 -5.792 0.4800 0.8299 -0.2845
-0.788 0.625 -5.974 0.5915 0.4791 -0.6485
-4.116 1.561 -8.215 0.5446 0.0000 -0.8387
-4.212 1.322 -8.198 0.3517 -0.4791 -0.8042
-4.356 1.146 -8.073 0.0646 -0.8299 -0.5542
-4.508 1.082 -7.874 -0.2398 -0.9582 -0.1557
-4.628 1.146 -7.654 -0.4800 -0.8299 0.2845
-4.684 1.322 -7.472 -0.5915 -0.4791 0.6485
-4.660 1.561 -7.376 -0.5446 -0.0000 0.8387
-4.564 1.801 -7.394 -0.3517 0.4791 0.8042
-4.420 1.976 -7.519 -0.0646 0.8299 0.5542
-4.268 2.040 -7.718 0.2398 0.9582 0.1557
-4.148 1.976 -7.938 0.4800 0.8299 -0.2845
-4.092 1.801 -8.120 0.5915 0.4791 -0.6485
-1.083 0.385 -5.650 0.8037 -0.2859 0.5219
-0.811 0.385 -6.069 0.8037 -0.2859 0.5219
-0.908 0.146 -6.052 0.8037 -0.2859 0.5219
-1.051 -0.029 -5.927 0.8037 -0.2859 0.5219
-1.203 -0.094 -5.728 0.8037 -0.2859 0.5219
-1.323 -0.029 -5.508 0.8037 -0.2859 0.5219
-1.379 0.146 -5.326 0.8037 -0.2859 0.5219
-1.356 0.385 -5.231 0.8037 -0.2859 0.5219
-1.259 0.625 -5.248 0.8037 -0.2859 0.5219
-1.116 0.800 -5.373 0.8037 -0.2859 0.5219
-0.964 0.865 -5.572 0.8037 -0.2859 0.5219
-0.843 0.800 -5.792 0.8037 -0.2859 0.5219
-0.788 0.625 -5.974 0.8037 -0.2859 0.5219
-4.388 1.561 -7.796 -0.8037 0.2859 -0.5219
-4.116 1.561 -8.215 -0.8037 0.2859 -0.5219
-4.212 1.322 -8.198 -0.8037 0.2859 -0.5219
-4.356 1.146 -8.073 -0.8037 0.2859 -0.5219
-4.508 1.082 -7.874 -0.8037 0.2859 -0.5219
-4.628 1.146 -7.654 -0.8037 0.2859 -0.5219
-4.684 1.322 -7.472 -0.8037 0.2859 -0.5219
-4.660 1.561 -7.376 -0.8037 0.2859 -0.5219
-4.564 1.801 -7.394 -0.8037 0.2859 -0.5219
-4.420 1.976 -7.519 -0.8037 0.2859 -0.5219
-4.268 2.040 -7.718 -0.8037 0.2859 -0.5219
-4.148 1.976 -7.938 -0.8037 0.2859 -0.5219
-4.092 1.801 -8.120 -0.8037 0.2859 -0.5219
0 1 13
0 13 12
1 2 14
1 14 13
2 3 15
2 15 14
3 4 16
3 16 15
4 5 17
4 17 16
5 6 18
5 18 17
6 7 19
6 19 18
7 8 20
7 20 19
8 9 21
8 21 20
9 10 22
9 22 21
10 11 23
10 23 22
11 0 12
11 12 23
24 26 25
24 27 26
24 28 27
24 29 28
24 30 29
24 31 30
24 32 31
24 33 32
24 34 33
24 35 34
24 36 35
24 25 36
37 38 39
37 39 40
37 40 41
37 41 42
37 42 43
37 43 44
37 44 45
37 45 46
37 46 47
37 47 48
37 48 49
37 49 38
LABEL sfoot2_rod_10
MATERIAL 7
TEXTURE 0
GEOM 42 40 ;sfoot2_rod_10
-3.770 1.390 -7.692 0.5446 0.0000 -0.8387
-3.831 1.249 -7.675 0.2996 -0.5632 -0.7701
-3.921 1.162 -7.585 -0.0598 -0.9113 -0.4073
-4.005 1.162 -7.455 -0.3964 -0.9113 0.1111
-4.051 1.249 -7.336 -0.5816 -0.5632 0.5870
-4.042 1.390 -7.273 -0.5446 -0.0000 0.8387
-3.981 1.530 -7.290 -0.2996 0.5632 0.7701
-3.891 1.618 -7.381 0.0598 0.9113 0.4073
-3.807 1.618 -7.510 0.3964 0.9113 -0.1111
-3.760 1.530 -7.629 0.5816 0.5632 -0.5870
-6.956 2.523 -9.761 0.5446 0.0000 -0.8387
-7.017 2.382 -9.744 0.2996 -0.5632 -0.7701
-7.107 2.295 -9.653 -0.0598 -0.9113 -0.4073
-7.191 2.295 -9.524 -0.3964 -0.9113 0.1111
-7.237 2.382 -9.405 -0.5816 -0.5632 0.5870
-7.228 2.523 -9.342 -0.5446 -0.0000 0.8387
-7.167 2.664 -9.359 -0.2996 0.5632 0.7701
-7.077 2.751 -9.450 0.0598 0.9113 0.4073
-6.993 2.751 -9.579 0.3964 0.9113 -0.1111
-6.946 2.664 -9.698 0.5816 0.5632 -0.5870
-3.906 1.390 -7.483 0.8037 -0.2859 0.5219
-3.770 1.390 -7.692 0.8037 -0.2859 0.5219
-3.831 1.249 -7.675 0.8037 -0.2859 0.5219
-3.921 1.162 -7.585 0.8037 -0.2859 0.5219
-4.005 1.162 -7.455 0.8037 -0.2859 0.5219
-4.051 1.249 -7.336 0.8037 -0.2859 0.5219
-4.042 1.390 -7.273 0.8037 -0.2859 0.5219
-3.981 1.530 -7.290 0.8037 -0.2859 0.5219
-3.891 1.618 -7.381 0.8037 -0.2859 0.5219
-3.807 1.618 -7.510 0.8037 -0.2859 0.5219
-3.760 1.530 -7.629 0.8037 -0.2859 0.5219
-7.092 2.523 -9.551 -0.8037 0.2859 -0.5219
-6.956 2.523 -9.761 -0.8037 0.2859 -0.5219
-7.017 2.382 -9.744 -0.8037 0.2859 -0.5219
-7.107 2.295 -9.653 -0.8037 0.2859 -0.5219
-7.191 2.295 -9.524 -0.8037 0.2859 -0.5219
-7.237 2.382 -9.405 -0.8037 0.2859 -0.5219
-7.228 2.523 -9.342 -0.8037 0.2859 -0.5219
-7.167 2.664 -9.359 -0.8037 0.2859 -0.5219
-7.077 2.751 -9.450 -0.8037 0.2859 -0.5219
-6.993 2.751 -9.579 -0.8037 0.2859 -0.5219
-6.946 2.664 -9.698 -0.8037 0.2859 -0.5219
0 1 11
0 11 10
1 2 12
1 12 11
2 3 13
2 13 12
3 4 14
3 14 13
4 5 15
4 15 14
5 6 16
5 16 15
6 7 17
6 17 16
7 8 18
7 18 17
8 9 19
8 19 18
9 0 10
9 10 19
20 22 21
20 23 22
20 24 23
20 25 24
20 26 25
20 27 26
20 28 27
20 29 28
20 30 29
20 21 30
31 32 33
31 33 34
31 34 35
31 35 36
31 36 37
31 37 38
31 38 39
31 39 40
31 40 41
31 41 32
LABEL sfoot2_skirt_10_0
MATERIAL 7
TEXTURE 0
GEOM 16 12 ;sfoot2_skirt_10_0
-11.202 1.034 -11.050 -0.9852 0.1714 0.0000
-11.131 1.632 -11.050 -0.9852 0.1714 0.0000
-11.028 2.225 -11.050 -0.9852 0.1714 0.0000
-10.893 2.811 -11.050 -0.9852 0.1714 0.0000
-11.202 1.034 -10.150 -0.9852 0.1714 0.0000
-11.131 1.632 -10.150 -0.9852 0.1714 0.0000
-11.028 2.225 -10.150 -0.9852 0.1714 0.0000
-10.893 2.811 -10.150 -0.9852 0.1714 0.0000
-11.202 1.034 -11.050 0.9852 -0.1714 -0.0000
-11.131 1.632 -11.050 0.9852 -0.1714 -0.0000
-11.028 2.225 -11.050 0.9852 -0.1714 -0.0000
-10.893 2.811 -11.050 0.9852 -0.1714 -0.0000
-11.202 1.034 -10.150 0.9852 -0.1714 -0.0000
-11.131 1.632 -10.150 0.9852 -0.1714 -0.0000
-11.028 2.225 -10.150 0.9852 -0.1714 -0.0000
-10.893 2.811 -10.150 0.9852 -0.1714 -0.0000
0 5 1
0 4 5
8 9 13
8 13 12
1 6 2
1 5 6
9 10 14
9 14 13
2 7 3
2 6 7
10 11 15
10 15 14
LABEL sfoot2_skirt_10_1
MATERIAL 7
TEXTURE 0
GEOM 16 12 ;sfoot2_skirt_10_1
-10.882 2.855 -11.050 -0.9421 0.3352 0.0000
-10.702 3.468 -11.050 -0.9421 0.3352 0.0000
-10.488 4.071 -11.050 -0.9421 0.3352 0.0000
-10.239 4.660 -11.050 -0.9421 0.3352 0.0000
-10.882 2.855 -10.150 -0.9421 0.3352 0.0000
-10.702 3.468 -10.150 -0.9421 0.3352 0.0000
-10.488 4.071 -10.150 -0.9421 0.3352 0.0000
-10.239 4.660 -10.150 -0.9421 0.3352 0.0000
-10.882 2.855 -11.050 0.9421 -0.3352 -0.0000
-10.702 3.468 -11.050 0.9421 -0.3352 -0.0000
-10.488 4.071 -11.050 0.9421 -0.3352 -0.0000
-10.239 4.660 -11.050 0.9421 -0.3352 -0.0000
-10.882 2.855 -10.150 0.9421 -0.3352 -0.0000
-10.702 3.468 -10.150 0.9421 -0.3352 -0.0000
-10.488 4.071 -10.150 0.9421 -0.3352 -0.0000
-10.239 4.660 -10.150 0.9421 -0.3352 -0.0000
0 5 1
0 4 5
8 9 13
8 13 12
1 6 2
1 5 6
9 10 14
9 14 13
2 7 3
2 6 7
10 11 15
10 15 14
LABEL sfoot2_skirt_10_2
MATERIAL 7
TEXTURE 0
GEOM 16 12 ;sfoot2_skirt_10_2
-10.221 4.701 -11.050 -0.8721 0.4894 0.0000
-9.955 5.241 -11.050 -0.8721 0.4894 0.0000
-9.660 5.766 -11.050 -0.8721 0.4894 0.0000
-9.338 6.274 -11.050 -0.8721 0.4894 0.0000
-10.221 4.701 -10.150 -0.8721 0.4894 0.0000
-9.955 5.241 -10.150 -0.8721 0.4894 0.0000
-9.660 5.766 -10.150 -0.8721 0.4894 0.0000
-9.338 6.274 -10.150 -0.8721 0.4894 0.0000
-10.221 4.701 -11.050 0.8721 -0.4894 -0.0000
-9.955 5.241 -11.050 0.8721 -0.4894 -0.0000
-9.660 5.766 -11.050 0.8721 -0.4894 -0.0000
-9.338 6.274 -11.050 0.8721 -0.4894 -0.0000
-10.221 4.701 -10.150 0.8721 -0.4894 -0.0000
-9.955 5.241 -10.150 0.8721 -0.4894 -0.0000
-9.660 5.766 -10.150 0.8721 -0.4894 -0.0000
-9.338 6.274 -10.150 0.8721 -0.4894 -0.0000
0 5 1
0 4 5
8 9 13
8 13 12
1 6 2
1 5 6
9 10 14
9 14 13
2 7 3
2 6 7
10 11 15
10 15 14
LABEL sfoot2_petal_11
MATERIAL 7
TEXTURE 0
GEOM 66 52 ;sfoot2_petal_11
-0.855 0.465 -9.557 0.6480 -0.7610 0.0332
-0.322 0.918 -9.557 0.6480 -0.7610 0.0332
-0.332 0.930 -9.107 0.6480 -0.7610 0.0332
-0.865 0.476 -9.107 0.6480 -0.7610 0.0332
-7.306 8.040 -9.887 -0.6480 0.7610 -0.0332
-6.773 8.494 -9.887 -0.6480 0.7610 -0.0332
-6.783 8.505 -9.437 -0.6480 0.7610 -0.0332
-7.316 8.052 -9.437 -0.6480 0.7610 -0.0332
-0.855 0.465 -9.557 -0.7614 -0.6483 -0.0000
-7.306 8.040 -9.887 -0.7614 -0.6483 -0.0000
-7.316 8.052 -9.437 -0.7614 -0.6483 -0.0000
-0.865 0.476 -9.107 -0.7614 -0.6483 -0.0000
-0.322 0.918 -9.557 0.7614 0.6483 0.0000
-6.773 8.494 -9.887 0.7614 0.6483 0.0000
-6.783 8.505 -9.437 0.7614 0.6483 0.0000
-0.332 0.930 -9.107 0.7614 0.6483 0.0000
-0.855 0.465 -9.557 0.0215 -0.0252 -0.9995
-7.306 8.040 -9.887 0.0215 -0.0252 -0.9995
-6.773 8.494 -9.887 0.0215 -0.0252 -0.9995
-0.322 0.918 -9.557 0.0215 -0.0252 -0.9995
-0.865 0.476 -9.107 -0.0215 0.0252 0.9995
-7.316 8.052 -9.437 -0.0215 0.0252 0.9995
-6.783 8.505 -9.437 -0.0215 0.0252 0.9995
-0.332 0.930 -9.107 -0.0215 0.0252 0.9995
-0.796 0.241 -9.300 0.0000 0.0000 1.0000
-0.682 0.107 -9.357 0.3811 -0.4475 0.8090
-0.611 0.024 -9.507 0.6166 -0.7241 0.3090
-0.611 0.024 -9.693 0.6166 -0.7241 -0.3090
-0.682 0.107 -9.843 0.3811 -0.4475 -0.8090
-0.796 0.241 -9.900 0.0000 -0.0000 -1.0000
-0.911 0.375 -9.843 -0.3811 0.4475 -0.8090
-0.981 0.458 -9.693 -0.6166 0.7241 -0.3090
-0.981 0.458 -9.507 -0.6166 0.7241 0.3090
-0.911 0.375 -9.357 -0.3811 0.4475 0.8090
-0.111 0.825 -9.300 0.0000 0.0000 1.0000
0.003 0.690 -9.357 0.3811 -0.4475 0.8090
0.074 0.607 -9.507 0.6166 -0.7241 0.3090
0.074 0.607 -9.693 0.6166 -0.7241 -0.3090
0.003 0.690 -9.843 0.3811 -0.4475 -0.8090
-0.111 0.825 -9.900 0.0000 -0.0000 -1.0000
-0.226 0.959 -9.843 -0.3811 0.4475 -0.8090
-0.296 1.042 -9.693 -0.6166 0.7241 -0.3090
-0.296 1.042 -9.507 -0.6166 0.7241 0.3090
-0.226 0.959 -9.357 -0.3811 0.4475 0.8090
-0.796 0.241 -9.600 -0.7614 -0.6483 -0.0000
-0.796 0.241 -9.300 -0.7614 -0.6483 -0.0000
-0.682 0.107 -9.357 -0.7614 -0.6483 -0.0000
-0.611 0.024 -9.507 -0.7614 -0.6483 -0.0000
-0.611 0.024 -9.693 -0.7614 -0.6483 -0.0000
-0.682 0.107 -9.843 -0.7614 -0.6483 -0.0000
-0.796 0.241 -9.900 -0.7614 -0.6483 -0.0000
-0.911 0.375 -9.843 -0.7614 -0.6483 -0.0000
-0.981 0.458 -9.693 -0.7614 -0.6483 -0.0000
-0.981 0.458 -9.507 -0.7614 -0.6483 -0.0000
-0.911 0.375 -9.357 -0.7614 -0.6483 -0.0000
-0.111 0.825 -9.600 0.7614 0.6483 0.0000
-0.111 0.825 -9.300 0.7614 0.6483 0.0000
0.003 0.690 -9.357 0.7614 0.6483 0.0000
0.074 0.607 -9.507 0.7614 0.6483 0.0000
0.074 0.607 -9.693 0.7614 0.6483 0.0000
0.003 0.690 -9.843 0.7614 0.6483 0.0000
-0.111 0.825 -9.900 0.7614 0.6483 0.0000
-0.226 0.959 -9.843 0.7614 0.6483 0.0000
-0.296 1.042 -9.693 0.7614 0.6483 0.0000
-0.296 1.042 -9.507 0.7614 0.6483 0.0000
-0.226 0.959 -9.357 0.7614 0.6483 0.0000
0 1 2
0 2 3
4 6 5
4 7 6
8 10 9
8 11 10
12 13 14
12 14 15
16 17 18
16 18 19
20 22 21
20 23 22
24 25 35
24 35 34
25 26 36
25 36 35
26 27 37
26 37 36
27 28 38
27 38 37
28 29 39
28 39 38
29 30 40
29 40 39
30 31 41
30 41 40
31 32 42
31 42 41
32 33 43
32 43 42
33 24 34
33 34 43
44 46 45
44 47 46
44 48 47
44 49 48
44 50 49
44 51 50
44 52 51
44 53 52
44 54 53
44 45 54
55 56 57
55 57 58
55 58 59
55 59 60
55 60 61
55 61 62
55 62 63
55 63 64
55 64 65
55 65 56
LABEL sfoot2_slat_11_0
MATERIAL 7
TEXTURE 0
GEOM 104 76 ;sfoot2_slat_11_0
-0.857 0.606 -9.562 -0.0215 0.0252 0.9995
-0.824 0.651 -9.562 -0.0215 0.0252 0.9995
-0.788 0.694 -9.562 -0.0215 0.0252 0.9995
-0.749 0.736 -9.562 -0.0215 0.0252 0.9995
-9.185 6.497 -9.900 -0.0215 0.0252 0.9995
-8.824 6.978 -9.900 -0.0215 0.0252 0.9995
-8.438 7.440 -9.900 -0.0215 0.0252 0.9995
-8.028 7.881 -9.900 -0.0215 0.0252 0.9995
-0.857 0.606 -9.562 0.0215 -0.0252 -0.9995
-0.824 0.651 -9.562 0.0215 -0.0252 -0.9995
-0.788 0.694 -9.562 0.0215 -0.0252 -0.9995
-0.749 0.736 -9.562 0.0215 -0.0252 -0.9995
-9.185 6.497 -9.900 0.0215 -0.0252 -0.9995
-8.824 6.978 -9.900 0.0215 -0.0252 -0.9995
-8.438 7.440 -9.900 0.0215 -0.0252 -0.9995
-8.028 7.881 -9.900 0.0215 -0.0252 -0.9995
-0.857 0.606 -9.812 0.0215 -0.0252 -0.9995
-0.824 0.651 -9.812 0.0215 -0.0252 -0.9995
-0.788 0.694 -9.812 0.0215 -0.0252 -0.9995
-0.749 0.736 -9.812 0.0215 -0.0252 -0.9995
-9.185 6.497 -10.150 0.0215 -0.0252 -0.9995
-8.824 6.978 -10.150 0.0215 -0.0252 -0.9995
-8.438 7.440 -10.150 0.0215 -0.0252 -0.9995
-8.028 7.881 -10.150 0.0215 -0.0252 -0.9995
-0.857 0.606 -9.812 -0.0215 0.0252 0.9995
-0.824 0.651 -9.812 -0.0215 0.0252 0.9995
-0.788 0.694 -9.812 -0.0215 0.0252 0.9995
-0.749 0.736 -9.812 -0.0215 0.0252 0.9995
-9.185 6.497 -10.150 -0.0215 0.0252 0.9995
-8.824 6.978 -10.150 -0.0215 0.0252 0.9995
-8.438 7.440 -10.150 -0.0215 0.0252 0.9995
-8.028 7.881 -10.150 -0.0215 0.0252 0.9995
-9.185 6.497 -10.150 -0.7675 0.6411 0.0000
-8.824 6.978 -10.150 -0.7675 0.6411 0.0000
-8.438 7.440 -10.150 -0.7675 0.6411 0.0000
-8.028 7.881 -10.150 -0.7675 0.6411 0.0000
-9.185 6.497 -9.900 -0.7675 0.6411 0.0000
-8.824 6.978 -9.900 -0.7675 0.6411 0.0000
-8.438 7.440 -9.900 -0.7675 0.6411 0.0000
-8.028 7.881 -9.900 -0.7675 0.6411 0.0000
-9.185 6.497 -10.150 0.7675 -0.6411 -0.0000
-8.824 6.978 -10.150 0.7675 -0.6411 -0.0000
-8.438 7.440 -10.150 0.7675 -0.6411 -0.0000
-8.028 7.881 -10.150 0.7675 -0.6411 -0.0000
-9.185 6.497 -9.900 0.7675 -0.6411 -0.0000
-8.824 6.978 -9.900 0.7675 -0.6411 -0.0000
-8.438 7.440 -9.900 0.7675 -0.6411 -0.0000
-8.028 7.881 -9.900 0.7675 -0.6411 -0.0000
-0.857 0.606 -9.812 0.7675 -0.6411 -0.0000
-0.824 0.651 -9.812 0.7675 -0.6411 -0.0000
-0.788 0.694 -9.812 0.7675 -0.6411 -0.0000
-0.749 0.736 -9.812 0.7675 -0.6411 -0.0000
-0.857 0.606 -9.562 0.7675 -0.6411 -0.0000
-0.824 0.651 -9.562 0.7675 -0.6411 -0.0000
-0.788 0.694 -9.562 0.7675 -0.6411 -0.0000
-0.749 0.736 -9.562 0.7675 -0.6411 -0.0000
-0.857 0.606 -9.812 -0.7675 0.6411 0.0000
-0.824 0.651 -9.812 -0.7675 0.6411 0.0000
-0.788 0.694 -9.812 -0.7675 0.6411 0.0000
-0.749 0.736 -9.812 -0.7675 0.6411 0.0000
-0.857 0.606 -9.562 -0.7675 0.6411 0.0000
-0.824 0.651 -9.562 -0.7675 0.6411 0.0000
-0.788 0.694 -9.562 -0.7675 0.6411 0.0000
-0.749 0.736 -9.562 -0.7675 0.6411 0.0000
-9.185 6.497 -9.900 -0.7675 0.6411 0.0000
-8.824 6.978 -9.900 -0.7675 0.6411 0.0000
-8.438 7.440 -9.900 -0.7675 0.6411 0.0000
-8.028 7.881 -9.900 -0.7675 0.6411 0.0000
-9.185 6.497 -9.200 -0.7675 0.6411 0.0000
-8.824 6.978 -9.200 -0.7675 0.6411 0.0000
-8.438 7.440 -9.200 -0.7675 0.6411 0.0000
-8.028 7.881 -9.200 -0.7675 0.6411 0.0000
-9.185 6.497 -9.900 0.7675 -0.6411 -0.0000
-8.824 6.978 -9.900 0.7675 -0.6411 -0.0000
-8.438 7.440 -9.900 0.7675 -0.6411 -0.0000
-8.028 7.881 -9.900 0.7675 -0.6411 -0.0000
-9.185 6.497 -9.200 0.7675 -0.6411 -0.0000
-8.824 6.978 -9.200 0.7675 -0.6411 -0.0000
-8.438 7.440 -9.200 0.7675 -0.6411 -0.0000
-8.028 7.881 -9.200 0.7675 -0.6411 -0.0000
-9.185 6.497 -9.200 -0.0000 -0.0000 1.0000
-8.824 6.978 -9.200 -0.0000 -0.0000 1.0000
-8.438 7.440 -9.200 -0.0000 -0.0000 1.0000
-8.028 7.881 -9.200 -0.0000 -0.0000 1.0000
-8.899 6.294 -9.188 -0.0000 -0.0000 1.0000
-8.550 6.761 -9.188 -0.0000 -0.0000 1.0000
-8.176 7.209 -9.188 -0.0000 -0.0000 1.0000
-7.778 7.636 -9.188 -0.0000 -0.0000 1.0000
-9.185 6.497 -9.200 0.0000 0.0000 -1.0000
-8.824 6.978 -9.200 0.0000 0.0000 -1.0000
-8.438 7.440 -9.200 0.0000 0.0000 -1.0000
-8.028 7.881 -9.200 0.0000 0.0000 -1.0000
-8.899 6.294 -9.188 0.0000 0.0000 -1.0000
-8.550 6.761 -9.188 0.0000 0.0000 -1.0000
-8.176 7.209 -9.188 0.0000 0.0000 -1.0000
-7.778 7.636 -9.188 0.0000 0.0000 -1.0000
-0.857 0.606 -9.812 0.5775 0.8164 0.0000
-9.185 6.497 -10.150 0.5775 0.8164 0.0000
-0.857 0.606 -9.562 0.5775 0.8164 0.0000
-9.185 6.497 -9.900 0.5775 0.8164 0.0000
-0.857 0.606 -9.812 -0.5775 -0.8164 -0.0000
-9.185 6.497 -10.150 -0.5775 -0.8164 -0.0000
-0.857 0.606 -9.562 -0.5775 -0.8164 -0.0000
-9.185 6.497 -9.900 -0.5775 -0.8164 -0.0000
0 1 5
0 5 4
8 13 9
8 12 13
1 2 6
1 6 5
9 14 10
9 13 14
2 3 7
2 7 6
10 15 11
10 14 15
16 21 17
16 20 21
24 25 29
24 29 28
17 22 18
17 21 22
25 26 30
25 30 29
18 23 19
18 22 23
26 27 31
26 31 30
32 37 33
32 36 37
40 41 45
40 45 44
33 38 34
33 37 38
41 42 46
41 46 45
34 39 35
34 38 39
42 43 47
42 47 46
48 49 53
48 53 52
56 61 57
56 60 61
49 50 54
49 54 53
57 62 58
57 61 62
50 51 55
50 55 54
58 63 59
58 62 63
64 69 65
64 68 69
72 73 77
72 77 76
65 70 66
65 69 70
73 74 78
73 78 77
66 71 67
66 70 71
74 75 79
74 79 78
80 85 81
80 84 85
88 89 93
88 93 92
81 86 82
81 85 86
89 90 94
89 94 93
82 87 83
82 86 87
90 91 95
90 95 94
96 97 99
96 99 98
100 103 101
100 102 103
LABEL sfoot2_slat_11_1
MATERIAL 7
TEXTURE 0
GEOM 96 72 ;sfoot2_slat_11_1
-0.746 0.739 -9.562 -0.0215 0.0252 0.9995
-0.703 0.780 -9.562 -0.0215 0.0252 0.9995
-0.658 0.818 -9.562 -0.0215 0.0252 0.9995
-0.610 0.855 -9.562 -0.0215 0.0252 0.9995
-7.997 7.913 -9.900 -0.0215 0.0252 0.9995
-7.534 8.355 -9.900 -0.0215 0.0252 0.9995
-7.047 8.769 -9.900 -0.0215 0.0252 0.9995
-6.538 9.155 -9.900 -0.0215 0.0252 0.9995
-0.746 0.739 -9.562 0.0215 -0.0252 -0.9995
-0.703 0.780 -9.562 0.0215 -0.0252 -0.9995
-0.658 0.818 -9.562 0.0215 -0.0252 -0.9995
-0.610 0.855 -9.562 0.0215 -0.0252 -0.9995
-7.997 7.913 -9.900 0.0215 -0.0252 -0.9995
-7.534 8.355 -9.900 0.0215 -0.0252 -0.9995
-7.047 8.769 -9.900 0.0215 -0.0252 -0.9995
-6.538 9.155 -9.900 0.0215 -0.0252 -0.9995
-0.746 0.739 -9.812 0.0215 -0.0252 -0.9995
-0.703 0.780 -9.812 0.0215 -0.0252 -0.9995
-0.658 0.818 -9.812 0.0215 -0.0252 -0.9995
-0.610 0.855 -9.812 0.0215 -0.0252 -0.9995
-7.997 7.913 -10.150 0.0215 -0.0252 -0.9995
-7.534 8.355 -10.150 0.0215 -0.0252 -0.9995
-7.047 8.769 -10.150 0.0215 -0.0252 -0.9995
-6.538 9.155 -10.150 0.0215 -0.0252 -0.9995
-0.746 0.739 -9.812 -0.0215 0.0252 0.9995
-0.703 0.780 -9.812 -0.0215 0.0252 0.9995
-0.658 0.818 -9.812 -0.0215 0.0252 0.9995
-0.610 0.855 -9.812 -0.0215 0.0252 0.9995
-7.997 7.913 -10.150 -0.0215 0.0252 0.9995
-7.534 8.355 -10.150 -0.0215 0.0252 0.9995
-7.047 8.769 -10.150 -0.0215 0.0252 0.9995
-6.538 9.155 -10.150 -0.0215 0.0252 0.9995
-7.997 7.913 -10.150 -0.6483 0.7614 0.0000
-7.534 8.355 -10.150 -0.6483 0.7614 0.0000
-7.047 8.769 -10.150 -0.6483 0.7614 0.0000
-6.538 9.155 -10.150 -0.6483 0.7614 0.0000
-7.997 7.913 -9.900 -0.6483 0.7614 0.0000
-7.534 8.355 -9.900 -0.6483 0.7614 0.0000
-7.047 8.769 -9.900 -0.6483 0.7614 0.0000
-6.538 9.155 -9.900 -0.6483 0.7614 0.0000
-7.997 7.913 -10.150 0.6483 -0.7614 -0.0000
-7.534 8.355 -10.150 0.6483 -0.7614 -0.0000
-7.047 8.769 -10.150 0.6483 -0.7614 -0.0000
-6.538 9.155 -10.150 0.6483 -0.7614 -0.0000
-7.997 7.913 -9.900 0.6483 -0.7614 -0.0000
-7.534 8.355 -9.900 0.6483 -0.7614 -0.0000
-7.047 8.769 -9.900 0.6483 -0.7614 -0.0000
-6.538 9.155 -9.900 0.6483 -0.7614 -0.0000
-0.746 0.739 -9.812 0.6483 -0.7614 -0.0000
-0.703 0.780 -9.812 0.6483 -0.7614 -0.0000
-0.658 0.818 -9.812 0.6483 -0.7614 -0.0000
-0.610 0.855 -9.812 0.6483 -0.7614 -0.0000
-0.746 0.739 -9.562 0.6483 -0.7614 -0.0000
-0.703 0.780 -9.562 0.6483 -0.7614 -0.0000
-0.658 0.818 -9.562 0.6483 -0.7614 -0.0000
-0.610 0.855 -9.562 0.6483 -0.7614 -0.0000
-0.746 0.739 -9.812 -0.6483 0.7614 0.0000
-0.703 0.780 -9.812 -0.6483 0.7614 0.0000
-0.658 0.818 -9.812 -0.6483 0.7614 0.0000
-0.610 0.855 -9.812 -0.6483 0.7614 0.0000
-0.746 0.739 -9.562 -0.6483 0.7614 0.0000
-0.703 0.780 -9.562 -0.6483 0.7614 0.0000
-0.658 0.818 -9.562 -0.6483 0.7614 0.0000
-0.610 0.855 -9.562 -0.6483 0.7614 0.0000
-7.997 7.913 -9.900 -0.6483 0.7614 0.0000
-7.534 8.355 -9.900 -0.6483 0.7614 0.0000
-7.047 8.769 -9.900 -0.6483 0.7614 0.0000
-6.538 9.155 -9.900 -0.6483 0.7614 0.0000
-7.997 7.913 -9.200 -0.6483 0.7614 0.0000
-7.534 8.355 -9.200 -0.6483 0.7614 0.0000
-7.047 8.769 -9.200 -0.6483 0.7614 0.0000
-6.538 9.155 -9.200 -0.6483 0.7614 0.0000
-7.997 7.913 -9.900 0.6483 -0.7614 -0.0000
-7.534 8.355 -9.900 0.6483 -0.7614 -0.0000
-7.047 8.769 -9.900 0.6483 -0.7614 -0.0000
-6.538 9.155 -9.900 0.6483 -0.7614 -0.0000
-7.997 7.913 -9.200 0.6483 -0.7614 -0.0000
-7.534 8.355 -9.200 0.6483 -0.7614 -0.0000
-7.047 8.769 -9.200 0.6483 -0.7614 -0.0000
-6.538 9.155 -9.200 0.6483 -0.7614 -0.0000
-7.997 7.913 -9.200 -0.0000 -0.0000 1.0000
-7.534 8.355 -9.200 -0.0000 -0.0000 1.0000
-7.047 8.769 -9.200 -0.0000 -0.0000 1.0000
-6.538 9.155 -9.200 -0.0000 -0.0000 1.0000
-7.748 7.667 -9.188 -0.0000 -0.0000 1.0000
-7.300 8.095 -9.188 -0.0000 -0.0000 1.0000
-6.828 8.496 -9.188 -0.0000 -0.0000 1.0000
-6.334 8.871 -9.188 -0.0000 -0.0000 1.0000
-7.997 7.913 -9.200 0.0000 0.0000 -1.0000
-7.534 8.355 -9.200 0.0000 0.0000 -1.0000
-7.047 8.769 -9.200 0.0000 0.0000 -1.0000
-6.538 9.155 -9.200 0.0000 0.0000 -1.0000
-7.748 7.667 -9.188 0.0000 0.0000 -1.0000
-7.300 8.095 -9.188 0.0000 0.0000 -1.0000
-6.828 8.496 -9.188 0.0000 0.0000 -1.0000
-6.334 8.871 -9.188 0.0000 0.0000 -1.0000
0 1 5
0 5 4
8 13 9
8 12 13
1 2 6
1 6 5
9 14 10
9 13 14
2 3 7
2 7 6
10 15 11
10 14 15
16 21 17
16 20 21
24 25 29
24 29 28
17 22 18
17 21 22
25 26 30
25 30 29
18 23 19
18 22 23
26 27 31
26 31 30
32 37 33
32 36 37
40 41 45
40 45 44
33 38 34
33 37 38
41 42 46
41 46 45
34 39 35
34 38 39
42 43 47
42 47 46
48 49 53
48 53 52
56 61 57
56 60 61
49 50 54
49 54 53
57 62 58
57 61 62
50 51 55
50 55 54
58 63 59
58 62 63
64 69 65
64 68 69
72 73 77
72 77 76
65 70 66
65 69 70
73 74 78
73 78 77
66 71 67
66 70 71
74 75 79
74 79 78
80 85 81
80 84 85
88 89 93
88 93 92
81 86 82
81 85 86
89 90 94
89 94 93
82 87 83
82 86 87
90 91 95
90 95 94
LABEL sfoot2_slat_11_2
MATERIAL 7
TEXTURE 0
GEOM 104 76 ;sfoot2_slat_11_2
-0.607 0.857 -9.562 -0.0215 0.0252 0.9995
-0.560 0.888 -9.562 -0.0215 0.0252 0.9995
-0.512 0.917 -9.562 -0.0215 0.0252 0.9995
-0.462 0.943 -9.562 -0.0215 0.0252 0.9995
-6.501 9.182 -9.900 -0.0215 0.0252 0.9995
-6.001 9.516 -9.900 -0.0215 0.0252 0.9995
-5.483 9.823 -9.900 -0.0215 0.0252 0.9995
-4.950 10.103 -9.900 -0.0215 0.0252 0.9995
-0.607 0.857 -9.562 0.0215 -0.0252 -0.9995
-0.560 0.888 -9.562 0.0215 -0.0252 -0.9995
-0.512 0.917 -9.562 0.0215 -0.0252 -0.9995
-0.462 0.943 -9.562 0.0215 -0.0252 -0.9995
-6.501 9.182 -9.900 0.0215 -0.0252 -0.9995
-6.001 9.516 -9.900 0.0215 -0.0252 -0.9995
-5.483 9.823 -9.900 0.0215 -0.0252 -0.9995
-4.950 10.103 -9.900 0.0215 -0.0252 -0.9995
-0.607 0.857 -9.812 0.0215 -0.0252 -0.9995
-0.560 0.888 -9.812 0.0215 -0.0252 -0.9995
-0.512 0.917 -9.812 0.0215 -0.0252 -0.9995
-0.462 0.943 -9.812 0.0215 -0.0252 -0.9995
-6.501 9.182 -10.150 0.0215 -0.0252 -0.9995
-6.001 9.516 -10.150 0.0215 -0.0252 -0.9995
-5.483 9.823 -10.150 0.0215 -0.0252 -0.9995
-4.950 10.103 -10.150 0.0215 -0.0252 -0.9995
-0.607 0.857 -9.812 -0.0215 0.0252 0.9995
-0.560 0.888 -9.812 -0.0215 0.0252 0.9995
-0.512 0.917 -9.812 -0.0215 0.0252 0.9995
-0.462 0.943 -9.812 -0.0215 0.0252 0.9995
-6.501 9.182 -10.150 -0.0215 0.0252 0.9995
-6.001 9.516 -10.150 -0.0215 0.0252 0.9995
-5.483 9.823 -10.150 -0.0215 0.0252 0.9995
-4.950 10.103 -10.150 -0.0215 0.0252 0.9995
-6.501 9.182 -10.150 -0.5106 0.8598 0.0000
-6.001 9.516 -10.150 -0.5106 0.8598 0.0000
-5.483 9.823 -10.150 -0.5106 0.8598 0.0000
-4.950 10.103 -10.150 -0.5106 0.8598 0.0000
-6.501 9.182 -9.900 -0.5106 0.8598 0.0000
-6.001 9.516 -9.900 -0.5106 0.8598 0.0000
-5.483 9.823 -9.900 -0.5106 0.8598 0.0000
-4.950 10.103 -9.900 -0.5106 0.8598 0.0000
-6.501 9.182 -10.150 0.5106 -0.8598 -0.0000
-6.001 9.516 -10.150 0.5106 -0.8598 -0.0000
-5.483 9.823 -10.150 0.5106 -0.8598 -0.0000
-4.950 10.103 -10.150 0.5106 -0.8598 -0.0000
-6.501 9.182 -9.900 0.5106 -0.8598 -0.0000
-6.001 9.516 -9.900 0.5106 -0.8598 -0.0000
-5.483 9.823 -9.900 0.5106 -0.8598 -0.0000
-4.950 10.103 -9.900 0.5106 -0.8598 -0.0000
-0.607 0.857 -9.812 0.5106 -0.8598 -0.0000
-0.560 0.888 -9.812 0.5106 -0.8598 -0.0000
-0.512 0.917 -9.812 0.5106 -0.8598 -0.0000
-0.462 0.943 -9.812 0.5106 -0.8598 -0.0000
-0.607 0.857 -9.562 0.5106 -0.8598 -0.0000
-0.560 0.888 -9.562 0.5106 -0.8598 -0.0000
-0.512 0.917 -9.562 0.5106 -0.8598 -0.0000
-0.462 0.943 -9.562 0.5106 -0.8598 -0.0000
-0.607 0.857 -9.812 -0.5106 0.8598 0.0000
-0.560 0.888 -9.812 -0.5106 0.8598 0.0000
-0.512 0.917 -9.812 -0.5106 0.8598 0.0000
-0.462 0.943 -9.812 -0.5106 0.8598 0.0000
-0.607 0.857 -9.562 -0.5106 0.8598 0.0000
-0.560 0.888 -9.562 -0.5106 0.8598 0.0000
-0.512 0.917 -9.562 -0.5106 0.8598 0.0000
-0.462 0.943 -9.562 -0.5106 0.8598 0.0000
-6.501 9.182 -9.900 -0.5106 0.8598 0.0000
-6.001 9.516 -9.900 -0.5106 0.8598 0.0000
-5.483 9.823 -9.900 -0.5106 0.8598 0.0000
-4.950 10.103 -9.900 -0.5106 0.8598 0.0000
-6.501 9.182 -9.200 -0.5106 0.8598 0.0000
-6.001 9.516 -9.200 -0.5106 0.8598 0.0000
-5.483 9.823 -9.200 -0.5106 0.8598 0.0000
-4.950 10.103 -9.200 -0.5106 0.8598 0.0000
-6.501 9.182 -9.900 0.5106 -0.8598 -0.0000
-6.001 9.516 -9.900 0.5106 -0.8598 -0.0000
-5.483 9.823 -9.900 0.5106 -0.8598 -0.0000
-4.950 10.103 -9.900 0.5106 -0.8598 -0.0000
-6.501 9.182 -9.200 0.5106 -0.8598 -0.0000
-6.001 9.516 -9.200 0.5106 -0.8598 -0.0000
-5.483 9.823 -9.200 0.5106 -0.8598 -0.0000
-4.950 10.103 -9.200 0.5106 -0.8598 -0.0000
-6.501 9.182 -9.200 -0.0000 -0.0000 1.0000
-6.001 9.516 -9.200 -0.0000 -0.0000 1.0000
-5.483 9.823 -9.200 -0.0000 -0.0000 1.0000
-4.950 10.103 -9.200 -0.0000 -0.0000 1.0000
-6.299 8.896 -9.188 -0.0000 -0.0000 1.0000
-5.814 9.220 -9.188 -0.0000 -0.0000 1.0000
-5.312 9.518 -9.188 -0.0000 -0.0000 1.0000
-4.796 9.788 -9.188 -0.0000 -0.0000 1.0000
-6.501 9.182 -9.200 0.0000 0.0000 -1.0000
-6.001 9.516 -9.200 0.0000 0.0000 -1.0000
-5.483 9.823 -9.200 0.0000 0.0000 -1.0000
-4.950 10.103 -9.200 0.0000 0.0000 -1.0000
-6.299 8.896 -9.188 0.0000 0.0000 -1.0000
-5.814 9.220 -9.188 0.0000 0.0000 -1.0000
-5.312 9.518 -9.188 0.0000 0.0000 -1.0000
-4.796 9.788 -9.188 0.0000 0.0000 -1.0000
-0.462 0.943 -9.812 0.8980 0.4400 0.0000
-4.950 10.103 -10.150 0.8980 0.4400 0.0000
-0.462 0.943 -9.562 0.8980 0.4400 0.0000
-4.950 10.103 -9.900 0.8980 0.4400 0.0000
-0.462 0.943 -9.812 -0.8980 -0.4400 -0.0000
-4.950 10.103 -10.150 -0.8980 -0.4400 -0.0000
-0.462 0.943 -9.562 -0.8980 -0.4400 -0.0000
-4.950 10.103 -9.900 -0.8980 -0.4400 -0.0000
0 1 5
0 5 4
8 13 9
8 12 13
1 2 6
1 6 5
9 14 10
9 13 14
2 3 7
2 7 6
10 15 11
10 14 15
16 21 17
16 20 21
24 25 29
24 29 28
17 22 18
17 21 22
25 26 30
25 30 29
18 23 19
18 22 23
26 27 31
26 31 30
32 37 33
32 36 37
40 41 45
40 45 44
33 38 34
33 37 38
41 42 46
41 46 45
34 39 35
34 38 39
42 43 47
42 47 46
48 49 53
48 53 52
56 61 57
56 60 61
49 50 54
49 54 53
57 62 58
57 61 62
50 51 55
50 55 54
58 63 59
58 62 63
64 69 65
64 68 69
72 73 77
72 77 76
65 70 66
65 69 70
73 74 78
73 78 77
66 71 67
66 70 71
74 75 79
74 79 78
80 85 81
80 84 85
88 89 93
88 93 92
81 86 82
81 85 86
89 90 94
89 94 93
82 87 83
82 86 87
90 91 95
90 95 94
96 97 99
96 99 98
100 103 101
100 102 103
LABEL sfoot2_strut_11
MATERIAL 9
TEXTURE 0
GEOM 50 48 ;sfoot2_strut_11
-0.402 0.876 -6.014 0.6863 0.0000 -0.7273
-0.566 0.685 -6.076 0.3582 -0.3802 -0.8527
-0.779 0.546 -6.025 -0.0659 -0.6585 -0.7497
-0.982 0.495 -5.873 -0.4724 -0.7604 -0.4457
-1.122 0.546 -5.661 -0.7522 -0.6585 -0.0224
-1.161 0.685 -5.447 -0.8305 -0.3802 0.4070
-1.089 0.876 -5.286 -0.6863 -0.0000 0.7273
-0.925 1.066 -5.224 -0.3582 0.3802 0.8527
-0.713 1.205 -5.275 0.0659 0.6585 0.7497
-0.509 1.256 -5.427 0.4724 0.7604 0.4457
-0.369 1.205 -5.639 0.7522 0.6585 0.0224
-0.330 1.066 -5.853 0.8305 0.3802 -0.4070
-2.676 3.546 -8.159 0.6863 0.0000 -0.7273
-2.840 3.356 -8.222 0.3582 -0.3802 -0.8527
-3.053 3.217 -8.171 -0.0659 -0.6585 -0.7497
-3.256 3.166 -8.019 -0.4724 -0.7604 -0.4457
-3.396 3.217 -7.807 -0.7522 -0.6585 -0.0224
-3.435 3.356 -7.592 -0.8305 -0.3802 0.4070
-3.363 3.546 -7.432 -0.6863 -0.0000 0.7273
-3.199 3.736 -7.369 -0.3582 0.3802 0.8527
-2.987 3.875 -7.421 0.0659 0.6585 0.7497
-2.783 3.926 -7.573 0.4724 0.7604 0.4457
-2.643 3.875 -7.785 0.7522 0.6585 0.0224
-2.604 3.736 -7.999 0.8305 0.3802 -0.4070
-0.746 0.876 -5.650 0.5530 -0.6495 0.5219
-0.402 0.876 -6.014 0.5530 -0.6495 0.5219
-0.566 0.685 -6.076 0.5530 -0.6495 0.5219
-0.779 0.546 -6.025 0.5530 -0.6495 0.5219
-0.982 0.495 -5.873 0.5530 -0.6495 0.5219
-1.122 0.546 -5.661 0.5530 -0.6495 0.5219
-1.161 0.685 -5.447 0.5530 -0.6495 0.5219
-1.089 0.876 -5.286 0.5530 -0.6495 0.5219
-0.925 1.066 -5.224 0.5530 -0.6495 0.5219
-0.713 1.205 -5.275 0.5530 -0.6495 0.5219
-0.509 1.256 -5.427 0.5530 -0.6495 0.5219
-0.369 1.205 -5.639 0.5530 -0.6495 0.5219
-0.330 1.066 -5.853 0.5530 -0.6495 0.5219
-3.020 3.546 -7.796 -0.5530 0.6495 -0.5219
-2.676 3.546 -8.159 -0.5530 0.6495 -0.5219
-2.840 3.356 -8.222 -0.5530 0.6495 -0.5219
-3.053 3.217 -8.171 -0.5530 0.6495 -0.5219
-3.256 3.166 -8.019 -0.5530 0.6495 -0.5219
-3.396 3.217 -7.807 -0.5530 0.6495 -0.5219
-3.435 3.356 -7.592 -0.5530 0.6495 -0.5219
-3.363 3.546 -7.432 -0.5530 0.6495 -0.5219
-3.199 3.736 -7.369 -0.5530 0.6495 -0.5219
-2.987 3.875 -7.421 -0.5530 0.6495 -0.5219
-2.783 3.926 -7.573 -0.5530 0.6495 -0.5219
-2.643 3.875 -7.785 -0.5530 0.6495 -0.5219
-2.604 3.736 -7.999 -0.5530 0.6495 -0.5219
0 1 13
0 13 12
1 2 14
1 14 13
2 3 15
2 15 14
3 4 16
3 16 15
4 5 17
4 17 16
5 6 18
5 18 17
6 7 19
6 19 18
7 8 20
7 20 19
8 9 21
8 21 20
9 10 22
9 22 21
10 11 23
10 23 22
11 0 12
11 12 23
24 26 25
24 27 26
24 28 27
24 29 28
24 30 29
24 31 30
24 32 31
24 33 32
24 34 33
24 35 34
24 36 35
24 25 36
37 38 39
37 39 40
37 40 41
37 41 42
37 42 43
37 43 44
37 44 45
37 45 46
37 46 47
37 47 48
37 48 49
37 49 38
LABEL sfoot2_rod_11
MATERIAL 7
TEXTURE 0
GEOM 42 40 ;sfoot2_rod_11
-2.516 3.156 -7.665 0.6863 0.0000 -0.7273
-2.618 3.045 -7.695 0.2776 -0.4469 -0.8504
-2.747 2.976 -7.645 -0.2372 -0.7232 -0.6487
-2.853 2.976 -7.533 -0.6613 -0.7232 -0.1992
-2.896 3.045 -7.401 -0.8329 -0.4469 0.3264
-2.859 3.156 -7.301 -0.6863 -0.0000 0.7273
-2.757 3.268 -7.270 -0.2776 0.4469 0.8504
-2.628 3.337 -7.321 0.2372 0.7232 0.6487
-2.522 3.337 -7.433 0.6613 0.7232 0.1992
-2.480 3.268 -7.564 0.8329 0.4469 -0.3264
-4.709 5.731 -9.733 0.6863 0.0000 -0.7273
-4.811 5.619 -9.764 0.2776 -0.4469 -0.8504
-4.939 5.550 -9.714 -0.2372 -0.7232 -0.6487
-5.045 5.550 -9.601 -0.6613 -0.7232 -0.1992
-5.088 5.619 -9.470 -0.8329 -0.4469 0.3264
-5.052 5.731 -9.370 -0.6863 -0.0000 0.7273
-4.950 5.843 -9.339 -0.2776 0.4469 0.8504
-4.821 5.912 -9.389 0.2372 0.7232 0.6487
-4.715 5.912 -9.502 0.6613 0.7232 0.1992
-4.672 5.843 -9.633 0.8329 0.4469 -0.3264
-2.688 3.156 -7.483 0.5530 -0.6495 0.5219
-2.516 3.156 -7.665 0.5530 -0.6495 0.5219
-2.618 3.045 -7.695 0.5530 -0.6495 0.5219
-2.747 2.976 -7.645 0.5530 -0.6495 0.5219
-2.853 2.976 -7.533 0.5530 -0.6495 0.5219
-2.896 3.045 -7.401 0.5530 -0.6495 0.5219
-2.859 3.156 -7.301 0.5530 -0.6495 0.5219
-2.757 3.268 -7.270 0.5530 -0.6495 0.5219
-2.628 3.337 -7.321 0.5530 -0.6495 0.5219
-2.522 3.337 -7.433 0.5530 -0.6495 0.5219
-2.480 3.268 -7.564 0.5530 -0.6495 0.5219
-4.880 5.731 -9.551 -0.5530 0.6495 -0.5219
-4.709 5.731 -9.733 -0.5530 0.6495 -0.5219
-4.811 5.619 -9.764 -0.5530 0.6495 -0.5219
-4.939 5.550 -9.714 -0.5530 0.6495 -0.5219
-5.045 5.550 -9.601 -0.5530 0.6495 -0.5219
-5.088 5.619 -9.470 -0.5530 0.6495 -0.5219
-5.052 5.731 -9.370 -0.5530 0.6495 -0.5219
-4.950 5.843 -9.339 -0.5530 0.6495 -0.5219
-4.821 5.912 -9.389 -0.5530 0.6495 -0.5219
-4.715 5.912 -9.502 -0.5530 0.6495 -0.5219
-4.672 5.843 -9.633 -0.5530 0.6495 -0.5219
0 1 11
0 11 10
1 2 12
1 12 11
2 3 13
2 13 12
3 4 14
3 14 13
4 5 15
4 15 14
5 6 16
5 16 15
6 7 17
6 17 16
7 8 18
7 18 17
8 9 19
8 19 18
9 0 10
9 10 19
20 22 21
20 23 22
20 24 23
20 25 24
20 26 25
20 27 26
20 28 27
20 29 28
20 30 29
20 21 30
31 32 33
31 33 34
31 34 35
31 35 36
31 36 37
31 37 38
31 38 39
31 39 40
31 40 41
31 41 32
LABEL sfoot2_skirt_11_0
MATERIAL 7
TEXTURE 0
GEOM 16 12 ;sfoot2_skirt_11_0
-9.185 6.497 -11.050 -0.7675 0.6411 0.0000
-8.824 6.978 -11.050 -0.7675 0.6411 0.0000
-8.438 7.440 -11.050 -0.7675 0.6411 0.0000
-8.028 7.881 -11.050 -0.7675 0.6411 0.0000
-9.185 6.497 -10.150 -0.7675 0.6411 0.0000
-8.824 6.978 -10.150 -0.7675 0.6411 0.0000
-8.438 7.440 -10.150 -0.7675 0.6411 0.0000
-8.028 7.881 -10.150 -0.7675 0.6411 0.0000
-9.185 6.497 -11.050 0.7675 -0.6411 -0.0000
-8.824 6.978 -11.050 0.7675 -0.6411 -0.0000
-8.438 7.440 -11.050 0.7675 -0.6411 -0.0000
-8.028 7.881 -11.050 0.7675 -0.6411 -0.0000
-9.185 6.497 -10.150 0.7675 -0.6411 -0.0000
-8.824 6.978 -10.150 0.7675 -0.6411 -0.0000
-8.438 7.440 -10.150 0.7675 -0.6411 -0.0000
-8.028 7.881 -10.150 0.7675 -0.6411 -0.0000
0 5 1
0 4 5
8 9 13
8 13 12
1 6 2
1 5 6
9 10 14
9 14 13
2 7 3
2 6 7
10 11 15
10 15 14
LABEL sfoot2_skirt_11_1
MATERIAL 7
TEXTURE 0
GEOM 16 12 ;sfoot2_skirt_11_1
-7.997 7.913 -11.050 -0.6483 0.7614 0.0000
-7.534 8.355 -11.050 -0.6483 0.7614 0.0000
-7.047 8.769 -11.050 -0.6483 0.7614 0.0000
-6.538 9.155 -11.050 -0.6483 0.7614 0.0000
-7.997 7.913 -10.150 -0.6483 0.7614 0.0000
-7.534 8.355 -10.150 -0.6483 0.7614 0.0000
-7.047 8.769 -10.150 -0.6483 0.7614 0.0000
-6.538 9.155 -10.150 -0.6483 0.7614 0.0000
-7.997 7.913 -11.050 0.6483 -0.7614 -0.0000
-7.534 8.355 -11.050 0.6483 -0.7614 -0.0000
-7.047 8.769 -11.050 0.6483 -0.7614 -0.0000
-6.538 9.155 -11.050 0.6483 -0.7614 -0.0000
-7.997 7.913 -10.150 0.6483 -0.7614 -0.0000
-7.534 8.355 -10.150 0.6483 -0.7614 -0.0000
-7.047 8.769 -10.150 0.6483 -0.7614 -0.0000
-6.538 9.155 -10.150 0.6483 -0.7614 -0.0000
0 5 1
0 4 5
8 9 13
8 13 12
1 6 2
1 5 6
9 10 14
9 14 13
2 7 3
2 6 7
10 11 15
10 15 14
LABEL sfoot2_skirt_11_2
MATERIAL 7
TEXTURE 0
GEOM 16 12 ;sfoot2_skirt_11_2
-6.501 9.182 -11.050 -0.5106 0.8598 0.0000
-6.001 9.516 -11.050 -0.5106 0.8598 0.0000
-5.483 9.823 -11.050 -0.5106 0.8598 0.0000
-4.950 10.103 -11.050 -0.5106 0.8598 0.0000
-6.501 9.182 -10.150 -0.5106 0.8598 0.0000
-6.001 9.516 -10.150 -0.5106 0.8598 0.0000
-5.483 9.823 -10.150 -0.5106 0.8598 0.0000
-4.950 10.103 -10.150 -0.5106 0.8598 0.0000
-6.501 9.182 -11.050 0.5106 -0.8598 -0.0000
-6.001 9.516 -11.050 0.5106 -0.8598 -0.0000
-5.483 9.823 -11.050 0.5106 -0.8598 -0.0000
-4.950 10.103 -11.050 0.5106 -0.8598 -0.0000
-6.501 9.182 -10.150 0.5106 -0.8598 -0.0000
-6.001 9.516 -10.150 0.5106 -0.8598 -0.0000
-5.483 9.823 -10.150 0.5106 -0.8598 -0.0000
-4.950 10.103 -10.150 0.5106 -0.8598 -0.0000
0 5 1
0 4 5
8 9 13
8 13 12
1 6 2
1 5 6
9 10 14
9 14 13
2 7 3
2 6 7
10 11 15
10 15 14
MATERIALS 82
hull_lacquer
nose_iridium
crest_radiator
structure
boron_nitride
engine_metal
mechanism
dark
band
planetary_cup
rover
shuttle
trap_shell
canopy
br_vault
br_floor
br_panel
br_panel_face
br_tub
br_holo
br_screen
br_glow
br_display
br_green
br_red
br_amber
br_seat
br_cushion
br_bezel
br_rib
br_lamp
br_cove
br_vault_lit
br_floor_lit
br_belt
in_floor
in_wall
in_ceiling
in_light
in_furn
in_seat
in_metal
in_wet
in_screen
in_trim
in_green
in_amber
in_red
in_guide
in_btn_dim
in_wall_w
in_floor_w
in_ceil_w
in_metal_w
in_trim_w
in_guide_w
in_fx
in_downlight
in_cove
lift_glass
in_wip
in_btn_cap
in_cablight
in_glass
in_wall_r
in_floor_r
in_ceil_r
in_metal_r
in_dutyred
in_door
in_wall_d
in_floor_d
in_ceil_d
in_metal_d
br_malachite
br_cur_ball
br_cur_lit
br_spot
br_cover
br_glass_disp
br_hud_glass
belly_carbide
MATERIAL hull_lacquer
0.800 0.790 0.760 1.00
0.800 0.790 0.760 1.00
0.300 0.300 0.300 1 20
0.000 0.000 0.000 1
MATERIAL nose_iridium
0.720 0.480 0.180 1.00
0.720 0.480 0.180 1.00
0.950 0.850 0.600 1 80
0.000 0.000 0.000 1
MATERIAL crest_radiator
0.130 0.130 0.140 1.00
0.130 0.130 0.140 1.00
0.150 0.150 0.150 1 10
0.000 0.000 0.000 1
MATERIAL structure
0.260 0.270 0.290 1.00
0.260 0.270 0.290 1.00
0.200 0.200 0.200 1 15
0.000 0.000 0.000 1
MATERIAL boron_nitride
0.620 0.580 0.920 1.00
0.620 0.580 0.920 1.00
0.600 0.600 0.700 1 40
0.080 0.060 0.200 1
MATERIAL engine_metal
0.220 0.220 0.240 1.00
0.220 0.220 0.240 1.00
0.500 0.500 0.500 1 40
0.000 0.000 0.000 1
MATERIAL mechanism
0.540 0.560 0.600 1.00
0.540 0.560 0.600 1.00
0.700 0.700 0.720 1 50
0.000 0.000 0.000 1
MATERIAL dark
0.070 0.070 0.090 1.00
0.070 0.070 0.090 1.00
0.050 0.050 0.050 1 5
0.000 0.000 0.000 1
MATERIAL band
0.300 0.310 0.330 1.00
0.300 0.310 0.330 1.00
0.500 0.550 0.650 1 40
0.000 0.000 0.000 1
MATERIAL planetary_cup
0.600 0.700 0.850 1.00
0.600 0.700 0.850 1.00
0.700 0.700 0.800 1 50
0.030 0.060 0.100 1
MATERIAL rover
0.550 0.480 0.320 1.00
0.550 0.480 0.320 1.00
0.300 0.300 0.300 1 20
0.000 0.000 0.000 1
MATERIAL shuttle
0.850 0.840 0.810 1.00
0.850 0.840 0.810 1.00
0.400 0.400 0.400 1 30
0.000 0.000 0.000 1
MATERIAL trap_shell
0.440 0.470 0.560 1.00
0.440 0.470 0.560 1.00
0.450 0.450 0.500 1 30
0.000 0.000 0.000 1
MATERIAL canopy
0.360 0.370 0.400 1.00
0.360 0.370 0.400 1.00
0.550 0.550 0.600 1 35
0.000 0.000 0.000 1
MATERIAL br_vault
0.150 0.160 0.180 1.00
0.150 0.160 0.180 1.00
0.060 0.060 0.070 1 8
0.026 0.030 0.038 1
MATERIAL br_floor
0.550 0.580 0.620 1.00
0.550 0.580 0.620 1.00
0.350 0.360 0.400 1 40
0.160 0.180 0.210 1
MATERIAL br_panel
0.170 0.180 0.200 1.00
0.170 0.180 0.200 1.00
0.200 0.210 0.240 1 20
0.028 0.032 0.040 1
MATERIAL br_panel_face
0.240 0.250 0.280 1.00
0.240 0.250 0.280 1.00
0.300 0.320 0.360 1 30
0.042 0.047 0.056 1
MATERIAL br_tub
0.300 0.310 0.340 1.00
0.300 0.310 0.340 1.00
0.250 0.260 0.300 1 25
0.050 0.055 0.066 1
MATERIAL br_holo
0.050 0.200 0.260 1.00
0.050 0.200 0.260 1.00
0.000 0.000 0.000 1 1
0.060 0.260 0.340 1
MATERIAL br_screen
0.020 0.030 0.060 1.00
0.020 0.030 0.060 1.00
0.300 0.300 0.400 1 40
0.030 0.050 0.100 1
MATERIAL br_glow
0.400 0.900 1.000 1.00
0.400 0.900 1.000 1.00
0.000 0.000 0.000 1 1
0.300 0.700 0.900 1
MATERIAL br_display
1.000 1.000 1.000 1.00
1.000 1.000 1.000 1.00
0.000 0.000 0.000 1 1
1.000 1.000 1.000 1
MATERIAL br_green
0.300 1.000 0.500 1.00
0.300 1.000 0.500 1.00
0.000 0.000 0.000 1 1
0.200 0.900 0.400 1
MATERIAL br_red
0.900 0.200 0.150 1.00
0.900 0.200 0.150 1.00
0.300 0.100 0.100 1 20
0.500 0.080 0.050 1
MATERIAL br_amber
1.000 0.800 0.300 1.00
1.000 0.800 0.300 1.00
0.000 0.000 0.000 1 1
0.700 0.500 0.100 1
MATERIAL br_seat
0.200 0.210 0.230 1.00
0.200 0.210 0.230 1.00
0.300 0.300 0.350 1 30
0.024 0.026 0.030 1
MATERIAL br_cushion
0.210 0.240 0.290 1.00
0.210 0.240 0.290 1.00
0.100 0.100 0.120 1 10
0.028 0.032 0.040 1
MATERIAL br_bezel
0.620 0.640 0.680 1.00
0.620 0.640 0.680 1.00
0.400 0.410 0.450 1 40
0.075 0.080 0.090 1
MATERIAL br_rib
0.220 0.230 0.260 1.00
0.220 0.230 0.260 1.00
0.300 0.310 0.350 1 30
0.034 0.038 0.046 1
MATERIAL br_lamp
0.800 0.880 1.000 1.00
0.800 0.880 1.000 1.00
0.000 0.000 0.000 1 1
0.620 0.700 0.800 1
MATERIAL br_cove
0.300 0.550 0.800 1.00
0.300 0.550 0.800 1.00
0.000 0.000 0.000 1 1
0.160 0.300 0.460 1
MATERIAL br_vault_lit
0.060 0.060 0.070 1.00
0.060 0.060 0.070 1.00
0.040 0.040 0.050 1 8
1.000 1.000 1.000 1
MATERIAL br_floor_lit
0.080 0.080 0.090 1.00
0.080 0.080 0.090 1.00
0.100 0.100 0.120 1 20
1.000 1.000 1.000 1
MATERIAL br_belt
0.880 0.560 0.160 1.00
0.880 0.560 0.160 1.00
0.100 0.100 0.100 1 10
0.000 0.000 0.000 1
MATERIAL in_floor
0.500 0.500 0.500 1.00
0.500 0.500 0.500 1.00
0.100 0.100 0.100 1 10
0.500 0.500 0.520 1
MATERIAL in_wall
0.450 0.450 0.450 1.00
0.450 0.450 0.450 1.00
0.050 0.050 0.050 1 5
0.600 0.600 0.620 1
MATERIAL in_ceiling
0.450 0.450 0.450 1.00
0.450 0.450 0.450 1.00
0.000 0.000 0.000 1 1
0.550 0.550 0.570 1
MATERIAL in_light
1.000 0.970 0.880 1.00
1.000 0.970 0.880 1.00
0.000 0.000 0.000 1 1
1.000 0.960 0.840 1
MATERIAL in_furn
0.300 0.310 0.340 1.00
0.300 0.310 0.340 1.00
0.100 0.100 0.100 1 10
0.150 0.150 0.170 1
MATERIAL in_seat
0.120 0.150 0.220 1.00
0.120 0.150 0.220 1.00
0.150 0.150 0.200 1 15
0.060 0.080 0.130 1
MATERIAL in_metal
0.500 0.500 0.500 1.00
0.500 0.500 0.500 1.00
0.500 0.500 0.500 1 30
0.550 0.550 0.580 1
MATERIAL in_wet
0.360 0.500 0.550 1.00
0.360 0.500 0.550 1.00
0.200 0.200 0.250 1 20
0.130 0.190 0.210 1
MATERIAL in_screen
0.040 0.080 0.160 1.00
0.040 0.080 0.160 1.00
0.300 0.300 0.400 1 40
0.100 0.280 0.500 1
MATERIAL in_trim
0.600 0.600 0.600 1.00
0.600 0.600 0.600 1.00
0.100 0.100 0.100 1 10
0.500 0.500 0.500 1
MATERIAL in_green
0.100 0.600 0.250 1.00
0.100 0.600 0.250 1.00
0.000 0.000 0.000 1 1
0.150 1.000 0.400 1
MATERIAL in_amber
0.700 0.450 0.050 1.00
0.700 0.450 0.050 1.00
0.000 0.000 0.000 1 1
1.000 0.620 0.080 1
MATERIAL in_red
0.700 0.100 0.080 1.00
0.700 0.100 0.080 1.00
0.000 0.000 0.000 1 1
1.000 0.150 0.100 1
MATERIAL in_guide
0.200 0.500 0.700 1.00
0.200 0.500 0.700 1.00
0.000 0.000 0.000 1 1
0.250 0.750 1.000 1
MATERIAL in_btn_dim
0.160 0.180 0.200 1.00
0.160 0.180 0.200 1.00
0.300 0.300 0.300 1 20
0.040 0.050 0.060 1
MATERIAL in_wall_w
0.500 0.500 0.510 1.00
0.500 0.500 0.510 1.00
0.080 0.080 0.090 1 12
0.065 0.065 0.075 1
MATERIAL in_floor_w
0.500 0.500 0.500 1.00
0.500 0.500 0.500 1.00
0.450 0.450 0.480 1 40
0.040 0.040 0.045 1
MATERIAL in_ceil_w
0.400 0.400 0.410 1.00
0.400 0.400 0.410 1.00
0.000 0.000 0.000 1 1
0.035 0.035 0.040 1
MATERIAL in_metal_w
0.450 0.450 0.470 1.00
0.450 0.450 0.470 1.00
0.400 0.400 0.420 1 30
0.070 0.070 0.080 1
MATERIAL in_trim_w
0.500 0.500 0.500 1.00
0.500 0.500 0.500 1.00
0.100 0.100 0.100 1 10
0.140 0.140 0.140 1
MATERIAL in_guide_w
0.250 0.420 0.420 1.00
0.250 0.420 0.420 1.00
0.000 0.000 0.000 1 1
0.160 0.360 0.380 1
MATERIAL in_fx
1.000 1.000 1.000 1.00
1.000 1.000 1.000 1.00
0.000 0.000 0.000 1 1
1.000 1.000 1.000 1
MATERIAL in_downlight
1.000 0.860 0.620 1.00
1.000 0.860 0.620 1.00
0.000 0.000 0.000 1 1
1.000 0.840 0.580 1
MATERIAL in_cove
0.300 0.400 0.620 1.00
0.300 0.400 0.620 1.00
0.000 0.000 0.000 1 1
0.260 0.360 0.580 1
MATERIAL lift_glass
0.450 0.600 0.700 0.22
0.450 0.600 0.700 0.22
0.800 0.800 0.850 1 60
0.020 0.030 0.040 1
MATERIAL in_wip
0.950 0.420 0.060 1.00
0.950 0.420 0.060 1.00
0.300 0.250 0.200 1 20
0.400 0.170 0.020 1
MATERIAL in_btn_cap
0.550 0.560 0.580 1.00
0.550 0.560 0.580 1.00
0.350 0.350 0.350 1 30
0.300 0.310 0.320 1
MATERIAL in_cablight
0.950 0.930 0.860 1.00
0.950 0.930 0.860 1.00
0.000 0.000 0.000 1 1
0.800 0.770 0.680 1
MATERIAL in_glass
1.000 1.000 1.000 1.00
1.000 1.000 1.000 1.00
0.900 0.900 0.900 1 60
0.120 0.130 0.150 1
MATERIAL in_wall_r
0.400 0.380 0.380 1.00
0.400 0.380 0.380 1.00
0.050 0.050 0.050 1 5
0.050 0.012 0.011 1
MATERIAL in_floor_r
0.400 0.380 0.380 1.00
0.400 0.380 0.380 1.00
0.200 0.200 0.200 1 30
0.032 0.007 0.007 1
MATERIAL in_ceil_r
0.350 0.330 0.330 1.00
0.350 0.330 0.330 1.00
0.000 0.000 0.000 1 1
0.028 0.006 0.006 1
MATERIAL in_metal_r
0.400 0.380 0.380 1.00
0.400 0.380 0.380 1.00
0.300 0.300 0.300 1 30
0.045 0.011 0.010 1
MATERIAL in_dutyred
0.600 0.080 0.050 1.00
0.600 0.080 0.050 1.00
0.000 0.000 0.000 1 1
0.550 0.050 0.030 1
MATERIAL in_door
0.550 0.550 0.560 1.00
0.550 0.550 0.560 1.00
0.250 0.250 0.270 1 25
0.075 0.075 0.080 1
MATERIAL in_wall_d
0.080 0.080 0.085 1.00
0.080 0.080 0.085 1.00
0.020 0.020 0.020 1 5
0.018 0.018 0.020 1
MATERIAL in_floor_d
0.080 0.080 0.080 1.00
0.080 0.080 0.080 1.00
0.050 0.050 0.050 1 10
0.012 0.012 0.013 1
MATERIAL in_ceil_d
0.070 0.070 0.075 1.00
0.070 0.070 0.075 1.00
0.000 0.000 0.000 1 1
0.010 0.010 0.011 1
MATERIAL in_metal_d
0.080 0.080 0.085 1.00
0.080 0.080 0.085 1.00
0.050 0.050 0.050 1 10
0.016 0.016 0.018 1
MATERIAL br_malachite
0.160 0.380 0.310 1.00
0.160 0.380 0.310 1.00
0.400 0.480 0.450 1 35
0.020 0.048 0.040 1
MATERIAL br_cur_ball
0.620 0.860 0.950 0.72
0.620 0.860 0.950 0.72
0.900 0.900 0.900 1 60
0.100 0.260 0.320 1
MATERIAL br_cur_lit
0.780 0.950 1.000 1.00
0.780 0.950 1.000 1.00
0.000 0.000 0.000 1 1
0.780 0.950 1.000 1
MATERIAL br_spot
1.000 0.550 0.120 0.80
1.000 0.550 0.120 0.80
0.000 0.000 0.000 1 1
1.000 0.550 0.120 1
MATERIAL br_cover
1.000 0.350 0.290 0.50
1.000 0.350 0.290 0.50
0.600 0.600 0.600 1 40
0.200 0.040 0.030 1
MATERIAL br_glass_disp
1.000 1.000 1.000 1.00
1.000 1.000 1.000 1.00
0.000 0.000 0.000 1 1
1.000 1.000 1.000 1
MATERIAL br_hud_glass
1.000 1.000 1.000 1.00
1.000 1.000 1.000 1.00
0.000 0.000 0.000 1 1
1.000 1.000 1.000 1
MATERIAL belly_carbide
0.160 0.160 0.170 1.00
0.160 0.160 0.170 1.00
0.150 0.150 0.150 1 10
0.000 0.000 0.000 1
TEXTURES 0
