MSHX1
GROUPS 112
LABEL leg0_sec4
MATERIAL 9
TEXTURE 0
GEOM 48 24 ;leg0_sec4
-1.252 0.270 11.050 -0.6161 0.7877 -0.0000
0.040 1.280 11.050 -0.6161 0.7877 -0.0000
0.040 1.280 -4.450 -0.6161 0.7877 -0.0000
-1.252 0.270 -4.450 -0.6161 0.7877 -0.0000
-0.040 -1.280 11.050 0.6161 -0.7877 0.0000
1.252 -0.270 11.050 0.6161 -0.7877 0.0000
1.252 -0.270 -4.450 0.6161 -0.7877 0.0000
-0.040 -1.280 -4.450 0.6161 -0.7877 0.0000
-1.252 0.270 11.050 -0.7877 -0.6161 -0.0000
-0.040 -1.280 11.050 -0.7877 -0.6161 -0.0000
-0.040 -1.280 -4.450 -0.7877 -0.6161 -0.0000
-1.252 0.270 -4.450 -0.7877 -0.6161 -0.0000
0.040 1.280 11.050 0.7877 0.6161 0.0000
1.252 -0.270 11.050 0.7877 0.6161 0.0000
1.252 -0.270 -4.450 0.7877 0.6161 0.0000
0.040 1.280 -4.450 0.7877 0.6161 0.0000
-1.252 0.270 11.050 -0.0000 -0.0000 1.0000
-0.040 -1.280 11.050 -0.0000 -0.0000 1.0000
1.252 -0.270 11.050 -0.0000 -0.0000 1.0000
0.040 1.280 11.050 -0.0000 -0.0000 1.0000
-1.252 0.270 -4.450 0.0000 0.0000 -1.0000
-0.040 -1.280 -4.450 0.0000 0.0000 -1.0000
1.252 -0.270 -4.450 0.0000 0.0000 -1.0000
0.040 1.280 -4.450 0.0000 0.0000 -1.0000
-1.393 0.287 11.050 -0.6161 0.7877 -0.0000
0.057 1.421 11.050 -0.6161 0.7877 -0.0000
0.057 1.421 9.850 -0.6161 0.7877 -0.0000
-1.393 0.287 9.850 -0.6161 0.7877 -0.0000
-0.057 -1.421 11.050 0.6161 -0.7877 0.0000
1.393 -0.287 11.050 0.6161 -0.7877 0.0000
1.393 -0.287 9.850 0.6161 -0.7877 0.0000
-0.057 -1.421 9.850 0.6161 -0.7877 0.0000
-1.393 0.287 11.050 -0.7877 -0.6161 -0.0000
-0.057 -1.421 11.050 -0.7877 -0.6161 -0.0000
-0.057 -1.421 9.850 -0.7877 -0.6161 -0.0000
-1.393 0.287 9.850 -0.7877 -0.6161 -0.0000
0.057 1.421 11.050 0.7877 0.6161 0.0000
1.393 -0.287 11.050 0.7877 0.6161 0.0000
1.393 -0.287 9.850 0.7877 0.6161 0.0000
0.057 1.421 9.850 0.7877 0.6161 0.0000
-1.393 0.287 11.050 -0.0000 -0.0000 1.0000
-0.057 -1.421 11.050 -0.0000 -0.0000 1.0000
1.393 -0.287 11.050 -0.0000 -0.0000 1.0000
0.057 1.421 11.050 -0.0000 -0.0000 1.0000
-1.393 0.287 9.850 0.0000 0.0000 -1.0000
-0.057 -1.421 9.850 0.0000 0.0000 -1.0000
1.393 -0.287 9.850 0.0000 0.0000 -1.0000
0.057 1.421 9.850 0.0000 0.0000 -1.0000
0 1 2
0 2 3
4 6 5
4 7 6
8 10 9
8 11 10
12 13 14
12 14 15
16 17 18
16 18 19
20 22 21
20 23 22
24 25 26
24 26 27
28 30 29
28 31 30
32 34 33
32 35 34
36 37 38
36 38 39
40 41 42
40 42 43
44 46 45
44 47 46
LABEL leg0_ankle
MATERIAL 7
TEXTURE 0
GEOM 146 184 ;leg0_ankle
-0.700 0.000 -4.950 -1.0000 0.0000 0.0000
-0.647 -0.268 -4.950 -0.9239 -0.3827 0.0000
-0.495 -0.495 -4.950 -0.7071 -0.7071 0.0000
-0.268 -0.647 -4.950 -0.3827 -0.9239 0.0000
0.000 -0.700 -4.950 -0.0000 -1.0000 0.0000
0.268 -0.647 -4.950 0.3827 -0.9239 0.0000
0.495 -0.495 -4.950 0.7071 -0.7071 0.0000
0.647 -0.268 -4.950 0.9239 -0.3827 0.0000
0.700 0.000 -4.950 1.0000 -0.0000 0.0000
0.647 0.268 -4.950 0.9239 0.3827 -0.0000
0.495 0.495 -4.950 0.7071 0.7071 -0.0000
0.268 0.647 -4.950 0.3827 0.9239 -0.0000
0.000 0.700 -4.950 0.0000 1.0000 -0.0000
-0.268 0.647 -4.950 -0.3827 0.9239 0.0000
-0.495 0.495 -4.950 -0.7071 0.7071 0.0000
-0.647 0.268 -4.950 -0.9239 0.3827 0.0000
-0.700 0.000 -3.250 -1.0000 0.0000 0.0000
-0.647 -0.268 -3.250 -0.9239 -0.3827 0.0000
-0.495 -0.495 -3.250 -0.7071 -0.7071 0.0000
-0.268 -0.647 -3.250 -0.3827 -0.9239 0.0000
0.000 -0.700 -3.250 -0.0000 -1.0000 0.0000
0.268 -0.647 -3.250 0.3827 -0.9239 0.0000
0.495 -0.495 -3.250 0.7071 -0.7071 0.0000
0.647 -0.268 -3.250 0.9239 -0.3827 0.0000
0.700 0.000 -3.250 1.0000 -0.0000 0.0000
0.647 0.268 -3.250 0.9239 0.3827 -0.0000
0.495 0.495 -3.250 0.7071 0.7071 -0.0000
0.268 0.647 -3.250 0.3827 0.9239 -0.0000
0.000 0.700 -3.250 0.0000 1.0000 -0.0000
-0.268 0.647 -3.250 -0.3827 0.9239 0.0000
-0.495 0.495 -3.250 -0.7071 0.7071 0.0000
-0.647 0.268 -3.250 -0.9239 0.3827 0.0000
0.000 0.000 -4.950 -0.0000 -0.0000 -1.0000
-0.700 0.000 -4.950 -0.0000 -0.0000 -1.0000
-0.647 -0.268 -4.950 -0.0000 -0.0000 -1.0000
-0.495 -0.495 -4.950 -0.0000 -0.0000 -1.0000
-0.268 -0.647 -4.950 -0.0000 -0.0000 -1.0000
0.000 -0.700 -4.950 -0.0000 -0.0000 -1.0000
0.268 -0.647 -4.950 -0.0000 -0.0000 -1.0000
0.495 -0.495 -4.950 -0.0000 -0.0000 -1.0000
0.647 -0.268 -4.950 -0.0000 -0.0000 -1.0000
0.700 0.000 -4.950 -0.0000 -0.0000 -1.0000
0.647 0.268 -4.950 -0.0000 -0.0000 -1.0000
0.495 0.495 -4.950 -0.0000 -0.0000 -1.0000
0.268 0.647 -4.950 -0.0000 -0.0000 -1.0000
0.000 0.700 -4.950 -0.0000 -0.0000 -1.0000
-0.268 0.647 -4.950 -0.0000 -0.0000 -1.0000
-0.495 0.495 -4.950 -0.0000 -0.0000 -1.0000
-0.647 0.268 -4.950 -0.0000 -0.0000 -1.0000
0.000 0.000 -3.250 0.0000 0.0000 1.0000
-0.700 0.000 -3.250 0.0000 0.0000 1.0000
-0.647 -0.268 -3.250 0.0000 0.0000 1.0000
-0.495 -0.495 -3.250 0.0000 0.0000 1.0000
-0.268 -0.647 -3.250 0.0000 0.0000 1.0000
0.000 -0.700 -3.250 0.0000 0.0000 1.0000
0.268 -0.647 -3.250 0.0000 0.0000 1.0000
0.495 -0.495 -3.250 0.0000 0.0000 1.0000
0.647 -0.268 -3.250 0.0000 0.0000 1.0000
0.700 0.000 -3.250 0.0000 0.0000 1.0000
0.647 0.268 -3.250 0.0000 0.0000 1.0000
0.495 0.495 -3.250 0.0000 0.0000 1.0000
0.268 0.647 -3.250 0.0000 0.0000 1.0000
0.000 0.700 -3.250 0.0000 0.0000 1.0000
-0.268 0.647 -3.250 0.0000 0.0000 1.0000
-0.495 0.495 -3.250 0.0000 0.0000 1.0000
-0.647 0.268 -3.250 0.0000 0.0000 1.0000
0.000 0.000 -5.650 0.0000 0.0000 -1.0000
0.000 0.000 -5.650 0.0000 0.0000 -1.0000
0.000 0.000 -5.650 0.0000 0.0000 -1.0000
0.000 0.000 -5.650 0.0000 0.0000 -1.0000
0.000 0.000 -5.650 0.0000 0.0000 -1.0000
0.000 0.000 -5.650 0.0000 0.0000 -1.0000
0.000 0.000 -5.650 0.0000 0.0000 -1.0000
0.000 0.000 -5.650 0.0000 0.0000 -1.0000
0.000 0.000 -5.650 0.0000 0.0000 -1.0000
0.000 0.000 -5.650 0.0000 0.0000 -1.0000
0.000 0.000 -5.650 0.0000 0.0000 -1.0000
0.000 0.000 -5.650 0.0000 0.0000 -1.0000
0.000 0.000 -5.650 0.0000 0.0000 -1.0000
0.000 0.000 -5.650 0.0000 0.0000 -1.0000
0.000 0.000 -5.650 0.0000 0.0000 -1.0000
0.000 0.000 -5.650 0.0000 0.0000 -1.0000
0.000 0.000 -5.650 0.0000 0.0000 -1.0000
0.000 0.000 -5.650 0.0000 0.0000 -1.0000
0.000 0.000 -5.650 0.0000 0.0000 -1.0000
0.000 0.000 -5.650 0.0000 0.0000 -1.0000
-0.850 0.000 -5.650 -0.7415 0.0000 -0.6709
-0.808 -0.263 -5.650 -0.7052 -0.2291 -0.6709
-0.688 -0.500 -5.650 -0.5999 -0.4359 -0.6709
-0.500 -0.688 -5.650 -0.4359 -0.5999 -0.6709
-0.263 -0.808 -5.650 -0.2291 -0.7052 -0.6709
0.000 -0.850 -5.650 -0.0000 -0.7415 -0.6709
0.263 -0.808 -5.650 0.2291 -0.7052 -0.6709
0.500 -0.688 -5.650 0.4359 -0.5999 -0.6709
0.688 -0.500 -5.650 0.5999 -0.4359 -0.6709
0.808 -0.263 -5.650 0.7052 -0.2291 -0.6709
0.850 0.000 -5.650 0.7415 -0.0000 -0.6709
0.808 0.263 -5.650 0.7052 0.2291 -0.6709
0.688 0.500 -5.650 0.5999 0.4359 -0.6709
0.500 0.688 -5.650 0.4359 0.5999 -0.6709
0.263 0.808 -5.650 0.2291 0.7052 -0.6709
0.000 0.850 -5.650 0.0000 0.7415 -0.6709
-0.263 0.808 -5.650 -0.2291 0.7052 -0.6709
-0.500 0.688 -5.650 -0.4359 0.5999 -0.6709
-0.688 0.500 -5.650 -0.5999 0.4359 -0.6709
-0.808 0.263 -5.650 -0.7052 0.2291 -0.6709
-0.950 0.000 -4.600 -0.8831 0.0000 0.4692
-0.904 -0.294 -4.600 -0.8399 -0.2729 0.4692
-0.769 -0.558 -4.600 -0.7145 -0.5191 0.4692
-0.558 -0.769 -4.600 -0.5191 -0.7145 0.4692
-0.294 -0.904 -4.600 -0.2729 -0.8399 0.4692
0.000 -0.950 -4.600 -0.0000 -0.8831 0.4692
0.294 -0.904 -4.600 0.2729 -0.8399 0.4692
0.558 -0.769 -4.600 0.5191 -0.7145 0.4692
0.769 -0.558 -4.600 0.7145 -0.5191 0.4692
0.904 -0.294 -4.600 0.8399 -0.2729 0.4692
0.950 0.000 -4.600 0.8831 -0.0000 0.4692
0.904 0.294 -4.600 0.8399 0.2729 0.4692
0.769 0.558 -4.600 0.7145 0.5191 0.4692
0.558 0.769 -4.600 0.5191 0.7145 0.4692
0.294 0.904 -4.600 0.2729 0.8399 0.4692
0.000 0.950 -4.600 0.0000 0.8831 0.4692
-0.294 0.904 -4.600 -0.2729 0.8399 0.4692
-0.558 0.769 -4.600 -0.5191 0.7145 0.4692
-0.769 0.558 -4.600 -0.7145 0.5191 0.4692
-0.904 0.294 -4.600 -0.8399 0.2729 0.4692
0.000 0.000 -4.050 -0.5010 0.0000 0.8654
0.000 0.000 -4.050 -0.4765 -0.1548 0.8654
0.000 0.000 -4.050 -0.4053 -0.2945 0.8654
0.000 0.000 -4.050 -0.2945 -0.4053 0.8654
0.000 0.000 -4.050 -0.1548 -0.4765 0.8654
0.000 0.000 -4.050 -0.0000 -0.5010 0.8654
0.000 0.000 -4.050 0.1548 -0.4765 0.8654
0.000 0.000 -4.050 0.2945 -0.4053 0.8654
0.000 0.000 -4.050 0.4053 -0.2945 0.8654
0.000 0.000 -4.050 0.4765 -0.1548 0.8654
0.000 0.000 -4.050 0.5010 -0.0000 0.8654
0.000 0.000 -4.050 0.4765 0.1548 0.8654
0.000 0.000 -4.050 0.4053 0.2945 0.8654
0.000 0.000 -4.050 0.2945 0.4053 0.8654
0.000 0.000 -4.050 0.1548 0.4765 0.8654
0.000 0.000 -4.050 0.0000 0.5010 0.8654
0.000 0.000 -4.050 -0.1548 0.4765 0.8654
0.000 0.000 -4.050 -0.2945 0.4053 0.8654
0.000 0.000 -4.050 -0.4053 0.2945 0.8654
0.000 0.000 -4.050 -0.4765 0.1548 0.8654
0 1 17
0 17 16
1 2 18
1 18 17
2 3 19
2 19 18
3 4 20
3 20 19
4 5 21
4 21 20
5 6 22
5 22 21
6 7 23
6 23 22
7 8 24
7 24 23
8 9 25
8 25 24
9 10 26
9 26 25
10 11 27
10 27 26
11 12 28
11 28 27
12 13 29
12 29 28
13 14 30
13 30 29
14 15 31
14 31 30
15 0 16
15 16 31
32 34 33
32 35 34
32 36 35
32 37 36
32 38 37
32 39 38
32 40 39
32 41 40
32 42 41
32 43 42
32 44 43
32 45 44
32 46 45
32 47 46
32 48 47
32 33 48
49 50 51
49 51 52
49 52 53
49 53 54
49 54 55
49 55 56
49 56 57
49 57 58
49 58 59
49 59 60
49 60 61
49 61 62
49 62 63
49 63 64
49 64 65
49 65 50
66 67 87
66 87 86
67 68 88
67 88 87
68 69 89
68 89 88
69 70 90
69 90 89
70 71 91
70 91 90
71 72 92
71 92 91
72 73 93
72 93 92
73 74 94
73 94 93
74 75 95
74 95 94
75 76 96
75 96 95
76 77 97
76 97 96
77 78 98
77 98 97
78 79 99
78 99 98
79 80 100
79 100 99
80 81 101
80 101 100
81 82 102
81 102 101
82 83 103
82 103 102
83 84 104
83 104 103
84 85 105
84 105 104
85 66 86
85 86 105
86 87 107
86 107 106
87 88 108
87 108 107
88 89 109
88 109 108
89 90 110
89 110 109
90 91 111
90 111 110
91 92 112
91 112 111
92 93 113
92 113 112
93 94 114
93 114 113
94 95 115
94 115 114
95 96 116
95 116 115
96 97 117
96 117 116
97 98 118
97 118 117
98 99 119
98 119 118
99 100 120
99 120 119
100 101 121
100 121 120
101 102 122
101 122 121
102 103 123
102 123 122
103 104 124
103 124 123
104 105 125
104 125 124
105 86 106
105 106 125
106 107 127
106 127 126
107 108 128
107 128 127
108 109 129
108 129 128
109 110 130
109 130 129
110 111 131
110 131 130
111 112 132
111 132 131
112 113 133
112 133 132
113 114 134
113 134 133
114 115 135
114 135 134
115 116 136
115 136 135
116 117 137
116 137 136
117 118 138
117 138 137
118 119 139
118 139 138
119 120 140
119 140 139
120 121 141
120 141 140
121 122 142
121 142 141
122 123 143
122 143 142
123 124 144
123 144 143
124 125 145
124 145 144
125 106 126
125 126 145
LABEL sfoot0_hub
MATERIAL 7
TEXTURE 0
GEOM 168 288 ;sfoot0_hub
0.000 0.000 -10.050 0.0000 0.0000 -1.0000
0.000 0.000 -10.050 0.0000 0.0000 -1.0000
0.000 0.000 -10.050 0.0000 0.0000 -1.0000
0.000 0.000 -10.050 0.0000 0.0000 -1.0000
0.000 0.000 -10.050 0.0000 0.0000 -1.0000
0.000 0.000 -10.050 0.0000 0.0000 -1.0000
0.000 0.000 -10.050 0.0000 0.0000 -1.0000
0.000 0.000 -10.050 0.0000 0.0000 -1.0000
0.000 0.000 -10.050 0.0000 0.0000 -1.0000
0.000 0.000 -10.050 0.0000 0.0000 -1.0000
0.000 0.000 -10.050 0.0000 0.0000 -1.0000
0.000 0.000 -10.050 0.0000 0.0000 -1.0000
0.000 0.000 -10.050 0.0000 0.0000 -1.0000
0.000 0.000 -10.050 0.0000 0.0000 -1.0000
0.000 0.000 -10.050 0.0000 0.0000 -1.0000
0.000 0.000 -10.050 0.0000 0.0000 -1.0000
0.000 0.000 -10.050 0.0000 0.0000 -1.0000
0.000 0.000 -10.050 0.0000 0.0000 -1.0000
0.000 0.000 -10.050 0.0000 0.0000 -1.0000
0.000 0.000 -10.050 0.0000 0.0000 -1.0000
0.000 0.000 -10.050 0.0000 0.0000 -1.0000
0.000 0.000 -10.050 0.0000 0.0000 -1.0000
0.000 0.000 -10.050 0.0000 0.0000 -1.0000
0.000 0.000 -10.050 0.0000 0.0000 -1.0000
-0.950 0.000 -10.050 -0.6441 0.0000 -0.7649
-0.918 -0.246 -10.050 -0.6222 -0.1667 -0.7649
-0.823 -0.475 -10.050 -0.5578 -0.3221 -0.7649
-0.672 -0.672 -10.050 -0.4555 -0.4555 -0.7649
-0.475 -0.823 -10.050 -0.3221 -0.5578 -0.7649
-0.246 -0.918 -10.050 -0.1667 -0.6222 -0.7649
0.000 -0.950 -10.050 -0.0000 -0.6441 -0.7649
0.246 -0.918 -10.050 0.1667 -0.6222 -0.7649
0.475 -0.823 -10.050 0.3221 -0.5578 -0.7649
0.672 -0.672 -10.050 0.4555 -0.4555 -0.7649
0.823 -0.475 -10.050 0.5578 -0.3221 -0.7649
0.918 -0.246 -10.050 0.6222 -0.1667 -0.7649
0.950 0.000 -10.050 0.6441 -0.0000 -0.7649
0.918 0.246 -10.050 0.6222 0.1667 -0.7649
0.823 0.475 -10.050 0.5578 0.3221 -0.7649
0.672 0.672 -10.050 0.4555 0.4555 -0.7649
0.475 0.823 -10.050 0.3221 0.5578 -0.7649
0.246 0.918 -10.050 0.1667 0.6222 -0.7649
0.000 0.950 -10.050 0.0000 0.6441 -0.7649
-0.246 0.918 -10.050 -0.1667 0.6222 -0.7649
-0.475 0.823 -10.050 -0.3221 0.5578 -0.7649
-0.672 0.672 -10.050 -0.4555 0.4555 -0.7649
-0.823 0.475 -10.050 -0.5578 0.3221 -0.7649
-0.918 0.246 -10.050 -0.6222 0.1667 -0.7649
-0.950 0.000 -9.250 -0.9671 0.0000 0.2545
-0.918 -0.246 -9.250 -0.9341 -0.2503 0.2545
-0.823 -0.475 -9.250 -0.8375 -0.4835 0.2545
-0.672 -0.672 -9.250 -0.6838 -0.6838 0.2545
-0.475 -0.823 -9.250 -0.4835 -0.8375 0.2545
-0.246 -0.918 -9.250 -0.2503 -0.9341 0.2545
0.000 -0.950 -9.250 -0.0000 -0.9671 0.2545
0.246 -0.918 -9.250 0.2503 -0.9341 0.2545
0.475 -0.823 -9.250 0.4835 -0.8375 0.2545
0.672 -0.672 -9.250 0.6838 -0.6838 0.2545
0.823 -0.475 -9.250 0.8375 -0.4835 0.2545
0.918 -0.246 -9.250 0.9341 -0.2503 0.2545
0.950 0.000 -9.250 0.9671 -0.0000 0.2545
0.918 0.246 -9.250 0.9341 0.2503 0.2545
0.823 0.475 -9.250 0.8375 0.4835 0.2545
0.672 0.672 -9.250 0.6838 0.6838 0.2545
0.475 0.823 -9.250 0.4835 0.8375 0.2545
0.246 0.918 -9.250 0.2503 0.9341 0.2545
0.000 0.950 -9.250 0.0000 0.9671 0.2545
-0.246 0.918 -9.250 -0.2503 0.9341 0.2545
-0.475 0.823 -9.250 -0.4835 0.8375 0.2545
-0.672 0.672 -9.250 -0.6838 0.6838 0.2545
-0.823 0.475 -9.250 -0.8375 0.4835 0.2545
-0.918 0.246 -9.250 -0.9341 0.2503 0.2545
-0.700 0.000 -9.100 -0.9977 0.0000 0.0674
-0.676 -0.181 -9.100 -0.9637 -0.2582 0.0674
-0.606 -0.350 -9.100 -0.8641 -0.4989 0.0674
-0.495 -0.495 -9.100 -0.7055 -0.7055 0.0674
-0.350 -0.606 -9.100 -0.4989 -0.8641 0.0674
-0.181 -0.676 -9.100 -0.2582 -0.9637 0.0674
0.000 -0.700 -9.100 -0.0000 -0.9977 0.0674
0.181 -0.676 -9.100 0.2582 -0.9637 0.0674
0.350 -0.606 -9.100 0.4989 -0.8641 0.0674
0.495 -0.495 -9.100 0.7055 -0.7055 0.0674
0.606 -0.350 -9.100 0.8641 -0.4989 0.0674
0.676 -0.181 -9.100 0.9637 -0.2582 0.0674
0.700 0.000 -9.100 0.9977 -0.0000 0.0674
0.676 0.181 -9.100 0.9637 0.2582 0.0674
0.606 0.350 -9.100 0.8641 0.4989 0.0674
0.495 0.495 -9.100 0.7055 0.7055 0.0674
0.350 0.606 -9.100 0.4989 0.8641 0.0674
0.181 0.676 -9.100 0.2582 0.9637 0.0674
0.000 0.700 -9.100 0.0000 0.9977 0.0674
-0.181 0.676 -9.100 -0.2582 0.9637 0.0674
-0.350 0.606 -9.100 -0.4989 0.8641 0.0674
-0.495 0.495 -9.100 -0.7055 0.7055 0.0674
-0.606 0.350 -9.100 -0.8641 0.4989 0.0674
-0.676 0.181 -9.100 -0.9637 0.2582 0.0674
-0.700 0.000 -5.550 -0.9979 0.0000 -0.0648
-0.676 -0.181 -5.550 -0.9639 -0.2583 -0.0648
-0.606 -0.350 -5.550 -0.8642 -0.4989 -0.0648
-0.495 -0.495 -5.550 -0.7056 -0.7056 -0.0648
-0.350 -0.606 -5.550 -0.4989 -0.8642 -0.0648
-0.181 -0.676 -5.550 -0.2583 -0.9639 -0.0648
0.000 -0.700 -5.550 -0.0000 -0.9979 -0.0648
0.181 -0.676 -5.550 0.2583 -0.9639 -0.0648
0.350 -0.606 -5.550 0.4989 -0.8642 -0.0648
0.495 -0.495 -5.550 0.7056 -0.7056 -0.0648
0.606 -0.350 -5.550 0.8642 -0.4989 -0.0648
0.676 -0.181 -5.550 0.9639 -0.2583 -0.0648
0.700 0.000 -5.550 0.9979 -0.0000 -0.0648
0.676 0.181 -5.550 0.9639 0.2583 -0.0648
0.606 0.350 -5.550 0.8642 0.4989 -0.0648
0.495 0.495 -5.550 0.7056 0.7056 -0.0648
0.350 0.606 -5.550 0.4989 0.8642 -0.0648
0.181 0.676 -5.550 0.2583 0.9639 -0.0648
0.000 0.700 -5.550 0.0000 0.9979 -0.0648
-0.181 0.676 -5.550 -0.2583 0.9639 -0.0648
-0.350 0.606 -5.550 -0.4989 0.8642 -0.0648
-0.495 0.495 -5.550 -0.7056 0.7056 -0.0648
-0.606 0.350 -5.550 -0.8642 0.4989 -0.0648
-0.676 0.181 -5.550 -0.9639 0.2583 -0.0648
-0.950 0.000 -5.250 -0.8321 0.0000 0.5547
-0.918 -0.246 -5.250 -0.8037 -0.2154 0.5547
-0.823 -0.475 -5.250 -0.7206 -0.4160 0.5547
-0.672 -0.672 -5.250 -0.5883 -0.5883 0.5547
-0.475 -0.823 -5.250 -0.4160 -0.7206 0.5547
-0.246 -0.918 -5.250 -0.2154 -0.8037 0.5547
0.000 -0.950 -5.250 -0.0000 -0.8321 0.5547
0.246 -0.918 -5.250 0.2154 -0.8037 0.5547
0.475 -0.823 -5.250 0.4160 -0.7206 0.5547
0.672 -0.672 -5.250 0.5883 -0.5883 0.5547
0.823 -0.475 -5.250 0.7206 -0.4160 0.5547
0.918 -0.246 -5.250 0.8037 -0.2154 0.5547
0.950 0.000 -5.250 0.8321 -0.0000 0.5547
0.918 0.246 -5.250 0.8037 0.2154 0.5547
0.823 0.475 -5.250 0.7206 0.4160 0.5547
0.672 0.672 -5.250 0.5883 0.5883 0.5547
0.475 0.823 -5.250 0.4160 0.7206 0.5547
0.246 0.918 -5.250 0.2154 0.8037 0.5547
0.000 0.950 -5.250 0.0000 0.8321 0.5547
-0.246 0.918 -5.250 -0.2154 0.8037 0.5547
-0.475 0.823 -5.250 -0.4160 0.7206 0.5547
-0.672 0.672 -5.250 -0.5883 0.5883 0.5547
-0.823 0.475 -5.250 -0.7206 0.4160 0.5547
-0.918 0.246 -5.250 -0.8037 0.2154 0.5547
0.000 0.000 -4.500 -0.6196 0.0000 0.7849
0.000 0.000 -4.500 -0.5985 -0.1604 0.7849
0.000 0.000 -4.500 -0.5366 -0.3098 0.7849
0.000 0.000 -4.500 -0.4382 -0.4382 0.7849
0.000 0.000 -4.500 -0.3098 -0.5366 0.7849
0.000 0.000 -4.500 -0.1604 -0.5985 0.7849
0.000 0.000 -4.500 -0.0000 -0.6196 0.7849
0.000 0.000 -4.500 0.1604 -0.5985 0.7849
0.000 0.000 -4.500 0.3098 -0.5366 0.7849
0.000 0.000 -4.500 0.4382 -0.4382 0.7849
0.000 0.000 -4.500 0.5366 -0.3098 0.7849
0.000 0.000 -4.500 0.5985 -0.1604 0.7849
0.000 0.000 -4.500 0.6196 -0.0000 0.7849
0.000 0.000 -4.500 0.5985 0.1604 0.7849
0.000 0.000 -4.500 0.5366 0.3098 0.7849
0.000 0.000 -4.500 0.4382 0.4382 0.7849
0.000 0.000 -4.500 0.3098 0.5366 0.7849
0.000 0.000 -4.500 0.1604 0.5985 0.7849
0.000 0.000 -4.500 0.0000 0.6196 0.7849
0.000 0.000 -4.500 -0.1604 0.5985 0.7849
0.000 0.000 -4.500 -0.3098 0.5366 0.7849
0.000 0.000 -4.500 -0.4382 0.4382 0.7849
0.000 0.000 -4.500 -0.5366 0.3098 0.7849
0.000 0.000 -4.500 -0.5985 0.1604 0.7849
0 1 25
0 25 24
1 2 26
1 26 25
2 3 27
2 27 26
3 4 28
3 28 27
4 5 29
4 29 28
5 6 30
5 30 29
6 7 31
6 31 30
7 8 32
7 32 31
8 9 33
8 33 32
9 10 34
9 34 33
10 11 35
10 35 34
11 12 36
11 36 35
12 13 37
12 37 36
13 14 38
13 38 37
14 15 39
14 39 38
15 16 40
15 40 39
16 17 41
16 41 40
17 18 42
17 42 41
18 19 43
18 43 42
19 20 44
19 44 43
20 21 45
20 45 44
21 22 46
21 46 45
22 23 47
22 47 46
23 0 24
23 24 47
24 25 49
24 49 48
25 26 50
25 50 49
26 27 51
26 51 50
27 28 52
27 52 51
28 29 53
28 53 52
29 30 54
29 54 53
30 31 55
30 55 54
31 32 56
31 56 55
32 33 57
32 57 56
33 34 58
33 58 57
34 35 59
34 59 58
35 36 60
35 60 59
36 37 61
36 61 60
37 38 62
37 62 61
38 39 63
38 63 62
39 40 64
39 64 63
40 41 65
40 65 64
41 42 66
41 66 65
42 43 67
42 67 66
43 44 68
43 68 67
44 45 69
44 69 68
45 46 70
45 70 69
46 47 71
46 71 70
47 24 48
47 48 71
48 49 73
48 73 72
49 50 74
49 74 73
50 51 75
50 75 74
51 52 76
51 76 75
52 53 77
52 77 76
53 54 78
53 78 77
54 55 79
54 79 78
55 56 80
55 80 79
56 57 81
56 81 80
57 58 82
57 82 81
58 59 83
58 83 82
59 60 84
59 84 83
60 61 85
60 85 84
61 62 86
61 86 85
62 63 87
62 87 86
63 64 88
63 88 87
64 65 89
64 89 88
65 66 90
65 90 89
66 67 91
66 91 90
67 68 92
67 92 91
68 69 93
68 93 92
69 70 94
69 94 93
70 71 95
70 95 94
71 48 72
71 72 95
72 73 97
72 97 96
73 74 98
73 98 97
74 75 99
74 99 98
75 76 100
75 100 99
76 77 101
76 101 100
77 78 102
77 102 101
78 79 103
78 103 102
79 80 104
79 104 103
80 81 105
80 105 104
81 82 106
81 106 105
82 83 107
82 107 106
83 84 108
83 108 107
84 85 109
84 109 108
85 86 110
85 110 109
86 87 111
86 111 110
87 88 112
87 112 111
88 89 113
88 113 112
89 90 114
89 114 113
90 91 115
90 115 114
91 92 116
91 116 115
92 93 117
92 117 116
93 94 118
93 118 117
94 95 119
94 119 118
95 72 96
95 96 119
96 97 121
96 121 120
97 98 122
97 122 121
98 99 123
98 123 122
99 100 124
99 124 123
100 101 125
100 125 124
101 102 126
101 126 125
102 103 127
102 127 126
103 104 128
103 128 127
104 105 129
104 129 128
105 106 130
105 130 129
106 107 131
106 131 130
107 108 132
107 132 131
108 109 133
108 133 132
109 110 134
109 134 133
110 111 135
110 135 134
111 112 136
111 136 135
112 113 137
112 137 136
113 114 138
113 138 137
114 115 139
114 139 138
115 116 140
115 140 139
116 117 141
116 141 140
117 118 142
117 142 141
118 119 143
118 143 142
119 96 120
119 120 143
120 121 145
120 145 144
121 122 146
121 146 145
122 123 147
122 147 146
123 124 148
123 148 147
124 125 149
124 149 148
125 126 150
125 150 149
126 127 151
126 151 150
127 128 152
127 152 151
128 129 153
128 153 152
129 130 154
129 154 153
130 131 155
130 155 154
131 132 156
131 156 155
132 133 157
132 157 156
133 134 158
133 158 157
134 135 159
134 159 158
135 136 160
135 160 159
136 137 161
136 161 160
137 138 162
137 162 161
138 139 163
138 163 162
139 140 164
139 164 163
140 141 165
140 165 164
141 142 166
141 166 165
142 143 167
142 167 166
143 120 144
143 144 167
LABEL sfoot0_mast
MATERIAL 7
TEXTURE 0
GEOM 506 480 ;sfoot0_mast
-1.450 0.000 -6.000 -1.0000 0.0000 0.0000
-1.401 -0.375 -6.000 -0.9659 -0.2588 0.0000
-1.256 -0.725 -6.000 -0.8660 -0.5000 0.0000
-1.025 -1.025 -6.000 -0.7071 -0.7071 0.0000
-0.725 -1.256 -6.000 -0.5000 -0.8660 0.0000
-0.375 -1.401 -6.000 -0.2588 -0.9659 0.0000
0.000 -1.450 -6.000 -0.0000 -1.0000 0.0000
0.375 -1.401 -6.000 0.2588 -0.9659 0.0000
0.725 -1.256 -6.000 0.5000 -0.8660 0.0000
1.025 -1.025 -6.000 0.7071 -0.7071 0.0000
1.256 -0.725 -6.000 0.8660 -0.5000 0.0000
1.401 -0.375 -6.000 0.9659 -0.2588 0.0000
1.450 0.000 -6.000 1.0000 -0.0000 0.0000
1.401 0.375 -6.000 0.9659 0.2588 -0.0000
1.256 0.725 -6.000 0.8660 0.5000 -0.0000
1.025 1.025 -6.000 0.7071 0.7071 -0.0000
0.725 1.256 -6.000 0.5000 0.8660 -0.0000
0.375 1.401 -6.000 0.2588 0.9659 -0.0000
0.000 1.450 -6.000 0.0000 1.0000 -0.0000
-0.375 1.401 -6.000 -0.2588 0.9659 0.0000
-0.725 1.256 -6.000 -0.5000 0.8660 0.0000
-1.025 1.025 -6.000 -0.7071 0.7071 0.0000
-1.256 0.725 -6.000 -0.8660 0.5000 0.0000
-1.401 0.375 -6.000 -0.9659 0.2588 0.0000
-1.450 0.000 -5.300 -1.0000 0.0000 0.0000
-1.401 -0.375 -5.300 -0.9659 -0.2588 0.0000
-1.256 -0.725 -5.300 -0.8660 -0.5000 0.0000
-1.025 -1.025 -5.300 -0.7071 -0.7071 0.0000
-0.725 -1.256 -5.300 -0.5000 -0.8660 0.0000
-0.375 -1.401 -5.300 -0.2588 -0.9659 0.0000
0.000 -1.450 -5.300 -0.0000 -1.0000 0.0000
0.375 -1.401 -5.300 0.2588 -0.9659 0.0000
0.725 -1.256 -5.300 0.5000 -0.8660 0.0000
1.025 -1.025 -5.300 0.7071 -0.7071 0.0000
1.256 -0.725 -5.300 0.8660 -0.5000 0.0000
1.401 -0.375 -5.300 0.9659 -0.2588 0.0000
1.450 0.000 -5.300 1.0000 -0.0000 0.0000
1.401 0.375 -5.300 0.9659 0.2588 -0.0000
1.256 0.725 -5.300 0.8660 0.5000 -0.0000
1.025 1.025 -5.300 0.7071 0.7071 -0.0000
0.725 1.256 -5.300 0.5000 0.8660 -0.0000
0.375 1.401 -5.300 0.2588 0.9659 -0.0000
0.000 1.450 -5.300 0.0000 1.0000 -0.0000
-0.375 1.401 -5.300 -0.2588 0.9659 0.0000
-0.725 1.256 -5.300 -0.5000 0.8660 0.0000
-1.025 1.025 -5.300 -0.7071 0.7071 0.0000
-1.256 0.725 -5.300 -0.8660 0.5000 0.0000
-1.401 0.375 -5.300 -0.9659 0.2588 0.0000
0.000 0.000 -6.000 -0.0000 -0.0000 -1.0000
-1.450 0.000 -6.000 -0.0000 -0.0000 -1.0000
-1.401 -0.375 -6.000 -0.0000 -0.0000 -1.0000
-1.256 -0.725 -6.000 -0.0000 -0.0000 -1.0000
-1.025 -1.025 -6.000 -0.0000 -0.0000 -1.0000
-0.725 -1.256 -6.000 -0.0000 -0.0000 -1.0000
-0.375 -1.401 -6.000 -0.0000 -0.0000 -1.0000
0.000 -1.450 -6.000 -0.0000 -0.0000 -1.0000
0.375 -1.401 -6.000 -0.0000 -0.0000 -1.0000
0.725 -1.256 -6.000 -0.0000 -0.0000 -1.0000
1.025 -1.025 -6.000 -0.0000 -0.0000 -1.0000
1.256 -0.725 -6.000 -0.0000 -0.0000 -1.0000
1.401 -0.375 -6.000 -0.0000 -0.0000 -1.0000
1.450 0.000 -6.000 -0.0000 -0.0000 -1.0000
1.401 0.375 -6.000 -0.0000 -0.0000 -1.0000
1.256 0.725 -6.000 -0.0000 -0.0000 -1.0000
1.025 1.025 -6.000 -0.0000 -0.0000 -1.0000
0.725 1.256 -6.000 -0.0000 -0.0000 -1.0000
0.375 1.401 -6.000 -0.0000 -0.0000 -1.0000
0.000 1.450 -6.000 -0.0000 -0.0000 -1.0000
-0.375 1.401 -6.000 -0.0000 -0.0000 -1.0000
-0.725 1.256 -6.000 -0.0000 -0.0000 -1.0000
-1.025 1.025 -6.000 -0.0000 -0.0000 -1.0000
-1.256 0.725 -6.000 -0.0000 -0.0000 -1.0000
-1.401 0.375 -6.000 -0.0000 -0.0000 -1.0000
0.000 0.000 -5.300 0.0000 0.0000 1.0000
-1.450 0.000 -5.300 0.0000 0.0000 1.0000
-1.401 -0.375 -5.300 0.0000 0.0000 1.0000
-1.256 -0.725 -5.300 0.0000 0.0000 1.0000
-1.025 -1.025 -5.300 0.0000 0.0000 1.0000
-0.725 -1.256 -5.300 0.0000 0.0000 1.0000
-0.375 -1.401 -5.300 0.0000 0.0000 1.0000
0.000 -1.450 -5.300 0.0000 0.0000 1.0000
0.375 -1.401 -5.300 0.0000 0.0000 1.0000
0.725 -1.256 -5.300 0.0000 0.0000 1.0000
1.025 -1.025 -5.300 0.0000 0.0000 1.0000
1.256 -0.725 -5.300 0.0000 0.0000 1.0000
1.401 -0.375 -5.300 0.0000 0.0000 1.0000
1.450 0.000 -5.300 0.0000 0.0000 1.0000
1.401 0.375 -5.300 0.0000 0.0000 1.0000
1.256 0.725 -5.300 0.0000 0.0000 1.0000
1.025 1.025 -5.300 0.0000 0.0000 1.0000
0.725 1.256 -5.300 0.0000 0.0000 1.0000
0.375 1.401 -5.300 0.0000 0.0000 1.0000
0.000 1.450 -5.300 0.0000 0.0000 1.0000
-0.375 1.401 -5.300 0.0000 0.0000 1.0000
-0.725 1.256 -5.300 0.0000 0.0000 1.0000
-1.025 1.025 -5.300 0.0000 0.0000 1.0000
-1.256 0.725 -5.300 0.0000 0.0000 1.0000
-1.401 0.375 -5.300 0.0000 0.0000 1.0000
0.557 -1.083 -5.870 0.0000 0.0000 -1.0000
0.578 -1.237 -5.806 0.0988 -0.7002 -0.7071
0.587 -1.301 -5.650 0.1397 -0.9902 -0.0000
0.578 -1.237 -5.494 0.0988 -0.7002 0.7071
0.557 -1.083 -5.430 0.0000 -0.0000 1.0000
0.535 -0.929 -5.494 -0.0988 0.7002 0.7071
0.526 -0.865 -5.650 -0.1397 0.9902 0.0000
0.535 -0.929 -5.806 -0.0988 0.7002 -0.7071
-0.235 -1.195 -5.870 0.0000 0.0000 -1.0000
-0.214 -1.349 -5.806 0.0988 -0.7002 -0.7071
-0.205 -1.412 -5.650 0.1397 -0.9902 -0.0000
-0.214 -1.349 -5.494 0.0988 -0.7002 0.7071
-0.235 -1.195 -5.430 0.0000 -0.0000 1.0000
-0.257 -1.041 -5.494 -0.0988 0.7002 0.7071
-0.266 -0.977 -5.650 -0.1397 0.9902 0.0000
-0.257 -1.041 -5.806 -0.0988 0.7002 -0.7071
0.557 -1.083 -5.650 0.9902 0.1397 -0.0000
0.557 -1.083 -5.870 0.9902 0.1397 -0.0000
0.578 -1.237 -5.806 0.9902 0.1397 -0.0000
0.587 -1.301 -5.650 0.9902 0.1397 -0.0000
0.578 -1.237 -5.494 0.9902 0.1397 -0.0000
0.557 -1.083 -5.430 0.9902 0.1397 -0.0000
0.535 -0.929 -5.494 0.9902 0.1397 -0.0000
0.526 -0.865 -5.650 0.9902 0.1397 -0.0000
0.535 -0.929 -5.806 0.9902 0.1397 -0.0000
-0.235 -1.195 -5.650 -0.9902 -0.1397 0.0000
-0.235 -1.195 -5.870 -0.9902 -0.1397 0.0000
-0.214 -1.349 -5.806 -0.9902 -0.1397 0.0000
-0.205 -1.412 -5.650 -0.9902 -0.1397 0.0000
-0.214 -1.349 -5.494 -0.9902 -0.1397 0.0000
-0.235 -1.195 -5.430 -0.9902 -0.1397 0.0000
-0.257 -1.041 -5.494 -0.9902 -0.1397 0.0000
-0.266 -0.977 -5.650 -0.9902 -0.1397 0.0000
-0.257 -1.041 -5.806 -0.9902 -0.1397 0.0000
-0.059 -1.216 -5.870 0.0000 0.0000 -1.0000
-0.117 -1.360 -5.806 -0.2645 -0.6558 -0.7071
-0.142 -1.420 -5.650 -0.3741 -0.9274 -0.0000
-0.117 -1.360 -5.494 -0.2645 -0.6558 0.7071
-0.059 -1.216 -5.430 -0.0000 -0.0000 1.0000
-0.001 -1.072 -5.494 0.2645 0.6558 0.7071
0.023 -1.012 -5.650 0.3741 0.9274 0.0000
-0.001 -1.072 -5.806 0.2645 0.6558 -0.7071
-0.801 -0.917 -5.870 0.0000 0.0000 -1.0000
-0.859 -1.061 -5.806 -0.2645 -0.6558 -0.7071
-0.883 -1.121 -5.650 -0.3741 -0.9274 -0.0000
-0.859 -1.061 -5.494 -0.2645 -0.6558 0.7071
-0.801 -0.917 -5.430 -0.0000 -0.0000 1.0000
-0.743 -0.773 -5.494 0.2645 0.6558 0.7071
-0.719 -0.713 -5.650 0.3741 0.9274 0.0000
-0.743 -0.773 -5.806 0.2645 0.6558 -0.7071
-0.059 -1.216 -5.650 0.9274 -0.3741 -0.0000
-0.059 -1.216 -5.870 0.9274 -0.3741 -0.0000
-0.117 -1.360 -5.806 0.9274 -0.3741 -0.0000
-0.142 -1.420 -5.650 0.9274 -0.3741 -0.0000
-0.117 -1.360 -5.494 0.9274 -0.3741 -0.0000
-0.059 -1.216 -5.430 0.9274 -0.3741 -0.0000
-0.001 -1.072 -5.494 0.9274 -0.3741 -0.0000
0.023 -1.012 -5.650 0.9274 -0.3741 -0.0000
-0.001 -1.072 -5.806 0.9274 -0.3741 -0.0000
-0.801 -0.917 -5.650 -0.9274 0.3741 0.0000
-0.801 -0.917 -5.870 -0.9274 0.3741 0.0000
-0.859 -1.061 -5.806 -0.9274 0.3741 0.0000
-0.883 -1.121 -5.650 -0.9274 0.3741 0.0000
-0.859 -1.061 -5.494 -0.9274 0.3741 0.0000
-0.801 -0.917 -5.430 -0.9274 0.3741 0.0000
-0.743 -0.773 -5.494 -0.9274 0.3741 0.0000
-0.719 -0.713 -5.650 -0.9274 0.3741 0.0000
-0.743 -0.773 -5.806 -0.9274 0.3741 0.0000
-0.659 -1.024 -5.870 0.0000 0.0000 -1.0000
-0.782 -1.119 -5.806 -0.5570 -0.4356 -0.7071
-0.833 -1.159 -5.650 -0.7877 -0.6161 -0.0000
-0.782 -1.119 -5.494 -0.5570 -0.4356 0.7071
-0.659 -1.024 -5.430 -0.0000 -0.0000 1.0000
-0.537 -0.928 -5.494 0.5570 0.4356 0.7071
-0.486 -0.888 -5.650 0.7877 0.6161 0.0000
-0.537 -0.928 -5.806 0.5570 0.4356 -0.7071
-1.152 -0.393 -5.870 0.0000 0.0000 -1.0000
-1.275 -0.489 -5.806 -0.5570 -0.4356 -0.7071
-1.326 -0.529 -5.650 -0.7877 -0.6161 -0.0000
-1.275 -0.489 -5.494 -0.5570 -0.4356 0.7071
-1.152 -0.393 -5.430 -0.0000 -0.0000 1.0000
-1.030 -0.298 -5.494 0.5570 0.4356 0.7071
-0.979 -0.258 -5.650 0.7877 0.6161 0.0000
-1.030 -0.298 -5.806 0.5570 0.4356 -0.7071
-0.659 -1.024 -5.650 0.6161 -0.7877 -0.0000
-0.659 -1.024 -5.870 0.6161 -0.7877 -0.0000
-0.782 -1.119 -5.806 0.6161 -0.7877 -0.0000
-0.833 -1.159 -5.650 0.6161 -0.7877 -0.0000
-0.782 -1.119 -5.494 0.6161 -0.7877 -0.0000
-0.659 -1.024 -5.430 0.6161 -0.7877 -0.0000
-0.537 -0.928 -5.494 0.6161 -0.7877 -0.0000
-0.486 -0.888 -5.650 0.6161 -0.7877 -0.0000
-0.537 -0.928 -5.806 0.6161 -0.7877 -0.0000
-1.152 -0.393 -5.650 -0.6161 0.7877 0.0000
-1.152 -0.393 -5.870 -0.6161 0.7877 0.0000
-1.275 -0.489 -5.806 -0.6161 0.7877 0.0000
-1.326 -0.529 -5.650 -0.6161 0.7877 0.0000
-1.275 -0.489 -5.494 -0.6161 0.7877 0.0000
-1.152 -0.393 -5.430 -0.6161 0.7877 0.0000
-1.030 -0.298 -5.494 -0.6161 0.7877 0.0000
-0.979 -0.258 -5.650 -0.6161 0.7877 0.0000
-1.030 -0.298 -5.806 -0.6161 0.7877 0.0000
-1.083 -0.557 -5.870 0.0000 0.0000 -1.0000
-1.237 -0.578 -5.806 -0.7002 -0.0988 -0.7071
-1.301 -0.587 -5.650 -0.9902 -0.1397 -0.0000
-1.237 -0.578 -5.494 -0.7002 -0.0988 0.7071
-1.083 -0.557 -5.430 -0.0000 -0.0000 1.0000
-0.929 -0.535 -5.494 0.7002 0.0988 0.7071
-0.865 -0.526 -5.650 0.9902 0.1397 0.0000
-0.929 -0.535 -5.806 0.7002 0.0988 -0.7071
-1.195 0.235 -5.870 0.0000 0.0000 -1.0000
-1.349 0.214 -5.806 -0.7002 -0.0988 -0.7071
-1.412 0.205 -5.650 -0.9902 -0.1397 -0.0000
-1.349 0.214 -5.494 -0.7002 -0.0988 0.7071
-1.195 0.235 -5.430 -0.0000 -0.0000 1.0000
-1.041 0.257 -5.494 0.7002 0.0988 0.7071
-0.977 0.266 -5.650 0.9902 0.1397 0.0000
-1.041 0.257 -5.806 0.7002 0.0988 -0.7071
-1.083 -0.557 -5.650 0.1397 -0.9902 -0.0000
-1.083 -0.557 -5.870 0.1397 -0.9902 -0.0000
-1.237 -0.578 -5.806 0.1397 -0.9902 -0.0000
-1.301 -0.587 -5.650 0.1397 -0.9902 -0.0000
-1.237 -0.578 -5.494 0.1397 -0.9902 -0.0000
-1.083 -0.557 -5.430 0.1397 -0.9902 -0.0000
-0.929 -0.535 -5.494 0.1397 -0.9902 -0.0000
-0.865 -0.526 -5.650 0.1397 -0.9902 -0.0000
-0.929 -0.535 -5.806 0.1397 -0.9902 -0.0000
-1.195 0.235 -5.650 -0.1397 0.9902 0.0000
-1.195 0.235 -5.870 -0.1397 0.9902 0.0000
-1.349 0.214 -5.806 -0.1397 0.9902 0.0000
-1.412 0.205 -5.650 -0.1397 0.9902 0.0000
-1.349 0.214 -5.494 -0.1397 0.9902 0.0000
-1.195 0.235 -5.430 -0.1397 0.9902 0.0000
-1.041 0.257 -5.494 -0.1397 0.9902 0.0000
-0.977 0.266 -5.650 -0.1397 0.9902 0.0000
-1.041 0.257 -5.806 -0.1397 0.9902 0.0000
-1.216 0.059 -5.870 0.0000 0.0000 -1.0000
-1.360 0.117 -5.806 -0.6558 0.2645 -0.7071
-1.420 0.142 -5.650 -0.9274 0.3741 -0.0000
-1.360 0.117 -5.494 -0.6558 0.2645 0.7071
-1.216 0.059 -5.430 -0.0000 0.0000 1.0000
-1.072 0.001 -5.494 0.6558 -0.2645 0.7071
-1.012 -0.023 -5.650 0.9274 -0.3741 0.0000
-1.072 0.001 -5.806 0.6558 -0.2645 -0.7071
-0.917 0.801 -5.870 0.0000 0.0000 -1.0000
-1.061 0.859 -5.806 -0.6558 0.2645 -0.7071
-1.121 0.883 -5.650 -0.9274 0.3741 -0.0000
-1.061 0.859 -5.494 -0.6558 0.2645 0.7071
-0.917 0.801 -5.430 -0.0000 0.0000 1.0000
-0.773 0.743 -5.494 0.6558 -0.2645 0.7071
-0.713 0.719 -5.650 0.9274 -0.3741 0.0000
-0.773 0.743 -5.806 0.6558 -0.2645 -0.7071
-1.216 0.059 -5.650 -0.3741 -0.9274 -0.0000
-1.216 0.059 -5.870 -0.3741 -0.9274 -0.0000
-1.360 0.117 -5.806 -0.3741 -0.9274 -0.0000
-1.420 0.142 -5.650 -0.3741 -0.9274 -0.0000
-1.360 0.117 -5.494 -0.3741 -0.9274 -0.0000
-1.216 0.059 -5.430 -0.3741 -0.9274 -0.0000
-1.072 0.001 -5.494 -0.3741 -0.9274 -0.0000
-1.012 -0.023 -5.650 -0.3741 -0.9274 -0.0000
-1.072 0.001 -5.806 -0.3741 -0.9274 -0.0000
-0.917 0.801 -5.650 0.3741 0.9274 0.0000
-0.917 0.801 -5.870 0.3741 0.9274 0.0000
-1.061 0.859 -5.806 0.3741 0.9274 0.0000
-1.121 0.883 -5.650 0.3741 0.9274 0.0000
-1.061 0.859 -5.494 0.3741 0.9274 0.0000
-0.917 0.801 -5.430 0.3741 0.9274 0.0000
-0.773 0.743 -5.494 0.3741 0.9274 0.0000
-0.713 0.719 -5.650 0.3741 0.9274 0.0000
-0.773 0.743 -5.806 0.3741 0.9274 0.0000
-1.024 0.659 -5.430 0.0000 0.0000 1.0000
-0.928 0.537 -5.494 0.4356 -0.5570 0.7071
-0.888 0.486 -5.650 0.6161 -0.7877 0.0000
-0.928 0.537 -5.806 0.4356 -0.5570 -0.7071
-1.024 0.659 -5.870 0.0000 -0.0000 -1.0000
-1.119 0.782 -5.806 -0.4356 0.5570 -0.7071
-1.159 0.833 -5.650 -0.6161 0.7877 -0.0000
-1.119 0.782 -5.494 -0.4356 0.5570 0.7071
-0.393 1.152 -5.430 0.0000 0.0000 1.0000
-0.298 1.030 -5.494 0.4356 -0.5570 0.7071
-0.258 0.979 -5.650 0.6161 -0.7877 0.0000
-0.298 1.030 -5.806 0.4356 -0.5570 -0.7071
-0.393 1.152 -5.870 0.0000 -0.0000 -1.0000
-0.489 1.275 -5.806 -0.4356 0.5570 -0.7071
-0.529 1.326 -5.650 -0.6161 0.7877 -0.0000
-0.489 1.275 -5.494 -0.4356 0.5570 0.7071
-1.024 0.659 -5.650 -0.7877 -0.6161 -0.0000
-1.024 0.659 -5.430 -0.7877 -0.6161 -0.0000
-0.928 0.537 -5.494 -0.7877 -0.6161 -0.0000
-0.888 0.486 -5.650 -0.7877 -0.6161 -0.0000
-0.928 0.537 -5.806 -0.7877 -0.6161 -0.0000
-1.024 0.659 -5.870 -0.7877 -0.6161 -0.0000
-1.119 0.782 -5.806 -0.7877 -0.6161 -0.0000
-1.159 0.833 -5.650 -0.7877 -0.6161 -0.0000
-1.119 0.782 -5.494 -0.7877 -0.6161 -0.0000
-0.393 1.152 -5.650 0.7877 0.6161 0.0000
-0.393 1.152 -5.430 0.7877 0.6161 0.0000
-0.298 1.030 -5.494 0.7877 0.6161 0.0000
-0.258 0.979 -5.650 0.7877 0.6161 0.0000
-0.298 1.030 -5.806 0.7877 0.6161 0.0000
-0.393 1.152 -5.870 0.7877 0.6161 0.0000
-0.489 1.275 -5.806 0.7877 0.6161 0.0000
-0.529 1.326 -5.650 0.7877 0.6161 0.0000
-0.489 1.275 -5.494 0.7877 0.6161 0.0000
-0.557 1.083 -5.430 0.0000 0.0000 1.0000
-0.535 0.929 -5.494 0.0988 -0.7002 0.7071
-0.526 0.865 -5.650 0.1397 -0.9902 0.0000
-0.535 0.929 -5.806 0.0988 -0.7002 -0.7071
-0.557 1.083 -5.870 0.0000 -0.0000 -1.0000
-0.578 1.237 -5.806 -0.0988 0.7002 -0.7071
-0.587 1.301 -5.650 -0.1397 0.9902 -0.0000
-0.578 1.237 -5.494 -0.0988 0.7002 0.7071
0.235 1.195 -5.430 0.0000 0.0000 1.0000
0.257 1.041 -5.494 0.0988 -0.7002 0.7071
0.266 0.977 -5.650 0.1397 -0.9902 0.0000
0.257 1.041 -5.806 0.0988 -0.7002 -0.7071
0.235 1.195 -5.870 0.0000 -0.0000 -1.0000
0.214 1.349 -5.806 -0.0988 0.7002 -0.7071
0.205 1.412 -5.650 -0.1397 0.9902 -0.0000
0.214 1.349 -5.494 -0.0988 0.7002 0.7071
-0.557 1.083 -5.650 -0.9902 -0.1397 -0.0000
-0.557 1.083 -5.430 -0.9902 -0.1397 -0.0000
-0.535 0.929 -5.494 -0.9902 -0.1397 -0.0000
-0.526 0.865 -5.650 -0.9902 -0.1397 -0.0000
-0.535 0.929 -5.806 -0.9902 -0.1397 -0.0000
-0.557 1.083 -5.870 -0.9902 -0.1397 -0.0000
-0.578 1.237 -5.806 -0.9902 -0.1397 -0.0000
-0.587 1.301 -5.650 -0.9902 -0.1397 -0.0000
-0.578 1.237 -5.494 -0.9902 -0.1397 -0.0000
0.235 1.195 -5.650 0.9902 0.1397 0.0000
0.235 1.195 -5.430 0.9902 0.1397 0.0000
0.257 1.041 -5.494 0.9902 0.1397 0.0000
0.266 0.977 -5.650 0.9902 0.1397 0.0000
0.257 1.041 -5.806 0.9902 0.1397 0.0000
0.235 1.195 -5.870 0.9902 0.1397 0.0000
0.214 1.349 -5.806 0.9902 0.1397 0.0000
0.205 1.412 -5.650 0.9902 0.1397 0.0000
0.214 1.349 -5.494 0.9902 0.1397 0.0000
0.059 1.216 -5.430 -0.0000 0.0000 1.0000
0.001 1.072 -5.494 -0.2645 -0.6558 0.7071
-0.023 1.012 -5.650 -0.3741 -0.9274 0.0000
0.001 1.072 -5.806 -0.2645 -0.6558 -0.7071
0.059 1.216 -5.870 -0.0000 -0.0000 -1.0000
0.117 1.360 -5.806 0.2645 0.6558 -0.7071
0.142 1.420 -5.650 0.3741 0.9274 -0.0000
0.117 1.360 -5.494 0.2645 0.6558 0.7071
0.801 0.917 -5.430 -0.0000 0.0000 1.0000
0.743 0.773 -5.494 -0.2645 -0.6558 0.7071
0.719 0.713 -5.650 -0.3741 -0.9274 0.0000
0.743 0.773 -5.806 -0.2645 -0.6558 -0.7071
0.801 0.917 -5.870 -0.0000 -0.0000 -1.0000
0.859 1.061 -5.806 0.2645 0.6558 -0.7071
0.883 1.121 -5.650 0.3741 0.9274 -0.0000
0.859 1.061 -5.494 0.2645 0.6558 0.7071
0.059 1.216 -5.650 -0.9274 0.3741 -0.0000
0.059 1.216 -5.430 -0.9274 0.3741 -0.0000
0.001 1.072 -5.494 -0.9274 0.3741 -0.0000
-0.023 1.012 -5.650 -0.9274 0.3741 -0.0000
0.001 1.072 -5.806 -0.9274 0.3741 -0.0000
0.059 1.216 -5.870 -0.9274 0.3741 -0.0000
0.117 1.360 -5.806 -0.9274 0.3741 -0.0000
0.142 1.420 -5.650 -0.9274 0.3741 -0.0000
0.117 1.360 -5.494 -0.9274 0.3741 -0.0000
0.801 0.917 -5.650 0.9274 -0.3741 0.0000
0.801 0.917 -5.430 0.9274 -0.3741 0.0000
0.743 0.773 -5.494 0.9274 -0.3741 0.0000
0.719 0.713 -5.650 0.9274 -0.3741 0.0000
0.743 0.773 -5.806 0.9274 -0.3741 0.0000
0.801 0.917 -5.870 0.9274 -0.3741 0.0000
0.859 1.061 -5.806 0.9274 -0.3741 0.0000
0.883 1.121 -5.650 0.9274 -0.3741 0.0000
0.859 1.061 -5.494 0.9274 -0.3741 0.0000
0.659 1.024 -5.430 -0.0000 0.0000 1.0000
0.537 0.928 -5.494 -0.5570 -0.4356 0.7071
0.486 0.888 -5.650 -0.7877 -0.6161 0.0000
0.537 0.928 -5.806 -0.5570 -0.4356 -0.7071
0.659 1.024 -5.870 -0.0000 -0.0000 -1.0000
0.782 1.119 -5.806 0.5570 0.4356 -0.7071
0.833 1.159 -5.650 0.7877 0.6161 -0.0000
0.782 1.119 -5.494 0.5570 0.4356 0.7071
1.152 0.393 -5.430 -0.0000 0.0000 1.0000
1.030 0.298 -5.494 -0.5570 -0.4356 0.7071
0.979 0.258 -5.650 -0.7877 -0.6161 0.0000
1.030 0.298 -5.806 -0.5570 -0.4356 -0.7071
1.152 0.393 -5.870 -0.0000 -0.0000 -1.0000
1.275 0.489 -5.806 0.5570 0.4356 -0.7071
1.326 0.529 -5.650 0.7877 0.6161 -0.0000
1.275 0.489 -5.494 0.5570 0.4356 0.7071
0.659 1.024 -5.650 -0.6161 0.7877 -0.0000
0.659 1.024 -5.430 -0.6161 0.7877 -0.0000
0.537 0.928 -5.494 -0.6161 0.7877 -0.0000
0.486 0.888 -5.650 -0.6161 0.7877 -0.0000
0.537 0.928 -5.806 -0.6161 0.7877 -0.0000
0.659 1.024 -5.870 -0.6161 0.7877 -0.0000
0.782 1.119 -5.806 -0.6161 0.7877 -0.0000
0.833 1.159 -5.650 -0.6161 0.7877 -0.0000
0.782 1.119 -5.494 -0.6161 0.7877 -0.0000
1.152 0.393 -5.650 0.6161 -0.7877 0.0000
1.152 0.393 -5.430 0.6161 -0.7877 0.0000
1.030 0.298 -5.494 0.6161 -0.7877 0.0000
0.979 0.258 -5.650 0.6161 -0.7877 0.0000
1.030 0.298 -5.806 0.6161 -0.7877 0.0000
1.152 0.393 -5.870 0.6161 -0.7877 0.0000
1.275 0.489 -5.806 0.6161 -0.7877 0.0000
1.326 0.529 -5.650 0.6161 -0.7877 0.0000
1.275 0.489 -5.494 0.6161 -0.7877 0.0000
1.083 0.557 -5.430 -0.0000 0.0000 1.0000
0.929 0.535 -5.494 -0.7002 -0.0988 0.7071
0.865 0.526 -5.650 -0.9902 -0.1397 0.0000
0.929 0.535 -5.806 -0.7002 -0.0988 -0.7071
1.083 0.557 -5.870 -0.0000 -0.0000 -1.0000
1.237 0.578 -5.806 0.7002 0.0988 -0.7071
1.301 0.587 -5.650 0.9902 0.1397 -0.0000
1.237 0.578 -5.494 0.7002 0.0988 0.7071
1.195 -0.235 -5.430 -0.0000 0.0000 1.0000
1.041 -0.257 -5.494 -0.7002 -0.0988 0.7071
0.977 -0.266 -5.650 -0.9902 -0.1397 0.0000
1.041 -0.257 -5.806 -0.7002 -0.0988 -0.7071
1.195 -0.235 -5.870 -0.0000 -0.0000 -1.0000
1.349 -0.214 -5.806 0.7002 0.0988 -0.7071
1.412 -0.205 -5.650 0.9902 0.1397 -0.0000
1.349 -0.214 -5.494 0.7002 0.0988 0.7071
1.083 0.557 -5.650 -0.1397 0.9902 -0.0000
1.083 0.557 -5.430 -0.1397 0.9902 -0.0000
0.929 0.535 -5.494 -0.1397 0.9902 -0.0000
0.865 0.526 -5.650 -0.1397 0.9902 -0.0000
0.929 0.535 -5.806 -0.1397 0.9902 -0.0000
1.083 0.557 -5.870 -0.1397 0.9902 -0.0000
1.237 0.578 -5.806 -0.1397 0.9902 -0.0000
1.301 0.587 -5.650 -0.1397 0.9902 -0.0000
1.237 0.578 -5.494 -0.1397 0.9902 -0.0000
1.195 -0.235 -5.650 0.1397 -0.9902 0.0000
1.195 -0.235 -5.430 0.1397 -0.9902 0.0000
1.041 -0.257 -5.494 0.1397 -0.9902 0.0000
0.977 -0.266 -5.650 0.1397 -0.9902 0.0000
1.041 -0.257 -5.806 0.1397 -0.9902 0.0000
1.195 -0.235 -5.870 0.1397 -0.9902 0.0000
1.349 -0.214 -5.806 0.1397 -0.9902 0.0000
1.412 -0.205 -5.650 0.1397 -0.9902 0.0000
1.349 -0.214 -5.494 0.1397 -0.9902 0.0000
1.216 -0.059 -5.430 -0.0000 0.0000 1.0000
1.072 -0.001 -5.494 -0.6558 0.2645 0.7071
1.012 0.023 -5.650 -0.9274 0.3741 0.0000
1.072 -0.001 -5.806 -0.6558 0.2645 -0.7071
1.216 -0.059 -5.870 -0.0000 0.0000 -1.0000
1.360 -0.117 -5.806 0.6558 -0.2645 -0.7071
1.420 -0.142 -5.650 0.9274 -0.3741 -0.0000
1.360 -0.117 -5.494 0.6558 -0.2645 0.7071
0.917 -0.801 -5.430 -0.0000 0.0000 1.0000
0.773 -0.743 -5.494 -0.6558 0.2645 0.7071
0.713 -0.719 -5.650 -0.9274 0.3741 0.0000
0.773 -0.743 -5.806 -0.6558 0.2645 -0.7071
0.917 -0.801 -5.870 -0.0000 0.0000 -1.0000
1.061 -0.859 -5.806 0.6558 -0.2645 -0.7071
1.121 -0.883 -5.650 0.9274 -0.3741 -0.0000
1.061 -0.859 -5.494 0.6558 -0.2645 0.7071
1.216 -0.059 -5.650 0.3741 0.9274 -0.0000
1.216 -0.059 -5.430 0.3741 0.9274 -0.0000
1.072 -0.001 -5.494 0.3741 0.9274 -0.0000
1.012 0.023 -5.650 0.3741 0.9274 -0.0000
1.072 -0.001 -5.806 0.3741 0.9274 -0.0000
1.216 -0.059 -5.870 0.3741 0.9274 -0.0000
1.360 -0.117 -5.806 0.3741 0.9274 -0.0000
1.420 -0.142 -5.650 0.3741 0.9274 -0.0000
1.360 -0.117 -5.494 0.3741 0.9274 -0.0000
0.917 -0.801 -5.650 -0.3741 -0.9274 0.0000
0.917 -0.801 -5.430 -0.3741 -0.9274 0.0000
0.773 -0.743 -5.494 -0.3741 -0.9274 0.0000
0.713 -0.719 -5.650 -0.3741 -0.9274 0.0000
0.773 -0.743 -5.806 -0.3741 -0.9274 0.0000
0.917 -0.801 -5.870 -0.3741 -0.9274 0.0000
1.061 -0.859 -5.806 -0.3741 -0.9274 0.0000
1.121 -0.883 -5.650 -0.3741 -0.9274 0.0000
1.061 -0.859 -5.494 -0.3741 -0.9274 0.0000
1.024 -0.659 -5.870 0.0000 0.0000 -1.0000
1.119 -0.782 -5.806 0.4356 -0.5570 -0.7071
1.159 -0.833 -5.650 0.6161 -0.7877 -0.0000
1.119 -0.782 -5.494 0.4356 -0.5570 0.7071
1.024 -0.659 -5.430 0.0000 -0.0000 1.0000
0.928 -0.537 -5.494 -0.4356 0.5570 0.7071
0.888 -0.486 -5.650 -0.6161 0.7877 0.0000
0.928 -0.537 -5.806 -0.4356 0.5570 -0.7071
0.393 -1.152 -5.870 0.0000 0.0000 -1.0000
0.489 -1.275 -5.806 0.4356 -0.5570 -0.7071
0.529 -1.326 -5.650 0.6161 -0.7877 -0.0000
0.489 -1.275 -5.494 0.4356 -0.5570 0.7071
0.393 -1.152 -5.430 0.0000 -0.0000 1.0000
0.298 -1.030 -5.494 -0.4356 0.5570 0.7071
0.258 -0.979 -5.650 -0.6161 0.7877 0.0000
0.298 -1.030 -5.806 -0.4356 0.5570 -0.7071
1.024 -0.659 -5.650 0.7877 0.6161 -0.0000
1.024 -0.659 -5.870 0.7877 0.6161 -0.0000
1.119 -0.782 -5.806 0.7877 0.6161 -0.0000
1.159 -0.833 -5.650 0.7877 0.6161 -0.0000
1.119 -0.782 -5.494 0.7877 0.6161 -0.0000
1.024 -0.659 -5.430 0.7877 0.6161 -0.0000
0.928 -0.537 -5.494 0.7877 0.6161 -0.0000
0.888 -0.486 -5.650 0.7877 0.6161 -0.0000
0.928 -0.537 -5.806 0.7877 0.6161 -0.0000
0.393 -1.152 -5.650 -0.7877 -0.6161 0.0000
0.393 -1.152 -5.870 -0.7877 -0.6161 0.0000
0.489 -1.275 -5.806 -0.7877 -0.6161 0.0000
0.529 -1.326 -5.650 -0.7877 -0.6161 0.0000
0.489 -1.275 -5.494 -0.7877 -0.6161 0.0000
0.393 -1.152 -5.430 -0.7877 -0.6161 0.0000
0.298 -1.030 -5.494 -0.7877 -0.6161 0.0000
0.258 -0.979 -5.650 -0.7877 -0.6161 0.0000
0.298 -1.030 -5.806 -0.7877 -0.6161 0.0000
0 1 25
0 25 24
1 2 26
1 26 25
2 3 27
2 27 26
3 4 28
3 28 27
4 5 29
4 29 28
5 6 30
5 30 29
6 7 31
6 31 30
7 8 32
7 32 31
8 9 33
8 33 32
9 10 34
9 34 33
10 11 35
10 35 34
11 12 36
11 36 35
12 13 37
12 37 36
13 14 38
13 38 37
14 15 39
14 39 38
15 16 40
15 40 39
16 17 41
16 41 40
17 18 42
17 42 41
18 19 43
18 43 42
19 20 44
19 44 43
20 21 45
20 45 44
21 22 46
21 46 45
22 23 47
22 47 46
23 0 24
23 24 47
48 50 49
48 51 50
48 52 51
48 53 52
48 54 53
48 55 54
48 56 55
48 57 56
48 58 57
48 59 58
48 60 59
48 61 60
48 62 61
48 63 62
48 64 63
48 65 64
48 66 65
48 67 66
48 68 67
48 69 68
48 70 69
48 71 70
48 72 71
48 49 72
73 74 75
73 75 76
73 76 77
73 77 78
73 78 79
73 79 80
73 80 81
73 81 82
73 82 83
73 83 84
73 84 85
73 85 86
73 86 87
73 87 88
73 88 89
73 89 90
73 90 91
73 91 92
73 92 93
73 93 94
73 94 95
73 95 96
73 96 97
73 97 74
98 99 107
98 107 106
99 100 108
99 108 107
100 101 109
100 109 108
101 102 110
101 110 109
102 103 111
102 111 110
103 104 112
103 112 111
104 105 113
104 113 112
105 98 106
105 106 113
114 116 115
114 117 116
114 118 117
114 119 118
114 120 119
114 121 120
114 122 121
114 115 122
123 124 125
123 125 126
123 126 127
123 127 128
123 128 129
123 129 130
123 130 131
123 131 124
132 133 141
132 141 140
133 134 142
133 142 141
134 135 143
134 143 142
135 136 144
135 144 143
136 137 145
136 145 144
137 138 146
137 146 145
138 139 147
138 147 146
139 132 140
139 140 147
148 150 149
148 151 150
148 152 151
148 153 152
148 154 153
148 155 154
148 156 155
148 149 156
157 158 159
157 159 160
157 160 161
157 161 162
157 162 163
157 163 164
157 164 165
157 165 158
166 167 175
166 175 174
167 168 176
167 176 175
168 169 177
168 177 176
169 170 178
169 178 177
170 171 179
170 179 178
171 172 180
171 180 179
172 173 181
172 181 180
173 166 174
173 174 181
182 184 183
182 185 184
182 186 185
182 187 186
182 188 187
182 189 188
182 190 189
182 183 190
191 192 193
191 193 194
191 194 195
191 195 196
191 196 197
191 197 198
191 198 199
191 199 192
200 201 209
200 209 208
201 202 210
201 210 209
202 203 211
202 211 210
203 204 212
203 212 211
204 205 213
204 213 212
205 206 214
205 214 213
206 207 215
206 215 214
207 200 208
207 208 215
216 218 217
216 219 218
216 220 219
216 221 220
216 222 221
216 223 222
216 224 223
216 217 224
225 226 227
225 227 228
225 228 229
225 229 230
225 230 231
225 231 232
225 232 233
225 233 226
234 235 243
234 243 242
235 236 244
235 244 243
236 237 245
236 245 244
237 238 246
237 246 245
238 239 247
238 247 246
239 240 248
239 248 247
240 241 249
240 249 248
241 234 242
241 242 249
250 252 251
250 253 252
250 254 253
250 255 254
250 256 255
250 257 256
250 258 257
250 251 258
259 260 261
259 261 262
259 262 263
259 263 264
259 264 265
259 265 266
259 266 267
259 267 260
268 269 277
268 277 276
269 270 278
269 278 277
270 271 279
270 279 278
271 272 280
271 280 279
272 273 281
272 281 280
273 274 282
273 282 281
274 275 283
274 283 282
275 268 276
275 276 283
284 286 285
284 287 286
284 288 287
284 289 288
284 290 289
284 291 290
284 292 291
284 285 292
293 294 295
293 295 296
293 296 297
293 297 298
293 298 299
293 299 300
293 300 301
293 301 294
302 303 311
302 311 310
303 304 312
303 312 311
304 305 313
304 313 312
305 306 314
305 314 313
306 307 315
306 315 314
307 308 316
307 316 315
308 309 317
308 317 316
309 302 310
309 310 317
318 320 319
318 321 320
318 322 321
318 323 322
318 324 323
318 325 324
318 326 325
318 319 326
327 328 329
327 329 330
327 330 331
327 331 332
327 332 333
327 333 334
327 334 335
327 335 328
336 337 345
336 345 344
337 338 346
337 346 345
338 339 347
338 347 346
339 340 348
339 348 347
340 341 349
340 349 348
341 342 350
341 350 349
342 343 351
342 351 350
343 336 344
343 344 351
352 354 353
352 355 354
352 356 355
352 357 356
352 358 357
352 359 358
352 360 359
352 353 360
361 362 363
361 363 364
361 364 365
361 365 366
361 366 367
361 367 368
361 368 369
361 369 362
370 371 379
370 379 378
371 372 380
371 380 379
372 373 381
372 381 380
373 374 382
373 382 381
374 375 383
374 383 382
375 376 384
375 384 383
376 377 385
376 385 384
377 370 378
377 378 385
386 388 387
386 389 388
386 390 389
386 391 390
386 392 391
386 393 392
386 394 393
386 387 394
395 396 397
395 397 398
395 398 399
395 399 400
395 400 401
395 401 402
395 402 403
395 403 396
404 405 413
404 413 412
405 406 414
405 414 413
406 407 415
406 415 414
407 408 416
407 416 415
408 409 417
408 417 416
409 410 418
409 418 417
410 411 419
410 419 418
411 404 412
411 412 419
420 422 421
420 423 422
420 424 423
420 425 424
420 426 425
420 427 426
420 428 427
420 421 428
429 430 431
429 431 432
429 432 433
429 433 434
429 434 435
429 435 436
429 436 437
429 437 430
438 439 447
438 447 446
439 440 448
439 448 447
440 441 449
440 449 448
441 442 450
441 450 449
442 443 451
442 451 450
443 444 452
443 452 451
444 445 453
444 453 452
445 438 446
445 446 453
454 456 455
454 457 456
454 458 457
454 459 458
454 460 459
454 461 460
454 462 461
454 455 462
463 464 465
463 465 466
463 466 467
463 467 468
463 468 469
463 469 470
463 470 471
463 471 464
472 473 481
472 481 480
473 474 482
473 482 481
474 475 483
474 483 482
475 476 484
475 484 483
476 477 485
476 485 484
477 478 486
477 486 485
478 479 487
478 487 486
479 472 480
479 480 487
488 490 489
488 491 490
488 492 491
488 493 492
488 494 493
488 495 494
488 496 495
488 489 496
497 498 499
497 499 500
497 500 501
497 501 502
497 502 503
497 503 504
497 504 505
497 505 498
LABEL sfoot0_petal_0
MATERIAL 7
TEXTURE 0
GEOM 66 52 ;sfoot0_petal_0
0.473 -0.850 -9.557 -0.1396 0.9896 0.0332
-0.220 -0.948 -9.557 -0.1396 0.9896 0.0332
-0.218 -0.963 -9.107 -0.1396 0.9896 0.0332
0.476 -0.865 -9.107 -0.1396 0.9896 0.0332
1.863 -10.703 -9.887 0.1396 -0.9896 -0.0332
1.170 -10.801 -9.887 0.1396 -0.9896 -0.0332
1.172 -10.815 -9.437 0.1396 -0.9896 -0.0332
1.866 -10.718 -9.437 0.1396 -0.9896 -0.0332
0.473 -0.850 -9.557 0.9902 0.1397 0.0000
1.863 -10.703 -9.887 0.9902 0.1397 0.0000
1.866 -10.718 -9.437 0.9902 0.1397 0.0000
0.476 -0.865 -9.107 0.9902 0.1397 0.0000
-0.220 -0.948 -9.557 -0.9902 -0.1397 -0.0000
1.170 -10.801 -9.887 -0.9902 -0.1397 -0.0000
1.172 -10.815 -9.437 -0.9902 -0.1397 -0.0000
-0.218 -0.963 -9.107 -0.9902 -0.1397 -0.0000
0.473 -0.850 -9.557 -0.0046 0.0328 -0.9995
1.863 -10.703 -9.887 -0.0046 0.0328 -0.9995
1.170 -10.801 -9.887 -0.0046 0.0328 -0.9995
-0.220 -0.948 -9.557 -0.0046 0.0328 -0.9995
0.476 -0.865 -9.107 0.0046 -0.0328 0.9995
1.866 -10.718 -9.437 0.0046 -0.0328 0.9995
1.172 -10.815 -9.437 0.0046 -0.0328 0.9995
-0.218 -0.963 -9.107 0.0046 -0.0328 0.9995
0.543 -0.630 -9.900 0.0000 0.0000 -1.0000
0.568 -0.805 -9.843 0.0821 -0.5820 -0.8090
0.583 -0.913 -9.693 0.1329 -0.9417 -0.3090
0.583 -0.913 -9.507 0.1329 -0.9417 0.3090
0.568 -0.805 -9.357 0.0821 -0.5820 0.8090
0.543 -0.630 -9.300 0.0000 -0.0000 1.0000
0.519 -0.456 -9.357 -0.0821 0.5820 0.8090
0.504 -0.348 -9.507 -0.1329 0.9417 0.3090
0.504 -0.348 -9.693 -0.1329 0.9417 -0.3090
0.519 -0.456 -9.843 -0.0821 0.5820 -0.8090
-0.348 -0.756 -9.900 0.0000 0.0000 -1.0000
-0.323 -0.931 -9.843 0.0821 -0.5820 -0.8090
-0.308 -1.039 -9.693 0.1329 -0.9417 -0.3090
-0.308 -1.039 -9.507 0.1329 -0.9417 0.3090
-0.323 -0.931 -9.357 0.0821 -0.5820 0.8090
-0.348 -0.756 -9.300 0.0000 -0.0000 1.0000
-0.372 -0.581 -9.357 -0.0821 0.5820 0.8090
-0.388 -0.473 -9.507 -0.1329 0.9417 0.3090
-0.388 -0.473 -9.693 -0.1329 0.9417 -0.3090
-0.372 -0.581 -9.843 -0.0821 0.5820 -0.8090
0.543 -0.630 -9.600 0.9902 0.1397 -0.0000
0.543 -0.630 -9.900 0.9902 0.1397 -0.0000
0.568 -0.805 -9.843 0.9902 0.1397 -0.0000
0.583 -0.913 -9.693 0.9902 0.1397 -0.0000
0.583 -0.913 -9.507 0.9902 0.1397 -0.0000
0.568 -0.805 -9.357 0.9902 0.1397 -0.0000
0.543 -0.630 -9.300 0.9902 0.1397 -0.0000
0.519 -0.456 -9.357 0.9902 0.1397 -0.0000
0.504 -0.348 -9.507 0.9902 0.1397 -0.0000
0.504 -0.348 -9.693 0.9902 0.1397 -0.0000
0.519 -0.456 -9.843 0.9902 0.1397 -0.0000
-0.348 -0.756 -9.600 -0.9902 -0.1397 0.0000
-0.348 -0.756 -9.900 -0.9902 -0.1397 0.0000
-0.323 -0.931 -9.843 -0.9902 -0.1397 0.0000
-0.308 -1.039 -9.693 -0.9902 -0.1397 0.0000
-0.308 -1.039 -9.507 -0.9902 -0.1397 0.0000
-0.323 -0.931 -9.357 -0.9902 -0.1397 0.0000
-0.348 -0.756 -9.300 -0.9902 -0.1397 0.0000
-0.372 -0.581 -9.357 -0.9902 -0.1397 0.0000
-0.388 -0.473 -9.507 -0.9902 -0.1397 0.0000
-0.388 -0.473 -9.693 -0.9902 -0.1397 0.0000
-0.372 -0.581 -9.843 -0.9902 -0.1397 0.0000
0 1 2
0 2 3
4 6 5
4 7 6
8 10 9
8 11 10
12 13 14
12 14 15
16 17 18
16 18 19
20 22 21
20 23 22
24 25 35
24 35 34
25 26 36
25 36 35
26 27 37
26 37 36
27 28 38
27 38 37
28 29 39
28 39 38
29 30 40
29 40 39
30 31 41
30 41 40
31 32 42
31 42 41
32 33 43
32 43 42
33 24 34
33 34 43
44 46 45
44 47 46
44 48 47
44 49 48
44 50 49
44 51 50
44 52 51
44 53 52
44 54 53
44 45 54
55 56 57
55 57 58
55 58 59
55 59 60
55 60 61
55 61 62
55 62 63
55 63 64
55 64 65
55 65 56
LABEL sfoot0_slat_0_0
MATERIAL 7
TEXTURE 0
GEOM 104 76 ;sfoot0_slat_0_0
0.399 -0.971 -9.562 0.0046 -0.0328 0.9995
0.347 -0.991 -9.562 0.0046 -0.0328 0.9995
0.293 -1.008 -9.562 0.0046 -0.0328 0.9995
0.239 -1.022 -9.562 0.0046 -0.0328 0.9995
4.277 -10.405 -9.900 0.0046 -0.0328 0.9995
3.714 -10.619 -9.900 0.0046 -0.0328 0.9995
3.141 -10.803 -9.900 0.0046 -0.0328 0.9995
2.558 -10.955 -9.900 0.0046 -0.0328 0.9995
0.399 -0.971 -9.562 -0.0046 0.0328 -0.9995
0.347 -0.991 -9.562 -0.0046 0.0328 -0.9995
0.293 -1.008 -9.562 -0.0046 0.0328 -0.9995
0.239 -1.022 -9.562 -0.0046 0.0328 -0.9995
4.277 -10.405 -9.900 -0.0046 0.0328 -0.9995
3.714 -10.619 -9.900 -0.0046 0.0328 -0.9995
3.141 -10.803 -9.900 -0.0046 0.0328 -0.9995
2.558 -10.955 -9.900 -0.0046 0.0328 -0.9995
0.399 -0.971 -9.812 -0.0046 0.0328 -0.9995
0.347 -0.991 -9.812 -0.0046 0.0328 -0.9995
0.293 -1.008 -9.812 -0.0046 0.0328 -0.9995
0.239 -1.022 -9.812 -0.0046 0.0328 -0.9995
4.277 -10.405 -10.150 -0.0046 0.0328 -0.9995
3.714 -10.619 -10.150 -0.0046 0.0328 -0.9995
3.141 -10.803 -10.150 -0.0046 0.0328 -0.9995
2.558 -10.955 -10.150 -0.0046 0.0328 -0.9995
0.399 -0.971 -9.812 0.0046 -0.0328 0.9995
0.347 -0.991 -9.812 0.0046 -0.0328 0.9995
0.293 -1.008 -9.812 0.0046 -0.0328 0.9995
0.239 -1.022 -9.812 0.0046 -0.0328 0.9995
4.277 -10.405 -10.150 0.0046 -0.0328 0.9995
3.714 -10.619 -10.150 0.0046 -0.0328 0.9995
3.141 -10.803 -10.150 0.0046 -0.0328 0.9995
2.558 -10.955 -10.150 0.0046 -0.0328 0.9995
4.277 -10.405 -10.150 0.3048 -0.9524 0.0000
3.714 -10.619 -10.150 0.3048 -0.9524 0.0000
3.141 -10.803 -10.150 0.3048 -0.9524 0.0000
2.558 -10.955 -10.150 0.3048 -0.9524 0.0000
4.277 -10.405 -9.900 0.3048 -0.9524 0.0000
3.714 -10.619 -9.900 0.3048 -0.9524 0.0000
3.141 -10.803 -9.900 0.3048 -0.9524 0.0000
2.558 -10.955 -9.900 0.3048 -0.9524 0.0000
4.277 -10.405 -10.150 -0.3048 0.9524 -0.0000
3.714 -10.619 -10.150 -0.3048 0.9524 -0.0000
3.141 -10.803 -10.150 -0.3048 0.9524 -0.0000
2.558 -10.955 -10.150 -0.3048 0.9524 -0.0000
4.277 -10.405 -9.900 -0.3048 0.9524 -0.0000
3.714 -10.619 -9.900 -0.3048 0.9524 -0.0000
3.141 -10.803 -9.900 -0.3048 0.9524 -0.0000
2.558 -10.955 -9.900 -0.3048 0.9524 -0.0000
0.399 -0.971 -9.812 -0.3048 0.9524 -0.0000
0.347 -0.991 -9.812 -0.3048 0.9524 -0.0000
0.293 -1.008 -9.812 -0.3048 0.9524 -0.0000
0.239 -1.022 -9.812 -0.3048 0.9524 -0.0000
0.399 -0.971 -9.562 -0.3048 0.9524 -0.0000
0.347 -0.991 -9.562 -0.3048 0.9524 -0.0000
0.293 -1.008 -9.562 -0.3048 0.9524 -0.0000
0.239 -1.022 -9.562 -0.3048 0.9524 -0.0000
0.399 -0.971 -9.812 0.3048 -0.9524 0.0000
0.347 -0.991 -9.812 0.3048 -0.9524 0.0000
0.293 -1.008 -9.812 0.3048 -0.9524 0.0000
0.239 -1.022 -9.812 0.3048 -0.9524 0.0000
0.399 -0.971 -9.562 0.3048 -0.9524 0.0000
0.347 -0.991 -9.562 0.3048 -0.9524 0.0000
0.293 -1.008 -9.562 0.3048 -0.9524 0.0000
0.239 -1.022 -9.562 0.3048 -0.9524 0.0000
4.277 -10.405 -9.900 0.3048 -0.9524 0.0000
3.714 -10.619 -9.900 0.3048 -0.9524 0.0000
3.141 -10.803 -9.900 0.3048 -0.9524 0.0000
2.558 -10.955 -9.900 0.3048 -0.9524 0.0000
4.277 -10.405 -9.200 0.3048 -0.9524 0.0000
3.714 -10.619 -9.200 0.3048 -0.9524 0.0000
3.141 -10.803 -9.200 0.3048 -0.9524 0.0000
2.558 -10.955 -9.200 0.3048 -0.9524 0.0000
4.277 -10.405 -9.900 -0.3048 0.9524 -0.0000
3.714 -10.619 -9.900 -0.3048 0.9524 -0.0000
3.141 -10.803 -9.900 -0.3048 0.9524 -0.0000
2.558 -10.955 -9.900 -0.3048 0.9524 -0.0000
4.277 -10.405 -9.200 -0.3048 0.9524 -0.0000
3.714 -10.619 -9.200 -0.3048 0.9524 -0.0000
3.141 -10.803 -9.200 -0.3048 0.9524 -0.0000
2.558 -10.955 -9.200 -0.3048 0.9524 -0.0000
4.277 -10.405 -9.200 -0.0000 -0.0000 1.0000
3.714 -10.619 -9.200 -0.0000 -0.0000 1.0000
3.141 -10.803 -9.200 -0.0000 -0.0000 1.0000
2.558 -10.955 -9.200 -0.0000 -0.0000 1.0000
4.144 -10.082 -9.188 -0.0000 -0.0000 1.0000
3.598 -10.289 -9.188 -0.0000 -0.0000 1.0000
3.043 -10.467 -9.188 -0.0000 -0.0000 1.0000
2.479 -10.614 -9.188 -0.0000 -0.0000 1.0000
4.277 -10.405 -9.200 0.0000 0.0000 -1.0000
3.714 -10.619 -9.200 0.0000 0.0000 -1.0000
3.141 -10.803 -9.200 0.0000 0.0000 -1.0000
2.558 -10.955 -9.200 0.0000 0.0000 -1.0000
4.144 -10.082 -9.188 0.0000 0.0000 -1.0000
3.598 -10.289 -9.188 0.0000 0.0000 -1.0000
3.043 -10.467 -9.188 0.0000 0.0000 -1.0000
2.479 -10.614 -9.188 0.0000 0.0000 -1.0000
0.399 -0.971 -9.812 -0.9249 -0.3801 -0.0000
4.277 -10.405 -10.150 -0.9249 -0.3801 -0.0000
0.399 -0.971 -9.562 -0.9249 -0.3801 -0.0000
4.277 -10.405 -9.900 -0.9249 -0.3801 -0.0000
0.399 -0.971 -9.812 0.9249 0.3801 0.0000
4.277 -10.405 -10.150 0.9249 0.3801 0.0000
0.399 -0.971 -9.562 0.9249 0.3801 0.0000
4.277 -10.405 -9.900 0.9249 0.3801 0.0000
0 1 5
0 5 4
8 13 9
8 12 13
1 2 6
1 6 5
9 14 10
9 13 14
2 3 7
2 7 6
10 15 11
10 14 15
16 21 17
16 20 21
24 25 29
24 29 28
17 22 18
17 21 22
25 26 30
25 30 29
18 23 19
18 22 23
26 27 31
26 31 30
32 37 33
32 36 37
40 41 45
40 45 44
33 38 34
33 37 38
41 42 46
41 46 45
34 39 35
34 38 39
42 43 47
42 47 46
48 49 53
48 53 52
56 61 57
56 60 61
49 50 54
49 54 53
57 62 58
57 61 62
50 51 55
50 55 54
58 63 59
58 62 63
64 69 65
64 68 69
72 73 77
72 77 76
65 70 66
65 69 70
73 74 78
73 78 77
66 71 67
66 70 71
74 75 79
74 79 78
80 85 81
80 84 85
88 89 93
88 93 92
81 86 82
81 85 86
89 90 94
89 94 93
82 87 83
82 86 87
90 91 95
90 95 94
96 97 99
96 99 98
100 103 101
100 102 103
LABEL sfoot0_slat_0_1
MATERIAL 7
TEXTURE 0
GEOM 96 72 ;sfoot0_slat_0_1
0.235 -1.023 -9.562 0.0046 -0.0328 0.9995
0.176 -1.035 -9.562 0.0046 -0.0328 0.9995
0.117 -1.043 -9.562 0.0046 -0.0328 0.9995
0.058 -1.048 -9.562 0.0046 -0.0328 0.9995
2.515 -10.965 -9.900 0.0046 -0.0328 0.9995
1.888 -11.091 -9.900 0.0046 -0.0328 0.9995
1.254 -11.180 -9.900 0.0046 -0.0328 0.9995
0.617 -11.233 -9.900 0.0046 -0.0328 0.9995
0.235 -1.023 -9.562 -0.0046 0.0328 -0.9995
0.176 -1.035 -9.562 -0.0046 0.0328 -0.9995
0.117 -1.043 -9.562 -0.0046 0.0328 -0.9995
0.058 -1.048 -9.562 -0.0046 0.0328 -0.9995
2.515 -10.965 -9.900 -0.0046 0.0328 -0.9995
1.888 -11.091 -9.900 -0.0046 0.0328 -0.9995
1.254 -11.180 -9.900 -0.0046 0.0328 -0.9995
0.617 -11.233 -9.900 -0.0046 0.0328 -0.9995
0.235 -1.023 -9.812 -0.0046 0.0328 -0.9995
0.176 -1.035 -9.812 -0.0046 0.0328 -0.9995
0.117 -1.043 -9.812 -0.0046 0.0328 -0.9995
0.058 -1.048 -9.812 -0.0046 0.0328 -0.9995
2.515 -10.965 -10.150 -0.0046 0.0328 -0.9995
1.888 -11.091 -10.150 -0.0046 0.0328 -0.9995
1.254 -11.180 -10.150 -0.0046 0.0328 -0.9995
0.617 -11.233 -10.150 -0.0046 0.0328 -0.9995
0.235 -1.023 -9.812 0.0046 -0.0328 0.9995
0.176 -1.035 -9.812 0.0046 -0.0328 0.9995
0.117 -1.043 -9.812 0.0046 -0.0328 0.9995
0.058 -1.048 -9.812 0.0046 -0.0328 0.9995
2.515 -10.965 -10.150 0.0046 -0.0328 0.9995
1.888 -11.091 -10.150 0.0046 -0.0328 0.9995
1.254 -11.180 -10.150 0.0046 -0.0328 0.9995
0.617 -11.233 -10.150 0.0046 -0.0328 0.9995
2.515 -10.965 -10.150 0.1397 -0.9902 0.0000
1.888 -11.091 -10.150 0.1397 -0.9902 0.0000
1.254 -11.180 -10.150 0.1397 -0.9902 0.0000
0.617 -11.233 -10.150 0.1397 -0.9902 0.0000
2.515 -10.965 -9.900 0.1397 -0.9902 0.0000
1.888 -11.091 -9.900 0.1397 -0.9902 0.0000
1.254 -11.180 -9.900 0.1397 -0.9902 0.0000
0.617 -11.233 -9.900 0.1397 -0.9902 0.0000
2.515 -10.965 -10.150 -0.1397 0.9902 -0.0000
1.888 -11.091 -10.150 -0.1397 0.9902 -0.0000
1.254 -11.180 -10.150 -0.1397 0.9902 -0.0000
0.617 -11.233 -10.150 -0.1397 0.9902 -0.0000
2.515 -10.965 -9.900 -0.1397 0.9902 -0.0000
1.888 -11.091 -9.900 -0.1397 0.9902 -0.0000
1.254 -11.180 -9.900 -0.1397 0.9902 -0.0000
0.617 -11.233 -9.900 -0.1397 0.9902 -0.0000
0.235 -1.023 -9.812 -0.1397 0.9902 -0.0000
0.176 -1.035 -9.812 -0.1397 0.9902 -0.0000
0.117 -1.043 -9.812 -0.1397 0.9902 -0.0000
0.058 -1.048 -9.812 -0.1397 0.9902 -0.0000
0.235 -1.023 -9.562 -0.1397 0.9902 -0.0000
0.176 -1.035 -9.562 -0.1397 0.9902 -0.0000
0.117 -1.043 -9.562 -0.1397 0.9902 -0.0000
0.058 -1.048 -9.562 -0.1397 0.9902 -0.0000
0.235 -1.023 -9.812 0.1397 -0.9902 0.0000
0.176 -1.035 -9.812 0.1397 -0.9902 0.0000
0.117 -1.043 -9.812 0.1397 -0.9902 0.0000
0.058 -1.048 -9.812 0.1397 -0.9902 0.0000
0.235 -1.023 -9.562 0.1397 -0.9902 0.0000
0.176 -1.035 -9.562 0.1397 -0.9902 0.0000
0.117 -1.043 -9.562 0.1397 -0.9902 0.0000
0.058 -1.048 -9.562 0.1397 -0.9902 0.0000
2.515 -10.965 -9.900 0.1397 -0.9902 0.0000
1.888 -11.091 -9.900 0.1397 -0.9902 0.0000
1.254 -11.180 -9.900 0.1397 -0.9902 0.0000
0.617 -11.233 -9.900 0.1397 -0.9902 0.0000
2.515 -10.965 -9.200 0.1397 -0.9902 0.0000
1.888 -11.091 -9.200 0.1397 -0.9902 0.0000
1.254 -11.180 -9.200 0.1397 -0.9902 0.0000
0.617 -11.233 -9.200 0.1397 -0.9902 0.0000
2.515 -10.965 -9.900 -0.1397 0.9902 -0.0000
1.888 -11.091 -9.900 -0.1397 0.9902 -0.0000
1.254 -11.180 -9.900 -0.1397 0.9902 -0.0000
0.617 -11.233 -9.900 -0.1397 0.9902 -0.0000
2.515 -10.965 -9.200 -0.1397 0.9902 -0.0000
1.888 -11.091 -9.200 -0.1397 0.9902 -0.0000
1.254 -11.180 -9.200 -0.1397 0.9902 -0.0000
0.617 -11.233 -9.200 -0.1397 0.9902 -0.0000
2.515 -10.965 -9.200 -0.0000 -0.0000 1.0000
1.888 -11.091 -9.200 -0.0000 -0.0000 1.0000
1.254 -11.180 -9.200 -0.0000 -0.0000 1.0000
0.617 -11.233 -9.200 -0.0000 -0.0000 1.0000
2.436 -10.624 -9.188 -0.0000 -0.0000 1.0000
1.829 -10.745 -9.188 -0.0000 -0.0000 1.0000
1.215 -10.832 -9.188 -0.0000 -0.0000 1.0000
0.598 -10.884 -9.188 -0.0000 -0.0000 1.0000
2.515 -10.965 -9.200 0.0000 0.0000 -1.0000
1.888 -11.091 -9.200 0.0000 0.0000 -1.0000
1.254 -11.180 -9.200 0.0000 0.0000 -1.0000
0.617 -11.233 -9.200 0.0000 0.0000 -1.0000
2.436 -10.624 -9.188 0.0000 0.0000 -1.0000
1.829 -10.745 -9.188 0.0000 0.0000 -1.0000
1.215 -10.832 -9.188 0.0000 0.0000 -1.0000
0.598 -10.884 -9.188 0.0000 0.0000 -1.0000
0 1 5
0 5 4
8 13 9
8 12 13
1 2 6
1 6 5
9 14 10
9 13 14
2 3 7
2 7 6
10 15 11
10 14 15
16 21 17
16 20 21
24 25 29
24 29 28
17 22 18
17 21 22
25 26 30
25 30 29
18 23 19
18 22 23
26 27 31
26 31 30
32 37 33
32 36 37
40 41 45
40 45 44
33 38 34
33 37 38
41 42 46
41 46 45
34 39 35
34 38 39
42 43 47
42 47 46
48 49 53
48 53 52
56 61 57
56 60 61
49 50 54
49 54 53
57 62 58
57 61 62
50 51 55
50 55 54
58 63 59
58 62 63
64 69 65
64 68 69
72 73 77
72 77 76
65 70 66
65 69 70
73 74 78
73 78 77
66 71 67
66 70 71
74 75 79
74 79 78
80 85 81
80 84 85
88 89 93
88 93 92
81 86 82
81 85 86
89 90 94
89 94 93
82 87 83
82 86 87
90 91 95
90 95 94
LABEL sfoot0_slat_0_2
MATERIAL 7
TEXTURE 0
GEOM 104 76 ;sfoot0_slat_0_2
0.053 -1.049 -9.562 0.0046 -0.0328 0.9995
-0.003 -1.050 -9.562 0.0046 -0.0328 0.9995
-0.059 -1.048 -9.562 0.0046 -0.0328 0.9995
-0.115 -1.044 -9.562 0.0046 -0.0328 0.9995
0.572 -11.235 -9.900 0.0046 -0.0328 0.9995
-0.029 -11.250 -9.900 0.0046 -0.0328 0.9995
-0.631 -11.232 -9.900 0.0046 -0.0328 0.9995
-1.231 -11.182 -9.900 0.0046 -0.0328 0.9995
0.053 -1.049 -9.562 -0.0046 0.0328 -0.9995
-0.003 -1.050 -9.562 -0.0046 0.0328 -0.9995
-0.059 -1.048 -9.562 -0.0046 0.0328 -0.9995
-0.115 -1.044 -9.562 -0.0046 0.0328 -0.9995
0.572 -11.235 -9.900 -0.0046 0.0328 -0.9995
-0.029 -11.250 -9.900 -0.0046 0.0328 -0.9995
-0.631 -11.232 -9.900 -0.0046 0.0328 -0.9995
-1.231 -11.182 -9.900 -0.0046 0.0328 -0.9995
0.053 -1.049 -9.812 -0.0046 0.0328 -0.9995
-0.003 -1.050 -9.812 -0.0046 0.0328 -0.9995
-0.059 -1.048 -9.812 -0.0046 0.0328 -0.9995
-0.115 -1.044 -9.812 -0.0046 0.0328 -0.9995
0.572 -11.235 -10.150 -0.0046 0.0328 -0.9995
-0.029 -11.250 -10.150 -0.0046 0.0328 -0.9995
-0.631 -11.232 -10.150 -0.0046 0.0328 -0.9995
-1.231 -11.182 -10.150 -0.0046 0.0328 -0.9995
0.053 -1.049 -9.812 0.0046 -0.0328 0.9995
-0.003 -1.050 -9.812 0.0046 -0.0328 0.9995
-0.059 -1.048 -9.812 0.0046 -0.0328 0.9995
-0.115 -1.044 -9.812 0.0046 -0.0328 0.9995
0.572 -11.235 -10.150 0.0046 -0.0328 0.9995
-0.029 -11.250 -10.150 0.0046 -0.0328 0.9995
-0.631 -11.232 -10.150 0.0046 -0.0328 0.9995
-1.231 -11.182 -10.150 0.0046 -0.0328 0.9995
0.572 -11.235 -10.150 -0.0294 -0.9996 0.0000
-0.029 -11.250 -10.150 -0.0294 -0.9996 0.0000
-0.631 -11.232 -10.150 -0.0294 -0.9996 0.0000
-1.231 -11.182 -10.150 -0.0294 -0.9996 0.0000
0.572 -11.235 -9.900 -0.0294 -0.9996 0.0000
-0.029 -11.250 -9.900 -0.0294 -0.9996 0.0000
-0.631 -11.232 -9.900 -0.0294 -0.9996 0.0000
-1.231 -11.182 -9.900 -0.0294 -0.9996 0.0000
0.572 -11.235 -10.150 0.0294 0.9996 -0.0000
-0.029 -11.250 -10.150 0.0294 0.9996 -0.0000
-0.631 -11.232 -10.150 0.0294 0.9996 -0.0000
-1.231 -11.182 -10.150 0.0294 0.9996 -0.0000
0.572 -11.235 -9.900 0.0294 0.9996 -0.0000
-0.029 -11.250 -9.900 0.0294 0.9996 -0.0000
-0.631 -11.232 -9.900 0.0294 0.9996 -0.0000
-1.231 -11.182 -9.900 0.0294 0.9996 -0.0000
0.053 -1.049 -9.812 0.0294 0.9996 -0.0000
-0.003 -1.050 -9.812 0.0294 0.9996 -0.0000
-0.059 -1.048 -9.812 0.0294 0.9996 -0.0000
-0.115 -1.044 -9.812 0.0294 0.9996 -0.0000
0.053 -1.049 -9.562 0.0294 0.9996 -0.0000
-0.003 -1.050 -9.562 0.0294 0.9996 -0.0000
-0.059 -1.048 -9.562 0.0294 0.9996 -0.0000
-0.115 -1.044 -9.562 0.0294 0.9996 -0.0000
0.053 -1.049 -9.812 -0.0294 -0.9996 0.0000
-0.003 -1.050 -9.812 -0.0294 -0.9996 0.0000
-0.059 -1.048 -9.812 -0.0294 -0.9996 0.0000
-0.115 -1.044 -9.812 -0.0294 -0.9996 0.0000
0.053 -1.049 -9.562 -0.0294 -0.9996 0.0000
-0.003 -1.050 -9.562 -0.0294 -0.9996 0.0000
-0.059 -1.048 -9.562 -0.0294 -0.9996 0.0000
-0.115 -1.044 -9.562 -0.0294 -0.9996 0.0000
0.572 -11.235 -9.900 -0.0294 -0.9996 0.0000
-0.029 -11.250 -9.900 -0.0294 -0.9996 0.0000
-0.631 -11.232 -9.900 -0.0294 -0.9996 0.0000
-1.231 -11.182 -9.900 -0.0294 -0.9996 0.0000
0.572 -11.235 -9.200 -0.0294 -0.9996 0.0000
-0.029 -11.250 -9.200 -0.0294 -0.9996 0.0000
-0.631 -11.232 -9.200 -0.0294 -0.9996 0.0000
-1.231 -11.182 -9.200 -0.0294 -0.9996 0.0000
0.572 -11.235 -9.900 0.0294 0.9996 -0.0000
-0.029 -11.250 -9.900 0.0294 0.9996 -0.0000
-0.631 -11.232 -9.900 0.0294 0.9996 -0.0000
-1.231 -11.182 -9.900 0.0294 0.9996 -0.0000
0.572 -11.235 -9.200 0.0294 0.9996 -0.0000
-0.029 -11.250 -9.200 0.0294 0.9996 -0.0000
-0.631 -11.232 -9.200 0.0294 0.9996 -0.0000
-1.231 -11.182 -9.200 0.0294 0.9996 -0.0000
0.572 -11.235 -9.200 -0.0000 -0.0000 1.0000
-0.029 -11.250 -9.200 -0.0000 -0.0000 1.0000
-0.631 -11.232 -9.200 -0.0000 -0.0000 1.0000
-1.231 -11.182 -9.200 -0.0000 -0.0000 1.0000
0.554 -10.886 -9.188 -0.0000 -0.0000 1.0000
-0.029 -10.900 -9.188 -0.0000 -0.0000 1.0000
-0.611 -10.883 -9.188 -0.0000 -0.0000 1.0000
-1.193 -10.835 -9.188 -0.0000 -0.0000 1.0000
0.572 -11.235 -9.200 0.0000 0.0000 -1.0000
-0.029 -11.250 -9.200 0.0000 0.0000 -1.0000
-0.631 -11.232 -9.200 0.0000 0.0000 -1.0000
-1.231 -11.182 -9.200 0.0000 0.0000 -1.0000
0.554 -10.886 -9.188 0.0000 0.0000 -1.0000
-0.029 -10.900 -9.188 0.0000 0.0000 -1.0000
-0.611 -10.883 -9.188 0.0000 0.0000 -1.0000
-1.193 -10.835 -9.188 0.0000 0.0000 -1.0000
-0.115 -1.044 -9.812 -0.9940 0.1094 -0.0000
-1.231 -11.182 -10.150 -0.9940 0.1094 -0.0000
-0.115 -1.044 -9.562 -0.9940 0.1094 -0.0000
-1.231 -11.182 -9.900 -0.9940 0.1094 -0.0000
-0.115 -1.044 -9.812 0.9940 -0.1094 0.0000
-1.231 -11.182 -10.150 0.9940 -0.1094 0.0000
-0.115 -1.044 -9.562 0.9940 -0.1094 0.0000
-1.231 -11.182 -9.900 0.9940 -0.1094 0.0000
0 1 5
0 5 4
8 13 9
8 12 13
1 2 6
1 6 5
9 14 10
9 13 14
2 3 7
2 7 6
10 15 11
10 14 15
16 21 17
16 20 21
24 25 29
24 29 28
17 22 18
17 21 22
25 26 30
25 30 29
18 23 19
18 22 23
26 27 31
26 31 30
32 37 33
32 36 37
40 41 45
40 45 44
33 38 34
33 37 38
41 42 46
41 46 45
34 39 35
34 38 39
42 43 47
42 47 46
48 49 53
48 53 52
56 61 57
56 60 61
49 50 54
49 54 53
57 62 58
57 61 62
50 51 55
50 55 54
58 63 59
58 62 63
64 69 65
64 68 69
72 73 77
72 77 76
65 70 66
65 69 70
73 74 78
73 78 77
66 71 67
66 70 71
74 75 79
74 79 78
80 85 81
80 84 85
88 89 93
88 93 92
81 86 82
81 85 86
89 90 94
89 94 93
82 87 83
82 86 87
90 91 95
90 95 94
96 97 99
96 99 98
100 103 101
100 102 103
LABEL sfoot0_strut_0
MATERIAL 9
TEXTURE 0
GEOM 50 48 ;sfoot0_strut_0
0.648 -1.139 -5.539 0.9749 -0.0000 0.2226
0.536 -1.273 -5.348 0.7503 -0.2676 0.6045
0.323 -1.371 -5.238 0.3246 -0.4636 0.8245
0.067 -1.406 -5.238 -0.1880 -0.5353 0.8235
-0.164 -1.371 -5.349 -0.6503 -0.4636 0.6018
-0.309 -1.273 -5.541 -0.9383 -0.2676 0.2189
-0.327 -1.139 -5.761 -0.9749 -0.0000 -0.2226
-0.214 -1.005 -5.952 -0.7503 0.2676 -0.6045
-0.002 -0.907 -6.062 -0.3246 0.4636 -0.8245
0.255 -0.871 -6.062 0.1880 0.5353 -0.8235
0.486 -0.907 -5.951 0.6503 0.4636 -0.6018
0.630 -1.005 -5.759 0.9383 0.2676 -0.2189
1.138 -4.612 -7.685 0.9749 -0.0000 0.2226
1.026 -4.746 -7.494 0.7503 -0.2676 0.6045
0.813 -4.844 -7.384 0.3246 -0.4636 0.8245
0.557 -4.880 -7.384 -0.1880 -0.5353 0.8235
0.326 -4.844 -7.495 -0.6503 -0.4636 0.6018
0.182 -4.746 -7.686 -0.9383 -0.2676 0.2189
0.163 -4.612 -7.907 -0.9749 -0.0000 -0.2226
0.276 -4.478 -8.098 -0.7503 0.2676 -0.6045
0.488 -4.380 -8.208 -0.3246 0.4636 -0.8245
0.745 -4.344 -8.208 0.1880 0.5353 -0.8235
0.976 -4.380 -8.097 0.6503 0.4636 -0.6018
1.120 -4.478 -7.905 0.9383 0.2676 -0.2189
0.161 -1.139 -5.650 -0.1192 0.8447 0.5219
0.648 -1.139 -5.539 -0.1192 0.8447 0.5219
0.536 -1.273 -5.348 -0.1192 0.8447 0.5219
0.323 -1.371 -5.238 -0.1192 0.8447 0.5219
0.067 -1.406 -5.238 -0.1192 0.8447 0.5219
-0.164 -1.371 -5.349 -0.1192 0.8447 0.5219
-0.309 -1.273 -5.541 -0.1192 0.8447 0.5219
-0.327 -1.139 -5.761 -0.1192 0.8447 0.5219
-0.214 -1.005 -5.952 -0.1192 0.8447 0.5219
-0.002 -0.907 -6.062 -0.1192 0.8447 0.5219
0.255 -0.871 -6.062 -0.1192 0.8447 0.5219
0.486 -0.907 -5.951 -0.1192 0.8447 0.5219
0.630 -1.005 -5.759 -0.1192 0.8447 0.5219
0.651 -4.612 -7.796 0.1192 -0.8447 -0.5219
1.138 -4.612 -7.685 0.1192 -0.8447 -0.5219
1.026 -4.746 -7.494 0.1192 -0.8447 -0.5219
0.813 -4.844 -7.384 0.1192 -0.8447 -0.5219
0.557 -4.880 -7.384 0.1192 -0.8447 -0.5219
0.326 -4.844 -7.495 0.1192 -0.8447 -0.5219
0.182 -4.746 -7.686 0.1192 -0.8447 -0.5219
0.163 -4.612 -7.907 0.1192 -0.8447 -0.5219
0.276 -4.478 -8.098 0.1192 -0.8447 -0.5219
0.488 -4.380 -8.208 0.1192 -0.8447 -0.5219
0.745 -4.344 -8.208 0.1192 -0.8447 -0.5219
0.976 -4.380 -8.097 0.1192 -0.8447 -0.5219
1.120 -4.478 -7.905 0.1192 -0.8447 -0.5219
0 1 13
0 13 12
1 2 14
1 14 13
2 3 15
2 15 14
3 4 16
3 16 15
4 5 17
4 17 16
5 6 18
5 18 17
6 7 19
6 19 18
7 8 20
7 20 19
8 9 21
8 21 20
9 10 22
9 22 21
10 11 23
10 23 22
11 0 12
11 12 23
24 26 25
24 27 26
24 28 27
24 29 28
24 30 29
24 31 30
24 32 31
24 33 32
24 34 33
24 35 34
24 36 35
24 25 36
37 38 39
37 39 40
37 40 41
37 41 42
37 42 43
37 43 44
37 44 45
37 45 46
37 46 47
37 47 48
37 48 49
37 49 38
LABEL sfoot0_rod_0
MATERIAL 7
TEXTURE 0
GEOM 42 40 ;sfoot0_rod_0
0.823 -4.105 -7.427 0.9749 -0.0000 0.2226
0.749 -4.184 -7.317 0.6782 -0.3146 0.6641
0.610 -4.232 -7.270 0.1224 -0.5091 0.8520
0.459 -4.232 -7.304 -0.4801 -0.5091 0.7144
0.354 -4.184 -7.407 -0.8992 -0.3146 0.3039
0.335 -4.105 -7.538 -0.9749 -0.0000 -0.2226
0.410 -4.026 -7.649 -0.6782 0.3146 -0.6641
0.549 -3.978 -7.696 -0.1224 0.5091 -0.8520
0.699 -3.978 -7.661 0.4801 0.5091 -0.7144
0.804 -4.026 -7.559 0.8992 0.3146 -0.3039
1.295 -7.454 -9.496 0.9749 -0.0000 0.2226
1.221 -7.532 -9.385 0.6782 -0.3146 0.6641
1.082 -7.581 -9.339 0.1224 -0.5091 0.8520
0.932 -7.581 -9.373 -0.4801 -0.5091 0.7144
0.827 -7.532 -9.476 -0.8992 -0.3146 0.3039
0.808 -7.454 -9.607 -0.9749 -0.0000 -0.2226
0.882 -7.375 -9.718 -0.6782 0.3146 -0.6641
1.021 -7.326 -9.764 -0.1224 0.5091 -0.8520
1.172 -7.326 -9.730 0.4801 0.5091 -0.7144
1.276 -7.375 -9.627 0.8992 0.3146 -0.3039
0.579 -4.105 -7.483 -0.1192 0.8447 0.5219
0.823 -4.105 -7.427 -0.1192 0.8447 0.5219
0.749 -4.184 -7.317 -0.1192 0.8447 0.5219
0.610 -4.232 -7.270 -0.1192 0.8447 0.5219
0.459 -4.232 -7.304 -0.1192 0.8447 0.5219
0.354 -4.184 -7.407 -0.1192 0.8447 0.5219
0.335 -4.105 -7.538 -0.1192 0.8447 0.5219
0.410 -4.026 -7.649 -0.1192 0.8447 0.5219
0.549 -3.978 -7.696 -0.1192 0.8447 0.5219
0.699 -3.978 -7.661 -0.1192 0.8447 0.5219
0.804 -4.026 -7.559 -0.1192 0.8447 0.5219
1.052 -7.454 -9.551 0.1192 -0.8447 -0.5219
1.295 -7.454 -9.496 0.1192 -0.8447 -0.5219
1.221 -7.532 -9.385 0.1192 -0.8447 -0.5219
1.082 -7.581 -9.339 0.1192 -0.8447 -0.5219
0.932 -7.581 -9.373 0.1192 -0.8447 -0.5219
0.827 -7.532 -9.476 0.1192 -0.8447 -0.5219
0.808 -7.454 -9.607 0.1192 -0.8447 -0.5219
0.882 -7.375 -9.718 0.1192 -0.8447 -0.5219
1.021 -7.326 -9.764 0.1192 -0.8447 -0.5219
1.172 -7.326 -9.730 0.1192 -0.8447 -0.5219
1.276 -7.375 -9.627 0.1192 -0.8447 -0.5219
0 1 11
0 11 10
1 2 12
1 12 11
2 3 13
2 13 12
3 4 14
3 14 13
4 5 15
4 15 14
5 6 16
5 16 15
6 7 17
6 17 16
7 8 18
7 18 17
8 9 19
8 19 18
9 0 10
9 10 19
20 22 21
20 23 22
20 24 23
20 25 24
20 26 25
20 27 26
20 28 27
20 29 28
20 30 29
20 21 30
31 32 33
31 33 34
31 34 35
31 35 36
31 36 37
31 37 38
31 38 39
31 39 40
31 40 41
31 41 32
LABEL sfoot0_skirt_0_0
MATERIAL 7
TEXTURE 0
GEOM 16 12 ;sfoot0_skirt_0_0
4.277 -10.405 -11.050 0.3048 -0.9524 0.0000
3.714 -10.619 -11.050 0.3048 -0.9524 0.0000
3.141 -10.803 -11.050 0.3048 -0.9524 0.0000
2.558 -10.955 -11.050 0.3048 -0.9524 0.0000
4.277 -10.405 -10.150 0.3048 -0.9524 0.0000
3.714 -10.619 -10.150 0.3048 -0.9524 0.0000
3.141 -10.803 -10.150 0.3048 -0.9524 0.0000
2.558 -10.955 -10.150 0.3048 -0.9524 0.0000
4.277 -10.405 -11.050 -0.3048 0.9524 -0.0000
3.714 -10.619 -11.050 -0.3048 0.9524 -0.0000
3.141 -10.803 -11.050 -0.3048 0.9524 -0.0000
2.558 -10.955 -11.050 -0.3048 0.9524 -0.0000
4.277 -10.405 -10.150 -0.3048 0.9524 -0.0000
3.714 -10.619 -10.150 -0.3048 0.9524 -0.0000
3.141 -10.803 -10.150 -0.3048 0.9524 -0.0000
2.558 -10.955 -10.150 -0.3048 0.9524 -0.0000
0 5 1
0 4 5
8 9 13
8 13 12
1 6 2
1 5 6
9 10 14
9 14 13
2 7 3
2 6 7
10 11 15
10 15 14
LABEL sfoot0_skirt_0_1
MATERIAL 7
TEXTURE 0
GEOM 16 12 ;sfoot0_skirt_0_1
2.515 -10.965 -11.050 0.1397 -0.9902 0.0000
1.888 -11.091 -11.050 0.1397 -0.9902 0.0000
1.254 -11.180 -11.050 0.1397 -0.9902 0.0000
0.617 -11.233 -11.050 0.1397 -0.9902 0.0000
2.515 -10.965 -10.150 0.1397 -0.9902 0.0000
1.888 -11.091 -10.150 0.1397 -0.9902 0.0000
1.254 -11.180 -10.150 0.1397 -0.9902 0.0000
0.617 -11.233 -10.150 0.1397 -0.9902 0.0000
2.515 -10.965 -11.050 -0.1397 0.9902 -0.0000
1.888 -11.091 -11.050 -0.1397 0.9902 -0.0000
1.254 -11.180 -11.050 -0.1397 0.9902 -0.0000
0.617 -11.233 -11.050 -0.1397 0.9902 -0.0000
2.515 -10.965 -10.150 -0.1397 0.9902 -0.0000
1.888 -11.091 -10.150 -0.1397 0.9902 -0.0000
1.254 -11.180 -10.150 -0.1397 0.9902 -0.0000
0.617 -11.233 -10.150 -0.1397 0.9902 -0.0000
0 5 1
0 4 5
8 9 13
8 13 12
1 6 2
1 5 6
9 10 14
9 14 13
2 7 3
2 6 7
10 11 15
10 15 14
LABEL sfoot0_skirt_0_2
MATERIAL 7
TEXTURE 0
GEOM 16 12 ;sfoot0_skirt_0_2
0.572 -11.235 -11.050 -0.0294 -0.9996 0.0000
-0.029 -11.250 -11.050 -0.0294 -0.9996 0.0000
-0.631 -11.232 -11.050 -0.0294 -0.9996 0.0000
-1.231 -11.182 -11.050 -0.0294 -0.9996 0.0000
0.572 -11.235 -10.150 -0.0294 -0.9996 0.0000
-0.029 -11.250 -10.150 -0.0294 -0.9996 0.0000
-0.631 -11.232 -10.150 -0.0294 -0.9996 0.0000
-1.231 -11.182 -10.150 -0.0294 -0.9996 0.0000
0.572 -11.235 -11.050 0.0294 0.9996 -0.0000
-0.029 -11.250 -11.050 0.0294 0.9996 -0.0000
-0.631 -11.232 -11.050 0.0294 0.9996 -0.0000
-1.231 -11.182 -11.050 0.0294 0.9996 -0.0000
0.572 -11.235 -10.150 0.0294 0.9996 -0.0000
-0.029 -11.250 -10.150 0.0294 0.9996 -0.0000
-0.631 -11.232 -10.150 0.0294 0.9996 -0.0000
-1.231 -11.182 -10.150 0.0294 0.9996 -0.0000
0 5 1
0 4 5
8 9 13
8 13 12
1 6 2
1 5 6
9 10 14
9 14 13
2 7 3
2 6 7
10 11 15
10 15 14
LABEL sfoot0_petal_1
MATERIAL 7
TEXTURE 0
GEOM 66 52 ;sfoot0_petal_1
-0.015 -0.973 -9.557 0.3739 0.9269 0.0332
-0.664 -0.711 -9.557 0.3739 0.9269 0.0332
-0.670 -0.725 -9.107 0.3739 0.9269 0.0332
-0.021 -0.987 -9.107 0.3739 0.9269 0.0332
-3.738 -10.201 -9.887 -0.3739 -0.9269 -0.0332
-4.387 -9.939 -9.887 -0.3739 -0.9269 -0.0332
-4.392 -9.953 -9.437 -0.3739 -0.9269 -0.0332
-3.743 -10.215 -9.437 -0.3739 -0.9269 -0.0332
-0.015 -0.973 -9.557 0.9274 -0.3741 0.0000
-3.738 -10.201 -9.887 0.9274 -0.3741 0.0000
-3.743 -10.215 -9.437 0.9274 -0.3741 0.0000
-0.021 -0.987 -9.107 0.9274 -0.3741 0.0000
-0.664 -0.711 -9.557 -0.9274 0.3741 -0.0000
-4.387 -9.939 -9.887 -0.9274 0.3741 -0.0000
-4.392 -9.953 -9.437 -0.9274 0.3741 -0.0000
-0.670 -0.725 -9.107 -0.9274 0.3741 -0.0000
-0.015 -0.973 -9.557 0.0124 0.0307 -0.9995
-3.738 -10.201 -9.887 0.0124 0.0307 -0.9995
-4.387 -9.939 -9.887 0.0124 0.0307 -0.9995
-0.664 -0.711 -9.557 0.0124 0.0307 -0.9995
-0.021 -0.987 -9.107 -0.0124 -0.0307 0.9995
-3.743 -10.215 -9.437 -0.0124 -0.0307 0.9995
-4.392 -9.953 -9.437 -0.0124 -0.0307 0.9995
-0.670 -0.725 -9.107 -0.0124 -0.0307 0.9995
0.155 -0.818 -9.900 0.0000 0.0000 -1.0000
0.089 -0.981 -9.843 -0.2199 -0.5451 -0.8090
0.049 -1.082 -9.693 -0.3558 -0.8820 -0.3090
0.049 -1.082 -9.507 -0.3558 -0.8820 0.3090
0.089 -0.981 -9.357 -0.2199 -0.5451 0.8090
0.155 -0.818 -9.300 -0.0000 -0.0000 1.0000
0.221 -0.654 -9.357 0.2199 0.5451 0.8090
0.262 -0.553 -9.507 0.3558 0.8820 0.3090
0.262 -0.553 -9.693 0.3558 0.8820 -0.3090
0.221 -0.654 -9.843 0.2199 0.5451 -0.8090
-0.679 -0.481 -9.900 0.0000 0.0000 -1.0000
-0.745 -0.644 -9.843 -0.2199 -0.5451 -0.8090
-0.786 -0.745 -9.693 -0.3558 -0.8820 -0.3090
-0.786 -0.745 -9.507 -0.3558 -0.8820 0.3090
-0.745 -0.644 -9.357 -0.2199 -0.5451 0.8090
-0.679 -0.481 -9.300 -0.0000 -0.0000 1.0000
-0.613 -0.317 -9.357 0.2199 0.5451 0.8090
-0.572 -0.216 -9.507 0.3558 0.8820 0.3090
-0.572 -0.216 -9.693 0.3558 0.8820 -0.3090
-0.613 -0.317 -9.843 0.2199 0.5451 -0.8090
0.155 -0.818 -9.600 0.9274 -0.3741 -0.0000
0.155 -0.818 -9.900 0.9274 -0.3741 -0.0000
0.089 -0.981 -9.843 0.9274 -0.3741 -0.0000
0.049 -1.082 -9.693 0.9274 -0.3741 -0.0000
0.049 -1.082 -9.507 0.9274 -0.3741 -0.0000
0.089 -0.981 -9.357 0.9274 -0.3741 -0.0000
0.155 -0.818 -9.300 0.9274 -0.3741 -0.0000
0.221 -0.654 -9.357 0.9274 -0.3741 -0.0000
0.262 -0.553 -9.507 0.9274 -0.3741 -0.0000
0.262 -0.553 -9.693 0.9274 -0.3741 -0.0000
0.221 -0.654 -9.843 0.9274 -0.3741 -0.0000
-0.679 -0.481 -9.600 -0.9274 0.3741 0.0000
-0.679 -0.481 -9.900 -0.9274 0.3741 0.0000
-0.745 -0.644 -9.843 -0.9274 0.3741 0.0000
-0.786 -0.745 -9.693 -0.9274 0.3741 0.0000
-0.786 -0.745 -9.507 -0.9274 0.3741 0.0000
-0.745 -0.644 -9.357 -0.9274 0.3741 0.0000
-0.679 -0.481 -9.300 -0.9274 0.3741 0.0000
-0.613 -0.317 -9.357 -0.9274 0.3741 0.0000
-0.572 -0.216 -9.507 -0.9274 0.3741 0.0000
-0.572 -0.216 -9.693 -0.9274 0.3741 0.0000
-0.613 -0.317 -9.843 -0.9274 0.3741 0.0000
0 1 2
0 2 3
4 6 5
4 7 6
8 10 9
8 11 10
12 13 14
12 14 15
16 17 18
16 18 19
20 22 21
20 23 22
24 25 35
24 35 34
25 26 36
25 36 35
26 27 37
26 37 36
27 28 38
27 38 37
28 29 39
28 39 38
29 30 40
29 40 39
30 31 41
30 41 40
31 32 42
31 42 41
32 33 43
32 43 42
33 24 34
33 34 43
44 46 45
44 47 46
44 48 47
44 49 48
44 50 49
44 51 50
44 52 51
44 53 52
44 54 53
44 45 54
55 56 57
55 57 58
55 58 59
55 59 60
55 60 61
55 61 62
55 62 63
55 63 64
55 64 65
55 65 56
LABEL sfoot0_slat_1_0
MATERIAL 7
TEXTURE 0
GEOM 104 76 ;sfoot0_slat_1_0
-0.140 -1.041 -9.562 -0.0124 -0.0307 0.9995
-0.195 -1.032 -9.562 -0.0124 -0.0307 0.9995
-0.250 -1.020 -9.562 -0.0124 -0.0307 0.9995
-0.304 -1.005 -9.562 -0.0124 -0.0307 0.9995
-1.499 -11.150 -9.900 -0.0124 -0.0307 0.9995
-2.093 -11.054 -9.900 -0.0124 -0.0307 0.9995
-2.681 -10.926 -9.900 -0.0124 -0.0307 0.9995
-3.262 -10.767 -9.900 -0.0124 -0.0307 0.9995
-0.140 -1.041 -9.562 0.0124 0.0307 -0.9995
-0.195 -1.032 -9.562 0.0124 0.0307 -0.9995
-0.250 -1.020 -9.562 0.0124 0.0307 -0.9995
-0.304 -1.005 -9.562 0.0124 0.0307 -0.9995
-1.499 -11.150 -9.900 0.0124 0.0307 -0.9995
-2.093 -11.054 -9.900 0.0124 0.0307 -0.9995
-2.681 -10.926 -9.900 0.0124 0.0307 -0.9995
-3.262 -10.767 -9.900 0.0124 0.0307 -0.9995
-0.140 -1.041 -9.812 0.0124 0.0307 -0.9995
-0.195 -1.032 -9.812 0.0124 0.0307 -0.9995
-0.250 -1.020 -9.812 0.0124 0.0307 -0.9995
-0.304 -1.005 -9.812 0.0124 0.0307 -0.9995
-1.499 -11.150 -10.150 0.0124 0.0307 -0.9995
-2.093 -11.054 -10.150 0.0124 0.0307 -0.9995
-2.681 -10.926 -10.150 0.0124 0.0307 -0.9995
-3.262 -10.767 -10.150 0.0124 0.0307 -0.9995
-0.140 -1.041 -9.812 -0.0124 -0.0307 0.9995
-0.195 -1.032 -9.812 -0.0124 -0.0307 0.9995
-0.250 -1.020 -9.812 -0.0124 -0.0307 0.9995
-0.304 -1.005 -9.812 -0.0124 -0.0307 0.9995
-1.499 -11.150 -10.150 -0.0124 -0.0307 0.9995
-2.093 -11.054 -10.150 -0.0124 -0.0307 0.9995
-2.681 -10.926 -10.150 -0.0124 -0.0307 0.9995
-3.262 -10.767 -10.150 -0.0124 -0.0307 0.9995
-1.499 -11.150 -10.150 -0.2123 -0.9772 0.0000
-2.093 -11.054 -10.150 -0.2123 -0.9772 0.0000
-2.681 -10.926 -10.150 -0.2123 -0.9772 0.0000
-3.262 -10.767 -10.150 -0.2123 -0.9772 0.0000
-1.499 -11.150 -9.900 -0.2123 -0.9772 0.0000
-2.093 -11.054 -9.900 -0.2123 -0.9772 0.0000
-2.681 -10.926 -9.900 -0.2123 -0.9772 0.0000
-3.262 -10.767 -9.900 -0.2123 -0.9772 0.0000
-1.499 -11.150 -10.150 0.2123 0.9772 -0.0000
-2.093 -11.054 -10.150 0.2123 0.9772 -0.0000
-2.681 -10.926 -10.150 0.2123 0.9772 -0.0000
-3.262 -10.767 -10.150 0.2123 0.9772 -0.0000
-1.499 -11.150 -9.900 0.2123 0.9772 -0.0000
-2.093 -11.054 -9.900 0.2123 0.9772 -0.0000
-2.681 -10.926 -9.900 0.2123 0.9772 -0.0000
-3.262 -10.767 -9.900 0.2123 0.9772 -0.0000
-0.140 -1.041 -9.812 0.2123 0.9772 -0.0000
-0.195 -1.032 -9.812 0.2123 0.9772 -0.0000
-0.250 -1.020 -9.812 0.2123 0.9772 -0.0000
-0.304 -1.005 -9.812 0.2123 0.9772 -0.0000
-0.140 -1.041 -9.562 0.2123 0.9772 -0.0000
-0.195 -1.032 -9.562 0.2123 0.9772 -0.0000
-0.250 -1.020 -9.562 0.2123 0.9772 -0.0000
-0.304 -1.005 -9.562 0.2123 0.9772 -0.0000
-0.140 -1.041 -9.812 -0.2123 -0.9772 0.0000
-0.195 -1.032 -9.812 -0.2123 -0.9772 0.0000
-0.250 -1.020 -9.812 -0.2123 -0.9772 0.0000
-0.304 -1.005 -9.812 -0.2123 -0.9772 0.0000
-0.140 -1.041 -9.562 -0.2123 -0.9772 0.0000
-0.195 -1.032 -9.562 -0.2123 -0.9772 0.0000
-0.250 -1.020 -9.562 -0.2123 -0.9772 0.0000
-0.304 -1.005 -9.562 -0.2123 -0.9772 0.0000
-1.499 -11.150 -9.900 -0.2123 -0.9772 0.0000
-2.093 -11.054 -9.900 -0.2123 -0.9772 0.0000
-2.681 -10.926 -9.900 -0.2123 -0.9772 0.0000
-3.262 -10.767 -9.900 -0.2123 -0.9772 0.0000
-1.499 -11.150 -9.200 -0.2123 -0.9772 0.0000
-2.093 -11.054 -9.200 -0.2123 -0.9772 0.0000
-2.681 -10.926 -9.200 -0.2123 -0.9772 0.0000
-3.262 -10.767 -9.200 -0.2123 -0.9772 0.0000
-1.499 -11.150 -9.900 0.2123 0.9772 -0.0000
-2.093 -11.054 -9.900 0.2123 0.9772 -0.0000
-2.681 -10.926 -9.900 0.2123 0.9772 -0.0000
-3.262 -10.767 -9.900 0.2123 0.9772 -0.0000
-1.499 -11.150 -9.200 0.2123 0.9772 -0.0000
-2.093 -11.054 -9.200 0.2123 0.9772 -0.0000
-2.681 -10.926 -9.200 0.2123 0.9772 -0.0000
-3.262 -10.767 -9.200 0.2123 0.9772 -0.0000
-1.499 -11.150 -9.200 -0.0000 -0.0000 1.0000
-2.093 -11.054 -9.200 -0.0000 -0.0000 1.0000
-2.681 -10.926 -9.200 -0.0000 -0.0000 1.0000
-3.262 -10.767 -9.200 -0.0000 -0.0000 1.0000
-1.452 -10.803 -9.188 -0.0000 -0.0000 1.0000
-2.028 -10.710 -9.188 -0.0000 -0.0000 1.0000
-2.598 -10.586 -9.188 -0.0000 -0.0000 1.0000
-3.160 -10.432 -9.188 -0.0000 -0.0000 1.0000
-1.499 -11.150 -9.200 0.0000 0.0000 -1.0000
-2.093 -11.054 -9.200 0.0000 0.0000 -1.0000
-2.681 -10.926 -9.200 0.0000 0.0000 -1.0000
-3.262 -10.767 -9.200 0.0000 0.0000 -1.0000
-1.452 -10.803 -9.188 0.0000 0.0000 -1.0000
-2.028 -10.710 -9.188 0.0000 0.0000 -1.0000
-2.598 -10.586 -9.188 0.0000 0.0000 -1.0000
-3.160 -10.432 -9.188 0.0000 0.0000 -1.0000
-0.140 -1.041 -9.812 -0.9911 0.1332 -0.0000
-1.499 -11.150 -10.150 -0.9911 0.1332 -0.0000
-0.140 -1.041 -9.562 -0.9911 0.1332 -0.0000
-1.499 -11.150 -9.900 -0.9911 0.1332 -0.0000
-0.140 -1.041 -9.812 0.9911 -0.1332 0.0000
-1.499 -11.150 -10.150 0.9911 -0.1332 0.0000
-0.140 -1.041 -9.562 0.9911 -0.1332 0.0000
-1.499 -11.150 -9.900 0.9911 -0.1332 0.0000
0 1 5
0 5 4
8 13 9
8 12 13
1 2 6
1 6 5
9 14 10
9 13 14
2 3 7
2 7 6
10 15 11
10 14 15
16 21 17
16 20 21
24 25 29
24 29 28
17 22 18
17 21 22
25 26 30
25 30 29
18 23 19
18 22 23
26 27 31
26 31 30
32 37 33
32 36 37
40 41 45
40 45 44
33 38 34
33 37 38
41 42 46
41 46 45
34 39 35
34 38 39
42 43 47
42 47 46
48 49 53
48 53 52
56 61 57
56 60 61
49 50 54
49 54 53
57 62 58
57 61 62
50 51 55
50 55 54
58 63 59
58 62 63
64 69 65
64 68 69
72 73 77
72 77 76
65 70 66
65 69 70
73 74 78
73 78 77
66 71 67
66 70 71
74 75 79
74 79 78
80 85 81
80 84 85
88 89 93
88 93 92
81 86 82
81 85 86
89 90 94
89 94 93
82 87 83
82 86 87
90 91 95
90 95 94
96 97 99
96 99 98
100 103 101
100 102 103
LABEL sfoot0_slat_1_1
MATERIAL 7
TEXTURE 0
GEOM 96 72 ;sfoot0_slat_1_1
-0.308 -1.004 -9.562 -0.0124 -0.0307 0.9995
-0.365 -0.985 -9.562 -0.0124 -0.0307 0.9995
-0.420 -0.962 -9.562 -0.0124 -0.0307 0.9995
-0.474 -0.937 -9.562 -0.0124 -0.0307 0.9995
-3.305 -10.754 -9.900 -0.0124 -0.0307 0.9995
-3.911 -10.548 -9.900 -0.0124 -0.0307 0.9995
-4.504 -10.309 -9.900 -0.0124 -0.0307 0.9995
-5.082 -10.037 -9.900 -0.0124 -0.0307 0.9995
-0.308 -1.004 -9.562 0.0124 0.0307 -0.9995
-0.365 -0.985 -9.562 0.0124 0.0307 -0.9995
-0.420 -0.962 -9.562 0.0124 0.0307 -0.9995
-0.474 -0.937 -9.562 0.0124 0.0307 -0.9995
-3.305 -10.754 -9.900 0.0124 0.0307 -0.9995
-3.911 -10.548 -9.900 0.0124 0.0307 -0.9995
-4.504 -10.309 -9.900 0.0124 0.0307 -0.9995
-5.082 -10.037 -9.900 0.0124 0.0307 -0.9995
-0.308 -1.004 -9.812 0.0124 0.0307 -0.9995
-0.365 -0.985 -9.812 0.0124 0.0307 -0.9995
-0.420 -0.962 -9.812 0.0124 0.0307 -0.9995
-0.474 -0.937 -9.812 0.0124 0.0307 -0.9995
-3.305 -10.754 -10.150 0.0124 0.0307 -0.9995
-3.911 -10.548 -10.150 0.0124 0.0307 -0.9995
-4.504 -10.309 -10.150 0.0124 0.0307 -0.9995
-5.082 -10.037 -10.150 0.0124 0.0307 -0.9995
-0.308 -1.004 -9.812 -0.0124 -0.0307 0.9995
-0.365 -0.985 -9.812 -0.0124 -0.0307 0.9995
-0.420 -0.962 -9.812 -0.0124 -0.0307 0.9995
-0.474 -0.937 -9.812 -0.0124 -0.0307 0.9995
-3.305 -10.754 -10.150 -0.0124 -0.0307 0.9995
-3.911 -10.548 -10.150 -0.0124 -0.0307 0.9995
-4.504 -10.309 -10.150 -0.0124 -0.0307 0.9995
-5.082 -10.037 -10.150 -0.0124 -0.0307 0.9995
-3.305 -10.754 -10.150 -0.3741 -0.9274 0.0000
-3.911 -10.548 -10.150 -0.3741 -0.9274 0.0000
-4.504 -10.309 -10.150 -0.3741 -0.9274 0.0000
-5.082 -10.037 -10.150 -0.3741 -0.9274 0.0000
-3.305 -10.754 -9.900 -0.3741 -0.9274 0.0000
-3.911 -10.548 -9.900 -0.3741 -0.9274 0.0000
-4.504 -10.309 -9.900 -0.3741 -0.9274 0.0000
-5.082 -10.037 -9.900 -0.3741 -0.9274 0.0000
-3.305 -10.754 -10.150 0.3741 0.9274 -0.0000
-3.911 -10.548 -10.150 0.3741 0.9274 -0.0000
-4.504 -10.309 -10.150 0.3741 0.9274 -0.0000
-5.082 -10.037 -10.150 0.3741 0.9274 -0.0000
-3.305 -10.754 -9.900 0.3741 0.9274 -0.0000
-3.911 -10.548 -9.900 0.3741 0.9274 -0.0000
-4.504 -10.309 -9.900 0.3741 0.9274 -0.0000
-5.082 -10.037 -9.900 0.3741 0.9274 -0.0000
-0.308 -1.004 -9.812 0.3741 0.9274 -0.0000
-0.365 -0.985 -9.812 0.3741 0.9274 -0.0000
-0.420 -0.962 -9.812 0.3741 0.9274 -0.0000
-0.474 -0.937 -9.812 0.3741 0.9274 -0.0000
-0.308 -1.004 -9.562 0.3741 0.9274 -0.0000
-0.365 -0.985 -9.562 0.3741 0.9274 -0.0000
-0.420 -0.962 -9.562 0.3741 0.9274 -0.0000
-0.474 -0.937 -9.562 0.3741 0.9274 -0.0000
-0.308 -1.004 -9.812 -0.3741 -0.9274 0.0000
-0.365 -0.985 -9.812 -0.3741 -0.9274 0.0000
-0.420 -0.962 -9.812 -0.3741 -0.9274 0.0000
-0.474 -0.937 -9.812 -0.3741 -0.9274 0.0000
-0.308 -1.004 -9.562 -0.3741 -0.9274 0.0000
-0.365 -0.985 -9.562 -0.3741 -0.9274 0.0000
-0.420 -0.962 -9.562 -0.3741 -0.9274 0.0000
-0.474 -0.937 -9.562 -0.3741 -0.9274 0.0000
-3.305 -10.754 -9.900 -0.3741 -0.9274 0.0000
-3.911 -10.548 -9.900 -0.3741 -0.9274 0.0000
-4.504 -10.309 -9.900 -0.3741 -0.9274 0.0000
-5.082 -10.037 -9.900 -0.3741 -0.9274 0.0000
-3.305 -10.754 -9.200 -0.3741 -0.9274 0.0000
-3.911 -10.548 -9.200 -0.3741 -0.9274 0.0000
-4.504 -10.309 -9.200 -0.3741 -0.9274 0.0000
-5.082 -10.037 -9.200 -0.3741 -0.9274 0.0000
-3.305 -10.754 -9.900 0.3741 0.9274 -0.0000
-3.911 -10.548 -9.900 0.3741 0.9274 -0.0000
-4.504 -10.309 -9.900 0.3741 0.9274 -0.0000
-5.082 -10.037 -9.900 0.3741 0.9274 -0.0000
-3.305 -10.754 -9.200 0.3741 0.9274 -0.0000
-3.911 -10.548 -9.200 0.3741 0.9274 -0.0000
-4.504 -10.309 -9.200 0.3741 0.9274 -0.0000
-5.082 -10.037 -9.200 0.3741 0.9274 -0.0000
-3.305 -10.754 -9.200 -0.0000 -0.0000 1.0000
-3.911 -10.548 -9.200 -0.0000 -0.0000 1.0000
-4.504 -10.309 -9.200 -0.0000 -0.0000 1.0000
-5.082 -10.037 -9.200 -0.0000 -0.0000 1.0000
-3.202 -10.419 -9.188 -0.0000 -0.0000 1.0000
-3.789 -10.220 -9.188 -0.0000 -0.0000 1.0000
-4.363 -9.989 -9.188 -0.0000 -0.0000 1.0000
-4.924 -9.724 -9.188 -0.0000 -0.0000 1.0000
-3.305 -10.754 -9.200 0.0000 0.0000 -1.0000
-3.911 -10.548 -9.200 0.0000 0.0000 -1.0000
-4.504 -10.309 -9.200 0.0000 0.0000 -1.0000
-5.082 -10.037 -9.200 0.0000 0.0000 -1.0000
-3.202 -10.419 -9.188 0.0000 0.0000 -1.0000
-3.789 -10.220 -9.188 0.0000 0.0000 -1.0000
-4.363 -9.989 -9.188 0.0000 0.0000 -1.0000
-4.924 -9.724 -9.188 0.0000 0.0000 -1.0000
0 1 5
0 5 4
8 13 9
8 12 13
1 2 6
1 6 5
9 14 10
9 13 14
2 3 7
2 7 6
10 15 11
10 14 15
16 21 17
16 20 21
24 25 29
24 29 28
17 22 18
17 21 22
25 26 30
25 30 29
18 23 19
18 22 23
26 27 31
26 31 30
32 37 33
32 36 37
40 41 45
40 45 44
33 38 34
33 37 38
41 42 46
41 46 45
34 39 35
34 38 39
42 43 47
42 47 46
48 49 53
48 53 52
56 61 57
56 60 61
49 50 54
49 54 53
57 62 58
57 61 62
50 51 55
50 55 54
58 63 59
58 62 63
64 69 65
64 68 69
72 73 77
72 77 76
65 70 66
65 69 70
73 74 78
73 78 77
66 71 67
66 70 71
74 75 79
74 79 78
80 85 81
80 84 85
88 89 93
88 93 92
81 86 82
81 85 86
89 90 94
89 94 93
82 87 83
82 86 87
90 91 95
90 95 94
LABEL sfoot0_slat_1_2
MATERIAL 7
TEXTURE 0
GEOM 104 76 ;sfoot0_slat_1_2
-0.478 -0.935 -9.562 -0.0124 -0.0307 0.9995
-0.527 -0.908 -9.562 -0.0124 -0.0307 0.9995
-0.575 -0.878 -9.562 -0.0124 -0.0307 0.9995
-0.621 -0.846 -9.562 -0.0124 -0.0307 0.9995
-5.122 -10.016 -9.900 -0.0124 -0.0307 0.9995
-5.650 -9.728 -9.900 -0.0124 -0.0307 0.9995
-6.163 -9.412 -9.900 -0.0124 -0.0307 0.9995
-6.657 -9.069 -9.900 -0.0124 -0.0307 0.9995
-0.478 -0.935 -9.562 0.0124 0.0307 -0.9995
-0.527 -0.908 -9.562 0.0124 0.0307 -0.9995
-0.575 -0.878 -9.562 0.0124 0.0307 -0.9995
-0.621 -0.846 -9.562 0.0124 0.0307 -0.9995
-5.122 -10.016 -9.900 0.0124 0.0307 -0.9995
-5.650 -9.728 -9.900 0.0124 0.0307 -0.9995
-6.163 -9.412 -9.900 0.0124 0.0307 -0.9995
-6.657 -9.069 -9.900 0.0124 0.0307 -0.9995
-0.478 -0.935 -9.812 0.0124 0.0307 -0.9995
-0.527 -0.908 -9.812 0.0124 0.0307 -0.9995
-0.575 -0.878 -9.812 0.0124 0.0307 -0.9995
-0.621 -0.846 -9.812 0.0124 0.0307 -0.9995
-5.122 -10.016 -10.150 0.0124 0.0307 -0.9995
-5.650 -9.728 -10.150 0.0124 0.0307 -0.9995
-6.163 -9.412 -10.150 0.0124 0.0307 -0.9995
-6.657 -9.069 -10.150 0.0124 0.0307 -0.9995
-0.478 -0.935 -9.812 -0.0124 -0.0307 0.9995
-0.527 -0.908 -9.812 -0.0124 -0.0307 0.9995
-0.575 -0.878 -9.812 -0.0124 -0.0307 0.9995
-0.621 -0.846 -9.812 -0.0124 -0.0307 0.9995
-5.122 -10.016 -10.150 -0.0124 -0.0307 0.9995
-5.650 -9.728 -10.150 -0.0124 -0.0307 0.9995
-6.163 -9.412 -10.150 -0.0124 -0.0307 0.9995
-6.657 -9.069 -10.150 -0.0124 -0.0307 0.9995
-5.122 -10.016 -10.150 -0.5252 -0.8510 0.0000
-5.650 -9.728 -10.150 -0.5252 -0.8510 0.0000
-6.163 -9.412 -10.150 -0.5252 -0.8510 0.0000
-6.657 -9.069 -10.150 -0.5252 -0.8510 0.0000
-5.122 -10.016 -9.900 -0.5252 -0.8510 0.0000
-5.650 -9.728 -9.900 -0.5252 -0.8510 0.0000
-6.163 -9.412 -9.900 -0.5252 -0.8510 0.0000
-6.657 -9.069 -9.900 -0.5252 -0.8510 0.0000
-5.122 -10.016 -10.150 0.5252 0.8510 -0.0000
-5.650 -9.728 -10.150 0.5252 0.8510 -0.0000
-6.163 -9.412 -10.150 0.5252 0.8510 -0.0000
-6.657 -9.069 -10.150 0.5252 0.8510 -0.0000
-5.122 -10.016 -9.900 0.5252 0.8510 -0.0000
-5.650 -9.728 -9.900 0.5252 0.8510 -0.0000
-6.163 -9.412 -9.900 0.5252 0.8510 -0.0000
-6.657 -9.069 -9.900 0.5252 0.8510 -0.0000
-0.478 -0.935 -9.812 0.5252 0.8510 -0.0000
-0.527 -0.908 -9.812 0.5252 0.8510 -0.0000
-0.575 -0.878 -9.812 0.5252 0.8510 -0.0000
-0.621 -0.846 -9.812 0.5252 0.8510 -0.0000
-0.478 -0.935 -9.562 0.5252 0.8510 -0.0000
-0.527 -0.908 -9.562 0.5252 0.8510 -0.0000
-0.575 -0.878 -9.562 0.5252 0.8510 -0.0000
-0.621 -0.846 -9.562 0.5252 0.8510 -0.0000
-0.478 -0.935 -9.812 -0.5252 -0.8510 0.0000
-0.527 -0.908 -9.812 -0.5252 -0.8510 0.0000
-0.575 -0.878 -9.812 -0.5252 -0.8510 0.0000
-0.621 -0.846 -9.812 -0.5252 -0.8510 0.0000
-0.478 -0.935 -9.562 -0.5252 -0.8510 0.0000
-0.527 -0.908 -9.562 -0.5252 -0.8510 0.0000
-0.575 -0.878 -9.562 -0.5252 -0.8510 0.0000
-0.621 -0.846 -9.562 -0.5252 -0.8510 0.0000
-5.122 -10.016 -9.900 -0.5252 -0.8510 0.0000
-5.650 -9.728 -9.900 -0.5252 -0.8510 0.0000
-6.163 -9.412 -9.900 -0.5252 -0.8510 0.0000
-6.657 -9.069 -9.900 -0.5252 -0.8510 0.0000
-5.122 -10.016 -9.200 -0.5252 -0.8510 0.0000
-5.650 -9.728 -9.200 -0.5252 -0.8510 0.0000
-6.163 -9.412 -9.200 -0.5252 -0.8510 0.0000
-6.657 -9.069 -9.200 -0.5252 -0.8510 0.0000
-5.122 -10.016 -9.900 0.5252 0.8510 -0.0000
-5.650 -9.728 -9.900 0.5252 0.8510 -0.0000
-6.163 -9.412 -9.900 0.5252 0.8510 -0.0000
-6.657 -9.069 -9.900 0.5252 0.8510 -0.0000
-5.122 -10.016 -9.200 0.5252 0.8510 -0.0000
-5.650 -9.728 -9.200 0.5252 0.8510 -0.0000
-6.163 -9.412 -9.200 0.5252 0.8510 -0.0000
-6.657 -9.069 -9.200 0.5252 0.8510 -0.0000
-5.122 -10.016 -9.200 -0.0000 -0.0000 1.0000
-5.650 -9.728 -9.200 -0.0000 -0.0000 1.0000
-6.163 -9.412 -9.200 -0.0000 -0.0000 1.0000
-6.657 -9.069 -9.200 -0.0000 -0.0000 1.0000
-4.963 -9.705 -9.188 -0.0000 -0.0000 1.0000
-5.475 -9.425 -9.188 -0.0000 -0.0000 1.0000
-5.971 -9.119 -9.188 -0.0000 -0.0000 1.0000
-6.450 -8.787 -9.188 -0.0000 -0.0000 1.0000
-5.122 -10.016 -9.200 0.0000 0.0000 -1.0000
-5.650 -9.728 -9.200 0.0000 0.0000 -1.0000
-6.163 -9.412 -9.200 0.0000 0.0000 -1.0000
-6.657 -9.069 -9.200 0.0000 0.0000 -1.0000
-4.963 -9.705 -9.188 0.0000 0.0000 -1.0000
-5.475 -9.425 -9.188 0.0000 0.0000 -1.0000
-5.971 -9.119 -9.188 0.0000 0.0000 -1.0000
-6.450 -8.787 -9.188 0.0000 0.0000 -1.0000
-0.621 -0.846 -9.812 -0.8061 0.5918 -0.0000
-6.657 -9.069 -10.150 -0.8061 0.5918 -0.0000
-0.621 -0.846 -9.562 -0.8061 0.5918 -0.0000
-6.657 -9.069 -9.900 -0.8061 0.5918 -0.0000
-0.621 -0.846 -9.812 0.8061 -0.5918 0.0000
-6.657 -9.069 -10.150 0.8061 -0.5918 0.0000
-0.621 -0.846 -9.562 0.8061 -0.5918 0.0000
-6.657 -9.069 -9.900 0.8061 -0.5918 0.0000
0 1 5
0 5 4
8 13 9
8 12 13
1 2 6
1 6 5
9 14 10
9 13 14
2 3 7
2 7 6
10 15 11
10 14 15
16 21 17
16 20 21
24 25 29
24 29 28
17 22 18
17 21 22
25 26 30
25 30 29
18 23 19
18 22 23
26 27 31
26 31 30
32 37 33
32 36 37
40 41 45
40 45 44
33 38 34
33 37 38
41 42 46
41 46 45
34 39 35
34 38 39
42 43 47
42 47 46
48 49 53
48 53 52
56 61 57
56 60 61
49 50 54
49 54 53
57 62 58
57 61 62
50 51 55
50 55 54
58 63 59
58 62 63
64 69 65
64 68 69
72 73 77
72 77 76
65 70 66
65 69 70
73 74 78
73 78 77
66 71 67
66 70 71
74 75 79
74 79 78
80 85 81
80 84 85
88 89 93
88 93 92
81 86 82
81 85 86
89 90 94
89 94 93
82 87 83
82 86 87
90 91 95
90 95 94
96 97 99
96 99 98
100 103 101
100 102 103
LABEL sfoot0_strut_1
MATERIAL 9
TEXTURE 0
GEOM 50 48 ;sfoot0_strut_1
-0.004 -1.066 -5.911 0.8531 0.0000 -0.5217
0.042 -1.219 -5.707 0.9452 -0.3059 -0.1144
-0.038 -1.331 -5.488 0.7840 -0.5298 0.3236
-0.224 -1.372 -5.313 0.4127 -0.6117 0.6749
-0.465 -1.331 -5.227 -0.0691 -0.5298 0.8453
-0.696 -1.219 -5.255 -0.5325 -0.3059 0.7893
-0.857 -1.066 -5.389 -0.8531 -0.0000 0.5217
-0.903 -0.914 -5.593 -0.9452 0.3059 0.1144
-0.822 -0.802 -5.812 -0.7840 0.5298 -0.3236
-0.637 -0.761 -5.987 -0.4127 0.6117 -0.6749
-0.396 -0.802 -6.073 0.0691 0.5298 -0.8453
-0.164 -0.914 -6.045 0.5325 0.3059 -0.7893
-1.316 -4.319 -8.057 0.8531 0.0000 -0.5217
-1.270 -4.472 -7.853 0.9452 -0.3059 -0.1144
-1.350 -4.584 -7.634 0.7840 -0.5298 0.3236
-1.536 -4.625 -7.458 0.4127 -0.6117 0.6749
-1.777 -4.584 -7.373 -0.0691 -0.5298 0.8453
-2.009 -4.472 -7.401 -0.5325 -0.3059 0.7893
-2.169 -4.319 -7.535 -0.8531 -0.0000 0.5217
-2.215 -4.166 -7.739 -0.9452 0.3059 0.1144
-2.134 -4.054 -7.958 -0.7840 0.5298 -0.3236
-1.949 -4.013 -8.133 -0.4127 0.6117 -0.6749
-1.708 -4.054 -8.218 0.0691 0.5298 -0.8453
-1.476 -4.166 -8.190 0.5325 0.3059 -0.7893
-0.430 -1.066 -5.650 0.3191 0.7911 0.5219
-0.004 -1.066 -5.911 0.3191 0.7911 0.5219
0.042 -1.219 -5.707 0.3191 0.7911 0.5219
-0.038 -1.331 -5.488 0.3191 0.7911 0.5219
-0.224 -1.372 -5.313 0.3191 0.7911 0.5219
-0.465 -1.331 -5.227 0.3191 0.7911 0.5219
-0.696 -1.219 -5.255 0.3191 0.7911 0.5219
-0.857 -1.066 -5.389 0.3191 0.7911 0.5219
-0.903 -0.914 -5.593 0.3191 0.7911 0.5219
-0.822 -0.802 -5.812 0.3191 0.7911 0.5219
-0.637 -0.761 -5.987 0.3191 0.7911 0.5219
-0.396 -0.802 -6.073 0.3191 0.7911 0.5219
-0.164 -0.914 -6.045 0.3191 0.7911 0.5219
-1.742 -4.319 -7.796 -0.3191 -0.7911 -0.5219
-1.316 -4.319 -8.057 -0.3191 -0.7911 -0.5219
-1.270 -4.472 -7.853 -0.3191 -0.7911 -0.5219
-1.350 -4.584 -7.634 -0.3191 -0.7911 -0.5219
-1.536 -4.625 -7.458 -0.3191 -0.7911 -0.5219
-1.777 -4.584 -7.373 -0.3191 -0.7911 -0.5219
-2.009 -4.472 -7.401 -0.3191 -0.7911 -0.5219
-2.169 -4.319 -7.535 -0.3191 -0.7911 -0.5219
-2.215 -4.166 -7.739 -0.3191 -0.7911 -0.5219
-2.134 -4.054 -7.958 -0.3191 -0.7911 -0.5219
-1.949 -4.013 -8.133 -0.3191 -0.7911 -0.5219
-1.708 -4.054 -8.218 -0.3191 -0.7911 -0.5219
-1.476 -4.166 -8.190 -0.3191 -0.7911 -0.5219
0 1 13
0 13 12
1 2 14
1 14 13
2 3 15
2 15 14
3 4 16
3 16 15
4 5 17
4 17 16
5 6 18
5 18 17
6 7 19
6 19 18
7 8 20
7 20 19
8 9 21
8 21 20
9 10 22
9 22 21
10 11 23
10 23 22
11 0 12
11 12 23
24 26 25
24 27 26
24 28 27
24 29 28
24 30 29
24 31 30
24 32 31
24 33 32
24 34 33
24 35 34
24 36 35
24 25 36
37 38 39
37 39 40
37 40 41
37 41 42
37 42 43
37 43 44
37 44 45
37 45 46
37 46 47
37 47 48
37 48 49
37 49 38
LABEL sfoot0_rod_1
MATERIAL 7
TEXTURE 0
GEOM 42 40 ;sfoot0_rod_1
-1.338 -3.845 -7.613 0.8531 0.0000 -0.5217
-1.318 -3.935 -7.489 0.9328 -0.3596 -0.0254
-1.387 -3.990 -7.363 0.6561 -0.5818 0.4806
-1.519 -3.990 -7.282 0.1289 -0.5818 0.8031
-1.663 -3.935 -7.278 -0.4476 -0.3596 0.8188
-1.764 -3.845 -7.352 -0.8531 -0.0000 0.5217
-1.784 -3.755 -7.476 -0.9328 0.3596 0.0254
-1.715 -3.699 -7.603 -0.6561 0.5818 -0.4806
-1.583 -3.699 -7.683 -0.1289 0.5818 -0.8031
-1.439 -3.755 -7.687 0.4476 0.3596 -0.8188
-2.603 -6.981 -9.682 0.8531 0.0000 -0.5217
-2.583 -7.071 -9.558 0.9328 -0.3596 -0.0254
-2.652 -7.126 -9.431 0.6561 -0.5818 0.4806
-2.784 -7.126 -9.351 0.1289 -0.5818 0.8031
-2.928 -7.071 -9.347 -0.4476 -0.3596 0.8188
-3.029 -6.981 -9.421 -0.8531 -0.0000 0.5217
-3.049 -6.891 -9.545 -0.9328 0.3596 0.0254
-2.980 -6.835 -9.672 -0.6561 0.5818 -0.4806
-2.848 -6.835 -9.752 -0.1289 0.5818 -0.8031
-2.704 -6.891 -9.756 0.4476 0.3596 -0.8188
-1.551 -3.845 -7.483 0.3191 0.7911 0.5219
-1.338 -3.845 -7.613 0.3191 0.7911 0.5219
-1.318 -3.935 -7.489 0.3191 0.7911 0.5219
-1.387 -3.990 -7.363 0.3191 0.7911 0.5219
-1.519 -3.990 -7.282 0.3191 0.7911 0.5219
-1.663 -3.935 -7.278 0.3191 0.7911 0.5219
-1.764 -3.845 -7.352 0.3191 0.7911 0.5219
-1.784 -3.755 -7.476 0.3191 0.7911 0.5219
-1.715 -3.699 -7.603 0.3191 0.7911 0.5219
-1.583 -3.699 -7.683 0.3191 0.7911 0.5219
-1.439 -3.755 -7.687 0.3191 0.7911 0.5219
-2.816 -6.981 -9.551 -0.3191 -0.7911 -0.5219
-2.603 -6.981 -9.682 -0.3191 -0.7911 -0.5219
-2.583 -7.071 -9.558 -0.3191 -0.7911 -0.5219
-2.652 -7.126 -9.431 -0.3191 -0.7911 -0.5219
-2.784 -7.126 -9.351 -0.3191 -0.7911 -0.5219
-2.928 -7.071 -9.347 -0.3191 -0.7911 -0.5219
-3.029 -6.981 -9.421 -0.3191 -0.7911 -0.5219
-3.049 -6.891 -9.545 -0.3191 -0.7911 -0.5219
-2.980 -6.835 -9.672 -0.3191 -0.7911 -0.5219
-2.848 -6.835 -9.752 -0.3191 -0.7911 -0.5219
-2.704 -6.891 -9.756 -0.3191 -0.7911 -0.5219
0 1 11
0 11 10
1 2 12
1 12 11
2 3 13
2 13 12
3 4 14
3 14 13
4 5 15
4 15 14
5 6 16
5 16 15
6 7 17
6 17 16
7 8 18
7 18 17
8 9 19
8 19 18
9 0 10
9 10 19
20 22 21
20 23 22
20 24 23
20 25 24
20 26 25
20 27 26
20 28 27
20 29 28
20 30 29
20 21 30
31 32 33
31 33 34
31 34 35
31 35 36
31 36 37
31 37 38
31 38 39
31 39 40
31 40 41
31 41 32
LABEL sfoot0_skirt_1_0
MATERIAL 7
TEXTURE 0
GEOM 16 12 ;sfoot0_skirt_1_0
-1.499 -11.150 -11.050 -0.2123 -0.9772 0.0000
-2.093 -11.054 -11.050 -0.2123 -0.9772 0.0000
-2.681 -10.926 -11.050 -0.2123 -0.9772 0.0000
-3.262 -10.767 -11.050 -0.2123 -0.9772 0.0000
-1.499 -11.150 -10.150 -0.2123 -0.9772 0.0000
-2.093 -11.054 -10.150 -0.2123 -0.9772 0.0000
-2.681 -10.926 -10.150 -0.2123 -0.9772 0.0000
-3.262 -10.767 -10.150 -0.2123 -0.9772 0.0000
-1.499 -11.150 -11.050 0.2123 0.9772 -0.0000
-2.093 -11.054 -11.050 0.2123 0.9772 -0.0000
-2.681 -10.926 -11.050 0.2123 0.9772 -0.0000
-3.262 -10.767 -11.050 0.2123 0.9772 -0.0000
-1.499 -11.150 -10.150 0.2123 0.9772 -0.0000
-2.093 -11.054 -10.150 0.2123 0.9772 -0.0000
-2.681 -10.926 -10.150 0.2123 0.9772 -0.0000
-3.262 -10.767 -10.150 0.2123 0.9772 -0.0000
0 5 1
0 4 5
8 9 13
8 13 12
1 6 2
1 5 6
9 10 14
9 14 13
2 7 3
2 6 7
10 11 15
10 15 14
LABEL sfoot0_skirt_1_1
MATERIAL 7
TEXTURE 0
GEOM 16 12 ;sfoot0_skirt_1_1
-3.305 -10.754 -11.050 -0.3741 -0.9274 0.0000
-3.911 -10.548 -11.050 -0.3741 -0.9274 0.0000
-4.504 -10.309 -11.050 -0.3741 -0.9274 0.0000
-5.082 -10.037 -11.050 -0.3741 -0.9274 0.0000
-3.305 -10.754 -10.150 -0.3741 -0.9274 0.0000
-3.911 -10.548 -10.150 -0.3741 -0.9274 0.0000
-4.504 -10.309 -10.150 -0.3741 -0.9274 0.0000
-5.082 -10.037 -10.150 -0.3741 -0.9274 0.0000
-3.305 -10.754 -11.050 0.3741 0.9274 -0.0000
-3.911 -10.548 -11.050 0.3741 0.9274 -0.0000
-4.504 -10.309 -11.050 0.3741 0.9274 -0.0000
-5.082 -10.037 -11.050 0.3741 0.9274 -0.0000
-3.305 -10.754 -10.150 0.3741 0.9274 -0.0000
-3.911 -10.548 -10.150 0.3741 0.9274 -0.0000
-4.504 -10.309 -10.150 0.3741 0.9274 -0.0000
-5.082 -10.037 -10.150 0.3741 0.9274 -0.0000
0 5 1
0 4 5
8 9 13
8 13 12
1 6 2
1 5 6
9 10 14
9 14 13
2 7 3
2 6 7
10 11 15
10 15 14
LABEL sfoot0_skirt_1_2
MATERIAL 7
TEXTURE 0
GEOM 16 12 ;sfoot0_skirt_1_2
-5.122 -10.016 -11.050 -0.5252 -0.8510 0.0000
-5.650 -9.728 -11.050 -0.5252 -0.8510 0.0000
-6.163 -9.412 -11.050 -0.5252 -0.8510 0.0000
-6.657 -9.069 -11.050 -0.5252 -0.8510 0.0000
-5.122 -10.016 -10.150 -0.5252 -0.8510 0.0000
-5.650 -9.728 -10.150 -0.5252 -0.8510 0.0000
-6.163 -9.412 -10.150 -0.5252 -0.8510 0.0000
-6.657 -9.069 -10.150 -0.5252 -0.8510 0.0000
-5.122 -10.016 -11.050 0.5252 0.8510 -0.0000
-5.650 -9.728 -11.050 0.5252 0.8510 -0.0000
-6.163 -9.412 -11.050 0.5252 0.8510 -0.0000
-6.657 -9.069 -11.050 0.5252 0.8510 -0.0000
-5.122 -10.016 -10.150 0.5252 0.8510 -0.0000
-5.650 -9.728 -10.150 0.5252 0.8510 -0.0000
-6.163 -9.412 -10.150 0.5252 0.8510 -0.0000
-6.657 -9.069 -10.150 0.5252 0.8510 -0.0000
0 5 1
0 4 5
8 9 13
8 13 12
1 6 2
1 5 6
9 10 14
9 14 13
2 7 3
2 6 7
10 11 15
10 15 14
LABEL sfoot0_petal_2
MATERIAL 7
TEXTURE 0
GEOM 66 52 ;sfoot0_petal_2
-0.500 -0.835 -9.557 0.7872 0.6157 0.0332
-0.931 -0.284 -9.557 0.7872 0.6157 0.0332
-0.943 -0.293 -9.107 0.7872 0.6157 0.0332
-0.512 -0.844 -9.107 0.7872 0.6157 0.0332
-8.337 -6.965 -9.887 -0.7872 -0.6157 -0.0332
-8.769 -6.414 -9.887 -0.7872 -0.6157 -0.0332
-8.780 -6.423 -9.437 -0.7872 -0.6157 -0.0332
-8.349 -6.974 -9.437 -0.7872 -0.6157 -0.0332
-0.500 -0.835 -9.557 0.6161 -0.7877 0.0000
-8.337 -6.965 -9.887 0.6161 -0.7877 0.0000
-8.349 -6.974 -9.437 0.6161 -0.7877 0.0000
-0.512 -0.844 -9.107 0.6161 -0.7877 0.0000
-0.931 -0.284 -9.557 -0.6161 0.7877 -0.0000
-8.769 -6.414 -9.887 -0.6161 0.7877 -0.0000
-8.780 -6.423 -9.437 -0.6161 0.7877 -0.0000
-0.943 -0.293 -9.107 -0.6161 0.7877 -0.0000
-0.500 -0.835 -9.557 0.0261 0.0204 -0.9995
-8.337 -6.965 -9.887 0.0261 0.0204 -0.9995
-8.769 -6.414 -9.887 0.0261 0.0204 -0.9995
-0.931 -0.284 -9.557 0.0261 0.0204 -0.9995
-0.512 -0.844 -9.107 -0.0261 -0.0204 0.9995
-8.349 -6.974 -9.437 -0.0261 -0.0204 0.9995
-8.780 -6.423 -9.437 -0.0261 -0.0204 0.9995
-0.943 -0.293 -9.107 -0.0261 -0.0204 0.9995
-0.274 -0.786 -9.900 0.0000 0.0000 -1.0000
-0.413 -0.894 -9.843 -0.4630 -0.3621 -0.8090
-0.499 -0.961 -9.693 -0.7491 -0.5859 -0.3090
-0.499 -0.961 -9.507 -0.7491 -0.5859 0.3090
-0.413 -0.894 -9.357 -0.4630 -0.3621 0.8090
-0.274 -0.786 -9.300 -0.0000 -0.0000 1.0000
-0.135 -0.677 -9.357 0.4630 0.3621 0.8090
-0.049 -0.610 -9.507 0.7491 0.5859 0.3090
-0.049 -0.610 -9.693 0.7491 0.5859 -0.3090
-0.135 -0.677 -9.843 0.4630 0.3621 -0.8090
-0.829 -0.077 -9.900 0.0000 0.0000 -1.0000
-0.968 -0.185 -9.843 -0.4630 -0.3621 -0.8090
-1.053 -0.253 -9.693 -0.7491 -0.5859 -0.3090
-1.053 -0.253 -9.507 -0.7491 -0.5859 0.3090
-0.968 -0.185 -9.357 -0.4630 -0.3621 0.8090
-0.829 -0.077 -9.300 -0.0000 -0.0000 1.0000
-0.690 0.032 -9.357 0.4630 0.3621 0.8090
-0.604 0.099 -9.507 0.7491 0.5859 0.3090
-0.604 0.099 -9.693 0.7491 0.5859 -0.3090
-0.690 0.032 -9.843 0.4630 0.3621 -0.8090
-0.274 -0.786 -9.600 0.6161 -0.7877 -0.0000
-0.274 -0.786 -9.900 0.6161 -0.7877 -0.0000
-0.413 -0.894 -9.843 0.6161 -0.7877 -0.0000
-0.499 -0.961 -9.693 0.6161 -0.7877 -0.0000
-0.499 -0.961 -9.507 0.6161 -0.7877 -0.0000
-0.413 -0.894 -9.357 0.6161 -0.7877 -0.0000
-0.274 -0.786 -9.300 0.6161 -0.7877 -0.0000
-0.135 -0.677 -9.357 0.6161 -0.7877 -0.0000
-0.049 -0.610 -9.507 0.6161 -0.7877 -0.0000
-0.049 -0.610 -9.693 0.6161 -0.7877 -0.0000
-0.135 -0.677 -9.843 0.6161 -0.7877 -0.0000
-0.829 -0.077 -9.600 -0.6161 0.7877 0.0000
-0.829 -0.077 -9.900 -0.6161 0.7877 0.0000
-0.968 -0.185 -9.843 -0.6161 0.7877 0.0000
-1.053 -0.253 -9.693 -0.6161 0.7877 0.0000
-1.053 -0.253 -9.507 -0.6161 0.7877 0.0000
-0.968 -0.185 -9.357 -0.6161 0.7877 0.0000
-0.829 -0.077 -9.300 -0.6161 0.7877 0.0000
-0.690 0.032 -9.357 -0.6161 0.7877 0.0000
-0.604 0.099 -9.507 -0.6161 0.7877 0.0000
-0.604 0.099 -9.693 -0.6161 0.7877 0.0000
-0.690 0.032 -9.843 -0.6161 0.7877 0.0000
0 1 2
0 2 3
4 6 5
4 7 6
8 10 9
8 11 10
12 13 14
12 14 15
16 17 18
16 18 19
20 22 21
20 23 22
24 25 35
24 35 34
25 26 36
25 36 35
26 27 37
26 37 36
27 28 38
27 38 37
28 29 39
28 39 38
29 30 40
29 40 39
30 31 41
30 41 40
31 32 42
31 42 41
32 33 43
32 43 42
33 24 34
33 34 43
44 46 45
44 47 46
44 48 47
44 49 48
44 50 49
44 51 50
44 52 51
44 53 52
44 54 53
44 45 54
55 56 57
55 57 58
55 58 59
55 59 60
55 60 61
55 61 62
55 62 63
55 63 64
55 64 65
55 65 56
LABEL sfoot0_slat_2_0
MATERIAL 7
TEXTURE 0
GEOM 104 76 ;sfoot0_slat_2_0
-0.641 -0.831 -9.562 -0.0261 -0.0204 0.9995
-0.685 -0.796 -9.562 -0.0261 -0.0204 0.9995
-0.727 -0.758 -9.562 -0.0261 -0.0204 0.9995
-0.766 -0.718 -9.562 -0.0261 -0.0204 0.9995
-6.873 -8.906 -9.900 -0.0261 -0.0204 0.9995
-7.340 -8.526 -9.900 -0.0261 -0.0204 0.9995
-7.785 -8.121 -9.900 -0.0261 -0.0204 0.9995
-8.208 -7.693 -9.900 -0.0261 -0.0204 0.9995
-0.641 -0.831 -9.562 0.0261 0.0204 -0.9995
-0.685 -0.796 -9.562 0.0261 0.0204 -0.9995
-0.727 -0.758 -9.562 0.0261 0.0204 -0.9995
-0.766 -0.718 -9.562 0.0261 0.0204 -0.9995
-6.873 -8.906 -9.900 0.0261 0.0204 -0.9995
-7.340 -8.526 -9.900 0.0261 0.0204 -0.9995
-7.785 -8.121 -9.900 0.0261 0.0204 -0.9995
-8.208 -7.693 -9.900 0.0261 0.0204 -0.9995
-0.641 -0.831 -9.812 0.0261 0.0204 -0.9995
-0.685 -0.796 -9.812 0.0261 0.0204 -0.9995
-0.727 -0.758 -9.812 0.0261 0.0204 -0.9995
-0.766 -0.718 -9.812 0.0261 0.0204 -0.9995
-6.873 -8.906 -10.150 0.0261 0.0204 -0.9995
-7.340 -8.526 -10.150 0.0261 0.0204 -0.9995
-7.785 -8.121 -10.150 0.0261 0.0204 -0.9995
-8.208 -7.693 -10.150 0.0261 0.0204 -0.9995
-0.641 -0.831 -9.812 -0.0261 -0.0204 0.9995
-0.685 -0.796 -9.812 -0.0261 -0.0204 0.9995
-0.727 -0.758 -9.812 -0.0261 -0.0204 0.9995
-0.766 -0.718 -9.812 -0.0261 -0.0204 0.9995
-6.873 -8.906 -10.150 -0.0261 -0.0204 0.9995
-7.340 -8.526 -10.150 -0.0261 -0.0204 0.9995
-7.785 -8.121 -10.150 -0.0261 -0.0204 0.9995
-8.208 -7.693 -10.150 -0.0261 -0.0204 0.9995
-6.873 -8.906 -10.150 -0.6724 -0.7401 0.0000
-7.340 -8.526 -10.150 -0.6724 -0.7401 0.0000
-7.785 -8.121 -10.150 -0.6724 -0.7401 0.0000
-8.208 -7.693 -10.150 -0.6724 -0.7401 0.0000
-6.873 -8.906 -9.900 -0.6724 -0.7401 0.0000
-7.340 -8.526 -9.900 -0.6724 -0.7401 0.0000
-7.785 -8.121 -9.900 -0.6724 -0.7401 0.0000
-8.208 -7.693 -9.900 -0.6724 -0.7401 0.0000
-6.873 -8.906 -10.150 0.6724 0.7401 -0.0000
-7.340 -8.526 -10.150 0.6724 0.7401 -0.0000
-7.785 -8.121 -10.150 0.6724 0.7401 -0.0000
-8.208 -7.693 -10.150 0.6724 0.7401 -0.0000
-6.873 -8.906 -9.900 0.6724 0.7401 -0.0000
-7.340 -8.526 -9.900 0.6724 0.7401 -0.0000
-7.785 -8.121 -9.900 0.6724 0.7401 -0.0000
-8.208 -7.693 -9.900 0.6724 0.7401 -0.0000
-0.641 -0.831 -9.812 0.6724 0.7401 -0.0000
-0.685 -0.796 -9.812 0.6724 0.7401 -0.0000
-0.727 -0.758 -9.812 0.6724 0.7401 -0.0000
-0.766 -0.718 -9.812 0.6724 0.7401 -0.0000
-0.641 -0.831 -9.562 0.6724 0.7401 -0.0000
-0.685 -0.796 -9.562 0.6724 0.7401 -0.0000
-0.727 -0.758 -9.562 0.6724 0.7401 -0.0000
-0.766 -0.718 -9.562 0.6724 0.7401 -0.0000
-0.641 -0.831 -9.812 -0.6724 -0.7401 0.0000
-0.685 -0.796 -9.812 -0.6724 -0.7401 0.0000
-0.727 -0.758 -9.812 -0.6724 -0.7401 0.0000
-0.766 -0.718 -9.812 -0.6724 -0.7401 0.0000
-0.641 -0.831 -9.562 -0.6724 -0.7401 0.0000
-0.685 -0.796 -9.562 -0.6724 -0.7401 0.0000
-0.727 -0.758 -9.562 -0.6724 -0.7401 0.0000
-0.766 -0.718 -9.562 -0.6724 -0.7401 0.0000
-6.873 -8.906 -9.900 -0.6724 -0.7401 0.0000
-7.340 -8.526 -9.900 -0.6724 -0.7401 0.0000
-7.785 -8.121 -9.900 -0.6724 -0.7401 0.0000
-8.208 -7.693 -9.900 -0.6724 -0.7401 0.0000
-6.873 -8.906 -9.200 -0.6724 -0.7401 0.0000
-7.340 -8.526 -9.200 -0.6724 -0.7401 0.0000
-7.785 -8.121 -9.200 -0.6724 -0.7401 0.0000
-8.208 -7.693 -9.200 -0.6724 -0.7401 0.0000
-6.873 -8.906 -9.900 0.6724 0.7401 -0.0000
-7.340 -8.526 -9.900 0.6724 0.7401 -0.0000
-7.785 -8.121 -9.900 0.6724 0.7401 -0.0000
-8.208 -7.693 -9.900 0.6724 0.7401 -0.0000
-6.873 -8.906 -9.200 0.6724 0.7401 -0.0000
-7.340 -8.526 -9.200 0.6724 0.7401 -0.0000
-7.785 -8.121 -9.200 0.6724 0.7401 -0.0000
-8.208 -7.693 -9.200 0.6724 0.7401 -0.0000
-6.873 -8.906 -9.200 -0.0000 -0.0000 1.0000
-7.340 -8.526 -9.200 -0.0000 -0.0000 1.0000
-7.785 -8.121 -9.200 -0.0000 -0.0000 1.0000
-8.208 -7.693 -9.200 -0.0000 -0.0000 1.0000
-6.659 -8.629 -9.188 -0.0000 -0.0000 1.0000
-7.111 -8.261 -9.188 -0.0000 -0.0000 1.0000
-7.543 -7.869 -9.188 -0.0000 -0.0000 1.0000
-7.953 -7.454 -9.188 -0.0000 -0.0000 1.0000
-6.873 -8.906 -9.200 0.0000 0.0000 -1.0000
-7.340 -8.526 -9.200 0.0000 0.0000 -1.0000
-7.785 -8.121 -9.200 0.0000 0.0000 -1.0000
-8.208 -7.693 -9.200 0.0000 0.0000 -1.0000
-6.659 -8.629 -9.188 0.0000 0.0000 -1.0000
-7.111 -8.261 -9.188 0.0000 0.0000 -1.0000
-7.543 -7.869 -9.188 0.0000 0.0000 -1.0000
-7.953 -7.454 -9.188 0.0000 0.0000 -1.0000
-0.641 -0.831 -9.812 -0.7917 0.6109 -0.0000
-6.873 -8.906 -10.150 -0.7917 0.6109 -0.0000
-0.641 -0.831 -9.562 -0.7917 0.6109 -0.0000
-6.873 -8.906 -9.900 -0.7917 0.6109 -0.0000
-0.641 -0.831 -9.812 0.7917 -0.6109 0.0000
-6.873 -8.906 -10.150 0.7917 -0.6109 0.0000
-0.641 -0.831 -9.562 0.7917 -0.6109 0.0000
-6.873 -8.906 -9.900 0.7917 -0.6109 0.0000
0 1 5
0 5 4
8 13 9
8 12 13
1 2 6
1 6 5
9 14 10
9 13 14
2 3 7
2 7 6
10 15 11
10 14 15
16 21 17
16 20 21
24 25 29
24 29 28
17 22 18
17 21 22
25 26 30
25 30 29
18 23 19
18 22 23
26 27 31
26 31 30
32 37 33
32 36 37
40 41 45
40 45 44
33 38 34
33 37 38
41 42 46
41 46 45
34 39 35
34 38 39
42 43 47
42 47 46
48 49 53
48 53 52
56 61 57
56 60 61
49 50 54
49 54 53
57 62 58
57 61 62
50 51 55
50 55 54
58 63 59
58 62 63
64 69 65
64 68 69
72 73 77
72 77 76
65 70 66
65 69 70
73 74 78
73 78 77
66 71 67
66 70 71
74 75 79
74 79 78
80 85 81
80 84 85
88 89 93
88 93 92
81 86 82
81 85 86
89 90 94
89 94 93
82 87 83
82 86 87
90 91 95
90 95 94
96 97 99
96 99 98
100 103 101
100 102 103
LABEL sfoot0_slat_2_1
MATERIAL 7
TEXTURE 0
GEOM 96 72 ;sfoot0_slat_2_1
-0.769 -0.715 -9.562 -0.0261 -0.0204 0.9995
-0.808 -0.670 -9.562 -0.0261 -0.0204 0.9995
-0.845 -0.623 -9.562 -0.0261 -0.0204 0.9995
-0.879 -0.574 -9.562 -0.0261 -0.0204 0.9995
-8.239 -7.660 -9.900 -0.0261 -0.0204 0.9995
-8.661 -7.180 -9.900 -0.0261 -0.0204 0.9995
-9.055 -6.676 -9.900 -0.0261 -0.0204 0.9995
-9.419 -6.151 -9.900 -0.0261 -0.0204 0.9995
-0.769 -0.715 -9.562 0.0261 0.0204 -0.9995
-0.808 -0.670 -9.562 0.0261 0.0204 -0.9995
-0.845 -0.623 -9.562 0.0261 0.0204 -0.9995
-0.879 -0.574 -9.562 0.0261 0.0204 -0.9995
-8.239 -7.660 -9.900 0.0261 0.0204 -0.9995
-8.661 -7.180 -9.900 0.0261 0.0204 -0.9995
-9.055 -6.676 -9.900 0.0261 0.0204 -0.9995
-9.419 -6.151 -9.900 0.0261 0.0204 -0.9995
-0.769 -0.715 -9.812 0.0261 0.0204 -0.9995
-0.808 -0.670 -9.812 0.0261 0.0204 -0.9995
-0.845 -0.623 -9.812 0.0261 0.0204 -0.9995
-0.879 -0.574 -9.812 0.0261 0.0204 -0.9995
-8.239 -7.660 -10.150 0.0261 0.0204 -0.9995
-8.661 -7.180 -10.150 0.0261 0.0204 -0.9995
-9.055 -6.676 -10.150 0.0261 0.0204 -0.9995
-9.419 -6.151 -10.150 0.0261 0.0204 -0.9995
-0.769 -0.715 -9.812 -0.0261 -0.0204 0.9995
-0.808 -0.670 -9.812 -0.0261 -0.0204 0.9995
-0.845 -0.623 -9.812 -0.0261 -0.0204 0.9995
-0.879 -0.574 -9.812 -0.0261 -0.0204 0.9995
-8.239 -7.660 -10.150 -0.0261 -0.0204 0.9995
-8.661 -7.180 -10.150 -0.0261 -0.0204 0.9995
-9.055 -6.676 -10.150 -0.0261 -0.0204 0.9995
-9.419 -6.151 -10.150 -0.0261 -0.0204 0.9995
-8.239 -7.660 -10.150 -0.7877 -0.6161 0.0000
-8.661 -7.180 -10.150 -0.7877 -0.6161 0.0000
-9.055 -6.676 -10.150 -0.7877 -0.6161 0.0000
-9.419 -6.151 -10.150 -0.7877 -0.6161 0.0000
-8.239 -7.660 -9.900 -0.7877 -0.6161 0.0000
-8.661 -7.180 -9.900 -0.7877 -0.6161 0.0000
-9.055 -6.676 -9.900 -0.7877 -0.6161 0.0000
-9.419 -6.151 -9.900 -0.7877 -0.6161 0.0000
-8.239 -7.660 -10.150 0.7877 0.6161 -0.0000
-8.661 -7.180 -10.150 0.7877 0.6161 -0.0000
-9.055 -6.676 -10.150 0.7877 0.6161 -0.0000
-9.419 -6.151 -10.150 0.7877 0.6161 -0.0000
-8.239 -7.660 -9.900 0.7877 0.6161 -0.0000
-8.661 -7.180 -9.900 0.7877 0.6161 -0.0000
-9.055 -6.676 -9.900 0.7877 0.6161 -0.0000
-9.419 -6.151 -9.900 0.7877 0.6161 -0.0000
-0.769 -0.715 -9.812 0.7877 0.6161 -0.0000
-0.808 -0.670 -9.812 0.7877 0.6161 -0.0000
-0.845 -0.623 -9.812 0.7877 0.6161 -0.0000
-0.879 -0.574 -9.812 0.7877 0.6161 -0.0000
-0.769 -0.715 -9.562 0.7877 0.6161 -0.0000
-0.808 -0.670 -9.562 0.7877 0.6161 -0.0000
-0.845 -0.623 -9.562 0.7877 0.6161 -0.0000
-0.879 -0.574 -9.562 0.7877 0.6161 -0.0000
-0.769 -0.715 -9.812 -0.7877 -0.6161 0.0000
-0.808 -0.670 -9.812 -0.7877 -0.6161 0.0000
-0.845 -0.623 -9.812 -0.7877 -0.6161 0.0000
-0.879 -0.574 -9.812 -0.7877 -0.6161 0.0000
-0.769 -0.715 -9.562 -0.7877 -0.6161 0.0000
-0.808 -0.670 -9.562 -0.7877 -0.6161 0.0000
-0.845 -0.623 -9.562 -0.7877 -0.6161 0.0000
-0.879 -0.574 -9.562 -0.7877 -0.6161 0.0000
-8.239 -7.660 -9.900 -0.7877 -0.6161 0.0000
-8.661 -7.180 -9.900 -0.7877 -0.6161 0.0000
-9.055 -6.676 -9.900 -0.7877 -0.6161 0.0000
-9.419 -6.151 -9.900 -0.7877 -0.6161 0.0000
-8.239 -7.660 -9.200 -0.7877 -0.6161 0.0000
-8.661 -7.180 -9.200 -0.7877 -0.6161 0.0000
-9.055 -6.676 -9.200 -0.7877 -0.6161 0.0000
-9.419 -6.151 -9.200 -0.7877 -0.6161 0.0000
-8.239 -7.660 -9.900 0.7877 0.6161 -0.0000
-8.661 -7.180 -9.900 0.7877 0.6161 -0.0000
-9.055 -6.676 -9.900 0.7877 0.6161 -0.0000
-9.419 -6.151 -9.900 0.7877 0.6161 -0.0000
-8.239 -7.660 -9.200 0.7877 0.6161 -0.0000
-8.661 -7.180 -9.200 0.7877 0.6161 -0.0000
-9.055 -6.676 -9.200 0.7877 0.6161 -0.0000
-9.419 -6.151 -9.200 0.7877 0.6161 -0.0000
-8.239 -7.660 -9.200 -0.0000 -0.0000 1.0000
-8.661 -7.180 -9.200 -0.0000 -0.0000 1.0000
-9.055 -6.676 -9.200 -0.0000 -0.0000 1.0000
-9.419 -6.151 -9.200 -0.0000 -0.0000 1.0000
-7.983 -7.422 -9.188 -0.0000 -0.0000 1.0000
-8.391 -6.957 -9.188 -0.0000 -0.0000 1.0000
-8.773 -6.469 -9.188 -0.0000 -0.0000 1.0000
-9.126 -5.960 -9.188 -0.0000 -0.0000 1.0000
-8.239 -7.660 -9.200 0.0000 0.0000 -1.0000
-8.661 -7.180 -9.200 0.0000 0.0000 -1.0000
-9.055 -6.676 -9.200 0.0000 0.0000 -1.0000
-9.419 -6.151 -9.200 0.0000 0.0000 -1.0000
-7.983 -7.422 -9.188 0.0000 0.0000 -1.0000
-8.391 -6.957 -9.188 0.0000 0.0000 -1.0000
-8.773 -6.469 -9.188 0.0000 0.0000 -1.0000
-9.126 -5.960 -9.188 0.0000 0.0000 -1.0000
0 1 5
0 5 4
8 13 9
8 12 13
1 2 6
1 6 5
9 14 10
9 13 14
2 3 7
2 7 6
10 15 11
10 14 15
16 21 17
16 20 21
24 25 29
24 29 28
17 22 18
17 21 22
25 26 30
25 30 29
18 23 19
18 22 23
26 27 31
26 31 30
32 37 33
32 36 37
40 41 45
40 45 44
33 38 34
33 37 38
41 42 46
41 46 45
34 39 35
34 38 39
42 43 47
42 47 46
48 49 53
48 53 52
56 61 57
56 60 61
49 50 54
49 54 53
57 62 58
57 61 62
50 51 55
50 55 54
58 63 59
58 62 63
64 69 65
64 68 69
72 73 77
72 77 76
65 70 66
65 69 70
73 74 78
73 78 77
66 71 67
66 70 71
74 75 79
74 79 78
80 85 81
80 84 85
88 89 93
88 93 92
81 86 82
81 85 86
89 90 94
89 94 93
82 87 83
82 86 87
90 91 95
90 95 94
LABEL sfoot0_slat_2_2
MATERIAL 7
TEXTURE 0
GEOM 104 76 ;sfoot0_slat_2_2
-0.881 -0.571 -9.562 -0.0261 -0.0204 0.9995
-0.911 -0.523 -9.562 -0.0261 -0.0204 0.9995
-0.937 -0.473 -9.562 -0.0261 -0.0204 0.9995
-0.961 -0.422 -9.562 -0.0261 -0.0204 0.9995
-9.444 -6.113 -9.900 -0.0261 -0.0204 0.9995
-9.757 -5.599 -9.900 -0.0261 -0.0204 0.9995
-10.043 -5.070 -9.900 -0.0261 -0.0204 0.9995
-10.300 -4.525 -9.900 -0.0261 -0.0204 0.9995
-0.881 -0.571 -9.562 0.0261 0.0204 -0.9995
-0.911 -0.523 -9.562 0.0261 0.0204 -0.9995
-0.937 -0.473 -9.562 0.0261 0.0204 -0.9995
-0.961 -0.422 -9.562 0.0261 0.0204 -0.9995
-9.444 -6.113 -9.900 0.0261 0.0204 -0.9995
-9.757 -5.599 -9.900 0.0261 0.0204 -0.9995
-10.043 -5.070 -9.900 0.0261 0.0204 -0.9995
-10.300 -4.525 -9.900 0.0261 0.0204 -0.9995
-0.881 -0.571 -9.812 0.0261 0.0204 -0.9995
-0.911 -0.523 -9.812 0.0261 0.0204 -0.9995
-0.937 -0.473 -9.812 0.0261 0.0204 -0.9995
-0.961 -0.422 -9.812 0.0261 0.0204 -0.9995
-9.444 -6.113 -10.150 0.0261 0.0204 -0.9995
-9.757 -5.599 -10.150 0.0261 0.0204 -0.9995
-10.043 -5.070 -10.150 0.0261 0.0204 -0.9995
-10.300 -4.525 -10.150 0.0261 0.0204 -0.9995
-0.881 -0.571 -9.812 -0.0261 -0.0204 0.9995
-0.911 -0.523 -9.812 -0.0261 -0.0204 0.9995
-0.937 -0.473 -9.812 -0.0261 -0.0204 0.9995
-0.961 -0.422 -9.812 -0.0261 -0.0204 0.9995
-9.444 -6.113 -10.150 -0.0261 -0.0204 0.9995
-9.757 -5.599 -10.150 -0.0261 -0.0204 0.9995
-10.043 -5.070 -10.150 -0.0261 -0.0204 0.9995
-10.300 -4.525 -10.150 -0.0261 -0.0204 0.9995
-9.444 -6.113 -10.150 -0.8803 -0.4743 -0.0000
-9.757 -5.599 -10.150 -0.8803 -0.4743 -0.0000
-10.043 -5.070 -10.150 -0.8803 -0.4743 -0.0000
-10.300 -4.525 -10.150 -0.8803 -0.4743 -0.0000
-9.444 -6.113 -9.900 -0.8803 -0.4743 -0.0000
-9.757 -5.599 -9.900 -0.8803 -0.4743 -0.0000
-10.043 -5.070 -9.900 -0.8803 -0.4743 -0.0000
-10.300 -4.525 -9.900 -0.8803 -0.4743 -0.0000
-9.444 -6.113 -10.150 0.8803 0.4743 0.0000
-9.757 -5.599 -10.150 0.8803 0.4743 0.0000
-10.043 -5.070 -10.150 0.8803 0.4743 0.0000
-10.300 -4.525 -10.150 0.8803 0.4743 0.0000
-9.444 -6.113 -9.900 0.8803 0.4743 0.0000
-9.757 -5.599 -9.900 0.8803 0.4743 0.0000
-10.043 -5.070 -9.900 0.8803 0.4743 0.0000
-10.300 -4.525 -9.900 0.8803 0.4743 0.0000
-0.881 -0.571 -9.812 0.8803 0.4743 0.0000
-0.911 -0.523 -9.812 0.8803 0.4743 0.0000
-0.937 -0.473 -9.812 0.8803 0.4743 0.0000
-0.961 -0.422 -9.812 0.8803 0.4743 0.0000
-0.881 -0.571 -9.562 0.8803 0.4743 0.0000
-0.911 -0.523 -9.562 0.8803 0.4743 0.0000
-0.937 -0.473 -9.562 0.8803 0.4743 0.0000
-0.961 -0.422 -9.562 0.8803 0.4743 0.0000
-0.881 -0.571 -9.812 -0.8803 -0.4743 -0.0000
-0.911 -0.523 -9.812 -0.8803 -0.4743 -0.0000
-0.937 -0.473 -9.812 -0.8803 -0.4743 -0.0000
-0.961 -0.422 -9.812 -0.8803 -0.4743 -0.0000
-0.881 -0.571 -9.562 -0.8803 -0.4743 -0.0000
-0.911 -0.523 -9.562 -0.8803 -0.4743 -0.0000
-0.937 -0.473 -9.562 -0.8803 -0.4743 -0.0000
-0.961 -0.422 -9.562 -0.8803 -0.4743 -0.0000
-9.444 -6.113 -9.900 -0.8803 -0.4743 -0.0000
-9.757 -5.599 -9.900 -0.8803 -0.4743 -0.0000
-10.043 -5.070 -9.900 -0.8803 -0.4743 -0.0000
-10.300 -4.525 -9.900 -0.8803 -0.4743 -0.0000
-9.444 -6.113 -9.200 -0.8803 -0.4743 -0.0000
-9.757 -5.599 -9.200 -0.8803 -0.4743 -0.0000
-10.043 -5.070 -9.200 -0.8803 -0.4743 -0.0000
-10.300 -4.525 -9.200 -0.8803 -0.4743 -0.0000
-9.444 -6.113 -9.900 0.8803 0.4743 0.0000
-9.757 -5.599 -9.900 0.8803 0.4743 0.0000
-10.043 -5.070 -9.900 0.8803 0.4743 0.0000
-10.300 -4.525 -9.900 0.8803 0.4743 0.0000
-9.444 -6.113 -9.200 0.8803 0.4743 0.0000
-9.757 -5.599 -9.200 0.8803 0.4743 0.0000
-10.043 -5.070 -9.200 0.8803 0.4743 0.0000
-10.300 -4.525 -9.200 0.8803 0.4743 0.0000
-9.444 -6.113 -9.200 -0.0000 -0.0000 1.0000
-9.757 -5.599 -9.200 -0.0000 -0.0000 1.0000
-10.043 -5.070 -9.200 -0.0000 -0.0000 1.0000
-10.300 -4.525 -9.200 -0.0000 -0.0000 1.0000
-9.150 -5.923 -9.188 -0.0000 -0.0000 1.0000
-9.454 -5.425 -9.188 -0.0000 -0.0000 1.0000
-9.731 -4.912 -9.188 -0.0000 -0.0000 1.0000
-9.979 -4.384 -9.188 -0.0000 -0.0000 1.0000
-9.444 -6.113 -9.200 0.0000 0.0000 -1.0000
-9.757 -5.599 -9.200 0.0000 0.0000 -1.0000
-10.043 -5.070 -9.200 0.0000 0.0000 -1.0000
-10.300 -4.525 -9.200 0.0000 0.0000 -1.0000
-9.150 -5.923 -9.188 0.0000 0.0000 -1.0000
-9.454 -5.425 -9.188 0.0000 0.0000 -1.0000
-9.731 -4.912 -9.188 0.0000 0.0000 -1.0000
-9.979 -4.384 -9.188 0.0000 0.0000 -1.0000
-0.961 -0.422 -9.812 -0.4022 0.9155 0.0000
-10.300 -4.525 -10.150 -0.4022 0.9155 0.0000
-0.961 -0.422 -9.562 -0.4022 0.9155 0.0000
-10.300 -4.525 -9.900 -0.4022 0.9155 0.0000
-0.961 -0.422 -9.812 0.4022 -0.9155 -0.0000
-10.300 -4.525 -10.150 0.4022 -0.9155 -0.0000
-0.961 -0.422 -9.562 0.4022 -0.9155 -0.0000
-10.300 -4.525 -9.900 0.4022 -0.9155 -0.0000
0 1 5
0 5 4
8 13 9
8 12 13
1 2 6
1 6 5
9 14 10
9 13 14
2 3 7
2 7 6
10 15 11
10 14 15
16 21 17
16 20 21
24 25 29
24 29 28
17 22 18
17 21 22
25 26 30
25 30 29
18 23 19
18 22 23
26 27 31
26 31 30
32 37 33
32 36 37
40 41 45
40 45 44
33 38 34
33 37 38
41 42 46
41 46 45
34 39 35
34 38 39
42 43 47
42 47 46
48 49 53
48 53 52
56 61 57
56 60 61
49 50 54
49 54 53
57 62 58
57 61 62
50 51 55
50 55 54
58 63 59
58 62 63
64 69 65
64 68 69
72 73 77
72 77 76
65 70 66
65 69 70
73 74 78
73 78 77
66 71 67
66 70 71
74 75 79
74 79 78
80 85 81
80 84 85
88 89 93
88 93 92
81 86 82
81 85 86
89 90 94
89 94 93
82 87 83
82 86 87
90 91 95
90 95 94
96 97 99
96 99 98
100 103 101
100 102 103
LABEL sfoot0_strut_2
MATERIAL 9
TEXTURE 0
GEOM 50 48 ;sfoot0_strut_2
-0.599 -0.708 -6.045 0.6134 0.0000 -0.7898
-0.536 -0.921 -5.911 0.7387 -0.4254 -0.5228
-0.573 -1.077 -5.708 0.6661 -0.7368 -0.1157
-0.698 -1.134 -5.489 0.4151 -0.8508 0.3224
-0.879 -1.077 -5.313 0.0527 -0.7368 0.6741
-1.068 -0.921 -5.227 -0.3237 -0.4254 0.8451
-1.213 -0.708 -5.255 -0.6134 -0.0000 0.7898
-1.275 -0.496 -5.389 -0.7387 0.4254 0.5228
-1.239 -0.340 -5.592 -0.6661 0.7368 0.1157
-1.113 -0.283 -5.811 -0.4151 0.8508 -0.3224
-0.932 -0.340 -5.987 -0.0527 0.7368 -0.6741
-0.744 -0.496 -6.073 0.3237 0.4254 -0.8451
-3.362 -2.869 -8.191 0.6134 0.0000 -0.7898
-3.299 -3.082 -8.057 0.7387 -0.4254 -0.5228
-3.336 -3.238 -7.854 0.6661 -0.7368 -0.1157
-3.461 -3.295 -7.635 0.4151 -0.8508 0.3224
-3.642 -3.238 -7.459 0.0527 -0.7368 0.6741
-3.831 -3.082 -7.373 -0.3237 -0.4254 0.8451
-3.975 -2.869 -7.401 -0.6134 -0.0000 0.7898
-4.038 -2.657 -7.534 -0.7387 0.4254 0.5228
-4.002 -2.501 -7.738 -0.6661 0.7368 0.1157
-3.876 -2.444 -7.957 -0.4151 0.8508 -0.3224
-3.695 -2.501 -8.133 -0.0527 0.7368 -0.6741
-3.507 -2.657 -8.218 0.3237 0.4254 -0.8451
-0.906 -0.708 -5.650 0.6719 0.5255 0.5219
-0.599 -0.708 -6.045 0.6719 0.5255 0.5219
-0.536 -0.921 -5.911 0.6719 0.5255 0.5219
-0.573 -1.077 -5.708 0.6719 0.5255 0.5219
-0.698 -1.134 -5.489 0.6719 0.5255 0.5219
-0.879 -1.077 -5.313 0.6719 0.5255 0.5219
-1.068 -0.921 -5.227 0.6719 0.5255 0.5219
-1.213 -0.708 -5.255 0.6719 0.5255 0.5219
-1.275 -0.496 -5.389 0.6719 0.5255 0.5219
-1.239 -0.340 -5.592 0.6719 0.5255 0.5219
-1.113 -0.283 -5.811 0.6719 0.5255 0.5219
-0.932 -0.340 -5.987 0.6719 0.5255 0.5219
-0.744 -0.496 -6.073 0.6719 0.5255 0.5219
-3.669 -2.869 -7.796 -0.6719 -0.5255 -0.5219
-3.362 -2.869 -8.191 -0.6719 -0.5255 -0.5219
-3.299 -3.082 -8.057 -0.6719 -0.5255 -0.5219
-3.336 -3.238 -7.854 -0.6719 -0.5255 -0.5219
-3.461 -3.295 -7.635 -0.6719 -0.5255 -0.5219
-3.642 -3.238 -7.459 -0.6719 -0.5255 -0.5219
-3.831 -3.082 -7.373 -0.6719 -0.5255 -0.5219
-3.975 -2.869 -7.401 -0.6719 -0.5255 -0.5219
-4.038 -2.657 -7.534 -0.6719 -0.5255 -0.5219
-4.002 -2.501 -7.738 -0.6719 -0.5255 -0.5219
-3.876 -2.444 -7.957 -0.6719 -0.5255 -0.5219
-3.695 -2.501 -8.133 -0.6719 -0.5255 -0.5219
-3.507 -2.657 -8.218 -0.6719 -0.5255 -0.5219
0 1 13
0 13 12
1 2 14
1 14 13
2 3 15
2 15 14
3 4 16
3 16 15
4 5 17
4 17 16
5 6 18
5 18 17
6 7 19
6 19 18
7 8 20
7 20 19
8 9 21
8 21 20
9 10 22
9 22 21
10 11 23
10 23 22
11 0 12
11 12 23
24 26 25
24 27 26
24 28 27
24 29 28
24 30 29
24 31 30
24 32 31
24 33 32
24 34 33
24 35 34
24 36 35
24 25 36
37 38 39
37 39 40
37 40 41
37 41 42
37 42 43
37 43 44
37 44 45
37 45 46
37 46 47
37 47 48
37 48 49
37 49 38
LABEL sfoot0_rod_2
MATERIAL 7
TEXTURE 0
GEOM 42 40 ;sfoot0_rod_2
-3.112 -2.554 -7.680 0.6134 0.0000 -0.7898
-3.080 -2.679 -7.595 0.7402 -0.5001 -0.4495
-3.119 -2.756 -7.467 0.5843 -0.8091 0.0625
-3.214 -2.756 -7.345 0.2052 -0.8091 0.5506
-3.329 -2.679 -7.276 -0.2523 -0.5001 0.8284
-3.419 -2.554 -7.285 -0.6134 -0.0000 0.7898
-3.451 -2.429 -7.370 -0.7402 0.5001 0.4495
-3.412 -2.352 -7.498 -0.5843 0.8091 -0.0625
-3.317 -2.352 -7.620 -0.2052 0.8091 -0.5506
-3.202 -2.429 -7.690 0.2523 0.5001 -0.8284
-5.776 -4.637 -9.749 0.6134 0.0000 -0.7898
-5.744 -4.762 -9.664 0.7402 -0.5001 -0.4495
-5.783 -4.840 -9.536 0.5843 -0.8091 0.0625
-5.878 -4.840 -9.414 0.2052 -0.8091 0.5506
-5.992 -4.762 -9.344 -0.2523 -0.5001 0.8284
-6.083 -4.637 -9.354 -0.6134 -0.0000 0.7898
-6.114 -4.512 -9.439 -0.7402 0.5001 0.4495
-6.075 -4.435 -9.567 -0.5843 0.8091 -0.0625
-5.980 -4.435 -9.689 -0.2052 0.8091 -0.5506
-5.866 -4.512 -9.759 0.2523 0.5001 -0.8284
-3.266 -2.554 -7.483 0.6719 0.5255 0.5219
-3.112 -2.554 -7.680 0.6719 0.5255 0.5219
-3.080 -2.679 -7.595 0.6719 0.5255 0.5219
-3.119 -2.756 -7.467 0.6719 0.5255 0.5219
-3.214 -2.756 -7.345 0.6719 0.5255 0.5219
-3.329 -2.679 -7.276 0.6719 0.5255 0.5219
-3.419 -2.554 -7.285 0.6719 0.5255 0.5219
-3.451 -2.429 -7.370 0.6719 0.5255 0.5219
-3.412 -2.352 -7.498 0.6719 0.5255 0.5219
-3.317 -2.352 -7.620 0.6719 0.5255 0.5219
-3.202 -2.429 -7.690 0.6719 0.5255 0.5219
-5.929 -4.637 -9.551 -0.6719 -0.5255 -0.5219
-5.776 -4.637 -9.749 -0.6719 -0.5255 -0.5219
-5.744 -4.762 -9.664 -0.6719 -0.5255 -0.5219
-5.783 -4.840 -9.536 -0.6719 -0.5255 -0.5219
-5.878 -4.840 -9.414 -0.6719 -0.5255 -0.5219
-5.992 -4.762 -9.344 -0.6719 -0.5255 -0.5219
-6.083 -4.637 -9.354 -0.6719 -0.5255 -0.5219
-6.114 -4.512 -9.439 -0.6719 -0.5255 -0.5219
-6.075 -4.435 -9.567 -0.6719 -0.5255 -0.5219
-5.980 -4.435 -9.689 -0.6719 -0.5255 -0.5219
-5.866 -4.512 -9.759 -0.6719 -0.5255 -0.5219
0 1 11
0 11 10
1 2 12
1 12 11
2 3 13
2 13 12
3 4 14
3 14 13
4 5 15
4 15 14
5 6 16
5 16 15
6 7 17
6 17 16
7 8 18
7 18 17
8 9 19
8 19 18
9 0 10
9 10 19
20 22 21
20 23 22
20 24 23
20 25 24
20 26 25
20 27 26
20 28 27
20 29 28
20 30 29
20 21 30
31 32 33
31 33 34
31 34 35
31 35 36
31 36 37
31 37 38
31 38 39
31 39 40
31 40 41
31 41 32
LABEL sfoot0_skirt_2_0
MATERIAL 7
TEXTURE 0
GEOM 16 12 ;sfoot0_skirt_2_0
-6.873 -8.906 -11.050 -0.6724 -0.7401 0.0000
-7.340 -8.526 -11.050 -0.6724 -0.7401 0.0000
-7.785 -8.121 -11.050 -0.6724 -0.7401 0.0000
-8.208 -7.693 -11.050 -0.6724 -0.7401 0.0000
-6.873 -8.906 -10.150 -0.6724 -0.7401 0.0000
-7.340 -8.526 -10.150 -0.6724 -0.7401 0.0000
-7.785 -8.121 -10.150 -0.6724 -0.7401 0.0000
-8.208 -7.693 -10.150 -0.6724 -0.7401 0.0000
-6.873 -8.906 -11.050 0.6724 0.7401 -0.0000
-7.340 -8.526 -11.050 0.6724 0.7401 -0.0000
-7.785 -8.121 -11.050 0.6724 0.7401 -0.0000
-8.208 -7.693 -11.050 0.6724 0.7401 -0.0000
-6.873 -8.906 -10.150 0.6724 0.7401 -0.0000
-7.340 -8.526 -10.150 0.6724 0.7401 -0.0000
-7.785 -8.121 -10.150 0.6724 0.7401 -0.0000
-8.208 -7.693 -10.150 0.6724 0.7401 -0.0000
0 5 1
0 4 5
8 9 13
8 13 12
1 6 2
1 5 6
9 10 14
9 14 13
2 7 3
2 6 7
10 11 15
10 15 14
LABEL sfoot0_skirt_2_1
MATERIAL 7
TEXTURE 0
GEOM 16 12 ;sfoot0_skirt_2_1
-8.239 -7.660 -11.050 -0.7877 -0.6161 0.0000
-8.661 -7.180 -11.050 -0.7877 -0.6161 0.0000
-9.055 -6.676 -11.050 -0.7877 -0.6161 0.0000
-9.419 -6.151 -11.050 -0.7877 -0.6161 0.0000
-8.239 -7.660 -10.150 -0.7877 -0.6161 0.0000
-8.661 -7.180 -10.150 -0.7877 -0.6161 0.0000
-9.055 -6.676 -10.150 -0.7877 -0.6161 0.0000
-9.419 -6.151 -10.150 -0.7877 -0.6161 0.0000
-8.239 -7.660 -11.050 0.7877 0.6161 -0.0000
-8.661 -7.180 -11.050 0.7877 0.6161 -0.0000
-9.055 -6.676 -11.050 0.7877 0.6161 -0.0000
-9.419 -6.151 -11.050 0.7877 0.6161 -0.0000
-8.239 -7.660 -10.150 0.7877 0.6161 -0.0000
-8.661 -7.180 -10.150 0.7877 0.6161 -0.0000
-9.055 -6.676 -10.150 0.7877 0.6161 -0.0000
-9.419 -6.151 -10.150 0.7877 0.6161 -0.0000
0 5 1
0 4 5
8 9 13
8 13 12
1 6 2
1 5 6
9 10 14
9 14 13
2 7 3
2 6 7
10 11 15
10 15 14
LABEL sfoot0_skirt_2_2
MATERIAL 7
TEXTURE 0
GEOM 16 12 ;sfoot0_skirt_2_2
-9.444 -6.113 -11.050 -0.8803 -0.4743 -0.0000
-9.757 -5.599 -11.050 -0.8803 -0.4743 -0.0000
-10.043 -5.070 -11.050 -0.8803 -0.4743 -0.0000
-10.300 -4.525 -11.050 -0.8803 -0.4743 -0.0000
-9.444 -6.113 -10.150 -0.8803 -0.4743 -0.0000
-9.757 -5.599 -10.150 -0.8803 -0.4743 -0.0000
-10.043 -5.070 -10.150 -0.8803 -0.4743 -0.0000
-10.300 -4.525 -10.150 -0.8803 -0.4743 -0.0000
-9.444 -6.113 -11.050 0.8803 0.4743 0.0000
-9.757 -5.599 -11.050 0.8803 0.4743 0.0000
-10.043 -5.070 -11.050 0.8803 0.4743 0.0000
-10.300 -4.525 -11.050 0.8803 0.4743 0.0000
-9.444 -6.113 -10.150 0.8803 0.4743 0.0000
-9.757 -5.599 -10.150 0.8803 0.4743 0.0000
-10.043 -5.070 -10.150 0.8803 0.4743 0.0000
-10.300 -4.525 -10.150 0.8803 0.4743 0.0000
0 5 1
0 4 5
8 9 13
8 13 12
1 6 2
1 5 6
9 10 14
9 14 13
2 7 3
2 6 7
10 11 15
10 15 14
LABEL sfoot0_petal_3
MATERIAL 7
TEXTURE 0
GEOM 66 52 ;sfoot0_petal_3
-0.850 -0.473 -9.557 0.9896 0.1396 0.0332
-0.948 0.220 -9.557 0.9896 0.1396 0.0332
-0.963 0.218 -9.107 0.9896 0.1396 0.0332
-0.865 -0.476 -9.107 0.9896 0.1396 0.0332
-10.703 -1.863 -9.887 -0.9896 -0.1396 -0.0332
-10.801 -1.170 -9.887 -0.9896 -0.1396 -0.0332
-10.815 -1.172 -9.437 -0.9896 -0.1396 -0.0332
-10.718 -1.866 -9.437 -0.9896 -0.1396 -0.0332
-0.850 -0.473 -9.557 0.1397 -0.9902 -0.0000
-10.703 -1.863 -9.887 0.1397 -0.9902 -0.0000
-10.718 -1.866 -9.437 0.1397 -0.9902 -0.0000
-0.865 -0.476 -9.107 0.1397 -0.9902 -0.0000
-0.948 0.220 -9.557 -0.1397 0.9902 0.0000
-10.801 -1.170 -9.887 -0.1397 0.9902 0.0000
-10.815 -1.172 -9.437 -0.1397 0.9902 0.0000
-0.963 0.218 -9.107 -0.1397 0.9902 0.0000
-0.850 -0.473 -9.557 0.0328 0.0046 -0.9995
-10.703 -1.863 -9.887 0.0328 0.0046 -0.9995
-10.801 -1.170 -9.887 0.0328 0.0046 -0.9995
-0.948 0.220 -9.557 0.0328 0.0046 -0.9995
-0.865 -0.476 -9.107 -0.0328 -0.0046 0.9995
-10.718 -1.866 -9.437 -0.0328 -0.0046 0.9995
-10.815 -1.172 -9.437 -0.0328 -0.0046 0.9995
-0.963 0.218 -9.107 -0.0328 -0.0046 0.9995
-0.630 -0.543 -9.900 0.0000 0.0000 -1.0000
-0.805 -0.568 -9.843 -0.5820 -0.0821 -0.8090
-0.913 -0.583 -9.693 -0.9417 -0.1329 -0.3090
-0.913 -0.583 -9.507 -0.9417 -0.1329 0.3090
-0.805 -0.568 -9.357 -0.5820 -0.0821 0.8090
-0.630 -0.543 -9.300 -0.0000 -0.0000 1.0000
-0.456 -0.519 -9.357 0.5820 0.0821 0.8090
-0.348 -0.504 -9.507 0.9417 0.1329 0.3090
-0.348 -0.504 -9.693 0.9417 0.1329 -0.3090
-0.456 -0.519 -9.843 0.5820 0.0821 -0.8090
-0.756 0.348 -9.900 0.0000 0.0000 -1.0000
-0.931 0.323 -9.843 -0.5820 -0.0821 -0.8090
-1.039 0.308 -9.693 -0.9417 -0.1329 -0.3090
-1.039 0.308 -9.507 -0.9417 -0.1329 0.3090
-0.931 0.323 -9.357 -0.5820 -0.0821 0.8090
-0.756 0.348 -9.300 -0.0000 -0.0000 1.0000
-0.581 0.372 -9.357 0.5820 0.0821 0.8090
-0.473 0.388 -9.507 0.9417 0.1329 0.3090
-0.473 0.388 -9.693 0.9417 0.1329 -0.3090
-0.581 0.372 -9.843 0.5820 0.0821 -0.8090
-0.630 -0.543 -9.600 0.1397 -0.9902 -0.0000
-0.630 -0.543 -9.900 0.1397 -0.9902 -0.0000
-0.805 -0.568 -9.843 0.1397 -0.9902 -0.0000
-0.913 -0.583 -9.693 0.1397 -0.9902 -0.0000
-0.913 -0.583 -9.507 0.1397 -0.9902 -0.0000
-0.805 -0.568 -9.357 0.1397 -0.9902 -0.0000
-0.630 -0.543 -9.300 0.1397 -0.9902 -0.0000
-0.456 -0.519 -9.357 0.1397 -0.9902 -0.0000
-0.348 -0.504 -9.507 0.1397 -0.9902 -0.0000
-0.348 -0.504 -9.693 0.1397 -0.9902 -0.0000
-0.456 -0.519 -9.843 0.1397 -0.9902 -0.0000
-0.756 0.348 -9.600 -0.1397 0.9902 0.0000
-0.756 0.348 -9.900 -0.1397 0.9902 0.0000
-0.931 0.323 -9.843 -0.1397 0.9902 0.0000
-1.039 0.308 -9.693 -0.1397 0.9902 0.0000
-1.039 0.308 -9.507 -0.1397 0.9902 0.0000
-0.931 0.323 -9.357 -0.1397 0.9902 0.0000
-0.756 0.348 -9.300 -0.1397 0.9902 0.0000
-0.581 0.372 -9.357 -0.1397 0.9902 0.0000
-0.473 0.388 -9.507 -0.1397 0.9902 0.0000
-0.473 0.388 -9.693 -0.1397 0.9902 0.0000
-0.581 0.372 -9.843 -0.1397 0.9902 0.0000
0 1 2
0 2 3
4 6 5
4 7 6
8 10 9
8 11 10
12 13 14
12 14 15
16 17 18
16 18 19
20 22 21
20 23 22
24 25 35
24 35 34
25 26 36
25 36 35
26 27 37
26 37 36
27 28 38
27 38 37
28 29 39
28 39 38
29 30 40
29 40 39
30 31 41
30 41 40
31 32 42
31 42 41
32 33 43
32 43 42
33 24 34
33 34 43
44 46 45
44 47 46
44 48 47
44 49 48
44 50 49
44 51 50
44 52 51
44 53 52
44 54 53
44 45 54
55 56 57
55 57 58
55 58 59
55 59 60
55 60 61
55 61 62
55 62 63
55 63 64
55 64 65
55 65 56
LABEL sfoot0_slat_3_0
MATERIAL 7
TEXTURE 0
GEOM 104 76 ;sfoot0_slat_3_0
-0.971 -0.399 -9.562 -0.0328 -0.0046 0.9995
-0.991 -0.347 -9.562 -0.0328 -0.0046 0.9995
-1.008 -0.293 -9.562 -0.0328 -0.0046 0.9995
-1.022 -0.239 -9.562 -0.0328 -0.0046 0.9995
-10.405 -4.277 -9.900 -0.0328 -0.0046 0.9995
-10.619 -3.714 -9.900 -0.0328 -0.0046 0.9995
-10.803 -3.141 -9.900 -0.0328 -0.0046 0.9995
-10.955 -2.558 -9.900 -0.0328 -0.0046 0.9995
-0.971 -0.399 -9.562 0.0328 0.0046 -0.9995
-0.991 -0.347 -9.562 0.0328 0.0046 -0.9995
-1.008 -0.293 -9.562 0.0328 0.0046 -0.9995
-1.022 -0.239 -9.562 0.0328 0.0046 -0.9995
-10.405 -4.277 -9.900 0.0328 0.0046 -0.9995
-10.619 -3.714 -9.900 0.0328 0.0046 -0.9995
-10.803 -3.141 -9.900 0.0328 0.0046 -0.9995
-10.955 -2.558 -9.900 0.0328 0.0046 -0.9995
-0.971 -0.399 -9.812 0.0328 0.0046 -0.9995
-0.991 -0.347 -9.812 0.0328 0.0046 -0.9995
-1.008 -0.293 -9.812 0.0328 0.0046 -0.9995
-1.022 -0.239 -9.812 0.0328 0.0046 -0.9995
-10.405 -4.277 -10.150 0.0328 0.0046 -0.9995
-10.619 -3.714 -10.150 0.0328 0.0046 -0.9995
-10.803 -3.141 -10.150 0.0328 0.0046 -0.9995
-10.955 -2.558 -10.150 0.0328 0.0046 -0.9995
-0.971 -0.399 -9.812 -0.0328 -0.0046 0.9995
-0.991 -0.347 -9.812 -0.0328 -0.0046 0.9995
-1.008 -0.293 -9.812 -0.0328 -0.0046 0.9995
-1.022 -0.239 -9.812 -0.0328 -0.0046 0.9995
-10.405 -4.277 -10.150 -0.0328 -0.0046 0.9995
-10.619 -3.714 -10.150 -0.0328 -0.0046 0.9995
-10.803 -3.141 -10.150 -0.0328 -0.0046 0.9995
-10.955 -2.558 -10.150 -0.0328 -0.0046 0.9995
-10.405 -4.277 -10.150 -0.9524 -0.3048 -0.0000
-10.619 -3.714 -10.150 -0.9524 -0.3048 -0.0000
-10.803 -3.141 -10.150 -0.9524 -0.3048 -0.0000
-10.955 -2.558 -10.150 -0.9524 -0.3048 -0.0000
-10.405 -4.277 -9.900 -0.9524 -0.3048 -0.0000
-10.619 -3.714 -9.900 -0.9524 -0.3048 -0.0000
-10.803 -3.141 -9.900 -0.9524 -0.3048 -0.0000
-10.955 -2.558 -9.900 -0.9524 -0.3048 -0.0000
-10.405 -4.277 -10.150 0.9524 0.3048 0.0000
-10.619 -3.714 -10.150 0.9524 0.3048 0.0000
-10.803 -3.141 -10.150 0.9524 0.3048 0.0000
-10.955 -2.558 -10.150 0.9524 0.3048 0.0000
-10.405 -4.277 -9.900 0.9524 0.3048 0.0000
-10.619 -3.714 -9.900 0.9524 0.3048 0.0000
-10.803 -3.141 -9.900 0.9524 0.3048 0.0000
-10.955 -2.558 -9.900 0.9524 0.3048 0.0000
-0.971 -0.399 -9.812 0.9524 0.3048 0.0000
-0.991 -0.347 -9.812 0.9524 0.3048 0.0000
-1.008 -0.293 -9.812 0.9524 0.3048 0.0000
-1.022 -0.239 -9.812 0.9524 0.3048 0.0000
-0.971 -0.399 -9.562 0.9524 0.3048 0.0000
-0.991 -0.347 -9.562 0.9524 0.3048 0.0000
-1.008 -0.293 -9.562 0.9524 0.3048 0.0000
-1.022 -0.239 -9.562 0.9524 0.3048 0.0000
-0.971 -0.399 -9.812 -0.9524 -0.3048 -0.0000
-0.991 -0.347 -9.812 -0.9524 -0.3048 -0.0000
-1.008 -0.293 -9.812 -0.9524 -0.3048 -0.0000
-1.022 -0.239 -9.812 -0.9524 -0.3048 -0.0000
-0.971 -0.399 -9.562 -0.9524 -0.3048 -0.0000
-0.991 -0.347 -9.562 -0.9524 -0.3048 -0.0000
-1.008 -0.293 -9.562 -0.9524 -0.3048 -0.0000
-1.022 -0.239 -9.562 -0.9524 -0.3048 -0.0000
-10.405 -4.277 -9.900 -0.9524 -0.3048 -0.0000
-10.619 -3.714 -9.900 -0.9524 -0.3048 -0.0000
-10.803 -3.141 -9.900 -0.9524 -0.3048 -0.0000
-10.955 -2.558 -9.900 -0.9524 -0.3048 -0.0000
-10.405 -4.277 -9.200 -0.9524 -0.3048 -0.0000
-10.619 -3.714 -9.200 -0.9524 -0.3048 -0.0000
-10.803 -3.141 -9.200 -0.9524 -0.3048 -0.0000
-10.955 -2.558 -9.200 -0.9524 -0.3048 -0.0000
-10.405 -4.277 -9.900 0.9524 0.3048 0.0000
-10.619 -3.714 -9.900 0.9524 0.3048 0.0000
-10.803 -3.141 -9.900 0.9524 0.3048 0.0000
-10.955 -2.558 -9.900 0.9524 0.3048 0.0000
-10.405 -4.277 -9.200 0.9524 0.3048 0.0000
-10.619 -3.714 -9.200 0.9524 0.3048 0.0000
-10.803 -3.141 -9.200 0.9524 0.3048 0.0000
-10.955 -2.558 -9.200 0.9524 0.3048 0.0000
-10.405 -4.277 -9.200 -0.0000 -0.0000 1.0000
-10.619 -3.714 -9.200 -0.0000 -0.0000 1.0000
-10.803 -3.141 -9.200 -0.0000 -0.0000 1.0000
-10.955 -2.558 -9.200 -0.0000 -0.0000 1.0000
-10.082 -4.144 -9.188 -0.0000 -0.0000 1.0000
-10.289 -3.598 -9.188 -0.0000 -0.0000 1.0000
-10.467 -3.043 -9.188 -0.0000 -0.0000 1.0000
-10.614 -2.479 -9.188 -0.0000 -0.0000 1.0000
-10.405 -4.277 -9.200 0.0000 0.0000 -1.0000
-10.619 -3.714 -9.200 0.0000 0.0000 -1.0000
-10.803 -3.141 -9.200 0.0000 0.0000 -1.0000
-10.955 -2.558 -9.200 0.0000 0.0000 -1.0000
-10.082 -4.144 -9.188 0.0000 0.0000 -1.0000
-10.289 -3.598 -9.188 0.0000 0.0000 -1.0000
-10.467 -3.043 -9.188 0.0000 0.0000 -1.0000
-10.614 -2.479 -9.188 0.0000 0.0000 -1.0000
-0.971 -0.399 -9.812 -0.3801 0.9249 0.0000
-10.405 -4.277 -10.150 -0.3801 0.9249 0.0000
-0.971 -0.399 -9.562 -0.3801 0.9249 0.0000
-10.405 -4.277 -9.900 -0.3801 0.9249 0.0000
-0.971 -0.399 -9.812 0.3801 -0.9249 -0.0000
-10.405 -4.277 -10.150 0.3801 -0.9249 -0.0000
-0.971 -0.399 -9.562 0.3801 -0.9249 -0.0000
-10.405 -4.277 -9.900 0.3801 -0.9249 -0.0000
0 1 5
0 5 4
8 13 9
8 12 13
1 2 6
1 6 5
9 14 10
9 13 14
2 3 7
2 7 6
10 15 11
10 14 15
16 21 17
16 20 21
24 25 29
24 29 28
17 22 18
17 21 22
25 26 30
25 30 29
18 23 19
18 22 23
26 27 31
26 31 30
32 37 33
32 36 37
40 41 45
40 45 44
33 38 34
33 37 38
41 42 46
41 46 45
34 39 35
34 38 39
42 43 47
42 47 46
48 49 53
48 53 52
56 61 57
56 60 61
49 50 54
49 54 53
57 62 58
57 61 62
50 51 55
50 55 54
58 63 59
58 62 63
64 69 65
64 68 69
72 73 77
72 77 76
65 70 66
65 69 70
73 74 78
73 78 77
66 71 67
66 70 71
74 75 79
74 79 78
80 85 81
80 84 85
88 89 93
88 93 92
81 86 82
81 85 86
89 90 94
89 94 93
82 87 83
82 86 87
90 91 95
90 95 94
96 97 99
96 99 98
100 103 101
100 102 103
LABEL sfoot0_slat_3_1
MATERIAL 7
TEXTURE 0
GEOM 96 72 ;sfoot0_slat_3_1
-1.023 -0.235 -9.562 -0.0328 -0.0046 0.9995
-1.035 -0.176 -9.562 -0.0328 -0.0046 0.9995
-1.043 -0.117 -9.562 -0.0328 -0.0046 0.9995
-1.048 -0.058 -9.562 -0.0328 -0.0046 0.9995
-10.965 -2.515 -9.900 -0.0328 -0.0046 0.9995
-11.091 -1.888 -9.900 -0.0328 -0.0046 0.9995
-11.180 -1.254 -9.900 -0.0328 -0.0046 0.9995
-11.233 -0.617 -9.900 -0.0328 -0.0046 0.9995
-1.023 -0.235 -9.562 0.0328 0.0046 -0.9995
-1.035 -0.176 -9.562 0.0328 0.0046 -0.9995
-1.043 -0.117 -9.562 0.0328 0.0046 -0.9995
-1.048 -0.058 -9.562 0.0328 0.0046 -0.9995
-10.965 -2.515 -9.900 0.0328 0.0046 -0.9995
-11.091 -1.888 -9.900 0.0328 0.0046 -0.9995
-11.180 -1.254 -9.900 0.0328 0.0046 -0.9995
-11.233 -0.617 -9.900 0.0328 0.0046 -0.9995
-1.023 -0.235 -9.812 0.0328 0.0046 -0.9995
-1.035 -0.176 -9.812 0.0328 0.0046 -0.9995
-1.043 -0.117 -9.812 0.0328 0.0046 -0.9995
-1.048 -0.058 -9.812 0.0328 0.0046 -0.9995
-10.965 -2.515 -10.150 0.0328 0.0046 -0.9995
-11.091 -1.888 -10.150 0.0328 0.0046 -0.9995
-11.180 -1.254 -10.150 0.0328 0.0046 -0.9995
-11.233 -0.617 -10.150 0.0328 0.0046 -0.9995
-1.023 -0.235 -9.812 -0.0328 -0.0046 0.9995
-1.035 -0.176 -9.812 -0.0328 -0.0046 0.9995
-1.043 -0.117 -9.812 -0.0328 -0.0046 0.9995
-1.048 -0.058 -9.812 -0.0328 -0.0046 0.9995
-10.965 -2.515 -10.150 -0.0328 -0.0046 0.9995
-11.091 -1.888 -10.150 -0.0328 -0.0046 0.9995
-11.180 -1.254 -10.150 -0.0328 -0.0046 0.9995
-11.233 -0.617 -10.150 -0.0328 -0.0046 0.9995
-10.965 -2.515 -10.150 -0.9902 -0.1397 -0.0000
-11.091 -1.888 -10.150 -0.9902 -0.1397 -0.0000
-11.180 -1.254 -10.150 -0.9902 -0.1397 -0.0000
-11.233 -0.617 -10.150 -0.9902 -0.1397 -0.0000
-10.965 -2.515 -9.900 -0.9902 -0.1397 -0.0000
-11.091 -1.888 -9.900 -0.9902 -0.1397 -0.0000
-11.180 -1.254 -9.900 -0.9902 -0.1397 -0.0000
-11.233 -0.617 -9.900 -0.9902 -0.1397 -0.0000
-10.965 -2.515 -10.150 0.9902 0.1397 0.0000
-11.091 -1.888 -10.150 0.9902 0.1397 0.0000
-11.180 -1.254 -10.150 0.9902 0.1397 0.0000
-11.233 -0.617 -10.150 0.9902 0.1397 0.0000
-10.965 -2.515 -9.900 0.9902 0.1397 0.0000
-11.091 -1.888 -9.900 0.9902 0.1397 0.0000
-11.180 -1.254 -9.900 0.9902 0.1397 0.0000
-11.233 -0.617 -9.900 0.9902 0.1397 0.0000
-1.023 -0.235 -9.812 0.9902 0.1397 0.0000
-1.035 -0.176 -9.812 0.9902 0.1397 0.0000
-1.043 -0.117 -9.812 0.9902 0.1397 0.0000
-1.048 -0.058 -9.812 0.9902 0.1397 0.0000
-1.023 -0.235 -9.562 0.9902 0.1397 0.0000
-1.035 -0.176 -9.562 0.9902 0.1397 0.0000
-1.043 -0.117 -9.562 0.9902 0.1397 0.0000
-1.048 -0.058 -9.562 0.9902 0.1397 0.0000
-1.023 -0.235 -9.812 -0.9902 -0.1397 -0.0000
-1.035 -0.176 -9.812 -0.9902 -0.1397 -0.0000
-1.043 -0.117 -9.812 -0.9902 -0.1397 -0.0000
-1.048 -0.058 -9.812 -0.9902 -0.1397 -0.0000
-1.023 -0.235 -9.562 -0.9902 -0.1397 -0.0000
-1.035 -0.176 -9.562 -0.9902 -0.1397 -0.0000
-1.043 -0.117 -9.562 -0.9902 -0.1397 -0.0000
-1.048 -0.058 -9.562 -0.9902 -0.1397 -0.0000
-10.965 -2.515 -9.900 -0.9902 -0.1397 -0.0000
-11.091 -1.888 -9.900 -0.9902 -0.1397 -0.0000
-11.180 -1.254 -9.900 -0.9902 -0.1397 -0.0000
-11.233 -0.617 -9.900 -0.9902 -0.1397 -0.0000
-10.965 -2.515 -9.200 -0.9902 -0.1397 -0.0000
-11.091 -1.888 -9.200 -0.9902 -0.1397 -0.0000
-11.180 -1.254 -9.200 -0.9902 -0.1397 -0.0000
-11.233 -0.617 -9.200 -0.9902 -0.1397 -0.0000
-10.965 -2.515 -9.900 0.9902 0.1397 0.0000
-11.091 -1.888 -9.900 0.9902 0.1397 0.0000
-11.180 -1.254 -9.900 0.9902 0.1397 0.0000
-11.233 -0.617 -9.900 0.9902 0.1397 0.0000
-10.965 -2.515 -9.200 0.9902 0.1397 0.0000
-11.091 -1.888 -9.200 0.9902 0.1397 0.0000
-11.180 -1.254 -9.200 0.9902 0.1397 0.0000
-11.233 -0.617 -9.200 0.9902 0.1397 0.0000
-10.965 -2.515 -9.200 -0.0000 -0.0000 1.0000
-11.091 -1.888 -9.200 -0.0000 -0.0000 1.0000
-11.180 -1.254 -9.200 -0.0000 -0.0000 1.0000
-11.233 -0.617 -9.200 -0.0000 -0.0000 1.0000
-10.624 -2.436 -9.188 -0.0000 -0.0000 1.0000
-10.745 -1.829 -9.188 -0.0000 -0.0000 1.0000
-10.832 -1.215 -9.188 -0.0000 -0.0000 1.0000
-10.884 -0.598 -9.188 -0.0000 -0.0000 1.0000
-10.965 -2.515 -9.200 0.0000 0.0000 -1.0000
-11.091 -1.888 -9.200 0.0000 0.0000 -1.0000
-11.180 -1.254 -9.200 0.0000 0.0000 -1.0000
-11.233 -0.617 -9.200 0.0000 0.0000 -1.0000
-10.624 -2.436 -9.188 0.0000 0.0000 -1.0000
-10.745 -1.829 -9.188 0.0000 0.0000 -1.0000
-10.832 -1.215 -9.188 0.0000 0.0000 -1.0000
-10.884 -0.598 -9.188 0.0000 0.0000 -1.0000
0 1 5
0 5 4
8 13 9
8 12 13
1 2 6
1 6 5
9 14 10
9 13 14
2 3 7
2 7 6
10 15 11
10 14 15
16 21 17
16 20 21
24 25 29
24 29 28
17 22 18
17 21 22
25 26 30
25 30 29
18 23 19
18 22 23
26 27 31
26 31 30
32 37 33
32 36 37
40 41 45
40 45 44
33 38 34
33 37 38
41 42 46
41 46 45
34 39 35
34 38 39
42 43 47
42 47 46
48 49 53
48 53 52
56 61 57
56 60 61
49 50 54
49 54 53
57 62 58
57 61 62
50 51 55
50 55 54
58 63 59
58 62 63
64 69 65
64 68 69
72 73 77
72 77 76
65 70 66
65 69 70
73 74 78
73 78 77
66 71 67
66 70 71
74 75 79
74 79 78
80 85 81
80 84 85
88 89 93
88 93 92
81 86 82
81 85 86
89 90 94
89 94 93
82 87 83
82 86 87
90 91 95
90 95 94
LABEL sfoot0_slat_3_2
MATERIAL 7
TEXTURE 0
GEOM 104 76 ;sfoot0_slat_3_2
-1.049 -0.053 -9.562 -0.0328 -0.0046 0.9995
-1.050 0.003 -9.562 -0.0328 -0.0046 0.9995
-1.048 0.059 -9.562 -0.0328 -0.0046 0.9995
-1.044 0.115 -9.562 -0.0328 -0.0046 0.9995
-11.235 -0.572 -9.900 -0.0328 -0.0046 0.9995
-11.250 0.029 -9.900 -0.0328 -0.0046 0.9995
-11.232 0.631 -9.900 -0.0328 -0.0046 0.9995
-11.182 1.231 -9.900 -0.0328 -0.0046 0.9995
-1.049 -0.053 -9.562 0.0328 0.0046 -0.9995
-1.050 0.003 -9.562 0.0328 0.0046 -0.9995
-1.048 0.059 -9.562 0.0328 0.0046 -0.9995
-1.044 0.115 -9.562 0.0328 0.0046 -0.9995
-11.235 -0.572 -9.900 0.0328 0.0046 -0.9995
-11.250 0.029 -9.900 0.0328 0.0046 -0.9995
-11.232 0.631 -9.900 0.0328 0.0046 -0.9995
-11.182 1.231 -9.900 0.0328 0.0046 -0.9995
-1.049 -0.053 -9.812 0.0328 0.0046 -0.9995
-1.050 0.003 -9.812 0.0328 0.0046 -0.9995
-1.048 0.059 -9.812 0.0328 0.0046 -0.9995
-1.044 0.115 -9.812 0.0328 0.0046 -0.9995
-11.235 -0.572 -10.150 0.0328 0.0046 -0.9995
-11.250 0.029 -10.150 0.0328 0.0046 -0.9995
-11.232 0.631 -10.150 0.0328 0.0046 -0.9995
-11.182 1.231 -10.150 0.0328 0.0046 -0.9995
-1.049 -0.053 -9.812 -0.0328 -0.0046 0.9995
-1.050 0.003 -9.812 -0.0328 -0.0046 0.9995
-1.048 0.059 -9.812 -0.0328 -0.0046 0.9995
-1.044 0.115 -9.812 -0.0328 -0.0046 0.9995
-11.235 -0.572 -10.150 -0.0328 -0.0046 0.9995
-11.250 0.029 -10.150 -0.0328 -0.0046 0.9995
-11.232 0.631 -10.150 -0.0328 -0.0046 0.9995
-11.182 1.231 -10.150 -0.0328 -0.0046 0.9995
-11.235 -0.572 -10.150 -0.9996 0.0294 -0.0000
-11.250 0.029 -10.150 -0.9996 0.0294 -0.0000
-11.232 0.631 -10.150 -0.9996 0.0294 -0.0000
-11.182 1.231 -10.150 -0.9996 0.0294 -0.0000
-11.235 -0.572 -9.900 -0.9996 0.0294 -0.0000
-11.250 0.029 -9.900 -0.9996 0.0294 -0.0000
-11.232 0.631 -9.900 -0.9996 0.0294 -0.0000
-11.182 1.231 -9.900 -0.9996 0.0294 -0.0000
-11.235 -0.572 -10.150 0.9996 -0.0294 0.0000
-11.250 0.029 -10.150 0.9996 -0.0294 0.0000
-11.232 0.631 -10.150 0.9996 -0.0294 0.0000
-11.182 1.231 -10.150 0.9996 -0.0294 0.0000
-11.235 -0.572 -9.900 0.9996 -0.0294 0.0000
-11.250 0.029 -9.900 0.9996 -0.0294 0.0000
-11.232 0.631 -9.900 0.9996 -0.0294 0.0000
-11.182 1.231 -9.900 0.9996 -0.0294 0.0000
-1.049 -0.053 -9.812 0.9996 -0.0294 0.0000
-1.050 0.003 -9.812 0.9996 -0.0294 0.0000
-1.048 0.059 -9.812 0.9996 -0.0294 0.0000
-1.044 0.115 -9.812 0.9996 -0.0294 0.0000
-1.049 -0.053 -9.562 0.9996 -0.0294 0.0000
-1.050 0.003 -9.562 0.9996 -0.0294 0.0000
-1.048 0.059 -9.562 0.9996 -0.0294 0.0000
-1.044 0.115 -9.562 0.9996 -0.0294 0.0000
-1.049 -0.053 -9.812 -0.9996 0.0294 -0.0000
-1.050 0.003 -9.812 -0.9996 0.0294 -0.0000
-1.048 0.059 -9.812 -0.9996 0.0294 -0.0000
-1.044 0.115 -9.812 -0.9996 0.0294 -0.0000
-1.049 -0.053 -9.562 -0.9996 0.0294 -0.0000
-1.050 0.003 -9.562 -0.9996 0.0294 -0.0000
-1.048 0.059 -9.562 -0.9996 0.0294 -0.0000
-1.044 0.115 -9.562 -0.9996 0.0294 -0.0000
-11.235 -0.572 -9.900 -0.9996 0.0294 -0.0000
-11.250 0.029 -9.900 -0.9996 0.0294 -0.0000
-11.232 0.631 -9.900 -0.9996 0.0294 -0.0000
-11.182 1.231 -9.900 -0.9996 0.0294 -0.0000
-11.235 -0.572 -9.200 -0.9996 0.0294 -0.0000
-11.250 0.029 -9.200 -0.9996 0.0294 -0.0000
-11.232 0.631 -9.200 -0.9996 0.0294 -0.0000
-11.182 1.231 -9.200 -0.9996 0.0294 -0.0000
-11.235 -0.572 -9.900 0.9996 -0.0294 0.0000
-11.250 0.029 -9.900 0.9996 -0.0294 0.0000
-11.232 0.631 -9.900 0.9996 -0.0294 0.0000
-11.182 1.231 -9.900 0.9996 -0.0294 0.0000
-11.235 -0.572 -9.200 0.9996 -0.0294 0.0000
-11.250 0.029 -9.200 0.9996 -0.0294 0.0000
-11.232 0.631 -9.200 0.9996 -0.0294 0.0000
-11.182 1.231 -9.200 0.9996 -0.0294 0.0000
-11.235 -0.572 -9.200 -0.0000 -0.0000 1.0000
-11.250 0.029 -9.200 -0.0000 -0.0000 1.0000
-11.232 0.631 -9.200 -0.0000 -0.0000 1.0000
-11.182 1.231 -9.200 -0.0000 -0.0000 1.0000
-10.886 -0.554 -9.188 -0.0000 -0.0000 1.0000
-10.900 0.029 -9.188 -0.0000 -0.0000 1.0000
-10.883 0.611 -9.188 -0.0000 -0.0000 1.0000
-10.835 1.193 -9.188 -0.0000 -0.0000 1.0000
-11.235 -0.572 -9.200 0.0000 0.0000 -1.0000
-11.250 0.029 -9.200 0.0000 0.0000 -1.0000
-11.232 0.631 -9.200 0.0000 0.0000 -1.0000
-11.182 1.231 -9.200 0.0000 0.0000 -1.0000
-10.886 -0.554 -9.188 0.0000 0.0000 -1.0000
-10.900 0.029 -9.188 0.0000 0.0000 -1.0000
-10.883 0.611 -9.188 0.0000 0.0000 -1.0000
-10.835 1.193 -9.188 0.0000 0.0000 -1.0000
-1.044 0.115 -9.812 0.1094 0.9940 0.0000
-11.182 1.231 -10.150 0.1094 0.9940 0.0000
-1.044 0.115 -9.562 0.1094 0.9940 0.0000
-11.182 1.231 -9.900 0.1094 0.9940 0.0000
-1.044 0.115 -9.812 -0.1094 -0.9940 -0.0000
-11.182 1.231 -10.150 -0.1094 -0.9940 -0.0000
-1.044 0.115 -9.562 -0.1094 -0.9940 -0.0000
-11.182 1.231 -9.900 -0.1094 -0.9940 -0.0000
0 1 5
0 5 4
8 13 9
8 12 13
1 2 6
1 6 5
9 14 10
9 13 14
2 3 7
2 7 6
10 15 11
10 14 15
16 21 17
16 20 21
24 25 29
24 29 28
17 22 18
17 21 22
25 26 30
25 30 29
18 23 19
18 22 23
26 27 31
26 31 30
32 37 33
32 36 37
40 41 45
40 45 44
33 38 34
33 37 38
41 42 46
41 46 45
34 39 35
34 38 39
42 43 47
42 47 46
48 49 53
48 53 52
56 61 57
56 60 61
49 50 54
49 54 53
57 62 58
57 61 62
50 51 55
50 55 54
58 63 59
58 62 63
64 69 65
64 68 69
72 73 77
72 77 76
65 70 66
65 69 70
73 74 78
73 78 77
66 71 67
66 70 71
74 75 79
74 79 78
80 85 81
80 84 85
88 89 93
88 93 92
81 86 82
81 85 86
89 90 94
89 94 93
82 87 83
82 86 87
90 91 95
90 95 94
96 97 99
96 99 98
100 103 101
100 102 103
LABEL sfoot0_strut_3
MATERIAL 9
TEXTURE 0
GEOM 50 48 ;sfoot0_strut_3
-0.876 -0.161 -6.075 0.5256 0.0000 -0.8507
-0.886 -0.409 -6.003 0.5059 -0.4964 -0.7054
-0.963 -0.591 -5.836 0.3506 -0.8599 -0.3711
-1.088 -0.657 -5.619 0.1014 -0.9929 0.0626
-1.226 -0.591 -5.410 -0.1750 -0.8599 0.4796
-1.341 -0.409 -5.266 -0.4045 -0.4964 0.7681
-1.402 -0.161 -5.225 -0.5256 -0.0000 0.8507
-1.392 0.088 -5.297 -0.5059 0.4964 0.7054
-1.314 0.269 -5.464 -0.3506 0.8599 0.3711
-1.189 0.336 -5.681 -0.1014 0.9929 -0.0626
-1.051 0.269 -5.890 0.1750 0.8599 -0.4796
-0.936 0.088 -6.034 0.4045 0.4964 -0.7681
-4.349 -0.651 -8.221 0.5256 0.0000 -0.8507
-4.359 -0.899 -8.149 0.5059 -0.4964 -0.7054
-4.437 -1.081 -7.981 0.3506 -0.8599 -0.3711
-4.561 -1.147 -7.765 0.1014 -0.9929 0.0626
-4.699 -1.081 -7.556 -0.1750 -0.8599 0.4796
-4.814 -0.899 -7.412 -0.4045 -0.4964 0.7681
-4.875 -0.651 -7.370 -0.5256 -0.0000 0.8507
-4.865 -0.402 -7.443 -0.5059 0.4964 0.7054
-4.787 -0.221 -7.610 -0.3506 0.8599 0.3711
-4.663 -0.154 -7.827 -0.1014 0.9929 -0.0626
-4.524 -0.221 -8.036 0.1750 0.8599 -0.4796
-4.410 -0.402 -8.180 0.4045 0.4964 -0.7681
-1.139 -0.161 -5.650 0.8447 0.1192 0.5219
-0.876 -0.161 -6.075 0.8447 0.1192 0.5219
-0.886 -0.409 -6.003 0.8447 0.1192 0.5219
-0.963 -0.591 -5.836 0.8447 0.1192 0.5219
-1.088 -0.657 -5.619 0.8447 0.1192 0.5219
-1.226 -0.591 -5.410 0.8447 0.1192 0.5219
-1.341 -0.409 -5.266 0.8447 0.1192 0.5219
-1.402 -0.161 -5.225 0.8447 0.1192 0.5219
-1.392 0.088 -5.297 0.8447 0.1192 0.5219
-1.314 0.269 -5.464 0.8447 0.1192 0.5219
-1.189 0.336 -5.681 0.8447 0.1192 0.5219
-1.051 0.269 -5.890 0.8447 0.1192 0.5219
-0.936 0.088 -6.034 0.8447 0.1192 0.5219
-4.612 -0.651 -7.796 -0.8447 -0.1192 -0.5219
-4.349 -0.651 -8.221 -0.8447 -0.1192 -0.5219
-4.359 -0.899 -8.149 -0.8447 -0.1192 -0.5219
-4.437 -1.081 -7.981 -0.8447 -0.1192 -0.5219
-4.561 -1.147 -7.765 -0.8447 -0.1192 -0.5219
-4.699 -1.081 -7.556 -0.8447 -0.1192 -0.5219
-4.814 -0.899 -7.412 -0.8447 -0.1192 -0.5219
-4.875 -0.651 -7.370 -0.8447 -0.1192 -0.5219
-4.865 -0.402 -7.443 -0.8447 -0.1192 -0.5219
-4.787 -0.221 -7.610 -0.8447 -0.1192 -0.5219
-4.663 -0.154 -7.827 -0.8447 -0.1192 -0.5219
-4.524 -0.221 -8.036 -0.8447 -0.1192 -0.5219
-4.410 -0.402 -8.180 -0.8447 -0.1192 -0.5219
0 1 13
0 13 12
1 2 14
1 14 13
2 3 15
2 15 14
3 4 16
3 16 15
4 5 17
4 17 16
5 6 18
5 18 17
6 7 19
6 19 18
7 8 20
7 20 19
8 9 21
8 21 20
9 10 22
9 22 21
10 11 23
10 23 22
11 0 12
11 12 23
24 26 25
24 27 26
24 28 27
24 29 28
24 30 29
24 31 30
24 32 31
24 33 32
24 34 33
24 35 34
24 36 35
24 25 36
37 38 39
37 39 40
37 40 41
37 41 42
37 42 43
37 43 44
37 44 45
37 45 46
37 46 47
37 47 48
37 48 49
37 49 38
LABEL sfoot0_rod_3
MATERIAL 7
TEXTURE 0
GEOM 42 40 ;sfoot0_rod_3
-3.974 -0.579 -7.695 0.5256 0.0000 -0.8507
-3.984 -0.725 -7.646 0.4848 -0.5836 -0.6514
-4.040 -0.815 -7.534 0.2588 -0.9443 -0.2033
-4.122 -0.815 -7.402 -0.0660 -0.9443 0.3225
-4.196 -0.725 -7.301 -0.3656 -0.5836 0.7251
-4.236 -0.579 -7.270 -0.5256 -0.0000 0.8507
-4.226 -0.433 -7.320 -0.4848 0.5836 0.6514
-4.170 -0.343 -7.432 -0.2588 0.9443 0.2033
-4.089 -0.343 -7.563 0.0660 0.9443 -0.3225
-4.014 -0.433 -7.664 0.3656 0.5836 -0.7251
-7.322 -1.052 -9.764 0.5256 0.0000 -0.8507
-7.332 -1.197 -9.714 0.4848 -0.5836 -0.6514
-7.389 -1.288 -9.602 0.2588 -0.9443 -0.2033
-7.470 -1.288 -9.471 -0.0660 -0.9443 0.3225
-7.545 -1.197 -9.370 -0.3656 -0.5836 0.7251
-7.585 -1.052 -9.339 -0.5256 -0.0000 0.8507
-7.575 -0.906 -9.389 -0.4848 0.5836 0.6514
-7.518 -0.815 -9.501 -0.2588 0.9443 0.2033
-7.437 -0.815 -9.632 0.0660 0.9443 -0.3225
-7.362 -0.906 -9.733 0.3656 0.5836 -0.7251
-4.105 -0.579 -7.483 0.8447 0.1192 0.5219
-3.974 -0.579 -7.695 0.8447 0.1192 0.5219
-3.984 -0.725 -7.646 0.8447 0.1192 0.5219
-4.040 -0.815 -7.534 0.8447 0.1192 0.5219
-4.122 -0.815 -7.402 0.8447 0.1192 0.5219
-4.196 -0.725 -7.301 0.8447 0.1192 0.5219
-4.236 -0.579 -7.270 0.8447 0.1192 0.5219
-4.226 -0.433 -7.320 0.8447 0.1192 0.5219
-4.170 -0.343 -7.432 0.8447 0.1192 0.5219
-4.089 -0.343 -7.563 0.8447 0.1192 0.5219
-4.014 -0.433 -7.664 0.8447 0.1192 0.5219
-7.454 -1.052 -9.551 -0.8447 -0.1192 -0.5219
-7.322 -1.052 -9.764 -0.8447 -0.1192 -0.5219
-7.332 -1.197 -9.714 -0.8447 -0.1192 -0.5219
-7.389 -1.288 -9.602 -0.8447 -0.1192 -0.5219
-7.470 -1.288 -9.471 -0.8447 -0.1192 -0.5219
-7.545 -1.197 -9.370 -0.8447 -0.1192 -0.5219
-7.585 -1.052 -9.339 -0.8447 -0.1192 -0.5219
-7.575 -0.906 -9.389 -0.8447 -0.1192 -0.5219
-7.518 -0.815 -9.501 -0.8447 -0.1192 -0.5219
-7.437 -0.815 -9.632 -0.8447 -0.1192 -0.5219
-7.362 -0.906 -9.733 -0.8447 -0.1192 -0.5219
0 1 11
0 11 10
1 2 12
1 12 11
2 3 13
2 13 12
3 4 14
3 14 13
4 5 15
4 15 14
5 6 16
5 16 15
6 7 17
6 17 16
7 8 18
7 18 17
8 9 19
8 19 18
9 0 10
9 10 19
20 22 21
20 23 22
20 24 23
20 25 24
20 26 25
20 27 26
20 28 27
20 29 28
20 30 29
20 21 30
31 32 33
31 33 34
31 34 35
31 35 36
31 36 37
31 37 38
31 38 39
31 39 40
31 40 41
31 41 32
LABEL sfoot0_skirt_3_0
MATERIAL 7
TEXTURE 0
GEOM 16 12 ;sfoot0_skirt_3_0
-10.405 -4.277 -11.050 -0.9524 -0.3048 -0.0000
-10.619 -3.714 -11.050 -0.9524 -0.3048 -0.0000
-10.803 -3.141 -11.050 -0.9524 -0.3048 -0.0000
-10.955 -2.558 -11.050 -0.9524 -0.3048 -0.0000
-10.405 -4.277 -10.150 -0.9524 -0.3048 -0.0000
-10.619 -3.714 -10.150 -0.9524 -0.3048 -0.0000
-10.803 -3.141 -10.150 -0.9524 -0.3048 -0.0000
-10.955 -2.558 -10.150 -0.9524 -0.3048 -0.0000
-10.405 -4.277 -11.050 0.9524 0.3048 0.0000
-10.619 -3.714 -11.050 0.9524 0.3048 0.0000
-10.803 -3.141 -11.050 0.9524 0.3048 0.0000
-10.955 -2.558 -11.050 0.9524 0.3048 0.0000
-10.405 -4.277 -10.150 0.9524 0.3048 0.0000
-10.619 -3.714 -10.150 0.9524 0.3048 0.0000
-10.803 -3.141 -10.150 0.9524 0.3048 0.0000
-10.955 -2.558 -10.150 0.9524 0.3048 0.0000
0 5 1
0 4 5
8 9 13
8 13 12
1 6 2
1 5 6
9 10 14
9 14 13
2 7 3
2 6 7
10 11 15
10 15 14
LABEL sfoot0_skirt_3_1
MATERIAL 7
TEXTURE 0
GEOM 16 12 ;sfoot0_skirt_3_1
-10.965 -2.515 -11.050 -0.9902 -0.1397 -0.0000
-11.091 -1.888 -11.050 -0.9902 -0.1397 -0.0000
-11.180 -1.254 -11.050 -0.9902 -0.1397 -0.0000
-11.233 -0.617 -11.050 -0.9902 -0.1397 -0.0000
-10.965 -2.515 -10.150 -0.9902 -0.1397 -0.0000
-11.091 -1.888 -10.150 -0.9902 -0.1397 -0.0000
-11.180 -1.254 -10.150 -0.9902 -0.1397 -0.0000
-11.233 -0.617 -10.150 -0.9902 -0.1397 -0.0000
-10.965 -2.515 -11.050 0.9902 0.1397 0.0000
-11.091 -1.888 -11.050 0.9902 0.1397 0.0000
-11.180 -1.254 -11.050 0.9902 0.1397 0.0000
-11.233 -0.617 -11.050 0.9902 0.1397 0.0000
-10.965 -2.515 -10.150 0.9902 0.1397 0.0000
-11.091 -1.888 -10.150 0.9902 0.1397 0.0000
-11.180 -1.254 -10.150 0.9902 0.1397 0.0000
-11.233 -0.617 -10.150 0.9902 0.1397 0.0000
0 5 1
0 4 5
8 9 13
8 13 12
1 6 2
1 5 6
9 10 14
9 14 13
2 7 3
2 6 7
10 11 15
10 15 14
LABEL sfoot0_skirt_3_2
MATERIAL 7
TEXTURE 0
GEOM 16 12 ;sfoot0_skirt_3_2
-11.235 -0.572 -11.050 -0.9996 0.0294 -0.0000
-11.250 0.029 -11.050 -0.9996 0.0294 -0.0000
-11.232 0.631 -11.050 -0.9996 0.0294 -0.0000
-11.182 1.231 -11.050 -0.9996 0.0294 -0.0000
-11.235 -0.572 -10.150 -0.9996 0.0294 -0.0000
-11.250 0.029 -10.150 -0.9996 0.0294 -0.0000
-11.232 0.631 -10.150 -0.9996 0.0294 -0.0000
-11.182 1.231 -10.150 -0.9996 0.0294 -0.0000
-11.235 -0.572 -11.050 0.9996 -0.0294 0.0000
-11.250 0.029 -11.050 0.9996 -0.0294 0.0000
-11.232 0.631 -11.050 0.9996 -0.0294 0.0000
-11.182 1.231 -11.050 0.9996 -0.0294 0.0000
-11.235 -0.572 -10.150 0.9996 -0.0294 0.0000
-11.250 0.029 -10.150 0.9996 -0.0294 0.0000
-11.232 0.631 -10.150 0.9996 -0.0294 0.0000
-11.182 1.231 -10.150 0.9996 -0.0294 0.0000
0 5 1
0 4 5
8 9 13
8 13 12
1 6 2
1 5 6
9 10 14
9 14 13
2 7 3
2 6 7
10 11 15
10 15 14
LABEL sfoot0_petal_4
MATERIAL 7
TEXTURE 0
GEOM 66 52 ;sfoot0_petal_4
-0.973 0.015 -9.557 0.9269 -0.3739 0.0332
-0.711 0.664 -9.557 0.9269 -0.3739 0.0332
-0.725 0.670 -9.107 0.9269 -0.3739 0.0332
-0.987 0.021 -9.107 0.9269 -0.3739 0.0332
-10.201 3.738 -9.887 -0.9269 0.3739 -0.0332
-9.939 4.387 -9.887 -0.9269 0.3739 -0.0332
-9.953 4.392 -9.437 -0.9269 0.3739 -0.0332
-10.215 3.743 -9.437 -0.9269 0.3739 -0.0332
-0.973 0.015 -9.557 -0.3741 -0.9274 -0.0000
-10.201 3.738 -9.887 -0.3741 -0.9274 -0.0000
-10.215 3.743 -9.437 -0.3741 -0.9274 -0.0000
-0.987 0.021 -9.107 -0.3741 -0.9274 -0.0000
-0.711 0.664 -9.557 0.3741 0.9274 0.0000
-9.939 4.387 -9.887 0.3741 0.9274 0.0000
-9.953 4.392 -9.437 0.3741 0.9274 0.0000
-0.725 0.670 -9.107 0.3741 0.9274 0.0000
-0.973 0.015 -9.557 0.0307 -0.0124 -0.9995
-10.201 3.738 -9.887 0.0307 -0.0124 -0.9995
-9.939 4.387 -9.887 0.0307 -0.0124 -0.9995
-0.711 0.664 -9.557 0.0307 -0.0124 -0.9995
-0.987 0.021 -9.107 -0.0307 0.0124 0.9995
-10.215 3.743 -9.437 -0.0307 0.0124 0.9995
-9.953 4.392 -9.437 -0.0307 0.0124 0.9995
-0.725 0.670 -9.107 -0.0307 0.0124 0.9995
-0.818 -0.155 -9.900 0.0000 0.0000 -1.0000
-0.981 -0.089 -9.843 -0.5451 0.2199 -0.8090
-1.082 -0.049 -9.693 -0.8820 0.3558 -0.3090
-1.082 -0.049 -9.507 -0.8820 0.3558 0.3090
-0.981 -0.089 -9.357 -0.5451 0.2199 0.8090
-0.818 -0.155 -9.300 -0.0000 0.0000 1.0000
-0.654 -0.221 -9.357 0.5451 -0.2199 0.8090
-0.553 -0.262 -9.507 0.8820 -0.3558 0.3090
-0.553 -0.262 -9.693 0.8820 -0.3558 -0.3090
-0.654 -0.221 -9.843 0.5451 -0.2199 -0.8090
-0.481 0.679 -9.900 0.0000 0.0000 -1.0000
-0.644 0.745 -9.843 -0.5451 0.2199 -0.8090
-0.745 0.786 -9.693 -0.8820 0.3558 -0.3090
-0.745 0.786 -9.507 -0.8820 0.3558 0.3090
-0.644 0.745 -9.357 -0.5451 0.2199 0.8090
-0.481 0.679 -9.300 -0.0000 0.0000 1.0000
-0.317 0.613 -9.357 0.5451 -0.2199 0.8090
-0.216 0.572 -9.507 0.8820 -0.3558 0.3090
-0.216 0.572 -9.693 0.8820 -0.3558 -0.3090
-0.317 0.613 -9.843 0.5451 -0.2199 -0.8090
-0.818 -0.155 -9.600 -0.3741 -0.9274 -0.0000
-0.818 -0.155 -9.900 -0.3741 -0.9274 -0.0000
-0.981 -0.089 -9.843 -0.3741 -0.9274 -0.0000
-1.082 -0.049 -9.693 -0.3741 -0.9274 -0.0000
-1.082 -0.049 -9.507 -0.3741 -0.9274 -0.0000
-0.981 -0.089 -9.357 -0.3741 -0.9274 -0.0000
-0.818 -0.155 -9.300 -0.3741 -0.9274 -0.0000
-0.654 -0.221 -9.357 -0.3741 -0.9274 -0.0000
-0.553 -0.262 -9.507 -0.3741 -0.9274 -0.0000
-0.553 -0.262 -9.693 -0.3741 -0.9274 -0.0000
-0.654 -0.221 -9.843 -0.3741 -0.9274 -0.0000
-0.481 0.679 -9.600 0.3741 0.9274 0.0000
-0.481 0.679 -9.900 0.3741 0.9274 0.0000
-0.644 0.745 -9.843 0.3741 0.9274 0.0000
-0.745 0.786 -9.693 0.3741 0.9274 0.0000
-0.745 0.786 -9.507 0.3741 0.9274 0.0000
-0.644 0.745 -9.357 0.3741 0.9274 0.0000
-0.481 0.679 -9.300 0.3741 0.9274 0.0000
-0.317 0.613 -9.357 0.3741 0.9274 0.0000
-0.216 0.572 -9.507 0.3741 0.9274 0.0000
-0.216 0.572 -9.693 0.3741 0.9274 0.0000
-0.317 0.613 -9.843 0.3741 0.9274 0.0000
0 1 2
0 2 3
4 6 5
4 7 6
8 10 9
8 11 10
12 13 14
12 14 15
16 17 18
16 18 19
20 22 21
20 23 22
24 25 35
24 35 34
25 26 36
25 36 35
26 27 37
26 37 36
27 28 38
27 38 37
28 29 39
28 39 38
29 30 40
29 40 39
30 31 41
30 41 40
31 32 42
31 42 41
32 33 43
32 43 42
33 24 34
33 34 43
44 46 45
44 47 46
44 48 47
44 49 48
44 50 49
44 51 50
44 52 51
44 53 52
44 54 53
44 45 54
55 56 57
55 57 58
55 58 59
55 59 60
55 60 61
55 61 62
55 62 63
55 63 64
55 64 65
55 65 56
LABEL sfoot0_slat_4_0
MATERIAL 7
TEXTURE 0
GEOM 104 76 ;sfoot0_slat_4_0
-1.041 0.140 -9.562 -0.0307 0.0124 0.9995
-1.032 0.195 -9.562 -0.0307 0.0124 0.9995
-1.020 0.250 -9.562 -0.0307 0.0124 0.9995
-1.005 0.304 -9.562 -0.0307 0.0124 0.9995
-11.150 1.499 -9.900 -0.0307 0.0124 0.9995
-11.054 2.093 -9.900 -0.0307 0.0124 0.9995
-10.926 2.681 -9.900 -0.0307 0.0124 0.9995
-10.767 3.262 -9.900 -0.0307 0.0124 0.9995
-1.041 0.140 -9.562 0.0307 -0.0124 -0.9995
-1.032 0.195 -9.562 0.0307 -0.0124 -0.9995
-1.020 0.250 -9.562 0.0307 -0.0124 -0.9995
-1.005 0.304 -9.562 0.0307 -0.0124 -0.9995
-11.150 1.499 -9.900 0.0307 -0.0124 -0.9995
-11.054 2.093 -9.900 0.0307 -0.0124 -0.9995
-10.926 2.681 -9.900 0.0307 -0.0124 -0.9995
-10.767 3.262 -9.900 0.0307 -0.0124 -0.9995
-1.041 0.140 -9.812 0.0307 -0.0124 -0.9995
-1.032 0.195 -9.812 0.0307 -0.0124 -0.9995
-1.020 0.250 -9.812 0.0307 -0.0124 -0.9995
-1.005 0.304 -9.812 0.0307 -0.0124 -0.9995
-11.150 1.499 -10.150 0.0307 -0.0124 -0.9995
-11.054 2.093 -10.150 0.0307 -0.0124 -0.9995
-10.926 2.681 -10.150 0.0307 -0.0124 -0.9995
-10.767 3.262 -10.150 0.0307 -0.0124 -0.9995
-1.041 0.140 -9.812 -0.0307 0.0124 0.9995
-1.032 0.195 -9.812 -0.0307 0.0124 0.9995
-1.020 0.250 -9.812 -0.0307 0.0124 0.9995
-1.005 0.304 -9.812 -0.0307 0.0124 0.9995
-11.150 1.499 -10.150 -0.0307 0.0124 0.9995
-11.054 2.093 -10.150 -0.0307 0.0124 0.9995
-10.926 2.681 -10.150 -0.0307 0.0124 0.9995
-10.767 3.262 -10.150 -0.0307 0.0124 0.9995
-11.150 1.499 -10.150 -0.9772 0.2123 -0.0000
-11.054 2.093 -10.150 -0.9772 0.2123 -0.0000
-10.926 2.681 -10.150 -0.9772 0.2123 -0.0000
-10.767 3.262 -10.150 -0.9772 0.2123 -0.0000
-11.150 1.499 -9.900 -0.9772 0.2123 -0.0000
-11.054 2.093 -9.900 -0.9772 0.2123 -0.0000
-10.926 2.681 -9.900 -0.9772 0.2123 -0.0000
-10.767 3.262 -9.900 -0.9772 0.2123 -0.0000
-11.150 1.499 -10.150 0.9772 -0.2123 0.0000
-11.054 2.093 -10.150 0.9772 -0.2123 0.0000
-10.926 2.681 -10.150 0.9772 -0.2123 0.0000
-10.767 3.262 -10.150 0.9772 -0.2123 0.0000
-11.150 1.499 -9.900 0.9772 -0.2123 0.0000
-11.054 2.093 -9.900 0.9772 -0.2123 0.0000
-10.926 2.681 -9.900 0.9772 -0.2123 0.0000
-10.767 3.262 -9.900 0.9772 -0.2123 0.0000
-1.041 0.140 -9.812 0.9772 -0.2123 0.0000
-1.032 0.195 -9.812 0.9772 -0.2123 0.0000
-1.020 0.250 -9.812 0.9772 -0.2123 0.0000
-1.005 0.304 -9.812 0.9772 -0.2123 0.0000
-1.041 0.140 -9.562 0.9772 -0.2123 0.0000
-1.032 0.195 -9.562 0.9772 -0.2123 0.0000
-1.020 0.250 -9.562 0.9772 -0.2123 0.0000
-1.005 0.304 -9.562 0.9772 -0.2123 0.0000
-1.041 0.140 -9.812 -0.9772 0.2123 -0.0000
-1.032 0.195 -9.812 -0.9772 0.2123 -0.0000
-1.020 0.250 -9.812 -0.9772 0.2123 -0.0000
-1.005 0.304 -9.812 -0.9772 0.2123 -0.0000
-1.041 0.140 -9.562 -0.9772 0.2123 -0.0000
-1.032 0.195 -9.562 -0.9772 0.2123 -0.0000
-1.020 0.250 -9.562 -0.9772 0.2123 -0.0000
-1.005 0.304 -9.562 -0.9772 0.2123 -0.0000
-11.150 1.499 -9.900 -0.9772 0.2123 -0.0000
-11.054 2.093 -9.900 -0.9772 0.2123 -0.0000
-10.926 2.681 -9.900 -0.9772 0.2123 -0.0000
-10.767 3.262 -9.900 -0.9772 0.2123 -0.0000
-11.150 1.499 -9.200 -0.9772 0.2123 -0.0000
-11.054 2.093 -9.200 -0.9772 0.2123 -0.0000
-10.926 2.681 -9.200 -0.9772 0.2123 -0.0000
-10.767 3.262 -9.200 -0.9772 0.2123 -0.0000
-11.150 1.499 -9.900 0.9772 -0.2123 0.0000
-11.054 2.093 -9.900 0.9772 -0.2123 0.0000
-10.926 2.681 -9.900 0.9772 -0.2123 0.0000
-10.767 3.262 -9.900 0.9772 -0.2123 0.0000
-11.150 1.499 -9.200 0.9772 -0.2123 0.0000
-11.054 2.093 -9.200 0.9772 -0.2123 0.0000
-10.926 2.681 -9.200 0.9772 -0.2123 0.0000
-10.767 3.262 -9.200 0.9772 -0.2123 0.0000
-11.150 1.499 -9.200 -0.0000 -0.0000 1.0000
-11.054 2.093 -9.200 -0.0000 -0.0000 1.0000
-10.926 2.681 -9.200 -0.0000 -0.0000 1.0000
-10.767 3.262 -9.200 -0.0000 -0.0000 1.0000
-10.803 1.452 -9.188 -0.0000 -0.0000 1.0000
-10.710 2.028 -9.188 -0.0000 -0.0000 1.0000
-10.586 2.598 -9.188 -0.0000 -0.0000 1.0000
-10.432 3.160 -9.188 -0.0000 -0.0000 1.0000
-11.150 1.499 -9.200 0.0000 0.0000 -1.0000
-11.054 2.093 -9.200 0.0000 0.0000 -1.0000
-10.926 2.681 -9.200 0.0000 0.0000 -1.0000
-10.767 3.262 -9.200 0.0000 0.0000 -1.0000
-10.803 1.452 -9.188 0.0000 0.0000 -1.0000
-10.710 2.028 -9.188 0.0000 0.0000 -1.0000
-10.586 2.598 -9.188 0.0000 0.0000 -1.0000
-10.432 3.160 -9.188 0.0000 0.0000 -1.0000
-1.041 0.140 -9.812 0.1332 0.9911 0.0000
-11.150 1.499 -10.150 0.1332 0.9911 0.0000
-1.041 0.140 -9.562 0.1332 0.9911 0.0000
-11.150 1.499 -9.900 0.1332 0.9911 0.0000
-1.041 0.140 -9.812 -0.1332 -0.9911 -0.0000
-11.150 1.499 -10.150 -0.1332 -0.9911 -0.0000
-1.041 0.140 -9.562 -0.1332 -0.9911 -0.0000
-11.150 1.499 -9.900 -0.1332 -0.9911 -0.0000
0 1 5
0 5 4
8 13 9
8 12 13
1 2 6
1 6 5
9 14 10
9 13 14
2 3 7
2 7 6
10 15 11
10 14 15
16 21 17
16 20 21
24 25 29
24 29 28
17 22 18
17 21 22
25 26 30
25 30 29
18 23 19
18 22 23
26 27 31
26 31 30
32 37 33
32 36 37
40 41 45
40 45 44
33 38 34
33 37 38
41 42 46
41 46 45
34 39 35
34 38 39
42 43 47
42 47 46
48 49 53
48 53 52
56 61 57
56 60 61
49 50 54
49 54 53
57 62 58
57 61 62
50 51 55
50 55 54
58 63 59
58 62 63
64 69 65
64 68 69
72 73 77
72 77 76
65 70 66
65 69 70
73 74 78
73 78 77
66 71 67
66 70 71
74 75 79
74 79 78
80 85 81
80 84 85
88 89 93
88 93 92
81 86 82
81 85 86
89 90 94
89 94 93
82 87 83
82 86 87
90 91 95
90 95 94
96 97 99
96 99 98
100 103 101
100 102 103
LABEL sfoot0_slat_4_1
MATERIAL 7
TEXTURE 0
GEOM 96 72 ;sfoot0_slat_4_1
-1.004 0.308 -9.562 -0.0307 0.0124 0.9995
-0.985 0.365 -9.562 -0.0307 0.0124 0.9995
-0.962 0.420 -9.562 -0.0307 0.0124 0.9995
-0.937 0.474 -9.562 -0.0307 0.0124 0.9995
-10.754 3.305 -9.900 -0.0307 0.0124 0.9995
-10.548 3.911 -9.900 -0.0307 0.0124 0.9995
-10.309 4.504 -9.900 -0.0307 0.0124 0.9995
-10.037 5.082 -9.900 -0.0307 0.0124 0.9995
-1.004 0.308 -9.562 0.0307 -0.0124 -0.9995
-0.985 0.365 -9.562 0.0307 -0.0124 -0.9995
-0.962 0.420 -9.562 0.0307 -0.0124 -0.9995
-0.937 0.474 -9.562 0.0307 -0.0124 -0.9995
-10.754 3.305 -9.900 0.0307 -0.0124 -0.9995
-10.548 3.911 -9.900 0.0307 -0.0124 -0.9995
-10.309 4.504 -9.900 0.0307 -0.0124 -0.9995
-10.037 5.082 -9.900 0.0307 -0.0124 -0.9995
-1.004 0.308 -9.812 0.0307 -0.0124 -0.9995
-0.985 0.365 -9.812 0.0307 -0.0124 -0.9995
-0.962 0.420 -9.812 0.0307 -0.0124 -0.9995
-0.937 0.474 -9.812 0.0307 -0.0124 -0.9995
-10.754 3.305 -10.150 0.0307 -0.0124 -0.9995
-10.548 3.911 -10.150 0.0307 -0.0124 -0.9995
-10.309 4.504 -10.150 0.0307 -0.0124 -0.9995
-10.037 5.082 -10.150 0.0307 -0.0124 -0.9995
-1.004 0.308 -9.812 -0.0307 0.0124 0.9995
-0.985 0.365 -9.812 -0.0307 0.0124 0.9995
-0.962 0.420 -9.812 -0.0307 0.0124 0.9995
-0.937 0.474 -9.812 -0.0307 0.0124 0.9995
-10.754 3.305 -10.150 -0.0307 0.0124 0.9995
-10.548 3.911 -10.150 -0.0307 0.0124 0.9995
-10.309 4.504 -10.150 -0.0307 0.0124 0.9995
-10.037 5.082 -10.150 -0.0307 0.0124 0.9995
-10.754 3.305 -10.150 -0.9274 0.3741 -0.0000
-10.548 3.911 -10.150 -0.9274 0.3741 -0.0000
-10.309 4.504 -10.150 -0.9274 0.3741 -0.0000
-10.037 5.082 -10.150 -0.9274 0.3741 -0.0000
-10.754 3.305 -9.900 -0.9274 0.3741 -0.0000
-10.548 3.911 -9.900 -0.9274 0.3741 -0.0000
-10.309 4.504 -9.900 -0.9274 0.3741 -0.0000
-10.037 5.082 -9.900 -0.9274 0.3741 -0.0000
-10.754 3.305 -10.150 0.9274 -0.3741 0.0000
-10.548 3.911 -10.150 0.9274 -0.3741 0.0000
-10.309 4.504 -10.150 0.9274 -0.3741 0.0000
-10.037 5.082 -10.150 0.9274 -0.3741 0.0000
-10.754 3.305 -9.900 0.9274 -0.3741 0.0000
-10.548 3.911 -9.900 0.9274 -0.3741 0.0000
-10.309 4.504 -9.900 0.9274 -0.3741 0.0000
-10.037 5.082 -9.900 0.9274 -0.3741 0.0000
-1.004 0.308 -9.812 0.9274 -0.3741 0.0000
-0.985 0.365 -9.812 0.9274 -0.3741 0.0000
-0.962 0.420 -9.812 0.9274 -0.3741 0.0000
-0.937 0.474 -9.812 0.9274 -0.3741 0.0000
-1.004 0.308 -9.562 0.9274 -0.3741 0.0000
-0.985 0.365 -9.562 0.9274 -0.3741 0.0000
-0.962 0.420 -9.562 0.9274 -0.3741 0.0000
-0.937 0.474 -9.562 0.9274 -0.3741 0.0000
-1.004 0.308 -9.812 -0.9274 0.3741 -0.0000
-0.985 0.365 -9.812 -0.9274 0.3741 -0.0000
-0.962 0.420 -9.812 -0.9274 0.3741 -0.0000
-0.937 0.474 -9.812 -0.9274 0.3741 -0.0000
-1.004 0.308 -9.562 -0.9274 0.3741 -0.0000
-0.985 0.365 -9.562 -0.9274 0.3741 -0.0000
-0.962 0.420 -9.562 -0.9274 0.3741 -0.0000
-0.937 0.474 -9.562 -0.9274 0.3741 -0.0000
-10.754 3.305 -9.900 -0.9274 0.3741 -0.0000
-10.548 3.911 -9.900 -0.9274 0.3741 -0.0000
-10.309 4.504 -9.900 -0.9274 0.3741 -0.0000
-10.037 5.082 -9.900 -0.9274 0.3741 -0.0000
-10.754 3.305 -9.200 -0.9274 0.3741 -0.0000
-10.548 3.911 -9.200 -0.9274 0.3741 -0.0000
-10.309 4.504 -9.200 -0.9274 0.3741 -0.0000
-10.037 5.082 -9.200 -0.9274 0.3741 -0.0000
-10.754 3.305 -9.900 0.9274 -0.3741 0.0000
-10.548 3.911 -9.900 0.9274 -0.3741 0.0000
-10.309 4.504 -9.900 0.9274 -0.3741 0.0000
-10.037 5.082 -9.900 0.9274 -0.3741 0.0000
-10.754 3.305 -9.200 0.9274 -0.3741 0.0000
-10.548 3.911 -9.200 0.9274 -0.3741 0.0000
-10.309 4.504 -9.200 0.9274 -0.3741 0.0000
-10.037 5.082 -9.200 0.9274 -0.3741 0.0000
-10.754 3.305 -9.200 -0.0000 -0.0000 1.0000
-10.548 3.911 -9.200 -0.0000 -0.0000 1.0000
-10.309 4.504 -9.200 -0.0000 -0.0000 1.0000
-10.037 5.082 -9.200 -0.0000 -0.0000 1.0000
-10.419 3.202 -9.188 -0.0000 -0.0000 1.0000
-10.220 3.789 -9.188 -0.0000 -0.0000 1.0000
-9.989 4.363 -9.188 -0.0000 -0.0000 1.0000
-9.724 4.924 -9.188 -0.0000 -0.0000 1.0000
-10.754 3.305 -9.200 0.0000 0.0000 -1.0000
-10.548 3.911 -9.200 0.0000 0.0000 -1.0000
-10.309 4.504 -9.200 0.0000 0.0000 -1.0000
-10.037 5.082 -9.200 0.0000 0.0000 -1.0000
-10.419 3.202 -9.188 0.0000 0.0000 -1.0000
-10.220 3.789 -9.188 0.0000 0.0000 -1.0000
-9.989 4.363 -9.188 0.0000 0.0000 -1.0000
-9.724 4.924 -9.188 0.0000 0.0000 -1.0000
0 1 5
0 5 4
8 13 9
8 12 13
1 2 6
1 6 5
9 14 10
9 13 14
2 3 7
2 7 6
10 15 11
10 14 15
16 21 17
16 20 21
24 25 29
24 29 28
17 22 18
17 21 22
25 26 30
25 30 29
18 23 19
18 22 23
26 27 31
26 31 30
32 37 33
32 36 37
40 41 45
40 45 44
33 38 34
33 37 38
41 42 46
41 46 45
34 39 35
34 38 39
42 43 47
42 47 46
48 49 53
48 53 52
56 61 57
56 60 61
49 50 54
49 54 53
57 62 58
57 61 62
50 51 55
50 55 54
58 63 59
58 62 63
64 69 65
64 68 69
72 73 77
72 77 76
65 70 66
65 69 70
73 74 78
73 78 77
66 71 67
66 70 71
74 75 79
74 79 78
80 85 81
80 84 85
88 89 93
88 93 92
81 86 82
81 85 86
89 90 94
89 94 93
82 87 83
82 86 87
90 91 95
90 95 94
LABEL sfoot0_slat_4_2
MATERIAL 7
TEXTURE 0
GEOM 104 76 ;sfoot0_slat_4_2
-0.935 0.478 -9.562 -0.0307 0.0124 0.9995
-0.908 0.527 -9.562 -0.0307 0.0124 0.9995
-0.878 0.575 -9.562 -0.0307 0.0124 0.9995
-0.846 0.621 -9.562 -0.0307 0.0124 0.9995
-10.016 5.122 -9.900 -0.0307 0.0124 0.9995
-9.728 5.650 -9.900 -0.0307 0.0124 0.9995
-9.412 6.163 -9.900 -0.0307 0.0124 0.9995
-9.069 6.657 -9.900 -0.0307 0.0124 0.9995
-0.935 0.478 -9.562 0.0307 -0.0124 -0.9995
-0.908 0.527 -9.562 0.0307 -0.0124 -0.9995
-0.878 0.575 -9.562 0.0307 -0.0124 -0.9995
-0.846 0.621 -9.562 0.0307 -0.0124 -0.9995
-10.016 5.122 -9.900 0.0307 -0.0124 -0.9995
-9.728 5.650 -9.900 0.0307 -0.0124 -0.9995
-9.412 6.163 -9.900 0.0307 -0.0124 -0.9995
-9.069 6.657 -9.900 0.0307 -0.0124 -0.9995
-0.935 0.478 -9.812 0.0307 -0.0124 -0.9995
-0.908 0.527 -9.812 0.0307 -0.0124 -0.9995
-0.878 0.575 -9.812 0.0307 -0.0124 -0.9995
-0.846 0.621 -9.812 0.0307 -0.0124 -0.9995
-10.016 5.122 -10.150 0.0307 -0.0124 -0.9995
-9.728 5.650 -10.150 0.0307 -0.0124 -0.9995
-9.412 6.163 -10.150 0.0307 -0.0124 -0.9995
-9.069 6.657 -10.150 0.0307 -0.0124 -0.9995
-0.935 0.478 -9.812 -0.0307 0.0124 0.9995
-0.908 0.527 -9.812 -0.0307 0.0124 0.9995
-0.878 0.575 -9.812 -0.0307 0.0124 0.9995
-0.846 0.621 -9.812 -0.0307 0.0124 0.9995
-10.016 5.122 -10.150 -0.0307 0.0124 0.9995
-9.728 5.650 -10.150 -0.0307 0.0124 0.9995
-9.412 6.163 -10.150 -0.0307 0.0124 0.9995
-9.069 6.657 -10.150 -0.0307 0.0124 0.9995
-10.016 5.122 -10.150 -0.8510 0.5252 -0.0000
-9.728 5.650 -10.150 -0.8510 0.5252 -0.0000
-9.412 6.163 -10.150 -0.8510 0.5252 -0.0000
-9.069 6.657 -10.150 -0.8510 0.5252 -0.0000
-10.016 5.122 -9.900 -0.8510 0.5252 -0.0000
-9.728 5.650 -9.900 -0.8510 0.5252 -0.0000
-9.412 6.163 -9.900 -0.8510 0.5252 -0.0000
-9.069 6.657 -9.900 -0.8510 0.5252 -0.0000
-10.016 5.122 -10.150 0.8510 -0.5252 0.0000
-9.728 5.650 -10.150 0.8510 -0.5252 0.0000
-9.412 6.163 -10.150 0.8510 -0.5252 0.0000
-9.069 6.657 -10.150 0.8510 -0.5252 0.0000
-10.016 5.122 -9.900 0.8510 -0.5252 0.0000
-9.728 5.650 -9.900 0.8510 -0.5252 0.0000
-9.412 6.163 -9.900 0.8510 -0.5252 0.0000
-9.069 6.657 -9.900 0.8510 -0.5252 0.0000
-0.935 0.478 -9.812 0.8510 -0.5252 0.0000
-0.908 0.527 -9.812 0.8510 -0.5252 0.0000
-0.878 0.575 -9.812 0.8510 -0.5252 0.0000
-0.846 0.621 -9.812 0.8510 -0.5252 0.0000
-0.935 0.478 -9.562 0.8510 -0.5252 0.0000
-0.908 0.527 -9.562 0.8510 -0.5252 0.0000
-0.878 0.575 -9.562 0.8510 -0.5252 0.0000
-0.846 0.621 -9.562 0.8510 -0.5252 0.0000
-0.935 0.478 -9.812 -0.8510 0.5252 -0.0000
-0.908 0.527 -9.812 -0.8510 0.5252 -0.0000
-0.878 0.575 -9.812 -0.8510 0.5252 -0.0000
-0.846 0.621 -9.812 -0.8510 0.5252 -0.0000
-0.935 0.478 -9.562 -0.8510 0.5252 -0.0000
-0.908 0.527 -9.562 -0.8510 0.5252 -0.0000
-0.878 0.575 -9.562 -0.8510 0.5252 -0.0000
-0.846 0.621 -9.562 -0.8510 0.5252 -0.0000
-10.016 5.122 -9.900 -0.8510 0.5252 -0.0000
-9.728 5.650 -9.900 -0.8510 0.5252 -0.0000
-9.412 6.163 -9.900 -0.8510 0.5252 -0.0000
-9.069 6.657 -9.900 -0.8510 0.5252 -0.0000
-10.016 5.122 -9.200 -0.8510 0.5252 -0.0000
-9.728 5.650 -9.200 -0.8510 0.5252 -0.0000
-9.412 6.163 -9.200 -0.8510 0.5252 -0.0000
-9.069 6.657 -9.200 -0.8510 0.5252 -0.0000
-10.016 5.122 -9.900 0.8510 -0.5252 0.0000
-9.728 5.650 -9.900 0.8510 -0.5252 0.0000
-9.412 6.163 -9.900 0.8510 -0.5252 0.0000
-9.069 6.657 -9.900 0.8510 -0.5252 0.0000
-10.016 5.122 -9.200 0.8510 -0.5252 0.0000
-9.728 5.650 -9.200 0.8510 -0.5252 0.0000
-9.412 6.163 -9.200 0.8510 -0.5252 0.0000
-9.069 6.657 -9.200 0.8510 -0.5252 0.0000
-10.016 5.122 -9.200 -0.0000 -0.0000 1.0000
-9.728 5.650 -9.200 -0.0000 -0.0000 1.0000
-9.412 6.163 -9.200 -0.0000 -0.0000 1.0000
-9.069 6.657 -9.200 -0.0000 -0.0000 1.0000
-9.705 4.963 -9.188 -0.0000 -0.0000 1.0000
-9.425 5.475 -9.188 -0.0000 -0.0000 1.0000
-9.119 5.971 -9.188 -0.0000 -0.0000 1.0000
-8.787 6.450 -9.188 -0.0000 -0.0000 1.0000
-10.016 5.122 -9.200 0.0000 0.0000 -1.0000
-9.728 5.650 -9.200 0.0000 0.0000 -1.0000
-9.412 6.163 -9.200 0.0000 0.0000 -1.0000
-9.069 6.657 -9.200 0.0000 0.0000 -1.0000
-9.705 4.963 -9.188 0.0000 0.0000 -1.0000
-9.425 5.475 -9.188 0.0000 0.0000 -1.0000
-9.119 5.971 -9.188 0.0000 0.0000 -1.0000
-8.787 6.450 -9.188 0.0000 0.0000 -1.0000
-0.846 0.621 -9.812 0.5918 0.8061 0.0000
-9.069 6.657 -10.150 0.5918 0.8061 0.0000
-0.846 0.621 -9.562 0.5918 0.8061 0.0000
-9.069 6.657 -9.900 0.5918 0.8061 0.0000
-0.846 0.621 -9.812 -0.5918 -0.8061 -0.0000
-9.069 6.657 -10.150 -0.5918 -0.8061 -0.0000
-0.846 0.621 -9.562 -0.5918 -0.8061 -0.0000
-9.069 6.657 -9.900 -0.5918 -0.8061 -0.0000
0 1 5
0 5 4
8 13 9
8 12 13
1 2 6
1 6 5
9 14 10
9 13 14
2 3 7
2 7 6
10 15 11
10 14 15
16 21 17
16 20 21
24 25 29
24 29 28
17 22 18
17 21 22
25 26 30
25 30 29
18 23 19
18 22 23
26 27 31
26 31 30
32 37 33
32 36 37
40 41 45
40 45 44
33 38 34
33 37 38
41 42 46
41 46 45
34 39 35
34 38 39
42 43 47
42 47 46
48 49 53
48 53 52
56 61 57
56 60 61
49 50 54
49 54 53
57 62 58
57 61 62
50 51 55
50 55 54
58 63 59
58 62 63
64 69 65
64 68 69
72 73 77
72 77 76
65 70 66
65 69 70
73 74 78
73 78 77
66 71 67
66 70 71
74 75 79
74 79 78
80 85 81
80 84 85
88 89 93
88 93 92
81 86 82
81 85 86
89 90 94
89 94 93
82 87 83
82 86 87
90 91 95
90 95 94
96 97 99
96 99 98
100 103 101
100 102 103
LABEL sfoot0_strut_4
MATERIAL 9
TEXTURE 0
GEOM 50 48 ;sfoot0_strut_4
-0.791 0.430 -6.067 0.5507 0.0000 -0.8347
-0.895 0.193 -6.055 0.3437 -0.4739 -0.8108
-1.044 0.020 -5.935 0.0446 -0.8207 -0.5696
-1.200 -0.044 -5.738 -0.2664 -0.9477 -0.1757
-1.320 0.020 -5.517 -0.5060 -0.8207 0.2652
-1.372 0.193 -5.332 -0.6101 -0.4739 0.6350
-1.342 0.430 -5.233 -0.5507 -0.0000 0.8347
-1.238 0.667 -5.245 -0.3437 0.4739 0.8108
-1.089 0.841 -5.365 -0.0446 0.8207 0.5696
-0.933 0.904 -5.562 0.2664 0.9477 0.1757
-0.813 0.841 -5.783 0.5060 0.8207 -0.2652
-0.761 0.667 -5.968 0.6101 0.4739 -0.6350
-4.044 1.742 -8.213 0.5507 0.0000 -0.8347
-4.147 1.506 -8.201 0.3437 -0.4739 -0.8108
-4.297 1.332 -8.081 0.0446 -0.8207 -0.5696
-4.453 1.269 -7.884 -0.2664 -0.9477 -0.1757
-4.572 1.332 -7.663 -0.5060 -0.8207 0.2652
-4.624 1.506 -7.478 -0.6101 -0.4739 0.6350
-4.595 1.742 -7.378 -0.5507 -0.0000 0.8347
-4.491 1.979 -7.390 -0.3437 0.4739 0.8108
-4.342 2.153 -7.511 -0.0446 0.8207 0.5696
-4.186 2.216 -7.708 0.2664 0.9477 0.1757
-4.066 2.153 -7.928 0.5060 0.8207 -0.2652
-4.014 1.979 -8.113 0.6101 0.4739 -0.6350
-1.066 0.430 -5.650 0.7911 -0.3191 0.5219
-0.791 0.430 -6.067 0.7911 -0.3191 0.5219
-0.895 0.193 -6.055 0.7911 -0.3191 0.5219
-1.044 0.020 -5.935 0.7911 -0.3191 0.5219
-1.200 -0.044 -5.738 0.7911 -0.3191 0.5219
-1.320 0.020 -5.517 0.7911 -0.3191 0.5219
-1.372 0.193 -5.332 0.7911 -0.3191 0.5219
-1.342 0.430 -5.233 0.7911 -0.3191 0.5219
-1.238 0.667 -5.245 0.7911 -0.3191 0.5219
-1.089 0.841 -5.365 0.7911 -0.3191 0.5219
-0.933 0.904 -5.562 0.7911 -0.3191 0.5219
-0.813 0.841 -5.783 0.7911 -0.3191 0.5219
-0.761 0.667 -5.968 0.7911 -0.3191 0.5219
-4.319 1.742 -7.796 -0.7911 0.3191 -0.5219
-4.044 1.742 -8.213 -0.7911 0.3191 -0.5219
-4.147 1.506 -8.201 -0.7911 0.3191 -0.5219
-4.297 1.332 -8.081 -0.7911 0.3191 -0.5219
-4.453 1.269 -7.884 -0.7911 0.3191 -0.5219
-4.572 1.332 -7.663 -0.7911 0.3191 -0.5219
-4.624 1.506 -7.478 -0.7911 0.3191 -0.5219
-4.595 1.742 -7.378 -0.7911 0.3191 -0.5219
-4.491 1.979 -7.390 -0.7911 0.3191 -0.5219
-4.342 2.153 -7.511 -0.7911 0.3191 -0.5219
-4.186 2.216 -7.708 -0.7911 0.3191 -0.5219
-4.066 2.153 -7.928 -0.7911 0.3191 -0.5219
-4.014 1.979 -8.113 -0.7911 0.3191 -0.5219
0 1 13
0 13 12
1 2 14
1 14 13
2 3 15
2 15 14
3 4 16
3 16 15
4 5 17
4 17 16
5 6 18
5 18 17
6 7 19
6 19 18
7 8 20
7 20 19
8 9 21
8 21 20
9 10 22
9 22 21
10 11 23
10 23 22
11 0 12
11 12 23
24 26 25
24 27 26
24 28 27
24 29 28
24 30 29
24 31 30
24 32 31
24 33 32
24 34 33
24 35 34
24 36 35
24 25 36
37 38 39
37 39 40
37 40 41
37 41 42
37 42 43
37 43 44
37 44 45
37 45 46
37 46 47
37 47 48
37 48 49
37 49 38
LABEL sfoot0_rod_4
MATERIAL 7
TEXTURE 0
GEOM 42 40 ;sfoot0_rod_4
-3.707 1.551 -7.691 0.5507 0.0000 -0.8347
-3.772 1.412 -7.677 0.2889 -0.5571 -0.7786
-3.865 1.326 -7.589 -0.0832 -0.9013 -0.4251
-3.951 1.326 -7.460 -0.4235 -0.9013 0.0908
-3.995 1.412 -7.340 -0.6021 -0.5571 0.5720
-3.982 1.551 -7.274 -0.5507 -0.0000 0.8347
-3.917 1.690 -7.288 -0.2889 0.5571 0.7786
-3.824 1.776 -7.376 0.0832 0.9013 0.4251
-3.739 1.776 -7.505 0.4235 0.9013 -0.0908
-3.694 1.690 -7.626 0.6021 0.5571 -0.5720
-6.843 2.816 -9.760 0.5507 0.0000 -0.8347
-6.908 2.677 -9.746 0.2889 -0.5571 -0.7786
-7.002 2.591 -9.658 -0.0832 -0.9013 -0.4251
-7.087 2.591 -9.529 -0.4235 -0.9013 0.0908
-7.131 2.677 -9.408 -0.6021 -0.5571 0.5720
-7.118 2.816 -9.343 -0.5507 -0.0000 0.8347
-7.053 2.955 -9.357 -0.2889 0.5571 0.7786
-6.960 3.041 -9.445 0.0832 0.9013 0.4251
-6.875 3.041 -9.574 0.4235 0.9013 -0.0908
-6.830 2.955 -9.695 0.6021 0.5571 -0.5720
-3.845 1.551 -7.483 0.7911 -0.3191 0.5219
-3.707 1.551 -7.691 0.7911 -0.3191 0.5219
-3.772 1.412 -7.677 0.7911 -0.3191 0.5219
-3.865 1.326 -7.589 0.7911 -0.3191 0.5219
-3.951 1.326 -7.460 0.7911 -0.3191 0.5219
-3.995 1.412 -7.340 0.7911 -0.3191 0.5219
-3.982 1.551 -7.274 0.7911 -0.3191 0.5219
-3.917 1.690 -7.288 0.7911 -0.3191 0.5219
-3.824 1.776 -7.376 0.7911 -0.3191 0.5219
-3.739 1.776 -7.505 0.7911 -0.3191 0.5219
-3.694 1.690 -7.626 0.7911 -0.3191 0.5219
-6.981 2.816 -9.551 -0.7911 0.3191 -0.5219
-6.843 2.816 -9.760 -0.7911 0.3191 -0.5219
-6.908 2.677 -9.746 -0.7911 0.3191 -0.5219
-7.002 2.591 -9.658 -0.7911 0.3191 -0.5219
-7.087 2.591 -9.529 -0.7911 0.3191 -0.5219
-7.131 2.677 -9.408 -0.7911 0.3191 -0.5219
-7.118 2.816 -9.343 -0.7911 0.3191 -0.5219
-7.053 2.955 -9.357 -0.7911 0.3191 -0.5219
-6.960 3.041 -9.445 -0.7911 0.3191 -0.5219
-6.875 3.041 -9.574 -0.7911 0.3191 -0.5219
-6.830 2.955 -9.695 -0.7911 0.3191 -0.5219
0 1 11
0 11 10
1 2 12
1 12 11
2 3 13
2 13 12
3 4 14
3 14 13
4 5 15
4 15 14
5 6 16
5 16 15
6 7 17
6 17 16
7 8 18
7 18 17
8 9 19
8 19 18
9 0 10
9 10 19
20 22 21
20 23 22
20 24 23
20 25 24
20 26 25
20 27 26
20 28 27
20 29 28
20 30 29
20 21 30
31 32 33
31 33 34
31 34 35
31 35 36
31 36 37
31 37 38
31 38 39
31 39 40
31 40 41
31 41 32
LABEL sfoot0_skirt_4_0
MATERIAL 7
TEXTURE 0
GEOM 16 12 ;sfoot0_skirt_4_0
-11.150 1.499 -11.050 -0.9772 0.2123 -0.0000
-11.054 2.093 -11.050 -0.9772 0.2123 -0.0000
-10.926 2.681 -11.050 -0.9772 0.2123 -0.0000
-10.767 3.262 -11.050 -0.9772 0.2123 -0.0000
-11.150 1.499 -10.150 -0.9772 0.2123 -0.0000
-11.054 2.093 -10.150 -0.9772 0.2123 -0.0000
-10.926 2.681 -10.150 -0.9772 0.2123 -0.0000
-10.767 3.262 -10.150 -0.9772 0.2123 -0.0000
-11.150 1.499 -11.050 0.9772 -0.2123 0.0000
-11.054 2.093 -11.050 0.9772 -0.2123 0.0000
-10.926 2.681 -11.050 0.9772 -0.2123 0.0000
-10.767 3.262 -11.050 0.9772 -0.2123 0.0000
-11.150 1.499 -10.150 0.9772 -0.2123 0.0000
-11.054 2.093 -10.150 0.9772 -0.2123 0.0000
-10.926 2.681 -10.150 0.9772 -0.2123 0.0000
-10.767 3.262 -10.150 0.9772 -0.2123 0.0000
0 5 1
0 4 5
8 9 13
8 13 12
1 6 2
1 5 6
9 10 14
9 14 13
2 7 3
2 6 7
10 11 15
10 15 14
LABEL sfoot0_skirt_4_1
MATERIAL 7
TEXTURE 0
GEOM 16 12 ;sfoot0_skirt_4_1
-10.754 3.305 -11.050 -0.9274 0.3741 -0.0000
-10.548 3.911 -11.050 -0.9274 0.3741 -0.0000
-10.309 4.504 -11.050 -0.9274 0.3741 -0.0000
-10.037 5.082 -11.050 -0.9274 0.3741 -0.0000
-10.754 3.305 -10.150 -0.9274 0.3741 -0.0000
-10.548 3.911 -10.150 -0.9274 0.3741 -0.0000
-10.309 4.504 -10.150 -0.9274 0.3741 -0.0000
-10.037 5.082 -10.150 -0.9274 0.3741 -0.0000
-10.754 3.305 -11.050 0.9274 -0.3741 0.0000
-10.548 3.911 -11.050 0.9274 -0.3741 0.0000
-10.309 4.504 -11.050 0.9274 -0.3741 0.0000
-10.037 5.082 -11.050 0.9274 -0.3741 0.0000
-10.754 3.305 -10.150 0.9274 -0.3741 0.0000
-10.548 3.911 -10.150 0.9274 -0.3741 0.0000
-10.309 4.504 -10.150 0.9274 -0.3741 0.0000
-10.037 5.082 -10.150 0.9274 -0.3741 0.0000
0 5 1
0 4 5
8 9 13
8 13 12
1 6 2
1 5 6
9 10 14
9 14 13
2 7 3
2 6 7
10 11 15
10 15 14
LABEL sfoot0_skirt_4_2
MATERIAL 7
TEXTURE 0
GEOM 16 12 ;sfoot0_skirt_4_2
-10.016 5.122 -11.050 -0.8510 0.5252 -0.0000
-9.728 5.650 -11.050 -0.8510 0.5252 -0.0000
-9.412 6.163 -11.050 -0.8510 0.5252 -0.0000
-9.069 6.657 -11.050 -0.8510 0.5252 -0.0000
-10.016 5.122 -10.150 -0.8510 0.5252 -0.0000
-9.728 5.650 -10.150 -0.8510 0.5252 -0.0000
-9.412 6.163 -10.150 -0.8510 0.5252 -0.0000
-9.069 6.657 -10.150 -0.8510 0.5252 -0.0000
-10.016 5.122 -11.050 0.8510 -0.5252 0.0000
-9.728 5.650 -11.050 0.8510 -0.5252 0.0000
-9.412 6.163 -11.050 0.8510 -0.5252 0.0000
-9.069 6.657 -11.050 0.8510 -0.5252 0.0000
-10.016 5.122 -10.150 0.8510 -0.5252 0.0000
-9.728 5.650 -10.150 0.8510 -0.5252 0.0000
-9.412 6.163 -10.150 0.8510 -0.5252 0.0000
-9.069 6.657 -10.150 0.8510 -0.5252 0.0000
0 5 1
0 4 5
8 9 13
8 13 12
1 6 2
1 5 6
9 10 14
9 14 13
2 7 3
2 6 7
10 11 15
10 15 14
LABEL sfoot0_petal_5
MATERIAL 7
TEXTURE 0
GEOM 66 52 ;sfoot0_petal_5
-0.835 0.500 -9.557 0.6157 -0.7872 0.0332
-0.284 0.931 -9.557 0.6157 -0.7872 0.0332
-0.293 0.943 -9.107 0.6157 -0.7872 0.0332
-0.844 0.512 -9.107 0.6157 -0.7872 0.0332
-6.965 8.337 -9.887 -0.6157 0.7872 -0.0332
-6.414 8.769 -9.887 -0.6157 0.7872 -0.0332
-6.423 8.780 -9.437 -0.6157 0.7872 -0.0332
-6.974 8.349 -9.437 -0.6157 0.7872 -0.0332
-0.835 0.500 -9.557 -0.7877 -0.6161 -0.0000
-6.965 8.337 -9.887 -0.7877 -0.6161 -0.0000
-6.974 8.349 -9.437 -0.7877 -0.6161 -0.0000
-0.844 0.512 -9.107 -0.7877 -0.6161 -0.0000
-0.284 0.931 -9.557 0.7877 0.6161 0.0000
-6.414 8.769 -9.887 0.7877 0.6161 0.0000
-6.423 8.780 -9.437 0.7877 0.6161 0.0000
-0.293 0.943 -9.107 0.7877 0.6161 0.0000
-0.835 0.500 -9.557 0.0204 -0.0261 -0.9995
-6.965 8.337 -9.887 0.0204 -0.0261 -0.9995
-6.414 8.769 -9.887 0.0204 -0.0261 -0.9995
-0.284 0.931 -9.557 0.0204 -0.0261 -0.9995
-0.844 0.512 -9.107 -0.0204 0.0261 0.9995
-6.974 8.349 -9.437 -0.0204 0.0261 0.9995
-6.423 8.780 -9.437 -0.0204 0.0261 0.9995
-0.293 0.943 -9.107 -0.0204 0.0261 0.9995
-0.786 0.274 -9.300 0.0000 0.0000 1.0000
-0.677 0.135 -9.357 0.3621 -0.4630 0.8090
-0.610 0.049 -9.507 0.5859 -0.7491 0.3090
-0.610 0.049 -9.693 0.5859 -0.7491 -0.3090
-0.677 0.135 -9.843 0.3621 -0.4630 -0.8090
-0.786 0.274 -9.900 0.0000 -0.0000 -1.0000
-0.894 0.413 -9.843 -0.3621 0.4630 -0.8090
-0.961 0.499 -9.693 -0.5859 0.7491 -0.3090
-0.961 0.499 -9.507 -0.5859 0.7491 0.3090
-0.894 0.413 -9.357 -0.3621 0.4630 0.8090
-0.077 0.829 -9.300 0.0000 0.0000 1.0000
0.032 0.690 -9.357 0.3621 -0.4630 0.8090
0.099 0.604 -9.507 0.5859 -0.7491 0.3090
0.099 0.604 -9.693 0.5859 -0.7491 -0.3090
0.032 0.690 -9.843 0.3621 -0.4630 -0.8090
-0.077 0.829 -9.900 0.0000 -0.0000 -1.0000
-0.185 0.968 -9.843 -0.3621 0.4630 -0.8090
-0.253 1.053 -9.693 -0.5859 0.7491 -0.3090
-0.253 1.053 -9.507 -0.5859 0.7491 0.3090
-0.185 0.968 -9.357 -0.3621 0.4630 0.8090
-0.786 0.274 -9.600 -0.7877 -0.6161 -0.0000
-0.786 0.274 -9.300 -0.7877 -0.6161 -0.0000
-0.677 0.135 -9.357 -0.7877 -0.6161 -0.0000
-0.610 0.049 -9.507 -0.7877 -0.6161 -0.0000
-0.610 0.049 -9.693 -0.7877 -0.6161 -0.0000
-0.677 0.135 -9.843 -0.7877 -0.6161 -0.0000
-0.786 0.274 -9.900 -0.7877 -0.6161 -0.0000
-0.894 0.413 -9.843 -0.7877 -0.6161 -0.0000
-0.961 0.499 -9.693 -0.7877 -0.6161 -0.0000
-0.961 0.499 -9.507 -0.7877 -0.6161 -0.0000
-0.894 0.413 -9.357 -0.7877 -0.6161 -0.0000
-0.077 0.829 -9.600 0.7877 0.6161 0.0000
-0.077 0.829 -9.300 0.7877 0.6161 0.0000
0.032 0.690 -9.357 0.7877 0.6161 0.0000
0.099 0.604 -9.507 0.7877 0.6161 0.0000
0.099 0.604 -9.693 0.7877 0.6161 0.0000
0.032 0.690 -9.843 0.7877 0.6161 0.0000
-0.077 0.829 -9.900 0.7877 0.6161 0.0000
-0.185 0.968 -9.843 0.7877 0.6161 0.0000
-0.253 1.053 -9.693 0.7877 0.6161 0.0000
-0.253 1.053 -9.507 0.7877 0.6161 0.0000
-0.185 0.968 -9.357 0.7877 0.6161 0.0000
0 1 2
0 2 3
4 6 5
4 7 6
8 10 9
8 11 10
12 13 14
12 14 15
16 17 18
16 18 19
20 22 21
20 23 22
24 25 35
24 35 34
25 26 36
25 36 35
26 27 37
26 37 36
27 28 38
27 38 37
28 29 39
28 39 38
29 30 40
29 40 39
30 31 41
30 41 40
31 32 42
31 42 41
32 33 43
32 43 42
33 24 34
33 34 43
44 46 45
44 47 46
44 48 47
44 49 48
44 50 49
44 51 50
44 52 51
44 53 52
44 54 53
44 45 54
55 56 57
55 57 58
55 58 59
55 59 60
55 60 61
55 61 62
55 62 63
55 63 64
55 64 65
55 65 56
LABEL sfoot0_slat_5_0
MATERIAL 7
TEXTURE 0
GEOM 104 76 ;sfoot0_slat_5_0
-0.831 0.641 -9.562 -0.0204 0.0261 0.9995
-0.796 0.685 -9.562 -0.0204 0.0261 0.9995
-0.758 0.727 -9.562 -0.0204 0.0261 0.9995
-0.718 0.766 -9.562 -0.0204 0.0261 0.9995
-8.906 6.873 -9.900 -0.0204 0.0261 0.9995
-8.526 7.340 -9.900 -0.0204 0.0261 0.9995
-8.121 7.785 -9.900 -0.0204 0.0261 0.9995
-7.693 8.208 -9.900 -0.0204 0.0261 0.9995
-0.831 0.641 -9.562 0.0204 -0.0261 -0.9995
-0.796 0.685 -9.562 0.0204 -0.0261 -0.9995
-0.758 0.727 -9.562 0.0204 -0.0261 -0.9995
-0.718 0.766 -9.562 0.0204 -0.0261 -0.9995
-8.906 6.873 -9.900 0.0204 -0.0261 -0.9995
-8.526 7.340 -9.900 0.0204 -0.0261 -0.9995
-8.121 7.785 -9.900 0.0204 -0.0261 -0.9995
-7.693 8.208 -9.900 0.0204 -0.0261 -0.9995
-0.831 0.641 -9.812 0.0204 -0.0261 -0.9995
-0.796 0.685 -9.812 0.0204 -0.0261 -0.9995
-0.758 0.727 -9.812 0.0204 -0.0261 -0.9995
-0.718 0.766 -9.812 0.0204 -0.0261 -0.9995
-8.906 6.873 -10.150 0.0204 -0.0261 -0.9995
-8.526 7.340 -10.150 0.0204 -0.0261 -0.9995
-8.121 7.785 -10.150 0.0204 -0.0261 -0.9995
-7.693 8.208 -10.150 0.0204 -0.0261 -0.9995
-0.831 0.641 -9.812 -0.0204 0.0261 0.9995
-0.796 0.685 -9.812 -0.0204 0.0261 0.9995
-0.758 0.727 -9.812 -0.0204 0.0261 0.9995
-0.718 0.766 -9.812 -0.0204 0.0261 0.9995
-8.906 6.873 -10.150 -0.0204 0.0261 0.9995
-8.526 7.340 -10.150 -0.0204 0.0261 0.9995
-8.121 7.785 -10.150 -0.0204 0.0261 0.9995
-7.693 8.208 -10.150 -0.0204 0.0261 0.9995
-8.906 6.873 -10.150 -0.7401 0.6724 -0.0000
-8.526 7.340 -10.150 -0.7401 0.6724 -0.0000
-8.121 7.785 -10.150 -0.7401 0.6724 -0.0000
-7.693 8.208 -10.150 -0.7401 0.6724 -0.0000
-8.906 6.873 -9.900 -0.7401 0.6724 -0.0000
-8.526 7.340 -9.900 -0.7401 0.6724 -0.0000
-8.121 7.785 -9.900 -0.7401 0.6724 -0.0000
-7.693 8.208 -9.900 -0.7401 0.6724 -0.0000
-8.906 6.873 -10.150 0.7401 -0.6724 0.0000
-8.526 7.340 -10.150 0.7401 -0.6724 0.0000
-8.121 7.785 -10.150 0.7401 -0.6724 0.0000
-7.693 8.208 -10.150 0.7401 -0.6724 0.0000
-8.906 6.873 -9.900 0.7401 -0.6724 0.0000
-8.526 7.340 -9.900 0.7401 -0.6724 0.0000
-8.121 7.785 -9.900 0.7401 -0.6724 0.0000
-7.693 8.208 -9.900 0.7401 -0.6724 0.0000
-0.831 0.641 -9.812 0.7401 -0.6724 0.0000
-0.796 0.685 -9.812 0.7401 -0.6724 0.0000
-0.758 0.727 -9.812 0.7401 -0.6724 0.0000
-0.718 0.766 -9.812 0.7401 -0.6724 0.0000
-0.831 0.641 -9.562 0.7401 -0.6724 0.0000
-0.796 0.685 -9.562 0.7401 -0.6724 0.0000
-0.758 0.727 -9.562 0.7401 -0.6724 0.0000
-0.718 0.766 -9.562 0.7401 -0.6724 0.0000
-0.831 0.641 -9.812 -0.7401 0.6724 -0.0000
-0.796 0.685 -9.812 -0.7401 0.6724 -0.0000
-0.758 0.727 -9.812 -0.7401 0.6724 -0.0000
-0.718 0.766 -9.812 -0.7401 0.6724 -0.0000
-0.831 0.641 -9.562 -0.7401 0.6724 -0.0000
-0.796 0.685 -9.562 -0.7401 0.6724 -0.0000
-0.758 0.727 -9.562 -0.7401 0.6724 -0.0000
-0.718 0.766 -9.562 -0.7401 0.6724 -0.0000
-8.906 6.873 -9.900 -0.7401 0.6724 -0.0000
-8.526 7.340 -9.900 -0.7401 0.6724 -0.0000
-8.121 7.785 -9.900 -0.7401 0.6724 -0.0000
-7.693 8.208 -9.900 -0.7401 0.6724 -0.0000
-8.906 6.873 -9.200 -0.7401 0.6724 -0.0000
-8.526 7.340 -9.200 -0.7401 0.6724 -0.0000
-8.121 7.785 -9.200 -0.7401 0.6724 -0.0000
-7.693 8.208 -9.200 -0.7401 0.6724 -0.0000
-8.906 6.873 -9.900 0.7401 -0.6724 0.0000
-8.526 7.340 -9.900 0.7401 -0.6724 0.0000
-8.121 7.785 -9.900 0.7401 -0.6724 0.0000
-7.693 8.208 -9.900 0.7401 -0.6724 0.0000
-8.906 6.873 -9.200 0.7401 -0.6724 0.0000
-8.526 7.340 -9.200 0.7401 -0.6724 0.0000
-8.121 7.785 -9.200 0.7401 -0.6724 0.0000
-7.693 8.208 -9.200 0.7401 -0.6724 0.0000
-8.906 6.873 -9.200 -0.0000 -0.0000 1.0000
-8.526 7.340 -9.200 -0.0000 -0.0000 1.0000
-8.121 7.785 -9.200 -0.0000 -0.0000 1.0000
-7.693 8.208 -9.200 -0.0000 -0.0000 1.0000
-8.629 6.659 -9.188 -0.0000 -0.0000 1.0000
-8.261 7.111 -9.188 -0.0000 -0.0000 1.0000
-7.869 7.543 -9.188 -0.0000 -0.0000 1.0000
-7.454 7.953 -9.188 -0.0000 -0.0000 1.0000
-8.906 6.873 -9.200 0.0000 0.0000 -1.0000
-8.526 7.340 -9.200 0.0000 0.0000 -1.0000
-8.121 7.785 -9.200 0.0000 0.0000 -1.0000
-7.693 8.208 -9.200 0.0000 0.0000 -1.0000
-8.629 6.659 -9.188 0.0000 0.0000 -1.0000
-8.261 7.111 -9.188 0.0000 0.0000 -1.0000
-7.869 7.543 -9.188 0.0000 0.0000 -1.0000
-7.454 7.953 -9.188 0.0000 0.0000 -1.0000
-0.831 0.641 -9.812 0.6109 0.7917 0.0000
-8.906 6.873 -10.150 0.6109 0.7917 0.0000
-0.831 0.641 -9.562 0.6109 0.7917 0.0000
-8.906 6.873 -9.900 0.6109 0.7917 0.0000
-0.831 0.641 -9.812 -0.6109 -0.7917 -0.0000
-8.906 6.873 -10.150 -0.6109 -0.7917 -0.0000
-0.831 0.641 -9.562 -0.6109 -0.7917 -0.0000
-8.906 6.873 -9.900 -0.6109 -0.7917 -0.0000
0 1 5
0 5 4
8 13 9
8 12 13
1 2 6
1 6 5
9 14 10
9 13 14
2 3 7
2 7 6
10 15 11
10 14 15
16 21 17
16 20 21
24 25 29
24 29 28
17 22 18
17 21 22
25 26 30
25 30 29
18 23 19
18 22 23
26 27 31
26 31 30
32 37 33
32 36 37
40 41 45
40 45 44
33 38 34
33 37 38
41 42 46
41 46 45
34 39 35
34 38 39
42 43 47
42 47 46
48 49 53
48 53 52
56 61 57
56 60 61
49 50 54
49 54 53
57 62 58
57 61 62
50 51 55
50 55 54
58 63 59
58 62 63
64 69 65
64 68 69
72 73 77
72 77 76
65 70 66
65 69 70
73 74 78
73 78 77
66 71 67
66 70 71
74 75 79
74 79 78
80 85 81
80 84 85
88 89 93
88 93 92
81 86 82
81 85 86
89 90 94
89 94 93
82 87 83
82 86 87
90 91 95
90 95 94
96 97 99
96 99 98
100 103 101
100 102 103
LABEL sfoot0_slat_5_1
MATERIAL 7
TEXTURE 0
GEOM 96 72 ;sfoot0_slat_5_1
-0.715 0.769 -9.562 -0.0204 0.0261 0.9995
-0.670 0.808 -9.562 -0.0204 0.0261 0.9995
-0.623 0.845 -9.562 -0.0204 0.0261 0.9995
-0.574 0.879 -9.562 -0.0204 0.0261 0.9995
-7.660 8.239 -9.900 -0.0204 0.0261 0.9995
-7.180 8.661 -9.900 -0.0204 0.0261 0.9995
-6.676 9.055 -9.900 -0.0204 0.0261 0.9995
-6.151 9.419 -9.900 -0.0204 0.0261 0.9995
-0.715 0.769 -9.562 0.0204 -0.0261 -0.9995
-0.670 0.808 -9.562 0.0204 -0.0261 -0.9995
-0.623 0.845 -9.562 0.0204 -0.0261 -0.9995
-0.574 0.879 -9.562 0.0204 -0.0261 -0.9995
-7.660 8.239 -9.900 0.0204 -0.0261 -0.9995
-7.180 8.661 -9.900 0.0204 -0.0261 -0.9995
-6.676 9.055 -9.900 0.0204 -0.0261 -0.9995
-6.151 9.419 -9.900 0.0204 -0.0261 -0.9995
-0.715 0.769 -9.812 0.0204 -0.0261 -0.9995
-0.670 0.808 -9.812 0.0204 -0.0261 -0.9995
-0.623 0.845 -9.812 0.0204 -0.0261 -0.9995
-0.574 0.879 -9.812 0.0204 -0.0261 -0.9995
-7.660 8.239 -10.150 0.0204 -0.0261 -0.9995
-7.180 8.661 -10.150 0.0204 -0.0261 -0.9995
-6.676 9.055 -10.150 0.0204 -0.0261 -0.9995
-6.151 9.419 -10.150 0.0204 -0.0261 -0.9995
-0.715 0.769 -9.812 -0.0204 0.0261 0.9995
-0.670 0.808 -9.812 -0.0204 0.0261 0.9995
-0.623 0.845 -9.812 -0.0204 0.0261 0.9995
-0.574 0.879 -9.812 -0.0204 0.0261 0.9995
-7.660 8.239 -10.150 -0.0204 0.0261 0.9995
-7.180 8.661 -10.150 -0.0204 0.0261 0.9995
-6.676 9.055 -10.150 -0.0204 0.0261 0.9995
-6.151 9.419 -10.150 -0.0204 0.0261 0.9995
-7.660 8.239 -10.150 -0.6161 0.7877 -0.0000
-7.180 8.661 -10.150 -0.6161 0.7877 -0.0000
-6.676 9.055 -10.150 -0.6161 0.7877 -0.0000
-6.151 9.419 -10.150 -0.6161 0.7877 -0.0000
-7.660 8.239 -9.900 -0.6161 0.7877 -0.0000
-7.180 8.661 -9.900 -0.6161 0.7877 -0.0000
-6.676 9.055 -9.900 -0.6161 0.7877 -0.0000
-6.151 9.419 -9.900 -0.6161 0.7877 -0.0000
-7.660 8.239 -10.150 0.6161 -0.7877 0.0000
-7.180 8.661 -10.150 0.6161 -0.7877 0.0000
-6.676 9.055 -10.150 0.6161 -0.7877 0.0000
-6.151 9.419 -10.150 0.6161 -0.7877 0.0000
-7.660 8.239 -9.900 0.6161 -0.7877 0.0000
-7.180 8.661 -9.900 0.6161 -0.7877 0.0000
-6.676 9.055 -9.900 0.6161 -0.7877 0.0000
-6.151 9.419 -9.900 0.6161 -0.7877 0.0000
-0.715 0.769 -9.812 0.6161 -0.7877 0.0000
-0.670 0.808 -9.812 0.6161 -0.7877 0.0000
-0.623 0.845 -9.812 0.6161 -0.7877 0.0000
-0.574 0.879 -9.812 0.6161 -0.7877 0.0000
-0.715 0.769 -9.562 0.6161 -0.7877 0.0000
-0.670 0.808 -9.562 0.6161 -0.7877 0.0000
-0.623 0.845 -9.562 0.6161 -0.7877 0.0000
-0.574 0.879 -9.562 0.6161 -0.7877 0.0000
-0.715 0.769 -9.812 -0.6161 0.7877 -0.0000
-0.670 0.808 -9.812 -0.6161 0.7877 -0.0000
-0.623 0.845 -9.812 -0.6161 0.7877 -0.0000
-0.574 0.879 -9.812 -0.6161 0.7877 -0.0000
-0.715 0.769 -9.562 -0.6161 0.7877 -0.0000
-0.670 0.808 -9.562 -0.6161 0.7877 -0.0000
-0.623 0.845 -9.562 -0.6161 0.7877 -0.0000
-0.574 0.879 -9.562 -0.6161 0.7877 -0.0000
-7.660 8.239 -9.900 -0.6161 0.7877 -0.0000
-7.180 8.661 -9.900 -0.6161 0.7877 -0.0000
-6.676 9.055 -9.900 -0.6161 0.7877 -0.0000
-6.151 9.419 -9.900 -0.6161 0.7877 -0.0000
-7.660 8.239 -9.200 -0.6161 0.7877 -0.0000
-7.180 8.661 -9.200 -0.6161 0.7877 -0.0000
-6.676 9.055 -9.200 -0.6161 0.7877 -0.0000
-6.151 9.419 -9.200 -0.6161 0.7877 -0.0000
-7.660 8.239 -9.900 0.6161 -0.7877 0.0000
-7.180 8.661 -9.900 0.6161 -0.7877 0.0000
-6.676 9.055 -9.900 0.6161 -0.7877 0.0000
-6.151 9.419 -9.900 0.6161 -0.7877 0.0000
-7.660 8.239 -9.200 0.6161 -0.7877 0.0000
-7.180 8.661 -9.200 0.6161 -0.7877 0.0000
-6.676 9.055 -9.200 0.6161 -0.7877 0.0000
-6.151 9.419 -9.200 0.6161 -0.7877 0.0000
-7.660 8.239 -9.200 -0.0000 -0.0000 1.0000
-7.180 8.661 -9.200 -0.0000 -0.0000 1.0000
-6.676 9.055 -9.200 -0.0000 -0.0000 1.0000
-6.151 9.419 -9.200 -0.0000 -0.0000 1.0000
-7.422 7.983 -9.188 -0.0000 -0.0000 1.0000
-6.957 8.391 -9.188 -0.0000 -0.0000 1.0000
-6.469 8.773 -9.188 -0.0000 -0.0000 1.0000
-5.960 9.126 -9.188 -0.0000 -0.0000 1.0000
-7.660 8.239 -9.200 0.0000 0.0000 -1.0000
-7.180 8.661 -9.200 0.0000 0.0000 -1.0000
-6.676 9.055 -9.200 0.0000 0.0000 -1.0000
-6.151 9.419 -9.200 0.0000 0.0000 -1.0000
-7.422 7.983 -9.188 0.0000 0.0000 -1.0000
-6.957 8.391 -9.188 0.0000 0.0000 -1.0000
-6.469 8.773 -9.188 0.0000 0.0000 -1.0000
-5.960 9.126 -9.188 0.0000 0.0000 -1.0000
0 1 5
0 5 4
8 13 9
8 12 13
1 2 6
1 6 5
9 14 10
9 13 14
2 3 7
2 7 6
10 15 11
10 14 15
16 21 17
16 20 21
24 25 29
24 29 28
17 22 18
17 21 22
25 26 30
25 30 29
18 23 19
18 22 23
26 27 31
26 31 30
32 37 33
32 36 37
40 41 45
40 45 44
33 38 34
33 37 38
41 42 46
41 46 45
34 39 35
34 38 39
42 43 47
42 47 46
48 49 53
48 53 52
56 61 57
56 60 61
49 50 54
49 54 53
57 62 58
57 61 62
50 51 55
50 55 54
58 63 59
58 62 63
64 69 65
64 68 69
72 73 77
72 77 76
65 70 66
65 69 70
73 74 78
73 78 77
66 71 67
66 70 71
74 75 79
74 79 78
80 85 81
80 84 85
88 89 93
88 93 92
81 86 82
81 85 86
89 90 94
89 94 93
82 87 83
82 86 87
90 91 95
90 95 94
LABEL sfoot0_slat_5_2
MATERIAL 7
TEXTURE 0
GEOM 104 76 ;sfoot0_slat_5_2
-0.571 0.881 -9.562 -0.0204 0.0261 0.9995
-0.523 0.911 -9.562 -0.0204 0.0261 0.9995
-0.473 0.937 -9.562 -0.0204 0.0261 0.9995
-0.422 0.961 -9.562 -0.0204 0.0261 0.9995
-6.113 9.444 -9.900 -0.0204 0.0261 0.9995
-5.599 9.757 -9.900 -0.0204 0.0261 0.9995
-5.070 10.043 -9.900 -0.0204 0.0261 0.9995
-4.525 10.300 -9.900 -0.0204 0.0261 0.9995
-0.571 0.881 -9.562 0.0204 -0.0261 -0.9995
-0.523 0.911 -9.562 0.0204 -0.0261 -0.9995
-0.473 0.937 -9.562 0.0204 -0.0261 -0.9995
-0.422 0.961 -9.562 0.0204 -0.0261 -0.9995
-6.113 9.444 -9.900 0.0204 -0.0261 -0.9995
-5.599 9.757 -9.900 0.0204 -0.0261 -0.9995
-5.070 10.043 -9.900 0.0204 -0.0261 -0.9995
-4.525 10.300 -9.900 0.0204 -0.0261 -0.9995
-0.571 0.881 -9.812 0.0204 -0.0261 -0.9995
-0.523 0.911 -9.812 0.0204 -0.0261 -0.9995
-0.473 0.937 -9.812 0.0204 -0.0261 -0.9995
-0.422 0.961 -9.812 0.0204 -0.0261 -0.9995
-6.113 9.444 -10.150 0.0204 -0.0261 -0.9995
-5.599 9.757 -10.150 0.0204 -0.0261 -0.9995
-5.070 10.043 -10.150 0.0204 -0.0261 -0.9995
-4.525 10.300 -10.150 0.0204 -0.0261 -0.9995
-0.571 0.881 -9.812 -0.0204 0.0261 0.9995
-0.523 0.911 -9.812 -0.0204 0.0261 0.9995
-0.473 0.937 -9.812 -0.0204 0.0261 0.9995
-0.422 0.961 -9.812 -0.0204 0.0261 0.9995
-6.113 9.444 -10.150 -0.0204 0.0261 0.9995
-5.599 9.757 -10.150 -0.0204 0.0261 0.9995
-5.070 10.043 -10.150 -0.0204 0.0261 0.9995
-4.525 10.300 -10.150 -0.0204 0.0261 0.9995
-6.113 9.444 -10.150 -0.4743 0.8803 0.0000
-5.599 9.757 -10.150 -0.4743 0.8803 0.0000
-5.070 10.043 -10.150 -0.4743 0.8803 0.0000
-4.525 10.300 -10.150 -0.4743 0.8803 0.0000
-6.113 9.444 -9.900 -0.4743 0.8803 0.0000
-5.599 9.757 -9.900 -0.4743 0.8803 0.0000
-5.070 10.043 -9.900 -0.4743 0.8803 0.0000
-4.525 10.300 -9.900 -0.4743 0.8803 0.0000
-6.113 9.444 -10.150 0.4743 -0.8803 -0.0000
-5.599 9.757 -10.150 0.4743 -0.8803 -0.0000
-5.070 10.043 -10.150 0.4743 -0.8803 -0.0000
-4.525 10.300 -10.150 0.4743 -0.8803 -0.0000
-6.113 9.444 -9.900 0.4743 -0.8803 -0.0000
-5.599 9.757 -9.900 0.4743 -0.8803 -0.0000
-5.070 10.043 -9.900 0.4743 -0.8803 -0.0000
-4.525 10.300 -9.900 0.4743 -0.8803 -0.0000
-0.571 0.881 -9.812 0.4743 -0.8803 -0.0000
-0.523 0.911 -9.812 0.4743 -0.8803 -0.0000
-0.473 0.937 -9.812 0.4743 -0.8803 -0.0000
-0.422 0.961 -9.812 0.4743 -0.8803 -0.0000
-0.571 0.881 -9.562 0.4743 -0.8803 -0.0000
-0.523 0.911 -9.562 0.4743 -0.8803 -0.0000
-0.473 0.937 -9.562 0.4743 -0.8803 -0.0000
-0.422 0.961 -9.562 0.4743 -0.8803 -0.0000
-0.571 0.881 -9.812 -0.4743 0.8803 0.0000
-0.523 0.911 -9.812 -0.4743 0.8803 0.0000
-0.473 0.937 -9.812 -0.4743 0.8803 0.0000
-0.422 0.961 -9.812 -0.4743 0.8803 0.0000
-0.571 0.881 -9.562 -0.4743 0.8803 0.0000
-0.523 0.911 -9.562 -0.4743 0.8803 0.0000
-0.473 0.937 -9.562 -0.4743 0.8803 0.0000
-0.422 0.961 -9.562 -0.4743 0.8803 0.0000
-6.113 9.444 -9.900 -0.4743 0.8803 0.0000
-5.599 9.757 -9.900 -0.4743 0.8803 0.0000
-5.070 10.043 -9.900 -0.4743 0.8803 0.0000
-4.525 10.300 -9.900 -0.4743 0.8803 0.0000
-6.113 9.444 -9.200 -0.4743 0.8803 0.0000
-5.599 9.757 -9.200 -0.4743 0.8803 0.0000
-5.070 10.043 -9.200 -0.4743 0.8803 0.0000
-4.525 10.300 -9.200 -0.4743 0.8803 0.0000
-6.113 9.444 -9.900 0.4743 -0.8803 -0.0000
-5.599 9.757 -9.900 0.4743 -0.8803 -0.0000
-5.070 10.043 -9.900 0.4743 -0.8803 -0.0000
-4.525 10.300 -9.900 0.4743 -0.8803 -0.0000
-6.113 9.444 -9.200 0.4743 -0.8803 -0.0000
-5.599 9.757 -9.200 0.4743 -0.8803 -0.0000
-5.070 10.043 -9.200 0.4743 -0.8803 -0.0000
-4.525 10.300 -9.200 0.4743 -0.8803 -0.0000
-6.113 9.444 -9.200 -0.0000 -0.0000 1.0000
-5.599 9.757 -9.200 -0.0000 -0.0000 1.0000
-5.070 10.043 -9.200 -0.0000 -0.0000 1.0000
-4.525 10.300 -9.200 -0.0000 -0.0000 1.0000
-5.923 9.150 -9.188 -0.0000 -0.0000 1.0000
-5.425 9.454 -9.188 -0.0000 -0.0000 1.0000
-4.912 9.731 -9.188 -0.0000 -0.0000 1.0000
-4.384 9.979 -9.188 -0.0000 -0.0000 1.0000
-6.113 9.444 -9.200 0.0000 0.0000 -1.0000
-5.599 9.757 -9.200 0.0000 0.0000 -1.0000
-5.070 10.043 -9.200 0.0000 0.0000 -1.0000
-4.525 10.300 -9.200 0.0000 0.0000 -1.0000
-5.923 9.150 -9.188 0.0000 0.0000 -1.0000
-5.425 9.454 -9.188 0.0000 0.0000 -1.0000
-4.912 9.731 -9.188 0.0000 0.0000 -1.0000
-4.384 9.979 -9.188 0.0000 0.0000 -1.0000
-0.422 0.961 -9.812 0.9155 0.4022 0.0000
-4.525 10.300 -10.150 0.9155 0.4022 0.0000
-0.422 0.961 -9.562 0.9155 0.4022 0.0000
-4.525 10.300 -9.900 0.9155 0.4022 0.0000
-0.422 0.961 -9.812 -0.9155 -0.4022 -0.0000
-4.525 10.300 -10.150 -0.9155 -0.4022 -0.0000
-0.422 0.961 -9.562 -0.9155 -0.4022 -0.0000
-4.525 10.300 -9.900 -0.9155 -0.4022 -0.0000
0 1 5
0 5 4
8 13 9
8 12 13
1 2 6
1 6 5
9 14 10
9 13 14
2 3 7
2 7 6
10 15 11
10 14 15
16 21 17
16 20 21
24 25 29
24 29 28
17 22 18
17 21 22
25 26 30
25 30 29
18 23 19
18 22 23
26 27 31
26 31 30
32 37 33
32 36 37
40 41 45
40 45 44
33 38 34
33 37 38
41 42 46
41 46 45
34 39 35
34 38 39
42 43 47
42 47 46
48 49 53
48 53 52
56 61 57
56 60 61
49 50 54
49 54 53
57 62 58
57 61 62
50 51 55
50 55 54
58 63 59
58 62 63
64 69 65
64 68 69
72 73 77
72 77 76
65 70 66
65 69 70
73 74 78
73 78 77
66 71 67
66 70 71
74 75 79
74 79 78
80 85 81
80 84 85
88 89 93
88 93 92
81 86 82
81 85 86
89 90 94
89 94 93
82 87 83
82 86 87
90 91 95
90 95 94
96 97 99
96 99 98
100 103 101
100 102 103
LABEL sfoot0_strut_5
MATERIAL 9
TEXTURE 0
GEOM 50 48 ;sfoot0_strut_5
-0.356 0.906 -6.005 0.7046 0.0000 -0.7096
-0.523 0.721 -6.076 0.3718 -0.3703 -0.8512
-0.739 0.585 -6.032 -0.0606 -0.6414 -0.7648
-0.947 0.536 -5.887 -0.4768 -0.7406 -0.4734
-1.091 0.585 -5.678 -0.7652 -0.6414 -0.0552
-1.133 0.721 -5.461 -0.8486 -0.3703 0.3778
-1.061 0.906 -5.295 -0.7046 -0.0000 0.7096
-0.894 1.091 -5.224 -0.3718 0.3703 0.8512
-0.678 1.227 -5.268 0.0606 0.6414 0.7648
-0.470 1.276 -5.413 0.4768 0.7406 0.4734
-0.326 1.227 -5.622 0.7652 0.6414 0.0552
-0.284 1.091 -5.839 0.8486 0.3703 -0.3778
-2.517 3.669 -8.151 0.7046 0.0000 -0.7096
-2.684 3.484 -8.221 0.3718 -0.3703 -0.8512
-2.900 3.348 -8.178 -0.0606 -0.6414 -0.7648
-3.108 3.298 -8.033 -0.4768 -0.7406 -0.4734
-3.252 3.348 -7.823 -0.7652 -0.6414 -0.0552
-3.294 3.484 -7.607 -0.8486 -0.3703 0.3778
-3.222 3.669 -7.441 -0.7046 -0.0000 0.7096
-3.055 3.854 -7.370 -0.3718 0.3703 0.8512
-2.839 3.989 -7.413 0.0606 0.6414 0.7648
-2.631 4.039 -7.559 0.4768 0.7406 0.4734
-2.487 3.989 -7.768 0.7652 0.6414 0.0552
-2.445 3.854 -7.985 0.8486 0.3703 -0.3778
-0.708 0.906 -5.650 0.5255 -0.6719 0.5219
-0.356 0.906 -6.005 0.5255 -0.6719 0.5219
-0.523 0.721 -6.076 0.5255 -0.6719 0.5219
-0.739 0.585 -6.032 0.5255 -0.6719 0.5219
-0.947 0.536 -5.887 0.5255 -0.6719 0.5219
-1.091 0.585 -5.678 0.5255 -0.6719 0.5219
-1.133 0.721 -5.461 0.5255 -0.6719 0.5219
-1.061 0.906 -5.295 0.5255 -0.6719 0.5219
-0.894 1.091 -5.224 0.5255 -0.6719 0.5219
-0.678 1.227 -5.268 0.5255 -0.6719 0.5219
-0.470 1.276 -5.413 0.5255 -0.6719 0.5219
-0.326 1.227 -5.622 0.5255 -0.6719 0.5219
-0.284 1.091 -5.839 0.5255 -0.6719 0.5219
-2.869 3.669 -7.796 -0.5255 0.6719 -0.5219
-2.517 3.669 -8.151 -0.5255 0.6719 -0.5219
-2.684 3.484 -8.221 -0.5255 0.6719 -0.5219
-2.900 3.348 -8.178 -0.5255 0.6719 -0.5219
-3.108 3.298 -8.033 -0.5255 0.6719 -0.5219
-3.252 3.348 -7.823 -0.5255 0.6719 -0.5219
-3.294 3.484 -7.607 -0.5255 0.6719 -0.5219
-3.222 3.669 -7.441 -0.5255 0.6719 -0.5219
-3.055 3.854 -7.370 -0.5255 0.6719 -0.5219
-2.839 3.989 -7.413 -0.5255 0.6719 -0.5219
-2.631 4.039 -7.559 -0.5255 0.6719 -0.5219
-2.487 3.989 -7.768 -0.5255 0.6719 -0.5219
-2.445 3.854 -7.985 -0.5255 0.6719 -0.5219
0 1 13
0 13 12
1 2 14
1 14 13
2 3 15
2 15 14
3 4 16
3 16 15
4 5 17
4 17 16
5 6 18
5 18 17
6 7 19
6 19 18
7 8 20
7 20 19
8 9 21
8 21 20
9 10 22
9 22 21
10 11 23
10 23 22
11 0 12
11 12 23
24 26 25
24 27 26
24 28 27
24 29 28
24 30 29
24 31 30
24 32 31
24 33 32
24 34 33
24 35 34
24 36 35
24 25 36
37 38 39
37 39 40
37 40 41
37 41 42
37 42 43
37 43 44
37 44 45
37 45 46
37 46 47
37 47 48
37 48 49
37 49 38
LABEL sfoot0_rod_5
MATERIAL 7
TEXTURE 0
GEOM 42 40 ;sfoot0_rod_5
-2.378 3.266 -7.660 0.7046 0.0000 -0.7096
-2.482 3.157 -7.696 0.2898 -0.4353 -0.8523
-2.613 3.089 -7.650 -0.2357 -0.7044 -0.6695
-2.722 3.089 -7.540 -0.6712 -0.7044 -0.2310
-2.767 3.157 -7.409 -0.8503 -0.4353 0.2958
-2.730 3.266 -7.305 -0.7046 -0.0000 0.7096
-2.627 3.374 -7.270 -0.2898 0.4353 0.8523
-2.495 3.442 -7.315 0.2357 0.7044 0.6695
-2.386 3.442 -7.425 0.6712 0.7044 0.2310
-2.342 3.374 -7.557 0.8503 0.4353 -0.2958
-4.461 5.929 -9.729 0.7046 0.0000 -0.7096
-4.565 5.820 -9.765 0.2898 -0.4353 -0.8523
-4.696 5.753 -9.719 -0.2357 -0.7044 -0.6695
-4.805 5.753 -9.609 -0.6712 -0.7044 -0.2310
-4.850 5.820 -9.478 -0.8503 -0.4353 0.2958
-4.814 5.929 -9.374 -0.7046 -0.0000 0.7096
-4.710 6.038 -9.338 -0.2898 0.4353 0.8523
-4.579 6.105 -9.384 0.2357 0.7044 0.6695
-4.470 6.105 -9.494 0.6712 0.7044 0.2310
-4.425 6.038 -9.625 0.8503 0.4353 -0.2958
-2.554 3.266 -7.483 0.5255 -0.6719 0.5219
-2.378 3.266 -7.660 0.5255 -0.6719 0.5219
-2.482 3.157 -7.696 0.5255 -0.6719 0.5219
-2.613 3.089 -7.650 0.5255 -0.6719 0.5219
-2.722 3.089 -7.540 0.5255 -0.6719 0.5219
-2.767 3.157 -7.409 0.5255 -0.6719 0.5219
-2.730 3.266 -7.305 0.5255 -0.6719 0.5219
-2.627 3.374 -7.270 0.5255 -0.6719 0.5219
-2.495 3.442 -7.315 0.5255 -0.6719 0.5219
-2.386 3.442 -7.425 0.5255 -0.6719 0.5219
-2.342 3.374 -7.557 0.5255 -0.6719 0.5219
-4.637 5.929 -9.551 -0.5255 0.6719 -0.5219
-4.461 5.929 -9.729 -0.5255 0.6719 -0.5219
-4.565 5.820 -9.765 -0.5255 0.6719 -0.5219
-4.696 5.753 -9.719 -0.5255 0.6719 -0.5219
-4.805 5.753 -9.609 -0.5255 0.6719 -0.5219
-4.850 5.820 -9.478 -0.5255 0.6719 -0.5219
-4.814 5.929 -9.374 -0.5255 0.6719 -0.5219
-4.710 6.038 -9.338 -0.5255 0.6719 -0.5219
-4.579 6.105 -9.384 -0.5255 0.6719 -0.5219
-4.470 6.105 -9.494 -0.5255 0.6719 -0.5219
-4.425 6.038 -9.625 -0.5255 0.6719 -0.5219
0 1 11
0 11 10
1 2 12
1 12 11
2 3 13
2 13 12
3 4 14
3 14 13
4 5 15
4 15 14
5 6 16
5 16 15
6 7 17
6 17 16
7 8 18
7 18 17
8 9 19
8 19 18
9 0 10
9 10 19
20 22 21
20 23 22
20 24 23
20 25 24
20 26 25
20 27 26
20 28 27
20 29 28
20 30 29
20 21 30
31 32 33
31 33 34
31 34 35
31 35 36
31 36 37
31 37 38
31 38 39
31 39 40
31 40 41
31 41 32
LABEL sfoot0_skirt_5_0
MATERIAL 7
TEXTURE 0
GEOM 16 12 ;sfoot0_skirt_5_0
-8.906 6.873 -11.050 -0.7401 0.6724 -0.0000
-8.526 7.340 -11.050 -0.7401 0.6724 -0.0000
-8.121 7.785 -11.050 -0.7401 0.6724 -0.0000
-7.693 8.208 -11.050 -0.7401 0.6724 -0.0000
-8.906 6.873 -10.150 -0.7401 0.6724 -0.0000
-8.526 7.340 -10.150 -0.7401 0.6724 -0.0000
-8.121 7.785 -10.150 -0.7401 0.6724 -0.0000
-7.693 8.208 -10.150 -0.7401 0.6724 -0.0000
-8.906 6.873 -11.050 0.7401 -0.6724 0.0000
-8.526 7.340 -11.050 0.7401 -0.6724 0.0000
-8.121 7.785 -11.050 0.7401 -0.6724 0.0000
-7.693 8.208 -11.050 0.7401 -0.6724 0.0000
-8.906 6.873 -10.150 0.7401 -0.6724 0.0000
-8.526 7.340 -10.150 0.7401 -0.6724 0.0000
-8.121 7.785 -10.150 0.7401 -0.6724 0.0000
-7.693 8.208 -10.150 0.7401 -0.6724 0.0000
0 5 1
0 4 5
8 9 13
8 13 12
1 6 2
1 5 6
9 10 14
9 14 13
2 7 3
2 6 7
10 11 15
10 15 14
LABEL sfoot0_skirt_5_1
MATERIAL 7
TEXTURE 0
GEOM 16 12 ;sfoot0_skirt_5_1
-7.660 8.239 -11.050 -0.6161 0.7877 -0.0000
-7.180 8.661 -11.050 -0.6161 0.7877 -0.0000
-6.676 9.055 -11.050 -0.6161 0.7877 -0.0000
-6.151 9.419 -11.050 -0.6161 0.7877 -0.0000
-7.660 8.239 -10.150 -0.6161 0.7877 -0.0000
-7.180 8.661 -10.150 -0.6161 0.7877 -0.0000
-6.676 9.055 -10.150 -0.6161 0.7877 -0.0000
-6.151 9.419 -10.150 -0.6161 0.7877 -0.0000
-7.660 8.239 -11.050 0.6161 -0.7877 0.0000
-7.180 8.661 -11.050 0.6161 -0.7877 0.0000
-6.676 9.055 -11.050 0.6161 -0.7877 0.0000
-6.151 9.419 -11.050 0.6161 -0.7877 0.0000
-7.660 8.239 -10.150 0.6161 -0.7877 0.0000
-7.180 8.661 -10.150 0.6161 -0.7877 0.0000
-6.676 9.055 -10.150 0.6161 -0.7877 0.0000
-6.151 9.419 -10.150 0.6161 -0.7877 0.0000
0 5 1
0 4 5
8 9 13
8 13 12
1 6 2
1 5 6
9 10 14
9 14 13
2 7 3
2 6 7
10 11 15
10 15 14
LABEL sfoot0_skirt_5_2
MATERIAL 7
TEXTURE 0
GEOM 16 12 ;sfoot0_skirt_5_2
-6.113 9.444 -11.050 -0.4743 0.8803 0.0000
-5.599 9.757 -11.050 -0.4743 0.8803 0.0000
-5.070 10.043 -11.050 -0.4743 0.8803 0.0000
-4.525 10.300 -11.050 -0.4743 0.8803 0.0000
-6.113 9.444 -10.150 -0.4743 0.8803 0.0000
-5.599 9.757 -10.150 -0.4743 0.8803 0.0000
-5.070 10.043 -10.150 -0.4743 0.8803 0.0000
-4.525 10.300 -10.150 -0.4743 0.8803 0.0000
-6.113 9.444 -11.050 0.4743 -0.8803 -0.0000
-5.599 9.757 -11.050 0.4743 -0.8803 -0.0000
-5.070 10.043 -11.050 0.4743 -0.8803 -0.0000
-4.525 10.300 -11.050 0.4743 -0.8803 -0.0000
-6.113 9.444 -10.150 0.4743 -0.8803 -0.0000
-5.599 9.757 -10.150 0.4743 -0.8803 -0.0000
-5.070 10.043 -10.150 0.4743 -0.8803 -0.0000
-4.525 10.300 -10.150 0.4743 -0.8803 -0.0000
0 5 1
0 4 5
8 9 13
8 13 12
1 6 2
1 5 6
9 10 14
9 14 13
2 7 3
2 6 7
10 11 15
10 15 14
LABEL sfoot0_petal_6
MATERIAL 7
TEXTURE 0
GEOM 66 52 ;sfoot0_petal_6
-0.473 0.850 -9.557 0.1396 -0.9896 0.0332
0.220 0.948 -9.557 0.1396 -0.9896 0.0332
0.218 0.963 -9.107 0.1396 -0.9896 0.0332
-0.476 0.865 -9.107 0.1396 -0.9896 0.0332
-1.863 10.703 -9.887 -0.1396 0.9896 -0.0332
-1.170 10.801 -9.887 -0.1396 0.9896 -0.0332
-1.172 10.815 -9.437 -0.1396 0.9896 -0.0332
-1.866 10.718 -9.437 -0.1396 0.9896 -0.0332
-0.473 0.850 -9.557 -0.9902 -0.1397 -0.0000
-1.863 10.703 -9.887 -0.9902 -0.1397 -0.0000
-1.866 10.718 -9.437 -0.9902 -0.1397 -0.0000
-0.476 0.865 -9.107 -0.9902 -0.1397 -0.0000
0.220 0.948 -9.557 0.9902 0.1397 0.0000
-1.170 10.801 -9.887 0.9902 0.1397 0.0000
-1.172 10.815 -9.437 0.9902 0.1397 0.0000
0.218 0.963 -9.107 0.9902 0.1397 0.0000
-0.473 0.850 -9.557 0.0046 -0.0328 -0.9995
-1.863 10.703 -9.887 0.0046 -0.0328 -0.9995
-1.170 10.801 -9.887 0.0046 -0.0328 -0.9995
0.220 0.948 -9.557 0.0046 -0.0328 -0.9995
-0.476 0.865 -9.107 -0.0046 0.0328 0.9995
-1.866 10.718 -9.437 -0.0046 0.0328 0.9995
-1.172 10.815 -9.437 -0.0046 0.0328 0.9995
0.218 0.963 -9.107 -0.0046 0.0328 0.9995
-0.543 0.630 -9.300 0.0000 0.0000 1.0000
-0.519 0.456 -9.357 0.0821 -0.5820 0.8090
-0.504 0.348 -9.507 0.1329 -0.9417 0.3090
-0.504 0.348 -9.693 0.1329 -0.9417 -0.3090
-0.519 0.456 -9.843 0.0821 -0.5820 -0.8090
-0.543 0.630 -9.900 0.0000 -0.0000 -1.0000
-0.568 0.805 -9.843 -0.0821 0.5820 -0.8090
-0.583 0.913 -9.693 -0.1329 0.9417 -0.3090
-0.583 0.913 -9.507 -0.1329 0.9417 0.3090
-0.568 0.805 -9.357 -0.0821 0.5820 0.8090
0.348 0.756 -9.300 0.0000 0.0000 1.0000
0.372 0.581 -9.357 0.0821 -0.5820 0.8090
0.388 0.473 -9.507 0.1329 -0.9417 0.3090
0.388 0.473 -9.693 0.1329 -0.9417 -0.3090
0.372 0.581 -9.843 0.0821 -0.5820 -0.8090
0.348 0.756 -9.900 0.0000 -0.0000 -1.0000
0.323 0.931 -9.843 -0.0821 0.5820 -0.8090
0.308 1.039 -9.693 -0.1329 0.9417 -0.3090
0.308 1.039 -9.507 -0.1329 0.9417 0.3090
0.323 0.931 -9.357 -0.0821 0.5820 0.8090
-0.543 0.630 -9.600 -0.9902 -0.1397 -0.0000
-0.543 0.630 -9.300 -0.9902 -0.1397 -0.0000
-0.519 0.456 -9.357 -0.9902 -0.1397 -0.0000
-0.504 0.348 -9.507 -0.9902 -0.1397 -0.0000
-0.504 0.348 -9.693 -0.9902 -0.1397 -0.0000
-0.519 0.456 -9.843 -0.9902 -0.1397 -0.0000
-0.543 0.630 -9.900 -0.9902 -0.1397 -0.0000
-0.568 0.805 -9.843 -0.9902 -0.1397 -0.0000
-0.583 0.913 -9.693 -0.9902 -0.1397 -0.0000
-0.583 0.913 -9.507 -0.9902 -0.1397 -0.0000
-0.568 0.805 -9.357 -0.9902 -0.1397 -0.0000
0.348 0.756 -9.600 0.9902 0.1397 0.0000
0.348 0.756 -9.300 0.9902 0.1397 0.0000
0.372 0.581 -9.357 0.9902 0.1397 0.0000
0.388 0.473 -9.507 0.9902 0.1397 0.0000
0.388 0.473 -9.693 0.9902 0.1397 0.0000
0.372 0.581 -9.843 0.9902 0.1397 0.0000
0.348 0.756 -9.900 0.9902 0.1397 0.0000
0.323 0.931 -9.843 0.9902 0.1397 0.0000
0.308 1.039 -9.693 0.9902 0.1397 0.0000
0.308 1.039 -9.507 0.9902 0.1397 0.0000
0.323 0.931 -9.357 0.9902 0.1397 0.0000
0 1 2
0 2 3
4 6 5
4 7 6
8 10 9
8 11 10
12 13 14
12 14 15
16 17 18
16 18 19
20 22 21
20 23 22
24 25 35
24 35 34
25 26 36
25 36 35
26 27 37
26 37 36
27 28 38
27 38 37
28 29 39
28 39 38
29 30 40
29 40 39
30 31 41
30 41 40
31 32 42
31 42 41
32 33 43
32 43 42
33 24 34
33 34 43
44 46 45
44 47 46
44 48 47
44 49 48
44 50 49
44 51 50
44 52 51
44 53 52
44 54 53
44 45 54
55 56 57
55 57 58
55 58 59
55 59 60
55 60 61
55 61 62
55 62 63
55 63 64
55 64 65
55 65 56
LABEL sfoot0_slat_6_0
MATERIAL 7
TEXTURE 0
GEOM 104 76 ;sfoot0_slat_6_0
-0.399 0.971 -9.562 -0.0046 0.0328 0.9995
-0.347 0.991 -9.562 -0.0046 0.0328 0.9995
-0.293 1.008 -9.562 -0.0046 0.0328 0.9995
-0.239 1.022 -9.562 -0.0046 0.0328 0.9995
-4.277 10.405 -9.900 -0.0046 0.0328 0.9995
-3.714 10.619 -9.900 -0.0046 0.0328 0.9995
-3.141 10.803 -9.900 -0.0046 0.0328 0.9995
-2.558 10.955 -9.900 -0.0046 0.0328 0.9995
-0.399 0.971 -9.562 0.0046 -0.0328 -0.9995
-0.347 0.991 -9.562 0.0046 -0.0328 -0.9995
-0.293 1.008 -9.562 0.0046 -0.0328 -0.9995
-0.239 1.022 -9.562 0.0046 -0.0328 -0.9995
-4.277 10.405 -9.900 0.0046 -0.0328 -0.9995
-3.714 10.619 -9.900 0.0046 -0.0328 -0.9995
-3.141 10.803 -9.900 0.0046 -0.0328 -0.9995
-2.558 10.955 -9.900 0.0046 -0.0328 -0.9995
-0.399 0.971 -9.812 0.0046 -0.0328 -0.9995
-0.347 0.991 -9.812 0.0046 -0.0328 -0.9995
-0.293 1.008 -9.812 0.0046 -0.0328 -0.9995
-0.239 1.022 -9.812 0.0046 -0.0328 -0.9995
-4.277 10.405 -10.150 0.0046 -0.0328 -0.9995
-3.714 10.619 -10.150 0.0046 -0.0328 -0.9995
-3.141 10.803 -10.150 0.0046 -0.0328 -0.9995
-2.558 10.955 -10.150 0.0046 -0.0328 -0.9995
-0.399 0.971 -9.812 -0.0046 0.0328 0.9995
-0.347 0.991 -9.812 -0.0046 0.0328 0.9995
-0.293 1.008 -9.812 -0.0046 0.0328 0.9995
-0.239 1.022 -9.812 -0.0046 0.0328 0.9995
-4.277 10.405 -10.150 -0.0046 0.0328 0.9995
-3.714 10.619 -10.150 -0.0046 0.0328 0.9995
-3.141 10.803 -10.150 -0.0046 0.0328 0.9995
-2.558 10.955 -10.150 -0.0046 0.0328 0.9995
-4.277 10.405 -10.150 -0.3048 0.9524 0.0000
-3.714 10.619 -10.150 -0.3048 0.9524 0.0000
-3.141 10.803 -10.150 -0.3048 0.9524 0.0000
-2.558 10.955 -10.150 -0.3048 0.9524 0.0000
-4.277 10.405 -9.900 -0.3048 0.9524 0.0000
-3.714 10.619 -9.900 -0.3048 0.9524 0.0000
-3.141 10.803 -9.900 -0.3048 0.9524 0.0000
-2.558 10.955 -9.900 -0.3048 0.9524 0.0000
-4.277 10.405 -10.150 0.3048 -0.9524 -0.0000
-3.714 10.619 -10.150 0.3048 -0.9524 -0.0000
-3.141 10.803 -10.150 0.3048 -0.9524 -0.0000
-2.558 10.955 -10.150 0.3048 -0.9524 -0.0000
-4.277 10.405 -9.900 0.3048 -0.9524 -0.0000
-3.714 10.619 -9.900 0.3048 -0.9524 -0.0000
-3.141 10.803 -9.900 0.3048 -0.9524 -0.0000
-2.558 10.955 -9.900 0.3048 -0.9524 -0.0000
-0.399 0.971 -9.812 0.3048 -0.9524 -0.0000
-0.347 0.991 -9.812 0.3048 -0.9524 -0.0000
-0.293 1.008 -9.812 0.3048 -0.9524 -0.0000
-0.239 1.022 -9.812 0.3048 -0.9524 -0.0000
-0.399 0.971 -9.562 0.3048 -0.9524 -0.0000
-0.347 0.991 -9.562 0.3048 -0.9524 -0.0000
-0.293 1.008 -9.562 0.3048 -0.9524 -0.0000
-0.239 1.022 -9.562 0.3048 -0.9524 -0.0000
-0.399 0.971 -9.812 -0.3048 0.9524 0.0000
-0.347 0.991 -9.812 -0.3048 0.9524 0.0000
-0.293 1.008 -9.812 -0.3048 0.9524 0.0000
-0.239 1.022 -9.812 -0.3048 0.9524 0.0000
-0.399 0.971 -9.562 -0.3048 0.9524 0.0000
-0.347 0.991 -9.562 -0.3048 0.9524 0.0000
-0.293 1.008 -9.562 -0.3048 0.9524 0.0000
-0.239 1.022 -9.562 -0.3048 0.9524 0.0000
-4.277 10.405 -9.900 -0.3048 0.9524 0.0000
-3.714 10.619 -9.900 -0.3048 0.9524 0.0000
-3.141 10.803 -9.900 -0.3048 0.9524 0.0000
-2.558 10.955 -9.900 -0.3048 0.9524 0.0000
-4.277 10.405 -9.200 -0.3048 0.9524 0.0000
-3.714 10.619 -9.200 -0.3048 0.9524 0.0000
-3.141 10.803 -9.200 -0.3048 0.9524 0.0000
-2.558 10.955 -9.200 -0.3048 0.9524 0.0000
-4.277 10.405 -9.900 0.3048 -0.9524 -0.0000
-3.714 10.619 -9.900 0.3048 -0.9524 -0.0000
-3.141 10.803 -9.900 0.3048 -0.9524 -0.0000
-2.558 10.955 -9.900 0.3048 -0.9524 -0.0000
-4.277 10.405 -9.200 0.3048 -0.9524 -0.0000
-3.714 10.619 -9.200 0.3048 -0.9524 -0.0000
-3.141 10.803 -9.200 0.3048 -0.9524 -0.0000
-2.558 10.955 -9.200 0.3048 -0.9524 -0.0000
-4.277 10.405 -9.200 -0.0000 -0.0000 1.0000
-3.714 10.619 -9.200 -0.0000 -0.0000 1.0000
-3.141 10.803 -9.200 -0.0000 -0.0000 1.0000
-2.558 10.955 -9.200 -0.0000 -0.0000 1.0000
-4.144 10.082 -9.188 -0.0000 -0.0000 1.0000
-3.598 10.289 -9.188 -0.0000 -0.0000 1.0000
-3.043 10.467 -9.188 -0.0000 -0.0000 1.0000
-2.479 10.614 -9.188 -0.0000 -0.0000 1.0000
-4.277 10.405 -9.200 0.0000 0.0000 -1.0000
-3.714 10.619 -9.200 0.0000 0.0000 -1.0000
-3.141 10.803 -9.200 0.0000 0.0000 -1.0000
-2.558 10.955 -9.200 0.0000 0.0000 -1.0000
-4.144 10.082 -9.188 0.0000 0.0000 -1.0000
-3.598 10.289 -9.188 0.0000 0.0000 -1.0000
-3.043 10.467 -9.188 0.0000 0.0000 -1.0000
-2.479 10.614 -9.188 0.0000 0.0000 -1.0000
-0.399 0.971 -9.812 0.9249 0.3801 0.0000
-4.277 10.405 -10.150 0.9249 0.3801 0.0000
-0.399 0.971 -9.562 0.9249 0.3801 0.0000
-4.277 10.405 -9.900 0.9249 0.3801 0.0000
-0.399 0.971 -9.812 -0.9249 -0.3801 -0.0000
-4.277 10.405 -10.150 -0.9249 -0.3801 -0.0000
-0.399 0.971 -9.562 -0.9249 -0.3801 -0.0000
-4.277 10.405 -9.900 -0.9249 -0.3801 -0.0000
0 1 5
0 5 4
8 13 9
8 12 13
1 2 6
1 6 5
9 14 10
9 13 14
2 3 7
2 7 6
10 15 11
10 14 15
16 21 17
16 20 21
24 25 29
24 29 28
17 22 18
17 21 22
25 26 30
25 30 29
18 23 19
18 22 23
26 27 31
26 31 30
32 37 33
32 36 37
40 41 45
40 45 44
33 38 34
33 37 38
41 42 46
41 46 45
34 39 35
34 38 39
42 43 47
42 47 46
48 49 53
48 53 52
56 61 57
56 60 61
49 50 54
49 54 53
57 62 58
57 61 62
50 51 55
50 55 54
58 63 59
58 62 63
64 69 65
64 68 69
72 73 77
72 77 76
65 70 66
65 69 70
73 74 78
73 78 77
66 71 67
66 70 71
74 75 79
74 79 78
80 85 81
80 84 85
88 89 93
88 93 92
81 86 82
81 85 86
89 90 94
89 94 93
82 87 83
82 86 87
90 91 95
90 95 94
96 97 99
96 99 98
100 103 101
100 102 103
LABEL sfoot0_slat_6_1
MATERIAL 7
TEXTURE 0
GEOM 96 72 ;sfoot0_slat_6_1
-0.235 1.023 -9.562 -0.0046 0.0328 0.9995
-0.176 1.035 -9.562 -0.0046 0.0328 0.9995
-0.117 1.043 -9.562 -0.0046 0.0328 0.9995
-0.058 1.048 -9.562 -0.0046 0.0328 0.9995
-2.515 10.965 -9.900 -0.0046 0.0328 0.9995
-1.888 11.091 -9.900 -0.0046 0.0328 0.9995
-1.254 11.180 -9.900 -0.0046 0.0328 0.9995
-0.617 11.233 -9.900 -0.0046 0.0328 0.9995
-0.235 1.023 -9.562 0.0046 -0.0328 -0.9995
-0.176 1.035 -9.562 0.0046 -0.0328 -0.9995
-0.117 1.043 -9.562 0.0046 -0.0328 -0.9995
-0.058 1.048 -9.562 0.0046 -0.0328 -0.9995
-2.515 10.965 -9.900 0.0046 -0.0328 -0.9995
-1.888 11.091 -9.900 0.0046 -0.0328 -0.9995
-1.254 11.180 -9.900 0.0046 -0.0328 -0.9995
-0.617 11.233 -9.900 0.0046 -0.0328 -0.9995
-0.235 1.023 -9.812 0.0046 -0.0328 -0.9995
-0.176 1.035 -9.812 0.0046 -0.0328 -0.9995
-0.117 1.043 -9.812 0.0046 -0.0328 -0.9995
-0.058 1.048 -9.812 0.0046 -0.0328 -0.9995
-2.515 10.965 -10.150 0.0046 -0.0328 -0.9995
-1.888 11.091 -10.150 0.0046 -0.0328 -0.9995
-1.254 11.180 -10.150 0.0046 -0.0328 -0.9995
-0.617 11.233 -10.150 0.0046 -0.0328 -0.9995
-0.235 1.023 -9.812 -0.0046 0.0328 0.9995
-0.176 1.035 -9.812 -0.0046 0.0328 0.9995
-0.117 1.043 -9.812 -0.0046 0.0328 0.9995
-0.058 1.048 -9.812 -0.0046 0.0328 0.9995
-2.515 10.965 -10.150 -0.0046 0.0328 0.9995
-1.888 11.091 -10.150 -0.0046 0.0328 0.9995
-1.254 11.180 -10.150 -0.0046 0.0328 0.9995
-0.617 11.233 -10.150 -0.0046 0.0328 0.9995
-2.515 10.965 -10.150 -0.1397 0.9902 0.0000
-1.888 11.091 -10.150 -0.1397 0.9902 0.0000
-1.254 11.180 -10.150 -0.1397 0.9902 0.0000
-0.617 11.233 -10.150 -0.1397 0.9902 0.0000
-2.515 10.965 -9.900 -0.1397 0.9902 0.0000
-1.888 11.091 -9.900 -0.1397 0.9902 0.0000
-1.254 11.180 -9.900 -0.1397 0.9902 0.0000
-0.617 11.233 -9.900 -0.1397 0.9902 0.0000
-2.515 10.965 -10.150 0.1397 -0.9902 -0.0000
-1.888 11.091 -10.150 0.1397 -0.9902 -0.0000
-1.254 11.180 -10.150 0.1397 -0.9902 -0.0000
-0.617 11.233 -10.150 0.1397 -0.9902 -0.0000
-2.515 10.965 -9.900 0.1397 -0.9902 -0.0000
-1.888 11.091 -9.900 0.1397 -0.9902 -0.0000
-1.254 11.180 -9.900 0.1397 -0.9902 -0.0000
-0.617 11.233 -9.900 0.1397 -0.9902 -0.0000
-0.235 1.023 -9.812 0.1397 -0.9902 -0.0000
-0.176 1.035 -9.812 0.1397 -0.9902 -0.0000
-0.117 1.043 -9.812 0.1397 -0.9902 -0.0000
-0.058 1.048 -9.812 0.1397 -0.9902 -0.0000
-0.235 1.023 -9.562 0.1397 -0.9902 -0.0000
-0.176 1.035 -9.562 0.1397 -0.9902 -0.0000
-0.117 1.043 -9.562 0.1397 -0.9902 -0.0000
-0.058 1.048 -9.562 0.1397 -0.9902 -0.0000
-0.235 1.023 -9.812 -0.1397 0.9902 0.0000
-0.176 1.035 -9.812 -0.1397 0.9902 0.0000
-0.117 1.043 -9.812 -0.1397 0.9902 0.0000
-0.058 1.048 -9.812 -0.1397 0.9902 0.0000
-0.235 1.023 -9.562 -0.1397 0.9902 0.0000
-0.176 1.035 -9.562 -0.1397 0.9902 0.0000
-0.117 1.043 -9.562 -0.1397 0.9902 0.0000
-0.058 1.048 -9.562 -0.1397 0.9902 0.0000
-2.515 10.965 -9.900 -0.1397 0.9902 0.0000
-1.888 11.091 -9.900 -0.1397 0.9902 0.0000
-1.254 11.180 -9.900 -0.1397 0.9902 0.0000
-0.617 11.233 -9.900 -0.1397 0.9902 0.0000
-2.515 10.965 -9.200 -0.1397 0.9902 0.0000
-1.888 11.091 -9.200 -0.1397 0.9902 0.0000
-1.254 11.180 -9.200 -0.1397 0.9902 0.0000
-0.617 11.233 -9.200 -0.1397 0.9902 0.0000
-2.515 10.965 -9.900 0.1397 -0.9902 -0.0000
-1.888 11.091 -9.900 0.1397 -0.9902 -0.0000
-1.254 11.180 -9.900 0.1397 -0.9902 -0.0000
-0.617 11.233 -9.900 0.1397 -0.9902 -0.0000
-2.515 10.965 -9.200 0.1397 -0.9902 -0.0000
-1.888 11.091 -9.200 0.1397 -0.9902 -0.0000
-1.254 11.180 -9.200 0.1397 -0.9902 -0.0000
-0.617 11.233 -9.200 0.1397 -0.9902 -0.0000
-2.515 10.965 -9.200 -0.0000 -0.0000 1.0000
-1.888 11.091 -9.200 -0.0000 -0.0000 1.0000
-1.254 11.180 -9.200 -0.0000 -0.0000 1.0000
-0.617 11.233 -9.200 -0.0000 -0.0000 1.0000
-2.436 10.624 -9.188 -0.0000 -0.0000 1.0000
-1.829 10.745 -9.188 -0.0000 -0.0000 1.0000
-1.215 10.832 -9.188 -0.0000 -0.0000 1.0000
-0.598 10.884 -9.188 -0.0000 -0.0000 1.0000
-2.515 10.965 -9.200 0.0000 0.0000 -1.0000
-1.888 11.091 -9.200 0.0000 0.0000 -1.0000
-1.254 11.180 -9.200 0.0000 0.0000 -1.0000
-0.617 11.233 -9.200 0.0000 0.0000 -1.0000
-2.436 10.624 -9.188 0.0000 0.0000 -1.0000
-1.829 10.745 -9.188 0.0000 0.0000 -1.0000
-1.215 10.832 -9.188 0.0000 0.0000 -1.0000
-0.598 10.884 -9.188 0.0000 0.0000 -1.0000
0 1 5
0 5 4
8 13 9
8 12 13
1 2 6
1 6 5
9 14 10
9 13 14
2 3 7
2 7 6
10 15 11
10 14 15
16 21 17
16 20 21
24 25 29
24 29 28
17 22 18
17 21 22
25 26 30
25 30 29
18 23 19
18 22 23
26 27 31
26 31 30
32 37 33
32 36 37
40 41 45
40 45 44
33 38 34
33 37 38
41 42 46
41 46 45
34 39 35
34 38 39
42 43 47
42 47 46
48 49 53
48 53 52
56 61 57
56 60 61
49 50 54
49 54 53
57 62 58
57 61 62
50 51 55
50 55 54
58 63 59
58 62 63
64 69 65
64 68 69
72 73 77
72 77 76
65 70 66
65 69 70
73 74 78
73 78 77
66 71 67
66 70 71
74 75 79
74 79 78
80 85 81
80 84 85
88 89 93
88 93 92
81 86 82
81 85 86
89 90 94
89 94 93
82 87 83
82 86 87
90 91 95
90 95 94
LABEL sfoot0_slat_6_2
MATERIAL 7
TEXTURE 0
GEOM 104 76 ;sfoot0_slat_6_2
-0.053 1.049 -9.562 -0.0046 0.0328 0.9995
0.003 1.050 -9.562 -0.0046 0.0328 0.9995
0.059 1.048 -9.562 -0.0046 0.0328 0.9995
0.115 1.044 -9.562 -0.0046 0.0328 0.9995
-0.572 11.235 -9.900 -0.0046 0.0328 0.9995
0.029 11.250 -9.900 -0.0046 0.0328 0.9995
0.631 11.232 -9.900 -0.0046 0.0328 0.9995
1.231 11.182 -9.900 -0.0046 0.0328 0.9995
-0.053 1.049 -9.562 0.0046 -0.0328 -0.9995
0.003 1.050 -9.562 0.0046 -0.0328 -0.9995
0.059 1.048 -9.562 0.0046 -0.0328 -0.9995
0.115 1.044 -9.562 0.0046 -0.0328 -0.9995
-0.572 11.235 -9.900 0.0046 -0.0328 -0.9995
0.029 11.250 -9.900 0.0046 -0.0328 -0.9995
0.631 11.232 -9.900 0.0046 -0.0328 -0.9995
1.231 11.182 -9.900 0.0046 -0.0328 -0.9995
-0.053 1.049 -9.812 0.0046 -0.0328 -0.9995
0.003 1.050 -9.812 0.0046 -0.0328 -0.9995
0.059 1.048 -9.812 0.0046 -0.0328 -0.9995
0.115 1.044 -9.812 0.0046 -0.0328 -0.9995
-0.572 11.235 -10.150 0.0046 -0.0328 -0.9995
0.029 11.250 -10.150 0.0046 -0.0328 -0.9995
0.631 11.232 -10.150 0.0046 -0.0328 -0.9995
1.231 11.182 -10.150 0.0046 -0.0328 -0.9995
-0.053 1.049 -9.812 -0.0046 0.0328 0.9995
0.003 1.050 -9.812 -0.0046 0.0328 0.9995
0.059 1.048 -9.812 -0.0046 0.0328 0.9995
0.115 1.044 -9.812 -0.0046 0.0328 0.9995
-0.572 11.235 -10.150 -0.0046 0.0328 0.9995
0.029 11.250 -10.150 -0.0046 0.0328 0.9995
0.631 11.232 -10.150 -0.0046 0.0328 0.9995
1.231 11.182 -10.150 -0.0046 0.0328 0.9995
-0.572 11.235 -10.150 0.0294 0.9996 0.0000
0.029 11.250 -10.150 0.0294 0.9996 0.0000
0.631 11.232 -10.150 0.0294 0.9996 0.0000
1.231 11.182 -10.150 0.0294 0.9996 0.0000
-0.572 11.235 -9.900 0.0294 0.9996 0.0000
0.029 11.250 -9.900 0.0294 0.9996 0.0000
0.631 11.232 -9.900 0.0294 0.9996 0.0000
1.231 11.182 -9.900 0.0294 0.9996 0.0000
-0.572 11.235 -10.150 -0.0294 -0.9996 -0.0000
0.029 11.250 -10.150 -0.0294 -0.9996 -0.0000
0.631 11.232 -10.150 -0.0294 -0.9996 -0.0000
1.231 11.182 -10.150 -0.0294 -0.9996 -0.0000
-0.572 11.235 -9.900 -0.0294 -0.9996 -0.0000
0.029 11.250 -9.900 -0.0294 -0.9996 -0.0000
0.631 11.232 -9.900 -0.0294 -0.9996 -0.0000
1.231 11.182 -9.900 -0.0294 -0.9996 -0.0000
-0.053 1.049 -9.812 -0.0294 -0.9996 -0.0000
0.003 1.050 -9.812 -0.0294 -0.9996 -0.0000
0.059 1.048 -9.812 -0.0294 -0.9996 -0.0000
0.115 1.044 -9.812 -0.0294 -0.9996 -0.0000
-0.053 1.049 -9.562 -0.0294 -0.9996 -0.0000
0.003 1.050 -9.562 -0.0294 -0.9996 -0.0000
0.059 1.048 -9.562 -0.0294 -0.9996 -0.0000
0.115 1.044 -9.562 -0.0294 -0.9996 -0.0000
-0.053 1.049 -9.812 0.0294 0.9996 0.0000
0.003 1.050 -9.812 0.0294 0.9996 0.0000
0.059 1.048 -9.812 0.0294 0.9996 0.0000
0.115 1.044 -9.812 0.0294 0.9996 0.0000
-0.053 1.049 -9.562 0.0294 0.9996 0.0000
0.003 1.050 -9.562 0.0294 0.9996 0.0000
0.059 1.048 -9.562 0.0294 0.9996 0.0000
0.115 1.044 -9.562 0.0294 0.9996 0.0000
-0.572 11.235 -9.900 0.0294 0.9996 0.0000
0.029 11.250 -9.900 0.0294 0.9996 0.0000
0.631 11.232 -9.900 0.0294 0.9996 0.0000
1.231 11.182 -9.900 0.0294 0.9996 0.0000
-0.572 11.235 -9.200 0.0294 0.9996 0.0000
0.029 11.250 -9.200 0.0294 0.9996 0.0000
0.631 11.232 -9.200 0.0294 0.9996 0.0000
1.231 11.182 -9.200 0.0294 0.9996 0.0000
-0.572 11.235 -9.900 -0.0294 -0.9996 -0.0000
0.029 11.250 -9.900 -0.0294 -0.9996 -0.0000
0.631 11.232 -9.900 -0.0294 -0.9996 -0.0000
1.231 11.182 -9.900 -0.0294 -0.9996 -0.0000
-0.572 11.235 -9.200 -0.0294 -0.9996 -0.0000
0.029 11.250 -9.200 -0.0294 -0.9996 -0.0000
0.631 11.232 -9.200 -0.0294 -0.9996 -0.0000
1.231 11.182 -9.200 -0.0294 -0.9996 -0.0000
-0.572 11.235 -9.200 -0.0000 -0.0000 1.0000
0.029 11.250 -9.200 -0.0000 -0.0000 1.0000
0.631 11.232 -9.200 -0.0000 -0.0000 1.0000
1.231 11.182 -9.200 -0.0000 -0.0000 1.0000
-0.554 10.886 -9.188 -0.0000 -0.0000 1.0000
0.029 10.900 -9.188 -0.0000 -0.0000 1.0000
0.611 10.883 -9.188 -0.0000 -0.0000 1.0000
1.193 10.835 -9.188 -0.0000 -0.0000 1.0000
-0.572 11.235 -9.200 0.0000 0.0000 -1.0000
0.029 11.250 -9.200 0.0000 0.0000 -1.0000
0.631 11.232 -9.200 0.0000 0.0000 -1.0000
1.231 11.182 -9.200 0.0000 0.0000 -1.0000
-0.554 10.886 -9.188 0.0000 0.0000 -1.0000
0.029 10.900 -9.188 0.0000 0.0000 -1.0000
0.611 10.883 -9.188 0.0000 0.0000 -1.0000
1.193 10.835 -9.188 0.0000 0.0000 -1.0000
0.115 1.044 -9.812 0.9940 -0.1094 0.0000
1.231 11.182 -10.150 0.9940 -0.1094 0.0000
0.115 1.044 -9.562 0.9940 -0.1094 0.0000
1.231 11.182 -9.900 0.9940 -0.1094 0.0000
0.115 1.044 -9.812 -0.9940 0.1094 -0.0000
1.231 11.182 -10.150 -0.9940 0.1094 -0.0000
0.115 1.044 -9.562 -0.9940 0.1094 -0.0000
1.231 11.182 -9.900 -0.9940 0.1094 -0.0000
0 1 5
0 5 4
8 13 9
8 12 13
1 2 6
1 6 5
9 14 10
9 13 14
2 3 7
2 7 6
10 15 11
10 14 15
16 21 17
16 20 21
24 25 29
24 29 28
17 22 18
17 21 22
25 26 30
25 30 29
18 23 19
18 22 23
26 27 31
26 31 30
32 37 33
32 36 37
40 41 45
40 45 44
33 38 34
33 37 38
41 42 46
41 46 45
34 39 35
34 38 39
42 43 47
42 47 46
48 49 53
48 53 52
56 61 57
56 60 61
49 50 54
49 54 53
57 62 58
57 61 62
50 51 55
50 55 54
58 63 59
58 62 63
64 69 65
64 68 69
72 73 77
72 77 76
65 70 66
65 69 70
73 74 78
73 78 77
66 71 67
66 70 71
74 75 79
74 79 78
80 85 81
80 84 85
88 89 93
88 93 92
81 86 82
81 85 86
89 90 94
89 94 93
82 87 83
82 86 87
90 91 95
90 95 94
96 97 99
96 99 98
100 103 101
100 102 103
LABEL sfoot0_strut_6
MATERIAL 9
TEXTURE 0
GEOM 50 48 ;sfoot0_strut_6
0.327 1.139 -5.761 0.9749 0.0000 -0.2226
0.214 1.005 -5.952 0.7503 -0.2676 -0.6045
0.002 0.907 -6.062 0.3246 -0.4636 -0.8245
-0.255 0.871 -6.062 -0.1880 -0.5353 -0.8235
-0.486 0.907 -5.951 -0.6503 -0.4636 -0.6018
-0.630 1.005 -5.759 -0.9383 -0.2676 -0.2189
-0.648 1.139 -5.539 -0.9749 -0.0000 0.2226
-0.536 1.273 -5.348 -0.7503 0.2676 0.6045
-0.323 1.371 -5.238 -0.3246 0.4636 0.8245
-0.067 1.406 -5.238 0.1880 0.5353 0.8235
0.164 1.371 -5.349 0.6503 0.4636 0.6018
0.309 1.273 -5.541 0.9383 0.2676 0.2189
-0.163 4.612 -7.907 0.9749 0.0000 -0.2226
-0.276 4.478 -8.098 0.7503 -0.2676 -0.6045
-0.488 4.380 -8.208 0.3246 -0.4636 -0.8245
-0.745 4.344 -8.208 -0.1880 -0.5353 -0.8235
-0.976 4.380 -8.097 -0.6503 -0.4636 -0.6018
-1.120 4.478 -7.905 -0.9383 -0.2676 -0.2189
-1.138 4.612 -7.685 -0.9749 -0.0000 0.2226
-1.026 4.746 -7.494 -0.7503 0.2676 0.6045
-0.813 4.844 -7.384 -0.3246 0.4636 0.8245
-0.557 4.880 -7.384 0.1880 0.5353 0.8235
-0.326 4.844 -7.495 0.6503 0.4636 0.6018
-0.182 4.746 -7.686 0.9383 0.2676 0.2189
-0.161 1.139 -5.650 0.1192 -0.8447 0.5219
0.327 1.139 -5.761 0.1192 -0.8447 0.5219
0.214 1.005 -5.952 0.1192 -0.8447 0.5219
0.002 0.907 -6.062 0.1192 -0.8447 0.5219
-0.255 0.871 -6.062 0.1192 -0.8447 0.5219
-0.486 0.907 -5.951 0.1192 -0.8447 0.5219
-0.630 1.005 -5.759 0.1192 -0.8447 0.5219
-0.648 1.139 -5.539 0.1192 -0.8447 0.5219
-0.536 1.273 -5.348 0.1192 -0.8447 0.5219
-0.323 1.371 -5.238 0.1192 -0.8447 0.5219
-0.067 1.406 -5.238 0.1192 -0.8447 0.5219
0.164 1.371 -5.349 0.1192 -0.8447 0.5219
0.309 1.273 -5.541 0.1192 -0.8447 0.5219
-0.651 4.612 -7.796 -0.1192 0.8447 -0.5219
-0.163 4.612 -7.907 -0.1192 0.8447 -0.5219
-0.276 4.478 -8.098 -0.1192 0.8447 -0.5219
-0.488 4.380 -8.208 -0.1192 0.8447 -0.5219
-0.745 4.344 -8.208 -0.1192 0.8447 -0.5219
-0.976 4.380 -8.097 -0.1192 0.8447 -0.5219
-1.120 4.478 -7.905 -0.1192 0.8447 -0.5219
-1.138 4.612 -7.685 -0.1192 0.8447 -0.5219
-1.026 4.746 -7.494 -0.1192 0.8447 -0.5219
-0.813 4.844 -7.384 -0.1192 0.8447 -0.5219
-0.557 4.880 -7.384 -0.1192 0.8447 -0.5219
-0.326 4.844 -7.495 -0.1192 0.8447 -0.5219
-0.182 4.746 -7.686 -0.1192 0.8447 -0.5219
0 1 13
0 13 12
1 2 14
1 14 13
2 3 15
2 15 14
3 4 16
3 16 15
4 5 17
4 17 16
5 6 18
5 18 17
6 7 19
6 19 18
7 8 20
7 20 19
8 9 21
8 21 20
9 10 22
9 22 21
10 11 23
10 23 22
11 0 12
11 12 23
24 26 25
24 27 26
24 28 27
24 29 28
24 30 29
24 31 30
24 32 31
24 33 32
24 34 33
24 35 34
24 36 35
24 25 36
37 38 39
37 39 40
37 40 41
37 41 42
37 42 43
37 43 44
37 44 45
37 45 46
37 46 47
37 47 48
37 48 49
37 49 38
LABEL sfoot0_rod_6
MATERIAL 7
TEXTURE 0
GEOM 42 40 ;sfoot0_rod_6
-0.335 4.105 -7.538 0.9749 0.0000 -0.2226
-0.410 4.026 -7.649 0.6782 -0.3146 -0.6641
-0.549 3.978 -7.696 0.1224 -0.5091 -0.8520
-0.699 3.978 -7.661 -0.4801 -0.5091 -0.7144
-0.804 4.026 -7.559 -0.8992 -0.3146 -0.3039
-0.823 4.105 -7.427 -0.9749 -0.0000 0.2226
-0.749 4.184 -7.317 -0.6782 0.3146 0.6641
-0.610 4.232 -7.270 -0.1224 0.5091 0.8520
-0.459 4.232 -7.304 0.4801 0.5091 0.7144
-0.354 4.184 -7.407 0.8992 0.3146 0.3039
-0.808 7.454 -9.607 0.9749 0.0000 -0.2226
-0.882 7.375 -9.718 0.6782 -0.3146 -0.6641
-1.021 7.326 -9.764 0.1224 -0.5091 -0.8520
-1.172 7.326 -9.730 -0.4801 -0.5091 -0.7144
-1.276 7.375 -9.627 -0.8992 -0.3146 -0.3039
-1.295 7.454 -9.496 -0.9749 -0.0000 0.2226
-1.221 7.532 -9.385 -0.6782 0.3146 0.6641
-1.082 7.581 -9.339 -0.1224 0.5091 0.8520
-0.932 7.581 -9.373 0.4801 0.5091 0.7144
-0.827 7.532 -9.476 0.8992 0.3146 0.3039
-0.579 4.105 -7.483 0.1192 -0.8447 0.5219
-0.335 4.105 -7.538 0.1192 -0.8447 0.5219
-0.410 4.026 -7.649 0.1192 -0.8447 0.5219
-0.549 3.978 -7.696 0.1192 -0.8447 0.5219
-0.699 3.978 -7.661 0.1192 -0.8447 0.5219
-0.804 4.026 -7.559 0.1192 -0.8447 0.5219
-0.823 4.105 -7.427 0.1192 -0.8447 0.5219
-0.749 4.184 -7.317 0.1192 -0.8447 0.5219
-0.610 4.232 -7.270 0.1192 -0.8447 0.5219
-0.459 4.232 -7.304 0.1192 -0.8447 0.5219
-0.354 4.184 -7.407 0.1192 -0.8447 0.5219
-1.052 7.454 -9.551 -0.1192 0.8447 -0.5219
-0.808 7.454 -9.607 -0.1192 0.8447 -0.5219
-0.882 7.375 -9.718 -0.1192 0.8447 -0.5219
-1.021 7.326 -9.764 -0.1192 0.8447 -0.5219
-1.172 7.326 -9.730 -0.1192 0.8447 -0.5219
-1.276 7.375 -9.627 -0.1192 0.8447 -0.5219
-1.295 7.454 -9.496 -0.1192 0.8447 -0.5219
-1.221 7.532 -9.385 -0.1192 0.8447 -0.5219
-1.082 7.581 -9.339 -0.1192 0.8447 -0.5219
-0.932 7.581 -9.373 -0.1192 0.8447 -0.5219
-0.827 7.532 -9.476 -0.1192 0.8447 -0.5219
0 1 11
0 11 10
1 2 12
1 12 11
2 3 13
2 13 12
3 4 14
3 14 13
4 5 15
4 15 14
5 6 16
5 16 15
6 7 17
6 17 16
7 8 18
7 18 17
8 9 19
8 19 18
9 0 10
9 10 19
20 22 21
20 23 22
20 24 23
20 25 24
20 26 25
20 27 26
20 28 27
20 29 28
20 30 29
20 21 30
31 32 33
31 33 34
31 34 35
31 35 36
31 36 37
31 37 38
31 38 39
31 39 40
31 40 41
31 41 32
LABEL sfoot0_skirt_6_0
MATERIAL 7
TEXTURE 0
GEOM 16 12 ;sfoot0_skirt_6_0
-4.277 10.405 -11.050 -0.3048 0.9524 0.0000
-3.714 10.619 -11.050 -0.3048 0.9524 0.0000
-3.141 10.803 -11.050 -0.3048 0.9524 0.0000
-2.558 10.955 -11.050 -0.3048 0.9524 0.0000
-4.277 10.405 -10.150 -0.3048 0.9524 0.0000
-3.714 10.619 -10.150 -0.3048 0.9524 0.0000
-3.141 10.803 -10.150 -0.3048 0.9524 0.0000
-2.558 10.955 -10.150 -0.3048 0.9524 0.0000
-4.277 10.405 -11.050 0.3048 -0.9524 -0.0000
-3.714 10.619 -11.050 0.3048 -0.9524 -0.0000
-3.141 10.803 -11.050 0.3048 -0.9524 -0.0000
-2.558 10.955 -11.050 0.3048 -0.9524 -0.0000
-4.277 10.405 -10.150 0.3048 -0.9524 -0.0000
-3.714 10.619 -10.150 0.3048 -0.9524 -0.0000
-3.141 10.803 -10.150 0.3048 -0.9524 -0.0000
-2.558 10.955 -10.150 0.3048 -0.9524 -0.0000
0 5 1
0 4 5
8 9 13
8 13 12
1 6 2
1 5 6
9 10 14
9 14 13
2 7 3
2 6 7
10 11 15
10 15 14
LABEL sfoot0_skirt_6_1
MATERIAL 7
TEXTURE 0
GEOM 16 12 ;sfoot0_skirt_6_1
-2.515 10.965 -11.050 -0.1397 0.9902 0.0000
-1.888 11.091 -11.050 -0.1397 0.9902 0.0000
-1.254 11.180 -11.050 -0.1397 0.9902 0.0000
-0.617 11.233 -11.050 -0.1397 0.9902 0.0000
-2.515 10.965 -10.150 -0.1397 0.9902 0.0000
-1.888 11.091 -10.150 -0.1397 0.9902 0.0000
-1.254 11.180 -10.150 -0.1397 0.9902 0.0000
-0.617 11.233 -10.150 -0.1397 0.9902 0.0000
-2.515 10.965 -11.050 0.1397 -0.9902 -0.0000
-1.888 11.091 -11.050 0.1397 -0.9902 -0.0000
-1.254 11.180 -11.050 0.1397 -0.9902 -0.0000
-0.617 11.233 -11.050 0.1397 -0.9902 -0.0000
-2.515 10.965 -10.150 0.1397 -0.9902 -0.0000
-1.888 11.091 -10.150 0.1397 -0.9902 -0.0000
-1.254 11.180 -10.150 0.1397 -0.9902 -0.0000
-0.617 11.233 -10.150 0.1397 -0.9902 -0.0000
0 5 1
0 4 5
8 9 13
8 13 12
1 6 2
1 5 6
9 10 14
9 14 13
2 7 3
2 6 7
10 11 15
10 15 14
LABEL sfoot0_skirt_6_2
MATERIAL 7
TEXTURE 0
GEOM 16 12 ;sfoot0_skirt_6_2
-0.572 11.235 -11.050 0.0294 0.9996 0.0000
0.029 11.250 -11.050 0.0294 0.9996 0.0000
0.631 11.232 -11.050 0.0294 0.9996 0.0000
1.231 11.182 -11.050 0.0294 0.9996 0.0000
-0.572 11.235 -10.150 0.0294 0.9996 0.0000
0.029 11.250 -10.150 0.0294 0.9996 0.0000
0.631 11.232 -10.150 0.0294 0.9996 0.0000
1.231 11.182 -10.150 0.0294 0.9996 0.0000
-0.572 11.235 -11.050 -0.0294 -0.9996 -0.0000
0.029 11.250 -11.050 -0.0294 -0.9996 -0.0000
0.631 11.232 -11.050 -0.0294 -0.9996 -0.0000
1.231 11.182 -11.050 -0.0294 -0.9996 -0.0000
-0.572 11.235 -10.150 -0.0294 -0.9996 -0.0000
0.029 11.250 -10.150 -0.0294 -0.9996 -0.0000
0.631 11.232 -10.150 -0.0294 -0.9996 -0.0000
1.231 11.182 -10.150 -0.0294 -0.9996 -0.0000
0 5 1
0 4 5
8 9 13
8 13 12
1 6 2
1 5 6
9 10 14
9 14 13
2 7 3
2 6 7
10 11 15
10 15 14
LABEL sfoot0_petal_7
MATERIAL 7
TEXTURE 0
GEOM 66 52 ;sfoot0_petal_7
0.015 0.973 -9.557 -0.3739 -0.9269 0.0332
0.664 0.711 -9.557 -0.3739 -0.9269 0.0332
0.670 0.725 -9.107 -0.3739 -0.9269 0.0332
0.021 0.987 -9.107 -0.3739 -0.9269 0.0332
3.738 10.201 -9.887 0.3739 0.9269 -0.0332
4.387 9.939 -9.887 0.3739 0.9269 -0.0332
4.392 9.953 -9.437 0.3739 0.9269 -0.0332
3.743 10.215 -9.437 0.3739 0.9269 -0.0332
0.015 0.973 -9.557 -0.9274 0.3741 -0.0000
3.738 10.201 -9.887 -0.9274 0.3741 -0.0000
3.743 10.215 -9.437 -0.9274 0.3741 -0.0000
0.021 0.987 -9.107 -0.9274 0.3741 -0.0000
0.664 0.711 -9.557 0.9274 -0.3741 0.0000
4.387 9.939 -9.887 0.9274 -0.3741 0.0000
4.392 9.953 -9.437 0.9274 -0.3741 0.0000
0.670 0.725 -9.107 0.9274 -0.3741 0.0000
0.015 0.973 -9.557 -0.0124 -0.0307 -0.9995
3.738 10.201 -9.887 -0.0124 -0.0307 -0.9995
4.387 9.939 -9.887 -0.0124 -0.0307 -0.9995
0.664 0.711 -9.557 -0.0124 -0.0307 -0.9995
0.021 0.987 -9.107 0.0124 0.0307 0.9995
3.743 10.215 -9.437 0.0124 0.0307 0.9995
4.392 9.953 -9.437 0.0124 0.0307 0.9995
0.670 0.725 -9.107 0.0124 0.0307 0.9995
-0.155 0.818 -9.300 -0.0000 0.0000 1.0000
-0.221 0.654 -9.357 -0.2199 -0.5451 0.8090
-0.262 0.553 -9.507 -0.3558 -0.8820 0.3090
-0.262 0.553 -9.693 -0.3558 -0.8820 -0.3090
-0.221 0.654 -9.843 -0.2199 -0.5451 -0.8090
-0.155 0.818 -9.900 -0.0000 -0.0000 -1.0000
-0.089 0.981 -9.843 0.2199 0.5451 -0.8090
-0.049 1.082 -9.693 0.3558 0.8820 -0.3090
-0.049 1.082 -9.507 0.3558 0.8820 0.3090
-0.089 0.981 -9.357 0.2199 0.5451 0.8090
0.679 0.481 -9.300 -0.0000 0.0000 1.0000
0.613 0.317 -9.357 -0.2199 -0.5451 0.8090
0.572 0.216 -9.507 -0.3558 -0.8820 0.3090
0.572 0.216 -9.693 -0.3558 -0.8820 -0.3090
0.613 0.317 -9.843 -0.2199 -0.5451 -0.8090
0.679 0.481 -9.900 -0.0000 -0.0000 -1.0000
0.745 0.644 -9.843 0.2199 0.5451 -0.8090
0.786 0.745 -9.693 0.3558 0.8820 -0.3090
0.786 0.745 -9.507 0.3558 0.8820 0.3090
0.745 0.644 -9.357 0.2199 0.5451 0.8090
-0.155 0.818 -9.600 -0.9274 0.3741 -0.0000
-0.155 0.818 -9.300 -0.9274 0.3741 -0.0000
-0.221 0.654 -9.357 -0.9274 0.3741 -0.0000
-0.262 0.553 -9.507 -0.9274 0.3741 -0.0000
-0.262 0.553 -9.693 -0.9274 0.3741 -0.0000
-0.221 0.654 -9.843 -0.9274 0.3741 -0.0000
-0.155 0.818 -9.900 -0.9274 0.3741 -0.0000
-0.089 0.981 -9.843 -0.9274 0.3741 -0.0000
-0.049 1.082 -9.693 -0.9274 0.3741 -0.0000
-0.049 1.082 -9.507 -0.9274 0.3741 -0.0000
-0.089 0.981 -9.357 -0.9274 0.3741 -0.0000
0.679 0.481 -9.600 0.9274 -0.3741 0.0000
0.679 0.481 -9.300 0.9274 -0.3741 0.0000
0.613 0.317 -9.357 0.9274 -0.3741 0.0000
0.572 0.216 -9.507 0.9274 -0.3741 0.0000
0.572 0.216 -9.693 0.9274 -0.3741 0.0000
0.613 0.317 -9.843 0.9274 -0.3741 0.0000
0.679 0.481 -9.900 0.9274 -0.3741 0.0000
0.745 0.644 -9.843 0.9274 -0.3741 0.0000
0.786 0.745 -9.693 0.9274 -0.3741 0.0000
0.786 0.745 -9.507 0.9274 -0.3741 0.0000
0.745 0.644 -9.357 0.9274 -0.3741 0.0000
0 1 2
0 2 3
4 6 5
4 7 6
8 10 9
8 11 10
12 13 14
12 14 15
16 17 18
16 18 19
20 22 21
20 23 22
24 25 35
24 35 34
25 26 36
25 36 35
26 27 37
26 37 36
27 28 38
27 38 37
28 29 39
28 39 38
29 30 40
29 40 39
30 31 41
30 41 40
31 32 42
31 42 41
32 33 43
32 43 42
33 24 34
33 34 43
44 46 45
44 47 46
44 48 47
44 49 48
44 50 49
44 51 50
44 52 51
44 53 52
44 54 53
44 45 54
55 56 57
55 57 58
55 58 59
55 59 60
55 60 61
55 61 62
55 62 63
55 63 64
55 64 65
55 65 56
LABEL sfoot0_slat_7_0
MATERIAL 7
TEXTURE 0
GEOM 104 76 ;sfoot0_slat_7_0
0.140 1.041 -9.562 0.0124 0.0307 0.9995
0.195 1.032 -9.562 0.0124 0.0307 0.9995
0.250 1.020 -9.562 0.0124 0.0307 0.9995
0.304 1.005 -9.562 0.0124 0.0307 0.9995
1.499 11.150 -9.900 0.0124 0.0307 0.9995
2.093 11.054 -9.900 0.0124 0.0307 0.9995
2.681 10.926 -9.900 0.0124 0.0307 0.9995
3.262 10.767 -9.900 0.0124 0.0307 0.9995
0.140 1.041 -9.562 -0.0124 -0.0307 -0.9995
0.195 1.032 -9.562 -0.0124 -0.0307 -0.9995
0.250 1.020 -9.562 -0.0124 -0.0307 -0.9995
0.304 1.005 -9.562 -0.0124 -0.0307 -0.9995
1.499 11.150 -9.900 -0.0124 -0.0307 -0.9995
2.093 11.054 -9.900 -0.0124 -0.0307 -0.9995
2.681 10.926 -9.900 -0.0124 -0.0307 -0.9995
3.262 10.767 -9.900 -0.0124 -0.0307 -0.9995
0.140 1.041 -9.812 -0.0124 -0.0307 -0.9995
0.195 1.032 -9.812 -0.0124 -0.0307 -0.9995
0.250 1.020 -9.812 -0.0124 -0.0307 -0.9995
0.304 1.005 -9.812 -0.0124 -0.0307 -0.9995
1.499 11.150 -10.150 -0.0124 -0.0307 -0.9995
2.093 11.054 -10.150 -0.0124 -0.0307 -0.9995
2.681 10.926 -10.150 -0.0124 -0.0307 -0.9995
3.262 10.767 -10.150 -0.0124 -0.0307 -0.9995
0.140 1.041 -9.812 0.0124 0.0307 0.9995
0.195 1.032 -9.812 0.0124 0.0307 0.9995
0.250 1.020 -9.812 0.0124 0.0307 0.9995
0.304 1.005 -9.812 0.0124 0.0307 0.9995
1.499 11.150 -10.150 0.0124 0.0307 0.9995
2.093 11.054 -10.150 0.0124 0.0307 0.9995
2.681 10.926 -10.150 0.0124 0.0307 0.9995
3.262 10.767 -10.150 0.0124 0.0307 0.9995
1.499 11.150 -10.150 0.2123 0.9772 0.0000
2.093 11.054 -10.150 0.2123 0.9772 0.0000
2.681 10.926 -10.150 0.2123 0.9772 0.0000
3.262 10.767 -10.150 0.2123 0.9772 0.0000
1.499 11.150 -9.900 0.2123 0.9772 0.0000
2.093 11.054 -9.900 0.2123 0.9772 0.0000
2.681 10.926 -9.900 0.2123 0.9772 0.0000
3.262 10.767 -9.900 0.2123 0.9772 0.0000
1.499 11.150 -10.150 -0.2123 -0.9772 -0.0000
2.093 11.054 -10.150 -0.2123 -0.9772 -0.0000
2.681 10.926 -10.150 -0.2123 -0.9772 -0.0000
3.262 10.767 -10.150 -0.2123 -0.9772 -0.0000
1.499 11.150 -9.900 -0.2123 -0.9772 -0.0000
2.093 11.054 -9.900 -0.2123 -0.9772 -0.0000
2.681 10.926 -9.900 -0.2123 -0.9772 -0.0000
3.262 10.767 -9.900 -0.2123 -0.9772 -0.0000
0.140 1.041 -9.812 -0.2123 -0.9772 -0.0000
0.195 1.032 -9.812 -0.2123 -0.9772 -0.0000
0.250 1.020 -9.812 -0.2123 -0.9772 -0.0000
0.304 1.005 -9.812 -0.2123 -0.9772 -0.0000
0.140 1.041 -9.562 -0.2123 -0.9772 -0.0000
0.195 1.032 -9.562 -0.2123 -0.9772 -0.0000
0.250 1.020 -9.562 -0.2123 -0.9772 -0.0000
0.304 1.005 -9.562 -0.2123 -0.9772 -0.0000
0.140 1.041 -9.812 0.2123 0.9772 0.0000
0.195 1.032 -9.812 0.2123 0.9772 0.0000
0.250 1.020 -9.812 0.2123 0.9772 0.0000
0.304 1.005 -9.812 0.2123 0.9772 0.0000
0.140 1.041 -9.562 0.2123 0.9772 0.0000
0.195 1.032 -9.562 0.2123 0.9772 0.0000
0.250 1.020 -9.562 0.2123 0.9772 0.0000
0.304 1.005 -9.562 0.2123 0.9772 0.0000
1.499 11.150 -9.900 0.2123 0.9772 0.0000
2.093 11.054 -9.900 0.2123 0.9772 0.0000
2.681 10.926 -9.900 0.2123 0.9772 0.0000
3.262 10.767 -9.900 0.2123 0.9772 0.0000
1.499 11.150 -9.200 0.2123 0.9772 0.0000
2.093 11.054 -9.200 0.2123 0.9772 0.0000
2.681 10.926 -9.200 0.2123 0.9772 0.0000
3.262 10.767 -9.200 0.2123 0.9772 0.0000
1.499 11.150 -9.900 -0.2123 -0.9772 -0.0000
2.093 11.054 -9.900 -0.2123 -0.9772 -0.0000
2.681 10.926 -9.900 -0.2123 -0.9772 -0.0000
3.262 10.767 -9.900 -0.2123 -0.9772 -0.0000
1.499 11.150 -9.200 -0.2123 -0.9772 -0.0000
2.093 11.054 -9.200 -0.2123 -0.9772 -0.0000
2.681 10.926 -9.200 -0.2123 -0.9772 -0.0000
3.262 10.767 -9.200 -0.2123 -0.9772 -0.0000
1.499 11.150 -9.200 -0.0000 -0.0000 1.0000
2.093 11.054 -9.200 -0.0000 -0.0000 1.0000
2.681 10.926 -9.200 -0.0000 -0.0000 1.0000
3.262 10.767 -9.200 -0.0000 -0.0000 1.0000
1.452 10.803 -9.188 -0.0000 -0.0000 1.0000
2.028 10.710 -9.188 -0.0000 -0.0000 1.0000
2.598 10.586 -9.188 -0.0000 -0.0000 1.0000
3.160 10.432 -9.188 -0.0000 -0.0000 1.0000
1.499 11.150 -9.200 0.0000 0.0000 -1.0000
2.093 11.054 -9.200 0.0000 0.0000 -1.0000
2.681 10.926 -9.200 0.0000 0.0000 -1.0000
3.262 10.767 -9.200 0.0000 0.0000 -1.0000
1.452 10.803 -9.188 0.0000 0.0000 -1.0000
2.028 10.710 -9.188 0.0000 0.0000 -1.0000
2.598 10.586 -9.188 0.0000 0.0000 -1.0000
3.160 10.432 -9.188 0.0000 0.0000 -1.0000
0.140 1.041 -9.812 0.9911 -0.1332 0.0000
1.499 11.150 -10.150 0.9911 -0.1332 0.0000
0.140 1.041 -9.562 0.9911 -0.1332 0.0000
1.499 11.150 -9.900 0.9911 -0.1332 0.0000
0.140 1.041 -9.812 -0.9911 0.1332 -0.0000
1.499 11.150 -10.150 -0.9911 0.1332 -0.0000
0.140 1.041 -9.562 -0.9911 0.1332 -0.0000
1.499 11.150 -9.900 -0.9911 0.1332 -0.0000
0 1 5
0 5 4
8 13 9
8 12 13
1 2 6
1 6 5
9 14 10
9 13 14
2 3 7
2 7 6
10 15 11
10 14 15
16 21 17
16 20 21
24 25 29
24 29 28
17 22 18
17 21 22
25 26 30
25 30 29
18 23 19
18 22 23
26 27 31
26 31 30
32 37 33
32 36 37
40 41 45
40 45 44
33 38 34
33 37 38
41 42 46
41 46 45
34 39 35
34 38 39
42 43 47
42 47 46
48 49 53
48 53 52
56 61 57
56 60 61
49 50 54
49 54 53
57 62 58
57 61 62
50 51 55
50 55 54
58 63 59
58 62 63
64 69 65
64 68 69
72 73 77
72 77 76
65 70 66
65 69 70
73 74 78
73 78 77
66 71 67
66 70 71
74 75 79
74 79 78
80 85 81
80 84 85
88 89 93
88 93 92
81 86 82
81 85 86
89 90 94
89 94 93
82 87 83
82 86 87
90 91 95
90 95 94
96 97 99
96 99 98
100 103 101
100 102 103
LABEL sfoot0_slat_7_1
MATERIAL 7
TEXTURE 0
GEOM 96 72 ;sfoot0_slat_7_1
0.308 1.004 -9.562 0.0124 0.0307 0.9995
0.365 0.985 -9.562 0.0124 0.0307 0.9995
0.420 0.962 -9.562 0.0124 0.0307 0.9995
0.474 0.937 -9.562 0.0124 0.0307 0.9995
3.305 10.754 -9.900 0.0124 0.0307 0.9995
3.911 10.548 -9.900 0.0124 0.0307 0.9995
4.504 10.309 -9.900 0.0124 0.0307 0.9995
5.082 10.037 -9.900 0.0124 0.0307 0.9995
0.308 1.004 -9.562 -0.0124 -0.0307 -0.9995
0.365 0.985 -9.562 -0.0124 -0.0307 -0.9995
0.420 0.962 -9.562 -0.0124 -0.0307 -0.9995
0.474 0.937 -9.562 -0.0124 -0.0307 -0.9995
3.305 10.754 -9.900 -0.0124 -0.0307 -0.9995
3.911 10.548 -9.900 -0.0124 -0.0307 -0.9995
4.504 10.309 -9.900 -0.0124 -0.0307 -0.9995
5.082 10.037 -9.900 -0.0124 -0.0307 -0.9995
0.308 1.004 -9.812 -0.0124 -0.0307 -0.9995
0.365 0.985 -9.812 -0.0124 -0.0307 -0.9995
0.420 0.962 -9.812 -0.0124 -0.0307 -0.9995
0.474 0.937 -9.812 -0.0124 -0.0307 -0.9995
3.305 10.754 -10.150 -0.0124 -0.0307 -0.9995
3.911 10.548 -10.150 -0.0124 -0.0307 -0.9995
4.504 10.309 -10.150 -0.0124 -0.0307 -0.9995
5.082 10.037 -10.150 -0.0124 -0.0307 -0.9995
0.308 1.004 -9.812 0.0124 0.0307 0.9995
0.365 0.985 -9.812 0.0124 0.0307 0.9995
0.420 0.962 -9.812 0.0124 0.0307 0.9995
0.474 0.937 -9.812 0.0124 0.0307 0.9995
3.305 10.754 -10.150 0.0124 0.0307 0.9995
3.911 10.548 -10.150 0.0124 0.0307 0.9995
4.504 10.309 -10.150 0.0124 0.0307 0.9995
5.082 10.037 -10.150 0.0124 0.0307 0.9995
3.305 10.754 -10.150 0.3741 0.9274 0.0000
3.911 10.548 -10.150 0.3741 0.9274 0.0000
4.504 10.309 -10.150 0.3741 0.9274 0.0000
5.082 10.037 -10.150 0.3741 0.9274 0.0000
3.305 10.754 -9.900 0.3741 0.9274 0.0000
3.911 10.548 -9.900 0.3741 0.9274 0.0000
4.504 10.309 -9.900 0.3741 0.9274 0.0000
5.082 10.037 -9.900 0.3741 0.9274 0.0000
3.305 10.754 -10.150 -0.3741 -0.9274 -0.0000
3.911 10.548 -10.150 -0.3741 -0.9274 -0.0000
4.504 10.309 -10.150 -0.3741 -0.9274 -0.0000
5.082 10.037 -10.150 -0.3741 -0.9274 -0.0000
3.305 10.754 -9.900 -0.3741 -0.9274 -0.0000
3.911 10.548 -9.900 -0.3741 -0.9274 -0.0000
4.504 10.309 -9.900 -0.3741 -0.9274 -0.0000
5.082 10.037 -9.900 -0.3741 -0.9274 -0.0000
0.308 1.004 -9.812 -0.3741 -0.9274 -0.0000
0.365 0.985 -9.812 -0.3741 -0.9274 -0.0000
0.420 0.962 -9.812 -0.3741 -0.9274 -0.0000
0.474 0.937 -9.812 -0.3741 -0.9274 -0.0000
0.308 1.004 -9.562 -0.3741 -0.9274 -0.0000
0.365 0.985 -9.562 -0.3741 -0.9274 -0.0000
0.420 0.962 -9.562 -0.3741 -0.9274 -0.0000
0.474 0.937 -9.562 -0.3741 -0.9274 -0.0000
0.308 1.004 -9.812 0.3741 0.9274 0.0000
0.365 0.985 -9.812 0.3741 0.9274 0.0000
0.420 0.962 -9.812 0.3741 0.9274 0.0000
0.474 0.937 -9.812 0.3741 0.9274 0.0000
0.308 1.004 -9.562 0.3741 0.9274 0.0000
0.365 0.985 -9.562 0.3741 0.9274 0.0000
0.420 0.962 -9.562 0.3741 0.9274 0.0000
0.474 0.937 -9.562 0.3741 0.9274 0.0000
3.305 10.754 -9.900 0.3741 0.9274 0.0000
3.911 10.548 -9.900 0.3741 0.9274 0.0000
4.504 10.309 -9.900 0.3741 0.9274 0.0000
5.082 10.037 -9.900 0.3741 0.9274 0.0000
3.305 10.754 -9.200 0.3741 0.9274 0.0000
3.911 10.548 -9.200 0.3741 0.9274 0.0000
4.504 10.309 -9.200 0.3741 0.9274 0.0000
5.082 10.037 -9.200 0.3741 0.9274 0.0000
3.305 10.754 -9.900 -0.3741 -0.9274 -0.0000
3.911 10.548 -9.900 -0.3741 -0.9274 -0.0000
4.504 10.309 -9.900 -0.3741 -0.9274 -0.0000
5.082 10.037 -9.900 -0.3741 -0.9274 -0.0000
3.305 10.754 -9.200 -0.3741 -0.9274 -0.0000
3.911 10.548 -9.200 -0.3741 -0.9274 -0.0000
4.504 10.309 -9.200 -0.3741 -0.9274 -0.0000
5.082 10.037 -9.200 -0.3741 -0.9274 -0.0000
3.305 10.754 -9.200 -0.0000 -0.0000 1.0000
3.911 10.548 -9.200 -0.0000 -0.0000 1.0000
4.504 10.309 -9.200 -0.0000 -0.0000 1.0000
5.082 10.037 -9.200 -0.0000 -0.0000 1.0000
3.202 10.419 -9.188 -0.0000 -0.0000 1.0000
3.789 10.220 -9.188 -0.0000 -0.0000 1.0000
4.363 9.989 -9.188 -0.0000 -0.0000 1.0000
4.924 9.724 -9.188 -0.0000 -0.0000 1.0000
3.305 10.754 -9.200 0.0000 0.0000 -1.0000
3.911 10.548 -9.200 0.0000 0.0000 -1.0000
4.504 10.309 -9.200 0.0000 0.0000 -1.0000
5.082 10.037 -9.200 0.0000 0.0000 -1.0000
3.202 10.419 -9.188 0.0000 0.0000 -1.0000
3.789 10.220 -9.188 0.0000 0.0000 -1.0000
4.363 9.989 -9.188 0.0000 0.0000 -1.0000
4.924 9.724 -9.188 0.0000 0.0000 -1.0000
0 1 5
0 5 4
8 13 9
8 12 13
1 2 6
1 6 5
9 14 10
9 13 14
2 3 7
2 7 6
10 15 11
10 14 15
16 21 17
16 20 21
24 25 29
24 29 28
17 22 18
17 21 22
25 26 30
25 30 29
18 23 19
18 22 23
26 27 31
26 31 30
32 37 33
32 36 37
40 41 45
40 45 44
33 38 34
33 37 38
41 42 46
41 46 45
34 39 35
34 38 39
42 43 47
42 47 46
48 49 53
48 53 52
56 61 57
56 60 61
49 50 54
49 54 53
57 62 58
57 61 62
50 51 55
50 55 54
58 63 59
58 62 63
64 69 65
64 68 69
72 73 77
72 77 76
65 70 66
65 69 70
73 74 78
73 78 77
66 71 67
66 70 71
74 75 79
74 79 78
80 85 81
80 84 85
88 89 93
88 93 92
81 86 82
81 85 86
89 90 94
89 94 93
82 87 83
82 86 87
90 91 95
90 95 94
LABEL sfoot0_slat_7_2
MATERIAL 7
TEXTURE 0
GEOM 104 76 ;sfoot0_slat_7_2
0.478 0.935 -9.562 0.0124 0.0307 0.9995
0.527 0.908 -9.562 0.0124 0.0307 0.9995
0.575 0.878 -9.562 0.0124 0.0307 0.9995
0.621 0.846 -9.562 0.0124 0.0307 0.9995
5.122 10.016 -9.900 0.0124 0.0307 0.9995
5.650 9.728 -9.900 0.0124 0.0307 0.9995
6.163 9.412 -9.900 0.0124 0.0307 0.9995
6.657 9.069 -9.900 0.0124 0.0307 0.9995
0.478 0.935 -9.562 -0.0124 -0.0307 -0.9995
0.527 0.908 -9.562 -0.0124 -0.0307 -0.9995
0.575 0.878 -9.562 -0.0124 -0.0307 -0.9995
0.621 0.846 -9.562 -0.0124 -0.0307 -0.9995
5.122 10.016 -9.900 -0.0124 -0.0307 -0.9995
5.650 9.728 -9.900 -0.0124 -0.0307 -0.9995
6.163 9.412 -9.900 -0.0124 -0.0307 -0.9995
6.657 9.069 -9.900 -0.0124 -0.0307 -0.9995
0.478 0.935 -9.812 -0.0124 -0.0307 -0.9995
0.527 0.908 -9.812 -0.0124 -0.0307 -0.9995
0.575 0.878 -9.812 -0.0124 -0.0307 -0.9995
0.621 0.846 -9.812 -0.0124 -0.0307 -0.9995
5.122 10.016 -10.150 -0.0124 -0.0307 -0.9995
5.650 9.728 -10.150 -0.0124 -0.0307 -0.9995
6.163 9.412 -10.150 -0.0124 -0.0307 -0.9995
6.657 9.069 -10.150 -0.0124 -0.0307 -0.9995
0.478 0.935 -9.812 0.0124 0.0307 0.9995
0.527 0.908 -9.812 0.0124 0.0307 0.9995
0.575 0.878 -9.812 0.0124 0.0307 0.9995
0.621 0.846 -9.812 0.0124 0.0307 0.9995
5.122 10.016 -10.150 0.0124 0.0307 0.9995
5.650 9.728 -10.150 0.0124 0.0307 0.9995
6.163 9.412 -10.150 0.0124 0.0307 0.9995
6.657 9.069 -10.150 0.0124 0.0307 0.9995
5.122 10.016 -10.150 0.5252 0.8510 0.0000
5.650 9.728 -10.150 0.5252 0.8510 0.0000
6.163 9.412 -10.150 0.5252 0.8510 0.0000
6.657 9.069 -10.150 0.5252 0.8510 0.0000
5.122 10.016 -9.900 0.5252 0.8510 0.0000
5.650 9.728 -9.900 0.5252 0.8510 0.0000
6.163 9.412 -9.900 0.5252 0.8510 0.0000
6.657 9.069 -9.900 0.5252 0.8510 0.0000
5.122 10.016 -10.150 -0.5252 -0.8510 -0.0000
5.650 9.728 -10.150 -0.5252 -0.8510 -0.0000
6.163 9.412 -10.150 -0.5252 -0.8510 -0.0000
6.657 9.069 -10.150 -0.5252 -0.8510 -0.0000
5.122 10.016 -9.900 -0.5252 -0.8510 -0.0000
5.650 9.728 -9.900 -0.5252 -0.8510 -0.0000
6.163 9.412 -9.900 -0.5252 -0.8510 -0.0000
6.657 9.069 -9.900 -0.5252 -0.8510 -0.0000
0.478 0.935 -9.812 -0.5252 -0.8510 -0.0000
0.527 0.908 -9.812 -0.5252 -0.8510 -0.0000
0.575 0.878 -9.812 -0.5252 -0.8510 -0.0000
0.621 0.846 -9.812 -0.5252 -0.8510 -0.0000
0.478 0.935 -9.562 -0.5252 -0.8510 -0.0000
0.527 0.908 -9.562 -0.5252 -0.8510 -0.0000
0.575 0.878 -9.562 -0.5252 -0.8510 -0.0000
0.621 0.846 -9.562 -0.5252 -0.8510 -0.0000
0.478 0.935 -9.812 0.5252 0.8510 0.0000
0.527 0.908 -9.812 0.5252 0.8510 0.0000
0.575 0.878 -9.812 0.5252 0.8510 0.0000
0.621 0.846 -9.812 0.5252 0.8510 0.0000
0.478 0.935 -9.562 0.5252 0.8510 0.0000
0.527 0.908 -9.562 0.5252 0.8510 0.0000
0.575 0.878 -9.562 0.5252 0.8510 0.0000
0.621 0.846 -9.562 0.5252 0.8510 0.0000
5.122 10.016 -9.900 0.5252 0.8510 0.0000
5.650 9.728 -9.900 0.5252 0.8510 0.0000
6.163 9.412 -9.900 0.5252 0.8510 0.0000
6.657 9.069 -9.900 0.5252 0.8510 0.0000
5.122 10.016 -9.200 0.5252 0.8510 0.0000
5.650 9.728 -9.200 0.5252 0.8510 0.0000
6.163 9.412 -9.200 0.5252 0.8510 0.0000
6.657 9.069 -9.200 0.5252 0.8510 0.0000
5.122 10.016 -9.900 -0.5252 -0.8510 -0.0000
5.650 9.728 -9.900 -0.5252 -0.8510 -0.0000
6.163 9.412 -9.900 -0.5252 -0.8510 -0.0000
6.657 9.069 -9.900 -0.5252 -0.8510 -0.0000
5.122 10.016 -9.200 -0.5252 -0.8510 -0.0000
5.650 9.728 -9.200 -0.5252 -0.8510 -0.0000
6.163 9.412 -9.200 -0.5252 -0.8510 -0.0000
6.657 9.069 -9.200 -0.5252 -0.8510 -0.0000
5.122 10.016 -9.200 -0.0000 -0.0000 1.0000
5.650 9.728 -9.200 -0.0000 -0.0000 1.0000
6.163 9.412 -9.200 -0.0000 -0.0000 1.0000
6.657 9.069 -9.200 -0.0000 -0.0000 1.0000
4.963 9.705 -9.188 -0.0000 -0.0000 1.0000
5.475 9.425 -9.188 -0.0000 -0.0000 1.0000
5.971 9.119 -9.188 -0.0000 -0.0000 1.0000
6.450 8.787 -9.188 -0.0000 -0.0000 1.0000
5.122 10.016 -9.200 0.0000 0.0000 -1.0000
5.650 9.728 -9.200 0.0000 0.0000 -1.0000
6.163 9.412 -9.200 0.0000 0.0000 -1.0000
6.657 9.069 -9.200 0.0000 0.0000 -1.0000
4.963 9.705 -9.188 0.0000 0.0000 -1.0000
5.475 9.425 -9.188 0.0000 0.0000 -1.0000
5.971 9.119 -9.188 0.0000 0.0000 -1.0000
6.450 8.787 -9.188 0.0000 0.0000 -1.0000
0.621 0.846 -9.812 0.8061 -0.5918 0.0000
6.657 9.069 -10.150 0.8061 -0.5918 0.0000
0.621 0.846 -9.562 0.8061 -0.5918 0.0000
6.657 9.069 -9.900 0.8061 -0.5918 0.0000
0.621 0.846 -9.812 -0.8061 0.5918 -0.0000
6.657 9.069 -10.150 -0.8061 0.5918 -0.0000
0.621 0.846 -9.562 -0.8061 0.5918 -0.0000
6.657 9.069 -9.900 -0.8061 0.5918 -0.0000
0 1 5
0 5 4
8 13 9
8 12 13
1 2 6
1 6 5
9 14 10
9 13 14
2 3 7
2 7 6
10 15 11
10 14 15
16 21 17
16 20 21
24 25 29
24 29 28
17 22 18
17 21 22
25 26 30
25 30 29
18 23 19
18 22 23
26 27 31
26 31 30
32 37 33
32 36 37
40 41 45
40 45 44
33 38 34
33 37 38
41 42 46
41 46 45
34 39 35
34 38 39
42 43 47
42 47 46
48 49 53
48 53 52
56 61 57
56 60 61
49 50 54
49 54 53
57 62 58
57 61 62
50 51 55
50 55 54
58 63 59
58 62 63
64 69 65
64 68 69
72 73 77
72 77 76
65 70 66
65 69 70
73 74 78
73 78 77
66 71 67
66 70 71
74 75 79
74 79 78
80 85 81
80 84 85
88 89 93
88 93 92
81 86 82
81 85 86
89 90 94
89 94 93
82 87 83
82 86 87
90 91 95
90 95 94
96 97 99
96 99 98
100 103 101
100 102 103
LABEL sfoot0_strut_7
MATERIAL 9
TEXTURE 0
GEOM 50 48 ;sfoot0_strut_7
0.857 1.066 -5.389 0.8531 -0.0000 0.5217
0.903 0.914 -5.593 0.9452 -0.3059 0.1144
0.822 0.802 -5.812 0.7840 -0.5298 -0.3236
0.637 0.761 -5.987 0.4127 -0.6117 -0.6749
0.396 0.802 -6.073 -0.0691 -0.5298 -0.8453
0.164 0.914 -6.045 -0.5325 -0.3059 -0.7893
0.004 1.066 -5.911 -0.8531 -0.0000 -0.5217
-0.042 1.219 -5.707 -0.9452 0.3059 -0.1144
0.038 1.331 -5.488 -0.7840 0.5298 0.3236
0.224 1.372 -5.313 -0.4127 0.6117 0.6749
0.465 1.331 -5.227 0.0691 0.5298 0.8453
0.696 1.219 -5.255 0.5325 0.3059 0.7893
2.169 4.319 -7.535 0.8531 -0.0000 0.5217
2.215 4.166 -7.739 0.9452 -0.3059 0.1144
2.134 4.054 -7.958 0.7840 -0.5298 -0.3236
1.949 4.013 -8.133 0.4127 -0.6117 -0.6749
1.708 4.054 -8.218 -0.0691 -0.5298 -0.8453
1.476 4.166 -8.190 -0.5325 -0.3059 -0.7893
1.316 4.319 -8.057 -0.8531 -0.0000 -0.5217
1.270 4.472 -7.853 -0.9452 0.3059 -0.1144
1.350 4.584 -7.634 -0.7840 0.5298 0.3236
1.536 4.625 -7.458 -0.4127 0.6117 0.6749
1.777 4.584 -7.373 0.0691 0.5298 0.8453
2.009 4.472 -7.401 0.5325 0.3059 0.7893
0.430 1.066 -5.650 -0.3191 -0.7911 0.5219
0.857 1.066 -5.389 -0.3191 -0.7911 0.5219
0.903 0.914 -5.593 -0.3191 -0.7911 0.5219
0.822 0.802 -5.812 -0.3191 -0.7911 0.5219
0.637 0.761 -5.987 -0.3191 -0.7911 0.5219
0.396 0.802 -6.073 -0.3191 -0.7911 0.5219
0.164 0.914 -6.045 -0.3191 -0.7911 0.5219
0.004 1.066 -5.911 -0.3191 -0.7911 0.5219
-0.042 1.219 -5.707 -0.3191 -0.7911 0.5219
0.038 1.331 -5.488 -0.3191 -0.7911 0.5219
0.224 1.372 -5.313 -0.3191 -0.7911 0.5219
0.465 1.331 -5.227 -0.3191 -0.7911 0.5219
0.696 1.219 -5.255 -0.3191 -0.7911 0.5219
1.742 4.319 -7.796 0.3191 0.7911 -0.5219
2.169 4.319 -7.535 0.3191 0.7911 -0.5219
2.215 4.166 -7.739 0.3191 0.7911 -0.5219
2.134 4.054 -7.958 0.3191 0.7911 -0.5219
1.949 4.013 -8.133 0.3191 0.7911 -0.5219
1.708 4.054 -8.218 0.3191 0.7911 -0.5219
1.476 4.166 -8.190 0.3191 0.7911 -0.5219
1.316 4.319 -8.057 0.3191 0.7911 -0.5219
1.270 4.472 -7.853 0.3191 0.7911 -0.5219
1.350 4.584 -7.634 0.3191 0.7911 -0.5219
1.536 4.625 -7.458 0.3191 0.7911 -0.5219
1.777 4.584 -7.373 0.3191 0.7911 -0.5219
2.009 4.472 -7.401 0.3191 0.7911 -0.5219
0 1 13
0 13 12
1 2 14
1 14 13
2 3 15
2 15 14
3 4 16
3 16 15
4 5 17
4 17 16
5 6 18
5 18 17
6 7 19
6 19 18
7 8 20
7 20 19
8 9 21
8 21 20
9 10 22
9 22 21
10 11 23
10 23 22
11 0 12
11 12 23
24 26 25
24 27 26
24 28 27
24 29 28
24 30 29
24 31 30
24 32 31
24 33 32
24 34 33
24 35 34
24 36 35
24 25 36
37 38 39
37 39 40
37 40 41
37 41 42
37 42 43
37 43 44
37 44 45
37 45 46
37 46 47
37 47 48
37 48 49
37 49 38
LABEL sfoot0_rod_7
MATERIAL 7
TEXTURE 0
GEOM 42 40 ;sfoot0_rod_7
1.764 3.845 -7.352 0.8531 -0.0000 0.5217
1.784 3.755 -7.476 0.9328 -0.3596 0.0254
1.715 3.699 -7.603 0.6561 -0.5818 -0.4806
1.583 3.699 -7.683 0.1289 -0.5818 -0.8031
1.439 3.755 -7.687 -0.4476 -0.3596 -0.8188
1.338 3.845 -7.613 -0.8531 -0.0000 -0.5217
1.318 3.935 -7.489 -0.9328 0.3596 -0.0254
1.387 3.990 -7.363 -0.6561 0.5818 0.4806
1.519 3.990 -7.282 -0.1289 0.5818 0.8031
1.663 3.935 -7.278 0.4476 0.3596 0.8188
3.029 6.981 -9.421 0.8531 -0.0000 0.5217
3.049 6.891 -9.545 0.9328 -0.3596 0.0254
2.980 6.835 -9.672 0.6561 -0.5818 -0.4806
2.848 6.835 -9.752 0.1289 -0.5818 -0.8031
2.704 6.891 -9.756 -0.4476 -0.3596 -0.8188
2.603 6.981 -9.682 -0.8531 -0.0000 -0.5217
2.583 7.071 -9.558 -0.9328 0.3596 -0.0254
2.652 7.126 -9.431 -0.6561 0.5818 0.4806
2.784 7.126 -9.351 -0.1289 0.5818 0.8031
2.928 7.071 -9.347 0.4476 0.3596 0.8188
1.551 3.845 -7.483 -0.3191 -0.7911 0.5219
1.764 3.845 -7.352 -0.3191 -0.7911 0.5219
1.784 3.755 -7.476 -0.3191 -0.7911 0.5219
1.715 3.699 -7.603 -0.3191 -0.7911 0.5219
1.583 3.699 -7.683 -0.3191 -0.7911 0.5219
1.439 3.755 -7.687 -0.3191 -0.7911 0.5219
1.338 3.845 -7.613 -0.3191 -0.7911 0.5219
1.318 3.935 -7.489 -0.3191 -0.7911 0.5219
1.387 3.990 -7.363 -0.3191 -0.7911 0.5219
1.519 3.990 -7.282 -0.3191 -0.7911 0.5219
1.663 3.935 -7.278 -0.3191 -0.7911 0.5219
2.816 6.981 -9.551 0.3191 0.7911 -0.5219
3.029 6.981 -9.421 0.3191 0.7911 -0.5219
3.049 6.891 -9.545 0.3191 0.7911 -0.5219
2.980 6.835 -9.672 0.3191 0.7911 -0.5219
2.848 6.835 -9.752 0.3191 0.7911 -0.5219
2.704 6.891 -9.756 0.3191 0.7911 -0.5219
2.603 6.981 -9.682 0.3191 0.7911 -0.5219
2.583 7.071 -9.558 0.3191 0.7911 -0.5219
2.652 7.126 -9.431 0.3191 0.7911 -0.5219
2.784 7.126 -9.351 0.3191 0.7911 -0.5219
2.928 7.071 -9.347 0.3191 0.7911 -0.5219
0 1 11
0 11 10
1 2 12
1 12 11
2 3 13
2 13 12
3 4 14
3 14 13
4 5 15
4 15 14
5 6 16
5 16 15
6 7 17
6 17 16
7 8 18
7 18 17
8 9 19
8 19 18
9 0 10
9 10 19
20 22 21
20 23 22
20 24 23
20 25 24
20 26 25
20 27 26
20 28 27
20 29 28
20 30 29
20 21 30
31 32 33
31 33 34
31 34 35
31 35 36
31 36 37
31 37 38
31 38 39
31 39 40
31 40 41
31 41 32
LABEL sfoot0_skirt_7_0
MATERIAL 7
TEXTURE 0
GEOM 16 12 ;sfoot0_skirt_7_0
1.499 11.150 -11.050 0.2123 0.9772 0.0000
2.093 11.054 -11.050 0.2123 0.9772 0.0000
2.681 10.926 -11.050 0.2123 0.9772 0.0000
3.262 10.767 -11.050 0.2123 0.9772 0.0000
1.499 11.150 -10.150 0.2123 0.9772 0.0000
2.093 11.054 -10.150 0.2123 0.9772 0.0000
2.681 10.926 -10.150 0.2123 0.9772 0.0000
3.262 10.767 -10.150 0.2123 0.9772 0.0000
1.499 11.150 -11.050 -0.2123 -0.9772 -0.0000
2.093 11.054 -11.050 -0.2123 -0.9772 -0.0000
2.681 10.926 -11.050 -0.2123 -0.9772 -0.0000
3.262 10.767 -11.050 -0.2123 -0.9772 -0.0000
1.499 11.150 -10.150 -0.2123 -0.9772 -0.0000
2.093 11.054 -10.150 -0.2123 -0.9772 -0.0000
2.681 10.926 -10.150 -0.2123 -0.9772 -0.0000
3.262 10.767 -10.150 -0.2123 -0.9772 -0.0000
0 5 1
0 4 5
8 9 13
8 13 12
1 6 2
1 5 6
9 10 14
9 14 13
2 7 3
2 6 7
10 11 15
10 15 14
LABEL sfoot0_skirt_7_1
MATERIAL 7
TEXTURE 0
GEOM 16 12 ;sfoot0_skirt_7_1
3.305 10.754 -11.050 0.3741 0.9274 0.0000
3.911 10.548 -11.050 0.3741 0.9274 0.0000
4.504 10.309 -11.050 0.3741 0.9274 0.0000
5.082 10.037 -11.050 0.3741 0.9274 0.0000
3.305 10.754 -10.150 0.3741 0.9274 0.0000
3.911 10.548 -10.150 0.3741 0.9274 0.0000
4.504 10.309 -10.150 0.3741 0.9274 0.0000
5.082 10.037 -10.150 0.3741 0.9274 0.0000
3.305 10.754 -11.050 -0.3741 -0.9274 -0.0000
3.911 10.548 -11.050 -0.3741 -0.9274 -0.0000
4.504 10.309 -11.050 -0.3741 -0.9274 -0.0000
5.082 10.037 -11.050 -0.3741 -0.9274 -0.0000
3.305 10.754 -10.150 -0.3741 -0.9274 -0.0000
3.911 10.548 -10.150 -0.3741 -0.9274 -0.0000
4.504 10.309 -10.150 -0.3741 -0.9274 -0.0000
5.082 10.037 -10.150 -0.3741 -0.9274 -0.0000
0 5 1
0 4 5
8 9 13
8 13 12
1 6 2
1 5 6
9 10 14
9 14 13
2 7 3
2 6 7
10 11 15
10 15 14
LABEL sfoot0_skirt_7_2
MATERIAL 7
TEXTURE 0
GEOM 16 12 ;sfoot0_skirt_7_2
5.122 10.016 -11.050 0.5252 0.8510 0.0000
5.650 9.728 -11.050 0.5252 0.8510 0.0000
6.163 9.412 -11.050 0.5252 0.8510 0.0000
6.657 9.069 -11.050 0.5252 0.8510 0.0000
5.122 10.016 -10.150 0.5252 0.8510 0.0000
5.650 9.728 -10.150 0.5252 0.8510 0.0000
6.163 9.412 -10.150 0.5252 0.8510 0.0000
6.657 9.069 -10.150 0.5252 0.8510 0.0000
5.122 10.016 -11.050 -0.5252 -0.8510 -0.0000
5.650 9.728 -11.050 -0.5252 -0.8510 -0.0000
6.163 9.412 -11.050 -0.5252 -0.8510 -0.0000
6.657 9.069 -11.050 -0.5252 -0.8510 -0.0000
5.122 10.016 -10.150 -0.5252 -0.8510 -0.0000
5.650 9.728 -10.150 -0.5252 -0.8510 -0.0000
6.163 9.412 -10.150 -0.5252 -0.8510 -0.0000
6.657 9.069 -10.150 -0.5252 -0.8510 -0.0000
0 5 1
0 4 5
8 9 13
8 13 12
1 6 2
1 5 6
9 10 14
9 14 13
2 7 3
2 6 7
10 11 15
10 15 14
LABEL sfoot0_petal_8
MATERIAL 7
TEXTURE 0
GEOM 66 52 ;sfoot0_petal_8
0.500 0.835 -9.557 -0.7872 -0.6157 0.0332
0.931 0.284 -9.557 -0.7872 -0.6157 0.0332
0.943 0.293 -9.107 -0.7872 -0.6157 0.0332
0.512 0.844 -9.107 -0.7872 -0.6157 0.0332
8.337 6.965 -9.887 0.7872 0.6157 -0.0332
8.769 6.414 -9.887 0.7872 0.6157 -0.0332
8.780 6.423 -9.437 0.7872 0.6157 -0.0332
8.349 6.974 -9.437 0.7872 0.6157 -0.0332
0.500 0.835 -9.557 -0.6161 0.7877 -0.0000
8.337 6.965 -9.887 -0.6161 0.7877 -0.0000
8.349 6.974 -9.437 -0.6161 0.7877 -0.0000
0.512 0.844 -9.107 -0.6161 0.7877 -0.0000
0.931 0.284 -9.557 0.6161 -0.7877 0.0000
8.769 6.414 -9.887 0.6161 -0.7877 0.0000
8.780 6.423 -9.437 0.6161 -0.7877 0.0000
0.943 0.293 -9.107 0.6161 -0.7877 0.0000
0.500 0.835 -9.557 -0.0261 -0.0204 -0.9995
8.337 6.965 -9.887 -0.0261 -0.0204 -0.9995
8.769 6.414 -9.887 -0.0261 -0.0204 -0.9995
0.931 0.284 -9.557 -0.0261 -0.0204 -0.9995
0.512 0.844 -9.107 0.0261 0.0204 0.9995
8.349 6.974 -9.437 0.0261 0.0204 0.9995
8.780 6.423 -9.437 0.0261 0.0204 0.9995
0.943 0.293 -9.107 0.0261 0.0204 0.9995
0.274 0.786 -9.300 -0.0000 0.0000 1.0000
0.135 0.677 -9.357 -0.4630 -0.3621 0.8090
0.049 0.610 -9.507 -0.7491 -0.5859 0.3090
0.049 0.610 -9.693 -0.7491 -0.5859 -0.3090
0.135 0.677 -9.843 -0.4630 -0.3621 -0.8090
0.274 0.786 -9.900 -0.0000 -0.0000 -1.0000
0.413 0.894 -9.843 0.4630 0.3621 -0.8090
0.499 0.961 -9.693 0.7491 0.5859 -0.3090
0.499 0.961 -9.507 0.7491 0.5859 0.3090
0.413 0.894 -9.357 0.4630 0.3621 0.8090
0.829 0.077 -9.300 -0.0000 0.0000 1.0000
0.690 -0.032 -9.357 -0.4630 -0.3621 0.8090
0.604 -0.099 -9.507 -0.7491 -0.5859 0.3090
0.604 -0.099 -9.693 -0.7491 -0.5859 -0.3090
0.690 -0.032 -9.843 -0.4630 -0.3621 -0.8090
0.829 0.077 -9.900 -0.0000 -0.0000 -1.0000
0.968 0.185 -9.843 0.4630 0.3621 -0.8090
1.053 0.253 -9.693 0.7491 0.5859 -0.3090
1.053 0.253 -9.507 0.7491 0.5859 0.3090
0.968 0.185 -9.357 0.4630 0.3621 0.8090
0.274 0.786 -9.600 -0.6161 0.7877 -0.0000
0.274 0.786 -9.300 -0.6161 0.7877 -0.0000
0.135 0.677 -9.357 -0.6161 0.7877 -0.0000
0.049 0.610 -9.507 -0.6161 0.7877 -0.0000
0.049 0.610 -9.693 -0.6161 0.7877 -0.0000
0.135 0.677 -9.843 -0.6161 0.7877 -0.0000
0.274 0.786 -9.900 -0.6161 0.7877 -0.0000
0.413 0.894 -9.843 -0.6161 0.7877 -0.0000
0.499 0.961 -9.693 -0.6161 0.7877 -0.0000
0.499 0.961 -9.507 -0.6161 0.7877 -0.0000
0.413 0.894 -9.357 -0.6161 0.7877 -0.0000
0.829 0.077 -9.600 0.6161 -0.7877 0.0000
0.829 0.077 -9.300 0.6161 -0.7877 0.0000
0.690 -0.032 -9.357 0.6161 -0.7877 0.0000
0.604 -0.099 -9.507 0.6161 -0.7877 0.0000
0.604 -0.099 -9.693 0.6161 -0.7877 0.0000
0.690 -0.032 -9.843 0.6161 -0.7877 0.0000
0.829 0.077 -9.900 0.6161 -0.7877 0.0000
0.968 0.185 -9.843 0.6161 -0.7877 0.0000
1.053 0.253 -9.693 0.6161 -0.7877 0.0000
1.053 0.253 -9.507 0.6161 -0.7877 0.0000
0.968 0.185 -9.357 0.6161 -0.7877 0.0000
0 1 2
0 2 3
4 6 5
4 7 6
8 10 9
8 11 10
12 13 14
12 14 15
16 17 18
16 18 19
20 22 21
20 23 22
24 25 35
24 35 34
25 26 36
25 36 35
26 27 37
26 37 36
27 28 38
27 38 37
28 29 39
28 39 38
29 30 40
29 40 39
30 31 41
30 41 40
31 32 42
31 42 41
32 33 43
32 43 42
33 24 34
33 34 43
44 46 45
44 47 46
44 48 47
44 49 48
44 50 49
44 51 50
44 52 51
44 53 52
44 54 53
44 45 54
55 56 57
55 57 58
55 58 59
55 59 60
55 60 61
55 61 62
55 62 63
55 63 64
55 64 65
55 65 56
LABEL sfoot0_slat_8_0
MATERIAL 7
TEXTURE 0
GEOM 104 76 ;sfoot0_slat_8_0
0.641 0.831 -9.562 0.0261 0.0204 0.9995
0.685 0.796 -9.562 0.0261 0.0204 0.9995
0.727 0.758 -9.562 0.0261 0.0204 0.9995
0.766 0.718 -9.562 0.0261 0.0204 0.9995
6.873 8.906 -9.900 0.0261 0.0204 0.9995
7.340 8.526 -9.900 0.0261 0.0204 0.9995
7.785 8.121 -9.900 0.0261 0.0204 0.9995
8.208 7.693 -9.900 0.0261 0.0204 0.9995
0.641 0.831 -9.562 -0.0261 -0.0204 -0.9995
0.685 0.796 -9.562 -0.0261 -0.0204 -0.9995
0.727 0.758 -9.562 -0.0261 -0.0204 -0.9995
0.766 0.718 -9.562 -0.0261 -0.0204 -0.9995
6.873 8.906 -9.900 -0.0261 -0.0204 -0.9995
7.340 8.526 -9.900 -0.0261 -0.0204 -0.9995
7.785 8.121 -9.900 -0.0261 -0.0204 -0.9995
8.208 7.693 -9.900 -0.0261 -0.0204 -0.9995
0.641 0.831 -9.812 -0.0261 -0.0204 -0.9995
0.685 0.796 -9.812 -0.0261 -0.0204 -0.9995
0.727 0.758 -9.812 -0.0261 -0.0204 -0.9995
0.766 0.718 -9.812 -0.0261 -0.0204 -0.9995
6.873 8.906 -10.150 -0.0261 -0.0204 -0.9995
7.340 8.526 -10.150 -0.0261 -0.0204 -0.9995
7.785 8.121 -10.150 -0.0261 -0.0204 -0.9995
8.208 7.693 -10.150 -0.0261 -0.0204 -0.9995
0.641 0.831 -9.812 0.0261 0.0204 0.9995
0.685 0.796 -9.812 0.0261 0.0204 0.9995
0.727 0.758 -9.812 0.0261 0.0204 0.9995
0.766 0.718 -9.812 0.0261 0.0204 0.9995
6.873 8.906 -10.150 0.0261 0.0204 0.9995
7.340 8.526 -10.150 0.0261 0.0204 0.9995
7.785 8.121 -10.150 0.0261 0.0204 0.9995
8.208 7.693 -10.150 0.0261 0.0204 0.9995
6.873 8.906 -10.150 0.6724 0.7401 0.0000
7.340 8.526 -10.150 0.6724 0.7401 0.0000
7.785 8.121 -10.150 0.6724 0.7401 0.0000
8.208 7.693 -10.150 0.6724 0.7401 0.0000
6.873 8.906 -9.900 0.6724 0.7401 0.0000
7.340 8.526 -9.900 0.6724 0.7401 0.0000
7.785 8.121 -9.900 0.6724 0.7401 0.0000
8.208 7.693 -9.900 0.6724 0.7401 0.0000
6.873 8.906 -10.150 -0.6724 -0.7401 -0.0000
7.340 8.526 -10.150 -0.6724 -0.7401 -0.0000
7.785 8.121 -10.150 -0.6724 -0.7401 -0.0000
8.208 7.693 -10.150 -0.6724 -0.7401 -0.0000
6.873 8.906 -9.900 -0.6724 -0.7401 -0.0000
7.340 8.526 -9.900 -0.6724 -0.7401 -0.0000
7.785 8.121 -9.900 -0.6724 -0.7401 -0.0000
8.208 7.693 -9.900 -0.6724 -0.7401 -0.0000
0.641 0.831 -9.812 -0.6724 -0.7401 -0.0000
0.685 0.796 -9.812 -0.6724 -0.7401 -0.0000
0.727 0.758 -9.812 -0.6724 -0.7401 -0.0000
0.766 0.718 -9.812 -0.6724 -0.7401 -0.0000
0.641 0.831 -9.562 -0.6724 -0.7401 -0.0000
0.685 0.796 -9.562 -0.6724 -0.7401 -0.0000
0.727 0.758 -9.562 -0.6724 -0.7401 -0.0000
0.766 0.718 -9.562 -0.6724 -0.7401 -0.0000
0.641 0.831 -9.812 0.6724 0.7401 0.0000
0.685 0.796 -9.812 0.6724 0.7401 0.0000
0.727 0.758 -9.812 0.6724 0.7401 0.0000
0.766 0.718 -9.812 0.6724 0.7401 0.0000
0.641 0.831 -9.562 0.6724 0.7401 0.0000
0.685 0.796 -9.562 0.6724 0.7401 0.0000
0.727 0.758 -9.562 0.6724 0.7401 0.0000
0.766 0.718 -9.562 0.6724 0.7401 0.0000
6.873 8.906 -9.900 0.6724 0.7401 0.0000
7.340 8.526 -9.900 0.6724 0.7401 0.0000
7.785 8.121 -9.900 0.6724 0.7401 0.0000
8.208 7.693 -9.900 0.6724 0.7401 0.0000
6.873 8.906 -9.200 0.6724 0.7401 0.0000
7.340 8.526 -9.200 0.6724 0.7401 0.0000
7.785 8.121 -9.200 0.6724 0.7401 0.0000
8.208 7.693 -9.200 0.6724 0.7401 0.0000
6.873 8.906 -9.900 -0.6724 -0.7401 -0.0000
7.340 8.526 -9.900 -0.6724 -0.7401 -0.0000
7.785 8.121 -9.900 -0.6724 -0.7401 -0.0000
8.208 7.693 -9.900 -0.6724 -0.7401 -0.0000
6.873 8.906 -9.200 -0.6724 -0.7401 -0.0000
7.340 8.526 -9.200 -0.6724 -0.7401 -0.0000
7.785 8.121 -9.200 -0.6724 -0.7401 -0.0000
8.208 7.693 -9.200 -0.6724 -0.7401 -0.0000
6.873 8.906 -9.200 -0.0000 -0.0000 1.0000
7.340 8.526 -9.200 -0.0000 -0.0000 1.0000
7.785 8.121 -9.200 -0.0000 -0.0000 1.0000
8.208 7.693 -9.200 -0.0000 -0.0000 1.0000
6.659 8.629 -9.188 -0.0000 -0.0000 1.0000
7.111 8.261 -9.188 -0.0000 -0.0000 1.0000
7.543 7.869 -9.188 -0.0000 -0.0000 1.0000
7.953 7.454 -9.188 -0.0000 -0.0000 1.0000
6.873 8.906 -9.200 0.0000 0.0000 -1.0000
7.340 8.526 -9.200 0.0000 0.0000 -1.0000
7.785 8.121 -9.200 0.0000 0.0000 -1.0000
8.208 7.693 -9.200 0.0000 0.0000 -1.0000
6.659 8.629 -9.188 0.0000 0.0000 -1.0000
7.111 8.261 -9.188 0.0000 0.0000 -1.0000
7.543 7.869 -9.188 0.0000 0.0000 -1.0000
7.953 7.454 -9.188 0.0000 0.0000 -1.0000
0.641 0.831 -9.812 0.7917 -0.6109 0.0000
6.873 8.906 -10.150 0.7917 -0.6109 0.0000
0.641 0.831 -9.562 0.7917 -0.6109 0.0000
6.873 8.906 -9.900 0.7917 -0.6109 0.0000
0.641 0.831 -9.812 -0.7917 0.6109 -0.0000
6.873 8.906 -10.150 -0.7917 0.6109 -0.0000
0.641 0.831 -9.562 -0.7917 0.6109 -0.0000
6.873 8.906 -9.900 -0.7917 0.6109 -0.0000
0 1 5
0 5 4
8 13 9
8 12 13
1 2 6
1 6 5
9 14 10
9 13 14
2 3 7
2 7 6
10 15 11
10 14 15
16 21 17
16 20 21
24 25 29
24 29 28
17 22 18
17 21 22
25 26 30
25 30 29
18 23 19
18 22 23
26 27 31
26 31 30
32 37 33
32 36 37
40 41 45
40 45 44
33 38 34
33 37 38
41 42 46
41 46 45
34 39 35
34 38 39
42 43 47
42 47 46
48 49 53
48 53 52
56 61 57
56 60 61
49 50 54
49 54 53
57 62 58
57 61 62
50 51 55
50 55 54
58 63 59
58 62 63
64 69 65
64 68 69
72 73 77
72 77 76
65 70 66
65 69 70
73 74 78
73 78 77
66 71 67
66 70 71
74 75 79
74 79 78
80 85 81
80 84 85
88 89 93
88 93 92
81 86 82
81 85 86
89 90 94
89 94 93
82 87 83
82 86 87
90 91 95
90 95 94
96 97 99
96 99 98
100 103 101
100 102 103
LABEL sfoot0_slat_8_1
MATERIAL 7
TEXTURE 0
GEOM 96 72 ;sfoot0_slat_8_1
0.769 0.715 -9.562 0.0261 0.0204 0.9995
0.808 0.670 -9.562 0.0261 0.0204 0.9995
0.845 0.623 -9.562 0.0261 0.0204 0.9995
0.879 0.574 -9.562 0.0261 0.0204 0.9995
8.239 7.660 -9.900 0.0261 0.0204 0.9995
8.661 7.180 -9.900 0.0261 0.0204 0.9995
9.055 6.676 -9.900 0.0261 0.0204 0.9995
9.419 6.151 -9.900 0.0261 0.0204 0.9995
0.769 0.715 -9.562 -0.0261 -0.0204 -0.9995
0.808 0.670 -9.562 -0.0261 -0.0204 -0.9995
0.845 0.623 -9.562 -0.0261 -0.0204 -0.9995
0.879 0.574 -9.562 -0.0261 -0.0204 -0.9995
8.239 7.660 -9.900 -0.0261 -0.0204 -0.9995
8.661 7.180 -9.900 -0.0261 -0.0204 -0.9995
9.055 6.676 -9.900 -0.0261 -0.0204 -0.9995
9.419 6.151 -9.900 -0.0261 -0.0204 -0.9995
0.769 0.715 -9.812 -0.0261 -0.0204 -0.9995
0.808 0.670 -9.812 -0.0261 -0.0204 -0.9995
0.845 0.623 -9.812 -0.0261 -0.0204 -0.9995
0.879 0.574 -9.812 -0.0261 -0.0204 -0.9995
8.239 7.660 -10.150 -0.0261 -0.0204 -0.9995
8.661 7.180 -10.150 -0.0261 -0.0204 -0.9995
9.055 6.676 -10.150 -0.0261 -0.0204 -0.9995
9.419 6.151 -10.150 -0.0261 -0.0204 -0.9995
0.769 0.715 -9.812 0.0261 0.0204 0.9995
0.808 0.670 -9.812 0.0261 0.0204 0.9995
0.845 0.623 -9.812 0.0261 0.0204 0.9995
0.879 0.574 -9.812 0.0261 0.0204 0.9995
8.239 7.660 -10.150 0.0261 0.0204 0.9995
8.661 7.180 -10.150 0.0261 0.0204 0.9995
9.055 6.676 -10.150 0.0261 0.0204 0.9995
9.419 6.151 -10.150 0.0261 0.0204 0.9995
8.239 7.660 -10.150 0.7877 0.6161 0.0000
8.661 7.180 -10.150 0.7877 0.6161 0.0000
9.055 6.676 -10.150 0.7877 0.6161 0.0000
9.419 6.151 -10.150 0.7877 0.6161 0.0000
8.239 7.660 -9.900 0.7877 0.6161 0.0000
8.661 7.180 -9.900 0.7877 0.6161 0.0000
9.055 6.676 -9.900 0.7877 0.6161 0.0000
9.419 6.151 -9.900 0.7877 0.6161 0.0000
8.239 7.660 -10.150 -0.7877 -0.6161 -0.0000
8.661 7.180 -10.150 -0.7877 -0.6161 -0.0000
9.055 6.676 -10.150 -0.7877 -0.6161 -0.0000
9.419 6.151 -10.150 -0.7877 -0.6161 -0.0000
8.239 7.660 -9.900 -0.7877 -0.6161 -0.0000
8.661 7.180 -9.900 -0.7877 -0.6161 -0.0000
9.055 6.676 -9.900 -0.7877 -0.6161 -0.0000
9.419 6.151 -9.900 -0.7877 -0.6161 -0.0000
0.769 0.715 -9.812 -0.7877 -0.6161 -0.0000
0.808 0.670 -9.812 -0.7877 -0.6161 -0.0000
0.845 0.623 -9.812 -0.7877 -0.6161 -0.0000
0.879 0.574 -9.812 -0.7877 -0.6161 -0.0000
0.769 0.715 -9.562 -0.7877 -0.6161 -0.0000
0.808 0.670 -9.562 -0.7877 -0.6161 -0.0000
0.845 0.623 -9.562 -0.7877 -0.6161 -0.0000
0.879 0.574 -9.562 -0.7877 -0.6161 -0.0000
0.769 0.715 -9.812 0.7877 0.6161 0.0000
0.808 0.670 -9.812 0.7877 0.6161 0.0000
0.845 0.623 -9.812 0.7877 0.6161 0.0000
0.879 0.574 -9.812 0.7877 0.6161 0.0000
0.769 0.715 -9.562 0.7877 0.6161 0.0000
0.808 0.670 -9.562 0.7877 0.6161 0.0000
0.845 0.623 -9.562 0.7877 0.6161 0.0000
0.879 0.574 -9.562 0.7877 0.6161 0.0000
8.239 7.660 -9.900 0.7877 0.6161 0.0000
8.661 7.180 -9.900 0.7877 0.6161 0.0000
9.055 6.676 -9.900 0.7877 0.6161 0.0000
9.419 6.151 -9.900 0.7877 0.6161 0.0000
8.239 7.660 -9.200 0.7877 0.6161 0.0000
8.661 7.180 -9.200 0.7877 0.6161 0.0000
9.055 6.676 -9.200 0.7877 0.6161 0.0000
9.419 6.151 -9.200 0.7877 0.6161 0.0000
8.239 7.660 -9.900 -0.7877 -0.6161 -0.0000
8.661 7.180 -9.900 -0.7877 -0.6161 -0.0000
9.055 6.676 -9.900 -0.7877 -0.6161 -0.0000
9.419 6.151 -9.900 -0.7877 -0.6161 -0.0000
8.239 7.660 -9.200 -0.7877 -0.6161 -0.0000
8.661 7.180 -9.200 -0.7877 -0.6161 -0.0000
9.055 6.676 -9.200 -0.7877 -0.6161 -0.0000
9.419 6.151 -9.200 -0.7877 -0.6161 -0.0000
8.239 7.660 -9.200 -0.0000 -0.0000 1.0000
8.661 7.180 -9.200 -0.0000 -0.0000 1.0000
9.055 6.676 -9.200 -0.0000 -0.0000 1.0000
9.419 6.151 -9.200 -0.0000 -0.0000 1.0000
7.983 7.422 -9.188 -0.0000 -0.0000 1.0000
8.391 6.957 -9.188 -0.0000 -0.0000 1.0000
8.773 6.469 -9.188 -0.0000 -0.0000 1.0000
9.126 5.960 -9.188 -0.0000 -0.0000 1.0000
8.239 7.660 -9.200 0.0000 0.0000 -1.0000
8.661 7.180 -9.200 0.0000 0.0000 -1.0000
9.055 6.676 -9.200 0.0000 0.0000 -1.0000
9.419 6.151 -9.200 0.0000 0.0000 -1.0000
7.983 7.422 -9.188 0.0000 0.0000 -1.0000
8.391 6.957 -9.188 0.0000 0.0000 -1.0000
8.773 6.469 -9.188 0.0000 0.0000 -1.0000
9.126 5.960 -9.188 0.0000 0.0000 -1.0000
0 1 5
0 5 4
8 13 9
8 12 13
1 2 6
1 6 5
9 14 10
9 13 14
2 3 7
2 7 6
10 15 11
10 14 15
16 21 17
16 20 21
24 25 29
24 29 28
17 22 18
17 21 22
25 26 30
25 30 29
18 23 19
18 22 23
26 27 31
26 31 30
32 37 33
32 36 37
40 41 45
40 45 44
33 38 34
33 37 38
41 42 46
41 46 45
34 39 35
34 38 39
42 43 47
42 47 46
48 49 53
48 53 52
56 61 57
56 60 61
49 50 54
49 54 53
57 62 58
57 61 62
50 51 55
50 55 54
58 63 59
58 62 63
64 69 65
64 68 69
72 73 77
72 77 76
65 70 66
65 69 70
73 74 78
73 78 77
66 71 67
66 70 71
74 75 79
74 79 78
80 85 81
80 84 85
88 89 93
88 93 92
81 86 82
81 85 86
89 90 94
89 94 93
82 87 83
82 86 87
90 91 95
90 95 94
LABEL sfoot0_slat_8_2
MATERIAL 7
TEXTURE 0
GEOM 104 76 ;sfoot0_slat_8_2
0.881 0.571 -9.562 0.0261 0.0204 0.9995
0.911 0.523 -9.562 0.0261 0.0204 0.9995
0.937 0.473 -9.562 0.0261 0.0204 0.9995
0.961 0.422 -9.562 0.0261 0.0204 0.9995
9.444 6.113 -9.900 0.0261 0.0204 0.9995
9.757 5.599 -9.900 0.0261 0.0204 0.9995
10.043 5.070 -9.900 0.0261 0.0204 0.9995
10.300 4.525 -9.900 0.0261 0.0204 0.9995
0.881 0.571 -9.562 -0.0261 -0.0204 -0.9995
0.911 0.523 -9.562 -0.0261 -0.0204 -0.9995
0.937 0.473 -9.562 -0.0261 -0.0204 -0.9995
0.961 0.422 -9.562 -0.0261 -0.0204 -0.9995
9.444 6.113 -9.900 -0.0261 -0.0204 -0.9995
9.757 5.599 -9.900 -0.0261 -0.0204 -0.9995
10.043 5.070 -9.900 -0.0261 -0.0204 -0.9995
10.300 4.525 -9.900 -0.0261 -0.0204 -0.9995
0.881 0.571 -9.812 -0.0261 -0.0204 -0.9995
0.911 0.523 -9.812 -0.0261 -0.0204 -0.9995
0.937 0.473 -9.812 -0.0261 -0.0204 -0.9995
0.961 0.422 -9.812 -0.0261 -0.0204 -0.9995
9.444 6.113 -10.150 -0.0261 -0.0204 -0.9995
9.757 5.599 -10.150 -0.0261 -0.0204 -0.9995
10.043 5.070 -10.150 -0.0261 -0.0204 -0.9995
10.300 4.525 -10.150 -0.0261 -0.0204 -0.9995
0.881 0.571 -9.812 0.0261 0.0204 0.9995
0.911 0.523 -9.812 0.0261 0.0204 0.9995
0.937 0.473 -9.812 0.0261 0.0204 0.9995
0.961 0.422 -9.812 0.0261 0.0204 0.9995
9.444 6.113 -10.150 0.0261 0.0204 0.9995
9.757 5.599 -10.150 0.0261 0.0204 0.9995
10.043 5.070 -10.150 0.0261 0.0204 0.9995
10.300 4.525 -10.150 0.0261 0.0204 0.9995
9.444 6.113 -10.150 0.8803 0.4743 0.0000
9.757 5.599 -10.150 0.8803 0.4743 0.0000
10.043 5.070 -10.150 0.8803 0.4743 0.0000
10.300 4.525 -10.150 0.8803 0.4743 0.0000
9.444 6.113 -9.900 0.8803 0.4743 0.0000
9.757 5.599 -9.900 0.8803 0.4743 0.0000
10.043 5.070 -9.900 0.8803 0.4743 0.0000
10.300 4.525 -9.900 0.8803 0.4743 0.0000
9.444 6.113 -10.150 -0.8803 -0.4743 -0.0000
9.757 5.599 -10.150 -0.8803 -0.4743 -0.0000
10.043 5.070 -10.150 -0.8803 -0.4743 -0.0000
10.300 4.525 -10.150 -0.8803 -0.4743 -0.0000
9.444 6.113 -9.900 -0.8803 -0.4743 -0.0000
9.757 5.599 -9.900 -0.8803 -0.4743 -0.0000
10.043 5.070 -9.900 -0.8803 -0.4743 -0.0000
10.300 4.525 -9.900 -0.8803 -0.4743 -0.0000
0.881 0.571 -9.812 -0.8803 -0.4743 -0.0000
0.911 0.523 -9.812 -0.8803 -0.4743 -0.0000
0.937 0.473 -9.812 -0.8803 -0.4743 -0.0000
0.961 0.422 -9.812 -0.8803 -0.4743 -0.0000
0.881 0.571 -9.562 -0.8803 -0.4743 -0.0000
0.911 0.523 -9.562 -0.8803 -0.4743 -0.0000
0.937 0.473 -9.562 -0.8803 -0.4743 -0.0000
0.961 0.422 -9.562 -0.8803 -0.4743 -0.0000
0.881 0.571 -9.812 0.8803 0.4743 0.0000
0.911 0.523 -9.812 0.8803 0.4743 0.0000
0.937 0.473 -9.812 0.8803 0.4743 0.0000
0.961 0.422 -9.812 0.8803 0.4743 0.0000
0.881 0.571 -9.562 0.8803 0.4743 0.0000
0.911 0.523 -9.562 0.8803 0.4743 0.0000
0.937 0.473 -9.562 0.8803 0.4743 0.0000
0.961 0.422 -9.562 0.8803 0.4743 0.0000
9.444 6.113 -9.900 0.8803 0.4743 0.0000
9.757 5.599 -9.900 0.8803 0.4743 0.0000
10.043 5.070 -9.900 0.8803 0.4743 0.0000
10.300 4.525 -9.900 0.8803 0.4743 0.0000
9.444 6.113 -9.200 0.8803 0.4743 0.0000
9.757 5.599 -9.200 0.8803 0.4743 0.0000
10.043 5.070 -9.200 0.8803 0.4743 0.0000
10.300 4.525 -9.200 0.8803 0.4743 0.0000
9.444 6.113 -9.900 -0.8803 -0.4743 -0.0000
9.757 5.599 -9.900 -0.8803 -0.4743 -0.0000
10.043 5.070 -9.900 -0.8803 -0.4743 -0.0000
10.300 4.525 -9.900 -0.8803 -0.4743 -0.0000
9.444 6.113 -9.200 -0.8803 -0.4743 -0.0000
9.757 5.599 -9.200 -0.8803 -0.4743 -0.0000
10.043 5.070 -9.200 -0.8803 -0.4743 -0.0000
10.300 4.525 -9.200 -0.8803 -0.4743 -0.0000
9.444 6.113 -9.200 -0.0000 -0.0000 1.0000
9.757 5.599 -9.200 -0.0000 -0.0000 1.0000
10.043 5.070 -9.200 -0.0000 -0.0000 1.0000
10.300 4.525 -9.200 -0.0000 -0.0000 1.0000
9.150 5.923 -9.188 -0.0000 -0.0000 1.0000
9.454 5.425 -9.188 -0.0000 -0.0000 1.0000
9.731 4.912 -9.188 -0.0000 -0.0000 1.0000
9.979 4.384 -9.188 -0.0000 -0.0000 1.0000
9.444 6.113 -9.200 0.0000 0.0000 -1.0000
9.757 5.599 -9.200 0.0000 0.0000 -1.0000
10.043 5.070 -9.200 0.0000 0.0000 -1.0000
10.300 4.525 -9.200 0.0000 0.0000 -1.0000
9.150 5.923 -9.188 0.0000 0.0000 -1.0000
9.454 5.425 -9.188 0.0000 0.0000 -1.0000
9.731 4.912 -9.188 0.0000 0.0000 -1.0000
9.979 4.384 -9.188 0.0000 0.0000 -1.0000
0.961 0.422 -9.812 0.4022 -0.9155 0.0000
10.300 4.525 -10.150 0.4022 -0.9155 0.0000
0.961 0.422 -9.562 0.4022 -0.9155 0.0000
10.300 4.525 -9.900 0.4022 -0.9155 0.0000
0.961 0.422 -9.812 -0.4022 0.9155 -0.0000
10.300 4.525 -10.150 -0.4022 0.9155 -0.0000
0.961 0.422 -9.562 -0.4022 0.9155 -0.0000
10.300 4.525 -9.900 -0.4022 0.9155 -0.0000
0 1 5
0 5 4
8 13 9
8 12 13
1 2 6
1 6 5
9 14 10
9 13 14
2 3 7
2 7 6
10 15 11
10 14 15
16 21 17
16 20 21
24 25 29
24 29 28
17 22 18
17 21 22
25 26 30
25 30 29
18 23 19
18 22 23
26 27 31
26 31 30
32 37 33
32 36 37
40 41 45
40 45 44
33 38 34
33 37 38
41 42 46
41 46 45
34 39 35
34 38 39
42 43 47
42 47 46
48 49 53
48 53 52
56 61 57
56 60 61
49 50 54
49 54 53
57 62 58
57 61 62
50 51 55
50 55 54
58 63 59
58 62 63
64 69 65
64 68 69
72 73 77
72 77 76
65 70 66
65 69 70
73 74 78
73 78 77
66 71 67
66 70 71
74 75 79
74 79 78
80 85 81
80 84 85
88 89 93
88 93 92
81 86 82
81 85 86
89 90 94
89 94 93
82 87 83
82 86 87
90 91 95
90 95 94
96 97 99
96 99 98
100 103 101
100 102 103
LABEL sfoot0_strut_8
MATERIAL 9
TEXTURE 0
GEOM 50 48 ;sfoot0_strut_8
1.213 0.708 -5.255 0.6134 -0.0000 0.7898
1.275 0.496 -5.389 0.7387 -0.4254 0.5228
1.239 0.340 -5.592 0.6661 -0.7368 0.1157
1.113 0.283 -5.811 0.4151 -0.8508 -0.3224
0.932 0.340 -5.987 0.0527 -0.7368 -0.6741
0.744 0.496 -6.073 -0.3237 -0.4254 -0.8451
0.599 0.708 -6.045 -0.6134 -0.0000 -0.7898
0.536 0.921 -5.911 -0.7387 0.4254 -0.5228
0.573 1.077 -5.708 -0.6661 0.7368 -0.1157
0.698 1.134 -5.489 -0.4151 0.8508 0.3224
0.879 1.077 -5.313 -0.0527 0.7368 0.6741
1.068 0.921 -5.227 0.3237 0.4254 0.8451
3.975 2.869 -7.401 0.6134 -0.0000 0.7898
4.038 2.657 -7.534 0.7387 -0.4254 0.5228
4.002 2.501 -7.738 0.6661 -0.7368 0.1157
3.876 2.444 -7.957 0.4151 -0.8508 -0.3224
3.695 2.501 -8.133 0.0527 -0.7368 -0.6741
3.507 2.657 -8.218 -0.3237 -0.4254 -0.8451
3.362 2.869 -8.191 -0.6134 -0.0000 -0.7898
3.299 3.082 -8.057 -0.7387 0.4254 -0.5228
3.336 3.238 -7.854 -0.6661 0.7368 -0.1157
3.461 3.295 -7.635 -0.4151 0.8508 0.3224
3.642 3.238 -7.459 -0.0527 0.7368 0.6741
3.831 3.082 -7.373 0.3237 0.4254 0.8451
0.906 0.708 -5.650 -0.6719 -0.5255 0.5219
1.213 0.708 -5.255 -0.6719 -0.5255 0.5219
1.275 0.496 -5.389 -0.6719 -0.5255 0.5219
1.239 0.340 -5.592 -0.6719 -0.5255 0.5219
1.113 0.283 -5.811 -0.6719 -0.5255 0.5219
0.932 0.340 -5.987 -0.6719 -0.5255 0.5219
0.744 0.496 -6.073 -0.6719 -0.5255 0.5219
0.599 0.708 -6.045 -0.6719 -0.5255 0.5219
0.536 0.921 -5.911 -0.6719 -0.5255 0.5219
0.573 1.077 -5.708 -0.6719 -0.5255 0.5219
0.698 1.134 -5.489 -0.6719 -0.5255 0.5219
0.879 1.077 -5.313 -0.6719 -0.5255 0.5219
1.068 0.921 -5.227 -0.6719 -0.5255 0.5219
3.669 2.869 -7.796 0.6719 0.5255 -0.5219
3.975 2.869 -7.401 0.6719 0.5255 -0.5219
4.038 2.657 -7.534 0.6719 0.5255 -0.5219
4.002 2.501 -7.738 0.6719 0.5255 -0.5219
3.876 2.444 -7.957 0.6719 0.5255 -0.5219
3.695 2.501 -8.133 0.6719 0.5255 -0.5219
3.507 2.657 -8.218 0.6719 0.5255 -0.5219
3.362 2.869 -8.191 0.6719 0.5255 -0.5219
3.299 3.082 -8.057 0.6719 0.5255 -0.5219
3.336 3.238 -7.854 0.6719 0.5255 -0.5219
3.461 3.295 -7.635 0.6719 0.5255 -0.5219
3.642 3.238 -7.459 0.6719 0.5255 -0.5219
3.831 3.082 -7.373 0.6719 0.5255 -0.5219
0 1 13
0 13 12
1 2 14
1 14 13
2 3 15
2 15 14
3 4 16
3 16 15
4 5 17
4 17 16
5 6 18
5 18 17
6 7 19
6 19 18
7 8 20
7 20 19
8 9 21
8 21 20
9 10 22
9 22 21
10 11 23
10 23 22
11 0 12
11 12 23
24 26 25
24 27 26
24 28 27
24 29 28
24 30 29
24 31 30
24 32 31
24 33 32
24 34 33
24 35 34
24 36 35
24 25 36
37 38 39
37 39 40
37 40 41
37 41 42
37 42 43
37 43 44
37 44 45
37 45 46
37 46 47
37 47 48
37 48 49
37 49 38
LABEL sfoot0_rod_8
MATERIAL 7
TEXTURE 0
GEOM 42 40 ;sfoot0_rod_8
3.419 2.554 -7.285 0.6134 -0.0000 0.7898
3.451 2.429 -7.370 0.7402 -0.5001 0.4495
3.412 2.352 -7.498 0.5843 -0.8091 -0.0625
3.317 2.352 -7.620 0.2052 -0.8091 -0.5506
3.202 2.429 -7.690 -0.2523 -0.5001 -0.8284
3.112 2.554 -7.680 -0.6134 -0.0000 -0.7898
3.080 2.679 -7.595 -0.7402 0.5001 -0.4495
3.119 2.756 -7.467 -0.5843 0.8091 0.0625
3.214 2.756 -7.345 -0.2052 0.8091 0.5506
3.329 2.679 -7.276 0.2523 0.5001 0.8284
6.083 4.637 -9.354 0.6134 -0.0000 0.7898
6.114 4.512 -9.439 0.7402 -0.5001 0.4495
6.075 4.435 -9.567 0.5843 -0.8091 -0.0625
5.980 4.435 -9.689 0.2052 -0.8091 -0.5506
5.866 4.512 -9.759 -0.2523 -0.5001 -0.8284
5.776 4.637 -9.749 -0.6134 -0.0000 -0.7898
5.744 4.762 -9.664 -0.7402 0.5001 -0.4495
5.783 4.840 -9.536 -0.5843 0.8091 0.0625
5.878 4.840 -9.414 -0.2052 0.8091 0.5506
5.992 4.762 -9.344 0.2523 0.5001 0.8284
3.266 2.554 -7.483 -0.6719 -0.5255 0.5219
3.419 2.554 -7.285 -0.6719 -0.5255 0.5219
3.451 2.429 -7.370 -0.6719 -0.5255 0.5219
3.412 2.352 -7.498 -0.6719 -0.5255 0.5219
3.317 2.352 -7.620 -0.6719 -0.5255 0.5219
3.202 2.429 -7.690 -0.6719 -0.5255 0.5219
3.112 2.554 -7.680 -0.6719 -0.5255 0.5219
3.080 2.679 -7.595 -0.6719 -0.5255 0.5219
3.119 2.756 -7.467 -0.6719 -0.5255 0.5219
3.214 2.756 -7.345 -0.6719 -0.5255 0.5219
3.329 2.679 -7.276 -0.6719 -0.5255 0.5219
5.929 4.637 -9.551 0.6719 0.5255 -0.5219
6.083 4.637 -9.354 0.6719 0.5255 -0.5219
6.114 4.512 -9.439 0.6719 0.5255 -0.5219
6.075 4.435 -9.567 0.6719 0.5255 -0.5219
5.980 4.435 -9.689 0.6719 0.5255 -0.5219
5.866 4.512 -9.759 0.6719 0.5255 -0.5219
5.776 4.637 -9.749 0.6719 0.5255 -0.5219
5.744 4.762 -9.664 0.6719 0.5255 -0.5219
5.783 4.840 -9.536 0.6719 0.5255 -0.5219
5.878 4.840 -9.414 0.6719 0.5255 -0.5219
5.992 4.762 -9.344 0.6719 0.5255 -0.5219
0 1 11
0 11 10
1 2 12
1 12 11
2 3 13
2 13 12
3 4 14
3 14 13
4 5 15
4 15 14
5 6 16
5 16 15
6 7 17
6 17 16
7 8 18
7 18 17
8 9 19
8 19 18
9 0 10
9 10 19
20 22 21
20 23 22
20 24 23
20 25 24
20 26 25
20 27 26
20 28 27
20 29 28
20 30 29
20 21 30
31 32 33
31 33 34
31 34 35
31 35 36
31 36 37
31 37 38
31 38 39
31 39 40
31 40 41
31 41 32
LABEL sfoot0_skirt_8_0
MATERIAL 7
TEXTURE 0
GEOM 16 12 ;sfoot0_skirt_8_0
6.873 8.906 -11.050 0.6724 0.7401 0.0000
7.340 8.526 -11.050 0.6724 0.7401 0.0000
7.785 8.121 -11.050 0.6724 0.7401 0.0000
8.208 7.693 -11.050 0.6724 0.7401 0.0000
6.873 8.906 -10.150 0.6724 0.7401 0.0000
7.340 8.526 -10.150 0.6724 0.7401 0.0000
7.785 8.121 -10.150 0.6724 0.7401 0.0000
8.208 7.693 -10.150 0.6724 0.7401 0.0000
6.873 8.906 -11.050 -0.6724 -0.7401 -0.0000
7.340 8.526 -11.050 -0.6724 -0.7401 -0.0000
7.785 8.121 -11.050 -0.6724 -0.7401 -0.0000
8.208 7.693 -11.050 -0.6724 -0.7401 -0.0000
6.873 8.906 -10.150 -0.6724 -0.7401 -0.0000
7.340 8.526 -10.150 -0.6724 -0.7401 -0.0000
7.785 8.121 -10.150 -0.6724 -0.7401 -0.0000
8.208 7.693 -10.150 -0.6724 -0.7401 -0.0000
0 5 1
0 4 5
8 9 13
8 13 12
1 6 2
1 5 6
9 10 14
9 14 13
2 7 3
2 6 7
10 11 15
10 15 14
LABEL sfoot0_skirt_8_1
MATERIAL 7
TEXTURE 0
GEOM 16 12 ;sfoot0_skirt_8_1
8.239 7.660 -11.050 0.7877 0.6161 0.0000
8.661 7.180 -11.050 0.7877 0.6161 0.0000
9.055 6.676 -11.050 0.7877 0.6161 0.0000
9.419 6.151 -11.050 0.7877 0.6161 0.0000
8.239 7.660 -10.150 0.7877 0.6161 0.0000
8.661 7.180 -10.150 0.7877 0.6161 0.0000
9.055 6.676 -10.150 0.7877 0.6161 0.0000
9.419 6.151 -10.150 0.7877 0.6161 0.0000
8.239 7.660 -11.050 -0.7877 -0.6161 -0.0000
8.661 7.180 -11.050 -0.7877 -0.6161 -0.0000
9.055 6.676 -11.050 -0.7877 -0.6161 -0.0000
9.419 6.151 -11.050 -0.7877 -0.6161 -0.0000
8.239 7.660 -10.150 -0.7877 -0.6161 -0.0000
8.661 7.180 -10.150 -0.7877 -0.6161 -0.0000
9.055 6.676 -10.150 -0.7877 -0.6161 -0.0000
9.419 6.151 -10.150 -0.7877 -0.6161 -0.0000
0 5 1
0 4 5
8 9 13
8 13 12
1 6 2
1 5 6
9 10 14
9 14 13
2 7 3
2 6 7
10 11 15
10 15 14
LABEL sfoot0_skirt_8_2
MATERIAL 7
TEXTURE 0
GEOM 16 12 ;sfoot0_skirt_8_2
9.444 6.113 -11.050 0.8803 0.4743 0.0000
9.757 5.599 -11.050 0.8803 0.4743 0.0000
10.043 5.070 -11.050 0.8803 0.4743 0.0000
10.300 4.525 -11.050 0.8803 0.4743 0.0000
9.444 6.113 -10.150 0.8803 0.4743 0.0000
9.757 5.599 -10.150 0.8803 0.4743 0.0000
10.043 5.070 -10.150 0.8803 0.4743 0.0000
10.300 4.525 -10.150 0.8803 0.4743 0.0000
9.444 6.113 -11.050 -0.8803 -0.4743 -0.0000
9.757 5.599 -11.050 -0.8803 -0.4743 -0.0000
10.043 5.070 -11.050 -0.8803 -0.4743 -0.0000
10.300 4.525 -11.050 -0.8803 -0.4743 -0.0000
9.444 6.113 -10.150 -0.8803 -0.4743 -0.0000
9.757 5.599 -10.150 -0.8803 -0.4743 -0.0000
10.043 5.070 -10.150 -0.8803 -0.4743 -0.0000
10.300 4.525 -10.150 -0.8803 -0.4743 -0.0000
0 5 1
0 4 5
8 9 13
8 13 12
1 6 2
1 5 6
9 10 14
9 14 13
2 7 3
2 6 7
10 11 15
10 15 14
LABEL sfoot0_petal_9
MATERIAL 7
TEXTURE 0
GEOM 66 52 ;sfoot0_petal_9
0.850 0.473 -9.557 -0.9896 -0.1396 0.0332
0.948 -0.220 -9.557 -0.9896 -0.1396 0.0332
0.963 -0.218 -9.107 -0.9896 -0.1396 0.0332
0.865 0.476 -9.107 -0.9896 -0.1396 0.0332
10.703 1.863 -9.887 0.9896 0.1396 -0.0332
10.801 1.170 -9.887 0.9896 0.1396 -0.0332
10.815 1.172 -9.437 0.9896 0.1396 -0.0332
10.718 1.866 -9.437 0.9896 0.1396 -0.0332
0.850 0.473 -9.557 -0.1397 0.9902 -0.0000
10.703 1.863 -9.887 -0.1397 0.9902 -0.0000
10.718 1.866 -9.437 -0.1397 0.9902 -0.0000
0.865 0.476 -9.107 -0.1397 0.9902 -0.0000
0.948 -0.220 -9.557 0.1397 -0.9902 0.0000
10.801 1.170 -9.887 0.1397 -0.9902 0.0000
10.815 1.172 -9.437 0.1397 -0.9902 0.0000
0.963 -0.218 -9.107 0.1397 -0.9902 0.0000
0.850 0.473 -9.557 -0.0328 -0.0046 -0.9995
10.703 1.863 -9.887 -0.0328 -0.0046 -0.9995
10.801 1.170 -9.887 -0.0328 -0.0046 -0.9995
0.948 -0.220 -9.557 -0.0328 -0.0046 -0.9995
0.865 0.476 -9.107 0.0328 0.0046 0.9995
10.718 1.866 -9.437 0.0328 0.0046 0.9995
10.815 1.172 -9.437 0.0328 0.0046 0.9995
0.963 -0.218 -9.107 0.0328 0.0046 0.9995
0.630 0.543 -9.300 -0.0000 0.0000 1.0000
0.456 0.519 -9.357 -0.5820 -0.0821 0.8090
0.348 0.504 -9.507 -0.9417 -0.1329 0.3090
0.348 0.504 -9.693 -0.9417 -0.1329 -0.3090
0.456 0.519 -9.843 -0.5820 -0.0821 -0.8090
0.630 0.543 -9.900 -0.0000 -0.0000 -1.0000
0.805 0.568 -9.843 0.5820 0.0821 -0.8090
0.913 0.583 -9.693 0.9417 0.1329 -0.3090
0.913 0.583 -9.507 0.9417 0.1329 0.3090
0.805 0.568 -9.357 0.5820 0.0821 0.8090
0.756 -0.348 -9.300 -0.0000 0.0000 1.0000
0.581 -0.372 -9.357 -0.5820 -0.0821 0.8090
0.473 -0.388 -9.507 -0.9417 -0.1329 0.3090
0.473 -0.388 -9.693 -0.9417 -0.1329 -0.3090
0.581 -0.372 -9.843 -0.5820 -0.0821 -0.8090
0.756 -0.348 -9.900 -0.0000 -0.0000 -1.0000
0.931 -0.323 -9.843 0.5820 0.0821 -0.8090
1.039 -0.308 -9.693 0.9417 0.1329 -0.3090
1.039 -0.308 -9.507 0.9417 0.1329 0.3090
0.931 -0.323 -9.357 0.5820 0.0821 0.8090
0.630 0.543 -9.600 -0.1397 0.9902 -0.0000
0.630 0.543 -9.300 -0.1397 0.9902 -0.0000
0.456 0.519 -9.357 -0.1397 0.9902 -0.0000
0.348 0.504 -9.507 -0.1397 0.9902 -0.0000
0.348 0.504 -9.693 -0.1397 0.9902 -0.0000
0.456 0.519 -9.843 -0.1397 0.9902 -0.0000
0.630 0.543 -9.900 -0.1397 0.9902 -0.0000
0.805 0.568 -9.843 -0.1397 0.9902 -0.0000
0.913 0.583 -9.693 -0.1397 0.9902 -0.0000
0.913 0.583 -9.507 -0.1397 0.9902 -0.0000
0.805 0.568 -9.357 -0.1397 0.9902 -0.0000
0.756 -0.348 -9.600 0.1397 -0.9902 0.0000
0.756 -0.348 -9.300 0.1397 -0.9902 0.0000
0.581 -0.372 -9.357 0.1397 -0.9902 0.0000
0.473 -0.388 -9.507 0.1397 -0.9902 0.0000
0.473 -0.388 -9.693 0.1397 -0.9902 0.0000
0.581 -0.372 -9.843 0.1397 -0.9902 0.0000
0.756 -0.348 -9.900 0.1397 -0.9902 0.0000
0.931 -0.323 -9.843 0.1397 -0.9902 0.0000
1.039 -0.308 -9.693 0.1397 -0.9902 0.0000
1.039 -0.308 -9.507 0.1397 -0.9902 0.0000
0.931 -0.323 -9.357 0.1397 -0.9902 0.0000
0 1 2
0 2 3
4 6 5
4 7 6
8 10 9
8 11 10
12 13 14
12 14 15
16 17 18
16 18 19
20 22 21
20 23 22
24 25 35
24 35 34
25 26 36
25 36 35
26 27 37
26 37 36
27 28 38
27 38 37
28 29 39
28 39 38
29 30 40
29 40 39
30 31 41
30 41 40
31 32 42
31 42 41
32 33 43
32 43 42
33 24 34
33 34 43
44 46 45
44 47 46
44 48 47
44 49 48
44 50 49
44 51 50
44 52 51
44 53 52
44 54 53
44 45 54
55 56 57
55 57 58
55 58 59
55 59 60
55 60 61
55 61 62
55 62 63
55 63 64
55 64 65
55 65 56
LABEL sfoot0_slat_9_0
MATERIAL 7
TEXTURE 0
GEOM 104 76 ;sfoot0_slat_9_0
0.971 0.399 -9.562 0.0328 0.0046 0.9995
0.991 0.347 -9.562 0.0328 0.0046 0.9995
1.008 0.293 -9.562 0.0328 0.0046 0.9995
1.022 0.239 -9.562 0.0328 0.0046 0.9995
10.405 4.277 -9.900 0.0328 0.0046 0.9995
10.619 3.714 -9.900 0.0328 0.0046 0.9995
10.803 3.141 -9.900 0.0328 0.0046 0.9995
10.955 2.558 -9.900 0.0328 0.0046 0.9995
0.971 0.399 -9.562 -0.0328 -0.0046 -0.9995
0.991 0.347 -9.562 -0.0328 -0.0046 -0.9995
1.008 0.293 -9.562 -0.0328 -0.0046 -0.9995
1.022 0.239 -9.562 -0.0328 -0.0046 -0.9995
10.405 4.277 -9.900 -0.0328 -0.0046 -0.9995
10.619 3.714 -9.900 -0.0328 -0.0046 -0.9995
10.803 3.141 -9.900 -0.0328 -0.0046 -0.9995
10.955 2.558 -9.900 -0.0328 -0.0046 -0.9995
0.971 0.399 -9.812 -0.0328 -0.0046 -0.9995
0.991 0.347 -9.812 -0.0328 -0.0046 -0.9995
1.008 0.293 -9.812 -0.0328 -0.0046 -0.9995
1.022 0.239 -9.812 -0.0328 -0.0046 -0.9995
10.405 4.277 -10.150 -0.0328 -0.0046 -0.9995
10.619 3.714 -10.150 -0.0328 -0.0046 -0.9995
10.803 3.141 -10.150 -0.0328 -0.0046 -0.9995
10.955 2.558 -10.150 -0.0328 -0.0046 -0.9995
0.971 0.399 -9.812 0.0328 0.0046 0.9995
0.991 0.347 -9.812 0.0328 0.0046 0.9995
1.008 0.293 -9.812 0.0328 0.0046 0.9995
1.022 0.239 -9.812 0.0328 0.0046 0.9995
10.405 4.277 -10.150 0.0328 0.0046 0.9995
10.619 3.714 -10.150 0.0328 0.0046 0.9995
10.803 3.141 -10.150 0.0328 0.0046 0.9995
10.955 2.558 -10.150 0.0328 0.0046 0.9995
10.405 4.277 -10.150 0.9524 0.3048 0.0000
10.619 3.714 -10.150 0.9524 0.3048 0.0000
10.803 3.141 -10.150 0.9524 0.3048 0.0000
10.955 2.558 -10.150 0.9524 0.3048 0.0000
10.405 4.277 -9.900 0.9524 0.3048 0.0000
10.619 3.714 -9.900 0.9524 0.3048 0.0000
10.803 3.141 -9.900 0.9524 0.3048 0.0000
10.955 2.558 -9.900 0.9524 0.3048 0.0000
10.405 4.277 -10.150 -0.9524 -0.3048 -0.0000
10.619 3.714 -10.150 -0.9524 -0.3048 -0.0000
10.803 3.141 -10.150 -0.9524 -0.3048 -0.0000
10.955 2.558 -10.150 -0.9524 -0.3048 -0.0000
10.405 4.277 -9.900 -0.9524 -0.3048 -0.0000
10.619 3.714 -9.900 -0.9524 -0.3048 -0.0000
10.803 3.141 -9.900 -0.9524 -0.3048 -0.0000
10.955 2.558 -9.900 -0.9524 -0.3048 -0.0000
0.971 0.399 -9.812 -0.9524 -0.3048 -0.0000
0.991 0.347 -9.812 -0.9524 -0.3048 -0.0000
1.008 0.293 -9.812 -0.9524 -0.3048 -0.0000
1.022 0.239 -9.812 -0.9524 -0.3048 -0.0000
0.971 0.399 -9.562 -0.9524 -0.3048 -0.0000
0.991 0.347 -9.562 -0.9524 -0.3048 -0.0000
1.008 0.293 -9.562 -0.9524 -0.3048 -0.0000
1.022 0.239 -9.562 -0.9524 -0.3048 -0.0000
0.971 0.399 -9.812 0.9524 0.3048 0.0000
0.991 0.347 -9.812 0.9524 0.3048 0.0000
1.008 0.293 -9.812 0.9524 0.3048 0.0000
1.022 0.239 -9.812 0.9524 0.3048 0.0000
0.971 0.399 -9.562 0.9524 0.3048 0.0000
0.991 0.347 -9.562 0.9524 0.3048 0.0000
1.008 0.293 -9.562 0.9524 0.3048 0.0000
1.022 0.239 -9.562 0.9524 0.3048 0.0000
10.405 4.277 -9.900 0.9524 0.3048 0.0000
10.619 3.714 -9.900 0.9524 0.3048 0.0000
10.803 3.141 -9.900 0.9524 0.3048 0.0000
10.955 2.558 -9.900 0.9524 0.3048 0.0000
10.405 4.277 -9.200 0.9524 0.3048 0.0000
10.619 3.714 -9.200 0.9524 0.3048 0.0000
10.803 3.141 -9.200 0.9524 0.3048 0.0000
10.955 2.558 -9.200 0.9524 0.3048 0.0000
10.405 4.277 -9.900 -0.9524 -0.3048 -0.0000
10.619 3.714 -9.900 -0.9524 -0.3048 -0.0000
10.803 3.141 -9.900 -0.9524 -0.3048 -0.0000
10.955 2.558 -9.900 -0.9524 -0.3048 -0.0000
10.405 4.277 -9.200 -0.9524 -0.3048 -0.0000
10.619 3.714 -9.200 -0.9524 -0.3048 -0.0000
10.803 3.141 -9.200 -0.9524 -0.3048 -0.0000
10.955 2.558 -9.200 -0.9524 -0.3048 -0.0000
10.405 4.277 -9.200 -0.0000 -0.0000 1.0000
10.619 3.714 -9.200 -0.0000 -0.0000 1.0000
10.803 3.141 -9.200 -0.0000 -0.0000 1.0000
10.955 2.558 -9.200 -0.0000 -0.0000 1.0000
10.082 4.144 -9.188 -0.0000 -0.0000 1.0000
10.289 3.598 -9.188 -0.0000 -0.0000 1.0000
10.467 3.043 -9.188 -0.0000 -0.0000 1.0000
10.614 2.479 -9.188 -0.0000 -0.0000 1.0000
10.405 4.277 -9.200 0.0000 0.0000 -1.0000
10.619 3.714 -9.200 0.0000 0.0000 -1.0000
10.803 3.141 -9.200 0.0000 0.0000 -1.0000
10.955 2.558 -9.200 0.0000 0.0000 -1.0000
10.082 4.144 -9.188 0.0000 0.0000 -1.0000
10.289 3.598 -9.188 0.0000 0.0000 -1.0000
10.467 3.043 -9.188 0.0000 0.0000 -1.0000
10.614 2.479 -9.188 0.0000 0.0000 -1.0000
0.971 0.399 -9.812 0.3801 -0.9249 0.0000
10.405 4.277 -10.150 0.3801 -0.9249 0.0000
0.971 0.399 -9.562 0.3801 -0.9249 0.0000
10.405 4.277 -9.900 0.3801 -0.9249 0.0000
0.971 0.399 -9.812 -0.3801 0.9249 -0.0000
10.405 4.277 -10.150 -0.3801 0.9249 -0.0000
0.971 0.399 -9.562 -0.3801 0.9249 -0.0000
10.405 4.277 -9.900 -0.3801 0.9249 -0.0000
0 1 5
0 5 4
8 13 9
8 12 13
1 2 6
1 6 5
9 14 10
9 13 14
2 3 7
2 7 6
10 15 11
10 14 15
16 21 17
16 20 21
24 25 29
24 29 28
17 22 18
17 21 22
25 26 30
25 30 29
18 23 19
18 22 23
26 27 31
26 31 30
32 37 33
32 36 37
40 41 45
40 45 44
33 38 34
33 37 38
41 42 46
41 46 45
34 39 35
34 38 39
42 43 47
42 47 46
48 49 53
48 53 52
56 61 57
56 60 61
49 50 54
49 54 53
57 62 58
57 61 62
50 51 55
50 55 54
58 63 59
58 62 63
64 69 65
64 68 69
72 73 77
72 77 76
65 70 66
65 69 70
73 74 78
73 78 77
66 71 67
66 70 71
74 75 79
74 79 78
80 85 81
80 84 85
88 89 93
88 93 92
81 86 82
81 85 86
89 90 94
89 94 93
82 87 83
82 86 87
90 91 95
90 95 94
96 97 99
96 99 98
100 103 101
100 102 103
LABEL sfoot0_slat_9_1
MATERIAL 7
TEXTURE 0
GEOM 96 72 ;sfoot0_slat_9_1
1.023 0.235 -9.562 0.0328 0.0046 0.9995
1.035 0.176 -9.562 0.0328 0.0046 0.9995
1.043 0.117 -9.562 0.0328 0.0046 0.9995
1.048 0.058 -9.562 0.0328 0.0046 0.9995
10.965 2.515 -9.900 0.0328 0.0046 0.9995
11.091 1.888 -9.900 0.0328 0.0046 0.9995
11.180 1.254 -9.900 0.0328 0.0046 0.9995
11.233 0.617 -9.900 0.0328 0.0046 0.9995
1.023 0.235 -9.562 -0.0328 -0.0046 -0.9995
1.035 0.176 -9.562 -0.0328 -0.0046 -0.9995
1.043 0.117 -9.562 -0.0328 -0.0046 -0.9995
1.048 0.058 -9.562 -0.0328 -0.0046 -0.9995
10.965 2.515 -9.900 -0.0328 -0.0046 -0.9995
11.091 1.888 -9.900 -0.0328 -0.0046 -0.9995
11.180 1.254 -9.900 -0.0328 -0.0046 -0.9995
11.233 0.617 -9.900 -0.0328 -0.0046 -0.9995
1.023 0.235 -9.812 -0.0328 -0.0046 -0.9995
1.035 0.176 -9.812 -0.0328 -0.0046 -0.9995
1.043 0.117 -9.812 -0.0328 -0.0046 -0.9995
1.048 0.058 -9.812 -0.0328 -0.0046 -0.9995
10.965 2.515 -10.150 -0.0328 -0.0046 -0.9995
11.091 1.888 -10.150 -0.0328 -0.0046 -0.9995
11.180 1.254 -10.150 -0.0328 -0.0046 -0.9995
11.233 0.617 -10.150 -0.0328 -0.0046 -0.9995
1.023 0.235 -9.812 0.0328 0.0046 0.9995
1.035 0.176 -9.812 0.0328 0.0046 0.9995
1.043 0.117 -9.812 0.0328 0.0046 0.9995
1.048 0.058 -9.812 0.0328 0.0046 0.9995
10.965 2.515 -10.150 0.0328 0.0046 0.9995
11.091 1.888 -10.150 0.0328 0.0046 0.9995
11.180 1.254 -10.150 0.0328 0.0046 0.9995
11.233 0.617 -10.150 0.0328 0.0046 0.9995
10.965 2.515 -10.150 0.9902 0.1397 0.0000
11.091 1.888 -10.150 0.9902 0.1397 0.0000
11.180 1.254 -10.150 0.9902 0.1397 0.0000
11.233 0.617 -10.150 0.9902 0.1397 0.0000
10.965 2.515 -9.900 0.9902 0.1397 0.0000
11.091 1.888 -9.900 0.9902 0.1397 0.0000
11.180 1.254 -9.900 0.9902 0.1397 0.0000
11.233 0.617 -9.900 0.9902 0.1397 0.0000
10.965 2.515 -10.150 -0.9902 -0.1397 -0.0000
11.091 1.888 -10.150 -0.9902 -0.1397 -0.0000
11.180 1.254 -10.150 -0.9902 -0.1397 -0.0000
11.233 0.617 -10.150 -0.9902 -0.1397 -0.0000
10.965 2.515 -9.900 -0.9902 -0.1397 -0.0000
11.091 1.888 -9.900 -0.9902 -0.1397 -0.0000
11.180 1.254 -9.900 -0.9902 -0.1397 -0.0000
11.233 0.617 -9.900 -0.9902 -0.1397 -0.0000
1.023 0.235 -9.812 -0.9902 -0.1397 -0.0000
1.035 0.176 -9.812 -0.9902 -0.1397 -0.0000
1.043 0.117 -9.812 -0.9902 -0.1397 -0.0000
1.048 0.058 -9.812 -0.9902 -0.1397 -0.0000
1.023 0.235 -9.562 -0.9902 -0.1397 -0.0000
1.035 0.176 -9.562 -0.9902 -0.1397 -0.0000
1.043 0.117 -9.562 -0.9902 -0.1397 -0.0000
1.048 0.058 -9.562 -0.9902 -0.1397 -0.0000
1.023 0.235 -9.812 0.9902 0.1397 0.0000
1.035 0.176 -9.812 0.9902 0.1397 0.0000
1.043 0.117 -9.812 0.9902 0.1397 0.0000
1.048 0.058 -9.812 0.9902 0.1397 0.0000
1.023 0.235 -9.562 0.9902 0.1397 0.0000
1.035 0.176 -9.562 0.9902 0.1397 0.0000
1.043 0.117 -9.562 0.9902 0.1397 0.0000
1.048 0.058 -9.562 0.9902 0.1397 0.0000
10.965 2.515 -9.900 0.9902 0.1397 0.0000
11.091 1.888 -9.900 0.9902 0.1397 0.0000
11.180 1.254 -9.900 0.9902 0.1397 0.0000
11.233 0.617 -9.900 0.9902 0.1397 0.0000
10.965 2.515 -9.200 0.9902 0.1397 0.0000
11.091 1.888 -9.200 0.9902 0.1397 0.0000
11.180 1.254 -9.200 0.9902 0.1397 0.0000
11.233 0.617 -9.200 0.9902 0.1397 0.0000
10.965 2.515 -9.900 -0.9902 -0.1397 -0.0000
11.091 1.888 -9.900 -0.9902 -0.1397 -0.0000
11.180 1.254 -9.900 -0.9902 -0.1397 -0.0000
11.233 0.617 -9.900 -0.9902 -0.1397 -0.0000
10.965 2.515 -9.200 -0.9902 -0.1397 -0.0000
11.091 1.888 -9.200 -0.9902 -0.1397 -0.0000
11.180 1.254 -9.200 -0.9902 -0.1397 -0.0000
11.233 0.617 -9.200 -0.9902 -0.1397 -0.0000
10.965 2.515 -9.200 -0.0000 -0.0000 1.0000
11.091 1.888 -9.200 -0.0000 -0.0000 1.0000
11.180 1.254 -9.200 -0.0000 -0.0000 1.0000
11.233 0.617 -9.200 -0.0000 -0.0000 1.0000
10.624 2.436 -9.188 -0.0000 -0.0000 1.0000
10.745 1.829 -9.188 -0.0000 -0.0000 1.0000
10.832 1.215 -9.188 -0.0000 -0.0000 1.0000
10.884 0.598 -9.188 -0.0000 -0.0000 1.0000
10.965 2.515 -9.200 0.0000 0.0000 -1.0000
11.091 1.888 -9.200 0.0000 0.0000 -1.0000
11.180 1.254 -9.200 0.0000 0.0000 -1.0000
11.233 0.617 -9.200 0.0000 0.0000 -1.0000
10.624 2.436 -9.188 0.0000 0.0000 -1.0000
10.745 1.829 -9.188 0.0000 0.0000 -1.0000
10.832 1.215 -9.188 0.0000 0.0000 -1.0000
10.884 0.598 -9.188 0.0000 0.0000 -1.0000
0 1 5
0 5 4
8 13 9
8 12 13
1 2 6
1 6 5
9 14 10
9 13 14
2 3 7
2 7 6
10 15 11
10 14 15
16 21 17
16 20 21
24 25 29
24 29 28
17 22 18
17 21 22
25 26 30
25 30 29
18 23 19
18 22 23
26 27 31
26 31 30
32 37 33
32 36 37
40 41 45
40 45 44
33 38 34
33 37 38
41 42 46
41 46 45
34 39 35
34 38 39
42 43 47
42 47 46
48 49 53
48 53 52
56 61 57
56 60 61
49 50 54
49 54 53
57 62 58
57 61 62
50 51 55
50 55 54
58 63 59
58 62 63
64 69 65
64 68 69
72 73 77
72 77 76
65 70 66
65 69 70
73 74 78
73 78 77
66 71 67
66 70 71
74 75 79
74 79 78
80 85 81
80 84 85
88 89 93
88 93 92
81 86 82
81 85 86
89 90 94
89 94 93
82 87 83
82 86 87
90 91 95
90 95 94
LABEL sfoot0_slat_9_2
MATERIAL 7
TEXTURE 0
GEOM 104 76 ;sfoot0_slat_9_2
1.049 0.053 -9.562 0.0328 0.0046 0.9995
1.050 -0.003 -9.562 0.0328 0.0046 0.9995
1.048 -0.059 -9.562 0.0328 0.0046 0.9995
1.044 -0.115 -9.562 0.0328 0.0046 0.9995
11.235 0.572 -9.900 0.0328 0.0046 0.9995
11.250 -0.029 -9.900 0.0328 0.0046 0.9995
11.232 -0.631 -9.900 0.0328 0.0046 0.9995
11.182 -1.231 -9.900 0.0328 0.0046 0.9995
1.049 0.053 -9.562 -0.0328 -0.0046 -0.9995
1.050 -0.003 -9.562 -0.0328 -0.0046 -0.9995
1.048 -0.059 -9.562 -0.0328 -0.0046 -0.9995
1.044 -0.115 -9.562 -0.0328 -0.0046 -0.9995
11.235 0.572 -9.900 -0.0328 -0.0046 -0.9995
11.250 -0.029 -9.900 -0.0328 -0.0046 -0.9995
11.232 -0.631 -9.900 -0.0328 -0.0046 -0.9995
11.182 -1.231 -9.900 -0.0328 -0.0046 -0.9995
1.049 0.053 -9.812 -0.0328 -0.0046 -0.9995
1.050 -0.003 -9.812 -0.0328 -0.0046 -0.9995
1.048 -0.059 -9.812 -0.0328 -0.0046 -0.9995
1.044 -0.115 -9.812 -0.0328 -0.0046 -0.9995
11.235 0.572 -10.150 -0.0328 -0.0046 -0.9995
11.250 -0.029 -10.150 -0.0328 -0.0046 -0.9995
11.232 -0.631 -10.150 -0.0328 -0.0046 -0.9995
11.182 -1.231 -10.150 -0.0328 -0.0046 -0.9995
1.049 0.053 -9.812 0.0328 0.0046 0.9995
1.050 -0.003 -9.812 0.0328 0.0046 0.9995
1.048 -0.059 -9.812 0.0328 0.0046 0.9995
1.044 -0.115 -9.812 0.0328 0.0046 0.9995
11.235 0.572 -10.150 0.0328 0.0046 0.9995
11.250 -0.029 -10.150 0.0328 0.0046 0.9995
11.232 -0.631 -10.150 0.0328 0.0046 0.9995
11.182 -1.231 -10.150 0.0328 0.0046 0.9995
11.235 0.572 -10.150 0.9996 -0.0294 0.0000
11.250 -0.029 -10.150 0.9996 -0.0294 0.0000
11.232 -0.631 -10.150 0.9996 -0.0294 0.0000
11.182 -1.231 -10.150 0.9996 -0.0294 0.0000
11.235 0.572 -9.900 0.9996 -0.0294 0.0000
11.250 -0.029 -9.900 0.9996 -0.0294 0.0000
11.232 -0.631 -9.900 0.9996 -0.0294 0.0000
11.182 -1.231 -9.900 0.9996 -0.0294 0.0000
11.235 0.572 -10.150 -0.9996 0.0294 -0.0000
11.250 -0.029 -10.150 -0.9996 0.0294 -0.0000
11.232 -0.631 -10.150 -0.9996 0.0294 -0.0000
11.182 -1.231 -10.150 -0.9996 0.0294 -0.0000
11.235 0.572 -9.900 -0.9996 0.0294 -0.0000
11.250 -0.029 -9.900 -0.9996 0.0294 -0.0000
11.232 -0.631 -9.900 -0.9996 0.0294 -0.0000
11.182 -1.231 -9.900 -0.9996 0.0294 -0.0000
1.049 0.053 -9.812 -0.9996 0.0294 -0.0000
1.050 -0.003 -9.812 -0.9996 0.0294 -0.0000
1.048 -0.059 -9.812 -0.9996 0.0294 -0.0000
1.044 -0.115 -9.812 -0.9996 0.0294 -0.0000
1.049 0.053 -9.562 -0.9996 0.0294 -0.0000
1.050 -0.003 -9.562 -0.9996 0.0294 -0.0000
1.048 -0.059 -9.562 -0.9996 0.0294 -0.0000
1.044 -0.115 -9.562 -0.9996 0.0294 -0.0000
1.049 0.053 -9.812 0.9996 -0.0294 0.0000
1.050 -0.003 -9.812 0.9996 -0.0294 0.0000
1.048 -0.059 -9.812 0.9996 -0.0294 0.0000
1.044 -0.115 -9.812 0.9996 -0.0294 0.0000
1.049 0.053 -9.562 0.9996 -0.0294 0.0000
1.050 -0.003 -9.562 0.9996 -0.0294 0.0000
1.048 -0.059 -9.562 0.9996 -0.0294 0.0000
1.044 -0.115 -9.562 0.9996 -0.0294 0.0000
11.235 0.572 -9.900 0.9996 -0.0294 0.0000
11.250 -0.029 -9.900 0.9996 -0.0294 0.0000
11.232 -0.631 -9.900 0.9996 -0.0294 0.0000
11.182 -1.231 -9.900 0.9996 -0.0294 0.0000
11.235 0.572 -9.200 0.9996 -0.0294 0.0000
11.250 -0.029 -9.200 0.9996 -0.0294 0.0000
11.232 -0.631 -9.200 0.9996 -0.0294 0.0000
11.182 -1.231 -9.200 0.9996 -0.0294 0.0000
11.235 0.572 -9.900 -0.9996 0.0294 -0.0000
11.250 -0.029 -9.900 -0.9996 0.0294 -0.0000
11.232 -0.631 -9.900 -0.9996 0.0294 -0.0000
11.182 -1.231 -9.900 -0.9996 0.0294 -0.0000
11.235 0.572 -9.200 -0.9996 0.0294 -0.0000
11.250 -0.029 -9.200 -0.9996 0.0294 -0.0000
11.232 -0.631 -9.200 -0.9996 0.0294 -0.0000
11.182 -1.231 -9.200 -0.9996 0.0294 -0.0000
11.235 0.572 -9.200 -0.0000 -0.0000 1.0000
11.250 -0.029 -9.200 -0.0000 -0.0000 1.0000
11.232 -0.631 -9.200 -0.0000 -0.0000 1.0000
11.182 -1.231 -9.200 -0.0000 -0.0000 1.0000
10.886 0.554 -9.188 -0.0000 -0.0000 1.0000
10.900 -0.029 -9.188 -0.0000 -0.0000 1.0000
10.883 -0.611 -9.188 -0.0000 -0.0000 1.0000
10.835 -1.193 -9.188 -0.0000 -0.0000 1.0000
11.235 0.572 -9.200 0.0000 0.0000 -1.0000
11.250 -0.029 -9.200 0.0000 0.0000 -1.0000
11.232 -0.631 -9.200 0.0000 0.0000 -1.0000
11.182 -1.231 -9.200 0.0000 0.0000 -1.0000
10.886 0.554 -9.188 0.0000 0.0000 -1.0000
10.900 -0.029 -9.188 0.0000 0.0000 -1.0000
10.883 -0.611 -9.188 0.0000 0.0000 -1.0000
10.835 -1.193 -9.188 0.0000 0.0000 -1.0000
1.044 -0.115 -9.812 -0.1094 -0.9940 0.0000
11.182 -1.231 -10.150 -0.1094 -0.9940 0.0000
1.044 -0.115 -9.562 -0.1094 -0.9940 0.0000
11.182 -1.231 -9.900 -0.1094 -0.9940 0.0000
1.044 -0.115 -9.812 0.1094 0.9940 -0.0000
11.182 -1.231 -10.150 0.1094 0.9940 -0.0000
1.044 -0.115 -9.562 0.1094 0.9940 -0.0000
11.182 -1.231 -9.900 0.1094 0.9940 -0.0000
0 1 5
0 5 4
8 13 9
8 12 13
1 2 6
1 6 5
9 14 10
9 13 14
2 3 7
2 7 6
10 15 11
10 14 15
16 21 17
16 20 21
24 25 29
24 29 28
17 22 18
17 21 22
25 26 30
25 30 29
18 23 19
18 22 23
26 27 31
26 31 30
32 37 33
32 36 37
40 41 45
40 45 44
33 38 34
33 37 38
41 42 46
41 46 45
34 39 35
34 38 39
42 43 47
42 47 46
48 49 53
48 53 52
56 61 57
56 60 61
49 50 54
49 54 53
57 62 58
57 61 62
50 51 55
50 55 54
58 63 59
58 62 63
64 69 65
64 68 69
72 73 77
72 77 76
65 70 66
65 69 70
73 74 78
73 78 77
66 71 67
66 70 71
74 75 79
74 79 78
80 85 81
80 84 85
88 89 93
88 93 92
81 86 82
81 85 86
89 90 94
89 94 93
82 87 83
82 86 87
90 91 95
90 95 94
96 97 99
96 99 98
100 103 101
100 102 103
LABEL sfoot0_strut_9
MATERIAL 9
TEXTURE 0
GEOM 50 48 ;sfoot0_strut_9
1.402 0.161 -5.225 0.5256 -0.0000 0.8507
1.392 -0.088 -5.297 0.5059 -0.4964 0.7054
1.314 -0.269 -5.464 0.3506 -0.8599 0.3711
1.189 -0.336 -5.681 0.1014 -0.9929 -0.0626
1.051 -0.269 -5.890 -0.1750 -0.8599 -0.4796
0.936 -0.088 -6.034 -0.4045 -0.4964 -0.7681
0.876 0.161 -6.075 -0.5256 -0.0000 -0.8507
0.886 0.409 -6.003 -0.5059 0.4964 -0.7054
0.963 0.591 -5.836 -0.3506 0.8599 -0.3711
1.088 0.657 -5.619 -0.1014 0.9929 0.0626
1.226 0.591 -5.410 0.1750 0.8599 0.4796
1.341 0.409 -5.266 0.4045 0.4964 0.7681
4.875 0.651 -7.370 0.5256 -0.0000 0.8507
4.865 0.402 -7.443 0.5059 -0.4964 0.7054
4.787 0.221 -7.610 0.3506 -0.8599 0.3711
4.663 0.154 -7.827 0.1014 -0.9929 -0.0626
4.524 0.221 -8.036 -0.1750 -0.8599 -0.4796
4.410 0.402 -8.180 -0.4045 -0.4964 -0.7681
4.349 0.651 -8.221 -0.5256 -0.0000 -0.8507
4.359 0.899 -8.149 -0.5059 0.4964 -0.7054
4.437 1.081 -7.981 -0.3506 0.8599 -0.3711
4.561 1.147 -7.765 -0.1014 0.9929 0.0626
4.699 1.081 -7.556 0.1750 0.8599 0.4796
4.814 0.899 -7.412 0.4045 0.4964 0.7681
1.139 0.161 -5.650 -0.8447 -0.1192 0.5219
1.402 0.161 -5.225 -0.8447 -0.1192 0.5219
1.392 -0.088 -5.297 -0.8447 -0.1192 0.5219
1.314 -0.269 -5.464 -0.8447 -0.1192 0.5219
1.189 -0.336 -5.681 -0.8447 -0.1192 0.5219
1.051 -0.269 -5.890 -0.8447 -0.1192 0.5219
0.936 -0.088 -6.034 -0.8447 -0.1192 0.5219
0.876 0.161 -6.075 -0.8447 -0.1192 0.5219
0.886 0.409 -6.003 -0.8447 -0.1192 0.5219
0.963 0.591 -5.836 -0.8447 -0.1192 0.5219
1.088 0.657 -5.619 -0.8447 -0.1192 0.5219
1.226 0.591 -5.410 -0.8447 -0.1192 0.5219
1.341 0.409 -5.266 -0.8447 -0.1192 0.5219
4.612 0.651 -7.796 0.8447 0.1192 -0.5219
4.875 0.651 -7.370 0.8447 0.1192 -0.5219
4.865 0.402 -7.443 0.8447 0.1192 -0.5219
4.787 0.221 -7.610 0.8447 0.1192 -0.5219
4.663 0.154 -7.827 0.8447 0.1192 -0.5219
4.524 0.221 -8.036 0.8447 0.1192 -0.5219
4.410 0.402 -8.180 0.8447 0.1192 -0.5219
4.349 0.651 -8.221 0.8447 0.1192 -0.5219
4.359 0.899 -8.149 0.8447 0.1192 -0.5219
4.437 1.081 -7.981 0.8447 0.1192 -0.5219
4.561 1.147 -7.765 0.8447 0.1192 -0.5219
4.699 1.081 -7.556 0.8447 0.1192 -0.5219
4.814 0.899 -7.412 0.8447 0.1192 -0.5219
0 1 13
0 13 12
1 2 14
1 14 13
2 3 15
2 15 14
3 4 16
3 16 15
4 5 17
4 17 16
5 6 18
5 18 17
6 7 19
6 19 18
7 8 20
7 20 19
8 9 21
8 21 20
9 10 22
9 22 21
10 11 23
10 23 22
11 0 12
11 12 23
24 26 25
24 27 26
24 28 27
24 29 28
24 30 29
24 31 30
24 32 31
24 33 32
24 34 33
24 35 34
24 36 35
24 25 36
37 38 39
37 39 40
37 40 41
37 41 42
37 42 43
37 43 44
37 44 45
37 45 46
37 46 47
37 47 48
37 48 49
37 49 38
LABEL sfoot0_rod_9
MATERIAL 7
TEXTURE 0
GEOM 42 40 ;sfoot0_rod_9
4.236 0.579 -7.270 0.5256 -0.0000 0.8507
4.226 0.433 -7.320 0.4848 -0.5836 0.6514
4.170 0.343 -7.432 0.2588 -0.9443 0.2033
4.089 0.343 -7.563 -0.0660 -0.9443 -0.3225
4.014 0.433 -7.664 -0.3656 -0.5836 -0.7251
3.974 0.579 -7.695 -0.5256 -0.0000 -0.8507
3.984 0.725 -7.646 -0.4848 0.5836 -0.6514
4.040 0.815 -7.534 -0.2588 0.9443 -0.2033
4.122 0.815 -7.402 0.0660 0.9443 0.3225
4.196 0.725 -7.301 0.3656 0.5836 0.7251
7.585 1.052 -9.339 0.5256 -0.0000 0.8507
7.575 0.906 -9.389 0.4848 -0.5836 0.6514
7.518 0.815 -9.501 0.2588 -0.9443 0.2033
7.437 0.815 -9.632 -0.0660 -0.9443 -0.3225
7.362 0.906 -9.733 -0.3656 -0.5836 -0.7251
7.322 1.052 -9.764 -0.5256 -0.0000 -0.8507
7.332 1.197 -9.714 -0.4848 0.5836 -0.6514
7.389 1.288 -9.602 -0.2588 0.9443 -0.2033
7.470 1.288 -9.471 0.0660 0.9443 0.3225
7.545 1.197 -9.370 0.3656 0.5836 0.7251
4.105 0.579 -7.483 -0.8447 -0.1192 0.5219
4.236 0.579 -7.270 -0.8447 -0.1192 0.5219
4.226 0.433 -7.320 -0.8447 -0.1192 0.5219
4.170 0.343 -7.432 -0.8447 -0.1192 0.5219
4.089 0.343 -7.563 -0.8447 -0.1192 0.5219
4.014 0.433 -7.664 -0.8447 -0.1192 0.5219
3.974 0.579 -7.695 -0.8447 -0.1192 0.5219
3.984 0.725 -7.646 -0.8447 -0.1192 0.5219
4.040 0.815 -7.534 -0.8447 -0.1192 0.5219
4.122 0.815 -7.402 -0.8447 -0.1192 0.5219
4.196 0.725 -7.301 -0.8447 -0.1192 0.5219
7.454 1.052 -9.551 0.8447 0.1192 -0.5219
7.585 1.052 -9.339 0.8447 0.1192 -0.5219
7.575 0.906 -9.389 0.8447 0.1192 -0.5219
7.518 0.815 -9.501 0.8447 0.1192 -0.5219
7.437 0.815 -9.632 0.8447 0.1192 -0.5219
7.362 0.906 -9.733 0.8447 0.1192 -0.5219
7.322 1.052 -9.764 0.8447 0.1192 -0.5219
7.332 1.197 -9.714 0.8447 0.1192 -0.5219
7.389 1.288 -9.602 0.8447 0.1192 -0.5219
7.470 1.288 -9.471 0.8447 0.1192 -0.5219
7.545 1.197 -9.370 0.8447 0.1192 -0.5219
0 1 11
0 11 10
1 2 12
1 12 11
2 3 13
2 13 12
3 4 14
3 14 13
4 5 15
4 15 14
5 6 16
5 16 15
6 7 17
6 17 16
7 8 18
7 18 17
8 9 19
8 19 18
9 0 10
9 10 19
20 22 21
20 23 22
20 24 23
20 25 24
20 26 25
20 27 26
20 28 27
20 29 28
20 30 29
20 21 30
31 32 33
31 33 34
31 34 35
31 35 36
31 36 37
31 37 38
31 38 39
31 39 40
31 40 41
31 41 32
LABEL sfoot0_skirt_9_0
MATERIAL 7
TEXTURE 0
GEOM 16 12 ;sfoot0_skirt_9_0
10.405 4.277 -11.050 0.9524 0.3048 0.0000
10.619 3.714 -11.050 0.9524 0.3048 0.0000
10.803 3.141 -11.050 0.9524 0.3048 0.0000
10.955 2.558 -11.050 0.9524 0.3048 0.0000
10.405 4.277 -10.150 0.9524 0.3048 0.0000
10.619 3.714 -10.150 0.9524 0.3048 0.0000
10.803 3.141 -10.150 0.9524 0.3048 0.0000
10.955 2.558 -10.150 0.9524 0.3048 0.0000
10.405 4.277 -11.050 -0.9524 -0.3048 -0.0000
10.619 3.714 -11.050 -0.9524 -0.3048 -0.0000
10.803 3.141 -11.050 -0.9524 -0.3048 -0.0000
10.955 2.558 -11.050 -0.9524 -0.3048 -0.0000
10.405 4.277 -10.150 -0.9524 -0.3048 -0.0000
10.619 3.714 -10.150 -0.9524 -0.3048 -0.0000
10.803 3.141 -10.150 -0.9524 -0.3048 -0.0000
10.955 2.558 -10.150 -0.9524 -0.3048 -0.0000
0 5 1
0 4 5
8 9 13
8 13 12
1 6 2
1 5 6
9 10 14
9 14 13
2 7 3
2 6 7
10 11 15
10 15 14
LABEL sfoot0_skirt_9_1
MATERIAL 7
TEXTURE 0
GEOM 16 12 ;sfoot0_skirt_9_1
10.965 2.515 -11.050 0.9902 0.1397 0.0000
11.091 1.888 -11.050 0.9902 0.1397 0.0000
11.180 1.254 -11.050 0.9902 0.1397 0.0000
11.233 0.617 -11.050 0.9902 0.1397 0.0000
10.965 2.515 -10.150 0.9902 0.1397 0.0000
11.091 1.888 -10.150 0.9902 0.1397 0.0000
11.180 1.254 -10.150 0.9902 0.1397 0.0000
11.233 0.617 -10.150 0.9902 0.1397 0.0000
10.965 2.515 -11.050 -0.9902 -0.1397 -0.0000
11.091 1.888 -11.050 -0.9902 -0.1397 -0.0000
11.180 1.254 -11.050 -0.9902 -0.1397 -0.0000
11.233 0.617 -11.050 -0.9902 -0.1397 -0.0000
10.965 2.515 -10.150 -0.9902 -0.1397 -0.0000
11.091 1.888 -10.150 -0.9902 -0.1397 -0.0000
11.180 1.254 -10.150 -0.9902 -0.1397 -0.0000
11.233 0.617 -10.150 -0.9902 -0.1397 -0.0000
0 5 1
0 4 5
8 9 13
8 13 12
1 6 2
1 5 6
9 10 14
9 14 13
2 7 3
2 6 7
10 11 15
10 15 14
LABEL sfoot0_skirt_9_2
MATERIAL 7
TEXTURE 0
GEOM 16 12 ;sfoot0_skirt_9_2
11.235 0.572 -11.050 0.9996 -0.0294 0.0000
11.250 -0.029 -11.050 0.9996 -0.0294 0.0000
11.232 -0.631 -11.050 0.9996 -0.0294 0.0000
11.182 -1.231 -11.050 0.9996 -0.0294 0.0000
11.235 0.572 -10.150 0.9996 -0.0294 0.0000
11.250 -0.029 -10.150 0.9996 -0.0294 0.0000
11.232 -0.631 -10.150 0.9996 -0.0294 0.0000
11.182 -1.231 -10.150 0.9996 -0.0294 0.0000
11.235 0.572 -11.050 -0.9996 0.0294 -0.0000
11.250 -0.029 -11.050 -0.9996 0.0294 -0.0000
11.232 -0.631 -11.050 -0.9996 0.0294 -0.0000
11.182 -1.231 -11.050 -0.9996 0.0294 -0.0000
11.235 0.572 -10.150 -0.9996 0.0294 -0.0000
11.250 -0.029 -10.150 -0.9996 0.0294 -0.0000
11.232 -0.631 -10.150 -0.9996 0.0294 -0.0000
11.182 -1.231 -10.150 -0.9996 0.0294 -0.0000
0 5 1
0 4 5
8 9 13
8 13 12
1 6 2
1 5 6
9 10 14
9 14 13
2 7 3
2 6 7
10 11 15
10 15 14
LABEL sfoot0_petal_10
MATERIAL 7
TEXTURE 0
GEOM 66 52 ;sfoot0_petal_10
0.973 -0.015 -9.557 -0.9269 0.3739 0.0332
0.711 -0.664 -9.557 -0.9269 0.3739 0.0332
0.725 -0.670 -9.107 -0.9269 0.3739 0.0332
0.987 -0.021 -9.107 -0.9269 0.3739 0.0332
10.201 -3.738 -9.887 0.9269 -0.3739 -0.0332
9.939 -4.387 -9.887 0.9269 -0.3739 -0.0332
9.953 -4.392 -9.437 0.9269 -0.3739 -0.0332
10.215 -3.743 -9.437 0.9269 -0.3739 -0.0332
0.973 -0.015 -9.557 0.3741 0.9274 -0.0000
10.201 -3.738 -9.887 0.3741 0.9274 -0.0000
10.215 -3.743 -9.437 0.3741 0.9274 -0.0000
0.987 -0.021 -9.107 0.3741 0.9274 -0.0000
0.711 -0.664 -9.557 -0.3741 -0.9274 0.0000
9.939 -4.387 -9.887 -0.3741 -0.9274 0.0000
9.953 -4.392 -9.437 -0.3741 -0.9274 0.0000
0.725 -0.670 -9.107 -0.3741 -0.9274 0.0000
0.973 -0.015 -9.557 -0.0307 0.0124 -0.9995
10.201 -3.738 -9.887 -0.0307 0.0124 -0.9995
9.939 -4.387 -9.887 -0.0307 0.0124 -0.9995
0.711 -0.664 -9.557 -0.0307 0.0124 -0.9995
0.987 -0.021 -9.107 0.0307 -0.0124 0.9995
10.215 -3.743 -9.437 0.0307 -0.0124 0.9995
9.953 -4.392 -9.437 0.0307 -0.0124 0.9995
0.725 -0.670 -9.107 0.0307 -0.0124 0.9995
0.818 0.155 -9.300 -0.0000 0.0000 1.0000
0.654 0.221 -9.357 -0.5451 0.2199 0.8090
0.553 0.262 -9.507 -0.8820 0.3558 0.3090
0.553 0.262 -9.693 -0.8820 0.3558 -0.3090
0.654 0.221 -9.843 -0.5451 0.2199 -0.8090
0.818 0.155 -9.900 -0.0000 0.0000 -1.0000
0.981 0.089 -9.843 0.5451 -0.2199 -0.8090
1.082 0.049 -9.693 0.8820 -0.3558 -0.3090
1.082 0.049 -9.507 0.8820 -0.3558 0.3090
0.981 0.089 -9.357 0.5451 -0.2199 0.8090
0.481 -0.679 -9.300 -0.0000 0.0000 1.0000
0.317 -0.613 -9.357 -0.5451 0.2199 0.8090
0.216 -0.572 -9.507 -0.8820 0.3558 0.3090
0.216 -0.572 -9.693 -0.8820 0.3558 -0.3090
0.317 -0.613 -9.843 -0.5451 0.2199 -0.8090
0.481 -0.679 -9.900 -0.0000 0.0000 -1.0000
0.644 -0.745 -9.843 0.5451 -0.2199 -0.8090
0.745 -0.786 -9.693 0.8820 -0.3558 -0.3090
0.745 -0.786 -9.507 0.8820 -0.3558 0.3090
0.644 -0.745 -9.357 0.5451 -0.2199 0.8090
0.818 0.155 -9.600 0.3741 0.9274 -0.0000
0.818 0.155 -9.300 0.3741 0.9274 -0.0000
0.654 0.221 -9.357 0.3741 0.9274 -0.0000
0.553 0.262 -9.507 0.3741 0.9274 -0.0000
0.553 0.262 -9.693 0.3741 0.9274 -0.0000
0.654 0.221 -9.843 0.3741 0.9274 -0.0000
0.818 0.155 -9.900 0.3741 0.9274 -0.0000
0.981 0.089 -9.843 0.3741 0.9274 -0.0000
1.082 0.049 -9.693 0.3741 0.9274 -0.0000
1.082 0.049 -9.507 0.3741 0.9274 -0.0000
0.981 0.089 -9.357 0.3741 0.9274 -0.0000
0.481 -0.679 -9.600 -0.3741 -0.9274 0.0000
0.481 -0.679 -9.300 -0.3741 -0.9274 0.0000
0.317 -0.613 -9.357 -0.3741 -0.9274 0.0000
0.216 -0.572 -9.507 -0.3741 -0.9274 0.0000
0.216 -0.572 -9.693 -0.3741 -0.9274 0.0000
0.317 -0.613 -9.843 -0.3741 -0.9274 0.0000
0.481 -0.679 -9.900 -0.3741 -0.9274 0.0000
0.644 -0.745 -9.843 -0.3741 -0.9274 0.0000
0.745 -0.786 -9.693 -0.3741 -0.9274 0.0000
0.745 -0.786 -9.507 -0.3741 -0.9274 0.0000
0.644 -0.745 -9.357 -0.3741 -0.9274 0.0000
0 1 2
0 2 3
4 6 5
4 7 6
8 10 9
8 11 10
12 13 14
12 14 15
16 17 18
16 18 19
20 22 21
20 23 22
24 25 35
24 35 34
25 26 36
25 36 35
26 27 37
26 37 36
27 28 38
27 38 37
28 29 39
28 39 38
29 30 40
29 40 39
30 31 41
30 41 40
31 32 42
31 42 41
32 33 43
32 43 42
33 24 34
33 34 43
44 46 45
44 47 46
44 48 47
44 49 48
44 50 49
44 51 50
44 52 51
44 53 52
44 54 53
44 45 54
55 56 57
55 57 58
55 58 59
55 59 60
55 60 61
55 61 62
55 62 63
55 63 64
55 64 65
55 65 56
LABEL sfoot0_slat_10_0
MATERIAL 7
TEXTURE 0
GEOM 104 76 ;sfoot0_slat_10_0
1.041 -0.140 -9.562 0.0307 -0.0124 0.9995
1.032 -0.195 -9.562 0.0307 -0.0124 0.9995
1.020 -0.250 -9.562 0.0307 -0.0124 0.9995
1.005 -0.304 -9.562 0.0307 -0.0124 0.9995
11.150 -1.499 -9.900 0.0307 -0.0124 0.9995
11.054 -2.093 -9.900 0.0307 -0.0124 0.9995
10.926 -2.681 -9.900 0.0307 -0.0124 0.9995
10.767 -3.262 -9.900 0.0307 -0.0124 0.9995
1.041 -0.140 -9.562 -0.0307 0.0124 -0.9995
1.032 -0.195 -9.562 -0.0307 0.0124 -0.9995
1.020 -0.250 -9.562 -0.0307 0.0124 -0.9995
1.005 -0.304 -9.562 -0.0307 0.0124 -0.9995
11.150 -1.499 -9.900 -0.0307 0.0124 -0.9995
11.054 -2.093 -9.900 -0.0307 0.0124 -0.9995
10.926 -2.681 -9.900 -0.0307 0.0124 -0.9995
10.767 -3.262 -9.900 -0.0307 0.0124 -0.9995
1.041 -0.140 -9.812 -0.0307 0.0124 -0.9995
1.032 -0.195 -9.812 -0.0307 0.0124 -0.9995
1.020 -0.250 -9.812 -0.0307 0.0124 -0.9995
1.005 -0.304 -9.812 -0.0307 0.0124 -0.9995
11.150 -1.499 -10.150 -0.0307 0.0124 -0.9995
11.054 -2.093 -10.150 -0.0307 0.0124 -0.9995
10.926 -2.681 -10.150 -0.0307 0.0124 -0.9995
10.767 -3.262 -10.150 -0.0307 0.0124 -0.9995
1.041 -0.140 -9.812 0.0307 -0.0124 0.9995
1.032 -0.195 -9.812 0.0307 -0.0124 0.9995
1.020 -0.250 -9.812 0.0307 -0.0124 0.9995
1.005 -0.304 -9.812 0.0307 -0.0124 0.9995
11.150 -1.499 -10.150 0.0307 -0.0124 0.9995
11.054 -2.093 -10.150 0.0307 -0.0124 0.9995
10.926 -2.681 -10.150 0.0307 -0.0124 0.9995
10.767 -3.262 -10.150 0.0307 -0.0124 0.9995
11.150 -1.499 -10.150 0.9772 -0.2123 0.0000
11.054 -2.093 -10.150 0.9772 -0.2123 0.0000
10.926 -2.681 -10.150 0.9772 -0.2123 0.0000
10.767 -3.262 -10.150 0.9772 -0.2123 0.0000
11.150 -1.499 -9.900 0.9772 -0.2123 0.0000
11.054 -2.093 -9.900 0.9772 -0.2123 0.0000
10.926 -2.681 -9.900 0.9772 -0.2123 0.0000
10.767 -3.262 -9.900 0.9772 -0.2123 0.0000
11.150 -1.499 -10.150 -0.9772 0.2123 -0.0000
11.054 -2.093 -10.150 -0.9772 0.2123 -0.0000
10.926 -2.681 -10.150 -0.9772 0.2123 -0.0000
10.767 -3.262 -10.150 -0.9772 0.2123 -0.0000
11.150 -1.499 -9.900 -0.9772 0.2123 -0.0000
11.054 -2.093 -9.900 -0.9772 0.2123 -0.0000
10.926 -2.681 -9.900 -0.9772 0.2123 -0.0000
10.767 -3.262 -9.900 -0.9772 0.2123 -0.0000
1.041 -0.140 -9.812 -0.9772 0.2123 -0.0000
1.032 -0.195 -9.812 -0.9772 0.2123 -0.0000
1.020 -0.250 -9.812 -0.9772 0.2123 -0.0000
1.005 -0.304 -9.812 -0.9772 0.2123 -0.0000
1.041 -0.140 -9.562 -0.9772 0.2123 -0.0000
1.032 -0.195 -9.562 -0.9772 0.2123 -0.0000
1.020 -0.250 -9.562 -0.9772 0.2123 -0.0000
1.005 -0.304 -9.562 -0.9772 0.2123 -0.0000
1.041 -0.140 -9.812 0.9772 -0.2123 0.0000
1.032 -0.195 -9.812 0.9772 -0.2123 0.0000
1.020 -0.250 -9.812 0.9772 -0.2123 0.0000
1.005 -0.304 -9.812 0.9772 -0.2123 0.0000
1.041 -0.140 -9.562 0.9772 -0.2123 0.0000
1.032 -0.195 -9.562 0.9772 -0.2123 0.0000
1.020 -0.250 -9.562 0.9772 -0.2123 0.0000
1.005 -0.304 -9.562 0.9772 -0.2123 0.0000
11.150 -1.499 -9.900 0.9772 -0.2123 0.0000
11.054 -2.093 -9.900 0.9772 -0.2123 0.0000
10.926 -2.681 -9.900 0.9772 -0.2123 0.0000
10.767 -3.262 -9.900 0.9772 -0.2123 0.0000
11.150 -1.499 -9.200 0.9772 -0.2123 0.0000
11.054 -2.093 -9.200 0.9772 -0.2123 0.0000
10.926 -2.681 -9.200 0.9772 -0.2123 0.0000
10.767 -3.262 -9.200 0.9772 -0.2123 0.0000
11.150 -1.499 -9.900 -0.9772 0.2123 -0.0000
11.054 -2.093 -9.900 -0.9772 0.2123 -0.0000
10.926 -2.681 -9.900 -0.9772 0.2123 -0.0000
10.767 -3.262 -9.900 -0.9772 0.2123 -0.0000
11.150 -1.499 -9.200 -0.9772 0.2123 -0.0000
11.054 -2.093 -9.200 -0.9772 0.2123 -0.0000
10.926 -2.681 -9.200 -0.9772 0.2123 -0.0000
10.767 -3.262 -9.200 -0.9772 0.2123 -0.0000
11.150 -1.499 -9.200 -0.0000 -0.0000 1.0000
11.054 -2.093 -9.200 -0.0000 -0.0000 1.0000
10.926 -2.681 -9.200 -0.0000 -0.0000 1.0000
10.767 -3.262 -9.200 -0.0000 -0.0000 1.0000
10.803 -1.452 -9.188 -0.0000 -0.0000 1.0000
10.710 -2.028 -9.188 -0.0000 -0.0000 1.0000
10.586 -2.598 -9.188 -0.0000 -0.0000 1.0000
10.432 -3.160 -9.188 -0.0000 -0.0000 1.0000
11.150 -1.499 -9.200 0.0000 0.0000 -1.0000
11.054 -2.093 -9.200 0.0000 0.0000 -1.0000
10.926 -2.681 -9.200 0.0000 0.0000 -1.0000
10.767 -3.262 -9.200 0.0000 0.0000 -1.0000
10.803 -1.452 -9.188 0.0000 0.0000 -1.0000
10.710 -2.028 -9.188 0.0000 0.0000 -1.0000
10.586 -2.598 -9.188 0.0000 0.0000 -1.0000
10.432 -3.160 -9.188 0.0000 0.0000 -1.0000
1.041 -0.140 -9.812 -0.1332 -0.9911 0.0000
11.150 -1.499 -10.150 -0.1332 -0.9911 0.0000
1.041 -0.140 -9.562 -0.1332 -0.9911 0.0000
11.150 -1.499 -9.900 -0.1332 -0.9911 0.0000
1.041 -0.140 -9.812 0.1332 0.9911 -0.0000
11.150 -1.499 -10.150 0.1332 0.9911 -0.0000
1.041 -0.140 -9.562 0.1332 0.9911 -0.0000
11.150 -1.499 -9.900 0.1332 0.9911 -0.0000
0 1 5
0 5 4
8 13 9
8 12 13
1 2 6
1 6 5
9 14 10
9 13 14
2 3 7
2 7 6
10 15 11
10 14 15
16 21 17
16 20 21
24 25 29
24 29 28
17 22 18
17 21 22
25 26 30
25 30 29
18 23 19
18 22 23
26 27 31
26 31 30
32 37 33
32 36 37
40 41 45
40 45 44
33 38 34
33 37 38
41 42 46
41 46 45
34 39 35
34 38 39
42 43 47
42 47 46
48 49 53
48 53 52
56 61 57
56 60 61
49 50 54
49 54 53
57 62 58
57 61 62
50 51 55
50 55 54
58 63 59
58 62 63
64 69 65
64 68 69
72 73 77
72 77 76
65 70 66
65 69 70
73 74 78
73 78 77
66 71 67
66 70 71
74 75 79
74 79 78
80 85 81
80 84 85
88 89 93
88 93 92
81 86 82
81 85 86
89 90 94
89 94 93
82 87 83
82 86 87
90 91 95
90 95 94
96 97 99
96 99 98
100 103 101
100 102 103
LABEL sfoot0_slat_10_1
MATERIAL 7
TEXTURE 0
GEOM 96 72 ;sfoot0_slat_10_1
1.004 -0.308 -9.562 0.0307 -0.0124 0.9995
0.985 -0.365 -9.562 0.0307 -0.0124 0.9995
0.962 -0.420 -9.562 0.0307 -0.0124 0.9995
0.937 -0.474 -9.562 0.0307 -0.0124 0.9995
10.754 -3.305 -9.900 0.0307 -0.0124 0.9995
10.548 -3.911 -9.900 0.0307 -0.0124 0.9995
10.309 -4.504 -9.900 0.0307 -0.0124 0.9995
10.037 -5.082 -9.900 0.0307 -0.0124 0.9995
1.004 -0.308 -9.562 -0.0307 0.0124 -0.9995
0.985 -0.365 -9.562 -0.0307 0.0124 -0.9995
0.962 -0.420 -9.562 -0.0307 0.0124 -0.9995
0.937 -0.474 -9.562 -0.0307 0.0124 -0.9995
10.754 -3.305 -9.900 -0.0307 0.0124 -0.9995
10.548 -3.911 -9.900 -0.0307 0.0124 -0.9995
10.309 -4.504 -9.900 -0.0307 0.0124 -0.9995
10.037 -5.082 -9.900 -0.0307 0.0124 -0.9995
1.004 -0.308 -9.812 -0.0307 0.0124 -0.9995
0.985 -0.365 -9.812 -0.0307 0.0124 -0.9995
0.962 -0.420 -9.812 -0.0307 0.0124 -0.9995
0.937 -0.474 -9.812 -0.0307 0.0124 -0.9995
10.754 -3.305 -10.150 -0.0307 0.0124 -0.9995
10.548 -3.911 -10.150 -0.0307 0.0124 -0.9995
10.309 -4.504 -10.150 -0.0307 0.0124 -0.9995
10.037 -5.082 -10.150 -0.0307 0.0124 -0.9995
1.004 -0.308 -9.812 0.0307 -0.0124 0.9995
0.985 -0.365 -9.812 0.0307 -0.0124 0.9995
0.962 -0.420 -9.812 0.0307 -0.0124 0.9995
0.937 -0.474 -9.812 0.0307 -0.0124 0.9995
10.754 -3.305 -10.150 0.0307 -0.0124 0.9995
10.548 -3.911 -10.150 0.0307 -0.0124 0.9995
10.309 -4.504 -10.150 0.0307 -0.0124 0.9995
10.037 -5.082 -10.150 0.0307 -0.0124 0.9995
10.754 -3.305 -10.150 0.9274 -0.3741 0.0000
10.548 -3.911 -10.150 0.9274 -0.3741 0.0000
10.309 -4.504 -10.150 0.9274 -0.3741 0.0000
10.037 -5.082 -10.150 0.9274 -0.3741 0.0000
10.754 -3.305 -9.900 0.9274 -0.3741 0.0000
10.548 -3.911 -9.900 0.9274 -0.3741 0.0000
10.309 -4.504 -9.900 0.9274 -0.3741 0.0000
10.037 -5.082 -9.900 0.9274 -0.3741 0.0000
10.754 -3.305 -10.150 -0.9274 0.3741 -0.0000
10.548 -3.911 -10.150 -0.9274 0.3741 -0.0000
10.309 -4.504 -10.150 -0.9274 0.3741 -0.0000
10.037 -5.082 -10.150 -0.9274 0.3741 -0.0000
10.754 -3.305 -9.900 -0.9274 0.3741 -0.0000
10.548 -3.911 -9.900 -0.9274 0.3741 -0.0000
10.309 -4.504 -9.900 -0.9274 0.3741 -0.0000
10.037 -5.082 -9.900 -0.9274 0.3741 -0.0000
1.004 -0.308 -9.812 -0.9274 0.3741 -0.0000
0.985 -0.365 -9.812 -0.9274 0.3741 -0.0000
0.962 -0.420 -9.812 -0.9274 0.3741 -0.0000
0.937 -0.474 -9.812 -0.9274 0.3741 -0.0000
1.004 -0.308 -9.562 -0.9274 0.3741 -0.0000
0.985 -0.365 -9.562 -0.9274 0.3741 -0.0000
0.962 -0.420 -9.562 -0.9274 0.3741 -0.0000
0.937 -0.474 -9.562 -0.9274 0.3741 -0.0000
1.004 -0.308 -9.812 0.9274 -0.3741 0.0000
0.985 -0.365 -9.812 0.9274 -0.3741 0.0000
0.962 -0.420 -9.812 0.9274 -0.3741 0.0000
0.937 -0.474 -9.812 0.9274 -0.3741 0.0000
1.004 -0.308 -9.562 0.9274 -0.3741 0.0000
0.985 -0.365 -9.562 0.9274 -0.3741 0.0000
0.962 -0.420 -9.562 0.9274 -0.3741 0.0000
0.937 -0.474 -9.562 0.9274 -0.3741 0.0000
10.754 -3.305 -9.900 0.9274 -0.3741 0.0000
10.548 -3.911 -9.900 0.9274 -0.3741 0.0000
10.309 -4.504 -9.900 0.9274 -0.3741 0.0000
10.037 -5.082 -9.900 0.9274 -0.3741 0.0000
10.754 -3.305 -9.200 0.9274 -0.3741 0.0000
10.548 -3.911 -9.200 0.9274 -0.3741 0.0000
10.309 -4.504 -9.200 0.9274 -0.3741 0.0000
10.037 -5.082 -9.200 0.9274 -0.3741 0.0000
10.754 -3.305 -9.900 -0.9274 0.3741 -0.0000
10.548 -3.911 -9.900 -0.9274 0.3741 -0.0000
10.309 -4.504 -9.900 -0.9274 0.3741 -0.0000
10.037 -5.082 -9.900 -0.9274 0.3741 -0.0000
10.754 -3.305 -9.200 -0.9274 0.3741 -0.0000
10.548 -3.911 -9.200 -0.9274 0.3741 -0.0000
10.309 -4.504 -9.200 -0.9274 0.3741 -0.0000
10.037 -5.082 -9.200 -0.9274 0.3741 -0.0000
10.754 -3.305 -9.200 -0.0000 -0.0000 1.0000
10.548 -3.911 -9.200 -0.0000 -0.0000 1.0000
10.309 -4.504 -9.200 -0.0000 -0.0000 1.0000
10.037 -5.082 -9.200 -0.0000 -0.0000 1.0000
10.419 -3.202 -9.188 -0.0000 -0.0000 1.0000
10.220 -3.789 -9.188 -0.0000 -0.0000 1.0000
9.989 -4.363 -9.188 -0.0000 -0.0000 1.0000
9.724 -4.924 -9.188 -0.0000 -0.0000 1.0000
10.754 -3.305 -9.200 0.0000 0.0000 -1.0000
10.548 -3.911 -9.200 0.0000 0.0000 -1.0000
10.309 -4.504 -9.200 0.0000 0.0000 -1.0000
10.037 -5.082 -9.200 0.0000 0.0000 -1.0000
10.419 -3.202 -9.188 0.0000 0.0000 -1.0000
10.220 -3.789 -9.188 0.0000 0.0000 -1.0000
9.989 -4.363 -9.188 0.0000 0.0000 -1.0000
9.724 -4.924 -9.188 0.0000 0.0000 -1.0000
0 1 5
0 5 4
8 13 9
8 12 13
1 2 6
1 6 5
9 14 10
9 13 14
2 3 7
2 7 6
10 15 11
10 14 15
16 21 17
16 20 21
24 25 29
24 29 28
17 22 18
17 21 22
25 26 30
25 30 29
18 23 19
18 22 23
26 27 31
26 31 30
32 37 33
32 36 37
40 41 45
40 45 44
33 38 34
33 37 38
41 42 46
41 46 45
34 39 35
34 38 39
42 43 47
42 47 46
48 49 53
48 53 52
56 61 57
56 60 61
49 50 54
49 54 53
57 62 58
57 61 62
50 51 55
50 55 54
58 63 59
58 62 63
64 69 65
64 68 69
72 73 77
72 77 76
65 70 66
65 69 70
73 74 78
73 78 77
66 71 67
66 70 71
74 75 79
74 79 78
80 85 81
80 84 85
88 89 93
88 93 92
81 86 82
81 85 86
89 90 94
89 94 93
82 87 83
82 86 87
90 91 95
90 95 94
LABEL sfoot0_slat_10_2
MATERIAL 7
TEXTURE 0
GEOM 104 76 ;sfoot0_slat_10_2
0.935 -0.478 -9.562 0.0307 -0.0124 0.9995
0.908 -0.527 -9.562 0.0307 -0.0124 0.9995
0.878 -0.575 -9.562 0.0307 -0.0124 0.9995
0.846 -0.621 -9.562 0.0307 -0.0124 0.9995
10.016 -5.122 -9.900 0.0307 -0.0124 0.9995
9.728 -5.650 -9.900 0.0307 -0.0124 0.9995
9.412 -6.163 -9.900 0.0307 -0.0124 0.9995
9.069 -6.657 -9.900 0.0307 -0.0124 0.9995
0.935 -0.478 -9.562 -0.0307 0.0124 -0.9995
0.908 -0.527 -9.562 -0.0307 0.0124 -0.9995
0.878 -0.575 -9.562 -0.0307 0.0124 -0.9995
0.846 -0.621 -9.562 -0.0307 0.0124 -0.9995
10.016 -5.122 -9.900 -0.0307 0.0124 -0.9995
9.728 -5.650 -9.900 -0.0307 0.0124 -0.9995
9.412 -6.163 -9.900 -0.0307 0.0124 -0.9995
9.069 -6.657 -9.900 -0.0307 0.0124 -0.9995
0.935 -0.478 -9.812 -0.0307 0.0124 -0.9995
0.908 -0.527 -9.812 -0.0307 0.0124 -0.9995
0.878 -0.575 -9.812 -0.0307 0.0124 -0.9995
0.846 -0.621 -9.812 -0.0307 0.0124 -0.9995
10.016 -5.122 -10.150 -0.0307 0.0124 -0.9995
9.728 -5.650 -10.150 -0.0307 0.0124 -0.9995
9.412 -6.163 -10.150 -0.0307 0.0124 -0.9995
9.069 -6.657 -10.150 -0.0307 0.0124 -0.9995
0.935 -0.478 -9.812 0.0307 -0.0124 0.9995
0.908 -0.527 -9.812 0.0307 -0.0124 0.9995
0.878 -0.575 -9.812 0.0307 -0.0124 0.9995
0.846 -0.621 -9.812 0.0307 -0.0124 0.9995
10.016 -5.122 -10.150 0.0307 -0.0124 0.9995
9.728 -5.650 -10.150 0.0307 -0.0124 0.9995
9.412 -6.163 -10.150 0.0307 -0.0124 0.9995
9.069 -6.657 -10.150 0.0307 -0.0124 0.9995
10.016 -5.122 -10.150 0.8510 -0.5252 0.0000
9.728 -5.650 -10.150 0.8510 -0.5252 0.0000
9.412 -6.163 -10.150 0.8510 -0.5252 0.0000
9.069 -6.657 -10.150 0.8510 -0.5252 0.0000
10.016 -5.122 -9.900 0.8510 -0.5252 0.0000
9.728 -5.650 -9.900 0.8510 -0.5252 0.0000
9.412 -6.163 -9.900 0.8510 -0.5252 0.0000
9.069 -6.657 -9.900 0.8510 -0.5252 0.0000
10.016 -5.122 -10.150 -0.8510 0.5252 -0.0000
9.728 -5.650 -10.150 -0.8510 0.5252 -0.0000
9.412 -6.163 -10.150 -0.8510 0.5252 -0.0000
9.069 -6.657 -10.150 -0.8510 0.5252 -0.0000
10.016 -5.122 -9.900 -0.8510 0.5252 -0.0000
9.728 -5.650 -9.900 -0.8510 0.5252 -0.0000
9.412 -6.163 -9.900 -0.8510 0.5252 -0.0000
9.069 -6.657 -9.900 -0.8510 0.5252 -0.0000
0.935 -0.478 -9.812 -0.8510 0.5252 -0.0000
0.908 -0.527 -9.812 -0.8510 0.5252 -0.0000
0.878 -0.575 -9.812 -0.8510 0.5252 -0.0000
0.846 -0.621 -9.812 -0.8510 0.5252 -0.0000
0.935 -0.478 -9.562 -0.8510 0.5252 -0.0000
0.908 -0.527 -9.562 -0.8510 0.5252 -0.0000
0.878 -0.575 -9.562 -0.8510 0.5252 -0.0000
0.846 -0.621 -9.562 -0.8510 0.5252 -0.0000
0.935 -0.478 -9.812 0.8510 -0.5252 0.0000
0.908 -0.527 -9.812 0.8510 -0.5252 0.0000
0.878 -0.575 -9.812 0.8510 -0.5252 0.0000
0.846 -0.621 -9.812 0.8510 -0.5252 0.0000
0.935 -0.478 -9.562 0.8510 -0.5252 0.0000
0.908 -0.527 -9.562 0.8510 -0.5252 0.0000
0.878 -0.575 -9.562 0.8510 -0.5252 0.0000
0.846 -0.621 -9.562 0.8510 -0.5252 0.0000
10.016 -5.122 -9.900 0.8510 -0.5252 0.0000
9.728 -5.650 -9.900 0.8510 -0.5252 0.0000
9.412 -6.163 -9.900 0.8510 -0.5252 0.0000
9.069 -6.657 -9.900 0.8510 -0.5252 0.0000
10.016 -5.122 -9.200 0.8510 -0.5252 0.0000
9.728 -5.650 -9.200 0.8510 -0.5252 0.0000
9.412 -6.163 -9.200 0.8510 -0.5252 0.0000
9.069 -6.657 -9.200 0.8510 -0.5252 0.0000
10.016 -5.122 -9.900 -0.8510 0.5252 -0.0000
9.728 -5.650 -9.900 -0.8510 0.5252 -0.0000
9.412 -6.163 -9.900 -0.8510 0.5252 -0.0000
9.069 -6.657 -9.900 -0.8510 0.5252 -0.0000
10.016 -5.122 -9.200 -0.8510 0.5252 -0.0000
9.728 -5.650 -9.200 -0.8510 0.5252 -0.0000
9.412 -6.163 -9.200 -0.8510 0.5252 -0.0000
9.069 -6.657 -9.200 -0.8510 0.5252 -0.0000
10.016 -5.122 -9.200 -0.0000 -0.0000 1.0000
9.728 -5.650 -9.200 -0.0000 -0.0000 1.0000
9.412 -6.163 -9.200 -0.0000 -0.0000 1.0000
9.069 -6.657 -9.200 -0.0000 -0.0000 1.0000
9.705 -4.963 -9.188 -0.0000 -0.0000 1.0000
9.425 -5.475 -9.188 -0.0000 -0.0000 1.0000
9.119 -5.971 -9.188 -0.0000 -0.0000 1.0000
8.787 -6.450 -9.188 -0.0000 -0.0000 1.0000
10.016 -5.122 -9.200 0.0000 0.0000 -1.0000
9.728 -5.650 -9.200 0.0000 0.0000 -1.0000
9.412 -6.163 -9.200 0.0000 0.0000 -1.0000
9.069 -6.657 -9.200 0.0000 0.0000 -1.0000
9.705 -4.963 -9.188 0.0000 0.0000 -1.0000
9.425 -5.475 -9.188 0.0000 0.0000 -1.0000
9.119 -5.971 -9.188 0.0000 0.0000 -1.0000
8.787 -6.450 -9.188 0.0000 0.0000 -1.0000
0.846 -0.621 -9.812 -0.5918 -0.8061 0.0000
9.069 -6.657 -10.150 -0.5918 -0.8061 0.0000
0.846 -0.621 -9.562 -0.5918 -0.8061 0.0000
9.069 -6.657 -9.900 -0.5918 -0.8061 0.0000
0.846 -0.621 -9.812 0.5918 0.8061 -0.0000
9.069 -6.657 -10.150 0.5918 0.8061 -0.0000
0.846 -0.621 -9.562 0.5918 0.8061 -0.0000
9.069 -6.657 -9.900 0.5918 0.8061 -0.0000
0 1 5
0 5 4
8 13 9
8 12 13
1 2 6
1 6 5
9 14 10
9 13 14
2 3 7
2 7 6
10 15 11
10 14 15
16 21 17
16 20 21
24 25 29
24 29 28
17 22 18
17 21 22
25 26 30
25 30 29
18 23 19
18 22 23
26 27 31
26 31 30
32 37 33
32 36 37
40 41 45
40 45 44
33 38 34
33 37 38
41 42 46
41 46 45
34 39 35
34 38 39
42 43 47
42 47 46
48 49 53
48 53 52
56 61 57
56 60 61
49 50 54
49 54 53
57 62 58
57 61 62
50 51 55
50 55 54
58 63 59
58 62 63
64 69 65
64 68 69
72 73 77
72 77 76
65 70 66
65 69 70
73 74 78
73 78 77
66 71 67
66 70 71
74 75 79
74 79 78
80 85 81
80 84 85
88 89 93
88 93 92
81 86 82
81 85 86
89 90 94
89 94 93
82 87 83
82 86 87
90 91 95
90 95 94
96 97 99
96 99 98
100 103 101
100 102 103
LABEL sfoot0_strut_10
MATERIAL 9
TEXTURE 0
GEOM 50 48 ;sfoot0_strut_10
1.342 -0.430 -5.233 0.5507 -0.0000 0.8347
1.238 -0.667 -5.245 0.3437 -0.4739 0.8108
1.089 -0.841 -5.365 0.0446 -0.8207 0.5696
0.933 -0.904 -5.562 -0.2664 -0.9477 0.1757
0.813 -0.841 -5.783 -0.5060 -0.8207 -0.2652
0.761 -0.667 -5.968 -0.6101 -0.4739 -0.6350
0.791 -0.430 -6.067 -0.5507 -0.0000 -0.8347
0.895 -0.193 -6.055 -0.3437 0.4739 -0.8108
1.044 -0.020 -5.935 -0.0446 0.8207 -0.5696
1.200 0.044 -5.738 0.2664 0.9477 -0.1757
1.320 -0.020 -5.517 0.5060 0.8207 0.2652
1.372 -0.193 -5.332 0.6101 0.4739 0.6350
4.595 -1.742 -7.378 0.5507 -0.0000 0.8347
4.491 -1.979 -7.390 0.3437 -0.4739 0.8108
4.342 -2.153 -7.511 0.0446 -0.8207 0.5696
4.186 -2.216 -7.708 -0.2664 -0.9477 0.1757
4.066 -2.153 -7.928 -0.5060 -0.8207 -0.2652
4.014 -1.979 -8.113 -0.6101 -0.4739 -0.6350
4.044 -1.742 -8.213 -0.5507 -0.0000 -0.8347
4.147 -1.506 -8.201 -0.3437 0.4739 -0.8108
4.297 -1.332 -8.081 -0.0446 0.8207 -0.5696
4.453 -1.269 -7.884 0.2664 0.9477 -0.1757
4.572 -1.332 -7.663 0.5060 0.8207 0.2652
4.624 -1.506 -7.478 0.6101 0.4739 0.6350
1.066 -0.430 -5.650 -0.7911 0.3191 0.5219
1.342 -0.430 -5.233 -0.7911 0.3191 0.5219
1.238 -0.667 -5.245 -0.7911 0.3191 0.5219
1.089 -0.841 -5.365 -0.7911 0.3191 0.5219
0.933 -0.904 -5.562 -0.7911 0.3191 0.5219
0.813 -0.841 -5.783 -0.7911 0.3191 0.5219
0.761 -0.667 -5.968 -0.7911 0.3191 0.5219
0.791 -0.430 -6.067 -0.7911 0.3191 0.5219
0.895 -0.193 -6.055 -0.7911 0.3191 0.5219
1.044 -0.020 -5.935 -0.7911 0.3191 0.5219
1.200 0.044 -5.738 -0.7911 0.3191 0.5219
1.320 -0.020 -5.517 -0.7911 0.3191 0.5219
1.372 -0.193 -5.332 -0.7911 0.3191 0.5219
4.319 -1.742 -7.796 0.7911 -0.3191 -0.5219
4.595 -1.742 -7.378 0.7911 -0.3191 -0.5219
4.491 -1.979 -7.390 0.7911 -0.3191 -0.5219
4.342 -2.153 -7.511 0.7911 -0.3191 -0.5219
4.186 -2.216 -7.708 0.7911 -0.3191 -0.5219
4.066 -2.153 -7.928 0.7911 -0.3191 -0.5219
4.014 -1.979 -8.113 0.7911 -0.3191 -0.5219
4.044 -1.742 -8.213 0.7911 -0.3191 -0.5219
4.147 -1.506 -8.201 0.7911 -0.3191 -0.5219
4.297 -1.332 -8.081 0.7911 -0.3191 -0.5219
4.453 -1.269 -7.884 0.7911 -0.3191 -0.5219
4.572 -1.332 -7.663 0.7911 -0.3191 -0.5219
4.624 -1.506 -7.478 0.7911 -0.3191 -0.5219
0 1 13
0 13 12
1 2 14
1 14 13
2 3 15
2 15 14
3 4 16
3 16 15
4 5 17
4 17 16
5 6 18
5 18 17
6 7 19
6 19 18
7 8 20
7 20 19
8 9 21
8 21 20
9 10 22
9 22 21
10 11 23
10 23 22
11 0 12
11 12 23
24 26 25
24 27 26
24 28 27
24 29 28
24 30 29
24 31 30
24 32 31
24 33 32
24 34 33
24 35 34
24 36 35
24 25 36
37 38 39
37 39 40
37 40 41
37 41 42
37 42 43
37 43 44
37 44 45
37 45 46
37 46 47
37 47 48
37 48 49
37 49 38
LABEL sfoot0_rod_10
MATERIAL 7
TEXTURE 0
GEOM 42 40 ;sfoot0_rod_10
3.982 -1.551 -7.274 0.5507 -0.0000 0.8347
3.917 -1.690 -7.288 0.2889 -0.5571 0.7786
3.824 -1.776 -7.376 -0.0832 -0.9013 0.4251
3.739 -1.776 -7.505 -0.4235 -0.9013 -0.0908
3.694 -1.690 -7.626 -0.6021 -0.5571 -0.5720
3.707 -1.551 -7.691 -0.5507 -0.0000 -0.8347
3.772 -1.412 -7.677 -0.2889 0.5571 -0.7786
3.865 -1.326 -7.589 0.0832 0.9013 -0.4251
3.951 -1.326 -7.460 0.4235 0.9013 0.0908
3.995 -1.412 -7.340 0.6021 0.5571 0.5720
7.118 -2.816 -9.343 0.5507 -0.0000 0.8347
7.053 -2.955 -9.357 0.2889 -0.5571 0.7786
6.960 -3.041 -9.445 -0.0832 -0.9013 0.4251
6.875 -3.041 -9.574 -0.4235 -0.9013 -0.0908
6.830 -2.955 -9.695 -0.6021 -0.5571 -0.5720
6.843 -2.816 -9.760 -0.5507 -0.0000 -0.8347
6.908 -2.677 -9.746 -0.2889 0.5571 -0.7786
7.002 -2.591 -9.658 0.0832 0.9013 -0.4251
7.087 -2.591 -9.529 0.4235 0.9013 0.0908
7.131 -2.677 -9.408 0.6021 0.5571 0.5720
3.845 -1.551 -7.483 -0.7911 0.3191 0.5219
3.982 -1.551 -7.274 -0.7911 0.3191 0.5219
3.917 -1.690 -7.288 -0.7911 0.3191 0.5219
3.824 -1.776 -7.376 -0.7911 0.3191 0.5219
3.739 -1.776 -7.505 -0.7911 0.3191 0.5219
3.694 -1.690 -7.626 -0.7911 0.3191 0.5219
3.707 -1.551 -7.691 -0.7911 0.3191 0.5219
3.772 -1.412 -7.677 -0.7911 0.3191 0.5219
3.865 -1.326 -7.589 -0.7911 0.3191 0.5219
3.951 -1.326 -7.460 -0.7911 0.3191 0.5219
3.995 -1.412 -7.340 -0.7911 0.3191 0.5219
6.981 -2.816 -9.551 0.7911 -0.3191 -0.5219
7.118 -2.816 -9.343 0.7911 -0.3191 -0.5219
7.053 -2.955 -9.357 0.7911 -0.3191 -0.5219
6.960 -3.041 -9.445 0.7911 -0.3191 -0.5219
6.875 -3.041 -9.574 0.7911 -0.3191 -0.5219
6.830 -2.955 -9.695 0.7911 -0.3191 -0.5219
6.843 -2.816 -9.760 0.7911 -0.3191 -0.5219
6.908 -2.677 -9.746 0.7911 -0.3191 -0.5219
7.002 -2.591 -9.658 0.7911 -0.3191 -0.5219
7.087 -2.591 -9.529 0.7911 -0.3191 -0.5219
7.131 -2.677 -9.408 0.7911 -0.3191 -0.5219
0 1 11
0 11 10
1 2 12
1 12 11
2 3 13
2 13 12
3 4 14
3 14 13
4 5 15
4 15 14
5 6 16
5 16 15
6 7 17
6 17 16
7 8 18
7 18 17
8 9 19
8 19 18
9 0 10
9 10 19
20 22 21
20 23 22
20 24 23
20 25 24
20 26 25
20 27 26
20 28 27
20 29 28
20 30 29
20 21 30
31 32 33
31 33 34
31 34 35
31 35 36
31 36 37
31 37 38
31 38 39
31 39 40
31 40 41
31 41 32
LABEL sfoot0_skirt_10_0
MATERIAL 7
TEXTURE 0
GEOM 16 12 ;sfoot0_skirt_10_0
11.150 -1.499 -11.050 0.9772 -0.2123 0.0000
11.054 -2.093 -11.050 0.9772 -0.2123 0.0000
10.926 -2.681 -11.050 0.9772 -0.2123 0.0000
10.767 -3.262 -11.050 0.9772 -0.2123 0.0000
11.150 -1.499 -10.150 0.9772 -0.2123 0.0000
11.054 -2.093 -10.150 0.9772 -0.2123 0.0000
10.926 -2.681 -10.150 0.9772 -0.2123 0.0000
10.767 -3.262 -10.150 0.9772 -0.2123 0.0000
11.150 -1.499 -11.050 -0.9772 0.2123 -0.0000
11.054 -2.093 -11.050 -0.9772 0.2123 -0.0000
10.926 -2.681 -11.050 -0.9772 0.2123 -0.0000
10.767 -3.262 -11.050 -0.9772 0.2123 -0.0000
11.150 -1.499 -10.150 -0.9772 0.2123 -0.0000
11.054 -2.093 -10.150 -0.9772 0.2123 -0.0000
10.926 -2.681 -10.150 -0.9772 0.2123 -0.0000
10.767 -3.262 -10.150 -0.9772 0.2123 -0.0000
0 5 1
0 4 5
8 9 13
8 13 12
1 6 2
1 5 6
9 10 14
9 14 13
2 7 3
2 6 7
10 11 15
10 15 14
LABEL sfoot0_skirt_10_1
MATERIAL 7
TEXTURE 0
GEOM 16 12 ;sfoot0_skirt_10_1
10.754 -3.305 -11.050 0.9274 -0.3741 0.0000
10.548 -3.911 -11.050 0.9274 -0.3741 0.0000
10.309 -4.504 -11.050 0.9274 -0.3741 0.0000
10.037 -5.082 -11.050 0.9274 -0.3741 0.0000
10.754 -3.305 -10.150 0.9274 -0.3741 0.0000
10.548 -3.911 -10.150 0.9274 -0.3741 0.0000
10.309 -4.504 -10.150 0.9274 -0.3741 0.0000
10.037 -5.082 -10.150 0.9274 -0.3741 0.0000
10.754 -3.305 -11.050 -0.9274 0.3741 -0.0000
10.548 -3.911 -11.050 -0.9274 0.3741 -0.0000
10.309 -4.504 -11.050 -0.9274 0.3741 -0.0000
10.037 -5.082 -11.050 -0.9274 0.3741 -0.0000
10.754 -3.305 -10.150 -0.9274 0.3741 -0.0000
10.548 -3.911 -10.150 -0.9274 0.3741 -0.0000
10.309 -4.504 -10.150 -0.9274 0.3741 -0.0000
10.037 -5.082 -10.150 -0.9274 0.3741 -0.0000
0 5 1
0 4 5
8 9 13
8 13 12
1 6 2
1 5 6
9 10 14
9 14 13
2 7 3
2 6 7
10 11 15
10 15 14
LABEL sfoot0_skirt_10_2
MATERIAL 7
TEXTURE 0
GEOM 16 12 ;sfoot0_skirt_10_2
10.016 -5.122 -11.050 0.8510 -0.5252 0.0000
9.728 -5.650 -11.050 0.8510 -0.5252 0.0000
9.412 -6.163 -11.050 0.8510 -0.5252 0.0000
9.069 -6.657 -11.050 0.8510 -0.5252 0.0000
10.016 -5.122 -10.150 0.8510 -0.5252 0.0000
9.728 -5.650 -10.150 0.8510 -0.5252 0.0000
9.412 -6.163 -10.150 0.8510 -0.5252 0.0000
9.069 -6.657 -10.150 0.8510 -0.5252 0.0000
10.016 -5.122 -11.050 -0.8510 0.5252 -0.0000
9.728 -5.650 -11.050 -0.8510 0.5252 -0.0000
9.412 -6.163 -11.050 -0.8510 0.5252 -0.0000
9.069 -6.657 -11.050 -0.8510 0.5252 -0.0000
10.016 -5.122 -10.150 -0.8510 0.5252 -0.0000
9.728 -5.650 -10.150 -0.8510 0.5252 -0.0000
9.412 -6.163 -10.150 -0.8510 0.5252 -0.0000
9.069 -6.657 -10.150 -0.8510 0.5252 -0.0000
0 5 1
0 4 5
8 9 13
8 13 12
1 6 2
1 5 6
9 10 14
9 14 13
2 7 3
2 6 7
10 11 15
10 15 14
LABEL sfoot0_petal_11
MATERIAL 7
TEXTURE 0
GEOM 66 52 ;sfoot0_petal_11
0.835 -0.500 -9.557 -0.6157 0.7872 0.0332
0.284 -0.931 -9.557 -0.6157 0.7872 0.0332
0.293 -0.943 -9.107 -0.6157 0.7872 0.0332
0.844 -0.512 -9.107 -0.6157 0.7872 0.0332
6.965 -8.337 -9.887 0.6157 -0.7872 -0.0332
6.414 -8.769 -9.887 0.6157 -0.7872 -0.0332
6.423 -8.780 -9.437 0.6157 -0.7872 -0.0332
6.974 -8.349 -9.437 0.6157 -0.7872 -0.0332
0.835 -0.500 -9.557 0.7877 0.6161 -0.0000
6.965 -8.337 -9.887 0.7877 0.6161 -0.0000
6.974 -8.349 -9.437 0.7877 0.6161 -0.0000
0.844 -0.512 -9.107 0.7877 0.6161 -0.0000
0.284 -0.931 -9.557 -0.7877 -0.6161 0.0000
6.414 -8.769 -9.887 -0.7877 -0.6161 0.0000
6.423 -8.780 -9.437 -0.7877 -0.6161 0.0000
0.293 -0.943 -9.107 -0.7877 -0.6161 0.0000
0.835 -0.500 -9.557 -0.0204 0.0261 -0.9995
6.965 -8.337 -9.887 -0.0204 0.0261 -0.9995
6.414 -8.769 -9.887 -0.0204 0.0261 -0.9995
0.284 -0.931 -9.557 -0.0204 0.0261 -0.9995
0.844 -0.512 -9.107 0.0204 -0.0261 0.9995
6.974 -8.349 -9.437 0.0204 -0.0261 0.9995
6.423 -8.780 -9.437 0.0204 -0.0261 0.9995
0.293 -0.943 -9.107 0.0204 -0.0261 0.9995
0.786 -0.274 -9.900 0.0000 0.0000 -1.0000
0.894 -0.413 -9.843 0.3621 -0.4630 -0.8090
0.961 -0.499 -9.693 0.5859 -0.7491 -0.3090
0.961 -0.499 -9.507 0.5859 -0.7491 0.3090
0.894 -0.413 -9.357 0.3621 -0.4630 0.8090
0.786 -0.274 -9.300 0.0000 -0.0000 1.0000
0.677 -0.135 -9.357 -0.3621 0.4630 0.8090
0.610 -0.049 -9.507 -0.5859 0.7491 0.3090
0.610 -0.049 -9.693 -0.5859 0.7491 -0.3090
0.677 -0.135 -9.843 -0.3621 0.4630 -0.8090
0.077 -0.829 -9.900 0.0000 0.0000 -1.0000
0.185 -0.968 -9.843 0.3621 -0.4630 -0.8090
0.253 -1.053 -9.693 0.5859 -0.7491 -0.3090
0.253 -1.053 -9.507 0.5859 -0.7491 0.3090
0.185 -0.968 -9.357 0.3621 -0.4630 0.8090
0.077 -0.829 -9.300 0.0000 -0.0000 1.0000
-0.032 -0.690 -9.357 -0.3621 0.4630 0.8090
-0.099 -0.604 -9.507 -0.5859 0.7491 0.3090
-0.099 -0.604 -9.693 -0.5859 0.7491 -0.3090
-0.032 -0.690 -9.843 -0.3621 0.4630 -0.8090
0.786 -0.274 -9.600 0.7877 0.6161 -0.0000
0.786 -0.274 -9.900 0.7877 0.6161 -0.0000
0.894 -0.413 -9.843 0.7877 0.6161 -0.0000
0.961 -0.499 -9.693 0.7877 0.6161 -0.0000
0.961 -0.499 -9.507 0.7877 0.6161 -0.0000
0.894 -0.413 -9.357 0.7877 0.6161 -0.0000
0.786 -0.274 -9.300 0.7877 0.6161 -0.0000
0.677 -0.135 -9.357 0.7877 0.6161 -0.0000
0.610 -0.049 -9.507 0.7877 0.6161 -0.0000
0.610 -0.049 -9.693 0.7877 0.6161 -0.0000
0.677 -0.135 -9.843 0.7877 0.6161 -0.0000
0.077 -0.829 -9.600 -0.7877 -0.6161 0.0000
0.077 -0.829 -9.900 -0.7877 -0.6161 0.0000
0.185 -0.968 -9.843 -0.7877 -0.6161 0.0000
0.253 -1.053 -9.693 -0.7877 -0.6161 0.0000
0.253 -1.053 -9.507 -0.7877 -0.6161 0.0000
0.185 -0.968 -9.357 -0.7877 -0.6161 0.0000
0.077 -0.829 -9.300 -0.7877 -0.6161 0.0000
-0.032 -0.690 -9.357 -0.7877 -0.6161 0.0000
-0.099 -0.604 -9.507 -0.7877 -0.6161 0.0000
-0.099 -0.604 -9.693 -0.7877 -0.6161 0.0000
-0.032 -0.690 -9.843 -0.7877 -0.6161 0.0000
0 1 2
0 2 3
4 6 5
4 7 6
8 10 9
8 11 10
12 13 14
12 14 15
16 17 18
16 18 19
20 22 21
20 23 22
24 25 35
24 35 34
25 26 36
25 36 35
26 27 37
26 37 36
27 28 38
27 38 37
28 29 39
28 39 38
29 30 40
29 40 39
30 31 41
30 41 40
31 32 42
31 42 41
32 33 43
32 43 42
33 24 34
33 34 43
44 46 45
44 47 46
44 48 47
44 49 48
44 50 49
44 51 50
44 52 51
44 53 52
44 54 53
44 45 54
55 56 57
55 57 58
55 58 59
55 59 60
55 60 61
55 61 62
55 62 63
55 63 64
55 64 65
55 65 56
LABEL sfoot0_slat_11_0
MATERIAL 7
TEXTURE 0
GEOM 104 76 ;sfoot0_slat_11_0
0.831 -0.641 -9.562 0.0204 -0.0261 0.9995
0.796 -0.685 -9.562 0.0204 -0.0261 0.9995
0.758 -0.727 -9.562 0.0204 -0.0261 0.9995
0.718 -0.766 -9.562 0.0204 -0.0261 0.9995
8.906 -6.873 -9.900 0.0204 -0.0261 0.9995
8.526 -7.340 -9.900 0.0204 -0.0261 0.9995
8.121 -7.785 -9.900 0.0204 -0.0261 0.9995
7.693 -8.208 -9.900 0.0204 -0.0261 0.9995
0.831 -0.641 -9.562 -0.0204 0.0261 -0.9995
0.796 -0.685 -9.562 -0.0204 0.0261 -0.9995
0.758 -0.727 -9.562 -0.0204 0.0261 -0.9995
0.718 -0.766 -9.562 -0.0204 0.0261 -0.9995
8.906 -6.873 -9.900 -0.0204 0.0261 -0.9995
8.526 -7.340 -9.900 -0.0204 0.0261 -0.9995
8.121 -7.785 -9.900 -0.0204 0.0261 -0.9995
7.693 -8.208 -9.900 -0.0204 0.0261 -0.9995
0.831 -0.641 -9.812 -0.0204 0.0261 -0.9995
0.796 -0.685 -9.812 -0.0204 0.0261 -0.9995
0.758 -0.727 -9.812 -0.0204 0.0261 -0.9995
0.718 -0.766 -9.812 -0.0204 0.0261 -0.9995
8.906 -6.873 -10.150 -0.0204 0.0261 -0.9995
8.526 -7.340 -10.150 -0.0204 0.0261 -0.9995
8.121 -7.785 -10.150 -0.0204 0.0261 -0.9995
7.693 -8.208 -10.150 -0.0204 0.0261 -0.9995
0.831 -0.641 -9.812 0.0204 -0.0261 0.9995
0.796 -0.685 -9.812 0.0204 -0.0261 0.9995
0.758 -0.727 -9.812 0.0204 -0.0261 0.9995
0.718 -0.766 -9.812 0.0204 -0.0261 0.9995
8.906 -6.873 -10.150 0.0204 -0.0261 0.9995
8.526 -7.340 -10.150 0.0204 -0.0261 0.9995
8.121 -7.785 -10.150 0.0204 -0.0261 0.9995
7.693 -8.208 -10.150 0.0204 -0.0261 0.9995
8.906 -6.873 -10.150 0.7401 -0.6724 0.0000
8.526 -7.340 -10.150 0.7401 -0.6724 0.0000
8.121 -7.785 -10.150 0.7401 -0.6724 0.0000
7.693 -8.208 -10.150 0.7401 -0.6724 0.0000
8.906 -6.873 -9.900 0.7401 -0.6724 0.0000
8.526 -7.340 -9.900 0.7401 -0.6724 0.0000
8.121 -7.785 -9.900 0.7401 -0.6724 0.0000
7.693 -8.208 -9.900 0.7401 -0.6724 0.0000
8.906 -6.873 -10.150 -0.7401 0.6724 -0.0000
8.526 -7.340 -10.150 -0.7401 0.6724 -0.0000
8.121 -7.785 -10.150 -0.7401 0.6724 -0.0000
7.693 -8.208 -10.150 -0.7401 0.6724 -0.0000
8.906 -6.873 -9.900 -0.7401 0.6724 -0.0000
8.526 -7.340 -9.900 -0.7401 0.6724 -0.0000
8.121 -7.785 -9.900 -0.7401 0.6724 -0.0000
7.693 -8.208 -9.900 -0.7401 0.6724 -0.0000
0.831 -0.641 -9.812 -0.7401 0.6724 -0.0000
0.796 -0.685 -9.812 -0.7401 0.6724 -0.0000
0.758 -0.727 -9.812 -0.7401 0.6724 -0.0000
0.718 -0.766 -9.812 -0.7401 0.6724 -0.0000
0.831 -0.641 -9.562 -0.7401 0.6724 -0.0000
0.796 -0.685 -9.562 -0.7401 0.6724 -0.0000
0.758 -0.727 -9.562 -0.7401 0.6724 -0.0000
0.718 -0.766 -9.562 -0.7401 0.6724 -0.0000
0.831 -0.641 -9.812 0.7401 -0.6724 0.0000
0.796 -0.685 -9.812 0.7401 -0.6724 0.0000
0.758 -0.727 -9.812 0.7401 -0.6724 0.0000
0.718 -0.766 -9.812 0.7401 -0.6724 0.0000
0.831 -0.641 -9.562 0.7401 -0.6724 0.0000
0.796 -0.685 -9.562 0.7401 -0.6724 0.0000
0.758 -0.727 -9.562 0.7401 -0.6724 0.0000
0.718 -0.766 -9.562 0.7401 -0.6724 0.0000
8.906 -6.873 -9.900 0.7401 -0.6724 0.0000
8.526 -7.340 -9.900 0.7401 -0.6724 0.0000
8.121 -7.785 -9.900 0.7401 -0.6724 0.0000
7.693 -8.208 -9.900 0.7401 -0.6724 0.0000
8.906 -6.873 -9.200 0.7401 -0.6724 0.0000
8.526 -7.340 -9.200 0.7401 -0.6724 0.0000
8.121 -7.785 -9.200 0.7401 -0.6724 0.0000
7.693 -8.208 -9.200 0.7401 -0.6724 0.0000
8.906 -6.873 -9.900 -0.7401 0.6724 -0.0000
8.526 -7.340 -9.900 -0.7401 0.6724 -0.0000
8.121 -7.785 -9.900 -0.7401 0.6724 -0.0000
7.693 -8.208 -9.900 -0.7401 0.6724 -0.0000
8.906 -6.873 -9.200 -0.7401 0.6724 -0.0000
8.526 -7.340 -9.200 -0.7401 0.6724 -0.0000
8.121 -7.785 -9.200 -0.7401 0.6724 -0.0000
7.693 -8.208 -9.200 -0.7401 0.6724 -0.0000
8.906 -6.873 -9.200 -0.0000 -0.0000 1.0000
8.526 -7.340 -9.200 -0.0000 -0.0000 1.0000
8.121 -7.785 -9.200 -0.0000 -0.0000 1.0000
7.693 -8.208 -9.200 -0.0000 -0.0000 1.0000
8.629 -6.659 -9.188 -0.0000 -0.0000 1.0000
8.261 -7.111 -9.188 -0.0000 -0.0000 1.0000
7.869 -7.543 -9.188 -0.0000 -0.0000 1.0000
7.454 -7.953 -9.188 -0.0000 -0.0000 1.0000
8.906 -6.873 -9.200 0.0000 0.0000 -1.0000
8.526 -7.340 -9.200 0.0000 0.0000 -1.0000
8.121 -7.785 -9.200 0.0000 0.0000 -1.0000
7.693 -8.208 -9.200 0.0000 0.0000 -1.0000
8.629 -6.659 -9.188 0.0000 0.0000 -1.0000
8.261 -7.111 -9.188 0.0000 0.0000 -1.0000
7.869 -7.543 -9.188 0.0000 0.0000 -1.0000
7.454 -7.953 -9.188 0.0000 0.0000 -1.0000
0.831 -0.641 -9.812 -0.6109 -0.7917 0.0000
8.906 -6.873 -10.150 -0.6109 -0.7917 0.0000
0.831 -0.641 -9.562 -0.6109 -0.7917 0.0000
8.906 -6.873 -9.900 -0.6109 -0.7917 0.0000
0.831 -0.641 -9.812 0.6109 0.7917 -0.0000
8.906 -6.873 -10.150 0.6109 0.7917 -0.0000
0.831 -0.641 -9.562 0.6109 0.7917 -0.0000
8.906 -6.873 -9.900 0.6109 0.7917 -0.0000
0 1 5
0 5 4
8 13 9
8 12 13
1 2 6
1 6 5
9 14 10
9 13 14
2 3 7
2 7 6
10 15 11
10 14 15
16 21 17
16 20 21
24 25 29
24 29 28
17 22 18
17 21 22
25 26 30
25 30 29
18 23 19
18 22 23
26 27 31
26 31 30
32 37 33
32 36 37
40 41 45
40 45 44
33 38 34
33 37 38
41 42 46
41 46 45
34 39 35
34 38 39
42 43 47
42 47 46
48 49 53
48 53 52
56 61 57
56 60 61
49 50 54
49 54 53
57 62 58
57 61 62
50 51 55
50 55 54
58 63 59
58 62 63
64 69 65
64 68 69
72 73 77
72 77 76
65 70 66
65 69 70
73 74 78
73 78 77
66 71 67
66 70 71
74 75 79
74 79 78
80 85 81
80 84 85
88 89 93
88 93 92
81 86 82
81 85 86
89 90 94
89 94 93
82 87 83
82 86 87
90 91 95
90 95 94
96 97 99
96 99 98
100 103 101
100 102 103
LABEL sfoot0_slat_11_1
MATERIAL 7
TEXTURE 0
GEOM 96 72 ;sfoot0_slat_11_1
0.715 -0.769 -9.562 0.0204 -0.0261 0.9995
0.670 -0.808 -9.562 0.0204 -0.0261 0.9995
0.623 -0.845 -9.562 0.0204 -0.0261 0.9995
0.574 -0.879 -9.562 0.0204 -0.0261 0.9995
7.660 -8.239 -9.900 0.0204 -0.0261 0.9995
7.180 -8.661 -9.900 0.0204 -0.0261 0.9995
6.676 -9.055 -9.900 0.0204 -0.0261 0.9995
6.151 -9.419 -9.900 0.0204 -0.0261 0.9995
0.715 -0.769 -9.562 -0.0204 0.0261 -0.9995
0.670 -0.808 -9.562 -0.0204 0.0261 -0.9995
0.623 -0.845 -9.562 -0.0204 0.0261 -0.9995
0.574 -0.879 -9.562 -0.0204 0.0261 -0.9995
7.660 -8.239 -9.900 -0.0204 0.0261 -0.9995
7.180 -8.661 -9.900 -0.0204 0.0261 -0.9995
6.676 -9.055 -9.900 -0.0204 0.0261 -0.9995
6.151 -9.419 -9.900 -0.0204 0.0261 -0.9995
0.715 -0.769 -9.812 -0.0204 0.0261 -0.9995
0.670 -0.808 -9.812 -0.0204 0.0261 -0.9995
0.623 -0.845 -9.812 -0.0204 0.0261 -0.9995
0.574 -0.879 -9.812 -0.0204 0.0261 -0.9995
7.660 -8.239 -10.150 -0.0204 0.0261 -0.9995
7.180 -8.661 -10.150 -0.0204 0.0261 -0.9995
6.676 -9.055 -10.150 -0.0204 0.0261 -0.9995
6.151 -9.419 -10.150 -0.0204 0.0261 -0.9995
0.715 -0.769 -9.812 0.0204 -0.0261 0.9995
0.670 -0.808 -9.812 0.0204 -0.0261 0.9995
0.623 -0.845 -9.812 0.0204 -0.0261 0.9995
0.574 -0.879 -9.812 0.0204 -0.0261 0.9995
7.660 -8.239 -10.150 0.0204 -0.0261 0.9995
7.180 -8.661 -10.150 0.0204 -0.0261 0.9995
6.676 -9.055 -10.150 0.0204 -0.0261 0.9995
6.151 -9.419 -10.150 0.0204 -0.0261 0.9995
7.660 -8.239 -10.150 0.6161 -0.7877 0.0000
7.180 -8.661 -10.150 0.6161 -0.7877 0.0000
6.676 -9.055 -10.150 0.6161 -0.7877 0.0000
6.151 -9.419 -10.150 0.6161 -0.7877 0.0000
7.660 -8.239 -9.900 0.6161 -0.7877 0.0000
7.180 -8.661 -9.900 0.6161 -0.7877 0.0000
6.676 -9.055 -9.900 0.6161 -0.7877 0.0000
6.151 -9.419 -9.900 0.6161 -0.7877 0.0000
7.660 -8.239 -10.150 -0.6161 0.7877 -0.0000
7.180 -8.661 -10.150 -0.6161 0.7877 -0.0000
6.676 -9.055 -10.150 -0.6161 0.7877 -0.0000
6.151 -9.419 -10.150 -0.6161 0.7877 -0.0000
7.660 -8.239 -9.900 -0.6161 0.7877 -0.0000
7.180 -8.661 -9.900 -0.6161 0.7877 -0.0000
6.676 -9.055 -9.900 -0.6161 0.7877 -0.0000
6.151 -9.419 -9.900 -0.6161 0.7877 -0.0000
0.715 -0.769 -9.812 -0.6161 0.7877 -0.0000
0.670 -0.808 -9.812 -0.6161 0.7877 -0.0000
0.623 -0.845 -9.812 -0.6161 0.7877 -0.0000
0.574 -0.879 -9.812 -0.6161 0.7877 -0.0000
0.715 -0.769 -9.562 -0.6161 0.7877 -0.0000
0.670 -0.808 -9.562 -0.6161 0.7877 -0.0000
0.623 -0.845 -9.562 -0.6161 0.7877 -0.0000
0.574 -0.879 -9.562 -0.6161 0.7877 -0.0000
0.715 -0.769 -9.812 0.6161 -0.7877 0.0000
0.670 -0.808 -9.812 0.6161 -0.7877 0.0000
0.623 -0.845 -9.812 0.6161 -0.7877 0.0000
0.574 -0.879 -9.812 0.6161 -0.7877 0.0000
0.715 -0.769 -9.562 0.6161 -0.7877 0.0000
0.670 -0.808 -9.562 0.6161 -0.7877 0.0000
0.623 -0.845 -9.562 0.6161 -0.7877 0.0000
0.574 -0.879 -9.562 0.6161 -0.7877 0.0000
7.660 -8.239 -9.900 0.6161 -0.7877 0.0000
7.180 -8.661 -9.900 0.6161 -0.7877 0.0000
6.676 -9.055 -9.900 0.6161 -0.7877 0.0000
6.151 -9.419 -9.900 0.6161 -0.7877 0.0000
7.660 -8.239 -9.200 0.6161 -0.7877 0.0000
7.180 -8.661 -9.200 0.6161 -0.7877 0.0000
6.676 -9.055 -9.200 0.6161 -0.7877 0.0000
6.151 -9.419 -9.200 0.6161 -0.7877 0.0000
7.660 -8.239 -9.900 -0.6161 0.7877 -0.0000
7.180 -8.661 -9.900 -0.6161 0.7877 -0.0000
6.676 -9.055 -9.900 -0.6161 0.7877 -0.0000
6.151 -9.419 -9.900 -0.6161 0.7877 -0.0000
7.660 -8.239 -9.200 -0.6161 0.7877 -0.0000
7.180 -8.661 -9.200 -0.6161 0.7877 -0.0000
6.676 -9.055 -9.200 -0.6161 0.7877 -0.0000
6.151 -9.419 -9.200 -0.6161 0.7877 -0.0000
7.660 -8.239 -9.200 -0.0000 -0.0000 1.0000
7.180 -8.661 -9.200 -0.0000 -0.0000 1.0000
6.676 -9.055 -9.200 -0.0000 -0.0000 1.0000
6.151 -9.419 -9.200 -0.0000 -0.0000 1.0000
7.422 -7.983 -9.188 -0.0000 -0.0000 1.0000
6.957 -8.391 -9.188 -0.0000 -0.0000 1.0000
6.469 -8.773 -9.188 -0.0000 -0.0000 1.0000
5.960 -9.126 -9.188 -0.0000 -0.0000 1.0000
7.660 -8.239 -9.200 0.0000 0.0000 -1.0000
7.180 -8.661 -9.200 0.0000 0.0000 -1.0000
6.676 -9.055 -9.200 0.0000 0.0000 -1.0000
6.151 -9.419 -9.200 0.0000 0.0000 -1.0000
7.422 -7.983 -9.188 0.0000 0.0000 -1.0000
6.957 -8.391 -9.188 0.0000 0.0000 -1.0000
6.469 -8.773 -9.188 0.0000 0.0000 -1.0000
5.960 -9.126 -9.188 0.0000 0.0000 -1.0000
0 1 5
0 5 4
8 13 9
8 12 13
1 2 6
1 6 5
9 14 10
9 13 14
2 3 7
2 7 6
10 15 11
10 14 15
16 21 17
16 20 21
24 25 29
24 29 28
17 22 18
17 21 22
25 26 30
25 30 29
18 23 19
18 22 23
26 27 31
26 31 30
32 37 33
32 36 37
40 41 45
40 45 44
33 38 34
33 37 38
41 42 46
41 46 45
34 39 35
34 38 39
42 43 47
42 47 46
48 49 53
48 53 52
56 61 57
56 60 61
49 50 54
49 54 53
57 62 58
57 61 62
50 51 55
50 55 54
58 63 59
58 62 63
64 69 65
64 68 69
72 73 77
72 77 76
65 70 66
65 69 70
73 74 78
73 78 77
66 71 67
66 70 71
74 75 79
74 79 78
80 85 81
80 84 85
88 89 93
88 93 92
81 86 82
81 85 86
89 90 94
89 94 93
82 87 83
82 86 87
90 91 95
90 95 94
LABEL sfoot0_slat_11_2
MATERIAL 7
TEXTURE 0
GEOM 104 76 ;sfoot0_slat_11_2
0.571 -0.881 -9.562 0.0204 -0.0261 0.9995
0.523 -0.911 -9.562 0.0204 -0.0261 0.9995
0.473 -0.937 -9.562 0.0204 -0.0261 0.9995
0.422 -0.961 -9.562 0.0204 -0.0261 0.9995
6.113 -9.444 -9.900 0.0204 -0.0261 0.9995
5.599 -9.757 -9.900 0.0204 -0.0261 0.9995
5.070 -10.043 -9.900 0.0204 -0.0261 0.9995
4.525 -10.300 -9.900 0.0204 -0.0261 0.9995
0.571 -0.881 -9.562 -0.0204 0.0261 -0.9995
0.523 -0.911 -9.562 -0.0204 0.0261 -0.9995
0.473 -0.937 -9.562 -0.0204 0.0261 -0.9995
0.422 -0.961 -9.562 -0.0204 0.0261 -0.9995
6.113 -9.444 -9.900 -0.0204 0.0261 -0.9995
5.599 -9.757 -9.900 -0.0204 0.0261 -0.9995
5.070 -10.043 -9.900 -0.0204 0.0261 -0.9995
4.525 -10.300 -9.900 -0.0204 0.0261 -0.9995
0.571 -0.881 -9.812 -0.0204 0.0261 -0.9995
0.523 -0.911 -9.812 -0.0204 0.0261 -0.9995
0.473 -0.937 -9.812 -0.0204 0.0261 -0.9995
0.422 -0.961 -9.812 -0.0204 0.0261 -0.9995
6.113 -9.444 -10.150 -0.0204 0.0261 -0.9995
5.599 -9.757 -10.150 -0.0204 0.0261 -0.9995
5.070 -10.043 -10.150 -0.0204 0.0261 -0.9995
4.525 -10.300 -10.150 -0.0204 0.0261 -0.9995
0.571 -0.881 -9.812 0.0204 -0.0261 0.9995
0.523 -0.911 -9.812 0.0204 -0.0261 0.9995
0.473 -0.937 -9.812 0.0204 -0.0261 0.9995
0.422 -0.961 -9.812 0.0204 -0.0261 0.9995
6.113 -9.444 -10.150 0.0204 -0.0261 0.9995
5.599 -9.757 -10.150 0.0204 -0.0261 0.9995
5.070 -10.043 -10.150 0.0204 -0.0261 0.9995
4.525 -10.300 -10.150 0.0204 -0.0261 0.9995
6.113 -9.444 -10.150 0.4743 -0.8803 0.0000
5.599 -9.757 -10.150 0.4743 -0.8803 0.0000
5.070 -10.043 -10.150 0.4743 -0.8803 0.0000
4.525 -10.300 -10.150 0.4743 -0.8803 0.0000
6.113 -9.444 -9.900 0.4743 -0.8803 0.0000
5.599 -9.757 -9.900 0.4743 -0.8803 0.0000
5.070 -10.043 -9.900 0.4743 -0.8803 0.0000
4.525 -10.300 -9.900 0.4743 -0.8803 0.0000
6.113 -9.444 -10.150 -0.4743 0.8803 -0.0000
5.599 -9.757 -10.150 -0.4743 0.8803 -0.0000
5.070 -10.043 -10.150 -0.4743 0.8803 -0.0000
4.525 -10.300 -10.150 -0.4743 0.8803 -0.0000
6.113 -9.444 -9.900 -0.4743 0.8803 -0.0000
5.599 -9.757 -9.900 -0.4743 0.8803 -0.0000
5.070 -10.043 -9.900 -0.4743 0.8803 -0.0000
4.525 -10.300 -9.900 -0.4743 0.8803 -0.0000
0.571 -0.881 -9.812 -0.4743 0.8803 -0.0000
0.523 -0.911 -9.812 -0.4743 0.8803 -0.0000
0.473 -0.937 -9.812 -0.4743 0.8803 -0.0000
0.422 -0.961 -9.812 -0.4743 0.8803 -0.0000
0.571 -0.881 -9.562 -0.4743 0.8803 -0.0000
0.523 -0.911 -9.562 -0.4743 0.8803 -0.0000
0.473 -0.937 -9.562 -0.4743 0.8803 -0.0000
0.422 -0.961 -9.562 -0.4743 0.8803 -0.0000
0.571 -0.881 -9.812 0.4743 -0.8803 0.0000
0.523 -0.911 -9.812 0.4743 -0.8803 0.0000
0.473 -0.937 -9.812 0.4743 -0.8803 0.0000
0.422 -0.961 -9.812 0.4743 -0.8803 0.0000
0.571 -0.881 -9.562 0.4743 -0.8803 0.0000
0.523 -0.911 -9.562 0.4743 -0.8803 0.0000
0.473 -0.937 -9.562 0.4743 -0.8803 0.0000
0.422 -0.961 -9.562 0.4743 -0.8803 0.0000
6.113 -9.444 -9.900 0.4743 -0.8803 0.0000
5.599 -9.757 -9.900 0.4743 -0.8803 0.0000
5.070 -10.043 -9.900 0.4743 -0.8803 0.0000
4.525 -10.300 -9.900 0.4743 -0.8803 0.0000
6.113 -9.444 -9.200 0.4743 -0.8803 0.0000
5.599 -9.757 -9.200 0.4743 -0.8803 0.0000
5.070 -10.043 -9.200 0.4743 -0.8803 0.0000
4.525 -10.300 -9.200 0.4743 -0.8803 0.0000
6.113 -9.444 -9.900 -0.4743 0.8803 -0.0000
5.599 -9.757 -9.900 -0.4743 0.8803 -0.0000
5.070 -10.043 -9.900 -0.4743 0.8803 -0.0000
4.525 -10.300 -9.900 -0.4743 0.8803 -0.0000
6.113 -9.444 -9.200 -0.4743 0.8803 -0.0000
5.599 -9.757 -9.200 -0.4743 0.8803 -0.0000
5.070 -10.043 -9.200 -0.4743 0.8803 -0.0000
4.525 -10.300 -9.200 -0.4743 0.8803 -0.0000
6.113 -9.444 -9.200 -0.0000 -0.0000 1.0000
5.599 -9.757 -9.200 -0.0000 -0.0000 1.0000
5.070 -10.043 -9.200 -0.0000 -0.0000 1.0000
4.525 -10.300 -9.200 -0.0000 -0.0000 1.0000
5.923 -9.150 -9.188 -0.0000 -0.0000 1.0000
5.425 -9.454 -9.188 -0.0000 -0.0000 1.0000
4.912 -9.731 -9.188 -0.0000 -0.0000 1.0000
4.384 -9.979 -9.188 -0.0000 -0.0000 1.0000
6.113 -9.444 -9.200 0.0000 0.0000 -1.0000
5.599 -9.757 -9.200 0.0000 0.0000 -1.0000
5.070 -10.043 -9.200 0.0000 0.0000 -1.0000
4.525 -10.300 -9.200 0.0000 0.0000 -1.0000
5.923 -9.150 -9.188 0.0000 0.0000 -1.0000
5.425 -9.454 -9.188 0.0000 0.0000 -1.0000
4.912 -9.731 -9.188 0.0000 0.0000 -1.0000
4.384 -9.979 -9.188 0.0000 0.0000 -1.0000
0.422 -0.961 -9.812 -0.9155 -0.4022 -0.0000
4.525 -10.300 -10.150 -0.9155 -0.4022 -0.0000
0.422 -0.961 -9.562 -0.9155 -0.4022 -0.0000
4.525 -10.300 -9.900 -0.9155 -0.4022 -0.0000
0.422 -0.961 -9.812 0.9155 0.4022 0.0000
4.525 -10.300 -10.150 0.9155 0.4022 0.0000
0.422 -0.961 -9.562 0.9155 0.4022 0.0000
4.525 -10.300 -9.900 0.9155 0.4022 0.0000
0 1 5
0 5 4
8 13 9
8 12 13
1 2 6
1 6 5
9 14 10
9 13 14
2 3 7
2 7 6
10 15 11
10 14 15
16 21 17
16 20 21
24 25 29
24 29 28
17 22 18
17 21 22
25 26 30
25 30 29
18 23 19
18 22 23
26 27 31
26 31 30
32 37 33
32 36 37
40 41 45
40 45 44
33 38 34
33 37 38
41 42 46
41 46 45
34 39 35
34 38 39
42 43 47
42 47 46
48 49 53
48 53 52
56 61 57
56 60 61
49 50 54
49 54 53
57 62 58
57 61 62
50 51 55
50 55 54
58 63 59
58 62 63
64 69 65
64 68 69
72 73 77
72 77 76
65 70 66
65 69 70
73 74 78
73 78 77
66 71 67
66 70 71
74 75 79
74 79 78
80 85 81
80 84 85
88 89 93
88 93 92
81 86 82
81 85 86
89 90 94
89 94 93
82 87 83
82 86 87
90 91 95
90 95 94
96 97 99
96 99 98
100 103 101
100 102 103
LABEL sfoot0_strut_11
MATERIAL 9
TEXTURE 0
GEOM 50 48 ;sfoot0_strut_11
1.061 -0.906 -5.295 0.7046 -0.0000 0.7096
0.894 -1.091 -5.224 0.3718 -0.3703 0.8512
0.678 -1.227 -5.268 -0.0606 -0.6414 0.7648
0.470 -1.276 -5.413 -0.4768 -0.7406 0.4734
0.326 -1.227 -5.622 -0.7652 -0.6414 0.0552
0.284 -1.091 -5.839 -0.8486 -0.3703 -0.3778
0.356 -0.906 -6.005 -0.7046 -0.0000 -0.7096
0.523 -0.721 -6.076 -0.3718 0.3703 -0.8512
0.739 -0.585 -6.032 0.0606 0.6414 -0.7648
0.947 -0.536 -5.887 0.4768 0.7406 -0.4734
1.091 -0.585 -5.678 0.7652 0.6414 -0.0552
1.133 -0.721 -5.461 0.8486 0.3703 0.3778
3.222 -3.669 -7.441 0.7046 -0.0000 0.7096
3.055 -3.854 -7.370 0.3718 -0.3703 0.8512
2.839 -3.989 -7.413 -0.0606 -0.6414 0.7648
2.631 -4.039 -7.559 -0.4768 -0.7406 0.4734
2.487 -3.989 -7.768 -0.7652 -0.6414 0.0552
2.445 -3.854 -7.985 -0.8486 -0.3703 -0.3778
2.517 -3.669 -8.151 -0.7046 -0.0000 -0.7096
2.684 -3.484 -8.221 -0.3718 0.3703 -0.8512
2.900 -3.348 -8.178 0.0606 0.6414 -0.7648
3.108 -3.298 -8.033 0.4768 0.7406 -0.4734
3.252 -3.348 -7.823 0.7652 0.6414 -0.0552
3.294 -3.484 -7.607 0.8486 0.3703 0.3778
0.708 -0.906 -5.650 -0.5255 0.6719 0.5219
1.061 -0.906 -5.295 -0.5255 0.6719 0.5219
0.894 -1.091 -5.224 -0.5255 0.6719 0.5219
0.678 -1.227 -5.268 -0.5255 0.6719 0.5219
0.470 -1.276 -5.413 -0.5255 0.6719 0.5219
0.326 -1.227 -5.622 -0.5255 0.6719 0.5219
0.284 -1.091 -5.839 -0.5255 0.6719 0.5219
0.356 -0.906 -6.005 -0.5255 0.6719 0.5219
0.523 -0.721 -6.076 -0.5255 0.6719 0.5219
0.739 -0.585 -6.032 -0.5255 0.6719 0.5219
0.947 -0.536 -5.887 -0.5255 0.6719 0.5219
1.091 -0.585 -5.678 -0.5255 0.6719 0.5219
1.133 -0.721 -5.461 -0.5255 0.6719 0.5219
2.869 -3.669 -7.796 0.5255 -0.6719 -0.5219
3.222 -3.669 -7.441 0.5255 -0.6719 -0.5219
3.055 -3.854 -7.370 0.5255 -0.6719 -0.5219
2.839 -3.989 -7.413 0.5255 -0.6719 -0.5219
2.631 -4.039 -7.559 0.5255 -0.6719 -0.5219
2.487 -3.989 -7.768 0.5255 -0.6719 -0.5219
2.445 -3.854 -7.985 0.5255 -0.6719 -0.5219
2.517 -3.669 -8.151 0.5255 -0.6719 -0.5219
2.684 -3.484 -8.221 0.5255 -0.6719 -0.5219
2.900 -3.348 -8.178 0.5255 -0.6719 -0.5219
3.108 -3.298 -8.033 0.5255 -0.6719 -0.5219
3.252 -3.348 -7.823 0.5255 -0.6719 -0.5219
3.294 -3.484 -7.607 0.5255 -0.6719 -0.5219
0 1 13
0 13 12
1 2 14
1 14 13
2 3 15
2 15 14
3 4 16
3 16 15
4 5 17
4 17 16
5 6 18
5 18 17
6 7 19
6 19 18
7 8 20
7 20 19
8 9 21
8 21 20
9 10 22
9 22 21
10 11 23
10 23 22
11 0 12
11 12 23
24 26 25
24 27 26
24 28 27
24 29 28
24 30 29
24 31 30
24 32 31
24 33 32
24 34 33
24 35 34
24 36 35
24 25 36
37 38 39
37 39 40
37 40 41
37 41 42
37 42 43
37 43 44
37 44 45
37 45 46
37 46 47
37 47 48
37 48 49
37 49 38
LABEL sfoot0_rod_11
MATERIAL 7
TEXTURE 0
GEOM 42 40 ;sfoot0_rod_11
2.730 -3.266 -7.305 0.7046 -0.0000 0.7096
2.627 -3.374 -7.270 0.2898 -0.4353 0.8523
2.495 -3.442 -7.315 -0.2357 -0.7044 0.6695
2.386 -3.442 -7.425 -0.6712 -0.7044 0.2310
2.342 -3.374 -7.557 -0.8503 -0.4353 -0.2958
2.378 -3.266 -7.660 -0.7046 -0.0000 -0.7096
2.482 -3.157 -7.696 -0.2898 0.4353 -0.8523
2.613 -3.089 -7.650 0.2357 0.7044 -0.6695
2.722 -3.089 -7.540 0.6712 0.7044 -0.2310
2.767 -3.157 -7.409 0.8503 0.4353 0.2958
4.814 -5.929 -9.374 0.7046 -0.0000 0.7096
4.710 -6.038 -9.338 0.2898 -0.4353 0.8523
4.579 -6.105 -9.384 -0.2357 -0.7044 0.6695
4.470 -6.105 -9.494 -0.6712 -0.7044 0.2310
4.425 -6.038 -9.625 -0.8503 -0.4353 -0.2958
4.461 -5.929 -9.729 -0.7046 -0.0000 -0.7096
4.565 -5.820 -9.765 -0.2898 0.4353 -0.8523
4.696 -5.753 -9.719 0.2357 0.7044 -0.6695
4.805 -5.753 -9.609 0.6712 0.7044 -0.2310
4.850 -5.820 -9.478 0.8503 0.4353 0.2958
2.554 -3.266 -7.483 -0.5255 0.6719 0.5219
2.730 -3.266 -7.305 -0.5255 0.6719 0.5219
2.627 -3.374 -7.270 -0.5255 0.6719 0.5219
2.495 -3.442 -7.315 -0.5255 0.6719 0.5219
2.386 -3.442 -7.425 -0.5255 0.6719 0.5219
2.342 -3.374 -7.557 -0.5255 0.6719 0.5219
2.378 -3.266 -7.660 -0.5255 0.6719 0.5219
2.482 -3.157 -7.696 -0.5255 0.6719 0.5219
2.613 -3.089 -7.650 -0.5255 0.6719 0.5219
2.722 -3.089 -7.540 -0.5255 0.6719 0.5219
2.767 -3.157 -7.409 -0.5255 0.6719 0.5219
4.637 -5.929 -9.551 0.5255 -0.6719 -0.5219
4.814 -5.929 -9.374 0.5255 -0.6719 -0.5219
4.710 -6.038 -9.338 0.5255 -0.6719 -0.5219
4.579 -6.105 -9.384 0.5255 -0.6719 -0.5219
4.470 -6.105 -9.494 0.5255 -0.6719 -0.5219
4.425 -6.038 -9.625 0.5255 -0.6719 -0.5219
4.461 -5.929 -9.729 0.5255 -0.6719 -0.5219
4.565 -5.820 -9.765 0.5255 -0.6719 -0.5219
4.696 -5.753 -9.719 0.5255 -0.6719 -0.5219
4.805 -5.753 -9.609 0.5255 -0.6719 -0.5219
4.850 -5.820 -9.478 0.5255 -0.6719 -0.5219
0 1 11
0 11 10
1 2 12
1 12 11
2 3 13
2 13 12
3 4 14
3 14 13
4 5 15
4 15 14
5 6 16
5 16 15
6 7 17
6 17 16
7 8 18
7 18 17
8 9 19
8 19 18
9 0 10
9 10 19
20 22 21
20 23 22
20 24 23
20 25 24
20 26 25
20 27 26
20 28 27
20 29 28
20 30 29
20 21 30
31 32 33
31 33 34
31 34 35
31 35 36
31 36 37
31 37 38
31 38 39
31 39 40
31 40 41
31 41 32
LABEL sfoot0_skirt_11_0
MATERIAL 7
TEXTURE 0
GEOM 16 12 ;sfoot0_skirt_11_0
8.906 -6.873 -11.050 0.7401 -0.6724 0.0000
8.526 -7.340 -11.050 0.7401 -0.6724 0.0000
8.121 -7.785 -11.050 0.7401 -0.6724 0.0000
7.693 -8.208 -11.050 0.7401 -0.6724 0.0000
8.906 -6.873 -10.150 0.7401 -0.6724 0.0000
8.526 -7.340 -10.150 0.7401 -0.6724 0.0000
8.121 -7.785 -10.150 0.7401 -0.6724 0.0000
7.693 -8.208 -10.150 0.7401 -0.6724 0.0000
8.906 -6.873 -11.050 -0.7401 0.6724 -0.0000
8.526 -7.340 -11.050 -0.7401 0.6724 -0.0000
8.121 -7.785 -11.050 -0.7401 0.6724 -0.0000
7.693 -8.208 -11.050 -0.7401 0.6724 -0.0000
8.906 -6.873 -10.150 -0.7401 0.6724 -0.0000
8.526 -7.340 -10.150 -0.7401 0.6724 -0.0000
8.121 -7.785 -10.150 -0.7401 0.6724 -0.0000
7.693 -8.208 -10.150 -0.7401 0.6724 -0.0000
0 5 1
0 4 5
8 9 13
8 13 12
1 6 2
1 5 6
9 10 14
9 14 13
2 7 3
2 6 7
10 11 15
10 15 14
LABEL sfoot0_skirt_11_1
MATERIAL 7
TEXTURE 0
GEOM 16 12 ;sfoot0_skirt_11_1
7.660 -8.239 -11.050 0.6161 -0.7877 0.0000
7.180 -8.661 -11.050 0.6161 -0.7877 0.0000
6.676 -9.055 -11.050 0.6161 -0.7877 0.0000
6.151 -9.419 -11.050 0.6161 -0.7877 0.0000
7.660 -8.239 -10.150 0.6161 -0.7877 0.0000
7.180 -8.661 -10.150 0.6161 -0.7877 0.0000
6.676 -9.055 -10.150 0.6161 -0.7877 0.0000
6.151 -9.419 -10.150 0.6161 -0.7877 0.0000
7.660 -8.239 -11.050 -0.6161 0.7877 -0.0000
7.180 -8.661 -11.050 -0.6161 0.7877 -0.0000
6.676 -9.055 -11.050 -0.6161 0.7877 -0.0000
6.151 -9.419 -11.050 -0.6161 0.7877 -0.0000
7.660 -8.239 -10.150 -0.6161 0.7877 -0.0000
7.180 -8.661 -10.150 -0.6161 0.7877 -0.0000
6.676 -9.055 -10.150 -0.6161 0.7877 -0.0000
6.151 -9.419 -10.150 -0.6161 0.7877 -0.0000
0 5 1
0 4 5
8 9 13
8 13 12
1 6 2
1 5 6
9 10 14
9 14 13
2 7 3
2 6 7
10 11 15
10 15 14
LABEL sfoot0_skirt_11_2
MATERIAL 7
TEXTURE 0
GEOM 16 12 ;sfoot0_skirt_11_2
6.113 -9.444 -11.050 0.4743 -0.8803 0.0000
5.599 -9.757 -11.050 0.4743 -0.8803 0.0000
5.070 -10.043 -11.050 0.4743 -0.8803 0.0000
4.525 -10.300 -11.050 0.4743 -0.8803 0.0000
6.113 -9.444 -10.150 0.4743 -0.8803 0.0000
5.599 -9.757 -10.150 0.4743 -0.8803 0.0000
5.070 -10.043 -10.150 0.4743 -0.8803 0.0000
4.525 -10.300 -10.150 0.4743 -0.8803 0.0000
6.113 -9.444 -11.050 -0.4743 0.8803 -0.0000
5.599 -9.757 -11.050 -0.4743 0.8803 -0.0000
5.070 -10.043 -11.050 -0.4743 0.8803 -0.0000
4.525 -10.300 -11.050 -0.4743 0.8803 -0.0000
6.113 -9.444 -10.150 -0.4743 0.8803 -0.0000
5.599 -9.757 -10.150 -0.4743 0.8803 -0.0000
5.070 -10.043 -10.150 -0.4743 0.8803 -0.0000
4.525 -10.300 -10.150 -0.4743 0.8803 -0.0000
0 5 1
0 4 5
8 9 13
8 13 12
1 6 2
1 5 6
9 10 14
9 14 13
2 7 3
2 6 7
10 11 15
10 15 14
MATERIALS 82
hull_lacquer
nose_iridium
crest_radiator
structure
boron_nitride
engine_metal
mechanism
dark
band
planetary_cup
rover
shuttle
trap_shell
canopy
br_vault
br_floor
br_panel
br_panel_face
br_tub
br_holo
br_screen
br_glow
br_display
br_green
br_red
br_amber
br_seat
br_cushion
br_bezel
br_rib
br_lamp
br_cove
br_vault_lit
br_floor_lit
br_belt
in_floor
in_wall
in_ceiling
in_light
in_furn
in_seat
in_metal
in_wet
in_screen
in_trim
in_green
in_amber
in_red
in_guide
in_btn_dim
in_wall_w
in_floor_w
in_ceil_w
in_metal_w
in_trim_w
in_guide_w
in_fx
in_downlight
in_cove
lift_glass
in_wip
in_btn_cap
in_cablight
in_glass
in_wall_r
in_floor_r
in_ceil_r
in_metal_r
in_dutyred
in_door
in_wall_d
in_floor_d
in_ceil_d
in_metal_d
br_malachite
br_cur_ball
br_cur_lit
br_spot
br_cover
br_glass_disp
br_hud_glass
belly_carbide
MATERIAL hull_lacquer
0.800 0.790 0.760 1.00
0.800 0.790 0.760 1.00
0.300 0.300 0.300 1 20
0.000 0.000 0.000 1
MATERIAL nose_iridium
0.720 0.480 0.180 1.00
0.720 0.480 0.180 1.00
0.950 0.850 0.600 1 80
0.000 0.000 0.000 1
MATERIAL crest_radiator
0.130 0.130 0.140 1.00
0.130 0.130 0.140 1.00
0.150 0.150 0.150 1 10
0.000 0.000 0.000 1
MATERIAL structure
0.260 0.270 0.290 1.00
0.260 0.270 0.290 1.00
0.200 0.200 0.200 1 15
0.000 0.000 0.000 1
MATERIAL boron_nitride
0.620 0.580 0.920 1.00
0.620 0.580 0.920 1.00
0.600 0.600 0.700 1 40
0.080 0.060 0.200 1
MATERIAL engine_metal
0.220 0.220 0.240 1.00
0.220 0.220 0.240 1.00
0.500 0.500 0.500 1 40
0.000 0.000 0.000 1
MATERIAL mechanism
0.540 0.560 0.600 1.00
0.540 0.560 0.600 1.00
0.700 0.700 0.720 1 50
0.000 0.000 0.000 1
MATERIAL dark
0.070 0.070 0.090 1.00
0.070 0.070 0.090 1.00
0.050 0.050 0.050 1 5
0.000 0.000 0.000 1
MATERIAL band
0.300 0.310 0.330 1.00
0.300 0.310 0.330 1.00
0.500 0.550 0.650 1 40
0.000 0.000 0.000 1
MATERIAL planetary_cup
0.600 0.700 0.850 1.00
0.600 0.700 0.850 1.00
0.700 0.700 0.800 1 50
0.030 0.060 0.100 1
MATERIAL rover
0.550 0.480 0.320 1.00
0.550 0.480 0.320 1.00
0.300 0.300 0.300 1 20
0.000 0.000 0.000 1
MATERIAL shuttle
0.850 0.840 0.810 1.00
0.850 0.840 0.810 1.00
0.400 0.400 0.400 1 30
0.000 0.000 0.000 1
MATERIAL trap_shell
0.440 0.470 0.560 1.00
0.440 0.470 0.560 1.00
0.450 0.450 0.500 1 30
0.000 0.000 0.000 1
MATERIAL canopy
0.360 0.370 0.400 1.00
0.360 0.370 0.400 1.00
0.550 0.550 0.600 1 35
0.000 0.000 0.000 1
MATERIAL br_vault
0.150 0.160 0.180 1.00
0.150 0.160 0.180 1.00
0.060 0.060 0.070 1 8
0.026 0.030 0.038 1
MATERIAL br_floor
0.550 0.580 0.620 1.00
0.550 0.580 0.620 1.00
0.350 0.360 0.400 1 40
0.160 0.180 0.210 1
MATERIAL br_panel
0.170 0.180 0.200 1.00
0.170 0.180 0.200 1.00
0.200 0.210 0.240 1 20
0.028 0.032 0.040 1
MATERIAL br_panel_face
0.240 0.250 0.280 1.00
0.240 0.250 0.280 1.00
0.300 0.320 0.360 1 30
0.042 0.047 0.056 1
MATERIAL br_tub
0.300 0.310 0.340 1.00
0.300 0.310 0.340 1.00
0.250 0.260 0.300 1 25
0.050 0.055 0.066 1
MATERIAL br_holo
0.050 0.200 0.260 1.00
0.050 0.200 0.260 1.00
0.000 0.000 0.000 1 1
0.060 0.260 0.340 1
MATERIAL br_screen
0.020 0.030 0.060 1.00
0.020 0.030 0.060 1.00
0.300 0.300 0.400 1 40
0.030 0.050 0.100 1
MATERIAL br_glow
0.400 0.900 1.000 1.00
0.400 0.900 1.000 1.00
0.000 0.000 0.000 1 1
0.300 0.700 0.900 1
MATERIAL br_display
1.000 1.000 1.000 1.00
1.000 1.000 1.000 1.00
0.000 0.000 0.000 1 1
1.000 1.000 1.000 1
MATERIAL br_green
0.300 1.000 0.500 1.00
0.300 1.000 0.500 1.00
0.000 0.000 0.000 1 1
0.200 0.900 0.400 1
MATERIAL br_red
0.900 0.200 0.150 1.00
0.900 0.200 0.150 1.00
0.300 0.100 0.100 1 20
0.500 0.080 0.050 1
MATERIAL br_amber
1.000 0.800 0.300 1.00
1.000 0.800 0.300 1.00
0.000 0.000 0.000 1 1
0.700 0.500 0.100 1
MATERIAL br_seat
0.200 0.210 0.230 1.00
0.200 0.210 0.230 1.00
0.300 0.300 0.350 1 30
0.024 0.026 0.030 1
MATERIAL br_cushion
0.210 0.240 0.290 1.00
0.210 0.240 0.290 1.00
0.100 0.100 0.120 1 10
0.028 0.032 0.040 1
MATERIAL br_bezel
0.620 0.640 0.680 1.00
0.620 0.640 0.680 1.00
0.400 0.410 0.450 1 40
0.075 0.080 0.090 1
MATERIAL br_rib
0.220 0.230 0.260 1.00
0.220 0.230 0.260 1.00
0.300 0.310 0.350 1 30
0.034 0.038 0.046 1
MATERIAL br_lamp
0.800 0.880 1.000 1.00
0.800 0.880 1.000 1.00
0.000 0.000 0.000 1 1
0.620 0.700 0.800 1
MATERIAL br_cove
0.300 0.550 0.800 1.00
0.300 0.550 0.800 1.00
0.000 0.000 0.000 1 1
0.160 0.300 0.460 1
MATERIAL br_vault_lit
0.060 0.060 0.070 1.00
0.060 0.060 0.070 1.00
0.040 0.040 0.050 1 8
1.000 1.000 1.000 1
MATERIAL br_floor_lit
0.080 0.080 0.090 1.00
0.080 0.080 0.090 1.00
0.100 0.100 0.120 1 20
1.000 1.000 1.000 1
MATERIAL br_belt
0.880 0.560 0.160 1.00
0.880 0.560 0.160 1.00
0.100 0.100 0.100 1 10
0.000 0.000 0.000 1
MATERIAL in_floor
0.500 0.500 0.500 1.00
0.500 0.500 0.500 1.00
0.100 0.100 0.100 1 10
0.500 0.500 0.520 1
MATERIAL in_wall
0.450 0.450 0.450 1.00
0.450 0.450 0.450 1.00
0.050 0.050 0.050 1 5
0.600 0.600 0.620 1
MATERIAL in_ceiling
0.450 0.450 0.450 1.00
0.450 0.450 0.450 1.00
0.000 0.000 0.000 1 1
0.550 0.550 0.570 1
MATERIAL in_light
1.000 0.970 0.880 1.00
1.000 0.970 0.880 1.00
0.000 0.000 0.000 1 1
1.000 0.960 0.840 1
MATERIAL in_furn
0.300 0.310 0.340 1.00
0.300 0.310 0.340 1.00
0.100 0.100 0.100 1 10
0.150 0.150 0.170 1
MATERIAL in_seat
0.120 0.150 0.220 1.00
0.120 0.150 0.220 1.00
0.150 0.150 0.200 1 15
0.060 0.080 0.130 1
MATERIAL in_metal
0.500 0.500 0.500 1.00
0.500 0.500 0.500 1.00
0.500 0.500 0.500 1 30
0.550 0.550 0.580 1
MATERIAL in_wet
0.360 0.500 0.550 1.00
0.360 0.500 0.550 1.00
0.200 0.200 0.250 1 20
0.130 0.190 0.210 1
MATERIAL in_screen
0.040 0.080 0.160 1.00
0.040 0.080 0.160 1.00
0.300 0.300 0.400 1 40
0.100 0.280 0.500 1
MATERIAL in_trim
0.600 0.600 0.600 1.00
0.600 0.600 0.600 1.00
0.100 0.100 0.100 1 10
0.500 0.500 0.500 1
MATERIAL in_green
0.100 0.600 0.250 1.00
0.100 0.600 0.250 1.00
0.000 0.000 0.000 1 1
0.150 1.000 0.400 1
MATERIAL in_amber
0.700 0.450 0.050 1.00
0.700 0.450 0.050 1.00
0.000 0.000 0.000 1 1
1.000 0.620 0.080 1
MATERIAL in_red
0.700 0.100 0.080 1.00
0.700 0.100 0.080 1.00
0.000 0.000 0.000 1 1
1.000 0.150 0.100 1
MATERIAL in_guide
0.200 0.500 0.700 1.00
0.200 0.500 0.700 1.00
0.000 0.000 0.000 1 1
0.250 0.750 1.000 1
MATERIAL in_btn_dim
0.160 0.180 0.200 1.00
0.160 0.180 0.200 1.00
0.300 0.300 0.300 1 20
0.040 0.050 0.060 1
MATERIAL in_wall_w
0.500 0.500 0.510 1.00
0.500 0.500 0.510 1.00
0.080 0.080 0.090 1 12
0.065 0.065 0.075 1
MATERIAL in_floor_w
0.500 0.500 0.500 1.00
0.500 0.500 0.500 1.00
0.450 0.450 0.480 1 40
0.040 0.040 0.045 1
MATERIAL in_ceil_w
0.400 0.400 0.410 1.00
0.400 0.400 0.410 1.00
0.000 0.000 0.000 1 1
0.035 0.035 0.040 1
MATERIAL in_metal_w
0.450 0.450 0.470 1.00
0.450 0.450 0.470 1.00
0.400 0.400 0.420 1 30
0.070 0.070 0.080 1
MATERIAL in_trim_w
0.500 0.500 0.500 1.00
0.500 0.500 0.500 1.00
0.100 0.100 0.100 1 10
0.140 0.140 0.140 1
MATERIAL in_guide_w
0.250 0.420 0.420 1.00
0.250 0.420 0.420 1.00
0.000 0.000 0.000 1 1
0.160 0.360 0.380 1
MATERIAL in_fx
1.000 1.000 1.000 1.00
1.000 1.000 1.000 1.00
0.000 0.000 0.000 1 1
1.000 1.000 1.000 1
MATERIAL in_downlight
1.000 0.860 0.620 1.00
1.000 0.860 0.620 1.00
0.000 0.000 0.000 1 1
1.000 0.840 0.580 1
MATERIAL in_cove
0.300 0.400 0.620 1.00
0.300 0.400 0.620 1.00
0.000 0.000 0.000 1 1
0.260 0.360 0.580 1
MATERIAL lift_glass
0.450 0.600 0.700 0.22
0.450 0.600 0.700 0.22
0.800 0.800 0.850 1 60
0.020 0.030 0.040 1
MATERIAL in_wip
0.950 0.420 0.060 1.00
0.950 0.420 0.060 1.00
0.300 0.250 0.200 1 20
0.400 0.170 0.020 1
MATERIAL in_btn_cap
0.550 0.560 0.580 1.00
0.550 0.560 0.580 1.00
0.350 0.350 0.350 1 30
0.300 0.310 0.320 1
MATERIAL in_cablight
0.950 0.930 0.860 1.00
0.950 0.930 0.860 1.00
0.000 0.000 0.000 1 1
0.800 0.770 0.680 1
MATERIAL in_glass
1.000 1.000 1.000 1.00
1.000 1.000 1.000 1.00
0.900 0.900 0.900 1 60
0.120 0.130 0.150 1
MATERIAL in_wall_r
0.400 0.380 0.380 1.00
0.400 0.380 0.380 1.00
0.050 0.050 0.050 1 5
0.050 0.012 0.011 1
MATERIAL in_floor_r
0.400 0.380 0.380 1.00
0.400 0.380 0.380 1.00
0.200 0.200 0.200 1 30
0.032 0.007 0.007 1
MATERIAL in_ceil_r
0.350 0.330 0.330 1.00
0.350 0.330 0.330 1.00
0.000 0.000 0.000 1 1
0.028 0.006 0.006 1
MATERIAL in_metal_r
0.400 0.380 0.380 1.00
0.400 0.380 0.380 1.00
0.300 0.300 0.300 1 30
0.045 0.011 0.010 1
MATERIAL in_dutyred
0.600 0.080 0.050 1.00
0.600 0.080 0.050 1.00
0.000 0.000 0.000 1 1
0.550 0.050 0.030 1
MATERIAL in_door
0.550 0.550 0.560 1.00
0.550 0.550 0.560 1.00
0.250 0.250 0.270 1 25
0.075 0.075 0.080 1
MATERIAL in_wall_d
0.080 0.080 0.085 1.00
0.080 0.080 0.085 1.00
0.020 0.020 0.020 1 5
0.018 0.018 0.020 1
MATERIAL in_floor_d
0.080 0.080 0.080 1.00
0.080 0.080 0.080 1.00
0.050 0.050 0.050 1 10
0.012 0.012 0.013 1
MATERIAL in_ceil_d
0.070 0.070 0.075 1.00
0.070 0.070 0.075 1.00
0.000 0.000 0.000 1 1
0.010 0.010 0.011 1
MATERIAL in_metal_d
0.080 0.080 0.085 1.00
0.080 0.080 0.085 1.00
0.050 0.050 0.050 1 10
0.016 0.016 0.018 1
MATERIAL br_malachite
0.160 0.380 0.310 1.00
0.160 0.380 0.310 1.00
0.400 0.480 0.450 1 35
0.020 0.048 0.040 1
MATERIAL br_cur_ball
0.620 0.860 0.950 0.72
0.620 0.860 0.950 0.72
0.900 0.900 0.900 1 60
0.100 0.260 0.320 1
MATERIAL br_cur_lit
0.780 0.950 1.000 1.00
0.780 0.950 1.000 1.00
0.000 0.000 0.000 1 1
0.780 0.950 1.000 1
MATERIAL br_spot
1.000 0.550 0.120 0.80
1.000 0.550 0.120 0.80
0.000 0.000 0.000 1 1
1.000 0.550 0.120 1
MATERIAL br_cover
1.000 0.350 0.290 0.50
1.000 0.350 0.290 0.50
0.600 0.600 0.600 1 40
0.200 0.040 0.030 1
MATERIAL br_glass_disp
1.000 1.000 1.000 1.00
1.000 1.000 1.000 1.00
0.000 0.000 0.000 1 1
1.000 1.000 1.000 1
MATERIAL br_hud_glass
1.000 1.000 1.000 1.00
1.000 1.000 1.000 1.00
0.000 0.000 0.000 1 1
1.000 1.000 1.000 1
MATERIAL belly_carbide
0.160 0.160 0.170 1.00
0.160 0.160 0.170 1.00
0.150 0.150 0.150 1 10
0.000 0.000 0.000 1
TEXTURES 0
