MSHX1
GROUPS 28
LABEL JetBoomL_JetBoom
MATERIAL 1
TEXTURE 1
GEOM 92 92
0.18101 0.18500 0.01738 -0.7486 -0.1072 0.6543 -0.86647 -4.88000
0.18785 0.21450 -0.16863 -0.9992 0.0047 -0.0402 -1.61053 -4.99800
0.18864 0.22299 -0.16772 -0.9198 0.3924 -0.0004 -1.60688 -5.03196
0.18186 0.19416 0.01886 -0.7254 0.1899 0.6616 -0.86057 -4.91666
0.19118 0.22604 -0.16732 -0.5696 0.8202 0.0533 -1.60530 -5.04416
0.18461 0.19746 0.01945 -0.4554 0.5150 0.7262 -0.85818 -4.92983
0.18461 0.19746 0.01945 -0.4554 0.5150 0.7262 -0.85818 0.18019
0.19118 0.22604 -0.16732 -0.5696 0.8202 0.0533 -1.60530 0.20645
0.19587 0.22769 -0.16701 -0.1908 0.9782 0.0822 -1.60404 0.22523
0.18972 0.19924 0.01987 -0.1611 0.6124 0.7739 -0.85650 0.20060
0.20896 0.22822 -0.16656 -0.0027 0.9959 0.0904 -1.60225 0.27756
0.20394 0.19982 0.02035 -0.0216 0.6005 0.7993 -0.85461 0.25748
0.22204 0.22769 -0.16623 0.1851 0.9782 0.0936 -1.60091 0.32990
0.21816 0.19924 0.02064 0.1190 0.6125 0.7815 -0.85344 0.31438
0.22675 0.22604 -0.16626 0.5647 0.8206 0.0877 -1.60104 0.34873
0.22328 0.19746 0.02049 0.4155 0.5152 0.7496 -0.85402 0.33486
0.22328 0.19746 0.02049 0.4155 0.5152 0.7496 -0.85402 -4.92983
0.22675 0.22604 -0.16626 0.5647 0.8206 0.0877 -1.60104 -5.04416
0.22930 0.22299 -0.16650 0.9180 0.3927 0.0554 -1.60201 -5.03196
0.22606 0.19416 0.02005 0.6887 0.1901 0.6997 -0.85581 -4.91666
0.23015 0.21450 -0.16737 0.9998 0.0046 0.0204 -1.60547 -4.99800
0.22699 0.18500 0.01862 0.7124 -0.1070 0.6936 -0.86153 -4.88000
0.22936 0.20601 -0.16828 0.9282 -0.3716 -0.0190 -1.60912 -4.96404
0.22614 0.17584 0.01714 0.6912 -0.3915 0.6075 -0.86743 -4.84334
0.22682 0.20296 -0.16868 0.5789 -0.8123 -0.0714 -1.61070 -4.95183
0.22339 0.17254 0.01655 0.4209 -0.7182 0.5541 -0.86982 -4.83017
0.22339 0.17254 0.01655 0.4209 -0.7182 0.5541 -0.86982 0.33528
0.22682 0.20296 -0.16868 0.5789 -0.8123 -0.0714 -1.61070 0.34902
0.22213 0.20131 -0.16899 0.1928 -0.9764 -0.0970 -1.61196 0.33023
0.21828 0.17076 0.01613 0.1254 -0.8231 0.5539 -0.87150 0.31487
0.20904 0.20078 -0.16944 0.0029 -0.9946 -0.1037 -1.61375 0.27791
0.20406 0.17019 0.01565 -0.0153 -0.8184 0.5744 -0.87339 0.25799
0.19596 0.20131 -0.16977 -0.1874 -0.9763 -0.1085 -1.61509 0.22556
0.18984 0.17076 0.01536 -0.1546 -0.8231 0.5464 -0.87456 0.20108
0.19125 0.20296 -0.16974 -0.5745 -0.8116 -0.1063 -1.61496 0.20674
0.18472 0.17254 0.01551 -0.4498 -0.7184 0.5307 -0.87398 0.18061
0.18472 0.17254 0.01551 -0.4498 -0.7184 0.5307 -0.87398 -4.83017
0.19125 0.20296 -0.16974 -0.5745 -0.8116 -0.1063 -1.61496 -4.95183
0.18870 0.20601 -0.16950 -0.9255 -0.3711 -0.0752 -1.61399 -4.96404
0.18194 0.17584 0.01595 -0.7227 -0.3917 0.5694 -0.87219 -4.84334
0.19446 0.22000 -0.31666 -0.7000 0.0260 -0.7137 -2.20264 -5.02000
0.19521 0.22788 -0.31634 -0.6788 0.3162 -0.6627 -2.20137 -5.05153
0.19756 0.23071 -0.31616 -0.4093 0.6441 -0.6462 -2.20063 -5.06286
0.19756 0.23071 -0.31616 -0.4093 0.6441 -0.6462 -2.20063 0.23196
0.20190 0.23225 -0.31595 -0.1162 0.7466 -0.6550 -2.19982 0.24932
0.21398 0.23274 -0.31553 0.0228 0.7392 -0.6731 -2.19811 0.29767
0.22607 0.23225 -0.31514 0.1603 0.7466 -0.6456 -2.19655 0.34602
0.23042 0.23071 -0.31505 0.4521 0.6440 -0.6171 -2.19619 0.36340
0.23042 0.23071 -0.31505 0.4521 0.6440 -0.6171 -2.19619 -5.06286
0.23277 0.22788 -0.31507 0.7221 0.3160 -0.6154 -2.19629 -5.05153
0.23354 0.22000 -0.31534 0.7466 0.0257 -0.6648 -2.19736 -5.02000
0.23279 0.21212 -0.31566 0.7229 -0.2674 -0.6371 -2.19863 -4.98847
0.23044 0.20929 -0.31584 0.4538 -0.5952 -0.6631 -2.19937 -4.97714
0.23044 0.20929 -0.31584 0.4538 -0.5952 -0.6631 -2.19937 0.36351
0.22610 0.20775 -0.31605 0.1620 -0.6963 -0.6992 -2.20019 0.34614
0.21402 0.20726 -0.31647 0.0245 -0.6872 -0.7261 -2.20189 0.29780
0.20193 0.20775 -0.31686 -0.1146 -0.6963 -0.7086 -2.20345 0.24945
0.19758 0.20929 -0.31695 -0.4081 -0.5951 -0.6923 -2.20381 0.23207
0.19758 0.20929 -0.31695 -0.4081 -0.5951 -0.6923 -2.20381 -4.97714
0.19523 0.21212 -0.31693 -0.6783 -0.2672 -0.6845 -2.20371 -4.98847
0.18194 0.17584 0.01595 -0.7227 -0.3917 0.5694 0.83051 -4.84334
0.18101 0.18500 0.01738 -0.7486 -0.1072 0.6543 0.83423 -4.88000
0.18186 0.19416 0.01886 -0.7254 0.1899 0.6616 0.83082 -4.91666
0.18461 0.19746 0.01945 -0.4554 0.5150 0.7262 0.81981 -4.92983
0.18972 0.19924 0.01987 -0.1611 0.6124 0.7739 0.79940 -4.93696
0.20394 0.19982 0.02035 -0.0216 0.6005 0.7993 0.74252 -4.93926
0.21816 0.19924 0.02064 0.1190 0.6125 0.7815 0.68562 -4.93696
0.22328 0.19746 0.02049 0.4155 0.5152 0.7496 0.66514 -4.92983
0.22606 0.19416 0.02005 0.6887 0.1901 0.6997 0.65403 -4.91666
0.22699 0.18500 0.01862 0.7124 -0.1070 0.6936 0.65030 -4.88000
0.22614 0.17584 0.01714 0.6912 -0.3915 0.6075 0.65371 -4.84334
0.22339 0.17254 0.01655 0.4209 -0.7182 0.5541 0.66472 -4.83017
0.21828 0.17076 0.01613 0.1254 -0.8231 0.5539 0.68513 -4.82304
0.20406 0.17019 0.01565 -0.0153 -0.8184 0.5744 0.74201 -4.82074
0.18984 0.17076 0.01536 -0.1546 -0.8231 0.5464 0.79892 -4.82304
0.18472 0.17254 0.01551 -0.4498 -0.7184 0.5307 0.81939 -4.83017
0.19446 0.22000 -0.31666 -0.7000 0.0260 -0.7137 0.78042 -5.02000
0.19523 0.21212 -0.31693 -0.6783 -0.2672 -0.6845 0.77735 -4.98847
0.19758 0.20929 -0.31695 -0.4081 -0.5951 -0.6923 0.76793 -4.97714
0.20193 0.20775 -0.31686 -0.1146 -0.6963 -0.7086 0.75055 -4.97101
0.21402 0.20726 -0.31647 0.0245 -0.6872 -0.7261 0.70220 -4.96904
0.22610 0.20775 -0.31605 0.1620 -0.6963 -0.6992 0.65386 -4.97101
0.23044 0.20929 -0.31584 0.4538 -0.5952 -0.6631 0.63649 -4.97714
0.23279 0.21212 -0.31566 0.7229 -0.2674 -0.6371 0.62711 -4.98847
0.23354 0.22000 -0.31534 0.7466 0.0257 -0.6648 0.62411 -5.02000
0.23277 0.22788 -0.31507 0.7221 0.3160 -0.6154 0.62718 -5.05153
0.23042 0.23071 -0.31505 0.4521 0.6440 -0.6171 0.63660 -5.06286
0.22607 0.23225 -0.31514 0.1603 0.7466 -0.6456 0.65398 -5.06899
0.21398 0.23274 -0.31553 0.0228 0.7392 -0.6731 0.70233 -5.07096
0.20190 0.23225 -0.31595 -0.1162 0.7466 -0.6550 0.75068 -5.06899
0.19756 0.23071 -0.31616 -0.4093 0.6441 -0.6462 0.76804 -5.06286
0.19521 0.22788 -0.31634 -0.6788 0.3162 -0.6627 0.77743 -5.05153
0 2 1
0 3 2
3 4 2
3 5 4
6 8 7
6 9 8
9 10 8
9 11 10
11 12 10
11 13 12
13 14 12
13 15 14
16 18 17
16 19 18
19 20 18
19 21 20
21 22 20
21 23 22
23 24 22
23 25 24
26 28 27
26 29 28
29 30 28
29 31 30
31 32 30
31 33 32
33 34 32
33 35 34
36 38 37
36 39 38
39 1 38
39 0 1
1 41 40
1 2 41
2 42 41
2 4 42
7 44 43
7 8 44
8 45 44
8 10 45
10 46 45
10 12 46
12 47 46
12 14 47
17 49 48
17 18 49
18 50 49
18 20 50
20 51 50
20 22 51
22 52 51
22 24 52
27 54 53
27 28 54
28 55 54
28 30 55
30 56 55
30 32 56
32 57 56
32 34 57
37 59 58
37 38 59
38 40 59
38 1 40
60 62 61
62 64 63
64 66 65
66 68 67
68 70 69
70 72 71
72 74 73
74 60 75
60 64 62
64 68 66
68 72 70
72 60 74
60 68 64
68 60 72
76 78 77
78 80 79
80 82 81
82 84 83
84 86 85
86 88 87
88 90 89
90 76 91
76 80 78
80 84 82
84 88 86
88 76 90
76 84 80
84 76 88
LABEL JetBoomL_JetSeam
MATERIAL 2
TEXTURE 0
GEOM 104 92
0.19000 0.22000 -0.31400 -0.7342 0.0000 0.6789 -2.19200 -5.02000
0.19000 0.22000 -0.32600 -0.7342 0.0000 -0.6789 -2.24000 -5.02000
0.19082 0.22621 -0.32600 -0.7092 0.1900 -0.6789 -2.24000 -5.04485
0.19082 0.22621 -0.31400 -0.7092 0.1900 0.6789 -2.19200 -5.04485
0.19322 0.23200 -0.32600 -0.6359 0.3671 -0.6789 -2.24000 -5.06800
0.19322 0.23200 -0.31400 -0.6359 0.3671 0.6789 -2.19200 -5.06800
0.19703 0.23697 -0.32600 -0.5192 0.5192 -0.6789 -2.24000 -5.08788
0.19703 0.23697 -0.31400 -0.5192 0.5192 0.6789 -2.19200 -5.08788
0.19703 0.23697 -0.31400 -0.5192 0.5192 0.6789 -2.19200 0.22985
0.19703 0.23697 -0.32600 -0.5192 0.5192 -0.6789 -2.24000 0.22985
0.20200 0.24078 -0.32600 -0.3671 0.6359 -0.6789 -2.24000 0.24973
0.20200 0.24078 -0.31400 -0.3671 0.6359 0.6789 -2.19200 0.24973
0.20779 0.24318 -0.32600 -0.1900 0.7092 -0.6789 -2.24000 0.27289
0.20779 0.24318 -0.31400 -0.1900 0.7092 0.6789 -2.19200 0.27289
0.21400 0.24400 -0.32600 0.0000 0.7342 -0.6789 -2.24000 0.29773
0.21400 0.24400 -0.31400 -0.0000 0.7342 0.6789 -2.19200 0.29773
0.22021 0.24318 -0.32600 0.1900 0.7092 -0.6789 -2.24000 0.32258
0.22021 0.24318 -0.31400 0.1900 0.7092 0.6789 -2.19200 0.32258
0.22600 0.24078 -0.32600 0.3671 0.6359 -0.6789 -2.24000 0.34573
0.22600 0.24078 -0.31400 0.3671 0.6359 0.6789 -2.19200 0.34573
0.23097 0.23697 -0.32600 0.5192 0.5192 -0.6789 -2.24000 0.36562
0.23097 0.23697 -0.31400 0.5192 0.5192 0.6789 -2.19200 0.36562
0.23097 0.23697 -0.31400 0.5192 0.5192 0.6789 -2.19200 -5.08788
0.23097 0.23697 -0.32600 0.5192 0.5192 -0.6789 -2.24000 -5.08788
0.23478 0.23200 -0.32600 0.6359 0.3671 -0.6789 -2.24000 -5.06800
0.23478 0.23200 -0.31400 0.6359 0.3671 0.6789 -2.19200 -5.06800
0.23718 0.22621 -0.32600 0.7092 0.1900 -0.6789 -2.24000 -5.04485
0.23718 0.22621 -0.31400 0.7092 0.1900 0.6789 -2.19200 -5.04485
0.23800 0.22000 -0.32600 0.7342 0.0000 -0.6789 -2.24000 -5.02000
0.23800 0.22000 -0.31400 0.7342 0.0000 0.6789 -2.19200 -5.02000
0.23718 0.21379 -0.32600 0.7092 -0.1900 -0.6789 -2.24000 -4.99515
0.23718 0.21379 -0.31400 0.7092 -0.1900 0.6789 -2.19200 -4.99515
0.23478 0.20800 -0.32600 0.6359 -0.3671 -0.6789 -2.24000 -4.97200
0.23478 0.20800 -0.31400 0.6359 -0.3671 0.6789 -2.19200 -4.97200
0.23097 0.20303 -0.32600 0.5192 -0.5192 -0.6789 -2.24000 -4.95212
0.23097 0.20303 -0.31400 0.5192 -0.5192 0.6789 -2.19200 -4.95212
0.23097 0.20303 -0.31400 0.5192 -0.5192 0.6789 -2.19200 0.36562
0.23097 0.20303 -0.32600 0.5192 -0.5192 -0.6789 -2.24000 0.36562
0.22600 0.19922 -0.32600 0.3671 -0.6359 -0.6789 -2.24000 0.34573
0.22600 0.19922 -0.31400 0.3671 -0.6359 0.6789 -2.19200 0.34573
0.22021 0.19682 -0.32600 0.1900 -0.7092 -0.6789 -2.24000 0.32258
0.22021 0.19682 -0.31400 0.1900 -0.7092 0.6789 -2.19200 0.32258
0.21400 0.19600 -0.32600 0.0000 -0.7342 -0.6789 -2.24000 0.29773
0.21400 0.19600 -0.31400 -0.0000 -0.7342 0.6789 -2.19200 0.29773
0.20779 0.19682 -0.32600 -0.1900 -0.7092 -0.6789 -2.24000 0.27289
0.20779 0.19682 -0.31400 -0.1900 -0.7092 0.6789 -2.19200 0.27289
0.20200 0.19922 -0.32600 -0.3671 -0.6359 -0.6789 -2.24000 0.24973
0.20200 0.19922 -0.31400 -0.3671 -0.6359 0.6789 -2.19200 0.24973
0.19703 0.20303 -0.32600 -0.5192 -0.5192 -0.6789 -2.24000 0.22985
0.19703 0.20303 -0.31400 -0.5192 -0.5192 0.6789 -2.19200 0.22985
0.19703 0.20303 -0.31400 -0.5192 -0.5192 0.6789 -2.19200 -4.95212
0.19703 0.20303 -0.32600 -0.5192 -0.5192 -0.6789 -2.24000 -4.95212
0.19322 0.20800 -0.32600 -0.6359 -0.3671 -0.6789 -2.24000 -4.97200
0.19322 0.20800 -0.31400 -0.6359 -0.3671 0.6789 -2.19200 -4.97200
0.19322 0.23200 -0.32600 -0.6359 0.3671 -0.6789 0.78541 -5.06800
0.19082 0.22621 -0.32600 -0.7092 0.1900 -0.6789 0.79500 -5.04485
0.19000 0.22000 -0.32600 -0.7342 0.0000 -0.6789 0.79827 -5.02000
0.19082 0.21379 -0.32600 -0.7092 -0.1900 -0.6789 0.79500 -4.99515
0.19322 0.20800 -0.32600 -0.6359 -0.3671 -0.6789 0.78541 -4.97200
0.19703 0.20303 -0.32600 -0.5192 -0.5192 -0.6789 0.77015 -4.95212
0.20200 0.19922 -0.32600 -0.3671 -0.6359 -0.6789 0.75027 -4.93686
0.20779 0.19682 -0.32600 -0.1900 -0.7092 -0.6789 0.72711 -4.92727
0.21400 0.19600 -0.32600 0.0000 -0.7342 -0.6789 0.70227 -4.92400
0.22021 0.19682 -0.32600 0.1900 -0.7092 -0.6789 0.67742 -4.92727
0.22600 0.19922 -0.32600 0.3671 -0.6359 -0.6789 0.65427 -4.93686
0.23097 0.20303 -0.32600 0.5192 -0.5192 -0.6789 0.63438 -4.95212
0.23478 0.20800 -0.32600 0.6359 -0.3671 -0.6789 0.61913 -4.97200
0.23718 0.21379 -0.32600 0.7092 -0.1900 -0.6789 0.60954 -4.99515
0.23800 0.22000 -0.32600 0.7342 0.0000 -0.6789 0.60627 -5.02000
0.23718 0.22621 -0.32600 0.7092 0.1900 -0.6789 0.60954 -5.04485
0.23478 0.23200 -0.32600 0.6359 0.3671 -0.6789 0.61913 -5.06800
0.23097 0.23697 -0.32600 0.5192 0.5192 -0.6789 0.63438 -5.08788
0.22600 0.24078 -0.32600 0.3671 0.6359 -0.6789 0.65427 -5.10314
0.22021 0.24318 -0.32600 0.1900 0.7092 -0.6789 0.67742 -5.11273
0.21400 0.24400 -0.32600 0.0000 0.7342 -0.6789 0.70227 -5.11600
0.20779 0.24318 -0.32600 -0.1900 0.7092 -0.6789 0.72711 -5.11273
0.20200 0.24078 -0.32600 -0.3671 0.6359 -0.6789 0.75027 -5.10314
0.19703 0.23697 -0.32600 -0.5192 0.5192 -0.6789 0.77015 -5.08788
0.19082 0.21379 -0.32600 -0.7092 -0.1900 -0.6789 -2.24000 -4.99515
0.19082 0.21379 -0.31400 -0.7092 -0.1900 0.6789 -2.19200 -4.99515
0.19082 0.21379 -0.31400 -0.7092 -0.1900 0.6789 0.79500 -4.99515
0.19000 0.22000 -0.31400 -0.7342 0.0000 0.6789 0.79827 -5.02000
0.19082 0.22621 -0.31400 -0.7092 0.1900 0.6789 0.79500 -5.04485
0.19322 0.23200 -0.31400 -0.6359 0.3671 0.6789 0.78541 -5.06800
0.19703 0.23697 -0.31400 -0.5192 0.5192 0.6789 0.77015 -5.08788
0.20200 0.24078 -0.31400 -0.3671 0.6359 0.6789 0.75027 -5.10314
0.20779 0.24318 -0.31400 -0.1900 0.7092 0.6789 0.72711 -5.11273
0.21400 0.24400 -0.31400 -0.0000 0.7342 0.6789 0.70227 -5.11600
0.22021 0.24318 -0.31400 0.1900 0.7092 0.6789 0.67742 -5.11273
0.22600 0.24078 -0.31400 0.3671 0.6359 0.6789 0.65427 -5.10314
0.23097 0.23697 -0.31400 0.5192 0.5192 0.6789 0.63438 -5.08788
0.23478 0.23200 -0.31400 0.6359 0.3671 0.6789 0.61913 -5.06800
0.23718 0.22621 -0.31400 0.7092 0.1900 0.6789 0.60954 -5.04485
0.23800 0.22000 -0.31400 0.7342 0.0000 0.6789 0.60627 -5.02000
0.23718 0.21379 -0.31400 0.7092 -0.1900 0.6789 0.60954 -4.99515
0.23478 0.20800 -0.31400 0.6359 -0.3671 0.6789 0.61913 -4.97200
0.23097 0.20303 -0.31400 0.5192 -0.5192 0.6789 0.63438 -4.95212
0.22600 0.19922 -0.31400 0.3671 -0.6359 0.6789 0.65427 -4.93686
0.22021 0.19682 -0.31400 0.1900 -0.7092 0.6789 0.67742 -4.92727
0.21400 0.19600 -0.31400 -0.0000 -0.7342 0.6789 0.70227 -4.92400
0.20779 0.19682 -0.31400 -0.1900 -0.7092 0.6789 0.72711 -4.92727
0.20200 0.19922 -0.31400 -0.3671 -0.6359 0.6789 0.75027 -4.93686
0.19703 0.20303 -0.31400 -0.5192 -0.5192 0.6789 0.77015 -4.95212
0.19322 0.20800 -0.31400 -0.6359 -0.3671 0.6789 0.78541 -4.97200
0 2 1
0 3 2
3 4 2
3 5 4
5 6 4
5 7 6
8 10 9
8 11 10
11 12 10
11 13 12
13 14 12
13 15 14
15 16 14
15 17 16
17 18 16
17 19 18
19 20 18
19 21 20
22 24 23
22 25 24
25 26 24
25 27 26
27 28 26
27 29 28
29 30 28
29 31 30
31 32 30
31 33 32
33 34 32
33 35 34
36 38 37
36 39 38
39 40 38
39 41 40
41 42 40
41 43 42
43 44 42
43 45 44
45 46 44
45 47 46
47 48 46
47 49 48
50 52 51
50 53 52
54 56 55
56 58 57
58 60 59
60 62 61
62 64 63
64 66 65
66 68 67
68 70 69
70 72 71
72 74 73
74 76 75
76 54 77
54 58 56
58 62 60
62 66 64
66 70 68
70 74 72
74 54 76
54 62 58
62 70 66
70 54 74
62 54 70
53 78 52
53 79 78
79 1 78
79 0 1
80 82 81
82 84 83
84 86 85
86 88 87
88 90 89
90 92 91
92 94 93
94 96 95
96 98 97
98 100 99
100 102 101
102 80 103
80 84 82
84 88 86
88 92 90
92 96 94
96 100 98
100 80 102
80 88 84
88 96 92
96 80 100
88 80 96
LABEL JetBoomR_001
MATERIAL 3
TEXTURE 1
GEOM 92 92
-0.22699 0.18500 0.01862 -0.7124 -0.1070 0.6936 0.86153 -4.88000
-0.23015 0.21450 -0.16737 -0.9998 0.0046 0.0204 1.60547 -4.99800
-0.22930 0.22299 -0.16650 -0.9180 0.3927 0.0554 1.60201 -5.03196
-0.22606 0.19416 0.02005 -0.6887 0.1901 0.6997 0.85581 -4.91666
-0.22675 0.22604 -0.16626 -0.5647 0.8206 0.0877 1.60104 -5.04416
-0.22328 0.19746 0.02049 -0.4155 0.5152 0.7496 0.85402 -4.92983
-0.22328 0.19746 0.02049 -0.4155 0.5152 0.7496 0.85402 0.33486
-0.22675 0.22604 -0.16626 -0.5647 0.8206 0.0877 1.60104 0.34873
-0.22204 0.22769 -0.16623 -0.1851 0.9782 0.0936 1.60091 0.32990
-0.21816 0.19924 0.02064 -0.1190 0.6125 0.7815 0.85344 0.31438
-0.20896 0.22822 -0.16656 0.0027 0.9959 0.0904 1.60225 0.27756
-0.20394 0.19982 0.02035 0.0216 0.6005 0.7993 0.85461 0.25748
-0.19587 0.22769 -0.16701 0.1908 0.9782 0.0822 1.60404 0.22523
-0.18972 0.19924 0.01987 0.1611 0.6124 0.7739 0.85650 0.20060
-0.19118 0.22604 -0.16732 0.5696 0.8202 0.0533 1.60530 0.20645
-0.18461 0.19746 0.01945 0.4554 0.5150 0.7262 0.85818 0.18019
-0.18461 0.19746 0.01945 0.4554 0.5150 0.7262 0.85818 -4.92983
-0.19118 0.22604 -0.16732 0.5696 0.8202 0.0533 1.60530 -5.04416
-0.18864 0.22299 -0.16772 0.9198 0.3924 -0.0004 1.60688 -5.03196
-0.18186 0.19416 0.01886 0.7254 0.1899 0.6616 0.86057 -4.91666
-0.18785 0.21450 -0.16863 0.9992 0.0047 -0.0402 1.61053 -4.99800
-0.18101 0.18500 0.01738 0.7486 -0.1072 0.6543 0.86647 -4.88000
-0.18870 0.20601 -0.16950 0.9255 -0.3711 -0.0752 1.61399 -4.96404
-0.18194 0.17584 0.01595 0.7227 -0.3917 0.5694 0.87219 -4.84334
-0.19125 0.20296 -0.16974 0.5745 -0.8116 -0.1063 1.61496 -4.95183
-0.18472 0.17254 0.01551 0.4498 -0.7184 0.5307 0.87398 -4.83017
-0.18472 0.17254 0.01551 0.4498 -0.7184 0.5307 0.87398 0.18061
-0.19125 0.20296 -0.16974 0.5745 -0.8116 -0.1063 1.61496 0.20674
-0.19596 0.20131 -0.16977 0.1874 -0.9763 -0.1085 1.61509 0.22556
-0.18984 0.17076 0.01536 0.1546 -0.8231 0.5464 0.87456 0.20108
-0.20904 0.20078 -0.16944 -0.0029 -0.9946 -0.1037 1.61375 0.27791
-0.20406 0.17019 0.01565 0.0153 -0.8184 0.5744 0.87339 0.25799
-0.22213 0.20131 -0.16899 -0.1928 -0.9764 -0.0970 1.61196 0.33023
-0.21828 0.17076 0.01613 -0.1254 -0.8231 0.5539 0.87150 0.31487
-0.22682 0.20296 -0.16868 -0.5789 -0.8123 -0.0714 1.61070 0.34902
-0.22339 0.17254 0.01655 -0.4209 -0.7182 0.5541 0.86982 0.33528
-0.22339 0.17254 0.01655 -0.4209 -0.7182 0.5541 0.86982 -4.83017
-0.22682 0.20296 -0.16868 -0.5789 -0.8123 -0.0714 1.61070 -4.95183
-0.22936 0.20601 -0.16828 -0.9282 -0.3716 -0.0190 1.60912 -4.96404
-0.22614 0.17584 0.01714 -0.6912 -0.3915 0.6075 0.86743 -4.84334
-0.23354 0.22000 -0.31534 -0.7466 0.0257 -0.6648 2.19736 -5.02000
-0.23277 0.22788 -0.31507 -0.7221 0.3160 -0.6154 2.19629 -5.05153
-0.23042 0.23071 -0.31505 -0.4521 0.6440 -0.6171 2.19619 -5.06286
-0.23042 0.23071 -0.31505 -0.4521 0.6440 -0.6171 2.19619 0.36340
-0.22607 0.23225 -0.31514 -0.1603 0.7466 -0.6456 2.19655 0.34602
-0.21398 0.23274 -0.31553 -0.0228 0.7392 -0.6731 2.19811 0.29767
-0.20190 0.23225 -0.31595 0.1162 0.7466 -0.6550 2.19982 0.24932
-0.19756 0.23071 -0.31616 0.4093 0.6441 -0.6462 2.20063 0.23196
-0.19756 0.23071 -0.31616 0.4093 0.6441 -0.6462 2.20063 -5.06286
-0.19521 0.22788 -0.31634 0.6788 0.3162 -0.6627 2.20137 -5.05153
-0.19446 0.22000 -0.31666 0.7000 0.0260 -0.7137 2.20264 -5.02000
-0.19523 0.21212 -0.31693 0.6783 -0.2672 -0.6845 2.20371 -4.98847
-0.19758 0.20929 -0.31695 0.4081 -0.5951 -0.6923 2.20381 -4.97714
-0.19758 0.20929 -0.31695 0.4081 -0.5951 -0.6923 2.20381 0.23207
-0.20193 0.20775 -0.31686 0.1146 -0.6963 -0.7086 2.20345 0.24945
-0.21402 0.20726 -0.31647 -0.0245 -0.6872 -0.7261 2.20189 0.29780
-0.22610 0.20775 -0.31605 -0.1620 -0.6963 -0.6992 2.20019 0.34614
-0.23044 0.20929 -0.31584 -0.4538 -0.5952 -0.6631 2.19937 0.36351
-0.23044 0.20929 -0.31584 -0.4538 -0.5952 -0.6631 2.19937 -4.97714
-0.23279 0.21212 -0.31566 -0.7229 -0.2674 -0.6371 2.19863 -4.98847
-0.22614 0.17584 0.01714 -0.6912 -0.3915 0.6075 0.65371 -4.84334
-0.22699 0.18500 0.01862 -0.7124 -0.1070 0.6936 0.65030 -4.88000
-0.22606 0.19416 0.02005 -0.6887 0.1901 0.6997 0.65403 -4.91666
-0.22328 0.19746 0.02049 -0.4155 0.5152 0.7496 0.66514 -4.92983
-0.21816 0.19924 0.02064 -0.1190 0.6125 0.7815 0.68562 -4.93696
-0.20394 0.19982 0.02035 0.0216 0.6005 0.7993 0.74252 -4.93926
-0.18972 0.19924 0.01987 0.1611 0.6124 0.7739 0.79940 -4.93696
-0.18461 0.19746 0.01945 0.4554 0.5150 0.7262 0.81981 -4.92983
-0.18186 0.19416 0.01886 0.7254 0.1899 0.6616 0.83082 -4.91666
-0.18101 0.18500 0.01738 0.7486 -0.1072 0.6543 0.83423 -4.88000
-0.18194 0.17584 0.01595 0.7227 -0.3917 0.5694 0.83051 -4.84334
-0.18472 0.17254 0.01551 0.4498 -0.7184 0.5307 0.81939 -4.83017
-0.18984 0.17076 0.01536 0.1546 -0.8231 0.5464 0.79892 -4.82304
-0.20406 0.17019 0.01565 0.0153 -0.8184 0.5744 0.74201 -4.82074
-0.21828 0.17076 0.01613 -0.1254 -0.8231 0.5539 0.68513 -4.82304
-0.22339 0.17254 0.01655 -0.4209 -0.7182 0.5541 0.66472 -4.83017
-0.23354 0.22000 -0.31534 -0.7466 0.0257 -0.6648 0.62411 -5.02000
-0.23279 0.21212 -0.31566 -0.7229 -0.2674 -0.6371 0.62711 -4.98847
-0.23044 0.20929 -0.31584 -0.4538 -0.5952 -0.6631 0.63649 -4.97714
-0.22610 0.20775 -0.31605 -0.1620 -0.6963 -0.6992 0.65386 -4.97101
-0.21402 0.20726 -0.31647 -0.0245 -0.6872 -0.7261 0.70220 -4.96904
-0.20193 0.20775 -0.31686 0.1146 -0.6963 -0.7086 0.75055 -4.97101
-0.19758 0.20929 -0.31695 0.4081 -0.5951 -0.6923 0.76793 -4.97714
-0.19523 0.21212 -0.31693 0.6783 -0.2672 -0.6845 0.77735 -4.98847
-0.19446 0.22000 -0.31666 0.7000 0.0260 -0.7137 0.78042 -5.02000
-0.19521 0.22788 -0.31634 0.6788 0.3162 -0.6627 0.77743 -5.05153
-0.19756 0.23071 -0.31616 0.4093 0.6441 -0.6462 0.76804 -5.06286
-0.20190 0.23225 -0.31595 0.1162 0.7466 -0.6550 0.75068 -5.06899
-0.21398 0.23274 -0.31553 -0.0228 0.7392 -0.6731 0.70233 -5.07096
-0.22607 0.23225 -0.31514 -0.1603 0.7466 -0.6456 0.65398 -5.06899
-0.23042 0.23071 -0.31505 -0.4521 0.6440 -0.6171 0.63660 -5.06286
-0.23277 0.22788 -0.31507 -0.7221 0.3160 -0.6154 0.62718 -5.05153
0 2 1
0 3 2
3 4 2
3 5 4
6 8 7
6 9 8
9 10 8
9 11 10
11 12 10
11 13 12
13 14 12
13 15 14
16 18 17
16 19 18
19 20 18
19 21 20
21 22 20
21 23 22
23 24 22
23 25 24
26 28 27
26 29 28
29 30 28
29 31 30
31 32 30
31 33 32
33 34 32
33 35 34
36 38 37
36 39 38
39 1 38
39 0 1
1 41 40
1 2 41
2 42 41
2 4 42
7 44 43
7 8 44
8 45 44
8 10 45
10 46 45
10 12 46
12 47 46
12 14 47
17 49 48
17 18 49
18 50 49
18 20 50
20 51 50
20 22 51
22 52 51
22 24 52
27 54 53
27 28 54
28 55 54
28 30 55
30 56 55
30 32 56
32 57 56
32 34 57
37 59 58
37 38 59
38 40 59
38 1 40
60 62 61
62 64 63
64 66 65
66 68 67
68 70 69
70 72 71
72 74 73
74 60 75
60 64 62
64 68 66
68 72 70
72 60 74
60 68 64
68 60 72
76 78 77
78 80 79
80 82 81
82 84 83
84 86 85
86 88 87
88 90 89
90 76 91
76 80 78
80 84 82
84 88 86
88 76 90
76 84 80
84 76 88
LABEL JetBoomR_JetSeam
MATERIAL 4
TEXTURE 0
GEOM 104 92
-0.19000 0.22000 -0.31400 0.7342 0.0000 0.6789 2.19200 -5.02000
-0.19000 0.22000 -0.32600 0.7342 0.0000 -0.6789 2.24000 -5.02000
-0.19082 0.21379 -0.32600 0.7092 -0.1900 -0.6789 2.24000 -4.99515
-0.19082 0.21379 -0.31400 0.7092 -0.1900 0.6789 2.19200 -4.99515
-0.19322 0.20800 -0.32600 0.6359 -0.3671 -0.6789 2.24000 -4.97200
-0.19322 0.20800 -0.31400 0.6359 -0.3671 0.6789 2.19200 -4.97200
-0.19703 0.20303 -0.32600 0.5192 -0.5192 -0.6789 2.24000 -4.95212
-0.19703 0.20303 -0.31400 0.5192 -0.5192 0.6789 2.19200 -4.95212
-0.19703 0.20303 -0.31400 0.5192 -0.5192 0.6789 2.19200 0.22985
-0.19703 0.20303 -0.32600 0.5192 -0.5192 -0.6789 2.24000 0.22985
-0.20200 0.19922 -0.32600 0.3671 -0.6359 -0.6789 2.24000 0.24973
-0.20200 0.19922 -0.31400 0.3671 -0.6359 0.6789 2.19200 0.24973
-0.20779 0.19682 -0.32600 0.1900 -0.7092 -0.6789 2.24000 0.27289
-0.20779 0.19682 -0.31400 0.1900 -0.7092 0.6789 2.19200 0.27289
-0.21400 0.19600 -0.32600 -0.0000 -0.7342 -0.6789 2.24000 0.29773
-0.21400 0.19600 -0.31400 0.0000 -0.7342 0.6789 2.19200 0.29773
-0.22021 0.19682 -0.32600 -0.1900 -0.7092 -0.6789 2.24000 0.32258
-0.22021 0.19682 -0.31400 -0.1900 -0.7092 0.6789 2.19200 0.32258
-0.22600 0.19922 -0.32600 -0.3671 -0.6359 -0.6789 2.24000 0.34573
-0.22600 0.19922 -0.31400 -0.3671 -0.6359 0.6789 2.19200 0.34573
-0.23097 0.20303 -0.32600 -0.5192 -0.5192 -0.6789 2.24000 0.36562
-0.23097 0.20303 -0.31400 -0.5192 -0.5192 0.6789 2.19200 0.36562
-0.23097 0.20303 -0.31400 -0.5192 -0.5192 0.6789 2.19200 -4.95212
-0.23097 0.20303 -0.32600 -0.5192 -0.5192 -0.6789 2.24000 -4.95212
-0.23478 0.20800 -0.32600 -0.6359 -0.3671 -0.6789 2.24000 -4.97200
-0.23478 0.20800 -0.31400 -0.6359 -0.3671 0.6789 2.19200 -4.97200
-0.23718 0.21379 -0.32600 -0.7092 -0.1900 -0.6789 2.24000 -4.99515
-0.23718 0.21379 -0.31400 -0.7092 -0.1900 0.6789 2.19200 -4.99515
-0.23800 0.22000 -0.32600 -0.7342 0.0000 -0.6789 2.24000 -5.02000
-0.23800 0.22000 -0.31400 -0.7342 0.0000 0.6789 2.19200 -5.02000
-0.23718 0.22621 -0.32600 -0.7092 0.1900 -0.6789 2.24000 -5.04485
-0.23718 0.22621 -0.31400 -0.7092 0.1900 0.6789 2.19200 -5.04485
-0.23478 0.23200 -0.32600 -0.6359 0.3671 -0.6789 2.24000 -5.06800
-0.23478 0.23200 -0.31400 -0.6359 0.3671 0.6789 2.19200 -5.06800
-0.23097 0.23697 -0.32600 -0.5192 0.5192 -0.6789 2.24000 -5.08788
-0.23097 0.23697 -0.31400 -0.5192 0.5192 0.6789 2.19200 -5.08788
-0.23097 0.23697 -0.31400 -0.5192 0.5192 0.6789 2.19200 0.36562
-0.23097 0.23697 -0.32600 -0.5192 0.5192 -0.6789 2.24000 0.36562
-0.22600 0.24078 -0.32600 -0.3671 0.6359 -0.6789 2.24000 0.34573
-0.22600 0.24078 -0.31400 -0.3671 0.6359 0.6789 2.19200 0.34573
-0.22021 0.24318 -0.32600 -0.1900 0.7092 -0.6789 2.24000 0.32258
-0.22021 0.24318 -0.31400 -0.1900 0.7092 0.6789 2.19200 0.32258
-0.21400 0.24400 -0.32600 -0.0000 0.7342 -0.6789 2.24000 0.29773
-0.21400 0.24400 -0.31400 0.0000 0.7342 0.6789 2.19200 0.29773
-0.20779 0.24318 -0.32600 0.1900 0.7092 -0.6789 2.24000 0.27289
-0.20779 0.24318 -0.31400 0.1900 0.7092 0.6789 2.19200 0.27289
-0.20200 0.24078 -0.32600 0.3671 0.6359 -0.6789 2.24000 0.24973
-0.20200 0.24078 -0.31400 0.3671 0.6359 0.6789 2.19200 0.24973
-0.19703 0.23697 -0.32600 0.5192 0.5192 -0.6789 2.24000 0.22985
-0.19703 0.23697 -0.31400 0.5192 0.5192 0.6789 2.19200 0.22985
-0.19703 0.23697 -0.31400 0.5192 0.5192 0.6789 2.19200 -5.08788
-0.19703 0.23697 -0.32600 0.5192 0.5192 -0.6789 2.24000 -5.08788
-0.19322 0.23200 -0.32600 0.6359 0.3671 -0.6789 2.24000 -5.06800
-0.19322 0.23200 -0.31400 0.6359 0.3671 0.6789 2.19200 -5.06800
-0.19322 0.20800 -0.32600 0.6359 -0.3671 -0.6789 0.78541 -4.97200
-0.19082 0.21379 -0.32600 0.7092 -0.1900 -0.6789 0.79500 -4.99515
-0.19000 0.22000 -0.32600 0.7342 0.0000 -0.6789 0.79827 -5.02000
-0.19082 0.22621 -0.32600 0.7092 0.1900 -0.6789 0.79500 -5.04485
-0.19322 0.23200 -0.32600 0.6359 0.3671 -0.6789 0.78541 -5.06800
-0.19703 0.23697 -0.32600 0.5192 0.5192 -0.6789 0.77015 -5.08788
-0.20200 0.24078 -0.32600 0.3671 0.6359 -0.6789 0.75027 -5.10314
-0.20779 0.24318 -0.32600 0.1900 0.7092 -0.6789 0.72711 -5.11273
-0.21400 0.24400 -0.32600 -0.0000 0.7342 -0.6789 0.70227 -5.11600
-0.22021 0.24318 -0.32600 -0.1900 0.7092 -0.6789 0.67742 -5.11273
-0.22600 0.24078 -0.32600 -0.3671 0.6359 -0.6789 0.65427 -5.10314
-0.23097 0.23697 -0.32600 -0.5192 0.5192 -0.6789 0.63438 -5.08788
-0.23478 0.23200 -0.32600 -0.6359 0.3671 -0.6789 0.61913 -5.06800
-0.23718 0.22621 -0.32600 -0.7092 0.1900 -0.6789 0.60954 -5.04485
-0.23800 0.22000 -0.32600 -0.7342 0.0000 -0.6789 0.60627 -5.02000
-0.23718 0.21379 -0.32600 -0.7092 -0.1900 -0.6789 0.60954 -4.99515
-0.23478 0.20800 -0.32600 -0.6359 -0.3671 -0.6789 0.61913 -4.97200
-0.23097 0.20303 -0.32600 -0.5192 -0.5192 -0.6789 0.63438 -4.95212
-0.22600 0.19922 -0.32600 -0.3671 -0.6359 -0.6789 0.65427 -4.93686
-0.22021 0.19682 -0.32600 -0.1900 -0.7092 -0.6789 0.67742 -4.92727
-0.21400 0.19600 -0.32600 -0.0000 -0.7342 -0.6789 0.70227 -4.92400
-0.20779 0.19682 -0.32600 0.1900 -0.7092 -0.6789 0.72711 -4.92727
-0.20200 0.19922 -0.32600 0.3671 -0.6359 -0.6789 0.75027 -4.93686
-0.19703 0.20303 -0.32600 0.5192 -0.5192 -0.6789 0.77015 -4.95212
-0.19082 0.22621 -0.32600 0.7092 0.1900 -0.6789 2.24000 -5.04485
-0.19082 0.22621 -0.31400 0.7092 0.1900 0.6789 2.19200 -5.04485
-0.19082 0.22621 -0.31400 0.7092 0.1900 0.6789 0.79500 -5.04485
-0.19000 0.22000 -0.31400 0.7342 0.0000 0.6789 0.79827 -5.02000
-0.19082 0.21379 -0.31400 0.7092 -0.1900 0.6789 0.79500 -4.99515
-0.19322 0.20800 -0.31400 0.6359 -0.3671 0.6789 0.78541 -4.97200
-0.19703 0.20303 -0.31400 0.5192 -0.5192 0.6789 0.77015 -4.95212
-0.20200 0.19922 -0.31400 0.3671 -0.6359 0.6789 0.75027 -4.93686
-0.20779 0.19682 -0.31400 0.1900 -0.7092 0.6789 0.72711 -4.92727
-0.21400 0.19600 -0.31400 0.0000 -0.7342 0.6789 0.70227 -4.92400
-0.22021 0.19682 -0.31400 -0.1900 -0.7092 0.6789 0.67742 -4.92727
-0.22600 0.19922 -0.31400 -0.3671 -0.6359 0.6789 0.65427 -4.93686
-0.23097 0.20303 -0.31400 -0.5192 -0.5192 0.6789 0.63438 -4.95212
-0.23478 0.20800 -0.31400 -0.6359 -0.3671 0.6789 0.61913 -4.97200
-0.23718 0.21379 -0.31400 -0.7092 -0.1900 0.6789 0.60954 -4.99515
-0.23800 0.22000 -0.31400 -0.7342 0.0000 0.6789 0.60627 -5.02000
-0.23718 0.22621 -0.31400 -0.7092 0.1900 0.6789 0.60954 -5.04485
-0.23478 0.23200 -0.31400 -0.6359 0.3671 0.6789 0.61913 -5.06800
-0.23097 0.23697 -0.31400 -0.5192 0.5192 0.6789 0.63438 -5.08788
-0.22600 0.24078 -0.31400 -0.3671 0.6359 0.6789 0.65427 -5.10314
-0.22021 0.24318 -0.31400 -0.1900 0.7092 0.6789 0.67742 -5.11273
-0.21400 0.24400 -0.31400 0.0000 0.7342 0.6789 0.70227 -5.11600
-0.20779 0.24318 -0.31400 0.1900 0.7092 0.6789 0.72711 -5.11273
-0.20200 0.24078 -0.31400 0.3671 0.6359 0.6789 0.75027 -5.10314
-0.19703 0.23697 -0.31400 0.5192 0.5192 0.6789 0.77015 -5.08788
-0.19322 0.23200 -0.31400 0.6359 0.3671 0.6789 0.78541 -5.06800
0 2 1
0 3 2
3 4 2
3 5 4
5 6 4
5 7 6
8 10 9
8 11 10
11 12 10
11 13 12
13 14 12
13 15 14
15 16 14
15 17 16
17 18 16
17 19 18
19 20 18
19 21 20
22 24 23
22 25 24
25 26 24
25 27 26
27 28 26
27 29 28
29 30 28
29 31 30
31 32 30
31 33 32
33 34 32
33 35 34
36 38 37
36 39 38
39 40 38
39 41 40
41 42 40
41 43 42
43 44 42
43 45 44
45 46 44
45 47 46
47 48 46
47 49 48
50 52 51
50 53 52
54 56 55
56 58 57
58 60 59
60 62 61
62 64 63
64 66 65
66 68 67
68 70 69
70 72 71
72 74 73
74 76 75
76 54 77
54 58 56
58 62 60
62 66 64
66 70 68
70 74 72
74 54 76
54 62 58
62 70 66
70 54 74
62 54 70
53 78 52
53 79 78
79 1 78
79 0 1
80 82 81
82 84 83
84 86 85
86 88 87
88 90 89
90 92 91
92 94 93
94 96 95
96 98 97
98 100 99
100 102 101
102 80 103
80 84 82
84 88 86
88 92 90
92 96 94
96 100 98
100 80 102
80 88 84
88 96 92
96 80 100
88 80 96
LABEL JetCouplin_JetPlug
MATERIAL 5
TEXTURE 2
GEOM 88 76
-0.14600 -0.08500 -0.05150 0.6735 0.0000 0.7392 0.58400 -3.80000
-0.14600 -0.08840 -0.05204 0.6735 -0.2284 0.7030 0.58400 -3.78640
-0.16800 -0.08840 -0.05204 -0.6735 -0.2284 0.7030 0.67200 -3.78640
-0.16800 -0.08500 -0.05150 -0.6735 0.0000 0.7392 0.67200 -3.80000
-0.14600 -0.09147 -0.05360 0.6735 -0.4345 0.5980 0.58400 -3.77414
-0.16800 -0.09147 -0.05360 -0.6735 -0.4345 0.5980 0.67200 -3.77414
-0.14600 -0.09390 -0.05603 0.6735 -0.5980 0.4345 0.58400 -3.76440
-0.16800 -0.09390 -0.05603 -0.6735 -0.5980 0.4345 0.67200 -3.76440
-0.14600 -0.09390 -0.05603 0.6735 -0.5980 0.4345 0.58400 -0.08640
-0.14600 -0.09546 -0.05910 0.6735 -0.7030 0.2284 0.58400 -0.09867
-0.16800 -0.09546 -0.05910 -0.6735 -0.7030 0.2284 0.67200 -0.09867
-0.16800 -0.09390 -0.05603 -0.6735 -0.5980 0.4345 0.67200 -0.08640
-0.14600 -0.09600 -0.06250 0.6735 -0.7392 0.0000 0.58400 -0.11227
-0.16800 -0.09600 -0.06250 -0.6735 -0.7392 0.0000 0.67200 -0.11227
-0.14600 -0.09546 -0.06590 0.6735 -0.7030 -0.2284 0.58400 -0.12586
-0.16800 -0.09546 -0.06590 -0.6735 -0.7030 -0.2284 0.67200 -0.12586
-0.14600 -0.09390 -0.06897 0.6735 -0.5980 -0.4345 0.58400 -0.13813
-0.16800 -0.09390 -0.06897 -0.6735 -0.5980 -0.4345 0.67200 -0.13813
-0.14600 -0.09390 -0.06897 0.6735 -0.5980 -0.4345 0.58400 -3.76440
-0.14600 -0.09147 -0.07140 0.6735 -0.4345 -0.5980 0.58400 -3.77414
-0.16800 -0.09147 -0.07140 -0.6735 -0.4345 -0.5980 0.67200 -3.77414
-0.16800 -0.09390 -0.06897 -0.6735 -0.5980 -0.4345 0.67200 -3.76440
-0.14600 -0.08840 -0.07296 0.6735 -0.2284 -0.7030 0.58400 -3.78640
-0.16800 -0.08840 -0.07296 -0.6735 -0.2284 -0.7030 0.67200 -3.78640
-0.14600 -0.08500 -0.07350 0.6735 0.0000 -0.7392 0.58400 -3.80000
-0.16800 -0.08500 -0.07350 -0.6735 0.0000 -0.7392 0.67200 -3.80000
-0.14600 -0.08160 -0.07296 0.6735 0.2284 -0.7030 0.58400 -3.81360
-0.16800 -0.08160 -0.07296 -0.6735 0.2284 -0.7030 0.67200 -3.81360
-0.14600 -0.07853 -0.07140 0.6735 0.4345 -0.5980 0.58400 -3.82586
-0.16800 -0.07853 -0.07140 -0.6735 0.4345 -0.5980 0.67200 -3.82586
-0.14600 -0.07610 -0.06897 0.6735 0.5980 -0.4345 0.58400 -3.83560
-0.16800 -0.07610 -0.06897 -0.6735 0.5980 -0.4345 0.67200 -3.83560
-0.14600 -0.07610 -0.06897 0.6735 0.5980 -0.4345 0.58400 -0.13813
-0.14600 -0.07454 -0.06590 0.6735 0.7030 -0.2284 0.58400 -0.12586
-0.16800 -0.07454 -0.06590 -0.6735 0.7030 -0.2284 0.67200 -0.12586
-0.16800 -0.07610 -0.06897 -0.6735 0.5980 -0.4345 0.67200 -0.13813
-0.14600 -0.07400 -0.06250 0.6735 0.7392 0.0000 0.58400 -0.11227
-0.16800 -0.07400 -0.06250 -0.6735 0.7392 0.0000 0.67200 -0.11227
-0.14600 -0.07454 -0.05910 0.6735 0.7030 0.2284 0.58400 -0.09867
-0.16800 -0.07454 -0.05910 -0.6735 0.7030 0.2284 0.67200 -0.09867
-0.14600 -0.07610 -0.05603 0.6735 0.5980 0.4345 0.58400 -0.08640
-0.16800 -0.07610 -0.05603 -0.6735 0.5980 0.4345 0.67200 -0.08640
-0.14600 -0.07610 -0.05603 0.6735 0.5980 0.4345 0.58400 -3.83560
-0.14600 -0.07853 -0.05360 0.6735 0.4345 0.5980 0.58400 -3.82586
-0.16800 -0.07853 -0.05360 -0.6735 0.4345 0.5980 0.67200 -3.82586
-0.16800 -0.07610 -0.05603 -0.6735 0.5980 0.4345 0.67200 -3.83560
-0.14600 -0.08160 -0.05204 0.6735 0.2284 0.7030 0.58400 -3.81360
-0.16800 -0.08160 -0.05204 -0.6735 0.2284 0.7030 0.67200 -3.81360
-0.14600 -0.08500 -0.05150 0.6735 0.0000 0.7392 1.06827 -3.80000
-0.14600 -0.08160 -0.05204 0.6735 0.2284 0.7030 1.07042 -3.81360
-0.14600 -0.07853 -0.05360 0.6735 0.4345 0.5980 1.07667 -3.82586
-0.14600 -0.07610 -0.05603 0.6735 0.5980 0.4345 1.08640 -3.83560
-0.14600 -0.07454 -0.05910 0.6735 0.7030 0.2284 1.09867 -3.84185
-0.14600 -0.07400 -0.06250 0.6735 0.7392 0.0000 1.11227 -3.84400
-0.14600 -0.07454 -0.06590 0.6735 0.7030 -0.2284 1.12586 -3.84185
-0.14600 -0.07610 -0.06897 0.6735 0.5980 -0.4345 1.13813 -3.83560
-0.14600 -0.07853 -0.07140 0.6735 0.4345 -0.5980 1.14786 -3.82586
-0.14600 -0.08160 -0.07296 0.6735 0.2284 -0.7030 1.15411 -3.81360
-0.14600 -0.08500 -0.07350 0.6735 0.0000 -0.7392 1.15627 -3.80000
-0.14600 -0.08840 -0.07296 0.6735 -0.2284 -0.7030 1.15411 -3.78640
-0.14600 -0.09147 -0.07140 0.6735 -0.4345 -0.5980 1.14786 -3.77414
-0.14600 -0.09390 -0.06897 0.6735 -0.5980 -0.4345 1.13813 -3.76440
-0.14600 -0.09546 -0.06590 0.6735 -0.7030 -0.2284 1.12586 -3.75815
-0.14600 -0.09600 -0.06250 0.6735 -0.7392 0.0000 1.11227 -3.75600
-0.14600 -0.09546 -0.05910 0.6735 -0.7030 0.2284 1.09867 -3.75815
-0.14600 -0.09390 -0.05603 0.6735 -0.5980 0.4345 1.08640 -3.76440
-0.14600 -0.09147 -0.05360 0.6735 -0.4345 0.5980 1.07667 -3.77414
-0.14600 -0.08840 -0.05204 0.6735 -0.2284 0.7030 1.07042 -3.78640
-0.16800 -0.08160 -0.05204 -0.6735 0.2284 0.7030 1.07042 -3.81360
-0.16800 -0.08500 -0.05150 -0.6735 0.0000 0.7392 1.06827 -3.80000
-0.16800 -0.08840 -0.05204 -0.6735 -0.2284 0.7030 1.07042 -3.78640
-0.16800 -0.09147 -0.05360 -0.6735 -0.4345 0.5980 1.07667 -3.77414
-0.16800 -0.09390 -0.05603 -0.6735 -0.5980 0.4345 1.08640 -3.76440
-0.16800 -0.09546 -0.05910 -0.6735 -0.7030 0.2284 1.09867 -3.75815
-0.16800 -0.09600 -0.06250 -0.6735 -0.7392 0.0000 1.11227 -3.75600
-0.16800 -0.09546 -0.06590 -0.6735 -0.7030 -0.2284 1.12586 -3.75815
-0.16800 -0.09390 -0.06897 -0.6735 -0.5980 -0.4345 1.13813 -3.76440
-0.16800 -0.09147 -0.07140 -0.6735 -0.4345 -0.5980 1.14786 -3.77414
-0.16800 -0.08840 -0.07296 -0.6735 -0.2284 -0.7030 1.15411 -3.78640
-0.16800 -0.08500 -0.07350 -0.6735 0.0000 -0.7392 1.15627 -3.80000
-0.16800 -0.08160 -0.07296 -0.6735 0.2284 -0.7030 1.15411 -3.81360
-0.16800 -0.07853 -0.07140 -0.6735 0.4345 -0.5980 1.14786 -3.82586
-0.16800 -0.07610 -0.06897 -0.6735 0.5980 -0.4345 1.13813 -3.83560
-0.16800 -0.07454 -0.06590 -0.6735 0.7030 -0.2284 1.12586 -3.84185
-0.16800 -0.07400 -0.06250 -0.6735 0.7392 0.0000 1.11227 -3.84400
-0.16800 -0.07454 -0.05910 -0.6735 0.7030 0.2284 1.09867 -3.84185
-0.16800 -0.07610 -0.05603 -0.6735 0.5980 0.4345 1.08640 -3.83560
-0.16800 -0.07853 -0.05360 -0.6735 0.4345 0.5980 1.07667 -3.82586
0 2 1
0 3 2
1 5 4
1 2 5
4 7 6
4 5 7
8 10 9
8 11 10
9 13 12
9 10 13
12 15 14
12 13 15
14 17 16
14 15 17
18 20 19
18 21 20
19 23 22
19 20 23
22 25 24
22 23 25
24 27 26
24 25 27
26 29 28
26 27 29
28 31 30
28 29 31
32 34 33
32 35 34
33 37 36
33 34 37
36 39 38
36 37 39
38 41 40
38 39 41
42 44 43
42 45 44
43 47 46
43 44 47
46 3 0
46 47 3
48 50 49
50 52 51
52 54 53
54 56 55
56 58 57
58 60 59
60 62 61
62 64 63
64 66 65
66 48 67
48 52 50
52 56 54
56 60 58
60 64 62
64 48 66
48 56 52
56 64 60
56 48 64
68 70 69
70 72 71
72 74 73
74 76 75
76 78 77
78 80 79
80 82 81
82 84 83
84 86 85
86 68 87
68 72 70
72 76 74
76 80 78
80 84 82
84 68 86
68 76 72
76 84 80
76 68 84
LABEL JetCouplin_JetRed
MATERIAL 6
TEXTURE 0
GEOM 104 92
-0.15600 -0.08500 -0.04650 0.6789 0.0000 0.7343 0.62400 -3.80000
-0.15600 -0.08914 -0.04705 0.6789 -0.1900 0.7092 0.62400 -3.78344
-0.16400 -0.08914 -0.04705 -0.6789 -0.1900 0.7092 0.65600 -3.78344
-0.16400 -0.08500 -0.04650 -0.6789 0.0000 0.7342 0.65600 -3.80000
-0.15600 -0.09300 -0.04864 0.6789 -0.3671 0.6359 0.62400 -3.76800
-0.16400 -0.09300 -0.04864 -0.6789 -0.3671 0.6359 0.65600 -3.76800
-0.15600 -0.09631 -0.05119 0.6789 -0.5192 0.5192 0.62400 -3.75475
-0.16400 -0.09631 -0.05119 -0.6789 -0.5192 0.5192 0.65600 -3.75475
-0.15600 -0.09631 -0.05119 0.6789 -0.5192 0.5192 0.62400 -0.06701
-0.15600 -0.09886 -0.05450 0.6789 -0.6359 0.3671 0.62400 -0.08027
-0.16400 -0.09886 -0.05450 -0.6789 -0.6359 0.3671 0.65600 -0.08027
-0.16400 -0.09631 -0.05119 -0.6789 -0.5192 0.5192 0.65600 -0.06701
-0.15600 -0.10045 -0.05836 0.6789 -0.7092 0.1900 0.62400 -0.09570
-0.16400 -0.10045 -0.05836 -0.6789 -0.7092 0.1900 0.65600 -0.09570
-0.15600 -0.10100 -0.06250 0.6789 -0.7343 0.0000 0.62400 -0.11227
-0.16400 -0.10100 -0.06250 -0.6789 -0.7343 0.0000 0.65600 -0.11227
-0.15600 -0.10045 -0.06664 0.6789 -0.7092 -0.1900 0.62400 -0.12883
-0.16400 -0.10045 -0.06664 -0.6789 -0.7092 -0.1900 0.65600 -0.12883
-0.15600 -0.09886 -0.07050 0.6789 -0.6359 -0.3671 0.62400 -0.14427
-0.16400 -0.09886 -0.07050 -0.6789 -0.6359 -0.3671 0.65600 -0.14427
-0.15600 -0.09631 -0.07381 0.6789 -0.5192 -0.5192 0.62400 -0.15752
-0.16400 -0.09631 -0.07381 -0.6789 -0.5192 -0.5192 0.65600 -0.15752
-0.15600 -0.09631 -0.07381 0.6789 -0.5192 -0.5192 0.62400 -3.75475
-0.15600 -0.09300 -0.07636 0.6789 -0.3671 -0.6359 0.62400 -3.76800
-0.16400 -0.09300 -0.07636 -0.6789 -0.3671 -0.6359 0.65600 -3.76800
-0.16400 -0.09631 -0.07381 -0.6789 -0.5192 -0.5192 0.65600 -3.75475
-0.15600 -0.08914 -0.07795 0.6789 -0.1900 -0.7092 0.62400 -3.78344
-0.16400 -0.08914 -0.07795 -0.6789 -0.1900 -0.7092 0.65600 -3.78344
-0.15600 -0.08500 -0.07850 0.6789 0.0000 -0.7343 0.62400 -3.80000
-0.16400 -0.08500 -0.07850 -0.6789 0.0000 -0.7343 0.65600 -3.80000
-0.15600 -0.08086 -0.07795 0.6789 0.1900 -0.7092 0.62400 -3.81656
-0.16400 -0.08086 -0.07795 -0.6789 0.1900 -0.7092 0.65600 -3.81656
-0.15600 -0.07700 -0.07636 0.6789 0.3671 -0.6359 0.62400 -3.83200
-0.16400 -0.07700 -0.07636 -0.6789 0.3671 -0.6359 0.65600 -3.83200
-0.15600 -0.07369 -0.07381 0.6789 0.5192 -0.5192 0.62400 -3.84525
-0.16400 -0.07369 -0.07381 -0.6789 0.5192 -0.5192 0.65600 -3.84525
-0.15600 -0.07369 -0.07381 0.6789 0.5192 -0.5192 0.62400 -0.15752
-0.15600 -0.07114 -0.07050 0.6789 0.6359 -0.3671 0.62400 -0.14427
-0.16400 -0.07114 -0.07050 -0.6789 0.6359 -0.3671 0.65600 -0.14427
-0.16400 -0.07369 -0.07381 -0.6789 0.5192 -0.5192 0.65600 -0.15752
-0.15600 -0.06955 -0.06664 0.6789 0.7092 -0.1900 0.62400 -0.12883
-0.16400 -0.06955 -0.06664 -0.6789 0.7092 -0.1900 0.65600 -0.12883
-0.15600 -0.06900 -0.06250 0.6789 0.7343 0.0000 0.62400 -0.11227
-0.16400 -0.06900 -0.06250 -0.6789 0.7343 0.0000 0.65600 -0.11227
-0.15600 -0.06955 -0.05836 0.6789 0.7092 0.1900 0.62400 -0.09570
-0.16400 -0.06955 -0.05836 -0.6789 0.7092 0.1900 0.65600 -0.09570
-0.15600 -0.07114 -0.05450 0.6789 0.6359 0.3671 0.62400 -0.08027
-0.16400 -0.07114 -0.05450 -0.6789 0.6359 0.3671 0.65600 -0.08027
-0.15600 -0.07369 -0.05119 0.6789 0.5192 0.5192 0.62400 -0.06701
-0.16400 -0.07369 -0.05119 -0.6789 0.5192 0.5192 0.65600 -0.06701
-0.15600 -0.07369 -0.05119 0.6789 0.5192 0.5192 0.62400 -3.84525
-0.15600 -0.07700 -0.04864 0.6789 0.3671 0.6359 0.62400 -3.83200
-0.16400 -0.07700 -0.04864 -0.6789 0.3671 0.6359 0.65600 -3.83200
-0.16400 -0.07369 -0.05119 -0.6789 0.5192 0.5192 0.65600 -3.84525
-0.15600 -0.08086 -0.04705 0.6789 0.1900 0.7092 0.62400 -3.81656
-0.16400 -0.08086 -0.04705 -0.6789 0.1900 0.7092 0.65600 -3.81656
-0.15600 -0.08500 -0.04650 0.6789 0.0000 0.7343 1.04827 -3.80000
-0.15600 -0.08086 -0.04705 0.6789 0.1900 0.7092 1.05045 -3.81656
-0.15600 -0.07700 -0.04864 0.6789 0.3671 0.6359 1.05684 -3.83200
-0.15600 -0.07369 -0.05119 0.6789 0.5192 0.5192 1.06701 -3.84525
-0.15600 -0.07114 -0.05450 0.6789 0.6359 0.3671 1.08027 -3.85543
-0.15600 -0.06955 -0.05836 0.6789 0.7092 0.1900 1.09570 -3.86182
-0.15600 -0.06900 -0.06250 0.6789 0.7343 0.0000 1.11227 -3.86400
-0.15600 -0.06955 -0.06664 0.6789 0.7092 -0.1900 1.12883 -3.86182
-0.15600 -0.07114 -0.07050 0.6789 0.6359 -0.3671 1.14427 -3.85543
-0.15600 -0.07369 -0.07381 0.6789 0.5192 -0.5192 1.15752 -3.84525
-0.15600 -0.07700 -0.07636 0.6789 0.3671 -0.6359 1.16769 -3.83200
-0.15600 -0.08086 -0.07795 0.6789 0.1900 -0.7092 1.17409 -3.81656
-0.15600 -0.08500 -0.07850 0.6789 0.0000 -0.7343 1.17627 -3.80000
-0.15600 -0.08914 -0.07795 0.6789 -0.1900 -0.7092 1.17409 -3.78344
-0.15600 -0.09300 -0.07636 0.6789 -0.3671 -0.6359 1.16769 -3.76800
-0.15600 -0.09631 -0.07381 0.6789 -0.5192 -0.5192 1.15752 -3.75475
-0.15600 -0.09886 -0.07050 0.6789 -0.6359 -0.3671 1.14427 -3.74457
-0.15600 -0.10045 -0.06664 0.6789 -0.7092 -0.1900 1.12883 -3.73818
-0.15600 -0.10100 -0.06250 0.6789 -0.7343 0.0000 1.11227 -3.73600
-0.15600 -0.10045 -0.05836 0.6789 -0.7092 0.1900 1.09570 -3.73818
-0.15600 -0.09886 -0.05450 0.6789 -0.6359 0.3671 1.08027 -3.74457
-0.15600 -0.09631 -0.05119 0.6789 -0.5192 0.5192 1.06701 -3.75475
-0.15600 -0.09300 -0.04864 0.6789 -0.3671 0.6359 1.05684 -3.76800
-0.15600 -0.08914 -0.04705 0.6789 -0.1900 0.7092 1.05045 -3.78344
-0.16400 -0.08086 -0.04705 -0.6789 0.1900 0.7092 1.05045 -3.81656
-0.16400 -0.08500 -0.04650 -0.6789 0.0000 0.7342 1.04827 -3.80000
-0.16400 -0.08914 -0.04705 -0.6789 -0.1900 0.7092 1.05045 -3.78344
-0.16400 -0.09300 -0.04864 -0.6789 -0.3671 0.6359 1.05684 -3.76800
-0.16400 -0.09631 -0.05119 -0.6789 -0.5192 0.5192 1.06701 -3.75475
-0.16400 -0.09886 -0.05450 -0.6789 -0.6359 0.3671 1.08027 -3.74457
-0.16400 -0.10045 -0.05836 -0.6789 -0.7092 0.1900 1.09570 -3.73818
-0.16400 -0.10100 -0.06250 -0.6789 -0.7343 0.0000 1.11227 -3.73600
-0.16400 -0.10045 -0.06664 -0.6789 -0.7092 -0.1900 1.12883 -3.73818
-0.16400 -0.09886 -0.07050 -0.6789 -0.6359 -0.3671 1.14427 -3.74457
-0.16400 -0.09631 -0.07381 -0.6789 -0.5192 -0.5192 1.15752 -3.75475
-0.16400 -0.09300 -0.07636 -0.6789 -0.3671 -0.6359 1.16769 -3.76800
-0.16400 -0.08914 -0.07795 -0.6789 -0.1900 -0.7092 1.17409 -3.78344
-0.16400 -0.08500 -0.07850 -0.6789 0.0000 -0.7343 1.17627 -3.80000
-0.16400 -0.08086 -0.07795 -0.6789 0.1900 -0.7092 1.17409 -3.81656
-0.16400 -0.07700 -0.07636 -0.6789 0.3671 -0.6359 1.16769 -3.83200
-0.16400 -0.07369 -0.07381 -0.6789 0.5192 -0.5192 1.15752 -3.84525
-0.16400 -0.07114 -0.07050 -0.6789 0.6359 -0.3671 1.14427 -3.85543
-0.16400 -0.06955 -0.06664 -0.6789 0.7092 -0.1900 1.12883 -3.86182
-0.16400 -0.06900 -0.06250 -0.6789 0.7343 0.0000 1.11227 -3.86400
-0.16400 -0.06955 -0.05836 -0.6789 0.7092 0.1900 1.09570 -3.86182
-0.16400 -0.07114 -0.05450 -0.6789 0.6359 0.3671 1.08027 -3.85543
-0.16400 -0.07369 -0.05119 -0.6789 0.5192 0.5192 1.06701 -3.84525
-0.16400 -0.07700 -0.04864 -0.6789 0.3671 0.6359 1.05684 -3.83200
0 2 1
0 3 2
1 5 4
1 2 5
4 7 6
4 5 7
8 10 9
8 11 10
9 13 12
9 10 13
12 15 14
12 13 15
14 17 16
14 15 17
16 19 18
16 17 19
18 21 20
18 19 21
22 24 23
22 25 24
23 27 26
23 24 27
26 29 28
26 27 29
28 31 30
28 29 31
30 33 32
30 31 33
32 35 34
32 33 35
36 38 37
36 39 38
37 41 40
37 38 41
40 43 42
40 41 43
42 45 44
42 43 45
44 47 46
44 45 47
46 49 48
46 47 49
50 52 51
50 53 52
51 55 54
51 52 55
54 3 0
54 55 3
56 58 57
58 60 59
60 62 61
62 64 63
64 66 65
66 68 67
68 70 69
70 72 71
72 74 73
74 76 75
76 78 77
78 56 79
56 60 58
60 64 62
64 68 66
68 72 70
72 76 74
76 56 78
56 64 60
64 72 68
72 56 76
64 56 72
80 82 81
82 84 83
84 86 85
86 88 87
88 90 89
90 92 91
92 94 93
94 96 95
96 98 97
98 100 99
100 102 101
102 80 103
80 84 82
84 88 86
88 92 90
92 96 94
96 100 98
100 80 102
80 88 84
88 96 92
96 80 100
88 80 96
LABEL JetCouplin_JetDark
MATERIAL 7
TEXTURE 0
GEOM 88 76
-0.16700 -0.08500 -0.05400 0.6735 0.0000 0.7392 0.66800 -3.80000
-0.16700 -0.08763 -0.05442 0.6735 -0.2284 0.7030 0.66800 -3.78949
-0.17100 -0.08763 -0.05442 -0.6735 -0.2284 0.7030 0.68400 -3.78949
-0.17100 -0.08500 -0.05400 -0.6735 0.0000 0.7392 0.68400 -3.80000
-0.16700 -0.09000 -0.05562 0.6735 -0.4345 0.5980 0.66800 -3.78001
-0.17100 -0.09000 -0.05562 -0.6735 -0.4345 0.5980 0.68400 -3.78001
-0.16700 -0.09000 -0.05562 0.6735 -0.4345 0.5980 0.66800 -0.08476
-0.16700 -0.09188 -0.05750 0.6735 -0.5980 0.4345 0.66800 -0.09228
-0.17100 -0.09188 -0.05750 -0.6735 -0.5980 0.4345 0.68400 -0.09228
-0.17100 -0.09000 -0.05562 -0.6735 -0.4345 0.5980 0.68400 -0.08476
-0.16700 -0.09308 -0.05987 0.6735 -0.7030 0.2284 0.66800 -0.10176
-0.17100 -0.09308 -0.05987 -0.6735 -0.7030 0.2284 0.68400 -0.10176
-0.16700 -0.09350 -0.06250 0.6735 -0.7392 0.0000 0.66800 -0.11227
-0.17100 -0.09350 -0.06250 -0.6735 -0.7392 0.0000 0.68400 -0.11227
-0.16700 -0.09308 -0.06513 0.6735 -0.7030 -0.2284 0.66800 -0.12277
-0.17100 -0.09308 -0.06513 -0.6735 -0.7030 -0.2284 0.68400 -0.12277
-0.16700 -0.09188 -0.06750 0.6735 -0.5980 -0.4345 0.66800 -0.13225
-0.17100 -0.09188 -0.06750 -0.6735 -0.5980 -0.4345 0.68400 -0.13225
-0.16700 -0.09000 -0.06938 0.6735 -0.4345 -0.5980 0.66800 -0.13977
-0.17100 -0.09000 -0.06938 -0.6735 -0.4345 -0.5980 0.68400 -0.13977
-0.16700 -0.09000 -0.06938 0.6735 -0.4345 -0.5980 0.66800 -3.78001
-0.16700 -0.08763 -0.07058 0.6735 -0.2284 -0.7030 0.66800 -3.78949
-0.17100 -0.08763 -0.07058 -0.6735 -0.2284 -0.7030 0.68400 -3.78949
-0.17100 -0.09000 -0.06938 -0.6735 -0.4345 -0.5980 0.68400 -3.78001
-0.16700 -0.08500 -0.07100 0.6735 0.0000 -0.7392 0.66800 -3.80000
-0.17100 -0.08500 -0.07100 -0.6735 0.0000 -0.7392 0.68400 -3.80000
-0.16700 -0.08237 -0.07058 0.6735 0.2284 -0.7030 0.66800 -3.81051
-0.17100 -0.08237 -0.07058 -0.6735 0.2284 -0.7030 0.68400 -3.81051
-0.16700 -0.08000 -0.06938 0.6735 0.4345 -0.5980 0.66800 -3.81998
-0.17100 -0.08000 -0.06938 -0.6735 0.4345 -0.5980 0.68400 -3.81998
-0.16700 -0.08000 -0.06938 0.6735 0.4345 -0.5980 0.66800 -0.13977
-0.16700 -0.07812 -0.06750 0.6735 0.5980 -0.4345 0.66800 -0.13225
-0.17100 -0.07812 -0.06750 -0.6735 0.5980 -0.4345 0.68400 -0.13225
-0.17100 -0.08000 -0.06938 -0.6735 0.4345 -0.5980 0.68400 -0.13977
-0.16700 -0.07692 -0.06513 0.6735 0.7030 -0.2284 0.66800 -0.12277
-0.17100 -0.07692 -0.06513 -0.6735 0.7030 -0.2284 0.68400 -0.12277
-0.16700 -0.07650 -0.06250 0.6735 0.7392 0.0000 0.66800 -0.11227
-0.17100 -0.07650 -0.06250 -0.6735 0.7392 0.0000 0.68400 -0.11227
-0.16700 -0.07692 -0.05987 0.6735 0.7030 0.2284 0.66800 -0.10176
-0.17100 -0.07692 -0.05987 -0.6735 0.7030 0.2284 0.68400 -0.10176
-0.16700 -0.07812 -0.05750 0.6735 0.5980 0.4345 0.66800 -0.09228
-0.17100 -0.07812 -0.05750 -0.6735 0.5980 0.4345 0.68400 -0.09228
-0.16700 -0.08000 -0.05562 0.6735 0.4345 0.5980 0.66800 -0.08476
-0.17100 -0.08000 -0.05562 -0.6735 0.4345 0.5980 0.68400 -0.08476
-0.16700 -0.08000 -0.05562 0.6735 0.4345 0.5980 0.66800 -3.81998
-0.16700 -0.08237 -0.05442 0.6735 0.2284 0.7030 0.66800 -3.81051
-0.17100 -0.08237 -0.05442 -0.6735 0.2284 0.7030 0.68400 -3.81051
-0.17100 -0.08000 -0.05562 -0.6735 0.4345 0.5980 0.68400 -3.81998
-0.16700 -0.08500 -0.05400 0.6735 0.0000 0.7392 1.07827 -3.80000
-0.16700 -0.08237 -0.05442 0.6735 0.2284 0.7030 1.07993 -3.81051
-0.16700 -0.08000 -0.05562 0.6735 0.4345 0.5980 1.08476 -3.81998
-0.16700 -0.07812 -0.05750 0.6735 0.5980 0.4345 1.09228 -3.82751
-0.16700 -0.07692 -0.05987 0.6735 0.7030 0.2284 1.10176 -3.83234
-0.16700 -0.07650 -0.06250 0.6735 0.7392 0.0000 1.11227 -3.83400
-0.16700 -0.07692 -0.06513 0.6735 0.7030 -0.2284 1.12277 -3.83234
-0.16700 -0.07812 -0.06750 0.6735 0.5980 -0.4345 1.13225 -3.82751
-0.16700 -0.08000 -0.06938 0.6735 0.4345 -0.5980 1.13977 -3.81998
-0.16700 -0.08237 -0.07058 0.6735 0.2284 -0.7030 1.14460 -3.81051
-0.16700 -0.08500 -0.07100 0.6735 0.0000 -0.7392 1.14627 -3.80000
-0.16700 -0.08763 -0.07058 0.6735 -0.2284 -0.7030 1.14460 -3.78949
-0.16700 -0.09000 -0.06938 0.6735 -0.4345 -0.5980 1.13977 -3.78001
-0.16700 -0.09188 -0.06750 0.6735 -0.5980 -0.4345 1.13225 -3.77249
-0.16700 -0.09308 -0.06513 0.6735 -0.7030 -0.2284 1.12277 -3.76766
-0.16700 -0.09350 -0.06250 0.6735 -0.7392 0.0000 1.11227 -3.76600
-0.16700 -0.09308 -0.05987 0.6735 -0.7030 0.2284 1.10176 -3.76766
-0.16700 -0.09188 -0.05750 0.6735 -0.5980 0.4345 1.09228 -3.77249
-0.16700 -0.09000 -0.05562 0.6735 -0.4345 0.5980 1.08476 -3.78001
-0.16700 -0.08763 -0.05442 0.6735 -0.2284 0.7030 1.07993 -3.78949
-0.17100 -0.08237 -0.05442 -0.6735 0.2284 0.7030 1.07993 -3.81051
-0.17100 -0.08500 -0.05400 -0.6735 0.0000 0.7392 1.07827 -3.80000
-0.17100 -0.08763 -0.05442 -0.6735 -0.2284 0.7030 1.07993 -3.78949
-0.17100 -0.09000 -0.05562 -0.6735 -0.4345 0.5980 1.08476 -3.78001
-0.17100 -0.09188 -0.05750 -0.6735 -0.5980 0.4345 1.09228 -3.77249
-0.17100 -0.09308 -0.05987 -0.6735 -0.7030 0.2284 1.10176 -3.76766
-0.17100 -0.09350 -0.06250 -0.6735 -0.7392 0.0000 1.11227 -3.76600
-0.17100 -0.09308 -0.06513 -0.6735 -0.7030 -0.2284 1.12277 -3.76766
-0.17100 -0.09188 -0.06750 -0.6735 -0.5980 -0.4345 1.13225 -3.77249
-0.17100 -0.09000 -0.06938 -0.6735 -0.4345 -0.5980 1.13977 -3.78001
-0.17100 -0.08763 -0.07058 -0.6735 -0.2284 -0.7030 1.14460 -3.78949
-0.17100 -0.08500 -0.07100 -0.6735 0.0000 -0.7392 1.14627 -3.80000
-0.17100 -0.08237 -0.07058 -0.6735 0.2284 -0.7030 1.14460 -3.81051
-0.17100 -0.08000 -0.06938 -0.6735 0.4345 -0.5980 1.13977 -3.81998
-0.17100 -0.07812 -0.06750 -0.6735 0.5980 -0.4345 1.13225 -3.82751
-0.17100 -0.07692 -0.06513 -0.6735 0.7030 -0.2284 1.12277 -3.83234
-0.17100 -0.07650 -0.06250 -0.6735 0.7392 0.0000 1.11227 -3.83400
-0.17100 -0.07692 -0.05987 -0.6735 0.7030 0.2284 1.10176 -3.83234
-0.17100 -0.07812 -0.05750 -0.6735 0.5980 0.4345 1.09228 -3.82751
-0.17100 -0.08000 -0.05562 -0.6735 0.4345 0.5980 1.08476 -3.81998
0 2 1
0 3 2
1 5 4
1 2 5
6 8 7
6 9 8
7 11 10
7 8 11
10 13 12
10 11 13
12 15 14
12 13 15
14 17 16
14 15 17
16 19 18
16 17 19
20 22 21
20 23 22
21 25 24
21 22 25
24 27 26
24 25 27
26 29 28
26 27 29
30 32 31
30 33 32
31 35 34
31 32 35
34 37 36
34 35 37
36 39 38
36 37 39
38 41 40
38 39 41
40 43 42
40 41 43
44 46 45
44 47 46
45 3 0
45 46 3
48 50 49
50 52 51
52 54 53
54 56 55
56 58 57
58 60 59
60 62 61
62 64 63
64 66 65
66 48 67
48 52 50
52 56 54
56 60 58
60 64 62
64 48 66
48 56 52
56 64 60
56 48 64
68 70 69
70 72 71
72 74 73
74 76 75
76 78 77
78 80 79
80 82 81
82 84 83
84 86 85
86 68 87
68 72 70
72 76 74
76 80 78
80 84 82
84 68 86
68 76 72
76 84 80
76 68 84
LABEL JetHingeL_JetSeam
MATERIAL 8
TEXTURE 0
GEOM 88 76
0.20400 0.15700 0.01300 0.0000 -0.6735 -0.7392 -0.81600 -4.76800
0.20400 0.21300 0.01300 0.0000 0.6735 -0.7392 -0.81600 -4.99200
0.19875 0.21300 0.01383 -0.2284 0.6735 -0.7030 -0.79499 -4.99200
0.19875 0.15700 0.01383 -0.2284 -0.6735 -0.7030 -0.79499 -4.76800
0.19401 0.21300 0.01625 -0.4345 0.6735 -0.5980 -0.77603 -4.99200
0.19401 0.15700 0.01625 -0.4345 -0.6735 -0.5980 -0.77603 -4.76800
0.19401 0.15700 0.01625 -0.4345 -0.6735 -0.5980 0.79728 -4.76800
0.19401 0.21300 0.01625 -0.4345 0.6735 -0.5980 0.79728 -4.99200
0.19025 0.21300 0.02001 -0.5980 0.6735 -0.4345 0.78224 -4.99200
0.19025 0.15700 0.02001 -0.5980 -0.6735 -0.4345 0.78224 -4.76800
0.18783 0.21300 0.02475 -0.7030 0.6735 -0.2284 0.76328 -4.99200
0.18783 0.15700 0.02475 -0.7030 -0.6735 -0.2284 0.76328 -4.76800
0.18700 0.21300 0.03000 -0.7392 0.6735 0.0000 0.74227 -4.99200
0.18700 0.15700 0.03000 -0.7392 -0.6735 0.0000 0.74227 -4.76800
0.18783 0.21300 0.03525 -0.7030 0.6735 0.2284 0.72125 -4.99200
0.18783 0.15700 0.03525 -0.7030 -0.6735 0.2284 0.72125 -4.76800
0.19025 0.21300 0.03999 -0.5980 0.6735 0.4345 0.70230 -4.99200
0.19025 0.15700 0.03999 -0.5980 -0.6735 0.4345 0.70230 -4.76800
0.19401 0.21300 0.04375 -0.4345 0.6735 0.5980 0.68725 -4.99200
0.19401 0.15700 0.04375 -0.4345 -0.6735 0.5980 0.68725 -4.76800
0.19401 0.15700 0.04375 -0.4345 -0.6735 0.5980 -0.77603 -4.76800
0.19401 0.21300 0.04375 -0.4345 0.6735 0.5980 -0.77603 -4.99200
0.19875 0.21300 0.04617 -0.2284 0.6735 0.7030 -0.79499 -4.99200
0.19875 0.15700 0.04617 -0.2284 -0.6735 0.7030 -0.79499 -4.76800
0.20400 0.21300 0.04700 0.0000 0.6735 0.7392 -0.81600 -4.99200
0.20400 0.15700 0.04700 0.0000 -0.6735 0.7392 -0.81600 -4.76800
0.20925 0.21300 0.04617 0.2284 0.6735 0.7030 -0.83701 -4.99200
0.20925 0.15700 0.04617 0.2284 -0.6735 0.7030 -0.83701 -4.76800
0.21399 0.21300 0.04375 0.4345 0.6735 0.5980 -0.85597 -4.99200
0.21399 0.15700 0.04375 0.4345 -0.6735 0.5980 -0.85597 -4.76800
0.21399 0.15700 0.04375 0.4345 -0.6735 0.5980 0.68725 -4.76800
0.21399 0.21300 0.04375 0.4345 0.6735 0.5980 0.68725 -4.99200
0.21775 0.21300 0.03999 0.5980 0.6735 0.4345 0.70230 -4.99200
0.21775 0.15700 0.03999 0.5980 -0.6735 0.4345 0.70230 -4.76800
0.22017 0.21300 0.03525 0.7030 0.6735 0.2284 0.72125 -4.99200
0.22017 0.15700 0.03525 0.7030 -0.6735 0.2284 0.72125 -4.76800
0.22100 0.21300 0.03000 0.7392 0.6735 0.0000 0.74227 -4.99200
0.22100 0.15700 0.03000 0.7392 -0.6735 0.0000 0.74227 -4.76800
0.22017 0.21300 0.02475 0.7030 0.6735 -0.2284 0.76328 -4.99200
0.22017 0.15700 0.02475 0.7030 -0.6735 -0.2284 0.76328 -4.76800
0.21775 0.21300 0.02001 0.5980 0.6735 -0.4345 0.78224 -4.99200
0.21775 0.15700 0.02001 0.5980 -0.6735 -0.4345 0.78224 -4.76800
0.21399 0.21300 0.01625 0.4345 0.6735 -0.5980 0.79728 -4.99200
0.21399 0.15700 0.01625 0.4345 -0.6735 -0.5980 0.79728 -4.76800
0.19401 0.21300 0.01625 -0.4345 0.6735 -0.5980 -0.77603 0.20272
0.19875 0.21300 0.01383 -0.2284 0.6735 -0.7030 -0.79499 0.19306
0.20400 0.21300 0.01300 0.0000 0.6735 -0.7392 -0.81600 0.18973
0.20925 0.21300 0.01383 0.2284 0.6735 -0.7030 -0.83701 0.19306
0.21399 0.21300 0.01625 0.4345 0.6735 -0.5980 -0.85597 0.20272
0.21775 0.21300 0.02001 0.5980 0.6735 -0.4345 -0.87101 0.21776
0.22017 0.21300 0.02475 0.7030 0.6735 -0.2284 -0.88067 0.23672
0.22100 0.21300 0.03000 0.7392 0.6735 0.0000 -0.88400 0.25773
0.22017 0.21300 0.03525 0.7030 0.6735 0.2284 -0.88067 0.27875
0.21775 0.21300 0.03999 0.5980 0.6735 0.4345 -0.87101 0.29770
0.21399 0.21300 0.04375 0.4345 0.6735 0.5980 -0.85597 0.31275
0.20925 0.21300 0.04617 0.2284 0.6735 0.7030 -0.83701 0.32241
0.20400 0.21300 0.04700 0.0000 0.6735 0.7392 -0.81600 0.32573
0.19875 0.21300 0.04617 -0.2284 0.6735 0.7030 -0.79499 0.32241
0.19401 0.21300 0.04375 -0.4345 0.6735 0.5980 -0.77603 0.31275
0.19025 0.21300 0.03999 -0.5980 0.6735 0.4345 -0.76099 0.29770
0.18783 0.21300 0.03525 -0.7030 0.6735 0.2284 -0.75133 0.27875
0.18700 0.21300 0.03000 -0.7392 0.6735 0.0000 -0.74800 0.25773
0.18783 0.21300 0.02475 -0.7030 0.6735 -0.2284 -0.75133 0.23672
0.19025 0.21300 0.02001 -0.5980 0.6735 -0.4345 -0.76099 0.21776
0.21399 0.15700 0.01625 0.4345 -0.6735 -0.5980 -0.85597 -4.76800
0.21399 0.21300 0.01625 0.4345 0.6735 -0.5980 -0.85597 -4.99200
0.20925 0.21300 0.01383 0.2284 0.6735 -0.7030 -0.83701 -4.99200
0.20925 0.15700 0.01383 0.2284 -0.6735 -0.7030 -0.83701 -4.76800
0.20925 0.15700 0.01383 0.2284 -0.6735 -0.7030 -0.83701 0.19306
0.20400 0.15700 0.01300 0.0000 -0.6735 -0.7392 -0.81600 0.18973
0.19875 0.15700 0.01383 -0.2284 -0.6735 -0.7030 -0.79499 0.19306
0.19401 0.15700 0.01625 -0.4345 -0.6735 -0.5980 -0.77603 0.20272
0.19025 0.15700 0.02001 -0.5980 -0.6735 -0.4345 -0.76099 0.21776
0.18783 0.15700 0.02475 -0.7030 -0.6735 -0.2284 -0.75133 0.23672
0.18700 0.15700 0.03000 -0.7392 -0.6735 0.0000 -0.74800 0.25773
0.18783 0.15700 0.03525 -0.7030 -0.6735 0.2284 -0.75133 0.27875
0.19025 0.15700 0.03999 -0.5980 -0.6735 0.4345 -0.76099 0.29770
0.19401 0.15700 0.04375 -0.4345 -0.6735 0.5980 -0.77603 0.31275
0.19875 0.15700 0.04617 -0.2284 -0.6735 0.7030 -0.79499 0.32241
0.20400 0.15700 0.04700 0.0000 -0.6735 0.7392 -0.81600 0.32573
0.20925 0.15700 0.04617 0.2284 -0.6735 0.7030 -0.83701 0.32241
0.21399 0.15700 0.04375 0.4345 -0.6735 0.5980 -0.85597 0.31275
0.21775 0.15700 0.03999 0.5980 -0.6735 0.4345 -0.87101 0.29770
0.22017 0.15700 0.03525 0.7030 -0.6735 0.2284 -0.88067 0.27875
0.22100 0.15700 0.03000 0.7392 -0.6735 0.0000 -0.88400 0.25773
0.22017 0.15700 0.02475 0.7030 -0.6735 -0.2284 -0.88067 0.23672
0.21775 0.15700 0.02001 0.5980 -0.6735 -0.4345 -0.87101 0.21776
0.21399 0.15700 0.01625 0.4345 -0.6735 -0.5980 -0.85597 0.20272
0 2 1
0 3 2
3 4 2
3 5 4
6 8 7
6 9 8
9 10 8
9 11 10
11 12 10
11 13 12
13 14 12
13 15 14
15 16 14
15 17 16
17 18 16
17 19 18
20 22 21
20 23 22
23 24 22
23 25 24
25 26 24
25 27 26
27 28 26
27 29 28
30 32 31
30 33 32
33 34 32
33 35 34
35 36 34
35 37 36
37 38 36
37 39 38
39 40 38
39 41 40
41 42 40
41 43 42
44 46 45
46 48 47
48 50 49
50 52 51
52 54 53
54 56 55
56 58 57
58 60 59
60 62 61
62 44 63
44 48 46
48 52 50
52 56 54
56 60 58
60 44 62
44 52 48
52 60 56
52 44 60
64 66 65
64 67 66
67 1 66
67 0 1
68 70 69
70 72 71
72 74 73
74 76 75
76 78 77
78 80 79
80 82 81
82 84 83
84 86 85
86 68 87
68 72 70
72 76 74
76 80 78
80 84 82
84 68 86
68 76 72
76 84 80
76 68 84
LABEL JetHingeL_JetRed
MATERIAL 9
TEXTURE 0
GEOM 88 76
0.21517 0.15400 0.04537 0.4345 -0.6735 0.5980 0.68078 -4.75600
0.21517 0.15900 0.04537 0.4345 0.6735 0.5980 0.68078 -4.77600
0.21937 0.15900 0.04117 0.5980 0.6735 0.4345 0.69760 -4.77600
0.21937 0.15400 0.04117 0.5980 -0.6735 0.4345 0.69760 -4.75600
0.18500 0.15400 0.03000 -0.7392 -0.6735 0.0000 0.74227 -4.75600
0.18500 0.15900 0.03000 -0.7392 0.6735 0.0000 0.74227 -4.77600
0.18593 0.15900 0.03587 -0.7030 0.6735 0.2284 0.71878 -4.77600
0.18593 0.15400 0.03587 -0.7030 -0.6735 0.2284 0.71878 -4.75600
0.20987 0.15400 0.04807 0.2284 -0.6735 0.7030 -0.83949 -4.75600
0.20987 0.15900 0.04807 0.2284 0.6735 0.7030 -0.83949 -4.77600
0.21517 0.15900 0.04537 0.4345 0.6735 0.5980 -0.86067 -4.77600
0.21517 0.15400 0.04537 0.4345 -0.6735 0.5980 -0.86067 -4.75600
0.18593 0.15400 0.02413 -0.7030 -0.6735 -0.2284 0.76575 -4.75600
0.18593 0.15900 0.02413 -0.7030 0.6735 -0.2284 0.76575 -4.77600
0.20400 0.15400 0.04900 0.0000 -0.6735 0.7392 -0.81600 -4.75600
0.20400 0.15900 0.04900 -0.0000 0.6735 0.7392 -0.81600 -4.77600
0.18863 0.15400 0.01883 -0.5980 -0.6735 -0.4345 0.78694 -4.75600
0.18863 0.15900 0.01883 -0.5980 0.6735 -0.4345 0.78694 -4.77600
0.19813 0.15400 0.04807 -0.2284 -0.6735 0.7030 -0.79251 -4.75600
0.19813 0.15900 0.04807 -0.2284 0.6735 0.7030 -0.79251 -4.77600
0.19283 0.15400 0.01463 -0.4345 -0.6735 -0.5980 0.80375 -4.75600
0.19283 0.15900 0.01463 -0.4345 0.6735 -0.5980 0.80375 -4.77600
0.19283 0.15400 0.04537 -0.4345 -0.6735 0.5980 -0.77133 -4.75600
0.19283 0.15900 0.04537 -0.4345 0.6735 0.5980 -0.77133 -4.77600
0.19813 0.15400 0.01193 -0.2284 -0.6735 -0.7030 -0.79251 -4.75600
0.19813 0.15900 0.01193 -0.2284 0.6735 -0.7030 -0.79251 -4.77600
0.19283 0.15900 0.01463 -0.4345 0.6735 -0.5980 -0.77133 -4.77600
0.19283 0.15400 0.01463 -0.4345 -0.6735 -0.5980 -0.77133 -4.75600
0.18863 0.15400 0.04117 -0.5980 -0.6735 0.4345 0.69760 -4.75600
0.18863 0.15900 0.04117 -0.5980 0.6735 0.4345 0.69760 -4.77600
0.19283 0.15900 0.04537 -0.4345 0.6735 0.5980 0.68078 -4.77600
0.19283 0.15400 0.04537 -0.4345 -0.6735 0.5980 0.68078 -4.75600
0.20400 0.15400 0.01100 0.0000 -0.6735 -0.7392 -0.81600 -4.75600
0.20400 0.15900 0.01100 -0.0000 0.6735 -0.7392 -0.81600 -4.77600
0.22207 0.15900 0.03587 0.7030 0.6735 0.2284 0.71878 -4.77600
0.22207 0.15400 0.03587 0.7030 -0.6735 0.2284 0.71878 -4.75600
0.22300 0.15900 0.03000 0.7392 0.6735 0.0000 0.74227 -4.77600
0.22300 0.15400 0.03000 0.7392 -0.6735 0.0000 0.74227 -4.75600
0.22207 0.15900 0.02413 0.7030 0.6735 -0.2284 0.76575 -4.77600
0.22207 0.15400 0.02413 0.7030 -0.6735 -0.2284 0.76575 -4.75600
0.21937 0.15900 0.01883 0.5980 0.6735 -0.4345 0.78694 -4.77600
0.21937 0.15400 0.01883 0.5980 -0.6735 -0.4345 0.78694 -4.75600
0.21517 0.15900 0.01463 0.4345 0.6735 -0.5980 0.80375 -4.77600
0.21517 0.15400 0.01463 0.4345 -0.6735 -0.5980 0.80375 -4.75600
0.18500 0.15400 0.03000 -0.7392 -0.6735 0.0000 -0.74000 0.25773
0.18593 0.15400 0.03587 -0.7030 -0.6735 0.2284 -0.74372 0.28122
0.18863 0.15400 0.04117 -0.5980 -0.6735 0.4345 -0.75451 0.30240
0.19283 0.15400 0.04537 -0.4345 -0.6735 0.5980 -0.77133 0.31922
0.19813 0.15400 0.04807 -0.2284 -0.6735 0.7030 -0.79251 0.33001
0.20400 0.15400 0.04900 0.0000 -0.6735 0.7392 -0.81600 0.33373
0.20987 0.15400 0.04807 0.2284 -0.6735 0.7030 -0.83949 0.33001
0.21517 0.15400 0.04537 0.4345 -0.6735 0.5980 -0.86067 0.31922
0.21937 0.15400 0.04117 0.5980 -0.6735 0.4345 -0.87749 0.30240
0.22207 0.15400 0.03587 0.7030 -0.6735 0.2284 -0.88828 0.28122
0.22300 0.15400 0.03000 0.7392 -0.6735 0.0000 -0.89200 0.25773
0.22207 0.15400 0.02413 0.7030 -0.6735 -0.2284 -0.88828 0.23425
0.21937 0.15400 0.01883 0.5980 -0.6735 -0.4345 -0.87749 0.21306
0.21517 0.15400 0.01463 0.4345 -0.6735 -0.5980 -0.86067 0.19625
0.20987 0.15400 0.01193 0.2284 -0.6735 -0.7030 -0.83949 0.18545
0.20400 0.15400 0.01100 0.0000 -0.6735 -0.7392 -0.81600 0.18173
0.19813 0.15400 0.01193 -0.2284 -0.6735 -0.7030 -0.79251 0.18545
0.19283 0.15400 0.01463 -0.4345 -0.6735 -0.5980 -0.77133 0.19625
0.18863 0.15400 0.01883 -0.5980 -0.6735 -0.4345 -0.75451 0.21306
0.18593 0.15400 0.02413 -0.7030 -0.6735 -0.2284 -0.74372 0.23425
0.21517 0.15400 0.01463 0.4345 -0.6735 -0.5980 -0.86067 -4.75600
0.21517 0.15900 0.01463 0.4345 0.6735 -0.5980 -0.86067 -4.77600
0.20987 0.15900 0.01193 0.2284 0.6735 -0.7030 -0.83949 -4.77600
0.20987 0.15400 0.01193 0.2284 -0.6735 -0.7030 -0.83949 -4.75600
0.22207 0.15900 0.03587 0.7030 0.6735 0.2284 -0.88828 0.28122
0.21937 0.15900 0.04117 0.5980 0.6735 0.4345 -0.87749 0.30240
0.21517 0.15900 0.04537 0.4345 0.6735 0.5980 -0.86067 0.31922
0.20987 0.15900 0.04807 0.2284 0.6735 0.7030 -0.83949 0.33001
0.20400 0.15900 0.04900 -0.0000 0.6735 0.7392 -0.81600 0.33373
0.19813 0.15900 0.04807 -0.2284 0.6735 0.7030 -0.79251 0.33001
0.19283 0.15900 0.04537 -0.4345 0.6735 0.5980 -0.77133 0.31922
0.18863 0.15900 0.04117 -0.5980 0.6735 0.4345 -0.75451 0.30240
0.18593 0.15900 0.03587 -0.7030 0.6735 0.2284 -0.74372 0.28122
0.18500 0.15900 0.03000 -0.7392 0.6735 0.0000 -0.74000 0.25773
0.18593 0.15900 0.02413 -0.7030 0.6735 -0.2284 -0.74372 0.23425
0.18863 0.15900 0.01883 -0.5980 0.6735 -0.4345 -0.75451 0.21306
0.19283 0.15900 0.01463 -0.4345 0.6735 -0.5980 -0.77133 0.19625
0.19813 0.15900 0.01193 -0.2284 0.6735 -0.7030 -0.79251 0.18545
0.20400 0.15900 0.01100 -0.0000 0.6735 -0.7392 -0.81600 0.18173
0.20987 0.15900 0.01193 0.2284 0.6735 -0.7030 -0.83949 0.18545
0.21517 0.15900 0.01463 0.4345 0.6735 -0.5980 -0.86067 0.19625
0.21937 0.15900 0.01883 0.5980 0.6735 -0.4345 -0.87749 0.21306
0.22207 0.15900 0.02413 0.7030 0.6735 -0.2284 -0.88828 0.23425
0.22300 0.15900 0.03000 0.7392 0.6735 0.0000 -0.89200 0.25773
0 2 1
0 3 2
4 6 5
4 7 6
8 10 9
8 11 10
12 5 13
12 4 5
14 9 15
14 8 9
16 13 17
16 12 13
18 15 19
18 14 15
20 17 21
20 16 17
22 19 23
22 18 19
24 26 25
24 27 26
28 30 29
28 31 30
32 25 33
32 24 25
7 29 6
7 28 29
3 34 2
3 35 34
35 36 34
35 37 36
37 38 36
37 39 38
39 40 38
39 41 40
41 42 40
41 43 42
44 46 45
46 48 47
48 50 49
50 52 51
52 54 53
54 56 55
56 58 57
58 60 59
60 62 61
62 44 63
44 48 46
48 52 50
52 56 54
56 60 58
60 44 62
44 52 48
52 60 56
52 44 60
64 66 65
64 67 66
67 33 66
67 32 33
68 70 69
70 72 71
72 74 73
74 76 75
76 78 77
78 80 79
80 82 81
82 84 83
84 86 85
86 68 87
68 72 70
72 76 74
76 80 78
80 84 82
84 68 86
68 76 72
76 84 80
76 68 84
LABEL JetHingeR_JetSeam
MATERIAL 10
TEXTURE 0
GEOM 88 76
-0.20400 0.15700 0.01300 0.0000 -0.6735 -0.7392 0.81600 -4.76800
-0.20400 0.21300 0.01300 0.0000 0.6735 -0.7392 0.81600 -4.99200
-0.20925 0.21300 0.01383 -0.2284 0.6735 -0.7030 0.83701 -4.99200
-0.20925 0.15700 0.01383 -0.2284 -0.6735 -0.7030 0.83701 -4.76800
-0.21399 0.21300 0.01625 -0.4345 0.6735 -0.5980 0.85597 -4.99200
-0.21399 0.15700 0.01625 -0.4345 -0.6735 -0.5980 0.85597 -4.76800
-0.21399 0.15700 0.01625 -0.4345 -0.6735 -0.5980 0.79728 -4.76800
-0.21399 0.21300 0.01625 -0.4345 0.6735 -0.5980 0.79728 -4.99200
-0.21775 0.21300 0.02001 -0.5980 0.6735 -0.4345 0.78224 -4.99200
-0.21775 0.15700 0.02001 -0.5980 -0.6735 -0.4345 0.78224 -4.76800
-0.22017 0.21300 0.02475 -0.7030 0.6735 -0.2284 0.76328 -4.99200
-0.22017 0.15700 0.02475 -0.7030 -0.6735 -0.2284 0.76328 -4.76800
-0.22100 0.21300 0.03000 -0.7392 0.6735 0.0000 0.74227 -4.99200
-0.22100 0.15700 0.03000 -0.7392 -0.6735 0.0000 0.74227 -4.76800
-0.22017 0.21300 0.03525 -0.7030 0.6735 0.2284 0.72125 -4.99200
-0.22017 0.15700 0.03525 -0.7030 -0.6735 0.2284 0.72125 -4.76800
-0.21775 0.21300 0.03999 -0.5980 0.6735 0.4345 0.70230 -4.99200
-0.21775 0.15700 0.03999 -0.5980 -0.6735 0.4345 0.70230 -4.76800
-0.21399 0.21300 0.04375 -0.4345 0.6735 0.5980 0.68725 -4.99200
-0.21399 0.15700 0.04375 -0.4345 -0.6735 0.5980 0.68725 -4.76800
-0.21399 0.15700 0.04375 -0.4345 -0.6735 0.5980 0.85597 -4.76800
-0.21399 0.21300 0.04375 -0.4345 0.6735 0.5980 0.85597 -4.99200
-0.20925 0.21300 0.04617 -0.2284 0.6735 0.7030 0.83701 -4.99200
-0.20925 0.15700 0.04617 -0.2284 -0.6735 0.7030 0.83701 -4.76800
-0.20400 0.21300 0.04700 0.0000 0.6735 0.7392 0.81600 -4.99200
-0.20400 0.15700 0.04700 0.0000 -0.6735 0.7392 0.81600 -4.76800
-0.19875 0.21300 0.04617 0.2284 0.6735 0.7030 0.79499 -4.99200
-0.19875 0.15700 0.04617 0.2284 -0.6735 0.7030 0.79499 -4.76800
-0.19401 0.21300 0.04375 0.4345 0.6735 0.5980 0.77603 -4.99200
-0.19401 0.15700 0.04375 0.4345 -0.6735 0.5980 0.77603 -4.76800
-0.19401 0.15700 0.04375 0.4345 -0.6735 0.5980 0.68725 -4.76800
-0.19401 0.21300 0.04375 0.4345 0.6735 0.5980 0.68725 -4.99200
-0.19025 0.21300 0.03999 0.5980 0.6735 0.4345 0.70230 -4.99200
-0.19025 0.15700 0.03999 0.5980 -0.6735 0.4345 0.70230 -4.76800
-0.18783 0.21300 0.03525 0.7030 0.6735 0.2284 0.72125 -4.99200
-0.18783 0.15700 0.03525 0.7030 -0.6735 0.2284 0.72125 -4.76800
-0.18700 0.21300 0.03000 0.7392 0.6735 0.0000 0.74227 -4.99200
-0.18700 0.15700 0.03000 0.7392 -0.6735 0.0000 0.74227 -4.76800
-0.18783 0.21300 0.02475 0.7030 0.6735 -0.2284 0.76328 -4.99200
-0.18783 0.15700 0.02475 0.7030 -0.6735 -0.2284 0.76328 -4.76800
-0.19025 0.21300 0.02001 0.5980 0.6735 -0.4345 0.78224 -4.99200
-0.19025 0.15700 0.02001 0.5980 -0.6735 -0.4345 0.78224 -4.76800
-0.19401 0.21300 0.01625 0.4345 0.6735 -0.5980 0.79728 -4.99200
-0.19401 0.15700 0.01625 0.4345 -0.6735 -0.5980 0.79728 -4.76800
-0.21399 0.21300 0.01625 -0.4345 0.6735 -0.5980 0.85597 0.20272
-0.20925 0.21300 0.01383 -0.2284 0.6735 -0.7030 0.83701 0.19306
-0.20400 0.21300 0.01300 0.0000 0.6735 -0.7392 0.81600 0.18973
-0.19875 0.21300 0.01383 0.2284 0.6735 -0.7030 0.79499 0.19306
-0.19401 0.21300 0.01625 0.4345 0.6735 -0.5980 0.77603 0.20272
-0.19025 0.21300 0.02001 0.5980 0.6735 -0.4345 0.76099 0.21776
-0.18783 0.21300 0.02475 0.7030 0.6735 -0.2284 0.75133 0.23672
-0.18700 0.21300 0.03000 0.7392 0.6735 0.0000 0.74800 0.25773
-0.18783 0.21300 0.03525 0.7030 0.6735 0.2284 0.75133 0.27875
-0.19025 0.21300 0.03999 0.5980 0.6735 0.4345 0.76099 0.29770
-0.19401 0.21300 0.04375 0.4345 0.6735 0.5980 0.77603 0.31275
-0.19875 0.21300 0.04617 0.2284 0.6735 0.7030 0.79499 0.32241
-0.20400 0.21300 0.04700 0.0000 0.6735 0.7392 0.81600 0.32573
-0.20925 0.21300 0.04617 -0.2284 0.6735 0.7030 0.83701 0.32241
-0.21399 0.21300 0.04375 -0.4345 0.6735 0.5980 0.85597 0.31275
-0.21775 0.21300 0.03999 -0.5980 0.6735 0.4345 0.87101 0.29770
-0.22017 0.21300 0.03525 -0.7030 0.6735 0.2284 0.88067 0.27875
-0.22100 0.21300 0.03000 -0.7392 0.6735 0.0000 0.88400 0.25773
-0.22017 0.21300 0.02475 -0.7030 0.6735 -0.2284 0.88067 0.23672
-0.21775 0.21300 0.02001 -0.5980 0.6735 -0.4345 0.87101 0.21776
-0.19401 0.15700 0.01625 0.4345 -0.6735 -0.5980 0.77603 -4.76800
-0.19401 0.21300 0.01625 0.4345 0.6735 -0.5980 0.77603 -4.99200
-0.19875 0.21300 0.01383 0.2284 0.6735 -0.7030 0.79499 -4.99200
-0.19875 0.15700 0.01383 0.2284 -0.6735 -0.7030 0.79499 -4.76800
-0.19875 0.15700 0.01383 0.2284 -0.6735 -0.7030 0.79499 0.19306
-0.20400 0.15700 0.01300 0.0000 -0.6735 -0.7392 0.81600 0.18973
-0.20925 0.15700 0.01383 -0.2284 -0.6735 -0.7030 0.83701 0.19306
-0.21399 0.15700 0.01625 -0.4345 -0.6735 -0.5980 0.85597 0.20272
-0.21775 0.15700 0.02001 -0.5980 -0.6735 -0.4345 0.87101 0.21776
-0.22017 0.15700 0.02475 -0.7030 -0.6735 -0.2284 0.88067 0.23672
-0.22100 0.15700 0.03000 -0.7392 -0.6735 0.0000 0.88400 0.25773
-0.22017 0.15700 0.03525 -0.7030 -0.6735 0.2284 0.88067 0.27875
-0.21775 0.15700 0.03999 -0.5980 -0.6735 0.4345 0.87101 0.29770
-0.21399 0.15700 0.04375 -0.4345 -0.6735 0.5980 0.85597 0.31275
-0.20925 0.15700 0.04617 -0.2284 -0.6735 0.7030 0.83701 0.32241
-0.20400 0.15700 0.04700 0.0000 -0.6735 0.7392 0.81600 0.32573
-0.19875 0.15700 0.04617 0.2284 -0.6735 0.7030 0.79499 0.32241
-0.19401 0.15700 0.04375 0.4345 -0.6735 0.5980 0.77603 0.31275
-0.19025 0.15700 0.03999 0.5980 -0.6735 0.4345 0.76099 0.29770
-0.18783 0.15700 0.03525 0.7030 -0.6735 0.2284 0.75133 0.27875
-0.18700 0.15700 0.03000 0.7392 -0.6735 0.0000 0.74800 0.25773
-0.18783 0.15700 0.02475 0.7030 -0.6735 -0.2284 0.75133 0.23672
-0.19025 0.15700 0.02001 0.5980 -0.6735 -0.4345 0.76099 0.21776
-0.19401 0.15700 0.01625 0.4345 -0.6735 -0.5980 0.77603 0.20272
0 2 1
0 3 2
3 4 2
3 5 4
6 8 7
6 9 8
9 10 8
9 11 10
11 12 10
11 13 12
13 14 12
13 15 14
15 16 14
15 17 16
17 18 16
17 19 18
20 22 21
20 23 22
23 24 22
23 25 24
25 26 24
25 27 26
27 28 26
27 29 28
30 32 31
30 33 32
33 34 32
33 35 34
35 36 34
35 37 36
37 38 36
37 39 38
39 40 38
39 41 40
41 42 40
41 43 42
44 46 45
46 48 47
48 50 49
50 52 51
52 54 53
54 56 55
56 58 57
58 60 59
60 62 61
62 44 63
44 48 46
48 52 50
52 56 54
56 60 58
60 44 62
44 52 48
52 60 56
52 44 60
64 66 65
64 67 66
67 1 66
67 0 1
68 70 69
70 72 71
72 74 73
74 76 75
76 78 77
78 80 79
80 82 81
82 84 83
84 86 85
86 68 87
68 72 70
72 76 74
76 80 78
80 84 82
84 68 86
68 76 72
76 84 80
76 68 84
LABEL JetHingeR_JetRed
MATERIAL 11
TEXTURE 0
GEOM 88 76
-0.19283 0.15400 0.04537 0.4345 -0.6735 0.5980 0.68078 -4.75600
-0.19283 0.15900 0.04537 0.4345 0.6735 0.5980 0.68078 -4.77600
-0.18863 0.15900 0.04117 0.5980 0.6735 0.4345 0.69760 -4.77600
-0.18863 0.15400 0.04117 0.5980 -0.6735 0.4345 0.69760 -4.75600
-0.22300 0.15400 0.03000 -0.7392 -0.6735 0.0000 0.74227 -4.75600
-0.22300 0.15900 0.03000 -0.7392 0.6735 0.0000 0.74227 -4.77600
-0.22207 0.15900 0.03587 -0.7030 0.6735 0.2284 0.71878 -4.77600
-0.22207 0.15400 0.03587 -0.7030 -0.6735 0.2284 0.71878 -4.75600
-0.19813 0.15400 0.04807 0.2284 -0.6735 0.7030 0.79251 -4.75600
-0.19813 0.15900 0.04807 0.2284 0.6735 0.7030 0.79251 -4.77600
-0.19283 0.15900 0.04537 0.4345 0.6735 0.5980 0.77133 -4.77600
-0.19283 0.15400 0.04537 0.4345 -0.6735 0.5980 0.77133 -4.75600
-0.22207 0.15400 0.02413 -0.7030 -0.6735 -0.2284 0.76575 -4.75600
-0.22207 0.15900 0.02413 -0.7030 0.6735 -0.2284 0.76575 -4.77600
-0.20400 0.15400 0.04900 -0.0000 -0.6735 0.7392 0.81600 -4.75600
-0.20400 0.15900 0.04900 -0.0000 0.6735 0.7392 0.81600 -4.77600
-0.21937 0.15400 0.01883 -0.5980 -0.6735 -0.4345 0.78694 -4.75600
-0.21937 0.15900 0.01883 -0.5980 0.6735 -0.4345 0.78694 -4.77600
-0.20987 0.15400 0.04807 -0.2284 -0.6735 0.7030 0.83949 -4.75600
-0.20987 0.15900 0.04807 -0.2284 0.6735 0.7030 0.83949 -4.77600
-0.21517 0.15400 0.01463 -0.4345 -0.6735 -0.5980 0.80375 -4.75600
-0.21517 0.15900 0.01463 -0.4345 0.6735 -0.5980 0.80375 -4.77600
-0.21517 0.15400 0.04537 -0.4345 -0.6735 0.5980 0.86067 -4.75600
-0.21517 0.15900 0.04537 -0.4345 0.6735 0.5980 0.86067 -4.77600
-0.20987 0.15400 0.01193 -0.2284 -0.6735 -0.7030 0.83949 -4.75600
-0.20987 0.15900 0.01193 -0.2284 0.6735 -0.7030 0.83949 -4.77600
-0.21517 0.15900 0.01463 -0.4345 0.6735 -0.5980 0.86067 -4.77600
-0.21517 0.15400 0.01463 -0.4345 -0.6735 -0.5980 0.86067 -4.75600
-0.21937 0.15400 0.04117 -0.5980 -0.6735 0.4345 0.69760 -4.75600
-0.21937 0.15900 0.04117 -0.5980 0.6735 0.4345 0.69760 -4.77600
-0.21517 0.15900 0.04537 -0.4345 0.6735 0.5980 0.68078 -4.77600
-0.21517 0.15400 0.04537 -0.4345 -0.6735 0.5980 0.68078 -4.75600
-0.20400 0.15400 0.01100 -0.0000 -0.6735 -0.7392 0.81600 -4.75600
-0.20400 0.15900 0.01100 -0.0000 0.6735 -0.7392 0.81600 -4.77600
-0.18593 0.15900 0.03587 0.7030 0.6735 0.2284 0.71878 -4.77600
-0.18593 0.15400 0.03587 0.7030 -0.6735 0.2284 0.71878 -4.75600
-0.18500 0.15900 0.03000 0.7392 0.6735 0.0000 0.74227 -4.77600
-0.18500 0.15400 0.03000 0.7392 -0.6735 0.0000 0.74227 -4.75600
-0.18593 0.15900 0.02413 0.7030 0.6735 -0.2284 0.76575 -4.77600
-0.18593 0.15400 0.02413 0.7030 -0.6735 -0.2284 0.76575 -4.75600
-0.18863 0.15900 0.01883 0.5980 0.6735 -0.4345 0.78694 -4.77600
-0.18863 0.15400 0.01883 0.5980 -0.6735 -0.4345 0.78694 -4.75600
-0.19283 0.15900 0.01463 0.4345 0.6735 -0.5980 0.80375 -4.77600
-0.19283 0.15400 0.01463 0.4345 -0.6735 -0.5980 0.80375 -4.75600
-0.22300 0.15400 0.03000 -0.7392 -0.6735 0.0000 0.89200 0.25773
-0.22207 0.15400 0.03587 -0.7030 -0.6735 0.2284 0.88828 0.28122
-0.21937 0.15400 0.04117 -0.5980 -0.6735 0.4345 0.87749 0.30240
-0.21517 0.15400 0.04537 -0.4345 -0.6735 0.5980 0.86067 0.31922
-0.20987 0.15400 0.04807 -0.2284 -0.6735 0.7030 0.83949 0.33001
-0.20400 0.15400 0.04900 -0.0000 -0.6735 0.7392 0.81600 0.33373
-0.19813 0.15400 0.04807 0.2284 -0.6735 0.7030 0.79251 0.33001
-0.19283 0.15400 0.04537 0.4345 -0.6735 0.5980 0.77133 0.31922
-0.18863 0.15400 0.04117 0.5980 -0.6735 0.4345 0.75451 0.30240
-0.18593 0.15400 0.03587 0.7030 -0.6735 0.2284 0.74372 0.28122
-0.18500 0.15400 0.03000 0.7392 -0.6735 0.0000 0.74000 0.25773
-0.18593 0.15400 0.02413 0.7030 -0.6735 -0.2284 0.74372 0.23425
-0.18863 0.15400 0.01883 0.5980 -0.6735 -0.4345 0.75451 0.21306
-0.19283 0.15400 0.01463 0.4345 -0.6735 -0.5980 0.77133 0.19625
-0.19813 0.15400 0.01193 0.2284 -0.6735 -0.7030 0.79251 0.18545
-0.20400 0.15400 0.01100 -0.0000 -0.6735 -0.7392 0.81600 0.18173
-0.20987 0.15400 0.01193 -0.2284 -0.6735 -0.7030 0.83949 0.18545
-0.21517 0.15400 0.01463 -0.4345 -0.6735 -0.5980 0.86067 0.19625
-0.21937 0.15400 0.01883 -0.5980 -0.6735 -0.4345 0.87749 0.21306
-0.22207 0.15400 0.02413 -0.7030 -0.6735 -0.2284 0.88828 0.23425
-0.19283 0.15400 0.01463 0.4345 -0.6735 -0.5980 0.77133 -4.75600
-0.19283 0.15900 0.01463 0.4345 0.6735 -0.5980 0.77133 -4.77600
-0.19813 0.15900 0.01193 0.2284 0.6735 -0.7030 0.79251 -4.77600
-0.19813 0.15400 0.01193 0.2284 -0.6735 -0.7030 0.79251 -4.75600
-0.18593 0.15900 0.03587 0.7030 0.6735 0.2284 0.74372 0.28122
-0.18863 0.15900 0.04117 0.5980 0.6735 0.4345 0.75451 0.30240
-0.19283 0.15900 0.04537 0.4345 0.6735 0.5980 0.77133 0.31922
-0.19813 0.15900 0.04807 0.2284 0.6735 0.7030 0.79251 0.33001
-0.20400 0.15900 0.04900 -0.0000 0.6735 0.7392 0.81600 0.33373
-0.20987 0.15900 0.04807 -0.2284 0.6735 0.7030 0.83949 0.33001
-0.21517 0.15900 0.04537 -0.4345 0.6735 0.5980 0.86067 0.31922
-0.21937 0.15900 0.04117 -0.5980 0.6735 0.4345 0.87749 0.30240
-0.22207 0.15900 0.03587 -0.7030 0.6735 0.2284 0.88828 0.28122
-0.22300 0.15900 0.03000 -0.7392 0.6735 0.0000 0.89200 0.25773
-0.22207 0.15900 0.02413 -0.7030 0.6735 -0.2284 0.88828 0.23425
-0.21937 0.15900 0.01883 -0.5980 0.6735 -0.4345 0.87749 0.21306
-0.21517 0.15900 0.01463 -0.4345 0.6735 -0.5980 0.86067 0.19625
-0.20987 0.15900 0.01193 -0.2284 0.6735 -0.7030 0.83949 0.18545
-0.20400 0.15900 0.01100 -0.0000 0.6735 -0.7392 0.81600 0.18173
-0.19813 0.15900 0.01193 0.2284 0.6735 -0.7030 0.79251 0.18545
-0.19283 0.15900 0.01463 0.4345 0.6735 -0.5980 0.77133 0.19625
-0.18863 0.15900 0.01883 0.5980 0.6735 -0.4345 0.75451 0.21306
-0.18593 0.15900 0.02413 0.7030 0.6735 -0.2284 0.74372 0.23425
-0.18500 0.15900 0.03000 0.7392 0.6735 0.0000 0.74000 0.25773
0 2 1
0 3 2
4 6 5
4 7 6
8 10 9
8 11 10
12 5 13
12 4 5
14 9 15
14 8 9
16 13 17
16 12 13
18 15 19
18 14 15
20 17 21
20 16 17
22 19 23
22 18 19
24 26 25
24 27 26
28 30 29
28 31 30
32 25 33
32 24 25
7 29 6
7 28 29
3 34 2
3 35 34
35 36 34
35 37 36
37 38 36
37 39 38
39 40 38
39 41 40
41 42 40
41 43 42
44 46 45
46 48 47
48 50 49
50 52 51
52 54 53
54 56 55
56 58 57
58 60 59
60 62 61
62 44 63
44 48 46
48 52 50
52 56 54
56 60 58
60 44 62
44 52 48
52 60 56
52 44 60
64 66 65
64 67 66
67 33 66
67 32 33
68 70 69
70 72 71
72 74 73
74 76 75
76 78 77
78 80 79
80 82 81
82 84 83
84 86 85
86 68 87
68 72 70
72 76 74
76 80 78
80 84 82
84 68 86
68 76 72
76 84 80
76 68 84
LABEL JetMark
MATERIAL 12
TEXTURE 0
GEOM 1769 1388
0.07085 0.06200 -0.10900 0.0000 0.0173 -0.9999 0.01485 1.00000
0.07834 0.06200 -0.10900 0.0000 0.0173 -0.9999 0.00495 1.00000
0.07129 0.06200 -0.10900 0.0000 0.0173 -0.9999 0.00990 1.00000
0.07085 0.06200 -0.10900 0.0000 0.0000 -1.0000 0.01485 1.00000
0.07500 0.05858 -0.10900 0.0000 0.0000 -1.0000 1.00000 1.00000
0.07834 0.06200 -0.10900 0.0000 0.0000 -1.0000 0.00495 1.00000
0.07834 0.04178 -0.10900 0.0000 0.0000 -1.0000 0.00000 1.00000
0.07043 0.06199 -0.10900 0.0000 0.0000 -1.0000 0.01980 1.00000
0.07003 0.06197 -0.10900 0.0000 0.0000 -1.0000 0.02475 1.00000
0.06966 0.06194 -0.10900 0.0000 0.0002 -1.0000 0.02970 1.00000
0.06930 0.06191 -0.10900 0.0000 0.0000 -1.0000 0.03465 1.00000
0.06897 0.06187 -0.10900 0.0000 0.0000 -1.0000 0.03960 1.00000
0.06866 0.06182 -0.10900 0.0000 0.0000 -1.0000 0.04455 1.00000
0.06837 0.06176 -0.10900 0.0000 0.0000 -1.0000 0.04950 1.00000
0.06810 0.06170 -0.10900 0.0000 0.0000 -1.0000 0.05446 1.00000
0.06785 0.06163 -0.10900 0.0000 0.0000 -1.0000 0.05941 1.00000
0.06763 0.06155 -0.10900 0.0000 0.0000 -1.0000 0.06436 1.00000
0.06742 0.06146 -0.10900 0.0000 0.0000 -1.0000 0.06931 1.00000
0.06723 0.06136 -0.10900 0.0000 0.0004 -1.0000 0.07426 1.00000
0.06705 0.06125 -0.10900 0.0000 -0.0003 -1.0000 0.07921 1.00000
0.06687 0.06114 -0.10900 0.0000 0.0003 -1.0000 0.08416 1.00000
0.06670 0.06101 -0.10900 0.0000 0.0000 -1.0000 0.08911 1.00000
0.06653 0.06087 -0.10900 0.0000 0.0000 -1.0000 0.09406 1.00000
0.06637 0.06071 -0.10900 0.0000 -0.0003 -1.0000 0.09901 1.00000
0.06621 0.06055 -0.10900 0.0000 0.0000 -1.0000 0.10396 1.00000
0.06606 0.06038 -0.10900 0.0000 0.0000 -1.0000 0.10891 1.00000
0.06592 0.06019 -0.10900 0.0000 0.0000 -1.0000 0.11386 1.00000
0.06578 0.05999 -0.10900 0.0000 -0.0002 -1.0000 0.11881 1.00000
0.06565 0.05979 -0.10900 0.0000 0.0000 -1.0000 0.12376 1.00000
0.06552 0.05957 -0.10900 0.0000 0.0002 -1.0000 0.12871 1.00000
0.06540 0.05934 -0.10900 0.0000 -0.0002 -1.0000 0.13366 1.00000
0.06529 0.05910 -0.10900 0.0000 0.0002 -1.0000 0.13861 1.00000
0.06519 0.05886 -0.10900 0.0000 0.0000 -1.0000 0.14356 1.00000
0.06511 0.05861 -0.10900 0.0000 -0.0002 -1.0000 0.14851 1.00000
0.06503 0.05835 -0.10900 0.0000 -0.0002 -1.0000 0.15347 1.00000
0.07108 0.05856 -0.10900 0.0000 -0.0002 -1.0000 0.97525 1.00000
0.07136 0.05857 -0.10900 0.0000 0.0000 -1.0000 0.98020 1.00000
0.07168 0.05858 -0.10900 0.0000 0.0000 -1.0000 0.98515 1.00000
0.07201 0.05858 -0.10900 0.0000 0.0000 -1.0000 0.99010 1.00000
0.07238 0.05858 -0.10900 0.0000 0.0000 -1.0000 0.99505 1.00000
0.07500 0.05345 -0.10900 0.0000 0.0000 -1.0000 0.63366 1.00000
0.07081 0.05856 -0.10900 0.0000 0.0000 -1.0000 0.97030 1.00000
0.06503 0.05835 -0.10900 0.0000 0.0077 -1.0000 0.15347 1.00000
0.07057 0.05854 -0.10900 0.0000 0.0077 -1.0000 0.96535 1.00000
0.07081 0.05856 -0.10900 0.0000 0.0077 -1.0000 0.97030 1.00000
0.06503 0.05835 -0.10900 0.0000 0.0016 -1.0000 0.15347 1.00000
0.07036 0.05853 -0.10900 0.0000 0.0016 -1.0000 0.96040 1.00000
0.07057 0.05854 -0.10900 0.0000 0.0016 -1.0000 0.96535 1.00000
0.06503 0.05835 -0.10900 0.0000 -0.0006 -1.0000 0.15347 1.00000
0.07017 0.05851 -0.10900 0.0000 -0.0006 -1.0000 0.95545 1.00000
0.07036 0.05853 -0.10900 0.0000 -0.0006 -1.0000 0.96040 1.00000
0.06503 0.05835 -0.10900 0.0000 -0.0018 -1.0000 0.15347 1.00000
0.07000 0.05850 -0.10900 0.0000 -0.0018 -1.0000 0.95050 1.00000
0.07017 0.05851 -0.10900 0.0000 -0.0018 -1.0000 0.95545 1.00000
0.06986 0.05848 -0.10900 0.0000 0.0004 -1.0000 0.94554 1.00000
0.07000 0.05850 -0.10900 0.0000 0.0004 -1.0000 0.95050 1.00000
0.06975 0.05845 -0.10900 0.0000 -0.0007 -1.0000 0.94059 1.00000
0.06986 0.05848 -0.10900 0.0000 -0.0007 -1.0000 0.94554 1.00000
0.06503 0.05835 -0.10900 0.0000 0.0008 -1.0000 0.15347 1.00000
0.06966 0.05843 -0.10900 0.0000 0.0008 -1.0000 0.93564 1.00000
0.06975 0.05845 -0.10900 0.0000 0.0008 -1.0000 0.94059 1.00000
0.06955 0.05839 -0.10900 0.0000 0.0006 -1.0000 0.93069 1.00000
0.06945 0.05835 -0.10900 0.0000 -0.0003 -1.0000 0.92574 1.00000
0.06955 0.05839 -0.10900 0.0000 -0.0003 -1.0000 0.93069 1.00000
0.06496 0.05809 -0.10900 0.0000 0.0000 -1.0000 0.15842 1.00000
0.06934 0.05830 -0.10900 0.0000 0.0000 -1.0000 0.92079 1.00000
0.06925 0.05824 -0.10900 0.0000 0.0001 -1.0000 0.91584 1.00000
0.06496 0.05809 -0.10900 0.0000 -0.0006 -1.0000 0.15842 1.00000
0.06915 0.05818 -0.10900 0.0000 -0.0006 -1.0000 0.91089 1.00000
0.06925 0.05824 -0.10900 0.0000 -0.0006 -1.0000 0.91584 1.00000
0.06907 0.05812 -0.10900 0.0000 0.0003 -1.0000 0.90594 1.00000
0.06915 0.05818 -0.10900 0.0000 0.0003 -1.0000 0.91089 1.00000
0.06898 0.05805 -0.10900 0.0000 0.0004 -1.0000 0.90099 1.00000
0.06490 0.05782 -0.10900 0.0000 0.0000 -1.0000 0.16337 1.00000
0.06890 0.05797 -0.10900 0.0000 -0.0002 -1.0000 0.89604 1.00000
0.06882 0.05789 -0.10900 0.0000 -0.0002 -1.0000 0.89109 1.00000
0.06875 0.05781 -0.10900 0.0000 0.0000 -1.0000 0.88614 1.00000
0.06486 0.05754 -0.10900 0.0000 0.0000 -1.0000 0.16832 1.00000
0.06868 0.05772 -0.10900 0.0000 0.0001 -1.0000 0.88119 1.00000
0.06861 0.05762 -0.10900 0.0000 0.0003 -1.0000 0.87624 1.00000
0.06855 0.05752 -0.10900 0.0000 -0.0002 -1.0000 0.87129 1.00000
0.06482 0.05725 -0.10900 0.0000 0.0000 -1.0000 0.17327 1.00000
0.06849 0.05742 -0.10900 0.0000 -0.0001 -1.0000 0.86634 1.00000
0.06844 0.05731 -0.10900 0.0000 -0.0001 -1.0000 0.86139 1.00000
0.06840 0.05719 -0.10900 0.0000 -0.0001 -1.0000 0.85644 1.00000
0.06479 0.05696 -0.10900 0.0000 0.0002 -1.0000 0.17822 1.00000
0.06835 0.05707 -0.10900 0.0000 0.0000 -1.0000 0.85149 1.00000
0.06832 0.05694 -0.10900 0.0000 -0.0000 -1.0000 0.84653 1.00000
0.06478 0.05666 -0.10900 0.0000 -0.0002 -1.0000 0.18317 1.00000
0.06829 0.05681 -0.10900 0.0000 -0.0000 -1.0000 0.84158 1.00000
0.06827 0.05667 -0.10900 0.0000 -0.0000 -1.0000 0.83663 1.00000
0.06825 0.05653 -0.10900 0.0000 0.0004 -1.0000 0.83168 1.00000
0.06477 0.05635 -0.10900 0.0000 -0.0002 -1.0000 0.18812 1.00000
0.06823 0.05638 -0.10900 0.0000 0.0000 -1.0000 0.82673 1.00000
0.06823 0.05623 -0.10900 0.0000 0.0000 -1.0000 0.82178 1.00000
0.06478 0.05596 -0.10900 0.0000 0.0000 -1.0000 0.19307 1.00000
0.06822 0.05607 -0.10900 0.0000 0.0000 -1.0000 0.81683 1.00000
0.06823 0.05591 -0.10900 0.0000 0.0001 -1.0000 0.81188 1.00000
0.06481 0.05558 -0.10900 0.0000 -0.0002 -1.0000 0.19802 1.00000
0.06823 0.05575 -0.10900 0.0000 -0.0000 -1.0000 0.80693 1.00000
0.06825 0.05559 -0.10900 0.0000 0.0004 -1.0000 0.80198 1.00000
0.06827 0.05544 -0.10900 0.0000 -0.0004 -1.0000 0.79703 1.00000
0.06485 0.05522 -0.10900 0.0000 0.0002 -1.0000 0.20297 1.00000
0.06829 0.05530 -0.10900 0.0000 -0.0004 -1.0000 0.79208 1.00000
0.06832 0.05516 -0.10900 0.0000 0.0000 -1.0000 0.78713 1.00000
0.06490 0.05487 -0.10900 0.0000 0.0002 -1.0000 0.20792 1.00000
0.06835 0.05503 -0.10900 0.0000 0.0000 -1.0000 0.78218 1.00000
0.06840 0.05491 -0.10900 0.0000 -0.0000 -1.0000 0.77723 1.00000
0.06844 0.05478 -0.10900 0.0000 0.0001 -1.0000 0.77228 1.00000
0.06497 0.05453 -0.10900 0.0000 -0.0002 -1.0000 0.21287 1.00000
0.06849 0.05467 -0.10900 0.0000 0.0001 -1.0000 0.76733 1.00000
0.06855 0.05456 -0.10900 0.0000 0.0001 -1.0000 0.76238 1.00000
0.06861 0.05446 -0.10900 0.0000 0.0001 -1.0000 0.75743 1.00000
0.06506 0.05420 -0.10900 0.0000 0.0000 -1.0000 0.21782 1.00000
0.06868 0.05436 -0.10900 0.0000 -0.0000 -1.0000 0.75248 1.00000
0.06875 0.05426 -0.10900 0.0000 -0.0004 -1.0000 0.74752 1.00000
0.06882 0.05418 -0.10900 0.0000 -0.0000 -1.0000 0.74257 1.00000
0.06516 0.05389 -0.10900 0.0000 0.0000 -1.0000 0.22277 1.00000
0.06516 0.05389 -0.10900 0.0000 0.0005 -1.0000 0.22277 1.00000
0.06889 0.05410 -0.10900 0.0000 0.0005 -1.0000 0.73762 1.00000
0.06882 0.05418 -0.10900 0.0000 0.0005 -1.0000 0.74257 1.00000
0.06516 0.05389 -0.10900 0.0000 -0.0006 -1.0000 0.22277 1.00000
0.06897 0.05402 -0.10900 0.0000 -0.0006 -1.0000 0.73267 1.00000
0.06889 0.05410 -0.10900 0.0000 -0.0006 -1.0000 0.73762 1.00000
0.06905 0.05395 -0.10900 0.0000 0.0006 -1.0000 0.72772 1.00000
0.06897 0.05402 -0.10900 0.0000 0.0006 -1.0000 0.73267 1.00000
0.06914 0.05389 -0.10900 0.0000 -0.0006 -1.0000 0.72277 1.00000
0.06905 0.05395 -0.10900 0.0000 -0.0006 -1.0000 0.72772 1.00000
0.06528 0.05359 -0.10900 0.0000 0.0002 -1.0000 0.22772 1.00000
0.06914 0.05389 -0.10900 0.0000 0.0002 -1.0000 0.72277 1.00000
0.06923 0.05383 -0.10900 0.0000 0.0000 -1.0000 0.71782 1.00000
0.06932 0.05377 -0.10900 0.0000 -0.0004 -1.0000 0.71287 1.00000
0.06942 0.05373 -0.10900 0.0000 0.0001 -1.0000 0.70792 1.00000
0.06952 0.05369 -0.10900 0.0000 -0.0002 -1.0000 0.70297 1.00000
0.06962 0.05365 -0.10900 0.0000 0.0005 -1.0000 0.69802 1.00000
0.06528 0.05359 -0.10900 0.0000 -0.0006 -1.0000 0.22772 1.00000
0.06973 0.05362 -0.10900 0.0000 -0.0006 -1.0000 0.69307 1.00000
0.06962 0.05365 -0.10900 0.0000 -0.0006 -1.0000 0.69802 1.00000
0.06528 0.05359 -0.10900 0.0000 0.0007 -1.0000 0.22772 1.00000
0.06987 0.05359 -0.10900 0.0000 0.0007 -1.0000 0.68812 1.00000
0.06973 0.05362 -0.10900 0.0000 0.0007 -1.0000 0.69307 1.00000
0.06541 0.05331 -0.10900 0.0000 0.0000 -1.0000 0.23267 1.00000
0.06987 0.05359 -0.10900 0.0000 0.0000 -1.0000 0.68812 1.00000
0.06541 0.05331 -0.10900 0.0000 -0.0008 -1.0000 0.23267 1.00000
0.07003 0.05356 -0.10900 0.0000 -0.0008 -1.0000 0.68317 1.00000
0.06987 0.05359 -0.10900 0.0000 -0.0008 -1.0000 0.68812 1.00000
0.07022 0.05354 -0.10900 0.0000 0.0003 -1.0000 0.67822 1.00000
0.07003 0.05356 -0.10900 0.0000 0.0003 -1.0000 0.68317 1.00000
0.07042 0.05352 -0.10900 0.0000 0.0003 -1.0000 0.67327 1.00000
0.07065 0.05350 -0.10900 0.0000 0.0000 -1.0000 0.66832 1.00000
0.07090 0.05348 -0.10900 0.0000 0.0000 -1.0000 0.66337 1.00000
0.07118 0.05347 -0.10900 0.0000 -0.0004 -1.0000 0.65842 1.00000
0.06541 0.05331 -0.10900 0.0000 0.0018 -1.0000 0.23267 1.00000
0.07148 0.05346 -0.10900 0.0000 0.0018 -1.0000 0.65347 1.00000
0.07118 0.05347 -0.10900 0.0000 0.0018 -1.0000 0.65842 1.00000
0.07180 0.05345 -0.10900 0.0000 -0.0009 -1.0000 0.64851 1.00000
0.07148 0.05346 -0.10900 0.0000 -0.0009 -1.0000 0.65347 1.00000
0.07215 0.05345 -0.10900 0.0000 -0.0011 -1.0000 0.64356 1.00000
0.06541 0.05331 -0.10900 0.0000 0.0014 -1.0000 0.23267 1.00000
0.07251 0.05345 -0.10900 0.0000 0.0014 -1.0000 0.63861 1.00000
0.07215 0.05345 -0.10900 0.0000 0.0014 -1.0000 0.64356 1.00000
0.07500 0.05345 -0.10900 0.0000 -0.0007 -1.0000 0.63366 1.00000
0.07251 0.05345 -0.10900 0.0000 -0.0007 -1.0000 0.63861 1.00000
0.07500 0.05022 -0.10900 0.0000 0.0000 -1.0000 0.62376 1.00000
0.06556 0.05303 -0.10900 0.0000 0.0000 -1.0000 0.23762 1.00000
0.06573 0.05277 -0.10900 0.0000 0.0000 -1.0000 0.24257 1.00000
0.06591 0.05252 -0.10900 0.0000 -0.0003 -1.0000 0.24752 1.00000
0.06611 0.05229 -0.10900 0.0000 0.0003 -1.0000 0.25248 1.00000
0.06632 0.05207 -0.10900 0.0000 0.0000 -1.0000 0.25743 1.00000
0.06654 0.05187 -0.10900 0.0000 0.0000 -1.0000 0.26238 1.00000
0.06678 0.05168 -0.10900 0.0000 0.0000 -1.0000 0.26733 1.00000
0.06703 0.05150 -0.10900 0.0000 0.0004 -1.0000 0.27228 1.00000
0.06729 0.05134 -0.10900 0.0000 0.0000 -1.0000 0.27723 1.00000
0.06757 0.05120 -0.10900 0.0000 0.0000 -1.0000 0.28218 1.00000
0.06786 0.05107 -0.10900 0.0000 -0.0007 -1.0000 0.28713 1.00000
0.07500 0.05022 -0.10900 0.0000 -0.0007 -1.0000 0.62376 1.00000
0.06757 0.05120 -0.10900 0.0000 -0.0007 -1.0000 0.28218 1.00000
0.06816 0.05096 -0.10900 0.0000 0.0008 -1.0000 0.29208 1.00000
0.07500 0.05022 -0.10900 0.0000 0.0008 -1.0000 0.62376 1.00000
0.06786 0.05107 -0.10900 0.0000 0.0008 -1.0000 0.28713 1.00000
0.06848 0.05086 -0.10900 0.0000 0.0000 -1.0000 0.29703 1.00000
0.06816 0.05096 -0.10900 0.0000 0.0000 -1.0000 0.29208 1.00000
0.06881 0.05077 -0.10900 0.0000 0.0000 -1.0000 0.30198 1.00000
0.06915 0.05070 -0.10900 0.0000 0.0000 -1.0000 0.30693 1.00000
0.06897 0.05057 -0.10900 0.0000 0.0003 -1.0000 0.31188 1.00000
0.06880 0.05044 -0.10900 0.0000 -0.0005 -1.0000 0.31683 1.00000
0.06897 0.05057 -0.10900 0.0000 -0.0005 -1.0000 0.31188 1.00000
0.06863 0.05031 -0.10900 0.0000 0.0000 -1.0000 0.32178 1.00000
0.06880 0.05044 -0.10900 0.0000 0.0000 -1.0000 0.31683 1.00000
0.06847 0.05017 -0.10900 0.0000 0.0000 -1.0000 0.32673 1.00000
0.07431 0.05022 -0.10900 0.0000 0.0000 -1.0000 0.61881 1.00000
0.06847 0.05017 -0.10900 0.0000 -0.1428 -0.9898 0.32673 1.00000
0.07412 0.05022 -0.10900 0.0000 -0.1428 -0.9898 0.61386 1.00000
0.07431 0.05022 -0.10900 0.0000 -0.1428 -0.9898 0.61881 1.00000
0.07500 0.04178 -0.10900 0.0000 0.0000 -1.0000 0.62871 1.00000
0.06847 0.05017 -0.10900 0.0000 -0.0027 -1.0000 0.32673 1.00000
0.07394 0.05021 -0.10900 0.0000 -0.0027 -1.0000 0.60891 1.00000
0.07412 0.05022 -0.10900 0.0000 -0.0027 -1.0000 0.61386 1.00000
0.06847 0.05017 -0.10900 0.0000 0.0012 -1.0000 0.32673 1.00000
0.07377 0.05021 -0.10900 0.0000 0.0012 -1.0000 0.60396 1.00000
0.07394 0.05021 -0.10900 0.0000 0.0012 -1.0000 0.60891 1.00000
0.06847 0.05017 -0.10900 0.0000 -0.0018 -1.0000 0.32673 1.00000
0.07361 0.05019 -0.10900 0.0000 -0.0018 -1.0000 0.59901 1.00000
0.07377 0.05021 -0.10900 0.0000 -0.0018 -1.0000 0.60396 1.00000
0.07345 0.05018 -0.10900 0.0000 0.0000 -1.0000 0.59406 1.00000
0.07361 0.05019 -0.10900 0.0000 0.0000 -1.0000 0.59901 1.00000
0.06847 0.05017 -0.10900 0.0000 0.0018 -1.0000 0.32673 1.00000
0.07331 0.05016 -0.10900 0.0000 0.0018 -1.0000 0.58911 1.00000
0.07345 0.05018 -0.10900 0.0000 0.0018 -1.0000 0.59406 1.00000
0.06832 0.05003 -0.10900 0.0000 0.0000 -1.0000 0.33168 1.00000
0.07331 0.05016 -0.10900 0.0000 0.0000 -1.0000 0.58911 1.00000
0.07317 0.05014 -0.10900 0.0000 0.0002 -1.0000 0.58416 1.00000
0.06832 0.05003 -0.10900 0.0000 -0.0012 -1.0000 0.33168 1.00000
0.07305 0.05012 -0.10900 0.0000 -0.0012 -1.0000 0.57921 1.00000
0.07317 0.05014 -0.10900 0.0000 -0.0012 -1.0000 0.58416 1.00000
0.07293 0.05009 -0.10900 0.0000 -0.0002 -1.0000 0.57426 1.00000
0.07305 0.05012 -0.10900 0.0000 -0.0002 -1.0000 0.57921 1.00000
0.07282 0.05006 -0.10900 0.0000 0.0005 -1.0000 0.56931 1.00000
0.07272 0.05003 -0.10900 0.0000 -0.0005 -1.0000 0.56436 1.00000
0.06816 0.04989 -0.10900 0.0000 0.0004 -1.0000 0.33663 1.00000
0.07263 0.04999 -0.10900 0.0000 0.0001 -1.0000 0.55941 1.00000
0.06816 0.04989 -0.10900 0.0000 -0.0006 -1.0000 0.33663 1.00000
0.07254 0.04995 -0.10900 0.0000 -0.0006 -1.0000 0.55446 1.00000
0.07263 0.04999 -0.10900 0.0000 -0.0006 -1.0000 0.55941 1.00000
0.07245 0.04991 -0.10900 0.0000 0.0003 -1.0000 0.54950 1.00000
0.07254 0.04995 -0.10900 0.0000 0.0003 -1.0000 0.55446 1.00000
0.07237 0.04986 -0.10900 0.0000 -0.0006 -1.0000 0.54455 1.00000
0.07245 0.04991 -0.10900 0.0000 -0.0006 -1.0000 0.54950 1.00000
0.06802 0.04975 -0.10900 0.0000 0.0004 -1.0000 0.34158 1.00000
0.07237 0.04986 -0.10900 0.0000 0.0004 -1.0000 0.54455 1.00000
0.07228 0.04980 -0.10900 0.0000 -0.0001 -1.0000 0.53960 1.00000
0.06802 0.04975 -0.10900 0.0000 -0.0006 -1.0000 0.34158 1.00000
0.07220 0.04974 -0.10900 0.0000 -0.0006 -1.0000 0.53465 1.00000
0.07228 0.04980 -0.10900 0.0000 -0.0006 -1.0000 0.53960 1.00000
0.06788 0.04961 -0.10900 0.0000 0.0000 -1.0000 0.34653 1.00000
0.07220 0.04974 -0.10900 0.0000 0.0000 -1.0000 0.53465 1.00000
0.07211 0.04967 -0.10900 0.0000 -0.0002 -1.0000 0.52970 1.00000
0.07203 0.04960 -0.10900 0.0000 0.0002 -1.0000 0.52475 1.00000
0.06774 0.04946 -0.10900 0.0000 0.0000 -1.0000 0.35149 1.00000
0.07195 0.04952 -0.10900 0.0000 -0.0002 -1.0000 0.51980 1.00000
0.07187 0.04944 -0.10900 0.0000 0.0001 -1.0000 0.51485 1.00000
0.06761 0.04931 -0.10900 0.0000 0.0000 -1.0000 0.35644 1.00000
0.07179 0.04935 -0.10900 0.0000 -0.0002 -1.0000 0.50990 1.00000
0.07171 0.04926 -0.10900 0.0000 0.0001 -1.0000 0.50495 1.00000
0.06749 0.04916 -0.10900 0.0000 0.0000 -1.0000 0.36139 1.00000
0.07163 0.04916 -0.10900 0.0000 -0.0003 -1.0000 0.50000 1.00000
0.06737 0.04901 -0.10900 0.0000 0.0000 -1.0000 0.36634 1.00000
0.07155 0.04905 -0.10900 0.0000 0.0001 -1.0000 0.49505 1.00000
0.07145 0.04891 -0.10900 0.0000 0.0000 -1.0000 0.49010 1.00000
0.06725 0.04885 -0.10900 0.0000 -0.0003 -1.0000 0.37129 1.00000
0.07134 0.04875 -0.10900 0.0000 0.0003 -1.0000 0.48515 1.00000
0.06712 0.04867 -0.10900 0.0000 0.0000 -1.0000 0.37624 1.00000
0.07123 0.04857 -0.10900 0.0000 -0.0002 -1.0000 0.48020 1.00000
0.06698 0.04846 -0.10900 0.0000 0.0003 -1.0000 0.38119 1.00000
0.07109 0.04835 -0.10900 0.0000 -0.0002 -1.0000 0.47525 1.00000
0.06684 0.04824 -0.10900 0.0000 0.0000 -1.0000 0.38614 1.00000
0.07095 0.04812 -0.10900 0.0000 -0.0000 -1.0000 0.47030 1.00000
0.06669 0.04800 -0.10900 0.0000 0.0000 -1.0000 0.39109 1.00000
0.07080 0.04786 -0.10900 0.0000 0.0001 -1.0000 0.46535 1.00000
0.06654 0.04773 -0.10900 0.0000 0.0000 -1.0000 0.39604 1.00000
0.07063 0.04757 -0.10900 0.0000 -0.0002 -1.0000 0.46040 1.00000
0.06637 0.04745 -0.10900 0.0000 0.0002 -1.0000 0.40099 1.00000
0.07045 0.04726 -0.10900 0.0000 -0.0000 -1.0000 0.45545 1.00000
0.06620 0.04714 -0.10900 0.0000 0.0000 -1.0000 0.40594 1.00000
0.07027 0.04692 -0.10900 0.0000 -0.0001 -1.0000 0.45050 1.00000
0.06603 0.04682 -0.10900 0.0000 0.0000 -1.0000 0.41089 1.00000
0.07006 0.04656 -0.10900 0.0000 0.0000 -1.0000 0.44554 1.00000
0.06584 0.04647 -0.10900 0.0000 0.0000 -1.0000 0.41584 1.00000
0.06985 0.04618 -0.10900 0.0000 -0.0000 -1.0000 0.44059 1.00000
0.06565 0.04611 -0.10900 0.0000 0.0000 -1.0000 0.42079 1.00000
0.06742 0.04178 -0.10900 0.0000 -0.0000 -1.0000 0.43564 1.00000
0.06545 0.04572 -0.10900 0.0000 0.0000 -1.0000 0.42574 1.00000
0.06344 0.04178 -0.10900 0.0000 0.0000 -1.0000 0.43069 1.00000
0.04659 0.04178 -0.10900 0.0000 -0.0000 -1.0000 0.50000 1.00000
0.05659 0.06200 -0.10900 0.0000 -0.0000 -1.0000 0.70000 1.00000
0.05305 0.06200 -0.10900 0.0000 -0.0000 -1.0000 0.60000 1.00000
0.05478 0.05728 -0.10900 0.0000 0.0000 -1.0000 0.90000 1.00000
0.06323 0.04178 -0.10900 0.0000 0.0000 -1.0000 0.00000 1.00000
0.05254 0.04978 -0.10900 0.0000 -0.0000 -1.0000 1.00000 1.00000
0.05706 0.04978 -0.10900 0.0000 0.0000 -1.0000 0.80000 1.00000
0.05151 0.04637 -0.10900 0.0000 0.0000 -1.0000 0.30000 1.00000
0.05814 0.04637 -0.10900 0.0000 0.0000 -1.0000 0.20000 1.00000
0.05015 0.04178 -0.10900 0.0000 0.0000 -1.0000 0.40000 1.00000
0.05959 0.04178 -0.10900 0.0000 0.0000 -1.0000 0.10000 1.00000
0.03156 0.04178 -0.10900 0.0000 0.0000 -1.0000 0.00000 1.00000
0.03490 0.06200 -0.10900 0.0000 0.0000 -1.0000 0.18182 1.00000
0.03156 0.06200 -0.10900 0.0000 0.0000 -1.0000 0.09091 1.00000
0.03490 0.05404 -0.10900 0.0000 0.0000 -1.0000 0.27273 1.00000
0.04147 0.05404 -0.10900 0.0000 0.0000 -1.0000 0.36364 1.00000
0.04482 0.06200 -0.10900 0.0000 0.0000 -1.0000 0.54545 1.00000
0.04147 0.06200 -0.10900 0.0000 0.0000 -1.0000 0.45455 1.00000
0.04482 0.04178 -0.10900 0.0000 0.0000 -1.0000 0.63636 1.00000
0.03490 0.05062 -0.10900 0.0000 0.0000 -1.0000 0.90909 1.00000
0.04147 0.05062 -0.10900 0.0000 0.0000 -1.0000 0.81818 1.00000
0.03490 0.04178 -0.10900 0.0000 0.0000 -1.0000 1.00000 1.00000
0.04147 0.04178 -0.10900 0.0000 0.0000 -1.0000 0.72727 1.00000
0.01638 0.05930 -0.10900 0.0000 0.0000 -1.0000 0.66000 1.00000
0.02784 0.06200 -0.10900 0.0000 0.0000 -1.0000 0.70000 1.00000
0.01638 0.06200 -0.10900 0.0000 0.0000 -1.0000 0.68000 1.00000
0.02450 0.05860 -0.10900 0.0000 0.0000 -1.0000 0.72000 1.00000
0.02784 0.04520 -0.10900 0.0000 0.0000 -1.0000 0.00000 1.00000
0.01638 0.05833 -0.10900 0.0000 0.0000 -1.0000 0.64000 1.00000
0.01956 0.05860 -0.10900 0.0000 0.0000 -1.0000 0.74000 1.00000
0.01955 0.05713 -0.10900 0.0000 0.0000 -1.0000 0.76000 1.00000
0.02450 0.04520 -0.10900 0.0000 0.0000 -1.0000 1.00000 1.00000
0.01637 0.05739 -0.10900 0.0000 0.0000 -1.0000 0.62000 1.00000
0.01636 0.05650 -0.10900 0.0000 0.0000 -1.0000 0.60000 1.00000
0.01952 0.05574 -0.10900 0.0000 -0.0000 -1.0000 0.78000 1.00000
0.01634 0.05565 -0.10900 0.0000 0.0000 -1.0000 0.58000 1.00000
0.01947 0.05440 -0.10900 0.0000 0.0000 -1.0000 0.80000 1.00000
0.01631 0.05484 -0.10900 0.0000 0.0000 -1.0000 0.56000 1.00000
0.01627 0.05408 -0.10900 0.0000 0.0000 -1.0000 0.54000 1.00000
0.01941 0.05313 -0.10900 0.0000 0.0000 -1.0000 0.82000 1.00000
0.01623 0.05335 -0.10900 0.0000 -0.0001 -1.0000 0.52000 1.00000
0.01619 0.05266 -0.10900 0.0000 0.0000 -1.0000 0.50000 1.00000
0.01932 0.05192 -0.10900 0.0000 0.0000 -1.0000 0.84000 1.00000
0.01614 0.05202 -0.10900 0.0000 0.0000 -1.0000 0.48000 1.00000
0.01608 0.05142 -0.10900 0.0000 0.0000 -1.0000 0.46000 1.00000
0.01922 0.05077 -0.10900 0.0000 -0.0000 -1.0000 0.86000 1.00000
0.01601 0.05085 -0.10900 0.0000 0.0000 -1.0000 0.44000 1.00000
0.01594 0.05033 -0.10900 0.0000 0.0000 -1.0000 0.42000 1.00000
0.01909 0.04968 -0.10900 0.0000 0.0000 -1.0000 0.88000 1.00000
0.01587 0.04984 -0.10900 0.0000 0.0000 -1.0000 0.40000 1.00000
0.01579 0.04935 -0.10900 0.0000 0.0000 -1.0000 0.38000 1.00000
0.01895 0.04866 -0.10900 0.0000 -0.0000 -1.0000 0.90000 1.00000
0.01570 0.04888 -0.10900 0.0000 0.0000 -1.0000 0.36000 1.00000
0.01561 0.04842 -0.10900 0.0000 0.0000 -1.0000 0.34000 1.00000
0.01879 0.04770 -0.10900 0.0000 0.0000 -1.0000 0.92000 1.00000
0.01551 0.04798 -0.10900 0.0000 0.0000 -1.0000 0.32000 1.00000
0.01541 0.04754 -0.10900 0.0000 0.0000 -1.0000 0.30000 1.00000
0.01861 0.04680 -0.10900 0.0000 -0.0000 -1.0000 0.94000 1.00000
0.01530 0.04712 -0.10900 0.0000 0.0000 -1.0000 0.28000 1.00000
0.01519 0.04671 -0.10900 0.0000 0.0002 -1.0000 0.26000 1.00000
0.01841 0.04597 -0.10900 0.0000 0.0000 -1.0000 0.96000 1.00000
0.01507 0.04632 -0.10900 0.0000 0.0000 -1.0000 0.24000 1.00000
0.01495 0.04593 -0.10900 0.0000 0.0000 -1.0000 0.22000 1.00000
0.01819 0.04520 -0.10900 0.0000 -0.0000 -1.0000 0.98000 1.00000
0.01482 0.04556 -0.10900 0.0000 0.0000 -1.0000 0.20000 1.00000
0.01469 0.04520 -0.10900 0.0000 0.0000 -1.0000 0.18000 1.00000
0.01331 0.03737 -0.10900 0.0000 0.0000 -1.0000 0.14000 1.00000
0.01331 0.04520 -0.10900 0.0000 0.0000 -1.0000 0.16000 1.00000
0.01605 0.04178 -0.10900 0.0000 -0.0000 -1.0000 0.10000 1.00000
0.02927 0.04520 -0.10900 0.0000 0.0000 -1.0000 0.02000 1.00000
0.02653 0.04178 -0.10900 0.0000 0.0000 -1.0000 0.08000 1.00000
0.02927 0.03737 -0.10900 0.0000 0.0000 -1.0000 0.04000 1.00000
0.01605 0.03737 -0.10900 0.0000 0.0000 -1.0000 0.12000 1.00000
0.02653 0.03737 -0.10900 0.0000 0.0000 -1.0000 0.06000 1.00000
0.00485 0.06231 -0.10900 0.0000 0.0000 -1.0000 0.26840 1.00000
0.00609 0.06234 -0.10900 0.0000 0.0000 -1.0000 0.27706 1.00000
0.00565 0.06235 -0.10900 0.0000 0.0000 -1.0000 0.27273 1.00000
0.00485 0.06231 -0.10900 0.0000 0.0006 -1.0000 0.26840 1.00000
0.00651 0.06231 -0.10900 0.0000 0.0006 -1.0000 0.28139 1.00000
0.00609 0.06234 -0.10900 0.0000 0.0006 -1.0000 0.27706 1.00000
0.00410 0.06221 -0.10900 0.0000 0.0000 -1.0000 0.26407 1.00000
0.00651 0.06231 -0.10900 0.0000 0.0000 -1.0000 0.28139 1.00000
0.00692 0.06226 -0.10900 0.0000 0.0000 -1.0000 0.28571 1.00000
0.00732 0.06219 -0.10900 0.0000 0.0004 -1.0000 0.29004 1.00000
0.00341 0.06204 -0.10900 0.0000 0.0000 -1.0000 0.25974 1.00000
0.00770 0.06209 -0.10900 0.0000 -0.0001 -1.0000 0.29437 1.00000
0.00806 0.06198 -0.10900 0.0000 -0.0001 -1.0000 0.29870 1.00000
0.00278 0.06180 -0.10900 0.0000 -0.0002 -1.0000 0.25541 1.00000
0.00842 0.06185 -0.10900 0.0000 0.0001 -1.0000 0.30303 1.00000
0.00875 0.06170 -0.10900 0.0000 0.0001 -1.0000 0.30736 1.00000
0.00220 0.06149 -0.10900 0.0000 0.0001 -1.0000 0.25108 1.00000
0.00908 0.06152 -0.10900 0.0000 0.0000 -1.0000 0.31169 1.00000
0.00938 0.06133 -0.10900 0.0000 0.0001 -1.0000 0.31602 1.00000
0.00167 0.06111 -0.10900 0.0000 0.0000 -1.0000 0.24675 1.00000
0.00968 0.06111 -0.10900 0.0000 -0.0000 -1.0000 0.32035 1.00000
0.00996 0.06088 -0.10900 0.0000 -0.0001 -1.0000 0.32468 1.00000
0.00120 0.06067 -0.10900 0.0000 0.0000 -1.0000 0.24242 1.00000
0.01022 0.06063 -0.10900 0.0000 0.0001 -1.0000 0.32900 1.00000
0.00079 0.06015 -0.10900 0.0000 0.0001 -1.0000 0.23810 1.00000
0.01045 0.06037 -0.10900 0.0000 -0.0000 -1.0000 0.33333 1.00000
0.01067 0.06009 -0.10900 0.0000 -0.0000 -1.0000 0.33766 1.00000
0.00043 0.05957 -0.10900 0.0000 0.0000 -1.0000 0.23377 1.00000
0.01086 0.05981 -0.10900 0.0000 -0.0000 -1.0000 0.34199 1.00000
0.01103 0.05951 -0.10900 0.0000 0.0000 -1.0000 0.34632 1.00000
0.00012 0.05892 -0.10900 0.0000 -0.0001 -1.0000 0.22944 1.00000
0.01118 0.05920 -0.10900 0.0000 0.0000 -1.0000 0.35065 1.00000
0.00558 0.05901 -0.10900 0.0000 0.0000 -1.0000 0.16450 1.00000
0.01130 0.05888 -0.10900 0.0000 -0.0001 -1.0000 0.35498 1.00000
0.00012 0.05892 -0.10900 0.0000 0.0007 -1.0000 0.22944 1.00000
0.00525 0.05899 -0.10900 0.0000 0.0007 -1.0000 0.16883 1.00000
0.00558 0.05901 -0.10900 0.0000 0.0007 -1.0000 0.16450 1.00000
0.00578 0.05900 -0.10900 0.0000 0.0000 -1.0000 0.16017 1.00000
0.00596 0.05899 -0.10900 0.0000 0.0000 -1.0000 0.15584 1.00000
0.00012 0.05892 -0.10900 0.0000 -0.0006 -1.0000 0.22944 1.00000
0.00494 0.05894 -0.10900 0.0000 -0.0006 -1.0000 0.17316 1.00000
0.00525 0.05899 -0.10900 0.0000 -0.0006 -1.0000 0.16883 1.00000
0.00614 0.05897 -0.10900 0.0000 0.0000 -1.0000 0.15152 1.00000
0.00632 0.05893 -0.10900 0.0000 0.0000 -1.0000 0.14719 1.00000
0.00465 0.05885 -0.10900 0.0000 0.0005 -1.0000 0.17749 1.00000
0.00494 0.05894 -0.10900 0.0000 0.0005 -1.0000 0.17316 1.00000
0.00648 0.05889 -0.10900 0.0000 0.0000 -1.0000 0.14286 1.00000
-0.00013 0.05820 -0.10900 0.0000 0.0000 -1.0000 0.22511 1.00000
0.00664 0.05883 -0.10900 0.0000 0.0000 -1.0000 0.13853 1.00000
0.01140 0.05854 -0.10900 0.0000 -0.0000 -1.0000 0.35931 1.00000
-0.00013 0.05820 -0.10900 0.0000 -0.0005 -1.0000 0.22511 1.00000
0.00438 0.05873 -0.10900 0.0000 -0.0005 -1.0000 0.18182 1.00000
0.00465 0.05885 -0.10900 0.0000 -0.0005 -1.0000 0.17749 1.00000
0.00679 0.05877 -0.10900 0.0000 0.0000 -1.0000 0.13420 1.00000
0.00694 0.05870 -0.10900 0.0000 0.0008 -1.0000 0.12987 1.00000
0.01140 0.05854 -0.10900 0.0000 0.0008 -1.0000 0.35931 1.00000
0.00679 0.05877 -0.10900 0.0000 0.0008 -1.0000 0.13420 1.00000
0.00413 0.05857 -0.10900 0.0000 0.0001 -1.0000 0.18615 1.00000
0.00438 0.05873 -0.10900 0.0000 0.0001 -1.0000 0.18182 1.00000
0.00708 0.05861 -0.10900 0.0000 0.0000 -1.0000 0.12554 1.00000
0.00694 0.05870 -0.10900 0.0000 0.0000 -1.0000 0.12987 1.00000
0.00721 0.05852 -0.10900 0.0000 0.0000 -1.0000 0.12121 1.00000
0.00390 0.05837 -0.10900 0.0000 0.0001 -1.0000 0.19048 1.00000
0.01148 0.05820 -0.10900 0.0000 -0.0001 -1.0000 0.36364 1.00000
0.00733 0.05842 -0.10900 0.0000 0.0000 -1.0000 0.11688 1.00000
0.00745 0.05831 -0.10900 0.0000 0.0000 -1.0000 0.11255 1.00000
0.00369 0.05815 -0.10900 0.0000 -0.0001 -1.0000 0.19481 1.00000
0.00756 0.05818 -0.10900 0.0000 0.0000 -1.0000 0.10823 1.00000
-0.00032 0.05741 -0.10900 0.0000 0.0000 -1.0000 0.22078 1.00000
0.01154 0.05784 -0.10900 0.0000 0.0000 -1.0000 0.36797 1.00000
0.00766 0.05806 -0.10900 0.0000 0.0000 -1.0000 0.10390 1.00000
0.00350 0.05788 -0.10900 0.0000 -0.0000 -1.0000 0.19913 1.00000
0.00775 0.05792 -0.10900 0.0000 0.0000 -1.0000 0.09957 1.00000
0.00783 0.05778 -0.10900 0.0000 0.0000 -1.0000 0.09524 1.00000
0.00333 0.05758 -0.10900 0.0000 0.0000 -1.0000 0.20346 1.00000
0.01157 0.05747 -0.10900 0.0000 -0.0001 -1.0000 0.37229 1.00000
0.00790 0.05764 -0.10900 0.0000 -0.0004 -1.0000 0.09091 1.00000
0.00796 0.05748 -0.10900 0.0000 0.0000 -1.0000 0.08658 1.00000
0.00317 0.05725 -0.10900 0.0000 -0.0000 -1.0000 0.20779 1.00000
0.00802 0.05732 -0.10900 0.0000 0.0000 -1.0000 0.08225 1.00000
0.01158 0.05709 -0.10900 0.0000 0.0000 -1.0000 0.37662 1.00000
0.00293 0.05647 -0.10900 0.0000 0.0000 -1.0000 0.21645 1.00000
0.00304 0.05688 -0.10900 0.0000 0.0000 -1.0000 0.21212 1.00000
0.00806 0.05715 -0.10900 0.0000 0.0000 -1.0000 0.07792 1.00000
0.00809 0.05698 -0.10900 0.0000 0.0000 -1.0000 0.07359 1.00000
0.01156 0.05662 -0.10900 0.0000 0.0001 -1.0000 0.38095 1.00000
0.00811 0.05680 -0.10900 0.0000 -0.0004 -1.0000 0.06926 1.00000
0.00813 0.05661 -0.10900 0.0000 0.0004 -1.0000 0.06494 1.00000
0.01151 0.05616 -0.10900 0.0000 -0.0001 -1.0000 0.38528 1.00000
0.00813 0.05642 -0.10900 0.0000 0.0000 -1.0000 0.06061 1.00000
0.00811 0.05590 -0.10900 0.0000 0.0000 -1.0000 0.05628 1.00000
0.01141 0.05572 -0.10900 0.0000 0.0000 -1.0000 0.38961 1.00000
0.00804 0.05543 -0.10900 0.0000 0.0000 -1.0000 0.05195 1.00000
0.01128 0.05529 -0.10900 0.0000 -0.0000 -1.0000 0.39394 1.00000
0.00791 0.05500 -0.10900 0.0000 0.0000 -1.0000 0.04762 1.00000
0.01111 0.05488 -0.10900 0.0000 -0.0000 -1.0000 0.39827 1.00000
0.00774 0.05463 -0.10900 0.0000 0.0000 -1.0000 0.04329 1.00000
0.01090 0.05449 -0.10900 0.0000 -0.0001 -1.0000 0.40260 1.00000
0.00753 0.05430 -0.10900 0.0000 0.0000 -1.0000 0.03896 1.00000
0.01065 0.05411 -0.10900 0.0000 0.0001 -1.0000 0.40693 1.00000
0.00726 0.05402 -0.10900 0.0000 -0.0003 -1.0000 0.03463 1.00000
0.01036 0.05375 -0.10900 0.0000 0.0001 -1.0000 0.41126 1.00000
0.00694 0.05379 -0.10900 0.0000 0.0000 -1.0000 0.03030 1.00000
0.00658 0.05360 -0.10900 0.0000 0.0000 -1.0000 0.02597 1.00000
0.01004 0.05340 -0.10900 0.0000 0.0000 -1.0000 0.41558 1.00000
0.00616 0.05346 -0.10900 0.0000 -0.0004 -1.0000 0.02165 1.00000
0.00570 0.05337 -0.10900 0.0000 0.0006 -1.0000 0.01732 1.00000
0.01004 0.05340 -0.10900 0.0000 0.0006 -1.0000 0.41558 1.00000
0.00616 0.05346 -0.10900 0.0000 0.0006 -1.0000 0.02165 1.00000
0.00570 0.05337 -0.10900 0.0000 -0.0001 -1.0000 0.01732 1.00000
0.00968 0.05307 -0.10900 0.0000 -0.0001 -1.0000 0.41991 1.00000
0.00519 0.05333 -0.10900 0.0000 0.0000 -1.0000 0.01299 1.00000
0.00463 0.05028 -0.10900 0.0000 0.0000 -1.0000 0.00433 1.00000
0.00463 0.05334 -0.10900 0.0000 0.0000 -1.0000 0.00866 1.00000
0.00928 0.05276 -0.10900 0.0000 0.0001 -1.0000 0.42424 1.00000
0.00884 0.05246 -0.10900 0.0000 -0.0004 -1.0000 0.42857 1.00000
0.00937 0.05220 -0.10900 0.0000 0.0001 -1.0000 0.43290 1.00000
0.00985 0.05191 -0.10900 0.0000 -0.0001 -1.0000 0.43723 1.00000
0.01029 0.05159 -0.10900 0.0000 0.0000 -1.0000 0.44156 1.00000
0.01068 0.05125 -0.10900 0.0000 0.0000 -1.0000 0.44589 1.00000
0.01102 0.05087 -0.10900 0.0000 0.0000 -1.0000 0.45022 1.00000
0.01132 0.05046 -0.10900 0.0000 -0.0000 -1.0000 0.45455 1.00000
0.00536 0.05028 -0.10900 0.0000 0.0000 -1.0000 0.00000 1.00000
0.00562 0.05027 -0.10900 0.0000 0.0000 -1.0000 1.00000 1.00000
0.01157 0.05002 -0.10900 0.0000 -0.0001 -1.0000 0.45887 1.00000
0.00587 0.05025 -0.10900 0.0000 0.0080 -1.0000 0.99567 1.00000
0.01157 0.05002 -0.10900 0.0000 0.0080 -1.0000 0.45887 1.00000
0.00562 0.05027 -0.10900 0.0000 0.0080 -1.0000 1.00000 1.00000
0.00611 0.05023 -0.10900 0.0000 0.0000 -1.0000 0.99134 1.00000
0.00587 0.05025 -0.10900 0.0000 0.0000 -1.0000 0.99567 1.00000
0.00634 0.05019 -0.10900 0.0000 0.0000 -1.0000 0.98701 1.00000
0.00656 0.05015 -0.10900 0.0000 -0.0012 -1.0000 0.98268 1.00000
0.01157 0.05002 -0.10900 0.0000 -0.0012 -1.0000 0.45887 1.00000
0.00634 0.05019 -0.10900 0.0000 -0.0012 -1.0000 0.98701 1.00000
0.00677 0.05009 -0.10900 0.0000 0.0009 -1.0000 0.97835 1.00000
0.01157 0.05002 -0.10900 0.0000 0.0009 -1.0000 0.45887 1.00000
0.00656 0.05015 -0.10900 0.0000 0.0009 -1.0000 0.98268 1.00000
0.00697 0.05003 -0.10900 0.0000 0.0000 -1.0000 0.97403 1.00000
0.00677 0.05009 -0.10900 0.0000 0.0000 -1.0000 0.97835 1.00000
0.00716 0.04995 -0.10900 0.0000 0.0000 -1.0000 0.96970 1.00000
0.01178 0.04955 -0.10900 0.0000 0.0000 -1.0000 0.46320 1.00000
0.00734 0.04986 -0.10900 0.0000 0.0000 -1.0000 0.96537 1.00000
0.00751 0.04977 -0.10900 0.0000 0.0000 -1.0000 0.96104 1.00000
0.00767 0.04966 -0.10900 0.0000 0.0000 -1.0000 0.95671 1.00000
0.00782 0.04954 -0.10900 0.0000 0.0000 -1.0000 0.95238 1.00000
0.01194 0.04906 -0.10900 0.0000 -0.0000 -1.0000 0.46753 1.00000
0.00796 0.04942 -0.10900 0.0000 0.0000 -1.0000 0.94805 1.00000
0.00809 0.04928 -0.10900 0.0000 0.0000 -1.0000 0.94372 1.00000
0.00821 0.04914 -0.10900 0.0000 0.0004 -1.0000 0.93939 1.00000
0.00831 0.04899 -0.10900 0.0000 -0.0004 -1.0000 0.93506 1.00000
0.01206 0.04853 -0.10900 0.0000 0.0000 -1.0000 0.47186 1.00000
0.00840 0.04884 -0.10900 0.0000 0.0000 -1.0000 0.93074 1.00000
0.00848 0.04867 -0.10900 0.0000 -0.0004 -1.0000 0.92641 1.00000
0.00855 0.04850 -0.10900 0.0000 0.0004 -1.0000 0.92208 1.00000
0.01213 0.04797 -0.10900 0.0000 -0.0000 -1.0000 0.47619 1.00000
0.00860 0.04832 -0.10900 0.0000 0.0000 -1.0000 0.91775 1.00000
0.00864 0.04813 -0.10900 0.0000 0.0000 -1.0000 0.91342 1.00000
0.00868 0.04793 -0.10900 0.0000 0.0000 -1.0000 0.90909 1.00000
0.01215 0.04738 -0.10900 0.0000 0.0000 -1.0000 0.48052 1.00000
0.00869 0.04773 -0.10900 0.0000 -0.0003 -1.0000 0.90476 1.00000
0.00870 0.04752 -0.10900 0.0000 0.0000 -1.0000 0.90043 1.00000
-0.00063 0.04644 -0.10900 0.0000 0.0001 -1.0000 0.68831 1.00000
0.00253 0.04740 -0.10900 0.0000 0.0001 -1.0000 0.69697 1.00000
0.00245 0.04768 -0.10900 0.0000 0.0001 -1.0000 0.69264 1.00000
0.00869 0.04731 -0.10900 0.0000 0.0000 -1.0000 0.89610 1.00000
0.00261 0.04713 -0.10900 0.0000 -0.0002 -1.0000 0.70130 1.00000
0.01214 0.04692 -0.10900 0.0000 -0.0000 -1.0000 0.48485 1.00000
0.00868 0.04712 -0.10900 0.0000 0.0000 -1.0000 0.89177 1.00000
0.00269 0.04688 -0.10900 0.0000 0.0000 -1.0000 0.70563 1.00000
0.00865 0.04693 -0.10900 0.0000 0.0000 -1.0000 0.88745 1.00000
0.00861 0.04674 -0.10900 0.0000 0.0000 -1.0000 0.88312 1.00000
0.01210 0.04649 -0.10900 0.0000 0.0001 -1.0000 0.48918 1.00000
0.00278 0.04665 -0.10900 0.0000 -0.0000 -1.0000 0.70996 1.00000
0.00856 0.04657 -0.10900 0.0000 -0.0004 -1.0000 0.87879 1.00000
0.00288 0.04643 -0.10900 0.0000 0.0002 -1.0000 0.71429 1.00000
0.00849 0.04640 -0.10900 0.0000 0.0000 -1.0000 0.87446 1.00000
0.01204 0.04607 -0.10900 0.0000 0.0001 -1.0000 0.49351 1.00000
-0.00049 0.04596 -0.10900 0.0000 0.0000 -1.0000 0.68398 1.00000
0.00297 0.04623 -0.10900 0.0000 -0.0001 -1.0000 0.71861 1.00000
0.00842 0.04623 -0.10900 0.0000 0.0000 -1.0000 0.87013 1.00000
0.00833 0.04608 -0.10900 0.0000 -0.0004 -1.0000 0.86580 1.00000
0.00307 0.04605 -0.10900 0.0000 0.0001 -1.0000 0.72294 1.00000
0.00823 0.04593 -0.10900 0.0000 0.0004 -1.0000 0.86147 1.00000
0.01196 0.04566 -0.10900 0.0000 -0.0001 -1.0000 0.49784 1.00000
0.00318 0.04588 -0.10900 0.0000 0.0000 -1.0000 0.72727 1.00000
-0.00034 0.04551 -0.10900 0.0000 0.0000 -1.0000 0.67965 1.00000
0.00812 0.04579 -0.10900 0.0000 0.0000 -1.0000 0.85714 1.00000
0.00329 0.04572 -0.10900 0.0000 -0.0001 -1.0000 0.73160 1.00000
0.00800 0.04565 -0.10900 0.0000 0.0000 -1.0000 0.85281 1.00000
0.00340 0.04558 -0.10900 0.0000 -0.0001 -1.0000 0.73593 1.00000
0.01186 0.04527 -0.10900 0.0000 0.0001 -1.0000 0.50216 1.00000
0.00787 0.04552 -0.10900 0.0000 0.0000 -1.0000 0.84848 1.00000
0.00352 0.04546 -0.10900 0.0000 0.0002 -1.0000 0.74026 1.00000
0.00773 0.04540 -0.10900 0.0000 0.0000 -1.0000 0.84416 1.00000
-0.00018 0.04509 -0.10900 0.0000 0.0000 -1.0000 0.67532 1.00000
0.00364 0.04536 -0.10900 0.0000 -0.0000 -1.0000 0.74459 1.00000
0.00758 0.04529 -0.10900 0.0000 0.0000 -1.0000 0.83983 1.00000
-0.00018 0.04509 -0.10900 0.0000 0.0005 -1.0000 0.67532 1.00000
0.00376 0.04526 -0.10900 0.0000 0.0005 -1.0000 0.74892 1.00000
0.00364 0.04536 -0.10900 0.0000 0.0005 -1.0000 0.74459 1.00000
0.00742 0.04519 -0.10900 0.0000 0.0000 -1.0000 0.83550 1.00000
0.01173 0.04490 -0.10900 0.0000 0.0000 -1.0000 0.50649 1.00000
0.00389 0.04518 -0.10900 0.0000 -0.0003 -1.0000 0.75325 1.00000
0.00376 0.04526 -0.10900 0.0000 -0.0003 -1.0000 0.74892 1.00000
0.00726 0.04510 -0.10900 0.0000 0.0000 -1.0000 0.83117 1.00000
0.00404 0.04510 -0.10900 0.0000 -0.0002 -1.0000 0.75758 1.00000
0.00708 0.04503 -0.10900 0.0000 0.0000 -1.0000 0.82684 1.00000
0.00418 0.04503 -0.10900 0.0000 0.0005 -1.0000 0.76190 1.00000
0.00404 0.04510 -0.10900 0.0000 0.0005 -1.0000 0.75758 1.00000
-0.00001 0.04469 -0.10900 0.0000 -0.0001 -1.0000 0.67100 1.00000
0.00418 0.04503 -0.10900 0.0000 -0.0001 -1.0000 0.76190 1.00000
-0.00001 0.04469 -0.10900 0.0000 0.0007 -1.0000 0.67100 1.00000
0.00434 0.04497 -0.10900 0.0000 0.0007 -1.0000 0.76623 1.00000
0.00690 0.04496 -0.10900 0.0000 0.0000 -1.0000 0.82251 1.00000
0.00451 0.04492 -0.10900 0.0000 -0.0002 -1.0000 0.77056 1.00000
0.00434 0.04497 -0.10900 0.0000 -0.0002 -1.0000 0.76623 1.00000
0.00671 0.04490 -0.10900 0.0000 0.0000 -1.0000 0.81818 1.00000
0.00468 0.04487 -0.10900 0.0000 0.0001 -1.0000 0.77489 1.00000
0.01158 0.04455 -0.10900 0.0000 0.0000 -1.0000 0.51082 1.00000
0.00652 0.04485 -0.10900 0.0000 -0.0008 -1.0000 0.81385 1.00000
0.01158 0.04455 -0.10900 0.0000 -0.0008 -1.0000 0.51082 1.00000
0.00671 0.04490 -0.10900 0.0000 -0.0008 -1.0000 0.81818 1.00000
0.00486 0.04484 -0.10900 0.0000 0.0000 -1.0000 0.77922 1.00000
0.00631 0.04482 -0.10900 0.0000 0.0000 -1.0000 0.80952 1.00000
0.00652 0.04485 -0.10900 0.0000 0.0000 -1.0000 0.81385 1.00000
-0.00001 0.04469 -0.10900 0.0000 -0.0011 -1.0000 0.67100 1.00000
0.00504 0.04481 -0.10900 0.0000 -0.0011 -1.0000 0.78355 1.00000
0.00486 0.04484 -0.10900 0.0000 -0.0011 -1.0000 0.77922 1.00000
0.00610 0.04479 -0.10900 0.0000 0.0000 -1.0000 0.80519 1.00000
0.00524 0.04479 -0.10900 0.0000 0.0002 -1.0000 0.78788 1.00000
0.00504 0.04481 -0.10900 0.0000 0.0002 -1.0000 0.78355 1.00000
0.00588 0.04478 -0.10900 0.0000 0.0017 -1.0000 0.80087 1.00000
0.01158 0.04455 -0.10900 0.0000 0.0017 -1.0000 0.51082 1.00000
0.00610 0.04479 -0.10900 0.0000 0.0017 -1.0000 0.80519 1.00000
0.00544 0.04477 -0.10900 0.0000 0.0010 -1.0000 0.79221 1.00000
0.00524 0.04479 -0.10900 0.0000 0.0010 -1.0000 0.78788 1.00000
0.00565 0.04477 -0.10900 0.0000 0.0000 -1.0000 0.79654 1.00000
0.00588 0.04478 -0.10900 0.0000 0.0000 -1.0000 0.80087 1.00000
0.00565 0.04477 -0.10900 0.0000 -0.0015 -1.0000 0.79654 1.00000
0.00544 0.04477 -0.10900 0.0000 -0.0015 -1.0000 0.79221 1.00000
0.00017 0.04432 -0.10900 0.0000 0.0000 -1.0000 0.66667 1.00000
0.01140 0.04421 -0.10900 0.0000 0.0000 -1.0000 0.51515 1.00000
0.00035 0.04398 -0.10900 0.0000 0.0001 -1.0000 0.66234 1.00000
0.01121 0.04389 -0.10900 0.0000 0.0000 -1.0000 0.51948 1.00000
0.00055 0.04366 -0.10900 0.0000 -0.0001 -1.0000 0.65801 1.00000
0.01098 0.04358 -0.10900 0.0000 0.0000 -1.0000 0.52381 1.00000
0.00075 0.04337 -0.10900 0.0000 0.0000 -1.0000 0.65368 1.00000
0.01074 0.04329 -0.10900 0.0000 -0.0000 -1.0000 0.52814 1.00000
0.00097 0.04310 -0.10900 0.0000 -0.0002 -1.0000 0.64935 1.00000
0.01047 0.04302 -0.10900 0.0000 0.0001 -1.0000 0.53247 1.00000
0.00119 0.04286 -0.10900 0.0000 0.0000 -1.0000 0.64502 1.00000
0.01018 0.04276 -0.10900 0.0000 0.0000 -1.0000 0.53680 1.00000
0.00142 0.04265 -0.10900 0.0000 0.0002 -1.0000 0.64069 1.00000
0.00988 0.04253 -0.10900 0.0000 -0.0002 -1.0000 0.54113 1.00000
0.00166 0.04247 -0.10900 0.0000 0.0000 -1.0000 0.63636 1.00000
0.00955 0.04232 -0.10900 0.0000 0.0001 -1.0000 0.54545 1.00000
0.00192 0.04230 -0.10900 0.0000 0.0004 -1.0000 0.63203 1.00000
0.00920 0.04214 -0.10900 0.0000 -0.0002 -1.0000 0.54978 1.00000
0.00219 0.04215 -0.10900 0.0000 0.0000 -1.0000 0.62771 1.00000
0.00247 0.04201 -0.10900 0.0000 0.0000 -1.0000 0.62338 1.00000
0.00883 0.04197 -0.10900 0.0000 0.0002 -1.0000 0.55411 1.00000
0.00277 0.04189 -0.10900 0.0000 -0.0006 -1.0000 0.61905 1.00000
0.00883 0.04197 -0.10900 0.0000 -0.0006 -1.0000 0.55411 1.00000
0.00247 0.04201 -0.10900 0.0000 -0.0006 -1.0000 0.62338 1.00000
0.00277 0.04189 -0.10900 0.0000 0.0003 -1.0000 0.61905 1.00000
0.00845 0.04183 -0.10900 0.0000 0.0003 -1.0000 0.55844 1.00000
0.00309 0.04178 -0.10900 0.0000 0.0000 -1.0000 0.61472 1.00000
0.00804 0.04171 -0.10900 0.0000 0.0001 -1.0000 0.56277 1.00000
0.00342 0.04169 -0.10900 0.0000 0.0000 -1.0000 0.61039 1.00000
0.00762 0.04161 -0.10900 0.0000 0.0002 -1.0000 0.56710 1.00000
0.00377 0.04161 -0.10900 0.0000 0.0000 -1.0000 0.60606 1.00000
0.00413 0.04155 -0.10900 0.0000 0.0000 -1.0000 0.60173 1.00000
0.00718 0.04153 -0.10900 0.0000 -0.0004 -1.0000 0.57143 1.00000
0.00451 0.04150 -0.10900 0.0000 0.0000 -1.0000 0.59740 1.00000
0.00672 0.04147 -0.10900 0.0000 -0.0004 -1.0000 0.57576 1.00000
0.00490 0.04146 -0.10900 0.0000 0.0016 -1.0000 0.59307 1.00000
0.00672 0.04147 -0.10900 0.0000 0.0016 -1.0000 0.57576 1.00000
0.00451 0.04150 -0.10900 0.0000 0.0016 -1.0000 0.59740 1.00000
0.00490 0.04146 -0.10900 0.0000 0.0000 -1.0000 0.59307 1.00000
0.00623 0.04144 -0.10900 0.0000 0.0000 -1.0000 0.58009 1.00000
0.00531 0.04144 -0.10900 0.0000 0.0000 -1.0000 0.58874 1.00000
0.00573 0.04143 -0.10900 0.0000 0.0000 -1.0000 0.58442 1.00000
-0.01489 0.04178 -0.10900 0.0000 0.0000 -1.0000 0.21053 1.00000
-0.01156 0.05858 -0.10900 0.0000 0.0000 -1.0000 0.42105 1.00000
-0.01489 0.06200 -0.10900 0.0000 0.0000 -1.0000 0.26316 1.00000
-0.00259 0.06200 -0.10900 0.0000 0.0000 -1.0000 0.31579 1.00000
-0.00259 0.05858 -0.10900 0.0000 0.0000 -1.0000 0.36842 1.00000
-0.01156 0.05410 -0.10900 0.0000 0.0000 -1.0000 0.47368 1.00000
-0.01156 0.05069 -0.10900 0.0000 0.0000 -1.0000 0.63158 1.00000
-0.00322 0.05410 -0.10900 0.0000 0.0000 -1.0000 0.52632 1.00000
-0.00322 0.05069 -0.10900 0.0000 0.0000 -1.0000 0.57895 1.00000
-0.01156 0.04518 -0.10900 0.0000 0.0000 -1.0000 0.68421 1.00000
-0.00228 0.04518 -0.10900 0.0000 0.0000 -1.0000 0.73684 1.00000
-0.00228 0.04178 -0.10900 0.0000 0.0000 -1.0000 0.78947 1.00000
-0.01256 0.06416 -0.10900 0.0000 0.0000 -1.0000 0.84211 1.00000
-0.00983 0.06748 -0.10900 0.0000 0.0000 -1.0000 0.94737 1.00000
-0.01256 0.06748 -0.10900 0.0000 0.0000 -1.0000 0.89474 1.00000
-0.00983 0.06416 -0.10900 0.0000 0.0000 -1.0000 1.00000 1.00000
-0.00769 0.06416 -0.10900 0.0000 0.0000 -1.0000 0.00000 1.00000
-0.00496 0.06748 -0.10900 0.0000 0.0000 -1.0000 0.10526 1.00000
-0.00769 0.06748 -0.10900 0.0000 0.0000 -1.0000 0.05263 1.00000
-0.00496 0.06416 -0.10900 0.0000 0.0000 -1.0000 0.15789 1.00000
-0.03163 0.04178 -0.10900 0.0000 0.0000 -1.0000 0.44853 1.00000
-0.02829 0.05864 -0.10900 0.0000 0.0000 -1.0000 0.45221 1.00000
-0.03163 0.06200 -0.10900 0.0000 0.0000 -1.0000 0.00000 1.00000
-0.02499 0.06200 -0.10900 0.0000 -0.0000 -1.0000 0.00368 1.00000
-0.02455 0.06200 -0.10900 0.0000 0.0001 -1.0000 0.00735 1.00000
-0.02413 0.06199 -0.10900 0.0000 -0.0001 -1.0000 0.01103 1.00000
-0.02374 0.06197 -0.10900 0.0000 0.0001 -1.0000 0.01471 1.00000
-0.02336 0.06195 -0.10900 0.0000 -0.0000 -1.0000 0.01838 1.00000
-0.02301 0.06192 -0.10900 0.0000 -0.0000 -1.0000 0.02206 1.00000
-0.02268 0.06188 -0.10900 0.0000 -0.0000 -1.0000 0.02574 1.00000
-0.02237 0.06183 -0.10900 0.0000 -0.0000 -1.0000 0.02941 1.00000
-0.02209 0.06178 -0.10900 0.0000 -0.0000 -1.0000 0.03309 1.00000
-0.02183 0.06172 -0.10900 0.0000 0.0002 -1.0000 0.03676 1.00000
-0.02159 0.06166 -0.10900 0.0000 -0.0000 -1.0000 0.04044 1.00000
-0.02137 0.06159 -0.10900 0.0000 0.0000 -1.0000 0.04412 1.00000
-0.02117 0.06151 -0.10900 0.0000 -0.0002 -1.0000 0.04779 1.00000
-0.02099 0.06142 -0.10900 0.0000 0.0001 -1.0000 0.05147 1.00000
-0.02081 0.06132 -0.10900 0.0000 0.0002 -1.0000 0.05515 1.00000
-0.02064 0.06121 -0.10900 0.0000 -0.0001 -1.0000 0.05882 1.00000
-0.02048 0.06109 -0.10900 0.0000 0.0000 -1.0000 0.06250 1.00000
-0.02031 0.06096 -0.10900 0.0000 -0.0000 -1.0000 0.06618 1.00000
-0.02016 0.06082 -0.10900 0.0000 0.0000 -1.0000 0.06985 1.00000
-0.02000 0.06067 -0.10900 0.0000 0.0001 -1.0000 0.07353 1.00000
-0.01985 0.06051 -0.10900 0.0000 -0.0001 -1.0000 0.07721 1.00000
-0.01971 0.06033 -0.10900 0.0000 0.0000 -1.0000 0.08088 1.00000
-0.01957 0.06015 -0.10900 0.0000 0.0001 -1.0000 0.08456 1.00000
-0.01944 0.05996 -0.10900 0.0000 -0.0001 -1.0000 0.08824 1.00000
-0.01931 0.05975 -0.10900 0.0000 0.0001 -1.0000 0.09191 1.00000
-0.01919 0.05954 -0.10900 0.0000 -0.0002 -1.0000 0.09559 1.00000
-0.01908 0.05933 -0.10900 0.0000 0.0001 -1.0000 0.09926 1.00000
-0.01898 0.05911 -0.10900 0.0000 0.0000 -1.0000 0.10294 1.00000
-0.01889 0.05888 -0.10900 0.0000 -0.0000 -1.0000 0.10662 1.00000
-0.01881 0.05865 -0.10900 0.0000 0.0000 -1.0000 0.11029 1.00000
-0.02636 0.05864 -0.10900 0.0000 0.0000 -1.0000 0.72426 1.00000
-0.02593 0.05864 -0.10900 0.0000 0.0000 -1.0000 0.72059 1.00000
-0.02554 0.05863 -0.10900 0.0000 0.0000 -1.0000 0.71691 1.00000
-0.02517 0.05863 -0.10900 0.0000 0.0000 -1.0000 0.71324 1.00000
-0.02517 0.05863 -0.10900 0.0000 -0.0046 -1.0000 0.71324 1.00000
-0.02483 0.05862 -0.10900 0.0000 -0.0046 -1.0000 0.70956 1.00000
-0.01881 0.05865 -0.10900 0.0000 -0.0046 -1.0000 0.11029 1.00000
-0.02483 0.05862 -0.10900 0.0000 0.0038 -1.0000 0.70956 1.00000
-0.02452 0.05861 -0.10900 0.0000 0.0038 -1.0000 0.70588 1.00000
-0.01881 0.05865 -0.10900 0.0000 0.0038 -1.0000 0.11029 1.00000
-0.02452 0.05861 -0.10900 0.0000 -0.0000 -1.0000 0.70588 1.00000
-0.01874 0.05842 -0.10900 0.0000 -0.0000 -1.0000 0.11397 1.00000
-0.02829 0.05396 -0.10900 0.0000 0.0000 -1.0000 0.45588 1.00000
-0.02423 0.05860 -0.10900 0.0000 0.0000 -1.0000 0.70221 1.00000
-0.02398 0.05859 -0.10900 0.0000 0.0000 -1.0000 0.69853 1.00000
-0.02376 0.05858 -0.10900 0.0000 0.0000 -1.0000 0.69485 1.00000
-0.02356 0.05856 -0.10900 0.0000 0.0000 -1.0000 0.69118 1.00000
-0.02340 0.05854 -0.10900 0.0000 0.0000 -1.0000 0.68750 1.00000
-0.02326 0.05852 -0.10900 0.0000 0.0000 -1.0000 0.68382 1.00000
-0.02315 0.05850 -0.10900 0.0000 0.0000 -1.0000 0.68015 1.00000
-0.02306 0.05847 -0.10900 0.0000 0.0000 -1.0000 0.67647 1.00000
-0.02297 0.05844 -0.10900 0.0000 -0.0018 -1.0000 0.67279 1.00000
-0.01874 0.05842 -0.10900 0.0000 -0.0018 -1.0000 0.11397 1.00000
-0.02306 0.05847 -0.10900 0.0000 -0.0018 -1.0000 0.67647 1.00000
-0.02288 0.05840 -0.10900 0.0000 0.0015 -1.0000 0.66912 1.00000
-0.01874 0.05842 -0.10900 0.0000 0.0015 -1.0000 0.11397 1.00000
-0.02297 0.05844 -0.10900 0.0000 0.0015 -1.0000 0.67279 1.00000
-0.02288 0.05840 -0.10900 0.0000 -0.0002 -1.0000 0.66912 1.00000
-0.01868 0.05818 -0.10900 0.0000 -0.0002 -1.0000 0.11765 1.00000
-0.02280 0.05836 -0.10900 0.0000 0.0000 -1.0000 0.66544 1.00000
-0.02272 0.05831 -0.10900 0.0000 0.0000 -1.0000 0.66176 1.00000
-0.02264 0.05826 -0.10900 0.0000 0.0000 -1.0000 0.65809 1.00000
-0.02256 0.05819 -0.10900 0.0000 0.0000 -1.0000 0.65441 1.00000
-0.02248 0.05813 -0.10900 0.0000 0.0000 -1.0000 0.65074 1.00000
-0.01864 0.05793 -0.10900 0.0000 -0.0001 -1.0000 0.12132 1.00000
-0.02241 0.05806 -0.10900 0.0000 0.0009 -1.0000 0.64706 1.00000
-0.01864 0.05793 -0.10900 0.0000 0.0009 -1.0000 0.12132 1.00000
-0.02248 0.05813 -0.10900 0.0000 0.0009 -1.0000 0.65074 1.00000
-0.02234 0.05798 -0.10900 0.0000 -0.0008 -1.0000 0.64338 1.00000
-0.01864 0.05793 -0.10900 0.0000 -0.0008 -1.0000 0.12132 1.00000
-0.02241 0.05806 -0.10900 0.0000 -0.0008 -1.0000 0.64706 1.00000
-0.02227 0.05789 -0.10900 0.0000 0.0008 -1.0000 0.63971 1.00000
-0.02234 0.05798 -0.10900 0.0000 0.0008 -1.0000 0.64338 1.00000
-0.02227 0.05789 -0.10900 0.0000 -0.0002 -1.0000 0.63971 1.00000
-0.01860 0.05768 -0.10900 0.0000 -0.0002 -1.0000 0.12500 1.00000
-0.02220 0.05780 -0.10900 0.0000 0.0007 -1.0000 0.63603 1.00000
-0.01860 0.05768 -0.10900 0.0000 0.0007 -1.0000 0.12500 1.00000
-0.02214 0.05771 -0.10900 0.0000 -0.0007 -1.0000 0.63235 1.00000
-0.01860 0.05768 -0.10900 0.0000 -0.0007 -1.0000 0.12500 1.00000
-0.02220 0.05780 -0.10900 0.0000 -0.0007 -1.0000 0.63603 1.00000
-0.02208 0.05761 -0.10900 0.0000 0.0000 -1.0000 0.62868 1.00000
-0.02214 0.05771 -0.10900 0.0000 0.0000 -1.0000 0.63235 1.00000
-0.01857 0.05743 -0.10900 0.0000 0.0002 -1.0000 0.12868 1.00000
-0.02203 0.05750 -0.10900 0.0000 -0.0006 -1.0000 0.62500 1.00000
-0.01857 0.05743 -0.10900 0.0000 -0.0006 -1.0000 0.12868 1.00000
-0.02208 0.05761 -0.10900 0.0000 -0.0006 -1.0000 0.62868 1.00000
-0.02198 0.05739 -0.10900 0.0000 0.0000 -1.0000 0.62132 1.00000
-0.02203 0.05750 -0.10900 0.0000 0.0000 -1.0000 0.62500 1.00000
-0.01856 0.05717 -0.10900 0.0000 0.0001 -1.0000 0.13235 1.00000
-0.02194 0.05728 -0.10900 0.0000 0.0000 -1.0000 0.61765 1.00000
-0.02191 0.05716 -0.10900 0.0000 0.0006 -1.0000 0.61397 1.00000
-0.01856 0.05717 -0.10900 0.0000 0.0006 -1.0000 0.13235 1.00000
-0.02194 0.05728 -0.10900 0.0000 0.0006 -1.0000 0.61765 1.00000
-0.02191 0.05716 -0.10900 0.0000 -0.0000 -1.0000 0.61397 1.00000
-0.01855 0.05691 -0.10900 0.0000 -0.0000 -1.0000 0.13603 1.00000
-0.02188 0.05703 -0.10900 0.0000 0.0000 -1.0000 0.61029 1.00000
-0.02185 0.05691 -0.10900 0.0000 0.0005 -1.0000 0.60662 1.00000
-0.01855 0.05691 -0.10900 0.0000 0.0005 -1.0000 0.13603 1.00000
-0.02188 0.05703 -0.10900 0.0000 0.0005 -1.0000 0.61029 1.00000
-0.02185 0.05691 -0.10900 0.0000 -0.0000 -1.0000 0.60662 1.00000
-0.01856 0.05667 -0.10900 0.0000 -0.0000 -1.0000 0.13971 1.00000
-0.02183 0.05677 -0.10900 0.0000 0.0000 -1.0000 0.60294 1.00000
-0.02182 0.05664 -0.10900 0.0000 -0.0005 -1.0000 0.59926 1.00000
-0.01856 0.05667 -0.10900 0.0000 -0.0005 -1.0000 0.13971 1.00000
-0.02183 0.05677 -0.10900 0.0000 -0.0005 -1.0000 0.60294 1.00000
-0.02182 0.05664 -0.10900 0.0000 0.0001 -1.0000 0.59926 1.00000
-0.01857 0.05643 -0.10900 0.0000 0.0001 -1.0000 0.14338 1.00000
-0.02181 0.05649 -0.10900 0.0000 0.0000 -1.0000 0.59559 1.00000
-0.02181 0.05635 -0.10900 0.0000 0.0000 -1.0000 0.59191 1.00000
-0.01859 0.05620 -0.10900 0.0000 -0.0000 -1.0000 0.14706 1.00000
-0.02181 0.05618 -0.10900 0.0000 0.0000 -1.0000 0.58824 1.00000
-0.01862 0.05597 -0.10900 0.0000 -0.0001 -1.0000 0.15074 1.00000
-0.02182 0.05602 -0.10900 0.0000 0.0000 -1.0000 0.58456 1.00000
-0.02184 0.05587 -0.10900 0.0000 0.0000 -1.0000 0.58088 1.00000
-0.01866 0.05574 -0.10900 0.0000 0.0000 -1.0000 0.15441 1.00000
-0.02186 0.05572 -0.10900 0.0000 0.0000 -1.0000 0.57721 1.00000
-0.01871 0.05552 -0.10900 0.0000 -0.0001 -1.0000 0.15809 1.00000
-0.02189 0.05558 -0.10900 0.0000 0.0005 -1.0000 0.57353 1.00000
-0.01871 0.05552 -0.10900 0.0000 0.0005 -1.0000 0.15809 1.00000
-0.02186 0.05572 -0.10900 0.0000 0.0005 -1.0000 0.57721 1.00000
-0.02193 0.05544 -0.10900 0.0000 -0.0005 -1.0000 0.56985 1.00000
-0.01871 0.05552 -0.10900 0.0000 -0.0005 -1.0000 0.15809 1.00000
-0.02189 0.05558 -0.10900 0.0000 -0.0005 -1.0000 0.57353 1.00000
-0.02193 0.05544 -0.10900 0.0000 0.0001 -1.0000 0.56985 1.00000
-0.01877 0.05530 -0.10900 0.0000 0.0001 -1.0000 0.16176 1.00000
-0.02197 0.05531 -0.10900 0.0000 0.0000 -1.0000 0.56618 1.00000
-0.02202 0.05519 -0.10900 0.0000 0.0000 -1.0000 0.56250 1.00000
-0.01884 0.05509 -0.10900 0.0000 -0.0000 -1.0000 0.16544 1.00000
-0.02208 0.05507 -0.10900 0.0000 0.0006 -1.0000 0.55882 1.00000
-0.01884 0.05509 -0.10900 0.0000 0.0006 -1.0000 0.16544 1.00000
-0.02202 0.05519 -0.10900 0.0000 0.0006 -1.0000 0.56250 1.00000
-0.02208 0.05507 -0.10900 0.0000 -0.0002 -1.0000 0.55882 1.00000
-0.01892 0.05488 -0.10900 0.0000 -0.0002 -1.0000 0.16912 1.00000
-0.02214 0.05496 -0.10900 0.0000 0.0000 -1.0000 0.55515 1.00000
-0.02221 0.05485 -0.10900 0.0000 0.0000 -1.0000 0.55147 1.00000
-0.01900 0.05467 -0.10900 0.0000 0.0000 -1.0000 0.17279 1.00000
-0.02229 0.05475 -0.10900 0.0000 0.0000 -1.0000 0.54779 1.00000
-0.02237 0.05466 -0.10900 0.0000 -0.0007 -1.0000 0.54412 1.00000
-0.01900 0.05467 -0.10900 0.0000 -0.0007 -1.0000 0.17279 1.00000
-0.02229 0.05475 -0.10900 0.0000 -0.0007 -1.0000 0.54779 1.00000
-0.02237 0.05466 -0.10900 0.0000 0.0002 -1.0000 0.54412 1.00000
-0.01910 0.05447 -0.10900 0.0000 0.0002 -1.0000 0.17647 1.00000
-0.02246 0.05457 -0.10900 0.0000 0.0000 -1.0000 0.54044 1.00000
-0.02256 0.05449 -0.10900 0.0000 0.0000 -1.0000 0.53676 1.00000
-0.02265 0.05441 -0.10900 0.0000 0.0000 -1.0000 0.53309 1.00000
-0.01920 0.05427 -0.10900 0.0000 0.0000 -1.0000 0.18015 1.00000
-0.02276 0.05434 -0.10900 0.0000 0.0000 -1.0000 0.52941 1.00000
-0.02287 0.05428 -0.10900 0.0000 0.0010 -1.0000 0.52574 1.00000
-0.01920 0.05427 -0.10900 0.0000 0.0010 -1.0000 0.18015 1.00000
-0.02276 0.05434 -0.10900 0.0000 0.0010 -1.0000 0.52941 1.00000
-0.02298 0.05422 -0.10900 0.0000 0.0000 -1.0000 0.52206 1.00000
-0.02287 0.05428 -0.10900 0.0000 0.0000 -1.0000 0.52574 1.00000
-0.01931 0.05408 -0.10900 0.0000 -0.0003 -1.0000 0.18382 1.00000
-0.02310 0.05417 -0.10900 0.0000 0.0011 -1.0000 0.51838 1.00000
-0.01931 0.05408 -0.10900 0.0000 0.0011 -1.0000 0.18382 1.00000
-0.02298 0.05422 -0.10900 0.0000 0.0011 -1.0000 0.52206 1.00000
-0.02322 0.05413 -0.10900 0.0000 0.0000 -1.0000 0.51471 1.00000
-0.02310 0.05417 -0.10900 0.0000 0.0000 -1.0000 0.51838 1.00000
-0.02335 0.05409 -0.10900 0.0000 0.0000 -1.0000 0.51103 1.00000
-0.02349 0.05405 -0.10900 0.0000 0.0000 -1.0000 0.50735 1.00000
-0.01943 0.05389 -0.10900 0.0000 -0.0002 -1.0000 0.18750 1.00000
-0.02363 0.05403 -0.10900 0.0000 0.0018 -1.0000 0.50368 1.00000
-0.01943 0.05389 -0.10900 0.0000 0.0018 -1.0000 0.18750 1.00000
-0.02349 0.05405 -0.10900 0.0000 0.0018 -1.0000 0.50735 1.00000
-0.02372 0.05402 -0.10900 0.0000 -0.0040 -1.0000 0.50000 1.00000
-0.01943 0.05389 -0.10900 0.0000 -0.0040 -1.0000 0.18750 1.00000
-0.02363 0.05403 -0.10900 0.0000 -0.0040 -1.0000 0.50368 1.00000
-0.02383 0.05401 -0.10900 0.0000 0.0000 -1.0000 0.49632 1.00000
-0.02372 0.05402 -0.10900 0.0000 0.0000 -1.0000 0.50000 1.00000
-0.02396 0.05400 -0.10900 0.0000 0.0000 -1.0000 0.49265 1.00000
-0.02411 0.05399 -0.10900 0.0000 0.0000 -1.0000 0.48897 1.00000
-0.02428 0.05398 -0.10900 0.0000 -0.0046 -1.0000 0.48529 1.00000
-0.01943 0.05389 -0.10900 0.0000 -0.0046 -1.0000 0.18750 1.00000
-0.02411 0.05399 -0.10900 0.0000 -0.0046 -1.0000 0.48897 1.00000
-0.02448 0.05398 -0.10900 0.0000 0.0000 -1.0000 0.48162 1.00000
-0.02428 0.05398 -0.10900 0.0000 0.0000 -1.0000 0.48529 1.00000
-0.02469 0.05397 -0.10900 0.0000 0.0000 -1.0000 0.47794 1.00000
-0.02493 0.05397 -0.10900 0.0000 0.0000 -1.0000 0.47426 1.00000
-0.02519 0.05396 -0.10900 0.0000 -0.0062 -1.0000 0.47059 1.00000
-0.01943 0.05389 -0.10900 0.0000 -0.0062 -1.0000 0.18750 1.00000
-0.02493 0.05397 -0.10900 0.0000 -0.0062 -1.0000 0.47426 1.00000
-0.02546 0.05396 -0.10900 0.0000 0.0000 -1.0000 0.46691 1.00000
-0.02519 0.05396 -0.10900 0.0000 0.0000 -1.0000 0.47059 1.00000
-0.02576 0.05396 -0.10900 0.0000 0.0000 -1.0000 0.46324 1.00000
-0.02608 0.05396 -0.10900 0.0000 0.0192 -0.9998 0.45956 1.00000
-0.01943 0.05389 -0.10900 0.0000 0.0192 -0.9998 0.18750 1.00000
-0.02576 0.05396 -0.10900 0.0000 0.0192 -0.9998 0.46324 1.00000
-0.02829 0.05059 -0.10900 0.0000 0.0000 -1.0000 0.72794 1.00000
-0.02608 0.05396 -0.10900 0.0000 0.0000 -1.0000 0.45956 1.00000
-0.01955 0.05372 -0.10900 0.0000 -0.0003 -1.0000 0.19118 1.00000
-0.01967 0.05355 -0.10900 0.0000 0.0001 -1.0000 0.19485 1.00000
-0.01981 0.05339 -0.10900 0.0000 -0.0000 -1.0000 0.19853 1.00000
-0.01994 0.05324 -0.10900 0.0000 0.0003 -1.0000 0.20221 1.00000
-0.02009 0.05310 -0.10900 0.0000 0.0001 -1.0000 0.20588 1.00000
-0.02829 0.05059 -0.10900 0.0000 -0.0006 -1.0000 0.72794 1.00000
-0.02024 0.05297 -0.10900 0.0000 -0.0006 -1.0000 0.20956 1.00000
-0.02009 0.05310 -0.10900 0.0000 -0.0006 -1.0000 0.20588 1.00000
-0.02829 0.05059 -0.10900 0.0000 0.0006 -1.0000 0.72794 1.00000
-0.02039 0.05285 -0.10900 0.0000 0.0006 -1.0000 0.21324 1.00000
-0.02024 0.05297 -0.10900 0.0000 0.0006 -1.0000 0.20956 1.00000
-0.02055 0.05273 -0.10900 0.0000 -0.0005 -1.0000 0.21691 1.00000
-0.02039 0.05285 -0.10900 0.0000 -0.0005 -1.0000 0.21324 1.00000
-0.02071 0.05262 -0.10900 0.0000 -0.0000 -1.0000 0.22059 1.00000
-0.02055 0.05273 -0.10900 0.0000 -0.0000 -1.0000 0.21691 1.00000
-0.02088 0.05252 -0.10900 0.0000 0.0007 -1.0000 0.22426 1.00000
-0.02071 0.05262 -0.10900 0.0000 0.0007 -1.0000 0.22059 1.00000
-0.02064 0.05243 -0.10900 0.0000 0.0000 -1.0000 0.22794 1.00000
-0.02088 0.05252 -0.10900 0.0000 0.0000 -1.0000 0.22426 1.00000
-0.02041 0.05233 -0.10900 0.0000 -0.0000 -1.0000 0.23162 1.00000
-0.02018 0.05222 -0.10900 0.0000 -0.0001 -1.0000 0.23529 1.00000
-0.01997 0.05209 -0.10900 0.0000 0.0002 -1.0000 0.23897 1.00000
-0.01976 0.05196 -0.10900 0.0000 -0.0002 -1.0000 0.24265 1.00000
-0.01957 0.05181 -0.10900 0.0000 0.0000 -1.0000 0.24632 1.00000
-0.01938 0.05166 -0.10900 0.0000 -0.0000 -1.0000 0.25000 1.00000
-0.01920 0.05149 -0.10900 0.0000 -0.0001 -1.0000 0.25368 1.00000
-0.01903 0.05132 -0.10900 0.0000 0.0002 -1.0000 0.25735 1.00000
-0.01887 0.05113 -0.10900 0.0000 0.0000 -1.0000 0.26103 1.00000
-0.01872 0.05094 -0.10900 0.0000 -0.0000 -1.0000 0.26471 1.00000
-0.01857 0.05073 -0.10900 0.0000 -0.0001 -1.0000 0.26838 1.00000
-0.02559 0.05059 -0.10900 0.0000 0.0000 -1.0000 1.00000 1.00000
-0.02524 0.05059 -0.10900 0.0000 0.0000 -1.0000 0.99632 1.00000
-0.01844 0.05052 -0.10900 0.0000 -0.0000 -1.0000 0.27206 1.00000
-0.02829 0.04518 -0.10900 0.0000 0.0000 -1.0000 0.73162 1.00000
-0.02491 0.05059 -0.10900 0.0000 0.0000 -1.0000 0.99265 1.00000
-0.02460 0.05058 -0.10900 0.0000 0.0144 -0.9999 0.98897 1.00000
-0.01844 0.05052 -0.10900 0.0000 0.0144 -0.9999 0.27206 1.00000
-0.02491 0.05059 -0.10900 0.0000 0.0144 -0.9999 0.99265 1.00000
-0.02431 0.05057 -0.10900 0.0000 -0.0086 -1.0000 0.98529 1.00000
-0.01844 0.05052 -0.10900 0.0000 -0.0086 -1.0000 0.27206 1.00000
-0.02460 0.05058 -0.10900 0.0000 -0.0086 -1.0000 0.98897 1.00000
-0.02405 0.05055 -0.10900 0.0000 0.0000 -1.0000 0.98162 1.00000
-0.02431 0.05057 -0.10900 0.0000 0.0000 -1.0000 0.98529 1.00000
-0.02380 0.05053 -0.10900 0.0000 0.0000 -1.0000 0.97794 1.00000
-0.02357 0.05051 -0.10900 0.0000 0.0000 -1.0000 0.97426 1.00000
-0.01832 0.05029 -0.10900 0.0000 -0.0001 -1.0000 0.27574 1.00000
-0.02337 0.05049 -0.10900 0.0000 0.0000 -1.0000 0.97059 1.00000
-0.02318 0.05046 -0.10900 0.0000 0.0000 -1.0000 0.96691 1.00000
-0.02301 0.05042 -0.10900 0.0000 0.0000 -1.0000 0.96324 1.00000
-0.02287 0.05039 -0.10900 0.0000 0.0000 -1.0000 0.95956 1.00000
-0.02274 0.05035 -0.10900 0.0000 0.0000 -1.0000 0.95588 1.00000
-0.02262 0.05031 -0.10900 0.0000 -0.0013 -1.0000 0.95221 1.00000
-0.01832 0.05029 -0.10900 0.0000 -0.0013 -1.0000 0.27574 1.00000
-0.02274 0.05035 -0.10900 0.0000 -0.0013 -1.0000 0.95588 1.00000
-0.02251 0.05026 -0.10900 0.0000 0.0000 -1.0000 0.94853 1.00000
-0.02262 0.05031 -0.10900 0.0000 0.0000 -1.0000 0.95221 1.00000
-0.01821 0.05006 -0.10900 0.0000 0.0001 -1.0000 0.27941 1.00000
-0.02241 0.05021 -0.10900 0.0000 0.0000 -1.0000 0.94485 1.00000
-0.02231 0.05015 -0.10900 0.0000 0.0000 -1.0000 0.94118 1.00000
-0.02221 0.05008 -0.10900 0.0000 0.0000 -1.0000 0.93750 1.00000
-0.02211 0.05001 -0.10900 0.0000 0.0000 -1.0000 0.93382 1.00000
-0.01811 0.04982 -0.10900 0.0000 0.0001 -1.0000 0.28309 1.00000
-0.02202 0.04993 -0.10900 0.0000 0.0000 -1.0000 0.93015 1.00000
-0.02193 0.04985 -0.10900 0.0000 0.0000 -1.0000 0.92647 1.00000
-0.02185 0.04976 -0.10900 0.0000 0.0000 -1.0000 0.92279 1.00000
-0.01802 0.04958 -0.10900 0.0000 -0.0000 -1.0000 0.28676 1.00000
-0.02177 0.04967 -0.10900 0.0000 0.0000 -1.0000 0.91912 1.00000
-0.02169 0.04957 -0.10900 0.0000 0.0000 -1.0000 0.91544 1.00000
-0.01795 0.04932 -0.10900 0.0000 -0.0001 -1.0000 0.29044 1.00000
-0.02162 0.04947 -0.10900 0.0000 0.0006 -1.0000 0.91176 1.00000
-0.01795 0.04932 -0.10900 0.0000 0.0006 -1.0000 0.29044 1.00000
-0.02169 0.04957 -0.10900 0.0000 0.0006 -1.0000 0.91544 1.00000
-0.02155 0.04936 -0.10900 0.0000 0.0000 -1.0000 0.90809 1.00000
-0.02162 0.04947 -0.10900 0.0000 0.0000 -1.0000 0.91176 1.00000
-0.02149 0.04924 -0.10900 0.0000 0.0000 -1.0000 0.90441 1.00000
-0.01788 0.04906 -0.10900 0.0000 -0.0002 -1.0000 0.29412 1.00000
-0.02144 0.04913 -0.10900 0.0000 0.0006 -1.0000 0.90074 1.00000
-0.01788 0.04906 -0.10900 0.0000 0.0006 -1.0000 0.29412 1.00000
-0.02149 0.04924 -0.10900 0.0000 0.0006 -1.0000 0.90441 1.00000
-0.02139 0.04900 -0.10900 0.0000 0.0000 -1.0000 0.89706 1.00000
-0.02144 0.04913 -0.10900 0.0000 0.0000 -1.0000 0.90074 1.00000
-0.01783 0.04879 -0.10900 0.0000 0.0000 -1.0000 0.29779 1.00000
-0.02134 0.04887 -0.10900 0.0000 0.0000 -1.0000 0.89338 1.00000
-0.02131 0.04874 -0.10900 0.0000 0.0000 -1.0000 0.88971 1.00000
-0.01779 0.04852 -0.10900 0.0000 -0.0000 -1.0000 0.30147 1.00000
-0.02127 0.04860 -0.10900 0.0000 0.0000 -1.0000 0.88603 1.00000
-0.02125 0.04846 -0.10900 0.0000 0.0000 -1.0000 0.88235 1.00000
-0.01776 0.04823 -0.10900 0.0000 -0.0001 -1.0000 0.30515 1.00000
-0.02123 0.04831 -0.10900 0.0000 0.0000 -1.0000 0.87868 1.00000
-0.02121 0.04815 -0.10900 0.0000 0.0000 -1.0000 0.87500 1.00000
-0.01774 0.04794 -0.10900 0.0000 0.0001 -1.0000 0.30882 1.00000
-0.02120 0.04800 -0.10900 0.0000 0.0000 -1.0000 0.87132 1.00000
-0.02120 0.04783 -0.10900 0.0000 0.0000 -1.0000 0.86765 1.00000
-0.01774 0.04764 -0.10900 0.0000 0.0001 -1.0000 0.31250 1.00000
-0.02120 0.04767 -0.10900 0.0000 0.0000 -1.0000 0.86397 1.00000
-0.02121 0.04752 -0.10900 0.0000 0.0000 -1.0000 0.86029 1.00000
-0.01774 0.04728 -0.10900 0.0000 -0.0000 -1.0000 0.31618 1.00000
-0.02122 0.04737 -0.10900 0.0000 0.0000 -1.0000 0.85662 1.00000
-0.02124 0.04723 -0.10900 0.0000 0.0005 -1.0000 0.85294 1.00000
-0.01777 0.04692 -0.10900 0.0000 0.0000 -1.0000 0.31985 1.00000
-0.02127 0.04709 -0.10900 0.0000 -0.0005 -1.0000 0.84926 1.00000
-0.02130 0.04695 -0.10900 0.0000 0.0000 -1.0000 0.84559 1.00000
-0.02133 0.04682 -0.10900 0.0000 -0.0005 -1.0000 0.84191 1.00000
-0.01777 0.04692 -0.10900 0.0000 -0.0005 -1.0000 0.31985 1.00000
-0.02130 0.04695 -0.10900 0.0000 -0.0005 -1.0000 0.84559 1.00000
-0.02133 0.04682 -0.10900 0.0000 0.0001 -1.0000 0.84191 1.00000
-0.01780 0.04658 -0.10900 0.0000 0.0001 -1.0000 0.32353 1.00000
-0.02138 0.04670 -0.10900 0.0000 0.0000 -1.0000 0.83824 1.00000
-0.02142 0.04657 -0.10900 0.0000 0.0000 -1.0000 0.83456 1.00000
-0.01786 0.04624 -0.10900 0.0000 -0.0002 -1.0000 0.32721 1.00000
-0.02147 0.04646 -0.10900 0.0000 0.0000 -1.0000 0.83088 1.00000
-0.02153 0.04635 -0.10900 0.0000 0.0006 -1.0000 0.82721 1.00000
-0.01786 0.04624 -0.10900 0.0000 0.0006 -1.0000 0.32721 1.00000
-0.02147 0.04646 -0.10900 0.0000 0.0006 -1.0000 0.83088 1.00000
-0.02159 0.04624 -0.10900 0.0000 0.0000 -1.0000 0.82353 1.00000
-0.02153 0.04635 -0.10900 0.0000 0.0000 -1.0000 0.82721 1.00000
-0.01792 0.04592 -0.10900 0.0000 -0.0001 -1.0000 0.33088 1.00000
-0.02166 0.04614 -0.10900 0.0000 0.0006 -1.0000 0.81985 1.00000
-0.01792 0.04592 -0.10900 0.0000 0.0006 -1.0000 0.33088 1.00000
-0.02159 0.04624 -0.10900 0.0000 0.0006 -1.0000 0.82353 1.00000
-0.02173 0.04604 -0.10900 0.0000 -0.0006 -1.0000 0.81618 1.00000
-0.01792 0.04592 -0.10900 0.0000 -0.0006 -1.0000 0.33088 1.00000
-0.02166 0.04614 -0.10900 0.0000 -0.0006 -1.0000 0.81985 1.00000
-0.02180 0.04595 -0.10900 0.0000 0.0000 -1.0000 0.81250 1.00000
-0.02173 0.04604 -0.10900 0.0000 0.0000 -1.0000 0.81618 1.00000
-0.02188 0.04587 -0.10900 0.0000 0.0000 -1.0000 0.80882 1.00000
-0.01800 0.04560 -0.10900 0.0000 0.0000 -1.0000 0.33456 1.00000
-0.02195 0.04579 -0.10900 0.0000 0.0000 -1.0000 0.80515 1.00000
-0.02203 0.04572 -0.10900 0.0000 0.0000 -1.0000 0.80147 1.00000
-0.02212 0.04565 -0.10900 0.0000 0.0000 -1.0000 0.79779 1.00000
-0.02220 0.04559 -0.10900 0.0000 0.0009 -1.0000 0.79412 1.00000
-0.01800 0.04560 -0.10900 0.0000 0.0009 -1.0000 0.33456 1.00000
-0.02212 0.04565 -0.10900 0.0000 0.0009 -1.0000 0.79779 1.00000
-0.02220 0.04559 -0.10900 0.0000 -0.0001 -1.0000 0.79412 1.00000
-0.01810 0.04530 -0.10900 0.0000 -0.0001 -1.0000 0.33824 1.00000
-0.02229 0.04553 -0.10900 0.0000 0.0000 -1.0000 0.79044 1.00000
-0.02238 0.04548 -0.10900 0.0000 0.0000 -1.0000 0.78676 1.00000
-0.02247 0.04544 -0.10900 0.0000 -0.0011 -1.0000 0.78309 1.00000
-0.01810 0.04530 -0.10900 0.0000 -0.0011 -1.0000 0.33824 1.00000
-0.02238 0.04548 -0.10900 0.0000 -0.0011 -1.0000 0.78676 1.00000
-0.02257 0.04540 -0.10900 0.0000 0.0013 -1.0000 0.77941 1.00000
-0.01810 0.04530 -0.10900 0.0000 0.0013 -1.0000 0.33824 1.00000
-0.02247 0.04544 -0.10900 0.0000 0.0013 -1.0000 0.78309 1.00000
-0.02267 0.04536 -0.10900 0.0000 0.0000 -1.0000 0.77574 1.00000
-0.02257 0.04540 -0.10900 0.0000 0.0000 -1.0000 0.77941 1.00000
-0.02280 0.04533 -0.10900 0.0000 0.0000 -1.0000 0.77206 1.00000
-0.02295 0.04530 -0.10900 0.0000 0.0000 -1.0000 0.76838 1.00000
-0.02312 0.04528 -0.10900 0.0000 0.0000 -1.0000 0.76471 1.00000
-0.01821 0.04500 -0.10900 0.0000 0.0000 -1.0000 0.34191 1.00000
-0.02330 0.04526 -0.10900 0.0000 0.0000 -1.0000 0.76103 1.00000
-0.02351 0.04524 -0.10900 0.0000 -0.0015 -1.0000 0.75735 1.00000
-0.01821 0.04500 -0.10900 0.0000 -0.0015 -1.0000 0.34191 1.00000
-0.02330 0.04526 -0.10900 0.0000 -0.0015 -1.0000 0.76103 1.00000
-0.02374 0.04522 -0.10900 0.0000 0.0000 -1.0000 0.75368 1.00000
-0.02351 0.04524 -0.10900 0.0000 0.0000 -1.0000 0.75735 1.00000
-0.02399 0.04521 -0.10900 0.0000 0.0000 -1.0000 0.75000 1.00000
-0.02426 0.04520 -0.10900 0.0000 0.0000 -1.0000 0.74632 1.00000
-0.02455 0.04519 -0.10900 0.0000 0.0000 -1.0000 0.74265 1.00000
-0.02486 0.04519 -0.10900 0.0000 0.0000 -1.0000 0.73897 1.00000
-0.02519 0.04518 -0.10900 0.0000 0.0000 -1.0000 0.73529 1.00000
-0.01833 0.04471 -0.10900 0.0000 -0.0001 -1.0000 0.34559 1.00000
-0.01847 0.04443 -0.10900 0.0000 0.0002 -1.0000 0.34926 1.00000
-0.01863 0.04417 -0.10900 0.0000 -0.0002 -1.0000 0.35294 1.00000
-0.01880 0.04391 -0.10900 0.0000 0.0002 -1.0000 0.35662 1.00000
-0.01898 0.04366 -0.10900 0.0000 -0.0002 -1.0000 0.36029 1.00000
-0.01916 0.04343 -0.10900 0.0000 0.0002 -1.0000 0.36397 1.00000
-0.01935 0.04322 -0.10900 0.0000 -0.0001 -1.0000 0.36765 1.00000
-0.01955 0.04302 -0.10900 0.0000 0.0001 -1.0000 0.37132 1.00000
-0.01975 0.04284 -0.10900 0.0000 -0.0002 -1.0000 0.37500 1.00000
-0.01996 0.04267 -0.10900 0.0000 -0.0000 -1.0000 0.37868 1.00000
-0.02017 0.04253 -0.10900 0.0000 -0.0001 -1.0000 0.38235 1.00000
-0.02039 0.04239 -0.10900 0.0000 0.0000 -1.0000 0.38603 1.00000
-0.02061 0.04228 -0.10900 0.0000 0.0003 -1.0000 0.38971 1.00000
-0.02084 0.04218 -0.10900 0.0000 -0.0001 -1.0000 0.39338 1.00000
-0.02107 0.04209 -0.10900 0.0000 -0.0004 -1.0000 0.39706 1.00000
-0.02131 0.04202 -0.10900 0.0000 0.0000 -1.0000 0.40074 1.00000
-0.02150 0.04198 -0.10900 0.0000 0.0002 -1.0000 0.40441 1.00000
-0.03163 0.04178 -0.10900 0.0000 0.0007 -1.0000 0.44853 1.00000
-0.02172 0.04195 -0.10900 0.0000 0.0007 -1.0000 0.40809 1.00000
-0.02150 0.04198 -0.10900 0.0000 0.0007 -1.0000 0.40441 1.00000
-0.02198 0.04192 -0.10900 0.0000 0.0005 -1.0000 0.41176 1.00000
-0.02172 0.04195 -0.10900 0.0000 0.0005 -1.0000 0.40809 1.00000
-0.03163 0.04178 -0.10900 0.0000 -0.0007 -1.0000 0.44853 1.00000
-0.02228 0.04189 -0.10900 0.0000 -0.0007 -1.0000 0.41544 1.00000
-0.02198 0.04192 -0.10900 0.0000 -0.0007 -1.0000 0.41176 1.00000
-0.02261 0.04186 -0.10900 0.0000 0.0000 -1.0000 0.41912 1.00000
-0.02228 0.04189 -0.10900 0.0000 0.0000 -1.0000 0.41544 1.00000
-0.02298 0.04184 -0.10900 0.0000 -0.0007 -1.0000 0.42279 1.00000
-0.02261 0.04186 -0.10900 0.0000 -0.0007 -1.0000 0.41912 1.00000
-0.02339 0.04182 -0.10900 0.0000 0.0004 -1.0000 0.42647 1.00000
-0.02298 0.04184 -0.10900 0.0000 0.0004 -1.0000 0.42279 1.00000
-0.03163 0.04178 -0.10900 0.0000 0.0021 -1.0000 0.44853 1.00000
-0.02384 0.04180 -0.10900 0.0000 0.0021 -1.0000 0.43015 1.00000
-0.02339 0.04182 -0.10900 0.0000 0.0021 -1.0000 0.42647 1.00000
-0.03163 0.04178 -0.10900 0.0000 -0.0043 -1.0000 0.44853 1.00000
-0.02432 0.04179 -0.10900 0.0000 -0.0043 -1.0000 0.43382 1.00000
-0.02384 0.04180 -0.10900 0.0000 -0.0043 -1.0000 0.43015 1.00000
-0.03163 0.04178 -0.10900 0.0000 0.0053 -1.0000 0.44853 1.00000
-0.02484 0.04178 -0.10900 0.0000 0.0053 -1.0000 0.43750 1.00000
-0.02432 0.04179 -0.10900 0.0000 0.0053 -1.0000 0.43382 1.00000
-0.02540 0.04178 -0.10900 0.0000 -0.0009 -1.0000 0.44118 1.00000
-0.02484 0.04178 -0.10900 0.0000 -0.0009 -1.0000 0.43750 1.00000
-0.03163 0.04178 -0.10900 0.0000 -0.0124 -0.9999 0.44853 1.00000
-0.02599 0.04178 -0.10900 0.0000 -0.0124 -0.9999 0.44485 1.00000
-0.02540 0.04178 -0.10900 0.0000 -0.0124 -0.9999 0.44118 1.00000
-0.04183 0.06231 -0.10900 0.0000 0.0000 -1.0000 0.26840 1.00000
-0.04059 0.06234 -0.10900 0.0000 0.0000 -1.0000 0.27706 1.00000
-0.04103 0.06235 -0.10900 0.0000 0.0000 -1.0000 0.27273 1.00000
-0.04183 0.06231 -0.10900 0.0000 -0.0006 -1.0000 0.26840 1.00000
-0.04016 0.06231 -0.10900 0.0000 -0.0006 -1.0000 0.28139 1.00000
-0.04059 0.06234 -0.10900 0.0000 -0.0006 -1.0000 0.27706 1.00000
-0.04257 0.06221 -0.10900 0.0000 0.0000 -1.0000 0.26407 1.00000
-0.04016 0.06231 -0.10900 0.0000 0.0000 -1.0000 0.28139 1.00000
-0.03976 0.06226 -0.10900 0.0000 -0.0002 -1.0000 0.28571 1.00000
-0.03936 0.06219 -0.10900 0.0000 0.0003 -1.0000 0.29004 1.00000
-0.04326 0.06204 -0.10900 0.0000 0.0000 -1.0000 0.25974 1.00000
-0.03898 0.06209 -0.10900 0.0000 0.0001 -1.0000 0.29437 1.00000
-0.03861 0.06198 -0.10900 0.0000 -0.0001 -1.0000 0.29870 1.00000
-0.04390 0.06180 -0.10900 0.0000 0.0002 -1.0000 0.25541 1.00000
-0.03826 0.06185 -0.10900 0.0000 -0.0002 -1.0000 0.30303 1.00000
-0.03792 0.06170 -0.10900 0.0000 0.0000 -1.0000 0.30736 1.00000
-0.04448 0.06149 -0.10900 0.0000 0.0001 -1.0000 0.25108 1.00000
-0.03760 0.06152 -0.10900 0.0000 -0.0001 -1.0000 0.31169 1.00000
-0.03729 0.06133 -0.10900 0.0000 -0.0001 -1.0000 0.31602 1.00000
-0.04501 0.06111 -0.10900 0.0000 0.0000 -1.0000 0.24675 1.00000
-0.03700 0.06111 -0.10900 0.0000 0.0001 -1.0000 0.32035 1.00000
-0.03672 0.06088 -0.10900 0.0000 0.0000 -1.0000 0.32468 1.00000
-0.04548 0.06067 -0.10900 0.0000 -0.0001 -1.0000 0.24242 1.00000
-0.03646 0.06063 -0.10900 0.0000 0.0001 -1.0000 0.32900 1.00000
-0.04589 0.06015 -0.10900 0.0000 0.0000 -1.0000 0.23810 1.00000
-0.03623 0.06037 -0.10900 0.0000 -0.0001 -1.0000 0.33333 1.00000
-0.03601 0.06009 -0.10900 0.0000 0.0001 -1.0000 0.33766 1.00000
-0.04625 0.05957 -0.10900 0.0000 -0.0001 -1.0000 0.23377 1.00000
-0.03582 0.05981 -0.10900 0.0000 0.0001 -1.0000 0.34199 1.00000
-0.03565 0.05951 -0.10900 0.0000 0.0001 -1.0000 0.34632 1.00000
-0.04656 0.05892 -0.10900 0.0000 0.0000 -1.0000 0.22944 1.00000
-0.03550 0.05920 -0.10900 0.0000 0.0000 -1.0000 0.35065 1.00000
-0.04110 0.05901 -0.10900 0.0000 -0.0005 -1.0000 0.16450 1.00000
-0.03538 0.05888 -0.10900 0.0000 0.0001 -1.0000 0.35498 1.00000
-0.04656 0.05892 -0.10900 0.0000 -0.0013 -1.0000 0.22944 1.00000
-0.04143 0.05899 -0.10900 0.0000 -0.0013 -1.0000 0.16883 1.00000
-0.04110 0.05901 -0.10900 0.0000 -0.0013 -1.0000 0.16450 1.00000
-0.04090 0.05900 -0.10900 0.0000 -0.1147 -0.9934 0.16017 1.00000
-0.03538 0.05888 -0.10900 0.0000 -0.1147 -0.9934 0.35498 1.00000
-0.04110 0.05901 -0.10900 0.0000 -0.1147 -0.9934 0.16450 1.00000
-0.04072 0.05899 -0.10900 0.0000 0.0041 -1.0000 0.15584 1.00000
-0.03538 0.05888 -0.10900 0.0000 0.0041 -1.0000 0.35498 1.00000
-0.04090 0.05900 -0.10900 0.0000 0.0041 -1.0000 0.16017 1.00000
-0.04174 0.05894 -0.10900 0.0000 -0.0002 -1.0000 0.17316 1.00000
-0.04143 0.05899 -0.10900 0.0000 -0.0002 -1.0000 0.16883 1.00000
-0.04054 0.05897 -0.10900 0.0000 0.0000 -1.0000 0.15152 1.00000
-0.04072 0.05899 -0.10900 0.0000 0.0000 -1.0000 0.15584 1.00000
-0.04036 0.05893 -0.10900 0.0000 0.0000 -1.0000 0.14719 1.00000
-0.04203 0.05885 -0.10900 0.0000 0.0000 -1.0000 0.17749 1.00000
-0.04020 0.05889 -0.10900 0.0000 0.0000 -1.0000 0.14286 1.00000
-0.04681 0.05820 -0.10900 0.0000 0.0000 -1.0000 0.22511 1.00000
-0.04004 0.05883 -0.10900 0.0000 0.0000 -1.0000 0.13853 1.00000
-0.03528 0.05854 -0.10900 0.0000 -0.0001 -1.0000 0.35931 1.00000
-0.04230 0.05873 -0.10900 0.0000 0.0001 -1.0000 0.18182 1.00000
-0.03988 0.05877 -0.10900 0.0000 0.0009 -1.0000 0.13420 1.00000
-0.03528 0.05854 -0.10900 0.0000 0.0009 -1.0000 0.35931 1.00000
-0.04004 0.05883 -0.10900 0.0000 0.0009 -1.0000 0.13853 1.00000
-0.03974 0.05870 -0.10900 0.0000 0.0000 -1.0000 0.12987 1.00000
-0.03988 0.05877 -0.10900 0.0000 0.0000 -1.0000 0.13420 1.00000
-0.04255 0.05857 -0.10900 0.0000 -0.0002 -1.0000 0.18615 1.00000
-0.03960 0.05861 -0.10900 0.0000 0.0000 -1.0000 0.12554 1.00000
-0.03947 0.05852 -0.10900 0.0000 0.0000 -1.0000 0.12121 1.00000
-0.04278 0.05837 -0.10900 0.0000 0.0002 -1.0000 0.19048 1.00000
-0.03520 0.05820 -0.10900 0.0000 0.0000 -1.0000 0.36364 1.00000
-0.03934 0.05842 -0.10900 0.0000 0.0000 -1.0000 0.11688 1.00000
-0.03923 0.05831 -0.10900 0.0000 0.0000 -1.0000 0.11255 1.00000
-0.04299 0.05815 -0.10900 0.0000 -0.0001 -1.0000 0.19481 1.00000
-0.03912 0.05818 -0.10900 0.0000 0.0000 -1.0000 0.10823 1.00000
-0.04700 0.05741 -0.10900 0.0000 0.0000 -1.0000 0.22078 1.00000
-0.03514 0.05784 -0.10900 0.0000 -0.0001 -1.0000 0.36797 1.00000
-0.03902 0.05806 -0.10900 0.0000 0.0000 -1.0000 0.10390 1.00000
-0.04318 0.05788 -0.10900 0.0000 -0.0000 -1.0000 0.19913 1.00000
-0.03893 0.05792 -0.10900 0.0000 0.0000 -1.0000 0.09957 1.00000
-0.03885 0.05778 -0.10900 0.0000 0.0000 -1.0000 0.09524 1.00000
-0.04335 0.05758 -0.10900 0.0000 0.0000 -1.0000 0.20346 1.00000
-0.03511 0.05747 -0.10900 0.0000 0.0000 -1.0000 0.37229 1.00000
-0.03878 0.05764 -0.10900 0.0000 -0.0004 -1.0000 0.09091 1.00000
-0.03872 0.05748 -0.10900 0.0000 0.0000 -1.0000 0.08658 1.00000
-0.04350 0.05725 -0.10900 0.0000 0.0001 -1.0000 0.20779 1.00000
-0.03866 0.05732 -0.10900 0.0000 0.0000 -1.0000 0.08225 1.00000
-0.03509 0.05709 -0.10900 0.0000 0.0000 -1.0000 0.37662 1.00000
-0.04375 0.05647 -0.10900 0.0000 0.0000 -1.0000 0.21645 1.00000
-0.04363 0.05688 -0.10900 0.0000 0.0000 -1.0000 0.21212 1.00000
-0.03862 0.05715 -0.10900 0.0000 0.0000 -1.0000 0.07792 1.00000
-0.03859 0.05698 -0.10900 0.0000 0.0000 -1.0000 0.07359 1.00000
-0.03511 0.05662 -0.10900 0.0000 0.0000 -1.0000 0.38095 1.00000
-0.03856 0.05680 -0.10900 0.0000 0.0000 -1.0000 0.06926 1.00000
-0.03855 0.05661 -0.10900 0.0000 0.0000 -1.0000 0.06494 1.00000
-0.03517 0.05616 -0.10900 0.0000 0.0000 -1.0000 0.38528 1.00000
-0.03854 0.05642 -0.10900 0.0000 0.0000 -1.0000 0.06061 1.00000
-0.03857 0.05590 -0.10900 0.0000 0.0000 -1.0000 0.05628 1.00000
-0.03527 0.05572 -0.10900 0.0000 -0.0000 -1.0000 0.38961 1.00000
-0.03864 0.05543 -0.10900 0.0000 0.0000 -1.0000 0.05195 1.00000
-0.03540 0.05529 -0.10900 0.0000 -0.0000 -1.0000 0.39394 1.00000
-0.03876 0.05500 -0.10900 0.0000 0.0000 -1.0000 0.04762 1.00000
-0.03557 0.05488 -0.10900 0.0000 0.0001 -1.0000 0.39827 1.00000
-0.03893 0.05463 -0.10900 0.0000 -0.0002 -1.0000 0.04329 1.00000
-0.03578 0.05449 -0.10900 0.0000 0.0001 -1.0000 0.40260 1.00000
-0.03915 0.05430 -0.10900 0.0000 0.0000 -1.0000 0.03896 1.00000
-0.03603 0.05411 -0.10900 0.0000 0.0001 -1.0000 0.40693 1.00000
-0.03942 0.05402 -0.10900 0.0000 0.0000 -1.0000 0.03463 1.00000
-0.03632 0.05375 -0.10900 0.0000 0.0000 -1.0000 0.41126 1.00000
-0.03974 0.05379 -0.10900 0.0000 -0.0003 -1.0000 0.03030 1.00000
-0.04010 0.05360 -0.10900 0.0000 0.0000 -1.0000 0.02597 1.00000
-0.03664 0.05340 -0.10900 0.0000 0.0000 -1.0000 0.41558 1.00000
-0.04052 0.05346 -0.10900 0.0000 0.0004 -1.0000 0.02165 1.00000
-0.04098 0.05337 -0.10900 0.0000 0.0000 -1.0000 0.01732 1.00000
-0.03700 0.05307 -0.10900 0.0000 -0.0000 -1.0000 0.41991 1.00000
-0.04149 0.05333 -0.10900 0.0000 0.0000 -1.0000 0.01299 1.00000
-0.04205 0.05028 -0.10900 0.0000 0.0000 -1.0000 0.00433 1.00000
-0.04205 0.05334 -0.10900 0.0000 0.0000 -1.0000 0.00866 1.00000
-0.03740 0.05276 -0.10900 0.0000 0.0003 -1.0000 0.42424 1.00000
-0.03784 0.05246 -0.10900 0.0000 -0.0004 -1.0000 0.42857 1.00000
-0.03731 0.05220 -0.10900 0.0000 -0.0000 -1.0000 0.43290 1.00000
-0.03683 0.05191 -0.10900 0.0000 0.0000 -1.0000 0.43723 1.00000
-0.03639 0.05159 -0.10900 0.0000 0.0000 -1.0000 0.44156 1.00000
-0.03600 0.05125 -0.10900 0.0000 -0.0001 -1.0000 0.44589 1.00000
-0.03566 0.05087 -0.10900 0.0000 0.0001 -1.0000 0.45022 1.00000
-0.03536 0.05046 -0.10900 0.0000 -0.0001 -1.0000 0.45455 1.00000
-0.04205 0.05028 -0.10900 0.0000 0.0017 -1.0000 0.00433 1.00000
-0.04132 0.05028 -0.10900 0.0000 0.0017 -1.0000 0.00000 1.00000
-0.03536 0.05046 -0.10900 0.0000 0.0017 -1.0000 0.45455 1.00000
-0.04132 0.05028 -0.10900 0.0000 0.0000 -1.0000 0.00000 1.00000
-0.04106 0.05027 -0.10900 0.0000 0.0000 -1.0000 1.00000 1.00000
-0.03510 0.05002 -0.10900 0.0000 0.0000 -1.0000 0.45887 1.00000
-0.04081 0.05025 -0.10900 0.0000 0.0000 -1.0000 0.99567 1.00000
-0.04057 0.05023 -0.10900 0.0000 -0.0026 -1.0000 0.99134 1.00000
-0.03510 0.05002 -0.10900 0.0000 -0.0026 -1.0000 0.45887 1.00000
-0.04081 0.05025 -0.10900 0.0000 -0.0026 -1.0000 0.99567 1.00000
-0.04034 0.05019 -0.10900 0.0000 0.0000 -1.0000 0.98701 1.00000
-0.04057 0.05023 -0.10900 0.0000 0.0000 -1.0000 0.99134 1.00000
-0.04012 0.05015 -0.10900 0.0000 0.0000 -1.0000 0.98268 1.00000
-0.03991 0.05009 -0.10900 0.0000 0.0000 -1.0000 0.97835 1.00000
-0.03971 0.05003 -0.10900 0.0000 -0.0008 -1.0000 0.97403 1.00000
-0.03510 0.05002 -0.10900 0.0000 -0.0008 -1.0000 0.45887 1.00000
-0.03991 0.05009 -0.10900 0.0000 -0.0008 -1.0000 0.97835 1.00000
-0.03952 0.04995 -0.10900 0.0000 0.0000 -1.0000 0.96970 1.00000
-0.03971 0.05003 -0.10900 0.0000 0.0000 -1.0000 0.97403 1.00000
-0.03490 0.04955 -0.10900 0.0000 -0.0000 -1.0000 0.46320 1.00000
-0.03934 0.04986 -0.10900 0.0000 0.0000 -1.0000 0.96537 1.00000
-0.03917 0.04977 -0.10900 0.0000 0.0000 -1.0000 0.96104 1.00000
-0.03901 0.04966 -0.10900 0.0000 0.0000 -1.0000 0.95671 1.00000
-0.03885 0.04954 -0.10900 0.0000 0.0000 -1.0000 0.95238 1.00000
-0.03474 0.04906 -0.10900 0.0000 0.0001 -1.0000 0.46753 1.00000
-0.03871 0.04942 -0.10900 0.0000 -0.0005 -1.0000 0.94805 1.00000
-0.03474 0.04906 -0.10900 0.0000 -0.0005 -1.0000 0.46753 1.00000
-0.03885 0.04954 -0.10900 0.0000 -0.0005 -1.0000 0.95238 1.00000
-0.03859 0.04928 -0.10900 0.0000 0.0000 -1.0000 0.94372 1.00000
-0.03871 0.04942 -0.10900 0.0000 0.0000 -1.0000 0.94805 1.00000
-0.03847 0.04914 -0.10900 0.0000 0.0004 -1.0000 0.93939 1.00000
-0.03837 0.04899 -0.10900 0.0000 -0.0004 -1.0000 0.93506 1.00000
-0.03462 0.04853 -0.10900 0.0000 0.0000 -1.0000 0.47186 1.00000
-0.03828 0.04884 -0.10900 0.0000 0.0000 -1.0000 0.93074 1.00000
-0.03820 0.04867 -0.10900 0.0000 0.0004 -1.0000 0.92641 1.00000
-0.03813 0.04850 -0.10900 0.0000 -0.0004 -1.0000 0.92208 1.00000
-0.03455 0.04797 -0.10900 0.0000 0.0000 -1.0000 0.47619 1.00000
-0.03808 0.04832 -0.10900 0.0000 0.0000 -1.0000 0.91775 1.00000
-0.03803 0.04813 -0.10900 0.0000 0.0000 -1.0000 0.91342 1.00000
-0.03800 0.04793 -0.10900 0.0000 0.0000 -1.0000 0.90909 1.00000
-0.03453 0.04738 -0.10900 0.0000 0.0000 -1.0000 0.48052 1.00000
-0.03798 0.04773 -0.10900 0.0000 0.0000 -1.0000 0.90476 1.00000
-0.03798 0.04752 -0.10900 0.0000 0.0003 -1.0000 0.90043 1.00000
-0.04731 0.04644 -0.10900 0.0000 -0.0001 -1.0000 0.68831 1.00000
-0.04415 0.04740 -0.10900 0.0000 -0.0001 -1.0000 0.69697 1.00000
-0.04423 0.04768 -0.10900 0.0000 -0.0001 -1.0000 0.69264 1.00000
-0.03798 0.04731 -0.10900 0.0000 0.0000 -1.0000 0.89610 1.00000
-0.04407 0.04713 -0.10900 0.0000 0.0001 -1.0000 0.70130 1.00000
-0.03454 0.04692 -0.10900 0.0000 -0.0000 -1.0000 0.48485 1.00000
-0.03800 0.04712 -0.10900 0.0000 0.0000 -1.0000 0.89177 1.00000
-0.04398 0.04688 -0.10900 0.0000 -0.0000 -1.0000 0.70563 1.00000
-0.03803 0.04693 -0.10900 0.0000 0.0000 -1.0000 0.88745 1.00000
-0.03807 0.04674 -0.10900 0.0000 0.0004 -1.0000 0.88312 1.00000
-0.03458 0.04649 -0.10900 0.0000 0.0000 -1.0000 0.48918 1.00000
-0.04389 0.04665 -0.10900 0.0000 0.0002 -1.0000 0.70996 1.00000
-0.03812 0.04657 -0.10900 0.0000 0.0000 -1.0000 0.87879 1.00000
-0.04380 0.04643 -0.10900 0.0000 -0.0002 -1.0000 0.71429 1.00000
-0.03819 0.04640 -0.10900 0.0000 0.0000 -1.0000 0.87446 1.00000
-0.03463 0.04607 -0.10900 0.0000 -0.0000 -1.0000 0.49351 1.00000
-0.04717 0.04596 -0.10900 0.0000 0.0000 -1.0000 0.68398 1.00000
-0.04370 0.04623 -0.10900 0.0000 -0.0000 -1.0000 0.71861 1.00000
-0.03826 0.04623 -0.10900 0.0000 0.0000 -1.0000 0.87013 1.00000
-0.03835 0.04608 -0.10900 0.0000 -0.0004 -1.0000 0.86580 1.00000
-0.04360 0.04605 -0.10900 0.0000 0.0002 -1.0000 0.72294 1.00000
-0.03844 0.04593 -0.10900 0.0000 0.0000 -1.0000 0.86147 1.00000
-0.03472 0.04566 -0.10900 0.0000 0.0000 -1.0000 0.49784 1.00000
-0.04350 0.04588 -0.10900 0.0000 -0.0001 -1.0000 0.72727 1.00000
-0.04702 0.04551 -0.10900 0.0000 0.0001 -1.0000 0.67965 1.00000
-0.03855 0.04579 -0.10900 0.0000 0.0000 -1.0000 0.85714 1.00000
-0.04339 0.04572 -0.10900 0.0000 -0.0003 -1.0000 0.73160 1.00000
-0.03867 0.04565 -0.10900 0.0000 0.0000 -1.0000 0.85281 1.00000
-0.04328 0.04558 -0.10900 0.0000 0.0000 -1.0000 0.73593 1.00000
-0.03482 0.04527 -0.10900 0.0000 0.0001 -1.0000 0.50216 1.00000
-0.03881 0.04552 -0.10900 0.0000 0.0000 -1.0000 0.84848 1.00000
-0.04316 0.04546 -0.10900 0.0000 0.0003 -1.0000 0.74026 1.00000
-0.03895 0.04540 -0.10900 0.0000 0.0000 -1.0000 0.84416 1.00000
-0.04686 0.04509 -0.10900 0.0000 0.0000 -1.0000 0.67532 1.00000
-0.04304 0.04536 -0.10900 0.0000 -0.0004 -1.0000 0.74459 1.00000
-0.03910 0.04529 -0.10900 0.0000 0.0000 -1.0000 0.83983 1.00000
-0.04292 0.04526 -0.10900 0.0000 0.0003 -1.0000 0.74892 1.00000
-0.03926 0.04519 -0.10900 0.0000 0.0000 -1.0000 0.83550 1.00000
-0.03495 0.04490 -0.10900 0.0000 -0.0000 -1.0000 0.50649 1.00000
-0.04278 0.04518 -0.10900 0.0000 -0.0001 -1.0000 0.75325 1.00000
-0.03942 0.04510 -0.10900 0.0000 0.0000 -1.0000 0.83117 1.00000
-0.04264 0.04510 -0.10900 0.0000 -0.0003 -1.0000 0.75758 1.00000
-0.03959 0.04503 -0.10900 0.0000 0.0006 -1.0000 0.82684 1.00000
-0.03495 0.04490 -0.10900 0.0000 0.0006 -1.0000 0.50649 1.00000
-0.03942 0.04510 -0.10900 0.0000 0.0006 -1.0000 0.83117 1.00000
-0.04249 0.04503 -0.10900 0.0000 -0.0000 -1.0000 0.76190 1.00000
-0.04669 0.04469 -0.10900 0.0000 0.0000 -1.0000 0.67100 1.00000
-0.04234 0.04497 -0.10900 0.0000 0.0002 -1.0000 0.76623 1.00000
-0.03978 0.04496 -0.10900 0.0000 0.0000 -1.0000 0.82251 1.00000
-0.03959 0.04503 -0.10900 0.0000 0.0000 -1.0000 0.82684 1.00000
-0.04217 0.04492 -0.10900 0.0000 -0.0003 -1.0000 0.77056 1.00000
-0.03996 0.04490 -0.10900 0.0000 0.0000 -1.0000 0.81818 1.00000
-0.04200 0.04487 -0.10900 0.0000 0.0003 -1.0000 0.77489 1.00000
-0.03510 0.04455 -0.10900 0.0000 0.0000 -1.0000 0.51082 1.00000
-0.04016 0.04485 -0.10900 0.0000 0.0000 -1.0000 0.81385 1.00000
-0.04182 0.04484 -0.10900 0.0000 -0.0004 -1.0000 0.77922 1.00000
-0.04037 0.04482 -0.10900 0.0000 0.0000 -1.0000 0.80952 1.00000
-0.04164 0.04481 -0.10900 0.0000 0.0000 -1.0000 0.78355 1.00000
-0.04058 0.04479 -0.10900 0.0000 0.0000 -1.0000 0.80519 1.00000
-0.04144 0.04479 -0.10900 0.0000 -0.0005 -1.0000 0.78788 1.00000
-0.04080 0.04478 -0.10900 0.0000 0.0000 -1.0000 0.80087 1.00000
-0.04124 0.04477 -0.10900 0.0000 0.0002 -1.0000 0.79221 1.00000
-0.04103 0.04477 -0.10900 0.0000 0.0000 -1.0000 0.79654 1.00000
-0.04669 0.04469 -0.10900 0.0000 -0.0011 -1.0000 0.67100 1.00000
-0.04103 0.04477 -0.10900 0.0000 -0.0011 -1.0000 0.79654 1.00000
-0.04124 0.04477 -0.10900 0.0000 -0.0011 -1.0000 0.79221 1.00000
-0.04651 0.04432 -0.10900 0.0000 0.0000 -1.0000 0.66667 1.00000
-0.03527 0.04421 -0.10900 0.0000 -0.0001 -1.0000 0.51515 1.00000
-0.04633 0.04398 -0.10900 0.0000 0.0001 -1.0000 0.66234 1.00000
-0.03547 0.04389 -0.10900 0.0000 0.0000 -1.0000 0.51948 1.00000
-0.04613 0.04366 -0.10900 0.0000 -0.0001 -1.0000 0.65801 1.00000
-0.03569 0.04358 -0.10900 0.0000 -0.0000 -1.0000 0.52381 1.00000
-0.04593 0.04337 -0.10900 0.0000 0.0000 -1.0000 0.65368 1.00000
-0.03594 0.04329 -0.10900 0.0000 0.0001 -1.0000 0.52814 1.00000
-0.04571 0.04310 -0.10900 0.0000 0.0000 -1.0000 0.64935 1.00000
-0.03621 0.04302 -0.10900 0.0000 0.0000 -1.0000 0.53247 1.00000
-0.04549 0.04286 -0.10900 0.0000 0.0000 -1.0000 0.64502 1.00000
-0.03649 0.04276 -0.10900 0.0000 0.0001 -1.0000 0.53680 1.00000
-0.04526 0.04265 -0.10900 0.0000 0.0000 -1.0000 0.64069 1.00000
-0.03680 0.04253 -0.10900 0.0000 -0.0001 -1.0000 0.54113 1.00000
-0.04502 0.04247 -0.10900 0.0000 0.0000 -1.0000 0.63636 1.00000
-0.03713 0.04232 -0.10900 0.0000 -0.0001 -1.0000 0.54545 1.00000
-0.04476 0.04230 -0.10900 0.0000 0.0004 -1.0000 0.63203 1.00000
-0.03748 0.04214 -0.10900 0.0000 -0.0000 -1.0000 0.54978 1.00000
-0.04449 0.04215 -0.10900 0.0000 0.0000 -1.0000 0.62771 1.00000
-0.04421 0.04201 -0.10900 0.0000 0.0000 -1.0000 0.62338 1.00000
-0.03784 0.04197 -0.10900 0.0000 0.0000 -1.0000 0.55411 1.00000
-0.04391 0.04189 -0.10900 0.0000 0.0000 -1.0000 0.61905 1.00000
-0.03823 0.04183 -0.10900 0.0000 -0.0001 -1.0000 0.55844 1.00000
-0.04359 0.04178 -0.10900 0.0000 0.0000 -1.0000 0.61472 1.00000
-0.03863 0.04171 -0.10900 0.0000 -0.0001 -1.0000 0.56277 1.00000
-0.04326 0.04169 -0.10900 0.0000 0.0005 -1.0000 0.61039 1.00000
-0.03863 0.04171 -0.10900 0.0000 0.0005 -1.0000 0.56277 1.00000
-0.04359 0.04178 -0.10900 0.0000 0.0005 -1.0000 0.61472 1.00000
-0.04326 0.04169 -0.10900 0.0000 -0.0005 -1.0000 0.61039 1.00000
-0.03906 0.04161 -0.10900 0.0000 -0.0005 -1.0000 0.56710 1.00000
-0.04291 0.04161 -0.10900 0.0000 0.0008 -1.0000 0.60606 1.00000
-0.03906 0.04161 -0.10900 0.0000 0.0008 -1.0000 0.56710 1.00000
-0.04255 0.04155 -0.10900 0.0000 0.0000 -1.0000 0.60173 1.00000
-0.04291 0.04161 -0.10900 0.0000 0.0000 -1.0000 0.60606 1.00000
-0.04255 0.04155 -0.10900 0.0000 -0.0006 -1.0000 0.60173 1.00000
-0.03950 0.04153 -0.10900 0.0000 -0.0006 -1.0000 0.57143 1.00000
-0.03906 0.04161 -0.10900 0.0000 -0.0006 -1.0000 0.56710 1.00000
-0.04217 0.04150 -0.10900 0.0000 0.0000 -1.0000 0.59740 1.00000
-0.03950 0.04153 -0.10900 0.0000 0.0000 -1.0000 0.57143 1.00000
-0.03996 0.04147 -0.10900 0.0000 -0.0004 -1.0000 0.57576 1.00000
-0.04178 0.04146 -0.10900 0.0000 0.0000 -1.0000 0.59307 1.00000
-0.04044 0.04144 -0.10900 0.0000 0.0000 -1.0000 0.58009 1.00000
-0.04137 0.04144 -0.10900 0.0000 0.0000 -1.0000 0.58874 1.00000
-0.04095 0.04143 -0.10900 0.0000 0.0000 -1.0000 0.58442 1.00000
-0.06617 0.05813 -0.10900 0.0000 0.0000 -1.0000 0.00000 1.00000
-0.05529 0.06173 -0.10900 0.0000 0.0000 -1.0000 0.03125 1.00000
-0.06617 0.06173 -0.10900 0.0000 0.0000 -1.0000 0.01562 1.00000
-0.05529 0.05891 -0.10900 0.0000 0.0000 -1.0000 0.04688 1.00000
-0.05552 0.05863 -0.10900 0.0000 0.0000 -1.0000 0.06250 1.00000
-0.05574 0.05834 -0.10900 0.0000 -0.0000 -1.0000 0.07812 1.00000
-0.05894 0.05813 -0.10900 0.0000 0.0000 -1.0000 1.00000 1.00000
-0.05597 0.05802 -0.10900 0.0000 -0.0001 -1.0000 0.09375 1.00000
-0.05931 0.05754 -0.10900 0.0000 0.0001 -1.0000 0.98438 1.00000
-0.05619 0.05769 -0.10900 0.0000 0.0000 -1.0000 0.10938 1.00000
-0.05642 0.05733 -0.10900 0.0000 -0.0000 -1.0000 0.12500 1.00000
-0.05966 0.05695 -0.10900 0.0000 -0.0001 -1.0000 0.96875 1.00000
-0.05664 0.05696 -0.10900 0.0000 0.0001 -1.0000 0.14062 1.00000
-0.05687 0.05657 -0.10900 0.0000 0.0000 -1.0000 0.15625 1.00000
-0.06000 0.05634 -0.10900 0.0000 0.0000 -1.0000 0.95312 1.00000
-0.05709 0.05616 -0.10900 0.0000 -0.0001 -1.0000 0.17188 1.00000
-0.06033 0.05573 -0.10900 0.0000 0.0000 -1.0000 0.93750 1.00000
-0.05732 0.05573 -0.10900 0.0000 0.0001 -1.0000 0.18750 1.00000
-0.05755 0.05528 -0.10900 0.0000 0.0000 -1.0000 0.20312 1.00000
-0.06065 0.05510 -0.10900 0.0000 -0.0001 -1.0000 0.92188 1.00000
-0.05778 0.05481 -0.10900 0.0000 0.0001 -1.0000 0.21875 1.00000
-0.06096 0.05446 -0.10900 0.0000 0.0000 -1.0000 0.90625 1.00000
-0.05801 0.05432 -0.10900 0.0000 -0.0000 -1.0000 0.23438 1.00000
-0.06125 0.05380 -0.10900 0.0000 0.0000 -1.0000 0.89062 1.00000
-0.05823 0.05383 -0.10900 0.0000 -0.0000 -1.0000 0.25000 1.00000
-0.05845 0.05332 -0.10900 0.0000 0.0001 -1.0000 0.26562 1.00000
-0.06153 0.05314 -0.10900 0.0000 0.0000 -1.0000 0.87500 1.00000
-0.05865 0.05281 -0.10900 0.0000 0.0000 -1.0000 0.28125 1.00000
-0.06179 0.05247 -0.10900 0.0000 0.0000 -1.0000 0.85938 1.00000
-0.05885 0.05230 -0.10900 0.0000 0.0000 -1.0000 0.29688 1.00000
-0.06204 0.05178 -0.10900 0.0000 -0.0001 -1.0000 0.84375 1.00000
-0.05904 0.05177 -0.10900 0.0000 0.0000 -1.0000 0.31250 1.00000
-0.06228 0.05108 -0.10900 0.0000 -0.0001 -1.0000 0.82812 1.00000
-0.05922 0.05124 -0.10900 0.0000 0.0001 -1.0000 0.32812 1.00000
-0.05940 0.05071 -0.10900 0.0000 -0.0001 -1.0000 0.34375 1.00000
-0.06251 0.05037 -0.10900 0.0000 0.0001 -1.0000 0.81250 1.00000
-0.05956 0.05017 -0.10900 0.0000 -0.0001 -1.0000 0.35938 1.00000
-0.06272 0.04966 -0.10900 0.0000 -0.0001 -1.0000 0.79688 1.00000
-0.05972 0.04962 -0.10900 0.0000 0.0001 -1.0000 0.37500 1.00000
-0.06292 0.04894 -0.10900 0.0000 0.0001 -1.0000 0.78125 1.00000
-0.05986 0.04907 -0.10900 0.0000 -0.0001 -1.0000 0.39062 1.00000
-0.06000 0.04851 -0.10900 0.0000 -0.0000 -1.0000 0.40625 1.00000
-0.06310 0.04823 -0.10900 0.0000 0.0000 -1.0000 0.76562 1.00000
-0.06013 0.04795 -0.10900 0.0000 -0.0000 -1.0000 0.42188 1.00000
-0.06326 0.04751 -0.10900 0.0000 0.0000 -1.0000 0.75000 1.00000
-0.06025 0.04739 -0.10900 0.0000 0.0000 -1.0000 0.43750 1.00000
-0.06340 0.04679 -0.10900 0.0000 0.0001 -1.0000 0.73438 1.00000
-0.06036 0.04683 -0.10900 0.0000 0.0000 -1.0000 0.45312 1.00000
-0.06046 0.04629 -0.10900 0.0000 -0.0000 -1.0000 0.46875 1.00000
-0.06353 0.04608 -0.10900 0.0000 -0.0001 -1.0000 0.71875 1.00000
-0.06055 0.04575 -0.10900 0.0000 0.0001 -1.0000 0.48438 1.00000
-0.06364 0.04536 -0.10900 0.0000 0.0000 -1.0000 0.70312 1.00000
-0.06063 0.04523 -0.10900 0.0000 0.0000 -1.0000 0.50000 1.00000
-0.06374 0.04464 -0.10900 0.0000 0.0000 -1.0000 0.68750 1.00000
-0.06070 0.04471 -0.10900 0.0000 0.0001 -1.0000 0.51562 1.00000
-0.06075 0.04420 -0.10900 0.0000 -0.0000 -1.0000 0.53125 1.00000
-0.06382 0.04393 -0.10900 0.0000 0.0000 -1.0000 0.67188 1.00000
-0.06080 0.04369 -0.10900 0.0000 0.0001 -1.0000 0.54688 1.00000
-0.06388 0.04321 -0.10900 0.0000 -0.0001 -1.0000 0.65625 1.00000
-0.06084 0.04320 -0.10900 0.0000 0.0000 -1.0000 0.56250 1.00000
-0.06392 0.04249 -0.10900 0.0000 0.0000 -1.0000 0.64062 1.00000
-0.06086 0.04272 -0.10900 0.0000 0.0001 -1.0000 0.57812 1.00000
-0.06088 0.04224 -0.10900 0.0000 -0.0000 -1.0000 0.59375 1.00000
-0.06395 0.04178 -0.10900 0.0000 0.0000 -1.0000 0.62500 1.00000
-0.06088 0.04178 -0.10900 0.0000 -0.0001 -1.0000 0.60938 1.00000
-0.07414 0.06208 -0.10900 0.0000 0.0021 -1.0000 0.60265 1.00000
-0.07344 0.06208 -0.10900 0.0000 0.0021 -1.0000 0.60927 1.00000
-0.07381 0.06209 -0.10900 0.0000 0.0021 -1.0000 0.60596 1.00000
-0.07446 0.06205 -0.10900 0.0000 -0.0015 -1.0000 0.59934 1.00000
-0.07344 0.06208 -0.10900 0.0000 -0.0015 -1.0000 0.60927 1.00000
-0.07414 0.06208 -0.10900 0.0000 -0.0015 -1.0000 0.60265 1.00000
-0.07446 0.06205 -0.10900 0.0000 0.0007 -1.0000 0.59934 1.00000
-0.07308 0.06204 -0.10900 0.0000 0.0007 -1.0000 0.61258 1.00000
-0.07344 0.06208 -0.10900 0.0000 0.0007 -1.0000 0.60927 1.00000
-0.07478 0.06201 -0.10900 0.0000 -0.0009 -1.0000 0.59603 1.00000
-0.07308 0.06204 -0.10900 0.0000 -0.0009 -1.0000 0.61258 1.00000
-0.07446 0.06205 -0.10900 0.0000 -0.0009 -1.0000 0.59934 1.00000
-0.07478 0.06201 -0.10900 0.0000 0.0007 -1.0000 0.59603 1.00000
-0.07274 0.06199 -0.10900 0.0000 0.0007 -1.0000 0.61589 1.00000
-0.07508 0.06195 -0.10900 0.0000 0.0000 -1.0000 0.59272 1.00000
-0.07274 0.06199 -0.10900 0.0000 0.0000 -1.0000 0.61589 1.00000
-0.07478 0.06201 -0.10900 0.0000 0.0000 -1.0000 0.59603 1.00000
-0.07241 0.06191 -0.10900 0.0000 0.0002 -1.0000 0.61921 1.00000
-0.07537 0.06187 -0.10900 0.0000 0.0000 -1.0000 0.58940 1.00000
-0.07209 0.06181 -0.10900 0.0000 -0.0001 -1.0000 0.62252 1.00000
-0.07565 0.06177 -0.10900 0.0000 0.0000 -1.0000 0.58609 1.00000
-0.07178 0.06168 -0.10900 0.0000 0.0000 -1.0000 0.62583 1.00000
-0.07593 0.06166 -0.10900 0.0000 0.0005 -1.0000 0.58278 1.00000
-0.07178 0.06168 -0.10900 0.0000 0.0005 -1.0000 0.62583 1.00000
-0.07565 0.06177 -0.10900 0.0000 0.0005 -1.0000 0.58609 1.00000
-0.07593 0.06166 -0.10900 0.0000 -0.0001 -1.0000 0.58278 1.00000
-0.07149 0.06154 -0.10900 0.0000 -0.0001 -1.0000 0.62914 1.00000
-0.07619 0.06153 -0.10900 0.0000 0.0000 -1.0000 0.57947 1.00000
-0.07121 0.06137 -0.10900 0.0000 0.0001 -1.0000 0.63245 1.00000
-0.07645 0.06138 -0.10900 0.0000 0.0000 -1.0000 0.57616 1.00000
-0.07669 0.06121 -0.10900 0.0000 0.0000 -1.0000 0.57285 1.00000
-0.07094 0.06118 -0.10900 0.0000 0.0000 -1.0000 0.63576 1.00000
-0.07693 0.06103 -0.10900 0.0000 -0.0002 -1.0000 0.56954 1.00000
-0.07069 0.06097 -0.10900 0.0000 0.0001 -1.0000 0.63907 1.00000
-0.07715 0.06083 -0.10900 0.0000 0.0000 -1.0000 0.56623 1.00000
-0.07045 0.06073 -0.10900 0.0000 -0.0001 -1.0000 0.64238 1.00000
-0.07737 0.06061 -0.10900 0.0000 0.0003 -1.0000 0.56291 1.00000
-0.07022 0.06047 -0.10900 0.0000 -0.0000 -1.0000 0.64570 1.00000
-0.07757 0.06037 -0.10900 0.0000 -0.0003 -1.0000 0.55960 1.00000
-0.07000 0.06020 -0.10900 0.0000 0.0001 -1.0000 0.64901 1.00000
-0.07776 0.06011 -0.10900 0.0000 0.0002 -1.0000 0.55629 1.00000
-0.06981 0.05992 -0.10900 0.0000 -0.0001 -1.0000 0.65232 1.00000
-0.07794 0.05982 -0.10900 0.0000 0.0000 -1.0000 0.55298 1.00000
-0.06963 0.05964 -0.10900 0.0000 -0.0000 -1.0000 0.65563 1.00000
-0.07810 0.05952 -0.10900 0.0000 0.0000 -1.0000 0.54967 1.00000
-0.06948 0.05936 -0.10900 0.0000 0.0001 -1.0000 0.65894 1.00000
-0.07826 0.05920 -0.10900 0.0000 0.0000 -1.0000 0.54636 1.00000
-0.06934 0.05907 -0.10900 0.0000 -0.0000 -1.0000 0.66225 1.00000
-0.07840 0.05885 -0.10900 0.0000 0.0000 -1.0000 0.54305 1.00000
-0.07391 0.05890 -0.10900 0.0000 0.0004 -1.0000 0.44371 1.00000
-0.06922 0.05877 -0.10900 0.0000 -0.0001 -1.0000 0.66556 1.00000
-0.07840 0.05885 -0.10900 0.0000 0.0068 -1.0000 0.54305 1.00000
-0.07404 0.05889 -0.10900 0.0000 0.0068 -1.0000 0.44702 1.00000
-0.07391 0.05890 -0.10900 0.0000 0.0068 -1.0000 0.44371 1.00000
-0.07378 0.05889 -0.10900 0.0000 0.0830 -0.9965 0.44040 1.00000
-0.06922 0.05877 -0.10900 0.0000 0.0830 -0.9965 0.66556 1.00000
-0.07391 0.05890 -0.10900 0.0000 0.0830 -0.9965 0.44371 1.00000
-0.07365 0.05888 -0.10900 0.0000 0.0000 -1.0000 0.43709 1.00000
-0.07378 0.05889 -0.10900 0.0000 0.0000 -1.0000 0.44040 1.00000
-0.07840 0.05885 -0.10900 0.0000 -0.0029 -1.0000 0.54305 1.00000
-0.07417 0.05888 -0.10900 0.0000 -0.0029 -1.0000 0.45033 1.00000
-0.07404 0.05889 -0.10900 0.0000 -0.0029 -1.0000 0.44702 1.00000
-0.07353 0.05886 -0.10900 0.0000 0.0000 -1.0000 0.43377 1.00000
-0.07430 0.05886 -0.10900 0.0000 0.0004 -1.0000 0.45364 1.00000
-0.07417 0.05888 -0.10900 0.0000 0.0004 -1.0000 0.45033 1.00000
-0.07341 0.05883 -0.10900 0.0000 0.0021 -1.0000 0.43046 1.00000
-0.06922 0.05877 -0.10900 0.0000 0.0021 -1.0000 0.66556 1.00000
-0.07353 0.05886 -0.10900 0.0000 0.0021 -1.0000 0.43377 1.00000
-0.07442 0.05882 -0.10900 0.0000 -0.0003 -1.0000 0.45695 1.00000
-0.07853 0.05848 -0.10900 0.0000 0.0000 -1.0000 0.53974 1.00000
-0.07329 0.05880 -0.10900 0.0000 0.0000 -1.0000 0.42715 1.00000
-0.07341 0.05883 -0.10900 0.0000 0.0000 -1.0000 0.43046 1.00000
-0.07853 0.05848 -0.10900 0.0000 0.0011 -1.0000 0.53974 1.00000
-0.07454 0.05878 -0.10900 0.0000 0.0011 -1.0000 0.46026 1.00000
-0.07442 0.05882 -0.10900 0.0000 0.0011 -1.0000 0.45695 1.00000
-0.07318 0.05875 -0.10900 0.0000 0.0000 -1.0000 0.42384 1.00000
-0.07853 0.05848 -0.10900 0.0000 -0.0006 -1.0000 0.53974 1.00000
-0.07466 0.05873 -0.10900 0.0000 -0.0006 -1.0000 0.46358 1.00000
-0.07454 0.05878 -0.10900 0.0000 -0.0006 -1.0000 0.46026 1.00000
-0.06912 0.05847 -0.10900 0.0000 0.0002 -1.0000 0.66887 1.00000
-0.07307 0.05870 -0.10900 0.0000 0.0000 -1.0000 0.42053 1.00000
-0.07477 0.05867 -0.10900 0.0000 0.0004 -1.0000 0.46689 1.00000
-0.07466 0.05873 -0.10900 0.0000 0.0004 -1.0000 0.46358 1.00000
-0.07297 0.05864 -0.10900 0.0000 0.0000 -1.0000 0.41722 1.00000
-0.07488 0.05860 -0.10900 0.0000 0.0000 -1.0000 0.47020 1.00000
-0.07287 0.05857 -0.10900 0.0000 0.0009 -1.0000 0.41391 1.00000
-0.06912 0.05847 -0.10900 0.0000 0.0009 -1.0000 0.66887 1.00000
-0.07297 0.05864 -0.10900 0.0000 0.0009 -1.0000 0.41722 1.00000
-0.07499 0.05851 -0.10900 0.0000 -0.0001 -1.0000 0.47351 1.00000
-0.07278 0.05849 -0.10900 0.0000 0.0000 -1.0000 0.41060 1.00000
-0.07287 0.05857 -0.10900 0.0000 0.0000 -1.0000 0.41391 1.00000
-0.07509 0.05842 -0.10900 0.0000 -0.0002 -1.0000 0.47682 1.00000
-0.07268 0.05840 -0.10900 0.0000 0.0000 -1.0000 0.40728 1.00000
-0.07865 0.05809 -0.10900 0.0000 0.0000 -1.0000 0.53642 1.00000
-0.06903 0.05817 -0.10900 0.0000 0.0001 -1.0000 0.67219 1.00000
-0.07520 0.05833 -0.10900 0.0000 -0.0004 -1.0000 0.48013 1.00000
-0.07260 0.05831 -0.10900 0.0000 0.0000 -1.0000 0.40397 1.00000
-0.07529 0.05822 -0.10900 0.0000 0.0002 -1.0000 0.48344 1.00000
-0.07252 0.05820 -0.10900 0.0000 0.0000 -1.0000 0.40066 1.00000
-0.07539 0.05810 -0.10900 0.0000 -0.0002 -1.0000 0.48675 1.00000
-0.07244 0.05810 -0.10900 0.0000 0.0000 -1.0000 0.39735 1.00000
-0.06897 0.05786 -0.10900 0.0000 -0.0001 -1.0000 0.67550 1.00000
-0.07548 0.05797 -0.10900 0.0000 0.0004 -1.0000 0.49007 1.00000
-0.07237 0.05798 -0.10900 0.0000 0.0000 -1.0000 0.39404 1.00000
-0.07875 0.05768 -0.10900 0.0000 -0.0002 -1.0000 0.53311 1.00000
-0.07231 0.05786 -0.10900 0.0000 0.0000 -1.0000 0.39073 1.00000
-0.07556 0.05783 -0.10900 0.0000 -0.0000 -1.0000 0.49338 1.00000
-0.07226 0.05773 -0.10900 0.0000 0.0000 -1.0000 0.38742 1.00000
-0.06892 0.05754 -0.10900 0.0000 0.0000 -1.0000 0.67881 1.00000
-0.07563 0.05769 -0.10900 0.0000 0.0005 -1.0000 0.49669 1.00000
-0.07221 0.05760 -0.10900 0.0000 0.0000 -1.0000 0.38411 1.00000
-0.07570 0.05753 -0.10900 0.0000 -0.0000 -1.0000 0.50000 1.00000
-0.07885 0.05725 -0.10900 0.0000 0.0000 -1.0000 0.52980 1.00000
-0.07218 0.05746 -0.10900 0.0000 0.0000 -1.0000 0.38079 1.00000
-0.06890 0.05722 -0.10900 0.0000 -0.0000 -1.0000 0.68212 1.00000
-0.07576 0.05737 -0.10900 0.0000 -0.0004 -1.0000 0.50331 1.00000
-0.07214 0.05731 -0.10900 0.0000 0.0000 -1.0000 0.37748 1.00000
-0.07582 0.05720 -0.10900 0.0000 0.0001 -1.0000 0.50662 1.00000
-0.07212 0.05716 -0.10900 0.0000 0.0000 -1.0000 0.37417 1.00000
-0.07893 0.05680 -0.10900 0.0000 0.0000 -1.0000 0.52649 1.00000
-0.06889 0.05690 -0.10900 0.0000 -0.0001 -1.0000 0.68543 1.00000
-0.07587 0.05701 -0.10900 0.0000 0.0002 -1.0000 0.50993 1.00000
-0.07210 0.05700 -0.10900 0.0000 0.0000 -1.0000 0.37086 1.00000
-0.07591 0.05682 -0.10900 0.0000 -0.0002 -1.0000 0.51325 1.00000
-0.07209 0.05684 -0.10900 0.0000 0.0000 -1.0000 0.36755 1.00000
-0.06889 0.05668 -0.10900 0.0000 -0.0001 -1.0000 0.68874 1.00000
-0.07209 0.05666 -0.10900 0.0000 0.0004 -1.0000 0.36424 1.00000
-0.07594 0.05662 -0.10900 0.0000 0.0001 -1.0000 0.51656 1.00000
-0.07599 0.05619 -0.10900 0.0000 -0.0002 -1.0000 0.52318 1.00000
-0.07597 0.05641 -0.10900 0.0000 -0.0002 -1.0000 0.51987 1.00000
-0.06890 0.05646 -0.10900 0.0000 -0.0000 -1.0000 0.69205 1.00000
-0.07209 0.05646 -0.10900 0.0000 -0.0004 -1.0000 0.36093 1.00000
-0.06892 0.05625 -0.10900 0.0000 0.0000 -1.0000 0.69536 1.00000
-0.07211 0.05626 -0.10900 0.0000 0.0000 -1.0000 0.35762 1.00000
-0.07213 0.05607 -0.10900 0.0000 0.0000 -1.0000 0.35430 1.00000
-0.06895 0.05604 -0.10900 0.0000 0.0001 -1.0000 0.69868 1.00000
-0.07217 0.05589 -0.10900 0.0000 0.0004 -1.0000 0.35099 1.00000
-0.06899 0.05584 -0.10900 0.0000 -0.0002 -1.0000 0.70199 1.00000
-0.07221 0.05572 -0.10900 0.0000 0.0000 -1.0000 0.34768 1.00000
-0.06904 0.05564 -0.10900 0.0000 0.0002 -1.0000 0.70530 1.00000
-0.07226 0.05555 -0.10900 0.0000 -0.0004 -1.0000 0.34437 1.00000
-0.06909 0.05544 -0.10900 0.0000 0.0003 -1.0000 0.70861 1.00000
-0.07233 0.05539 -0.10900 0.0000 0.0000 -1.0000 0.34106 1.00000
-0.06915 0.05525 -0.10900 0.0000 0.0000 -1.0000 0.71192 1.00000
-0.07240 0.05524 -0.10900 0.0000 -0.0005 -1.0000 0.33775 1.00000
-0.06922 0.05506 -0.10900 0.0000 0.0001 -1.0000 0.71523 1.00000
-0.07248 0.05510 -0.10900 0.0000 0.0000 -1.0000 0.33444 1.00000
-0.07258 0.05496 -0.10900 0.0000 0.0000 -1.0000 0.33113 1.00000
-0.06930 0.05487 -0.10900 0.0000 -0.0002 -1.0000 0.71854 1.00000
-0.07268 0.05484 -0.10900 0.0000 0.0005 -1.0000 0.32781 1.00000
-0.06930 0.05487 -0.10900 0.0000 0.0005 -1.0000 0.71854 1.00000
-0.07258 0.05496 -0.10900 0.0000 0.0005 -1.0000 0.33113 1.00000
-0.07268 0.05484 -0.10900 0.0000 -0.0002 -1.0000 0.32781 1.00000
-0.06939 0.05469 -0.10900 0.0000 -0.0002 -1.0000 0.72185 1.00000
-0.07279 0.05472 -0.10900 0.0000 0.0000 -1.0000 0.32450 1.00000
-0.07291 0.05461 -0.10900 0.0000 0.0000 -1.0000 0.32119 1.00000
-0.06949 0.05451 -0.10900 0.0000 -0.0002 -1.0000 0.72517 1.00000
-0.07304 0.05451 -0.10900 0.0000 0.0000 -1.0000 0.31788 1.00000
-0.06959 0.05434 -0.10900 0.0000 -0.0000 -1.0000 0.72848 1.00000
-0.07318 0.05442 -0.10900 0.0000 0.0000 -1.0000 0.31457 1.00000
-0.07333 0.05434 -0.10900 0.0000 0.0000 -1.0000 0.31126 1.00000
-0.07348 0.05427 -0.10900 0.0000 0.0000 -1.0000 0.30795 1.00000
-0.06970 0.05416 -0.10900 0.0000 0.0000 -1.0000 0.73179 1.00000
-0.07364 0.05421 -0.10900 0.0000 0.0000 -1.0000 0.30464 1.00000
-0.07380 0.05416 -0.10900 0.0000 0.0000 -1.0000 0.30132 1.00000
-0.06982 0.05400 -0.10900 0.0000 -0.0003 -1.0000 0.73510 1.00000
-0.07397 0.05412 -0.10900 0.0000 0.0012 -1.0000 0.29801 1.00000
-0.06982 0.05400 -0.10900 0.0000 0.0012 -1.0000 0.73510 1.00000
-0.07380 0.05416 -0.10900 0.0000 0.0012 -1.0000 0.30132 1.00000
-0.07415 0.05409 -0.10900 0.0000 -0.0016 -1.0000 0.29470 1.00000
-0.06982 0.05400 -0.10900 0.0000 -0.0016 -1.0000 0.73510 1.00000
-0.07397 0.05412 -0.10900 0.0000 -0.0016 -1.0000 0.29801 1.00000
-0.07434 0.05407 -0.10900 0.0000 0.0000 -1.0000 0.29139 1.00000
-0.07415 0.05409 -0.10900 0.0000 0.0000 -1.0000 0.29470 1.00000
-0.07453 0.05406 -0.10900 0.0000 0.0038 -1.0000 0.28808 1.00000
-0.06982 0.05400 -0.10900 0.0000 0.0038 -1.0000 0.73510 1.00000
-0.07434 0.05407 -0.10900 0.0000 0.0038 -1.0000 0.29139 1.00000
-0.07474 0.05406 -0.10900 0.0000 -0.0169 -0.9999 0.28477 1.00000
-0.06982 0.05400 -0.10900 0.0000 -0.0169 -0.9999 0.73510 1.00000
-0.07453 0.05406 -0.10900 0.0000 -0.0169 -0.9999 0.28808 1.00000
-0.07508 0.05090 -0.10900 0.0000 0.0000 -1.0000 0.28146 1.00000
-0.07474 0.05406 -0.10900 0.0000 0.0000 -1.0000 0.28477 1.00000
-0.06995 0.05383 -0.10900 0.0000 -0.0003 -1.0000 0.73841 1.00000
-0.07009 0.05367 -0.10900 0.0000 -0.0001 -1.0000 0.74172 1.00000
-0.07024 0.05351 -0.10900 0.0000 -0.0000 -1.0000 0.74503 1.00000
-0.07039 0.05336 -0.10900 0.0000 0.0001 -1.0000 0.74834 1.00000
-0.07055 0.05321 -0.10900 0.0000 0.0002 -1.0000 0.75166 1.00000
-0.07072 0.05307 -0.10900 0.0000 -0.0005 -1.0000 0.75497 1.00000
-0.07508 0.05090 -0.10900 0.0000 0.0006 -1.0000 0.28146 1.00000
-0.07090 0.05292 -0.10900 0.0000 0.0006 -1.0000 0.75828 1.00000
-0.07072 0.05307 -0.10900 0.0000 0.0006 -1.0000 0.75497 1.00000
-0.07109 0.05278 -0.10900 0.0000 0.0000 -1.0000 0.76159 1.00000
-0.07090 0.05292 -0.10900 0.0000 0.0000 -1.0000 0.75828 1.00000
-0.07129 0.05265 -0.10900 0.0000 0.0003 -1.0000 0.76490 1.00000
-0.07106 0.05258 -0.10900 0.0000 -0.0001 -1.0000 0.76821 1.00000
-0.07084 0.05250 -0.10900 0.0000 -0.0001 -1.0000 0.77152 1.00000
-0.07062 0.05241 -0.10900 0.0000 0.0001 -1.0000 0.77483 1.00000
-0.07494 0.05094 -0.10900 0.0000 0.0000 -1.0000 0.27815 1.00000
-0.07481 0.05098 -0.10900 0.0000 0.0000 -1.0000 0.27483 1.00000
-0.07042 0.05230 -0.10900 0.0000 0.0002 -1.0000 0.77815 1.00000
-0.07481 0.05098 -0.10900 0.0000 -0.0368 -0.9993 0.27483 1.00000
-0.07467 0.05102 -0.10900 0.0000 -0.0368 -0.9993 0.27152 1.00000
-0.07042 0.05230 -0.10900 0.0000 -0.0368 -0.9993 0.77815 1.00000
-0.07467 0.05102 -0.10900 0.0000 0.0000 -1.0000 0.27152 1.00000
-0.07455 0.05106 -0.10900 0.0000 0.0000 -1.0000 0.26821 1.00000
-0.07022 0.05218 -0.10900 0.0000 0.0000 -1.0000 0.78146 1.00000
-0.07442 0.05109 -0.10900 0.0000 0.0000 -1.0000 0.26490 1.00000
-0.07002 0.05205 -0.10900 0.0000 0.0001 -1.0000 0.78477 1.00000
-0.07430 0.05111 -0.10900 0.0000 0.0000 -1.0000 0.26159 1.00000
-0.07430 0.05111 -0.10900 0.0000 -0.0137 -0.9999 0.26159 1.00000
-0.07418 0.05114 -0.10900 0.0000 -0.0137 -0.9999 0.25828 1.00000
-0.07002 0.05205 -0.10900 0.0000 -0.0137 -0.9999 0.78477 1.00000
-0.07418 0.05114 -0.10900 0.0000 0.0001 -1.0000 0.25828 1.00000
-0.06984 0.05191 -0.10900 0.0000 0.0001 -1.0000 0.78808 1.00000
-0.07406 0.05115 -0.10900 0.0000 0.0000 -1.0000 0.25497 1.00000
-0.06966 0.05175 -0.10900 0.0000 -0.0000 -1.0000 0.79139 1.00000
-0.07395 0.05117 -0.10900 0.0000 0.0000 -1.0000 0.25166 1.00000
-0.06949 0.05159 -0.10900 0.0000 0.0001 -1.0000 0.79470 1.00000
-0.07384 0.05118 -0.10900 0.0000 0.0000 -1.0000 0.24834 1.00000
-0.07374 0.05118 -0.10900 0.0000 0.0000 -1.0000 0.24503 1.00000
-0.06932 0.05140 -0.10900 0.0000 -0.0001 -1.0000 0.79801 1.00000
-0.07363 0.05119 -0.10900 0.0000 0.0000 -1.0000 0.24172 1.00000
-0.06917 0.05121 -0.10900 0.0000 -0.0000 -1.0000 0.80132 1.00000
-0.07348 0.05118 -0.10900 0.0000 0.0000 -1.0000 0.23841 1.00000
-0.06902 0.05101 -0.10900 0.0000 0.0001 -1.0000 0.80464 1.00000
-0.07333 0.05116 -0.10900 0.0000 -0.0044 -1.0000 0.23510 1.00000
-0.06902 0.05101 -0.10900 0.0000 -0.0044 -1.0000 0.80464 1.00000
-0.07348 0.05118 -0.10900 0.0000 -0.0044 -1.0000 0.23841 1.00000
-0.07319 0.05113 -0.10900 0.0000 0.0000 -1.0000 0.23179 1.00000
-0.07333 0.05116 -0.10900 0.0000 0.0000 -1.0000 0.23510 1.00000
-0.07305 0.05109 -0.10900 0.0000 0.0000 -1.0000 0.22848 1.00000
-0.07291 0.05104 -0.10900 0.0000 0.0012 -1.0000 0.22517 1.00000
-0.06902 0.05101 -0.10900 0.0000 0.0012 -1.0000 0.80464 1.00000
-0.07305 0.05109 -0.10900 0.0000 0.0012 -1.0000 0.22848 1.00000
-0.07278 0.05098 -0.10900 0.0000 0.0000 -1.0000 0.22185 1.00000
-0.07291 0.05104 -0.10900 0.0000 0.0000 -1.0000 0.22517 1.00000
-0.06888 0.05079 -0.10900 0.0000 -0.0001 -1.0000 0.80795 1.00000
-0.07265 0.05090 -0.10900 0.0000 0.0000 -1.0000 0.21854 1.00000
-0.07252 0.05081 -0.10900 0.0000 0.0000 -1.0000 0.21523 1.00000
-0.07240 0.05071 -0.10900 0.0000 0.0000 -1.0000 0.21192 1.00000
-0.06875 0.05057 -0.10900 0.0000 -0.0002 -1.0000 0.81126 1.00000
-0.07228 0.05060 -0.10900 0.0000 0.0000 -1.0000 0.20861 1.00000
-0.07217 0.05048 -0.10900 0.0000 0.0000 -1.0000 0.20530 1.00000
-0.06863 0.05033 -0.10900 0.0000 0.0001 -1.0000 0.81457 1.00000
-0.07206 0.05034 -0.10900 0.0000 0.0000 -1.0000 0.20199 1.00000
-0.07196 0.05020 -0.10900 0.0000 0.0000 -1.0000 0.19868 1.00000
-0.06853 0.05009 -0.10900 0.0000 0.0002 -1.0000 0.81788 1.00000
-0.07186 0.05005 -0.10900 0.0000 -0.0005 -1.0000 0.19536 1.00000
-0.06844 0.04984 -0.10900 0.0000 -0.0001 -1.0000 0.82119 1.00000
-0.07178 0.04988 -0.10900 0.0000 0.0004 -1.0000 0.19205 1.00000
-0.07170 0.04971 -0.10900 0.0000 0.0000 -1.0000 0.18874 1.00000
-0.06836 0.04958 -0.10900 0.0000 -0.0001 -1.0000 0.82450 1.00000
-0.07163 0.04953 -0.10900 0.0000 0.0000 -1.0000 0.18543 1.00000
-0.06829 0.04931 -0.10900 0.0000 -0.0001 -1.0000 0.82781 1.00000
-0.07157 0.04934 -0.10900 0.0000 0.0000 -1.0000 0.18212 1.00000
-0.07152 0.04915 -0.10900 0.0000 0.0000 -1.0000 0.17881 1.00000
-0.06824 0.04903 -0.10900 0.0000 -0.0000 -1.0000 0.83113 1.00000
-0.07148 0.04894 -0.10900 0.0000 0.0000 -1.0000 0.17550 1.00000
-0.06820 0.04875 -0.10900 0.0000 -0.0000 -1.0000 0.83444 1.00000
-0.07145 0.04872 -0.10900 0.0000 0.0000 -1.0000 0.17219 1.00000
-0.06817 0.04845 -0.10900 0.0000 -0.0000 -1.0000 0.83775 1.00000
-0.07143 0.04850 -0.10900 0.0000 0.0000 -1.0000 0.16887 1.00000
-0.07142 0.04827 -0.10900 0.0000 0.0000 -1.0000 0.16556 1.00000
-0.06815 0.04815 -0.10900 0.0000 -0.0000 -1.0000 0.84106 1.00000
-0.07141 0.04803 -0.10900 0.0000 0.0000 -1.0000 0.16225 1.00000
-0.06814 0.04783 -0.10900 0.0000 -0.0000 -1.0000 0.84437 1.00000
-0.07142 0.04777 -0.10900 0.0000 0.0000 -1.0000 0.15894 1.00000
-0.06815 0.04738 -0.10900 0.0000 -0.0000 -1.0000 0.84768 1.00000
-0.07143 0.04752 -0.10900 0.0000 0.0000 -1.0000 0.15563 1.00000
-0.07917 0.04714 -0.10900 0.0000 -0.0001 -1.0000 0.00000 1.00000
-0.07606 0.04736 -0.10900 0.0000 -0.0001 -1.0000 0.00662 1.00000
-0.07609 0.04760 -0.10900 0.0000 -0.0001 -1.0000 0.00331 1.00000
-0.07145 0.04728 -0.10900 0.0000 0.0000 -1.0000 0.15232 1.00000
-0.06819 0.04694 -0.10900 0.0000 0.0000 -1.0000 0.85099 1.00000
-0.07603 0.04714 -0.10900 0.0000 0.0001 -1.0000 0.00993 1.00000
-0.07149 0.04704 -0.10900 0.0000 0.0003 -1.0000 0.14901 1.00000
-0.07912 0.04671 -0.10900 0.0000 0.0000 -1.0000 1.00000 1.00000
-0.07599 0.04692 -0.10900 0.0000 -0.0001 -1.0000 0.01325 1.00000
-0.07153 0.04682 -0.10900 0.0000 0.0000 -1.0000 0.14570 1.00000
-0.06824 0.04651 -0.10900 0.0000 0.0000 -1.0000 0.85430 1.00000
-0.07595 0.04672 -0.10900 0.0000 0.0001 -1.0000 0.01656 1.00000
-0.07158 0.04661 -0.10900 0.0000 0.0000 -1.0000 0.14238 1.00000
-0.07589 0.04652 -0.10900 0.0000 -0.0001 -1.0000 0.01987 1.00000
-0.07905 0.04629 -0.10900 0.0000 0.0000 -1.0000 0.99669 1.00000
-0.07164 0.04641 -0.10900 0.0000 0.0003 -1.0000 0.13907 1.00000
-0.07583 0.04633 -0.10900 0.0000 0.0000 -1.0000 0.02318 1.00000
-0.06832 0.04609 -0.10900 0.0000 0.0000 -1.0000 0.85762 1.00000
-0.07171 0.04622 -0.10900 0.0000 0.0000 -1.0000 0.13576 1.00000
-0.07576 0.04615 -0.10900 0.0000 0.0002 -1.0000 0.02649 1.00000
-0.07896 0.04589 -0.10900 0.0000 0.0000 -1.0000 0.99338 1.00000
-0.07179 0.04603 -0.10900 0.0000 0.0000 -1.0000 0.13245 1.00000
-0.07568 0.04599 -0.10900 0.0000 -0.0000 -1.0000 0.02980 1.00000
-0.06843 0.04569 -0.10900 0.0000 0.0000 -1.0000 0.86093 1.00000
-0.07188 0.04586 -0.10900 0.0000 0.0000 -1.0000 0.12914 1.00000
-0.07560 0.04583 -0.10900 0.0000 0.0001 -1.0000 0.03311 1.00000
-0.07886 0.04550 -0.10900 0.0000 0.0000 -1.0000 0.99007 1.00000
-0.07198 0.04570 -0.10900 0.0000 0.0004 -1.0000 0.12583 1.00000
-0.07551 0.04568 -0.10900 0.0000 -0.0000 -1.0000 0.03642 1.00000
-0.07209 0.04554 -0.10900 0.0000 0.0000 -1.0000 0.12252 1.00000
-0.06855 0.04530 -0.10900 0.0000 0.0000 -1.0000 0.86424 1.00000
-0.07541 0.04554 -0.10900 0.0000 -0.0003 -1.0000 0.03974 1.00000
-0.07220 0.04540 -0.10900 0.0000 -0.0004 -1.0000 0.11921 1.00000
-0.07530 0.04540 -0.10900 0.0000 0.0004 -1.0000 0.04305 1.00000
-0.07874 0.04513 -0.10900 0.0000 0.0000 -1.0000 0.98675 1.00000
-0.07519 0.04528 -0.10900 0.0000 -0.0001 -1.0000 0.04636 1.00000
-0.07232 0.04527 -0.10900 0.0000 0.0005 -1.0000 0.11589 1.00000
-0.06870 0.04492 -0.10900 0.0000 0.0000 -1.0000 0.86755 1.00000
-0.07507 0.04517 -0.10900 0.0000 0.0002 -1.0000 0.04967 1.00000
-0.07244 0.04515 -0.10900 0.0000 -0.0005 -1.0000 0.11258 1.00000
-0.07496 0.04507 -0.10900 0.0000 -0.0001 -1.0000 0.05298 1.00000
-0.07257 0.04504 -0.10900 0.0000 0.0000 -1.0000 0.10927 1.00000
-0.07860 0.04477 -0.10900 0.0000 0.0000 -1.0000 0.98344 1.00000
-0.07483 0.04498 -0.10900 0.0000 -0.0003 -1.0000 0.05629 1.00000
-0.07270 0.04495 -0.10900 0.0000 0.0000 -1.0000 0.10596 1.00000
-0.07471 0.04490 -0.10900 0.0000 0.0000 -1.0000 0.05960 1.00000
-0.07284 0.04487 -0.10900 0.0000 0.0000 -1.0000 0.10265 1.00000
-0.06887 0.04456 -0.10900 0.0000 0.0000 -1.0000 0.87086 1.00000
-0.07458 0.04484 -0.10900 0.0000 0.0005 -1.0000 0.06291 1.00000
-0.07298 0.04480 -0.10900 0.0000 0.0000 -1.0000 0.09934 1.00000
-0.07860 0.04477 -0.10900 0.0000 -0.0007 -1.0000 0.98344 1.00000
-0.07445 0.04478 -0.10900 0.0000 -0.0007 -1.0000 0.06623 1.00000
-0.07458 0.04484 -0.10900 0.0000 -0.0007 -1.0000 0.06291 1.00000
-0.07312 0.04475 -0.10900 0.0000 0.0000 -1.0000 0.09603 1.00000
-0.07860 0.04477 -0.10900 0.0000 0.0010 -1.0000 0.98344 1.00000
-0.07431 0.04473 -0.10900 0.0000 0.0010 -1.0000 0.06954 1.00000
-0.07445 0.04478 -0.10900 0.0000 0.0010 -1.0000 0.06623 1.00000
-0.07845 0.04443 -0.10900 0.0000 -0.0002 -1.0000 0.98013 1.00000
-0.07431 0.04473 -0.10900 0.0000 -0.0002 -1.0000 0.06954 1.00000
-0.07327 0.04470 -0.10900 0.0000 0.0000 -1.0000 0.09272 1.00000
-0.07418 0.04469 -0.10900 0.0000 0.0004 -1.0000 0.07285 1.00000
-0.07342 0.04467 -0.10900 0.0000 0.0015 -1.0000 0.08940 1.00000
-0.06887 0.04456 -0.10900 0.0000 0.0015 -1.0000 0.87086 1.00000
-0.07327 0.04470 -0.10900 0.0000 0.0015 -1.0000 0.09272 1.00000
-0.07404 0.04467 -0.10900 0.0000 -0.0002 -1.0000 0.07616 1.00000
-0.07358 0.04465 -0.10900 0.0000 -0.0023 -1.0000 0.08609 1.00000
-0.06887 0.04456 -0.10900 0.0000 -0.0023 -1.0000 0.87086 1.00000
-0.07342 0.04467 -0.10900 0.0000 -0.0023 -1.0000 0.08940 1.00000
-0.07845 0.04443 -0.10900 0.0000 0.0009 -1.0000 0.98013 1.00000
-0.07389 0.04465 -0.10900 0.0000 0.0009 -1.0000 0.07947 1.00000
-0.07404 0.04467 -0.10900 0.0000 0.0009 -1.0000 0.07616 1.00000
-0.07374 0.04465 -0.10900 0.0000 0.0000 -1.0000 0.08278 1.00000
-0.07358 0.04465 -0.10900 0.0000 0.0000 -1.0000 0.08609 1.00000
-0.07374 0.04465 -0.10900 0.0000 0.0006 -1.0000 0.08278 1.00000
-0.06907 0.04421 -0.10900 0.0000 0.0000 -1.0000 0.87417 1.00000
-0.07827 0.04411 -0.10900 0.0000 0.0000 -1.0000 0.97682 1.00000
-0.06929 0.04388 -0.10900 0.0000 0.0000 -1.0000 0.87748 1.00000
-0.07808 0.04380 -0.10900 0.0000 0.0000 -1.0000 0.97351 1.00000
-0.06953 0.04355 -0.10900 0.0000 -0.0001 -1.0000 0.88079 1.00000
-0.07787 0.04350 -0.10900 0.0000 0.0002 -1.0000 0.97020 1.00000
-0.06979 0.04325 -0.10900 0.0000 0.0000 -1.0000 0.88411 1.00000
-0.07765 0.04323 -0.10900 0.0000 0.0000 -1.0000 0.96689 1.00000
-0.07007 0.04296 -0.10900 0.0000 0.0000 -1.0000 0.88742 1.00000
-0.07741 0.04296 -0.10900 0.0000 0.0000 -1.0000 0.96358 1.00000
-0.07715 0.04272 -0.10900 0.0000 -0.0003 -1.0000 0.96026 1.00000
-0.07036 0.04269 -0.10900 0.0000 0.0002 -1.0000 0.89073 1.00000
-0.07688 0.04249 -0.10900 0.0000 0.0000 -1.0000 0.95695 1.00000
-0.07065 0.04245 -0.10900 0.0000 -0.0000 -1.0000 0.89404 1.00000
-0.07661 0.04229 -0.10900 0.0000 -0.0004 -1.0000 0.95364 1.00000
-0.07096 0.04224 -0.10900 0.0000 0.0001 -1.0000 0.89735 1.00000
-0.07632 0.04211 -0.10900 0.0000 0.0000 -1.0000 0.95033 1.00000
-0.07127 0.04205 -0.10900 0.0000 0.0000 -1.0000 0.90066 1.00000
-0.07603 0.04195 -0.10900 0.0000 0.0000 -1.0000 0.94702 1.00000
-0.07160 0.04188 -0.10900 0.0000 0.0001 -1.0000 0.90397 1.00000
-0.07573 0.04181 -0.10900 0.0000 0.0000 -1.0000 0.94371 1.00000
-0.07193 0.04175 -0.10900 0.0000 -0.0001 -1.0000 0.90728 1.00000
-0.07542 0.04170 -0.10900 0.0000 0.0006 -1.0000 0.94040 1.00000
-0.07193 0.04175 -0.10900 0.0000 0.0006 -1.0000 0.90728 1.00000
-0.07573 0.04181 -0.10900 0.0000 0.0006 -1.0000 0.94371 1.00000
-0.07542 0.04170 -0.10900 0.0000 -0.0003 -1.0000 0.94040 1.00000
-0.07227 0.04163 -0.10900 0.0000 -0.0003 -1.0000 0.91060 1.00000
-0.07509 0.04160 -0.10900 0.0000 0.0000 -1.0000 0.93709 1.00000
-0.07262 0.04154 -0.10900 0.0000 -0.0002 -1.0000 0.91391 1.00000
-0.07476 0.04153 -0.10900 0.0000 0.0007 -1.0000 0.93377 1.00000
-0.07262 0.04154 -0.10900 0.0000 0.0007 -1.0000 0.91391 1.00000
-0.07509 0.04160 -0.10900 0.0000 0.0007 -1.0000 0.93709 1.00000
-0.07476 0.04153 -0.10900 0.0000 -0.0003 -1.0000 0.93377 1.00000
-0.07297 0.04148 -0.10900 0.0000 -0.0003 -1.0000 0.91722 1.00000
-0.07442 0.04147 -0.10900 0.0000 0.0000 -1.0000 0.93046 1.00000
-0.07442 0.04147 -0.10900 0.0000 0.0006 -1.0000 0.93046 1.00000
-0.07334 0.04144 -0.10900 0.0000 0.0006 -1.0000 0.92053 1.00000
-0.07297 0.04148 -0.10900 0.0000 0.0006 -1.0000 0.91722 1.00000
-0.07407 0.04144 -0.10900 0.0000 0.0000 -1.0000 0.92715 1.00000
-0.07334 0.04144 -0.10900 0.0000 0.0000 -1.0000 0.92053 1.00000
-0.07407 0.04144 -0.10900 0.0000 -0.0017 -1.0000 0.92715 1.00000
-0.07372 0.04143 -0.10900 0.0000 -0.0017 -1.0000 0.92384 1.00000
-0.07334 0.04144 -0.10900 0.0000 -0.0017 -1.0000 0.92053 1.00000
0 2 1
3 5 4
4 5 6
7 3 4
8 7 4
9 8 4
10 9 4
11 10 4
12 11 4
13 12 4
14 13 4
15 14 4
16 15 4
17 16 4
18 17 4
19 18 4
20 19 4
21 20 4
22 21 4
23 22 4
24 23 4
25 24 4
26 25 4
27 26 4
28 27 4
29 28 4
30 29 4
31 30 4
32 31 4
33 32 4
34 33 35
35 33 36
36 33 37
37 33 38
38 33 39
39 33 4
40 4 6
34 35 41
42 44 43
45 47 46
48 50 49
51 53 52
34 55 54
48 57 56
58 60 59
58 59 61
34 63 62
64 34 62
64 62 65
64 65 66
67 69 68
64 71 70
64 70 72
73 64 72
73 72 74
73 74 75
73 75 76
77 73 76
77 76 78
77 78 79
77 79 80
81 77 80
81 80 82
81 82 83
81 83 84
85 81 84
85 84 86
85 86 87
88 85 87
88 87 89
88 89 90
88 90 91
92 88 91
92 91 93
92 93 94
95 92 94
95 94 96
95 96 97
98 95 97
98 97 99
98 99 100
98 100 101
102 98 101
102 101 103
102 103 104
105 102 104
105 104 106
105 106 107
105 107 108
109 105 108
109 108 110
109 110 111
109 111 112
113 109 112
113 112 114
113 114 115
113 115 116
117 113 116
118 120 119
121 123 122
118 125 124
121 127 126
128 117 129
128 129 130
128 130 131
128 131 132
128 132 133
128 133 134
135 137 136
138 140 139
141 128 142
143 145 144
141 147 146
141 146 148
141 148 149
141 149 150
141 150 151
152 154 153
143 156 155
143 155 157
158 160 159
143 162 161
141 40 163
163 40 6
164 141 163
165 164 163
166 165 163
167 166 163
168 167 163
169 168 163
170 169 163
171 170 163
172 171 163
173 172 163
174 176 175
177 179 178
180 181 163
182 180 163
183 182 163
184 183 163
185 186 175
187 188 163
189 187 190
190 187 163
191 193 192
194 163 6
195 197 196
198 200 199
201 203 202
189 205 204
206 208 207
209 189 210
209 210 211
212 214 213
209 216 215
209 215 217
209 217 218
219 209 218
219 218 220
221 223 222
219 225 224
221 227 226
228 219 229
228 229 230
231 233 232
234 228 235
234 235 236
234 236 237
238 234 237
238 237 239
238 239 240
241 238 240
241 240 242
241 242 243
244 241 243
244 243 245
246 244 245
246 245 247
246 247 248
249 246 248
249 248 250
251 249 250
251 250 252
253 251 252
253 252 254
255 253 254
255 254 256
257 255 256
257 256 258
259 257 258
259 258 260
261 259 260
261 260 262
263 261 262
263 262 264
265 263 264
265 264 266
267 265 266
267 266 268
269 267 268
269 268 270
271 269 270
272 271 270
273 275 274
273 274 276
276 274 277
273 276 278
279 276 277
273 278 280
280 278 279
280 279 281
281 279 277
273 280 282
283 281 277
284 286 285
284 285 287
288 290 289
288 289 291
284 287 292
292 287 288
292 288 293
293 288 291
284 292 294
295 293 291
296 298 297
296 297 299
299 297 300
301 296 302
302 296 299
301 302 303
304 299 300
305 301 303
306 305 303
306 303 307
308 306 307
308 307 309
310 308 309
311 310 309
311 309 312
313 311 312
314 313 312
314 312 315
316 314 315
317 316 315
317 315 318
319 317 318
320 319 318
320 318 321
322 320 321
323 322 321
323 321 324
325 323 324
326 325 324
326 324 327
328 326 327
329 328 327
329 327 330
331 329 330
332 331 330
332 330 333
334 332 333
335 334 333
335 333 336
337 335 336
338 337 336
339 340 338
339 338 341
341 338 336
341 336 304
341 304 300
341 300 342
341 342 343
343 342 344
339 341 345
346 343 344
347 349 348
350 352 351
353 347 354
353 354 355
353 355 356
357 353 356
357 356 358
357 358 359
360 357 359
360 359 361
360 361 362
363 360 362
363 362 364
363 364 365
366 363 365
366 365 367
366 367 368
369 366 368
369 368 370
371 369 370
371 370 372
371 372 373
374 371 373
374 373 375
374 375 376
377 374 376
377 376 378
377 378 379
379 378 380
381 383 382
384 379 380
385 384 380
386 388 387
389 385 380
390 389 380
377 392 391
393 390 380
394 377 391
395 393 380
395 380 396
397 399 398
400 395 396
401 403 402
394 405 404
406 407 396
408 406 396
394 404 409
408 396 410
411 408 410
412 411 410
394 409 413
414 412 410
415 394 413
414 410 416
417 414 416
415 413 418
419 417 416
420 419 416
415 418 421
420 416 422
423 420 422
424 423 422
415 421 425
426 424 422
426 422 427
428 415 429
429 415 425
430 426 427
431 430 427
431 427 432
433 431 432
434 433 432
434 432 435
436 434 435
437 436 435
437 435 438
439 437 438
439 438 440
441 439 440
441 440 442
443 441 442
443 442 444
445 443 444
445 444 446
447 445 446
447 446 448
449 447 448
450 449 448
450 448 451
452 450 451
453 455 454
456 451 457
458 456 457
459 460 458
459 458 457
459 457 461
459 461 462
459 462 463
459 463 464
459 464 465
459 465 466
459 466 467
459 467 468
459 468 469
469 468 470
470 468 471
472 474 473
475 476 471
477 475 471
478 480 479
481 483 482
484 485 471
486 484 471
486 471 487
488 486 487
489 488 487
490 489 487
491 490 487
491 487 492
493 491 492
494 493 492
495 494 492
496 495 492
496 492 497
498 496 497
499 498 497
500 499 497
500 497 501
502 500 501
503 502 501
504 503 501
504 501 505
506 504 505
507 506 505
508 510 509
511 507 505
508 509 512
511 505 513
514 511 513
508 512 515
516 514 513
517 516 513
517 513 518
508 515 519
520 517 518
508 519 521
522 520 518
522 518 523
524 508 521
524 521 525
526 522 523
527 526 523
524 525 528
529 527 523
529 523 530
524 528 531
532 524 531
533 529 530
532 531 534
535 533 530
532 534 536
535 530 537
538 535 537
532 536 539
540 538 537
541 532 539
541 539 542
543 540 537
544 546 545
547 543 537
547 537 548
541 550 549
551 547 548
541 549 552
553 551 548
544 555 554
556 541 557
558 554 559
560 553 548
556 562 561
563 560 548
556 561 564
563 548 565
566 568 567
556 564 569
570 571 565
572 574 573
575 570 565
556 577 576
578 580 579
558 582 581
583 584 565
572 586 585
556 583 565
587 556 565
587 565 588
589 587 588
589 588 590
591 589 590
591 590 592
593 591 592
593 592 594
595 593 594
595 594 596
597 595 596
597 596 598
599 597 598
599 598 600
601 599 600
601 600 602
603 601 602
603 602 604
605 603 604
606 605 604
606 604 607
608 610 609
611 607 612
613 611 612
613 612 614
615 613 614
615 614 616
617 615 616
618 617 616
618 616 619
620 618 619
620 619 621
622 624 623
625 621 626
627 625 626
627 626 628
629 631 630
630 631 632
630 632 633
629 630 634
629 634 635
635 634 636
635 636 637
629 635 638
629 638 639
629 639 640
641 643 642
641 642 644
645 647 646
645 646 648
649 651 650
650 651 652
650 652 653
650 653 654
650 654 655
650 655 656
650 656 657
650 657 658
650 658 659
650 659 660
650 660 661
650 661 662
650 662 663
650 663 664
650 664 665
650 665 666
650 666 667
650 667 668
650 668 669
650 669 670
650 670 671
650 671 672
650 672 673
650 673 674
650 674 675
650 675 676
650 676 677
650 677 678
650 678 679
650 679 680
650 680 681
650 681 682
682 681 683
683 681 684
684 681 685
686 688 687
689 691 690
692 681 693
649 650 694
695 692 693
696 695 693
697 696 693
698 697 693
699 698 693
700 699 693
701 700 693
702 701 693
703 705 704
706 708 707
709 693 710
711 709 710
712 711 710
713 712 710
714 713 710
715 714 710
715 710 716
717 719 718
720 722 721
723 724 718
725 716 726
727 723 728
729 731 730
732 733 726
732 726 734
735 737 736
738 739 734
738 734 740
741 738 740
742 744 743
745 740 746
747 745 746
748 750 749
751 746 752
753 751 752
754 756 755
757 752 758
759 757 758
760 759 758
760 758 761
762 760 761
762 761 763
764 762 763
765 764 763
765 763 766
767 765 766
767 766 768
769 771 770
772 774 773
775 768 776
777 775 776
778 777 776
778 776 779
780 782 781
783 779 784
785 783 784
786 785 784
786 784 787
788 786 787
789 791 790
792 787 793
794 792 793
795 794 793
796 795 793
796 793 797
798 796 797
799 801 800
802 803 797
802 797 804
805 807 806
808 809 804
810 808 804
811 810 804
811 804 812
813 815 814
816 818 817
819 820 812
821 819 812
822 821 812
823 825 824
826 827 812
828 826 812
829 828 812
830 832 831
833 834 812
835 833 812
836 838 837
649 694 839
839 694 840
839 840 812
839 812 841
839 841 842
839 842 843
839 843 844
839 844 845
846 848 847
849 851 850
846 853 852
839 855 854
849 857 856
839 859 858
839 858 860
839 860 861
839 861 862
839 862 863
839 863 864
839 864 865
839 865 866
839 866 867
839 867 868
839 868 869
839 869 870
839 870 871
871 870 872
872 870 873
649 839 874
875 872 873
876 878 877
879 881 880
882 883 873
884 882 873
885 884 873
885 873 886
887 885 886
888 887 886
889 888 886
890 889 886
891 890 886
892 894 893
895 896 886
895 886 897
898 895 897
899 898 897
900 899 897
901 900 897
901 897 902
903 901 902
904 903 902
905 904 902
905 902 906
907 905 906
908 907 906
908 906 909
910 912 911
913 914 909
915 913 909
915 909 916
917 919 918
920 921 916
920 916 922
923 920 922
924 923 922
924 922 925
926 924 925
927 926 925
927 925 928
929 927 928
930 929 928
930 928 931
932 930 931
933 932 931
933 931 934
935 933 934
936 935 934
936 934 937
938 936 937
939 938 937
939 937 940
941 939 940
942 941 940
943 945 944
946 940 947
948 946 947
949 948 947
949 947 950
951 949 950
952 954 953
955 956 950
955 950 957
958 960 959
961 963 962
964 965 957
966 964 957
966 957 967
968 966 967
969 968 967
970 969 967
971 973 972
974 967 975
976 974 975
977 976 975
978 980 979
981 983 982
984 985 975
986 984 975
987 986 975
988 987 975
988 975 989
990 988 989
991 993 992
994 995 989
996 994 989
997 996 989
998 997 989
999 998 989
1000 999 989
649 874 1000
649 1000 989
649 989 1001
649 1001 1002
649 1002 1003
649 1003 1004
649 1004 1005
649 1005 1006
649 1006 1007
649 1007 1008
649 1008 1009
649 1009 1010
649 1010 1011
649 1011 1012
649 1012 1013
649 1013 1014
649 1014 1015
649 1015 1016
649 1016 1017
1018 1020 1019
649 1022 1021
1023 1025 1024
649 1027 1026
1023 1029 1028
649 1031 1030
1032 1034 1033
1035 1037 1036
1038 1040 1039
1023 1042 1041
1043 1045 1044
1046 1048 1047
1049 1051 1050
1052 1046 1053
1052 1053 1054
1052 1054 1055
1056 1052 1055
1056 1055 1057
1056 1057 1058
1059 1056 1058
1059 1058 1060
1059 1060 1061
1062 1059 1061
1062 1061 1063
1062 1063 1064
1065 1062 1064
1065 1064 1066
1065 1066 1067
1068 1065 1067
1068 1067 1069
1070 1068 1069
1070 1069 1071
1070 1071 1072
1073 1070 1072
1073 1072 1074
1073 1074 1075
1076 1073 1075
1076 1075 1077
1076 1077 1078
1078 1077 1079
1080 1082 1081
1083 1085 1084
1086 1088 1087
1076 1090 1089
1091 1092 1079
1093 1091 1079
1076 1089 1094
1095 1093 1079
1096 1076 1094
1097 1095 1079
1097 1079 1098
1096 1094 1099
1100 1102 1101
1103 1104 1098
1096 1099 1105
1106 1103 1098
1107 1106 1098
1096 1105 1108
1107 1098 1109
1110 1107 1109
1111 1110 1109
1096 1108 1112
1113 1111 1109
1114 1096 1112
1113 1109 1115
1116 1113 1115
1114 1112 1117
1118 1116 1115
1119 1118 1115
1114 1117 1120
1119 1115 1121
1122 1119 1121
1123 1122 1121
1114 1120 1124
1125 1123 1121
1125 1121 1126
1127 1114 1128
1128 1114 1124
1129 1125 1126
1130 1129 1126
1130 1126 1131
1132 1130 1131
1133 1132 1131
1133 1131 1134
1135 1133 1134
1136 1135 1134
1136 1134 1137
1138 1136 1137
1138 1137 1139
1140 1138 1139
1140 1139 1141
1142 1140 1141
1142 1141 1143
1144 1142 1143
1144 1143 1145
1146 1144 1145
1146 1145 1147
1148 1146 1147
1149 1148 1147
1149 1147 1150
1151 1149 1150
1152 1151 1150
1152 1150 1153
1154 1152 1153
1155 1156 1154
1155 1154 1153
1155 1153 1157
1155 1157 1158
1155 1158 1159
1155 1159 1160
1155 1160 1161
1155 1161 1162
1155 1162 1163
1155 1163 1164
1165 1167 1166
1168 1164 1169
1169 1164 1170
1171 1169 1170
1172 1174 1173
1175 1176 1170
1177 1175 1170
1178 1177 1170
1179 1181 1180
1182 1183 1170
1182 1170 1184
1185 1182 1184
1186 1185 1184
1187 1186 1184
1188 1187 1184
1188 1184 1189
1190 1192 1191
1193 1194 1189
1195 1193 1189
1196 1195 1189
1196 1189 1197
1198 1196 1197
1199 1198 1197
1200 1199 1197
1200 1197 1201
1202 1200 1201
1203 1202 1201
1204 1203 1201
1204 1201 1205
1206 1204 1205
1207 1206 1205
1208 1210 1209
1211 1207 1205
1208 1209 1212
1211 1205 1213
1214 1211 1213
1208 1212 1215
1216 1214 1213
1217 1216 1213
1217 1213 1218
1208 1215 1219
1220 1217 1218
1208 1219 1221
1222 1220 1218
1222 1218 1223
1224 1208 1221
1224 1221 1225
1226 1222 1223
1227 1226 1223
1224 1225 1228
1229 1227 1223
1229 1223 1230
1224 1228 1231
1232 1224 1231
1233 1229 1230
1232 1231 1234
1235 1233 1230
1232 1234 1236
1235 1230 1237
1238 1235 1237
1232 1236 1239
1240 1238 1237
1241 1232 1239
1241 1239 1242
1243 1240 1237
1241 1242 1244
1245 1243 1237
1245 1237 1246
1241 1244 1247
1248 1245 1246
1241 1247 1249
1250 1252 1251
1241 1249 1253
1254 1241 1253
1254 1253 1255
1256 1257 1246
1254 1255 1258
1259 1256 1246
1254 1258 1260
1259 1246 1261
1262 1259 1261
1254 1260 1263
1264 1262 1261
1254 1263 1265
1266 1264 1261
1254 1265 1267
1268 1266 1261
1254 1267 1269
1270 1268 1261
1271 1273 1272
1254 1270 1261
1274 1254 1261
1274 1261 1275
1276 1274 1275
1276 1275 1277
1278 1276 1277
1278 1277 1279
1280 1278 1279
1280 1279 1281
1282 1280 1281
1282 1281 1283
1284 1282 1283
1284 1283 1285
1286 1284 1285
1286 1285 1287
1288 1286 1287
1288 1287 1289
1290 1288 1289
1290 1289 1291
1292 1290 1291
1293 1292 1291
1293 1291 1294
1295 1293 1294
1295 1294 1296
1297 1295 1296
1297 1296 1298
1299 1301 1300
1302 1298 1303
1304 1299 1305
1306 1307 1303
1308 1310 1309
1311 1306 1312
1311 1312 1313
1314 1311 1313
1314 1313 1315
1316 1314 1315
1316 1315 1317
1318 1320 1319
1318 1319 1321
1318 1321 1322
1318 1322 1323
1318 1323 1324
1324 1323 1325
1326 1324 1325
1326 1325 1327
1326 1327 1328
1329 1326 1328
1329 1328 1330
1329 1330 1331
1332 1329 1331
1332 1331 1333
1334 1332 1333
1334 1333 1335
1334 1335 1336
1337 1334 1336
1337 1336 1338
1339 1337 1338
1339 1338 1340
1341 1339 1340
1341 1340 1342
1341 1342 1343
1344 1341 1343
1344 1343 1345
1346 1344 1345
1346 1345 1347
1348 1346 1347
1348 1347 1349
1350 1348 1349
1350 1349 1351
1350 1351 1352
1353 1350 1352
1353 1352 1354
1355 1353 1354
1355 1354 1356
1357 1355 1356
1357 1356 1358
1357 1358 1359
1360 1357 1359
1360 1359 1361
1362 1360 1361
1362 1361 1363
1364 1362 1363
1364 1363 1365
1364 1365 1366
1367 1364 1366
1367 1366 1368
1369 1367 1368
1369 1368 1370
1371 1369 1370
1371 1370 1372
1371 1372 1373
1374 1371 1373
1374 1373 1375
1376 1374 1375
1376 1375 1377
1378 1376 1377
1378 1377 1379
1378 1379 1380
1381 1378 1380
1381 1380 1382
1383 1385 1384
1386 1388 1387
1389 1391 1390
1392 1394 1393
1395 1390 1396
1397 1399 1398
1397 1398 1400
1401 1397 1400
1401 1400 1402
1403 1401 1402
1403 1402 1404
1405 1407 1406
1408 1404 1409
1410 1408 1409
1410 1409 1411
1412 1410 1411
1413 1412 1411
1413 1411 1414
1415 1413 1414
1415 1414 1416
1417 1415 1416
1417 1416 1418
1419 1417 1418
1419 1418 1420
1421 1419 1420
1421 1420 1422
1423 1421 1422
1423 1422 1424
1425 1423 1424
1425 1424 1426
1427 1425 1426
1427 1426 1428
1429 1427 1428
1429 1428 1430
1431 1429 1430
1431 1430 1432
1432 1430 1433
1434 1436 1435
1437 1439 1438
1440 1441 1433
1442 1444 1443
1445 1440 1433
1431 1447 1446
1448 1450 1449
1431 1446 1451
1452 1431 1451
1453 1454 1433
1455 1457 1456
1458 1453 1433
1459 1461 1460
1458 1433 1462
1463 1458 1462
1452 1465 1464
1466 1463 1462
1452 1464 1467
1468 1470 1469
1452 1467 1471
1472 1473 1462
1452 1471 1474
1475 1472 1462
1476 1452 1474
1475 1462 1477
1476 1474 1478
1479 1475 1477
1476 1478 1480
1481 1479 1477
1476 1480 1482
1483 1481 1477
1483 1477 1484
1476 1482 1485
1486 1483 1484
1487 1476 1485
1488 1486 1484
1487 1485 1489
1490 1488 1484
1490 1484 1491
1487 1489 1492
1493 1490 1491
1487 1492 1494
1495 1487 1494
1496 1493 1491
1496 1491 1497
1495 1494 1498
1499 1496 1497
1495 1498 1500
1501 1499 1497
1502 1495 1500
1501 1497 1503
1502 1500 1504
1505 1501 1503
1502 1504 1506
1507 1505 1503
1507 1503 1508
1509 1507 1508
1502 1506 1510
1511 1502 1512
1512 1502 1510
1509 1508 1513
1514 1509 1513
1514 1513 1515
1516 1514 1515
1517 1516 1515
1517 1515 1518
1519 1517 1518
1519 1518 1520
1521 1519 1520
1521 1520 1522
1523 1521 1522
1523 1522 1524
1525 1523 1524
1525 1524 1526
1527 1525 1526
1527 1526 1528
1529 1527 1528
1530 1529 1528
1530 1528 1531
1532 1534 1533
1535 1531 1536
1537 1535 1536
1538 1537 1536
1538 1536 1539
1540 1538 1539
1540 1539 1541
1542 1540 1541
1543 1542 1541
1544 1543 1541
1544 1541 1545
1546 1544 1545
1547 1546 1545
1547 1545 1548
1549 1551 1550
1552 1554 1553
1555 1556 1548
1557 1559 1558
1560 1562 1561
1563 1564 1548
1563 1548 1565
1563 1565 1566
1563 1566 1567
1563 1567 1568
1563 1568 1569
1563 1569 1570
1571 1573 1572
1563 1575 1574
1563 1574 1576
1563 1576 1577
1563 1577 1578
1563 1578 1579
1563 1579 1580
1580 1579 1581
1581 1579 1582
1583 1585 1584
1586 1582 1587
1587 1582 1588
1587 1588 1589
1589 1588 1590
1589 1590 1591
1592 1594 1593
1595 1590 1596
1595 1596 1597
1597 1596 1598
1597 1598 1599
1599 1598 1600
1599 1600 1601
1601 1600 1602
1602 1600 1603
1602 1603 1604
1604 1603 1605
1604 1605 1606
1606 1605 1607
1608 1610 1609
1611 1612 1607
1613 1611 1607
1614 1616 1615
1617 1618 1607
1617 1607 1619
1620 1617 1619
1621 1620 1619
1622 1621 1619
1622 1619 1623
1624 1622 1623
1625 1624 1623
1625 1623 1626
1627 1625 1626
1628 1627 1626
1628 1626 1629
1630 1628 1629
1630 1629 1631
1632 1630 1631
1633 1632 1631
1633 1631 1634
1635 1633 1634
1635 1634 1636
1637 1635 1636
1638 1637 1636
1638 1636 1639
1640 1638 1639
1640 1639 1641
1642 1640 1641
1642 1641 1643
1644 1642 1643
1645 1644 1643
1645 1643 1646
1647 1645 1646
1647 1646 1648
1649 1647 1648
1649 1648 1650
1651 1649 1650
1652 1654 1653
1655 1651 1650
1655 1650 1656
1652 1653 1657
1658 1655 1656
1659 1652 1657
1659 1657 1660
1661 1658 1656
1661 1656 1662
1659 1660 1663
1664 1661 1662
1659 1663 1665
1666 1659 1665
1667 1664 1662
1666 1665 1668
1667 1662 1669
1670 1667 1669
1666 1668 1671
1672 1666 1671
1673 1670 1669
1672 1671 1674
1673 1669 1675
1676 1673 1675
1672 1674 1677
1678 1672 1677
1679 1676 1675
1678 1677 1680
1681 1679 1675
1681 1675 1682
1678 1680 1683
1684 1681 1682
1678 1683 1685
1686 1678 1685
1686 1685 1687
1688 1684 1682
1688 1682 1689
1686 1687 1690
1691 1688 1689
1686 1690 1692
1693 1691 1689
1694 1686 1692
1694 1692 1695
1696 1693 1689
1694 1695 1697
1698 1696 1689
1698 1689 1699
1694 1697 1700
1701 1698 1699
1702 1704 1703
1705 1701 1699
1706 1708 1707
1709 1694 1710
1711 1705 1699
1709 1710 1712
1713 1715 1714
1709 1712 1716
1717 1719 1718
1720 1722 1721
1723 1724 1699
1720 1721 1725
1709 1723 1699
1709 1699 1726
1727 1709 1726
1727 1726 1728
1729 1727 1728
1729 1728 1730
1731 1729 1730
1731 1730 1732
1733 1731 1732
1733 1732 1734
1735 1733 1734
1736 1735 1734
1736 1734 1737
1738 1736 1737
1738 1737 1739
1740 1738 1739
1740 1739 1741
1742 1740 1741
1742 1741 1743
1744 1742 1743
1744 1743 1745
1746 1744 1745
1746 1745 1747
1748 1750 1749
1751 1747 1752
1753 1751 1752
1753 1752 1754
1755 1757 1756
1758 1754 1759
1760 1758 1759
1761 1763 1762
1764 1760 1765
1766 1768 1767
LABEL JetNiche_JetDark
MATERIAL 13
TEXTURE 0
GEOM 24 12
0.17250 -0.15250 -0.07150 0.5774 -0.5774 0.5774 1.14827 -3.53000
0.17250 -0.01750 -0.07150 0.5774 0.5774 0.5774 1.14827 -4.07000
0.17250 -0.01750 -0.07550 0.5774 0.5774 -0.5774 1.16427 -4.07000
0.17250 -0.15250 -0.07550 0.5774 -0.5774 -0.5774 1.16427 -3.53000
0.17250 -0.15250 -0.07550 0.5774 -0.5774 -0.5774 -0.69000 -3.53000
0.17250 -0.01750 -0.07550 0.5774 0.5774 -0.5774 -0.69000 -4.07000
-0.17250 -0.01750 -0.07550 -0.5774 0.5774 -0.5774 0.69000 -4.07000
-0.17250 -0.15250 -0.07550 -0.5774 -0.5774 -0.5774 0.69000 -3.53000
-0.17250 -0.15250 -0.07550 -0.5774 -0.5774 -0.5774 1.16427 -3.53000
-0.17250 -0.01750 -0.07550 -0.5774 0.5774 -0.5774 1.16427 -4.07000
-0.17250 -0.01750 -0.07150 -0.5774 0.5774 0.5774 1.14827 -4.07000
-0.17250 -0.15250 -0.07150 -0.5774 -0.5774 0.5774 1.14827 -3.53000
-0.17250 -0.15250 -0.07150 -0.5774 -0.5774 0.5774 0.69000 -3.53000
-0.17250 -0.01750 -0.07150 -0.5774 0.5774 0.5774 0.69000 -4.07000
0.17250 -0.01750 -0.07150 0.5774 0.5774 0.5774 -0.69000 -4.07000
0.17250 -0.15250 -0.07150 0.5774 -0.5774 0.5774 -0.69000 -3.53000
0.17250 -0.15250 -0.07550 0.5774 -0.5774 -0.5774 -0.69000 -0.16427
-0.17250 -0.15250 -0.07550 -0.5774 -0.5774 -0.5774 0.69000 -0.16427
-0.17250 -0.15250 -0.07150 -0.5774 -0.5774 0.5774 0.69000 -0.14827
0.17250 -0.15250 -0.07150 0.5774 -0.5774 0.5774 -0.69000 -0.14827
-0.17250 -0.01750 -0.07550 -0.5774 0.5774 -0.5774 0.69000 -0.16427
0.17250 -0.01750 -0.07550 0.5774 0.5774 -0.5774 -0.69000 -0.16427
0.17250 -0.01750 -0.07150 0.5774 0.5774 0.5774 -0.69000 -0.14827
-0.17250 -0.01750 -0.07150 -0.5774 0.5774 0.5774 0.69000 -0.14827
0 2 1
0 3 2
4 6 5
4 7 6
8 10 9
8 11 10
12 14 13
12 15 14
16 18 17
16 19 18
20 22 21
20 23 22
LABEL JetNiche_JetSeam
MATERIAL 14
TEXTURE 0
GEOM 96 48
0.17950 -0.01750 -0.10700 0.5774 -0.5774 0.5774 1.29027 -4.07000
0.17950 -0.01050 -0.10700 0.5774 0.5774 0.5774 1.29027 -4.09800
0.17950 -0.01050 -0.11100 0.5774 0.5774 -0.5774 1.30627 -4.09800
0.17950 -0.01750 -0.11100 0.5774 -0.5774 -0.5774 1.30627 -4.07000
0.17950 -0.01750 -0.11100 0.5774 -0.5774 -0.5774 -0.71800 -4.07000
0.17950 -0.01050 -0.11100 0.5774 0.5774 -0.5774 -0.71800 -4.09800
-0.17950 -0.01050 -0.11100 -0.5774 0.5774 -0.5774 0.71800 -4.09800
-0.17950 -0.01750 -0.11100 -0.5774 -0.5774 -0.5774 0.71800 -4.07000
-0.17950 -0.01750 -0.11100 -0.5774 -0.5774 -0.5774 1.30627 -4.07000
-0.17950 -0.01050 -0.11100 -0.5774 0.5774 -0.5774 1.30627 -4.09800
-0.17950 -0.01050 -0.10700 -0.5774 0.5774 0.5774 1.29027 -4.09800
-0.17950 -0.01750 -0.10700 -0.5774 -0.5774 0.5774 1.29027 -4.07000
-0.17950 -0.01750 -0.10700 -0.5774 -0.5774 0.5774 0.71800 -4.07000
-0.17950 -0.01050 -0.10700 -0.5774 0.5774 0.5774 0.71800 -4.09800
0.17950 -0.01050 -0.10700 0.5774 0.5774 0.5774 -0.71800 -4.09800
0.17950 -0.01750 -0.10700 0.5774 -0.5774 0.5774 -0.71800 -4.07000
0.17950 -0.01750 -0.11100 0.5774 -0.5774 -0.5774 -0.71800 -0.30627
-0.17950 -0.01750 -0.11100 -0.5774 -0.5774 -0.5774 0.71800 -0.30627
-0.17950 -0.01750 -0.10700 -0.5774 -0.5774 0.5774 0.71800 -0.29027
0.17950 -0.01750 -0.10700 0.5774 -0.5774 0.5774 -0.71800 -0.29027
-0.17950 -0.01050 -0.11100 -0.5774 0.5774 -0.5774 0.71800 -0.30627
0.17950 -0.01050 -0.11100 0.5774 0.5774 -0.5774 -0.71800 -0.30627
0.17950 -0.01050 -0.10700 0.5774 0.5774 0.5774 -0.71800 -0.29027
-0.17950 -0.01050 -0.10700 -0.5774 0.5774 0.5774 0.71800 -0.29027
0.17950 -0.15950 -0.10700 0.5774 -0.5774 0.5774 1.29027 -3.50200
0.17950 -0.15250 -0.10700 0.5774 0.5774 0.5774 1.29027 -3.53000
0.17950 -0.15250 -0.11100 0.5774 0.5774 -0.5774 1.30627 -3.53000
0.17950 -0.15950 -0.11100 0.5774 -0.5774 -0.5774 1.30627 -3.50200
0.17950 -0.15950 -0.11100 0.5774 -0.5774 -0.5774 -0.71800 -3.50200
0.17950 -0.15250 -0.11100 0.5774 0.5774 -0.5774 -0.71800 -3.53000
-0.17950 -0.15250 -0.11100 -0.5774 0.5774 -0.5774 0.71800 -3.53000
-0.17950 -0.15950 -0.11100 -0.5774 -0.5774 -0.5774 0.71800 -3.50200
-0.17950 -0.15950 -0.11100 -0.5774 -0.5774 -0.5774 1.30627 -3.50200
-0.17950 -0.15250 -0.11100 -0.5774 0.5774 -0.5774 1.30627 -3.53000
-0.17950 -0.15250 -0.10700 -0.5774 0.5774 0.5774 1.29027 -3.53000
-0.17950 -0.15950 -0.10700 -0.5774 -0.5774 0.5774 1.29027 -3.50200
-0.17950 -0.15950 -0.10700 -0.5774 -0.5774 0.5774 0.71800 -3.50200
-0.17950 -0.15250 -0.10700 -0.5774 0.5774 0.5774 0.71800 -3.53000
0.17950 -0.15250 -0.10700 0.5774 0.5774 0.5774 -0.71800 -3.53000
0.17950 -0.15950 -0.10700 0.5774 -0.5774 0.5774 -0.71800 -3.50200
0.17950 -0.15950 -0.11100 0.5774 -0.5774 -0.5774 -0.71800 -0.30627
-0.17950 -0.15950 -0.11100 -0.5774 -0.5774 -0.5774 0.71800 -0.30627
-0.17950 -0.15950 -0.10700 -0.5774 -0.5774 0.5774 0.71800 -0.29027
0.17950 -0.15950 -0.10700 0.5774 -0.5774 0.5774 -0.71800 -0.29027
-0.17950 -0.15250 -0.11100 -0.5774 0.5774 -0.5774 0.71800 -0.30627
0.17950 -0.15250 -0.11100 0.5774 0.5774 -0.5774 -0.71800 -0.30627
0.17950 -0.15250 -0.10700 0.5774 0.5774 0.5774 -0.71800 -0.29027
-0.17950 -0.15250 -0.10700 -0.5774 0.5774 0.5774 0.71800 -0.29027
-0.17250 -0.15250 -0.10700 0.5774 -0.5774 0.5774 1.29027 -3.53000
-0.17250 -0.01750 -0.10700 0.5774 0.5774 0.5774 1.29027 -4.07000
-0.17250 -0.01750 -0.11100 0.5774 0.5774 -0.5774 1.30627 -4.07000
-0.17250 -0.15250 -0.11100 0.5774 -0.5774 -0.5774 1.30627 -3.53000
-0.17250 -0.15250 -0.11100 0.5774 -0.5774 -0.5774 0.69000 -3.53000
-0.17250 -0.01750 -0.11100 0.5774 0.5774 -0.5774 0.69000 -4.07000
-0.17950 -0.01750 -0.11100 -0.5774 0.5774 -0.5774 0.71800 -4.07000
-0.17950 -0.15250 -0.11100 -0.5774 -0.5774 -0.5774 0.71800 -3.53000
-0.17950 -0.15250 -0.11100 -0.5774 -0.5774 -0.5774 1.30627 -3.53000
-0.17950 -0.01750 -0.11100 -0.5774 0.5774 -0.5774 1.30627 -4.07000
-0.17950 -0.01750 -0.10700 -0.5774 0.5774 0.5774 1.29027 -4.07000
-0.17950 -0.15250 -0.10700 -0.5774 -0.5774 0.5774 1.29027 -3.53000
-0.17950 -0.15250 -0.10700 -0.5774 -0.5774 0.5774 0.71800 -3.53000
-0.17950 -0.01750 -0.10700 -0.5774 0.5774 0.5774 0.71800 -4.07000
-0.17250 -0.01750 -0.10700 0.5774 0.5774 0.5774 0.69000 -4.07000
-0.17250 -0.15250 -0.10700 0.5774 -0.5774 0.5774 0.69000 -3.53000
-0.17250 -0.15250 -0.11100 0.5774 -0.5774 -0.5774 0.69000 -0.30627
-0.17950 -0.15250 -0.11100 -0.5774 -0.5774 -0.5774 0.71800 -0.30627
-0.17950 -0.15250 -0.10700 -0.5774 -0.5774 0.5774 0.71800 -0.29027
-0.17250 -0.15250 -0.10700 0.5774 -0.5774 0.5774 0.69000 -0.29027
-0.17950 -0.01750 -0.11100 -0.5774 0.5774 -0.5774 0.71800 -0.30627
-0.17250 -0.01750 -0.11100 0.5774 0.5774 -0.5774 0.69000 -0.30627
-0.17250 -0.01750 -0.10700 0.5774 0.5774 0.5774 0.69000 -0.29027
-0.17950 -0.01750 -0.10700 -0.5774 0.5774 0.5774 0.71800 -0.29027
0.17950 -0.15250 -0.10700 0.5774 -0.5774 0.5774 1.29027 -3.53000
0.17950 -0.01750 -0.10700 0.5774 0.5774 0.5774 1.29027 -4.07000
0.17950 -0.01750 -0.11100 0.5774 0.5774 -0.5774 1.30627 -4.07000
0.17950 -0.15250 -0.11100 0.5774 -0.5774 -0.5774 1.30627 -3.53000
0.17950 -0.15250 -0.11100 0.5774 -0.5774 -0.5774 -0.71800 -3.53000
0.17950 -0.01750 -0.11100 0.5774 0.5774 -0.5774 -0.71800 -4.07000
0.17250 -0.01750 -0.11100 -0.5774 0.5774 -0.5774 -0.69000 -4.07000
0.17250 -0.15250 -0.11100 -0.5774 -0.5774 -0.5774 -0.69000 -3.53000
0.17250 -0.15250 -0.11100 -0.5774 -0.5774 -0.5774 1.30627 -3.53000
0.17250 -0.01750 -0.11100 -0.5774 0.5774 -0.5774 1.30627 -4.07000
0.17250 -0.01750 -0.10700 -0.5774 0.5774 0.5774 1.29027 -4.07000
0.17250 -0.15250 -0.10700 -0.5774 -0.5774 0.5774 1.29027 -3.53000
0.17250 -0.15250 -0.10700 -0.5774 -0.5774 0.5774 -0.69000 -3.53000
0.17250 -0.01750 -0.10700 -0.5774 0.5774 0.5774 -0.69000 -4.07000
0.17950 -0.01750 -0.10700 0.5774 0.5774 0.5774 -0.71800 -4.07000
0.17950 -0.15250 -0.10700 0.5774 -0.5774 0.5774 -0.71800 -3.53000
0.17950 -0.15250 -0.11100 0.5774 -0.5774 -0.5774 -0.71800 -0.30627
0.17250 -0.15250 -0.11100 -0.5774 -0.5774 -0.5774 -0.69000 -0.30627
0.17250 -0.15250 -0.10700 -0.5774 -0.5774 0.5774 -0.69000 -0.29027
0.17950 -0.15250 -0.10700 0.5774 -0.5774 0.5774 -0.71800 -0.29027
0.17250 -0.01750 -0.11100 -0.5774 0.5774 -0.5774 -0.69000 -0.30627
0.17950 -0.01750 -0.11100 0.5774 0.5774 -0.5774 -0.71800 -0.30627
0.17950 -0.01750 -0.10700 0.5774 0.5774 0.5774 -0.71800 -0.29027
0.17250 -0.01750 -0.10700 -0.5774 0.5774 0.5774 -0.69000 -0.29027
0 2 1
0 3 2
4 6 5
4 7 6
8 10 9
8 11 10
12 14 13
12 15 14
16 18 17
16 19 18
20 22 21
20 23 22
24 26 25
24 27 26
28 30 29
28 31 30
32 34 33
32 35 34
36 38 37
36 39 38
40 42 41
40 43 42
44 46 45
44 47 46
48 50 49
48 51 50
52 54 53
52 55 54
56 58 57
56 59 58
60 62 61
60 63 62
64 66 65
64 67 66
68 70 69
68 71 70
72 74 73
72 75 74
76 78 77
76 79 78
80 82 81
80 83 82
84 86 85
84 87 86
88 90 89
88 91 90
92 94 93
92 95 94
LABEL JetPodL_JetPod
MATERIAL 15
TEXTURE 1
GEOM 281 408
0.21400 0.29400 -0.34600 0.0000 0.7932 0.6090 0.70227 -5.31600
0.21400 0.28000 -0.33300 0.0000 0.4970 0.8678 0.70227 -5.26000
0.20546 0.28000 -0.33412 -0.2246 0.4970 0.8382 0.73643 -5.26000
0.20882 0.29400 -0.34668 -0.1576 0.7932 0.5882 0.72297 -5.31600
0.19750 0.28000 -0.33742 -0.4339 0.4970 0.7515 0.76827 -5.26000
0.20400 0.29400 -0.34868 -0.3045 0.7932 0.5274 0.74227 -5.31600
0.20400 0.29400 -0.34868 -0.3045 0.7932 0.5274 -2.33072 0.25773
0.19750 0.28000 -0.33742 -0.4339 0.4970 0.7515 -2.28568 0.23173
0.19067 0.28000 -0.34267 -0.6136 0.4970 0.6136 -2.30666 0.20440
0.19986 0.29400 -0.35186 -0.4306 0.7932 0.4306 -2.34343 0.24116
0.18542 0.28000 -0.34950 -0.7515 0.4970 0.4339 -2.33400 0.18342
0.19668 0.29400 -0.35600 -0.5274 0.7932 0.3045 -2.36000 0.22845
0.19668 0.29400 -0.35600 -0.5274 0.7932 0.3045 -2.36000 -5.31600
0.18542 0.28000 -0.34950 -0.7515 0.4970 0.4339 -2.33400 -5.26000
0.18212 0.28000 -0.35746 -0.8382 0.4970 0.2246 -2.36584 -5.26000
0.19468 0.29400 -0.36082 -0.5882 0.7932 0.1576 -2.37929 -5.31600
0.18100 0.28000 -0.36600 -0.8678 0.4970 -0.0000 -2.40000 -5.26000
0.19400 0.29400 -0.36600 -0.6090 0.7932 0.0000 -2.40000 -5.31600
0.18212 0.28000 -0.37454 -0.8382 0.4970 -0.2246 -2.43416 -5.26000
0.19468 0.29400 -0.37118 -0.5882 0.7932 -0.1576 -2.42071 -5.31600
0.18542 0.28000 -0.38250 -0.7515 0.4970 -0.4339 -2.46600 -5.26000
0.19668 0.29400 -0.37600 -0.5274 0.7932 -0.3045 -2.44000 -5.31600
0.19668 0.29400 -0.37600 -0.5274 0.7932 -0.3045 -2.44000 0.22845
0.18542 0.28000 -0.38250 -0.7515 0.4970 -0.4339 -2.46600 0.18342
0.19067 0.28000 -0.38933 -0.6136 0.4970 -0.6136 -2.49334 0.20440
0.19986 0.29400 -0.38014 -0.4306 0.7932 -0.4306 -2.45657 0.24116
0.19750 0.28000 -0.39458 -0.4339 0.4970 -0.7515 -2.51432 0.23173
0.20400 0.29400 -0.38332 -0.3045 0.7932 -0.5274 -2.46928 0.25773
0.20400 0.29400 -0.38332 -0.3045 0.7932 -0.5274 0.74227 -5.31600
0.19750 0.28000 -0.39458 -0.4339 0.4970 -0.7515 0.76827 -5.26000
0.20546 0.28000 -0.39788 -0.2246 0.4970 -0.8382 0.73643 -5.26000
0.20882 0.29400 -0.38532 -0.1576 0.7932 -0.5882 0.72297 -5.31600
0.21400 0.28000 -0.39900 0.0000 0.4970 -0.8678 0.70227 -5.26000
0.21400 0.29400 -0.38600 0.0000 0.7932 -0.6090 0.70227 -5.31600
0.22254 0.28000 -0.39788 0.2246 0.4970 -0.8382 0.66810 -5.26000
0.21918 0.29400 -0.38532 0.1576 0.7932 -0.5882 0.68156 -5.31600
0.23050 0.28000 -0.39458 0.4339 0.4970 -0.7515 0.63627 -5.26000
0.22400 0.29400 -0.38332 0.3045 0.7932 -0.5274 0.66227 -5.31600
0.22400 0.29400 -0.38332 0.3045 0.7932 -0.5274 -2.46928 0.33773
0.23050 0.28000 -0.39458 0.4339 0.4970 -0.7515 -2.51432 0.36373
0.23733 0.28000 -0.38933 0.6136 0.4970 -0.6136 -2.49334 0.39107
0.22814 0.29400 -0.38014 0.4306 0.7932 -0.4306 -2.45657 0.35430
0.24258 0.28000 -0.38250 0.7515 0.4970 -0.4339 -2.46600 0.41205
0.23132 0.29400 -0.37600 0.5274 0.7932 -0.3045 -2.44000 0.36702
0.23132 0.29400 -0.37600 0.5274 0.7932 -0.3045 -2.44000 -5.31600
0.24258 0.28000 -0.38250 0.7515 0.4970 -0.4339 -2.46600 -5.26000
0.24588 0.28000 -0.37454 0.8382 0.4970 -0.2246 -2.43416 -5.26000
0.23332 0.29400 -0.37118 0.5882 0.7932 -0.1576 -2.42071 -5.31600
0.24700 0.28000 -0.36600 0.8678 0.4970 -0.0000 -2.40000 -5.26000
0.23400 0.29400 -0.36600 0.6090 0.7932 -0.0000 -2.40000 -5.31600
0.24588 0.28000 -0.35746 0.8382 0.4970 0.2246 -2.36584 -5.26000
0.23332 0.29400 -0.36082 0.5882 0.7932 0.1576 -2.37929 -5.31600
0.24258 0.28000 -0.34950 0.7515 0.4970 0.4339 -2.33400 -5.26000
0.23132 0.29400 -0.35600 0.5274 0.7932 0.3045 -2.36000 -5.31600
0.23132 0.29400 -0.35600 0.5274 0.7932 0.3045 -2.36000 0.36702
0.24258 0.28000 -0.34950 0.7515 0.4970 0.4339 -2.33400 0.41205
0.23733 0.28000 -0.34267 0.6136 0.4970 0.6136 -2.30666 0.39107
0.22814 0.29400 -0.35186 0.4306 0.7932 0.4306 -2.34343 0.35430
0.23050 0.28000 -0.33742 0.4339 0.4970 0.7515 -2.28568 0.36373
0.22400 0.29400 -0.34868 0.3045 0.7932 0.5274 -2.33072 0.33773
0.22400 0.29400 -0.34868 0.3045 0.7932 0.5274 0.66227 -5.31600
0.23050 0.28000 -0.33742 0.4339 0.4970 0.7515 0.63627 -5.26000
0.22254 0.28000 -0.33412 0.2246 0.4970 0.8382 0.66810 -5.26000
0.21918 0.29400 -0.34668 0.1576 0.7932 0.5882 0.68156 -5.31600
0.21400 0.25500 -0.32500 -0.0000 0.1805 0.9836 0.70227 -5.16000
0.20339 0.25500 -0.32640 -0.2546 0.1805 0.9501 0.74471 -5.16000
0.19350 0.25500 -0.33049 -0.4918 0.1805 0.8518 0.78427 -5.16000
0.18501 0.25500 -0.33701 -0.6955 0.1805 0.6955 0.81823 -5.16000
0.19067 0.28000 -0.34267 -0.6136 0.4970 0.6136 0.79560 -5.26000
0.19067 0.28000 -0.34267 -0.6136 0.4970 0.6136 -2.30666 -5.26000
0.18501 0.25500 -0.33701 -0.6955 0.1805 0.6955 -2.28403 -5.16000
0.17849 0.25500 -0.34550 -0.8518 0.1805 0.4918 -2.31800 -5.16000
0.17440 0.25500 -0.35539 -0.9501 0.1805 0.2546 -2.35755 -5.16000
0.17300 0.25500 -0.36600 -0.9836 0.1805 -0.0000 -2.40000 -5.16000
0.17440 0.25500 -0.37661 -0.9501 0.1805 -0.2546 -2.44245 -5.16000
0.17849 0.25500 -0.38650 -0.8518 0.1805 -0.4918 -2.48200 -5.16000
0.18501 0.25500 -0.39499 -0.6955 0.1805 -0.6955 -2.51597 -5.16000
0.19067 0.28000 -0.38933 -0.6136 0.4970 -0.6136 -2.49334 -5.26000
0.19067 0.28000 -0.38933 -0.6136 0.4970 -0.6136 0.79560 -5.26000
0.18501 0.25500 -0.39499 -0.6955 0.1805 -0.6955 0.81823 -5.16000
0.19350 0.25500 -0.40151 -0.4918 0.1805 -0.8518 0.78427 -5.16000
0.20339 0.25500 -0.40560 -0.2546 0.1805 -0.9501 0.74471 -5.16000
0.21400 0.25500 -0.40700 -0.0000 0.1805 -0.9836 0.70227 -5.16000
0.22461 0.25500 -0.40560 0.2546 0.1805 -0.9501 0.65982 -5.16000
0.23450 0.25500 -0.40151 0.4918 0.1805 -0.8518 0.62027 -5.16000
0.24299 0.25500 -0.39499 0.6955 0.1805 -0.6955 0.58630 -5.16000
0.23733 0.28000 -0.38933 0.6136 0.4970 -0.6136 0.60893 -5.26000
0.23733 0.28000 -0.38933 0.6136 0.4970 -0.6136 -2.49334 -5.26000
0.24299 0.25500 -0.39499 0.6955 0.1805 -0.6955 -2.51597 -5.16000
0.24951 0.25500 -0.38650 0.8518 0.1805 -0.4918 -2.48200 -5.16000
0.25360 0.25500 -0.37661 0.9501 0.1805 -0.2546 -2.44245 -5.16000
0.25500 0.25500 -0.36600 0.9836 0.1805 -0.0000 -2.40000 -5.16000
0.25360 0.25500 -0.35539 0.9501 0.1805 0.2546 -2.35755 -5.16000
0.24951 0.25500 -0.34550 0.8518 0.1805 0.4918 -2.31800 -5.16000
0.24299 0.25500 -0.33701 0.6955 0.1805 0.6955 -2.28403 -5.16000
0.23733 0.28000 -0.34267 0.6136 0.4970 0.6136 -2.30666 -5.26000
0.23733 0.28000 -0.34267 0.6136 0.4970 0.6136 0.60893 -5.26000
0.24299 0.25500 -0.33701 0.6955 0.1805 0.6955 0.58630 -5.16000
0.23450 0.25500 -0.33049 0.4918 0.1805 0.8518 0.62027 -5.16000
0.22461 0.25500 -0.32640 0.2546 0.1805 0.9501 0.65982 -5.16000
0.21400 0.22000 -0.32300 0.0000 0.0285 0.9996 0.70227 -5.02000
0.20287 0.22000 -0.32447 -0.2587 0.0285 0.9655 0.74678 -5.02000
0.19250 0.22000 -0.32876 -0.4998 0.0285 0.8657 0.78827 -5.02000
0.18359 0.22000 -0.33559 -0.7068 0.0285 0.7068 0.82389 -5.02000
0.18359 0.22000 -0.33559 -0.7068 0.0285 0.7068 -2.27838 -5.02000
0.17676 0.22000 -0.34450 -0.8657 0.0285 0.4998 -2.31400 -5.02000
0.17247 0.22000 -0.35487 -0.9655 0.0285 0.2587 -2.35548 -5.02000
0.17100 0.22000 -0.36600 -0.9996 0.0285 0.0000 -2.40000 -5.02000
0.17247 0.22000 -0.37713 -0.9655 0.0285 -0.2587 -2.44452 -5.02000
0.17676 0.22000 -0.38750 -0.8657 0.0285 -0.4998 -2.48600 -5.02000
0.18359 0.22000 -0.39641 -0.7068 0.0285 -0.7068 -2.52162 -5.02000
0.18359 0.22000 -0.39641 -0.7068 0.0285 -0.7068 0.82389 -5.02000
0.19250 0.22000 -0.40324 -0.4998 0.0285 -0.8657 0.78827 -5.02000
0.20287 0.22000 -0.40753 -0.2587 0.0285 -0.9655 0.74678 -5.02000
0.21400 0.22000 -0.40900 -0.0000 0.0285 -0.9996 0.70227 -5.02000
0.22513 0.22000 -0.40753 0.2587 0.0285 -0.9655 0.65775 -5.02000
0.23550 0.22000 -0.40324 0.4998 0.0285 -0.8657 0.61627 -5.02000
0.24441 0.22000 -0.39641 0.7068 0.0285 -0.7068 0.58064 -5.02000
0.24441 0.22000 -0.39641 0.7068 0.0285 -0.7068 -2.52162 -5.02000
0.25124 0.22000 -0.38750 0.8657 0.0285 -0.4998 -2.48600 -5.02000
0.25553 0.22000 -0.37713 0.9655 0.0285 -0.2587 -2.44452 -5.02000
0.25700 0.22000 -0.36600 0.9996 0.0285 0.0000 -2.40000 -5.02000
0.25553 0.22000 -0.35487 0.9655 0.0285 0.2587 -2.35548 -5.02000
0.25124 0.22000 -0.34450 0.8657 0.0285 0.4998 -2.31400 -5.02000
0.24441 0.22000 -0.33559 0.7068 0.0285 0.7068 -2.27838 -5.02000
0.24441 0.22000 -0.33559 0.7068 0.0285 0.7068 0.58064 -5.02000
0.23550 0.22000 -0.32876 0.4998 0.0285 0.8657 0.61627 -5.02000
0.22513 0.22000 -0.32447 0.2587 0.0285 0.9655 0.65775 -5.02000
0.21400 0.18000 -0.32300 0.0000 -0.0249 0.9997 0.70227 -4.86000
0.20287 0.18000 -0.32447 -0.2587 -0.0249 0.9656 0.74678 -4.86000
0.19250 0.18000 -0.32876 -0.4998 -0.0249 0.8658 0.78827 -4.86000
0.18359 0.18000 -0.33559 -0.7069 -0.0249 0.7069 0.82389 -4.86000
0.18359 0.18000 -0.33559 -0.7069 -0.0249 0.7069 -2.27838 -4.86000
0.17676 0.18000 -0.34450 -0.8658 -0.0249 0.4998 -2.31400 -4.86000
0.17247 0.18000 -0.35487 -0.9656 -0.0249 0.2587 -2.35548 -4.86000
0.17100 0.18000 -0.36600 -0.9997 -0.0249 -0.0000 -2.40000 -4.86000
0.17247 0.18000 -0.37713 -0.9656 -0.0249 -0.2587 -2.44452 -4.86000
0.17676 0.18000 -0.38750 -0.8658 -0.0249 -0.4998 -2.48600 -4.86000
0.18359 0.18000 -0.39641 -0.7069 -0.0249 -0.7069 -2.52162 -4.86000
0.18359 0.18000 -0.39641 -0.7069 -0.0249 -0.7069 0.82389 -4.86000
0.19250 0.18000 -0.40324 -0.4998 -0.0249 -0.8658 0.78827 -4.86000
0.20287 0.18000 -0.40753 -0.2587 -0.0249 -0.9656 0.74678 -4.86000
0.21400 0.18000 -0.40900 -0.0000 -0.0249 -0.9997 0.70227 -4.86000
0.22513 0.18000 -0.40753 0.2587 -0.0249 -0.9656 0.65775 -4.86000
0.23550 0.18000 -0.40324 0.4998 -0.0249 -0.8658 0.61627 -4.86000
0.24441 0.18000 -0.39641 0.7069 -0.0249 -0.7069 0.58064 -4.86000
0.24441 0.18000 -0.39641 0.7069 -0.0249 -0.7069 -2.52162 -4.86000
0.25124 0.18000 -0.38750 0.8658 -0.0249 -0.4998 -2.48600 -4.86000
0.25553 0.18000 -0.37713 0.9656 -0.0249 -0.2587 -2.44452 -4.86000
0.25700 0.18000 -0.36600 0.9997 -0.0249 0.0000 -2.40000 -4.86000
0.25553 0.18000 -0.35487 0.9656 -0.0249 0.2587 -2.35548 -4.86000
0.25124 0.18000 -0.34450 0.8658 -0.0249 0.4998 -2.31400 -4.86000
0.24441 0.18000 -0.33559 0.7069 -0.0249 0.7069 -2.27838 -4.86000
0.24441 0.18000 -0.33559 0.7069 -0.0249 0.7069 0.58064 -4.86000
0.23550 0.18000 -0.32876 0.4998 -0.0249 0.8658 0.61627 -4.86000
0.22513 0.18000 -0.32447 0.2587 -0.0249 0.9656 0.65775 -4.86000
0.21400 0.14000 -0.32500 -0.0000 -0.1068 0.9943 0.70227 -4.70000
0.20339 0.14000 -0.32640 -0.2573 -0.1068 0.9604 0.74471 -4.70000
0.19350 0.14000 -0.33049 -0.4971 -0.1068 0.8611 0.78427 -4.70000
0.18501 0.14000 -0.33701 -0.7031 -0.1068 0.7031 0.81823 -4.70000
0.18501 0.14000 -0.33701 -0.7031 -0.1068 0.7031 -2.28403 -4.70000
0.17849 0.14000 -0.34550 -0.8611 -0.1068 0.4971 -2.31800 -4.70000
0.17440 0.14000 -0.35539 -0.9604 -0.1068 0.2573 -2.35755 -4.70000
0.17300 0.14000 -0.36600 -0.9943 -0.1068 -0.0000 -2.40000 -4.70000
0.17440 0.14000 -0.37661 -0.9604 -0.1068 -0.2573 -2.44245 -4.70000
0.17849 0.14000 -0.38650 -0.8611 -0.1068 -0.4971 -2.48200 -4.70000
0.18501 0.14000 -0.39499 -0.7031 -0.1068 -0.7031 -2.51597 -4.70000
0.18501 0.14000 -0.39499 -0.7031 -0.1068 -0.7031 0.81823 -4.70000
0.19350 0.14000 -0.40151 -0.4971 -0.1068 -0.8611 0.78427 -4.70000
0.20339 0.14000 -0.40560 -0.2573 -0.1068 -0.9604 0.74471 -4.70000
0.21400 0.14000 -0.40700 0.0000 -0.1068 -0.9943 0.70227 -4.70000
0.22461 0.14000 -0.40560 0.2573 -0.1068 -0.9604 0.65982 -4.70000
0.23450 0.14000 -0.40151 0.4971 -0.1068 -0.8611 0.62027 -4.70000
0.24299 0.14000 -0.39499 0.7031 -0.1068 -0.7031 0.58630 -4.70000
0.24299 0.14000 -0.39499 0.7031 -0.1068 -0.7031 -2.51597 -4.70000
0.24951 0.14000 -0.38650 0.8611 -0.1068 -0.4971 -2.48200 -4.70000
0.25360 0.14000 -0.37661 0.9604 -0.1068 -0.2573 -2.44245 -4.70000
0.25500 0.14000 -0.36600 0.9943 -0.1068 -0.0000 -2.40000 -4.70000
0.25360 0.14000 -0.35539 0.9604 -0.1068 0.2573 -2.35755 -4.70000
0.24951 0.14000 -0.34550 0.8611 -0.1068 0.4971 -2.31800 -4.70000
0.24299 0.14000 -0.33701 0.7031 -0.1068 0.7031 -2.28403 -4.70000
0.24299 0.14000 -0.33701 0.7031 -0.1068 0.7031 0.58630 -4.70000
0.23450 0.14000 -0.33049 0.4971 -0.1068 0.8611 0.62027 -4.70000
0.22461 0.14000 -0.32640 0.2573 -0.1068 0.9604 0.65982 -4.70000
0.21400 0.11000 -0.33000 0.0000 -0.2132 0.9770 0.70227 -4.58000
0.20468 0.11000 -0.33123 -0.2529 -0.2132 0.9437 0.73954 -4.58000
0.19600 0.11000 -0.33482 -0.4885 -0.2132 0.8461 0.77427 -4.58000
0.18854 0.11000 -0.34054 -0.6909 -0.2132 0.6909 0.80409 -4.58000
0.18854 0.11000 -0.34054 -0.6909 -0.2132 0.6909 -2.29818 -4.58000
0.18282 0.11000 -0.34800 -0.8461 -0.2132 0.4885 -2.32800 -4.58000
0.17923 0.11000 -0.35668 -0.9437 -0.2132 0.2529 -2.36273 -4.58000
0.17800 0.11000 -0.36600 -0.9770 -0.2132 -0.0000 -2.40000 -4.58000
0.17923 0.11000 -0.37532 -0.9437 -0.2132 -0.2529 -2.43727 -4.58000
0.18282 0.11000 -0.38400 -0.8461 -0.2132 -0.4885 -2.47200 -4.58000
0.18854 0.11000 -0.39146 -0.6909 -0.2132 -0.6909 -2.50182 -4.58000
0.18854 0.11000 -0.39146 -0.6909 -0.2132 -0.6909 0.80409 -4.58000
0.19600 0.11000 -0.39718 -0.4885 -0.2132 -0.8461 0.77427 -4.58000
0.20468 0.11000 -0.40077 -0.2529 -0.2132 -0.9437 0.73954 -4.58000
0.21400 0.11000 -0.40200 -0.0000 -0.2132 -0.9770 0.70227 -4.58000
0.22332 0.11000 -0.40077 0.2529 -0.2132 -0.9437 0.66500 -4.58000
0.23200 0.11000 -0.39718 0.4885 -0.2132 -0.8461 0.63027 -4.58000
0.23946 0.11000 -0.39146 0.6909 -0.2132 -0.6909 0.60044 -4.58000
0.23946 0.11000 -0.39146 0.6909 -0.2132 -0.6909 -2.50182 -4.58000
0.24518 0.11000 -0.38400 0.8461 -0.2132 -0.4885 -2.47200 -4.58000
0.24877 0.11000 -0.37532 0.9437 -0.2132 -0.2529 -2.43727 -4.58000
0.25000 0.11000 -0.36600 0.9770 -0.2132 0.0000 -2.40000 -4.58000
0.24877 0.11000 -0.35668 0.9437 -0.2132 0.2529 -2.36273 -4.58000
0.24518 0.11000 -0.34800 0.8461 -0.2132 0.4885 -2.32800 -4.58000
0.23946 0.11000 -0.34054 0.6909 -0.2132 0.6909 -2.29818 -4.58000
0.23946 0.11000 -0.34054 0.6909 -0.2132 0.6909 0.60044 -4.58000
0.23200 0.11000 -0.33482 0.4885 -0.2132 0.8461 0.63027 -4.58000
0.22332 0.11000 -0.33123 0.2529 -0.2132 0.9437 0.66500 -4.58000
0.21400 0.08800 -0.33600 0.0000 -0.1952 0.9808 0.70227 -4.49200
0.20624 0.08800 -0.33702 -0.2538 -0.1952 0.9473 0.73332 -4.49200
0.19900 0.08800 -0.34002 -0.4904 -0.1952 0.8494 0.76227 -4.49200
0.19279 0.08800 -0.34479 -0.6935 -0.1952 0.6935 0.78712 -4.49200
0.19279 0.08800 -0.34479 -0.6935 -0.1952 0.6935 -2.31515 -4.49200
0.18802 0.08800 -0.35100 -0.8494 -0.1952 0.4904 -2.34000 -4.49200
0.18502 0.08800 -0.35824 -0.9473 -0.1952 0.2538 -2.36894 -4.49200
0.18400 0.08800 -0.36600 -0.9808 -0.1952 -0.0000 -2.40000 -4.49200
0.18502 0.08800 -0.37376 -0.9473 -0.1952 -0.2538 -2.43106 -4.49200
0.18802 0.08800 -0.38100 -0.8494 -0.1952 -0.4904 -2.46000 -4.49200
0.19279 0.08800 -0.38721 -0.6935 -0.1952 -0.6935 -2.48485 -4.49200
0.19279 0.08800 -0.38721 -0.6935 -0.1952 -0.6935 0.78712 -4.49200
0.19900 0.08800 -0.39198 -0.4904 -0.1952 -0.8494 0.76227 -4.49200
0.20624 0.08800 -0.39498 -0.2538 -0.1952 -0.9473 0.73332 -4.49200
0.21400 0.08800 -0.39600 -0.0000 -0.1952 -0.9808 0.70227 -4.49200
0.22176 0.08800 -0.39498 0.2538 -0.1952 -0.9473 0.67121 -4.49200
0.22900 0.08800 -0.39198 0.4904 -0.1952 -0.8494 0.64227 -4.49200
0.23521 0.08800 -0.38721 0.6935 -0.1952 -0.6935 0.61741 -4.49200
0.23521 0.08800 -0.38721 0.6935 -0.1952 -0.6935 -2.48485 -4.49200
0.23998 0.08800 -0.38100 0.8494 -0.1952 -0.4904 -2.46000 -4.49200
0.24298 0.08800 -0.37376 0.9473 -0.1952 -0.2538 -2.43106 -4.49200
0.24400 0.08800 -0.36600 0.9808 -0.1952 0.0000 -2.40000 -4.49200
0.24298 0.08800 -0.35824 0.9473 -0.1952 0.2538 -2.36894 -4.49200
0.23998 0.08800 -0.35100 0.8494 -0.1952 0.4904 -2.34000 -4.49200
0.23521 0.08800 -0.34479 0.6935 -0.1952 0.6935 -2.31515 -4.49200
0.23521 0.08800 -0.34479 0.6935 -0.1952 0.6935 0.61741 -4.49200
0.22900 0.08800 -0.34002 0.4904 -0.1952 0.8494 0.64227 -4.49200
0.22176 0.08800 -0.33702 0.2538 -0.1952 0.9473 0.67121 -4.49200
0.21400 0.08000 -0.33700 0.0000 -0.7964 0.6048 0.70227 -4.46000
0.20649 0.08000 -0.33799 -0.1565 -0.7964 0.5842 0.73229 -4.46000
0.19950 0.08000 -0.34089 -0.3024 -0.7964 0.5238 0.76027 -4.46000
0.19349 0.08000 -0.34549 -0.4276 -0.7964 0.4277 0.78429 -4.46000
0.19349 0.08000 -0.34549 -0.4276 -0.7964 0.4277 -2.31798 -4.46000
0.18889 0.08000 -0.35150 -0.5238 -0.7964 0.3024 -2.34200 -4.46000
0.18599 0.08000 -0.35849 -0.5842 -0.7964 0.1565 -2.36998 -4.46000
0.18500 0.08000 -0.36600 -0.6048 -0.7964 -0.0000 -2.40000 -4.46000
0.18599 0.08000 -0.37351 -0.5842 -0.7964 -0.1565 -2.43002 -4.46000
0.18889 0.08000 -0.38050 -0.5238 -0.7964 -0.3024 -2.45800 -4.46000
0.19349 0.08000 -0.38651 -0.4277 -0.7964 -0.4277 -2.48202 -4.46000
0.19349 0.08000 -0.38651 -0.4277 -0.7964 -0.4277 0.78429 -4.46000
0.19950 0.08000 -0.39111 -0.3024 -0.7964 -0.5238 0.76027 -4.46000
0.20649 0.08000 -0.39401 -0.1565 -0.7964 -0.5842 0.73229 -4.46000
0.21400 0.08000 -0.39500 -0.0000 -0.7964 -0.6048 0.70227 -4.46000
0.22151 0.08000 -0.39401 0.1565 -0.7964 -0.5842 0.67224 -4.46000
0.22850 0.08000 -0.39111 0.3024 -0.7964 -0.5238 0.64427 -4.46000
0.23451 0.08000 -0.38651 0.4277 -0.7964 -0.4277 0.62024 -4.46000
0.23451 0.08000 -0.38651 0.4277 -0.7964 -0.4277 -2.48202 -4.46000
0.23911 0.08000 -0.38050 0.5238 -0.7964 -0.3024 -2.45800 -4.46000
0.24201 0.08000 -0.37351 0.5842 -0.7964 -0.1565 -2.43002 -4.46000
0.24300 0.08000 -0.36600 0.6048 -0.7964 -0.0000 -2.40000 -4.46000
0.24201 0.08000 -0.35849 0.5842 -0.7964 0.1565 -2.36998 -4.46000
0.23911 0.08000 -0.35150 0.5238 -0.7964 0.3024 -2.34200 -4.46000
0.23451 0.08000 -0.34549 0.4277 -0.7964 0.4277 -2.31798 -4.46000
0.23451 0.08000 -0.34549 0.4277 -0.7964 0.4277 0.62024 -4.46000
0.22850 0.08000 -0.34089 0.3024 -0.7964 0.5238 0.64427 -4.46000
0.22151 0.08000 -0.33799 0.1565 -0.7964 0.5842 0.67224 -4.46000
0.20882 0.29400 -0.34668 -0.1576 0.7932 0.5882 -2.32273 0.27703
0.21400 0.30400 -0.36600 -0.0000 1.0000 0.0000 -2.40000 0.29773
0.21400 0.29400 -0.34600 0.0000 0.7932 0.6090 -2.32000 0.29773
0.19468 0.29400 -0.36082 -0.5882 0.7932 0.1576 -2.37929 0.22046
0.19400 0.29400 -0.36600 -0.6090 0.7932 0.0000 -2.40000 0.21773
0.19468 0.29400 -0.37118 -0.5882 0.7932 -0.1576 -2.42071 0.22046
0.20882 0.29400 -0.38532 -0.1576 0.7932 -0.5882 -2.47727 0.27703
0.21400 0.29400 -0.38600 0.0000 0.7932 -0.6090 -2.48000 0.29773
0.21918 0.29400 -0.38532 0.1576 0.7932 -0.5882 -2.47727 0.31844
0.23332 0.29400 -0.37118 0.5882 0.7932 -0.1576 -2.42071 0.37501
0.23400 0.29400 -0.36600 0.6090 0.7932 -0.0000 -2.40000 0.37773
0.23332 0.29400 -0.36082 0.5882 0.7932 0.1576 -2.37929 0.37501
0.21918 0.29400 -0.34668 0.1576 0.7932 0.5882 -2.32273 0.31844
0 2 1
0 3 2
3 4 2
3 5 4
6 8 7
6 9 8
9 10 8
9 11 10
12 14 13
12 15 14
15 16 14
15 17 16
17 18 16
17 19 18
19 20 18
19 21 20
22 24 23
22 25 24
25 26 24
25 27 26
28 30 29
28 31 30
31 32 30
31 33 32
33 34 32
33 35 34
35 36 34
35 37 36
38 40 39
38 41 40
41 42 40
41 43 42
44 46 45
44 47 46
47 48 46
47 49 48
49 50 48
49 51 50
51 52 50
51 53 52
54 56 55
54 57 56
57 58 56
57 59 58
60 62 61
60 63 62
63 1 62
63 0 1
1 65 64
1 2 65
2 66 65
2 4 66
4 67 66
4 68 67
69 71 70
69 13 71
13 72 71
13 14 72
14 73 72
14 16 73
16 74 73
16 18 74
18 75 74
18 20 75
20 76 75
20 77 76
78 80 79
78 29 80
29 81 80
29 30 81
30 82 81
30 32 82
32 83 82
32 34 83
34 84 83
34 36 84
36 85 84
36 86 85
87 89 88
87 45 89
45 90 89
45 46 90
46 91 90
46 48 91
48 92 91
48 50 92
50 93 92
50 52 93
52 94 93
52 95 94
96 98 97
96 61 98
61 99 98
61 62 99
62 64 99
62 1 64
64 101 100
64 65 101
65 102 101
65 66 102
66 103 102
66 67 103
70 105 104
70 71 105
71 106 105
71 72 106
72 107 106
72 73 107
73 108 107
73 74 108
74 109 108
74 75 109
75 110 109
75 76 110
79 112 111
79 80 112
80 113 112
80 81 113
81 114 113
81 82 114
82 115 114
82 83 115
83 116 115
83 84 116
84 117 116
84 85 117
88 119 118
88 89 119
89 120 119
89 90 120
90 121 120
90 91 121
91 122 121
91 92 122
92 123 122
92 93 123
93 124 123
93 94 124
97 126 125
97 98 126
98 127 126
98 99 127
99 100 127
99 64 100
100 129 128
100 101 129
101 130 129
101 102 130
102 131 130
102 103 131
104 133 132
104 105 133
105 134 133
105 106 134
106 135 134
106 107 135
107 136 135
107 108 136
108 137 136
108 109 137
109 138 137
109 110 138
111 140 139
111 112 140
112 141 140
112 113 141
113 142 141
113 114 142
114 143 142
114 115 143
115 144 143
115 116 144
116 145 144
116 117 145
118 147 146
118 119 147
119 148 147
119 120 148
120 149 148
120 121 149
121 150 149
121 122 150
122 151 150
122 123 151
123 152 151
123 124 152
125 154 153
125 126 154
126 155 154
126 127 155
127 128 155
127 100 128
128 157 156
128 129 157
129 158 157
129 130 158
130 159 158
130 131 159
132 161 160
132 133 161
133 162 161
133 134 162
134 163 162
134 135 163
135 164 163
135 136 164
136 165 164
136 137 165
137 166 165
137 138 166
139 168 167
139 140 168
140 169 168
140 141 169
141 170 169
141 142 170
142 171 170
142 143 171
143 172 171
143 144 172
144 173 172
144 145 173
146 175 174
146 147 175
147 176 175
147 148 176
148 177 176
148 149 177
149 178 177
149 150 178
150 179 178
150 151 179
151 180 179
151 152 180
153 182 181
153 154 182
154 183 182
154 155 183
155 156 183
155 128 156
156 185 184
156 157 185
157 186 185
157 158 186
158 187 186
158 159 187
160 189 188
160 161 189
161 190 189
161 162 190
162 191 190
162 163 191
163 192 191
163 164 192
164 193 192
164 165 193
165 194 193
165 166 194
167 196 195
167 168 196
168 197 196
168 169 197
169 198 197
169 170 198
170 199 198
170 171 199
171 200 199
171 172 200
172 201 200
172 173 201
174 203 202
174 175 203
175 204 203
175 176 204
176 205 204
176 177 205
177 206 205
177 178 206
178 207 206
178 179 207
179 208 207
179 180 208
181 210 209
181 182 210
182 211 210
182 183 211
183 184 211
183 156 184
184 213 212
184 185 213
185 214 213
185 186 214
186 215 214
186 187 215
188 217 216
188 189 217
189 218 217
189 190 218
190 219 218
190 191 219
191 220 219
191 192 220
192 221 220
192 193 221
193 222 221
193 194 222
195 224 223
195 196 224
196 225 224
196 197 225
197 226 225
197 198 226
198 227 226
198 199 227
199 228 227
199 200 228
200 229 228
200 201 229
202 231 230
202 203 231
203 232 231
203 204 232
204 233 232
204 205 233
205 234 233
205 206 234
206 235 234
206 207 235
207 236 235
207 208 236
209 238 237
209 210 238
210 239 238
210 211 239
211 212 239
211 184 212
212 241 240
212 213 241
213 242 241
213 214 242
214 243 242
214 215 243
216 245 244
216 217 245
217 246 245
217 218 246
218 247 246
218 219 247
219 248 247
219 220 248
220 249 248
220 221 249
221 250 249
221 222 250
223 252 251
223 224 252
224 253 252
224 225 253
225 254 253
225 226 254
226 255 254
226 227 255
227 256 255
227 228 256
228 257 256
228 229 257
230 259 258
230 231 259
231 260 259
231 232 260
232 261 260
232 233 261
233 262 261
233 234 262
234 263 262
234 235 263
235 264 263
235 236 264
237 266 265
237 238 266
238 267 266
238 239 267
239 240 267
239 212 240
268 270 269
6 268 269
9 6 269
11 9 269
271 11 269
272 271 269
273 272 269
22 273 269
25 22 269
27 25 269
274 27 269
275 274 269
276 275 269
38 276 269
41 38 269
43 41 269
277 43 269
278 277 269
279 278 269
54 279 269
57 54 269
59 57 269
280 59 269
270 280 269
LABEL JetPodL_JetDark
MATERIAL 16
TEXTURE 0
GEOM 56 52
0.21400 0.08000 -0.33700 0.0000 -0.7964 0.6048 -2.28400 0.29773
0.21400 0.08400 -0.35300 0.0000 -0.9615 0.2749 -2.34800 0.29773
0.21064 0.08400 -0.35344 -0.0712 -0.9615 0.2655 -2.34977 0.28427
0.20649 0.08000 -0.33799 -0.1565 -0.7964 0.5842 -2.28795 0.26771
0.20750 0.08400 -0.35474 -0.1375 -0.9615 0.2381 -2.35497 0.27173
0.19950 0.08000 -0.34089 -0.3024 -0.7964 0.5238 -2.29954 0.23973
0.20481 0.08400 -0.35681 -0.1944 -0.9615 0.1944 -2.36323 0.26096
0.19349 0.08000 -0.34549 -0.4276 -0.7964 0.4277 -2.31798 0.21571
0.20274 0.08400 -0.35950 -0.2381 -0.9615 0.1374 -2.37400 0.25270
0.18889 0.08000 -0.35150 -0.5238 -0.7964 0.3024 -2.34200 0.19727
0.20144 0.08400 -0.36264 -0.2655 -0.9615 0.0711 -2.38654 0.24751
0.18599 0.08000 -0.35849 -0.5842 -0.7964 0.1565 -2.36998 0.18569
0.20100 0.08400 -0.36600 -0.2749 -0.9615 0.0000 -2.40000 0.24573
0.18500 0.08000 -0.36600 -0.6048 -0.7964 -0.0000 -2.40000 0.18173
0.20144 0.08400 -0.36936 -0.2655 -0.9615 -0.0711 -2.41346 0.24751
0.18599 0.08000 -0.37351 -0.5842 -0.7964 -0.1565 -2.43002 0.18569
0.20274 0.08400 -0.37250 -0.2381 -0.9615 -0.1374 -2.42600 0.25270
0.18889 0.08000 -0.38050 -0.5238 -0.7964 -0.3024 -2.45800 0.19727
0.20481 0.08400 -0.37519 -0.1944 -0.9615 -0.1944 -2.43677 0.26096
0.19349 0.08000 -0.38651 -0.4277 -0.7964 -0.4277 -2.48202 0.21571
0.20750 0.08400 -0.37726 -0.1375 -0.9615 -0.2381 -2.44503 0.27173
0.19950 0.08000 -0.39111 -0.3024 -0.7964 -0.5238 -2.50046 0.23973
0.21064 0.08400 -0.37856 -0.0712 -0.9615 -0.2655 -2.45023 0.28427
0.20649 0.08000 -0.39401 -0.1565 -0.7964 -0.5842 -2.51205 0.26771
0.21400 0.08400 -0.37900 0.0000 -0.9615 -0.2749 -2.45200 0.29773
0.21400 0.08000 -0.39500 -0.0000 -0.7964 -0.6048 -2.51600 0.29773
0.21736 0.08400 -0.37856 0.0712 -0.9615 -0.2655 -2.45023 0.31119
0.22151 0.08000 -0.39401 0.1565 -0.7964 -0.5842 -2.51205 0.32776
0.22050 0.08400 -0.37726 0.1375 -0.9615 -0.2381 -2.44503 0.32373
0.22850 0.08000 -0.39111 0.3024 -0.7964 -0.5238 -2.50046 0.35573
0.22319 0.08400 -0.37519 0.1944 -0.9615 -0.1944 -2.43677 0.33450
0.23451 0.08000 -0.38651 0.4277 -0.7964 -0.4277 -2.48202 0.37976
0.22526 0.08400 -0.37250 0.2381 -0.9615 -0.1375 -2.42600 0.34277
0.23911 0.08000 -0.38050 0.5238 -0.7964 -0.3024 -2.45800 0.39819
0.22656 0.08400 -0.36936 0.2655 -0.9615 -0.0711 -2.41346 0.34796
0.24201 0.08000 -0.37351 0.5842 -0.7964 -0.1565 -2.43002 0.40978
0.22700 0.08400 -0.36600 0.2749 -0.9615 -0.0000 -2.40000 0.34973
0.24300 0.08000 -0.36600 0.6048 -0.7964 -0.0000 -2.40000 0.41373
0.22656 0.08400 -0.36264 0.2655 -0.9615 0.0711 -2.38654 0.34796
0.24201 0.08000 -0.35849 0.5842 -0.7964 0.1565 -2.36998 0.40978
0.22526 0.08400 -0.35950 0.2381 -0.9615 0.1374 -2.37400 0.34277
0.23911 0.08000 -0.35150 0.5238 -0.7964 0.3024 -2.34200 0.39819
0.22319 0.08400 -0.35681 0.1944 -0.9615 0.1944 -2.36323 0.33450
0.23451 0.08000 -0.34549 0.4277 -0.7964 0.4277 -2.31798 0.37976
0.22050 0.08400 -0.35474 0.1375 -0.9615 0.2381 -2.35497 0.32373
0.22850 0.08000 -0.34089 0.3024 -0.7964 0.5238 -2.29954 0.35573
0.21736 0.08400 -0.35344 0.0712 -0.9615 0.2655 -2.34977 0.31119
0.22151 0.08000 -0.33799 0.1565 -0.7964 0.5842 -2.28795 0.32776
0.25870 0.23500 -0.36800 -1.0000 0.0000 0.0000 -2.40800 -5.08000
0.25870 0.23500 -0.37250 -1.0000 0.0000 0.0000 -2.42600 -5.08000
0.25870 0.26500 -0.37250 -1.0000 0.0000 0.0000 -2.42600 -5.20000
0.25870 0.26500 -0.36800 -1.0000 0.0000 0.0000 -2.40800 -5.20000
0.25870 0.23500 -0.35950 -1.0000 0.0000 0.0000 -2.37400 -5.08000
0.25870 0.23500 -0.36400 -1.0000 0.0000 0.0000 -2.39200 -5.08000
0.25870 0.26500 -0.36400 -1.0000 0.0000 0.0000 -2.39200 -5.20000
0.25870 0.26500 -0.35950 -1.0000 0.0000 0.0000 -2.37400 -5.20000
0 2 1
0 3 2
3 4 2
3 5 4
5 6 4
5 7 6
7 8 6
7 9 8
9 10 8
9 11 10
11 12 10
11 13 12
13 14 12
13 15 14
15 16 14
15 17 16
17 18 16
17 19 18
19 20 18
19 21 20
21 22 20
21 23 22
23 24 22
23 25 24
25 26 24
25 27 26
27 28 26
27 29 28
29 30 28
29 31 30
31 32 30
31 33 32
33 34 32
33 35 34
35 36 34
35 37 36
37 38 36
37 39 38
39 40 38
39 41 40
41 42 40
41 43 42
43 44 42
43 45 44
45 46 44
45 47 46
47 1 46
47 0 1
48 50 49
48 51 50
52 54 53
52 55 54
LABEL JetPodL_001
MATERIAL 17
TEXTURE 2
GEOM 123 100
0.21400 0.08400 -0.35300 0.0000 -0.9615 0.2749 0.70227 -4.47600
0.21400 0.06800 -0.36600 0.0000 -1.0000 -0.0000 0.70227 -4.41200
0.21064 0.08400 -0.35344 -0.0712 -0.9615 0.2655 0.71573 -4.47600
0.20750 0.08400 -0.35474 -0.1375 -0.9615 0.2381 0.72827 -4.47600
0.20750 0.08400 -0.35474 -0.1375 -0.9615 0.2381 -2.35497 0.27173
0.21400 0.06800 -0.36600 0.0000 -1.0000 -0.0000 -2.40000 0.29773
0.20481 0.08400 -0.35681 -0.1944 -0.9615 0.1944 -2.36323 0.26096
0.20274 0.08400 -0.35950 -0.2381 -0.9615 0.1374 -2.37400 0.25270
0.20274 0.08400 -0.35950 -0.2381 -0.9615 0.1374 -2.37400 -4.47600
0.21400 0.06800 -0.36600 0.0000 -1.0000 -0.0000 -2.40000 -4.41200
0.20144 0.08400 -0.36264 -0.2655 -0.9615 0.0711 -2.38654 -4.47600
0.20100 0.08400 -0.36600 -0.2749 -0.9615 0.0000 -2.40000 -4.47600
0.20144 0.08400 -0.36936 -0.2655 -0.9615 -0.0711 -2.41346 -4.47600
0.20274 0.08400 -0.37250 -0.2381 -0.9615 -0.1374 -2.42600 -4.47600
0.20274 0.08400 -0.37250 -0.2381 -0.9615 -0.1374 -2.42600 0.25270
0.20481 0.08400 -0.37519 -0.1944 -0.9615 -0.1944 -2.43677 0.26096
0.20750 0.08400 -0.37726 -0.1375 -0.9615 -0.2381 -2.44503 0.27173
0.20750 0.08400 -0.37726 -0.1375 -0.9615 -0.2381 0.72827 -4.47600
0.21064 0.08400 -0.37856 -0.0712 -0.9615 -0.2655 0.71573 -4.47600
0.21400 0.08400 -0.37900 0.0000 -0.9615 -0.2749 0.70227 -4.47600
0.21736 0.08400 -0.37856 0.0712 -0.9615 -0.2655 0.68881 -4.47600
0.22050 0.08400 -0.37726 0.1375 -0.9615 -0.2381 0.67627 -4.47600
0.22050 0.08400 -0.37726 0.1375 -0.9615 -0.2381 -2.44503 0.32373
0.22319 0.08400 -0.37519 0.1944 -0.9615 -0.1944 -2.43677 0.33450
0.22526 0.08400 -0.37250 0.2381 -0.9615 -0.1375 -2.42600 0.34277
0.22526 0.08400 -0.37250 0.2381 -0.9615 -0.1375 -2.42600 -4.47600
0.22656 0.08400 -0.36936 0.2655 -0.9615 -0.0711 -2.41346 -4.47600
0.22700 0.08400 -0.36600 0.2749 -0.9615 -0.0000 -2.40000 -4.47600
0.22656 0.08400 -0.36264 0.2655 -0.9615 0.0711 -2.38654 -4.47600
0.22526 0.08400 -0.35950 0.2381 -0.9615 0.1374 -2.37400 -4.47600
0.22526 0.08400 -0.35950 0.2381 -0.9615 0.1374 -2.37400 0.34277
0.22319 0.08400 -0.35681 0.1944 -0.9615 0.1944 -2.36323 0.33450
0.22050 0.08400 -0.35474 0.1375 -0.9615 0.2381 -2.35497 0.32373
0.22050 0.08400 -0.35474 0.1375 -0.9615 0.2381 0.67627 -4.47600
0.21736 0.08400 -0.35344 0.0712 -0.9615 0.2655 0.68881 -4.47600
0.21987 0.23807 -0.31600 0.2284 0.7030 0.6735 -2.20000 0.32122
0.21987 0.23807 -0.33000 0.2284 0.7030 -0.6735 -2.25600 0.32122
0.22517 0.23537 -0.33000 0.4345 0.5980 -0.6735 -2.25600 0.34241
0.22517 0.23537 -0.31600 0.4345 0.5980 0.6735 -2.20000 0.34241
0.22517 0.20463 -0.31600 0.4345 -0.5980 0.6735 -2.20000 0.34241
0.22517 0.20463 -0.33000 0.4345 -0.5980 -0.6735 -2.25600 0.34241
0.21987 0.20193 -0.33000 0.2284 -0.7030 -0.6735 -2.25600 0.32122
0.21987 0.20193 -0.31600 0.2284 -0.7030 0.6735 -2.20000 0.32122
0.21400 0.23900 -0.31600 -0.0000 0.7392 0.6735 -2.20000 0.29773
0.21400 0.23900 -0.33000 -0.0000 0.7392 -0.6735 -2.25600 0.29773
0.22937 0.20883 -0.31600 0.5980 -0.4345 0.6735 -2.20000 -4.97533
0.22937 0.20883 -0.33000 0.5980 -0.4345 -0.6735 -2.25600 -4.97533
0.22517 0.20463 -0.33000 0.4345 -0.5980 -0.6735 -2.25600 -4.95851
0.22517 0.20463 -0.31600 0.4345 -0.5980 0.6735 -2.20000 -4.95851
0.20813 0.23807 -0.31600 -0.2284 0.7030 0.6735 -2.20000 0.27425
0.20813 0.23807 -0.33000 -0.2284 0.7030 -0.6735 -2.25600 0.27425
0.23207 0.21413 -0.31600 0.7030 -0.2284 0.6735 -2.20000 -4.99651
0.23207 0.21413 -0.33000 0.7030 -0.2284 -0.6735 -2.25600 -4.99651
0.20283 0.23537 -0.31600 -0.4345 0.5980 0.6735 -2.20000 0.25306
0.20283 0.23537 -0.33000 -0.4345 0.5980 -0.6735 -2.25600 0.25306
0.23300 0.22000 -0.31600 0.7392 -0.0000 0.6735 -2.20000 -5.02000
0.23300 0.22000 -0.33000 0.7392 0.0000 -0.6735 -2.25600 -5.02000
0.19863 0.23117 -0.31600 -0.5980 0.4345 0.6735 -2.20000 -5.06467
0.19863 0.23117 -0.33000 -0.5980 0.4345 -0.6735 -2.25600 -5.06467
0.20283 0.23537 -0.33000 -0.4345 0.5980 -0.6735 -2.25600 -5.08149
0.20283 0.23537 -0.31600 -0.4345 0.5980 0.6735 -2.20000 -5.08149
0.23207 0.22587 -0.31600 0.7030 0.2284 0.6735 -2.20000 -5.04349
0.23207 0.22587 -0.33000 0.7030 0.2284 -0.6735 -2.25600 -5.04349
0.19593 0.22587 -0.31600 -0.7030 0.2284 0.6735 -2.20000 -5.04349
0.19593 0.22587 -0.33000 -0.7030 0.2284 -0.6735 -2.25600 -5.04349
0.22937 0.23117 -0.31600 0.5980 0.4345 0.6735 -2.20000 -5.06467
0.22937 0.23117 -0.33000 0.5980 0.4345 -0.6735 -2.25600 -5.06467
0.19500 0.22000 -0.31600 -0.7392 -0.0000 0.6735 -2.20000 -5.02000
0.19500 0.22000 -0.33000 -0.7392 0.0000 -0.6735 -2.25600 -5.02000
0.21400 0.20100 -0.33000 -0.0000 -0.7392 -0.6735 -2.25600 0.29773
0.21400 0.20100 -0.31600 -0.0000 -0.7392 0.6735 -2.20000 0.29773
0.22517 0.23537 -0.31600 0.4345 0.5980 0.6735 -2.20000 -5.08149
0.22517 0.23537 -0.33000 0.4345 0.5980 -0.6735 -2.25600 -5.08149
0.20813 0.20193 -0.33000 -0.2284 -0.7030 -0.6735 -2.25600 0.27425
0.20813 0.20193 -0.31600 -0.2284 -0.7030 0.6735 -2.20000 0.27425
0.20283 0.20463 -0.33000 -0.4345 -0.5980 -0.6735 -2.25600 0.25306
0.20283 0.20463 -0.31600 -0.4345 -0.5980 0.6735 -2.20000 0.25306
0.20283 0.20463 -0.31600 -0.4345 -0.5980 0.6735 -2.20000 -4.95851
0.20283 0.20463 -0.33000 -0.4345 -0.5980 -0.6735 -2.25600 -4.95851
0.19863 0.20883 -0.33000 -0.5980 -0.4345 -0.6735 -2.25600 -4.97533
0.19863 0.20883 -0.31600 -0.5980 -0.4345 0.6735 -2.20000 -4.97533
0.23207 0.22587 -0.33000 0.7030 0.2284 -0.6735 0.62999 -5.04349
0.22937 0.23117 -0.33000 0.5980 0.4345 -0.6735 0.64078 -5.06467
0.22517 0.23537 -0.33000 0.4345 0.5980 -0.6735 0.65759 -5.08149
0.21987 0.23807 -0.33000 0.2284 0.7030 -0.6735 0.67878 -5.09228
0.21400 0.23900 -0.33000 -0.0000 0.7392 -0.6735 0.70227 -5.09600
0.20813 0.23807 -0.33000 -0.2284 0.7030 -0.6735 0.72575 -5.09228
0.20283 0.23537 -0.33000 -0.4345 0.5980 -0.6735 0.74694 -5.08149
0.19863 0.23117 -0.33000 -0.5980 0.4345 -0.6735 0.76375 -5.06467
0.19593 0.22587 -0.33000 -0.7030 0.2284 -0.6735 0.77455 -5.04349
0.19500 0.22000 -0.33000 -0.7392 0.0000 -0.6735 0.77827 -5.02000
0.19593 0.21413 -0.33000 -0.7030 -0.2284 -0.6735 0.77455 -4.99651
0.19863 0.20883 -0.33000 -0.5980 -0.4345 -0.6735 0.76375 -4.97533
0.20283 0.20463 -0.33000 -0.4345 -0.5980 -0.6735 0.74694 -4.95851
0.20813 0.20193 -0.33000 -0.2284 -0.7030 -0.6735 0.72575 -4.94772
0.21400 0.20100 -0.33000 -0.0000 -0.7392 -0.6735 0.70227 -4.94400
0.21987 0.20193 -0.33000 0.2284 -0.7030 -0.6735 0.67878 -4.94772
0.22517 0.20463 -0.33000 0.4345 -0.5980 -0.6735 0.65759 -4.95851
0.22937 0.20883 -0.33000 0.5980 -0.4345 -0.6735 0.64078 -4.97533
0.23207 0.21413 -0.33000 0.7030 -0.2284 -0.6735 0.62999 -4.99651
0.23300 0.22000 -0.33000 0.7392 0.0000 -0.6735 0.62627 -5.02000
0.19593 0.21413 -0.33000 -0.7030 -0.2284 -0.6735 -2.25600 -4.99651
0.19593 0.21413 -0.31600 -0.7030 -0.2284 0.6735 -2.20000 -4.99651
0.21987 0.20193 -0.31600 0.2284 -0.7030 0.6735 0.67878 -4.94772
0.21400 0.20100 -0.31600 -0.0000 -0.7392 0.6735 0.70227 -4.94400
0.20813 0.20193 -0.31600 -0.2284 -0.7030 0.6735 0.72575 -4.94772
0.20283 0.20463 -0.31600 -0.4345 -0.5980 0.6735 0.74694 -4.95851
0.19863 0.20883 -0.31600 -0.5980 -0.4345 0.6735 0.76375 -4.97533
0.19593 0.21413 -0.31600 -0.7030 -0.2284 0.6735 0.77455 -4.99651
0.19500 0.22000 -0.31600 -0.7392 -0.0000 0.6735 0.77827 -5.02000
0.19593 0.22587 -0.31600 -0.7030 0.2284 0.6735 0.77455 -5.04349
0.19863 0.23117 -0.31600 -0.5980 0.4345 0.6735 0.76375 -5.06467
0.20283 0.23537 -0.31600 -0.4345 0.5980 0.6735 0.74694 -5.08149
0.20813 0.23807 -0.31600 -0.2284 0.7030 0.6735 0.72575 -5.09228
0.21400 0.23900 -0.31600 -0.0000 0.7392 0.6735 0.70227 -5.09600
0.21987 0.23807 -0.31600 0.2284 0.7030 0.6735 0.67878 -5.09228
0.22517 0.23537 -0.31600 0.4345 0.5980 0.6735 0.65759 -5.08149
0.22937 0.23117 -0.31600 0.5980 0.4345 0.6735 0.64078 -5.06467
0.23207 0.22587 -0.31600 0.7030 0.2284 0.6735 0.62999 -5.04349
0.23300 0.22000 -0.31600 0.7392 -0.0000 0.6735 0.62627 -5.02000
0.23207 0.21413 -0.31600 0.7030 -0.2284 0.6735 0.62999 -4.99651
0.22937 0.20883 -0.31600 0.5980 -0.4345 0.6735 0.64078 -4.97533
0.22517 0.20463 -0.31600 0.4345 -0.5980 0.6735 0.65759 -4.95851
0 2 1
2 3 1
4 6 5
6 7 5
8 10 9
10 11 9
11 12 9
12 13 9
14 15 5
15 16 5
17 18 1
18 19 1
19 20 1
20 21 1
22 23 5
23 24 5
25 26 9
26 27 9
27 28 9
28 29 9
30 31 5
31 32 5
33 34 1
34 0 1
35 37 36
35 38 37
39 41 40
39 42 41
43 36 44
43 35 36
45 47 46
45 48 47
49 44 50
49 43 44
51 46 52
51 45 46
53 50 54
53 49 50
55 52 56
55 51 52
57 59 58
57 60 59
61 56 62
61 55 56
63 58 64
63 57 58
65 62 66
65 61 62
67 64 68
67 63 64
42 69 41
42 70 69
71 66 72
71 65 66
70 73 69
70 74 73
74 75 73
74 76 75
77 79 78
77 80 79
81 83 82
83 85 84
85 87 86
87 89 88
89 91 90
91 93 92
93 95 94
95 97 96
97 99 98
99 81 100
81 85 83
85 89 87
89 93 91
93 97 95
97 81 99
81 89 85
89 97 93
89 81 97
80 101 79
80 102 101
102 68 101
102 67 68
103 105 104
105 107 106
107 109 108
109 111 110
111 113 112
113 115 114
115 117 116
117 119 118
119 121 120
121 103 122
103 107 105
107 111 109
111 115 113
115 119 117
119 103 121
103 111 107
111 119 115
111 103 119
LABEL JetPodL_JetRed
MATERIAL 18
TEXTURE 0
GEOM 104 92
0.17020 0.23200 -0.36600 -0.7342 -0.6789 0.0000 -2.40000 -5.06800
0.17020 0.24000 -0.36600 -0.7342 0.6789 0.0000 -2.40000 -5.10000
0.17169 0.24000 -0.35466 -0.7092 0.6789 0.1900 -2.35466 -5.10000
0.17169 0.23200 -0.35466 -0.7092 -0.6789 0.1900 -2.35466 -5.06800
0.17607 0.24000 -0.34410 -0.6359 0.6789 0.3671 -2.31240 -5.10000
0.17607 0.23200 -0.34410 -0.6359 -0.6789 0.3671 -2.31240 -5.06800
0.18303 0.24000 -0.33503 -0.5192 0.6789 0.5192 -2.27611 -5.10000
0.18303 0.23200 -0.33503 -0.5192 -0.6789 0.5192 -2.27611 -5.06800
0.18303 0.23200 -0.33503 -0.5192 -0.6789 0.5192 0.82615 -5.06800
0.18303 0.24000 -0.33503 -0.5192 0.6789 0.5192 0.82615 -5.10000
0.19210 0.24000 -0.32807 -0.3671 0.6789 0.6359 0.78987 -5.10000
0.19210 0.23200 -0.32807 -0.3671 -0.6789 0.6359 0.78987 -5.06800
0.20266 0.24000 -0.32369 -0.1900 0.6789 0.7092 0.74761 -5.10000
0.20266 0.23200 -0.32369 -0.1900 -0.6789 0.7092 0.74761 -5.06800
0.21400 0.24000 -0.32220 0.0000 0.6789 0.7342 0.70227 -5.10000
0.21400 0.23200 -0.32220 0.0000 -0.6789 0.7342 0.70227 -5.06800
0.22534 0.24000 -0.32369 0.1900 0.6789 0.7092 0.65692 -5.10000
0.22534 0.23200 -0.32369 0.1900 -0.6789 0.7092 0.65692 -5.06800
0.23590 0.24000 -0.32807 0.3671 0.6789 0.6359 0.61467 -5.10000
0.23590 0.23200 -0.32807 0.3671 -0.6789 0.6359 0.61467 -5.06800
0.24497 0.24000 -0.33503 0.5192 0.6789 0.5192 0.57838 -5.10000
0.24497 0.23200 -0.33503 0.5192 -0.6789 0.5192 0.57838 -5.06800
0.24497 0.23200 -0.33503 0.5192 -0.6789 0.5192 -2.27611 -5.06800
0.24497 0.24000 -0.33503 0.5192 0.6789 0.5192 -2.27611 -5.10000
0.25193 0.24000 -0.34410 0.6359 0.6789 0.3671 -2.31240 -5.10000
0.25193 0.23200 -0.34410 0.6359 -0.6789 0.3671 -2.31240 -5.06800
0.25631 0.24000 -0.35466 0.7092 0.6789 0.1900 -2.35466 -5.10000
0.25631 0.23200 -0.35466 0.7092 -0.6789 0.1900 -2.35466 -5.06800
0.25780 0.24000 -0.36600 0.7342 0.6789 0.0000 -2.40000 -5.10000
0.25780 0.23200 -0.36600 0.7342 -0.6789 0.0000 -2.40000 -5.06800
0.25631 0.24000 -0.37734 0.7092 0.6789 -0.1900 -2.44535 -5.10000
0.25631 0.23200 -0.37734 0.7092 -0.6789 -0.1900 -2.44535 -5.06800
0.25193 0.24000 -0.38790 0.6359 0.6789 -0.3671 -2.48760 -5.10000
0.25193 0.23200 -0.38790 0.6359 -0.6789 -0.3671 -2.48760 -5.06800
0.24497 0.24000 -0.39697 0.5192 0.6789 -0.5192 -2.52389 -5.10000
0.24497 0.23200 -0.39697 0.5192 -0.6789 -0.5192 -2.52389 -5.06800
0.24497 0.23200 -0.39697 0.5192 -0.6789 -0.5192 0.57838 -5.06800
0.24497 0.24000 -0.39697 0.5192 0.6789 -0.5192 0.57838 -5.10000
0.23590 0.24000 -0.40393 0.3671 0.6789 -0.6359 0.61467 -5.10000
0.23590 0.23200 -0.40393 0.3671 -0.6789 -0.6359 0.61467 -5.06800
0.22534 0.24000 -0.40831 0.1900 0.6789 -0.7092 0.65692 -5.10000
0.22534 0.23200 -0.40831 0.1900 -0.6789 -0.7092 0.65692 -5.06800
0.21400 0.24000 -0.40980 -0.0000 0.6789 -0.7342 0.70227 -5.10000
0.21400 0.23200 -0.40980 -0.0000 -0.6789 -0.7342 0.70227 -5.06800
0.20266 0.24000 -0.40831 -0.1900 0.6789 -0.7092 0.74761 -5.10000
0.20266 0.23200 -0.40831 -0.1900 -0.6789 -0.7092 0.74761 -5.06800
0.19210 0.24000 -0.40393 -0.3671 0.6789 -0.6359 0.78987 -5.10000
0.19210 0.23200 -0.40393 -0.3671 -0.6789 -0.6359 0.78987 -5.06800
0.18303 0.24000 -0.39697 -0.5192 0.6789 -0.5192 0.82615 -5.10000
0.18303 0.23200 -0.39697 -0.5192 -0.6789 -0.5192 0.82615 -5.06800
0.18303 0.23200 -0.39697 -0.5192 -0.6789 -0.5192 -2.52389 -5.06800
0.18303 0.24000 -0.39697 -0.5192 0.6789 -0.5192 -2.52389 -5.10000
0.17607 0.24000 -0.38790 -0.6359 0.6789 -0.3671 -2.48760 -5.10000
0.17607 0.23200 -0.38790 -0.6359 -0.6789 -0.3671 -2.48760 -5.06800
0.17607 0.24000 -0.34410 -0.6359 0.6789 0.3671 -2.31240 0.14601
0.17169 0.24000 -0.35466 -0.7092 0.6789 0.1900 -2.35466 0.12850
0.17020 0.24000 -0.36600 -0.7342 0.6789 0.0000 -2.40000 0.12253
0.17169 0.24000 -0.37734 -0.7092 0.6789 -0.1900 -2.44535 0.12850
0.17607 0.24000 -0.38790 -0.6359 0.6789 -0.3671 -2.48760 0.14601
0.18303 0.24000 -0.39697 -0.5192 0.6789 -0.5192 -2.52389 0.17385
0.19210 0.24000 -0.40393 -0.3671 0.6789 -0.6359 -2.55173 0.21013
0.20266 0.24000 -0.40831 -0.1900 0.6789 -0.7092 -2.56923 0.25239
0.21400 0.24000 -0.40980 -0.0000 0.6789 -0.7342 -2.57520 0.29773
0.22534 0.24000 -0.40831 0.1900 0.6789 -0.7092 -2.56923 0.34308
0.23590 0.24000 -0.40393 0.3671 0.6789 -0.6359 -2.55173 0.38533
0.24497 0.24000 -0.39697 0.5192 0.6789 -0.5192 -2.52389 0.42162
0.25193 0.24000 -0.38790 0.6359 0.6789 -0.3671 -2.48760 0.44946
0.25631 0.24000 -0.37734 0.7092 0.6789 -0.1900 -2.44535 0.46696
0.25780 0.24000 -0.36600 0.7342 0.6789 0.0000 -2.40000 0.47293
0.25631 0.24000 -0.35466 0.7092 0.6789 0.1900 -2.35466 0.46696
0.25193 0.24000 -0.34410 0.6359 0.6789 0.3671 -2.31240 0.44946
0.24497 0.24000 -0.33503 0.5192 0.6789 0.5192 -2.27611 0.42162
0.23590 0.24000 -0.32807 0.3671 0.6789 0.6359 -2.24827 0.38533
0.22534 0.24000 -0.32369 0.1900 0.6789 0.7092 -2.23077 0.34308
0.21400 0.24000 -0.32220 0.0000 0.6789 0.7342 -2.22480 0.29773
0.20266 0.24000 -0.32369 -0.1900 0.6789 0.7092 -2.23077 0.25239
0.19210 0.24000 -0.32807 -0.3671 0.6789 0.6359 -2.24827 0.21013
0.18303 0.24000 -0.33503 -0.5192 0.6789 0.5192 -2.27611 0.17385
0.17169 0.24000 -0.37734 -0.7092 0.6789 -0.1900 -2.44535 -5.10000
0.17169 0.23200 -0.37734 -0.7092 -0.6789 -0.1900 -2.44535 -5.06800
0.17169 0.23200 -0.37734 -0.7092 -0.6789 -0.1900 -2.44535 0.12850
0.17020 0.23200 -0.36600 -0.7342 -0.6789 0.0000 -2.40000 0.12253
0.17169 0.23200 -0.35466 -0.7092 -0.6789 0.1900 -2.35466 0.12850
0.17607 0.23200 -0.34410 -0.6359 -0.6789 0.3671 -2.31240 0.14601
0.18303 0.23200 -0.33503 -0.5192 -0.6789 0.5192 -2.27611 0.17385
0.19210 0.23200 -0.32807 -0.3671 -0.6789 0.6359 -2.24827 0.21013
0.20266 0.23200 -0.32369 -0.1900 -0.6789 0.7092 -2.23077 0.25239
0.21400 0.23200 -0.32220 0.0000 -0.6789 0.7342 -2.22480 0.29773
0.22534 0.23200 -0.32369 0.1900 -0.6789 0.7092 -2.23077 0.34308
0.23590 0.23200 -0.32807 0.3671 -0.6789 0.6359 -2.24827 0.38533
0.24497 0.23200 -0.33503 0.5192 -0.6789 0.5192 -2.27611 0.42162
0.25193 0.23200 -0.34410 0.6359 -0.6789 0.3671 -2.31240 0.44946
0.25631 0.23200 -0.35466 0.7092 -0.6789 0.1900 -2.35466 0.46696
0.25780 0.23200 -0.36600 0.7342 -0.6789 0.0000 -2.40000 0.47293
0.25631 0.23200 -0.37734 0.7092 -0.6789 -0.1900 -2.44535 0.46696
0.25193 0.23200 -0.38790 0.6359 -0.6789 -0.3671 -2.48760 0.44946
0.24497 0.23200 -0.39697 0.5192 -0.6789 -0.5192 -2.52389 0.42162
0.23590 0.23200 -0.40393 0.3671 -0.6789 -0.6359 -2.55173 0.38533
0.22534 0.23200 -0.40831 0.1900 -0.6789 -0.7092 -2.56923 0.34308
0.21400 0.23200 -0.40980 -0.0000 -0.6789 -0.7342 -2.57520 0.29773
0.20266 0.23200 -0.40831 -0.1900 -0.6789 -0.7092 -2.56923 0.25239
0.19210 0.23200 -0.40393 -0.3671 -0.6789 -0.6359 -2.55173 0.21013
0.18303 0.23200 -0.39697 -0.5192 -0.6789 -0.5192 -2.52389 0.17385
0.17607 0.23200 -0.38790 -0.6359 -0.6789 -0.3671 -2.48760 0.14601
0 2 1
0 3 2
3 4 2
3 5 4
5 6 4
5 7 6
8 10 9
8 11 10
11 12 10
11 13 12
13 14 12
13 15 14
15 16 14
15 17 16
17 18 16
17 19 18
19 20 18
19 21 20
22 24 23
22 25 24
25 26 24
25 27 26
27 28 26
27 29 28
29 30 28
29 31 30
31 32 30
31 33 32
33 34 32
33 35 34
36 38 37
36 39 38
39 40 38
39 41 40
41 42 40
41 43 42
43 44 42
43 45 44
45 46 44
45 47 46
47 48 46
47 49 48
50 52 51
50 53 52
54 56 55
56 58 57
58 60 59
60 62 61
62 64 63
64 66 65
66 68 67
68 70 69
70 72 71
72 74 73
74 76 75
76 54 77
54 58 56
58 62 60
62 66 64
66 70 68
70 74 72
74 54 76
54 62 58
62 70 66
70 54 74
62 54 70
53 78 52
53 79 78
79 1 78
79 0 1
80 82 81
82 84 83
84 86 85
86 88 87
88 90 89
90 92 91
92 94 93
94 96 95
96 98 97
98 100 99
100 102 101
102 80 103
80 84 82
84 88 86
88 92 90
92 96 94
96 100 98
100 80 102
80 88 84
88 96 92
96 80 100
88 80 96
LABEL JetPodR_001
MATERIAL 19
TEXTURE 1
GEOM 281 408
-0.21400 0.29400 -0.38600 -0.0000 0.7932 -0.6090 0.70227 -5.31600
-0.21400 0.28000 -0.39900 -0.0000 0.4970 -0.8678 0.70227 -5.26000
-0.20546 0.28000 -0.39788 0.2246 0.4970 -0.8382 0.73643 -5.26000
-0.20882 0.29400 -0.38532 0.1576 0.7932 -0.5882 0.72297 -5.31600
-0.19750 0.28000 -0.39458 0.4339 0.4970 -0.7515 0.76827 -5.26000
-0.20400 0.29400 -0.38332 0.3045 0.7932 -0.5274 0.74227 -5.31600
-0.20400 0.29400 -0.38332 0.3045 0.7932 -0.5274 2.46928 0.25773
-0.19750 0.28000 -0.39458 0.4339 0.4970 -0.7515 2.51432 0.23173
-0.19067 0.28000 -0.38933 0.6136 0.4970 -0.6136 2.49334 0.20440
-0.19986 0.29400 -0.38014 0.4306 0.7932 -0.4306 2.45657 0.24116
-0.18542 0.28000 -0.38250 0.7515 0.4970 -0.4339 2.46600 0.18342
-0.19668 0.29400 -0.37600 0.5274 0.7932 -0.3045 2.44000 0.22845
-0.19668 0.29400 -0.37600 0.5274 0.7932 -0.3045 2.44000 -5.31600
-0.18542 0.28000 -0.38250 0.7515 0.4970 -0.4339 2.46600 -5.26000
-0.18212 0.28000 -0.37454 0.8382 0.4970 -0.2246 2.43416 -5.26000
-0.19468 0.29400 -0.37118 0.5882 0.7932 -0.1576 2.42071 -5.31600
-0.18100 0.28000 -0.36600 0.8678 0.4970 -0.0000 2.40000 -5.26000
-0.19400 0.29400 -0.36600 0.6090 0.7932 -0.0000 2.40000 -5.31600
-0.18212 0.28000 -0.35746 0.8382 0.4970 0.2246 2.36584 -5.26000
-0.19468 0.29400 -0.36082 0.5882 0.7932 0.1576 2.37929 -5.31600
-0.18542 0.28000 -0.34950 0.7515 0.4970 0.4339 2.33400 -5.26000
-0.19668 0.29400 -0.35600 0.5274 0.7932 0.3045 2.36000 -5.31600
-0.19668 0.29400 -0.35600 0.5274 0.7932 0.3045 2.36000 0.22845
-0.18542 0.28000 -0.34950 0.7515 0.4970 0.4339 2.33400 0.18342
-0.19067 0.28000 -0.34267 0.6136 0.4970 0.6136 2.30666 0.20440
-0.19986 0.29400 -0.35186 0.4306 0.7932 0.4306 2.34343 0.24116
-0.19750 0.28000 -0.33742 0.4339 0.4970 0.7515 2.28568 0.23173
-0.20400 0.29400 -0.34868 0.3045 0.7932 0.5274 2.33072 0.25773
-0.20400 0.29400 -0.34868 0.3045 0.7932 0.5274 0.74227 -5.31600
-0.19750 0.28000 -0.33742 0.4339 0.4970 0.7515 0.76827 -5.26000
-0.20546 0.28000 -0.33412 0.2246 0.4970 0.8382 0.73643 -5.26000
-0.20882 0.29400 -0.34668 0.1576 0.7932 0.5882 0.72297 -5.31600
-0.21400 0.28000 -0.33300 -0.0000 0.4970 0.8678 0.70227 -5.26000
-0.21400 0.29400 -0.34600 -0.0000 0.7932 0.6090 0.70227 -5.31600
-0.22254 0.28000 -0.33412 -0.2246 0.4970 0.8382 0.66810 -5.26000
-0.21918 0.29400 -0.34668 -0.1576 0.7932 0.5882 0.68156 -5.31600
-0.23050 0.28000 -0.33742 -0.4339 0.4970 0.7515 0.63627 -5.26000
-0.22400 0.29400 -0.34868 -0.3045 0.7932 0.5274 0.66227 -5.31600
-0.22400 0.29400 -0.34868 -0.3045 0.7932 0.5274 2.33072 0.33773
-0.23050 0.28000 -0.33742 -0.4339 0.4970 0.7515 2.28568 0.36373
-0.23733 0.28000 -0.34267 -0.6136 0.4970 0.6136 2.30666 0.39107
-0.22814 0.29400 -0.35186 -0.4306 0.7932 0.4306 2.34343 0.35430
-0.24258 0.28000 -0.34950 -0.7515 0.4970 0.4339 2.33400 0.41205
-0.23132 0.29400 -0.35600 -0.5274 0.7932 0.3045 2.36000 0.36702
-0.23132 0.29400 -0.35600 -0.5274 0.7932 0.3045 2.36000 -5.31600
-0.24258 0.28000 -0.34950 -0.7515 0.4970 0.4339 2.33400 -5.26000
-0.24588 0.28000 -0.35746 -0.8382 0.4970 0.2246 2.36584 -5.26000
-0.23332 0.29400 -0.36082 -0.5882 0.7932 0.1576 2.37929 -5.31600
-0.24700 0.28000 -0.36600 -0.8678 0.4970 -0.0000 2.40000 -5.26000
-0.23400 0.29400 -0.36600 -0.6090 0.7932 0.0000 2.40000 -5.31600
-0.24588 0.28000 -0.37454 -0.8382 0.4970 -0.2246 2.43416 -5.26000
-0.23332 0.29400 -0.37118 -0.5882 0.7932 -0.1576 2.42071 -5.31600
-0.24258 0.28000 -0.38250 -0.7515 0.4970 -0.4339 2.46600 -5.26000
-0.23132 0.29400 -0.37600 -0.5274 0.7932 -0.3045 2.44000 -5.31600
-0.23132 0.29400 -0.37600 -0.5274 0.7932 -0.3045 2.44000 0.36702
-0.24258 0.28000 -0.38250 -0.7515 0.4970 -0.4339 2.46600 0.41205
-0.23733 0.28000 -0.38933 -0.6136 0.4970 -0.6136 2.49334 0.39107
-0.22814 0.29400 -0.38014 -0.4306 0.7932 -0.4306 2.45657 0.35430
-0.23050 0.28000 -0.39458 -0.4339 0.4970 -0.7515 2.51432 0.36373
-0.22400 0.29400 -0.38332 -0.3045 0.7932 -0.5274 2.46928 0.33773
-0.22400 0.29400 -0.38332 -0.3045 0.7932 -0.5274 0.66227 -5.31600
-0.23050 0.28000 -0.39458 -0.4339 0.4970 -0.7515 0.63627 -5.26000
-0.22254 0.28000 -0.39788 -0.2246 0.4970 -0.8382 0.66810 -5.26000
-0.21918 0.29400 -0.38532 -0.1576 0.7932 -0.5882 0.68156 -5.31600
-0.21400 0.25500 -0.40700 -0.0000 0.1805 -0.9836 0.70227 -5.16000
-0.20339 0.25500 -0.40560 0.2546 0.1805 -0.9501 0.74471 -5.16000
-0.19350 0.25500 -0.40151 0.4918 0.1805 -0.8518 0.78427 -5.16000
-0.18501 0.25500 -0.39499 0.6955 0.1805 -0.6955 0.81823 -5.16000
-0.19067 0.28000 -0.38933 0.6136 0.4970 -0.6136 0.79560 -5.26000
-0.19067 0.28000 -0.38933 0.6136 0.4970 -0.6136 2.49334 -5.26000
-0.18501 0.25500 -0.39499 0.6955 0.1805 -0.6955 2.51597 -5.16000
-0.17849 0.25500 -0.38650 0.8518 0.1805 -0.4918 2.48200 -5.16000
-0.17440 0.25500 -0.37661 0.9501 0.1805 -0.2546 2.44245 -5.16000
-0.17300 0.25500 -0.36600 0.9836 0.1805 -0.0000 2.40000 -5.16000
-0.17440 0.25500 -0.35539 0.9501 0.1805 0.2546 2.35755 -5.16000
-0.17849 0.25500 -0.34550 0.8518 0.1805 0.4918 2.31800 -5.16000
-0.18501 0.25500 -0.33701 0.6955 0.1805 0.6955 2.28403 -5.16000
-0.19067 0.28000 -0.34267 0.6136 0.4970 0.6136 2.30666 -5.26000
-0.19067 0.28000 -0.34267 0.6136 0.4970 0.6136 0.79560 -5.26000
-0.18501 0.25500 -0.33701 0.6955 0.1805 0.6955 0.81823 -5.16000
-0.19350 0.25500 -0.33049 0.4918 0.1805 0.8518 0.78427 -5.16000
-0.20339 0.25500 -0.32640 0.2546 0.1805 0.9501 0.74471 -5.16000
-0.21400 0.25500 -0.32500 0.0000 0.1805 0.9836 0.70227 -5.16000
-0.22461 0.25500 -0.32640 -0.2546 0.1805 0.9501 0.65982 -5.16000
-0.23450 0.25500 -0.33049 -0.4918 0.1805 0.8518 0.62027 -5.16000
-0.24299 0.25500 -0.33701 -0.6955 0.1805 0.6955 0.58630 -5.16000
-0.23733 0.28000 -0.34267 -0.6136 0.4970 0.6136 0.60893 -5.26000
-0.23733 0.28000 -0.34267 -0.6136 0.4970 0.6136 2.30666 -5.26000
-0.24299 0.25500 -0.33701 -0.6955 0.1805 0.6955 2.28403 -5.16000
-0.24951 0.25500 -0.34550 -0.8518 0.1805 0.4918 2.31800 -5.16000
-0.25360 0.25500 -0.35539 -0.9501 0.1805 0.2546 2.35755 -5.16000
-0.25500 0.25500 -0.36600 -0.9836 0.1805 -0.0000 2.40000 -5.16000
-0.25360 0.25500 -0.37661 -0.9501 0.1805 -0.2546 2.44245 -5.16000
-0.24951 0.25500 -0.38650 -0.8518 0.1805 -0.4918 2.48200 -5.16000
-0.24299 0.25500 -0.39499 -0.6955 0.1805 -0.6955 2.51597 -5.16000
-0.23733 0.28000 -0.38933 -0.6136 0.4970 -0.6136 2.49334 -5.26000
-0.23733 0.28000 -0.38933 -0.6136 0.4970 -0.6136 0.60893 -5.26000
-0.24299 0.25500 -0.39499 -0.6955 0.1805 -0.6955 0.58630 -5.16000
-0.23450 0.25500 -0.40151 -0.4918 0.1805 -0.8518 0.62027 -5.16000
-0.22461 0.25500 -0.40560 -0.2546 0.1805 -0.9501 0.65982 -5.16000
-0.21400 0.22000 -0.40900 -0.0000 0.0285 -0.9996 0.70227 -5.02000
-0.20287 0.22000 -0.40753 0.2587 0.0285 -0.9655 0.74678 -5.02000
-0.19250 0.22000 -0.40324 0.4998 0.0285 -0.8657 0.78827 -5.02000
-0.18359 0.22000 -0.39641 0.7068 0.0285 -0.7068 0.82389 -5.02000
-0.18359 0.22000 -0.39641 0.7068 0.0285 -0.7068 2.52162 -5.02000
-0.17676 0.22000 -0.38750 0.8657 0.0285 -0.4998 2.48600 -5.02000
-0.17247 0.22000 -0.37713 0.9655 0.0285 -0.2587 2.44452 -5.02000
-0.17100 0.22000 -0.36600 0.9996 0.0285 0.0000 2.40000 -5.02000
-0.17247 0.22000 -0.35487 0.9655 0.0285 0.2587 2.35548 -5.02000
-0.17676 0.22000 -0.34450 0.8657 0.0285 0.4998 2.31400 -5.02000
-0.18359 0.22000 -0.33559 0.7068 0.0285 0.7068 2.27838 -5.02000
-0.18359 0.22000 -0.33559 0.7068 0.0285 0.7068 0.82389 -5.02000
-0.19250 0.22000 -0.32876 0.4998 0.0285 0.8657 0.78827 -5.02000
-0.20287 0.22000 -0.32447 0.2587 0.0285 0.9655 0.74678 -5.02000
-0.21400 0.22000 -0.32300 0.0000 0.0285 0.9996 0.70227 -5.02000
-0.22513 0.22000 -0.32447 -0.2587 0.0285 0.9655 0.65775 -5.02000
-0.23550 0.22000 -0.32876 -0.4998 0.0285 0.8657 0.61627 -5.02000
-0.24441 0.22000 -0.33559 -0.7068 0.0285 0.7068 0.58064 -5.02000
-0.24441 0.22000 -0.33559 -0.7068 0.0285 0.7068 2.27838 -5.02000
-0.25124 0.22000 -0.34450 -0.8657 0.0285 0.4998 2.31400 -5.02000
-0.25553 0.22000 -0.35487 -0.9655 0.0285 0.2587 2.35548 -5.02000
-0.25700 0.22000 -0.36600 -0.9996 0.0285 0.0000 2.40000 -5.02000
-0.25553 0.22000 -0.37713 -0.9655 0.0285 -0.2587 2.44452 -5.02000
-0.25124 0.22000 -0.38750 -0.8657 0.0285 -0.4998 2.48600 -5.02000
-0.24441 0.22000 -0.39641 -0.7068 0.0285 -0.7068 2.52162 -5.02000
-0.24441 0.22000 -0.39641 -0.7068 0.0285 -0.7068 0.58064 -5.02000
-0.23550 0.22000 -0.40324 -0.4998 0.0285 -0.8657 0.61627 -5.02000
-0.22513 0.22000 -0.40753 -0.2587 0.0285 -0.9655 0.65775 -5.02000
-0.21400 0.18000 -0.40900 -0.0000 -0.0249 -0.9997 0.70227 -4.86000
-0.20287 0.18000 -0.40753 0.2587 -0.0249 -0.9656 0.74678 -4.86000
-0.19250 0.18000 -0.40324 0.4998 -0.0249 -0.8658 0.78827 -4.86000
-0.18359 0.18000 -0.39641 0.7069 -0.0249 -0.7069 0.82389 -4.86000
-0.18359 0.18000 -0.39641 0.7069 -0.0249 -0.7069 2.52162 -4.86000
-0.17676 0.18000 -0.38750 0.8658 -0.0249 -0.4998 2.48600 -4.86000
-0.17247 0.18000 -0.37713 0.9656 -0.0249 -0.2587 2.44452 -4.86000
-0.17100 0.18000 -0.36600 0.9997 -0.0249 0.0000 2.40000 -4.86000
-0.17247 0.18000 -0.35487 0.9656 -0.0249 0.2587 2.35548 -4.86000
-0.17676 0.18000 -0.34450 0.8658 -0.0249 0.4998 2.31400 -4.86000
-0.18359 0.18000 -0.33559 0.7069 -0.0249 0.7069 2.27838 -4.86000
-0.18359 0.18000 -0.33559 0.7069 -0.0249 0.7069 0.82389 -4.86000
-0.19250 0.18000 -0.32876 0.4998 -0.0249 0.8658 0.78827 -4.86000
-0.20287 0.18000 -0.32447 0.2587 -0.0249 0.9656 0.74678 -4.86000
-0.21400 0.18000 -0.32300 0.0000 -0.0249 0.9997 0.70227 -4.86000
-0.22513 0.18000 -0.32447 -0.2587 -0.0249 0.9656 0.65775 -4.86000
-0.23550 0.18000 -0.32876 -0.4998 -0.0249 0.8658 0.61627 -4.86000
-0.24441 0.18000 -0.33559 -0.7069 -0.0249 0.7069 0.58064 -4.86000
-0.24441 0.18000 -0.33559 -0.7069 -0.0249 0.7069 2.27838 -4.86000
-0.25124 0.18000 -0.34450 -0.8658 -0.0249 0.4998 2.31400 -4.86000
-0.25553 0.18000 -0.35487 -0.9656 -0.0249 0.2587 2.35548 -4.86000
-0.25700 0.18000 -0.36600 -0.9997 -0.0249 -0.0000 2.40000 -4.86000
-0.25553 0.18000 -0.37713 -0.9656 -0.0249 -0.2587 2.44452 -4.86000
-0.25124 0.18000 -0.38750 -0.8658 -0.0249 -0.4998 2.48600 -4.86000
-0.24441 0.18000 -0.39641 -0.7069 -0.0249 -0.7069 2.52162 -4.86000
-0.24441 0.18000 -0.39641 -0.7069 -0.0249 -0.7069 0.58064 -4.86000
-0.23550 0.18000 -0.40324 -0.4998 -0.0249 -0.8658 0.61627 -4.86000
-0.22513 0.18000 -0.40753 -0.2587 -0.0249 -0.9656 0.65775 -4.86000
-0.21400 0.14000 -0.40700 -0.0000 -0.1068 -0.9943 0.70227 -4.70000
-0.20339 0.14000 -0.40560 0.2573 -0.1068 -0.9604 0.74471 -4.70000
-0.19350 0.14000 -0.40151 0.4971 -0.1068 -0.8611 0.78427 -4.70000
-0.18501 0.14000 -0.39499 0.7031 -0.1068 -0.7031 0.81823 -4.70000
-0.18501 0.14000 -0.39499 0.7031 -0.1068 -0.7031 2.51597 -4.70000
-0.17849 0.14000 -0.38650 0.8611 -0.1068 -0.4971 2.48200 -4.70000
-0.17440 0.14000 -0.37661 0.9604 -0.1068 -0.2573 2.44245 -4.70000
-0.17300 0.14000 -0.36600 0.9943 -0.1068 -0.0000 2.40000 -4.70000
-0.17440 0.14000 -0.35539 0.9604 -0.1068 0.2573 2.35755 -4.70000
-0.17849 0.14000 -0.34550 0.8611 -0.1068 0.4971 2.31800 -4.70000
-0.18501 0.14000 -0.33701 0.7031 -0.1068 0.7031 2.28403 -4.70000
-0.18501 0.14000 -0.33701 0.7031 -0.1068 0.7031 0.81823 -4.70000
-0.19350 0.14000 -0.33049 0.4971 -0.1068 0.8611 0.78427 -4.70000
-0.20339 0.14000 -0.32640 0.2573 -0.1068 0.9604 0.74471 -4.70000
-0.21400 0.14000 -0.32500 0.0000 -0.1068 0.9943 0.70227 -4.70000
-0.22461 0.14000 -0.32640 -0.2573 -0.1068 0.9604 0.65982 -4.70000
-0.23450 0.14000 -0.33049 -0.4971 -0.1068 0.8611 0.62027 -4.70000
-0.24299 0.14000 -0.33701 -0.7031 -0.1068 0.7031 0.58630 -4.70000
-0.24299 0.14000 -0.33701 -0.7031 -0.1068 0.7031 2.28403 -4.70000
-0.24951 0.14000 -0.34550 -0.8611 -0.1068 0.4971 2.31800 -4.70000
-0.25360 0.14000 -0.35539 -0.9604 -0.1068 0.2573 2.35755 -4.70000
-0.25500 0.14000 -0.36600 -0.9943 -0.1068 -0.0000 2.40000 -4.70000
-0.25360 0.14000 -0.37661 -0.9604 -0.1068 -0.2573 2.44245 -4.70000
-0.24951 0.14000 -0.38650 -0.8611 -0.1068 -0.4971 2.48200 -4.70000
-0.24299 0.14000 -0.39499 -0.7031 -0.1068 -0.7031 2.51597 -4.70000
-0.24299 0.14000 -0.39499 -0.7031 -0.1068 -0.7031 0.58630 -4.70000
-0.23450 0.14000 -0.40151 -0.4971 -0.1068 -0.8611 0.62027 -4.70000
-0.22461 0.14000 -0.40560 -0.2573 -0.1068 -0.9604 0.65982 -4.70000
-0.21400 0.11000 -0.40200 -0.0000 -0.2132 -0.9770 0.70227 -4.58000
-0.20468 0.11000 -0.40077 0.2529 -0.2132 -0.9437 0.73954 -4.58000
-0.19600 0.11000 -0.39718 0.4885 -0.2132 -0.8461 0.77427 -4.58000
-0.18854 0.11000 -0.39146 0.6909 -0.2132 -0.6909 0.80409 -4.58000
-0.18854 0.11000 -0.39146 0.6909 -0.2132 -0.6909 2.50182 -4.58000
-0.18282 0.11000 -0.38400 0.8461 -0.2132 -0.4885 2.47200 -4.58000
-0.17923 0.11000 -0.37532 0.9437 -0.2132 -0.2529 2.43727 -4.58000
-0.17800 0.11000 -0.36600 0.9770 -0.2132 0.0000 2.40000 -4.58000
-0.17923 0.11000 -0.35668 0.9437 -0.2132 0.2529 2.36273 -4.58000
-0.18282 0.11000 -0.34800 0.8461 -0.2132 0.4885 2.32800 -4.58000
-0.18854 0.11000 -0.34054 0.6909 -0.2132 0.6909 2.29818 -4.58000
-0.18854 0.11000 -0.34054 0.6909 -0.2132 0.6909 0.80409 -4.58000
-0.19600 0.11000 -0.33482 0.4885 -0.2132 0.8461 0.77427 -4.58000
-0.20468 0.11000 -0.33123 0.2529 -0.2132 0.9437 0.73954 -4.58000
-0.21400 0.11000 -0.33000 0.0000 -0.2132 0.9770 0.70227 -4.58000
-0.22332 0.11000 -0.33123 -0.2529 -0.2132 0.9437 0.66500 -4.58000
-0.23200 0.11000 -0.33482 -0.4885 -0.2132 0.8461 0.63027 -4.58000
-0.23946 0.11000 -0.34054 -0.6909 -0.2132 0.6909 0.60044 -4.58000
-0.23946 0.11000 -0.34054 -0.6909 -0.2132 0.6909 2.29818 -4.58000
-0.24518 0.11000 -0.34800 -0.8461 -0.2132 0.4885 2.32800 -4.58000
-0.24877 0.11000 -0.35668 -0.9437 -0.2132 0.2529 2.36273 -4.58000
-0.25000 0.11000 -0.36600 -0.9770 -0.2132 -0.0000 2.40000 -4.58000
-0.24877 0.11000 -0.37532 -0.9437 -0.2132 -0.2529 2.43727 -4.58000
-0.24518 0.11000 -0.38400 -0.8461 -0.2132 -0.4885 2.47200 -4.58000
-0.23946 0.11000 -0.39146 -0.6909 -0.2132 -0.6909 2.50182 -4.58000
-0.23946 0.11000 -0.39146 -0.6909 -0.2132 -0.6909 0.60044 -4.58000
-0.23200 0.11000 -0.39718 -0.4885 -0.2132 -0.8461 0.63027 -4.58000
-0.22332 0.11000 -0.40077 -0.2529 -0.2132 -0.9437 0.66500 -4.58000
-0.21400 0.08800 -0.39600 -0.0000 -0.1952 -0.9808 0.70227 -4.49200
-0.20624 0.08800 -0.39498 0.2538 -0.1952 -0.9473 0.73332 -4.49200
-0.19900 0.08800 -0.39198 0.4904 -0.1952 -0.8494 0.76227 -4.49200
-0.19279 0.08800 -0.38721 0.6935 -0.1952 -0.6935 0.78712 -4.49200
-0.19279 0.08800 -0.38721 0.6935 -0.1952 -0.6935 2.48485 -4.49200
-0.18802 0.08800 -0.38100 0.8494 -0.1952 -0.4904 2.46000 -4.49200
-0.18502 0.08800 -0.37376 0.9473 -0.1952 -0.2538 2.43106 -4.49200
-0.18400 0.08800 -0.36600 0.9808 -0.1952 0.0000 2.40000 -4.49200
-0.18502 0.08800 -0.35824 0.9473 -0.1952 0.2538 2.36894 -4.49200
-0.18802 0.08800 -0.35100 0.8494 -0.1952 0.4904 2.34000 -4.49200
-0.19279 0.08800 -0.34479 0.6935 -0.1952 0.6935 2.31515 -4.49200
-0.19279 0.08800 -0.34479 0.6935 -0.1952 0.6935 0.78712 -4.49200
-0.19900 0.08800 -0.34002 0.4904 -0.1952 0.8494 0.76227 -4.49200
-0.20624 0.08800 -0.33702 0.2538 -0.1952 0.9473 0.73332 -4.49200
-0.21400 0.08800 -0.33600 0.0000 -0.1952 0.9808 0.70227 -4.49200
-0.22176 0.08800 -0.33702 -0.2538 -0.1952 0.9473 0.67121 -4.49200
-0.22900 0.08800 -0.34002 -0.4904 -0.1952 0.8494 0.64227 -4.49200
-0.23521 0.08800 -0.34479 -0.6935 -0.1952 0.6935 0.61741 -4.49200
-0.23521 0.08800 -0.34479 -0.6935 -0.1952 0.6935 2.31515 -4.49200
-0.23998 0.08800 -0.35100 -0.8494 -0.1952 0.4904 2.34000 -4.49200
-0.24298 0.08800 -0.35824 -0.9473 -0.1952 0.2538 2.36894 -4.49200
-0.24400 0.08800 -0.36600 -0.9808 -0.1952 -0.0000 2.40000 -4.49200
-0.24298 0.08800 -0.37376 -0.9473 -0.1952 -0.2538 2.43106 -4.49200
-0.23998 0.08800 -0.38100 -0.8494 -0.1952 -0.4904 2.46000 -4.49200
-0.23521 0.08800 -0.38721 -0.6935 -0.1952 -0.6935 2.48485 -4.49200
-0.23521 0.08800 -0.38721 -0.6935 -0.1952 -0.6935 0.61741 -4.49200
-0.22900 0.08800 -0.39198 -0.4904 -0.1952 -0.8494 0.64227 -4.49200
-0.22176 0.08800 -0.39498 -0.2538 -0.1952 -0.9473 0.67121 -4.49200
-0.21400 0.08000 -0.39500 -0.0000 -0.7964 -0.6048 0.70227 -4.46000
-0.20649 0.08000 -0.39401 0.1565 -0.7964 -0.5842 0.73229 -4.46000
-0.19950 0.08000 -0.39111 0.3024 -0.7964 -0.5238 0.76027 -4.46000
-0.19349 0.08000 -0.38651 0.4277 -0.7964 -0.4277 0.78429 -4.46000
-0.19349 0.08000 -0.38651 0.4277 -0.7964 -0.4277 2.48202 -4.46000
-0.18889 0.08000 -0.38050 0.5238 -0.7964 -0.3024 2.45800 -4.46000
-0.18599 0.08000 -0.37351 0.5842 -0.7964 -0.1565 2.43002 -4.46000
-0.18500 0.08000 -0.36600 0.6048 -0.7964 -0.0000 2.40000 -4.46000
-0.18599 0.08000 -0.35849 0.5842 -0.7964 0.1565 2.36998 -4.46000
-0.18889 0.08000 -0.35150 0.5238 -0.7964 0.3024 2.34200 -4.46000
-0.19349 0.08000 -0.34549 0.4277 -0.7964 0.4277 2.31798 -4.46000
-0.19349 0.08000 -0.34549 0.4277 -0.7964 0.4277 0.78429 -4.46000
-0.19950 0.08000 -0.34089 0.3024 -0.7964 0.5238 0.76027 -4.46000
-0.20649 0.08000 -0.33799 0.1565 -0.7964 0.5842 0.73229 -4.46000
-0.21400 0.08000 -0.33700 0.0000 -0.7964 0.6048 0.70227 -4.46000
-0.22151 0.08000 -0.33799 -0.1565 -0.7964 0.5842 0.67224 -4.46000
-0.22850 0.08000 -0.34089 -0.3024 -0.7964 0.5238 0.64427 -4.46000
-0.23451 0.08000 -0.34549 -0.4276 -0.7964 0.4277 0.62024 -4.46000
-0.23451 0.08000 -0.34549 -0.4276 -0.7964 0.4277 2.31798 -4.46000
-0.23911 0.08000 -0.35150 -0.5238 -0.7964 0.3024 2.34200 -4.46000
-0.24201 0.08000 -0.35849 -0.5842 -0.7964 0.1565 2.36998 -4.46000
-0.24300 0.08000 -0.36600 -0.6048 -0.7964 -0.0000 2.40000 -4.46000
-0.24201 0.08000 -0.37351 -0.5842 -0.7964 -0.1565 2.43002 -4.46000
-0.23911 0.08000 -0.38050 -0.5238 -0.7964 -0.3024 2.45800 -4.46000
-0.23451 0.08000 -0.38651 -0.4277 -0.7964 -0.4277 2.48202 -4.46000
-0.23451 0.08000 -0.38651 -0.4277 -0.7964 -0.4277 0.62024 -4.46000
-0.22850 0.08000 -0.39111 -0.3024 -0.7964 -0.5238 0.64427 -4.46000
-0.22151 0.08000 -0.39401 -0.1565 -0.7964 -0.5842 0.67224 -4.46000
-0.20882 0.29400 -0.38532 0.1576 0.7932 -0.5882 2.47727 0.27703
-0.21400 0.30400 -0.36600 0.0000 1.0000 0.0000 2.40000 0.29773
-0.21400 0.29400 -0.38600 -0.0000 0.7932 -0.6090 2.48000 0.29773
-0.19468 0.29400 -0.37118 0.5882 0.7932 -0.1576 2.42071 0.22046
-0.19400 0.29400 -0.36600 0.6090 0.7932 -0.0000 2.40000 0.21773
-0.19468 0.29400 -0.36082 0.5882 0.7932 0.1576 2.37929 0.22046
-0.20882 0.29400 -0.34668 0.1576 0.7932 0.5882 2.32273 0.27703
-0.21400 0.29400 -0.34600 -0.0000 0.7932 0.6090 2.32000 0.29773
-0.21918 0.29400 -0.34668 -0.1576 0.7932 0.5882 2.32273 0.31844
-0.23332 0.29400 -0.36082 -0.5882 0.7932 0.1576 2.37929 0.37501
-0.23400 0.29400 -0.36600 -0.6090 0.7932 0.0000 2.40000 0.37773
-0.23332 0.29400 -0.37118 -0.5882 0.7932 -0.1576 2.42071 0.37501
-0.21918 0.29400 -0.38532 -0.1576 0.7932 -0.5882 2.47727 0.31844
0 2 1
0 3 2
3 4 2
3 5 4
6 8 7
6 9 8
9 10 8
9 11 10
12 14 13
12 15 14
15 16 14
15 17 16
17 18 16
17 19 18
19 20 18
19 21 20
22 24 23
22 25 24
25 26 24
25 27 26
28 30 29
28 31 30
31 32 30
31 33 32
33 34 32
33 35 34
35 36 34
35 37 36
38 40 39
38 41 40
41 42 40
41 43 42
44 46 45
44 47 46
47 48 46
47 49 48
49 50 48
49 51 50
51 52 50
51 53 52
54 56 55
54 57 56
57 58 56
57 59 58
60 62 61
60 63 62
63 1 62
63 0 1
1 65 64
1 2 65
2 66 65
2 4 66
4 67 66
4 68 67
69 71 70
69 13 71
13 72 71
13 14 72
14 73 72
14 16 73
16 74 73
16 18 74
18 75 74
18 20 75
20 76 75
20 77 76
78 80 79
78 29 80
29 81 80
29 30 81
30 82 81
30 32 82
32 83 82
32 34 83
34 84 83
34 36 84
36 85 84
36 86 85
87 89 88
87 45 89
45 90 89
45 46 90
46 91 90
46 48 91
48 92 91
48 50 92
50 93 92
50 52 93
52 94 93
52 95 94
96 98 97
96 61 98
61 99 98
61 62 99
62 64 99
62 1 64
64 101 100
64 65 101
65 102 101
65 66 102
66 103 102
66 67 103
70 105 104
70 71 105
71 106 105
71 72 106
72 107 106
72 73 107
73 108 107
73 74 108
74 109 108
74 75 109
75 110 109
75 76 110
79 112 111
79 80 112
80 113 112
80 81 113
81 114 113
81 82 114
82 115 114
82 83 115
83 116 115
83 84 116
84 117 116
84 85 117
88 119 118
88 89 119
89 120 119
89 90 120
90 121 120
90 91 121
91 122 121
91 92 122
92 123 122
92 93 123
93 124 123
93 94 124
97 126 125
97 98 126
98 127 126
98 99 127
99 100 127
99 64 100
100 129 128
100 101 129
101 130 129
101 102 130
102 131 130
102 103 131
104 133 132
104 105 133
105 134 133
105 106 134
106 135 134
106 107 135
107 136 135
107 108 136
108 137 136
108 109 137
109 138 137
109 110 138
111 140 139
111 112 140
112 141 140
112 113 141
113 142 141
113 114 142
114 143 142
114 115 143
115 144 143
115 116 144
116 145 144
116 117 145
118 147 146
118 119 147
119 148 147
119 120 148
120 149 148
120 121 149
121 150 149
121 122 150
122 151 150
122 123 151
123 152 151
123 124 152
125 154 153
125 126 154
126 155 154
126 127 155
127 128 155
127 100 128
128 157 156
128 129 157
129 158 157
129 130 158
130 159 158
130 131 159
132 161 160
132 133 161
133 162 161
133 134 162
134 163 162
134 135 163
135 164 163
135 136 164
136 165 164
136 137 165
137 166 165
137 138 166
139 168 167
139 140 168
140 169 168
140 141 169
141 170 169
141 142 170
142 171 170
142 143 171
143 172 171
143 144 172
144 173 172
144 145 173
146 175 174
146 147 175
147 176 175
147 148 176
148 177 176
148 149 177
149 178 177
149 150 178
150 179 178
150 151 179
151 180 179
151 152 180
153 182 181
153 154 182
154 183 182
154 155 183
155 156 183
155 128 156
156 185 184
156 157 185
157 186 185
157 158 186
158 187 186
158 159 187
160 189 188
160 161 189
161 190 189
161 162 190
162 191 190
162 163 191
163 192 191
163 164 192
164 193 192
164 165 193
165 194 193
165 166 194
167 196 195
167 168 196
168 197 196
168 169 197
169 198 197
169 170 198
170 199 198
170 171 199
171 200 199
171 172 200
172 201 200
172 173 201
174 203 202
174 175 203
175 204 203
175 176 204
176 205 204
176 177 205
177 206 205
177 178 206
178 207 206
178 179 207
179 208 207
179 180 208
181 210 209
181 182 210
182 211 210
182 183 211
183 184 211
183 156 184
184 213 212
184 185 213
185 214 213
185 186 214
186 215 214
186 187 215
188 217 216
188 189 217
189 218 217
189 190 218
190 219 218
190 191 219
191 220 219
191 192 220
192 221 220
192 193 221
193 222 221
193 194 222
195 224 223
195 196 224
196 225 224
196 197 225
197 226 225
197 198 226
198 227 226
198 199 227
199 228 227
199 200 228
200 229 228
200 201 229
202 231 230
202 203 231
203 232 231
203 204 232
204 233 232
204 205 233
205 234 233
205 206 234
206 235 234
206 207 235
207 236 235
207 208 236
209 238 237
209 210 238
210 239 238
210 211 239
211 212 239
211 184 212
212 241 240
212 213 241
213 242 241
213 214 242
214 243 242
214 215 243
216 245 244
216 217 245
217 246 245
217 218 246
218 247 246
218 219 247
219 248 247
219 220 248
220 249 248
220 221 249
221 250 249
221 222 250
223 252 251
223 224 252
224 253 252
224 225 253
225 254 253
225 226 254
226 255 254
226 227 255
227 256 255
227 228 256
228 257 256
228 229 257
230 259 258
230 231 259
231 260 259
231 232 260
232 261 260
232 233 261
233 262 261
233 234 262
234 263 262
234 235 263
235 264 263
235 236 264
237 266 265
237 238 266
238 267 266
238 239 267
239 240 267
239 212 240
268 270 269
6 268 269
9 6 269
11 9 269
271 11 269
272 271 269
273 272 269
22 273 269
25 22 269
27 25 269
274 27 269
275 274 269
276 275 269
38 276 269
41 38 269
43 41 269
277 43 269
278 277 269
279 278 269
54 279 269
57 54 269
59 57 269
280 59 269
270 280 269
LABEL JetPodR_JetDark
MATERIAL 20
TEXTURE 0
GEOM 56 52
-0.21400 0.08000 -0.39500 -0.0000 -0.7964 -0.6048 2.51600 0.29773
-0.21400 0.08400 -0.37900 -0.0000 -0.9615 -0.2749 2.45200 0.29773
-0.21064 0.08400 -0.37856 0.0712 -0.9615 -0.2655 2.45023 0.28427
-0.20649 0.08000 -0.39401 0.1565 -0.7964 -0.5842 2.51205 0.26771
-0.20750 0.08400 -0.37726 0.1375 -0.9615 -0.2381 2.44503 0.27173
-0.19950 0.08000 -0.39111 0.3024 -0.7964 -0.5238 2.50046 0.23973
-0.20481 0.08400 -0.37519 0.1944 -0.9615 -0.1944 2.43677 0.26096
-0.19349 0.08000 -0.38651 0.4277 -0.7964 -0.4277 2.48202 0.21571
-0.20274 0.08400 -0.37250 0.2381 -0.9615 -0.1374 2.42600 0.25270
-0.18889 0.08000 -0.38050 0.5238 -0.7964 -0.3024 2.45800 0.19727
-0.20144 0.08400 -0.36936 0.2655 -0.9615 -0.0711 2.41346 0.24751
-0.18599 0.08000 -0.37351 0.5842 -0.7964 -0.1565 2.43002 0.18569
-0.20100 0.08400 -0.36600 0.2749 -0.9615 -0.0000 2.40000 0.24573
-0.18500 0.08000 -0.36600 0.6048 -0.7964 -0.0000 2.40000 0.18173
-0.20144 0.08400 -0.36264 0.2655 -0.9615 0.0711 2.38654 0.24751
-0.18599 0.08000 -0.35849 0.5842 -0.7964 0.1565 2.36998 0.18569
-0.20274 0.08400 -0.35950 0.2381 -0.9615 0.1374 2.37400 0.25270
-0.18889 0.08000 -0.35150 0.5238 -0.7964 0.3024 2.34200 0.19727
-0.20481 0.08400 -0.35681 0.1944 -0.9615 0.1944 2.36323 0.26096
-0.19349 0.08000 -0.34549 0.4277 -0.7964 0.4277 2.31798 0.21571
-0.20750 0.08400 -0.35474 0.1375 -0.9615 0.2381 2.35497 0.27173
-0.19950 0.08000 -0.34089 0.3024 -0.7964 0.5238 2.29954 0.23973
-0.21064 0.08400 -0.35344 0.0712 -0.9615 0.2655 2.34977 0.28427
-0.20649 0.08000 -0.33799 0.1565 -0.7964 0.5842 2.28795 0.26771
-0.21400 0.08400 -0.35300 -0.0000 -0.9615 0.2749 2.34800 0.29773
-0.21400 0.08000 -0.33700 0.0000 -0.7964 0.6048 2.28400 0.29773
-0.21736 0.08400 -0.35344 -0.0712 -0.9615 0.2655 2.34977 0.31119
-0.22151 0.08000 -0.33799 -0.1565 -0.7964 0.5842 2.28795 0.32776
-0.22050 0.08400 -0.35474 -0.1375 -0.9615 0.2381 2.35497 0.32373
-0.22850 0.08000 -0.34089 -0.3024 -0.7964 0.5238 2.29954 0.35573
-0.22319 0.08400 -0.35681 -0.1944 -0.9615 0.1944 2.36323 0.33450
-0.23451 0.08000 -0.34549 -0.4276 -0.7964 0.4277 2.31798 0.37976
-0.22526 0.08400 -0.35950 -0.2381 -0.9615 0.1375 2.37400 0.34277
-0.23911 0.08000 -0.35150 -0.5238 -0.7964 0.3024 2.34200 0.39819
-0.22656 0.08400 -0.36264 -0.2655 -0.9615 0.0711 2.38654 0.34796
-0.24201 0.08000 -0.35849 -0.5842 -0.7964 0.1565 2.36998 0.40978
-0.22700 0.08400 -0.36600 -0.2749 -0.9615 0.0000 2.40000 0.34973
-0.24300 0.08000 -0.36600 -0.6048 -0.7964 -0.0000 2.40000 0.41373
-0.22656 0.08400 -0.36936 -0.2655 -0.9615 -0.0711 2.41346 0.34796
-0.24201 0.08000 -0.37351 -0.5842 -0.7964 -0.1565 2.43002 0.40978
-0.22526 0.08400 -0.37250 -0.2381 -0.9615 -0.1374 2.42600 0.34277
-0.23911 0.08000 -0.38050 -0.5238 -0.7964 -0.3024 2.45800 0.39819
-0.22319 0.08400 -0.37519 -0.1944 -0.9615 -0.1944 2.43677 0.33450
-0.23451 0.08000 -0.38651 -0.4277 -0.7964 -0.4277 2.48202 0.37976
-0.22050 0.08400 -0.37726 -0.1375 -0.9615 -0.2381 2.44503 0.32373
-0.22850 0.08000 -0.39111 -0.3024 -0.7964 -0.5238 2.50046 0.35573
-0.21736 0.08400 -0.37856 -0.0712 -0.9615 -0.2655 2.45023 0.31119
-0.22151 0.08000 -0.39401 -0.1565 -0.7964 -0.5842 2.51205 0.32776
-0.25870 0.23500 -0.36400 1.0000 0.0000 -0.0000 2.39200 -5.08000
-0.25870 0.23500 -0.35950 1.0000 0.0000 -0.0000 2.37400 -5.08000
-0.25870 0.26500 -0.35950 1.0000 0.0000 -0.0000 2.37400 -5.20000
-0.25870 0.26500 -0.36400 1.0000 0.0000 -0.0000 2.39200 -5.20000
-0.25870 0.23500 -0.37250 1.0000 0.0000 -0.0000 2.42600 -5.08000
-0.25870 0.23500 -0.36800 1.0000 0.0000 -0.0000 2.40800 -5.08000
-0.25870 0.26500 -0.36800 1.0000 0.0000 -0.0000 2.40800 -5.20000
-0.25870 0.26500 -0.37250 1.0000 0.0000 -0.0000 2.42600 -5.20000
0 2 1
0 3 2
3 4 2
3 5 4
5 6 4
5 7 6
7 8 6
7 9 8
9 10 8
9 11 10
11 12 10
11 13 12
13 14 12
13 15 14
15 16 14
15 17 16
17 18 16
17 19 18
19 20 18
19 21 20
21 22 20
21 23 22
23 24 22
23 25 24
25 26 24
25 27 26
27 28 26
27 29 28
29 30 28
29 31 30
31 32 30
31 33 32
33 34 32
33 35 34
35 36 34
35 37 36
37 38 36
37 39 38
39 40 38
39 41 40
41 42 40
41 43 42
43 44 42
43 45 44
45 46 44
45 47 46
47 1 46
47 0 1
48 50 49
48 51 50
52 54 53
52 55 54
LABEL JetPodR_002
MATERIAL 21
TEXTURE 2
GEOM 123 100
-0.21400 0.08400 -0.37900 -0.0000 -0.9615 -0.2749 0.70227 -4.47600
-0.21400 0.06800 -0.36600 -0.0000 -1.0000 0.0000 0.70227 -4.41200
-0.21064 0.08400 -0.37856 0.0712 -0.9615 -0.2655 0.71573 -4.47600
-0.20750 0.08400 -0.37726 0.1375 -0.9615 -0.2381 0.72827 -4.47600
-0.20750 0.08400 -0.37726 0.1375 -0.9615 -0.2381 2.44503 0.27173
-0.21400 0.06800 -0.36600 -0.0000 -1.0000 0.0000 2.40000 0.29773
-0.20481 0.08400 -0.37519 0.1944 -0.9615 -0.1944 2.43677 0.26096
-0.20274 0.08400 -0.37250 0.2381 -0.9615 -0.1374 2.42600 0.25270
-0.20274 0.08400 -0.37250 0.2381 -0.9615 -0.1374 2.42600 -4.47600
-0.21400 0.06800 -0.36600 -0.0000 -1.0000 0.0000 2.40000 -4.41200
-0.20144 0.08400 -0.36936 0.2655 -0.9615 -0.0711 2.41346 -4.47600
-0.20100 0.08400 -0.36600 0.2749 -0.9615 -0.0000 2.40000 -4.47600
-0.20144 0.08400 -0.36264 0.2655 -0.9615 0.0711 2.38654 -4.47600
-0.20274 0.08400 -0.35950 0.2381 -0.9615 0.1374 2.37400 -4.47600
-0.20274 0.08400 -0.35950 0.2381 -0.9615 0.1374 2.37400 0.25270
-0.20481 0.08400 -0.35681 0.1944 -0.9615 0.1944 2.36323 0.26096
-0.20750 0.08400 -0.35474 0.1375 -0.9615 0.2381 2.35497 0.27173
-0.20750 0.08400 -0.35474 0.1375 -0.9615 0.2381 0.72827 -4.47600
-0.21064 0.08400 -0.35344 0.0712 -0.9615 0.2655 0.71573 -4.47600
-0.21400 0.08400 -0.35300 -0.0000 -0.9615 0.2749 0.70227 -4.47600
-0.21736 0.08400 -0.35344 -0.0712 -0.9615 0.2655 0.68881 -4.47600
-0.22050 0.08400 -0.35474 -0.1375 -0.9615 0.2381 0.67627 -4.47600
-0.22050 0.08400 -0.35474 -0.1375 -0.9615 0.2381 2.35497 0.32373
-0.22319 0.08400 -0.35681 -0.1944 -0.9615 0.1944 2.36323 0.33450
-0.22526 0.08400 -0.35950 -0.2381 -0.9615 0.1375 2.37400 0.34277
-0.22526 0.08400 -0.35950 -0.2381 -0.9615 0.1375 2.37400 -4.47600
-0.22656 0.08400 -0.36264 -0.2655 -0.9615 0.0711 2.38654 -4.47600
-0.22700 0.08400 -0.36600 -0.2749 -0.9615 0.0000 2.40000 -4.47600
-0.22656 0.08400 -0.36936 -0.2655 -0.9615 -0.0711 2.41346 -4.47600
-0.22526 0.08400 -0.37250 -0.2381 -0.9615 -0.1374 2.42600 -4.47600
-0.22526 0.08400 -0.37250 -0.2381 -0.9615 -0.1374 2.42600 0.34277
-0.22319 0.08400 -0.37519 -0.1944 -0.9615 -0.1944 2.43677 0.33450
-0.22050 0.08400 -0.37726 -0.1375 -0.9615 -0.2381 2.44503 0.32373
-0.22050 0.08400 -0.37726 -0.1375 -0.9615 -0.2381 0.67627 -4.47600
-0.21736 0.08400 -0.37856 -0.0712 -0.9615 -0.2655 0.68881 -4.47600
-0.21987 0.20193 -0.31600 -0.2284 -0.7030 0.6735 2.20000 0.32122
-0.21987 0.20193 -0.33000 -0.2284 -0.7030 -0.6735 2.25600 0.32122
-0.22517 0.20463 -0.33000 -0.4345 -0.5980 -0.6735 2.25600 0.34241
-0.22517 0.20463 -0.31600 -0.4345 -0.5980 0.6735 2.20000 0.34241
-0.22517 0.23537 -0.31600 -0.4345 0.5980 0.6735 2.20000 0.34241
-0.22517 0.23537 -0.33000 -0.4345 0.5980 -0.6735 2.25600 0.34241
-0.21987 0.23807 -0.33000 -0.2284 0.7030 -0.6735 2.25600 0.32122
-0.21987 0.23807 -0.31600 -0.2284 0.7030 0.6735 2.20000 0.32122
-0.21400 0.20100 -0.31600 0.0000 -0.7392 0.6735 2.20000 0.29773
-0.21400 0.20100 -0.33000 -0.0000 -0.7392 -0.6735 2.25600 0.29773
-0.22937 0.23117 -0.31600 -0.5980 0.4345 0.6735 2.20000 -5.06467
-0.22937 0.23117 -0.33000 -0.5980 0.4345 -0.6735 2.25600 -5.06467
-0.22517 0.23537 -0.33000 -0.4345 0.5980 -0.6735 2.25600 -5.08149
-0.22517 0.23537 -0.31600 -0.4345 0.5980 0.6735 2.20000 -5.08149
-0.20813 0.20193 -0.31600 0.2284 -0.7030 0.6735 2.20000 0.27425
-0.20813 0.20193 -0.33000 0.2284 -0.7030 -0.6735 2.25600 0.27425
-0.23207 0.22587 -0.31600 -0.7030 0.2284 0.6735 2.20000 -5.04349
-0.23207 0.22587 -0.33000 -0.7030 0.2284 -0.6735 2.25600 -5.04349
-0.20283 0.20463 -0.31600 0.4345 -0.5980 0.6735 2.20000 0.25306
-0.20283 0.20463 -0.33000 0.4345 -0.5980 -0.6735 2.25600 0.25306
-0.23300 0.22000 -0.31600 -0.7392 -0.0000 0.6735 2.20000 -5.02000
-0.23300 0.22000 -0.33000 -0.7392 0.0000 -0.6735 2.25600 -5.02000
-0.19863 0.20883 -0.31600 0.5980 -0.4345 0.6735 2.20000 -4.97533
-0.19863 0.20883 -0.33000 0.5980 -0.4345 -0.6735 2.25600 -4.97533
-0.20283 0.20463 -0.33000 0.4345 -0.5980 -0.6735 2.25600 -4.95851
-0.20283 0.20463 -0.31600 0.4345 -0.5980 0.6735 2.20000 -4.95851
-0.23207 0.21413 -0.31600 -0.7030 -0.2284 0.6735 2.20000 -4.99651
-0.23207 0.21413 -0.33000 -0.7030 -0.2284 -0.6735 2.25600 -4.99651
-0.19593 0.21413 -0.31600 0.7030 -0.2284 0.6735 2.20000 -4.99651
-0.19593 0.21413 -0.33000 0.7030 -0.2284 -0.6735 2.25600 -4.99651
-0.22937 0.20883 -0.31600 -0.5980 -0.4345 0.6735 2.20000 -4.97533
-0.22937 0.20883 -0.33000 -0.5980 -0.4345 -0.6735 2.25600 -4.97533
-0.19500 0.22000 -0.31600 0.7392 -0.0000 0.6735 2.20000 -5.02000
-0.19500 0.22000 -0.33000 0.7392 0.0000 -0.6735 2.25600 -5.02000
-0.21400 0.23900 -0.33000 -0.0000 0.7392 -0.6735 2.25600 0.29773
-0.21400 0.23900 -0.31600 0.0000 0.7392 0.6735 2.20000 0.29773
-0.22517 0.20463 -0.31600 -0.4345 -0.5980 0.6735 2.20000 -4.95851
-0.22517 0.20463 -0.33000 -0.4345 -0.5980 -0.6735 2.25600 -4.95851
-0.20813 0.23807 -0.33000 0.2284 0.7030 -0.6735 2.25600 0.27425
-0.20813 0.23807 -0.31600 0.2284 0.7030 0.6735 2.20000 0.27425
-0.20283 0.23537 -0.33000 0.4345 0.5980 -0.6735 2.25600 0.25306
-0.20283 0.23537 -0.31600 0.4345 0.5980 0.6735 2.20000 0.25306
-0.20283 0.23537 -0.31600 0.4345 0.5980 0.6735 2.20000 -5.08149
-0.20283 0.23537 -0.33000 0.4345 0.5980 -0.6735 2.25600 -5.08149
-0.19863 0.23117 -0.33000 0.5980 0.4345 -0.6735 2.25600 -5.06467
-0.19863 0.23117 -0.31600 0.5980 0.4345 0.6735 2.20000 -5.06467
-0.23207 0.21413 -0.33000 -0.7030 -0.2284 -0.6735 0.62999 -4.99651
-0.22937 0.20883 -0.33000 -0.5980 -0.4345 -0.6735 0.64078 -4.97533
-0.22517 0.20463 -0.33000 -0.4345 -0.5980 -0.6735 0.65759 -4.95851
-0.21987 0.20193 -0.33000 -0.2284 -0.7030 -0.6735 0.67878 -4.94772
-0.21400 0.20100 -0.33000 -0.0000 -0.7392 -0.6735 0.70227 -4.94400
-0.20813 0.20193 -0.33000 0.2284 -0.7030 -0.6735 0.72575 -4.94772
-0.20283 0.20463 -0.33000 0.4345 -0.5980 -0.6735 0.74694 -4.95851
-0.19863 0.20883 -0.33000 0.5980 -0.4345 -0.6735 0.76375 -4.97533
-0.19593 0.21413 -0.33000 0.7030 -0.2284 -0.6735 0.77455 -4.99651
-0.19500 0.22000 -0.33000 0.7392 0.0000 -0.6735 0.77827 -5.02000
-0.19593 0.22587 -0.33000 0.7030 0.2284 -0.6735 0.77455 -5.04349
-0.19863 0.23117 -0.33000 0.5980 0.4345 -0.6735 0.76375 -5.06467
-0.20283 0.23537 -0.33000 0.4345 0.5980 -0.6735 0.74694 -5.08149
-0.20813 0.23807 -0.33000 0.2284 0.7030 -0.6735 0.72575 -5.09228
-0.21400 0.23900 -0.33000 -0.0000 0.7392 -0.6735 0.70227 -5.09600
-0.21987 0.23807 -0.33000 -0.2284 0.7030 -0.6735 0.67878 -5.09228
-0.22517 0.23537 -0.33000 -0.4345 0.5980 -0.6735 0.65759 -5.08149
-0.22937 0.23117 -0.33000 -0.5980 0.4345 -0.6735 0.64078 -5.06467
-0.23207 0.22587 -0.33000 -0.7030 0.2284 -0.6735 0.62999 -5.04349
-0.23300 0.22000 -0.33000 -0.7392 0.0000 -0.6735 0.62627 -5.02000
-0.19593 0.22587 -0.33000 0.7030 0.2284 -0.6735 2.25600 -5.04349
-0.19593 0.22587 -0.31600 0.7030 0.2284 0.6735 2.20000 -5.04349
-0.21987 0.23807 -0.31600 -0.2284 0.7030 0.6735 0.67878 -5.09228
-0.21400 0.23900 -0.31600 0.0000 0.7392 0.6735 0.70227 -5.09600
-0.20813 0.23807 -0.31600 0.2284 0.7030 0.6735 0.72575 -5.09228
-0.20283 0.23537 -0.31600 0.4345 0.5980 0.6735 0.74694 -5.08149
-0.19863 0.23117 -0.31600 0.5980 0.4345 0.6735 0.76375 -5.06467
-0.19593 0.22587 -0.31600 0.7030 0.2284 0.6735 0.77455 -5.04349
-0.19500 0.22000 -0.31600 0.7392 -0.0000 0.6735 0.77827 -5.02000
-0.19593 0.21413 -0.31600 0.7030 -0.2284 0.6735 0.77455 -4.99651
-0.19863 0.20883 -0.31600 0.5980 -0.4345 0.6735 0.76375 -4.97533
-0.20283 0.20463 -0.31600 0.4345 -0.5980 0.6735 0.74694 -4.95851
-0.20813 0.20193 -0.31600 0.2284 -0.7030 0.6735 0.72575 -4.94772
-0.21400 0.20100 -0.31600 0.0000 -0.7392 0.6735 0.70227 -4.94400
-0.21987 0.20193 -0.31600 -0.2284 -0.7030 0.6735 0.67878 -4.94772
-0.22517 0.20463 -0.31600 -0.4345 -0.5980 0.6735 0.65759 -4.95851
-0.22937 0.20883 -0.31600 -0.5980 -0.4345 0.6735 0.64078 -4.97533
-0.23207 0.21413 -0.31600 -0.7030 -0.2284 0.6735 0.62999 -4.99651
-0.23300 0.22000 -0.31600 -0.7392 -0.0000 0.6735 0.62627 -5.02000
-0.23207 0.22587 -0.31600 -0.7030 0.2284 0.6735 0.62999 -5.04349
-0.22937 0.23117 -0.31600 -0.5980 0.4345 0.6735 0.64078 -5.06467
-0.22517 0.23537 -0.31600 -0.4345 0.5980 0.6735 0.65759 -5.08149
0 2 1
2 3 1
4 6 5
6 7 5
8 10 9
10 11 9
11 12 9
12 13 9
14 15 5
15 16 5
17 18 1
18 19 1
19 20 1
20 21 1
22 23 5
23 24 5
25 26 9
26 27 9
27 28 9
28 29 9
30 31 5
31 32 5
33 34 1
34 0 1
35 37 36
35 38 37
39 41 40
39 42 41
43 36 44
43 35 36
45 47 46
45 48 47
49 44 50
49 43 44
51 46 52
51 45 46
53 50 54
53 49 50
55 52 56
55 51 52
57 59 58
57 60 59
61 56 62
61 55 56
63 58 64
63 57 58
65 62 66
65 61 62
67 64 68
67 63 64
42 69 41
42 70 69
71 66 72
71 65 66
70 73 69
70 74 73
74 75 73
74 76 75
77 79 78
77 80 79
81 83 82
83 85 84
85 87 86
87 89 88
89 91 90
91 93 92
93 95 94
95 97 96
97 99 98
99 81 100
81 85 83
85 89 87
89 93 91
93 97 95
97 81 99
81 89 85
89 97 93
89 81 97
80 101 79
80 102 101
102 68 101
102 67 68
103 105 104
105 107 106
107 109 108
109 111 110
111 113 112
113 115 114
115 117 116
117 119 118
119 121 120
121 103 122
103 107 105
107 111 109
111 115 113
115 119 117
119 103 121
103 111 107
111 119 115
111 103 119
LABEL JetPodR_JetRed
MATERIAL 22
TEXTURE 0
GEOM 104 92
-0.17020 0.23200 -0.36600 0.7342 -0.6789 -0.0000 2.40000 -5.06800
-0.17020 0.24000 -0.36600 0.7342 0.6789 -0.0000 2.40000 -5.10000
-0.17169 0.24000 -0.37734 0.7092 0.6789 -0.1900 2.44535 -5.10000
-0.17169 0.23200 -0.37734 0.7092 -0.6789 -0.1900 2.44535 -5.06800
-0.17607 0.24000 -0.38790 0.6359 0.6789 -0.3671 2.48760 -5.10000
-0.17607 0.23200 -0.38790 0.6359 -0.6789 -0.3671 2.48760 -5.06800
-0.18303 0.24000 -0.39697 0.5192 0.6789 -0.5192 2.52389 -5.10000
-0.18303 0.23200 -0.39697 0.5192 -0.6789 -0.5192 2.52389 -5.06800
-0.18303 0.23200 -0.39697 0.5192 -0.6789 -0.5192 0.82615 -5.06800
-0.18303 0.24000 -0.39697 0.5192 0.6789 -0.5192 0.82615 -5.10000
-0.19210 0.24000 -0.40393 0.3671 0.6789 -0.6359 0.78987 -5.10000
-0.19210 0.23200 -0.40393 0.3671 -0.6789 -0.6359 0.78987 -5.06800
-0.20266 0.24000 -0.40831 0.1900 0.6789 -0.7092 0.74761 -5.10000
-0.20266 0.23200 -0.40831 0.1900 -0.6789 -0.7092 0.74761 -5.06800
-0.21400 0.24000 -0.40980 -0.0000 0.6789 -0.7342 0.70227 -5.10000
-0.21400 0.23200 -0.40980 -0.0000 -0.6789 -0.7342 0.70227 -5.06800
-0.22534 0.24000 -0.40831 -0.1900 0.6789 -0.7092 0.65692 -5.10000
-0.22534 0.23200 -0.40831 -0.1900 -0.6789 -0.7092 0.65692 -5.06800
-0.23590 0.24000 -0.40393 -0.3671 0.6789 -0.6359 0.61467 -5.10000
-0.23590 0.23200 -0.40393 -0.3671 -0.6789 -0.6359 0.61467 -5.06800
-0.24497 0.24000 -0.39697 -0.5192 0.6789 -0.5192 0.57838 -5.10000
-0.24497 0.23200 -0.39697 -0.5192 -0.6789 -0.5192 0.57838 -5.06800
-0.24497 0.23200 -0.39697 -0.5192 -0.6789 -0.5192 2.52389 -5.06800
-0.24497 0.24000 -0.39697 -0.5192 0.6789 -0.5192 2.52389 -5.10000
-0.25193 0.24000 -0.38790 -0.6359 0.6789 -0.3671 2.48760 -5.10000
-0.25193 0.23200 -0.38790 -0.6359 -0.6789 -0.3671 2.48760 -5.06800
-0.25631 0.24000 -0.37734 -0.7092 0.6789 -0.1900 2.44535 -5.10000
-0.25631 0.23200 -0.37734 -0.7092 -0.6789 -0.1900 2.44535 -5.06800
-0.25780 0.24000 -0.36600 -0.7342 0.6789 -0.0000 2.40000 -5.10000
-0.25780 0.23200 -0.36600 -0.7342 -0.6789 0.0000 2.40000 -5.06800
-0.25631 0.24000 -0.35466 -0.7092 0.6789 0.1900 2.35466 -5.10000
-0.25631 0.23200 -0.35466 -0.7092 -0.6789 0.1900 2.35466 -5.06800
-0.25193 0.24000 -0.34410 -0.6359 0.6789 0.3671 2.31240 -5.10000
-0.25193 0.23200 -0.34410 -0.6359 -0.6789 0.3671 2.31240 -5.06800
-0.24497 0.24000 -0.33503 -0.5192 0.6789 0.5192 2.27611 -5.10000
-0.24497 0.23200 -0.33503 -0.5192 -0.6789 0.5192 2.27611 -5.06800
-0.24497 0.23200 -0.33503 -0.5192 -0.6789 0.5192 0.57838 -5.06800
-0.24497 0.24000 -0.33503 -0.5192 0.6789 0.5192 0.57838 -5.10000
-0.23590 0.24000 -0.32807 -0.3671 0.6789 0.6359 0.61467 -5.10000
-0.23590 0.23200 -0.32807 -0.3671 -0.6789 0.6359 0.61467 -5.06800
-0.22534 0.24000 -0.32369 -0.1900 0.6789 0.7092 0.65692 -5.10000
-0.22534 0.23200 -0.32369 -0.1900 -0.6789 0.7092 0.65692 -5.06800
-0.21400 0.24000 -0.32220 0.0000 0.6789 0.7342 0.70227 -5.10000
-0.21400 0.23200 -0.32220 0.0000 -0.6789 0.7342 0.70227 -5.06800
-0.20266 0.24000 -0.32369 0.1900 0.6789 0.7092 0.74761 -5.10000
-0.20266 0.23200 -0.32369 0.1900 -0.6789 0.7092 0.74761 -5.06800
-0.19210 0.24000 -0.32807 0.3671 0.6789 0.6359 0.78987 -5.10000
-0.19210 0.23200 -0.32807 0.3671 -0.6789 0.6359 0.78987 -5.06800
-0.18303 0.24000 -0.33503 0.5192 0.6789 0.5192 0.82615 -5.10000
-0.18303 0.23200 -0.33503 0.5192 -0.6789 0.5192 0.82615 -5.06800
-0.18303 0.23200 -0.33503 0.5192 -0.6789 0.5192 2.27611 -5.06800
-0.18303 0.24000 -0.33503 0.5192 0.6789 0.5192 2.27611 -5.10000
-0.17607 0.24000 -0.34410 0.6359 0.6789 0.3671 2.31240 -5.10000
-0.17607 0.23200 -0.34410 0.6359 -0.6789 0.3671 2.31240 -5.06800
-0.17607 0.24000 -0.38790 0.6359 0.6789 -0.3671 2.48760 0.14601
-0.17169 0.24000 -0.37734 0.7092 0.6789 -0.1900 2.44535 0.12850
-0.17020 0.24000 -0.36600 0.7342 0.6789 -0.0000 2.40000 0.12253
-0.17169 0.24000 -0.35466 0.7092 0.6789 0.1900 2.35466 0.12850
-0.17607 0.24000 -0.34410 0.6359 0.6789 0.3671 2.31240 0.14601
-0.18303 0.24000 -0.33503 0.5192 0.6789 0.5192 2.27611 0.17385
-0.19210 0.24000 -0.32807 0.3671 0.6789 0.6359 2.24827 0.21013
-0.20266 0.24000 -0.32369 0.1900 0.6789 0.7092 2.23077 0.25239
-0.21400 0.24000 -0.32220 0.0000 0.6789 0.7342 2.22480 0.29773
-0.22534 0.24000 -0.32369 -0.1900 0.6789 0.7092 2.23077 0.34308
-0.23590 0.24000 -0.32807 -0.3671 0.6789 0.6359 2.24827 0.38533
-0.24497 0.24000 -0.33503 -0.5192 0.6789 0.5192 2.27611 0.42162
-0.25193 0.24000 -0.34410 -0.6359 0.6789 0.3671 2.31240 0.44946
-0.25631 0.24000 -0.35466 -0.7092 0.6789 0.1900 2.35466 0.46696
-0.25780 0.24000 -0.36600 -0.7342 0.6789 -0.0000 2.40000 0.47293
-0.25631 0.24000 -0.37734 -0.7092 0.6789 -0.1900 2.44535 0.46696
-0.25193 0.24000 -0.38790 -0.6359 0.6789 -0.3671 2.48760 0.44946
-0.24497 0.24000 -0.39697 -0.5192 0.6789 -0.5192 2.52389 0.42162
-0.23590 0.24000 -0.40393 -0.3671 0.6789 -0.6359 2.55173 0.38533
-0.22534 0.24000 -0.40831 -0.1900 0.6789 -0.7092 2.56923 0.34308
-0.21400 0.24000 -0.40980 -0.0000 0.6789 -0.7342 2.57520 0.29773
-0.20266 0.24000 -0.40831 0.1900 0.6789 -0.7092 2.56923 0.25239
-0.19210 0.24000 -0.40393 0.3671 0.6789 -0.6359 2.55173 0.21013
-0.18303 0.24000 -0.39697 0.5192 0.6789 -0.5192 2.52389 0.17385
-0.17169 0.24000 -0.35466 0.7092 0.6789 0.1900 2.35466 -5.10000
-0.17169 0.23200 -0.35466 0.7092 -0.6789 0.1900 2.35466 -5.06800
-0.17169 0.23200 -0.35466 0.7092 -0.6789 0.1900 2.35466 0.12850
-0.17020 0.23200 -0.36600 0.7342 -0.6789 -0.0000 2.40000 0.12253
-0.17169 0.23200 -0.37734 0.7092 -0.6789 -0.1900 2.44535 0.12850
-0.17607 0.23200 -0.38790 0.6359 -0.6789 -0.3671 2.48760 0.14601
-0.18303 0.23200 -0.39697 0.5192 -0.6789 -0.5192 2.52389 0.17385
-0.19210 0.23200 -0.40393 0.3671 -0.6789 -0.6359 2.55173 0.21013
-0.20266 0.23200 -0.40831 0.1900 -0.6789 -0.7092 2.56923 0.25239
-0.21400 0.23200 -0.40980 -0.0000 -0.6789 -0.7342 2.57520 0.29773
-0.22534 0.23200 -0.40831 -0.1900 -0.6789 -0.7092 2.56923 0.34308
-0.23590 0.23200 -0.40393 -0.3671 -0.6789 -0.6359 2.55173 0.38533
-0.24497 0.23200 -0.39697 -0.5192 -0.6789 -0.5192 2.52389 0.42162
-0.25193 0.23200 -0.38790 -0.6359 -0.6789 -0.3671 2.48760 0.44946
-0.25631 0.23200 -0.37734 -0.7092 -0.6789 -0.1900 2.44535 0.46696
-0.25780 0.23200 -0.36600 -0.7342 -0.6789 0.0000 2.40000 0.47293
-0.25631 0.23200 -0.35466 -0.7092 -0.6789 0.1900 2.35466 0.46696
-0.25193 0.23200 -0.34410 -0.6359 -0.6789 0.3671 2.31240 0.44946
-0.24497 0.23200 -0.33503 -0.5192 -0.6789 0.5192 2.27611 0.42162
-0.23590 0.23200 -0.32807 -0.3671 -0.6789 0.6359 2.24827 0.38533
-0.22534 0.23200 -0.32369 -0.1900 -0.6789 0.7092 2.23077 0.34308
-0.21400 0.23200 -0.32220 0.0000 -0.6789 0.7342 2.22480 0.29773
-0.20266 0.23200 -0.32369 0.1900 -0.6789 0.7092 2.23077 0.25239
-0.19210 0.23200 -0.32807 0.3671 -0.6789 0.6359 2.24827 0.21013
-0.18303 0.23200 -0.33503 0.5192 -0.6789 0.5192 2.27611 0.17385
-0.17607 0.23200 -0.34410 0.6359 -0.6789 0.3671 2.31240 0.14601
0 2 1
0 3 2
3 4 2
3 5 4
5 6 4
5 7 6
8 10 9
8 11 10
11 12 10
11 13 12
13 14 12
13 15 14
15 16 14
15 17 16
17 18 16
17 19 18
19 20 18
19 21 20
22 24 23
22 25 24
25 26 24
25 27 26
27 28 26
27 29 28
29 30 28
29 31 30
31 32 30
31 33 32
33 34 32
33 35 34
36 38 37
36 39 38
39 40 38
39 41 40
41 42 40
41 43 42
43 44 42
43 45 44
45 46 44
45 47 46
47 48 46
47 49 48
50 52 51
50 53 52
54 56 55
56 58 57
58 60 59
60 62 61
62 64 63
64 66 65
66 68 67
68 70 69
70 72 71
72 74 73
74 76 75
76 54 77
54 58 56
58 62 60
62 66 64
66 70 68
70 74 72
74 54 76
54 62 58
62 70 66
70 54 74
62 54 70
53 78 52
53 79 78
79 1 78
79 0 1
80 82 81
82 84 83
84 86 85
86 88 87
88 90 89
90 92 91
92 94 93
94 96 95
96 98 97
98 100 99
100 102 101
102 80 103
80 84 82
84 88 86
88 92 90
92 96 94
96 100 98
100 80 102
80 88 84
88 96 92
96 80 100
88 80 96
LABEL JetPorts
MATERIAL 23
TEXTURE 0
GEOM 144 72
0.17575 -0.23950 -0.00500 0.0000 -1.0000 0.0000 -0.70300 0.11773
0.17575 -0.23950 -0.03500 0.0000 -1.0000 0.0000 -0.70300 -0.00227
0.17125 -0.23950 -0.03500 0.0000 -1.0000 0.0000 -0.68500 -0.00227
0.17125 -0.23950 -0.00500 0.0000 -1.0000 0.0000 -0.68500 0.11773
0.16725 -0.23950 -0.00500 0.0000 -1.0000 0.0000 -0.66900 0.11773
0.16725 -0.23950 -0.03500 0.0000 -1.0000 0.0000 -0.66900 -0.00227
0.16275 -0.23950 -0.03500 0.0000 -1.0000 0.0000 -0.65100 -0.00227
0.16275 -0.23950 -0.00500 0.0000 -1.0000 0.0000 -0.65100 0.11773
0.15875 -0.23950 -0.00500 0.0000 -1.0000 0.0000 -0.63500 0.11773
0.15875 -0.23950 -0.03500 0.0000 -1.0000 0.0000 -0.63500 -0.00227
0.15425 -0.23950 -0.03500 0.0000 -1.0000 0.0000 -0.61700 -0.00227
0.15425 -0.23950 -0.00500 0.0000 -1.0000 0.0000 -0.61700 0.11773
0.20200 -0.18175 -0.02000 1.0000 0.0000 0.0000 0.94227 -3.41300
0.20200 -0.18175 -0.05000 1.0000 0.0000 0.0000 1.06227 -3.41300
0.20200 -0.18625 -0.05000 1.0000 0.0000 0.0000 1.06227 -3.39500
0.20200 -0.18625 -0.02000 1.0000 0.0000 0.0000 0.94227 -3.39500
0.20200 -0.19025 -0.02000 1.0000 0.0000 0.0000 0.94227 -3.37900
0.20200 -0.19025 -0.05000 1.0000 0.0000 0.0000 1.06227 -3.37900
0.20200 -0.19475 -0.05000 1.0000 0.0000 0.0000 1.06227 -3.36100
0.20200 -0.19475 -0.02000 1.0000 0.0000 0.0000 0.94227 -3.36100
0.20200 -0.19875 -0.02000 1.0000 0.0000 0.0000 0.94227 -3.34500
0.20200 -0.19875 -0.05000 1.0000 0.0000 0.0000 1.06227 -3.34500
0.20200 -0.20325 -0.05000 1.0000 0.0000 0.0000 1.06227 -3.32700
0.20200 -0.20325 -0.02000 1.0000 0.0000 0.0000 0.94227 -3.32700
0.16575 -0.20750 -0.10950 0.0000 0.0000 -1.0000 -0.66300 -3.31000
0.16575 -0.17750 -0.10950 0.0000 0.0000 -1.0000 -0.66300 -3.43000
0.16125 -0.17750 -0.10950 0.0000 0.0000 -1.0000 -0.64500 -3.43000
0.16125 -0.20750 -0.10950 0.0000 0.0000 -1.0000 -0.64500 -3.31000
0.15725 -0.20750 -0.10950 0.0000 0.0000 -1.0000 -0.62900 -3.31000
0.15725 -0.17750 -0.10950 0.0000 0.0000 -1.0000 -0.62900 -3.43000
0.15275 -0.17750 -0.10950 0.0000 0.0000 -1.0000 -0.61100 -3.43000
0.15275 -0.20750 -0.10950 0.0000 0.0000 -1.0000 -0.61100 -3.31000
0.14875 -0.20750 -0.10950 0.0000 0.0000 -1.0000 -0.59500 -3.31000
0.14875 -0.17750 -0.10950 0.0000 0.0000 -1.0000 -0.59500 -3.43000
0.14425 -0.17750 -0.10950 0.0000 0.0000 -1.0000 -0.57700 -3.43000
0.14425 -0.20750 -0.10950 0.0000 0.0000 -1.0000 -0.57700 -3.31000
0.15425 0.23950 -0.00500 0.0000 1.0000 0.0000 -0.61700 0.11773
0.15425 0.23950 -0.03500 0.0000 1.0000 0.0000 -0.61700 -0.00227
0.15875 0.23950 -0.03500 0.0000 1.0000 0.0000 -0.63500 -0.00227
0.15875 0.23950 -0.00500 0.0000 1.0000 0.0000 -0.63500 0.11773
0.16275 0.23950 -0.00500 0.0000 1.0000 0.0000 -0.65100 0.11773
0.16275 0.23950 -0.03500 0.0000 1.0000 0.0000 -0.65100 -0.00227
0.16725 0.23950 -0.03500 0.0000 1.0000 0.0000 -0.66900 -0.00227
0.16725 0.23950 -0.00500 0.0000 1.0000 0.0000 -0.66900 0.11773
0.17125 0.23950 -0.00500 0.0000 1.0000 0.0000 -0.68500 0.11773
0.17125 0.23950 -0.03500 0.0000 1.0000 0.0000 -0.68500 -0.00227
0.17575 0.23950 -0.03500 0.0000 1.0000 0.0000 -0.70300 -0.00227
0.17575 0.23950 -0.00500 0.0000 1.0000 0.0000 -0.70300 0.11773
0.20200 0.17325 -0.02000 1.0000 0.0000 0.0000 0.94227 -4.83300
0.20200 0.17325 -0.05000 1.0000 0.0000 0.0000 1.06227 -4.83300
0.20200 0.16875 -0.05000 1.0000 0.0000 0.0000 1.06227 -4.81500
0.20200 0.16875 -0.02000 1.0000 0.0000 0.0000 0.94227 -4.81500
0.20200 0.16475 -0.02000 1.0000 0.0000 0.0000 0.94227 -4.79900
0.20200 0.16475 -0.05000 1.0000 0.0000 0.0000 1.06227 -4.79900
0.20200 0.16025 -0.05000 1.0000 0.0000 0.0000 1.06227 -4.78100
0.20200 0.16025 -0.02000 1.0000 0.0000 0.0000 0.94227 -4.78100
0.20200 0.15625 -0.02000 1.0000 0.0000 0.0000 0.94227 -4.76500
0.20200 0.15625 -0.05000 1.0000 0.0000 0.0000 1.06227 -4.76500
0.20200 0.15175 -0.05000 1.0000 0.0000 0.0000 1.06227 -4.74700
0.20200 0.15175 -0.02000 1.0000 0.0000 0.0000 0.94227 -4.74700
0.16575 0.17750 -0.10950 0.0000 0.0000 -1.0000 -0.66300 -4.85000
0.16575 0.20750 -0.10950 0.0000 0.0000 -1.0000 -0.66300 -4.97000
0.16125 0.20750 -0.10950 0.0000 0.0000 -1.0000 -0.64500 -4.97000
0.16125 0.17750 -0.10950 0.0000 0.0000 -1.0000 -0.64500 -4.85000
0.15725 0.17750 -0.10950 0.0000 0.0000 -1.0000 -0.62900 -4.85000
0.15725 0.20750 -0.10950 0.0000 0.0000 -1.0000 -0.62900 -4.97000
0.15275 0.20750 -0.10950 0.0000 0.0000 -1.0000 -0.61100 -4.97000
0.15275 0.17750 -0.10950 0.0000 0.0000 -1.0000 -0.61100 -4.85000
0.14875 0.17750 -0.10950 0.0000 0.0000 -1.0000 -0.59500 -4.85000
0.14875 0.20750 -0.10950 0.0000 0.0000 -1.0000 -0.59500 -4.97000
0.14425 0.20750 -0.10950 0.0000 0.0000 -1.0000 -0.57700 -4.97000
0.14425 0.17750 -0.10950 0.0000 0.0000 -1.0000 -0.57700 -4.85000
-0.15425 -0.23950 -0.00500 0.0000 -1.0000 0.0000 0.61700 0.11773
-0.15425 -0.23950 -0.03500 0.0000 -1.0000 0.0000 0.61700 -0.00227
-0.15875 -0.23950 -0.03500 0.0000 -1.0000 0.0000 0.63500 -0.00227
-0.15875 -0.23950 -0.00500 0.0000 -1.0000 0.0000 0.63500 0.11773
-0.16275 -0.23950 -0.00500 0.0000 -1.0000 0.0000 0.65100 0.11773
-0.16275 -0.23950 -0.03500 0.0000 -1.0000 0.0000 0.65100 -0.00227
-0.16725 -0.23950 -0.03500 0.0000 -1.0000 0.0000 0.66900 -0.00227
-0.16725 -0.23950 -0.00500 0.0000 -1.0000 0.0000 0.66900 0.11773
-0.17125 -0.23950 -0.00500 0.0000 -1.0000 0.0000 0.68500 0.11773
-0.17125 -0.23950 -0.03500 0.0000 -1.0000 0.0000 0.68500 -0.00227
-0.17575 -0.23950 -0.03500 0.0000 -1.0000 0.0000 0.70300 -0.00227
-0.17575 -0.23950 -0.00500 0.0000 -1.0000 0.0000 0.70300 0.11773
-0.20200 -0.20325 -0.02000 -1.0000 0.0000 0.0000 0.94227 -3.32700
-0.20200 -0.20325 -0.05000 -1.0000 0.0000 0.0000 1.06227 -3.32700
-0.20200 -0.19875 -0.05000 -1.0000 0.0000 0.0000 1.06227 -3.34500
-0.20200 -0.19875 -0.02000 -1.0000 0.0000 0.0000 0.94227 -3.34500
-0.20200 -0.19475 -0.02000 -1.0000 0.0000 0.0000 0.94227 -3.36100
-0.20200 -0.19475 -0.05000 -1.0000 0.0000 0.0000 1.06227 -3.36100
-0.20200 -0.19025 -0.05000 -1.0000 0.0000 0.0000 1.06227 -3.37900
-0.20200 -0.19025 -0.02000 -1.0000 0.0000 0.0000 0.94227 -3.37900
-0.20200 -0.18625 -0.02000 -1.0000 0.0000 0.0000 0.94227 -3.39500
-0.20200 -0.18625 -0.05000 -1.0000 0.0000 0.0000 1.06227 -3.39500
-0.20200 -0.18175 -0.05000 -1.0000 0.0000 0.0000 1.06227 -3.41300
-0.20200 -0.18175 -0.02000 -1.0000 0.0000 0.0000 0.94227 -3.41300
-0.14425 -0.20750 -0.10950 0.0000 0.0000 -1.0000 0.57700 -3.31000
-0.14425 -0.17750 -0.10950 0.0000 0.0000 -1.0000 0.57700 -3.43000
-0.14875 -0.17750 -0.10950 0.0000 0.0000 -1.0000 0.59500 -3.43000
-0.14875 -0.20750 -0.10950 0.0000 0.0000 -1.0000 0.59500 -3.31000
-0.15275 -0.20750 -0.10950 0.0000 0.0000 -1.0000 0.61100 -3.31000
-0.15275 -0.17750 -0.10950 0.0000 0.0000 -1.0000 0.61100 -3.43000
-0.15725 -0.17750 -0.10950 0.0000 0.0000 -1.0000 0.62900 -3.43000
-0.15725 -0.20750 -0.10950 0.0000 0.0000 -1.0000 0.62900 -3.31000
-0.16125 -0.20750 -0.10950 0.0000 0.0000 -1.0000 0.64500 -3.31000
-0.16125 -0.17750 -0.10950 0.0000 0.0000 -1.0000 0.64500 -3.43000
-0.16575 -0.17750 -0.10950 0.0000 0.0000 -1.0000 0.66300 -3.43000
-0.16575 -0.20750 -0.10950 0.0000 0.0000 -1.0000 0.66300 -3.31000
-0.17575 0.23950 -0.00500 0.0000 1.0000 0.0000 0.70300 0.11773
-0.17575 0.23950 -0.03500 0.0000 1.0000 0.0000 0.70300 -0.00227
-0.17125 0.23950 -0.03500 0.0000 1.0000 0.0000 0.68500 -0.00227
-0.17125 0.23950 -0.00500 0.0000 1.0000 0.0000 0.68500 0.11773
-0.16725 0.23950 -0.00500 0.0000 1.0000 0.0000 0.66900 0.11773
-0.16725 0.23950 -0.03500 0.0000 1.0000 0.0000 0.66900 -0.00227
-0.16275 0.23950 -0.03500 0.0000 1.0000 0.0000 0.65100 -0.00227
-0.16275 0.23950 -0.00500 0.0000 1.0000 0.0000 0.65100 0.11773
-0.15875 0.23950 -0.00500 0.0000 1.0000 0.0000 0.63500 0.11773
-0.15875 0.23950 -0.03500 0.0000 1.0000 0.0000 0.63500 -0.00227
-0.15425 0.23950 -0.03500 0.0000 1.0000 0.0000 0.61700 -0.00227
-0.15425 0.23950 -0.00500 0.0000 1.0000 0.0000 0.61700 0.11773
-0.20200 0.15175 -0.02000 -1.0000 0.0000 0.0000 0.94227 -4.74700
-0.20200 0.15175 -0.05000 -1.0000 0.0000 0.0000 1.06227 -4.74700
-0.20200 0.15625 -0.05000 -1.0000 0.0000 0.0000 1.06227 -4.76500
-0.20200 0.15625 -0.02000 -1.0000 0.0000 0.0000 0.94227 -4.76500
-0.20200 0.16025 -0.02000 -1.0000 0.0000 0.0000 0.94227 -4.78100
-0.20200 0.16025 -0.05000 -1.0000 0.0000 0.0000 1.06227 -4.78100
-0.20200 0.16475 -0.05000 -1.0000 0.0000 0.0000 1.06227 -4.79900
-0.20200 0.16475 -0.02000 -1.0000 0.0000 0.0000 0.94227 -4.79900
-0.20200 0.16875 -0.02000 -1.0000 0.0000 0.0000 0.94227 -4.81500
-0.20200 0.16875 -0.05000 -1.0000 0.0000 0.0000 1.06227 -4.81500
-0.20200 0.17325 -0.05000 -1.0000 0.0000 0.0000 1.06227 -4.83300
-0.20200 0.17325 -0.02000 -1.0000 0.0000 0.0000 0.94227 -4.83300
-0.14425 0.17750 -0.10950 0.0000 0.0000 -1.0000 0.57700 -4.85000
-0.14425 0.20750 -0.10950 0.0000 0.0000 -1.0000 0.57700 -4.97000
-0.14875 0.20750 -0.10950 0.0000 0.0000 -1.0000 0.59500 -4.97000
-0.14875 0.17750 -0.10950 0.0000 0.0000 -1.0000 0.59500 -4.85000
-0.15275 0.17750 -0.10950 0.0000 0.0000 -1.0000 0.61100 -4.85000
-0.15275 0.20750 -0.10950 0.0000 0.0000 -1.0000 0.61100 -4.97000
-0.15725 0.20750 -0.10950 0.0000 0.0000 -1.0000 0.62900 -4.97000
-0.15725 0.17750 -0.10950 0.0000 0.0000 -1.0000 0.62900 -4.85000
-0.16125 0.17750 -0.10950 0.0000 0.0000 -1.0000 0.64500 -4.85000
-0.16125 0.20750 -0.10950 0.0000 0.0000 -1.0000 0.64500 -4.97000
-0.16575 0.20750 -0.10950 0.0000 0.0000 -1.0000 0.66300 -4.97000
-0.16575 0.17750 -0.10950 0.0000 0.0000 -1.0000 0.66300 -4.85000
0 2 1
0 3 2
4 6 5
4 7 6
8 10 9
8 11 10
12 14 13
12 15 14
16 18 17
16 19 18
20 22 21
20 23 22
24 26 25
24 27 26
28 30 29
28 31 30
32 34 33
32 35 34
36 38 37
36 39 38
40 42 41
40 43 42
44 46 45
44 47 46
48 50 49
48 51 50
52 54 53
52 55 54
56 58 57
56 59 58
60 62 61
60 63 62
64 66 65
64 67 66
68 70 69
68 71 70
72 74 73
72 75 74
76 78 77
76 79 78
80 82 81
80 83 82
84 86 85
84 87 86
88 90 89
88 91 90
92 94 93
92 95 94
96 98 97
96 99 98
100 102 101
100 103 102
104 106 105
104 107 106
108 110 109
108 111 110
112 114 113
112 115 114
116 118 117
116 119 118
120 122 121
120 123 122
124 126 125
124 127 126
128 130 129
128 131 130
132 134 133
132 135 134
136 138 137
136 139 138
140 142 141
140 143 142
LABEL JetShell_JetSeam
MATERIAL 24
TEXTURE 0
GEOM 72 36
0.20250 0.10300 0.05750 0.5774 0.5774 0.5774 0.63227 -4.55200
0.20250 0.10300 -0.05750 0.5774 0.5774 -0.5774 1.09227 -4.55200
0.20250 0.09700 -0.05750 0.5774 -0.5774 -0.5774 1.09227 -4.52800
0.20250 0.09700 0.05750 0.5774 -0.5774 0.5774 0.63227 -4.52800
0.20050 0.09700 0.05750 -0.5774 -0.5774 0.5774 0.63227 -4.52800
0.20050 0.09700 -0.05750 -0.5774 -0.5774 -0.5774 1.09227 -4.52800
0.20050 0.10300 -0.05750 -0.5774 0.5774 -0.5774 1.09227 -4.55200
0.20050 0.10300 0.05750 -0.5774 0.5774 0.5774 0.63227 -4.55200
0.20250 0.09700 -0.05750 0.5774 -0.5774 -0.5774 -0.81000 -4.52800
0.20250 0.10300 -0.05750 0.5774 0.5774 -0.5774 -0.81000 -4.55200
0.20050 0.10300 -0.05750 -0.5774 0.5774 -0.5774 -0.80200 -4.55200
0.20050 0.09700 -0.05750 -0.5774 -0.5774 -0.5774 -0.80200 -4.52800
0.20050 0.09700 0.05750 -0.5774 -0.5774 0.5774 -0.80200 -4.52800
0.20050 0.10300 0.05750 -0.5774 0.5774 0.5774 -0.80200 -4.55200
0.20250 0.10300 0.05750 0.5774 0.5774 0.5774 -0.81000 -4.55200
0.20250 0.09700 0.05750 0.5774 -0.5774 0.5774 -0.81000 -4.52800
0.20250 0.09700 0.05750 0.5774 -0.5774 0.5774 -0.81000 0.36773
0.20250 0.09700 -0.05750 0.5774 -0.5774 -0.5774 -0.81000 -0.09227
0.20050 0.09700 -0.05750 -0.5774 -0.5774 -0.5774 -0.80200 -0.09227
0.20050 0.09700 0.05750 -0.5774 -0.5774 0.5774 -0.80200 0.36773
0.20050 0.10300 0.05750 -0.5774 0.5774 0.5774 -0.80200 0.36773
0.20050 0.10300 -0.05750 -0.5774 0.5774 -0.5774 -0.80200 -0.09227
0.20250 0.10300 -0.05750 0.5774 0.5774 -0.5774 -0.81000 -0.09227
0.20250 0.10300 0.05750 0.5774 0.5774 0.5774 -0.81000 0.36773
-0.20050 0.10300 0.05750 0.5774 0.5774 0.5774 0.80200 -4.55200
-0.20050 0.09700 0.05750 0.5774 -0.5774 0.5774 0.80200 -4.52800
-0.20250 0.09700 0.05750 -0.5774 -0.5774 0.5774 0.81000 -4.52800
-0.20250 0.10300 0.05750 -0.5774 0.5774 0.5774 0.81000 -4.55200
-0.20250 0.10300 -0.05750 -0.5774 0.5774 -0.5774 0.81000 -4.55200
-0.20250 0.09700 -0.05750 -0.5774 -0.5774 -0.5774 0.81000 -4.52800
-0.20050 0.09700 -0.05750 0.5774 -0.5774 -0.5774 0.80200 -4.52800
-0.20050 0.10300 -0.05750 0.5774 0.5774 -0.5774 0.80200 -4.55200
-0.20050 0.10300 0.05750 0.5774 0.5774 0.5774 0.63227 -4.55200
-0.20050 0.10300 -0.05750 0.5774 0.5774 -0.5774 1.09227 -4.55200
-0.20050 0.09700 -0.05750 0.5774 -0.5774 -0.5774 1.09227 -4.52800
-0.20050 0.09700 0.05750 0.5774 -0.5774 0.5774 0.63227 -4.52800
-0.20050 0.09700 0.05750 0.5774 -0.5774 0.5774 0.80200 0.36773
-0.20050 0.09700 -0.05750 0.5774 -0.5774 -0.5774 0.80200 -0.09227
-0.20250 0.09700 -0.05750 -0.5774 -0.5774 -0.5774 0.81000 -0.09227
-0.20250 0.09700 0.05750 -0.5774 -0.5774 0.5774 0.81000 0.36773
-0.20250 0.09700 0.05750 -0.5774 -0.5774 0.5774 0.63227 -4.52800
-0.20250 0.09700 -0.05750 -0.5774 -0.5774 -0.5774 1.09227 -4.52800
-0.20250 0.10300 -0.05750 -0.5774 0.5774 -0.5774 1.09227 -4.55200
-0.20250 0.10300 0.05750 -0.5774 0.5774 0.5774 0.63227 -4.55200
-0.20250 0.10300 0.05750 -0.5774 0.5774 0.5774 0.81000 0.36773
-0.20250 0.10300 -0.05750 -0.5774 0.5774 -0.5774 0.81000 -0.09227
-0.20050 0.10300 -0.05750 0.5774 0.5774 -0.5774 0.80200 -0.09227
-0.20050 0.10300 0.05750 0.5774 0.5774 0.5774 0.80200 0.36773
0.15000 0.09700 -0.10800 0.5774 -0.5774 0.5774 1.29427 -4.52800
0.15000 0.10300 -0.10800 0.5774 0.5774 0.5774 1.29427 -4.55200
0.15000 0.10300 -0.11000 0.5774 0.5774 -0.5774 1.30227 -4.55200
0.15000 0.09700 -0.11000 0.5774 -0.5774 -0.5774 1.30227 -4.52800
-0.15000 0.09700 -0.11000 -0.5774 -0.5774 -0.5774 1.30227 -4.52800
-0.15000 0.10300 -0.11000 -0.5774 0.5774 -0.5774 1.30227 -4.55200
-0.15000 0.10300 -0.10800 -0.5774 0.5774 0.5774 1.29427 -4.55200
-0.15000 0.09700 -0.10800 -0.5774 -0.5774 0.5774 1.29427 -4.52800
0.15000 0.09700 -0.10800 0.5774 -0.5774 0.5774 -0.60000 -4.52800
-0.15000 0.09700 -0.10800 -0.5774 -0.5774 0.5774 0.60000 -4.52800
-0.15000 0.10300 -0.10800 -0.5774 0.5774 0.5774 0.60000 -4.55200
0.15000 0.10300 -0.10800 0.5774 0.5774 0.5774 -0.60000 -4.55200
0.15000 0.10300 -0.10800 0.5774 0.5774 0.5774 -0.60000 -0.29427
-0.15000 0.10300 -0.10800 -0.5774 0.5774 0.5774 0.60000 -0.29427
-0.15000 0.10300 -0.11000 -0.5774 0.5774 -0.5774 0.60000 -0.30227
0.15000 0.10300 -0.11000 0.5774 0.5774 -0.5774 -0.60000 -0.30227
0.15000 0.10300 -0.11000 0.5774 0.5774 -0.5774 -0.60000 -4.55200
-0.15000 0.10300 -0.11000 -0.5774 0.5774 -0.5774 0.60000 -4.55200
-0.15000 0.09700 -0.11000 -0.5774 -0.5774 -0.5774 0.60000 -4.52800
0.15000 0.09700 -0.11000 0.5774 -0.5774 -0.5774 -0.60000 -4.52800
0.15000 0.09700 -0.11000 0.5774 -0.5774 -0.5774 -0.60000 -0.30227
-0.15000 0.09700 -0.11000 -0.5774 -0.5774 -0.5774 0.60000 -0.30227
-0.15000 0.09700 -0.10800 -0.5774 -0.5774 0.5774 0.60000 -0.29427
0.15000 0.09700 -0.10800 0.5774 -0.5774 0.5774 -0.60000 -0.29427
0 2 1
0 3 2
4 6 5
4 7 6
8 10 9
8 11 10
12 14 13
12 15 14
16 18 17
16 19 18
20 22 21
20 23 22
24 26 25
24 27 26
28 30 29
28 31 30
32 34 33
32 35 34
36 38 37
36 39 38
40 42 41
40 43 42
44 46 45
44 47 46
48 50 49
48 51 50
52 54 53
52 55 54
56 58 57
56 59 58
60 62 61
60 63 62
64 66 65
64 67 66
68 70 69
68 71 70
LABEL JetShell_JetShell
MATERIAL 25
TEXTURE 1
GEOM 424 620
0.15000 -0.23750 0.05750 0.0669 -0.9955 0.0669 -0.60000 0.36773
0.15000 -0.23580 0.07044 0.0678 -0.9634 0.2592 -0.60000 0.41948
0.16334 -0.23377 0.07095 0.2623 -0.9283 0.2634 -0.65337 0.42155
0.16294 -0.23580 0.05750 0.2594 -0.9634 0.0681 -0.65175 0.36773
0.15000 -0.23080 0.08250 0.0648 -0.8642 0.4989 -0.60000 0.46775
0.16313 -0.22871 0.08258 0.2502 -0.8321 0.4951 -0.65250 0.46806
0.15000 -0.22286 0.09286 0.0628 -0.7057 0.7058 -0.60000 0.50915
0.16286 -0.22168 0.09165 0.2410 -0.6865 0.6861 -0.65143 0.50434
0.17509 -0.22868 0.07070 0.4950 -0.8318 0.2511 -0.70038 0.42054
0.17500 -0.23080 0.05750 0.4987 -0.8643 0.0654 -0.70002 0.36773
0.17382 -0.22445 0.08133 0.4635 -0.7551 0.4637 -0.69527 0.46305
0.17277 -0.21898 0.08897 0.4392 -0.6354 0.6352 -0.69108 0.49363
0.18418 -0.22165 0.07036 0.6865 -0.6861 0.2410 -0.73673 0.41916
0.18536 -0.22286 0.05750 0.7056 -0.7058 0.0628 -0.74142 0.36773
0.18148 -0.21898 0.08027 0.6354 -0.6352 0.4392 -0.72591 0.45881
0.17887 -0.21637 0.08637 0.5773 -0.5774 0.5774 -0.71547 0.48320
0.15000 -0.18750 0.10750 0.0669 -0.0669 0.9955 -0.60000 -3.39000
0.16294 -0.18750 0.10580 0.2592 -0.0678 0.9634 -0.65175 -3.39000
0.16345 -0.20084 0.10377 0.2634 -0.2623 0.9283 -0.65381 -3.33663
0.15000 -0.20044 0.10580 0.0681 -0.2594 0.9633 -0.60000 -3.33825
0.17500 -0.18750 0.10080 0.4989 -0.0648 0.8642 -0.70002 -3.39000
0.17508 -0.20063 0.09871 0.4951 -0.2502 0.8321 -0.70032 -3.33750
0.18536 -0.18750 0.09286 0.7058 -0.0628 0.7056 -0.74142 -3.39000
0.18415 -0.20036 0.09168 0.6861 -0.2410 0.6865 -0.73660 -3.33857
0.16320 -0.21259 0.09868 0.2511 -0.4950 0.8318 -0.65280 -3.28962
0.15000 -0.21250 0.10080 0.0654 -0.4987 0.8643 -0.60000 -3.28998
0.17383 -0.21132 0.09445 0.4637 -0.4635 0.7551 -0.69531 -3.29473
0.18147 -0.21027 0.08898 0.6352 -0.4392 0.6354 -0.72590 -3.29892
0.16286 -0.22168 0.09165 0.2410 -0.6865 0.6861 -0.65143 -3.25327
0.15000 -0.22286 0.09286 0.0628 -0.7057 0.7058 -0.60000 -3.24858
0.17277 -0.21898 0.08897 0.4392 -0.6354 0.6352 -0.69108 -3.26409
0.17887 -0.21637 0.08637 0.5773 -0.5774 0.5774 -0.71547 -3.27453
0.20000 -0.18750 0.05750 0.9955 -0.0669 0.0669 0.63227 -3.39000
0.19830 -0.20044 0.05750 0.9634 -0.2592 0.0678 0.63227 -3.33825
0.19627 -0.20095 0.07084 0.9283 -0.2634 0.2623 0.57889 -3.33619
0.19830 -0.18750 0.07044 0.9633 -0.0681 0.2594 0.58052 -3.39000
0.19330 -0.21250 0.05750 0.8642 -0.4989 0.0648 0.63227 -3.28998
0.19121 -0.21258 0.07063 0.8321 -0.4951 0.2502 0.57976 -3.28968
0.18536 -0.22286 0.05750 0.7056 -0.7058 0.0628 0.63227 -3.24858
0.18418 -0.22165 0.07036 0.6865 -0.6861 0.2410 0.58084 -3.25340
0.19118 -0.20070 0.08259 0.8318 -0.2511 0.4950 0.53189 -3.33719
0.19330 -0.18750 0.08250 0.8643 -0.0654 0.4987 0.53225 -3.39000
0.18695 -0.21133 0.08132 0.7551 -0.4637 0.4635 0.53700 -3.29469
0.18148 -0.21898 0.08027 0.6354 -0.6352 0.4392 0.54119 -3.26410
0.18415 -0.20036 0.09168 0.6861 -0.2410 0.6865 0.49554 -3.33857
0.18536 -0.18750 0.09286 0.7058 -0.0628 0.7056 0.49085 -3.39000
0.18147 -0.21027 0.08898 0.6352 -0.4392 0.6354 0.50635 -3.29892
0.17887 -0.21637 0.08637 0.5773 -0.5774 0.5774 0.51680 -3.27453
0.15000 0.18750 0.10750 0.0669 0.0669 0.9955 -0.60000 -4.89000
0.15000 0.20044 0.10580 0.0678 0.2592 0.9634 -0.60000 -4.94174
0.16334 0.20095 0.10377 0.2623 0.2634 0.9283 -0.65337 -4.94381
0.16294 0.18750 0.10580 0.2594 0.0681 0.9633 -0.65175 -4.89000
0.15000 0.21250 0.10080 0.0648 0.4989 0.8642 -0.60000 -4.99002
0.16313 0.21258 0.09871 0.2502 0.4951 0.8321 -0.65250 -4.99032
0.15000 0.22286 0.09286 0.0628 0.7058 0.7056 -0.60000 -5.03142
0.16286 0.22165 0.09168 0.2410 0.6861 0.6865 -0.65143 -5.02660
0.17509 0.20070 0.09868 0.4950 0.2511 0.8318 -0.70038 -4.94280
0.17500 0.18750 0.10080 0.4987 0.0654 0.8643 -0.70002 -4.89000
0.17382 0.21133 0.09445 0.4635 0.4637 0.7551 -0.69527 -4.98531
0.17277 0.21897 0.08898 0.4392 0.6352 0.6354 -0.69108 -5.01590
0.18418 0.20036 0.09165 0.6865 0.2410 0.6861 -0.73673 -4.94143
0.18536 0.18750 0.09286 0.7056 0.0628 0.7058 -0.74142 -4.89000
0.18148 0.21027 0.08898 0.6354 0.4392 0.6352 -0.72591 -4.98108
0.17887 0.21637 0.08637 0.5773 0.5774 0.5774 -0.71547 -5.00547
0.15000 0.23750 0.05750 0.0669 0.9955 0.0669 -0.60000 0.36773
0.16294 0.23580 0.05750 0.2592 0.9634 0.0678 -0.65175 0.36773
0.16345 0.23377 0.07084 0.2634 0.9283 0.2623 -0.65381 0.42111
0.15000 0.23580 0.07044 0.0681 0.9633 0.2595 -0.60000 0.41948
0.17500 0.23080 0.05750 0.4989 0.8642 0.0648 -0.70002 0.36773
0.17508 0.22871 0.07063 0.4951 0.8321 0.2502 -0.70032 0.42024
0.18536 0.22286 0.05750 0.7058 0.7056 0.0628 -0.74142 0.36773
0.18415 0.22168 0.07036 0.6861 0.6865 0.2410 -0.73660 0.41916
0.16320 0.22868 0.08259 0.2511 0.8318 0.4950 -0.65280 0.46811
0.15000 0.23080 0.08250 0.0654 0.8643 0.4987 -0.60000 0.46775
0.17383 0.22445 0.08132 0.4637 0.7551 0.4635 -0.69531 0.46300
0.18147 0.21898 0.08027 0.6352 0.6354 0.4392 -0.72590 0.45881
0.16286 0.22165 0.09168 0.2410 0.6861 0.6865 -0.65143 0.50446
0.15000 0.22286 0.09286 0.0628 0.7058 0.7056 -0.60000 0.50915
0.17277 0.21897 0.08898 0.4392 0.6352 0.6354 -0.69108 0.49365
0.17887 0.21637 0.08637 0.5773 0.5774 0.5774 -0.71547 0.48320
0.20000 0.18750 0.05750 0.9955 0.0669 0.0669 0.63227 -4.89000
0.19830 0.18750 0.07044 0.9634 0.0678 0.2592 0.58052 -4.89000
0.19627 0.20084 0.07095 0.9283 0.2623 0.2634 0.57845 -4.94337
0.19830 0.20044 0.05750 0.9633 0.2594 0.0681 0.63227 -4.94174
0.19330 0.18750 0.08250 0.8642 0.0648 0.4989 0.53225 -4.89000
0.19121 0.20063 0.08258 0.8321 0.2502 0.4951 0.53194 -4.94250
0.18536 0.18750 0.09286 0.7056 0.0628 0.7058 0.49085 -4.89000
0.18418 0.20036 0.09165 0.6865 0.2410 0.6861 0.49566 -4.94143
0.19118 0.21259 0.07070 0.8318 0.4950 0.2511 0.57946 -4.99038
0.19330 0.21250 0.05750 0.8643 0.4987 0.0654 0.63227 -4.99002
0.18695 0.21132 0.08133 0.7551 0.4635 0.4637 0.53695 -4.98527
0.18148 0.21027 0.08898 0.6354 0.4392 0.6352 0.50637 -4.98108
0.18415 0.22168 0.07036 0.6861 0.6865 0.2410 0.58084 -5.02673
0.18536 0.22286 0.05750 0.7058 0.7056 0.0628 0.63227 -5.03142
0.18147 0.21898 0.08027 0.6352 0.6354 0.4392 0.54119 -5.01591
0.17887 0.21637 0.08637 0.5773 0.5774 0.5774 0.51680 -5.00547
0.15000 -0.23750 -0.05750 0.0669 -0.9955 -0.0669 -0.60000 -0.09227
0.16294 -0.23580 -0.05750 0.2592 -0.9634 -0.0678 -0.65175 -0.09227
0.16345 -0.23377 -0.07084 0.2634 -0.9283 -0.2623 -0.65381 -0.14564
0.15000 -0.23580 -0.07044 0.0681 -0.9634 -0.2594 -0.60000 -0.14401
0.17500 -0.23080 -0.05750 0.4989 -0.8642 -0.0648 -0.70002 -0.09227
0.17508 -0.22871 -0.07063 0.4951 -0.8321 -0.2502 -0.70032 -0.14477
0.18536 -0.22286 -0.05750 0.7058 -0.7056 -0.0628 -0.74142 -0.09227
0.18415 -0.22168 -0.07036 0.6861 -0.6865 -0.2410 -0.73660 -0.14370
0.16320 -0.22868 -0.08259 0.2511 -0.8318 -0.4950 -0.65280 -0.19264
0.15000 -0.23080 -0.08250 0.0654 -0.8643 -0.4987 -0.60000 -0.19228
0.17383 -0.22445 -0.08132 0.4637 -0.7551 -0.4635 -0.69531 -0.18753
0.18147 -0.21898 -0.08027 0.6352 -0.6354 -0.4392 -0.72590 -0.18334
0.16286 -0.22165 -0.09168 0.2410 -0.6861 -0.6865 -0.65143 -0.22900
0.15000 -0.22286 -0.09286 0.0628 -0.7058 -0.7056 -0.60000 -0.23369
0.17277 -0.21898 -0.08898 0.4392 -0.6352 -0.6354 -0.69108 -0.21818
0.17887 -0.21637 -0.08637 0.5773 -0.5774 -0.5774 -0.71547 -0.20774
0.20000 -0.18750 -0.05750 0.9955 -0.0669 -0.0669 1.09227 -3.39000
0.19830 -0.18750 -0.07044 0.9634 -0.0678 -0.2592 1.14401 -3.39000
0.19627 -0.20084 -0.07095 0.9283 -0.2623 -0.2634 1.14608 -3.33663
0.19830 -0.20044 -0.05750 0.9633 -0.2594 -0.0681 1.09227 -3.33825
0.19330 -0.18750 -0.08250 0.8642 -0.0648 -0.4989 1.19228 -3.39000
0.19121 -0.20063 -0.08258 0.8321 -0.2502 -0.4951 1.19259 -3.33750
0.18536 -0.18750 -0.09286 0.7056 -0.0628 -0.7058 1.23369 -3.39000
0.18418 -0.20036 -0.09165 0.6865 -0.2410 -0.6861 1.22887 -3.33857
0.19118 -0.21259 -0.07070 0.8318 -0.4950 -0.2511 1.14507 -3.28962
0.19330 -0.21250 -0.05750 0.8643 -0.4987 -0.0654 1.09227 -3.28998
0.18695 -0.21132 -0.08133 0.7551 -0.4635 -0.4637 1.18758 -3.29473
0.18148 -0.21027 -0.08897 0.6354 -0.4392 -0.6352 1.21817 -3.29892
0.18415 -0.22168 -0.07036 0.6861 -0.6865 -0.2410 1.14370 -3.25327
0.18536 -0.22286 -0.05750 0.7058 -0.7056 -0.0628 1.09227 -3.24858
0.18147 -0.21898 -0.08027 0.6352 -0.6354 -0.4392 1.18334 -3.26409
0.17887 -0.21637 -0.08637 0.5773 -0.5774 -0.5774 1.20774 -3.27453
0.15000 -0.18750 -0.10750 0.0669 -0.0669 -0.9955 -0.60000 -3.39000
0.15000 -0.20044 -0.10580 0.0678 -0.2592 -0.9634 -0.60000 -3.33825
0.16334 -0.20095 -0.10377 0.2623 -0.2634 -0.9283 -0.65337 -3.33619
0.16294 -0.18750 -0.10580 0.2594 -0.0681 -0.9633 -0.65175 -3.39000
0.15000 -0.21250 -0.10080 0.0648 -0.4989 -0.8642 -0.60000 -3.28998
0.16313 -0.21258 -0.09871 0.2502 -0.4951 -0.8321 -0.65250 -3.28968
0.15000 -0.22286 -0.09286 0.0628 -0.7058 -0.7056 -0.60000 -3.24858
0.16286 -0.22165 -0.09168 0.2410 -0.6861 -0.6865 -0.65143 -3.25340
0.17509 -0.20070 -0.09868 0.4950 -0.2511 -0.8318 -0.70038 -3.33719
0.17500 -0.18750 -0.10080 0.4987 -0.0654 -0.8643 -0.70002 -3.39000
0.17382 -0.21133 -0.09445 0.4635 -0.4637 -0.7551 -0.69527 -3.29469
0.17277 -0.21898 -0.08898 0.4392 -0.6352 -0.6354 -0.69108 -3.26410
0.18418 -0.20036 -0.09165 0.6865 -0.2410 -0.6861 -0.73673 -3.33857
0.18536 -0.18750 -0.09286 0.7056 -0.0628 -0.7058 -0.74142 -3.39000
0.18148 -0.21027 -0.08897 0.6354 -0.4392 -0.6352 -0.72591 -3.29892
0.17887 -0.21637 -0.08637 0.5773 -0.5774 -0.5774 -0.71547 -3.27453
0.15000 0.23750 -0.05750 0.0669 0.9955 -0.0669 -0.60000 -0.09227
0.15000 0.23580 -0.07044 0.0678 0.9634 -0.2592 -0.60000 -0.14401
0.16334 0.23377 -0.07095 0.2623 0.9283 -0.2634 -0.65337 -0.14608
0.16294 0.23580 -0.05750 0.2595 0.9633 -0.0681 -0.65175 -0.09227
0.15000 0.23080 -0.08250 0.0648 0.8642 -0.4989 -0.60000 -0.19228
0.16313 0.22871 -0.08258 0.2502 0.8321 -0.4951 -0.65250 -0.19259
0.15000 0.22286 -0.09286 0.0628 0.7057 -0.7058 -0.60000 -0.23369
0.16286 0.22168 -0.09165 0.2410 0.6865 -0.6861 -0.65143 -0.22887
0.17509 0.22868 -0.07070 0.4950 0.8318 -0.2511 -0.70038 -0.14507
0.17500 0.23080 -0.05750 0.4987 0.8643 -0.0654 -0.70002 -0.09227
0.17382 0.22445 -0.08133 0.4635 0.7551 -0.4637 -0.69527 -0.18758
0.17277 0.21898 -0.08897 0.4392 0.6354 -0.6352 -0.69108 -0.21817
0.18418 0.22165 -0.07036 0.6865 0.6861 -0.2410 -0.73673 -0.14370
0.18536 0.22286 -0.05750 0.7056 0.7058 -0.0628 -0.74142 -0.09227
0.18148 0.21897 -0.08027 0.6354 0.6352 -0.4392 -0.72591 -0.18334
0.17887 0.21637 -0.08637 0.5773 0.5774 -0.5774 -0.71547 -0.20774
0.15000 0.18750 -0.10750 0.0669 0.0669 -0.9955 -0.60000 -4.89000
0.16294 0.18750 -0.10580 0.2592 0.0678 -0.9634 -0.65175 -4.89000
0.16345 0.20084 -0.10377 0.2634 0.2623 -0.9283 -0.65381 -4.94337
0.15000 0.20044 -0.10580 0.0681 0.2594 -0.9633 -0.60000 -4.94174
0.17500 0.18750 -0.10080 0.4989 0.0648 -0.8642 -0.70002 -4.89000
0.17508 0.20063 -0.09871 0.4951 0.2502 -0.8321 -0.70032 -4.94250
0.18536 0.18750 -0.09286 0.7058 0.0628 -0.7057 -0.74142 -4.89000
0.18415 0.20036 -0.09168 0.6861 0.2410 -0.6865 -0.73660 -4.94143
0.16320 0.21259 -0.09868 0.2511 0.4950 -0.8318 -0.65280 -4.99038
0.15000 0.21250 -0.10080 0.0654 0.4987 -0.8643 -0.60000 -4.99002
0.17383 0.21132 -0.09445 0.4637 0.4635 -0.7551 -0.69531 -4.98527
0.18147 0.21027 -0.08898 0.6352 0.4392 -0.6354 -0.72590 -4.98108
0.16286 0.22168 -0.09165 0.2410 0.6865 -0.6861 -0.65143 -5.02673
0.15000 0.22286 -0.09286 0.0628 0.7057 -0.7058 -0.60000 -5.03142
0.17277 0.21898 -0.08897 0.4392 0.6354 -0.6352 -0.69108 -5.01591
0.17887 0.21637 -0.08637 0.5773 0.5774 -0.5774 -0.71547 -5.00547
0.20000 0.18750 -0.05750 0.9955 0.0669 -0.0669 1.09227 -4.89000
0.19830 0.20044 -0.05750 0.9634 0.2592 -0.0678 1.09227 -4.94174
0.19627 0.20095 -0.07084 0.9283 0.2634 -0.2623 1.14564 -4.94381
0.19830 0.18750 -0.07044 0.9634 0.0681 -0.2594 1.14401 -4.89000
0.19330 0.21250 -0.05750 0.8642 0.4989 -0.0648 1.09227 -4.99002
0.19121 0.21258 -0.07063 0.8321 0.4951 -0.2502 1.14477 -4.99032
0.18536 0.22286 -0.05750 0.7056 0.7058 -0.0628 1.09227 -5.03142
0.18418 0.22165 -0.07036 0.6865 0.6861 -0.2410 1.14370 -5.02660
0.19118 0.20070 -0.08259 0.8318 0.2511 -0.4950 1.19264 -4.94280
0.19330 0.18750 -0.08250 0.8643 0.0654 -0.4987 1.19228 -4.89000
0.18695 0.21133 -0.08132 0.7551 0.4637 -0.4635 1.18753 -4.98531
0.18148 0.21897 -0.08027 0.6354 0.6352 -0.4392 1.18334 -5.01590
0.18415 0.20036 -0.09168 0.6861 0.2410 -0.6865 1.22900 -4.94143
0.18536 0.18750 -0.09286 0.7058 0.0628 -0.7057 1.23369 -4.89000
0.18147 0.21027 -0.08898 0.6352 0.4392 -0.6354 1.21818 -4.98108
0.17887 0.21637 -0.08637 0.5773 0.5774 -0.5774 1.20774 -5.00547
-0.15000 -0.23750 0.05750 -0.0669 -0.9955 0.0669 0.60000 0.36773
-0.16294 -0.23580 0.05750 -0.2592 -0.9634 0.0678 0.65175 0.36773
-0.16345 -0.23377 0.07084 -0.2634 -0.9283 0.2623 0.65381 0.42111
-0.15000 -0.23580 0.07044 -0.0681 -0.9634 0.2594 0.60000 0.41948
-0.17500 -0.23080 0.05750 -0.4989 -0.8642 0.0648 0.70002 0.36773
-0.17508 -0.22871 0.07063 -0.4951 -0.8321 0.2502 0.70032 0.42024
-0.18536 -0.22286 0.05750 -0.7058 -0.7057 0.0628 0.74142 0.36773
-0.18415 -0.22168 0.07036 -0.6861 -0.6865 0.2410 0.73660 0.41916
-0.16320 -0.22868 0.08259 -0.2511 -0.8318 0.4950 0.65280 0.46811
-0.15000 -0.23080 0.08250 -0.0654 -0.8643 0.4987 0.60000 0.46775
-0.17383 -0.22445 0.08132 -0.4637 -0.7551 0.4635 0.69531 0.46300
-0.18147 -0.21898 0.08027 -0.6352 -0.6354 0.4392 0.72590 0.45881
-0.16286 -0.22165 0.09168 -0.2410 -0.6861 0.6865 0.65143 0.50446
-0.15000 -0.22286 0.09286 -0.0628 -0.7058 0.7056 0.60000 0.50915
-0.17277 -0.21898 0.08898 -0.4392 -0.6352 0.6354 0.69108 0.49365
-0.17887 -0.21637 0.08637 -0.5773 -0.5774 0.5774 0.71547 0.48320
-0.20000 -0.18750 0.05750 -0.9955 -0.0669 0.0669 0.63227 -3.39000
-0.19830 -0.18750 0.07044 -0.9634 -0.0678 0.2592 0.58052 -3.39000
-0.19627 -0.20084 0.07095 -0.9283 -0.2623 0.2634 0.57845 -3.33663
-0.19830 -0.20044 0.05750 -0.9633 -0.2594 0.0681 0.63227 -3.33825
-0.19330 -0.18750 0.08250 -0.8642 -0.0648 0.4989 0.53225 -3.39000
-0.19121 -0.20063 0.08258 -0.8321 -0.2502 0.4951 0.53194 -3.33750
-0.18536 -0.18750 0.09286 -0.7056 -0.0628 0.7058 0.49085 -3.39000
-0.18418 -0.20036 0.09165 -0.6865 -0.2410 0.6861 0.49566 -3.33857
-0.19118 -0.21259 0.07070 -0.8318 -0.4950 0.2511 0.57946 -3.28962
-0.19330 -0.21250 0.05750 -0.8643 -0.4987 0.0654 0.63227 -3.28998
-0.18695 -0.21132 0.08133 -0.7551 -0.4635 0.4637 0.53695 -3.29473
-0.18148 -0.21027 0.08897 -0.6354 -0.4392 0.6352 0.50637 -3.29892
-0.18415 -0.22168 0.07036 -0.6861 -0.6865 0.2410 0.58084 -3.25327
-0.18536 -0.22286 0.05750 -0.7058 -0.7057 0.0628 0.63227 -3.24858
-0.18147 -0.21898 0.08027 -0.6352 -0.6354 0.4392 0.54119 -3.26409
-0.17887 -0.21637 0.08637 -0.5773 -0.5774 0.5774 0.51680 -3.27453
-0.15000 -0.18750 0.10750 -0.0669 -0.0669 0.9955 0.60000 -3.39000
-0.15000 -0.20044 0.10580 -0.0678 -0.2592 0.9634 0.60000 -3.33825
-0.16334 -0.20095 0.10377 -0.2623 -0.2634 0.9283 0.65337 -3.33619
-0.16294 -0.18750 0.10580 -0.2594 -0.0681 0.9633 0.65175 -3.39000
-0.15000 -0.21250 0.10080 -0.0648 -0.4989 0.8642 0.60000 -3.28998
-0.16313 -0.21258 0.09871 -0.2502 -0.4951 0.8321 0.65250 -3.28968
-0.15000 -0.22286 0.09286 -0.0628 -0.7058 0.7056 0.60000 -3.24858
-0.16286 -0.22165 0.09168 -0.2410 -0.6861 0.6865 0.65143 -3.25340
-0.17509 -0.20070 0.09868 -0.4950 -0.2511 0.8318 0.70038 -3.33719
-0.17500 -0.18750 0.10080 -0.4987 -0.0654 0.8643 0.70002 -3.39000
-0.17382 -0.21133 0.09445 -0.4635 -0.4637 0.7551 0.69527 -3.29469
-0.17277 -0.21898 0.08898 -0.4392 -0.6352 0.6354 0.69108 -3.26410
-0.18418 -0.20036 0.09165 -0.6865 -0.2410 0.6861 0.73673 -3.33857
-0.18536 -0.18750 0.09286 -0.7056 -0.0628 0.7058 0.74142 -3.39000
-0.18148 -0.21027 0.08897 -0.6354 -0.4392 0.6352 0.72591 -3.29892
-0.17887 -0.21637 0.08637 -0.5773 -0.5774 0.5774 0.71547 -3.27453
-0.15000 0.23750 0.05750 -0.0669 0.9955 0.0669 0.60000 0.36773
-0.15000 0.23580 0.07044 -0.0678 0.9634 0.2592 0.60000 0.41948
-0.16334 0.23377 0.07095 -0.2623 0.9283 0.2634 0.65337 0.42155
-0.16294 0.23580 0.05750 -0.2595 0.9633 0.0681 0.65175 0.36773
-0.15000 0.23080 0.08250 -0.0648 0.8642 0.4989 0.60000 0.46775
-0.16313 0.22871 0.08258 -0.2502 0.8321 0.4951 0.65250 0.46806
-0.15000 0.22286 0.09286 -0.0628 0.7057 0.7058 0.60000 0.50915
-0.16286 0.22168 0.09165 -0.2410 0.6865 0.6861 0.65143 0.50434
-0.17509 0.22868 0.07070 -0.4950 0.8318 0.2511 0.70038 0.42054
-0.17500 0.23080 0.05750 -0.4987 0.8643 0.0654 0.70002 0.36773
-0.17382 0.22445 0.08133 -0.4635 0.7551 0.4637 0.69527 0.46305
-0.17277 0.21898 0.08897 -0.4392 0.6354 0.6352 0.69108 0.49363
-0.18418 0.22165 0.07036 -0.6865 0.6861 0.2410 0.73673 0.41916
-0.18536 0.22286 0.05750 -0.7056 0.7058 0.0628 0.74142 0.36773
-0.18148 0.21897 0.08027 -0.6354 0.6352 0.4392 0.72591 0.45881
-0.17887 0.21637 0.08637 -0.5773 0.5774 0.5774 0.71547 0.48320
-0.15000 0.18750 0.10750 -0.0669 0.0669 0.9955 0.60000 -4.89000
-0.16294 0.18750 0.10580 -0.2592 0.0678 0.9634 0.65175 -4.89000
-0.16345 0.20084 0.10377 -0.2634 0.2623 0.9283 0.65381 -4.94337
-0.15000 0.20044 0.10580 -0.0681 0.2594 0.9633 0.60000 -4.94174
-0.17500 0.18750 0.10080 -0.4989 0.0648 0.8642 0.70002 -4.89000
-0.17508 0.20063 0.09871 -0.4951 0.2502 0.8321 0.70032 -4.94250
-0.18536 0.18750 0.09286 -0.7058 0.0628 0.7057 0.74142 -4.89000
-0.18415 0.20036 0.09168 -0.6861 0.2410 0.6865 0.73660 -4.94143
-0.16320 0.21259 0.09868 -0.2511 0.4950 0.8318 0.65280 -4.99038
-0.15000 0.21250 0.10080 -0.0654 0.4987 0.8643 0.60000 -4.99002
-0.17383 0.21132 0.09445 -0.4637 0.4635 0.7551 0.69531 -4.98527
-0.18147 0.21027 0.08898 -0.6352 0.4392 0.6354 0.72590 -4.98108
-0.16286 0.22168 0.09165 -0.2410 0.6865 0.6861 0.65143 -5.02673
-0.15000 0.22286 0.09286 -0.0628 0.7057 0.7058 0.60000 -5.03142
-0.17277 0.21898 0.08897 -0.4392 0.6354 0.6352 0.69108 -5.01591
-0.17887 0.21637 0.08637 -0.5773 0.5774 0.5774 0.71547 -5.00547
-0.20000 0.18750 0.05750 -0.9955 0.0669 0.0669 0.63227 -4.89000
-0.19830 0.20044 0.05750 -0.9634 0.2592 0.0678 0.63227 -4.94174
-0.19627 0.20095 0.07084 -0.9283 0.2634 0.2623 0.57889 -4.94381
-0.19830 0.18750 0.07044 -0.9633 0.0681 0.2594 0.58052 -4.89000
-0.19330 0.21250 0.05750 -0.8642 0.4989 0.0648 0.63227 -4.99002
-0.19121 0.21258 0.07063 -0.8321 0.4951 0.2502 0.57976 -4.99032
-0.18536 0.22286 0.05750 -0.7056 0.7058 0.0628 0.63227 -5.03142
-0.18418 0.22165 0.07036 -0.6865 0.6861 0.2410 0.58084 -5.02660
-0.19118 0.20070 0.08259 -0.8318 0.2511 0.4950 0.53189 -4.94280
-0.19330 0.18750 0.08250 -0.8643 0.0654 0.4987 0.53225 -4.89000
-0.18695 0.21133 0.08132 -0.7551 0.4637 0.4635 0.53700 -4.98531
-0.18148 0.21897 0.08027 -0.6354 0.6352 0.4392 0.54119 -5.01590
-0.18415 0.20036 0.09168 -0.6861 0.2410 0.6865 0.49554 -4.94143
-0.18536 0.18750 0.09286 -0.7058 0.0628 0.7057 0.49085 -4.89000
-0.18147 0.21027 0.08898 -0.6352 0.4392 0.6354 0.50635 -4.98108
-0.17887 0.21637 0.08637 -0.5773 0.5774 0.5774 0.51680 -5.00547
-0.15000 -0.23750 -0.05750 -0.0669 -0.9955 -0.0669 0.60000 -0.09227
-0.15000 -0.23580 -0.07044 -0.0678 -0.9634 -0.2592 0.60000 -0.14401
-0.16334 -0.23377 -0.07095 -0.2623 -0.9283 -0.2634 0.65337 -0.14608
-0.16294 -0.23580 -0.05750 -0.2594 -0.9634 -0.0681 0.65175 -0.09227
-0.15000 -0.23080 -0.08250 -0.0648 -0.8642 -0.4989 0.60000 -0.19228
-0.16313 -0.22871 -0.08258 -0.2502 -0.8321 -0.4951 0.65250 -0.19259
-0.15000 -0.22286 -0.09286 -0.0628 -0.7057 -0.7058 0.60000 -0.23369
-0.16286 -0.22168 -0.09165 -0.2410 -0.6865 -0.6861 0.65143 -0.22887
-0.17509 -0.22868 -0.07070 -0.4950 -0.8318 -0.2511 0.70038 -0.14507
-0.17500 -0.23080 -0.05750 -0.4987 -0.8643 -0.0654 0.70002 -0.09227
-0.17382 -0.22445 -0.08133 -0.4635 -0.7551 -0.4637 0.69527 -0.18758
-0.17277 -0.21898 -0.08897 -0.4392 -0.6354 -0.6352 0.69108 -0.21817
-0.18418 -0.22165 -0.07036 -0.6865 -0.6861 -0.2410 0.73673 -0.14370
-0.18536 -0.22286 -0.05750 -0.7056 -0.7058 -0.0628 0.74142 -0.09227
-0.18148 -0.21898 -0.08027 -0.6354 -0.6352 -0.4392 0.72591 -0.18334
-0.17887 -0.21637 -0.08637 -0.5773 -0.5774 -0.5774 0.71547 -0.20774
-0.15000 -0.18750 -0.10750 -0.0669 -0.0669 -0.9955 0.60000 -3.39000
-0.16294 -0.18750 -0.10580 -0.2592 -0.0678 -0.9634 0.65175 -3.39000
-0.16345 -0.20084 -0.10377 -0.2634 -0.2623 -0.9283 0.65381 -3.33663
-0.15000 -0.20044 -0.10580 -0.0681 -0.2594 -0.9634 0.60000 -3.33825
-0.17500 -0.18750 -0.10080 -0.4989 -0.0648 -0.8642 0.70002 -3.39000
-0.17508 -0.20063 -0.09871 -0.4951 -0.2502 -0.8321 0.70032 -3.33750
-0.18536 -0.18750 -0.09286 -0.7058 -0.0628 -0.7056 0.74142 -3.39000
-0.18415 -0.20036 -0.09168 -0.6861 -0.2410 -0.6865 0.73660 -3.33857
-0.16320 -0.21259 -0.09868 -0.2511 -0.4950 -0.8318 0.65280 -3.28962
-0.15000 -0.21250 -0.10080 -0.0654 -0.4987 -0.8643 0.60000 -3.28998
-0.17383 -0.21132 -0.09445 -0.4637 -0.4635 -0.7551 0.69531 -3.29473
-0.18147 -0.21027 -0.08898 -0.6352 -0.4392 -0.6354 0.72590 -3.29892
-0.16286 -0.22168 -0.09165 -0.2410 -0.6865 -0.6861 0.65143 -3.25327
-0.15000 -0.22286 -0.09286 -0.0628 -0.7057 -0.7058 0.60000 -3.24858
-0.17277 -0.21898 -0.08897 -0.4392 -0.6354 -0.6352 0.69108 -3.26409
-0.17887 -0.21637 -0.08637 -0.5773 -0.5774 -0.5774 0.71547 -3.27453
-0.20000 -0.18750 -0.05750 -0.9955 -0.0669 -0.0669 1.09227 -3.39000
-0.19830 -0.20044 -0.05750 -0.9634 -0.2592 -0.0678 1.09227 -3.33825
-0.19627 -0.20095 -0.07084 -0.9283 -0.2634 -0.2623 1.14564 -3.33619
-0.19830 -0.18750 -0.07044 -0.9634 -0.0681 -0.2594 1.14401 -3.39000
-0.19330 -0.21250 -0.05750 -0.8642 -0.4989 -0.0648 1.09227 -3.28998
-0.19121 -0.21258 -0.07063 -0.8321 -0.4951 -0.2502 1.14477 -3.28968
-0.18536 -0.22286 -0.05750 -0.7056 -0.7058 -0.0628 1.09227 -3.24858
-0.18418 -0.22165 -0.07036 -0.6865 -0.6861 -0.2410 1.14370 -3.25340
-0.19118 -0.20070 -0.08259 -0.8318 -0.2511 -0.4950 1.19264 -3.33719
-0.19330 -0.18750 -0.08250 -0.8643 -0.0654 -0.4987 1.19228 -3.39000
-0.18695 -0.21133 -0.08132 -0.7551 -0.4637 -0.4635 1.18753 -3.29469
-0.18148 -0.21898 -0.08027 -0.6354 -0.6352 -0.4392 1.18334 -3.26410
-0.18415 -0.20036 -0.09168 -0.6861 -0.2410 -0.6865 1.22900 -3.33857
-0.18536 -0.18750 -0.09286 -0.7058 -0.0628 -0.7056 1.23369 -3.39000
-0.18147 -0.21027 -0.08898 -0.6352 -0.4392 -0.6354 1.21818 -3.29892
-0.17887 -0.21637 -0.08637 -0.5773 -0.5774 -0.5774 1.20774 -3.27453
-0.15000 0.23750 -0.05750 -0.0669 0.9955 -0.0669 0.60000 -0.09227
-0.16294 0.23580 -0.05750 -0.2592 0.9634 -0.0678 0.65175 -0.09227
-0.16345 0.23377 -0.07084 -0.2634 0.9283 -0.2623 0.65381 -0.14564
-0.15000 0.23580 -0.07044 -0.0681 0.9633 -0.2595 0.60000 -0.14401
-0.17500 0.23080 -0.05750 -0.4989 0.8642 -0.0648 0.70002 -0.09227
-0.17508 0.22871 -0.07063 -0.4951 0.8321 -0.2502 0.70032 -0.14477
-0.18536 0.22286 -0.05750 -0.7058 0.7056 -0.0628 0.74142 -0.09227
-0.18415 0.22168 -0.07036 -0.6861 0.6865 -0.2410 0.73660 -0.14370
-0.16320 0.22868 -0.08259 -0.2511 0.8318 -0.4950 0.65280 -0.19264
-0.15000 0.23080 -0.08250 -0.0654 0.8643 -0.4987 0.60000 -0.19228
-0.17383 0.22445 -0.08132 -0.4637 0.7551 -0.4635 0.69531 -0.18753
-0.18147 0.21898 -0.08027 -0.6352 0.6354 -0.4392 0.72590 -0.18334
-0.16286 0.22165 -0.09168 -0.2410 0.6861 -0.6865 0.65143 -0.22900
-0.15000 0.22286 -0.09286 -0.0628 0.7058 -0.7056 0.60000 -0.23369
-0.17277 0.21897 -0.08898 -0.4392 0.6352 -0.6354 0.69108 -0.21818
-0.17887 0.21637 -0.08637 -0.5773 0.5774 -0.5774 0.71547 -0.20774
-0.20000 0.18750 -0.05750 -0.9955 0.0669 -0.0669 1.09227 -4.89000
-0.19830 0.18750 -0.07044 -0.9634 0.0678 -0.2592 1.14401 -4.89000
-0.19627 0.20084 -0.07095 -0.9283 0.2623 -0.2634 1.14608 -4.94337
-0.19830 0.20044 -0.05750 -0.9633 0.2594 -0.0681 1.09227 -4.94174
-0.19330 0.18750 -0.08250 -0.8642 0.0648 -0.4989 1.19228 -4.89000
-0.19121 0.20063 -0.08258 -0.8321 0.2502 -0.4951 1.19259 -4.94250
-0.18536 0.18750 -0.09286 -0.7056 0.0628 -0.7058 1.23369 -4.89000
-0.18418 0.20036 -0.09165 -0.6865 0.2410 -0.6861 1.22887 -4.94143
-0.19118 0.21259 -0.07070 -0.8318 0.4950 -0.2511 1.14507 -4.99038
-0.19330 0.21250 -0.05750 -0.8643 0.4987 -0.0654 1.09227 -4.99002
-0.18695 0.21132 -0.08133 -0.7551 0.4635 -0.4637 1.18758 -4.98527
-0.18148 0.21027 -0.08897 -0.6354 0.4392 -0.6352 1.21817 -4.98108
-0.18415 0.22168 -0.07036 -0.6861 0.6865 -0.2410 1.14370 -5.02673
-0.18536 0.22286 -0.05750 -0.7058 0.7056 -0.0628 1.09227 -5.03142
-0.18147 0.21898 -0.08027 -0.6352 0.6354 -0.4392 1.18334 -5.01591
-0.17887 0.21637 -0.08637 -0.5773 0.5774 -0.5774 1.20774 -5.00547
-0.15000 0.18750 -0.10750 -0.0669 0.0669 -0.9955 0.60000 -4.89000
-0.15000 0.20044 -0.10580 -0.0678 0.2592 -0.9634 0.60000 -4.94174
-0.16334 0.20095 -0.10377 -0.2623 0.2634 -0.9283 0.65337 -4.94381
-0.16294 0.18750 -0.10580 -0.2594 0.0681 -0.9633 0.65175 -4.89000
-0.15000 0.21250 -0.10080 -0.0648 0.4989 -0.8642 0.60000 -4.99002
-0.16313 0.21258 -0.09871 -0.2502 0.4951 -0.8321 0.65250 -4.99032
-0.15000 0.22286 -0.09286 -0.0628 0.7058 -0.7056 0.60000 -5.03142
-0.16286 0.22165 -0.09168 -0.2410 0.6861 -0.6865 0.65143 -5.02660
-0.17509 0.20070 -0.09868 -0.4950 0.2511 -0.8318 0.70038 -4.94280
-0.17500 0.18750 -0.10080 -0.4987 0.0654 -0.8643 0.70002 -4.89000
-0.17382 0.21133 -0.09445 -0.4635 0.4637 -0.7551 0.69527 -4.98531
-0.17277 0.21897 -0.08898 -0.4392 0.6352 -0.6354 0.69108 -5.01590
-0.18418 0.20036 -0.09165 -0.6865 0.2410 -0.6861 0.73673 -4.94143
-0.18536 0.18750 -0.09286 -0.7056 0.0628 -0.7058 0.74142 -4.89000
-0.18148 0.21027 -0.08897 -0.6354 0.4392 -0.6352 0.72591 -4.98108
-0.17887 0.21637 -0.08637 -0.5773 0.5774 -0.5774 0.71547 -5.00547
0.16294 -0.15250 -0.10580 0.1900 0.6789 -0.7092 -0.65175 -3.53000
0.15000 -0.15250 -0.10750 0.0472 0.6927 -0.7197 -0.60000 -3.53000
0.16294 -0.01750 -0.10580 0.1900 -0.6789 -0.7092 -0.65175 -4.07000
0.15000 -0.01750 -0.10750 0.0472 -0.6927 -0.7197 -0.60000 -4.07000
0.17250 -0.01750 -0.10184 -0.3691 -0.7474 -0.5524 -0.69000 -4.07000
0.17250 -0.15250 -0.10184 -0.3691 0.7474 -0.5524 -0.69000 -3.53000
-0.17250 -0.01750 -0.10184 0.3691 -0.7474 -0.5524 0.69000 -4.07000
-0.16294 -0.01750 -0.10580 -0.1900 -0.6789 -0.7092 0.65175 -4.07000
-0.16294 -0.15250 -0.10580 -0.1900 0.6789 -0.7092 0.65175 -3.53000
-0.17250 -0.15250 -0.10184 0.3691 0.7474 -0.5524 0.69000 -3.53000
-0.15000 -0.15250 -0.10750 -0.0472 0.6927 -0.7197 0.60000 -3.53000
-0.15000 -0.01750 -0.10750 -0.0472 -0.6927 -0.7197 0.60000 -4.07000
0.17250 -0.01750 -0.10184 -0.3691 -0.7474 -0.5524 1.26961 -4.07000
0.17250 -0.01750 -0.07250 -0.5774 -0.5774 -0.5774 1.15227 -4.07000
0.17250 -0.15250 -0.07250 -0.5774 0.5774 -0.5774 1.15227 -3.53000
0.17250 -0.15250 -0.10184 -0.3691 0.7474 -0.5524 1.26961 -3.53000
-0.17250 -0.15250 -0.10184 0.3691 0.7474 -0.5524 1.26961 -3.53000
-0.17250 -0.15250 -0.07250 0.5774 0.5774 -0.5774 1.15227 -3.53000
-0.17250 -0.01750 -0.07250 0.5774 -0.5774 -0.5774 1.15227 -4.07000
-0.17250 -0.01750 -0.10184 0.3691 -0.7474 -0.5524 1.26961 -4.07000
-0.17250 -0.15250 -0.07250 0.5774 0.5774 -0.5774 0.69000 -3.53000
0.17250 -0.15250 -0.07250 -0.5774 0.5774 -0.5774 -0.69000 -3.53000
0.17250 -0.01750 -0.07250 -0.5774 -0.5774 -0.5774 -0.69000 -4.07000
-0.17250 -0.01750 -0.07250 0.5774 -0.5774 -0.5774 0.69000 -4.07000
0.16294 -0.15250 -0.10580 0.1900 0.6789 -0.7092 -0.65175 -0.28546
0.17250 -0.15250 -0.10184 -0.3691 0.7474 -0.5524 -0.69000 -0.26961
0.17250 -0.15250 -0.07250 -0.5774 0.5774 -0.5774 -0.69000 -0.15227
-0.17250 -0.15250 -0.07250 0.5774 0.5774 -0.5774 0.69000 -0.15227
-0.17250 -0.15250 -0.10184 0.3691 0.7474 -0.5524 0.69000 -0.26961
-0.16294 -0.15250 -0.10580 -0.1900 0.6789 -0.7092 0.65175 -0.28546
-0.15000 -0.15250 -0.10750 -0.0472 0.6927 -0.7197 0.60000 -0.29227
0.15000 -0.15250 -0.10750 0.0472 0.6927 -0.7197 -0.60000 -0.29227
-0.17250 -0.01750 -0.10184 0.3691 -0.7474 -0.5524 0.69000 -0.26961
-0.17250 -0.01750 -0.07250 0.5774 -0.5774 -0.5774 0.69000 -0.15227
0.17250 -0.01750 -0.07250 -0.5774 -0.5774 -0.5774 -0.69000 -0.15227
0.17250 -0.01750 -0.10184 -0.3691 -0.7474 -0.5524 -0.69000 -0.26961
0.16294 -0.01750 -0.10580 0.1900 -0.6789 -0.7092 -0.65175 -0.28546
0.15000 -0.01750 -0.10750 0.0472 -0.6927 -0.7197 -0.60000 -0.29227
-0.15000 -0.01750 -0.10750 -0.0472 -0.6927 -0.7197 0.60000 -0.29227
-0.16294 -0.01750 -0.10580 -0.1900 -0.6789 -0.7092 0.65175 -0.28546
0 2 1
0 3 2
1 5 4
1 2 5
4 7 6
4 5 7
3 8 2
3 9 8
2 10 5
2 8 10
5 11 7
5 10 11
9 12 8
9 13 12
8 14 10
8 12 14
10 15 11
10 14 15
16 18 17
16 19 18
17 21 20
17 18 21
20 23 22
20 21 23
19 24 18
19 25 24
18 26 21
18 24 26
21 27 23
21 26 27
25 28 24
25 29 28
24 30 26
24 28 30
26 31 27
26 30 31
32 34 33
32 35 34
33 37 36
33 34 37
36 39 38
36 37 39
35 40 34
35 41 40
34 42 37
34 40 42
37 43 39
37 42 43
41 44 40
41 45 44
40 46 42
40 44 46
42 47 43
42 46 47
48 50 49
48 51 50
49 53 52
49 50 53
52 55 54
52 53 55
51 56 50
51 57 56
50 58 53
50 56 58
53 59 55
53 58 59
57 60 56
57 61 60
56 62 58
56 60 62
58 63 59
58 62 63
64 66 65
64 67 66
65 69 68
65 66 69
68 71 70
68 69 71
67 72 66
67 73 72
66 74 69
66 72 74
69 75 71
69 74 75
73 76 72
73 77 76
72 78 74
72 76 78
74 79 75
74 78 79
80 82 81
80 83 82
81 85 84
81 82 85
84 87 86
84 85 87
83 88 82
83 89 88
82 90 85
82 88 90
85 91 87
85 90 91
89 92 88
89 93 92
88 94 90
88 92 94
90 95 91
90 94 95
96 98 97
96 99 98
97 101 100
97 98 101
100 103 102
100 101 103
99 104 98
99 105 104
98 106 101
98 104 106
101 107 103
101 106 107
105 108 104
105 109 108
104 110 106
104 108 110
106 111 107
106 110 111
112 114 113
112 115 114
113 117 116
113 114 117
116 119 118
116 117 119
115 120 114
115 121 120
114 122 117
114 120 122
117 123 119
117 122 123
121 124 120
121 125 124
120 126 122
120 124 126
122 127 123
122 126 127
128 130 129
128 131 130
129 133 132
129 130 133
132 135 134
132 133 135
131 136 130
131 137 136
130 138 133
130 136 138
133 139 135
133 138 139
137 140 136
137 141 140
136 142 138
136 140 142
138 143 139
138 142 143
144 146 145
144 147 146
145 149 148
145 146 149
148 151 150
148 149 151
147 152 146
147 153 152
146 154 149
146 152 154
149 155 151
149 154 155
153 156 152
153 157 156
152 158 154
152 156 158
154 159 155
154 158 159
160 162 161
160 163 162
161 165 164
161 162 165
164 167 166
164 165 167
163 168 162
163 169 168
162 170 165
162 168 170
165 171 167
165 170 171
169 172 168
169 173 172
168 174 170
168 172 174
170 175 171
170 174 175
176 178 177
176 179 178
177 181 180
177 178 181
180 183 182
180 181 183
179 184 178
179 185 184
178 186 181
178 184 186
181 187 183
181 186 187
185 188 184
185 189 188
184 190 186
184 188 190
186 191 187
186 190 191
192 194 193
192 195 194
193 197 196
193 194 197
196 199 198
196 197 199
195 200 194
195 201 200
194 202 197
194 200 202
197 203 199
197 202 203
201 204 200
201 205 204
200 206 202
200 204 206
202 207 203
202 206 207
208 210 209
208 211 210
209 213 212
209 210 213
212 215 214
212 213 215
211 216 210
211 217 216
210 218 213
210 216 218
213 219 215
213 218 219
217 220 216
217 221 220
216 222 218
216 220 222
218 223 219
218 222 223
224 226 225
224 227 226
225 229 228
225 226 229
228 231 230
228 229 231
227 232 226
227 233 232
226 234 229
226 232 234
229 235 231
229 234 235
233 236 232
233 237 236
232 238 234
232 236 238
234 239 235
234 238 239
240 242 241
240 243 242
241 245 244
241 242 245
244 247 246
244 245 247
243 248 242
243 249 248
242 250 245
242 248 250
245 251 247
245 250 251
249 252 248
249 253 252
248 254 250
248 252 254
250 255 251
250 254 255
256 258 257
256 259 258
257 261 260
257 258 261
260 263 262
260 261 263
259 264 258
259 265 264
258 266 261
258 264 266
261 267 263
261 266 267
265 268 264
265 269 268
264 270 266
264 268 270
266 271 267
266 270 271
272 274 273
272 275 274
273 277 276
273 274 277
276 279 278
276 277 279
275 280 274
275 281 280
274 282 277
274 280 282
277 283 279
277 282 283
281 284 280
281 285 284
280 286 282
280 284 286
282 287 283
282 286 287
288 290 289
288 291 290
289 293 292
289 290 293
292 295 294
292 293 295
291 296 290
291 297 296
290 298 293
290 296 298
293 299 295
293 298 299
297 300 296
297 301 300
296 302 298
296 300 302
298 303 299
298 302 303
304 306 305
304 307 306
305 309 308
305 306 309
308 311 310
308 309 311
307 312 306
307 313 312
306 314 309
306 312 314
309 315 311
309 314 315
313 316 312
313 317 316
312 318 314
312 316 318
314 319 315
314 318 319
320 322 321
320 323 322
321 325 324
321 322 325
324 327 326
324 325 327
323 328 322
323 329 328
322 330 325
322 328 330
325 331 327
325 330 331
329 332 328
329 333 332
328 334 330
328 332 334
330 335 331
330 334 335
336 338 337
336 339 338
337 341 340
337 338 341
340 343 342
340 341 343
339 344 338
339 345 344
338 346 341
338 344 346
341 347 343
341 346 347
345 348 344
345 349 348
344 350 346
344 348 350
346 351 347
346 350 351
352 354 353
352 355 354
353 357 356
353 354 357
356 359 358
356 357 359
355 360 354
355 361 360
354 362 357
354 360 362
357 363 359
357 362 363
361 364 360
361 365 364
360 366 362
360 364 366
362 367 363
362 366 367
368 370 369
368 371 370
369 373 372
369 370 373
372 375 374
372 373 375
371 376 370
371 377 376
370 378 373
370 376 378
373 379 375
373 378 379
377 380 376
377 381 380
376 382 378
376 380 382
378 383 379
378 382 383
96 3 0
96 97 3
97 9 3
97 100 9
100 13 9
100 102 13
125 36 38
125 121 36
121 33 36
121 115 33
115 32 33
115 112 32
16 51 48
16 17 51
17 57 51
17 20 57
20 61 57
20 22 61
45 84 86
45 41 84
41 81 84
41 35 81
35 80 81
35 32 80
64 147 144
64 65 147
65 153 147
65 68 153
68 157 153
68 70 157
93 180 182
93 89 180
89 177 180
89 83 177
83 176 177
83 80 176
128 384 131
128 385 384
386 160 161
386 387 160
384 137 131
164 386 161
164 388 386
389 137 384
164 389 388
137 389 164
164 141 137
164 166 141
189 116 118
189 185 116
185 113 116
185 179 113
179 112 113
179 176 112
288 99 96
288 289 99
289 105 99
289 292 105
292 109 105
292 294 109
317 132 134
317 313 132
313 129 132
313 307 129
307 128 129
307 304 128
144 339 336
144 145 339
145 345 339
145 148 345
148 349 345
148 150 349
173 372 374
173 169 372
169 369 372
169 163 369
163 368 369
163 160 368
352 323 320
352 353 323
353 329 323
353 356 329
356 333 329
356 358 333
381 308 310
381 377 308
390 371 391
308 392 305
308 393 392
390 377 371
308 390 393
377 390 308
305 394 304
305 392 394
395 371 368
395 391 371
192 291 288
192 193 291
193 297 291
193 196 297
196 301 297
196 198 301
221 324 326
221 217 324
217 321 324
217 211 321
211 320 321
211 208 320
336 243 240
336 337 243
337 249 243
337 340 249
340 253 249
340 342 253
365 276 278
365 361 276
361 273 276
361 355 273
355 272 273
355 352 272
256 227 224
256 257 227
257 233 227
257 260 233
260 237 233
260 262 237
285 212 214
285 281 212
281 209 212
281 275 209
275 208 209
275 272 208
0 195 192
0 1 195
1 201 195
1 4 201
4 205 201
4 6 205
29 228 230
29 25 228
25 225 228
25 19 225
19 224 225
19 16 224
240 67 64
240 241 67
241 73 67
241 244 73
244 77 73
244 246 77
269 52 54
269 265 52
265 49 52
265 259 49
259 48 49
259 256 48
96 192 288
96 0 192
32 176 80
32 112 176
224 48 256
224 16 48
336 64 144
336 240 64
387 368 160
387 395 368
304 385 128
304 394 385
320 272 352
320 208 272
396 398 397
396 399 398
400 402 401
400 403 402
404 406 405
404 407 406
408 410 409
410 412 411
412 414 413
414 408 415
408 412 410
412 408 414
416 418 417
418 420 419
420 422 421
422 416 423
416 420 418
420 416 422
LABEL JetShell_JetRed
MATERIAL 26
TEXTURE 0
GEOM 72 36
0.20050 0.08650 0.05750 -0.5774 -0.5774 0.5774 -0.80200 -4.48600
0.20050 0.08950 0.05750 -0.5774 0.5774 0.5774 -0.80200 -4.49800
0.20250 0.08950 0.05750 0.5774 0.5774 0.5774 -0.81000 -4.49800
0.20250 0.08650 0.05750 0.5774 -0.5774 0.5774 -0.81000 -4.48600
0.20250 0.08650 -0.05750 0.5774 -0.5774 -0.5774 -0.81000 -4.48600
0.20250 0.08950 -0.05750 0.5774 0.5774 -0.5774 -0.81000 -4.49800
0.20050 0.08950 -0.05750 -0.5774 0.5774 -0.5774 -0.80200 -4.49800
0.20050 0.08650 -0.05750 -0.5774 -0.5774 -0.5774 -0.80200 -4.48600
0.20050 0.08650 0.05750 -0.5774 -0.5774 0.5774 0.63227 -4.48600
0.20050 0.08650 -0.05750 -0.5774 -0.5774 -0.5774 1.09227 -4.48600
0.20050 0.08950 -0.05750 -0.5774 0.5774 -0.5774 1.09227 -4.49800
0.20050 0.08950 0.05750 -0.5774 0.5774 0.5774 0.63227 -4.49800
0.20050 0.08950 0.05750 -0.5774 0.5774 0.5774 -0.80200 0.36773
0.20050 0.08950 -0.05750 -0.5774 0.5774 -0.5774 -0.80200 -0.09227
0.20250 0.08950 -0.05750 0.5774 0.5774 -0.5774 -0.81000 -0.09227
0.20250 0.08950 0.05750 0.5774 0.5774 0.5774 -0.81000 0.36773
0.20250 0.08950 0.05750 0.5774 0.5774 0.5774 0.63227 -4.49800
0.20250 0.08950 -0.05750 0.5774 0.5774 -0.5774 1.09227 -4.49800
0.20250 0.08650 -0.05750 0.5774 -0.5774 -0.5774 1.09227 -4.48600
0.20250 0.08650 0.05750 0.5774 -0.5774 0.5774 0.63227 -4.48600
0.20250 0.08650 0.05750 0.5774 -0.5774 0.5774 -0.81000 0.36773
0.20250 0.08650 -0.05750 0.5774 -0.5774 -0.5774 -0.81000 -0.09227
0.20050 0.08650 -0.05750 -0.5774 -0.5774 -0.5774 -0.80200 -0.09227
0.20050 0.08650 0.05750 -0.5774 -0.5774 0.5774 -0.80200 0.36773
-0.20050 0.08950 0.05750 0.5774 0.5774 0.5774 0.80200 -4.49800
-0.20050 0.08650 0.05750 0.5774 -0.5774 0.5774 0.80200 -4.48600
-0.20250 0.08650 0.05750 -0.5774 -0.5774 0.5774 0.81000 -4.48600
-0.20250 0.08950 0.05750 -0.5774 0.5774 0.5774 0.81000 -4.49800
-0.20250 0.08950 -0.05750 -0.5774 0.5774 -0.5774 0.81000 -4.49800
-0.20250 0.08650 -0.05750 -0.5774 -0.5774 -0.5774 0.81000 -4.48600
-0.20050 0.08650 -0.05750 0.5774 -0.5774 -0.5774 0.80200 -4.48600
-0.20050 0.08950 -0.05750 0.5774 0.5774 -0.5774 0.80200 -4.49800
-0.20050 0.08950 0.05750 0.5774 0.5774 0.5774 0.63227 -4.49800
-0.20050 0.08950 -0.05750 0.5774 0.5774 -0.5774 1.09227 -4.49800
-0.20050 0.08650 -0.05750 0.5774 -0.5774 -0.5774 1.09227 -4.48600
-0.20050 0.08650 0.05750 0.5774 -0.5774 0.5774 0.63227 -4.48600
-0.20050 0.08650 0.05750 0.5774 -0.5774 0.5774 0.80200 0.36773
-0.20050 0.08650 -0.05750 0.5774 -0.5774 -0.5774 0.80200 -0.09227
-0.20250 0.08650 -0.05750 -0.5774 -0.5774 -0.5774 0.81000 -0.09227
-0.20250 0.08650 0.05750 -0.5774 -0.5774 0.5774 0.81000 0.36773
-0.20250 0.08650 0.05750 -0.5774 -0.5774 0.5774 0.63227 -4.48600
-0.20250 0.08650 -0.05750 -0.5774 -0.5774 -0.5774 1.09227 -4.48600
-0.20250 0.08950 -0.05750 -0.5774 0.5774 -0.5774 1.09227 -4.49800
-0.20250 0.08950 0.05750 -0.5774 0.5774 0.5774 0.63227 -4.49800
-0.20250 0.08950 0.05750 -0.5774 0.5774 0.5774 0.81000 0.36773
-0.20250 0.08950 -0.05750 -0.5774 0.5774 -0.5774 0.81000 -0.09227
-0.20050 0.08950 -0.05750 0.5774 0.5774 -0.5774 0.80200 -0.09227
-0.20050 0.08950 0.05750 0.5774 0.5774 0.5774 0.80200 0.36773
0.15000 0.08650 -0.10800 0.5774 -0.5774 0.5774 1.29427 -4.48600
0.15000 0.08950 -0.10800 0.5774 0.5774 0.5774 1.29427 -4.49800
0.15000 0.08950 -0.11000 0.5774 0.5774 -0.5774 1.30227 -4.49800
0.15000 0.08650 -0.11000 0.5774 -0.5774 -0.5774 1.30227 -4.48600
-0.15000 0.08650 -0.11000 -0.5774 -0.5774 -0.5774 1.30227 -4.48600
-0.15000 0.08950 -0.11000 -0.5774 0.5774 -0.5774 1.30227 -4.49800
-0.15000 0.08950 -0.10800 -0.5774 0.5774 0.5774 1.29427 -4.49800
-0.15000 0.08650 -0.10800 -0.5774 -0.5774 0.5774 1.29427 -4.48600
0.15000 0.08650 -0.10800 0.5774 -0.5774 0.5774 -0.60000 -4.48600
-0.15000 0.08650 -0.10800 -0.5774 -0.5774 0.5774 0.60000 -4.48600
-0.15000 0.08950 -0.10800 -0.5774 0.5774 0.5774 0.60000 -4.49800
0.15000 0.08950 -0.10800 0.5774 0.5774 0.5774 -0.60000 -4.49800
0.15000 0.08950 -0.10800 0.5774 0.5774 0.5774 -0.60000 -0.29427
-0.15000 0.08950 -0.10800 -0.5774 0.5774 0.5774 0.60000 -0.29427
-0.15000 0.08950 -0.11000 -0.5774 0.5774 -0.5774 0.60000 -0.30227
0.15000 0.08950 -0.11000 0.5774 0.5774 -0.5774 -0.60000 -0.30227
0.15000 0.08950 -0.11000 0.5774 0.5774 -0.5774 -0.60000 -4.49800
-0.15000 0.08950 -0.11000 -0.5774 0.5774 -0.5774 0.60000 -4.49800
-0.15000 0.08650 -0.11000 -0.5774 -0.5774 -0.5774 0.60000 -4.48600
0.15000 0.08650 -0.11000 0.5774 -0.5774 -0.5774 -0.60000 -4.48600
0.15000 0.08650 -0.11000 0.5774 -0.5774 -0.5774 -0.60000 -0.30227
-0.15000 0.08650 -0.11000 -0.5774 -0.5774 -0.5774 0.60000 -0.30227
-0.15000 0.08650 -0.10800 -0.5774 -0.5774 0.5774 0.60000 -0.29427
0.15000 0.08650 -0.10800 0.5774 -0.5774 0.5774 -0.60000 -0.29427
0 2 1
0 3 2
4 6 5
4 7 6
8 10 9
8 11 10
12 14 13
12 15 14
16 18 17
16 19 18
20 22 21
20 23 22
24 26 25
24 27 26
28 30 29
28 31 30
32 34 33
32 35 34
36 38 37
36 39 38
40 42 41
40 43 42
44 46 45
44 47 46
48 50 49
48 51 50
52 54 53
52 55 54
56 58 57
56 59 58
60 62 61
60 63 62
64 66 65
64 67 66
68 70 69
68 71 70
LABEL JetVessel_JetShell
MATERIAL 27
TEXTURE 1
GEOM 1348 2076
0.09000 -0.08500 -0.00250 0.6899 0.0000 0.7239 -0.36000 -3.80000
0.09000 -0.09439 -0.00324 0.6899 -0.1132 0.7150 -0.36000 -3.76246
-0.09000 -0.09439 -0.00324 -0.6899 -0.1132 0.7150 0.36000 -3.76246
-0.09000 -0.08500 -0.00250 -0.6899 0.0000 0.7239 0.36000 -3.80000
0.09000 -0.10354 -0.00544 0.6899 -0.2237 0.6885 -0.36000 -3.72584
-0.09000 -0.10354 -0.00544 -0.6899 -0.2237 0.6885 0.36000 -3.72584
0.09000 -0.11224 -0.00904 0.6899 -0.3287 0.6450 -0.36000 -3.69104
-0.09000 -0.11224 -0.00904 -0.6899 -0.3287 0.6450 0.36000 -3.69104
0.09000 -0.12027 -0.01396 0.6899 -0.4255 0.5857 -0.36000 -3.65893
-0.09000 -0.12027 -0.01396 -0.6899 -0.4255 0.5857 0.36000 -3.65893
0.09000 -0.12743 -0.02007 0.6899 -0.5119 0.5119 -0.36000 -3.63029
-0.09000 -0.12743 -0.02007 -0.6899 -0.5119 0.5119 0.36000 -3.63029
0.09000 -0.12743 -0.02007 0.6899 -0.5119 0.5119 -0.36000 0.05744
0.09000 -0.13354 -0.02723 0.6899 -0.5857 0.4255 -0.36000 0.02880
-0.09000 -0.13354 -0.02723 -0.6899 -0.5857 0.4255 0.36000 0.02880
-0.09000 -0.12743 -0.02007 -0.6899 -0.5119 0.5119 0.36000 0.05744
0.09000 -0.13846 -0.03526 0.6899 -0.6450 0.3287 -0.36000 -0.00331
-0.09000 -0.13846 -0.03526 -0.6899 -0.6450 0.3287 0.36000 -0.00331
0.09000 -0.14206 -0.04396 0.6899 -0.6885 0.2237 -0.36000 -0.03810
-0.09000 -0.14206 -0.04396 -0.6899 -0.6885 0.2237 0.36000 -0.03810
0.09000 -0.14426 -0.05311 0.6899 -0.7150 0.1132 -0.36000 -0.07472
-0.09000 -0.14426 -0.05311 -0.6899 -0.7150 0.1132 0.36000 -0.07472
0.09000 -0.14500 -0.06250 0.6899 -0.7239 -0.0000 -0.36000 -0.11227
-0.09000 -0.14500 -0.06250 -0.6899 -0.7239 0.0000 0.36000 -0.11227
0.09000 -0.14426 -0.07189 0.6899 -0.7150 -0.1132 -0.36000 -0.14981
-0.09000 -0.14426 -0.07189 -0.6899 -0.7150 -0.1132 0.36000 -0.14981
0.09000 -0.14206 -0.08104 0.6899 -0.6885 -0.2237 -0.36000 -0.18643
-0.09000 -0.14206 -0.08104 -0.6899 -0.6885 -0.2237 0.36000 -0.18643
0.09000 -0.13846 -0.08974 0.6899 -0.6450 -0.3287 -0.36000 -0.22122
-0.09000 -0.13846 -0.08974 -0.6899 -0.6450 -0.3287 0.36000 -0.22122
0.09000 -0.13354 -0.09777 0.6899 -0.5857 -0.4255 -0.36000 -0.25334
-0.09000 -0.13354 -0.09777 -0.6899 -0.5857 -0.4255 0.36000 -0.25334
0.09000 -0.12743 -0.10493 0.6899 -0.5119 -0.5119 -0.36000 -0.28197
-0.09000 -0.12743 -0.10493 -0.6899 -0.5119 -0.5119 0.36000 -0.28197
0.09000 -0.12743 -0.10493 0.6899 -0.5119 -0.5119 -0.36000 -3.63029
0.09000 -0.12027 -0.11104 0.6899 -0.4255 -0.5857 -0.36000 -3.65893
-0.09000 -0.12027 -0.11104 -0.6899 -0.4255 -0.5857 0.36000 -3.65893
-0.09000 -0.12743 -0.10493 -0.6899 -0.5119 -0.5119 0.36000 -3.63029
0.09000 -0.11224 -0.11596 0.6899 -0.3287 -0.6450 -0.36000 -3.69104
-0.09000 -0.11224 -0.11596 -0.6899 -0.3287 -0.6450 0.36000 -3.69104
0.09000 -0.10354 -0.11956 0.6899 -0.2237 -0.6885 -0.36000 -3.72584
-0.09000 -0.10354 -0.11956 -0.6899 -0.2237 -0.6885 0.36000 -3.72584
0.09000 -0.09439 -0.12176 0.6899 -0.1132 -0.7150 -0.36000 -3.76246
-0.09000 -0.09439 -0.12176 -0.6899 -0.1132 -0.7150 0.36000 -3.76246
0.09000 -0.08500 -0.12250 0.6899 0.0000 -0.7239 -0.36000 -3.80000
-0.09000 -0.08500 -0.12250 -0.6899 0.0000 -0.7239 0.36000 -3.80000
0.09000 -0.07561 -0.12176 0.6899 0.1132 -0.7150 -0.36000 -3.83754
-0.09000 -0.07561 -0.12176 -0.6899 0.1132 -0.7150 0.36000 -3.83754
0.09000 -0.06646 -0.11956 0.6899 0.2237 -0.6885 -0.36000 -3.87416
-0.09000 -0.06646 -0.11956 -0.6899 0.2237 -0.6885 0.36000 -3.87416
0.09000 -0.05776 -0.11596 0.6899 0.3287 -0.6450 -0.36000 -3.90896
-0.09000 -0.05776 -0.11596 -0.6899 0.3287 -0.6450 0.36000 -3.90896
0.09000 -0.04973 -0.11104 0.6899 0.4255 -0.5857 -0.36000 -3.94107
-0.09000 -0.04973 -0.11104 -0.6899 0.4255 -0.5857 0.36000 -3.94107
0.09000 -0.04257 -0.10493 0.6899 0.5119 -0.5119 -0.36000 -3.96971
-0.09000 -0.04257 -0.10493 -0.6899 0.5119 -0.5119 0.36000 -3.96971
0.09000 -0.04257 -0.10493 0.6899 0.5119 -0.5119 -0.36000 -0.28197
0.09000 -0.03646 -0.09777 0.6899 0.5857 -0.4255 -0.36000 -0.25334
-0.09000 -0.03646 -0.09777 -0.6899 0.5857 -0.4255 0.36000 -0.25334
-0.09000 -0.04257 -0.10493 -0.6899 0.5119 -0.5119 0.36000 -0.28197
0.09000 -0.03154 -0.08974 0.6899 0.6450 -0.3287 -0.36000 -0.22122
-0.09000 -0.03154 -0.08974 -0.6899 0.6450 -0.3287 0.36000 -0.22122
0.09000 -0.02794 -0.08104 0.6899 0.6885 -0.2237 -0.36000 -0.18643
-0.09000 -0.02794 -0.08104 -0.6899 0.6885 -0.2237 0.36000 -0.18643
0.09000 -0.02574 -0.07189 0.6899 0.7150 -0.1132 -0.36000 -0.14981
-0.09000 -0.02574 -0.07189 -0.6899 0.7150 -0.1132 0.36000 -0.14981
0.09000 -0.02500 -0.06250 0.6899 0.7239 -0.0000 -0.36000 -0.11227
-0.09000 -0.02500 -0.06250 -0.6899 0.7239 0.0000 0.36000 -0.11227
0.09000 -0.02574 -0.05311 0.6899 0.7150 0.1132 -0.36000 -0.07472
-0.09000 -0.02574 -0.05311 -0.6899 0.7150 0.1132 0.36000 -0.07472
0.09000 -0.02794 -0.04396 0.6899 0.6885 0.2237 -0.36000 -0.03810
-0.09000 -0.02794 -0.04396 -0.6899 0.6885 0.2237 0.36000 -0.03810
0.09000 -0.03154 -0.03526 0.6899 0.6450 0.3287 -0.36000 -0.00331
-0.09000 -0.03154 -0.03526 -0.6899 0.6450 0.3287 0.36000 -0.00331
0.09000 -0.03646 -0.02723 0.6899 0.5857 0.4255 -0.36000 0.02880
-0.09000 -0.03646 -0.02723 -0.6899 0.5857 0.4255 0.36000 0.02880
0.09000 -0.04257 -0.02007 0.6899 0.5119 0.5119 -0.36000 0.05744
-0.09000 -0.04257 -0.02007 -0.6899 0.5119 0.5119 0.36000 0.05744
0.09000 -0.04257 -0.02007 0.6899 0.5119 0.5119 -0.36000 -3.96971
0.09000 -0.04973 -0.01396 0.6899 0.4255 0.5857 -0.36000 -3.94107
-0.09000 -0.04973 -0.01396 -0.6899 0.4255 0.5857 0.36000 -3.94107
-0.09000 -0.04257 -0.02007 -0.6899 0.5119 0.5119 0.36000 -3.96971
0.09000 -0.05776 -0.00904 0.6899 0.3287 0.6450 -0.36000 -3.90896
-0.09000 -0.05776 -0.00904 -0.6899 0.3287 0.6450 0.36000 -3.90896
0.09000 -0.06646 -0.00544 0.6899 0.2237 0.6885 -0.36000 -3.87416
-0.09000 -0.06646 -0.00544 -0.6899 0.2237 0.6885 0.36000 -3.87416
0.09000 -0.07561 -0.00324 0.6899 0.1132 0.7150 -0.36000 -3.83754
-0.09000 -0.07561 -0.00324 -0.6899 0.1132 0.7150 0.36000 -3.83754
0.09000 -0.08500 -0.00250 0.6899 0.0000 0.7239 0.87227 -3.80000
0.09000 -0.07561 -0.00324 0.6899 0.1132 0.7150 0.87522 -3.83754
0.09000 -0.06646 -0.00544 0.6899 0.2237 0.6885 0.88401 -3.87416
0.09000 -0.05776 -0.00904 0.6899 0.3287 0.6450 0.89843 -3.90896
0.09000 -0.04973 -0.01396 0.6899 0.4255 0.5857 0.91810 -3.94107
0.09000 -0.04257 -0.02007 0.6899 0.5119 0.5119 0.94256 -3.96971
0.09000 -0.03646 -0.02723 0.6899 0.5857 0.4255 0.97120 -3.99416
0.09000 -0.03154 -0.03526 0.6899 0.6450 0.3287 1.00331 -4.01384
0.09000 -0.02794 -0.04396 0.6899 0.6885 0.2237 1.03810 -4.02825
0.09000 -0.02574 -0.05311 0.6899 0.7150 0.1132 1.07472 -4.03705
0.09000 -0.02500 -0.06250 0.6899 0.7239 -0.0000 1.11227 -4.04000
0.09000 -0.02574 -0.07189 0.6899 0.7150 -0.1132 1.14981 -4.03705
0.09000 -0.02794 -0.08104 0.6899 0.6885 -0.2237 1.18643 -4.02825
0.09000 -0.03154 -0.08974 0.6899 0.6450 -0.3287 1.22122 -4.01384
0.09000 -0.03646 -0.09777 0.6899 0.5857 -0.4255 1.25334 -3.99416
0.09000 -0.04257 -0.10493 0.6899 0.5119 -0.5119 1.28197 -3.96971
0.09000 -0.04973 -0.11104 0.6899 0.4255 -0.5857 1.30643 -3.94107
0.09000 -0.05776 -0.11596 0.6899 0.3287 -0.6450 1.32611 -3.90896
0.09000 -0.06646 -0.11956 0.6899 0.2237 -0.6885 1.34052 -3.87416
0.09000 -0.07561 -0.12176 0.6899 0.1132 -0.7150 1.34931 -3.83754
0.09000 -0.08500 -0.12250 0.6899 0.0000 -0.7239 1.35227 -3.80000
0.09000 -0.09439 -0.12176 0.6899 -0.1132 -0.7150 1.34931 -3.76246
0.09000 -0.10354 -0.11956 0.6899 -0.2237 -0.6885 1.34052 -3.72584
0.09000 -0.11224 -0.11596 0.6899 -0.3287 -0.6450 1.32611 -3.69104
0.09000 -0.12027 -0.11104 0.6899 -0.4255 -0.5857 1.30643 -3.65893
0.09000 -0.12743 -0.10493 0.6899 -0.5119 -0.5119 1.28197 -3.63029
0.09000 -0.13354 -0.09777 0.6899 -0.5857 -0.4255 1.25334 -3.60584
0.09000 -0.13846 -0.08974 0.6899 -0.6450 -0.3287 1.22122 -3.58616
0.09000 -0.14206 -0.08104 0.6899 -0.6885 -0.2237 1.18643 -3.57175
0.09000 -0.14426 -0.07189 0.6899 -0.7150 -0.1132 1.14981 -3.56295
0.09000 -0.14500 -0.06250 0.6899 -0.7239 -0.0000 1.11227 -3.56000
0.09000 -0.14426 -0.05311 0.6899 -0.7150 0.1132 1.07472 -3.56295
0.09000 -0.14206 -0.04396 0.6899 -0.6885 0.2237 1.03810 -3.57175
0.09000 -0.13846 -0.03526 0.6899 -0.6450 0.3287 1.00331 -3.58616
0.09000 -0.13354 -0.02723 0.6899 -0.5857 0.4255 0.97120 -3.60584
0.09000 -0.12743 -0.02007 0.6899 -0.5119 0.5119 0.94256 -3.63029
0.09000 -0.12027 -0.01396 0.6899 -0.4255 0.5857 0.91810 -3.65893
0.09000 -0.11224 -0.00904 0.6899 -0.3287 0.6450 0.89843 -3.69104
0.09000 -0.10354 -0.00544 0.6899 -0.2237 0.6885 0.88401 -3.72584
0.09000 -0.09439 -0.00324 0.6899 -0.1132 0.7150 0.87522 -3.76246
-0.09000 -0.07561 -0.00324 -0.6899 0.1132 0.7150 0.87522 -3.83754
-0.09000 -0.08500 -0.00250 -0.6899 0.0000 0.7239 0.87227 -3.80000
-0.09000 -0.09439 -0.00324 -0.6899 -0.1132 0.7150 0.87522 -3.76246
-0.09000 -0.10354 -0.00544 -0.6899 -0.2237 0.6885 0.88401 -3.72584
-0.09000 -0.11224 -0.00904 -0.6899 -0.3287 0.6450 0.89843 -3.69104
-0.09000 -0.12027 -0.01396 -0.6899 -0.4255 0.5857 0.91810 -3.65893
-0.09000 -0.12743 -0.02007 -0.6899 -0.5119 0.5119 0.94256 -3.63029
-0.09000 -0.13354 -0.02723 -0.6899 -0.5857 0.4255 0.97120 -3.60584
-0.09000 -0.13846 -0.03526 -0.6899 -0.6450 0.3287 1.00331 -3.58616
-0.09000 -0.14206 -0.04396 -0.6899 -0.6885 0.2237 1.03810 -3.57175
-0.09000 -0.14426 -0.05311 -0.6899 -0.7150 0.1132 1.07472 -3.56295
-0.09000 -0.14500 -0.06250 -0.6899 -0.7239 0.0000 1.11227 -3.56000
-0.09000 -0.14426 -0.07189 -0.6899 -0.7150 -0.1132 1.14981 -3.56295
-0.09000 -0.14206 -0.08104 -0.6899 -0.6885 -0.2237 1.18643 -3.57175
-0.09000 -0.13846 -0.08974 -0.6899 -0.6450 -0.3287 1.22122 -3.58616
-0.09000 -0.13354 -0.09777 -0.6899 -0.5857 -0.4255 1.25334 -3.60584
-0.09000 -0.12743 -0.10493 -0.6899 -0.5119 -0.5119 1.28197 -3.63029
-0.09000 -0.12027 -0.11104 -0.6899 -0.4255 -0.5857 1.30643 -3.65893
-0.09000 -0.11224 -0.11596 -0.6899 -0.3287 -0.6450 1.32611 -3.69104
-0.09000 -0.10354 -0.11956 -0.6899 -0.2237 -0.6885 1.34052 -3.72584
-0.09000 -0.09439 -0.12176 -0.6899 -0.1132 -0.7150 1.34931 -3.76246
-0.09000 -0.08500 -0.12250 -0.6899 0.0000 -0.7239 1.35227 -3.80000
-0.09000 -0.07561 -0.12176 -0.6899 0.1132 -0.7150 1.34931 -3.83754
-0.09000 -0.06646 -0.11956 -0.6899 0.2237 -0.6885 1.34052 -3.87416
-0.09000 -0.05776 -0.11596 -0.6899 0.3287 -0.6450 1.32611 -3.90896
-0.09000 -0.04973 -0.11104 -0.6899 0.4255 -0.5857 1.30643 -3.94107
-0.09000 -0.04257 -0.10493 -0.6899 0.5119 -0.5119 1.28197 -3.96971
-0.09000 -0.03646 -0.09777 -0.6899 0.5857 -0.4255 1.25334 -3.99416
-0.09000 -0.03154 -0.08974 -0.6899 0.6450 -0.3287 1.22122 -4.01384
-0.09000 -0.02794 -0.08104 -0.6899 0.6885 -0.2237 1.18643 -4.02825
-0.09000 -0.02574 -0.07189 -0.6899 0.7150 -0.1132 1.14981 -4.03705
-0.09000 -0.02500 -0.06250 -0.6899 0.7239 0.0000 1.11227 -4.04000
-0.09000 -0.02574 -0.05311 -0.6899 0.7150 0.1132 1.07472 -4.03705
-0.09000 -0.02794 -0.04396 -0.6899 0.6885 0.2237 1.03810 -4.02825
-0.09000 -0.03154 -0.03526 -0.6899 0.6450 0.3287 1.00331 -4.01384
-0.09000 -0.03646 -0.02723 -0.6899 0.5857 0.4255 0.97120 -3.99416
-0.09000 -0.04257 -0.02007 -0.6899 0.5119 0.5119 0.94256 -3.96971
-0.09000 -0.04973 -0.01396 -0.6899 0.4255 0.5857 0.91810 -3.94107
-0.09000 -0.05776 -0.00904 -0.6899 0.3287 0.6450 0.89843 -3.90896
-0.09000 -0.06646 -0.00544 -0.6899 0.2237 0.6885 0.88401 -3.87416
0.09000 -0.14043 -0.08546 0.0000 -0.9217 -0.3879 -0.36000 -0.20411
0.09000 -0.13489 -0.09583 0.0000 -0.8286 -0.5598 -0.36000 -0.24560
0.08350 -0.13489 -0.09519 -0.1092 -0.8286 -0.5490 -0.33399 -0.24304
0.08552 -0.14043 -0.08502 -0.0757 -0.9217 -0.3804 -0.34208 -0.20235
0.09000 -0.07329 -0.12135 0.0000 0.1939 -0.9810 -0.36000 -3.84682
0.09000 -0.06204 -0.11793 0.0000 0.3805 -0.9248 -0.36000 -3.89184
0.07919 -0.06204 -0.11687 -0.1804 0.3805 -0.9070 -0.31674 -3.89184
0.07852 -0.07329 -0.12022 -0.1914 0.1939 -0.9622 -0.31408 -3.84682
0.09000 -0.14385 -0.07421 0.0000 -0.9796 -0.2010 -0.36000 -0.15909
0.08772 -0.14385 -0.07398 -0.0392 -0.9796 -0.1971 -0.35087 -0.15819
0.09000 -0.08500 -0.12250 0.0000 0.0000 -1.0000 -0.36000 -3.80000
0.07829 -0.08500 -0.12135 -0.1951 0.0000 -0.9808 -0.31318 -3.80000
0.09000 -0.02615 -0.07421 -0.0000 0.9796 -0.2010 -0.36000 -0.15909
0.09000 -0.02500 -0.06250 0.0000 1.0000 0.0000 -0.36000 -0.11227
0.08772 -0.02615 -0.07398 -0.0392 0.9796 -0.1971 -0.35087 -0.15819
0.09000 -0.14500 -0.06250 -0.0000 -1.0000 -0.0000 -0.36000 -0.11227
0.09000 -0.09671 -0.12135 0.0000 -0.1939 -0.9810 -0.36000 -3.75318
0.07852 -0.09671 -0.12022 -0.1914 -0.1939 -0.9622 -0.31408 -3.75318
0.09000 -0.02957 -0.08546 -0.0000 0.9217 -0.3879 -0.36000 -0.20411
0.08552 -0.02957 -0.08502 -0.0757 0.9217 -0.3804 -0.34208 -0.20235
0.09000 -0.10796 -0.11793 0.0000 -0.3805 -0.9248 -0.36000 -3.70816
0.07919 -0.10796 -0.11687 -0.1804 -0.3805 -0.9070 -0.31674 -3.70816
0.09000 -0.03511 -0.09583 0.0000 0.8286 -0.5598 -0.36000 -0.24560
0.08350 -0.03511 -0.09519 -0.1092 0.8286 -0.5490 -0.33399 -0.24304
0.09000 -0.11833 -0.11239 0.0000 -0.5528 -0.8333 -0.36000 -3.66666
0.08027 -0.11833 -0.11143 -0.1626 -0.5528 -0.8173 -0.32107 -3.66666
0.09000 -0.04257 -0.10493 0.0000 0.7041 -0.7101 -0.36000 -0.28197
0.08172 -0.04257 -0.10411 -0.1385 0.7041 -0.6965 -0.32689 -0.27871
0.09000 -0.12743 -0.10493 0.0000 -0.7041 -0.7101 -0.36000 -3.63029
0.08172 -0.12743 -0.10411 -0.1385 -0.7041 -0.6965 -0.32689 -3.63029
0.09000 -0.05167 -0.11239 0.0000 0.5528 -0.8333 -0.36000 -3.93334
0.09000 -0.04257 -0.10493 0.0000 0.7041 -0.7101 -0.36000 -3.96971
0.08172 -0.04257 -0.10411 -0.1385 0.7041 -0.6965 -0.32689 -3.96971
0.08027 -0.05167 -0.11143 -0.1626 0.5528 -0.8173 -0.32107 -3.93334
0.09000 -0.12743 -0.10493 0.0000 -0.7041 -0.7101 -0.36000 -0.28197
0.08172 -0.12743 -0.10411 -0.1385 -0.7041 -0.6965 -0.32689 -0.27871
0.07376 -0.12743 -0.10170 -0.2718 -0.7041 -0.6561 -0.29506 -0.26905
0.07724 -0.13489 -0.09330 -0.2142 -0.8286 -0.5172 -0.30897 -0.23545
0.07091 -0.05167 -0.10859 -0.3189 0.5528 -0.7699 -0.28363 -3.93334
0.06879 -0.06204 -0.11371 -0.3539 0.3805 -0.8544 -0.27515 -3.89184
0.08121 -0.14043 -0.08371 -0.1484 -0.9217 -0.3584 -0.32485 -0.19712
0.06748 -0.07329 -0.11687 -0.3754 0.1939 -0.9063 -0.26992 -3.84682
0.08552 -0.14385 -0.07331 -0.0769 -0.9796 -0.1857 -0.34208 -0.15552
0.06704 -0.08500 -0.11793 -0.3827 -0.0000 -0.9239 -0.26816 -3.80000
0.08552 -0.02615 -0.07331 -0.0769 0.9796 -0.1857 -0.34208 -0.15552
0.06748 -0.09671 -0.11687 -0.3754 -0.1939 -0.9063 -0.26992 -3.75318
0.08121 -0.02957 -0.08371 -0.1484 0.9217 -0.3584 -0.32485 -0.19712
0.06879 -0.10796 -0.11371 -0.3539 -0.3805 -0.8544 -0.27515 -3.70816
0.07724 -0.03511 -0.09330 -0.2142 0.8286 -0.5172 -0.30897 -0.23545
0.07091 -0.11833 -0.10859 -0.3189 -0.5528 -0.7699 -0.28363 -3.66666
0.07376 -0.04257 -0.10170 -0.2718 0.7041 -0.6561 -0.29506 -0.26905
0.07376 -0.12743 -0.10170 -0.2718 -0.7041 -0.6561 -0.29506 -3.63029
0.07376 -0.04257 -0.10170 -0.2718 0.7041 -0.6561 -0.29506 -3.96971
0.08350 -0.02615 -0.07223 -0.1116 0.9796 -0.1671 -0.33399 -0.15120
0.07724 -0.02957 -0.08159 -0.2155 0.9217 -0.3225 -0.30897 -0.18863
0.05731 -0.09671 -0.11143 -0.5450 -0.1939 -0.8157 -0.22923 -3.75318
0.05920 -0.10796 -0.10859 -0.5138 -0.3805 -0.7689 -0.23681 -3.70816
0.07148 -0.03511 -0.09022 -0.3110 0.8286 -0.4654 -0.28592 -0.22313
0.06228 -0.11833 -0.10398 -0.4630 -0.5528 -0.6929 -0.24913 -3.66666
0.06643 -0.04257 -0.09778 -0.3945 0.7041 -0.5905 -0.26572 -0.25337
0.06643 -0.12743 -0.09778 -0.3945 -0.7041 -0.5905 -0.26572 -3.63029
0.06643 -0.04257 -0.09778 -0.3945 0.7041 -0.5905 -0.26572 -3.96971
0.06228 -0.05167 -0.10398 -0.4630 0.5528 -0.6929 -0.24913 -3.93334
0.06643 -0.12743 -0.09778 -0.3945 -0.7041 -0.5905 -0.26572 -0.25337
0.07148 -0.13489 -0.09022 -0.3110 -0.8286 -0.4654 -0.28592 -0.22313
0.05920 -0.06204 -0.10859 -0.5138 0.3805 -0.7689 -0.23681 -3.89184
0.07724 -0.14043 -0.08159 -0.2155 -0.9217 -0.3225 -0.30897 -0.18863
0.05731 -0.07329 -0.11143 -0.5450 0.1939 -0.8157 -0.22923 -3.84682
0.08350 -0.14385 -0.07223 -0.1117 -0.9796 -0.1671 -0.33399 -0.15120
0.05667 -0.08500 -0.11239 -0.5556 -0.0000 -0.8315 -0.22666 -3.80000
0.05472 -0.05167 -0.09778 -0.5893 0.5528 -0.5893 -0.21889 -3.93334
0.05080 -0.06204 -0.10170 -0.6539 0.3805 -0.6539 -0.20321 -3.89184
0.06643 -0.13489 -0.08607 -0.3958 -0.8286 -0.3958 -0.26572 -0.20655
0.07376 -0.14043 -0.07874 -0.2743 -0.9217 -0.2743 -0.29506 -0.17721
0.04839 -0.07329 -0.10411 -0.6937 0.1939 -0.6937 -0.19356 -3.84682
0.08172 -0.14385 -0.07078 -0.1421 -0.9796 -0.1421 -0.32689 -0.14537
0.04757 -0.08500 -0.10493 -0.7071 -0.0000 -0.7071 -0.19029 -3.80000
0.08172 -0.02615 -0.07078 -0.1421 0.9796 -0.1421 -0.32689 -0.14537
0.04839 -0.09671 -0.10411 -0.6937 -0.1939 -0.6937 -0.19356 -3.75318
0.07376 -0.02957 -0.07874 -0.2743 0.9217 -0.2743 -0.29506 -0.17721
0.05080 -0.10796 -0.10170 -0.6539 -0.3805 -0.6539 -0.20321 -3.70816
0.06643 -0.03511 -0.08607 -0.3958 0.8286 -0.3958 -0.26572 -0.20655
0.05472 -0.11833 -0.09778 -0.5893 -0.5528 -0.5893 -0.21889 -3.66666
0.06000 -0.04257 -0.09250 -0.5021 0.7041 -0.5021 -0.24000 -0.23227
0.06228 -0.11833 -0.10398 -0.4630 -0.5528 -0.6929 -0.24913 -0.27819
0.05472 -0.11833 -0.09778 -0.5893 -0.5528 -0.5893 -0.21889 -0.25337
0.06000 -0.12743 -0.09250 -0.5021 -0.7041 -0.5021 -0.24000 -0.23227
0.06228 -0.05167 -0.10398 -0.4630 0.5528 -0.6929 -0.24913 -0.27819
0.05472 -0.05167 -0.09778 -0.5893 0.5528 -0.5893 -0.21889 -0.25337
0.05080 -0.10796 -0.10170 -0.6539 -0.3805 -0.6539 1.26905 -3.70816
0.04839 -0.09671 -0.10411 -0.6937 -0.1939 -0.6937 1.27871 -3.75318
0.04107 -0.09671 -0.09519 -0.8157 -0.1939 -0.5450 1.24304 -3.75318
0.04391 -0.10796 -0.09330 -0.7689 -0.3805 -0.5138 1.23545 -3.70816
0.07091 -0.02957 -0.07526 -0.3225 0.9217 -0.2155 -0.28363 -0.16329
0.06228 -0.03511 -0.08102 -0.4654 0.8286 -0.3110 -0.24913 -0.18634
0.05472 -0.11833 -0.09778 -0.5893 -0.5528 -0.5893 1.25337 -3.66666
0.04852 -0.11833 -0.09022 -0.6929 -0.5528 -0.4630 1.22313 -3.66666
0.05472 -0.04257 -0.08607 -0.5905 0.7041 -0.3945 -0.21889 -0.20655
0.04852 -0.11833 -0.09022 -0.6929 -0.5528 -0.4630 -0.19408 -0.22313
0.05472 -0.12743 -0.08607 -0.5905 -0.7041 -0.3945 -0.21889 -0.20655
0.04852 -0.05167 -0.09022 -0.6929 0.5528 -0.4630 -0.19408 -0.22313
0.06228 -0.13489 -0.08102 -0.4654 -0.8286 -0.3110 -0.24913 -0.18634
0.05080 -0.06204 -0.10170 -0.6539 0.3805 -0.6539 1.26905 -3.89184
0.05472 -0.05167 -0.09778 -0.5893 0.5528 -0.5893 1.25337 -3.93334
0.04852 -0.05167 -0.09022 -0.6929 0.5528 -0.4630 1.22313 -3.93334
0.04391 -0.06204 -0.09330 -0.7689 0.3805 -0.5138 1.23545 -3.89184
0.07091 -0.14043 -0.07526 -0.3225 -0.9217 -0.2155 -0.28363 -0.16329
0.04839 -0.07329 -0.10411 -0.6937 0.1939 -0.6937 1.27871 -3.84682
0.04107 -0.07329 -0.09519 -0.8157 0.1939 -0.5450 1.24304 -3.84682
0.08027 -0.14385 -0.06900 -0.1671 -0.9796 -0.1116 -0.32107 -0.13828
0.04757 -0.08500 -0.10493 -0.7071 -0.0000 -0.7071 1.28197 -3.80000
0.04011 -0.08500 -0.09583 -0.8315 -0.0000 -0.5556 1.24560 -3.80000
0.08027 -0.02615 -0.06900 -0.1671 0.9796 -0.1116 -0.32107 -0.13828
0.05920 -0.13489 -0.07526 -0.5172 -0.8286 -0.2142 -0.23681 -0.16329
0.06879 -0.14043 -0.07129 -0.3584 -0.9217 -0.1484 -0.27515 -0.14741
0.03879 -0.06204 -0.08371 -0.8544 0.3805 -0.3539 1.19712 -3.89184
0.03563 -0.07329 -0.08502 -0.9063 0.1939 -0.3754 1.20235 -3.84682
0.07919 -0.14385 -0.06698 -0.1857 -0.9796 -0.0769 -0.31674 -0.13018
0.03457 -0.08500 -0.08546 -0.9239 -0.0000 -0.3827 1.20411 -3.80000
0.07919 -0.02615 -0.06698 -0.1857 0.9796 -0.0769 -0.31674 -0.13018
0.03563 -0.09671 -0.08502 -0.9063 -0.1939 -0.3754 1.20235 -3.75318
0.06879 -0.02957 -0.07129 -0.3584 0.9217 -0.1484 -0.27515 -0.14741
0.03879 -0.10796 -0.08371 -0.8544 -0.3805 -0.3539 1.19712 -3.70816
0.05920 -0.03511 -0.07526 -0.5172 0.8286 -0.2142 -0.23681 -0.16329
0.04391 -0.11833 -0.08159 -0.7699 -0.5528 -0.3189 1.18863 -3.66666
0.05080 -0.04257 -0.07874 -0.6561 0.7041 -0.2718 -0.20321 -0.17721
0.05472 -0.12743 -0.08607 -0.5905 -0.7041 -0.3945 1.20655 -3.63029
0.05080 -0.12743 -0.07874 -0.6561 -0.7041 -0.2718 1.17721 -3.63029
0.05472 -0.04257 -0.08607 -0.5905 0.7041 -0.3945 1.20655 -3.96971
0.05080 -0.04257 -0.07874 -0.6561 0.7041 -0.2718 1.17721 -3.96971
0.04391 -0.05167 -0.08159 -0.7699 0.5528 -0.3189 1.18863 -3.93334
0.05080 -0.12743 -0.07874 -0.6561 -0.7041 -0.2718 -0.20321 -0.17721
0.06748 -0.02957 -0.06698 -0.3804 0.9217 -0.0757 -0.26992 -0.13018
0.05731 -0.03511 -0.06900 -0.5490 0.8286 -0.1092 -0.22923 -0.13828
0.03563 -0.10796 -0.07331 -0.9070 -0.3805 -0.1804 1.15552 -3.70816
0.04107 -0.11833 -0.07223 -0.8173 -0.5528 -0.1626 1.15120 -3.66666
0.04839 -0.04257 -0.07078 -0.6965 0.7041 -0.1385 -0.19356 -0.14537
0.04839 -0.12743 -0.07078 -0.6965 -0.7041 -0.1385 1.14537 -3.63029
0.04839 -0.04257 -0.07078 -0.6965 0.7041 -0.1385 1.14537 -3.96971
0.04107 -0.05167 -0.07223 -0.8173 0.5528 -0.1626 1.15120 -3.93334
0.04839 -0.12743 -0.07078 -0.6965 -0.7041 -0.1385 -0.19356 -0.14537
0.05731 -0.13489 -0.06900 -0.5490 -0.8286 -0.1092 -0.22923 -0.13828
0.03563 -0.06204 -0.07331 -0.9070 0.3805 -0.1804 1.15552 -3.89184
0.06748 -0.14043 -0.06698 -0.3804 -0.9217 -0.0757 -0.26992 -0.13018
0.03228 -0.07329 -0.07398 -0.9622 0.1939 -0.1914 1.15819 -3.84682
0.07852 -0.14385 -0.06478 -0.1971 -0.9796 -0.0392 -0.31408 -0.12140
0.03115 -0.08500 -0.07421 -0.9808 -0.0000 -0.1951 1.15909 -3.80000
0.07852 -0.02615 -0.06478 -0.1971 0.9796 -0.0392 -0.31408 -0.12140
0.03228 -0.09671 -0.07398 -0.9622 -0.1939 -0.1914 1.15819 -3.75318
0.03457 -0.06204 -0.06250 -0.9248 0.3805 0.0000 1.11227 -3.89184
0.03115 -0.07329 -0.06250 -0.9810 0.1939 0.0000 1.11227 -3.84682
0.06704 -0.14043 -0.06250 -0.3879 -0.9217 -0.0000 -0.26816 -0.11227
0.07829 -0.14385 -0.06250 -0.2010 -0.9796 -0.0000 -0.31318 -0.11227
0.03000 -0.08500 -0.06250 -1.0000 -0.0000 0.0000 1.11227 -3.80000
0.07829 -0.02615 -0.06250 -0.2010 0.9796 0.0000 -0.31318 -0.11227
0.03115 -0.09671 -0.06250 -0.9810 -0.1939 0.0000 1.11227 -3.75318
0.06704 -0.02957 -0.06250 -0.3879 0.9217 -0.0000 -0.26816 -0.11227
0.03457 -0.10796 -0.06250 -0.9248 -0.3805 0.0000 1.11227 -3.70816
0.05667 -0.03511 -0.06250 -0.5598 0.8286 -0.0000 -0.22666 -0.11227
0.04011 -0.11833 -0.06250 -0.8333 -0.5528 0.0000 1.11227 -3.66666
0.04757 -0.04257 -0.06250 -0.7101 0.7041 0.0000 -0.19029 -0.11227
0.04757 -0.12743 -0.06250 -0.7101 -0.7041 0.0000 1.11227 -3.63029
0.04757 -0.04257 -0.06250 -0.7101 0.7041 0.0000 1.11227 -3.96971
0.04011 -0.05167 -0.06250 -0.8333 0.5528 0.0000 1.11227 -3.93334
0.04757 -0.12743 -0.06250 -0.7101 -0.7041 0.0000 -0.19029 -0.11227
0.05667 -0.13489 -0.06250 -0.5598 -0.8286 -0.0000 -0.22666 -0.11227
0.03563 -0.10796 -0.05169 -0.9070 -0.3805 0.1804 1.06901 -3.70816
0.04107 -0.11833 -0.05277 -0.8173 -0.5528 0.1626 1.07334 -3.66666
0.05731 -0.03511 -0.05600 -0.5490 0.8286 0.1092 -0.22923 -0.08625
0.04839 -0.04257 -0.05422 -0.6965 0.7041 0.1385 -0.19356 -0.07916
0.04839 -0.12743 -0.05422 -0.6965 -0.7041 0.1385 1.07916 -3.63029
0.04839 -0.04257 -0.05422 -0.6965 0.7041 0.1385 1.07916 -3.96971
0.04107 -0.05167 -0.05277 -0.8173 0.5528 0.1626 1.07334 -3.93334
0.04839 -0.12743 -0.05422 -0.6965 -0.7041 0.1385 -0.19356 -0.07916
0.05731 -0.13489 -0.05600 -0.5490 -0.8286 0.1092 -0.22923 -0.08625
0.03563 -0.06204 -0.05169 -0.9070 0.3805 0.1804 1.06901 -3.89184
0.06748 -0.14043 -0.05802 -0.3804 -0.9217 0.0757 -0.26992 -0.09435
0.03228 -0.07329 -0.05102 -0.9622 0.1939 0.1914 1.06634 -3.84682
0.07852 -0.14385 -0.06022 -0.1971 -0.9796 0.0392 -0.31408 -0.10313
0.03115 -0.08500 -0.05079 -0.9808 -0.0000 0.1951 1.06544 -3.80000
0.07852 -0.02615 -0.06022 -0.1971 0.9796 0.0392 -0.31408 -0.10313
0.03228 -0.09671 -0.05102 -0.9622 -0.1939 0.1914 1.06634 -3.75318
0.06748 -0.02957 -0.05802 -0.3804 0.9217 0.0757 -0.26992 -0.09435
0.06879 -0.14043 -0.05371 -0.3584 -0.9217 0.1484 -0.27515 -0.07712
0.07919 -0.14385 -0.05802 -0.1857 -0.9796 0.0769 -0.31674 -0.09435
0.03563 -0.07329 -0.03998 -0.9063 0.1939 0.3754 1.02219 -3.84682
0.03457 -0.08500 -0.03954 -0.9239 -0.0000 0.3827 1.02042 -3.80000
0.07919 -0.02615 -0.05802 -0.1857 0.9796 0.0769 -0.31674 -0.09435
0.03563 -0.09671 -0.03998 -0.9063 -0.1939 0.3754 1.02219 -3.75318
0.06879 -0.02957 -0.05371 -0.3584 0.9217 0.1484 -0.27515 -0.07712
0.03879 -0.10796 -0.04129 -0.8544 -0.3805 0.3539 1.02741 -3.70816
0.05920 -0.03511 -0.04974 -0.5172 0.8286 0.2142 -0.23681 -0.06124
0.04391 -0.11833 -0.04341 -0.7699 -0.5528 0.3189 1.03590 -3.66666
0.05080 -0.04257 -0.04626 -0.6561 0.7041 0.2718 -0.20321 -0.04732
0.05080 -0.12743 -0.04626 -0.6561 -0.7041 0.2718 1.04732 -3.63029
0.05080 -0.04257 -0.04626 -0.6561 0.7041 0.2718 1.04732 -3.96971
0.04391 -0.05167 -0.04341 -0.7699 0.5528 0.3189 1.03590 -3.93334
0.05080 -0.12743 -0.04626 -0.6561 -0.7041 0.2718 -0.20321 -0.04732
0.05920 -0.13489 -0.04974 -0.5172 -0.8286 0.2142 -0.23681 -0.06124
0.03879 -0.06204 -0.04129 -0.8544 0.3805 0.3539 1.02741 -3.89184
0.04852 -0.11833 -0.03478 -0.6929 -0.5528 0.4630 1.00140 -3.66666
0.05472 -0.12743 -0.03893 -0.5905 -0.7041 0.3945 1.01798 -3.63029
0.05472 -0.04257 -0.03893 -0.5905 0.7041 0.3945 1.01798 -3.96971
0.04852 -0.05167 -0.03478 -0.6929 0.5528 0.4630 1.00140 -3.93334
0.05472 -0.12743 -0.03893 -0.5905 -0.7041 0.3945 -0.21889 -0.01798
0.06228 -0.13489 -0.04398 -0.4654 -0.8286 0.3110 -0.24913 -0.03819
0.04391 -0.06204 -0.03170 -0.7689 0.3805 0.5138 0.98908 -3.89184
0.07091 -0.14043 -0.04974 -0.3225 -0.9217 0.2155 -0.28363 -0.06124
0.04107 -0.07329 -0.02981 -0.8157 0.1939 0.5450 0.98149 -3.84682
0.08027 -0.14385 -0.05600 -0.1671 -0.9796 0.1116 -0.32107 -0.08625
0.04011 -0.08500 -0.02917 -0.8315 0.0000 0.5556 0.97893 -3.80000
0.08027 -0.02615 -0.05600 -0.1671 0.9796 0.1116 -0.32107 -0.08625
0.04107 -0.09671 -0.02981 -0.8157 -0.1939 0.5450 0.98149 -3.75318
0.07091 -0.02957 -0.04974 -0.3225 0.9217 0.2155 -0.28363 -0.06124
0.04391 -0.10796 -0.03170 -0.7689 -0.3805 0.5138 0.98908 -3.70816
0.06228 -0.03511 -0.04398 -0.4654 0.8286 0.3110 -0.24913 -0.03819
0.05472 -0.04257 -0.03893 -0.5905 0.7041 0.3945 -0.21889 -0.01798
0.08172 -0.02615 -0.05422 -0.1421 0.9796 0.1421 -0.32689 -0.07916
0.08172 -0.14385 -0.05422 -0.1421 -0.9796 0.1421 -0.32689 -0.07916
0.04757 -0.08500 -0.02007 -0.7071 0.0000 0.7071 0.94256 -3.80000
0.04839 -0.09671 -0.02089 -0.6937 -0.1939 0.6937 0.94582 -3.75318
0.07376 -0.02957 -0.04626 -0.2743 0.9217 0.2743 -0.29506 -0.04732
0.05080 -0.10796 -0.02330 -0.6539 -0.3805 0.6539 0.95548 -3.70816
0.06643 -0.03511 -0.03893 -0.3958 0.8286 0.3958 -0.26572 -0.01798
0.05472 -0.11833 -0.02722 -0.5893 -0.5528 0.5893 0.97116 -3.66666
0.06000 -0.04257 -0.03250 -0.5021 0.7041 0.5021 -0.24000 0.00773
0.04852 -0.11833 -0.03478 -0.6929 -0.5528 0.4630 -0.19408 -0.00140
0.05472 -0.11833 -0.02722 -0.5893 -0.5528 0.5893 -0.21889 0.02884
0.06000 -0.12743 -0.03250 -0.5021 -0.7041 0.5021 -0.24000 0.00773
0.04852 -0.05167 -0.03478 -0.6929 0.5528 0.4630 -0.19408 -0.00140
0.05472 -0.05167 -0.02722 -0.5893 0.5528 0.5893 -0.21889 0.02884
0.06643 -0.13489 -0.03893 -0.3958 -0.8286 0.3958 -0.26572 -0.01798
0.05472 -0.05167 -0.02722 -0.5893 0.5528 0.5893 0.97116 -3.93334
0.05080 -0.06204 -0.02330 -0.6539 0.3805 0.6539 0.95548 -3.89184
0.07376 -0.14043 -0.04626 -0.2743 -0.9217 0.2743 -0.29506 -0.04732
0.04839 -0.07329 -0.02089 -0.6937 0.1939 0.6937 0.94582 -3.84682
0.06643 -0.04257 -0.02722 -0.3945 0.7041 0.5905 -0.26572 0.02884
0.06228 -0.05167 -0.02102 -0.4630 0.5528 0.6929 -0.24913 0.05366
0.06643 -0.12743 -0.02722 -0.3945 -0.7041 0.5905 -0.26572 0.02884
0.07148 -0.13489 -0.03478 -0.3110 -0.8286 0.4654 -0.28592 -0.00140
0.05080 -0.06204 -0.02330 -0.6539 0.3805 0.6539 -0.20321 -3.89184
0.05472 -0.05167 -0.02722 -0.5893 0.5528 0.5893 -0.21889 -3.93334
0.06228 -0.05167 -0.02102 -0.4630 0.5528 0.6929 -0.24913 -3.93334
0.05920 -0.06204 -0.01641 -0.5138 0.3805 0.7689 -0.23681 -3.89184
0.07724 -0.14043 -0.04341 -0.2155 -0.9217 0.3225 -0.30897 -0.03590
0.04839 -0.07329 -0.02089 -0.6937 0.1939 0.6937 -0.19356 -3.84682
0.05731 -0.07329 -0.01357 -0.5450 0.1939 0.8157 -0.22923 -3.84682
0.08350 -0.14385 -0.05277 -0.1117 -0.9796 0.1671 -0.33399 -0.07334
0.04757 -0.08500 -0.02007 -0.7071 0.0000 0.7071 -0.19029 -3.80000
0.05667 -0.08500 -0.01261 -0.5556 -0.0000 0.8315 -0.22666 -3.80000
0.08350 -0.02615 -0.05277 -0.1117 0.9796 0.1671 -0.33399 -0.07334
0.04839 -0.09671 -0.02089 -0.6937 -0.1939 0.6937 -0.19356 -3.75318
0.05731 -0.09671 -0.01357 -0.5450 -0.1939 0.8157 -0.22923 -3.75318
0.07724 -0.02957 -0.04341 -0.2155 0.9217 0.3225 -0.30897 -0.03590
0.05080 -0.10796 -0.02330 -0.6539 -0.3805 0.6539 -0.20321 -3.70816
0.05920 -0.10796 -0.01641 -0.5138 -0.3805 0.7689 -0.23681 -3.70816
0.07148 -0.03511 -0.03478 -0.3110 0.8286 0.4654 -0.28592 -0.00140
0.05472 -0.11833 -0.02722 -0.5893 -0.5528 0.5893 -0.21889 -3.66666
0.06228 -0.11833 -0.02102 -0.4630 -0.5528 0.6929 -0.24913 -3.66666
0.06228 -0.11833 -0.02102 -0.4630 -0.5528 0.6929 -0.24913 0.05366
0.06704 -0.08500 -0.00707 -0.3827 0.0000 0.9239 -0.26816 -3.80000
0.06748 -0.09671 -0.00813 -0.3754 -0.1939 0.9063 -0.26992 -3.75318
0.08552 -0.02615 -0.05169 -0.0769 0.9796 0.1857 -0.34208 -0.06901
0.08121 -0.02957 -0.04129 -0.1484 0.9217 0.3584 -0.32485 -0.02741
0.06879 -0.10796 -0.01129 -0.3539 -0.3805 0.8544 -0.27515 -3.70816
0.07724 -0.03511 -0.03170 -0.2142 0.8286 0.5172 -0.30897 0.01092
0.07091 -0.11833 -0.01641 -0.3189 -0.5528 0.7699 -0.28363 -3.66666
0.07376 -0.04257 -0.02330 -0.2718 0.7041 0.6561 -0.29506 0.04452
0.06643 -0.12743 -0.02722 -0.3945 -0.7041 0.5905 -0.26572 -3.63029
0.07376 -0.12743 -0.02330 -0.2718 -0.7041 0.6561 -0.29506 -3.63029
0.06643 -0.04257 -0.02722 -0.3945 0.7041 0.5905 -0.26572 -3.96971
0.07376 -0.04257 -0.02330 -0.2718 0.7041 0.6561 -0.29506 -3.96971
0.07091 -0.05167 -0.01641 -0.3189 0.5528 0.7699 -0.28363 -3.93334
0.07376 -0.12743 -0.02330 -0.2718 -0.7041 0.6561 -0.29506 0.04452
0.07724 -0.13489 -0.03170 -0.2142 -0.8286 0.5172 -0.30897 0.01092
0.06879 -0.06204 -0.01129 -0.3539 0.3805 0.8544 -0.27515 -3.89184
0.08121 -0.14043 -0.04129 -0.1484 -0.9217 0.3584 -0.32485 -0.02741
0.06748 -0.07329 -0.00813 -0.3754 0.1939 0.9063 -0.26992 -3.84682
0.08552 -0.14385 -0.05169 -0.0769 -0.9796 0.1857 -0.34208 -0.06901
0.08172 -0.12743 -0.02089 -0.1385 -0.7041 0.6965 -0.32689 0.05418
0.08350 -0.13489 -0.02981 -0.1092 -0.8286 0.5490 -0.33399 0.01851
0.08027 -0.05167 -0.01357 -0.1626 0.5528 0.8173 -0.32107 -3.93334
0.07919 -0.06204 -0.00813 -0.1804 0.3805 0.9070 -0.31674 -3.89184
0.08552 -0.14043 -0.03998 -0.0757 -0.9217 0.3804 -0.34208 -0.02219
0.07852 -0.07329 -0.00478 -0.1914 0.1939 0.9622 -0.31408 -3.84682
0.08772 -0.14385 -0.05102 -0.0392 -0.9796 0.1971 -0.35087 -0.06634
0.07829 -0.08500 -0.00365 -0.1951 -0.0000 0.9808 -0.31318 -3.80000
0.08772 -0.02615 -0.05102 -0.0392 0.9796 0.1971 -0.35087 -0.06634
0.07852 -0.09671 -0.00478 -0.1914 -0.1939 0.9622 -0.31408 -3.75318
0.08552 -0.02957 -0.03998 -0.0757 0.9217 0.3804 -0.34208 -0.02219
0.07919 -0.10796 -0.00813 -0.1804 -0.3805 0.9070 -0.31674 -3.70816
0.08350 -0.03511 -0.02981 -0.1092 0.8286 0.5490 -0.33399 0.01851
0.08027 -0.11833 -0.01357 -0.1626 -0.5528 0.8173 -0.32107 -3.66666
0.08172 -0.04257 -0.02089 -0.1385 0.7041 0.6965 -0.32689 0.05418
0.08172 -0.12743 -0.02089 -0.1385 -0.7041 0.6965 -0.32689 -3.63029
0.08172 -0.04257 -0.02089 -0.1385 0.7041 0.6965 -0.32689 -3.96971
0.09000 -0.02615 -0.05079 0.0000 0.9796 0.2010 -0.36000 -0.06544
0.09000 -0.02957 -0.03954 0.0000 0.9217 0.3879 -0.36000 -0.02042
0.09000 -0.09671 -0.00365 -0.0000 -0.1939 0.9810 -0.36000 -3.75318
0.09000 -0.10796 -0.00707 0.0000 -0.3805 0.9248 -0.36000 -3.70816
0.09000 -0.03511 -0.02917 0.0000 0.8286 0.5598 -0.36000 0.02107
0.09000 -0.11833 -0.01261 0.0000 -0.5528 0.8333 -0.36000 -3.66666
0.09000 -0.04257 -0.02007 0.0000 0.7041 0.7101 -0.36000 0.05744
0.09000 -0.12743 -0.02007 0.0000 -0.7041 0.7101 -0.36000 -3.63029
0.09000 -0.04257 -0.02007 0.0000 0.7041 0.7101 -0.36000 -3.96971
0.09000 -0.05167 -0.01261 -0.0000 0.5528 0.8333 -0.36000 -3.93334
0.09000 -0.12743 -0.02007 0.0000 -0.7041 0.7101 -0.36000 0.05744
0.09000 -0.13489 -0.02917 -0.0000 -0.8286 0.5598 -0.36000 0.02107
0.09000 -0.06204 -0.00707 -0.0000 0.3805 0.9248 -0.36000 -3.89184
0.09000 -0.14043 -0.03954 0.0000 -0.9217 0.3879 -0.36000 -0.02042
0.09000 -0.07329 -0.00365 0.0000 0.1939 0.9810 -0.36000 -3.84682
0.09000 -0.14385 -0.05079 0.0000 -0.9796 0.2010 -0.36000 -0.06544
0.09000 -0.08500 -0.00250 0.0000 0.0000 1.0000 -0.36000 -3.80000
0.09973 -0.05167 -0.01357 0.1626 0.5528 0.8173 -0.39893 -3.93334
0.10081 -0.06204 -0.00813 0.1804 0.3805 0.9070 -0.40326 -3.89184
0.09650 -0.13489 -0.02981 0.1092 -0.8286 0.5490 -0.38601 0.01851
0.09448 -0.14043 -0.03998 0.0757 -0.9217 0.3804 -0.37792 -0.02219
0.10148 -0.07329 -0.00478 0.1914 0.1939 0.9622 -0.40592 -3.84682
0.09228 -0.14385 -0.05102 0.0392 -0.9796 0.1971 -0.36913 -0.06634
0.10171 -0.08500 -0.00365 0.1951 0.0000 0.9808 -0.40682 -3.80000
0.09228 -0.02615 -0.05102 0.0392 0.9796 0.1971 -0.36913 -0.06634
0.10148 -0.09671 -0.00478 0.1914 -0.1939 0.9622 -0.40592 -3.75318
0.09448 -0.02957 -0.03998 0.0757 0.9217 0.3804 -0.37792 -0.02219
0.10081 -0.10796 -0.00813 0.1804 -0.3805 0.9070 -0.40326 -3.70816
0.09650 -0.03511 -0.02981 0.1092 0.8286 0.5490 -0.38601 0.01851
0.09973 -0.11833 -0.01357 0.1626 -0.5528 0.8173 -0.39893 -3.66666
0.09828 -0.04257 -0.02089 0.1385 0.7041 0.6965 -0.39311 0.05418
0.09828 -0.12743 -0.02089 0.1385 -0.7041 0.6965 -0.39311 -3.63029
0.09828 -0.04257 -0.02089 0.1385 0.7041 0.6965 -0.39311 -3.96971
0.09828 -0.12743 -0.02089 0.1385 -0.7041 0.6965 -0.39311 0.05418
0.11252 -0.09671 -0.00813 0.3754 -0.1939 0.9063 -0.45008 -3.75318
0.11121 -0.10796 -0.01129 0.3539 -0.3805 0.8544 -0.44485 -3.70816
0.09879 -0.02957 -0.04129 0.1484 0.9217 0.3584 -0.39515 -0.02741
0.10276 -0.03511 -0.03170 0.2142 0.8286 0.5172 -0.41103 0.01092
0.10909 -0.11833 -0.01641 0.3189 -0.5528 0.7699 -0.43637 -3.66666
0.10624 -0.04257 -0.02330 0.2718 0.7041 0.6561 -0.42494 0.04452
0.10624 -0.12743 -0.02330 0.2718 -0.7041 0.6561 -0.42494 -3.63029
0.10624 -0.04257 -0.02330 0.2718 0.7041 0.6561 -0.42494 -3.96971
0.10909 -0.05167 -0.01641 0.3189 0.5528 0.7699 -0.43637 -3.93334
0.10624 -0.12743 -0.02330 0.2718 -0.7041 0.6561 -0.42494 0.04452
0.10276 -0.13489 -0.03170 0.2142 -0.8286 0.5172 -0.41103 0.01092
0.11121 -0.06204 -0.01129 0.3539 0.3805 0.8544 -0.44485 -3.89184
0.09879 -0.14043 -0.04129 0.1484 -0.9217 0.3584 -0.39515 -0.02741
0.11252 -0.07329 -0.00813 0.3754 0.1939 0.9063 -0.45008 -3.84682
0.09448 -0.14385 -0.05169 0.0769 -0.9796 0.1857 -0.37792 -0.06901
0.11296 -0.08500 -0.00707 0.3827 0.0000 0.9239 -0.45184 -3.80000
0.09448 -0.02615 -0.05169 0.0769 0.9796 0.1857 -0.37792 -0.06901
0.10852 -0.13489 -0.03478 0.3110 -0.8286 0.4654 -0.43408 -0.00140
0.10276 -0.14043 -0.04341 0.2155 -0.9217 0.3225 -0.41103 -0.03590
0.12080 -0.06204 -0.01641 0.5138 0.3805 0.7689 -0.48319 -3.89184
0.12269 -0.07329 -0.01357 0.5450 0.1939 0.8157 -0.49077 -3.84682
0.09650 -0.14385 -0.05277 0.1117 -0.9796 0.1671 -0.38601 -0.07334
0.12333 -0.08500 -0.01261 0.5556 -0.0000 0.8315 -0.49334 -3.80000
0.09650 -0.02615 -0.05277 0.1116 0.9796 0.1671 -0.38601 -0.07334
0.12269 -0.09671 -0.01357 0.5450 -0.1939 0.8157 -0.49077 -3.75318
0.10276 -0.02957 -0.04341 0.2155 0.9217 0.3225 -0.41103 -0.03590
0.12080 -0.10796 -0.01641 0.5138 -0.3805 0.7689 -0.48319 -3.70816
0.10852 -0.03511 -0.03478 0.3110 0.8286 0.4654 -0.43408 -0.00140
0.11772 -0.11833 -0.02102 0.4630 -0.5528 0.6929 -0.47087 -3.66666
0.11357 -0.04257 -0.02722 0.3945 0.7041 0.5905 -0.45428 0.02884
0.11357 -0.12743 -0.02722 0.3945 -0.7041 0.5905 -0.45428 -3.63029
0.11357 -0.04257 -0.02722 0.3945 0.7041 0.5905 -0.45428 -3.96971
0.11772 -0.05167 -0.02102 0.4630 0.5528 0.6929 -0.47087 -3.93334
0.11357 -0.12743 -0.02722 0.3945 -0.7041 0.5905 -0.45428 0.02884
0.12920 -0.10796 -0.02330 0.6539 -0.3805 0.6539 -0.51679 -3.70816
0.12528 -0.11833 -0.02722 0.5893 -0.5528 0.5893 -0.50111 -3.66666
0.11357 -0.03511 -0.03893 0.3958 0.8286 0.3958 -0.45428 -0.01798
0.12000 -0.04257 -0.03250 0.5021 0.7041 0.5021 -0.48000 0.00773
0.11772 -0.11833 -0.02102 0.4630 -0.5528 0.6929 -0.47087 0.05366
0.12528 -0.11833 -0.02722 0.5893 -0.5528 0.5893 -0.50111 0.02884
0.12000 -0.12743 -0.03250 0.5021 -0.7041 0.5021 -0.48000 0.00773
0.11772 -0.05167 -0.02102 0.4630 0.5528 0.6929 -0.47087 0.05366
0.12528 -0.05167 -0.02722 0.5893 0.5528 0.5893 -0.50111 0.02884
0.11357 -0.13489 -0.03893 0.3958 -0.8286 0.3958 -0.45428 -0.01798
0.12528 -0.05167 -0.02722 0.5893 0.5528 0.5893 -0.50111 -3.93334
0.12920 -0.06204 -0.02330 0.6539 0.3805 0.6539 -0.51679 -3.89184
0.10624 -0.14043 -0.04626 0.2743 -0.9217 0.2743 -0.42494 -0.04732
0.13161 -0.07329 -0.02089 0.6937 0.1939 0.6937 -0.52644 -3.84682
0.09828 -0.14385 -0.05422 0.1421 -0.9796 0.1421 -0.39311 -0.07916
0.13243 -0.08500 -0.02007 0.7071 -0.0000 0.7071 -0.52971 -3.80000
0.09828 -0.02615 -0.05422 0.1421 0.9796 0.1421 -0.39311 -0.07916
0.13161 -0.09671 -0.02089 0.6937 -0.1939 0.6937 -0.52644 -3.75318
0.10624 -0.02957 -0.04626 0.2743 0.9217 0.2743 -0.42494 -0.04732
0.10909 -0.14043 -0.04974 0.3225 -0.9217 0.2155 -0.43637 -0.06124
0.09973 -0.14385 -0.05600 0.1671 -0.9796 0.1116 -0.39893 -0.08625
0.13243 -0.08500 -0.02007 0.7071 -0.0000 0.7071 0.94256 -3.80000
0.13161 -0.07329 -0.02089 0.6937 0.1939 0.6937 0.94582 -3.84682
0.13893 -0.07329 -0.02981 0.8157 0.1939 0.5450 0.98149 -3.84682
0.13989 -0.08500 -0.02917 0.8315 0.0000 0.5556 0.97893 -3.80000
0.09973 -0.02615 -0.05600 0.1671 0.9796 0.1116 -0.39893 -0.08625
0.13161 -0.09671 -0.02089 0.6937 -0.1939 0.6937 0.94582 -3.75318
0.13893 -0.09671 -0.02981 0.8157 -0.1939 0.5450 0.98149 -3.75318
0.10909 -0.02957 -0.04974 0.3225 0.9217 0.2155 -0.43637 -0.06124
0.12920 -0.10796 -0.02330 0.6539 -0.3805 0.6539 0.95548 -3.70816
0.13609 -0.10796 -0.03170 0.7689 -0.3805 0.5138 0.98908 -3.70816
0.11772 -0.03511 -0.04398 0.4654 0.8286 0.3110 -0.47087 -0.03819
0.12528 -0.11833 -0.02722 0.5893 -0.5528 0.5893 0.97116 -3.66666
0.13148 -0.11833 -0.03478 0.6929 -0.5528 0.4630 1.00140 -3.66666
0.12528 -0.04257 -0.03893 0.5905 0.7041 0.3945 -0.50111 -0.01798
0.13148 -0.11833 -0.03478 0.6929 -0.5528 0.4630 -0.52592 -0.00140
0.12528 -0.12743 -0.03893 0.5905 -0.7041 0.3945 -0.50111 -0.01798
0.13148 -0.05167 -0.03478 0.6929 0.5528 0.4630 -0.52592 -0.00140
0.11772 -0.13489 -0.04398 0.4654 -0.8286 0.3110 -0.47087 -0.03819
0.12920 -0.06204 -0.02330 0.6539 0.3805 0.6539 0.95548 -3.89184
0.12528 -0.05167 -0.02722 0.5893 0.5528 0.5893 0.97116 -3.93334
0.13148 -0.05167 -0.03478 0.6929 0.5528 0.4630 1.00140 -3.93334
0.13609 -0.06204 -0.03170 0.7689 0.3805 0.5138 0.98908 -3.89184
0.12080 -0.03511 -0.04974 0.5172 0.8286 0.2142 -0.48319 -0.06124
0.12920 -0.04257 -0.04626 0.6561 0.7041 0.2718 -0.51679 -0.04732
0.12528 -0.12743 -0.03893 0.5905 -0.7041 0.3945 1.01798 -3.63029
0.13609 -0.11833 -0.04341 0.7699 -0.5528 0.3189 1.03590 -3.66666
0.12920 -0.12743 -0.04626 0.6561 -0.7041 0.2718 1.04732 -3.63029
0.12528 -0.04257 -0.03893 0.5905 0.7041 0.3945 1.01798 -3.96971
0.12920 -0.04257 -0.04626 0.6561 0.7041 0.2718 1.04732 -3.96971
0.13609 -0.05167 -0.04341 0.7699 0.5528 0.3189 1.03590 -3.93334
0.12920 -0.12743 -0.04626 0.6561 -0.7041 0.2718 -0.51679 -0.04732
0.12080 -0.13489 -0.04974 0.5172 -0.8286 0.2142 -0.48319 -0.06124
0.14121 -0.06204 -0.04129 0.8544 0.3805 0.3539 1.02741 -3.89184
0.11121 -0.14043 -0.05371 0.3584 -0.9217 0.1484 -0.44485 -0.07712
0.14437 -0.07329 -0.03998 0.9063 0.1939 0.3754 1.02219 -3.84682
0.10081 -0.14385 -0.05802 0.1857 -0.9796 0.0769 -0.40326 -0.09435
0.14543 -0.08500 -0.03954 0.9239 -0.0000 0.3827 1.02042 -3.80000
0.10081 -0.02615 -0.05802 0.1857 0.9796 0.0769 -0.40326 -0.09435
0.14437 -0.09671 -0.03998 0.9063 -0.1939 0.3754 1.02219 -3.75318
0.11121 -0.02957 -0.05371 0.3584 0.9217 0.1484 -0.44485 -0.07712
0.14121 -0.10796 -0.04129 0.8544 -0.3805 0.3539 1.02741 -3.70816
0.14772 -0.07329 -0.05102 0.9622 0.1939 0.1914 1.06634 -3.84682
0.14885 -0.08500 -0.05079 0.9808 -0.0000 0.1951 1.06545 -3.80000
0.10148 -0.02615 -0.06022 0.1971 0.9796 0.0392 -0.40592 -0.10313
0.10148 -0.14385 -0.06022 0.1971 -0.9796 0.0392 -0.40592 -0.10313
0.14772 -0.09671 -0.05102 0.9622 -0.1939 0.1914 1.06634 -3.75318
0.11252 -0.02957 -0.05802 0.3804 0.9217 0.0757 -0.45008 -0.09435
0.14437 -0.10796 -0.05169 0.9070 -0.3805 0.1804 1.06901 -3.70816
0.12269 -0.03511 -0.05600 0.5490 0.8286 0.1092 -0.49077 -0.08625
0.13893 -0.11833 -0.05277 0.8173 -0.5528 0.1626 1.07334 -3.66666
0.13161 -0.04257 -0.05422 0.6965 0.7041 0.1385 -0.52644 -0.07916
0.13161 -0.12743 -0.05422 0.6965 -0.7041 0.1385 1.07916 -3.63029
0.13161 -0.04257 -0.05422 0.6965 0.7041 0.1385 1.07916 -3.96971
0.13893 -0.05167 -0.05277 0.8173 0.5528 0.1626 1.07334 -3.93334
0.13161 -0.12743 -0.05422 0.6965 -0.7041 0.1385 -0.52644 -0.07916
0.12269 -0.13489 -0.05600 0.5490 -0.8286 0.1092 -0.49077 -0.08625
0.14437 -0.06204 -0.05169 0.9070 0.3805 0.1804 1.06901 -3.89184
0.11252 -0.14043 -0.05802 0.3804 -0.9217 0.0757 -0.45008 -0.09435
0.13989 -0.11833 -0.06250 0.8333 -0.5528 -0.0000 1.11227 -3.66666
0.13243 -0.12743 -0.06250 0.7101 -0.7041 0.0000 1.11227 -3.63029
0.13243 -0.04257 -0.06250 0.7101 0.7041 0.0000 1.11227 -3.96971
0.13989 -0.05167 -0.06250 0.8333 0.5528 -0.0000 1.11227 -3.93334
0.13243 -0.12743 -0.06250 0.7101 -0.7041 0.0000 -0.52971 -0.11227
0.12333 -0.13489 -0.06250 0.5598 -0.8286 0.0000 -0.49334 -0.11227
0.14543 -0.06204 -0.06250 0.9248 0.3805 -0.0000 1.11227 -3.89184
0.11296 -0.14043 -0.06250 0.3879 -0.9217 -0.0000 -0.45184 -0.11227
0.14885 -0.07329 -0.06250 0.9810 0.1939 -0.0000 1.11227 -3.84682
0.10171 -0.14385 -0.06250 0.2010 -0.9796 -0.0000 -0.40682 -0.11227
0.15000 -0.08500 -0.06250 1.0000 0.0000 -0.0000 1.11227 -3.80000
0.10171 -0.02615 -0.06250 0.2010 0.9796 -0.0000 -0.40682 -0.11227
0.14885 -0.09671 -0.06250 0.9810 -0.1939 -0.0000 1.11227 -3.75318
0.11296 -0.02957 -0.06250 0.3879 0.9217 -0.0000 -0.45184 -0.11227
0.14543 -0.10796 -0.06250 0.9248 -0.3805 -0.0000 1.11227 -3.70816
0.12333 -0.03511 -0.06250 0.5598 0.8286 0.0000 -0.49334 -0.11227
0.13243 -0.04257 -0.06250 0.7101 0.7041 0.0000 -0.52971 -0.11227
0.10148 -0.02615 -0.06478 0.1971 0.9796 -0.0392 -0.40592 -0.12140
0.10148 -0.14385 -0.06478 0.1971 -0.9796 -0.0392 -0.40592 -0.12140
0.14885 -0.08500 -0.07421 0.9808 0.0000 -0.1951 1.15909 -3.80000
0.14772 -0.09671 -0.07398 0.9622 -0.1939 -0.1914 1.15819 -3.75318
0.11252 -0.02957 -0.06698 0.3804 0.9217 -0.0757 -0.45008 -0.13018
0.14437 -0.10796 -0.07331 0.9070 -0.3805 -0.1804 1.15552 -3.70816
0.12269 -0.03511 -0.06900 0.5490 0.8286 -0.1092 -0.49077 -0.13828
0.13893 -0.11833 -0.07223 0.8173 -0.5528 -0.1626 1.15120 -3.66666
0.13161 -0.04257 -0.07078 0.6965 0.7041 -0.1385 -0.52644 -0.14537
0.13161 -0.12743 -0.07078 0.6965 -0.7041 -0.1385 1.14537 -3.63029
0.13161 -0.04257 -0.07078 0.6965 0.7041 -0.1385 1.14537 -3.96971
0.13893 -0.05167 -0.07223 0.8173 0.5528 -0.1626 1.15120 -3.93334
0.13161 -0.12743 -0.07078 0.6965 -0.7041 -0.1385 -0.52644 -0.14537
0.12269 -0.13489 -0.06900 0.5490 -0.8286 -0.1092 -0.49077 -0.13828
0.14437 -0.06204 -0.07331 0.9070 0.3805 -0.1804 1.15552 -3.89184
0.11252 -0.14043 -0.06698 0.3804 -0.9217 -0.0757 -0.45008 -0.13018
0.14772 -0.07329 -0.07398 0.9622 0.1939 -0.1914 1.15819 -3.84682
0.12920 -0.04257 -0.07874 0.6561 0.7041 -0.2718 1.17721 -3.96971
0.13609 -0.05167 -0.08159 0.7699 0.5528 -0.3189 1.18863 -3.93334
0.12920 -0.12743 -0.07874 0.6561 -0.7041 -0.2718 -0.51679 -0.17721
0.12080 -0.13489 -0.07526 0.5172 -0.8286 -0.2142 -0.48319 -0.16329
0.14121 -0.06204 -0.08371 0.8544 0.3805 -0.3539 1.19712 -3.89184
0.11121 -0.14043 -0.07129 0.3584 -0.9217 -0.1484 -0.44485 -0.14741
0.14437 -0.07329 -0.08502 0.9063 0.1939 -0.3754 1.20235 -3.84682
0.10081 -0.14385 -0.06698 0.1857 -0.9796 -0.0769 -0.40326 -0.13018
0.14543 -0.08500 -0.08546 0.9239 -0.0000 -0.3827 1.20411 -3.80000
0.10081 -0.02615 -0.06698 0.1857 0.9796 -0.0769 -0.40326 -0.13018
0.14437 -0.09671 -0.08502 0.9063 -0.1939 -0.3754 1.20235 -3.75318
0.11121 -0.02957 -0.07129 0.3584 0.9217 -0.1484 -0.44485 -0.14741
0.14121 -0.10796 -0.08371 0.8544 -0.3805 -0.3539 1.19712 -3.70816
0.12080 -0.03511 -0.07526 0.5172 0.8286 -0.2142 -0.48319 -0.16329
0.13609 -0.11833 -0.08159 0.7699 -0.5528 -0.3189 1.18863 -3.66666
0.12920 -0.04257 -0.07874 0.6561 0.7041 -0.2718 -0.51679 -0.17721
0.12920 -0.12743 -0.07874 0.6561 -0.7041 -0.2718 1.17721 -3.63029
0.13989 -0.08500 -0.09583 0.8315 -0.0000 -0.5556 1.24560 -3.80000
0.13893 -0.09671 -0.09519 0.8157 -0.1939 -0.5450 1.24304 -3.75318
0.09973 -0.02615 -0.06900 0.1671 0.9796 -0.1116 -0.39893 -0.13828
0.10909 -0.02957 -0.07526 0.3225 0.9217 -0.2155 -0.43637 -0.16329
0.13609 -0.10796 -0.09330 0.7689 -0.3805 -0.5138 1.23545 -3.70816
0.11772 -0.03511 -0.08102 0.4654 0.8286 -0.3110 -0.47087 -0.18634
0.13148 -0.11833 -0.09022 0.6929 -0.5528 -0.4630 1.22313 -3.66666
0.12528 -0.04257 -0.08607 0.5905 0.7041 -0.3945 -0.50111 -0.20655
0.12528 -0.12743 -0.08607 0.5905 -0.7041 -0.3945 1.20655 -3.63029
0.12528 -0.04257 -0.08607 0.5905 0.7041 -0.3945 1.20655 -3.96971
0.13148 -0.05167 -0.09022 0.6929 0.5528 -0.4630 1.22313 -3.93334
0.12528 -0.12743 -0.08607 0.5905 -0.7041 -0.3945 -0.50111 -0.20655
0.11772 -0.13489 -0.08102 0.4654 -0.8286 -0.3110 -0.47087 -0.18634
0.13609 -0.06204 -0.09330 0.7689 0.3805 -0.5138 1.23545 -3.89184
0.10909 -0.14043 -0.07526 0.3225 -0.9217 -0.2155 -0.43637 -0.16329
0.13893 -0.07329 -0.09519 0.8157 0.1939 -0.5450 1.24304 -3.84682
0.09973 -0.14385 -0.06900 0.1671 -0.9796 -0.1116 -0.39893 -0.13828
0.12000 -0.12743 -0.09250 0.5021 -0.7041 -0.5021 -0.48000 -0.23227
0.11357 -0.13489 -0.08607 0.3958 -0.8286 -0.3958 -0.45428 -0.20655
0.12528 -0.05167 -0.09778 0.5893 0.5528 -0.5893 1.25337 -3.93334
0.12920 -0.06204 -0.10170 0.6539 0.3805 -0.6539 1.26905 -3.89184
0.10624 -0.14043 -0.07874 0.2743 -0.9217 -0.2743 -0.42494 -0.17721
0.13161 -0.07329 -0.10411 0.6937 0.1939 -0.6937 1.27871 -3.84682
0.09828 -0.14385 -0.07078 0.1421 -0.9796 -0.1421 -0.39311 -0.14537
0.13243 -0.08500 -0.10493 0.7071 0.0000 -0.7071 1.28197 -3.80000
0.09828 -0.02615 -0.07078 0.1421 0.9796 -0.1421 -0.39311 -0.14537
0.13161 -0.09671 -0.10411 0.6937 -0.1939 -0.6937 1.27871 -3.75318
0.10624 -0.02957 -0.07874 0.2743 0.9217 -0.2743 -0.42494 -0.17721
0.12920 -0.10796 -0.10170 0.6539 -0.3805 -0.6539 1.26905 -3.70816
0.11357 -0.03511 -0.08607 0.3958 0.8286 -0.3958 -0.45428 -0.20655
0.12528 -0.11833 -0.09778 0.5893 -0.5528 -0.5893 1.25337 -3.66666
0.12000 -0.04257 -0.09250 0.5021 0.7041 -0.5021 -0.48000 -0.23227
0.13148 -0.11833 -0.09022 0.6929 -0.5528 -0.4630 -0.52592 -0.22313
0.12528 -0.11833 -0.09778 0.5893 -0.5528 -0.5893 -0.50110 -0.25337
0.13148 -0.05167 -0.09022 0.6929 0.5528 -0.4630 -0.52592 -0.22313
0.12528 -0.05167 -0.09778 0.5893 0.5528 -0.5893 -0.50110 -0.25337
0.12920 -0.10796 -0.10170 0.6539 -0.3805 -0.6539 -0.51679 -3.70816
0.13161 -0.09671 -0.10411 0.6937 -0.1939 -0.6937 -0.52644 -3.75318
0.12269 -0.09671 -0.11143 0.5450 -0.1939 -0.8157 -0.49077 -3.75318
0.12080 -0.10796 -0.10859 0.5138 -0.3805 -0.7689 -0.48319 -3.70816
0.10276 -0.02957 -0.08159 0.2155 0.9217 -0.3225 -0.41103 -0.18863
0.10852 -0.03511 -0.09022 0.3110 0.8286 -0.4654 -0.43408 -0.22313
0.12528 -0.11833 -0.09778 0.5893 -0.5528 -0.5893 -0.50110 -3.66666
0.11772 -0.11833 -0.10398 0.4630 -0.5528 -0.6929 -0.47087 -3.66666
0.11357 -0.04257 -0.09778 0.3945 0.7041 -0.5905 -0.45428 -0.25337
0.11772 -0.11833 -0.10398 0.4630 -0.5528 -0.6929 -0.47087 -0.27819
0.11357 -0.12743 -0.09778 0.3945 -0.7041 -0.5905 -0.45428 -0.25337
0.11772 -0.05167 -0.10398 0.4630 0.5528 -0.6929 -0.47087 -0.27819
0.10852 -0.13489 -0.09022 0.3110 -0.8286 -0.4654 -0.43408 -0.22313
0.12920 -0.06204 -0.10170 0.6539 0.3805 -0.6539 -0.51679 -3.89184
0.12528 -0.05167 -0.09778 0.5893 0.5528 -0.5893 -0.50110 -3.93334
0.11772 -0.05167 -0.10398 0.4630 0.5528 -0.6929 -0.47087 -3.93334
0.12080 -0.06204 -0.10859 0.5138 0.3805 -0.7689 -0.48319 -3.89184
0.10276 -0.14043 -0.08159 0.2155 -0.9217 -0.3225 -0.41103 -0.18863
0.13161 -0.07329 -0.10411 0.6937 0.1939 -0.6937 -0.52644 -3.84682
0.12269 -0.07329 -0.11143 0.5450 0.1939 -0.8157 -0.49077 -3.84682
0.09650 -0.14385 -0.07223 0.1116 -0.9796 -0.1671 -0.38601 -0.15120
0.13243 -0.08500 -0.10493 0.7071 0.0000 -0.7071 -0.52971 -3.80000
0.12333 -0.08500 -0.11239 0.5556 -0.0000 -0.8315 -0.49334 -3.80000
0.09650 -0.02615 -0.07223 0.1117 0.9796 -0.1671 -0.38601 -0.15120
0.10276 -0.13489 -0.09330 0.2142 -0.8286 -0.5172 -0.41103 -0.23545
0.09879 -0.14043 -0.08371 0.1484 -0.9217 -0.3584 -0.39515 -0.19712
0.11121 -0.06204 -0.11371 0.3539 0.3805 -0.8544 -0.44485 -3.89184
0.11252 -0.07329 -0.11687 0.3754 0.1939 -0.9063 -0.45008 -3.84682
0.09448 -0.14385 -0.07331 0.0769 -0.9796 -0.1857 -0.37792 -0.15552
0.11296 -0.08500 -0.11793 0.3827 -0.0000 -0.9239 -0.45184 -3.80000
0.09448 -0.02615 -0.07331 0.0769 0.9796 -0.1857 -0.37792 -0.15552
0.11252 -0.09671 -0.11687 0.3754 -0.1939 -0.9063 -0.45008 -3.75318
0.09879 -0.02957 -0.08371 0.1484 0.9217 -0.3584 -0.39515 -0.19712
0.11121 -0.10796 -0.11371 0.3539 -0.3805 -0.8544 -0.44485 -3.70816
0.10276 -0.03511 -0.09330 0.2142 0.8286 -0.5172 -0.41103 -0.23545
0.10909 -0.11833 -0.10859 0.3189 -0.5528 -0.7699 -0.43637 -3.66666
0.10624 -0.04257 -0.10170 0.2718 0.7041 -0.6561 -0.42494 -0.26905
0.11357 -0.12743 -0.09778 0.3945 -0.7041 -0.5905 -0.45428 -3.63029
0.10624 -0.12743 -0.10170 0.2718 -0.7041 -0.6561 -0.42494 -3.63029
0.11357 -0.04257 -0.09778 0.3945 0.7041 -0.5905 -0.45428 -3.96971
0.10624 -0.04257 -0.10170 0.2718 0.7041 -0.6561 -0.42494 -3.96971
0.10909 -0.05167 -0.10859 0.3189 0.5528 -0.7699 -0.43637 -3.93334
0.10624 -0.12743 -0.10170 0.2718 -0.7041 -0.6561 -0.42494 -0.26905
0.09448 -0.02957 -0.08502 0.0757 0.9217 -0.3804 -0.37792 -0.20235
0.09650 -0.03511 -0.09519 0.1092 0.8286 -0.5490 -0.38601 -0.24304
0.10081 -0.10796 -0.11687 0.1804 -0.3805 -0.9070 -0.40326 -3.70816
0.09973 -0.11833 -0.11143 0.1626 -0.5528 -0.8173 -0.39893 -3.66666
0.09828 -0.04257 -0.10411 0.1385 0.7041 -0.6965 -0.39311 -0.27871
0.09828 -0.12743 -0.10411 0.1385 -0.7041 -0.6965 -0.39311 -3.63029
0.09828 -0.04257 -0.10411 0.1385 0.7041 -0.6965 -0.39311 -3.96971
0.09973 -0.05167 -0.11143 0.1626 0.5528 -0.8173 -0.39893 -3.93334
0.09828 -0.12743 -0.10411 0.1385 -0.7041 -0.6965 -0.39311 -0.27871
0.09650 -0.13489 -0.09519 0.1092 -0.8286 -0.5490 -0.38601 -0.24304
0.10081 -0.06204 -0.11687 0.1804 0.3805 -0.9070 -0.40326 -3.89184
0.09448 -0.14043 -0.08502 0.0757 -0.9217 -0.3804 -0.37792 -0.20235
0.10148 -0.07329 -0.12022 0.1914 0.1939 -0.9622 -0.40592 -3.84682
0.09228 -0.14385 -0.07398 0.0392 -0.9796 -0.1971 -0.36913 -0.15819
0.10171 -0.08500 -0.12135 0.1951 0.0000 -0.9808 -0.40682 -3.80000
0.09228 -0.02615 -0.07398 0.0392 0.9796 -0.1971 -0.36913 -0.15819
0.10148 -0.09671 -0.12022 0.1914 -0.1939 -0.9622 -0.40592 -3.75318
-0.09000 -0.02615 -0.07421 0.0000 0.9796 -0.2010 0.36000 -0.15909
-0.09000 -0.02500 -0.06250 0.0000 1.0000 0.0000 0.36000 -0.11227
-0.09228 -0.02615 -0.07398 -0.0392 0.9796 -0.1971 0.36913 -0.15819
-0.09000 -0.14385 -0.07421 0.0000 -0.9796 -0.2010 0.36000 -0.15909
-0.09000 -0.14043 -0.08546 0.0000 -0.9217 -0.3879 0.36000 -0.20411
-0.09448 -0.14043 -0.08502 -0.0757 -0.9217 -0.3804 0.37792 -0.20235
-0.09228 -0.14385 -0.07398 -0.0392 -0.9796 -0.1971 0.36913 -0.15819
-0.09000 -0.13489 -0.09583 0.0000 -0.8286 -0.5598 0.36000 -0.24560
-0.09650 -0.13489 -0.09519 -0.1092 -0.8286 -0.5490 0.38601 -0.24304
-0.09000 -0.04257 -0.10493 0.0000 0.7041 -0.7101 0.36000 -0.28197
-0.09000 -0.03511 -0.09583 0.0000 0.8286 -0.5598 0.36000 -0.24560
-0.09650 -0.03511 -0.09519 -0.1092 0.8286 -0.5490 0.38601 -0.24304
-0.09828 -0.04257 -0.10411 -0.1385 0.7041 -0.6965 0.39311 -0.27871
-0.09000 -0.12743 -0.10493 0.0000 -0.7041 -0.7101 0.36000 -0.28197
-0.09828 -0.12743 -0.10411 -0.1385 -0.7041 -0.6965 0.39311 -0.27871
-0.09000 -0.02957 -0.08546 0.0000 0.9217 -0.3879 0.36000 -0.20411
-0.09448 -0.02957 -0.08502 -0.0757 0.9217 -0.3804 0.37792 -0.20235
-0.09000 -0.09671 -0.12135 0.0000 -0.1939 -0.9810 0.36000 -3.75318
-0.09000 -0.08500 -0.12250 0.0000 0.0000 -1.0000 0.36000 -3.80000
-0.10171 -0.08500 -0.12135 -0.1951 -0.0000 -0.9808 0.40682 -3.80000
-0.10148 -0.09671 -0.12022 -0.1914 -0.1939 -0.9622 0.40592 -3.75318
-0.09000 -0.12743 -0.10493 0.0000 -0.7041 -0.7101 0.36000 -3.63029
-0.09000 -0.11833 -0.11239 0.0000 -0.5528 -0.8333 0.36000 -3.66666
-0.09973 -0.11833 -0.11143 -0.1626 -0.5528 -0.8173 0.39893 -3.66666
-0.09828 -0.12743 -0.10411 -0.1385 -0.7041 -0.6965 0.39311 -3.63029
-0.09000 -0.07329 -0.12135 0.0000 0.1939 -0.9810 0.36000 -3.84682
-0.10148 -0.07329 -0.12022 -0.1914 0.1939 -0.9622 0.40592 -3.84682
-0.09000 -0.06204 -0.11793 0.0000 0.3805 -0.9248 0.36000 -3.89184
-0.10081 -0.06204 -0.11687 -0.1804 0.3805 -0.9070 0.40326 -3.89184
-0.09000 -0.10796 -0.11793 0.0000 -0.3805 -0.9248 0.36000 -3.70816
-0.10081 -0.10796 -0.11687 -0.1804 -0.3805 -0.9070 0.40326 -3.70816
-0.09000 -0.05167 -0.11239 0.0000 0.5528 -0.8333 0.36000 -3.93334
-0.09973 -0.05167 -0.11143 -0.1626 0.5528 -0.8173 0.39893 -3.93334
-0.09000 -0.14500 -0.06250 -0.0000 -1.0000 -0.0000 0.36000 -0.11227
-0.09000 -0.04257 -0.10493 0.0000 0.7041 -0.7101 0.36000 -3.96971
-0.09828 -0.04257 -0.10411 -0.1385 0.7041 -0.6965 0.39311 -3.96971
-0.10276 -0.03511 -0.09330 -0.2142 0.8286 -0.5172 0.41103 -0.23545
-0.10624 -0.04257 -0.10170 -0.2718 0.7041 -0.6561 0.42494 -0.26905
-0.10909 -0.11833 -0.10859 -0.3189 -0.5528 -0.7699 0.43637 -3.66666
-0.10624 -0.12743 -0.10170 -0.2718 -0.7041 -0.6561 0.42494 -3.63029
-0.10624 -0.04257 -0.10170 -0.2718 0.7041 -0.6561 0.42494 -3.96971
-0.10909 -0.05167 -0.10859 -0.3189 0.5528 -0.7699 0.43637 -3.93334
-0.11121 -0.06204 -0.11371 -0.3539 0.3805 -0.8544 0.44485 -3.89184
-0.11252 -0.07329 -0.11687 -0.3754 0.1939 -0.9063 0.45008 -3.84682
-0.10624 -0.12743 -0.10170 -0.2718 -0.7041 -0.6561 0.42494 -0.26905
-0.10276 -0.13489 -0.09330 -0.2142 -0.8286 -0.5172 0.41103 -0.23545
-0.11296 -0.08500 -0.11793 -0.3827 -0.0000 -0.9239 0.45184 -3.80000
-0.09879 -0.14043 -0.08371 -0.1484 -0.9217 -0.3584 0.39515 -0.19712
-0.09448 -0.14385 -0.07331 -0.0769 -0.9796 -0.1857 0.37792 -0.15552
-0.11252 -0.09671 -0.11687 -0.3754 -0.1939 -0.9063 0.45008 -3.75318
-0.09448 -0.02615 -0.07331 -0.0769 0.9796 -0.1857 0.37792 -0.15552
-0.09879 -0.02957 -0.08371 -0.1484 0.9217 -0.3584 0.39515 -0.19712
-0.11121 -0.10796 -0.11371 -0.3539 -0.3805 -0.8544 0.44485 -3.70816
-0.11772 -0.11833 -0.10398 -0.4630 -0.5528 -0.6929 0.47087 -3.66666
-0.11357 -0.12743 -0.09778 -0.3945 -0.7041 -0.5905 0.45428 -3.63029
-0.12080 -0.06204 -0.10859 -0.5138 0.3805 -0.7689 0.48319 -3.89184
-0.12269 -0.07329 -0.11143 -0.5450 0.1939 -0.8157 0.49077 -3.84682
-0.11772 -0.05167 -0.10398 -0.4630 0.5528 -0.6929 0.47087 -3.93334
-0.10276 -0.14043 -0.08159 -0.2155 -0.9217 -0.3225 0.41103 -0.18863
-0.09650 -0.14385 -0.07223 -0.1117 -0.9796 -0.1671 0.38601 -0.15120
-0.12333 -0.08500 -0.11239 -0.5556 -0.0000 -0.8315 0.49334 -3.80000
-0.12269 -0.09671 -0.11143 -0.5450 -0.1939 -0.8157 0.49077 -3.75318
-0.10852 -0.13489 -0.09022 -0.3110 -0.8286 -0.4654 0.43408 -0.22313
-0.10276 -0.02957 -0.08159 -0.2155 0.9217 -0.3225 0.41103 -0.18863
-0.10852 -0.03511 -0.09022 -0.3110 0.8286 -0.4654 0.43408 -0.22313
-0.09650 -0.02615 -0.07223 -0.1116 0.9796 -0.1671 0.38601 -0.15120
-0.12080 -0.10796 -0.10859 -0.5138 -0.3805 -0.7689 0.48319 -3.70816
-0.11357 -0.04257 -0.09778 -0.3945 0.7041 -0.5905 0.45428 -3.96971
-0.11357 -0.04257 -0.09778 -0.3945 0.7041 -0.5905 0.45428 -0.25337
-0.11357 -0.12743 -0.09778 -0.3945 -0.7041 -0.5905 0.45428 -0.25337
-0.13161 -0.09671 -0.10411 -0.6937 -0.1939 -0.6937 0.52644 -3.75318
-0.12920 -0.10796 -0.10170 -0.6539 -0.3805 -0.6539 0.51679 -3.70816
-0.11772 -0.11833 -0.10398 -0.4630 -0.5528 -0.6929 0.47087 -0.27819
-0.12528 -0.11833 -0.09778 -0.5893 -0.5528 -0.5893 0.50111 -0.25337
-0.12000 -0.12743 -0.09250 -0.5021 -0.7041 -0.5021 0.48000 -0.23227
-0.12528 -0.11833 -0.09778 -0.5893 -0.5528 -0.5893 0.50111 -3.66666
-0.11357 -0.03511 -0.08607 -0.3958 0.8286 -0.3958 0.45428 -0.20655
-0.12000 -0.04257 -0.09250 -0.5021 0.7041 -0.5021 0.48000 -0.23227
-0.11772 -0.05167 -0.10398 -0.4630 0.5528 -0.6929 0.47087 -0.27819
-0.12528 -0.05167 -0.09778 -0.5893 0.5528 -0.5893 0.50111 -0.25337
-0.09828 -0.02615 -0.07078 -0.1421 0.9796 -0.1421 0.39311 -0.14537
-0.10624 -0.02957 -0.07874 -0.2743 0.9217 -0.2743 0.42494 -0.17721
-0.11357 -0.13489 -0.08607 -0.3958 -0.8286 -0.3958 0.45428 -0.20655
-0.12528 -0.05167 -0.09778 -0.5893 0.5528 -0.5893 0.50111 -3.93334
-0.12920 -0.06204 -0.10170 -0.6539 0.3805 -0.6539 0.51679 -3.89184
-0.10624 -0.14043 -0.07874 -0.2743 -0.9217 -0.2743 0.42494 -0.17721
-0.13161 -0.07329 -0.10411 -0.6937 0.1939 -0.6937 0.52644 -3.84682
-0.09828 -0.14385 -0.07078 -0.1421 -0.9796 -0.1421 0.39311 -0.14537
-0.13243 -0.08500 -0.10493 -0.7071 -0.0000 -0.7071 0.52971 -3.80000
-0.09973 -0.14385 -0.06900 -0.1671 -0.9796 -0.1116 0.39893 -0.13828
-0.13243 -0.08500 -0.10493 -0.7071 -0.0000 -0.7071 1.28197 -3.80000
-0.13161 -0.07329 -0.10411 -0.6937 0.1939 -0.6937 1.27871 -3.84682
-0.13893 -0.07329 -0.09519 -0.8157 0.1939 -0.5450 1.24304 -3.84682
-0.13989 -0.08500 -0.09583 -0.8315 -0.0000 -0.5556 1.24560 -3.80000
-0.12920 -0.06204 -0.10170 -0.6539 0.3805 -0.6539 1.26905 -3.89184
-0.13609 -0.06204 -0.09330 -0.7689 0.3805 -0.5138 1.23545 -3.89184
-0.12528 -0.05167 -0.09778 -0.5893 0.5528 -0.5893 1.25337 -3.93334
-0.13148 -0.05167 -0.09022 -0.6929 0.5528 -0.4630 1.22313 -3.93334
-0.10909 -0.14043 -0.07526 -0.3225 -0.9217 -0.2155 0.43637 -0.16329
-0.11772 -0.13489 -0.08102 -0.4654 -0.8286 -0.3110 0.47087 -0.18634
-0.12528 -0.04257 -0.08607 -0.5905 0.7041 -0.3945 0.50111 -0.20655
-0.13148 -0.05167 -0.09022 -0.6929 0.5528 -0.4630 0.52592 -0.22313
-0.12528 -0.12743 -0.08607 -0.5905 -0.7041 -0.3945 0.50111 -0.20655
-0.13148 -0.11833 -0.09022 -0.6929 -0.5528 -0.4630 0.52592 -0.22313
-0.09973 -0.02615 -0.06900 -0.1671 0.9796 -0.1116 0.39893 -0.13828
-0.10909 -0.02957 -0.07526 -0.3225 0.9217 -0.2155 0.43637 -0.16329
-0.11772 -0.03511 -0.08102 -0.4654 0.8286 -0.3110 0.47087 -0.18634
-0.12528 -0.11833 -0.09778 -0.5893 -0.5528 -0.5893 1.25337 -3.66666
-0.12920 -0.10796 -0.10170 -0.6539 -0.3805 -0.6539 1.26905 -3.70816
-0.13609 -0.10796 -0.09330 -0.7689 -0.3805 -0.5138 1.23545 -3.70816
-0.13148 -0.11833 -0.09022 -0.6929 -0.5528 -0.4630 1.22313 -3.66666
-0.13161 -0.09671 -0.10411 -0.6937 -0.1939 -0.6937 1.27871 -3.75318
-0.13893 -0.09671 -0.09519 -0.8157 -0.1939 -0.5450 1.24304 -3.75318
-0.14543 -0.08500 -0.08546 -0.9239 -0.0000 -0.3827 1.20411 -3.80000
-0.14437 -0.09671 -0.08502 -0.9063 -0.1939 -0.3754 1.20235 -3.75318
-0.12528 -0.04257 -0.08607 -0.5905 0.7041 -0.3945 1.20655 -3.96971
-0.12920 -0.04257 -0.07874 -0.6561 0.7041 -0.2718 1.17721 -3.96971
-0.13609 -0.05167 -0.08159 -0.7699 0.5528 -0.3189 1.18863 -3.93334
-0.10081 -0.14385 -0.06698 -0.1857 -0.9796 -0.0769 0.40326 -0.13018
-0.14121 -0.10796 -0.08371 -0.8544 -0.3805 -0.3539 1.19712 -3.70816
-0.14121 -0.06204 -0.08371 -0.8544 0.3805 -0.3539 1.19712 -3.89184
-0.13609 -0.11833 -0.08159 -0.7699 -0.5528 -0.3189 1.18863 -3.66666
-0.12528 -0.12743 -0.08607 -0.5905 -0.7041 -0.3945 1.20655 -3.63029
-0.12920 -0.12743 -0.07874 -0.6561 -0.7041 -0.2718 1.17721 -3.63029
-0.12920 -0.12743 -0.07874 -0.6561 -0.7041 -0.2718 0.51679 -0.17721
-0.12080 -0.13489 -0.07526 -0.5172 -0.8286 -0.2142 0.48319 -0.16329
-0.10081 -0.02615 -0.06698 -0.1857 0.9796 -0.0769 0.40326 -0.13018
-0.11121 -0.14043 -0.07129 -0.3584 -0.9217 -0.1484 0.44485 -0.14741
-0.11121 -0.02957 -0.07129 -0.3584 0.9217 -0.1484 0.44485 -0.14741
-0.14437 -0.07329 -0.08502 -0.9063 0.1939 -0.3754 1.20235 -3.84682
-0.12080 -0.03511 -0.07526 -0.5172 0.8286 -0.2142 0.48319 -0.16329
-0.12920 -0.04257 -0.07874 -0.6561 0.7041 -0.2718 0.51679 -0.17721
-0.14772 -0.09671 -0.07398 -0.9622 -0.1939 -0.1914 1.15819 -3.75318
-0.14437 -0.10796 -0.07331 -0.9070 -0.3805 -0.1804 1.15552 -3.70816
-0.11252 -0.02957 -0.06698 -0.3804 0.9217 -0.0757 0.45008 -0.13018
-0.12269 -0.03511 -0.06900 -0.5490 0.8286 -0.1092 0.49077 -0.13828
-0.13893 -0.11833 -0.07223 -0.8173 -0.5528 -0.1626 1.15120 -3.66666
-0.13161 -0.04257 -0.07078 -0.6965 0.7041 -0.1385 0.52644 -0.14537
-0.13161 -0.12743 -0.07078 -0.6965 -0.7041 -0.1385 1.14537 -3.63029
-0.13161 -0.04257 -0.07078 -0.6965 0.7041 -0.1385 1.14537 -3.96971
-0.13893 -0.05167 -0.07223 -0.8173 0.5528 -0.1626 1.15120 -3.93334
-0.13161 -0.12743 -0.07078 -0.6965 -0.7041 -0.1385 0.52644 -0.14537
-0.12269 -0.13489 -0.06900 -0.5490 -0.8286 -0.1092 0.49077 -0.13828
-0.14437 -0.06204 -0.07331 -0.9070 0.3805 -0.1804 1.15552 -3.89184
-0.11252 -0.14043 -0.06698 -0.3804 -0.9217 -0.0757 0.45008 -0.13018
-0.14772 -0.07329 -0.07398 -0.9622 0.1939 -0.1914 1.15819 -3.84682
-0.10148 -0.14385 -0.06478 -0.1971 -0.9796 -0.0392 0.40592 -0.12140
-0.14885 -0.08500 -0.07421 -0.9808 -0.0000 -0.1951 1.15909 -3.80000
-0.10148 -0.02615 -0.06478 -0.1971 0.9796 -0.0392 0.40592 -0.12140
-0.12333 -0.13489 -0.06250 -0.5598 -0.8286 -0.0000 0.49334 -0.11227
-0.11296 -0.14043 -0.06250 -0.3879 -0.9217 -0.0000 0.45184 -0.11227
-0.14543 -0.06204 -0.06250 -0.9248 0.3805 0.0000 1.11227 -3.89184
-0.14885 -0.07329 -0.06250 -0.9810 0.1939 0.0000 1.11227 -3.84682
-0.10171 -0.14385 -0.06250 -0.2010 -0.9796 -0.0000 0.40682 -0.11227
-0.15000 -0.08500 -0.06250 -1.0000 -0.0000 0.0000 1.11227 -3.80000
-0.10171 -0.02615 -0.06250 -0.2010 0.9796 0.0000 0.40682 -0.11227
-0.14885 -0.09671 -0.06250 -0.9810 -0.1939 -0.0000 1.11227 -3.75318
-0.11296 -0.02957 -0.06250 -0.3879 0.9217 0.0000 0.45184 -0.11227
-0.14543 -0.10796 -0.06250 -0.9248 -0.3805 -0.0000 1.11227 -3.70816
-0.12333 -0.03511 -0.06250 -0.5598 0.8286 -0.0000 0.49334 -0.11227
-0.13989 -0.11833 -0.06250 -0.8333 -0.5528 -0.0000 1.11227 -3.66666
-0.13243 -0.04257 -0.06250 -0.7101 0.7041 -0.0000 0.52971 -0.11227
-0.13243 -0.12743 -0.06250 -0.7101 -0.7041 -0.0000 1.11227 -3.63029
-0.13243 -0.04257 -0.06250 -0.7101 0.7041 -0.0000 1.11227 -3.96971
-0.13989 -0.05167 -0.06250 -0.8333 0.5528 0.0000 1.11227 -3.93334
-0.13243 -0.12743 -0.06250 -0.7101 -0.7041 -0.0000 0.52971 -0.11227
-0.14437 -0.10796 -0.05169 -0.9070 -0.3805 0.1804 1.06901 -3.70816
-0.13893 -0.11833 -0.05277 -0.8173 -0.5528 0.1626 1.07334 -3.66666
-0.12269 -0.03511 -0.05600 -0.5490 0.8286 0.1092 0.49077 -0.08625
-0.13161 -0.04257 -0.05422 -0.6965 0.7041 0.1385 0.52644 -0.07916
-0.13161 -0.12743 -0.05422 -0.6965 -0.7041 0.1385 1.07916 -3.63029
-0.13161 -0.04257 -0.05422 -0.6965 0.7041 0.1385 1.07916 -3.96971
-0.13893 -0.05167 -0.05277 -0.8173 0.5528 0.1626 1.07334 -3.93334
-0.13161 -0.12743 -0.05422 -0.6965 -0.7041 0.1385 0.52644 -0.07916
-0.12269 -0.13489 -0.05600 -0.5490 -0.8286 0.1092 0.49077 -0.08625
-0.14437 -0.06204 -0.05169 -0.9070 0.3805 0.1804 1.06901 -3.89184
-0.11252 -0.14043 -0.05802 -0.3804 -0.9217 0.0757 0.45008 -0.09435
-0.14772 -0.07329 -0.05102 -0.9622 0.1939 0.1914 1.06634 -3.84682
-0.10148 -0.14385 -0.06022 -0.1971 -0.9796 0.0392 0.40592 -0.10313
-0.14885 -0.08500 -0.05079 -0.9808 0.0000 0.1951 1.06544 -3.80000
-0.10148 -0.02615 -0.06022 -0.1971 0.9796 0.0392 0.40592 -0.10313
-0.14772 -0.09671 -0.05102 -0.9622 -0.1939 0.1914 1.06634 -3.75318
-0.11252 -0.02957 -0.05802 -0.3804 0.9217 0.0757 0.45008 -0.09435
-0.11121 -0.14043 -0.05371 -0.3584 -0.9217 0.1484 0.44485 -0.07712
-0.10081 -0.14385 -0.05802 -0.1857 -0.9796 0.0769 0.40326 -0.09435
-0.14437 -0.07329 -0.03998 -0.9063 0.1939 0.3754 1.02219 -3.84682
-0.14543 -0.08500 -0.03954 -0.9239 -0.0000 0.3827 1.02042 -3.80000
-0.10081 -0.02615 -0.05802 -0.1857 0.9796 0.0769 0.40326 -0.09435
-0.14437 -0.09671 -0.03998 -0.9063 -0.1939 0.3754 1.02219 -3.75318
-0.11121 -0.02957 -0.05371 -0.3584 0.9217 0.1484 0.44485 -0.07712
-0.14121 -0.10796 -0.04129 -0.8544 -0.3805 0.3539 1.02741 -3.70816
-0.12080 -0.03511 -0.04974 -0.5172 0.8286 0.2142 0.48319 -0.06124
-0.13609 -0.11833 -0.04341 -0.7699 -0.5528 0.3189 1.03590 -3.66666
-0.12920 -0.04257 -0.04626 -0.6561 0.7041 0.2718 0.51679 -0.04732
-0.12920 -0.12743 -0.04626 -0.6561 -0.7041 0.2718 1.04732 -3.63029
-0.12920 -0.04257 -0.04626 -0.6561 0.7041 0.2718 1.04732 -3.96971
-0.13609 -0.05167 -0.04341 -0.7699 0.5528 0.3189 1.03590 -3.93334
-0.12920 -0.12743 -0.04626 -0.6561 -0.7041 0.2718 0.51679 -0.04732
-0.12080 -0.13489 -0.04974 -0.5172 -0.8286 0.2142 0.48319 -0.06124
-0.14121 -0.06204 -0.04129 -0.8544 0.3805 0.3539 1.02741 -3.89184
-0.11772 -0.03511 -0.04398 -0.4654 0.8286 0.3110 0.47087 -0.03819
-0.12528 -0.04257 -0.03893 -0.5905 0.7041 0.3945 0.50111 -0.01798
-0.13148 -0.11833 -0.03478 -0.6929 -0.5528 0.4630 1.00140 -3.66666
-0.12528 -0.12743 -0.03893 -0.5905 -0.7041 0.3945 1.01798 -3.63029
-0.12528 -0.04257 -0.03893 -0.5905 0.7041 0.3945 1.01798 -3.96971
-0.13148 -0.05167 -0.03478 -0.6929 0.5528 0.4630 1.00140 -3.93334
-0.12528 -0.12743 -0.03893 -0.5905 -0.7041 0.3945 0.50111 -0.01798
-0.11772 -0.13489 -0.04398 -0.4654 -0.8286 0.3110 0.47087 -0.03819
-0.13609 -0.06204 -0.03170 -0.7689 0.3805 0.5138 0.98908 -3.89184
-0.10909 -0.14043 -0.04974 -0.3225 -0.9217 0.2155 0.43637 -0.06124
-0.13893 -0.07329 -0.02981 -0.8157 0.1939 0.5450 0.98149 -3.84682
-0.09973 -0.14385 -0.05600 -0.1671 -0.9796 0.1116 0.39893 -0.08625
-0.13989 -0.08500 -0.02917 -0.8315 0.0000 0.5556 0.97893 -3.80000
-0.09973 -0.02615 -0.05600 -0.1671 0.9796 0.1116 0.39893 -0.08625
-0.13893 -0.09671 -0.02981 -0.8157 -0.1939 0.5450 0.98149 -3.75318
-0.10909 -0.02957 -0.04974 -0.3225 0.9217 0.2155 0.43637 -0.06124
-0.13609 -0.10796 -0.03170 -0.7689 -0.3805 0.5138 0.98908 -3.70816
-0.13161 -0.07329 -0.02089 -0.6937 0.1939 0.6937 0.94582 -3.84682
-0.13243 -0.08500 -0.02007 -0.7071 0.0000 0.7071 0.94256 -3.80000
-0.09828 -0.02615 -0.05422 -0.1421 0.9796 0.1421 0.39311 -0.07916
-0.09828 -0.14385 -0.05422 -0.1421 -0.9796 0.1421 0.39311 -0.07916
-0.13161 -0.09671 -0.02089 -0.6937 -0.1939 0.6937 0.94582 -3.75318
-0.10624 -0.02957 -0.04626 -0.2743 0.9217 0.2743 0.42494 -0.04732
-0.12920 -0.10796 -0.02330 -0.6539 -0.3805 0.6539 0.95548 -3.70816
-0.11357 -0.03511 -0.03893 -0.3958 0.8286 0.3958 0.45428 -0.01798
-0.12528 -0.11833 -0.02722 -0.5893 -0.5528 0.5893 0.97116 -3.66666
-0.12000 -0.04257 -0.03250 -0.5021 0.7041 0.5021 0.48000 0.00773
-0.13148 -0.11833 -0.03478 -0.6929 -0.5528 0.4630 0.52592 -0.00140
-0.12528 -0.11833 -0.02722 -0.5893 -0.5528 0.5893 0.50111 0.02884
-0.12000 -0.12743 -0.03250 -0.5021 -0.7041 0.5021 0.48000 0.00773
-0.13148 -0.05167 -0.03478 -0.6929 0.5528 0.4630 0.52592 -0.00140
-0.12528 -0.05167 -0.02722 -0.5893 0.5528 0.5893 0.50111 0.02884
-0.11357 -0.13489 -0.03893 -0.3958 -0.8286 0.3958 0.45428 -0.01798
-0.12528 -0.05167 -0.02722 -0.5893 0.5528 0.5893 0.97116 -3.93334
-0.12920 -0.06204 -0.02330 -0.6539 0.3805 0.6539 0.95548 -3.89184
-0.10624 -0.14043 -0.04626 -0.2743 -0.9217 0.2743 0.42494 -0.04732
-0.11772 -0.11833 -0.02102 -0.4630 -0.5528 0.6929 0.47087 0.05366
-0.11357 -0.12743 -0.02722 -0.3945 -0.7041 0.5905 0.45428 0.02884
-0.11357 -0.04257 -0.02722 -0.3945 0.7041 0.5905 0.45428 0.02884
-0.11772 -0.05167 -0.02102 -0.4630 0.5528 0.6929 0.47087 0.05366
-0.10852 -0.13489 -0.03478 -0.3110 -0.8286 0.4654 0.43408 -0.00140
-0.12920 -0.06204 -0.02330 -0.6539 0.3805 0.6539 0.51679 -3.89184
-0.12528 -0.05167 -0.02722 -0.5893 0.5528 0.5893 0.50111 -3.93334
-0.11772 -0.05167 -0.02102 -0.4630 0.5528 0.6929 0.47087 -3.93334
-0.12080 -0.06204 -0.01641 -0.5138 0.3805 0.7689 0.48319 -3.89184
-0.10276 -0.14043 -0.04341 -0.2155 -0.9217 0.3225 0.41103 -0.03590
-0.13161 -0.07329 -0.02089 -0.6937 0.1939 0.6937 0.52644 -3.84682
-0.12269 -0.07329 -0.01357 -0.5450 0.1939 0.8157 0.49077 -3.84682
-0.09650 -0.14385 -0.05277 -0.1117 -0.9796 0.1671 0.38601 -0.07334
-0.13243 -0.08500 -0.02007 -0.7071 0.0000 0.7071 0.52971 -3.80000
-0.12333 -0.08500 -0.01261 -0.5556 0.0000 0.8315 0.49334 -3.80000
-0.09650 -0.02615 -0.05277 -0.1117 0.9796 0.1671 0.38601 -0.07334
-0.13161 -0.09671 -0.02089 -0.6937 -0.1939 0.6937 0.52644 -3.75318
-0.12269 -0.09671 -0.01357 -0.5450 -0.1939 0.8157 0.49077 -3.75318
-0.10276 -0.02957 -0.04341 -0.2155 0.9217 0.3225 0.41103 -0.03590
-0.12920 -0.10796 -0.02330 -0.6539 -0.3805 0.6539 0.51679 -3.70816
-0.12080 -0.10796 -0.01641 -0.5138 -0.3805 0.7689 0.48319 -3.70816
-0.10852 -0.03511 -0.03478 -0.3110 0.8286 0.4654 0.43408 -0.00140
-0.12528 -0.11833 -0.02722 -0.5893 -0.5528 0.5893 0.50111 -3.66666
-0.11772 -0.11833 -0.02102 -0.4630 -0.5528 0.6929 0.47087 -3.66666
-0.09448 -0.02615 -0.05169 -0.0769 0.9796 0.1857 0.37792 -0.06901
-0.09448 -0.14385 -0.05169 -0.0769 -0.9796 0.1857 0.37792 -0.06901
-0.11296 -0.08500 -0.00707 -0.3827 0.0000 0.9239 0.45184 -3.80000
-0.11252 -0.09671 -0.00813 -0.3754 -0.1939 0.9063 0.45008 -3.75318
-0.09879 -0.02957 -0.04129 -0.1484 0.9217 0.3584 0.39515 -0.02741
-0.11121 -0.10796 -0.01129 -0.3539 -0.3805 0.8544 0.44485 -3.70816
-0.10276 -0.03511 -0.03170 -0.2142 0.8286 0.5172 0.41103 0.01092
-0.10909 -0.11833 -0.01641 -0.3189 -0.5528 0.7699 0.43637 -3.66666
-0.10624 -0.04257 -0.02330 -0.2718 0.7041 0.6561 0.42494 0.04452
-0.11357 -0.12743 -0.02722 -0.3945 -0.7041 0.5905 0.45428 -3.63029
-0.10624 -0.12743 -0.02330 -0.2718 -0.7041 0.6561 0.42494 -3.63029
-0.11357 -0.04257 -0.02722 -0.3945 0.7041 0.5905 0.45428 -3.96971
-0.10624 -0.04257 -0.02330 -0.2718 0.7041 0.6561 0.42494 -3.96971
-0.10909 -0.05167 -0.01641 -0.3189 0.5528 0.7699 0.43637 -3.93334
-0.10624 -0.12743 -0.02330 -0.2718 -0.7041 0.6561 0.42494 0.04452
-0.10276 -0.13489 -0.03170 -0.2142 -0.8286 0.5172 0.41103 0.01092
-0.11121 -0.06204 -0.01129 -0.3539 0.3805 0.8544 0.44485 -3.89184
-0.09879 -0.14043 -0.04129 -0.1484 -0.9217 0.3584 0.39515 -0.02741
-0.11252 -0.07329 -0.00813 -0.3754 0.1939 0.9063 0.45008 -3.84682
-0.09828 -0.04257 -0.02089 -0.1385 0.7041 0.6965 0.39311 -3.96971
-0.09973 -0.05167 -0.01357 -0.1626 0.5528 0.8173 0.39893 -3.93334
-0.09828 -0.12743 -0.02089 -0.1385 -0.7041 0.6965 0.39311 0.05418
-0.09650 -0.13489 -0.02981 -0.1092 -0.8286 0.5490 0.38601 0.01851
-0.10081 -0.06204 -0.00813 -0.1804 0.3805 0.9070 0.40326 -3.89184
-0.09448 -0.14043 -0.03998 -0.0757 -0.9217 0.3804 0.37792 -0.02219
-0.10148 -0.07329 -0.00478 -0.1914 0.1939 0.9622 0.40592 -3.84682
-0.09228 -0.14385 -0.05102 -0.0392 -0.9796 0.1971 0.36913 -0.06634
-0.10171 -0.08500 -0.00365 -0.1951 -0.0000 0.9808 0.40682 -3.80000
-0.09228 -0.02615 -0.05102 -0.0392 0.9796 0.1971 0.36913 -0.06634
-0.10148 -0.09671 -0.00478 -0.1914 -0.1939 0.9622 0.40592 -3.75318
-0.09448 -0.02957 -0.03998 -0.0757 0.9217 0.3804 0.37792 -0.02219
-0.10081 -0.10796 -0.00813 -0.1804 -0.3805 0.9070 0.40326 -3.70816
-0.09650 -0.03511 -0.02981 -0.1092 0.8286 0.5490 0.38601 0.01851
-0.09973 -0.11833 -0.01357 -0.1626 -0.5528 0.8173 0.39893 -3.66666
-0.09828 -0.04257 -0.02089 -0.1385 0.7041 0.6965 0.39311 0.05418
-0.09828 -0.12743 -0.02089 -0.1385 -0.7041 0.6965 0.39311 -3.63029
-0.09000 -0.08500 -0.00250 0.0000 0.0000 1.0000 0.36000 -3.80000
-0.09000 -0.09671 -0.00365 -0.0000 -0.1939 0.9810 0.36000 -3.75318
-0.09000 -0.02615 -0.05079 0.0000 0.9796 0.2010 0.36000 -0.06544
-0.09000 -0.02957 -0.03954 0.0000 0.9217 0.3879 0.36000 -0.02042
-0.09000 -0.10796 -0.00707 0.0000 -0.3805 0.9248 0.36000 -3.70816
-0.09000 -0.03511 -0.02917 0.0000 0.8286 0.5598 0.36000 0.02107
-0.09000 -0.11833 -0.01261 0.0000 -0.5528 0.8333 0.36000 -3.66666
-0.09000 -0.04257 -0.02007 0.0000 0.7041 0.7101 0.36000 0.05744
-0.09000 -0.12743 -0.02007 -0.0000 -0.7041 0.7101 0.36000 -3.63029
-0.09000 -0.04257 -0.02007 0.0000 0.7041 0.7101 0.36000 -3.96971
-0.09000 -0.05167 -0.01261 -0.0000 0.5528 0.8333 0.36000 -3.93334
-0.09000 -0.12743 -0.02007 -0.0000 -0.7041 0.7101 0.36000 0.05744
-0.09000 -0.13489 -0.02917 -0.0000 -0.8286 0.5598 0.36000 0.02107
-0.09000 -0.06204 -0.00707 -0.0000 0.3805 0.9248 0.36000 -3.89184
-0.09000 -0.14043 -0.03954 0.0000 -0.9217 0.3879 0.36000 -0.02042
-0.09000 -0.07329 -0.00365 0.0000 0.1939 0.9810 0.36000 -3.84682
-0.09000 -0.14385 -0.05079 0.0000 -0.9796 0.2010 0.36000 -0.06544
-0.08172 -0.12743 -0.02089 0.1385 -0.7041 0.6965 0.32689 0.05418
-0.08350 -0.13489 -0.02981 0.1092 -0.8286 0.5490 0.33399 0.01851
-0.08027 -0.05167 -0.01357 0.1626 0.5528 0.8173 0.32107 -3.93334
-0.07919 -0.06204 -0.00813 0.1804 0.3805 0.9070 0.31674 -3.89184
-0.08552 -0.14043 -0.03998 0.0757 -0.9217 0.3804 0.34208 -0.02219
-0.07852 -0.07329 -0.00478 0.1914 0.1939 0.9622 0.31408 -3.84682
-0.08772 -0.14385 -0.05102 0.0392 -0.9796 0.1971 0.35087 -0.06634
-0.07829 -0.08500 -0.00365 0.1951 0.0000 0.9808 0.31318 -3.80000
-0.08772 -0.02615 -0.05102 0.0392 0.9796 0.1971 0.35087 -0.06634
-0.07852 -0.09671 -0.00478 0.1914 -0.1939 0.9622 0.31408 -3.75318
-0.08552 -0.02957 -0.03998 0.0757 0.9217 0.3804 0.34208 -0.02219
-0.07919 -0.10796 -0.00813 0.1804 -0.3805 0.9070 0.31674 -3.70816
-0.08350 -0.03511 -0.02981 0.1092 0.8286 0.5490 0.33399 0.01851
-0.08027 -0.11833 -0.01357 0.1626 -0.5528 0.8173 0.32107 -3.66666
-0.08172 -0.04257 -0.02089 0.1385 0.7041 0.6965 0.32689 0.05418
-0.08172 -0.12743 -0.02089 0.1385 -0.7041 0.6965 0.32689 -3.63029
-0.08172 -0.04257 -0.02089 0.1385 0.7041 0.6965 0.32689 -3.96971
-0.06748 -0.09671 -0.00813 0.3754 -0.1939 0.9063 0.26992 -3.75318
-0.06879 -0.10796 -0.01129 0.3539 -0.3805 0.8544 0.27515 -3.70816
-0.08121 -0.02957 -0.04129 0.1484 0.9217 0.3584 0.32485 -0.02741
-0.07724 -0.03511 -0.03170 0.2142 0.8286 0.5172 0.30897 0.01092
-0.07091 -0.11833 -0.01641 0.3189 -0.5528 0.7699 0.28363 -3.66666
-0.07376 -0.04257 -0.02330 0.2718 0.7041 0.6561 0.29506 0.04452
-0.07376 -0.12743 -0.02330 0.2718 -0.7041 0.6561 0.29506 -3.63029
-0.07376 -0.04257 -0.02330 0.2718 0.7041 0.6561 0.29506 -3.96971
-0.07091 -0.05167 -0.01641 0.3189 0.5528 0.7699 0.28363 -3.93334
-0.07376 -0.12743 -0.02330 0.2718 -0.7041 0.6561 0.29506 0.04452
-0.07724 -0.13489 -0.03170 0.2142 -0.8286 0.5172 0.30897 0.01092
-0.06879 -0.06204 -0.01129 0.3539 0.3805 0.8544 0.27515 -3.89184
-0.08121 -0.14043 -0.04129 0.1484 -0.9217 0.3584 0.32485 -0.02741
-0.06748 -0.07329 -0.00813 0.3754 0.1939 0.9063 0.26992 -3.84682
-0.08552 -0.14385 -0.05169 0.0769 -0.9796 0.1857 0.34208 -0.06901
-0.06704 -0.08500 -0.00707 0.3827 0.0000 0.9239 0.26816 -3.80000
-0.08552 -0.02615 -0.05169 0.0769 0.9796 0.1857 0.34208 -0.06901
-0.07148 -0.13489 -0.03478 0.3110 -0.8286 0.4654 0.28592 -0.00140
-0.07724 -0.14043 -0.04341 0.2155 -0.9217 0.3225 0.30897 -0.03590
-0.05920 -0.06204 -0.01641 0.5138 0.3805 0.7689 0.23681 -3.89184
-0.05731 -0.07329 -0.01357 0.5450 0.1939 0.8157 0.22923 -3.84682
-0.08350 -0.14385 -0.05277 0.1117 -0.9796 0.1671 0.33399 -0.07334
-0.05667 -0.08500 -0.01261 0.5556 -0.0000 0.8315 0.22666 -3.80000
-0.08350 -0.02615 -0.05277 0.1116 0.9796 0.1671 0.33399 -0.07334
-0.05731 -0.09671 -0.01357 0.5450 -0.1939 0.8157 0.22923 -3.75318
-0.07724 -0.02957 -0.04341 0.2155 0.9217 0.3225 0.30897 -0.03590
-0.05920 -0.10796 -0.01641 0.5138 -0.3805 0.7689 0.23681 -3.70816
-0.07148 -0.03511 -0.03478 0.3110 0.8286 0.4654 0.28592 -0.00140
-0.06228 -0.11833 -0.02102 0.4630 -0.5528 0.6929 0.24913 -3.66666
-0.06643 -0.04257 -0.02722 0.3945 0.7041 0.5905 0.26572 0.02884
-0.06643 -0.12743 -0.02722 0.3945 -0.7041 0.5905 0.26572 -3.63029
-0.06643 -0.04257 -0.02722 0.3945 0.7041 0.5905 0.26572 -3.96971
-0.06228 -0.05167 -0.02102 0.4630 0.5528 0.6929 0.24913 -3.93334
-0.06643 -0.12743 -0.02722 0.3945 -0.7041 0.5905 0.26572 0.02884
-0.07376 -0.02957 -0.04626 0.2743 0.9217 0.2743 0.29506 -0.04732
-0.06643 -0.03511 -0.03893 0.3958 0.8286 0.3958 0.26572 -0.01798
-0.05080 -0.10796 -0.02330 0.6539 -0.3805 0.6539 0.20321 -3.70816
-0.05472 -0.11833 -0.02722 0.5893 -0.5528 0.5893 0.21890 -3.66666
-0.06000 -0.04257 -0.03250 0.5021 0.7041 0.5021 0.24000 0.00773
-0.06228 -0.11833 -0.02102 0.4630 -0.5528 0.6929 0.24913 0.05366
-0.05472 -0.11833 -0.02722 0.5893 -0.5528 0.5893 0.21890 0.02884
-0.06000 -0.12743 -0.03250 0.5021 -0.7041 0.5021 0.24000 0.00773
-0.06228 -0.05167 -0.02102 0.4630 0.5528 0.6929 0.24913 0.05366
-0.05472 -0.05167 -0.02722 0.5893 0.5528 0.5893 0.21890 0.02884
-0.06643 -0.13489 -0.03893 0.3958 -0.8286 0.3958 0.26572 -0.01798
-0.05472 -0.05167 -0.02722 0.5893 0.5528 0.5893 0.21890 -3.93334
-0.05080 -0.06204 -0.02330 0.6539 0.3805 0.6539 0.20321 -3.89184
-0.07376 -0.14043 -0.04626 0.2743 -0.9217 0.2743 0.29506 -0.04732
-0.04839 -0.07329 -0.02089 0.6937 0.1939 0.6937 0.19356 -3.84682
-0.08172 -0.14385 -0.05422 0.1421 -0.9796 0.1421 0.32689 -0.07916
-0.04757 -0.08500 -0.02007 0.7071 -0.0000 0.7071 0.19029 -3.80000
-0.08172 -0.02615 -0.05422 0.1421 0.9796 0.1421 0.32689 -0.07916
-0.04839 -0.09671 -0.02089 0.6937 -0.1939 0.6937 0.19356 -3.75318
-0.04839 -0.07329 -0.02089 0.6937 0.1939 0.6937 0.94582 -3.84682
-0.05080 -0.06204 -0.02330 0.6539 0.3805 0.6539 0.95548 -3.89184
-0.04391 -0.06204 -0.03170 0.7689 0.3805 0.5138 0.98908 -3.89184
-0.04107 -0.07329 -0.02981 0.8157 0.1939 0.5450 0.98149 -3.84682
-0.07091 -0.14043 -0.04974 0.3225 -0.9217 0.2155 0.28363 -0.06124
-0.08027 -0.14385 -0.05600 0.1671 -0.9796 0.1116 0.32107 -0.08625
-0.04757 -0.08500 -0.02007 0.7071 -0.0000 0.7071 0.94256 -3.80000
-0.04011 -0.08500 -0.02917 0.8315 0.0000 0.5556 0.97893 -3.80000
-0.08027 -0.02615 -0.05600 0.1671 0.9796 0.1116 0.32107 -0.08625
-0.04839 -0.09671 -0.02089 0.6937 -0.1939 0.6937 0.94582 -3.75318
-0.04107 -0.09671 -0.02981 0.8157 -0.1939 0.5450 0.98149 -3.75318
-0.07091 -0.02957 -0.04974 0.3225 0.9217 0.2155 0.28363 -0.06124
-0.05080 -0.10796 -0.02330 0.6539 -0.3805 0.6539 0.95548 -3.70816
-0.04391 -0.10796 -0.03170 0.7689 -0.3805 0.5138 0.98908 -3.70816
-0.06228 -0.03511 -0.04398 0.4654 0.8286 0.3110 0.24913 -0.03819
-0.05472 -0.11833 -0.02722 0.5893 -0.5528 0.5893 0.97116 -3.66666
-0.04852 -0.11833 -0.03478 0.6929 -0.5528 0.4630 1.00140 -3.66666
-0.05472 -0.04257 -0.03893 0.5905 0.7041 0.3945 0.21889 -0.01798
-0.04852 -0.11833 -0.03478 0.6929 -0.5528 0.4630 0.19408 -0.00140
-0.05472 -0.12743 -0.03893 0.5905 -0.7041 0.3945 0.21889 -0.01798
-0.04852 -0.05167 -0.03478 0.6929 0.5528 0.4630 0.19408 -0.00140
-0.06228 -0.13489 -0.04398 0.4654 -0.8286 0.3110 0.24913 -0.03819
-0.05472 -0.05167 -0.02722 0.5893 0.5528 0.5893 0.97116 -3.93334
-0.04852 -0.05167 -0.03478 0.6929 0.5528 0.4630 1.00140 -3.93334
-0.03879 -0.10796 -0.04129 0.8544 -0.3805 0.3539 1.02741 -3.70816
-0.04391 -0.11833 -0.04341 0.7699 -0.5528 0.3189 1.03590 -3.66666
-0.05920 -0.03511 -0.04974 0.5172 0.8286 0.2142 0.23681 -0.06124
-0.05080 -0.04257 -0.04626 0.6561 0.7041 0.2718 0.20321 -0.04732
-0.05472 -0.12743 -0.03893 0.5905 -0.7041 0.3945 1.01798 -3.63029
-0.05080 -0.12743 -0.04626 0.6561 -0.7041 0.2718 1.04732 -3.63029
-0.05472 -0.04257 -0.03893 0.5905 0.7041 0.3945 1.01798 -3.96971
-0.05080 -0.04257 -0.04626 0.6561 0.7041 0.2718 1.04732 -3.96971
-0.04391 -0.05167 -0.04341 0.7699 0.5528 0.3189 1.03590 -3.93334
-0.05080 -0.12743 -0.04626 0.6561 -0.7041 0.2718 0.20321 -0.04732
-0.05920 -0.13489 -0.04974 0.5172 -0.8286 0.2142 0.23681 -0.06124
-0.03879 -0.06204 -0.04129 0.8544 0.3805 0.3539 1.02741 -3.89184
-0.06879 -0.14043 -0.05371 0.3584 -0.9217 0.1484 0.27515 -0.07712
-0.03563 -0.07329 -0.03998 0.9063 0.1939 0.3754 1.02219 -3.84682
-0.07919 -0.14385 -0.05802 0.1857 -0.9796 0.0769 0.31674 -0.09435
-0.03457 -0.08500 -0.03954 0.9239 -0.0000 0.3827 1.02042 -3.80000
-0.07919 -0.02615 -0.05802 0.1857 0.9796 0.0769 0.31674 -0.09435
-0.03563 -0.09671 -0.03998 0.9063 -0.1939 0.3754 1.02219 -3.75318
-0.06879 -0.02957 -0.05371 0.3584 0.9217 0.1484 0.27515 -0.07712
-0.06748 -0.14043 -0.05802 0.3804 -0.9217 0.0757 0.26992 -0.09435
-0.07852 -0.14385 -0.06022 0.1971 -0.9796 0.0392 0.31408 -0.10313
-0.03228 -0.07329 -0.05102 0.9622 0.1939 0.1914 1.06634 -3.84682
-0.03115 -0.08500 -0.05079 0.9808 -0.0000 0.1951 1.06545 -3.80000
-0.07852 -0.02615 -0.06022 0.1971 0.9796 0.0392 0.31408 -0.10313
-0.03228 -0.09671 -0.05102 0.9622 -0.1939 0.1914 1.06634 -3.75318
-0.06748 -0.02957 -0.05802 0.3804 0.9217 0.0757 0.26992 -0.09435
-0.03563 -0.10796 -0.05169 0.9070 -0.3805 0.1804 1.06901 -3.70816
-0.05731 -0.03511 -0.05600 0.5490 0.8286 0.1092 0.22923 -0.08625
-0.04107 -0.11833 -0.05277 0.8173 -0.5528 0.1626 1.07334 -3.66666
-0.04839 -0.04257 -0.05422 0.6965 0.7041 0.1385 0.19356 -0.07916
-0.04839 -0.12743 -0.05422 0.6965 -0.7041 0.1385 1.07916 -3.63029
-0.04839 -0.04257 -0.05422 0.6965 0.7041 0.1385 1.07916 -3.96971
-0.04107 -0.05167 -0.05277 0.8173 0.5528 0.1626 1.07334 -3.93334
-0.04839 -0.12743 -0.05422 0.6965 -0.7041 0.1385 0.19356 -0.07916
-0.05731 -0.13489 -0.05600 0.5490 -0.8286 0.1092 0.22923 -0.08625
-0.03563 -0.06204 -0.05169 0.9070 0.3805 0.1804 1.06901 -3.89184
-0.04011 -0.11833 -0.06250 0.8333 -0.5528 -0.0000 1.11227 -3.66666
-0.04757 -0.12743 -0.06250 0.7101 -0.7041 0.0000 1.11227 -3.63029
-0.04757 -0.04257 -0.06250 0.7101 0.7041 -0.0000 1.11227 -3.96971
-0.04011 -0.05167 -0.06250 0.8333 0.5528 -0.0000 1.11227 -3.93334
-0.04757 -0.12743 -0.06250 0.7101 -0.7041 0.0000 0.19029 -0.11227
-0.05667 -0.13489 -0.06250 0.5598 -0.8286 -0.0000 0.22666 -0.11227
-0.03457 -0.06204 -0.06250 0.9248 0.3805 -0.0000 1.11227 -3.89184
-0.06704 -0.14043 -0.06250 0.3879 -0.9217 0.0000 0.26816 -0.11227
-0.03115 -0.07329 -0.06250 0.9810 0.1939 -0.0000 1.11227 -3.84682
-0.07829 -0.14385 -0.06250 0.2010 -0.9796 0.0000 0.31318 -0.11227
-0.03000 -0.08500 -0.06250 1.0000 0.0000 -0.0000 1.11227 -3.80000
-0.07829 -0.02615 -0.06250 0.2010 0.9796 0.0000 0.31318 -0.11227
-0.03115 -0.09671 -0.06250 0.9810 -0.1939 -0.0000 1.11227 -3.75318
-0.06704 -0.02957 -0.06250 0.3879 0.9217 -0.0000 0.26816 -0.11227
-0.03457 -0.10796 -0.06250 0.9248 -0.3805 -0.0000 1.11227 -3.70816
-0.05667 -0.03511 -0.06250 0.5598 0.8286 0.0000 0.22666 -0.11227
-0.04757 -0.04257 -0.06250 0.7101 0.7041 -0.0000 0.19029 -0.11227
-0.07852 -0.02615 -0.06478 0.1971 0.9796 -0.0392 0.31408 -0.12140
-0.07852 -0.14385 -0.06478 0.1971 -0.9796 -0.0392 0.31408 -0.12140
-0.03115 -0.08500 -0.07421 0.9808 0.0000 -0.1951 1.15909 -3.80000
-0.03228 -0.09671 -0.07398 0.9622 -0.1939 -0.1914 1.15819 -3.75318
-0.06748 -0.02957 -0.06698 0.3804 0.9217 -0.0757 0.26992 -0.13018
-0.03563 -0.10796 -0.07331 0.9070 -0.3805 -0.1804 1.15552 -3.70816
-0.05731 -0.03511 -0.06900 0.5490 0.8286 -0.1092 0.22923 -0.13828
-0.04107 -0.11833 -0.07223 0.8173 -0.5528 -0.1626 1.15120 -3.66666
-0.04839 -0.04257 -0.07078 0.6965 0.7041 -0.1385 0.19356 -0.14537
-0.04839 -0.12743 -0.07078 0.6965 -0.7041 -0.1385 1.14537 -3.63029
-0.04839 -0.04257 -0.07078 0.6965 0.7041 -0.1385 1.14537 -3.96971
-0.04107 -0.05167 -0.07223 0.8173 0.5528 -0.1626 1.15120 -3.93334
-0.04839 -0.12743 -0.07078 0.6965 -0.7041 -0.1385 0.19356 -0.14537
-0.05731 -0.13489 -0.06900 0.5490 -0.8286 -0.1092 0.22923 -0.13828
-0.03563 -0.06204 -0.07331 0.9070 0.3805 -0.1804 1.15552 -3.89184
-0.06748 -0.14043 -0.06698 0.3804 -0.9217 -0.0757 0.26992 -0.13018
-0.03228 -0.07329 -0.07398 0.9622 0.1939 -0.1914 1.15819 -3.84682
-0.05080 -0.04257 -0.07874 0.6561 0.7041 -0.2718 1.17721 -3.96971
-0.04391 -0.05167 -0.08159 0.7699 0.5528 -0.3189 1.18863 -3.93334
-0.05080 -0.12743 -0.07874 0.6561 -0.7041 -0.2718 0.20321 -0.17721
-0.05920 -0.13489 -0.07526 0.5172 -0.8286 -0.2142 0.23681 -0.16329
-0.03879 -0.06204 -0.08371 0.8544 0.3805 -0.3539 1.19712 -3.89184
-0.06879 -0.14043 -0.07129 0.3584 -0.9217 -0.1484 0.27515 -0.14741
-0.03563 -0.07329 -0.08502 0.9063 0.1939 -0.3754 1.20235 -3.84682
-0.07919 -0.14385 -0.06698 0.1857 -0.9796 -0.0769 0.31674 -0.13018
-0.03457 -0.08500 -0.08546 0.9239 -0.0000 -0.3827 1.20411 -3.80000
-0.07919 -0.02615 -0.06698 0.1857 0.9796 -0.0769 0.31674 -0.13018
-0.03563 -0.09671 -0.08502 0.9063 -0.1939 -0.3754 1.20235 -3.75318
-0.06879 -0.02957 -0.07129 0.3584 0.9217 -0.1484 0.27515 -0.14741
-0.03879 -0.10796 -0.08371 0.8544 -0.3805 -0.3539 1.19712 -3.70816
-0.05920 -0.03511 -0.07526 0.5172 0.8286 -0.2142 0.23681 -0.16329
-0.04391 -0.11833 -0.08159 0.7699 -0.5528 -0.3189 1.18863 -3.66666
-0.05080 -0.04257 -0.07874 0.6561 0.7041 -0.2718 0.20321 -0.17721
-0.05080 -0.12743 -0.07874 0.6561 -0.7041 -0.2718 1.17721 -3.63029
-0.04011 -0.08500 -0.09583 0.8315 0.0000 -0.5556 1.24560 -3.80000
-0.04107 -0.09671 -0.09519 0.8157 -0.1939 -0.5450 1.24304 -3.75318
-0.08027 -0.02615 -0.06900 0.1671 0.9796 -0.1116 0.32107 -0.13828
-0.07091 -0.02957 -0.07526 0.3225 0.9217 -0.2155 0.28363 -0.16329
-0.04391 -0.10796 -0.09330 0.7689 -0.3805 -0.5138 1.23545 -3.70816
-0.06228 -0.03511 -0.08102 0.4654 0.8286 -0.3110 0.24913 -0.18634
-0.04852 -0.11833 -0.09022 0.6929 -0.5528 -0.4630 1.22313 -3.66666
-0.05472 -0.04257 -0.08607 0.5905 0.7041 -0.3945 0.21889 -0.20655
-0.05472 -0.12743 -0.08607 0.5905 -0.7041 -0.3945 1.20655 -3.63029
-0.05472 -0.04257 -0.08607 0.5905 0.7041 -0.3945 1.20655 -3.96971
-0.04852 -0.05167 -0.09022 0.6929 0.5528 -0.4630 1.22313 -3.93334
-0.05472 -0.12743 -0.08607 0.5905 -0.7041 -0.3945 0.21889 -0.20655
-0.06228 -0.13489 -0.08102 0.4654 -0.8286 -0.3110 0.24913 -0.18634
-0.04391 -0.06204 -0.09330 0.7689 0.3805 -0.5138 1.23545 -3.89184
-0.07091 -0.14043 -0.07526 0.3225 -0.9217 -0.2155 0.28363 -0.16329
-0.04107 -0.07329 -0.09519 0.8157 0.1939 -0.5450 1.24304 -3.84682
-0.08027 -0.14385 -0.06900 0.1671 -0.9796 -0.1116 0.32107 -0.13828
-0.06000 -0.12743 -0.09250 0.5021 -0.7041 -0.5021 0.24000 -0.23227
-0.06643 -0.13489 -0.08607 0.3958 -0.8286 -0.3958 0.26572 -0.20655
-0.05472 -0.05167 -0.09778 0.5893 0.5528 -0.5893 1.25337 -3.93334
-0.05080 -0.06204 -0.10170 0.6539 0.3805 -0.6539 1.26905 -3.89184
-0.07376 -0.14043 -0.07874 0.2743 -0.9217 -0.2743 0.29506 -0.17721
-0.04839 -0.07329 -0.10411 0.6937 0.1939 -0.6937 1.27871 -3.84682
-0.08172 -0.14385 -0.07078 0.1421 -0.9796 -0.1421 0.32689 -0.14537
-0.04757 -0.08500 -0.10493 0.7071 -0.0000 -0.7071 1.28197 -3.80000
-0.08172 -0.02615 -0.07078 0.1421 0.9796 -0.1421 0.32689 -0.14537
-0.04839 -0.09671 -0.10411 0.6937 -0.1939 -0.6937 1.27871 -3.75318
-0.07376 -0.02957 -0.07874 0.2743 0.9217 -0.2743 0.29506 -0.17721
-0.05080 -0.10796 -0.10170 0.6539 -0.3805 -0.6539 1.26905 -3.70816
-0.06643 -0.03511 -0.08607 0.3958 0.8286 -0.3958 0.26572 -0.20655
-0.05472 -0.11833 -0.09778 0.5893 -0.5528 -0.5893 1.25337 -3.66666
-0.06000 -0.04257 -0.09250 0.5021 0.7041 -0.5021 0.24000 -0.23227
-0.04852 -0.11833 -0.09022 0.6929 -0.5528 -0.4630 0.19408 -0.22313
-0.05472 -0.11833 -0.09778 0.5893 -0.5528 -0.5893 0.21890 -0.25337
-0.04852 -0.05167 -0.09022 0.6929 0.5528 -0.4630 0.19408 -0.22313
-0.05472 -0.05167 -0.09778 0.5893 0.5528 -0.5893 0.21890 -0.25337
-0.08350 -0.02615 -0.07223 0.1117 0.9796 -0.1671 0.33399 -0.15120
-0.07724 -0.02957 -0.08159 0.2155 0.9217 -0.3225 0.30897 -0.18863
-0.05080 -0.10796 -0.10170 0.6539 -0.3805 -0.6539 0.20321 -3.70816
-0.04839 -0.09671 -0.10411 0.6937 -0.1939 -0.6937 0.19356 -3.75318
-0.05731 -0.09671 -0.11143 0.5450 -0.1939 -0.8157 0.22923 -3.75318
-0.05920 -0.10796 -0.10859 0.5138 -0.3805 -0.7689 0.23681 -3.70816
-0.07148 -0.03511 -0.09022 0.3110 0.8286 -0.4654 0.28592 -0.22313
-0.05472 -0.11833 -0.09778 0.5893 -0.5528 -0.5893 0.21890 -3.66666
-0.06228 -0.11833 -0.10398 0.4630 -0.5528 -0.6929 0.24913 -3.66666
-0.06643 -0.04257 -0.09778 0.3945 0.7041 -0.5905 0.26572 -0.25337
-0.06228 -0.11833 -0.10398 0.4630 -0.5528 -0.6929 0.24913 -0.27819
-0.06643 -0.12743 -0.09778 0.3945 -0.7041 -0.5905 0.26572 -0.25337
-0.06228 -0.05167 -0.10398 0.4630 0.5528 -0.6929 0.24913 -0.27819
-0.07148 -0.13489 -0.09022 0.3110 -0.8286 -0.4654 0.28592 -0.22313
-0.05080 -0.06204 -0.10170 0.6539 0.3805 -0.6539 0.20321 -3.89184
-0.05472 -0.05167 -0.09778 0.5893 0.5528 -0.5893 0.21890 -3.93334
-0.06228 -0.05167 -0.10398 0.4630 0.5528 -0.6929 0.24913 -3.93334
-0.05920 -0.06204 -0.10859 0.5138 0.3805 -0.7689 0.23681 -3.89184
-0.07724 -0.14043 -0.08159 0.2155 -0.9217 -0.3225 0.30897 -0.18863
-0.04839 -0.07329 -0.10411 0.6937 0.1939 -0.6937 0.19356 -3.84682
-0.05731 -0.07329 -0.11143 0.5450 0.1939 -0.8157 0.22923 -3.84682
-0.08350 -0.14385 -0.07223 0.1116 -0.9796 -0.1671 0.33399 -0.15120
-0.04757 -0.08500 -0.10493 0.7071 -0.0000 -0.7071 0.19029 -3.80000
-0.05667 -0.08500 -0.11239 0.5556 -0.0000 -0.8315 0.22666 -3.80000
-0.07091 -0.05167 -0.10859 0.3189 0.5528 -0.7699 0.28363 -3.93334
-0.06879 -0.06204 -0.11371 0.3539 0.3805 -0.8544 0.27515 -3.89184
-0.07724 -0.13489 -0.09330 0.2142 -0.8286 -0.5172 0.30897 -0.23545
-0.08121 -0.14043 -0.08371 0.1484 -0.9217 -0.3584 0.32485 -0.19712
-0.06748 -0.07329 -0.11687 0.3754 0.1939 -0.9063 0.26992 -3.84682
-0.08552 -0.14385 -0.07331 0.0769 -0.9796 -0.1857 0.34208 -0.15552
-0.06704 -0.08500 -0.11793 0.3827 -0.0000 -0.9239 0.26816 -3.80000
-0.08552 -0.02615 -0.07331 0.0769 0.9796 -0.1857 0.34208 -0.15552
-0.06748 -0.09671 -0.11687 0.3754 -0.1939 -0.9063 0.26992 -3.75318
-0.08121 -0.02957 -0.08371 0.1484 0.9217 -0.3584 0.32485 -0.19712
-0.06879 -0.10796 -0.11371 0.3539 -0.3805 -0.8544 0.27515 -3.70816
-0.07724 -0.03511 -0.09330 0.2142 0.8286 -0.5172 0.30897 -0.23545
-0.07091 -0.11833 -0.10859 0.3189 -0.5528 -0.7699 0.28363 -3.66666
-0.07376 -0.04257 -0.10170 0.2718 0.7041 -0.6561 0.29506 -0.26905
-0.06643 -0.12743 -0.09778 0.3945 -0.7041 -0.5905 0.26572 -3.63029
-0.07376 -0.12743 -0.10170 0.2718 -0.7041 -0.6561 0.29506 -3.63029
-0.06643 -0.04257 -0.09778 0.3945 0.7041 -0.5905 0.26572 -3.96971
-0.07376 -0.04257 -0.10170 0.2718 0.7041 -0.6561 0.29506 -3.96971
-0.07376 -0.12743 -0.10170 0.2718 -0.7041 -0.6561 0.29506 -0.26905
-0.07852 -0.09671 -0.12022 0.1914 -0.1939 -0.9622 0.31408 -3.75318
-0.07919 -0.10796 -0.11687 0.1804 -0.3805 -0.9070 0.31674 -3.70816
-0.08552 -0.02957 -0.08502 0.0757 0.9217 -0.3804 0.34208 -0.20235
-0.08350 -0.03511 -0.09519 0.1092 0.8286 -0.5490 0.33399 -0.24304
-0.08027 -0.11833 -0.11143 0.1626 -0.5528 -0.8173 0.32107 -3.66666
-0.08172 -0.04257 -0.10411 0.1385 0.7041 -0.6965 0.32689 -0.27871
-0.08172 -0.12743 -0.10411 0.1385 -0.7041 -0.6965 0.32689 -3.63029
-0.08172 -0.04257 -0.10411 0.1385 0.7041 -0.6965 0.32689 -3.96971
-0.08027 -0.05167 -0.11143 0.1626 0.5528 -0.8173 0.32107 -3.93334
-0.08172 -0.12743 -0.10411 0.1385 -0.7041 -0.6965 0.32689 -0.27871
-0.08350 -0.13489 -0.09519 0.1092 -0.8286 -0.5490 0.33399 -0.24304
-0.07919 -0.06204 -0.11687 0.1804 0.3805 -0.9070 0.31674 -3.89184
-0.08552 -0.14043 -0.08502 0.0757 -0.9217 -0.3804 0.34208 -0.20235
-0.07852 -0.07329 -0.12022 0.1914 0.1939 -0.9622 0.31408 -3.84682
-0.08772 -0.14385 -0.07398 0.0392 -0.9796 -0.1971 0.35087 -0.15819
-0.07829 -0.08500 -0.12135 0.1951 0.0000 -0.9808 0.31318 -3.80000
-0.08772 -0.02615 -0.07398 0.0392 0.9796 -0.1971 0.35087 -0.15819
0 2 1
0 3 2
1 5 4
1 2 5
4 7 6
4 5 7
6 9 8
6 7 9
8 11 10
8 9 11
12 14 13
12 15 14
13 17 16
13 14 17
16 19 18
16 17 19
18 21 20
18 19 21
20 23 22
20 21 23
22 25 24
22 23 25
24 27 26
24 25 27
26 29 28
26 27 29
28 31 30
28 29 31
30 33 32
30 31 33
34 36 35
34 37 36
35 39 38
35 36 39
38 41 40
38 39 41
40 43 42
40 41 43
42 45 44
42 43 45
44 47 46
44 45 47
46 49 48
46 47 49
48 51 50
48 49 51
50 53 52
50 51 53
52 55 54
52 53 55
56 58 57
56 59 58
57 61 60
57 58 61
60 63 62
60 61 63
62 65 64
62 63 65
64 67 66
64 65 67
66 69 68
66 67 69
68 71 70
68 69 71
70 73 72
70 71 73
72 75 74
72 73 75
74 77 76
74 75 77
78 80 79
78 81 80
79 83 82
79 80 83
82 85 84
82 83 85
84 87 86
84 85 87
86 3 0
86 87 3
88 90 89
90 92 91
92 94 93
94 96 95
96 98 97
98 100 99
100 102 101
102 104 103
104 106 105
106 108 107
108 110 109
110 112 111
112 114 113
114 116 115
116 118 117
118 120 119
120 122 121
122 124 123
124 126 125
126 88 127
88 92 90
92 96 94
96 100 98
100 104 102
104 108 106
108 112 110
112 116 114
116 120 118
120 124 122
124 88 126
88 96 92
96 104 100
104 112 108
112 120 116
120 88 124
88 104 96
104 120 112
104 88 120
128 130 129
130 132 131
132 134 133
134 136 135
136 138 137
138 140 139
140 142 141
142 144 143
144 146 145
146 148 147
148 150 149
150 152 151
152 154 153
154 156 155
156 158 157
158 160 159
160 162 161
162 164 163
164 166 165
166 128 167
128 132 130
132 136 134
136 140 138
140 144 142
144 148 146
148 152 150
152 156 154
156 160 158
160 164 162
164 128 166
128 136 132
136 144 140
144 152 148
152 160 156
160 128 164
128 144 136
144 160 152
144 128 160
168 170 169
168 171 170
172 174 173
172 175 174
176 171 168
176 177 171
178 175 172
178 179 175
180 182 181
183 177 176
184 179 178
184 185 179
186 182 180
186 187 182
188 185 184
188 189 185
190 187 186
190 191 187
192 189 188
192 193 189
194 191 190
194 195 191
196 193 192
196 197 193
198 200 199
198 201 200
169 203 202
169 170 203
173 201 198
173 174 201
170 204 203
170 205 204
174 206 201
174 207 206
171 205 170
171 208 205
175 207 174
175 209 207
177 208 171
177 210 208
179 209 175
179 211 209
182 212 181
183 210 177
185 211 179
185 213 211
187 212 182
187 214 212
189 213 185
189 215 213
191 214 187
191 216 214
193 215 189
193 217 215
195 216 191
195 218 216
197 217 193
197 219 217
201 220 200
201 206 220
214 221 212
214 222 221
215 223 213
215 224 223
216 222 214
216 225 222
217 224 215
217 226 224
218 225 216
218 227 225
219 226 217
219 228 226
206 229 220
206 230 229
205 231 204
205 232 231
207 230 206
207 233 230
208 232 205
208 234 232
209 233 207
209 235 233
210 234 208
210 236 234
211 235 209
211 237 235
212 221 181
183 236 210
213 237 211
213 223 237
233 238 230
233 239 238
234 240 232
234 241 240
235 239 233
235 242 239
236 241 234
236 243 241
237 242 235
237 244 242
221 245 181
183 243 236
223 244 237
223 246 244
222 245 221
222 247 245
224 246 223
224 248 246
225 247 222
225 249 247
226 248 224
226 250 248
227 249 225
227 251 249
231 253 252
231 254 253
255 251 227
255 256 251
232 254 231
232 240 254
257 259 258
257 260 259
249 261 247
249 262 261
263 260 257
263 264 260
251 262 249
251 265 262
254 266 253
254 267 266
256 265 251
256 268 265
240 267 254
240 269 267
270 272 271
270 273 272
241 269 240
241 274 269
275 273 270
275 276 273
243 274 241
243 277 274
278 276 275
278 279 276
245 280 181
183 277 243
258 279 278
258 259 279
247 280 245
247 261 280
274 281 269
274 282 281
276 283 273
276 284 283
277 282 274
277 285 282
279 284 276
279 286 284
280 287 181
183 285 277
259 286 279
259 288 286
261 287 280
261 289 287
260 288 259
260 290 288
262 289 261
262 291 289
264 290 260
264 292 290
265 291 262
265 293 291
294 292 264
294 295 292
272 297 296
272 298 297
269 299 267
269 281 299
273 298 272
273 283 298
291 300 289
291 301 300
292 302 290
292 303 302
293 301 291
293 304 301
295 303 292
295 305 303
298 306 297
298 307 306
281 308 299
281 309 308
283 307 298
283 310 307
282 309 281
282 311 309
284 310 283
284 312 310
285 311 282
285 313 311
286 312 284
286 314 312
287 315 181
183 313 285
288 314 286
288 316 314
289 315 287
289 300 315
290 316 288
290 302 316
312 317 310
312 318 317
313 319 311
313 320 319
314 318 312
314 321 318
315 322 181
183 320 313
316 321 314
316 323 321
300 322 315
300 324 322
302 323 316
302 325 323
301 324 300
301 326 324
303 325 302
303 327 325
304 326 301
304 328 326
305 327 303
305 329 327
307 330 306
307 331 330
309 332 308
309 333 332
310 331 307
310 317 331
311 333 309
311 319 333
327 334 325
327 335 334
328 336 326
328 337 336
329 335 327
329 338 335
331 339 330
331 340 339
333 341 332
333 342 341
317 340 331
317 343 340
319 342 333
319 344 342
318 343 317
318 345 343
320 344 319
320 346 344
321 345 318
321 347 345
322 348 181
183 346 320
323 347 321
323 349 347
324 348 322
324 350 348
325 349 323
325 334 349
326 350 324
326 336 350
346 351 344
346 352 351
347 353 345
347 354 353
348 355 181
183 352 346
349 354 347
349 356 354
350 355 348
350 357 355
334 356 349
334 358 356
336 357 350
336 359 357
335 358 334
335 360 358
337 359 336
337 361 359
338 360 335
338 362 360
340 363 339
340 364 363
342 365 341
342 366 365
343 364 340
343 367 364
344 366 342
344 351 366
345 367 343
345 353 367
362 368 360
362 369 368
364 370 363
364 371 370
366 372 365
366 373 372
367 371 364
367 374 371
351 373 366
351 375 373
353 374 367
353 376 374
352 375 351
352 377 375
354 376 353
354 378 376
355 379 181
183 377 352
356 378 354
356 380 378
357 379 355
357 381 379
358 380 356
358 382 380
359 381 357
359 383 381
360 382 358
360 368 382
361 383 359
361 384 383
379 385 181
183 386 377
380 387 378
380 388 387
381 385 379
381 389 385
382 388 380
382 390 388
383 389 381
383 391 389
368 390 382
368 392 390
384 391 383
384 393 391
372 395 394
372 396 395
397 393 384
397 398 393
373 396 372
373 399 396
374 400 371
374 401 400
375 399 373
375 402 399
376 401 374
376 403 401
377 402 375
377 386 402
378 403 376
378 387 403
398 404 393
398 405 404
399 406 396
399 407 406
408 410 409
408 411 410
402 407 399
402 412 407
413 411 408
413 414 411
386 412 402
386 415 412
416 414 413
416 417 414
385 418 181
183 415 386
419 417 416
419 420 417
389 418 385
389 421 418
422 420 419
422 423 420
391 421 389
391 424 421
425 423 422
425 426 423
393 424 391
393 404 424
396 427 395
396 406 427
420 428 417
420 429 428
421 430 418
421 431 430
423 429 420
423 432 429
424 431 421
424 433 431
426 432 423
426 434 432
404 433 424
404 435 433
436 434 426
436 437 434
410 439 438
410 440 439
407 441 406
407 442 441
411 440 410
411 443 440
412 442 407
412 444 442
414 443 411
414 445 443
415 444 412
415 446 444
417 445 414
417 428 445
418 430 181
183 446 415
442 447 441
442 448 447
443 449 440
443 450 449
444 448 442
444 451 448
445 450 443
445 452 450
446 451 444
446 453 451
428 452 445
428 454 452
430 455 181
183 453 446
429 454 428
429 456 454
431 455 430
431 457 455
432 456 429
432 458 456
433 457 431
433 459 457
434 458 432
434 460 458
435 459 433
435 461 459
437 460 434
437 462 460
440 463 439
440 449 463
457 464 455
457 465 464
458 466 456
458 467 466
459 465 457
459 468 465
460 467 458
460 469 467
461 468 459
461 470 468
462 469 460
462 471 469
449 472 463
449 473 472
448 474 447
448 475 474
450 473 449
450 476 473
451 475 448
451 477 475
452 476 450
452 478 476
453 477 451
453 479 477
454 478 452
454 480 478
455 464 181
183 479 453
456 480 454
456 466 480
476 481 473
476 482 481
477 483 475
477 484 483
478 482 476
478 485 482
479 484 477
479 486 484
480 485 478
480 487 485
464 488 181
183 486 479
466 487 480
466 489 487
465 488 464
465 490 488
467 489 466
467 491 489
468 490 465
468 492 490
469 491 467
469 493 491
470 492 468
470 494 492
471 493 469
471 495 493
473 496 472
473 481 496
475 497 474
475 483 497
491 498 489
491 499 498
492 500 490
492 501 500
493 499 491
493 502 499
494 501 492
494 503 501
495 502 493
495 504 502
481 505 496
481 506 505
483 507 497
483 508 507
482 506 481
482 509 506
484 508 483
484 510 508
485 509 482
485 511 509
486 510 484
486 512 510
487 511 485
487 513 511
488 514 181
183 512 486
489 513 487
489 498 513
490 514 488
490 500 514
510 515 508
510 516 515
511 517 509
511 518 517
512 516 510
512 519 516
513 518 511
513 520 518
514 521 181
183 519 512
498 520 513
498 522 520
500 521 514
500 523 521
499 522 498
499 524 522
501 523 500
501 525 523
502 524 499
502 526 524
503 525 501
503 527 525
504 526 502
504 528 526
506 529 505
506 530 529
508 531 507
508 515 531
509 530 506
509 517 530
526 532 524
526 533 532
527 534 525
527 535 534
531 537 536
531 538 537
539 535 527
539 540 535
515 538 531
515 541 538
517 542 530
517 543 542
516 541 515
516 544 541
518 543 517
518 545 543
519 544 516
519 546 544
520 545 518
520 547 545
521 548 181
183 546 519
522 547 520
522 549 547
523 548 521
523 550 548
524 549 522
524 532 549
525 550 523
525 534 550
546 551 544
546 552 551
553 555 554
553 556 555
548 557 181
183 552 546
558 556 553
558 559 556
550 557 548
550 560 557
561 559 558
561 562 559
534 560 550
534 563 560
564 562 561
564 565 562
535 563 534
535 566 563
538 567 537
538 568 567
540 566 535
540 569 566
541 568 538
541 570 568
571 573 572
571 574 573
544 570 541
544 551 570
554 574 571
554 555 574
566 575 563
566 576 575
577 578 565
577 579 578
573 581 580
573 582 581
570 583 568
570 584 583
574 582 573
574 585 582
551 584 570
551 586 584
555 585 574
555 587 585
552 586 551
552 588 586
556 587 555
556 589 587
557 590 181
183 588 552
559 589 556
559 591 589
560 590 557
560 592 590
562 591 559
562 593 591
563 592 560
563 575 592
565 593 562
565 578 593
589 594 587
589 595 594
590 596 181
183 597 588
591 595 589
591 598 595
592 596 590
592 599 596
593 598 591
593 600 598
575 599 592
575 601 599
578 600 593
578 602 600
576 601 575
576 603 601
579 602 578
579 604 602
582 605 581
582 606 605
584 607 583
584 608 607
585 606 582
585 609 606
586 608 584
586 610 608
587 609 585
587 594 609
588 610 586
588 597 610
604 611 602
604 612 611
606 613 605
606 614 613
608 615 607
608 616 615
609 614 606
609 617 614
610 616 608
610 618 616
594 617 609
594 619 617
597 618 610
597 620 618
595 619 594
595 621 619
596 622 181
183 620 597
598 621 595
598 623 621
599 622 596
599 624 622
600 623 598
600 625 623
601 624 599
601 626 624
602 625 600
602 611 625
603 626 601
603 627 626
622 628 181
183 629 620
623 630 621
623 631 630
624 628 622
624 632 628
625 631 623
625 633 631
626 632 624
626 634 632
611 633 625
611 635 633
627 634 626
627 636 634
612 635 611
612 637 635
614 638 613
614 639 638
616 640 615
616 641 640
617 639 614
617 642 639
618 641 616
618 643 641
619 642 617
619 644 642
620 643 618
620 629 643
621 644 619
621 630 644
639 645 638
639 646 645
641 647 640
641 648 647
642 646 639
642 649 646
643 648 641
643 650 648
644 649 642
644 651 649
629 650 643
629 652 650
630 651 644
630 653 651
628 654 181
183 652 629
631 653 630
631 655 653
632 654 628
632 656 654
633 655 631
633 657 655
634 656 632
634 658 656
635 657 633
635 659 657
636 658 634
636 660 658
637 659 635
637 661 659
655 662 653
655 663 662
656 664 654
656 665 664
657 663 655
657 666 663
658 665 656
658 667 665
659 666 657
659 668 666
660 667 658
660 669 667
661 668 659
661 670 668
646 671 645
646 672 671
648 673 647
648 674 673
649 672 646
649 675 672
650 674 648
650 676 674
651 675 649
651 677 675
652 676 650
652 678 676
653 677 651
653 662 677
654 664 181
183 678 652
674 679 673
674 680 679
675 681 672
675 682 681
676 680 674
676 683 680
677 682 675
677 684 682
678 683 676
678 685 683
662 684 677
662 686 684
664 687 181
183 685 678
663 686 662
663 688 686
665 687 664
665 689 687
666 688 663
666 690 688
667 689 665
667 691 689
668 690 666
668 692 690
669 691 667
669 693 691
673 695 694
673 679 695
696 693 669
696 697 693
698 700 699
698 701 700
691 702 689
691 703 702
704 701 698
704 705 701
693 703 691
693 706 703
679 707 695
679 708 707
697 706 693
697 709 706
680 708 679
680 710 708
711 713 712
711 714 713
683 710 680
683 715 710
716 714 711
716 717 714
685 715 683
685 718 715
719 717 716
719 720 717
687 721 181
183 718 685
699 720 719
699 700 720
689 721 687
689 702 721
715 722 710
715 723 722
717 724 714
717 725 724
718 723 715
718 726 723
720 725 717
720 727 725
721 728 181
183 726 718
700 727 720
700 729 727
702 728 721
702 730 728
701 729 700
701 731 729
703 730 702
703 732 730
705 731 701
705 733 731
706 732 703
706 734 732
735 733 705
735 736 733
713 738 737
713 739 738
710 740 708
710 722 740
714 739 713
714 724 739
732 741 730
732 742 741
733 743 731
733 744 743
734 742 732
734 745 742
736 744 733
736 746 744
739 747 738
739 748 747
722 749 740
722 750 749
724 748 739
724 751 748
723 750 722
723 752 750
725 751 724
725 753 751
726 752 723
726 754 752
727 753 725
727 755 753
728 756 181
183 754 726
729 755 727
729 757 755
730 756 728
730 741 756
731 757 729
731 743 757
753 173 751
753 172 173
754 168 752
754 176 168
755 172 753
755 178 172
756 180 181
183 176 754
757 178 755
757 184 178
741 180 756
741 186 180
743 184 757
743 188 184
742 186 741
742 190 186
744 188 743
744 192 188
745 190 742
745 194 190
746 192 744
746 196 192
748 199 747
748 198 199
750 202 749
750 169 202
751 198 748
751 173 198
752 169 750
752 168 169
758 760 759
761 763 762
761 764 763
762 766 765
762 763 766
767 769 768
767 770 769
765 772 771
765 766 772
768 774 773
768 769 774
775 777 776
775 778 777
779 781 780
779 782 781
773 760 758
773 774 760
776 784 783
776 777 784
783 786 785
783 784 786
780 788 787
780 781 788
785 790 789
785 786 790
791 764 761
789 793 792
789 790 793
787 778 775
787 788 778
770 794 769
770 795 794
782 796 781
782 797 796
790 798 793
790 799 798
786 799 790
786 800 799
784 800 786
784 801 800
766 802 772
766 803 802
777 801 784
777 804 801
763 803 766
763 805 803
764 805 763
764 806 805
778 804 777
778 807 804
791 806 764
760 808 759
774 808 760
774 809 808
788 807 778
788 810 807
769 809 774
769 794 809
781 810 788
781 796 810
797 811 796
797 812 811
801 813 800
801 814 813
800 815 799
800 813 815
806 816 805
806 817 816
807 818 804
807 819 818
805 820 803
805 816 820
804 814 801
804 818 814
794 821 809
794 822 821
809 823 808
809 821 823
796 824 810
796 811 824
810 819 807
810 824 819
791 817 806
799 825 798
799 815 825
808 823 759
795 822 794
795 826 822
803 827 802
803 820 827
824 828 819
824 829 828
827 831 830
827 832 831
811 829 824
811 833 829
826 834 822
826 835 834
836 835 826
836 837 835
821 838 823
821 839 838
820 832 827
820 840 832
822 839 821
822 834 839
813 841 815
813 842 841
816 840 820
816 843 840
814 842 813
814 844 842
817 843 816
817 845 843
791 845 817
818 844 814
818 846 844
819 846 818
819 828 846
823 838 759
791 847 845
848 850 849
848 851 850
849 853 852
849 850 853
852 855 854
852 853 855
845 856 843
845 847 856
843 857 840
843 856 857
837 858 835
837 859 858
840 860 832
840 857 860
832 861 831
832 860 861
839 862 838
839 863 862
835 864 834
835 858 864
834 863 839
834 864 863
838 862 759
865 867 866
865 868 867
866 870 869
866 867 870
869 851 848
869 870 851
870 871 851
870 872 871
855 874 873
855 875 874
791 876 847
867 872 870
867 877 872
853 875 855
853 878 875
868 877 867
868 879 877
880 879 868
880 881 879
857 882 860
857 883 882
862 884 759
856 883 857
856 885 883
863 884 862
863 886 884
850 878 853
850 887 878
864 886 863
864 888 886
847 885 856
847 876 885
851 887 850
851 871 887
858 888 864
858 889 888
877 890 872
877 891 890
888 892 886
888 893 892
879 891 877
879 894 891
889 893 888
889 895 893
881 894 879
881 896 894
875 897 874
875 898 897
883 899 882
883 900 899
878 898 875
878 901 898
885 900 883
885 902 900
887 901 878
887 903 901
876 902 885
876 904 902
871 903 887
871 905 903
884 906 759
791 904 876
872 905 871
872 890 905
886 906 884
886 892 906
902 907 900
902 908 907
903 909 901
903 910 909
904 908 902
904 911 908
905 910 903
905 912 910
906 913 759
791 911 904
890 912 905
890 914 912
892 913 906
892 915 913
891 914 890
891 916 914
893 915 892
893 917 915
894 916 891
894 918 916
895 917 893
895 919 917
896 918 894
896 920 918
898 921 897
898 922 921
900 923 899
900 907 923
901 922 898
901 909 922
918 924 916
918 925 924
919 926 917
919 927 926
920 925 918
920 928 925
922 929 921
922 930 929
907 931 923
907 932 931
909 930 922
909 933 930
908 932 907
908 934 932
910 933 909
910 935 933
911 934 908
911 936 934
912 935 910
912 937 935
913 938 759
791 936 911
914 937 912
914 939 937
915 938 913
915 940 938
916 939 914
916 924 939
917 940 915
917 926 940
936 941 934
936 942 941
937 943 935
937 944 943
938 945 759
791 942 936
939 944 937
939 946 944
940 945 938
940 947 945
924 946 939
924 948 946
926 947 940
926 949 947
925 948 924
925 950 948
927 949 926
927 951 949
928 950 925
928 952 950
930 953 929
930 954 953
932 955 931
932 956 955
933 954 930
933 957 954
934 956 932
934 941 956
935 957 933
935 943 957
951 958 949
951 959 958
952 960 950
952 961 960
954 962 953
954 963 962
956 964 955
956 965 964
957 963 954
957 966 963
941 965 956
941 967 965
943 966 957
943 968 966
942 967 941
942 969 967
944 968 943
944 970 968
945 971 759
791 969 942
946 970 944
946 972 970
947 971 945
947 973 971
948 972 946
948 974 972
949 973 947
949 958 973
950 974 948
950 960 974
970 975 968
970 976 975
971 977 759
791 978 969
972 976 970
972 979 976
973 977 971
973 980 977
974 979 972
974 981 979
958 980 973
958 982 980
960 981 974
960 983 981
959 982 958
959 984 982
964 986 985
964 987 986
988 984 959
988 989 984
965 987 964
965 990 987
966 991 963
966 992 991
967 990 965
967 993 990
968 992 966
968 975 992
969 993 967
969 978 993
987 994 986
987 995 994
989 996 984
989 997 996
990 995 987
990 998 995
999 1001 1000
999 1002 1001
993 998 990
993 1003 998
1004 1002 999
1004 1005 1002
978 1003 993
978 1006 1003
1007 1005 1004
1007 1008 1005
977 1009 759
791 1006 978
1010 1008 1007
1010 1011 1008
980 1009 977
980 1012 1009
1013 1011 1010
1013 1014 1011
982 1012 980
982 1015 1012
1016 1014 1013
1016 1017 1014
984 1015 982
984 996 1015
1009 1018 759
791 1019 1006
1011 1020 1008
1011 1021 1020
1012 1018 1009
1012 1022 1018
1014 1021 1011
1014 1023 1021
1015 1022 1012
1015 1024 1022
1017 1023 1014
1017 1025 1023
996 1024 1015
996 1026 1024
1027 1025 1017
1027 1028 1025
1001 1030 1029
1001 1031 1030
998 1032 995
998 1033 1032
1002 1031 1001
1002 1034 1031
1003 1033 998
1003 1035 1033
1005 1034 1002
1005 1036 1034
1006 1035 1003
1006 1019 1035
1008 1036 1005
1008 1020 1036
1031 1037 1030
1031 1038 1037
1033 1039 1032
1033 1040 1039
1034 1038 1031
1034 1041 1038
1035 1040 1033
1035 1042 1040
1036 1041 1034
1036 1043 1041
1019 1042 1035
1019 1044 1042
1020 1043 1036
1020 1045 1043
1018 1046 759
791 1044 1019
1021 1045 1020
1021 1047 1045
1022 1046 1018
1022 1048 1046
1023 1047 1021
1023 1049 1047
1024 1048 1022
1024 1050 1048
1025 1049 1023
1025 1051 1049
1026 1050 1024
1026 1052 1050
1028 1051 1025
1028 1053 1051
1047 1054 1045
1047 1055 1054
1048 1056 1046
1048 1057 1056
1049 1055 1047
1049 1058 1055
1050 1057 1048
1050 1059 1057
1051 1058 1049
1051 1060 1058
1052 1059 1050
1052 1061 1059
1053 1060 1051
1053 1062 1060
1038 1063 1037
1038 1064 1063
1040 1065 1039
1040 1066 1065
1041 1064 1038
1041 1067 1064
1042 1066 1040
1042 1068 1066
1043 1067 1041
1043 1069 1067
1044 1068 1042
1044 1070 1068
1045 1069 1043
1045 1054 1069
1046 1056 759
791 1070 1044
1066 1071 1065
1066 1072 1071
1067 1073 1064
1067 1074 1073
1068 1072 1066
1068 1075 1072
1069 1074 1067
1069 1076 1074
1070 1075 1068
1070 1077 1075
1054 1076 1069
1054 1078 1076
791 1077 1070
1056 1079 759
1055 1078 1054
1055 1080 1078
1057 1079 1056
1057 1081 1079
1058 1080 1055
1058 1082 1080
1059 1081 1057
1059 1083 1081
1060 1082 1058
1060 1084 1082
1061 1083 1059
1061 1085 1083
1062 1084 1060
1062 1086 1084
1064 1087 1063
1064 1073 1087
1082 1088 1080
1082 1089 1088
1083 1090 1081
1083 1091 1090
1084 1089 1082
1084 1092 1089
1085 1091 1083
1085 1093 1091
1086 1092 1084
1086 1094 1092
1073 1095 1087
1073 1096 1095
1072 1097 1071
1072 1098 1097
1074 1096 1073
1074 1099 1096
1075 1098 1072
1075 1100 1098
1076 1099 1074
1076 1101 1099
1077 1100 1075
1077 1102 1100
1078 1101 1076
1078 1103 1101
1079 1104 759
791 1102 1077
1080 1103 1078
1080 1088 1103
1081 1104 1079
1081 1090 1104
1100 1105 1098
1100 1106 1105
1101 1107 1099
1101 1108 1107
1102 1106 1100
1102 1109 1106
1103 1108 1101
1103 1110 1108
1104 1111 759
791 1109 1102
1088 1110 1103
1088 1112 1110
1090 1111 1104
1090 1113 1111
1089 1112 1088
1089 1114 1112
1091 1113 1090
1091 1115 1113
1092 1114 1089
1092 1116 1114
1093 1115 1091
1093 1117 1115
1094 1116 1092
1094 1118 1116
1096 1119 1095
1096 1120 1119
1098 1121 1097
1098 1105 1121
1099 1120 1096
1099 1107 1120
1115 1122 1113
1115 1123 1122
1116 1124 1114
1116 1125 1124
1117 1123 1115
1117 1126 1123
1121 1128 1127
1121 1129 1128
1130 1126 1117
1130 1131 1126
1105 1129 1121
1105 1132 1129
1107 1133 1120
1107 1134 1133
1106 1132 1105
1106 1135 1132
1108 1134 1107
1108 1136 1134
1109 1135 1106
1109 1137 1135
1110 1136 1108
1110 1138 1136
1111 1139 759
791 1137 1109
1112 1138 1110
1112 1140 1138
1113 1139 1111
1113 1122 1139
1114 1140 1112
1114 1124 1140
1141 1143 1142
1141 1144 1143
1137 1145 1135
1137 1146 1145
1147 1144 1141
1147 1148 1144
1139 1149 759
791 1146 1137
1150 1148 1147
1150 1151 1148
1122 1149 1139
1122 1152 1149
1153 1151 1150
1153 1154 1151
1123 1152 1122
1123 1155 1152
1156 1154 1153
1156 1157 1154
1126 1155 1123
1126 1158 1155
1129 1159 1128
1129 1160 1159
1131 1158 1126
1131 1161 1158
1132 1160 1129
1132 1162 1160
1142 1164 1163
1142 1143 1164
1135 1162 1132
1135 1145 1162
1157 1165 1154
1157 1166 1165
1158 1167 1155
1158 1168 1167
1169 1166 1157
1169 1170 1166
1164 1172 1171
1164 1173 1172
1162 1174 1160
1162 1175 1174
1143 1173 1164
1143 1176 1173
1145 1175 1162
1145 1177 1175
1144 1176 1143
1144 1178 1176
1146 1177 1145
1146 1179 1177
1148 1178 1144
1148 1180 1178
1149 1181 759
791 1179 1146
1151 1180 1148
1151 1182 1180
1152 1181 1149
1152 1183 1181
1154 1182 1151
1154 1165 1182
1155 1183 1152
1155 1167 1183
1179 1184 1177
1179 1185 1184
1180 1186 1178
1180 1187 1186
1181 1188 759
791 1185 1179
1182 1187 1180
1182 1189 1187
1183 1188 1181
1183 1190 1188
1165 1189 1182
1165 1191 1189
1167 1190 1183
1167 1192 1190
1166 1191 1165
1166 1193 1191
1168 1192 1167
1168 1194 1192
1170 1193 1166
1170 1195 1193
1173 1196 1172
1173 1197 1196
1175 1198 1174
1175 1199 1198
1176 1197 1173
1176 1200 1197
1177 1199 1175
1177 1184 1199
1178 1200 1176
1178 1186 1200
1195 1201 1193
1195 1202 1201
1197 1203 1196
1197 1204 1203
1199 1205 1198
1199 1206 1205
1200 1204 1197
1200 1207 1204
1184 1206 1199
1184 1208 1206
1186 1207 1200
1186 1209 1207
1185 1208 1184
1185 1210 1208
1187 1209 1186
1187 1211 1209
1188 1212 759
791 1210 1185
1189 1211 1187
1189 1213 1211
1190 1212 1188
1190 1214 1212
1191 1213 1189
1191 1215 1213
1192 1214 1190
1192 1216 1214
1193 1215 1191
1193 1201 1215
1194 1216 1192
1194 1217 1216
1212 1218 759
791 1219 1210
1213 1220 1211
1213 1221 1220
1214 1218 1212
1214 1222 1218
1215 1221 1213
1215 1223 1221
1216 1222 1214
1216 1224 1222
1201 1223 1215
1201 1225 1223
1217 1224 1216
1217 1226 1224
1202 1225 1201
1202 1227 1225
1204 1228 1203
1204 1229 1228
1206 1230 1205
1206 1231 1230
1207 1229 1204
1207 1232 1229
1208 1231 1206
1208 1233 1231
1209 1232 1207
1209 1234 1232
1210 1233 1208
1210 1219 1233
1211 1234 1209
1211 1220 1234
1229 1235 1228
1229 1236 1235
1231 1237 1230
1231 1238 1237
1232 1236 1229
1232 1239 1236
1233 1238 1231
1233 1240 1238
1234 1239 1232
1234 1241 1239
1219 1240 1233
1219 1242 1240
1220 1241 1234
1220 1243 1241
1218 1244 759
791 1242 1219
1221 1243 1220
1221 1245 1243
1222 1244 1218
1222 1246 1244
1223 1245 1221
1223 1247 1245
1224 1246 1222
1224 1248 1246
1225 1247 1223
1225 1249 1247
1226 1248 1224
1226 1250 1248
1227 1249 1225
1227 1251 1249
1245 1252 1243
1245 1253 1252
1246 1254 1244
1246 1255 1254
1247 1253 1245
1247 1256 1253
1248 1255 1246
1248 1257 1255
1249 1256 1247
1249 1258 1256
1250 1257 1248
1250 1259 1257
1251 1258 1249
1251 1260 1258
1236 1261 1235
1236 1262 1261
1238 1263 1237
1238 1264 1263
1239 1262 1236
1239 1265 1262
1240 1264 1238
1240 1266 1264
1241 1265 1239
1241 1267 1265
1242 1266 1240
1242 1268 1266
1243 1267 1241
1243 1252 1267
1244 1254 759
791 1268 1242
1264 1269 1263
1264 1270 1269
1265 1271 1262
1265 1272 1271
1266 1270 1264
1266 1273 1270
1267 1272 1265
1267 1274 1272
1268 1273 1266
1268 1275 1273
1252 1274 1267
1252 1276 1274
1254 1277 759
791 1275 1268
1253 1276 1252
1253 1278 1276
1255 1277 1254
1255 1279 1277
1256 1278 1253
1256 1280 1278
1257 1279 1255
1257 1281 1279
1258 1280 1256
1258 1282 1280
1259 1281 1257
1259 1283 1281
1263 1285 1284
1263 1269 1285
1286 1283 1259
1286 1287 1283
1279 1288 1277
1279 1289 1288
1290 1292 1291
1290 1293 1292
1281 1289 1279
1281 1294 1289
1295 1293 1290
1295 1296 1293
1283 1294 1281
1283 1297 1294
1269 1298 1285
1269 1299 1298
1287 1297 1283
1287 1300 1297
1270 1299 1269
1270 1301 1299
1302 1304 1303
1302 1305 1304
1273 1301 1270
1273 1306 1301
1307 1305 1302
1307 1308 1305
1275 1306 1273
1275 1309 1306
1310 1308 1307
1310 1311 1308
1277 1288 759
791 1309 1275
1291 1311 1310
1291 1292 1311
1305 1312 1304
1305 1313 1312
1306 1314 1301
1306 1315 1314
1308 1313 1305
1308 1316 1313
1309 1315 1306
1309 1317 1315
1311 1316 1308
1311 1318 1316
1288 1319 759
791 1317 1309
1292 1318 1311
1292 1320 1318
1289 1319 1288
1289 1321 1319
1293 1320 1292
1293 1322 1320
1294 1321 1289
1294 1323 1321
1296 1322 1293
1296 1324 1322
1297 1323 1294
1297 1325 1323
1326 1324 1296
1326 1327 1324
1304 1329 1328
1304 1312 1329
1301 1330 1299
1301 1314 1330
1322 1331 1320
1322 1332 1331
1323 1333 1321
1323 1334 1333
1324 1332 1322
1324 1335 1332
1325 1334 1323
1325 1336 1334
1327 1335 1324
1327 1337 1335
1312 1338 1329
1312 1339 1338
1314 1340 1330
1314 1341 1340
1313 1339 1312
1313 1342 1339
1315 1341 1314
1315 1343 1341
1316 1342 1313
1316 1344 1342
1317 1343 1315
1317 1345 1343
1318 1344 1316
1318 1346 1344
1319 1347 759
791 1345 1317
1320 1346 1318
1320 1331 1346
1321 1347 1319
1321 1333 1347
1343 765 1341
1343 762 765
1344 785 1342
1344 783 785
1345 762 1343
1345 761 762
1346 783 1344
1346 776 783
1347 758 759
791 761 1345
1331 776 1346
1331 775 776
1333 758 1347
1333 773 758
1332 775 1331
1332 787 775
1334 773 1333
1334 768 773
1335 787 1332
1335 780 787
1336 768 1334
1336 767 768
1337 780 1335
1337 779 780
1339 792 1338
1339 789 792
1341 771 1340
1341 765 771
1342 789 1339
1342 785 789
LABEL JetVessel_JetSeam
MATERIAL 28
TEXTURE 0
GEOM 908 800
0.07000 -0.08500 -0.00050 0.6899 0.0000 0.7239 -0.28000 -3.80000
0.07000 -0.09470 -0.00126 0.6899 -0.1132 0.7150 -0.28000 -3.76120
0.06200 -0.09470 -0.00126 -0.6899 -0.1132 0.7150 -0.24800 -3.76120
0.06200 -0.08500 -0.00050 -0.6899 0.0000 0.7239 -0.24800 -3.80000
0.07000 -0.10416 -0.00353 0.6899 -0.2237 0.6885 -0.28000 -3.72336
0.06200 -0.10416 -0.00353 -0.6899 -0.2237 0.6885 -0.24800 -3.72336
0.07000 -0.11315 -0.00726 0.6899 -0.3287 0.6450 -0.28000 -3.68741
0.06200 -0.11315 -0.00726 -0.6899 -0.3287 0.6450 -0.24800 -3.68741
0.07000 -0.12144 -0.01234 0.6899 -0.4255 0.5857 -0.28000 -3.65423
0.06200 -0.12144 -0.01234 -0.6899 -0.4255 0.5857 -0.24800 -3.65423
0.07000 -0.12884 -0.01866 0.6899 -0.5119 0.5119 -0.28000 -3.62464
0.06200 -0.12884 -0.01866 -0.6899 -0.5119 0.5119 -0.24800 -3.62464
0.07000 -0.12884 -0.01866 0.6899 -0.5119 0.5119 -0.28000 0.06310
0.07000 -0.13516 -0.02606 0.6899 -0.5857 0.4255 -0.28000 0.03350
0.06200 -0.13516 -0.02606 -0.6899 -0.5857 0.4255 -0.24800 0.03350
0.06200 -0.12884 -0.01866 -0.6899 -0.5119 0.5119 -0.24800 0.06310
0.07000 -0.14024 -0.03435 0.6899 -0.6450 0.3287 -0.28000 0.00032
0.06200 -0.14024 -0.03435 -0.6899 -0.6450 0.3287 -0.24800 0.00032
0.07000 -0.14397 -0.04334 0.6899 -0.6885 0.2237 -0.28000 -0.03563
0.06200 -0.14397 -0.04334 -0.6899 -0.6885 0.2237 -0.24800 -0.03563
0.07000 -0.14624 -0.05280 0.6899 -0.7150 0.1132 -0.28000 -0.07347
0.06200 -0.14624 -0.05280 -0.6899 -0.7150 0.1132 -0.24800 -0.07347
0.07000 -0.14700 -0.06250 0.6899 -0.7239 0.0000 -0.28000 -0.11227
0.06200 -0.14700 -0.06250 -0.6899 -0.7239 0.0000 -0.24800 -0.11227
0.07000 -0.14624 -0.07220 0.6899 -0.7150 -0.1132 -0.28000 -0.15106
0.06200 -0.14624 -0.07220 -0.6899 -0.7150 -0.1132 -0.24800 -0.15106
0.07000 -0.14397 -0.08166 0.6899 -0.6885 -0.2237 -0.28000 -0.18890
0.06200 -0.14397 -0.08166 -0.6899 -0.6885 -0.2237 -0.24800 -0.18890
0.07000 -0.14024 -0.09065 0.6899 -0.6450 -0.3287 -0.28000 -0.22486
0.06200 -0.14024 -0.09065 -0.6899 -0.6450 -0.3287 -0.24800 -0.22486
0.07000 -0.13516 -0.09894 0.6899 -0.5857 -0.4255 -0.28000 -0.25804
0.06200 -0.13516 -0.09894 -0.6899 -0.5857 -0.4255 -0.24800 -0.25804
0.07000 -0.12884 -0.10634 0.6899 -0.5119 -0.5119 -0.28000 -0.28763
0.06200 -0.12884 -0.10634 -0.6899 -0.5119 -0.5119 -0.24800 -0.28763
0.07000 -0.12884 -0.10634 0.6899 -0.5119 -0.5119 -0.28000 -3.62464
0.07000 -0.12144 -0.11266 0.6899 -0.4255 -0.5857 -0.28000 -3.65423
0.06200 -0.12144 -0.11266 -0.6899 -0.4255 -0.5857 -0.24800 -3.65423
0.06200 -0.12884 -0.10634 -0.6899 -0.5119 -0.5119 -0.24800 -3.62464
0.07000 -0.11315 -0.11774 0.6899 -0.3287 -0.6450 -0.28000 -3.68741
0.06200 -0.11315 -0.11774 -0.6899 -0.3287 -0.6450 -0.24800 -3.68741
0.07000 -0.10416 -0.12147 0.6899 -0.2237 -0.6885 -0.28000 -3.72336
0.06200 -0.10416 -0.12147 -0.6899 -0.2237 -0.6885 -0.24800 -3.72336
0.07000 -0.09470 -0.12374 0.6899 -0.1132 -0.7150 -0.28000 -3.76120
0.06200 -0.09470 -0.12374 -0.6899 -0.1132 -0.7150 -0.24800 -3.76120
0.07000 -0.08500 -0.12450 0.6899 0.0000 -0.7239 -0.28000 -3.80000
0.06200 -0.08500 -0.12450 -0.6899 0.0000 -0.7239 -0.24800 -3.80000
0.07000 -0.07530 -0.12374 0.6899 0.1132 -0.7150 -0.28000 -3.83880
0.06200 -0.07530 -0.12374 -0.6899 0.1132 -0.7150 -0.24800 -3.83880
0.07000 -0.06584 -0.12147 0.6899 0.2237 -0.6885 -0.28000 -3.87664
0.06200 -0.06584 -0.12147 -0.6899 0.2237 -0.6885 -0.24800 -3.87664
0.07000 -0.05685 -0.11774 0.6899 0.3287 -0.6450 -0.28000 -3.91259
0.06200 -0.05685 -0.11774 -0.6899 0.3287 -0.6450 -0.24800 -3.91259
0.07000 -0.04856 -0.11266 0.6899 0.4255 -0.5857 -0.28000 -3.94577
0.06200 -0.04856 -0.11266 -0.6899 0.4255 -0.5857 -0.24800 -3.94577
0.07000 -0.04116 -0.10634 0.6899 0.5119 -0.5119 -0.28000 -3.97536
0.06200 -0.04116 -0.10634 -0.6899 0.5119 -0.5119 -0.24800 -3.97536
0.07000 -0.04116 -0.10634 0.6899 0.5119 -0.5119 -0.28000 -0.28763
0.07000 -0.03484 -0.09894 0.6899 0.5857 -0.4255 -0.28000 -0.25804
0.06200 -0.03484 -0.09894 -0.6899 0.5857 -0.4255 -0.24800 -0.25804
0.06200 -0.04116 -0.10634 -0.6899 0.5119 -0.5119 -0.24800 -0.28763
0.07000 -0.02976 -0.09065 0.6899 0.6450 -0.3287 -0.28000 -0.22486
0.06200 -0.02976 -0.09065 -0.6899 0.6450 -0.3287 -0.24800 -0.22486
0.07000 -0.02603 -0.08166 0.6899 0.6885 -0.2237 -0.28000 -0.18890
0.06200 -0.02603 -0.08166 -0.6899 0.6885 -0.2237 -0.24800 -0.18890
0.07000 -0.02376 -0.07220 0.6899 0.7150 -0.1132 -0.28000 -0.15106
0.06200 -0.02376 -0.07220 -0.6899 0.7150 -0.1132 -0.24800 -0.15106
0.07000 -0.02300 -0.06250 0.6899 0.7239 0.0000 -0.28000 -0.11227
0.06200 -0.02300 -0.06250 -0.6899 0.7239 0.0000 -0.24800 -0.11227
0.07000 -0.02376 -0.05280 0.6899 0.7150 0.1132 -0.28000 -0.07347
0.06200 -0.02376 -0.05280 -0.6899 0.7150 0.1132 -0.24800 -0.07347
0.07000 -0.02603 -0.04334 0.6899 0.6885 0.2237 -0.28000 -0.03563
0.06200 -0.02603 -0.04334 -0.6899 0.6885 0.2237 -0.24800 -0.03563
0.07000 -0.02976 -0.03435 0.6899 0.6450 0.3287 -0.28000 0.00032
0.06200 -0.02976 -0.03435 -0.6899 0.6450 0.3287 -0.24800 0.00032
0.07000 -0.03484 -0.02606 0.6899 0.5857 0.4255 -0.28000 0.03350
0.06200 -0.03484 -0.02606 -0.6899 0.5857 0.4255 -0.24800 0.03350
0.07000 -0.04116 -0.01866 0.6899 0.5119 0.5119 -0.28000 0.06310
0.06200 -0.04116 -0.01866 -0.6899 0.5119 0.5119 -0.24800 0.06310
0.07000 -0.04116 -0.01866 0.6899 0.5119 0.5119 -0.28000 -3.97536
0.07000 -0.04856 -0.01234 0.6899 0.4255 0.5857 -0.28000 -3.94577
0.06200 -0.04856 -0.01234 -0.6899 0.4255 0.5857 -0.24800 -3.94577
0.06200 -0.04116 -0.01866 -0.6899 0.5119 0.5119 -0.24800 -3.97536
0.07000 -0.05685 -0.00726 0.6899 0.3287 0.6450 -0.28000 -3.91259
0.06200 -0.05685 -0.00726 -0.6899 0.3287 0.6450 -0.24800 -3.91259
0.07000 -0.06584 -0.00353 0.6899 0.2237 0.6885 -0.28000 -3.87664
0.06200 -0.06584 -0.00353 -0.6899 0.2237 0.6885 -0.24800 -3.87664
0.07000 -0.07530 -0.00126 0.6899 0.1132 0.7150 -0.28000 -3.83880
0.06200 -0.07530 -0.00126 -0.6899 0.1132 0.7150 -0.24800 -3.83880
0.07000 -0.08500 -0.00050 0.6899 0.0000 0.7239 0.86427 -3.80000
0.07000 -0.07530 -0.00126 0.6899 0.1132 0.7150 0.86732 -3.83880
0.07000 -0.06584 -0.00353 0.6899 0.2237 0.6885 0.87640 -3.87664
0.07000 -0.05685 -0.00726 0.6899 0.3287 0.6450 0.89130 -3.91259
0.07000 -0.04856 -0.01234 0.6899 0.4255 0.5857 0.91163 -3.94577
0.07000 -0.04116 -0.01866 0.6899 0.5119 0.5119 0.93690 -3.97536
0.07000 -0.03484 -0.02606 0.6899 0.5857 0.4255 0.96650 -4.00064
0.07000 -0.02976 -0.03435 0.6899 0.6450 0.3287 0.99968 -4.02097
0.07000 -0.02603 -0.04334 0.6899 0.6885 0.2237 1.03563 -4.03586
0.07000 -0.02376 -0.05280 0.6899 0.7150 0.1132 1.07347 -4.04495
0.07000 -0.02300 -0.06250 0.6899 0.7239 0.0000 1.11227 -4.04800
0.07000 -0.02376 -0.07220 0.6899 0.7150 -0.1132 1.15106 -4.04495
0.07000 -0.02603 -0.08166 0.6899 0.6885 -0.2237 1.18890 -4.03586
0.07000 -0.02976 -0.09065 0.6899 0.6450 -0.3287 1.22486 -4.02097
0.07000 -0.03484 -0.09894 0.6899 0.5857 -0.4255 1.25804 -4.00064
0.07000 -0.04116 -0.10634 0.6899 0.5119 -0.5119 1.28763 -3.97536
0.07000 -0.04856 -0.11266 0.6899 0.4255 -0.5857 1.31290 -3.94577
0.07000 -0.05685 -0.11774 0.6899 0.3287 -0.6450 1.33324 -3.91259
0.07000 -0.06584 -0.12147 0.6899 0.2237 -0.6885 1.34813 -3.87664
0.07000 -0.07530 -0.12374 0.6899 0.1132 -0.7150 1.35721 -3.83880
0.07000 -0.08500 -0.12450 0.6899 0.0000 -0.7239 1.36027 -3.80000
0.07000 -0.09470 -0.12374 0.6899 -0.1132 -0.7150 1.35721 -3.76120
0.07000 -0.10416 -0.12147 0.6899 -0.2237 -0.6885 1.34813 -3.72336
0.07000 -0.11315 -0.11774 0.6899 -0.3287 -0.6450 1.33324 -3.68741
0.07000 -0.12144 -0.11266 0.6899 -0.4255 -0.5857 1.31290 -3.65423
0.07000 -0.12884 -0.10634 0.6899 -0.5119 -0.5119 1.28763 -3.62464
0.07000 -0.13516 -0.09894 0.6899 -0.5857 -0.4255 1.25804 -3.59936
0.07000 -0.14024 -0.09065 0.6899 -0.6450 -0.3287 1.22486 -3.57903
0.07000 -0.14397 -0.08166 0.6899 -0.6885 -0.2237 1.18890 -3.56414
0.07000 -0.14624 -0.07220 0.6899 -0.7150 -0.1132 1.15106 -3.55505
0.07000 -0.14700 -0.06250 0.6899 -0.7239 0.0000 1.11227 -3.55200
0.07000 -0.14624 -0.05280 0.6899 -0.7150 0.1132 1.07347 -3.55505
0.07000 -0.14397 -0.04334 0.6899 -0.6885 0.2237 1.03563 -3.56414
0.07000 -0.14024 -0.03435 0.6899 -0.6450 0.3287 0.99968 -3.57903
0.07000 -0.13516 -0.02606 0.6899 -0.5857 0.4255 0.96650 -3.59936
0.07000 -0.12884 -0.01866 0.6899 -0.5119 0.5119 0.93690 -3.62464
0.07000 -0.12144 -0.01234 0.6899 -0.4255 0.5857 0.91163 -3.65423
0.07000 -0.11315 -0.00726 0.6899 -0.3287 0.6450 0.89130 -3.68741
0.07000 -0.10416 -0.00353 0.6899 -0.2237 0.6885 0.87640 -3.72336
0.07000 -0.09470 -0.00126 0.6899 -0.1132 0.7150 0.86732 -3.76120
0.06200 -0.07530 -0.00126 -0.6899 0.1132 0.7150 0.86732 -3.83880
0.06200 -0.08500 -0.00050 -0.6899 0.0000 0.7239 0.86427 -3.80000
0.06200 -0.09470 -0.00126 -0.6899 -0.1132 0.7150 0.86732 -3.76120
0.06200 -0.10416 -0.00353 -0.6899 -0.2237 0.6885 0.87640 -3.72336
0.06200 -0.11315 -0.00726 -0.6899 -0.3287 0.6450 0.89130 -3.68741
0.06200 -0.12144 -0.01234 -0.6899 -0.4255 0.5857 0.91163 -3.65423
0.06200 -0.12884 -0.01866 -0.6899 -0.5119 0.5119 0.93690 -3.62464
0.06200 -0.13516 -0.02606 -0.6899 -0.5857 0.4255 0.96650 -3.59936
0.06200 -0.14024 -0.03435 -0.6899 -0.6450 0.3287 0.99968 -3.57903
0.06200 -0.14397 -0.04334 -0.6899 -0.6885 0.2237 1.03563 -3.56414
0.06200 -0.14624 -0.05280 -0.6899 -0.7150 0.1132 1.07347 -3.55505
0.06200 -0.14700 -0.06250 -0.6899 -0.7239 0.0000 1.11227 -3.55200
0.06200 -0.14624 -0.07220 -0.6899 -0.7150 -0.1132 1.15106 -3.55505
0.06200 -0.14397 -0.08166 -0.6899 -0.6885 -0.2237 1.18890 -3.56414
0.06200 -0.14024 -0.09065 -0.6899 -0.6450 -0.3287 1.22486 -3.57903
0.06200 -0.13516 -0.09894 -0.6899 -0.5857 -0.4255 1.25804 -3.59936
0.06200 -0.12884 -0.10634 -0.6899 -0.5119 -0.5119 1.28763 -3.62464
0.06200 -0.12144 -0.11266 -0.6899 -0.4255 -0.5857 1.31290 -3.65423
0.06200 -0.11315 -0.11774 -0.6899 -0.3287 -0.6450 1.33324 -3.68741
0.06200 -0.10416 -0.12147 -0.6899 -0.2237 -0.6885 1.34813 -3.72336
0.06200 -0.09470 -0.12374 -0.6899 -0.1132 -0.7150 1.35721 -3.76120
0.06200 -0.08500 -0.12450 -0.6899 0.0000 -0.7239 1.36027 -3.80000
0.06200 -0.07530 -0.12374 -0.6899 0.1132 -0.7150 1.35721 -3.83880
0.06200 -0.06584 -0.12147 -0.6899 0.2237 -0.6885 1.34813 -3.87664
0.06200 -0.05685 -0.11774 -0.6899 0.3287 -0.6450 1.33324 -3.91259
0.06200 -0.04856 -0.11266 -0.6899 0.4255 -0.5857 1.31290 -3.94577
0.06200 -0.04116 -0.10634 -0.6899 0.5119 -0.5119 1.28763 -3.97536
0.06200 -0.03484 -0.09894 -0.6899 0.5857 -0.4255 1.25804 -4.00064
0.06200 -0.02976 -0.09065 -0.6899 0.6450 -0.3287 1.22486 -4.02097
0.06200 -0.02603 -0.08166 -0.6899 0.6885 -0.2237 1.18890 -4.03586
0.06200 -0.02376 -0.07220 -0.6899 0.7150 -0.1132 1.15106 -4.04495
0.06200 -0.02300 -0.06250 -0.6899 0.7239 0.0000 1.11227 -4.04800
0.06200 -0.02376 -0.05280 -0.6899 0.7150 0.1132 1.07347 -4.04495
0.06200 -0.02603 -0.04334 -0.6899 0.6885 0.2237 1.03563 -4.03586
0.06200 -0.02976 -0.03435 -0.6899 0.6450 0.3287 0.99968 -4.02097
0.06200 -0.03484 -0.02606 -0.6899 0.5857 0.4255 0.96650 -4.00064
0.06200 -0.04116 -0.01866 -0.6899 0.5119 0.5119 0.93690 -3.97536
0.06200 -0.04856 -0.01234 -0.6899 0.4255 0.5857 0.91163 -3.94577
0.06200 -0.05685 -0.00726 -0.6899 0.3287 0.6450 0.89130 -3.91259
0.06200 -0.06584 -0.00353 -0.6899 0.2237 0.6885 0.87640 -3.87664
0.02600 -0.08500 -0.00050 0.6899 0.0000 0.7239 -0.10400 -3.80000
0.02600 -0.09470 -0.00126 0.6899 -0.1132 0.7150 -0.10400 -3.76120
0.01800 -0.09470 -0.00126 -0.6899 -0.1132 0.7150 -0.07200 -3.76120
0.01800 -0.08500 -0.00050 -0.6899 0.0000 0.7239 -0.07200 -3.80000
0.02600 -0.10416 -0.00353 0.6899 -0.2237 0.6885 -0.10400 -3.72336
0.01800 -0.10416 -0.00353 -0.6899 -0.2237 0.6885 -0.07200 -3.72336
0.02600 -0.11315 -0.00726 0.6899 -0.3287 0.6450 -0.10400 -3.68741
0.01800 -0.11315 -0.00726 -0.6899 -0.3287 0.6450 -0.07200 -3.68741
0.02600 -0.12144 -0.01234 0.6899 -0.4255 0.5857 -0.10400 -3.65423
0.01800 -0.12144 -0.01234 -0.6899 -0.4255 0.5857 -0.07200 -3.65423
0.02600 -0.12884 -0.01866 0.6899 -0.5119 0.5119 -0.10400 -3.62464
0.01800 -0.12884 -0.01866 -0.6899 -0.5119 0.5119 -0.07200 -3.62464
0.02600 -0.12884 -0.01866 0.6899 -0.5119 0.5119 -0.10400 0.06310
0.02600 -0.13516 -0.02606 0.6899 -0.5857 0.4255 -0.10400 0.03350
0.01800 -0.13516 -0.02606 -0.6899 -0.5857 0.4255 -0.07200 0.03350
0.01800 -0.12884 -0.01866 -0.6899 -0.5119 0.5119 -0.07200 0.06310
0.02600 -0.14024 -0.03435 0.6899 -0.6450 0.3287 -0.10400 0.00032
0.01800 -0.14024 -0.03435 -0.6899 -0.6450 0.3287 -0.07200 0.00032
0.02600 -0.14397 -0.04334 0.6899 -0.6885 0.2237 -0.10400 -0.03563
0.01800 -0.14397 -0.04334 -0.6899 -0.6885 0.2237 -0.07200 -0.03563
0.02600 -0.14624 -0.05280 0.6899 -0.7150 0.1132 -0.10400 -0.07347
0.01800 -0.14624 -0.05280 -0.6899 -0.7150 0.1132 -0.07200 -0.07347
0.02600 -0.14700 -0.06250 0.6899 -0.7239 0.0000 -0.10400 -0.11227
0.01800 -0.14700 -0.06250 -0.6899 -0.7239 0.0000 -0.07200 -0.11227
0.02600 -0.14624 -0.07220 0.6899 -0.7150 -0.1132 -0.10400 -0.15106
0.01800 -0.14624 -0.07220 -0.6899 -0.7150 -0.1132 -0.07200 -0.15106
0.02600 -0.14397 -0.08166 0.6899 -0.6885 -0.2237 -0.10400 -0.18890
0.01800 -0.14397 -0.08166 -0.6899 -0.6885 -0.2237 -0.07200 -0.18890
0.02600 -0.14024 -0.09065 0.6899 -0.6450 -0.3287 -0.10400 -0.22486
0.01800 -0.14024 -0.09065 -0.6899 -0.6450 -0.3287 -0.07200 -0.22486
0.02600 -0.13516 -0.09894 0.6899 -0.5857 -0.4255 -0.10400 -0.25804
0.01800 -0.13516 -0.09894 -0.6899 -0.5857 -0.4255 -0.07200 -0.25804
0.02600 -0.12884 -0.10634 0.6899 -0.5119 -0.5119 -0.10400 -0.28763
0.01800 -0.12884 -0.10634 -0.6899 -0.5119 -0.5119 -0.07200 -0.28763
0.02600 -0.12884 -0.10634 0.6899 -0.5119 -0.5119 -0.10400 -3.62464
0.02600 -0.12144 -0.11266 0.6899 -0.4255 -0.5857 -0.10400 -3.65423
0.01800 -0.12144 -0.11266 -0.6899 -0.4255 -0.5857 -0.07200 -3.65423
0.01800 -0.12884 -0.10634 -0.6899 -0.5119 -0.5119 -0.07200 -3.62464
0.02600 -0.11315 -0.11774 0.6899 -0.3287 -0.6450 -0.10400 -3.68741
0.01800 -0.11315 -0.11774 -0.6899 -0.3287 -0.6450 -0.07200 -3.68741
0.02600 -0.10416 -0.12147 0.6899 -0.2237 -0.6885 -0.10400 -3.72336
0.01800 -0.10416 -0.12147 -0.6899 -0.2237 -0.6885 -0.07200 -3.72336
0.02600 -0.09470 -0.12374 0.6899 -0.1132 -0.7150 -0.10400 -3.76120
0.01800 -0.09470 -0.12374 -0.6899 -0.1132 -0.7150 -0.07200 -3.76120
0.02600 -0.08500 -0.12450 0.6899 0.0000 -0.7239 -0.10400 -3.80000
0.01800 -0.08500 -0.12450 -0.6899 0.0000 -0.7239 -0.07200 -3.80000
0.02600 -0.07530 -0.12374 0.6899 0.1132 -0.7150 -0.10400 -3.83880
0.01800 -0.07530 -0.12374 -0.6899 0.1132 -0.7150 -0.07200 -3.83880
0.02600 -0.06584 -0.12147 0.6899 0.2237 -0.6885 -0.10400 -3.87664
0.01800 -0.06584 -0.12147 -0.6899 0.2237 -0.6885 -0.07200 -3.87664
0.02600 -0.05685 -0.11774 0.6899 0.3287 -0.6450 -0.10400 -3.91259
0.01800 -0.05685 -0.11774 -0.6899 0.3287 -0.6450 -0.07200 -3.91259
0.02600 -0.04856 -0.11266 0.6899 0.4255 -0.5857 -0.10400 -3.94577
0.01800 -0.04856 -0.11266 -0.6899 0.4255 -0.5857 -0.07200 -3.94577
0.02600 -0.04116 -0.10634 0.6899 0.5119 -0.5119 -0.10400 -3.97536
0.01800 -0.04116 -0.10634 -0.6899 0.5119 -0.5119 -0.07200 -3.97536
0.02600 -0.04116 -0.10634 0.6899 0.5119 -0.5119 -0.10400 -0.28763
0.02600 -0.03484 -0.09894 0.6899 0.5857 -0.4255 -0.10400 -0.25804
0.01800 -0.03484 -0.09894 -0.6899 0.5857 -0.4255 -0.07200 -0.25804
0.01800 -0.04116 -0.10634 -0.6899 0.5119 -0.5119 -0.07200 -0.28763
0.02600 -0.02976 -0.09065 0.6899 0.6450 -0.3287 -0.10400 -0.22486
0.01800 -0.02976 -0.09065 -0.6899 0.6450 -0.3287 -0.07200 -0.22486
0.02600 -0.02603 -0.08166 0.6899 0.6885 -0.2237 -0.10400 -0.18890
0.01800 -0.02603 -0.08166 -0.6899 0.6885 -0.2237 -0.07200 -0.18890
0.02600 -0.02376 -0.07220 0.6899 0.7150 -0.1132 -0.10400 -0.15106
0.01800 -0.02376 -0.07220 -0.6899 0.7150 -0.1132 -0.07200 -0.15106
0.02600 -0.02300 -0.06250 0.6899 0.7239 0.0000 -0.10400 -0.11227
0.01800 -0.02300 -0.06250 -0.6899 0.7239 0.0000 -0.07200 -0.11227
0.02600 -0.02376 -0.05280 0.6899 0.7150 0.1132 -0.10400 -0.07347
0.01800 -0.02376 -0.05280 -0.6899 0.7150 0.1132 -0.07200 -0.07347
0.02600 -0.02603 -0.04334 0.6899 0.6885 0.2237 -0.10400 -0.03563
0.01800 -0.02603 -0.04334 -0.6899 0.6885 0.2237 -0.07200 -0.03563
0.02600 -0.02976 -0.03435 0.6899 0.6450 0.3287 -0.10400 0.00032
0.01800 -0.02976 -0.03435 -0.6899 0.6450 0.3287 -0.07200 0.00032
0.02600 -0.03484 -0.02606 0.6899 0.5857 0.4255 -0.10400 0.03350
0.01800 -0.03484 -0.02606 -0.6899 0.5857 0.4255 -0.07200 0.03350
0.02600 -0.04116 -0.01866 0.6899 0.5119 0.5119 -0.10400 0.06310
0.01800 -0.04116 -0.01866 -0.6899 0.5119 0.5119 -0.07200 0.06310
0.02600 -0.04116 -0.01866 0.6899 0.5119 0.5119 -0.10400 -3.97536
0.02600 -0.04856 -0.01234 0.6899 0.4255 0.5857 -0.10400 -3.94577
0.01800 -0.04856 -0.01234 -0.6899 0.4255 0.5857 -0.07200 -3.94577
0.01800 -0.04116 -0.01866 -0.6899 0.5119 0.5119 -0.07200 -3.97536
0.02600 -0.05685 -0.00726 0.6899 0.3287 0.6450 -0.10400 -3.91259
0.01800 -0.05685 -0.00726 -0.6899 0.3287 0.6450 -0.07200 -3.91259
0.02600 -0.06584 -0.00353 0.6899 0.2237 0.6885 -0.10400 -3.87664
0.01800 -0.06584 -0.00353 -0.6899 0.2237 0.6885 -0.07200 -3.87664
0.02600 -0.07530 -0.00126 0.6899 0.1132 0.7150 -0.10400 -3.83880
0.01800 -0.07530 -0.00126 -0.6899 0.1132 0.7150 -0.07200 -3.83880
0.02600 -0.08500 -0.00050 0.6899 0.0000 0.7239 0.86427 -3.80000
0.02600 -0.07530 -0.00126 0.6899 0.1132 0.7150 0.86732 -3.83880
0.02600 -0.06584 -0.00353 0.6899 0.2237 0.6885 0.87640 -3.87664
0.02600 -0.05685 -0.00726 0.6899 0.3287 0.6450 0.89130 -3.91259
0.02600 -0.04856 -0.01234 0.6899 0.4255 0.5857 0.91163 -3.94577
0.02600 -0.04116 -0.01866 0.6899 0.5119 0.5119 0.93690 -3.97536
0.02600 -0.03484 -0.02606 0.6899 0.5857 0.4255 0.96650 -4.00064
0.02600 -0.02976 -0.03435 0.6899 0.6450 0.3287 0.99968 -4.02097
0.02600 -0.02603 -0.04334 0.6899 0.6885 0.2237 1.03563 -4.03586
0.02600 -0.02376 -0.05280 0.6899 0.7150 0.1132 1.07347 -4.04495
0.02600 -0.02300 -0.06250 0.6899 0.7239 0.0000 1.11227 -4.04800
0.02600 -0.02376 -0.07220 0.6899 0.7150 -0.1132 1.15106 -4.04495
0.02600 -0.02603 -0.08166 0.6899 0.6885 -0.2237 1.18890 -4.03586
0.02600 -0.02976 -0.09065 0.6899 0.6450 -0.3287 1.22486 -4.02097
0.02600 -0.03484 -0.09894 0.6899 0.5857 -0.4255 1.25804 -4.00064
0.02600 -0.04116 -0.10634 0.6899 0.5119 -0.5119 1.28763 -3.97536
0.02600 -0.04856 -0.11266 0.6899 0.4255 -0.5857 1.31290 -3.94577
0.02600 -0.05685 -0.11774 0.6899 0.3287 -0.6450 1.33324 -3.91259
0.02600 -0.06584 -0.12147 0.6899 0.2237 -0.6885 1.34813 -3.87664
0.02600 -0.07530 -0.12374 0.6899 0.1132 -0.7150 1.35721 -3.83880
0.02600 -0.08500 -0.12450 0.6899 0.0000 -0.7239 1.36027 -3.80000
0.02600 -0.09470 -0.12374 0.6899 -0.1132 -0.7150 1.35721 -3.76120
0.02600 -0.10416 -0.12147 0.6899 -0.2237 -0.6885 1.34813 -3.72336
0.02600 -0.11315 -0.11774 0.6899 -0.3287 -0.6450 1.33324 -3.68741
0.02600 -0.12144 -0.11266 0.6899 -0.4255 -0.5857 1.31290 -3.65423
0.02600 -0.12884 -0.10634 0.6899 -0.5119 -0.5119 1.28763 -3.62464
0.02600 -0.13516 -0.09894 0.6899 -0.5857 -0.4255 1.25804 -3.59936
0.02600 -0.14024 -0.09065 0.6899 -0.6450 -0.3287 1.22486 -3.57903
0.02600 -0.14397 -0.08166 0.6899 -0.6885 -0.2237 1.18890 -3.56414
0.02600 -0.14624 -0.07220 0.6899 -0.7150 -0.1132 1.15106 -3.55505
0.02600 -0.14700 -0.06250 0.6899 -0.7239 0.0000 1.11227 -3.55200
0.02600 -0.14624 -0.05280 0.6899 -0.7150 0.1132 1.07347 -3.55505
0.02600 -0.14397 -0.04334 0.6899 -0.6885 0.2237 1.03563 -3.56414
0.02600 -0.14024 -0.03435 0.6899 -0.6450 0.3287 0.99968 -3.57903
0.02600 -0.13516 -0.02606 0.6899 -0.5857 0.4255 0.96650 -3.59936
0.02600 -0.12884 -0.01866 0.6899 -0.5119 0.5119 0.93690 -3.62464
0.02600 -0.12144 -0.01234 0.6899 -0.4255 0.5857 0.91163 -3.65423
0.02600 -0.11315 -0.00726 0.6899 -0.3287 0.6450 0.89130 -3.68741
0.02600 -0.10416 -0.00353 0.6899 -0.2237 0.6885 0.87640 -3.72336
0.02600 -0.09470 -0.00126 0.6899 -0.1132 0.7150 0.86732 -3.76120
0.01800 -0.07530 -0.00126 -0.6899 0.1132 0.7150 0.86732 -3.83880
0.01800 -0.08500 -0.00050 -0.6899 0.0000 0.7239 0.86427 -3.80000
0.01800 -0.09470 -0.00126 -0.6899 -0.1132 0.7150 0.86732 -3.76120
0.01800 -0.10416 -0.00353 -0.6899 -0.2237 0.6885 0.87640 -3.72336
0.01800 -0.11315 -0.00726 -0.6899 -0.3287 0.6450 0.89130 -3.68741
0.01800 -0.12144 -0.01234 -0.6899 -0.4255 0.5857 0.91163 -3.65423
0.01800 -0.12884 -0.01866 -0.6899 -0.5119 0.5119 0.93690 -3.62464
0.01800 -0.13516 -0.02606 -0.6899 -0.5857 0.4255 0.96650 -3.59936
0.01800 -0.14024 -0.03435 -0.6899 -0.6450 0.3287 0.99968 -3.57903
0.01800 -0.14397 -0.04334 -0.6899 -0.6885 0.2237 1.03563 -3.56414
0.01800 -0.14624 -0.05280 -0.6899 -0.7150 0.1132 1.07347 -3.55505
0.01800 -0.14700 -0.06250 -0.6899 -0.7239 0.0000 1.11227 -3.55200
0.01800 -0.14624 -0.07220 -0.6899 -0.7150 -0.1132 1.15106 -3.55505
0.01800 -0.14397 -0.08166 -0.6899 -0.6885 -0.2237 1.18890 -3.56414
0.01800 -0.14024 -0.09065 -0.6899 -0.6450 -0.3287 1.22486 -3.57903
0.01800 -0.13516 -0.09894 -0.6899 -0.5857 -0.4255 1.25804 -3.59936
0.01800 -0.12884 -0.10634 -0.6899 -0.5119 -0.5119 1.28763 -3.62464
0.01800 -0.12144 -0.11266 -0.6899 -0.4255 -0.5857 1.31290 -3.65423
0.01800 -0.11315 -0.11774 -0.6899 -0.3287 -0.6450 1.33324 -3.68741
0.01800 -0.10416 -0.12147 -0.6899 -0.2237 -0.6885 1.34813 -3.72336
0.01800 -0.09470 -0.12374 -0.6899 -0.1132 -0.7150 1.35721 -3.76120
0.01800 -0.08500 -0.12450 -0.6899 0.0000 -0.7239 1.36027 -3.80000
0.01800 -0.07530 -0.12374 -0.6899 0.1132 -0.7150 1.35721 -3.83880
0.01800 -0.06584 -0.12147 -0.6899 0.2237 -0.6885 1.34813 -3.87664
0.01800 -0.05685 -0.11774 -0.6899 0.3287 -0.6450 1.33324 -3.91259
0.01800 -0.04856 -0.11266 -0.6899 0.4255 -0.5857 1.31290 -3.94577
0.01800 -0.04116 -0.10634 -0.6899 0.5119 -0.5119 1.28763 -3.97536
0.01800 -0.03484 -0.09894 -0.6899 0.5857 -0.4255 1.25804 -4.00064
0.01800 -0.02976 -0.09065 -0.6899 0.6450 -0.3287 1.22486 -4.02097
0.01800 -0.02603 -0.08166 -0.6899 0.6885 -0.2237 1.18890 -4.03586
0.01800 -0.02376 -0.07220 -0.6899 0.7150 -0.1132 1.15106 -4.04495
0.01800 -0.02300 -0.06250 -0.6899 0.7239 0.0000 1.11227 -4.04800
0.01800 -0.02376 -0.05280 -0.6899 0.7150 0.1132 1.07347 -4.04495
0.01800 -0.02603 -0.04334 -0.6899 0.6885 0.2237 1.03563 -4.03586
0.01800 -0.02976 -0.03435 -0.6899 0.6450 0.3287 0.99968 -4.02097
0.01800 -0.03484 -0.02606 -0.6899 0.5857 0.4255 0.96650 -4.00064
0.01800 -0.04116 -0.01866 -0.6899 0.5119 0.5119 0.93690 -3.97536
0.01800 -0.04856 -0.01234 -0.6899 0.4255 0.5857 0.91163 -3.94577
0.01800 -0.05685 -0.00726 -0.6899 0.3287 0.6450 0.89130 -3.91259
0.01800 -0.06584 -0.00353 -0.6899 0.2237 0.6885 0.87640 -3.87664
-0.01800 -0.08500 -0.00050 0.6899 0.0000 0.7239 0.07200 -3.80000
-0.01800 -0.09470 -0.00126 0.6899 -0.1132 0.7150 0.07200 -3.76120
-0.02600 -0.09470 -0.00126 -0.6899 -0.1132 0.7150 0.10400 -3.76120
-0.02600 -0.08500 -0.00050 -0.6899 0.0000 0.7239 0.10400 -3.80000
-0.01800 -0.10416 -0.00353 0.6899 -0.2237 0.6885 0.07200 -3.72336
-0.02600 -0.10416 -0.00353 -0.6899 -0.2237 0.6885 0.10400 -3.72336
-0.01800 -0.11315 -0.00726 0.6899 -0.3287 0.6450 0.07200 -3.68741
-0.02600 -0.11315 -0.00726 -0.6899 -0.3287 0.6450 0.10400 -3.68741
-0.01800 -0.12144 -0.01234 0.6899 -0.4255 0.5857 0.07200 -3.65423
-0.02600 -0.12144 -0.01234 -0.6899 -0.4255 0.5857 0.10400 -3.65423
-0.01800 -0.12884 -0.01866 0.6899 -0.5119 0.5119 0.07200 -3.62464
-0.02600 -0.12884 -0.01866 -0.6899 -0.5119 0.5119 0.10400 -3.62464
-0.01800 -0.12884 -0.01866 0.6899 -0.5119 0.5119 0.07200 0.06310
-0.01800 -0.13516 -0.02606 0.6899 -0.5857 0.4255 0.07200 0.03350
-0.02600 -0.13516 -0.02606 -0.6899 -0.5857 0.4255 0.10400 0.03350
-0.02600 -0.12884 -0.01866 -0.6899 -0.5119 0.5119 0.10400 0.06310
-0.01800 -0.14024 -0.03435 0.6899 -0.6450 0.3287 0.07200 0.00032
-0.02600 -0.14024 -0.03435 -0.6899 -0.6450 0.3287 0.10400 0.00032
-0.01800 -0.14397 -0.04334 0.6899 -0.6885 0.2237 0.07200 -0.03563
-0.02600 -0.14397 -0.04334 -0.6899 -0.6885 0.2237 0.10400 -0.03563
-0.01800 -0.14624 -0.05280 0.6899 -0.7150 0.1132 0.07200 -0.07347
-0.02600 -0.14624 -0.05280 -0.6899 -0.7150 0.1132 0.10400 -0.07347
-0.01800 -0.14700 -0.06250 0.6899 -0.7239 0.0000 0.07200 -0.11227
-0.02600 -0.14700 -0.06250 -0.6899 -0.7239 0.0000 0.10400 -0.11227
-0.01800 -0.14624 -0.07220 0.6899 -0.7150 -0.1132 0.07200 -0.15106
-0.02600 -0.14624 -0.07220 -0.6899 -0.7150 -0.1132 0.10400 -0.15106
-0.01800 -0.14397 -0.08166 0.6899 -0.6885 -0.2237 0.07200 -0.18890
-0.02600 -0.14397 -0.08166 -0.6899 -0.6885 -0.2237 0.10400 -0.18890
-0.01800 -0.14024 -0.09065 0.6899 -0.6450 -0.3287 0.07200 -0.22486
-0.02600 -0.14024 -0.09065 -0.6899 -0.6450 -0.3287 0.10400 -0.22486
-0.01800 -0.13516 -0.09894 0.6899 -0.5857 -0.4255 0.07200 -0.25804
-0.02600 -0.13516 -0.09894 -0.6899 -0.5857 -0.4255 0.10400 -0.25804
-0.01800 -0.12884 -0.10634 0.6899 -0.5119 -0.5119 0.07200 -0.28763
-0.02600 -0.12884 -0.10634 -0.6899 -0.5119 -0.5119 0.10400 -0.28763
-0.01800 -0.12884 -0.10634 0.6899 -0.5119 -0.5119 0.07200 -3.62464
-0.01800 -0.12144 -0.11266 0.6899 -0.4255 -0.5857 0.07200 -3.65423
-0.02600 -0.12144 -0.11266 -0.6899 -0.4255 -0.5857 0.10400 -3.65423
-0.02600 -0.12884 -0.10634 -0.6899 -0.5119 -0.5119 0.10400 -3.62464
-0.01800 -0.11315 -0.11774 0.6899 -0.3287 -0.6450 0.07200 -3.68741
-0.02600 -0.11315 -0.11774 -0.6899 -0.3287 -0.6450 0.10400 -3.68741
-0.01800 -0.10416 -0.12147 0.6899 -0.2237 -0.6885 0.07200 -3.72336
-0.02600 -0.10416 -0.12147 -0.6899 -0.2237 -0.6885 0.10400 -3.72336
-0.01800 -0.09470 -0.12374 0.6899 -0.1132 -0.7150 0.07200 -3.76120
-0.02600 -0.09470 -0.12374 -0.6899 -0.1132 -0.7150 0.10400 -3.76120
-0.01800 -0.08500 -0.12450 0.6899 0.0000 -0.7239 0.07200 -3.80000
-0.02600 -0.08500 -0.12450 -0.6899 0.0000 -0.7239 0.10400 -3.80000
-0.01800 -0.07530 -0.12374 0.6899 0.1132 -0.7150 0.07200 -3.83880
-0.02600 -0.07530 -0.12374 -0.6899 0.1132 -0.7150 0.10400 -3.83880
-0.01800 -0.06584 -0.12147 0.6899 0.2237 -0.6885 0.07200 -3.87664
-0.02600 -0.06584 -0.12147 -0.6899 0.2237 -0.6885 0.10400 -3.87664
-0.01800 -0.05685 -0.11774 0.6899 0.3287 -0.6450 0.07200 -3.91259
-0.02600 -0.05685 -0.11774 -0.6899 0.3287 -0.6450 0.10400 -3.91259
-0.01800 -0.04856 -0.11266 0.6899 0.4255 -0.5857 0.07200 -3.94577
-0.02600 -0.04856 -0.11266 -0.6899 0.4255 -0.5857 0.10400 -3.94577
-0.01800 -0.04116 -0.10634 0.6899 0.5119 -0.5119 0.07200 -3.97536
-0.02600 -0.04116 -0.10634 -0.6899 0.5119 -0.5119 0.10400 -3.97536
-0.01800 -0.04116 -0.10634 0.6899 0.5119 -0.5119 0.07200 -0.28763
-0.01800 -0.03484 -0.09894 0.6899 0.5857 -0.4255 0.07200 -0.25804
-0.02600 -0.03484 -0.09894 -0.6899 0.5857 -0.4255 0.10400 -0.25804
-0.02600 -0.04116 -0.10634 -0.6899 0.5119 -0.5119 0.10400 -0.28763
-0.01800 -0.02976 -0.09065 0.6899 0.6450 -0.3287 0.07200 -0.22486
-0.02600 -0.02976 -0.09065 -0.6899 0.6450 -0.3287 0.10400 -0.22486
-0.01800 -0.02603 -0.08166 0.6899 0.6885 -0.2237 0.07200 -0.18890
-0.02600 -0.02603 -0.08166 -0.6899 0.6885 -0.2237 0.10400 -0.18890
-0.01800 -0.02376 -0.07220 0.6899 0.7150 -0.1132 0.07200 -0.15106
-0.02600 -0.02376 -0.07220 -0.6899 0.7150 -0.1132 0.10400 -0.15106
-0.01800 -0.02300 -0.06250 0.6899 0.7239 0.0000 0.07200 -0.11227
-0.02600 -0.02300 -0.06250 -0.6899 0.7239 0.0000 0.10400 -0.11227
-0.01800 -0.02376 -0.05280 0.6899 0.7150 0.1132 0.07200 -0.07347
-0.02600 -0.02376 -0.05280 -0.6899 0.7150 0.1132 0.10400 -0.07347
-0.01800 -0.02603 -0.04334 0.6899 0.6885 0.2237 0.07200 -0.03563
-0.02600 -0.02603 -0.04334 -0.6899 0.6885 0.2237 0.10400 -0.03563
-0.01800 -0.02976 -0.03435 0.6899 0.6450 0.3287 0.07200 0.00032
-0.02600 -0.02976 -0.03435 -0.6899 0.6450 0.3287 0.10400 0.00032
-0.01800 -0.03484 -0.02606 0.6899 0.5857 0.4255 0.07200 0.03350
-0.02600 -0.03484 -0.02606 -0.6899 0.5857 0.4255 0.10400 0.03350
-0.01800 -0.04116 -0.01866 0.6899 0.5119 0.5119 0.07200 0.06310
-0.02600 -0.04116 -0.01866 -0.6899 0.5119 0.5119 0.10400 0.06310
-0.01800 -0.04116 -0.01866 0.6899 0.5119 0.5119 0.07200 -3.97536
-0.01800 -0.04856 -0.01234 0.6899 0.4255 0.5857 0.07200 -3.94577
-0.02600 -0.04856 -0.01234 -0.6899 0.4255 0.5857 0.10400 -3.94577
-0.02600 -0.04116 -0.01866 -0.6899 0.5119 0.5119 0.10400 -3.97536
-0.01800 -0.05685 -0.00726 0.6899 0.3287 0.6450 0.07200 -3.91259
-0.02600 -0.05685 -0.00726 -0.6899 0.3287 0.6450 0.10400 -3.91259
-0.01800 -0.06584 -0.00353 0.6899 0.2237 0.6885 0.07200 -3.87664
-0.02600 -0.06584 -0.00353 -0.6899 0.2237 0.6885 0.10400 -3.87664
-0.01800 -0.07530 -0.00126 0.6899 0.1132 0.7150 0.07200 -3.83880
-0.02600 -0.07530 -0.00126 -0.6899 0.1132 0.7150 0.10400 -3.83880
-0.01800 -0.08500 -0.00050 0.6899 0.0000 0.7239 0.86427 -3.80000
-0.01800 -0.07530 -0.00126 0.6899 0.1132 0.7150 0.86732 -3.83880
-0.01800 -0.06584 -0.00353 0.6899 0.2237 0.6885 0.87640 -3.87664
-0.01800 -0.05685 -0.00726 0.6899 0.3287 0.6450 0.89130 -3.91259
-0.01800 -0.04856 -0.01234 0.6899 0.4255 0.5857 0.91163 -3.94577
-0.01800 -0.04116 -0.01866 0.6899 0.5119 0.5119 0.93690 -3.97536
-0.01800 -0.03484 -0.02606 0.6899 0.5857 0.4255 0.96650 -4.00064
-0.01800 -0.02976 -0.03435 0.6899 0.6450 0.3287 0.99968 -4.02097
-0.01800 -0.02603 -0.04334 0.6899 0.6885 0.2237 1.03563 -4.03586
-0.01800 -0.02376 -0.05280 0.6899 0.7150 0.1132 1.07347 -4.04495
-0.01800 -0.02300 -0.06250 0.6899 0.7239 0.0000 1.11227 -4.04800
-0.01800 -0.02376 -0.07220 0.6899 0.7150 -0.1132 1.15106 -4.04495
-0.01800 -0.02603 -0.08166 0.6899 0.6885 -0.2237 1.18890 -4.03586
-0.01800 -0.02976 -0.09065 0.6899 0.6450 -0.3287 1.22486 -4.02097
-0.01800 -0.03484 -0.09894 0.6899 0.5857 -0.4255 1.25804 -4.00064
-0.01800 -0.04116 -0.10634 0.6899 0.5119 -0.5119 1.28763 -3.97536
-0.01800 -0.04856 -0.11266 0.6899 0.4255 -0.5857 1.31290 -3.94577
-0.01800 -0.05685 -0.11774 0.6899 0.3287 -0.6450 1.33324 -3.91259
-0.01800 -0.06584 -0.12147 0.6899 0.2237 -0.6885 1.34813 -3.87664
-0.01800 -0.07530 -0.12374 0.6899 0.1132 -0.7150 1.35721 -3.83880
-0.01800 -0.08500 -0.12450 0.6899 0.0000 -0.7239 1.36027 -3.80000
-0.01800 -0.09470 -0.12374 0.6899 -0.1132 -0.7150 1.35721 -3.76120
-0.01800 -0.10416 -0.12147 0.6899 -0.2237 -0.6885 1.34813 -3.72336
-0.01800 -0.11315 -0.11774 0.6899 -0.3287 -0.6450 1.33324 -3.68741
-0.01800 -0.12144 -0.11266 0.6899 -0.4255 -0.5857 1.31290 -3.65423
-0.01800 -0.12884 -0.10634 0.6899 -0.5119 -0.5119 1.28763 -3.62464
-0.01800 -0.13516 -0.09894 0.6899 -0.5857 -0.4255 1.25804 -3.59936
-0.01800 -0.14024 -0.09065 0.6899 -0.6450 -0.3287 1.22486 -3.57903
-0.01800 -0.14397 -0.08166 0.6899 -0.6885 -0.2237 1.18890 -3.56414
-0.01800 -0.14624 -0.07220 0.6899 -0.7150 -0.1132 1.15106 -3.55505
-0.01800 -0.14700 -0.06250 0.6899 -0.7239 0.0000 1.11227 -3.55200
-0.01800 -0.14624 -0.05280 0.6899 -0.7150 0.1132 1.07347 -3.55505
-0.01800 -0.14397 -0.04334 0.6899 -0.6885 0.2237 1.03563 -3.56414
-0.01800 -0.14024 -0.03435 0.6899 -0.6450 0.3287 0.99968 -3.57903
-0.01800 -0.13516 -0.02606 0.6899 -0.5857 0.4255 0.96650 -3.59936
-0.01800 -0.12884 -0.01866 0.6899 -0.5119 0.5119 0.93690 -3.62464
-0.01800 -0.12144 -0.01234 0.6899 -0.4255 0.5857 0.91163 -3.65423
-0.01800 -0.11315 -0.00726 0.6899 -0.3287 0.6450 0.89130 -3.68741
-0.01800 -0.10416 -0.00353 0.6899 -0.2237 0.6885 0.87640 -3.72336
-0.01800 -0.09470 -0.00126 0.6899 -0.1132 0.7150 0.86732 -3.76120
-0.02600 -0.07530 -0.00126 -0.6899 0.1132 0.7150 0.86732 -3.83880
-0.02600 -0.08500 -0.00050 -0.6899 0.0000 0.7239 0.86427 -3.80000
-0.02600 -0.09470 -0.00126 -0.6899 -0.1132 0.7150 0.86732 -3.76120
-0.02600 -0.10416 -0.00353 -0.6899 -0.2237 0.6885 0.87640 -3.72336
-0.02600 -0.11315 -0.00726 -0.6899 -0.3287 0.6450 0.89130 -3.68741
-0.02600 -0.12144 -0.01234 -0.6899 -0.4255 0.5857 0.91163 -3.65423
-0.02600 -0.12884 -0.01866 -0.6899 -0.5119 0.5119 0.93690 -3.62464
-0.02600 -0.13516 -0.02606 -0.6899 -0.5857 0.4255 0.96650 -3.59936
-0.02600 -0.14024 -0.03435 -0.6899 -0.6450 0.3287 0.99968 -3.57903
-0.02600 -0.14397 -0.04334 -0.6899 -0.6885 0.2237 1.03563 -3.56414
-0.02600 -0.14624 -0.05280 -0.6899 -0.7150 0.1132 1.07347 -3.55505
-0.02600 -0.14700 -0.06250 -0.6899 -0.7239 0.0000 1.11227 -3.55200
-0.02600 -0.14624 -0.07220 -0.6899 -0.7150 -0.1132 1.15106 -3.55505
-0.02600 -0.14397 -0.08166 -0.6899 -0.6885 -0.2237 1.18890 -3.56414
-0.02600 -0.14024 -0.09065 -0.6899 -0.6450 -0.3287 1.22486 -3.57903
-0.02600 -0.13516 -0.09894 -0.6899 -0.5857 -0.4255 1.25804 -3.59936
-0.02600 -0.12884 -0.10634 -0.6899 -0.5119 -0.5119 1.28763 -3.62464
-0.02600 -0.12144 -0.11266 -0.6899 -0.4255 -0.5857 1.31290 -3.65423
-0.02600 -0.11315 -0.11774 -0.6899 -0.3287 -0.6450 1.33324 -3.68741
-0.02600 -0.10416 -0.12147 -0.6899 -0.2237 -0.6885 1.34813 -3.72336
-0.02600 -0.09470 -0.12374 -0.6899 -0.1132 -0.7150 1.35721 -3.76120
-0.02600 -0.08500 -0.12450 -0.6899 0.0000 -0.7239 1.36027 -3.80000
-0.02600 -0.07530 -0.12374 -0.6899 0.1132 -0.7150 1.35721 -3.83880
-0.02600 -0.06584 -0.12147 -0.6899 0.2237 -0.6885 1.34813 -3.87664
-0.02600 -0.05685 -0.11774 -0.6899 0.3287 -0.6450 1.33324 -3.91259
-0.02600 -0.04856 -0.11266 -0.6899 0.4255 -0.5857 1.31290 -3.94577
-0.02600 -0.04116 -0.10634 -0.6899 0.5119 -0.5119 1.28763 -3.97536
-0.02600 -0.03484 -0.09894 -0.6899 0.5857 -0.4255 1.25804 -4.00064
-0.02600 -0.02976 -0.09065 -0.6899 0.6450 -0.3287 1.22486 -4.02097
-0.02600 -0.02603 -0.08166 -0.6899 0.6885 -0.2237 1.18890 -4.03586
-0.02600 -0.02376 -0.07220 -0.6899 0.7150 -0.1132 1.15106 -4.04495
-0.02600 -0.02300 -0.06250 -0.6899 0.7239 0.0000 1.11227 -4.04800
-0.02600 -0.02376 -0.05280 -0.6899 0.7150 0.1132 1.07347 -4.04495
-0.02600 -0.02603 -0.04334 -0.6899 0.6885 0.2237 1.03563 -4.03586
-0.02600 -0.02976 -0.03435 -0.6899 0.6450 0.3287 0.99968 -4.02097
-0.02600 -0.03484 -0.02606 -0.6899 0.5857 0.4255 0.96650 -4.00064
-0.02600 -0.04116 -0.01866 -0.6899 0.5119 0.5119 0.93690 -3.97536
-0.02600 -0.04856 -0.01234 -0.6899 0.4255 0.5857 0.91163 -3.94577
-0.02600 -0.05685 -0.00726 -0.6899 0.3287 0.6450 0.89130 -3.91259
-0.02600 -0.06584 -0.00353 -0.6899 0.2237 0.6885 0.87640 -3.87664
-0.06200 -0.08500 -0.00050 0.6899 0.0000 0.7239 0.24800 -3.80000
-0.06200 -0.09470 -0.00126 0.6899 -0.1132 0.7150 0.24800 -3.76120
-0.07000 -0.09470 -0.00126 -0.6899 -0.1132 0.7150 0.28000 -3.76120
-0.07000 -0.08500 -0.00050 -0.6899 0.0000 0.7239 0.28000 -3.80000
-0.06200 -0.10416 -0.00353 0.6899 -0.2237 0.6885 0.24800 -3.72336
-0.07000 -0.10416 -0.00353 -0.6899 -0.2237 0.6885 0.28000 -3.72336
-0.06200 -0.11315 -0.00726 0.6899 -0.3287 0.6450 0.24800 -3.68741
-0.07000 -0.11315 -0.00726 -0.6899 -0.3287 0.6450 0.28000 -3.68741
-0.06200 -0.12144 -0.01234 0.6899 -0.4255 0.5857 0.24800 -3.65423
-0.07000 -0.12144 -0.01234 -0.6899 -0.4255 0.5857 0.28000 -3.65423
-0.06200 -0.12884 -0.01866 0.6899 -0.5119 0.5119 0.24800 -3.62464
-0.07000 -0.12884 -0.01866 -0.6899 -0.5119 0.5119 0.28000 -3.62464
-0.06200 -0.12884 -0.01866 0.6899 -0.5119 0.5119 0.24800 0.06310
-0.06200 -0.13516 -0.02606 0.6899 -0.5857 0.4255 0.24800 0.03350
-0.07000 -0.13516 -0.02606 -0.6899 -0.5857 0.4255 0.28000 0.03350
-0.07000 -0.12884 -0.01866 -0.6899 -0.5119 0.5119 0.28000 0.06310
-0.06200 -0.14024 -0.03435 0.6899 -0.6450 0.3287 0.24800 0.00032
-0.07000 -0.14024 -0.03435 -0.6899 -0.6450 0.3287 0.28000 0.00032
-0.06200 -0.14397 -0.04334 0.6899 -0.6885 0.2237 0.24800 -0.03563
-0.07000 -0.14397 -0.04334 -0.6899 -0.6885 0.2237 0.28000 -0.03563
-0.06200 -0.14624 -0.05280 0.6899 -0.7150 0.1132 0.24800 -0.07347
-0.07000 -0.14624 -0.05280 -0.6899 -0.7150 0.1132 0.28000 -0.07347
-0.06200 -0.14700 -0.06250 0.6899 -0.7239 0.0000 0.24800 -0.11227
-0.07000 -0.14700 -0.06250 -0.6899 -0.7239 0.0000 0.28000 -0.11227
-0.06200 -0.14624 -0.07220 0.6899 -0.7150 -0.1132 0.24800 -0.15106
-0.07000 -0.14624 -0.07220 -0.6899 -0.7150 -0.1132 0.28000 -0.15106
-0.06200 -0.14397 -0.08166 0.6899 -0.6885 -0.2237 0.24800 -0.18890
-0.07000 -0.14397 -0.08166 -0.6899 -0.6885 -0.2237 0.28000 -0.18890
-0.06200 -0.14024 -0.09065 0.6899 -0.6450 -0.3287 0.24800 -0.22486
-0.07000 -0.14024 -0.09065 -0.6899 -0.6450 -0.3287 0.28000 -0.22486
-0.06200 -0.13516 -0.09894 0.6899 -0.5857 -0.4255 0.24800 -0.25804
-0.07000 -0.13516 -0.09894 -0.6899 -0.5857 -0.4255 0.28000 -0.25804
-0.06200 -0.12884 -0.10634 0.6899 -0.5119 -0.5119 0.24800 -0.28763
-0.07000 -0.12884 -0.10634 -0.6899 -0.5119 -0.5119 0.28000 -0.28763
-0.06200 -0.12884 -0.10634 0.6899 -0.5119 -0.5119 0.24800 -3.62464
-0.06200 -0.12144 -0.11266 0.6899 -0.4255 -0.5857 0.24800 -3.65423
-0.07000 -0.12144 -0.11266 -0.6899 -0.4255 -0.5857 0.28000 -3.65423
-0.07000 -0.12884 -0.10634 -0.6899 -0.5119 -0.5119 0.28000 -3.62464
-0.06200 -0.11315 -0.11774 0.6899 -0.3287 -0.6450 0.24800 -3.68741
-0.07000 -0.11315 -0.11774 -0.6899 -0.3287 -0.6450 0.28000 -3.68741
-0.06200 -0.10416 -0.12147 0.6899 -0.2237 -0.6885 0.24800 -3.72336
-0.07000 -0.10416 -0.12147 -0.6899 -0.2237 -0.6885 0.28000 -3.72336
-0.06200 -0.09470 -0.12374 0.6899 -0.1132 -0.7150 0.24800 -3.76120
-0.07000 -0.09470 -0.12374 -0.6899 -0.1132 -0.7150 0.28000 -3.76120
-0.06200 -0.08500 -0.12450 0.6899 0.0000 -0.7239 0.24800 -3.80000
-0.07000 -0.08500 -0.12450 -0.6899 0.0000 -0.7239 0.28000 -3.80000
-0.06200 -0.07530 -0.12374 0.6899 0.1132 -0.7150 0.24800 -3.83880
-0.07000 -0.07530 -0.12374 -0.6899 0.1132 -0.7150 0.28000 -3.83880
-0.06200 -0.06584 -0.12147 0.6899 0.2237 -0.6885 0.24800 -3.87664
-0.07000 -0.06584 -0.12147 -0.6899 0.2237 -0.6885 0.28000 -3.87664
-0.06200 -0.05685 -0.11774 0.6899 0.3287 -0.6450 0.24800 -3.91259
-0.07000 -0.05685 -0.11774 -0.6899 0.3287 -0.6450 0.28000 -3.91259
-0.06200 -0.04856 -0.11266 0.6899 0.4255 -0.5857 0.24800 -3.94577
-0.07000 -0.04856 -0.11266 -0.6899 0.4255 -0.5857 0.28000 -3.94577
-0.06200 -0.04116 -0.10634 0.6899 0.5119 -0.5119 0.24800 -3.97536
-0.07000 -0.04116 -0.10634 -0.6899 0.5119 -0.5119 0.28000 -3.97536
-0.06200 -0.04116 -0.10634 0.6899 0.5119 -0.5119 0.24800 -0.28763
-0.06200 -0.03484 -0.09894 0.6899 0.5857 -0.4255 0.24800 -0.25804
-0.07000 -0.03484 -0.09894 -0.6899 0.5857 -0.4255 0.28000 -0.25804
-0.07000 -0.04116 -0.10634 -0.6899 0.5119 -0.5119 0.28000 -0.28763
-0.06200 -0.02976 -0.09065 0.6899 0.6450 -0.3287 0.24800 -0.22486
-0.07000 -0.02976 -0.09065 -0.6899 0.6450 -0.3287 0.28000 -0.22486
-0.06200 -0.02603 -0.08166 0.6899 0.6885 -0.2237 0.24800 -0.18890
-0.07000 -0.02603 -0.08166 -0.6899 0.6885 -0.2237 0.28000 -0.18890
-0.06200 -0.02376 -0.07220 0.6899 0.7150 -0.1132 0.24800 -0.15106
-0.07000 -0.02376 -0.07220 -0.6899 0.7150 -0.1132 0.28000 -0.15106
-0.06200 -0.02300 -0.06250 0.6899 0.7239 0.0000 0.24800 -0.11227
-0.07000 -0.02300 -0.06250 -0.6899 0.7239 0.0000 0.28000 -0.11227
-0.06200 -0.02376 -0.05280 0.6899 0.7150 0.1132 0.24800 -0.07347
-0.07000 -0.02376 -0.05280 -0.6899 0.7150 0.1132 0.28000 -0.07347
-0.06200 -0.02603 -0.04334 0.6899 0.6885 0.2237 0.24800 -0.03563
-0.07000 -0.02603 -0.04334 -0.6899 0.6885 0.2237 0.28000 -0.03563
-0.06200 -0.02976 -0.03435 0.6899 0.6450 0.3287 0.24800 0.00032
-0.07000 -0.02976 -0.03435 -0.6899 0.6450 0.3287 0.28000 0.00032
-0.06200 -0.03484 -0.02606 0.6899 0.5857 0.4255 0.24800 0.03350
-0.07000 -0.03484 -0.02606 -0.6899 0.5857 0.4255 0.28000 0.03350
-0.06200 -0.04116 -0.01866 0.6899 0.5119 0.5119 0.24800 0.06310
-0.07000 -0.04116 -0.01866 -0.6899 0.5119 0.5119 0.28000 0.06310
-0.06200 -0.04116 -0.01866 0.6899 0.5119 0.5119 0.24800 -3.97536
-0.06200 -0.04856 -0.01234 0.6899 0.4255 0.5857 0.24800 -3.94577
-0.07000 -0.04856 -0.01234 -0.6899 0.4255 0.5857 0.28000 -3.94577
-0.07000 -0.04116 -0.01866 -0.6899 0.5119 0.5119 0.28000 -3.97536
-0.06200 -0.05685 -0.00726 0.6899 0.3287 0.6450 0.24800 -3.91259
-0.07000 -0.05685 -0.00726 -0.6899 0.3287 0.6450 0.28000 -3.91259
-0.06200 -0.06584 -0.00353 0.6899 0.2237 0.6885 0.24800 -3.87664
-0.07000 -0.06584 -0.00353 -0.6899 0.2237 0.6885 0.28000 -3.87664
-0.06200 -0.07530 -0.00126 0.6899 0.1132 0.7150 0.24800 -3.83880
-0.07000 -0.07530 -0.00126 -0.6899 0.1132 0.7150 0.28000 -3.83880
-0.06200 -0.08500 -0.00050 0.6899 0.0000 0.7239 0.86427 -3.80000
-0.06200 -0.07530 -0.00126 0.6899 0.1132 0.7150 0.86732 -3.83880
-0.06200 -0.06584 -0.00353 0.6899 0.2237 0.6885 0.87640 -3.87664
-0.06200 -0.05685 -0.00726 0.6899 0.3287 0.6450 0.89130 -3.91259
-0.06200 -0.04856 -0.01234 0.6899 0.4255 0.5857 0.91163 -3.94577
-0.06200 -0.04116 -0.01866 0.6899 0.5119 0.5119 0.93690 -3.97536
-0.06200 -0.03484 -0.02606 0.6899 0.5857 0.4255 0.96650 -4.00064
-0.06200 -0.02976 -0.03435 0.6899 0.6450 0.3287 0.99968 -4.02097
-0.06200 -0.02603 -0.04334 0.6899 0.6885 0.2237 1.03563 -4.03586
-0.06200 -0.02376 -0.05280 0.6899 0.7150 0.1132 1.07347 -4.04495
-0.06200 -0.02300 -0.06250 0.6899 0.7239 0.0000 1.11227 -4.04800
-0.06200 -0.02376 -0.07220 0.6899 0.7150 -0.1132 1.15106 -4.04495
-0.06200 -0.02603 -0.08166 0.6899 0.6885 -0.2237 1.18890 -4.03586
-0.06200 -0.02976 -0.09065 0.6899 0.6450 -0.3287 1.22486 -4.02097
-0.06200 -0.03484 -0.09894 0.6899 0.5857 -0.4255 1.25804 -4.00064
-0.06200 -0.04116 -0.10634 0.6899 0.5119 -0.5119 1.28763 -3.97536
-0.06200 -0.04856 -0.11266 0.6899 0.4255 -0.5857 1.31290 -3.94577
-0.06200 -0.05685 -0.11774 0.6899 0.3287 -0.6450 1.33324 -3.91259
-0.06200 -0.06584 -0.12147 0.6899 0.2237 -0.6885 1.34813 -3.87664
-0.06200 -0.07530 -0.12374 0.6899 0.1132 -0.7150 1.35721 -3.83880
-0.06200 -0.08500 -0.12450 0.6899 0.0000 -0.7239 1.36027 -3.80000
-0.06200 -0.09470 -0.12374 0.6899 -0.1132 -0.7150 1.35721 -3.76120
-0.06200 -0.10416 -0.12147 0.6899 -0.2237 -0.6885 1.34813 -3.72336
-0.06200 -0.11315 -0.11774 0.6899 -0.3287 -0.6450 1.33324 -3.68741
-0.06200 -0.12144 -0.11266 0.6899 -0.4255 -0.5857 1.31290 -3.65423
-0.06200 -0.12884 -0.10634 0.6899 -0.5119 -0.5119 1.28763 -3.62464
-0.06200 -0.13516 -0.09894 0.6899 -0.5857 -0.4255 1.25804 -3.59936
-0.06200 -0.14024 -0.09065 0.6899 -0.6450 -0.3287 1.22486 -3.57903
-0.06200 -0.14397 -0.08166 0.6899 -0.6885 -0.2237 1.18890 -3.56414
-0.06200 -0.14624 -0.07220 0.6899 -0.7150 -0.1132 1.15106 -3.55505
-0.06200 -0.14700 -0.06250 0.6899 -0.7239 0.0000 1.11227 -3.55200
-0.06200 -0.14624 -0.05280 0.6899 -0.7150 0.1132 1.07347 -3.55505
-0.06200 -0.14397 -0.04334 0.6899 -0.6885 0.2237 1.03563 -3.56414
-0.06200 -0.14024 -0.03435 0.6899 -0.6450 0.3287 0.99968 -3.57903
-0.06200 -0.13516 -0.02606 0.6899 -0.5857 0.4255 0.96650 -3.59936
-0.06200 -0.12884 -0.01866 0.6899 -0.5119 0.5119 0.93690 -3.62464
-0.06200 -0.12144 -0.01234 0.6899 -0.4255 0.5857 0.91163 -3.65423
-0.06200 -0.11315 -0.00726 0.6899 -0.3287 0.6450 0.89130 -3.68741
-0.06200 -0.10416 -0.00353 0.6899 -0.2237 0.6885 0.87640 -3.72336
-0.06200 -0.09470 -0.00126 0.6899 -0.1132 0.7150 0.86732 -3.76120
-0.07000 -0.07530 -0.00126 -0.6899 0.1132 0.7150 0.86732 -3.83880
-0.07000 -0.08500 -0.00050 -0.6899 0.0000 0.7239 0.86427 -3.80000
-0.07000 -0.09470 -0.00126 -0.6899 -0.1132 0.7150 0.86732 -3.76120
-0.07000 -0.10416 -0.00353 -0.6899 -0.2237 0.6885 0.87640 -3.72336
-0.07000 -0.11315 -0.00726 -0.6899 -0.3287 0.6450 0.89130 -3.68741
-0.07000 -0.12144 -0.01234 -0.6899 -0.4255 0.5857 0.91163 -3.65423
-0.07000 -0.12884 -0.01866 -0.6899 -0.5119 0.5119 0.93690 -3.62464
-0.07000 -0.13516 -0.02606 -0.6899 -0.5857 0.4255 0.96650 -3.59936
-0.07000 -0.14024 -0.03435 -0.6899 -0.6450 0.3287 0.99968 -3.57903
-0.07000 -0.14397 -0.04334 -0.6899 -0.6885 0.2237 1.03563 -3.56414
-0.07000 -0.14624 -0.05280 -0.6899 -0.7150 0.1132 1.07347 -3.55505
-0.07000 -0.14700 -0.06250 -0.6899 -0.7239 0.0000 1.11227 -3.55200
-0.07000 -0.14624 -0.07220 -0.6899 -0.7150 -0.1132 1.15106 -3.55505
-0.07000 -0.14397 -0.08166 -0.6899 -0.6885 -0.2237 1.18890 -3.56414
-0.07000 -0.14024 -0.09065 -0.6899 -0.6450 -0.3287 1.22486 -3.57903
-0.07000 -0.13516 -0.09894 -0.6899 -0.5857 -0.4255 1.25804 -3.59936
-0.07000 -0.12884 -0.10634 -0.6899 -0.5119 -0.5119 1.28763 -3.62464
-0.07000 -0.12144 -0.11266 -0.6899 -0.4255 -0.5857 1.31290 -3.65423
-0.07000 -0.11315 -0.11774 -0.6899 -0.3287 -0.6450 1.33324 -3.68741
-0.07000 -0.10416 -0.12147 -0.6899 -0.2237 -0.6885 1.34813 -3.72336
-0.07000 -0.09470 -0.12374 -0.6899 -0.1132 -0.7150 1.35721 -3.76120
-0.07000 -0.08500 -0.12450 -0.6899 0.0000 -0.7239 1.36027 -3.80000
-0.07000 -0.07530 -0.12374 -0.6899 0.1132 -0.7150 1.35721 -3.83880
-0.07000 -0.06584 -0.12147 -0.6899 0.2237 -0.6885 1.34813 -3.87664
-0.07000 -0.05685 -0.11774 -0.6899 0.3287 -0.6450 1.33324 -3.91259
-0.07000 -0.04856 -0.11266 -0.6899 0.4255 -0.5857 1.31290 -3.94577
-0.07000 -0.04116 -0.10634 -0.6899 0.5119 -0.5119 1.28763 -3.97536
-0.07000 -0.03484 -0.09894 -0.6899 0.5857 -0.4255 1.25804 -4.00064
-0.07000 -0.02976 -0.09065 -0.6899 0.6450 -0.3287 1.22486 -4.02097
-0.07000 -0.02603 -0.08166 -0.6899 0.6885 -0.2237 1.18890 -4.03586
-0.07000 -0.02376 -0.07220 -0.6899 0.7150 -0.1132 1.15106 -4.04495
-0.07000 -0.02300 -0.06250 -0.6899 0.7239 0.0000 1.11227 -4.04800
-0.07000 -0.02376 -0.05280 -0.6899 0.7150 0.1132 1.07347 -4.04495
-0.07000 -0.02603 -0.04334 -0.6899 0.6885 0.2237 1.03563 -4.03586
-0.07000 -0.02976 -0.03435 -0.6899 0.6450 0.3287 0.99968 -4.02097
-0.07000 -0.03484 -0.02606 -0.6899 0.5857 0.4255 0.96650 -4.00064
-0.07000 -0.04116 -0.01866 -0.6899 0.5119 0.5119 0.93690 -3.97536
-0.07000 -0.04856 -0.01234 -0.6899 0.4255 0.5857 0.91163 -3.94577
-0.07000 -0.05685 -0.00726 -0.6899 0.3287 0.6450 0.89130 -3.91259
-0.07000 -0.06584 -0.00353 -0.6899 0.2237 0.6885 0.87640 -3.87664
0.11200 -0.07189 0.00218 0.0000 0.1442 0.9896 -0.44800 -3.85245
0.11200 -0.07911 0.00324 0.0000 0.0892 0.9960 -0.44800 -3.82355
0.09600 -0.07911 0.00324 0.0000 0.0892 0.9960 -0.38400 -3.82355
0.09600 -0.07189 0.00218 0.0000 0.1442 0.9896 -0.38400 -3.85245
0.11200 -0.08641 0.00348 0.0000 -0.0213 0.9998 -0.44800 -3.79436
0.09600 -0.08641 0.00348 0.0000 -0.0213 0.9998 -0.38400 -3.79436
0.11200 -0.09369 0.00293 0.0000 -0.1316 0.9913 -0.44800 -3.76525
0.09600 -0.09369 0.00293 0.0000 -0.1316 0.9913 -0.38400 -3.76525
0.11200 -0.10086 0.00157 0.0000 -0.2403 0.9707 -0.44800 -3.73655
0.09600 -0.10086 0.00157 0.0000 -0.2403 0.9707 -0.38400 -3.73655
0.11200 -0.10784 -0.00058 0.0000 -0.3461 0.9382 -0.44800 -3.70864
0.09600 -0.10784 -0.00058 0.0000 -0.3461 0.9382 -0.38400 -3.70864
0.11200 -0.11454 -0.00348 0.0000 -0.4476 0.8942 -0.44800 -3.68184
0.09600 -0.11454 -0.00348 0.0000 -0.4476 0.8942 -0.38400 -3.68184
0.11200 -0.12088 -0.00710 0.0000 -0.5436 0.8393 -0.44800 -3.65649
0.09600 -0.12088 -0.00710 0.0000 -0.5436 0.8393 -0.38400 -3.65649
0.11200 -0.12678 -0.01140 0.0000 -0.6330 0.7742 -0.44800 -3.63289
0.09600 -0.12678 -0.01140 0.0000 -0.6330 0.7742 -0.38400 -3.63289
0.11200 -0.13216 -0.01633 0.0000 -0.7146 0.6995 -0.44800 -3.61134
0.09600 -0.13216 -0.01633 0.0000 -0.7146 0.6995 -0.38400 -3.61134
0.11200 -0.13216 -0.01633 0.0000 -0.7146 0.6995 -0.44800 0.07241
0.11200 -0.13698 -0.02182 0.0000 -0.7875 0.6163 -0.44800 0.05044
0.09600 -0.13698 -0.02182 0.0000 -0.7875 0.6163 -0.38400 0.05044
0.09600 -0.13216 -0.01633 0.0000 -0.7146 0.6995 -0.38400 0.07241
0.11200 -0.14115 -0.02781 0.0000 -0.8508 0.5256 -0.44800 0.02648
0.09600 -0.14115 -0.02781 0.0000 -0.8508 0.5256 -0.38400 0.02648
0.11200 -0.14464 -0.03423 0.0000 -0.9036 0.4284 -0.44800 0.00083
0.09600 -0.14464 -0.03423 0.0000 -0.9036 0.4284 -0.38400 0.00083
0.11200 -0.14740 -0.04099 0.0000 -0.9454 0.3260 -0.44800 -0.02621
0.09600 -0.14740 -0.04099 0.0000 -0.9454 0.3260 -0.38400 -0.02621
0.11200 -0.14939 -0.04801 0.0000 -0.9756 0.2196 -0.44800 -0.05431
0.09600 -0.14939 -0.04801 0.0000 -0.9756 0.2196 -0.38400 -0.05431
0.11200 -0.15060 -0.05521 0.0000 -0.9939 0.1104 -0.44800 -0.08311
0.09600 -0.15060 -0.05521 0.0000 -0.9939 0.1104 -0.38400 -0.08311
0.11200 -0.15100 -0.06250 0.0000 -1.0000 0.0000 -0.44800 -0.11227
0.09600 -0.15100 -0.06250 0.0000 -1.0000 0.0000 -0.38400 -0.11227
0.11200 -0.15060 -0.06979 0.0000 -0.9939 -0.1104 -0.44800 -0.14143
0.09600 -0.15060 -0.06979 0.0000 -0.9939 -0.1104 -0.38400 -0.14143
0.11200 -0.14939 -0.07699 0.0000 -0.9756 -0.2196 -0.44800 -0.17023
0.09600 -0.14939 -0.07699 0.0000 -0.9756 -0.2196 -0.38400 -0.17023
0.11200 -0.14740 -0.08401 0.0000 -0.9454 -0.3260 -0.44800 -0.19832
0.09600 -0.14740 -0.08401 0.0000 -0.9454 -0.3260 -0.38400 -0.19832
0.11200 -0.14464 -0.09077 0.0000 -0.9036 -0.4284 -0.44800 -0.22536
0.09600 -0.14464 -0.09077 0.0000 -0.9036 -0.4284 -0.38400 -0.22536
0.11200 -0.14115 -0.09719 0.0000 -0.8508 -0.5256 -0.44800 -0.25101
0.09600 -0.14115 -0.09719 0.0000 -0.8508 -0.5256 -0.38400 -0.25101
0.11200 -0.13698 -0.10318 0.0000 -0.7875 -0.6163 -0.44800 -0.27497
0.09600 -0.13698 -0.10318 0.0000 -0.7875 -0.6163 -0.38400 -0.27497
0.11200 -0.13216 -0.10867 0.0000 -0.7146 -0.6995 -0.44800 -0.29694
0.09600 -0.13216 -0.10867 0.0000 -0.7146 -0.6995 -0.38400 -0.29694
0.11200 -0.13216 -0.10867 0.0000 -0.7146 -0.6995 -0.44800 -3.61134
0.11200 -0.12678 -0.11360 0.0000 -0.6330 -0.7742 -0.44800 -3.63289
0.09600 -0.12678 -0.11360 0.0000 -0.6330 -0.7742 -0.38400 -3.63289
0.09600 -0.13216 -0.10867 0.0000 -0.7146 -0.6995 -0.38400 -3.61134
0.11200 -0.12088 -0.11790 0.0000 -0.5436 -0.8393 -0.44800 -3.65649
0.09600 -0.12088 -0.11790 0.0000 -0.5436 -0.8393 -0.38400 -3.65649
0.11200 -0.11454 -0.12152 0.0000 -0.4476 -0.8942 -0.44800 -3.68184
0.09600 -0.11454 -0.12152 0.0000 -0.4476 -0.8942 -0.38400 -3.68184
0.11200 -0.10784 -0.12442 0.0000 -0.3461 -0.9382 -0.44800 -3.70864
0.09600 -0.10784 -0.12442 0.0000 -0.3461 -0.9382 -0.38400 -3.70864
0.11200 -0.10086 -0.12657 0.0000 -0.2403 -0.9707 -0.44800 -3.73655
0.09600 -0.10086 -0.12657 0.0000 -0.2403 -0.9707 -0.38400 -3.73655
0.11200 -0.09369 -0.12793 0.0000 -0.1316 -0.9913 -0.44800 -3.76525
0.09600 -0.09369 -0.12793 0.0000 -0.1316 -0.9913 -0.38400 -3.76525
0.11200 -0.08641 -0.12848 0.0000 -0.0213 -0.9998 -0.44800 -3.79436
0.09600 -0.08641 -0.12848 0.0000 -0.0213 -0.9998 -0.38400 -3.79436
0.11200 -0.07911 -0.12824 0.0000 0.0892 -0.9960 -0.44800 -3.82355
0.09600 -0.07911 -0.12824 0.0000 0.0892 -0.9960 -0.38400 -3.82355
0.11200 -0.07189 -0.12718 0.0000 0.1442 -0.9896 -0.44800 -3.85245
0.09600 -0.07189 -0.12718 0.0000 0.1442 -0.9896 -0.38400 -3.85245
0.11600 -0.15300 -0.02750 0.5774 -0.5774 0.5774 0.97227 -3.52800
0.11600 -0.14500 -0.02750 0.5774 0.5774 0.5774 0.97227 -3.56000
0.11600 -0.14500 -0.07750 0.5774 0.5774 -0.5774 1.17227 -3.56000
0.11600 -0.15300 -0.07750 0.5774 -0.5774 -0.5774 1.17227 -3.52800
0.11600 -0.15300 -0.07750 0.5774 -0.5774 -0.5774 -0.46400 -3.52800
0.11600 -0.14500 -0.07750 0.5774 0.5774 -0.5774 -0.46400 -3.56000
0.09200 -0.14500 -0.07750 -0.5774 0.5774 -0.5774 -0.36800 -3.56000
0.09200 -0.15300 -0.07750 -0.5774 -0.5774 -0.5774 -0.36800 -3.52800
0.09200 -0.15300 -0.07750 -0.5774 -0.5774 -0.5774 1.17227 -3.52800
0.09200 -0.14500 -0.07750 -0.5774 0.5774 -0.5774 1.17227 -3.56000
0.09200 -0.14500 -0.02750 -0.5774 0.5774 0.5774 0.97227 -3.56000
0.09200 -0.15300 -0.02750 -0.5774 -0.5774 0.5774 0.97227 -3.52800
0.09200 -0.15300 -0.02750 -0.5774 -0.5774 0.5774 -0.36800 -3.52800
0.09200 -0.14500 -0.02750 -0.5774 0.5774 0.5774 -0.36800 -3.56000
0.11600 -0.14500 -0.02750 0.5774 0.5774 0.5774 -0.46400 -3.56000
0.11600 -0.15300 -0.02750 0.5774 -0.5774 0.5774 -0.46400 -3.52800
0.11600 -0.15300 -0.07750 0.5774 -0.5774 -0.5774 -0.46400 -0.17227
0.09200 -0.15300 -0.07750 -0.5774 -0.5774 -0.5774 -0.36800 -0.17227
0.09200 -0.15300 -0.02750 -0.5774 -0.5774 0.5774 -0.36800 0.02773
0.11600 -0.15300 -0.02750 0.5774 -0.5774 0.5774 -0.46400 0.02773
0.09200 -0.14500 -0.07750 -0.5774 0.5774 -0.5774 -0.36800 -0.17227
0.11600 -0.14500 -0.07750 0.5774 0.5774 -0.5774 -0.46400 -0.17227
0.11600 -0.14500 -0.02750 0.5774 0.5774 0.5774 -0.46400 0.02773
0.09200 -0.14500 -0.02750 -0.5774 0.5774 0.5774 -0.36800 0.02773
0.11600 -0.02500 -0.02750 0.5774 -0.5774 0.5774 0.97227 -4.04000
0.11600 -0.01700 -0.02750 0.5774 0.5774 0.5774 0.97227 -4.07200
0.11600 -0.01700 -0.07750 0.5774 0.5774 -0.5774 1.17227 -4.07200
0.11600 -0.02500 -0.07750 0.5774 -0.5774 -0.5774 1.17227 -4.04000
0.11600 -0.02500 -0.07750 0.5774 -0.5774 -0.5774 -0.46400 -4.04000
0.11600 -0.01700 -0.07750 0.5774 0.5774 -0.5774 -0.46400 -4.07200
0.09200 -0.01700 -0.07750 -0.5774 0.5774 -0.5774 -0.36800 -4.07200
0.09200 -0.02500 -0.07750 -0.5774 -0.5774 -0.5774 -0.36800 -4.04000
0.09200 -0.02500 -0.07750 -0.5774 -0.5774 -0.5774 1.17227 -4.04000
0.09200 -0.01700 -0.07750 -0.5774 0.5774 -0.5774 1.17227 -4.07200
0.09200 -0.01700 -0.02750 -0.5774 0.5774 0.5774 0.97227 -4.07200
0.09200 -0.02500 -0.02750 -0.5774 -0.5774 0.5774 0.97227 -4.04000
0.09200 -0.02500 -0.02750 -0.5774 -0.5774 0.5774 -0.36800 -4.04000
0.09200 -0.01700 -0.02750 -0.5774 0.5774 0.5774 -0.36800 -4.07200
0.11600 -0.01700 -0.02750 0.5774 0.5774 0.5774 -0.46400 -4.07200
0.11600 -0.02500 -0.02750 0.5774 -0.5774 0.5774 -0.46400 -4.04000
0.11600 -0.02500 -0.07750 0.5774 -0.5774 -0.5774 -0.46400 -0.17227
0.09200 -0.02500 -0.07750 -0.5774 -0.5774 -0.5774 -0.36800 -0.17227
0.09200 -0.02500 -0.02750 -0.5774 -0.5774 0.5774 -0.36800 0.02773
0.11600 -0.02500 -0.02750 0.5774 -0.5774 0.5774 -0.46400 0.02773
0.09200 -0.01700 -0.07750 -0.5774 0.5774 -0.5774 -0.36800 -0.17227
0.11600 -0.01700 -0.07750 0.5774 0.5774 -0.5774 -0.46400 -0.17227
0.11600 -0.01700 -0.02750 0.5774 0.5774 0.5774 -0.46400 0.02773
0.09200 -0.01700 -0.02750 -0.5774 0.5774 0.5774 -0.36800 0.02773
-0.09600 -0.07189 0.00218 0.0000 0.1442 0.9896 0.38400 -3.85245
-0.09600 -0.07911 0.00324 0.0000 0.0892 0.9960 0.38400 -3.82355
-0.11200 -0.07911 0.00324 0.0000 0.0892 0.9960 0.44800 -3.82355
-0.11200 -0.07189 0.00218 0.0000 0.1442 0.9896 0.44800 -3.85245
-0.09600 -0.08641 0.00348 0.0000 -0.0213 0.9998 0.38400 -3.79436
-0.11200 -0.08641 0.00348 0.0000 -0.0213 0.9998 0.44800 -3.79436
-0.09600 -0.09369 0.00293 0.0000 -0.1316 0.9913 0.38400 -3.76525
-0.11200 -0.09369 0.00293 0.0000 -0.1316 0.9913 0.44800 -3.76525
-0.09600 -0.10086 0.00157 0.0000 -0.2403 0.9707 0.38400 -3.73655
-0.11200 -0.10086 0.00157 0.0000 -0.2403 0.9707 0.44800 -3.73655
-0.09600 -0.10784 -0.00058 0.0000 -0.3461 0.9382 0.38400 -3.70864
-0.11200 -0.10784 -0.00058 0.0000 -0.3461 0.9382 0.44800 -3.70864
-0.09600 -0.11454 -0.00348 0.0000 -0.4476 0.8942 0.38400 -3.68184
-0.11200 -0.11454 -0.00348 0.0000 -0.4476 0.8942 0.44800 -3.68184
-0.09600 -0.12088 -0.00710 0.0000 -0.5436 0.8393 0.38400 -3.65649
-0.11200 -0.12088 -0.00710 0.0000 -0.5436 0.8393 0.44800 -3.65649
-0.09600 -0.12678 -0.01140 0.0000 -0.6330 0.7742 0.38400 -3.63289
-0.11200 -0.12678 -0.01140 0.0000 -0.6330 0.7742 0.44800 -3.63289
-0.09600 -0.13216 -0.01633 0.0000 -0.7146 0.6995 0.38400 -3.61134
-0.11200 -0.13216 -0.01633 0.0000 -0.7146 0.6995 0.44800 -3.61134
-0.09600 -0.13216 -0.01633 0.0000 -0.7146 0.6995 0.38400 0.07241
-0.09600 -0.13698 -0.02182 0.0000 -0.7875 0.6163 0.38400 0.05044
-0.11200 -0.13698 -0.02182 0.0000 -0.7875 0.6163 0.44800 0.05044
-0.11200 -0.13216 -0.01633 0.0000 -0.7146 0.6995 0.44800 0.07241
-0.09600 -0.14115 -0.02781 0.0000 -0.8508 0.5256 0.38400 0.02648
-0.11200 -0.14115 -0.02781 0.0000 -0.8508 0.5256 0.44800 0.02648
-0.09600 -0.14464 -0.03423 0.0000 -0.9036 0.4284 0.38400 0.00083
-0.11200 -0.14464 -0.03423 0.0000 -0.9036 0.4284 0.44800 0.00083
-0.09600 -0.14740 -0.04099 0.0000 -0.9454 0.3260 0.38400 -0.02621
-0.11200 -0.14740 -0.04099 0.0000 -0.9454 0.3260 0.44800 -0.02621
-0.09600 -0.14939 -0.04801 0.0000 -0.9756 0.2196 0.38400 -0.05431
-0.11200 -0.14939 -0.04801 0.0000 -0.9756 0.2196 0.44800 -0.05431
-0.09600 -0.15060 -0.05521 0.0000 -0.9939 0.1104 0.38400 -0.08311
-0.11200 -0.15060 -0.05521 0.0000 -0.9939 0.1104 0.44800 -0.08311
-0.09600 -0.15100 -0.06250 0.0000 -1.0000 0.0000 0.38400 -0.11227
-0.11200 -0.15100 -0.06250 0.0000 -1.0000 0.0000 0.44800 -0.11227
-0.09600 -0.15060 -0.06979 0.0000 -0.9939 -0.1104 0.38400 -0.14143
-0.11200 -0.15060 -0.06979 0.0000 -0.9939 -0.1104 0.44800 -0.14143
-0.09600 -0.14939 -0.07699 0.0000 -0.9756 -0.2196 0.38400 -0.17023
-0.11200 -0.14939 -0.07699 0.0000 -0.9756 -0.2196 0.44800 -0.17023
-0.09600 -0.14740 -0.08401 0.0000 -0.9454 -0.3260 0.38400 -0.19832
-0.11200 -0.14740 -0.08401 0.0000 -0.9454 -0.3260 0.44800 -0.19832
-0.09600 -0.14464 -0.09077 0.0000 -0.9036 -0.4284 0.38400 -0.22536
-0.11200 -0.14464 -0.09077 0.0000 -0.9036 -0.4284 0.44800 -0.22536
-0.09600 -0.14115 -0.09719 0.0000 -0.8508 -0.5256 0.38400 -0.25101
-0.11200 -0.14115 -0.09719 0.0000 -0.8508 -0.5256 0.44800 -0.25101
-0.09600 -0.13698 -0.10318 0.0000 -0.7875 -0.6163 0.38400 -0.27497
-0.11200 -0.13698 -0.10318 0.0000 -0.7875 -0.6163 0.44800 -0.27497
-0.09600 -0.13216 -0.10867 0.0000 -0.7146 -0.6995 0.38400 -0.29694
-0.11200 -0.13216 -0.10867 0.0000 -0.7146 -0.6995 0.44800 -0.29694
-0.09600 -0.13216 -0.10867 0.0000 -0.7146 -0.6995 0.38400 -3.61134
-0.09600 -0.12678 -0.11360 0.0000 -0.6330 -0.7742 0.38400 -3.63289
-0.11200 -0.12678 -0.11360 0.0000 -0.6330 -0.7742 0.44800 -3.63289
-0.11200 -0.13216 -0.10867 0.0000 -0.7146 -0.6995 0.44800 -3.61134
-0.09600 -0.12088 -0.11790 0.0000 -0.5436 -0.8393 0.38400 -3.65649
-0.11200 -0.12088 -0.11790 0.0000 -0.5436 -0.8393 0.44800 -3.65649
-0.09600 -0.11454 -0.12152 0.0000 -0.4476 -0.8942 0.38400 -3.68184
-0.11200 -0.11454 -0.12152 0.0000 -0.4476 -0.8942 0.44800 -3.68184
-0.09600 -0.10784 -0.12442 0.0000 -0.3461 -0.9382 0.38400 -3.70864
-0.11200 -0.10784 -0.12442 0.0000 -0.3461 -0.9382 0.44800 -3.70864
-0.09600 -0.10086 -0.12657 0.0000 -0.2403 -0.9707 0.38400 -3.73655
-0.11200 -0.10086 -0.12657 0.0000 -0.2403 -0.9707 0.44800 -3.73655
-0.09600 -0.09369 -0.12793 0.0000 -0.1316 -0.9913 0.38400 -3.76525
-0.11200 -0.09369 -0.12793 0.0000 -0.1316 -0.9913 0.44800 -3.76525
-0.09600 -0.08641 -0.12848 0.0000 -0.0213 -0.9998 0.38400 -3.79436
-0.11200 -0.08641 -0.12848 0.0000 -0.0213 -0.9998 0.44800 -3.79436
-0.09600 -0.07911 -0.12824 0.0000 0.0892 -0.9960 0.38400 -3.82355
-0.11200 -0.07911 -0.12824 0.0000 0.0892 -0.9960 0.44800 -3.82355
-0.09600 -0.07189 -0.12718 0.0000 0.1442 -0.9896 0.38400 -3.85245
-0.11200 -0.07189 -0.12718 0.0000 0.1442 -0.9896 0.44800 -3.85245
-0.09200 -0.15300 -0.02750 0.5774 -0.5774 0.5774 0.97227 -3.52800
-0.09200 -0.14500 -0.02750 0.5774 0.5774 0.5774 0.97227 -3.56000
-0.09200 -0.14500 -0.07750 0.5774 0.5774 -0.5774 1.17227 -3.56000
-0.09200 -0.15300 -0.07750 0.5774 -0.5774 -0.5774 1.17227 -3.52800
-0.09200 -0.15300 -0.07750 0.5774 -0.5774 -0.5774 0.36800 -3.52800
-0.09200 -0.14500 -0.07750 0.5774 0.5774 -0.5774 0.36800 -3.56000
-0.11600 -0.14500 -0.07750 -0.5774 0.5774 -0.5774 0.46400 -3.56000
-0.11600 -0.15300 -0.07750 -0.5774 -0.5774 -0.5774 0.46400 -3.52800
-0.11600 -0.15300 -0.07750 -0.5774 -0.5774 -0.5774 1.17227 -3.52800
-0.11600 -0.14500 -0.07750 -0.5774 0.5774 -0.5774 1.17227 -3.56000
-0.11600 -0.14500 -0.02750 -0.5774 0.5774 0.5774 0.97227 -3.56000
-0.11600 -0.15300 -0.02750 -0.5774 -0.5774 0.5774 0.97227 -3.52800
-0.11600 -0.15300 -0.02750 -0.5774 -0.5774 0.5774 0.46400 -3.52800
-0.11600 -0.14500 -0.02750 -0.5774 0.5774 0.5774 0.46400 -3.56000
-0.09200 -0.14500 -0.02750 0.5774 0.5774 0.5774 0.36800 -3.56000
-0.09200 -0.15300 -0.02750 0.5774 -0.5774 0.5774 0.36800 -3.52800
-0.09200 -0.15300 -0.07750 0.5774 -0.5774 -0.5774 0.36800 -0.17227
-0.11600 -0.15300 -0.07750 -0.5774 -0.5774 -0.5774 0.46400 -0.17227
-0.11600 -0.15300 -0.02750 -0.5774 -0.5774 0.5774 0.46400 0.02773
-0.09200 -0.15300 -0.02750 0.5774 -0.5774 0.5774 0.36800 0.02773
-0.11600 -0.14500 -0.07750 -0.5774 0.5774 -0.5774 0.46400 -0.17227
-0.09200 -0.14500 -0.07750 0.5774 0.5774 -0.5774 0.36800 -0.17227
-0.09200 -0.14500 -0.02750 0.5774 0.5774 0.5774 0.36800 0.02773
-0.11600 -0.14500 -0.02750 -0.5774 0.5774 0.5774 0.46400 0.02773
-0.09200 -0.02500 -0.02750 0.5774 -0.5774 0.5774 0.97227 -4.04000
-0.09200 -0.01700 -0.02750 0.5774 0.5774 0.5774 0.97227 -4.07200
-0.09200 -0.01700 -0.07750 0.5774 0.5774 -0.5774 1.17227 -4.07200
-0.09200 -0.02500 -0.07750 0.5774 -0.5774 -0.5774 1.17227 -4.04000
-0.09200 -0.02500 -0.07750 0.5774 -0.5774 -0.5774 0.36800 -4.04000
-0.09200 -0.01700 -0.07750 0.5774 0.5774 -0.5774 0.36800 -4.07200
-0.11600 -0.01700 -0.07750 -0.5774 0.5774 -0.5774 0.46400 -4.07200
-0.11600 -0.02500 -0.07750 -0.5774 -0.5774 -0.5774 0.46400 -4.04000
-0.11600 -0.02500 -0.07750 -0.5774 -0.5774 -0.5774 1.17227 -4.04000
-0.11600 -0.01700 -0.07750 -0.5774 0.5774 -0.5774 1.17227 -4.07200
-0.11600 -0.01700 -0.02750 -0.5774 0.5774 0.5774 0.97227 -4.07200
-0.11600 -0.02500 -0.02750 -0.5774 -0.5774 0.5774 0.97227 -4.04000
-0.11600 -0.02500 -0.02750 -0.5774 -0.5774 0.5774 0.46400 -4.04000
-0.11600 -0.01700 -0.02750 -0.5774 0.5774 0.5774 0.46400 -4.07200
-0.09200 -0.01700 -0.02750 0.5774 0.5774 0.5774 0.36800 -4.07200
-0.09200 -0.02500 -0.02750 0.5774 -0.5774 0.5774 0.36800 -4.04000
-0.09200 -0.02500 -0.07750 0.5774 -0.5774 -0.5774 0.36800 -0.17227
-0.11600 -0.02500 -0.07750 -0.5774 -0.5774 -0.5774 0.46400 -0.17227
-0.11600 -0.02500 -0.02750 -0.5774 -0.5774 0.5774 0.46400 0.02773
-0.09200 -0.02500 -0.02750 0.5774 -0.5774 0.5774 0.36800 0.02773
-0.11600 -0.01700 -0.07750 -0.5774 0.5774 -0.5774 0.46400 -0.17227
-0.09200 -0.01700 -0.07750 0.5774 0.5774 -0.5774 0.36800 -0.17227
-0.09200 -0.01700 -0.02750 0.5774 0.5774 0.5774 0.36800 0.02773
-0.11600 -0.01700 -0.02750 -0.5774 0.5774 0.5774 0.46400 0.02773
0 2 1
0 3 2
1 5 4
1 2 5
4 7 6
4 5 7
6 9 8
6 7 9
8 11 10
8 9 11
12 14 13
12 15 14
13 17 16
13 14 17
16 19 18
16 17 19
18 21 20
18 19 21
20 23 22
20 21 23
22 25 24
22 23 25
24 27 26
24 25 27
26 29 28
26 27 29
28 31 30
28 29 31
30 33 32
30 31 33
34 36 35
34 37 36
35 39 38
35 36 39
38 41 40
38 39 41
40 43 42
40 41 43
42 45 44
42 43 45
44 47 46
44 45 47
46 49 48
46 47 49
48 51 50
48 49 51
50 53 52
50 51 53
52 55 54
52 53 55
56 58 57
56 59 58
57 61 60
57 58 61
60 63 62
60 61 63
62 65 64
62 63 65
64 67 66
64 65 67
66 69 68
66 67 69
68 71 70
68 69 71
70 73 72
70 71 73
72 75 74
72 73 75
74 77 76
74 75 77
78 80 79
78 81 80
79 83 82
79 80 83
82 85 84
82 83 85
84 87 86
84 85 87
86 3 0
86 87 3
88 90 89
90 92 91
92 94 93
94 96 95
96 98 97
98 100 99
100 102 101
102 104 103
104 106 105
106 108 107
108 110 109
110 112 111
112 114 113
114 116 115
116 118 117
118 120 119
120 122 121
122 124 123
124 126 125
126 88 127
88 92 90
92 96 94
96 100 98
100 104 102
104 108 106
108 112 110
112 116 114
116 120 118
120 124 122
124 88 126
88 96 92
96 104 100
104 112 108
112 120 116
120 88 124
88 104 96
104 120 112
104 88 120
128 130 129
130 132 131
132 134 133
134 136 135
136 138 137
138 140 139
140 142 141
142 144 143
144 146 145
146 148 147
148 150 149
150 152 151
152 154 153
154 156 155
156 158 157
158 160 159
160 162 161
162 164 163
164 166 165
166 128 167
128 132 130
132 136 134
136 140 138
140 144 142
144 148 146
148 152 150
152 156 154
156 160 158
160 164 162
164 128 166
128 136 132
136 144 140
144 152 148
152 160 156
160 128 164
128 144 136
144 160 152
144 128 160
168 170 169
168 171 170
169 173 172
169 170 173
172 175 174
172 173 175
174 177 176
174 175 177
176 179 178
176 177 179
180 182 181
180 183 182
181 185 184
181 182 185
184 187 186
184 185 187
186 189 188
186 187 189
188 191 190
188 189 191
190 193 192
190 191 193
192 195 194
192 193 195
194 197 196
194 195 197
196 199 198
196 197 199
198 201 200
198 199 201
202 204 203
202 205 204
203 207 206
203 204 207
206 209 208
206 207 209
208 211 210
208 209 211
210 213 212
210 211 213
212 215 214
212 213 215
214 217 216
214 215 217
216 219 218
216 217 219
218 221 220
218 219 221
220 223 222
220 221 223
224 226 225
224 227 226
225 229 228
225 226 229
228 231 230
228 229 231
230 233 232
230 231 233
232 235 234
232 233 235
234 237 236
234 235 237
236 239 238
236 237 239
238 241 240
238 239 241
240 243 242
240 241 243
242 245 244
242 243 245
246 248 247
246 249 248
247 251 250
247 248 251
250 253 252
250 251 253
252 255 254
252 253 255
254 171 168
254 255 171
256 258 257
258 260 259
260 262 261
262 264 263
264 266 265
266 268 267
268 270 269
270 272 271
272 274 273
274 276 275
276 278 277
278 280 279
280 282 281
282 284 283
284 286 285
286 288 287
288 290 289
290 292 291
292 294 293
294 256 295
256 260 258
260 264 262
264 268 266
268 272 270
272 276 274
276 280 278
280 284 282
284 288 286
288 292 290
292 256 294
256 264 260
264 272 268
272 280 276
280 288 284
288 256 292
256 272 264
272 288 280
272 256 288
296 298 297
298 300 299
300 302 301
302 304 303
304 306 305
306 308 307
308 310 309
310 312 311
312 314 313
314 316 315
316 318 317
318 320 319
320 322 321
322 324 323
324 326 325
326 328 327
328 330 329
330 332 331
332 334 333
334 296 335
296 300 298
300 304 302
304 308 306
308 312 310
312 316 314
316 320 318
320 324 322
324 328 326
328 332 330
332 296 334
296 304 300
304 312 308
312 320 316
320 328 324
328 296 332
296 312 304
312 328 320
312 296 328
336 338 337
336 339 338
337 341 340
337 338 341
340 343 342
340 341 343
342 345 344
342 343 345
344 347 346
344 345 347
348 350 349
348 351 350
349 353 352
349 350 353
352 355 354
352 353 355
354 357 356
354 355 357
356 359 358
356 357 359
358 361 360
358 359 361
360 363 362
360 361 363
362 365 364
362 363 365
364 367 366
364 365 367
366 369 368
366 367 369
370 372 371
370 373 372
371 375 374
371 372 375
374 377 376
374 375 377
376 379 378
376 377 379
378 381 380
378 379 381
380 383 382
380 381 383
382 385 384
382 383 385
384 387 386
384 385 387
386 389 388
386 387 389
388 391 390
388 389 391
392 394 393
392 395 394
393 397 396
393 394 397
396 399 398
396 397 399
398 401 400
398 399 401
400 403 402
400 401 403
402 405 404
402 403 405
404 407 406
404 405 407
406 409 408
406 407 409
408 411 410
408 409 411
410 413 412
410 411 413
414 416 415
414 417 416
415 419 418
415 416 419
418 421 420
418 419 421
420 423 422
420 421 423
422 339 336
422 423 339
424 426 425
426 428 427
428 430 429
430 432 431
432 434 433
434 436 435
436 438 437
438 440 439
440 442 441
442 444 443
444 446 445
446 448 447
448 450 449
450 452 451
452 454 453
454 456 455
456 458 457
458 460 459
460 462 461
462 424 463
424 428 426
428 432 430
432 436 434
436 440 438
440 444 442
444 448 446
448 452 450
452 456 454
456 460 458
460 424 462
424 432 428
432 440 436
440 448 444
448 456 452
456 424 460
424 440 432
440 456 448
440 424 456
464 466 465
466 468 467
468 470 469
470 472 471
472 474 473
474 476 475
476 478 477
478 480 479
480 482 481
482 484 483
484 486 485
486 488 487
488 490 489
490 492 491
492 494 493
494 496 495
496 498 497
498 500 499
500 502 501
502 464 503
464 468 466
468 472 470
472 476 474
476 480 478
480 484 482
484 488 486
488 492 490
492 496 494
496 500 498
500 464 502
464 472 468
472 480 476
480 488 484
488 496 492
496 464 500
464 480 472
480 496 488
480 464 496
504 506 505
504 507 506
505 509 508
505 506 509
508 511 510
508 509 511
510 513 512
510 511 513
512 515 514
512 513 515
516 518 517
516 519 518
517 521 520
517 518 521
520 523 522
520 521 523
522 525 524
522 523 525
524 527 526
524 525 527
526 529 528
526 527 529
528 531 530
528 529 531
530 533 532
530 531 533
532 535 534
532 533 535
534 537 536
534 535 537
538 540 539
538 541 540
539 543 542
539 540 543
542 545 544
542 543 545
544 547 546
544 545 547
546 549 548
546 547 549
548 551 550
548 549 551
550 553 552
550 551 553
552 555 554
552 553 555
554 557 556
554 555 557
556 559 558
556 557 559
560 562 561
560 563 562
561 565 564
561 562 565
564 567 566
564 565 567
566 569 568
566 567 569
568 571 570
568 569 571
570 573 572
570 571 573
572 575 574
572 573 575
574 577 576
574 575 577
576 579 578
576 577 579
578 581 580
578 579 581
582 584 583
582 585 584
583 587 586
583 584 587
586 589 588
586 587 589
588 591 590
588 589 591
590 507 504
590 591 507
592 594 593
594 596 595
596 598 597
598 600 599
600 602 601
602 604 603
604 606 605
606 608 607
608 610 609
610 612 611
612 614 613
614 616 615
616 618 617
618 620 619
620 622 621
622 624 623
624 626 625
626 628 627
628 630 629
630 592 631
592 596 594
596 600 598
600 604 602
604 608 606
608 612 610
612 616 614
616 620 618
620 624 622
624 628 626
628 592 630
592 600 596
600 608 604
608 616 612
616 624 620
624 592 628
592 608 600
608 624 616
608 592 624
632 634 633
634 636 635
636 638 637
638 640 639
640 642 641
642 644 643
644 646 645
646 648 647
648 650 649
650 652 651
652 654 653
654 656 655
656 658 657
658 660 659
660 662 661
662 664 663
664 666 665
666 668 667
668 670 669
670 632 671
632 636 634
636 640 638
640 644 642
644 648 646
648 652 650
652 656 654
656 660 658
660 664 662
664 668 666
668 632 670
632 640 636
640 648 644
648 656 652
656 664 660
664 632 668
632 648 640
648 664 656
648 632 664
672 674 673
672 675 674
673 677 676
673 674 677
676 679 678
676 677 679
678 681 680
678 679 681
680 683 682
680 681 683
682 685 684
682 683 685
684 687 686
684 685 687
686 689 688
686 687 689
688 691 690
688 689 691
692 694 693
692 695 694
693 697 696
693 694 697
696 699 698
696 697 699
698 701 700
698 699 701
700 703 702
700 701 703
702 705 704
702 703 705
704 707 706
704 705 707
706 709 708
706 707 709
708 711 710
708 709 711
710 713 712
710 711 713
712 715 714
712 713 715
714 717 716
714 715 717
716 719 718
716 717 719
718 721 720
718 719 721
722 724 723
722 725 724
723 727 726
723 724 727
726 729 728
726 727 729
728 731 730
728 729 731
730 733 732
730 731 733
732 735 734
732 733 735
734 737 736
734 735 737
736 739 738
736 737 739
738 741 740
738 739 741
742 744 743
742 745 744
746 748 747
746 749 748
750 752 751
750 753 752
754 756 755
754 757 756
758 760 759
758 761 760
762 764 763
762 765 764
766 768 767
766 769 768
770 772 771
770 773 772
774 776 775
774 777 776
778 780 779
778 781 780
782 784 783
782 785 784
786 788 787
786 789 788
790 792 791
790 793 792
791 795 794
791 792 795
794 797 796
794 795 797
796 799 798
796 797 799
798 801 800
798 799 801
800 803 802
800 801 803
802 805 804
802 803 805
804 807 806
804 805 807
806 809 808
806 807 809
810 812 811
810 813 812
811 815 814
811 812 815
814 817 816
814 815 817
816 819 818
816 817 819
818 821 820
818 819 821
820 823 822
820 821 823
822 825 824
822 823 825
824 827 826
824 825 827
826 829 828
826 827 829
828 831 830
828 829 831
830 833 832
830 831 833
832 835 834
832 833 835
834 837 836
834 835 837
836 839 838
836 837 839
840 842 841
840 843 842
841 845 844
841 842 845
844 847 846
844 845 847
846 849 848
846 847 849
848 851 850
848 849 851
850 853 852
850 851 853
852 855 854
852 853 855
854 857 856
854 855 857
856 859 858
856 857 859
860 862 861
860 863 862
864 866 865
864 867 866
868 870 869
868 871 870
872 874 873
872 875 874
876 878 877
876 879 878
880 882 881
880 883 882
884 886 885
884 887 886
888 890 889
888 891 890
892 894 893
892 895 894
896 898 897
896 899 898
900 902 901
900 903 902
904 906 905
904 907 906
MATERIALS 28
JetBoomL_JetBoom
JetBoomL_JetSeam
JetBoomR_001
JetBoomR_JetSeam
JetCouplin_JetPlug
JetCouplin_JetRed
JetCouplin_JetDark
JetHingeL_JetSeam
JetHingeL_JetRed
JetHingeR_JetSeam
JetHingeR_JetRed
JetMark
JetNiche_JetDark
JetNiche_JetSeam
JetPodL_JetPod
JetPodL_JetDark
JetPodL_001
JetPodL_JetRed
JetPodR_001
JetPodR_JetDark
JetPodR_002
JetPodR_JetRed
JetPorts
JetShell_JetSeam
JetShell_JetShell
JetShell_JetRed
JetVessel_JetShell
JetVessel_JetSeam
MATERIAL JetBoomL_JetBoom
1.000 1.000 1.000 1.000
1.000 1.000 1.000 1.000
0.1 0.1 0.1 1 8
0 0 0 1
MATERIAL JetBoomL_JetSeam
0.360 0.380 0.410 1.000
0.360 0.380 0.410 1.000
0.1 0.1 0.1 1 8
0 0 0 1
MATERIAL JetBoomR_001
1.000 1.000 1.000 1.000
1.000 1.000 1.000 1.000
0.1 0.1 0.1 1 8
0 0 0 1
MATERIAL JetBoomR_JetSeam
0.360 0.380 0.410 1.000
0.360 0.380 0.410 1.000
0.1 0.1 0.1 1 8
0 0 0 1
MATERIAL JetCouplin_JetPlug
1.000 1.000 1.000 1.000
1.000 1.000 1.000 1.000
0.1 0.1 0.1 1 8
0 0 0 1
MATERIAL JetCouplin_JetRed
0.720 0.120 0.100 1.000
0.720 0.120 0.100 1.000
0.1 0.1 0.1 1 8
0 0 0 1
MATERIAL JetCouplin_JetDark
0.140 0.150 0.170 1.000
0.140 0.150 0.170 1.000
0.1 0.1 0.1 1 8
0 0 0 1
MATERIAL JetHingeL_JetSeam
0.360 0.380 0.410 1.000
0.360 0.380 0.410 1.000
0.1 0.1 0.1 1 8
0 0 0 1
MATERIAL JetHingeL_JetRed
0.720 0.120 0.100 1.000
0.720 0.120 0.100 1.000
0.1 0.1 0.1 1 8
0 0 0 1
MATERIAL JetHingeR_JetSeam
0.360 0.380 0.410 1.000
0.360 0.380 0.410 1.000
0.1 0.1 0.1 1 8
0 0 0 1
MATERIAL JetHingeR_JetRed
0.720 0.120 0.100 1.000
0.720 0.120 0.100 1.000
0.1 0.1 0.1 1 8
0 0 0 1
MATERIAL JetMark
0.720 0.120 0.100 1.000
0.720 0.120 0.100 1.000
0.1 0.1 0.1 1 8
0 0 0 1
MATERIAL JetNiche_JetDark
0.140 0.150 0.170 1.000
0.140 0.150 0.170 1.000
0.1 0.1 0.1 1 8
0 0 0 1
MATERIAL JetNiche_JetSeam
0.360 0.380 0.410 1.000
0.360 0.380 0.410 1.000
0.1 0.1 0.1 1 8
0 0 0 1
MATERIAL JetPodL_JetPod
1.000 1.000 1.000 1.000
1.000 1.000 1.000 1.000
0.1 0.1 0.1 1 8
0 0 0 1
MATERIAL JetPodL_JetDark
0.140 0.150 0.170 1.000
0.140 0.150 0.170 1.000
0.1 0.1 0.1 1 8
0 0 0 1
MATERIAL JetPodL_001
1.000 1.000 1.000 1.000
1.000 1.000 1.000 1.000
0.1 0.1 0.1 1 8
0 0 0 1
MATERIAL JetPodL_JetRed
0.720 0.120 0.100 1.000
0.720 0.120 0.100 1.000
0.1 0.1 0.1 1 8
0 0 0 1
MATERIAL JetPodR_001
1.000 1.000 1.000 1.000
1.000 1.000 1.000 1.000
0.1 0.1 0.1 1 8
0 0 0 1
MATERIAL JetPodR_JetDark
0.140 0.150 0.170 1.000
0.140 0.150 0.170 1.000
0.1 0.1 0.1 1 8
0 0 0 1
MATERIAL JetPodR_002
1.000 1.000 1.000 1.000
1.000 1.000 1.000 1.000
0.1 0.1 0.1 1 8
0 0 0 1
MATERIAL JetPodR_JetRed
0.720 0.120 0.100 1.000
0.720 0.120 0.100 1.000
0.1 0.1 0.1 1 8
0 0 0 1
MATERIAL JetPorts
0.140 0.150 0.170 1.000
0.140 0.150 0.170 1.000
0.1 0.1 0.1 1 8
0 0 0 1
MATERIAL JetShell_JetSeam
0.360 0.380 0.410 1.000
0.360 0.380 0.410 1.000
0.1 0.1 0.1 1 8
0 0 0 1
MATERIAL JetShell_JetShell
1.000 1.000 1.000 1.000
1.000 1.000 1.000 1.000
0.1 0.1 0.1 1 8
0 0 0 1
MATERIAL JetShell_JetRed
0.720 0.120 0.100 1.000
0.720 0.120 0.100 1.000
0.1 0.1 0.1 1 8
0 0 0 1
MATERIAL JetVessel_JetShell
1.000 1.000 1.000 1.000
1.000 1.000 1.000 1.000
0.1 0.1 0.1 1 8
0 0 0 1
MATERIAL JetVessel_JetSeam
0.360 0.380 0.410 1.000
0.360 0.380 0.410 1.000
0.1 0.1 0.1 1 8
0 0 0 1
TEXTURES 2
Tantra\AstronavigatorSuit\surf_plate.dds
Tantra\AstronavigatorSuit\surf_metal.dds
