MSHX1
GROUPS 10
LABEL Skin
MATERIAL 1
TEXTURE 1
GEOM 1272 2082
-0.00733 0.63762 0.11991 -0.1756 0.8397 0.5139 0.86050 0.95610
-0.00467 0.62698 0.12980 -0.0288 -0.4147 0.9095 0.85050 0.95840
-0.00931 0.62753 0.12889 -0.4653 -0.1710 0.8685 0.85610 0.95790
-0.01209 0.63713 0.11973 -0.6528 0.5902 0.4748 0.86520 0.95190
-0.00984 0.64240 0.07521 -0.1379 0.9777 -0.1585 0.87000 0.91070
-0.02051 0.63997 0.07736 -0.6618 0.7485 -0.0419 0.87110 0.91250
-0.01925 0.63651 0.06132 -0.6220 0.7446 -0.2422 0.86340 0.88720
-0.00910 0.63751 0.06164 -0.0502 0.9539 -0.2958 0.85610 0.87880
-0.01365 0.64245 0.09607 -0.3305 0.9373 0.1110 0.85900 0.92980
-0.01961 0.63311 0.10230 -0.7581 0.6015 0.2519 0.87180 0.93210
-0.02290 0.62762 0.06384 -0.9658 -0.1107 0.2343 0.86040 0.89630
-0.02219 0.63474 0.07672 -0.9926 -0.0540 0.1085 0.86810 0.91300
-0.02081 0.63478 0.10107 -0.9602 -0.2489 0.1268 0.86240 0.93100
-0.01418 0.62844 0.11897 -0.7883 -0.5806 0.2037 0.86030 0.94690
-0.00945 0.62664 0.12549 -0.5033 -0.8455 0.1785 0.85390 0.95400
-0.02039 0.62164 0.06711 -0.5733 -0.5757 0.5830 0.85190 0.89960
-0.01561 0.62875 0.07579 -0.5021 -0.7603 0.4122 0.86200 0.91360
-0.01277 0.62924 0.09847 -0.2676 -0.9630 0.0323 0.85690 0.93000
-0.00829 0.62904 0.11484 -0.0595 -0.9919 -0.1126 0.85420 0.94730
-0.00571 0.62727 0.12478 0.0381 -0.9908 -0.1299 0.84850 0.95090
-0.02238 0.70021 0.13489 -0.2991 -0.6731 0.6763 0.83210 0.49170
-0.02335 0.69791 0.13172 -0.3591 -0.8226 0.4409 0.83580 0.48960
-0.03352 0.69966 0.13284 -0.0856 -0.7964 0.5987 0.83430 0.48370
-0.03351 0.70276 0.13507 -0.1943 -0.5880 0.7852 0.82940 0.48300
-0.01518 0.69335 0.13260 -0.4402 -0.1564 0.8842 0.83990 0.49580
-0.01852 0.69359 0.13056 -0.5851 0.0318 0.8103 0.84000 0.49250
-0.02360 0.68864 0.13297 -0.1371 0.2425 0.9604 0.84610 0.48970
-0.02722 0.69051 0.13277 -0.0760 0.6802 0.7291 0.84460 0.48680
-0.04148 0.68879 0.12943 -0.5235 -0.2212 0.8228 0.84550 0.47410
-0.04938 0.69659 0.12438 -0.6021 -0.2911 0.7435 0.83700 0.46650
-0.04476 0.69627 0.12872 -0.4841 -0.1587 0.8605 0.83970 0.47300
-0.04065 0.69130 0.13053 -0.2492 0.2552 0.9342 0.84300 0.47720
-0.04194 0.70185 0.13178 -0.4538 -0.3790 0.8064 0.83030 0.47540
-0.04061 0.69885 0.13301 -0.1989 -0.5960 0.7780 0.83440 0.47850
-0.03247 0.68758 0.13321 -0.1941 -0.1216 0.9734 0.84760 0.48290
-0.03386 0.69059 0.13325 -0.1606 0.5637 0.8102 0.84510 0.48220
-0.08768 0.68569 0.03651 -0.8706 -0.0171 0.4917 0.83720 0.37120
-0.08425 0.68563 0.04315 -0.8813 -0.1120 0.4592 0.83760 0.37500
-0.07673 0.67420 0.04134 -0.8552 -0.0705 0.5136 0.84510 0.37540
-0.08806 0.67597 0.03717 -0.8459 -0.0916 0.5255 0.84200 0.36980
-0.08621 0.66603 0.03930 -0.8689 -0.0302 0.4940 0.84790 0.36990
-0.07837 0.66528 0.04568 -0.9080 0.1496 0.3914 0.85210 0.37370
-0.07756 0.66287 0.05405 -0.9552 0.0214 0.2950 0.85530 0.37810
-0.07826 0.67312 0.05428 -0.9815 -0.1167 0.1521 0.84850 0.38170
-0.07712 0.68071 0.06090 -0.9503 -0.0768 0.3016 0.84220 0.38940
-0.07533 0.66402 0.06188 -0.9020 -0.1718 0.3962 0.85620 0.38700
-0.07999 0.68180 0.05119 -0.9606 -0.1917 0.2013 0.83950 0.38090
-0.07946 0.69075 0.05613 -0.9311 0.1328 0.3396 0.83250 0.38480
-0.08308 0.69865 0.04192 -0.6417 0.7587 -0.1121 0.83310 0.37470
-0.09008 0.69045 0.03095 -0.6832 0.4916 -0.5400 0.83420 0.36760
-0.08992 0.67685 0.02863 -0.6732 -0.2598 -0.6923 0.84030 0.36560
-0.08657 0.66685 0.03193 -0.4711 -0.6290 -0.6184 0.84630 0.36560
-0.02380 0.63086 0.13812 -0.3610 -0.3017 0.8824 0.91070 0.49640
-0.02732 0.63078 0.13729 -0.4122 -0.2575 0.8739 0.90930 0.49200
-0.02754 0.63351 0.13810 -0.4993 -0.1739 0.8488 0.89910 0.49390
-0.02316 0.63256 0.13986 -0.4355 -0.4818 0.7604 0.90480 0.49790
-0.02145 0.62861 0.13945 -0.5736 -0.0179 0.8189 0.91520 0.49900
-0.02389 0.62700 0.13749 -0.4821 -0.2014 0.8526 0.91710 0.49560
-0.01600 0.64041 0.14787 -0.6077 0.0785 0.7902 0.89500 0.50280
-0.00607 0.64175 0.15435 -0.3196 0.1931 0.9277 0.89450 0.51030
-0.00779 0.63729 0.15346 -0.3636 -0.3851 0.8482 0.89940 0.51060
-0.01608 0.63647 0.14850 -0.5049 -0.3714 0.7792 0.90120 0.50340
-0.01678 0.62293 0.14203 -0.5074 -0.4117 0.7570 0.92150 0.50280
-0.01750 0.62769 0.14372 -0.5833 0.0209 0.8120 0.91870 0.50450
-0.00874 0.62024 0.14437 -0.2433 -0.6421 0.7270 0.92430 0.51130
-0.01010 0.62715 0.14902 -0.3645 -0.0562 0.9295 0.91940 0.51140
-0.00915 0.63362 0.14852 -0.1627 -0.8882 0.4297 0.90430 0.51130
-0.01641 0.63277 0.14464 -0.2123 -0.8684 0.4482 0.90510 0.50430
-0.02202 0.63208 0.13982 -0.1744 -0.8484 0.4998 0.90710 0.50010
-0.02263 0.63119 0.13845 -0.2248 -0.4148 0.8817 0.91000 0.49910
-0.02109 0.63219 0.13948 -0.3752 0.8794 0.2931 0.91310 0.50080
-0.01664 0.63279 0.14110 -0.2464 0.9451 0.2147 0.91410 0.50570
-0.00910 0.63263 0.14567 -0.1785 0.9082 0.3784 0.91560 0.51110
-0.03323 0.62904 0.13388 -0.6177 -0.2685 0.7392 0.90960 0.48240
-0.02544 0.62397 0.13629 -0.5448 -0.2639 0.7960 0.92030 0.49230
-0.01729 0.62052 0.14044 -0.4783 -0.3130 0.8205 0.92520 0.50130
-0.00793 0.61846 0.14237 -0.1992 -0.4354 0.8779 0.92870 0.51040
-0.05404 0.69690 0.11996 -0.7611 -0.0555 0.6463 0.83510 0.45920
-0.04405 0.68375 0.12666 -0.5493 0.0023 0.8356 0.85050 0.46860
-0.01094 0.69313 0.13654 -0.6929 -0.0694 0.7176 0.84030 0.50080
-0.01935 0.70633 0.14210 -0.3199 -0.5040 0.8023 0.82640 0.49580
-0.00723 0.70203 0.14538 -0.4763 -0.1382 0.8683 0.83200 0.50850
-0.01462 0.71632 0.14876 -0.2439 -0.0568 0.9681 0.81890 0.50280
-0.03483 0.70954 0.14112 -0.3499 -0.3840 0.8545 0.82360 0.48200
-0.03500 0.71885 0.14191 -0.4663 0.0651 0.8822 0.81660 0.48220
-0.04616 0.70803 0.13446 -0.5966 -0.2708 0.7555 0.82580 0.47290
-0.05035 0.71579 0.13037 -0.7739 0.0661 0.6299 0.81960 0.46750
-0.05813 0.70529 0.11495 -0.8783 0.0392 0.4765 0.82860 0.45340
-0.03055 0.68183 0.13217 -0.3024 0.0704 0.9506 0.85320 0.48340
-0.02033 0.68440 0.13355 -0.3941 0.2563 0.8826 0.85010 0.49310
-0.01056 0.66156 0.15789 -0.7279 -0.4392 0.5265 0.87490 0.50930
-0.00661 0.66201 0.16243 -0.6064 -0.3750 0.7012 0.87500 0.51210
-0.00473 0.65836 0.16036 -0.4881 -0.6976 0.5245 0.87810 0.51220
-0.00884 0.66000 0.15572 -0.4940 -0.7637 0.4156 0.87780 0.50870
-0.01431 0.65839 0.14860 -0.7761 -0.4241 0.4667 0.87650 0.50400
-0.01089 0.65679 0.14818 -0.5739 -0.5576 0.5998 0.87980 0.50540
-0.01576 0.65546 0.14316 -0.6025 -0.0242 0.7978 0.87960 0.50110
-0.01085 0.65214 0.14687 -0.6353 -0.0035 0.7723 0.88260 0.50490
-0.00471 0.65585 0.15496 -0.5809 -0.5796 0.5714 0.88050 0.51110
-0.00506 0.65034 0.15249 -0.5148 -0.0977 0.8517 0.88330 0.51070
-0.01282 0.66513 0.15459 -0.9043 0.1266 0.4076 0.87100 0.50680
-0.01196 0.66979 0.15058 -0.8659 0.3076 0.3945 0.86610 0.50570
-0.00669 0.67472 0.15816 -0.6877 0.4456 0.5731 0.86280 0.51160
-0.00715 0.66781 0.16328 -0.6690 0.2042 0.7147 0.86950 0.51190
-0.01530 0.66227 0.14799 -0.9582 0.0544 0.2809 0.87300 0.50310
-0.01486 0.59281 0.13092 -0.3907 -0.7718 0.5017 0.95250 0.50010
-0.02005 0.59232 0.11695 -0.3441 -0.9342 0.0939 0.96070 0.48970
-0.02795 0.59715 0.11934 -0.6156 -0.7415 0.2668 0.95050 0.47860
-0.02094 0.59460 0.12712 -0.5663 -0.6984 0.4377 0.95150 0.49150
-0.00862 0.59154 0.13225 -0.2081 -0.8440 0.4944 0.95390 0.50730
-0.00929 0.59040 0.11554 -0.1345 -0.9891 0.0604 0.96640 0.50470
-0.03191 0.60480 0.12188 -0.6990 -0.5118 0.4994 0.94020 0.47390
-0.02378 0.60285 0.13010 -0.6206 -0.3850 0.6831 0.94090 0.48760
-0.01541 0.60399 0.13724 -0.4509 -0.3394 0.8255 0.93910 0.49960
-0.00736 0.60402 0.14121 -0.2153 -0.3206 0.9224 0.94000 0.50950
-0.03300 0.63894 0.13551 -0.5648 -0.1033 0.8187 0.89520 0.48240
-0.02769 0.65077 0.13841 -0.4512 0.0318 0.8918 0.88220 0.48900
-0.02231 0.64505 0.14158 -0.5314 0.0916 0.8421 0.88710 0.49660
-0.06710 0.65150 0.08266 -0.9509 -0.2349 0.2015 0.87710 0.40660
-0.06538 0.63752 0.07134 -0.9152 -0.4028 0.0134 0.89420 0.39120
-0.06868 0.64703 0.06470 -0.8961 -0.4266 0.1223 0.87600 0.38460
-0.07346 0.67027 0.06861 -0.9547 -0.1363 0.2646 0.85340 0.39440
-0.04411 0.64789 0.12879 -0.6490 -0.1461 0.7467 0.88690 0.46620
-0.04868 0.62898 0.11705 -0.7926 -0.3244 0.5163 0.90820 0.45310
-0.03653 0.66516 0.13385 -0.4583 0.0993 0.8832 0.87020 0.47700
-0.05787 0.63699 0.10199 -0.8939 -0.3062 0.3275 0.89970 0.43270
-0.05890 0.62405 0.07983 -0.8631 -0.5034 0.0403 0.91710 0.40760
-0.04697 0.60952 0.10215 -0.7817 -0.5746 0.2424 0.93440 0.44250
-0.05728 0.65283 0.11629 -0.8299 -0.2052 0.5187 0.88010 0.44560
-0.05201 0.66609 0.12552 -0.6601 -0.0151 0.7510 0.86730 0.45720
-0.06757 0.66319 0.09551 -0.9475 -0.1458 0.2847 0.86690 0.42280
-0.06481 0.67910 0.10943 -0.8735 0.0106 0.4867 0.85170 0.43910
-0.01595 0.66374 0.14349 -0.7537 0.1381 0.6425 0.87140 0.50050
-0.01360 0.64490 0.14821 -0.5693 0.2464 0.7843 0.88770 0.50350
-0.00646 0.64484 0.15295 -0.3844 0.2613 0.8854 0.88770 0.51040
-0.05779 0.63093 0.05532 -0.8829 -0.4436 -0.1537 0.92190 0.36480
-0.06542 0.64411 0.05020 -0.7307 -0.6409 -0.2351 0.88490 0.35940
-0.07142 0.68206 0.08264 -0.9702 -0.0411 0.2387 0.84560 0.41080
-0.06577 0.69548 0.10099 -0.9284 0.0511 0.3680 0.83490 0.43370
-0.01182 0.68129 0.14328 -0.8094 0.2688 0.5221 0.85310 0.50170
-0.00635 0.68666 0.14984 -0.7282 0.3065 0.6130 0.84830 0.50930
-0.01782 0.67613 0.13887 -0.5915 0.2609 0.7629 0.85850 0.49550
-0.07571 0.68519 0.06663 -0.9574 -0.0404 0.2858 0.83940 0.39570
-0.07415 0.69995 0.07250 -0.9620 0.0124 0.2729 0.82530 0.40310
-0.06983 0.71795 0.08605 -0.9469 0.0572 0.3164 0.81140 0.42170
-0.01803 0.74782 0.14088 -0.2514 0.3391 0.9065 0.79830 0.50190
-0.03747 0.74641 0.13184 -0.5410 0.3105 0.7816 0.79740 0.48070
-0.05187 0.74014 0.11926 -0.7941 0.2095 0.5705 0.80040 0.46240
-0.06344 0.73113 0.10101 -0.9105 0.1138 0.3976 0.80380 0.44070
-0.03124 0.56540 0.05982 -0.6994 -0.1688 0.6945 0.40630 0.08450
-0.02754 0.58477 0.07173 -0.6629 -0.5239 0.5349 0.39790 0.06460
-0.01084 0.57952 0.07944 -0.3327 -0.6006 0.7270 0.38760 0.06520
-0.01443 0.56011 0.06958 -0.3957 -0.2744 0.8764 0.38910 0.08800
-0.04086 0.57499 0.04722 -0.9103 -0.0820 0.4056 0.42120 0.07880
-0.03950 0.59635 0.05970 -0.8757 -0.3929 0.2808 0.41120 0.06590
-0.04513 0.58953 0.03330 -0.9946 -0.0498 0.0916 0.43900 0.07020
-0.04810 0.60795 0.04375 -0.9533 -0.3019 0.0043 0.42620 0.06370
-0.03638 0.59929 0.08480 -0.7098 -0.6929 0.1265 0.96100 0.43010
-0.02356 0.59196 0.09154 -0.4484 -0.8663 0.2202 0.97550 0.45690
-0.00960 0.58928 0.09241 -0.1939 -0.9290 0.3153 0.98950 0.49180
-0.02356 0.59196 0.09154 -0.4484 -0.8663 0.2202 0.39300 0.05220
-0.00960 0.58928 0.09241 -0.1939 -0.9290 0.3153 0.38580 0.05050
-0.03638 0.59929 0.08480 -0.7098 -0.6929 0.1265 0.40200 0.05350
-0.05149 0.61848 0.06623 -0.8436 -0.5354 -0.0406 0.93550 0.38690
-0.05149 0.61848 0.06623 -0.8436 -0.5354 -0.0406 0.41410 0.04980
-0.05627 0.64887 0.02131 -0.8047 -0.4357 -0.4033 0.91120 0.34250
-0.05237 0.62482 0.03360 -0.9231 -0.3005 -0.2400 0.96010 0.31700
-0.04321 0.61424 0.01352 -0.8977 -0.0867 -0.4320 0.94520 0.28160
-0.04352 0.64265 0.00561 -0.7614 -0.3135 -0.5674 0.89540 0.28170
-0.05779 0.63093 0.05532 -0.8829 -0.4436 -0.1537 0.42630 0.04420
-0.05237 0.62482 0.03360 -0.9231 -0.3005 -0.2400 0.43620 0.05890
-0.04411 0.79302 0.08715 -0.5908 0.7407 0.3200 0.74480 0.45170
-0.02175 0.80353 0.09031 -0.2759 0.8886 0.3664 0.73080 0.47890
-0.02154 0.77864 0.12326 -0.2824 0.6169 0.7346 0.76670 0.49330
-0.04140 0.77609 0.11460 -0.5764 0.5380 0.6151 0.76600 0.46800
-0.04258 0.80046 0.05093 -0.5490 0.8355 -0.0251 0.71630 0.42150
-0.02130 0.80937 0.05282 -0.2931 0.9560 -0.0103 0.69010 0.44020
-0.03979 0.79136 0.00612 -0.4892 0.7801 -0.3902 0.69910 0.36310
-0.01903 0.79941 0.00665 -0.3023 0.8645 -0.4015 0.66840 0.36630
-0.05957 0.77949 0.07298 -0.8305 0.5276 0.1787 0.75290 0.42700
-0.05730 0.76495 0.10038 -0.8303 0.3501 0.4336 0.77260 0.44550
-0.05854 0.78364 0.04028 -0.7866 0.6127 -0.0764 0.73410 0.39830
-0.05258 0.78101 0.00973 -0.7203 0.6208 -0.3096 0.72100 0.36310
-0.04315 0.77120 -0.01616 -0.5383 0.5498 -0.6388 0.71470 0.32730
-0.05753 0.76684 0.00034 -0.7936 0.4453 -0.4147 0.73250 0.34650
-0.02312 0.77511 -0.02321 -0.2892 0.6155 -0.7331 0.68940 0.30940
-0.07793 0.69864 0.04331 -0.9134 0.3968 -0.0908 0.82050 0.37060
-0.07888 0.68666 0.03191 -0.5941 0.1876 -0.7822 0.82850 0.35580
-0.07879 0.69513 0.05736 -0.9476 0.1847 0.2608 0.82970 0.38790
-0.07698 0.67362 0.03173 -0.4718 -0.5098 -0.7194 0.83960 0.35210
-0.07755 0.66984 0.04347 -0.0872 -0.4427 -0.8924 0.85200 0.35160
-0.08408 0.65854 0.03865 -0.6155 -0.4861 -0.6204 0.85370 0.36590
-0.07148 0.65474 0.04105 -0.4934 -0.6153 -0.6147 0.86450 0.35440
-0.07743 0.64845 0.05133 -0.6568 -0.7536 0.0278 0.86820 0.37180
-0.07069 0.64891 0.06035 -0.7198 -0.5812 0.3795 0.87140 0.38020
-0.07876 0.71551 0.03857 -0.9959 0.0776 -0.0467 0.79700 0.36760
-0.07751 0.71150 0.05813 -0.9879 0.0504 0.1464 0.80880 0.39100
-0.06744 0.75429 0.08108 -0.9342 0.2347 0.2686 0.77730 0.42630
-0.07040 0.76015 0.05457 -0.9443 0.3223 0.0657 0.76280 0.40180
-0.07568 0.73736 0.04427 -0.9852 0.1716 -0.0013 0.78090 0.38110
-0.07450 0.73166 0.06733 -0.9736 0.1188 0.1950 0.79430 0.40570
-0.07468 0.70675 0.01045 -0.9562 -0.0006 -0.2926 0.80000 0.33110
-0.06756 0.76544 0.02608 -0.9042 0.3930 -0.1672 0.74730 0.37500
-0.04527 0.75042 -0.02609 -0.5860 0.3137 -0.7471 0.73420 0.30520
-0.02544 0.75358 -0.03486 -0.3144 0.3665 -0.8757 0.71440 0.28360
-0.07285 0.74152 0.01920 -0.9542 0.2024 -0.2202 0.76970 0.35570
-0.06274 0.66743 0.00890 -0.7549 -0.5049 -0.4186 0.84880 0.30660
-0.05977 0.66048 0.01445 -0.7577 -0.4956 -0.4245 0.87920 0.31350
-0.05237 0.62482 0.03360 -0.9231 -0.3005 -0.2400 0.91660 0.35230
-0.06982 0.68382 0.00588 -0.8651 -0.2896 -0.4095 0.82260 0.31430
-0.05230 0.66928 -0.00992 -0.6447 -0.5147 -0.5652 0.83740 0.28130
-0.04661 0.65788 -0.00163 -0.6436 -0.5335 -0.5488 0.86970 0.27760
-0.06334 0.71389 -0.01675 -0.8187 0.0126 -0.5741 0.78330 0.30500
-0.05861 0.69023 -0.01655 -0.7450 -0.2583 -0.6151 0.80640 0.29070
-0.06197 0.74520 -0.00846 -0.8364 0.2471 -0.4894 0.75330 0.32740
-0.03948 0.67332 -0.02422 -0.4568 -0.4903 -0.7422 0.82070 0.25730
-0.03473 0.65504 -0.01000 -0.4709 -0.5060 -0.7226 0.86660 0.25140
-0.03375 0.63610 -0.00163 -0.5992 -0.2231 -0.7689 0.88820 0.25740
-0.04463 0.72130 -0.03377 -0.5680 0.0602 -0.8208 0.76330 0.28180
-0.04224 0.69679 -0.03242 -0.5208 -0.2189 -0.8251 0.79070 0.26740
-0.02522 0.67607 -0.03250 -0.2710 -0.4612 -0.8449 0.81190 0.23680
-0.02197 0.65512 -0.01496 -0.2858 -0.4885 -0.8244 0.86100 0.22700
-0.02014 0.63410 -0.00844 -0.3618 -0.1847 -0.9138 0.87920 0.22830
-0.02666 0.72502 -0.04205 -0.3179 0.0855 -0.9443 0.74800 0.26000
-0.02627 0.70207 -0.04057 -0.3001 -0.1705 -0.9386 0.77770 0.24660
-0.04321 0.61424 0.01352 -0.8977 -0.0867 -0.4320 0.44440 0.05430
-0.03279 0.60805 0.00064 -0.6558 0.0687 -0.7518 0.93430 0.24950
-0.01893 0.60326 -0.00838 -0.3378 0.1148 -0.9342 0.92260 0.21280
-0.04755 0.56647 0.02242 -0.9436 0.2647 0.1991 0.45540 0.08450
-0.04731 0.57118 0.00940 -0.9080 0.3774 -0.1822 0.46650 0.06690
-0.47178 0.10582 0.17743 -0.7964 0.0535 -0.6025 0.65060 0.87850
-0.46148 0.11239 0.16478 -0.4023 -0.4866 -0.7755 0.64680 0.86800
-0.46905 0.12409 0.18013 -0.8829 0.2564 -0.3934 0.63760 0.87760
-0.47555 0.11508 0.18966 -0.8928 0.4059 -0.1956 0.64380 0.88670
-0.46398 0.13075 0.19001 -0.7560 0.6503 0.0753 0.63060 0.88160
-0.47190 0.12085 0.20081 -0.7653 0.6318 0.1233 0.63780 0.89260
-0.45574 0.13422 0.19903 -0.3337 0.8518 0.4039 0.62270 0.88520
-0.46130 0.12593 0.21341 -0.4637 0.8300 0.3099 0.62890 0.89870
-0.44514 0.12798 0.22143 -0.0752 0.9378 0.3390 0.61660 0.90150
-0.43812 0.13054 0.20096 0.5075 0.7397 0.4419 0.61250 0.88500
-0.41351 0.09252 0.27466 0.8393 0.4993 0.2150 0.58870 0.93720
-0.41200 0.08695 0.28082 0.8465 0.4854 0.2185 0.58640 0.94160
-0.42053 0.09055 0.28465 -0.1950 0.6156 0.7635 0.59010 0.94310
-0.42230 0.09430 0.27913 -0.1910 0.6759 0.7118 0.59270 0.93970
-0.41085 0.08343 0.28634 0.8236 -0.0873 0.5604 0.58490 0.94490
-0.41634 0.08205 0.28951 0.1119 -0.2721 0.9557 0.58700 0.94600
-0.41477 0.09774 0.27020 0.7983 0.5538 0.2367 0.59090 0.93380
-0.42390 0.09861 0.27389 -0.1656 0.7148 0.6794 0.59510 0.93660
-0.41677 0.10283 0.26260 0.8109 0.5675 0.1428 0.59350 0.92920
-0.42393 0.10478 0.26599 -0.0260 0.8385 0.5443 0.59780 0.93150
-0.41869 0.10578 0.25588 0.8114 0.5704 0.1276 0.59550 0.92490
-0.42743 0.10894 0.25782 0.0025 0.8383 0.5452 0.60160 0.92660
-0.42077 0.11263 0.24337 0.7893 0.5963 0.1465 0.59880 0.91640
-0.43126 0.11422 0.24983 0.0545 0.8351 0.5474 0.60570 0.92090
-0.43518 0.10444 0.25764 -0.4963 0.2848 0.8201 0.60930 0.93440
-0.43886 0.10922 0.25295 -0.2170 0.5454 0.8096 0.61210 0.93370
-0.43378 0.09970 0.26310 -0.8198 0.1248 0.5588 0.60580 0.93640
-0.42941 0.09416 0.27232 -0.8632 0.1625 0.4780 0.60080 0.94090
-0.42833 0.08928 0.27481 -0.9358 -0.1642 0.3119 0.59860 0.94290
-0.42552 0.08419 0.28079 -0.8697 -0.3579 0.3398 0.59480 0.94550
-0.42095 0.08101 0.28563 -0.5412 -0.6500 0.5334 0.59110 0.94680
-0.42150 0.10936 0.23031 0.9516 -0.1341 -0.2767 0.59120 0.90960
-0.41952 0.10322 0.24110 0.8962 -0.3708 -0.2434 0.59190 0.91580
-0.41830 0.09797 0.25376 0.8610 -0.3734 -0.3453 0.59050 0.92410
-0.41598 0.09217 0.26274 0.8087 -0.3783 -0.4504 0.58700 0.93000
-0.41316 0.08791 0.26979 0.8375 -0.3387 -0.4289 0.58440 0.93400
-0.41269 0.08354 0.27553 0.7892 -0.4630 -0.4035 0.58260 0.93770
-0.41083 0.08090 0.28209 0.7691 -0.6370 -0.0517 0.58240 0.94220
-0.42751 0.09460 0.24854 0.2066 -0.9357 -0.2861 0.69300 0.82990
-0.42336 0.09116 0.25869 0.1510 -0.8805 -0.4493 0.69640 0.82270
-0.41598 0.09217 0.26274 0.8087 -0.3783 -0.4504 0.69260 0.81630
-0.41830 0.09797 0.25376 0.8610 -0.3734 -0.3453 0.68850 0.82220
-0.42144 0.08634 0.26658 -0.0276 -0.8733 -0.4864 0.69930 0.81740
-0.41316 0.08791 0.26979 0.8375 -0.3387 -0.4289 0.69570 0.81230
-0.41778 0.08157 0.27515 -0.0228 -0.9085 -0.4174 0.70210 0.81210
-0.41269 0.08354 0.27553 0.7892 -0.4630 -0.4035 0.69830 0.80860
-0.41579 0.07957 0.28044 0.0561 -0.9939 -0.0954 0.70400 0.80920
-0.41083 0.08090 0.28209 0.7691 -0.6370 -0.0517 0.70180 0.80470
-0.43326 0.09380 0.25343 -0.4686 -0.8777 0.1005 0.69980 0.83150
-0.42941 0.09028 0.26526 -0.7001 -0.7082 -0.0911 0.70170 0.82290
-0.42750 0.08801 0.27006 -0.7023 -0.6928 -0.1635 0.70380 0.81980
-0.42333 0.08308 0.27887 -0.5163 -0.8394 -0.1698 0.70640 0.81410
-0.41809 0.08006 0.28311 -0.1391 -0.9803 0.1403 0.70640 0.80980
-0.42552 0.08419 0.28079 -0.8697 -0.3579 0.3398 0.70850 0.81470
-0.42095 0.08101 0.28563 -0.5412 -0.6500 0.5334 0.71020 0.81070
-0.42833 0.08928 0.27481 -0.9358 -0.1642 0.3119 0.70600 0.81920
-0.42941 0.09416 0.27232 -0.8632 0.1625 0.4780 0.70430 0.82200
-0.43378 0.09970 0.26310 -0.8198 0.1248 0.5588 0.70120 0.82830
-0.47759 0.04735 0.31582 -0.4444 0.3439 0.8272 0.62280 0.97980
-0.47256 0.03776 0.31619 -0.4292 0.4192 0.8000 0.62210 0.98370
-0.47640 0.03695 0.31395 -0.7698 -0.6368 0.0440 0.62450 0.98460
-0.47889 0.04081 0.30919 -0.8518 -0.5075 -0.1301 0.62610 0.98120
-0.47531 0.05915 0.30712 -0.1953 0.6388 0.7442 0.62550 0.97230
-0.48099 0.05169 0.30093 -0.9699 -0.2190 -0.1065 0.62910 0.97380
-0.47648 0.06656 0.29950 -0.2409 0.6727 0.6996 0.62730 0.96630
-0.48171 0.05963 0.29364 -0.9884 -0.1517 0.0017 0.63100 0.96780
-0.47742 0.07340 0.29216 -0.3266 0.7378 0.5908 0.62940 0.96120
-0.48275 0.06527 0.28579 -0.9901 -0.0946 -0.1037 0.63370 0.96300
-0.47428 0.07913 0.28377 -0.2024 0.7883 0.5811 0.63030 0.95560
-0.48143 0.07204 0.27725 -0.9938 0.0130 -0.1107 0.63660 0.95770
-0.47307 0.08409 0.27661 -0.2432 0.7951 0.5556 0.63170 0.95000
-0.48112 0.07733 0.27105 -0.9763 0.1563 0.1496 0.63890 0.95200
-0.47174 0.03707 0.31881 0.6277 -0.3403 0.7001 0.62090 0.98600
-0.46884 0.04418 0.31347 0.8817 0.0522 0.4689 0.61870 0.97970
-0.46892 0.05345 0.30571 0.8819 0.2912 0.3707 0.61930 0.97220
-0.46905 0.06184 0.29752 0.8723 0.3586 0.3323 0.62130 0.96590
-0.46886 0.07139 0.28762 0.8334 0.3646 0.4154 0.62420 0.95850
-0.46789 0.07644 0.28160 0.7995 0.3567 0.4833 0.62490 0.95400
-0.46657 0.08158 0.27609 0.7223 0.4087 0.5578 0.62500 0.94980
-0.47129 0.03819 0.31702 0.7609 -0.6100 -0.2209 0.75520 0.83980
-0.47174 0.03707 0.31881 0.6277 -0.3403 0.7001 0.75770 0.83880
-0.46884 0.04418 0.31347 0.8817 0.0522 0.4689 0.75210 0.83660
-0.47092 0.04195 0.31039 0.7927 -0.4984 -0.3511 0.75220 0.84010
-0.46892 0.05345 0.30571 0.8819 0.2912 0.3707 0.74470 0.83750
-0.46891 0.04943 0.30453 0.8664 -0.3874 -0.3151 0.74690 0.84080
-0.46905 0.06184 0.29752 0.8723 0.3586 0.3323 0.73790 0.83800
-0.46885 0.05587 0.29576 0.8861 -0.3778 -0.2685 0.74090 0.84270
-0.46886 0.07139 0.28762 0.8334 0.3646 0.4154 0.72990 0.83850
-0.46877 0.06519 0.28385 0.9036 -0.3938 -0.1688 0.73220 0.84510
-0.46789 0.07644 0.28160 0.7995 0.3567 0.4833 0.72570 0.83980
-0.46677 0.07030 0.27630 0.9164 -0.3998 0.0166 0.72650 0.84630
-0.46657 0.08158 0.27609 0.7223 0.4087 0.5578 0.72170 0.84100
-0.46432 0.07602 0.26982 0.9269 -0.3464 0.1448 0.72070 0.84690
-0.47471 0.03635 0.31401 0.1512 -0.8833 -0.4438 0.75640 0.84200
-0.47377 0.03822 0.31042 0.2470 -0.8112 -0.5300 0.75310 0.84330
-0.47453 0.04787 0.30074 0.3174 -0.7227 -0.6140 0.74710 0.84660
-0.47479 0.05481 0.29053 0.3708 -0.7521 -0.5448 0.74020 0.84910
-0.47310 0.06272 0.28091 0.4035 -0.7706 -0.4933 0.73260 0.85000
-0.47136 0.06699 0.27457 0.4291 -0.8333 -0.3485 0.72840 0.85100
-0.46778 0.07155 0.26220 0.6939 -0.7187 0.0439 0.72000 0.85370
-0.47502 0.06955 0.26701 -0.3693 -0.9275 -0.0576 0.64550 0.95830
-0.47589 0.06690 0.27340 -0.3878 -0.7867 -0.4804 0.64250 0.96050
-0.47607 0.06236 0.28037 -0.2972 -0.7691 -0.5658 0.64050 0.96500
-0.47643 0.05491 0.29005 -0.2916 -0.7697 -0.5679 0.63750 0.97120
-0.47576 0.04855 0.29928 -0.2159 -0.7598 -0.6132 0.63460 0.97670
-0.47578 0.04006 0.30916 -0.1945 -0.7560 -0.6250 0.62970 0.98360
-0.47553 0.03532 0.31639 -0.5672 -0.6735 0.4740 0.62410 0.98680
-0.47578 0.04006 0.30916 -0.1945 -0.7560 -0.6250 0.75430 0.84560
-0.47553 0.03532 0.31639 -0.5672 -0.6735 0.4740 0.75840 0.84200
-0.47576 0.04855 0.29928 -0.2159 -0.7598 -0.6132 0.74590 0.84800
-0.47643 0.05491 0.29005 -0.2916 -0.7697 -0.5679 0.73990 0.85020
-0.47607 0.06236 0.28037 -0.2972 -0.7691 -0.5658 0.73330 0.85260
-0.47589 0.06690 0.27340 -0.3878 -0.7867 -0.4804 0.72870 0.85460
-0.47502 0.06955 0.26701 -0.3693 -0.9275 -0.0576 0.72500 0.85590
-0.49404 0.05933 0.26891 -0.4074 0.6357 0.6557 0.66340 0.95810
-0.49871 0.05654 0.26337 -0.9767 0.2012 -0.0752 0.66710 0.95580
-0.49595 0.06716 0.25725 -0.8970 0.4382 0.0582 0.66300 0.94640
-0.48942 0.06930 0.26172 -0.3528 0.7217 0.5956 0.65680 0.94990
-0.49647 0.05079 0.27664 -0.4430 0.6054 0.6612 0.66710 0.96450
-0.50072 0.04716 0.27177 -0.9927 0.1140 -0.0386 0.66990 0.96330
-0.49822 0.03784 0.28629 -0.4788 0.5418 0.6908 0.67130 0.97340
-0.50150 0.03315 0.28138 -0.9922 0.0171 -0.1232 0.67450 0.97270
-0.50097 0.02818 0.29250 -0.6118 0.4725 0.6344 0.67400 0.97970
-0.50210 0.02418 0.28689 -0.9718 -0.0612 -0.2278 0.67720 0.97830
-0.50170 0.02028 0.29696 -0.6472 0.3584 0.6728 0.67660 0.98460
-0.50255 0.01726 0.29125 -0.9469 -0.1788 -0.2671 0.67910 0.98290
-0.50184 0.01547 0.30026 -0.5588 0.0883 0.8246 0.67780 0.98800
-0.50255 0.01176 0.29585 -0.9050 -0.4252 0.0130 0.68050 0.98690
-0.49218 0.01841 0.29782 0.7227 0.1714 0.6696 0.67470 0.98760
-0.49592 0.00941 0.29978 0.2962 -0.6182 0.7280 0.67840 0.98900
-0.49208 0.02686 0.29287 0.6178 0.3466 0.7058 0.67050 0.98210
-0.49145 0.03654 0.28625 0.5395 0.4101 0.7353 0.66670 0.97680
-0.48922 0.04943 0.27707 0.4882 0.4657 0.7381 0.66210 0.96760
-0.48662 0.05828 0.26953 0.4649 0.4451 0.7654 0.65770 0.96290
-0.48382 0.06555 0.26434 0.3705 0.3419 0.8636 0.65270 0.95970
-0.50018 0.00844 0.29712 -0.4510 -0.8860 0.1075 0.68110 0.98810
-0.49977 0.01378 0.29040 -0.4360 -0.6142 -0.6577 0.68290 0.98290
-0.49926 0.01960 0.28538 -0.4854 -0.5215 -0.7017 0.68310 0.97810
-0.49773 0.02785 0.27821 -0.4950 -0.5187 -0.6971 0.68150 0.97200
-0.49604 0.03999 0.26708 -0.5042 -0.5303 -0.6816 0.67750 0.96190
-0.49427 0.04953 0.25830 -0.5217 -0.4833 -0.7030 0.67560 0.95240
-0.49138 0.05749 0.25129 -0.6260 -0.6673 -0.4034 0.67580 0.94780
-0.49353 0.01358 0.29519 0.9188 -0.3812 -0.1024 0.75830 0.87470
-0.49480 0.01010 0.29720 0.7709 -0.6367 -0.0143 0.76040 0.87540
-0.49592 0.00941 0.29978 0.2962 -0.6182 0.7280 0.76260 0.87480
-0.49218 0.01841 0.29782 0.7227 0.1714 0.6696 0.76050 0.87180
-0.49158 0.02027 0.29021 0.9533 -0.2828 -0.1063 0.75470 0.87320
-0.49208 0.02686 0.29287 0.6178 0.3466 0.7058 0.75390 0.86880
-0.48881 0.03132 0.28309 0.9786 -0.1820 0.0961 0.74710 0.87050
-0.49145 0.03654 0.28625 0.5395 0.4101 0.7353 0.74740 0.86730
-0.48494 0.04272 0.27323 0.9706 -0.1732 0.1672 0.73810 0.86880
-0.48922 0.04943 0.27707 0.4882 0.4657 0.7381 0.73780 0.86380
-0.48129 0.05212 0.26393 0.9423 -0.2518 0.2207 0.72930 0.86660
-0.48662 0.05828 0.26953 0.4649 0.4451 0.7654 0.73120 0.86260
-0.47846 0.05711 0.25908 0.8603 -0.4334 0.2685 0.72410 0.86500
-0.48382 0.06555 0.26434 0.3705 0.3419 0.8636 0.72530 0.86110
-0.49633 0.01259 0.29102 0.3288 -0.7148 -0.6172 0.75710 0.87720
-0.49633 0.00906 0.29505 0.3402 -0.8499 -0.4023 0.76010 0.87700
-0.49468 0.01798 0.28593 0.4092 -0.6539 -0.6364 0.75350 0.87750
-0.49297 0.02626 0.27886 0.4304 -0.6519 -0.6243 0.74690 0.87670
-0.48849 0.03902 0.26800 0.4720 -0.6767 -0.5651 0.73690 0.87390
-0.48620 0.04775 0.25963 0.3999 -0.7178 -0.5700 0.72870 0.87220
-0.48050 0.05575 0.25204 0.4706 -0.8151 -0.3380 0.72060 0.87110
-0.49977 0.01378 0.29040 -0.4360 -0.6142 -0.6577 0.75790 0.88090
-0.50018 0.00844 0.29712 -0.4510 -0.8860 0.1075 0.76220 0.87770
-0.49926 0.01960 0.28538 -0.4854 -0.5215 -0.7017 0.75290 0.88010
-0.49773 0.02785 0.27821 -0.4950 -0.5187 -0.6971 0.74660 0.87900
-0.49604 0.03999 0.26708 -0.5042 -0.5303 -0.6816 0.73570 0.87830
-0.49427 0.04953 0.25830 -0.5217 -0.4833 -0.7030 0.72600 0.87670
-0.49138 0.05749 0.25129 -0.6260 -0.6673 -0.4034 0.72120 0.87620
-0.51412 0.01156 0.26565 -0.8741 0.2791 0.3974 0.70780 0.95450
-0.51536 0.00592 0.26782 -0.9462 0.1604 0.2811 0.71050 0.95640
-0.51455 0.00468 0.26582 -0.9324 -0.2004 -0.3008 0.71190 0.95480
-0.51363 0.00922 0.26289 -0.9322 -0.0705 -0.3551 0.71000 0.95260
-0.51317 0.02033 0.26259 -0.8456 0.2939 0.4457 0.70310 0.95160
-0.51304 0.01697 0.25862 -0.9484 -0.0572 -0.3117 0.70600 0.94900
-0.51193 0.02714 0.25885 -0.8099 0.4031 0.4261 0.69970 0.94840
-0.51201 0.02536 0.25362 -0.9578 0.0010 -0.2876 0.70180 0.94490
-0.50691 0.04219 0.25340 -0.6588 0.4978 0.5641 0.69110 0.94240
-0.50978 0.03986 0.24593 -0.9466 0.1662 -0.2763 0.69360 0.93820
-0.50461 0.04837 0.24942 -0.6386 0.5671 0.5202 0.68700 0.93950
-0.50680 0.04633 0.24250 -0.9321 0.2307 -0.2793 0.69030 0.93450
-0.50074 0.05783 0.24280 -0.7016 0.5528 0.4496 0.67960 0.93440
-0.50310 0.05740 0.23565 -0.9417 0.2509 -0.2240 0.68320 0.92690
-0.50749 0.02247 0.23258 -0.7539 0.1635 0.6363 0.71350 0.91890
-0.50563 0.01611 0.23620 -0.3986 -0.2955 0.8682 0.71770 0.92030
-0.50714 0.01232 0.22763 -0.6095 -0.7500 -0.2568 0.71850 0.91720
-0.50806 0.02079 0.22488 -0.8402 -0.2347 -0.4889 0.71390 0.91570
-0.50652 0.03138 0.22914 -0.7838 0.2782 0.5552 0.70770 0.91750
-0.50749 0.02247 0.23258 -0.7539 0.1635 0.6363 0.71350 0.91900
-0.50754 0.02910 0.22215 -0.9000 -0.0836 -0.4277 0.70930 0.91380
-0.50553 0.03914 0.22598 -0.7705 0.3369 0.5412 0.70210 0.91580
-0.50684 0.03648 0.22070 -0.9579 0.0102 -0.2870 0.70430 0.91190
-0.50420 0.04661 0.22284 -0.7532 0.3995 0.5226 0.69610 0.91460
-0.50584 0.04349 0.21873 -0.9625 0.1419 -0.2313 0.69890 0.91010
-0.50257 0.05101 0.22130 -0.7584 0.3795 0.5299 0.69180 0.91400
-0.50371 0.04979 0.21677 -0.9456 0.2101 -0.2484 0.69340 0.90820
-0.50080 0.05868 0.22000 -0.9483 0.1877 0.2558 0.68480 0.91300
-0.50149 0.05627 0.21383 -0.8959 0.2463 -0.3697 0.68660 0.90480
-0.51425 0.00208 0.27178 -0.2852 -0.5892 0.7560 0.71180 0.95860
-0.50527 0.01259 0.26873 0.5518 0.0631 0.8316 0.70470 0.95820
-0.50597 0.02300 0.26598 0.3100 0.3230 0.8942 0.69940 0.95520
-0.50300 0.03034 0.26094 0.4251 0.2663 0.8651 0.69500 0.95190
-0.50098 0.04146 0.25543 0.3379 0.3226 0.8842 0.68810 0.94740
-0.49835 0.04899 0.25116 0.2955 0.3871 0.8734 0.68520 0.94550
-0.49662 0.05613 0.24713 0.0508 0.3356 0.9406 0.67980 0.94460
-0.51214 0.00897 0.25963 -0.5833 -0.4041 -0.7046 0.71200 0.94890
-0.51348 0.00206 0.26550 -0.5088 -0.7866 -0.3498 0.71450 0.95610
-0.51084 0.01580 0.25569 -0.5924 -0.3523 -0.7245 0.70880 0.94520
-0.50926 0.02396 0.25031 -0.5454 -0.3752 -0.7495 0.70530 0.94220
-0.50488 0.03692 0.24026 -0.4379 -0.3433 -0.8309 0.69640 0.93440
-0.49968 0.04195 0.23599 -0.2418 -0.4899 -0.8376 0.69280 0.93080
-0.49759 0.04966 0.23046 -0.4726 -0.5082 -0.7200 0.69120 0.92490
-0.50848 0.00955 0.25836 -0.0054 -0.5689 -0.8224 0.74050 0.90340
-0.51214 0.00897 0.25963 -0.5833 -0.4041 -0.7046 0.74020 0.90710
-0.51348 0.00206 0.26550 -0.5088 -0.7866 -0.3498 0.74780 0.90780
-0.51076 0.00308 0.26393 -0.0236 -0.8093 -0.5869 0.74450 0.90530
-0.50724 0.01552 0.25453 0.0439 -0.5336 -0.8446 0.73630 0.90220
-0.51084 0.01580 0.25569 -0.5924 -0.3523 -0.7245 0.73580 0.90450
-0.50471 0.02398 0.24884 0.2270 -0.5831 -0.7801 0.73040 0.89910
-0.50926 0.02396 0.25031 -0.5454 -0.3752 -0.7495 0.73140 0.90230
-0.49806 0.03567 0.24201 0.4918 -0.6320 -0.5990 0.72190 0.89370
-0.50488 0.03692 0.24026 -0.4379 -0.3433 -0.8309 0.72000 0.89730
-0.49428 0.04117 0.23924 0.6544 -0.6442 -0.3960 0.71710 0.89050
-0.49968 0.04195 0.23599 -0.2418 -0.4899 -0.8376 0.71520 0.89500
-0.49045 0.04733 0.23442 0.6406 -0.6904 -0.3362 0.71190 0.88800
-0.49759 0.04966 0.23046 -0.4726 -0.5082 -0.7200 0.70960 0.89140
-0.50521 0.00896 0.25956 0.7583 -0.5424 -0.3616 0.74160 0.90170
-0.50862 0.00235 0.26487 0.5567 -0.8267 -0.0812 0.74550 0.90360
-0.50313 0.01619 0.25598 0.8593 -0.4017 -0.3165 0.73770 0.89930
-0.49979 0.02485 0.25223 0.9189 -0.3859 -0.0821 0.73240 0.89560
-0.49552 0.03756 0.24744 0.9391 -0.2989 0.1696 0.72480 0.89010
-0.49273 0.04519 0.24497 0.8933 -0.2011 0.4020 0.72040 0.88640
-0.48936 0.05039 0.24126 0.8534 -0.3377 0.3971 0.71550 0.88320
-0.51425 0.00208 0.27178 -0.2852 -0.5892 0.7560 0.74990 0.90410
-0.50527 0.01259 0.26873 0.5518 0.0631 0.8316 0.74540 0.89810
-0.50597 0.02300 0.26598 0.3100 0.3230 0.8942 0.74030 0.89430
-0.50300 0.03034 0.26094 0.4251 0.2663 0.8651 0.73570 0.89060
-0.50098 0.04146 0.25543 0.3379 0.3226 0.8842 0.72890 0.88550
-0.49835 0.04899 0.25116 0.2955 0.3871 0.8734 0.72620 0.88300
-0.49662 0.05613 0.24713 0.0508 0.3356 0.9406 0.72120 0.87980
-0.50309 0.02107 0.22286 0.2021 -0.4297 -0.8801 0.71430 0.91330
-0.50327 0.01264 0.22798 0.2611 -0.8953 -0.3609 0.71860 0.91450
-0.50263 0.02692 0.22006 0.1035 -0.3797 -0.9193 0.71100 0.91150
-0.50317 0.03515 0.21668 -0.1024 -0.3152 -0.9435 0.70540 0.90850
-0.50292 0.04061 0.21470 -0.2198 -0.2763 -0.9356 0.70130 0.90650
-0.50170 0.04563 0.21310 -0.3086 -0.3186 -0.8962 0.69650 0.90360
-0.49870 0.05045 0.20970 -0.3374 -0.4238 -0.8406 0.69200 0.89970
-0.49997 0.01499 0.23357 0.4742 -0.5479 0.6892 0.72090 0.91250
-0.50563 0.01611 0.23620 -0.3986 -0.2955 0.8682 0.72220 0.91340
-0.50749 0.02247 0.23258 -0.7539 0.1635 0.6363 0.72240 0.91240
-0.50208 0.02256 0.23350 0.2862 0.2547 0.9237 0.72170 0.91100
-0.50208 0.02256 0.23350 0.2862 0.2547 0.9237 0.71340 0.92260
-0.50247 0.03172 0.23132 0.0492 0.3166 0.9473 0.70690 0.92210
-0.50061 0.03855 0.22863 0.0764 0.3462 0.9350 0.70160 0.92160
-0.49830 0.04674 0.22534 0.0667 0.3271 0.9426 0.69550 0.92130
-0.49775 0.05051 0.22394 -0.0828 0.2459 0.9657 0.69260 0.92150
-0.49590 0.05344 0.22341 -0.4175 -0.2673 0.8684 0.69180 0.92200
-0.49859 0.02296 0.22648 0.9202 -0.2661 -0.2871 0.71580 0.91010
-0.49943 0.01495 0.23070 0.8262 -0.5427 -0.1514 0.71870 0.91290
-0.49694 0.02905 0.22453 0.9425 -0.2464 -0.2257 0.71260 0.90760
-0.49546 0.03576 0.22230 0.9455 -0.2357 -0.2246 0.70850 0.90440
-0.49401 0.04099 0.22122 0.9473 -0.3018 -0.1075 0.70420 0.90140
-0.49184 0.04519 0.21981 0.8538 -0.5196 0.0319 0.70120 0.89790
-0.48998 0.04797 0.21851 0.5976 -0.7937 0.1133 0.69840 0.89510
-0.49904 0.02387 0.23097 0.8479 0.0639 0.5262 0.71800 0.90850
-0.49939 0.01656 0.23206 0.9029 -0.1619 0.3982 0.71920 0.91190
-0.49863 0.03084 0.22927 0.7765 0.0758 0.6256 0.71460 0.90510
-0.49714 0.03729 0.22657 0.7621 0.0658 0.6441 0.71080 0.90180
-0.49648 0.04417 0.22465 0.6595 0.0629 0.7491 0.70700 0.89760
-0.49466 0.04890 0.22310 0.5223 -0.0433 0.8517 0.70400 0.89440
-0.49339 0.05093 0.22302 0.2923 -0.4825 0.8257 0.70280 0.89210
-0.50208 0.02256 0.23350 0.2862 0.2547 0.9237 0.71980 0.90740
-0.50247 0.03172 0.23132 0.0492 0.3166 0.9473 0.71630 0.90380
-0.50061 0.03855 0.22863 0.0764 0.3462 0.9350 0.71250 0.90000
-0.49830 0.04674 0.22534 0.0667 0.3271 0.9426 0.70880 0.89510
-0.49775 0.05051 0.22394 -0.0828 0.2459 0.9657 0.70780 0.89240
-0.49590 0.05344 0.22341 -0.4175 -0.2673 0.8684 0.70740 0.89160
-0.42657 0.12153 0.23156 0.6375 0.7644 0.0958 0.60410 0.90840
-0.43495 0.12484 0.19280 0.9542 0.0401 0.2965 0.60730 0.88060
-0.42818 0.11550 0.21585 0.9548 0.1053 -0.2778 0.59910 0.89900
-0.43658 0.12233 0.23583 0.0325 0.9028 0.4288 0.61050 0.91150
-0.44393 0.11296 0.24711 -0.2019 0.7760 0.5976 0.61500 0.92170
-0.49883 0.06491 0.22813 -0.9668 0.2554 0.0049 0.67840 0.91710
-0.49507 0.05400 0.22628 -0.6964 -0.7070 -0.1231 0.69170 0.92230
-0.49465 0.06620 0.24238 -0.8821 0.3829 0.2742 0.66920 0.93490
-0.49358 0.06003 0.24591 -0.6281 -0.3499 0.6951 0.67670 0.94560
-0.48339 0.07676 0.25886 -0.7859 0.3768 0.4902 0.64840 0.94530
-0.47611 0.06612 0.26003 0.3451 -0.5067 0.7901 0.64910 0.95910
-0.47611 0.06612 0.26003 0.3451 -0.5067 0.7901 0.72290 0.85860
-0.47008 0.06650 0.25367 0.6949 -0.7054 0.1393 0.71700 0.85940
-0.49358 0.06003 0.24591 -0.6281 -0.3499 0.6951 0.71930 0.87720
-0.48503 0.05645 0.24128 0.5441 -0.8223 0.1667 0.71320 0.87660
-0.49507 0.05400 0.22628 -0.6964 -0.7070 -0.1231 0.70750 0.89120
-0.48961 0.05229 0.22377 0.4172 -0.8918 0.1751 0.70160 0.88660
-0.46316 0.08682 0.26842 0.6514 0.3805 0.6565 0.62430 0.94430
-0.47282 0.08731 0.27274 -0.3243 0.7735 0.5445 0.63250 0.94670
-0.45244 0.10270 0.25458 0.0816 0.4461 0.8912 0.61790 0.93450
-0.46164 0.10519 0.25229 -0.2830 0.7495 0.5984 0.62790 0.92810
-0.49908 0.06245 0.21405 -0.8968 0.3229 -0.3025 0.68090 0.90440
-0.47871 0.09845 0.24258 -0.6713 0.6597 0.3379 0.64270 0.92330
-0.48605 0.09268 0.23022 -0.8423 0.5121 0.1680 0.65240 0.91540
-0.49079 0.08589 0.21702 -0.9287 0.3657 -0.0611 0.66090 0.90550
-0.49135 0.07799 0.20616 -0.9094 0.1856 -0.3722 0.66800 0.89640
-0.49633 0.05440 0.20767 -0.4584 -0.3431 -0.8199 0.68830 0.89700
-0.46383 0.09778 0.17211 -0.1876 -0.4576 -0.8692 0.65390 0.87000
-0.48678 0.07048 0.19599 -0.5607 -0.2924 -0.7747 0.67320 0.88660
-0.46316 0.08682 0.26842 0.6514 0.3805 0.6565 0.71630 0.84170
-0.46240 0.08036 0.26628 0.9053 -0.2954 0.3053 0.71710 0.84580
-0.44274 0.09844 0.25180 0.0762 -0.6481 0.7578 0.69940 0.83760
-0.45244 0.10270 0.25458 0.0816 0.4461 0.8912 0.70450 0.83930
-0.43886 0.10922 0.25295 -0.2170 0.5454 0.8096 0.69930 0.83520
-0.43518 0.10444 0.25764 -0.4963 0.2848 0.8201 0.69960 0.83230
-0.43665 0.09436 0.23520 0.4672 -0.8792 -0.0929 0.68960 0.84180
-0.41952 0.10322 0.24110 0.8962 -0.3708 -0.2434 0.68470 0.83020
-0.42150 0.10936 0.23031 0.9516 -0.1341 -0.2767 0.68180 0.83590
-0.43289 0.10175 0.21435 0.7529 -0.5932 -0.2852 0.67470 0.84540
-0.43539 0.10916 0.19881 0.8953 -0.3484 -0.2777 0.59330 0.88750
-0.43679 0.11425 0.18254 0.8913 -0.4526 0.0277 0.60030 0.87330
-0.43289 0.10175 0.21435 0.7529 -0.5932 -0.2852 0.59050 0.89780
-0.44362 0.09838 0.18689 0.7348 -0.5945 -0.3266 0.58550 0.88030
-0.44867 0.10433 0.17025 0.4395 -0.7319 -0.5208 0.58440 0.86470
-0.46883 0.09353 0.26349 -0.2774 0.7311 0.6233 0.63180 0.93880
-0.45886 0.09414 0.26089 0.3696 0.4159 0.8309 0.62120 0.93920
-0.48310 0.08521 0.25546 -0.7803 0.5060 0.3676 0.64660 0.93750
-0.49159 0.07675 0.24011 -0.8938 0.3744 0.2469 0.66170 0.92750
-0.49472 0.07466 0.22317 -0.9293 0.3693 0.0104 0.66900 0.91200
-0.49493 0.06872 0.21131 -0.9137 0.2673 -0.3060 0.67520 0.90080
-0.49328 0.06064 0.20405 -0.6005 -0.2596 -0.7563 0.68210 0.89280
-0.45784 0.08508 0.26058 0.8377 -0.3403 0.4271 0.71190 0.84540
-0.45886 0.09414 0.26089 0.3696 0.4159 0.8309 0.71020 0.84130
-0.46536 0.07174 0.25006 0.7505 -0.6607 0.0159 0.71170 0.85730
-0.47620 0.06245 0.23533 0.6881 -0.7255 0.0092 0.70550 0.87240
-0.45887 0.08133 0.24060 0.6819 -0.7313 -0.0142 0.70140 0.85490
-0.46851 0.07451 0.22784 0.7643 -0.6439 -0.0346 0.69580 0.86630
-0.47811 0.05706 0.21928 0.7065 -0.6960 0.1280 0.69360 0.88190
-0.47001 0.06898 0.21061 0.8157 -0.5723 0.0844 0.68430 0.87550
-0.48828 0.04868 0.21520 0.3511 -0.9027 -0.2488 0.69430 0.89320
-0.48065 0.05403 0.20722 0.3942 -0.8271 -0.4007 0.68550 0.88690
-0.47033 0.06573 0.19562 0.4253 -0.7588 -0.4932 0.67510 0.88040
-0.45862 0.08208 0.18430 0.4330 -0.7295 -0.5294 0.66820 0.87500
-0.44889 0.08943 0.22537 0.5582 -0.8292 -0.0306 0.68820 0.85290
-0.44364 0.09537 0.20585 0.6752 -0.7275 -0.1224 0.67030 0.85400
-0.44364 0.09537 0.20585 0.6752 -0.7275 -0.1224 0.58780 0.88880
-0.45750 0.08287 0.20269 0.7259 -0.6873 0.0275 0.66910 0.86730
-0.46046 0.08398 0.21608 0.6806 -0.7318 0.0364 0.68550 0.86270
-0.45862 0.08208 0.18430 0.4330 -0.7295 -0.5294 0.57000 0.87740
-0.45750 0.08287 0.20269 0.7259 -0.6873 0.0275 0.57690 0.88170
-0.02741 0.69092 0.13008 -0.1505 0.9799 0.1309 0.84100 0.48630
-0.01891 0.69376 0.12895 -0.9327 0.2455 0.2641 0.83980 0.49120
-0.02351 0.69790 0.13077 -0.4199 -0.8997 0.1193 0.84000 0.48830
-0.03348 0.69941 0.13176 -0.0120 -0.9853 0.1706 0.84010 0.48370
-0.04279 0.69656 0.12870 0.5133 -0.4286 0.7435 0.84090 0.47800
-0.03909 0.69185 0.12806 0.2641 0.8463 0.4626 0.84120 0.47880
-0.03980 0.69832 0.12982 0.2146 -0.9388 0.2693 0.84030 0.48040
-0.03333 0.69074 0.12992 0.0422 0.9916 0.1219 0.84110 0.48290
-0.44867 0.10433 0.17025 0.4395 -0.7319 -0.5208 0.65050 0.86720
-0.46383 0.09778 0.17211 -0.1876 -0.4576 -0.8692 0.58050 0.86680
-0.02215 0.63061 0.13488 0.1571 0.9225 -0.3525 0.90950 0.50030
-0.02129 0.63021 0.13620 0.0720 0.9172 -0.3918 0.91140 0.50150
-0.00937 0.63269 0.14455 -0.0285 -0.9909 0.1313 0.90630 0.51180
-0.01620 0.63228 0.14033 0.0057 -0.9765 0.2154 0.90690 0.50530
-0.01660 0.63093 0.13724 0.0737 0.8993 -0.4310 0.91150 0.50610
-0.00928 0.63165 0.14198 0.1346 0.9376 -0.3205 0.91210 0.51110
-0.02228 0.63069 0.13649 0.1373 -0.9539 0.2668 0.90830 0.50110
-0.08194 0.65758 0.04093 -0.9400 -0.1417 0.3102 0.85400 0.36870
-0.08077 0.65452 0.05053 -0.9301 -0.0971 0.3543 0.85920 0.37300
-0.07819 0.65488 0.05479 -0.8548 -0.1498 0.4969 0.86120 0.37710
-0.03279 0.60805 0.00064 -0.6558 0.0687 -0.7518 0.45730 0.04500
-0.03733 0.57694 -0.00644 -0.5909 0.3928 -0.7047 0.47310 0.05670
-0.02101 0.57453 -0.01575 -0.1956 0.3367 -0.9211 0.47910 0.04700
-0.01893 0.60326 -0.00838 -0.3378 0.1148 -0.9342 0.46490 0.03470
-0.04645 0.55158 0.03821 -0.8176 0.2288 0.5283 0.43880 0.10050
-0.00000 0.62014 0.14477 0.0001 -0.7091 0.7051 0.92550 0.51690
-0.00002 0.61865 0.14274 -0.0002 -0.4726 0.8813 0.92940 0.51690
0.00005 0.78303 0.12411 0.0003 0.6765 0.7365 0.76280 0.51700
0.00000 0.75052 0.14286 0.0001 0.3637 0.9315 0.79770 0.51700
0.00000 0.62669 0.12997 0.0045 -0.4744 0.8803 0.84040 0.96290
-0.00000 0.63767 0.11987 -0.0029 0.8646 0.5024 0.84040 0.96280
-0.00000 0.62767 0.12419 0.0046 -0.9836 -0.1803 0.84040 0.95180
0.00012 0.60083 -0.01237 0.0012 0.1160 -0.9933 0.91820 0.18340
0.00005 0.63253 -0.01367 0.0006 -0.1708 -0.9853 0.86900 0.19020
0.00001 0.63301 0.14855 0.0003 0.8692 0.4945 0.91580 0.51670
0.00002 0.63173 0.14415 -0.0002 0.9629 -0.2697 0.91200 0.51680
0.00010 0.67748 0.16107 0.0059 0.5885 0.8085 0.86110 0.51700
0.00012 0.66932 0.16664 0.0079 0.2777 0.9606 0.86930 0.51600
0.00005 0.66349 0.16671 0.0022 -0.2988 0.9543 0.87410 0.51540
-0.00000 0.80595 0.00304 -0.0000 0.9004 -0.4351 0.64110 0.36170
0.00000 0.81280 0.05140 -0.0000 0.9999 -0.0156 0.66140 0.45820
0.00095 0.57208 -0.01838 0.0029 0.2953 -0.9554 0.48540 0.03860
0.00012 0.60083 -0.01237 0.0012 0.1160 -0.9933 0.47170 0.02760
0.00733 0.63762 0.11991 0.1781 0.8405 0.5117 0.82020 0.95610
0.01209 0.63713 0.11973 0.6565 0.5884 0.4721 0.81550 0.95190
0.00931 0.62753 0.12889 0.4579 -0.1822 0.8701 0.82460 0.95790
0.00524 0.62717 0.12982 0.0311 -0.3823 0.9235 0.83020 0.95840
0.00984 0.64240 0.07521 0.1346 0.9778 -0.1606 0.81070 0.91070
0.00910 0.63751 0.06164 0.0457 0.9531 -0.2993 0.82460 0.87880
0.01925 0.63651 0.06132 0.6220 0.7446 -0.2422 0.81740 0.88720
0.02051 0.63997 0.07736 0.6618 0.7485 -0.0419 0.80970 0.91250
0.01365 0.64245 0.09607 0.3305 0.9372 0.1110 0.82170 0.92980
0.01961 0.63311 0.10230 0.7581 0.6015 0.2519 0.80890 0.93210
0.02290 0.62762 0.06384 0.9619 -0.1364 0.2371 0.82030 0.89630
0.02219 0.63474 0.07672 0.9924 -0.0603 0.1071 0.81260 0.91300
0.02081 0.63478 0.10107 0.9625 -0.2410 0.1247 0.81830 0.93100
0.01418 0.62844 0.11897 0.7907 -0.5779 0.2021 0.82040 0.94690
0.00945 0.62664 0.12549 0.4966 -0.8469 0.1901 0.82680 0.95400
0.01897 0.62058 0.06720 0.5447 -0.5979 0.5881 0.82880 0.89960
0.01561 0.62875 0.07579 0.5061 -0.7599 0.4079 0.81870 0.91360
0.01291 0.62929 0.09852 0.2749 -0.9609 0.0326 0.82380 0.93000
0.00930 0.62895 0.11486 0.0828 -0.9905 -0.1102 0.82650 0.94730
0.00571 0.62727 0.12478 -0.0392 -0.9917 -0.1226 0.83220 0.95090
0.00002 0.61697 0.07113 -0.0017 -0.7171 0.6970 0.84040 0.90160
0.00027 0.62680 0.08242 0.0024 -0.9386 0.3449 0.84040 0.92000
0.02238 0.70021 0.13489 0.2989 -0.6732 0.6763 0.83190 0.54320
0.03351 0.70276 0.13507 0.1943 -0.5880 0.7852 0.82870 0.55370
0.03352 0.69966 0.13284 0.0852 -0.7967 0.5983 0.83430 0.55330
0.02335 0.69791 0.13172 0.3588 -0.8226 0.4412 0.83530 0.54550
0.01518 0.69337 0.13260 0.4403 -0.1577 0.8839 0.83970 0.53840
0.01852 0.69359 0.13056 0.5849 0.0329 0.8104 0.83940 0.54210
0.02360 0.68864 0.13297 0.1375 0.2426 0.9603 0.84510 0.54570
0.02722 0.69051 0.13277 0.0761 0.6803 0.7290 0.84320 0.54900
0.04148 0.68879 0.12943 0.5235 -0.2212 0.8228 0.84490 0.56220
0.04065 0.69130 0.13053 0.2492 0.2552 0.9342 0.84270 0.55860
0.04476 0.69627 0.12872 0.4843 -0.1588 0.8604 0.83780 0.56200
0.04938 0.69659 0.12438 0.6021 -0.2911 0.7435 0.83550 0.57150
0.04194 0.70185 0.13178 0.4536 -0.3791 0.8066 0.83030 0.56090
0.04061 0.69884 0.13301 0.1982 -0.5975 0.7770 0.83510 0.55690
0.03247 0.68758 0.13321 0.1941 -0.1216 0.9734 0.84630 0.55380
0.03386 0.69059 0.13325 0.1606 0.5637 0.8102 0.84360 0.55440
0.08768 0.68569 0.03651 0.8706 -0.0171 0.4917 0.83720 0.66770
0.08806 0.67597 0.03717 0.8459 -0.0916 0.5255 0.84200 0.66910
0.07673 0.67420 0.04134 0.8552 -0.0705 0.5136 0.84510 0.66350
0.08425 0.68563 0.04315 0.8813 -0.1120 0.4591 0.83760 0.66390
0.08621 0.66603 0.03930 0.8689 -0.0302 0.4940 0.84790 0.66900
0.07837 0.66528 0.04568 0.9080 0.1496 0.3914 0.85210 0.66520
0.07756 0.66287 0.05405 0.9552 0.0214 0.2952 0.85530 0.66080
0.07533 0.66402 0.06188 0.9019 -0.1718 0.3962 0.85620 0.65190
0.07712 0.68071 0.06090 0.9503 -0.0768 0.3016 0.84220 0.64950
0.07826 0.67312 0.05428 0.9815 -0.1167 0.1521 0.84850 0.65720
0.07999 0.68180 0.05119 0.9606 -0.1917 0.2013 0.83950 0.65800
0.07946 0.69075 0.05613 0.9312 0.1326 0.3396 0.83250 0.65410
0.08308 0.69865 0.04192 0.6421 0.7583 -0.1125 0.83310 0.66430
0.09008 0.69045 0.03095 0.6833 0.4914 -0.5400 0.83420 0.67130
0.08992 0.67685 0.02863 0.6732 -0.2598 -0.6923 0.84030 0.67330
0.08657 0.66685 0.03193 0.4711 -0.6290 -0.6184 0.84630 0.67340
0.02380 0.63088 0.13812 0.3609 -0.3034 0.8819 0.91050 0.53960
0.02316 0.63256 0.13986 0.4364 -0.4822 0.7597 0.90590 0.53710
0.02754 0.63351 0.13810 0.4991 -0.1741 0.8488 0.89890 0.54330
0.02732 0.63078 0.13729 0.4121 -0.2576 0.8740 0.90880 0.54440
0.02389 0.62700 0.13749 0.4821 -0.2013 0.8527 0.91670 0.54100
0.02145 0.62861 0.13945 0.5735 -0.0179 0.8190 0.91510 0.53730
0.01600 0.64041 0.14787 0.6078 0.0787 0.7902 0.89730 0.53450
0.01608 0.63647 0.14850 0.5049 -0.3714 0.7792 0.90150 0.53270
0.00779 0.63729 0.15346 0.3633 -0.3850 0.8484 0.90040 0.52440
0.00607 0.64175 0.15435 0.3199 0.1922 0.9277 0.89450 0.52350
0.01678 0.62293 0.14203 0.5074 -0.4117 0.7570 0.92180 0.53260
0.01750 0.62769 0.14372 0.5833 0.0209 0.8120 0.91870 0.53150
0.00874 0.62024 0.14437 0.2433 -0.6422 0.7269 0.92450 0.52430
0.01010 0.62715 0.14902 0.3646 -0.0564 0.9295 0.92000 0.52400
0.00915 0.63362 0.14852 0.1626 -0.8882 0.4297 0.90440 0.52370
0.01641 0.63277 0.14464 0.2123 -0.8684 0.4482 0.90560 0.53070
0.02202 0.63208 0.13982 0.1755 -0.8484 0.4994 0.90770 0.53550
0.02263 0.63119 0.13845 0.2263 -0.4151 0.8812 0.91020 0.53680
0.02109 0.63219 0.13948 0.3750 0.8794 0.2932 0.91340 0.53530
0.01664 0.63279 0.14110 0.2464 0.9451 0.2147 0.91500 0.53030
0.00910 0.63263 0.14567 0.1785 0.9083 0.3783 0.91570 0.52420
0.03323 0.62904 0.13388 0.6177 -0.2685 0.7392 0.90910 0.55570
0.02544 0.62397 0.13629 0.5448 -0.2639 0.7960 0.91990 0.54530
0.01729 0.62052 0.14044 0.4783 -0.3130 0.8205 0.92620 0.53480
0.00793 0.61846 0.14237 0.1991 -0.4354 0.8779 0.92880 0.52520
0.05404 0.69690 0.11996 0.7611 -0.0555 0.6463 0.83490 0.57960
0.04405 0.68375 0.12666 0.5493 0.0023 0.8356 0.85030 0.57000
0.01094 0.69313 0.13654 0.6929 -0.0692 0.7177 0.84050 0.53340
0.01935 0.70633 0.14210 0.3199 -0.5041 0.8022 0.82670 0.53960
0.00723 0.70203 0.14538 0.4767 -0.1381 0.8681 0.83230 0.52750
0.01462 0.71632 0.14876 0.2439 -0.0568 0.9681 0.81900 0.53480
0.03483 0.70954 0.14112 0.3499 -0.3840 0.8545 0.82330 0.55550
0.03500 0.71885 0.14191 0.4663 0.0651 0.8823 0.81660 0.55620
0.04616 0.70803 0.13446 0.5966 -0.2708 0.7555 0.82530 0.56540
0.05035 0.71579 0.13037 0.7739 0.0661 0.6299 0.81960 0.57140
0.05813 0.70529 0.11495 0.8783 0.0392 0.4765 0.82860 0.58560
0.03055 0.68183 0.13217 0.3024 0.0704 0.9506 0.85260 0.55380
0.02033 0.68440 0.13355 0.3941 0.2561 0.8827 0.84970 0.54240
0.01056 0.66156 0.15789 0.7279 -0.4392 0.5265 0.87410 0.52630
0.00884 0.66000 0.15572 0.4941 -0.7636 0.4156 0.87700 0.52590
0.00473 0.65836 0.16036 0.4885 -0.6982 0.5234 0.87780 0.52230
0.00661 0.66201 0.16243 0.6081 -0.3773 0.6985 0.87440 0.52310
0.01431 0.65839 0.14860 0.7761 -0.4241 0.4667 0.87510 0.53150
0.01089 0.65679 0.14818 0.5739 -0.5576 0.5998 0.87850 0.52960
0.01576 0.65546 0.14316 0.6025 -0.0243 0.7977 0.87790 0.53480
0.01085 0.65214 0.14687 0.6354 -0.0035 0.7722 0.88120 0.53100
0.00471 0.65585 0.15496 0.5814 -0.5793 0.5713 0.88020 0.52340
0.00506 0.65034 0.15249 0.5165 -0.0957 0.8509 0.88310 0.52420
0.01282 0.66513 0.15459 0.9044 0.1264 0.4076 0.87030 0.52970
0.00715 0.66780 0.16328 0.6740 0.2003 0.7110 0.86910 0.52500
0.00669 0.67473 0.15816 0.6916 0.4439 0.5697 0.86280 0.52670
0.01196 0.66979 0.15058 0.8660 0.3075 0.3945 0.86580 0.53220
0.01530 0.66227 0.14799 0.9582 0.0544 0.2809 0.87190 0.53310
0.01486 0.59281 0.13092 0.3907 -0.7718 0.5017 0.95250 0.53870
0.02094 0.59460 0.12712 0.5663 -0.6984 0.4377 0.95150 0.54740
0.02795 0.59715 0.11934 0.6156 -0.7415 0.2668 0.95050 0.56030
0.02005 0.59232 0.11695 0.3441 -0.9342 0.0939 0.96070 0.54920
0.00862 0.59154 0.13225 0.2081 -0.8439 0.4944 0.95450 0.52960
0.00929 0.59040 0.11554 0.1347 -0.9890 0.0605 0.96790 0.53160
0.02378 0.60285 0.13010 0.6206 -0.3850 0.6831 0.94090 0.55130
0.03191 0.60480 0.12188 0.6990 -0.5118 0.4994 0.94020 0.56500
0.01541 0.60399 0.13724 0.4509 -0.3394 0.8255 0.93910 0.53930
0.00736 0.60403 0.14121 0.2153 -0.3206 0.9224 0.94110 0.52750
0.03300 0.63894 0.13551 0.5648 -0.1033 0.8188 0.89490 0.55630
0.02231 0.64503 0.14158 0.5316 0.0916 0.8420 0.88650 0.54110
0.02769 0.65077 0.13841 0.4512 0.0318 0.8919 0.88220 0.55000
0.06710 0.65150 0.08266 0.9509 -0.2349 0.2015 0.87710 0.63230
0.07346 0.67027 0.06861 0.9547 -0.1363 0.2646 0.85340 0.64450
0.06868 0.64703 0.06470 0.8961 -0.4266 0.1223 0.87600 0.65430
0.06538 0.63752 0.07134 0.9152 -0.4028 0.0134 0.89420 0.64770
0.04411 0.64789 0.12879 0.6490 -0.1461 0.7467 0.88690 0.57280
0.04868 0.62898 0.11705 0.7926 -0.3244 0.5163 0.90820 0.58580
0.03653 0.66516 0.13385 0.4583 0.0993 0.8832 0.87020 0.56190
0.05787 0.63699 0.10199 0.8939 -0.3062 0.3275 0.89970 0.60620
0.05890 0.62405 0.07983 0.8631 -0.5034 0.0403 0.91710 0.63130
0.04697 0.60952 0.10215 0.7817 -0.5746 0.2424 0.93440 0.59650
0.05728 0.65283 0.11629 0.8299 -0.2052 0.5187 0.88010 0.59330
0.05201 0.66609 0.12552 0.6601 -0.0151 0.7510 0.86730 0.58180
0.06757 0.66319 0.09551 0.9475 -0.1458 0.2847 0.86690 0.61610
0.06481 0.67910 0.10943 0.8735 0.0106 0.4867 0.85170 0.59980
0.01595 0.66374 0.14349 0.7537 0.1380 0.6426 0.87040 0.53680
0.01360 0.64490 0.14821 0.5694 0.2465 0.7842 0.88690 0.53370
0.00646 0.64484 0.15295 0.3859 0.2614 0.8847 0.88730 0.52460
0.06542 0.64411 0.05020 0.7307 -0.6409 -0.2351 0.88490 0.67950
0.05779 0.63093 0.05532 0.8829 -0.4436 -0.1537 0.92190 0.67410
0.07142 0.68206 0.08264 0.9702 -0.0411 0.2387 0.84560 0.62810
0.06577 0.69548 0.10099 0.9284 0.0511 0.3680 0.83490 0.60520
0.01182 0.68129 0.14328 0.8095 0.2688 0.5220 0.85340 0.53430
0.00635 0.68666 0.14984 0.7299 0.3065 0.6110 0.84850 0.52710
0.01782 0.67613 0.13887 0.5915 0.2609 0.7629 0.85870 0.54150
0.07415 0.69995 0.07250 0.9620 0.0124 0.2729 0.82530 0.63580
0.07571 0.68519 0.06663 0.9574 -0.0404 0.2859 0.83940 0.64320
0.06983 0.71795 0.08605 0.9469 0.0572 0.3164 0.81140 0.61720
0.01803 0.74781 0.14088 0.2515 0.3390 0.9066 0.79830 0.53710
0.03747 0.74641 0.13184 0.5410 0.3106 0.7816 0.79740 0.55820
0.05187 0.74014 0.11926 0.7941 0.2095 0.5705 0.80040 0.57650
0.06344 0.73113 0.10101 0.9105 0.1138 0.3976 0.80380 0.59820
0.03124 0.56540 0.05982 0.6994 -0.1688 0.6945 0.35570 0.08450
0.01443 0.56011 0.06958 0.3964 -0.2736 0.8764 0.37290 0.08800
0.01084 0.57952 0.07944 0.3331 -0.6007 0.7268 0.37430 0.06520
0.02754 0.58477 0.07173 0.6629 -0.5239 0.5349 0.36400 0.06460
0.04086 0.57499 0.04722 0.9103 -0.0820 0.4056 0.34080 0.07880
0.03950 0.59635 0.05970 0.8757 -0.3929 0.2808 0.35260 0.06490
0.04513 0.58953 0.03330 0.9946 -0.0498 0.0916 0.32400 0.06940
0.04810 0.60795 0.04375 0.9533 -0.3019 0.0043 0.33800 0.06270
0.03638 0.59929 0.08480 0.7098 -0.6929 0.1265 0.96100 0.60880
0.02356 0.59196 0.09154 0.4484 -0.8663 0.2202 0.97550 0.58200
0.00960 0.58928 0.09241 0.1947 -0.9289 0.3150 0.98950 0.54710
0.02356 0.59196 0.09154 0.4484 -0.8663 0.2202 0.36900 0.05220
0.00960 0.58928 0.09241 0.1947 -0.9289 0.3150 0.37610 0.05050
0.03638 0.59929 0.08480 0.7098 -0.6929 0.1265 0.36000 0.05350
0.05149 0.61848 0.06623 0.8436 -0.5354 -0.0406 0.93550 0.65200
0.05149 0.61848 0.06623 0.8436 -0.5354 -0.0406 0.34790 0.04980
0.05627 0.64887 0.02131 0.8047 -0.4357 -0.4033 0.91210 0.69090
0.04352 0.64265 0.00561 0.7614 -0.3135 -0.5674 0.89540 0.75730
0.04321 0.61424 0.01352 0.8977 -0.0867 -0.4320 0.94680 0.75000
0.05237 0.62482 0.03360 0.9231 -0.3005 -0.2400 0.96160 0.71920
0.05779 0.63093 0.05532 0.8829 -0.4436 -0.1537 0.33510 0.04300
0.05237 0.62482 0.03360 0.9231 -0.3005 -0.2400 0.32540 0.05830
0.04411 0.79302 0.08715 0.5908 0.7407 0.3200 0.74480 0.58720
0.04140 0.77609 0.11460 0.5764 0.5380 0.6151 0.76600 0.57090
0.02154 0.77864 0.12326 0.2826 0.6167 0.7347 0.76670 0.54560
0.02175 0.80353 0.09031 0.2760 0.8886 0.3663 0.73080 0.56000
0.04258 0.80046 0.05093 0.5490 0.8355 -0.0251 0.71630 0.61740
0.02130 0.80937 0.05282 0.2931 0.9560 -0.0104 0.69010 0.59870
0.03979 0.79136 0.00612 0.4892 0.7800 -0.3902 0.69910 0.67590
0.01903 0.79941 0.00665 0.3022 0.8645 -0.4015 0.66840 0.67260
0.05957 0.77949 0.07298 0.8305 0.5277 0.1787 0.75290 0.61190
0.05730 0.76495 0.10038 0.8303 0.3501 0.4336 0.77260 0.59340
0.05854 0.78364 0.04028 0.7866 0.6127 -0.0764 0.73410 0.64060
0.05258 0.78101 0.00973 0.7203 0.6208 -0.3096 0.72100 0.67580
0.04315 0.77119 -0.01616 0.5382 0.5497 -0.6388 0.71470 0.71160
0.05753 0.76684 0.00034 0.7936 0.4453 -0.4147 0.73250 0.69240
0.02312 0.77511 -0.02321 0.2892 0.6155 -0.7332 0.68940 0.72950
0.07793 0.69866 0.04331 0.9138 0.3959 -0.0906 0.82050 0.66830
0.07888 0.68666 0.03191 0.5941 0.1875 -0.7822 0.82850 0.68310
0.07879 0.69513 0.05736 0.9476 0.1845 0.2609 0.82970 0.65100
0.07698 0.67362 0.03173 0.4718 -0.5098 -0.7194 0.83960 0.68690
0.07755 0.66984 0.04347 0.0872 -0.4427 -0.8924 0.85200 0.68740
0.07148 0.65474 0.04105 0.4934 -0.6153 -0.6148 0.86450 0.68450
0.08408 0.65854 0.03865 0.6155 -0.4861 -0.6204 0.85370 0.67310
0.07743 0.64845 0.05133 0.6567 -0.7537 0.0277 0.86820 0.66710
0.07069 0.64891 0.06035 0.7198 -0.5812 0.3795 0.87140 0.65870
0.07876 0.71551 0.03857 0.9959 0.0776 -0.0467 0.79700 0.67130
0.07751 0.71150 0.05813 0.9879 0.0504 0.1464 0.80880 0.64790
0.07040 0.76015 0.05457 0.9443 0.3223 0.0657 0.76280 0.63710
0.06744 0.75429 0.08108 0.9342 0.2347 0.2686 0.77730 0.61260
0.07568 0.73736 0.04427 0.9852 0.1716 -0.0013 0.78090 0.65780
0.07450 0.73166 0.06733 0.9736 0.1188 0.1951 0.79430 0.63320
0.07468 0.70675 0.01045 0.9562 -0.0006 -0.2926 0.80000 0.70790
0.06756 0.76544 0.02608 0.9042 0.3930 -0.1672 0.74730 0.66390
0.02544 0.75356 -0.03486 0.3141 0.3662 -0.8759 0.71440 0.75530
0.04527 0.75042 -0.02609 0.5860 0.3137 -0.7472 0.73420 0.73370
0.07285 0.74152 0.01920 0.9542 0.2024 -0.2202 0.76970 0.68330
0.06274 0.66743 0.00890 0.7549 -0.5049 -0.4186 0.84880 0.73230
0.05977 0.66048 0.01445 0.7577 -0.4956 -0.4245 0.87150 0.72970
0.05237 0.62482 0.03360 0.9231 -0.3005 -0.2400 0.91600 0.68370
0.06982 0.68382 0.00588 0.8651 -0.2896 -0.4095 0.82260 0.72460
0.05230 0.66928 -0.00992 0.6447 -0.5147 -0.5652 0.83740 0.75760
0.04661 0.65788 -0.00163 0.6436 -0.5335 -0.5488 0.86970 0.76130
0.06334 0.71389 -0.01675 0.8187 0.0126 -0.5741 0.78330 0.73390
0.05861 0.69023 -0.01655 0.7450 -0.2583 -0.6151 0.80640 0.74820
0.06197 0.74520 -0.00846 0.8364 0.2471 -0.4894 0.75330 0.71150
0.03948 0.67332 -0.02422 0.4568 -0.4903 -0.7422 0.82070 0.78160
0.03473 0.65504 -0.01000 0.4709 -0.5060 -0.7226 0.86660 0.78750
0.03375 0.63610 -0.00163 0.5992 -0.2231 -0.7689 0.88820 0.78150
0.04463 0.72130 -0.03377 0.5680 0.0602 -0.8209 0.76330 0.75710
0.04224 0.69679 -0.03242 0.5208 -0.2189 -0.8251 0.79070 0.77150
0.02522 0.67607 -0.03250 0.2718 -0.4607 -0.8449 0.81190 0.80210
0.02197 0.65512 -0.01496 0.2873 -0.4885 -0.8239 0.86100 0.81190
0.02014 0.63410 -0.00844 0.3630 -0.1850 -0.9132 0.87920 0.81060
0.02666 0.72502 -0.04205 0.3171 0.0853 -0.9446 0.74800 0.77890
0.02627 0.70207 -0.04057 0.2997 -0.1698 -0.9388 0.77770 0.79230
0.04321 0.61424 0.01352 0.8977 -0.0867 -0.4320 0.31620 0.05430
0.03279 0.60805 0.00064 0.6558 0.0686 -0.7518 0.93450 0.78610
0.01893 0.60325 -0.00838 0.3397 0.1158 -0.9334 0.92370 0.81990
0.04755 0.56647 0.02242 0.9436 0.2647 0.1991 0.30660 0.08450
0.04731 0.57118 0.00940 0.9080 0.3774 -0.1822 0.29550 0.06690
0.47178 0.10582 0.17743 0.7964 0.0535 -0.6025 0.47370 0.87850
0.47555 0.11508 0.18966 0.8928 0.4059 -0.1956 0.48040 0.88670
0.46905 0.12409 0.18013 0.8829 0.2564 -0.3934 0.48660 0.87760
0.46148 0.11239 0.16478 0.4023 -0.4866 -0.7755 0.47740 0.86800
0.47190 0.12085 0.20081 0.7653 0.6318 0.1233 0.48650 0.89260
0.46398 0.13075 0.19001 0.7560 0.6503 0.0753 0.49360 0.88160
0.46130 0.12593 0.21341 0.4637 0.8300 0.3099 0.49540 0.89870
0.45574 0.13422 0.19903 0.3337 0.8518 0.4039 0.50150 0.88520
0.44514 0.12798 0.22143 0.0752 0.9378 0.3390 0.50760 0.90150
0.43812 0.13054 0.20096 -0.5075 0.7397 0.4419 0.51170 0.88500
0.41351 0.09252 0.27466 -0.8394 0.4992 0.2148 0.53550 0.93720
0.42231 0.09431 0.27913 0.1911 0.6758 0.7119 0.53160 0.93970
0.42053 0.09055 0.28465 0.1949 0.6153 0.7638 0.53410 0.94310
0.41200 0.08695 0.28082 -0.8466 0.4853 0.2185 0.53780 0.94160
0.41085 0.08343 0.28634 -0.8236 -0.0873 0.5603 0.53930 0.94490
0.41634 0.08205 0.28951 -0.1119 -0.2721 0.9557 0.53720 0.94600
0.41477 0.09774 0.27020 -0.7983 0.5539 0.2365 0.53330 0.93380
0.42390 0.09861 0.27389 0.1657 0.7150 0.6792 0.52910 0.93660
0.41677 0.10283 0.26260 -0.8109 0.5674 0.1428 0.53080 0.92920
0.42393 0.10478 0.26599 0.0260 0.8385 0.5443 0.52650 0.93150
0.41869 0.10578 0.25588 -0.8114 0.5704 0.1276 0.52880 0.92490
0.42743 0.10894 0.25782 -0.0025 0.8383 0.5452 0.52260 0.92660
0.42077 0.11263 0.24337 -0.7893 0.5963 0.1465 0.52550 0.91640
0.43126 0.11422 0.24983 -0.0545 0.8351 0.5474 0.51850 0.92090
0.43518 0.10444 0.25764 0.4963 0.2848 0.8201 0.51490 0.93440
0.43886 0.10922 0.25295 0.2170 0.5454 0.8096 0.51220 0.93370
0.43378 0.09970 0.26310 0.8198 0.1248 0.5588 0.51850 0.93640
0.42941 0.09416 0.27232 0.8633 0.1626 0.4777 0.52350 0.94090
0.42833 0.08928 0.27481 0.9359 -0.1643 0.3117 0.52560 0.94290
0.42552 0.08419 0.28079 0.8696 -0.3581 0.3399 0.52950 0.94550
0.42095 0.08101 0.28563 0.5412 -0.6500 0.5334 0.53310 0.94680
0.42150 0.10936 0.23031 -0.9516 -0.1341 -0.2766 0.53310 0.90960
0.41952 0.10322 0.24110 -0.8962 -0.3708 -0.2434 0.53230 0.91580
0.41830 0.09797 0.25376 -0.8610 -0.3734 -0.3453 0.53380 0.92410
0.41598 0.09217 0.26274 -0.8087 -0.3782 -0.4504 0.53720 0.93000
0.41316 0.08791 0.26979 -0.8375 -0.3387 -0.4288 0.53990 0.93400
0.41269 0.08354 0.27553 -0.7891 -0.4630 -0.4035 0.54160 0.93770
0.41083 0.08090 0.28209 -0.7691 -0.6370 -0.0518 0.54190 0.94220
0.42751 0.09460 0.24854 -0.2066 -0.9357 -0.2861 0.43120 0.82990
0.41830 0.09797 0.25376 -0.8610 -0.3734 -0.3453 0.43570 0.82220
0.41598 0.09217 0.26274 -0.8087 -0.3782 -0.4504 0.43170 0.81630
0.42336 0.09116 0.25869 -0.1510 -0.8805 -0.4493 0.42790 0.82270
0.41316 0.08791 0.26979 -0.8375 -0.3387 -0.4288 0.42850 0.81230
0.42144 0.08634 0.26658 0.0275 -0.8733 -0.4864 0.42490 0.81740
0.41269 0.08354 0.27553 -0.7891 -0.4630 -0.4035 0.42590 0.80860
0.41778 0.08157 0.27515 0.0228 -0.9085 -0.4174 0.42210 0.81210
0.41083 0.08090 0.28209 -0.7691 -0.6370 -0.0518 0.42250 0.80470
0.41579 0.07957 0.28044 -0.0561 -0.9939 -0.0954 0.42020 0.80920
0.43326 0.09380 0.25343 0.4686 -0.8777 0.1005 0.42450 0.83150
0.42941 0.09028 0.26526 0.7002 -0.7082 -0.0911 0.42260 0.82290
0.42750 0.08801 0.27006 0.7024 -0.6928 -0.1635 0.42050 0.81980
0.42333 0.08308 0.27887 0.5163 -0.8394 -0.1698 0.41790 0.81410
0.41809 0.08006 0.28311 0.1392 -0.9803 0.1402 0.41790 0.80980
0.42095 0.08101 0.28563 0.5412 -0.6500 0.5334 0.41410 0.81070
0.42552 0.08419 0.28079 0.8696 -0.3581 0.3399 0.41580 0.81470
0.42833 0.08928 0.27481 0.9359 -0.1643 0.3117 0.41820 0.81920
0.42941 0.09416 0.27232 0.8633 0.1626 0.4777 0.41990 0.82200
0.43378 0.09970 0.26310 0.8198 0.1248 0.5588 0.42310 0.82830
0.47759 0.04735 0.31582 0.4444 0.3439 0.8272 0.50150 0.97980
0.47889 0.04081 0.30919 0.8518 -0.5075 -0.1301 0.49810 0.98120
0.47640 0.03695 0.31395 0.7698 -0.6368 0.0440 0.49980 0.98460
0.47256 0.03776 0.31619 0.4292 0.4192 0.8000 0.50210 0.98370
0.47531 0.05915 0.30712 0.1953 0.6388 0.7442 0.49880 0.97230
0.48099 0.05169 0.30093 0.9699 -0.2190 -0.1065 0.49520 0.97380
0.47648 0.06656 0.29950 0.2409 0.6727 0.6996 0.49700 0.96630
0.48171 0.05963 0.29364 0.9884 -0.1517 0.0017 0.49330 0.96780
0.47742 0.07340 0.29216 0.3266 0.7378 0.5908 0.49490 0.96120
0.48275 0.06527 0.28579 0.9901 -0.0946 -0.1037 0.49050 0.96300
0.47428 0.07913 0.28377 0.2024 0.7883 0.5811 0.49390 0.95560
0.48143 0.07204 0.27725 0.9938 0.0130 -0.1107 0.48770 0.95770
0.47307 0.08409 0.27661 0.2432 0.7951 0.5556 0.49260 0.95000
0.48112 0.07733 0.27105 0.9763 0.1563 0.1496 0.48540 0.95200
0.47174 0.03707 0.31881 -0.6278 -0.3403 0.7001 0.50340 0.98600
0.46884 0.04418 0.31347 -0.8817 0.0522 0.4689 0.50560 0.97970
0.46892 0.05345 0.30571 -0.8819 0.2912 0.3707 0.50500 0.97220
0.46905 0.06184 0.29752 -0.8723 0.3586 0.3323 0.50300 0.96590
0.46886 0.07139 0.28762 -0.8334 0.3646 0.4154 0.50000 0.95850
0.46789 0.07644 0.28160 -0.7995 0.3567 0.4833 0.49930 0.95400
0.46657 0.08158 0.27609 -0.7224 0.4087 0.5578 0.49930 0.94980
0.47129 0.03819 0.31702 -0.7609 -0.6100 -0.2209 0.36900 0.83980
0.47092 0.04195 0.31039 -0.7927 -0.4984 -0.3511 0.37200 0.84010
0.46884 0.04418 0.31347 -0.8817 0.0522 0.4689 0.37210 0.83660
0.47174 0.03707 0.31881 -0.6278 -0.3403 0.7001 0.36650 0.83880
0.46891 0.04943 0.30453 -0.8664 -0.3874 -0.3151 0.37730 0.84080
0.46892 0.05345 0.30571 -0.8819 0.2912 0.3707 0.37960 0.83750
0.46885 0.05587 0.29576 -0.8861 -0.3778 -0.2685 0.38340 0.84270
0.46905 0.06184 0.29752 -0.8723 0.3586 0.3323 0.38630 0.83800
0.46877 0.06519 0.28385 -0.9036 -0.3938 -0.1688 0.39210 0.84510
0.46886 0.07139 0.28762 -0.8334 0.3646 0.4154 0.39430 0.83850
0.46677 0.07030 0.27630 -0.9164 -0.3998 0.0166 0.39770 0.84630
0.46789 0.07644 0.28160 -0.7995 0.3567 0.4833 0.39860 0.83980
0.46432 0.07602 0.26982 -0.9269 -0.3464 0.1448 0.40360 0.84690
0.46657 0.08158 0.27609 -0.7224 0.4087 0.5578 0.40250 0.84100
0.47471 0.03635 0.31401 -0.1512 -0.8833 -0.4438 0.36790 0.84200
0.47377 0.03822 0.31042 -0.2470 -0.8112 -0.5300 0.37110 0.84330
0.47453 0.04787 0.30074 -0.3174 -0.7227 -0.6140 0.37720 0.84660
0.47479 0.05481 0.29053 -0.3708 -0.7521 -0.5448 0.38400 0.84910
0.47310 0.06272 0.28091 -0.4035 -0.7706 -0.4933 0.39160 0.85000
0.47136 0.06699 0.27457 -0.4291 -0.8333 -0.3485 0.39590 0.85100
0.46778 0.07155 0.26220 -0.6939 -0.7187 0.0439 0.40420 0.85370
0.47502 0.06955 0.26701 0.3693 -0.9275 -0.0576 0.47880 0.95830
0.47589 0.06690 0.27340 0.3878 -0.7867 -0.4804 0.48170 0.96050
0.47607 0.06236 0.28037 0.2972 -0.7691 -0.5658 0.48380 0.96500
0.47643 0.05491 0.29005 0.2916 -0.7697 -0.5679 0.48680 0.97120
0.47576 0.04855 0.29928 0.2159 -0.7598 -0.6132 0.48960 0.97670
0.47578 0.04006 0.30916 0.1945 -0.7560 -0.6250 0.49450 0.98360
0.47553 0.03532 0.31639 0.5672 -0.6735 0.4740 0.50010 0.98680
0.47578 0.04006 0.30916 0.1945 -0.7560 -0.6250 0.36990 0.84560
0.47553 0.03532 0.31639 0.5672 -0.6735 0.4740 0.36590 0.84200
0.47576 0.04855 0.29928 0.2159 -0.7598 -0.6132 0.37840 0.84800
0.47643 0.05491 0.29005 0.2916 -0.7697 -0.5679 0.38430 0.85020
0.47607 0.06236 0.28037 0.2972 -0.7691 -0.5658 0.39090 0.85260
0.47589 0.06690 0.27340 0.3878 -0.7867 -0.4804 0.39560 0.85460
0.47502 0.06955 0.26701 0.3693 -0.9275 -0.0576 0.39920 0.85590
0.49404 0.05933 0.26891 0.4075 0.6356 0.6557 0.46090 0.95810
0.48942 0.06930 0.26172 0.3529 0.7217 0.5955 0.46750 0.94990
0.49595 0.06716 0.25725 0.8970 0.4383 0.0582 0.46130 0.94640
0.49871 0.05654 0.26337 0.9767 0.2012 -0.0752 0.45720 0.95580
0.50072 0.04716 0.27177 0.9927 0.1140 -0.0386 0.45440 0.96330
0.49647 0.05079 0.27664 0.4430 0.6054 0.6612 0.45720 0.96450
0.49822 0.03784 0.28629 0.4788 0.5418 0.6908 0.45290 0.97340
0.50150 0.03315 0.28138 0.9922 0.0171 -0.1232 0.44980 0.97270
0.50210 0.02418 0.28689 0.9718 -0.0612 -0.2278 0.44710 0.97830
0.50097 0.02818 0.29250 0.6118 0.4725 0.6344 0.45020 0.97970
0.50170 0.02028 0.29696 0.6472 0.3584 0.6728 0.44770 0.98460
0.50255 0.01726 0.29125 0.9469 -0.1788 -0.2671 0.44510 0.98290
0.50184 0.01547 0.30026 0.5588 0.0883 0.8246 0.44640 0.98800
0.50255 0.01176 0.29585 0.9050 -0.4252 0.0130 0.44370 0.98690
0.49218 0.01841 0.29782 -0.7227 0.1713 0.6696 0.44950 0.98760
0.49592 0.00941 0.29978 -0.2962 -0.6182 0.7280 0.44590 0.98900
0.49208 0.02686 0.29287 -0.6178 0.3466 0.7058 0.45380 0.98210
0.49145 0.03654 0.28625 -0.5395 0.4101 0.7353 0.45760 0.97680
0.48922 0.04943 0.27707 -0.4882 0.4657 0.7381 0.46210 0.96760
0.48662 0.05828 0.26953 -0.4648 0.4450 0.7654 0.46660 0.96290
0.48382 0.06556 0.26434 -0.3701 0.3422 0.8637 0.47150 0.95970
0.50018 0.00844 0.29712 0.4510 -0.8860 0.1075 0.44310 0.98810
0.49977 0.01378 0.29040 0.4360 -0.6142 -0.6577 0.44130 0.98290
0.49926 0.01960 0.28538 0.4854 -0.5215 -0.7017 0.44110 0.97810
0.49773 0.02785 0.27821 0.4950 -0.5187 -0.6971 0.44280 0.97200
0.49604 0.03999 0.26708 0.5042 -0.5303 -0.6816 0.44680 0.96190
0.49427 0.04953 0.25830 0.5217 -0.4833 -0.7030 0.44860 0.95240
0.49138 0.05749 0.25129 0.6260 -0.6674 -0.4034 0.44850 0.94780
0.49353 0.01358 0.29519 -0.9188 -0.3812 -0.1024 0.36600 0.87470
0.49218 0.01841 0.29782 -0.7227 0.1713 0.6696 0.36380 0.87180
0.49592 0.00941 0.29978 -0.2962 -0.6182 0.7280 0.36160 0.87480
0.49480 0.01010 0.29720 -0.7709 -0.6367 -0.0143 0.36390 0.87540
0.49158 0.02027 0.29021 -0.9533 -0.2828 -0.1063 0.36960 0.87320
0.49208 0.02686 0.29287 -0.6178 0.3466 0.7058 0.37030 0.86880
0.48881 0.03132 0.28309 -0.9786 -0.1820 0.0961 0.37710 0.87050
0.49145 0.03654 0.28625 -0.5395 0.4101 0.7353 0.37690 0.86730
0.48494 0.04272 0.27323 -0.9706 -0.1732 0.1672 0.38620 0.86880
0.48922 0.04943 0.27707 -0.4882 0.4657 0.7381 0.38650 0.86380
0.48129 0.05212 0.26393 -0.9423 -0.2518 0.2207 0.39490 0.86660
0.48662 0.05828 0.26953 -0.4648 0.4450 0.7654 0.39310 0.86260
0.47846 0.05711 0.25908 -0.8603 -0.4333 0.2686 0.40010 0.86500
0.48382 0.06556 0.26434 -0.3701 0.3422 0.8637 0.39900 0.86110
0.49633 0.01259 0.29102 -0.3288 -0.7148 -0.6172 0.36720 0.87720
0.49633 0.00906 0.29505 -0.3402 -0.8499 -0.4023 0.36420 0.87700
0.49468 0.01798 0.28593 -0.4092 -0.6539 -0.6364 0.37080 0.87750
0.49297 0.02626 0.27886 -0.4304 -0.6519 -0.6243 0.37730 0.87670
0.48849 0.03902 0.26800 -0.4720 -0.6767 -0.5651 0.38730 0.87390
0.48620 0.04775 0.25963 -0.3999 -0.7178 -0.5700 0.39550 0.87220
0.48050 0.05575 0.25204 -0.4706 -0.8151 -0.3380 0.40360 0.87110
0.50018 0.00844 0.29712 0.4510 -0.8860 0.1075 0.36210 0.87770
0.49977 0.01378 0.29040 0.4360 -0.6142 -0.6577 0.36630 0.88090
0.49926 0.01960 0.28538 0.4854 -0.5215 -0.7017 0.37130 0.88010
0.49773 0.02785 0.27821 0.4950 -0.5187 -0.6971 0.37770 0.87900
0.49604 0.03999 0.26708 0.5042 -0.5303 -0.6816 0.38860 0.87830
0.49427 0.04953 0.25830 0.5217 -0.4833 -0.7030 0.39830 0.87670
0.49138 0.05749 0.25129 0.6260 -0.6674 -0.4034 0.40300 0.87620
0.51412 0.01156 0.26565 0.8739 0.2794 0.3977 0.41650 0.95450
0.51363 0.00922 0.26289 0.9322 -0.0704 -0.3550 0.41420 0.95260
0.51455 0.00468 0.26582 0.9324 -0.2005 -0.3008 0.41240 0.95480
0.51536 0.00592 0.26782 0.9461 0.1605 0.2814 0.41380 0.95640
0.51316 0.02032 0.26259 0.8456 0.2937 0.4459 0.42110 0.95160
0.51304 0.01697 0.25862 0.9485 -0.0571 -0.3115 0.41830 0.94900
0.51193 0.02714 0.25885 0.8099 0.4029 0.4263 0.42460 0.94840
0.51201 0.02536 0.25362 0.9578 0.0010 -0.2874 0.42250 0.94490
0.50691 0.04219 0.25340 0.6588 0.4981 0.5639 0.43320 0.94240
0.50978 0.03986 0.24593 0.9466 0.1664 -0.2763 0.43060 0.93820
0.50460 0.04836 0.24942 0.6386 0.5672 0.5201 0.43730 0.93950
0.50680 0.04633 0.24250 0.9321 0.2309 -0.2791 0.43400 0.93450
0.50074 0.05783 0.24280 0.7017 0.5526 0.4497 0.44470 0.93440
0.50310 0.05740 0.23565 0.9418 0.2509 -0.2239 0.44100 0.92690
0.50749 0.02247 0.23258 0.7538 0.1634 0.6364 0.41070 0.91890
0.50806 0.02079 0.22488 0.8402 -0.2347 -0.4889 0.41030 0.91570
0.50714 0.01232 0.22763 0.6096 -0.7500 -0.2568 0.40580 0.91720
0.50563 0.01611 0.23620 0.3986 -0.2955 0.8682 0.40650 0.92030
0.50652 0.03138 0.22914 0.7837 0.2782 0.5554 0.41650 0.91750
0.50754 0.02911 0.22215 0.9003 -0.0834 -0.4272 0.41500 0.91380
0.50749 0.02247 0.23258 0.7538 0.1634 0.6364 0.41080 0.91900
0.50553 0.03914 0.22598 0.7704 0.3370 0.5412 0.42220 0.91580
0.50684 0.03648 0.22070 0.9579 0.0103 -0.2869 0.41990 0.91190
0.50420 0.04661 0.22284 0.7532 0.3995 0.5226 0.42820 0.91460
0.50584 0.04349 0.21873 0.9625 0.1419 -0.2314 0.42540 0.91010
0.50257 0.05101 0.22130 0.7583 0.3795 0.5300 0.43250 0.91400
0.50371 0.04979 0.21677 0.9456 0.2101 -0.2484 0.43090 0.90820
0.50080 0.05868 0.22000 0.9483 0.1877 0.2558 0.43950 0.91300
0.50149 0.05627 0.21383 0.8959 0.2463 -0.3697 0.43770 0.90480
0.51425 0.00208 0.27178 0.2852 -0.5892 0.7560 0.41240 0.95860
0.50526 0.01258 0.26873 -0.5522 0.0629 0.8313 0.41960 0.95820
0.50597 0.02300 0.26598 -0.3098 0.3230 0.8943 0.42480 0.95520
0.50300 0.03034 0.26094 -0.4250 0.2662 0.8652 0.42930 0.95190
0.50098 0.04146 0.25543 -0.3378 0.3228 0.8842 0.43610 0.94740
0.49835 0.04899 0.25116 -0.2951 0.3872 0.8735 0.43900 0.94550
0.49662 0.05613 0.24713 -0.0504 0.3355 0.9407 0.44440 0.94460
0.51214 0.00897 0.25963 0.5833 -0.4041 -0.7046 0.41230 0.94890
0.51348 0.00206 0.26550 0.5088 -0.7866 -0.3497 0.40980 0.95610
0.51084 0.01580 0.25569 0.5924 -0.3523 -0.7245 0.41540 0.94520
0.50926 0.02396 0.25031 0.5454 -0.3752 -0.7495 0.41890 0.94220
0.50488 0.03692 0.24026 0.4379 -0.3433 -0.8309 0.42790 0.93440
0.49968 0.04195 0.23599 0.2418 -0.4899 -0.8376 0.43150 0.93080
0.49759 0.04966 0.23046 0.4726 -0.5082 -0.7200 0.43300 0.92490
0.50848 0.00955 0.25836 0.0054 -0.5689 -0.8224 0.38380 0.90340
0.51076 0.00308 0.26393 0.0236 -0.8093 -0.5869 0.37980 0.90530
0.51348 0.00206 0.26550 0.5088 -0.7866 -0.3497 0.37640 0.90780
0.51214 0.00897 0.25963 0.5833 -0.4041 -0.7046 0.38410 0.90710
0.50724 0.01552 0.25453 -0.0439 -0.5336 -0.8446 0.38790 0.90220
0.51084 0.01580 0.25569 0.5924 -0.3523 -0.7245 0.38850 0.90450
0.50471 0.02398 0.24884 -0.2270 -0.5831 -0.7801 0.39380 0.89910
0.50926 0.02396 0.25031 0.5454 -0.3752 -0.7495 0.39290 0.90230
0.49806 0.03567 0.24201 -0.4918 -0.6320 -0.5990 0.40230 0.89370
0.50488 0.03692 0.24026 0.4379 -0.3433 -0.8309 0.40420 0.89730
0.49428 0.04117 0.23924 -0.6543 -0.6442 -0.3960 0.40720 0.89050
0.49968 0.04195 0.23599 0.2418 -0.4899 -0.8376 0.40900 0.89500
0.49045 0.04733 0.23442 -0.6406 -0.6904 -0.3362 0.41240 0.88800
0.49759 0.04966 0.23046 0.4726 -0.5082 -0.7200 0.41460 0.89140
0.50521 0.00896 0.25956 -0.7582 -0.5424 -0.3618 0.38270 0.90170
0.50862 0.00235 0.26487 -0.5565 -0.8269 -0.0814 0.37880 0.90360
0.50313 0.01619 0.25598 -0.8593 -0.4016 -0.3166 0.38660 0.89930
0.49979 0.02485 0.25223 -0.9189 -0.3859 -0.0821 0.39180 0.89560
0.49552 0.03756 0.24744 -0.9391 -0.2989 0.1696 0.39950 0.89010
0.49273 0.04519 0.24497 -0.8933 -0.2011 0.4020 0.40380 0.88640
0.48936 0.05039 0.24126 -0.8534 -0.3377 0.3971 0.40880 0.88320
0.50526 0.01258 0.26873 -0.5522 0.0629 0.8313 0.37880 0.89810
0.51425 0.00208 0.27178 0.2852 -0.5892 0.7560 0.37430 0.90410
0.50597 0.02300 0.26598 -0.3098 0.3230 0.8943 0.38390 0.89430
0.50300 0.03034 0.26094 -0.4250 0.2662 0.8652 0.38850 0.89060
0.50098 0.04146 0.25543 -0.3378 0.3228 0.8842 0.39540 0.88550
0.49835 0.04899 0.25116 -0.2951 0.3872 0.8735 0.39810 0.88300
0.49662 0.05613 0.24713 -0.0504 0.3355 0.9407 0.40300 0.87980
0.50309 0.02107 0.22286 -0.2020 -0.4296 -0.8801 0.41000 0.91330
0.50327 0.01264 0.22798 -0.2611 -0.8953 -0.3609 0.40570 0.91450
0.50263 0.02692 0.22006 -0.1035 -0.3798 -0.9192 0.41320 0.91150
0.50317 0.03514 0.21668 0.1020 -0.3155 -0.9434 0.41880 0.90850
0.50292 0.04061 0.21470 0.2200 -0.2760 -0.9356 0.42300 0.90650
0.50170 0.04563 0.21310 0.3086 -0.3183 -0.8963 0.42770 0.90360
0.49870 0.05045 0.20970 0.3374 -0.4238 -0.8406 0.43230 0.89970
0.49997 0.01499 0.23357 -0.4742 -0.5479 0.6891 0.40340 0.91250
0.50208 0.02256 0.23350 -0.2862 0.2547 0.9237 0.40250 0.91100
0.50749 0.02247 0.23258 0.7538 0.1634 0.6364 0.40180 0.91240
0.50563 0.01611 0.23620 0.3986 -0.2955 0.8682 0.40210 0.91340
0.50208 0.02256 0.23350 -0.2862 0.2547 0.9237 0.41080 0.92260
0.50247 0.03172 0.23132 -0.0492 0.3166 0.9473 0.41730 0.92210
0.50061 0.03855 0.22863 -0.0764 0.3462 0.9350 0.42260 0.92160
0.49830 0.04674 0.22534 -0.0667 0.3271 0.9427 0.42880 0.92130
0.49775 0.05051 0.22394 0.0828 0.2459 0.9658 0.43170 0.92150
0.49590 0.05344 0.22341 0.4175 -0.2673 0.8685 0.43250 0.92200
0.49859 0.02296 0.22648 -0.9202 -0.2661 -0.2871 0.40840 0.91010
0.49943 0.01495 0.23070 -0.8262 -0.5427 -0.1515 0.40550 0.91290
0.49694 0.02905 0.22453 -0.9425 -0.2465 -0.2255 0.41170 0.90760
0.49546 0.03576 0.22230 -0.9456 -0.2359 -0.2242 0.41580 0.90440
0.49400 0.04098 0.22122 -0.9473 -0.3015 -0.1079 0.42000 0.90140
0.49184 0.04519 0.21981 -0.8540 -0.5192 0.0319 0.42300 0.89790
0.48998 0.04797 0.21851 -0.5976 -0.7937 0.1133 0.42580 0.89510
0.49904 0.02387 0.23097 -0.8479 0.0639 0.5262 0.40630 0.90850
0.49939 0.01656 0.23206 -0.9029 -0.1618 0.3982 0.40500 0.91190
0.49863 0.03084 0.22927 -0.7765 0.0758 0.6256 0.40960 0.90510
0.49714 0.03729 0.22657 -0.7620 0.0657 0.6442 0.41340 0.90180
0.49648 0.04417 0.22465 -0.6594 0.0629 0.7492 0.41730 0.89760
0.49466 0.04890 0.22310 -0.5223 -0.0432 0.8517 0.42030 0.89440
0.49339 0.05093 0.22302 -0.2923 -0.4825 0.8257 0.42150 0.89210
0.50247 0.03172 0.23132 -0.0492 0.3166 0.9473 0.40800 0.90380
0.50208 0.02256 0.23350 -0.2862 0.2547 0.9237 0.40440 0.90740
0.50061 0.03855 0.22863 -0.0764 0.3462 0.9350 0.41180 0.90000
0.49830 0.04674 0.22534 -0.0667 0.3271 0.9427 0.41540 0.89510
0.49775 0.05051 0.22394 0.0828 0.2459 0.9658 0.41650 0.89240
0.49590 0.05344 0.22341 0.4175 -0.2673 0.8685 0.41690 0.89160
0.42657 0.12153 0.23156 -0.6375 0.7644 0.0958 0.52010 0.90840
0.42817 0.11549 0.21585 -0.9549 0.1050 -0.2779 0.52510 0.89900
0.43495 0.12484 0.19280 -0.9542 0.0401 0.2965 0.51700 0.88060
0.43658 0.12233 0.23583 -0.0325 0.9028 0.4288 0.51370 0.91150
0.44393 0.11296 0.24711 0.2019 0.7760 0.5976 0.50930 0.92170
0.49883 0.06491 0.22813 0.9668 0.2555 0.0050 0.44580 0.91710
0.49507 0.05400 0.22628 0.6964 -0.7070 -0.1231 0.43250 0.92230
0.49465 0.06620 0.24238 0.8821 0.3831 0.2742 0.45510 0.93490
0.49358 0.06003 0.24591 0.6281 -0.3499 0.6950 0.44750 0.94560
0.48339 0.07676 0.25886 0.7859 0.3772 0.4899 0.47590 0.94530
0.47611 0.06612 0.26003 -0.3451 -0.5067 0.7900 0.47510 0.95910
0.47611 0.06612 0.26003 -0.3451 -0.5067 0.7900 0.40140 0.85860
0.47008 0.06650 0.25367 -0.6949 -0.7054 0.1394 0.40720 0.85940
0.49358 0.06003 0.24591 0.6281 -0.3499 0.6950 0.40490 0.87720
0.48503 0.05645 0.24128 -0.5441 -0.8223 0.1667 0.41100 0.87660
0.49507 0.05400 0.22628 0.6964 -0.7070 -0.1231 0.41670 0.89120
0.48961 0.05229 0.22377 -0.4172 -0.8918 0.1751 0.42270 0.88660
0.46316 0.08682 0.26842 -0.6514 0.3805 0.6565 0.49990 0.94430
0.47282 0.08731 0.27274 0.3244 0.7736 0.5444 0.49180 0.94670
0.45244 0.10270 0.25458 -0.0816 0.4461 0.8912 0.50640 0.93450
0.46164 0.10519 0.25229 0.2831 0.7495 0.5984 0.49630 0.92810
0.49908 0.06245 0.21405 0.8968 0.3229 -0.3025 0.44330 0.90440
0.47871 0.09845 0.24258 0.6714 0.6595 0.3380 0.48150 0.92330
0.48605 0.09268 0.23022 0.8424 0.5120 0.1682 0.47190 0.91540
0.49079 0.08589 0.21702 0.9287 0.3657 -0.0610 0.46330 0.90550
0.49135 0.07799 0.20616 0.9094 0.1856 -0.3722 0.45620 0.89640
0.49633 0.05440 0.20767 0.4584 -0.3431 -0.8199 0.43590 0.89700
0.46383 0.09778 0.17211 0.1875 -0.4576 -0.8692 0.47040 0.87000
0.48678 0.07048 0.19599 0.5607 -0.2924 -0.7747 0.45100 0.88660
0.46240 0.08036 0.26628 -0.9053 -0.2954 0.3053 0.40710 0.84580
0.46316 0.08682 0.26842 -0.6514 0.3805 0.6565 0.40800 0.84170
0.44274 0.09844 0.25180 -0.0762 -0.6481 0.7578 0.42480 0.83760
0.43518 0.10444 0.25764 0.4963 0.2848 0.8201 0.42470 0.83230
0.43886 0.10922 0.25295 0.2170 0.5454 0.8096 0.42500 0.83520
0.45244 0.10270 0.25458 -0.0816 0.4461 0.8912 0.41970 0.83930
0.43665 0.09436 0.23520 -0.4672 -0.8792 -0.0929 0.43460 0.84180
0.43289 0.10175 0.21435 -0.7527 -0.5933 -0.2852 0.44960 0.84540
0.42150 0.10936 0.23031 -0.9516 -0.1341 -0.2766 0.44240 0.83590
0.41952 0.10322 0.24110 -0.8962 -0.3708 -0.2434 0.43950 0.83020
0.43539 0.10916 0.19881 -0.8952 -0.3486 -0.2778 0.53090 0.88750
0.43679 0.11425 0.18254 -0.8912 -0.4528 0.0277 0.52390 0.87330
0.43289 0.10175 0.21435 -0.7527 -0.5933 -0.2852 0.53380 0.89780
0.44362 0.09839 0.18689 -0.7348 -0.5945 -0.3266 0.53880 0.88030
0.44867 0.10433 0.17025 -0.4395 -0.7320 -0.5207 0.53990 0.86470
0.46883 0.09353 0.26349 0.2776 0.7311 0.6233 0.49250 0.93880
0.45886 0.09414 0.26089 -0.3696 0.4159 0.8309 0.50300 0.93920
0.48310 0.08520 0.25546 0.7804 0.5060 0.3674 0.47760 0.93750
0.49158 0.07674 0.24011 0.8937 0.3746 0.2470 0.46260 0.92750
0.49472 0.07466 0.22317 0.9292 0.3693 0.0105 0.45520 0.91200
0.49493 0.06872 0.21131 0.9137 0.2673 -0.3060 0.44900 0.90080
0.49328 0.06064 0.20405 0.6005 -0.2596 -0.7563 0.44220 0.89280
0.45784 0.08508 0.26058 -0.8377 -0.3403 0.4271 0.41230 0.84540
0.45886 0.09414 0.26089 -0.3696 0.4159 0.8309 0.41400 0.84130
0.46536 0.07174 0.25006 -0.7505 -0.6607 0.0159 0.41250 0.85730
0.47620 0.06245 0.23533 -0.6882 -0.7255 0.0092 0.41870 0.87240
0.45887 0.08133 0.24060 -0.6819 -0.7313 -0.0142 0.42290 0.85490
0.46851 0.07451 0.22784 -0.7643 -0.6439 -0.0346 0.42840 0.86630
0.47811 0.05706 0.21928 -0.7065 -0.6960 0.1280 0.43060 0.88190
0.47001 0.06898 0.21061 -0.8157 -0.5723 0.0844 0.43990 0.87550
0.48828 0.04868 0.21520 -0.3511 -0.9027 -0.2488 0.42990 0.89320
0.48065 0.05403 0.20722 -0.3942 -0.8271 -0.4007 0.43880 0.88690
0.47033 0.06573 0.19562 -0.4253 -0.7588 -0.4932 0.44920 0.88040
0.45862 0.08208 0.18430 -0.4331 -0.7295 -0.5295 0.45610 0.87500
0.44889 0.08943 0.22537 -0.5582 -0.8292 -0.0306 0.43600 0.85290
0.44364 0.09537 0.20585 -0.6752 -0.7274 -0.1225 0.45400 0.85400
0.44364 0.09537 0.20585 -0.6752 -0.7274 -0.1225 0.53650 0.88880
0.45750 0.08287 0.20269 -0.7260 -0.6872 0.0274 0.45510 0.86730
0.46046 0.08398 0.21608 -0.6806 -0.7318 0.0364 0.43880 0.86270
0.45862 0.08208 0.18430 -0.4331 -0.7295 -0.5295 0.55420 0.87740
0.45750 0.08287 0.20269 -0.7260 -0.6872 0.0274 0.54730 0.88170
0.01891 0.69376 0.12895 0.9327 0.2456 0.2641 0.83900 0.54350
0.02741 0.69092 0.13008 0.1505 0.9799 0.1309 0.83930 0.54820
0.02351 0.69790 0.13077 0.4199 -0.8997 0.1193 0.83870 0.54720
0.03348 0.69941 0.13176 0.0111 -0.9856 0.1689 0.83820 0.55360
0.03909 0.69185 0.12806 -0.2641 0.8463 0.4626 0.83910 0.55600
0.04279 0.69656 0.12870 -0.5148 -0.4298 0.7418 0.83940 0.55790
0.03980 0.69832 0.12982 -0.2159 -0.9395 0.2659 0.83830 0.55560
0.03333 0.69074 0.12992 -0.0422 0.9916 0.1219 0.83920 0.55310
0.44867 0.10433 0.17025 -0.4395 -0.7320 -0.5207 0.47370 0.86720
0.46383 0.09778 0.17211 0.1875 -0.4576 -0.8692 0.54370 0.86680
0.02129 0.63021 0.13620 -0.0720 0.9172 -0.3918 0.91070 0.53320
0.02215 0.63061 0.13488 -0.1571 0.9225 -0.3525 0.91000 0.53540
0.01620 0.63228 0.14033 -0.0057 -0.9765 0.2154 0.90740 0.52930
0.00937 0.63269 0.14455 0.0285 -0.9909 0.1315 0.90640 0.52270
0.01660 0.63093 0.13724 -0.0737 0.8993 -0.4310 0.91120 0.52930
0.00928 0.63165 0.14198 -0.1347 0.9376 -0.3206 0.91210 0.52400
0.02228 0.63069 0.13649 -0.1371 -0.9540 0.2668 0.90890 0.53440
0.08194 0.65758 0.04093 0.9400 -0.1417 0.3102 0.85400 0.67020
0.08077 0.65452 0.05053 0.9301 -0.0969 0.3542 0.85920 0.66590
0.07819 0.65487 0.05479 0.8546 -0.1504 0.4970 0.86120 0.66190
0.03279 0.60805 0.00064 0.6558 0.0686 -0.7518 0.30490 0.04500
0.01893 0.60325 -0.00838 0.3397 0.1158 -0.9334 0.29650 0.03590
0.02101 0.57453 -0.01575 0.1979 0.3373 -0.9204 0.28290 0.04700
0.03733 0.57694 -0.00644 0.5908 0.3928 -0.7047 0.28880 0.05670
0.04645 0.55158 0.03821 0.8176 0.2288 0.5283 0.32320 0.10050
0.00000 0.64134 0.07598 -0.0004 0.9840 -0.1782 0.84040 0.92320
0.00124 0.63741 0.06305 -0.0126 0.9493 -0.3141 0.84040 0.87640
-0.00000 0.57851 0.08177 0.0001 -0.6024 0.7982 0.38100 0.06470
0.00014 0.58849 0.09241 0.0014 -0.9280 0.3725 0.38100 0.05000
0.00000 0.60299 0.14182 -0.0000 -0.3527 0.9357 0.94140 0.51690
0.00000 0.59064 0.13295 0.0000 -0.8712 0.4908 0.95440 0.51690
0.00001 0.64342 0.09757 0.0000 0.9948 0.1014 0.84040 0.92880
0.00000 0.71668 0.14937 0.0000 0.0143 0.9999 0.82050 0.51690
0.00000 0.70329 0.14860 0.0001 0.0161 0.9999 0.83050 0.51670
-0.00003 0.63983 0.15588 -0.0016 0.1019 0.9948 0.89500 0.51760
0.00016 0.64447 0.15347 0.0040 0.2398 0.9708 0.88760 0.51690
0.00000 0.77868 -0.02520 0.0000 0.6499 -0.7600 0.66300 0.73970
0.00001 0.75675 -0.03944 0.0002 0.4032 -0.9151 0.68960 0.77530
-0.00000 0.63709 0.15534 0.0005 -0.4760 0.8794 0.89970 0.51720
-0.00001 0.63257 0.14956 -0.0003 -0.9263 0.3769 0.90400 0.51680
0.00001 0.65085 0.15410 0.0007 -0.3482 0.9374 0.88270 0.51640
-0.00000 0.58964 0.11464 0.0001 -0.9984 0.0562 0.96920 0.51690
0.00014 0.58849 0.09241 0.0014 -0.9280 0.3725 0.99210 0.51690
0.00003 0.68775 0.15351 0.0019 0.4458 0.8951 0.84850 0.51670
-0.00017 0.70545 -0.04552 -0.0014 -0.1531 -0.9882 0.75900 0.21040
0.00014 0.68054 -0.04047 0.0013 -0.4166 -0.9091 0.79600 0.19900
-0.00005 0.62880 0.09442 0.0007 -0.9979 0.0648 0.84040 0.92950
0.00001 0.65878 0.16376 -0.0003 -0.6916 0.7223 0.87710 0.51540
0.00000 0.55761 0.07326 -0.0000 -0.3167 0.9485 0.38100 0.09230
0.00001 0.75675 -0.03944 0.0002 0.4032 -0.9151 0.68540 0.25850
-0.00013 0.73109 -0.04735 -0.0011 0.1244 -0.9922 0.71920 0.23080
0.00000 0.65549 0.15980 0.0002 -0.7861 0.6181 0.87920 0.51570
0.00000 0.80585 0.09187 0.0000 0.9209 0.3898 0.72100 0.51700
-0.00000 0.63089 0.11287 0.0011 -0.9969 -0.0784 0.84040 0.94320
0.00000 0.77868 -0.02520 0.0000 0.6499 -0.7600 0.65880 0.29660
0.00023 0.65477 -0.02113 0.0023 -0.4924 -0.8703 0.85620 0.19090
0.00002 0.63273 0.14386 0.0002 -0.9968 0.0801 0.90630 0.51670
-0.00000 0.62654 0.15082 -0.0001 -0.1280 0.9918 0.92030 0.51680
-0.00017 0.70545 -0.04552 -0.0014 -0.1531 -0.9882 0.76380 0.82220
0.00014 0.68054 -0.04047 0.0013 -0.4166 -0.9091 0.79820 0.83380
0.00000 0.75052 0.14286 0.0001 0.3637 0.9315 0.79770 0.51690
0.00005 0.78303 0.12411 0.0003 0.6765 0.7365 0.76280 0.51690
-0.00013 0.73109 -0.04735 -0.0011 0.1244 -0.9922 0.72400 0.80390
0.00000 0.80585 0.09187 0.0000 0.9209 0.3898 0.72100 0.51690
0.00023 0.65477 -0.02113 0.0023 -0.4924 -0.8703 0.85590 0.83900
0.00005 0.63253 -0.01367 0.0006 -0.1708 -0.9853 0.87090 0.84320
0.00012 0.60083 -0.01237 0.0012 0.1160 -0.9933 0.91790 0.84920
0.00000 0.81280 0.05140 -0.0000 0.9999 -0.0156 0.66140 0.58070
-0.00000 0.80595 0.00304 -0.0000 0.9004 -0.4351 0.64110 0.67730
0.00012 0.60083 -0.01237 0.0012 0.1160 -0.9933 0.28950 0.02740
0.00095 0.57208 -0.01838 0.0029 0.2953 -0.9554 0.27660 0.03860
0 2 1
0 3 2
4 6 5
4 7 6
8 5 9
8 4 5
0 9 3
0 8 9
10 5 6
10 11 5
11 12 5
5 12 9
12 13 9
9 13 3
13 2 3
13 14 2
15 11 10
15 16 11
16 12 11
16 17 12
17 13 12
17 18 13
18 14 13
18 19 14
19 2 14
19 1 2
20 22 21
20 23 22
24 21 25
24 20 21
26 25 27
26 24 25
28 30 29
28 31 30
32 22 23
32 33 22
29 33 32
29 30 33
34 31 28
34 35 31
26 35 34
26 27 35
36 38 37
36 39 38
40 38 39
40 41 38
42 44 43
42 45 44
46 44 47
46 43 44
46 38 43
46 37 38
37 47 48
37 46 47
36 48 49
36 37 48
42 38 41
42 43 38
39 49 50
39 36 49
51 39 50
51 40 39
52 54 53
52 55 54
52 57 56
52 53 57
58 60 59
58 61 60
54 61 58
54 55 61
62 56 57
62 63 56
64 63 62
64 65 63
66 61 67
66 60 61
55 67 61
55 68 67
52 56 69
69 56 70
71 65 72
71 63 65
73 57 53
73 74 57
74 62 57
74 75 62
75 64 62
75 76 64
77 28 29
77 78 28
79 20 24
79 80 20
81 80 79
81 82 80
80 23 20
80 83 23
82 83 80
82 84 83
83 32 23
83 85 32
84 85 83
84 86 85
85 29 32
85 77 29
86 77 85
86 87 77
88 26 34
88 89 26
89 24 26
89 79 24
78 34 28
78 88 34
90 92 91
90 93 92
94 93 90
94 95 93
96 95 94
96 97 95
95 92 93
95 98 92
99 95 97
99 98 95
100 102 101
100 103 102
90 103 100
90 91 103
94 100 104
94 90 100
105 107 106
105 108 107
109 106 110
109 105 106
107 112 111
107 108 112
113 108 105
113 112 108
114 105 109
114 113 105
73 54 115
73 53 54
115 117 116
115 54 117
118 120 119
118 121 120
122 73 115
122 123 73
124 115 116
124 122 115
125 119 126
125 118 119
123 126 127
123 125 126
73 127 111
73 123 127
125 122 128
125 123 122
111 74 73
111 112 74
128 124 129
128 122 124
130 125 128
130 118 125
131 128 129
131 130 128
132 100 101
132 104 100
117 58 133
117 54 58
133 59 134
133 58 59
120 135 119
120 136 135
137 118 130
137 121 118
138 130 131
138 137 130
132 94 104
132 96 94
139 102 140
139 101 102
141 101 139
141 132 101
134 97 133
134 99 97
116 96 132
116 117 96
117 97 96
117 133 97
132 124 116
132 141 124
137 142 121
137 143 142
137 144 143
137 138 144
145 84 82
145 146 84
146 86 84
146 147 86
147 87 86
147 148 87
149 151 150
149 152 151
153 150 154
153 149 150
155 154 156
155 153 154
157 106 107
157 158 106
158 110 106
158 159 110
160 151 161
160 150 151
162 150 160
162 154 150
127 107 111
127 157 107
163 127 126
163 157 127
164 154 162
164 156 154
165 167 166
165 168 167
119 163 126
119 135 163
169 156 164
169 170 156
171 173 172
171 174 173
175 172 176
175 171 172
177 176 178
177 175 176
179 174 171
179 180 174
181 171 175
181 179 171
182 175 177
182 181 175
183 182 177
183 184 182
185 177 178
185 183 177
186 49 48
186 187 49
47 186 48
47 188 186
187 50 49
187 189 50
190 191 51
190 192 191
193 136 194
194 136 120
192 193 191
192 136 193
195 188 196
195 186 188
179 197 180
179 198 197
199 196 200
199 195 196
201 186 195
201 187 186
181 198 179
181 202 198
183 204 203
183 185 204
205 195 199
205 201 195
206 192 190
206 207 192
165 135 136
165 208 135
207 136 192
207 165 136
201 189 187
201 209 189
210 207 206
210 211 207
211 165 207
211 168 165
212 209 201
212 213 209
214 201 205
214 212 201
215 211 210
215 216 211
216 168 211
216 217 168
218 213 212
218 219 213
203 212 214
203 218 212
220 216 215
220 221 216
221 217 216
221 222 217
223 219 218
223 224 219
204 218 203
204 223 218
203 184 183
203 214 184
202 182 184
202 181 182
184 205 202
184 214 205
198 205 199
198 202 205
156 225 155
156 170 225
226 168 217
226 167 168
227 217 222
227 226 217
228 225 229
228 155 225
230 232 231
230 233 232
233 234 232
233 235 234
235 236 234
235 237 236
238 236 237
238 239 236
240 242 241
240 243 242
244 242 245
244 241 242
246 243 240
246 247 243
248 247 246
248 249 247
250 249 248
250 251 249
252 251 250
252 253 251
254 253 255
254 251 253
256 251 254
256 249 251
257 249 256
257 247 249
258 247 257
258 243 247
259 243 258
259 242 243
260 242 259
260 245 242
261 250 262
261 252 250
262 248 263
262 250 248
263 246 264
263 248 246
264 240 265
264 246 240
265 241 266
265 240 241
266 244 267
266 241 244
268 270 269
268 271 270
269 273 272
269 270 273
272 275 274
272 273 275
274 277 276
274 275 277
278 269 279
278 268 269
279 272 280
279 269 272
280 274 281
280 272 274
281 276 282
281 274 276
282 283 281
282 284 283
281 285 280
281 283 285
280 286 279
280 285 286
279 287 278
279 286 287
288 290 289
288 291 290
292 291 288
292 293 291
294 293 292
294 295 293
296 295 294
296 297 295
298 297 296
298 299 297
300 299 298
300 301 299
302 303 289
289 303 288
303 292 288
303 304 292
304 294 292
304 305 294
305 296 294
305 306 296
306 298 296
306 307 298
307 300 298
307 308 300
309 311 310
309 312 311
312 313 311
312 314 313
314 315 313
314 316 315
316 317 315
316 318 317
318 319 317
318 320 319
320 321 319
320 322 321
323 312 309
323 324 312
324 314 312
324 325 314
325 316 314
325 326 316
326 318 316
326 327 318
327 320 318
327 328 320
328 322 320
328 329 322
330 299 301
330 331 299
331 297 299
331 332 297
332 295 297
332 333 295
333 293 295
333 334 293
334 291 293
334 335 291
335 290 291
335 336 290
337 323 338
337 324 323
339 324 337
339 325 324
340 325 339
340 326 325
341 326 340
341 327 326
342 327 341
342 328 327
343 328 342
343 329 328
344 346 345
344 347 346
344 349 348
344 345 349
350 349 351
350 348 349
350 353 352
350 351 353
354 353 355
354 352 353
356 355 357
356 354 355
358 356 359
358 354 356
360 354 358
360 352 354
361 352 360
361 350 352
362 350 361
362 348 350
363 348 362
363 344 348
364 344 363
364 347 344
365 355 366
365 357 355
366 353 367
366 355 353
367 351 368
367 353 351
368 349 369
368 351 349
369 345 370
369 349 345
370 346 371
370 345 346
372 374 373
372 375 374
376 375 372
376 377 375
378 377 376
378 379 377
380 379 378
380 381 379
382 381 380
382 383 381
384 383 382
384 385 383
386 373 387
386 372 373
388 372 386
388 376 372
389 376 388
389 378 376
390 378 389
390 380 378
391 380 390
391 382 380
392 382 391
392 384 382
387 393 386
387 394 393
388 393 395
388 386 393
389 395 396
389 388 395
390 396 397
390 389 396
391 397 398
391 390 397
392 398 399
392 391 398
400 402 401
400 403 402
404 403 400
404 405 403
406 405 404
406 407 405
408 407 406
408 409 407
410 409 408
410 411 409
412 411 410
412 413 411
414 416 415
414 417 416
418 417 419
418 420 417
421 420 418
421 422 420
423 422 421
423 424 422
425 424 423
425 426 424
427 426 425
427 428 426
429 400 401
429 430 400
430 404 400
430 431 404
431 406 404
431 432 406
432 408 406
432 433 408
433 410 408
433 434 410
434 412 410
434 435 412
436 402 403
436 437 402
438 403 405
438 436 403
439 405 407
439 438 405
440 407 409
440 439 407
441 409 411
441 440 409
442 411 413
442 441 411
443 445 444
443 446 445
447 444 448
447 443 444
449 448 450
449 447 448
451 450 452
451 449 450
453 452 454
453 451 452
455 454 456
455 453 454
457 446 443
457 458 446
459 443 447
459 457 443
460 447 449
460 459 447
461 449 451
461 460 449
462 451 453
462 461 451
463 453 455
463 462 453
457 464 458
457 465 464
459 465 457
459 466 465
460 466 459
460 467 466
461 467 460
461 468 467
462 468 461
462 469 468
463 469 462
463 470 469
471 416 417
471 472 416
473 417 420
473 471 417
474 420 422
474 473 420
475 422 424
475 474 422
476 424 426
476 475 424
477 426 428
477 476 426
478 480 479
478 481 480
482 418 419
482 483 418
483 421 418
483 484 421
484 423 421
484 485 423
485 425 423
485 486 425
486 427 425
486 487 427
488 472 471
488 489 472
490 471 473
490 488 471
491 473 474
491 490 473
492 474 475
492 491 474
493 475 476
493 492 475
494 476 477
494 493 476
495 489 488
495 496 489
497 488 490
497 495 488
498 490 491
498 497 490
499 491 492
499 498 491
500 492 493
500 499 492
501 493 494
501 500 493
495 478 496
495 481 478
497 502 495
497 503 502
498 503 497
498 504 503
499 504 498
499 505 504
500 505 499
500 506 505
501 506 500
501 507 506
508 509 239
508 510 509
510 252 261
510 508 252
511 239 238
511 508 239
508 253 252
508 511 253
512 253 511
512 255 253
267 245 260
267 244 245
282 277 284
282 276 277
302 290 336
302 289 290
323 310 338
323 309 310
359 357 365
359 356 357
387 374 394
387 373 374
429 402 437
429 401 402
458 445 446
458 464 445
478 416 472
478 415 416
496 472 489
496 478 472
513 442 413
513 514 442
514 427 487
514 513 427
515 371 346
515 516 371
516 412 435
516 515 412
517 330 301
517 518 330
518 347 364
518 517 347
519 329 343
519 520 329
520 385 384
520 519 385
521 392 399
521 522 392
522 470 463
522 521 470
523 455 456
523 524 455
523 501 524
523 507 501
525 300 308
525 526 300
527 512 528
527 255 512
526 301 300
526 517 301
517 346 347
517 515 346
515 413 412
515 513 413
513 428 427
513 529 428
530 235 531
530 237 235
531 233 532
531 235 233
532 230 533
532 233 230
528 237 530
528 238 237
512 238 528
512 511 238
534 428 529
534 477 428
535 533 230
535 536 533
522 455 524
522 463 455
522 384 392
522 520 384
322 537 321
322 538 537
539 541 540
539 542 541
538 329 520
538 322 329
543 545 544
543 546 545
268 544 271
268 543 544
547 509 510
547 548 509
549 510 261
549 547 510
539 287 542
539 278 287
550 548 547
550 551 548
552 525 553
552 526 525
528 553 527
528 552 553
554 531 555
554 530 531
517 555 515
517 554 555
555 532 556
555 531 532
515 556 513
515 555 556
556 533 557
556 532 533
513 557 529
513 556 557
552 530 554
552 528 530
526 554 517
526 552 554
558 529 557
558 534 529
536 557 533
536 558 557
559 540 560
559 539 540
538 560 537
538 559 560
561 522 562
561 520 522
563 562 564
563 561 562
559 520 561
559 538 520
539 561 563
539 559 561
562 524 565
562 522 524
564 565 566
564 562 565
543 278 539
543 268 278
567 477 534
567 494 477
568 534 558
568 567 534
569 558 536
569 568 558
570 536 535
570 569 536
567 501 494
567 524 501
568 524 567
568 565 524
568 566 565
568 569 566
571 546 543
571 572 546
573 547 549
573 550 547
571 539 563
571 543 539
574 564 566
574 575 564
575 563 564
575 571 563
570 566 569
570 574 566
575 572 571
575 574 572
576 573 577
576 550 573
25 578 27
25 579 578
21 579 25
21 580 579
22 580 21
22 581 580
31 582 30
31 583 582
33 581 22
33 584 581
30 584 33
30 582 584
35 583 31
35 585 583
27 585 35
27 578 585
586 230 231
586 535 230
551 576 587
551 550 576
70 588 69
70 589 588
67 590 66
67 591 590
71 589 70
71 592 589
72 592 71
72 593 592
68 591 67
68 594 591
69 588 68
68 588 594
63 70 56
63 71 70
69 55 52
69 68 55
76 113 114
76 75 113
112 75 74
112 113 75
197 199 200
197 198 199
144 197 200
144 148 197
44 188 47
44 142 188
142 196 188
142 143 196
51 595 40
51 191 595
191 193 595
595 193 596
595 41 40
595 596 41
597 193 194
597 596 193
597 41 596
597 42 41
42 194 45
42 597 194
189 51 50
189 190 51
209 190 189
209 206 190
213 206 209
213 210 206
219 210 213
219 215 210
224 215 219
224 220 215
44 121 142
44 45 121
194 121 45
194 120 121
87 144 138
87 148 144
77 138 131
77 87 138
131 78 77
131 129 78
129 88 78
129 124 88
124 89 88
124 141 89
79 141 139
79 89 141
200 143 144
200 196 143
81 139 140
81 79 139
180 148 147
180 197 148
174 147 146
174 180 147
173 146 145
173 174 146
598 600 599
598 601 600
225 599 229
225 598 599
153 228 602
153 155 228
149 153 602
76 603 64
76 604 603
605 145 606
605 173 145
607 0 1
607 608 0
607 19 609
607 1 19
610 222 611
610 227 222
612 593 72
612 613 593
103 614 102
103 615 614
103 616 615
103 91 616
178 618 617
178 176 618
601 619 600
601 620 619
621 623 622
621 624 623
625 627 626
625 628 627
629 628 625
629 630 628
621 630 629
621 622 630
631 628 632
631 627 628
632 628 633
633 628 630
633 630 634
634 630 622
634 623 635
634 622 623
636 632 637
636 631 632
637 633 638
637 632 633
638 634 639
638 633 634
639 635 640
639 634 635
641 637 642
641 636 637
640 623 624
640 635 623
643 645 644
643 646 645
647 646 643
647 648 646
649 648 647
649 650 648
651 653 652
651 654 653
655 645 656
655 644 645
654 656 653
654 655 656
657 652 658
657 651 652
649 658 650
649 657 658
659 661 660
659 662 661
663 661 664
663 660 661
665 667 666
665 668 667
669 667 668
669 670 667
669 661 662
669 668 661
662 670 669
662 671 670
659 671 662
659 672 671
665 661 668
665 664 661
660 672 659
660 673 672
674 660 663
674 673 660
675 677 676
675 678 677
675 679 678
675 680 679
681 683 682
681 684 683
677 682 676
677 681 682
685 680 686
685 679 680
687 686 688
687 685 686
689 682 683
689 690 682
676 690 691
676 682 690
675 692 680
680 692 693
694 688 686
694 695 688
696 679 697
696 678 679
697 685 698
697 679 685
698 687 699
698 685 687
700 651 701
700 654 651
702 643 703
702 647 643
704 703 705
704 702 703
703 644 706
703 643 644
705 706 707
705 703 706
706 655 708
706 644 655
707 708 709
707 706 708
708 654 700
708 655 654
709 700 710
709 708 700
711 649 712
711 657 649
712 647 702
712 649 647
701 657 711
701 651 657
713 715 714
713 716 715
717 714 718
717 713 714
719 718 720
719 717 718
718 715 721
718 714 715
722 718 721
722 720 718
723 725 724
723 726 725
713 724 716
713 723 724
717 723 713
717 727 723
728 730 729
728 731 730
732 731 728
732 733 731
730 734 729
730 735 734
736 729 734
736 728 729
737 728 736
737 732 728
696 677 678
696 738 677
738 739 677
738 740 739
741 743 742
741 744 743
745 696 746
745 738 696
747 738 745
747 740 738
748 744 741
748 749 744
746 749 748
746 750 749
696 750 746
696 735 750
748 745 746
748 751 745
735 697 734
735 696 697
751 747 745
751 752 747
753 748 741
753 751 748
754 751 753
754 752 751
755 723 727
755 726 723
739 681 677
739 756 681
756 684 681
756 757 684
743 759 758
743 744 759
760 741 742
760 753 741
761 753 760
761 754 753
755 717 719
755 727 717
762 725 726
762 763 725
764 726 755
764 762 726
757 720 722
757 756 720
740 719 739
740 755 719
739 720 756
739 719 720
755 747 764
755 740 747
760 766 765
760 742 766
760 767 761
760 765 767
768 707 769
768 705 707
769 709 770
769 707 709
770 710 771
770 709 710
772 774 773
772 775 774
776 775 772
776 777 775
778 777 776
778 779 777
780 731 781
780 730 731
781 733 782
781 731 733
783 774 775
783 784 774
785 775 777
785 783 775
750 730 780
750 735 730
786 750 780
786 749 750
787 777 779
787 785 777
788 790 789
788 791 790
744 786 759
744 749 786
792 779 793
792 787 779
794 796 795
794 797 796
798 797 794
798 799 797
800 799 798
800 801 799
802 795 803
802 794 795
804 794 802
804 798 794
805 798 804
805 800 798
806 805 807
806 800 805
808 800 806
808 801 800
809 672 810
809 671 672
670 809 811
670 671 809
810 673 812
810 672 673
813 815 814
813 674 815
816 817 758
758 817 743
814 816 758
814 815 816
818 811 809
818 819 811
802 821 820
802 803 821
822 819 818
822 823 819
824 809 810
824 818 809
804 820 825
804 802 820
806 826 808
806 827 826
828 818 824
828 822 818
829 814 830
829 813 814
788 759 831
788 758 759
830 758 788
830 814 758
824 812 832
824 810 812
833 830 834
833 829 830
834 788 789
834 830 788
835 832 836
835 824 832
837 824 835
837 828 824
838 834 839
838 833 834
839 789 840
839 834 789
841 836 842
841 835 836
827 835 841
827 837 835
843 839 844
843 838 839
844 840 845
844 839 840
846 842 847
846 841 842
826 841 846
826 827 841
827 807 837
827 806 807
825 805 804
825 807 805
807 828 837
807 825 828
820 828 825
820 822 828
779 848 793
779 778 848
849 789 790
849 840 789
850 840 849
850 845 840
851 848 778
851 852 848
853 855 854
853 856 855
854 858 857
854 855 858
857 860 859
857 858 860
861 860 862
861 859 860
863 865 864
863 866 865
867 865 866
867 868 865
869 864 870
869 863 864
871 870 872
871 869 870
873 872 874
873 871 872
875 874 876
875 873 874
877 876 874
877 878 876
879 874 872
879 877 874
880 872 870
880 879 872
881 870 864
881 880 870
882 864 865
882 881 864
883 865 868
883 882 865
884 873 875
884 885 873
885 871 873
885 886 871
886 869 871
886 887 869
887 863 869
887 888 863
888 866 863
888 889 866
889 867 866
889 890 867
891 893 892
891 894 893
894 895 893
894 896 895
896 897 895
896 898 897
898 899 897
898 900 899
901 894 891
901 902 894
902 896 894
902 903 896
903 898 896
903 904 898
904 900 898
904 905 900
905 907 906
905 904 907
904 908 907
904 903 908
903 909 908
903 902 909
902 910 909
902 901 910
911 913 912
911 914 913
915 912 916
915 911 912
917 916 918
917 915 916
919 918 920
919 917 918
921 920 922
921 919 920
923 922 924
923 921 922
925 914 926
926 914 911
926 915 927
926 911 915
927 917 928
927 915 917
928 919 929
928 917 919
929 921 930
929 919 921
930 923 931
930 921 923
932 934 933
932 935 934
933 937 936
933 934 937
936 939 938
936 937 939
938 941 940
938 939 941
940 943 942
940 941 943
942 945 944
942 943 945
946 933 947
946 932 933
947 936 948
947 933 936
948 938 949
948 936 938
949 940 950
949 938 940
950 942 951
950 940 942
951 944 952
951 942 944
953 922 954
953 924 922
954 920 955
954 922 920
955 918 956
955 920 918
956 916 957
956 918 916
957 912 958
957 916 912
958 913 959
958 912 913
960 946 947
960 961 946
962 947 948
962 960 947
963 948 949
963 962 948
964 949 950
964 963 949
965 950 951
965 964 950
966 951 952
966 965 951
967 969 968
967 970 969
967 971 970
967 972 971
973 971 972
973 974 971
973 975 974
973 976 975
977 975 976
977 978 975
979 978 977
979 980 978
981 979 977
981 982 979
983 977 976
983 981 977
984 976 973
984 983 976
985 973 972
985 984 973
986 972 967
986 985 972
987 967 968
987 986 967
988 978 980
988 989 978
989 975 978
989 990 975
990 974 975
990 991 974
991 971 974
991 992 971
992 970 971
992 993 970
993 969 970
993 994 969
995 997 996
995 998 997
999 996 1000
999 995 996
1001 1000 1002
1001 999 1000
1003 1002 1004
1003 1001 1002
1005 1004 1006
1005 1003 1004
1007 1006 1008
1007 1005 1006
1009 998 995
1009 1010 998
1011 995 999
1011 1009 995
1012 999 1001
1012 1011 999
1013 1001 1003
1013 1012 1001
1014 1003 1005
1014 1013 1003
1015 1005 1007
1015 1014 1005
1010 1017 1016
1010 1009 1017
1011 1017 1009
1011 1018 1017
1012 1018 1011
1012 1019 1018
1013 1019 1012
1013 1020 1019
1014 1020 1013
1014 1021 1020
1015 1021 1014
1015 1022 1021
1023 1025 1024
1023 1026 1025
1027 1024 1028
1027 1023 1024
1029 1028 1030
1029 1027 1028
1031 1030 1032
1031 1029 1030
1033 1032 1034
1033 1031 1032
1035 1034 1036
1035 1033 1034
1037 1039 1038
1037 1040 1039
1041 1038 1042
1041 1043 1038
1044 1042 1045
1044 1041 1042
1046 1045 1047
1046 1044 1045
1048 1047 1049
1048 1046 1047
1050 1049 1051
1050 1048 1049
1052 1023 1053
1052 1026 1023
1053 1027 1054
1053 1023 1027
1054 1029 1055
1054 1027 1029
1055 1031 1056
1055 1029 1031
1056 1033 1057
1056 1031 1033
1057 1035 1058
1057 1033 1035
1059 1025 1060
1059 1024 1025
1061 1024 1059
1061 1028 1024
1062 1028 1061
1062 1030 1028
1063 1030 1062
1063 1032 1030
1064 1032 1063
1064 1034 1032
1065 1034 1064
1065 1036 1034
1066 1068 1067
1066 1069 1068
1070 1069 1066
1070 1071 1069
1072 1071 1070
1072 1073 1071
1074 1073 1072
1074 1075 1073
1076 1075 1074
1076 1077 1075
1078 1077 1076
1078 1079 1077
1080 1067 1081
1080 1066 1067
1082 1066 1080
1082 1070 1066
1083 1070 1082
1083 1072 1070
1084 1072 1083
1084 1074 1072
1085 1074 1084
1085 1076 1074
1086 1076 1085
1086 1078 1076
1080 1088 1087
1080 1081 1088
1082 1087 1089
1082 1080 1087
1083 1089 1090
1083 1082 1089
1084 1090 1091
1084 1083 1090
1085 1091 1092
1085 1084 1091
1086 1092 1093
1086 1085 1092
1094 1039 1095
1094 1038 1039
1096 1038 1094
1096 1042 1038
1097 1042 1096
1097 1045 1042
1098 1045 1097
1098 1047 1045
1099 1047 1098
1099 1049 1047
1100 1049 1099
1100 1051 1049
1101 1103 1102
1101 1104 1103
1105 1041 1106
1105 1043 1041
1106 1044 1107
1106 1041 1044
1107 1046 1108
1107 1044 1046
1108 1048 1109
1108 1046 1048
1109 1050 1110
1109 1048 1050
1111 1095 1112
1111 1094 1095
1113 1094 1111
1113 1096 1094
1114 1096 1113
1114 1097 1096
1115 1097 1114
1115 1098 1097
1116 1098 1115
1116 1099 1098
1117 1099 1116
1117 1100 1099
1118 1112 1119
1118 1111 1112
1120 1111 1118
1120 1113 1111
1121 1113 1120
1121 1114 1113
1122 1114 1121
1122 1115 1114
1123 1115 1122
1123 1116 1115
1124 1116 1123
1124 1117 1116
1118 1101 1102
1118 1119 1101
1120 1126 1125
1120 1118 1126
1121 1125 1127
1121 1120 1125
1122 1127 1128
1122 1121 1127
1123 1128 1129
1123 1122 1128
1124 1129 1130
1124 1123 1129
1131 1133 1132
1131 862 1133
1132 875 1131
1132 884 875
1134 862 1131
1134 861 862
1131 876 1134
1131 875 876
1135 876 878
1135 1134 876
890 868 867
890 883 868
905 899 900
905 906 899
925 913 914
925 959 913
946 935 932
946 961 935
982 980 979
982 988 980
1010 997 998
1010 1016 997
1052 1025 1026
1052 1060 1025
1081 1068 1088
1081 1067 1068
1101 1039 1040
1101 1095 1039
1119 1095 1101
1119 1112 1095
1136 1065 1137
1136 1036 1065
1137 1050 1136
1137 1110 1050
1138 994 1139
1138 969 994
1139 1035 1138
1139 1058 1035
1140 953 1141
1140 924 953
1141 968 1140
1141 987 968
1142 952 1143
1142 966 952
1143 1008 1142
1143 1007 1008
1144 1015 1145
1144 1022 1015
1145 1093 1144
1145 1086 1093
1146 1078 1147
1146 1079 1078
1146 1124 1130
1146 1147 1124
1148 923 1149
1148 931 923
1150 1135 878
1150 1151 1135
1149 924 1140
1149 923 924
1140 969 1138
1140 968 969
1138 1036 1136
1138 1035 1036
1136 1051 1152
1136 1050 1051
1153 857 859
1153 1154 857
1154 854 857
1154 1155 854
1155 853 854
1155 1156 853
1151 859 861
1151 1153 859
1135 861 1134
1135 1151 861
1157 1051 1100
1157 1152 1051
1158 1156 1159
1158 853 1156
1145 1078 1086
1145 1147 1078
1145 1007 1143
1145 1015 1007
944 1161 1160
944 945 1161
1162 1164 1163
1162 1165 1164
1160 952 944
1160 1143 952
1166 1168 1167
1166 1169 1168
891 1169 1166
891 892 1169
1170 1133 1171
1170 1132 1133
1172 1132 1170
1172 884 1132
1162 910 901
1162 1163 910
1173 1171 1174
1173 1170 1171
1175 1148 1149
1175 1176 1148
1151 1176 1175
1151 1150 1176
1177 1154 1153
1177 1178 1154
1140 1178 1177
1140 1138 1178
1178 1155 1154
1178 1179 1155
1138 1179 1178
1138 1136 1179
1179 1156 1155
1179 1180 1156
1136 1180 1179
1136 1152 1180
1175 1153 1151
1175 1177 1153
1149 1177 1175
1149 1140 1177
1181 1152 1157
1181 1180 1152
1159 1180 1181
1159 1156 1180
1182 1165 1162
1182 1183 1165
1160 1183 1182
1160 1161 1183
1184 1145 1143
1184 1185 1145
1186 1185 1184
1186 1187 1185
1182 1143 1160
1182 1184 1143
1162 1184 1182
1162 1186 1184
1185 1147 1145
1185 1188 1147
1187 1188 1185
1187 1189 1188
1166 901 891
1166 1162 901
1190 1100 1117
1190 1157 1100
1191 1157 1190
1191 1181 1157
1192 1181 1191
1192 1159 1181
1193 1159 1192
1193 1158 1159
1190 1124 1147
1190 1117 1124
1191 1147 1188
1191 1190 1147
1191 1189 1192
1191 1188 1189
1194 1167 1195
1194 1166 1167
1196 1170 1173
1196 1172 1170
1194 1162 1166
1194 1186 1162
1197 1187 1198
1197 1189 1187
1198 1186 1194
1198 1187 1186
1193 1189 1197
1193 1192 1189
1198 1195 1197
1198 1194 1195
1199 1196 1173
1199 1200 1196
648 1202 1201
648 650 1202
646 1201 1203
646 648 1201
645 1203 1204
645 646 1203
652 1206 1205
652 653 1206
656 1204 1207
656 645 1204
653 1207 1206
653 656 1207
658 1205 1208
658 652 1205
650 1208 1202
650 658 1208
1209 853 1158
1209 856 853
1174 1199 1173
1174 1210 1199
693 1212 1211
693 692 1212
690 1214 1213
690 689 1214
694 1211 1215
694 693 1211
695 1215 1216
695 694 1215
691 1213 1217
691 690 1213
692 691 1212
1212 691 1217
686 693 694
686 680 693
692 676 691
692 675 676
699 736 698
699 737 736
734 698 736
734 697 698
821 822 820
821 823 822
767 821 771
767 823 821
667 811 766
667 670 811
766 819 765
766 811 819
674 1218 815
674 663 1218
815 1218 816
816 1218 1219
1218 664 1219
1218 663 664
1220 816 1219
1220 817 816
1220 664 665
1220 1219 664
665 817 1220
665 666 817
812 674 813
812 673 674
832 813 829
832 812 813
836 829 833
836 832 829
842 833 838
842 836 833
847 838 843
847 842 838
667 742 666
667 766 742
817 742 743
817 666 742
710 767 771
710 761 767
700 761 710
700 754 761
754 701 752
754 700 701
752 711 747
752 701 711
747 712 764
747 711 712
702 764 712
702 762 764
823 765 819
823 767 765
704 762 702
704 763 762
803 771 821
803 770 771
795 770 803
795 769 770
796 769 795
796 768 769
1221 1223 1222
1221 1224 1223
848 1224 1221
848 852 1224
776 851 778
776 1225 851
772 1225 776
625 1227 1226
625 626 1227
784 1228 774
784 1229 1228
1230 732 737
1230 1231 732
629 1226 1232
629 625 1226
1233 704 705
1233 1234 704
757 1235 684
757 1236 1235
1237 826 1238
1237 808 826
683 1235 1239
683 684 1235
1240 683 1239
1240 689 683
1236 722 1241
1236 757 722
1231 733 732
1231 1242 733
782 1242 1243
782 733 1242
1234 763 704
1234 1244 763
641 16 15
641 642 16
1245 220 224
1245 1246 220
4 1227 7
4 1226 1227
642 17 16
642 1247 17
604 114 1230
604 76 114
606 82 1233
606 145 82
161 1228 1229
161 151 1228
91 1248 616
91 92 1248
1230 109 1231
1230 114 109
152 1228 151
152 1249 1228
1250 223 204
1250 1251 223
1252 99 1241
1252 98 99
172 605 1253
172 173 605
1251 224 223
1251 1245 224
8 1226 4
8 1232 1226
0 1232 8
0 608 1232
1247 18 17
1247 1254 18
1254 19 18
1254 609 19
1233 81 1234
1233 82 81
134 1235 1236
134 59 1235
1255 204 185
1255 1250 204
1256 222 221
1256 611 222
66 1257 1240
66 590 1257
60 1235 59
60 1239 1235
65 603 1258
65 64 603
1240 60 66
1240 1239 60
72 1258 612
72 65 1258
1236 99 134
1236 1241 99
1252 92 98
1252 1248 92
1231 110 1242
1231 109 110
614 140 102
614 1244 140
159 1242 110
159 1243 1242
176 1253 618
176 172 1253
1255 178 617
1255 185 178
1246 221 220
1246 1256 221
1234 140 1244
1234 81 140
1259 843 1260
1259 847 843
642 638 1247
642 637 638
699 603 604
699 687 603
604 737 699
604 1230 737
1261 705 768
1261 1233 705
716 1248 715
716 616 1248
773 1228 1249
773 774 1228
1262 768 796
1262 1261 768
1238 846 1263
1238 826 846
1252 722 721
1252 1241 722
797 1262 796
797 1264 1262
1263 847 1259
1263 846 847
607 621 608
607 624 621
621 1232 608
621 629 1232
1247 639 1254
1247 638 639
1254 640 609
1254 639 640
607 640 624
607 609 640
1265 845 1266
1265 844 845
1267 845 850
1267 1266 845
612 1216 613
612 695 1216
689 1257 1214
689 1240 1257
688 603 687
688 1258 603
695 1258 688
695 612 1258
724 614 615
724 725 614
724 616 716
724 615 616
1252 715 1248
1252 721 715
614 763 1244
614 725 763
799 1264 797
799 1268 1264
801 1268 799
801 1269 1268
1237 801 808
1237 1269 801
1260 844 1265
1260 843 844
1222 1271 1270
1222 1223 1271
LABEL Brows
MATERIAL 2
TEXTURE 2
GEOM 124 192
-0.01300 0.70904 0.14813 0.1773 0.0297 0.9837 0.07390 0.37520
-0.01740 0.71016 0.14771 -0.0307 0.1502 0.9882 0.13770 0.35170
-0.01722 0.71134 0.14690 0.0435 0.5471 0.8359 0.13980 0.33000
-0.01288 0.71046 0.14739 0.2147 0.4500 0.8668 0.06640 0.35350
-0.01854 0.70412 0.14214 -0.2514 -0.8218 0.5113 0.15430 0.41810
-0.01871 0.70355 0.14080 -0.2831 -0.8228 0.4928 0.16990 0.43920
-0.02286 0.70487 0.14054 -0.2377 -0.8627 0.4464 0.22780 0.41230
-0.02249 0.70515 0.14136 -0.2585 -0.8470 0.4645 0.22010 0.39660
-0.02954 0.70588 0.13971 -0.1619 -0.8606 0.4828 0.32860 0.39270
-0.02866 0.70652 0.14113 -0.2019 -0.8355 0.5111 0.32350 0.37710
-0.03535 0.70631 0.13879 -0.1999 -0.7903 0.5792 0.42960 0.37810
-0.03516 0.70719 0.14035 -0.2498 -0.7364 0.6287 0.42850 0.36640
-0.04221 0.70692 0.13740 -0.4351 -0.5998 0.6715 0.55400 0.37920
-0.04182 0.70782 0.13810 -0.3980 -0.5779 0.7125 0.56080 0.37130
-0.04700 0.70693 0.13334 -0.4722 -0.6235 0.6231 0.66410 0.39050
-0.04738 0.70832 0.13441 -0.5333 -0.4893 0.6900 0.66940 0.38150
-0.05084 0.70655 0.12976 -0.3667 -0.7834 0.5018 0.74250 0.41070
-0.05167 0.70744 0.13053 -0.6451 -0.4781 0.5961 0.74420 0.40170
-0.05460 0.70459 0.12276 -0.2698 -0.8632 0.4268 0.81790 0.43340
-0.05516 0.70533 0.12422 -0.7106 -0.4850 0.5098 0.82330 0.42690
-0.05762 0.70244 0.11685 -0.3228 -0.7959 0.5121 0.88170 0.45850
-0.05804 0.70321 0.11789 -0.6746 -0.5276 0.5163 0.88580 0.45230
-0.05982 0.70001 0.11220 -0.3517 -0.7531 0.5561 0.95820 0.49090
-0.06002 0.70033 0.11230 -0.5152 -0.6411 0.5688 0.95540 0.48450
-0.00947 0.70690 0.14669 0.3241 -0.3597 0.8750 0.02710 0.39500
-0.01043 0.70687 0.14722 0.2695 -0.2703 0.9243 0.04070 0.40240
-0.01525 0.70234 0.14121 -0.2780 -0.6734 0.6850 0.09580 0.46860
-0.01468 0.70302 0.14192 -0.2467 -0.7021 0.6680 0.08770 0.44370
-0.01844 0.70717 0.14717 -0.1785 -0.5714 0.8010 0.14230 0.38180
-0.02221 0.70804 0.14637 -0.2433 -0.5747 0.7814 0.21160 0.36300
-0.02842 0.70899 0.14542 -0.2857 -0.5316 0.7974 0.31670 0.35730
-0.03487 0.70958 0.14267 -0.3737 -0.4507 0.8107 0.42740 0.35080
-0.04179 0.70978 0.13913 -0.4765 -0.3379 0.8116 0.56530 0.35800
-0.04775 0.70957 0.13499 -0.6117 -0.2636 0.7459 0.67300 0.37220
-0.05165 0.70831 0.13074 -0.7723 -0.1693 0.6123 0.74660 0.39430
-0.05534 0.70621 0.12389 -0.9051 0.0127 0.4250 0.82830 0.42080
-0.05805 0.70373 0.11742 -0.9121 -0.0104 0.4098 0.89590 0.44350
-0.06081 0.70034 0.11200 -0.9175 -0.2169 0.3334 0.95500 0.47810
-0.01207 0.70230 0.14231 -0.3276 -0.6117 0.7201 0.05170 0.44720
-0.01160 0.70109 0.14192 -0.3510 -0.5350 0.7685 0.04870 0.47530
-0.01417 0.70610 0.14639 -0.1149 -0.6391 0.7605 0.08440 0.40280
-0.01139 0.70418 0.14477 -0.0911 -0.6883 0.7197 0.04600 0.42160
-0.02163 0.71091 0.14753 -0.1096 0.2259 0.9680 0.20810 0.33960
-0.02142 0.71201 0.14668 -0.0047 0.6548 0.7558 0.21500 0.32020
-0.02756 0.71197 0.14615 -0.2538 0.3263 0.9105 0.32040 0.33460
-0.02712 0.71267 0.14520 -0.1485 0.7456 0.6497 0.32900 0.31760
-0.03456 0.71173 0.14343 -0.3999 0.2948 0.8679 0.43400 0.33610
-0.03469 0.71274 0.14228 -0.3265 0.6787 0.6578 0.44310 0.31980
-0.04181 0.71163 0.13939 -0.5190 0.2534 0.8163 0.57290 0.33910
-0.04148 0.71264 0.13884 -0.4386 0.6215 0.6491 0.58070 0.32530
-0.04796 0.71095 0.13520 -0.6632 0.2851 0.6920 0.68180 0.35670
-0.04772 0.71179 0.13430 -0.5896 0.6642 0.4595 0.69020 0.34760
-0.05178 0.70976 0.13069 -0.8124 0.3525 0.4644 0.75470 0.38260
-0.05158 0.71024 0.12980 -0.6603 0.7371 0.1437 0.76260 0.37470
-0.05551 0.70707 0.12362 -0.8722 0.4281 0.2365 0.83410 0.41300
-0.05509 0.70725 0.12180 -0.6068 0.7914 -0.0739 0.83900 0.40760
-0.05809 0.70438 0.11689 -0.8316 0.5459 0.1017 0.90070 0.43970
-0.05773 0.70432 0.11532 -0.6069 0.7803 -0.1508 0.90350 0.43720
-0.06059 0.70130 0.11171 -0.8817 0.4708 -0.0299 0.95610 0.47370
-0.06043 0.70128 0.11103 -0.8847 0.4262 -0.1888 0.96100 0.47090
-0.01046 0.70311 0.14399 -0.2605 -0.6364 0.7260 0.03240 0.42930
-0.06077 0.69961 0.11089 -0.9449 -0.2730 0.1807 0.96280 0.48050
0.01300 0.70904 0.14813 -0.1773 0.0297 0.9837 0.91520 0.64250
0.01288 0.71046 0.14739 -0.2147 0.4501 0.8668 0.92250 0.62130
0.01722 0.71134 0.14690 -0.0435 0.5471 0.8359 0.84900 0.59800
0.01740 0.71016 0.14771 0.0307 0.1502 0.9882 0.85110 0.61850
0.01854 0.70412 0.14214 0.2514 -0.8218 0.5113 0.83460 0.68570
0.02249 0.70515 0.14136 0.2585 -0.8470 0.4645 0.76870 0.66400
0.02286 0.70487 0.14054 0.2377 -0.8626 0.4465 0.76120 0.68010
0.01871 0.70355 0.14080 0.2832 -0.8228 0.4928 0.81920 0.70700
0.02866 0.70652 0.14113 0.2022 -0.8352 0.5114 0.66540 0.64510
0.02954 0.70588 0.13971 0.1619 -0.8606 0.4829 0.66050 0.66060
0.03516 0.70719 0.14035 0.2500 -0.7359 0.6292 0.56050 0.63350
0.03535 0.70631 0.13879 0.1999 -0.7903 0.5792 0.55940 0.64580
0.04182 0.70782 0.13810 0.3980 -0.5776 0.7127 0.42770 0.63860
0.04221 0.70692 0.13740 0.4351 -0.5998 0.6715 0.43460 0.64610
0.04738 0.70832 0.13441 0.5333 -0.4893 0.6900 0.31910 0.64920
0.04700 0.70693 0.13334 0.4722 -0.6235 0.6231 0.32440 0.65790
0.05167 0.70744 0.13053 0.6451 -0.4780 0.5961 0.24490 0.67010
0.05084 0.70655 0.12976 0.3668 -0.7834 0.5018 0.24670 0.67900
0.05516 0.70533 0.12422 0.7106 -0.4850 0.5097 0.16580 0.69540
0.05460 0.70459 0.12276 0.2698 -0.8632 0.4268 0.17110 0.70160
0.05804 0.70321 0.11789 0.6747 -0.5275 0.5163 0.10340 0.72110
0.05762 0.70244 0.11685 0.3228 -0.7959 0.5122 0.10750 0.72700
0.06002 0.70033 0.11230 0.5153 -0.6409 0.5689 0.03380 0.75300
0.05982 0.70001 0.11220 0.3518 -0.7528 0.5563 0.03130 0.75970
0.01043 0.70687 0.14722 -0.2695 -0.2703 0.9243 0.94800 0.67000
0.00947 0.70690 0.14669 -0.3240 -0.3598 0.8750 0.96180 0.66270
0.01525 0.70234 0.14121 0.2779 -0.6734 0.6851 0.89330 0.73640
0.01468 0.70302 0.14192 0.2467 -0.7021 0.6680 0.90100 0.71060
0.01844 0.70717 0.14717 0.1785 -0.5714 0.8010 0.84650 0.64940
0.02221 0.70804 0.14637 0.2433 -0.5747 0.7814 0.77720 0.63100
0.02842 0.70899 0.14542 0.2859 -0.5315 0.7973 0.67200 0.62460
0.03487 0.70960 0.14268 0.3740 -0.4498 0.8111 0.56140 0.61910
0.04179 0.70978 0.13913 0.4763 -0.3378 0.8118 0.42310 0.62560
0.04775 0.70957 0.13499 0.6117 -0.2636 0.7459 0.31560 0.64010
0.05165 0.70831 0.13074 0.7723 -0.1693 0.6123 0.24240 0.66270
0.05534 0.70621 0.12389 0.9051 0.0127 0.4250 0.16080 0.68940
0.05805 0.70373 0.11742 0.9121 -0.0103 0.4098 0.09330 0.71220
0.06081 0.70034 0.11200 0.9175 -0.2166 0.3335 0.03440 0.74690
0.01160 0.70109 0.14192 0.3509 -0.5350 0.7685 0.94030 0.74300
0.01207 0.70230 0.14231 0.3276 -0.6117 0.7201 0.93750 0.71410
0.01417 0.70610 0.14639 0.1149 -0.6391 0.7605 0.90450 0.67040
0.01139 0.70418 0.14477 0.0911 -0.6883 0.7197 0.94290 0.68870
0.02142 0.71201 0.14668 0.0047 0.6548 0.7558 0.77380 0.58800
0.02163 0.71091 0.14753 0.1096 0.2260 0.9680 0.78060 0.60640
0.02712 0.71267 0.14520 0.1485 0.7456 0.6497 0.65970 0.58550
0.02756 0.71197 0.14615 0.2538 0.3263 0.9106 0.66830 0.60180
0.03469 0.71274 0.14228 0.3265 0.6787 0.6578 0.54560 0.58780
0.03456 0.71173 0.14343 0.3999 0.2946 0.8679 0.55450 0.60320
0.04148 0.71264 0.13884 0.4386 0.6215 0.6492 0.40800 0.59350
0.04181 0.71163 0.13939 0.5190 0.2533 0.8164 0.41570 0.60660
0.04772 0.71179 0.13430 0.5896 0.6643 0.4596 0.29850 0.61590
0.04796 0.71095 0.13520 0.6631 0.2851 0.6921 0.30710 0.62500
0.05158 0.71024 0.12980 0.6603 0.7372 0.1436 0.22630 0.64320
0.05178 0.70976 0.13069 0.8124 0.3526 0.4644 0.23430 0.65100
0.05509 0.70725 0.12180 0.6067 0.7915 -0.0740 0.14980 0.67620
0.05551 0.70707 0.12362 0.8722 0.4281 0.2365 0.15490 0.68150
0.05773 0.70432 0.11532 0.6071 0.7802 -0.1507 0.08550 0.70590
0.05809 0.70438 0.11689 0.8316 0.5459 0.1017 0.08840 0.70830
0.06043 0.70128 0.11103 0.8846 0.4264 -0.1887 0.02840 0.73980
0.06059 0.70129 0.11171 0.8819 0.4706 -0.0298 0.03330 0.74270
0.01046 0.70311 0.14399 0.2605 -0.6364 0.7261 0.95680 0.69640
0.06077 0.69961 0.11089 0.9448 -0.2729 0.1811 0.02720 0.74990
0 2 1
0 3 2
4 6 5
4 7 6
7 8 6
7 9 8
9 10 8
9 11 10
11 12 10
11 13 12
13 14 12
13 15 14
15 16 14
15 17 16
17 18 16
17 19 18
19 20 18
19 21 20
21 22 20
21 23 22
0 24 3
0 25 24
26 4 5
26 27 4
28 7 4
28 29 7
29 9 7
29 30 9
30 11 9
30 31 11
31 13 11
31 32 13
32 15 13
32 33 15
33 17 15
33 34 17
34 19 17
34 35 19
35 21 19
35 36 21
36 23 21
36 37 23
26 38 27
26 39 38
40 1 28
40 0 1
40 25 0
40 41 25
2 42 1
2 43 42
43 44 42
43 45 44
45 46 44
45 47 46
47 48 46
47 49 48
49 50 48
49 51 50
51 52 50
51 53 52
53 54 52
53 55 54
55 56 54
55 57 56
57 58 56
57 59 58
41 24 25
41 60 24
37 22 23
37 61 22
1 29 28
1 42 29
42 30 29
42 44 30
44 31 30
44 46 31
46 32 31
46 48 32
48 33 32
48 50 33
50 34 33
50 52 34
52 35 34
52 54 35
54 36 35
54 56 36
56 37 36
56 58 37
27 28 4
27 40 28
27 41 40
27 38 41
38 60 41
38 39 60
58 61 37
58 59 61
62 64 63
62 65 64
66 68 67
66 69 68
67 71 70
67 68 71
70 73 72
70 71 73
72 75 74
72 73 75
74 77 76
74 75 77
76 79 78
76 77 79
78 81 80
78 79 81
80 83 82
80 81 83
82 85 84
82 83 85
62 87 86
62 63 87
88 66 89
88 69 66
90 67 91
90 66 67
91 70 92
91 67 70
92 72 93
92 70 72
93 74 94
93 72 74
94 76 95
94 74 76
95 78 96
95 76 78
96 80 97
96 78 80
97 82 98
97 80 82
98 84 99
98 82 84
88 101 100
88 89 101
102 65 62
102 90 65
102 86 103
102 62 86
64 105 104
64 65 105
104 107 106
104 105 107
106 109 108
106 107 109
108 111 110
108 109 111
110 113 112
110 111 113
112 115 114
112 113 115
114 117 116
114 115 117
116 119 118
116 117 119
118 121 120
118 119 121
103 87 122
103 86 87
99 85 123
99 84 85
65 91 105
65 90 91
105 92 107
105 91 92
107 93 109
107 92 93
109 94 111
109 93 94
111 95 113
111 94 95
113 96 115
113 95 96
115 97 117
115 96 97
117 98 119
117 97 98
119 99 121
119 98 99
89 90 102
89 66 90
89 103 101
89 102 103
101 122 100
101 103 122
121 123 120
121 99 123
LABEL Lashes
MATERIAL 3
TEXTURE 3
GEOM 250 368
-0.03435 0.69951 0.13235 0.1821 -0.9711 -0.1542 0.41149 0.45092
-0.03367 0.69919 0.13464 0.0574 -0.9679 0.2446 0.40561 0.40736
-0.02996 0.69936 0.13484 -0.0792 -0.9601 0.2683 0.33401 0.39669
-0.03073 0.69945 0.13298 -0.0466 -0.9966 -0.0681 0.34694 0.43184
-0.04317 0.69579 0.13038 0.6032 -0.6944 0.3924 0.58771 0.51629
-0.04338 0.69515 0.12981 0.8263 -0.4507 0.3376 0.59584 0.53004
-0.04618 0.69501 0.13178 0.3389 -0.5703 0.7483 0.65411 0.49516
-0.04540 0.69648 0.13253 0.2602 -0.6361 0.7264 0.63215 0.46678
-0.01841 0.69283 0.13037 -0.2404 0.8846 0.3997 0.42694 0.80112
-0.01746 0.69198 0.13200 -0.1908 0.7839 0.5908 0.41163 0.83750
-0.01915 0.69183 0.13214 -0.1760 0.8230 0.5401 0.44342 0.84112
-0.01994 0.69233 0.12974 -0.2550 0.9150 0.3126 0.45929 0.79250
-0.02639 0.69873 0.13268 -0.2469 -0.9691 -0.0014 0.26625 0.43444
-0.02591 0.69860 0.13442 -0.2191 -0.9381 0.2683 0.25565 0.40285
-0.03965 0.69212 0.12920 0.3946 0.9153 0.0807 0.83470 0.79531
-0.03767 0.69138 0.13071 0.2825 0.9468 0.1544 0.79511 0.82512
-0.03746 0.69075 0.13325 -0.0160 0.7858 0.6183 0.78991 0.87258
-0.03975 0.69200 0.13187 0.0761 0.8431 0.5324 0.83874 0.84529
-0.02115 0.69180 0.13017 -0.2302 0.9458 0.2292 0.48418 0.80693
-0.02082 0.69129 0.13263 -0.0824 0.8376 0.5400 0.47584 0.85200
-0.02305 0.69081 0.13344 0.0008 0.8364 0.5482 0.51899 0.86916
-0.02334 0.69108 0.13139 -0.1430 0.9749 0.1706 0.52316 0.82820
-0.04236 0.69636 0.12648 0.7069 -0.7071 0.0136 0.55071 0.58084
-0.04289 0.69579 0.12685 0.8160 -0.5746 0.0624 0.56562 0.57660
-0.04248 0.69640 0.13079 0.5346 -0.7991 0.2752 0.57355 0.50097
-0.01853 0.69488 0.13158 -0.4523 -0.8851 0.1092 0.10432 0.46931
-0.02021 0.69577 0.13089 -0.5269 -0.8468 0.0728 0.13974 0.47752
-0.01984 0.69580 0.13294 -0.4662 -0.8430 0.2684 0.13017 0.44025
-0.01822 0.69482 0.13252 -0.4343 -0.8743 0.2167 0.09632 0.45119
-0.03398 0.69052 0.13208 0.0841 0.9782 0.1900 0.72399 0.85165
-0.03394 0.69006 0.13432 -0.0501 0.7901 0.6110 0.72105 0.89384
-0.02998 0.69029 0.13252 -0.0321 0.9891 0.1437 0.65124 0.85678
-0.02667 0.69063 0.13222 -0.0890 0.9867 0.1360 0.58771 0.84885
-0.02626 0.69038 0.13420 0.0033 0.8298 0.5581 0.57902 0.88557
-0.02988 0.69003 0.13478 -0.0180 0.7993 0.6007 0.64590 0.89767
-0.04299 0.69527 0.12704 0.9544 -0.2827 0.0958 0.57642 0.57695
-0.03805 0.69875 0.13060 0.3206 -0.9373 -0.1365 0.47604 0.48757
-0.03706 0.69851 0.13375 0.1572 -0.9625 0.2211 0.46872 0.42931
-0.02230 0.69734 0.13162 -0.4593 -0.8879 0.0266 0.18809 0.45974
-0.02227 0.69728 0.13367 -0.3681 -0.8905 0.2674 0.18303 0.42145
-0.03976 0.69786 0.13263 0.2213 -0.9467 0.2341 0.51933 0.45769
-0.03986 0.69942 0.13530 -0.0395 -0.7364 0.6754 0.52288 0.39868
-0.03706 0.70007 0.13605 -0.0400 -0.7434 0.6677 0.47057 0.37713
-0.04052 0.69796 0.12833 0.4540 -0.8868 -0.0866 0.51543 0.53865
-0.01700 0.69433 0.13220 -0.3964 -0.9056 0.1510 0.07348 0.45878
-0.01681 0.69411 0.13146 -0.3747 -0.9200 0.1147 0.06999 0.47465
-0.01944 0.69631 0.13405 -0.3480 -0.7603 0.5484 0.12599 0.41529
-0.01786 0.69506 0.13352 -0.4390 -0.7849 0.4373 0.09119 0.43232
-0.04151 0.69712 0.13163 0.3713 -0.8901 0.2642 0.55290 0.48176
-0.04203 0.69872 0.13429 0.0228 -0.7462 0.6653 0.56446 0.42056
-0.04181 0.69719 0.12721 0.6609 -0.7497 -0.0339 0.53656 0.56484
-0.04128 0.69300 0.12747 0.5605 0.8271 0.0429 0.86377 0.75811
-0.04132 0.69278 0.13067 0.2701 0.8353 0.4789 0.86965 0.82081
-0.04199 0.69347 0.12675 0.6250 0.7804 0.0215 0.87642 0.74081
-0.04209 0.69350 0.13016 0.4016 0.7961 0.4527 0.88811 0.80577
-0.04263 0.69394 0.12960 0.4869 0.8112 0.3238 0.89830 0.79408
-0.04252 0.69393 0.12609 0.6315 0.7752 0.0158 0.88777 0.72857
-0.02194 0.69790 0.13502 -0.2217 -0.7728 0.5947 0.17961 0.39204
-0.03358 0.70052 0.13664 -0.0260 -0.7783 0.6274 0.40670 0.35997
-0.04387 0.69774 0.13354 0.1259 -0.7174 0.6851 0.60084 0.44230
-0.02550 0.69958 0.13613 -0.1179 -0.7871 0.6054 0.25154 0.36702
-0.01690 0.69436 0.13331 -0.4634 -0.8120 0.3549 0.06903 0.44189
-0.02976 0.70046 0.13675 -0.0510 -0.7979 0.6006 0.33333 0.35375
-0.01765 0.69551 0.13421 -0.4285 -0.6962 0.5760 0.08900 0.41707
-0.01748 0.69591 0.13484 -0.4246 -0.6947 0.5807 0.08811 0.40449
-0.01661 0.69490 0.13434 -0.4603 -0.6658 0.5872 0.06548 0.41864
-0.01667 0.69450 0.13387 -0.4777 -0.6973 0.5344 0.06548 0.42897
-0.04497 0.69913 0.13447 0.0107 -0.5853 0.8108 0.61957 0.40873
-0.04710 0.69746 0.13357 0.1294 -0.5364 0.8340 0.66183 0.43827
-0.04845 0.69825 0.13420 0.1175 -0.5080 0.8533 0.68447 0.41789
-0.04586 0.70002 0.13524 0.0154 -0.5613 0.8275 0.63441 0.38452
-0.03357 0.70157 0.13777 -0.0699 -0.5986 0.7980 0.40861 0.32988
-0.03714 0.70144 0.13722 -0.1123 -0.5667 0.8162 0.47392 0.34349
-0.03720 0.70263 0.13783 -0.1327 -0.4802 0.8670 0.47666 0.31805
-0.03355 0.70277 0.13835 -0.0863 -0.4806 0.8727 0.40991 0.30739
-0.04862 0.69554 0.13283 0.1810 -0.4807 0.8580 0.69500 0.47314
-0.05022 0.69597 0.13333 0.1477 -0.4538 0.8788 0.72290 0.45783
-0.02959 0.70228 0.13847 -0.0523 -0.5861 0.8085 0.33422 0.30827
-0.02967 0.70131 0.13774 -0.0484 -0.6702 0.7406 0.33401 0.32694
-0.04264 0.70005 0.13546 -0.0785 -0.5762 0.8135 0.57567 0.38500
-0.04320 0.70139 0.13608 -0.0931 -0.5302 0.8427 0.58552 0.35853
-0.04015 0.70099 0.13629 -0.1233 -0.5587 0.8202 0.52910 0.36298
-0.04040 0.70227 0.13714 -0.1415 -0.5159 0.8449 0.53457 0.33590
-0.01928 0.69696 0.13486 -0.3169 -0.7174 0.6204 0.12606 0.39717
-0.02183 0.69860 0.13570 -0.1909 -0.7318 0.6542 0.17878 0.37201
-0.02175 0.69916 0.13642 -0.2005 -0.7596 0.6187 0.17954 0.35628
-0.01917 0.69738 0.13543 -0.3277 -0.7344 0.5943 0.12675 0.38274
-0.02533 0.70031 0.13694 -0.0931 -0.7289 0.6783 0.25093 0.34356
-0.02525 0.70084 0.13758 -0.0879 -0.7105 0.6982 0.25161 0.32674
-0.01860 0.69037 0.13334 -0.0758 0.5717 0.8170 0.43344 0.87600
-0.02057 0.68975 0.13380 0.0823 0.5208 0.8497 0.47112 0.89056
-0.03381 0.68848 0.13526 -0.1606 0.3433 0.9254 0.71934 0.92633
-0.03722 0.68914 0.13413 -0.2560 0.3251 0.9104 0.78465 0.90930
-0.02295 0.68927 0.13451 0.1416 0.4491 0.8822 0.51707 0.90554
-0.02616 0.68866 0.13522 0.1056 0.3913 0.9142 0.57684 0.92086
-0.02989 0.68838 0.13563 -0.0036 0.3640 0.9314 0.64563 0.92975
-0.04324 0.69206 0.13147 0.0146 0.4581 0.8888 0.90678 0.84304
-0.04428 0.69307 0.13101 0.0622 0.4735 0.8786 0.92770 0.82492
-0.03974 0.69010 0.13309 -0.2775 0.3626 0.8897 0.83504 0.88783
-0.04162 0.69103 0.13202 -0.1801 0.4303 0.8845 0.87402 0.86533
-0.01693 0.69119 0.13325 -0.1535 0.5861 0.7955 0.39918 0.86075
-0.02993 0.68715 0.13594 -0.0087 0.1757 0.9844 0.64618 0.95293
-0.02616 0.68746 0.13558 0.1114 0.2323 0.9663 0.57615 0.94376
-0.02617 0.68669 0.13569 0.1055 0.1802 0.9780 0.57602 0.96065
-0.02987 0.68630 0.13602 -0.0067 0.1058 0.9944 0.64672 0.97071
-0.02046 0.68887 0.13421 0.1048 0.3675 0.9241 0.46927 0.90909
-0.02040 0.68833 0.13437 0.1201 0.3242 0.9383 0.46797 0.92209
-0.02294 0.68744 0.13512 0.1454 0.2777 0.9496 0.51564 0.94151
-0.02291 0.68835 0.13479 0.1553 0.3070 0.9389 0.51564 0.92598
-0.03982 0.68846 0.13334 -0.3147 0.2007 0.9277 0.83696 0.91928
-0.03722 0.68763 0.13440 -0.3051 0.1985 0.9314 0.78513 0.93843
-0.03724 0.68653 0.13472 -0.2986 0.2047 0.9322 0.78608 0.96093
-0.03992 0.68706 0.13357 -0.3096 0.2140 0.9265 0.83894 0.94424
-0.04410 0.69073 0.13168 -0.0958 0.2256 0.9695 0.92175 0.86977
-0.04498 0.68972 0.13178 -0.0984 0.1867 0.9775 0.93714 0.89179
-0.04695 0.69182 0.13149 -0.0044 0.1605 0.9870 0.97701 0.85172
-0.04550 0.69241 0.13134 -0.0086 0.2107 0.9775 0.95013 0.83859
-0.04205 0.68948 0.13241 -0.2490 0.2283 0.9412 0.88120 0.89624
-0.04280 0.68813 0.13251 -0.2364 0.2064 0.9495 0.89324 0.92202
-0.01667 0.69076 0.13347 -0.1315 0.4431 0.8868 0.39439 0.87189
-0.01675 0.69034 0.13369 -0.0974 0.3913 0.9151 0.39583 0.88072
-0.01838 0.68917 0.13397 -0.0003 0.3544 0.9351 0.42783 0.90014
-0.01852 0.68983 0.13372 -0.0419 0.4260 0.9038 0.43036 0.89056
-0.03402 0.68620 0.13563 -0.1858 0.1396 0.9726 0.72208 0.97071
-0.03398 0.68714 0.13556 -0.1888 0.1790 0.9656 0.72092 0.95129
0.03435 0.69951 0.13235 -0.1821 -0.9711 -0.1542 0.41584 0.18081
0.03073 0.69945 0.13298 0.0466 -0.9966 -0.0681 0.35129 0.16174
0.02996 0.69936 0.13484 0.0792 -0.9601 0.2683 0.33837 0.12659
0.03367 0.69919 0.13464 -0.0574 -0.9679 0.2446 0.40996 0.13726
0.04317 0.69579 0.13038 -0.6032 -0.6944 0.3924 0.59206 0.24619
0.04540 0.69648 0.13253 -0.2602 -0.6361 0.7264 0.63651 0.19668
0.04618 0.69501 0.13178 -0.3389 -0.5703 0.7483 0.65846 0.22506
0.04338 0.69515 0.12981 -0.8263 -0.4507 0.3376 0.60020 0.25993
0.01841 0.69283 0.13037 0.2404 0.8846 0.3997 0.38774 0.59418
0.01994 0.69233 0.12974 0.2550 0.9150 0.3126 0.42008 0.58557
0.01915 0.69183 0.13214 0.1760 0.8230 0.5401 0.40422 0.63419
0.01746 0.69198 0.13200 0.1908 0.7839 0.5908 0.37242 0.63056
0.02639 0.69873 0.13268 0.2468 -0.9691 -0.0014 0.27060 0.16433
0.02591 0.69860 0.13442 0.2191 -0.9381 0.2683 0.26000 0.13274
0.03965 0.69212 0.12920 -0.3946 0.9153 0.0807 0.79549 0.58837
0.03975 0.69200 0.13187 -0.0761 0.8431 0.5324 0.79953 0.63836
0.03746 0.69075 0.13325 0.0160 0.7858 0.6183 0.75071 0.66564
0.03767 0.69138 0.13071 -0.2825 0.9468 0.1544 0.75590 0.61819
0.02115 0.69180 0.13017 0.2302 0.9458 0.2292 0.44497 0.60000
0.02334 0.69108 0.13139 0.1430 0.9749 0.1706 0.48395 0.62126
0.02305 0.69081 0.13344 -0.0008 0.8364 0.5482 0.47978 0.66222
0.02082 0.69129 0.13263 0.0824 0.8376 0.5400 0.43663 0.64506
0.04236 0.69636 0.12648 -0.7069 -0.7072 0.0136 0.55507 0.31074
0.04248 0.69640 0.13079 -0.5346 -0.7991 0.2752 0.57791 0.23087
0.04289 0.69579 0.12685 -0.8160 -0.5746 0.0624 0.56998 0.30650
0.01853 0.69488 0.13158 0.4523 -0.8851 0.1092 0.10867 0.19921
0.01822 0.69482 0.13252 0.4343 -0.8743 0.2167 0.10067 0.18109
0.01984 0.69580 0.13294 0.4661 -0.8430 0.2684 0.13452 0.17015
0.02021 0.69577 0.13089 0.5269 -0.8468 0.0728 0.14410 0.20741
0.03398 0.69052 0.13208 -0.0841 0.9782 0.1900 0.68479 0.64472
0.03394 0.69006 0.13432 0.0501 0.7901 0.6110 0.68184 0.68691
0.02998 0.69029 0.13252 0.0321 0.9891 0.1437 0.61203 0.64985
0.02988 0.69003 0.13478 0.0180 0.7993 0.6007 0.60669 0.69074
0.02626 0.69038 0.13420 -0.0033 0.8298 0.5581 0.53982 0.67864
0.02667 0.69063 0.13222 0.0889 0.9867 0.1360 0.54850 0.64191
0.04299 0.69527 0.12704 -0.9544 -0.2827 0.0958 0.58078 0.30684
0.03706 0.69851 0.13375 -0.1572 -0.9625 0.2211 0.47308 0.15921
0.03805 0.69875 0.13060 -0.3206 -0.9373 -0.1365 0.48040 0.21747
0.02230 0.69734 0.13162 0.4593 -0.8879 0.0266 0.19244 0.18963
0.02227 0.69728 0.13367 0.3680 -0.8905 0.2674 0.18738 0.15134
0.03706 0.70007 0.13605 0.0400 -0.7434 0.6677 0.47493 0.10703
0.03986 0.69942 0.13530 0.0395 -0.7364 0.6754 0.52724 0.12857
0.03976 0.69786 0.13263 -0.2213 -0.9467 0.2341 0.52368 0.18758
0.04052 0.69796 0.12833 -0.4539 -0.8868 -0.0866 0.51978 0.26855
0.01681 0.69411 0.13146 0.3747 -0.9200 0.1147 0.07435 0.20454
0.01700 0.69433 0.13220 0.3965 -0.9056 0.1510 0.07783 0.18868
0.01786 0.69506 0.13352 0.4390 -0.7849 0.4373 0.09555 0.16221
0.01944 0.69631 0.13405 0.3480 -0.7603 0.5484 0.13035 0.14519
0.04203 0.69872 0.13429 -0.0228 -0.7462 0.6653 0.56881 0.15045
0.04151 0.69712 0.13163 -0.3713 -0.8901 0.2642 0.55726 0.21165
0.04181 0.69719 0.12721 -0.6609 -0.7497 -0.0339 0.54091 0.29474
0.04128 0.69300 0.12747 -0.5604 0.8271 0.0429 0.82456 0.55117
0.04132 0.69278 0.13067 -0.2701 0.8353 0.4789 0.83044 0.61388
0.04199 0.69347 0.12675 -0.6250 0.7804 0.0215 0.83721 0.53387
0.04209 0.69350 0.13016 -0.4016 0.7961 0.4527 0.84890 0.59883
0.04252 0.69393 0.12609 -0.6315 0.7752 0.0158 0.84856 0.52163
0.04263 0.69394 0.12960 -0.4869 0.8112 0.3238 0.85909 0.58714
0.02194 0.69790 0.13502 0.2217 -0.7728 0.5947 0.18396 0.12194
0.03358 0.70052 0.13664 0.0260 -0.7783 0.6274 0.41106 0.08987
0.04387 0.69774 0.13354 -0.1259 -0.7174 0.6851 0.60519 0.17220
0.02550 0.69958 0.13613 0.1179 -0.7871 0.6054 0.25590 0.09691
0.01690 0.69436 0.13331 0.4634 -0.8120 0.3549 0.07339 0.17179
0.02976 0.70046 0.13675 0.0510 -0.7979 0.6006 0.33768 0.08364
0.01765 0.69551 0.13421 0.4285 -0.6962 0.5760 0.09336 0.14697
0.01667 0.69450 0.13387 0.4777 -0.6973 0.5344 0.06983 0.15886
0.01661 0.69490 0.13434 0.4603 -0.6658 0.5872 0.06983 0.14854
0.01748 0.69591 0.13484 0.4246 -0.6947 0.5807 0.09247 0.13438
0.04497 0.69913 0.13447 -0.0107 -0.5853 0.8108 0.62393 0.13862
0.04586 0.70002 0.13524 -0.0154 -0.5613 0.8275 0.63877 0.11442
0.04845 0.69825 0.13420 -0.1175 -0.5080 0.8533 0.68882 0.14779
0.04710 0.69746 0.13357 -0.1294 -0.5364 0.8340 0.66619 0.16816
0.03357 0.70157 0.13777 0.0699 -0.5986 0.7980 0.41297 0.05978
0.03355 0.70277 0.13835 0.0863 -0.4806 0.8727 0.41427 0.03728
0.03720 0.70263 0.13783 0.1327 -0.4802 0.8670 0.48101 0.04795
0.03714 0.70144 0.13722 0.1123 -0.5667 0.8162 0.47828 0.07339
0.05022 0.69597 0.13333 -0.1477 -0.4538 0.8788 0.72725 0.18772
0.04862 0.69554 0.13283 -0.1810 -0.4807 0.8580 0.69935 0.20304
0.02967 0.70131 0.13774 0.0484 -0.6702 0.7406 0.33837 0.05684
0.02959 0.70228 0.13847 0.0523 -0.5861 0.8085 0.33857 0.03817
0.04264 0.70005 0.13546 0.0785 -0.5762 0.8135 0.58003 0.11489
0.04320 0.70139 0.13608 0.0931 -0.5302 0.8427 0.58987 0.08843
0.04040 0.70227 0.13714 0.1415 -0.5159 0.8449 0.53893 0.06580
0.04015 0.70099 0.13629 0.1233 -0.5587 0.8202 0.53346 0.09288
0.01928 0.69696 0.13486 0.3169 -0.7174 0.6204 0.13042 0.12707
0.01917 0.69738 0.13543 0.3277 -0.7344 0.5943 0.13110 0.11264
0.02175 0.69916 0.13642 0.2005 -0.7596 0.6187 0.18389 0.08617
0.02183 0.69860 0.13570 0.1909 -0.7318 0.6542 0.18314 0.10190
0.02533 0.70031 0.13694 0.0931 -0.7289 0.6783 0.25528 0.07345
0.02525 0.70084 0.13758 0.0879 -0.7105 0.6982 0.25597 0.05663
0.02057 0.68975 0.13380 -0.0823 0.5208 0.8497 0.43191 0.68363
0.01860 0.69037 0.13334 0.0758 0.5717 0.8170 0.39423 0.66906
0.03722 0.68914 0.13413 0.2560 0.3251 0.9104 0.74544 0.70236
0.03381 0.68848 0.13526 0.1606 0.3433 0.9254 0.68014 0.71939
0.02616 0.68866 0.13522 -0.1056 0.3913 0.9142 0.53763 0.71392
0.02295 0.68927 0.13451 -0.1416 0.4491 0.8822 0.47786 0.69860
0.02989 0.68838 0.13563 0.0036 0.3640 0.9314 0.60642 0.72281
0.04428 0.69307 0.13101 -0.0622 0.4735 0.8786 0.88849 0.61798
0.04324 0.69206 0.13147 -0.0146 0.4581 0.8888 0.86757 0.63610
0.03974 0.69010 0.13309 0.2775 0.3626 0.8897 0.79584 0.68089
0.04162 0.69103 0.13202 0.1801 0.4303 0.8845 0.83481 0.65839
0.01693 0.69119 0.13325 0.1535 0.5861 0.7955 0.35997 0.65381
0.02993 0.68715 0.13594 0.0087 0.1757 0.9844 0.60697 0.74599
0.02987 0.68630 0.13602 0.0067 0.1058 0.9944 0.60751 0.76377
0.02617 0.68669 0.13569 -0.1055 0.1802 0.9780 0.53681 0.75372
0.02616 0.68746 0.13558 -0.1114 0.2323 0.9663 0.53694 0.73683
0.02046 0.68887 0.13421 -0.1048 0.3675 0.9241 0.43006 0.70216
0.02291 0.68835 0.13479 -0.1553 0.3070 0.9389 0.47643 0.71905
0.02294 0.68744 0.13512 -0.1454 0.2777 0.9496 0.47643 0.73457
0.02040 0.68833 0.13437 -0.1201 0.3242 0.9383 0.42876 0.71515
0.03982 0.68846 0.13334 0.3147 0.2007 0.9277 0.79775 0.71235
0.03992 0.68706 0.13357 0.3096 0.2140 0.9265 0.79973 0.73731
0.03724 0.68653 0.13472 0.2986 0.2047 0.9322 0.74687 0.75399
0.03722 0.68763 0.13440 0.3051 0.1985 0.9314 0.74592 0.73149
0.04410 0.69073 0.13168 0.0958 0.2256 0.9695 0.88254 0.66284
0.04550 0.69241 0.13134 0.0086 0.2107 0.9775 0.91092 0.63166
0.04695 0.69182 0.13149 0.0044 0.1605 0.9870 0.93780 0.64479
0.04498 0.68972 0.13178 0.0984 0.1867 0.9775 0.89793 0.68486
0.04280 0.68813 0.13251 0.2364 0.2064 0.9495 0.85403 0.71508
0.04205 0.68948 0.13241 0.2490 0.2283 0.9412 0.84199 0.68930
0.01667 0.69076 0.13347 0.1315 0.4431 0.8868 0.35519 0.66496
0.01852 0.68983 0.13372 0.0419 0.4260 0.9038 0.39116 0.68363
0.01838 0.68917 0.13397 0.0003 0.3544 0.9351 0.38862 0.69320
0.01675 0.69034 0.13369 0.0974 0.3913 0.9151 0.35662 0.67378
0.03398 0.68714 0.13556 0.1888 0.1790 0.9656 0.68171 0.74435
0.03402 0.68620 0.13563 0.1858 0.1396 0.9726 0.68287 0.76377
0 2 1
0 3 2
4 6 5
4 7 6
8 10 9
8 11 10
12 2 3
12 13 2
14 16 15
14 17 16
18 20 19
18 21 20
22 4 23
22 24 4
25 27 26
25 28 27
29 16 30
29 15 16
31 33 32
31 34 33
23 5 35
23 4 5
0 37 36
0 1 37
38 13 12
38 39 13
31 30 34
31 29 30
32 20 21
32 33 20
37 41 40
37 42 41
36 40 43
36 37 40
25 44 28
25 45 44
28 46 27
28 47 46
18 10 11
18 19 10
40 49 48
40 41 49
43 48 50
43 40 48
51 17 14
51 52 17
26 39 38
26 27 39
53 52 51
53 54 52
53 55 54
53 56 55
50 24 22
50 48 24
27 57 39
27 46 57
1 42 37
1 58 42
24 7 4
24 59 7
39 60 13
39 57 60
28 61 47
28 44 61
1 62 58
1 2 62
48 59 24
48 49 59
13 62 2
13 60 62
63 65 64
63 66 65
67 69 68
67 70 69
71 73 72
71 74 73
68 76 75
68 69 76
71 77 74
71 78 77
79 70 67
79 80 70
72 82 81
72 73 82
83 85 84
83 86 85
81 80 79
81 82 80
87 77 78
87 88 77
63 86 83
63 64 86
84 88 87
84 85 88
19 89 10
19 90 89
30 92 91
30 16 92
33 93 20
33 94 93
19 93 90
19 20 93
34 94 33
34 95 94
54 97 96
54 55 97
17 92 16
17 98 92
52 98 17
52 99 98
54 99 52
54 96 99
9 89 100
9 10 89
34 91 95
34 30 91
101 103 102
101 104 103
105 107 106
105 108 107
109 111 110
109 112 111
113 115 114
113 116 115
113 118 117
113 114 118
117 112 109
117 118 112
119 121 120
119 122 121
105 121 122
105 106 121
101 123 104
101 124 123
102 107 108
102 103 107
124 111 123
124 110 111
47 83 46
47 63 83
60 78 62
60 87 78
41 79 49
41 81 79
46 84 57
46 83 84
42 81 41
42 72 81
49 67 59
49 79 67
58 78 71
58 62 78
7 75 6
7 68 75
58 72 42
58 71 72
59 68 7
59 67 68
47 66 63
47 61 66
57 87 60
57 84 87
96 117 99
96 113 117
95 102 94
95 101 102
96 116 113
96 97 116
95 124 101
95 91 124
98 110 92
98 109 110
90 108 105
90 93 108
100 122 119
100 89 122
94 108 93
94 102 108
90 122 89
90 105 122
99 109 98
99 117 109
91 110 124
91 92 110
125 127 126
125 128 127
129 131 130
129 132 131
133 135 134
133 136 135
137 127 138
137 126 127
139 141 140
139 142 141
143 145 144
143 146 145
147 129 148
147 149 129
150 152 151
150 153 152
154 141 142
154 155 141
156 158 157
156 159 158
149 132 129
149 160 132
125 161 128
125 162 161
163 138 164
163 137 138
156 155 154
156 157 155
159 145 158
159 144 145
161 166 165
161 167 166
162 167 161
162 168 167
150 170 169
150 151 170
151 172 171
151 152 172
143 135 146
143 134 135
167 173 166
167 174 173
168 174 167
168 175 174
176 140 177
176 139 140
153 164 152
153 163 164
178 177 179
178 176 177
178 181 180
178 179 181
175 148 174
175 147 148
152 182 172
152 164 182
128 165 183
128 161 165
148 130 184
148 129 130
164 185 182
164 138 185
151 186 170
151 171 186
128 187 127
128 183 187
174 184 173
174 148 184
138 187 185
138 127 187
188 190 189
188 191 190
192 194 193
192 195 194
196 198 197
196 199 198
195 200 194
195 201 200
196 203 202
196 197 203
204 193 205
204 192 193
199 206 198
199 207 206
208 210 209
208 211 210
207 205 206
207 204 205
212 203 213
212 202 203
188 209 191
188 208 209
211 213 210
211 212 213
146 215 214
146 135 215
155 216 141
155 217 216
158 219 218
158 145 219
146 219 145
146 214 219
157 218 220
157 158 218
179 221 181
179 222 221
140 216 223
140 141 216
177 223 224
177 140 223
179 224 222
179 177 224
136 215 135
136 225 215
157 217 155
157 220 217
226 228 227
226 229 228
230 232 231
230 233 232
234 236 235
234 237 236
238 240 239
238 241 240
238 242 241
238 243 242
243 235 242
243 234 235
244 246 245
244 247 246
230 246 233
230 245 246
226 249 248
226 227 249
229 232 228
229 231 232
248 236 237
248 249 236
171 208 188
171 172 208
185 202 212
185 187 202
166 204 207
166 173 204
172 211 208
172 182 211
165 207 199
165 166 207
173 192 204
173 184 192
183 202 187
183 196 202
130 201 195
130 131 201
183 199 196
183 165 199
184 195 192
184 130 195
171 189 186
171 188 189
182 212 211
182 185 212
222 243 238
222 224 243
220 229 226
220 218 229
222 239 221
222 238 239
220 248 217
220 226 248
223 237 234
223 216 237
214 231 219
214 230 231
225 245 215
225 244 245
218 231 229
218 219 231
214 245 230
214 215 245
224 234 243
224 223 234
217 237 216
217 248 237
LABEL Eyes
MATERIAL 4
TEXTURE 4
GEOM 96 172
-0.02441 0.68166 0.12360 0.3545 -0.8752 0.3293 0.61040 0.51230
-0.01606 0.68982 0.12395 0.8595 -0.3757 0.3464 0.48990 0.39340
-0.01494 0.68966 0.11764 0.9244 -0.3813 -0.0079 0.46010 0.40420
-0.02392 0.68058 0.11719 0.3788 -0.9251 -0.0273 0.59590 0.53580
-0.01601 0.69035 0.11122 0.9093 -0.3684 -0.1935 0.43580 0.41580
-0.02436 0.68199 0.11077 0.3750 -0.9000 -0.2222 0.57770 0.55880
-0.03623 0.70983 0.12472 -0.3571 0.8513 0.3845 0.79820 0.07960
-0.02443 0.70983 0.12477 0.3532 0.8517 0.3872 0.60630 0.08030
-0.02584 0.70638 0.13014 0.2750 0.6539 0.7048 0.63180 0.12920
-0.03483 0.70638 0.13011 -0.2794 0.6558 0.7013 0.77140 0.12530
-0.02791 0.70126 0.13352 0.1672 0.3802 0.9097 0.66310 0.19930
-0.03280 0.70126 0.13350 -0.1699 0.3823 0.9083 0.74520 0.19880
-0.01943 0.69997 0.12994 0.6723 0.2534 0.6955 0.53720 0.22460
-0.02445 0.69781 0.13342 0.4062 0.1360 0.9036 0.60750 0.25820
-0.01606 0.70159 0.12457 0.8600 0.3460 0.3752 0.49210 0.20300
-0.02394 0.71115 0.11846 0.3809 0.9238 0.0384 0.58970 0.05490
-0.01494 0.70227 0.11818 0.9228 0.3848 0.0192 0.46170 0.18620
-0.02438 0.71036 0.11205 0.3741 0.9168 -0.1400 0.57880 0.02840
-0.01601 0.70202 0.11175 0.9092 0.3832 -0.1630 0.43600 0.17140
-0.04452 0.69025 0.11122 -0.9049 -0.3735 -0.2040 0.96490 0.41530
-0.04452 0.70202 0.11165 -0.9071 0.3841 -0.1724 0.96400 0.16540
-0.04566 0.70227 0.11806 -0.9230 0.3846 0.0112 0.94370 0.17660
-0.04566 0.68956 0.11754 -0.9220 -0.3868 -0.0168 0.94740 0.40870
-0.04457 0.70159 0.12445 -0.8623 0.3468 0.3689 0.90920 0.19620
-0.04457 0.68982 0.12394 -0.8614 -0.3749 0.3427 0.92010 0.38950
-0.04125 0.69997 0.12988 -0.6786 0.2562 0.6884 0.87170 0.22030
-0.04125 0.69099 0.12954 -0.6779 -0.3128 0.6653 0.87380 0.36750
-0.03627 0.69781 0.13349 -0.4049 0.1378 0.9039 0.80140 0.25550
-0.03625 0.69293 0.13327 -0.4053 -0.2082 0.8902 0.80110 0.33610
-0.03618 0.68209 0.11084 -0.3753 -0.8993 -0.2246 0.82010 0.56380
-0.03665 0.68068 0.11724 -0.3800 -0.9245 -0.0291 0.81280 0.54070
-0.03623 0.68166 0.12356 -0.3564 -0.8754 0.3267 0.80150 0.51060
-0.03666 0.71115 0.11843 -0.3811 0.9238 0.0357 0.81150 0.05700
-0.03618 0.71036 0.11200 -0.3736 0.9165 -0.1432 0.82660 0.03350
-0.03483 0.68467 0.12925 -0.2784 -0.7125 0.6441 0.77710 0.46260
-0.02584 0.68467 0.12928 0.2757 -0.7112 0.6467 0.63450 0.46440
-0.03280 0.68947 0.13307 -0.1702 -0.4508 0.8762 0.74650 0.39310
-0.02791 0.68947 0.13309 0.1673 -0.4489 0.8778 0.66440 0.39460
-0.01943 0.69099 0.12961 0.6725 -0.3120 0.6711 0.53630 0.37060
-0.02445 0.69293 0.13321 0.4068 -0.2062 0.8899 0.60920 0.33820
-0.03157 0.69836 0.13429 -0.0614 0.1097 0.9921 0.72480 0.24640
-0.03333 0.69659 0.13417 -0.1377 0.0194 0.9903 0.75380 0.27520
-0.02912 0.69836 0.13430 0.0601 0.1116 0.9919 0.68380 0.24700
-0.03333 0.69416 0.13407 -0.1396 -0.0949 0.9856 0.75390 0.31660
-0.03157 0.69239 0.13407 -0.0633 -0.1753 0.9825 0.72530 0.34600
-0.02912 0.69239 0.13409 0.0618 -0.1770 0.9823 0.68410 0.34640
-0.02737 0.69416 0.13411 0.1502 -0.0961 0.9840 0.65550 0.31750
-0.02737 0.69659 0.13421 0.1486 0.0212 0.9887 0.65520 0.27630
0.02441 0.68166 0.12360 -0.3545 -0.8752 0.3293 0.20210 0.91580
0.02392 0.68058 0.11719 -0.3788 -0.9251 -0.0273 0.18770 0.93920
0.01494 0.68966 0.11764 -0.9244 -0.3813 -0.0079 0.05180 0.80760
0.01606 0.68982 0.12395 -0.8595 -0.3757 0.3464 0.08160 0.79680
0.02436 0.68199 0.11077 -0.3750 -0.9000 -0.2222 0.16940 0.96220
0.01601 0.69035 0.11122 -0.9093 -0.3684 -0.1935 0.02760 0.81920
0.03623 0.70983 0.12472 0.3571 0.8513 0.3845 0.38990 0.48310
0.03483 0.70638 0.13011 0.2794 0.6558 0.7013 0.36310 0.52870
0.02584 0.70638 0.13014 -0.2750 0.6539 0.7048 0.22360 0.53260
0.02443 0.70983 0.12477 -0.3532 0.8517 0.3872 0.19800 0.48380
0.03280 0.70126 0.13350 0.1699 0.3823 0.9083 0.33700 0.60220
0.02791 0.70126 0.13352 -0.1672 0.3802 0.9097 0.25480 0.60270
0.02445 0.69781 0.13342 -0.4061 0.1360 0.9036 0.19920 0.66160
0.01943 0.69997 0.12994 -0.6723 0.2534 0.6955 0.12890 0.62800
0.01606 0.70159 0.12457 -0.8600 0.3460 0.3752 0.08380 0.60650
0.02394 0.71115 0.11846 -0.3809 0.9238 0.0384 0.18150 0.45830
0.01494 0.70227 0.11818 -0.9228 0.3849 0.0192 0.05340 0.58970
0.02438 0.71036 0.11205 -0.3741 0.9168 -0.1400 0.17050 0.43190
0.01601 0.70202 0.11175 -0.9092 0.3832 -0.1630 0.02770 0.57480
0.04452 0.69025 0.11122 0.9049 -0.3735 -0.2040 0.55660 0.81870
0.04566 0.68956 0.11754 0.9220 -0.3868 -0.0168 0.53910 0.81210
0.04566 0.70227 0.11806 0.9230 0.3846 0.0112 0.53540 0.58000
0.04452 0.70202 0.11165 0.9071 0.3841 -0.1724 0.55570 0.56880
0.04457 0.70159 0.12445 0.8623 0.3468 0.3689 0.50100 0.59970
0.04457 0.68982 0.12394 0.8614 -0.3749 0.3427 0.51190 0.79290
0.04125 0.69099 0.12954 0.6779 -0.3128 0.6653 0.46560 0.77090
0.04125 0.69997 0.12988 0.6786 0.2562 0.6884 0.46340 0.62370
0.03625 0.69293 0.13327 0.4053 -0.2082 0.8902 0.39280 0.73950
0.03627 0.69781 0.13349 0.4049 0.1378 0.9039 0.39310 0.65890
0.03665 0.68068 0.11724 0.3800 -0.9245 -0.0291 0.40450 0.94420
0.03618 0.68209 0.11084 0.3753 -0.8993 -0.2246 0.41190 0.96730
0.03623 0.68166 0.12356 0.3564 -0.8754 0.3267 0.39330 0.91410
0.03666 0.71115 0.11843 0.3811 0.9238 0.0357 0.40320 0.46050
0.03618 0.71036 0.11200 0.3736 0.9165 -0.1432 0.41840 0.43700
0.03483 0.68467 0.12925 0.2784 -0.7125 0.6441 0.36880 0.86600
0.02584 0.68467 0.12928 -0.2757 -0.7112 0.6467 0.22630 0.86780
0.02791 0.68947 0.13309 -0.1673 -0.4489 0.8778 0.25620 0.79800
0.03280 0.68947 0.13307 0.1702 -0.4508 0.8762 0.33830 0.79650
0.01943 0.69099 0.12961 -0.6725 -0.3120 0.6711 0.12800 0.77410
0.02445 0.69293 0.13321 -0.4068 -0.2062 0.8899 0.20090 0.74160
0.03157 0.69836 0.13429 0.0614 0.1097 0.9921 0.31660 0.64980
0.03333 0.69659 0.13417 0.1377 0.0194 0.9903 0.34550 0.67860
0.02912 0.69836 0.13430 -0.0601 0.1116 0.9919 0.27560 0.65040
0.03333 0.69416 0.13407 0.1396 -0.0949 0.9856 0.34560 0.72010
0.03157 0.69239 0.13407 0.0633 -0.1753 0.9825 0.31700 0.74940
0.02912 0.69239 0.13409 -0.0618 -0.1770 0.9823 0.27580 0.74990
0.02737 0.69416 0.13411 -0.1502 -0.0961 0.9840 0.24720 0.72090
0.02737 0.69659 0.13421 -0.1486 0.0212 0.9887 0.24700 0.67970
0 2 1
0 3 2
3 4 2
3 5 4
6 8 7
6 9 8
9 10 8
9 11 10
8 13 12
8 10 13
7 12 14
7 8 12
15 14 16
15 7 14
17 16 18
17 15 16
19 21 20
19 22 21
23 22 24
23 21 22
23 26 25
23 24 26
25 28 27
25 26 28
9 27 11
9 25 27
6 25 9
6 23 25
5 30 29
5 3 30
31 3 0
31 30 3
32 23 6
32 21 23
32 20 21
32 33 20
34 0 35
34 31 0
35 36 34
35 37 36
2 18 16
2 4 18
1 16 14
1 2 16
34 28 26
34 36 28
26 31 34
26 24 31
12 1 14
12 38 1
13 38 12
13 39 38
24 30 31
24 22 30
29 22 19
29 30 22
40 27 41
40 11 27
42 11 40
42 10 11
35 39 37
35 38 39
0 38 35
0 1 38
33 15 17
33 32 15
32 7 15
32 6 7
27 43 41
27 28 43
28 44 43
28 36 44
36 45 44
36 37 45
37 46 45
37 39 46
46 13 47
46 39 13
47 10 42
47 13 10
42 41 47
42 40 41
47 43 46
47 41 43
46 44 45
46 43 44
48 50 49
48 51 50
49 53 52
49 50 53
54 56 55
54 57 56
55 59 58
55 56 59
56 60 59
56 61 60
57 61 56
57 62 61
63 62 57
63 64 62
65 64 63
65 66 64
67 69 68
67 70 69
71 68 69
71 72 68
71 73 72
71 74 73
74 75 73
74 76 75
55 76 74
55 58 76
54 74 71
54 55 74
52 77 49
52 78 77
79 49 77
79 48 49
80 71 69
80 54 71
80 70 81
80 69 70
82 48 79
82 83 48
83 85 84
83 82 85
50 66 53
50 64 66
51 64 50
51 62 64
82 75 85
82 73 75
73 79 72
73 82 79
61 51 86
61 62 51
60 86 87
60 61 86
72 77 68
72 79 77
78 68 77
78 67 68
88 76 58
88 89 76
90 58 59
90 88 58
83 87 86
83 84 87
48 86 51
48 83 86
81 63 80
81 65 63
80 57 54
80 63 57
76 91 75
76 89 91
75 92 85
75 91 92
85 93 84
85 92 93
84 94 87
84 93 94
94 60 87
94 95 60
95 59 60
95 90 59
90 89 88
90 95 89
95 91 89
95 94 91
94 92 91
94 93 92
LABEL Boots
MATERIAL 5
TEXTURE 5
GEOM 5020 8256
-0.19599 -0.82877 -0.00274 -0.8925 -0.0254 -0.4503 0.48310 0.16250
-0.19804 -0.85137 0.00111 -0.9259 0.1086 -0.3619 0.47710 0.18390
-0.18979 -0.85279 -0.01147 -0.6761 0.0631 -0.7341 0.49980 0.18410
-0.18665 -0.83256 -0.01448 -0.5998 -0.0131 -0.8000 0.50320 0.16350
-0.19569 -0.80445 -0.00484 -0.8713 -0.0516 -0.4881 0.48560 0.14100
-0.18577 -0.80241 -0.01718 -0.5331 -0.0774 -0.8425 0.50520 0.14130
-0.16069 -0.80126 0.05077 0.1546 0.0579 0.9863 0.38320 0.14090
-0.17368 -0.80009 0.05082 -0.0784 0.0353 0.9963 0.39300 0.14080
-0.16992 -0.77349 0.05315 -0.0196 -0.0701 0.9973 0.38960 0.11030
-0.16165 -0.77300 0.05214 0.1831 -0.0677 0.9808 0.37870 0.11050
-0.18473 -0.80113 0.04913 -0.3775 0.0318 0.9255 0.40570 0.14120
-0.18238 -0.77430 0.05118 -0.3087 -0.0648 0.9489 0.40440 0.11010
-0.15363 -0.77244 0.05041 0.4110 -0.0661 0.9092 0.36940 0.11040
-0.15188 -0.80255 0.04768 0.5141 0.0666 0.8551 0.37410 0.14110
-0.17370 -0.80762 -0.01725 -0.0791 -0.0651 -0.9947 0.52410 0.14200
-0.17324 -0.77245 -0.02510 -0.0955 -0.1080 -0.9896 0.52360 0.11610
-0.18629 -0.77139 -0.02006 -0.5309 -0.0876 -0.8429 0.50620 0.11470
-0.14953 -0.83438 0.05384 0.6423 0.3218 0.6956 0.37700 0.16320
-0.15983 -0.82918 0.05604 0.1809 0.3603 0.9152 0.38580 0.16280
-0.17447 -0.82368 0.05399 -0.0693 0.3142 0.9468 0.39700 0.16290
-0.18525 -0.82451 0.05223 -0.4591 0.2669 0.8474 0.40910 0.16360
-0.15903 -0.85042 0.06892 0.2137 0.5828 0.7840 0.38720 0.17870
-0.14770 -0.85562 0.06862 0.6686 0.4603 0.5840 0.37970 0.18010
-0.14408 -0.83670 0.03932 0.9915 -0.0174 0.1290 0.35620 0.16400
-0.14514 -0.86555 0.04730 0.9993 0.0149 -0.0334 0.35770 0.18080
-0.14324 -0.86135 0.05929 0.9828 0.1382 0.1226 0.36850 0.18060
-0.14570 -0.83665 0.04806 0.9458 0.1177 0.3027 0.36720 0.16380
-0.13978 -0.80007 0.02531 0.9780 -0.1001 0.1828 0.33930 0.14060
-0.14233 -0.83207 0.02718 0.9937 -0.0862 0.0714 0.34350 0.16410
-0.14254 -0.80131 0.03544 0.9383 -0.0565 0.3411 0.35250 0.14070
-0.15827 -0.82761 -0.01548 0.2811 -0.0748 -0.9567 0.25640 0.16570
-0.15471 -0.80970 -0.01750 0.2157 -0.0972 -0.9716 0.25570 0.15100
-0.17370 -0.80762 -0.01725 -0.0791 -0.0651 -0.9947 0.24040 0.15320
-0.17549 -0.83628 -0.02088 -0.0800 -0.0282 -0.9964 0.24090 0.16810
-0.14626 -0.82593 -0.00651 0.8686 -0.1422 -0.4747 0.28980 0.16330
-0.14408 -0.80043 -0.00686 0.8608 -0.1033 -0.4984 0.28910 0.14500
-0.15067 -0.80248 -0.01649 0.6328 -0.0903 -0.7691 0.27140 0.14790
-0.15337 -0.82754 -0.01480 0.5826 -0.1494 -0.7989 0.27150 0.16470
-0.16751 -0.85356 -0.01701 0.4292 -0.0407 -0.9023 0.25460 0.17980
-0.17533 -0.85448 -0.01976 -0.1111 0.0335 -0.9932 0.23960 0.18240
-0.14849 -0.84912 -0.00174 0.8769 -0.1968 -0.4385 0.29360 0.18110
-0.15595 -0.85206 -0.01035 0.6733 -0.1713 -0.7193 0.27190 0.18080
-0.17549 -0.83628 -0.02088 -0.0800 -0.0282 -0.9964 0.52540 0.16330
-0.14526 -0.85972 0.03223 0.9995 -0.0301 -0.0057 0.34650 0.18040
-0.17533 -0.85448 -0.01976 -0.1111 0.0335 -0.9932 0.52540 0.18280
-0.17158 -0.84527 0.06606 0.0186 0.5768 0.8167 0.39660 0.17940
-0.18338 -0.84547 0.06627 -0.4561 0.5148 0.7259 0.40680 0.18040
-0.14639 -0.80207 0.04287 0.8131 0.0059 0.5821 0.36410 0.14120
-0.19383 -0.80212 0.04278 -0.7579 -0.0024 0.6523 0.42200 0.14210
-0.19518 -0.77512 0.04439 -0.7185 -0.0676 0.6922 0.42320 0.11030
-0.14562 -0.85457 0.02184 0.9934 -0.0891 -0.0722 0.33350 0.18110
-0.14163 -0.82920 0.01492 0.9896 -0.1340 -0.0516 0.32950 0.16400
-0.13824 -0.79868 0.01463 0.9923 -0.1238 -0.0003 0.32430 0.14100
-0.14291 -0.82657 0.00320 0.9634 -0.1420 -0.2272 0.31160 0.16300
-0.14651 -0.85164 0.00965 0.9697 -0.1456 -0.1960 0.31520 0.18200
-0.13964 -0.79909 0.00270 0.9573 -0.1214 -0.2625 0.30680 0.14250
-0.19284 -0.82603 0.04582 -0.8247 0.1062 0.5555 0.42300 0.16420
-0.19212 -0.84878 0.05446 -0.8759 0.2408 0.4181 0.42050 0.18340
-0.19927 -0.85269 0.01739 -0.9929 0.1193 -0.0002 0.45500 0.18450
-0.20107 -0.82996 0.01377 -0.9957 -0.0360 -0.0859 0.46030 0.16320
-0.19924 -0.82794 0.03217 -0.9702 -0.0060 0.2424 0.43920 0.16380
-0.19787 -0.85206 0.03750 -0.9703 0.1254 0.2070 0.43600 0.18430
-0.20032 -0.80384 0.03111 -0.9618 -0.0325 0.2717 0.44140 0.14190
-0.20179 -0.80435 0.01151 -0.9903 -0.0435 -0.1322 0.46380 0.14120
-0.20307 -0.77454 0.01096 -0.9871 -0.0666 -0.1458 0.46850 0.11260
-0.20193 -0.77445 0.03028 -0.9646 -0.0700 0.2542 0.44530 0.11180
-0.15926 -0.86496 0.08016 0.2103 0.5984 0.7731 0.38850 0.18660
-0.14952 -0.86344 0.07676 0.6004 0.5029 0.6217 0.38200 0.18630
-0.17192 -0.85992 0.07972 0.0296 0.6129 0.7896 0.39480 0.18710
-0.14295 -0.87112 0.06953 0.9834 0.1370 0.1192 0.37260 0.18650
-0.14367 -0.88073 0.05276 0.9962 -0.0394 -0.0781 0.36120 0.18680
-0.18305 -0.86356 0.08220 -0.4688 0.4792 0.7420 0.40170 0.18770
-0.19414 -0.86990 0.06874 -0.8850 0.2609 0.3856 0.41110 0.18820
-0.20016 -0.87048 0.04257 -0.9569 0.2038 0.2069 0.43030 0.18860
-0.20400 -0.86839 0.02046 -0.9646 0.2510 0.0804 0.45070 0.18910
-0.20271 -0.86612 0.00349 -0.9217 0.2608 -0.2872 0.47210 0.18920
-0.19412 -0.86653 -0.01002 -0.6794 0.1258 -0.7229 0.49430 0.18910
-0.14500 -0.87502 0.03725 0.9988 -0.0231 -0.0431 0.35030 0.18680
-0.14526 -0.86944 0.02685 0.9965 -0.0324 -0.0767 0.33730 0.18700
-0.14669 -0.86672 0.01461 0.9805 -0.0667 -0.1850 0.31940 0.18760
-0.15046 -0.86372 0.00229 0.9320 -0.0067 -0.3623 0.29560 0.18740
-0.15814 -0.86769 -0.00694 0.7833 0.2334 -0.5761 0.27230 0.18740
-0.17744 -0.87239 -0.02146 -0.2492 -0.0195 -0.9683 0.51850 0.19010
-0.16673 -0.86812 -0.01904 0.3381 0.1350 -0.9314 0.25550 0.18740
-0.17744 -0.87239 -0.02146 -0.2492 -0.0195 -0.9683 0.23700 0.19020
-0.19714 -0.73554 -0.01247 -0.8246 -0.0342 -0.5647 0.48820 0.06830
-0.18623 -0.73366 -0.02223 -0.5042 -0.0271 -0.8631 0.50440 0.06980
-0.18428 -0.69124 -0.02384 -0.4551 -0.0016 -0.8905 0.50630 0.01420
-0.19491 -0.69260 -0.01429 -0.7950 0.0031 -0.6067 0.49030 0.01410
-0.19814 -0.70109 0.04418 -0.7596 0.0221 0.6500 0.43280 0.01580
-0.18165 -0.70356 0.05384 -0.2892 0.0196 0.9571 0.40730 0.01540
-0.18207 -0.74109 0.05368 -0.2804 -0.0242 0.9596 0.40610 0.06530
-0.19723 -0.74129 0.04655 -0.7149 -0.0325 0.6984 0.42770 0.06570
-0.14385 -0.69847 -0.01223 0.8099 0.0315 -0.5857 0.28250 0.01480
-0.14992 -0.69446 -0.01899 0.6032 0.0302 -0.7970 0.27080 0.01340
-0.14745 -0.73503 -0.01813 0.6445 -0.0050 -0.7646 0.27290 0.07050
-0.14069 -0.73673 -0.01031 0.8308 -0.0031 -0.5565 0.28480 0.07070
-0.16019 -0.69185 -0.02405 0.3128 0.0234 -0.9495 0.25750 0.01310
-0.17173 -0.69141 -0.02609 -0.0455 0.0064 -0.9989 0.24070 0.01390
-0.17180 -0.73424 -0.02672 -0.0658 -0.0193 -0.9976 0.23970 0.07620
-0.15723 -0.73460 -0.02456 0.3408 -0.0110 -0.9401 0.25760 0.07230
-0.17180 -0.73424 -0.02672 -0.0658 -0.0193 -0.9976 0.52150 0.07210
-0.17173 -0.69141 -0.02609 -0.0455 0.0064 -0.9989 0.52450 0.01560
-0.15844 -0.74292 0.05370 0.2470 -0.0110 0.9690 0.37560 0.06580
-0.16686 -0.74271 0.05541 0.0562 -0.0228 0.9982 0.38890 0.06540
-0.16658 -0.70598 0.05412 0.0786 0.0285 0.9965 0.38780 0.01470
-0.15931 -0.70698 0.05192 0.2815 0.0527 0.9581 0.37380 0.01430
-0.13920 -0.74149 0.04175 0.8159 -0.0139 0.5780 0.34090 0.06720
-0.14496 -0.74191 0.04788 0.6441 -0.0025 0.7650 0.35330 0.06670
-0.14687 -0.70694 0.04576 0.6337 0.0805 0.7694 0.34880 0.01530
-0.14024 -0.70605 0.03867 0.8021 0.0713 0.5929 0.33400 0.01520
-0.13381 -0.74071 0.03206 0.9420 -0.0272 0.3346 0.32680 0.06770
-0.13462 -0.70501 0.02956 0.9417 0.0511 0.3324 0.32110 0.01470
-0.15222 -0.70706 0.04918 0.4263 0.0713 0.9018 0.36000 0.01470
-0.15041 -0.74242 0.05126 0.4193 -0.0024 0.9079 0.36390 0.06630
-0.14896 -0.77146 -0.01767 0.6433 -0.0626 -0.7630 0.26950 0.12010
-0.15861 -0.77242 -0.02293 0.2851 -0.0899 -0.9543 0.25550 0.12330
-0.14131 -0.77130 -0.00868 0.8422 -0.0725 -0.5343 0.28590 0.11780
-0.13124 -0.73958 0.01823 0.9997 -0.0227 0.0121 0.31230 0.06890
-0.13329 -0.73889 0.00521 0.9535 -0.0074 -0.3012 0.30010 0.07040
-0.13550 -0.77011 0.00240 0.9537 -0.0898 -0.2870 0.30040 0.11540
-0.13401 -0.76976 0.01584 0.9934 -0.1131 0.0189 0.31640 0.11350
-0.14083 -0.77148 0.03890 0.8655 -0.1007 0.4907 0.34710 0.11100
-0.14628 -0.77234 0.04575 0.6908 -0.0794 0.7186 0.35910 0.11060
-0.13253 -0.70460 0.01630 0.9987 0.0413 -0.0282 0.30770 0.01500
-0.13635 -0.70209 0.00039 0.9320 0.0358 -0.3606 0.29490 0.01570
-0.20619 -0.73703 0.01026 -0.9843 -0.0314 -0.1735 0.47150 0.06720
-0.20442 -0.69410 0.00395 -0.9697 0.0125 -0.2439 0.47530 0.01420
-0.20518 -0.69700 0.02691 -0.9834 0.0231 0.1797 0.45620 0.01460
-0.20547 -0.73877 0.02991 -0.9727 -0.0321 0.2300 0.45150 0.06630
-0.19710 -0.77405 -0.00693 -0.8596 -0.0689 -0.5062 0.48900 0.11360
-0.13640 -0.77043 0.02885 0.9549 -0.1178 0.2727 0.33290 0.11180
-0.17324 -0.77245 -0.02510 -0.0955 -0.1080 -0.9896 0.23840 0.12640
-0.17044 -0.86759 0.11204 -0.0052 0.7606 0.6492 0.05480 0.91670
-0.17655 -0.86706 0.11133 -0.0674 0.7829 0.6184 0.06190 0.91650
-0.17629 -0.86708 0.11026 0.0719 0.9319 -0.3556 0.06190 0.91450
-0.17024 -0.86758 0.11106 0.0937 0.9292 -0.3575 0.05460 0.91480
-0.17644 -0.86841 0.11160 -0.1233 -0.0692 0.9899 0.06190 0.91850
-0.18267 -0.86877 0.11074 -0.1690 -0.0826 0.9821 0.06910 0.91880
-0.18302 -0.86733 0.11043 -0.1981 0.7645 0.6134 0.06920 0.91660
-0.18889 -0.86988 0.10929 -0.2371 -0.1160 0.9645 0.07670 0.91890
-0.18939 -0.86841 0.10894 -0.3364 0.7418 0.5802 0.07670 0.91670
-0.19481 -0.87158 0.10745 -0.3096 -0.1333 0.9415 0.08430 0.91870
-0.19559 -0.87024 0.10699 -0.5052 0.7049 0.4979 0.08430 0.91670
-0.20010 -0.87412 0.10505 -0.6436 -0.4819 0.5946 0.09060 0.91810
-0.20113 -0.87331 0.10418 -0.9802 0.0941 -0.1740 0.09060 0.91680
-0.16358 -0.86782 0.11138 0.1214 0.9205 -0.3715 0.04660 0.91470
-0.16366 -0.86785 0.11235 0.0732 0.7761 0.6263 0.04680 0.91640
-0.15708 -0.86913 0.11143 0.2255 0.8904 -0.3954 0.03900 0.91470
-0.15702 -0.86914 0.11239 0.2095 0.7610 0.6140 0.03920 0.91640
-0.15188 -0.87082 0.11117 0.3189 0.8566 -0.4055 0.03300 0.91500
-0.15159 -0.87089 0.11212 0.4313 0.6980 0.5717 0.03320 0.91640
-0.15754 -0.87088 0.10984 0.1593 0.6438 -0.7484 0.03840 0.91060
-0.15253 -0.87254 0.10964 0.1645 0.6412 -0.7495 0.03140 0.91140
-0.16366 -0.86948 0.10979 0.1056 0.6766 -0.7287 0.04640 0.91060
-0.16976 -0.86921 0.10952 0.1042 0.7066 -0.6999 0.05410 0.91060
-0.19487 -0.87018 0.10597 -0.1909 0.8783 -0.4384 0.08450 0.91480
-0.19989 -0.87281 0.10374 -0.3521 0.5854 -0.7303 0.09050 0.91560
-0.19722 -0.87343 0.10302 -0.1255 0.5000 -0.8569 0.09230 0.91240
-0.19260 -0.87111 0.10495 -0.0176 0.7159 -0.6979 0.08430 0.91110
-0.18892 -0.86837 0.10785 -0.1065 0.9168 -0.3849 0.07680 0.91460
-0.18734 -0.86958 0.10653 0.0176 0.7435 -0.6686 0.07670 0.91080
-0.18277 -0.86736 0.10929 -0.0267 0.9324 -0.3605 0.06940 0.91450
-0.18160 -0.86872 0.10781 0.0595 0.7464 -0.6628 0.06910 0.91060
-0.17534 -0.86864 0.10872 0.1266 0.7312 -0.6703 0.06120 0.91050
-0.15737 -0.87026 0.11269 -0.0013 -0.0595 0.9982 0.03920 0.91810
-0.15220 -0.87193 0.11247 0.1171 -0.0993 0.9881 0.03330 0.91790
-0.15333 -0.87398 0.11160 -0.0311 -0.4187 0.9076 0.03230 0.92160
-0.15832 -0.87240 0.11176 -0.0836 -0.3660 0.9268 0.03920 0.92220
-0.16393 -0.86903 0.11259 -0.0373 -0.0681 0.9970 0.04700 0.91820
-0.16457 -0.87127 0.11162 -0.0670 -0.3770 0.9238 0.04730 0.92230
-0.17056 -0.86878 0.11231 -0.0818 -0.0853 0.9930 0.05490 0.91860
-0.17073 -0.87102 0.11138 -0.0909 -0.3687 0.9251 0.05510 0.92260
-0.19335 -0.87343 0.10684 -0.1855 -0.4046 0.8955 0.08510 0.92220
-0.19824 -0.87579 0.10474 -0.4423 -0.6763 0.5891 0.09330 0.92010
-0.18800 -0.87204 0.10860 -0.1678 -0.3709 0.9134 0.07740 0.92270
-0.18213 -0.87106 0.11000 -0.1315 -0.3413 0.9307 0.06950 0.92270
-0.17616 -0.87069 0.11080 -0.1180 -0.3459 0.9308 0.06190 0.92250
-0.14824 -0.87422 0.11134 0.4012 -0.3415 0.8499 0.02860 0.91760
-0.14908 -0.87590 0.11021 0.3279 -0.5716 0.7522 0.02570 0.91910
-0.14887 -0.87442 0.10864 0.4692 0.5024 -0.7263 0.02550 0.91340
-0.14817 -0.87317 0.11001 0.5386 0.6600 -0.5238 0.02840 0.91510
-0.14736 -0.87354 0.11083 0.9339 0.2261 0.2769 0.02850 0.91630
-0.14782 -0.87535 0.10945 0.9663 -0.2530 -0.0486 0.02500 0.91630
-0.19858 -0.87499 0.10332 -0.5574 -0.4653 -0.6876 0.09440 0.91630
-0.16990 -0.84582 0.09175 0.0002 0.7496 0.6619 0.05430 0.92910
-0.17591 -0.84529 0.09104 -0.0715 0.7720 0.6316 0.06140 0.92890
-0.17569 -0.84525 0.08993 0.0644 0.9455 -0.3192 0.06130 0.92690
-0.16973 -0.84574 0.09074 0.0925 0.9434 -0.3185 0.05410 0.92720
-0.17572 -0.84671 0.09136 -0.1229 -0.0468 0.9913 0.06140 0.93090
-0.18181 -0.84710 0.09054 -0.1780 -0.0660 0.9818 0.06870 0.93110
-0.18225 -0.84560 0.09016 -0.2178 0.7500 0.6246 0.06870 0.92900
-0.18772 -0.84834 0.08903 -0.2729 -0.1147 0.9552 0.07610 0.93120
-0.18830 -0.84678 0.08863 -0.4009 0.7138 0.5742 0.07590 0.92890
-0.19300 -0.85036 0.08697 -0.3555 -0.1492 0.9227 0.08360 0.93090
-0.19382 -0.84896 0.08645 -0.5777 0.6644 0.4742 0.08350 0.92880
-0.19783 -0.85312 0.08442 -0.6626 -0.4962 0.5610 0.09030 0.93010
-0.19885 -0.85226 0.08349 -0.9813 0.0692 -0.1794 0.09020 0.92870
-0.16334 -0.84603 0.09087 0.1481 0.9318 -0.3313 0.04670 0.92720
-0.16335 -0.84611 0.09191 0.1713 0.7578 0.6297 0.04700 0.92880
-0.15764 -0.84794 0.08989 0.2759 0.8771 -0.3932 0.03970 0.92680
-0.15748 -0.84797 0.09099 0.4023 0.7156 0.5710 0.04020 0.92860
-0.15314 -0.85020 0.08866 0.3467 0.8317 -0.4336 0.03340 0.92660
-0.15274 -0.85029 0.08974 0.5690 0.6608 0.4895 0.03380 0.92830
-0.15813 -0.84974 0.08816 0.1261 0.6713 -0.7304 0.03810 0.92270
-0.15378 -0.85194 0.08702 0.1404 0.6681 -0.7307 0.03100 0.92320
-0.16342 -0.84772 0.08918 0.0841 0.6953 -0.7138 0.04590 0.92320
-0.16920 -0.84733 0.08919 0.0955 0.7203 -0.6871 0.05350 0.92310
-0.19310 -0.84885 0.08536 -0.2408 0.8650 -0.4402 0.08370 0.92690
-0.19764 -0.85171 0.08299 -0.3881 0.5474 -0.7414 0.09020 0.92750
-0.19504 -0.85225 0.08228 -0.1523 0.4817 -0.8630 0.09190 0.92420
-0.19089 -0.84970 0.08435 -0.0408 0.7187 -0.6942 0.08370 0.92310
-0.18783 -0.84669 0.08748 -0.1522 0.9188 -0.3643 0.07610 0.92690
-0.18624 -0.84787 0.08614 -0.0002 0.7511 -0.6602 0.07620 0.92310
-0.18202 -0.84555 0.08898 -0.0480 0.9443 -0.3257 0.06890 0.92690
-0.18083 -0.84686 0.08749 0.0506 0.7586 -0.6496 0.06860 0.92300
-0.17470 -0.84676 0.08838 0.1263 0.7449 -0.6552 0.06060 0.92280
-0.15772 -0.84915 0.09134 0.1706 -0.0771 0.9823 0.04000 0.93030
-0.15321 -0.85137 0.09019 0.2680 -0.1132 0.9567 0.03380 0.93000
-0.15418 -0.85344 0.08938 0.0717 -0.4370 0.8966 0.03210 0.93340
-0.15855 -0.85133 0.09043 0.0281 -0.3894 0.9206 0.03900 0.93410
-0.16353 -0.84735 0.09220 0.0554 -0.0530 0.9971 0.04710 0.93050
-0.16404 -0.84963 0.09126 -0.0067 -0.3782 0.9257 0.04680 0.93460
-0.16993 -0.84707 0.09208 -0.0703 -0.0638 0.9955 0.05440 0.93100
-0.16996 -0.84934 0.09120 -0.0792 -0.3540 0.9319 0.05450 0.93500
-0.19148 -0.85223 0.08639 -0.2123 -0.4090 0.8875 0.08470 0.93430
-0.19598 -0.85478 0.08416 -0.4622 -0.6817 0.5671 0.09300 0.93200
-0.18670 -0.85056 0.08837 -0.1893 -0.3702 0.9095 0.07700 0.93490
-0.18116 -0.84943 0.08984 -0.1368 -0.3277 0.9348 0.06910 0.93500
-0.17531 -0.84903 0.09062 -0.1183 -0.3288 0.9370 0.06140 0.93490
-0.14953 -0.85390 0.08859 0.5015 -0.3117 0.8071 0.02850 0.92940
-0.15018 -0.85551 0.08758 0.4531 -0.5373 0.7113 0.02570 0.93070
-0.15024 -0.85392 0.08579 0.4760 0.5243 -0.7060 0.02540 0.92540
-0.14967 -0.85278 0.08706 0.5301 0.6578 -0.5350 0.02800 0.92680
-0.14878 -0.85319 0.08798 0.9437 0.2557 0.2100 0.02830 0.92810
-0.14908 -0.85491 0.08668 0.9845 -0.1564 -0.0788 0.02500 0.92810
-0.19631 -0.85390 0.08265 -0.5535 -0.4822 -0.6791 0.09410 0.92810
-0.17039 -0.85316 0.09873 0.0141 0.7438 0.6682 0.05490 0.89230
-0.17646 -0.85263 0.09802 -0.0708 0.7695 0.6347 0.06200 0.89210
-0.17622 -0.85260 0.09694 0.0671 0.9420 -0.3288 0.06190 0.89010
-0.17021 -0.85310 0.09774 0.0973 0.9413 -0.3231 0.05470 0.89050
-0.17629 -0.85404 0.09831 -0.1232 -0.0619 0.9905 0.06190 0.89410
-0.18246 -0.85442 0.09747 -0.1694 -0.0772 0.9825 0.06910 0.89440
-0.18287 -0.85292 0.09713 -0.2032 0.7500 0.6294 0.06920 0.89220
-0.18860 -0.85555 0.09603 -0.2387 -0.1130 0.9645 0.07670 0.89450
-0.18915 -0.85401 0.09565 -0.3429 0.7264 0.5956 0.07670 0.89230
-0.19443 -0.85726 0.09420 -0.3123 -0.1336 0.9405 0.08430 0.89430
-0.19525 -0.85586 0.09372 -0.5147 0.6875 0.5122 0.08430 0.89230
-0.19963 -0.85983 0.09181 -0.6501 -0.4915 0.5795 0.09070 0.89370
-0.20067 -0.85897 0.09092 -0.9818 0.0868 -0.1692 0.09060 0.89230
-0.16354 -0.85349 0.09774 0.1305 0.9286 -0.3473 0.04690 0.89020
-0.16359 -0.85358 0.09872 0.1344 0.7564 0.6401 0.04710 0.89190
-0.15692 -0.85510 0.09725 0.2724 0.8787 -0.3920 0.03890 0.89000
-0.15683 -0.85519 0.09819 0.3062 0.7332 0.6072 0.03920 0.89160
-0.15223 -0.85728 0.09680 0.3939 0.8234 -0.4085 0.03310 0.89040
-0.15190 -0.85742 0.09773 0.5213 0.6310 0.5745 0.03330 0.89190
-0.15741 -0.85670 0.09594 0.1585 0.6133 -0.7738 0.03800 0.88650
-0.15290 -0.85889 0.09546 0.1838 0.6146 -0.7671 0.03130 0.88730
-0.16358 -0.85508 0.09625 0.0825 0.6681 -0.7395 0.04630 0.88640
-0.16968 -0.85470 0.09620 0.0937 0.7099 -0.6981 0.05410 0.88640
-0.19454 -0.85576 0.09268 -0.2095 0.8833 -0.4194 0.08450 0.89040
-0.19946 -0.85842 0.09046 -0.3749 0.5820 -0.7216 0.09060 0.89120
-0.19678 -0.85901 0.08974 -0.1369 0.4919 -0.8598 0.09240 0.88790
-0.19227 -0.85666 0.09166 -0.0259 0.7191 -0.6944 0.08430 0.88670
-0.18869 -0.85392 0.09455 -0.1204 0.9243 -0.3622 0.07690 0.89020
-0.18709 -0.85510 0.09323 0.0114 0.7490 -0.6625 0.07670 0.88640
-0.18264 -0.85289 0.09598 -0.0364 0.9417 -0.3346 0.06940 0.89010
-0.18143 -0.85422 0.09450 0.0555 0.7533 -0.6554 0.06910 0.88620
-0.17524 -0.85412 0.09540 0.1268 0.7388 -0.6619 0.06120 0.88610
-0.15712 -0.85634 0.09855 0.0758 -0.0230 0.9969 0.03920 0.89340
-0.15247 -0.85855 0.09807 0.1762 -0.0966 0.9796 0.03330 0.89350
-0.15354 -0.86052 0.09742 0.0162 -0.3697 0.9290 0.03220 0.89690
-0.15805 -0.85836 0.09790 -0.0286 -0.3083 0.9509 0.03900 0.89710
-0.16381 -0.85479 0.09900 0.0280 -0.0396 0.9988 0.04730 0.89370
-0.16438 -0.85698 0.09819 -0.0209 -0.3405 0.9400 0.04730 0.89750
-0.17046 -0.85441 0.09902 -0.0614 -0.0696 0.9957 0.05500 0.89410
-0.17052 -0.85668 0.09812 -0.0757 -0.3519 0.9330 0.05510 0.89810
-0.19293 -0.85914 0.09360 -0.1882 -0.3996 0.8972 0.08510 0.89780
-0.19772 -0.86153 0.09150 -0.4443 -0.6747 0.5893 0.09330 0.89570
-0.18764 -0.85774 0.09536 -0.1694 -0.3634 0.9161 0.07740 0.89830
-0.18184 -0.85674 0.09674 -0.1315 -0.3319 0.9341 0.06950 0.89830
-0.17592 -0.85635 0.09754 -0.1185 -0.3364 0.9342 0.06190 0.89810
-0.14889 -0.86128 0.09669 0.4352 -0.3532 0.8282 0.02800 0.89320
-0.14953 -0.86272 0.09579 0.3769 -0.5275 0.7614 0.02550 0.89460
-0.14934 -0.86090 0.09437 0.4977 0.4969 -0.7109 0.02580 0.88930
-0.14882 -0.85996 0.09548 0.5669 0.6487 -0.5078 0.02800 0.89060
-0.14803 -0.86048 0.09623 0.9404 0.2099 0.2675 0.02800 0.89180
-0.14830 -0.86203 0.09506 0.9709 -0.2384 0.0237 0.02500 0.89190
-0.19809 -0.86064 0.09006 -0.5549 -0.4742 -0.6835 0.09450 0.89190
-0.17112 -0.86038 0.10555 -0.0076 0.7521 0.6590 0.05480 0.90450
-0.17723 -0.85985 0.10484 -0.0687 0.7754 0.6277 0.06190 0.90430
-0.17698 -0.85984 0.10377 0.0701 0.9366 -0.3432 0.06190 0.90230
-0.17093 -0.86035 0.10457 0.0929 0.9344 -0.3440 0.05460 0.90260
-0.17709 -0.86123 0.10511 -0.1233 -0.0678 0.9900 0.06190 0.90630
-0.18330 -0.86160 0.10426 -0.1690 -0.0821 0.9822 0.06910 0.90660
-0.18368 -0.86012 0.10394 -0.2002 0.7567 0.6223 0.06920 0.90440
-0.18949 -0.86271 0.10281 -0.2375 -0.1158 0.9645 0.07670 0.90670
-0.19001 -0.86120 0.10246 -0.3391 0.7338 0.5886 0.07670 0.90450
-0.19538 -0.86442 0.10098 -0.3103 -0.1337 0.9412 0.08430 0.90650
-0.19617 -0.86304 0.10051 -0.5090 0.6966 0.5056 0.08430 0.90450
-0.20063 -0.86696 0.09858 -0.6468 -0.4863 0.5876 0.09060 0.90590
-0.20167 -0.86613 0.09771 -0.9809 0.0924 -0.1714 0.09060 0.90460
-0.16428 -0.86057 0.10490 0.1203 0.9257 -0.3587 0.04660 0.90250
-0.16435 -0.86063 0.10586 0.0708 0.7685 0.6359 0.04680 0.90420
-0.15776 -0.86188 0.10494 0.2269 0.8951 -0.3838 0.03900 0.90250
-0.15770 -0.86192 0.10591 0.2067 0.7546 0.6228 0.03920 0.90410
-0.15254 -0.86358 0.10469 0.3202 0.8610 -0.3951 0.03300 0.90280
-0.15224 -0.86367 0.10565 0.4260 0.6965 0.5774 0.03320 0.90420
-0.15819 -0.86363 0.10337 0.1606 0.6447 -0.7473 0.03840 0.89840
-0.15315 -0.86529 0.10317 0.1660 0.6428 -0.7478 0.03140 0.89920
-0.16433 -0.86223 0.10331 0.1058 0.6781 -0.7273 0.04640 0.89840
-0.17042 -0.86197 0.10303 0.1036 0.7091 -0.6974 0.05410 0.89840
-0.19546 -0.86296 0.09949 -0.1989 0.8806 -0.4301 0.08450 0.90260
-0.20044 -0.86561 0.09726 -0.3615 0.5847 -0.7263 0.09050 0.90340
-0.19776 -0.86622 0.09655 -0.1294 0.4956 -0.8589 0.09230 0.90020
-0.19319 -0.86388 0.09847 -0.0203 0.7161 -0.6977 0.08430 0.89890
-0.18955 -0.86114 0.10136 -0.1123 0.9201 -0.3751 0.07680 0.90240
-0.18796 -0.86235 0.10005 0.0158 0.7447 -0.6672 0.07670 0.89860
-0.18344 -0.86013 0.10280 -0.0305 0.9365 -0.3493 0.06940 0.90230
-0.18225 -0.86147 0.10133 0.0583 0.7486 -0.6604 0.06910 0.89840
-0.17601 -0.86139 0.10223 0.1270 0.7344 -0.6667 0.06120 0.89830
-0.15801 -0.86307 0.10621 -0.0014 -0.0566 0.9984 0.03920 0.90590
-0.15281 -0.86475 0.10600 0.1178 -0.0939 0.9886 0.03330 0.90570
-0.15389 -0.86682 0.10514 -0.0293 -0.4143 0.9097 0.03230 0.90940
-0.15892 -0.86523 0.10529 -0.0834 -0.3610 0.9288 0.03920 0.91000
-0.16459 -0.86183 0.10610 -0.0372 -0.0656 0.9972 0.04700 0.90600
-0.16518 -0.86410 0.10514 -0.0669 -0.3718 0.9259 0.04730 0.91010
-0.17122 -0.86161 0.10582 -0.0819 -0.0837 0.9931 0.05490 0.90640
-0.17133 -0.86387 0.10491 -0.0903 -0.3642 0.9269 0.05510 0.91040
-0.19390 -0.86628 0.10037 -0.1869 -0.4015 0.8966 0.08510 0.91000
-0.19874 -0.86865 0.09827 -0.4440 -0.6743 0.5901 0.09330 0.90790
-0.18857 -0.86490 0.10213 -0.1687 -0.3670 0.9148 0.07740 0.91050
-0.18272 -0.86391 0.10352 -0.1318 -0.3367 0.9323 0.06950 0.91050
-0.17676 -0.86353 0.10433 -0.1184 -0.3416 0.9324 0.06190 0.91030
-0.14881 -0.86703 0.10488 0.4103 -0.3329 0.8490 0.02860 0.90530
-0.14961 -0.86872 0.10376 0.3422 -0.5632 0.7522 0.02570 0.90690
-0.14946 -0.86717 0.10217 0.4701 0.5083 -0.7216 0.02550 0.90120
-0.14878 -0.86593 0.10355 0.5377 0.6687 -0.5135 0.02840 0.90290
-0.14796 -0.86633 0.10437 0.9306 0.2385 0.2777 0.02850 0.90410
-0.14838 -0.86813 0.10299 0.9710 -0.2345 -0.0463 0.02500 0.90410
-0.19910 -0.86781 0.09686 -0.5567 -0.4687 -0.6858 0.09440 0.90410
-0.21237 -0.89602 0.12747 -0.4696 0.8161 0.3369 0.40590 0.77330
-0.20952 -0.90005 0.14083 -0.4234 0.8508 0.3114 0.37430 0.78110
-0.21785 -0.90465 0.14036 -0.6137 0.7213 0.3212 0.37800 0.79770
-0.22050 -0.90065 0.12675 -0.6406 0.7151 0.2798 0.40930 0.78980
-0.22007 -0.89614 0.11339 -0.7242 0.6617 0.1941 0.44100 0.77900
-0.21224 -0.89058 0.11433 -0.5659 0.7401 0.3633 0.43810 0.76090
-0.20357 -0.88520 0.11494 -0.4777 0.7317 0.4862 0.43550 0.74180
-0.20329 -0.89181 0.12784 -0.3942 0.8327 0.3888 0.40280 0.75580
-0.20016 -0.89601 0.14101 -0.3401 0.8815 0.3276 0.37060 0.76350
-0.21152 -0.88218 0.10184 -0.7070 0.6078 0.3615 0.47050 0.74370
-0.21801 -0.88999 0.10044 -0.8432 0.5221 0.1280 0.47340 0.76480
-0.21600 -0.88393 0.08814 -0.9327 0.3580 0.0446 0.50500 0.75150
-0.21118 -0.87434 0.08959 -0.8383 0.4725 0.2719 0.50210 0.72810
-0.20484 -0.86600 0.09102 -0.7172 0.5371 0.4440 0.49900 0.70670
-0.20387 -0.87503 0.10304 -0.5922 0.6167 0.5185 0.46770 0.72300
-0.22501 -0.90545 0.12572 -0.8733 0.4385 0.2123 0.41240 0.80210
-0.22182 -0.90885 0.13945 -0.8630 0.3742 0.3395 0.38130 0.80830
-0.22284 -0.91350 0.13845 -0.9415 0.0510 0.3330 0.38400 0.81790
-0.22686 -0.91140 0.12465 -0.9763 0.1353 0.1687 0.41540 0.81450
-0.22713 -0.90900 0.11099 -0.9801 0.1788 -0.0867 0.44700 0.80930
-0.22482 -0.90199 0.11227 -0.9003 0.4349 0.0205 0.44370 0.79400
-0.22182 -0.89801 0.09926 -0.9370 0.3322 -0.1083 0.47590 0.78390
-0.22344 -0.90621 0.09790 -0.9565 0.1383 -0.2570 0.47940 0.80200
-0.21899 -0.90243 0.08491 -0.9579 0.0527 -0.2823 0.51260 0.79310
-0.21849 -0.89341 0.08656 -0.9675 0.1979 -0.1573 0.50840 0.77330
-0.13751 -0.88632 0.11276 0.8143 0.5068 0.2830 0.30060 0.56410
-0.13885 -0.87752 0.09903 0.8787 0.4089 0.2462 0.32530 0.52890
-0.13547 -0.88663 0.09972 0.9749 0.2063 0.0834 0.30550 0.52900
-0.13514 -0.89389 0.11400 0.9503 0.3088 0.0405 0.28290 0.56530
-0.13180 -0.90095 0.12680 0.8849 0.4641 0.0404 0.26000 0.59650
-0.13601 -0.89513 0.12498 0.7263 0.6375 0.2572 0.27540 0.59440
-0.14143 -0.88936 0.12252 0.5229 0.7176 0.4601 0.29120 0.59100
-0.14241 -0.87925 0.11108 0.6389 0.6134 0.4643 0.31670 0.56130
-0.14275 -0.87002 0.09847 0.7559 0.5281 0.3870 0.34080 0.52850
-0.13501 -0.90057 0.13756 0.6371 0.7331 0.2379 0.25820 0.62460
-0.13054 -0.90569 0.13992 0.8300 0.5337 0.1623 0.24370 0.62660
-0.13204 -0.90933 0.15448 0.8229 0.5228 0.2225 0.23080 0.65930
-0.13569 -0.90419 0.15131 0.6383 0.7389 0.2157 0.24480 0.65610
-0.14112 -0.89957 0.14768 0.4814 0.8482 0.2209 0.26030 0.65260
-0.14111 -0.89581 0.13461 0.4822 0.8149 0.3216 0.27370 0.62160
-0.13321 -0.90271 0.11463 0.9795 0.1023 -0.1738 0.26170 0.56420
-0.13473 -0.89747 0.10049 0.9966 -0.0247 -0.0785 0.27970 0.52820
-0.13645 -0.90804 0.10006 0.9466 -0.2270 -0.2291 0.25460 0.52440
-0.13335 -0.91204 0.11408 0.9418 -0.0811 -0.3262 0.24030 0.55980
-0.12852 -0.91507 0.12594 0.9721 0.0108 -0.2344 0.22850 0.58920
-0.12921 -0.90733 0.12693 0.9679 0.2173 -0.1263 0.24490 0.59430
-0.12805 -0.91112 0.13994 0.9642 0.2511 0.0847 0.23160 0.62390
-0.12720 -0.91768 0.13874 0.9997 0.0141 0.0215 0.21840 0.61840
-0.12930 -0.91938 0.15355 0.9779 -0.0068 0.2091 0.21030 0.65200
-0.13005 -0.91418 0.15477 0.9455 0.2355 0.2249 0.22040 0.65710
-0.23396 -0.93690 0.12255 -0.9809 0.0064 0.1943 0.39940 0.93690
-0.22868 -0.93710 0.13821 -0.9294 -0.0024 0.3690 0.36370 0.92700
-0.22894 -0.94427 0.13703 -0.6754 -0.6960 0.2437 0.36310 0.94280
-0.23416 -0.94337 0.12106 -0.7374 -0.6722 0.0661 0.40050 0.95130
-0.23471 -0.94164 0.10568 -0.7540 -0.6374 -0.1588 0.43710 0.95480
-0.23478 -0.93525 0.10706 -0.9948 0.0330 -0.0968 0.43510 0.94080
-0.23445 -0.92666 0.10709 -0.8129 0.5815 -0.0334 0.43740 0.92330
-0.23372 -0.92838 0.12274 -0.8052 0.5590 0.1979 0.40200 0.91950
-0.22833 -0.92933 0.13832 -0.7720 0.5512 0.3165 0.36710 0.91060
-0.23089 -0.93299 0.09297 -0.9493 0.0465 -0.3108 0.47020 0.93980
-0.23111 -0.94026 0.09226 -0.6951 -0.6456 -0.3164 0.47060 0.95550
-0.22555 -0.93832 0.07942 -0.6278 -0.6726 -0.3917 0.50390 0.95410
-0.22546 -0.92996 0.07904 -0.9411 0.0438 -0.3352 0.50640 0.93640
-0.22454 -0.92189 0.07785 -0.7878 0.6036 -0.1227 0.51190 0.91960
-0.23022 -0.92493 0.09265 -0.7795 0.6032 -0.1689 0.47300 0.92280
-0.13247 -0.93832 0.10962 0.8848 -0.0656 -0.4613 0.10850 0.57400
-0.14034 -0.93439 0.09288 0.9334 -0.1242 -0.3367 0.11550 0.53090
-0.14158 -0.94318 0.09367 0.5211 -0.7641 -0.3803 0.10350 0.53200
-0.13299 -0.94628 0.10905 0.5675 -0.7093 -0.4181 0.09630 0.57260
-0.12588 -0.94833 0.12252 0.6658 -0.6811 -0.3046 0.09410 0.60830
-0.12488 -0.93985 0.12410 0.9555 -0.0621 -0.2884 0.10930 0.61110
-0.12450 -0.93368 0.12393 0.8568 0.4753 -0.1998 0.13260 0.60860
-0.13224 -0.93137 0.10929 0.8130 0.4946 -0.3071 0.13550 0.57230
-0.13989 -0.92721 0.09182 0.8724 0.4775 -0.1042 0.14080 0.52700
-0.12324 -0.94026 0.13852 0.9945 -0.0955 0.0434 0.11410 0.64220
-0.12414 -0.95010 0.13685 0.6824 -0.7304 -0.0308 0.09780 0.64080
-0.12741 -0.95058 0.15383 0.6221 -0.7621 0.1796 0.10610 0.68230
-0.12668 -0.94059 0.15541 0.9611 -0.1032 0.2562 0.12270 0.68030
-0.12611 -0.93568 0.15532 0.8720 0.4404 0.2136 0.14070 0.67690
-0.12276 -0.93535 0.13863 0.8896 0.4516 0.0686 0.13410 0.63940
-0.19517 -0.89899 0.17057 -0.4086 0.9066 0.1055 0.30510 0.77850
-0.19096 -0.89810 0.17660 -0.3650 0.9028 0.2275 0.29160 0.77620
-0.19486 -0.90155 0.18083 -0.5375 0.7448 0.3953 0.28600 0.78660
-0.20063 -0.90255 0.17302 -0.6068 0.7388 0.2933 0.30300 0.79030
-0.20713 -0.90448 0.16364 -0.6117 0.7458 0.2638 0.32450 0.79550
-0.19954 -0.90059 0.16308 -0.4011 0.9120 0.0856 0.32230 0.78100
-0.19100 -0.89757 0.16266 -0.2810 0.9596 0.0175 0.31920 0.76600
-0.18883 -0.89666 0.16902 -0.2663 0.9639 0.0083 0.30500 0.76690
-0.18761 -0.89664 0.17380 -0.2630 0.9575 0.1187 0.29510 0.76880
-0.20479 -0.90179 0.15317 -0.4014 0.8946 0.1962 0.34550 0.78340
-0.21320 -0.90581 0.15290 -0.6107 0.7367 0.2903 0.34940 0.79930
-0.19511 -0.89823 0.15320 -0.3077 0.9338 0.1828 0.34140 0.76600
-0.20339 -0.90722 0.17448 -0.7955 0.3798 0.4721 0.30150 0.80030
-0.19723 -0.90594 0.18338 -0.7142 0.4464 0.5391 0.28230 0.79540
-0.19814 -0.91101 0.18460 -0.7975 0.1384 0.5872 0.27960 0.80430
-0.20401 -0.91253 0.17513 -0.8516 0.0493 0.5218 0.30010 0.81040
-0.21094 -0.91378 0.16374 -0.8665 -0.0058 0.4992 0.32610 0.81530
-0.21048 -0.90885 0.16380 -0.8250 0.3424 0.4496 0.32580 0.80560
-0.21687 -0.90987 0.15229 -0.8521 0.3361 0.4012 0.35220 0.80920
-0.21743 -0.91439 0.15165 -0.9044 -0.0091 0.4267 0.35400 0.81830
-0.13855 -0.90507 0.16360 0.6792 0.7189 0.1481 0.23810 0.68420
-0.13569 -0.90919 0.16692 0.8284 0.5187 0.2115 0.22680 0.68800
-0.13954 -0.90640 0.17578 0.8173 0.5310 0.2234 0.22880 0.70900
-0.14182 -0.90296 0.17226 0.6973 0.7104 0.0952 0.23800 0.70480
-0.14515 -0.90020 0.16854 0.5200 0.8540 0.0163 0.24800 0.70060
-0.14284 -0.90121 0.15966 0.5086 0.8519 0.1248 0.25130 0.68010
-0.14453 -0.90097 0.17782 0.6419 0.7476 0.1705 0.23890 0.71760
-0.14319 -0.90393 0.18210 0.7352 0.5875 0.3381 0.23130 0.72340
-0.14764 -0.90260 0.18693 0.5481 0.6872 0.4767 0.23340 0.73460
-0.14785 -0.89977 0.18179 0.4813 0.8194 0.3113 0.24030 0.72700
-0.14867 -0.89855 0.17831 0.4089 0.9002 0.1495 0.24520 0.72190
-0.14700 -0.89892 0.17428 0.4794 0.8771 0.0303 0.24640 0.71350
-0.13392 -0.91353 0.16771 0.9252 0.2470 0.2881 0.21760 0.68710
-0.13321 -0.91841 0.16720 0.9466 -0.0040 0.3223 0.20820 0.68380
-0.13750 -0.91538 0.17803 0.9104 0.0356 0.4122 0.21130 0.70950
-0.13803 -0.91044 0.17743 0.8937 0.2866 0.3451 0.22050 0.71000
-0.14247 -0.90780 0.18524 0.8072 0.3607 0.4673 0.22380 0.72750
-0.14249 -0.91282 0.18734 0.8376 0.1051 0.5360 0.21500 0.73060
-0.14839 -0.91087 0.19456 0.6638 0.2470 0.7060 0.21910 0.74700
-0.14782 -0.90623 0.19132 0.6149 0.4967 0.6126 0.22660 0.74140
-0.20858 -0.93245 0.17709 -0.8772 0.0019 0.4802 0.27470 0.88730
-0.20361 -0.92954 0.18681 -0.8582 0.0057 0.5133 0.25360 0.87390
-0.20353 -0.93984 0.18547 -0.5828 -0.6630 0.4699 0.25050 0.89600
-0.20836 -0.94108 0.17666 -0.6045 -0.6707 0.4298 0.27090 0.90560
-0.21442 -0.94243 0.16572 -0.6067 -0.6789 0.4136 0.29630 0.91710
-0.21484 -0.93486 0.16632 -0.8723 -0.0062 0.4889 0.29920 0.90090
-0.21507 -0.92795 0.16497 -0.7589 0.5407 0.3628 0.30580 0.88760
-0.20837 -0.92642 0.17677 -0.7626 0.5505 0.3396 0.27850 0.87500
-0.20314 -0.92497 0.18665 -0.7536 0.5522 0.3567 0.25600 0.86460
-0.22199 -0.93626 0.15319 -0.8935 -0.0055 0.4491 0.32950 0.91410
-0.22187 -0.94371 0.15231 -0.6351 -0.6863 0.3543 0.32750 0.93020
-0.22190 -0.92911 0.15233 -0.7666 0.5384 0.3499 0.33490 0.89980
-0.13177 -0.93913 0.17115 0.9320 -0.0830 0.3527 0.13460 0.71590
-0.13239 -0.94901 0.17013 0.5823 -0.7493 0.3152 0.11900 0.71960
-0.13747 -0.94625 0.18325 0.5569 -0.7137 0.4249 0.12890 0.75060
-0.13697 -0.93651 0.18388 0.8910 -0.0528 0.4510 0.14560 0.74490
-0.13649 -0.93203 0.18315 0.8466 0.4258 0.3194 0.16180 0.73710
-0.13122 -0.93444 0.17068 0.8660 0.4276 0.2592 0.15170 0.71030
-0.14342 -0.93356 0.19513 0.8325 -0.0303 0.5531 0.15840 0.77160
-0.14378 -0.94336 0.19449 0.4732 -0.7003 0.5345 0.13940 0.77760
-0.15060 -0.93891 0.20417 0.3706 -0.6150 0.6960 0.15260 0.80330
-0.15027 -0.92934 0.20442 0.6921 -0.0024 0.7218 0.17090 0.79580
-0.15010 -0.92537 0.20415 0.7030 0.4755 0.5289 0.18340 0.78590
-0.14301 -0.92901 0.19440 0.8087 0.4400 0.3905 0.17260 0.76260
-0.20980 -0.86509 -0.00231 -0.9483 -0.0539 -0.3127 0.71410 0.72410
-0.21276 -0.87128 0.01705 -0.9921 -0.0439 -0.1179 0.67050 0.73200
-0.21207 -0.88066 0.01790 -0.9848 -0.1085 -0.1360 0.66810 0.75130
-0.20902 -0.87590 -0.00130 -0.9493 -0.0958 -0.2994 0.71150 0.74500
-0.20191 -0.87361 -0.01662 -0.8260 -0.0422 -0.5621 0.74820 0.74160
-0.20218 -0.86166 -0.01761 -0.7852 -0.0113 -0.6191 0.75030 0.71950
-0.20159 -0.85097 -0.01834 -0.7737 0.1954 -0.6027 0.75300 0.69960
-0.20992 -0.85616 -0.00331 -0.9500 0.1225 -0.2872 0.71730 0.70620
-0.21287 -0.86454 0.01658 -0.9948 0.0438 -0.0923 0.67360 0.71490
-0.13405 -0.86870 0.01245 0.9920 0.1088 -0.0634 0.34000 0.31900
-0.13612 -0.86477 -0.00298 0.9490 0.1577 -0.2731 0.34830 0.28510
-0.13471 -0.87703 -0.00336 0.9603 0.0423 -0.2759 0.32460 0.28290
-0.13313 -0.88057 0.01215 0.9987 -0.0003 -0.0516 0.31770 0.31750
-0.13331 -0.88516 0.02972 0.9963 -0.0860 0.0043 0.30810 0.35650
-0.13316 -0.87404 0.03022 0.9994 0.0284 -0.0195 0.33040 0.35800
-0.13370 -0.86409 0.03050 0.9915 0.1263 -0.0323 0.34940 0.35900
-0.13582 -0.85842 0.01255 0.9779 0.1932 -0.0798 0.35820 0.31950
-0.13837 -0.85384 -0.00241 0.9361 0.2391 -0.2579 0.36800 0.28700
-0.18023 -0.92706 -0.00598 -0.0068 -0.9837 -0.1798 0.74500 0.27070
-0.18446 -0.93034 0.01600 0.0030 -0.9861 -0.1661 0.70540 0.30540
-0.17367 -0.93075 0.01823 -0.0206 -0.9854 -0.1689 0.71850 0.32080
-0.16901 -0.92748 -0.00430 -0.0251 -0.9836 -0.1784 0.75970 0.28570
-0.21097 -0.91802 -0.00558 -0.9705 -0.0147 -0.2407 0.71140 0.94350
-0.21088 -0.92641 -0.00636 -0.7186 -0.6343 -0.2849 0.71280 0.96130
-0.20557 -0.92403 -0.01946 -0.6449 -0.5966 -0.4777 0.74690 0.95780
-0.20559 -0.91573 -0.01923 -0.8651 0.0192 -0.5013 0.74550 0.94030
-0.21107 -0.90917 -0.00550 -0.9683 -0.0191 -0.2489 0.71160 0.92540
-0.20569 -0.90744 -0.01901 -0.8629 -0.0285 -0.5045 0.74400 0.92370
-0.20535 -0.89605 -0.02145 -0.7292 0.5523 -0.4040 0.74790 0.90260
-0.21110 -0.89790 -0.00628 -0.8184 0.5544 -0.1510 0.71410 0.90330
-0.21349 -0.90072 0.01056 -0.8417 0.5396 -0.0194 0.67590 0.90320
-0.21316 -0.91178 0.01097 -0.9910 -0.0423 -0.1271 0.67320 0.92580
-0.13397 -0.92263 0.00978 0.9939 -0.1089 0.0199 0.11430 0.32500
-0.13389 -0.92001 -0.00496 0.9796 -0.0599 -0.1918 0.12190 0.28880
-0.13443 -0.92863 -0.00531 0.7087 -0.6667 -0.2308 0.10350 0.28860
-0.13463 -0.93079 0.00906 0.6941 -0.7148 -0.0858 0.09690 0.32510
-0.20364 -0.92707 -0.00744 -0.0280 -0.9800 -0.1972 0.71220 0.24400
-0.20366 -0.93026 0.01357 -0.0036 -0.9868 -0.1617 0.67990 0.28080
-0.19467 -0.93019 0.01412 0.0096 -0.9868 -0.1615 0.69260 0.29120
-0.19146 -0.92698 -0.00683 0.0065 -0.9829 -0.1842 0.72940 0.25750
-0.13287 -0.91382 0.00979 0.9922 -0.1246 -0.0077 0.13540 0.32320
-0.13348 -0.91519 0.02555 0.9836 -0.1620 0.0792 0.13510 0.36190
-0.13181 -0.90489 0.02537 0.8977 0.4115 0.1574 0.16500 0.35730
-0.13131 -0.90174 0.00847 0.8893 0.4537 0.0571 0.16340 0.31760
-0.13232 -0.89954 -0.00656 0.8707 0.4640 -0.1630 0.16620 0.29080
-0.13322 -0.91142 -0.00461 0.9727 -0.0947 -0.2119 0.13870 0.28930
-0.21139 -0.86747 0.07682 -0.9289 0.3214 0.1842 0.53420 0.71530
-0.21409 -0.87795 0.07575 -0.9778 0.2097 0.0013 0.53640 0.73930
-0.21281 -0.87221 0.06097 -0.9949 0.0948 0.0354 0.57250 0.72850
-0.21202 -0.86181 0.06168 -0.9712 0.2019 0.1263 0.57040 0.70530
-0.20912 -0.84905 0.06027 -0.8796 0.4435 0.1720 0.56590 0.68020
-0.20683 -0.85802 0.07808 -0.8228 0.4453 0.3530 0.53100 0.69310
-0.21536 -0.88785 0.07407 -0.9859 0.1013 -0.1333 0.54020 0.76150
-0.21515 -0.89702 0.07163 -0.9757 -0.0208 -0.2180 0.54600 0.78170
-0.21304 -0.89099 0.05636 -0.9933 -0.0877 -0.0752 0.58260 0.76990
-0.21333 -0.88198 0.05928 -0.9993 0.0261 -0.0254 0.57620 0.75030
-0.21429 -0.87658 0.04239 -0.9998 -0.0176 -0.0038 0.61450 0.74040
-0.21386 -0.88569 0.04127 -0.9932 -0.1108 -0.0351 0.61640 0.75970
-0.21413 -0.86776 0.04309 -0.9987 0.0466 0.0191 0.61360 0.72110
-0.13807 -0.86928 0.08488 0.9068 0.3391 0.2503 0.34580 0.49300
-0.13703 -0.86221 0.07067 0.9301 0.2981 0.2144 0.35410 0.45750
-0.13421 -0.87190 0.07008 0.9807 0.1366 0.1399 0.33800 0.45250
-0.13553 -0.87903 0.08487 0.9787 0.1617 0.1262 0.32470 0.49090
-0.14199 -0.86112 0.08532 0.8099 0.4637 0.3592 0.36060 0.49860
-0.14079 -0.85282 0.07194 0.8419 0.4652 0.2735 0.37100 0.46800
-0.13253 -0.87882 0.05387 0.9978 -0.0549 0.0375 0.32250 0.41040
-0.13442 -0.89004 0.05203 0.9755 -0.2141 0.0501 0.29850 0.40640
-0.13706 -0.89503 0.06731 0.9511 -0.3088 -0.0023 0.28730 0.44420
-0.13429 -0.88376 0.06954 0.9937 -0.1003 0.0505 0.31310 0.45000
-0.13311 -0.86787 0.05495 0.9911 0.1161 0.0651 0.34400 0.41280
-0.13497 -0.89069 0.08526 0.9957 -0.0888 -0.0247 0.29800 0.48990
-0.13788 -0.90183 0.08389 0.9415 -0.3091 -0.1343 0.27190 0.48460
-0.21621 -0.91359 0.03423 -0.9948 -0.0870 -0.0537 0.62000 0.92020
-0.21678 -0.90528 0.03536 -0.8374 0.5295 0.1357 0.62110 0.90390
-0.21601 -0.90946 0.04415 -0.8268 0.5250 0.2021 0.59980 0.90610
-0.21567 -0.91727 0.04327 -0.9927 -0.0659 -0.1011 0.59840 0.92300
-0.21441 -0.92475 0.04244 -0.6416 -0.6881 -0.3389 0.59790 0.93900
-0.21471 -0.92174 0.03391 -0.9124 -0.3954 0.1056 0.61830 0.93690
-0.14072 -0.93058 0.00431 -0.0234 -0.9842 -0.1753 0.79020 0.33170
-0.14743 -0.92958 0.00158 -0.0582 -0.9815 -0.1826 0.78390 0.31950
-0.15081 -0.93259 0.02270 -0.0572 -0.9852 -0.1617 0.74680 0.35340
-0.14277 -0.93345 0.02488 -0.0379 -0.9865 -0.1595 0.75590 0.36600
-0.21941 -0.92442 0.06185 -0.9634 0.0178 -0.2675 0.55130 0.92990
-0.21890 -0.91607 0.06150 -0.8015 0.5976 0.0194 0.55540 0.91250
-0.21981 -0.93243 0.06116 -0.6487 -0.6371 -0.4162 0.55020 0.94700
-0.13712 -0.91823 0.04738 0.9522 -0.2156 0.2165 0.13680 0.41210
-0.13898 -0.92718 0.04714 0.7688 -0.4883 0.4130 0.11980 0.41670
-0.14293 -0.92887 0.05433 0.5903 -0.7960 -0.1336 0.12020 0.43560
-0.13964 -0.92071 0.05376 0.9423 -0.2477 0.2253 0.13560 0.43090
-0.13865 -0.91359 0.05676 0.8292 0.3602 0.4274 0.16150 0.43580
-0.13537 -0.90967 0.04912 0.8402 0.3918 0.3749 0.16400 0.41040
-0.14372 -0.92758 0.07348 0.9771 -0.2027 -0.0654 0.12310 0.48070
-0.14536 -0.93668 0.07313 0.5750 -0.7672 -0.2844 0.11160 0.48200
-0.14213 -0.92045 0.07348 0.8770 0.4297 0.2152 0.15440 0.47740
-0.17534 -0.89855 0.18771 -0.1200 0.8875 0.4449 0.26250 0.76550
-0.16920 -0.89851 0.18866 -0.0188 0.8929 0.4499 0.25590 0.75890
-0.17112 -0.90179 0.19385 -0.0669 0.7922 0.6066 0.24910 0.76820
-0.17757 -0.90197 0.19261 -0.1898 0.7814 0.5944 0.25590 0.77470
-0.18389 -0.90200 0.19012 -0.2905 0.7672 0.5718 0.26420 0.78020
-0.18124 -0.89853 0.18547 -0.2013 0.8864 0.4168 0.27040 0.77090
-0.17859 -0.89579 0.17945 -0.1205 0.9663 0.2276 0.27930 0.76050
-0.17313 -0.89576 0.18124 -0.0481 0.9682 0.2455 0.27210 0.75450
-0.16743 -0.89586 0.18187 0.0290 0.9707 0.2387 0.26590 0.74680
-0.18634 -0.89823 0.18172 -0.2790 0.8953 0.3473 0.28010 0.77410
-0.18950 -0.90163 0.18637 -0.4082 0.7591 0.5071 0.27380 0.78380
-0.18363 -0.89595 0.17608 -0.1871 0.9679 0.1680 0.28860 0.76470
-0.17931 -0.90571 0.19607 -0.2658 0.6070 0.7489 0.25080 0.78220
-0.17301 -0.90544 0.19751 -0.1177 0.6196 0.7760 0.24410 0.77590
-0.17465 -0.90967 0.19972 -0.1594 0.4296 0.8888 0.23980 0.78310
-0.18070 -0.90994 0.19821 -0.3283 0.4190 0.8466 0.24660 0.78930
-0.18641 -0.91027 0.19542 -0.5061 0.3578 0.7848 0.25470 0.79460
-0.18546 -0.90589 0.19342 -0.4048 0.5661 0.7181 0.25900 0.78760
-0.19139 -0.90571 0.18945 -0.5588 0.5112 0.6530 0.26910 0.79170
-0.19224 -0.91045 0.19103 -0.6668 0.2472 0.7030 0.26540 0.79940
-0.17043 -0.86078 -0.02940 0.1031 0.1414 -0.9846 0.80790 0.70960
-0.16048 -0.86125 -0.02725 0.3583 0.1279 -0.9248 0.82500 0.70480
-0.16041 -0.85046 -0.02545 0.3474 0.2158 -0.9126 0.81730 0.68180
-0.16970 -0.84972 -0.02735 0.1205 0.2334 -0.9649 0.80290 0.68720
-0.18076 -0.84921 -0.02750 -0.0793 0.2028 -0.9760 0.78780 0.69200
-0.18159 -0.86063 -0.02927 -0.1446 0.1279 -0.9812 0.79040 0.71370
-0.18350 -0.87278 -0.03049 -0.2045 0.0145 -0.9788 0.79200 0.73710
-0.17168 -0.87264 -0.03101 0.0794 0.0148 -0.9967 0.81110 0.73360
-0.16062 -0.87287 -0.02866 0.3494 0.0183 -0.9368 0.83060 0.73010
-0.19156 -0.86055 -0.02633 -0.4707 0.0699 -0.8795 0.77430 0.71620
-0.19066 -0.84912 -0.02564 -0.4049 0.1693 -0.8985 0.77410 0.69530
-0.19322 -0.87284 -0.02635 -0.5556 0.0064 -0.8315 0.77370 0.73930
-0.16897 -0.84234 -0.02476 0.1375 0.3244 -0.9359 0.79900 0.67340
-0.16050 -0.84299 -0.02301 0.3234 0.2930 -0.8998 0.81100 0.66750
-0.16058 -0.83856 -0.02147 0.2915 0.5491 -0.7833 0.80780 0.66290
-0.16810 -0.83800 -0.02295 0.1386 0.5884 -0.7966 0.79720 0.66780
-0.17764 -0.83781 -0.02375 0.0141 0.6147 -0.7886 0.78570 0.67180
-0.17951 -0.84202 -0.02548 -0.0153 0.3074 -0.9514 0.78590 0.67970
-0.18851 -0.84268 -0.02493 -0.3541 0.3516 -0.8666 0.77520 0.68480
-0.18617 -0.83835 -0.02380 -0.3037 0.6397 -0.7061 0.77580 0.67740
-0.19720 -0.84404 -0.01862 -0.6613 0.6046 -0.4440 0.75850 0.67990
-0.19936 -0.84677 -0.01874 -0.7185 0.4261 -0.5498 0.75640 0.68680
-0.18752 -0.92398 0.20373 -0.4371 0.0781 0.8960 0.21550 0.84560
-0.18059 -0.92429 0.20598 -0.2616 0.1045 0.9595 0.20540 0.83830
-0.18128 -0.93283 0.20683 -0.2497 -0.4594 0.8524 0.19530 0.85310
-0.18804 -0.93314 0.20400 -0.3782 -0.4672 0.7992 0.20690 0.86210
-0.19346 -0.93509 0.19956 -0.4896 -0.5516 0.6753 0.21810 0.87270
-0.19331 -0.92489 0.20024 -0.6645 0.0337 0.7465 0.22460 0.85290
-0.19294 -0.92133 0.20020 -0.5861 0.6120 0.5310 0.22670 0.84690
-0.18708 -0.92042 0.20343 -0.3706 0.6224 0.6894 0.21870 0.83980
-0.18025 -0.92027 0.20560 -0.2061 0.5831 0.7858 0.21080 0.83140
-0.19852 -0.92781 0.19426 -0.7986 0.0016 0.6018 0.23700 0.86400
-0.19842 -0.93804 0.19296 -0.5170 -0.6463 0.5613 0.23290 0.88560
-0.19812 -0.92355 0.19437 -0.7182 0.5586 0.4149 0.23900 0.85550
-0.19800 -0.91381 -0.02861 -0.5774 0.0643 -0.8139 0.77200 0.93450
-0.19798 -0.92187 -0.02945 -0.4356 -0.5401 -0.7201 0.77630 0.95140
-0.18816 -0.92111 -0.03289 -0.1405 -0.5459 -0.8259 0.79730 0.94460
-0.18810 -0.91307 -0.03199 -0.1945 0.0974 -0.9760 0.79170 0.92800
-0.19810 -0.90576 -0.02791 -0.5590 -0.0322 -0.8286 0.76790 0.91870
-0.18813 -0.90505 -0.03127 -0.1688 0.0087 -0.9856 0.78630 0.91240
-0.18810 -0.89423 -0.03188 -0.1388 0.6067 -0.7827 0.78030 0.89340
-0.19796 -0.89487 -0.02980 -0.4614 0.5466 -0.6988 0.76720 0.90000
-0.17459 -0.91310 -0.03278 0.0456 0.1014 -0.9938 0.81550 0.91850
-0.17475 -0.92121 -0.03370 0.0237 -0.5583 -0.8293 0.82240 0.93500
-0.16179 -0.92195 -0.03183 0.2026 -0.5572 -0.8053 0.84610 0.92460
-0.16157 -0.91375 -0.03090 0.3025 0.0919 -0.9487 0.83840 0.90810
-0.17457 -0.90501 -0.03202 0.0523 0.0439 -0.9977 0.80850 0.90280
-0.16145 -0.90558 -0.03012 0.2960 0.0446 -0.9542 0.83060 0.89180
-0.16121 -0.89450 -0.02991 0.2643 0.5764 -0.7732 0.81850 0.87060
-0.17449 -0.89408 -0.03188 0.0509 0.6088 -0.7917 0.79910 0.88300
-0.19465 -0.94619 0.12867 -0.0565 -0.9963 -0.0653 0.60140 0.42600
-0.18091 -0.94711 0.13095 -0.0539 -0.9963 -0.0668 0.58060 0.43840
-0.18077 -0.94539 0.11548 -0.0409 -0.9919 -0.1206 0.60270 0.46700
-0.19409 -0.94453 0.11316 -0.0436 -0.9924 -0.1147 0.62280 0.45530
-0.20749 -0.94363 0.11076 -0.0478 -0.9927 -0.1107 0.64330 0.44350
-0.20817 -0.94524 0.12627 -0.0572 -0.9962 -0.0653 0.62200 0.41400
-0.20419 -0.94589 0.14288 -0.0727 -0.9968 0.0334 0.59320 0.38800
-0.19096 -0.94680 0.14518 -0.0735 -0.9966 0.0363 0.57300 0.39990
-0.17790 -0.94769 0.14721 -0.0698 -0.9969 0.0364 0.55330 0.41210
-0.22083 -0.94433 0.12374 -0.0567 -0.9960 -0.0686 0.64190 0.40320
-0.22091 -0.94267 0.10828 -0.0516 -0.9925 -0.1106 0.66400 0.43160
-0.21624 -0.94509 0.14010 -0.0704 -0.9972 0.0256 0.61270 0.37840
-0.19233 -0.94292 0.09941 -0.0275 -0.9876 -0.1547 0.64020 0.48280
-0.17961 -0.94360 0.10166 -0.0241 -0.9861 -0.1641 0.62090 0.49400
-0.17959 -0.94072 0.08739 -0.0020 -0.9690 -0.2472 0.64130 0.52060
-0.19033 -0.94034 0.08563 -0.0036 -0.9697 -0.2441 0.65740 0.51080
-0.20233 -0.93974 0.08345 -0.0136 -0.9699 -0.2430 0.67580 0.50020
-0.20521 -0.94217 0.09707 -0.0364 -0.9882 -0.1487 0.65990 0.47150
-0.21801 -0.94127 0.09471 -0.0432 -0.9885 -0.1452 0.67970 0.46010
-0.21418 -0.93894 0.08122 -0.0207 -0.9699 -0.2425 0.69430 0.48970
-0.19539 -0.88872 0.12800 -0.3132 0.8416 0.4400 0.40010 0.74090
-0.19612 -0.88093 0.11522 -0.3772 0.7228 0.5791 0.43350 0.72590
-0.18868 -0.87789 0.11547 -0.2501 0.7277 0.6386 0.43080 0.71180
-0.18799 -0.88660 0.12808 -0.2140 0.8505 0.4804 0.39720 0.72780
-0.18471 -0.89190 0.14151 -0.1620 0.9239 0.3466 0.36330 0.73680
-0.19206 -0.89341 0.14130 -0.2549 0.9051 0.3404 0.36690 0.74920
-0.18038 -0.88527 0.12820 -0.1147 0.8539 0.5076 0.39360 0.71510
-0.18013 -0.87595 0.11593 -0.1335 0.7330 0.6671 0.42620 0.69770
-0.17118 -0.87553 0.11664 -0.0218 0.7354 0.6773 0.41940 0.68460
-0.17258 -0.88502 0.12872 -0.0149 0.8559 0.5169 0.38820 0.70330
-0.17106 -0.89098 0.14180 0.0033 0.9376 0.3477 0.35580 0.71470
-0.17792 -0.89107 0.14146 -0.0753 0.9329 0.3522 0.36030 0.72560
-0.19707 -0.86989 0.10399 -0.4574 0.6338 0.6238 0.46500 0.70710
-0.19861 -0.86033 0.09283 -0.5561 0.6073 0.5674 0.49410 0.69080
-0.19087 -0.85675 0.09467 -0.3416 0.6709 0.6582 0.48770 0.67680
-0.18949 -0.86657 0.10486 -0.2829 0.6646 0.6916 0.46110 0.69320
-0.17972 -0.86464 0.10565 -0.1357 0.6820 0.7187 0.45480 0.67810
-0.18029 -0.85468 0.09589 -0.1556 0.6911 0.7058 0.48030 0.66130
-0.17030 -0.85421 0.09645 -0.0007 0.6977 0.7163 0.47290 0.64740
-0.16979 -0.86432 0.10634 -0.0097 0.6908 0.7230 0.44730 0.66430
-0.18393 -0.94067 0.18937 -0.1024 -0.9443 0.3127 0.49890 0.32490
-0.17648 -0.94093 0.19114 -0.1063 -0.9430 0.3153 0.48630 0.33100
-0.17404 -0.94389 0.17777 -0.0827 -0.9789 0.1867 0.50310 0.35950
-0.18282 -0.94338 0.17643 -0.0879 -0.9792 0.1828 0.51670 0.35100
-0.19181 -0.94295 0.17425 -0.0888 -0.9801 0.1773 0.53170 0.34380
-0.19092 -0.94061 0.18661 -0.0790 -0.9565 0.2809 0.51240 0.32120
-0.19885 -0.94080 0.18219 -0.0681 -0.9737 0.2176 0.52950 0.31970
-0.20225 -0.94268 0.17050 -0.0851 -0.9822 0.1677 0.55090 0.33790
-0.18550 -0.94568 0.16151 -0.0857 -0.9876 0.1318 0.54220 0.37600
-0.17447 -0.94642 0.16315 -0.0807 -0.9877 0.1339 0.52540 0.38660
-0.19699 -0.94495 0.15940 -0.0850 -0.9882 0.1275 0.56020 0.36570
-0.20923 -0.94432 0.15625 -0.0828 -0.9895 0.1184 0.58060 0.35650
-0.18278 -0.89544 0.17025 -0.1375 0.9905 -0.0013 0.29930 0.75850
-0.18383 -0.89601 0.16313 -0.1562 0.9877 -0.0027 0.31470 0.75460
-0.17759 -0.89549 0.16385 -0.0572 0.9984 0.0005 0.30990 0.74510
-0.17714 -0.89495 0.17227 -0.0513 0.9985 0.0194 0.29210 0.75160
-0.17171 -0.89486 0.17327 0.0112 0.9997 0.0221 0.28660 0.74410
-0.17198 -0.89547 0.16414 0.0118 0.9999 0.0095 0.30620 0.73630
-0.16653 -0.89579 0.16432 0.0615 0.9980 0.0175 0.30270 0.72750
-0.16628 -0.89512 0.17362 0.0650 0.9978 0.0141 0.28220 0.73590
-0.18704 -0.89609 0.15343 -0.2075 0.9619 0.1778 0.33720 0.75220
-0.18025 -0.89503 0.15365 -0.1104 0.9777 0.1788 0.33340 0.74100
-0.17429 -0.89454 0.15355 -0.0316 0.9814 0.1896 0.33060 0.73110
-0.16844 -0.89457 0.15370 0.0276 0.9803 0.1955 0.32710 0.72160
-0.20554 -0.93323 0.03175 0.0966 -0.8163 0.5696 0.65000 0.31160
-0.19562 -0.93300 0.02954 0.0616 -0.8620 0.5032 0.66830 0.31810
-0.18577 -0.93299 0.02999 -0.0366 -0.8407 0.5402 0.68260 0.32930
-0.17526 -0.93318 0.03079 -0.1381 -0.8531 0.5032 0.69720 0.34170
-0.18777 -0.93441 0.06693 0.0099 -0.9470 -0.3210 0.68180 0.54880
-0.17830 -0.93478 0.06835 0.0077 -0.9479 -0.3184 0.66800 0.55760
-0.17446 -0.92825 0.05032 0.0065 -0.9447 -0.3280 0.68990 0.59570
-0.18479 -0.92772 0.04866 0.0061 -0.9447 -0.3279 0.70530 0.58630
-0.19589 -0.92713 0.04667 -0.0022 -0.9420 -0.3355 0.72230 0.57640
-0.19851 -0.93389 0.06510 0.0044 -0.9465 -0.3228 0.69800 0.53910
-0.20920 -0.93320 0.06314 -0.0119 -0.9437 -0.3307 0.71470 0.52950
-0.20575 -0.92655 0.04485 -0.0318 -0.9351 -0.3528 0.73780 0.56750
-0.18532 -0.92240 0.03255 -0.0444 -0.8707 0.4898 0.15810 0.89930
-0.17468 -0.92268 0.03333 -0.1488 -0.8474 0.5097 0.14430 0.88620
-0.17526 -0.93318 0.03079 -0.1381 -0.8531 0.5032 0.12830 0.90250
-0.18577 -0.93299 0.02999 -0.0366 -0.8407 0.5402 0.14210 0.91580
-0.19562 -0.93300 0.02954 0.0616 -0.8620 0.5032 0.15500 0.92850
-0.19539 -0.92224 0.03214 0.0581 -0.8534 0.5181 0.17120 0.91160
-0.18532 -0.92240 0.03255 -0.0444 -0.8707 0.4898 0.72960 0.61520
-0.19539 -0.92224 0.03214 0.0581 -0.8534 0.5181 0.74330 0.60360
-0.17468 -0.92268 0.03333 -0.1488 -0.8474 0.5097 0.71460 0.62690
-0.20584 -0.92232 0.03448 0.0558 -0.8979 0.4366 0.18680 0.92400
-0.20554 -0.93323 0.03175 0.0966 -0.8163 0.5696 0.17000 0.94090
-0.20584 -0.92232 0.03448 0.0558 -0.8979 0.4366 0.75370 0.58660
-0.20094 -0.85093 0.08004 -0.6476 0.5792 0.4950 0.52390 0.67570
-0.20192 -0.84195 0.06776 -0.6871 0.6260 0.3687 0.54550 0.66280
-0.19308 -0.83810 0.07262 -0.4407 0.7342 0.5164 0.53340 0.64710
-0.19227 -0.84694 0.08355 -0.4045 0.6791 0.6126 0.51450 0.66040
-0.18166 -0.84446 0.08568 -0.2049 0.7069 0.6770 0.50530 0.64490
-0.18227 -0.83582 0.07574 -0.2432 0.7706 0.5891 0.52300 0.63210
-0.17222 -0.83533 0.07803 -0.0347 0.7736 0.6328 0.51490 0.61840
-0.17153 -0.84385 0.08669 -0.0175 0.7058 0.7082 0.49720 0.63110
-0.15229 -0.89920 0.18502 0.3059 0.8664 0.3947 0.24260 0.73580
-0.15301 -0.90209 0.19042 0.3352 0.7648 0.5502 0.23600 0.74440
-0.15882 -0.90190 0.19267 0.1836 0.7903 0.5846 0.23940 0.75320
-0.15748 -0.89896 0.18731 0.1848 0.8835 0.4304 0.24580 0.74410
-0.15623 -0.89680 0.18086 0.1766 0.9621 0.2076 0.25280 0.73290
-0.15159 -0.89755 0.17919 0.2741 0.9466 0.1697 0.24850 0.72590
-0.16320 -0.89869 0.18852 0.0867 0.8910 0.4456 0.25030 0.75180
-0.16488 -0.90179 0.19384 0.0638 0.7935 0.6052 0.24370 0.76110
-0.16166 -0.89622 0.18174 0.1035 0.9684 0.2271 0.25860 0.73980
-0.15384 -0.90555 0.19500 0.3632 0.6055 0.7081 0.22970 0.75190
-0.15469 -0.91004 0.19834 0.3914 0.3871 0.8348 0.22290 0.75820
-0.16120 -0.90979 0.19986 0.1483 0.4444 0.8835 0.22750 0.76730
-0.16011 -0.90539 0.19694 0.1729 0.6298 0.7572 0.23360 0.76070
-0.16656 -0.90535 0.19779 0.0315 0.6225 0.7820 0.23830 0.76870
-0.16800 -0.90966 0.20029 -0.0087 0.4353 0.9002 0.23320 0.77570
-0.14116 -0.86331 -0.01239 0.8046 0.1556 -0.5731 0.35220 0.26340
-0.14355 -0.85217 -0.01188 0.8068 0.2055 -0.5539 0.37370 0.26510
-0.14872 -0.85182 -0.01742 0.6769 0.1691 -0.7164 0.37620 0.25060
-0.14680 -0.86301 -0.01803 0.6722 0.1299 -0.7288 0.35380 0.24830
-0.14533 -0.87502 -0.01841 0.6599 0.0377 -0.7504 0.32940 0.24630
-0.13944 -0.87562 -0.01258 0.8100 0.0522 -0.5842 0.32760 0.26190
-0.15317 -0.86216 -0.02313 0.5678 0.1177 -0.8147 0.35710 0.23320
-0.15411 -0.85120 -0.02202 0.5578 0.1810 -0.8100 0.37940 0.23740
-0.16041 -0.85046 -0.02545 0.3474 0.2158 -0.9126 0.38360 0.22480
-0.16048 -0.86125 -0.02725 0.3583 0.1279 -0.9248 0.36110 0.21810
-0.16062 -0.87287 -0.02866 0.3494 0.0183 -0.9368 0.33620 0.21260
-0.15252 -0.87389 -0.02402 0.5548 0.0241 -0.8316 0.33270 0.22960
-0.14578 -0.84571 -0.01274 0.7950 0.2745 -0.5410 0.38690 0.26350
-0.14049 -0.84753 -0.00300 0.9072 0.3461 -0.2392 0.38030 0.28570
-0.14238 -0.84395 -0.00335 0.8150 0.5517 -0.1770 0.38800 0.28470
-0.14762 -0.84177 -0.01301 0.7309 0.5083 -0.4555 0.39540 0.26300
-0.15185 -0.84056 -0.01722 0.6250 0.4794 -0.6161 0.39990 0.25210
-0.15046 -0.84479 -0.01731 0.6646 0.2193 -0.7143 0.39070 0.25150
-0.15500 -0.84383 -0.02056 0.5230 0.2396 -0.8180 0.39470 0.24170
-0.15571 -0.83943 -0.01969 0.4793 0.5019 -0.7199 0.40390 0.24440
-0.16058 -0.83856 -0.02147 0.2915 0.5491 -0.7833 0.40860 0.23690
-0.16050 -0.84299 -0.02301 0.3234 0.2930 -0.8998 0.39930 0.23180
-0.15659 -0.92607 0.20850 0.3186 0.0517 0.9465 0.17700 0.80810
-0.15699 -0.93504 0.20903 0.1879 -0.4681 0.8635 0.15990 0.81870
-0.16406 -0.93386 0.20965 -0.0737 -0.4638 0.8829 0.16930 0.82980
-0.16357 -0.92538 0.20869 -0.0273 0.0916 0.9954 0.18350 0.81790
-0.16342 -0.92124 0.20835 0.0398 0.6041 0.7959 0.19690 0.80850
-0.15647 -0.92226 0.20821 0.3629 0.5855 0.7249 0.19010 0.79860
-0.17207 -0.92486 0.20771 -0.1514 0.1064 0.9827 0.19360 0.82860
-0.17269 -0.93325 0.20871 -0.1650 -0.4680 0.8682 0.18170 0.84210
-0.17186 -0.92057 0.20737 -0.0953 0.5777 0.8107 0.20370 0.82000
-0.13726 -0.90946 -0.01419 0.8086 -0.0698 -0.5842 0.14620 0.26750
-0.13626 -0.89804 -0.01583 0.7339 0.4678 -0.4924 0.17140 0.26900
-0.14299 -0.89672 -0.02094 0.5463 0.5159 -0.6599 0.17660 0.25640
-0.14389 -0.90800 -0.02005 0.5919 -0.0279 -0.8056 0.15380 0.25120
-0.13770 -0.91786 -0.01498 0.8249 0.0066 -0.5653 0.12990 0.26440
-0.14420 -0.91630 -0.02082 0.6223 0.0549 -0.7808 0.13770 0.24730
-0.14448 -0.92464 -0.02171 0.4095 -0.6052 -0.6827 0.12090 0.24390
-0.13811 -0.92629 -0.01586 0.5855 -0.6128 -0.5307 0.11270 0.26190
-0.15217 -0.90663 -0.02558 0.4873 0.0161 -0.8731 0.16170 0.23330
-0.15172 -0.89544 -0.02555 0.4370 0.5501 -0.7116 0.18400 0.24130
-0.16121 -0.89450 -0.02991 0.2643 0.5764 -0.7732 0.19210 0.22500
-0.16145 -0.90558 -0.03012 0.2960 0.0446 -0.9542 0.16700 0.21440
-0.15238 -0.91487 -0.02637 0.5094 0.0737 -0.8574 0.14440 0.22770
-0.16157 -0.91375 -0.03090 0.3025 0.0919 -0.9487 0.15280 0.20770
-0.16179 -0.92195 -0.03183 0.2026 -0.5572 -0.8053 0.14050 0.20160
-0.15261 -0.92314 -0.02729 0.3362 -0.5915 -0.7329 0.12940 0.22260
-0.13763 -0.94943 0.13516 -0.0418 -0.9963 -0.0754 0.51780 0.48400
-0.13913 -0.94767 0.12075 -0.0355 -0.9911 -0.1280 0.54080 0.50840
-0.15326 -0.94700 0.11942 -0.0372 -0.9910 -0.1285 0.56160 0.49320
-0.15213 -0.94875 0.13411 -0.0442 -0.9965 -0.0712 0.53890 0.46770
-0.15188 -0.94919 0.15042 -0.0589 -0.9978 0.0304 0.51450 0.43820
-0.13926 -0.94988 0.15186 -0.0605 -0.9979 0.0231 0.49530 0.45160
-0.16701 -0.94798 0.13293 -0.0491 -0.9965 -0.0680 0.56000 0.45160
-0.16742 -0.94623 0.11776 -0.0390 -0.9913 -0.1256 0.58240 0.47900
-0.16510 -0.94847 0.14902 -0.0628 -0.9974 0.0353 0.53400 0.42440
-0.14472 -0.94555 0.10723 -0.0390 -0.9855 -0.1650 0.56760 0.52640
-0.15027 -0.94223 0.09186 -0.0336 -0.9688 -0.2454 0.59720 0.54800
-0.15938 -0.94159 0.09046 -0.0190 -0.9682 -0.2494 0.61120 0.53940
-0.15595 -0.94489 0.10554 -0.0308 -0.9844 -0.1733 0.58490 0.51560
-0.16756 -0.94425 0.10365 -0.0254 -0.9848 -0.1719 0.60270 0.50490
-0.16933 -0.94111 0.08896 -0.0075 -0.9683 -0.2498 0.62610 0.53010
-0.16446 -0.88609 0.12992 0.0950 0.8615 0.4987 0.31270 0.62680
-0.17258 -0.88502 0.12872 -0.0149 0.8559 0.5169 0.32470 0.63160
-0.17118 -0.87553 0.11664 -0.0218 0.7354 0.6773 0.34330 0.59960
-0.16243 -0.87691 0.11765 0.0971 0.7356 0.6704 0.33090 0.59320
-0.15458 -0.87987 0.11899 0.2304 0.7324 0.6408 0.31840 0.59000
-0.15603 -0.88838 0.13128 0.2282 0.8602 0.4561 0.30010 0.62340
-0.15531 -0.89325 0.14440 0.2181 0.9344 0.2817 0.28720 0.65580
-0.16332 -0.89163 0.14297 0.0919 0.9420 0.3228 0.29990 0.65880
-0.17106 -0.89098 0.14180 0.0033 0.9376 0.3477 0.31180 0.66280
-0.14806 -0.89171 0.13269 0.3621 0.8442 0.3952 0.28740 0.62140
-0.14772 -0.88414 0.12056 0.3761 0.7273 0.5741 0.30530 0.58940
-0.14782 -0.89594 0.14567 0.3539 0.9030 0.2436 0.27420 0.65310
-0.16110 -0.86576 0.10707 0.1239 0.6941 0.7091 0.35500 0.56260
-0.16979 -0.86432 0.10634 -0.0097 0.6908 0.7230 0.36660 0.56990
-0.17030 -0.85421 0.09645 -0.0007 0.6977 0.7163 0.38490 0.55120
-0.16139 -0.85563 0.09693 0.1695 0.7042 0.6894 0.37480 0.54160
-0.15361 -0.85885 0.09746 0.3749 0.6878 0.6216 0.36460 0.53410
-0.15347 -0.86880 0.10809 0.2905 0.6863 0.6667 0.34310 0.55900
-0.14743 -0.87333 0.10944 0.4779 0.6557 0.5845 0.33070 0.55890
-0.14763 -0.86370 0.09794 0.5865 0.6248 0.5154 0.35380 0.52970
-0.15118 -0.94259 0.19422 -0.1326 -0.9485 0.2877 0.44720 0.35780
-0.14601 -0.94557 0.18192 -0.1007 -0.9779 0.1830 0.45900 0.38750
-0.15476 -0.94494 0.18056 -0.0917 -0.9780 0.1874 0.47300 0.37870
-0.15890 -0.94190 0.19368 -0.1026 -0.9446 0.3117 0.45860 0.34870
-0.16770 -0.94134 0.19257 -0.1000 -0.9444 0.3132 0.47230 0.33950
-0.16438 -0.94439 0.17913 -0.0830 -0.9785 0.1891 0.48820 0.36910
-0.14241 -0.94834 0.16826 -0.0850 -0.9883 0.1264 0.47500 0.41750
-0.15269 -0.94770 0.16656 -0.0789 -0.9880 0.1328 0.49150 0.40750
-0.16350 -0.94707 0.16484 -0.0765 -0.9878 0.1353 0.50850 0.39710
-0.16073 -0.89568 0.17369 0.1156 0.9933 0.0061 0.26720 0.72410
-0.16628 -0.89512 0.17362 0.0650 0.9978 0.0141 0.27560 0.72940
-0.16653 -0.89579 0.16432 0.0615 0.9980 0.0175 0.28600 0.70990
-0.16087 -0.89627 0.16472 0.1115 0.9936 0.0204 0.27690 0.70590
-0.15519 -0.89706 0.16540 0.1902 0.9817 0.0115 0.26740 0.70250
-0.15542 -0.89649 0.17357 0.1761 0.9844 -0.0031 0.25960 0.71920
-0.15079 -0.89751 0.17331 0.2875 0.9577 -0.0122 0.25310 0.71480
-0.14979 -0.89827 0.16645 0.3236 0.9462 -0.0021 0.25770 0.70020
-0.16192 -0.89500 0.15452 0.0922 0.9780 0.1873 0.28820 0.68490
-0.16844 -0.89457 0.15370 0.0276 0.9803 0.1955 0.29870 0.68850
-0.15511 -0.89611 0.15576 0.1999 0.9664 0.1618 0.27670 0.68200
-0.14855 -0.89815 0.15724 0.3433 0.9298 0.1326 0.26440 0.67990
-0.15310 -0.93543 0.03938 -0.3349 -0.8015 0.4955 0.71770 0.38040
-0.14608 -0.93629 0.04308 -0.3487 -0.7802 0.5193 0.72280 0.39450
-0.16193 -0.93159 0.02051 -0.0442 -0.9849 -0.1676 0.73300 0.33750
-0.16347 -0.93419 0.03460 -0.2772 -0.8235 0.4950 0.70930 0.36090
-0.15304 -0.93609 0.07191 -0.0029 -0.9477 -0.3190 0.63050 0.58180
-0.14901 -0.92971 0.05414 0.0243 -0.9343 -0.3556 0.65120 0.62010
-0.15601 -0.92928 0.05305 0.0139 -0.9368 -0.3495 0.66210 0.61330
-0.16058 -0.93558 0.07080 -0.0089 -0.9491 -0.3149 0.64200 0.57450
-0.16925 -0.93515 0.06959 0.0008 -0.9488 -0.3160 0.65480 0.56620
-0.16482 -0.92878 0.05177 0.0103 -0.9423 -0.3346 0.67540 0.60480
-0.14519 -0.92542 0.04486 -0.3275 -0.8554 0.4012 0.10540 0.84420
-0.14608 -0.93629 0.04308 -0.3487 -0.7802 0.5193 0.08820 0.85950
-0.15310 -0.93543 0.03938 -0.3349 -0.8015 0.4955 0.09810 0.87060
-0.15241 -0.92469 0.04163 -0.3168 -0.8523 0.4161 0.11510 0.85500
-0.14519 -0.92542 0.04486 -0.3275 -0.8554 0.4012 0.65980 0.64270
-0.15241 -0.92469 0.04163 -0.3168 -0.8523 0.4161 0.67390 0.63940
-0.16288 -0.92359 0.03693 -0.2718 -0.8446 0.4613 0.12910 0.87040
-0.16347 -0.93419 0.03460 -0.2772 -0.8235 0.4950 0.11250 0.88620
-0.16288 -0.92359 0.03693 -0.2718 -0.8446 0.4613 0.69420 0.63490
-0.16232 -0.84541 0.08686 0.2020 0.6975 0.6876 0.39290 0.52830
-0.17153 -0.84385 0.08669 -0.0175 0.7058 0.7082 0.40250 0.53940
-0.17222 -0.83533 0.07803 -0.0347 0.7736 0.6328 0.41790 0.52850
-0.16298 -0.83736 0.07918 0.2284 0.7467 0.6247 0.40810 0.51720
-0.15424 -0.84118 0.07841 0.4754 0.6898 0.5461 0.39790 0.50460
-0.15400 -0.84894 0.08656 0.4308 0.6661 0.6089 0.38350 0.51700
-0.14729 -0.85427 0.08595 0.6503 0.5839 0.4861 0.37300 0.50700
-0.14726 -0.84659 0.07709 0.6841 0.5920 0.4260 0.38580 0.49150
-0.20900 -0.85351 -0.00289 -0.9064 0.3698 -0.2040 0.71970 0.69390
-0.20782 -0.85115 -0.00227 -0.8210 0.5564 -0.1276 0.71960 0.68970
-0.21182 -0.85688 0.01719 -0.8899 0.4540 -0.0445 0.67570 0.69400
-0.21270 -0.86021 0.01691 -0.9792 0.1934 -0.0618 0.67500 0.70250
-0.21338 -0.85970 0.04378 -0.9879 0.1516 0.0339 0.61250 0.70300
-0.21219 -0.85377 0.04405 -0.9124 0.4092 -0.0015 0.61210 0.68920
-0.13749 -0.85227 0.01233 0.9448 0.3205 -0.0678 0.36990 0.31900
-0.13895 -0.84898 0.01233 0.8291 0.5589 0.0144 0.37710 0.31870
-0.13442 -0.85805 0.03069 0.9684 0.2483 -0.0248 0.36130 0.35970
-0.13556 -0.85464 0.03064 0.8639 0.5035 0.0118 0.36850 0.35990
-0.13454 -0.85984 0.05529 0.9611 0.2565 0.1028 0.35830 0.41530
-0.13620 -0.85480 0.05519 0.8824 0.4587 0.1050 0.36790 0.41710
-0.13812 -0.85234 0.05451 0.0213 0.9904 -0.1368 0.37320 0.41720
-0.13747 -0.85274 0.03026 -0.0900 0.9826 0.1627 0.37370 0.35960
-0.14231 -0.84863 0.06730 0.1969 0.9172 -0.3463 0.37910 0.45850
-0.14421 -0.85316 0.06625 -0.7530 0.3955 -0.5259 0.38750 0.44830
-0.14026 -0.85700 0.05302 -0.8680 0.4685 -0.1646 0.38460 0.41100
-0.14024 -0.85763 0.02933 -0.8769 0.4568 0.1497 0.38730 0.36010
-0.14075 -0.84726 0.01267 -0.0708 0.9407 0.3318 0.38200 0.31940
-0.14393 -0.84208 -0.00227 0.0410 0.9656 0.2569 0.39280 0.28680
-0.14332 -0.85217 0.01294 -0.8243 0.4634 0.3252 0.39250 0.32480
-0.14597 -0.84631 -0.00009 -0.7712 0.5003 0.3936 0.39970 0.29460
-0.21000 -0.85109 0.04362 -0.0658 0.9494 -0.3072 0.61340 0.68210
-0.20650 -0.84457 0.05487 -0.1300 0.8853 -0.4464 0.57640 0.66960
-0.20980 -0.85481 0.01728 0.0123 0.9959 0.0897 0.67660 0.68850
-0.20677 -0.85929 0.01707 0.8288 0.5424 0.1374 0.67660 0.67720
-0.20747 -0.85555 0.04256 0.8335 0.5105 -0.2112 0.62030 0.67350
-0.20431 -0.84935 0.05494 0.7482 0.3953 -0.5328 0.58520 0.66340
-0.20608 -0.84877 -0.00141 -0.1831 0.9387 0.2922 0.71980 0.68220
-0.19559 -0.84172 -0.01673 -0.3145 0.9135 0.2579 0.75600 0.67560
-0.19542 -0.84454 -0.01359 0.4253 0.5722 0.7013 0.74770 0.66750
-0.20382 -0.85262 -0.00033 0.6882 0.5630 0.4576 0.71500 0.67250
-0.16328 -0.83457 0.07534 0.2778 0.7926 -0.5428 0.41450 0.51070
-0.15461 -0.83834 0.07455 0.2748 0.7615 -0.5870 0.40430 0.49870
-0.17222 -0.83249 0.07401 0.1988 0.8358 -0.5117 0.42480 0.52110
-0.17229 -0.83829 0.07594 0.1699 -0.3240 -0.9307 0.43370 0.51000
-0.16390 -0.84026 0.07765 -0.1015 -0.3378 -0.9357 0.42300 0.50050
-0.15595 -0.84379 0.07666 -0.3305 -0.2108 -0.9200 0.41150 0.48910
-0.14782 -0.84355 0.07306 0.3036 0.8202 -0.4848 0.39260 0.48430
-0.14949 -0.84859 0.07362 -0.5510 0.1095 -0.8273 0.39950 0.47410
-0.15636 -0.83781 -0.01814 0.1024 0.9663 0.2362 0.40850 0.24710
-0.16088 -0.83696 -0.01960 0.0640 0.9626 0.2633 0.41340 0.24050
-0.15279 -0.83893 -0.01588 0.0687 0.9732 0.2196 0.40460 0.25440
-0.15382 -0.84369 -0.01407 -0.5610 0.4121 0.7179 0.41370 0.26190
-0.15741 -0.84274 -0.01674 -0.3652 0.3381 0.8674 0.41730 0.25450
-0.14879 -0.84006 -0.01160 0.0408 0.9809 0.1904 0.40000 0.26570
-0.15005 -0.84459 -0.00930 -0.6970 0.4846 0.5285 0.40840 0.27370
-0.18185 -0.83290 0.07137 0.0679 0.8390 -0.5398 0.53050 0.62640
-0.17222 -0.83249 0.07401 0.1988 0.8358 -0.5117 0.52290 0.61320
-0.19237 -0.83547 0.06874 -0.0553 0.8949 -0.4429 0.54070 0.64070
-0.19084 -0.84057 0.06951 0.4199 -0.0228 -0.9073 0.55030 0.63690
-0.18131 -0.83865 0.07326 0.3023 -0.2312 -0.9248 0.54080 0.62260
-0.17229 -0.83829 0.07594 0.1699 -0.3240 -0.9307 0.53420 0.60950
-0.20103 -0.83932 0.06373 -0.1791 0.8963 -0.4056 0.55410 0.65560
-0.19895 -0.84406 0.06358 0.6215 0.2381 -0.7464 0.56370 0.65080
-0.16792 -0.83640 -0.02083 0.0286 0.9599 0.2788 0.79450 0.66140
-0.17674 -0.83624 -0.02147 -0.0076 0.9588 0.2840 0.78440 0.66670
-0.16880 -0.84148 -0.01942 -0.0897 0.2916 0.9523 0.78650 0.64790
-0.17749 -0.84120 -0.01977 -0.0256 0.3300 0.9436 0.77590 0.65530
-0.18483 -0.83672 -0.02153 -0.1489 0.9672 0.2058 0.77420 0.67170
-0.18559 -0.84208 -0.01936 0.1418 0.4586 0.8772 0.76640 0.66200
-0.23032 -0.92729 0.12258 -0.3101 0.9407 0.1375 0.40340 0.91300
-0.23083 -0.92554 0.10745 -0.3028 0.9502 0.0732 0.43840 0.91660
-0.22725 -0.92442 0.10779 -0.7859 0.6163 -0.0513 0.43930 0.90980
-0.22702 -0.92620 0.12243 -0.7877 0.5888 0.1811 0.40470 0.90680
-0.22222 -0.92696 0.13719 -0.7758 0.5549 0.3004 0.37090 0.89850
-0.22528 -0.92804 0.13776 -0.3378 0.9298 0.1458 0.36890 0.90450
-0.22729 -0.91855 0.12355 -0.9868 -0.0221 0.1603 0.41850 0.82910
-0.22766 -0.91656 0.10947 -0.9907 0.0246 -0.1341 0.45110 0.82480
-0.22278 -0.91970 0.13773 -0.9370 -0.0736 0.3415 0.38600 0.83050
-0.22639 -0.92373 0.09339 -0.3051 0.9510 0.0510 0.47360 0.91530
-0.22042 -0.92065 0.07883 -0.3183 0.9370 0.1442 0.51200 0.91120
-0.21642 -0.91940 0.07980 -0.8025 0.5806 -0.1375 0.51210 0.90310
-0.22259 -0.92255 0.09412 -0.7708 0.6091 -0.1868 0.47420 0.90790
-0.22340 -0.91434 0.09613 -0.9447 0.0213 -0.3274 0.48420 0.81910
-0.21803 -0.91097 0.08255 -0.9380 -0.0340 -0.3451 0.51880 0.81120
-0.13560 -0.92974 0.10910 0.4459 0.8944 -0.0363 0.14360 0.57040
-0.12784 -0.93209 0.12323 0.4355 0.8999 -0.0239 0.14140 0.60700
-0.13120 -0.93050 0.12259 0.8308 0.4991 -0.2465 0.14870 0.60740
-0.13888 -0.92813 0.10894 0.8431 0.4450 -0.3020 0.15110 0.56970
-0.14600 -0.92401 0.09222 0.9304 0.3550 -0.0906 0.15590 0.52890
-0.14308 -0.92559 0.09199 0.4612 0.8762 0.1399 0.14850 0.52700
-0.13539 -0.92033 0.11197 0.8908 -0.1866 -0.4144 0.22270 0.55170
-0.12941 -0.92282 0.12442 0.9482 -0.1085 -0.2987 0.21270 0.58280
-0.14091 -0.91642 0.09689 0.8887 -0.3376 -0.3103 0.23570 0.51420
-0.12568 -0.93382 0.13720 0.4347 0.8978 0.0708 0.14240 0.63610
-0.12839 -0.93421 0.15316 0.4700 0.8779 0.0917 0.14840 0.67420
-0.13079 -0.93274 0.15106 0.8708 0.4614 0.1698 0.15510 0.67060
-0.12879 -0.93228 0.13589 0.8641 0.5031 0.0150 0.15010 0.63460
-0.12765 -0.92490 0.13737 0.9927 -0.1204 -0.0106 0.20410 0.61250
-0.12971 -0.92563 0.15230 0.9694 -0.1400 0.2016 0.19800 0.64690
-0.20549 -0.92487 0.17597 -0.3854 0.9190 0.0827 0.28080 0.86870
-0.21231 -0.92645 0.16418 -0.3792 0.9188 0.1093 0.30810 0.88160
-0.20922 -0.92537 0.16341 -0.7657 0.5247 0.3720 0.31040 0.87550
-0.20236 -0.92377 0.17513 -0.7747 0.5177 0.3631 0.28330 0.86250
-0.19714 -0.92223 0.18460 -0.7448 0.5414 0.3901 0.26140 0.85220
-0.20024 -0.92338 0.18571 -0.3784 0.9221 0.0808 0.25850 0.85840
-0.20347 -0.91808 0.17527 -0.8486 -0.1168 0.5160 0.29880 0.82100
-0.21033 -0.91943 0.16361 -0.8576 -0.1320 0.4972 0.32590 0.82660
-0.19791 -0.91654 0.18483 -0.8155 -0.0632 0.5754 0.27760 0.81430
-0.21915 -0.92761 0.15161 -0.3689 0.9205 0.1288 0.33710 0.89390
-0.21615 -0.92655 0.15087 -0.7675 0.5409 0.3440 0.33930 0.88790
-0.21703 -0.91998 0.15118 -0.8942 -0.1144 0.4328 0.35500 0.82970
-0.13305 -0.93305 0.16843 0.5338 0.8420 0.0788 0.15980 0.70690
-0.13802 -0.93069 0.18093 0.5909 0.8013 0.0936 0.16990 0.73240
-0.13956 -0.92937 0.17874 0.8686 0.4015 0.2902 0.17550 0.72890
-0.13490 -0.93167 0.16618 0.8735 0.4275 0.2331 0.16540 0.70390
-0.13368 -0.92441 0.16664 0.9347 -0.1384 0.3274 0.19640 0.68080
-0.13821 -0.92192 0.17844 0.8964 -0.1098 0.4294 0.19870 0.70910
-0.14396 -0.92768 0.19188 0.6021 0.7856 0.1428 0.17980 0.75660
-0.15056 -0.92469 0.20094 0.5387 0.8303 0.1430 0.18950 0.77900
-0.15084 -0.92369 0.19756 0.7368 0.4653 0.4904 0.19400 0.77540
-0.14489 -0.92637 0.18938 0.8337 0.3962 0.3847 0.18380 0.75260
-0.14345 -0.91926 0.18857 0.8331 -0.0572 0.5502 0.20320 0.73310
-0.14946 -0.91695 0.19634 0.6939 0.0563 0.7179 0.20930 0.75190
-0.20762 -0.88623 -0.00083 -0.9515 -0.1288 -0.2795 0.71100 0.76550
-0.21059 -0.88979 0.01718 -0.9750 -0.1650 -0.1488 0.66960 0.77020
-0.20653 -0.89355 -0.00095 -0.9545 -0.1397 -0.2634 0.71200 0.78030
-0.20902 -0.89640 0.01598 -0.9708 -0.1882 -0.1486 0.67250 0.78410
-0.20843 -0.89889 0.01549 -0.8851 0.4651 -0.0145 0.67370 0.78930
-0.20615 -0.89628 -0.00107 -0.8485 0.5147 -0.1231 0.71260 0.78600
-0.20122 -0.89467 -0.01478 -0.7446 0.5854 -0.3209 0.74660 0.78360
-0.20140 -0.89191 -0.01509 -0.8583 -0.1228 -0.4983 0.74680 0.77780
-0.20198 -0.88454 -0.01592 -0.8521 -0.0853 -0.5164 0.74750 0.76290
-0.13353 -0.90084 0.00999 0.4871 0.8625 0.1371 0.16900 0.31720
-0.13401 -0.90373 0.02629 0.4916 0.8454 0.2090 0.17270 0.35900
-0.13620 -0.90256 0.02721 0.9183 0.3586 0.1674 0.17770 0.36070
-0.13568 -0.89991 0.01150 0.9118 0.4042 0.0719 0.17640 0.31940
-0.13379 -0.89069 0.01204 0.9921 -0.1170 -0.0451 0.29670 0.31640
-0.13436 -0.89439 0.02867 0.9802 -0.1965 0.0237 0.28910 0.35400
-0.13500 -0.88794 -0.00311 0.9595 -0.0755 -0.2713 0.30230 0.28190
-0.21230 -0.89452 0.03932 -0.9772 -0.2054 -0.0540 0.62030 0.77820
-0.21113 -0.89931 0.05162 -0.9755 -0.1970 -0.0977 0.59320 0.78760
-0.21082 -0.90077 0.03716 -0.9650 -0.2563 -0.0553 0.62500 0.79120
-0.20921 -0.90511 0.04754 -0.9646 -0.2465 -0.0940 0.60240 0.79970
-0.20845 -0.90727 0.04604 -0.8955 0.4047 0.1851 0.60580 0.80420
-0.21009 -0.90307 0.03621 -0.9023 0.4052 0.1471 0.62710 0.79600
-0.21333 -0.90544 0.06787 -0.9590 -0.1114 -0.2606 0.55520 0.79960
-0.21144 -0.91141 0.06461 -0.9523 -0.1379 -0.2724 0.56310 0.81190
-0.21074 -0.91367 0.06338 -0.8667 0.4986 -0.0147 0.56600 0.81650
-0.13771 -0.90832 0.04855 0.4112 0.8182 0.4019 0.17040 0.40980
-0.14134 -0.91225 0.05665 0.3837 0.7956 0.4688 0.16910 0.43510
-0.14373 -0.91095 0.05659 0.8922 0.2383 0.3837 0.17380 0.43470
-0.13983 -0.90690 0.04737 0.9047 0.2735 0.3268 0.17570 0.40770
-0.13677 -0.89908 0.04998 0.9423 -0.3227 0.0891 0.27900 0.40220
-0.14086 -0.90346 0.06259 0.9116 -0.4105 0.0242 0.26830 0.43280
-0.14489 -0.91902 0.07348 0.4485 0.8283 0.3357 0.16060 0.47760
-0.14729 -0.91763 0.07356 0.9476 0.2669 0.1755 0.16720 0.47800
-0.14260 -0.91024 0.07948 0.8960 -0.4168 -0.1532 0.25250 0.47270
-0.18525 -0.91947 0.20179 -0.1580 0.9747 0.1581 0.22080 0.83530
-0.19061 -0.92053 0.19835 -0.2669 0.9630 0.0378 0.22990 0.84210
-0.18793 -0.92018 0.19569 -0.6014 0.6294 0.4922 0.23520 0.83620
-0.18303 -0.91930 0.19927 -0.4031 0.6795 0.6130 0.22490 0.82920
-0.17719 -0.91902 0.20150 -0.1847 0.6869 0.7029 0.21690 0.81890
-0.17880 -0.91926 0.20382 -0.0578 0.9662 0.2512 0.21470 0.82500
-0.18204 -0.91426 0.19943 -0.3887 0.2225 0.8941 0.24320 0.79660
-0.18741 -0.91488 0.19646 -0.5885 0.1355 0.7970 0.25140 0.80240
-0.17607 -0.91404 0.20110 -0.2000 0.2615 0.9443 0.23570 0.79030
-0.19543 -0.92222 0.19286 -0.3430 0.9384 0.0430 0.24230 0.84990
-0.19249 -0.92122 0.19083 -0.6907 0.5757 0.4377 0.24700 0.84380
-0.19260 -0.91564 0.19156 -0.7276 0.0263 0.6855 0.26260 0.80830
-0.17261 -0.88313 -0.03008 0.0583 -0.1858 -0.9809 0.81200 0.75490
-0.18476 -0.88340 -0.02927 -0.2188 -0.1624 -0.9622 0.79130 0.75780
-0.17342 -0.89026 -0.02793 0.0455 -0.2839 -0.9578 0.81140 0.77060
-0.18554 -0.89055 -0.02718 -0.2074 -0.2507 -0.9456 0.78960 0.77280
-0.18587 -0.89323 -0.02637 -0.2069 0.5723 -0.7935 0.78880 0.77870
-0.17374 -0.89293 -0.02715 0.0405 0.5092 -0.8597 0.81110 0.77660
-0.16206 -0.89302 -0.02543 0.2769 0.4732 -0.8363 0.83290 0.77540
-0.16177 -0.89036 -0.02618 0.2771 -0.2703 -0.9220 0.83300 0.76930
-0.16108 -0.88327 -0.02806 0.3152 -0.1663 -0.9343 0.83280 0.75300
-0.19422 -0.88367 -0.02528 -0.5827 -0.1029 -0.8061 0.77280 0.76010
-0.19466 -0.89099 -0.02357 -0.5810 -0.1768 -0.7945 0.77090 0.77510
-0.19468 -0.89375 -0.02289 -0.5249 0.6234 -0.5795 0.77000 0.78100
-0.15682 -0.92170 0.20565 0.3414 0.9258 0.1622 0.19560 0.79250
-0.16332 -0.92037 0.20608 0.1278 0.9641 0.2326 0.20200 0.80410
-0.16304 -0.92008 0.20324 0.1408 0.6948 0.7053 0.20550 0.80100
-0.15689 -0.92136 0.20234 0.4876 0.6281 0.6064 0.19950 0.78800
-0.15584 -0.91558 0.20090 0.4082 0.2211 0.8857 0.21480 0.76510
-0.16225 -0.91478 0.20212 0.1121 0.3024 0.9466 0.22060 0.77410
-0.17103 -0.91960 0.20525 0.0250 0.9617 0.2729 0.20850 0.81540
-0.17012 -0.91930 0.20280 -0.0332 0.6880 0.7249 0.21140 0.81010
-0.16920 -0.91425 0.20202 -0.0540 0.2875 0.9563 0.22780 0.78260
-0.13928 -0.88635 -0.01226 0.8017 -0.0700 -0.5936 0.30580 0.26080
-0.14520 -0.88533 -0.01800 0.6323 -0.0939 -0.7690 0.30830 0.24510
-0.13963 -0.89353 -0.01132 0.7926 -0.1312 -0.5955 0.29170 0.26120
-0.14564 -0.89217 -0.01698 0.6019 -0.1674 -0.7809 0.29460 0.24510
-0.14579 -0.89474 -0.01656 0.5970 0.4941 -0.6320 0.28950 0.24520
-0.13975 -0.89622 -0.01094 0.7544 0.5264 -0.3922 0.28650 0.26130
-0.13593 -0.89793 -0.00231 0.8697 0.4863 -0.0847 0.28260 0.28190
-0.13555 -0.89522 -0.00252 0.9580 -0.1368 -0.2519 0.28790 0.28190
-0.15269 -0.88414 -0.02353 0.5160 -0.1301 -0.8467 0.31130 0.22790
-0.16108 -0.88327 -0.02806 0.3152 -0.1663 -0.9343 0.31380 0.21030
-0.15328 -0.89104 -0.02218 0.4717 -0.2204 -0.8538 0.29710 0.22770
-0.16177 -0.89036 -0.02618 0.2771 -0.2703 -0.9220 0.29840 0.21030
-0.16206 -0.89302 -0.02543 0.2769 0.4732 -0.8363 0.29290 0.21040
-0.15351 -0.89363 -0.02162 0.4693 0.4643 -0.7511 0.29190 0.22780
-0.23471 -0.94164 0.10568 -0.7540 -0.6374 -0.1588 0.68600 0.41910
-0.23416 -0.94337 0.12106 -0.7374 -0.6722 0.0661 0.66330 0.39140
-0.22894 -0.94427 0.13703 -0.6754 -0.6960 0.2437 0.63380 0.36820
-0.22555 -0.93832 0.07942 -0.6278 -0.6726 -0.3917 0.71190 0.47870
-0.23111 -0.94026 0.09226 -0.6951 -0.6456 -0.3164 0.70050 0.44820
-0.19346 -0.93509 0.19956 -0.4896 -0.5516 0.6753 0.49590 0.29140
-0.18804 -0.93314 0.20400 -0.3782 -0.4672 0.7992 0.48140 0.28880
-0.18128 -0.93283 0.20683 -0.2497 -0.4594 0.8524 0.46790 0.29200
-0.21442 -0.94243 0.16572 -0.6067 -0.6789 0.4136 0.57390 0.33180
-0.20836 -0.94108 0.17666 -0.6045 -0.6707 0.4298 0.55020 0.31840
-0.20353 -0.93984 0.18547 -0.5828 -0.6630 0.4699 0.53110 0.30740
-0.19842 -0.93804 0.19296 -0.5170 -0.6463 0.5613 0.51310 0.29900
-0.22187 -0.94371 0.15231 -0.6351 -0.6863 0.3543 0.60290 0.34820
-0.18816 -0.92111 -0.03289 -0.1405 -0.5459 -0.8259 0.77470 0.21570
-0.19798 -0.92187 -0.02945 -0.4356 -0.5401 -0.7201 0.75430 0.21050
-0.20557 -0.92403 -0.01946 -0.6449 -0.5966 -0.4777 0.72780 0.22020
-0.21088 -0.92641 -0.00636 -0.7186 -0.6343 -0.2849 0.70000 0.23850
-0.21189 -0.92985 0.01046 -0.6748 -0.7161 -0.1787 0.67230 0.26680
-0.21419 -0.93343 0.03324 -0.5612 -0.6584 0.5015 0.63470 0.30510
-0.16179 -0.92195 -0.03183 0.2026 -0.5572 -0.8053 0.81310 0.24450
-0.17475 -0.92121 -0.03370 0.0237 -0.5583 -0.8293 0.79610 0.22730
-0.21441 -0.92475 0.04244 -0.6416 -0.6881 -0.3389 0.75310 0.56160
-0.21981 -0.93243 0.06116 -0.6487 -0.6371 -0.4162 0.73160 0.51990
-0.21419 -0.93343 0.03324 -0.5612 -0.6584 0.5015 0.18250 0.95180
-0.21471 -0.92174 0.03391 -0.9124 -0.3954 0.1056 0.19890 0.93380
-0.21471 -0.92174 0.03391 -0.9124 -0.3954 0.1056 0.76600 0.57700
-0.12414 -0.95010 0.13685 0.6824 -0.7304 -0.0308 0.49530 0.50020
-0.12588 -0.94833 0.12252 0.6658 -0.6811 -0.3046 0.51980 0.52220
-0.12741 -0.95058 0.15383 0.6221 -0.7621 0.1796 0.47450 0.46550
-0.13299 -0.94628 0.10905 0.5675 -0.7093 -0.4181 0.54900 0.53790
-0.14158 -0.94318 0.09367 0.5211 -0.7641 -0.3803 0.58280 0.55560
-0.14378 -0.94336 0.19449 0.4732 -0.7003 0.5345 0.43650 0.36710
-0.13747 -0.94625 0.18325 0.5569 -0.7137 0.4249 0.44520 0.39630
-0.16406 -0.93386 0.20965 -0.0737 -0.4638 0.8829 0.43990 0.30910
-0.15699 -0.93504 0.20903 0.1879 -0.4681 0.8635 0.43060 0.31970
-0.15060 -0.93891 0.20417 0.3706 -0.6150 0.6960 0.42990 0.33880
-0.17269 -0.93325 0.20871 -0.1650 -0.4680 0.8682 0.45340 0.29960
-0.13239 -0.94901 0.17013 0.5823 -0.7493 0.3152 0.45820 0.42720
-0.13463 -0.93079 0.00906 0.6941 -0.7148 -0.0858 0.79250 0.34670
-0.13443 -0.92863 -0.00531 0.7087 -0.6667 -0.2308 0.81460 0.32140
-0.13811 -0.92629 -0.01586 0.5855 -0.6128 -0.5307 0.82500 0.29860
-0.14448 -0.92464 -0.02171 0.4095 -0.6052 -0.6827 0.82420 0.28120
-0.14065 -0.93700 0.04616 0.2902 -0.6850 0.6683 0.72650 0.40580
-0.13656 -0.93427 0.02732 0.6533 -0.7569 -0.0167 0.76170 0.37700
-0.15853 -0.92837 -0.00174 -0.0430 -0.9827 -0.1802 0.77190 0.30150
-0.15261 -0.92314 -0.02729 0.3362 -0.5915 -0.7329 0.82020 0.26250
-0.14536 -0.93668 0.07313 0.5750 -0.7672 -0.2844 0.61860 0.58900
-0.14293 -0.92887 0.05433 0.5903 -0.7960 -0.1336 0.64320 0.62790
-0.13898 -0.92718 0.04714 0.7688 -0.4883 0.4130 0.09520 0.83650
-0.14065 -0.93700 0.04616 0.2902 -0.6850 0.6683 0.08020 0.85060
-0.13898 -0.92718 0.04714 0.7688 -0.4883 0.4130 0.64750 0.64630
-0.16185 -0.84201 -0.01831 -0.1977 0.2900 0.9364 0.42210 0.24830
-0.16088 -0.83696 -0.01960 0.0640 0.9626 0.2633 0.80390 0.65540
-0.16185 -0.84201 -0.01831 -0.1977 0.2900 0.9364 0.79550 0.64190
-0.22710 -0.92411 0.12273 -0.9849 -0.0684 0.1590 0.42080 0.84040
-0.22702 -0.92620 0.12243 -0.7877 0.5888 0.1811 0.42170 0.84470
-0.22725 -0.92442 0.10779 -0.7859 0.6163 -0.0513 0.45580 0.84090
-0.22737 -0.92226 0.10825 -0.9879 -0.0243 -0.1533 0.45450 0.83650
-0.22237 -0.92498 0.13733 -0.9307 -0.1039 0.3507 0.38710 0.84140
-0.22222 -0.92696 0.13719 -0.7758 0.5549 0.3004 0.38760 0.84550
-0.22281 -0.92029 0.09467 -0.9354 -0.0106 -0.3534 0.48820 0.83140
-0.22259 -0.92255 0.09412 -0.7708 0.6091 -0.1868 0.48970 0.83600
-0.21642 -0.91940 0.07980 -0.8025 0.5806 -0.1375 0.52590 0.82850
-0.21684 -0.91709 0.08056 -0.9285 -0.0523 -0.3677 0.52400 0.82380
-0.13794 -0.92598 0.10977 0.8664 -0.2052 -0.4552 0.21110 0.54440
-0.13888 -0.92813 0.10894 0.8431 0.4450 -0.3020 0.20680 0.54170
-0.13120 -0.93050 0.12259 0.8308 0.4991 -0.2465 0.19730 0.57580
-0.13067 -0.92840 0.12310 0.9296 -0.1495 -0.3370 0.20150 0.57770
-0.14473 -0.92189 0.09351 0.8845 -0.3389 -0.3207 0.22400 0.50460
-0.14600 -0.92401 0.09222 0.9304 0.3550 -0.0906 0.21960 0.50110
-0.12847 -0.93027 0.13629 0.9859 -0.1650 -0.0280 0.19340 0.60810
-0.12879 -0.93228 0.13589 0.8641 0.5031 0.0150 0.18940 0.60640
-0.13079 -0.93274 0.15106 0.8708 0.4614 0.1698 0.18370 0.64170
-0.13049 -0.93080 0.15140 0.9633 -0.1801 0.1991 0.18760 0.64310
-0.20266 -0.92221 0.17517 -0.8446 -0.1654 0.5093 0.29800 0.82930
-0.20236 -0.92377 0.17513 -0.7747 0.5177 0.3631 0.29760 0.83250
-0.20922 -0.92537 0.16341 -0.7657 0.5247 0.3720 0.32550 0.83880
-0.20952 -0.92375 0.16347 -0.8506 -0.1655 0.4991 0.32560 0.83540
-0.19734 -0.92069 0.18466 -0.8178 -0.1382 0.5587 0.27630 0.82230
-0.19714 -0.92223 0.18460 -0.7448 0.5414 0.3901 0.27580 0.82540
-0.21638 -0.92475 0.15096 -0.8865 -0.1383 0.4416 0.35530 0.83950
-0.21615 -0.92655 0.15087 -0.7675 0.5409 0.3440 0.35540 0.84320
-0.13456 -0.92967 0.16630 0.9297 -0.1750 0.3240 0.18570 0.67870
-0.13490 -0.93167 0.16618 0.8735 0.4275 0.2331 0.18160 0.67800
-0.13956 -0.92937 0.17874 0.8686 0.4015 0.2902 0.18370 0.70890
-0.13919 -0.92733 0.17865 0.8923 -0.1481 0.4265 0.18790 0.70900
-0.14450 -0.92443 0.18916 0.8321 -0.1029 0.5451 0.19320 0.73500
-0.14489 -0.92637 0.18938 0.8337 0.3962 0.3847 0.18930 0.73570
-0.15084 -0.92369 0.19756 0.7368 0.4653 0.4904 0.19690 0.75710
-0.15048 -0.92184 0.19729 0.7074 -0.0196 0.7065 0.20040 0.75580
-0.20858 -0.89712 -0.00365 -0.3595 0.9321 0.0454 0.70980 0.89730
-0.20615 -0.89628 -0.00107 -0.8485 0.5147 -0.1231 0.70550 0.89120
-0.20843 -0.89889 0.01549 -0.8851 0.4651 -0.0145 0.66730 0.89050
-0.21092 -0.89982 0.01305 -0.3946 0.9123 0.1099 0.67160 0.89680
-0.20327 -0.89537 -0.01814 -0.2640 0.9640 -0.0307 0.74300 0.89680
-0.20122 -0.89467 -0.01478 -0.7446 0.5854 -0.3209 0.73770 0.89090
-0.13593 -0.89793 -0.00231 0.8697 0.4863 -0.0847 0.17790 0.29350
-0.13421 -0.89873 -0.00446 0.4442 0.8950 0.0411 0.17290 0.29180
-0.13515 -0.89740 0.01169 0.9822 -0.1842 -0.0356 0.28290 0.31510
-0.13568 -0.89991 0.01150 0.9118 0.4042 0.0719 0.27790 0.31440
-0.13620 -0.90256 0.02721 0.9183 0.3586 0.1674 0.27210 0.35070
-0.13561 -0.90035 0.02764 0.9636 -0.2651 0.0348 0.27670 0.35160
-0.21350 -0.90423 0.03631 -0.3639 0.8820 0.2994 0.61990 0.89690
-0.21009 -0.90307 0.03621 -0.9023 0.4052 0.1471 0.62120 0.88970
-0.20845 -0.90727 0.04604 -0.8955 0.4047 0.1851 0.59780 0.88980
-0.21217 -0.90837 0.04511 -0.3355 0.8705 0.3601 0.59870 0.89770
-0.21478 -0.91487 0.06245 -0.3290 0.9106 0.2499 0.55510 0.90400
-0.21074 -0.91367 0.06338 -0.8667 0.4986 -0.0147 0.55490 0.89580
-0.13904 -0.90479 0.04818 0.9186 -0.3762 0.1209 0.26680 0.39860
-0.13983 -0.90690 0.04737 0.9047 0.2735 0.3268 0.26240 0.39690
-0.14373 -0.91095 0.05659 0.8922 0.2383 0.3837 0.25270 0.41890
-0.14291 -0.90890 0.05823 0.8964 -0.4371 0.0735 0.25690 0.42270
-0.14610 -0.91557 0.07518 0.8985 -0.4234 -0.1155 0.24080 0.46210
-0.14729 -0.91763 0.07356 0.9476 0.2669 0.1755 0.23650 0.45830
-0.18282 -0.91781 0.19949 -0.4383 0.0154 0.8987 0.24080 0.80290
-0.18303 -0.91930 0.19927 -0.4031 0.6795 0.6130 0.23990 0.80580
-0.18793 -0.92018 0.19569 -0.6014 0.6294 0.4922 0.24930 0.81260
-0.18784 -0.91866 0.19605 -0.6301 -0.0621 0.7740 0.24980 0.80940
-0.17693 -0.91755 0.20154 -0.2406 0.0870 0.9667 0.23240 0.79620
-0.17719 -0.91902 0.20150 -0.1847 0.6869 0.7029 0.23100 0.79880
-0.19254 -0.91969 0.19108 -0.7448 -0.1072 0.6586 0.26130 0.81620
-0.19249 -0.92122 0.19083 -0.6907 0.5757 0.4377 0.26100 0.81930
-0.17417 -0.89351 -0.02946 0.0196 0.9715 -0.2360 0.79690 0.87800
-0.17374 -0.89293 -0.02715 0.0405 0.5092 -0.8597 0.79470 0.87320
-0.18587 -0.89323 -0.02637 -0.2069 0.5723 -0.7935 0.77580 0.88210
-0.18689 -0.89374 -0.02947 -0.0579 0.9844 -0.1662 0.77880 0.88840
-0.16170 -0.89376 -0.02750 0.1368 0.9483 -0.2864 0.81480 0.86580
-0.16206 -0.89302 -0.02543 0.2769 0.4732 -0.8363 0.81170 0.86170
-0.19626 -0.89432 -0.02642 -0.1581 0.9830 -0.0933 0.76370 0.89410
-0.19468 -0.89375 -0.02289 -0.5249 0.6234 -0.5795 0.75920 0.88790
-0.15666 -0.91972 0.20214 0.4034 0.1010 0.9095 0.20830 0.76990
-0.15689 -0.92136 0.20234 0.4876 0.6281 0.6064 0.20540 0.77150
-0.16304 -0.92008 0.20324 0.1408 0.6948 0.7053 0.21260 0.78090
-0.16287 -0.91854 0.20310 0.0743 0.1567 0.9849 0.21510 0.77890
-0.16991 -0.91782 0.20272 -0.0947 0.1343 0.9864 0.22340 0.78800
-0.17012 -0.91930 0.20280 -0.0332 0.6880 0.7249 0.22150 0.79030
-0.13819 -0.89713 -0.01341 0.3740 0.9233 -0.0879 0.17670 0.27300
-0.13975 -0.89622 -0.01094 0.7544 0.5264 -0.3922 0.18060 0.27760
-0.14579 -0.89474 -0.01656 0.5970 0.4941 -0.6320 0.18530 0.26250
-0.14448 -0.89574 -0.01909 0.3097 0.9266 -0.2133 0.18110 0.25870
-0.15269 -0.89454 -0.02359 0.2484 0.9267 -0.2822 0.18840 0.24410
-0.15351 -0.89363 -0.02162 0.4693 0.4643 -0.7511 0.19210 0.24690
-0.16206 -0.89302 -0.02543 0.2769 0.4732 -0.8363 0.20190 0.23400
-0.16170 -0.89376 -0.02750 0.1368 0.9483 -0.2864 0.19790 0.23010
-0.21302 -0.92002 0.01074 -0.9924 -0.0606 -0.1075 0.67250 0.94280
-0.21189 -0.92985 0.01046 -0.6748 -0.7161 -0.1787 0.67210 0.96350
-0.21419 -0.93343 0.03324 -0.5612 -0.6584 0.5015 0.61740 0.96170
-0.13516 -0.92531 0.02654 0.9829 -0.1490 0.1086 0.11370 0.36420
-0.13656 -0.93427 0.02732 0.6533 -0.7569 -0.0167 0.09730 0.36890
-0.14065 -0.93700 0.04616 0.2902 -0.6850 0.6683 0.09660 0.42040
-0.20722 -0.87998 0.00312 -0.9247 0.2713 -0.2671 0.46920 0.19280
-0.19805 -0.88110 -0.00937 -0.6511 0.0833 -0.7544 0.49000 0.19310
-0.14776 -0.88268 0.01758 0.9803 -0.0696 -0.1847 0.31880 0.19060
-0.14597 -0.88525 0.02757 0.9948 -0.0701 -0.0733 0.33670 0.19010
-0.14703 -0.87947 -0.01317 0.6868 0.5630 -0.4597 0.27400 0.19050
-0.14863 -0.87706 0.00945 0.9624 0.0965 -0.2541 0.29600 0.19030
-0.20843 -0.88481 0.02076 -0.9627 0.2400 0.1251 0.44830 0.19240
-0.15716 -0.88375 -0.02330 0.2684 0.3440 -0.8998 0.25750 0.19080
-0.20239 -0.88870 0.04537 -0.9592 0.1808 0.2173 0.42840 0.19150
-0.14604 -0.89758 0.04814 0.9926 -0.0823 -0.0897 0.36110 0.18960
-0.14309 -0.89071 0.07031 0.9999 0.0168 0.0041 0.37230 0.18900
-0.15988 -0.87637 0.09051 0.1903 0.5803 0.7919 0.38880 0.18880
-0.17198 -0.88018 0.09296 -0.0322 0.5326 0.8458 0.39430 0.18920
-0.18822 -0.89069 -0.01215 -0.3845 -0.0777 -0.9198 0.24080 0.19480
-0.14673 -0.89487 0.03642 0.9930 -0.0868 -0.0797 0.34990 0.18980
-0.18822 -0.89069 -0.01215 -0.3845 -0.0777 -0.9198 0.51220 0.19470
-0.14385 -0.87807 0.08293 0.8011 0.3805 0.4621 0.38210 0.18850
-0.19652 -0.88805 0.07299 -0.9062 0.2031 0.3709 0.40920 0.19050
-0.18414 -0.87899 0.08775 -0.5238 0.3802 0.7623 0.40040 0.18990
0.19599 -0.82877 -0.00274 0.8925 -0.0254 -0.4503 0.48310 0.16250
0.18665 -0.83256 -0.01448 0.5998 -0.0131 -0.8000 0.50320 0.16350
0.18979 -0.85279 -0.01147 0.6761 0.0631 -0.7341 0.49980 0.18410
0.19804 -0.85137 0.00111 0.9259 0.1086 -0.3619 0.47710 0.18390
0.19569 -0.80445 -0.00484 0.8713 -0.0516 -0.4881 0.48560 0.14100
0.18577 -0.80241 -0.01718 0.5331 -0.0774 -0.8425 0.50520 0.14130
0.16069 -0.80126 0.05077 -0.1546 0.0579 0.9863 0.38320 0.14090
0.16165 -0.77300 0.05214 -0.1831 -0.0677 0.9808 0.37870 0.11050
0.16992 -0.77349 0.05315 0.0196 -0.0701 0.9973 0.38960 0.11030
0.17368 -0.80009 0.05082 0.0784 0.0353 0.9963 0.39300 0.14080
0.18238 -0.77430 0.05118 0.3087 -0.0648 0.9489 0.40440 0.11010
0.18473 -0.80113 0.04913 0.3775 0.0318 0.9255 0.40570 0.14120
0.15188 -0.80255 0.04768 -0.5141 0.0666 0.8551 0.37410 0.14110
0.15363 -0.77244 0.05041 -0.4110 -0.0661 0.9092 0.36940 0.11040
0.18629 -0.77139 -0.02006 0.5309 -0.0876 -0.8429 0.50620 0.11470
0.17324 -0.77245 -0.02510 0.0955 -0.1080 -0.9896 0.52360 0.11610
0.17370 -0.80762 -0.01725 0.0791 -0.0651 -0.9947 0.52410 0.14200
0.15983 -0.82918 0.05604 -0.1809 0.3603 0.9152 0.38580 0.16280
0.14953 -0.83438 0.05384 -0.6423 0.3218 0.6956 0.37700 0.16320
0.17447 -0.82368 0.05399 0.0693 0.3142 0.9468 0.39700 0.16290
0.18525 -0.82451 0.05223 0.4591 0.2669 0.8474 0.40910 0.16360
0.15903 -0.85042 0.06892 -0.2137 0.5828 0.7840 0.38720 0.17870
0.14770 -0.85562 0.06862 -0.6686 0.4603 0.5840 0.37970 0.18010
0.14408 -0.83670 0.03932 -0.9915 -0.0174 0.1290 0.35620 0.16400
0.14570 -0.83665 0.04806 -0.9458 0.1177 0.3027 0.36720 0.16380
0.14324 -0.86135 0.05929 -0.9828 0.1382 0.1226 0.36850 0.18060
0.14514 -0.86555 0.04730 -0.9993 0.0149 -0.0334 0.35770 0.18080
0.13978 -0.80007 0.02531 -0.9780 -0.1001 0.1828 0.33930 0.14060
0.14254 -0.80131 0.03544 -0.9383 -0.0565 0.3411 0.35250 0.14070
0.14233 -0.83207 0.02718 -0.9937 -0.0862 0.0713 0.34350 0.16410
0.15827 -0.82761 -0.01548 -0.2811 -0.0748 -0.9567 0.25640 0.16570
0.17549 -0.83628 -0.02088 0.0800 -0.0282 -0.9964 0.24090 0.16810
0.17370 -0.80762 -0.01725 0.0791 -0.0651 -0.9947 0.24040 0.15320
0.15471 -0.80970 -0.01750 -0.2157 -0.0972 -0.9716 0.25570 0.15100
0.14626 -0.82593 -0.00651 -0.8686 -0.1422 -0.4747 0.28980 0.16330
0.15337 -0.82754 -0.01480 -0.5826 -0.1494 -0.7989 0.27150 0.16470
0.15067 -0.80248 -0.01649 -0.6328 -0.0903 -0.7691 0.27140 0.14790
0.14408 -0.80043 -0.00686 -0.8608 -0.1033 -0.4984 0.28910 0.14500
0.16751 -0.85356 -0.01701 -0.4292 -0.0407 -0.9023 0.25460 0.17980
0.17533 -0.85448 -0.01976 0.1111 0.0335 -0.9932 0.23960 0.18240
0.14849 -0.84912 -0.00174 -0.8769 -0.1968 -0.4385 0.29360 0.18110
0.15595 -0.85206 -0.01035 -0.6733 -0.1713 -0.7193 0.27190 0.18080
0.17549 -0.83628 -0.02088 0.0800 -0.0282 -0.9964 0.52540 0.16330
0.14526 -0.85972 0.03223 -0.9995 -0.0301 -0.0057 0.34650 0.18040
0.17533 -0.85448 -0.01976 0.1111 0.0335 -0.9932 0.52540 0.18280
0.18338 -0.84547 0.06627 0.4561 0.5148 0.7259 0.40680 0.18040
0.17158 -0.84527 0.06606 -0.0186 0.5768 0.8167 0.39660 0.17940
0.14639 -0.80207 0.04287 -0.8131 0.0059 0.5821 0.36410 0.14120
0.19518 -0.77512 0.04439 0.7185 -0.0676 0.6922 0.42320 0.11030
0.19383 -0.80212 0.04278 0.7579 -0.0024 0.6523 0.42200 0.14210
0.14562 -0.85457 0.02184 -0.9934 -0.0891 -0.0722 0.33350 0.18110
0.14163 -0.82920 0.01492 -0.9896 -0.1340 -0.0516 0.32950 0.16400
0.13824 -0.79868 0.01463 -0.9923 -0.1238 -0.0003 0.32430 0.14100
0.14651 -0.85164 0.00965 -0.9697 -0.1456 -0.1960 0.31520 0.18200
0.14291 -0.82657 0.00320 -0.9634 -0.1420 -0.2272 0.31160 0.16300
0.13964 -0.79909 0.00270 -0.9573 -0.1214 -0.2625 0.30680 0.14250
0.19284 -0.82603 0.04582 0.8247 0.1062 0.5555 0.42300 0.16420
0.19212 -0.84878 0.05446 0.8759 0.2408 0.4181 0.42050 0.18340
0.19927 -0.85269 0.01739 0.9929 0.1193 -0.0002 0.45500 0.18450
0.19787 -0.85206 0.03750 0.9703 0.1254 0.2070 0.43600 0.18430
0.19924 -0.82794 0.03217 0.9702 -0.0060 0.2424 0.43920 0.16380
0.20107 -0.82996 0.01377 0.9957 -0.0360 -0.0859 0.46030 0.16320
0.20032 -0.80384 0.03111 0.9618 -0.0325 0.2717 0.44140 0.14190
0.20179 -0.80435 0.01151 0.9903 -0.0435 -0.1322 0.46380 0.14120
0.20193 -0.77445 0.03028 0.9646 -0.0700 0.2542 0.44530 0.11180
0.20307 -0.77454 0.01096 0.9871 -0.0666 -0.1458 0.46850 0.11260
0.15926 -0.86496 0.08016 -0.2103 0.5984 0.7731 0.38850 0.18660
0.14952 -0.86344 0.07676 -0.6004 0.5029 0.6217 0.38200 0.18630
0.17192 -0.85992 0.07972 -0.0296 0.6129 0.7896 0.39480 0.18710
0.14295 -0.87112 0.06953 -0.9834 0.1370 0.1192 0.37260 0.18650
0.14367 -0.88073 0.05276 -0.9962 -0.0394 -0.0781 0.36120 0.18680
0.18305 -0.86356 0.08220 0.4688 0.4792 0.7420 0.40170 0.18770
0.19414 -0.86990 0.06874 0.8850 0.2609 0.3856 0.41110 0.18820
0.20400 -0.86839 0.02046 0.9646 0.2510 0.0804 0.45070 0.18910
0.20016 -0.87048 0.04257 0.9569 0.2038 0.2069 0.43030 0.18860
0.20271 -0.86612 0.00349 0.9217 0.2608 -0.2872 0.47210 0.18920
0.19412 -0.86653 -0.01002 0.6794 0.1258 -0.7229 0.49430 0.18910
0.14500 -0.87502 0.03725 -0.9988 -0.0231 -0.0431 0.35030 0.18680
0.14526 -0.86944 0.02685 -0.9965 -0.0324 -0.0767 0.33730 0.18700
0.14669 -0.86672 0.01461 -0.9805 -0.0667 -0.1850 0.31940 0.18760
0.15046 -0.86372 0.00229 -0.9320 -0.0067 -0.3623 0.29560 0.18740
0.15814 -0.86769 -0.00694 -0.7833 0.2334 -0.5761 0.27230 0.18740
0.17744 -0.87239 -0.02146 0.2492 -0.0195 -0.9683 0.51850 0.19010
0.16673 -0.86812 -0.01904 -0.3381 0.1350 -0.9314 0.25550 0.18740
0.17744 -0.87239 -0.02146 0.2492 -0.0195 -0.9683 0.23700 0.19020
0.19714 -0.73554 -0.01247 0.8246 -0.0342 -0.5647 0.48820 0.06830
0.19491 -0.69260 -0.01429 0.7950 0.0031 -0.6067 0.49030 0.01410
0.18428 -0.69124 -0.02384 0.4551 -0.0016 -0.8905 0.50630 0.01420
0.18623 -0.73366 -0.02223 0.5042 -0.0271 -0.8631 0.50440 0.06980
0.19814 -0.70109 0.04418 0.7596 0.0221 0.6500 0.43280 0.01580
0.19723 -0.74129 0.04655 0.7149 -0.0325 0.6984 0.42770 0.06570
0.18207 -0.74109 0.05368 0.2804 -0.0242 0.9596 0.40610 0.06530
0.18165 -0.70356 0.05384 0.2892 0.0196 0.9571 0.40730 0.01540
0.14385 -0.69847 -0.01223 -0.8099 0.0315 -0.5857 0.28250 0.01480
0.14069 -0.73673 -0.01031 -0.8308 -0.0031 -0.5565 0.28480 0.07070
0.14745 -0.73503 -0.01813 -0.6445 -0.0050 -0.7646 0.27290 0.07050
0.14992 -0.69446 -0.01899 -0.6032 0.0302 -0.7970 0.27080 0.01340
0.16019 -0.69185 -0.02405 -0.3128 0.0234 -0.9495 0.25750 0.01310
0.15723 -0.73460 -0.02456 -0.3408 -0.0110 -0.9401 0.25760 0.07230
0.17180 -0.73424 -0.02672 0.0658 -0.0193 -0.9976 0.23970 0.07620
0.17173 -0.69141 -0.02609 0.0455 0.0064 -0.9989 0.24070 0.01390
0.17173 -0.69141 -0.02609 0.0455 0.0064 -0.9989 0.52450 0.01560
0.17180 -0.73424 -0.02672 0.0658 -0.0193 -0.9976 0.52150 0.07210
0.15844 -0.74292 0.05370 -0.2470 -0.0110 0.9690 0.37560 0.06580
0.15931 -0.70698 0.05192 -0.2815 0.0527 0.9581 0.37380 0.01430
0.16658 -0.70598 0.05412 -0.0786 0.0285 0.9965 0.38780 0.01470
0.16686 -0.74271 0.05541 -0.0562 -0.0228 0.9982 0.38890 0.06540
0.13920 -0.74149 0.04175 -0.8159 -0.0139 0.5780 0.34090 0.06720
0.14024 -0.70605 0.03867 -0.8021 0.0713 0.5929 0.33400 0.01520
0.14687 -0.70694 0.04576 -0.6337 0.0805 0.7694 0.34880 0.01530
0.14496 -0.74191 0.04788 -0.6441 -0.0025 0.7650 0.35330 0.06670
0.13381 -0.74071 0.03206 -0.9420 -0.0272 0.3346 0.32680 0.06770
0.13462 -0.70501 0.02956 -0.9417 0.0511 0.3324 0.32110 0.01470
0.15041 -0.74242 0.05126 -0.4193 -0.0024 0.9079 0.36390 0.06630
0.15222 -0.70706 0.04918 -0.4263 0.0713 0.9018 0.36000 0.01470
0.14896 -0.77146 -0.01767 -0.6433 -0.0626 -0.7630 0.26950 0.12010
0.15861 -0.77242 -0.02293 -0.2851 -0.0899 -0.9543 0.25550 0.12330
0.14131 -0.77130 -0.00868 -0.8422 -0.0725 -0.5343 0.28590 0.11780
0.13124 -0.73958 0.01823 -0.9997 -0.0227 0.0121 0.31230 0.06890
0.13401 -0.76976 0.01584 -0.9934 -0.1131 0.0189 0.31640 0.11350
0.13550 -0.77011 0.00240 -0.9537 -0.0898 -0.2870 0.30040 0.11540
0.13329 -0.73889 0.00521 -0.9535 -0.0074 -0.3012 0.30010 0.07040
0.14628 -0.77234 0.04575 -0.6908 -0.0794 0.7186 0.35910 0.11060
0.14083 -0.77148 0.03890 -0.8655 -0.1007 0.4907 0.34710 0.11100
0.13253 -0.70460 0.01630 -0.9987 0.0413 -0.0282 0.30770 0.01500
0.13635 -0.70209 0.00039 -0.9320 0.0358 -0.3606 0.29490 0.01570
0.20619 -0.73703 0.01026 0.9843 -0.0314 -0.1735 0.47150 0.06720
0.20547 -0.73877 0.02991 0.9727 -0.0321 0.2300 0.45150 0.06630
0.20518 -0.69700 0.02691 0.9834 0.0231 0.1797 0.45620 0.01460
0.20442 -0.69410 0.00395 0.9697 0.0125 -0.2439 0.47530 0.01420
0.19710 -0.77405 -0.00693 0.8596 -0.0689 -0.5062 0.48900 0.11360
0.13640 -0.77043 0.02885 -0.9549 -0.1178 0.2727 0.33290 0.11180
0.17324 -0.77245 -0.02510 0.0955 -0.1080 -0.9896 0.23840 0.12640
0.17044 -0.86759 0.11204 0.0052 0.7606 0.6492 0.05480 0.91670
0.17024 -0.86758 0.11106 -0.0937 0.9292 -0.3575 0.05460 0.91480
0.17629 -0.86708 0.11026 -0.0719 0.9319 -0.3556 0.06190 0.91450
0.17655 -0.86706 0.11133 0.0674 0.7829 0.6184 0.06190 0.91650
0.18302 -0.86733 0.11043 0.1981 0.7645 0.6134 0.06920 0.91660
0.18267 -0.86877 0.11074 0.1690 -0.0826 0.9821 0.06910 0.91880
0.17644 -0.86841 0.11160 0.1233 -0.0692 0.9899 0.06190 0.91850
0.18939 -0.86841 0.10894 0.3364 0.7418 0.5802 0.07670 0.91670
0.18889 -0.86988 0.10929 0.2371 -0.1160 0.9645 0.07670 0.91890
0.19559 -0.87024 0.10699 0.5052 0.7049 0.4979 0.08430 0.91670
0.19481 -0.87158 0.10745 0.3096 -0.1333 0.9415 0.08430 0.91870
0.20113 -0.87331 0.10418 0.9802 0.0941 -0.1740 0.09060 0.91680
0.20010 -0.87412 0.10505 0.6436 -0.4819 0.5946 0.09060 0.91810
0.16366 -0.86785 0.11235 -0.0732 0.7761 0.6263 0.04680 0.91640
0.16358 -0.86782 0.11138 -0.1214 0.9205 -0.3715 0.04660 0.91470
0.15702 -0.86914 0.11239 -0.2095 0.7610 0.6140 0.03920 0.91640
0.15708 -0.86913 0.11143 -0.2255 0.8904 -0.3954 0.03900 0.91470
0.15159 -0.87089 0.11212 -0.4313 0.6980 0.5717 0.03320 0.91640
0.15188 -0.87082 0.11117 -0.3189 0.8566 -0.4055 0.03300 0.91500
0.15253 -0.87254 0.10964 -0.1645 0.6412 -0.7495 0.03140 0.91140
0.15754 -0.87088 0.10984 -0.1593 0.6438 -0.7484 0.03840 0.91060
0.16366 -0.86948 0.10979 -0.1056 0.6766 -0.7287 0.04640 0.91060
0.16976 -0.86921 0.10952 -0.1042 0.7066 -0.6999 0.05410 0.91060
0.19487 -0.87018 0.10597 0.1909 0.8783 -0.4384 0.08450 0.91480
0.19260 -0.87111 0.10495 0.0176 0.7159 -0.6979 0.08430 0.91110
0.19722 -0.87343 0.10302 0.1255 0.5000 -0.8569 0.09230 0.91240
0.19989 -0.87281 0.10374 0.3521 0.5854 -0.7303 0.09050 0.91560
0.18892 -0.86837 0.10785 0.1065 0.9168 -0.3849 0.07680 0.91460
0.18734 -0.86958 0.10653 -0.0176 0.7435 -0.6686 0.07670 0.91080
0.18277 -0.86736 0.10929 0.0267 0.9324 -0.3605 0.06940 0.91450
0.18160 -0.86872 0.10781 -0.0595 0.7464 -0.6628 0.06910 0.91060
0.17534 -0.86864 0.10872 -0.1266 0.7312 -0.6703 0.06120 0.91050
0.15737 -0.87026 0.11269 0.0013 -0.0595 0.9982 0.03920 0.91810
0.15832 -0.87240 0.11176 0.0836 -0.3660 0.9268 0.03920 0.92220
0.15333 -0.87398 0.11160 0.0311 -0.4187 0.9076 0.03230 0.92160
0.15220 -0.87193 0.11247 -0.1171 -0.0993 0.9881 0.03330 0.91790
0.16393 -0.86903 0.11259 0.0373 -0.0681 0.9970 0.04700 0.91820
0.16457 -0.87127 0.11162 0.0670 -0.3770 0.9238 0.04730 0.92230
0.17056 -0.86878 0.11231 0.0818 -0.0853 0.9930 0.05490 0.91860
0.17073 -0.87102 0.11138 0.0909 -0.3687 0.9251 0.05510 0.92260
0.19824 -0.87579 0.10474 0.4423 -0.6763 0.5891 0.09330 0.92010
0.19335 -0.87343 0.10684 0.1855 -0.4046 0.8955 0.08510 0.92220
0.18800 -0.87204 0.10860 0.1678 -0.3709 0.9134 0.07740 0.92270
0.18213 -0.87106 0.11000 0.1315 -0.3413 0.9307 0.06950 0.92270
0.17616 -0.87069 0.11080 0.1180 -0.3459 0.9308 0.06190 0.92250
0.14908 -0.87590 0.11021 -0.3279 -0.5716 0.7522 0.02570 0.91910
0.14824 -0.87422 0.11134 -0.4012 -0.3415 0.8499 0.02860 0.91760
0.14817 -0.87317 0.11001 -0.5386 0.6600 -0.5238 0.02840 0.91510
0.14887 -0.87442 0.10864 -0.4692 0.5024 -0.7263 0.02550 0.91340
0.14736 -0.87354 0.11083 -0.9339 0.2261 0.2769 0.02850 0.91630
0.14782 -0.87535 0.10945 -0.9663 -0.2530 -0.0486 0.02500 0.91630
0.19858 -0.87499 0.10332 0.5574 -0.4653 -0.6876 0.09440 0.91630
0.16990 -0.84582 0.09175 -0.0002 0.7496 0.6619 0.05430 0.92910
0.16973 -0.84574 0.09074 -0.0925 0.9434 -0.3185 0.05410 0.92720
0.17569 -0.84525 0.08993 -0.0644 0.9455 -0.3192 0.06130 0.92690
0.17591 -0.84529 0.09104 0.0715 0.7720 0.6316 0.06140 0.92890
0.18225 -0.84560 0.09016 0.2178 0.7500 0.6246 0.06870 0.92900
0.18181 -0.84710 0.09054 0.1780 -0.0660 0.9818 0.06870 0.93110
0.17572 -0.84671 0.09136 0.1229 -0.0468 0.9913 0.06140 0.93090
0.18830 -0.84678 0.08863 0.4009 0.7138 0.5742 0.07590 0.92890
0.18772 -0.84834 0.08903 0.2729 -0.1147 0.9552 0.07610 0.93120
0.19382 -0.84896 0.08645 0.5777 0.6644 0.4742 0.08350 0.92880
0.19300 -0.85036 0.08697 0.3555 -0.1492 0.9227 0.08360 0.93090
0.19885 -0.85226 0.08349 0.9813 0.0692 -0.1794 0.09020 0.92870
0.19783 -0.85312 0.08442 0.6626 -0.4962 0.5610 0.09030 0.93010
0.16335 -0.84611 0.09191 -0.1713 0.7578 0.6297 0.04700 0.92880
0.16334 -0.84603 0.09087 -0.1481 0.9318 -0.3313 0.04670 0.92720
0.15748 -0.84797 0.09099 -0.4023 0.7156 0.5710 0.04020 0.92860
0.15764 -0.84794 0.08989 -0.2759 0.8771 -0.3932 0.03970 0.92680
0.15274 -0.85029 0.08974 -0.5690 0.6608 0.4895 0.03380 0.92830
0.15314 -0.85020 0.08866 -0.3467 0.8317 -0.4336 0.03340 0.92660
0.15378 -0.85194 0.08702 -0.1404 0.6681 -0.7307 0.03100 0.92320
0.15813 -0.84974 0.08816 -0.1261 0.6713 -0.7304 0.03810 0.92270
0.16342 -0.84772 0.08918 -0.0841 0.6953 -0.7138 0.04590 0.92320
0.16920 -0.84733 0.08919 -0.0955 0.7203 -0.6871 0.05350 0.92310
0.19310 -0.84885 0.08536 0.2408 0.8650 -0.4402 0.08370 0.92690
0.19089 -0.84970 0.08435 0.0408 0.7187 -0.6942 0.08370 0.92310
0.19504 -0.85225 0.08228 0.1523 0.4817 -0.8630 0.09190 0.92420
0.19764 -0.85171 0.08299 0.3881 0.5474 -0.7414 0.09020 0.92750
0.18783 -0.84669 0.08748 0.1522 0.9188 -0.3643 0.07610 0.92690
0.18624 -0.84787 0.08614 0.0002 0.7511 -0.6602 0.07620 0.92310
0.18202 -0.84555 0.08898 0.0480 0.9443 -0.3257 0.06890 0.92690
0.18083 -0.84686 0.08749 -0.0506 0.7586 -0.6496 0.06860 0.92300
0.17470 -0.84676 0.08838 -0.1263 0.7449 -0.6552 0.06060 0.92280
0.15772 -0.84915 0.09134 -0.1706 -0.0771 0.9823 0.04000 0.93030
0.15855 -0.85133 0.09043 -0.0281 -0.3894 0.9206 0.03900 0.93410
0.15418 -0.85344 0.08938 -0.0717 -0.4370 0.8966 0.03210 0.93340
0.15321 -0.85137 0.09019 -0.2680 -0.1132 0.9567 0.03380 0.93000
0.16353 -0.84735 0.09220 -0.0554 -0.0530 0.9971 0.04710 0.93050
0.16404 -0.84963 0.09126 0.0067 -0.3782 0.9257 0.04680 0.93460
0.16993 -0.84707 0.09208 0.0703 -0.0638 0.9955 0.05440 0.93100
0.16996 -0.84934 0.09120 0.0792 -0.3540 0.9319 0.05450 0.93500
0.19598 -0.85478 0.08416 0.4622 -0.6817 0.5671 0.09300 0.93200
0.19148 -0.85223 0.08639 0.2123 -0.4090 0.8875 0.08470 0.93430
0.18670 -0.85056 0.08837 0.1893 -0.3702 0.9095 0.07700 0.93490
0.18116 -0.84943 0.08984 0.1368 -0.3277 0.9348 0.06910 0.93500
0.17531 -0.84903 0.09062 0.1183 -0.3288 0.9370 0.06140 0.93490
0.15018 -0.85551 0.08758 -0.4531 -0.5374 0.7113 0.02570 0.93070
0.14953 -0.85390 0.08859 -0.5015 -0.3117 0.8071 0.02850 0.92940
0.14967 -0.85278 0.08706 -0.5301 0.6578 -0.5350 0.02800 0.92680
0.15024 -0.85392 0.08579 -0.4760 0.5243 -0.7060 0.02540 0.92540
0.14878 -0.85319 0.08798 -0.9437 0.2557 0.2100 0.02830 0.92810
0.14908 -0.85491 0.08668 -0.9845 -0.1564 -0.0788 0.02500 0.92810
0.19631 -0.85390 0.08265 0.5535 -0.4822 -0.6791 0.09410 0.92810
0.17039 -0.85316 0.09873 -0.0141 0.7438 0.6682 0.05490 0.89230
0.17021 -0.85310 0.09774 -0.0973 0.9413 -0.3231 0.05470 0.89050
0.17622 -0.85260 0.09694 -0.0671 0.9420 -0.3288 0.06190 0.89010
0.17646 -0.85263 0.09802 0.0708 0.7695 0.6347 0.06200 0.89210
0.18287 -0.85292 0.09713 0.2032 0.7500 0.6294 0.06920 0.89220
0.18246 -0.85442 0.09747 0.1694 -0.0772 0.9825 0.06910 0.89440
0.17629 -0.85404 0.09831 0.1232 -0.0619 0.9905 0.06190 0.89410
0.18915 -0.85401 0.09565 0.3429 0.7264 0.5956 0.07670 0.89230
0.18860 -0.85555 0.09603 0.2387 -0.1130 0.9645 0.07670 0.89450
0.19525 -0.85586 0.09372 0.5147 0.6875 0.5122 0.08430 0.89230
0.19443 -0.85726 0.09420 0.3123 -0.1336 0.9405 0.08430 0.89430
0.20067 -0.85897 0.09092 0.9818 0.0868 -0.1692 0.09060 0.89230
0.19963 -0.85983 0.09181 0.6501 -0.4915 0.5795 0.09070 0.89370
0.16359 -0.85358 0.09872 -0.1344 0.7564 0.6401 0.04710 0.89190
0.16354 -0.85349 0.09774 -0.1305 0.9286 -0.3473 0.04690 0.89020
0.15683 -0.85519 0.09819 -0.3062 0.7332 0.6072 0.03920 0.89160
0.15692 -0.85510 0.09725 -0.2724 0.8787 -0.3920 0.03890 0.89000
0.15190 -0.85742 0.09773 -0.5213 0.6310 0.5745 0.03330 0.89190
0.15223 -0.85728 0.09680 -0.3939 0.8234 -0.4085 0.03310 0.89040
0.15290 -0.85889 0.09546 -0.1838 0.6146 -0.7671 0.03130 0.88730
0.15741 -0.85670 0.09594 -0.1585 0.6133 -0.7738 0.03800 0.88650
0.16358 -0.85508 0.09625 -0.0825 0.6681 -0.7395 0.04630 0.88640
0.16968 -0.85470 0.09620 -0.0937 0.7099 -0.6981 0.05410 0.88640
0.19454 -0.85576 0.09268 0.2095 0.8833 -0.4194 0.08450 0.89040
0.19227 -0.85666 0.09166 0.0259 0.7191 -0.6944 0.08430 0.88670
0.19678 -0.85901 0.08974 0.1369 0.4919 -0.8598 0.09240 0.88790
0.19946 -0.85842 0.09046 0.3749 0.5820 -0.7216 0.09060 0.89120
0.18869 -0.85392 0.09455 0.1204 0.9243 -0.3622 0.07690 0.89020
0.18709 -0.85510 0.09323 -0.0114 0.7490 -0.6625 0.07670 0.88640
0.18264 -0.85289 0.09598 0.0364 0.9417 -0.3346 0.06940 0.89010
0.18143 -0.85422 0.09450 -0.0555 0.7533 -0.6554 0.06910 0.88620
0.17524 -0.85412 0.09540 -0.1268 0.7388 -0.6619 0.06120 0.88610
0.15712 -0.85634 0.09855 -0.0758 -0.0230 0.9969 0.03920 0.89340
0.15805 -0.85836 0.09790 0.0286 -0.3083 0.9509 0.03900 0.89710
0.15354 -0.86052 0.09742 -0.0162 -0.3697 0.9290 0.03220 0.89690
0.15247 -0.85855 0.09807 -0.1762 -0.0966 0.9796 0.03330 0.89350
0.16381 -0.85479 0.09900 -0.0280 -0.0396 0.9988 0.04730 0.89370
0.16438 -0.85698 0.09819 0.0209 -0.3405 0.9400 0.04730 0.89750
0.17046 -0.85441 0.09902 0.0614 -0.0696 0.9957 0.05500 0.89410
0.17052 -0.85668 0.09812 0.0757 -0.3519 0.9330 0.05510 0.89810
0.19772 -0.86153 0.09150 0.4443 -0.6747 0.5893 0.09330 0.89570
0.19293 -0.85914 0.09360 0.1882 -0.3996 0.8972 0.08510 0.89780
0.18764 -0.85774 0.09536 0.1694 -0.3634 0.9161 0.07740 0.89830
0.18184 -0.85674 0.09674 0.1315 -0.3319 0.9341 0.06950 0.89830
0.17592 -0.85635 0.09754 0.1185 -0.3364 0.9342 0.06190 0.89810
0.14953 -0.86272 0.09579 -0.3769 -0.5275 0.7614 0.02550 0.89460
0.14889 -0.86128 0.09669 -0.4352 -0.3532 0.8282 0.02800 0.89320
0.14882 -0.85996 0.09548 -0.5669 0.6487 -0.5078 0.02800 0.89060
0.14934 -0.86090 0.09437 -0.4977 0.4969 -0.7109 0.02580 0.88930
0.14803 -0.86048 0.09623 -0.9404 0.2099 0.2675 0.02800 0.89180
0.14830 -0.86203 0.09506 -0.9709 -0.2384 0.0237 0.02500 0.89190
0.19809 -0.86064 0.09006 0.5549 -0.4742 -0.6835 0.09450 0.89190
0.17112 -0.86038 0.10555 0.0076 0.7521 0.6590 0.05480 0.90450
0.17093 -0.86035 0.10457 -0.0929 0.9344 -0.3440 0.05460 0.90260
0.17698 -0.85984 0.10377 -0.0701 0.9366 -0.3432 0.06190 0.90230
0.17723 -0.85985 0.10484 0.0687 0.7754 0.6277 0.06190 0.90430
0.18368 -0.86012 0.10394 0.2002 0.7567 0.6223 0.06920 0.90440
0.18330 -0.86160 0.10426 0.1690 -0.0821 0.9822 0.06910 0.90660
0.17709 -0.86123 0.10511 0.1233 -0.0678 0.9900 0.06190 0.90630
0.19001 -0.86120 0.10246 0.3391 0.7338 0.5886 0.07670 0.90450
0.18949 -0.86271 0.10281 0.2375 -0.1158 0.9645 0.07670 0.90670
0.19617 -0.86304 0.10051 0.5090 0.6966 0.5057 0.08430 0.90450
0.19538 -0.86442 0.10098 0.3103 -0.1337 0.9412 0.08430 0.90650
0.20167 -0.86613 0.09771 0.9809 0.0924 -0.1714 0.09060 0.90460
0.20063 -0.86696 0.09858 0.6467 -0.4863 0.5876 0.09060 0.90590
0.16435 -0.86063 0.10586 -0.0708 0.7685 0.6359 0.04680 0.90420
0.16428 -0.86057 0.10490 -0.1203 0.9257 -0.3587 0.04660 0.90250
0.15770 -0.86192 0.10591 -0.2067 0.7546 0.6228 0.03920 0.90410
0.15776 -0.86188 0.10494 -0.2269 0.8951 -0.3838 0.03900 0.90250
0.15224 -0.86367 0.10565 -0.4260 0.6965 0.5774 0.03320 0.90420
0.15254 -0.86358 0.10469 -0.3202 0.8610 -0.3951 0.03300 0.90280
0.15315 -0.86529 0.10317 -0.1660 0.6428 -0.7478 0.03140 0.89920
0.15819 -0.86363 0.10337 -0.1606 0.6447 -0.7473 0.03840 0.89840
0.16433 -0.86223 0.10331 -0.1058 0.6781 -0.7273 0.04640 0.89840
0.17042 -0.86197 0.10303 -0.1036 0.7091 -0.6974 0.05410 0.89840
0.19546 -0.86296 0.09949 0.1989 0.8806 -0.4301 0.08450 0.90260
0.19319 -0.86388 0.09847 0.0203 0.7161 -0.6977 0.08430 0.89890
0.19776 -0.86622 0.09655 0.1294 0.4956 -0.8589 0.09230 0.90020
0.20044 -0.86561 0.09726 0.3615 0.5847 -0.7263 0.09050 0.90340
0.18955 -0.86114 0.10136 0.1123 0.9201 -0.3751 0.07680 0.90240
0.18796 -0.86235 0.10005 -0.0158 0.7447 -0.6672 0.07670 0.89860
0.18344 -0.86013 0.10280 0.0305 0.9365 -0.3493 0.06940 0.90230
0.18225 -0.86147 0.10133 -0.0583 0.7486 -0.6604 0.06910 0.89840
0.17601 -0.86139 0.10223 -0.1270 0.7344 -0.6667 0.06120 0.89830
0.15801 -0.86307 0.10621 0.0014 -0.0566 0.9984 0.03920 0.90590
0.15892 -0.86523 0.10529 0.0835 -0.3610 0.9288 0.03920 0.91000
0.15389 -0.86682 0.10514 0.0293 -0.4143 0.9097 0.03230 0.90940
0.15281 -0.86475 0.10600 -0.1178 -0.0939 0.9886 0.03330 0.90570
0.16459 -0.86183 0.10610 0.0372 -0.0656 0.9972 0.04700 0.90600
0.16518 -0.86410 0.10514 0.0669 -0.3718 0.9259 0.04730 0.91010
0.17122 -0.86161 0.10582 0.0819 -0.0837 0.9931 0.05490 0.90640
0.17133 -0.86387 0.10491 0.0903 -0.3642 0.9269 0.05510 0.91040
0.19874 -0.86865 0.09827 0.4440 -0.6743 0.5901 0.09330 0.90790
0.19390 -0.86628 0.10037 0.1869 -0.4015 0.8966 0.08510 0.91000
0.18857 -0.86490 0.10213 0.1687 -0.3670 0.9148 0.07740 0.91050
0.18272 -0.86391 0.10352 0.1318 -0.3367 0.9323 0.06950 0.91050
0.17676 -0.86353 0.10433 0.1184 -0.3416 0.9324 0.06190 0.91030
0.14961 -0.86872 0.10376 -0.3422 -0.5632 0.7522 0.02570 0.90690
0.14881 -0.86703 0.10488 -0.4103 -0.3329 0.8490 0.02860 0.90530
0.14878 -0.86593 0.10355 -0.5377 0.6687 -0.5135 0.02840 0.90290
0.14946 -0.86717 0.10217 -0.4701 0.5083 -0.7216 0.02550 0.90120
0.14796 -0.86633 0.10437 -0.9306 0.2385 0.2777 0.02850 0.90410
0.14838 -0.86813 0.10299 -0.9710 -0.2345 -0.0463 0.02500 0.90410
0.19910 -0.86781 0.09686 0.5567 -0.4687 -0.6858 0.09440 0.90410
0.21237 -0.89602 0.12747 0.4696 0.8161 0.3369 0.40590 0.77330
0.22050 -0.90065 0.12675 0.6406 0.7151 0.2798 0.40930 0.78980
0.21785 -0.90465 0.14036 0.6137 0.7213 0.3212 0.37800 0.79770
0.20952 -0.90005 0.14083 0.4234 0.8508 0.3114 0.37430 0.78110
0.21224 -0.89058 0.11433 0.5659 0.7401 0.3633 0.43810 0.76090
0.22007 -0.89614 0.11339 0.7242 0.6617 0.1941 0.44100 0.77900
0.20329 -0.89181 0.12784 0.3942 0.8327 0.3888 0.40280 0.75580
0.20357 -0.88520 0.11494 0.4777 0.7317 0.4862 0.43550 0.74180
0.20016 -0.89601 0.14101 0.3401 0.8815 0.3276 0.37060 0.76350
0.21152 -0.88218 0.10184 0.7070 0.6078 0.3615 0.47050 0.74370
0.21801 -0.88999 0.10044 0.8432 0.5221 0.1280 0.47340 0.76480
0.21118 -0.87434 0.08959 0.8383 0.4725 0.2719 0.50210 0.72810
0.21600 -0.88393 0.08814 0.9327 0.3580 0.0446 0.50500 0.75150
0.20387 -0.87503 0.10304 0.5922 0.6167 0.5185 0.46770 0.72300
0.20484 -0.86600 0.09102 0.7172 0.5371 0.4440 0.49900 0.70670
0.22501 -0.90545 0.12572 0.8733 0.4385 0.2123 0.41240 0.80210
0.22686 -0.91140 0.12465 0.9763 0.1353 0.1687 0.41540 0.81450
0.22284 -0.91350 0.13845 0.9415 0.0510 0.3330 0.38400 0.81790
0.22182 -0.90885 0.13945 0.8630 0.3742 0.3395 0.38130 0.80830
0.22482 -0.90199 0.11227 0.9003 0.4349 0.0205 0.44370 0.79400
0.22713 -0.90900 0.11099 0.9801 0.1788 -0.0867 0.44700 0.80930
0.22182 -0.89801 0.09926 0.9370 0.3322 -0.1083 0.47590 0.78390
0.22344 -0.90621 0.09790 0.9565 0.1383 -0.2570 0.47940 0.80200
0.21849 -0.89341 0.08656 0.9675 0.1979 -0.1573 0.50840 0.77330
0.21899 -0.90243 0.08491 0.9579 0.0527 -0.2823 0.51260 0.79310
0.13751 -0.88632 0.11276 -0.8143 0.5068 0.2830 0.30060 0.56410
0.13514 -0.89389 0.11400 -0.9503 0.3088 0.0405 0.28290 0.56530
0.13547 -0.88663 0.09972 -0.9749 0.2063 0.0834 0.30550 0.52900
0.13885 -0.87752 0.09903 -0.8787 0.4089 0.2462 0.32530 0.52890
0.13601 -0.89513 0.12498 -0.7263 0.6375 0.2572 0.27540 0.59440
0.13180 -0.90095 0.12680 -0.8849 0.4641 0.0404 0.26000 0.59650
0.14241 -0.87925 0.11108 -0.6389 0.6134 0.4643 0.31670 0.56130
0.14143 -0.88936 0.12252 -0.5229 0.7176 0.4601 0.29120 0.59100
0.14275 -0.87002 0.09847 -0.7559 0.5281 0.3870 0.34080 0.52850
0.13501 -0.90057 0.13756 -0.6371 0.7331 0.2379 0.25820 0.62460
0.13054 -0.90569 0.13992 -0.8300 0.5337 0.1623 0.24370 0.62660
0.13569 -0.90419 0.15131 -0.6383 0.7389 0.2157 0.24480 0.65610
0.13204 -0.90933 0.15448 -0.8229 0.5228 0.2225 0.23080 0.65930
0.14111 -0.89581 0.13461 -0.4822 0.8149 0.3216 0.27370 0.62160
0.14112 -0.89957 0.14768 -0.4814 0.8482 0.2209 0.26030 0.65260
0.13321 -0.90271 0.11463 -0.9795 0.1023 -0.1738 0.26170 0.56420
0.13335 -0.91204 0.11408 -0.9418 -0.0811 -0.3262 0.24030 0.55980
0.13645 -0.90804 0.10006 -0.9466 -0.2270 -0.2291 0.25460 0.52440
0.13473 -0.89747 0.10049 -0.9966 -0.0247 -0.0785 0.27970 0.52820
0.12921 -0.90733 0.12693 -0.9679 0.2173 -0.1263 0.24490 0.59430
0.12852 -0.91507 0.12594 -0.9721 0.0108 -0.2344 0.22850 0.58920
0.12805 -0.91112 0.13994 -0.9642 0.2511 0.0847 0.23160 0.62390
0.12720 -0.91768 0.13874 -0.9997 0.0141 0.0215 0.21840 0.61840
0.13005 -0.91418 0.15477 -0.9455 0.2355 0.2249 0.22040 0.65710
0.12930 -0.91938 0.15355 -0.9779 -0.0068 0.2091 0.21030 0.65200
0.23396 -0.93690 0.12255 0.9809 0.0064 0.1943 0.39940 0.93690
0.23416 -0.94337 0.12106 0.7374 -0.6722 0.0661 0.40050 0.95130
0.22894 -0.94427 0.13703 0.6754 -0.6960 0.2437 0.36310 0.94280
0.22868 -0.93710 0.13821 0.9294 -0.0024 0.3690 0.36370 0.92700
0.23478 -0.93525 0.10706 0.9948 0.0330 -0.0968 0.43510 0.94080
0.23471 -0.94164 0.10568 0.7540 -0.6374 -0.1588 0.43710 0.95480
0.23372 -0.92838 0.12274 0.8052 0.5590 0.1979 0.40200 0.91950
0.23445 -0.92666 0.10709 0.8129 0.5815 -0.0334 0.43740 0.92330
0.22833 -0.92933 0.13832 0.7720 0.5512 0.3165 0.36710 0.91060
0.23089 -0.93299 0.09297 0.9493 0.0465 -0.3108 0.47020 0.93980
0.23111 -0.94026 0.09226 0.6951 -0.6456 -0.3164 0.47060 0.95550
0.22546 -0.92996 0.07904 0.9411 0.0438 -0.3352 0.50640 0.93640
0.22555 -0.93832 0.07942 0.6278 -0.6726 -0.3917 0.50390 0.95410
0.23022 -0.92493 0.09265 0.7795 0.6032 -0.1689 0.47300 0.92280
0.22454 -0.92189 0.07785 0.7878 0.6036 -0.1227 0.51190 0.91960
0.13247 -0.93832 0.10962 -0.8848 -0.0656 -0.4613 0.10850 0.57400
0.13299 -0.94628 0.10905 -0.5675 -0.7093 -0.4181 0.09630 0.57260
0.14158 -0.94318 0.09367 -0.5211 -0.7641 -0.3803 0.10350 0.53200
0.14034 -0.93439 0.09288 -0.9334 -0.1242 -0.3367 0.11550 0.53090
0.12488 -0.93985 0.12410 -0.9555 -0.0621 -0.2884 0.10930 0.61110
0.12588 -0.94833 0.12252 -0.6658 -0.6811 -0.3046 0.09410 0.60830
0.13224 -0.93137 0.10929 -0.8130 0.4946 -0.3071 0.13550 0.57230
0.12450 -0.93368 0.12393 -0.8568 0.4753 -0.1998 0.13260 0.60860
0.13989 -0.92721 0.09182 -0.8724 0.4775 -0.1042 0.14080 0.52700
0.12324 -0.94026 0.13852 -0.9945 -0.0955 0.0434 0.11410 0.64220
0.12414 -0.95010 0.13685 -0.6824 -0.7304 -0.0308 0.09780 0.64080
0.12668 -0.94059 0.15541 -0.9611 -0.1032 0.2562 0.12270 0.68030
0.12741 -0.95058 0.15383 -0.6221 -0.7621 0.1796 0.10610 0.68230
0.12276 -0.93535 0.13863 -0.8896 0.4516 0.0686 0.13410 0.63940
0.12611 -0.93568 0.15532 -0.8720 0.4404 0.2136 0.14070 0.67690
0.19517 -0.89899 0.17057 0.4086 0.9066 0.1055 0.30510 0.77850
0.20063 -0.90255 0.17302 0.6068 0.7388 0.2933 0.30300 0.79030
0.19486 -0.90155 0.18083 0.5375 0.7448 0.3953 0.28600 0.78660
0.19096 -0.89810 0.17660 0.3650 0.9028 0.2275 0.29160 0.77620
0.19954 -0.90059 0.16308 0.4011 0.9120 0.0856 0.32230 0.78100
0.20713 -0.90448 0.16364 0.6117 0.7458 0.2638 0.32450 0.79550
0.18883 -0.89666 0.16902 0.2663 0.9639 0.0083 0.30500 0.76690
0.19100 -0.89757 0.16266 0.2810 0.9596 0.0175 0.31920 0.76600
0.18761 -0.89664 0.17380 0.2630 0.9575 0.1187 0.29510 0.76880
0.20479 -0.90179 0.15317 0.4014 0.8946 0.1962 0.34550 0.78340
0.21320 -0.90581 0.15290 0.6107 0.7367 0.2903 0.34940 0.79930
0.19511 -0.89823 0.15320 0.3077 0.9338 0.1828 0.34140 0.76600
0.20339 -0.90722 0.17448 0.7955 0.3798 0.4721 0.30150 0.80030
0.20401 -0.91253 0.17513 0.8516 0.0493 0.5218 0.30010 0.81040
0.19814 -0.91101 0.18460 0.7975 0.1384 0.5872 0.27960 0.80430
0.19723 -0.90594 0.18338 0.7142 0.4464 0.5391 0.28230 0.79540
0.21048 -0.90885 0.16380 0.8250 0.3424 0.4496 0.32580 0.80560
0.21094 -0.91378 0.16374 0.8665 -0.0058 0.4992 0.32610 0.81530
0.21687 -0.90987 0.15229 0.8521 0.3361 0.4012 0.35220 0.80920
0.21743 -0.91439 0.15165 0.9044 -0.0091 0.4267 0.35400 0.81830
0.13855 -0.90507 0.16360 -0.6792 0.7189 0.1481 0.23810 0.68420
0.13569 -0.90919 0.16692 -0.8284 0.5187 0.2115 0.22680 0.68800
0.14182 -0.90296 0.17226 -0.6973 0.7104 0.0952 0.23800 0.70480
0.13954 -0.90640 0.17578 -0.8173 0.5310 0.2234 0.22880 0.70900
0.14284 -0.90121 0.15966 -0.5086 0.8519 0.1248 0.25130 0.68010
0.14515 -0.90020 0.16854 -0.5200 0.8540 0.0163 0.24800 0.70060
0.14453 -0.90097 0.17782 -0.6419 0.7476 0.1705 0.23890 0.71760
0.14319 -0.90393 0.18210 -0.7352 0.5875 0.3381 0.23130 0.72340
0.14785 -0.89977 0.18179 -0.4813 0.8194 0.3113 0.24030 0.72700
0.14764 -0.90260 0.18693 -0.5481 0.6872 0.4767 0.23340 0.73460
0.14700 -0.89892 0.17428 -0.4794 0.8771 0.0303 0.24640 0.71350
0.14867 -0.89855 0.17831 -0.4089 0.9002 0.1495 0.24520 0.72190
0.13392 -0.91353 0.16771 -0.9252 0.2470 0.2881 0.21760 0.68710
0.13321 -0.91841 0.16720 -0.9466 -0.0040 0.3223 0.20820 0.68380
0.13803 -0.91044 0.17743 -0.8937 0.2866 0.3451 0.22050 0.71000
0.13750 -0.91538 0.17803 -0.9104 0.0356 0.4122 0.21130 0.70950
0.14247 -0.90780 0.18524 -0.8072 0.3607 0.4673 0.22380 0.72750
0.14249 -0.91282 0.18734 -0.8376 0.1051 0.5360 0.21500 0.73060
0.14782 -0.90623 0.19132 -0.6149 0.4967 0.6126 0.22660 0.74140
0.14839 -0.91087 0.19456 -0.6638 0.2470 0.7060 0.21910 0.74700
0.20858 -0.93245 0.17709 0.8772 0.0019 0.4802 0.27470 0.88730
0.20836 -0.94108 0.17666 0.6045 -0.6707 0.4298 0.27090 0.90560
0.20353 -0.93984 0.18547 0.5828 -0.6630 0.4699 0.25050 0.89600
0.20361 -0.92954 0.18681 0.8582 0.0057 0.5133 0.25360 0.87390
0.21484 -0.93486 0.16632 0.8723 -0.0062 0.4889 0.29920 0.90090
0.21442 -0.94243 0.16572 0.6067 -0.6789 0.4136 0.29630 0.91710
0.20837 -0.92642 0.17677 0.7626 0.5505 0.3396 0.27850 0.87500
0.21507 -0.92795 0.16497 0.7589 0.5407 0.3628 0.30580 0.88760
0.20314 -0.92497 0.18665 0.7536 0.5522 0.3567 0.25600 0.86460
0.22199 -0.93626 0.15319 0.8935 -0.0055 0.4491 0.32950 0.91410
0.22187 -0.94371 0.15231 0.6351 -0.6863 0.3543 0.32750 0.93020
0.22190 -0.92911 0.15233 0.7666 0.5384 0.3499 0.33490 0.89980
0.13177 -0.93913 0.17115 -0.9320 -0.0830 0.3527 0.13460 0.71590
0.13239 -0.94901 0.17013 -0.5823 -0.7493 0.3152 0.11900 0.71960
0.13697 -0.93651 0.18388 -0.8910 -0.0528 0.4510 0.14560 0.74490
0.13747 -0.94625 0.18325 -0.5569 -0.7137 0.4249 0.12890 0.75060
0.13122 -0.93444 0.17068 -0.8660 0.4276 0.2592 0.15170 0.71030
0.13649 -0.93203 0.18315 -0.8466 0.4258 0.3194 0.16180 0.73710
0.14342 -0.93356 0.19513 -0.8325 -0.0303 0.5531 0.15840 0.77160
0.14378 -0.94336 0.19449 -0.4732 -0.7003 0.5345 0.13940 0.77760
0.15027 -0.92934 0.20442 -0.6921 -0.0024 0.7218 0.17090 0.79580
0.15060 -0.93891 0.20417 -0.3706 -0.6150 0.6960 0.15260 0.80330
0.14301 -0.92901 0.19440 -0.8087 0.4400 0.3905 0.17260 0.76260
0.15010 -0.92537 0.20415 -0.7030 0.4755 0.5289 0.18340 0.78590
0.20980 -0.86509 -0.00231 0.9483 -0.0539 -0.3127 0.71410 0.72410
0.20902 -0.87590 -0.00130 0.9493 -0.0958 -0.2994 0.71150 0.74500
0.21207 -0.88066 0.01790 0.9848 -0.1085 -0.1360 0.66810 0.75130
0.21276 -0.87128 0.01705 0.9921 -0.0439 -0.1179 0.67050 0.73200
0.20218 -0.86166 -0.01761 0.7852 -0.0113 -0.6191 0.75030 0.71950
0.20191 -0.87361 -0.01662 0.8260 -0.0422 -0.5621 0.74820 0.74160
0.20992 -0.85616 -0.00331 0.9500 0.1225 -0.2872 0.71730 0.70620
0.20159 -0.85097 -0.01834 0.7737 0.1954 -0.6027 0.75300 0.69960
0.21287 -0.86454 0.01658 0.9948 0.0438 -0.0923 0.67360 0.71490
0.13405 -0.86870 0.01245 -0.9920 0.1088 -0.0634 0.34000 0.31900
0.13313 -0.88057 0.01215 -0.9987 -0.0003 -0.0516 0.31770 0.31750
0.13471 -0.87703 -0.00336 -0.9603 0.0423 -0.2759 0.32460 0.28290
0.13612 -0.86477 -0.00298 -0.9490 0.1577 -0.2731 0.34830 0.28510
0.13316 -0.87404 0.03022 -0.9994 0.0284 -0.0195 0.33040 0.35800
0.13331 -0.88516 0.02972 -0.9963 -0.0860 0.0043 0.30810 0.35650
0.13582 -0.85842 0.01255 -0.9779 0.1932 -0.0798 0.35820 0.31950
0.13370 -0.86409 0.03050 -0.9915 0.1263 -0.0323 0.34940 0.35900
0.13837 -0.85384 -0.00241 -0.9361 0.2391 -0.2579 0.36800 0.28700
0.18023 -0.92706 -0.00598 0.0068 -0.9837 -0.1798 0.74500 0.27070
0.16901 -0.92748 -0.00430 0.0251 -0.9836 -0.1784 0.75970 0.28570
0.17367 -0.93075 0.01823 0.0206 -0.9854 -0.1689 0.71850 0.32080
0.18446 -0.93034 0.01600 -0.0030 -0.9861 -0.1661 0.70540 0.30540
0.21097 -0.91802 -0.00558 0.9705 -0.0147 -0.2407 0.71140 0.94350
0.20559 -0.91573 -0.01923 0.8651 0.0192 -0.5013 0.74550 0.94030
0.20557 -0.92403 -0.01946 0.6449 -0.5966 -0.4777 0.74690 0.95780
0.21088 -0.92641 -0.00636 0.7186 -0.6343 -0.2849 0.71280 0.96130
0.21107 -0.90917 -0.00550 0.9683 -0.0191 -0.2489 0.71160 0.92540
0.21110 -0.89790 -0.00628 0.8184 0.5544 -0.1510 0.71410 0.90330
0.20535 -0.89605 -0.02145 0.7292 0.5523 -0.4040 0.74790 0.90260
0.20569 -0.90744 -0.01901 0.8629 -0.0285 -0.5045 0.74400 0.92370
0.21316 -0.91178 0.01097 0.9910 -0.0423 -0.1271 0.67320 0.92580
0.21349 -0.90072 0.01056 0.8417 0.5396 -0.0194 0.67590 0.90320
0.13397 -0.92263 0.00978 -0.9939 -0.1089 0.0199 0.11430 0.32500
0.13463 -0.93079 0.00906 -0.6941 -0.7148 -0.0858 0.09690 0.32510
0.13443 -0.92863 -0.00531 -0.7087 -0.6667 -0.2308 0.10350 0.28860
0.13389 -0.92001 -0.00496 -0.9796 -0.0599 -0.1918 0.12190 0.28880
0.20364 -0.92707 -0.00744 0.0280 -0.9800 -0.1972 0.71220 0.24400
0.19146 -0.92698 -0.00683 -0.0065 -0.9829 -0.1842 0.72940 0.25750
0.19467 -0.93019 0.01412 -0.0096 -0.9868 -0.1615 0.69260 0.29120
0.20366 -0.93026 0.01357 0.0036 -0.9868 -0.1617 0.67990 0.28080
0.13287 -0.91382 0.00979 -0.9922 -0.1246 -0.0077 0.13540 0.32320
0.13131 -0.90174 0.00847 -0.8893 0.4537 0.0571 0.16340 0.31760
0.13181 -0.90489 0.02537 -0.8977 0.4115 0.1574 0.16500 0.35730
0.13348 -0.91519 0.02555 -0.9836 -0.1620 0.0792 0.13510 0.36190
0.13322 -0.91142 -0.00461 -0.9727 -0.0947 -0.2119 0.13870 0.28930
0.13232 -0.89954 -0.00656 -0.8707 0.4640 -0.1630 0.16620 0.29080
0.21139 -0.86747 0.07682 0.9289 0.3214 0.1842 0.53420 0.71530
0.21409 -0.87795 0.07575 0.9778 0.2097 0.0013 0.53640 0.73930
0.21202 -0.86181 0.06168 0.9712 0.2019 0.1263 0.57040 0.70530
0.21281 -0.87221 0.06097 0.9949 0.0948 0.0354 0.57250 0.72850
0.20683 -0.85802 0.07808 0.8228 0.4453 0.3530 0.53100 0.69310
0.20912 -0.84905 0.06027 0.8796 0.4435 0.1720 0.56590 0.68020
0.21536 -0.88785 0.07407 0.9859 0.1013 -0.1333 0.54020 0.76150
0.21515 -0.89702 0.07163 0.9757 -0.0208 -0.2180 0.54600 0.78170
0.21333 -0.88198 0.05928 0.9993 0.0261 -0.0254 0.57620 0.75030
0.21304 -0.89099 0.05636 0.9933 -0.0877 -0.0752 0.58260 0.76990
0.21429 -0.87658 0.04239 0.9998 -0.0176 -0.0038 0.61450 0.74040
0.21386 -0.88569 0.04127 0.9932 -0.1108 -0.0351 0.61640 0.75970
0.21413 -0.86776 0.04309 0.9987 0.0466 0.0191 0.61360 0.72110
0.13807 -0.86928 0.08488 -0.9068 0.3391 0.2503 0.34580 0.49300
0.13553 -0.87903 0.08487 -0.9787 0.1617 0.1262 0.32470 0.49090
0.13421 -0.87190 0.07008 -0.9807 0.1366 0.1399 0.33800 0.45250
0.13703 -0.86221 0.07067 -0.9301 0.2981 0.2144 0.35410 0.45750
0.14199 -0.86112 0.08532 -0.8099 0.4637 0.3592 0.36060 0.49860
0.14079 -0.85282 0.07194 -0.8419 0.4652 0.2735 0.37100 0.46800
0.13253 -0.87882 0.05387 -0.9978 -0.0549 0.0375 0.32250 0.41040
0.13442 -0.89004 0.05203 -0.9755 -0.2141 0.0501 0.29850 0.40640
0.13429 -0.88376 0.06954 -0.9937 -0.1003 0.0505 0.31310 0.45000
0.13706 -0.89503 0.06731 -0.9511 -0.3088 -0.0023 0.28730 0.44420
0.13311 -0.86787 0.05495 -0.9911 0.1161 0.0651 0.34400 0.41280
0.13497 -0.89069 0.08526 -0.9957 -0.0888 -0.0247 0.29800 0.48990
0.13788 -0.90183 0.08389 -0.9415 -0.3091 -0.1343 0.27190 0.48460
0.21621 -0.91359 0.03423 0.9948 -0.0870 -0.0537 0.62000 0.92020
0.21678 -0.90528 0.03536 0.8374 0.5295 0.1357 0.62110 0.90390
0.21567 -0.91727 0.04327 0.9927 -0.0659 -0.1011 0.59840 0.92300
0.21601 -0.90946 0.04415 0.8268 0.5250 0.2021 0.59980 0.90610
0.21471 -0.92174 0.03391 0.9124 -0.3954 0.1056 0.61830 0.93690
0.21441 -0.92475 0.04244 0.6416 -0.6881 -0.3389 0.59790 0.93900
0.14072 -0.93058 0.00431 0.0234 -0.9842 -0.1753 0.79020 0.33170
0.14277 -0.93345 0.02488 0.0379 -0.9865 -0.1595 0.75590 0.36600
0.15081 -0.93259 0.02270 0.0572 -0.9852 -0.1617 0.74680 0.35340
0.14743 -0.92958 0.00158 0.0582 -0.9815 -0.1826 0.78390 0.31950
0.21941 -0.92442 0.06185 0.9634 0.0178 -0.2675 0.55130 0.92990
0.21890 -0.91607 0.06150 0.8015 0.5976 0.0194 0.55540 0.91250
0.21981 -0.93243 0.06116 0.6487 -0.6371 -0.4162 0.55020 0.94700
0.13712 -0.91823 0.04738 -0.9522 -0.2156 0.2165 0.13680 0.41210
0.13964 -0.92071 0.05376 -0.9423 -0.2477 0.2253 0.13560 0.43090
0.14293 -0.92887 0.05433 -0.5903 -0.7960 -0.1336 0.12020 0.43560
0.13898 -0.92718 0.04714 -0.7688 -0.4883 0.4130 0.11980 0.41670
0.13537 -0.90967 0.04912 -0.8402 0.3918 0.3749 0.16400 0.41040
0.13865 -0.91359 0.05676 -0.8292 0.3602 0.4274 0.16150 0.43580
0.14372 -0.92758 0.07348 -0.9771 -0.2027 -0.0654 0.12310 0.48070
0.14536 -0.93668 0.07313 -0.5750 -0.7672 -0.2844 0.11160 0.48200
0.14213 -0.92045 0.07348 -0.8770 0.4297 0.2152 0.15440 0.47740
0.17534 -0.89855 0.18771 0.1200 0.8875 0.4449 0.26250 0.76550
0.17757 -0.90197 0.19261 0.1898 0.7814 0.5944 0.25590 0.77470
0.17112 -0.90179 0.19385 0.0669 0.7922 0.6066 0.24910 0.76820
0.16920 -0.89851 0.18866 0.0188 0.8929 0.4499 0.25590 0.75890
0.18124 -0.89853 0.18547 0.2013 0.8864 0.4168 0.27040 0.77090
0.18389 -0.90200 0.19012 0.2905 0.7672 0.5718 0.26420 0.78020
0.17313 -0.89576 0.18124 0.0481 0.9682 0.2455 0.27210 0.75450
0.17859 -0.89579 0.17945 0.1205 0.9663 0.2276 0.27930 0.76050
0.16743 -0.89586 0.18187 -0.0290 0.9707 0.2387 0.26590 0.74680
0.18634 -0.89823 0.18172 0.2790 0.8953 0.3473 0.28010 0.77410
0.18950 -0.90163 0.18637 0.4082 0.7591 0.5071 0.27380 0.78380
0.18363 -0.89595 0.17608 0.1871 0.9679 0.1680 0.28860 0.76470
0.17931 -0.90571 0.19607 0.2658 0.6070 0.7489 0.25080 0.78220
0.18070 -0.90994 0.19821 0.3283 0.4190 0.8466 0.24660 0.78930
0.17465 -0.90967 0.19972 0.1594 0.4296 0.8888 0.23980 0.78310
0.17301 -0.90544 0.19751 0.1177 0.6196 0.7760 0.24410 0.77590
0.18546 -0.90589 0.19342 0.4048 0.5661 0.7181 0.25900 0.78760
0.18641 -0.91027 0.19542 0.5061 0.3578 0.7848 0.25470 0.79460
0.19139 -0.90571 0.18945 0.5588 0.5112 0.6530 0.26910 0.79170
0.19224 -0.91045 0.19103 0.6668 0.2472 0.7030 0.26540 0.79940
0.17043 -0.86078 -0.02940 -0.1031 0.1414 -0.9846 0.80790 0.70960
0.16970 -0.84972 -0.02735 -0.1205 0.2334 -0.9649 0.80290 0.68720
0.16041 -0.85046 -0.02545 -0.3474 0.2158 -0.9126 0.81730 0.68180
0.16048 -0.86125 -0.02725 -0.3583 0.1279 -0.9248 0.82500 0.70480
0.18159 -0.86063 -0.02927 0.1446 0.1279 -0.9812 0.79040 0.71370
0.18076 -0.84921 -0.02750 0.0793 0.2028 -0.9760 0.78780 0.69200
0.17168 -0.87264 -0.03101 -0.0794 0.0148 -0.9967 0.81110 0.73360
0.18350 -0.87278 -0.03049 0.2045 0.0145 -0.9788 0.79200 0.73710
0.16062 -0.87287 -0.02866 -0.3494 0.0183 -0.9368 0.83060 0.73010
0.19156 -0.86055 -0.02633 0.4707 0.0699 -0.8795 0.77430 0.71620
0.19066 -0.84912 -0.02564 0.4049 0.1693 -0.8985 0.77410 0.69530
0.19322 -0.87284 -0.02635 0.5556 0.0064 -0.8315 0.77370 0.73930
0.16897 -0.84234 -0.02476 -0.1375 0.3244 -0.9359 0.79900 0.67340
0.16810 -0.83800 -0.02295 -0.1386 0.5884 -0.7966 0.79720 0.66780
0.16058 -0.83856 -0.02147 -0.2915 0.5491 -0.7833 0.80780 0.66290
0.16050 -0.84299 -0.02301 -0.3234 0.2930 -0.8998 0.81100 0.66750
0.17951 -0.84202 -0.02548 0.0153 0.3074 -0.9514 0.78590 0.67970
0.17764 -0.83781 -0.02375 -0.0141 0.6147 -0.7886 0.78570 0.67180
0.18851 -0.84268 -0.02493 0.3541 0.3516 -0.8666 0.77520 0.68480
0.18617 -0.83835 -0.02380 0.3037 0.6397 -0.7061 0.77580 0.67740
0.19936 -0.84677 -0.01874 0.7185 0.4261 -0.5498 0.75640 0.68680
0.19720 -0.84404 -0.01862 0.6613 0.6046 -0.4440 0.75850 0.67990
0.18752 -0.92398 0.20373 0.4371 0.0781 0.8960 0.21550 0.84560
0.18804 -0.93314 0.20400 0.3782 -0.4672 0.7992 0.20690 0.86210
0.18128 -0.93283 0.20683 0.2497 -0.4594 0.8524 0.19530 0.85310
0.18059 -0.92429 0.20598 0.2616 0.1045 0.9595 0.20540 0.83830
0.19331 -0.92489 0.20024 0.6645 0.0337 0.7465 0.22460 0.85290
0.19346 -0.93509 0.19956 0.4896 -0.5516 0.6753 0.21810 0.87270
0.18708 -0.92042 0.20343 0.3706 0.6224 0.6894 0.21870 0.83980
0.19294 -0.92133 0.20020 0.5861 0.6120 0.5310 0.22670 0.84690
0.18025 -0.92027 0.20560 0.2061 0.5831 0.7858 0.21080 0.83140
0.19852 -0.92781 0.19426 0.7986 0.0016 0.6018 0.23700 0.86400
0.19842 -0.93804 0.19296 0.5170 -0.6463 0.5613 0.23290 0.88560
0.19812 -0.92355 0.19437 0.7182 0.5586 0.4149 0.23900 0.85550
0.19800 -0.91381 -0.02861 0.5774 0.0643 -0.8139 0.77200 0.93450
0.19798 -0.92187 -0.02945 0.4356 -0.5401 -0.7201 0.77630 0.95140
0.18810 -0.91307 -0.03199 0.1945 0.0974 -0.9760 0.79170 0.92800
0.18816 -0.92111 -0.03289 0.1405 -0.5459 -0.8259 0.79730 0.94460
0.19810 -0.90576 -0.02791 0.5590 -0.0322 -0.8286 0.76790 0.91870
0.19796 -0.89487 -0.02980 0.4614 0.5466 -0.6988 0.76720 0.90000
0.18810 -0.89423 -0.03188 0.1388 0.6067 -0.7827 0.78030 0.89340
0.18813 -0.90505 -0.03127 0.1688 0.0087 -0.9856 0.78630 0.91240
0.17459 -0.91310 -0.03278 -0.0456 0.1014 -0.9938 0.81550 0.91850
0.17475 -0.92121 -0.03370 -0.0237 -0.5583 -0.8293 0.82240 0.93500
0.16157 -0.91375 -0.03090 -0.3025 0.0919 -0.9487 0.83840 0.90810
0.16179 -0.92195 -0.03183 -0.2026 -0.5572 -0.8053 0.84610 0.92460
0.17457 -0.90501 -0.03202 -0.0523 0.0439 -0.9977 0.80850 0.90280
0.17449 -0.89408 -0.03188 -0.0509 0.6088 -0.7917 0.79910 0.88300
0.16121 -0.89450 -0.02991 -0.2643 0.5764 -0.7732 0.81850 0.87060
0.16145 -0.90558 -0.03012 -0.2960 0.0446 -0.9542 0.83060 0.89180
0.19465 -0.94619 0.12867 0.0565 -0.9963 -0.0653 0.60140 0.42600
0.19409 -0.94453 0.11316 0.0436 -0.9924 -0.1147 0.62280 0.45530
0.18077 -0.94539 0.11548 0.0409 -0.9919 -0.1206 0.60270 0.46700
0.18091 -0.94711 0.13095 0.0539 -0.9963 -0.0668 0.58060 0.43840
0.20817 -0.94524 0.12627 0.0572 -0.9962 -0.0653 0.62200 0.41400
0.20749 -0.94363 0.11076 0.0478 -0.9927 -0.1107 0.64330 0.44350
0.19096 -0.94680 0.14518 0.0735 -0.9966 0.0363 0.57300 0.39990
0.20419 -0.94589 0.14288 0.0727 -0.9968 0.0334 0.59320 0.38800
0.17790 -0.94769 0.14721 0.0698 -0.9969 0.0364 0.55330 0.41210
0.22083 -0.94433 0.12374 0.0567 -0.9960 -0.0686 0.64190 0.40320
0.22091 -0.94267 0.10828 0.0516 -0.9925 -0.1106 0.66400 0.43160
0.21624 -0.94509 0.14010 0.0704 -0.9972 0.0256 0.61270 0.37840
0.19233 -0.94292 0.09941 0.0275 -0.9876 -0.1547 0.64020 0.48280
0.19033 -0.94034 0.08563 0.0036 -0.9697 -0.2441 0.65740 0.51080
0.17959 -0.94072 0.08739 0.0020 -0.9690 -0.2472 0.64130 0.52060
0.17961 -0.94360 0.10166 0.0241 -0.9861 -0.1641 0.62090 0.49400
0.20521 -0.94217 0.09707 0.0364 -0.9882 -0.1487 0.65990 0.47150
0.20233 -0.93974 0.08345 0.0136 -0.9699 -0.2430 0.67580 0.50020
0.21801 -0.94127 0.09471 0.0432 -0.9885 -0.1452 0.67970 0.46010
0.21418 -0.93894 0.08122 0.0207 -0.9699 -0.2425 0.69430 0.48970
0.19539 -0.88872 0.12800 0.3132 0.8416 0.4400 0.40010 0.74090
0.19612 -0.88093 0.11522 0.3772 0.7228 0.5791 0.43350 0.72590
0.18799 -0.88660 0.12808 0.2140 0.8505 0.4804 0.39720 0.72780
0.18868 -0.87789 0.11547 0.2501 0.7277 0.6386 0.43080 0.71180
0.19206 -0.89341 0.14130 0.2549 0.9051 0.3404 0.36690 0.74920
0.18471 -0.89190 0.14151 0.1620 0.9239 0.3466 0.36330 0.73680
0.18038 -0.88527 0.12820 0.1147 0.8539 0.5076 0.39360 0.71510
0.18013 -0.87595 0.11593 0.1335 0.7330 0.6671 0.42620 0.69770
0.17258 -0.88502 0.12872 0.0149 0.8559 0.5169 0.38820 0.70330
0.17118 -0.87553 0.11664 0.0218 0.7354 0.6773 0.41940 0.68460
0.17792 -0.89107 0.14146 0.0753 0.9329 0.3522 0.36030 0.72560
0.17106 -0.89098 0.14180 -0.0033 0.9376 0.3477 0.35580 0.71470
0.19707 -0.86989 0.10399 0.4574 0.6338 0.6238 0.46500 0.70710
0.19861 -0.86033 0.09283 0.5561 0.6073 0.5674 0.49410 0.69080
0.18949 -0.86657 0.10486 0.2829 0.6646 0.6916 0.46110 0.69320
0.19087 -0.85675 0.09467 0.3416 0.6709 0.6582 0.48770 0.67680
0.17972 -0.86464 0.10565 0.1357 0.6820 0.7187 0.45480 0.67810
0.18029 -0.85468 0.09589 0.1556 0.6911 0.7058 0.48030 0.66130
0.16979 -0.86432 0.10634 0.0097 0.6908 0.7230 0.44730 0.66430
0.17030 -0.85421 0.09645 0.0007 0.6977 0.7163 0.47290 0.64740
0.18393 -0.94067 0.18937 0.1024 -0.9443 0.3127 0.49890 0.32490
0.18282 -0.94338 0.17643 0.0879 -0.9792 0.1828 0.51670 0.35100
0.17404 -0.94389 0.17777 0.0827 -0.9789 0.1867 0.50310 0.35950
0.17648 -0.94093 0.19114 0.1063 -0.9430 0.3153 0.48630 0.33100
0.19092 -0.94061 0.18661 0.0790 -0.9565 0.2809 0.51240 0.32120
0.19181 -0.94295 0.17425 0.0888 -0.9801 0.1773 0.53170 0.34380
0.19885 -0.94080 0.18219 0.0681 -0.9737 0.2176 0.52950 0.31970
0.20225 -0.94268 0.17050 0.0851 -0.9822 0.1677 0.55090 0.33790
0.18550 -0.94568 0.16151 0.0857 -0.9876 0.1318 0.54220 0.37600
0.17447 -0.94642 0.16315 0.0807 -0.9877 0.1339 0.52540 0.38660
0.19699 -0.94495 0.15940 0.0850 -0.9882 0.1275 0.56020 0.36570
0.20923 -0.94432 0.15625 0.0828 -0.9895 0.1184 0.58060 0.35650
0.18278 -0.89544 0.17025 0.1375 0.9905 -0.0013 0.29930 0.75850
0.18383 -0.89601 0.16313 0.1562 0.9877 -0.0027 0.31470 0.75460
0.17714 -0.89495 0.17227 0.0513 0.9985 0.0194 0.29210 0.75160
0.17759 -0.89549 0.16385 0.0572 0.9984 0.0005 0.30990 0.74510
0.17171 -0.89486 0.17327 -0.0112 0.9997 0.0221 0.28660 0.74410
0.17198 -0.89547 0.16414 -0.0118 0.9999 0.0095 0.30620 0.73630
0.16628 -0.89512 0.17362 -0.0650 0.9978 0.0141 0.28220 0.73590
0.16653 -0.89579 0.16432 -0.0615 0.9980 0.0175 0.30270 0.72750
0.18704 -0.89609 0.15343 0.2075 0.9619 0.1778 0.33720 0.75220
0.18025 -0.89503 0.15365 0.1104 0.9777 0.1788 0.33340 0.74100
0.17429 -0.89454 0.15355 0.0316 0.9814 0.1896 0.33060 0.73110
0.16844 -0.89457 0.15370 -0.0276 0.9803 0.1955 0.32710 0.72160
0.19562 -0.93300 0.02954 -0.0616 -0.8620 0.5032 0.66830 0.31810
0.20554 -0.93323 0.03175 -0.0966 -0.8163 0.5696 0.65000 0.31160
0.18577 -0.93299 0.02999 0.0366 -0.8407 0.5402 0.68260 0.32930
0.17526 -0.93318 0.03079 0.1381 -0.8531 0.5032 0.69720 0.34170
0.18777 -0.93441 0.06693 -0.0099 -0.9470 -0.3210 0.68180 0.54880
0.18479 -0.92772 0.04866 -0.0061 -0.9447 -0.3279 0.70530 0.58630
0.17446 -0.92825 0.05032 -0.0065 -0.9447 -0.3280 0.68990 0.59570
0.17830 -0.93478 0.06835 -0.0077 -0.9479 -0.3184 0.66800 0.55760
0.19851 -0.93389 0.06510 -0.0044 -0.9465 -0.3228 0.69800 0.53910
0.19589 -0.92713 0.04667 0.0022 -0.9420 -0.3355 0.72230 0.57640
0.20920 -0.93320 0.06314 0.0119 -0.9437 -0.3307 0.71470 0.52950
0.20575 -0.92655 0.04485 0.0318 -0.9351 -0.3528 0.73780 0.56750
0.18532 -0.92240 0.03255 0.0444 -0.8707 0.4898 0.15810 0.89930
0.18577 -0.93299 0.02999 0.0366 -0.8407 0.5402 0.14210 0.91580
0.17526 -0.93318 0.03079 0.1381 -0.8531 0.5032 0.12830 0.90250
0.17468 -0.92268 0.03333 0.1488 -0.8474 0.5097 0.14430 0.88620
0.19539 -0.92224 0.03214 -0.0581 -0.8534 0.5181 0.17120 0.91160
0.19562 -0.93300 0.02954 -0.0616 -0.8620 0.5032 0.15500 0.92850
0.18532 -0.92240 0.03255 0.0444 -0.8707 0.4898 0.72960 0.61520
0.19539 -0.92224 0.03214 -0.0581 -0.8534 0.5181 0.74330 0.60360
0.17468 -0.92268 0.03333 0.1488 -0.8474 0.5097 0.71460 0.62690
0.20584 -0.92232 0.03448 -0.0558 -0.8979 0.4366 0.18680 0.92400
0.20554 -0.93323 0.03175 -0.0966 -0.8163 0.5696 0.17000 0.94090
0.20584 -0.92232 0.03448 -0.0558 -0.8979 0.4366 0.75370 0.58660
0.20094 -0.85093 0.08004 0.6476 0.5792 0.4950 0.52390 0.67570
0.20192 -0.84195 0.06776 0.6871 0.6260 0.3687 0.54550 0.66280
0.19227 -0.84694 0.08355 0.4045 0.6791 0.6126 0.51450 0.66040
0.19308 -0.83810 0.07262 0.4407 0.7342 0.5164 0.53340 0.64710
0.18166 -0.84446 0.08568 0.2049 0.7069 0.6770 0.50530 0.64490
0.18227 -0.83582 0.07574 0.2432 0.7706 0.5891 0.52300 0.63210
0.17153 -0.84385 0.08669 0.0175 0.7058 0.7082 0.49720 0.63110
0.17222 -0.83533 0.07803 0.0347 0.7736 0.6328 0.51490 0.61840
0.15229 -0.89920 0.18502 -0.3059 0.8664 0.3947 0.24260 0.73580
0.15301 -0.90209 0.19042 -0.3352 0.7648 0.5502 0.23600 0.74440
0.15748 -0.89896 0.18731 -0.1848 0.8835 0.4304 0.24580 0.74410
0.15882 -0.90190 0.19267 -0.1836 0.7903 0.5846 0.23940 0.75320
0.15159 -0.89755 0.17919 -0.2741 0.9466 0.1697 0.24850 0.72590
0.15623 -0.89680 0.18086 -0.1766 0.9621 0.2076 0.25280 0.73290
0.16320 -0.89869 0.18852 -0.0867 0.8910 0.4456 0.25030 0.75180
0.16488 -0.90179 0.19384 -0.0638 0.7935 0.6052 0.24370 0.76110
0.16166 -0.89622 0.18174 -0.1035 0.9684 0.2271 0.25860 0.73980
0.15384 -0.90555 0.19500 -0.3632 0.6055 0.7081 0.22970 0.75190
0.15469 -0.91004 0.19834 -0.3914 0.3871 0.8348 0.22290 0.75820
0.16011 -0.90539 0.19694 -0.1729 0.6298 0.7572 0.23360 0.76070
0.16120 -0.90979 0.19986 -0.1483 0.4444 0.8835 0.22750 0.76730
0.16656 -0.90535 0.19779 -0.0315 0.6225 0.7820 0.23830 0.76870
0.16800 -0.90966 0.20029 0.0087 0.4353 0.9002 0.23320 0.77570
0.14116 -0.86331 -0.01239 -0.8046 0.1556 -0.5731 0.35220 0.26340
0.14355 -0.85217 -0.01188 -0.8068 0.2055 -0.5539 0.37370 0.26510
0.14680 -0.86301 -0.01803 -0.6722 0.1299 -0.7288 0.35380 0.24830
0.14872 -0.85182 -0.01742 -0.6769 0.1691 -0.7164 0.37620 0.25060
0.13944 -0.87562 -0.01258 -0.8100 0.0522 -0.5842 0.32760 0.26190
0.14533 -0.87502 -0.01841 -0.6599 0.0377 -0.7504 0.32940 0.24630
0.15317 -0.86216 -0.02313 -0.5678 0.1177 -0.8147 0.35710 0.23320
0.15411 -0.85120 -0.02202 -0.5578 0.1810 -0.8100 0.37940 0.23740
0.16048 -0.86125 -0.02725 -0.3583 0.1279 -0.9248 0.36110 0.21810
0.16041 -0.85046 -0.02545 -0.3474 0.2158 -0.9126 0.38360 0.22480
0.15252 -0.87389 -0.02402 -0.5548 0.0241 -0.8316 0.33270 0.22960
0.16062 -0.87287 -0.02866 -0.3494 0.0183 -0.9368 0.33620 0.21260
0.14578 -0.84571 -0.01274 -0.7950 0.2745 -0.5410 0.38690 0.26350
0.14762 -0.84177 -0.01301 -0.7309 0.5083 -0.4555 0.39540 0.26300
0.14238 -0.84395 -0.00335 -0.8150 0.5517 -0.1770 0.38800 0.28470
0.14049 -0.84753 -0.00300 -0.9072 0.3461 -0.2392 0.38030 0.28570
0.15046 -0.84479 -0.01731 -0.6646 0.2193 -0.7143 0.39070 0.25150
0.15185 -0.84056 -0.01722 -0.6250 0.4794 -0.6161 0.39990 0.25210
0.15500 -0.84383 -0.02056 -0.5230 0.2396 -0.8180 0.39470 0.24170
0.15571 -0.83943 -0.01969 -0.4793 0.5019 -0.7199 0.40390 0.24440
0.16050 -0.84299 -0.02301 -0.3234 0.2930 -0.8998 0.39930 0.23180
0.16058 -0.83856 -0.02147 -0.2915 0.5491 -0.7833 0.40860 0.23690
0.15659 -0.92607 0.20850 -0.3186 0.0517 0.9465 0.17700 0.80810
0.15699 -0.93504 0.20903 -0.1879 -0.4681 0.8635 0.15990 0.81870
0.16357 -0.92538 0.20869 0.0273 0.0916 0.9954 0.18350 0.81790
0.16406 -0.93386 0.20965 0.0737 -0.4638 0.8829 0.16930 0.82980
0.15647 -0.92226 0.20821 -0.3629 0.5855 0.7249 0.19010 0.79860
0.16342 -0.92124 0.20835 -0.0398 0.6041 0.7959 0.19690 0.80850
0.17207 -0.92486 0.20771 0.1514 0.1064 0.9827 0.19360 0.82860
0.17269 -0.93325 0.20871 0.1650 -0.4680 0.8682 0.18170 0.84210
0.17186 -0.92057 0.20737 0.0953 0.5777 0.8107 0.20370 0.82000
0.13726 -0.90946 -0.01419 -0.8086 -0.0698 -0.5842 0.14620 0.26750
0.13626 -0.89804 -0.01583 -0.7339 0.4678 -0.4924 0.17140 0.26900
0.14389 -0.90800 -0.02005 -0.5919 -0.0279 -0.8056 0.15380 0.25120
0.14299 -0.89672 -0.02094 -0.5463 0.5159 -0.6599 0.17660 0.25640
0.13770 -0.91786 -0.01498 -0.8249 0.0066 -0.5653 0.12990 0.26440
0.13811 -0.92629 -0.01586 -0.5855 -0.6128 -0.5307 0.11270 0.26190
0.14448 -0.92464 -0.02171 -0.4095 -0.6052 -0.6827 0.12090 0.24390
0.14420 -0.91630 -0.02082 -0.6223 0.0549 -0.7808 0.13770 0.24730
0.15217 -0.90663 -0.02558 -0.4873 0.0161 -0.8731 0.16170 0.23330
0.15172 -0.89544 -0.02555 -0.4370 0.5501 -0.7116 0.18400 0.24130
0.16145 -0.90558 -0.03012 -0.2960 0.0446 -0.9542 0.16700 0.21440
0.16121 -0.89450 -0.02991 -0.2643 0.5764 -0.7732 0.19210 0.22500
0.15238 -0.91487 -0.02637 -0.5094 0.0737 -0.8574 0.14440 0.22770
0.15261 -0.92314 -0.02729 -0.3362 -0.5915 -0.7329 0.12940 0.22260
0.16179 -0.92195 -0.03183 -0.2026 -0.5572 -0.8053 0.14050 0.20160
0.16157 -0.91375 -0.03090 -0.3025 0.0919 -0.9487 0.15280 0.20770
0.13763 -0.94943 0.13516 0.0418 -0.9963 -0.0754 0.51780 0.48400
0.15213 -0.94875 0.13411 0.0442 -0.9965 -0.0712 0.53890 0.46770
0.15326 -0.94700 0.11942 0.0372 -0.9910 -0.1285 0.56160 0.49320
0.13913 -0.94767 0.12075 0.0355 -0.9911 -0.1280 0.54080 0.50840
0.13926 -0.94988 0.15186 0.0605 -0.9979 0.0231 0.49530 0.45160
0.15188 -0.94919 0.15042 0.0589 -0.9978 0.0304 0.51450 0.43820
0.16701 -0.94798 0.13293 0.0491 -0.9965 -0.0680 0.56000 0.45160
0.16742 -0.94623 0.11776 0.0390 -0.9913 -0.1256 0.58240 0.47900
0.16510 -0.94847 0.14902 0.0628 -0.9974 0.0353 0.53400 0.42440
0.14472 -0.94555 0.10723 0.0390 -0.9855 -0.1650 0.56760 0.52640
0.15595 -0.94489 0.10554 0.0308 -0.9844 -0.1733 0.58490 0.51560
0.15938 -0.94159 0.09046 0.0190 -0.9682 -0.2494 0.61120 0.53940
0.15027 -0.94223 0.09186 0.0336 -0.9688 -0.2454 0.59720 0.54800
0.16756 -0.94425 0.10365 0.0254 -0.9848 -0.1719 0.60270 0.50490
0.16933 -0.94111 0.08896 0.0075 -0.9683 -0.2498 0.62610 0.53010
0.16446 -0.88609 0.12992 -0.0950 0.8615 0.4987 0.31270 0.62680
0.16243 -0.87691 0.11765 -0.0971 0.7356 0.6704 0.33090 0.59320
0.17118 -0.87553 0.11664 0.0218 0.7354 0.6773 0.34330 0.59960
0.17258 -0.88502 0.12872 0.0149 0.8559 0.5169 0.32470 0.63160
0.15603 -0.88838 0.13128 -0.2282 0.8602 0.4561 0.30010 0.62340
0.15458 -0.87987 0.11899 -0.2304 0.7324 0.6408 0.31840 0.59000
0.16332 -0.89163 0.14297 -0.0919 0.9420 0.3228 0.29990 0.65880
0.15531 -0.89325 0.14440 -0.2181 0.9344 0.2817 0.28720 0.65580
0.17106 -0.89098 0.14180 -0.0033 0.9376 0.3477 0.31180 0.66280
0.14806 -0.89171 0.13269 -0.3621 0.8442 0.3952 0.28740 0.62140
0.14772 -0.88414 0.12056 -0.3761 0.7273 0.5741 0.30530 0.58940
0.14782 -0.89594 0.14567 -0.3539 0.9030 0.2436 0.27420 0.65310
0.16110 -0.86576 0.10707 -0.1239 0.6941 0.7091 0.35500 0.56260
0.16139 -0.85563 0.09693 -0.1695 0.7042 0.6894 0.37480 0.54160
0.17030 -0.85421 0.09645 0.0007 0.6977 0.7163 0.38490 0.55120
0.16979 -0.86432 0.10634 0.0097 0.6908 0.7230 0.36660 0.56990
0.15347 -0.86880 0.10809 -0.2905 0.6863 0.6667 0.34310 0.55900
0.15361 -0.85885 0.09746 -0.3749 0.6878 0.6216 0.36460 0.53410
0.14743 -0.87333 0.10944 -0.4779 0.6557 0.5845 0.33070 0.55890
0.14763 -0.86370 0.09794 -0.5865 0.6248 0.5154 0.35380 0.52970
0.15118 -0.94259 0.19422 0.1326 -0.9485 0.2877 0.44720 0.35780
0.15890 -0.94190 0.19368 0.1026 -0.9446 0.3117 0.45860 0.34870
0.15476 -0.94494 0.18056 0.0917 -0.9780 0.1874 0.47300 0.37870
0.14601 -0.94557 0.18192 0.1007 -0.9779 0.1830 0.45900 0.38750
0.16770 -0.94134 0.19257 0.1000 -0.9444 0.3132 0.47230 0.33950
0.16438 -0.94439 0.17913 0.0830 -0.9785 0.1891 0.48820 0.36910
0.14241 -0.94834 0.16826 0.0850 -0.9883 0.1264 0.47500 0.41750
0.15269 -0.94770 0.16656 0.0789 -0.9880 0.1328 0.49150 0.40750
0.16350 -0.94707 0.16484 0.0765 -0.9878 0.1353 0.50850 0.39710
0.16073 -0.89568 0.17369 -0.1156 0.9933 0.0061 0.26720 0.72410
0.16087 -0.89627 0.16472 -0.1115 0.9936 0.0204 0.27690 0.70590
0.16653 -0.89579 0.16432 -0.0615 0.9980 0.0175 0.28600 0.70990
0.16628 -0.89512 0.17362 -0.0650 0.9978 0.0141 0.27560 0.72940
0.15542 -0.89649 0.17357 -0.1761 0.9844 -0.0031 0.25960 0.71920
0.15519 -0.89706 0.16540 -0.1902 0.9817 0.0115 0.26740 0.70250
0.15079 -0.89751 0.17331 -0.2875 0.9577 -0.0122 0.25310 0.71480
0.14979 -0.89827 0.16645 -0.3236 0.9462 -0.0021 0.25770 0.70020
0.16192 -0.89500 0.15452 -0.0922 0.9780 0.1873 0.28820 0.68490
0.16844 -0.89457 0.15370 -0.0276 0.9803 0.1955 0.29870 0.68850
0.15511 -0.89611 0.15576 -0.1999 0.9664 0.1618 0.27670 0.68200
0.14855 -0.89815 0.15724 -0.3433 0.9298 0.1326 0.26440 0.67990
0.14608 -0.93629 0.04308 0.3487 -0.7802 0.5193 0.72280 0.39450
0.15310 -0.93543 0.03938 0.3349 -0.8015 0.4955 0.71770 0.38040
0.16193 -0.93159 0.02051 0.0442 -0.9849 -0.1676 0.73300 0.33750
0.16347 -0.93419 0.03460 0.2772 -0.8235 0.4950 0.70930 0.36090
0.15304 -0.93609 0.07191 0.0029 -0.9477 -0.3190 0.63050 0.58180
0.16058 -0.93558 0.07080 0.0089 -0.9491 -0.3149 0.64200 0.57450
0.15601 -0.92928 0.05305 -0.0139 -0.9368 -0.3495 0.66210 0.61330
0.14901 -0.92971 0.05414 -0.0243 -0.9343 -0.3556 0.65120 0.62010
0.16925 -0.93515 0.06959 -0.0008 -0.9488 -0.3160 0.65480 0.56620
0.16482 -0.92878 0.05177 -0.0103 -0.9423 -0.3346 0.67540 0.60480
0.14519 -0.92542 0.04486 0.3275 -0.8554 0.4012 0.10540 0.84420
0.15241 -0.92469 0.04163 0.3168 -0.8523 0.4161 0.11510 0.85500
0.15310 -0.93543 0.03938 0.3349 -0.8015 0.4955 0.09810 0.87060
0.14608 -0.93629 0.04308 0.3487 -0.7802 0.5193 0.08820 0.85950
0.14519 -0.92542 0.04486 0.3275 -0.8554 0.4012 0.65980 0.64270
0.15241 -0.92469 0.04163 0.3168 -0.8523 0.4161 0.67390 0.63940
0.16288 -0.92359 0.03693 0.2718 -0.8446 0.4613 0.12910 0.87040
0.16347 -0.93419 0.03460 0.2772 -0.8235 0.4950 0.11250 0.88620
0.16288 -0.92359 0.03693 0.2718 -0.8446 0.4613 0.69420 0.63490
0.16232 -0.84541 0.08686 -0.2020 0.6975 0.6876 0.39290 0.52830
0.16298 -0.83736 0.07918 -0.2284 0.7467 0.6247 0.40810 0.51720
0.17222 -0.83533 0.07803 0.0347 0.7736 0.6328 0.41790 0.52850
0.17153 -0.84385 0.08669 0.0175 0.7058 0.7082 0.40250 0.53940
0.15400 -0.84894 0.08656 -0.4308 0.6661 0.6089 0.38350 0.51700
0.15424 -0.84118 0.07841 -0.4754 0.6898 0.5461 0.39790 0.50460
0.14729 -0.85427 0.08595 -0.6503 0.5839 0.4861 0.37300 0.50700
0.14726 -0.84659 0.07709 -0.6841 0.5920 0.4260 0.38580 0.49150
0.20900 -0.85351 -0.00289 0.9064 0.3698 -0.2040 0.71970 0.69390
0.20782 -0.85115 -0.00227 0.8210 0.5564 -0.1276 0.71960 0.68970
0.21270 -0.86021 0.01691 0.9792 0.1934 -0.0618 0.67500 0.70250
0.21182 -0.85688 0.01719 0.8899 0.4540 -0.0445 0.67570 0.69400
0.21338 -0.85970 0.04378 0.9879 0.1516 0.0339 0.61250 0.70300
0.21219 -0.85377 0.04405 0.9124 0.4092 -0.0015 0.61210 0.68920
0.13749 -0.85227 0.01233 -0.9448 0.3205 -0.0678 0.36990 0.31900
0.13895 -0.84898 0.01233 -0.8291 0.5589 0.0144 0.37710 0.31870
0.13442 -0.85805 0.03069 -0.9684 0.2483 -0.0248 0.36130 0.35970
0.13556 -0.85464 0.03064 -0.8639 0.5035 0.0118 0.36850 0.35990
0.13454 -0.85984 0.05529 -0.9611 0.2565 0.1028 0.35830 0.41530
0.13620 -0.85480 0.05519 -0.8824 0.4587 0.1050 0.36790 0.41710
0.13812 -0.85234 0.05451 -0.0213 0.9904 -0.1368 0.37320 0.41720
0.13747 -0.85274 0.03026 0.0900 0.9826 0.1627 0.37370 0.35960
0.14231 -0.84863 0.06730 -0.1969 0.9172 -0.3463 0.37910 0.45850
0.14026 -0.85700 0.05302 0.8680 0.4685 -0.1646 0.38460 0.41100
0.14421 -0.85316 0.06625 0.7530 0.3955 -0.5259 0.38750 0.44830
0.14024 -0.85763 0.02933 0.8769 0.4568 0.1497 0.38730 0.36010
0.14075 -0.84726 0.01267 0.0708 0.9407 0.3318 0.38200 0.31940
0.14393 -0.84208 -0.00227 -0.0410 0.9656 0.2569 0.39280 0.28680
0.14332 -0.85217 0.01294 0.8243 0.4634 0.3252 0.39250 0.32480
0.14597 -0.84631 -0.00009 0.7712 0.5003 0.3936 0.39970 0.29460
0.21000 -0.85109 0.04362 0.0658 0.9494 -0.3072 0.61340 0.68210
0.20650 -0.84457 0.05487 0.1300 0.8853 -0.4464 0.57640 0.66960
0.20980 -0.85481 0.01728 -0.0123 0.9959 0.0897 0.67660 0.68850
0.20747 -0.85555 0.04256 -0.8335 0.5105 -0.2112 0.62030 0.67350
0.20677 -0.85929 0.01707 -0.8288 0.5424 0.1374 0.67660 0.67720
0.20431 -0.84935 0.05494 -0.7482 0.3953 -0.5328 0.58520 0.66340
0.20608 -0.84877 -0.00141 0.1831 0.9387 0.2922 0.71980 0.68220
0.19559 -0.84172 -0.01673 0.3145 0.9135 0.2579 0.75600 0.67560
0.20382 -0.85262 -0.00033 -0.6882 0.5630 0.4576 0.71500 0.67250
0.19542 -0.84454 -0.01359 -0.4253 0.5722 0.7013 0.74770 0.66750
0.16328 -0.83457 0.07534 -0.2778 0.7926 -0.5428 0.41450 0.51070
0.15461 -0.83834 0.07455 -0.2748 0.7615 -0.5870 0.40430 0.49870
0.17222 -0.83249 0.07401 -0.1988 0.8358 -0.5117 0.42480 0.52110
0.16390 -0.84026 0.07765 0.1015 -0.3378 -0.9357 0.42300 0.50050
0.17229 -0.83829 0.07594 -0.1699 -0.3240 -0.9307 0.43370 0.51000
0.15595 -0.84379 0.07666 0.3305 -0.2108 -0.9200 0.41150 0.48910
0.14782 -0.84355 0.07306 -0.3036 0.8202 -0.4848 0.39260 0.48430
0.14949 -0.84859 0.07362 0.5510 0.1095 -0.8273 0.39950 0.47410
0.15636 -0.83781 -0.01814 -0.1024 0.9663 0.2362 0.40850 0.24710
0.16088 -0.83696 -0.01960 -0.0640 0.9626 0.2633 0.41340 0.24050
0.15279 -0.83893 -0.01588 -0.0687 0.9732 0.2196 0.40460 0.25440
0.15741 -0.84274 -0.01674 0.3652 0.3381 0.8674 0.41730 0.25450
0.15382 -0.84369 -0.01407 0.5610 0.4121 0.7179 0.41370 0.26190
0.14879 -0.84006 -0.01160 -0.0408 0.9809 0.1904 0.40000 0.26570
0.15005 -0.84459 -0.00930 0.6970 0.4846 0.5285 0.40840 0.27370
0.18185 -0.83290 0.07137 -0.0679 0.8390 -0.5398 0.53050 0.62640
0.17222 -0.83249 0.07401 -0.1988 0.8358 -0.5117 0.52290 0.61320
0.19237 -0.83547 0.06874 0.0553 0.8949 -0.4429 0.54070 0.64070
0.18131 -0.83865 0.07326 -0.3023 -0.2312 -0.9248 0.54080 0.62260
0.19084 -0.84057 0.06951 -0.4199 -0.0228 -0.9073 0.55030 0.63690
0.17229 -0.83829 0.07594 -0.1699 -0.3240 -0.9307 0.53420 0.60950
0.20103 -0.83932 0.06373 0.1791 0.8963 -0.4056 0.55410 0.65560
0.19895 -0.84406 0.06358 -0.6215 0.2381 -0.7464 0.56370 0.65080
0.16792 -0.83640 -0.02083 -0.0286 0.9599 0.2788 0.79450 0.66140
0.17674 -0.83624 -0.02147 0.0076 0.9588 0.2840 0.78440 0.66670
0.17749 -0.84120 -0.01977 0.0256 0.3300 0.9436 0.77590 0.65530
0.16880 -0.84148 -0.01942 0.0897 0.2916 0.9523 0.78650 0.64790
0.18483 -0.83672 -0.02153 0.1489 0.9672 0.2058 0.77420 0.67170
0.18559 -0.84208 -0.01936 -0.1418 0.4586 0.8772 0.76640 0.66200
0.23032 -0.92729 0.12258 0.3101 0.9407 0.1375 0.40340 0.91300
0.22702 -0.92620 0.12243 0.7877 0.5888 0.1811 0.40470 0.90680
0.22725 -0.92442 0.10779 0.7859 0.6163 -0.0513 0.43930 0.90980
0.23083 -0.92554 0.10745 0.3028 0.9502 0.0732 0.43840 0.91660
0.22528 -0.92804 0.13776 0.3378 0.9298 0.1458 0.36890 0.90450
0.22222 -0.92696 0.13719 0.7758 0.5549 0.3004 0.37090 0.89850
0.22729 -0.91855 0.12355 0.9868 -0.0221 0.1603 0.41850 0.82910
0.22766 -0.91656 0.10947 0.9907 0.0246 -0.1341 0.45110 0.82480
0.22278 -0.91970 0.13773 0.9370 -0.0736 0.3415 0.38600 0.83050
0.22639 -0.92373 0.09339 0.3051 0.9510 0.0510 0.47360 0.91530
0.22259 -0.92255 0.09412 0.7708 0.6091 -0.1868 0.47420 0.90790
0.21642 -0.91940 0.07980 0.8025 0.5806 -0.1375 0.51210 0.90310
0.22042 -0.92065 0.07883 0.3183 0.9370 0.1442 0.51200 0.91120
0.22340 -0.91434 0.09613 0.9447 0.0213 -0.3274 0.48420 0.81910
0.21803 -0.91097 0.08255 0.9380 -0.0340 -0.3451 0.51880 0.81120
0.13560 -0.92974 0.10910 -0.4459 0.8944 -0.0363 0.14360 0.57040
0.13888 -0.92813 0.10894 -0.8431 0.4450 -0.3020 0.15110 0.56970
0.13120 -0.93050 0.12259 -0.8308 0.4991 -0.2465 0.14870 0.60740
0.12784 -0.93209 0.12323 -0.4355 0.8999 -0.0239 0.14140 0.60700
0.14308 -0.92559 0.09199 -0.4612 0.8762 0.1399 0.14850 0.52700
0.14600 -0.92401 0.09222 -0.9304 0.3550 -0.0906 0.15590 0.52890
0.13539 -0.92033 0.11197 -0.8908 -0.1866 -0.4144 0.22270 0.55170
0.12941 -0.92282 0.12442 -0.9482 -0.1085 -0.2987 0.21270 0.58280
0.14091 -0.91642 0.09689 -0.8887 -0.3376 -0.3103 0.23570 0.51420
0.12568 -0.93382 0.13720 -0.4347 0.8978 0.0708 0.14240 0.63610
0.12879 -0.93228 0.13589 -0.8641 0.5031 0.0150 0.15010 0.63460
0.13079 -0.93274 0.15106 -0.8708 0.4614 0.1698 0.15510 0.67060
0.12839 -0.93421 0.15316 -0.4700 0.8779 0.0917 0.14840 0.67420
0.12765 -0.92490 0.13737 -0.9927 -0.1204 -0.0106 0.20410 0.61250
0.12971 -0.92563 0.15230 -0.9694 -0.1400 0.2016 0.19800 0.64690
0.20549 -0.92487 0.17597 0.3854 0.9190 0.0827 0.28080 0.86870
0.20236 -0.92377 0.17513 0.7747 0.5177 0.3631 0.28330 0.86250
0.20922 -0.92537 0.16341 0.7657 0.5247 0.3720 0.31040 0.87550
0.21231 -0.92645 0.16418 0.3792 0.9188 0.1093 0.30810 0.88160
0.20024 -0.92338 0.18571 0.3784 0.9221 0.0808 0.25850 0.85840
0.19714 -0.92223 0.18460 0.7448 0.5414 0.3901 0.26140 0.85220
0.20347 -0.91808 0.17527 0.8486 -0.1168 0.5160 0.29880 0.82100
0.21033 -0.91943 0.16361 0.8576 -0.1320 0.4972 0.32590 0.82660
0.19791 -0.91654 0.18483 0.8155 -0.0632 0.5754 0.27760 0.81430
0.21915 -0.92761 0.15161 0.3689 0.9205 0.1288 0.33710 0.89390
0.21615 -0.92655 0.15087 0.7675 0.5409 0.3440 0.33930 0.88790
0.21703 -0.91998 0.15118 0.8942 -0.1144 0.4328 0.35500 0.82970
0.13305 -0.93305 0.16843 -0.5338 0.8420 0.0788 0.15980 0.70690
0.13490 -0.93167 0.16618 -0.8735 0.4275 0.2331 0.16540 0.70390
0.13956 -0.92937 0.17874 -0.8686 0.4015 0.2902 0.17550 0.72890
0.13802 -0.93069 0.18093 -0.5909 0.8013 0.0936 0.16990 0.73240
0.13368 -0.92441 0.16664 -0.9347 -0.1384 0.3274 0.19640 0.68080
0.13821 -0.92192 0.17844 -0.8964 -0.1098 0.4294 0.19870 0.70910
0.14396 -0.92768 0.19188 -0.6021 0.7856 0.1428 0.17980 0.75660
0.14489 -0.92637 0.18938 -0.8337 0.3962 0.3847 0.18380 0.75260
0.15084 -0.92369 0.19756 -0.7368 0.4653 0.4904 0.19400 0.77540
0.15056 -0.92469 0.20094 -0.5387 0.8303 0.1430 0.18950 0.77900
0.14345 -0.91926 0.18857 -0.8331 -0.0572 0.5502 0.20320 0.73310
0.14946 -0.91695 0.19634 -0.6939 0.0563 0.7179 0.20930 0.75190
0.20762 -0.88623 -0.00083 0.9515 -0.1288 -0.2795 0.71100 0.76550
0.21059 -0.88979 0.01718 0.9750 -0.1650 -0.1488 0.66960 0.77020
0.20653 -0.89355 -0.00095 0.9545 -0.1397 -0.2634 0.71200 0.78030
0.20615 -0.89628 -0.00107 0.8485 0.5147 -0.1231 0.71260 0.78600
0.20843 -0.89889 0.01549 0.8851 0.4651 -0.0145 0.67370 0.78930
0.20902 -0.89640 0.01598 0.9708 -0.1882 -0.1486 0.67250 0.78410
0.20140 -0.89191 -0.01509 0.8583 -0.1228 -0.4983 0.74680 0.77780
0.20122 -0.89467 -0.01478 0.7446 0.5854 -0.3209 0.74660 0.78360
0.20198 -0.88454 -0.01592 0.8521 -0.0853 -0.5164 0.74750 0.76290
0.13353 -0.90084 0.00999 -0.4871 0.8625 0.1371 0.16900 0.31720
0.13568 -0.89991 0.01150 -0.9118 0.4042 0.0719 0.17640 0.31940
0.13620 -0.90256 0.02721 -0.9183 0.3586 0.1674 0.17770 0.36070
0.13401 -0.90373 0.02629 -0.4916 0.8454 0.2090 0.17270 0.35900
0.13379 -0.89069 0.01204 -0.9921 -0.1170 -0.0451 0.29670 0.31640
0.13436 -0.89439 0.02867 -0.9802 -0.1965 0.0237 0.28910 0.35400
0.13500 -0.88794 -0.00311 -0.9595 -0.0755 -0.2713 0.30230 0.28190
0.21230 -0.89452 0.03932 0.9772 -0.2054 -0.0540 0.62030 0.77820
0.21113 -0.89931 0.05162 0.9755 -0.1970 -0.0977 0.59320 0.78760
0.21082 -0.90077 0.03716 0.9650 -0.2563 -0.0553 0.62500 0.79120
0.21009 -0.90307 0.03621 0.9023 0.4052 0.1471 0.62710 0.79600
0.20845 -0.90727 0.04604 0.8955 0.4047 0.1851 0.60580 0.80420
0.20921 -0.90511 0.04754 0.9646 -0.2465 -0.0940 0.60240 0.79970
0.21333 -0.90544 0.06787 0.9590 -0.1114 -0.2606 0.55520 0.79960
0.21144 -0.91141 0.06461 0.9523 -0.1379 -0.2724 0.56310 0.81190
0.21074 -0.91367 0.06338 0.8667 0.4986 -0.0147 0.56600 0.81650
0.13771 -0.90832 0.04855 -0.4112 0.8182 0.4019 0.17040 0.40980
0.13983 -0.90690 0.04737 -0.9047 0.2735 0.3268 0.17570 0.40770
0.14373 -0.91095 0.05659 -0.8922 0.2383 0.3837 0.17380 0.43470
0.14134 -0.91225 0.05665 -0.3837 0.7956 0.4688 0.16910 0.43510
0.13677 -0.89908 0.04998 -0.9423 -0.3227 0.0891 0.27900 0.40220
0.14086 -0.90346 0.06259 -0.9116 -0.4105 0.0242 0.26830 0.43280
0.14489 -0.91902 0.07348 -0.4485 0.8283 0.3357 0.16060 0.47760
0.14729 -0.91763 0.07356 -0.9476 0.2669 0.1755 0.16720 0.47800
0.14260 -0.91024 0.07948 -0.8960 -0.4168 -0.1532 0.25250 0.47270
0.18525 -0.91947 0.20179 0.1580 0.9747 0.1581 0.22080 0.83530
0.18303 -0.91930 0.19927 0.4031 0.6795 0.6130 0.22490 0.82920
0.18793 -0.92018 0.19569 0.6014 0.6294 0.4922 0.23520 0.83620
0.19061 -0.92053 0.19835 0.2669 0.9630 0.0378 0.22990 0.84210
0.17880 -0.91926 0.20382 0.0578 0.9662 0.2512 0.21470 0.82500
0.17719 -0.91902 0.20150 0.1847 0.6869 0.7029 0.21690 0.81890
0.18204 -0.91426 0.19943 0.3887 0.2225 0.8941 0.24320 0.79660
0.18741 -0.91488 0.19646 0.5885 0.1355 0.7970 0.25140 0.80240
0.17607 -0.91404 0.20110 0.2000 0.2615 0.9443 0.23570 0.79030
0.19543 -0.92222 0.19286 0.3430 0.9384 0.0430 0.24230 0.84990
0.19249 -0.92122 0.19083 0.6907 0.5757 0.4377 0.24700 0.84380
0.19260 -0.91564 0.19156 0.7276 0.0263 0.6855 0.26260 0.80830
0.17261 -0.88313 -0.03008 -0.0583 -0.1858 -0.9809 0.81200 0.75490
0.18476 -0.88340 -0.02927 0.2188 -0.1624 -0.9622 0.79130 0.75780
0.17342 -0.89026 -0.02793 -0.0455 -0.2839 -0.9578 0.81140 0.77060
0.17374 -0.89293 -0.02715 -0.0405 0.5092 -0.8597 0.81110 0.77660
0.18587 -0.89323 -0.02637 0.2069 0.5723 -0.7935 0.78880 0.77870
0.18554 -0.89055 -0.02718 0.2074 -0.2507 -0.9456 0.78960 0.77280
0.16177 -0.89036 -0.02618 -0.2771 -0.2703 -0.9220 0.83300 0.76930
0.16206 -0.89302 -0.02543 -0.2769 0.4732 -0.8363 0.83290 0.77540
0.16108 -0.88327 -0.02806 -0.3152 -0.1663 -0.9343 0.83280 0.75300
0.19422 -0.88367 -0.02528 0.5827 -0.1029 -0.8061 0.77280 0.76010
0.19466 -0.89099 -0.02357 0.5810 -0.1768 -0.7945 0.77090 0.77510
0.19468 -0.89375 -0.02289 0.5249 0.6234 -0.5795 0.77000 0.78100
0.15682 -0.92170 0.20565 -0.3414 0.9258 0.1622 0.19560 0.79250
0.15689 -0.92136 0.20234 -0.4876 0.6281 0.6064 0.19950 0.78800
0.16304 -0.92008 0.20324 -0.1408 0.6948 0.7053 0.20550 0.80100
0.16332 -0.92037 0.20608 -0.1278 0.9641 0.2326 0.20200 0.80410
0.15584 -0.91558 0.20090 -0.4082 0.2211 0.8857 0.21480 0.76510
0.16225 -0.91478 0.20212 -0.1121 0.3024 0.9466 0.22060 0.77410
0.17103 -0.91960 0.20525 -0.0250 0.9617 0.2729 0.20850 0.81540
0.17012 -0.91930 0.20280 0.0332 0.6880 0.7249 0.21140 0.81010
0.16920 -0.91425 0.20202 0.0540 0.2875 0.9563 0.22780 0.78260
0.13928 -0.88635 -0.01226 -0.8017 -0.0700 -0.5936 0.30580 0.26080
0.14520 -0.88533 -0.01800 -0.6323 -0.0939 -0.7690 0.30830 0.24510
0.13963 -0.89353 -0.01132 -0.7926 -0.1312 -0.5955 0.29170 0.26120
0.13975 -0.89622 -0.01094 -0.7544 0.5264 -0.3922 0.28650 0.26130
0.14579 -0.89474 -0.01656 -0.5970 0.4941 -0.6320 0.28950 0.24520
0.14564 -0.89217 -0.01698 -0.6019 -0.1674 -0.7809 0.29460 0.24510
0.13555 -0.89522 -0.00252 -0.9580 -0.1368 -0.2519 0.28790 0.28190
0.13593 -0.89793 -0.00231 -0.8697 0.4863 -0.0847 0.28260 0.28190
0.15269 -0.88414 -0.02353 -0.5160 -0.1301 -0.8467 0.31130 0.22790
0.16108 -0.88327 -0.02806 -0.3152 -0.1663 -0.9343 0.31380 0.21030
0.15328 -0.89104 -0.02218 -0.4717 -0.2204 -0.8538 0.29710 0.22770
0.15351 -0.89363 -0.02162 -0.4693 0.4643 -0.7511 0.29190 0.22780
0.16206 -0.89302 -0.02543 -0.2769 0.4732 -0.8363 0.29290 0.21040
0.16177 -0.89036 -0.02618 -0.2771 -0.2703 -0.9220 0.29840 0.21030
0.23416 -0.94337 0.12106 0.7374 -0.6722 0.0661 0.66330 0.39140
0.23471 -0.94164 0.10568 0.7540 -0.6374 -0.1588 0.68600 0.41910
0.22894 -0.94427 0.13703 0.6754 -0.6960 0.2437 0.63380 0.36820
0.23111 -0.94026 0.09226 0.6951 -0.6456 -0.3164 0.70050 0.44820
0.22555 -0.93832 0.07942 0.6278 -0.6726 -0.3917 0.71190 0.47870
0.18804 -0.93314 0.20400 0.3782 -0.4672 0.7992 0.48140 0.28880
0.19346 -0.93509 0.19956 0.4896 -0.5516 0.6753 0.49590 0.29140
0.18128 -0.93283 0.20683 0.2497 -0.4594 0.8524 0.46790 0.29200
0.20836 -0.94108 0.17666 0.6045 -0.6707 0.4298 0.55020 0.31840
0.21442 -0.94243 0.16572 0.6067 -0.6789 0.4136 0.57390 0.33180
0.19842 -0.93804 0.19296 0.5170 -0.6463 0.5613 0.51310 0.29900
0.20353 -0.93984 0.18547 0.5828 -0.6630 0.4699 0.53110 0.30740
0.22187 -0.94371 0.15231 0.6351 -0.6863 0.3543 0.60290 0.34820
0.19798 -0.92187 -0.02945 0.4356 -0.5401 -0.7201 0.75430 0.21050
0.18816 -0.92111 -0.03289 0.1405 -0.5459 -0.8259 0.77470 0.21570
0.21088 -0.92641 -0.00636 0.7186 -0.6343 -0.2849 0.70000 0.23850
0.20557 -0.92403 -0.01946 0.6449 -0.5966 -0.4777 0.72780 0.22020
0.21419 -0.93343 0.03324 0.5612 -0.6584 0.5015 0.63470 0.30510
0.21189 -0.92985 0.01046 0.6748 -0.7161 -0.1787 0.67230 0.26680
0.17475 -0.92121 -0.03370 -0.0237 -0.5583 -0.8293 0.79610 0.22730
0.16179 -0.92195 -0.03183 -0.2026 -0.5572 -0.8053 0.81310 0.24450
0.21981 -0.93243 0.06116 0.6487 -0.6371 -0.4162 0.73160 0.51990
0.21441 -0.92475 0.04244 0.6416 -0.6881 -0.3389 0.75310 0.56160
0.21471 -0.92174 0.03391 0.9124 -0.3954 0.1056 0.19890 0.93380
0.21419 -0.93343 0.03324 0.5612 -0.6584 0.5015 0.18250 0.95180
0.21471 -0.92174 0.03391 0.9124 -0.3954 0.1056 0.76600 0.57700
0.12588 -0.94833 0.12252 -0.6658 -0.6811 -0.3046 0.51980 0.52220
0.12414 -0.95010 0.13685 -0.6824 -0.7304 -0.0308 0.49530 0.50020
0.12741 -0.95058 0.15383 -0.6221 -0.7621 0.1796 0.47450 0.46550
0.14158 -0.94318 0.09367 -0.5211 -0.7641 -0.3803 0.58280 0.55560
0.13299 -0.94628 0.10905 -0.5675 -0.7093 -0.4181 0.54900 0.53790
0.13747 -0.94625 0.18325 -0.5569 -0.7137 0.4249 0.44520 0.39630
0.14378 -0.94336 0.19449 -0.4732 -0.7003 0.5345 0.43650 0.36710
0.15699 -0.93504 0.20903 -0.1879 -0.4681 0.8635 0.43060 0.31970
0.16406 -0.93386 0.20965 0.0737 -0.4638 0.8829 0.43990 0.30910
0.15060 -0.93891 0.20417 -0.3706 -0.6150 0.6960 0.42990 0.33880
0.17269 -0.93325 0.20871 0.1650 -0.4680 0.8682 0.45340 0.29960
0.13239 -0.94901 0.17013 -0.5823 -0.7493 0.3152 0.45820 0.42720
0.13811 -0.92629 -0.01586 -0.5855 -0.6128 -0.5307 0.82500 0.29860
0.13443 -0.92863 -0.00531 -0.7087 -0.6667 -0.2308 0.81460 0.32140
0.13463 -0.93079 0.00906 -0.6941 -0.7148 -0.0858 0.79250 0.34670
0.14448 -0.92464 -0.02171 -0.4095 -0.6052 -0.6827 0.82420 0.28120
0.13656 -0.93427 0.02732 -0.6533 -0.7569 -0.0167 0.76170 0.37700
0.14065 -0.93700 0.04616 -0.2902 -0.6850 0.6683 0.72650 0.40580
0.15853 -0.92837 -0.00174 0.0430 -0.9827 -0.1802 0.77190 0.30150
0.15261 -0.92314 -0.02729 -0.3362 -0.5915 -0.7329 0.82020 0.26250
0.14293 -0.92887 0.05433 -0.5903 -0.7960 -0.1336 0.64320 0.62790
0.14536 -0.93668 0.07313 -0.5750 -0.7672 -0.2844 0.61860 0.58900
0.14065 -0.93700 0.04616 -0.2902 -0.6850 0.6683 0.08020 0.85060
0.13898 -0.92718 0.04714 -0.7688 -0.4883 0.4130 0.09520 0.83650
0.13898 -0.92718 0.04714 -0.7688 -0.4883 0.4130 0.64750 0.64630
0.16185 -0.84201 -0.01831 0.1977 0.2900 0.9364 0.42210 0.24830
0.16088 -0.83696 -0.01960 -0.0640 0.9626 0.2633 0.80390 0.65540
0.16185 -0.84201 -0.01831 0.1977 0.2900 0.9364 0.79550 0.64190
0.22710 -0.92411 0.12273 0.9849 -0.0684 0.1590 0.42080 0.84040
0.22737 -0.92226 0.10825 0.9879 -0.0243 -0.1533 0.45450 0.83650
0.22725 -0.92442 0.10779 0.7859 0.6163 -0.0513 0.45580 0.84090
0.22702 -0.92620 0.12243 0.7877 0.5888 0.1811 0.42170 0.84470
0.22222 -0.92696 0.13719 0.7758 0.5549 0.3004 0.38760 0.84550
0.22237 -0.92498 0.13733 0.9307 -0.1039 0.3507 0.38710 0.84140
0.22281 -0.92029 0.09467 0.9354 -0.0106 -0.3534 0.48820 0.83140
0.21684 -0.91709 0.08056 0.9285 -0.0523 -0.3677 0.52400 0.82380
0.21642 -0.91940 0.07980 0.8025 0.5806 -0.1375 0.52590 0.82850
0.22259 -0.92255 0.09412 0.7708 0.6091 -0.1868 0.48970 0.83600
0.13794 -0.92598 0.10977 -0.8664 -0.2052 -0.4552 0.21110 0.54440
0.13067 -0.92840 0.12310 -0.9296 -0.1495 -0.3370 0.20150 0.57770
0.13120 -0.93050 0.12259 -0.8308 0.4991 -0.2465 0.19730 0.57580
0.13888 -0.92813 0.10894 -0.8431 0.4450 -0.3020 0.20680 0.54170
0.14600 -0.92401 0.09222 -0.9304 0.3550 -0.0906 0.21960 0.50110
0.14473 -0.92189 0.09351 -0.8845 -0.3389 -0.3207 0.22400 0.50460
0.12847 -0.93027 0.13629 -0.9859 -0.1650 -0.0280 0.19340 0.60810
0.13049 -0.93080 0.15140 -0.9633 -0.1801 0.1991 0.18760 0.64310
0.13079 -0.93274 0.15106 -0.8708 0.4614 0.1698 0.18370 0.64170
0.12879 -0.93228 0.13589 -0.8641 0.5031 0.0150 0.18940 0.60640
0.20266 -0.92221 0.17517 0.8446 -0.1654 0.5093 0.29800 0.82930
0.20952 -0.92375 0.16347 0.8506 -0.1655 0.4991 0.32560 0.83540
0.20922 -0.92537 0.16341 0.7657 0.5247 0.3720 0.32550 0.83880
0.20236 -0.92377 0.17513 0.7747 0.5177 0.3631 0.29760 0.83250
0.19714 -0.92223 0.18460 0.7448 0.5414 0.3901 0.27580 0.82540
0.19734 -0.92069 0.18466 0.8178 -0.1382 0.5587 0.27630 0.82230
0.21638 -0.92475 0.15096 0.8865 -0.1383 0.4416 0.35530 0.83950
0.21615 -0.92655 0.15087 0.7675 0.5409 0.3440 0.35540 0.84320
0.13456 -0.92967 0.16630 -0.9297 -0.1750 0.3240 0.18570 0.67870
0.13919 -0.92733 0.17865 -0.8923 -0.1481 0.4265 0.18790 0.70900
0.13956 -0.92937 0.17874 -0.8686 0.4015 0.2902 0.18370 0.70890
0.13490 -0.93167 0.16618 -0.8735 0.4275 0.2331 0.18160 0.67800
0.14450 -0.92443 0.18916 -0.8321 -0.1029 0.5451 0.19320 0.73500
0.15048 -0.92184 0.19729 -0.7074 -0.0196 0.7065 0.20040 0.75580
0.15084 -0.92369 0.19756 -0.7368 0.4653 0.4904 0.19690 0.75710
0.14489 -0.92637 0.18938 -0.8337 0.3962 0.3847 0.18930 0.73570
0.20858 -0.89712 -0.00365 0.3595 0.9321 0.0454 0.70980 0.89730
0.21092 -0.89982 0.01305 0.3946 0.9123 0.1099 0.67160 0.89680
0.20843 -0.89889 0.01549 0.8851 0.4651 -0.0145 0.66730 0.89050
0.20615 -0.89628 -0.00107 0.8485 0.5147 -0.1231 0.70550 0.89120
0.20327 -0.89537 -0.01814 0.2640 0.9640 -0.0307 0.74300 0.89680
0.20122 -0.89467 -0.01478 0.7446 0.5854 -0.3209 0.73770 0.89090
0.13421 -0.89873 -0.00446 -0.4442 0.8950 0.0411 0.17290 0.29180
0.13593 -0.89793 -0.00231 -0.8697 0.4863 -0.0847 0.17790 0.29350
0.13515 -0.89740 0.01169 -0.9822 -0.1842 -0.0356 0.28290 0.31510
0.13561 -0.90035 0.02764 -0.9636 -0.2651 0.0348 0.27670 0.35160
0.13620 -0.90256 0.02721 -0.9183 0.3586 0.1674 0.27210 0.35070
0.13568 -0.89991 0.01150 -0.9118 0.4042 0.0719 0.27790 0.31440
0.21350 -0.90423 0.03631 0.3639 0.8820 0.2994 0.61990 0.89690
0.21217 -0.90837 0.04511 0.3355 0.8705 0.3601 0.59870 0.89770
0.20845 -0.90727 0.04604 0.8955 0.4047 0.1851 0.59780 0.88980
0.21009 -0.90307 0.03621 0.9023 0.4052 0.1471 0.62120 0.88970
0.21478 -0.91487 0.06245 0.3290 0.9106 0.2499 0.55510 0.90400
0.21074 -0.91367 0.06338 0.8667 0.4986 -0.0147 0.55490 0.89580
0.13904 -0.90479 0.04818 -0.9186 -0.3762 0.1209 0.26680 0.39860
0.14291 -0.90890 0.05823 -0.8964 -0.4371 0.0735 0.25690 0.42270
0.14373 -0.91095 0.05659 -0.8922 0.2383 0.3837 0.25270 0.41890
0.13983 -0.90690 0.04737 -0.9047 0.2735 0.3268 0.26240 0.39690
0.14610 -0.91557 0.07518 -0.8985 -0.4234 -0.1155 0.24080 0.46210
0.14729 -0.91763 0.07356 -0.9476 0.2669 0.1755 0.23650 0.45830
0.18282 -0.91781 0.19949 0.4383 0.0154 0.8987 0.24080 0.80290
0.18784 -0.91866 0.19605 0.6301 -0.0621 0.7740 0.24980 0.80940
0.18793 -0.92018 0.19569 0.6014 0.6294 0.4922 0.24930 0.81260
0.18303 -0.91930 0.19927 0.4031 0.6795 0.6130 0.23990 0.80580
0.17719 -0.91902 0.20150 0.1847 0.6869 0.7029 0.23100 0.79880
0.17693 -0.91755 0.20154 0.2406 0.0870 0.9667 0.23240 0.79620
0.19254 -0.91969 0.19108 0.7448 -0.1072 0.6586 0.26130 0.81620
0.19249 -0.92122 0.19083 0.6907 0.5757 0.4377 0.26100 0.81930
0.17417 -0.89351 -0.02946 -0.0196 0.9715 -0.2360 0.79690 0.87800
0.18689 -0.89374 -0.02947 0.0579 0.9844 -0.1662 0.77880 0.88840
0.18587 -0.89323 -0.02637 0.2069 0.5723 -0.7935 0.77580 0.88210
0.17374 -0.89293 -0.02715 -0.0405 0.5092 -0.8597 0.79470 0.87320
0.16170 -0.89376 -0.02750 -0.1368 0.9483 -0.2864 0.81480 0.86580
0.16206 -0.89302 -0.02543 -0.2769 0.4732 -0.8363 0.81170 0.86170
0.19626 -0.89432 -0.02642 0.1581 0.9830 -0.0933 0.76370 0.89410
0.19468 -0.89375 -0.02289 0.5249 0.6234 -0.5795 0.75920 0.88790
0.15666 -0.91972 0.20214 -0.4034 0.1010 0.9095 0.20830 0.76990
0.16287 -0.91854 0.20310 -0.0743 0.1567 0.9849 0.21510 0.77890
0.16304 -0.92008 0.20324 -0.1408 0.6948 0.7053 0.21260 0.78090
0.15689 -0.92136 0.20234 -0.4876 0.6281 0.6064 0.20540 0.77150
0.16991 -0.91782 0.20272 0.0947 0.1343 0.9864 0.22340 0.78800
0.17012 -0.91930 0.20280 0.0332 0.6880 0.7249 0.22150 0.79030
0.13819 -0.89713 -0.01341 -0.3740 0.9233 -0.0879 0.17670 0.27300
0.14448 -0.89574 -0.01909 -0.3097 0.9266 -0.2133 0.18110 0.25870
0.14579 -0.89474 -0.01656 -0.5970 0.4941 -0.6320 0.18530 0.26250
0.13975 -0.89622 -0.01094 -0.7544 0.5264 -0.3922 0.18060 0.27760
0.15269 -0.89454 -0.02359 -0.2484 0.9267 -0.2822 0.18840 0.24410
0.16170 -0.89376 -0.02750 -0.1368 0.9483 -0.2864 0.19790 0.23010
0.16206 -0.89302 -0.02543 -0.2769 0.4732 -0.8363 0.20190 0.23400
0.15351 -0.89363 -0.02162 -0.4693 0.4643 -0.7511 0.19210 0.24690
0.21302 -0.92002 0.01074 0.9924 -0.0606 -0.1075 0.67250 0.94280
0.21189 -0.92985 0.01046 0.6748 -0.7161 -0.1787 0.67210 0.96350
0.21419 -0.93343 0.03324 0.5612 -0.6584 0.5015 0.61740 0.96170
0.13516 -0.92531 0.02654 -0.9829 -0.1490 0.1086 0.11370 0.36420
0.13656 -0.93427 0.02732 -0.6533 -0.7569 -0.0167 0.09730 0.36890
0.14065 -0.93700 0.04616 -0.2902 -0.6850 0.6683 0.09660 0.42040
0.19805 -0.88110 -0.00937 0.6511 0.0833 -0.7544 0.49000 0.19310
0.20722 -0.87998 0.00312 0.9247 0.2713 -0.2671 0.46920 0.19280
0.14597 -0.88525 0.02757 -0.9948 -0.0701 -0.0733 0.33670 0.19010
0.14776 -0.88268 0.01758 -0.9803 -0.0696 -0.1847 0.31880 0.19060
0.14863 -0.87706 0.00945 -0.9624 0.0965 -0.2541 0.29600 0.19030
0.14703 -0.87947 -0.01317 -0.6868 0.5630 -0.4597 0.27400 0.19050
0.20843 -0.88481 0.02076 0.9627 0.2400 0.1251 0.44830 0.19240
0.15716 -0.88375 -0.02330 -0.2684 0.3440 -0.8998 0.25750 0.19080
0.20239 -0.88870 0.04537 0.9592 0.1808 0.2173 0.42840 0.19150
0.14309 -0.89071 0.07031 -0.9999 0.0168 0.0041 0.37230 0.18900
0.14604 -0.89758 0.04814 -0.9926 -0.0823 -0.0897 0.36110 0.18960
0.17198 -0.88018 0.09296 0.0322 0.5325 0.8458 0.39430 0.18920
0.15988 -0.87637 0.09051 -0.1903 0.5803 0.7919 0.38880 0.18880
0.18822 -0.89069 -0.01215 0.3845 -0.0777 -0.9198 0.24080 0.19480
0.14673 -0.89487 0.03642 -0.9930 -0.0868 -0.0797 0.34990 0.18980
0.18822 -0.89069 -0.01215 0.3845 -0.0777 -0.9198 0.51220 0.19470
0.14385 -0.87807 0.08293 -0.8011 0.3805 0.4621 0.38210 0.18850
0.19652 -0.88805 0.07299 0.9062 0.2031 0.3709 0.40920 0.19050
0.18414 -0.87899 0.08775 0.5238 0.3802 0.7623 0.40040 0.18990
-0.19599 -0.82877 -0.00274 0.8925 0.0254 0.4503 0.48310 0.16250
-0.19804 -0.85137 0.00111 0.9259 -0.1086 0.3619 0.47710 0.18390
-0.18979 -0.85279 -0.01147 0.6761 -0.0631 0.7341 0.49980 0.18410
-0.18665 -0.83256 -0.01448 0.5998 0.0131 0.8000 0.50320 0.16350
-0.19569 -0.80445 -0.00484 0.8713 0.0516 0.4881 0.48560 0.14100
-0.18577 -0.80241 -0.01718 0.5331 0.0774 0.8425 0.50520 0.14130
-0.16069 -0.80126 0.05077 -0.1546 -0.0579 -0.9863 0.38320 0.14090
-0.17368 -0.80009 0.05082 0.0784 -0.0353 -0.9963 0.39300 0.14080
-0.16992 -0.77349 0.05315 0.0196 0.0701 -0.9973 0.38960 0.11030
-0.16165 -0.77300 0.05214 -0.1831 0.0677 -0.9808 0.37870 0.11050
-0.18473 -0.80113 0.04913 0.3775 -0.0318 -0.9255 0.40570 0.14120
-0.18238 -0.77430 0.05118 0.3087 0.0648 -0.9489 0.40440 0.11010
-0.15363 -0.77244 0.05041 -0.4110 0.0661 -0.9092 0.36940 0.11040
-0.15188 -0.80255 0.04768 -0.5141 -0.0666 -0.8551 0.37410 0.14110
-0.17370 -0.80762 -0.01725 0.0791 0.0651 0.9947 0.52410 0.14200
-0.17324 -0.77245 -0.02510 0.0955 0.1080 0.9896 0.52360 0.11610
-0.18629 -0.77139 -0.02006 0.5309 0.0876 0.8429 0.50620 0.11470
-0.14953 -0.83438 0.05384 -0.6423 -0.3218 -0.6956 0.37700 0.16320
-0.15983 -0.82918 0.05604 -0.1809 -0.3603 -0.9152 0.38580 0.16280
-0.17447 -0.82368 0.05399 0.0693 -0.3142 -0.9468 0.39700 0.16290
-0.18525 -0.82451 0.05223 0.4591 -0.2669 -0.8474 0.40910 0.16360
-0.15903 -0.85042 0.06892 -0.2137 -0.5828 -0.7840 0.38720 0.17870
-0.14770 -0.85562 0.06862 -0.6686 -0.4603 -0.5840 0.37970 0.18010
-0.14408 -0.83670 0.03932 -0.9915 0.0174 -0.1290 0.35620 0.16400
-0.14514 -0.86555 0.04730 -0.9993 -0.0149 0.0334 0.35770 0.18080
-0.14324 -0.86135 0.05929 -0.9828 -0.1382 -0.1226 0.36850 0.18060
-0.14570 -0.83665 0.04806 -0.9458 -0.1177 -0.3027 0.36720 0.16380
-0.13978 -0.80007 0.02531 -0.9780 0.1001 -0.1828 0.33930 0.14060
-0.14233 -0.83207 0.02718 -0.9937 0.0862 -0.0714 0.34350 0.16410
-0.14254 -0.80131 0.03544 -0.9383 0.0565 -0.3411 0.35250 0.14070
-0.15827 -0.82761 -0.01548 -0.2811 0.0748 0.9567 0.25640 0.16570
-0.15471 -0.80970 -0.01750 -0.2157 0.0972 0.9716 0.25570 0.15100
-0.17370 -0.80762 -0.01725 0.0791 0.0651 0.9947 0.24040 0.15320
-0.17549 -0.83628 -0.02088 0.0800 0.0282 0.9964 0.24090 0.16810
-0.14626 -0.82593 -0.00651 -0.8686 0.1422 0.4747 0.28980 0.16330
-0.14408 -0.80043 -0.00686 -0.8608 0.1033 0.4984 0.28910 0.14500
-0.15067 -0.80248 -0.01649 -0.6328 0.0903 0.7691 0.27140 0.14790
-0.15337 -0.82754 -0.01480 -0.5826 0.1494 0.7989 0.27150 0.16470
-0.16751 -0.85356 -0.01701 -0.4292 0.0407 0.9023 0.25460 0.17980
-0.17533 -0.85448 -0.01976 0.1111 -0.0335 0.9932 0.23960 0.18240
-0.14849 -0.84912 -0.00174 -0.8769 0.1968 0.4385 0.29360 0.18110
-0.15595 -0.85206 -0.01035 -0.6733 0.1713 0.7193 0.27190 0.18080
-0.17549 -0.83628 -0.02088 0.0800 0.0282 0.9964 0.52540 0.16330
-0.14526 -0.85972 0.03223 -0.9995 0.0301 0.0057 0.34650 0.18040
-0.17533 -0.85448 -0.01976 0.1111 -0.0335 0.9932 0.52540 0.18280
-0.17158 -0.84527 0.06606 -0.0186 -0.5768 -0.8167 0.39660 0.17940
-0.18338 -0.84547 0.06627 0.4561 -0.5148 -0.7259 0.40680 0.18040
-0.14639 -0.80207 0.04287 -0.8131 -0.0059 -0.5821 0.36410 0.14120
-0.19383 -0.80212 0.04278 0.7579 0.0024 -0.6523 0.42200 0.14210
-0.19518 -0.77512 0.04439 0.7185 0.0676 -0.6922 0.42320 0.11030
-0.14562 -0.85457 0.02184 -0.9934 0.0891 0.0722 0.33350 0.18110
-0.14163 -0.82920 0.01492 -0.9896 0.1340 0.0516 0.32950 0.16400
-0.13824 -0.79868 0.01463 -0.9923 0.1238 0.0003 0.32430 0.14100
-0.14291 -0.82657 0.00320 -0.9634 0.1420 0.2272 0.31160 0.16300
-0.14651 -0.85164 0.00965 -0.9697 0.1456 0.1960 0.31520 0.18200
-0.13964 -0.79909 0.00270 -0.9573 0.1214 0.2625 0.30680 0.14250
-0.19284 -0.82603 0.04582 0.8247 -0.1062 -0.5555 0.42300 0.16420
-0.19212 -0.84878 0.05446 0.8759 -0.2408 -0.4181 0.42050 0.18340
-0.19927 -0.85269 0.01739 0.9929 -0.1193 0.0002 0.45500 0.18450
-0.20107 -0.82996 0.01377 0.9957 0.0360 0.0859 0.46030 0.16320
-0.19924 -0.82794 0.03217 0.9702 0.0060 -0.2424 0.43920 0.16380
-0.19787 -0.85206 0.03750 0.9703 -0.1254 -0.2070 0.43600 0.18430
-0.20032 -0.80384 0.03111 0.9618 0.0325 -0.2717 0.44140 0.14190
-0.20179 -0.80435 0.01151 0.9903 0.0435 0.1322 0.46380 0.14120
-0.20307 -0.77454 0.01096 0.9871 0.0666 0.1458 0.46850 0.11260
-0.20193 -0.77445 0.03028 0.9646 0.0700 -0.2542 0.44530 0.11180
-0.15926 -0.86496 0.08016 -0.2103 -0.5984 -0.7731 0.38850 0.18660
-0.14952 -0.86344 0.07676 -0.6004 -0.5029 -0.6217 0.38200 0.18630
-0.17192 -0.85992 0.07972 -0.0296 -0.6129 -0.7896 0.39480 0.18710
-0.14295 -0.87112 0.06953 -0.9834 -0.1370 -0.1192 0.37260 0.18650
-0.14367 -0.88073 0.05276 -0.9962 0.0394 0.0781 0.36120 0.18680
-0.18305 -0.86356 0.08220 0.4688 -0.4792 -0.7420 0.40170 0.18770
-0.19414 -0.86990 0.06874 0.8850 -0.2609 -0.3856 0.41110 0.18820
-0.20016 -0.87048 0.04257 0.9569 -0.2038 -0.2069 0.43030 0.18860
-0.20400 -0.86839 0.02046 0.9646 -0.2510 -0.0804 0.45070 0.18910
-0.20271 -0.86612 0.00349 0.9217 -0.2608 0.2872 0.47210 0.18920
-0.19412 -0.86653 -0.01002 0.6794 -0.1258 0.7229 0.49430 0.18910
-0.14500 -0.87502 0.03725 -0.9988 0.0231 0.0431 0.35030 0.18680
-0.14526 -0.86944 0.02685 -0.9965 0.0324 0.0767 0.33730 0.18700
-0.14669 -0.86672 0.01461 -0.9805 0.0667 0.1850 0.31940 0.18760
-0.15046 -0.86372 0.00229 -0.9320 0.0067 0.3623 0.29560 0.18740
-0.15814 -0.86769 -0.00694 -0.7833 -0.2334 0.5761 0.27230 0.18740
-0.17744 -0.87239 -0.02146 0.2492 0.0195 0.9683 0.51850 0.19010
-0.16673 -0.86812 -0.01904 -0.3381 -0.1350 0.9314 0.25550 0.18740
-0.17744 -0.87239 -0.02146 0.2492 0.0195 0.9683 0.23700 0.19020
-0.19714 -0.73554 -0.01247 0.8246 0.0342 0.5647 0.48820 0.06830
-0.18623 -0.73366 -0.02223 0.5042 0.0271 0.8631 0.50440 0.06980
-0.18428 -0.69124 -0.02384 0.4551 0.0016 0.8905 0.50630 0.01420
-0.19491 -0.69260 -0.01429 0.7950 -0.0031 0.6067 0.49030 0.01410
-0.19814 -0.70109 0.04418 0.7596 -0.0221 -0.6500 0.43280 0.01580
-0.18165 -0.70356 0.05384 0.2892 -0.0196 -0.9571 0.40730 0.01540
-0.18207 -0.74109 0.05368 0.2804 0.0242 -0.9596 0.40610 0.06530
-0.19723 -0.74129 0.04655 0.7149 0.0325 -0.6984 0.42770 0.06570
-0.14385 -0.69847 -0.01223 -0.8099 -0.0315 0.5857 0.28250 0.01480
-0.14992 -0.69446 -0.01899 -0.6032 -0.0302 0.7970 0.27080 0.01340
-0.14745 -0.73503 -0.01813 -0.6445 0.0050 0.7646 0.27290 0.07050
-0.14069 -0.73673 -0.01031 -0.8308 0.0031 0.5565 0.28480 0.07070
-0.16019 -0.69185 -0.02405 -0.3128 -0.0234 0.9495 0.25750 0.01310
-0.17173 -0.69141 -0.02609 0.0455 -0.0064 0.9989 0.24070 0.01390
-0.17180 -0.73424 -0.02672 0.0658 0.0193 0.9976 0.23970 0.07620
-0.15723 -0.73460 -0.02456 -0.3408 0.0110 0.9401 0.25760 0.07230
-0.17180 -0.73424 -0.02672 0.0658 0.0193 0.9976 0.52150 0.07210
-0.17173 -0.69141 -0.02609 0.0455 -0.0064 0.9989 0.52450 0.01560
-0.15844 -0.74292 0.05370 -0.2470 0.0110 -0.9690 0.37560 0.06580
-0.16686 -0.74271 0.05541 -0.0562 0.0228 -0.9982 0.38890 0.06540
-0.16658 -0.70598 0.05412 -0.0786 -0.0285 -0.9965 0.38780 0.01470
-0.15931 -0.70698 0.05192 -0.2815 -0.0527 -0.9581 0.37380 0.01430
-0.13920 -0.74149 0.04175 -0.8159 0.0139 -0.5780 0.34090 0.06720
-0.14496 -0.74191 0.04788 -0.6441 0.0025 -0.7650 0.35330 0.06670
-0.14687 -0.70694 0.04576 -0.6337 -0.0805 -0.7694 0.34880 0.01530
-0.14024 -0.70605 0.03867 -0.8021 -0.0713 -0.5929 0.33400 0.01520
-0.13381 -0.74071 0.03206 -0.9420 0.0272 -0.3346 0.32680 0.06770
-0.13462 -0.70501 0.02956 -0.9417 -0.0511 -0.3324 0.32110 0.01470
-0.15222 -0.70706 0.04918 -0.4263 -0.0713 -0.9018 0.36000 0.01470
-0.15041 -0.74242 0.05126 -0.4193 0.0024 -0.9079 0.36390 0.06630
-0.14896 -0.77146 -0.01767 -0.6433 0.0626 0.7630 0.26950 0.12010
-0.15861 -0.77242 -0.02293 -0.2851 0.0899 0.9543 0.25550 0.12330
-0.14131 -0.77130 -0.00868 -0.8422 0.0725 0.5343 0.28590 0.11780
-0.13124 -0.73958 0.01823 -0.9997 0.0227 -0.0121 0.31230 0.06890
-0.13329 -0.73889 0.00521 -0.9535 0.0074 0.3012 0.30010 0.07040
-0.13550 -0.77011 0.00240 -0.9537 0.0898 0.2870 0.30040 0.11540
-0.13401 -0.76976 0.01584 -0.9934 0.1131 -0.0189 0.31640 0.11350
-0.14083 -0.77148 0.03890 -0.8655 0.1007 -0.4907 0.34710 0.11100
-0.14628 -0.77234 0.04575 -0.6908 0.0794 -0.7186 0.35910 0.11060
-0.13253 -0.70460 0.01630 -0.9987 -0.0413 0.0282 0.30770 0.01500
-0.13635 -0.70209 0.00039 -0.9320 -0.0358 0.3606 0.29490 0.01570
-0.20619 -0.73703 0.01026 0.9843 0.0314 0.1735 0.47150 0.06720
-0.20442 -0.69410 0.00395 0.9697 -0.0125 0.2439 0.47530 0.01420
-0.20518 -0.69700 0.02691 0.9834 -0.0231 -0.1797 0.45620 0.01460
-0.20547 -0.73877 0.02991 0.9727 0.0321 -0.2300 0.45150 0.06630
-0.19710 -0.77405 -0.00693 0.8596 0.0689 0.5062 0.48900 0.11360
-0.13640 -0.77043 0.02885 -0.9549 0.1178 -0.2727 0.33290 0.11180
-0.17324 -0.77245 -0.02510 0.0955 0.1080 0.9896 0.23840 0.12640
-0.17044 -0.86759 0.11204 0.0052 -0.7606 -0.6492 0.05480 0.91670
-0.17655 -0.86706 0.11133 0.0674 -0.7829 -0.6184 0.06190 0.91650
-0.17629 -0.86708 0.11026 -0.0719 -0.9319 0.3556 0.06190 0.91450
-0.17024 -0.86758 0.11106 -0.0937 -0.9292 0.3575 0.05460 0.91480
-0.17644 -0.86841 0.11160 0.1233 0.0692 -0.9899 0.06190 0.91850
-0.18267 -0.86877 0.11074 0.1690 0.0826 -0.9821 0.06910 0.91880
-0.18302 -0.86733 0.11043 0.1981 -0.7645 -0.6134 0.06920 0.91660
-0.18889 -0.86988 0.10929 0.2371 0.1160 -0.9645 0.07670 0.91890
-0.18939 -0.86841 0.10894 0.3364 -0.7418 -0.5802 0.07670 0.91670
-0.19481 -0.87158 0.10745 0.3096 0.1333 -0.9415 0.08430 0.91870
-0.19559 -0.87024 0.10699 0.5052 -0.7049 -0.4979 0.08430 0.91670
-0.20010 -0.87412 0.10505 0.6436 0.4819 -0.5946 0.09060 0.91810
-0.20113 -0.87331 0.10418 0.9802 -0.0941 0.1740 0.09060 0.91680
-0.16358 -0.86782 0.11138 -0.1214 -0.9205 0.3715 0.04660 0.91470
-0.16366 -0.86785 0.11235 -0.0732 -0.7761 -0.6263 0.04680 0.91640
-0.15708 -0.86913 0.11143 -0.2255 -0.8904 0.3954 0.03900 0.91470
-0.15702 -0.86914 0.11239 -0.2095 -0.7610 -0.6140 0.03920 0.91640
-0.15188 -0.87082 0.11117 -0.3189 -0.8566 0.4055 0.03300 0.91500
-0.15159 -0.87089 0.11212 -0.4313 -0.6980 -0.5717 0.03320 0.91640
-0.15754 -0.87088 0.10984 -0.1593 -0.6438 0.7484 0.03840 0.91060
-0.15253 -0.87254 0.10964 -0.1645 -0.6412 0.7495 0.03140 0.91140
-0.16366 -0.86948 0.10979 -0.1056 -0.6766 0.7287 0.04640 0.91060
-0.16976 -0.86921 0.10952 -0.1042 -0.7066 0.6999 0.05410 0.91060
-0.19487 -0.87018 0.10597 0.1909 -0.8783 0.4384 0.08450 0.91480
-0.19989 -0.87281 0.10374 0.3521 -0.5854 0.7303 0.09050 0.91560
-0.19722 -0.87343 0.10302 0.1255 -0.5000 0.8569 0.09230 0.91240
-0.19260 -0.87111 0.10495 0.0176 -0.7159 0.6979 0.08430 0.91110
-0.18892 -0.86837 0.10785 0.1065 -0.9168 0.3849 0.07680 0.91460
-0.18734 -0.86958 0.10653 -0.0176 -0.7435 0.6686 0.07670 0.91080
-0.18277 -0.86736 0.10929 0.0267 -0.9324 0.3605 0.06940 0.91450
-0.18160 -0.86872 0.10781 -0.0595 -0.7464 0.6628 0.06910 0.91060
-0.17534 -0.86864 0.10872 -0.1266 -0.7312 0.6703 0.06120 0.91050
-0.15737 -0.87026 0.11269 0.0013 0.0595 -0.9982 0.03920 0.91810
-0.15220 -0.87193 0.11247 -0.1171 0.0993 -0.9881 0.03330 0.91790
-0.15333 -0.87398 0.11160 0.0311 0.4187 -0.9076 0.03230 0.92160
-0.15832 -0.87240 0.11176 0.0836 0.3660 -0.9268 0.03920 0.92220
-0.16393 -0.86903 0.11259 0.0373 0.0681 -0.9970 0.04700 0.91820
-0.16457 -0.87127 0.11162 0.0670 0.3770 -0.9238 0.04730 0.92230
-0.17056 -0.86878 0.11231 0.0818 0.0853 -0.9930 0.05490 0.91860
-0.17073 -0.87102 0.11138 0.0909 0.3687 -0.9251 0.05510 0.92260
-0.19335 -0.87343 0.10684 0.1855 0.4046 -0.8955 0.08510 0.92220
-0.19824 -0.87579 0.10474 0.4423 0.6763 -0.5891 0.09330 0.92010
-0.18800 -0.87204 0.10860 0.1678 0.3709 -0.9134 0.07740 0.92270
-0.18213 -0.87106 0.11000 0.1315 0.3413 -0.9307 0.06950 0.92270
-0.17616 -0.87069 0.11080 0.1180 0.3459 -0.9308 0.06190 0.92250
-0.14824 -0.87422 0.11134 -0.4012 0.3415 -0.8499 0.02860 0.91760
-0.14908 -0.87590 0.11021 -0.3279 0.5716 -0.7522 0.02570 0.91910
-0.14887 -0.87442 0.10864 -0.4692 -0.5024 0.7263 0.02550 0.91340
-0.14817 -0.87317 0.11001 -0.5386 -0.6600 0.5238 0.02840 0.91510
-0.14736 -0.87354 0.11083 -0.9339 -0.2261 -0.2769 0.02850 0.91630
-0.14782 -0.87535 0.10945 -0.9663 0.2530 0.0486 0.02500 0.91630
-0.19858 -0.87499 0.10332 0.5574 0.4653 0.6876 0.09440 0.91630
-0.16990 -0.84582 0.09175 -0.0002 -0.7496 -0.6619 0.05430 0.92910
-0.17591 -0.84529 0.09104 0.0715 -0.7720 -0.6316 0.06140 0.92890
-0.17569 -0.84525 0.08993 -0.0644 -0.9455 0.3192 0.06130 0.92690
-0.16973 -0.84574 0.09074 -0.0925 -0.9434 0.3185 0.05410 0.92720
-0.17572 -0.84671 0.09136 0.1229 0.0468 -0.9913 0.06140 0.93090
-0.18181 -0.84710 0.09054 0.1780 0.0660 -0.9818 0.06870 0.93110
-0.18225 -0.84560 0.09016 0.2178 -0.7500 -0.6246 0.06870 0.92900
-0.18772 -0.84834 0.08903 0.2729 0.1147 -0.9552 0.07610 0.93120
-0.18830 -0.84678 0.08863 0.4009 -0.7138 -0.5742 0.07590 0.92890
-0.19300 -0.85036 0.08697 0.3555 0.1492 -0.9227 0.08360 0.93090
-0.19382 -0.84896 0.08645 0.5777 -0.6644 -0.4742 0.08350 0.92880
-0.19783 -0.85312 0.08442 0.6626 0.4962 -0.5610 0.09030 0.93010
-0.19885 -0.85226 0.08349 0.9813 -0.0692 0.1794 0.09020 0.92870
-0.16334 -0.84603 0.09087 -0.1481 -0.9318 0.3313 0.04670 0.92720
-0.16335 -0.84611 0.09191 -0.1713 -0.7578 -0.6297 0.04700 0.92880
-0.15764 -0.84794 0.08989 -0.2759 -0.8771 0.3932 0.03970 0.92680
-0.15748 -0.84797 0.09099 -0.4023 -0.7156 -0.5710 0.04020 0.92860
-0.15314 -0.85020 0.08866 -0.3467 -0.8317 0.4336 0.03340 0.92660
-0.15274 -0.85029 0.08974 -0.5690 -0.6608 -0.4895 0.03380 0.92830
-0.15813 -0.84974 0.08816 -0.1261 -0.6713 0.7304 0.03810 0.92270
-0.15378 -0.85194 0.08702 -0.1404 -0.6681 0.7307 0.03100 0.92320
-0.16342 -0.84772 0.08918 -0.0841 -0.6953 0.7138 0.04590 0.92320
-0.16920 -0.84733 0.08919 -0.0955 -0.7203 0.6871 0.05350 0.92310
-0.19310 -0.84885 0.08536 0.2408 -0.8650 0.4402 0.08370 0.92690
-0.19764 -0.85171 0.08299 0.3881 -0.5474 0.7414 0.09020 0.92750
-0.19504 -0.85225 0.08228 0.1523 -0.4817 0.8630 0.09190 0.92420
-0.19089 -0.84970 0.08435 0.0408 -0.7187 0.6942 0.08370 0.92310
-0.18783 -0.84669 0.08748 0.1522 -0.9188 0.3643 0.07610 0.92690
-0.18624 -0.84787 0.08614 0.0002 -0.7511 0.6602 0.07620 0.92310
-0.18202 -0.84555 0.08898 0.0480 -0.9443 0.3257 0.06890 0.92690
-0.18083 -0.84686 0.08749 -0.0506 -0.7586 0.6496 0.06860 0.92300
-0.17470 -0.84676 0.08838 -0.1263 -0.7449 0.6552 0.06060 0.92280
-0.15772 -0.84915 0.09134 -0.1706 0.0771 -0.9823 0.04000 0.93030
-0.15321 -0.85137 0.09019 -0.2680 0.1132 -0.9567 0.03380 0.93000
-0.15418 -0.85344 0.08938 -0.0717 0.4370 -0.8966 0.03210 0.93340
-0.15855 -0.85133 0.09043 -0.0281 0.3894 -0.9206 0.03900 0.93410
-0.16353 -0.84735 0.09220 -0.0554 0.0530 -0.9971 0.04710 0.93050
-0.16404 -0.84963 0.09126 0.0067 0.3782 -0.9257 0.04680 0.93460
-0.16993 -0.84707 0.09208 0.0703 0.0638 -0.9955 0.05440 0.93100
-0.16996 -0.84934 0.09120 0.0792 0.3540 -0.9319 0.05450 0.93500
-0.19148 -0.85223 0.08639 0.2123 0.4090 -0.8875 0.08470 0.93430
-0.19598 -0.85478 0.08416 0.4622 0.6817 -0.5671 0.09300 0.93200
-0.18670 -0.85056 0.08837 0.1893 0.3702 -0.9095 0.07700 0.93490
-0.18116 -0.84943 0.08984 0.1368 0.3277 -0.9348 0.06910 0.93500
-0.17531 -0.84903 0.09062 0.1183 0.3288 -0.9370 0.06140 0.93490
-0.14953 -0.85390 0.08859 -0.5015 0.3117 -0.8071 0.02850 0.92940
-0.15018 -0.85551 0.08758 -0.4531 0.5373 -0.7113 0.02570 0.93070
-0.15024 -0.85392 0.08579 -0.4760 -0.5243 0.7060 0.02540 0.92540
-0.14967 -0.85278 0.08706 -0.5301 -0.6578 0.5350 0.02800 0.92680
-0.14878 -0.85319 0.08798 -0.9437 -0.2557 -0.2100 0.02830 0.92810
-0.14908 -0.85491 0.08668 -0.9845 0.1564 0.0788 0.02500 0.92810
-0.19631 -0.85390 0.08265 0.5535 0.4822 0.6791 0.09410 0.92810
-0.17039 -0.85316 0.09873 -0.0141 -0.7438 -0.6682 0.05490 0.89230
-0.17646 -0.85263 0.09802 0.0708 -0.7695 -0.6347 0.06200 0.89210
-0.17622 -0.85260 0.09694 -0.0671 -0.9420 0.3288 0.06190 0.89010
-0.17021 -0.85310 0.09774 -0.0973 -0.9413 0.3231 0.05470 0.89050
-0.17629 -0.85404 0.09831 0.1232 0.0619 -0.9905 0.06190 0.89410
-0.18246 -0.85442 0.09747 0.1694 0.0772 -0.9825 0.06910 0.89440
-0.18287 -0.85292 0.09713 0.2032 -0.7500 -0.6294 0.06920 0.89220
-0.18860 -0.85555 0.09603 0.2387 0.1130 -0.9645 0.07670 0.89450
-0.18915 -0.85401 0.09565 0.3429 -0.7264 -0.5956 0.07670 0.89230
-0.19443 -0.85726 0.09420 0.3123 0.1336 -0.9405 0.08430 0.89430
-0.19525 -0.85586 0.09372 0.5147 -0.6875 -0.5122 0.08430 0.89230
-0.19963 -0.85983 0.09181 0.6501 0.4915 -0.5795 0.09070 0.89370
-0.20067 -0.85897 0.09092 0.9818 -0.0868 0.1692 0.09060 0.89230
-0.16354 -0.85349 0.09774 -0.1305 -0.9286 0.3473 0.04690 0.89020
-0.16359 -0.85358 0.09872 -0.1344 -0.7564 -0.6401 0.04710 0.89190
-0.15692 -0.85510 0.09725 -0.2724 -0.8787 0.3920 0.03890 0.89000
-0.15683 -0.85519 0.09819 -0.3062 -0.7332 -0.6072 0.03920 0.89160
-0.15223 -0.85728 0.09680 -0.3939 -0.8234 0.4085 0.03310 0.89040
-0.15190 -0.85742 0.09773 -0.5213 -0.6310 -0.5745 0.03330 0.89190
-0.15741 -0.85670 0.09594 -0.1585 -0.6133 0.7738 0.03800 0.88650
-0.15290 -0.85889 0.09546 -0.1838 -0.6146 0.7671 0.03130 0.88730
-0.16358 -0.85508 0.09625 -0.0825 -0.6681 0.7395 0.04630 0.88640
-0.16968 -0.85470 0.09620 -0.0937 -0.7099 0.6981 0.05410 0.88640
-0.19454 -0.85576 0.09268 0.2095 -0.8833 0.4194 0.08450 0.89040
-0.19946 -0.85842 0.09046 0.3749 -0.5820 0.7216 0.09060 0.89120
-0.19678 -0.85901 0.08974 0.1369 -0.4919 0.8598 0.09240 0.88790
-0.19227 -0.85666 0.09166 0.0259 -0.7191 0.6944 0.08430 0.88670
-0.18869 -0.85392 0.09455 0.1204 -0.9243 0.3622 0.07690 0.89020
-0.18709 -0.85510 0.09323 -0.0114 -0.7490 0.6625 0.07670 0.88640
-0.18264 -0.85289 0.09598 0.0364 -0.9417 0.3346 0.06940 0.89010
-0.18143 -0.85422 0.09450 -0.0555 -0.7533 0.6554 0.06910 0.88620
-0.17524 -0.85412 0.09540 -0.1268 -0.7388 0.6619 0.06120 0.88610
-0.15712 -0.85634 0.09855 -0.0758 0.0230 -0.9969 0.03920 0.89340
-0.15247 -0.85855 0.09807 -0.1762 0.0966 -0.9796 0.03330 0.89350
-0.15354 -0.86052 0.09742 -0.0162 0.3697 -0.9290 0.03220 0.89690
-0.15805 -0.85836 0.09790 0.0286 0.3083 -0.9509 0.03900 0.89710
-0.16381 -0.85479 0.09900 -0.0280 0.0396 -0.9988 0.04730 0.89370
-0.16438 -0.85698 0.09819 0.0209 0.3405 -0.9400 0.04730 0.89750
-0.17046 -0.85441 0.09902 0.0614 0.0696 -0.9957 0.05500 0.89410
-0.17052 -0.85668 0.09812 0.0757 0.3519 -0.9330 0.05510 0.89810
-0.19293 -0.85914 0.09360 0.1882 0.3996 -0.8972 0.08510 0.89780
-0.19772 -0.86153 0.09150 0.4443 0.6747 -0.5893 0.09330 0.89570
-0.18764 -0.85774 0.09536 0.1694 0.3634 -0.9161 0.07740 0.89830
-0.18184 -0.85674 0.09674 0.1315 0.3319 -0.9341 0.06950 0.89830
-0.17592 -0.85635 0.09754 0.1185 0.3364 -0.9342 0.06190 0.89810
-0.14889 -0.86128 0.09669 -0.4352 0.3532 -0.8282 0.02800 0.89320
-0.14953 -0.86272 0.09579 -0.3769 0.5275 -0.7614 0.02550 0.89460
-0.14934 -0.86090 0.09437 -0.4977 -0.4969 0.7109 0.02580 0.88930
-0.14882 -0.85996 0.09548 -0.5669 -0.6487 0.5078 0.02800 0.89060
-0.14803 -0.86048 0.09623 -0.9404 -0.2099 -0.2675 0.02800 0.89180
-0.14830 -0.86203 0.09506 -0.9709 0.2384 -0.0237 0.02500 0.89190
-0.19809 -0.86064 0.09006 0.5549 0.4742 0.6835 0.09450 0.89190
-0.17112 -0.86038 0.10555 0.0076 -0.7521 -0.6590 0.05480 0.90450
-0.17723 -0.85985 0.10484 0.0687 -0.7754 -0.6277 0.06190 0.90430
-0.17698 -0.85984 0.10377 -0.0701 -0.9366 0.3432 0.06190 0.90230
-0.17093 -0.86035 0.10457 -0.0929 -0.9344 0.3440 0.05460 0.90260
-0.17709 -0.86123 0.10511 0.1233 0.0678 -0.9900 0.06190 0.90630
-0.18330 -0.86160 0.10426 0.1690 0.0821 -0.9822 0.06910 0.90660
-0.18368 -0.86012 0.10394 0.2002 -0.7567 -0.6223 0.06920 0.90440
-0.18949 -0.86271 0.10281 0.2375 0.1158 -0.9645 0.07670 0.90670
-0.19001 -0.86120 0.10246 0.3391 -0.7338 -0.5886 0.07670 0.90450
-0.19538 -0.86442 0.10098 0.3103 0.1337 -0.9412 0.08430 0.90650
-0.19617 -0.86304 0.10051 0.5090 -0.6966 -0.5056 0.08430 0.90450
-0.20063 -0.86696 0.09858 0.6468 0.4863 -0.5876 0.09060 0.90590
-0.20167 -0.86613 0.09771 0.9809 -0.0924 0.1714 0.09060 0.90460
-0.16428 -0.86057 0.10490 -0.1203 -0.9257 0.3587 0.04660 0.90250
-0.16435 -0.86063 0.10586 -0.0708 -0.7685 -0.6359 0.04680 0.90420
-0.15776 -0.86188 0.10494 -0.2269 -0.8951 0.3838 0.03900 0.90250
-0.15770 -0.86192 0.10591 -0.2067 -0.7546 -0.6228 0.03920 0.90410
-0.15254 -0.86358 0.10469 -0.3202 -0.8610 0.3951 0.03300 0.90280
-0.15224 -0.86367 0.10565 -0.4260 -0.6965 -0.5774 0.03320 0.90420
-0.15819 -0.86363 0.10337 -0.1606 -0.6447 0.7473 0.03840 0.89840
-0.15315 -0.86529 0.10317 -0.1660 -0.6428 0.7478 0.03140 0.89920
-0.16433 -0.86223 0.10331 -0.1058 -0.6781 0.7273 0.04640 0.89840
-0.17042 -0.86197 0.10303 -0.1036 -0.7091 0.6974 0.05410 0.89840
-0.19546 -0.86296 0.09949 0.1989 -0.8806 0.4301 0.08450 0.90260
-0.20044 -0.86561 0.09726 0.3615 -0.5847 0.7263 0.09050 0.90340
-0.19776 -0.86622 0.09655 0.1294 -0.4956 0.8589 0.09230 0.90020
-0.19319 -0.86388 0.09847 0.0203 -0.7161 0.6977 0.08430 0.89890
-0.18955 -0.86114 0.10136 0.1123 -0.9201 0.3751 0.07680 0.90240
-0.18796 -0.86235 0.10005 -0.0158 -0.7447 0.6672 0.07670 0.89860
-0.18344 -0.86013 0.10280 0.0305 -0.9365 0.3493 0.06940 0.90230
-0.18225 -0.86147 0.10133 -0.0583 -0.7486 0.6604 0.06910 0.89840
-0.17601 -0.86139 0.10223 -0.1270 -0.7344 0.6667 0.06120 0.89830
-0.15801 -0.86307 0.10621 0.0014 0.0566 -0.9984 0.03920 0.90590
-0.15281 -0.86475 0.10600 -0.1178 0.0939 -0.9886 0.03330 0.90570
-0.15389 -0.86682 0.10514 0.0293 0.4143 -0.9097 0.03230 0.90940
-0.15892 -0.86523 0.10529 0.0834 0.3610 -0.9288 0.03920 0.91000
-0.16459 -0.86183 0.10610 0.0372 0.0656 -0.9972 0.04700 0.90600
-0.16518 -0.86410 0.10514 0.0669 0.3718 -0.9259 0.04730 0.91010
-0.17122 -0.86161 0.10582 0.0819 0.0837 -0.9931 0.05490 0.90640
-0.17133 -0.86387 0.10491 0.0903 0.3642 -0.9269 0.05510 0.91040
-0.19390 -0.86628 0.10037 0.1869 0.4015 -0.8966 0.08510 0.91000
-0.19874 -0.86865 0.09827 0.4440 0.6743 -0.5901 0.09330 0.90790
-0.18857 -0.86490 0.10213 0.1687 0.3670 -0.9148 0.07740 0.91050
-0.18272 -0.86391 0.10352 0.1318 0.3367 -0.9323 0.06950 0.91050
-0.17676 -0.86353 0.10433 0.1184 0.3416 -0.9324 0.06190 0.91030
-0.14881 -0.86703 0.10488 -0.4103 0.3329 -0.8490 0.02860 0.90530
-0.14961 -0.86872 0.10376 -0.3422 0.5632 -0.7522 0.02570 0.90690
-0.14946 -0.86717 0.10217 -0.4701 -0.5083 0.7216 0.02550 0.90120
-0.14878 -0.86593 0.10355 -0.5377 -0.6687 0.5135 0.02840 0.90290
-0.14796 -0.86633 0.10437 -0.9306 -0.2385 -0.2777 0.02850 0.90410
-0.14838 -0.86813 0.10299 -0.9710 0.2345 0.0463 0.02500 0.90410
-0.19910 -0.86781 0.09686 0.5567 0.4687 0.6858 0.09440 0.90410
-0.21237 -0.89602 0.12747 0.4696 -0.8161 -0.3369 0.40590 0.77330
-0.20952 -0.90005 0.14083 0.4234 -0.8508 -0.3114 0.37430 0.78110
-0.21785 -0.90465 0.14036 0.6137 -0.7213 -0.3212 0.37800 0.79770
-0.22050 -0.90065 0.12675 0.6406 -0.7151 -0.2798 0.40930 0.78980
-0.22007 -0.89614 0.11339 0.7242 -0.6617 -0.1941 0.44100 0.77900
-0.21224 -0.89058 0.11433 0.5659 -0.7401 -0.3633 0.43810 0.76090
-0.20357 -0.88520 0.11494 0.4777 -0.7317 -0.4862 0.43550 0.74180
-0.20329 -0.89181 0.12784 0.3942 -0.8327 -0.3888 0.40280 0.75580
-0.20016 -0.89601 0.14101 0.3401 -0.8815 -0.3276 0.37060 0.76350
-0.21152 -0.88218 0.10184 0.7070 -0.6078 -0.3615 0.47050 0.74370
-0.21801 -0.88999 0.10044 0.8432 -0.5221 -0.1280 0.47340 0.76480
-0.21600 -0.88393 0.08814 0.9327 -0.3580 -0.0446 0.50500 0.75150
-0.21118 -0.87434 0.08959 0.8383 -0.4725 -0.2719 0.50210 0.72810
-0.20484 -0.86600 0.09102 0.7172 -0.5371 -0.4440 0.49900 0.70670
-0.20387 -0.87503 0.10304 0.5922 -0.6167 -0.5185 0.46770 0.72300
-0.22501 -0.90545 0.12572 0.8733 -0.4385 -0.2123 0.41240 0.80210
-0.22182 -0.90885 0.13945 0.8630 -0.3742 -0.3395 0.38130 0.80830
-0.22284 -0.91350 0.13845 0.9415 -0.0510 -0.3330 0.38400 0.81790
-0.22686 -0.91140 0.12465 0.9763 -0.1353 -0.1687 0.41540 0.81450
-0.22713 -0.90900 0.11099 0.9801 -0.1788 0.0867 0.44700 0.80930
-0.22482 -0.90199 0.11227 0.9003 -0.4349 -0.0205 0.44370 0.79400
-0.22182 -0.89801 0.09926 0.9370 -0.3322 0.1083 0.47590 0.78390
-0.22344 -0.90621 0.09790 0.9565 -0.1383 0.2570 0.47940 0.80200
-0.21899 -0.90243 0.08491 0.9579 -0.0527 0.2823 0.51260 0.79310
-0.21849 -0.89341 0.08656 0.9675 -0.1979 0.1573 0.50840 0.77330
-0.13751 -0.88632 0.11276 -0.8143 -0.5068 -0.2830 0.30060 0.56410
-0.13885 -0.87752 0.09903 -0.8787 -0.4089 -0.2462 0.32530 0.52890
-0.13547 -0.88663 0.09972 -0.9749 -0.2063 -0.0834 0.30550 0.52900
-0.13514 -0.89389 0.11400 -0.9503 -0.3088 -0.0405 0.28290 0.56530
-0.13180 -0.90095 0.12680 -0.8849 -0.4641 -0.0404 0.26000 0.59650
-0.13601 -0.89513 0.12498 -0.7263 -0.6375 -0.2572 0.27540 0.59440
-0.14143 -0.88936 0.12252 -0.5229 -0.7176 -0.4601 0.29120 0.59100
-0.14241 -0.87925 0.11108 -0.6389 -0.6134 -0.4643 0.31670 0.56130
-0.14275 -0.87002 0.09847 -0.7559 -0.5281 -0.3870 0.34080 0.52850
-0.13501 -0.90057 0.13756 -0.6371 -0.7331 -0.2379 0.25820 0.62460
-0.13054 -0.90569 0.13992 -0.8300 -0.5337 -0.1623 0.24370 0.62660
-0.13204 -0.90933 0.15448 -0.8229 -0.5228 -0.2225 0.23080 0.65930
-0.13569 -0.90419 0.15131 -0.6383 -0.7389 -0.2157 0.24480 0.65610
-0.14112 -0.89957 0.14768 -0.4814 -0.8482 -0.2209 0.26030 0.65260
-0.14111 -0.89581 0.13461 -0.4822 -0.8149 -0.3216 0.27370 0.62160
-0.13321 -0.90271 0.11463 -0.9795 -0.1023 0.1738 0.26170 0.56420
-0.13473 -0.89747 0.10049 -0.9966 0.0247 0.0785 0.27970 0.52820
-0.13645 -0.90804 0.10006 -0.9466 0.2270 0.2291 0.25460 0.52440
-0.13335 -0.91204 0.11408 -0.9418 0.0811 0.3262 0.24030 0.55980
-0.12852 -0.91507 0.12594 -0.9721 -0.0108 0.2344 0.22850 0.58920
-0.12921 -0.90733 0.12693 -0.9679 -0.2173 0.1263 0.24490 0.59430
-0.12805 -0.91112 0.13994 -0.9642 -0.2511 -0.0847 0.23160 0.62390
-0.12720 -0.91768 0.13874 -0.9997 -0.0141 -0.0215 0.21840 0.61840
-0.12930 -0.91938 0.15355 -0.9779 0.0068 -0.2091 0.21030 0.65200
-0.13005 -0.91418 0.15477 -0.9455 -0.2355 -0.2249 0.22040 0.65710
-0.23396 -0.93690 0.12255 0.9809 -0.0064 -0.1943 0.39940 0.93690
-0.22868 -0.93710 0.13821 0.9294 0.0024 -0.3690 0.36370 0.92700
-0.22894 -0.94427 0.13703 0.6754 0.6960 -0.2437 0.36310 0.94280
-0.23416 -0.94337 0.12106 0.7374 0.6722 -0.0661 0.40050 0.95130
-0.23471 -0.94164 0.10568 0.7540 0.6374 0.1588 0.43710 0.95480
-0.23478 -0.93525 0.10706 0.9948 -0.0330 0.0968 0.43510 0.94080
-0.23445 -0.92666 0.10709 0.8129 -0.5815 0.0334 0.43740 0.92330
-0.23372 -0.92838 0.12274 0.8052 -0.5590 -0.1979 0.40200 0.91950
-0.22833 -0.92933 0.13832 0.7720 -0.5512 -0.3165 0.36710 0.91060
-0.23089 -0.93299 0.09297 0.9493 -0.0465 0.3108 0.47020 0.93980
-0.23111 -0.94026 0.09226 0.6951 0.6456 0.3164 0.47060 0.95550
-0.22555 -0.93832 0.07942 0.6278 0.6726 0.3917 0.50390 0.95410
-0.22546 -0.92996 0.07904 0.9411 -0.0438 0.3352 0.50640 0.93640
-0.22454 -0.92189 0.07785 0.7878 -0.6036 0.1227 0.51190 0.91960
-0.23022 -0.92493 0.09265 0.7795 -0.6032 0.1689 0.47300 0.92280
-0.13247 -0.93832 0.10962 -0.8848 0.0656 0.4613 0.10850 0.57400
-0.14034 -0.93439 0.09288 -0.9334 0.1242 0.3367 0.11550 0.53090
-0.14158 -0.94318 0.09367 -0.5211 0.7641 0.3803 0.10350 0.53200
-0.13299 -0.94628 0.10905 -0.5675 0.7093 0.4181 0.09630 0.57260
-0.12588 -0.94833 0.12252 -0.6658 0.6811 0.3046 0.09410 0.60830
-0.12488 -0.93985 0.12410 -0.9555 0.0621 0.2884 0.10930 0.61110
-0.12450 -0.93368 0.12393 -0.8568 -0.4753 0.1998 0.13260 0.60860
-0.13224 -0.93137 0.10929 -0.8130 -0.4946 0.3071 0.13550 0.57230
-0.13989 -0.92721 0.09182 -0.8724 -0.4775 0.1042 0.14080 0.52700
-0.12324 -0.94026 0.13852 -0.9945 0.0955 -0.0434 0.11410 0.64220
-0.12414 -0.95010 0.13685 -0.6824 0.7304 0.0308 0.09780 0.64080
-0.12741 -0.95058 0.15383 -0.6221 0.7621 -0.1796 0.10610 0.68230
-0.12668 -0.94059 0.15541 -0.9611 0.1032 -0.2562 0.12270 0.68030
-0.12611 -0.93568 0.15532 -0.8720 -0.4404 -0.2136 0.14070 0.67690
-0.12276 -0.93535 0.13863 -0.8896 -0.4516 -0.0686 0.13410 0.63940
-0.19517 -0.89899 0.17057 0.4086 -0.9066 -0.1055 0.30510 0.77850
-0.19096 -0.89810 0.17660 0.3650 -0.9028 -0.2275 0.29160 0.77620
-0.19486 -0.90155 0.18083 0.5375 -0.7448 -0.3953 0.28600 0.78660
-0.20063 -0.90255 0.17302 0.6068 -0.7388 -0.2933 0.30300 0.79030
-0.20713 -0.90448 0.16364 0.6117 -0.7458 -0.2638 0.32450 0.79550
-0.19954 -0.90059 0.16308 0.4011 -0.9120 -0.0856 0.32230 0.78100
-0.19100 -0.89757 0.16266 0.2810 -0.9596 -0.0175 0.31920 0.76600
-0.18883 -0.89666 0.16902 0.2663 -0.9639 -0.0083 0.30500 0.76690
-0.18761 -0.89664 0.17380 0.2630 -0.9575 -0.1187 0.29510 0.76880
-0.20479 -0.90179 0.15317 0.4014 -0.8946 -0.1962 0.34550 0.78340
-0.21320 -0.90581 0.15290 0.6107 -0.7367 -0.2903 0.34940 0.79930
-0.19511 -0.89823 0.15320 0.3077 -0.9338 -0.1828 0.34140 0.76600
-0.20339 -0.90722 0.17448 0.7955 -0.3798 -0.4721 0.30150 0.80030
-0.19723 -0.90594 0.18338 0.7142 -0.4464 -0.5391 0.28230 0.79540
-0.19814 -0.91101 0.18460 0.7975 -0.1384 -0.5872 0.27960 0.80430
-0.20401 -0.91253 0.17513 0.8516 -0.0493 -0.5218 0.30010 0.81040
-0.21094 -0.91378 0.16374 0.8665 0.0058 -0.4992 0.32610 0.81530
-0.21048 -0.90885 0.16380 0.8250 -0.3424 -0.4496 0.32580 0.80560
-0.21687 -0.90987 0.15229 0.8521 -0.3361 -0.4012 0.35220 0.80920
-0.21743 -0.91439 0.15165 0.9044 0.0091 -0.4267 0.35400 0.81830
-0.13855 -0.90507 0.16360 -0.6792 -0.7189 -0.1481 0.23810 0.68420
-0.13569 -0.90919 0.16692 -0.8284 -0.5187 -0.2115 0.22680 0.68800
-0.13954 -0.90640 0.17578 -0.8173 -0.5310 -0.2234 0.22880 0.70900
-0.14182 -0.90296 0.17226 -0.6973 -0.7104 -0.0952 0.23800 0.70480
-0.14515 -0.90020 0.16854 -0.5200 -0.8540 -0.0163 0.24800 0.70060
-0.14284 -0.90121 0.15966 -0.5086 -0.8519 -0.1248 0.25130 0.68010
-0.14453 -0.90097 0.17782 -0.6419 -0.7476 -0.1705 0.23890 0.71760
-0.14319 -0.90393 0.18210 -0.7352 -0.5875 -0.3381 0.23130 0.72340
-0.14764 -0.90260 0.18693 -0.5481 -0.6872 -0.4767 0.23340 0.73460
-0.14785 -0.89977 0.18179 -0.4813 -0.8194 -0.3113 0.24030 0.72700
-0.14867 -0.89855 0.17831 -0.4089 -0.9002 -0.1495 0.24520 0.72190
-0.14700 -0.89892 0.17428 -0.4794 -0.8771 -0.0303 0.24640 0.71350
-0.13392 -0.91353 0.16771 -0.9252 -0.2470 -0.2881 0.21760 0.68710
-0.13321 -0.91841 0.16720 -0.9466 0.0040 -0.3223 0.20820 0.68380
-0.13750 -0.91538 0.17803 -0.9104 -0.0356 -0.4122 0.21130 0.70950
-0.13803 -0.91044 0.17743 -0.8937 -0.2866 -0.3451 0.22050 0.71000
-0.14247 -0.90780 0.18524 -0.8072 -0.3607 -0.4673 0.22380 0.72750
-0.14249 -0.91282 0.18734 -0.8376 -0.1051 -0.5360 0.21500 0.73060
-0.14839 -0.91087 0.19456 -0.6638 -0.2470 -0.7060 0.21910 0.74700
-0.14782 -0.90623 0.19132 -0.6149 -0.4967 -0.6126 0.22660 0.74140
-0.20858 -0.93245 0.17709 0.8772 -0.0019 -0.4802 0.27470 0.88730
-0.20361 -0.92954 0.18681 0.8582 -0.0057 -0.5133 0.25360 0.87390
-0.20353 -0.93984 0.18547 0.5828 0.6630 -0.4699 0.25050 0.89600
-0.20836 -0.94108 0.17666 0.6045 0.6707 -0.4298 0.27090 0.90560
-0.21442 -0.94243 0.16572 0.6067 0.6789 -0.4136 0.29630 0.91710
-0.21484 -0.93486 0.16632 0.8723 0.0062 -0.4889 0.29920 0.90090
-0.21507 -0.92795 0.16497 0.7589 -0.5407 -0.3628 0.30580 0.88760
-0.20837 -0.92642 0.17677 0.7626 -0.5505 -0.3396 0.27850 0.87500
-0.20314 -0.92497 0.18665 0.7536 -0.5522 -0.3567 0.25600 0.86460
-0.22199 -0.93626 0.15319 0.8935 0.0055 -0.4491 0.32950 0.91410
-0.22187 -0.94371 0.15231 0.6351 0.6863 -0.3543 0.32750 0.93020
-0.22190 -0.92911 0.15233 0.7666 -0.5384 -0.3499 0.33490 0.89980
-0.13177 -0.93913 0.17115 -0.9320 0.0830 -0.3527 0.13460 0.71590
-0.13239 -0.94901 0.17013 -0.5823 0.7493 -0.3152 0.11900 0.71960
-0.13747 -0.94625 0.18325 -0.5569 0.7137 -0.4249 0.12890 0.75060
-0.13697 -0.93651 0.18388 -0.8910 0.0528 -0.4510 0.14560 0.74490
-0.13649 -0.93203 0.18315 -0.8466 -0.4258 -0.3194 0.16180 0.73710
-0.13122 -0.93444 0.17068 -0.8660 -0.4276 -0.2592 0.15170 0.71030
-0.14342 -0.93356 0.19513 -0.8325 0.0303 -0.5531 0.15840 0.77160
-0.14378 -0.94336 0.19449 -0.4732 0.7003 -0.5345 0.13940 0.77760
-0.15060 -0.93891 0.20417 -0.3706 0.6150 -0.6960 0.15260 0.80330
-0.15027 -0.92934 0.20442 -0.6921 0.0024 -0.7218 0.17090 0.79580
-0.15010 -0.92537 0.20415 -0.7030 -0.4755 -0.5289 0.18340 0.78590
-0.14301 -0.92901 0.19440 -0.8087 -0.4400 -0.3905 0.17260 0.76260
-0.20980 -0.86509 -0.00231 0.9483 0.0539 0.3127 0.71410 0.72410
-0.21276 -0.87128 0.01705 0.9921 0.0439 0.1179 0.67050 0.73200
-0.21207 -0.88066 0.01790 0.9848 0.1085 0.1360 0.66810 0.75130
-0.20902 -0.87590 -0.00130 0.9493 0.0958 0.2994 0.71150 0.74500
-0.20191 -0.87361 -0.01662 0.8260 0.0422 0.5621 0.74820 0.74160
-0.20218 -0.86166 -0.01761 0.7852 0.0113 0.6191 0.75030 0.71950
-0.20159 -0.85097 -0.01834 0.7737 -0.1954 0.6027 0.75300 0.69960
-0.20992 -0.85616 -0.00331 0.9500 -0.1225 0.2872 0.71730 0.70620
-0.21287 -0.86454 0.01658 0.9948 -0.0438 0.0923 0.67360 0.71490
-0.13405 -0.86870 0.01245 -0.9920 -0.1088 0.0634 0.34000 0.31900
-0.13612 -0.86477 -0.00298 -0.9490 -0.1577 0.2731 0.34830 0.28510
-0.13471 -0.87703 -0.00336 -0.9603 -0.0423 0.2759 0.32460 0.28290
-0.13313 -0.88057 0.01215 -0.9987 0.0003 0.0516 0.31770 0.31750
-0.13331 -0.88516 0.02972 -0.9963 0.0860 -0.0043 0.30810 0.35650
-0.13316 -0.87404 0.03022 -0.9994 -0.0284 0.0195 0.33040 0.35800
-0.13370 -0.86409 0.03050 -0.9915 -0.1263 0.0323 0.34940 0.35900
-0.13582 -0.85842 0.01255 -0.9779 -0.1932 0.0798 0.35820 0.31950
-0.13837 -0.85384 -0.00241 -0.9361 -0.2391 0.2579 0.36800 0.28700
-0.18023 -0.92706 -0.00598 0.0068 0.9837 0.1798 0.74500 0.27070
-0.18446 -0.93034 0.01600 -0.0030 0.9861 0.1661 0.70540 0.30540
-0.17367 -0.93075 0.01823 0.0206 0.9854 0.1689 0.71850 0.32080
-0.16901 -0.92748 -0.00430 0.0251 0.9836 0.1784 0.75970 0.28570
-0.21097 -0.91802 -0.00558 0.9705 0.0147 0.2407 0.71140 0.94350
-0.21088 -0.92641 -0.00636 0.7186 0.6343 0.2849 0.71280 0.96130
-0.20557 -0.92403 -0.01946 0.6449 0.5966 0.4777 0.74690 0.95780
-0.20559 -0.91573 -0.01923 0.8651 -0.0192 0.5013 0.74550 0.94030
-0.21107 -0.90917 -0.00550 0.9683 0.0191 0.2489 0.71160 0.92540
-0.20569 -0.90744 -0.01901 0.8629 0.0285 0.5045 0.74400 0.92370
-0.20535 -0.89605 -0.02145 0.7292 -0.5523 0.4040 0.74790 0.90260
-0.21110 -0.89790 -0.00628 0.8184 -0.5544 0.1510 0.71410 0.90330
-0.21349 -0.90072 0.01056 0.8417 -0.5396 0.0194 0.67590 0.90320
-0.21316 -0.91178 0.01097 0.9910 0.0423 0.1271 0.67320 0.92580
-0.13397 -0.92263 0.00978 -0.9939 0.1089 -0.0199 0.11430 0.32500
-0.13389 -0.92001 -0.00496 -0.9796 0.0599 0.1918 0.12190 0.28880
-0.13443 -0.92863 -0.00531 -0.7087 0.6667 0.2308 0.10350 0.28860
-0.13463 -0.93079 0.00906 -0.6941 0.7148 0.0858 0.09690 0.32510
-0.20364 -0.92707 -0.00744 0.0280 0.9800 0.1972 0.71220 0.24400
-0.20366 -0.93026 0.01357 0.0036 0.9868 0.1617 0.67990 0.28080
-0.19467 -0.93019 0.01412 -0.0096 0.9868 0.1615 0.69260 0.29120
-0.19146 -0.92698 -0.00683 -0.0065 0.9829 0.1842 0.72940 0.25750
-0.13287 -0.91382 0.00979 -0.9922 0.1246 0.0077 0.13540 0.32320
-0.13348 -0.91519 0.02555 -0.9836 0.1620 -0.0792 0.13510 0.36190
-0.13181 -0.90489 0.02537 -0.8977 -0.4115 -0.1574 0.16500 0.35730
-0.13131 -0.90174 0.00847 -0.8893 -0.4537 -0.0571 0.16340 0.31760
-0.13232 -0.89954 -0.00656 -0.8707 -0.4640 0.1630 0.16620 0.29080
-0.13322 -0.91142 -0.00461 -0.9727 0.0947 0.2119 0.13870 0.28930
-0.21139 -0.86747 0.07682 0.9289 -0.3214 -0.1842 0.53420 0.71530
-0.21409 -0.87795 0.07575 0.9778 -0.2097 -0.0013 0.53640 0.73930
-0.21281 -0.87221 0.06097 0.9949 -0.0948 -0.0354 0.57250 0.72850
-0.21202 -0.86181 0.06168 0.9712 -0.2019 -0.1263 0.57040 0.70530
-0.20912 -0.84905 0.06027 0.8796 -0.4435 -0.1720 0.56590 0.68020
-0.20683 -0.85802 0.07808 0.8228 -0.4453 -0.3530 0.53100 0.69310
-0.21536 -0.88785 0.07407 0.9859 -0.1013 0.1333 0.54020 0.76150
-0.21515 -0.89702 0.07163 0.9757 0.0208 0.2180 0.54600 0.78170
-0.21304 -0.89099 0.05636 0.9933 0.0877 0.0752 0.58260 0.76990
-0.21333 -0.88198 0.05928 0.9993 -0.0261 0.0254 0.57620 0.75030
-0.21429 -0.87658 0.04239 0.9998 0.0176 0.0038 0.61450 0.74040
-0.21386 -0.88569 0.04127 0.9932 0.1108 0.0351 0.61640 0.75970
-0.21413 -0.86776 0.04309 0.9987 -0.0466 -0.0191 0.61360 0.72110
-0.13807 -0.86928 0.08488 -0.9068 -0.3391 -0.2503 0.34580 0.49300
-0.13703 -0.86221 0.07067 -0.9301 -0.2981 -0.2144 0.35410 0.45750
-0.13421 -0.87190 0.07008 -0.9807 -0.1366 -0.1399 0.33800 0.45250
-0.13553 -0.87903 0.08487 -0.9787 -0.1617 -0.1262 0.32470 0.49090
-0.14199 -0.86112 0.08532 -0.8099 -0.4637 -0.3592 0.36060 0.49860
-0.14079 -0.85282 0.07194 -0.8419 -0.4652 -0.2735 0.37100 0.46800
-0.13253 -0.87882 0.05387 -0.9978 0.0549 -0.0375 0.32250 0.41040
-0.13442 -0.89004 0.05203 -0.9755 0.2141 -0.0501 0.29850 0.40640
-0.13706 -0.89503 0.06731 -0.9511 0.3088 0.0023 0.28730 0.44420
-0.13429 -0.88376 0.06954 -0.9937 0.1003 -0.0505 0.31310 0.45000
-0.13311 -0.86787 0.05495 -0.9911 -0.1161 -0.0651 0.34400 0.41280
-0.13497 -0.89069 0.08526 -0.9957 0.0888 0.0247 0.29800 0.48990
-0.13788 -0.90183 0.08389 -0.9415 0.3091 0.1343 0.27190 0.48460
-0.21621 -0.91359 0.03423 0.9948 0.0870 0.0537 0.62000 0.92020
-0.21678 -0.90528 0.03536 0.8374 -0.5295 -0.1357 0.62110 0.90390
-0.21601 -0.90946 0.04415 0.8268 -0.5250 -0.2021 0.59980 0.90610
-0.21567 -0.91727 0.04327 0.9927 0.0659 0.1011 0.59840 0.92300
-0.21441 -0.92475 0.04244 0.6416 0.6881 0.3389 0.59790 0.93900
-0.21471 -0.92174 0.03391 0.9124 0.3954 -0.1056 0.61830 0.93690
-0.14072 -0.93058 0.00431 0.0234 0.9842 0.1753 0.79020 0.33170
-0.14743 -0.92958 0.00158 0.0582 0.9815 0.1826 0.78390 0.31950
-0.15081 -0.93259 0.02270 0.0572 0.9852 0.1617 0.74680 0.35340
-0.14277 -0.93345 0.02488 0.0379 0.9865 0.1595 0.75590 0.36600
-0.21941 -0.92442 0.06185 0.9634 -0.0178 0.2675 0.55130 0.92990
-0.21890 -0.91607 0.06150 0.8015 -0.5976 -0.0194 0.55540 0.91250
-0.21981 -0.93243 0.06116 0.6487 0.6371 0.4162 0.55020 0.94700
-0.13712 -0.91823 0.04738 -0.9522 0.2156 -0.2165 0.13680 0.41210
-0.13898 -0.92718 0.04714 -0.7688 0.4883 -0.4130 0.11980 0.41670
-0.14293 -0.92887 0.05433 -0.5903 0.7960 0.1336 0.12020 0.43560
-0.13964 -0.92071 0.05376 -0.9423 0.2477 -0.2253 0.13560 0.43090
-0.13865 -0.91359 0.05676 -0.8292 -0.3602 -0.4274 0.16150 0.43580
-0.13537 -0.90967 0.04912 -0.8402 -0.3918 -0.3749 0.16400 0.41040
-0.14372 -0.92758 0.07348 -0.9771 0.2027 0.0654 0.12310 0.48070
-0.14536 -0.93668 0.07313 -0.5750 0.7672 0.2844 0.11160 0.48200
-0.14213 -0.92045 0.07348 -0.8770 -0.4297 -0.2152 0.15440 0.47740
-0.17534 -0.89855 0.18771 0.1200 -0.8875 -0.4449 0.26250 0.76550
-0.16920 -0.89851 0.18866 0.0188 -0.8929 -0.4499 0.25590 0.75890
-0.17112 -0.90179 0.19385 0.0669 -0.7922 -0.6066 0.24910 0.76820
-0.17757 -0.90197 0.19261 0.1898 -0.7814 -0.5944 0.25590 0.77470
-0.18389 -0.90200 0.19012 0.2905 -0.7672 -0.5718 0.26420 0.78020
-0.18124 -0.89853 0.18547 0.2013 -0.8864 -0.4168 0.27040 0.77090
-0.17859 -0.89579 0.17945 0.1205 -0.9663 -0.2276 0.27930 0.76050
-0.17313 -0.89576 0.18124 0.0481 -0.9682 -0.2455 0.27210 0.75450
-0.16743 -0.89586 0.18187 -0.0290 -0.9707 -0.2387 0.26590 0.74680
-0.18634 -0.89823 0.18172 0.2790 -0.8953 -0.3473 0.28010 0.77410
-0.18950 -0.90163 0.18637 0.4082 -0.7591 -0.5071 0.27380 0.78380
-0.18363 -0.89595 0.17608 0.1871 -0.9679 -0.1680 0.28860 0.76470
-0.17931 -0.90571 0.19607 0.2658 -0.6070 -0.7489 0.25080 0.78220
-0.17301 -0.90544 0.19751 0.1177 -0.6196 -0.7760 0.24410 0.77590
-0.17465 -0.90967 0.19972 0.1594 -0.4296 -0.8888 0.23980 0.78310
-0.18070 -0.90994 0.19821 0.3283 -0.4190 -0.8466 0.24660 0.78930
-0.18641 -0.91027 0.19542 0.5061 -0.3578 -0.7848 0.25470 0.79460
-0.18546 -0.90589 0.19342 0.4048 -0.5661 -0.7181 0.25900 0.78760
-0.19139 -0.90571 0.18945 0.5588 -0.5112 -0.6530 0.26910 0.79170
-0.19224 -0.91045 0.19103 0.6668 -0.2472 -0.7030 0.26540 0.79940
-0.17043 -0.86078 -0.02940 -0.1031 -0.1414 0.9846 0.80790 0.70960
-0.16048 -0.86125 -0.02725 -0.3583 -0.1279 0.9248 0.82500 0.70480
-0.16041 -0.85046 -0.02545 -0.3474 -0.2158 0.9126 0.81730 0.68180
-0.16970 -0.84972 -0.02735 -0.1205 -0.2334 0.9649 0.80290 0.68720
-0.18076 -0.84921 -0.02750 0.0793 -0.2028 0.9760 0.78780 0.69200
-0.18159 -0.86063 -0.02927 0.1446 -0.1279 0.9812 0.79040 0.71370
-0.18350 -0.87278 -0.03049 0.2045 -0.0145 0.9788 0.79200 0.73710
-0.17168 -0.87264 -0.03101 -0.0794 -0.0148 0.9967 0.81110 0.73360
-0.16062 -0.87287 -0.02866 -0.3494 -0.0183 0.9368 0.83060 0.73010
-0.19156 -0.86055 -0.02633 0.4707 -0.0699 0.8795 0.77430 0.71620
-0.19066 -0.84912 -0.02564 0.4049 -0.1693 0.8985 0.77410 0.69530
-0.19322 -0.87284 -0.02635 0.5556 -0.0064 0.8315 0.77370 0.73930
-0.16897 -0.84234 -0.02476 -0.1375 -0.3244 0.9359 0.79900 0.67340
-0.16050 -0.84299 -0.02301 -0.3234 -0.2930 0.8998 0.81100 0.66750
-0.16058 -0.83856 -0.02147 -0.2915 -0.5491 0.7833 0.80780 0.66290
-0.16810 -0.83800 -0.02295 -0.1386 -0.5884 0.7966 0.79720 0.66780
-0.17764 -0.83781 -0.02375 -0.0141 -0.6147 0.7886 0.78570 0.67180
-0.17951 -0.84202 -0.02548 0.0153 -0.3074 0.9514 0.78590 0.67970
-0.18851 -0.84268 -0.02493 0.3541 -0.3516 0.8666 0.77520 0.68480
-0.18617 -0.83835 -0.02380 0.3037 -0.6397 0.7061 0.77580 0.67740
-0.19720 -0.84404 -0.01862 0.6613 -0.6046 0.4440 0.75850 0.67990
-0.19936 -0.84677 -0.01874 0.7185 -0.4261 0.5498 0.75640 0.68680
-0.18752 -0.92398 0.20373 0.4371 -0.0781 -0.8960 0.21550 0.84560
-0.18059 -0.92429 0.20598 0.2616 -0.1045 -0.9595 0.20540 0.83830
-0.18128 -0.93283 0.20683 0.2497 0.4594 -0.8524 0.19530 0.85310
-0.18804 -0.93314 0.20400 0.3782 0.4672 -0.7992 0.20690 0.86210
-0.19346 -0.93509 0.19956 0.4896 0.5516 -0.6753 0.21810 0.87270
-0.19331 -0.92489 0.20024 0.6645 -0.0337 -0.7465 0.22460 0.85290
-0.19294 -0.92133 0.20020 0.5861 -0.6120 -0.5310 0.22670 0.84690
-0.18708 -0.92042 0.20343 0.3706 -0.6224 -0.6894 0.21870 0.83980
-0.18025 -0.92027 0.20560 0.2061 -0.5831 -0.7858 0.21080 0.83140
-0.19852 -0.92781 0.19426 0.7986 -0.0016 -0.6018 0.23700 0.86400
-0.19842 -0.93804 0.19296 0.5170 0.6463 -0.5613 0.23290 0.88560
-0.19812 -0.92355 0.19437 0.7182 -0.5586 -0.4149 0.23900 0.85550
-0.19800 -0.91381 -0.02861 0.5774 -0.0643 0.8139 0.77200 0.93450
-0.19798 -0.92187 -0.02945 0.4356 0.5401 0.7201 0.77630 0.95140
-0.18816 -0.92111 -0.03289 0.1405 0.5459 0.8259 0.79730 0.94460
-0.18810 -0.91307 -0.03199 0.1945 -0.0974 0.9760 0.79170 0.92800
-0.19810 -0.90576 -0.02791 0.5590 0.0322 0.8286 0.76790 0.91870
-0.18813 -0.90505 -0.03127 0.1688 -0.0087 0.9856 0.78630 0.91240
-0.18810 -0.89423 -0.03188 0.1388 -0.6067 0.7827 0.78030 0.89340
-0.19796 -0.89487 -0.02980 0.4614 -0.5466 0.6988 0.76720 0.90000
-0.17459 -0.91310 -0.03278 -0.0456 -0.1014 0.9938 0.81550 0.91850
-0.17475 -0.92121 -0.03370 -0.0237 0.5583 0.8293 0.82240 0.93500
-0.16179 -0.92195 -0.03183 -0.2026 0.5572 0.8053 0.84610 0.92460
-0.16157 -0.91375 -0.03090 -0.3025 -0.0919 0.9487 0.83840 0.90810
-0.17457 -0.90501 -0.03202 -0.0523 -0.0439 0.9977 0.80850 0.90280
-0.16145 -0.90558 -0.03012 -0.2960 -0.0446 0.9542 0.83060 0.89180
-0.16121 -0.89450 -0.02991 -0.2643 -0.5764 0.7732 0.81850 0.87060
-0.17449 -0.89408 -0.03188 -0.0509 -0.6088 0.7917 0.79910 0.88300
-0.19465 -0.94619 0.12867 0.0565 0.9963 0.0653 0.60140 0.42600
-0.18091 -0.94711 0.13095 0.0539 0.9963 0.0668 0.58060 0.43840
-0.18077 -0.94539 0.11548 0.0409 0.9919 0.1206 0.60270 0.46700
-0.19409 -0.94453 0.11316 0.0436 0.9924 0.1147 0.62280 0.45530
-0.20749 -0.94363 0.11076 0.0478 0.9927 0.1107 0.64330 0.44350
-0.20817 -0.94524 0.12627 0.0572 0.9962 0.0653 0.62200 0.41400
-0.20419 -0.94589 0.14288 0.0727 0.9968 -0.0334 0.59320 0.38800
-0.19096 -0.94680 0.14518 0.0735 0.9966 -0.0363 0.57300 0.39990
-0.17790 -0.94769 0.14721 0.0698 0.9969 -0.0364 0.55330 0.41210
-0.22083 -0.94433 0.12374 0.0567 0.9960 0.0686 0.64190 0.40320
-0.22091 -0.94267 0.10828 0.0516 0.9925 0.1106 0.66400 0.43160
-0.21624 -0.94509 0.14010 0.0704 0.9972 -0.0256 0.61270 0.37840
-0.19233 -0.94292 0.09941 0.0275 0.9876 0.1547 0.64020 0.48280
-0.17961 -0.94360 0.10166 0.0241 0.9861 0.1641 0.62090 0.49400
-0.17959 -0.94072 0.08739 0.0020 0.9690 0.2472 0.64130 0.52060
-0.19033 -0.94034 0.08563 0.0036 0.9697 0.2441 0.65740 0.51080
-0.20233 -0.93974 0.08345 0.0136 0.9699 0.2430 0.67580 0.50020
-0.20521 -0.94217 0.09707 0.0364 0.9882 0.1487 0.65990 0.47150
-0.21801 -0.94127 0.09471 0.0432 0.9885 0.1452 0.67970 0.46010
-0.21418 -0.93894 0.08122 0.0207 0.9699 0.2425 0.69430 0.48970
-0.19539 -0.88872 0.12800 0.3132 -0.8416 -0.4400 0.40010 0.74090
-0.19612 -0.88093 0.11522 0.3772 -0.7228 -0.5791 0.43350 0.72590
-0.18868 -0.87789 0.11547 0.2501 -0.7277 -0.6386 0.43080 0.71180
-0.18799 -0.88660 0.12808 0.2140 -0.8505 -0.4804 0.39720 0.72780
-0.18471 -0.89190 0.14151 0.1620 -0.9239 -0.3466 0.36330 0.73680
-0.19206 -0.89341 0.14130 0.2549 -0.9051 -0.3404 0.36690 0.74920
-0.18038 -0.88527 0.12820 0.1147 -0.8539 -0.5076 0.39360 0.71510
-0.18013 -0.87595 0.11593 0.1335 -0.7330 -0.6671 0.42620 0.69770
-0.17118 -0.87553 0.11664 0.0218 -0.7354 -0.6773 0.41940 0.68460
-0.17258 -0.88502 0.12872 0.0149 -0.8559 -0.5169 0.38820 0.70330
-0.17106 -0.89098 0.14180 -0.0033 -0.9376 -0.3477 0.35580 0.71470
-0.17792 -0.89107 0.14146 0.0753 -0.9329 -0.3522 0.36030 0.72560
-0.19707 -0.86989 0.10399 0.4574 -0.6338 -0.6238 0.46500 0.70710
-0.19861 -0.86033 0.09283 0.5561 -0.6073 -0.5674 0.49410 0.69080
-0.19087 -0.85675 0.09467 0.3416 -0.6709 -0.6582 0.48770 0.67680
-0.18949 -0.86657 0.10486 0.2829 -0.6646 -0.6916 0.46110 0.69320
-0.17972 -0.86464 0.10565 0.1357 -0.6820 -0.7187 0.45480 0.67810
-0.18029 -0.85468 0.09589 0.1556 -0.6911 -0.7058 0.48030 0.66130
-0.17030 -0.85421 0.09645 0.0007 -0.6977 -0.7163 0.47290 0.64740
-0.16979 -0.86432 0.10634 0.0097 -0.6908 -0.7230 0.44730 0.66430
-0.18393 -0.94067 0.18937 0.1024 0.9443 -0.3127 0.49890 0.32490
-0.17648 -0.94093 0.19114 0.1063 0.9430 -0.3153 0.48630 0.33100
-0.17404 -0.94389 0.17777 0.0827 0.9789 -0.1867 0.50310 0.35950
-0.18282 -0.94338 0.17643 0.0879 0.9792 -0.1828 0.51670 0.35100
-0.19181 -0.94295 0.17425 0.0888 0.9801 -0.1773 0.53170 0.34380
-0.19092 -0.94061 0.18661 0.0790 0.9565 -0.2809 0.51240 0.32120
-0.19885 -0.94080 0.18219 0.0681 0.9737 -0.2176 0.52950 0.31970
-0.20225 -0.94268 0.17050 0.0851 0.9822 -0.1677 0.55090 0.33790
-0.18550 -0.94568 0.16151 0.0857 0.9876 -0.1318 0.54220 0.37600
-0.17447 -0.94642 0.16315 0.0807 0.9877 -0.1339 0.52540 0.38660
-0.19699 -0.94495 0.15940 0.0850 0.9882 -0.1275 0.56020 0.36570
-0.20923 -0.94432 0.15625 0.0828 0.9895 -0.1184 0.58060 0.35650
-0.18278 -0.89544 0.17025 0.1375 -0.9905 0.0013 0.29930 0.75850
-0.18383 -0.89601 0.16313 0.1562 -0.9877 0.0027 0.31470 0.75460
-0.17759 -0.89549 0.16385 0.0572 -0.9984 -0.0005 0.30990 0.74510
-0.17714 -0.89495 0.17227 0.0513 -0.9985 -0.0194 0.29210 0.75160
-0.17171 -0.89486 0.17327 -0.0112 -0.9997 -0.0221 0.28660 0.74410
-0.17198 -0.89547 0.16414 -0.0118 -0.9999 -0.0095 0.30620 0.73630
-0.16653 -0.89579 0.16432 -0.0615 -0.9980 -0.0175 0.30270 0.72750
-0.16628 -0.89512 0.17362 -0.0650 -0.9978 -0.0141 0.28220 0.73590
-0.18704 -0.89609 0.15343 0.2075 -0.9619 -0.1778 0.33720 0.75220
-0.18025 -0.89503 0.15365 0.1104 -0.9777 -0.1788 0.33340 0.74100
-0.17429 -0.89454 0.15355 0.0316 -0.9814 -0.1896 0.33060 0.73110
-0.16844 -0.89457 0.15370 -0.0276 -0.9803 -0.1955 0.32710 0.72160
-0.20554 -0.93323 0.03175 -0.0966 0.8163 -0.5696 0.65000 0.31160
-0.19562 -0.93300 0.02954 -0.0616 0.8620 -0.5032 0.66830 0.31810
-0.18577 -0.93299 0.02999 0.0366 0.8407 -0.5402 0.68260 0.32930
-0.17526 -0.93318 0.03079 0.1381 0.8531 -0.5032 0.69720 0.34170
-0.18777 -0.93441 0.06693 -0.0099 0.9470 0.3210 0.68180 0.54880
-0.17830 -0.93478 0.06835 -0.0077 0.9479 0.3184 0.66800 0.55760
-0.17446 -0.92825 0.05032 -0.0065 0.9447 0.3280 0.68990 0.59570
-0.18479 -0.92772 0.04866 -0.0061 0.9447 0.3279 0.70530 0.58630
-0.19589 -0.92713 0.04667 0.0022 0.9420 0.3355 0.72230 0.57640
-0.19851 -0.93389 0.06510 -0.0044 0.9465 0.3228 0.69800 0.53910
-0.20920 -0.93320 0.06314 0.0119 0.9437 0.3307 0.71470 0.52950
-0.20575 -0.92655 0.04485 0.0318 0.9351 0.3528 0.73780 0.56750
-0.18532 -0.92240 0.03255 0.0444 0.8707 -0.4898 0.15810 0.89930
-0.17468 -0.92268 0.03333 0.1488 0.8474 -0.5097 0.14430 0.88620
-0.17526 -0.93318 0.03079 0.1381 0.8531 -0.5032 0.12830 0.90250
-0.18577 -0.93299 0.02999 0.0366 0.8407 -0.5402 0.14210 0.91580
-0.19562 -0.93300 0.02954 -0.0616 0.8620 -0.5032 0.15500 0.92850
-0.19539 -0.92224 0.03214 -0.0581 0.8534 -0.5181 0.17120 0.91160
-0.18532 -0.92240 0.03255 0.0444 0.8707 -0.4898 0.72960 0.61520
-0.19539 -0.92224 0.03214 -0.0581 0.8534 -0.5181 0.74330 0.60360
-0.17468 -0.92268 0.03333 0.1488 0.8474 -0.5097 0.71460 0.62690
-0.20584 -0.92232 0.03448 -0.0558 0.8979 -0.4366 0.18680 0.92400
-0.20554 -0.93323 0.03175 -0.0966 0.8163 -0.5696 0.17000 0.94090
-0.20584 -0.92232 0.03448 -0.0558 0.8979 -0.4366 0.75370 0.58660
-0.20094 -0.85093 0.08004 0.6476 -0.5792 -0.4950 0.52390 0.67570
-0.20192 -0.84195 0.06776 0.6871 -0.6260 -0.3687 0.54550 0.66280
-0.19308 -0.83810 0.07262 0.4407 -0.7342 -0.5164 0.53340 0.64710
-0.19227 -0.84694 0.08355 0.4045 -0.6791 -0.6126 0.51450 0.66040
-0.18166 -0.84446 0.08568 0.2049 -0.7069 -0.6770 0.50530 0.64490
-0.18227 -0.83582 0.07574 0.2432 -0.7706 -0.5891 0.52300 0.63210
-0.17222 -0.83533 0.07803 0.0347 -0.7736 -0.6328 0.51490 0.61840
-0.17153 -0.84385 0.08669 0.0175 -0.7058 -0.7082 0.49720 0.63110
-0.15229 -0.89920 0.18502 -0.3059 -0.8664 -0.3947 0.24260 0.73580
-0.15301 -0.90209 0.19042 -0.3352 -0.7648 -0.5502 0.23600 0.74440
-0.15882 -0.90190 0.19267 -0.1836 -0.7903 -0.5846 0.23940 0.75320
-0.15748 -0.89896 0.18731 -0.1848 -0.8835 -0.4304 0.24580 0.74410
-0.15623 -0.89680 0.18086 -0.1766 -0.9621 -0.2076 0.25280 0.73290
-0.15159 -0.89755 0.17919 -0.2741 -0.9466 -0.1697 0.24850 0.72590
-0.16320 -0.89869 0.18852 -0.0867 -0.8910 -0.4456 0.25030 0.75180
-0.16488 -0.90179 0.19384 -0.0638 -0.7935 -0.6052 0.24370 0.76110
-0.16166 -0.89622 0.18174 -0.1035 -0.9684 -0.2271 0.25860 0.73980
-0.15384 -0.90555 0.19500 -0.3632 -0.6055 -0.7081 0.22970 0.75190
-0.15469 -0.91004 0.19834 -0.3914 -0.3871 -0.8348 0.22290 0.75820
-0.16120 -0.90979 0.19986 -0.1483 -0.4444 -0.8835 0.22750 0.76730
-0.16011 -0.90539 0.19694 -0.1729 -0.6298 -0.7572 0.23360 0.76070
-0.16656 -0.90535 0.19779 -0.0315 -0.6225 -0.7820 0.23830 0.76870
-0.16800 -0.90966 0.20029 0.0087 -0.4353 -0.9002 0.23320 0.77570
-0.14116 -0.86331 -0.01239 -0.8046 -0.1556 0.5731 0.35220 0.26340
-0.14355 -0.85217 -0.01188 -0.8068 -0.2055 0.5539 0.37370 0.26510
-0.14872 -0.85182 -0.01742 -0.6769 -0.1691 0.7164 0.37620 0.25060
-0.14680 -0.86301 -0.01803 -0.6722 -0.1299 0.7288 0.35380 0.24830
-0.14533 -0.87502 -0.01841 -0.6599 -0.0377 0.7504 0.32940 0.24630
-0.13944 -0.87562 -0.01258 -0.8100 -0.0522 0.5842 0.32760 0.26190
-0.15317 -0.86216 -0.02313 -0.5678 -0.1177 0.8147 0.35710 0.23320
-0.15411 -0.85120 -0.02202 -0.5578 -0.1810 0.8100 0.37940 0.23740
-0.16041 -0.85046 -0.02545 -0.3474 -0.2158 0.9126 0.38360 0.22480
-0.16048 -0.86125 -0.02725 -0.3583 -0.1279 0.9248 0.36110 0.21810
-0.16062 -0.87287 -0.02866 -0.3494 -0.0183 0.9368 0.33620 0.21260
-0.15252 -0.87389 -0.02402 -0.5548 -0.0241 0.8316 0.33270 0.22960
-0.14578 -0.84571 -0.01274 -0.7950 -0.2745 0.5410 0.38690 0.26350
-0.14049 -0.84753 -0.00300 -0.9072 -0.3461 0.2392 0.38030 0.28570
-0.14238 -0.84395 -0.00335 -0.8150 -0.5517 0.1770 0.38800 0.28470
-0.14762 -0.84177 -0.01301 -0.7309 -0.5083 0.4555 0.39540 0.26300
-0.15185 -0.84056 -0.01722 -0.6250 -0.4794 0.6161 0.39990 0.25210
-0.15046 -0.84479 -0.01731 -0.6646 -0.2193 0.7143 0.39070 0.25150
-0.15500 -0.84383 -0.02056 -0.5230 -0.2396 0.8180 0.39470 0.24170
-0.15571 -0.83943 -0.01969 -0.4793 -0.5019 0.7199 0.40390 0.24440
-0.16058 -0.83856 -0.02147 -0.2915 -0.5491 0.7833 0.40860 0.23690
-0.16050 -0.84299 -0.02301 -0.3234 -0.2930 0.8998 0.39930 0.23180
-0.15659 -0.92607 0.20850 -0.3186 -0.0517 -0.9465 0.17700 0.80810
-0.15699 -0.93504 0.20903 -0.1879 0.4681 -0.8635 0.15990 0.81870
-0.16406 -0.93386 0.20965 0.0737 0.4638 -0.8829 0.16930 0.82980
-0.16357 -0.92538 0.20869 0.0273 -0.0916 -0.9954 0.18350 0.81790
-0.16342 -0.92124 0.20835 -0.0398 -0.6041 -0.7959 0.19690 0.80850
-0.15647 -0.92226 0.20821 -0.3629 -0.5855 -0.7249 0.19010 0.79860
-0.17207 -0.92486 0.20771 0.1514 -0.1064 -0.9827 0.19360 0.82860
-0.17269 -0.93325 0.20871 0.1650 0.4680 -0.8682 0.18170 0.84210
-0.17186 -0.92057 0.20737 0.0953 -0.5777 -0.8107 0.20370 0.82000
-0.13726 -0.90946 -0.01419 -0.8086 0.0698 0.5842 0.14620 0.26750
-0.13626 -0.89804 -0.01583 -0.7339 -0.4678 0.4924 0.17140 0.26900
-0.14299 -0.89672 -0.02094 -0.5463 -0.5159 0.6599 0.17660 0.25640
-0.14389 -0.90800 -0.02005 -0.5919 0.0279 0.8056 0.15380 0.25120
-0.13770 -0.91786 -0.01498 -0.8249 -0.0066 0.5653 0.12990 0.26440
-0.14420 -0.91630 -0.02082 -0.6223 -0.0549 0.7808 0.13770 0.24730
-0.14448 -0.92464 -0.02171 -0.4095 0.6052 0.6827 0.12090 0.24390
-0.13811 -0.92629 -0.01586 -0.5855 0.6128 0.5307 0.11270 0.26190
-0.15217 -0.90663 -0.02558 -0.4873 -0.0161 0.8731 0.16170 0.23330
-0.15172 -0.89544 -0.02555 -0.4370 -0.5501 0.7116 0.18400 0.24130
-0.16121 -0.89450 -0.02991 -0.2643 -0.5764 0.7732 0.19210 0.22500
-0.16145 -0.90558 -0.03012 -0.2960 -0.0446 0.9542 0.16700 0.21440
-0.15238 -0.91487 -0.02637 -0.5094 -0.0737 0.8574 0.14440 0.22770
-0.16157 -0.91375 -0.03090 -0.3025 -0.0919 0.9487 0.15280 0.20770
-0.16179 -0.92195 -0.03183 -0.2026 0.5572 0.8053 0.14050 0.20160
-0.15261 -0.92314 -0.02729 -0.3362 0.5915 0.7329 0.12940 0.22260
-0.13763 -0.94943 0.13516 0.0418 0.9963 0.0754 0.51780 0.48400
-0.13913 -0.94767 0.12075 0.0355 0.9911 0.1280 0.54080 0.50840
-0.15326 -0.94700 0.11942 0.0372 0.9910 0.1285 0.56160 0.49320
-0.15213 -0.94875 0.13411 0.0442 0.9965 0.0712 0.53890 0.46770
-0.15188 -0.94919 0.15042 0.0589 0.9978 -0.0304 0.51450 0.43820
-0.13926 -0.94988 0.15186 0.0605 0.9979 -0.0231 0.49530 0.45160
-0.16701 -0.94798 0.13293 0.0491 0.9965 0.0680 0.56000 0.45160
-0.16742 -0.94623 0.11776 0.0390 0.9913 0.1256 0.58240 0.47900
-0.16510 -0.94847 0.14902 0.0628 0.9974 -0.0353 0.53400 0.42440
-0.14472 -0.94555 0.10723 0.0390 0.9855 0.1650 0.56760 0.52640
-0.15027 -0.94223 0.09186 0.0336 0.9688 0.2454 0.59720 0.54800
-0.15938 -0.94159 0.09046 0.0190 0.9682 0.2494 0.61120 0.53940
-0.15595 -0.94489 0.10554 0.0308 0.9844 0.1733 0.58490 0.51560
-0.16756 -0.94425 0.10365 0.0254 0.9848 0.1719 0.60270 0.50490
-0.16933 -0.94111 0.08896 0.0075 0.9683 0.2498 0.62610 0.53010
-0.16446 -0.88609 0.12992 -0.0950 -0.8615 -0.4987 0.31270 0.62680
-0.17258 -0.88502 0.12872 0.0149 -0.8559 -0.5169 0.32470 0.63160
-0.17118 -0.87553 0.11664 0.0218 -0.7354 -0.6773 0.34330 0.59960
-0.16243 -0.87691 0.11765 -0.0971 -0.7356 -0.6704 0.33090 0.59320
-0.15458 -0.87987 0.11899 -0.2304 -0.7324 -0.6408 0.31840 0.59000
-0.15603 -0.88838 0.13128 -0.2282 -0.8602 -0.4561 0.30010 0.62340
-0.15531 -0.89325 0.14440 -0.2181 -0.9344 -0.2817 0.28720 0.65580
-0.16332 -0.89163 0.14297 -0.0919 -0.9420 -0.3228 0.29990 0.65880
-0.17106 -0.89098 0.14180 -0.0033 -0.9376 -0.3477 0.31180 0.66280
-0.14806 -0.89171 0.13269 -0.3621 -0.8442 -0.3952 0.28740 0.62140
-0.14772 -0.88414 0.12056 -0.3761 -0.7273 -0.5741 0.30530 0.58940
-0.14782 -0.89594 0.14567 -0.3539 -0.9030 -0.2436 0.27420 0.65310
-0.16110 -0.86576 0.10707 -0.1239 -0.6941 -0.7091 0.35500 0.56260
-0.16979 -0.86432 0.10634 0.0097 -0.6908 -0.7230 0.36660 0.56990
-0.17030 -0.85421 0.09645 0.0007 -0.6977 -0.7163 0.38490 0.55120
-0.16139 -0.85563 0.09693 -0.1695 -0.7042 -0.6894 0.37480 0.54160
-0.15361 -0.85885 0.09746 -0.3749 -0.6878 -0.6216 0.36460 0.53410
-0.15347 -0.86880 0.10809 -0.2905 -0.6863 -0.6667 0.34310 0.55900
-0.14743 -0.87333 0.10944 -0.4779 -0.6557 -0.5845 0.33070 0.55890
-0.14763 -0.86370 0.09794 -0.5865 -0.6248 -0.5154 0.35380 0.52970
-0.15118 -0.94259 0.19422 0.1326 0.9485 -0.2877 0.44720 0.35780
-0.14601 -0.94557 0.18192 0.1007 0.9779 -0.1830 0.45900 0.38750
-0.15476 -0.94494 0.18056 0.0917 0.9780 -0.1874 0.47300 0.37870
-0.15890 -0.94190 0.19368 0.1026 0.9446 -0.3117 0.45860 0.34870
-0.16770 -0.94134 0.19257 0.1000 0.9444 -0.3132 0.47230 0.33950
-0.16438 -0.94439 0.17913 0.0830 0.9785 -0.1891 0.48820 0.36910
-0.14241 -0.94834 0.16826 0.0850 0.9883 -0.1264 0.47500 0.41750
-0.15269 -0.94770 0.16656 0.0789 0.9880 -0.1328 0.49150 0.40750
-0.16350 -0.94707 0.16484 0.0765 0.9878 -0.1353 0.50850 0.39710
-0.16073 -0.89568 0.17369 -0.1156 -0.9933 -0.0061 0.26720 0.72410
-0.16628 -0.89512 0.17362 -0.0650 -0.9978 -0.0141 0.27560 0.72940
-0.16653 -0.89579 0.16432 -0.0615 -0.9980 -0.0175 0.28600 0.70990
-0.16087 -0.89627 0.16472 -0.1115 -0.9936 -0.0204 0.27690 0.70590
-0.15519 -0.89706 0.16540 -0.1902 -0.9817 -0.0115 0.26740 0.70250
-0.15542 -0.89649 0.17357 -0.1761 -0.9844 0.0031 0.25960 0.71920
-0.15079 -0.89751 0.17331 -0.2875 -0.9577 0.0122 0.25310 0.71480
-0.14979 -0.89827 0.16645 -0.3236 -0.9462 0.0021 0.25770 0.70020
-0.16192 -0.89500 0.15452 -0.0922 -0.9780 -0.1873 0.28820 0.68490
-0.16844 -0.89457 0.15370 -0.0276 -0.9803 -0.1955 0.29870 0.68850
-0.15511 -0.89611 0.15576 -0.1999 -0.9664 -0.1618 0.27670 0.68200
-0.14855 -0.89815 0.15724 -0.3433 -0.9298 -0.1326 0.26440 0.67990
-0.15310 -0.93543 0.03938 0.3349 0.8015 -0.4955 0.71770 0.38040
-0.14608 -0.93629 0.04308 0.3487 0.7802 -0.5193 0.72280 0.39450
-0.16193 -0.93159 0.02051 0.0442 0.9849 0.1676 0.73300 0.33750
-0.16347 -0.93419 0.03460 0.2772 0.8235 -0.4950 0.70930 0.36090
-0.15304 -0.93609 0.07191 0.0029 0.9477 0.3190 0.63050 0.58180
-0.14901 -0.92971 0.05414 -0.0243 0.9343 0.3556 0.65120 0.62010
-0.15601 -0.92928 0.05305 -0.0139 0.9368 0.3495 0.66210 0.61330
-0.16058 -0.93558 0.07080 0.0089 0.9491 0.3149 0.64200 0.57450
-0.16925 -0.93515 0.06959 -0.0008 0.9488 0.3160 0.65480 0.56620
-0.16482 -0.92878 0.05177 -0.0103 0.9423 0.3346 0.67540 0.60480
-0.14519 -0.92542 0.04486 0.3275 0.8554 -0.4012 0.10540 0.84420
-0.14608 -0.93629 0.04308 0.3487 0.7802 -0.5193 0.08820 0.85950
-0.15310 -0.93543 0.03938 0.3349 0.8015 -0.4955 0.09810 0.87060
-0.15241 -0.92469 0.04163 0.3168 0.8523 -0.4161 0.11510 0.85500
-0.14519 -0.92542 0.04486 0.3275 0.8554 -0.4012 0.65980 0.64270
-0.15241 -0.92469 0.04163 0.3168 0.8523 -0.4161 0.67390 0.63940
-0.16288 -0.92359 0.03693 0.2718 0.8446 -0.4613 0.12910 0.87040
-0.16347 -0.93419 0.03460 0.2772 0.8235 -0.4950 0.11250 0.88620
-0.16288 -0.92359 0.03693 0.2718 0.8446 -0.4613 0.69420 0.63490
-0.16232 -0.84541 0.08686 -0.2020 -0.6975 -0.6876 0.39290 0.52830
-0.17153 -0.84385 0.08669 0.0175 -0.7058 -0.7082 0.40250 0.53940
-0.17222 -0.83533 0.07803 0.0347 -0.7736 -0.6328 0.41790 0.52850
-0.16298 -0.83736 0.07918 -0.2284 -0.7467 -0.6247 0.40810 0.51720
-0.15424 -0.84118 0.07841 -0.4754 -0.6898 -0.5461 0.39790 0.50460
-0.15400 -0.84894 0.08656 -0.4308 -0.6661 -0.6089 0.38350 0.51700
-0.14729 -0.85427 0.08595 -0.6503 -0.5839 -0.4861 0.37300 0.50700
-0.14726 -0.84659 0.07709 -0.6841 -0.5920 -0.4260 0.38580 0.49150
-0.20900 -0.85351 -0.00289 0.9064 -0.3698 0.2040 0.71970 0.69390
-0.20782 -0.85115 -0.00227 0.8210 -0.5564 0.1276 0.71960 0.68970
-0.21182 -0.85688 0.01719 0.8899 -0.4540 0.0445 0.67570 0.69400
-0.21270 -0.86021 0.01691 0.9792 -0.1934 0.0618 0.67500 0.70250
-0.21338 -0.85970 0.04378 0.9879 -0.1516 -0.0339 0.61250 0.70300
-0.21219 -0.85377 0.04405 0.9124 -0.4092 0.0015 0.61210 0.68920
-0.13749 -0.85227 0.01233 -0.9448 -0.3205 0.0678 0.36990 0.31900
-0.13895 -0.84898 0.01233 -0.8291 -0.5589 -0.0144 0.37710 0.31870
-0.13442 -0.85805 0.03069 -0.9684 -0.2483 0.0248 0.36130 0.35970
-0.13556 -0.85464 0.03064 -0.8639 -0.5035 -0.0118 0.36850 0.35990
-0.13454 -0.85984 0.05529 -0.9611 -0.2565 -0.1028 0.35830 0.41530
-0.13620 -0.85480 0.05519 -0.8824 -0.4587 -0.1050 0.36790 0.41710
-0.13812 -0.85234 0.05451 -0.0213 -0.9904 0.1368 0.37320 0.41720
-0.13747 -0.85274 0.03026 0.0900 -0.9826 -0.1627 0.37370 0.35960
-0.14231 -0.84863 0.06730 -0.1969 -0.9172 0.3463 0.37910 0.45850
-0.14421 -0.85316 0.06625 0.7530 -0.3955 0.5259 0.38750 0.44830
-0.14026 -0.85700 0.05302 0.8680 -0.4685 0.1646 0.38460 0.41100
-0.14024 -0.85763 0.02933 0.8769 -0.4568 -0.1497 0.38730 0.36010
-0.14075 -0.84726 0.01267 0.0708 -0.9407 -0.3318 0.38200 0.31940
-0.14393 -0.84208 -0.00227 -0.0410 -0.9656 -0.2569 0.39280 0.28680
-0.14332 -0.85217 0.01294 0.8243 -0.4634 -0.3252 0.39250 0.32480
-0.14597 -0.84631 -0.00009 0.7712 -0.5003 -0.3936 0.39970 0.29460
-0.21000 -0.85109 0.04362 0.0658 -0.9494 0.3072 0.61340 0.68210
-0.20650 -0.84457 0.05487 0.1300 -0.8853 0.4464 0.57640 0.66960
-0.20980 -0.85481 0.01728 -0.0123 -0.9959 -0.0897 0.67660 0.68850
-0.20677 -0.85929 0.01707 -0.8288 -0.5424 -0.1374 0.67660 0.67720
-0.20747 -0.85555 0.04256 -0.8335 -0.5105 0.2112 0.62030 0.67350
-0.20431 -0.84935 0.05494 -0.7482 -0.3953 0.5328 0.58520 0.66340
-0.20608 -0.84877 -0.00141 0.1831 -0.9387 -0.2922 0.71980 0.68220
-0.19559 -0.84172 -0.01673 0.3145 -0.9135 -0.2579 0.75600 0.67560
-0.19542 -0.84454 -0.01359 -0.4253 -0.5722 -0.7013 0.74770 0.66750
-0.20382 -0.85262 -0.00033 -0.6882 -0.5630 -0.4576 0.71500 0.67250
-0.16328 -0.83457 0.07534 -0.2778 -0.7926 0.5428 0.41450 0.51070
-0.15461 -0.83834 0.07455 -0.2748 -0.7615 0.5870 0.40430 0.49870
-0.17222 -0.83249 0.07401 -0.1988 -0.8358 0.5117 0.42480 0.52110
-0.17229 -0.83829 0.07594 -0.1699 0.3240 0.9307 0.43370 0.51000
-0.16390 -0.84026 0.07765 0.1015 0.3378 0.9357 0.42300 0.50050
-0.15595 -0.84379 0.07666 0.3305 0.2108 0.9200 0.41150 0.48910
-0.14782 -0.84355 0.07306 -0.3036 -0.8202 0.4848 0.39260 0.48430
-0.14949 -0.84859 0.07362 0.5510 -0.1095 0.8273 0.39950 0.47410
-0.15636 -0.83781 -0.01814 -0.1024 -0.9663 -0.2362 0.40850 0.24710
-0.16088 -0.83696 -0.01960 -0.0640 -0.9626 -0.2633 0.41340 0.24050
-0.15279 -0.83893 -0.01588 -0.0687 -0.9732 -0.2196 0.40460 0.25440
-0.15382 -0.84369 -0.01407 0.5610 -0.4121 -0.7179 0.41370 0.26190
-0.15741 -0.84274 -0.01674 0.3652 -0.3381 -0.8674 0.41730 0.25450
-0.14879 -0.84006 -0.01160 -0.0408 -0.9809 -0.1904 0.40000 0.26570
-0.15005 -0.84459 -0.00930 0.6970 -0.4846 -0.5285 0.40840 0.27370
-0.18185 -0.83290 0.07137 -0.0679 -0.8390 0.5398 0.53050 0.62640
-0.17222 -0.83249 0.07401 -0.1988 -0.8358 0.5117 0.52290 0.61320
-0.19237 -0.83547 0.06874 0.0553 -0.8949 0.4429 0.54070 0.64070
-0.19084 -0.84057 0.06951 -0.4199 0.0228 0.9073 0.55030 0.63690
-0.18131 -0.83865 0.07326 -0.3023 0.2312 0.9248 0.54080 0.62260
-0.17229 -0.83829 0.07594 -0.1699 0.3240 0.9307 0.53420 0.60950
-0.20103 -0.83932 0.06373 0.1791 -0.8963 0.4056 0.55410 0.65560
-0.19895 -0.84406 0.06358 -0.6215 -0.2381 0.7464 0.56370 0.65080
-0.16792 -0.83640 -0.02083 -0.0286 -0.9599 -0.2788 0.79450 0.66140
-0.17674 -0.83624 -0.02147 0.0076 -0.9588 -0.2840 0.78440 0.66670
-0.16880 -0.84148 -0.01942 0.0897 -0.2916 -0.9523 0.78650 0.64790
-0.17749 -0.84120 -0.01977 0.0256 -0.3300 -0.9436 0.77590 0.65530
-0.18483 -0.83672 -0.02153 0.1489 -0.9672 -0.2058 0.77420 0.67170
-0.18559 -0.84208 -0.01936 -0.1418 -0.4586 -0.8772 0.76640 0.66200
-0.23032 -0.92729 0.12258 0.3101 -0.9407 -0.1375 0.40340 0.91300
-0.23083 -0.92554 0.10745 0.3028 -0.9502 -0.0732 0.43840 0.91660
-0.22725 -0.92442 0.10779 0.7859 -0.6163 0.0513 0.43930 0.90980
-0.22702 -0.92620 0.12243 0.7877 -0.5888 -0.1811 0.40470 0.90680
-0.22222 -0.92696 0.13719 0.7758 -0.5549 -0.3004 0.37090 0.89850
-0.22528 -0.92804 0.13776 0.3378 -0.9298 -0.1458 0.36890 0.90450
-0.22729 -0.91855 0.12355 0.9868 0.0221 -0.1603 0.41850 0.82910
-0.22766 -0.91656 0.10947 0.9907 -0.0246 0.1341 0.45110 0.82480
-0.22278 -0.91970 0.13773 0.9370 0.0736 -0.3415 0.38600 0.83050
-0.22639 -0.92373 0.09339 0.3051 -0.9510 -0.0510 0.47360 0.91530
-0.22042 -0.92065 0.07883 0.3183 -0.9370 -0.1442 0.51200 0.91120
-0.21642 -0.91940 0.07980 0.8025 -0.5806 0.1375 0.51210 0.90310
-0.22259 -0.92255 0.09412 0.7708 -0.6091 0.1868 0.47420 0.90790
-0.22340 -0.91434 0.09613 0.9447 -0.0213 0.3274 0.48420 0.81910
-0.21803 -0.91097 0.08255 0.9380 0.0340 0.3451 0.51880 0.81120
-0.13560 -0.92974 0.10910 -0.4459 -0.8944 0.0363 0.14360 0.57040
-0.12784 -0.93209 0.12323 -0.4355 -0.8999 0.0239 0.14140 0.60700
-0.13120 -0.93050 0.12259 -0.8308 -0.4991 0.2465 0.14870 0.60740
-0.13888 -0.92813 0.10894 -0.8431 -0.4450 0.3020 0.15110 0.56970
-0.14600 -0.92401 0.09222 -0.9304 -0.3550 0.0906 0.15590 0.52890
-0.14308 -0.92559 0.09199 -0.4612 -0.8762 -0.1399 0.14850 0.52700
-0.13539 -0.92033 0.11197 -0.8908 0.1866 0.4144 0.22270 0.55170
-0.12941 -0.92282 0.12442 -0.9482 0.1085 0.2987 0.21270 0.58280
-0.14091 -0.91642 0.09689 -0.8887 0.3376 0.3103 0.23570 0.51420
-0.12568 -0.93382 0.13720 -0.4347 -0.8978 -0.0708 0.14240 0.63610
-0.12839 -0.93421 0.15316 -0.4700 -0.8779 -0.0917 0.14840 0.67420
-0.13079 -0.93274 0.15106 -0.8708 -0.4614 -0.1698 0.15510 0.67060
-0.12879 -0.93228 0.13589 -0.8641 -0.5031 -0.0150 0.15010 0.63460
-0.12765 -0.92490 0.13737 -0.9927 0.1204 0.0106 0.20410 0.61250
-0.12971 -0.92563 0.15230 -0.9694 0.1400 -0.2016 0.19800 0.64690
-0.20549 -0.92487 0.17597 0.3854 -0.9190 -0.0827 0.28080 0.86870
-0.21231 -0.92645 0.16418 0.3792 -0.9188 -0.1093 0.30810 0.88160
-0.20922 -0.92537 0.16341 0.7657 -0.5247 -0.3720 0.31040 0.87550
-0.20236 -0.92377 0.17513 0.7747 -0.5177 -0.3631 0.28330 0.86250
-0.19714 -0.92223 0.18460 0.7448 -0.5414 -0.3901 0.26140 0.85220
-0.20024 -0.92338 0.18571 0.3784 -0.9221 -0.0808 0.25850 0.85840
-0.20347 -0.91808 0.17527 0.8486 0.1168 -0.5160 0.29880 0.82100
-0.21033 -0.91943 0.16361 0.8576 0.1320 -0.4972 0.32590 0.82660
-0.19791 -0.91654 0.18483 0.8155 0.0632 -0.5754 0.27760 0.81430
-0.21915 -0.92761 0.15161 0.3689 -0.9205 -0.1288 0.33710 0.89390
-0.21615 -0.92655 0.15087 0.7675 -0.5409 -0.3440 0.33930 0.88790
-0.21703 -0.91998 0.15118 0.8942 0.1144 -0.4328 0.35500 0.82970
-0.13305 -0.93305 0.16843 -0.5338 -0.8420 -0.0788 0.15980 0.70690
-0.13802 -0.93069 0.18093 -0.5909 -0.8013 -0.0936 0.16990 0.73240
-0.13956 -0.92937 0.17874 -0.8686 -0.4015 -0.2902 0.17550 0.72890
-0.13490 -0.93167 0.16618 -0.8735 -0.4275 -0.2331 0.16540 0.70390
-0.13368 -0.92441 0.16664 -0.9347 0.1384 -0.3274 0.19640 0.68080
-0.13821 -0.92192 0.17844 -0.8964 0.1098 -0.4294 0.19870 0.70910
-0.14396 -0.92768 0.19188 -0.6021 -0.7856 -0.1428 0.17980 0.75660
-0.15056 -0.92469 0.20094 -0.5387 -0.8303 -0.1430 0.18950 0.77900
-0.15084 -0.92369 0.19756 -0.7368 -0.4653 -0.4904 0.19400 0.77540
-0.14489 -0.92637 0.18938 -0.8337 -0.3962 -0.3847 0.18380 0.75260
-0.14345 -0.91926 0.18857 -0.8331 0.0572 -0.5502 0.20320 0.73310
-0.14946 -0.91695 0.19634 -0.6939 -0.0563 -0.7179 0.20930 0.75190
-0.20762 -0.88623 -0.00083 0.9515 0.1288 0.2795 0.71100 0.76550
-0.21059 -0.88979 0.01718 0.9750 0.1650 0.1488 0.66960 0.77020
-0.20653 -0.89355 -0.00095 0.9545 0.1397 0.2634 0.71200 0.78030
-0.20902 -0.89640 0.01598 0.9708 0.1882 0.1486 0.67250 0.78410
-0.20843 -0.89889 0.01549 0.8851 -0.4651 0.0145 0.67370 0.78930
-0.20615 -0.89628 -0.00107 0.8485 -0.5147 0.1231 0.71260 0.78600
-0.20122 -0.89467 -0.01478 0.7446 -0.5854 0.3209 0.74660 0.78360
-0.20140 -0.89191 -0.01509 0.8583 0.1228 0.4983 0.74680 0.77780
-0.20198 -0.88454 -0.01592 0.8521 0.0853 0.5164 0.74750 0.76290
-0.13353 -0.90084 0.00999 -0.4871 -0.8625 -0.1371 0.16900 0.31720
-0.13401 -0.90373 0.02629 -0.4916 -0.8454 -0.2090 0.17270 0.35900
-0.13620 -0.90256 0.02721 -0.9183 -0.3586 -0.1674 0.17770 0.36070
-0.13568 -0.89991 0.01150 -0.9118 -0.4042 -0.0719 0.17640 0.31940
-0.13379 -0.89069 0.01204 -0.9921 0.1170 0.0451 0.29670 0.31640
-0.13436 -0.89439 0.02867 -0.9802 0.1965 -0.0237 0.28910 0.35400
-0.13500 -0.88794 -0.00311 -0.9595 0.0755 0.2713 0.30230 0.28190
-0.21230 -0.89452 0.03932 0.9772 0.2054 0.0540 0.62030 0.77820
-0.21113 -0.89931 0.05162 0.9755 0.1970 0.0977 0.59320 0.78760
-0.21082 -0.90077 0.03716 0.9650 0.2563 0.0553 0.62500 0.79120
-0.20921 -0.90511 0.04754 0.9646 0.2465 0.0940 0.60240 0.79970
-0.20845 -0.90727 0.04604 0.8955 -0.4047 -0.1851 0.60580 0.80420
-0.21009 -0.90307 0.03621 0.9023 -0.4052 -0.1471 0.62710 0.79600
-0.21333 -0.90544 0.06787 0.9590 0.1114 0.2606 0.55520 0.79960
-0.21144 -0.91141 0.06461 0.9523 0.1379 0.2724 0.56310 0.81190
-0.21074 -0.91367 0.06338 0.8667 -0.4986 0.0147 0.56600 0.81650
-0.13771 -0.90832 0.04855 -0.4112 -0.8182 -0.4019 0.17040 0.40980
-0.14134 -0.91225 0.05665 -0.3837 -0.7956 -0.4688 0.16910 0.43510
-0.14373 -0.91095 0.05659 -0.8922 -0.2383 -0.3837 0.17380 0.43470
-0.13983 -0.90690 0.04737 -0.9047 -0.2735 -0.3268 0.17570 0.40770
-0.13677 -0.89908 0.04998 -0.9423 0.3227 -0.0891 0.27900 0.40220
-0.14086 -0.90346 0.06259 -0.9116 0.4105 -0.0242 0.26830 0.43280
-0.14489 -0.91902 0.07348 -0.4485 -0.8283 -0.3357 0.16060 0.47760
-0.14729 -0.91763 0.07356 -0.9476 -0.2669 -0.1755 0.16720 0.47800
-0.14260 -0.91024 0.07948 -0.8960 0.4168 0.1532 0.25250 0.47270
-0.18525 -0.91947 0.20179 0.1580 -0.9747 -0.1581 0.22080 0.83530
-0.19061 -0.92053 0.19835 0.2669 -0.9630 -0.0378 0.22990 0.84210
-0.18793 -0.92018 0.19569 0.6014 -0.6294 -0.4922 0.23520 0.83620
-0.18303 -0.91930 0.19927 0.4031 -0.6795 -0.6130 0.22490 0.82920
-0.17719 -0.91902 0.20150 0.1847 -0.6869 -0.7029 0.21690 0.81890
-0.17880 -0.91926 0.20382 0.0578 -0.9662 -0.2512 0.21470 0.82500
-0.18204 -0.91426 0.19943 0.3887 -0.2225 -0.8941 0.24320 0.79660
-0.18741 -0.91488 0.19646 0.5885 -0.1355 -0.7970 0.25140 0.80240
-0.17607 -0.91404 0.20110 0.2000 -0.2615 -0.9443 0.23570 0.79030
-0.19543 -0.92222 0.19286 0.3430 -0.9384 -0.0430 0.24230 0.84990
-0.19249 -0.92122 0.19083 0.6907 -0.5757 -0.4377 0.24700 0.84380
-0.19260 -0.91564 0.19156 0.7276 -0.0263 -0.6855 0.26260 0.80830
-0.17261 -0.88313 -0.03008 -0.0583 0.1858 0.9809 0.81200 0.75490
-0.18476 -0.88340 -0.02927 0.2188 0.1624 0.9622 0.79130 0.75780
-0.17342 -0.89026 -0.02793 -0.0455 0.2839 0.9578 0.81140 0.77060
-0.18554 -0.89055 -0.02718 0.2074 0.2507 0.9456 0.78960 0.77280
-0.18587 -0.89323 -0.02637 0.2069 -0.5723 0.7935 0.78880 0.77870
-0.17374 -0.89293 -0.02715 -0.0405 -0.5092 0.8597 0.81110 0.77660
-0.16206 -0.89302 -0.02543 -0.2769 -0.4732 0.8363 0.83290 0.77540
-0.16177 -0.89036 -0.02618 -0.2771 0.2703 0.9220 0.83300 0.76930
-0.16108 -0.88327 -0.02806 -0.3152 0.1663 0.9343 0.83280 0.75300
-0.19422 -0.88367 -0.02528 0.5827 0.1029 0.8061 0.77280 0.76010
-0.19466 -0.89099 -0.02357 0.5810 0.1768 0.7945 0.77090 0.77510
-0.19468 -0.89375 -0.02289 0.5249 -0.6234 0.5795 0.77000 0.78100
-0.15682 -0.92170 0.20565 -0.3414 -0.9258 -0.1622 0.19560 0.79250
-0.16332 -0.92037 0.20608 -0.1278 -0.9641 -0.2326 0.20200 0.80410
-0.16304 -0.92008 0.20324 -0.1408 -0.6948 -0.7053 0.20550 0.80100
-0.15689 -0.92136 0.20234 -0.4876 -0.6281 -0.6064 0.19950 0.78800
-0.15584 -0.91558 0.20090 -0.4082 -0.2211 -0.8857 0.21480 0.76510
-0.16225 -0.91478 0.20212 -0.1121 -0.3024 -0.9466 0.22060 0.77410
-0.17103 -0.91960 0.20525 -0.0250 -0.9617 -0.2729 0.20850 0.81540
-0.17012 -0.91930 0.20280 0.0332 -0.6880 -0.7249 0.21140 0.81010
-0.16920 -0.91425 0.20202 0.0540 -0.2875 -0.9563 0.22780 0.78260
-0.13928 -0.88635 -0.01226 -0.8017 0.0700 0.5936 0.30580 0.26080
-0.14520 -0.88533 -0.01800 -0.6323 0.0939 0.7690 0.30830 0.24510
-0.13963 -0.89353 -0.01132 -0.7926 0.1312 0.5955 0.29170 0.26120
-0.14564 -0.89217 -0.01698 -0.6019 0.1674 0.7809 0.29460 0.24510
-0.14579 -0.89474 -0.01656 -0.5970 -0.4941 0.6320 0.28950 0.24520
-0.13975 -0.89622 -0.01094 -0.7544 -0.5264 0.3922 0.28650 0.26130
-0.13593 -0.89793 -0.00231 -0.8697 -0.4863 0.0847 0.28260 0.28190
-0.13555 -0.89522 -0.00252 -0.9580 0.1368 0.2519 0.28790 0.28190
-0.15269 -0.88414 -0.02353 -0.5160 0.1301 0.8467 0.31130 0.22790
-0.16108 -0.88327 -0.02806 -0.3152 0.1663 0.9343 0.31380 0.21030
-0.15328 -0.89104 -0.02218 -0.4717 0.2204 0.8538 0.29710 0.22770
-0.16177 -0.89036 -0.02618 -0.2771 0.2703 0.9220 0.29840 0.21030
-0.16206 -0.89302 -0.02543 -0.2769 -0.4732 0.8363 0.29290 0.21040
-0.15351 -0.89363 -0.02162 -0.4693 -0.4643 0.7511 0.29190 0.22780
-0.23471 -0.94164 0.10568 0.7540 0.6374 0.1588 0.68600 0.41910
-0.23416 -0.94337 0.12106 0.7374 0.6722 -0.0661 0.66330 0.39140
-0.22894 -0.94427 0.13703 0.6754 0.6960 -0.2437 0.63380 0.36820
-0.22555 -0.93832 0.07942 0.6278 0.6726 0.3917 0.71190 0.47870
-0.23111 -0.94026 0.09226 0.6951 0.6456 0.3164 0.70050 0.44820
-0.19346 -0.93509 0.19956 0.4896 0.5516 -0.6753 0.49590 0.29140
-0.18804 -0.93314 0.20400 0.3782 0.4672 -0.7992 0.48140 0.28880
-0.18128 -0.93283 0.20683 0.2497 0.4594 -0.8524 0.46790 0.29200
-0.21442 -0.94243 0.16572 0.6067 0.6789 -0.4136 0.57390 0.33180
-0.20836 -0.94108 0.17666 0.6045 0.6707 -0.4298 0.55020 0.31840
-0.20353 -0.93984 0.18547 0.5828 0.6630 -0.4699 0.53110 0.30740
-0.19842 -0.93804 0.19296 0.5170 0.6463 -0.5613 0.51310 0.29900
-0.22187 -0.94371 0.15231 0.6351 0.6863 -0.3543 0.60290 0.34820
-0.18816 -0.92111 -0.03289 0.1405 0.5459 0.8259 0.77470 0.21570
-0.19798 -0.92187 -0.02945 0.4356 0.5401 0.7201 0.75430 0.21050
-0.20557 -0.92403 -0.01946 0.6449 0.5966 0.4777 0.72780 0.22020
-0.21088 -0.92641 -0.00636 0.7186 0.6343 0.2849 0.70000 0.23850
-0.21189 -0.92985 0.01046 0.6748 0.7161 0.1787 0.67230 0.26680
-0.21419 -0.93343 0.03324 0.5612 0.6584 -0.5015 0.63470 0.30510
-0.16179 -0.92195 -0.03183 -0.2026 0.5572 0.8053 0.81310 0.24450
-0.17475 -0.92121 -0.03370 -0.0237 0.5583 0.8293 0.79610 0.22730
-0.21441 -0.92475 0.04244 0.6416 0.6881 0.3389 0.75310 0.56160
-0.21981 -0.93243 0.06116 0.6487 0.6371 0.4162 0.73160 0.51990
-0.21419 -0.93343 0.03324 0.5612 0.6584 -0.5015 0.18250 0.95180
-0.21471 -0.92174 0.03391 0.9124 0.3954 -0.1056 0.19890 0.93380
-0.21471 -0.92174 0.03391 0.9124 0.3954 -0.1056 0.76600 0.57700
-0.12414 -0.95010 0.13685 -0.6824 0.7304 0.0308 0.49530 0.50020
-0.12588 -0.94833 0.12252 -0.6658 0.6811 0.3046 0.51980 0.52220
-0.12741 -0.95058 0.15383 -0.6221 0.7621 -0.1796 0.47450 0.46550
-0.13299 -0.94628 0.10905 -0.5675 0.7093 0.4181 0.54900 0.53790
-0.14158 -0.94318 0.09367 -0.5211 0.7641 0.3803 0.58280 0.55560
-0.14378 -0.94336 0.19449 -0.4732 0.7003 -0.5345 0.43650 0.36710
-0.13747 -0.94625 0.18325 -0.5569 0.7137 -0.4249 0.44520 0.39630
-0.16406 -0.93386 0.20965 0.0737 0.4638 -0.8829 0.43990 0.30910
-0.15699 -0.93504 0.20903 -0.1879 0.4681 -0.8635 0.43060 0.31970
-0.15060 -0.93891 0.20417 -0.3706 0.6150 -0.6960 0.42990 0.33880
-0.17269 -0.93325 0.20871 0.1650 0.4680 -0.8682 0.45340 0.29960
-0.13239 -0.94901 0.17013 -0.5823 0.7493 -0.3152 0.45820 0.42720
-0.13463 -0.93079 0.00906 -0.6941 0.7148 0.0858 0.79250 0.34670
-0.13443 -0.92863 -0.00531 -0.7087 0.6667 0.2308 0.81460 0.32140
-0.13811 -0.92629 -0.01586 -0.5855 0.6128 0.5307 0.82500 0.29860
-0.14448 -0.92464 -0.02171 -0.4095 0.6052 0.6827 0.82420 0.28120
-0.14065 -0.93700 0.04616 -0.2902 0.6850 -0.6683 0.72650 0.40580
-0.13656 -0.93427 0.02732 -0.6533 0.7569 0.0167 0.76170 0.37700
-0.15853 -0.92837 -0.00174 0.0430 0.9827 0.1802 0.77190 0.30150
-0.15261 -0.92314 -0.02729 -0.3362 0.5915 0.7329 0.82020 0.26250
-0.14536 -0.93668 0.07313 -0.5750 0.7672 0.2844 0.61860 0.58900
-0.14293 -0.92887 0.05433 -0.5903 0.7960 0.1336 0.64320 0.62790
-0.13898 -0.92718 0.04714 -0.7688 0.4883 -0.4130 0.09520 0.83650
-0.14065 -0.93700 0.04616 -0.2902 0.6850 -0.6683 0.08020 0.85060
-0.13898 -0.92718 0.04714 -0.7688 0.4883 -0.4130 0.64750 0.64630
-0.16185 -0.84201 -0.01831 0.1977 -0.2900 -0.9364 0.42210 0.24830
-0.16088 -0.83696 -0.01960 -0.0640 -0.9626 -0.2633 0.80390 0.65540
-0.16185 -0.84201 -0.01831 0.1977 -0.2900 -0.9364 0.79550 0.64190
-0.22710 -0.92411 0.12273 0.9849 0.0684 -0.1590 0.42080 0.84040
-0.22702 -0.92620 0.12243 0.7877 -0.5888 -0.1811 0.42170 0.84470
-0.22725 -0.92442 0.10779 0.7859 -0.6163 0.0513 0.45580 0.84090
-0.22737 -0.92226 0.10825 0.9879 0.0243 0.1533 0.45450 0.83650
-0.22237 -0.92498 0.13733 0.9307 0.1039 -0.3507 0.38710 0.84140
-0.22222 -0.92696 0.13719 0.7758 -0.5549 -0.3004 0.38760 0.84550
-0.22281 -0.92029 0.09467 0.9354 0.0106 0.3534 0.48820 0.83140
-0.22259 -0.92255 0.09412 0.7708 -0.6091 0.1868 0.48970 0.83600
-0.21642 -0.91940 0.07980 0.8025 -0.5806 0.1375 0.52590 0.82850
-0.21684 -0.91709 0.08056 0.9285 0.0523 0.3677 0.52400 0.82380
-0.13794 -0.92598 0.10977 -0.8664 0.2052 0.4552 0.21110 0.54440
-0.13888 -0.92813 0.10894 -0.8431 -0.4450 0.3020 0.20680 0.54170
-0.13120 -0.93050 0.12259 -0.8308 -0.4991 0.2465 0.19730 0.57580
-0.13067 -0.92840 0.12310 -0.9296 0.1495 0.3370 0.20150 0.57770
-0.14473 -0.92189 0.09351 -0.8845 0.3389 0.3207 0.22400 0.50460
-0.14600 -0.92401 0.09222 -0.9304 -0.3550 0.0906 0.21960 0.50110
-0.12847 -0.93027 0.13629 -0.9859 0.1650 0.0280 0.19340 0.60810
-0.12879 -0.93228 0.13589 -0.8641 -0.5031 -0.0150 0.18940 0.60640
-0.13079 -0.93274 0.15106 -0.8708 -0.4614 -0.1698 0.18370 0.64170
-0.13049 -0.93080 0.15140 -0.9633 0.1801 -0.1991 0.18760 0.64310
-0.20266 -0.92221 0.17517 0.8446 0.1654 -0.5093 0.29800 0.82930
-0.20236 -0.92377 0.17513 0.7747 -0.5177 -0.3631 0.29760 0.83250
-0.20922 -0.92537 0.16341 0.7657 -0.5247 -0.3720 0.32550 0.83880
-0.20952 -0.92375 0.16347 0.8506 0.1655 -0.4991 0.32560 0.83540
-0.19734 -0.92069 0.18466 0.8178 0.1382 -0.5587 0.27630 0.82230
-0.19714 -0.92223 0.18460 0.7448 -0.5414 -0.3901 0.27580 0.82540
-0.21638 -0.92475 0.15096 0.8865 0.1383 -0.4416 0.35530 0.83950
-0.21615 -0.92655 0.15087 0.7675 -0.5409 -0.3440 0.35540 0.84320
-0.13456 -0.92967 0.16630 -0.9297 0.1750 -0.3240 0.18570 0.67870
-0.13490 -0.93167 0.16618 -0.8735 -0.4275 -0.2331 0.18160 0.67800
-0.13956 -0.92937 0.17874 -0.8686 -0.4015 -0.2902 0.18370 0.70890
-0.13919 -0.92733 0.17865 -0.8923 0.1481 -0.4265 0.18790 0.70900
-0.14450 -0.92443 0.18916 -0.8321 0.1029 -0.5451 0.19320 0.73500
-0.14489 -0.92637 0.18938 -0.8337 -0.3962 -0.3847 0.18930 0.73570
-0.15084 -0.92369 0.19756 -0.7368 -0.4653 -0.4904 0.19690 0.75710
-0.15048 -0.92184 0.19729 -0.7074 0.0196 -0.7065 0.20040 0.75580
-0.20858 -0.89712 -0.00365 0.3595 -0.9321 -0.0454 0.70980 0.89730
-0.20615 -0.89628 -0.00107 0.8485 -0.5147 0.1231 0.70550 0.89120
-0.20843 -0.89889 0.01549 0.8851 -0.4651 0.0145 0.66730 0.89050
-0.21092 -0.89982 0.01305 0.3946 -0.9123 -0.1099 0.67160 0.89680
-0.20327 -0.89537 -0.01814 0.2640 -0.9640 0.0307 0.74300 0.89680
-0.20122 -0.89467 -0.01478 0.7446 -0.5854 0.3209 0.73770 0.89090
-0.13593 -0.89793 -0.00231 -0.8697 -0.4863 0.0847 0.17790 0.29350
-0.13421 -0.89873 -0.00446 -0.4442 -0.8950 -0.0411 0.17290 0.29180
-0.13515 -0.89740 0.01169 -0.9822 0.1842 0.0356 0.28290 0.31510
-0.13568 -0.89991 0.01150 -0.9118 -0.4042 -0.0719 0.27790 0.31440
-0.13620 -0.90256 0.02721 -0.9183 -0.3586 -0.1674 0.27210 0.35070
-0.13561 -0.90035 0.02764 -0.9636 0.2651 -0.0348 0.27670 0.35160
-0.21350 -0.90423 0.03631 0.3639 -0.8820 -0.2994 0.61990 0.89690
-0.21009 -0.90307 0.03621 0.9023 -0.4052 -0.1471 0.62120 0.88970
-0.20845 -0.90727 0.04604 0.8955 -0.4047 -0.1851 0.59780 0.88980
-0.21217 -0.90837 0.04511 0.3355 -0.8705 -0.3601 0.59870 0.89770
-0.21478 -0.91487 0.06245 0.3290 -0.9106 -0.2499 0.55510 0.90400
-0.21074 -0.91367 0.06338 0.8667 -0.4986 0.0147 0.55490 0.89580
-0.13904 -0.90479 0.04818 -0.9186 0.3762 -0.1209 0.26680 0.39860
-0.13983 -0.90690 0.04737 -0.9047 -0.2735 -0.3268 0.26240 0.39690
-0.14373 -0.91095 0.05659 -0.8922 -0.2383 -0.3837 0.25270 0.41890
-0.14291 -0.90890 0.05823 -0.8964 0.4371 -0.0735 0.25690 0.42270
-0.14610 -0.91557 0.07518 -0.8985 0.4234 0.1155 0.24080 0.46210
-0.14729 -0.91763 0.07356 -0.9476 -0.2669 -0.1755 0.23650 0.45830
-0.18282 -0.91781 0.19949 0.4383 -0.0154 -0.8987 0.24080 0.80290
-0.18303 -0.91930 0.19927 0.4031 -0.6795 -0.6130 0.23990 0.80580
-0.18793 -0.92018 0.19569 0.6014 -0.6294 -0.4922 0.24930 0.81260
-0.18784 -0.91866 0.19605 0.6301 0.0621 -0.7740 0.24980 0.80940
-0.17693 -0.91755 0.20154 0.2406 -0.0870 -0.9667 0.23240 0.79620
-0.17719 -0.91902 0.20150 0.1847 -0.6869 -0.7029 0.23100 0.79880
-0.19254 -0.91969 0.19108 0.7448 0.1072 -0.6586 0.26130 0.81620
-0.19249 -0.92122 0.19083 0.6907 -0.5757 -0.4377 0.26100 0.81930
-0.17417 -0.89351 -0.02946 -0.0196 -0.9715 0.2360 0.79690 0.87800
-0.17374 -0.89293 -0.02715 -0.0405 -0.5092 0.8597 0.79470 0.87320
-0.18587 -0.89323 -0.02637 0.2069 -0.5723 0.7935 0.77580 0.88210
-0.18689 -0.89374 -0.02947 0.0579 -0.9844 0.1662 0.77880 0.88840
-0.16170 -0.89376 -0.02750 -0.1368 -0.9483 0.2864 0.81480 0.86580
-0.16206 -0.89302 -0.02543 -0.2769 -0.4732 0.8363 0.81170 0.86170
-0.19626 -0.89432 -0.02642 0.1581 -0.9830 0.0933 0.76370 0.89410
-0.19468 -0.89375 -0.02289 0.5249 -0.6234 0.5795 0.75920 0.88790
-0.15666 -0.91972 0.20214 -0.4034 -0.1010 -0.9095 0.20830 0.76990
-0.15689 -0.92136 0.20234 -0.4876 -0.6281 -0.6064 0.20540 0.77150
-0.16304 -0.92008 0.20324 -0.1408 -0.6948 -0.7053 0.21260 0.78090
-0.16287 -0.91854 0.20310 -0.0743 -0.1567 -0.9849 0.21510 0.77890
-0.16991 -0.91782 0.20272 0.0947 -0.1343 -0.9864 0.22340 0.78800
-0.17012 -0.91930 0.20280 0.0332 -0.6880 -0.7249 0.22150 0.79030
-0.13819 -0.89713 -0.01341 -0.3740 -0.9233 0.0879 0.17670 0.27300
-0.13975 -0.89622 -0.01094 -0.7544 -0.5264 0.3922 0.18060 0.27760
-0.14579 -0.89474 -0.01656 -0.5970 -0.4941 0.6320 0.18530 0.26250
-0.14448 -0.89574 -0.01909 -0.3097 -0.9266 0.2133 0.18110 0.25870
-0.15269 -0.89454 -0.02359 -0.2484 -0.9267 0.2822 0.18840 0.24410
-0.15351 -0.89363 -0.02162 -0.4693 -0.4643 0.7511 0.19210 0.24690
-0.16206 -0.89302 -0.02543 -0.2769 -0.4732 0.8363 0.20190 0.23400
-0.16170 -0.89376 -0.02750 -0.1368 -0.9483 0.2864 0.19790 0.23010
-0.21302 -0.92002 0.01074 0.9924 0.0606 0.1075 0.67250 0.94280
-0.21189 -0.92985 0.01046 0.6748 0.7161 0.1787 0.67210 0.96350
-0.21419 -0.93343 0.03324 0.5612 0.6584 -0.5015 0.61740 0.96170
-0.13516 -0.92531 0.02654 -0.9829 0.1490 -0.1086 0.11370 0.36420
-0.13656 -0.93427 0.02732 -0.6533 0.7569 0.0167 0.09730 0.36890
-0.14065 -0.93700 0.04616 -0.2902 0.6850 -0.6683 0.09660 0.42040
-0.20722 -0.87998 0.00312 0.9247 -0.2713 0.2671 0.46920 0.19280
-0.19805 -0.88110 -0.00937 0.6511 -0.0833 0.7544 0.49000 0.19310
-0.14776 -0.88268 0.01758 -0.9803 0.0696 0.1847 0.31880 0.19060
-0.14597 -0.88525 0.02757 -0.9948 0.0701 0.0733 0.33670 0.19010
-0.14703 -0.87947 -0.01317 -0.6868 -0.5630 0.4597 0.27400 0.19050
-0.14863 -0.87706 0.00945 -0.9624 -0.0965 0.2541 0.29600 0.19030
-0.20843 -0.88481 0.02076 0.9627 -0.2400 -0.1251 0.44830 0.19240
-0.15716 -0.88375 -0.02330 -0.2684 -0.3440 0.8998 0.25750 0.19080
-0.20239 -0.88870 0.04537 0.9592 -0.1808 -0.2173 0.42840 0.19150
-0.14604 -0.89758 0.04814 -0.9926 0.0823 0.0897 0.36110 0.18960
-0.14309 -0.89071 0.07031 -0.9999 -0.0168 -0.0041 0.37230 0.18900
-0.15988 -0.87637 0.09051 -0.1903 -0.5803 -0.7919 0.38880 0.18880
-0.17198 -0.88018 0.09296 0.0322 -0.5326 -0.8458 0.39430 0.18920
-0.18822 -0.89069 -0.01215 0.3845 0.0777 0.9198 0.24080 0.19480
-0.14673 -0.89487 0.03642 -0.9930 0.0868 0.0797 0.34990 0.18980
-0.18822 -0.89069 -0.01215 0.3845 0.0777 0.9198 0.51220 0.19470
-0.14385 -0.87807 0.08293 -0.8011 -0.3805 -0.4621 0.38210 0.18850
-0.19652 -0.88805 0.07299 0.9062 -0.2031 -0.3709 0.40920 0.19050
-0.18414 -0.87899 0.08775 0.5238 -0.3802 -0.7623 0.40040 0.18990
0.19599 -0.82877 -0.00274 -0.8925 0.0254 0.4503 0.48310 0.16250
0.18665 -0.83256 -0.01448 -0.5998 0.0131 0.8000 0.50320 0.16350
0.18979 -0.85279 -0.01147 -0.6761 -0.0631 0.7341 0.49980 0.18410
0.19804 -0.85137 0.00111 -0.9259 -0.1086 0.3619 0.47710 0.18390
0.19569 -0.80445 -0.00484 -0.8713 0.0516 0.4881 0.48560 0.14100
0.18577 -0.80241 -0.01718 -0.5331 0.0774 0.8425 0.50520 0.14130
0.16069 -0.80126 0.05077 0.1546 -0.0579 -0.9863 0.38320 0.14090
0.16165 -0.77300 0.05214 0.1831 0.0677 -0.9808 0.37870 0.11050
0.16992 -0.77349 0.05315 -0.0196 0.0701 -0.9973 0.38960 0.11030
0.17368 -0.80009 0.05082 -0.0784 -0.0353 -0.9963 0.39300 0.14080
0.18238 -0.77430 0.05118 -0.3087 0.0648 -0.9489 0.40440 0.11010
0.18473 -0.80113 0.04913 -0.3775 -0.0318 -0.9255 0.40570 0.14120
0.15188 -0.80255 0.04768 0.5141 -0.0666 -0.8551 0.37410 0.14110
0.15363 -0.77244 0.05041 0.4110 0.0661 -0.9092 0.36940 0.11040
0.18629 -0.77139 -0.02006 -0.5309 0.0876 0.8429 0.50620 0.11470
0.17324 -0.77245 -0.02510 -0.0955 0.1080 0.9896 0.52360 0.11610
0.17370 -0.80762 -0.01725 -0.0791 0.0651 0.9947 0.52410 0.14200
0.15983 -0.82918 0.05604 0.1809 -0.3603 -0.9152 0.38580 0.16280
0.14953 -0.83438 0.05384 0.6423 -0.3218 -0.6956 0.37700 0.16320
0.17447 -0.82368 0.05399 -0.0693 -0.3142 -0.9468 0.39700 0.16290
0.18525 -0.82451 0.05223 -0.4591 -0.2669 -0.8474 0.40910 0.16360
0.15903 -0.85042 0.06892 0.2137 -0.5828 -0.7840 0.38720 0.17870
0.14770 -0.85562 0.06862 0.6686 -0.4603 -0.5840 0.37970 0.18010
0.14408 -0.83670 0.03932 0.9915 0.0174 -0.1290 0.35620 0.16400
0.14570 -0.83665 0.04806 0.9458 -0.1177 -0.3027 0.36720 0.16380
0.14324 -0.86135 0.05929 0.9828 -0.1382 -0.1226 0.36850 0.18060
0.14514 -0.86555 0.04730 0.9993 -0.0149 0.0334 0.35770 0.18080
0.13978 -0.80007 0.02531 0.9780 0.1001 -0.1828 0.33930 0.14060
0.14254 -0.80131 0.03544 0.9383 0.0565 -0.3411 0.35250 0.14070
0.14233 -0.83207 0.02718 0.9937 0.0862 -0.0713 0.34350 0.16410
0.15827 -0.82761 -0.01548 0.2811 0.0748 0.9567 0.25640 0.16570
0.17549 -0.83628 -0.02088 -0.0800 0.0282 0.9964 0.24090 0.16810
0.17370 -0.80762 -0.01725 -0.0791 0.0651 0.9947 0.24040 0.15320
0.15471 -0.80970 -0.01750 0.2157 0.0972 0.9716 0.25570 0.15100
0.14626 -0.82593 -0.00651 0.8686 0.1422 0.4747 0.28980 0.16330
0.15337 -0.82754 -0.01480 0.5826 0.1494 0.7989 0.27150 0.16470
0.15067 -0.80248 -0.01649 0.6328 0.0903 0.7691 0.27140 0.14790
0.14408 -0.80043 -0.00686 0.8608 0.1033 0.4984 0.28910 0.14500
0.16751 -0.85356 -0.01701 0.4292 0.0407 0.9023 0.25460 0.17980
0.17533 -0.85448 -0.01976 -0.1111 -0.0335 0.9932 0.23960 0.18240
0.14849 -0.84912 -0.00174 0.8769 0.1968 0.4385 0.29360 0.18110
0.15595 -0.85206 -0.01035 0.6733 0.1713 0.7193 0.27190 0.18080
0.17549 -0.83628 -0.02088 -0.0800 0.0282 0.9964 0.52540 0.16330
0.14526 -0.85972 0.03223 0.9995 0.0301 0.0057 0.34650 0.18040
0.17533 -0.85448 -0.01976 -0.1111 -0.0335 0.9932 0.52540 0.18280
0.18338 -0.84547 0.06627 -0.4561 -0.5148 -0.7259 0.40680 0.18040
0.17158 -0.84527 0.06606 0.0186 -0.5768 -0.8167 0.39660 0.17940
0.14639 -0.80207 0.04287 0.8131 -0.0059 -0.5821 0.36410 0.14120
0.19518 -0.77512 0.04439 -0.7185 0.0676 -0.6922 0.42320 0.11030
0.19383 -0.80212 0.04278 -0.7579 0.0024 -0.6523 0.42200 0.14210
0.14562 -0.85457 0.02184 0.9934 0.0891 0.0722 0.33350 0.18110
0.14163 -0.82920 0.01492 0.9896 0.1340 0.0516 0.32950 0.16400
0.13824 -0.79868 0.01463 0.9923 0.1238 0.0003 0.32430 0.14100
0.14651 -0.85164 0.00965 0.9697 0.1456 0.1960 0.31520 0.18200
0.14291 -0.82657 0.00320 0.9634 0.1420 0.2272 0.31160 0.16300
0.13964 -0.79909 0.00270 0.9573 0.1214 0.2625 0.30680 0.14250
0.19284 -0.82603 0.04582 -0.8247 -0.1062 -0.5555 0.42300 0.16420
0.19212 -0.84878 0.05446 -0.8759 -0.2408 -0.4181 0.42050 0.18340
0.19927 -0.85269 0.01739 -0.9929 -0.1193 0.0002 0.45500 0.18450
0.19787 -0.85206 0.03750 -0.9703 -0.1254 -0.2070 0.43600 0.18430
0.19924 -0.82794 0.03217 -0.9702 0.0060 -0.2424 0.43920 0.16380
0.20107 -0.82996 0.01377 -0.9957 0.0360 0.0859 0.46030 0.16320
0.20032 -0.80384 0.03111 -0.9618 0.0325 -0.2717 0.44140 0.14190
0.20179 -0.80435 0.01151 -0.9903 0.0435 0.1322 0.46380 0.14120
0.20193 -0.77445 0.03028 -0.9646 0.0700 -0.2542 0.44530 0.11180
0.20307 -0.77454 0.01096 -0.9871 0.0666 0.1458 0.46850 0.11260
0.15926 -0.86496 0.08016 0.2103 -0.5984 -0.7731 0.38850 0.18660
0.14952 -0.86344 0.07676 0.6004 -0.5029 -0.6217 0.38200 0.18630
0.17192 -0.85992 0.07972 0.0296 -0.6129 -0.7896 0.39480 0.18710
0.14295 -0.87112 0.06953 0.9834 -0.1370 -0.1192 0.37260 0.18650
0.14367 -0.88073 0.05276 0.9962 0.0394 0.0781 0.36120 0.18680
0.18305 -0.86356 0.08220 -0.4688 -0.4792 -0.7420 0.40170 0.18770
0.19414 -0.86990 0.06874 -0.8850 -0.2609 -0.3856 0.41110 0.18820
0.20400 -0.86839 0.02046 -0.9646 -0.2510 -0.0804 0.45070 0.18910
0.20016 -0.87048 0.04257 -0.9569 -0.2038 -0.2069 0.43030 0.18860
0.20271 -0.86612 0.00349 -0.9217 -0.2608 0.2872 0.47210 0.18920
0.19412 -0.86653 -0.01002 -0.6794 -0.1258 0.7229 0.49430 0.18910
0.14500 -0.87502 0.03725 0.9988 0.0231 0.0431 0.35030 0.18680
0.14526 -0.86944 0.02685 0.9965 0.0324 0.0767 0.33730 0.18700
0.14669 -0.86672 0.01461 0.9805 0.0667 0.1850 0.31940 0.18760
0.15046 -0.86372 0.00229 0.9320 0.0067 0.3623 0.29560 0.18740
0.15814 -0.86769 -0.00694 0.7833 -0.2334 0.5761 0.27230 0.18740
0.17744 -0.87239 -0.02146 -0.2492 0.0195 0.9683 0.51850 0.19010
0.16673 -0.86812 -0.01904 0.3381 -0.1350 0.9314 0.25550 0.18740
0.17744 -0.87239 -0.02146 -0.2492 0.0195 0.9683 0.23700 0.19020
0.19714 -0.73554 -0.01247 -0.8246 0.0342 0.5647 0.48820 0.06830
0.19491 -0.69260 -0.01429 -0.7950 -0.0031 0.6067 0.49030 0.01410
0.18428 -0.69124 -0.02384 -0.4551 0.0016 0.8905 0.50630 0.01420
0.18623 -0.73366 -0.02223 -0.5042 0.0271 0.8631 0.50440 0.06980
0.19814 -0.70109 0.04418 -0.7596 -0.0221 -0.6500 0.43280 0.01580
0.19723 -0.74129 0.04655 -0.7149 0.0325 -0.6984 0.42770 0.06570
0.18207 -0.74109 0.05368 -0.2804 0.0242 -0.9596 0.40610 0.06530
0.18165 -0.70356 0.05384 -0.2892 -0.0196 -0.9571 0.40730 0.01540
0.14385 -0.69847 -0.01223 0.8099 -0.0315 0.5857 0.28250 0.01480
0.14069 -0.73673 -0.01031 0.8308 0.0031 0.5565 0.28480 0.07070
0.14745 -0.73503 -0.01813 0.6445 0.0050 0.7646 0.27290 0.07050
0.14992 -0.69446 -0.01899 0.6032 -0.0302 0.7970 0.27080 0.01340
0.16019 -0.69185 -0.02405 0.3128 -0.0234 0.9495 0.25750 0.01310
0.15723 -0.73460 -0.02456 0.3408 0.0110 0.9401 0.25760 0.07230
0.17180 -0.73424 -0.02672 -0.0658 0.0193 0.9976 0.23970 0.07620
0.17173 -0.69141 -0.02609 -0.0455 -0.0064 0.9989 0.24070 0.01390
0.17173 -0.69141 -0.02609 -0.0455 -0.0064 0.9989 0.52450 0.01560
0.17180 -0.73424 -0.02672 -0.0658 0.0193 0.9976 0.52150 0.07210
0.15844 -0.74292 0.05370 0.2470 0.0110 -0.9690 0.37560 0.06580
0.15931 -0.70698 0.05192 0.2815 -0.0527 -0.9581 0.37380 0.01430
0.16658 -0.70598 0.05412 0.0786 -0.0285 -0.9965 0.38780 0.01470
0.16686 -0.74271 0.05541 0.0562 0.0228 -0.9982 0.38890 0.06540
0.13920 -0.74149 0.04175 0.8159 0.0139 -0.5780 0.34090 0.06720
0.14024 -0.70605 0.03867 0.8021 -0.0713 -0.5929 0.33400 0.01520
0.14687 -0.70694 0.04576 0.6337 -0.0805 -0.7694 0.34880 0.01530
0.14496 -0.74191 0.04788 0.6441 0.0025 -0.7650 0.35330 0.06670
0.13381 -0.74071 0.03206 0.9420 0.0272 -0.3346 0.32680 0.06770
0.13462 -0.70501 0.02956 0.9417 -0.0511 -0.3324 0.32110 0.01470
0.15041 -0.74242 0.05126 0.4193 0.0024 -0.9079 0.36390 0.06630
0.15222 -0.70706 0.04918 0.4263 -0.0713 -0.9018 0.36000 0.01470
0.14896 -0.77146 -0.01767 0.6433 0.0626 0.7630 0.26950 0.12010
0.15861 -0.77242 -0.02293 0.2851 0.0899 0.9543 0.25550 0.12330
0.14131 -0.77130 -0.00868 0.8422 0.0725 0.5343 0.28590 0.11780
0.13124 -0.73958 0.01823 0.9997 0.0227 -0.0121 0.31230 0.06890
0.13401 -0.76976 0.01584 0.9934 0.1131 -0.0189 0.31640 0.11350
0.13550 -0.77011 0.00240 0.9537 0.0898 0.2870 0.30040 0.11540
0.13329 -0.73889 0.00521 0.9535 0.0074 0.3012 0.30010 0.07040
0.14628 -0.77234 0.04575 0.6908 0.0794 -0.7186 0.35910 0.11060
0.14083 -0.77148 0.03890 0.8655 0.1007 -0.4907 0.34710 0.11100
0.13253 -0.70460 0.01630 0.9987 -0.0413 0.0282 0.30770 0.01500
0.13635 -0.70209 0.00039 0.9320 -0.0358 0.3606 0.29490 0.01570
0.20619 -0.73703 0.01026 -0.9843 0.0314 0.1735 0.47150 0.06720
0.20547 -0.73877 0.02991 -0.9727 0.0321 -0.2300 0.45150 0.06630
0.20518 -0.69700 0.02691 -0.9834 -0.0231 -0.1797 0.45620 0.01460
0.20442 -0.69410 0.00395 -0.9697 -0.0125 0.2439 0.47530 0.01420
0.19710 -0.77405 -0.00693 -0.8596 0.0689 0.5062 0.48900 0.11360
0.13640 -0.77043 0.02885 0.9549 0.1178 -0.2727 0.33290 0.11180
0.17324 -0.77245 -0.02510 -0.0955 0.1080 0.9896 0.23840 0.12640
0.17044 -0.86759 0.11204 -0.0052 -0.7606 -0.6492 0.05480 0.91670
0.17024 -0.86758 0.11106 0.0937 -0.9292 0.3575 0.05460 0.91480
0.17629 -0.86708 0.11026 0.0719 -0.9319 0.3556 0.06190 0.91450
0.17655 -0.86706 0.11133 -0.0674 -0.7829 -0.6184 0.06190 0.91650
0.18302 -0.86733 0.11043 -0.1981 -0.7645 -0.6134 0.06920 0.91660
0.18267 -0.86877 0.11074 -0.1690 0.0826 -0.9821 0.06910 0.91880
0.17644 -0.86841 0.11160 -0.1233 0.0692 -0.9899 0.06190 0.91850
0.18939 -0.86841 0.10894 -0.3364 -0.7418 -0.5802 0.07670 0.91670
0.18889 -0.86988 0.10929 -0.2371 0.1160 -0.9645 0.07670 0.91890
0.19559 -0.87024 0.10699 -0.5052 -0.7049 -0.4979 0.08430 0.91670
0.19481 -0.87158 0.10745 -0.3096 0.1333 -0.9415 0.08430 0.91870
0.20113 -0.87331 0.10418 -0.9802 -0.0941 0.1740 0.09060 0.91680
0.20010 -0.87412 0.10505 -0.6436 0.4819 -0.5946 0.09060 0.91810
0.16366 -0.86785 0.11235 0.0732 -0.7761 -0.6263 0.04680 0.91640
0.16358 -0.86782 0.11138 0.1214 -0.9205 0.3715 0.04660 0.91470
0.15702 -0.86914 0.11239 0.2095 -0.7610 -0.6140 0.03920 0.91640
0.15708 -0.86913 0.11143 0.2255 -0.8904 0.3954 0.03900 0.91470
0.15159 -0.87089 0.11212 0.4313 -0.6980 -0.5717 0.03320 0.91640
0.15188 -0.87082 0.11117 0.3189 -0.8566 0.4055 0.03300 0.91500
0.15253 -0.87254 0.10964 0.1645 -0.6412 0.7495 0.03140 0.91140
0.15754 -0.87088 0.10984 0.1593 -0.6438 0.7484 0.03840 0.91060
0.16366 -0.86948 0.10979 0.1056 -0.6766 0.7287 0.04640 0.91060
0.16976 -0.86921 0.10952 0.1042 -0.7066 0.6999 0.05410 0.91060
0.19487 -0.87018 0.10597 -0.1909 -0.8783 0.4384 0.08450 0.91480
0.19260 -0.87111 0.10495 -0.0176 -0.7159 0.6979 0.08430 0.91110
0.19722 -0.87343 0.10302 -0.1255 -0.5000 0.8569 0.09230 0.91240
0.19989 -0.87281 0.10374 -0.3521 -0.5854 0.7303 0.09050 0.91560
0.18892 -0.86837 0.10785 -0.1065 -0.9168 0.3849 0.07680 0.91460
0.18734 -0.86958 0.10653 0.0176 -0.7435 0.6686 0.07670 0.91080
0.18277 -0.86736 0.10929 -0.0267 -0.9324 0.3605 0.06940 0.91450
0.18160 -0.86872 0.10781 0.0595 -0.7464 0.6628 0.06910 0.91060
0.17534 -0.86864 0.10872 0.1266 -0.7312 0.6703 0.06120 0.91050
0.15737 -0.87026 0.11269 -0.0013 0.0595 -0.9982 0.03920 0.91810
0.15832 -0.87240 0.11176 -0.0836 0.3660 -0.9268 0.03920 0.92220
0.15333 -0.87398 0.11160 -0.0311 0.4187 -0.9076 0.03230 0.92160
0.15220 -0.87193 0.11247 0.1171 0.0993 -0.9881 0.03330 0.91790
0.16393 -0.86903 0.11259 -0.0373 0.0681 -0.9970 0.04700 0.91820
0.16457 -0.87127 0.11162 -0.0670 0.3770 -0.9238 0.04730 0.92230
0.17056 -0.86878 0.11231 -0.0818 0.0853 -0.9930 0.05490 0.91860
0.17073 -0.87102 0.11138 -0.0909 0.3687 -0.9251 0.05510 0.92260
0.19824 -0.87579 0.10474 -0.4423 0.6763 -0.5891 0.09330 0.92010
0.19335 -0.87343 0.10684 -0.1855 0.4046 -0.8955 0.08510 0.92220
0.18800 -0.87204 0.10860 -0.1678 0.3709 -0.9134 0.07740 0.92270
0.18213 -0.87106 0.11000 -0.1315 0.3413 -0.9307 0.06950 0.92270
0.17616 -0.87069 0.11080 -0.1180 0.3459 -0.9308 0.06190 0.92250
0.14908 -0.87590 0.11021 0.3279 0.5716 -0.7522 0.02570 0.91910
0.14824 -0.87422 0.11134 0.4012 0.3415 -0.8499 0.02860 0.91760
0.14817 -0.87317 0.11001 0.5386 -0.6600 0.5238 0.02840 0.91510
0.14887 -0.87442 0.10864 0.4692 -0.5024 0.7263 0.02550 0.91340
0.14736 -0.87354 0.11083 0.9339 -0.2261 -0.2769 0.02850 0.91630
0.14782 -0.87535 0.10945 0.9663 0.2530 0.0486 0.02500 0.91630
0.19858 -0.87499 0.10332 -0.5574 0.4653 0.6876 0.09440 0.91630
0.16990 -0.84582 0.09175 0.0002 -0.7496 -0.6619 0.05430 0.92910
0.16973 -0.84574 0.09074 0.0925 -0.9434 0.3185 0.05410 0.92720
0.17569 -0.84525 0.08993 0.0644 -0.9455 0.3192 0.06130 0.92690
0.17591 -0.84529 0.09104 -0.0715 -0.7720 -0.6316 0.06140 0.92890
0.18225 -0.84560 0.09016 -0.2178 -0.7500 -0.6246 0.06870 0.92900
0.18181 -0.84710 0.09054 -0.1780 0.0660 -0.9818 0.06870 0.93110
0.17572 -0.84671 0.09136 -0.1229 0.0468 -0.9913 0.06140 0.93090
0.18830 -0.84678 0.08863 -0.4009 -0.7138 -0.5742 0.07590 0.92890
0.18772 -0.84834 0.08903 -0.2729 0.1147 -0.9552 0.07610 0.93120
0.19382 -0.84896 0.08645 -0.5777 -0.6644 -0.4742 0.08350 0.92880
0.19300 -0.85036 0.08697 -0.3555 0.1492 -0.9227 0.08360 0.93090
0.19885 -0.85226 0.08349 -0.9813 -0.0692 0.1794 0.09020 0.92870
0.19783 -0.85312 0.08442 -0.6626 0.4962 -0.5610 0.09030 0.93010
0.16335 -0.84611 0.09191 0.1713 -0.7578 -0.6297 0.04700 0.92880
0.16334 -0.84603 0.09087 0.1481 -0.9318 0.3313 0.04670 0.92720
0.15748 -0.84797 0.09099 0.4023 -0.7156 -0.5710 0.04020 0.92860
0.15764 -0.84794 0.08989 0.2759 -0.8771 0.3932 0.03970 0.92680
0.15274 -0.85029 0.08974 0.5690 -0.6608 -0.4895 0.03380 0.92830
0.15314 -0.85020 0.08866 0.3467 -0.8317 0.4336 0.03340 0.92660
0.15378 -0.85194 0.08702 0.1404 -0.6681 0.7307 0.03100 0.92320
0.15813 -0.84974 0.08816 0.1261 -0.6713 0.7304 0.03810 0.92270
0.16342 -0.84772 0.08918 0.0841 -0.6953 0.7138 0.04590 0.92320
0.16920 -0.84733 0.08919 0.0955 -0.7203 0.6871 0.05350 0.92310
0.19310 -0.84885 0.08536 -0.2408 -0.8650 0.4402 0.08370 0.92690
0.19089 -0.84970 0.08435 -0.0408 -0.7187 0.6942 0.08370 0.92310
0.19504 -0.85225 0.08228 -0.1523 -0.4817 0.8630 0.09190 0.92420
0.19764 -0.85171 0.08299 -0.3881 -0.5474 0.7414 0.09020 0.92750
0.18783 -0.84669 0.08748 -0.1522 -0.9188 0.3643 0.07610 0.92690
0.18624 -0.84787 0.08614 -0.0002 -0.7511 0.6602 0.07620 0.92310
0.18202 -0.84555 0.08898 -0.0480 -0.9443 0.3257 0.06890 0.92690
0.18083 -0.84686 0.08749 0.0506 -0.7586 0.6496 0.06860 0.92300
0.17470 -0.84676 0.08838 0.1263 -0.7449 0.6552 0.06060 0.92280
0.15772 -0.84915 0.09134 0.1706 0.0771 -0.9823 0.04000 0.93030
0.15855 -0.85133 0.09043 0.0281 0.3894 -0.9206 0.03900 0.93410
0.15418 -0.85344 0.08938 0.0717 0.4370 -0.8966 0.03210 0.93340
0.15321 -0.85137 0.09019 0.2680 0.1132 -0.9567 0.03380 0.93000
0.16353 -0.84735 0.09220 0.0554 0.0530 -0.9971 0.04710 0.93050
0.16404 -0.84963 0.09126 -0.0067 0.3782 -0.9257 0.04680 0.93460
0.16993 -0.84707 0.09208 -0.0703 0.0638 -0.9955 0.05440 0.93100
0.16996 -0.84934 0.09120 -0.0792 0.3540 -0.9319 0.05450 0.93500
0.19598 -0.85478 0.08416 -0.4622 0.6817 -0.5671 0.09300 0.93200
0.19148 -0.85223 0.08639 -0.2123 0.4090 -0.8875 0.08470 0.93430
0.18670 -0.85056 0.08837 -0.1893 0.3702 -0.9095 0.07700 0.93490
0.18116 -0.84943 0.08984 -0.1368 0.3277 -0.9348 0.06910 0.93500
0.17531 -0.84903 0.09062 -0.1183 0.3288 -0.9370 0.06140 0.93490
0.15018 -0.85551 0.08758 0.4531 0.5374 -0.7113 0.02570 0.93070
0.14953 -0.85390 0.08859 0.5015 0.3117 -0.8071 0.02850 0.92940
0.14967 -0.85278 0.08706 0.5301 -0.6578 0.5350 0.02800 0.92680
0.15024 -0.85392 0.08579 0.4760 -0.5243 0.7060 0.02540 0.92540
0.14878 -0.85319 0.08798 0.9437 -0.2557 -0.2100 0.02830 0.92810
0.14908 -0.85491 0.08668 0.9845 0.1564 0.0788 0.02500 0.92810
0.19631 -0.85390 0.08265 -0.5535 0.4822 0.6791 0.09410 0.92810
0.17039 -0.85316 0.09873 0.0141 -0.7438 -0.6682 0.05490 0.89230
0.17021 -0.85310 0.09774 0.0973 -0.9413 0.3231 0.05470 0.89050
0.17622 -0.85260 0.09694 0.0671 -0.9420 0.3288 0.06190 0.89010
0.17646 -0.85263 0.09802 -0.0708 -0.7695 -0.6347 0.06200 0.89210
0.18287 -0.85292 0.09713 -0.2032 -0.7500 -0.6294 0.06920 0.89220
0.18246 -0.85442 0.09747 -0.1694 0.0772 -0.9825 0.06910 0.89440
0.17629 -0.85404 0.09831 -0.1232 0.0619 -0.9905 0.06190 0.89410
0.18915 -0.85401 0.09565 -0.3429 -0.7264 -0.5956 0.07670 0.89230
0.18860 -0.85555 0.09603 -0.2387 0.1130 -0.9645 0.07670 0.89450
0.19525 -0.85586 0.09372 -0.5147 -0.6875 -0.5122 0.08430 0.89230
0.19443 -0.85726 0.09420 -0.3123 0.1336 -0.9405 0.08430 0.89430
0.20067 -0.85897 0.09092 -0.9818 -0.0868 0.1692 0.09060 0.89230
0.19963 -0.85983 0.09181 -0.6501 0.4915 -0.5795 0.09070 0.89370
0.16359 -0.85358 0.09872 0.1344 -0.7564 -0.6401 0.04710 0.89190
0.16354 -0.85349 0.09774 0.1305 -0.9286 0.3473 0.04690 0.89020
0.15683 -0.85519 0.09819 0.3062 -0.7332 -0.6072 0.03920 0.89160
0.15692 -0.85510 0.09725 0.2724 -0.8787 0.3920 0.03890 0.89000
0.15190 -0.85742 0.09773 0.5213 -0.6310 -0.5745 0.03330 0.89190
0.15223 -0.85728 0.09680 0.3939 -0.8234 0.4085 0.03310 0.89040
0.15290 -0.85889 0.09546 0.1838 -0.6146 0.7671 0.03130 0.88730
0.15741 -0.85670 0.09594 0.1585 -0.6133 0.7738 0.03800 0.88650
0.16358 -0.85508 0.09625 0.0825 -0.6681 0.7395 0.04630 0.88640
0.16968 -0.85470 0.09620 0.0937 -0.7099 0.6981 0.05410 0.88640
0.19454 -0.85576 0.09268 -0.2095 -0.8833 0.4194 0.08450 0.89040
0.19227 -0.85666 0.09166 -0.0259 -0.7191 0.6944 0.08430 0.88670
0.19678 -0.85901 0.08974 -0.1369 -0.4919 0.8598 0.09240 0.88790
0.19946 -0.85842 0.09046 -0.3749 -0.5820 0.7216 0.09060 0.89120
0.18869 -0.85392 0.09455 -0.1204 -0.9243 0.3622 0.07690 0.89020
0.18709 -0.85510 0.09323 0.0114 -0.7490 0.6625 0.07670 0.88640
0.18264 -0.85289 0.09598 -0.0364 -0.9417 0.3346 0.06940 0.89010
0.18143 -0.85422 0.09450 0.0555 -0.7533 0.6554 0.06910 0.88620
0.17524 -0.85412 0.09540 0.1268 -0.7388 0.6619 0.06120 0.88610
0.15712 -0.85634 0.09855 0.0758 0.0230 -0.9969 0.03920 0.89340
0.15805 -0.85836 0.09790 -0.0286 0.3083 -0.9509 0.03900 0.89710
0.15354 -0.86052 0.09742 0.0162 0.3697 -0.9290 0.03220 0.89690
0.15247 -0.85855 0.09807 0.1762 0.0966 -0.9796 0.03330 0.89350
0.16381 -0.85479 0.09900 0.0280 0.0396 -0.9988 0.04730 0.89370
0.16438 -0.85698 0.09819 -0.0209 0.3405 -0.9400 0.04730 0.89750
0.17046 -0.85441 0.09902 -0.0614 0.0696 -0.9957 0.05500 0.89410
0.17052 -0.85668 0.09812 -0.0757 0.3519 -0.9330 0.05510 0.89810
0.19772 -0.86153 0.09150 -0.4443 0.6747 -0.5893 0.09330 0.89570
0.19293 -0.85914 0.09360 -0.1882 0.3996 -0.8972 0.08510 0.89780
0.18764 -0.85774 0.09536 -0.1694 0.3634 -0.9161 0.07740 0.89830
0.18184 -0.85674 0.09674 -0.1315 0.3319 -0.9341 0.06950 0.89830
0.17592 -0.85635 0.09754 -0.1185 0.3364 -0.9342 0.06190 0.89810
0.14953 -0.86272 0.09579 0.3769 0.5275 -0.7614 0.02550 0.89460
0.14889 -0.86128 0.09669 0.4352 0.3532 -0.8282 0.02800 0.89320
0.14882 -0.85996 0.09548 0.5669 -0.6487 0.5078 0.02800 0.89060
0.14934 -0.86090 0.09437 0.4977 -0.4969 0.7109 0.02580 0.88930
0.14803 -0.86048 0.09623 0.9404 -0.2099 -0.2675 0.02800 0.89180
0.14830 -0.86203 0.09506 0.9709 0.2384 -0.0237 0.02500 0.89190
0.19809 -0.86064 0.09006 -0.5549 0.4742 0.6835 0.09450 0.89190
0.17112 -0.86038 0.10555 -0.0076 -0.7521 -0.6590 0.05480 0.90450
0.17093 -0.86035 0.10457 0.0929 -0.9344 0.3440 0.05460 0.90260
0.17698 -0.85984 0.10377 0.0701 -0.9366 0.3432 0.06190 0.90230
0.17723 -0.85985 0.10484 -0.0687 -0.7754 -0.6277 0.06190 0.90430
0.18368 -0.86012 0.10394 -0.2002 -0.7567 -0.6223 0.06920 0.90440
0.18330 -0.86160 0.10426 -0.1690 0.0821 -0.9822 0.06910 0.90660
0.17709 -0.86123 0.10511 -0.1233 0.0678 -0.9900 0.06190 0.90630
0.19001 -0.86120 0.10246 -0.3391 -0.7338 -0.5886 0.07670 0.90450
0.18949 -0.86271 0.10281 -0.2375 0.1158 -0.9645 0.07670 0.90670
0.19617 -0.86304 0.10051 -0.5090 -0.6966 -0.5057 0.08430 0.90450
0.19538 -0.86442 0.10098 -0.3103 0.1337 -0.9412 0.08430 0.90650
0.20167 -0.86613 0.09771 -0.9809 -0.0924 0.1714 0.09060 0.90460
0.20063 -0.86696 0.09858 -0.6467 0.4863 -0.5876 0.09060 0.90590
0.16435 -0.86063 0.10586 0.0708 -0.7685 -0.6359 0.04680 0.90420
0.16428 -0.86057 0.10490 0.1203 -0.9257 0.3587 0.04660 0.90250
0.15770 -0.86192 0.10591 0.2067 -0.7546 -0.6228 0.03920 0.90410
0.15776 -0.86188 0.10494 0.2269 -0.8951 0.3838 0.03900 0.90250
0.15224 -0.86367 0.10565 0.4260 -0.6965 -0.5774 0.03320 0.90420
0.15254 -0.86358 0.10469 0.3202 -0.8610 0.3951 0.03300 0.90280
0.15315 -0.86529 0.10317 0.1660 -0.6428 0.7478 0.03140 0.89920
0.15819 -0.86363 0.10337 0.1606 -0.6447 0.7473 0.03840 0.89840
0.16433 -0.86223 0.10331 0.1058 -0.6781 0.7273 0.04640 0.89840
0.17042 -0.86197 0.10303 0.1036 -0.7091 0.6974 0.05410 0.89840
0.19546 -0.86296 0.09949 -0.1989 -0.8806 0.4301 0.08450 0.90260
0.19319 -0.86388 0.09847 -0.0203 -0.7161 0.6977 0.08430 0.89890
0.19776 -0.86622 0.09655 -0.1294 -0.4956 0.8589 0.09230 0.90020
0.20044 -0.86561 0.09726 -0.3615 -0.5847 0.7263 0.09050 0.90340
0.18955 -0.86114 0.10136 -0.1123 -0.9201 0.3751 0.07680 0.90240
0.18796 -0.86235 0.10005 0.0158 -0.7447 0.6672 0.07670 0.89860
0.18344 -0.86013 0.10280 -0.0305 -0.9365 0.3493 0.06940 0.90230
0.18225 -0.86147 0.10133 0.0583 -0.7486 0.6604 0.06910 0.89840
0.17601 -0.86139 0.10223 0.1270 -0.7344 0.6667 0.06120 0.89830
0.15801 -0.86307 0.10621 -0.0014 0.0566 -0.9984 0.03920 0.90590
0.15892 -0.86523 0.10529 -0.0835 0.3610 -0.9288 0.03920 0.91000
0.15389 -0.86682 0.10514 -0.0293 0.4143 -0.9097 0.03230 0.90940
0.15281 -0.86475 0.10600 0.1178 0.0939 -0.9886 0.03330 0.90570
0.16459 -0.86183 0.10610 -0.0372 0.0656 -0.9972 0.04700 0.90600
0.16518 -0.86410 0.10514 -0.0669 0.3718 -0.9259 0.04730 0.91010
0.17122 -0.86161 0.10582 -0.0819 0.0837 -0.9931 0.05490 0.90640
0.17133 -0.86387 0.10491 -0.0903 0.3642 -0.9269 0.05510 0.91040
0.19874 -0.86865 0.09827 -0.4440 0.6743 -0.5901 0.09330 0.90790
0.19390 -0.86628 0.10037 -0.1869 0.4015 -0.8966 0.08510 0.91000
0.18857 -0.86490 0.10213 -0.1687 0.3670 -0.9148 0.07740 0.91050
0.18272 -0.86391 0.10352 -0.1318 0.3367 -0.9323 0.06950 0.91050
0.17676 -0.86353 0.10433 -0.1184 0.3416 -0.9324 0.06190 0.91030
0.14961 -0.86872 0.10376 0.3422 0.5632 -0.7522 0.02570 0.90690
0.14881 -0.86703 0.10488 0.4103 0.3329 -0.8490 0.02860 0.90530
0.14878 -0.86593 0.10355 0.5377 -0.6687 0.5135 0.02840 0.90290
0.14946 -0.86717 0.10217 0.4701 -0.5083 0.7216 0.02550 0.90120
0.14796 -0.86633 0.10437 0.9306 -0.2385 -0.2777 0.02850 0.90410
0.14838 -0.86813 0.10299 0.9710 0.2345 0.0463 0.02500 0.90410
0.19910 -0.86781 0.09686 -0.5567 0.4687 0.6858 0.09440 0.90410
0.21237 -0.89602 0.12747 -0.4696 -0.8161 -0.3369 0.40590 0.77330
0.22050 -0.90065 0.12675 -0.6406 -0.7151 -0.2798 0.40930 0.78980
0.21785 -0.90465 0.14036 -0.6137 -0.7213 -0.3212 0.37800 0.79770
0.20952 -0.90005 0.14083 -0.4234 -0.8508 -0.3114 0.37430 0.78110
0.21224 -0.89058 0.11433 -0.5659 -0.7401 -0.3633 0.43810 0.76090
0.22007 -0.89614 0.11339 -0.7242 -0.6617 -0.1941 0.44100 0.77900
0.20329 -0.89181 0.12784 -0.3942 -0.8327 -0.3888 0.40280 0.75580
0.20357 -0.88520 0.11494 -0.4777 -0.7317 -0.4862 0.43550 0.74180
0.20016 -0.89601 0.14101 -0.3401 -0.8815 -0.3276 0.37060 0.76350
0.21152 -0.88218 0.10184 -0.7070 -0.6078 -0.3615 0.47050 0.74370
0.21801 -0.88999 0.10044 -0.8432 -0.5221 -0.1280 0.47340 0.76480
0.21118 -0.87434 0.08959 -0.8383 -0.4725 -0.2719 0.50210 0.72810
0.21600 -0.88393 0.08814 -0.9327 -0.3580 -0.0446 0.50500 0.75150
0.20387 -0.87503 0.10304 -0.5922 -0.6167 -0.5185 0.46770 0.72300
0.20484 -0.86600 0.09102 -0.7172 -0.5371 -0.4440 0.49900 0.70670
0.22501 -0.90545 0.12572 -0.8733 -0.4385 -0.2123 0.41240 0.80210
0.22686 -0.91140 0.12465 -0.9763 -0.1353 -0.1687 0.41540 0.81450
0.22284 -0.91350 0.13845 -0.9415 -0.0510 -0.3330 0.38400 0.81790
0.22182 -0.90885 0.13945 -0.8630 -0.3742 -0.3395 0.38130 0.80830
0.22482 -0.90199 0.11227 -0.9003 -0.4349 -0.0205 0.44370 0.79400
0.22713 -0.90900 0.11099 -0.9801 -0.1788 0.0867 0.44700 0.80930
0.22182 -0.89801 0.09926 -0.9370 -0.3322 0.1083 0.47590 0.78390
0.22344 -0.90621 0.09790 -0.9565 -0.1383 0.2570 0.47940 0.80200
0.21849 -0.89341 0.08656 -0.9675 -0.1979 0.1573 0.50840 0.77330
0.21899 -0.90243 0.08491 -0.9579 -0.0527 0.2823 0.51260 0.79310
0.13751 -0.88632 0.11276 0.8143 -0.5068 -0.2830 0.30060 0.56410
0.13514 -0.89389 0.11400 0.9503 -0.3088 -0.0405 0.28290 0.56530
0.13547 -0.88663 0.09972 0.9749 -0.2063 -0.0834 0.30550 0.52900
0.13885 -0.87752 0.09903 0.8787 -0.4089 -0.2462 0.32530 0.52890
0.13601 -0.89513 0.12498 0.7263 -0.6375 -0.2572 0.27540 0.59440
0.13180 -0.90095 0.12680 0.8849 -0.4641 -0.0404 0.26000 0.59650
0.14241 -0.87925 0.11108 0.6389 -0.6134 -0.4643 0.31670 0.56130
0.14143 -0.88936 0.12252 0.5229 -0.7176 -0.4601 0.29120 0.59100
0.14275 -0.87002 0.09847 0.7559 -0.5281 -0.3870 0.34080 0.52850
0.13501 -0.90057 0.13756 0.6371 -0.7331 -0.2379 0.25820 0.62460
0.13054 -0.90569 0.13992 0.8300 -0.5337 -0.1623 0.24370 0.62660
0.13569 -0.90419 0.15131 0.6383 -0.7389 -0.2157 0.24480 0.65610
0.13204 -0.90933 0.15448 0.8229 -0.5228 -0.2225 0.23080 0.65930
0.14111 -0.89581 0.13461 0.4822 -0.8149 -0.3216 0.27370 0.62160
0.14112 -0.89957 0.14768 0.4814 -0.8482 -0.2209 0.26030 0.65260
0.13321 -0.90271 0.11463 0.9795 -0.1023 0.1738 0.26170 0.56420
0.13335 -0.91204 0.11408 0.9418 0.0811 0.3262 0.24030 0.55980
0.13645 -0.90804 0.10006 0.9466 0.2270 0.2291 0.25460 0.52440
0.13473 -0.89747 0.10049 0.9966 0.0247 0.0785 0.27970 0.52820
0.12921 -0.90733 0.12693 0.9679 -0.2173 0.1263 0.24490 0.59430
0.12852 -0.91507 0.12594 0.9721 -0.0108 0.2344 0.22850 0.58920
0.12805 -0.91112 0.13994 0.9642 -0.2511 -0.0847 0.23160 0.62390
0.12720 -0.91768 0.13874 0.9997 -0.0141 -0.0215 0.21840 0.61840
0.13005 -0.91418 0.15477 0.9455 -0.2355 -0.2249 0.22040 0.65710
0.12930 -0.91938 0.15355 0.9779 0.0068 -0.2091 0.21030 0.65200
0.23396 -0.93690 0.12255 -0.9809 -0.0064 -0.1943 0.39940 0.93690
0.23416 -0.94337 0.12106 -0.7374 0.6722 -0.0661 0.40050 0.95130
0.22894 -0.94427 0.13703 -0.6754 0.6960 -0.2437 0.36310 0.94280
0.22868 -0.93710 0.13821 -0.9294 0.0024 -0.3690 0.36370 0.92700
0.23478 -0.93525 0.10706 -0.9948 -0.0330 0.0968 0.43510 0.94080
0.23471 -0.94164 0.10568 -0.7540 0.6374 0.1588 0.43710 0.95480
0.23372 -0.92838 0.12274 -0.8052 -0.5590 -0.1979 0.40200 0.91950
0.23445 -0.92666 0.10709 -0.8129 -0.5815 0.0334 0.43740 0.92330
0.22833 -0.92933 0.13832 -0.7720 -0.5512 -0.3165 0.36710 0.91060
0.23089 -0.93299 0.09297 -0.9493 -0.0465 0.3108 0.47020 0.93980
0.23111 -0.94026 0.09226 -0.6951 0.6456 0.3164 0.47060 0.95550
0.22546 -0.92996 0.07904 -0.9411 -0.0438 0.3352 0.50640 0.93640
0.22555 -0.93832 0.07942 -0.6278 0.6726 0.3917 0.50390 0.95410
0.23022 -0.92493 0.09265 -0.7795 -0.6032 0.1689 0.47300 0.92280
0.22454 -0.92189 0.07785 -0.7878 -0.6036 0.1227 0.51190 0.91960
0.13247 -0.93832 0.10962 0.8848 0.0656 0.4613 0.10850 0.57400
0.13299 -0.94628 0.10905 0.5675 0.7093 0.4181 0.09630 0.57260
0.14158 -0.94318 0.09367 0.5211 0.7641 0.3803 0.10350 0.53200
0.14034 -0.93439 0.09288 0.9334 0.1242 0.3367 0.11550 0.53090
0.12488 -0.93985 0.12410 0.9555 0.0621 0.2884 0.10930 0.61110
0.12588 -0.94833 0.12252 0.6658 0.6811 0.3046 0.09410 0.60830
0.13224 -0.93137 0.10929 0.8130 -0.4946 0.3071 0.13550 0.57230
0.12450 -0.93368 0.12393 0.8568 -0.4753 0.1998 0.13260 0.60860
0.13989 -0.92721 0.09182 0.8724 -0.4775 0.1042 0.14080 0.52700
0.12324 -0.94026 0.13852 0.9945 0.0955 -0.0434 0.11410 0.64220
0.12414 -0.95010 0.13685 0.6824 0.7304 0.0308 0.09780 0.64080
0.12668 -0.94059 0.15541 0.9611 0.1032 -0.2562 0.12270 0.68030
0.12741 -0.95058 0.15383 0.6221 0.7621 -0.1796 0.10610 0.68230
0.12276 -0.93535 0.13863 0.8896 -0.4516 -0.0686 0.13410 0.63940
0.12611 -0.93568 0.15532 0.8720 -0.4404 -0.2136 0.14070 0.67690
0.19517 -0.89899 0.17057 -0.4086 -0.9066 -0.1055 0.30510 0.77850
0.20063 -0.90255 0.17302 -0.6068 -0.7388 -0.2933 0.30300 0.79030
0.19486 -0.90155 0.18083 -0.5375 -0.7448 -0.3953 0.28600 0.78660
0.19096 -0.89810 0.17660 -0.3650 -0.9028 -0.2275 0.29160 0.77620
0.19954 -0.90059 0.16308 -0.4011 -0.9120 -0.0856 0.32230 0.78100
0.20713 -0.90448 0.16364 -0.6117 -0.7458 -0.2638 0.32450 0.79550
0.18883 -0.89666 0.16902 -0.2663 -0.9639 -0.0083 0.30500 0.76690
0.19100 -0.89757 0.16266 -0.2810 -0.9596 -0.0175 0.31920 0.76600
0.18761 -0.89664 0.17380 -0.2630 -0.9575 -0.1187 0.29510 0.76880
0.20479 -0.90179 0.15317 -0.4014 -0.8946 -0.1962 0.34550 0.78340
0.21320 -0.90581 0.15290 -0.6107 -0.7367 -0.2903 0.34940 0.79930
0.19511 -0.89823 0.15320 -0.3077 -0.9338 -0.1828 0.34140 0.76600
0.20339 -0.90722 0.17448 -0.7955 -0.3798 -0.4721 0.30150 0.80030
0.20401 -0.91253 0.17513 -0.8516 -0.0493 -0.5218 0.30010 0.81040
0.19814 -0.91101 0.18460 -0.7975 -0.1384 -0.5872 0.27960 0.80430
0.19723 -0.90594 0.18338 -0.7142 -0.4464 -0.5391 0.28230 0.79540
0.21048 -0.90885 0.16380 -0.8250 -0.3424 -0.4496 0.32580 0.80560
0.21094 -0.91378 0.16374 -0.8665 0.0058 -0.4992 0.32610 0.81530
0.21687 -0.90987 0.15229 -0.8521 -0.3361 -0.4012 0.35220 0.80920
0.21743 -0.91439 0.15165 -0.9044 0.0091 -0.4267 0.35400 0.81830
0.13855 -0.90507 0.16360 0.6792 -0.7189 -0.1481 0.23810 0.68420
0.13569 -0.90919 0.16692 0.8284 -0.5187 -0.2115 0.22680 0.68800
0.14182 -0.90296 0.17226 0.6973 -0.7104 -0.0952 0.23800 0.70480
0.13954 -0.90640 0.17578 0.8173 -0.5310 -0.2234 0.22880 0.70900
0.14284 -0.90121 0.15966 0.5086 -0.8519 -0.1248 0.25130 0.68010
0.14515 -0.90020 0.16854 0.5200 -0.8540 -0.0163 0.24800 0.70060
0.14453 -0.90097 0.17782 0.6419 -0.7476 -0.1705 0.23890 0.71760
0.14319 -0.90393 0.18210 0.7352 -0.5875 -0.3381 0.23130 0.72340
0.14785 -0.89977 0.18179 0.4813 -0.8194 -0.3113 0.24030 0.72700
0.14764 -0.90260 0.18693 0.5481 -0.6872 -0.4767 0.23340 0.73460
0.14700 -0.89892 0.17428 0.4794 -0.8771 -0.0303 0.24640 0.71350
0.14867 -0.89855 0.17831 0.4089 -0.9002 -0.1495 0.24520 0.72190
0.13392 -0.91353 0.16771 0.9252 -0.2470 -0.2881 0.21760 0.68710
0.13321 -0.91841 0.16720 0.9466 0.0040 -0.3223 0.20820 0.68380
0.13803 -0.91044 0.17743 0.8937 -0.2866 -0.3451 0.22050 0.71000
0.13750 -0.91538 0.17803 0.9104 -0.0356 -0.4122 0.21130 0.70950
0.14247 -0.90780 0.18524 0.8072 -0.3607 -0.4673 0.22380 0.72750
0.14249 -0.91282 0.18734 0.8376 -0.1051 -0.5360 0.21500 0.73060
0.14782 -0.90623 0.19132 0.6149 -0.4967 -0.6126 0.22660 0.74140
0.14839 -0.91087 0.19456 0.6638 -0.2470 -0.7060 0.21910 0.74700
0.20858 -0.93245 0.17709 -0.8772 -0.0019 -0.4802 0.27470 0.88730
0.20836 -0.94108 0.17666 -0.6045 0.6707 -0.4298 0.27090 0.90560
0.20353 -0.93984 0.18547 -0.5828 0.6630 -0.4699 0.25050 0.89600
0.20361 -0.92954 0.18681 -0.8582 -0.0057 -0.5133 0.25360 0.87390
0.21484 -0.93486 0.16632 -0.8723 0.0062 -0.4889 0.29920 0.90090
0.21442 -0.94243 0.16572 -0.6067 0.6789 -0.4136 0.29630 0.91710
0.20837 -0.92642 0.17677 -0.7626 -0.5505 -0.3396 0.27850 0.87500
0.21507 -0.92795 0.16497 -0.7589 -0.5407 -0.3628 0.30580 0.88760
0.20314 -0.92497 0.18665 -0.7536 -0.5522 -0.3567 0.25600 0.86460
0.22199 -0.93626 0.15319 -0.8935 0.0055 -0.4491 0.32950 0.91410
0.22187 -0.94371 0.15231 -0.6351 0.6863 -0.3543 0.32750 0.93020
0.22190 -0.92911 0.15233 -0.7666 -0.5384 -0.3499 0.33490 0.89980
0.13177 -0.93913 0.17115 0.9320 0.0830 -0.3527 0.13460 0.71590
0.13239 -0.94901 0.17013 0.5823 0.7493 -0.3152 0.11900 0.71960
0.13697 -0.93651 0.18388 0.8910 0.0528 -0.4510 0.14560 0.74490
0.13747 -0.94625 0.18325 0.5569 0.7137 -0.4249 0.12890 0.75060
0.13122 -0.93444 0.17068 0.8660 -0.4276 -0.2592 0.15170 0.71030
0.13649 -0.93203 0.18315 0.8466 -0.4258 -0.3194 0.16180 0.73710
0.14342 -0.93356 0.19513 0.8325 0.0303 -0.5531 0.15840 0.77160
0.14378 -0.94336 0.19449 0.4732 0.7003 -0.5345 0.13940 0.77760
0.15027 -0.92934 0.20442 0.6921 0.0024 -0.7218 0.17090 0.79580
0.15060 -0.93891 0.20417 0.3706 0.6150 -0.6960 0.15260 0.80330
0.14301 -0.92901 0.19440 0.8087 -0.4400 -0.3905 0.17260 0.76260
0.15010 -0.92537 0.20415 0.7030 -0.4755 -0.5289 0.18340 0.78590
0.20980 -0.86509 -0.00231 -0.9483 0.0539 0.3127 0.71410 0.72410
0.20902 -0.87590 -0.00130 -0.9493 0.0958 0.2994 0.71150 0.74500
0.21207 -0.88066 0.01790 -0.9848 0.1085 0.1360 0.66810 0.75130
0.21276 -0.87128 0.01705 -0.9921 0.0439 0.1179 0.67050 0.73200
0.20218 -0.86166 -0.01761 -0.7852 0.0113 0.6191 0.75030 0.71950
0.20191 -0.87361 -0.01662 -0.8260 0.0422 0.5621 0.74820 0.74160
0.20992 -0.85616 -0.00331 -0.9500 -0.1225 0.2872 0.71730 0.70620
0.20159 -0.85097 -0.01834 -0.7737 -0.1954 0.6027 0.75300 0.69960
0.21287 -0.86454 0.01658 -0.9948 -0.0438 0.0923 0.67360 0.71490
0.13405 -0.86870 0.01245 0.9920 -0.1088 0.0634 0.34000 0.31900
0.13313 -0.88057 0.01215 0.9987 0.0003 0.0516 0.31770 0.31750
0.13471 -0.87703 -0.00336 0.9603 -0.0423 0.2759 0.32460 0.28290
0.13612 -0.86477 -0.00298 0.9490 -0.1577 0.2731 0.34830 0.28510
0.13316 -0.87404 0.03022 0.9994 -0.0284 0.0195 0.33040 0.35800
0.13331 -0.88516 0.02972 0.9963 0.0860 -0.0043 0.30810 0.35650
0.13582 -0.85842 0.01255 0.9779 -0.1932 0.0798 0.35820 0.31950
0.13370 -0.86409 0.03050 0.9915 -0.1263 0.0323 0.34940 0.35900
0.13837 -0.85384 -0.00241 0.9361 -0.2391 0.2579 0.36800 0.28700
0.18023 -0.92706 -0.00598 -0.0068 0.9837 0.1798 0.74500 0.27070
0.16901 -0.92748 -0.00430 -0.0251 0.9836 0.1784 0.75970 0.28570
0.17367 -0.93075 0.01823 -0.0206 0.9854 0.1689 0.71850 0.32080
0.18446 -0.93034 0.01600 0.0030 0.9861 0.1661 0.70540 0.30540
0.21097 -0.91802 -0.00558 -0.9705 0.0147 0.2407 0.71140 0.94350
0.20559 -0.91573 -0.01923 -0.8651 -0.0192 0.5013 0.74550 0.94030
0.20557 -0.92403 -0.01946 -0.6449 0.5966 0.4777 0.74690 0.95780
0.21088 -0.92641 -0.00636 -0.7186 0.6343 0.2849 0.71280 0.96130
0.21107 -0.90917 -0.00550 -0.9683 0.0191 0.2489 0.71160 0.92540
0.21110 -0.89790 -0.00628 -0.8184 -0.5544 0.1510 0.71410 0.90330
0.20535 -0.89605 -0.02145 -0.7292 -0.5523 0.4040 0.74790 0.90260
0.20569 -0.90744 -0.01901 -0.8629 0.0285 0.5045 0.74400 0.92370
0.21316 -0.91178 0.01097 -0.9910 0.0423 0.1271 0.67320 0.92580
0.21349 -0.90072 0.01056 -0.8417 -0.5396 0.0194 0.67590 0.90320
0.13397 -0.92263 0.00978 0.9939 0.1089 -0.0199 0.11430 0.32500
0.13463 -0.93079 0.00906 0.6941 0.7148 0.0858 0.09690 0.32510
0.13443 -0.92863 -0.00531 0.7087 0.6667 0.2308 0.10350 0.28860
0.13389 -0.92001 -0.00496 0.9796 0.0599 0.1918 0.12190 0.28880
0.20364 -0.92707 -0.00744 -0.0280 0.9800 0.1972 0.71220 0.24400
0.19146 -0.92698 -0.00683 0.0065 0.9829 0.1842 0.72940 0.25750
0.19467 -0.93019 0.01412 0.0096 0.9868 0.1615 0.69260 0.29120
0.20366 -0.93026 0.01357 -0.0036 0.9868 0.1617 0.67990 0.28080
0.13287 -0.91382 0.00979 0.9922 0.1246 0.0077 0.13540 0.32320
0.13131 -0.90174 0.00847 0.8893 -0.4537 -0.0571 0.16340 0.31760
0.13181 -0.90489 0.02537 0.8977 -0.4115 -0.1574 0.16500 0.35730
0.13348 -0.91519 0.02555 0.9836 0.1620 -0.0792 0.13510 0.36190
0.13322 -0.91142 -0.00461 0.9727 0.0947 0.2119 0.13870 0.28930
0.13232 -0.89954 -0.00656 0.8707 -0.4640 0.1630 0.16620 0.29080
0.21139 -0.86747 0.07682 -0.9289 -0.3214 -0.1842 0.53420 0.71530
0.21409 -0.87795 0.07575 -0.9778 -0.2097 -0.0013 0.53640 0.73930
0.21202 -0.86181 0.06168 -0.9712 -0.2019 -0.1263 0.57040 0.70530
0.21281 -0.87221 0.06097 -0.9949 -0.0948 -0.0354 0.57250 0.72850
0.20683 -0.85802 0.07808 -0.8228 -0.4453 -0.3530 0.53100 0.69310
0.20912 -0.84905 0.06027 -0.8796 -0.4435 -0.1720 0.56590 0.68020
0.21536 -0.88785 0.07407 -0.9859 -0.1013 0.1333 0.54020 0.76150
0.21515 -0.89702 0.07163 -0.9757 0.0208 0.2180 0.54600 0.78170
0.21333 -0.88198 0.05928 -0.9993 -0.0261 0.0254 0.57620 0.75030
0.21304 -0.89099 0.05636 -0.9933 0.0877 0.0752 0.58260 0.76990
0.21429 -0.87658 0.04239 -0.9998 0.0176 0.0038 0.61450 0.74040
0.21386 -0.88569 0.04127 -0.9932 0.1108 0.0351 0.61640 0.75970
0.21413 -0.86776 0.04309 -0.9987 -0.0466 -0.0191 0.61360 0.72110
0.13807 -0.86928 0.08488 0.9068 -0.3391 -0.2503 0.34580 0.49300
0.13553 -0.87903 0.08487 0.9787 -0.1617 -0.1262 0.32470 0.49090
0.13421 -0.87190 0.07008 0.9807 -0.1366 -0.1399 0.33800 0.45250
0.13703 -0.86221 0.07067 0.9301 -0.2981 -0.2144 0.35410 0.45750
0.14199 -0.86112 0.08532 0.8099 -0.4637 -0.3592 0.36060 0.49860
0.14079 -0.85282 0.07194 0.8419 -0.4652 -0.2735 0.37100 0.46800
0.13253 -0.87882 0.05387 0.9978 0.0549 -0.0375 0.32250 0.41040
0.13442 -0.89004 0.05203 0.9755 0.2141 -0.0501 0.29850 0.40640
0.13429 -0.88376 0.06954 0.9937 0.1003 -0.0505 0.31310 0.45000
0.13706 -0.89503 0.06731 0.9511 0.3088 0.0023 0.28730 0.44420
0.13311 -0.86787 0.05495 0.9911 -0.1161 -0.0651 0.34400 0.41280
0.13497 -0.89069 0.08526 0.9957 0.0888 0.0247 0.29800 0.48990
0.13788 -0.90183 0.08389 0.9415 0.3091 0.1343 0.27190 0.48460
0.21621 -0.91359 0.03423 -0.9948 0.0870 0.0537 0.62000 0.92020
0.21678 -0.90528 0.03536 -0.8374 -0.5295 -0.1357 0.62110 0.90390
0.21567 -0.91727 0.04327 -0.9927 0.0659 0.1011 0.59840 0.92300
0.21601 -0.90946 0.04415 -0.8268 -0.5250 -0.2021 0.59980 0.90610
0.21471 -0.92174 0.03391 -0.9124 0.3954 -0.1056 0.61830 0.93690
0.21441 -0.92475 0.04244 -0.6416 0.6881 0.3389 0.59790 0.93900
0.14072 -0.93058 0.00431 -0.0234 0.9842 0.1753 0.79020 0.33170
0.14277 -0.93345 0.02488 -0.0379 0.9865 0.1595 0.75590 0.36600
0.15081 -0.93259 0.02270 -0.0572 0.9852 0.1617 0.74680 0.35340
0.14743 -0.92958 0.00158 -0.0582 0.9815 0.1826 0.78390 0.31950
0.21941 -0.92442 0.06185 -0.9634 -0.0178 0.2675 0.55130 0.92990
0.21890 -0.91607 0.06150 -0.8015 -0.5976 -0.0194 0.55540 0.91250
0.21981 -0.93243 0.06116 -0.6487 0.6371 0.4162 0.55020 0.94700
0.13712 -0.91823 0.04738 0.9522 0.2156 -0.2165 0.13680 0.41210
0.13964 -0.92071 0.05376 0.9423 0.2477 -0.2253 0.13560 0.43090
0.14293 -0.92887 0.05433 0.5903 0.7960 0.1336 0.12020 0.43560
0.13898 -0.92718 0.04714 0.7688 0.4883 -0.4130 0.11980 0.41670
0.13537 -0.90967 0.04912 0.8402 -0.3918 -0.3749 0.16400 0.41040
0.13865 -0.91359 0.05676 0.8292 -0.3602 -0.4274 0.16150 0.43580
0.14372 -0.92758 0.07348 0.9771 0.2027 0.0654 0.12310 0.48070
0.14536 -0.93668 0.07313 0.5750 0.7672 0.2844 0.11160 0.48200
0.14213 -0.92045 0.07348 0.8770 -0.4297 -0.2152 0.15440 0.47740
0.17534 -0.89855 0.18771 -0.1200 -0.8875 -0.4449 0.26250 0.76550
0.17757 -0.90197 0.19261 -0.1898 -0.7814 -0.5944 0.25590 0.77470
0.17112 -0.90179 0.19385 -0.0669 -0.7922 -0.6066 0.24910 0.76820
0.16920 -0.89851 0.18866 -0.0188 -0.8929 -0.4499 0.25590 0.75890
0.18124 -0.89853 0.18547 -0.2013 -0.8864 -0.4168 0.27040 0.77090
0.18389 -0.90200 0.19012 -0.2905 -0.7672 -0.5718 0.26420 0.78020
0.17313 -0.89576 0.18124 -0.0481 -0.9682 -0.2455 0.27210 0.75450
0.17859 -0.89579 0.17945 -0.1205 -0.9663 -0.2276 0.27930 0.76050
0.16743 -0.89586 0.18187 0.0290 -0.9707 -0.2387 0.26590 0.74680
0.18634 -0.89823 0.18172 -0.2790 -0.8953 -0.3473 0.28010 0.77410
0.18950 -0.90163 0.18637 -0.4082 -0.7591 -0.5071 0.27380 0.78380
0.18363 -0.89595 0.17608 -0.1871 -0.9679 -0.1680 0.28860 0.76470
0.17931 -0.90571 0.19607 -0.2658 -0.6070 -0.7489 0.25080 0.78220
0.18070 -0.90994 0.19821 -0.3283 -0.4190 -0.8466 0.24660 0.78930
0.17465 -0.90967 0.19972 -0.1594 -0.4296 -0.8888 0.23980 0.78310
0.17301 -0.90544 0.19751 -0.1177 -0.6196 -0.7760 0.24410 0.77590
0.18546 -0.90589 0.19342 -0.4048 -0.5661 -0.7181 0.25900 0.78760
0.18641 -0.91027 0.19542 -0.5061 -0.3578 -0.7848 0.25470 0.79460
0.19139 -0.90571 0.18945 -0.5588 -0.5112 -0.6530 0.26910 0.79170
0.19224 -0.91045 0.19103 -0.6668 -0.2472 -0.7030 0.26540 0.79940
0.17043 -0.86078 -0.02940 0.1031 -0.1414 0.9846 0.80790 0.70960
0.16970 -0.84972 -0.02735 0.1205 -0.2334 0.9649 0.80290 0.68720
0.16041 -0.85046 -0.02545 0.3474 -0.2158 0.9126 0.81730 0.68180
0.16048 -0.86125 -0.02725 0.3583 -0.1279 0.9248 0.82500 0.70480
0.18159 -0.86063 -0.02927 -0.1446 -0.1279 0.9812 0.79040 0.71370
0.18076 -0.84921 -0.02750 -0.0793 -0.2028 0.9760 0.78780 0.69200
0.17168 -0.87264 -0.03101 0.0794 -0.0148 0.9967 0.81110 0.73360
0.18350 -0.87278 -0.03049 -0.2045 -0.0145 0.9788 0.79200 0.73710
0.16062 -0.87287 -0.02866 0.3494 -0.0183 0.9368 0.83060 0.73010
0.19156 -0.86055 -0.02633 -0.4707 -0.0699 0.8795 0.77430 0.71620
0.19066 -0.84912 -0.02564 -0.4049 -0.1693 0.8985 0.77410 0.69530
0.19322 -0.87284 -0.02635 -0.5556 -0.0064 0.8315 0.77370 0.73930
0.16897 -0.84234 -0.02476 0.1375 -0.3244 0.9359 0.79900 0.67340
0.16810 -0.83800 -0.02295 0.1386 -0.5884 0.7966 0.79720 0.66780
0.16058 -0.83856 -0.02147 0.2915 -0.5491 0.7833 0.80780 0.66290
0.16050 -0.84299 -0.02301 0.3234 -0.2930 0.8998 0.81100 0.66750
0.17951 -0.84202 -0.02548 -0.0153 -0.3074 0.9514 0.78590 0.67970
0.17764 -0.83781 -0.02375 0.0141 -0.6147 0.7886 0.78570 0.67180
0.18851 -0.84268 -0.02493 -0.3541 -0.3516 0.8666 0.77520 0.68480
0.18617 -0.83835 -0.02380 -0.3037 -0.6397 0.7061 0.77580 0.67740
0.19936 -0.84677 -0.01874 -0.7185 -0.4261 0.5498 0.75640 0.68680
0.19720 -0.84404 -0.01862 -0.6613 -0.6046 0.4440 0.75850 0.67990
0.18752 -0.92398 0.20373 -0.4371 -0.0781 -0.8960 0.21550 0.84560
0.18804 -0.93314 0.20400 -0.3782 0.4672 -0.7992 0.20690 0.86210
0.18128 -0.93283 0.20683 -0.2497 0.4594 -0.8524 0.19530 0.85310
0.18059 -0.92429 0.20598 -0.2616 -0.1045 -0.9595 0.20540 0.83830
0.19331 -0.92489 0.20024 -0.6645 -0.0337 -0.7465 0.22460 0.85290
0.19346 -0.93509 0.19956 -0.4896 0.5516 -0.6753 0.21810 0.87270
0.18708 -0.92042 0.20343 -0.3706 -0.6224 -0.6894 0.21870 0.83980
0.19294 -0.92133 0.20020 -0.5861 -0.6120 -0.5310 0.22670 0.84690
0.18025 -0.92027 0.20560 -0.2061 -0.5831 -0.7858 0.21080 0.83140
0.19852 -0.92781 0.19426 -0.7986 -0.0016 -0.6018 0.23700 0.86400
0.19842 -0.93804 0.19296 -0.5170 0.6463 -0.5613 0.23290 0.88560
0.19812 -0.92355 0.19437 -0.7182 -0.5586 -0.4149 0.23900 0.85550
0.19800 -0.91381 -0.02861 -0.5774 -0.0643 0.8139 0.77200 0.93450
0.19798 -0.92187 -0.02945 -0.4356 0.5401 0.7201 0.77630 0.95140
0.18810 -0.91307 -0.03199 -0.1945 -0.0974 0.9760 0.79170 0.92800
0.18816 -0.92111 -0.03289 -0.1405 0.5459 0.8259 0.79730 0.94460
0.19810 -0.90576 -0.02791 -0.5590 0.0322 0.8286 0.76790 0.91870
0.19796 -0.89487 -0.02980 -0.4614 -0.5466 0.6988 0.76720 0.90000
0.18810 -0.89423 -0.03188 -0.1388 -0.6067 0.7827 0.78030 0.89340
0.18813 -0.90505 -0.03127 -0.1688 -0.0087 0.9856 0.78630 0.91240
0.17459 -0.91310 -0.03278 0.0456 -0.1014 0.9938 0.81550 0.91850
0.17475 -0.92121 -0.03370 0.0237 0.5583 0.8293 0.82240 0.93500
0.16157 -0.91375 -0.03090 0.3025 -0.0919 0.9487 0.83840 0.90810
0.16179 -0.92195 -0.03183 0.2026 0.5572 0.8053 0.84610 0.92460
0.17457 -0.90501 -0.03202 0.0523 -0.0439 0.9977 0.80850 0.90280
0.17449 -0.89408 -0.03188 0.0509 -0.6088 0.7917 0.79910 0.88300
0.16121 -0.89450 -0.02991 0.2643 -0.5764 0.7732 0.81850 0.87060
0.16145 -0.90558 -0.03012 0.2960 -0.0446 0.9542 0.83060 0.89180
0.19465 -0.94619 0.12867 -0.0565 0.9963 0.0653 0.60140 0.42600
0.19409 -0.94453 0.11316 -0.0436 0.9924 0.1147 0.62280 0.45530
0.18077 -0.94539 0.11548 -0.0409 0.9919 0.1206 0.60270 0.46700
0.18091 -0.94711 0.13095 -0.0539 0.9963 0.0668 0.58060 0.43840
0.20817 -0.94524 0.12627 -0.0572 0.9962 0.0653 0.62200 0.41400
0.20749 -0.94363 0.11076 -0.0478 0.9927 0.1107 0.64330 0.44350
0.19096 -0.94680 0.14518 -0.0735 0.9966 -0.0363 0.57300 0.39990
0.20419 -0.94589 0.14288 -0.0727 0.9968 -0.0334 0.59320 0.38800
0.17790 -0.94769 0.14721 -0.0698 0.9969 -0.0364 0.55330 0.41210
0.22083 -0.94433 0.12374 -0.0567 0.9960 0.0686 0.64190 0.40320
0.22091 -0.94267 0.10828 -0.0516 0.9925 0.1106 0.66400 0.43160
0.21624 -0.94509 0.14010 -0.0704 0.9972 -0.0256 0.61270 0.37840
0.19233 -0.94292 0.09941 -0.0275 0.9876 0.1547 0.64020 0.48280
0.19033 -0.94034 0.08563 -0.0036 0.9697 0.2441 0.65740 0.51080
0.17959 -0.94072 0.08739 -0.0020 0.9690 0.2472 0.64130 0.52060
0.17961 -0.94360 0.10166 -0.0241 0.9861 0.1641 0.62090 0.49400
0.20521 -0.94217 0.09707 -0.0364 0.9882 0.1487 0.65990 0.47150
0.20233 -0.93974 0.08345 -0.0136 0.9699 0.2430 0.67580 0.50020
0.21801 -0.94127 0.09471 -0.0432 0.9885 0.1452 0.67970 0.46010
0.21418 -0.93894 0.08122 -0.0207 0.9699 0.2425 0.69430 0.48970
0.19539 -0.88872 0.12800 -0.3132 -0.8416 -0.4400 0.40010 0.74090
0.19612 -0.88093 0.11522 -0.3772 -0.7228 -0.5791 0.43350 0.72590
0.18799 -0.88660 0.12808 -0.2140 -0.8505 -0.4804 0.39720 0.72780
0.18868 -0.87789 0.11547 -0.2501 -0.7277 -0.6386 0.43080 0.71180
0.19206 -0.89341 0.14130 -0.2549 -0.9051 -0.3404 0.36690 0.74920
0.18471 -0.89190 0.14151 -0.1620 -0.9239 -0.3466 0.36330 0.73680
0.18038 -0.88527 0.12820 -0.1147 -0.8539 -0.5076 0.39360 0.71510
0.18013 -0.87595 0.11593 -0.1335 -0.7330 -0.6671 0.42620 0.69770
0.17258 -0.88502 0.12872 -0.0149 -0.8559 -0.5169 0.38820 0.70330
0.17118 -0.87553 0.11664 -0.0218 -0.7354 -0.6773 0.41940 0.68460
0.17792 -0.89107 0.14146 -0.0753 -0.9329 -0.3522 0.36030 0.72560
0.17106 -0.89098 0.14180 0.0033 -0.9376 -0.3477 0.35580 0.71470
0.19707 -0.86989 0.10399 -0.4574 -0.6338 -0.6238 0.46500 0.70710
0.19861 -0.86033 0.09283 -0.5561 -0.6073 -0.5674 0.49410 0.69080
0.18949 -0.86657 0.10486 -0.2829 -0.6646 -0.6916 0.46110 0.69320
0.19087 -0.85675 0.09467 -0.3416 -0.6709 -0.6582 0.48770 0.67680
0.17972 -0.86464 0.10565 -0.1357 -0.6820 -0.7187 0.45480 0.67810
0.18029 -0.85468 0.09589 -0.1556 -0.6911 -0.7058 0.48030 0.66130
0.16979 -0.86432 0.10634 -0.0097 -0.6908 -0.7230 0.44730 0.66430
0.17030 -0.85421 0.09645 -0.0007 -0.6977 -0.7163 0.47290 0.64740
0.18393 -0.94067 0.18937 -0.1024 0.9443 -0.3127 0.49890 0.32490
0.18282 -0.94338 0.17643 -0.0879 0.9792 -0.1828 0.51670 0.35100
0.17404 -0.94389 0.17777 -0.0827 0.9789 -0.1867 0.50310 0.35950
0.17648 -0.94093 0.19114 -0.1063 0.9430 -0.3153 0.48630 0.33100
0.19092 -0.94061 0.18661 -0.0790 0.9565 -0.2809 0.51240 0.32120
0.19181 -0.94295 0.17425 -0.0888 0.9801 -0.1773 0.53170 0.34380
0.19885 -0.94080 0.18219 -0.0681 0.9737 -0.2176 0.52950 0.31970
0.20225 -0.94268 0.17050 -0.0851 0.9822 -0.1677 0.55090 0.33790
0.18550 -0.94568 0.16151 -0.0857 0.9876 -0.1318 0.54220 0.37600
0.17447 -0.94642 0.16315 -0.0807 0.9877 -0.1339 0.52540 0.38660
0.19699 -0.94495 0.15940 -0.0850 0.9882 -0.1275 0.56020 0.36570
0.20923 -0.94432 0.15625 -0.0828 0.9895 -0.1184 0.58060 0.35650
0.18278 -0.89544 0.17025 -0.1375 -0.9905 0.0013 0.29930 0.75850
0.18383 -0.89601 0.16313 -0.1562 -0.9877 0.0027 0.31470 0.75460
0.17714 -0.89495 0.17227 -0.0513 -0.9985 -0.0194 0.29210 0.75160
0.17759 -0.89549 0.16385 -0.0572 -0.9984 -0.0005 0.30990 0.74510
0.17171 -0.89486 0.17327 0.0112 -0.9997 -0.0221 0.28660 0.74410
0.17198 -0.89547 0.16414 0.0118 -0.9999 -0.0095 0.30620 0.73630
0.16628 -0.89512 0.17362 0.0650 -0.9978 -0.0141 0.28220 0.73590
0.16653 -0.89579 0.16432 0.0615 -0.9980 -0.0175 0.30270 0.72750
0.18704 -0.89609 0.15343 -0.2075 -0.9619 -0.1778 0.33720 0.75220
0.18025 -0.89503 0.15365 -0.1104 -0.9777 -0.1788 0.33340 0.74100
0.17429 -0.89454 0.15355 -0.0316 -0.9814 -0.1896 0.33060 0.73110
0.16844 -0.89457 0.15370 0.0276 -0.9803 -0.1955 0.32710 0.72160
0.19562 -0.93300 0.02954 0.0616 0.8620 -0.5032 0.66830 0.31810
0.20554 -0.93323 0.03175 0.0966 0.8163 -0.5696 0.65000 0.31160
0.18577 -0.93299 0.02999 -0.0366 0.8407 -0.5402 0.68260 0.32930
0.17526 -0.93318 0.03079 -0.1381 0.8531 -0.5032 0.69720 0.34170
0.18777 -0.93441 0.06693 0.0099 0.9470 0.3210 0.68180 0.54880
0.18479 -0.92772 0.04866 0.0061 0.9447 0.3279 0.70530 0.58630
0.17446 -0.92825 0.05032 0.0065 0.9447 0.3280 0.68990 0.59570
0.17830 -0.93478 0.06835 0.0077 0.9479 0.3184 0.66800 0.55760
0.19851 -0.93389 0.06510 0.0044 0.9465 0.3228 0.69800 0.53910
0.19589 -0.92713 0.04667 -0.0022 0.9420 0.3355 0.72230 0.57640
0.20920 -0.93320 0.06314 -0.0119 0.9437 0.3307 0.71470 0.52950
0.20575 -0.92655 0.04485 -0.0318 0.9351 0.3528 0.73780 0.56750
0.18532 -0.92240 0.03255 -0.0444 0.8707 -0.4898 0.15810 0.89930
0.18577 -0.93299 0.02999 -0.0366 0.8407 -0.5402 0.14210 0.91580
0.17526 -0.93318 0.03079 -0.1381 0.8531 -0.5032 0.12830 0.90250
0.17468 -0.92268 0.03333 -0.1488 0.8474 -0.5097 0.14430 0.88620
0.19539 -0.92224 0.03214 0.0581 0.8534 -0.5181 0.17120 0.91160
0.19562 -0.93300 0.02954 0.0616 0.8620 -0.5032 0.15500 0.92850
0.18532 -0.92240 0.03255 -0.0444 0.8707 -0.4898 0.72960 0.61520
0.19539 -0.92224 0.03214 0.0581 0.8534 -0.5181 0.74330 0.60360
0.17468 -0.92268 0.03333 -0.1488 0.8474 -0.5097 0.71460 0.62690
0.20584 -0.92232 0.03448 0.0558 0.8979 -0.4366 0.18680 0.92400
0.20554 -0.93323 0.03175 0.0966 0.8163 -0.5696 0.17000 0.94090
0.20584 -0.92232 0.03448 0.0558 0.8979 -0.4366 0.75370 0.58660
0.20094 -0.85093 0.08004 -0.6476 -0.5792 -0.4950 0.52390 0.67570
0.20192 -0.84195 0.06776 -0.6871 -0.6260 -0.3687 0.54550 0.66280
0.19227 -0.84694 0.08355 -0.4045 -0.6791 -0.6126 0.51450 0.66040
0.19308 -0.83810 0.07262 -0.4407 -0.7342 -0.5164 0.53340 0.64710
0.18166 -0.84446 0.08568 -0.2049 -0.7069 -0.6770 0.50530 0.64490
0.18227 -0.83582 0.07574 -0.2432 -0.7706 -0.5891 0.52300 0.63210
0.17153 -0.84385 0.08669 -0.0175 -0.7058 -0.7082 0.49720 0.63110
0.17222 -0.83533 0.07803 -0.0347 -0.7736 -0.6328 0.51490 0.61840
0.15229 -0.89920 0.18502 0.3059 -0.8664 -0.3947 0.24260 0.73580
0.15301 -0.90209 0.19042 0.3352 -0.7648 -0.5502 0.23600 0.74440
0.15748 -0.89896 0.18731 0.1848 -0.8835 -0.4304 0.24580 0.74410
0.15882 -0.90190 0.19267 0.1836 -0.7903 -0.5846 0.23940 0.75320
0.15159 -0.89755 0.17919 0.2741 -0.9466 -0.1697 0.24850 0.72590
0.15623 -0.89680 0.18086 0.1766 -0.9621 -0.2076 0.25280 0.73290
0.16320 -0.89869 0.18852 0.0867 -0.8910 -0.4456 0.25030 0.75180
0.16488 -0.90179 0.19384 0.0638 -0.7935 -0.6052 0.24370 0.76110
0.16166 -0.89622 0.18174 0.1035 -0.9684 -0.2271 0.25860 0.73980
0.15384 -0.90555 0.19500 0.3632 -0.6055 -0.7081 0.22970 0.75190
0.15469 -0.91004 0.19834 0.3914 -0.3871 -0.8348 0.22290 0.75820
0.16011 -0.90539 0.19694 0.1729 -0.6298 -0.7572 0.23360 0.76070
0.16120 -0.90979 0.19986 0.1483 -0.4444 -0.8835 0.22750 0.76730
0.16656 -0.90535 0.19779 0.0315 -0.6225 -0.7820 0.23830 0.76870
0.16800 -0.90966 0.20029 -0.0087 -0.4353 -0.9002 0.23320 0.77570
0.14116 -0.86331 -0.01239 0.8046 -0.1556 0.5731 0.35220 0.26340
0.14355 -0.85217 -0.01188 0.8068 -0.2055 0.5539 0.37370 0.26510
0.14680 -0.86301 -0.01803 0.6722 -0.1299 0.7288 0.35380 0.24830
0.14872 -0.85182 -0.01742 0.6769 -0.1691 0.7164 0.37620 0.25060
0.13944 -0.87562 -0.01258 0.8100 -0.0522 0.5842 0.32760 0.26190
0.14533 -0.87502 -0.01841 0.6599 -0.0377 0.7504 0.32940 0.24630
0.15317 -0.86216 -0.02313 0.5678 -0.1177 0.8147 0.35710 0.23320
0.15411 -0.85120 -0.02202 0.5578 -0.1810 0.8100 0.37940 0.23740
0.16048 -0.86125 -0.02725 0.3583 -0.1279 0.9248 0.36110 0.21810
0.16041 -0.85046 -0.02545 0.3474 -0.2158 0.9126 0.38360 0.22480
0.15252 -0.87389 -0.02402 0.5548 -0.0241 0.8316 0.33270 0.22960
0.16062 -0.87287 -0.02866 0.3494 -0.0183 0.9368 0.33620 0.21260
0.14578 -0.84571 -0.01274 0.7950 -0.2745 0.5410 0.38690 0.26350
0.14762 -0.84177 -0.01301 0.7309 -0.5083 0.4555 0.39540 0.26300
0.14238 -0.84395 -0.00335 0.8150 -0.5517 0.1770 0.38800 0.28470
0.14049 -0.84753 -0.00300 0.9072 -0.3461 0.2392 0.38030 0.28570
0.15046 -0.84479 -0.01731 0.6646 -0.2193 0.7143 0.39070 0.25150
0.15185 -0.84056 -0.01722 0.6250 -0.4794 0.6161 0.39990 0.25210
0.15500 -0.84383 -0.02056 0.5230 -0.2396 0.8180 0.39470 0.24170
0.15571 -0.83943 -0.01969 0.4793 -0.5019 0.7199 0.40390 0.24440
0.16050 -0.84299 -0.02301 0.3234 -0.2930 0.8998 0.39930 0.23180
0.16058 -0.83856 -0.02147 0.2915 -0.5491 0.7833 0.40860 0.23690
0.15659 -0.92607 0.20850 0.3186 -0.0517 -0.9465 0.17700 0.80810
0.15699 -0.93504 0.20903 0.1879 0.4681 -0.8635 0.15990 0.81870
0.16357 -0.92538 0.20869 -0.0273 -0.0916 -0.9954 0.18350 0.81790
0.16406 -0.93386 0.20965 -0.0737 0.4638 -0.8829 0.16930 0.82980
0.15647 -0.92226 0.20821 0.3629 -0.5855 -0.7249 0.19010 0.79860
0.16342 -0.92124 0.20835 0.0398 -0.6041 -0.7959 0.19690 0.80850
0.17207 -0.92486 0.20771 -0.1514 -0.1064 -0.9827 0.19360 0.82860
0.17269 -0.93325 0.20871 -0.1650 0.4680 -0.8682 0.18170 0.84210
0.17186 -0.92057 0.20737 -0.0953 -0.5777 -0.8107 0.20370 0.82000
0.13726 -0.90946 -0.01419 0.8086 0.0698 0.5842 0.14620 0.26750
0.13626 -0.89804 -0.01583 0.7339 -0.4678 0.4924 0.17140 0.26900
0.14389 -0.90800 -0.02005 0.5919 0.0279 0.8056 0.15380 0.25120
0.14299 -0.89672 -0.02094 0.5463 -0.5159 0.6599 0.17660 0.25640
0.13770 -0.91786 -0.01498 0.8249 -0.0066 0.5653 0.12990 0.26440
0.13811 -0.92629 -0.01586 0.5855 0.6128 0.5307 0.11270 0.26190
0.14448 -0.92464 -0.02171 0.4095 0.6052 0.6827 0.12090 0.24390
0.14420 -0.91630 -0.02082 0.6223 -0.0549 0.7808 0.13770 0.24730
0.15217 -0.90663 -0.02558 0.4873 -0.0161 0.8731 0.16170 0.23330
0.15172 -0.89544 -0.02555 0.4370 -0.5501 0.7116 0.18400 0.24130
0.16145 -0.90558 -0.03012 0.2960 -0.0446 0.9542 0.16700 0.21440
0.16121 -0.89450 -0.02991 0.2643 -0.5764 0.7732 0.19210 0.22500
0.15238 -0.91487 -0.02637 0.5094 -0.0737 0.8574 0.14440 0.22770
0.15261 -0.92314 -0.02729 0.3362 0.5915 0.7329 0.12940 0.22260
0.16179 -0.92195 -0.03183 0.2026 0.5572 0.8053 0.14050 0.20160
0.16157 -0.91375 -0.03090 0.3025 -0.0919 0.9487 0.15280 0.20770
0.13763 -0.94943 0.13516 -0.0418 0.9963 0.0754 0.51780 0.48400
0.15213 -0.94875 0.13411 -0.0442 0.9965 0.0712 0.53890 0.46770
0.15326 -0.94700 0.11942 -0.0372 0.9910 0.1285 0.56160 0.49320
0.13913 -0.94767 0.12075 -0.0355 0.9911 0.1280 0.54080 0.50840
0.13926 -0.94988 0.15186 -0.0605 0.9979 -0.0231 0.49530 0.45160
0.15188 -0.94919 0.15042 -0.0589 0.9978 -0.0304 0.51450 0.43820
0.16701 -0.94798 0.13293 -0.0491 0.9965 0.0680 0.56000 0.45160
0.16742 -0.94623 0.11776 -0.0390 0.9913 0.1256 0.58240 0.47900
0.16510 -0.94847 0.14902 -0.0628 0.9974 -0.0353 0.53400 0.42440
0.14472 -0.94555 0.10723 -0.0390 0.9855 0.1650 0.56760 0.52640
0.15595 -0.94489 0.10554 -0.0308 0.9844 0.1733 0.58490 0.51560
0.15938 -0.94159 0.09046 -0.0190 0.9682 0.2494 0.61120 0.53940
0.15027 -0.94223 0.09186 -0.0336 0.9688 0.2454 0.59720 0.54800
0.16756 -0.94425 0.10365 -0.0254 0.9848 0.1719 0.60270 0.50490
0.16933 -0.94111 0.08896 -0.0075 0.9683 0.2498 0.62610 0.53010
0.16446 -0.88609 0.12992 0.0950 -0.8615 -0.4987 0.31270 0.62680
0.16243 -0.87691 0.11765 0.0971 -0.7356 -0.6704 0.33090 0.59320
0.17118 -0.87553 0.11664 -0.0218 -0.7354 -0.6773 0.34330 0.59960
0.17258 -0.88502 0.12872 -0.0149 -0.8559 -0.5169 0.32470 0.63160
0.15603 -0.88838 0.13128 0.2282 -0.8602 -0.4561 0.30010 0.62340
0.15458 -0.87987 0.11899 0.2304 -0.7324 -0.6408 0.31840 0.59000
0.16332 -0.89163 0.14297 0.0919 -0.9420 -0.3228 0.29990 0.65880
0.15531 -0.89325 0.14440 0.2181 -0.9344 -0.2817 0.28720 0.65580
0.17106 -0.89098 0.14180 0.0033 -0.9376 -0.3477 0.31180 0.66280
0.14806 -0.89171 0.13269 0.3621 -0.8442 -0.3952 0.28740 0.62140
0.14772 -0.88414 0.12056 0.3761 -0.7273 -0.5741 0.30530 0.58940
0.14782 -0.89594 0.14567 0.3539 -0.9030 -0.2436 0.27420 0.65310
0.16110 -0.86576 0.10707 0.1239 -0.6941 -0.7091 0.35500 0.56260
0.16139 -0.85563 0.09693 0.1695 -0.7042 -0.6894 0.37480 0.54160
0.17030 -0.85421 0.09645 -0.0007 -0.6977 -0.7163 0.38490 0.55120
0.16979 -0.86432 0.10634 -0.0097 -0.6908 -0.7230 0.36660 0.56990
0.15347 -0.86880 0.10809 0.2905 -0.6863 -0.6667 0.34310 0.55900
0.15361 -0.85885 0.09746 0.3749 -0.6878 -0.6216 0.36460 0.53410
0.14743 -0.87333 0.10944 0.4779 -0.6557 -0.5845 0.33070 0.55890
0.14763 -0.86370 0.09794 0.5865 -0.6248 -0.5154 0.35380 0.52970
0.15118 -0.94259 0.19422 -0.1326 0.9485 -0.2877 0.44720 0.35780
0.15890 -0.94190 0.19368 -0.1026 0.9446 -0.3117 0.45860 0.34870
0.15476 -0.94494 0.18056 -0.0917 0.9780 -0.1874 0.47300 0.37870
0.14601 -0.94557 0.18192 -0.1007 0.9779 -0.1830 0.45900 0.38750
0.16770 -0.94134 0.19257 -0.1000 0.9444 -0.3132 0.47230 0.33950
0.16438 -0.94439 0.17913 -0.0830 0.9785 -0.1891 0.48820 0.36910
0.14241 -0.94834 0.16826 -0.0850 0.9883 -0.1264 0.47500 0.41750
0.15269 -0.94770 0.16656 -0.0789 0.9880 -0.1328 0.49150 0.40750
0.16350 -0.94707 0.16484 -0.0765 0.9878 -0.1353 0.50850 0.39710
0.16073 -0.89568 0.17369 0.1156 -0.9933 -0.0061 0.26720 0.72410
0.16087 -0.89627 0.16472 0.1115 -0.9936 -0.0204 0.27690 0.70590
0.16653 -0.89579 0.16432 0.0615 -0.9980 -0.0175 0.28600 0.70990
0.16628 -0.89512 0.17362 0.0650 -0.9978 -0.0141 0.27560 0.72940
0.15542 -0.89649 0.17357 0.1761 -0.9844 0.0031 0.25960 0.71920
0.15519 -0.89706 0.16540 0.1902 -0.9817 -0.0115 0.26740 0.70250
0.15079 -0.89751 0.17331 0.2875 -0.9577 0.0122 0.25310 0.71480
0.14979 -0.89827 0.16645 0.3236 -0.9462 0.0021 0.25770 0.70020
0.16192 -0.89500 0.15452 0.0922 -0.9780 -0.1873 0.28820 0.68490
0.16844 -0.89457 0.15370 0.0276 -0.9803 -0.1955 0.29870 0.68850
0.15511 -0.89611 0.15576 0.1999 -0.9664 -0.1618 0.27670 0.68200
0.14855 -0.89815 0.15724 0.3433 -0.9298 -0.1326 0.26440 0.67990
0.14608 -0.93629 0.04308 -0.3487 0.7802 -0.5193 0.72280 0.39450
0.15310 -0.93543 0.03938 -0.3349 0.8015 -0.4955 0.71770 0.38040
0.16193 -0.93159 0.02051 -0.0442 0.9849 0.1676 0.73300 0.33750
0.16347 -0.93419 0.03460 -0.2772 0.8235 -0.4950 0.70930 0.36090
0.15304 -0.93609 0.07191 -0.0029 0.9477 0.3190 0.63050 0.58180
0.16058 -0.93558 0.07080 -0.0089 0.9491 0.3149 0.64200 0.57450
0.15601 -0.92928 0.05305 0.0139 0.9368 0.3495 0.66210 0.61330
0.14901 -0.92971 0.05414 0.0243 0.9343 0.3556 0.65120 0.62010
0.16925 -0.93515 0.06959 0.0008 0.9488 0.3160 0.65480 0.56620
0.16482 -0.92878 0.05177 0.0103 0.9423 0.3346 0.67540 0.60480
0.14519 -0.92542 0.04486 -0.3275 0.8554 -0.4012 0.10540 0.84420
0.15241 -0.92469 0.04163 -0.3168 0.8523 -0.4161 0.11510 0.85500
0.15310 -0.93543 0.03938 -0.3349 0.8015 -0.4955 0.09810 0.87060
0.14608 -0.93629 0.04308 -0.3487 0.7802 -0.5193 0.08820 0.85950
0.14519 -0.92542 0.04486 -0.3275 0.8554 -0.4012 0.65980 0.64270
0.15241 -0.92469 0.04163 -0.3168 0.8523 -0.4161 0.67390 0.63940
0.16288 -0.92359 0.03693 -0.2718 0.8446 -0.4613 0.12910 0.87040
0.16347 -0.93419 0.03460 -0.2772 0.8235 -0.4950 0.11250 0.88620
0.16288 -0.92359 0.03693 -0.2718 0.8446 -0.4613 0.69420 0.63490
0.16232 -0.84541 0.08686 0.2020 -0.6975 -0.6876 0.39290 0.52830
0.16298 -0.83736 0.07918 0.2284 -0.7467 -0.6247 0.40810 0.51720
0.17222 -0.83533 0.07803 -0.0347 -0.7736 -0.6328 0.41790 0.52850
0.17153 -0.84385 0.08669 -0.0175 -0.7058 -0.7082 0.40250 0.53940
0.15400 -0.84894 0.08656 0.4308 -0.6661 -0.6089 0.38350 0.51700
0.15424 -0.84118 0.07841 0.4754 -0.6898 -0.5461 0.39790 0.50460
0.14729 -0.85427 0.08595 0.6503 -0.5839 -0.4861 0.37300 0.50700
0.14726 -0.84659 0.07709 0.6841 -0.5920 -0.4260 0.38580 0.49150
0.20900 -0.85351 -0.00289 -0.9064 -0.3698 0.2040 0.71970 0.69390
0.20782 -0.85115 -0.00227 -0.8210 -0.5564 0.1276 0.71960 0.68970
0.21270 -0.86021 0.01691 -0.9792 -0.1934 0.0618 0.67500 0.70250
0.21182 -0.85688 0.01719 -0.8899 -0.4540 0.0445 0.67570 0.69400
0.21338 -0.85970 0.04378 -0.9879 -0.1516 -0.0339 0.61250 0.70300
0.21219 -0.85377 0.04405 -0.9124 -0.4092 0.0015 0.61210 0.68920
0.13749 -0.85227 0.01233 0.9448 -0.3205 0.0678 0.36990 0.31900
0.13895 -0.84898 0.01233 0.8291 -0.5589 -0.0144 0.37710 0.31870
0.13442 -0.85805 0.03069 0.9684 -0.2483 0.0248 0.36130 0.35970
0.13556 -0.85464 0.03064 0.8639 -0.5035 -0.0118 0.36850 0.35990
0.13454 -0.85984 0.05529 0.9611 -0.2565 -0.1028 0.35830 0.41530
0.13620 -0.85480 0.05519 0.8824 -0.4587 -0.1050 0.36790 0.41710
0.13812 -0.85234 0.05451 0.0213 -0.9904 0.1368 0.37320 0.41720
0.13747 -0.85274 0.03026 -0.0900 -0.9826 -0.1627 0.37370 0.35960
0.14231 -0.84863 0.06730 0.1969 -0.9172 0.3463 0.37910 0.45850
0.14026 -0.85700 0.05302 -0.8680 -0.4685 0.1646 0.38460 0.41100
0.14421 -0.85316 0.06625 -0.7530 -0.3955 0.5259 0.38750 0.44830
0.14024 -0.85763 0.02933 -0.8769 -0.4568 -0.1497 0.38730 0.36010
0.14075 -0.84726 0.01267 -0.0708 -0.9407 -0.3318 0.38200 0.31940
0.14393 -0.84208 -0.00227 0.0410 -0.9656 -0.2569 0.39280 0.28680
0.14332 -0.85217 0.01294 -0.8243 -0.4634 -0.3252 0.39250 0.32480
0.14597 -0.84631 -0.00009 -0.7712 -0.5003 -0.3936 0.39970 0.29460
0.21000 -0.85109 0.04362 -0.0658 -0.9494 0.3072 0.61340 0.68210
0.20650 -0.84457 0.05487 -0.1300 -0.8853 0.4464 0.57640 0.66960
0.20980 -0.85481 0.01728 0.0123 -0.9959 -0.0897 0.67660 0.68850
0.20747 -0.85555 0.04256 0.8335 -0.5105 0.2112 0.62030 0.67350
0.20677 -0.85929 0.01707 0.8288 -0.5424 -0.1374 0.67660 0.67720
0.20431 -0.84935 0.05494 0.7482 -0.3953 0.5328 0.58520 0.66340
0.20608 -0.84877 -0.00141 -0.1831 -0.9387 -0.2922 0.71980 0.68220
0.19559 -0.84172 -0.01673 -0.3145 -0.9135 -0.2579 0.75600 0.67560
0.20382 -0.85262 -0.00033 0.6882 -0.5630 -0.4576 0.71500 0.67250
0.19542 -0.84454 -0.01359 0.4253 -0.5722 -0.7013 0.74770 0.66750
0.16328 -0.83457 0.07534 0.2778 -0.7926 0.5428 0.41450 0.51070
0.15461 -0.83834 0.07455 0.2748 -0.7615 0.5870 0.40430 0.49870
0.17222 -0.83249 0.07401 0.1988 -0.8358 0.5117 0.42480 0.52110
0.16390 -0.84026 0.07765 -0.1015 0.3378 0.9357 0.42300 0.50050
0.17229 -0.83829 0.07594 0.1699 0.3240 0.9307 0.43370 0.51000
0.15595 -0.84379 0.07666 -0.3305 0.2108 0.9200 0.41150 0.48910
0.14782 -0.84355 0.07306 0.3036 -0.8202 0.4848 0.39260 0.48430
0.14949 -0.84859 0.07362 -0.5510 -0.1095 0.8273 0.39950 0.47410
0.15636 -0.83781 -0.01814 0.1024 -0.9663 -0.2362 0.40850 0.24710
0.16088 -0.83696 -0.01960 0.0640 -0.9626 -0.2633 0.41340 0.24050
0.15279 -0.83893 -0.01588 0.0687 -0.9732 -0.2196 0.40460 0.25440
0.15741 -0.84274 -0.01674 -0.3652 -0.3381 -0.8674 0.41730 0.25450
0.15382 -0.84369 -0.01407 -0.5610 -0.4121 -0.7179 0.41370 0.26190
0.14879 -0.84006 -0.01160 0.0408 -0.9809 -0.1904 0.40000 0.26570
0.15005 -0.84459 -0.00930 -0.6970 -0.4846 -0.5285 0.40840 0.27370
0.18185 -0.83290 0.07137 0.0679 -0.8390 0.5398 0.53050 0.62640
0.17222 -0.83249 0.07401 0.1988 -0.8358 0.5117 0.52290 0.61320
0.19237 -0.83547 0.06874 -0.0553 -0.8949 0.4429 0.54070 0.64070
0.18131 -0.83865 0.07326 0.3023 0.2312 0.9248 0.54080 0.62260
0.19084 -0.84057 0.06951 0.4199 0.0228 0.9073 0.55030 0.63690
0.17229 -0.83829 0.07594 0.1699 0.3240 0.9307 0.53420 0.60950
0.20103 -0.83932 0.06373 -0.1791 -0.8963 0.4056 0.55410 0.65560
0.19895 -0.84406 0.06358 0.6215 -0.2381 0.7464 0.56370 0.65080
0.16792 -0.83640 -0.02083 0.0286 -0.9599 -0.2788 0.79450 0.66140
0.17674 -0.83624 -0.02147 -0.0076 -0.9588 -0.2840 0.78440 0.66670
0.17749 -0.84120 -0.01977 -0.0256 -0.3300 -0.9436 0.77590 0.65530
0.16880 -0.84148 -0.01942 -0.0897 -0.2916 -0.9523 0.78650 0.64790
0.18483 -0.83672 -0.02153 -0.1489 -0.9672 -0.2058 0.77420 0.67170
0.18559 -0.84208 -0.01936 0.1418 -0.4586 -0.8772 0.76640 0.66200
0.23032 -0.92729 0.12258 -0.3101 -0.9407 -0.1375 0.40340 0.91300
0.22702 -0.92620 0.12243 -0.7877 -0.5888 -0.1811 0.40470 0.90680
0.22725 -0.92442 0.10779 -0.7859 -0.6163 0.0513 0.43930 0.90980
0.23083 -0.92554 0.10745 -0.3028 -0.9502 -0.0732 0.43840 0.91660
0.22528 -0.92804 0.13776 -0.3378 -0.9298 -0.1458 0.36890 0.90450
0.22222 -0.92696 0.13719 -0.7758 -0.5549 -0.3004 0.37090 0.89850
0.22729 -0.91855 0.12355 -0.9868 0.0221 -0.1603 0.41850 0.82910
0.22766 -0.91656 0.10947 -0.9907 -0.0246 0.1341 0.45110 0.82480
0.22278 -0.91970 0.13773 -0.9370 0.0736 -0.3415 0.38600 0.83050
0.22639 -0.92373 0.09339 -0.3051 -0.9510 -0.0510 0.47360 0.91530
0.22259 -0.92255 0.09412 -0.7708 -0.6091 0.1868 0.47420 0.90790
0.21642 -0.91940 0.07980 -0.8025 -0.5806 0.1375 0.51210 0.90310
0.22042 -0.92065 0.07883 -0.3183 -0.9370 -0.1442 0.51200 0.91120
0.22340 -0.91434 0.09613 -0.9447 -0.0213 0.3274 0.48420 0.81910
0.21803 -0.91097 0.08255 -0.9380 0.0340 0.3451 0.51880 0.81120
0.13560 -0.92974 0.10910 0.4459 -0.8944 0.0363 0.14360 0.57040
0.13888 -0.92813 0.10894 0.8431 -0.4450 0.3020 0.15110 0.56970
0.13120 -0.93050 0.12259 0.8308 -0.4991 0.2465 0.14870 0.60740
0.12784 -0.93209 0.12323 0.4355 -0.8999 0.0239 0.14140 0.60700
0.14308 -0.92559 0.09199 0.4612 -0.8762 -0.1399 0.14850 0.52700
0.14600 -0.92401 0.09222 0.9304 -0.3550 0.0906 0.15590 0.52890
0.13539 -0.92033 0.11197 0.8908 0.1866 0.4144 0.22270 0.55170
0.12941 -0.92282 0.12442 0.9482 0.1085 0.2987 0.21270 0.58280
0.14091 -0.91642 0.09689 0.8887 0.3376 0.3103 0.23570 0.51420
0.12568 -0.93382 0.13720 0.4347 -0.8978 -0.0708 0.14240 0.63610
0.12879 -0.93228 0.13589 0.8641 -0.5031 -0.0150 0.15010 0.63460
0.13079 -0.93274 0.15106 0.8708 -0.4614 -0.1698 0.15510 0.67060
0.12839 -0.93421 0.15316 0.4700 -0.8779 -0.0917 0.14840 0.67420
0.12765 -0.92490 0.13737 0.9927 0.1204 0.0106 0.20410 0.61250
0.12971 -0.92563 0.15230 0.9694 0.1400 -0.2016 0.19800 0.64690
0.20549 -0.92487 0.17597 -0.3854 -0.9190 -0.0827 0.28080 0.86870
0.20236 -0.92377 0.17513 -0.7747 -0.5177 -0.3631 0.28330 0.86250
0.20922 -0.92537 0.16341 -0.7657 -0.5247 -0.3720 0.31040 0.87550
0.21231 -0.92645 0.16418 -0.3792 -0.9188 -0.1093 0.30810 0.88160
0.20024 -0.92338 0.18571 -0.3784 -0.9221 -0.0808 0.25850 0.85840
0.19714 -0.92223 0.18460 -0.7448 -0.5414 -0.3901 0.26140 0.85220
0.20347 -0.91808 0.17527 -0.8486 0.1168 -0.5160 0.29880 0.82100
0.21033 -0.91943 0.16361 -0.8576 0.1320 -0.4972 0.32590 0.82660
0.19791 -0.91654 0.18483 -0.8155 0.0632 -0.5754 0.27760 0.81430
0.21915 -0.92761 0.15161 -0.3689 -0.9205 -0.1288 0.33710 0.89390
0.21615 -0.92655 0.15087 -0.7675 -0.5409 -0.3440 0.33930 0.88790
0.21703 -0.91998 0.15118 -0.8942 0.1144 -0.4328 0.35500 0.82970
0.13305 -0.93305 0.16843 0.5338 -0.8420 -0.0788 0.15980 0.70690
0.13490 -0.93167 0.16618 0.8735 -0.4275 -0.2331 0.16540 0.70390
0.13956 -0.92937 0.17874 0.8686 -0.4015 -0.2902 0.17550 0.72890
0.13802 -0.93069 0.18093 0.5909 -0.8013 -0.0936 0.16990 0.73240
0.13368 -0.92441 0.16664 0.9347 0.1384 -0.3274 0.19640 0.68080
0.13821 -0.92192 0.17844 0.8964 0.1098 -0.4294 0.19870 0.70910
0.14396 -0.92768 0.19188 0.6021 -0.7856 -0.1428 0.17980 0.75660
0.14489 -0.92637 0.18938 0.8337 -0.3962 -0.3847 0.18380 0.75260
0.15084 -0.92369 0.19756 0.7368 -0.4653 -0.4904 0.19400 0.77540
0.15056 -0.92469 0.20094 0.5387 -0.8303 -0.1430 0.18950 0.77900
0.14345 -0.91926 0.18857 0.8331 0.0572 -0.5502 0.20320 0.73310
0.14946 -0.91695 0.19634 0.6939 -0.0563 -0.7179 0.20930 0.75190
0.20762 -0.88623 -0.00083 -0.9515 0.1288 0.2795 0.71100 0.76550
0.21059 -0.88979 0.01718 -0.9750 0.1650 0.1488 0.66960 0.77020
0.20653 -0.89355 -0.00095 -0.9545 0.1397 0.2634 0.71200 0.78030
0.20615 -0.89628 -0.00107 -0.8485 -0.5147 0.1231 0.71260 0.78600
0.20843 -0.89889 0.01549 -0.8851 -0.4651 0.0145 0.67370 0.78930
0.20902 -0.89640 0.01598 -0.9708 0.1882 0.1486 0.67250 0.78410
0.20140 -0.89191 -0.01509 -0.8583 0.1228 0.4983 0.74680 0.77780
0.20122 -0.89467 -0.01478 -0.7446 -0.5854 0.3209 0.74660 0.78360
0.20198 -0.88454 -0.01592 -0.8521 0.0853 0.5164 0.74750 0.76290
0.13353 -0.90084 0.00999 0.4871 -0.8625 -0.1371 0.16900 0.31720
0.13568 -0.89991 0.01150 0.9118 -0.4042 -0.0719 0.17640 0.31940
0.13620 -0.90256 0.02721 0.9183 -0.3586 -0.1674 0.17770 0.36070
0.13401 -0.90373 0.02629 0.4916 -0.8454 -0.2090 0.17270 0.35900
0.13379 -0.89069 0.01204 0.9921 0.1170 0.0451 0.29670 0.31640
0.13436 -0.89439 0.02867 0.9802 0.1965 -0.0237 0.28910 0.35400
0.13500 -0.88794 -0.00311 0.9595 0.0755 0.2713 0.30230 0.28190
0.21230 -0.89452 0.03932 -0.9772 0.2054 0.0540 0.62030 0.77820
0.21113 -0.89931 0.05162 -0.9755 0.1970 0.0977 0.59320 0.78760
0.21082 -0.90077 0.03716 -0.9650 0.2563 0.0553 0.62500 0.79120
0.21009 -0.90307 0.03621 -0.9023 -0.4052 -0.1471 0.62710 0.79600
0.20845 -0.90727 0.04604 -0.8955 -0.4047 -0.1851 0.60580 0.80420
0.20921 -0.90511 0.04754 -0.9646 0.2465 0.0940 0.60240 0.79970
0.21333 -0.90544 0.06787 -0.9590 0.1114 0.2606 0.55520 0.79960
0.21144 -0.91141 0.06461 -0.9523 0.1379 0.2724 0.56310 0.81190
0.21074 -0.91367 0.06338 -0.8667 -0.4986 0.0147 0.56600 0.81650
0.13771 -0.90832 0.04855 0.4112 -0.8182 -0.4019 0.17040 0.40980
0.13983 -0.90690 0.04737 0.9047 -0.2735 -0.3268 0.17570 0.40770
0.14373 -0.91095 0.05659 0.8922 -0.2383 -0.3837 0.17380 0.43470
0.14134 -0.91225 0.05665 0.3837 -0.7956 -0.4688 0.16910 0.43510
0.13677 -0.89908 0.04998 0.9423 0.3227 -0.0891 0.27900 0.40220
0.14086 -0.90346 0.06259 0.9116 0.4105 -0.0242 0.26830 0.43280
0.14489 -0.91902 0.07348 0.4485 -0.8283 -0.3357 0.16060 0.47760
0.14729 -0.91763 0.07356 0.9476 -0.2669 -0.1755 0.16720 0.47800
0.14260 -0.91024 0.07948 0.8960 0.4168 0.1532 0.25250 0.47270
0.18525 -0.91947 0.20179 -0.1580 -0.9747 -0.1581 0.22080 0.83530
0.18303 -0.91930 0.19927 -0.4031 -0.6795 -0.6130 0.22490 0.82920
0.18793 -0.92018 0.19569 -0.6014 -0.6294 -0.4922 0.23520 0.83620
0.19061 -0.92053 0.19835 -0.2669 -0.9630 -0.0378 0.22990 0.84210
0.17880 -0.91926 0.20382 -0.0578 -0.9662 -0.2512 0.21470 0.82500
0.17719 -0.91902 0.20150 -0.1847 -0.6869 -0.7029 0.21690 0.81890
0.18204 -0.91426 0.19943 -0.3887 -0.2225 -0.8941 0.24320 0.79660
0.18741 -0.91488 0.19646 -0.5885 -0.1355 -0.7970 0.25140 0.80240
0.17607 -0.91404 0.20110 -0.2000 -0.2615 -0.9443 0.23570 0.79030
0.19543 -0.92222 0.19286 -0.3430 -0.9384 -0.0430 0.24230 0.84990
0.19249 -0.92122 0.19083 -0.6907 -0.5757 -0.4377 0.24700 0.84380
0.19260 -0.91564 0.19156 -0.7276 -0.0263 -0.6855 0.26260 0.80830
0.17261 -0.88313 -0.03008 0.0583 0.1858 0.9809 0.81200 0.75490
0.18476 -0.88340 -0.02927 -0.2188 0.1624 0.9622 0.79130 0.75780
0.17342 -0.89026 -0.02793 0.0455 0.2839 0.9578 0.81140 0.77060
0.17374 -0.89293 -0.02715 0.0405 -0.5092 0.8597 0.81110 0.77660
0.18587 -0.89323 -0.02637 -0.2069 -0.5723 0.7935 0.78880 0.77870
0.18554 -0.89055 -0.02718 -0.2074 0.2507 0.9456 0.78960 0.77280
0.16177 -0.89036 -0.02618 0.2771 0.2703 0.9220 0.83300 0.76930
0.16206 -0.89302 -0.02543 0.2769 -0.4732 0.8363 0.83290 0.77540
0.16108 -0.88327 -0.02806 0.3152 0.1663 0.9343 0.83280 0.75300
0.19422 -0.88367 -0.02528 -0.5827 0.1029 0.8061 0.77280 0.76010
0.19466 -0.89099 -0.02357 -0.5810 0.1768 0.7945 0.77090 0.77510
0.19468 -0.89375 -0.02289 -0.5249 -0.6234 0.5795 0.77000 0.78100
0.15682 -0.92170 0.20565 0.3414 -0.9258 -0.1622 0.19560 0.79250
0.15689 -0.92136 0.20234 0.4876 -0.6281 -0.6064 0.19950 0.78800
0.16304 -0.92008 0.20324 0.1408 -0.6948 -0.7053 0.20550 0.80100
0.16332 -0.92037 0.20608 0.1278 -0.9641 -0.2326 0.20200 0.80410
0.15584 -0.91558 0.20090 0.4082 -0.2211 -0.8857 0.21480 0.76510
0.16225 -0.91478 0.20212 0.1121 -0.3024 -0.9466 0.22060 0.77410
0.17103 -0.91960 0.20525 0.0250 -0.9617 -0.2729 0.20850 0.81540
0.17012 -0.91930 0.20280 -0.0332 -0.6880 -0.7249 0.21140 0.81010
0.16920 -0.91425 0.20202 -0.0540 -0.2875 -0.9563 0.22780 0.78260
0.13928 -0.88635 -0.01226 0.8017 0.0700 0.5936 0.30580 0.26080
0.14520 -0.88533 -0.01800 0.6323 0.0939 0.7690 0.30830 0.24510
0.13963 -0.89353 -0.01132 0.7926 0.1312 0.5955 0.29170 0.26120
0.13975 -0.89622 -0.01094 0.7544 -0.5264 0.3922 0.28650 0.26130
0.14579 -0.89474 -0.01656 0.5970 -0.4941 0.6320 0.28950 0.24520
0.14564 -0.89217 -0.01698 0.6019 0.1674 0.7809 0.29460 0.24510
0.13555 -0.89522 -0.00252 0.9580 0.1368 0.2519 0.28790 0.28190
0.13593 -0.89793 -0.00231 0.8697 -0.4863 0.0847 0.28260 0.28190
0.15269 -0.88414 -0.02353 0.5160 0.1301 0.8467 0.31130 0.22790
0.16108 -0.88327 -0.02806 0.3152 0.1663 0.9343 0.31380 0.21030
0.15328 -0.89104 -0.02218 0.4717 0.2204 0.8538 0.29710 0.22770
0.15351 -0.89363 -0.02162 0.4693 -0.4643 0.7511 0.29190 0.22780
0.16206 -0.89302 -0.02543 0.2769 -0.4732 0.8363 0.29290 0.21040
0.16177 -0.89036 -0.02618 0.2771 0.2703 0.9220 0.29840 0.21030
0.23416 -0.94337 0.12106 -0.7374 0.6722 -0.0661 0.66330 0.39140
0.23471 -0.94164 0.10568 -0.7540 0.6374 0.1588 0.68600 0.41910
0.22894 -0.94427 0.13703 -0.6754 0.6960 -0.2437 0.63380 0.36820
0.23111 -0.94026 0.09226 -0.6951 0.6456 0.3164 0.70050 0.44820
0.22555 -0.93832 0.07942 -0.6278 0.6726 0.3917 0.71190 0.47870
0.18804 -0.93314 0.20400 -0.3782 0.4672 -0.7992 0.48140 0.28880
0.19346 -0.93509 0.19956 -0.4896 0.5516 -0.6753 0.49590 0.29140
0.18128 -0.93283 0.20683 -0.2497 0.4594 -0.8524 0.46790 0.29200
0.20836 -0.94108 0.17666 -0.6045 0.6707 -0.4298 0.55020 0.31840
0.21442 -0.94243 0.16572 -0.6067 0.6789 -0.4136 0.57390 0.33180
0.19842 -0.93804 0.19296 -0.5170 0.6463 -0.5613 0.51310 0.29900
0.20353 -0.93984 0.18547 -0.5828 0.6630 -0.4699 0.53110 0.30740
0.22187 -0.94371 0.15231 -0.6351 0.6863 -0.3543 0.60290 0.34820
0.19798 -0.92187 -0.02945 -0.4356 0.5401 0.7201 0.75430 0.21050
0.18816 -0.92111 -0.03289 -0.1405 0.5459 0.8259 0.77470 0.21570
0.21088 -0.92641 -0.00636 -0.7186 0.6343 0.2849 0.70000 0.23850
0.20557 -0.92403 -0.01946 -0.6449 0.5966 0.4777 0.72780 0.22020
0.21419 -0.93343 0.03324 -0.5612 0.6584 -0.5015 0.63470 0.30510
0.21189 -0.92985 0.01046 -0.6748 0.7161 0.1787 0.67230 0.26680
0.17475 -0.92121 -0.03370 0.0237 0.5583 0.8293 0.79610 0.22730
0.16179 -0.92195 -0.03183 0.2026 0.5572 0.8053 0.81310 0.24450
0.21981 -0.93243 0.06116 -0.6487 0.6371 0.4162 0.73160 0.51990
0.21441 -0.92475 0.04244 -0.6416 0.6881 0.3389 0.75310 0.56160
0.21471 -0.92174 0.03391 -0.9124 0.3954 -0.1056 0.19890 0.93380
0.21419 -0.93343 0.03324 -0.5612 0.6584 -0.5015 0.18250 0.95180
0.21471 -0.92174 0.03391 -0.9124 0.3954 -0.1056 0.76600 0.57700
0.12588 -0.94833 0.12252 0.6658 0.6811 0.3046 0.51980 0.52220
0.12414 -0.95010 0.13685 0.6824 0.7304 0.0308 0.49530 0.50020
0.12741 -0.95058 0.15383 0.6221 0.7621 -0.1796 0.47450 0.46550
0.14158 -0.94318 0.09367 0.5211 0.7641 0.3803 0.58280 0.55560
0.13299 -0.94628 0.10905 0.5675 0.7093 0.4181 0.54900 0.53790
0.13747 -0.94625 0.18325 0.5569 0.7137 -0.4249 0.44520 0.39630
0.14378 -0.94336 0.19449 0.4732 0.7003 -0.5345 0.43650 0.36710
0.15699 -0.93504 0.20903 0.1879 0.4681 -0.8635 0.43060 0.31970
0.16406 -0.93386 0.20965 -0.0737 0.4638 -0.8829 0.43990 0.30910
0.15060 -0.93891 0.20417 0.3706 0.6150 -0.6960 0.42990 0.33880
0.17269 -0.93325 0.20871 -0.1650 0.4680 -0.8682 0.45340 0.29960
0.13239 -0.94901 0.17013 0.5823 0.7493 -0.3152 0.45820 0.42720
0.13811 -0.92629 -0.01586 0.5855 0.6128 0.5307 0.82500 0.29860
0.13443 -0.92863 -0.00531 0.7087 0.6667 0.2308 0.81460 0.32140
0.13463 -0.93079 0.00906 0.6941 0.7148 0.0858 0.79250 0.34670
0.14448 -0.92464 -0.02171 0.4095 0.6052 0.6827 0.82420 0.28120
0.13656 -0.93427 0.02732 0.6533 0.7569 0.0167 0.76170 0.37700
0.14065 -0.93700 0.04616 0.2902 0.6850 -0.6683 0.72650 0.40580
0.15853 -0.92837 -0.00174 -0.0430 0.9827 0.1802 0.77190 0.30150
0.15261 -0.92314 -0.02729 0.3362 0.5915 0.7329 0.82020 0.26250
0.14293 -0.92887 0.05433 0.5903 0.7960 0.1336 0.64320 0.62790
0.14536 -0.93668 0.07313 0.5750 0.7672 0.2844 0.61860 0.58900
0.14065 -0.93700 0.04616 0.2902 0.6850 -0.6683 0.08020 0.85060
0.13898 -0.92718 0.04714 0.7688 0.4883 -0.4130 0.09520 0.83650
0.13898 -0.92718 0.04714 0.7688 0.4883 -0.4130 0.64750 0.64630
0.16185 -0.84201 -0.01831 -0.1977 -0.2900 -0.9364 0.42210 0.24830
0.16088 -0.83696 -0.01960 0.0640 -0.9626 -0.2633 0.80390 0.65540
0.16185 -0.84201 -0.01831 -0.1977 -0.2900 -0.9364 0.79550 0.64190
0.22710 -0.92411 0.12273 -0.9849 0.0684 -0.1590 0.42080 0.84040
0.22737 -0.92226 0.10825 -0.9879 0.0243 0.1533 0.45450 0.83650
0.22725 -0.92442 0.10779 -0.7859 -0.6163 0.0513 0.45580 0.84090
0.22702 -0.92620 0.12243 -0.7877 -0.5888 -0.1811 0.42170 0.84470
0.22222 -0.92696 0.13719 -0.7758 -0.5549 -0.3004 0.38760 0.84550
0.22237 -0.92498 0.13733 -0.9307 0.1039 -0.3507 0.38710 0.84140
0.22281 -0.92029 0.09467 -0.9354 0.0106 0.3534 0.48820 0.83140
0.21684 -0.91709 0.08056 -0.9285 0.0523 0.3677 0.52400 0.82380
0.21642 -0.91940 0.07980 -0.8025 -0.5806 0.1375 0.52590 0.82850
0.22259 -0.92255 0.09412 -0.7708 -0.6091 0.1868 0.48970 0.83600
0.13794 -0.92598 0.10977 0.8664 0.2052 0.4552 0.21110 0.54440
0.13067 -0.92840 0.12310 0.9296 0.1495 0.3370 0.20150 0.57770
0.13120 -0.93050 0.12259 0.8308 -0.4991 0.2465 0.19730 0.57580
0.13888 -0.92813 0.10894 0.8431 -0.4450 0.3020 0.20680 0.54170
0.14600 -0.92401 0.09222 0.9304 -0.3550 0.0906 0.21960 0.50110
0.14473 -0.92189 0.09351 0.8845 0.3389 0.3207 0.22400 0.50460
0.12847 -0.93027 0.13629 0.9859 0.1650 0.0280 0.19340 0.60810
0.13049 -0.93080 0.15140 0.9633 0.1801 -0.1991 0.18760 0.64310
0.13079 -0.93274 0.15106 0.8708 -0.4614 -0.1698 0.18370 0.64170
0.12879 -0.93228 0.13589 0.8641 -0.5031 -0.0150 0.18940 0.60640
0.20266 -0.92221 0.17517 -0.8446 0.1654 -0.5093 0.29800 0.82930
0.20952 -0.92375 0.16347 -0.8506 0.1655 -0.4991 0.32560 0.83540
0.20922 -0.92537 0.16341 -0.7657 -0.5247 -0.3720 0.32550 0.83880
0.20236 -0.92377 0.17513 -0.7747 -0.5177 -0.3631 0.29760 0.83250
0.19714 -0.92223 0.18460 -0.7448 -0.5414 -0.3901 0.27580 0.82540
0.19734 -0.92069 0.18466 -0.8178 0.1382 -0.5587 0.27630 0.82230
0.21638 -0.92475 0.15096 -0.8865 0.1383 -0.4416 0.35530 0.83950
0.21615 -0.92655 0.15087 -0.7675 -0.5409 -0.3440 0.35540 0.84320
0.13456 -0.92967 0.16630 0.9297 0.1750 -0.3240 0.18570 0.67870
0.13919 -0.92733 0.17865 0.8923 0.1481 -0.4265 0.18790 0.70900
0.13956 -0.92937 0.17874 0.8686 -0.4015 -0.2902 0.18370 0.70890
0.13490 -0.93167 0.16618 0.8735 -0.4275 -0.2331 0.18160 0.67800
0.14450 -0.92443 0.18916 0.8321 0.1029 -0.5451 0.19320 0.73500
0.15048 -0.92184 0.19729 0.7074 0.0196 -0.7065 0.20040 0.75580
0.15084 -0.92369 0.19756 0.7368 -0.4653 -0.4904 0.19690 0.75710
0.14489 -0.92637 0.18938 0.8337 -0.3962 -0.3847 0.18930 0.73570
0.20858 -0.89712 -0.00365 -0.3595 -0.9321 -0.0454 0.70980 0.89730
0.21092 -0.89982 0.01305 -0.3946 -0.9123 -0.1099 0.67160 0.89680
0.20843 -0.89889 0.01549 -0.8851 -0.4651 0.0145 0.66730 0.89050
0.20615 -0.89628 -0.00107 -0.8485 -0.5147 0.1231 0.70550 0.89120
0.20327 -0.89537 -0.01814 -0.2640 -0.9640 0.0307 0.74300 0.89680
0.20122 -0.89467 -0.01478 -0.7446 -0.5854 0.3209 0.73770 0.89090
0.13421 -0.89873 -0.00446 0.4442 -0.8950 -0.0411 0.17290 0.29180
0.13593 -0.89793 -0.00231 0.8697 -0.4863 0.0847 0.17790 0.29350
0.13515 -0.89740 0.01169 0.9822 0.1842 0.0356 0.28290 0.31510
0.13561 -0.90035 0.02764 0.9636 0.2651 -0.0348 0.27670 0.35160
0.13620 -0.90256 0.02721 0.9183 -0.3586 -0.1674 0.27210 0.35070
0.13568 -0.89991 0.01150 0.9118 -0.4042 -0.0719 0.27790 0.31440
0.21350 -0.90423 0.03631 -0.3639 -0.8820 -0.2994 0.61990 0.89690
0.21217 -0.90837 0.04511 -0.3355 -0.8705 -0.3601 0.59870 0.89770
0.20845 -0.90727 0.04604 -0.8955 -0.4047 -0.1851 0.59780 0.88980
0.21009 -0.90307 0.03621 -0.9023 -0.4052 -0.1471 0.62120 0.88970
0.21478 -0.91487 0.06245 -0.3290 -0.9106 -0.2499 0.55510 0.90400
0.21074 -0.91367 0.06338 -0.8667 -0.4986 0.0147 0.55490 0.89580
0.13904 -0.90479 0.04818 0.9186 0.3762 -0.1209 0.26680 0.39860
0.14291 -0.90890 0.05823 0.8964 0.4371 -0.0735 0.25690 0.42270
0.14373 -0.91095 0.05659 0.8922 -0.2383 -0.3837 0.25270 0.41890
0.13983 -0.90690 0.04737 0.9047 -0.2735 -0.3268 0.26240 0.39690
0.14610 -0.91557 0.07518 0.8985 0.4234 0.1155 0.24080 0.46210
0.14729 -0.91763 0.07356 0.9476 -0.2669 -0.1755 0.23650 0.45830
0.18282 -0.91781 0.19949 -0.4383 -0.0154 -0.8987 0.24080 0.80290
0.18784 -0.91866 0.19605 -0.6301 0.0621 -0.7740 0.24980 0.80940
0.18793 -0.92018 0.19569 -0.6014 -0.6294 -0.4922 0.24930 0.81260
0.18303 -0.91930 0.19927 -0.4031 -0.6795 -0.6130 0.23990 0.80580
0.17719 -0.91902 0.20150 -0.1847 -0.6869 -0.7029 0.23100 0.79880
0.17693 -0.91755 0.20154 -0.2406 -0.0870 -0.9667 0.23240 0.79620
0.19254 -0.91969 0.19108 -0.7448 0.1072 -0.6586 0.26130 0.81620
0.19249 -0.92122 0.19083 -0.6907 -0.5757 -0.4377 0.26100 0.81930
0.17417 -0.89351 -0.02946 0.0196 -0.9715 0.2360 0.79690 0.87800
0.18689 -0.89374 -0.02947 -0.0579 -0.9844 0.1662 0.77880 0.88840
0.18587 -0.89323 -0.02637 -0.2069 -0.5723 0.7935 0.77580 0.88210
0.17374 -0.89293 -0.02715 0.0405 -0.5092 0.8597 0.79470 0.87320
0.16170 -0.89376 -0.02750 0.1368 -0.9483 0.2864 0.81480 0.86580
0.16206 -0.89302 -0.02543 0.2769 -0.4732 0.8363 0.81170 0.86170
0.19626 -0.89432 -0.02642 -0.1581 -0.9830 0.0933 0.76370 0.89410
0.19468 -0.89375 -0.02289 -0.5249 -0.6234 0.5795 0.75920 0.88790
0.15666 -0.91972 0.20214 0.4034 -0.1010 -0.9095 0.20830 0.76990
0.16287 -0.91854 0.20310 0.0743 -0.1567 -0.9849 0.21510 0.77890
0.16304 -0.92008 0.20324 0.1408 -0.6948 -0.7053 0.21260 0.78090
0.15689 -0.92136 0.20234 0.4876 -0.6281 -0.6064 0.20540 0.77150
0.16991 -0.91782 0.20272 -0.0947 -0.1343 -0.9864 0.22340 0.78800
0.17012 -0.91930 0.20280 -0.0332 -0.6880 -0.7249 0.22150 0.79030
0.13819 -0.89713 -0.01341 0.3740 -0.9233 0.0879 0.17670 0.27300
0.14448 -0.89574 -0.01909 0.3097 -0.9266 0.2133 0.18110 0.25870
0.14579 -0.89474 -0.01656 0.5970 -0.4941 0.6320 0.18530 0.26250
0.13975 -0.89622 -0.01094 0.7544 -0.5264 0.3922 0.18060 0.27760
0.15269 -0.89454 -0.02359 0.2484 -0.9267 0.2822 0.18840 0.24410
0.16170 -0.89376 -0.02750 0.1368 -0.9483 0.2864 0.19790 0.23010
0.16206 -0.89302 -0.02543 0.2769 -0.4732 0.8363 0.20190 0.23400
0.15351 -0.89363 -0.02162 0.4693 -0.4643 0.7511 0.19210 0.24690
0.21302 -0.92002 0.01074 -0.9924 0.0606 0.1075 0.67250 0.94280
0.21189 -0.92985 0.01046 -0.6748 0.7161 0.1787 0.67210 0.96350
0.21419 -0.93343 0.03324 -0.5612 0.6584 -0.5015 0.61740 0.96170
0.13516 -0.92531 0.02654 0.9829 0.1490 -0.1086 0.11370 0.36420
0.13656 -0.93427 0.02732 0.6533 0.7569 0.0167 0.09730 0.36890
0.14065 -0.93700 0.04616 0.2902 0.6850 -0.6683 0.09660 0.42040
0.19805 -0.88110 -0.00937 -0.6511 -0.0833 0.7544 0.49000 0.19310
0.20722 -0.87998 0.00312 -0.9247 -0.2713 0.2671 0.46920 0.19280
0.14597 -0.88525 0.02757 0.9948 0.0701 0.0733 0.33670 0.19010
0.14776 -0.88268 0.01758 0.9803 0.0696 0.1847 0.31880 0.19060
0.14863 -0.87706 0.00945 0.9624 -0.0965 0.2541 0.29600 0.19030
0.14703 -0.87947 -0.01317 0.6868 -0.5630 0.4597 0.27400 0.19050
0.20843 -0.88481 0.02076 -0.9627 -0.2400 -0.1251 0.44830 0.19240
0.15716 -0.88375 -0.02330 0.2684 -0.3440 0.8998 0.25750 0.19080
0.20239 -0.88870 0.04537 -0.9592 -0.1808 -0.2173 0.42840 0.19150
0.14309 -0.89071 0.07031 0.9999 -0.0168 -0.0041 0.37230 0.18900
0.14604 -0.89758 0.04814 0.9926 0.0823 0.0897 0.36110 0.18960
0.17198 -0.88018 0.09296 -0.0322 -0.5325 -0.8458 0.39430 0.18920
0.15988 -0.87637 0.09051 0.1903 -0.5803 -0.7919 0.38880 0.18880
0.18822 -0.89069 -0.01215 -0.3845 0.0777 0.9198 0.24080 0.19480
0.14673 -0.89487 0.03642 0.9930 0.0868 0.0797 0.34990 0.18980
0.18822 -0.89069 -0.01215 -0.3845 0.0777 0.9198 0.51220 0.19470
0.14385 -0.87807 0.08293 0.8011 -0.3805 -0.4621 0.38210 0.18850
0.19652 -0.88805 0.07299 -0.9062 -0.2031 -0.3709 0.40920 0.19050
0.18414 -0.87899 0.08775 -0.5238 -0.3802 -0.7623 0.40040 0.18990
0 2 1
0 3 2
4 3 0
4 5 3
6 8 7
6 9 8
7 11 10
7 8 11
9 13 12
9 6 13
5 15 14
5 16 15
6 17 13
6 18 17
18 7 19
18 6 7
19 10 20
19 7 10
21 17 18
21 22 17
23 25 24
23 26 25
27 23 28
27 29 23
30 32 31
30 33 32
34 36 35
34 37 36
37 31 36
37 30 31
38 33 30
38 39 33
40 37 34
40 41 37
41 30 37
41 38 30
5 42 3
5 14 42
28 24 43
28 23 24
3 44 2
3 42 44
19 46 45
19 20 46
29 26 23
29 47 26
18 45 21
18 19 45
10 49 48
10 11 49
50 28 43
50 51 28
51 27 28
51 52 27
50 53 51
50 54 53
51 55 52
51 53 55
25 17 22
25 26 17
13 26 47
13 17 26
48 20 10
48 56 20
46 56 57
46 20 56
40 53 54
40 34 53
34 55 53
34 35 55
58 60 59
58 61 60
62 59 60
62 63 59
63 65 64
63 62 65
49 62 48
49 65 62
48 60 56
48 62 60
61 56 60
61 57 56
0 63 4
0 59 63
1 59 0
1 58 59
66 22 21
66 67 22
21 68 66
21 45 68
67 25 22
67 69 25
24 69 70
24 25 69
45 71 68
45 46 71
72 46 57
72 71 46
61 74 73
61 58 74
75 58 1
75 74 58
76 1 2
76 75 1
43 70 77
43 24 70
50 77 78
50 43 77
78 54 50
78 79 54
79 40 54
79 80 40
80 41 40
80 81 41
2 82 76
2 44 82
81 38 41
81 83 38
57 73 72
57 61 73
83 39 38
83 84 39
85 87 86
85 88 87
89 91 90
89 92 91
93 95 94
93 96 95
97 99 98
97 100 99
86 102 101
86 87 102
103 105 104
103 106 105
94 100 97
94 95 100
107 109 108
107 110 109
104 90 91
104 105 90
111 110 107
111 112 110
106 114 113
106 103 114
115 100 95
115 116 100
117 95 96
117 115 95
118 120 119
118 121 120
107 123 122
107 108 123
113 108 109
113 114 108
124 119 125
124 118 119
119 117 96
119 120 117
96 125 119
96 93 125
112 118 124
112 111 118
126 128 127
126 129 128
129 89 128
129 92 89
85 127 88
85 126 127
4 16 5
4 130 16
115 31 116
115 36 31
29 123 47
29 122 123
27 122 29
27 131 122
117 36 115
117 35 36
116 32 132
116 31 32
55 121 52
55 120 121
47 12 13
47 123 12
35 120 55
35 117 120
131 52 121
131 27 52
4 64 130
4 63 64
85 16 130
85 86 16
86 15 16
86 101 15
116 99 100
116 132 99
111 122 131
111 107 122
114 123 108
114 12 123
49 91 92
49 11 91
104 11 8
104 91 11
103 8 9
103 104 8
9 114 103
9 12 114
111 121 118
111 131 121
129 64 65
129 126 64
92 65 49
92 129 65
126 130 64
126 85 130
133 135 134
133 136 135
134 138 137
134 139 138
139 140 138
139 141 140
141 142 140
141 143 142
143 144 142
143 145 144
133 146 136
133 147 146
147 148 146
147 149 148
149 150 148
149 151 150
150 152 148
150 153 152
148 154 146
148 152 154
146 155 136
146 154 155
156 158 157
156 159 158
160 159 156
160 161 159
162 161 160
162 163 161
135 163 162
135 164 163
136 164 135
136 155 164
165 167 166
165 168 167
169 168 165
169 170 168
171 170 169
171 172 170
144 173 142
144 174 173
142 175 140
142 173 175
140 176 138
140 175 176
138 177 137
138 176 177
137 172 171
137 177 172
167 178 166
167 179 178
150 180 153
150 181 180
151 181 150
151 182 181
182 180 181
182 183 180
145 158 184
145 157 158
171 134 137
171 133 134
135 139 134
135 162 139
162 141 139
162 160 141
160 143 141
160 156 143
156 145 143
156 157 145
171 147 133
171 169 147
169 149 147
169 165 149
165 151 149
165 166 151
166 182 151
166 178 182
178 183 182
178 179 183
144 184 174
144 145 184
185 187 186
185 188 187
186 190 189
186 191 190
191 192 190
191 193 192
193 194 192
193 195 194
195 196 194
195 197 196
185 198 188
185 199 198
199 200 198
199 201 200
201 202 200
201 203 202
202 204 200
202 205 204
200 206 198
200 204 206
198 207 188
198 206 207
208 210 209
208 211 210
212 211 208
212 213 211
214 213 212
214 215 213
187 215 214
187 216 215
188 216 187
188 207 216
217 219 218
217 220 219
221 220 217
221 222 220
223 222 221
223 224 222
196 225 194
196 226 225
194 227 192
194 225 227
192 228 190
192 227 228
190 229 189
190 228 229
189 224 223
189 229 224
219 230 218
219 231 230
202 232 205
202 233 232
203 233 202
203 234 233
234 232 233
234 235 232
197 210 236
197 209 210
223 186 189
223 185 186
187 191 186
187 214 191
214 193 191
214 212 193
212 195 193
212 208 195
208 197 195
208 209 197
223 199 185
223 221 199
221 201 199
221 217 201
217 203 201
217 218 203
218 234 203
218 230 234
230 235 234
230 231 235
196 236 226
196 197 236
237 239 238
237 240 239
238 242 241
238 243 242
243 244 242
243 245 244
245 246 244
245 247 246
247 248 246
247 249 248
237 250 240
237 251 250
251 252 250
251 253 252
253 254 252
253 255 254
254 256 252
254 257 256
252 258 250
252 256 258
250 259 240
250 258 259
260 262 261
260 263 262
264 263 260
264 265 263
266 265 264
266 267 265
239 267 266
239 268 267
240 268 239
240 259 268
269 271 270
269 272 271
273 272 269
273 274 272
275 274 273
275 276 274
248 277 246
248 278 277
246 279 244
246 277 279
244 280 242
244 279 280
242 281 241
242 280 281
241 276 275
241 281 276
271 282 270
271 283 282
254 284 257
254 285 284
255 285 254
255 286 285
286 284 285
286 287 284
249 262 288
249 261 262
275 238 241
275 237 238
239 243 238
239 266 243
266 245 243
266 264 245
264 247 245
264 260 247
260 249 247
260 261 249
275 251 237
275 273 251
273 253 251
273 269 253
269 255 253
269 270 255
270 286 255
270 282 286
282 287 286
282 283 287
248 288 278
248 249 288
289 291 290
289 292 291
290 294 293
290 295 294
295 296 294
295 297 296
297 298 296
297 299 298
299 300 298
299 301 300
289 302 292
289 303 302
303 304 302
303 305 304
305 306 304
305 307 306
306 308 304
306 309 308
304 310 302
304 308 310
302 311 292
302 310 311
312 314 313
312 315 314
316 315 312
316 317 315
318 317 316
318 319 317
291 319 318
291 320 319
292 320 291
292 311 320
321 323 322
321 324 323
325 324 321
325 326 324
327 326 325
327 328 326
300 329 298
300 330 329
298 331 296
298 329 331
296 332 294
296 331 332
294 333 293
294 332 333
293 328 327
293 333 328
323 334 322
323 335 334
306 336 309
306 337 336
307 337 306
307 338 337
338 336 337
338 339 336
301 314 340
301 313 314
327 290 293
327 289 290
291 295 290
291 318 295
318 297 295
318 316 297
316 299 297
316 312 299
312 301 299
312 313 301
327 303 289
327 325 303
325 305 303
325 321 305
321 307 305
321 322 307
322 338 307
322 334 338
334 339 338
334 335 339
300 340 330
300 301 340
341 343 342
341 344 343
341 345 344
341 346 345
341 347 346
341 348 347
341 349 348
341 342 349
350 345 346
350 351 345
350 352 351
350 353 352
350 354 353
350 355 354
350 347 355
350 346 347
356 358 357
356 359 358
356 360 359
356 361 360
356 345 361
356 344 345
356 343 344
356 357 343
362 360 361
362 363 360
362 364 363
362 365 364
362 352 365
362 351 352
362 345 351
362 361 345
366 368 367
366 369 368
366 370 369
366 371 370
366 372 371
366 373 372
366 374 373
366 367 374
375 370 371
375 376 370
375 377 376
375 378 377
375 379 378
375 380 379
375 372 380
375 371 372
381 383 382
381 384 383
381 385 384
381 386 385
381 370 386
381 369 370
381 368 369
381 382 368
387 385 386
387 388 385
387 389 388
387 390 389
387 377 390
387 376 377
387 370 376
387 386 370
391 393 392
391 394 393
391 395 394
391 396 395
391 397 396
391 398 397
391 399 398
391 392 399
400 395 396
400 401 395
400 402 401
400 403 402
400 404 403
400 405 404
400 397 405
400 396 397
406 408 407
406 409 408
406 410 409
406 411 410
406 412 411
406 413 412
406 414 413
406 407 414
415 410 411
415 416 410
415 417 416
415 418 417
415 419 418
415 420 419
415 412 420
415 411 412
421 423 422
421 424 423
421 425 424
421 426 425
421 427 426
421 428 427
421 429 428
421 422 429
430 425 426
430 431 425
430 343 431
430 342 343
430 349 342
430 432 349
430 427 432
430 426 427
433 435 434
433 436 435
433 437 436
433 438 437
433 425 438
433 424 425
433 423 424
433 434 423
439 437 438
439 440 437
439 358 440
439 357 358
439 343 357
439 431 343
439 425 431
439 438 425
441 377 378
441 442 377
441 443 442
441 444 443
441 445 444
441 446 445
441 379 446
441 378 379
447 443 444
447 448 443
447 449 448
447 450 449
447 451 450
447 452 451
447 445 452
447 444 445
453 389 390
453 454 389
453 455 454
453 456 455
453 443 456
453 442 443
453 377 442
453 390 377
457 455 456
457 458 455
457 459 458
457 460 459
457 449 460
457 448 449
457 443 448
457 456 443
461 463 462
461 464 463
461 465 464
461 466 465
461 467 466
461 468 467
461 469 468
461 462 469
470 465 466
470 471 465
470 393 471
470 392 393
470 399 392
470 472 399
470 467 472
470 466 467
473 417 418
473 474 417
473 475 474
473 476 475
473 477 476
473 478 477
473 419 478
473 418 419
479 475 476
479 480 475
479 481 480
479 482 481
479 483 482
479 484 483
479 477 484
479 476 477
485 487 486
485 488 487
485 489 488
485 490 489
485 491 490
485 492 491
485 493 492
485 486 493
494 496 495
494 497 496
494 498 497
494 499 498
494 500 499
494 501 500
494 502 501
494 495 502
503 505 504
503 506 505
507 509 508
507 510 509
511 513 512
511 514 513
511 515 514
511 516 515
517 519 518
517 520 519
521 523 522
521 524 523
525 527 526
525 528 527
525 529 528
525 530 529
531 352 353
531 532 352
531 533 532
531 534 533
531 535 534
531 536 535
531 354 536
531 353 354
537 364 365
537 538 364
537 539 538
537 540 539
537 533 540
537 532 533
537 352 532
537 365 352
541 539 540
541 542 539
541 487 542
541 486 487
541 493 486
541 543 493
541 533 543
541 540 533
544 546 545
544 547 546
544 368 547
544 367 368
544 374 367
544 548 374
544 549 548
544 545 549
550 498 499
550 551 498
550 552 551
550 553 552
550 546 553
550 554 546
550 500 554
550 499 500
555 552 553
555 556 552
555 383 556
555 382 383
555 368 382
555 547 368
555 546 547
555 553 546
557 515 516
557 558 515
557 559 558
557 560 559
557 561 560
557 562 561
563 565 564
563 566 565
567 559 560
567 568 559
567 404 568
567 403 404
567 402 403
567 569 402
567 561 569
567 560 561
503 523 524
503 504 523
570 572 571
570 573 572
570 574 573
570 575 574
570 527 575
570 526 527
576 572 573
576 577 572
576 408 577
576 407 408
576 414 407
576 578 414
576 574 578
576 573 574
579 581 580
579 582 581
579 583 582
579 584 583
579 585 584
579 586 585
579 587 586
579 580 587
588 583 584
588 589 583
588 423 589
588 422 423
588 429 422
588 590 429
588 585 590
588 584 585
591 593 592
591 594 593
591 595 594
591 596 595
591 583 596
591 582 583
591 581 582
591 592 581
597 595 596
597 598 595
597 435 598
597 434 435
597 423 434
597 589 423
597 583 589
597 596 583
599 601 600
599 602 601
599 603 602
599 604 603
599 605 604
599 606 605
599 607 606
599 600 607
608 603 604
608 609 603
608 491 609
608 490 491
608 489 490
608 610 489
608 605 610
608 604 605
611 613 612
611 614 613
611 615 614
611 616 615
611 603 616
611 602 603
611 601 602
611 612 601
617 615 616
617 618 615
617 619 618
617 620 619
617 491 620
617 609 491
617 603 609
617 616 603
621 623 622
621 624 623
621 625 624
621 626 625
621 627 626
621 628 627
621 629 628
621 622 629
630 625 626
630 631 625
630 463 631
630 462 463
630 469 462
630 632 469
630 627 632
630 626 627
633 509 510
633 634 509
633 635 634
633 636 635
637 639 638
637 640 639
637 513 640
637 512 513
641 635 636
641 642 635
641 643 642
641 644 643
645 647 646
645 648 647
645 639 648
645 638 639
649 651 650
649 652 651
649 653 652
649 654 653
649 655 654
649 656 655
649 657 656
649 650 657
658 653 654
658 659 653
658 655 660
658 654 655
661 663 662
661 664 663
661 665 664
661 666 665
661 653 666
661 652 653
661 651 652
661 662 651
667 665 666
667 668 665
667 653 659
667 666 653
669 347 348
669 670 347
669 671 670
669 672 671
669 673 672
669 674 673
669 349 674
669 348 349
675 671 672
675 676 671
675 677 676
675 678 677
675 679 678
675 680 679
675 673 680
675 672 673
681 354 355
681 682 354
681 683 682
681 684 683
681 671 684
681 670 671
681 347 670
681 355 347
685 683 684
685 686 683
685 687 686
685 688 687
685 677 688
685 676 677
685 671 676
685 684 671
689 691 690
689 692 691
689 693 692
689 694 693
695 693 694
695 696 693
697 657 698
697 656 657
697 655 656
697 699 655
697 693 699
697 692 693
697 691 692
697 698 691
700 655 699
700 660 655
700 693 696
700 699 693
701 427 428
701 702 427
701 703 702
701 704 703
701 585 704
701 590 585
701 429 590
701 428 429
705 703 704
705 706 703
705 707 706
705 708 707
705 587 708
705 586 587
705 585 586
705 704 585
709 349 432
709 674 349
709 673 674
709 710 673
709 703 710
709 702 703
709 427 702
709 432 427
711 673 710
711 680 673
711 679 680
711 712 679
711 707 712
711 706 707
711 703 706
711 710 703
522 714 713
522 523 714
504 714 523
504 715 714
504 716 715
504 505 716
717 719 718
717 720 719
717 721 720
717 722 721
717 665 722
717 664 665
717 663 664
717 718 663
723 721 722
723 724 721
723 665 668
723 722 665
725 727 726
725 728 727
725 729 728
725 730 729
731 721 732
731 720 721
731 719 720
731 733 719
734 729 730
734 735 729
736 721 724
736 732 721
737 535 536
737 738 535
737 739 738
737 740 739
737 683 740
737 682 683
737 354 682
737 536 354
741 739 740
741 742 739
741 743 742
741 744 743
741 687 744
741 686 687
741 683 686
741 740 683
745 449 450
745 746 449
745 747 746
745 748 747
745 749 748
745 750 749
745 451 750
745 450 451
751 747 748
751 752 747
751 581 752
751 580 581
751 587 580
751 753 587
751 749 753
751 748 749
754 459 460
754 755 459
754 756 755
754 757 756
754 747 757
754 746 747
754 449 746
754 460 449
758 756 757
758 759 756
758 593 759
758 592 593
758 581 592
758 752 581
758 747 752
758 757 747
760 502 495
760 761 502
760 762 761
760 763 762
760 764 763
760 765 764
760 496 765
760 495 496
766 762 763
766 767 762
766 768 767
766 769 768
766 770 769
766 771 770
766 764 771
766 763 764
772 774 773
772 775 774
772 776 775
772 777 776
772 762 777
772 761 762
772 502 761
772 773 502
778 776 777
778 779 776
778 780 779
778 781 780
778 768 781
778 767 768
778 762 767
778 777 762
782 481 482
782 783 481
782 784 783
782 785 784
782 786 785
782 787 786
782 483 787
782 482 483
788 784 785
788 789 784
788 623 789
788 622 623
788 629 622
788 790 629
788 786 790
788 785 786
791 529 530
791 792 529
791 793 792
791 794 793
795 797 796
795 798 797
795 519 798
795 518 519
799 793 794
799 800 793
799 801 800
799 802 801
803 805 804
803 806 805
803 797 806
803 796 797
807 809 808
807 810 809
807 811 810
807 812 811
813 809 810
813 814 809
813 651 814
813 650 651
813 657 650
813 815 657
813 811 815
813 810 811
816 818 817
816 819 818
816 809 819
816 808 809
820 818 819
820 821 818
820 663 821
820 662 663
820 651 662
820 814 651
820 809 814
820 819 809
822 824 823
822 825 824
822 826 825
822 827 826
822 828 827
822 829 828
822 830 829
822 823 830
831 826 827
831 832 826
831 372 832
831 380 372
831 379 380
831 833 379
831 828 833
831 827 828
834 836 835
834 837 836
834 838 837
834 839 838
834 826 839
834 825 826
834 824 825
834 835 824
840 838 839
840 841 838
840 374 841
840 373 374
840 372 373
840 832 372
840 826 832
840 839 826
842 844 843
842 845 844
846 844 845
846 847 844
846 691 847
846 690 691
848 811 812
848 849 811
848 844 849
848 843 844
850 811 849
850 815 811
850 657 815
850 698 657
850 691 698
850 847 691
850 844 847
850 849 844
851 853 852
851 854 853
851 855 854
851 856 855
851 749 856
851 753 749
851 587 753
851 852 587
857 855 856
857 858 855
857 445 858
857 452 445
857 451 452
857 750 451
857 749 750
857 856 749
859 830 860
859 829 830
859 828 829
859 861 828
859 855 861
859 854 855
859 853 854
859 860 853
862 828 861
862 833 828
862 379 833
862 446 379
862 445 446
862 858 445
862 855 858
862 861 855
566 863 565
566 864 863
865 716 505
865 866 716
865 863 866
865 565 863
867 869 868
867 870 869
867 818 870
867 817 818
871 869 870
871 872 869
871 719 872
871 718 719
871 663 718
871 821 663
871 818 821
871 870 818
873 875 874
873 876 875
877 869 878
877 868 869
879 875 876
879 880 875
879 727 880
879 726 727
881 719 733
881 872 719
881 869 872
881 878 869
882 884 883
882 885 884
882 886 885
882 887 886
882 838 887
882 837 838
882 836 837
882 883 836
888 886 887
888 889 886
888 549 889
888 548 549
888 374 548
888 841 374
888 838 841
888 887 838
890 491 492
890 620 491
890 619 620
890 891 619
890 892 891
890 893 892
890 493 893
890 492 493
894 493 543
894 893 493
894 892 893
894 895 892
894 535 895
894 534 535
894 533 534
894 543 533
896 774 897
896 773 774
896 502 773
896 501 502
896 500 501
896 898 500
896 899 898
896 897 899
900 899 901
900 898 899
900 500 898
900 554 500
900 546 554
900 545 546
900 549 545
900 901 549
902 899 903
902 901 899
902 549 901
902 904 549
902 905 904
902 906 905
902 907 906
902 903 907
908 774 909
908 897 774
908 899 897
908 903 899
908 907 903
908 910 907
908 911 910
908 909 911
912 535 913
912 895 535
912 892 895
912 914 892
912 915 914
912 916 915
912 917 916
912 913 917
918 892 914
918 891 892
918 619 891
918 919 619
918 920 919
918 921 920
918 915 921
918 914 915
922 886 923
922 885 886
922 884 885
922 924 884
922 925 924
922 926 925
922 927 926
922 923 927
928 549 904
928 889 549
928 886 889
928 923 886
928 927 923
928 929 927
928 905 929
928 904 905
930 780 931
930 779 780
930 776 779
930 932 776
930 933 932
930 934 933
935 776 932
935 775 776
935 774 775
935 909 774
935 911 909
935 936 911
935 933 936
935 932 933
937 743 938
937 742 743
937 739 742
937 939 739
937 940 939
937 941 940
937 942 941
937 938 942
943 739 939
943 738 739
943 535 738
943 913 535
943 917 913
943 944 917
943 940 944
943 939 940
945 615 946
945 614 615
945 948 947
945 946 948
949 619 919
949 618 619
949 615 618
949 946 615
949 948 946
949 950 948
949 920 950
949 919 920
951 953 952
951 954 953
951 955 954
951 956 955
957 360 958
957 359 360
957 358 359
957 959 358
960 962 961
960 963 962
960 953 963
960 952 953
964 364 965
964 363 364
964 360 363
964 958 360
966 968 967
966 969 968
966 970 969
966 971 970
972 385 973
972 384 385
972 383 384
972 974 383
975 977 976
975 978 977
975 968 978
975 967 968
979 389 980
979 388 389
979 385 388
979 973 385
981 983 982
981 984 983
981 985 984
981 986 985
987 437 988
987 436 437
987 435 436
987 989 435
990 955 956
990 991 955
990 983 991
990 982 983
992 358 959
992 440 358
992 437 440
992 988 437
993 995 994
993 996 995
993 977 996
993 976 977
997 455 998
997 454 455
997 389 454
997 980 389
999 1001 1000
999 1002 1001
999 995 1002
999 994 995
1003 459 1004
1003 458 459
1003 455 458
1003 998 455
1005 487 488
1005 1006 487
1007 1009 1008
1007 1010 1009
1007 1011 1010
1007 1012 1011
1005 489 1013
1005 488 489
1014 1016 1015
1014 1017 1016
1018 498 1019
1018 497 498
1018 496 497
1018 1020 496
1021 539 542
1021 1022 539
1023 1025 1024
1023 1026 1025
1023 1009 1026
1023 1008 1009
1021 487 1006
1021 542 487
1027 364 538
1027 965 364
1028 1025 1029
1028 1024 1025
1027 539 1022
1027 538 539
1030 1032 1031
1030 1033 1032
1030 1016 1033
1030 1015 1016
1034 552 1035
1034 551 552
1034 498 551
1034 1019 498
1036 970 971
1036 1037 970
1036 1032 1037
1036 1031 1032
1038 383 974
1038 556 383
1038 552 556
1038 1035 552
1039 1041 1040
1039 1042 1041
1039 1043 1042
1039 1044 1043
1045 595 1046
1045 594 595
1045 593 594
1045 1047 593
1048 985 986
1048 1049 985
1048 1041 1049
1048 1040 1041
1050 435 989
1050 598 435
1050 595 598
1050 1046 595
1051 605 606
1051 1052 605
1053 1055 1054
1053 1056 1055
1053 1057 1056
1053 1058 1057
1051 607 1059
1051 606 607
1060 489 610
1060 1013 489
1061 1011 1012
1061 1062 1011
1061 1055 1062
1061 1054 1055
1060 605 1052
1060 610 605
1063 1065 1064
1063 1066 1065
1063 1001 1066
1063 1000 1001
1067 756 1068
1067 755 756
1067 459 755
1067 1004 459
1069 1043 1044
1069 1070 1043
1069 1065 1070
1069 1064 1065
1071 593 1047
1071 759 593
1071 756 759
1071 1068 756
1072 764 765
1072 1073 764
1074 1076 1075
1074 1077 1076
1074 1078 1077
1074 1079 1078
1072 496 1020
1072 765 496
1080 770 771
1080 1081 770
1082 1084 1083
1082 1085 1084
1082 1076 1085
1082 1075 1076
1080 764 1073
1080 771 764
658 1086 659
658 1087 1086
658 1088 1087
658 660 1088
667 1089 668
667 1090 1089
667 1086 1090
667 659 1086
689 1091 694
689 1092 1091
689 1093 1092
689 690 1093
695 1094 696
695 1095 1094
695 1096 1095
695 1097 1096
695 1091 1097
695 694 1091
700 1088 660
700 1098 1088
700 1094 1098
700 696 1094
521 1099 524
521 1100 1099
521 1101 1100
521 1102 1101
522 1104 1103
522 713 1104
503 1105 506
503 1106 1105
503 1099 1106
503 524 1099
723 1107 724
723 1108 1107
723 1089 1108
723 668 1089
734 1109 735
734 1110 1109
736 1107 1111
736 724 1107
807 1113 1112
807 808 1113
807 1114 812
807 1112 1114
816 1116 1115
816 817 1116
816 1113 808
816 1115 1113
842 1118 1117
842 843 1118
842 1119 845
842 1120 1119
842 1121 1120
842 1117 1121
846 1093 690
846 1122 1093
846 1119 1122
846 845 1119
848 1114 1123
848 812 1114
848 1118 843
848 1123 1118
563 1125 1124
563 1126 1125
563 1127 1126
563 564 1127
566 1128 864
566 1129 1128
1130 1127 564
1130 1131 1127
1130 1105 1131
1130 506 1105
867 1133 1132
867 868 1133
867 1116 817
867 1132 1116
873 1135 1134
873 874 1135
877 1133 868
877 1136 1133
930 1137 934
930 931 1137
945 613 614
945 1138 613
945 1139 1138
945 947 1139
951 397 398
951 952 397
951 399 956
951 398 399
1140 1142 1141
1140 1143 1142
1140 1145 1144
1140 1141 1145
960 404 405
960 961 404
960 397 952
960 405 397
1146 1148 1147
1146 1149 1148
1146 1142 1143
1146 1147 1142
966 412 413
966 967 412
966 414 971
966 413 414
1150 1152 1151
1150 1153 1152
1150 1155 1154
1150 1151 1155
975 419 420
975 976 419
975 412 967
975 420 412
1156 1158 1157
1156 1159 1158
1156 1152 1153
1156 1157 1152
981 467 468
981 982 467
981 469 986
981 468 469
1160 1162 1161
1160 1163 1162
1160 1165 1164
1160 1161 1165
990 399 472
990 956 399
990 467 982
990 472 467
1166 1145 1167
1166 1144 1145
1166 1162 1163
1166 1167 1162
993 477 478
993 994 477
993 419 976
993 478 419
1168 1170 1169
1168 1171 1170
1168 1158 1159
1168 1169 1158
999 483 484
999 1000 483
999 477 994
999 484 477
1172 1174 1173
1172 1175 1174
1172 1170 1171
1172 1173 1170
1176 1178 1177
1176 1179 1178
1176 515 1179
1176 514 515
1176 513 514
1176 1180 513
1176 1181 1180
1176 1177 1181
1014 527 528
1014 1015 527
1014 1182 1017
1014 1183 1182
1014 529 1183
1014 528 529
1184 1186 1185
1184 1187 1186
1184 1078 1079
1184 1185 1078
1188 1190 1189
1188 1191 1190
1188 559 1191
1188 558 559
1188 515 558
1188 1179 515
1188 1178 1179
1188 1189 1178
1028 1148 1149
1028 1029 1148
1192 962 1193
1192 961 962
1192 404 961
1192 568 404
1192 559 568
1192 1191 559
1192 1190 1191
1192 1193 1190
1030 574 575
1030 1031 574
1030 527 1015
1030 575 527
1194 1196 1195
1194 1197 1196
1194 1186 1187
1194 1195 1186
1036 414 578
1036 971 414
1036 574 1031
1036 578 574
1198 1155 1199
1198 1154 1155
1198 1196 1197
1198 1199 1196
1039 627 628
1039 1040 627
1039 629 1044
1039 628 629
1200 1202 1201
1200 1203 1202
1200 1205 1204
1200 1201 1205
1048 469 632
1048 986 469
1048 627 1040
1048 632 627
1206 1165 1207
1206 1164 1165
1206 1202 1203
1206 1207 1202
1208 1210 1209
1208 1211 1210
1208 639 1211
1208 648 639
1208 647 648
1208 1212 647
1208 1213 1212
1208 1209 1213
1214 1181 1215
1214 1180 1181
1214 513 1180
1214 640 513
1214 639 640
1214 1211 639
1214 1210 1211
1214 1215 1210
1063 786 787
1063 1064 786
1063 483 1000
1063 787 483
1216 1218 1217
1216 1219 1218
1216 1174 1175
1216 1217 1174
1069 629 790
1069 1044 629
1069 786 1064
1069 790 786
1220 1205 1221
1220 1204 1205
1220 1218 1219
1220 1221 1218
1222 1224 1223
1222 1225 1224
1222 793 1225
1222 792 793
1222 529 792
1222 1183 529
1222 1182 1183
1222 1223 1182
1226 1228 1227
1226 1229 1228
1226 801 1229
1226 800 801
1226 793 800
1226 1225 793
1226 1224 1225
1226 1227 1224
1005 1008 1006
1005 1007 1008
1005 1012 1007
1005 1013 1012
1021 1024 1022
1021 1023 1024
1021 1008 1023
1021 1006 1008
1027 1024 1028
1027 1022 1024
1051 1054 1052
1051 1053 1054
1051 1058 1053
1051 1059 1058
1060 1012 1013
1060 1061 1012
1060 1054 1061
1060 1052 1054
1072 1075 1073
1072 1074 1075
1072 1079 1074
1072 1020 1079
1080 1083 1081
1080 1082 1083
1080 1075 1082
1080 1073 1075
957 1143 1140
957 958 1143
957 1144 959
957 1140 1144
964 1149 1146
964 965 1149
964 1143 958
964 1146 1143
972 1153 1150
972 973 1153
972 1154 974
972 1150 1154
979 1159 1156
979 980 1159
979 1153 973
979 1156 1153
987 1163 1160
987 988 1163
987 1164 989
987 1160 1164
992 1144 1166
992 959 1144
992 1163 988
992 1166 1163
997 1171 1168
997 998 1171
997 1159 980
997 1168 1159
1003 1175 1172
1003 1004 1175
1003 1171 998
1003 1172 1171
1018 1187 1184
1018 1019 1187
1018 1079 1020
1018 1184 1079
1027 1149 965
1027 1028 1149
1034 1197 1194
1034 1035 1197
1034 1187 1019
1034 1194 1187
1038 1154 1198
1038 974 1154
1038 1197 1035
1038 1198 1197
1045 1203 1200
1045 1046 1203
1045 1204 1047
1045 1200 1204
1050 1164 1206
1050 989 1164
1050 1203 1046
1050 1206 1203
1067 1219 1216
1067 1068 1219
1067 1175 1004
1067 1216 1175
1071 1204 1220
1071 1047 1204
1071 1219 1068
1071 1220 1219
1130 505 506
1130 865 505
1130 565 865
1130 564 565
521 1103 1102
521 522 1103
563 1129 566
563 1124 1129
511 510 507
511 512 510
525 518 530
525 517 518
637 510 512
637 633 510
637 636 633
637 638 636
645 636 638
645 641 636
645 644 641
645 646 644
791 796 794
791 795 796
791 518 795
791 530 518
799 804 802
799 803 804
799 796 803
799 794 796
516 507 1230
516 511 507
516 562 557
516 1230 562
1231 562 1230
1231 1232 562
507 1231 1230
507 508 1231
526 517 525
526 1233 517
526 571 1233
526 570 571
517 1234 520
517 1233 1234
1234 571 1235
1234 1233 571
76 1236 75
76 1237 1236
78 1238 79
78 1239 1238
80 1240 81
80 1241 1240
75 1242 74
75 1236 1242
81 1243 83
81 1240 1243
74 1244 73
74 1242 1244
69 1245 70
69 1246 1245
68 1247 66
68 1248 1247
83 1249 84
83 1243 1249
79 1241 80
79 1238 1241
70 1250 77
70 1245 1250
82 1237 76
82 1251 1237
67 1246 69
67 1252 1246
66 1252 67
66 1247 1252
77 1239 78
77 1250 1239
73 1253 72
73 1244 1253
72 1254 71
72 1253 1254
71 1248 68
71 1254 1248
1255 1257 1256
1255 1258 1257
1259 1256 1260
1259 1255 1256
1261 1263 1262
1261 1264 1263
1264 1265 1263
1264 1266 1265
1262 1267 1261
1262 1268 1267
1260 1270 1269
1260 1271 1270
1261 1273 1272
1261 1267 1273
1272 1264 1261
1272 1274 1264
1274 1266 1264
1274 1275 1266
1276 1273 1277
1276 1272 1273
1278 1280 1279
1278 1281 1280
1282 1278 1283
1282 1284 1278
1285 1287 1286
1285 1288 1287
1289 1291 1290
1289 1292 1291
1290 1288 1285
1290 1291 1288
1293 1286 1294
1293 1285 1286
1295 1290 1296
1295 1289 1290
1296 1285 1293
1296 1290 1285
1260 1297 1271
1260 1256 1297
1284 1281 1278
1284 1298 1281
1256 1299 1297
1256 1257 1299
1274 1300 1275
1274 1301 1300
1283 1279 1302
1283 1278 1279
1272 1301 1274
1272 1276 1301
1266 1303 1265
1266 1304 1303
1305 1284 1306
1305 1298 1284
1306 1282 1307
1306 1284 1282
1305 1309 1308
1305 1306 1309
1306 1310 1309
1306 1307 1310
1280 1273 1279
1280 1277 1273
1267 1279 1273
1267 1302 1279
1304 1275 1311
1304 1266 1275
1300 1311 1275
1300 1312 1311
1295 1309 1289
1295 1308 1309
1289 1310 1292
1289 1309 1310
1313 1315 1314
1313 1316 1315
1317 1316 1318
1317 1315 1316
1318 1319 1317
1318 1320 1319
1303 1317 1319
1303 1304 1317
1304 1315 1317
1304 1311 1315
1314 1311 1312
1314 1315 1311
1255 1318 1316
1255 1259 1318
1258 1316 1313
1258 1255 1316
1321 1277 1322
1321 1276 1277
1276 1323 1301
1276 1321 1323
1322 1280 1324
1322 1277 1280
1281 1324 1280
1281 1325 1324
1301 1326 1300
1301 1323 1326
1327 1300 1326
1327 1312 1300
1314 1328 1313
1314 1329 1328
1330 1313 1328
1330 1258 1313
1331 1258 1330
1331 1257 1258
1298 1325 1281
1298 1332 1325
1305 1332 1298
1305 1333 1332
1333 1308 1334
1333 1305 1308
1334 1295 1335
1334 1308 1295
1335 1296 1336
1335 1295 1296
1257 1337 1299
1257 1331 1337
1336 1293 1338
1336 1296 1293
1312 1329 1314
1312 1327 1329
1338 1294 1339
1338 1293 1294
1340 1342 1341
1340 1343 1342
1344 1346 1345
1344 1347 1346
1348 1350 1349
1348 1351 1350
1352 1354 1353
1352 1355 1354
1343 1356 1342
1343 1357 1356
1358 1360 1359
1358 1361 1360
1351 1353 1350
1351 1352 1353
1362 1364 1363
1362 1365 1364
1361 1347 1360
1361 1346 1347
1366 1363 1367
1366 1362 1363
1359 1368 1358
1359 1369 1368
1370 1353 1371
1370 1350 1353
1372 1350 1370
1372 1349 1350
1373 1375 1374
1373 1376 1375
1362 1377 1365
1362 1378 1377
1369 1365 1368
1369 1364 1365
1379 1376 1373
1379 1380 1376
1376 1372 1375
1376 1349 1372
1349 1380 1348
1349 1376 1380
1367 1373 1366
1367 1379 1373
1381 1383 1382
1381 1384 1383
1382 1344 1345
1382 1383 1344
1340 1384 1381
1340 1341 1384
1259 1269 1385
1259 1260 1269
1370 1288 1291
1370 1371 1288
1283 1377 1378
1283 1302 1377
1282 1378 1386
1282 1283 1378
1372 1291 1292
1372 1370 1291
1371 1287 1288
1371 1387 1287
1310 1374 1375
1310 1307 1374
1302 1268 1377
1302 1267 1268
1292 1375 1372
1292 1310 1375
1386 1307 1282
1386 1374 1307
1259 1320 1318
1259 1385 1320
1340 1269 1343
1340 1385 1269
1343 1270 1357
1343 1269 1270
1371 1354 1387
1371 1353 1354
1366 1378 1362
1366 1386 1378
1368 1377 1268
1368 1365 1377
1303 1346 1265
1303 1345 1346
1361 1265 1346
1361 1263 1265
1358 1263 1361
1358 1262 1263
1262 1368 1268
1262 1358 1368
1366 1374 1386
1366 1373 1374
1382 1320 1381
1382 1319 1320
1345 1319 1382
1345 1303 1319
1381 1385 1340
1381 1320 1385
1388 1390 1389
1388 1391 1390
1391 1393 1392
1391 1394 1393
1392 1396 1395
1392 1393 1396
1395 1398 1397
1395 1396 1398
1397 1400 1399
1397 1398 1400
1388 1402 1401
1388 1389 1402
1401 1404 1403
1401 1402 1404
1403 1406 1405
1403 1404 1406
1406 1408 1407
1406 1404 1408
1404 1409 1408
1404 1402 1409
1402 1410 1409
1402 1389 1410
1411 1413 1412
1411 1414 1413
1415 1412 1416
1415 1411 1412
1417 1416 1418
1417 1415 1416
1390 1418 1419
1390 1417 1418
1389 1419 1410
1389 1390 1419
1420 1422 1421
1420 1423 1422
1424 1421 1425
1424 1420 1421
1426 1425 1427
1426 1424 1425
1400 1429 1428
1400 1398 1429
1398 1430 1429
1398 1396 1430
1396 1431 1430
1396 1393 1431
1393 1432 1431
1393 1394 1432
1394 1427 1432
1394 1426 1427
1422 1434 1433
1422 1423 1434
1406 1436 1435
1406 1407 1436
1405 1435 1437
1405 1406 1435
1437 1436 1438
1437 1435 1436
1399 1413 1414
1399 1439 1413
1426 1391 1388
1426 1394 1391
1390 1392 1417
1390 1391 1392
1417 1395 1415
1417 1392 1395
1415 1397 1411
1415 1395 1397
1411 1399 1414
1411 1397 1399
1426 1401 1424
1426 1388 1401
1424 1403 1420
1424 1401 1403
1420 1405 1423
1420 1403 1405
1423 1437 1434
1423 1405 1437
1434 1438 1433
1434 1437 1438
1400 1439 1399
1400 1428 1439
1440 1442 1441
1440 1443 1442
1443 1445 1444
1443 1446 1445
1444 1448 1447
1444 1445 1448
1447 1450 1449
1447 1448 1450
1449 1452 1451
1449 1450 1452
1440 1454 1453
1440 1441 1454
1453 1456 1455
1453 1454 1456
1455 1458 1457
1455 1456 1458
1458 1460 1459
1458 1456 1460
1456 1461 1460
1456 1454 1461
1454 1462 1461
1454 1441 1462
1463 1465 1464
1463 1466 1465
1467 1464 1468
1467 1463 1464
1469 1468 1470
1469 1467 1468
1442 1470 1471
1442 1469 1470
1441 1471 1462
1441 1442 1471
1472 1474 1473
1472 1475 1474
1476 1473 1477
1476 1472 1473
1478 1477 1479
1478 1476 1477
1452 1481 1480
1452 1450 1481
1450 1482 1481
1450 1448 1482
1448 1483 1482
1448 1445 1483
1445 1484 1483
1445 1446 1484
1446 1479 1484
1446 1478 1479
1474 1486 1485
1474 1475 1486
1458 1488 1487
1458 1459 1488
1457 1487 1489
1457 1458 1487
1489 1488 1490
1489 1487 1488
1451 1465 1466
1451 1491 1465
1478 1443 1440
1478 1446 1443
1442 1444 1469
1442 1443 1444
1469 1447 1467
1469 1444 1447
1467 1449 1463
1467 1447 1449
1463 1451 1466
1463 1449 1451
1478 1453 1476
1478 1440 1453
1476 1455 1472
1476 1453 1455
1472 1457 1475
1472 1455 1457
1475 1489 1486
1475 1457 1489
1486 1490 1485
1486 1489 1490
1452 1491 1451
1452 1480 1491
1492 1494 1493
1492 1495 1494
1495 1497 1496
1495 1498 1497
1496 1500 1499
1496 1497 1500
1499 1502 1501
1499 1500 1502
1501 1504 1503
1501 1502 1504
1492 1506 1505
1492 1493 1506
1505 1508 1507
1505 1506 1508
1507 1510 1509
1507 1508 1510
1510 1512 1511
1510 1508 1512
1508 1513 1512
1508 1506 1513
1506 1514 1513
1506 1493 1514
1515 1517 1516
1515 1518 1517
1519 1516 1520
1519 1515 1516
1521 1520 1522
1521 1519 1520
1494 1522 1523
1494 1521 1522
1493 1523 1514
1493 1494 1523
1524 1526 1525
1524 1527 1526
1528 1525 1529
1528 1524 1525
1530 1529 1531
1530 1528 1529
1504 1533 1532
1504 1502 1533
1502 1534 1533
1502 1500 1534
1500 1535 1534
1500 1497 1535
1497 1536 1535
1497 1498 1536
1498 1531 1536
1498 1530 1531
1526 1538 1537
1526 1527 1538
1510 1540 1539
1510 1511 1540
1509 1539 1541
1509 1510 1539
1541 1540 1542
1541 1539 1540
1503 1517 1518
1503 1543 1517
1530 1495 1492
1530 1498 1495
1494 1496 1521
1494 1495 1496
1521 1499 1519
1521 1496 1499
1519 1501 1515
1519 1499 1501
1515 1503 1518
1515 1501 1503
1530 1505 1528
1530 1492 1505
1528 1507 1524
1528 1505 1507
1524 1509 1527
1524 1507 1509
1527 1541 1538
1527 1509 1541
1538 1542 1537
1538 1541 1542
1504 1543 1503
1504 1532 1543
1544 1546 1545
1544 1547 1546
1547 1549 1548
1547 1550 1549
1548 1552 1551
1548 1549 1552
1551 1554 1553
1551 1552 1554
1553 1556 1555
1553 1554 1556
1544 1558 1557
1544 1545 1558
1557 1560 1559
1557 1558 1560
1559 1562 1561
1559 1560 1562
1562 1564 1563
1562 1560 1564
1560 1565 1564
1560 1558 1565
1558 1566 1565
1558 1545 1566
1567 1569 1568
1567 1570 1569
1571 1568 1572
1571 1567 1568
1573 1572 1574
1573 1571 1572
1546 1574 1575
1546 1573 1574
1545 1575 1566
1545 1546 1575
1576 1578 1577
1576 1579 1578
1580 1577 1581
1580 1576 1577
1582 1581 1583
1582 1580 1581
1556 1585 1584
1556 1554 1585
1554 1586 1585
1554 1552 1586
1552 1587 1586
1552 1549 1587
1549 1588 1587
1549 1550 1588
1550 1583 1588
1550 1582 1583
1578 1590 1589
1578 1579 1590
1562 1592 1591
1562 1563 1592
1561 1591 1593
1561 1562 1591
1593 1592 1594
1593 1591 1592
1555 1569 1570
1555 1595 1569
1582 1547 1544
1582 1550 1547
1546 1548 1573
1546 1547 1548
1573 1551 1571
1573 1548 1551
1571 1553 1567
1571 1551 1553
1567 1555 1570
1567 1553 1555
1582 1557 1580
1582 1544 1557
1580 1559 1576
1580 1557 1559
1576 1561 1579
1576 1559 1561
1579 1593 1590
1579 1561 1593
1590 1594 1589
1590 1593 1594
1556 1595 1555
1556 1584 1595
1596 1598 1597
1596 1599 1598
1596 1601 1600
1596 1597 1601
1596 1603 1602
1596 1600 1603
1596 1604 1599
1596 1602 1604
1605 1601 1606
1605 1600 1601
1605 1608 1607
1605 1606 1608
1605 1610 1609
1605 1607 1610
1605 1603 1600
1605 1609 1603
1611 1613 1612
1611 1614 1613
1611 1616 1615
1611 1612 1616
1611 1601 1597
1611 1615 1601
1611 1598 1614
1611 1597 1598
1617 1616 1618
1617 1615 1616
1617 1620 1619
1617 1618 1620
1617 1608 1606
1617 1619 1608
1617 1601 1615
1617 1606 1601
1621 1623 1622
1621 1624 1623
1621 1626 1625
1621 1622 1626
1621 1628 1627
1621 1625 1628
1621 1629 1624
1621 1627 1629
1630 1626 1631
1630 1625 1626
1630 1633 1632
1630 1631 1633
1630 1635 1634
1630 1632 1635
1630 1628 1625
1630 1634 1628
1636 1638 1637
1636 1639 1638
1636 1641 1640
1636 1637 1641
1636 1626 1622
1636 1640 1626
1636 1623 1639
1636 1622 1623
1642 1641 1643
1642 1640 1641
1642 1645 1644
1642 1643 1645
1642 1633 1631
1642 1644 1633
1642 1626 1640
1642 1631 1626
1646 1648 1647
1646 1649 1648
1646 1651 1650
1646 1647 1651
1646 1653 1652
1646 1650 1653
1646 1654 1649
1646 1652 1654
1655 1651 1656
1655 1650 1651
1655 1658 1657
1655 1656 1658
1655 1660 1659
1655 1657 1660
1655 1653 1650
1655 1659 1653
1661 1663 1662
1661 1664 1663
1661 1666 1665
1661 1662 1666
1661 1668 1667
1661 1665 1668
1661 1669 1664
1661 1667 1669
1670 1666 1671
1670 1665 1666
1670 1673 1672
1670 1671 1673
1670 1675 1674
1670 1672 1675
1670 1668 1665
1670 1674 1668
1676 1678 1677
1676 1679 1678
1676 1681 1680
1676 1677 1681
1676 1683 1682
1676 1680 1683
1676 1684 1679
1676 1682 1684
1685 1681 1686
1685 1680 1681
1685 1598 1599
1685 1686 1598
1685 1604 1687
1685 1599 1604
1685 1683 1680
1685 1687 1683
1688 1690 1689
1688 1691 1690
1688 1693 1692
1688 1689 1693
1688 1681 1677
1688 1692 1681
1688 1678 1691
1688 1677 1678
1694 1693 1695
1694 1692 1693
1694 1613 1614
1694 1695 1613
1694 1598 1686
1694 1614 1598
1694 1681 1692
1694 1686 1681
1696 1633 1697
1696 1632 1633
1696 1699 1698
1696 1697 1699
1696 1701 1700
1696 1698 1701
1696 1635 1632
1696 1700 1635
1702 1699 1703
1702 1698 1699
1702 1705 1704
1702 1703 1705
1702 1707 1706
1702 1704 1707
1702 1701 1698
1702 1706 1701
1708 1645 1709
1708 1644 1645
1708 1711 1710
1708 1709 1711
1708 1699 1697
1708 1710 1699
1708 1633 1644
1708 1697 1633
1712 1711 1713
1712 1710 1711
1712 1715 1714
1712 1713 1715
1712 1705 1703
1712 1714 1705
1712 1699 1710
1712 1703 1699
1716 1718 1717
1716 1719 1718
1716 1721 1720
1716 1717 1721
1716 1723 1722
1716 1720 1723
1716 1724 1719
1716 1722 1724
1725 1721 1726
1725 1720 1721
1725 1648 1649
1725 1726 1648
1725 1654 1727
1725 1649 1654
1725 1723 1720
1725 1727 1723
1728 1673 1729
1728 1672 1673
1728 1731 1730
1728 1729 1731
1728 1733 1732
1728 1730 1733
1728 1675 1672
1728 1732 1675
1734 1731 1735
1734 1730 1731
1734 1737 1736
1734 1735 1737
1734 1739 1738
1734 1736 1739
1734 1733 1730
1734 1738 1733
1740 1742 1741
1740 1743 1742
1740 1745 1744
1740 1741 1745
1740 1747 1746
1740 1744 1747
1740 1748 1743
1740 1746 1748
1749 1751 1750
1749 1752 1751
1749 1754 1753
1749 1750 1754
1749 1756 1755
1749 1753 1756
1749 1757 1752
1749 1755 1757
1758 1760 1759
1758 1761 1760
1762 1764 1763
1762 1765 1764
1766 1768 1767
1766 1769 1768
1766 1771 1770
1766 1767 1771
1772 1774 1773
1772 1775 1774
1776 1778 1777
1776 1779 1778
1780 1782 1781
1780 1783 1782
1780 1785 1784
1780 1781 1785
1786 1608 1787
1786 1607 1608
1786 1789 1788
1786 1787 1789
1786 1791 1790
1786 1788 1791
1786 1610 1607
1786 1790 1610
1792 1620 1793
1792 1619 1620
1792 1795 1794
1792 1793 1795
1792 1789 1787
1792 1794 1789
1792 1608 1619
1792 1787 1608
1796 1795 1797
1796 1794 1795
1796 1742 1743
1796 1797 1742
1796 1748 1798
1796 1743 1748
1796 1789 1794
1796 1798 1789
1799 1801 1800
1799 1802 1801
1799 1623 1624
1799 1800 1623
1799 1629 1803
1799 1624 1629
1799 1804 1802
1799 1803 1804
1805 1754 1806
1805 1753 1754
1805 1808 1807
1805 1806 1808
1805 1801 1809
1805 1807 1801
1805 1756 1753
1805 1809 1756
1810 1808 1811
1810 1807 1808
1810 1638 1639
1810 1811 1638
1810 1623 1800
1810 1639 1623
1810 1801 1807
1810 1800 1801
1812 1771 1813
1812 1770 1771
1812 1815 1814
1812 1813 1815
1812 1817 1816
1812 1814 1817
1818 1820 1819
1818 1821 1820
1822 1815 1823
1822 1814 1815
1822 1660 1657
1822 1823 1660
1822 1658 1824
1822 1657 1658
1822 1817 1814
1822 1824 1817
1758 1778 1761
1758 1777 1778
1825 1827 1826
1825 1828 1827
1825 1830 1829
1825 1826 1830
1825 1782 1783
1825 1829 1782
1831 1827 1832
1831 1826 1827
1831 1663 1664
1831 1832 1663
1831 1669 1833
1831 1664 1669
1831 1830 1826
1831 1833 1830
1834 1836 1835
1834 1837 1836
1834 1839 1838
1834 1835 1839
1834 1841 1840
1834 1838 1841
1834 1842 1837
1834 1840 1842
1843 1839 1844
1843 1838 1839
1843 1678 1679
1843 1844 1678
1843 1684 1845
1843 1679 1684
1843 1841 1838
1843 1845 1841
1846 1848 1847
1846 1849 1848
1846 1851 1850
1846 1847 1851
1846 1839 1835
1846 1850 1839
1846 1836 1849
1846 1835 1836
1852 1851 1853
1852 1850 1851
1852 1690 1691
1852 1853 1690
1852 1678 1844
1852 1691 1678
1852 1839 1850
1852 1844 1839
1854 1856 1855
1854 1857 1856
1854 1859 1858
1854 1855 1859
1854 1861 1860
1854 1858 1861
1854 1862 1857
1854 1860 1862
1863 1859 1864
1863 1858 1859
1863 1747 1744
1863 1864 1747
1863 1745 1865
1863 1744 1745
1863 1861 1858
1863 1865 1861
1866 1868 1867
1866 1869 1868
1866 1871 1870
1866 1867 1871
1866 1859 1855
1866 1870 1859
1866 1856 1869
1866 1855 1856
1872 1871 1873
1872 1870 1871
1872 1875 1874
1872 1873 1875
1872 1747 1864
1872 1874 1747
1872 1859 1870
1872 1864 1859
1876 1878 1877
1876 1879 1878
1876 1881 1880
1876 1877 1881
1876 1883 1882
1876 1880 1883
1876 1884 1879
1876 1882 1884
1885 1881 1886
1885 1880 1881
1885 1718 1719
1885 1886 1718
1885 1724 1887
1885 1719 1724
1885 1883 1880
1885 1887 1883
1888 1764 1889
1888 1763 1764
1888 1891 1890
1888 1889 1891
1892 1894 1893
1892 1895 1894
1892 1768 1769
1892 1893 1768
1896 1891 1897
1896 1890 1891
1896 1899 1898
1896 1897 1899
1900 1902 1901
1900 1903 1902
1900 1894 1895
1900 1901 1894
1904 1906 1905
1904 1907 1906
1904 1909 1908
1904 1905 1909
1904 1911 1910
1904 1908 1911
1904 1912 1907
1904 1910 1912
1913 1909 1914
1913 1908 1909
1913 1911 1908
1913 1915 1911
1916 1918 1917
1916 1919 1918
1916 1921 1920
1916 1917 1921
1916 1909 1905
1916 1920 1909
1916 1906 1919
1916 1905 1906
1922 1921 1923
1922 1920 1921
1922 1909 1920
1922 1914 1909
1924 1603 1925
1924 1602 1603
1924 1927 1926
1924 1925 1927
1924 1929 1928
1924 1926 1929
1924 1604 1602
1924 1928 1604
1930 1927 1931
1930 1926 1927
1930 1933 1932
1930 1931 1933
1930 1935 1934
1930 1932 1935
1930 1929 1926
1930 1934 1929
1936 1610 1937
1936 1609 1610
1936 1939 1938
1936 1937 1939
1936 1927 1925
1936 1938 1927
1936 1603 1609
1936 1925 1603
1940 1939 1941
1940 1938 1939
1940 1943 1942
1940 1941 1943
1940 1933 1931
1940 1942 1933
1940 1927 1938
1940 1931 1927
1944 1946 1945
1944 1947 1946
1944 1949 1948
1944 1945 1949
1950 1949 1951
1950 1948 1949
1952 1912 1910
1952 1953 1912
1952 1911 1954
1952 1910 1911
1952 1949 1945
1952 1954 1949
1952 1946 1953
1952 1945 1946
1955 1911 1915
1955 1954 1911
1955 1949 1954
1955 1951 1949
1956 1683 1957
1956 1682 1683
1956 1959 1958
1956 1957 1959
1956 1841 1845
1956 1958 1841
1956 1684 1682
1956 1845 1684
1960 1959 1961
1960 1958 1959
1960 1963 1962
1960 1961 1963
1960 1842 1840
1960 1962 1842
1960 1841 1958
1960 1840 1841
1964 1604 1928
1964 1687 1604
1964 1929 1965
1964 1928 1929
1964 1959 1957
1964 1965 1959
1964 1683 1687
1964 1957 1683
1966 1929 1934
1966 1965 1929
1966 1935 1967
1966 1934 1935
1966 1963 1961
1966 1967 1963
1966 1959 1965
1966 1961 1959
1779 1968 1778
1779 1969 1968
1761 1968 1970
1761 1778 1968
1761 1971 1760
1761 1970 1971
1972 1974 1973
1972 1975 1974
1972 1977 1976
1972 1973 1977
1972 1921 1917
1972 1976 1921
1972 1918 1975
1972 1917 1918
1978 1977 1979
1978 1976 1977
1978 1921 1976
1978 1923 1921
1980 1982 1981
1980 1983 1982
1980 1985 1984
1980 1981 1985
1986 1977 1973
1986 1987 1977
1986 1974 1988
1986 1973 1974
1989 1985 1990
1989 1984 1985
1991 1977 1987
1991 1979 1977
1992 1791 1993
1992 1790 1791
1992 1995 1994
1992 1993 1995
1992 1939 1937
1992 1994 1939
1992 1610 1790
1992 1937 1610
1996 1995 1997
1996 1994 1995
1996 1999 1998
1996 1997 1999
1996 1943 1941
1996 1998 1943
1996 1939 1994
1996 1941 1939
2000 1705 2001
2000 1704 1705
2000 2003 2002
2000 2001 2003
2000 2005 2004
2000 2002 2005
2000 1707 1704
2000 2004 1707
2006 2003 2007
2006 2002 2003
2006 1836 1837
2006 2007 1836
2006 1842 2008
2006 1837 1842
2006 2005 2002
2006 2008 2005
2009 1715 2010
2009 1714 1715
2009 2012 2011
2009 2010 2012
2009 2003 2001
2009 2011 2003
2009 1705 1714
2009 2001 1705
2013 2012 2014
2013 2011 2012
2013 1848 1849
2013 2014 1848
2013 1836 2007
2013 1849 1836
2013 2003 2011
2013 2007 2003
2015 1757 2016
2015 1752 1757
2015 2018 2017
2015 2016 2018
2015 2020 2019
2015 2017 2020
2015 1751 1752
2015 2019 1751
2021 2018 2022
2021 2017 2018
2021 2024 2023
2021 2022 2024
2021 2026 2025
2021 2023 2026
2021 2020 2017
2021 2025 2020
2027 2029 2028
2027 2030 2029
2027 2032 2031
2027 2028 2032
2027 2018 2016
2027 2031 2018
2027 1757 2030
2027 2016 1757
2033 2032 2034
2033 2031 2032
2033 2036 2035
2033 2034 2036
2033 2024 2022
2033 2035 2024
2033 2018 2031
2033 2022 2018
2037 1737 2038
2037 1736 1737
2037 2040 2039
2037 2038 2040
2037 2042 2041
2037 2039 2042
2037 1739 1736
2037 2041 1739
2043 2040 2044
2043 2039 2040
2043 1878 1879
2043 2044 1878
2043 1884 2045
2043 1879 1884
2043 2042 2039
2043 2045 2042
2046 1785 2047
2046 1784 1785
2046 2049 2048
2046 2047 2049
2050 2052 2051
2050 2053 2052
2050 1774 1775
2050 2051 1774
2054 2049 2055
2054 2048 2049
2054 2057 2056
2054 2055 2057
2058 2060 2059
2058 2061 2060
2058 2052 2053
2058 2059 2052
2062 2064 2063
2062 2065 2064
2062 2067 2066
2062 2063 2067
2068 2064 2069
2068 2063 2064
2068 1906 1907
2068 2069 1906
2068 1912 2070
2068 1907 1912
2068 2067 2063
2068 2070 2067
2071 2073 2072
2071 2074 2073
2071 2064 2065
2071 2072 2064
2075 2073 2076
2075 2072 2073
2075 1918 1919
2075 2076 1918
2075 1906 2069
2075 1919 1906
2075 2064 2072
2075 2069 2064
2077 2079 2078
2077 2080 2079
2077 2082 2081
2077 2078 2082
2077 2084 2083
2077 2081 2084
2077 2085 2080
2077 2083 2085
2086 2082 2087
2086 2081 2082
2086 1628 1634
2086 2087 1628
2086 1635 2088
2086 1634 1635
2086 2084 2081
2086 2088 2084
2089 2091 2090
2089 2092 2091
2089 2094 2093
2089 2090 2094
2089 2082 2078
2089 2093 2082
2089 2079 2092
2089 2078 2079
2095 2094 2096
2095 2093 2094
2095 1629 1627
2095 2096 1629
2095 1628 2087
2095 1627 1628
2095 2082 2093
2095 2087 2082
2097 2099 2098
2097 2100 2099
2101 2099 2102
2101 2098 2099
2101 1946 1947
2101 2102 1946
2103 2067 2104
2103 2066 2067
2103 2099 2100
2103 2104 2099
2105 2067 2070
2105 2104 2067
2105 1912 1953
2105 2070 1912
2105 1946 2102
2105 1953 1946
2105 2099 2104
2105 2102 2099
2106 2108 2107
2106 2109 2108
2106 2111 2110
2106 2107 2111
2106 2005 2008
2106 2110 2005
2106 1842 2109
2106 2008 1842
2112 2111 2113
2112 2110 2111
2112 1701 1706
2112 2113 1701
2112 1707 2004
2112 1706 1707
2112 2005 2110
2112 2004 2005
2114 2085 2083
2114 2115 2085
2114 2084 2116
2114 2083 2084
2114 2111 2107
2114 2116 2111
2114 2108 2115
2114 2107 2108
2117 2084 2088
2117 2116 2084
2117 1635 1700
2117 2088 1635
2117 1701 2113
2117 1700 1701
2117 2111 2116
2117 2113 2111
1819 2119 2118
1819 1820 2119
2120 1971 2121
2120 1760 1971
2120 2119 1820
2120 2121 2119
2122 2124 2123
2122 2125 2124
2122 2073 2074
2122 2123 2073
2126 2124 2127
2126 2123 2124
2126 1974 1975
2126 2127 1974
2126 1918 2076
2126 1975 1918
2126 2073 2123
2126 2076 2073
2128 2130 2129
2128 2131 2130
2132 2124 2125
2132 2133 2124
2134 2130 2135
2134 2129 2130
2134 1982 1983
2134 2135 1982
2136 1974 2127
2136 1988 1974
2136 2124 2133
2136 2127 2124
2137 2139 2138
2137 2140 2139
2137 2142 2141
2137 2138 2142
2137 2094 2090
2137 2141 2094
2137 2091 2140
2137 2090 2091
2143 2142 2144
2143 2141 2142
2143 1804 1803
2143 2144 1804
2143 1629 2096
2143 1803 1629
2143 2094 2141
2143 2096 2094
2145 1747 1874
2145 1746 1747
2145 1875 2146
2145 1874 1875
2145 2148 2147
2145 2146 2148
2145 1748 1746
2145 2147 1748
2149 1748 2147
2149 1798 1748
2149 2148 2150
2149 2147 2148
2149 1791 1788
2149 2150 1791
2149 1789 1798
2149 1788 1789
2151 2029 2030
2151 2152 2029
2151 1757 1755
2151 2030 1757
2151 1756 2153
2151 1755 1756
2151 2154 2152
2151 2153 2154
2155 2154 2153
2155 2156 2154
2155 1756 1809
2155 2153 1756
2155 1801 1802
2155 1809 1801
2155 1804 2156
2155 1802 1804
2157 2154 2156
2157 2158 2154
2157 1804 2159
2157 2156 1804
2157 2161 2160
2157 2159 2161
2157 2162 2158
2157 2160 2162
2163 2029 2152
2163 2164 2029
2163 2154 2158
2163 2152 2154
2163 2162 2165
2163 2158 2162
2163 2166 2164
2163 2165 2166
2167 1791 2150
2167 2168 1791
2167 2148 2169
2167 2150 2148
2167 2171 2170
2167 2169 2171
2167 2172 2168
2167 2170 2172
2173 2148 2146
2173 2169 2148
2173 1875 2174
2173 2146 1875
2173 2176 2175
2173 2174 2176
2173 2171 2169
2173 2175 2171
2177 2142 2138
2177 2178 2142
2177 2139 2179
2177 2138 2139
2177 2181 2180
2177 2179 2181
2177 2182 2178
2177 2180 2182
2183 1804 2144
2183 2159 1804
2183 2142 2178
2183 2144 2142
2183 2182 2184
2183 2178 2182
2183 2161 2159
2183 2184 2161
2185 2036 2034
2185 2186 2036
2185 2032 2187
2185 2034 2032
2185 2189 2188
2185 2187 2189
2190 2032 2028
2190 2187 2032
2190 2029 2164
2190 2028 2029
2190 2166 2191
2190 2164 2166
2190 2189 2187
2190 2191 2189
2192 1999 1997
2192 2193 1999
2192 1995 2194
2192 1997 1995
2192 2196 2195
2192 2194 2196
2192 2197 2193
2192 2195 2197
2198 1995 1993
2198 2194 1995
2198 1791 2168
2198 1993 1791
2198 2172 2199
2198 2168 2172
2198 2196 2194
2198 2199 2196
2200 1871 1867
2200 2201 1871
2200 2202 2201
2200 2203 2202
2204 1875 1873
2204 2174 1875
2204 1871 2201
2204 1873 1871
2204 2202 2205
2204 2201 2202
2204 2176 2174
2204 2205 2176
2206 2208 2207
2206 2209 2208
2206 2211 2210
2206 2207 2211
2212 1616 1612
2212 2213 1616
2212 1613 2214
2212 1612 1613
2215 2217 2216
2215 2218 2217
2215 2208 2209
2215 2216 2208
2219 1620 1618
2219 2220 1620
2219 1616 2213
2219 1618 1616
2221 2223 2222
2221 2224 2223
2221 2226 2225
2221 2222 2226
2227 1641 1637
2227 2228 1641
2227 1638 2229
2227 1637 1638
2230 2232 2231
2230 2233 2232
2230 2223 2224
2230 2231 2223
2234 1645 1643
2234 2235 1645
2234 1641 2228
2234 1643 1641
2236 2238 2237
2236 2239 2238
2236 2241 2240
2236 2237 2241
2242 1693 1689
2242 2243 1693
2242 1690 2244
2242 1689 1690
2245 2211 2246
2245 2210 2211
2245 2238 2239
2245 2246 2238
2247 1613 1695
2247 2214 1613
2247 1693 2243
2247 1695 1693
2248 2250 2249
2248 2251 2250
2248 2232 2233
2248 2249 2232
2252 1711 1709
2252 2253 1711
2252 1645 2235
2252 1709 1645
2254 2256 2255
2254 2257 2256
2254 2250 2251
2254 2255 2250
2258 1715 1713
2258 2259 1715
2258 1711 2253
2258 1713 1711
2260 1742 2261
2260 1741 1742
2262 2264 2263
2262 2265 2264
2262 2267 2266
2262 2263 2267
2260 1745 1741
2260 2268 1745
2269 2271 2270
2269 2272 2271
2273 1754 1750
2273 2274 1754
2273 1751 2275
2273 1750 1751
2276 1795 2277
2276 1797 1795
2278 2280 2279
2278 2281 2280
2278 2264 2265
2278 2279 2264
2276 1742 1797
2276 2261 1742
2282 1620 2220
2282 1793 1620
2283 2280 2281
2283 2284 2280
2282 1795 1793
2282 2277 1795
2285 2287 2286
2285 2288 2287
2285 2271 2272
2285 2286 2271
2289 1808 1806
2289 2290 1808
2289 1754 2274
2289 1806 1754
2291 2226 2292
2291 2225 2226
2291 2287 2288
2291 2292 2287
2293 1638 1811
2293 2229 1638
2293 1808 2290
2293 1811 1808
2294 2296 2295
2294 2297 2296
2294 2299 2298
2294 2295 2299
2300 1851 1847
2300 2301 1851
2300 1848 2302
2300 1847 1848
2303 2241 2304
2303 2240 2241
2303 2296 2297
2303 2304 2296
2305 1690 1853
2305 2244 1690
2305 1851 2301
2305 1853 1851
2306 1861 2307
2306 1860 1861
2308 2310 2309
2308 2311 2310
2308 2313 2312
2308 2309 2313
2306 1862 1860
2306 2314 1862
2315 1745 2268
2315 1865 1745
2316 2267 2317
2316 2266 2267
2316 2310 2311
2316 2317 2310
2315 1861 1865
2315 2307 1861
2318 2320 2319
2318 2321 2320
2318 2256 2257
2318 2319 2256
2322 2012 2010
2322 2323 2012
2322 1715 2259
2322 2010 1715
2324 2299 2325
2324 2298 2299
2324 2320 2321
2324 2325 2320
2326 1848 2014
2326 2302 1848
2326 2012 2323
2326 2014 2012
2327 2020 2328
2327 2019 2020
2329 2331 2330
2329 2332 2331
2329 2334 2333
2329 2330 2334
2327 1751 2019
2327 2275 1751
2335 2026 2336
2335 2025 2026
2337 2339 2338
2337 2340 2339
2337 2331 2332
2337 2338 2331
2335 2020 2025
2335 2328 2020
1913 2342 2341
1913 1914 2342
1913 2343 1915
1913 2341 2343
1922 2345 2344
1922 1923 2345
1922 2342 1914
1922 2344 2342
1944 2347 2346
1944 1948 2347
1944 2348 1947
1944 2346 2348
1950 2350 2349
1950 1951 2350
1950 2352 2351
1950 2349 2352
1950 2347 1948
1950 2351 2347
1955 2343 2353
1955 1915 2343
1955 2350 1951
1955 2353 2350
1776 2355 2354
1776 1777 2355
1776 2357 2356
1776 2354 2357
1779 2358 1969
1779 2359 2358
1758 2361 2360
1758 1759 2361
1758 2355 1777
1758 2360 2355
1978 2363 2362
1978 1979 2363
1978 2345 1923
1978 2362 2345
1989 2365 2364
1989 1990 2365
1991 2363 1979
1991 2366 2363
2062 2367 2065
2062 2368 2367
2062 2369 2368
2062 2066 2369
2071 2370 2074
2071 2371 2370
2071 2367 2371
2071 2065 2367
2097 2372 2100
2097 2373 2372
2097 2375 2374
2097 2098 2375
2097 2376 2373
2097 2374 2376
2101 2348 2377
2101 1947 2348
2101 2375 2098
2101 2377 2375
2103 2369 2066
2103 2378 2369
2103 2372 2378
2103 2100 2372
1818 2380 2379
1818 2381 2380
1818 2382 1821
1818 2379 2382
1819 2384 2383
1819 2118 2384
2385 2382 2386
2385 1821 2382
2385 2361 1759
2385 2386 2361
2122 2387 2125
2122 2388 2387
2122 2370 2388
2122 2074 2370
2128 2389 2131
2128 2390 2389
2132 2387 2391
2132 2125 2387
2185 2392 2186
2185 2188 2392
2200 1868 2393
2200 1867 1868
2200 2394 2203
2200 2393 2394
2206 1653 2209
2206 1652 1653
2206 1654 1652
2206 2210 1654
2395 2397 2396
2395 2398 2397
2395 2399 2398
2395 2400 2399
2215 1660 2218
2215 1659 1660
2215 1653 1659
2215 2209 1653
2401 2403 2402
2401 2404 2403
2401 2397 2404
2401 2396 2397
2221 1668 2224
2221 1667 1668
2221 1669 1667
2221 2225 1669
2405 2407 2406
2405 2408 2407
2405 2409 2408
2405 2410 2409
2230 1675 2233
2230 1674 1675
2230 1668 1674
2230 2224 1668
2411 2413 2412
2411 2414 2413
2411 2407 2414
2411 2406 2407
2236 1723 2239
2236 1722 1723
2236 1724 1722
2236 2240 1724
2415 2417 2416
2415 2418 2417
2415 2419 2418
2415 2420 2419
2245 1654 2210
2245 1727 1654
2245 1723 1727
2245 2239 1723
2421 2399 2400
2421 2422 2399
2421 2417 2422
2421 2416 2417
2248 1733 2251
2248 1732 1733
2248 1675 1732
2248 2233 1675
2423 2425 2424
2423 2426 2425
2423 2413 2426
2423 2412 2413
2254 1739 2257
2254 1738 1739
2254 1733 1738
2254 2251 1733
2427 2429 2428
2427 2430 2429
2427 2425 2430
2427 2424 2425
2431 2433 2432
2431 2434 2433
2431 1771 1767
2431 2432 1771
2431 1768 2435
2431 1767 1768
2431 2436 2434
2431 2435 2436
2269 1782 2272
2269 1781 1782
2269 2438 2437
2269 2270 2438
2269 1785 1781
2269 2437 1785
2439 2441 2440
2439 2442 2441
2439 2334 2442
2439 2333 2334
2443 2445 2444
2443 2446 2445
2443 1815 1813
2443 2444 1815
2443 1771 2432
2443 1813 1771
2443 2433 2446
2443 2432 2433
2283 2403 2284
2283 2402 2403
2447 2217 2218
2447 2448 2217
2447 1660 1823
2447 2218 1660
2447 1815 2444
2447 1823 1815
2447 2445 2448
2447 2444 2445
2285 1830 2288
2285 1829 1830
2285 1782 1829
2285 2272 1782
2449 2451 2450
2449 2452 2451
2449 2441 2452
2449 2440 2441
2291 1669 2225
2291 1833 1669
2291 1830 1833
2291 2288 1830
2453 2409 2410
2453 2454 2409
2453 2451 2454
2453 2450 2451
2294 1883 2297
2294 1882 1883
2294 1884 1882
2294 2298 1884
2455 2457 2456
2455 2458 2457
2455 2459 2458
2455 2460 2459
2303 1724 2240
2303 1887 1724
2303 1883 1887
2303 2297 1883
2461 2419 2420
2461 2462 2419
2461 2457 2462
2461 2456 2457
2463 2465 2464
2463 2466 2465
2463 1894 1901
2463 2464 1894
2463 1902 2467
2463 1901 1902
2463 2468 2466
2463 2467 2468
2469 2436 2435
2469 2470 2436
2469 1768 1893
2469 2435 1768
2469 1894 2464
2469 1893 1894
2469 2465 2470
2469 2464 2465
2318 2042 2321
2318 2041 2042
2318 1739 2041
2318 2257 1739
2471 2473 2472
2471 2474 2473
2471 2429 2474
2471 2428 2429
2324 1884 2298
2324 2045 1884
2324 2042 2045
2324 2321 2042
2475 2459 2460
2475 2476 2459
2475 2473 2476
2475 2472 2473
2477 2479 2478
2477 2480 2479
2477 2049 2047
2477 2478 2049
2477 1785 2437
2477 2047 1785
2477 2438 2480
2477 2437 2438
2481 2483 2482
2481 2484 2483
2481 2057 2055
2481 2482 2057
2481 2049 2478
2481 2055 2049
2481 2479 2484
2481 2478 2479
2260 2265 2262
2260 2261 2265
2260 2266 2268
2260 2262 2266
2276 2281 2278
2276 2277 2281
2276 2265 2261
2276 2278 2265
2282 2281 2277
2282 2283 2281
2306 2311 2308
2306 2307 2311
2306 2312 2314
2306 2308 2312
2315 2266 2316
2315 2268 2266
2315 2311 2307
2315 2316 2311
2327 2332 2329
2327 2328 2332
2327 2333 2275
2327 2329 2333
2335 2340 2337
2335 2336 2340
2335 2332 2328
2335 2337 2332
2212 2396 2213
2212 2395 2396
2212 2400 2395
2212 2214 2400
2219 2402 2220
2219 2401 2402
2219 2396 2401
2219 2213 2396
2227 2406 2228
2227 2405 2406
2227 2410 2405
2227 2229 2410
2234 2412 2235
2234 2411 2412
2234 2406 2411
2234 2228 2406
2242 2416 2243
2242 2415 2416
2242 2420 2415
2242 2244 2420
2247 2400 2214
2247 2421 2400
2247 2416 2421
2247 2243 2416
2252 2424 2253
2252 2423 2424
2252 2412 2423
2252 2235 2412
2258 2428 2259
2258 2427 2428
2258 2424 2427
2258 2253 2424
2273 2440 2274
2273 2439 2440
2273 2333 2439
2273 2275 2333
2282 2402 2283
2282 2220 2402
2289 2450 2290
2289 2449 2450
2289 2440 2449
2289 2274 2440
2293 2410 2229
2293 2453 2410
2293 2450 2453
2293 2290 2450
2300 2456 2301
2300 2455 2456
2300 2460 2455
2300 2302 2460
2305 2420 2244
2305 2461 2420
2305 2456 2461
2305 2301 2456
2322 2472 2323
2322 2471 2472
2322 2428 2471
2322 2259 2428
2326 2460 2302
2326 2475 2460
2326 2472 2475
2326 2323 2472
2385 1760 2120
2385 1759 1760
2385 1820 1821
2385 2120 1820
1776 2359 1779
1776 2356 2359
1818 2383 2381
1818 1819 2383
1766 1763 1769
1766 1762 1763
1780 1775 1772
1780 1784 1775
1892 1763 1888
1892 1769 1763
1892 1890 1895
1892 1888 1890
1900 1890 1896
1900 1895 1890
1900 1898 1903
1900 1896 1898
2046 2053 2050
2046 2048 2053
2046 1775 1784
2046 2050 1775
2054 2061 2058
2054 2056 2061
2054 2053 2048
2054 2058 2053
1770 1762 1766
1770 2485 1762
1770 1816 2485
1770 1812 1816
2486 1816 2487
2486 2485 1816
1762 2486 1765
1762 2485 2486
1783 1772 2488
1783 1780 1772
1783 1828 1825
1783 2488 1828
1772 2489 2488
1772 1773 2489
2489 1828 2488
2489 2490 1828
1331 2492 2491
1331 1330 2492
1333 2494 2493
1333 1334 2494
1335 2496 2495
1335 1336 2496
1330 2497 2492
1330 1328 2497
1336 2498 2496
1336 1338 2498
1328 2499 2497
1328 1329 2499
1324 2501 2500
1324 1325 2501
1323 2503 2502
1323 1321 2503
1338 2504 2498
1338 1339 2504
1334 2495 2494
1334 1335 2495
1325 2505 2501
1325 1332 2505
1337 2491 2506
1337 1331 2491
1322 2500 2507
1322 1324 2500
1321 2507 2503
1321 1322 2507
1332 2493 2505
1332 1333 2493
1329 2508 2499
1329 1327 2508
1327 2509 2508
1327 1326 2509
1326 2502 2509
1326 1323 2502
2510 2511 2512
2510 2512 2513
2514 2510 2513
2514 2513 2515
2516 2517 2518
2516 2518 2519
2517 2520 2521
2517 2521 2518
2519 2522 2523
2519 2523 2516
2515 2524 2525
2515 2525 2526
2516 2523 2527
2516 2527 2528
2528 2529 2517
2528 2517 2516
2529 2530 2520
2529 2520 2517
2531 2528 2527
2531 2527 2532
2533 2534 2535
2533 2535 2536
2537 2538 2533
2537 2533 2539
2540 2541 2542
2540 2542 2543
2544 2545 2546
2544 2546 2547
2547 2546 2541
2547 2541 2540
2548 2540 2543
2548 2543 2549
2550 2544 2547
2550 2547 2551
2551 2547 2540
2551 2540 2548
2515 2513 2552
2515 2552 2524
2538 2553 2534
2538 2534 2533
2513 2512 2554
2513 2554 2552
2529 2555 2556
2529 2556 2530
2539 2533 2536
2539 2536 2557
2528 2531 2555
2528 2555 2529
2520 2558 2559
2520 2559 2521
2560 2553 2538
2560 2538 2561
2561 2538 2537
2561 2537 2562
2560 2561 2563
2560 2563 2564
2561 2562 2565
2561 2565 2563
2535 2532 2527
2535 2527 2536
2523 2557 2536
2523 2536 2527
2558 2520 2530
2558 2530 2566
2556 2567 2566
2556 2566 2530
2550 2564 2563
2550 2563 2544
2544 2563 2565
2544 2565 2545
2568 2569 2570
2568 2570 2571
2572 2570 2569
2572 2569 2573
2573 2574 2575
2573 2575 2572
2559 2558 2572
2559 2572 2575
2558 2566 2570
2558 2570 2572
2571 2570 2566
2571 2566 2567
2510 2514 2573
2510 2573 2569
2511 2510 2569
2511 2569 2568
2576 2531 2532
2576 2532 2577
2531 2576 2578
2531 2578 2555
2577 2532 2535
2577 2535 2579
2534 2580 2579
2534 2579 2535
2555 2578 2581
2555 2581 2556
2582 2567 2556
2582 2556 2581
2571 2583 2584
2571 2584 2568
2585 2511 2568
2585 2568 2584
2586 2512 2511
2586 2511 2585
2553 2587 2580
2553 2580 2534
2560 2588 2587
2560 2587 2553
2588 2560 2564
2588 2564 2589
2589 2564 2550
2589 2550 2590
2590 2550 2551
2590 2551 2591
2512 2586 2592
2512 2592 2554
2591 2551 2548
2591 2548 2593
2567 2582 2583
2567 2583 2571
2593 2548 2549
2593 2549 2594
2595 2596 2597
2595 2597 2598
2599 2600 2601
2599 2601 2602
2603 2604 2605
2603 2605 2606
2607 2608 2609
2607 2609 2610
2596 2611 2612
2596 2612 2597
2613 2614 2615
2613 2615 2616
2604 2607 2610
2604 2610 2605
2617 2618 2619
2617 2619 2620
2614 2601 2600
2614 2600 2615
2621 2617 2620
2621 2620 2622
2616 2623 2624
2616 2624 2613
2625 2605 2610
2625 2610 2626
2627 2606 2605
2627 2605 2625
2628 2629 2630
2628 2630 2631
2617 2632 2633
2617 2633 2618
2623 2619 2618
2623 2618 2624
2634 2635 2629
2634 2629 2628
2629 2606 2627
2629 2627 2630
2606 2629 2635
2606 2635 2603
2622 2634 2628
2622 2628 2621
2636 2637 2638
2636 2638 2639
2639 2638 2599
2639 2599 2602
2595 2598 2637
2595 2637 2636
2514 2515 2526
2514 2526 2640
2625 2626 2541
2625 2541 2546
2539 2557 2633
2539 2633 2632
2537 2539 2632
2537 2632 2641
2627 2625 2546
2627 2546 2545
2626 2642 2542
2626 2542 2541
2565 2562 2631
2565 2631 2630
2557 2523 2522
2557 2522 2633
2545 2565 2630
2545 2630 2627
2641 2631 2562
2641 2562 2537
2514 2640 2574
2514 2574 2573
2595 2640 2526
2595 2526 2596
2596 2526 2525
2596 2525 2611
2626 2610 2609
2626 2609 2642
2621 2641 2632
2621 2632 2617
2624 2618 2633
2624 2633 2522
2559 2602 2601
2559 2601 2521
2614 2518 2521
2614 2521 2601
2613 2519 2518
2613 2518 2614
2519 2613 2624
2519 2624 2522
2621 2628 2631
2621 2631 2641
2639 2575 2574
2639 2574 2636
2602 2559 2575
2602 2575 2639
2636 2574 2640
2636 2640 2595
2643 2644 2645
2643 2645 2646
2644 2647 2648
2644 2648 2649
2649 2648 2650
2649 2650 2651
2651 2650 2652
2651 2652 2653
2653 2652 2654
2653 2654 2655
2643 2646 2656
2643 2656 2657
2657 2656 2658
2657 2658 2659
2659 2658 2660
2659 2660 2661
2660 2658 2662
2660 2662 2663
2658 2656 2664
2658 2664 2662
2656 2646 2665
2656 2665 2664
2666 2667 2668
2666 2668 2669
2670 2666 2669
2670 2669 2671
2672 2670 2671
2672 2671 2673
2645 2672 2673
2645 2673 2674
2646 2645 2674
2646 2674 2665
2675 2676 2677
2675 2677 2678
2679 2675 2678
2679 2678 2680
2681 2679 2680
2681 2680 2682
2654 2652 2683
2654 2683 2684
2652 2650 2685
2652 2685 2683
2650 2648 2686
2650 2686 2685
2648 2647 2687
2648 2687 2686
2647 2681 2682
2647 2682 2687
2677 2676 2688
2677 2688 2689
2660 2663 2690
2660 2690 2691
2661 2660 2691
2661 2691 2692
2692 2691 2690
2692 2690 2693
2655 2694 2668
2655 2668 2667
2681 2647 2644
2681 2644 2643
2645 2644 2649
2645 2649 2672
2672 2649 2651
2672 2651 2670
2670 2651 2653
2670 2653 2666
2666 2653 2655
2666 2655 2667
2681 2643 2657
2681 2657 2679
2679 2657 2659
2679 2659 2675
2675 2659 2661
2675 2661 2676
2676 2661 2692
2676 2692 2688
2688 2692 2693
2688 2693 2689
2654 2684 2694
2654 2694 2655
2695 2696 2697
2695 2697 2698
2696 2699 2700
2696 2700 2701
2701 2700 2702
2701 2702 2703
2703 2702 2704
2703 2704 2705
2705 2704 2706
2705 2706 2707
2695 2698 2708
2695 2708 2709
2709 2708 2710
2709 2710 2711
2711 2710 2712
2711 2712 2713
2712 2710 2714
2712 2714 2715
2710 2708 2716
2710 2716 2714
2708 2698 2717
2708 2717 2716
2718 2719 2720
2718 2720 2721
2722 2718 2721
2722 2721 2723
2724 2722 2723
2724 2723 2725
2697 2724 2725
2697 2725 2726
2698 2697 2726
2698 2726 2717
2727 2728 2729
2727 2729 2730
2731 2727 2730
2731 2730 2732
2733 2731 2732
2733 2732 2734
2706 2704 2735
2706 2735 2736
2704 2702 2737
2704 2737 2735
2702 2700 2738
2702 2738 2737
2700 2699 2739
2700 2739 2738
2699 2733 2734
2699 2734 2739
2729 2728 2740
2729 2740 2741
2712 2715 2742
2712 2742 2743
2713 2712 2743
2713 2743 2744
2744 2743 2742
2744 2742 2745
2707 2746 2720
2707 2720 2719
2733 2699 2696
2733 2696 2695
2697 2696 2701
2697 2701 2724
2724 2701 2703
2724 2703 2722
2722 2703 2705
2722 2705 2718
2718 2705 2707
2718 2707 2719
2733 2695 2709
2733 2709 2731
2731 2709 2711
2731 2711 2727
2727 2711 2713
2727 2713 2728
2728 2713 2744
2728 2744 2740
2740 2744 2745
2740 2745 2741
2706 2736 2746
2706 2746 2707
2747 2748 2749
2747 2749 2750
2748 2751 2752
2748 2752 2753
2753 2752 2754
2753 2754 2755
2755 2754 2756
2755 2756 2757
2757 2756 2758
2757 2758 2759
2747 2750 2760
2747 2760 2761
2761 2760 2762
2761 2762 2763
2763 2762 2764
2763 2764 2765
2764 2762 2766
2764 2766 2767
2762 2760 2768
2762 2768 2766
2760 2750 2769
2760 2769 2768
2770 2771 2772
2770 2772 2773
2774 2770 2773
2774 2773 2775
2776 2774 2775
2776 2775 2777
2749 2776 2777
2749 2777 2778
2750 2749 2778
2750 2778 2769
2779 2780 2781
2779 2781 2782
2783 2779 2782
2783 2782 2784
2785 2783 2784
2785 2784 2786
2758 2756 2787
2758 2787 2788
2756 2754 2789
2756 2789 2787
2754 2752 2790
2754 2790 2789
2752 2751 2791
2752 2791 2790
2751 2785 2786
2751 2786 2791
2781 2780 2792
2781 2792 2793
2764 2767 2794
2764 2794 2795
2765 2764 2795
2765 2795 2796
2796 2795 2794
2796 2794 2797
2759 2798 2772
2759 2772 2771
2785 2751 2748
2785 2748 2747
2749 2748 2753
2749 2753 2776
2776 2753 2755
2776 2755 2774
2774 2755 2757
2774 2757 2770
2770 2757 2759
2770 2759 2771
2785 2747 2761
2785 2761 2783
2783 2761 2763
2783 2763 2779
2779 2763 2765
2779 2765 2780
2780 2765 2796
2780 2796 2792
2792 2796 2797
2792 2797 2793
2758 2788 2798
2758 2798 2759
2799 2800 2801
2799 2801 2802
2800 2803 2804
2800 2804 2805
2805 2804 2806
2805 2806 2807
2807 2806 2808
2807 2808 2809
2809 2808 2810
2809 2810 2811
2799 2802 2812
2799 2812 2813
2813 2812 2814
2813 2814 2815
2815 2814 2816
2815 2816 2817
2816 2814 2818
2816 2818 2819
2814 2812 2820
2814 2820 2818
2812 2802 2821
2812 2821 2820
2822 2823 2824
2822 2824 2825
2826 2822 2825
2826 2825 2827
2828 2826 2827
2828 2827 2829
2801 2828 2829
2801 2829 2830
2802 2801 2830
2802 2830 2821
2831 2832 2833
2831 2833 2834
2835 2831 2834
2835 2834 2836
2837 2835 2836
2837 2836 2838
2810 2808 2839
2810 2839 2840
2808 2806 2841
2808 2841 2839
2806 2804 2842
2806 2842 2841
2804 2803 2843
2804 2843 2842
2803 2837 2838
2803 2838 2843
2833 2832 2844
2833 2844 2845
2816 2819 2846
2816 2846 2847
2817 2816 2847
2817 2847 2848
2848 2847 2846
2848 2846 2849
2811 2850 2824
2811 2824 2823
2837 2803 2800
2837 2800 2799
2801 2800 2805
2801 2805 2828
2828 2805 2807
2828 2807 2826
2826 2807 2809
2826 2809 2822
2822 2809 2811
2822 2811 2823
2837 2799 2813
2837 2813 2835
2835 2813 2815
2835 2815 2831
2831 2815 2817
2831 2817 2832
2832 2817 2848
2832 2848 2844
2844 2848 2849
2844 2849 2845
2810 2840 2850
2810 2850 2811
2851 2852 2853
2851 2853 2854
2851 2854 2855
2851 2855 2856
2851 2856 2857
2851 2857 2858
2851 2858 2859
2851 2859 2852
2860 2856 2855
2860 2855 2861
2860 2861 2862
2860 2862 2863
2860 2863 2864
2860 2864 2865
2860 2865 2857
2860 2857 2856
2866 2867 2868
2866 2868 2869
2866 2869 2870
2866 2870 2871
2866 2871 2855
2866 2855 2854
2866 2854 2853
2866 2853 2867
2872 2871 2870
2872 2870 2873
2872 2873 2874
2872 2874 2875
2872 2875 2862
2872 2862 2861
2872 2861 2855
2872 2855 2871
2876 2877 2878
2876 2878 2879
2876 2879 2880
2876 2880 2881
2876 2881 2882
2876 2882 2883
2876 2883 2884
2876 2884 2877
2885 2881 2880
2885 2880 2886
2885 2886 2887
2885 2887 2888
2885 2888 2889
2885 2889 2890
2885 2890 2882
2885 2882 2881
2891 2892 2893
2891 2893 2894
2891 2894 2895
2891 2895 2896
2891 2896 2880
2891 2880 2879
2891 2879 2878
2891 2878 2892
2897 2896 2895
2897 2895 2898
2897 2898 2899
2897 2899 2900
2897 2900 2887
2897 2887 2886
2897 2886 2880
2897 2880 2896
2901 2902 2903
2901 2903 2904
2901 2904 2905
2901 2905 2906
2901 2906 2907
2901 2907 2908
2901 2908 2909
2901 2909 2902
2910 2906 2905
2910 2905 2911
2910 2911 2912
2910 2912 2913
2910 2913 2914
2910 2914 2915
2910 2915 2907
2910 2907 2906
2916 2917 2918
2916 2918 2919
2916 2919 2920
2916 2920 2921
2916 2921 2922
2916 2922 2923
2916 2923 2924
2916 2924 2917
2925 2921 2920
2925 2920 2926
2925 2926 2927
2925 2927 2928
2925 2928 2929
2925 2929 2930
2925 2930 2922
2925 2922 2921
2931 2932 2933
2931 2933 2934
2931 2934 2935
2931 2935 2936
2931 2936 2937
2931 2937 2938
2931 2938 2939
2931 2939 2932
2940 2936 2935
2940 2935 2941
2940 2941 2853
2940 2853 2852
2940 2852 2859
2940 2859 2942
2940 2942 2937
2940 2937 2936
2943 2944 2945
2943 2945 2946
2943 2946 2947
2943 2947 2948
2943 2948 2935
2943 2935 2934
2943 2934 2933
2943 2933 2944
2949 2948 2947
2949 2947 2950
2949 2950 2868
2949 2868 2867
2949 2867 2853
2949 2853 2941
2949 2941 2935
2949 2935 2948
2951 2888 2887
2951 2887 2952
2951 2952 2953
2951 2953 2954
2951 2954 2955
2951 2955 2956
2951 2956 2889
2951 2889 2888
2957 2954 2953
2957 2953 2958
2957 2958 2959
2957 2959 2960
2957 2960 2961
2957 2961 2962
2957 2962 2955
2957 2955 2954
2963 2900 2899
2963 2899 2964
2963 2964 2965
2963 2965 2966
2963 2966 2953
2963 2953 2952
2963 2952 2887
2963 2887 2900
2967 2966 2965
2967 2965 2968
2967 2968 2969
2967 2969 2970
2967 2970 2959
2967 2959 2958
2967 2958 2953
2967 2953 2966
2971 2972 2973
2971 2973 2974
2971 2974 2975
2971 2975 2976
2971 2976 2977
2971 2977 2978
2971 2978 2979
2971 2979 2972
2980 2976 2975
2980 2975 2981
2980 2981 2903
2980 2903 2902
2980 2902 2909
2980 2909 2982
2980 2982 2977
2980 2977 2976
2983 2928 2927
2983 2927 2984
2983 2984 2985
2983 2985 2986
2983 2986 2987
2983 2987 2988
2983 2988 2929
2983 2929 2928
2989 2986 2985
2989 2985 2990
2989 2990 2991
2989 2991 2992
2989 2992 2993
2989 2993 2994
2989 2994 2987
2989 2987 2986
2995 2996 2997
2995 2997 2998
2995 2998 2999
2995 2999 3000
2995 3000 3001
2995 3001 3002
2995 3002 3003
2995 3003 2996
3004 3005 3006
3004 3006 3007
3004 3007 3008
3004 3008 3009
3004 3009 3010
3004 3010 3011
3004 3011 3012
3004 3012 3005
3013 3014 3015
3013 3015 3016
3017 3018 3019
3017 3019 3020
3021 3022 3023
3021 3023 3024
3021 3024 3025
3021 3025 3026
3027 3028 3029
3027 3029 3030
3031 3032 3033
3031 3033 3034
3035 3036 3037
3035 3037 3038
3035 3038 3039
3035 3039 3040
3041 2863 2862
3041 2862 3042
3041 3042 3043
3041 3043 3044
3041 3044 3045
3041 3045 3046
3041 3046 2864
3041 2864 2863
3047 2875 2874
3047 2874 3048
3047 3048 3049
3047 3049 3050
3047 3050 3043
3047 3043 3042
3047 3042 2862
3047 2862 2875
3051 3050 3049
3051 3049 3052
3051 3052 2997
3051 2997 2996
3051 2996 3003
3051 3003 3053
3051 3053 3043
3051 3043 3050
3054 3055 3056
3054 3056 3057
3054 3057 2878
3054 2878 2877
3054 2877 2884
3054 2884 3058
3054 3058 3059
3054 3059 3055
3060 3009 3008
3060 3008 3061
3060 3061 3062
3060 3062 3063
3060 3063 3056
3060 3056 3064
3060 3064 3010
3060 3010 3009
3065 3063 3062
3065 3062 3066
3065 3066 2893
3065 2893 2892
3065 2892 2878
3065 2878 3057
3065 3057 3056
3065 3056 3063
3067 3026 3025
3067 3025 3068
3067 3068 3069
3067 3069 3070
3067 3070 3071
3067 3071 3072
3073 3074 3075
3073 3075 3076
3077 3070 3069
3077 3069 3078
3077 3078 2914
3077 2914 2913
3077 2913 2912
3077 2912 3079
3077 3079 3071
3077 3071 3070
3013 3034 3033
3013 3033 3014
3080 3081 3082
3080 3082 3083
3080 3083 3084
3080 3084 3085
3080 3085 3037
3080 3037 3036
3086 3083 3082
3086 3082 3087
3086 3087 2918
3086 2918 2917
3086 2917 2924
3086 2924 3088
3086 3088 3084
3086 3084 3083
3089 3090 3091
3089 3091 3092
3089 3092 3093
3089 3093 3094
3089 3094 3095
3089 3095 3096
3089 3096 3097
3089 3097 3090
3098 3094 3093
3098 3093 3099
3098 3099 2933
3098 2933 2932
3098 2932 2939
3098 2939 3100
3098 3100 3095
3098 3095 3094
3101 3102 3103
3101 3103 3104
3101 3104 3105
3101 3105 3106
3101 3106 3093
3101 3093 3092
3101 3092 3091
3101 3091 3102
3107 3106 3105
3107 3105 3108
3107 3108 2945
3107 2945 2944
3107 2944 2933
3107 2933 3099
3107 3099 3093
3107 3093 3106
3109 3110 3111
3109 3111 3112
3109 3112 3113
3109 3113 3114
3109 3114 3115
3109 3115 3116
3109 3116 3117
3109 3117 3110
3118 3114 3113
3118 3113 3119
3118 3119 3001
3118 3001 3000
3118 3000 2999
3118 2999 3120
3118 3120 3115
3118 3115 3114
3121 3122 3123
3121 3123 3124
3121 3124 3125
3121 3125 3126
3121 3126 3113
3121 3113 3112
3121 3112 3111
3121 3111 3122
3127 3126 3125
3127 3125 3128
3127 3128 3129
3127 3129 3130
3127 3130 3001
3127 3001 3119
3127 3119 3113
3127 3113 3126
3131 3132 3133
3131 3133 3134
3131 3134 3135
3131 3135 3136
3131 3136 3137
3131 3137 3138
3131 3138 3139
3131 3139 3132
3140 3136 3135
3140 3135 3141
3140 3141 2973
3140 2973 2972
3140 2972 2979
3140 2979 3142
3140 3142 3137
3140 3137 3136
3143 3020 3019
3143 3019 3144
3143 3144 3145
3143 3145 3146
3147 3148 3149
3147 3149 3150
3147 3150 3023
3147 3023 3022
3151 3146 3145
3151 3145 3152
3151 3152 3153
3151 3153 3154
3155 3156 3157
3155 3157 3158
3155 3158 3149
3155 3149 3148
3159 3160 3161
3159 3161 3162
3159 3162 3163
3159 3163 3164
3159 3164 3165
3159 3165 3166
3159 3166 3167
3159 3167 3160
3168 3164 3163
3168 3163 3169
3168 3170 3165
3168 3165 3164
3171 3172 3173
3171 3173 3174
3171 3174 3175
3171 3175 3176
3171 3176 3163
3171 3163 3162
3171 3162 3161
3171 3161 3172
3177 3176 3175
3177 3175 3178
3177 3169 3163
3177 3163 3176
3179 2858 2857
3179 2857 3180
3179 3180 3181
3179 3181 3182
3179 3182 3183
3179 3183 3184
3179 3184 2859
3179 2859 2858
3185 3182 3181
3185 3181 3186
3185 3186 3187
3185 3187 3188
3185 3188 3189
3185 3189 3190
3185 3190 3183
3185 3183 3182
3191 2865 2864
3191 2864 3192
3191 3192 3193
3191 3193 3194
3191 3194 3181
3191 3181 3180
3191 3180 2857
3191 2857 2865
3195 3194 3193
3195 3193 3196
3195 3196 3197
3195 3197 3198
3195 3198 3187
3195 3187 3186
3195 3186 3181
3195 3181 3194
3199 3200 3201
3199 3201 3202
3199 3202 3203
3199 3203 3204
3205 3204 3203
3205 3203 3206
3207 3208 3167
3207 3167 3166
3207 3166 3165
3207 3165 3209
3207 3209 3203
3207 3203 3202
3207 3202 3201
3207 3201 3208
3210 3209 3165
3210 3165 3170
3210 3206 3203
3210 3203 3209
3211 2938 2937
3211 2937 3212
3211 3212 3213
3211 3213 3214
3211 3214 3095
3211 3095 3100
3211 3100 2939
3211 2939 2938
3215 3214 3213
3215 3213 3216
3215 3216 3217
3215 3217 3218
3215 3218 3097
3215 3097 3096
3215 3096 3095
3215 3095 3214
3219 2942 2859
3219 2859 3184
3219 3184 3183
3219 3183 3220
3219 3220 3213
3219 3213 3212
3219 3212 2937
3219 2937 2942
3221 3220 3183
3221 3183 3190
3221 3190 3189
3221 3189 3222
3221 3222 3217
3221 3217 3216
3221 3216 3213
3221 3213 3220
3032 3223 3224
3032 3224 3033
3014 3033 3224
3014 3224 3225
3014 3225 3226
3014 3226 3015
3227 3228 3229
3227 3229 3230
3227 3230 3231
3227 3231 3232
3227 3232 3175
3227 3175 3174
3227 3174 3173
3227 3173 3228
3233 3232 3231
3233 3231 3234
3233 3178 3175
3233 3175 3232
3235 3236 3237
3235 3237 3238
3235 3238 3239
3235 3239 3240
3241 3242 3231
3241 3231 3230
3241 3230 3229
3241 3229 3243
3244 3240 3239
3244 3239 3245
3246 3234 3231
3246 3231 3242
3247 3046 3045
3247 3045 3248
3247 3248 3249
3247 3249 3250
3247 3250 3193
3247 3193 3192
3247 3192 2864
3247 2864 3046
3251 3250 3249
3251 3249 3252
3251 3252 3253
3251 3253 3254
3251 3254 3197
3251 3197 3196
3251 3196 3193
3251 3193 3250
3255 2960 2959
3255 2959 3256
3255 3256 3257
3255 3257 3258
3255 3258 3259
3255 3259 3260
3255 3260 2961
3255 2961 2960
3261 3258 3257
3261 3257 3262
3261 3262 3091
3261 3091 3090
3261 3090 3097
3261 3097 3263
3261 3263 3259
3261 3259 3258
3264 2970 2969
3264 2969 3265
3264 3265 3266
3264 3266 3267
3264 3267 3257
3264 3257 3256
3264 3256 2959
3264 2959 2970
3268 3267 3266
3268 3266 3269
3268 3269 3103
3268 3103 3102
3268 3102 3091
3268 3091 3262
3268 3262 3257
3268 3257 3267
3270 3005 3012
3270 3012 3271
3270 3271 3272
3270 3272 3273
3270 3273 3274
3270 3274 3275
3270 3275 3006
3270 3006 3005
3276 3273 3272
3276 3272 3277
3276 3277 3278
3276 3278 3279
3276 3279 3280
3276 3280 3281
3276 3281 3274
3276 3274 3273
3282 3283 3284
3282 3284 3285
3282 3285 3286
3282 3286 3287
3282 3287 3272
3282 3272 3271
3282 3271 3012
3282 3012 3283
3288 3287 3286
3288 3286 3289
3288 3289 3290
3288 3290 3291
3288 3291 3278
3288 3278 3277
3288 3277 3272
3288 3272 3287
3292 2992 2991
3292 2991 3293
3292 3293 3294
3292 3294 3295
3292 3295 3296
3292 3296 3297
3292 3297 2993
3292 2993 2992
3298 3295 3294
3298 3294 3299
3298 3299 3133
3298 3133 3132
3298 3132 3139
3298 3139 3300
3298 3300 3296
3298 3296 3295
3301 3040 3039
3301 3039 3302
3301 3302 3303
3301 3303 3304
3305 3306 3307
3305 3307 3308
3305 3308 3029
3305 3029 3028
3309 3304 3303
3309 3303 3310
3309 3310 3311
3309 3311 3312
3313 3314 3315
3313 3315 3316
3313 3316 3307
3313 3307 3306
3317 3318 3319
3317 3319 3320
3317 3320 3321
3317 3321 3322
3323 3320 3319
3323 3319 3324
3323 3324 3161
3323 3161 3160
3323 3160 3167
3323 3167 3325
3323 3325 3321
3323 3321 3320
3326 3327 3328
3326 3328 3329
3326 3329 3319
3326 3319 3318
3330 3329 3328
3330 3328 3331
3330 3331 3173
3330 3173 3172
3330 3172 3161
3330 3161 3324
3330 3324 3319
3330 3319 3329
3332 3333 3334
3332 3334 3335
3332 3335 3336
3332 3336 3337
3332 3337 3338
3332 3338 3339
3332 3339 3340
3332 3340 3333
3341 3337 3336
3341 3336 3342
3341 3342 2882
3341 2882 2890
3341 2890 2889
3341 2889 3343
3341 3343 3338
3341 3338 3337
3344 3345 3346
3344 3346 3347
3344 3347 3348
3344 3348 3349
3344 3349 3336
3344 3336 3335
3344 3335 3334
3344 3334 3345
3350 3349 3348
3350 3348 3351
3350 3351 2884
3350 2884 2883
3350 2883 2882
3350 2882 3342
3350 3342 3336
3350 3336 3349
3352 3353 3354
3352 3354 3355
3356 3355 3354
3356 3354 3357
3356 3357 3201
3356 3201 3200
3358 3322 3321
3358 3321 3359
3358 3359 3354
3358 3354 3353
3360 3359 3321
3360 3321 3325
3360 3325 3167
3360 3167 3208
3360 3208 3201
3360 3201 3357
3360 3357 3354
3360 3354 3359
3361 3362 3363
3361 3363 3364
3361 3364 3365
3361 3365 3366
3361 3366 3259
3361 3259 3263
3361 3263 3097
3361 3097 3362
3367 3366 3365
3367 3365 3368
3367 3368 2955
3367 2955 2962
3367 2962 2961
3367 2961 3260
3367 3260 3259
3367 3259 3366
3369 3370 3340
3369 3340 3339
3369 3339 3338
3369 3338 3371
3369 3371 3365
3369 3365 3364
3369 3364 3363
3369 3363 3370
3372 3371 3338
3372 3338 3343
3372 3343 2889
3372 2889 2956
3372 2956 2955
3372 2955 3368
3372 3368 3365
3372 3365 3371
3076 3075 3373
3076 3373 3374
3375 3015 3226
3375 3226 3376
3375 3376 3373
3375 3373 3075
3377 3378 3379
3377 3379 3380
3377 3380 3328
3377 3328 3327
3381 3380 3379
3381 3379 3382
3381 3382 3229
3381 3229 3228
3381 3228 3173
3381 3173 3331
3381 3331 3328
3381 3328 3380
3383 3384 3385
3383 3385 3386
3387 3388 3379
3387 3379 3378
3389 3386 3385
3389 3385 3390
3389 3390 3237
3389 3237 3236
3391 3243 3229
3391 3229 3382
3391 3382 3379
3391 3379 3388
3392 3393 3394
3392 3394 3395
3392 3395 3396
3392 3396 3397
3392 3397 3348
3392 3348 3347
3392 3347 3346
3392 3346 3393
3398 3397 3396
3398 3396 3399
3398 3399 3059
3398 3059 3058
3398 3058 2884
3398 2884 3351
3398 3351 3348
3398 3348 3397
3400 3002 3001
3400 3001 3130
3400 3130 3129
3400 3129 3401
3400 3401 3402
3400 3402 3403
3400 3403 3003
3400 3003 3002
3404 3053 3003
3404 3003 3403
3404 3403 3402
3404 3402 3405
3404 3405 3045
3404 3045 3044
3404 3044 3043
3404 3043 3053
3406 3407 3284
3406 3284 3283
3406 3283 3012
3406 3012 3011
3406 3011 3010
3406 3010 3408
3406 3408 3409
3406 3409 3407
3410 3411 3409
3410 3409 3408
3410 3408 3010
3410 3010 3064
3410 3064 3056
3410 3056 3055
3410 3055 3059
3410 3059 3411
3412 3413 3409
3412 3409 3411
3412 3411 3059
3412 3059 3414
3412 3414 3415
3412 3415 3416
3412 3416 3417
3412 3417 3413
3418 3419 3284
3418 3284 3407
3418 3407 3409
3418 3409 3413
3418 3413 3417
3418 3417 3420
3418 3420 3421
3418 3421 3419
3422 3423 3045
3422 3045 3405
3422 3405 3402
3422 3402 3424
3422 3424 3425
3422 3425 3426
3422 3426 3427
3422 3427 3423
3428 3424 3402
3428 3402 3401
3428 3401 3129
3428 3129 3429
3428 3429 3430
3428 3430 3431
3428 3431 3425
3428 3425 3424
3432 3433 3396
3432 3396 3395
3432 3395 3394
3432 3394 3434
3432 3434 3435
3432 3435 3436
3432 3436 3437
3432 3437 3433
3438 3414 3059
3438 3059 3399
3438 3399 3396
3438 3396 3433
3438 3433 3437
3438 3437 3439
3438 3439 3415
3438 3415 3414
3440 3441 3290
3440 3290 3289
3440 3289 3286
3440 3286 3442
3440 3442 3443
3440 3443 3444
3445 3442 3286
3445 3286 3285
3445 3285 3284
3445 3284 3419
3445 3419 3421
3445 3421 3446
3445 3446 3443
3445 3443 3442
3447 3448 3253
3447 3253 3252
3447 3252 3249
3447 3249 3449
3447 3449 3450
3447 3450 3451
3447 3451 3452
3447 3452 3448
3453 3449 3249
3453 3249 3248
3453 3248 3045
3453 3045 3423
3453 3423 3427
3453 3427 3454
3453 3454 3450
3453 3450 3449
3455 3456 3125
3455 3125 3124
3455 3457 3458
3455 3458 3456
3459 3429 3129
3459 3129 3128
3459 3128 3125
3459 3125 3456
3459 3456 3458
3459 3458 3460
3459 3460 3430
3459 3430 3429
3461 3462 3463
3461 3463 3464
3461 3464 3465
3461 3465 3466
3467 3468 2870
3467 2870 2869
3467 2869 2868
3467 2868 3469
3470 3471 3472
3470 3472 3473
3470 3473 3463
3470 3463 3462
3474 3475 2874
3474 2874 2873
3474 2873 2870
3474 2870 3468
3476 3477 3478
3476 3478 3479
3476 3479 3480
3476 3480 3481
3482 3483 2895
3482 2895 2894
3482 2894 2893
3482 2893 3484
3485 3486 3487
3485 3487 3488
3485 3488 3478
3485 3478 3477
3489 3490 2899
3489 2899 2898
3489 2898 2895
3489 2895 3483
3491 3492 3493
3491 3493 3494
3491 3494 3495
3491 3495 3496
3497 3498 2947
3497 2947 2946
3497 2946 2945
3497 2945 3499
3500 3466 3465
3500 3465 3501
3500 3501 3493
3500 3493 3492
3502 3469 2868
3502 2868 2950
3502 2950 2947
3502 2947 3498
3503 3504 3505
3503 3505 3506
3503 3506 3487
3503 3487 3486
3507 3508 2965
3507 2965 2964
3507 2964 2899
3507 2899 3490
3509 3510 3511
3509 3511 3512
3509 3512 3505
3509 3505 3504
3513 3514 2969
3513 2969 2968
3513 2968 2965
3513 2965 3508
3515 2998 2997
3515 2997 3516
3517 3518 3519
3517 3519 3520
3517 3520 3521
3517 3521 3522
3515 3523 2999
3515 2999 2998
3524 3525 3526
3524 3526 3527
3528 3529 3008
3528 3008 3007
3528 3007 3006
3528 3006 3530
3531 3052 3049
3531 3049 3532
3533 3534 3535
3533 3535 3536
3533 3536 3519
3533 3519 3518
3531 3516 2997
3531 2997 3052
3537 3048 2874
3537 2874 3475
3538 3539 3535
3538 3535 3534
3537 3532 3049
3537 3049 3048
3540 3541 3542
3540 3542 3543
3540 3543 3526
3540 3526 3525
3544 3545 3062
3544 3062 3061
3544 3061 3008
3544 3008 3529
3546 3481 3480
3546 3480 3547
3546 3547 3542
3546 3542 3541
3548 3484 2893
3548 2893 3066
3548 3066 3062
3548 3062 3545
3549 3550 3551
3549 3551 3552
3549 3552 3553
3549 3553 3554
3555 3556 3105
3555 3105 3104
3555 3104 3103
3555 3103 3557
3558 3496 3495
3558 3495 3559
3558 3559 3551
3558 3551 3550
3560 3499 2945
3560 2945 3108
3560 3108 3105
3560 3105 3556
3561 3116 3115
3561 3115 3562
3563 3564 3565
3563 3565 3566
3563 3566 3567
3563 3567 3568
3561 3569 3117
3561 3117 3116
3570 3120 2999
3570 2999 3523
3571 3522 3521
3571 3521 3572
3571 3572 3565
3571 3565 3564
3570 3562 3115
3570 3115 3120
3573 3574 3575
3573 3575 3576
3573 3576 3511
3573 3511 3510
3577 3578 3266
3577 3266 3265
3577 3265 2969
3577 2969 3514
3579 3554 3553
3579 3553 3580
3579 3580 3575
3579 3575 3574
3581 3557 3103
3581 3103 3269
3581 3269 3266
3581 3266 3578
3582 3275 3274
3582 3274 3583
3584 3585 3586
3584 3586 3587
3584 3587 3588
3584 3588 3589
3582 3530 3006
3582 3006 3275
3590 3281 3280
3590 3280 3591
3592 3593 3594
3592 3594 3595
3592 3595 3586
3592 3586 3585
3590 3583 3274
3590 3274 3281
3168 3169 3596
3168 3596 3597
3168 3597 3598
3168 3598 3170
3177 3178 3599
3177 3599 3600
3177 3600 3596
3177 3596 3169
3199 3204 3601
3199 3601 3602
3199 3602 3603
3199 3603 3200
3205 3206 3604
3205 3604 3605
3205 3605 3606
3205 3606 3607
3205 3607 3601
3205 3601 3204
3210 3170 3598
3210 3598 3608
3210 3608 3604
3210 3604 3206
3031 3034 3609
3031 3609 3610
3031 3610 3611
3031 3611 3612
3032 3613 3614
3032 3614 3223
3013 3016 3615
3013 3615 3616
3013 3616 3609
3013 3609 3034
3233 3234 3617
3233 3617 3618
3233 3618 3599
3233 3599 3178
3244 3245 3619
3244 3619 3620
3246 3621 3617
3246 3617 3234
3317 3622 3623
3317 3623 3318
3317 3322 3624
3317 3624 3622
3326 3625 3626
3326 3626 3327
3326 3318 3623
3326 3623 3625
3352 3627 3628
3352 3628 3353
3352 3355 3629
3352 3629 3630
3352 3630 3631
3352 3631 3627
3356 3200 3603
3356 3603 3632
3356 3632 3629
3356 3629 3355
3358 3633 3624
3358 3624 3322
3358 3353 3628
3358 3628 3633
3073 3634 3635
3073 3635 3636
3073 3636 3637
3073 3637 3074
3076 3374 3638
3076 3638 3639
3640 3074 3637
3640 3637 3641
3640 3641 3615
3640 3615 3016
3377 3642 3643
3377 3643 3378
3377 3327 3626
3377 3626 3642
3383 3644 3645
3383 3645 3384
3387 3378 3643
3387 3643 3646
3440 3444 3647
3440 3647 3441
3455 3124 3123
3455 3123 3648
3455 3648 3649
3455 3649 3457
3461 2908 2907
3461 2907 3462
3461 3466 2909
3461 2909 2908
3650 3651 3652
3650 3652 3653
3650 3654 3655
3650 3655 3651
3470 2915 2914
3470 2914 3471
3470 3462 2907
3470 2907 2915
3656 3657 3658
3656 3658 3659
3656 3653 3652
3656 3652 3657
3476 2923 2922
3476 2922 3477
3476 3481 2924
3476 2924 2923
3660 3661 3662
3660 3662 3663
3660 3664 3665
3660 3665 3661
3485 2930 2929
3485 2929 3486
3485 3477 2922
3485 2922 2930
3666 3667 3668
3666 3668 3669
3666 3663 3662
3666 3662 3667
3491 2978 2977
3491 2977 3492
3491 3496 2979
3491 2979 2978
3670 3671 3672
3670 3672 3673
3670 3674 3675
3670 3675 3671
3500 2982 2909
3500 2909 3466
3500 3492 2977
3500 2977 2982
3676 3677 3655
3676 3655 3654
3676 3673 3672
3676 3672 3677
3503 2988 2987
3503 2987 3504
3503 3486 2929
3503 2929 2988
3678 3679 3680
3678 3680 3681
3678 3669 3668
3678 3668 3679
3509 2994 2993
3509 2993 3510
3509 3504 2987
3509 2987 2994
3682 3683 3684
3682 3684 3685
3682 3681 3680
3682 3680 3683
3686 3687 3688
3686 3688 3689
3686 3689 3025
3686 3025 3024
3686 3024 3023
3686 3023 3690
3686 3690 3691
3686 3691 3687
3524 3038 3037
3524 3037 3525
3524 3527 3692
3524 3692 3693
3524 3693 3039
3524 3039 3038
3694 3695 3696
3694 3696 3697
3694 3589 3588
3694 3588 3695
3698 3699 3700
3698 3700 3701
3698 3701 3069
3698 3069 3068
3698 3068 3025
3698 3025 3689
3698 3689 3688
3698 3688 3699
3538 3659 3658
3538 3658 3539
3702 3703 3472
3702 3472 3471
3702 3471 2914
3702 2914 3078
3702 3078 3069
3702 3069 3701
3702 3701 3700
3702 3700 3703
3540 3085 3084
3540 3084 3541
3540 3525 3037
3540 3037 3085
3704 3705 3706
3704 3706 3707
3704 3697 3696
3704 3696 3705
3546 3088 2924
3546 2924 3481
3546 3541 3084
3546 3084 3088
3708 3709 3665
3708 3665 3664
3708 3707 3706
3708 3706 3709
3549 3138 3137
3549 3137 3550
3549 3554 3139
3549 3139 3138
3710 3711 3712
3710 3712 3713
3710 3714 3715
3710 3715 3711
3558 3142 2979
3558 2979 3496
3558 3550 3137
3558 3137 3142
3716 3717 3675
3716 3675 3674
3716 3713 3712
3716 3712 3717
3718 3719 3720
3718 3720 3721
3718 3721 3149
3718 3149 3158
3718 3158 3157
3718 3157 3722
3718 3722 3723
3718 3723 3719
3724 3725 3691
3724 3691 3690
3724 3690 3023
3724 3023 3150
3724 3150 3149
3724 3149 3721
3724 3721 3720
3724 3720 3725
3573 3297 3296
3573 3296 3574
3573 3510 2993
3573 2993 3297
3726 3727 3728
3726 3728 3729
3726 3685 3684
3726 3684 3727
3579 3300 3139
3579 3139 3554
3579 3574 3296
3579 3296 3300
3730 3731 3715
3730 3715 3714
3730 3729 3728
3730 3728 3731
3732 3733 3734
3732 3734 3735
3732 3735 3303
3732 3303 3302
3732 3302 3039
3732 3039 3693
3732 3693 3692
3732 3692 3733
3736 3737 3738
3736 3738 3739
3736 3739 3311
3736 3311 3310
3736 3310 3303
3736 3303 3735
3736 3735 3734
3736 3734 3737
3515 3516 3518
3515 3518 3517
3515 3517 3522
3515 3522 3523
3531 3532 3534
3531 3534 3533
3531 3533 3518
3531 3518 3516
3537 3538 3534
3537 3534 3532
3561 3562 3564
3561 3564 3563
3561 3563 3568
3561 3568 3569
3570 3523 3522
3570 3522 3571
3570 3571 3564
3570 3564 3562
3582 3583 3585
3582 3585 3584
3582 3584 3589
3582 3589 3530
3590 3591 3593
3590 3593 3592
3590 3592 3585
3590 3585 3583
3467 3650 3653
3467 3653 3468
3467 3469 3654
3467 3654 3650
3474 3656 3659
3474 3659 3475
3474 3468 3653
3474 3653 3656
3482 3660 3663
3482 3663 3483
3482 3484 3664
3482 3664 3660
3489 3666 3669
3489 3669 3490
3489 3483 3663
3489 3663 3666
3497 3670 3673
3497 3673 3498
3497 3499 3674
3497 3674 3670
3502 3676 3654
3502 3654 3469
3502 3498 3673
3502 3673 3676
3507 3678 3681
3507 3681 3508
3507 3490 3669
3507 3669 3678
3513 3682 3685
3513 3685 3514
3513 3508 3681
3513 3681 3682
3528 3694 3697
3528 3697 3529
3528 3530 3589
3528 3589 3694
3537 3475 3659
3537 3659 3538
3544 3704 3707
3544 3707 3545
3544 3529 3697
3544 3697 3704
3548 3708 3664
3548 3664 3484
3548 3545 3707
3548 3707 3708
3555 3710 3713
3555 3713 3556
3555 3557 3714
3555 3714 3710
3560 3716 3674
3560 3674 3499
3560 3556 3713
3560 3713 3716
3577 3726 3729
3577 3729 3578
3577 3514 3685
3577 3685 3726
3581 3730 3714
3581 3714 3557
3581 3578 3729
3581 3729 3730
3640 3016 3015
3640 3015 3375
3640 3375 3075
3640 3075 3074
3031 3612 3613
3031 3613 3032
3073 3076 3639
3073 3639 3634
3021 3017 3020
3021 3020 3022
3035 3040 3028
3035 3028 3027
3147 3022 3020
3147 3020 3143
3147 3143 3146
3147 3146 3148
3155 3148 3146
3155 3146 3151
3155 3151 3154
3155 3154 3156
3301 3304 3306
3301 3306 3305
3301 3305 3028
3301 3028 3040
3309 3312 3314
3309 3314 3313
3309 3313 3306
3309 3306 3304
3026 3740 3017
3026 3017 3021
3026 3067 3072
3026 3072 3740
3741 3740 3072
3741 3072 3742
3017 3740 3741
3017 3741 3018
3036 3035 3027
3036 3027 3743
3036 3743 3081
3036 3081 3080
3027 3030 3744
3027 3744 3743
3744 3745 3081
3744 3081 3743
2586 2585 3746
2586 3746 3747
2588 2589 3748
2588 3748 3749
2590 2591 3750
2590 3750 3751
2585 2584 3752
2585 3752 3746
2591 2593 3753
2591 3753 3750
2584 2583 3754
2584 3754 3752
2579 2580 3755
2579 3755 3756
2578 2576 3757
2578 3757 3758
2593 2594 3759
2593 3759 3753
2589 2590 3751
2589 3751 3748
2580 2587 3760
2580 3760 3755
2592 2586 3747
2592 3747 3761
2577 2579 3756
2577 3756 3762
2576 2577 3762
2576 3762 3757
2587 2588 3749
2587 3749 3760
2583 2582 3763
2583 3763 3754
2582 2581 3764
2582 3764 3763
2581 2578 3758
2581 3758 3764
3765 3766 3767
3765 3767 3768
3769 3770 3766
3769 3766 3765
3771 3772 3773
3771 3773 3774
3774 3773 3775
3774 3775 3776
3772 3771 3777
3772 3777 3778
3770 3779 3780
3770 3780 3781
3771 3782 3783
3771 3783 3777
3782 3771 3774
3782 3774 3784
3784 3774 3776
3784 3776 3785
3786 3787 3783
3786 3783 3782
3788 3789 3790
3788 3790 3791
3792 3793 3788
3792 3788 3794
3795 3796 3797
3795 3797 3798
3799 3800 3801
3799 3801 3802
3800 3795 3798
3800 3798 3801
3803 3804 3796
3803 3796 3795
3805 3806 3800
3805 3800 3799
3806 3803 3795
3806 3795 3800
3770 3781 3807
3770 3807 3766
3794 3788 3791
3794 3791 3808
3766 3807 3809
3766 3809 3767
3784 3785 3810
3784 3810 3811
3793 3812 3789
3793 3789 3788
3782 3784 3811
3782 3811 3786
3776 3775 3813
3776 3813 3814
3815 3816 3794
3815 3794 3808
3816 3817 3792
3816 3792 3794
3815 3818 3819
3815 3819 3816
3816 3819 3820
3816 3820 3817
3790 3789 3783
3790 3783 3787
3777 3783 3789
3777 3789 3812
3814 3821 3785
3814 3785 3776
3810 3785 3821
3810 3821 3822
3805 3799 3819
3805 3819 3818
3799 3802 3820
3799 3820 3819
3823 3824 3825
3823 3825 3826
3827 3828 3826
3827 3826 3825
3828 3827 3829
3828 3829 3830
3813 3829 3827
3813 3827 3814
3814 3827 3825
3814 3825 3821
3824 3822 3821
3824 3821 3825
3765 3826 3828
3765 3828 3769
3768 3823 3826
3768 3826 3765
3831 3832 3787
3831 3787 3786
3786 3811 3833
3786 3833 3831
3832 3834 3790
3832 3790 3787
3791 3790 3834
3791 3834 3835
3811 3810 3836
3811 3836 3833
3837 3836 3810
3837 3810 3822
3824 3823 3838
3824 3838 3839
3840 3838 3823
3840 3823 3768
3841 3840 3768
3841 3768 3767
3808 3791 3835
3808 3835 3842
3815 3808 3842
3815 3842 3843
3843 3844 3818
3843 3818 3815
3844 3845 3805
3844 3805 3818
3845 3846 3806
3845 3806 3805
3767 3809 3847
3767 3847 3841
3846 3848 3803
3846 3803 3806
3822 3824 3839
3822 3839 3837
3848 3849 3804
3848 3804 3803
3850 3851 3852
3850 3852 3853
3854 3855 3856
3854 3856 3857
3858 3859 3860
3858 3860 3861
3862 3863 3864
3862 3864 3865
3853 3852 3866
3853 3866 3867
3868 3869 3870
3868 3870 3871
3861 3860 3863
3861 3863 3862
3872 3873 3874
3872 3874 3875
3871 3870 3857
3871 3857 3856
3876 3877 3873
3876 3873 3872
3869 3868 3878
3869 3878 3879
3880 3881 3863
3880 3863 3860
3882 3880 3860
3882 3860 3859
3883 3884 3885
3883 3885 3886
3872 3875 3887
3872 3887 3888
3879 3878 3875
3879 3875 3874
3889 3883 3886
3889 3886 3890
3886 3885 3882
3886 3882 3859
3859 3858 3890
3859 3890 3886
3877 3876 3883
3877 3883 3889
3891 3892 3893
3891 3893 3894
3892 3855 3854
3892 3854 3893
3850 3891 3894
3850 3894 3851
3769 3895 3779
3769 3779 3770
3880 3801 3798
3880 3798 3881
3793 3888 3887
3793 3887 3812
3792 3896 3888
3792 3888 3793
3882 3802 3801
3882 3801 3880
3881 3798 3797
3881 3797 3897
3820 3885 3884
3820 3884 3817
3812 3887 3778
3812 3778 3777
3802 3882 3885
3802 3885 3820
3896 3792 3817
3896 3817 3884
3769 3828 3830
3769 3830 3895
3850 3853 3779
3850 3779 3895
3853 3867 3780
3853 3780 3779
3881 3897 3864
3881 3864 3863
3876 3872 3888
3876 3888 3896
3878 3778 3887
3878 3887 3875
3813 3775 3856
3813 3856 3855
3871 3856 3775
3871 3775 3773
3868 3871 3773
3868 3773 3772
3772 3778 3878
3772 3878 3868
3876 3896 3884
3876 3884 3883
3892 3891 3830
3892 3830 3829
3855 3892 3829
3855 3829 3813
3891 3850 3895
3891 3895 3830
3898 3899 3900
3898 3900 3901
3901 3902 3903
3901 3903 3904
3902 3905 3906
3902 3906 3903
3905 3907 3908
3905 3908 3906
3907 3909 3910
3907 3910 3908
3898 3911 3912
3898 3912 3899
3911 3913 3914
3911 3914 3912
3913 3915 3916
3913 3916 3914
3916 3917 3918
3916 3918 3914
3914 3918 3919
3914 3919 3912
3912 3919 3920
3912 3920 3899
3921 3922 3923
3921 3923 3924
3925 3926 3922
3925 3922 3921
3927 3928 3926
3927 3926 3925
3900 3929 3928
3900 3928 3927
3899 3920 3929
3899 3929 3900
3930 3931 3932
3930 3932 3933
3934 3935 3931
3934 3931 3930
3936 3937 3935
3936 3935 3934
3910 3938 3939
3910 3939 3908
3908 3939 3940
3908 3940 3906
3906 3940 3941
3906 3941 3903
3903 3941 3942
3903 3942 3904
3904 3942 3937
3904 3937 3936
3932 3943 3944
3932 3944 3933
3916 3945 3946
3916 3946 3917
3915 3947 3945
3915 3945 3916
3947 3948 3946
3947 3946 3945
3909 3924 3923
3909 3923 3949
3936 3898 3901
3936 3901 3904
3900 3927 3902
3900 3902 3901
3927 3925 3905
3927 3905 3902
3925 3921 3907
3925 3907 3905
3921 3924 3909
3921 3909 3907
3936 3934 3911
3936 3911 3898
3934 3930 3913
3934 3913 3911
3930 3933 3915
3930 3915 3913
3933 3944 3947
3933 3947 3915
3944 3943 3948
3944 3948 3947
3910 3909 3949
3910 3949 3938
3950 3951 3952
3950 3952 3953
3953 3954 3955
3953 3955 3956
3954 3957 3958
3954 3958 3955
3957 3959 3960
3957 3960 3958
3959 3961 3962
3959 3962 3960
3950 3963 3964
3950 3964 3951
3963 3965 3966
3963 3966 3964
3965 3967 3968
3965 3968 3966
3968 3969 3970
3968 3970 3966
3966 3970 3971
3966 3971 3964
3964 3971 3972
3964 3972 3951
3973 3974 3975
3973 3975 3976
3977 3978 3974
3977 3974 3973
3979 3980 3978
3979 3978 3977
3952 3981 3980
3952 3980 3979
3951 3972 3981
3951 3981 3952
3982 3983 3984
3982 3984 3985
3986 3987 3983
3986 3983 3982
3988 3989 3987
3988 3987 3986
3962 3990 3991
3962 3991 3960
3960 3991 3992
3960 3992 3958
3958 3992 3993
3958 3993 3955
3955 3993 3994
3955 3994 3956
3956 3994 3989
3956 3989 3988
3984 3995 3996
3984 3996 3985
3968 3997 3998
3968 3998 3969
3967 3999 3997
3967 3997 3968
3999 4000 3998
3999 3998 3997
3961 3976 3975
3961 3975 4001
3988 3950 3953
3988 3953 3956
3952 3979 3954
3952 3954 3953
3979 3977 3957
3979 3957 3954
3977 3973 3959
3977 3959 3957
3973 3976 3961
3973 3961 3959
3988 3986 3963
3988 3963 3950
3986 3982 3965
3986 3965 3963
3982 3985 3967
3982 3967 3965
3985 3996 3999
3985 3999 3967
3996 3995 4000
3996 4000 3999
3962 3961 4001
3962 4001 3990
4002 4003 4004
4002 4004 4005
4005 4006 4007
4005 4007 4008
4006 4009 4010
4006 4010 4007
4009 4011 4012
4009 4012 4010
4011 4013 4014
4011 4014 4012
4002 4015 4016
4002 4016 4003
4015 4017 4018
4015 4018 4016
4017 4019 4020
4017 4020 4018
4020 4021 4022
4020 4022 4018
4018 4022 4023
4018 4023 4016
4016 4023 4024
4016 4024 4003
4025 4026 4027
4025 4027 4028
4029 4030 4026
4029 4026 4025
4031 4032 4030
4031 4030 4029
4004 4033 4032
4004 4032 4031
4003 4024 4033
4003 4033 4004
4034 4035 4036
4034 4036 4037
4038 4039 4035
4038 4035 4034
4040 4041 4039
4040 4039 4038
4014 4042 4043
4014 4043 4012
4012 4043 4044
4012 4044 4010
4010 4044 4045
4010 4045 4007
4007 4045 4046
4007 4046 4008
4008 4046 4041
4008 4041 4040
4036 4047 4048
4036 4048 4037
4020 4049 4050
4020 4050 4021
4019 4051 4049
4019 4049 4020
4051 4052 4050
4051 4050 4049
4013 4028 4027
4013 4027 4053
4040 4002 4005
4040 4005 4008
4004 4031 4006
4004 4006 4005
4031 4029 4009
4031 4009 4006
4029 4025 4011
4029 4011 4009
4025 4028 4013
4025 4013 4011
4040 4038 4015
4040 4015 4002
4038 4034 4017
4038 4017 4015
4034 4037 4019
4034 4019 4017
4037 4048 4051
4037 4051 4019
4048 4047 4052
4048 4052 4051
4014 4013 4053
4014 4053 4042
4054 4055 4056
4054 4056 4057
4057 4058 4059
4057 4059 4060
4058 4061 4062
4058 4062 4059
4061 4063 4064
4061 4064 4062
4063 4065 4066
4063 4066 4064
4054 4067 4068
4054 4068 4055
4067 4069 4070
4067 4070 4068
4069 4071 4072
4069 4072 4070
4072 4073 4074
4072 4074 4070
4070 4074 4075
4070 4075 4068
4068 4075 4076
4068 4076 4055
4077 4078 4079
4077 4079 4080
4081 4082 4078
4081 4078 4077
4083 4084 4082
4083 4082 4081
4056 4085 4084
4056 4084 4083
4055 4076 4085
4055 4085 4056
4086 4087 4088
4086 4088 4089
4090 4091 4087
4090 4087 4086
4092 4093 4091
4092 4091 4090
4066 4094 4095
4066 4095 4064
4064 4095 4096
4064 4096 4062
4062 4096 4097
4062 4097 4059
4059 4097 4098
4059 4098 4060
4060 4098 4093
4060 4093 4092
4088 4099 4100
4088 4100 4089
4072 4101 4102
4072 4102 4073
4071 4103 4101
4071 4101 4072
4103 4104 4102
4103 4102 4101
4065 4080 4079
4065 4079 4105
4092 4054 4057
4092 4057 4060
4056 4083 4058
4056 4058 4057
4083 4081 4061
4083 4061 4058
4081 4077 4063
4081 4063 4061
4077 4080 4065
4077 4065 4063
4092 4090 4067
4092 4067 4054
4090 4086 4069
4090 4069 4067
4086 4089 4071
4086 4071 4069
4089 4100 4103
4089 4103 4071
4100 4099 4104
4100 4104 4103
4066 4065 4105
4066 4105 4094
4106 4107 4108
4106 4108 4109
4106 4110 4111
4106 4111 4107
4106 4112 4113
4106 4113 4110
4106 4109 4114
4106 4114 4112
4115 4116 4111
4115 4111 4110
4115 4117 4118
4115 4118 4116
4115 4119 4120
4115 4120 4117
4115 4110 4113
4115 4113 4119
4121 4122 4123
4121 4123 4124
4121 4125 4126
4121 4126 4122
4121 4107 4111
4121 4111 4125
4121 4124 4108
4121 4108 4107
4127 4128 4126
4127 4126 4125
4127 4129 4130
4127 4130 4128
4127 4116 4118
4127 4118 4129
4127 4125 4111
4127 4111 4116
4131 4132 4133
4131 4133 4134
4131 4135 4136
4131 4136 4132
4131 4137 4138
4131 4138 4135
4131 4134 4139
4131 4139 4137
4140 4141 4136
4140 4136 4135
4140 4142 4143
4140 4143 4141
4140 4144 4145
4140 4145 4142
4140 4135 4138
4140 4138 4144
4146 4147 4148
4146 4148 4149
4146 4150 4151
4146 4151 4147
4146 4132 4136
4146 4136 4150
4146 4149 4133
4146 4133 4132
4152 4153 4151
4152 4151 4150
4152 4154 4155
4152 4155 4153
4152 4141 4143
4152 4143 4154
4152 4150 4136
4152 4136 4141
4156 4157 4158
4156 4158 4159
4156 4160 4161
4156 4161 4157
4156 4162 4163
4156 4163 4160
4156 4159 4164
4156 4164 4162
4165 4166 4161
4165 4161 4160
4165 4167 4168
4165 4168 4166
4165 4169 4170
4165 4170 4167
4165 4160 4163
4165 4163 4169
4171 4172 4173
4171 4173 4174
4171 4175 4176
4171 4176 4172
4171 4177 4178
4171 4178 4175
4171 4174 4179
4171 4179 4177
4180 4181 4176
4180 4176 4175
4180 4182 4183
4180 4183 4181
4180 4184 4185
4180 4185 4182
4180 4175 4178
4180 4178 4184
4186 4187 4188
4186 4188 4189
4186 4190 4191
4186 4191 4187
4186 4192 4193
4186 4193 4190
4186 4189 4194
4186 4194 4192
4195 4196 4191
4195 4191 4190
4195 4109 4108
4195 4108 4196
4195 4197 4114
4195 4114 4109
4195 4190 4193
4195 4193 4197
4198 4199 4200
4198 4200 4201
4198 4202 4203
4198 4203 4199
4198 4187 4191
4198 4191 4202
4198 4201 4188
4198 4188 4187
4204 4205 4203
4204 4203 4202
4204 4124 4123
4204 4123 4205
4204 4196 4108
4204 4108 4124
4204 4202 4191
4204 4191 4196
4206 4207 4143
4206 4143 4142
4206 4208 4209
4206 4209 4207
4206 4210 4211
4206 4211 4208
4206 4142 4145
4206 4145 4210
4212 4213 4209
4212 4209 4208
4212 4214 4215
4212 4215 4213
4212 4216 4217
4212 4217 4214
4212 4208 4211
4212 4211 4216
4218 4219 4155
4218 4155 4154
4218 4220 4221
4218 4221 4219
4218 4207 4209
4218 4209 4220
4218 4154 4143
4218 4143 4207
4222 4223 4221
4222 4221 4220
4222 4224 4225
4222 4225 4223
4222 4213 4215
4222 4215 4224
4222 4220 4209
4222 4209 4213
4226 4227 4228
4226 4228 4229
4226 4230 4231
4226 4231 4227
4226 4232 4233
4226 4233 4230
4226 4229 4234
4226 4234 4232
4235 4236 4231
4235 4231 4230
4235 4159 4158
4235 4158 4236
4235 4237 4164
4235 4164 4159
4235 4230 4233
4235 4233 4237
4238 4239 4183
4238 4183 4182
4238 4240 4241
4238 4241 4239
4238 4242 4243
4238 4243 4240
4238 4182 4185
4238 4185 4242
4244 4245 4241
4244 4241 4240
4244 4246 4247
4244 4247 4245
4244 4248 4249
4244 4249 4246
4244 4240 4243
4244 4243 4248
4250 4251 4252
4250 4252 4253
4250 4254 4255
4250 4255 4251
4250 4256 4257
4250 4257 4254
4250 4253 4258
4250 4258 4256
4259 4260 4261
4259 4261 4262
4259 4263 4264
4259 4264 4260
4259 4265 4266
4259 4266 4263
4259 4262 4267
4259 4267 4265
4268 4269 4270
4268 4270 4271
4272 4273 4274
4272 4274 4275
4276 4277 4278
4276 4278 4279
4276 4280 4281
4276 4281 4277
4282 4283 4284
4282 4284 4285
4286 4287 4288
4286 4288 4289
4290 4291 4292
4290 4292 4293
4290 4294 4295
4290 4295 4291
4296 4297 4118
4296 4118 4117
4296 4298 4299
4296 4299 4297
4296 4300 4301
4296 4301 4298
4296 4117 4120
4296 4120 4300
4302 4303 4130
4302 4130 4129
4302 4304 4305
4302 4305 4303
4302 4297 4299
4302 4299 4304
4302 4129 4118
4302 4118 4297
4306 4307 4305
4306 4305 4304
4306 4253 4252
4306 4252 4307
4306 4308 4258
4306 4258 4253
4306 4304 4299
4306 4299 4308
4309 4310 4311
4309 4311 4312
4309 4134 4133
4309 4133 4310
4309 4313 4139
4309 4139 4134
4309 4312 4314
4309 4314 4313
4315 4316 4264
4315 4264 4263
4315 4317 4318
4315 4318 4316
4315 4319 4311
4315 4311 4317
4315 4263 4266
4315 4266 4319
4320 4321 4318
4320 4318 4317
4320 4149 4148
4320 4148 4321
4320 4310 4133
4320 4133 4149
4320 4317 4311
4320 4311 4310
4322 4323 4281
4322 4281 4280
4322 4324 4325
4322 4325 4323
4322 4326 4327
4322 4327 4324
4328 4329 4330
4328 4330 4331
4332 4333 4325
4332 4325 4324
4332 4167 4170
4332 4170 4333
4332 4334 4168
4332 4168 4167
4332 4324 4327
4332 4327 4334
4268 4271 4288
4268 4288 4287
4335 4336 4337
4335 4337 4338
4335 4339 4340
4335 4340 4336
4335 4293 4292
4335 4292 4339
4341 4342 4337
4341 4337 4336
4341 4174 4173
4341 4173 4342
4341 4343 4179
4341 4179 4174
4341 4336 4340
4341 4340 4343
4344 4345 4346
4344 4346 4347
4344 4348 4349
4344 4349 4345
4344 4350 4351
4344 4351 4348
4344 4347 4352
4344 4352 4350
4353 4354 4349
4353 4349 4348
4353 4189 4188
4353 4188 4354
4353 4355 4194
4353 4194 4189
4353 4348 4351
4353 4351 4355
4356 4357 4358
4356 4358 4359
4356 4360 4361
4356 4361 4357
4356 4345 4349
4356 4349 4360
4356 4359 4346
4356 4346 4345
4362 4363 4361
4362 4361 4360
4362 4201 4200
4362 4200 4363
4362 4354 4188
4362 4188 4201
4362 4360 4349
4362 4349 4354
4364 4365 4366
4364 4366 4367
4364 4368 4369
4364 4369 4365
4364 4370 4371
4364 4371 4368
4364 4367 4372
4364 4372 4370
4373 4374 4369
4373 4369 4368
4373 4254 4257
4373 4257 4374
4373 4375 4255
4373 4255 4254
4373 4368 4371
4373 4371 4375
4376 4377 4378
4376 4378 4379
4376 4380 4381
4376 4381 4377
4376 4365 4369
4376 4369 4380
4376 4379 4366
4376 4366 4365
4382 4383 4381
4382 4381 4380
4382 4384 4385
4382 4385 4383
4382 4374 4257
4382 4257 4384
4382 4380 4369
4382 4369 4374
4386 4387 4388
4386 4388 4389
4386 4390 4391
4386 4391 4387
4386 4392 4393
4386 4393 4390
4386 4389 4394
4386 4394 4392
4395 4396 4391
4395 4391 4390
4395 4229 4228
4395 4228 4396
4395 4397 4234
4395 4234 4229
4395 4390 4393
4395 4393 4397
4398 4399 4274
4398 4274 4273
4398 4400 4401
4398 4401 4399
4402 4403 4404
4402 4404 4405
4402 4279 4278
4402 4278 4403
4406 4407 4401
4406 4401 4400
4406 4408 4409
4406 4409 4407
4410 4411 4412
4410 4412 4413
4410 4405 4404
4410 4404 4411
4414 4415 4416
4414 4416 4417
4414 4418 4419
4414 4419 4415
4414 4420 4421
4414 4421 4418
4414 4417 4422
4414 4422 4420
4423 4424 4419
4423 4419 4418
4423 4418 4421
4423 4421 4425
4426 4427 4428
4426 4428 4429
4426 4430 4431
4426 4431 4427
4426 4415 4419
4426 4419 4430
4426 4429 4416
4426 4416 4415
4432 4433 4431
4432 4431 4430
4432 4430 4419
4432 4419 4424
4434 4435 4113
4434 4113 4112
4434 4436 4437
4434 4437 4435
4434 4438 4439
4434 4439 4436
4434 4112 4114
4434 4114 4438
4440 4441 4437
4440 4437 4436
4440 4442 4443
4440 4443 4441
4440 4444 4445
4440 4445 4442
4440 4436 4439
4440 4439 4444
4446 4447 4120
4446 4120 4119
4446 4448 4449
4446 4449 4447
4446 4435 4437
4446 4437 4448
4446 4119 4113
4446 4113 4435
4450 4451 4449
4450 4449 4448
4450 4452 4453
4450 4453 4451
4450 4441 4443
4450 4443 4452
4450 4448 4437
4450 4437 4441
4454 4455 4456
4454 4456 4457
4454 4458 4459
4454 4459 4455
4460 4461 4459
4460 4459 4458
4462 4420 4422
4462 4422 4463
4462 4464 4421
4462 4421 4420
4462 4455 4459
4462 4459 4464
4462 4463 4456
4462 4456 4455
4465 4425 4421
4465 4421 4464
4465 4464 4459
4465 4459 4461
4466 4467 4193
4466 4193 4192
4466 4468 4469
4466 4469 4467
4466 4355 4351
4466 4351 4468
4466 4192 4194
4466 4194 4355
4470 4471 4469
4470 4469 4468
4470 4472 4473
4470 4473 4471
4470 4350 4352
4470 4352 4472
4470 4468 4351
4470 4351 4350
4474 4438 4114
4474 4114 4197
4474 4475 4439
4474 4439 4438
4474 4467 4469
4474 4469 4475
4474 4197 4193
4474 4193 4467
4476 4444 4439
4476 4439 4475
4476 4477 4445
4476 4445 4444
4476 4471 4473
4476 4473 4477
4476 4475 4469
4476 4469 4471
4289 4288 4478
4289 4478 4479
4271 4480 4478
4271 4478 4288
4271 4270 4481
4271 4481 4480
4482 4483 4484
4482 4484 4485
4482 4486 4487
4482 4487 4483
4482 4427 4431
4482 4431 4486
4482 4485 4428
4482 4428 4427
4488 4489 4487
4488 4487 4486
4488 4486 4431
4488 4431 4433
4490 4491 4492
4490 4492 4493
4490 4494 4495
4490 4495 4491
4496 4483 4487
4496 4487 4497
4496 4498 4484
4496 4484 4483
4499 4500 4495
4499 4495 4494
4501 4497 4487
4501 4487 4489
4502 4503 4301
4502 4301 4300
4502 4504 4505
4502 4505 4503
4502 4447 4449
4502 4449 4504
4502 4300 4120
4502 4120 4447
4506 4507 4505
4506 4505 4504
4506 4508 4509
4506 4509 4507
4506 4451 4453
4506 4453 4508
4506 4504 4449
4506 4449 4451
4510 4511 4215
4510 4215 4214
4510 4512 4513
4510 4513 4511
4510 4514 4515
4510 4515 4512
4510 4214 4217
4510 4217 4514
4516 4517 4513
4516 4513 4512
4516 4347 4346
4516 4346 4517
4516 4518 4352
4516 4352 4347
4516 4512 4515
4516 4515 4518
4519 4520 4225
4519 4225 4224
4519 4521 4522
4519 4522 4520
4519 4511 4513
4519 4513 4521
4519 4224 4215
4519 4215 4511
4523 4524 4522
4523 4522 4521
4523 4359 4358
4523 4358 4524
4523 4517 4346
4523 4346 4359
4523 4521 4513
4523 4513 4517
4525 4526 4267
4525 4267 4262
4525 4527 4528
4525 4528 4526
4525 4529 4530
4525 4530 4527
4525 4262 4261
4525 4261 4529
4531 4532 4528
4531 4528 4527
4531 4533 4534
4531 4534 4532
4531 4535 4536
4531 4536 4533
4531 4527 4530
4531 4530 4535
4537 4538 4539
4537 4539 4540
4537 4541 4542
4537 4542 4538
4537 4526 4528
4537 4528 4541
4537 4540 4267
4537 4267 4526
4543 4544 4542
4543 4542 4541
4543 4545 4546
4543 4546 4544
4543 4532 4534
4543 4534 4545
4543 4541 4528
4543 4528 4532
4547 4548 4247
4547 4247 4246
4547 4549 4550
4547 4550 4548
4547 4551 4552
4547 4552 4549
4547 4246 4249
4547 4249 4551
4553 4554 4550
4553 4550 4549
4553 4389 4388
4553 4388 4554
4553 4555 4394
4553 4394 4389
4553 4549 4552
4553 4552 4555
4556 4557 4295
4556 4295 4294
4556 4558 4559
4556 4559 4557
4560 4561 4562
4560 4562 4563
4560 4285 4284
4560 4284 4561
4564 4565 4559
4564 4559 4558
4564 4566 4567
4564 4567 4565
4568 4569 4570
4568 4570 4571
4568 4563 4562
4568 4562 4569
4572 4573 4574
4572 4574 4575
4572 4576 4577
4572 4577 4573
4578 4579 4574
4578 4574 4573
4578 4417 4416
4578 4416 4579
4578 4580 4422
4578 4422 4417
4578 4573 4577
4578 4577 4580
4581 4582 4583
4581 4583 4584
4581 4575 4574
4581 4574 4582
4585 4586 4583
4585 4583 4582
4585 4429 4428
4585 4428 4586
4585 4579 4416
4585 4416 4429
4585 4582 4574
4585 4574 4579
4587 4588 4589
4587 4589 4590
4587 4591 4592
4587 4592 4588
4587 4593 4594
4587 4594 4591
4587 4590 4595
4587 4595 4593
4596 4597 4592
4596 4592 4591
4596 4144 4138
4596 4138 4597
4596 4598 4145
4596 4145 4144
4596 4591 4594
4596 4594 4598
4599 4600 4601
4599 4601 4602
4599 4603 4604
4599 4604 4600
4599 4588 4592
4599 4592 4603
4599 4602 4589
4599 4589 4588
4605 4606 4604
4605 4604 4603
4605 4137 4139
4605 4139 4606
4605 4597 4138
4605 4138 4137
4605 4603 4592
4605 4592 4597
4607 4608 4609
4607 4609 4610
4611 4612 4609
4611 4609 4608
4611 4457 4456
4611 4456 4612
4613 4614 4577
4613 4577 4576
4613 4610 4609
4613 4609 4614
4615 4580 4577
4615 4577 4614
4615 4463 4422
4615 4422 4580
4615 4612 4456
4615 4456 4463
4615 4614 4609
4615 4609 4612
4616 4617 4618
4616 4618 4619
4616 4620 4621
4616 4621 4617
4616 4518 4515
4616 4515 4620
4616 4619 4352
4616 4352 4518
4622 4623 4621
4622 4621 4620
4622 4216 4211
4622 4211 4623
4622 4514 4217
4622 4217 4216
4622 4620 4515
4622 4515 4514
4624 4593 4595
4624 4595 4625
4624 4626 4594
4624 4594 4593
4624 4617 4621
4624 4621 4626
4624 4625 4618
4624 4618 4617
4627 4598 4594
4627 4594 4626
4627 4210 4145
4627 4145 4598
4627 4623 4211
4627 4211 4210
4627 4626 4621
4627 4621 4623
4329 4628 4629
4329 4629 4330
4630 4631 4481
4630 4481 4270
4630 4330 4629
4630 4629 4631
4632 4633 4634
4632 4634 4635
4632 4584 4583
4632 4583 4633
4636 4637 4634
4636 4634 4633
4636 4485 4484
4636 4484 4637
4636 4586 4428
4636 4428 4485
4636 4633 4583
4636 4583 4586
4638 4639 4640
4638 4640 4641
4642 4635 4634
4642 4634 4643
4644 4645 4640
4644 4640 4639
4644 4493 4492
4644 4492 4645
4646 4637 4484
4646 4484 4498
4646 4643 4634
4646 4634 4637
4647 4648 4649
4647 4649 4650
4647 4651 4652
4647 4652 4648
4647 4600 4604
4647 4604 4651
4647 4650 4601
4647 4601 4600
4653 4654 4652
4653 4652 4651
4653 4313 4314
4653 4314 4654
4653 4606 4139
4653 4139 4313
4653 4651 4604
4653 4604 4606
4655 4384 4257
4655 4257 4256
4655 4656 4385
4655 4385 4384
4655 4657 4658
4655 4658 4656
4655 4256 4258
4655 4258 4657
4659 4657 4258
4659 4258 4308
4659 4660 4658
4659 4658 4657
4659 4298 4301
4659 4301 4660
4659 4308 4299
4659 4299 4298
4661 4540 4539
4661 4539 4662
4661 4265 4267
4661 4267 4540
4661 4663 4266
4661 4266 4265
4661 4662 4664
4661 4664 4663
4665 4663 4664
4665 4664 4666
4665 4319 4266
4665 4266 4663
4665 4312 4311
4665 4311 4319
4665 4666 4314
4665 4314 4312
4667 4666 4664
4667 4664 4668
4667 4669 4314
4667 4314 4666
4667 4670 4671
4667 4671 4669
4667 4668 4672
4667 4672 4670
4673 4662 4539
4673 4539 4674
4673 4668 4664
4673 4664 4662
4673 4675 4672
4673 4672 4668
4673 4674 4676
4673 4676 4675
4677 4660 4301
4677 4301 4678
4677 4679 4658
4677 4658 4660
4677 4680 4681
4677 4681 4679
4677 4678 4682
4677 4682 4680
4683 4656 4658
4683 4658 4679
4683 4684 4385
4683 4385 4656
4683 4685 4686
4683 4686 4684
4683 4679 4681
4683 4681 4685
4687 4648 4652
4687 4652 4688
4687 4689 4649
4687 4649 4648
4687 4690 4691
4687 4691 4689
4687 4688 4692
4687 4692 4690
4693 4654 4314
4693 4314 4669
4693 4688 4652
4693 4652 4654
4693 4694 4692
4693 4692 4688
4693 4669 4671
4693 4671 4694
4695 4544 4546
4695 4546 4696
4695 4697 4542
4695 4542 4544
4695 4698 4699
4695 4699 4697
4700 4538 4542
4700 4542 4697
4700 4674 4539
4700 4539 4538
4700 4701 4676
4700 4676 4674
4700 4697 4699
4700 4699 4701
4702 4507 4509
4702 4509 4703
4702 4704 4505
4702 4505 4507
4702 4705 4706
4702 4706 4704
4702 4703 4707
4702 4707 4705
4708 4503 4505
4708 4505 4704
4708 4678 4301
4708 4301 4503
4708 4709 4682
4708 4682 4678
4708 4704 4706
4708 4706 4709
4710 4377 4381
4710 4381 4711
4710 4711 4712
4710 4712 4713
4714 4383 4385
4714 4385 4684
4714 4711 4381
4714 4381 4383
4714 4715 4712
4714 4712 4711
4714 4684 4686
4714 4686 4715
4716 4717 4718
4716 4718 4719
4716 4720 4721
4716 4721 4717
4722 4122 4126
4722 4126 4723
4722 4724 4123
4722 4123 4122
4725 4726 4727
4725 4727 4728
4725 4719 4718
4725 4718 4726
4729 4128 4130
4729 4130 4730
4729 4723 4126
4729 4126 4128
4731 4732 4733
4731 4733 4734
4731 4735 4736
4731 4736 4732
4737 4147 4151
4737 4151 4738
4737 4739 4148
4737 4148 4147
4740 4741 4742
4740 4742 4743
4740 4734 4733
4740 4733 4741
4744 4153 4155
4744 4155 4745
4744 4738 4151
4744 4151 4153
4746 4747 4748
4746 4748 4749
4746 4750 4751
4746 4751 4747
4752 4199 4203
4752 4203 4753
4752 4754 4200
4752 4200 4199
4755 4756 4721
4755 4721 4720
4755 4749 4748
4755 4748 4756
4757 4205 4123
4757 4123 4724
4757 4753 4203
4757 4203 4205
4758 4759 4760
4758 4760 4761
4758 4743 4742
4758 4742 4759
4762 4219 4221
4762 4221 4763
4762 4745 4155
4762 4155 4219
4764 4765 4766
4764 4766 4767
4764 4761 4760
4764 4760 4765
4768 4223 4225
4768 4225 4769
4768 4763 4221
4768 4221 4223
4770 4771 4252
4770 4252 4251
4772 4773 4774
4772 4774 4775
4772 4776 4777
4772 4777 4773
4770 4251 4255
4770 4255 4778
4779 4780 4781
4779 4781 4782
4783 4260 4264
4783 4264 4784
4783 4785 4261
4783 4261 4260
4786 4787 4305
4786 4305 4307
4788 4789 4790
4788 4790 4791
4788 4775 4774
4788 4774 4789
4786 4307 4252
4786 4252 4771
4792 4730 4130
4792 4130 4303
4793 4791 4790
4793 4790 4794
4792 4303 4305
4792 4305 4787
4795 4796 4797
4795 4797 4798
4795 4782 4781
4795 4781 4796
4799 4316 4318
4799 4318 4800
4799 4784 4264
4799 4264 4316
4801 4802 4736
4801 4736 4735
4801 4798 4797
4801 4797 4802
4803 4321 4148
4803 4148 4739
4803 4800 4318
4803 4318 4321
4804 4805 4806
4804 4806 4807
4804 4808 4809
4804 4809 4805
4810 4357 4361
4810 4361 4811
4810 4812 4358
4810 4358 4357
4813 4814 4751
4813 4751 4750
4813 4807 4806
4813 4806 4814
4815 4363 4200
4815 4200 4754
4815 4811 4361
4815 4361 4363
4816 4817 4371
4816 4371 4370
4818 4819 4820
4818 4820 4821
4818 4822 4823
4818 4823 4819
4816 4370 4372
4816 4372 4824
4825 4778 4255
4825 4255 4375
4826 4827 4777
4826 4777 4776
4826 4821 4820
4826 4820 4827
4825 4375 4371
4825 4371 4817
4828 4829 4830
4828 4830 4831
4828 4767 4766
4828 4766 4829
4832 4520 4522
4832 4522 4833
4832 4769 4225
4832 4225 4520
4834 4835 4809
4834 4809 4808
4834 4831 4830
4834 4830 4835
4836 4524 4358
4836 4358 4812
4836 4833 4522
4836 4522 4524
4837 4838 4530
4837 4530 4529
4839 4840 4841
4839 4841 4842
4839 4843 4844
4839 4844 4840
4837 4529 4261
4837 4261 4785
4845 4846 4536
4845 4536 4535
4847 4848 4849
4847 4849 4850
4847 4842 4841
4847 4841 4848
4845 4535 4530
4845 4530 4838
4423 4851 4852
4423 4852 4424
4423 4425 4853
4423 4853 4851
4432 4854 4855
4432 4855 4433
4432 4424 4852
4432 4852 4854
4454 4856 4857
4454 4857 4458
4454 4457 4858
4454 4858 4856
4460 4859 4860
4460 4860 4461
4460 4861 4862
4460 4862 4859
4460 4458 4857
4460 4857 4861
4465 4863 4853
4465 4853 4425
4465 4461 4860
4465 4860 4863
4286 4864 4865
4286 4865 4287
4286 4866 4867
4286 4867 4864
4289 4479 4868
4289 4868 4869
4268 4870 4871
4268 4871 4269
4268 4287 4865
4268 4865 4870
4488 4872 4873
4488 4873 4489
4488 4433 4855
4488 4855 4872
4499 4874 4875
4499 4875 4500
4501 4489 4873
4501 4873 4876
4572 4575 4877
4572 4877 4878
4572 4878 4879
4572 4879 4576
4581 4584 4880
4581 4880 4881
4581 4881 4877
4581 4877 4575
4607 4610 4882
4607 4882 4883
4607 4884 4885
4607 4885 4608
4607 4883 4886
4607 4886 4884
4611 4887 4858
4611 4858 4457
4611 4608 4885
4611 4885 4887
4613 4576 4879
4613 4879 4888
4613 4888 4882
4613 4882 4610
4328 4889 4890
4328 4890 4891
4328 4331 4892
4328 4892 4889
4329 4893 4894
4329 4894 4628
4895 4896 4892
4895 4892 4331
4895 4269 4871
4895 4871 4896
4632 4635 4897
4632 4897 4898
4632 4898 4880
4632 4880 4584
4638 4641 4899
4638 4899 4900
4642 4901 4897
4642 4897 4635
4695 4696 4902
4695 4902 4698
4710 4903 4378
4710 4378 4377
4710 4713 4904
4710 4904 4903
4716 4719 4163
4716 4163 4162
4716 4162 4164
4716 4164 4720
4905 4906 4907
4905 4907 4908
4905 4908 4909
4905 4909 4910
4725 4728 4170
4725 4170 4169
4725 4169 4163
4725 4163 4719
4911 4912 4913
4911 4913 4914
4911 4914 4907
4911 4907 4906
4731 4734 4178
4731 4178 4177
4731 4177 4179
4731 4179 4735
4915 4916 4917
4915 4917 4918
4915 4918 4919
4915 4919 4920
4740 4743 4185
4740 4185 4184
4740 4184 4178
4740 4178 4734
4921 4922 4923
4921 4923 4924
4921 4924 4917
4921 4917 4916
4746 4749 4233
4746 4233 4232
4746 4232 4234
4746 4234 4750
4925 4926 4927
4925 4927 4928
4925 4928 4929
4925 4929 4930
4755 4720 4164
4755 4164 4237
4755 4237 4233
4755 4233 4749
4931 4910 4909
4931 4909 4932
4931 4932 4927
4931 4927 4926
4758 4761 4243
4758 4243 4242
4758 4242 4185
4758 4185 4743
4933 4934 4935
4933 4935 4936
4933 4936 4923
4933 4923 4922
4764 4767 4249
4764 4249 4248
4764 4248 4243
4764 4243 4761
4937 4938 4939
4937 4939 4940
4937 4940 4935
4937 4935 4934
4941 4942 4943
4941 4943 4944
4941 4277 4281
4941 4281 4942
4941 4945 4278
4941 4278 4277
4941 4944 4946
4941 4946 4945
4779 4782 4292
4779 4292 4291
4779 4947 4948
4779 4948 4780
4779 4291 4295
4779 4295 4947
4949 4950 4951
4949 4951 4952
4949 4952 4844
4949 4844 4843
4953 4954 4955
4953 4955 4956
4953 4323 4325
4953 4325 4954
4953 4942 4281
4953 4281 4323
4953 4956 4943
4953 4943 4942
4793 4794 4913
4793 4913 4912
4957 4728 4727
4957 4727 4958
4957 4333 4170
4957 4170 4728
4957 4954 4325
4957 4325 4333
4957 4958 4955
4957 4955 4954
4795 4798 4340
4795 4340 4339
4795 4339 4292
4795 4292 4782
4959 4960 4961
4959 4961 4962
4959 4962 4951
4959 4951 4950
4801 4735 4179
4801 4179 4343
4801 4343 4340
4801 4340 4798
4963 4920 4919
4963 4919 4964
4963 4964 4961
4963 4961 4960
4804 4807 4393
4804 4393 4392
4804 4392 4394
4804 4394 4808
4965 4966 4967
4965 4967 4968
4965 4968 4969
4965 4969 4970
4813 4750 4234
4813 4234 4397
4813 4397 4393
4813 4393 4807
4971 4930 4929
4971 4929 4972
4971 4972 4967
4971 4967 4966
4973 4974 4975
4973 4975 4976
4973 4411 4404
4973 4404 4974
4973 4977 4412
4973 4412 4411
4973 4976 4978
4973 4978 4977
4979 4945 4946
4979 4946 4980
4979 4403 4278
4979 4278 4945
4979 4974 4404
4979 4404 4403
4979 4980 4975
4979 4975 4974
4828 4831 4552
4828 4552 4551
4828 4551 4249
4828 4249 4767
4981 4982 4983
4981 4983 4984
4981 4984 4939
4981 4939 4938
4834 4808 4394
4834 4394 4555
4834 4555 4552
4834 4552 4831
4985 4970 4969
4985 4969 4986
4985 4986 4983
4985 4983 4982
4987 4988 4989
4987 4989 4990
4987 4557 4559
4987 4559 4988
4987 4947 4295
4987 4295 4557
4987 4990 4948
4987 4948 4947
4991 4992 4993
4991 4993 4994
4991 4565 4567
4991 4567 4992
4991 4988 4559
4991 4559 4565
4991 4994 4989
4991 4989 4988
4770 4772 4775
4770 4775 4771
4770 4778 4776
4770 4776 4772
4786 4788 4791
4786 4791 4787
4786 4771 4775
4786 4775 4788
4792 4787 4791
4792 4791 4793
4816 4818 4821
4816 4821 4817
4816 4824 4822
4816 4822 4818
4825 4826 4776
4825 4776 4778
4825 4817 4821
4825 4821 4826
4837 4839 4842
4837 4842 4838
4837 4785 4843
4837 4843 4839
4845 4847 4850
4845 4850 4846
4845 4838 4842
4845 4842 4847
4722 4723 4906
4722 4906 4905
4722 4905 4910
4722 4910 4724
4729 4730 4912
4729 4912 4911
4729 4911 4906
4729 4906 4723
4737 4738 4916
4737 4916 4915
4737 4915 4920
4737 4920 4739
4744 4745 4922
4744 4922 4921
4744 4921 4916
4744 4916 4738
4752 4753 4926
4752 4926 4925
4752 4925 4930
4752 4930 4754
4757 4724 4910
4757 4910 4931
4757 4931 4926
4757 4926 4753
4762 4763 4934
4762 4934 4933
4762 4933 4922
4762 4922 4745
4768 4769 4938
4768 4938 4937
4768 4937 4934
4768 4934 4763
4783 4784 4950
4783 4950 4949
4783 4949 4843
4783 4843 4785
4792 4793 4912
4792 4912 4730
4799 4800 4960
4799 4960 4959
4799 4959 4950
4799 4950 4784
4803 4739 4920
4803 4920 4963
4803 4963 4960
4803 4960 4800
4810 4811 4966
4810 4966 4965
4810 4965 4970
4810 4970 4812
4815 4754 4930
4815 4930 4971
4815 4971 4966
4815 4966 4811
4832 4833 4982
4832 4982 4981
4832 4981 4938
4832 4938 4769
4836 4812 4970
4836 4970 4985
4836 4985 4982
4836 4982 4833
4895 4630 4270
4895 4270 4269
4895 4331 4330
4895 4330 4630
4286 4289 4869
4286 4869 4866
4328 4891 4893
4328 4893 4329
4276 4279 4273
4276 4273 4272
4290 4282 4285
4290 4285 4294
4402 4398 4273
4402 4273 4279
4402 4405 4400
4402 4400 4398
4410 4406 4400
4410 4400 4405
4410 4413 4408
4410 4408 4406
4556 4560 4563
4556 4563 4558
4556 4294 4285
4556 4285 4560
4564 4568 4571
4564 4571 4566
4564 4558 4563
4564 4563 4568
4280 4276 4272
4280 4272 4995
4280 4995 4326
4280 4326 4322
4996 4997 4326
4996 4326 4995
4272 4275 4996
4272 4996 4995
4293 4998 4282
4293 4282 4290
4293 4335 4338
4293 4338 4998
4282 4998 4999
4282 4999 4283
4999 4998 4338
4999 4338 5000
3841 5001 5002
3841 5002 3840
3843 5003 5004
3843 5004 3844
3845 5005 5006
3845 5006 3846
3840 5002 5007
3840 5007 3838
3846 5006 5008
3846 5008 3848
3838 5007 5009
3838 5009 3839
3834 5010 5011
3834 5011 3835
3833 5012 5013
3833 5013 3831
3848 5008 5014
3848 5014 3849
3844 5004 5005
3844 5005 3845
3835 5011 5015
3835 5015 3842
3847 5016 5001
3847 5001 3841
3832 5017 5010
3832 5010 3834
3831 5013 5017
3831 5017 3832
3842 5015 5003
3842 5003 3843
3839 5009 5018
3839 5018 3837
3837 5018 5019
3837 5019 3836
3836 5019 5012
3836 5012 3833
LABEL Hair
MATERIAL 6
TEXTURE 6
GEOM 1507 2852
-0.05274 0.59398 0.00331 -0.0824 -0.9900 -0.1147 0.36250 0.99620
-0.05867 0.59465 0.00204 -0.1532 -0.9799 -0.1277 0.36250 0.96110
-0.06151 0.59396 0.00936 -0.1923 -0.9662 -0.1714 0.33880 0.96110
-0.05536 0.59314 0.00979 -0.1189 -0.9782 -0.1704 0.33870 0.99620
-0.06650 0.59659 0.00053 -0.3212 -0.9339 -0.1569 0.36260 0.92610
-0.06954 0.59618 0.00898 -0.3618 -0.9165 -0.1703 0.33890 0.92610
-0.05497 0.59490 -0.00524 -0.1209 -0.9885 -0.0904 0.38620 0.96110
-0.06255 0.59662 -0.00787 -0.2879 -0.9464 -0.1463 0.38630 0.92610
-0.04937 0.59447 -0.00317 -0.0515 -0.9963 -0.0694 0.38620 0.99620
-0.07447 0.60048 -0.00057 -0.5369 -0.8185 -0.2044 0.36260 0.89100
-0.07761 0.60037 0.00904 -0.5720 -0.7998 -0.1819 0.33900 0.89100
-0.08149 0.60669 -0.00103 -0.7181 -0.6485 -0.2524 0.36270 0.85590
-0.08473 0.60700 0.00942 -0.7397 -0.6440 -0.1950 0.33910 0.85590
-0.07027 0.60030 -0.01007 -0.5026 -0.8332 -0.2306 0.38630 0.89100
-0.07718 0.60638 -0.01134 -0.6926 -0.6541 -0.3042 0.38630 0.85590
-0.05773 0.59644 -0.01581 -0.2569 -0.9545 -0.1513 0.40990 0.92610
-0.06509 0.59990 -0.01899 -0.4636 -0.8445 -0.2680 0.40990 0.89100
-0.07202 0.60605 -0.02134 -0.6507 -0.6627 -0.3707 0.41000 0.85590
-0.05910 0.59965 -0.02711 -0.4200 -0.8483 -0.3225 0.43360 0.89100
-0.06528 0.60506 -0.02994 -0.5839 -0.6751 -0.4509 0.43360 0.85590
-0.05230 0.59617 -0.02297 -0.2178 -0.9613 -0.1689 0.43360 0.92610
-0.04549 0.59477 -0.00943 -0.0224 -0.9989 -0.0406 0.40990 0.99620
-0.05058 0.59501 -0.01227 -0.0899 -0.9937 -0.0674 0.40990 0.96110
-0.04600 0.59503 -0.01857 -0.0548 -0.9964 -0.0645 0.43360 0.96110
-0.04138 0.59501 -0.01516 0.0056 -0.9995 -0.0313 0.43360 0.99620
-0.03682 0.59526 -0.02021 0.0187 -0.9994 -0.0280 0.45730 0.99620
-0.04092 0.59533 -0.02412 -0.0288 -0.9977 -0.0614 0.45730 0.96110
-0.04658 0.59620 -0.02915 -0.1765 -0.9669 -0.1845 0.45730 0.92610
-0.03557 0.59547 -0.02865 -0.0166 -0.9990 -0.0420 0.48090 0.96110
-0.04022 0.59609 -0.03419 -0.1404 -0.9723 -0.1866 0.48090 0.92610
-0.03205 0.59550 -0.02437 0.0269 -0.9996 -0.0004 0.48090 0.99620
-0.05240 0.59919 -0.03392 -0.3692 -0.8511 -0.3733 0.45730 0.89100
-0.05839 0.60528 -0.03788 -0.5231 -0.6615 -0.5374 0.45730 0.85590
-0.04529 0.59896 -0.03963 -0.3145 -0.8519 -0.4187 0.48090 0.89100
-0.05013 0.60459 -0.04406 -0.4471 -0.6606 -0.6031 0.48090 0.85590
-0.03361 0.59611 -0.03827 -0.0815 -0.9743 -0.2102 0.50460 0.92610
-0.03775 0.59871 -0.04424 -0.2395 -0.8580 -0.4544 0.50460 0.89100
-0.04223 0.60484 -0.04944 -0.3784 -0.6544 -0.6546 0.50460 0.85590
-0.03047 0.59920 -0.04795 -0.1900 -0.8584 -0.4766 0.52830 0.89100
-0.03353 0.60433 -0.05333 -0.2899 -0.6660 -0.6873 0.52830 0.85590
-0.02714 0.59663 -0.04153 -0.0651 -0.9739 -0.2172 0.52830 0.92610
-0.02690 0.59579 -0.02770 0.0584 -0.9982 0.0158 0.50460 0.99620
-0.02967 0.59542 -0.03222 0.0222 -0.9988 -0.0440 0.50460 0.96110
-0.02396 0.59595 -0.03509 0.0211 -0.9990 -0.0388 0.52830 0.96110
-0.02164 0.59609 -0.03027 0.0512 -0.9985 0.0178 0.52830 0.99620
-0.01616 0.59620 -0.03215 0.0132 -0.9994 0.0309 0.55190 0.99620
-0.01782 0.59602 -0.03715 -0.0033 -0.9999 -0.0165 0.55190 0.96110
-0.02004 0.59632 -0.04381 -0.0629 -0.9784 -0.1971 0.55190 0.92610
-0.01196 0.59597 -0.03853 0.0066 -0.9998 -0.0176 0.57560 0.96110
-0.01351 0.59653 -0.04547 -0.0286 -0.9785 -0.2040 0.57560 0.92610
-0.01083 0.59619 -0.03342 0.0136 -0.9991 0.0391 0.57560 0.99620
-0.02260 0.59910 -0.05068 -0.1534 -0.8655 -0.4768 0.55190 0.89100
-0.02485 0.60420 -0.05639 -0.2288 -0.6688 -0.7074 0.55190 0.85590
-0.01513 0.59899 -0.05249 -0.0934 -0.8715 -0.4814 0.57560 0.89100
-0.01659 0.60400 -0.05853 -0.1535 -0.6765 -0.7202 0.57560 0.85590
-0.00647 0.59659 -0.04627 -0.0076 -0.9799 -0.1993 0.59930 0.92610
-0.00725 0.59897 -0.05348 -0.0362 -0.8778 -0.4777 0.59930 0.89100
-0.00797 0.60392 -0.05972 -0.0665 -0.6840 -0.7264 0.59930 0.85590
0.00030 0.59901 -0.05369 -0.0009 -0.8798 -0.4753 0.62290 0.89100
0.00029 0.60394 -0.06001 0.0001 -0.6879 -0.7258 0.62290 0.85590
0.00031 0.59662 -0.04641 -0.0013 -0.9808 -0.1949 0.62290 0.92610
-0.00517 0.59631 -0.03401 0.0182 -0.9989 0.0440 0.59930 0.99620
-0.00572 0.59607 -0.03920 0.0114 -0.9998 -0.0166 0.59930 0.96110
0.00031 0.59613 -0.03932 -0.0010 -0.9999 -0.0123 0.62290 0.96110
0.00032 0.59639 -0.03415 -0.0008 -0.9989 0.0474 0.62290 0.99620
-0.03613 0.56329 0.09855 -0.1122 -0.9934 0.0256 0.07860 0.96110
-0.03260 0.56289 0.10141 -0.0730 -0.9968 0.0326 0.05490 0.96110
-0.02931 0.56316 0.09764 -0.0213 -0.9996 -0.0203 0.05490 0.99620
-0.03179 0.56302 0.09409 -0.0429 -0.9985 -0.0347 0.07860 0.99620
-0.04220 0.56427 0.10155 -0.2997 -0.9313 0.2069 0.07860 0.92610
-0.03803 0.56420 0.10479 -0.2214 -0.9536 0.2039 0.05490 0.92610
-0.04198 0.56379 0.09141 -0.1886 -0.9809 -0.0479 0.10230 0.96110
-0.04909 0.56611 0.09505 -0.3975 -0.9125 0.0970 0.10230 0.92610
-0.03739 0.56383 0.08886 -0.0878 -0.9914 -0.0973 0.10230 0.99620
-0.04837 0.56773 0.10274 -0.5456 -0.7227 0.4242 0.07860 0.89100
-0.04412 0.56738 0.10652 -0.4479 -0.7676 0.4584 0.05490 0.89100
-0.05416 0.57388 0.10219 -0.7148 -0.3912 0.5797 0.07860 0.85590
-0.04969 0.57300 0.10627 -0.6406 -0.4539 0.6193 0.05490 0.85590
-0.05557 0.56976 0.09527 -0.6308 -0.7229 0.2821 0.10230 0.89100
-0.06089 0.57651 0.09408 -0.7930 -0.3818 0.4748 0.10230 0.85590
-0.05570 0.56914 0.08532 -0.4721 -0.8810 -0.0317 0.12590 0.92610
-0.06267 0.57360 0.08656 -0.7030 -0.6902 0.1717 0.12590 0.89100
-0.06762 0.58085 0.08509 -0.8440 -0.3867 0.3715 0.12590 0.85590
-0.06848 0.57875 0.07648 -0.7428 -0.6687 0.0323 0.14960 0.89100
-0.07336 0.58651 0.07657 -0.8648 -0.4240 0.2688 0.14960 0.85590
-0.06219 0.57387 0.07584 -0.5351 -0.8340 -0.1347 0.14960 0.92610
-0.04326 0.56566 0.08100 -0.1622 -0.9655 -0.2039 0.12590 0.99620
-0.04861 0.56615 0.08317 -0.2876 -0.9476 -0.1388 0.12590 0.96110
-0.05449 0.57013 0.07427 -0.3591 -0.9037 -0.2331 0.14960 0.96110
-0.04888 0.56914 0.07261 -0.2448 -0.9254 -0.2893 0.14960 0.99620
-0.05298 0.57346 0.06385 -0.3019 -0.8882 -0.3465 0.17330 0.99620
-0.05893 0.57495 0.06529 -0.3936 -0.8675 -0.3043 0.17330 0.96110
-0.06677 0.57911 0.06649 -0.5653 -0.7984 -0.2074 0.17330 0.92610
-0.06211 0.58000 0.05657 -0.3974 -0.8558 -0.3313 0.19690 0.96110
-0.06950 0.58350 0.05766 -0.5576 -0.7960 -0.2354 0.19690 0.92610
-0.05586 0.57812 0.05510 -0.3313 -0.8703 -0.3645 0.19690 0.99620
-0.07309 0.58464 0.06713 -0.7549 -0.6545 -0.0429 0.17330 0.89100
-0.07822 0.59255 0.06813 -0.8563 -0.4894 0.1649 0.17330 0.85590
-0.07668 0.58978 0.05890 -0.7340 -0.6764 -0.0612 0.19690 0.89100
-0.08230 0.59734 0.06083 -0.8293 -0.5432 0.1312 0.19690 0.85590
-0.07178 0.58769 0.04955 -0.5316 -0.8169 -0.2236 0.22060 0.92610
-0.07934 0.59325 0.05122 -0.6909 -0.7192 -0.0737 0.22060 0.89100
-0.08589 0.60067 0.05412 -0.8199 -0.5646 0.0944 0.22060 0.85590
-0.08176 0.59614 0.04368 -0.6731 -0.7306 -0.1149 0.24430 0.89100
-0.08819 0.60339 0.04705 -0.8130 -0.5818 0.0234 0.24430 0.85590
-0.07313 0.59068 0.04151 -0.4973 -0.8408 -0.2137 0.24430 0.92610
-0.05769 0.58240 0.04661 -0.3231 -0.8835 -0.3390 0.22060 0.99620
-0.06400 0.58411 0.04813 -0.3822 -0.8691 -0.3141 0.22060 0.96110
-0.06510 0.58736 0.03988 -0.3574 -0.8918 -0.2775 0.24430 0.96110
-0.05869 0.58575 0.03835 -0.2947 -0.9069 -0.3012 0.24430 0.99620
-0.05902 0.58842 0.03053 -0.2564 -0.9285 -0.2686 0.26790 0.99620
-0.06546 0.58984 0.03181 -0.3328 -0.9070 -0.2581 0.26790 0.96110
-0.07374 0.59303 0.03329 -0.4781 -0.8493 -0.2238 0.26790 0.92610
-0.06473 0.59163 0.02401 -0.2996 -0.9281 -0.2210 0.29150 0.96110
-0.07323 0.59528 0.02487 -0.4540 -0.8716 -0.1847 0.29160 0.92610
-0.05838 0.59043 0.02306 -0.2116 -0.9487 -0.2350 0.29150 0.99620
-0.08187 0.59813 0.03581 -0.6390 -0.7530 -0.1570 0.26790 0.89100
-0.08903 0.60513 0.03914 -0.7906 -0.6089 -0.0641 0.26800 0.85590
-0.08136 0.59968 0.02718 -0.6108 -0.7747 -0.1637 0.29160 0.89100
-0.08912 0.60602 0.03012 -0.7820 -0.6064 -0.1443 0.29170 0.85590
-0.07173 0.59551 0.01733 -0.4093 -0.8985 -0.1588 0.31530 0.92610
-0.08004 0.60018 0.01836 -0.5956 -0.7872 -0.1600 0.31530 0.89100
-0.08710 0.60689 0.02009 -0.7642 -0.6237 -0.1644 0.31540 0.85590
-0.05731 0.59193 0.01622 -0.1644 -0.9642 -0.2081 0.31510 0.99620
-0.06363 0.59296 0.01666 -0.2475 -0.9500 -0.1906 0.31520 0.96110
-0.08232 0.61382 -0.01189 -0.8139 -0.4570 -0.3587 0.38630 0.82080
-0.08689 0.61420 -0.00051 -0.8323 -0.4721 -0.2904 0.36270 0.82080
-0.09078 0.61413 0.01129 -0.8538 -0.4826 -0.1953 0.33910 0.82080
-0.09086 0.62159 0.00133 -0.9152 -0.2557 -0.3116 0.36270 0.78580
-0.09467 0.62210 0.01411 -0.9463 -0.2625 -0.1888 0.33910 0.78580
-0.08605 0.62103 -0.01060 -0.8856 -0.2456 -0.3942 0.38630 0.78580
-0.09308 0.62937 0.00378 -0.9533 -0.0879 -0.2891 0.36270 0.75070
-0.09593 0.63082 0.01642 -0.9809 -0.0596 -0.1850 0.33910 0.75070
-0.09401 0.63830 0.00680 -0.9688 0.0382 -0.2450 0.36270 0.71560
-0.09640 0.63869 0.01959 -0.9834 0.0550 -0.1731 0.33910 0.71560
-0.08793 0.62903 -0.00856 -0.9101 -0.1005 -0.4020 0.38640 0.75070
-0.09010 0.63736 -0.00593 -0.9220 0.0285 -0.3861 0.38640 0.71560
-0.08220 0.62857 -0.02010 -0.8623 -0.0594 -0.5029 0.41000 0.75070
-0.08029 0.62121 -0.02199 -0.8508 -0.2087 -0.4822 0.41000 0.78580
-0.08414 0.63704 -0.01786 -0.8571 0.0540 -0.5124 0.41000 0.71560
-0.07520 0.62803 -0.03095 -0.8033 -0.0108 -0.5954 0.43360 0.75070
-0.07598 0.63648 -0.02876 -0.7948 0.0942 -0.5995 0.43360 0.71560
-0.07369 0.62011 -0.03220 -0.7850 -0.2045 -0.5848 0.43360 0.78580
-0.07701 0.61334 -0.02249 -0.7789 -0.4492 -0.4377 0.41000 0.82080
-0.07042 0.61282 -0.03236 -0.7059 -0.4490 -0.5478 0.43360 0.82080
-0.06261 0.61239 -0.04036 -0.6235 -0.4530 -0.6372 0.45730 0.82080
-0.06562 0.62037 -0.04143 -0.6929 -0.1983 -0.6932 0.45730 0.78580
-0.05434 0.61205 -0.04740 -0.5349 -0.4639 -0.7062 0.48090 0.82080
-0.05705 0.61998 -0.04903 -0.6067 -0.2183 -0.7644 0.48090 0.78580
-0.06725 0.62770 -0.04063 -0.7213 0.0028 -0.6926 0.45730 0.75070
-0.06769 0.63654 -0.03917 -0.7208 0.1214 -0.6825 0.45730 0.71560
-0.05785 0.62711 -0.04888 -0.6329 -0.0059 -0.7742 0.48090 0.75070
-0.05854 0.63621 -0.04772 -0.6366 0.1265 -0.7608 0.48090 0.71560
-0.04790 0.61949 -0.05546 -0.5131 -0.2493 -0.8213 0.50460 0.78580
-0.04845 0.62685 -0.05600 -0.5434 -0.0240 -0.8391 0.50460 0.75070
-0.04893 0.63612 -0.05509 -0.5553 0.1228 -0.8226 0.50460 0.71560
-0.03937 0.62746 -0.06109 -0.4408 -0.0436 -0.8965 0.52830 0.75070
-0.03926 0.63608 -0.06083 -0.4532 0.1161 -0.8838 0.52830 0.71560
-0.03836 0.61933 -0.06052 -0.4006 -0.2753 -0.8739 0.52830 0.78580
-0.03642 0.61146 -0.05780 -0.3478 -0.4888 -0.8000 0.52830 0.82080
-0.04531 0.61163 -0.05263 -0.4521 -0.4821 -0.7505 0.50460 0.82080
-0.02673 0.61155 -0.06058 -0.2694 -0.4913 -0.8283 0.55190 0.82080
-0.02847 0.61919 -0.06412 -0.3059 -0.3015 -0.9031 0.55190 0.78580
-0.01783 0.61110 -0.06356 -0.1883 -0.4992 -0.8458 0.57560 0.82080
-0.01879 0.61898 -0.06691 -0.2109 -0.3179 -0.9244 0.57560 0.78580
-0.02939 0.62699 -0.06545 -0.3374 -0.0728 -0.9386 0.55190 0.75070
-0.02955 0.63611 -0.06510 -0.3451 0.1113 -0.9320 0.55190 0.71560
-0.01958 0.62712 -0.06845 -0.2239 -0.0776 -0.9715 0.57560 0.75070
-0.01979 0.63629 -0.06797 -0.2237 0.1144 -0.9679 0.57560 0.71560
-0.00901 0.61894 -0.06851 -0.1041 -0.3194 -0.9419 0.59930 0.78580
-0.01002 0.62685 -0.06997 -0.1121 -0.0762 -0.9908 0.59930 0.75070
-0.00988 0.63597 -0.06963 -0.1050 0.1136 -0.9880 0.59930 0.71560
0.00026 0.62635 -0.07061 0.0004 -0.0802 -0.9968 0.62290 0.75070
0.00025 0.63589 -0.07013 0.0001 0.1137 -0.9935 0.62290 0.71560
0.00027 0.61886 -0.06905 0.0008 -0.3228 -0.9465 0.62290 0.78580
0.00028 0.61103 -0.06540 0.0009 -0.5111 -0.8595 0.62290 0.82080
-0.00854 0.61105 -0.06438 -0.0886 -0.5081 -0.8567 0.59930 0.82080
-0.05813 0.58207 0.10043 -0.7615 -0.1467 0.6313 0.07860 0.82080
-0.05396 0.58069 0.10456 -0.7091 -0.1648 0.6856 0.05490 0.82080
-0.06033 0.59137 0.09866 -0.7516 -0.0601 0.6569 0.07860 0.78580
-0.05664 0.58979 0.10245 -0.7131 -0.0377 0.7000 0.05490 0.78580
-0.06437 0.58523 0.09246 -0.8171 -0.1659 0.5521 0.10230 0.82080
-0.06618 0.59517 0.09150 -0.7902 -0.1209 0.6009 0.10230 0.78580
-0.06157 0.60150 0.09797 -0.7315 -0.1072 0.6734 0.07860 0.75070
-0.05807 0.59958 0.10122 -0.7065 -0.0651 0.7047 0.05490 0.75070
-0.06220 0.61116 0.09929 -0.7175 -0.1554 0.6790 0.07860 0.71560
-0.05911 0.60928 0.10199 -0.7061 -0.1485 0.6924 0.05490 0.71560
-0.06741 0.60513 0.09218 -0.7547 -0.1514 0.6384 0.10230 0.75070
-0.06784 0.61470 0.09419 -0.7394 -0.1488 0.6566 0.10230 0.71560
-0.07254 0.60017 0.08426 -0.7937 -0.1882 0.5785 0.12590 0.78580
-0.07357 0.60991 0.08636 -0.7649 -0.1784 0.6189 0.12590 0.75070
-0.07356 0.61905 0.08844 -0.7516 -0.1352 0.6456 0.12590 0.71560
-0.07940 0.61501 0.08068 -0.7780 -0.1886 0.5992 0.14960 0.75070
-0.07928 0.62365 0.08271 -0.7541 -0.1335 0.6431 0.14960 0.71560
-0.07840 0.60551 0.07826 -0.8072 -0.2328 0.5425 0.14960 0.78580
-0.07062 0.59023 0.08389 -0.8333 -0.2067 0.5128 0.12590 0.82080
-0.07684 0.59584 0.07637 -0.8509 -0.2904 0.4377 0.14960 0.82080
-0.08205 0.60132 0.06990 -0.8618 -0.3539 0.3633 0.17330 0.82080
-0.08366 0.61069 0.07260 -0.8324 -0.2553 0.4918 0.17330 0.78580
-0.08644 0.60596 0.06389 -0.8736 -0.3746 0.3106 0.19690 0.82080
-0.08817 0.61477 0.06680 -0.8774 -0.2564 0.4055 0.19690 0.78580
-0.08456 0.61933 0.07508 -0.8101 -0.1965 0.5524 0.17330 0.75070
-0.08496 0.62760 0.07710 -0.7934 -0.1267 0.5954 0.17330 0.71560
-0.08909 0.62310 0.06929 -0.8688 -0.1890 0.4577 0.19690 0.75070
-0.08908 0.63104 0.07145 -0.8571 -0.0992 0.5055 0.19690 0.71560
-0.09121 0.61800 0.06030 -0.9020 -0.2629 0.3423 0.22060 0.78580
-0.09272 0.62627 0.06317 -0.9122 -0.1511 0.3808 0.22060 0.75070
-0.09242 0.63355 0.06537 -0.9162 -0.0618 0.3959 0.22060 0.71560
-0.09530 0.62812 0.05625 -0.9513 -0.1036 0.2902 0.24430 0.75070
-0.09479 0.63598 0.05867 -0.9548 -0.0233 0.2964 0.24430 0.71560
-0.09521 0.61974 0.05344 -0.9354 -0.2447 0.2551 0.24430 0.78580
-0.08997 0.60940 0.05757 -0.8907 -0.3812 0.2477 0.22060 0.82080
-0.09237 0.61179 0.05035 -0.8958 -0.4113 0.1683 0.24430 0.82080
-0.09481 0.61303 0.04265 -0.9145 -0.4037 0.0265 0.26800 0.82080
-0.09637 0.62159 0.04556 -0.9749 -0.2045 0.0875 0.26800 0.78580
-0.09385 0.61400 0.03317 -0.9030 -0.4165 -0.1052 0.29170 0.82080
-0.09710 0.62254 0.03644 -0.9779 -0.2066 -0.0332 0.29170 0.78580
-0.09759 0.63040 0.04839 -0.9883 -0.0602 0.1399 0.26800 0.75070
-0.09690 0.63801 0.05097 -0.9830 0.0096 0.1835 0.26800 0.71560
-0.09779 0.63073 0.03899 -0.9970 -0.0735 0.0243 0.29170 0.75070
-0.09795 0.63922 0.04212 -0.9978 0.0271 0.0601 0.29170 0.71560
-0.09651 0.62273 0.02579 -0.9640 -0.2434 -0.1069 0.31540 0.78580
-0.09772 0.63094 0.02849 -0.9943 -0.0661 -0.0836 0.31540 0.75070
-0.09840 0.63913 0.03133 -0.9972 0.0376 -0.0651 0.31540 0.71560
-0.09231 0.61472 0.02256 -0.8794 -0.4560 -0.1366 0.31540 0.82080
-0.09361 0.64699 0.01012 -0.9703 0.1071 -0.2170 0.36270 0.68050
-0.09596 0.64757 0.02264 -0.9808 0.1045 -0.1647 0.33910 0.68050
-0.09315 0.65651 0.01371 -0.9690 0.1199 -0.2161 0.36270 0.64550
-0.09606 0.65707 0.02612 -0.9838 0.1011 -0.1478 0.33910 0.64550
-0.09056 0.64638 -0.00281 -0.9244 0.1271 -0.3597 0.38630 0.68050
-0.09034 0.65637 0.00064 -0.9293 0.1519 -0.3368 0.38630 0.64550
-0.09246 0.66775 0.01716 -0.9677 0.1230 -0.2200 0.36270 0.61040
-0.09515 0.66781 0.02969 -0.9850 0.1011 -0.1401 0.33910 0.61040
-0.09179 0.68061 0.02003 -0.9707 0.0959 -0.2203 0.36270 0.57530
-0.09443 0.68037 0.03278 -0.9865 0.0805 -0.1424 0.33910 0.57530
-0.08944 0.66774 0.00412 -0.9314 0.1504 -0.3316 0.38630 0.61040
-0.08838 0.68110 0.00676 -0.9338 0.1133 -0.3393 0.38630 0.57530
-0.08418 0.65649 -0.01146 -0.8489 0.1826 -0.4959 0.41000 0.64550
-0.08325 0.66822 -0.00802 -0.8520 0.1848 -0.4898 0.41000 0.61040
-0.08222 0.68187 -0.00546 -0.8639 0.1238 -0.4882 0.41000 0.57530
-0.07580 0.66863 -0.01918 -0.7877 0.1978 -0.5834 0.43360 0.61040
-0.07470 0.68283 -0.01662 -0.7977 0.1229 -0.5904 0.43360 0.57530
-0.07683 0.65654 -0.02262 -0.7874 0.2015 -0.5825 0.43360 0.64550
-0.08379 0.64615 -0.01487 -0.8470 0.1540 -0.5088 0.41000 0.68050
-0.07664 0.64606 -0.02609 -0.7879 0.1664 -0.5929 0.43360 0.68050
-0.06810 0.64596 -0.03630 -0.7117 0.1928 -0.6755 0.45730 0.68050
-0.06808 0.65669 -0.03282 -0.7022 0.2290 -0.6741 0.45730 0.64550
-0.05862 0.64585 -0.04511 -0.6325 0.2198 -0.7427 0.48090 0.68050
-0.05813 0.65690 -0.04172 -0.6302 0.2453 -0.7366 0.48090 0.64550
-0.06723 0.66917 -0.02933 -0.7085 0.2055 -0.6751 0.45730 0.61040
-0.06605 0.68393 -0.02675 -0.7174 0.1270 -0.6850 0.45730 0.57530
-0.05704 0.66987 -0.03838 -0.6355 0.2086 -0.7434 0.48090 0.61040
-0.05630 0.68498 -0.03566 -0.6416 0.1315 -0.7557 0.48090 0.57530
-0.04845 0.65728 -0.04942 -0.5638 0.2507 -0.7870 0.50460 0.64550
-0.04746 0.67037 -0.04592 -0.5703 0.2146 -0.7929 0.50460 0.61040
-0.04643 0.68597 -0.04318 -0.5699 0.1376 -0.8101 0.50460 0.57530
-0.03785 0.67087 -0.05203 -0.4787 0.2190 -0.8502 0.52830 0.61040
-0.03673 0.68675 -0.04918 -0.4813 0.1450 -0.8645 0.52830 0.57530
-0.03876 0.65747 -0.05554 -0.4672 0.2515 -0.8476 0.52830 0.64550
-0.04891 0.64597 -0.05271 -0.5572 0.2239 -0.7996 0.50460 0.68050
-0.03917 0.64604 -0.05866 -0.4583 0.2222 -0.8606 0.52830 0.68050
-0.02943 0.64614 -0.06309 -0.3468 0.2200 -0.9118 0.55190 0.68050
-0.02905 0.65777 -0.06002 -0.3542 0.2504 -0.9010 0.55190 0.64550
-0.01970 0.64641 -0.06604 -0.2231 0.2197 -0.9497 0.57560 0.68050
-0.01937 0.65815 -0.06297 -0.2270 0.2500 -0.9413 0.57560 0.64550
-0.02842 0.67123 -0.05655 -0.3648 0.2189 -0.9050 0.55190 0.61040
-0.02760 0.68735 -0.05360 -0.3664 0.1510 -0.9181 0.55190 0.57530
-0.01904 0.67158 -0.05954 -0.2332 0.2185 -0.9476 0.57560 0.61040
-0.01834 0.68782 -0.05648 -0.2296 0.1563 -0.9607 0.57560 0.57530
-0.00963 0.65790 -0.06466 -0.1027 0.2498 -0.9628 0.59930 0.64550
-0.00940 0.67152 -0.06122 -0.1034 0.2200 -0.9700 0.59930 0.61040
-0.00903 0.68788 -0.05804 -0.0977 0.1621 -0.9819 0.59930 0.57530
0.00022 0.67137 -0.06170 -0.0002 0.2211 -0.9752 0.62290 0.61040
0.00021 0.68766 -0.05839 -0.0003 0.1653 -0.9862 0.62290 0.57530
0.00023 0.65777 -0.06516 -0.0002 0.2497 -0.9683 0.62290 0.64550
-0.00982 0.64611 -0.06773 -0.1025 0.2183 -0.9705 0.59930 0.68050
0.00024 0.64601 -0.06824 -0.0001 0.2182 -0.9759 0.62290 0.68050
-0.06292 0.62047 0.10084 -0.7237 -0.1515 0.6732 0.07860 0.68050
-0.05992 0.61873 0.10351 -0.7106 -0.1627 0.6845 0.05490 0.68050
-0.06362 0.62938 0.10196 -0.7363 -0.1352 0.6630 0.07860 0.64550
-0.06088 0.62787 0.10465 -0.7214 -0.1443 0.6773 0.05490 0.64550
-0.06803 0.62364 0.09578 -0.7472 -0.1310 0.6516 0.10230 0.68050
-0.06851 0.63239 0.09689 -0.7570 -0.1243 0.6415 0.10230 0.64550
-0.06447 0.63820 0.10280 -0.7357 -0.1362 0.6635 0.07860 0.61040
-0.06177 0.63701 0.10546 -0.7193 -0.1330 0.6818 0.05490 0.61040
-0.06565 0.64769 0.10356 -0.7190 -0.1444 0.6798 0.07860 0.57530
-0.06280 0.64669 0.10614 -0.6962 -0.1338 0.7053 0.05490 0.57530
-0.06904 0.64088 0.09784 -0.7602 -0.1446 0.6333 0.10230 0.61040
-0.07036 0.65018 0.09885 -0.7555 -0.1573 0.6359 0.10230 0.57530
-0.07373 0.63593 0.09124 -0.7521 -0.1232 0.6475 0.12590 0.64550
-0.07418 0.64428 0.09240 -0.7591 -0.1447 0.6346 0.12590 0.61040
-0.07522 0.65383 0.09374 -0.7728 -0.1503 0.6166 0.12590 0.57530
-0.07923 0.64795 0.08736 -0.7711 -0.1282 0.6237 0.14960 0.61040
-0.07955 0.65796 0.08909 -0.7886 -0.1301 0.6010 0.14960 0.57530
-0.07928 0.63957 0.08580 -0.7570 -0.1182 0.6426 0.14960 0.64550
-0.07357 0.62777 0.09000 -0.7523 -0.1202 0.6477 0.12590 0.68050
-0.07909 0.63165 0.08438 -0.7489 -0.1154 0.6525 0.14960 0.68050
-0.08438 0.63541 0.07888 -0.7887 -0.0930 0.6077 0.17330 0.68050
-0.08382 0.64319 0.08066 -0.7971 -0.0963 0.5962 0.17330 0.64550
-0.08852 0.63875 0.07344 -0.8497 -0.0684 0.5228 0.19690 0.68050
-0.08789 0.64678 0.07543 -0.8459 -0.0723 0.5284 0.19690 0.64550
-0.08356 0.65185 0.08262 -0.8079 -0.1044 0.5800 0.17330 0.61040
-0.08326 0.66228 0.08484 -0.8143 -0.1182 0.5684 0.17330 0.57530
-0.08707 0.65573 0.07777 -0.8457 -0.0890 0.5262 0.19690 0.61040
-0.08684 0.66663 0.08045 -0.8456 -0.1131 0.5217 0.19690 0.57530
-0.09117 0.64980 0.07001 -0.9073 -0.0465 0.4179 0.22060 0.64550
-0.09049 0.65930 0.07258 -0.9011 -0.0725 0.4274 0.22060 0.61040
-0.09017 0.67068 0.07553 -0.8985 -0.0929 0.4291 0.22060 0.57530
-0.09298 0.66244 0.06663 -0.9587 -0.0448 0.2810 0.24430 0.61040
-0.09276 0.67408 0.06978 -0.9529 -0.0683 0.2955 0.24430 0.57530
-0.09340 0.65292 0.06378 -0.9583 -0.0098 0.2856 0.24430 0.64550
-0.09179 0.64167 0.06767 -0.9134 -0.0421 0.4049 0.22060 0.68050
-0.09424 0.64402 0.06110 -0.9557 -0.0077 0.2944 0.24430 0.68050
-0.09727 0.64752 0.04489 -0.9947 0.0636 0.0806 0.29170 0.68050
-0.09617 0.64627 0.05366 -0.9804 0.0282 0.1948 0.26800 0.68050
-0.09522 0.65482 0.05644 -0.9808 0.0271 0.1930 0.26800 0.64550
-0.09643 0.65655 0.04796 -0.9944 0.0543 0.0912 0.29170 0.64550
-0.09425 0.66512 0.05950 -0.9837 -0.0256 0.1781 0.26800 0.61040
-0.09474 0.67689 0.06278 -0.9848 -0.0391 0.1692 0.26800 0.57530
-0.09574 0.66672 0.05111 -0.9964 0.0095 0.0841 0.29170 0.61040
-0.09584 0.67883 0.05440 -0.9984 0.0069 0.0558 0.29170 0.57530
-0.09598 0.66751 0.04127 -0.9979 0.0589 -0.0273 0.31540 0.61040
-0.09674 0.65709 0.03778 -0.9968 0.0772 -0.0227 0.31540 0.64550
-0.09558 0.67995 0.04440 -0.9974 0.0524 -0.0491 0.31540 0.57530
-0.09741 0.64809 0.03443 -0.9953 0.0859 -0.0436 0.31540 0.68050
-0.09106 0.69536 0.02180 -0.9686 0.0939 -0.2304 0.36270 0.54020
-0.09341 0.69487 0.03485 -0.9855 0.0740 -0.1526 0.33910 0.54020
-0.08943 0.71279 0.02257 -0.9568 0.1455 -0.2519 0.36270 0.50520
-0.09252 0.71177 0.03597 -0.9782 0.1226 -0.1674 0.33910 0.50520
-0.08726 0.69635 0.00830 -0.9321 0.1113 -0.3447 0.38630 0.54020
-0.08484 0.71394 0.00920 -0.9237 0.1609 -0.3477 0.38630 0.50520
-0.08594 0.73072 0.02302 -0.9400 0.2221 -0.2590 0.36270 0.47010
-0.08950 0.72917 0.03663 -0.9602 0.2147 -0.1786 0.33910 0.47010
-0.08127 0.74845 0.02369 -0.9271 0.2736 -0.2560 0.36270 0.43500
-0.08471 0.74692 0.03723 -0.9456 0.2698 -0.1818 0.33910 0.43500
-0.08113 0.73263 0.00968 -0.9118 0.2229 -0.3447 0.38630 0.47010
-0.07653 0.75040 0.01061 -0.8969 0.2811 -0.3414 0.38630 0.43500
-0.07927 0.71537 -0.00314 -0.8795 0.1601 -0.4483 0.41000 0.50520
-0.07541 0.73446 -0.00245 -0.8704 0.2238 -0.4384 0.41000 0.47010
-0.07090 0.75211 -0.00105 -0.8577 0.2841 -0.4285 0.41000 0.43500
-0.06857 0.73621 -0.01338 -0.8072 0.2198 -0.5479 0.43360 0.47010
-0.06435 0.75417 -0.01135 -0.8039 0.2781 -0.5258 0.43360 0.43500
-0.07259 0.71709 -0.01430 -0.8109 0.1505 -0.5655 0.43360 0.50520
-0.07432 0.69904 -0.01529 -0.8059 0.0948 -0.5845 0.43360 0.54020
-0.08134 0.69765 -0.00410 -0.8757 0.1080 -0.4706 0.41000 0.54020
-0.06534 0.70067 -0.02548 -0.7172 0.0928 -0.6906 0.45730 0.54020
-0.06392 0.71903 -0.02426 -0.7226 0.1369 -0.6776 0.45730 0.50520
-0.05540 0.70236 -0.03437 -0.6400 0.0957 -0.7624 0.48090 0.54020
-0.05403 0.72123 -0.03297 -0.6452 0.1244 -0.7538 0.48090 0.50520
-0.06065 0.73822 -0.02292 -0.7330 0.2055 -0.6485 0.45730 0.47010
-0.05657 0.75604 -0.02056 -0.7449 0.2617 -0.6137 0.45730 0.43500
-0.05184 0.74039 -0.03120 -0.6621 0.1863 -0.7259 0.48090 0.47010
-0.04882 0.75797 -0.02855 -0.6802 0.2436 -0.6914 0.48090 0.43500
-0.04449 0.72319 -0.04010 -0.5686 0.1173 -0.8142 0.50460 0.50520
-0.04273 0.74242 -0.03815 -0.5806 0.1709 -0.7960 0.50460 0.47010
-0.04046 0.75986 -0.03527 -0.5977 0.2289 -0.7683 0.50460 0.43500
-0.03382 0.74397 -0.04352 -0.4794 0.1595 -0.8630 0.52830 0.47010
-0.03219 0.76135 -0.04062 -0.4999 0.2165 -0.8386 0.52830 0.43500
-0.03524 0.72472 -0.04563 -0.4696 0.1152 -0.8753 0.52830 0.50520
-0.03589 0.70508 -0.04747 -0.4729 0.1022 -0.8752 0.52830 0.54020
-0.04548 0.70390 -0.04171 -0.5652 0.0977 -0.8192 0.50460 0.54020
-0.02669 0.70593 -0.05163 -0.3543 0.1096 -0.9287 0.55190 0.54020
-0.02610 0.72577 -0.04962 -0.3466 0.1162 -0.9308 0.55190 0.50520
-0.01768 0.70650 -0.05426 -0.2182 0.1157 -0.9690 0.57560 0.54020
-0.01719 0.72644 -0.05213 -0.2140 0.1165 -0.9699 0.57560 0.50520
-0.02510 0.74502 -0.04737 -0.3525 0.1497 -0.9238 0.55190 0.47010
-0.02406 0.76222 -0.04462 -0.3737 0.2032 -0.9050 0.55190 0.43500
-0.01648 0.74563 -0.04979 -0.2200 0.1424 -0.9650 0.57560 0.47010
-0.01577 0.76271 -0.04713 -0.2364 0.1897 -0.9530 0.57560 0.43500
-0.00843 0.72644 -0.05342 -0.0892 0.1137 -0.9895 0.59930 0.50520
-0.00808 0.74553 -0.05116 -0.0976 0.1359 -0.9859 0.59930 0.47010
-0.00776 0.76265 -0.04853 -0.1104 0.1788 -0.9777 0.59930 0.43500
0.00018 0.74531 -0.05149 0.0003 0.1324 -0.9912 0.62290 0.47010
0.00019 0.76245 -0.04896 0.0004 0.1740 -0.9847 0.62290 0.43500
0.00019 0.72626 -0.05368 0.0001 0.1118 -0.9937 0.62290 0.50520
0.00020 0.70640 -0.05582 -0.0003 0.1209 -0.9927 0.62290 0.54020
-0.00874 0.70656 -0.05556 -0.0894 0.1194 -0.9888 0.59930 0.54020
-0.06697 0.65906 0.10451 -0.6830 -0.1348 0.7179 0.07860 0.54020
-0.06405 0.65810 0.10700 -0.6440 -0.1280 0.7542 0.05490 0.54020
-0.06807 0.67310 0.10625 -0.6547 -0.1174 0.7467 0.07860 0.50520
-0.06454 0.67189 0.10825 -0.4019 -0.1518 0.9030 0.05490 0.50520
-0.07159 0.66179 0.10011 -0.7528 -0.1390 0.6434 0.10230 0.54020
-0.07238 0.67609 0.10217 -0.7595 -0.0900 0.6443 0.10230 0.50520
-0.06684 0.68930 0.10945 -0.6419 -0.0727 0.7633 0.07860 0.47010
-0.06377 0.68791 0.11130 0.0289 -0.1982 0.9797 0.05490 0.47010
-0.06376 0.70701 0.11307 -0.6333 -0.0626 0.7714 0.07860 0.43500
-0.06068 0.70526 0.11479 0.0718 -0.1909 0.9790 0.05490 0.43500
-0.07044 0.69258 0.10551 -0.7575 -0.0273 0.6522 0.10230 0.47010
-0.06748 0.71058 0.10928 -0.7605 -0.0252 0.6488 0.10230 0.43500
-0.07610 0.68048 0.09798 -0.7895 -0.0623 0.6106 0.12590 0.50520
-0.07369 0.69732 0.10138 -0.7783 -0.0167 0.6277 0.12590 0.47010
-0.07109 0.71551 0.10504 -0.7783 -0.0181 0.6277 0.12590 0.43500
-0.07692 0.70283 0.09749 -0.7614 -0.0264 0.6478 0.14960 0.47010
-0.07492 0.72120 0.10091 -0.7722 -0.0051 0.6354 0.14960 0.43500
-0.07917 0.68555 0.09422 -0.7789 -0.0527 0.6249 0.14960 0.50520
-0.07604 0.66576 0.09545 -0.7863 -0.1242 0.6052 0.12590 0.54020
-0.07989 0.67042 0.09129 -0.7975 -0.1087 0.5934 0.14960 0.54020
-0.08345 0.67525 0.08747 -0.8004 -0.1051 0.5901 0.17330 0.54020
-0.08261 0.69085 0.09059 -0.7674 -0.0562 0.6387 0.17330 0.50520
-0.08692 0.68001 0.08350 -0.8357 -0.0953 0.5408 0.19690 0.54020
-0.08635 0.69598 0.08652 -0.8163 -0.0420 0.5761 0.19690 0.50520
-0.08071 0.70845 0.09360 -0.7617 -0.0187 0.6477 0.17330 0.47010
-0.07846 0.72693 0.09657 -0.7904 0.0381 0.6114 0.17330 0.43500
-0.08472 0.71401 0.08916 -0.8140 0.0215 0.5805 0.19690 0.47010
-0.08131 0.73233 0.09185 -0.8285 0.0944 0.5519 0.19690 0.43500
-0.08957 0.70091 0.08145 -0.8865 -0.0119 0.4625 0.22060 0.50520
-0.08774 0.71898 0.08400 -0.8761 0.0700 0.4770 0.22060 0.47010
-0.08419 0.73721 0.08620 -0.8772 0.1543 0.4546 0.22060 0.43500
-0.09044 0.72283 0.07762 -0.9400 0.1187 0.3198 0.24430 0.47010
-0.08643 0.74076 0.07939 -0.9286 0.2127 0.3040 0.24430 0.43500
-0.09230 0.70485 0.07542 -0.9475 0.0237 0.3190 0.24430 0.50520
-0.09010 0.68449 0.07866 -0.8953 -0.0711 0.4398 0.22060 0.54020
-0.09279 0.68827 0.07286 -0.9489 -0.0398 0.3131 0.24430 0.54020
-0.09495 0.69304 0.05711 -0.9988 0.0364 0.0325 0.29170 0.54020
-0.09459 0.69110 0.06572 -0.9879 0.0026 0.1548 0.26800 0.54020
-0.09388 0.70749 0.06797 -0.9883 0.0596 0.1404 0.26800 0.50520
-0.09436 0.70941 0.05901 -0.9962 0.0839 0.0236 0.29170 0.50520
-0.09186 0.72540 0.06973 -0.9774 0.1570 0.1418 0.26800 0.47010
-0.08758 0.74339 0.07129 -0.9575 0.2449 0.1525 0.26800 0.43500
-0.08801 0.74511 0.06173 -0.9663 0.2564 0.0228 0.29170 0.43500
-0.09203 0.72705 0.06041 -0.9839 0.1777 0.0197 0.29170 0.47010
-0.09426 0.71060 0.04822 -0.9925 0.1012 -0.0688 0.31540 0.50520
-0.09148 0.72810 0.04930 -0.9769 0.1971 -0.0829 0.31540 0.47010
-0.08723 0.74618 0.05033 -0.9597 0.2648 -0.0942 0.31540 0.43500
-0.09484 0.69424 0.04683 -0.9966 0.0560 -0.0608 0.31540 0.54020
-0.07639 0.76533 0.02503 -0.9112 0.3238 -0.2545 0.36270 0.39990
-0.07967 0.76484 0.03867 -0.9302 0.3234 -0.1736 0.33910 0.39990
-0.07089 0.78018 0.02707 -0.8868 0.3978 -0.2351 0.36270 0.36490
-0.07422 0.77981 0.04050 -0.8991 0.4113 -0.1499 0.33910 0.36490
-0.07153 0.76644 0.01247 -0.8836 0.3259 -0.3363 0.38630 0.39990
-0.06685 0.78075 0.01442 -0.8674 0.3838 -0.3166 0.38630 0.36490
-0.06524 0.79270 0.02923 -0.8403 0.5038 -0.2004 0.36270 0.32980
-0.06776 0.79257 0.04240 -0.8471 0.5193 -0.1130 0.33910 0.32980
-0.05842 0.80304 0.03159 -0.7564 0.6336 -0.1625 0.36270 0.29470
-0.06062 0.80308 0.04430 -0.7602 0.6458 -0.0714 0.33910 0.29470
-0.06158 0.79286 0.01669 -0.8257 0.4905 -0.2786 0.38630 0.32980
-0.05536 0.80286 0.01921 -0.7485 0.6209 -0.2329 0.38630 0.29470
-0.06185 0.78124 0.00320 -0.8376 0.3726 -0.3994 0.41000 0.36490
-0.05708 0.79310 0.00573 -0.8019 0.4767 -0.3602 0.41000 0.32980
-0.05154 0.80289 0.00857 -0.7335 0.6077 -0.3045 0.41000 0.29470
-0.05190 0.79384 -0.00374 -0.7681 0.4705 -0.4343 0.43360 0.32980
-0.04683 0.80328 -0.00064 -0.7067 0.5978 -0.3785 0.43360 0.29470
-0.05609 0.78225 -0.00666 -0.8010 0.3675 -0.4725 0.43360 0.36490
-0.06609 0.76764 0.00097 -0.8493 0.3239 -0.4168 0.41000 0.39990
-0.05988 0.76925 -0.00919 -0.8059 0.3144 -0.5016 0.43360 0.39990
-0.05311 0.77115 -0.01805 -0.7560 0.2984 -0.5826 0.45730 0.39990
-0.04988 0.78399 -0.01522 -0.7530 0.3669 -0.5463 0.45730 0.36490
-0.04588 0.77319 -0.02556 -0.6925 0.2865 -0.6621 0.48090 0.39990
-0.04301 0.78576 -0.02260 -0.6931 0.3638 -0.6224 0.48090 0.36490
-0.04597 0.79482 -0.01194 -0.7248 0.4724 -0.5015 0.45730 0.32980
-0.04168 0.80383 -0.00841 -0.6719 0.5926 -0.4443 0.45730 0.29470
-0.03978 0.79613 -0.01912 -0.6720 0.4767 -0.5667 0.48090 0.32980
-0.03605 0.80465 -0.01505 -0.6274 0.5950 -0.5023 0.48090 0.29470
-0.03596 0.78732 -0.02886 -0.6205 0.3564 -0.6986 0.50460 0.36490
-0.03315 0.79737 -0.02522 -0.6074 0.4777 -0.6348 0.50460 0.32980
-0.03002 0.80554 -0.02086 -0.5710 0.6006 -0.5597 0.50460 0.29470
-0.02652 0.79840 -0.03022 -0.5226 0.4756 -0.7076 0.52830 0.32980
-0.02404 0.80645 -0.02555 -0.4858 0.6140 -0.6221 0.52830 0.29470
-0.02870 0.78849 -0.03402 -0.5282 0.3465 -0.7752 0.52830 0.36490
-0.03827 0.77504 -0.03198 -0.6139 0.2768 -0.7392 0.50460 0.39990
-0.03053 0.77635 -0.03717 -0.5181 0.2669 -0.8126 0.52830 0.39990
-0.01507 0.77728 -0.04398 -0.2599 0.2426 -0.9347 0.57560 0.39990
-0.02278 0.77701 -0.04123 -0.3973 0.2561 -0.8812 0.55190 0.39990
-0.02146 0.78930 -0.03793 -0.4098 0.3382 -0.8472 0.55190 0.36490
-0.01422 0.78956 -0.04068 -0.2765 0.3293 -0.9028 0.57560 0.36490
-0.01985 0.79917 -0.03400 -0.4039 0.4748 -0.7820 0.55190 0.32980
-0.01795 0.80691 -0.02917 -0.3724 0.6264 -0.6848 0.55190 0.29470
-0.01315 0.79938 -0.03659 -0.2748 0.4710 -0.8382 0.57560 0.32980
-0.01193 0.80702 -0.03180 -0.2523 0.6297 -0.7347 0.57560 0.29470
-0.00656 0.79941 -0.03829 -0.1373 0.4680 -0.8730 0.59930 0.32980
-0.00709 0.78961 -0.04229 -0.1378 0.3208 -0.9371 0.59930 0.36490
-0.00594 0.80699 -0.03329 -0.1237 0.6304 -0.7664 0.59930 0.29470
0.00020 0.80697 -0.03376 -0.0011 0.6303 -0.7764 0.62290 0.29470
0.00016 0.79939 -0.03875 0.0004 0.4665 -0.8845 0.62290 0.32980
0.00016 0.78958 -0.04281 0.0011 0.3168 -0.9485 0.62290 0.36490
-0.00747 0.77726 -0.04550 -0.1260 0.2305 -0.9649 0.59930 0.39990
0.00018 0.77723 -0.04602 0.0008 0.2260 -0.9741 0.62290 0.39990
-0.06192 0.72496 0.11647 -0.6181 -0.0387 0.7851 0.07860 0.39990
-0.05909 0.72300 0.11789 0.0535 -0.1908 0.9802 0.05490 0.39990
-0.05733 0.74158 0.11969 -0.5711 0.0375 0.8200 0.07860 0.36490
-0.05491 0.73956 0.12093 0.0652 -0.2174 0.9739 0.05490 0.36490
-0.06537 0.72877 0.11290 -0.7441 0.0113 0.6680 0.10230 0.39990
-0.06067 0.74522 0.11631 -0.6878 0.0975 0.7193 0.10230 0.36490
-0.05061 0.75603 0.12284 -0.5088 0.1036 0.8546 0.07860 0.32980
-0.04832 0.75399 0.12400 0.0781 -0.2541 0.9640 0.05490 0.32980
-0.04235 0.76718 0.12553 -0.3958 0.1903 0.8984 0.07860 0.29470
-0.04012 0.76525 0.12645 0.1301 -0.2663 0.9551 0.05490 0.29470
-0.05408 0.75924 0.11949 -0.6165 0.1724 0.7683 0.10230 0.32980
-0.04616 0.77022 0.12240 -0.5084 0.2753 0.8159 0.10230 0.29470
-0.06423 0.74989 0.11198 -0.7292 0.1186 0.6739 0.12590 0.36490
-0.05799 0.76319 0.11512 -0.6643 0.1962 0.7213 0.12590 0.32980
-0.05091 0.77359 0.11796 -0.5695 0.3065 0.7627 0.12590 0.29470
-0.06147 0.76784 0.11043 -0.7188 0.2496 0.6489 0.14960 0.32980
-0.05475 0.77761 0.11295 -0.6306 0.3865 0.6730 0.14960 0.29470
-0.06728 0.75497 0.10726 -0.7675 0.1510 0.6230 0.14960 0.36490
-0.06864 0.73354 0.10860 -0.7679 0.0332 0.6397 0.12590 0.39990
-0.07189 0.73901 0.10410 -0.7841 0.0664 0.6171 0.14960 0.39990
-0.07466 0.74450 0.09943 -0.8125 0.1140 0.5717 0.17330 0.39990
-0.06993 0.76010 0.10228 -0.8046 0.2046 0.5574 0.17330 0.36490
-0.07725 0.74969 0.09420 -0.8439 0.1696 0.5090 0.19690 0.39990
-0.07212 0.76477 0.09671 -0.8347 0.2728 0.4783 0.19690 0.36490
-0.06389 0.77249 0.10514 -0.7602 0.3284 0.5606 0.17330 0.32980
-0.05716 0.78144 0.10755 -0.6682 0.4743 0.5732 0.17330 0.29470
-0.06579 0.77695 0.09922 -0.7832 0.4043 0.4724 0.19690 0.32980
-0.05866 0.78584 0.10133 -0.6801 0.5417 0.4939 0.19690 0.29470
-0.07377 0.76912 0.09034 -0.8596 0.3429 0.3789 0.22060 0.36490
-0.06695 0.78104 0.09244 -0.7982 0.4627 0.3857 0.22060 0.32980
-0.05972 0.79020 0.09438 -0.6916 0.5864 0.4216 0.22060 0.29470
-0.06809 0.78476 0.08465 -0.8102 0.5013 0.3038 0.24430 0.32980
-0.06066 0.79418 0.08630 -0.7098 0.6188 0.3367 0.24430 0.29470
-0.07496 0.77284 0.08280 -0.8738 0.3902 0.2900 0.24430 0.36490
-0.08105 0.75790 0.08106 -0.9126 0.2908 0.2874 0.24430 0.39990
-0.07956 0.75411 0.08815 -0.8823 0.2367 0.4070 0.22060 0.39990
-0.08224 0.76089 0.07276 -0.9325 0.3192 0.1691 0.26800 0.39990
-0.07617 0.77556 0.07437 -0.8885 0.4187 0.1878 0.26800 0.36490
-0.07650 0.77762 0.06448 -0.9001 0.4299 0.0708 0.29170 0.36490
-0.08264 0.76275 0.06306 -0.9429 0.3309 0.0388 0.29170 0.39990
-0.06944 0.78997 0.06591 -0.8377 0.5345 0.1122 0.29170 0.32980
-0.06897 0.78763 0.07586 -0.8236 0.5264 0.2113 0.26800 0.32980
-0.06138 0.79737 0.07735 -0.7284 0.6387 0.2481 0.26800 0.29470
-0.06187 0.80011 0.06733 -0.7448 0.6488 0.1563 0.29170 0.29470
-0.06913 0.79171 0.05475 -0.8474 0.5310 -0.0004 0.31540 0.32980
-0.07604 0.77912 0.05322 -0.9047 0.4238 -0.0430 0.31540 0.36490
-0.06167 0.80215 0.05629 -0.7565 0.6525 0.0443 0.31540 0.29470
-0.08178 0.76406 0.05165 -0.9410 0.3289 -0.0801 0.31540 0.39990
-0.04828 0.81091 0.02205 -0.6381 0.7474 -0.1850 0.38630 0.25950
-0.05092 0.81114 0.03383 -0.6400 0.7588 -0.1206 0.36270 0.25950
-0.05257 0.81107 0.04583 -0.6367 0.7705 -0.0319 0.33910 0.25950
-0.04228 0.81746 0.03585 -0.4978 0.8639 -0.0766 0.36270 0.22460
-0.04359 0.81715 0.04707 -0.4946 0.8691 0.0023 0.33910 0.22460
-0.04034 0.81715 0.02501 -0.4996 0.8552 -0.1378 0.38630 0.22460
-0.03283 0.82196 0.03794 -0.3582 0.9328 -0.0394 0.36270 0.18950
-0.03377 0.82165 0.04822 -0.3559 0.9341 0.0289 0.33910 0.18950
-0.02314 0.82498 0.04014 -0.1838 0.9829 -0.0099 0.36270 0.15440
-0.02384 0.82459 0.04968 -0.1925 0.9802 0.0473 0.33910 0.15440
-0.03128 0.82177 0.02802 -0.3576 0.9290 -0.0954 0.38630 0.18950
-0.02207 0.82486 0.03117 -0.1682 0.9838 -0.0627 0.38630 0.15440
-0.02926 0.82147 0.01902 -0.3523 0.9270 -0.1288 0.41000 0.18950
-0.03774 0.81678 0.01509 -0.4997 0.8472 -0.1803 0.41000 0.22460
-0.02061 0.82448 0.02295 -0.1437 0.9853 -0.0927 0.41000 0.15440
-0.02679 0.82133 0.01111 -0.3420 0.9278 -0.1493 0.43360 0.18950
-0.01864 0.82395 0.01568 -0.1146 0.9887 -0.0962 0.43360 0.15440
-0.03444 0.81672 0.00669 -0.4941 0.8409 -0.2207 0.43360 0.22460
-0.04504 0.81072 0.01163 -0.6296 0.7381 -0.2425 0.41000 0.25950
-0.04116 0.81080 0.00288 -0.6144 0.7286 -0.3027 0.43360 0.25950
-0.03163 0.81173 -0.01080 -0.5563 0.7180 -0.4183 0.48090 0.25950
-0.03672 0.81109 -0.00449 -0.5912 0.7201 -0.3631 0.45730 0.25950
-0.03070 0.81703 -0.00010 -0.4775 0.8377 -0.2651 0.45730 0.22460
-0.02651 0.81741 -0.00583 -0.4447 0.8404 -0.3098 0.48090 0.22460
-0.02380 0.82134 0.00471 -0.3211 0.9315 -0.1707 0.45730 0.18950
-0.01649 0.82368 0.00958 -0.0891 0.9921 -0.0884 0.45730 0.15440
-0.02046 0.82145 -0.00055 -0.2842 0.9377 -0.1999 0.48090 0.18950
-0.01396 0.82349 0.00488 -0.0520 0.9948 -0.0874 0.48090 0.15440
-0.01691 0.82141 -0.00484 -0.2308 0.9446 -0.2332 0.50460 0.18950
-0.02205 0.81785 -0.01058 -0.3863 0.8509 -0.3561 0.50460 0.22460
-0.01120 0.82328 0.00105 -0.0048 0.9956 -0.0940 0.50460 0.15440
-0.00839 0.82290 -0.00232 0.0333 0.9946 -0.0979 0.52830 0.15440
-0.01323 0.82128 -0.00836 -0.1751 0.9491 -0.2619 0.52830 0.18950
-0.01753 0.81794 -0.01444 -0.3108 0.8598 -0.4051 0.52830 0.22460
-0.02646 0.81244 -0.01594 -0.5023 0.7255 -0.4705 0.50460 0.25950
-0.02108 0.81298 -0.02018 -0.4142 0.7422 -0.5269 0.52830 0.25950
-0.01044 0.81296 -0.02598 -0.2162 0.7589 -0.6143 0.57560 0.25950
-0.01574 0.81297 -0.02353 -0.3167 0.7531 -0.5766 0.55190 0.25950
-0.01300 0.81788 -0.01749 -0.2363 0.8634 -0.4458 0.55190 0.22460
-0.00856 0.81772 -0.01970 -0.1627 0.8637 -0.4771 0.57560 0.22460
-0.00609 0.82080 -0.01314 -0.0703 0.9512 -0.3004 0.57560 0.18950
-0.00955 0.82111 -0.01102 -0.1195 0.9519 -0.2820 0.55190 0.18950
-0.00559 0.82253 -0.00496 0.0755 0.9927 -0.0944 0.55190 0.15440
-0.00306 0.82213 -0.00692 0.1285 0.9875 -0.0911 0.57560 0.15440
0.00011 0.81746 -0.02157 0.0020 0.8587 -0.5124 0.62290 0.22460
0.00022 0.82065 -0.01479 0.0037 0.9528 -0.3035 0.62290 0.18950
-0.00284 0.82060 -0.01445 -0.0372 0.9506 -0.3081 0.59930 0.18950
-0.00427 0.81754 -0.02106 -0.0852 0.8609 -0.5015 0.59930 0.22460
-0.00098 0.82178 -0.00806 0.2901 0.9509 -0.1076 0.59930 0.15440
0.00046 0.82166 -0.00827 0.0393 0.9932 -0.1099 0.62290 0.15440
-0.00520 0.81286 -0.02745 -0.1056 0.7590 -0.6425 0.59930 0.25950
0.00018 0.81276 -0.02796 -0.0002 0.7585 -0.6517 0.62290 0.25950
-0.03823 0.77699 0.12370 -0.4062 0.3529 0.8429 0.10230 0.25950
-0.03477 0.77398 0.12640 -0.2982 0.2401 0.9238 0.07860 0.25950
-0.03290 0.77206 0.12697 0.1223 -0.2890 0.9495 0.05490 0.25950
-0.02907 0.77863 0.12682 -0.2074 0.2831 0.9364 0.07860 0.22460
-0.02740 0.77592 0.12761 0.0857 -0.2271 0.9701 0.05490 0.22460
-0.03210 0.78217 0.12429 -0.3215 0.4049 0.8560 0.10230 0.22460
-0.02369 0.78175 0.12643 -0.1217 0.2843 0.9510 0.07860 0.18950
-0.02237 0.77833 0.12733 0.1674 -0.1894 0.9675 0.05490 0.18950
-0.01772 0.78575 0.12606 -0.0982 0.2452 0.9645 0.07860 0.15440
-0.01690 0.78140 0.12671 0.1445 -0.2118 0.9666 0.05490 0.15440
-0.02599 0.78666 0.12404 -0.2633 0.4302 0.8635 0.10230 0.18950
-0.01904 0.79166 0.12395 -0.2109 0.4556 0.8648 0.10230 0.15440
-0.02838 0.79081 0.12059 -0.3509 0.5684 0.7441 0.12590 0.18950
-0.03583 0.78580 0.12071 -0.3889 0.4998 0.7739 0.12590 0.22460
-0.02015 0.79623 0.12020 -0.2844 0.6317 0.7212 0.12590 0.15440
-0.03021 0.79484 0.11592 -0.3834 0.6715 0.6341 0.14960 0.18950
-0.02116 0.80018 0.11531 -0.3180 0.7233 0.6130 0.14960 0.15440
-0.03895 0.78958 0.11595 -0.4306 0.6107 0.6646 0.14960 0.22460
-0.04270 0.78059 0.11996 -0.4621 0.4171 0.7826 0.12590 0.25950
-0.04680 0.78447 0.11493 -0.5172 0.5195 0.6801 0.14960 0.25950
-0.05084 0.79245 0.10273 -0.5528 0.6518 0.5193 0.19690 0.25950
-0.04937 0.78824 0.10922 -0.5450 0.6039 0.5816 0.17330 0.25950
-0.04082 0.79363 0.11010 -0.4455 0.6827 0.5791 0.17330 0.22460
-0.04200 0.79818 0.10345 -0.4509 0.7167 0.5320 0.19690 0.22460
-0.03144 0.79904 0.11008 -0.3899 0.7238 0.5693 0.17330 0.18950
-0.02203 0.80430 0.10926 -0.3258 0.7605 0.5617 0.17330 0.15440
-0.03233 0.80358 0.10331 -0.3915 0.7497 0.5336 0.19690 0.18950
-0.02274 0.80888 0.10257 -0.3204 0.7885 0.5250 0.19690 0.15440
-0.03294 0.80825 0.09597 -0.3916 0.7843 0.4813 0.22060 0.18950
-0.04267 0.80292 0.09607 -0.4591 0.7447 0.4844 0.22060 0.22460
-0.02335 0.81323 0.09533 -0.3026 0.8418 0.4471 0.22060 0.15440
-0.03351 0.81263 0.08791 -0.3792 0.8342 0.4004 0.24430 0.18950
-0.02375 0.81663 0.08740 -0.2662 0.8953 0.3572 0.24430 0.15440
-0.04339 0.80750 0.08793 -0.4746 0.7793 0.4092 0.24430 0.22460
-0.05168 0.79706 0.09550 -0.5634 0.6859 0.4606 0.22060 0.25950
-0.05243 0.80136 0.08744 -0.5869 0.7148 0.3802 0.24430 0.25950
-0.05341 0.80792 0.06842 -0.6284 0.7541 0.1910 0.29170 0.25950
-0.05302 0.80491 0.07853 -0.6121 0.7363 0.2883 0.26800 0.25950
-0.04389 0.81137 0.07900 -0.4878 0.8145 0.3139 0.26800 0.22460
-0.04428 0.81447 0.06891 -0.4939 0.8445 0.2073 0.29170 0.22460
-0.03395 0.81617 0.07901 -0.3613 0.8789 0.3114 0.26800 0.18950
-0.02396 0.81959 0.07879 -0.2275 0.9309 0.2859 0.26800 0.15440
-0.03416 0.81907 0.06919 -0.3516 0.9121 0.2108 0.29170 0.18950
-0.02407 0.82207 0.06935 -0.2066 0.9563 0.2069 0.29170 0.15440
-0.03411 0.82074 0.05877 -0.3519 0.9298 0.1077 0.31540 0.18950
-0.04424 0.81634 0.05814 -0.4934 0.8646 0.0948 0.31540 0.22460
-0.02410 0.82378 0.05957 -0.1985 0.9730 0.1178 0.31540 0.15440
-0.05336 0.81001 0.05742 -0.6347 0.7688 0.0778 0.31540 0.25950
-0.00685 0.82382 0.04369 0.3008 0.9537 0.0014 0.36270 0.08460
-0.01401 0.82561 0.04217 0.0855 0.9963 0.0071 0.36270 0.11940
-0.01321 0.82545 0.03404 0.1176 0.9923 -0.0399 0.38630 0.11940
-0.00638 0.82345 0.03612 0.3367 0.9409 -0.0364 0.38630 0.08460
-0.01455 0.82535 0.05107 0.0596 0.9968 0.0539 0.33910 0.11950
-0.00711 0.82371 0.05211 0.2710 0.9615 0.0454 0.33910 0.08460
-0.00153 0.82173 0.05278 0.4525 0.8913 0.0285 0.33910 0.04960
-0.00172 0.82185 0.04478 0.4696 0.8828 -0.0107 0.36270 0.04960
0.00111 0.81987 0.04530 0.9482 0.3177 -0.0019 0.36270 0.01460
0.00135 0.81975 0.05301 0.9523 0.3050 -0.0114 0.33910 0.01460
-0.00137 0.82142 0.03763 0.5014 0.8642 -0.0427 0.38630 0.04960
0.00133 0.81940 0.03839 0.9559 0.2933 0.0126 0.38630 0.01460
0.00166 0.81864 0.03232 0.9657 0.2588 0.0209 0.41000 0.01460
-0.00094 0.82066 0.03133 0.5405 0.8386 -0.0679 0.41000 0.04960
-0.00033 0.81969 0.02572 0.5842 0.8081 -0.0758 0.43360 0.04950
0.00206 0.81763 0.02693 0.9764 0.2116 0.0431 0.43360 0.01450
-0.00560 0.82287 0.02942 0.3765 0.9243 -0.0633 0.41000 0.08440
-0.00476 0.82197 0.02342 0.4196 0.9053 -0.0656 0.43360 0.08440
-0.01230 0.82473 0.02650 0.1494 0.9865 -0.0675 0.41000 0.11940
-0.01097 0.82411 0.02001 0.1897 0.9798 -0.0629 0.43360 0.11940
-0.00369 0.82104 0.01832 0.4620 0.8863 -0.0313 0.45730 0.08440
-0.00944 0.82347 0.01445 0.2255 0.9738 -0.0308 0.45730 0.11940
-0.00764 0.82300 0.00998 0.2606 0.9654 0.0096 0.48090 0.11940
-0.00242 0.82031 0.01396 0.4993 0.8661 0.0240 0.48090 0.08440
0.00044 0.81864 0.02081 0.6288 0.7760 -0.0483 0.45730 0.04950
0.00252 0.81659 0.02213 0.9839 0.1592 0.0814 0.45730 0.01450
0.00135 0.81770 0.01648 0.6747 0.7380 0.0047 0.48090 0.04930
0.00312 0.81554 0.01778 0.9871 0.0873 0.1343 0.48090 0.01430
0.00383 0.81463 0.01385 0.9820 0.0113 0.1885 0.50460 0.01420
0.00236 0.81684 0.01266 0.7225 0.6883 0.0643 0.50460 0.04930
0.00347 0.81603 0.00920 0.7726 0.6235 0.1195 0.52830 0.04920
0.00463 0.81376 0.01021 0.9672 -0.0766 0.2423 0.52830 0.01420
-0.00099 0.81964 0.01031 0.5402 0.8378 0.0790 0.50460 0.08430
0.00061 0.81899 0.00706 0.5874 0.7990 0.1284 0.52830 0.08430
-0.00565 0.82254 0.00632 0.2997 0.9531 0.0418 0.50460 0.11940
-0.00355 0.82206 0.00322 0.3390 0.9381 0.0709 0.52830 0.11940
0.00215 0.81831 0.00419 0.6456 0.7471 0.1579 0.55190 0.08410
-0.00150 0.82157 0.00061 0.3847 0.9179 0.0967 0.55190 0.11920
0.00031 0.82104 -0.00144 0.4749 0.8755 0.0893 0.57560 0.11920
0.00338 0.81759 0.00193 0.7321 0.6716 0.1142 0.57560 0.08410
0.00460 0.81519 0.00610 0.8246 0.5449 0.1523 0.55190 0.04900
0.00547 0.81288 0.00692 0.9415 -0.1594 0.2971 0.55190 0.01390
0.00556 0.81433 0.00360 0.8784 0.4639 0.1146 0.57560 0.04890
0.00620 0.81197 0.00425 0.9207 -0.2051 0.3321 0.57560 0.01380
0.00660 0.81121 0.00260 0.9238 -0.3614 -0.1266 0.59930 0.01360
0.00603 0.81351 0.00199 0.8698 0.2378 -0.4323 0.59930 0.04870
0.00540 0.81287 0.00162 0.0772 -0.1776 -0.9811 0.62290 0.04860
0.00637 0.81093 0.00200 0.3579 -0.4818 -0.7999 0.62290 0.01330
0.00394 0.81689 0.00056 0.7987 0.2471 -0.5486 0.59930 0.08400
0.00314 0.81636 0.00056 -0.1135 -0.5149 -0.8497 0.62290 0.08380
0.00125 0.82047 -0.00263 0.7566 0.6306 -0.1730 0.59930 0.11920
0.00038 0.81948 -0.00230 0.0595 -0.4479 -0.8921 0.62290 0.11910
-0.01155 0.78292 0.12659 0.0789 -0.2553 0.9636 0.05490 0.11940
-0.01179 0.78804 0.12608 0.0481 0.2669 0.9625 0.07860 0.11940
-0.00695 0.78701 0.12547 0.2632 0.2899 0.9202 0.07860 0.08430
-0.00700 0.78252 0.12629 0.0767 -0.2592 0.9628 0.05490 0.08430
-0.01213 0.79408 0.12371 0.0269 0.4961 0.8679 0.10230 0.11940
-0.00656 0.79271 0.12287 0.3248 0.4436 0.8353 0.10230 0.08430
-0.00301 0.78091 0.12583 0.1894 -0.3193 0.9285 0.05490 0.04930
-0.00257 0.78401 0.12482 0.4688 0.2968 0.8320 0.07860 0.04930
-0.00018 0.78193 0.12363 0.9648 -0.0712 0.2531 0.07860 0.01420
-0.00078 0.77983 0.12493 0.6590 -0.5352 0.5285 0.05490 0.01420
-0.00239 0.78988 0.12176 0.5393 0.3657 0.7586 0.10230 0.04920
0.00007 0.78738 0.12062 0.9758 0.0171 0.2180 0.10230 0.01420
-0.00129 0.79624 0.11794 0.5495 0.4546 0.7010 0.12590 0.04920
-0.00055 0.80177 0.11301 0.5351 0.5972 0.5975 0.14960 0.04920
0.00207 0.79931 0.11192 0.9846 0.0573 0.1653 0.14960 0.01420
0.00119 0.79376 0.11678 0.9706 0.0071 0.2404 0.12590 0.01420
-0.00576 0.79853 0.11893 0.3004 0.5953 0.7452 0.12590 0.08430
-0.00562 0.80366 0.11385 0.2301 0.7348 0.6381 0.14960 0.08430
-0.01209 0.79919 0.11984 -0.0193 0.6710 0.7412 0.12590 0.11940
-0.01260 0.80368 0.11476 -0.0862 0.7725 0.6292 0.14960 0.11940
-0.01325 0.80801 0.10855 -0.1171 0.8157 0.5666 0.17330 0.11940
-0.00591 0.80830 0.10770 0.1789 0.8137 0.5531 0.17330 0.08430
-0.01386 0.81240 0.10175 -0.1095 0.8576 0.5025 0.19690 0.11940
-0.00639 0.81252 0.10095 0.1698 0.8735 0.4563 0.19690 0.08440
-0.00028 0.80673 0.10692 0.5103 0.7032 0.4951 0.17330 0.04930
0.00245 0.80422 0.10597 0.9914 0.1016 0.0826 0.17330 0.01420
-0.00061 0.81096 0.10025 0.4860 0.7834 0.3874 0.19690 0.04930
0.00221 0.80852 0.09945 0.9863 0.1585 0.0455 0.19690 0.01430
0.00188 0.81161 0.09260 0.9804 0.1939 0.0346 0.22060 0.01450
-0.00102 0.81390 0.09322 0.4721 0.8345 0.2841 0.22060 0.04950
-0.00130 0.81604 0.08604 0.4581 0.8598 0.2257 0.24430 0.04950
0.00162 0.81392 0.08551 0.9729 0.2269 0.0454 0.24430 0.01450
-0.00683 0.81563 0.09387 0.1886 0.9210 0.3410 0.22060 0.08440
-0.00709 0.81786 0.08657 0.2110 0.9421 0.2607 0.24430 0.08440
-0.01429 0.81597 0.09464 -0.0793 0.9140 0.3979 0.22060 0.11940
-0.01463 0.81861 0.08713 -0.0394 0.9508 0.3073 0.24430 0.11940
-0.01480 0.82091 0.07881 -0.0000 0.9670 0.2548 0.26800 0.11940
-0.01484 0.82310 0.06984 0.0260 0.9796 0.1994 0.29170 0.11940
-0.00717 0.82164 0.06991 0.2386 0.9533 0.1850 0.29170 0.08460
-0.00719 0.81979 0.07855 0.2273 0.9478 0.2237 0.26800 0.08440
-0.00141 0.81791 0.07832 0.4433 0.8729 0.2041 0.26800 0.04950
0.00154 0.81592 0.07789 0.9658 0.2510 0.0646 0.26800 0.01460
-0.00125 0.81976 0.06994 0.4368 0.8830 0.1717 0.29170 0.04960
0.00169 0.81778 0.06969 0.9606 0.2710 0.0615 0.29170 0.01460
0.00168 0.81914 0.06126 0.9565 0.2909 0.0204 0.31540 0.01460
-0.00121 0.82109 0.06129 0.4425 0.8915 0.0972 0.31540 0.04960
-0.00711 0.82313 0.06101 0.2515 0.9613 0.1121 0.31540 0.08460
-0.01481 0.82459 0.06047 0.0411 0.9919 0.1203 0.31540 0.11940
0.06207 0.59401 0.00923 0.1959 -0.9656 -0.1711 0.33880 0.96110
0.05924 0.59469 0.00200 0.1549 -0.9794 -0.1295 0.36250 0.96110
0.05333 0.59404 0.00323 0.0832 -0.9898 -0.1158 0.36250 0.99620
0.05594 0.59318 0.00960 0.1203 -0.9779 -0.1708 0.33870 0.99620
0.05555 0.59495 -0.00519 0.1155 -0.9875 -0.1076 0.38620 0.96110
0.04997 0.59450 -0.00316 0.0682 -0.9921 -0.1053 0.38620 0.99620
0.06705 0.59664 0.00055 0.3244 -0.9328 -0.1573 0.36260 0.92610
0.06312 0.59668 -0.00778 0.2805 -0.9485 -0.1476 0.38630 0.92610
0.07007 0.59625 0.00893 0.3670 -0.9148 -0.1688 0.33890 0.92610
0.05182 0.59568 -0.01195 0.0982 -0.9922 -0.0761 0.40990 0.96110
0.04608 0.59481 -0.00936 0.0738 -0.9945 -0.0745 0.40990 0.99620
0.04673 0.59521 -0.01849 0.0737 -0.9962 -0.0470 0.43360 0.96110
0.04201 0.59501 -0.01506 0.0369 -0.9989 -0.0281 0.43360 0.99620
0.05830 0.59645 -0.01569 0.2407 -0.9604 -0.1406 0.40990 0.92610
0.05287 0.59618 -0.02286 0.2138 -0.9651 -0.1511 0.43360 0.92610
0.07083 0.60033 -0.00994 0.5042 -0.8326 -0.2292 0.38630 0.89100
0.06566 0.59989 -0.01886 0.4655 -0.8439 -0.2668 0.40990 0.89100
0.05965 0.59963 -0.02700 0.4213 -0.8482 -0.3211 0.43360 0.89100
0.07224 0.60580 -0.02101 0.6481 -0.6675 -0.3666 0.41000 0.85590
0.06581 0.60507 -0.02985 0.5865 -0.6702 -0.4549 0.43360 0.85590
0.07772 0.60639 -0.01119 0.6920 -0.6549 -0.3038 0.38630 0.85590
0.07812 0.60048 0.00907 0.5746 -0.7986 -0.1792 0.33900 0.89100
0.07501 0.60056 -0.00047 0.5391 -0.8176 -0.2022 0.36260 0.89100
0.08200 0.60674 -0.00089 0.7190 -0.6490 -0.2489 0.36270 0.85590
0.08523 0.60708 0.00953 0.7405 -0.6441 -0.1920 0.33910 0.85590
0.04141 0.59518 -0.02399 0.0358 -0.9981 -0.0500 0.45730 0.96110
0.03742 0.59527 -0.02011 -0.0207 -0.9998 -0.0043 0.45730 0.99620
0.03602 0.59524 -0.02855 0.0095 -0.9991 -0.0407 0.48090 0.96110
0.03264 0.59551 -0.02431 -0.0500 -0.9985 0.0206 0.48090 0.99620
0.04714 0.59620 -0.02906 0.1826 -0.9662 -0.1821 0.45730 0.92610
0.04078 0.59610 -0.03414 0.1446 -0.9702 -0.1943 0.48090 0.92610
0.03026 0.59541 -0.03219 -0.0290 -0.9985 -0.0460 0.50460 0.96110
0.02750 0.59580 -0.02767 -0.0715 -0.9972 0.0221 0.50460 0.99620
0.02455 0.59594 -0.03506 -0.0219 -0.9990 -0.0382 0.52830 0.96110
0.02224 0.59608 -0.03025 -0.0521 -0.9985 0.0190 0.52830 0.99620
0.03418 0.59610 -0.03823 0.0818 -0.9733 -0.2146 0.50460 0.92610
0.02771 0.59661 -0.04150 0.0641 -0.9738 -0.2180 0.52830 0.92610
0.04584 0.59896 -0.03958 0.3149 -0.8520 -0.4182 0.48090 0.89100
0.03830 0.59870 -0.04420 0.2407 -0.8579 -0.4539 0.50460 0.89100
0.03103 0.59918 -0.04792 0.1887 -0.8579 -0.4779 0.52830 0.89100
0.04278 0.60483 -0.04940 0.3791 -0.6543 -0.6543 0.50460 0.85590
0.03407 0.60433 -0.05329 0.2887 -0.6660 -0.6879 0.52830 0.85590
0.05066 0.60458 -0.04401 0.4529 -0.6573 -0.6023 0.48090 0.85590
0.05295 0.59915 -0.03385 0.3694 -0.8514 -0.3723 0.45730 0.89100
0.05893 0.60528 -0.03782 0.5300 -0.6521 -0.5422 0.45730 0.85590
0.01839 0.59601 -0.03714 0.0015 -0.9999 -0.0171 0.55190 0.96110
0.01674 0.59621 -0.03214 -0.0150 -0.9994 0.0317 0.55190 0.99620
0.01253 0.59598 -0.03853 -0.0057 -0.9998 -0.0177 0.57560 0.96110
0.01141 0.59619 -0.03341 -0.0131 -0.9991 0.0398 0.57560 0.99620
0.02060 0.59632 -0.04379 0.0615 -0.9781 -0.1988 0.55190 0.92610
0.01407 0.59656 -0.04546 0.0309 -0.9785 -0.2039 0.57560 0.92610
0.00630 0.59606 -0.03921 -0.0105 -0.9998 -0.0162 0.59930 0.96110
0.00577 0.59630 -0.03402 -0.0177 -0.9989 0.0441 0.59930 0.99620
0.00704 0.59656 -0.04628 0.0084 -0.9800 -0.1987 0.59930 0.92610
0.01567 0.59898 -0.05248 0.0965 -0.8714 -0.4811 0.57560 0.89100
0.00782 0.59897 -0.05351 0.0369 -0.8771 -0.4788 0.59930 0.89100
0.00850 0.60392 -0.05971 0.0664 -0.6838 -0.7266 0.59930 0.85590
0.01712 0.60400 -0.05852 0.1555 -0.6774 -0.7190 0.57560 0.85590
0.02316 0.59913 -0.05065 0.1532 -0.8647 -0.4783 0.55190 0.89100
0.02539 0.60423 -0.05636 0.2297 -0.6693 -0.7066 0.55190 0.85590
0.03205 0.56303 0.09755 0.0207 -0.9988 -0.0433 0.05490 0.99620
0.03505 0.56299 0.10141 0.1063 -0.9931 0.0486 0.05490 0.96110
0.03794 0.56311 0.09861 0.1534 -0.9881 0.0126 0.07860 0.96110
0.03392 0.56327 0.09445 0.0804 -0.9944 -0.0689 0.07860 0.99620
0.04340 0.56466 0.09246 0.2361 -0.9698 -0.0615 0.10230 0.96110
0.03846 0.56407 0.08856 0.1620 -0.9807 -0.1093 0.10230 0.99620
0.04364 0.56480 0.10192 0.3486 -0.9178 0.1900 0.07860 0.92610
0.04966 0.56646 0.09573 0.4214 -0.9027 0.0865 0.10230 0.92610
0.04025 0.56453 0.10500 0.2818 -0.9325 0.2257 0.05490 0.92610
0.04907 0.56688 0.08372 0.3004 -0.9434 -0.1404 0.12590 0.96110
0.04392 0.56626 0.08124 0.2189 -0.9592 -0.1788 0.12590 0.99620
0.05479 0.57074 0.07476 0.3655 -0.9048 -0.2186 0.14960 0.96110
0.04930 0.56970 0.07287 0.2656 -0.9272 -0.2640 0.14960 0.99620
0.05636 0.56958 0.08658 0.4895 -0.8717 -0.0231 0.12590 0.92610
0.06229 0.57440 0.07673 0.5463 -0.8294 -0.1166 0.14960 0.92610
0.05587 0.57054 0.09642 0.6513 -0.7025 0.2868 0.10230 0.89100
0.06261 0.57415 0.08786 0.7138 -0.6780 0.1755 0.12590 0.89100
0.06858 0.57941 0.07765 0.7430 -0.6672 0.0533 0.14960 0.89100
0.06752 0.58132 0.08655 0.8451 -0.3838 0.3721 0.12590 0.85590
0.07329 0.58662 0.07782 0.8623 -0.4194 0.2837 0.14960 0.85590
0.06105 0.57723 0.09549 0.8010 -0.3803 0.4623 0.10230 0.85590
0.04587 0.56796 0.10686 0.4938 -0.7589 0.4245 0.05490 0.89100
0.04947 0.56843 0.10342 0.5754 -0.7117 0.4030 0.07860 0.89100
0.05493 0.57464 0.10310 0.7320 -0.3891 0.5592 0.07860 0.85590
0.05105 0.57367 0.10676 0.6656 -0.4516 0.5942 0.05490 0.85590
0.05919 0.57525 0.06562 0.3989 -0.8754 -0.2731 0.17330 0.96110
0.05334 0.57377 0.06403 0.3103 -0.8964 -0.3166 0.17330 0.99620
0.06239 0.58003 0.05675 0.3987 -0.8638 -0.3079 0.19690 0.96110
0.05622 0.57819 0.05520 0.3338 -0.8783 -0.3423 0.19690 0.99620
0.06689 0.57933 0.06704 0.5673 -0.8051 -0.1732 0.17330 0.92610
0.06972 0.58346 0.05795 0.5555 -0.8038 -0.2129 0.19690 0.92610
0.06436 0.58404 0.04819 0.3822 -0.8725 -0.3043 0.22060 0.96110
0.05810 0.58232 0.04665 0.3251 -0.8868 -0.3284 0.22060 0.99620
0.06552 0.58729 0.03987 0.3600 -0.8900 -0.2799 0.24430 0.96110
0.05916 0.58566 0.03836 0.2986 -0.9050 -0.3031 0.24430 0.99620
0.07212 0.58754 0.04961 0.5307 -0.8195 -0.2162 0.22060 0.92610
0.07352 0.59066 0.04146 0.4994 -0.8385 -0.2180 0.24430 0.92610
0.07683 0.58961 0.05923 0.7286 -0.6832 -0.0488 0.19690 0.89100
0.07962 0.59309 0.05126 0.6891 -0.7210 -0.0725 0.22060 0.89100
0.08214 0.59614 0.04356 0.6750 -0.7278 -0.1214 0.24430 0.89100
0.08625 0.60051 0.05399 0.8198 -0.5652 0.0920 0.22060 0.85590
0.08855 0.60341 0.04696 0.8158 -0.5781 0.0173 0.24430 0.85590
0.08245 0.59704 0.06103 0.8262 -0.5472 0.1340 0.19690 0.85590
0.07320 0.58470 0.06792 0.7478 -0.6636 -0.0209 0.17330 0.89100
0.07826 0.59234 0.06885 0.8530 -0.4899 0.1798 0.17330 0.85590
0.06594 0.58989 0.03177 0.3365 -0.9042 -0.2629 0.26790 0.96110
0.05952 0.58843 0.03050 0.2623 -0.9252 -0.2744 0.26790 0.99620
0.06524 0.59174 0.02391 0.3036 -0.9269 -0.2209 0.29150 0.96110
0.05891 0.59049 0.02298 0.2177 -0.9476 -0.2338 0.29150 0.99620
0.07419 0.59311 0.03318 0.4815 -0.8465 -0.2272 0.26790 0.92610
0.07370 0.59538 0.02470 0.4574 -0.8699 -0.1847 0.29160 0.92610
0.06416 0.59304 0.01644 0.2523 -0.9493 -0.1873 0.31520 0.96110
0.05787 0.59199 0.01601 0.1688 -0.9641 -0.2049 0.31510 0.99620
0.07223 0.59564 0.01718 0.4141 -0.8966 -0.1568 0.31530 0.92610
0.08181 0.59983 0.02706 0.6136 -0.7726 -0.1630 0.29160 0.89100
0.08052 0.60033 0.01832 0.5983 -0.7855 -0.1580 0.31530 0.89100
0.08757 0.60702 0.02015 0.7578 -0.6295 -0.1717 0.31540 0.85590
0.08956 0.60616 0.03013 0.7635 -0.6291 -0.1456 0.29170 0.85590
0.08228 0.59827 0.03560 0.6419 -0.7500 -0.1595 0.26790 0.89100
0.08943 0.60527 0.03909 0.7791 -0.6251 -0.0473 0.26800 0.85590
0.08741 0.61426 -0.00034 0.8329 -0.4737 -0.2863 0.36270 0.82080
0.08288 0.61382 -0.01174 0.8112 -0.4667 -0.3524 0.38630 0.82080
0.09141 0.62163 0.00150 0.9147 -0.2631 -0.3068 0.36270 0.78580
0.08662 0.62103 -0.01047 0.8863 -0.2510 -0.3893 0.38630 0.78580
0.09512 0.62218 0.01430 0.9468 -0.2664 -0.1805 0.33910 0.78580
0.09128 0.61422 0.01147 0.8549 -0.4822 -0.1912 0.33910 0.82080
0.07755 0.61336 -0.02238 0.7730 -0.4619 -0.4349 0.41000 0.82080
0.07095 0.61279 -0.03230 0.6977 -0.4563 -0.5522 0.43360 0.82080
0.08096 0.62049 -0.02174 0.8499 -0.2229 -0.4775 0.41000 0.78580
0.07423 0.62011 -0.03214 0.7795 -0.2111 -0.5897 0.43360 0.78580
0.08850 0.62904 -0.00847 0.9091 -0.1069 -0.4027 0.38640 0.75070
0.08279 0.62854 -0.02003 0.8622 -0.0620 -0.5027 0.41000 0.75070
0.07574 0.62802 -0.03090 0.8021 -0.0136 -0.5970 0.43360 0.75070
0.08479 0.63704 -0.01781 0.8582 0.0467 -0.5112 0.41000 0.71560
0.07659 0.63644 -0.02872 0.7940 0.0874 -0.6016 0.43360 0.71560
0.09073 0.63736 -0.00584 0.9219 0.0302 -0.3862 0.38640 0.71560
0.09639 0.63089 0.01661 0.9831 -0.0661 -0.1709 0.33910 0.75070
0.09381 0.62941 0.00395 0.9542 -0.0989 -0.2825 0.36270 0.75070
0.09480 0.63836 0.00681 0.9702 0.0476 -0.2377 0.36270 0.71560
0.09681 0.63876 0.01981 0.9852 0.0626 -0.1595 0.33910 0.71560
0.06302 0.61243 -0.03980 0.6241 -0.4555 -0.6349 0.45730 0.82080
0.05487 0.61202 -0.04735 0.5430 -0.4647 -0.6994 0.48090 0.82080
0.06613 0.62035 -0.04138 0.6927 -0.2185 -0.6873 0.45730 0.78580
0.05756 0.61994 -0.04899 0.6077 -0.2372 -0.7579 0.48090 0.78580
0.04584 0.61160 -0.05259 0.4440 -0.4651 -0.7659 0.50460 0.82080
0.03695 0.61145 -0.05778 0.3554 -0.4570 -0.8154 0.52830 0.82080
0.04841 0.61947 -0.05543 0.4887 -0.2589 -0.8332 0.50460 0.78580
0.03878 0.61971 -0.05931 0.4002 -0.2838 -0.8714 0.52830 0.78580
0.05909 0.62765 -0.04875 0.6352 -0.0049 -0.7724 0.48090 0.75070
0.04894 0.62683 -0.05595 0.5288 -0.0445 -0.8476 0.50460 0.75070
0.03926 0.62660 -0.06147 0.4350 -0.0944 -0.8955 0.52830 0.75070
0.04942 0.63611 -0.05505 0.5510 0.1279 -0.8246 0.50460 0.71560
0.03976 0.63604 -0.06083 0.4534 0.1170 -0.8836 0.52830 0.71560
0.05907 0.63619 -0.04769 0.6343 0.1358 -0.7611 0.48090 0.71560
0.06776 0.62766 -0.04059 0.7264 -0.0006 -0.6872 0.45730 0.75070
0.06828 0.63650 -0.03913 0.7223 0.1222 -0.6807 0.45730 0.71560
0.02725 0.61155 -0.06055 0.2867 -0.4777 -0.8304 0.55190 0.82080
0.01843 0.61113 -0.06363 0.1900 -0.4982 -0.8460 0.57560 0.82080
0.02898 0.61917 -0.06408 0.3297 -0.3060 -0.8931 0.55190 0.78580
0.01930 0.61897 -0.06688 0.2118 -0.3158 -0.9249 0.57560 0.78580
0.00905 0.61105 -0.06437 0.0881 -0.5075 -0.8571 0.59930 0.82080
0.00951 0.61897 -0.06850 0.1046 -0.3180 -0.9423 0.59930 0.78580
0.02007 0.62715 -0.06844 0.2250 -0.0776 -0.9713 0.57560 0.75070
0.01050 0.62686 -0.06997 0.1132 -0.0766 -0.9906 0.59930 0.75070
0.01034 0.63598 -0.06963 0.1058 0.1137 -0.9879 0.59930 0.71560
0.02017 0.63628 -0.06796 0.2241 0.1144 -0.9678 0.57560 0.71560
0.02988 0.62696 -0.06541 0.3457 -0.0937 -0.9337 0.55190 0.75070
0.03002 0.63608 -0.06509 0.3432 0.1125 -0.9325 0.55190 0.71560
0.05500 0.58138 0.10516 0.7275 -0.1571 0.6679 0.05490 0.82080
0.05868 0.58271 0.10132 0.7769 -0.1355 0.6149 0.07860 0.82080
0.06440 0.58568 0.09369 0.8265 -0.1475 0.5433 0.10230 0.82080
0.06070 0.59178 0.09947 0.7709 -0.0329 0.6361 0.07860 0.78580
0.06605 0.59523 0.09240 0.8010 -0.0815 0.5931 0.10230 0.78580
0.05742 0.59033 0.10310 0.7353 -0.0213 0.6774 0.05490 0.78580
0.07039 0.59040 0.08515 0.8383 -0.1793 0.5149 0.12590 0.82080
0.07650 0.59568 0.07728 0.8501 -0.2645 0.4554 0.14960 0.82080
0.07218 0.59982 0.08492 0.7989 -0.1495 0.5827 0.12590 0.78580
0.07805 0.60485 0.07838 0.8053 -0.2053 0.5562 0.14960 0.78580
0.06687 0.60477 0.09253 0.7664 -0.0983 0.6348 0.10230 0.75070
0.07300 0.60896 0.08641 0.7644 -0.1359 0.6302 0.12590 0.75070
0.07878 0.61380 0.08071 0.7719 -0.1540 0.6168 0.14960 0.75070
0.07251 0.61778 0.08827 0.7468 -0.0910 0.6588 0.12590 0.71560
0.07815 0.62222 0.08256 0.7409 -0.0939 0.6650 0.14960 0.71560
0.06696 0.61386 0.09413 0.7521 -0.1015 0.6512 0.10230 0.71560
0.05850 0.59987 0.10175 0.7327 -0.0230 0.6802 0.05490 0.75070
0.06159 0.60156 0.09853 0.7559 -0.0551 0.6524 0.07860 0.75070
0.06180 0.61081 0.09935 0.7461 -0.1035 0.6578 0.07860 0.71560
0.05905 0.60922 0.10213 0.7368 -0.0939 0.6695 0.05490 0.71560
0.08205 0.60083 0.07030 0.8601 -0.3417 0.3787 0.17330 0.82080
0.08654 0.60553 0.06391 0.8630 -0.3871 0.3247 0.19690 0.82080
0.08343 0.60993 0.07267 0.8269 -0.2340 0.5113 0.17330 0.78580
0.08807 0.61417 0.06692 0.8505 -0.2525 0.4615 0.19690 0.78580
0.09019 0.60912 0.05763 0.8796 -0.4122 0.2375 0.22060 0.82080
0.09268 0.61181 0.05043 0.8948 -0.4234 0.1418 0.24430 0.82080
0.09279 0.61753 0.06043 0.9010 -0.2459 0.3574 0.22060 0.78580
0.09548 0.61978 0.05366 0.9455 -0.2251 0.2353 0.24430 0.78580
0.08864 0.62235 0.06945 0.8387 -0.1502 0.5235 0.19690 0.75070
0.09250 0.62589 0.06343 0.8994 -0.0964 0.4263 0.22060 0.75070
0.09534 0.62807 0.05655 0.9499 -0.0594 0.3069 0.24430 0.75070
0.09189 0.63362 0.06575 0.8985 -0.0341 0.4377 0.22060 0.71560
0.09457 0.63591 0.05902 0.9414 0.0029 0.3373 0.24430 0.71560
0.08826 0.63016 0.07161 0.8323 -0.0773 0.5489 0.19690 0.71560
0.08389 0.61829 0.07510 0.7971 -0.1661 0.5805 0.17330 0.75070
0.08382 0.62631 0.07711 0.7706 -0.0983 0.6297 0.17330 0.71560
0.09516 0.61319 0.04275 0.9091 -0.4120 0.0615 0.26800 0.82080
0.09559 0.61394 0.03351 0.9073 -0.4089 -0.0976 0.29170 0.82080
0.09698 0.62164 0.04562 0.9734 -0.1972 0.1168 0.26800 0.78580
0.09748 0.62271 0.03662 0.9828 -0.1829 -0.0261 0.29170 0.78580
0.09278 0.61486 0.02269 0.8790 -0.4489 -0.1609 0.31540 0.82080
0.09692 0.62286 0.02597 0.9684 -0.2163 -0.1243 0.31540 0.78580
0.09854 0.63091 0.03929 0.9976 -0.0615 0.0310 0.29170 0.75070
0.09812 0.63104 0.02869 0.9942 -0.0627 -0.0878 0.31540 0.75070
0.09876 0.63925 0.03157 0.9964 0.0558 -0.0640 0.31540 0.71560
0.09820 0.63940 0.04240 0.9956 0.0488 0.0798 0.29170 0.71560
0.09782 0.63051 0.04864 0.9843 -0.0443 0.1710 0.26800 0.75070
0.09695 0.63815 0.05129 0.9745 0.0306 0.2222 0.26800 0.71560
0.09623 0.64768 0.02293 0.9818 0.1120 -0.1537 0.33910 0.68050
0.09408 0.64701 0.01028 0.9715 0.1163 -0.2066 0.36270 0.68050
0.09102 0.64636 -0.00267 0.9247 0.1369 -0.3552 0.38630 0.68050
0.09359 0.65654 0.01392 0.9725 0.1151 -0.2026 0.36270 0.64550
0.09095 0.65638 0.00078 0.9326 0.1456 -0.3301 0.38630 0.64550
0.09634 0.65712 0.02638 0.9855 0.1038 -0.1339 0.33910 0.64550
0.08462 0.64618 -0.01483 0.8503 0.1555 -0.5028 0.41000 0.68050
0.07732 0.64602 -0.02605 0.7876 0.1630 -0.5942 0.43360 0.68050
0.08467 0.65642 -0.01134 0.8526 0.1804 -0.4905 0.41000 0.64550
0.07758 0.65650 -0.02257 0.7901 0.1997 -0.5795 0.43360 0.64550
0.09014 0.66781 0.00430 0.9363 0.1441 -0.3204 0.38630 0.61040
0.08403 0.66817 -0.00791 0.8562 0.1761 -0.4856 0.41000 0.61040
0.07661 0.66861 -0.01911 0.7916 0.1910 -0.5804 0.43360 0.61040
0.08307 0.68186 -0.00533 0.8683 0.1206 -0.4812 0.41000 0.57530
0.07562 0.68281 -0.01654 0.8000 0.1193 -0.5880 0.43360 0.57530
0.08906 0.68110 0.00694 0.9395 0.1103 -0.3243 0.38630 0.57530
0.09536 0.66782 0.02999 0.9876 0.1023 -0.1190 0.33910 0.61040
0.09287 0.66775 0.01739 0.9718 0.1206 -0.2027 0.36270 0.61040
0.09220 0.68063 0.02027 0.9753 0.0935 -0.2003 0.36270 0.57530
0.09459 0.68039 0.03309 0.9899 0.0791 -0.1174 0.33910 0.57530
0.06875 0.64593 -0.03627 0.7111 0.1874 -0.6776 0.45730 0.68050
0.05917 0.64579 -0.04509 0.6305 0.2158 -0.7456 0.48090 0.68050
0.06883 0.65664 -0.03280 0.7023 0.2245 -0.6756 0.45730 0.64550
0.05873 0.65692 -0.04181 0.6271 0.2419 -0.7404 0.48090 0.64550
0.04941 0.64596 -0.05269 0.5554 0.2225 -0.8012 0.50460 0.68050
0.03963 0.64603 -0.05864 0.4573 0.2228 -0.8609 0.52830 0.68050
0.04898 0.65723 -0.04941 0.5598 0.2492 -0.7903 0.50460 0.64550
0.03921 0.65745 -0.05553 0.4654 0.2513 -0.8487 0.52830 0.64550
0.05776 0.66981 -0.03837 0.6317 0.2070 -0.7471 0.48090 0.61040
0.04803 0.67034 -0.04592 0.5651 0.2134 -0.7970 0.50460 0.61040
0.03831 0.67084 -0.05202 0.4758 0.2184 -0.8520 0.52830 0.61040
0.04705 0.68597 -0.04317 0.5639 0.1363 -0.8145 0.50460 0.57530
0.03720 0.68674 -0.04917 0.4773 0.1444 -0.8668 0.52830 0.57530
0.05710 0.68498 -0.03565 0.6374 0.1292 -0.7596 0.48090 0.57530
0.06805 0.66913 -0.02930 0.7082 0.2026 -0.6763 0.45730 0.61040
0.06693 0.68391 -0.02672 0.7166 0.1240 -0.6864 0.45730 0.57530
0.02988 0.64613 -0.06308 0.3466 0.2204 -0.9118 0.55190 0.68050
0.02019 0.64639 -0.06603 0.2244 0.2193 -0.9495 0.57560 0.68050
0.02948 0.65777 -0.06000 0.3542 0.2507 -0.9009 0.55190 0.64550
0.01980 0.65817 -0.06297 0.2280 0.2502 -0.9410 0.57560 0.64550
0.01027 0.64612 -0.06773 0.1031 0.2182 -0.9704 0.59930 0.68050
0.01006 0.65793 -0.06466 0.1030 0.2499 -0.9628 0.59930 0.64550
0.01945 0.67157 -0.05953 0.2340 0.2187 -0.9473 0.57560 0.61040
0.00981 0.67154 -0.06122 0.1037 0.2202 -0.9699 0.59930 0.61040
0.00943 0.68790 -0.05804 0.0980 0.1620 -0.9819 0.59930 0.57530
0.01874 0.68783 -0.05647 0.2300 0.1563 -0.9606 0.57560 0.57530
0.02884 0.67120 -0.05654 0.3642 0.2190 -0.9052 0.55190 0.61040
0.02801 0.68734 -0.05359 0.3651 0.1508 -0.9187 0.55190 0.57530
0.05942 0.61819 0.10342 0.7470 -0.1294 0.6521 0.05490 0.68050
0.06211 0.61964 0.10068 0.7553 -0.1208 0.6442 0.07860 0.68050
0.06679 0.62224 0.09551 0.7630 -0.0991 0.6387 0.10230 0.68050
0.06269 0.62796 0.10162 0.7715 -0.1262 0.6236 0.07860 0.64550
0.06707 0.63040 0.09646 0.7781 -0.1149 0.6175 0.10230 0.64550
0.06026 0.62676 0.10439 0.7609 -0.1341 0.6349 0.05490 0.64550
0.07209 0.62594 0.08969 0.7521 -0.0884 0.6531 0.12590 0.68050
0.07753 0.62989 0.08412 0.7333 -0.0921 0.6737 0.14960 0.68050
0.07204 0.63385 0.09082 0.7583 -0.1146 0.6418 0.12590 0.64550
0.07750 0.63764 0.08552 0.7423 -0.1130 0.6605 0.14960 0.64550
0.06767 0.63864 0.09735 0.7839 -0.1583 0.6003 0.10230 0.61040
0.07261 0.64199 0.09196 0.7717 -0.1575 0.6162 0.12590 0.61040
0.07738 0.64600 0.08709 0.7676 -0.1365 0.6263 0.14960 0.61040
0.07382 0.65146 0.09342 0.7924 -0.1702 0.5858 0.12590 0.57530
0.07797 0.65611 0.08896 0.7998 -0.1399 0.5838 0.14960 0.57530
0.06920 0.64769 0.09839 0.7792 -0.1809 0.6001 0.10230 0.57530
0.06112 0.63518 0.10505 0.7608 -0.1420 0.6332 0.05490 0.61040
0.06356 0.63628 0.10236 0.7734 -0.1483 0.6163 0.07860 0.61040
0.06489 0.64520 0.10308 0.7556 -0.1666 0.6335 0.07860 0.57530
0.06241 0.64427 0.10566 0.7393 -0.1550 0.6553 0.05490 0.57530
0.08301 0.63397 0.07885 0.7636 -0.0792 0.6408 0.17330 0.68050
0.08732 0.63779 0.07365 0.8261 -0.0487 0.5615 0.19690 0.68050
0.08239 0.64167 0.08064 0.7750 -0.0887 0.6257 0.17330 0.64550
0.08639 0.64589 0.07568 0.8314 -0.0544 0.5531 0.19690 0.64550
0.09093 0.64122 0.06802 0.8935 -0.0120 0.4489 0.22060 0.68050
0.09335 0.64446 0.06160 0.9382 0.0132 0.3459 0.24430 0.68050
0.08965 0.64951 0.07044 0.8871 -0.0321 0.4604 0.22060 0.64550
0.09251 0.65291 0.06423 0.9387 -0.0044 0.3448 0.24430 0.64550
0.08535 0.65497 0.07808 0.8375 -0.0793 0.5407 0.19690 0.61040
0.08887 0.65910 0.07306 0.8828 -0.0666 0.4650 0.22060 0.61040
0.09173 0.66248 0.06716 0.9395 -0.0382 0.3403 0.24430 0.61040
0.08830 0.67067 0.07605 0.8846 -0.0861 0.4584 0.22060 0.57530
0.09122 0.67425 0.07033 0.9357 -0.0627 0.3472 0.24430 0.57530
0.08491 0.66614 0.08085 0.8423 -0.1057 0.5286 0.19690 0.57530
0.08187 0.65038 0.08266 0.7971 -0.1007 0.5954 0.17330 0.61040
0.08145 0.66113 0.08497 0.8201 -0.1160 0.5603 0.17330 0.57530
0.09596 0.64641 0.05404 0.9697 0.0431 0.2406 0.26800 0.68050
0.09734 0.64765 0.04522 0.9913 0.0788 0.1052 0.29170 0.68050
0.09473 0.65494 0.05688 0.9699 0.0348 0.2408 0.26800 0.64550
0.09623 0.65665 0.04832 0.9902 0.0681 0.1217 0.29170 0.64550
0.09767 0.64817 0.03471 0.9948 0.0966 -0.0316 0.31540 0.68050
0.09684 0.65716 0.03810 0.9962 0.0874 -0.0013 0.31540 0.64550
0.09534 0.66686 0.05150 0.9924 0.0189 0.1213 0.29170 0.61040
0.09585 0.66757 0.04164 0.9980 0.0636 0.0025 0.31540 0.61040
0.09540 0.68000 0.04479 0.9985 0.0529 -0.0108 0.31540 0.57530
0.09515 0.67894 0.05485 0.9946 0.0124 0.1032 0.29170 0.57530
0.09351 0.66503 0.06000 0.9732 -0.0139 0.2297 0.26800 0.61040
0.09364 0.67706 0.06329 0.9746 -0.0312 0.2216 0.26800 0.57530
0.09351 0.69488 0.03513 0.9895 0.0719 -0.1257 0.33910 0.54020
0.09148 0.69539 0.02200 0.9736 0.0912 -0.2094 0.36270 0.54020
0.08797 0.69638 0.00847 0.9377 0.1092 -0.3299 0.38630 0.54020
0.08991 0.71283 0.02277 0.9620 0.1441 -0.2320 0.36270 0.50520
0.08556 0.71398 0.00936 0.9286 0.1614 -0.3341 0.38630 0.50520
0.09266 0.71178 0.03621 0.9829 0.1188 -0.1410 0.33910 0.50520
0.08221 0.69767 -0.00397 0.8801 0.1070 -0.4626 0.41000 0.54020
0.07527 0.69904 -0.01521 0.8081 0.0942 -0.5814 0.43360 0.54020
0.08013 0.71542 -0.00302 0.8830 0.1617 -0.4406 0.41000 0.50520
0.07350 0.71716 -0.01423 0.8125 0.1528 -0.5625 0.43360 0.50520
0.08183 0.73269 0.00987 0.9156 0.2258 -0.3326 0.38630 0.47010
0.07622 0.73454 -0.00232 0.8731 0.2277 -0.4312 0.41000 0.47010
0.06941 0.73629 -0.01331 0.8075 0.2241 -0.5457 0.43360 0.47010
0.07160 0.75221 -0.00093 0.8588 0.2900 -0.4222 0.41000 0.43500
0.06505 0.75426 -0.01129 0.8027 0.2847 -0.5240 0.43360 0.43500
0.07715 0.75047 0.01084 0.8994 0.2849 -0.3315 0.38630 0.43500
0.08970 0.72913 0.03690 0.9648 0.2113 -0.1564 0.33910 0.47010
0.08642 0.73073 0.02328 0.9444 0.2227 -0.2418 0.36270 0.47010
0.08175 0.74852 0.02400 0.9305 0.2747 -0.2423 0.36270 0.43500
0.08496 0.74692 0.03758 0.9494 0.2668 -0.1656 0.33910 0.43500
0.06630 0.70068 -0.02544 0.7164 0.0924 -0.6915 0.45730 0.54020
0.05624 0.70236 -0.03435 0.6351 0.0957 -0.7664 0.48090 0.54020
0.06484 0.71909 -0.02421 0.7211 0.1398 -0.6786 0.45730 0.50520
0.05484 0.72125 -0.03295 0.6400 0.1275 -0.7577 0.48090 0.50520
0.04613 0.70388 -0.04171 0.5587 0.0981 -0.8236 0.50460 0.54020
0.03638 0.70508 -0.04747 0.4687 0.1026 -0.8774 0.52830 0.54020
0.04508 0.72320 -0.04009 0.5626 0.1195 -0.8180 0.50460 0.50520
0.03571 0.72470 -0.04561 0.4656 0.1164 -0.8773 0.52830 0.50520
0.05244 0.74047 -0.03118 0.6570 0.1905 -0.7294 0.48090 0.47010
0.04325 0.74244 -0.03813 0.5760 0.1735 -0.7988 0.50460 0.47010
0.03424 0.74398 -0.04351 0.4762 0.1609 -0.8645 0.52830 0.47010
0.04088 0.75990 -0.03525 0.5940 0.2319 -0.7703 0.50460 0.43500
0.03255 0.76138 -0.04060 0.4978 0.2184 -0.8393 0.52830 0.43500
0.04932 0.75803 -0.02853 0.6756 0.2479 -0.6943 0.48090 0.43500
0.06143 0.73826 -0.02288 0.7296 0.2102 -0.6508 0.45730 0.47010
0.05720 0.75613 -0.02053 0.7409 0.2674 -0.6161 0.45730 0.43500
0.02714 0.70596 -0.05162 0.3528 0.1100 -0.9292 0.55190 0.54020
0.01806 0.70649 -0.05426 0.2185 0.1161 -0.9689 0.57560 0.54020
0.02649 0.72577 -0.04960 0.3450 0.1169 -0.9313 0.55190 0.50520
0.01756 0.72641 -0.05211 0.2142 0.1169 -0.9698 0.57560 0.50520
0.00912 0.70661 -0.05556 0.0899 0.1196 -0.9887 0.59930 0.54020
0.00880 0.72645 -0.05341 0.0899 0.1141 -0.9894 0.59930 0.50520
0.01683 0.74563 -0.04977 0.2203 0.1425 -0.9650 0.57560 0.47010
0.00842 0.74554 -0.05115 0.0984 0.1359 -0.9858 0.59930 0.47010
0.00810 0.76268 -0.04853 0.1113 0.1789 -0.9775 0.59930 0.43500
0.01612 0.76273 -0.04711 0.2370 0.1900 -0.9527 0.57560 0.43500
0.02546 0.74502 -0.04735 0.3514 0.1501 -0.9241 0.55190 0.47010
0.02440 0.76223 -0.04460 0.3735 0.2040 -0.9049 0.55190 0.43500
0.06390 0.65514 0.10637 0.6812 -0.1411 0.7184 0.05490 0.54020
0.06650 0.65612 0.10398 0.7123 -0.1499 0.6856 0.07860 0.54020
0.07080 0.65905 0.09970 0.7789 -0.1556 0.6075 0.10230 0.54020
0.06814 0.67004 0.10537 0.6767 -0.1200 0.7264 0.07860 0.50520
0.07197 0.67352 0.10155 0.7890 -0.0934 0.6072 0.10230 0.50520
0.06496 0.66869 0.10722 0.4208 -0.1347 0.8971 0.05490 0.50520
0.07484 0.66346 0.09521 0.8108 -0.1347 0.5697 0.12590 0.54020
0.07842 0.66883 0.09126 0.8229 -0.1099 0.5574 0.14960 0.54020
0.07537 0.67853 0.09759 0.8196 -0.0584 0.5700 0.12590 0.50520
0.07787 0.68435 0.09410 0.8038 -0.0416 0.5934 0.14960 0.50520
0.07066 0.69053 0.10435 0.7763 -0.0052 0.6303 0.10230 0.47010
0.07304 0.69588 0.10063 0.7992 0.0058 0.6010 0.12590 0.47010
0.07564 0.70206 0.09712 0.7719 -0.0137 0.6356 0.14960 0.47010
0.07034 0.71473 0.10386 0.7801 0.0008 0.6257 0.12590 0.43500
0.07372 0.72088 0.10016 0.7665 -0.0005 0.6423 0.14960 0.43500
0.06733 0.70929 0.10764 0.7588 0.0051 0.6513 0.10230 0.43500
0.06510 0.68510 0.10948 -0.0141 -0.1615 0.9868 0.05490 0.47010
0.06781 0.68675 0.10786 0.6532 -0.0512 0.7554 0.07860 0.47010
0.06395 0.70528 0.11107 0.6156 -0.0297 0.7875 0.07860 0.43500
0.06101 0.70325 0.11262 -0.0948 -0.1837 0.9784 0.05490 0.43500
0.08167 0.67445 0.08767 0.8153 -0.0994 0.5705 0.17330 0.54020
0.08491 0.67982 0.08393 0.8359 -0.0896 0.5416 0.19690 0.54020
0.08077 0.69039 0.09077 0.7776 -0.0493 0.6268 0.17330 0.50520
0.08431 0.69604 0.08692 0.8143 -0.0420 0.5790 0.19690 0.50520
0.08807 0.68464 0.07921 0.8840 -0.0685 0.4624 0.22060 0.54020
0.09106 0.68853 0.07343 0.9327 -0.0407 0.3583 0.24430 0.54020
0.08751 0.70114 0.08195 0.8769 -0.0186 0.4804 0.22060 0.50520
0.09052 0.70516 0.07593 0.9335 0.0120 0.3585 0.24430 0.50520
0.08289 0.71414 0.08941 0.8077 0.0129 0.5894 0.19690 0.47010
0.08604 0.71926 0.08435 0.8676 0.0543 0.4942 0.22060 0.47010
0.08893 0.72300 0.07800 0.9304 0.0975 0.3533 0.24430 0.47010
0.08295 0.73733 0.08628 0.8703 0.1333 0.4742 0.22060 0.43500
0.08548 0.74077 0.07953 0.9245 0.1877 0.3317 0.24430 0.43500
0.07990 0.73246 0.09179 0.8181 0.0795 0.5695 0.19690 0.43500
0.07902 0.70826 0.09358 0.7606 -0.0177 0.6490 0.17330 0.47010
0.07705 0.72694 0.09622 0.7796 0.0315 0.6255 0.17330 0.43500
0.09325 0.69130 0.06626 0.9784 -0.0008 0.2068 0.26800 0.54020
0.09406 0.69340 0.05761 0.9960 0.0316 0.0840 0.29170 0.54020
0.09261 0.70772 0.06844 0.9804 0.0459 0.1916 0.26800 0.50520
0.09361 0.70950 0.05943 0.9949 0.0718 0.0711 0.29170 0.50520
0.09457 0.69426 0.04721 0.9984 0.0529 -0.0188 0.31540 0.54020
0.09400 0.71060 0.04857 0.9951 0.0936 -0.0310 0.31540 0.50520
0.09146 0.72708 0.06075 0.9850 0.1626 0.0578 0.29170 0.47010
0.09134 0.72806 0.04963 0.9807 0.1882 -0.0530 0.31540 0.47010
0.08726 0.74618 0.05063 0.9638 0.2562 -0.0735 0.31540 0.43500
0.08774 0.74506 0.06198 0.9693 0.2409 0.0494 0.29170 0.43500
0.09083 0.72553 0.07011 0.9731 0.1365 0.1856 0.26800 0.47010
0.08699 0.74336 0.07151 0.9575 0.2226 0.1834 0.26800 0.43500
0.07997 0.76487 0.03893 0.9326 0.3220 -0.1631 0.33910 0.39990
0.07682 0.76536 0.02526 0.9132 0.3257 -0.2450 0.36270 0.39990
0.07207 0.76650 0.01263 0.8845 0.3304 -0.3294 0.38630 0.39990
0.07123 0.78013 0.02704 0.8876 0.3989 -0.2303 0.36270 0.36490
0.06724 0.78075 0.01441 0.8675 0.3868 -0.3129 0.38630 0.36490
0.07448 0.77979 0.04049 0.9004 0.4103 -0.1447 0.33910 0.36490
0.06662 0.76771 0.00107 0.8488 0.3304 -0.4129 0.41000 0.39990
0.06040 0.76933 -0.00915 0.8039 0.3217 -0.5003 0.43360 0.39990
0.06226 0.78127 0.00321 0.8364 0.3767 -0.3981 0.41000 0.36490
0.05648 0.78226 -0.00665 0.7988 0.3721 -0.4727 0.43360 0.36490
0.06192 0.79274 0.01648 0.8270 0.4888 -0.2779 0.38630 0.32980
0.05741 0.79312 0.00561 0.8018 0.4762 -0.3609 0.41000 0.32980
0.05222 0.79384 -0.00379 0.7672 0.4697 -0.4367 0.43360 0.32980
0.05185 0.80293 0.00836 0.7329 0.6081 -0.3051 0.41000 0.29470
0.04714 0.80335 -0.00075 0.7056 0.5980 -0.3801 0.43360 0.29470
0.05566 0.80286 0.01886 0.7485 0.6209 -0.2330 0.38630 0.29470
0.06800 0.79256 0.04210 0.8489 0.5163 -0.1128 0.33910 0.32980
0.06552 0.79264 0.02891 0.8417 0.5017 -0.1995 0.36270 0.32980
0.05870 0.80303 0.03110 0.7564 0.6334 -0.1631 0.36270 0.29470
0.06088 0.80308 0.04384 0.7607 0.6448 -0.0751 0.33910 0.29470
0.05358 0.77121 -0.01803 0.7524 0.3049 -0.5839 0.45730 0.39990
0.04629 0.77324 -0.02554 0.6887 0.2913 -0.6640 0.48090 0.39990
0.05025 0.78401 -0.01521 0.7503 0.3711 -0.5471 0.45730 0.36490
0.04334 0.78575 -0.02257 0.6905 0.3665 -0.6237 0.48090 0.36490
0.03862 0.77505 -0.03196 0.6110 0.2800 -0.7404 0.50460 0.39990
0.03085 0.77635 -0.03714 0.5171 0.2690 -0.8125 0.52830 0.39990
0.03627 0.78731 -0.02883 0.6187 0.3578 -0.6995 0.50460 0.36490
0.02901 0.78845 -0.03399 0.5280 0.3467 -0.7752 0.52830 0.36490
0.04008 0.79614 -0.01911 0.6714 0.4745 -0.5693 0.48090 0.32980
0.03345 0.79737 -0.02519 0.6074 0.4748 -0.6369 0.50460 0.32980
0.02681 0.79859 -0.03009 0.5233 0.4744 -0.7079 0.52830 0.32980
0.03034 0.80558 -0.02086 0.5706 0.6002 -0.5605 0.50460 0.29470
0.02436 0.80650 -0.02555 0.4865 0.6136 -0.6220 0.52830 0.29470
0.03637 0.80473 -0.01507 0.6262 0.5948 -0.5040 0.48090 0.29470
0.04628 0.79482 -0.01196 0.7242 0.4709 -0.5038 0.45730 0.32980
0.04200 0.80391 -0.00847 0.6711 0.5922 -0.4460 0.45730 0.29470
0.02311 0.77701 -0.04120 0.3979 0.2575 -0.8805 0.55190 0.39990
0.01540 0.77730 -0.04396 0.2607 0.2436 -0.9342 0.57560 0.39990
0.02178 0.78927 -0.03790 0.4109 0.3382 -0.8466 0.55190 0.36490
0.01453 0.78955 -0.04066 0.2773 0.3294 -0.9025 0.57560 0.36490
0.00781 0.77726 -0.04549 0.1271 0.2311 -0.9646 0.59930 0.39990
0.00740 0.78959 -0.04228 0.1391 0.3207 -0.9369 0.59930 0.36490
0.01346 0.79938 -0.03658 0.2758 0.4680 -0.8396 0.57560 0.32980
0.00687 0.79940 -0.03828 0.1377 0.4658 -0.8741 0.59930 0.32980
0.00629 0.80705 -0.03328 0.1224 0.6301 -0.7668 0.59930 0.29470
0.01226 0.80709 -0.03179 0.2524 0.6290 -0.7353 0.57560 0.29470
0.02016 0.79917 -0.03397 0.4052 0.4712 -0.7835 0.55190 0.32980
0.01828 0.80698 -0.02917 0.3730 0.6256 -0.6852 0.55190 0.29470
0.05815 0.72200 0.11586 -0.0940 -0.2102 0.9731 0.05490 0.39990
0.06107 0.72419 0.11456 0.5924 -0.0366 0.8048 0.07860 0.39990
0.06450 0.72832 0.11120 0.7300 0.0137 0.6833 0.10230 0.39990
0.05604 0.74156 0.11834 0.5556 -0.0047 0.8314 0.07860 0.36490
0.05974 0.74552 0.11498 0.6891 0.0634 0.7219 0.10230 0.36490
0.05336 0.73939 0.11954 -0.1156 -0.2499 0.9613 0.05490 0.36490
0.06767 0.73343 0.10723 0.7592 0.0305 0.6502 0.12590 0.39990
0.07083 0.73923 0.10308 0.7736 0.0576 0.6310 0.14960 0.39990
0.06340 0.75045 0.11074 0.7361 0.0958 0.6700 0.12590 0.36490
0.06645 0.75570 0.10610 0.7679 0.1322 0.6268 0.14960 0.36490
0.05404 0.76020 0.11838 0.6556 0.1238 0.7449 0.10230 0.32980
0.05777 0.76445 0.11391 0.7052 0.1732 0.6875 0.12590 0.32980
0.06107 0.76922 0.10912 0.7403 0.2351 0.6298 0.14960 0.32980
0.05171 0.77538 0.11668 0.6432 0.3038 0.7028 0.12590 0.29470
0.05473 0.77943 0.11146 0.6735 0.3864 0.6302 0.14960 0.29470
0.04798 0.77154 0.12126 0.5757 0.2334 0.7837 0.10230 0.29470
0.04766 0.75455 0.12302 -0.1460 -0.2641 0.9534 0.05490 0.32980
0.05037 0.75672 0.12189 0.5132 0.0357 0.8575 0.07860 0.32980
0.04439 0.76845 0.12441 0.3890 0.1225 0.9131 0.07860 0.29470
0.04185 0.76638 0.12514 -0.2170 -0.2340 0.9477 0.05490 0.29470
0.07361 0.74480 0.09875 0.7998 0.0985 0.5921 0.17330 0.39990
0.07639 0.74998 0.09374 0.8353 0.1511 0.5286 0.19690 0.39990
0.06929 0.76088 0.10125 0.7998 0.1862 0.5707 0.17330 0.36490
0.07169 0.76539 0.09577 0.8325 0.2567 0.4909 0.19690 0.36490
0.07892 0.75425 0.08783 0.8780 0.2148 0.4278 0.22060 0.39990
0.08064 0.75793 0.08090 0.9126 0.2677 0.3090 0.24430 0.39990
0.07350 0.76952 0.08954 0.8586 0.3249 0.3965 0.22060 0.36490
0.07501 0.77307 0.08230 0.8762 0.3748 0.3031 0.24430 0.36490
0.06557 0.77800 0.09790 0.7932 0.3859 0.4711 0.19690 0.32980
0.06691 0.78183 0.09129 0.8060 0.4471 0.3878 0.22060 0.32980
0.06819 0.78521 0.08385 0.8160 0.4902 0.3065 0.24430 0.32980
0.05982 0.79131 0.09310 0.7057 0.5793 0.4079 0.22060 0.29470
0.06085 0.79490 0.08539 0.7187 0.6123 0.3295 0.24430 0.29470
0.05880 0.78732 0.09998 0.6976 0.5297 0.4824 0.19690 0.29470
0.06359 0.77379 0.10377 0.7688 0.3101 0.5593 0.17330 0.32980
0.05704 0.78338 0.10597 0.6858 0.4633 0.5612 0.17330 0.29470
0.08204 0.76085 0.07278 0.9353 0.3012 0.1857 0.26800 0.39990
0.08262 0.76270 0.06321 0.9461 0.3194 0.0540 0.29170 0.39990
0.07620 0.77561 0.07415 0.8925 0.4076 0.1934 0.26800 0.36490
0.07662 0.77766 0.06444 0.9033 0.4222 0.0765 0.29170 0.36490
0.08192 0.76405 0.05187 0.9439 0.3231 -0.0679 0.31540 0.39990
0.07622 0.77911 0.05323 0.9068 0.4198 -0.0384 0.31540 0.36490
0.06963 0.79013 0.06566 0.8421 0.5278 0.1104 0.29170 0.32980
0.06934 0.79176 0.05453 0.8501 0.5266 -0.0028 0.31540 0.32980
0.06192 0.80229 0.05593 0.7578 0.6514 0.0375 0.31540 0.29470
0.06211 0.80043 0.06692 0.7472 0.6475 0.1497 0.29170 0.29470
0.06912 0.78788 0.07539 0.8292 0.5178 0.2105 0.26800 0.32980
0.06161 0.79785 0.07675 0.7333 0.6352 0.2424 0.26800 0.29470
0.05120 0.81104 0.03333 0.6338 0.7637 -0.1223 0.36270 0.25950
0.04857 0.81082 0.02164 0.6314 0.7535 -0.1831 0.38630 0.25950
0.04256 0.81723 0.03539 0.4984 0.8631 -0.0815 0.36270 0.22460
0.04063 0.81685 0.02469 0.5008 0.8546 -0.1372 0.38630 0.22460
0.04386 0.81703 0.04663 0.4943 0.8693 -0.0038 0.33910 0.22460
0.05284 0.81105 0.04536 0.6316 0.7744 -0.0375 0.33910 0.25950
0.04535 0.81065 0.01137 0.6240 0.7438 -0.2397 0.41000 0.25950
0.04147 0.81078 0.00273 0.6092 0.7339 -0.3004 0.43360 0.25950
0.03804 0.81659 0.01480 0.5008 0.8472 -0.1776 0.41000 0.22460
0.03476 0.81655 0.00651 0.4966 0.8399 -0.2192 0.43360 0.22460
0.03156 0.82170 0.02764 0.3651 0.9259 -0.0974 0.38630 0.18950
0.02955 0.82141 0.01871 0.3593 0.9244 -0.1282 0.41000 0.18950
0.02710 0.82129 0.01088 0.3487 0.9255 -0.1478 0.43360 0.18950
0.02085 0.82444 0.02268 0.1326 0.9871 -0.0894 0.41000 0.15440
0.01890 0.82392 0.01548 0.1024 0.9906 -0.0902 0.43360 0.15440
0.02230 0.82480 0.03087 0.1579 0.9854 -0.0630 0.38630 0.15440
0.03403 0.82165 0.04782 0.3598 0.9327 0.0258 0.33910 0.18950
0.03311 0.82192 0.03756 0.3645 0.9301 -0.0451 0.36270 0.18950
0.02336 0.82498 0.03983 0.1729 0.9849 -0.0126 0.36270 0.15440
0.02407 0.82462 0.04926 0.1788 0.9825 0.0521 0.33910 0.15440
0.03704 0.81107 -0.00457 0.5861 0.7254 -0.3610 0.45730 0.25950
0.03196 0.81170 -0.01085 0.5524 0.7226 -0.4156 0.48090 0.25950
0.03103 0.81687 -0.00023 0.4798 0.8358 -0.2670 0.45730 0.22460
0.02683 0.81726 -0.00591 0.4474 0.8381 -0.3122 0.48090 0.22460
0.02679 0.81241 -0.01598 0.4995 0.7293 -0.4676 0.50460 0.25950
0.02142 0.81296 -0.02021 0.4125 0.7459 -0.5229 0.52830 0.25950
0.02244 0.81771 -0.01063 0.3895 0.8486 -0.3580 0.50460 0.22460
0.01786 0.81780 -0.01451 0.3125 0.8580 -0.4077 0.52830 0.22460
0.02077 0.82145 -0.00066 0.2878 0.9355 -0.2049 0.48090 0.18950
0.01723 0.82145 -0.00493 0.2351 0.9427 -0.2368 0.50460 0.18950
0.01357 0.82128 -0.00843 0.1788 0.9467 -0.2679 0.52830 0.18950
0.01156 0.82325 0.00101 -0.0081 0.9965 -0.0828 0.50460 0.15440
0.00881 0.82291 -0.00233 -0.0488 0.9950 -0.0874 0.52830 0.15440
0.01428 0.82348 0.00480 0.0369 0.9961 -0.0799 0.48090 0.15440
0.02418 0.82140 0.00456 0.3264 0.9292 -0.1732 0.45730 0.18950
0.01678 0.82364 0.00945 0.0755 0.9939 -0.0804 0.45730 0.15440
0.01608 0.81298 -0.02355 0.3149 0.7577 -0.5716 0.55190 0.25950
0.01078 0.81295 -0.02600 0.2144 0.7631 -0.6097 0.57560 0.25950
0.01333 0.81774 -0.01755 0.2382 0.8620 -0.4474 0.55190 0.22460
0.00889 0.81758 -0.01977 0.1643 0.8623 -0.4790 0.57560 0.22460
0.00555 0.81285 -0.02747 0.1052 0.7618 -0.6392 0.59930 0.25950
0.00456 0.81744 -0.02111 0.0888 0.8599 -0.5027 0.59930 0.22460
0.00325 0.82060 -0.01450 0.0414 0.9493 -0.3116 0.59930 0.18950
0.00180 0.82176 -0.00800 -0.2761 0.9581 -0.0769 0.59930 0.15440
0.00649 0.82080 -0.01319 0.0707 0.9493 -0.3062 0.57560 0.18950
0.00369 0.82212 -0.00689 -0.1507 0.9856 -0.0766 0.57560 0.15440
0.00992 0.82113 -0.01107 0.1222 0.9498 -0.2879 0.55190 0.18950
0.00611 0.82252 -0.00495 -0.0956 0.9919 -0.0836 0.55190 0.15440
0.03840 0.77593 0.12480 0.2285 0.1973 0.9533 0.07860 0.25950
0.04165 0.77896 0.12250 0.4257 0.3629 0.8289 0.10230 0.25950
0.03159 0.78112 0.12476 0.1862 0.1881 0.9643 0.07860 0.22460
0.03423 0.78431 0.12285 0.3221 0.4127 0.8520 0.10230 0.22460
0.02972 0.77898 0.12489 -0.1302 -0.4090 0.9032 0.05490 0.22460
0.03610 0.77396 0.12494 -0.2792 -0.2655 0.9228 0.05490 0.25950
0.04490 0.78255 0.11857 0.5163 0.4606 0.7220 0.12590 0.25950
0.04757 0.78629 0.11343 0.5538 0.5460 0.6287 0.14960 0.25950
0.03699 0.78783 0.11951 0.4059 0.5487 0.7309 0.12590 0.22460
0.03928 0.79155 0.11466 0.4477 0.6435 0.6209 0.14960 0.22460
0.02617 0.78835 0.12386 0.2352 0.4306 0.8714 0.10230 0.18950
0.02839 0.79294 0.12005 0.3201 0.5884 0.7426 0.12590 0.18950
0.03030 0.79677 0.11500 0.3830 0.6897 0.6145 0.14960 0.18950
0.01950 0.79745 0.11961 0.1998 0.6172 0.7610 0.12590 0.15440
0.02107 0.80190 0.11449 0.2805 0.7317 0.6213 0.14960 0.15440
0.01770 0.79067 0.12406 0.1132 0.4551 0.8832 0.10230 0.15440
0.02264 0.78086 0.12619 0.0806 -0.4945 0.8654 0.05490 0.18950
0.02407 0.78363 0.12593 0.1775 0.1958 0.9645 0.07860 0.18950
0.01609 0.78390 0.12706 0.0933 0.2612 0.9608 0.07860 0.15440
0.01523 0.78058 0.12773 0.0680 -0.5042 0.8609 0.05490 0.15440
0.04961 0.79000 0.10774 0.5594 0.6068 0.5647 0.17330 0.25950
0.05096 0.79405 0.10146 0.5615 0.6552 0.5054 0.19690 0.25950
0.04102 0.79533 0.10882 0.4556 0.6927 0.5591 0.17330 0.22460
0.04219 0.79959 0.10237 0.4561 0.7259 0.5148 0.19690 0.22460
0.05188 0.79822 0.09439 0.5712 0.6915 0.4423 0.22060 0.25950
0.05267 0.80210 0.08660 0.5894 0.7198 0.3668 0.24430 0.25950
0.04290 0.80388 0.09517 0.4610 0.7568 0.4634 0.22060 0.22460
0.04364 0.80808 0.08719 0.4721 0.7898 0.3916 0.24430 0.22460
0.03255 0.80477 0.10249 0.3988 0.7625 0.5095 0.19690 0.18950
0.03320 0.80901 0.09530 0.3926 0.7994 0.4548 0.22060 0.18950
0.03376 0.81302 0.08732 0.3742 0.8454 0.3812 0.24430 0.18950
0.02359 0.81370 0.09485 0.2893 0.8610 0.4183 0.22060 0.15440
0.02398 0.81682 0.08696 0.2497 0.9070 0.3390 0.24430 0.15440
0.02299 0.80990 0.10202 0.3093 0.8106 0.4973 0.19690 0.15440
0.03167 0.80061 0.10910 0.3988 0.7341 0.5496 0.17330 0.18950
0.02219 0.80578 0.10854 0.3098 0.7774 0.5474 0.17330 0.15440
0.05327 0.80539 0.07790 0.6091 0.7429 0.2777 0.26800 0.25950
0.05371 0.80812 0.06792 0.6233 0.7604 0.1825 0.29170 0.25950
0.04415 0.81164 0.07839 0.4831 0.8225 0.3003 0.26800 0.22460
0.04455 0.81455 0.06839 0.4894 0.8492 0.1983 0.29170 0.22460
0.05363 0.81014 0.05700 0.6292 0.7740 0.0707 0.31540 0.25950
0.04451 0.81628 0.05769 0.4911 0.8665 0.0890 0.31540 0.22460
0.03442 0.81912 0.06869 0.3453 0.9160 0.2041 0.29170 0.18950
0.03438 0.82078 0.05833 0.3500 0.9306 0.1069 0.31540 0.18950
0.02431 0.82369 0.05918 0.1781 0.9760 0.1253 0.31540 0.15440
0.02429 0.82194 0.06892 0.1845 0.9619 0.2016 0.29170 0.15440
0.03421 0.81638 0.07848 0.3545 0.8864 0.2978 0.26800 0.18950
0.02418 0.81961 0.07836 0.2087 0.9394 0.2720 0.26800 0.15440
0.01382 0.82519 0.03372 -0.1240 0.9915 -0.0402 0.38630 0.11940
0.01462 0.82540 0.04187 -0.0940 0.9956 0.0069 0.36270 0.11940
0.00765 0.82371 0.04345 -0.2989 0.9543 0.0059 0.36270 0.08460
0.00719 0.82332 0.03584 -0.3321 0.9425 -0.0371 0.38630 0.08460
0.01517 0.82510 0.05078 -0.0702 0.9953 0.0664 0.33910 0.11950
0.00790 0.82351 0.05189 -0.2746 0.9595 0.0633 0.33910 0.08460
0.01157 0.82385 0.01972 -0.1981 0.9784 -0.0592 0.43360 0.11940
0.01289 0.82449 0.02619 -0.1565 0.9855 -0.0650 0.41000 0.11940
0.00638 0.82276 0.02913 -0.3735 0.9255 -0.0629 0.41000 0.08440
0.00554 0.82185 0.02314 -0.4183 0.9060 -0.0654 0.43360 0.08440
0.00123 0.81961 0.02548 -0.5843 0.8080 -0.0760 0.43360 0.04950
0.00183 0.82059 0.03107 -0.5385 0.8399 -0.0684 0.41000 0.04950
-0.00076 0.81859 0.03218 -0.9643 0.2643 0.0172 0.41000 0.01460
-0.00115 0.81760 0.02677 -0.9748 0.2193 0.0413 0.43360 0.01450
0.00228 0.82135 0.03739 -0.4967 0.8668 -0.0437 0.38630 0.04960
-0.00047 0.81936 0.03825 -0.9540 0.2997 0.0111 0.38630 0.01460
-0.00023 0.81981 0.04517 -0.9440 0.3295 0.0168 0.36270 0.01460
0.00260 0.82178 0.04456 -0.4686 0.8834 0.0023 0.36270 0.04960
0.00270 0.82151 0.05257 -0.4580 0.8873 0.0550 0.33910 0.04960
-0.00018 0.81955 0.05291 -0.9447 0.3276 0.0176 0.33910 0.01460
0.00826 0.82279 0.00978 -0.2703 0.9626 0.0165 0.48090 0.11940
0.01004 0.82326 0.01420 -0.2344 0.9718 -0.0248 0.45730 0.11940
0.00448 0.82094 0.01807 -0.4613 0.8867 -0.0296 0.45730 0.08440
0.00322 0.82022 0.01374 -0.4978 0.8669 0.0262 0.48090 0.08440
0.00429 0.82189 0.00307 -0.3536 0.9324 0.0753 0.52830 0.11940
0.00630 0.82234 0.00616 -0.3103 0.9493 0.0493 0.50460 0.11940
0.00182 0.81960 0.01014 -0.5392 0.8387 0.0758 0.50460 0.08430
0.00032 0.81894 0.00693 -0.5889 0.7996 0.1172 0.52830 0.08430
-0.00255 0.81601 0.00910 -0.7741 0.6235 0.1096 0.52830 0.04920
-0.00148 0.81682 0.01253 -0.7233 0.6875 0.0637 0.50460 0.04930
-0.00295 0.81458 0.01370 -0.9823 0.0114 0.1872 0.50460 0.01420
-0.00373 0.81374 0.01009 -0.9699 -0.0732 0.2323 0.52830 0.01420
-0.00045 0.81764 0.01630 -0.6744 0.7384 0.0086 0.48090 0.04930
-0.00224 0.81548 0.01761 -0.9864 0.0912 0.1366 0.48090 0.01430
-0.00164 0.81652 0.02195 -0.9834 0.1610 0.0835 0.45730 0.01450
0.00047 0.81858 0.02059 -0.6280 0.7768 -0.0467 0.45730 0.04950
0.00069 0.82083 -0.00153 -0.4925 0.8655 0.0918 0.57560 0.11920
0.00236 0.82137 0.00047 -0.4055 0.9090 0.0962 0.55190 0.11920
-0.00116 0.81827 0.00412 -0.6495 0.7475 0.1390 0.55190 0.08410
-0.00230 0.81756 0.00189 -0.7348 0.6721 0.0915 0.57560 0.08410
-0.00191 0.81640 0.00050 0.1546 -0.5248 -0.8371 0.62290 0.08380
-0.00026 0.82029 -0.00271 -0.7222 0.6834 -0.1065 0.59930 0.11920
-0.00277 0.81686 0.00052 -0.7880 0.2411 -0.5665 0.59930 0.08400
-0.00428 0.81289 0.00158 -0.0571 -0.1835 -0.9814 0.62290 0.04860
-0.00494 0.81353 0.00193 -0.8559 0.2482 -0.4537 0.59930 0.04870
-0.00558 0.81121 0.00253 -0.9204 -0.3579 -0.1572 0.59930 0.01360
-0.00534 0.81092 0.00194 -0.3338 -0.4744 -0.8146 0.62290 0.01330
-0.00450 0.81431 0.00353 -0.8783 0.4696 0.0900 0.57560 0.04890
-0.00519 0.81196 0.00417 -0.9276 -0.1990 0.3161 0.57560 0.01380
-0.00452 0.81286 0.00682 -0.9478 -0.1554 0.2786 0.55190 0.01390
-0.00361 0.81519 0.00602 -0.8254 0.5484 0.1340 0.55190 0.04900
0.00314 0.78475 0.12590 -0.2035 0.3533 0.9131 0.07860 0.08430
0.00883 0.78505 0.12685 -0.0696 0.3312 0.9410 0.07860 0.11940
0.00856 0.78118 0.12785 -0.0857 -0.4090 0.9085 0.05490 0.11940
0.00341 0.78125 0.12698 -0.1845 -0.3950 0.9000 0.05490 0.08430
0.00997 0.79268 0.12352 -0.0492 0.4783 0.8768 0.10230 0.11940
0.00377 0.79234 0.12257 -0.2484 0.4919 0.8345 0.10230 0.08430
0.00496 0.79929 0.11821 -0.2585 0.6318 0.7307 0.12590 0.08430
0.01148 0.79985 0.11903 -0.0023 0.6412 0.7673 0.12590 0.11940
0.01283 0.80467 0.11395 0.0600 0.7710 0.6340 0.14960 0.11940
0.00606 0.80449 0.11313 -0.2198 0.7536 0.6195 0.14960 0.08430
-0.00160 0.80011 0.11131 -0.9836 0.1741 0.0465 0.14960 0.01420
0.00111 0.80267 0.11239 -0.5300 0.6521 0.5422 0.14960 0.04920
0.00010 0.79710 0.11735 -0.5645 0.5539 0.6120 0.12590 0.04920
-0.00238 0.79439 0.11615 -0.9917 0.1253 0.0286 0.12590 0.01420
-0.00080 0.79048 0.12175 -0.5471 0.4579 0.7007 0.10230 0.04920
-0.00291 0.78797 0.12047 -0.9970 0.0618 0.0464 0.10230 0.01420
-0.00295 0.78331 0.12370 -0.9831 -0.0527 0.1751 0.07860 0.01420
-0.00102 0.78439 0.12506 -0.4628 0.3628 0.8088 0.07860 0.04930
-0.00039 0.78159 0.12613 -0.3288 -0.3191 0.8888 0.05490 0.04930
-0.00250 0.78140 0.12515 -0.7769 -0.4146 0.4740 0.05490 0.01420
0.00690 0.80891 0.10725 -0.1705 0.8225 0.5425 0.17330 0.08430
0.01378 0.80874 0.10799 0.0991 0.8271 0.5532 0.17330 0.11940
0.01451 0.81268 0.10141 0.1070 0.8719 0.4779 0.19690 0.11940
0.00754 0.81297 0.10081 -0.1456 0.8828 0.4466 0.19690 0.08440
0.00799 0.81585 0.09376 -0.1507 0.9347 0.3218 0.22060 0.08440
0.01496 0.81595 0.09437 0.0830 0.9252 0.3702 0.22060 0.11940
0.01527 0.81839 0.08687 0.0403 0.9561 0.2903 0.24430 0.11940
0.00824 0.81784 0.08637 -0.1765 0.9536 0.2438 0.24430 0.08440
0.00305 0.81648 0.08607 -0.4167 0.8854 0.2060 0.24430 0.04950
0.00282 0.81462 0.09322 -0.4232 0.8625 0.2774 0.22060 0.04950
-0.00013 0.81261 0.09262 -0.9460 0.3150 0.0769 0.22060 0.01450
0.00008 0.81455 0.08557 -0.9412 0.3317 0.0641 0.24430 0.01450
0.00239 0.81165 0.10017 -0.4454 0.8042 0.3935 0.19690 0.04930
-0.00050 0.80955 0.09942 -0.9585 0.2702 0.0910 0.19690 0.01430
-0.00098 0.80528 0.10567 -0.9733 0.2155 0.0794 0.17330 0.01420
0.00182 0.80755 0.10658 -0.4815 0.7309 0.4838 0.17330 0.04930
0.00824 0.82127 0.06973 -0.2353 0.9570 0.1696 0.29170 0.08460
0.01547 0.82260 0.06952 -0.0360 0.9812 0.1894 0.29170 0.11940
0.01544 0.82062 0.07859 -0.0033 0.9711 0.2388 0.26800 0.11940
0.00832 0.81971 0.07845 -0.2088 0.9567 0.2029 0.26800 0.08440
0.01540 0.82414 0.06016 -0.0550 0.9897 0.1322 0.31540 0.11940
0.00784 0.82269 0.06081 -0.2580 0.9581 0.1240 0.31540 0.08460
0.00253 0.82073 0.06116 -0.4548 0.8835 0.1121 0.31540 0.04960
-0.00033 0.81870 0.06121 -0.9486 0.3126 0.0490 0.31540 0.01460
0.00298 0.81954 0.06984 -0.4379 0.8860 0.1526 0.29170 0.04960
0.00006 0.81754 0.06971 -0.9425 0.3255 0.0754 0.29170 0.01460
0.00017 0.81620 0.07794 -0.9376 0.3415 0.0655 0.26800 0.01460
0.00313 0.81814 0.07824 -0.4239 0.8889 0.1734 0.26800 0.04960
-0.03793 0.76447 0.12349 0.5508 -0.5831 0.5971 0.05490 0.29470
-0.04572 0.75341 0.12128 0.5893 -0.4826 0.6480 0.05490 0.32980
-0.00065 0.78125 0.12102 -0.8168 -0.4104 -0.4054 0.07860 0.01420
-0.00068 0.78574 0.11808 -0.8256 -0.2957 -0.4806 0.10230 0.01420
0.00096 0.81499 0.06092 -0.9467 -0.3211 -0.0266 0.31540 0.01460
0.00109 0.81583 0.05279 -0.9464 -0.3220 -0.0265 0.33910 0.01460
0.00088 0.81566 0.03850 -0.9381 -0.3407 0.0624 0.38630 0.01460
0.00071 0.81499 0.03259 -0.9240 -0.3694 0.0991 0.41000 0.01460
-0.00009 0.80533 0.09804 0.8363 -0.4669 -0.2874 0.19690 0.01430
0.00013 0.80133 0.10423 0.8313 -0.4490 -0.3277 0.17330 0.01420
0.00120 0.80912 0.09149 -0.9393 -0.3130 -0.1407 0.22060 0.01450
0.00124 0.81096 0.08463 -0.9528 -0.2919 -0.0834 0.24430 0.01450
0.00031 0.79742 0.10923 -0.8631 -0.2931 -0.4113 0.14960 0.01420
0.00075 0.80232 0.10380 -0.8916 -0.3170 -0.3234 0.17330 0.01420
-0.00013 0.81599 0.05299 0.9300 -0.3654 -0.0390 0.33910 0.01460
-0.00000 0.81535 0.06103 0.9151 -0.3990 -0.0587 0.31540 0.01460
0.06257 0.67273 0.10563 -0.6323 -0.1096 0.7669 0.05490 0.50520
0.06192 0.68527 0.10708 -0.6221 -0.1890 0.7598 0.05490 0.47010
0.00126 0.81254 0.07719 -0.9570 -0.2852 -0.0537 0.26800 0.01460
0.00125 0.81385 0.06921 -0.9525 -0.3036 -0.0226 0.29170 0.01460
-0.00030 0.79181 0.11398 -0.8364 -0.2749 -0.4741 0.12590 0.01420
0.05804 0.70310 0.11002 -0.6316 -0.2410 0.7369 0.05490 0.43500
-0.01643 0.77861 0.12433 0.3284 -0.5736 0.7504 0.05490 0.15440
-0.02117 0.77552 0.12508 0.3407 -0.5446 0.7664 0.05490 0.18950
-0.00021 0.81230 0.07710 0.8998 -0.4257 -0.0956 0.26800 0.01460
-0.00029 0.81039 0.08457 0.8839 -0.4465 -0.1394 0.24430 0.01450
0.00154 0.81152 0.01418 0.7921 -0.5601 0.2426 0.50460 0.01420
0.00108 0.81226 0.01828 0.8420 -0.4952 0.2139 0.48090 0.01430
0.00049 0.81410 0.02730 -0.9041 -0.4027 0.1426 0.43360 0.01450
0.00017 0.81312 0.02250 -0.8776 -0.4428 0.1836 0.45730 0.01450
-0.05212 0.73913 0.11826 0.6176 -0.3536 0.7026 0.05490 0.36490
-0.05614 0.72274 0.11527 0.6325 -0.2355 0.7379 0.05490 0.39990
0.00104 0.80627 0.09790 -0.9177 -0.3234 -0.2308 0.19690 0.01430
0.00207 0.81087 0.01039 0.7277 -0.6283 0.2752 0.52830 0.01420
0.05538 0.72167 0.11313 -0.6541 -0.2695 0.7067 0.05490 0.39990
0.05065 0.73894 0.11670 -0.6529 -0.3548 0.6692 0.05490 0.36490
0.02134 0.77943 0.12262 -0.0326 -0.9193 0.3922 0.05490 0.18950
0.01479 0.77941 0.12427 0.0225 -0.9380 0.3459 0.05490 0.15440
0.00071 0.81319 0.02272 0.8778 -0.4437 0.1807 0.45730 0.01450
0.00039 0.81416 0.02751 0.9022 -0.4070 0.1426 0.43360 0.01450
-0.01204 0.77998 0.12393 0.1333 -0.6707 0.7296 0.05490 0.11940
-0.02586 0.77347 0.12493 0.3019 -0.6303 0.7152 0.05490 0.22460
-0.03115 0.77062 0.12398 0.4265 -0.6546 0.6242 0.05490 0.25950
0.00315 0.80962 0.00459 0.5984 -0.6862 0.4135 0.57560 0.01380
0.00263 0.81027 0.00703 0.6546 -0.6807 0.3289 0.55190 0.01390
-0.00017 0.77954 0.12263 -0.5477 -0.8257 0.1350 0.05490 0.01420
-0.00121 0.81086 0.01025 -0.7325 -0.6258 0.2682 0.52830 0.01420
-0.00173 0.81025 0.00692 -0.6601 -0.6806 0.3178 0.55190 0.01390
0.00098 0.81550 0.00316 -0.5163 -0.5398 -0.6649 0.62290 0.08380
0.00237 0.81172 0.00349 -0.4446 -0.3055 -0.8420 0.62290 0.04860
-0.00026 0.80820 0.09147 0.8591 -0.4688 -0.2053 0.22060 0.01450
0.00349 0.80909 0.00346 0.5655 -0.7955 0.2175 0.59930 0.01360
0.00339 0.80933 0.00325 0.1241 -0.7521 -0.6472 0.62290 0.01330
0.00183 0.77956 0.12350 -0.1528 -0.8619 0.4835 0.05490 0.04930
-0.00219 0.80964 0.00450 -0.6024 -0.6867 0.4069 0.57560 0.01380
-0.00250 0.80909 0.00340 -0.5638 -0.8011 0.2013 0.59930 0.01360
-0.00239 0.80936 0.00323 -0.0948 -0.7384 -0.6676 0.62290 0.01330
0.02786 0.77733 0.12137 -0.3335 -0.7884 0.5168 0.05490 0.22460
-0.00008 0.81405 0.06917 0.9067 -0.4158 -0.0708 0.29170 0.01460
-0.00817 0.77993 0.12365 -0.0615 -0.7070 0.7045 0.05490 0.08430
-0.00023 0.81222 0.01809 -0.8427 -0.4934 0.2154 0.48090 0.01430
-0.00071 0.81149 0.01402 -0.7953 -0.5567 0.2401 0.50460 0.01420
0.00037 0.81561 0.00308 0.5269 -0.5255 -0.6680 0.62290 0.08380
0.00044 0.81743 0.00181 0.0372 -0.8244 -0.5647 0.62290 0.11910
-0.00127 0.81178 0.00350 0.4467 -0.3250 -0.8336 0.62290 0.04860
0.03935 0.76562 0.12177 -0.6581 -0.4556 0.5994 0.05490 0.29470
0.03382 0.77276 0.12142 -0.5760 -0.5780 0.5780 0.05490 0.25950
0.00921 0.77973 0.12470 -0.0583 -0.9158 0.3973 0.05490 0.11940
-0.05761 0.70525 0.11227 0.6163 -0.2207 0.7560 0.05490 0.43500
0.00015 0.81504 0.03279 0.9216 -0.3742 0.1026 0.41000 0.01460
-0.00002 0.81572 0.03869 0.9369 -0.3437 0.0636 0.38630 0.01460
-0.00015 0.81614 0.04545 0.9412 -0.3376 0.0115 0.36270 0.01460
0.00498 0.77964 0.12416 -0.0937 -0.8861 0.4538 0.05490 0.08430
0.00003 0.79671 0.10992 0.8482 -0.4204 -0.3221 0.14960 0.01420
-0.00054 0.79160 0.11461 0.8675 -0.3745 -0.3273 0.12590 0.01420
-0.00145 0.78575 0.11830 0.8776 -0.3052 -0.3696 0.10230 0.01420
0.04502 0.75416 0.11999 -0.6589 -0.4099 0.6308 0.05490 0.32980
-0.00479 0.77922 0.12330 -0.1275 -0.7696 0.6257 0.05490 0.04930
0.00101 0.81608 0.04523 -0.9460 -0.3234 0.0215 0.36270 0.01460
-0.00255 0.77872 0.12257 0.4207 -0.8846 0.2012 0.05490 0.01420
-0.00172 0.78058 0.12118 0.8514 -0.3879 -0.3530 0.07860 0.01420
-0.06056 0.68814 0.10894 0.6171 -0.2227 0.7547 0.05490 0.47010
-0.06202 0.67592 0.10682 0.6358 -0.1874 0.7487 0.05490 0.50520
0 2 1
0 3 2
1 5 4
1 2 5
6 4 7
6 1 4
8 1 6
8 0 1
4 10 9
4 5 10
9 12 11
9 10 12
13 11 14
13 9 11
7 9 13
7 4 9
15 13 16
15 7 13
16 14 17
16 13 14
18 17 19
18 16 17
20 16 18
20 15 16
21 6 22
21 8 6
22 7 15
22 6 7
23 15 20
23 22 15
24 22 23
24 21 22
25 23 26
25 24 23
26 20 27
26 23 20
28 27 29
28 26 27
30 26 28
30 25 26
27 18 31
27 20 18
31 19 32
31 18 19
33 32 34
33 31 32
29 31 33
29 27 31
35 33 36
35 29 33
36 34 37
36 33 34
38 37 39
38 36 37
40 36 38
40 35 36
41 28 42
41 30 28
42 29 35
42 28 29
43 35 40
43 42 35
44 42 43
44 41 42
45 43 46
45 44 43
46 40 47
46 43 40
48 47 49
48 46 47
50 46 48
50 45 46
47 38 51
47 40 38
51 39 52
51 38 39
53 52 54
53 51 52
49 51 53
49 47 51
55 53 56
55 49 53
56 54 57
56 53 54
58 57 59
58 56 57
58 55 56
58 60 55
61 48 62
61 50 48
62 49 55
62 48 49
63 55 60
63 62 55
64 62 63
64 61 62
65 67 66
65 68 67
65 70 69
65 66 70
71 69 72
71 65 69
71 68 65
71 73 68
69 75 74
69 70 75
74 77 76
74 75 77
78 76 79
78 74 76
72 74 78
72 69 74
80 78 81
80 72 78
81 79 82
81 78 79
83 82 84
83 81 82
85 81 83
85 80 81
86 71 87
86 73 71
87 72 80
87 71 72
88 80 85
88 87 80
89 87 88
89 86 87
90 88 91
90 89 88
91 85 92
91 88 85
93 92 94
93 91 92
95 91 93
95 90 91
92 83 96
92 85 83
96 84 97
96 83 84
98 97 99
98 96 97
94 96 98
94 92 96
100 98 101
100 94 98
101 99 102
101 98 99
103 102 104
103 101 102
105 101 103
105 100 101
106 93 107
106 95 93
107 94 100
107 93 94
108 100 105
108 107 100
109 107 108
109 106 107
110 108 111
110 109 108
111 105 112
111 108 105
113 112 114
113 111 112
115 111 113
115 110 111
112 103 116
112 105 103
116 104 117
116 103 104
118 117 119
118 116 117
114 116 118
114 112 116
120 118 121
120 114 118
121 119 122
121 118 119
10 122 12
10 121 122
5 121 10
5 120 121
123 113 124
123 115 113
124 114 120
124 113 114
2 120 5
2 124 120
3 124 2
3 123 124
14 126 125
14 11 126
11 127 126
11 12 127
126 129 128
126 127 129
125 128 130
125 126 128
128 132 131
128 129 132
131 134 133
131 132 134
135 133 136
135 131 133
130 131 135
130 128 131
137 130 135
137 138 130
137 136 139
137 135 136
140 139 141
140 137 139
142 137 140
142 138 137
17 125 143
17 14 125
143 130 138
143 125 130
144 138 142
144 143 138
19 143 144
19 17 143
32 144 145
32 19 144
145 142 146
145 144 142
147 146 148
147 145 146
34 145 147
34 32 145
149 142 140
149 146 142
149 141 150
149 140 141
151 150 152
151 149 150
148 149 151
148 146 149
153 151 154
153 148 151
154 152 155
154 151 152
156 155 157
156 154 155
156 153 154
156 158 153
39 160 159
39 37 160
37 147 160
37 34 147
160 148 153
160 147 148
159 153 158
159 160 153
52 159 161
52 39 159
161 158 162
161 159 158
163 162 164
163 161 162
163 52 161
163 54 52
162 156 165
162 158 156
165 157 166
165 156 157
167 166 168
167 165 166
167 162 165
167 164 162
169 167 170
169 164 167
170 168 171
170 167 168
172 171 173
172 170 171
172 169 170
172 174 169
175 57 176
175 59 57
57 163 176
57 54 163
176 164 169
176 163 164
175 169 174
175 176 169
76 178 177
76 77 178
177 180 179
177 178 180
181 179 182
181 177 179
79 177 181
79 76 177
179 184 183
179 180 184
183 186 185
183 184 186
187 185 188
187 183 185
182 183 187
182 179 183
189 187 190
189 182 187
190 188 191
190 187 188
192 191 193
192 190 191
194 190 192
194 189 190
82 181 195
82 79 181
195 182 189
195 181 182
196 189 194
196 195 189
84 195 196
84 82 195
97 196 197
97 84 196
197 194 198
197 196 194
199 198 200
199 197 198
99 197 199
99 97 197
198 192 201
198 194 192
201 193 202
201 192 193
203 202 204
203 201 202
200 201 203
200 198 201
205 203 206
205 200 203
206 204 207
206 203 204
208 207 209
208 206 207
210 206 208
210 205 206
102 199 211
102 99 199
211 200 205
211 199 200
212 205 210
212 211 205
104 211 212
104 102 211
117 212 213
117 104 212
213 210 214
213 212 210
215 214 216
215 213 214
119 213 215
119 117 213
214 208 217
214 210 208
217 209 218
217 208 209
219 218 220
219 217 218
216 217 219
216 214 217
221 219 222
221 216 219
222 220 223
222 219 220
132 223 134
132 222 223
129 222 132
129 221 222
122 215 224
122 119 215
224 216 221
224 215 216
127 221 129
127 224 221
12 224 127
12 122 224
133 226 225
133 134 226
225 228 227
225 226 228
229 227 230
229 225 227
136 225 229
136 133 225
231 228 232
231 227 228
231 234 233
231 232 234
235 233 236
235 231 233
230 231 235
230 227 231
237 235 238
237 230 235
238 236 239
238 235 236
240 239 241
240 238 239
240 237 238
240 242 237
139 229 243
139 136 229
243 230 237
243 229 230
244 237 242
244 243 237
141 243 244
141 139 243
150 244 245
150 141 244
245 242 246
245 244 242
247 246 248
247 245 246
152 245 247
152 150 245
246 240 249
246 242 240
249 241 250
249 240 241
251 250 252
251 249 250
251 246 249
251 248 246
253 251 254
253 248 251
254 252 255
254 251 252
256 255 257
256 254 255
256 253 254
256 258 253
155 247 259
155 152 247
259 248 253
259 247 248
260 253 258
260 259 253
157 259 260
157 155 259
166 260 261
166 157 260
261 258 262
261 260 258
263 262 264
263 261 262
168 261 263
168 166 261
262 256 265
262 258 256
265 257 266
265 256 257
267 266 268
267 265 266
267 262 265
267 264 262
269 267 270
269 264 267
270 268 271
270 267 268
272 271 273
272 270 271
272 269 270
272 274 269
171 263 275
171 168 263
275 264 269
275 263 264
276 269 274
276 275 269
173 275 276
173 171 275
185 278 277
185 186 278
277 280 279
277 278 280
281 279 282
281 277 279
188 277 281
188 185 277
279 284 283
279 280 284
283 286 285
283 284 286
287 285 288
287 283 285
282 283 287
282 279 283
289 287 290
289 282 287
290 288 291
290 287 288
292 291 293
292 290 291
294 290 292
294 289 290
191 281 295
191 188 281
295 282 289
295 281 282
296 289 294
296 295 289
193 295 296
193 191 295
202 296 297
202 193 296
297 294 298
297 296 294
299 298 300
299 297 298
204 297 299
204 202 297
298 292 301
298 294 292
301 293 302
301 292 293
303 302 304
303 301 302
300 301 303
300 298 301
305 303 306
305 300 303
306 304 307
306 303 304
308 307 309
308 306 307
310 306 308
310 305 306
207 299 311
207 204 299
311 300 305
311 299 300
312 305 310
312 311 305
209 311 312
209 207 311
220 314 313
220 218 314
218 312 314
218 209 312
314 310 315
314 312 310
313 315 316
313 314 315
315 308 317
315 310 308
317 309 318
317 308 309
319 318 320
319 317 318
316 317 319
316 315 317
321 316 319
321 322 316
321 320 323
321 319 320
232 323 234
232 321 323
228 321 232
228 322 321
223 313 324
223 220 313
324 316 322
324 313 316
226 322 228
226 324 322
134 324 226
134 223 324
233 326 325
233 234 326
325 328 327
325 326 328
329 327 330
329 325 327
236 325 329
236 233 325
327 332 331
327 328 332
331 334 333
331 332 334
335 333 336
335 331 333
330 331 335
330 327 331
337 335 338
337 330 335
338 336 339
338 335 336
340 339 341
340 338 339
342 338 340
342 337 338
241 344 343
241 239 344
239 329 344
239 236 329
344 330 337
344 329 330
343 337 342
343 344 337
250 343 345
250 241 343
345 342 346
345 343 342
347 346 348
347 345 346
252 345 347
252 250 345
346 340 349
346 342 340
349 341 350
349 340 341
351 350 352
351 349 350
348 349 351
348 346 349
353 351 354
353 348 351
354 352 355
354 351 352
356 355 357
356 354 355
358 354 356
358 353 354
359 255 360
359 257 255
255 347 360
255 252 347
360 348 353
360 347 348
359 353 358
359 360 353
266 359 361
266 257 359
361 358 362
361 359 358
363 362 364
363 361 362
363 266 361
363 268 266
362 356 365
362 358 356
365 357 366
365 356 357
367 366 368
367 365 366
364 365 367
364 362 365
369 367 370
369 364 367
370 368 371
370 367 368
372 371 373
372 370 371
372 369 370
372 374 369
375 271 376
375 273 271
271 363 376
271 268 363
376 364 369
376 363 364
375 369 374
375 376 369
285 378 377
285 286 378
377 380 379
377 378 380
381 379 382
381 377 379
288 377 381
288 285 377
379 384 383
379 380 384
383 386 385
383 384 386
387 385 388
387 383 385
382 383 387
382 379 383
389 387 390
389 382 387
390 388 391
390 387 388
392 391 393
392 390 391
394 390 392
394 389 390
291 381 395
291 288 381
395 382 389
395 381 382
396 389 394
396 395 389
293 395 396
293 291 395
302 396 397
302 293 396
397 394 398
397 396 394
399 398 400
399 397 398
304 397 399
304 302 397
398 392 401
398 394 392
401 393 402
401 392 393
403 402 404
403 401 402
400 401 403
400 398 401
405 403 406
405 400 403
406 404 407
406 403 404
408 407 409
408 406 407
410 406 408
410 405 406
307 399 411
307 304 399
411 400 405
411 399 400
412 405 410
412 411 405
309 411 412
309 307 411
320 414 413
320 318 414
318 412 414
318 309 412
414 410 415
414 412 410
413 415 416
413 414 415
415 408 417
415 410 408
417 409 418
417 408 409
419 417 418
419 420 417
420 415 417
420 416 415
421 420 422
421 416 420
423 420 419
423 422 420
332 423 334
332 422 423
332 421 422
332 328 421
424 320 413
424 323 320
424 416 421
424 413 416
326 421 328
326 424 421
234 424 326
234 323 424
333 426 425
333 334 426
425 428 427
425 426 428
429 427 430
429 425 427
336 425 429
336 333 425
427 432 431
427 428 432
431 434 433
431 432 434
435 433 436
435 431 433
430 431 435
430 427 431
437 435 438
437 430 435
438 436 439
438 435 436
440 439 441
440 438 439
442 438 440
442 437 438
339 429 443
339 336 429
443 430 437
443 429 430
444 437 442
444 443 437
341 443 444
341 339 443
350 444 445
350 341 444
445 442 446
445 444 442
447 446 448
447 445 446
352 445 447
352 350 445
446 440 449
446 442 440
449 441 450
449 440 441
451 450 452
451 449 450
448 449 451
448 446 449
453 451 454
453 448 451
454 452 455
454 451 452
456 455 457
456 454 455
458 454 456
458 453 454
355 447 459
355 352 447
459 448 453
459 447 448
460 453 458
460 459 453
357 459 460
357 355 459
368 462 461
368 366 462
366 460 462
366 357 460
462 458 463
462 460 458
461 463 464
461 462 463
465 458 456
465 463 458
465 457 466
465 456 457
467 466 468
467 465 466
464 465 467
464 463 465
469 464 467
469 470 464
469 468 471
469 467 468
472 469 471
472 473 469
474 469 473
474 470 469
475 368 461
475 371 368
475 464 470
475 461 464
476 470 474
476 475 470
373 475 476
373 371 475
385 478 477
385 386 478
477 480 479
477 478 480
481 479 482
481 477 479
388 477 481
388 385 477
479 484 483
479 480 484
483 486 485
483 484 486
487 485 488
487 483 485
482 483 487
482 479 483
489 487 490
489 482 487
490 488 491
490 487 488
492 491 493
492 490 491
494 490 492
494 489 490
391 481 495
391 388 481
495 482 489
495 481 482
496 489 494
496 495 489
393 495 496
393 391 495
402 496 497
402 393 496
497 494 498
497 496 494
499 498 500
499 497 498
404 497 499
404 402 497
498 492 501
498 494 492
501 493 502
501 492 493
503 502 504
503 501 502
500 501 503
500 498 501
505 503 506
505 500 503
506 504 507
506 503 504
508 507 509
508 506 507
510 506 508
510 505 506
511 407 512
511 409 407
407 499 512
407 404 499
512 500 505
512 499 500
511 505 510
511 512 505
418 511 513
418 409 511
513 510 514
513 511 510
515 513 514
515 516 513
516 418 513
516 419 418
515 518 517
515 514 518
518 510 508
518 514 510
518 509 519
518 508 509
517 519 520
517 518 519
521 515 517
521 522 515
521 520 523
521 517 520
432 523 434
432 521 523
428 521 432
428 522 521
426 423 524
426 334 423
423 516 524
423 419 516
524 515 522
524 516 515
426 522 428
426 524 522
436 526 525
436 433 526
526 434 527
526 433 434
526 529 528
526 527 529
525 528 530
525 526 528
531 529 532
531 528 529
531 534 533
531 532 534
535 533 536
535 531 533
530 531 535
530 528 531
537 530 535
537 538 530
537 536 539
537 535 536
540 539 541
540 537 539
542 537 540
542 538 537
543 436 525
543 439 436
543 530 538
543 525 530
544 538 542
544 543 538
441 543 544
441 439 543
452 546 545
452 450 546
450 544 546
450 441 544
546 542 547
546 544 542
545 547 548
545 546 547
549 542 540
549 547 542
549 541 550
549 540 541
551 550 552
551 549 550
548 549 551
548 547 549
553 548 551
553 554 548
553 552 555
553 551 552
556 553 555
556 557 553
558 553 557
558 554 553
455 545 559
455 452 545
559 548 554
559 545 548
560 554 558
560 559 554
457 559 560
457 455 559
468 562 561
468 466 562
562 457 560
562 466 457
562 558 563
562 560 558
564 562 563
564 561 562
564 566 565
564 563 566
566 558 557
566 563 558
567 557 556
567 566 557
568 566 567
568 565 566
569 571 570
569 572 571
571 564 565
571 572 564
573 565 568
573 571 565
574 571 573
574 570 571
575 468 561
575 471 468
572 561 564
572 575 561
569 575 572
569 576 575
472 575 576
472 471 575
488 578 577
488 485 578
485 579 578
485 486 579
578 581 580
578 579 581
577 580 582
577 578 580
583 581 584
583 580 581
583 586 585
583 584 586
587 585 588
587 583 585
582 583 587
582 580 583
589 582 587
589 590 582
589 588 591
589 587 588
592 591 593
592 589 591
594 589 592
594 590 589
595 488 577
595 491 488
595 582 590
595 577 582
596 590 594
596 595 590
493 595 596
493 491 595
504 598 597
504 502 598
598 493 596
598 502 493
598 594 599
598 596 594
597 599 600
597 598 599
601 594 592
601 599 594
601 593 602
601 592 593
603 602 604
603 601 602
600 601 603
600 599 601
605 600 603
605 606 600
605 604 607
605 603 604
608 607 609
608 605 607
610 605 608
610 606 605
611 504 597
611 507 504
611 600 606
611 597 600
612 606 610
612 611 606
509 611 612
509 507 611
520 614 613
520 519 614
614 509 612
614 519 509
614 610 615
614 612 610
613 615 616
613 614 615
617 610 608
617 615 610
617 609 618
617 608 609
619 618 620
619 617 618
616 617 619
616 615 617
621 616 619
621 622 616
621 620 623
621 619 620
532 623 534
532 621 623
529 621 532
529 622 621
624 520 613
624 523 520
624 616 622
624 613 616
527 622 529
527 624 622
434 624 527
434 523 624
625 627 626
625 628 627
626 536 533
626 627 536
629 533 534
629 626 533
630 626 629
630 625 626
631 633 632
631 634 633
633 635 632
633 636 635
632 628 625
632 635 628
631 625 630
631 632 625
637 639 638
637 640 639
638 642 641
638 639 642
635 641 628
635 638 641
635 637 638
635 636 637
641 644 643
641 642 644
643 541 539
643 644 541
627 539 536
627 643 539
628 643 627
628 641 643
645 647 646
645 648 647
646 552 550
646 647 552
644 550 541
644 646 550
642 646 644
642 645 646
639 650 649
639 640 650
650 651 649
650 652 651
649 648 645
649 651 648
639 645 642
639 649 645
653 655 654
653 656 655
654 658 657
654 655 658
651 657 648
651 654 657
651 653 654
651 652 653
657 660 659
657 658 660
659 556 555
659 660 556
647 555 552
647 659 555
648 659 647
648 657 659
661 663 662
661 664 663
662 568 567
662 663 568
660 567 556
660 662 567
658 662 660
658 661 662
655 666 665
655 656 666
666 667 665
666 668 667
665 664 661
665 667 664
655 661 658
655 665 661
669 671 670
669 672 671
670 674 673
670 671 674
667 673 664
667 670 673
668 670 667
668 669 670
675 674 676
675 673 674
675 676 573
573 676 574
663 573 568
663 675 573
664 675 663
664 673 675
677 679 678
677 680 679
678 682 681
678 679 682
585 681 588
585 678 681
586 678 585
586 677 678
683 685 684
683 686 685
684 688 687
684 685 688
679 687 682
679 684 687
680 684 679
680 683 684
689 691 690
689 692 691
693 690 694
693 689 690
682 689 693
682 687 689
687 692 689
687 688 692
681 693 695
681 682 693
695 694 696
695 693 694
593 695 696
593 591 695
588 695 591
588 681 695
696 698 697
696 694 698
697 700 699
697 698 700
604 697 699
604 602 697
593 697 602
593 696 697
690 702 701
690 691 702
701 704 703
701 702 704
698 703 700
698 701 703
694 701 698
694 690 701
705 707 706
705 708 707
709 707 710
709 706 707
700 706 709
700 703 706
703 705 706
703 704 705
699 709 711
699 700 709
711 710 712
711 709 710
609 711 712
609 607 711
711 604 699
711 607 604
713 715 714
713 716 715
620 713 714
620 618 713
713 609 712
713 618 609
710 713 712
710 716 713
707 718 717
707 708 718
718 719 717
718 720 719
717 715 716
717 719 715
710 717 716
710 707 717
721 631 722
721 634 631
722 630 723
722 631 630
719 723 715
719 722 723
719 721 722
719 720 721
723 629 724
723 630 629
534 724 629
534 623 724
724 620 714
724 623 620
715 724 714
715 723 724
725 727 726
725 728 727
726 730 729
726 727 730
731 729 732
731 726 729
733 726 731
733 725 726
729 735 734
729 730 735
734 737 736
734 735 737
738 736 739
738 734 736
732 734 738
732 729 734
740 738 741
740 732 738
741 739 742
741 738 739
743 742 744
743 741 742
745 741 743
745 740 741
746 731 747
746 733 731
747 732 740
747 731 732
748 740 745
748 747 740
749 747 748
749 746 747
736 751 750
736 737 751
750 753 752
750 751 753
754 752 755
754 750 752
739 750 754
739 736 750
752 757 756
752 753 757
756 759 758
756 757 759
760 758 761
760 756 758
755 756 760
755 752 756
762 760 763
762 755 760
763 761 764
763 760 761
765 764 766
765 763 764
767 763 765
767 762 763
742 754 768
742 739 754
768 755 762
768 754 755
769 762 767
769 768 762
744 768 769
744 742 768
758 771 770
758 759 771
770 773 772
770 771 773
774 772 775
774 770 772
761 770 774
761 758 770
772 777 776
772 773 777
776 64 63
776 777 64
778 63 60
778 776 63
775 776 778
775 772 776
779 778 780
779 775 778
778 58 780
778 60 58
781 58 59
781 780 58
782 780 781
782 779 780
764 774 783
764 761 774
783 775 779
783 774 775
784 779 782
784 783 779
766 783 784
766 764 783
785 787 786
785 788 787
788 789 787
788 790 789
791 789 792
791 787 789
793 787 791
793 786 787
789 795 794
789 790 795
794 797 796
794 795 797
798 796 799
798 794 796
792 794 798
792 789 794
800 798 801
800 792 798
801 799 802
801 798 799
803 802 804
803 801 802
805 801 803
805 800 801
806 791 807
806 793 791
807 792 800
807 791 792
808 800 805
808 807 800
809 807 808
809 806 807
796 811 810
796 797 811
810 813 812
810 811 813
814 812 815
814 810 812
799 810 814
799 796 810
812 817 816
812 813 817
816 819 818
816 817 819
820 818 821
820 816 818
815 816 820
815 812 816
822 820 823
822 815 820
823 821 824
823 820 821
825 824 826
825 823 824
827 823 825
827 822 823
802 814 828
802 799 814
828 815 822
828 814 815
829 822 827
829 828 822
804 828 829
804 802 828
818 831 830
818 819 831
830 833 832
830 831 833
834 832 835
834 830 832
821 830 834
821 818 830
832 837 836
832 833 837
836 728 725
836 837 728
838 725 733
838 836 725
835 836 838
835 832 836
839 838 840
839 835 838
840 733 746
840 838 733
841 746 749
841 840 746
842 840 841
842 839 840
824 834 843
824 821 834
843 835 839
843 834 835
844 839 842
844 843 839
826 843 844
826 824 843
845 745 846
845 748 745
847 846 848
847 845 846
849 845 847
849 850 845
850 748 845
850 749 748
846 743 851
846 745 743
851 744 852
851 743 744
853 852 854
853 851 852
848 851 853
848 846 851
848 856 855
848 853 856
856 854 857
856 853 854
858 857 859
858 856 857
860 856 858
860 855 856
861 847 862
861 849 847
862 848 855
862 847 848
863 855 860
863 862 855
864 862 863
864 861 862
852 769 865
852 744 769
865 767 866
865 769 767
867 866 868
867 865 866
854 865 867
854 852 865
869 766 870
869 765 766
871 870 872
871 869 870
868 869 871
868 866 869
866 765 869
866 767 765
873 871 874
873 868 871
871 875 874
871 872 875
876 875 877
876 874 875
878 874 876
878 873 874
854 879 857
854 867 879
879 868 873
879 867 868
880 873 878
880 879 873
859 879 880
859 857 879
870 784 881
870 766 784
784 882 881
784 782 882
883 882 884
883 881 882
872 881 883
872 870 881
781 175 885
781 59 175
886 175 174
886 885 175
884 885 886
884 882 885
882 781 885
882 782 781
887 886 888
887 884 886
886 172 888
886 174 172
889 172 173
889 888 172
890 888 889
890 887 888
875 883 891
875 872 883
883 887 891
883 884 887
892 887 890
892 891 887
877 891 892
877 875 891
893 808 894
893 809 808
894 805 895
894 808 805
896 895 897
896 894 895
898 894 896
898 893 894
895 803 899
895 805 803
899 804 900
899 803 804
901 900 902
901 899 900
897 899 901
897 895 899
903 901 904
903 897 901
904 902 905
904 901 902
906 905 907
906 904 905
908 904 906
908 903 904
909 896 910
909 898 896
910 897 903
910 896 897
911 903 908
911 910 903
912 910 911
912 909 910
900 829 913
900 804 829
913 827 914
913 829 827
915 914 916
915 913 914
902 913 915
902 900 913
914 825 917
914 827 825
917 826 918
917 825 826
919 918 920
919 917 918
916 917 919
916 914 917
921 919 922
921 916 919
922 920 923
922 919 920
924 923 925
924 922 923
926 922 924
926 921 922
905 915 927
905 902 915
927 916 921
927 915 916
928 921 926
928 927 921
907 927 928
907 905 927
918 844 929
918 826 844
929 842 930
929 844 842
931 930 932
931 929 930
920 929 931
920 918 929
930 841 933
930 842 841
933 749 850
933 841 749
934 850 849
934 933 850
932 933 934
932 930 933
935 934 936
935 932 934
936 849 861
936 934 849
937 861 864
937 936 861
938 936 937
938 935 936
923 931 939
923 920 931
939 932 935
939 931 932
940 935 938
940 939 935
925 939 940
925 923 939
941 863 942
941 864 863
942 860 943
942 863 860
944 943 945
944 942 943
946 942 944
946 941 942
943 858 947
943 860 858
947 859 948
947 858 859
949 948 950
949 947 948
945 947 949
945 943 947
951 949 952
951 945 949
949 953 952
949 950 953
954 953 955
954 952 953
956 952 954
956 951 952
946 958 957
946 944 958
958 945 951
958 944 945
959 951 956
959 958 951
960 958 959
960 957 958
948 880 961
948 859 880
961 878 962
961 880 878
963 962 964
963 961 962
950 961 963
950 948 961
962 876 965
962 878 876
965 877 966
965 876 877
967 966 968
967 965 966
964 965 967
964 962 965
969 967 970
969 964 967
967 971 970
967 968 971
972 971 973
972 970 971
974 970 972
974 969 970
953 963 975
953 950 963
963 969 975
963 964 969
976 969 974
976 975 969
955 975 976
955 953 975
966 892 977
966 877 892
977 890 978
977 892 890
979 978 980
979 977 978
968 977 979
968 966 977
978 889 981
978 890 889
981 173 276
981 889 173
982 276 274
982 981 276
980 981 982
980 978 981
983 982 984
983 980 982
982 272 984
982 274 272
985 272 273
985 984 272
986 984 985
986 983 984
971 979 987
971 968 979
979 983 987
979 980 983
988 983 986
988 987 983
973 987 988
973 971 987
989 911 990
989 912 911
990 908 991
990 911 908
992 991 993
992 990 991
994 990 992
994 989 990
991 906 995
991 908 906
995 907 996
995 906 907
997 996 998
997 995 996
993 995 997
993 991 995
999 997 1000
999 993 997
1000 998 1001
1000 997 998
1002 1001 1003
1002 1000 1001
1004 1000 1002
1004 999 1000
1005 992 1006
1005 994 992
1006 993 999
1006 992 993
1007 999 1004
1007 1006 999
1008 1006 1007
1008 1005 1006
996 928 1009
996 907 928
1009 926 1010
1009 928 926
1011 1010 1012
1011 1009 1010
998 1009 1011
998 996 1009
1010 924 1013
1010 926 924
1013 925 1014
1013 924 925
1015 1014 1016
1015 1013 1014
1012 1013 1015
1012 1010 1013
1017 1015 1018
1017 1012 1015
1018 1016 1019
1018 1015 1016
1020 1019 1021
1020 1018 1019
1022 1018 1020
1022 1017 1018
1001 1011 1023
1001 998 1011
1023 1012 1017
1023 1011 1012
1024 1017 1022
1024 1023 1017
1003 1023 1024
1003 1001 1023
1025 938 1026
1025 940 938
1027 1026 1028
1027 1025 1026
1016 1025 1027
1016 1014 1025
1014 940 1025
1014 925 940
1026 937 1029
1026 938 937
1029 864 941
1029 937 864
1030 941 946
1030 1029 941
1028 1029 1030
1028 1026 1029
1028 1032 1031
1028 1030 1032
1032 946 957
1032 1030 946
1033 957 960
1033 1032 957
1034 1032 1033
1034 1031 1032
1019 1027 1035
1019 1016 1027
1035 1028 1031
1035 1027 1028
1036 1031 1034
1036 1035 1031
1021 1035 1036
1021 1019 1035
1037 959 1038
1037 960 959
1038 956 1039
1038 959 956
1040 1039 1041
1040 1038 1039
1042 1038 1040
1042 1037 1038
1043 955 1044
1043 954 955
1045 1044 1046
1045 1043 1044
1041 1043 1045
1041 1039 1043
1039 954 1043
1039 956 954
1047 1045 1048
1047 1041 1045
1048 1046 1049
1048 1045 1046
1050 1049 1051
1050 1048 1049
1052 1048 1050
1052 1047 1048
1053 1040 1054
1053 1042 1040
1054 1041 1047
1054 1040 1041
1055 1047 1052
1055 1054 1047
1056 1054 1055
1056 1053 1054
1044 976 1057
1044 955 976
1057 974 1058
1057 976 974
1059 1058 1060
1059 1057 1058
1046 1057 1059
1046 1044 1057
972 1062 1061
972 973 1062
1063 1062 1064
1063 1061 1062
1060 1061 1063
1060 1058 1061
1058 972 1061
1058 974 972
1065 1063 1066
1065 1060 1063
1066 1064 1067
1066 1063 1064
1068 1067 1069
1068 1066 1067
1070 1066 1068
1070 1065 1066
1049 1059 1071
1049 1046 1059
1071 1060 1065
1071 1059 1060
1072 1065 1070
1072 1071 1065
1051 1071 1072
1051 1049 1071
1062 988 1073
1062 973 988
988 1074 1073
988 986 1074
1075 1074 1076
1075 1073 1074
1064 1073 1075
1064 1062 1073
985 375 1077
985 273 375
1078 375 374
1078 1077 375
1076 1077 1078
1076 1074 1077
1074 985 1077
1074 986 985
1079 1078 1080
1079 1076 1078
1078 372 1080
1078 374 372
1081 372 373
1081 1080 372
1082 1080 1081
1082 1079 1080
1067 1075 1083
1067 1064 1075
1083 1076 1079
1083 1075 1076
1084 1079 1082
1084 1083 1079
1069 1083 1084
1069 1067 1083
1085 1007 1086
1085 1008 1007
1086 1004 1087
1086 1007 1004
1088 1087 1089
1088 1086 1087
1090 1086 1088
1090 1085 1086
1087 1002 1091
1087 1004 1002
1091 1003 1092
1091 1002 1003
1093 1092 1094
1093 1091 1092
1089 1091 1093
1089 1087 1091
1095 1093 1096
1095 1089 1093
1096 1094 1097
1096 1093 1094
1098 1097 1099
1098 1096 1097
1100 1096 1098
1100 1095 1096
1101 1088 1102
1101 1090 1088
1102 1089 1095
1102 1088 1089
1103 1095 1100
1103 1102 1095
1104 1102 1103
1104 1101 1102
1092 1024 1105
1092 1003 1024
1105 1022 1106
1105 1024 1022
1107 1106 1108
1107 1105 1106
1094 1105 1107
1094 1092 1105
1106 1020 1109
1106 1022 1020
1109 1021 1110
1109 1020 1021
1111 1110 1112
1111 1109 1110
1108 1109 1111
1108 1106 1109
1113 1111 1114
1113 1108 1111
1114 1112 1115
1114 1111 1112
1116 1115 1117
1116 1114 1115
1118 1114 1116
1118 1113 1114
1097 1107 1119
1097 1094 1107
1119 1108 1113
1119 1107 1108
1120 1113 1118
1120 1119 1113
1099 1119 1120
1099 1097 1119
1121 1034 1122
1121 1036 1034
1123 1122 1124
1123 1121 1122
1112 1121 1123
1112 1110 1121
1110 1036 1121
1110 1021 1036
1034 1125 1122
1034 1033 1125
1125 960 1037
1125 1033 960
1126 1037 1042
1126 1125 1037
1124 1125 1126
1124 1122 1125
1127 1126 1128
1127 1124 1126
1126 1053 1128
1126 1042 1053
1129 1053 1056
1129 1128 1053
1127 1129 1130
1127 1128 1129
1115 1123 1131
1115 1112 1123
1123 1127 1131
1123 1124 1127
1131 1130 1132
1131 1127 1130
1117 1131 1132
1117 1115 1131
1133 1055 1134
1133 1056 1055
1134 1052 1135
1134 1055 1052
1136 1135 1137
1136 1134 1135
1138 1134 1136
1138 1133 1134
1135 1050 1139
1135 1052 1050
1139 1051 1140
1139 1050 1051
1141 1140 1142
1141 1139 1140
1137 1139 1141
1137 1135 1139
1143 1141 1144
1143 1137 1141
1144 1142 1145
1144 1141 1142
1146 1145 1147
1146 1144 1145
1148 1144 1146
1148 1143 1144
1149 1136 1150
1149 1138 1136
1150 1137 1143
1150 1136 1137
1151 1143 1148
1151 1150 1143
1152 1150 1151
1152 1149 1150
1140 1072 1153
1140 1051 1072
1153 1070 1154
1153 1072 1070
1155 1154 1156
1155 1153 1154
1142 1153 1155
1142 1140 1153
1154 1068 1157
1154 1070 1068
1157 1069 1158
1157 1068 1069
1159 1158 1160
1159 1157 1158
1156 1157 1159
1156 1154 1157
1161 1159 1162
1161 1156 1159
1162 1160 1163
1162 1159 1160
1164 1163 1165
1164 1162 1163
1166 1162 1164
1166 1161 1162
1145 1155 1167
1145 1142 1155
1167 1156 1161
1167 1155 1156
1168 1161 1166
1168 1167 1161
1147 1167 1168
1147 1145 1167
1169 1082 1170
1169 1084 1082
1171 1170 1172
1171 1169 1170
1160 1169 1171
1160 1158 1169
1158 1084 1169
1158 1069 1084
1082 1173 1170
1082 1081 1173
1173 373 476
1173 1081 373
1174 476 474
1174 1173 476
1172 1173 1174
1172 1170 1173
1172 1176 1175
1172 1174 1176
1176 474 473
1176 1174 474
1176 472 1177
1176 473 472
1178 1176 1177
1178 1175 1176
1160 1179 1163
1160 1171 1179
1179 1172 1175
1179 1171 1172
1180 1175 1178
1180 1179 1175
1165 1179 1180
1165 1163 1179
1181 1103 1182
1181 1104 1103
1182 1100 1183
1182 1103 1100
1184 1183 1185
1184 1182 1183
1186 1182 1184
1186 1181 1182
1183 1098 1187
1183 1100 1098
1187 1099 1188
1187 1098 1099
1189 1188 1190
1189 1187 1188
1185 1187 1189
1185 1183 1187
1191 1189 1192
1191 1185 1189
1192 1190 1193
1192 1189 1190
1194 1193 1195
1194 1192 1193
1196 1192 1194
1196 1191 1192
1197 1184 1198
1197 1186 1184
1198 1185 1191
1198 1184 1185
1199 1191 1196
1199 1198 1191
1200 1198 1199
1200 1197 1198
1188 1120 1201
1188 1099 1120
1201 1118 1202
1201 1120 1118
1203 1202 1204
1203 1201 1202
1190 1201 1203
1190 1188 1201
1116 1206 1205
1116 1117 1206
1207 1206 1208
1207 1205 1206
1204 1205 1207
1204 1202 1205
1202 1116 1205
1202 1118 1116
1209 1207 1210
1209 1204 1207
1210 1208 1211
1210 1207 1208
1212 1211 1213
1212 1210 1211
1214 1210 1212
1214 1209 1210
1193 1203 1215
1193 1190 1203
1215 1204 1209
1215 1203 1204
1216 1209 1214
1216 1215 1209
1195 1215 1216
1195 1193 1215
1206 1132 1217
1206 1117 1132
1132 1218 1217
1132 1130 1218
1217 1220 1219
1217 1218 1220
1208 1217 1219
1208 1206 1217
1129 1133 1221
1129 1056 1133
1222 1133 1138
1222 1221 1133
1220 1221 1222
1220 1218 1221
1218 1129 1221
1218 1130 1129
1220 1224 1223
1220 1222 1224
1224 1138 1149
1224 1222 1138
1225 1149 1152
1225 1224 1149
1226 1224 1225
1226 1223 1224
1227 1220 1223
1227 1219 1220
1228 1223 1226
1228 1227 1223
1213 1227 1228
1213 1211 1227
1208 1227 1211
1208 1219 1227
1229 1148 1230
1229 1151 1148
1231 1230 1232
1231 1229 1230
1233 1229 1231
1233 1234 1229
1152 1229 1234
1152 1151 1229
1148 1235 1230
1148 1146 1235
1235 1147 1236
1235 1146 1147
1237 1236 1238
1237 1235 1236
1232 1235 1237
1232 1230 1235
1232 1240 1239
1232 1237 1240
1240 1238 1241
1240 1237 1238
1242 1241 1243
1242 1240 1241
1244 1240 1242
1244 1239 1240
1233 1246 1245
1233 1231 1246
1246 1232 1239
1246 1231 1232
1247 1239 1244
1247 1246 1239
1248 1246 1247
1248 1245 1246
1249 1166 1250
1249 1168 1166
1251 1250 1252
1251 1249 1250
1238 1249 1251
1238 1236 1249
1236 1168 1249
1236 1147 1168
1250 1164 1253
1250 1166 1164
1253 1165 1254
1253 1164 1165
1255 1254 1256
1255 1253 1254
1252 1253 1255
1252 1250 1253
1252 1258 1257
1252 1255 1258
1258 1256 1259
1258 1255 1256
1258 1261 1260
1258 1259 1261
1262 1258 1260
1262 1257 1258
1238 1263 1241
1238 1251 1263
1263 1252 1257
1263 1251 1252
1264 1257 1262
1264 1263 1257
1243 1263 1264
1243 1241 1263
1265 1178 1266
1265 1180 1178
1265 1268 1267
1265 1266 1268
1256 1265 1267
1256 1254 1265
1165 1265 1254
1165 1180 1265
1178 1269 1266
1178 1177 1269
1269 472 576
1269 1177 472
1269 569 1270
1269 576 569
1266 1270 1268
1266 1269 1270
1271 569 570
1271 1270 569
1271 574 1272
1271 570 574
1273 1272 1274
1273 1271 1272
1268 1271 1273
1268 1270 1271
1275 1268 1273
1275 1267 1268
1275 1274 1276
1275 1273 1274
1259 1276 1261
1259 1275 1276
1256 1275 1259
1256 1267 1275
1277 1196 1278
1277 1199 1196
1279 1278 1280
1279 1277 1278
1281 1277 1279
1281 1282 1277
1282 1199 1277
1282 1200 1199
1196 1283 1278
1196 1194 1283
1283 1195 1284
1283 1194 1195
1285 1284 1286
1285 1283 1284
1280 1283 1285
1280 1278 1283
1280 1288 1287
1280 1285 1288
1288 1286 1289
1288 1285 1286
1290 1289 1291
1290 1288 1289
1292 1288 1290
1292 1287 1288
1281 1294 1293
1281 1279 1294
1294 1280 1287
1294 1279 1280
1295 1287 1292
1295 1294 1287
1296 1294 1295
1296 1293 1294
1297 1214 1298
1297 1216 1214
1299 1298 1300
1299 1297 1298
1286 1297 1299
1286 1284 1297
1195 1297 1284
1195 1216 1297
1214 1301 1298
1214 1212 1301
1301 1213 1302
1301 1212 1213
1303 1302 1304
1303 1301 1302
1300 1301 1303
1300 1298 1301
1300 1306 1305
1300 1303 1306
1306 1304 1307
1306 1303 1304
1308 1307 1309
1308 1306 1307
1310 1306 1308
1310 1305 1306
1286 1311 1289
1286 1299 1311
1311 1300 1305
1311 1299 1300
1312 1305 1310
1312 1311 1305
1291 1311 1312
1291 1289 1311
1313 1226 1314
1313 1228 1226
1315 1314 1316
1315 1313 1314
1304 1313 1315
1304 1302 1313
1213 1313 1302
1213 1228 1313
1226 1317 1314
1226 1225 1317
1317 1152 1234
1317 1225 1152
1318 1234 1233
1318 1317 1234
1316 1317 1318
1316 1314 1317
1316 1320 1319
1316 1318 1320
1320 1233 1245
1320 1318 1233
1321 1245 1248
1321 1320 1245
1322 1320 1321
1322 1319 1320
1304 1323 1307
1304 1315 1323
1323 1316 1319
1323 1315 1316
1324 1319 1322
1324 1323 1319
1309 1323 1324
1309 1307 1323
1325 1327 1326
1325 1328 1327
1326 1330 1329
1326 1327 1330
1247 1329 1248
1247 1326 1329
1244 1326 1247
1244 1325 1326
1331 1333 1332
1331 1334 1333
1332 1328 1325
1332 1333 1328
1242 1325 1244
1242 1332 1325
1243 1332 1242
1243 1331 1332
1335 1337 1336
1335 1338 1337
1337 1339 1336
1337 1340 1339
1333 1339 1328
1333 1336 1339
1334 1336 1333
1334 1335 1336
1341 1343 1342
1341 1344 1343
1327 1343 1330
1327 1342 1343
1328 1342 1327
1328 1339 1342
1339 1341 1342
1339 1340 1341
1345 1347 1346
1345 1348 1347
1346 1334 1331
1346 1347 1334
1264 1331 1243
1264 1346 1331
1262 1346 1264
1262 1345 1346
1349 1351 1350
1349 1352 1351
1350 1348 1345
1350 1351 1348
1260 1345 1262
1260 1350 1345
1261 1350 1260
1261 1349 1350
1353 1355 1354
1353 1356 1355
1355 1357 1354
1355 1358 1357
1351 1357 1348
1351 1354 1357
1352 1354 1351
1352 1353 1354
1359 1335 1360
1359 1338 1335
1347 1335 1334
1347 1360 1335
1348 1360 1347
1348 1357 1360
1357 1359 1360
1357 1358 1359
1361 1363 1362
1361 1364 1363
1362 1352 1349
1362 1363 1352
1276 1349 1261
1276 1362 1349
1274 1362 1276
1274 1361 1362
1365 1366 676
1365 1367 1366
1366 1364 1361
1366 1367 1364
1272 1361 1274
1272 1366 1361
574 676 1272
1272 676 1366
1368 1370 1369
1368 1371 1370
1369 1373 1372
1369 1370 1373
1367 1372 1364
1367 1369 1372
1365 1369 1367
1365 1368 1369
1374 1353 1375
1374 1356 1353
1363 1353 1352
1363 1375 1353
1364 1375 1363
1364 1372 1375
1372 1374 1375
1372 1373 1374
1376 1378 1377
1376 1379 1378
1377 1296 1295
1377 1378 1296
1380 1295 1292
1380 1377 1295
1381 1377 1380
1381 1376 1377
1382 1380 1383
1382 1381 1380
1383 1292 1290
1383 1380 1292
1383 1291 1384
1383 1290 1291
1385 1383 1384
1385 1382 1383
1386 1388 1387
1386 1389 1388
1389 1390 1388
1389 1391 1390
1388 1381 1382
1388 1390 1381
1387 1382 1385
1387 1388 1382
1392 1394 1393
1392 1395 1394
1393 1379 1376
1393 1394 1379
1390 1376 1381
1390 1393 1376
1391 1393 1390
1391 1392 1393
1396 1384 1397
1396 1385 1384
1397 1291 1312
1397 1384 1291
1397 1310 1398
1397 1312 1310
1399 1397 1398
1399 1396 1397
1400 1398 1401
1400 1399 1398
1310 1401 1398
1310 1308 1401
1401 1309 1402
1401 1308 1309
1403 1401 1402
1403 1400 1401
1404 1406 1405
1404 1407 1406
1406 1408 1405
1406 1409 1408
1405 1399 1400
1405 1408 1399
1404 1400 1403
1404 1405 1400
1410 1387 1411
1410 1386 1387
1411 1385 1396
1411 1387 1385
1408 1396 1399
1408 1411 1396
1409 1411 1408
1409 1410 1411
1412 1414 1413
1412 1415 1414
1414 1403 1402
1414 1415 1403
1309 1414 1402
1309 1324 1414
1414 1322 1413
1414 1324 1322
1329 1417 1416
1329 1330 1417
1416 1412 1413
1416 1417 1412
1322 1416 1413
1322 1321 1416
1416 1248 1329
1416 1321 1248
1343 1419 1418
1343 1344 1419
1419 1420 1418
1419 1421 1420
1417 1420 1412
1417 1418 1420
1330 1418 1417
1330 1343 1418
1422 1404 1423
1422 1407 1404
1423 1403 1415
1423 1404 1403
1412 1423 1415
1412 1420 1423
1420 1422 1423
1420 1421 1422
484 1424 486
484 1425 1424
1391 1426 1392
1391 1427 1426
1344 1428 1419
1344 1429 1428
1337 1430 1340
1337 1431 1430
702 1432 704
702 1433 1432
1407 1434 1406
1407 1435 1434
1410 1436 1386
1410 1437 1436
721 1438 634
721 1439 1438
1101 1440 1090
1101 1441 1440
1421 1442 1422
1421 1443 1442
1419 1443 1421
1419 1428 1443
1389 1427 1391
1389 1444 1427
1104 1441 1101
1104 1445 1441
584 1446 586
584 1447 1446
708 1448 718
708 1449 1448
652 1450 653
652 1451 1450
1359 1452 1338
1359 1453 1452
480 1425 484
480 1454 1425
478 1454 480
478 1455 1454
1406 1456 1409
1406 1434 1456
653 1457 656
653 1450 1457
1186 1458 1181
1186 1459 1458
1296 1460 1293
1296 1461 1460
640 1462 650
640 1463 1462
586 1464 677
586 1446 1464
581 1447 584
581 1465 1447
579 1465 581
579 1466 1465
666 1467 668
666 1468 1467
1392 1469 1395
1392 1426 1469
1374 1470 1356
1374 1471 1470
650 1451 652
650 1462 1451
671 1472 674
671 1473 1472
705 1449 708
705 1474 1449
1181 1445 1104
1181 1458 1445
1386 1444 1389
1386 1436 1444
704 1474 705
704 1432 1474
668 1475 669
668 1467 1475
669 1476 672
669 1475 1476
1395 1477 1394
1395 1469 1477
1370 1478 1373
1370 1479 1478
656 1468 666
656 1457 1468
1371 1479 1370
1371 1480 1479
1409 1437 1410
1409 1456 1437
1293 1481 1281
1293 1460 1481
718 1482 720
718 1448 1482
677 1483 680
677 1464 1483
1373 1471 1374
1373 1478 1471
720 1439 721
720 1482 1439
1355 1484 1358
1355 1485 1484
1356 1485 1355
1356 1470 1485
676 1486 1365
676 1487 1486
1368 1480 1371
1368 1488 1480
1282 1489 1200
1282 1490 1489
1365 1488 1368
1365 1486 1488
1378 1461 1296
1378 1491 1461
386 1455 478
386 1492 1455
1358 1453 1359
1358 1484 1453
637 1463 640
637 1493 1463
636 1493 637
636 1494 1493
634 1495 633
634 1438 1495
1394 1496 1379
1394 1477 1496
692 1497 691
692 1498 1497
691 1433 702
691 1497 1433
672 1473 671
672 1476 1473
688 1498 692
688 1499 1498
486 1466 579
486 1424 1466
1197 1459 1186
1197 1500 1459
633 1494 636
633 1495 1494
680 1501 683
680 1483 1501
1281 1490 1282
1281 1481 1490
1341 1429 1344
1341 1502 1429
1340 1502 1341
1340 1430 1502
1422 1435 1407
1422 1442 1435
683 1503 686
683 1501 1503
674 1487 676
674 1472 1487
1200 1500 1197
1200 1489 1500
685 1499 688
685 1504 1499
686 1504 685
686 1503 1504
1379 1491 1378
1379 1496 1491
380 1505 384
380 1506 1505
384 1492 386
384 1505 1492
1338 1431 1337
1338 1452 1431
LABEL Coverall_Fabric
MATERIAL 7
TEXTURE 7
GEOM 505 856
-0.13750 0.31460 0.10073 -0.9129 -0.3413 0.2240 0.47430 0.30970
-0.14740 0.38429 0.10682 -0.9021 0.0689 0.4260 0.46940 0.26590
-0.13469 0.37294 0.13056 -0.7776 0.2671 0.5693 0.45480 0.28630
-0.13644 0.32147 0.13201 -0.8490 -0.2624 0.4585 0.45340 0.30850
-0.09419 0.26799 0.13252 -0.5556 -0.5333 0.6378 0.44750 0.33150
-0.08846 0.29110 0.16631 -0.2245 -0.6019 0.7664 0.43920 0.31580
-0.04247 0.32068 0.17449 0.3188 -0.1962 0.9273 0.42020 0.31250
-0.04925 0.37213 0.15918 0.2270 0.4003 0.8878 0.41420 0.28750
-0.03222 0.39664 0.14187 0.1368 0.3996 0.9064 0.40230 0.27510
-0.01796 0.31535 0.15877 0.3184 -0.1571 0.9349 0.40770 0.32210
-0.09516 0.39036 0.14896 -0.2834 0.5218 0.8046 0.43680 0.28010
-0.09017 0.41982 0.12836 -0.2358 0.4721 0.8494 0.44110 0.25430
-0.11597 0.33439 0.15672 -0.6426 -0.0303 0.7656 0.44040 0.30440
-0.11600 0.35408 0.15371 -0.6050 0.2145 0.7668 0.43950 0.29870
-0.09594 0.32902 0.16937 -0.3885 -0.0241 0.9211 0.43660 0.30700
-0.07405 0.33454 0.17400 -0.0714 0.1151 0.9908 0.43290 0.30590
-0.09680 0.35655 0.16314 -0.3185 0.3170 0.8933 0.43510 0.29740
-0.07502 0.35420 0.16756 -0.0475 0.3357 0.9408 0.43200 0.30010
-0.12175 0.27520 0.08204 -0.9188 -0.3247 0.2244 0.47730 0.34040
-0.13464 0.31144 0.07314 -0.9486 -0.3075 0.0750 0.48490 0.31220
-0.03026 0.26820 0.14646 -0.0373 -0.2374 0.9707 0.41200 0.35590
-0.08441 0.25102 0.12513 -0.5469 -0.2951 0.7835 0.44650 0.35890
-0.14927 0.35501 0.06666 -0.9668 -0.2549 0.0193 0.49820 0.28210
-0.15374 0.37352 0.06809 -0.9637 -0.2508 0.0917 0.51530 0.25120
-0.14790 0.40255 0.10473 -0.7146 0.0715 0.6959 0.47810 0.24480
-0.09500 0.43434 0.11808 -0.2476 0.4206 0.8728 0.44410 0.23560
-0.03579 0.44829 0.11640 -0.0392 0.5017 0.8642 0.41230 0.22560
-0.11460 0.25426 0.08880 -0.8672 -0.2886 0.4058 0.47170 0.36110
0.00016 0.33008 0.14949 -0.0012 0.0928 0.9957 0.38100 0.31170
0.00001 0.40703 0.13396 -0.0002 0.3497 0.9369 0.38100 0.26130
-0.11846 0.52291 0.02346 -0.5197 0.6883 0.5062 0.51000 0.12450
-0.07275 0.53808 0.02079 -0.5295 0.2805 0.8006 0.48060 0.10610
-0.06063 0.52000 0.05137 -0.5396 0.4673 0.7003 0.46010 0.12660
-0.10311 0.50030 0.06418 -0.1965 0.7166 0.6692 0.48930 0.14760
-0.04531 0.51958 0.06512 -0.3697 0.3719 0.8515 0.43160 0.14820
-0.10114 0.48048 0.07731 -0.2039 0.5908 0.7806 0.46990 0.17140
-0.14893 0.45549 0.08487 -0.3108 0.3710 0.8751 0.50920 0.18650
-0.15068 0.48270 0.06933 -0.2747 0.5768 0.7693 0.52200 0.16310
-0.08341 0.17893 0.11425 -0.6239 -0.0001 0.7815 0.45210 0.41860
-0.08301 0.22452 0.12070 -0.6079 -0.1836 0.7725 0.44910 0.38420
-0.03771 0.22990 0.13673 -0.1366 -0.1887 0.9725 0.41380 0.38330
-0.04766 0.18301 0.12569 -0.1967 -0.0633 0.9784 0.41460 0.41800
-0.08674 0.11158 -0.03951 -0.2677 0.5203 -0.8110 0.56050 0.45570
-0.07648 0.16151 -0.01847 -0.3489 0.2699 -0.8975 0.55120 0.42380
-0.11241 0.17916 0.01130 -0.8377 0.2303 -0.4953 0.51960 0.42030
-0.12657 0.13043 -0.00671 -0.6979 0.5139 -0.4989 0.52900 0.45250
-0.07621 0.21243 -0.01588 -0.4431 -0.0236 -0.8961 0.54850 0.39310
-0.11161 0.22310 0.01640 -0.8885 -0.0696 -0.4536 0.51970 0.38720
-0.08075 0.25085 -0.01792 -0.4696 -0.2333 -0.8515 0.55550 0.36350
-0.11808 0.26440 0.01329 -0.8799 -0.2480 -0.4052 0.53020 0.35530
-0.03856 0.08567 -0.06482 0.0508 0.4933 -0.8684 0.59030 0.46030
-0.03914 0.14438 -0.02745 -0.0244 0.3274 -0.9446 0.57940 0.42640
-0.04185 0.20126 -0.02239 -0.0646 0.0072 -0.9979 0.57560 0.39910
-0.04266 0.23781 -0.02576 -0.0594 -0.1558 -0.9860 0.58000 0.37300
-0.16098 0.38688 0.07394 -0.4333 -0.4575 0.7765 0.54540 0.22180
-0.17978 0.40584 0.07907 -0.2267 -0.0602 0.9721 0.55440 0.19510
-0.14905 0.42512 0.09955 -0.5081 0.1928 0.8394 0.49540 0.21300
-0.09969 0.45630 0.10166 -0.2384 0.5344 0.8109 0.45440 0.20130
-0.13327 0.30868 0.04155 -0.9608 -0.2661 -0.0780 0.51580 0.31730
-0.12413 0.27018 0.05149 -0.9766 -0.2148 -0.0074 0.50110 0.34780
-0.05355 -0.11440 0.11687 0.5677 0.0316 0.8227 0.42910 0.59880
-0.04336 -0.06182 0.10702 0.2714 -0.1731 0.9468 0.41160 0.57070
-0.01388 -0.11693 0.05455 0.8384 -0.4379 0.3247 0.39550 0.61440
-0.01913 -0.14282 0.06642 0.9405 -0.1446 0.3076 0.40800 0.62190
-0.13243 -0.07442 0.13158 -0.2506 0.1834 0.9505 0.46420 0.58010
-0.12730 -0.02463 0.11785 -0.3178 0.1546 0.9355 0.45680 0.54870
-0.12890 0.01787 0.10724 -0.4878 0.0996 0.8673 0.45800 0.51690
-0.05266 -0.00488 0.12081 -0.0806 -0.1021 0.9915 0.41530 0.52850
-0.03152 0.50587 -0.05350 0.0866 0.2739 -0.9579 0.52500 0.05900
-0.02873 0.53972 -0.03806 -0.0224 0.2031 -0.9789 0.49890 0.05750
-0.05308 0.54858 -0.03182 0.2912 0.1178 -0.9494 0.50020 0.07000
-0.06975 0.51076 -0.05457 -0.1126 0.2082 -0.9716 0.53200 0.07550
-0.12649 0.30761 -0.00004 -0.8607 -0.3221 -0.3943 0.54720 0.32340
-0.13530 0.34727 -0.01747 -0.7815 -0.3721 -0.5007 0.56860 0.29610
-0.14053 0.34239 0.03215 -0.9410 -0.3208 -0.1081 0.53200 0.28620
-0.09547 0.30487 -0.03450 -0.4619 -0.3599 -0.8106 0.57180 0.33370
-0.04690 0.28708 -0.03703 -0.0434 -0.2887 -0.9564 0.59440 0.34650
-0.05360 0.34112 -0.05614 -0.0173 -0.2721 -0.9621 0.60400 0.32930
-0.10456 0.35103 -0.04882 -0.4124 -0.3059 -0.8581 0.58550 0.31140
-0.13716 0.13268 0.04905 -0.8947 0.3864 0.2243 0.49510 0.45230
-0.11637 0.18243 0.05763 -0.9645 0.1209 0.2346 0.48830 0.41830
-0.09536 0.12056 0.10769 -0.5821 0.1528 0.7986 0.45570 0.45340
-0.11807 0.22938 0.05879 -0.9779 -0.1284 0.1648 0.48560 0.37910
-0.15121 0.37929 -0.01196 -0.6294 -0.5734 -0.5245 0.57180 0.26870
-0.14909 0.36042 0.03521 -0.8969 -0.4309 -0.0993 0.54560 0.26060
-0.16821 0.50739 0.03531 -0.4572 0.8479 0.2683 0.53680 0.13970
-0.24358 0.33285 0.06933 0.0697 -0.1784 0.9815 0.60460 0.19340
-0.23013 0.31117 0.04529 0.5116 -0.5936 0.6212 0.60170 0.21050
-0.29357 0.25320 0.05650 0.7217 -0.4055 0.5610 0.65680 0.20110
-0.31090 0.27539 0.07027 0.3368 0.1320 0.9323 0.65730 0.18930
-0.04692 0.41238 -0.06935 0.0614 -0.0331 -0.9976 0.61940 0.30400
-0.09587 0.41909 -0.07025 -0.2848 -0.0200 -0.9584 0.60470 0.28740
-0.33325 0.19774 0.09594 0.8160 -0.3786 0.4368 0.70890 0.19310
-0.34187 0.21868 0.10538 0.6545 0.1068 0.7485 0.70940 0.18540
-0.09587 0.41909 -0.07025 -0.2848 -0.0200 -0.9584 0.55720 0.07170
-0.04692 0.41238 -0.06935 0.0614 -0.0331 -0.9976 0.55110 0.05440
-0.14934 0.36698 0.03683 -0.3373 -0.9413 -0.0109 0.56840 0.23920
-0.22789 0.30099 0.01696 0.6893 -0.7243 -0.0131 0.60750 0.22430
-0.26545 0.35444 0.06713 -0.4091 0.2796 0.8686 0.60670 0.17720
-0.19858 0.43276 0.07246 -0.4155 0.3335 0.8463 0.56120 0.17310
-0.28395 0.36993 0.03832 -0.7591 0.5665 0.3206 0.60850 0.15840
-0.22220 0.45586 0.04060 -0.7062 0.6290 0.3251 0.56840 0.15110
-0.16013 0.38293 -0.01115 0.0584 -0.6893 -0.7221 0.58150 0.25090
-0.28599 0.23922 0.02022 0.6748 -0.7306 -0.1042 0.65740 0.21250
-0.33954 0.18352 0.07661 0.5982 -0.7891 -0.1400 0.70660 0.20070
-0.20120 0.41298 -0.03604 -0.2260 -0.0391 -0.9734 0.59440 0.25930
-0.15983 0.43282 -0.04982 -0.3319 -0.0357 -0.9426 0.59410 0.27100
-0.12091 0.50883 -0.02309 -0.5982 0.4060 -0.6909 0.53350 0.09920
-0.12980 0.43481 -0.05816 -0.4358 0.0705 -0.8973 0.56330 0.09020
-0.16912 0.49517 -0.02194 -0.4393 0.6947 -0.5695 0.55410 0.11700
-0.15983 0.43282 -0.04982 -0.3319 -0.0357 -0.9426 0.57010 0.10260
-0.23418 0.30879 -0.01463 0.4566 -0.5087 -0.7299 0.61300 0.23530
-0.26186 0.33484 -0.02768 -0.2110 0.0351 -0.9769 0.61720 0.24310
-0.06089 -0.18654 0.11998 0.5946 -0.0759 0.8004 0.44950 0.63220
-0.14105 -0.16836 0.14220 -0.2713 0.0273 0.9621 0.47900 0.61880
-0.07625 -0.30078 0.11574 0.6269 -0.1652 0.7614 0.47770 0.67650
-0.13759 -0.27683 0.13590 -0.2400 -0.1070 0.9649 0.49880 0.66150
-0.09219 -0.37370 0.10647 0.5931 -0.2769 0.7560 0.49470 0.70150
-0.13318 -0.36291 0.12350 -0.1822 -0.1931 0.9641 0.51430 0.69270
-0.11695 -0.45617 0.08622 0.5245 -0.2644 0.8093 0.51170 0.72820
-0.15293 -0.45094 0.09474 -0.2473 -0.1634 0.9551 0.52740 0.72250
-0.13102 -0.56691 0.07082 0.4849 -0.1664 0.8586 0.52560 0.76450
-0.17065 -0.55741 0.08036 -0.2930 -0.1058 0.9502 0.53790 0.75850
-0.15112 -0.70863 0.05734 0.4006 -0.0837 0.9124 0.54170 0.80940
-0.18189 -0.70286 0.05996 -0.4519 -0.0550 0.8903 0.55110 0.80370
-0.15850 -0.83082 0.06515 0.3466 -0.0024 0.9380 0.56420 0.86030
-0.19774 -0.83249 0.05004 -0.6378 0.0027 0.7702 0.58030 0.85850
-0.19344 -0.17599 0.08841 -0.9166 0.0054 0.3998 0.51090 0.60630
-0.19010 -0.06543 0.07388 -0.9055 0.1451 0.3989 0.50140 0.56610
-0.18341 -0.27545 0.09146 -0.8988 -0.0856 0.4298 0.52470 0.64960
-0.18018 -0.35906 0.08070 -0.8905 -0.0326 0.4539 0.53710 0.68460
-0.19675 -0.44717 0.06260 -0.8946 0.0650 0.4420 0.54670 0.71760
-0.21353 -0.54359 0.04117 -0.9292 0.0135 0.3693 0.55430 0.75400
-0.20951 -0.69840 0.02866 -0.9667 -0.0351 0.2535 0.56560 0.79920
-0.20561 -0.83797 0.01540 -0.9921 -0.0236 0.1229 0.58890 0.85700
-0.19425 -0.18666 0.01087 -0.9168 -0.0707 -0.3931 0.54210 0.59880
-0.19230 -0.08606 0.00395 -0.9423 -0.0362 -0.3329 0.53620 0.55950
-0.18733 -0.28982 0.02180 -0.9147 -0.0867 -0.3947 0.55210 0.64380
-0.18402 -0.36407 0.02051 -0.8969 0.0979 -0.4312 0.56140 0.67960
-0.19638 -0.43169 0.00750 -0.8639 0.2284 -0.4489 0.56760 0.71370
-0.21169 -0.53148 -0.01018 -0.8715 0.1074 -0.4784 0.57220 0.75080
-0.20661 -0.69624 -0.00850 -0.8625 -0.0346 -0.5048 0.58030 0.79570
-0.19607 -0.83407 -0.01082 -0.8319 -0.0437 -0.5532 0.60060 0.85070
-0.14202 -0.20779 -0.02981 -0.3034 -0.1310 -0.9438 0.57180 0.59400
-0.14653 -0.11104 -0.04181 -0.4055 -0.2150 -0.8885 0.57150 0.55690
-0.13392 -0.30307 -0.01955 -0.2338 -0.1085 -0.9662 0.57770 0.63910
-0.13597 -0.35847 -0.01194 -0.2098 0.0325 -0.9772 0.58410 0.67780
-0.14732 -0.43668 -0.02229 -0.1759 0.1971 -0.9645 0.58800 0.71090
-0.16538 -0.53077 -0.04266 -0.1896 0.0917 -0.9776 0.59120 0.74800
-0.17429 -0.69548 -0.03352 -0.1477 -0.0666 -0.9868 0.59980 0.79230
-0.17531 -0.83762 -0.02375 -0.0180 -0.0737 -0.9971 0.60960 0.84680
-0.02971 -0.20529 0.06200 0.9586 -0.1736 0.2257 0.42680 0.64170
-0.05474 -0.31115 0.06471 0.9513 -0.2132 0.2226 0.46130 0.68450
-0.06821 -0.37749 0.05871 0.9346 -0.2652 0.2372 0.47840 0.70940
-0.09570 -0.46007 0.05790 0.9041 -0.2249 0.3635 0.49870 0.73420
-0.10484 -0.57066 0.04079 0.9099 -0.1695 0.3786 0.51400 0.77180
-0.13141 -0.71303 0.03514 0.9210 -0.1083 0.3742 0.53300 0.81690
-0.13909 -0.83706 0.04070 0.9413 -0.0439 0.3348 0.55380 0.85860
-0.06255 -0.13556 -0.03377 0.3485 -0.3232 -0.8798 0.60820 0.55690
-0.07088 -0.21889 -0.02083 0.4391 -0.1780 -0.8806 0.60020 0.59130
-0.08260 -0.30635 -0.00866 0.4775 -0.1492 -0.8659 0.60060 0.63740
-0.09262 -0.37090 -0.00545 0.4965 -0.0618 -0.8658 0.60360 0.67610
-0.11138 -0.43783 -0.01619 0.4997 0.0448 -0.8651 0.60600 0.71010
-0.11951 -0.54463 -0.03368 0.5677 -0.0314 -0.8226 0.60810 0.74670
-0.14336 -0.70252 -0.02011 0.6533 -0.1215 -0.7473 0.61550 0.79390
-0.15008 -0.84400 -0.00797 0.7372 -0.0920 -0.6693 0.61910 0.84150
-0.11668 0.06895 0.10877 -0.5342 0.1492 0.8321 0.45790 0.48620
-0.05802 0.04961 0.12468 -0.1768 -0.0355 0.9836 0.41610 0.49180
-0.05083 0.11575 0.12942 -0.2086 0.0189 0.9778 0.41580 0.45510
-0.15719 0.08688 -0.01418 -0.8047 0.4588 -0.3769 0.53480 0.48100
-0.15755 0.08982 0.05322 -0.8735 0.3696 0.3170 0.49990 0.48260
-0.19047 -0.04573 -0.00066 -0.9608 0.0310 -0.2756 0.53570 0.53100
-0.15289 -0.06376 -0.05454 -0.5671 -0.2386 -0.7883 0.57390 0.53040
-0.04992 -0.09834 -0.05523 0.1992 -0.5286 -0.8252 0.61560 0.53380
-0.11819 0.06141 -0.07125 -0.4146 0.3738 -0.8297 0.56700 0.48210
-0.18020 0.02189 -0.01082 -0.9340 0.2049 -0.2927 0.53660 0.50670
-0.14495 0.00245 -0.07057 -0.5849 0.0097 -0.8111 0.57110 0.50680
-0.04914 -0.03804 -0.09672 0.0653 -0.2547 -0.9648 0.60240 0.50960
-0.03704 0.03493 -0.09431 0.1123 0.2283 -0.9671 0.59660 0.48450
-0.03442 -0.21766 0.01810 0.9037 -0.2140 -0.3708 0.62490 0.59360
-0.02254 -0.13868 0.00279 0.8619 -0.3211 -0.3924 0.63630 0.56040
-0.02254 -0.13868 0.00279 0.8619 -0.3211 -0.3924 0.39700 0.62700
-0.03442 -0.21766 0.01810 0.9037 -0.2140 -0.3708 0.42000 0.65280
-0.05568 -0.30961 0.02402 0.9125 -0.2023 -0.3557 0.62120 0.64050
-0.05568 -0.30961 0.02402 0.9125 -0.2023 -0.3557 0.44960 0.68860
-0.06918 -0.37511 0.01978 0.9162 -0.1921 -0.3517 0.62250 0.67450
-0.06918 -0.37511 0.01978 0.9162 -0.1921 -0.3517 0.46950 0.71500
-0.08658 -0.44653 0.01224 0.9433 -0.1410 -0.3005 0.62500 0.70570
-0.08658 -0.44653 0.01224 0.9433 -0.1410 -0.3005 0.48420 0.74140
-0.09992 -0.56006 0.00174 0.9615 -0.1335 -0.2400 0.63040 0.74490
-0.09992 -0.56006 0.00174 0.9615 -0.1335 -0.2400 0.50070 0.77500
-0.12894 -0.70789 0.00881 0.9682 -0.1393 -0.2076 0.62870 0.79510
-0.12894 -0.70789 0.00881 0.9682 -0.1393 -0.2076 0.52660 0.81780
-0.13921 -0.84204 0.02082 0.9775 -0.0816 -0.1945 0.63290 0.83930
-0.13921 -0.84204 0.02082 0.9775 -0.0816 -0.1945 0.54960 0.85760
-0.00932 -0.10786 -0.00176 0.6916 -0.6497 -0.3154 0.38480 0.61650
-0.00932 -0.10786 -0.00176 0.6916 -0.6497 -0.3154 0.64710 0.54740
-0.22344 0.44941 -0.01738 -0.6710 0.5227 -0.5258 0.57890 0.12860
-0.20120 0.41298 -0.03604 -0.2260 -0.0391 -0.9734 0.58710 0.11310
-0.27958 0.36354 0.00152 -0.7329 0.4922 -0.4697 0.61380 0.13680
-0.26186 0.33484 -0.02768 -0.2110 0.0351 -0.9769 0.62150 0.11940
-0.31880 0.29595 0.05475 -0.2200 0.4715 0.8540 0.65690 0.17700
-0.33401 0.30523 0.04280 -0.6000 0.7122 0.3644 0.65540 0.16190
-0.12980 0.43481 -0.05816 -0.4358 0.0705 -0.8973 0.59870 0.27940
-0.33179 0.26665 -0.01108 -0.4600 -0.0328 -0.8873 0.66270 0.23470
-0.30276 0.24360 -0.00887 0.2126 -0.6110 -0.7625 0.65790 0.22380
-0.34241 0.29677 0.01952 -0.7497 0.5621 -0.3492 0.65480 0.14390
-0.33179 0.26665 -0.01108 -0.4600 -0.0328 -0.8873 0.65460 0.12820
-0.39504 0.24736 0.07096 -0.7971 0.5968 -0.0916 0.70050 0.15200
-0.39356 0.21487 0.04191 -0.7291 -0.0726 -0.6805 0.68860 0.13210
-0.35547 0.24085 0.10420 0.2441 0.5399 0.8056 0.70910 0.17730
-0.37287 0.25316 0.09603 -0.3100 0.7807 0.5426 0.70720 0.16630
-0.35927 0.18606 0.05073 -0.0464 -0.7377 -0.6736 0.70080 0.20890
-0.42909 0.12478 0.19824 0.7975 0.6027 0.0266 0.74730 0.18270
-0.43050 0.11015 0.18529 0.8047 0.5107 -0.3028 0.74720 0.18720
-0.43530 0.13442 0.20736 0.4011 0.8821 0.2469 0.74850 0.17800
-0.39356 0.21487 0.04191 -0.7291 -0.0726 -0.6805 0.69340 0.21860
-0.45819 0.14036 0.20353 -0.1219 0.9741 0.1904 0.75020 0.17080
-0.47034 0.13559 0.19034 -0.4544 0.8680 -0.2003 0.75050 0.16480
-0.47593 0.12454 0.17608 -0.2746 0.6580 -0.7012 0.74830 0.14610
-0.44507 0.09749 0.16821 0.6226 0.3750 -0.6868 0.74790 0.19110
-0.46351 0.10700 0.15924 0.2984 0.4202 -0.8570 0.74850 0.19290
-0.17537 0.03140 0.05385 -0.9068 0.2360 0.3493 0.50130 0.51020
-0.18467 -0.02348 0.06324 -0.9024 0.1927 0.3854 0.49910 0.53620
-0.47593 0.12454 0.17608 -0.2746 0.6580 -0.7012 0.75020 0.19730
-0.03929 0.48727 0.09018 -0.1437 0.5538 0.8201 0.41380 0.18630
-0.02404 0.52322 0.07373 -0.2377 0.3145 0.9190 0.40000 0.14470
-0.02042 0.50909 0.08027 -0.1295 0.4746 0.8706 0.39610 0.16740
-0.02291 0.53961 0.07135 -0.3553 -0.0032 0.9348 0.39470 0.11550
-0.03937 0.54499 0.06038 0.0178 0.0174 0.9997 0.41770 0.11100
0.00001 0.52104 0.07503 -0.0002 0.2732 0.9620 0.38100 0.14630
-0.00000 0.50174 0.08482 0.0000 0.4641 0.8858 0.38100 0.16970
-0.01750 0.55865 0.07682 -0.3725 -0.1381 0.9177 0.38910 0.08800
-0.03567 0.56452 0.06642 -0.6138 -0.0919 0.7841 0.40630 0.08450
0.00366 0.50541 -0.04801 -0.0171 0.2418 -0.9702 0.51680 0.04630
0.00053 0.53958 -0.03778 -0.0009 0.1387 -0.9903 0.49850 0.04470
0.00024 0.53599 0.07510 0.0022 -0.0736 0.9973 0.38100 0.11960
-0.00002 0.27574 0.14376 0.0000 -0.2188 0.9758 0.38100 0.34920
0.00008 0.13591 -0.02922 -0.0003 0.3627 -0.9319 0.59730 0.42390
0.00000 0.19076 -0.01809 0.0000 0.0470 -0.9989 0.59630 0.40330
-0.00000 0.55565 0.08102 -0.0002 -0.1756 0.9845 0.38100 0.09230
0.13750 0.31460 0.10073 0.9129 -0.3413 0.2240 0.28760 0.30970
0.13644 0.32147 0.13201 0.8490 -0.2624 0.4585 0.30860 0.30850
0.13469 0.37294 0.13056 0.7776 0.2671 0.5693 0.30720 0.28630
0.14740 0.38429 0.10682 0.9021 0.0689 0.4260 0.29260 0.26590
0.09419 0.26799 0.13252 0.5556 -0.5333 0.6378 0.31450 0.33150
0.08846 0.29110 0.16631 0.2245 -0.6019 0.7664 0.32280 0.31580
0.04247 0.32068 0.17449 -0.3187 -0.1962 0.9273 0.34180 0.31250
0.01796 0.31535 0.15877 -0.3192 -0.1573 0.9345 0.35430 0.32210
0.03222 0.39664 0.14187 -0.1373 0.3995 0.9064 0.35970 0.27510
0.04925 0.37213 0.15918 -0.2270 0.4003 0.8878 0.34780 0.28750
0.09516 0.39036 0.14896 0.2834 0.5218 0.8046 0.32520 0.28010
0.09017 0.41982 0.12836 0.2358 0.4721 0.8494 0.32090 0.25430
0.11597 0.33439 0.15672 0.6426 -0.0303 0.7656 0.32160 0.30440
0.11600 0.35408 0.15371 0.6050 0.2145 0.7668 0.32250 0.29870
0.09594 0.32902 0.16937 0.3885 -0.0241 0.9211 0.32540 0.30700
0.07405 0.33454 0.17400 0.0714 0.1151 0.9908 0.32910 0.30590
0.09680 0.35655 0.16314 0.3185 0.3170 0.8933 0.32690 0.29740
0.07502 0.35420 0.16756 0.0475 0.3357 0.9408 0.33000 0.30010
0.13464 0.31144 0.07314 0.9486 -0.3075 0.0750 0.27700 0.31220
0.12175 0.27520 0.08204 0.9188 -0.3247 0.2244 0.28470 0.34040
0.03025 0.26820 0.14646 0.0361 -0.2380 0.9706 0.35000 0.35590
0.08441 0.25102 0.12513 0.5469 -0.2951 0.7835 0.31550 0.35890
0.14927 0.35501 0.06666 0.9668 -0.2549 0.0193 0.26380 0.28210
0.15374 0.37352 0.06809 0.9637 -0.2507 0.0917 0.24670 0.25120
0.14790 0.40255 0.10473 0.7146 0.0715 0.6959 0.28390 0.24480
0.09500 0.43434 0.11808 0.2476 0.4206 0.8728 0.31790 0.23560
0.03579 0.44828 0.11640 0.0392 0.5017 0.8642 0.34970 0.22560
0.11460 0.25426 0.08880 0.8672 -0.2886 0.4058 0.29020 0.36110
0.11846 0.52291 0.02346 0.5197 0.6883 0.5062 0.25190 0.12450
0.10311 0.50030 0.06418 0.1964 0.7166 0.6692 0.27270 0.14760
0.06063 0.52000 0.05137 0.5396 0.4673 0.7003 0.30190 0.12660
0.07275 0.53808 0.02079 0.5295 0.2805 0.8006 0.28140 0.10610
0.10114 0.48048 0.07731 0.2039 0.5908 0.7806 0.29210 0.17140
0.04531 0.51958 0.06512 0.3697 0.3719 0.8515 0.33030 0.14820
0.15068 0.48270 0.06933 0.2747 0.5768 0.7693 0.23990 0.16310
0.14893 0.45549 0.08487 0.3108 0.3710 0.8751 0.25280 0.18650
0.08340 0.17893 0.11425 0.6235 -0.0009 0.7818 0.30990 0.41860
0.04766 0.18300 0.12569 0.1965 -0.0641 0.9784 0.34740 0.41800
0.03771 0.22989 0.13673 0.1361 -0.1891 0.9725 0.34810 0.38330
0.08301 0.22452 0.12070 0.6079 -0.1836 0.7725 0.31290 0.38420
0.08675 0.11158 -0.03950 0.2683 0.5204 -0.8107 0.20150 0.45570
0.12646 0.13039 -0.00656 0.6988 0.5138 -0.4976 0.23300 0.45250
0.11241 0.17915 0.01131 0.8385 0.2287 -0.4947 0.24240 0.42030
0.07649 0.16150 -0.01846 0.3497 0.2694 -0.8973 0.21080 0.42380
0.11161 0.22310 0.01640 0.8885 -0.0695 -0.4536 0.24230 0.38720
0.07621 0.21243 -0.01588 0.4431 -0.0236 -0.8961 0.21350 0.39310
0.11808 0.26440 0.01329 0.8799 -0.2480 -0.4052 0.23180 0.35530
0.08075 0.25085 -0.01792 0.4696 -0.2333 -0.8515 0.20650 0.36350
0.03852 0.08566 -0.06479 -0.0524 0.4939 -0.8679 0.17170 0.46030
0.03913 0.14438 -0.02745 0.0239 0.3270 -0.9447 0.18260 0.42640
0.04185 0.20126 -0.02239 0.0645 0.0073 -0.9979 0.18640 0.39910
0.04266 0.23781 -0.02576 0.0593 -0.1558 -0.9860 0.18200 0.37300
0.16098 0.38689 0.07394 0.4333 -0.4574 0.7765 0.21660 0.22180
0.14905 0.42512 0.09955 0.5082 0.1929 0.8394 0.26660 0.21300
0.17978 0.40583 0.07907 0.2266 -0.0603 0.9721 0.20760 0.19510
0.09969 0.45630 0.10166 0.2384 0.5344 0.8109 0.30760 0.20130
0.13327 0.30868 0.04155 0.9608 -0.2661 -0.0780 0.24620 0.31730
0.12413 0.27018 0.05149 0.9766 -0.2148 -0.0074 0.26090 0.34780
0.05355 -0.11440 0.11687 -0.5674 0.0313 0.8229 0.33280 0.59880
0.01912 -0.14279 0.06640 -0.9414 -0.1416 0.3062 0.35390 0.62190
0.01368 -0.11664 0.05439 -0.8667 -0.3939 0.3060 0.36650 0.61440
0.04332 -0.06182 0.10700 -0.2750 -0.1735 0.9457 0.35040 0.57070
0.13243 -0.07442 0.13158 0.2506 0.1835 0.9506 0.29780 0.58010
0.12730 -0.02463 0.11785 0.3177 0.1545 0.9355 0.30520 0.54870
0.05267 -0.00488 0.12081 0.0808 -0.1024 0.9915 0.34670 0.52850
0.12890 0.01787 0.10724 0.4878 0.0995 0.8673 0.30400 0.51690
0.03137 0.50582 -0.05349 -0.1052 0.2682 -0.9576 0.23700 0.05900
0.06974 0.51074 -0.05457 0.1126 0.2081 -0.9716 0.23000 0.07550
0.05308 0.54858 -0.03182 -0.2913 0.1176 -0.9494 0.26170 0.07000
0.02868 0.53969 -0.03807 0.0187 0.2009 -0.9794 0.26310 0.05750
0.14053 0.34239 0.03215 0.9410 -0.3208 -0.1081 0.22990 0.28620
0.13530 0.34727 -0.01747 0.7816 -0.3721 -0.5007 0.19340 0.29610
0.12649 0.30761 -0.00004 0.8607 -0.3221 -0.3943 0.21480 0.32340
0.09547 0.30487 -0.03450 0.4619 -0.3598 -0.8107 0.19020 0.33370
0.10456 0.35103 -0.04882 0.4123 -0.3059 -0.8582 0.17640 0.31140
0.05351 0.34115 -0.05615 0.0059 -0.2692 -0.9631 0.15800 0.32930
0.04688 0.28710 -0.03704 0.0398 -0.2860 -0.9574 0.16760 0.34650
0.13676 0.13298 0.04903 0.8951 0.3856 0.2237 0.26690 0.45230
0.09540 0.12059 0.10776 0.5814 0.1529 0.7991 0.30630 0.45340
0.11638 0.18242 0.05763 0.9648 0.1196 0.2341 0.27370 0.41830
0.11807 0.22938 0.05879 0.9779 -0.1284 0.1648 0.27640 0.37910
0.15121 0.37929 -0.01196 0.6294 -0.5734 -0.5245 0.19020 0.26870
0.14909 0.36042 0.03521 0.8969 -0.4309 -0.0993 0.21630 0.26060
0.16821 0.50739 0.03531 0.4572 0.8479 0.2683 0.22520 0.13970
0.24358 0.33285 0.06933 -0.0697 -0.1785 0.9815 0.15730 0.19340
0.31090 0.27539 0.07027 -0.3368 0.1320 0.9323 0.10470 0.18930
0.29357 0.25320 0.05650 -0.7217 -0.4055 0.5610 0.10510 0.20110
0.23013 0.31117 0.04529 -0.5116 -0.5936 0.6212 0.16030 0.21050
0.09587 0.41908 -0.07025 0.2847 -0.0200 -0.9584 0.15720 0.28740
0.04674 0.41237 -0.06933 -0.0836 -0.0347 -0.9959 0.14260 0.30400
0.34187 0.21868 0.10538 -0.6545 0.1068 0.7485 0.05260 0.18540
0.33325 0.19774 0.09594 -0.8160 -0.3786 0.4368 0.05310 0.19310
0.04674 0.41237 -0.06933 -0.0836 -0.0347 -0.9959 0.21090 0.05440
0.09587 0.41908 -0.07025 0.2847 -0.0200 -0.9584 0.20480 0.07170
0.22789 0.30099 0.01696 -0.6894 -0.7243 -0.0131 0.15440 0.22430
0.14934 0.36698 0.03683 0.3373 -0.9413 -0.0108 0.19360 0.23920
0.26545 0.35444 0.06713 0.4091 0.2796 0.8686 0.15530 0.17720
0.19858 0.43275 0.07246 0.4155 0.3335 0.8463 0.20070 0.17310
0.28395 0.36993 0.03832 0.7591 0.5665 0.3207 0.15340 0.15840
0.22220 0.45586 0.04060 0.7062 0.6290 0.3251 0.19350 0.15110
0.16013 0.38293 -0.01115 -0.0584 -0.6893 -0.7221 0.18050 0.25090
0.33954 0.18352 0.07661 -0.5982 -0.7891 -0.1400 0.05530 0.20070
0.28599 0.23922 0.02022 -0.6748 -0.7306 -0.1042 0.10460 0.21250
0.20120 0.41298 -0.03604 0.2259 -0.0391 -0.9734 0.16760 0.25930
0.15983 0.43282 -0.04982 0.3319 -0.0357 -0.9426 0.16790 0.27100
0.12091 0.50883 -0.02309 0.5982 0.4060 -0.6909 0.22840 0.09920
0.12980 0.43481 -0.05816 0.4357 0.0705 -0.8973 0.19870 0.09020
0.15983 0.43282 -0.04982 0.3319 -0.0357 -0.9426 0.19190 0.10260
0.16912 0.49517 -0.02194 0.4393 0.6947 -0.5695 0.20790 0.11700
0.23418 0.30879 -0.01463 -0.4566 -0.5087 -0.7299 0.14900 0.23530
0.26186 0.33484 -0.02768 0.2110 0.0351 -0.9769 0.14480 0.24310
0.06089 -0.18654 0.11998 -0.5947 -0.0759 0.8004 0.31250 0.63220
0.14105 -0.16836 0.14220 0.2713 0.0273 0.9621 0.28300 0.61880
0.07625 -0.30078 0.11574 -0.6269 -0.1652 0.7614 0.28430 0.67650
0.13759 -0.27683 0.13590 0.2400 -0.1070 0.9649 0.26320 0.66150
0.09219 -0.37370 0.10647 -0.5931 -0.2769 0.7560 0.26730 0.70150
0.13318 -0.36291 0.12350 0.1822 -0.1931 0.9641 0.24770 0.69270
0.11695 -0.45617 0.08622 -0.5245 -0.2644 0.8093 0.25030 0.72820
0.15292 -0.45095 0.09474 0.2473 -0.1634 0.9551 0.23460 0.72250
0.13101 -0.56691 0.07081 -0.4858 -0.1662 0.8581 0.23640 0.76450
0.17064 -0.55740 0.08036 0.2922 -0.1052 0.9506 0.22400 0.75850
0.15110 -0.70864 0.05739 -0.4026 -0.0840 0.9115 0.22030 0.80940
0.18192 -0.70289 0.06017 0.4498 -0.0553 0.8914 0.21090 0.80370
0.15848 -0.83082 0.06514 -0.3486 -0.0031 0.9373 0.19770 0.86030
0.19772 -0.83250 0.05006 0.6359 0.0008 0.7718 0.18170 0.85850
0.19344 -0.17599 0.08841 0.9166 0.0054 0.3998 0.25100 0.60630
0.19010 -0.06543 0.07388 0.9055 0.1451 0.3989 0.26060 0.56610
0.18341 -0.27545 0.09146 0.8988 -0.0856 0.4298 0.23730 0.64960
0.18018 -0.35906 0.08070 0.8905 -0.0326 0.4539 0.22490 0.68460
0.19675 -0.44717 0.06260 0.8947 0.0649 0.4420 0.21530 0.71760
0.21354 -0.54359 0.04114 0.9303 0.0137 0.3665 0.20770 0.75400
0.20989 -0.69843 0.02867 0.9683 -0.0349 0.2474 0.19640 0.79920
0.20562 -0.83797 0.01533 0.9931 -0.0233 0.1152 0.17310 0.85700
0.19425 -0.18666 0.01087 0.9168 -0.0707 -0.3931 0.21990 0.59880
0.19230 -0.08606 0.00395 0.9423 -0.0362 -0.3329 0.22580 0.55950
0.18733 -0.28982 0.02180 0.9147 -0.0867 -0.3947 0.20980 0.64380
0.18402 -0.36407 0.02051 0.8969 0.0979 -0.4312 0.20060 0.67960
0.19638 -0.43169 0.00750 0.8639 0.2284 -0.4489 0.19440 0.71370
0.21169 -0.53148 -0.01019 0.8710 0.1066 -0.4795 0.18980 0.75080
0.20598 -0.69611 -0.00816 0.8608 -0.0338 -0.5079 0.18170 0.79570
0.19606 -0.83405 -0.01085 0.8302 -0.0408 -0.5560 0.16130 0.85070
0.14202 -0.20779 -0.02981 0.3034 -0.1310 -0.9438 0.19020 0.59400
0.14654 -0.11104 -0.04180 0.4057 -0.2154 -0.8883 0.19050 0.55690
0.13392 -0.30307 -0.01955 0.2338 -0.1085 -0.9662 0.18430 0.63910
0.13597 -0.35847 -0.01194 0.2098 0.0325 -0.9772 0.17780 0.67780
0.14732 -0.43668 -0.02229 0.1759 0.1971 -0.9645 0.17400 0.71090
0.16539 -0.53077 -0.04265 0.1917 0.0912 -0.9772 0.17070 0.74800
0.17435 -0.69544 -0.03336 0.1534 -0.0665 -0.9859 0.16220 0.79230
0.17537 -0.83761 -0.02375 0.0244 -0.0723 -0.9971 0.15230 0.84680
0.02971 -0.20529 0.06200 -0.9586 -0.1736 0.2258 0.33520 0.64170
0.05474 -0.31115 0.06471 -0.9513 -0.2132 0.2226 0.30070 0.68450
0.06821 -0.37749 0.05871 -0.9346 -0.2652 0.2372 0.28360 0.70940
0.09570 -0.46008 0.05790 -0.9041 -0.2249 0.3635 0.26320 0.73420
0.10484 -0.57066 0.04079 -0.9100 -0.1695 0.3785 0.24790 0.77180
0.13146 -0.71302 0.03511 -0.9211 -0.1082 0.3739 0.22890 0.81690
0.13909 -0.83706 0.04070 -0.9413 -0.0436 0.3347 0.20820 0.85860
0.06250 -0.13553 -0.03377 -0.3544 -0.3190 -0.8790 0.15380 0.55690
0.07088 -0.21890 -0.02083 -0.4391 -0.1780 -0.8806 0.16180 0.59130
0.08260 -0.30635 -0.00866 -0.4775 -0.1492 -0.8659 0.16140 0.63740
0.09262 -0.37090 -0.00545 -0.4965 -0.0618 -0.8658 0.15830 0.67610
0.11138 -0.43783 -0.01619 -0.4997 0.0448 -0.8651 0.15600 0.71010
0.11951 -0.54463 -0.03368 -0.5671 -0.0313 -0.8230 0.15390 0.74670
0.14329 -0.70254 -0.02019 -0.6523 -0.1216 -0.7482 0.14650 0.79390
0.15008 -0.84401 -0.00798 -0.7363 -0.0922 -0.6703 0.14280 0.84150
0.11668 0.06896 0.10877 0.5338 0.1498 0.8323 0.30400 0.48620
0.05802 0.04961 0.12468 0.1769 -0.0348 0.9836 0.34590 0.49180
0.05075 0.11579 0.12918 0.2081 0.0188 0.9779 0.34610 0.45510
0.15717 0.08687 -0.01417 0.8043 0.4598 -0.3765 0.22720 0.48100
0.15755 0.08981 0.05321 0.8732 0.3707 0.3163 0.26200 0.48260
0.19047 -0.04573 -0.00066 0.9608 0.0310 -0.2756 0.22620 0.53100
0.15289 -0.06376 -0.05454 0.5672 -0.2387 -0.7882 0.18800 0.53040
0.04972 -0.09840 -0.05534 -0.2033 -0.5304 -0.8230 0.14630 0.53380
0.11842 0.06143 -0.07108 0.4160 0.3743 -0.8288 0.19500 0.48210
0.18020 0.02189 -0.01082 0.9341 0.2048 -0.2925 0.22540 0.50670
0.14495 0.00245 -0.07057 0.5848 0.0098 -0.8111 0.19090 0.50680
0.04924 -0.03794 -0.09670 -0.0671 -0.2494 -0.9661 0.15960 0.50960
0.03708 0.03495 -0.09435 -0.1173 0.2270 -0.9668 0.16530 0.48450
0.03442 -0.21766 0.01810 -0.9037 -0.2141 -0.3707 0.13710 0.59360
0.02251 -0.13858 0.00280 -0.8659 -0.3098 -0.3926 0.12570 0.56040
0.03442 -0.21766 0.01810 -0.9037 -0.2141 -0.3707 0.34200 0.65280
0.02251 -0.13858 0.00280 -0.8659 -0.3098 -0.3926 0.36500 0.62700
0.05568 -0.30961 0.02402 -0.9125 -0.2023 -0.3557 0.14080 0.64050
0.05568 -0.30961 0.02402 -0.9125 -0.2023 -0.3557 0.31240 0.68860
0.06918 -0.37511 0.01978 -0.9162 -0.1921 -0.3517 0.13940 0.67450
0.06918 -0.37511 0.01978 -0.9162 -0.1921 -0.3517 0.29250 0.71500
0.08658 -0.44653 0.01224 -0.9433 -0.1410 -0.3005 0.13690 0.70570
0.08658 -0.44653 0.01224 -0.9433 -0.1410 -0.3005 0.27780 0.74140
0.09991 -0.56006 0.00174 -0.9617 -0.1334 -0.2394 0.13150 0.74490
0.09991 -0.56006 0.00174 -0.9617 -0.1334 -0.2394 0.26130 0.77500
0.12893 -0.70789 0.00882 -0.9685 -0.1393 -0.2063 0.13330 0.79510
0.12893 -0.70789 0.00882 -0.9685 -0.1393 -0.2063 0.23540 0.81780
0.13921 -0.84204 0.02083 -0.9778 -0.0816 -0.1930 0.12910 0.83930
0.13921 -0.84204 0.02083 -0.9778 -0.0816 -0.1930 0.21240 0.85760
0.01015 -0.10616 -0.00103 -0.7371 -0.6123 -0.2860 0.37720 0.61650
0.01015 -0.10616 -0.00103 -0.7371 -0.6123 -0.2860 0.11490 0.54740
0.20120 0.41298 -0.03604 0.2259 -0.0391 -0.9734 0.17490 0.11310
0.22344 0.44941 -0.01738 0.6710 0.5227 -0.5258 0.18300 0.12860
0.26186 0.33484 -0.02768 0.2110 0.0351 -0.9769 0.14050 0.11940
0.27958 0.36355 0.00152 0.7329 0.4922 -0.4697 0.14820 0.13680
0.33401 0.30523 0.04280 0.6000 0.7121 0.3645 0.10660 0.16190
0.31880 0.29595 0.05475 0.2200 0.4715 0.8540 0.10500 0.17700
0.12980 0.43481 -0.05816 0.4357 0.0705 -0.8973 0.16330 0.27940
0.30276 0.24360 -0.00887 -0.2126 -0.6110 -0.7625 0.10400 0.22380
0.33179 0.26665 -0.01108 0.4600 -0.0329 -0.8873 0.09930 0.23470
0.33179 0.26665 -0.01108 0.4600 -0.0329 -0.8873 0.10740 0.12820
0.34241 0.29676 0.01952 0.7497 0.5621 -0.3492 0.10720 0.14390
0.39356 0.21487 0.04191 0.7292 -0.0726 -0.6805 0.07340 0.13210
0.39504 0.24736 0.07096 0.7971 0.5968 -0.0916 0.06150 0.15200
0.35547 0.24085 0.10420 -0.2441 0.5399 0.8056 0.05290 0.17730
0.37287 0.25316 0.09603 0.3100 0.7807 0.5426 0.05480 0.16630
0.35927 0.18606 0.05073 0.0464 -0.7377 -0.6736 0.06120 0.20890
0.42909 0.12478 0.19824 -0.7975 0.6027 0.0266 0.01470 0.18270
0.43050 0.11015 0.18529 -0.8047 0.5107 -0.3028 0.01480 0.18720
0.43530 0.13442 0.20736 -0.4011 0.8821 0.2469 0.01340 0.17800
0.39356 0.21487 0.04191 0.7292 -0.0726 -0.6805 0.06850 0.21860
0.45819 0.14036 0.20353 0.1219 0.9741 0.1904 0.01180 0.17080
0.47034 0.13559 0.19034 0.4544 0.8680 -0.2003 0.01150 0.16480
0.47593 0.12454 0.17609 0.2746 0.6580 -0.7012 0.01370 0.14610
0.44507 0.09749 0.16821 -0.6227 0.3750 -0.6868 0.01400 0.19110
0.46351 0.10700 0.15924 -0.2984 0.4202 -0.8570 0.01350 0.19290
0.17537 0.03140 0.05385 0.9068 0.2360 0.3493 0.26070 0.51020
0.18467 -0.02348 0.06324 0.9024 0.1927 0.3854 0.26290 0.53620
0.47593 0.12454 0.17609 0.2746 0.6580 -0.7012 0.01170 0.19730
0.03929 0.48727 0.09018 0.1437 0.5538 0.8201 0.34820 0.18630
0.02042 0.50909 0.08027 0.1295 0.4746 0.8706 0.36590 0.16740
0.02404 0.52321 0.07373 0.2380 0.3142 0.9191 0.36200 0.14470
0.02292 0.53961 0.07135 0.3561 -0.0030 0.9344 0.36720 0.11550
0.03937 0.54499 0.06038 -0.0178 0.0174 0.9997 0.34430 0.11100
0.01751 0.55866 0.07682 0.3731 -0.1372 0.9176 0.37290 0.08800
0.03567 0.56452 0.06642 0.6138 -0.0919 0.7841 0.35570 0.08450
0.00724 0.41174 -0.05927 -0.0281 -0.0211 -0.9994 0.12430 0.32480
0.00475 0.34728 -0.05091 -0.0140 -0.2375 -0.9713 0.14170 0.34320
0.00187 -0.04794 -0.06861 -0.0190 -0.4219 -0.9064 0.14290 0.51070
-0.00344 -0.08538 -0.03561 0.0498 -0.7824 -0.6208 0.13020 0.53000
0.00408 -0.09900 -0.00175 -0.0622 -0.9550 -0.2900 0.11310 0.54340
0.00000 0.18775 0.12804 0.0006 -0.0795 0.9968 0.38100 0.41610
0.00096 0.23508 0.13606 -0.0016 -0.2122 0.9772 0.38100 0.37870
0.00000 0.28451 -0.02995 0.0000 -0.2500 -0.9683 0.14890 0.35800
0.00012 0.23525 -0.02186 -0.0003 -0.1355 -0.9908 0.16120 0.38230
-0.00000 0.44480 0.11748 0.0000 0.4744 0.8803 0.38100 0.22180
-0.00000 0.48063 0.09718 -0.0000 0.5074 0.8617 0.38100 0.19130
0.00003 0.02155 -0.07782 -0.0007 0.1178 -0.9930 0.60910 0.48050
0.00075 0.07561 -0.06362 -0.0045 0.4466 -0.8947 0.60350 0.45590
0.00475 0.34728 -0.05091 -0.0140 -0.2375 -0.9713 0.62030 0.34320
0.00724 0.41174 -0.05927 -0.0281 -0.0211 -0.9994 0.63770 0.32480
0.00724 0.41174 -0.05927 -0.0281 -0.0211 -0.9994 0.54980 0.03900
0.00029 0.03701 0.12856 0.0008 -0.0814 0.9967 0.38100 0.49460
-0.00000 -0.01596 0.12198 0.0001 -0.2002 0.9798 0.38100 0.53230
0.00187 -0.04794 -0.06861 -0.0190 -0.4219 -0.9064 0.61910 0.51070
-0.00344 -0.08538 -0.03561 0.0498 -0.7824 -0.6208 0.63180 0.53000
0.00408 -0.09900 -0.00175 -0.0622 -0.9550 -0.2900 0.64890 0.54340
0.00001 0.11204 0.13251 0.0011 -0.0022 1.0000 0.38100 0.45560
-0.00019 -0.05917 0.10735 -0.0006 -0.5016 0.8651 0.38100 0.56650
0.00186 -0.09804 0.04854 -0.0468 -0.9031 0.4268 0.38100 0.60520
0.00012 0.23525 -0.02186 -0.0003 -0.1355 -0.9908 0.60080 0.38230
0.00000 0.28451 -0.02995 0.0000 -0.2500 -0.9683 0.61310 0.35800
0.00408 -0.09900 -0.00175 -0.0622 -0.9550 -0.2900 0.38100 0.61630
0.00366 0.50541 -0.04801 -0.0171 0.2418 -0.9702 0.24520 0.04630
0.00053 0.53958 -0.03778 -0.0009 0.1387 -0.9903 0.26340 0.04470
0.00003 0.02155 -0.07782 -0.0007 0.1178 -0.9930 0.15290 0.48050
0.00075 0.07561 -0.06362 -0.0045 0.4466 -0.8947 0.15850 0.45590
0.00008 0.13591 -0.02922 -0.0003 0.3627 -0.9319 0.16470 0.42390
0.00724 0.41174 -0.05927 -0.0281 -0.0211 -0.9994 0.21220 0.03900
0.00000 0.19076 -0.01809 0.0000 0.0470 -0.9989 0.16570 0.40330
0 2 1
0 3 2
4 3 0
4 5 3
6 8 7
6 9 8
10 8 11
10 7 8
12 2 3
12 13 2
14 3 5
14 12 3
15 5 6
15 14 5
13 10 2
13 16 10
16 7 10
16 17 7
17 6 7
17 15 6
16 12 14
16 13 12
15 16 14
15 17 16
2 11 1
2 10 11
0 18 4
0 19 18
20 4 21
20 9 4
0 22 19
0 1 22
23 1 24
23 22 1
5 9 6
5 4 9
24 11 25
24 1 11
11 26 25
11 8 26
4 27 21
4 18 27
28 8 9
28 29 8
30 32 31
30 33 32
32 35 34
32 33 35
33 36 35
33 37 36
38 40 39
38 41 40
42 44 43
42 45 44
43 47 46
43 44 47
46 49 48
46 47 49
50 43 51
50 42 43
51 46 52
51 43 46
52 48 53
52 46 48
54 36 55
54 56 36
25 56 24
25 57 56
58 18 19
58 59 18
60 62 61
60 63 62
64 61 65
64 60 61
61 66 65
61 67 66
68 70 69
68 71 70
58 73 72
58 74 73
49 75 48
49 72 75
75 77 76
75 78 77
48 76 53
48 75 76
79 38 80
79 81 38
45 80 44
45 79 80
80 39 82
80 38 39
44 82 47
44 80 82
47 59 49
47 82 59
49 58 72
49 59 58
19 74 58
19 22 74
83 74 84
83 73 74
85 33 30
85 37 33
86 88 87
86 89 88
78 90 77
78 91 90
88 93 92
88 89 93
71 95 94
71 68 95
54 97 96
54 87 97
98 55 99
98 86 55
84 22 23
84 74 22
100 99 101
100 98 99
102 84 96
102 83 84
92 103 88
92 104 103
88 97 87
88 103 97
105 83 102
105 106 83
101 37 85
101 99 37
107 94 108
107 71 94
108 109 107
108 110 109
107 85 30
107 109 85
97 102 96
97 111 102
111 105 102
111 112 105
96 23 54
96 84 23
113 64 114
113 60 64
115 114 116
115 113 114
117 116 118
117 115 116
119 118 120
119 117 118
121 120 122
121 119 120
123 122 124
123 121 122
125 124 126
125 123 124
127 64 128
127 114 64
129 114 127
129 116 114
130 116 129
130 118 116
131 118 130
131 120 118
132 120 131
132 122 120
133 122 132
133 124 122
134 124 133
134 126 124
135 128 136
135 127 128
137 127 135
137 129 127
138 129 137
138 130 129
139 130 138
139 131 130
140 131 139
140 132 131
141 132 140
141 133 132
142 133 141
142 134 133
143 136 144
143 135 136
145 135 143
145 137 135
146 137 145
146 138 137
147 138 146
147 139 138
148 139 147
148 140 139
149 140 148
149 141 140
150 141 149
150 142 141
63 113 151
63 60 113
151 115 152
151 113 115
152 117 153
152 115 117
153 119 154
153 117 119
154 121 155
154 119 121
155 123 156
155 121 123
156 125 157
156 123 125
158 143 144
158 159 143
159 145 143
159 160 145
160 146 145
160 161 146
161 147 146
161 162 147
162 148 147
162 163 148
163 149 148
163 164 149
164 150 149
164 165 150
166 67 167
166 66 67
166 168 81
166 167 168
81 41 38
81 168 41
169 79 45
169 170 79
170 81 79
170 166 81
171 144 136
171 172 144
172 158 144
172 173 158
42 169 45
42 174 169
175 172 171
175 176 172
176 173 172
176 177 173
178 42 50
178 174 42
169 176 175
169 174 176
174 177 176
174 178 177
179 158 180
179 159 158
151 181 63
151 182 181
183 159 179
183 160 159
152 182 151
152 184 182
185 160 183
185 161 160
153 184 152
153 186 184
187 161 185
187 162 161
154 186 153
154 188 186
189 162 187
189 163 162
155 188 154
155 190 188
191 163 189
191 164 163
156 190 155
156 192 190
193 164 191
193 165 164
157 192 156
157 194 192
195 63 181
195 62 63
173 180 158
173 196 180
110 197 109
110 198 197
198 199 197
198 200 199
100 201 98
100 202 201
72 78 75
72 73 78
83 203 73
83 106 203
203 78 73
203 91 78
111 204 112
111 205 204
200 206 199
200 207 206
98 89 86
98 201 89
97 205 111
97 103 205
206 209 208
206 207 209
210 89 201
210 93 89
211 201 202
211 210 201
104 205 103
104 212 205
109 101 85
109 197 101
101 199 100
101 197 199
202 199 206
202 100 199
208 202 206
208 211 202
213 92 93
213 214 92
215 93 210
215 213 93
212 204 205
212 216 204
217 210 211
217 215 210
211 218 217
211 208 218
55 87 54
55 86 87
208 219 218
208 209 219
214 104 92
214 220 104
212 220 221
212 104 220
175 170 169
175 222 170
223 136 128
223 171 136
223 175 171
223 222 175
223 66 222
223 65 66
166 222 66
166 170 222
65 128 64
65 223 128
216 221 224
216 212 221
225 226 34
225 227 226
56 35 36
56 57 35
99 36 37
99 55 36
34 57 225
34 35 57
26 57 25
26 225 57
228 34 226
228 229 34
230 227 231
230 226 227
232 229 228
232 233 229
21 82 39
21 27 82
27 59 82
27 18 59
234 69 235
234 68 69
236 226 230
236 228 226
28 20 237
28 9 20
238 52 239
238 51 52
240 228 236
240 232 228
21 40 20
21 39 40
23 56 54
23 24 56
241 243 242
241 244 243
245 242 246
245 241 242
247 249 248
247 250 249
251 249 250
251 252 249
253 243 254
253 242 243
255 242 253
255 246 242
256 246 255
256 247 246
254 251 257
254 243 251
257 250 258
257 251 250
258 247 256
258 250 247
257 253 254
257 255 253
256 257 258
256 255 257
243 252 251
243 244 252
241 260 259
241 245 260
261 245 248
261 262 245
241 263 244
241 259 263
264 244 263
264 265 244
246 248 245
246 247 248
265 252 244
265 266 252
267 252 266
267 249 252
245 268 260
245 262 268
269 271 270
269 272 271
271 273 270
271 274 273
270 276 275
270 273 276
277 279 278
277 280 279
281 283 282
281 284 283
284 285 283
284 286 285
286 287 285
286 288 287
289 284 281
289 290 284
290 286 284
290 291 286
291 288 286
291 292 288
293 276 294
293 295 276
266 294 296
266 265 294
297 260 298
297 259 260
299 301 300
299 302 301
303 302 299
303 304 302
302 306 305
302 304 306
307 309 308
307 310 309
297 312 311
297 313 312
287 314 313
287 288 314
314 316 315
314 317 316
288 317 314
288 292 317
318 277 319
318 320 277
282 320 318
282 283 320
320 280 277
320 321 280
283 321 320
283 285 321
285 298 321
285 287 298
287 297 298
287 313 297
259 311 263
259 297 311
322 311 312
322 323 311
324 270 275
324 269 270
325 327 326
325 328 327
315 330 329
315 316 330
327 331 326
327 332 331
308 333 307
308 334 333
293 335 328
293 336 335
337 295 325
337 338 295
323 263 311
323 264 263
339 338 337
339 340 338
341 323 322
341 336 323
332 343 342
332 327 343
327 335 343
327 328 335
344 322 345
344 341 322
340 275 338
340 324 275
346 334 308
346 347 334
347 349 348
347 346 349
346 324 349
346 269 324
335 341 350
335 336 341
350 344 351
350 341 344
336 264 323
336 293 264
352 303 299
352 353 303
354 353 352
354 355 353
356 355 354
356 357 355
358 357 356
358 359 357
360 359 358
360 361 359
362 361 360
362 363 361
364 363 362
364 365 363
366 303 353
366 367 303
368 353 355
368 366 353
369 355 357
369 368 355
370 357 359
370 369 357
371 359 361
371 370 359
372 361 363
372 371 361
373 363 365
373 372 363
374 367 366
374 375 367
376 366 368
376 374 366
377 368 369
377 376 368
378 369 370
378 377 369
379 370 371
379 378 370
380 371 372
380 379 371
381 372 373
381 380 372
382 375 374
382 383 375
384 374 376
384 382 374
385 376 377
385 384 376
386 377 378
386 385 377
387 378 379
387 386 378
388 379 380
388 387 379
389 380 381
389 388 380
300 352 299
300 390 352
390 354 352
390 391 354
391 356 354
391 392 356
392 358 356
392 393 358
393 360 358
393 394 360
394 362 360
394 395 362
395 364 362
395 396 364
397 382 398
397 383 382
398 384 399
398 382 384
399 385 400
399 384 385
400 386 401
400 385 386
401 387 402
401 386 387
402 388 403
402 387 388
403 389 404
403 388 389
405 305 306
405 406 305
405 407 406
405 319 407
319 278 407
319 277 278
408 318 409
408 282 318
409 319 405
409 318 319
410 383 411
410 375 383
411 397 412
411 383 397
281 408 413
281 282 408
414 411 415
414 410 411
415 412 416
415 411 412
417 281 413
417 289 281
408 415 413
408 414 415
413 416 417
413 415 416
418 397 398
418 419 397
390 421 420
390 300 421
422 398 399
422 418 398
391 420 423
391 390 420
424 399 400
424 422 399
392 423 425
392 391 423
426 400 401
426 424 400
393 425 427
393 392 425
428 401 402
428 426 401
394 427 429
394 393 427
430 402 403
430 428 402
395 429 431
395 394 429
432 403 404
432 430 403
396 431 433
396 395 431
434 300 301
434 421 300
412 419 435
412 397 419
348 437 436
348 349 437
436 439 438
436 437 439
339 441 440
339 337 441
313 315 312
313 314 315
322 442 345
322 312 442
442 315 329
442 312 315
350 444 443
350 351 444
438 446 445
438 439 446
337 326 441
337 325 326
335 443 343
335 350 443
446 447 445
446 448 447
449 326 331
449 441 326
450 441 449
450 440 441
342 443 451
342 343 443
349 340 437
349 324 340
340 439 437
340 339 439
440 439 339
440 446 439
448 440 450
448 446 440
452 332 453
452 331 332
454 331 452
454 449 331
451 444 455
451 443 444
456 449 454
456 450 449
450 457 448
450 456 457
295 328 325
295 293 328
448 458 447
448 457 458
453 342 459
453 332 342
451 459 342
451 460 459
414 409 461
414 408 409
462 375 410
462 367 375
462 414 461
462 410 414
462 306 304
462 461 306
405 461 409
405 306 461
304 367 462
304 303 367
455 460 451
455 463 460
464 466 465
464 274 466
294 273 296
294 276 273
338 276 295
338 275 276
274 296 273
274 464 296
267 296 464
267 266 296
467 274 468
467 466 274
469 468 470
469 467 468
262 321 268
262 280 321
268 298 260
268 321 298
316 471 330
316 472 471
473 412 474
473 416 412
474 435 475
474 412 435
278 477 476
278 279 477
317 472 316
317 478 472
292 478 317
292 479 478
262 279 280
262 261 279
480 464 481
480 267 464
264 294 265
264 293 294
480 8 29
480 26 8
40 237 20
40 477 237
482 50 483
482 178 50
483 51 238
483 50 51
77 485 484
77 90 485
68 486 95
68 234 486
231 225 481
231 227 225
67 487 167
67 488 487
489 178 482
489 177 178
489 173 177
489 490 173
490 196 173
490 491 196
41 477 40
41 476 477
168 476 41
168 492 476
62 493 61
62 494 493
61 488 67
61 493 488
239 53 495
239 52 53
76 484 496
76 77 484
53 496 495
53 76 496
167 492 168
167 487 492
497 62 195
497 494 62
480 225 26
480 481 225
28 249 29
28 248 249
480 249 267
480 29 249
279 237 477
279 261 237
230 465 466
230 231 465
498 310 307
498 499 310
500 289 417
500 501 289
501 290 289
501 502 290
307 503 498
307 333 503
236 466 467
236 230 466
231 464 465
231 481 464
305 487 488
305 406 487
473 417 416
473 500 417
28 261 248
28 237 261
407 476 492
407 278 476
301 493 494
301 302 493
302 488 493
302 305 488
504 292 291
504 479 292
502 291 290
502 504 291
406 492 487
406 407 492
497 301 494
497 434 301
240 467 469
240 236 467
LABEL Coverall_Collar
MATERIAL 8
TEXTURE 0
GEOM 50 48
0.03937 0.54499 0.06038 -0.0178 0.0174 0.9997 0.34430 0.11100
0.03567 0.56452 0.06642 0.6138 -0.0919 0.7841 0.35570 0.08450
0.03750 0.60052 0.06881 0.6854 -0.0221 0.7279 0.35570 0.08450
0.04146 0.58099 0.06253 0.0591 -0.0498 0.9970 0.34430 0.11100
-0.03937 0.54499 0.06038 0.0178 0.0174 0.9997 0.41770 0.11100
-0.04531 0.51958 0.06512 -0.3697 0.3719 0.8515 0.43160 0.14820
-0.04743 0.55558 0.06724 -0.0337 -0.0321 0.9989 0.43160 0.14820
-0.04146 0.58099 0.06253 -0.0591 -0.0498 0.9970 0.41770 0.11100
-0.06063 0.52000 0.05137 -0.5396 0.4673 0.7003 0.46010 0.12660
-0.07275 0.53808 0.02079 -0.5295 0.2805 0.8006 0.48060 0.10610
-0.07575 0.57408 0.02083 -0.5342 -0.0159 0.8452 0.48060 0.10610
-0.06329 0.55600 0.05275 -0.8311 -0.0474 0.5541 0.46010 0.12660
-0.02873 0.53972 -0.03806 -0.0224 0.2031 -0.9789 0.49890 0.05750
0.00053 0.53958 -0.03778 -0.0009 0.1387 -0.9903 0.49850 0.04470
0.00056 0.57558 -0.04078 -0.0003 -0.0395 -0.9992 0.49850 0.04470
-0.03006 0.57572 -0.04075 -0.1386 -0.0432 -0.9894 0.49890 0.05750
0.06974 0.51074 -0.05457 0.1126 0.2081 -0.9716 0.23000 0.07550
0.12091 0.50883 -0.02309 0.5982 0.4060 -0.6909 0.22840 0.09920
0.12374 0.54483 -0.02410 0.8890 -0.0486 -0.4552 0.22840 0.09920
0.07180 0.54674 -0.05676 -0.1712 -0.0191 -0.9851 0.23000 0.07550
-0.00000 0.55565 0.08102 -0.0002 -0.1756 0.9845 0.38100 0.09230
-0.01750 0.55865 0.07682 -0.3725 -0.1381 0.9177 0.38910 0.08800
-0.01838 0.59465 0.07969 -0.3746 -0.0425 0.9262 0.38910 0.08800
-0.00000 0.59165 0.08402 -0.0000 -0.0461 0.9989 0.38100 0.09230
-0.03567 0.56452 0.06642 -0.6138 -0.0919 0.7841 0.40630 0.08450
-0.03750 0.60052 0.06881 -0.6853 -0.0221 0.7279 0.40630 0.08450
-0.11846 0.52291 0.02346 -0.5197 0.6883 0.5062 0.51000 0.12450
-0.12146 0.55891 0.02355 -0.6741 -0.0221 0.7383 0.51000 0.12450
-0.12091 0.50883 -0.02309 -0.5982 0.4060 -0.6909 0.53350 0.09920
-0.12374 0.54483 -0.02410 -0.8890 -0.0486 -0.4552 0.53350 0.09920
0.05308 0.54858 -0.03182 -0.2913 0.1176 -0.9494 0.26170 0.07000
0.05523 0.58458 -0.03391 -0.3403 -0.0163 -0.9402 0.26170 0.07000
0.07275 0.53808 0.02079 0.5295 0.2805 0.8006 0.28140 0.10610
0.06063 0.52000 0.05137 0.5396 0.4673 0.7003 0.30190 0.12660
0.06329 0.55600 0.05275 0.8311 -0.0474 0.5541 0.30190 0.12660
0.07575 0.57408 0.02083 0.5342 -0.0159 0.8452 0.28140 0.10610
-0.06975 0.51076 -0.05457 -0.1126 0.2082 -0.9716 0.53200 0.07550
-0.05308 0.54858 -0.03182 0.2912 0.1178 -0.9494 0.50020 0.07000
-0.05523 0.58458 -0.03391 0.3403 -0.0163 -0.9402 0.50020 0.07000
-0.07180 0.54676 -0.05676 0.1712 -0.0191 -0.9851 0.53200 0.07550
0.01751 0.55866 0.07682 0.3731 -0.1372 0.9176 0.37290 0.08800
0.01839 0.59466 0.07968 0.3746 -0.0425 0.9262 0.37290 0.08800
0.11846 0.52291 0.02346 0.5197 0.6883 0.5062 0.25190 0.12450
0.12146 0.55891 0.02355 0.6741 -0.0221 0.7383 0.25190 0.12450
0.00053 0.53958 -0.03778 -0.0009 0.1387 -0.9903 0.26340 0.04470
0.02868 0.53969 -0.03807 0.0187 0.2009 -0.9794 0.26310 0.05750
0.03001 0.57569 -0.04076 0.1383 -0.0432 -0.9894 0.26310 0.05750
0.00056 0.57558 -0.04078 -0.0003 -0.0395 -0.9992 0.26340 0.04470
0.04531 0.51958 0.06512 0.3697 0.3719 0.8515 0.33030 0.14820
0.04743 0.55558 0.06724 0.0337 -0.0321 0.9989 0.33030 0.14820
0 2 1
0 3 2
4 6 5
4 7 6
8 10 9
8 11 10
12 14 13
12 15 14
16 18 17
16 19 18
20 22 21
20 23 22
24 7 4
24 25 7
9 27 26
9 10 27
26 29 28
26 27 29
30 19 16
30 31 19
32 34 33
32 35 34
36 38 37
36 39 38
1 41 40
1 2 41
42 35 32
42 43 35
44 46 45
44 47 46
37 15 12
37 38 15
33 49 48
33 34 49
5 11 8
5 6 11
48 3 0
48 49 3
21 25 24
21 22 25
17 43 42
17 18 43
45 31 30
45 46 31
40 23 20
40 41 23
28 39 36
28 29 39
LABEL Coverall_Cuff
MATERIAL 9
TEXTURE 0
GEOM 54 64
0.46521 0.10700 0.15561 0.1276 0.4846 -0.8654 0.01350 0.19290
0.44381 0.09749 0.16441 -0.5351 0.4777 -0.6968 0.01400 0.19110
0.44381 0.08549 0.16441 -0.5872 0.0000 -0.8094 0.01400 0.19110
0.46521 0.09500 0.15561 -0.0000 0.0000 -1.0000 0.01350 0.19290
0.47965 0.12454 0.17460 0.7042 0.6106 -0.3624 0.01170 0.19730
0.47965 0.11254 0.17460 0.9357 0.0000 -0.3529 0.01170 0.19730
0.45971 0.14036 0.20723 0.3146 0.7250 0.6127 0.01180 0.17080
0.47424 0.13559 0.19121 0.7033 0.7035 0.1019 0.01150 0.16480
0.47424 0.12359 0.19121 0.8880 0.0000 0.4598 0.01150 0.16480
0.45971 0.12836 0.20723 0.4611 0.0000 0.8873 0.01180 0.17080
0.47965 0.12454 0.17460 0.7042 0.6106 -0.3624 0.01370 0.14610
0.47965 0.11254 0.17460 0.9357 0.0000 -0.3529 0.01370 0.14610
0.42651 0.11015 0.18515 -0.7237 0.4381 -0.5333 0.01480 0.18720
0.42560 0.12478 0.20019 -0.8679 0.4901 -0.0804 0.01470 0.18270
0.42560 0.11278 0.20019 -0.9921 0.0000 0.1251 0.01470 0.18270
0.42651 0.09815 0.18515 -0.8686 0.0000 -0.4955 0.01480 0.18720
0.46351 0.10700 0.15924 -0.2984 0.4202 -0.8570 0.01350 0.19290
0.44507 0.09749 0.16821 -0.6227 0.3750 -0.6868 0.01400 0.19110
0.45819 0.14036 0.20353 0.1219 0.9741 0.1904 0.01180 0.17080
0.47034 0.13559 0.19034 0.4544 0.8680 -0.2003 0.01150 0.16480
0.47593 0.12454 0.17609 0.2746 0.6580 -0.7012 0.01170 0.19730
-0.47965 0.12454 0.17460 -0.7042 0.6106 -0.3624 0.74830 0.14610
-0.47424 0.13559 0.19121 -0.7033 0.7035 0.1019 0.75050 0.16480
-0.47424 0.12359 0.19121 -0.8880 0.0000 0.4598 0.75050 0.16480
-0.47965 0.11254 0.17460 -0.9357 0.0000 -0.3529 0.74830 0.14610
-0.42560 0.12478 0.20019 0.8679 0.4901 -0.0804 0.74730 0.18270
-0.42651 0.11015 0.18515 0.7237 0.4381 -0.5333 0.74720 0.18720
-0.42651 0.09815 0.18515 0.8686 0.0000 -0.4955 0.74720 0.18720
-0.42560 0.11278 0.20019 0.9921 0.0000 0.1251 0.74730 0.18270
0.43530 0.13442 0.20736 -0.4011 0.8821 0.2469 0.01340 0.17800
0.43293 0.13442 0.21058 -0.4605 0.6580 0.5958 0.01340 0.17800
0.47593 0.12454 0.17609 0.2746 0.6580 -0.7012 0.01370 0.14610
0.43293 0.12242 0.21058 -0.5315 0.0000 0.8470 0.01340 0.17800
-0.44507 0.09749 0.16821 0.6226 0.3750 -0.6868 0.74790 0.19110
-0.46351 0.10700 0.15924 0.2984 0.4202 -0.8570 0.74850 0.19290
-0.46521 0.10700 0.15561 -0.1276 0.4846 -0.8654 0.74850 0.19290
-0.44381 0.09749 0.16441 0.5351 0.4777 -0.6968 0.74790 0.19110
-0.42909 0.12478 0.19824 0.7975 0.6027 0.0266 0.74730 0.18270
-0.43050 0.11015 0.18529 0.8047 0.5107 -0.3028 0.74720 0.18720
0.43050 0.11015 0.18529 -0.8047 0.5107 -0.3028 0.01480 0.18720
0.42909 0.12478 0.19824 -0.7975 0.6027 0.0266 0.01470 0.18270
-0.45971 0.14036 0.20723 -0.3146 0.7250 0.6127 0.75020 0.17080
-0.45971 0.12836 0.20723 -0.4611 0.0000 0.8873 0.75020 0.17080
-0.44381 0.08549 0.16441 0.5872 0.0000 -0.8094 0.74790 0.19110
-0.43293 0.13442 0.21058 0.4605 0.6580 0.5958 0.74850 0.17800
-0.43293 0.12242 0.21058 0.5315 0.0000 0.8470 0.74850 0.17800
-0.47034 0.13559 0.19034 -0.4544 0.8680 -0.2003 0.75050 0.16480
-0.45819 0.14036 0.20353 -0.1219 0.9741 0.1904 0.75020 0.17080
-0.43530 0.13442 0.20736 0.4011 0.8821 0.2469 0.74850 0.17800
-0.47593 0.12454 0.17608 -0.2746 0.6580 -0.7012 0.74830 0.14610
-0.46521 0.09500 0.15561 0.0000 0.0000 -1.0000 0.74850 0.19290
-0.47593 0.12454 0.17608 -0.2746 0.6580 -0.7012 0.75020 0.19730
-0.47965 0.12454 0.17460 -0.7042 0.6106 -0.3624 0.75020 0.19730
-0.47965 0.11254 0.17460 -0.9357 0.0000 -0.3529 0.75020 0.19730
0 2 1
0 3 2
4 3 0
4 5 3
6 8 7
6 9 8
7 11 10
7 8 11
12 14 13
12 15 14
16 1 17
16 0 1
18 7 19
18 6 7
20 0 16
20 4 0
21 23 22
21 24 23
25 27 26
25 28 27
29 6 18
29 30 6
19 10 31
19 7 10
13 32 30
13 14 32
30 9 6
30 32 9
33 35 34
33 36 35
37 26 38
37 25 26
38 36 33
38 26 36
39 13 40
39 12 13
22 42 41
22 23 42
26 43 36
26 27 43
44 28 25
44 45 28
46 41 47
46 22 41
47 44 48
47 41 44
41 45 44
41 42 45
1 15 12
1 2 15
48 25 37
48 44 25
49 22 46
49 21 22
36 50 35
36 43 50
34 52 51
34 35 52
35 53 52
35 50 53
40 30 29
40 13 30
17 12 39
17 1 12
LABEL Coverall_Red
MATERIAL 10
TEXTURE 0
GEOM 50 48
0.07575 0.57408 0.02083 0.5342 -0.0159 0.8452 0.28140 0.10610
0.06329 0.55600 0.05275 0.8311 -0.0474 0.5541 0.30190 0.12660
0.06329 0.56000 0.05275 0.8426 0.0000 0.5385 0.30190 0.12660
0.07575 0.57808 0.02083 0.4953 0.0000 0.8687 0.28140 0.10610
0.04743 0.55558 0.06724 0.0337 -0.0321 0.9989 0.33030 0.14820
0.04146 0.58099 0.06253 0.0591 -0.0498 0.9970 0.34430 0.11100
0.04146 0.58499 0.06253 0.7853 0.0000 0.6191 0.34430 0.11100
0.04743 0.55958 0.06724 -0.1988 0.0000 0.9800 0.33030 0.14820
0.01839 0.59466 0.07968 0.3746 -0.0425 0.9262 0.37290 0.08800
-0.00000 0.59165 0.08402 -0.0000 -0.0461 0.9989 0.38100 0.09230
-0.00000 0.59565 0.08402 -0.0000 0.0000 1.0000 0.38100 0.09230
0.01839 0.59866 0.07968 0.3830 0.0000 0.9237 0.37290 0.08800
-0.06329 0.55600 0.05275 -0.8311 -0.0474 0.5541 0.46010 0.12660
-0.07575 0.57408 0.02083 -0.5342 -0.0159 0.8452 0.48060 0.10610
-0.07575 0.57808 0.02083 -0.4953 0.0000 0.8687 0.48060 0.10610
-0.06329 0.56000 0.05275 -0.8426 0.0000 0.5385 0.46010 0.12660
-0.12374 0.54483 -0.02410 -0.8890 -0.0486 -0.4552 0.53350 0.09920
-0.07180 0.54676 -0.05676 0.1712 -0.0191 -0.9851 0.53200 0.07550
-0.07180 0.55076 -0.05676 0.3987 0.0000 -0.9171 0.53200 0.07550
-0.12374 0.54883 -0.02410 -0.9058 0.0000 -0.4238 0.53350 0.09920
-0.04146 0.58099 0.06253 -0.0591 -0.0498 0.9970 0.41770 0.11100
-0.04743 0.55558 0.06724 -0.0337 -0.0321 0.9989 0.43160 0.14820
-0.04743 0.55958 0.06724 0.1988 0.0000 0.9800 0.43160 0.14820
-0.04146 0.58499 0.06253 -0.7853 0.0000 0.6191 0.41770 0.11100
0.12146 0.55891 0.02355 0.6741 -0.0221 0.7383 0.25190 0.12450
0.12146 0.56291 0.02355 0.5147 0.0000 0.8573 0.25190 0.12450
-0.03006 0.57572 -0.04075 -0.1386 -0.0432 -0.9894 0.49890 0.05750
0.00056 0.57558 -0.04078 -0.0003 -0.0395 -0.9992 0.49850 0.04470
0.00056 0.57958 -0.04078 -0.0002 0.0000 -1.0000 0.49850 0.04470
-0.03006 0.57972 -0.04075 -0.1454 0.0000 -0.9894 0.49890 0.05750
0.03001 0.57569 -0.04076 0.1383 -0.0432 -0.9894 0.26310 0.05750
0.05523 0.58458 -0.03391 -0.3403 -0.0163 -0.9402 0.26170 0.07000
0.05523 0.58858 -0.03391 -0.1217 0.0000 -0.9926 0.26170 0.07000
0.03001 0.57969 -0.04076 0.1452 0.0000 -0.9894 0.26310 0.05750
0.00056 0.57558 -0.04078 -0.0003 -0.0395 -0.9992 0.26340 0.04470
0.00056 0.57958 -0.04078 -0.0002 0.0000 -1.0000 0.26340 0.04470
-0.01838 0.59465 0.07969 -0.3746 -0.0425 0.9262 0.38910 0.08800
-0.03750 0.60052 0.06881 -0.6853 -0.0221 0.7279 0.40630 0.08450
-0.03750 0.60452 0.06881 -0.5827 0.0000 0.8127 0.40630 0.08450
-0.01838 0.59865 0.07969 -0.3830 0.0000 0.9237 0.38910 0.08800
0.12374 0.54483 -0.02410 0.8890 -0.0486 -0.4552 0.22840 0.09920
0.12374 0.54883 -0.02410 0.9058 0.0000 -0.4238 0.22840 0.09920
-0.12146 0.55891 0.02355 -0.6741 -0.0221 0.7383 0.51000 0.12450
-0.12146 0.56291 0.02355 -0.5147 0.0000 0.8574 0.51000 0.12450
0.03750 0.60052 0.06881 0.6854 -0.0221 0.7279 0.35570 0.08450
0.03750 0.60452 0.06881 0.5828 0.0000 0.8126 0.35570 0.08450
-0.05523 0.58458 -0.03391 0.3403 -0.0163 -0.9402 0.50020 0.07000
-0.05523 0.58858 -0.03391 0.1216 0.0000 -0.9926 0.50020 0.07000
0.07180 0.54674 -0.05676 -0.1712 -0.0191 -0.9851 0.23000 0.07550
0.07180 0.55074 -0.05676 -0.3987 0.0000 -0.9171 0.23000 0.07550
0 2 1
0 3 2
4 6 5
4 7 6
8 10 9
8 11 10
12 14 13
12 15 14
16 18 17
16 19 18
20 22 21
20 23 22
24 3 0
24 25 3
1 7 4
1 2 7
26 28 27
26 29 28
30 32 31
30 33 32
34 33 30
34 35 33
36 38 37
36 39 38
40 25 24
40 41 25
9 39 36
9 10 39
21 15 12
21 22 15
13 43 42
13 14 43
5 45 44
5 6 45
46 29 26
46 47 29
44 11 8
44 45 11
31 49 48
31 32 49
48 41 40
48 49 41
17 47 46
17 18 47
42 19 16
42 43 19
37 23 20
37 38 23
MATERIALS 10
Skin
Brows
Lashes
Eyes
Boots
Hair
Coverall_Fabric
Coverall_Collar
Coverall_Cuff
Coverall_Red
MATERIAL Skin
1.000 1.000 1.000 1
1.000 1.000 1.000 1
0.1 0.1 0.1 1 8
0 0 0 1
MATERIAL Brows
1.000 1.000 1.000 1
1.000 1.000 1.000 1
0.1 0.1 0.1 1 8
0 0 0 1
MATERIAL Lashes
1.000 1.000 1.000 1
1.000 1.000 1.000 1
0.1 0.1 0.1 1 8
0 0 0 1
MATERIAL Eyes
1.000 1.000 1.000 1
1.000 1.000 1.000 1
0.1 0.1 0.1 1 8
0 0 0 1
MATERIAL Boots
1.000 1.000 1.000 1
1.000 1.000 1.000 1
0.1 0.1 0.1 1 8
0 0 0 1
MATERIAL Hair
1.000 1.000 1.000 1
1.000 1.000 1.000 1
0.1 0.1 0.1 1 8
0 0 0 1
MATERIAL Coverall_Fabric
1.000 1.000 1.000 1
1.000 1.000 1.000 1
0.1 0.1 0.1 1 8
0 0 0 1
MATERIAL Coverall_Collar
0.860 0.860 0.840 1
0.860 0.860 0.840 1
0.1 0.1 0.1 1 8
0 0 0 1
MATERIAL Coverall_Cuff
0.340 0.366 0.400 1
0.340 0.366 0.400 1
0.1 0.1 0.1 1 8
0 0 0 1
MATERIAL Coverall_Red
0.720 0.120 0.100 1
0.720 0.120 0.100 1
0.1 0.1 0.1 1 8
0 0 0 1
TEXTURES 7
Tantra\Astronavigator\Skin.dds
Tantra\Astronavigator\Brows.dds
Tantra\Astronavigator\Lashes.dds
Tantra\Astronavigator\Eyes.dds
Tantra\Astronavigator\Boots.dds
Tantra\Astronavigator\Hair.dds
Tantra\Astronavigator\Coverall_Fabric.dds
