# The plant screen's glyph atlas (tools/gen_plant_font.py): Segoe UI, white, tinted on the screen
# S <spec> <px> <css weight> | <spec> <codepoint> <x> <y> <w> <h> <ox> <oy> <advance> (ox, oy from the pen at the baseline)
S 0 10 500
S 1 11 500
S 2 11 700
S 3 12 500
S 4 12 600
S 5 12 700
S 6 13 500
S 7 13 600
S 8 13 700
S 9 14 500
S 10 14 600
S 11 14 700
S 12 15 700
S 13 16 500
S 14 16 700
S 15 20 700
S 16 30 700
S 17 46 800
0 32 0 0 0 0 0 0 3.000
0 33 17 532 3 7 0 -7 3.000
0 34 22 532 4 7 0 -7 4.000
0 35 28 532 6 7 0 -7 6.000
0 36 843 435 5 9 0 -8 5.000
0 37 36 532 8 7 0 -7 8.000
0 38 46 532 8 7 0 -7 8.000
0 39 56 532 2 7 0 -7 2.000
0 40 850 435 3 9 0 -7 3.000
0 41 855 435 3 9 0 -7 3.000
0 42 60 532 4 7 0 -7 4.000
0 43 713 577 7 5 0 -5 7.000
0 44 286 592 2 2 0 -1 2.000
0 45 108 592 4 3 0 -3 4.000
0 46 634 592 2 1 0 -1 2.000
0 47 504 491 5 8 -1 -7 4.000
0 48 66 532 5 7 0 -7 5.000
0 49 73 532 5 7 0 -7 5.000
0 50 80 532 5 7 0 -7 5.000
0 51 87 532 5 7 0 -7 5.000
0 52 94 532 6 7 0 -7 5.000
0 53 102 532 5 7 0 -7 5.000
0 54 109 532 5 7 0 -7 5.000
0 55 116 532 5 7 0 -7 5.000
0 56 123 532 5 7 0 -7 5.000
0 57 130 532 5 7 0 -7 5.000
0 58 722 577 2 5 0 -5 2.000
0 59 437 560 2 6 0 -5 2.000
0 60 441 560 7 6 0 -6 7.000
0 61 641 585 7 4 0 -4 7.000
0 62 450 560 7 6 0 -6 7.000
0 63 137 532 4 7 0 -7 4.000
0 64 511 491 10 8 0 -7 10.000
0 65 143 532 7 7 0 -7 6.000
0 66 152 532 6 7 0 -7 6.000
0 67 160 532 6 7 0 -7 6.000
0 68 168 532 7 7 0 -7 7.000
0 69 177 532 5 7 0 -7 5.000
0 70 184 532 5 7 0 -7 5.000
0 71 191 532 7 7 0 -7 7.000
0 72 200 532 7 7 0 -7 7.000
0 73 209 532 3 7 0 -7 3.000
0 74 214 532 4 7 0 -7 4.000
0 75 220 532 6 7 0 -7 6.000
0 76 228 532 5 7 0 -7 5.000
0 77 235 532 9 7 0 -7 9.000
0 78 246 532 7 7 0 -7 7.000
0 79 255 532 8 7 0 -7 8.000
0 80 265 532 6 7 0 -7 6.000
0 81 523 491 8 8 0 -7 8.000
0 82 273 532 6 7 0 -7 6.000
0 83 281 532 5 7 0 -7 5.000
0 84 288 532 6 7 0 -7 5.000
0 85 296 532 7 7 0 -7 7.000
0 86 305 532 7 7 0 -7 6.000
0 87 314 532 10 7 0 -7 9.000
0 88 326 532 6 7 0 -7 6.000
0 89 334 532 6 7 0 -7 6.000
0 90 342 532 6 7 0 -7 6.000
0 91 860 435 3 9 0 -7 3.000
0 92 533 491 5 8 -1 -7 4.000
0 93 865 435 3 9 0 -7 3.000
0 94 350 532 7 7 0 -7 7.000
0 95 638 592 5 1 0 0 4.000
0 96 540 491 3 8 0 -8 3.000
0 97 726 577 5 5 0 -5 5.000
0 98 359 532 6 7 0 -7 6.000
0 99 733 577 5 5 0 -5 5.000
0 100 367 532 6 7 0 -7 6.000
0 101 740 577 5 5 0 -5 5.000
0 102 375 532 4 7 0 -7 3.000
0 103 381 532 6 7 0 -5 6.000
0 104 389 532 6 7 0 -7 6.000
0 105 397 532 2 7 0 -7 2.000
0 106 870 435 3 9 -1 -7 2.000
0 107 401 532 5 7 0 -7 5.000
0 108 408 532 2 7 0 -7 2.000
0 109 747 577 9 5 0 -5 9.000
0 110 758 577 6 5 0 -5 6.000
0 111 766 577 6 5 0 -5 6.000
0 112 412 532 6 7 0 -5 6.000
0 113 420 532 6 7 0 -5 6.000
0 114 774 577 4 5 0 -5 3.000
0 115 780 577 4 5 0 -5 4.000
0 116 459 560 4 6 0 -6 3.000
0 117 786 577 6 5 0 -5 6.000
0 118 794 577 5 5 0 -5 5.000
0 119 801 577 8 5 0 -5 7.000
0 120 811 577 5 5 0 -5 5.000
0 121 428 532 5 7 0 -5 5.000
0 122 818 577 5 5 0 -5 5.000
0 123 875 435 3 9 0 -7 3.000
0 124 414 374 2 10 0 -8 2.000
0 125 880 435 3 9 0 -7 3.000
0 126 650 585 7 4 0 -4 7.000
0 1040 435 532 7 7 0 -7 6.000
0 1041 444 532 6 7 0 -7 6.000
0 1042 452 532 6 7 0 -7 6.000
0 1043 460 532 5 7 0 -7 5.000
0 1044 885 435 7 9 0 -7 7.000
0 1045 467 532 5 7 0 -7 5.000
0 1046 474 532 10 7 -1 -7 9.000
0 1047 486 532 5 7 0 -7 5.000
0 1048 493 532 7 7 0 -7 7.000
0 1049 418 374 7 10 0 -10 7.000
0 1050 502 532 6 7 0 -7 6.000
0 1051 510 532 7 7 0 -7 7.000
0 1052 519 532 9 7 0 -7 9.000
0 1053 530 532 7 7 0 -7 7.000
0 1054 539 532 8 7 0 -7 8.000
0 1055 549 532 7 7 0 -7 7.000
0 1056 558 532 6 7 0 -7 6.000
0 1057 566 532 6 7 0 -7 6.000
0 1058 574 532 6 7 0 -7 5.000
0 1059 582 532 6 7 0 -7 6.000
0 1060 590 532 7 7 0 -7 7.000
0 1061 599 532 6 7 0 -7 6.000
0 1062 894 435 8 9 0 -7 7.000
0 1063 607 532 7 7 0 -7 7.000
0 1064 616 532 10 7 0 -7 10.000
0 1065 904 435 10 9 0 -7 10.000
0 1066 628 532 7 7 0 -7 7.000
0 1067 637 532 8 7 0 -7 8.000
0 1068 647 532 6 7 0 -7 6.000
0 1069 655 532 6 7 0 -7 6.000
0 1070 663 532 10 7 0 -7 10.000
0 1071 675 532 6 7 0 -7 6.000
0 1072 825 577 5 5 0 -5 5.000
0 1073 683 532 6 7 0 -7 6.000
0 1074 832 577 5 5 0 -5 5.000
0 1075 839 577 4 5 0 -5 4.000
0 1076 691 532 6 7 0 -5 5.000
0 1077 845 577 5 5 0 -5 5.000
0 1078 852 577 8 5 0 -5 7.000
0 1079 862 577 5 5 0 -5 4.000
0 1080 869 577 6 5 0 -5 6.000
0 1081 545 491 6 8 0 -8 6.000
0 1082 877 577 5 5 0 -5 5.000
0 1083 884 577 5 5 0 -5 5.000
0 1084 891 577 7 5 0 -5 7.000
0 1085 900 577 6 5 0 -5 6.000
0 1086 908 577 6 5 0 -5 6.000
0 1087 916 577 6 5 0 -5 6.000
0 1088 699 532 6 7 0 -5 6.000
0 1089 924 577 5 5 0 -5 5.000
0 1090 931 577 4 5 0 -5 4.000
0 1091 707 532 5 7 0 -5 5.000
0 1092 916 435 7 9 0 -7 7.000
0 1093 937 577 5 5 0 -5 5.000
0 1094 714 532 6 7 0 -5 6.000
0 1095 944 577 6 5 0 -5 6.000
0 1096 952 577 8 5 0 -5 8.000
0 1097 722 532 8 7 0 -5 8.000
0 1098 962 577 6 5 0 -5 6.000
0 1099 970 577 7 5 0 -5 7.000
0 1100 979 577 5 5 0 -5 5.000
0 1101 986 577 5 5 0 -5 5.000
0 1102 993 577 8 5 0 -5 8.000
0 1103 1003 577 5 5 0 -5 5.000
0 1025 925 435 5 9 0 -9 5.000
0 1105 732 532 5 7 0 -7 5.000
0 183 659 585 2 4 0 -4 2.000
0 8212 114 592 10 3 0 -3 10.000
0 8211 126 592 5 3 0 -3 5.000
0 8594 1010 577 9 5 0 -5 9.000
0 215 0 585 7 5 0 -5 7.000
0 176 739 532 4 7 0 -7 4.000
0 178 553 491 4 8 0 -8 4.000
0 179 559 491 4 8 0 -8 4.000
0 185 565 491 4 8 0 -8 4.000
0 8320 663 585 4 4 0 -3 4.000
0 956 745 532 6 7 0 -5 6.000
0 916 753 532 7 7 0 -7 6.000
0 171 669 585 5 4 0 -4 5.000
0 187 676 585 5 4 0 -4 5.000
0 8776 9 585 7 5 0 -5 7.000
0 177 465 560 7 6 0 -6 7.000
0 8722 133 592 7 3 0 -3 7.000
0 8230 645 592 7 1 0 -1 7.000
0 8470 762 532 11 7 0 -7 11.000
0 160 0 0 0 0 0 0 3.000
0 8239 0 0 0 0 0 0 1.800
1 32 0 0 0 0 0 0 3.000
1 33 571 491 3 8 0 -8 3.000
1 34 576 491 4 8 0 -8 4.000
1 35 582 491 7 8 0 -8 7.000
1 36 427 374 6 10 0 -9 6.000
1 37 591 491 9 8 0 -8 9.000
1 38 602 491 9 8 0 -8 9.000
1 39 613 491 3 8 0 -8 3.000
1 40 435 374 4 10 0 -8 3.000
1 41 441 374 3 10 0 -8 3.000
1 42 618 491 5 8 0 -8 5.000
1 43 474 560 8 6 0 -6 8.000
1 44 142 592 2 3 0 -1 2.000
1 45 146 592 4 3 0 -3 4.000
1 46 290 592 2 2 0 -2 2.000
1 47 932 435 6 9 -1 -8 4.000
1 48 625 491 6 8 0 -8 6.000
1 49 633 491 6 8 0 -8 6.000
1 50 641 491 6 8 0 -8 6.000
1 51 649 491 6 8 0 -8 6.000
1 52 657 491 6 8 0 -8 6.000
1 53 665 491 6 8 0 -8 6.000
1 54 673 491 6 8 0 -8 6.000
1 55 681 491 6 8 0 -8 6.000
1 56 689 491 6 8 0 -8 6.000
1 57 697 491 6 8 0 -8 6.000
1 58 484 560 2 6 0 -6 2.000
1 59 705 491 2 8 0 -6 2.000
1 60 488 560 8 6 0 -6 8.000
1 61 18 585 8 5 0 -5 8.000
1 62 498 560 8 6 0 -6 8.000
1 63 709 491 5 8 0 -8 5.000
1 64 940 435 11 9 0 -8 11.000
1 65 716 491 7 8 0 -8 7.000
1 66 725 491 6 8 0 -8 6.000
1 67 733 491 7 8 0 -8 7.000
1 68 742 491 8 8 0 -8 8.000
1 69 752 491 6 8 0 -8 6.000
1 70 760 491 5 8 0 -8 5.000
1 71 767 491 8 8 0 -8 8.000
1 72 777 491 8 8 0 -8 8.000
1 73 787 491 3 8 0 -8 3.000
1 74 792 491 4 8 0 -8 4.000
1 75 798 491 7 8 0 -8 6.000
1 76 807 491 5 8 0 -8 5.000
1 77 814 491 10 8 0 -8 10.000
1 78 826 491 8 8 0 -8 8.000
1 79 836 491 8 8 0 -8 8.000
1 80 846 491 6 8 0 -8 6.000
1 81 953 435 9 9 0 -8 8.000
1 82 854 491 7 8 0 -8 7.000
1 83 446 374 6 10 0 -9 6.000
1 84 863 491 6 8 0 -8 6.000
1 85 871 491 8 8 0 -8 8.000
1 86 881 491 7 8 0 -8 7.000
1 87 890 491 11 8 0 -8 10.000
1 88 903 491 7 8 0 -8 6.000
1 89 912 491 7 8 0 -8 6.000
1 90 921 491 7 8 0 -8 6.000
1 91 454 374 4 10 0 -8 3.000
1 92 964 435 6 9 -1 -8 4.000
1 93 460 374 3 10 0 -8 3.000
1 94 930 491 8 8 0 -8 8.000
1 95 294 592 5 2 0 0 5.000
1 96 972 435 3 9 0 -9 3.000
1 97 508 560 6 6 0 -6 6.000
1 98 940 491 6 8 0 -8 6.000
1 99 516 560 5 6 0 -6 5.000
1 100 948 491 6 8 0 -8 6.000
1 101 523 560 6 6 0 -6 6.000
1 102 956 491 4 8 0 -8 3.000
1 103 962 491 6 8 0 -6 6.000
1 104 970 491 6 8 0 -8 6.000
1 105 978 491 3 8 0 -8 3.000
1 106 465 374 5 10 -2 -8 3.000
1 107 983 491 6 8 0 -8 5.000
1 108 991 491 3 8 0 -8 3.000
1 109 531 560 9 6 0 -6 9.000
1 110 542 560 6 6 0 -6 6.000
1 111 550 560 6 6 0 -6 6.000
1 112 996 491 6 8 0 -6 6.000
1 113 1004 491 6 8 0 -6 6.000
1 114 558 560 4 6 0 -6 4.000
1 115 564 560 5 6 0 -6 5.000
1 116 1012 491 4 8 0 -8 4.000
1 117 571 560 6 6 0 -6 6.000
1 118 579 560 6 6 0 -6 5.000
1 119 587 560 8 6 0 -6 8.000
1 120 597 560 5 6 0 -6 5.000
1 121 0 502 6 8 0 -6 5.000
1 122 604 560 5 6 0 -6 5.000
1 123 472 374 3 10 0 -8 3.000
1 124 477 374 3 10 0 -8 3.000
1 125 482 374 3 10 0 -8 3.000
1 126 683 585 8 4 0 -4 8.000
1 1040 8 502 7 8 0 -8 7.000
1 1041 17 502 6 8 0 -8 6.000
1 1042 25 502 6 8 0 -8 6.000
1 1043 33 502 5 8 0 -8 5.000
1 1044 487 374 8 10 0 -8 8.000
1 1045 40 502 6 8 0 -8 6.000
1 1046 48 502 11 8 -1 -8 10.000
1 1047 61 502 6 8 0 -8 6.000
1 1048 69 502 8 8 0 -8 8.000
1 1049 564 321 8 11 0 -11 8.000
1 1050 79 502 7 8 0 -8 6.000
1 1051 88 502 7 8 0 -8 7.000
1 1052 97 502 10 8 0 -8 10.000
1 1053 109 502 8 8 0 -8 8.000
1 1054 119 502 8 8 0 -8 8.000
1 1055 129 502 8 8 0 -8 8.000
1 1056 139 502 6 8 0 -8 6.000
1 1057 147 502 7 8 0 -8 7.000
1 1058 156 502 6 8 0 -8 6.000
1 1059 164 502 7 8 0 -8 6.000
1 1060 173 502 8 8 0 -8 8.000
1 1061 183 502 7 8 0 -8 6.000
1 1062 497 374 8 10 0 -8 8.000
1 1063 192 502 7 8 0 -8 7.000
1 1064 201 502 10 8 0 -8 10.000
1 1065 507 374 11 10 0 -8 11.000
1 1066 213 502 8 8 0 -8 8.000
1 1067 223 502 9 8 0 -8 9.000
1 1068 234 502 6 8 0 -8 6.000
1 1069 242 502 7 8 0 -8 7.000
1 1070 251 502 11 8 0 -8 11.000
1 1071 264 502 7 8 0 -8 7.000
1 1072 611 560 6 6 0 -6 6.000
1 1073 273 502 6 8 0 -8 6.000
1 1074 619 560 6 6 0 -6 6.000
1 1075 627 560 4 6 0 -6 4.000
1 1076 281 502 6 8 0 -6 6.000
1 1077 633 560 6 6 0 -6 6.000
1 1078 641 560 9 6 0 -6 8.000
1 1079 652 560 5 6 0 -6 5.000
1 1080 659 560 6 6 0 -6 6.000
1 1081 977 435 6 9 0 -9 6.000
1 1082 667 560 6 6 0 -6 5.000
1 1083 675 560 6 6 0 -6 6.000
1 1084 683 560 8 6 0 -6 8.000
1 1085 693 560 6 6 0 -6 6.000
1 1086 701 560 6 6 0 -6 6.000
1 1087 709 560 6 6 0 -6 6.000
1 1088 289 502 6 8 0 -6 6.000
1 1089 717 560 5 6 0 -6 5.000
1 1090 724 560 5 6 0 -6 5.000
1 1091 297 502 6 8 0 -6 5.000
1 1092 520 374 8 10 0 -8 8.000
1 1093 731 560 5 6 0 -6 5.000
1 1094 305 502 7 8 0 -6 7.000
1 1095 738 560 6 6 0 -6 6.000
1 1096 746 560 9 6 0 -6 9.000
1 1097 314 502 9 8 0 -6 9.000
1 1098 757 560 7 6 0 -6 7.000
1 1099 766 560 8 6 0 -6 8.000
1 1100 776 560 6 6 0 -6 6.000
1 1101 784 560 5 6 0 -6 5.000
1 1102 791 560 9 6 0 -6 9.000
1 1103 802 560 6 6 0 -6 6.000
1 1025 530 374 6 10 0 -10 6.000
1 1105 325 502 6 8 0 -8 6.000
1 183 693 585 2 4 0 -4 2.000
1 8212 152 592 11 3 0 -3 11.000
1 8211 165 592 6 3 0 -3 6.000
1 8594 810 560 9 6 0 -6 9.000
1 215 821 560 8 6 0 -6 8.000
1 176 333 502 4 8 0 -8 4.000
1 178 538 374 4 10 0 -10 4.000
1 179 544 374 4 10 0 -10 4.000
1 185 550 374 4 10 0 -10 4.000
1 8320 28 585 4 5 0 -4 4.000
1 956 339 502 7 8 0 -6 6.000
1 916 348 502 7 8 0 -8 7.000
1 171 34 585 6 5 0 -5 6.000
1 187 42 585 6 5 0 -5 6.000
1 8776 50 585 8 5 0 -5 8.000
1 177 775 532 8 7 0 -7 8.000
1 8722 697 585 8 4 0 -4 8.000
1 8230 301 592 8 2 0 -2 8.000
1 8470 357 502 12 8 0 -8 12.000
1 160 0 0 0 0 0 0 3.000
1 8239 0 0 0 0 0 0 1.800
2 32 0 0 0 0 0 0 3.000
2 33 371 502 4 8 0 -8 4.000
2 34 377 502 5 8 0 -8 5.000
2 35 384 502 7 8 0 -8 7.000
2 36 556 374 6 10 0 -9 6.000
2 37 393 502 10 8 0 -8 10.000
2 38 405 502 10 8 0 -8 9.000
2 39 417 502 3 8 0 -8 3.000
2 40 985 435 4 9 0 -8 4.000
2 41 991 435 4 9 0 -8 4.000
2 42 422 502 5 8 0 -8 5.000
2 43 831 560 8 6 0 -6 8.000
2 44 173 592 3 3 0 -2 3.000
2 45 707 585 4 4 0 -4 4.000
2 46 311 592 3 2 0 -2 3.000
2 47 997 435 6 9 -1 -8 5.000
2 48 429 502 6 8 0 -8 6.000
2 49 437 502 6 8 0 -8 6.000
2 50 445 502 6 8 0 -8 6.000
2 51 453 502 6 8 0 -8 6.000
2 52 461 502 7 8 0 -8 6.000
2 53 470 502 6 8 0 -8 6.000
2 54 478 502 6 8 0 -8 6.000
2 55 486 502 6 8 0 -8 6.000
2 56 494 502 6 8 0 -8 6.000
2 57 502 502 6 8 0 -8 6.000
2 58 841 560 3 6 0 -6 3.000
2 59 785 532 3 7 0 -6 3.000
2 60 846 560 8 6 0 -6 8.000
2 61 60 585 8 5 0 -5 8.000
2 62 856 560 8 6 0 -6 8.000
2 63 510 502 5 8 0 -8 5.000
2 64 1005 435 11 9 0 -8 11.000
2 65 517 502 8 8 0 -8 8.000
2 66 527 502 7 8 0 -8 7.000
2 67 536 502 7 8 0 -8 7.000
2 68 545 502 8 8 0 -8 8.000
2 69 555 502 6 8 0 -8 6.000
2 70 563 502 6 8 0 -8 6.000
2 71 571 502 8 8 0 -8 8.000
2 72 581 502 8 8 0 -8 8.000
2 73 591 502 3 8 0 -8 3.000
2 74 596 502 5 8 0 -8 5.000
2 75 603 502 8 8 0 -8 7.000
2 76 613 502 6 8 0 -8 6.000
2 77 621 502 11 8 0 -8 11.000
2 78 634 502 9 8 0 -8 9.000
2 79 645 502 8 8 0 -8 8.000
2 80 655 502 7 8 0 -8 7.000
2 81 0 447 9 9 0 -8 8.000
2 82 664 502 8 8 0 -8 7.000
2 83 674 502 6 8 0 -8 6.000
2 84 682 502 7 8 0 -8 6.000
2 85 691 502 8 8 0 -8 8.000
2 86 701 502 8 8 0 -8 7.000
2 87 711 502 11 8 0 -8 11.000
2 88 724 502 8 8 0 -8 7.000
2 89 734 502 7 8 0 -8 7.000
2 90 743 502 7 8 0 -8 7.000
2 91 564 374 4 10 0 -8 4.000
2 92 11 447 6 9 0 -8 5.000
2 93 570 374 4 10 0 -8 4.000
2 94 752 502 8 8 0 -8 8.000
2 95 316 592 5 2 0 0 5.000
2 96 762 502 4 8 0 -8 3.000
2 97 866 560 6 6 0 -6 6.000
2 98 768 502 7 8 0 -8 7.000
2 99 874 560 5 6 0 -6 5.000
2 100 777 502 7 8 0 -8 7.000
2 101 881 560 6 6 0 -6 6.000
2 102 786 502 5 8 0 -8 4.000
2 103 793 502 7 8 0 -6 7.000
2 104 802 502 7 8 0 -8 7.000
2 105 811 502 3 8 0 -8 3.000
2 106 576 374 4 10 -1 -8 3.000
2 107 816 502 7 8 0 -8 6.000
2 108 825 502 3 8 0 -8 3.000
2 109 889 560 10 6 0 -6 10.000
2 110 901 560 7 6 0 -6 7.000
2 111 910 560 7 6 0 -6 7.000
2 112 830 502 7 8 0 -6 7.000
2 113 839 502 7 8 0 -6 7.000
2 114 919 560 5 6 0 -6 4.000
2 115 926 560 5 6 0 -6 5.000
2 116 848 502 5 8 0 -8 4.000
2 117 933 560 7 6 0 -6 7.000
2 118 942 560 6 6 0 -6 6.000
2 119 950 560 9 6 0 -6 9.000
2 120 961 560 7 6 0 -6 6.000
2 121 855 502 7 8 -1 -6 6.000
2 122 970 560 6 6 0 -6 5.000
2 123 582 374 4 10 0 -8 4.000
2 124 574 321 4 11 0 -9 4.000
2 125 588 374 4 10 0 -8 4.000
2 126 713 585 8 4 0 -4 8.000
2 1040 864 502 8 8 0 -8 8.000
2 1041 874 502 7 8 0 -8 7.000
2 1042 883 502 7 8 0 -8 7.000
2 1043 892 502 6 8 0 -8 6.000
2 1044 594 374 9 10 0 -8 9.000
2 1045 900 502 6 8 0 -8 6.000
2 1046 908 502 12 8 -1 -8 11.000
2 1047 922 502 6 8 0 -8 6.000
2 1048 930 502 9 8 0 -8 9.000
2 1049 580 321 9 11 0 -11 9.000
2 1050 941 502 8 8 0 -8 7.000
2 1051 951 502 8 8 0 -8 8.000
2 1052 961 502 11 8 0 -8 11.000
2 1053 974 502 8 8 0 -8 8.000
2 1054 984 502 8 8 0 -8 8.000
2 1055 994 502 8 8 0 -8 8.000
2 1056 1004 502 7 8 0 -8 7.000
2 1057 1013 502 7 8 0 -8 7.000
2 1058 0 512 7 8 0 -8 6.000
2 1059 9 512 7 8 0 -8 7.000
2 1060 18 512 9 8 0 -8 9.000
2 1061 29 512 8 8 0 -8 7.000
2 1062 605 374 9 10 0 -8 9.000
2 1063 39 512 8 8 0 -8 8.000
2 1064 49 512 11 8 0 -8 11.000
2 1065 616 374 12 10 0 -8 12.000
2 1066 62 512 9 8 0 -8 8.000
2 1067 73 512 10 8 0 -8 10.000
2 1068 85 512 7 8 0 -8 7.000
2 1069 94 512 7 8 0 -8 7.000
2 1070 103 512 12 8 0 -8 12.000
2 1071 117 512 7 8 0 -8 7.000
2 1072 978 560 6 6 0 -6 6.000
2 1073 126 512 7 8 0 -8 7.000
2 1074 986 560 6 6 0 -6 6.000
2 1075 994 560 5 6 0 -6 5.000
2 1076 135 512 7 8 0 -6 7.000
2 1077 1001 560 6 6 0 -6 6.000
2 1078 1009 560 10 6 0 -6 9.000
2 1079 0 569 5 6 0 -6 5.000
2 1080 7 569 7 6 0 -6 7.000
2 1081 19 447 7 9 0 -9 7.000
2 1082 16 569 7 6 0 -6 6.000
2 1083 25 569 7 6 0 -6 7.000
2 1084 34 569 9 6 0 -6 9.000
2 1085 45 569 7 6 0 -6 7.000
2 1086 54 569 7 6 0 -6 7.000
2 1087 63 569 7 6 0 -6 7.000
2 1088 144 512 7 8 0 -6 7.000
2 1089 72 569 5 6 0 -6 5.000
2 1090 79 569 5 6 0 -6 5.000
2 1091 153 512 7 8 -1 -6 6.000
2 1092 630 374 9 10 0 -8 9.000
2 1093 86 569 7 6 0 -6 6.000
2 1094 162 512 7 8 0 -6 7.000
2 1095 95 569 7 6 0 -6 7.000
2 1096 104 569 9 6 0 -6 9.000
2 1097 171 512 10 8 0 -6 10.000
2 1098 115 569 7 6 0 -6 7.000
2 1099 124 569 9 6 0 -6 9.000
2 1100 135 569 6 6 0 -6 6.000
2 1101 143 569 5 6 0 -6 5.000
2 1102 150 569 10 6 0 -6 10.000
2 1103 162 569 6 6 0 -6 6.000
2 1025 641 374 6 10 0 -10 6.000
2 1105 183 512 6 8 0 -8 6.000
2 183 723 585 3 4 0 -4 3.000
2 8212 728 585 11 4 0 -4 11.000
2 8211 741 585 6 4 0 -4 6.000
2 8594 170 569 9 6 0 -6 9.000
2 215 181 569 8 6 0 -6 8.000
2 176 191 512 4 8 0 -8 4.000
2 178 649 374 4 10 0 -10 4.000
2 179 655 374 4 10 0 -10 4.000
2 185 661 374 4 10 0 -10 4.000
2 8320 70 585 4 5 0 -4 4.000
2 956 197 512 7 8 0 -6 7.000
2 916 206 512 8 8 0 -8 8.000
2 171 76 585 7 5 0 -5 6.000
2 187 85 585 7 5 0 -5 6.000
2 8776 94 585 8 5 0 -5 8.000
2 177 790 532 8 7 0 -7 8.000
2 8722 749 585 8 4 0 -4 8.000
2 8230 323 592 10 2 0 -2 10.000
2 8470 216 512 13 8 0 -8 13.000
2 160 0 0 0 0 0 0 3.000
2 8239 0 0 0 0 0 0 1.800
3 32 0 0 0 0 0 0 3.000
3 33 28 447 3 9 0 -9 3.000
3 34 33 447 5 9 0 -9 5.000
3 35 40 447 7 9 0 -9 7.000
3 36 591 321 6 11 0 -10 6.000
3 37 49 447 10 9 0 -9 10.000
3 38 61 447 10 9 0 -9 10.000
3 39 73 447 3 9 0 -9 3.000
3 40 599 321 4 11 0 -9 4.000
3 41 605 321 4 11 0 -9 4.000
3 42 78 447 5 9 0 -9 5.000
3 43 191 569 8 6 0 -6 8.000
3 44 178 592 3 3 0 -1 3.000
3 45 759 585 5 4 0 -4 5.000
3 46 335 592 3 2 0 -2 3.000
3 47 667 374 6 10 -1 -9 5.000
3 48 85 447 6 9 0 -9 6.000
3 49 93 447 6 9 0 -9 6.000
3 50 101 447 6 9 0 -9 6.000
3 51 109 447 6 9 0 -9 6.000
3 52 117 447 7 9 0 -9 6.000
3 53 126 447 6 9 0 -9 6.000
3 54 134 447 6 9 0 -9 6.000
3 55 142 447 6 9 0 -9 6.000
3 56 150 447 6 9 0 -9 6.000
3 57 158 447 6 9 0 -9 6.000
3 58 201 569 3 6 0 -6 3.000
3 59 231 512 3 8 0 -6 3.000
3 60 800 532 8 7 0 -7 8.000
3 61 104 585 8 5 0 -5 8.000
3 62 810 532 8 7 0 -7 8.000
3 63 166 447 5 9 0 -9 5.000
3 64 675 374 11 10 0 -9 11.000
3 65 173 447 8 9 0 -9 8.000
3 66 183 447 7 9 0 -9 7.000
3 67 192 447 7 9 0 -9 7.000
3 68 201 447 8 9 0 -9 8.000
3 69 211 447 6 9 0 -9 6.000
3 70 219 447 6 9 0 -9 6.000
3 71 227 447 8 9 0 -9 8.000
3 72 237 447 9 9 0 -9 9.000
3 73 248 447 3 9 0 -9 3.000
3 74 253 447 4 9 0 -9 4.000
3 75 259 447 7 9 0 -9 7.000
3 76 268 447 6 9 0 -9 6.000
3 77 276 447 11 9 0 -9 11.000
3 78 289 447 9 9 0 -9 9.000
3 79 300 447 9 9 0 -9 9.000
3 80 311 447 7 9 0 -9 7.000
3 81 688 374 10 10 0 -9 9.000
3 82 320 447 8 9 0 -9 7.000
3 83 330 447 6 9 0 -9 6.000
3 84 338 447 7 9 0 -9 6.000
3 85 347 447 8 9 0 -9 8.000
3 86 357 447 8 9 0 -9 7.000
3 87 367 447 12 9 0 -9 11.000
3 88 381 447 7 9 0 -9 7.000
3 89 390 447 7 9 0 -9 7.000
3 90 399 447 7 9 0 -9 7.000
3 91 611 321 4 11 0 -9 4.000
3 92 700 374 6 10 -1 -9 5.000
3 93 617 321 4 11 0 -9 4.000
3 94 408 447 8 9 0 -9 8.000
3 95 340 592 5 2 0 0 5.000
3 96 418 447 3 9 0 -9 3.000
3 97 206 569 6 6 0 -6 6.000
3 98 423 447 7 9 0 -9 7.000
3 99 214 569 6 6 0 -6 6.000
3 100 432 447 7 9 0 -9 7.000
3 101 222 569 6 6 0 -6 6.000
3 102 441 447 4 9 0 -9 4.000
3 103 447 447 7 9 0 -6 7.000
3 104 456 447 7 9 0 -9 7.000
3 105 465 447 3 9 0 -9 3.000
3 106 571 305 5 12 -2 -9 3.000
3 107 470 447 6 9 0 -9 6.000
3 108 478 447 3 9 0 -9 3.000
3 109 230 569 10 6 0 -6 10.000
3 110 242 569 7 6 0 -6 7.000
3 111 251 569 7 6 0 -6 7.000
3 112 483 447 7 9 0 -6 7.000
3 113 492 447 7 9 0 -6 7.000
3 114 260 569 5 6 0 -6 4.000
3 115 267 569 5 6 0 -6 5.000
3 116 236 512 4 8 0 -8 4.000
3 117 274 569 7 6 0 -6 7.000
3 118 283 569 6 6 0 -6 6.000
3 119 291 569 9 6 0 -6 9.000
3 120 302 569 6 6 0 -6 6.000
3 121 501 447 6 9 0 -6 6.000
3 122 310 569 6 6 0 -6 5.000
3 123 623 321 4 11 0 -9 4.000
3 124 578 305 3 12 0 -9 3.000
3 125 629 321 4 11 0 -9 4.000
3 126 766 585 8 4 0 -4 8.000
3 1040 509 447 8 9 0 -9 8.000
3 1041 519 447 7 9 0 -9 7.000
3 1042 528 447 7 9 0 -9 7.000
3 1043 537 447 6 9 0 -9 6.000
3 1044 635 321 8 11 0 -9 8.000
3 1045 545 447 6 9 0 -9 6.000
3 1046 553 447 12 9 -1 -9 10.000
3 1047 567 447 6 9 0 -9 6.000
3 1048 575 447 9 9 0 -9 9.000
3 1049 583 305 9 12 0 -12 9.000
3 1050 586 447 7 9 0 -9 7.000
3 1051 595 447 8 9 0 -9 8.000
3 1052 605 447 11 9 0 -9 11.000
3 1053 618 447 9 9 0 -9 9.000
3 1054 629 447 9 9 0 -9 9.000
3 1055 640 447 9 9 0 -9 9.000
3 1056 651 447 7 9 0 -9 7.000
3 1057 660 447 7 9 0 -9 7.000
3 1058 669 447 7 9 0 -9 6.000
3 1059 678 447 7 9 0 -9 7.000
3 1060 687 447 9 9 0 -9 9.000
3 1061 698 447 7 9 0 -9 7.000
3 1062 645 321 9 11 0 -9 9.000
3 1063 707 447 8 9 0 -9 8.000
3 1064 717 447 11 9 0 -9 11.000
3 1065 656 321 12 11 0 -9 12.000
3 1066 730 447 8 9 0 -9 8.000
3 1067 740 447 9 9 0 -9 9.000
3 1068 751 447 7 9 0 -9 7.000
3 1069 760 447 7 9 0 -9 7.000
3 1070 769 447 12 9 0 -9 12.000
3 1071 783 447 7 9 0 -9 7.000
3 1072 318 569 6 6 0 -6 6.000
3 1073 792 447 7 9 0 -9 7.000
3 1074 326 569 6 6 0 -6 6.000
3 1075 334 569 5 6 0 -6 5.000
3 1076 242 512 7 8 0 -6 7.000
3 1077 341 569 6 6 0 -6 6.000
3 1078 349 569 9 6 0 -6 9.000
3 1079 360 569 5 6 0 -6 5.000
3 1080 367 569 7 6 0 -6 7.000
3 1081 801 447 7 9 0 -9 7.000
3 1082 376 569 6 6 0 -6 6.000
3 1083 384 569 6 6 0 -6 6.000
3 1084 392 569 8 6 0 -6 8.000
3 1085 402 569 7 6 0 -6 7.000
3 1086 411 569 7 6 0 -6 7.000
3 1087 420 569 7 6 0 -6 7.000
3 1088 810 447 7 9 0 -6 7.000
3 1089 429 569 6 6 0 -6 6.000
3 1090 437 569 5 6 0 -6 5.000
3 1091 819 447 6 9 0 -6 6.000
3 1092 594 305 8 12 0 -9 8.000
3 1093 444 569 6 6 0 -6 6.000
3 1094 251 512 7 8 0 -6 7.000
3 1095 452 569 7 6 0 -6 7.000
3 1096 461 569 10 6 0 -6 10.000
3 1097 260 512 10 8 0 -6 10.000
3 1098 473 569 7 6 0 -6 7.000
3 1099 482 569 9 6 0 -6 9.000
3 1100 493 569 6 6 0 -6 6.000
3 1101 501 569 6 6 0 -6 6.000
3 1102 509 569 10 6 0 -6 10.000
3 1103 521 569 6 6 0 -6 6.000
3 1025 670 321 6 11 0 -11 6.000
3 1105 272 512 6 8 0 -8 6.000
3 183 776 585 3 4 0 -4 3.000
3 8212 781 585 12 4 0 -4 12.000
3 8211 795 585 6 4 0 -4 6.000
3 8594 529 569 10 6 0 -6 10.000
3 215 820 532 8 7 0 -7 8.000
3 176 827 447 5 9 0 -9 5.000
3 178 678 321 4 11 0 -11 4.000
3 179 684 321 4 11 0 -11 4.000
3 185 690 321 4 11 0 -11 4.000
3 8320 114 585 4 5 0 -4 4.000
3 956 834 447 7 9 0 -6 7.000
3 916 843 447 8 9 0 -9 8.000
3 171 120 585 6 5 0 -5 6.000
3 187 128 585 6 5 0 -5 6.000
3 8776 136 585 8 5 0 -5 8.000
3 177 830 532 8 7 0 -7 8.000
3 8722 803 585 8 4 0 -4 8.000
3 8230 347 592 9 2 0 -2 9.000
3 8470 853 447 13 9 0 -9 13.000
3 160 0 0 0 0 0 0 3.000
3 8239 0 0 0 0 0 0 1.800
4 32 0 0 0 0 0 0 3.000
4 33 868 447 4 9 0 -9 4.000
4 34 874 447 5 9 0 -9 5.000
4 35 881 447 7 9 0 -9 7.000
4 36 696 321 7 11 0 -10 7.000
4 37 890 447 10 9 0 -9 10.000
4 38 902 447 9 9 0 -9 9.000
4 39 913 447 3 9 0 -9 3.000
4 40 705 321 4 11 0 -9 4.000
4 41 711 321 4 11 0 -9 4.000
4 42 918 447 5 9 0 -9 5.000
4 43 541 569 8 6 0 -6 8.000
4 44 183 592 3 3 0 -1 3.000
4 45 813 585 5 4 0 -4 5.000
4 46 358 592 3 2 0 -2 3.000
4 47 708 374 7 10 -1 -9 5.000
4 48 925 447 7 9 0 -9 7.000
4 49 934 447 5 9 0 -9 5.000
4 50 941 447 7 9 0 -9 7.000
4 51 950 447 7 9 0 -9 7.000
4 52 959 447 7 9 0 -9 7.000
4 53 968 447 7 9 0 -9 7.000
4 54 977 447 7 9 0 -9 7.000
4 55 986 447 7 9 0 -9 6.000
4 56 995 447 7 9 0 -9 7.000
4 57 1004 447 7 9 0 -9 7.000
4 58 551 569 3 6 0 -6 3.000
4 59 280 512 3 8 0 -6 3.000
4 60 840 532 8 7 0 -7 8.000
4 61 146 585 8 5 0 -5 8.000
4 62 850 532 8 7 0 -7 8.000
4 63 1013 447 5 9 0 -9 5.000
4 64 717 374 11 10 0 -9 11.000
4 65 0 458 8 9 0 -9 8.000
4 66 10 458 7 9 0 -9 7.000
4 67 19 458 7 9 0 -9 7.000
4 68 28 458 9 9 0 -9 9.000
4 69 39 458 6 9 0 -9 6.000
4 70 47 458 6 9 0 -9 6.000
4 71 55 458 8 9 0 -9 8.000
4 72 65 458 9 9 0 -9 9.000
4 73 76 458 4 9 0 -9 4.000
4 74 82 458 5 9 0 -9 5.000
4 75 89 458 8 9 0 -9 7.000
4 76 99 458 6 9 0 -9 6.000
4 77 107 458 11 9 0 -9 11.000
4 78 120 458 9 9 0 -9 9.000
4 79 131 458 9 9 0 -9 9.000
4 80 142 458 7 9 0 -9 7.000
4 81 730 374 10 10 0 -9 9.000
4 82 151 458 8 9 0 -9 7.000
4 83 161 458 7 9 0 -9 7.000
4 84 170 458 7 9 0 -9 7.000
4 85 179 458 8 9 0 -9 8.000
4 86 189 458 8 9 0 -9 8.000
4 87 199 458 12 9 0 -9 12.000
4 88 213 458 8 9 0 -9 7.000
4 89 223 458 7 9 0 -9 7.000
4 90 232 458 7 9 0 -9 7.000
4 91 717 321 4 11 0 -9 4.000
4 92 742 374 7 10 -1 -9 5.000
4 93 723 321 4 11 0 -9 4.000
4 94 241 458 8 9 0 -9 8.000
4 95 363 592 5 2 0 0 5.000
4 96 251 458 4 9 0 -9 3.000
4 97 556 569 6 6 0 -6 6.000
4 98 257 458 7 9 0 -9 7.000
4 99 564 569 6 6 0 -6 6.000
4 100 266 458 7 9 0 -9 7.000
4 101 572 569 6 6 0 -6 6.000
4 102 275 458 5 9 0 -9 4.000
4 103 282 458 7 9 0 -6 7.000
4 104 291 458 7 9 0 -9 7.000
4 105 300 458 3 9 0 -9 3.000
4 106 604 305 4 12 -1 -9 3.000
4 107 305 458 7 9 0 -9 6.000
4 108 314 458 3 9 0 -9 3.000
4 109 580 569 11 6 0 -6 11.000
4 110 593 569 7 6 0 -6 7.000
4 111 602 569 7 6 0 -6 7.000
4 112 319 458 7 9 0 -6 7.000
4 113 328 458 7 9 0 -6 7.000
4 114 611 569 5 6 0 -6 4.000
4 115 618 569 5 6 0 -6 5.000
4 116 285 512 5 8 0 -8 4.000
4 117 625 569 7 6 0 -6 7.000
4 118 634 569 7 6 0 -6 6.000
4 119 643 569 9 6 0 -6 9.000
4 120 654 569 6 6 0 -6 6.000
4 121 337 458 7 9 0 -6 6.000
4 122 662 569 6 6 0 -6 6.000
4 123 729 321 4 11 0 -9 4.000
4 124 610 305 3 12 0 -9 3.000
4 125 735 321 4 11 0 -9 4.000
4 126 820 585 8 4 0 -4 8.000
4 1040 346 458 8 9 0 -9 8.000
4 1041 356 458 7 9 0 -9 7.000
4 1042 365 458 7 9 0 -9 7.000
4 1043 374 458 6 9 0 -9 6.000
4 1044 741 321 9 11 0 -9 9.000
4 1045 382 458 6 9 0 -9 6.000
4 1046 390 458 13 9 -1 -9 11.000
4 1047 405 458 7 9 0 -9 7.000
4 1048 414 458 9 9 0 -9 9.000
4 1049 615 305 9 12 0 -12 9.000
4 1050 425 458 8 9 0 -9 7.000
4 1051 435 458 8 9 0 -9 8.000
4 1052 445 458 11 9 0 -9 11.000
4 1053 458 458 9 9 0 -9 9.000
4 1054 469 458 9 9 0 -9 9.000
4 1055 480 458 9 9 0 -9 9.000
4 1056 491 458 7 9 0 -9 7.000
4 1057 500 458 7 9 0 -9 7.000
4 1058 509 458 7 9 0 -9 7.000
4 1059 518 458 8 9 0 -9 7.000
4 1060 528 458 9 9 0 -9 9.000
4 1061 539 458 8 9 0 -9 7.000
4 1062 752 321 9 11 0 -9 9.000
4 1063 549 458 8 9 0 -9 8.000
4 1064 559 458 12 9 0 -9 12.000
4 1065 763 321 12 11 0 -9 12.000
4 1066 573 458 9 9 0 -9 9.000
4 1067 584 458 10 9 0 -9 10.000
4 1068 596 458 7 9 0 -9 7.000
4 1069 605 458 7 9 0 -9 7.000
4 1070 614 458 12 9 0 -9 12.000
4 1071 628 458 7 9 0 -9 7.000
4 1072 670 569 6 6 0 -6 6.000
4 1073 637 458 7 9 0 -9 7.000
4 1074 678 569 7 6 0 -6 7.000
4 1075 687 569 5 6 0 -6 5.000
4 1076 292 512 7 8 0 -6 7.000
4 1077 694 569 6 6 0 -6 6.000
4 1078 702 569 10 6 0 -6 10.000
4 1079 714 569 6 6 0 -6 6.000
4 1080 722 569 7 6 0 -6 7.000
4 1081 646 458 7 9 0 -9 7.000
4 1082 731 569 7 6 0 -6 6.000
4 1083 740 569 7 6 0 -6 7.000
4 1084 749 569 9 6 0 -6 9.000
4 1085 760 569 7 6 0 -6 7.000
4 1086 769 569 7 6 0 -6 7.000
4 1087 778 569 7 6 0 -6 7.000
4 1088 655 458 7 9 0 -6 7.000
4 1089 787 569 6 6 0 -6 6.000
4 1090 795 569 5 6 0 -6 5.000
4 1091 664 458 7 9 0 -6 6.000
4 1092 626 305 9 12 0 -9 9.000
4 1093 802 569 6 6 0 -6 6.000
4 1094 301 512 8 8 0 -6 7.000
4 1095 810 569 7 6 0 -6 7.000
4 1096 819 569 10 6 0 -6 10.000
4 1097 311 512 10 8 0 -6 10.000
4 1098 831 569 7 6 0 -6 7.000
4 1099 840 569 9 6 0 -6 9.000
4 1100 851 569 6 6 0 -6 6.000
4 1101 859 569 6 6 0 -6 6.000
4 1102 867 569 10 6 0 -6 10.000
4 1103 879 569 6 6 0 -6 6.000
4 1025 637 305 6 12 0 -12 6.000
4 1105 673 458 6 9 0 -9 6.000
4 183 156 585 3 5 0 -5 3.000
4 8212 830 585 12 4 0 -4 12.000
4 8211 844 585 6 4 0 -4 6.000
4 8594 887 569 10 6 0 -6 10.000
4 215 860 532 8 7 0 -7 8.000
4 176 681 458 5 9 0 -9 5.000
4 178 777 321 5 11 0 -11 5.000
4 179 784 321 5 11 0 -11 5.000
4 185 791 321 4 11 0 -11 4.000
4 8320 161 585 5 5 0 -4 5.000
4 956 688 458 8 9 0 -6 7.000
4 916 698 458 8 9 0 -9 8.000
4 171 168 585 7 5 0 -5 6.000
4 187 177 585 7 5 0 -5 6.000
4 8776 899 569 8 6 0 -6 8.000
4 177 870 532 8 7 0 -7 8.000
4 8722 852 585 8 4 0 -4 8.000
4 8230 370 592 10 2 0 -2 10.000
4 8470 708 458 14 9 0 -9 14.000
4 160 0 0 0 0 0 0 3.000
4 8239 0 0 0 0 0 0 1.800
5 32 0 0 0 0 0 0 3.000
5 33 724 458 4 9 0 -9 4.000
5 34 730 458 6 9 0 -9 6.000
5 35 738 458 7 9 0 -9 7.000
5 36 797 321 7 11 0 -10 7.000
5 37 747 458 10 9 0 -9 10.000
5 38 759 458 10 9 0 -9 10.000
5 39 771 458 4 9 0 -9 4.000
5 40 751 374 5 10 0 -9 4.000
5 41 758 374 4 10 0 -9 4.000
5 42 777 458 6 9 0 -9 5.000
5 43 909 569 8 6 0 -6 8.000
5 44 188 592 3 3 0 -2 3.000
5 45 862 585 5 4 0 -4 5.000
5 46 382 592 3 2 0 -2 3.000
5 47 764 374 7 10 -1 -9 5.000
5 48 785 458 7 9 0 -9 7.000
5 49 794 458 7 9 0 -9 7.000
5 50 803 458 7 9 0 -9 7.000
5 51 812 458 7 9 0 -9 7.000
5 52 821 458 7 9 0 -9 7.000
5 53 830 458 7 9 0 -9 7.000
5 54 839 458 7 9 0 -9 7.000
5 55 848 458 7 9 0 -9 7.000
5 56 857 458 7 9 0 -9 7.000
5 57 866 458 7 9 0 -9 7.000
5 58 919 569 3 6 0 -6 3.000
5 59 323 512 3 8 0 -6 3.000
5 60 880 532 8 7 0 -7 8.000
5 61 186 585 8 5 0 -5 8.000
5 62 890 532 8 7 0 -7 8.000
5 63 875 458 6 9 0 -9 5.000
5 64 773 374 11 10 0 -9 11.000
5 65 883 458 9 9 0 -9 8.000
5 66 894 458 8 9 0 -9 8.000
5 67 904 458 7 9 0 -9 7.000
5 68 913 458 9 9 0 -9 9.000
5 69 924 458 6 9 0 -9 6.000
5 70 932 458 6 9 0 -9 6.000
5 71 940 458 9 9 0 -9 9.000
5 72 951 458 9 9 0 -9 9.000
5 73 962 458 4 9 0 -9 4.000
5 74 968 458 5 9 0 -9 5.000
5 75 975 458 8 9 0 -9 8.000
5 76 985 458 6 9 0 -9 6.000
5 77 993 458 11 9 0 -9 11.000
5 78 1006 458 9 9 0 -9 9.000
5 79 0 469 9 9 0 -9 9.000
5 80 11 469 8 9 0 -9 7.000
5 81 786 374 10 10 0 -9 9.000
5 82 21 469 9 9 0 -9 8.000
5 83 32 469 7 9 0 -9 7.000
5 84 41 469 7 9 0 -9 7.000
5 85 50 469 9 9 0 -9 9.000
5 86 61 469 8 9 0 -9 8.000
5 87 71 469 12 9 0 -9 12.000
5 88 85 469 8 9 0 -9 8.000
5 89 95 469 8 9 0 -9 7.000
5 90 105 469 8 9 0 -9 7.000
5 91 806 321 5 11 0 -9 4.000
5 92 798 374 6 10 0 -9 5.000
5 93 813 321 4 11 0 -9 4.000
5 94 115 469 8 9 0 -9 8.000
5 95 387 592 5 2 0 0 5.000
5 96 125 469 4 9 0 -9 4.000
5 97 924 569 6 6 0 -6 6.000
5 98 131 469 8 9 0 -9 7.000
5 99 932 569 6 6 0 -6 6.000
5 100 141 469 7 9 0 -9 7.000
5 101 940 569 7 6 0 -6 7.000
5 102 150 469 5 9 0 -9 5.000
5 103 157 469 7 9 0 -6 7.000
5 104 166 469 7 9 0 -9 7.000
5 105 175 469 3 9 0 -9 3.000
5 106 645 305 4 12 -1 -9 3.000
5 107 180 469 7 9 0 -9 7.000
5 108 189 469 3 9 0 -9 3.000
5 109 949 569 11 6 0 -6 11.000
5 110 962 569 7 6 0 -6 7.000
5 111 971 569 7 6 0 -6 7.000
5 112 194 469 8 9 0 -6 7.000
5 113 204 469 7 9 0 -6 7.000
5 114 980 569 5 6 0 -6 5.000
5 115 987 569 5 6 0 -6 5.000
5 116 328 512 5 8 0 -8 5.000
5 117 994 569 7 6 0 -6 7.000
5 118 1003 569 7 6 0 -6 7.000
5 119 1012 569 10 6 0 -6 10.000
5 120 0 577 7 6 0 -6 7.000
5 121 213 469 8 9 -1 -6 6.000
5 122 9 577 6 6 0 -6 6.000
5 123 819 321 4 11 0 -9 4.000
5 124 651 305 4 12 0 -9 4.000
5 125 825 321 4 11 0 -9 4.000
5 126 869 585 8 4 0 -4 8.000
5 1040 223 469 9 9 0 -9 8.000
5 1041 234 469 8 9 0 -9 8.000
5 1042 244 469 8 9 0 -9 8.000
5 1043 254 469 6 9 0 -9 6.000
5 1044 831 321 9 11 0 -9 9.000
5 1045 262 469 6 9 0 -9 6.000
5 1046 270 469 13 9 -1 -9 12.000
5 1047 285 469 7 9 0 -9 7.000
5 1048 294 469 9 9 0 -9 9.000
5 1049 657 305 9 12 0 -12 9.000
5 1050 305 469 8 9 0 -9 8.000
5 1051 315 469 9 9 0 -9 9.000
5 1052 326 469 11 9 0 -9 11.000
5 1053 339 469 9 9 0 -9 9.000
5 1054 350 469 9 9 0 -9 9.000
5 1055 361 469 9 9 0 -9 9.000
5 1056 372 469 8 9 0 -9 7.000
5 1057 382 469 7 9 0 -9 7.000
5 1058 391 469 7 9 0 -9 7.000
5 1059 400 469 8 9 0 -9 7.000
5 1060 410 469 10 9 0 -9 10.000
5 1061 422 469 8 9 0 -9 8.000
5 1062 842 321 10 11 0 -9 10.000
5 1063 432 469 9 9 0 -9 9.000
5 1064 443 469 12 9 0 -9 12.000
5 1065 854 321 13 11 0 -9 13.000
5 1066 457 469 9 9 0 -9 9.000
5 1067 468 469 11 9 0 -9 11.000
5 1068 481 469 8 9 0 -9 7.000
5 1069 491 469 8 9 0 -9 7.000
5 1070 501 469 13 9 0 -9 13.000
5 1071 516 469 8 9 0 -9 8.000
5 1072 17 577 6 6 0 -6 6.000
5 1073 526 469 7 9 0 -9 7.000
5 1074 25 577 7 6 0 -6 7.000
5 1075 34 577 5 6 0 -6 5.000
5 1076 335 512 8 8 0 -6 7.000
5 1077 41 577 7 6 0 -6 7.000
5 1078 50 577 11 6 0 -6 10.000
5 1079 63 577 6 6 0 -6 6.000
5 1080 71 577 8 6 0 -6 8.000
5 1081 535 469 8 9 0 -9 8.000
5 1082 81 577 7 6 0 -6 7.000
5 1083 90 577 7 6 0 -6 7.000
5 1084 99 577 9 6 0 -6 9.000
5 1085 110 577 7 6 0 -6 7.000
5 1086 119 577 7 6 0 -6 7.000
5 1087 128 577 7 6 0 -6 7.000
5 1088 545 469 8 9 0 -6 7.000
5 1089 137 577 6 6 0 -6 6.000
5 1090 145 577 6 6 0 -6 5.000
5 1091 555 469 8 9 -1 -6 6.000
5 1092 668 305 10 12 0 -9 9.000
5 1093 153 577 7 6 0 -6 7.000
5 1094 345 512 8 8 0 -6 8.000
5 1095 162 577 7 6 0 -6 7.000
5 1096 171 577 10 6 0 -6 10.000
5 1097 355 512 11 8 0 -6 11.000
5 1098 183 577 8 6 0 -6 8.000
5 1099 193 577 10 6 0 -6 10.000
5 1100 205 577 7 6 0 -6 7.000
5 1101 214 577 6 6 0 -6 6.000
5 1102 222 577 11 6 0 -6 11.000
5 1103 235 577 7 6 0 -6 7.000
5 1025 869 321 6 11 0 -11 6.000
5 1105 368 512 7 8 0 -8 7.000
5 183 196 585 3 5 0 -5 3.000
5 8212 879 585 12 4 0 -4 12.000
5 8211 893 585 6 4 0 -4 6.000
5 8594 244 577 10 6 0 -6 10.000
5 215 256 577 8 6 0 -6 8.000
5 176 565 469 5 9 0 -9 5.000
5 178 877 321 5 11 0 -11 5.000
5 179 884 321 5 11 0 -11 5.000
5 185 891 321 5 11 0 -11 5.000
5 8320 201 585 5 5 0 -4 5.000
5 956 377 512 8 8 0 -6 8.000
5 916 572 469 9 9 0 -9 8.000
5 171 208 585 7 5 0 -5 7.000
5 187 217 585 7 5 0 -5 7.000
5 8776 266 577 9 6 0 -6 9.000
5 177 900 532 8 7 0 -7 8.000
5 8722 901 585 8 4 0 -4 8.000
5 8230 394 592 11 2 0 -2 11.000
5 8470 583 469 14 9 0 -9 14.000
5 160 0 0 0 0 0 0 3.000
5 8239 0 0 0 0 0 0 1.800
6 32 0 0 0 0 0 0 4.000
6 33 599 469 4 9 0 -9 4.000
6 34 605 469 5 9 0 -9 5.000
6 35 612 469 8 9 0 -9 8.000
6 36 898 321 7 11 0 -10 7.000
6 37 622 469 11 9 0 -9 11.000
6 38 635 469 11 9 0 -9 10.000
6 39 648 469 3 9 0 -9 3.000
6 40 907 321 4 11 0 -9 4.000
6 41 913 321 4 11 0 -9 4.000
6 42 653 469 5 9 0 -9 5.000
6 43 387 512 9 8 0 -8 9.000
6 44 193 592 3 3 0 -1 3.000
6 45 226 585 5 5 0 -5 5.000
6 46 407 592 3 2 0 -2 3.000
6 47 919 321 7 11 -1 -9 5.000
6 48 660 469 7 9 0 -9 7.000
6 49 669 469 7 9 0 -9 7.000
6 50 678 469 7 9 0 -9 7.000
6 51 687 469 7 9 0 -9 7.000
6 52 696 469 7 9 0 -9 7.000
6 53 705 469 7 9 0 -9 7.000
6 54 714 469 7 9 0 -9 7.000
6 55 723 469 7 9 0 -9 7.000
6 56 732 469 7 9 0 -9 7.000
6 57 741 469 7 9 0 -9 7.000
6 58 910 532 3 7 0 -7 3.000
6 59 750 469 3 9 0 -7 3.000
6 60 915 532 9 7 0 -7 9.000
6 61 277 577 9 6 0 -6 9.000
6 62 926 532 9 7 0 -7 9.000
6 63 755 469 6 9 0 -9 6.000
6 64 806 374 12 10 0 -9 12.000
6 65 763 469 9 9 0 -9 8.000
6 66 774 469 7 9 0 -9 7.000
6 67 783 469 8 9 0 -9 8.000
6 68 793 469 9 9 0 -9 9.000
6 69 804 469 7 9 0 -9 7.000
6 70 813 469 6 9 0 -9 6.000
6 71 821 469 9 9 0 -9 9.000
6 72 832 469 9 9 0 -9 9.000
6 73 843 469 3 9 0 -9 3.000
6 74 848 469 5 9 0 -9 5.000
6 75 855 469 8 9 0 -9 8.000
6 76 865 469 6 9 0 -9 6.000
6 77 873 469 12 9 0 -9 12.000
6 78 887 469 10 9 0 -9 10.000
6 79 899 469 10 9 0 -9 10.000
6 80 911 469 7 9 0 -9 7.000
6 81 820 374 10 10 0 -9 10.000
6 82 920 469 8 9 0 -9 8.000
6 83 930 469 7 9 0 -9 7.000
6 84 939 469 7 9 0 -9 7.000
6 85 948 469 9 9 0 -9 9.000
6 86 959 469 8 9 0 -9 8.000
6 87 969 469 12 9 0 -9 12.000
6 88 983 469 8 9 0 -9 8.000
6 89 993 469 8 9 0 -9 7.000
6 90 1003 469 8 9 0 -9 7.000
6 91 928 321 4 11 0 -9 4.000
6 92 934 321 7 11 -1 -9 5.000
6 93 943 321 4 11 0 -9 4.000
6 94 1013 469 9 9 0 -9 9.000
6 95 412 592 6 2 0 0 5.000
6 96 832 374 3 10 0 -10 3.000
6 97 937 532 7 7 0 -7 7.000
6 98 837 374 8 10 0 -10 8.000
6 99 946 532 6 7 0 -7 6.000
6 100 847 374 8 10 0 -10 8.000
6 101 954 532 7 7 0 -7 7.000
6 102 857 374 5 10 0 -10 4.000
6 103 864 374 8 10 0 -7 8.000
6 104 874 374 7 10 0 -10 7.000
6 105 883 374 3 10 0 -10 3.000
6 106 51 305 5 13 -2 -10 3.000
6 107 888 374 7 10 0 -10 6.000
6 108 897 374 3 10 0 -10 3.000
6 109 963 532 11 7 0 -7 11.000
6 110 976 532 7 7 0 -7 7.000
6 111 985 532 8 7 0 -7 8.000
6 112 902 374 8 10 0 -7 8.000
6 113 912 374 8 10 0 -7 8.000
6 114 995 532 5 7 0 -7 5.000
6 115 1002 532 6 7 0 -7 6.000
6 116 0 480 5 9 0 -9 4.000
6 117 1010 532 7 7 0 -7 7.000
6 118 0 542 7 7 0 -7 6.000
6 119 9 542 10 7 0 -7 9.000
6 120 21 542 6 7 0 -7 6.000
6 121 922 374 7 10 0 -7 6.000
6 122 29 542 6 7 0 -7 6.000
6 123 949 321 4 11 0 -9 4.000
6 124 58 305 3 13 0 -10 3.000
6 125 955 321 4 11 0 -9 4.000
6 126 233 585 9 5 0 -5 9.000
6 1040 7 480 9 9 0 -9 8.000
6 1041 18 480 7 9 0 -9 7.000
6 1042 27 480 7 9 0 -9 7.000
6 1043 36 480 6 9 0 -9 6.000
6 1044 961 321 9 11 0 -9 9.000
6 1045 44 480 7 9 0 -9 7.000
6 1046 53 480 13 9 -1 -9 11.000
6 1047 68 480 7 9 0 -9 7.000
6 1048 77 480 10 9 0 -9 10.000
6 1049 680 305 10 12 0 -12 10.000
6 1050 89 480 8 9 0 -9 8.000
6 1051 99 480 9 9 0 -9 9.000
6 1052 110 480 12 9 0 -9 12.000
6 1053 124 480 9 9 0 -9 9.000
6 1054 135 480 10 9 0 -9 10.000
6 1055 147 480 9 9 0 -9 9.000
6 1056 158 480 7 9 0 -9 7.000
6 1057 167 480 8 9 0 -9 8.000
6 1058 177 480 7 9 0 -9 7.000
6 1059 186 480 8 9 0 -9 7.000
6 1060 196 480 9 9 0 -9 9.000
6 1061 207 480 8 9 0 -9 8.000
6 1062 972 321 10 11 0 -9 10.000
6 1063 217 480 9 9 0 -9 9.000
6 1064 228 480 12 9 0 -9 12.000
6 1065 984 321 13 11 0 -9 13.000
6 1066 242 480 9 9 0 -9 9.000
6 1067 253 480 10 9 0 -9 10.000
6 1068 265 480 7 9 0 -9 7.000
6 1069 274 480 8 9 0 -9 8.000
6 1070 284 480 13 9 0 -9 13.000
6 1071 299 480 8 9 0 -9 8.000
6 1072 37 542 7 7 0 -7 7.000
6 1073 931 374 8 10 0 -10 8.000
6 1074 46 542 7 7 0 -7 7.000
6 1075 55 542 5 7 0 -7 5.000
6 1076 309 480 7 9 0 -7 7.000
6 1077 62 542 7 7 0 -7 7.000
6 1078 71 542 10 7 0 -7 10.000
6 1079 83 542 6 7 0 -7 6.000
6 1080 91 542 8 7 0 -7 8.000
6 1081 941 374 8 10 0 -10 8.000
6 1082 101 542 7 7 0 -7 6.000
6 1083 110 542 7 7 0 -7 7.000
6 1084 119 542 9 7 0 -7 9.000
6 1085 130 542 8 7 0 -7 8.000
6 1086 140 542 8 7 0 -7 8.000
6 1087 150 542 8 7 0 -7 8.000
6 1088 951 374 8 10 0 -7 8.000
6 1089 160 542 6 7 0 -7 6.000
6 1090 168 542 6 7 0 -7 5.000
6 1091 961 374 7 10 0 -7 6.000
6 1092 692 305 9 12 0 -9 9.000
6 1093 176 542 6 7 0 -7 6.000
6 1094 318 480 8 9 0 -7 8.000
6 1095 184 542 7 7 0 -7 7.000
6 1096 193 542 10 7 0 -7 10.000
6 1097 328 480 11 9 0 -7 11.000
6 1098 205 542 8 7 0 -7 8.000
6 1099 215 542 9 7 0 -7 9.000
6 1100 226 542 7 7 0 -7 7.000
6 1101 235 542 6 7 0 -7 6.000
6 1102 243 542 11 7 0 -7 11.000
6 1103 256 542 7 7 0 -7 7.000
6 1025 999 321 7 11 0 -11 7.000
6 1105 341 480 7 9 0 -9 7.000
6 183 244 585 3 5 0 -5 3.000
6 8212 911 585 13 4 0 -4 13.000
6 8211 926 585 7 4 0 -4 7.000
6 8594 288 577 11 6 0 -6 11.000
6 215 398 512 9 8 0 -8 9.000
6 176 350 480 5 9 0 -9 5.000
6 178 1008 321 5 11 0 -11 5.000
6 179 1015 321 5 11 0 -11 5.000
6 185 0 335 5 11 0 -11 5.000
6 8320 249 585 5 5 0 -4 5.000
6 956 970 374 8 10 0 -7 8.000
6 916 357 480 9 9 0 -9 8.000
6 171 301 577 7 6 0 -6 7.000
6 187 310 577 7 6 0 -6 7.000
6 8776 319 577 9 6 0 -6 9.000
6 177 368 480 9 9 0 -9 9.000
6 8722 256 585 9 5 0 -5 9.000
6 8230 420 592 10 2 0 -2 10.000
6 8470 379 480 15 9 0 -9 15.000
6 160 0 0 0 0 0 0 4.000
6 8239 0 0 0 0 0 0 2.400
7 32 0 0 0 0 0 0 4.000
7 33 396 480 4 9 0 -9 4.000
7 34 402 480 6 9 0 -9 6.000
7 35 410 480 8 9 0 -9 8.000
7 36 7 335 7 11 0 -10 7.000
7 37 420 480 11 9 0 -9 11.000
7 38 433 480 10 9 0 -9 9.000
7 39 445 480 3 9 0 -9 3.000
7 40 16 335 5 11 0 -9 4.000
7 41 23 335 4 11 0 -9 4.000
7 42 450 480 6 9 0 -9 6.000
7 43 409 512 9 8 0 -8 9.000
7 44 198 592 3 3 0 -2 3.000
7 45 267 585 5 5 0 -5 5.000
7 46 432 592 3 2 0 -2 3.000
7 47 29 335 7 11 -1 -9 5.000
7 48 458 480 7 9 0 -9 7.000
7 49 467 480 5 9 0 -9 5.000
7 50 474 480 7 9 0 -9 7.000
7 51 483 480 7 9 0 -9 7.000
7 52 492 480 8 9 0 -9 7.000
7 53 502 480 7 9 0 -9 7.000
7 54 511 480 7 9 0 -9 7.000
7 55 520 480 7 9 0 -9 7.000
7 56 529 480 7 9 0 -9 7.000
7 57 538 480 7 9 0 -9 7.000
7 58 265 542 3 7 0 -7 3.000
7 59 420 512 3 8 0 -7 3.000
7 60 270 542 9 7 0 -7 9.000
7 61 330 577 9 6 0 -6 9.000
7 62 281 542 9 7 0 -7 9.000
7 63 547 480 6 9 0 -9 6.000
7 64 980 374 12 10 0 -9 12.000
7 65 555 480 9 9 0 -9 9.000
7 66 566 480 8 9 0 -9 8.000
7 67 576 480 8 9 0 -9 8.000
7 68 586 480 9 9 0 -9 9.000
7 69 597 480 7 9 0 -9 7.000
7 70 606 480 7 9 0 -9 7.000
7 71 615 480 9 9 0 -9 9.000
7 72 626 480 10 9 0 -9 10.000
7 73 638 480 4 9 0 -9 4.000
7 74 644 480 5 9 0 -9 5.000
7 75 651 480 9 9 0 -9 8.000
7 76 662 480 7 9 0 -9 6.000
7 77 671 480 12 9 0 -9 12.000
7 78 685 480 10 9 0 -9 10.000
7 79 697 480 10 9 0 -9 10.000
7 80 709 480 8 9 0 -9 8.000
7 81 994 374 11 10 0 -9 10.000
7 82 719 480 9 9 0 -9 8.000
7 83 730 480 7 9 0 -9 7.000
7 84 739 480 7 9 0 -9 7.000
7 85 748 480 9 9 0 -9 9.000
7 86 759 480 9 9 0 -9 8.000
7 87 770 480 13 9 0 -9 13.000
7 88 785 480 8 9 0 -9 8.000
7 89 795 480 8 9 0 -9 8.000
7 90 805 480 8 9 0 -9 8.000
7 91 38 335 4 11 0 -9 4.000
7 92 44 335 7 11 -1 -9 5.000
7 93 53 335 4 11 0 -9 4.000
7 94 815 480 9 9 0 -9 9.000
7 95 437 592 6 2 0 0 5.000
7 96 1007 374 4 10 0 -10 4.000
7 97 292 542 7 7 0 -7 7.000
7 98 1013 374 8 10 0 -10 8.000
7 99 301 542 6 7 0 -7 6.000
7 100 0 387 8 10 0 -10 8.000
7 101 309 542 7 7 0 -7 7.000
7 102 10 387 5 10 0 -10 4.000
7 103 17 387 8 10 0 -7 8.000
7 104 27 387 8 10 0 -10 8.000
7 105 37 387 3 10 0 -10 3.000
7 106 63 305 5 13 -2 -10 3.000
7 107 42 387 7 10 0 -10 7.000
7 108 51 387 3 10 0 -10 3.000
7 109 318 542 12 7 0 -7 12.000
7 110 332 542 8 7 0 -7 8.000
7 111 342 542 8 7 0 -7 8.000
7 112 56 387 8 10 0 -7 8.000
7 113 66 387 8 10 0 -7 8.000
7 114 352 542 5 7 0 -7 5.000
7 115 359 542 6 7 0 -7 6.000
7 116 826 480 5 9 0 -9 5.000
7 117 367 542 8 7 0 -7 8.000
7 118 377 542 7 7 0 -7 7.000
7 119 386 542 10 7 0 -7 10.000
7 120 398 542 7 7 0 -7 7.000
7 121 76 387 7 10 0 -7 7.000
7 122 407 542 6 7 0 -7 6.000
7 123 59 335 4 11 0 -9 4.000
7 124 70 305 4 13 0 -10 4.000
7 125 65 335 4 11 0 -9 4.000
7 126 274 585 9 5 0 -5 9.000
7 1040 833 480 9 9 0 -9 9.000
7 1041 844 480 8 9 0 -9 8.000
7 1042 854 480 8 9 0 -9 8.000
7 1043 864 480 7 9 0 -9 6.000
7 1044 71 335 10 11 0 -9 9.000
7 1045 873 480 7 9 0 -9 7.000
7 1046 882 480 14 9 -1 -9 12.000
7 1047 898 480 7 9 0 -9 7.000
7 1048 907 480 10 9 0 -9 10.000
7 1049 703 305 10 12 0 -12 10.000
7 1050 919 480 9 9 0 -9 8.000
7 1051 930 480 9 9 0 -9 9.000
7 1052 941 480 12 9 0 -9 12.000
7 1053 955 480 10 9 0 -9 10.000
7 1054 967 480 10 9 0 -9 10.000
7 1055 979 480 10 9 0 -9 10.000
7 1056 991 480 8 9 0 -9 8.000
7 1057 1001 480 8 9 0 -9 8.000
7 1058 1011 480 7 9 0 -9 7.000
7 1059 0 491 8 9 0 -9 8.000
7 1060 10 491 10 9 0 -9 10.000
7 1061 22 491 8 9 0 -9 8.000
7 1062 83 335 10 11 0 -9 10.000
7 1063 32 491 9 9 0 -9 9.000
7 1064 43 491 13 9 0 -9 13.000
7 1065 95 335 13 11 0 -9 13.000
7 1066 58 491 9 9 0 -9 9.000
7 1067 69 491 11 9 0 -9 11.000
7 1068 82 491 8 9 0 -9 8.000
7 1069 92 491 8 9 0 -9 8.000
7 1070 102 491 14 9 0 -9 14.000
7 1071 118 491 8 9 0 -9 8.000
7 1072 415 542 7 7 0 -7 7.000
7 1073 85 387 8 10 0 -10 8.000
7 1074 424 542 7 7 0 -7 7.000
7 1075 433 542 5 7 0 -7 5.000
7 1076 128 491 8 9 0 -7 8.000
7 1077 440 542 7 7 0 -7 7.000
7 1078 449 542 11 7 0 -7 10.000
7 1079 462 542 6 7 0 -7 6.000
7 1080 470 542 8 7 0 -7 8.000
7 1081 95 387 8 10 0 -10 8.000
7 1082 480 542 7 7 0 -7 7.000
7 1083 489 542 7 7 0 -7 7.000
7 1084 498 542 10 7 0 -7 10.000
7 1085 510 542 8 7 0 -7 8.000
7 1086 520 542 8 7 0 -7 8.000
7 1087 530 542 8 7 0 -7 8.000
7 1088 105 387 8 10 0 -7 8.000
7 1089 540 542 6 7 0 -7 6.000
7 1090 548 542 6 7 0 -7 6.000
7 1091 115 387 7 10 0 -7 7.000
7 1092 715 305 9 12 0 -9 9.000
7 1093 556 542 7 7 0 -7 7.000
7 1094 138 491 8 9 0 -7 8.000
7 1095 565 542 8 7 0 -7 8.000
7 1096 575 542 11 7 0 -7 11.000
7 1097 148 491 11 9 0 -7 11.000
7 1098 588 542 8 7 0 -7 8.000
7 1099 598 542 10 7 0 -7 10.000
7 1100 610 542 7 7 0 -7 7.000
7 1101 619 542 6 7 0 -7 6.000
7 1102 627 542 11 7 0 -7 11.000
7 1103 640 542 7 7 0 -7 7.000
7 1025 726 305 7 12 0 -12 7.000
7 1105 124 387 7 10 0 -10 7.000
7 183 285 585 3 5 0 -5 3.000
7 8212 935 585 13 4 0 -4 13.000
7 8211 950 585 7 4 0 -4 7.000
7 8594 341 577 11 6 0 -6 11.000
7 215 425 512 9 8 0 -8 9.000
7 176 161 491 5 9 0 -9 5.000
7 178 110 335 5 11 0 -11 5.000
7 179 117 335 5 11 0 -11 5.000
7 185 124 335 5 11 0 -11 5.000
7 8320 290 585 5 5 0 -4 5.000
7 956 133 387 8 10 0 -7 8.000
7 916 168 491 9 9 0 -9 9.000
7 171 354 577 7 6 0 -6 7.000
7 187 363 577 7 6 0 -6 7.000
7 8776 372 577 9 6 0 -6 9.000
7 177 143 387 9 10 0 -10 9.000
7 8722 297 585 9 5 0 -5 9.000
7 8230 445 592 11 2 0 -2 11.000
7 8470 179 491 15 9 0 -9 15.000
7 160 0 0 0 0 0 0 4.000
7 8239 0 0 0 0 0 0 2.400
8 32 0 0 0 0 0 0 4.000
8 33 154 387 4 10 0 -10 4.000
8 34 160 387 6 10 0 -10 6.000
8 35 168 387 8 10 0 -10 8.000
8 36 735 305 7 12 0 -11 7.000
8 37 178 387 11 10 0 -10 11.000
8 38 191 387 11 10 0 -10 11.000
8 39 204 387 4 10 0 -10 4.000
8 40 131 335 5 11 0 -10 5.000
8 41 138 335 5 11 0 -10 5.000
8 42 210 387 6 10 0 -10 6.000
8 43 383 577 9 6 0 -6 9.000
8 44 203 592 4 3 0 -1 4.000
8 45 959 585 5 4 0 -4 5.000
8 46 458 592 4 2 0 -2 4.000
8 47 145 335 7 11 -1 -10 6.000
8 48 218 387 8 10 0 -10 7.000
8 49 228 387 7 10 0 -10 7.000
8 50 237 387 7 10 0 -10 7.000
8 51 246 387 7 10 0 -10 7.000
8 52 255 387 8 10 0 -10 7.000
8 53 265 387 7 10 0 -10 7.000
8 54 274 387 8 10 0 -10 7.000
8 55 284 387 7 10 0 -10 7.000
8 56 293 387 7 10 0 -10 7.000
8 57 302 387 7 10 0 -10 7.000
8 58 649 542 4 7 0 -7 4.000
8 59 436 512 4 8 0 -7 4.000
8 60 655 542 9 7 0 -7 9.000
8 61 394 577 9 6 0 -6 9.000
8 62 666 542 9 7 0 -7 9.000
8 63 311 387 6 10 0 -10 6.000
8 64 154 335 12 11 0 -10 12.000
8 65 319 387 10 10 0 -10 9.000
8 66 331 387 8 10 0 -10 8.000
8 67 341 387 8 10 0 -10 8.000
8 68 351 387 10 10 0 -10 10.000
8 69 363 387 7 10 0 -10 7.000
8 70 372 387 7 10 0 -10 7.000
8 71 381 387 9 10 0 -10 9.000
8 72 392 387 10 10 0 -10 10.000
8 73 404 387 4 10 0 -10 4.000
8 74 410 387 6 10 0 -10 6.000
8 75 418 387 9 10 0 -10 8.000
8 76 429 387 7 10 0 -10 7.000
8 77 438 387 12 10 0 -10 12.000
8 78 452 387 10 10 0 -10 10.000
8 79 464 387 10 10 0 -10 10.000
8 80 476 387 8 10 0 -10 8.000
8 81 168 335 11 11 0 -10 10.000
8 82 486 387 9 10 0 -10 8.000
8 83 497 387 7 10 0 -10 7.000
8 84 506 387 8 10 0 -10 8.000
8 85 516 387 9 10 0 -10 9.000
8 86 527 387 9 10 0 -10 9.000
8 87 538 387 13 10 0 -10 13.000
8 88 553 387 9 10 0 -10 9.000
8 89 564 387 8 10 0 -10 8.000
8 90 574 387 8 10 0 -10 8.000
8 91 744 305 5 12 0 -10 5.000
8 92 181 335 7 11 0 -10 6.000
8 93 751 305 5 12 0 -10 5.000
8 94 584 387 9 10 0 -10 9.000
8 95 464 592 6 2 0 0 5.000
8 96 595 387 4 10 0 -10 4.000
8 97 677 542 7 7 0 -7 7.000
8 98 601 387 8 10 0 -10 8.000
8 99 686 542 6 7 0 -7 6.000
8 100 611 387 8 10 0 -10 8.000
8 101 694 542 7 7 0 -7 7.000
8 102 621 387 6 10 0 -10 5.000
8 103 629 387 8 10 0 -7 8.000
8 104 639 387 8 10 0 -10 8.000
8 105 649 387 4 10 0 -10 4.000
8 106 76 305 5 13 -1 -10 4.000
8 107 655 387 8 10 0 -10 7.000
8 108 665 387 4 10 0 -10 4.000
8 109 703 542 12 7 0 -7 12.000
8 110 717 542 8 7 0 -7 8.000
8 111 727 542 8 7 0 -7 8.000
8 112 671 387 8 10 0 -7 8.000
8 113 681 387 8 10 0 -7 8.000
8 114 737 542 6 7 0 -7 5.000
8 115 745 542 6 7 0 -7 6.000
8 116 196 491 5 9 0 -9 5.000
8 117 753 542 8 7 0 -7 8.000
8 118 763 542 8 7 0 -7 7.000
8 119 773 542 11 7 0 -7 10.000
8 120 786 542 8 7 0 -7 7.000
8 121 691 387 9 10 -1 -7 7.000
8 122 796 542 6 7 0 -7 6.000
8 123 758 305 5 12 0 -10 5.000
8 124 83 305 4 13 0 -10 4.000
8 125 765 305 5 12 0 -10 5.000
8 126 308 585 9 5 0 -5 9.000
8 1040 702 387 10 10 0 -10 9.000
8 1041 714 387 8 10 0 -10 8.000
8 1042 724 387 8 10 0 -10 8.000
8 1043 734 387 7 10 0 -10 7.000
8 1044 772 305 10 12 0 -10 10.000
8 1045 743 387 7 10 0 -10 7.000
8 1046 752 387 14 10 -1 -10 13.000
8 1047 768 387 7 10 0 -10 7.000
8 1048 777 387 10 10 0 -10 10.000
8 1049 89 305 10 13 0 -13 10.000
8 1050 789 387 9 10 0 -10 8.000
8 1051 800 387 9 10 0 -10 9.000
8 1052 811 387 12 10 0 -10 12.000
8 1053 825 387 10 10 0 -10 10.000
8 1054 837 387 10 10 0 -10 10.000
8 1055 849 387 10 10 0 -10 10.000
8 1056 861 387 8 10 0 -10 8.000
8 1057 871 387 8 10 0 -10 8.000
8 1058 881 387 8 10 0 -10 8.000
8 1059 891 387 9 10 0 -10 8.000
8 1060 902 387 11 10 0 -10 11.000
8 1061 915 387 9 10 0 -10 9.000
8 1062 784 305 11 12 0 -10 11.000
8 1063 926 387 9 10 0 -10 9.000
8 1064 937 387 13 10 0 -10 13.000
8 1065 797 305 14 12 0 -10 14.000
8 1066 952 387 10 10 0 -10 10.000
8 1067 964 387 12 10 0 -10 12.000
8 1068 978 387 8 10 0 -10 8.000
8 1069 988 387 8 10 0 -10 8.000
8 1070 998 387 14 10 0 -10 14.000
8 1071 1014 387 8 10 0 -10 8.000
8 1072 804 542 7 7 0 -7 7.000
8 1073 0 399 8 10 0 -10 8.000
8 1074 813 542 8 7 0 -7 8.000
8 1075 823 542 6 7 0 -7 5.000
8 1076 203 491 8 9 0 -7 8.000
8 1077 831 542 7 7 0 -7 7.000
8 1078 840 542 11 7 0 -7 11.000
8 1079 853 542 6 7 0 -7 6.000
8 1080 861 542 8 7 0 -7 8.000
8 1081 10 399 8 10 0 -10 8.000
8 1082 871 542 8 7 0 -7 7.000
8 1083 881 542 8 7 0 -7 8.000
8 1084 891 542 10 7 0 -7 10.000
8 1085 903 542 8 7 0 -7 8.000
8 1086 913 542 8 7 0 -7 8.000
8 1087 923 542 8 7 0 -7 8.000
8 1088 20 399 8 10 0 -7 8.000
8 1089 933 542 6 7 0 -7 6.000
8 1090 941 542 6 7 0 -7 6.000
8 1091 30 399 9 10 -1 -7 7.000
8 1092 101 305 10 13 0 -10 10.000
8 1093 949 542 8 7 0 -7 7.000
8 1094 213 491 9 9 0 -7 8.000
8 1095 959 542 8 7 0 -7 8.000
8 1096 969 542 11 7 0 -7 11.000
8 1097 224 491 12 9 0 -7 12.000
8 1098 982 542 9 7 0 -7 8.000
8 1099 993 542 11 7 0 -7 11.000
8 1100 1006 542 7 7 0 -7 7.000
8 1101 1015 542 6 7 0 -7 6.000
8 1102 0 551 12 7 0 -7 11.000
8 1103 14 551 7 7 0 -7 7.000
8 1025 113 305 7 13 0 -13 7.000
8 1105 41 399 7 10 0 -10 7.000
8 183 319 585 4 5 0 -5 4.000
8 8212 966 585 13 4 0 -4 13.000
8 8211 981 585 7 4 0 -4 7.000
8 8594 405 577 11 6 0 -6 11.000
8 215 23 551 9 7 0 -7 9.000
8 176 50 399 5 10 0 -10 5.000
8 178 813 305 5 12 0 -12 5.000
8 179 820 305 5 12 0 -12 5.000
8 185 827 305 5 12 0 -12 5.000
8 8320 325 585 5 5 0 -4 5.000
8 956 57 399 9 10 0 -7 8.000
8 916 68 399 9 10 0 -10 9.000
8 171 332 585 8 5 0 -5 8.000
8 187 342 585 8 5 0 -5 8.000
8 8776 418 577 9 6 0 -6 9.000
8 177 442 512 9 8 0 -8 9.000
8 8722 990 585 9 4 0 -4 9.000
8 8230 472 592 12 2 0 -2 12.000
8 8470 79 399 16 10 0 -10 16.000
8 160 0 0 0 0 0 0 4.000
8 8239 0 0 0 0 0 0 2.400
9 32 0 0 0 0 0 0 4.000
9 33 97 399 4 10 0 -10 4.000
9 34 103 399 5 10 0 -10 5.000
9 35 110 399 8 10 0 -10 8.000
9 36 834 305 8 12 0 -11 8.000
9 37 120 399 11 10 0 -10 11.000
9 38 133 399 11 10 0 -10 11.000
9 39 146 399 3 10 0 -10 3.000
9 40 844 305 5 12 0 -10 4.000
9 41 851 305 4 12 0 -10 4.000
9 42 151 399 6 10 0 -10 6.000
9 43 453 512 10 8 0 -8 10.000
9 44 209 592 3 3 0 -2 3.000
9 45 1001 585 6 4 0 -4 6.000
9 46 486 592 3 2 0 -2 3.000
9 47 857 305 7 12 -1 -10 5.000
9 48 159 399 8 10 0 -10 8.000
9 49 169 399 8 10 0 -10 8.000
9 50 179 399 8 10 0 -10 8.000
9 51 189 399 8 10 0 -10 8.000
9 52 199 399 8 10 0 -10 8.000
9 53 209 399 8 10 0 -10 8.000
9 54 219 399 8 10 0 -10 8.000
9 55 229 399 8 10 0 -10 8.000
9 56 239 399 8 10 0 -10 8.000
9 57 249 399 8 10 0 -10 8.000
9 58 34 551 3 7 0 -7 3.000
9 59 465 512 3 8 0 -7 3.000
9 60 470 512 10 8 0 -8 10.000
9 61 429 577 10 6 0 -6 10.000
9 62 482 512 10 8 0 -8 10.000
9 63 259 399 6 10 0 -10 6.000
9 64 190 335 13 11 0 -10 13.000
9 65 267 399 9 10 0 -10 9.000
9 66 278 399 8 10 0 -10 8.000
9 67 288 399 9 10 0 -10 9.000
9 68 299 399 10 10 0 -10 10.000
9 69 311 399 7 10 0 -10 7.000
9 70 320 399 7 10 0 -10 7.000
9 71 329 399 10 10 0 -10 10.000
9 72 341 399 10 10 0 -10 10.000
9 73 353 399 4 10 0 -10 4.000
9 74 359 399 5 10 0 -10 5.000
9 75 366 399 9 10 0 -10 8.000
9 76 377 399 7 10 0 -10 7.000
9 77 386 399 13 10 0 -10 13.000
9 78 401 399 10 10 0 -10 10.000
9 79 413 399 11 10 0 -10 11.000
9 80 426 399 8 10 0 -10 8.000
9 81 205 335 11 11 0 -10 11.000
9 82 436 399 9 10 0 -10 8.000
9 83 447 399 7 10 0 -10 7.000
9 84 456 399 8 10 0 -10 7.000
9 85 466 399 10 10 0 -10 10.000
9 86 478 399 9 10 0 -10 9.000
9 87 489 399 13 10 0 -10 13.000
9 88 504 399 9 10 0 -10 8.000
9 89 515 399 8 10 0 -10 8.000
9 90 525 399 8 10 0 -10 8.000
9 91 866 305 4 12 0 -10 4.000
9 92 872 305 7 12 -1 -10 5.000
9 93 881 305 4 12 0 -10 4.000
9 94 535 399 10 10 0 -10 10.000
9 95 491 592 6 2 0 0 6.000
9 96 547 399 4 10 0 -10 4.000
9 97 39 551 7 7 0 -7 7.000
9 98 553 399 8 10 0 -10 8.000
9 99 48 551 6 7 0 -7 6.000
9 100 563 399 8 10 0 -10 8.000
9 101 56 551 7 7 0 -7 7.000
9 102 573 399 5 10 0 -10 4.000
9 103 580 399 8 10 0 -7 8.000
9 104 590 399 8 10 0 -10 8.000
9 105 600 399 3 10 0 -10 3.000
9 106 122 305 5 13 -2 -10 3.000
9 107 605 399 7 10 0 -10 7.000
9 108 614 399 3 10 0 -10 3.000
9 109 65 551 12 7 0 -7 12.000
9 110 79 551 8 7 0 -7 8.000
9 111 89 551 8 7 0 -7 8.000
9 112 619 399 8 10 0 -7 8.000
9 113 629 399 8 10 0 -7 8.000
9 114 99 551 5 7 0 -7 5.000
9 115 106 551 6 7 0 -7 6.000
9 116 238 491 5 9 0 -9 5.000
9 117 114 551 8 7 0 -7 8.000
9 118 124 551 7 7 0 -7 7.000
9 119 133 551 10 7 0 -7 10.000
9 120 145 551 7 7 0 -7 6.000
9 121 639 399 7 10 0 -7 7.000
9 122 154 551 7 7 0 -7 6.000
9 123 887 305 4 12 0 -10 4.000
9 124 408 272 3 14 0 -11 3.000
9 125 893 305 4 12 0 -10 4.000
9 126 352 585 10 5 0 -5 10.000
9 1040 648 399 9 10 0 -10 9.000
9 1041 659 399 8 10 0 -10 8.000
9 1042 669 399 8 10 0 -10 8.000
9 1043 679 399 7 10 0 -10 7.000
9 1044 899 305 10 12 0 -10 10.000
9 1045 688 399 7 10 0 -10 7.000
9 1046 697 399 14 10 -1 -10 12.000
9 1047 713 399 8 10 0 -10 8.000
9 1048 723 399 10 10 0 -10 10.000
9 1049 129 305 10 13 0 -13 10.000
9 1050 735 399 9 10 0 -10 8.000
9 1051 746 399 9 10 0 -10 9.000
9 1052 757 399 13 10 0 -10 13.000
9 1053 772 399 10 10 0 -10 10.000
9 1054 784 399 11 10 0 -10 11.000
9 1055 797 399 10 10 0 -10 10.000
9 1056 809 399 8 10 0 -10 8.000
9 1057 819 399 9 10 0 -10 9.000
9 1058 830 399 8 10 0 -10 7.000
9 1059 840 399 9 10 0 -10 8.000
9 1060 851 399 10 10 0 -10 10.000
9 1061 863 399 9 10 0 -10 8.000
9 1062 911 305 10 12 0 -10 10.000
9 1063 874 399 9 10 0 -10 9.000
9 1064 885 399 13 10 0 -10 13.000
9 1065 923 305 14 12 0 -10 14.000
9 1066 900 399 10 10 0 -10 10.000
9 1067 912 399 11 10 0 -10 11.000
9 1068 925 399 8 10 0 -10 8.000
9 1069 935 399 9 10 0 -10 9.000
9 1070 946 399 14 10 0 -10 14.000
9 1071 962 399 8 10 0 -10 8.000
9 1072 163 551 7 7 0 -7 7.000
9 1073 972 399 8 10 0 -10 8.000
9 1074 172 551 7 7 0 -7 7.000
9 1075 181 551 6 7 0 -7 5.000
9 1076 245 491 8 9 0 -7 8.000
9 1077 189 551 7 7 0 -7 7.000
9 1078 198 551 11 7 0 -7 10.000
9 1079 211 551 6 7 0 -7 6.000
9 1080 219 551 8 7 0 -7 8.000
9 1081 982 399 8 10 0 -10 8.000
9 1082 229 551 7 7 0 -7 7.000
9 1083 238 551 7 7 0 -7 7.000
9 1084 247 551 10 7 0 -7 10.000
9 1085 259 551 8 7 0 -7 8.000
9 1086 269 551 8 7 0 -7 8.000
9 1087 279 551 8 7 0 -7 8.000
9 1088 992 399 8 10 0 -7 8.000
9 1089 289 551 6 7 0 -7 6.000
9 1090 297 551 6 7 0 -7 6.000
9 1091 1002 399 7 10 0 -7 7.000
9 1092 141 305 10 13 0 -10 10.000
9 1093 305 551 7 7 0 -7 6.000
9 1094 255 491 8 9 0 -7 8.000
9 1095 314 551 8 7 0 -7 8.000
9 1096 324 551 11 7 0 -7 11.000
9 1097 265 491 12 9 0 -7 12.000
9 1098 337 551 8 7 0 -7 8.000
9 1099 347 551 10 7 0 -7 10.000
9 1100 359 551 7 7 0 -7 7.000
9 1101 368 551 6 7 0 -7 6.000
9 1102 376 551 11 7 0 -7 11.000
9 1103 389 551 7 7 0 -7 7.000
9 1025 939 305 7 12 0 -12 7.000
9 1105 279 491 7 9 0 -9 7.000
9 183 364 585 3 5 0 -5 3.000
9 8212 0 592 14 4 0 -4 14.000
9 8211 16 592 7 4 0 -4 7.000
9 8594 398 551 12 7 0 -7 12.000
9 215 494 512 10 8 0 -8 10.000
9 176 1011 399 5 10 0 -10 5.000
9 178 948 305 5 12 0 -12 5.000
9 179 955 305 5 12 0 -12 5.000
9 185 962 305 5 12 0 -12 5.000
9 8320 441 577 5 6 0 -4 5.000
9 956 0 411 8 10 0 -7 8.000
9 916 10 411 9 10 0 -10 9.000
9 171 448 577 7 6 0 -6 7.000
9 187 457 577 7 6 0 -6 7.000
9 8776 466 577 10 6 0 -6 10.000
9 177 288 491 10 9 0 -9 10.000
9 8722 369 585 10 5 0 -5 10.000
9 8230 499 592 10 2 0 -2 10.000
9 8470 21 411 16 10 0 -10 16.000
9 160 0 0 0 0 0 0 4.000
9 8239 0 0 0 0 0 0 2.400
10 32 0 0 0 0 0 0 4.000
10 33 39 411 4 10 0 -10 4.000
10 34 45 411 6 10 0 -10 6.000
10 35 53 411 8 10 0 -10 8.000
10 36 969 305 8 12 0 -11 8.000
10 37 63 411 12 10 0 -10 12.000
10 38 77 411 10 10 0 -10 10.000
10 39 89 411 4 10 0 -10 4.000
10 40 979 305 5 12 0 -10 5.000
10 41 986 305 5 12 0 -10 5.000
10 42 95 411 6 10 0 -10 6.000
10 43 506 512 10 8 0 -8 10.000
10 44 214 592 3 3 0 -2 3.000
10 45 25 592 6 4 0 -4 6.000
10 46 511 592 3 2 0 -2 3.000
10 47 993 305 7 12 -1 -10 6.000
10 48 103 411 8 10 0 -10 8.000
10 49 113 411 6 10 0 -10 6.000
10 50 121 411 8 10 0 -10 8.000
10 51 131 411 8 10 0 -10 8.000
10 52 141 411 8 10 0 -10 8.000
10 53 151 411 8 10 0 -10 8.000
10 54 161 411 8 10 0 -10 8.000
10 55 171 411 8 10 0 -10 8.000
10 56 181 411 8 10 0 -10 8.000
10 57 191 411 8 10 0 -10 8.000
10 58 412 551 3 7 0 -7 3.000
10 59 518 512 3 8 0 -7 3.000
10 60 523 512 10 8 0 -8 10.000
10 61 478 577 10 6 0 -6 10.000
10 62 535 512 10 8 0 -8 10.000
10 63 201 411 6 10 0 -10 6.000
10 64 218 335 13 11 0 -10 13.000
10 65 209 411 10 10 0 -10 9.000
10 66 221 411 8 10 0 -10 8.000
10 67 231 411 9 10 0 -10 9.000
10 68 242 411 10 10 0 -10 10.000
10 69 254 411 7 10 0 -10 7.000
10 70 263 411 7 10 0 -10 7.000
10 71 272 411 10 10 0 -10 10.000
10 72 284 411 10 10 0 -10 10.000
10 73 296 411 4 10 0 -10 4.000
10 74 302 411 6 10 0 -10 6.000
10 75 310 411 9 10 0 -10 9.000
10 76 321 411 7 10 0 -10 7.000
10 77 330 411 13 10 0 -10 13.000
10 78 345 411 11 10 0 -10 11.000
10 79 358 411 11 10 0 -10 11.000
10 80 371 411 8 10 0 -10 8.000
10 81 233 335 11 11 0 -10 11.000
10 82 381 411 9 10 0 -10 9.000
10 83 392 411 8 10 0 -10 8.000
10 84 402 411 8 10 0 -10 8.000
10 85 412 411 10 10 0 -10 10.000
10 86 424 411 9 10 0 -10 9.000
10 87 435 411 14 10 0 -10 14.000
10 88 451 411 9 10 0 -10 9.000
10 89 462 411 9 10 0 -10 8.000
10 90 473 411 8 10 0 -10 8.000
10 91 1002 305 5 12 0 -10 5.000
10 92 1009 305 7 12 -1 -10 6.000
10 93 0 321 5 12 0 -10 5.000
10 94 483 411 10 10 0 -10 10.000
10 95 516 592 6 2 0 0 6.000
10 96 495 411 4 10 0 -10 4.000
10 97 417 551 7 7 0 -7 7.000
10 98 501 411 8 10 0 -10 8.000
10 99 426 551 7 7 0 -7 7.000
10 100 511 411 8 10 0 -10 8.000
10 101 435 551 7 7 0 -7 7.000
10 102 521 411 5 10 0 -10 5.000
10 103 528 411 8 10 0 -7 8.000
10 104 538 411 8 10 0 -10 8.000
10 105 548 411 4 10 0 -10 4.000
10 106 153 305 6 13 -2 -10 4.000
10 107 554 411 8 10 0 -10 7.000
10 108 564 411 4 10 0 -10 4.000
10 109 444 551 12 7 0 -7 12.000
10 110 458 551 8 7 0 -7 8.000
10 111 468 551 8 7 0 -7 8.000
10 112 570 411 8 10 0 -7 8.000
10 113 580 411 8 10 0 -7 8.000
10 114 478 551 6 7 0 -7 5.000
10 115 486 551 6 7 0 -7 6.000
10 116 300 491 5 9 0 -9 5.000
10 117 494 551 8 7 0 -7 8.000
10 118 504 551 8 7 0 -7 7.000
10 119 514 551 11 7 0 -7 11.000
10 120 527 551 7 7 0 -7 7.000
10 121 590 411 8 10 0 -7 7.000
10 122 536 551 7 7 0 -7 7.000
10 123 7 321 5 12 0 -10 5.000
10 124 413 272 4 14 0 -11 4.000
10 125 14 321 5 12 0 -10 5.000
10 126 381 585 10 5 0 -5 10.000
10 1040 600 411 10 10 0 -10 9.000
10 1041 612 411 8 10 0 -10 8.000
10 1042 622 411 8 10 0 -10 8.000
10 1043 632 411 7 10 0 -10 7.000
10 1044 21 321 10 12 0 -10 10.000
10 1045 641 411 7 10 0 -10 7.000
10 1046 650 411 15 10 -1 -10 13.000
10 1047 667 411 8 10 0 -10 8.000
10 1048 677 411 11 10 0 -10 11.000
10 1049 161 305 11 13 0 -13 11.000
10 1050 690 411 9 10 0 -10 9.000
10 1051 701 411 10 10 0 -10 10.000
10 1052 713 411 13 10 0 -10 13.000
10 1053 728 411 10 10 0 -10 10.000
10 1054 740 411 11 10 0 -10 11.000
10 1055 753 411 10 10 0 -10 10.000
10 1056 765 411 8 10 0 -10 8.000
10 1057 775 411 9 10 0 -10 9.000
10 1058 786 411 8 10 0 -10 8.000
10 1059 796 411 9 10 0 -10 8.000
10 1060 807 411 11 10 0 -10 11.000
10 1061 820 411 9 10 0 -10 9.000
10 1062 33 321 11 12 0 -10 11.000
10 1063 831 411 10 10 0 -10 10.000
10 1064 843 411 14 10 0 -10 14.000
10 1065 46 321 14 12 0 -10 14.000
10 1066 859 411 10 10 0 -10 10.000
10 1067 871 411 12 10 0 -10 12.000
10 1068 885 411 8 10 0 -10 8.000
10 1069 895 411 9 10 0 -10 9.000
10 1070 906 411 15 10 0 -10 15.000
10 1071 923 411 9 10 0 -10 9.000
10 1072 545 551 7 7 0 -7 7.000
10 1073 934 411 8 10 0 -10 8.000
10 1074 554 551 8 7 0 -7 8.000
10 1075 564 551 6 7 0 -7 6.000
10 1076 307 491 8 9 0 -7 8.000
10 1077 572 551 7 7 0 -7 7.000
10 1078 581 551 12 7 0 -7 11.000
10 1079 595 551 6 7 0 -7 6.000
10 1080 603 551 8 7 0 -7 8.000
10 1081 944 411 8 10 0 -10 8.000
10 1082 613 551 8 7 0 -7 7.000
10 1083 623 551 8 7 0 -7 8.000
10 1084 633 551 10 7 0 -7 10.000
10 1085 645 551 8 7 0 -7 8.000
10 1086 655 551 8 7 0 -7 8.000
10 1087 665 551 8 7 0 -7 8.000
10 1088 954 411 8 10 0 -7 8.000
10 1089 675 551 7 7 0 -7 7.000
10 1090 684 551 6 7 0 -7 6.000
10 1091 964 411 8 10 0 -7 7.000
10 1092 174 305 10 13 0 -10 10.000
10 1093 692 551 7 7 0 -7 7.000
10 1094 317 491 9 9 0 -7 9.000
10 1095 701 551 8 7 0 -7 8.000
10 1096 711 551 12 7 0 -7 12.000
10 1097 328 491 12 9 0 -7 12.000
10 1098 725 551 9 7 0 -7 9.000
10 1099 736 551 11 7 0 -7 11.000
10 1100 749 551 7 7 0 -7 7.000
10 1101 758 551 7 7 0 -7 7.000
10 1102 767 551 12 7 0 -7 12.000
10 1103 781 551 7 7 0 -7 7.000
10 1025 186 305 7 13 0 -13 7.000
10 1105 974 411 7 10 0 -10 7.000
10 183 393 585 3 5 0 -5 3.000
10 8212 33 592 14 4 0 -4 14.000
10 8211 49 592 7 4 0 -4 7.000
10 8594 790 551 12 7 0 -7 12.000
10 215 547 512 10 8 0 -8 10.000
10 176 983 411 5 10 0 -10 5.000
10 178 62 321 5 12 0 -12 5.000
10 179 69 321 5 12 0 -12 5.000
10 185 76 321 5 12 0 -12 5.000
10 8320 490 577 5 6 0 -4 5.000
10 956 990 411 9 10 0 -7 8.000
10 916 1001 411 10 10 0 -10 9.000
10 171 497 577 8 6 0 -6 8.000
10 187 507 577 8 6 0 -6 8.000
10 8776 517 577 10 6 0 -6 10.000
10 177 246 335 10 11 0 -11 10.000
10 8722 398 585 10 5 0 -5 10.000
10 8230 524 592 11 2 0 -2 11.000
10 8470 0 423 16 10 0 -10 16.000
10 160 0 0 0 0 0 0 4.000
10 8239 0 0 0 0 0 0 2.400
11 32 0 0 0 0 0 0 4.000
11 33 18 423 5 10 0 -10 5.000
11 34 25 423 7 10 0 -10 7.000
11 35 34 423 9 10 0 -10 8.000
11 36 83 321 8 12 0 -11 8.000
11 37 45 423 12 10 0 -10 12.000
11 38 59 423 12 10 0 -10 12.000
11 39 73 423 4 10 0 -10 4.000
11 40 93 321 6 12 0 -10 5.000
11 41 101 321 5 12 0 -10 5.000
11 42 79 423 6 10 0 -10 6.000
11 43 559 512 10 8 0 -8 10.000
11 44 219 592 4 3 0 -1 4.000
11 45 58 592 6 4 0 -4 6.000
11 46 537 592 4 2 0 -2 4.000
11 47 258 335 8 11 -1 -10 6.000
11 48 87 423 8 10 0 -10 8.000
11 49 97 423 8 10 0 -10 8.000
11 50 107 423 8 10 0 -10 8.000
11 51 117 423 8 10 0 -10 8.000
11 52 127 423 8 10 0 -10 8.000
11 53 137 423 8 10 0 -10 8.000
11 54 147 423 8 10 0 -10 8.000
11 55 157 423 8 10 0 -10 8.000
11 56 167 423 8 10 0 -10 8.000
11 57 177 423 8 10 0 -10 8.000
11 58 804 551 4 7 0 -7 4.000
11 59 342 491 4 9 0 -7 4.000
11 60 810 551 10 7 0 -7 10.000
11 61 529 577 10 6 0 -6 10.000
11 62 822 551 10 7 0 -7 10.000
11 63 187 423 6 10 0 -10 6.000
11 64 195 423 13 10 0 -10 13.000
11 65 210 423 10 10 0 -10 10.000
11 66 222 423 9 10 0 -10 9.000
11 67 233 423 9 10 0 -10 9.000
11 68 244 423 10 10 0 -10 10.000
11 69 256 423 7 10 0 -10 7.000
11 70 265 423 7 10 0 -10 7.000
11 71 274 423 10 10 0 -10 10.000
11 72 286 423 11 10 0 -10 11.000
11 73 299 423 4 10 0 -10 4.000
11 74 305 423 6 10 0 -10 6.000
11 75 313 423 10 10 0 -10 9.000
11 76 325 423 7 10 0 -10 7.000
11 77 334 423 13 10 0 -10 13.000
11 78 349 423 11 10 0 -10 11.000
11 79 362 423 11 10 0 -10 11.000
11 80 375 423 9 10 0 -10 9.000
11 81 268 335 12 11 0 -10 11.000
11 82 386 423 10 10 0 -10 9.000
11 83 398 423 8 10 0 -10 8.000
11 84 408 423 8 10 0 -10 8.000
11 85 418 423 10 10 0 -10 10.000
11 86 430 423 10 10 0 -10 9.000
11 87 442 423 14 10 0 -10 14.000
11 88 458 423 10 10 0 -10 9.000
11 89 470 423 9 10 0 -10 9.000
11 90 481 423 9 10 0 -10 9.000
11 91 108 321 5 12 0 -10 5.000
11 92 282 335 7 11 0 -10 6.000
11 93 115 321 5 12 0 -10 5.000
11 94 492 423 10 10 0 -10 10.000
11 95 543 592 6 2 0 0 6.000
11 96 504 423 5 10 0 -10 4.000
11 97 834 551 8 7 0 -7 8.000
11 98 511 423 9 10 0 -10 9.000
11 99 844 551 7 7 0 -7 7.000
11 100 522 423 9 10 0 -10 9.000
11 101 853 551 8 7 0 -7 8.000
11 102 533 423 6 10 0 -10 5.000
11 103 541 423 9 10 0 -7 9.000
11 104 552 423 8 10 0 -10 8.000
11 105 562 423 4 10 0 -10 4.000
11 106 195 305 5 13 -1 -10 4.000
11 107 568 423 8 10 0 -10 8.000
11 108 578 423 4 10 0 -10 4.000
11 109 863 551 13 7 0 -7 13.000
11 110 878 551 8 7 0 -7 8.000
11 111 888 551 9 7 0 -7 9.000
11 112 584 423 9 10 0 -7 9.000
11 113 595 423 9 10 0 -7 9.000
11 114 899 551 6 7 0 -7 6.000
11 115 907 551 6 7 0 -7 6.000
11 116 348 491 6 9 0 -9 5.000
11 117 915 551 8 7 0 -7 8.000
11 118 925 551 8 7 0 -7 8.000
11 119 935 551 12 7 0 -7 11.000
11 120 949 551 8 7 0 -7 8.000
11 121 606 423 9 10 -1 -7 8.000
11 122 959 551 7 7 0 -7 7.000
11 123 122 321 5 12 0 -10 5.000
11 124 419 272 5 14 0 -11 5.000
11 125 129 321 5 12 0 -10 5.000
11 126 410 585 10 5 0 -5 10.000
11 1040 617 423 10 10 0 -10 10.000
11 1041 629 423 9 10 0 -10 9.000
11 1042 640 423 9 10 0 -10 9.000
11 1043 651 423 7 10 0 -10 7.000
11 1044 202 305 11 13 0 -10 11.000
11 1045 660 423 7 10 0 -10 7.000
11 1046 669 423 15 10 -1 -10 14.000
11 1047 686 423 8 10 0 -10 8.000
11 1048 696 423 11 10 0 -10 11.000
11 1049 215 305 11 13 0 -13 11.000
11 1050 709 423 10 10 0 -10 9.000
11 1051 721 423 10 10 0 -10 10.000
11 1052 733 423 13 10 0 -10 13.000
11 1053 748 423 11 10 0 -10 11.000
11 1054 761 423 11 10 0 -10 11.000
11 1055 774 423 11 10 0 -10 11.000
11 1056 787 423 9 10 0 -10 9.000
11 1057 798 423 9 10 0 -10 9.000
11 1058 809 423 8 10 0 -10 8.000
11 1059 819 423 9 10 0 -10 9.000
11 1060 830 423 12 10 0 -10 12.000
11 1061 844 423 10 10 0 -10 9.000
11 1062 228 305 12 13 0 -10 12.000
11 1063 856 423 10 10 0 -10 10.000
11 1064 868 423 14 10 0 -10 14.000
11 1065 242 305 15 13 0 -10 15.000
11 1066 884 423 11 10 0 -10 11.000
11 1067 897 423 13 10 0 -10 13.000
11 1068 912 423 9 10 0 -10 9.000
11 1069 923 423 9 10 0 -10 9.000
11 1070 934 423 15 10 0 -10 15.000
11 1071 951 423 9 10 0 -10 9.000
11 1072 968 551 8 7 0 -7 8.000
11 1073 962 423 9 10 0 -10 9.000
11 1074 978 551 8 7 0 -7 8.000
11 1075 988 551 6 7 0 -7 6.000
11 1076 973 423 9 10 0 -7 9.000
11 1077 996 551 8 7 0 -7 8.000
11 1078 1006 551 12 7 0 -7 12.000
11 1079 0 560 7 7 0 -7 7.000
11 1080 9 560 9 7 0 -7 9.000
11 1081 984 423 9 10 0 -10 9.000
11 1082 20 560 8 7 0 -7 8.000
11 1083 30 560 8 7 0 -7 8.000
11 1084 40 560 11 7 0 -7 11.000
11 1085 53 560 9 7 0 -7 9.000
11 1086 64 560 9 7 0 -7 9.000
11 1087 75 560 9 7 0 -7 9.000
11 1088 995 423 9 10 0 -7 9.000
11 1089 86 560 7 7 0 -7 7.000
11 1090 95 560 7 7 0 -7 6.000
11 1091 1006 423 9 10 -1 -7 8.000
11 1092 259 305 11 13 0 -10 11.000
11 1093 104 560 8 7 0 -7 8.000
11 1094 0 435 9 10 0 -7 9.000
11 1095 114 560 8 7 0 -7 8.000
11 1096 124 560 12 7 0 -7 12.000
11 1097 11 435 13 10 0 -7 13.000
11 1098 138 560 9 7 0 -7 9.000
11 1099 149 560 11 7 0 -7 11.000
11 1100 162 560 8 7 0 -7 8.000
11 1101 172 560 7 7 0 -7 7.000
11 1102 181 560 12 7 0 -7 12.000
11 1103 195 560 8 7 0 -7 8.000
11 1025 272 305 7 13 0 -13 7.000
11 1105 26 435 8 10 0 -10 8.000
11 183 541 577 4 6 0 -6 4.000
11 8212 66 592 14 4 0 -4 14.000
11 8211 82 592 7 4 0 -4 7.000
11 8594 205 560 12 7 0 -7 12.000
11 215 219 560 10 7 0 -7 10.000
11 176 36 435 5 10 0 -10 5.000
11 178 136 321 6 12 0 -12 6.000
11 179 144 321 6 12 0 -12 6.000
11 185 152 321 6 12 0 -12 6.000
11 8320 547 577 6 6 0 -4 6.000
11 956 43 435 9 10 0 -7 9.000
11 916 54 435 10 10 0 -10 10.000
11 171 555 577 8 6 0 -6 8.000
11 187 565 577 8 6 0 -6 8.000
11 8776 231 560 10 7 0 -7 10.000
11 177 356 491 10 9 0 -9 10.000
11 8722 422 585 10 5 0 -5 10.000
11 8230 551 592 13 2 0 -2 13.000
11 8470 66 435 17 10 0 -10 17.000
11 160 0 0 0 0 0 0 4.000
11 8239 0 0 0 0 0 0 2.400
12 32 0 0 0 0 0 0 4.000
12 33 291 335 5 11 0 -11 5.000
12 34 298 335 7 11 0 -11 7.000
12 35 307 335 9 11 0 -11 9.000
12 36 426 272 9 14 0 -12 9.000
12 37 318 335 13 11 0 -11 13.000
12 38 333 335 13 11 0 -11 13.000
12 39 348 335 4 11 0 -11 4.000
12 40 281 305 6 13 0 -11 6.000
12 41 289 305 6 13 0 -11 6.000
12 42 354 335 7 11 0 -11 7.000
12 43 571 512 11 8 0 -8 11.000
12 44 91 592 4 4 0 -2 4.000
12 45 434 585 6 5 0 -5 6.000
12 46 566 592 4 2 0 -2 4.000
12 47 160 321 8 12 -1 -11 7.000
12 48 363 335 9 11 0 -11 9.000
12 49 374 335 9 11 0 -11 9.000
12 50 385 335 9 11 0 -11 9.000
12 51 396 335 9 11 0 -11 9.000
12 52 407 335 9 11 0 -11 9.000
12 53 418 335 9 11 0 -11 9.000
12 54 429 335 9 11 0 -11 9.000
12 55 440 335 9 11 0 -11 9.000
12 56 451 335 9 11 0 -11 9.000
12 57 462 335 9 11 0 -11 9.000
12 58 584 512 4 8 0 -8 4.000
12 59 368 491 4 9 0 -8 4.000
12 60 590 512 11 8 0 -8 11.000
12 61 243 560 11 7 0 -7 11.000
12 62 603 512 11 8 0 -8 11.000
12 63 473 335 7 11 0 -11 7.000
12 64 482 335 14 11 0 -11 14.000
12 65 498 335 11 11 0 -11 11.000
12 66 511 335 10 11 0 -11 10.000
12 67 523 335 9 11 0 -11 9.000
12 68 534 335 11 11 0 -11 11.000
12 69 547 335 8 11 0 -11 8.000
12 70 557 335 8 11 0 -11 8.000
12 71 567 335 11 11 0 -11 11.000
12 72 580 335 11 11 0 -11 11.000
12 73 593 335 5 11 0 -11 5.000
12 74 600 335 7 11 0 -11 7.000
12 75 609 335 10 11 0 -11 10.000
12 76 621 335 8 11 0 -11 8.000
12 77 631 335 14 11 0 -11 14.000
12 78 647 335 12 11 0 -11 12.000
12 79 661 335 11 11 0 -11 11.000
12 80 674 335 9 11 0 -11 9.000
12 81 170 321 12 12 0 -11 11.000
12 82 685 335 11 11 0 -11 10.000
12 83 698 335 8 11 0 -11 8.000
12 84 708 335 9 11 0 -11 9.000
12 85 719 335 11 11 0 -11 11.000
12 86 732 335 10 11 0 -11 10.000
12 87 744 335 15 11 0 -11 15.000
12 88 761 335 10 11 0 -11 10.000
12 89 773 335 10 11 0 -11 9.000
12 90 785 335 9 11 0 -11 9.000
12 91 297 305 6 13 0 -11 6.000
12 92 184 321 8 12 0 -11 7.000
12 93 305 305 6 13 0 -11 6.000
12 94 796 335 11 11 0 -11 11.000
12 95 572 592 7 2 0 0 6.000
12 96 809 335 5 11 0 -11 5.000
12 97 616 512 8 8 0 -8 8.000
12 98 816 335 9 11 0 -11 9.000
12 99 626 512 7 8 0 -8 7.000
12 100 827 335 9 11 0 -11 9.000
12 101 635 512 8 8 0 -8 8.000
12 102 838 335 6 11 0 -11 6.000
12 103 846 335 9 11 0 -8 9.000
12 104 857 335 9 11 0 -11 9.000
12 105 868 335 4 11 0 -11 4.000
12 106 437 272 5 14 -1 -11 4.000
12 107 874 335 9 11 0 -11 8.000
12 108 885 335 4 11 0 -11 4.000
12 109 645 512 14 8 0 -8 14.000
12 110 661 512 9 8 0 -8 9.000
12 111 672 512 9 8 0 -8 9.000
12 112 891 335 9 11 0 -8 9.000
12 113 902 335 9 11 0 -8 9.000
12 114 683 512 6 8 0 -8 6.000
12 115 691 512 7 8 0 -8 7.000
12 116 85 435 6 10 0 -10 6.000
12 117 700 512 9 8 0 -8 9.000
12 118 711 512 9 8 0 -8 8.000
12 119 722 512 12 8 0 -8 12.000
12 120 736 512 9 8 0 -8 8.000
12 121 913 335 10 11 -1 -8 8.000
12 122 747 512 7 8 0 -8 7.000
12 123 313 305 6 13 0 -11 6.000
12 124 295 252 5 15 0 -12 5.000
12 125 321 305 6 13 0 -11 6.000
12 126 575 577 11 6 0 -6 11.000
12 1040 925 335 11 11 0 -11 11.000
12 1041 938 335 10 11 0 -11 10.000
12 1042 950 335 10 11 0 -11 10.000
12 1043 962 335 8 11 0 -11 8.000
12 1044 444 272 12 14 0 -11 12.000
12 1045 972 335 8 11 0 -11 8.000
12 1046 982 335 16 11 -1 -11 15.000
12 1047 1000 335 8 11 0 -11 8.000
12 1048 1010 335 12 11 0 -11 12.000
12 1049 458 272 12 14 0 -14 12.000
12 1050 0 348 10 11 0 -11 10.000
12 1051 12 348 11 11 0 -11 11.000
12 1052 25 348 14 11 0 -11 14.000
12 1053 41 348 11 11 0 -11 11.000
12 1054 54 348 11 11 0 -11 11.000
12 1055 67 348 11 11 0 -11 11.000
12 1056 80 348 9 11 0 -11 9.000
12 1057 91 348 9 11 0 -11 9.000
12 1058 102 348 9 11 0 -11 9.000
12 1059 113 348 10 11 0 -11 9.000
12 1060 125 348 13 11 0 -11 13.000
12 1061 140 348 10 11 0 -11 10.000
12 1062 472 272 12 14 0 -11 12.000
12 1063 152 348 11 11 0 -11 11.000
12 1064 165 348 15 11 0 -11 15.000
12 1065 486 272 16 14 0 -11 16.000
12 1066 182 348 11 11 0 -11 11.000
12 1067 195 348 13 11 0 -11 13.000
12 1068 210 348 9 11 0 -11 9.000
12 1069 221 348 9 11 0 -11 9.000
12 1070 232 348 16 11 0 -11 16.000
12 1071 250 348 10 11 0 -11 10.000
12 1072 756 512 8 8 0 -8 8.000
12 1073 262 348 9 11 0 -11 9.000
12 1074 766 512 9 8 0 -8 9.000
12 1075 777 512 6 8 0 -8 6.000
12 1076 273 348 9 11 0 -8 9.000
12 1077 785 512 8 8 0 -8 8.000
12 1078 795 512 13 8 0 -8 13.000
12 1079 810 512 7 8 0 -8 7.000
12 1080 819 512 9 8 0 -8 9.000
12 1081 284 348 9 11 0 -11 9.000
12 1082 830 512 9 8 0 -8 8.000
12 1083 841 512 9 8 0 -8 9.000
12 1084 852 512 12 8 0 -8 12.000
12 1085 866 512 9 8 0 -8 9.000
12 1086 877 512 9 8 0 -8 9.000
12 1087 888 512 9 8 0 -8 9.000
12 1088 295 348 9 11 0 -8 9.000
12 1089 899 512 7 8 0 -8 7.000
12 1090 908 512 7 8 0 -8 7.000
12 1091 306 348 10 11 -1 -8 8.000
12 1092 504 272 12 14 0 -11 12.000
12 1093 917 512 9 8 0 -8 8.000
12 1094 318 348 10 11 0 -8 10.000
12 1095 928 512 9 8 0 -8 9.000
12 1096 939 512 13 8 0 -8 13.000
12 1097 330 348 14 11 0 -8 14.000
12 1098 954 512 10 8 0 -8 10.000
12 1099 966 512 12 8 0 -8 12.000
12 1100 980 512 8 8 0 -8 8.000
12 1101 990 512 7 8 0 -8 7.000
12 1102 999 512 13 8 0 -8 13.000
12 1103 0 522 9 8 0 -8 9.000
12 1025 518 272 8 14 0 -14 8.000
12 1105 346 348 8 11 0 -11 8.000
12 183 588 577 4 6 0 -6 4.000
12 8212 442 585 15 5 0 -5 15.000
12 8211 459 585 8 5 0 -5 8.000
12 8594 256 560 13 7 0 -7 13.000
12 215 11 522 11 8 0 -8 11.000
12 176 356 348 6 11 0 -11 6.000
12 178 329 305 6 13 0 -13 6.000
12 179 337 305 6 13 0 -13 6.000
12 185 345 305 6 13 0 -13 6.000
12 8320 594 577 6 6 0 -4 6.000
12 956 364 348 10 11 0 -8 9.000
12 916 376 348 11 11 0 -11 11.000
12 171 602 577 9 6 0 -6 9.000
12 187 613 577 9 6 0 -6 9.000
12 8776 271 560 11 7 0 -7 11.000
12 177 93 435 11 10 0 -10 11.000
12 8722 469 585 11 5 0 -5 11.000
12 8230 581 592 14 2 0 -2 14.000
12 8470 389 348 18 11 0 -11 18.000
12 160 0 0 0 0 0 0 4.000
12 8239 0 0 0 0 0 0 2.400
13 32 0 0 0 0 0 0 4.000
13 33 409 348 5 11 0 -11 5.000
13 34 416 348 6 11 0 -11 6.000
13 35 424 348 10 11 0 -11 9.000
13 36 528 272 9 14 0 -12 9.000
13 37 436 348 13 11 0 -11 13.000
13 38 451 348 13 11 0 -11 13.000
13 39 466 348 4 11 0 -11 4.000
13 40 539 272 5 14 0 -11 5.000
13 41 546 272 5 14 0 -11 5.000
13 42 472 348 7 11 0 -11 7.000
13 43 24 522 11 8 0 -8 11.000
13 44 97 592 3 4 0 -2 3.000
13 45 482 585 6 5 0 -5 6.000
13 46 597 592 3 2 0 -2 3.000
13 47 353 305 8 13 -1 -11 6.000
13 48 481 348 9 11 0 -11 9.000
13 49 492 348 9 11 0 -11 9.000
13 50 503 348 9 11 0 -11 9.000
13 51 514 348 9 11 0 -11 9.000
13 52 525 348 9 11 0 -11 9.000
13 53 536 348 9 11 0 -11 9.000
13 54 547 348 9 11 0 -11 9.000
13 55 558 348 9 11 0 -11 9.000
13 56 569 348 9 11 0 -11 9.000
13 57 580 348 9 11 0 -11 9.000
13 58 37 522 3 8 0 -8 3.000
13 59 106 435 3 10 0 -8 3.000
13 60 42 522 11 8 0 -8 11.000
13 61 284 560 11 7 0 -7 11.000
13 62 55 522 11 8 0 -8 11.000
13 63 591 348 7 11 0 -11 7.000
13 64 194 321 15 12 0 -11 15.000
13 65 600 348 11 11 0 -11 10.000
13 66 613 348 9 11 0 -11 9.000
13 67 624 348 10 11 0 -11 10.000
13 68 636 348 11 11 0 -11 11.000
13 69 649 348 8 11 0 -11 8.000
13 70 659 348 8 11 0 -11 8.000
13 71 669 348 11 11 0 -11 11.000
13 72 682 348 11 11 0 -11 11.000
13 73 695 348 4 11 0 -11 4.000
13 74 701 348 6 11 0 -11 6.000
13 75 709 348 10 11 0 -11 9.000
13 76 721 348 8 11 0 -11 8.000
13 77 731 348 14 11 0 -11 14.000
13 78 747 348 12 11 0 -11 12.000
13 79 761 348 12 11 0 -11 12.000
13 80 775 348 9 11 0 -11 9.000
13 81 211 321 13 12 0 -11 12.000
13 82 786 348 10 11 0 -11 10.000
13 83 798 348 9 11 0 -11 9.000
13 84 809 348 9 11 0 -11 8.000
13 85 820 348 11 11 0 -11 11.000
13 86 833 348 10 11 0 -11 10.000
13 87 845 348 15 11 0 -11 15.000
13 88 862 348 10 11 0 -11 9.000
13 89 874 348 9 11 0 -11 9.000
13 90 885 348 9 11 0 -11 9.000
13 91 553 272 5 14 0 -11 5.000
13 92 363 305 8 13 -1 -11 6.000
13 93 560 272 5 14 0 -11 5.000
13 94 896 348 11 11 0 -11 11.000
13 95 602 592 7 2 0 0 7.000
13 96 373 305 4 13 0 -13 4.000
13 97 68 522 8 8 0 -8 8.000
13 98 226 321 9 12 0 -12 9.000
13 99 78 522 7 8 0 -8 7.000
13 100 237 321 9 12 0 -12 9.000
13 101 87 522 8 8 0 -8 8.000
13 102 248 321 6 12 0 -12 5.000
13 103 256 321 9 12 0 -8 9.000
13 104 267 321 9 12 0 -12 9.000
13 105 278 321 4 12 0 -12 4.000
13 106 120 252 6 16 -2 -12 4.000
13 107 284 321 8 12 0 -12 8.000
13 108 294 321 4 12 0 -12 4.000
13 109 97 522 14 8 0 -8 14.000
13 110 113 522 9 8 0 -8 9.000
13 111 124 522 9 8 0 -8 9.000
13 112 300 321 9 12 0 -8 9.000
13 113 311 321 9 12 0 -8 9.000
13 114 135 522 6 8 0 -8 6.000
13 115 143 522 7 8 0 -8 7.000
13 116 111 435 6 10 0 -10 5.000
13 117 152 522 9 8 0 -8 9.000
13 118 163 522 8 8 0 -8 8.000
13 119 173 522 12 8 0 -8 12.000
13 120 187 522 8 8 0 -8 7.000
13 121 322 321 8 12 0 -8 8.000
13 122 197 522 7 8 0 -8 7.000
13 123 567 272 5 14 0 -11 5.000
13 124 128 252 4 16 0 -12 4.000
13 125 574 272 5 14 0 -11 5.000
13 126 624 577 11 6 0 -6 11.000
13 1040 909 348 11 11 0 -11 10.000
13 1041 922 348 9 11 0 -11 9.000
13 1042 933 348 9 11 0 -11 9.000
13 1043 944 348 8 11 0 -11 8.000
13 1044 581 272 11 14 0 -11 11.000
13 1045 954 348 8 11 0 -11 8.000
13 1046 964 348 16 11 -1 -11 14.000
13 1047 982 348 9 11 0 -11 9.000
13 1048 993 348 12 11 0 -11 12.000
13 1049 594 272 12 14 0 -14 12.000
13 1050 1007 348 10 11 0 -11 9.000
13 1051 0 361 11 11 0 -11 11.000
13 1052 13 361 14 11 0 -11 14.000
13 1053 29 361 11 11 0 -11 11.000
13 1054 42 361 12 11 0 -11 12.000
13 1055 56 361 11 11 0 -11 11.000
13 1056 69 361 9 11 0 -11 9.000
13 1057 80 361 10 11 0 -11 10.000
13 1058 92 361 9 11 0 -11 8.000
13 1059 103 361 10 11 0 -11 9.000
13 1060 115 361 12 11 0 -11 12.000
13 1061 129 361 10 11 0 -11 9.000
13 1062 608 272 12 14 0 -11 12.000
13 1063 141 361 11 11 0 -11 11.000
13 1064 154 361 15 11 0 -11 15.000
13 1065 622 272 16 14 0 -11 16.000
13 1066 171 361 11 11 0 -11 11.000
13 1067 184 361 13 11 0 -11 13.000
13 1068 199 361 9 11 0 -11 9.000
13 1069 210 361 10 11 0 -11 10.000
13 1070 222 361 16 11 0 -11 16.000
13 1071 240 361 9 11 0 -11 9.000
13 1072 206 522 8 8 0 -8 8.000
13 1073 332 321 9 12 0 -12 9.000
13 1074 216 522 8 8 0 -8 8.000
13 1075 226 522 6 8 0 -8 6.000
13 1076 119 435 9 10 0 -8 9.000
13 1077 234 522 8 8 0 -8 8.000
13 1078 244 522 12 8 0 -8 12.000
13 1079 258 522 7 8 0 -8 7.000
13 1080 267 522 9 8 0 -8 9.000
13 1081 251 361 9 11 0 -11 9.000
13 1082 278 522 8 8 0 -8 8.000
13 1083 288 522 8 8 0 -8 8.000
13 1084 298 522 11 8 0 -8 11.000
13 1085 311 522 9 8 0 -8 9.000
13 1086 322 522 9 8 0 -8 9.000
13 1087 333 522 9 8 0 -8 9.000
13 1088 343 321 9 12 0 -8 9.000
13 1089 344 522 7 8 0 -8 7.000
13 1090 353 522 7 8 0 -8 7.000
13 1091 354 321 8 12 0 -8 8.000
13 1092 302 252 11 15 0 -11 11.000
13 1093 362 522 8 8 0 -8 7.000
13 1094 130 435 10 10 0 -8 10.000
13 1095 372 522 9 8 0 -8 9.000
13 1096 383 522 13 8 0 -8 13.000
13 1097 142 435 13 10 0 -8 13.000
13 1098 398 522 9 8 0 -8 9.000
13 1099 409 522 11 8 0 -8 11.000
13 1100 422 522 8 8 0 -8 8.000
13 1101 432 522 7 8 0 -8 7.000
13 1102 441 522 13 8 0 -8 13.000
13 1103 456 522 8 8 0 -8 8.000
13 1025 640 272 8 14 0 -14 8.000
13 1105 262 361 8 11 0 -11 8.000
13 183 637 577 3 6 0 -6 3.000
13 8212 490 585 16 5 0 -5 16.000
13 8211 508 585 8 5 0 -5 8.000
13 8594 466 522 14 8 0 -8 14.000
13 215 482 522 11 8 0 -8 11.000
13 176 272 361 6 11 0 -11 6.000
13 178 379 305 6 13 0 -13 6.000
13 179 387 305 6 13 0 -13 6.000
13 185 395 305 6 13 0 -13 6.000
13 8320 642 577 6 6 0 -4 6.000
13 956 364 321 9 12 0 -8 9.000
13 916 280 361 10 11 0 -11 10.000
13 171 297 560 8 7 0 -7 8.000
13 187 307 560 8 7 0 -7 8.000
13 8776 317 560 11 7 0 -7 11.000
13 177 157 435 11 10 0 -10 11.000
13 8722 518 585 11 5 0 -5 11.000
13 8230 611 592 12 2 0 -2 12.000
13 8470 292 361 18 11 0 -11 18.000
13 160 0 0 0 0 0 0 4.000
13 8239 0 0 0 0 0 0 2.400
14 32 0 0 0 0 0 0 4.000
14 33 312 361 5 11 0 -11 5.000
14 34 319 361 8 11 0 -11 8.000
14 35 329 361 10 11 0 -11 9.000
14 36 650 272 9 14 0 -12 9.000
14 37 341 361 14 11 0 -11 14.000
14 38 357 361 14 11 0 -11 14.000
14 39 373 361 5 11 0 -11 5.000
14 40 661 272 6 14 0 -11 6.000
14 41 669 272 6 14 0 -11 6.000
14 42 380 361 7 11 0 -11 7.000
14 43 495 522 11 8 0 -8 11.000
14 44 102 592 4 4 0 -2 4.000
14 45 531 585 6 5 0 -5 6.000
14 46 225 592 4 3 0 -3 4.000
14 47 403 305 9 13 -1 -11 7.000
14 48 389 361 9 11 0 -11 9.000
14 49 400 361 9 11 0 -11 9.000
14 50 411 361 9 11 0 -11 9.000
14 51 422 361 9 11 0 -11 9.000
14 52 433 361 9 11 0 -11 9.000
14 53 444 361 9 11 0 -11 9.000
14 54 455 361 9 11 0 -11 9.000
14 55 466 361 9 11 0 -11 9.000
14 56 477 361 9 11 0 -11 9.000
14 57 488 361 9 11 0 -11 9.000
14 58 508 522 4 8 0 -8 4.000
14 59 170 435 4 10 0 -8 4.000
14 60 514 522 11 8 0 -8 11.000
14 61 330 560 11 7 0 -7 11.000
14 62 527 522 11 8 0 -8 11.000
14 63 499 361 7 11 0 -11 7.000
14 64 375 321 15 12 0 -11 15.000
14 65 508 361 12 11 0 -11 11.000
14 66 522 361 10 11 0 -11 10.000
14 67 534 361 10 11 0 -11 10.000
14 68 546 361 12 11 0 -11 12.000
14 69 560 361 9 11 0 -11 9.000
14 70 571 361 8 11 0 -11 8.000
14 71 581 361 11 11 0 -11 11.000
14 72 594 361 12 11 0 -11 12.000
14 73 608 361 5 11 0 -11 5.000
14 74 615 361 7 11 0 -11 7.000
14 75 624 361 11 11 0 -11 10.000
14 76 637 361 8 11 0 -11 8.000
14 77 647 361 15 11 0 -11 15.000
14 78 664 361 13 11 0 -11 13.000
14 79 679 361 12 11 0 -11 12.000
14 80 693 361 10 11 0 -11 10.000
14 81 414 305 13 13 0 -11 12.000
14 82 705 361 11 11 0 -11 10.000
14 83 718 361 9 11 0 -11 9.000
14 84 729 361 10 11 0 -11 9.000
14 85 741 361 12 11 0 -11 12.000
14 86 755 361 11 11 0 -11 11.000
14 87 768 361 16 11 0 -11 16.000
14 88 786 361 11 11 0 -11 10.000
14 89 799 361 10 11 0 -11 10.000
14 90 811 361 10 11 0 -11 10.000
14 91 677 272 6 14 0 -11 6.000
14 92 429 305 8 13 0 -11 7.000
14 93 685 272 6 14 0 -11 6.000
14 94 823 361 11 11 0 -11 11.000
14 95 625 592 7 2 0 0 7.000
14 96 392 321 5 12 0 -12 5.000
14 97 540 522 9 8 0 -8 9.000
14 98 399 321 10 12 0 -12 10.000
14 99 551 522 8 8 0 -8 8.000
14 100 411 321 10 12 0 -12 10.000
14 101 561 522 9 8 0 -8 9.000
14 102 423 321 7 12 0 -12 6.000
14 103 432 321 10 12 0 -8 10.000
14 104 444 321 10 12 0 -12 10.000
14 105 456 321 5 12 0 -12 5.000
14 106 134 252 7 16 -2 -12 5.000
14 107 463 321 10 12 0 -12 9.000
14 108 475 321 5 12 0 -12 5.000
14 109 572 522 15 8 0 -8 15.000
14 110 589 522 10 8 0 -8 10.000
14 111 601 522 10 8 0 -8 10.000
14 112 482 321 10 12 0 -8 10.000
14 113 494 321 10 12 0 -8 10.000
14 114 613 522 7 8 0 -8 6.000
14 115 622 522 7 8 0 -8 7.000
14 116 176 435 6 10 0 -10 6.000
14 117 631 522 10 8 0 -8 10.000
14 118 643 522 9 8 0 -8 9.000
14 119 654 522 13 8 0 -8 13.000
14 120 669 522 9 8 0 -8 9.000
14 121 506 321 10 12 -1 -8 9.000
14 122 680 522 8 8 0 -8 8.000
14 123 693 272 6 14 0 -11 6.000
14 124 143 252 5 16 0 -12 5.000
14 125 701 272 6 14 0 -11 6.000
14 126 650 577 11 6 0 -6 11.000
14 1040 836 361 12 11 0 -11 11.000
14 1041 850 361 10 11 0 -11 10.000
14 1042 862 361 10 11 0 -11 10.000
14 1043 874 361 8 11 0 -11 8.000
14 1044 709 272 12 14 0 -11 12.000
14 1045 884 361 9 11 0 -11 9.000
14 1046 895 361 17 11 -1 -11 16.000
14 1047 914 361 9 11 0 -11 9.000
14 1048 925 361 13 11 0 -11 13.000
14 1049 723 272 13 14 0 -14 13.000
14 1050 940 361 11 11 0 -11 10.000
14 1051 953 361 12 11 0 -11 12.000
14 1052 967 361 15 11 0 -11 15.000
14 1053 984 361 12 11 0 -11 12.000
14 1054 998 361 12 11 0 -11 12.000
14 1055 0 374 12 11 0 -11 12.000
14 1056 14 374 10 11 0 -11 10.000
14 1057 26 374 10 11 0 -11 10.000
14 1058 38 374 10 11 0 -11 9.000
14 1059 50 374 10 11 0 -11 10.000
14 1060 62 374 13 11 0 -11 13.000
14 1061 77 374 11 11 0 -11 10.000
14 1062 738 272 13 14 0 -11 13.000
14 1063 90 374 12 11 0 -11 12.000
14 1064 104 374 16 11 0 -11 16.000
14 1065 753 272 17 14 0 -11 17.000
14 1066 122 374 12 11 0 -11 12.000
14 1067 136 374 14 11 0 -11 14.000
14 1068 152 374 10 11 0 -11 10.000
14 1069 164 374 10 11 0 -11 10.000
14 1070 176 374 17 11 0 -11 17.000
14 1071 195 374 10 11 0 -11 10.000
14 1072 690 522 9 8 0 -8 9.000
14 1073 518 321 10 12 0 -12 10.000
14 1074 701 522 9 8 0 -8 9.000
14 1075 712 522 7 8 0 -8 7.000
14 1076 207 374 10 11 0 -8 10.000
14 1077 721 522 9 8 0 -8 9.000
14 1078 732 522 14 8 0 -8 14.000
14 1079 748 522 8 8 0 -8 8.000
14 1080 758 522 10 8 0 -8 10.000
14 1081 219 374 10 11 0 -11 10.000
14 1082 770 522 10 8 0 -8 9.000
14 1083 782 522 10 8 0 -8 10.000
14 1084 794 522 12 8 0 -8 12.000
14 1085 808 522 10 8 0 -8 10.000
14 1086 820 522 10 8 0 -8 10.000
14 1087 832 522 10 8 0 -8 10.000
14 1088 530 321 10 12 0 -8 10.000
14 1089 844 522 8 8 0 -8 8.000
14 1090 854 522 8 8 0 -8 7.000
14 1091 542 321 10 12 -1 -8 9.000
14 1092 315 252 13 15 0 -11 13.000
14 1093 864 522 9 8 0 -8 9.000
14 1094 231 374 11 11 0 -8 10.000
14 1095 875 522 10 8 0 -8 10.000
14 1096 887 522 14 8 0 -8 14.000
14 1097 244 374 15 11 0 -8 14.000
14 1098 903 522 10 8 0 -8 10.000
14 1099 915 522 13 8 0 -8 13.000
14 1100 930 522 9 8 0 -8 9.000
14 1101 941 522 8 8 0 -8 8.000
14 1102 951 522 14 8 0 -8 14.000
14 1103 967 522 9 8 0 -8 9.000
14 1025 772 272 9 14 0 -14 9.000
14 1105 261 374 9 11 0 -11 9.000
14 183 663 577 4 6 0 -6 4.000
14 8212 539 585 16 5 0 -5 16.000
14 8211 557 585 8 5 0 -5 8.000
14 8594 978 522 14 8 0 -8 14.000
14 215 994 522 11 8 0 -8 11.000
14 176 272 374 6 11 0 -11 6.000
14 178 439 305 6 13 0 -13 6.000
14 179 447 305 6 13 0 -13 6.000
14 185 455 305 6 13 0 -13 6.000
14 8320 343 560 6 7 0 -5 6.000
14 956 280 374 10 11 0 -8 10.000
14 916 292 374 11 11 0 -11 11.000
14 171 351 560 9 7 0 -7 9.000
14 187 362 560 9 7 0 -7 9.000
14 8776 1007 522 11 8 0 -8 11.000
14 177 184 435 11 10 0 -10 11.000
14 8722 567 585 11 5 0 -5 11.000
14 8230 231 592 15 3 0 -3 15.000
14 8470 305 374 19 11 0 -11 19.000
14 160 0 0 0 0 0 0 4.000
14 8239 0 0 0 0 0 0 2.400
15 32 0 0 0 0 0 0 6.000
15 33 783 272 7 14 0 -14 7.000
15 34 792 272 10 14 0 -14 10.000
15 35 804 272 12 14 0 -14 12.000
15 36 910 229 12 18 0 -16 12.000
15 37 818 272 17 14 0 -14 17.000
15 38 837 272 17 14 0 -14 17.000
15 39 856 272 6 14 0 -14 6.000
15 40 35 252 8 17 0 -14 7.000
15 41 45 252 7 17 0 -14 7.000
15 42 864 272 9 14 0 -14 9.000
15 43 326 374 14 11 0 -11 14.000
15 44 580 585 5 5 0 -3 5.000
15 45 669 577 8 6 0 -6 8.000
15 46 248 592 5 3 0 -3 5.000
15 47 150 252 11 16 -1 -14 9.000
15 48 875 272 12 14 0 -14 12.000
15 49 889 272 12 14 0 -14 12.000
15 50 903 272 12 14 0 -14 12.000
15 51 917 272 12 14 0 -14 12.000
15 52 931 272 12 14 0 -14 12.000
15 53 945 272 12 14 0 -14 12.000
15 54 959 272 12 14 0 -14 12.000
15 55 973 272 12 14 0 -14 12.000
15 56 987 272 12 14 0 -14 12.000
15 57 1001 272 12 14 0 -14 12.000
15 58 197 435 5 10 0 -10 5.000
15 59 463 305 5 13 0 -10 5.000
15 60 342 374 14 11 0 -11 14.000
15 61 374 491 14 9 0 -9 14.000
15 62 358 374 14 11 0 -11 14.000
15 63 0 289 9 14 0 -14 9.000
15 64 163 252 19 16 0 -14 19.000
15 65 11 289 14 14 0 -14 14.000
15 66 27 289 13 14 0 -14 13.000
15 67 42 289 12 14 0 -14 12.000
15 68 56 289 15 14 0 -14 15.000
15 69 73 289 11 14 0 -14 11.000
15 70 86 289 10 14 0 -14 10.000
15 71 98 289 14 14 0 -14 14.000
15 72 114 289 15 14 0 -14 15.000
15 73 131 289 6 14 0 -14 6.000
15 74 139 289 9 14 0 -14 9.000
15 75 150 289 14 14 0 -14 13.000
15 76 166 289 10 14 0 -14 10.000
15 77 178 289 19 14 0 -14 19.000
15 78 199 289 16 14 0 -14 16.000
15 79 217 289 15 14 0 -14 15.000
15 80 234 289 12 14 0 -14 12.000
15 81 184 252 16 16 0 -14 15.000
15 82 248 289 14 14 0 -14 13.000
15 83 264 289 11 14 0 -14 11.000
15 84 277 289 12 14 0 -14 12.000
15 85 291 289 14 14 0 -14 14.000
15 86 307 289 14 14 0 -14 13.000
15 87 323 289 20 14 0 -14 20.000
15 88 345 289 14 14 0 -14 13.000
15 89 361 289 13 14 0 -14 12.000
15 90 376 289 12 14 0 -14 12.000
15 91 54 252 7 17 0 -14 7.000
15 92 202 252 10 16 0 -14 9.000
15 93 63 252 7 17 0 -14 7.000
15 94 390 289 14 14 0 -14 14.000
15 95 255 592 9 3 0 0 8.000
15 96 330 252 6 15 0 -15 6.000
15 97 204 435 11 10 0 -10 11.000
15 98 338 252 12 15 0 -15 12.000
15 99 217 435 10 10 0 -10 10.000
15 100 352 252 12 15 0 -15 12.000
15 101 229 435 11 10 0 -10 11.000
15 102 366 252 8 15 0 -15 8.000
15 103 376 252 12 15 0 -10 12.000
15 104 390 252 12 15 0 -15 12.000
15 105 404 252 6 15 0 -15 6.000
15 106 638 229 8 20 -2 -15 6.000
15 107 412 252 12 15 0 -15 11.000
15 108 426 252 6 15 0 -15 6.000
15 109 242 435 18 10 0 -10 18.000
15 110 262 435 12 10 0 -10 12.000
15 111 276 435 12 10 0 -10 12.000
15 112 434 252 12 15 0 -10 12.000
15 113 448 252 12 15 0 -10 12.000
15 114 290 435 8 10 0 -10 8.000
15 115 300 435 9 10 0 -10 9.000
15 116 470 305 8 13 0 -13 8.000
15 117 311 435 12 10 0 -10 12.000
15 118 325 435 11 10 0 -10 11.000
15 119 338 435 16 10 0 -10 16.000
15 120 356 435 11 10 0 -10 11.000
15 121 462 252 12 15 -1 -10 11.000
15 122 369 435 10 10 0 -10 10.000
15 123 72 252 7 17 0 -14 7.000
15 124 648 229 7 20 0 -15 7.000
15 125 81 252 7 17 0 -14 7.000
15 126 373 560 14 7 0 -7 14.000
15 1040 406 289 14 14 0 -14 14.000
15 1041 422 289 13 14 0 -14 13.000
15 1042 437 289 13 14 0 -14 13.000
15 1043 452 289 10 14 0 -14 10.000
15 1044 924 229 16 18 0 -14 16.000
15 1045 464 289 11 14 0 -14 11.000
15 1046 477 289 21 14 -1 -14 20.000
15 1047 500 289 11 14 0 -14 11.000
15 1048 513 289 16 14 0 -14 16.000
15 1049 822 229 16 19 0 -19 16.000
15 1050 531 289 14 14 0 -14 13.000
15 1051 547 289 15 14 0 -14 15.000
15 1052 564 289 19 14 0 -14 19.000
15 1053 585 289 15 14 0 -14 15.000
15 1054 602 289 15 14 0 -14 15.000
15 1055 619 289 15 14 0 -14 15.000
15 1056 636 289 12 14 0 -14 12.000
15 1057 650 289 12 14 0 -14 12.000
15 1058 664 289 12 14 0 -14 12.000
15 1059 678 289 13 14 0 -14 12.000
15 1060 693 289 17 14 0 -14 17.000
15 1061 712 289 14 14 0 -14 13.000
15 1062 942 229 16 18 0 -14 16.000
15 1063 728 289 15 14 0 -14 15.000
15 1064 745 289 20 14 0 -14 20.000
15 1065 960 229 21 18 0 -14 21.000
15 1066 767 289 15 14 0 -14 15.000
15 1067 784 289 18 14 0 -14 18.000
15 1068 804 289 12 14 0 -14 12.000
15 1069 818 289 12 14 0 -14 12.000
15 1070 832 289 21 14 0 -14 21.000
15 1071 855 289 13 14 0 -14 13.000
15 1072 381 435 11 10 0 -10 11.000
15 1073 476 252 12 15 0 -15 12.000
15 1074 394 435 12 10 0 -10 12.000
15 1075 408 435 8 10 0 -10 8.000
15 1076 870 289 12 14 0 -10 12.000
15 1077 418 435 11 10 0 -10 11.000
15 1078 431 435 17 10 0 -10 17.000
15 1079 450 435 10 10 0 -10 10.000
15 1080 462 435 13 10 0 -10 13.000
15 1081 490 252 13 15 0 -15 13.000
15 1082 477 435 12 10 0 -10 11.000
15 1083 491 435 12 10 0 -10 12.000
15 1084 505 435 16 10 0 -10 16.000
15 1085 523 435 12 10 0 -10 12.000
15 1086 537 435 12 10 0 -10 12.000
15 1087 551 435 12 10 0 -10 12.000
15 1088 505 252 12 15 0 -10 12.000
15 1089 565 435 10 10 0 -10 10.000
15 1090 577 435 9 10 0 -10 9.000
15 1091 519 252 12 15 -1 -10 11.000
15 1092 840 229 16 19 0 -14 16.000
15 1093 588 435 11 10 0 -10 11.000
15 1094 884 289 13 14 0 -10 13.000
15 1095 601 435 12 10 0 -10 12.000
15 1096 615 435 17 10 0 -10 17.000
15 1097 899 289 18 14 0 -10 18.000
15 1098 634 435 13 10 0 -10 13.000
15 1099 649 435 16 10 0 -10 16.000
15 1100 667 435 11 10 0 -10 11.000
15 1101 680 435 10 10 0 -10 10.000
15 1102 692 435 18 10 0 -10 18.000
15 1103 712 435 11 10 0 -10 11.000
15 1025 983 229 11 18 0 -18 11.000
15 1105 919 289 11 14 0 -14 11.000
15 183 0 532 5 8 0 -8 5.000
15 8212 679 577 20 6 0 -6 20.000
15 8211 701 577 10 6 0 -6 10.000
15 8594 390 491 17 9 0 -9 17.000
15 215 725 435 14 10 0 -10 14.000
15 176 932 289 8 14 0 -14 8.000
15 178 90 252 8 17 0 -17 8.000
15 179 100 252 8 17 0 -17 8.000
15 185 110 252 8 17 0 -17 8.000
15 8320 7 532 8 8 0 -6 8.000
15 956 942 289 13 14 0 -10 13.000
15 916 957 289 14 14 0 -14 14.000
15 171 409 491 12 9 0 -9 12.000
15 187 423 491 12 9 0 -9 12.000
15 8776 741 435 14 10 0 -10 14.000
15 177 480 305 14 13 0 -13 14.000
15 8722 389 560 14 7 0 -7 14.000
15 8230 266 592 18 3 0 -3 18.000
15 8470 973 289 24 14 0 -14 24.000
15 160 0 0 0 0 0 0 6.000
15 8239 0 0 0 0 0 0 3.600
16 32 0 0 0 0 0 0 8.000
16 33 937 181 10 21 0 -21 10.000
16 34 949 181 15 21 0 -21 15.000
16 35 966 181 18 21 0 -21 18.000
16 36 934 118 17 27 0 -24 17.000
16 37 986 181 26 21 0 -21 26.000
16 38 0 206 25 21 0 -21 25.000
16 39 27 206 9 21 0 -21 9.000
16 40 34 152 11 26 0 -21 11.000
16 41 47 152 11 26 0 -21 11.000
16 42 38 206 14 21 0 -21 14.000
16 43 214 252 21 16 0 -16 21.000
16 44 405 560 8 7 0 -3 8.000
16 45 757 435 12 10 0 -10 12.000
16 46 587 585 8 5 0 -5 8.000
16 47 130 152 15 25 -1 -21 13.000
16 48 54 206 17 21 0 -21 17.000
16 49 73 206 17 21 0 -21 17.000
16 50 92 206 17 21 0 -21 17.000
16 51 111 206 17 21 0 -21 17.000
16 52 130 206 17 21 0 -21 17.000
16 53 149 206 17 21 0 -21 17.000
16 54 168 206 17 21 0 -21 17.000
16 55 187 206 17 21 0 -21 17.000
16 56 206 206 17 21 0 -21 17.000
16 57 225 206 17 21 0 -21 17.000
16 58 533 252 8 15 0 -15 8.000
16 59 858 229 8 19 0 -15 8.000
16 60 543 252 21 15 0 -15 21.000
16 61 496 305 21 13 0 -13 21.000
16 62 566 252 21 15 0 -15 21.000
16 63 244 206 13 21 0 -21 13.000
16 64 276 152 29 24 0 -21 29.000
16 65 259 206 21 21 0 -21 21.000
16 66 282 206 19 21 0 -21 19.000
16 67 303 206 19 21 0 -21 19.000
16 68 324 206 22 21 0 -21 22.000
16 69 348 206 16 21 0 -21 16.000
16 70 366 206 16 21 0 -21 16.000
16 71 384 206 21 21 0 -21 21.000
16 72 407 206 23 21 0 -21 23.000
16 73 432 206 10 21 0 -21 10.000
16 74 444 206 13 21 0 -21 13.000
16 75 459 206 20 21 0 -21 19.000
16 76 481 206 15 21 0 -21 15.000
16 77 498 206 29 21 0 -21 29.000
16 78 529 206 24 21 0 -21 24.000
16 79 555 206 23 21 0 -21 23.000
16 80 580 206 18 21 0 -21 18.000
16 81 307 152 24 24 0 -21 23.000
16 82 600 206 21 21 0 -21 20.000
16 83 623 206 17 21 0 -21 17.000
16 84 642 206 18 21 0 -21 18.000
16 85 662 206 22 21 0 -21 22.000
16 86 686 206 20 21 0 -21 20.000
16 87 708 206 30 21 0 -21 30.000
16 88 740 206 20 21 0 -21 20.000
16 89 762 206 19 21 0 -21 18.000
16 90 783 206 18 21 0 -21 18.000
16 91 60 152 11 26 0 -21 11.000
16 92 147 152 15 25 0 -21 13.000
16 93 73 152 11 26 0 -21 11.000
16 94 803 206 21 21 0 -21 21.000
16 95 597 585 13 5 0 0 12.000
16 96 403 152 9 23 0 -23 9.000
16 97 589 252 16 15 0 -15 16.000
16 98 414 152 19 23 0 -23 19.000
16 99 607 252 14 15 0 -15 14.000
16 100 435 152 19 23 0 -23 19.000
16 101 623 252 16 15 0 -15 16.000
16 102 456 152 12 23 0 -23 12.000
16 103 771 181 19 22 0 -15 19.000
16 104 470 152 18 23 0 -23 18.000
16 105 490 152 9 23 0 -23 9.000
16 106 784 118 11 30 -2 -23 9.000
16 107 501 152 17 23 0 -23 17.000
16 108 520 152 9 23 0 -23 9.000
16 109 641 252 27 15 0 -15 27.000
16 110 670 252 18 15 0 -15 18.000
16 111 690 252 18 15 0 -15 18.000
16 112 792 181 19 22 0 -15 19.000
16 113 813 181 19 22 0 -15 19.000
16 114 710 252 12 15 0 -15 12.000
16 115 724 252 13 15 0 -15 13.000
16 116 657 229 12 20 0 -20 12.000
16 117 739 252 18 15 0 -15 18.000
16 118 759 252 17 15 0 -15 16.000
16 119 778 252 24 15 0 -15 24.000
16 120 804 252 17 15 0 -15 17.000
16 121 834 181 18 22 -1 -15 16.000
16 122 823 252 14 15 0 -15 14.000
16 123 86 152 11 26 0 -21 11.000
16 124 797 118 10 30 0 -23 10.000
16 125 99 152 11 26 0 -21 11.000
16 126 374 374 21 11 0 -11 21.000
16 1040 826 206 21 21 0 -21 21.000
16 1041 849 206 19 21 0 -21 19.000
16 1042 870 206 19 21 0 -21 19.000
16 1043 891 206 15 21 0 -21 15.000
16 1044 953 118 23 27 0 -21 23.000
16 1045 908 206 16 21 0 -21 16.000
16 1046 926 206 31 21 -1 -21 30.000
16 1047 959 206 17 21 0 -21 17.000
16 1048 978 206 24 21 0 -21 24.000
16 1049 865 118 24 29 0 -29 24.000
16 1050 0 229 20 21 0 -21 19.000
16 1051 22 229 22 21 0 -21 22.000
16 1052 46 229 29 21 0 -21 29.000
16 1053 77 229 23 21 0 -21 23.000
16 1054 102 229 23 21 0 -21 23.000
16 1055 127 229 23 21 0 -21 23.000
16 1056 152 229 18 21 0 -21 18.000
16 1057 172 229 19 21 0 -21 19.000
16 1058 193 229 18 21 0 -21 18.000
16 1059 213 229 19 21 0 -21 18.000
16 1060 234 229 25 21 0 -21 25.000
16 1061 261 229 20 21 0 -21 20.000
16 1062 978 118 25 27 0 -21 25.000
16 1063 283 229 22 21 0 -21 22.000
16 1064 307 229 30 21 0 -21 30.000
16 1065 0 152 32 27 0 -21 32.000
16 1066 339 229 23 21 0 -21 23.000
16 1067 364 229 27 21 0 -21 27.000
16 1068 393 229 19 21 0 -21 19.000
16 1069 414 229 19 21 0 -21 19.000
16 1070 435 229 32 21 0 -21 32.000
16 1071 469 229 19 21 0 -21 19.000
16 1072 839 252 16 15 0 -15 16.000
16 1073 531 152 18 23 0 -23 18.000
16 1074 857 252 17 15 0 -15 17.000
16 1075 876 252 12 15 0 -15 12.000
16 1076 671 229 19 20 0 -15 19.000
16 1077 890 252 16 15 0 -15 16.000
16 1078 908 252 26 15 0 -15 25.000
16 1079 936 252 14 15 0 -15 14.000
16 1080 952 252 19 15 0 -15 19.000
16 1081 551 152 19 23 0 -23 19.000
16 1082 973 252 17 15 0 -15 17.000
16 1083 992 252 18 15 0 -15 18.000
16 1084 0 272 23 15 0 -15 23.000
16 1085 25 272 18 15 0 -15 18.000
16 1086 45 272 18 15 0 -15 18.000
16 1087 65 272 18 15 0 -15 18.000
16 1088 854 181 19 22 0 -15 19.000
16 1089 85 272 14 15 0 -15 14.000
16 1090 101 272 14 15 0 -15 14.000
16 1091 875 181 18 22 -1 -15 16.000
16 1092 891 118 24 28 0 -21 24.000
16 1093 117 272 17 15 0 -15 17.000
16 1094 692 229 20 20 0 -15 20.000
16 1095 136 272 18 15 0 -15 18.000
16 1096 156 272 26 15 0 -15 26.000
16 1097 714 229 27 20 0 -15 27.000
16 1098 184 272 19 15 0 -15 19.000
16 1099 205 272 24 15 0 -15 24.000
16 1100 231 272 17 15 0 -15 17.000
16 1101 250 272 14 15 0 -15 14.000
16 1102 266 272 27 15 0 -15 27.000
16 1103 295 272 17 15 0 -15 17.000
16 1025 112 152 16 26 0 -26 16.000
16 1105 490 229 16 21 0 -21 16.000
16 183 554 321 8 12 0 -12 8.000
16 8212 771 435 30 10 0 -10 30.000
16 8211 803 435 15 10 0 -10 15.000
16 8594 0 305 26 14 0 -14 26.000
16 215 237 252 21 16 0 -16 21.000
16 176 508 229 11 21 0 -21 11.000
16 178 164 152 12 25 0 -25 12.000
16 179 178 152 12 25 0 -25 12.000
16 185 192 152 12 25 0 -25 12.000
16 8320 519 305 12 13 0 -9 12.000
16 956 521 229 19 21 0 -15 19.000
16 916 542 229 21 21 0 -21 21.000
16 171 533 305 17 13 0 -13 17.000
16 187 552 305 17 13 0 -13 17.000
16 8776 28 305 21 14 0 -14 21.000
16 177 868 229 21 19 0 -19 21.000
16 8722 820 435 21 10 0 -10 21.000
16 8230 612 585 27 5 0 -5 27.000
16 8470 565 229 36 21 0 -21 36.000
16 160 0 0 0 0 0 0 8.000
16 8239 0 0 0 0 0 0 4.800
17 32 0 0 0 0 0 0 13.000
17 33 145 48 17 32 0 -32 17.000
17 34 164 48 27 32 0 -32 27.000
17 35 193 48 28 32 0 -32 28.000
17 36 147 0 28 41 0 -36 28.000
17 37 223 48 41 32 0 -32 41.000
17 38 266 48 35 32 0 -32 34.000
17 39 303 48 16 32 0 -32 16.000
17 40 311 0 20 39 0 -32 19.000
17 41 333 0 19 39 0 -32 19.000
17 42 321 48 22 32 0 -32 22.000
17 43 333 152 33 24 0 -24 33.000
17 44 397 374 15 11 0 -6 15.000
17 45 314 272 19 15 0 -15 19.000
17 46 437 491 15 9 0 -9 15.000
17 47 438 0 25 38 -2 -32 22.000
17 48 345 48 28 32 0 -32 28.000
17 49 375 48 22 32 0 -32 22.000
17 50 399 48 28 32 0 -32 28.000
17 51 429 48 28 32 0 -32 28.000
17 52 459 48 29 32 0 -32 29.000
17 53 490 48 28 32 0 -32 28.000
17 54 520 48 28 32 0 -32 28.000
17 55 550 48 28 32 0 -32 28.000
17 56 580 48 28 32 0 -32 28.000
17 57 610 48 28 32 0 -32 28.000
17 58 572 152 15 23 0 -23 15.000
17 59 917 118 15 28 0 -23 15.000
17 60 368 152 33 24 0 -24 33.000
17 61 603 229 33 21 0 -21 33.000
17 62 206 152 33 25 0 -25 33.000
17 63 640 48 21 32 0 -32 19.000
17 64 492 0 44 37 0 -32 44.000
17 65 663 48 35 32 0 -32 35.000
17 66 700 48 32 32 0 -32 32.000
17 67 734 48 29 32 0 -32 29.000
17 68 765 48 35 32 0 -32 35.000
17 69 802 48 25 32 0 -32 25.000
17 70 829 48 25 32 0 -32 25.000
17 71 856 48 33 32 0 -32 33.000
17 72 891 48 37 32 0 -32 37.000
17 73 930 48 16 32 0 -32 16.000
17 74 948 48 24 32 0 -32 24.000
17 75 974 48 33 32 0 -32 32.000
17 76 0 84 25 32 0 -32 25.000
17 77 27 84 45 32 0 -32 45.000
17 78 74 84 37 32 0 -32 37.000
17 79 113 84 35 32 0 -32 35.000
17 80 150 84 30 32 0 -32 30.000
17 81 538 0 38 36 0 -32 35.000
17 82 182 84 31 32 0 -32 31.000
17 83 215 84 26 32 0 -32 26.000
17 84 243 84 29 32 0 -32 29.000
17 85 274 84 34 32 0 -32 34.000
17 86 310 84 33 32 0 -32 32.000
17 87 345 84 48 32 0 -32 48.000
17 88 395 84 33 32 0 -32 32.000
17 89 430 84 30 32 0 -32 30.000
17 90 462 84 29 32 0 -32 29.000
17 91 354 0 19 39 0 -32 19.000
17 92 465 0 25 38 0 -32 22.000
17 93 375 0 19 39 0 -32 19.000
17 94 90 48 33 33 0 -33 33.000
17 95 415 560 20 7 0 0 19.000
17 96 578 0 16 35 0 -35 16.000
17 97 589 152 26 23 0 -23 26.000
17 98 596 0 30 34 0 -34 30.000
17 99 617 152 23 23 0 -23 23.000
17 100 628 0 30 34 0 -34 30.000
17 101 642 152 26 23 0 -23 26.000
17 102 660 0 21 34 0 -34 20.000
17 103 683 0 30 34 0 -23 30.000
17 104 715 0 28 34 0 -34 28.000
17 105 745 0 14 34 0 -34 14.000
17 106 20 0 17 45 -3 -34 14.000
17 107 761 0 28 34 0 -34 27.000
17 108 791 0 14 34 0 -34 14.000
17 109 670 152 44 23 0 -23 44.000
17 110 716 152 29 23 0 -23 29.000
17 111 747 152 29 23 0 -23 29.000
17 112 807 0 30 34 0 -23 30.000
17 113 839 0 30 34 0 -23 30.000
17 114 778 152 20 23 0 -23 20.000
17 115 800 152 22 23 0 -23 22.000
17 116 809 118 19 30 0 -30 19.000
17 117 824 152 29 23 0 -23 29.000
17 118 855 152 28 23 0 -23 27.000
17 119 885 152 39 23 0 -23 39.000
17 120 926 152 30 23 -1 -23 29.000
17 121 871 0 28 34 -1 -23 26.000
17 122 958 152 23 23 0 -23 23.000
17 123 396 0 19 39 0 -32 19.000
17 124 0 0 18 46 0 -35 18.000
17 125 417 0 19 39 0 -32 19.000
17 126 0 252 33 18 0 -18 33.000
17 1040 493 84 35 32 0 -32 35.000
17 1041 530 84 32 32 0 -32 32.000
17 1042 564 84 32 32 0 -32 32.000
17 1043 598 84 25 32 0 -32 25.000
17 1044 177 0 37 41 0 -32 37.000
17 1045 625 84 25 32 0 -32 25.000
17 1046 652 84 50 32 -2 -32 46.000
17 1047 704 84 26 32 0 -32 26.000
17 1048 732 84 37 32 0 -32 37.000
17 1049 81 0 37 43 0 -43 37.000
17 1050 771 84 33 32 0 -32 32.000
17 1051 806 84 35 32 0 -32 35.000
17 1052 843 84 45 32 0 -32 45.000
17 1053 890 84 37 32 0 -32 37.000
17 1054 929 84 35 32 0 -32 35.000
17 1055 966 84 37 32 0 -32 37.000
17 1056 0 118 30 32 0 -32 30.000
17 1057 32 118 29 32 0 -32 29.000
17 1058 63 118 29 32 0 -32 29.000
17 1059 94 118 30 32 0 -32 30.000
17 1060 901 0 43 34 0 -33 43.000
17 1061 126 118 33 32 0 -32 32.000
17 1062 269 0 40 40 0 -32 40.000
17 1063 161 118 35 32 0 -32 35.000
17 1064 198 118 48 32 0 -32 48.000
17 1065 216 0 51 41 0 -32 51.000
17 1066 248 118 37 32 0 -32 37.000
17 1067 287 118 45 32 0 -32 45.000
17 1068 334 118 30 32 0 -32 30.000
17 1069 366 118 29 32 0 -32 29.000
17 1070 397 118 50 32 0 -32 50.000
17 1071 449 118 32 32 0 -32 32.000
17 1072 983 152 26 23 0 -23 26.000
17 1073 946 0 29 34 0 -34 29.000
17 1074 0 181 28 23 0 -23 28.000
17 1075 30 181 19 23 0 -23 19.000
17 1076 672 118 31 31 0 -23 31.000
17 1077 51 181 26 23 0 -23 26.000
17 1078 79 181 41 23 -1 -23 39.000
17 1079 122 181 24 23 0 -23 24.000
17 1080 148 181 30 23 0 -23 30.000
17 1081 977 0 30 34 0 -34 30.000
17 1082 180 181 28 23 0 -23 27.000
17 1083 210 181 30 23 0 -23 30.000
17 1084 242 181 38 23 0 -23 38.000
17 1085 282 181 29 23 0 -23 29.000
17 1086 313 181 29 23 0 -23 29.000
17 1087 344 181 29 23 0 -23 29.000
17 1088 0 48 30 34 0 -23 30.000
17 1089 375 181 23 23 0 -23 23.000
17 1090 400 181 22 23 0 -23 22.000
17 1091 32 48 28 34 -1 -23 26.000
17 1092 39 0 40 44 0 -33 40.000
17 1093 424 181 30 23 -1 -23 29.000
17 1094 705 118 31 31 0 -23 31.000
17 1095 456 181 28 23 0 -23 28.000
17 1096 486 181 41 23 0 -23 41.000
17 1097 738 118 44 31 0 -23 44.000
17 1098 529 181 32 23 0 -23 32.000
17 1099 563 181 41 23 0 -23 41.000
17 1100 606 181 27 23 0 -23 27.000
17 1101 635 181 23 23 0 -23 23.000
17 1102 660 181 43 23 0 -23 43.000
17 1103 705 181 29 23 0 -23 29.000
17 1025 120 0 25 43 0 -43 25.000
17 1105 62 48 26 34 0 -34 26.000
17 183 743 229 15 20 0 -20 15.000
17 8212 335 272 46 15 0 -15 46.000
17 8211 383 272 23 15 0 -15 23.000
17 8594 895 181 40 22 0 -22 40.000
17 215 241 152 33 25 0 -25 33.000
17 176 125 48 18 33 0 -33 18.000
17 178 483 118 17 32 0 -32 17.000
17 179 502 118 17 32 0 -32 17.000
17 185 521 118 17 32 0 -32 17.000
17 8320 891 229 17 19 0 -19 17.000
17 956 540 118 31 32 0 -23 30.000
17 916 573 118 36 32 0 -32 36.000
17 171 760 229 29 20 0 -20 29.000
17 187 791 229 29 20 0 -20 29.000
17 8776 736 181 33 23 0 -23 33.000
17 177 830 118 33 30 0 -30 33.000
17 8722 260 252 33 16 0 -16 33.000
17 8230 454 491 48 9 0 -9 48.000
17 8470 611 118 59 32 0 -32 59.000
17 160 0 0 0 0 0 0 13.000
17 8239 0 0 0 0 0 0 7.800
