# OrbiterCrew helmet display glyphs (Jura, SIL OFL 1.1): size colour codepoint x y w h ox oy advance, in atlas px at 2 px per display unit
ATLAS 2048 2048 2
0 0 32 0 0 0 0 0 0 6.00
0 1 32 0 0 0 0 0 0 6.00
0 2 32 0 0 0 0 0 0 6.00
0 3 32 0 0 0 0 0 0 6.00
0 4 32 0 0 0 0 0 0 6.00
0 5 32 0 0 0 0 0 0 6.00
0 6 32 0 0 0 0 0 0 6.00
0 0 33 875 955 13 23 -4 -18 5.00
0 1 33 889 955 13 23 -4 -18 5.00
0 2 33 903 955 13 23 -4 -18 5.00
0 3 33 917 955 13 23 -4 -18 5.00
0 4 33 931 955 13 23 -4 -18 5.00
0 5 33 945 955 13 23 -4 -18 5.00
0 6 33 959 955 13 23 -4 -18 5.00
0 0 34 364 1357 15 15 -4 -19 7.00
0 1 34 380 1357 15 15 -4 -19 7.00
0 2 34 396 1357 15 15 -4 -19 7.00
0 3 34 412 1357 15 15 -4 -19 7.00
0 4 34 428 1357 15 15 -4 -19 7.00
0 5 34 444 1357 15 15 -4 -19 7.00
0 6 34 460 1357 15 15 -4 -19 7.00
0 0 35 1219 1076 19 22 -4 -17 12.00
0 1 35 1239 1076 19 22 -4 -17 12.00
0 2 35 1259 1076 19 22 -4 -17 12.00
0 3 35 1279 1076 19 22 -4 -17 12.00
0 4 35 1299 1076 19 22 -4 -17 12.00
0 5 35 1319 1076 19 22 -4 -17 12.00
0 6 35 1339 1076 19 22 -4 -17 12.00
0 0 36 887 829 20 24 -4 -18 13.00
0 1 36 908 829 20 24 -4 -18 13.00
0 2 36 929 829 20 24 -4 -18 13.00
0 3 36 950 829 20 24 -4 -18 13.00
0 4 36 971 829 20 24 -4 -18 13.00
0 5 36 992 829 20 24 -4 -18 13.00
0 6 36 1013 829 20 24 -4 -18 13.00
0 0 37 973 955 24 23 -4 -18 16.00
0 1 37 998 955 24 23 -4 -18 16.00
0 2 37 1023 955 24 23 -4 -18 16.00
0 3 37 1048 955 24 23 -4 -18 16.00
0 4 37 1073 955 24 23 -4 -18 16.00
0 5 37 1098 955 24 23 -4 -18 16.00
0 6 37 1123 955 24 23 -4 -18 16.00
0 0 38 1034 829 20 24 -4 -18 12.00
0 1 38 1055 829 20 24 -4 -18 12.00
0 2 38 1076 829 20 24 -4 -18 12.00
0 3 38 1097 829 20 24 -4 -18 12.00
0 4 38 1118 829 20 24 -4 -18 12.00
0 5 38 1139 829 20 24 -4 -18 12.00
0 6 38 1160 829 20 24 -4 -18 12.00
0 0 39 1372 1357 12 14 -4 -18 4.00
0 1 39 1385 1357 12 14 -4 -18 4.00
0 2 39 1398 1357 12 14 -4 -18 4.00
0 3 39 1411 1357 12 14 -4 -18 4.00
0 4 39 1424 1357 12 14 -4 -18 4.00
0 5 39 1437 1357 12 14 -4 -18 4.00
0 6 39 1450 1357 12 14 -4 -18 4.00
0 0 40 1467 589 15 26 -5 -18 5.00
0 1 40 1483 589 15 26 -5 -18 5.00
0 2 40 1499 589 15 26 -5 -18 5.00
0 3 40 1515 589 15 26 -5 -18 5.00
0 4 40 1531 589 15 26 -5 -18 5.00
0 5 40 1547 589 15 26 -5 -18 5.00
0 6 40 1563 589 15 26 -5 -18 5.00
0 0 41 1579 589 14 26 -4 -18 5.00
0 1 41 1594 589 14 26 -4 -18 5.00
0 2 41 1609 589 14 26 -4 -18 5.00
0 3 41 1624 589 14 26 -4 -18 5.00
0 4 41 1639 589 14 26 -4 -18 5.00
0 5 41 1654 589 14 26 -4 -18 5.00
0 6 41 1669 589 14 26 -4 -18 5.00
0 0 42 476 1357 15 15 -4 -17 8.00
0 1 42 492 1357 15 15 -4 -17 8.00
0 2 42 508 1357 15 15 -4 -17 8.00
0 3 42 524 1357 15 15 -4 -17 8.00
0 4 42 540 1357 15 15 -4 -17 8.00
0 5 42 556 1357 15 15 -4 -17 8.00
0 6 42 572 1357 15 15 -4 -17 8.00
0 0 43 1701 1320 17 17 -3 -15 11.00
0 1 43 1719 1320 17 17 -3 -15 11.00
0 2 43 1737 1320 17 17 -3 -15 11.00
0 3 43 1755 1320 17 17 -3 -15 11.00
0 4 43 1773 1320 17 17 -3 -15 11.00
0 5 43 1791 1320 17 17 -3 -15 11.00
0 6 43 1809 1320 17 17 -3 -15 11.00
0 0 44 1463 1357 12 14 -4 -7 5.00
0 1 44 1476 1357 12 14 -4 -7 5.00
0 2 44 1489 1357 12 14 -4 -7 5.00
0 3 44 1502 1357 12 14 -4 -7 5.00
0 4 44 1515 1357 12 14 -4 -7 5.00
0 5 44 1528 1357 12 14 -4 -7 5.00
0 6 44 1541 1357 12 14 -4 -7 5.00
0 0 45 560 1389 15 12 -3 -11 10.00
0 1 45 576 1389 15 12 -3 -11 10.00
0 2 45 592 1389 15 12 -3 -11 10.00
0 3 45 608 1389 15 12 -3 -11 10.00
0 4 45 624 1389 15 12 -3 -11 10.00
0 5 45 640 1389 15 12 -3 -11 10.00
0 6 45 656 1389 15 12 -3 -11 10.00
0 0 46 672 1389 11 12 -3 -7 5.00
0 1 46 684 1389 11 12 -3 -7 5.00
0 2 46 696 1389 11 12 -3 -7 5.00
0 3 46 708 1389 11 12 -3 -7 5.00
0 4 46 720 1389 11 12 -3 -7 5.00
0 5 46 732 1389 11 12 -3 -7 5.00
0 6 46 744 1389 11 12 -3 -7 5.00
0 0 47 1007 698 15 25 -4 -18 6.00
0 1 47 1023 698 15 25 -4 -18 6.00
0 2 47 1039 698 15 25 -4 -18 6.00
0 3 47 1055 698 15 25 -4 -18 6.00
0 4 47 1071 698 15 25 -4 -18 6.00
0 5 47 1087 698 15 25 -4 -18 6.00
0 6 47 1103 698 15 25 -4 -18 6.00
0 0 48 1148 955 21 23 -4 -18 13.00
0 1 48 1170 955 21 23 -4 -18 13.00
0 2 48 1192 955 21 23 -4 -18 13.00
0 3 48 1214 955 21 23 -4 -18 13.00
0 4 48 1236 955 21 23 -4 -18 13.00
0 5 48 1258 955 21 23 -4 -18 13.00
0 6 48 1280 955 21 23 -4 -18 13.00
0 0 49 683 1169 14 21 -3 -17 7.00
0 1 49 698 1169 14 21 -3 -17 7.00
0 2 49 713 1169 14 21 -3 -17 7.00
0 3 49 728 1169 14 21 -3 -17 7.00
0 4 49 743 1169 14 21 -3 -17 7.00
0 5 49 758 1169 14 21 -3 -17 7.00
0 6 49 773 1169 14 21 -3 -17 7.00
0 0 50 1181 829 19 24 -4 -18 11.00
0 1 50 1201 829 19 24 -4 -18 11.00
0 2 50 1221 829 19 24 -4 -18 11.00
0 3 50 1241 829 19 24 -4 -18 11.00
0 4 50 1261 829 19 24 -4 -18 11.00
0 5 50 1281 829 19 24 -4 -18 11.00
0 6 50 1301 829 19 24 -4 -18 11.00
0 0 51 1302 955 19 23 -3 -18 12.00
0 1 51 1322 955 19 23 -3 -18 12.00
0 2 51 1342 955 19 23 -3 -18 12.00
0 3 51 1362 955 19 23 -3 -18 12.00
0 4 51 1382 955 19 23 -3 -18 12.00
0 5 51 1402 955 19 23 -3 -18 12.00
0 6 51 1422 955 19 23 -3 -18 12.00
0 0 52 788 1169 19 21 -4 -17 11.00
0 1 52 808 1169 19 21 -4 -17 11.00
0 2 52 828 1169 19 21 -4 -17 11.00
0 3 52 848 1169 19 21 -4 -17 11.00
0 4 52 868 1169 19 21 -4 -17 11.00
0 5 52 888 1169 19 21 -4 -17 11.00
0 6 52 908 1169 19 21 -4 -17 11.00
0 0 53 1442 955 20 23 -4 -18 12.00
0 1 53 1463 955 20 23 -4 -18 12.00
0 2 53 1484 955 20 23 -4 -18 12.00
0 3 53 1505 955 20 23 -4 -18 12.00
0 4 53 1526 955 20 23 -4 -18 12.00
0 5 53 1547 955 20 23 -4 -18 12.00
0 6 53 1568 955 20 23 -4 -18 12.00
0 0 54 1589 955 20 23 -4 -18 12.00
0 1 54 1610 955 20 23 -4 -18 12.00
0 2 54 1631 955 20 23 -4 -18 12.00
0 3 54 1652 955 20 23 -4 -18 12.00
0 4 54 1673 955 20 23 -4 -18 12.00
0 5 54 1694 955 20 23 -4 -18 12.00
0 6 54 1715 955 20 23 -4 -18 12.00
0 0 55 1359 1076 17 22 -3 -18 10.00
0 1 55 1377 1076 17 22 -3 -18 10.00
0 2 55 1395 1076 17 22 -3 -18 10.00
0 3 55 1413 1076 17 22 -3 -18 10.00
0 4 55 1431 1076 17 22 -3 -18 10.00
0 5 55 1449 1076 17 22 -3 -18 10.00
0 6 55 1467 1076 17 22 -3 -18 10.00
0 0 56 1736 955 20 23 -4 -18 12.00
0 1 56 1757 955 20 23 -4 -18 12.00
0 2 56 1778 955 20 23 -4 -18 12.00
0 3 56 1799 955 20 23 -4 -18 12.00
0 4 56 1820 955 20 23 -4 -18 12.00
0 5 56 1841 955 20 23 -4 -18 12.00
0 6 56 1862 955 20 23 -4 -18 12.00
0 0 57 1883 955 20 23 -4 -18 12.00
0 1 57 1904 955 20 23 -4 -18 12.00
0 2 57 1925 955 20 23 -4 -18 12.00
0 3 57 1946 955 20 23 -4 -18 12.00
0 4 57 1967 955 20 23 -4 -18 12.00
0 5 57 1988 955 20 23 -4 -18 12.00
0 6 57 2009 955 20 23 -4 -18 12.00
0 0 58 1911 1300 11 18 -3 -13 5.00
0 1 58 1923 1300 11 18 -3 -13 5.00
0 2 58 1935 1300 11 18 -3 -13 5.00
0 3 58 1947 1300 11 18 -3 -13 5.00
0 4 58 1959 1300 11 18 -3 -13 5.00
0 5 58 1971 1300 11 18 -3 -13 5.00
0 6 58 1983 1300 11 18 -3 -13 5.00
0 0 59 200 1236 12 20 -4 -13 5.00
0 1 59 213 1236 12 20 -4 -13 5.00
0 2 59 226 1236 12 20 -4 -13 5.00
0 3 59 239 1236 12 20 -4 -13 5.00
0 4 59 252 1236 12 20 -4 -13 5.00
0 5 59 265 1236 12 20 -4 -13 5.00
0 6 59 278 1236 12 20 -4 -13 5.00
0 0 60 1827 1320 16 17 -2 -15 11.00
0 1 60 1844 1320 16 17 -2 -15 11.00
0 2 60 1861 1320 16 17 -2 -15 11.00
0 3 60 1878 1320 16 17 -2 -15 11.00
0 4 60 1895 1320 16 17 -2 -15 11.00
0 5 60 1912 1320 16 17 -2 -15 11.00
0 6 60 1929 1320 16 17 -2 -15 11.00
0 0 61 1554 1357 19 14 -4 -13 11.00
0 1 61 1574 1357 19 14 -4 -13 11.00
0 2 61 1594 1357 19 14 -4 -13 11.00
0 3 61 1614 1357 19 14 -4 -13 11.00
0 4 61 1634 1357 19 14 -4 -13 11.00
0 5 61 1654 1357 19 14 -4 -13 11.00
0 6 61 1674 1357 19 14 -4 -13 11.00
0 0 62 1946 1320 16 17 -2 -15 11.00
0 1 62 1963 1320 16 17 -2 -15 11.00
0 2 62 1980 1320 16 17 -2 -15 11.00
0 3 62 1997 1320 16 17 -2 -15 11.00
0 4 62 2014 1320 16 17 -2 -15 11.00
0 5 62 2031 1320 16 17 -2 -15 11.00
0 6 62 0 1339 16 17 -2 -15 11.00
0 0 63 0 980 19 23 -5 -18 10.00
0 1 63 20 980 19 23 -5 -18 10.00
0 2 63 40 980 19 23 -5 -18 10.00
0 3 63 60 980 19 23 -5 -18 10.00
0 4 63 80 980 19 23 -5 -18 10.00
0 5 63 100 980 19 23 -5 -18 10.00
0 6 63 120 980 19 23 -5 -18 10.00
0 0 64 1485 1076 22 22 -4 -16 14.00
0 1 64 1508 1076 22 22 -4 -16 14.00
0 2 64 1531 1076 22 22 -4 -16 14.00
0 3 64 1554 1076 22 22 -4 -16 14.00
0 4 64 1577 1076 22 22 -4 -16 14.00
0 5 64 1600 1076 22 22 -4 -16 14.00
0 6 64 1623 1076 22 22 -4 -16 14.00
0 0 65 1646 1076 21 22 -4 -17 12.00
0 1 65 1668 1076 21 22 -4 -17 12.00
0 2 65 1690 1076 21 22 -4 -17 12.00
0 3 65 1712 1076 21 22 -4 -17 12.00
0 4 65 1734 1076 21 22 -4 -17 12.00
0 5 65 1756 1076 21 22 -4 -17 12.00
0 6 65 1778 1076 21 22 -4 -17 12.00
0 0 66 1321 829 21 24 -4 -18 12.00
0 1 66 1343 829 21 24 -4 -18 12.00
0 2 66 1365 829 21 24 -4 -18 12.00
0 3 66 1387 829 21 24 -4 -18 12.00
0 4 66 1409 829 21 24 -4 -18 12.00
0 5 66 1431 829 21 24 -4 -18 12.00
0 6 66 1453 829 21 24 -4 -18 12.00
0 0 67 140 980 21 23 -4 -18 13.00
0 1 67 162 980 21 23 -4 -18 13.00
0 2 67 184 980 21 23 -4 -18 13.00
0 3 67 206 980 21 23 -4 -18 13.00
0 4 67 228 980 21 23 -4 -18 13.00
0 5 67 250 980 21 23 -4 -18 13.00
0 6 67 272 980 21 23 -4 -18 13.00
0 0 68 1475 829 22 24 -4 -18 13.00
0 1 68 1498 829 22 24 -4 -18 13.00
0 2 68 1521 829 22 24 -4 -18 13.00
0 3 68 1544 829 22 24 -4 -18 13.00
0 4 68 1567 829 22 24 -4 -18 13.00
0 5 68 1590 829 22 24 -4 -18 13.00
0 6 68 1613 829 22 24 -4 -18 13.00
0 0 69 1636 829 19 24 -4 -18 11.00
0 1 69 1656 829 19 24 -4 -18 11.00
0 2 69 1676 829 19 24 -4 -18 11.00
0 3 69 1696 829 19 24 -4 -18 11.00
0 4 69 1716 829 19 24 -4 -18 11.00
0 5 69 1736 829 19 24 -4 -18 11.00
0 6 69 1756 829 19 24 -4 -18 11.00
0 0 70 294 980 18 23 -4 -18 10.00
0 1 70 313 980 18 23 -4 -18 10.00
0 2 70 332 980 18 23 -4 -18 10.00
0 3 70 351 980 18 23 -4 -18 10.00
0 4 70 370 980 18 23 -4 -18 10.00
0 5 70 389 980 18 23 -4 -18 10.00
0 6 70 408 980 18 23 -4 -18 10.00
0 0 71 427 980 21 23 -4 -18 13.00
0 1 71 449 980 21 23 -4 -18 13.00
0 2 71 471 980 21 23 -4 -18 13.00
0 3 71 493 980 21 23 -4 -18 13.00
0 4 71 515 980 21 23 -4 -18 13.00
0 5 71 537 980 21 23 -4 -18 13.00
0 6 71 559 980 21 23 -4 -18 13.00
0 0 72 928 1169 22 21 -4 -17 14.00
0 1 72 951 1169 22 21 -4 -17 14.00
0 2 72 974 1169 22 21 -4 -17 14.00
0 3 72 997 1169 22 21 -4 -17 14.00
0 4 72 1020 1169 22 21 -4 -17 14.00
0 5 72 1043 1169 22 21 -4 -17 14.00
0 6 72 1066 1169 22 21 -4 -17 14.00
0 0 73 1800 1076 13 22 -4 -17 5.00
0 1 73 1814 1076 13 22 -4 -17 5.00
0 2 73 1828 1076 13 22 -4 -17 5.00
0 3 73 1842 1076 13 22 -4 -17 5.00
0 4 73 1856 1076 13 22 -4 -17 5.00
0 5 73 1870 1076 13 22 -4 -17 5.00
0 6 73 1884 1076 13 22 -4 -17 5.00
0 0 74 1898 1076 19 22 -4 -17 11.00
0 1 74 1918 1076 19 22 -4 -17 11.00
0 2 74 1938 1076 19 22 -4 -17 11.00
0 3 74 1958 1076 19 22 -4 -17 11.00
0 4 74 1978 1076 19 22 -4 -17 11.00
0 5 74 1998 1076 19 22 -4 -17 11.00
0 6 74 2018 1076 19 22 -4 -17 11.00
0 0 75 0 1100 19 22 -4 -17 11.00
0 1 75 20 1100 19 22 -4 -17 11.00
0 2 75 40 1100 19 22 -4 -17 11.00
0 3 75 60 1100 19 22 -4 -17 11.00
0 4 75 80 1100 19 22 -4 -17 11.00
0 5 75 100 1100 19 22 -4 -17 11.00
0 6 75 120 1100 19 22 -4 -17 11.00
0 0 76 581 980 18 23 -4 -17 10.00
0 1 76 600 980 18 23 -4 -17 10.00
0 2 76 619 980 18 23 -4 -17 10.00
0 3 76 638 980 18 23 -4 -17 10.00
0 4 76 657 980 18 23 -4 -17 10.00
0 5 76 676 980 18 23 -4 -17 10.00
0 6 76 695 980 18 23 -4 -17 10.00
0 0 77 140 1100 23 22 -4 -17 16.00
0 1 77 164 1100 23 22 -4 -17 16.00
0 2 77 188 1100 23 22 -4 -17 16.00
0 3 77 212 1100 23 22 -4 -17 16.00
0 4 77 236 1100 23 22 -4 -17 16.00
0 5 77 260 1100 23 22 -4 -17 16.00
0 6 77 284 1100 23 22 -4 -17 16.00
0 0 78 308 1100 22 22 -4 -17 14.00
0 1 78 331 1100 22 22 -4 -17 14.00
0 2 78 354 1100 22 22 -4 -17 14.00
0 3 78 377 1100 22 22 -4 -17 14.00
0 4 78 400 1100 22 22 -4 -17 14.00
0 5 78 423 1100 22 22 -4 -17 14.00
0 6 78 446 1100 22 22 -4 -17 14.00
0 0 79 714 980 22 23 -4 -18 14.00
0 1 79 737 980 22 23 -4 -18 14.00
0 2 79 760 980 22 23 -4 -18 14.00
0 3 79 783 980 22 23 -4 -18 14.00
0 4 79 806 980 22 23 -4 -18 14.00
0 5 79 829 980 22 23 -4 -18 14.00
0 6 79 852 980 22 23 -4 -18 14.00
0 0 80 875 980 20 23 -4 -18 11.00
0 1 80 896 980 20 23 -4 -18 11.00
0 2 80 917 980 20 23 -4 -18 11.00
0 3 80 938 980 20 23 -4 -18 11.00
0 4 80 959 980 20 23 -4 -18 11.00
0 5 80 980 980 20 23 -4 -18 11.00
0 6 80 1001 980 20 23 -4 -18 11.00
0 0 81 1776 829 22 24 -4 -18 14.00
0 1 81 1799 829 22 24 -4 -18 14.00
0 2 81 1822 829 22 24 -4 -18 14.00
0 3 81 1845 829 22 24 -4 -18 14.00
0 4 81 1868 829 22 24 -4 -18 14.00
0 5 81 1891 829 22 24 -4 -18 14.00
0 6 81 1914 829 22 24 -4 -18 14.00
0 0 82 1022 980 20 23 -4 -18 12.00
0 1 82 1043 980 20 23 -4 -18 12.00
0 2 82 1064 980 20 23 -4 -18 12.00
0 3 82 1085 980 20 23 -4 -18 12.00
0 4 82 1106 980 20 23 -4 -18 12.00
0 5 82 1127 980 20 23 -4 -18 12.00
0 6 82 1148 980 20 23 -4 -18 12.00
0 0 83 1169 980 20 23 -3 -18 13.00
0 1 83 1190 980 20 23 -3 -18 13.00
0 2 83 1211 980 20 23 -3 -18 13.00
0 3 83 1232 980 20 23 -3 -18 13.00
0 4 83 1253 980 20 23 -3 -18 13.00
0 5 83 1274 980 20 23 -3 -18 13.00
0 6 83 1295 980 20 23 -3 -18 13.00
0 0 84 1316 980 19 23 -4 -18 11.00
0 1 84 1336 980 19 23 -4 -18 11.00
0 2 84 1356 980 19 23 -4 -18 11.00
0 3 84 1376 980 19 23 -4 -18 11.00
0 4 84 1396 980 19 23 -4 -18 11.00
0 5 84 1416 980 19 23 -4 -18 11.00
0 6 84 1436 980 19 23 -4 -18 11.00
0 0 85 469 1100 22 22 -4 -17 14.00
0 1 85 492 1100 22 22 -4 -17 14.00
0 2 85 515 1100 22 22 -4 -17 14.00
0 3 85 538 1100 22 22 -4 -17 14.00
0 4 85 561 1100 22 22 -4 -17 14.00
0 5 85 584 1100 22 22 -4 -17 14.00
0 6 85 607 1100 22 22 -4 -17 14.00
0 0 86 630 1100 20 22 -4 -17 12.00
0 1 86 651 1100 20 22 -4 -17 12.00
0 2 86 672 1100 20 22 -4 -17 12.00
0 3 86 693 1100 20 22 -4 -17 12.00
0 4 86 714 1100 20 22 -4 -17 12.00
0 5 86 735 1100 20 22 -4 -17 12.00
0 6 86 756 1100 20 22 -4 -17 12.00
0 0 87 777 1100 26 22 -5 -17 17.00
0 1 87 804 1100 26 22 -5 -17 17.00
0 2 87 831 1100 26 22 -5 -17 17.00
0 3 87 858 1100 26 22 -5 -17 17.00
0 4 87 885 1100 26 22 -5 -17 17.00
0 5 87 912 1100 26 22 -5 -17 17.00
0 6 87 939 1100 26 22 -5 -17 17.00
0 0 88 966 1100 19 22 -4 -17 12.00
0 1 88 986 1100 19 22 -4 -17 12.00
0 2 88 1006 1100 19 22 -4 -17 12.00
0 3 88 1026 1100 19 22 -4 -17 12.00
0 4 88 1046 1100 19 22 -4 -17 12.00
0 5 88 1066 1100 19 22 -4 -17 12.00
0 6 88 1086 1100 19 22 -4 -17 12.00
0 0 89 1089 1169 20 21 -4 -17 11.00
0 1 89 1110 1169 20 21 -4 -17 11.00
0 2 89 1131 1169 20 21 -4 -17 11.00
0 3 89 1152 1169 20 21 -4 -17 11.00
0 4 89 1173 1169 20 21 -4 -17 11.00
0 5 89 1194 1169 20 21 -4 -17 11.00
0 6 89 1215 1169 20 21 -4 -17 11.00
0 0 90 1937 829 20 24 -4 -18 13.00
0 1 90 1958 829 20 24 -4 -18 13.00
0 2 90 1979 829 20 24 -4 -18 13.00
0 3 90 2000 829 20 24 -4 -18 13.00
0 4 90 2021 829 20 24 -4 -18 13.00
0 5 90 0 855 20 24 -4 -18 13.00
0 6 90 21 855 20 24 -4 -18 13.00
0 0 91 1684 589 14 26 -5 -18 4.00
0 1 91 1699 589 14 26 -5 -18 4.00
0 2 91 1714 589 14 26 -5 -18 4.00
0 3 91 1729 589 14 26 -5 -18 4.00
0 4 91 1744 589 14 26 -5 -18 4.00
0 5 91 1759 589 14 26 -5 -18 4.00
0 6 91 1774 589 14 26 -5 -18 4.00
0 0 92 1119 698 16 25 -5 -18 6.00
0 1 92 1136 698 16 25 -5 -18 6.00
0 2 92 1153 698 16 25 -5 -18 6.00
0 3 92 1170 698 16 25 -5 -18 6.00
0 4 92 1187 698 16 25 -5 -18 6.00
0 5 92 1204 698 16 25 -5 -18 6.00
0 6 92 1221 698 16 25 -5 -18 6.00
0 0 93 1789 589 13 26 -4 -18 4.00
0 1 93 1803 589 13 26 -4 -18 4.00
0 2 93 1817 589 13 26 -4 -18 4.00
0 3 93 1831 589 13 26 -4 -18 4.00
0 4 93 1845 589 13 26 -4 -18 4.00
0 5 93 1859 589 13 26 -4 -18 4.00
0 6 93 1873 589 13 26 -4 -18 4.00
0 0 94 588 1357 14 15 -3 -18 8.00
0 1 94 603 1357 14 15 -3 -18 8.00
0 2 94 618 1357 14 15 -3 -18 8.00
0 3 94 633 1357 14 15 -3 -18 8.00
0 4 94 648 1357 14 15 -3 -18 8.00
0 5 94 663 1357 14 15 -3 -18 8.00
0 6 94 678 1357 14 15 -3 -18 8.00
0 0 95 845 1374 16 13 -4 -6 9.00
0 1 95 862 1374 16 13 -4 -6 9.00
0 2 95 879 1374 16 13 -4 -6 9.00
0 3 95 896 1374 16 13 -4 -6 9.00
0 4 95 913 1374 16 13 -4 -6 9.00
0 5 95 930 1374 16 13 -4 -6 9.00
0 6 95 947 1374 16 13 -4 -6 9.00
0 0 96 756 1389 11 12 -3 -17 5.00
0 1 96 768 1389 11 12 -3 -17 5.00
0 2 96 780 1389 11 12 -3 -17 5.00
0 3 96 792 1389 11 12 -3 -17 5.00
0 4 96 804 1389 11 12 -3 -17 5.00
0 5 96 816 1389 11 12 -3 -17 5.00
0 6 96 828 1389 11 12 -3 -17 5.00
0 0 97 291 1236 20 20 -4 -15 12.00
0 1 97 312 1236 20 20 -4 -15 12.00
0 2 97 333 1236 20 20 -4 -15 12.00
0 3 97 354 1236 20 20 -4 -15 12.00
0 4 97 375 1236 20 20 -4 -15 12.00
0 5 97 396 1236 20 20 -4 -15 12.00
0 6 97 417 1236 20 20 -4 -15 12.00
0 0 98 1456 980 20 23 -4 -18 12.00
0 1 98 1477 980 20 23 -4 -18 12.00
0 2 98 1498 980 20 23 -4 -18 12.00
0 3 98 1519 980 20 23 -4 -18 12.00
0 4 98 1540 980 20 23 -4 -18 12.00
0 5 98 1561 980 20 23 -4 -18 12.00
0 6 98 1582 980 20 23 -4 -18 12.00
0 0 99 438 1236 19 20 -4 -15 11.00
0 1 99 458 1236 19 20 -4 -15 11.00
0 2 99 478 1236 19 20 -4 -15 11.00
0 3 99 498 1236 19 20 -4 -15 11.00
0 4 99 518 1236 19 20 -4 -15 11.00
0 5 99 538 1236 19 20 -4 -15 11.00
0 6 99 558 1236 19 20 -4 -15 11.00
0 0 100 1603 980 20 23 -4 -18 12.00
0 1 100 1624 980 20 23 -4 -18 12.00
0 2 100 1645 980 20 23 -4 -18 12.00
0 3 100 1666 980 20 23 -4 -18 12.00
0 4 100 1687 980 20 23 -4 -18 12.00
0 5 100 1708 980 20 23 -4 -18 12.00
0 6 100 1729 980 20 23 -4 -18 12.00
0 0 101 578 1236 20 20 -4 -15 12.00
0 1 101 599 1236 20 20 -4 -15 12.00
0 2 101 620 1236 20 20 -4 -15 12.00
0 3 101 641 1236 20 20 -4 -15 12.00
0 4 101 662 1236 20 20 -4 -15 12.00
0 5 101 683 1236 20 20 -4 -15 12.00
0 6 101 704 1236 20 20 -4 -15 12.00
0 0 102 1106 1100 15 22 -4 -18 7.00
0 1 102 1122 1100 15 22 -4 -18 7.00
0 2 102 1138 1100 15 22 -4 -18 7.00
0 3 102 1154 1100 15 22 -4 -18 7.00
0 4 102 1170 1100 15 22 -4 -18 7.00
0 5 102 1186 1100 15 22 -4 -18 7.00
0 6 102 1202 1100 15 22 -4 -18 7.00
0 0 103 42 855 20 24 -4 -15 12.00
0 1 103 63 855 20 24 -4 -15 12.00
0 2 103 84 855 20 24 -4 -15 12.00
0 3 103 105 855 20 24 -4 -15 12.00
0 4 103 126 855 20 24 -4 -15 12.00
0 5 103 147 855 20 24 -4 -15 12.00
0 6 103 168 855 20 24 -4 -15 12.00
0 0 104 1750 980 20 23 -4 -18 12.00
0 1 104 1771 980 20 23 -4 -18 12.00
0 2 104 1792 980 20 23 -4 -18 12.00
0 3 104 1813 980 20 23 -4 -18 12.00
0 4 104 1834 980 20 23 -4 -18 12.00
0 5 104 1855 980 20 23 -4 -18 12.00
0 6 104 1876 980 20 23 -4 -18 12.00
0 0 105 1897 980 13 23 -4 -18 5.00
0 1 105 1911 980 13 23 -4 -18 5.00
0 2 105 1925 980 13 23 -4 -18 5.00
0 3 105 1939 980 13 23 -4 -18 5.00
0 4 105 1953 980 13 23 -4 -18 5.00
0 5 105 1967 980 13 23 -4 -18 5.00
0 6 105 1981 980 13 23 -4 -18 5.00
0 0 106 1883 476 13 27 -4 -18 5.00
0 1 106 1897 476 13 27 -4 -18 5.00
0 2 106 1911 476 13 27 -4 -18 5.00
0 3 106 1925 476 13 27 -4 -18 5.00
0 4 106 1939 476 13 27 -4 -18 5.00
0 5 106 1953 476 13 27 -4 -18 5.00
0 6 106 1967 476 13 27 -4 -18 5.00
0 0 107 1995 980 18 23 -4 -18 9.00
0 1 107 2014 980 18 23 -4 -18 9.00
0 2 107 0 1004 18 23 -4 -18 9.00
0 3 107 19 1004 18 23 -4 -18 9.00
0 4 107 38 1004 18 23 -4 -18 9.00
0 5 107 57 1004 18 23 -4 -18 9.00
0 6 107 76 1004 18 23 -4 -18 9.00
0 0 108 95 1004 14 23 -4 -18 6.00
0 1 108 110 1004 14 23 -4 -18 6.00
0 2 108 125 1004 14 23 -4 -18 6.00
0 3 108 140 1004 14 23 -4 -18 6.00
0 4 108 155 1004 14 23 -4 -18 6.00
0 5 108 170 1004 14 23 -4 -18 6.00
0 6 108 185 1004 14 23 -4 -18 6.00
0 0 109 725 1236 25 20 -4 -15 17.00
0 1 109 751 1236 25 20 -4 -15 17.00
0 2 109 777 1236 25 20 -4 -15 17.00
0 3 109 803 1236 25 20 -4 -15 17.00
0 4 109 829 1236 25 20 -4 -15 17.00
0 5 109 855 1236 25 20 -4 -15 17.00
0 6 109 881 1236 25 20 -4 -15 17.00
0 0 110 907 1236 20 20 -4 -15 12.00
0 1 110 928 1236 20 20 -4 -15 12.00
0 2 110 949 1236 20 20 -4 -15 12.00
0 3 110 970 1236 20 20 -4 -15 12.00
0 4 110 991 1236 20 20 -4 -15 12.00
0 5 110 1012 1236 20 20 -4 -15 12.00
0 6 110 1033 1236 20 20 -4 -15 12.00
0 0 111 1054 1236 20 20 -4 -15 12.00
0 1 111 1075 1236 20 20 -4 -15 12.00
0 2 111 1096 1236 20 20 -4 -15 12.00
0 3 111 1117 1236 20 20 -4 -15 12.00
0 4 111 1138 1236 20 20 -4 -15 12.00
0 5 111 1159 1236 20 20 -4 -15 12.00
0 6 111 1180 1236 20 20 -4 -15 12.00
0 0 112 200 1004 20 23 -4 -15 12.00
0 1 112 221 1004 20 23 -4 -15 12.00
0 2 112 242 1004 20 23 -4 -15 12.00
0 3 112 263 1004 20 23 -4 -15 12.00
0 4 112 284 1004 20 23 -4 -15 12.00
0 5 112 305 1004 20 23 -4 -15 12.00
0 6 112 326 1004 20 23 -4 -15 12.00
0 0 113 347 1004 20 23 -4 -15 12.00
0 1 113 368 1004 20 23 -4 -15 12.00
0 2 113 389 1004 20 23 -4 -15 12.00
0 3 113 410 1004 20 23 -4 -15 12.00
0 4 113 431 1004 20 23 -4 -15 12.00
0 5 113 452 1004 20 23 -4 -15 12.00
0 6 113 473 1004 20 23 -4 -15 12.00
0 0 114 1201 1236 16 20 -4 -15 8.00
0 1 114 1218 1236 16 20 -4 -15 8.00
0 2 114 1235 1236 16 20 -4 -15 8.00
0 3 114 1252 1236 16 20 -4 -15 8.00
0 4 114 1269 1236 16 20 -4 -15 8.00
0 5 114 1286 1236 16 20 -4 -15 8.00
0 6 114 1303 1236 16 20 -4 -15 8.00
0 0 115 1320 1236 19 20 -4 -15 11.00
0 1 115 1340 1236 19 20 -4 -15 11.00
0 2 115 1360 1236 19 20 -4 -15 11.00
0 3 115 1380 1236 19 20 -4 -15 11.00
0 4 115 1400 1236 19 20 -4 -15 11.00
0 5 115 1420 1236 19 20 -4 -15 11.00
0 6 115 1440 1236 19 20 -4 -15 11.00
0 0 116 1236 1169 15 21 -4 -16 8.00
0 1 116 1252 1169 15 21 -4 -16 8.00
0 2 116 1268 1169 15 21 -4 -16 8.00
0 3 116 1284 1169 15 21 -4 -16 8.00
0 4 116 1300 1169 15 21 -4 -16 8.00
0 5 116 1316 1169 15 21 -4 -16 8.00
0 6 116 1332 1169 15 21 -4 -16 8.00
0 0 117 171 1279 20 19 -4 -14 12.00
0 1 117 192 1279 20 19 -4 -14 12.00
0 2 117 213 1279 20 19 -4 -14 12.00
0 3 117 234 1279 20 19 -4 -14 12.00
0 4 117 255 1279 20 19 -4 -14 12.00
0 5 117 276 1279 20 19 -4 -14 12.00
0 6 117 297 1279 20 19 -4 -14 12.00
0 0 118 318 1279 18 19 -4 -14 10.00
0 1 118 337 1279 18 19 -4 -14 10.00
0 2 118 356 1279 18 19 -4 -14 10.00
0 3 118 375 1279 18 19 -4 -14 10.00
0 4 118 394 1279 18 19 -4 -14 10.00
0 5 118 413 1279 18 19 -4 -14 10.00
0 6 118 432 1279 18 19 -4 -14 10.00
0 0 119 451 1279 22 19 -4 -14 14.00
0 1 119 474 1279 22 19 -4 -14 14.00
0 2 119 497 1279 22 19 -4 -14 14.00
0 3 119 520 1279 22 19 -4 -14 14.00
0 4 119 543 1279 22 19 -4 -14 14.00
0 5 119 566 1279 22 19 -4 -14 14.00
0 6 119 589 1279 22 19 -4 -14 14.00
0 0 120 612 1279 16 19 -3 -14 10.00
0 1 120 629 1279 16 19 -3 -14 10.00
0 2 120 646 1279 16 19 -3 -14 10.00
0 3 120 663 1279 16 19 -3 -14 10.00
0 4 120 680 1279 16 19 -3 -14 10.00
0 5 120 697 1279 16 19 -3 -14 10.00
0 6 120 714 1279 16 19 -3 -14 10.00
0 0 121 494 1004 20 23 -4 -14 12.00
0 1 121 515 1004 20 23 -4 -14 12.00
0 2 121 536 1004 20 23 -4 -14 12.00
0 3 121 557 1004 20 23 -4 -14 12.00
0 4 121 578 1004 20 23 -4 -14 12.00
0 5 121 599 1004 20 23 -4 -14 12.00
0 6 121 620 1004 20 23 -4 -14 12.00
0 0 122 1348 1169 18 21 -4 -15 10.00
0 1 122 1367 1169 18 21 -4 -15 10.00
0 2 122 1386 1169 18 21 -4 -15 10.00
0 3 122 1405 1169 18 21 -4 -15 10.00
0 4 122 1424 1169 18 21 -4 -15 10.00
0 5 122 1443 1169 18 21 -4 -15 10.00
0 6 122 1462 1169 18 21 -4 -15 10.00
0 0 123 1887 589 15 26 -4 -18 7.00
0 1 123 1903 589 15 26 -4 -18 7.00
0 2 123 1919 589 15 26 -4 -18 7.00
0 3 123 1935 589 15 26 -4 -18 7.00
0 4 123 1951 589 15 26 -4 -18 7.00
0 5 123 1967 589 15 26 -4 -18 7.00
0 6 123 1983 589 15 26 -4 -18 7.00
0 0 124 1238 698 13 25 -4 -18 4.00
0 1 124 1252 698 13 25 -4 -18 4.00
0 2 124 1266 698 13 25 -4 -18 4.00
0 3 124 1280 698 13 25 -4 -18 4.00
0 4 124 1294 698 13 25 -4 -18 4.00
0 5 124 1308 698 13 25 -4 -18 4.00
0 6 124 1322 698 13 25 -4 -18 4.00
0 0 125 1999 589 14 26 -4 -18 7.00
0 1 125 2014 589 14 26 -4 -18 7.00
0 2 125 2029 589 14 26 -4 -18 7.00
0 3 125 0 617 14 26 -4 -18 7.00
0 4 125 15 617 14 26 -4 -18 7.00
0 5 125 30 617 14 26 -4 -18 7.00
0 6 125 45 617 14 26 -4 -18 7.00
0 0 126 964 1374 17 13 -3 -13 11.00
0 1 126 982 1374 17 13 -3 -13 11.00
0 2 126 1000 1374 17 13 -3 -13 11.00
0 3 126 1018 1374 17 13 -3 -13 11.00
0 4 126 1036 1374 17 13 -3 -13 11.00
0 5 126 1054 1374 17 13 -3 -13 11.00
0 6 126 1072 1374 17 13 -3 -13 11.00
0 0 1040 1218 1100 21 22 -5 -17 11.00
0 1 1040 1240 1100 21 22 -5 -17 11.00
0 2 1040 1262 1100 21 22 -5 -17 11.00
0 3 1040 1284 1100 21 22 -5 -17 11.00
0 4 1040 1306 1100 21 22 -5 -17 11.00
0 5 1040 1328 1100 21 22 -5 -17 11.00
0 6 1040 1350 1100 21 22 -5 -17 11.00
0 0 1041 189 855 20 24 -4 -18 11.00
0 1 1041 210 855 20 24 -4 -18 11.00
0 2 1041 231 855 20 24 -4 -18 11.00
0 3 1041 252 855 20 24 -4 -18 11.00
0 4 1041 273 855 20 24 -4 -18 11.00
0 5 1041 294 855 20 24 -4 -18 11.00
0 6 1041 315 855 20 24 -4 -18 11.00
0 0 1042 336 855 20 24 -4 -18 12.00
0 1 1042 357 855 20 24 -4 -18 12.00
0 2 1042 378 855 20 24 -4 -18 12.00
0 3 1042 399 855 20 24 -4 -18 12.00
0 4 1042 420 855 20 24 -4 -18 12.00
0 5 1042 441 855 20 24 -4 -18 12.00
0 6 1042 462 855 20 24 -4 -18 12.00
0 0 1043 641 1004 19 23 -4 -18 11.00
0 1 1043 661 1004 19 23 -4 -18 11.00
0 2 1043 681 1004 19 23 -4 -18 11.00
0 3 1043 701 1004 19 23 -4 -18 11.00
0 4 1043 721 1004 19 23 -4 -18 11.00
0 5 1043 741 1004 19 23 -4 -18 11.00
0 6 1043 761 1004 19 23 -4 -18 11.00
0 0 1044 483 855 21 24 -5 -18 11.00
0 1 1044 505 855 21 24 -5 -18 11.00
0 2 1044 527 855 21 24 -5 -18 11.00
0 3 1044 549 855 21 24 -5 -18 11.00
0 4 1044 571 855 21 24 -5 -18 11.00
0 5 1044 593 855 21 24 -5 -18 11.00
0 6 1044 615 855 21 24 -5 -18 11.00
0 0 1045 637 855 20 24 -4 -18 12.00
0 1 1045 658 855 20 24 -4 -18 12.00
0 2 1045 679 855 20 24 -4 -18 12.00
0 3 1045 700 855 20 24 -4 -18 12.00
0 4 1045 721 855 20 24 -4 -18 12.00
0 5 1045 742 855 20 24 -4 -18 12.00
0 6 1045 763 855 20 24 -4 -18 12.00
0 0 1025 60 617 20 26 -4 -20 12.00
0 1 1025 81 617 20 26 -4 -20 12.00
0 2 1025 102 617 20 26 -4 -20 12.00
0 3 1025 123 617 20 26 -4 -20 12.00
0 4 1025 144 617 20 26 -4 -20 12.00
0 5 1025 165 617 20 26 -4 -20 12.00
0 6 1025 186 617 20 26 -4 -20 12.00
0 0 1046 1372 1100 23 22 -4 -17 15.00
0 1 1046 1396 1100 23 22 -4 -17 15.00
0 2 1046 1420 1100 23 22 -4 -17 15.00
0 3 1046 1444 1100 23 22 -4 -17 15.00
0 4 1046 1468 1100 23 22 -4 -17 15.00
0 5 1046 1492 1100 23 22 -4 -17 15.00
0 6 1046 1516 1100 23 22 -4 -17 15.00
0 0 1047 784 855 20 24 -4 -18 12.00
0 1 1047 805 855 20 24 -4 -18 12.00
0 2 1047 826 855 20 24 -4 -18 12.00
0 3 1047 847 855 20 24 -4 -18 12.00
0 4 1047 868 855 20 24 -4 -18 12.00
0 5 1047 889 855 20 24 -4 -18 12.00
0 6 1047 910 855 20 24 -4 -18 12.00
0 0 1048 1540 1100 21 22 -4 -17 12.00
0 1 1048 1562 1100 21 22 -4 -17 12.00
0 2 1048 1584 1100 21 22 -4 -17 12.00
0 3 1048 1606 1100 21 22 -4 -17 12.00
0 4 1048 1628 1100 21 22 -4 -17 12.00
0 5 1048 1650 1100 21 22 -4 -17 12.00
0 6 1048 1672 1100 21 22 -4 -17 12.00
0 0 1049 1336 698 21 25 -4 -20 12.00
0 1 1049 1358 698 21 25 -4 -20 12.00
0 2 1049 1380 698 21 25 -4 -20 12.00
0 3 1049 1402 698 21 25 -4 -20 12.00
0 4 1049 1424 698 21 25 -4 -20 12.00
0 5 1049 1446 698 21 25 -4 -20 12.00
0 6 1049 1468 698 21 25 -4 -20 12.00
0 0 1050 1694 1100 19 22 -4 -17 11.00
0 1 1050 1714 1100 19 22 -4 -17 11.00
0 2 1050 1734 1100 19 22 -4 -17 11.00
0 3 1050 1754 1100 19 22 -4 -17 11.00
0 4 1050 1774 1100 19 22 -4 -17 11.00
0 5 1050 1794 1100 19 22 -4 -17 11.00
0 6 1050 1814 1100 19 22 -4 -17 11.00
0 0 1051 781 1004 20 23 -4 -18 11.00
0 1 1051 802 1004 20 23 -4 -18 11.00
0 2 1051 823 1004 20 23 -4 -18 11.00
0 3 1051 844 1004 20 23 -4 -18 11.00
0 4 1051 865 1004 20 23 -4 -18 11.00
0 5 1051 886 1004 20 23 -4 -18 11.00
0 6 1051 907 1004 20 23 -4 -18 11.00
0 0 1052 1834 1100 21 22 -4 -17 13.00
0 1 1052 1856 1100 21 22 -4 -17 13.00
0 2 1052 1878 1100 21 22 -4 -17 13.00
0 3 1052 1900 1100 21 22 -4 -17 13.00
0 4 1052 1922 1100 21 22 -4 -17 13.00
0 5 1052 1944 1100 21 22 -4 -17 13.00
0 6 1052 1966 1100 21 22 -4 -17 13.00
0 0 1053 1988 1100 21 22 -4 -17 12.00
0 1 1053 2010 1100 21 22 -4 -17 12.00
0 2 1053 0 1123 21 22 -4 -17 12.00
0 3 1053 22 1123 21 22 -4 -17 12.00
0 4 1053 44 1123 21 22 -4 -17 12.00
0 5 1053 66 1123 21 22 -4 -17 12.00
0 6 1053 88 1123 21 22 -4 -17 12.00
0 0 1054 931 855 21 24 -5 -18 12.00
0 1 1054 953 855 21 24 -5 -18 12.00
0 2 1054 975 855 21 24 -5 -18 12.00
0 3 1054 997 855 21 24 -5 -18 12.00
0 4 1054 1019 855 21 24 -5 -18 12.00
0 5 1054 1041 855 21 24 -5 -18 12.00
0 6 1054 1063 855 21 24 -5 -18 12.00
0 0 1055 928 1004 20 23 -4 -18 12.00
0 1 1055 949 1004 20 23 -4 -18 12.00
0 2 1055 970 1004 20 23 -4 -18 12.00
0 3 1055 991 1004 20 23 -4 -18 12.00
0 4 1055 1012 1004 20 23 -4 -18 12.00
0 5 1055 1033 1004 20 23 -4 -18 12.00
0 6 1055 1054 1004 20 23 -4 -18 12.00
0 0 1056 1075 1004 19 23 -4 -18 11.00
0 1 1056 1095 1004 19 23 -4 -18 11.00
0 2 1056 1115 1004 19 23 -4 -18 11.00
0 3 1056 1135 1004 19 23 -4 -18 11.00
0 4 1056 1155 1004 19 23 -4 -18 11.00
0 5 1056 1175 1004 19 23 -4 -18 11.00
0 6 1056 1195 1004 19 23 -4 -18 11.00
0 0 1057 1085 855 20 24 -4 -18 12.00
0 1 1057 1106 855 20 24 -4 -18 12.00
0 2 1057 1127 855 20 24 -4 -18 12.00
0 3 1057 1148 855 20 24 -4 -18 12.00
0 4 1057 1169 855 20 24 -4 -18 12.00
0 5 1057 1190 855 20 24 -4 -18 12.00
0 6 1057 1211 855 20 24 -4 -18 12.00
0 0 1058 1215 1004 18 23 -4 -18 10.00
0 1 1058 1234 1004 18 23 -4 -18 10.00
0 2 1058 1253 1004 18 23 -4 -18 10.00
0 3 1058 1272 1004 18 23 -4 -18 10.00
0 4 1058 1291 1004 18 23 -4 -18 10.00
0 5 1058 1310 1004 18 23 -4 -18 10.00
0 6 1058 1329 1004 18 23 -4 -18 10.00
0 0 1059 110 1123 19 22 -4 -17 11.00
0 1 1059 130 1123 19 22 -4 -17 11.00
0 2 1059 150 1123 19 22 -4 -17 11.00
0 3 1059 170 1123 19 22 -4 -17 11.00
0 4 1059 190 1123 19 22 -4 -17 11.00
0 5 1059 210 1123 19 22 -4 -17 11.00
0 6 1059 230 1123 19 22 -4 -17 11.00
0 0 1060 250 1123 20 22 -5 -17 11.00
0 1 1060 271 1123 20 22 -5 -17 11.00
0 2 1060 292 1123 20 22 -5 -17 11.00
0 3 1060 313 1123 20 22 -5 -17 11.00
0 4 1060 334 1123 20 22 -5 -17 11.00
0 5 1060 355 1123 20 22 -5 -17 11.00
0 6 1060 376 1123 20 22 -5 -17 11.00
0 0 1061 397 1123 19 22 -4 -17 11.00
0 1 1061 417 1123 19 22 -4 -17 11.00
0 2 1061 437 1123 19 22 -4 -17 11.00
0 3 1061 457 1123 19 22 -4 -17 11.00
0 4 1061 477 1123 19 22 -4 -17 11.00
0 5 1061 497 1123 19 22 -4 -17 11.00
0 6 1061 517 1123 19 22 -4 -17 11.00
0 0 1062 537 1123 20 22 -4 -16 12.00
0 1 1062 558 1123 20 22 -4 -16 12.00
0 2 1062 579 1123 20 22 -4 -16 12.00
0 3 1062 600 1123 20 22 -4 -16 12.00
0 4 1062 621 1123 20 22 -4 -16 12.00
0 5 1062 642 1123 20 22 -4 -16 12.00
0 6 1062 663 1123 20 22 -4 -16 12.00
0 0 1063 684 1123 21 22 -5 -17 12.00
0 1 1063 706 1123 21 22 -5 -17 12.00
0 2 1063 728 1123 21 22 -5 -17 12.00
0 3 1063 750 1123 21 22 -5 -17 12.00
0 4 1063 772 1123 21 22 -5 -17 12.00
0 5 1063 794 1123 21 22 -5 -17 12.00
0 6 1063 816 1123 21 22 -5 -17 12.00
0 0 1064 1348 1004 22 23 -4 -17 14.00
0 1 1064 1371 1004 22 23 -4 -17 14.00
0 2 1064 1394 1004 22 23 -4 -17 14.00
0 3 1064 1417 1004 22 23 -4 -17 14.00
0 4 1064 1440 1004 22 23 -4 -17 14.00
0 5 1064 1463 1004 22 23 -4 -17 14.00
0 6 1064 1486 1004 22 23 -4 -17 14.00
0 0 1065 1509 1004 22 23 -4 -17 14.00
0 1 1065 1532 1004 22 23 -4 -17 14.00
0 2 1065 1555 1004 22 23 -4 -17 14.00
0 3 1065 1578 1004 22 23 -4 -17 14.00
0 4 1065 1601 1004 22 23 -4 -17 14.00
0 5 1065 1624 1004 22 23 -4 -17 14.00
0 6 1065 1647 1004 22 23 -4 -17 14.00
0 0 1066 1232 855 21 24 -4 -18 12.00
0 1 1066 1254 855 21 24 -4 -18 12.00
0 2 1066 1276 855 21 24 -4 -18 12.00
0 3 1066 1298 855 21 24 -4 -18 12.00
0 4 1066 1320 855 21 24 -4 -18 12.00
0 5 1066 1342 855 21 24 -4 -18 12.00
0 6 1066 1364 855 21 24 -4 -18 12.00
0 0 1067 1670 1004 22 23 -4 -17 14.00
0 1 1067 1693 1004 22 23 -4 -17 14.00
0 2 1067 1716 1004 22 23 -4 -17 14.00
0 3 1067 1739 1004 22 23 -4 -17 14.00
0 4 1067 1762 1004 22 23 -4 -17 14.00
0 5 1067 1785 1004 22 23 -4 -17 14.00
0 6 1067 1808 1004 22 23 -4 -17 14.00
0 0 1068 1831 1004 19 23 -4 -17 11.00
0 1 1068 1851 1004 19 23 -4 -17 11.00
0 2 1068 1871 1004 19 23 -4 -17 11.00
0 3 1068 1891 1004 19 23 -4 -17 11.00
0 4 1068 1911 1004 19 23 -4 -17 11.00
0 5 1068 1931 1004 19 23 -4 -17 11.00
0 6 1068 1951 1004 19 23 -4 -17 11.00
0 0 1069 1386 855 20 24 -4 -18 12.00
0 1 1069 1407 855 20 24 -4 -18 12.00
0 2 1069 1428 855 20 24 -4 -18 12.00
0 3 1069 1449 855 20 24 -4 -18 12.00
0 4 1069 1470 855 20 24 -4 -18 12.00
0 5 1069 1491 855 20 24 -4 -18 12.00
0 6 1069 1512 855 20 24 -4 -18 12.00
0 0 1070 1533 855 23 24 -4 -18 14.00
0 1 1070 1557 855 23 24 -4 -18 14.00
0 2 1070 1581 855 23 24 -4 -18 14.00
0 3 1070 1605 855 23 24 -4 -18 14.00
0 4 1070 1629 855 23 24 -4 -18 14.00
0 5 1070 1653 855 23 24 -4 -18 14.00
0 6 1070 1677 855 23 24 -4 -18 14.00
0 0 1071 1971 1004 20 23 -4 -18 12.00
0 1 1071 1992 1004 20 23 -4 -18 12.00
0 2 1071 2013 1004 20 23 -4 -18 12.00
0 3 1071 0 1028 20 23 -4 -18 12.00
0 4 1071 21 1028 20 23 -4 -18 12.00
0 5 1071 42 1028 20 23 -4 -18 12.00
0 6 1071 63 1028 20 23 -4 -18 12.00
0 0 1072 1460 1236 19 20 -4 -14 11.00
0 1 1072 1480 1236 19 20 -4 -14 11.00
0 2 1072 1500 1236 19 20 -4 -14 11.00
0 3 1072 1520 1236 19 20 -4 -14 11.00
0 4 1072 1540 1236 19 20 -4 -14 11.00
0 5 1072 1560 1236 19 20 -4 -14 11.00
0 6 1072 1580 1236 19 20 -4 -14 11.00
0 0 1073 1701 855 21 24 -4 -18 12.00
0 1 1073 1723 855 21 24 -4 -18 12.00
0 2 1073 1745 855 21 24 -4 -18 12.00
0 3 1073 1767 855 21 24 -4 -18 12.00
0 4 1073 1789 855 21 24 -4 -18 12.00
0 5 1073 1811 855 21 24 -4 -18 12.00
0 6 1073 1833 855 21 24 -4 -18 12.00
0 0 1074 1600 1236 20 20 -4 -14 12.00
0 1 1074 1621 1236 20 20 -4 -14 12.00
0 2 1074 1642 1236 20 20 -4 -14 12.00
0 3 1074 1663 1236 20 20 -4 -14 12.00
0 4 1074 1684 1236 20 20 -4 -14 12.00
0 5 1074 1705 1236 20 20 -4 -14 12.00
0 6 1074 1726 1236 20 20 -4 -14 12.00
0 0 1075 731 1279 18 19 -4 -14 10.00
0 1 1075 750 1279 18 19 -4 -14 10.00
0 2 1075 769 1279 18 19 -4 -14 10.00
0 3 1075 788 1279 18 19 -4 -14 10.00
0 4 1075 807 1279 18 19 -4 -14 10.00
0 5 1075 826 1279 18 19 -4 -14 10.00
0 6 1075 845 1279 18 19 -4 -14 10.00
0 0 1076 1747 1236 21 20 -5 -14 11.00
0 1 1076 1769 1236 21 20 -5 -14 11.00
0 2 1076 1791 1236 21 20 -5 -14 11.00
0 3 1076 1813 1236 21 20 -5 -14 11.00
0 4 1076 1835 1236 21 20 -5 -14 11.00
0 5 1076 1857 1236 21 20 -5 -14 11.00
0 6 1076 1879 1236 21 20 -5 -14 11.00
0 0 1077 1901 1236 21 20 -5 -14 12.00
0 1 1077 1923 1236 21 20 -5 -14 12.00
0 2 1077 1945 1236 21 20 -5 -14 12.00
0 3 1077 1967 1236 21 20 -5 -14 12.00
0 4 1077 1989 1236 21 20 -5 -14 12.00
0 5 1077 2011 1236 21 20 -5 -14 12.00
0 6 1077 0 1258 21 20 -5 -14 12.00
0 0 1105 84 1028 21 23 -5 -17 12.00
0 1 1105 106 1028 21 23 -5 -17 12.00
0 2 1105 128 1028 21 23 -5 -17 12.00
0 3 1105 150 1028 21 23 -5 -17 12.00
0 4 1105 172 1028 21 23 -5 -17 12.00
0 5 1105 194 1028 21 23 -5 -17 12.00
0 6 1105 216 1028 21 23 -5 -17 12.00
0 0 1078 864 1279 22 19 -4 -14 14.00
0 1 1078 887 1279 22 19 -4 -14 14.00
0 2 1078 910 1279 22 19 -4 -14 14.00
0 3 1078 933 1279 22 19 -4 -14 14.00
0 4 1078 956 1279 22 19 -4 -14 14.00
0 5 1078 979 1279 22 19 -4 -14 14.00
0 6 1078 1002 1279 22 19 -4 -14 14.00
0 0 1079 22 1258 20 20 -4 -14 12.00
0 1 1079 43 1258 20 20 -4 -14 12.00
0 2 1079 64 1258 20 20 -4 -14 12.00
0 3 1079 85 1258 20 20 -4 -14 12.00
0 4 1079 106 1258 20 20 -4 -14 12.00
0 5 1079 127 1258 20 20 -4 -14 12.00
0 6 1079 148 1258 20 20 -4 -14 12.00
0 0 1080 1025 1279 20 19 -4 -14 12.00
0 1 1080 1046 1279 20 19 -4 -14 12.00
0 2 1080 1067 1279 20 19 -4 -14 12.00
0 3 1080 1088 1279 20 19 -4 -14 12.00
0 4 1080 1109 1279 20 19 -4 -14 12.00
0 5 1080 1130 1279 20 19 -4 -14 12.00
0 6 1080 1151 1279 20 19 -4 -14 12.00
0 0 1081 238 1028 20 23 -4 -18 12.00
0 1 1081 259 1028 20 23 -4 -18 12.00
0 2 1081 280 1028 20 23 -4 -18 12.00
0 3 1081 301 1028 20 23 -4 -18 12.00
0 4 1081 322 1028 20 23 -4 -18 12.00
0 5 1081 343 1028 20 23 -4 -18 12.00
0 6 1081 364 1028 20 23 -4 -18 12.00
0 0 1082 1172 1279 19 19 -4 -14 11.00
0 1 1082 1192 1279 19 19 -4 -14 11.00
0 2 1082 1212 1279 19 19 -4 -14 11.00
0 3 1082 1232 1279 19 19 -4 -14 11.00
0 4 1082 1252 1279 19 19 -4 -14 11.00
0 5 1082 1272 1279 19 19 -4 -14 11.00
0 6 1082 1292 1279 19 19 -4 -14 11.00
0 0 1083 1312 1279 20 19 -4 -14 11.00
0 1 1083 1333 1279 20 19 -4 -14 11.00
0 2 1083 1354 1279 20 19 -4 -14 11.00
0 3 1083 1375 1279 20 19 -4 -14 11.00
0 4 1083 1396 1279 20 19 -4 -14 11.00
0 5 1083 1417 1279 20 19 -4 -14 11.00
0 6 1083 1438 1279 20 19 -4 -14 11.00
0 0 1084 1459 1279 21 19 -4 -14 13.00
0 1 1084 1481 1279 21 19 -4 -14 13.00
0 2 1084 1503 1279 21 19 -4 -14 13.00
0 3 1084 1525 1279 21 19 -4 -14 13.00
0 4 1084 1547 1279 21 19 -4 -14 13.00
0 5 1084 1569 1279 21 19 -4 -14 13.00
0 6 1084 1591 1279 21 19 -4 -14 13.00
0 0 1085 1995 1300 20 18 -4 -13 12.00
0 1 1085 2016 1300 20 18 -4 -13 12.00
0 2 1085 0 1320 20 18 -4 -13 12.00
0 3 1085 21 1320 20 18 -4 -13 12.00
0 4 1085 42 1320 20 18 -4 -13 12.00
0 5 1085 63 1320 20 18 -4 -13 12.00
0 6 1085 84 1320 20 18 -4 -13 12.00
0 0 1086 169 1258 22 20 -5 -14 12.00
0 1 1086 192 1258 22 20 -5 -14 12.00
0 2 1086 215 1258 22 20 -5 -14 12.00
0 3 1086 238 1258 22 20 -5 -14 12.00
0 4 1086 261 1258 22 20 -5 -14 12.00
0 5 1086 284 1258 22 20 -5 -14 12.00
0 6 1086 307 1258 22 20 -5 -14 12.00
0 0 1087 1613 1279 20 19 -4 -14 12.00
0 1 1087 1634 1279 20 19 -4 -14 12.00
0 2 1087 1655 1279 20 19 -4 -14 12.00
0 3 1087 1676 1279 20 19 -4 -14 12.00
0 4 1087 1697 1279 20 19 -4 -14 12.00
0 5 1087 1718 1279 20 19 -4 -14 12.00
0 6 1087 1739 1279 20 19 -4 -14 12.00
0 0 1088 838 1123 21 22 -4 -14 12.00
0 1 1088 860 1123 21 22 -4 -14 12.00
0 2 1088 882 1123 21 22 -4 -14 12.00
0 3 1088 904 1123 21 22 -4 -14 12.00
0 4 1088 926 1123 21 22 -4 -14 12.00
0 5 1088 948 1123 21 22 -4 -14 12.00
0 6 1088 970 1123 21 22 -4 -14 12.00
0 0 1089 330 1258 21 20 -5 -14 12.00
0 1 1089 352 1258 21 20 -5 -14 12.00
0 2 1089 374 1258 21 20 -5 -14 12.00
0 3 1089 396 1258 21 20 -5 -14 12.00
0 4 1089 418 1258 21 20 -5 -14 12.00
0 5 1089 440 1258 21 20 -5 -14 12.00
0 6 1089 462 1258 21 20 -5 -14 12.00
0 0 1090 1760 1279 17 19 -4 -14 9.00
0 1 1090 1778 1279 17 19 -4 -14 9.00
0 2 1090 1796 1279 17 19 -4 -14 9.00
0 3 1090 1814 1279 17 19 -4 -14 9.00
0 4 1090 1832 1279 17 19 -4 -14 9.00
0 5 1090 1850 1279 17 19 -4 -14 9.00
0 6 1090 1868 1279 17 19 -4 -14 9.00
0 0 1091 385 1028 21 23 -4 -13 12.00
0 1 1091 407 1028 21 23 -4 -13 12.00
0 2 1091 429 1028 21 23 -4 -13 12.00
0 3 1091 451 1028 21 23 -4 -13 12.00
0 4 1091 473 1028 21 23 -4 -13 12.00
0 5 1091 495 1028 21 23 -4 -13 12.00
0 6 1091 517 1028 21 23 -4 -13 12.00
0 0 1092 1490 698 25 25 -5 -17 15.00
0 1 1092 1516 698 25 25 -5 -17 15.00
0 2 1092 1542 698 25 25 -5 -17 15.00
0 3 1092 1568 698 25 25 -5 -17 15.00
0 4 1092 1594 698 25 25 -5 -17 15.00
0 5 1092 1620 698 25 25 -5 -17 15.00
0 6 1092 1646 698 25 25 -5 -17 15.00
0 0 1093 1886 1279 18 19 -4 -14 10.00
0 1 1093 1905 1279 18 19 -4 -14 10.00
0 2 1093 1924 1279 18 19 -4 -14 10.00
0 3 1093 1943 1279 18 19 -4 -14 10.00
0 4 1093 1962 1279 18 19 -4 -14 10.00
0 5 1093 1981 1279 18 19 -4 -14 10.00
0 6 1093 2000 1279 18 19 -4 -14 10.00
0 0 1094 2019 1279 20 19 -4 -13 11.00
0 1 1094 0 1300 20 19 -4 -13 11.00
0 2 1094 21 1300 20 19 -4 -13 11.00
0 3 1094 42 1300 20 19 -4 -13 11.00
0 4 1094 63 1300 20 19 -4 -13 11.00
0 5 1094 84 1300 20 19 -4 -13 11.00
0 6 1094 105 1300 20 19 -4 -13 11.00
0 0 1095 105 1320 21 18 -5 -13 12.00
0 1 1095 127 1320 21 18 -5 -13 12.00
0 2 1095 149 1320 21 18 -5 -13 12.00
0 3 1095 171 1320 21 18 -5 -13 12.00
0 4 1095 193 1320 21 18 -5 -13 12.00
0 5 1095 215 1320 21 18 -5 -13 12.00
0 6 1095 237 1320 21 18 -5 -13 12.00
0 0 1096 484 1258 21 20 -4 -14 13.00
0 1 1096 506 1258 21 20 -4 -14 13.00
0 2 1096 528 1258 21 20 -4 -14 13.00
0 3 1096 550 1258 21 20 -4 -14 13.00
0 4 1096 572 1258 21 20 -4 -14 13.00
0 5 1096 594 1258 21 20 -4 -14 13.00
0 6 1096 616 1258 21 20 -4 -14 13.00
0 0 1097 638 1258 21 20 -4 -14 13.00
0 1 1097 660 1258 21 20 -4 -14 13.00
0 2 1097 682 1258 21 20 -4 -14 13.00
0 3 1097 704 1258 21 20 -4 -14 13.00
0 4 1097 726 1258 21 20 -4 -14 13.00
0 5 1097 748 1258 21 20 -4 -14 13.00
0 6 1097 770 1258 21 20 -4 -14 13.00
0 0 1098 792 1258 21 20 -4 -14 12.00
0 1 1098 814 1258 21 20 -4 -14 12.00
0 2 1098 836 1258 21 20 -4 -14 12.00
0 3 1098 858 1258 21 20 -4 -14 12.00
0 4 1098 880 1258 21 20 -4 -14 12.00
0 5 1098 902 1258 21 20 -4 -14 12.00
0 6 1098 924 1258 21 20 -4 -14 12.00
0 0 1099 946 1258 22 20 -4 -14 14.00
0 1 1099 969 1258 22 20 -4 -14 14.00
0 2 1099 992 1258 22 20 -4 -14 14.00
0 3 1099 1015 1258 22 20 -4 -14 14.00
0 4 1099 1038 1258 22 20 -4 -14 14.00
0 5 1099 1061 1258 22 20 -4 -14 14.00
0 6 1099 1084 1258 22 20 -4 -14 14.00
0 0 1100 126 1300 19 19 -4 -13 11.00
0 1 1100 146 1300 19 19 -4 -13 11.00
0 2 1100 166 1300 19 19 -4 -13 11.00
0 3 1100 186 1300 19 19 -4 -13 11.00
0 4 1100 206 1300 19 19 -4 -13 11.00
0 5 1100 226 1300 19 19 -4 -13 11.00
0 6 1100 246 1300 19 19 -4 -13 11.00
0 0 1101 1107 1258 20 20 -4 -14 12.00
0 1 1101 1128 1258 20 20 -4 -14 12.00
0 2 1101 1149 1258 20 20 -4 -14 12.00
0 3 1101 1170 1258 20 20 -4 -14 12.00
0 4 1101 1191 1258 20 20 -4 -14 12.00
0 5 1101 1212 1258 20 20 -4 -14 12.00
0 6 1101 1233 1258 20 20 -4 -14 12.00
0 0 1102 266 1300 22 19 -4 -14 14.00
0 1 1102 289 1300 22 19 -4 -14 14.00
0 2 1102 312 1300 22 19 -4 -14 14.00
0 3 1102 335 1300 22 19 -4 -14 14.00
0 4 1102 358 1300 22 19 -4 -14 14.00
0 5 1102 381 1300 22 19 -4 -14 14.00
0 6 1102 404 1300 22 19 -4 -14 14.00
0 0 1103 427 1300 19 19 -4 -14 11.00
0 1 1103 447 1300 19 19 -4 -14 11.00
0 2 1103 467 1300 19 19 -4 -14 11.00
0 3 1103 487 1300 19 19 -4 -14 11.00
0 4 1103 507 1300 19 19 -4 -14 11.00
0 5 1103 527 1300 19 19 -4 -14 11.00
0 6 1103 547 1300 19 19 -4 -14 11.00
0 0 176 693 1357 14 15 -4 -18 5.00
0 1 176 708 1357 14 15 -4 -18 5.00
0 2 176 723 1357 14 15 -4 -18 5.00
0 3 176 738 1357 14 15 -4 -18 5.00
0 4 176 753 1357 14 15 -4 -18 5.00
0 5 176 768 1357 14 15 -4 -18 5.00
0 6 176 783 1357 14 15 -4 -18 5.00
0 0 8230 840 1389 19 12 -3 -7 13.00
0 1 8230 860 1389 19 12 -3 -7 13.00
0 2 8230 880 1389 19 12 -3 -7 13.00
0 3 8230 900 1389 19 12 -3 -7 13.00
0 4 8230 920 1389 19 12 -3 -7 13.00
0 5 8230 940 1389 19 12 -3 -7 13.00
0 6 8230 960 1389 19 12 -3 -7 13.00
0 0 177 259 1320 17 18 -3 -14 11.00
0 1 177 277 1320 17 18 -3 -14 11.00
0 2 177 295 1320 17 18 -3 -14 11.00
0 3 177 313 1320 17 18 -3 -14 11.00
0 4 177 331 1320 17 18 -3 -14 11.00
0 5 177 349 1320 17 18 -3 -14 11.00
0 6 177 367 1320 17 18 -3 -14 11.00
0 0 183 980 1389 11 12 -3 -12 5.00
0 1 183 992 1389 11 12 -3 -12 5.00
0 2 183 1004 1389 11 12 -3 -12 5.00
0 3 183 1016 1389 11 12 -3 -12 5.00
0 4 183 1028 1389 11 12 -3 -12 5.00
0 5 183 1040 1389 11 12 -3 -12 5.00
0 6 183 1052 1389 11 12 -3 -12 5.00
0 0 8212 1064 1389 22 12 -3 -11 16.00
0 1 8212 1087 1389 22 12 -3 -11 16.00
0 2 8212 1110 1389 22 12 -3 -11 16.00
0 3 8212 1133 1389 22 12 -3 -11 16.00
0 4 8212 1156 1389 22 12 -3 -11 16.00
0 5 8212 1179 1389 22 12 -3 -11 16.00
0 6 8212 1202 1389 22 12 -3 -11 16.00
0 0 8211 1225 1389 17 12 -3 -11 11.00
0 1 8211 1243 1389 17 12 -3 -11 11.00
0 2 8211 1261 1389 17 12 -3 -11 11.00
0 3 8211 1279 1389 17 12 -3 -11 11.00
0 4 8211 1297 1389 17 12 -3 -11 11.00
0 5 8211 1315 1389 17 12 -3 -11 11.00
0 6 8211 1333 1389 17 12 -3 -11 11.00
0 0 171 17 1339 18 17 -3 -14 12.00
0 1 171 36 1339 18 17 -3 -14 12.00
0 2 171 55 1339 18 17 -3 -14 12.00
0 3 171 74 1339 18 17 -3 -14 12.00
0 4 171 93 1339 18 17 -3 -14 12.00
0 5 171 112 1339 18 17 -3 -14 12.00
0 6 171 131 1339 18 17 -3 -14 12.00
0 0 187 150 1339 18 17 -3 -14 12.00
0 1 187 169 1339 18 17 -3 -14 12.00
0 2 187 188 1339 18 17 -3 -14 12.00
0 3 187 207 1339 18 17 -3 -14 12.00
0 4 187 226 1339 18 17 -3 -14 12.00
0 5 187 245 1339 18 17 -3 -14 12.00
0 6 187 264 1339 18 17 -3 -14 12.00
0 0 8470 539 1028 29 23 -4 -18 22.00
0 1 8470 569 1028 29 23 -4 -18 22.00
0 2 8470 599 1028 29 23 -4 -18 22.00
0 3 8470 629 1028 29 23 -4 -18 22.00
0 4 8470 659 1028 29 23 -4 -18 22.00
0 5 8470 689 1028 29 23 -4 -18 22.00
0 6 8470 719 1028 29 23 -4 -18 22.00
0 0 215 1697 1339 16 16 -2 -14 11.00
0 1 215 1714 1339 16 16 -2 -14 11.00
0 2 215 1731 1339 16 16 -2 -14 11.00
0 3 215 1748 1339 16 16 -2 -14 11.00
0 4 215 1765 1339 16 16 -2 -14 11.00
0 5 215 1782 1339 16 16 -2 -14 11.00
0 6 215 1799 1339 16 16 -2 -14 11.00
0 0 8722 1351 1389 17 12 -3 -12 11.00
0 1 8722 1369 1389 17 12 -3 -12 11.00
0 2 8722 1387 1389 17 12 -3 -12 11.00
0 3 8722 1405 1389 17 12 -3 -12 11.00
0 4 8722 1423 1389 17 12 -3 -12 11.00
0 5 8722 1441 1389 17 12 -3 -12 11.00
0 6 8722 1459 1389 17 12 -3 -12 11.00
0 0 178 385 1320 15 18 -4 -18 7.00
0 1 178 401 1320 15 18 -4 -18 7.00
0 2 178 417 1320 15 18 -4 -18 7.00
0 3 178 433 1320 15 18 -4 -18 7.00
0 4 178 449 1320 15 18 -4 -18 7.00
0 5 178 465 1320 15 18 -4 -18 7.00
0 6 178 481 1320 15 18 -4 -18 7.00
0 0 8322 0 0 0 0 0 0 10.00
0 1 8322 0 0 0 0 0 0 10.00
0 2 8322 0 0 0 0 0 0 10.00
0 3 8322 0 0 0 0 0 0 10.00
0 4 8322 0 0 0 0 0 0 10.00
0 5 8322 0 0 0 0 0 0 10.00
0 6 8322 0 0 0 0 0 0 10.00
0 0 8593 0 0 0 0 0 0 10.00
0 1 8593 0 0 0 0 0 0 10.00
0 2 8593 0 0 0 0 0 0 10.00
0 3 8593 0 0 0 0 0 0 10.00
0 4 8593 0 0 0 0 0 0 10.00
0 5 8593 0 0 0 0 0 0 10.00
0 6 8593 0 0 0 0 0 0 10.00
0 0 8595 0 0 0 0 0 0 10.00
0 1 8595 0 0 0 0 0 0 10.00
0 2 8595 0 0 0 0 0 0 10.00
0 3 8595 0 0 0 0 0 0 10.00
0 4 8595 0 0 0 0 0 0 10.00
0 5 8595 0 0 0 0 0 0 10.00
0 6 8595 0 0 0 0 0 0 10.00
0 0 8592 0 0 0 0 0 0 10.00
0 1 8592 0 0 0 0 0 0 10.00
0 2 8592 0 0 0 0 0 0 10.00
0 3 8592 0 0 0 0 0 0 10.00
0 4 8592 0 0 0 0 0 0 10.00
0 5 8592 0 0 0 0 0 0 10.00
0 6 8592 0 0 0 0 0 0 10.00
0 0 8594 0 0 0 0 0 0 10.00
0 1 8594 0 0 0 0 0 0 10.00
0 2 8594 0 0 0 0 0 0 10.00
0 3 8594 0 0 0 0 0 0 10.00
0 4 8594 0 0 0 0 0 0 10.00
0 5 8594 0 0 0 0 0 0 10.00
0 6 8594 0 0 0 0 0 0 10.00
0 0 9650 0 0 0 0 0 0 10.00
0 1 9650 0 0 0 0 0 0 10.00
0 2 9650 0 0 0 0 0 0 10.00
0 3 9650 0 0 0 0 0 0 10.00
0 4 9650 0 0 0 0 0 0 10.00
0 5 9650 0 0 0 0 0 0 10.00
0 6 9650 0 0 0 0 0 0 10.00
0 0 9654 0 0 0 0 0 0 10.00
0 1 9654 0 0 0 0 0 0 10.00
0 2 9654 0 0 0 0 0 0 10.00
0 3 9654 0 0 0 0 0 0 10.00
0 4 9654 0 0 0 0 0 0 10.00
0 5 9654 0 0 0 0 0 0 10.00
0 6 9654 0 0 0 0 0 0 10.00
0 0 9664 0 0 0 0 0 0 10.00
0 1 9664 0 0 0 0 0 0 10.00
0 2 9664 0 0 0 0 0 0 10.00
0 3 9664 0 0 0 0 0 0 10.00
0 4 9664 0 0 0 0 0 0 10.00
0 5 9664 0 0 0 0 0 0 10.00
0 6 9664 0 0 0 0 0 0 10.00
0 0 9656 0 0 0 0 0 0 10.00
0 1 9656 0 0 0 0 0 0 10.00
0 2 9656 0 0 0 0 0 0 10.00
0 3 9656 0 0 0 0 0 0 10.00
0 4 9656 0 0 0 0 0 0 10.00
0 5 9656 0 0 0 0 0 0 10.00
0 6 9656 0 0 0 0 0 0 10.00
0 0 9666 0 0 0 0 0 0 10.00
0 1 9666 0 0 0 0 0 0 10.00
0 2 9666 0 0 0 0 0 0 10.00
0 3 9666 0 0 0 0 0 0 10.00
0 4 9666 0 0 0 0 0 0 10.00
0 5 9666 0 0 0 0 0 0 10.00
0 6 9666 0 0 0 0 0 0 10.00
0 0 10003 0 0 0 0 0 0 10.00
0 1 10003 0 0 0 0 0 0 10.00
0 2 10003 0 0 0 0 0 0 10.00
0 3 10003 0 0 0 0 0 0 10.00
0 4 10003 0 0 0 0 0 0 10.00
0 5 10003 0 0 0 0 0 0 10.00
0 6 10003 0 0 0 0 0 0 10.00
0 0 8776 798 1357 17 15 -3 -13 11.00
0 1 8776 816 1357 17 15 -3 -13 11.00
0 2 8776 834 1357 17 15 -3 -13 11.00
0 3 8776 852 1357 17 15 -3 -13 11.00
0 4 8776 870 1357 17 15 -3 -13 11.00
0 5 8776 888 1357 17 15 -3 -13 11.00
0 6 8776 906 1357 17 15 -3 -13 11.00
0 0 8804 497 1320 17 18 -3 -15 11.00
0 1 8804 515 1320 17 18 -3 -15 11.00
0 2 8804 533 1320 17 18 -3 -15 11.00
0 3 8804 551 1320 17 18 -3 -15 11.00
0 4 8804 569 1320 17 18 -3 -15 11.00
0 5 8804 587 1320 17 18 -3 -15 11.00
0 6 8804 605 1320 17 18 -3 -15 11.00
0 0 8805 623 1320 17 18 -3 -15 11.00
0 1 8805 641 1320 17 18 -3 -15 11.00
0 2 8805 659 1320 17 18 -3 -15 11.00
0 3 8805 677 1320 17 18 -3 -15 11.00
0 4 8805 695 1320 17 18 -3 -15 11.00
0 5 8805 713 1320 17 18 -3 -15 11.00
0 6 8805 731 1320 17 18 -3 -15 11.00
0 0 916 749 1028 21 23 -4 -17 13.00
0 1 916 771 1028 21 23 -4 -17 13.00
0 2 916 793 1028 21 23 -4 -17 13.00
0 3 916 815 1028 21 23 -4 -17 13.00
0 4 916 837 1028 21 23 -4 -17 13.00
0 5 916 859 1028 21 23 -4 -17 13.00
0 6 916 881 1028 21 23 -4 -17 13.00
1 0 32 0 0 0 0 0 0 6.00
1 1 32 0 0 0 0 0 0 6.00
1 2 32 0 0 0 0 0 0 6.00
1 3 32 0 0 0 0 0 0 6.00
1 4 32 0 0 0 0 0 0 6.00
1 5 32 0 0 0 0 0 0 6.00
1 6 32 0 0 0 0 0 0 6.00
1 0 33 1672 698 13 25 -4 -20 6.00
1 1 33 1686 698 13 25 -4 -20 6.00
1 2 33 1700 698 13 25 -4 -20 6.00
1 3 33 1714 698 13 25 -4 -20 6.00
1 4 33 1728 698 13 25 -4 -20 6.00
1 5 33 1742 698 13 25 -4 -20 6.00
1 6 33 1756 698 13 25 -4 -20 6.00
1 0 34 1816 1339 16 16 -4 -21 8.00
1 1 34 1833 1339 16 16 -4 -21 8.00
1 2 34 1850 1339 16 16 -4 -21 8.00
1 3 34 1867 1339 16 16 -4 -21 8.00
1 4 34 1884 1339 16 16 -4 -21 8.00
1 5 34 1901 1339 16 16 -4 -21 8.00
1 6 34 1918 1339 16 16 -4 -21 8.00
1 0 35 1855 855 21 24 -4 -19 13.00
1 1 35 1877 855 21 24 -4 -19 13.00
1 2 35 1899 855 21 24 -4 -19 13.00
1 3 35 1921 855 21 24 -4 -19 13.00
1 4 35 1943 855 21 24 -4 -19 13.00
1 5 35 1965 855 21 24 -4 -19 13.00
1 6 35 1987 855 21 24 -4 -19 13.00
1 0 36 1981 476 21 27 -3 -21 15.00
1 1 36 2003 476 21 27 -3 -21 15.00
1 2 36 2025 476 21 27 -3 -21 15.00
1 3 36 0 505 21 27 -3 -21 15.00
1 4 36 22 505 21 27 -3 -21 15.00
1 5 36 44 505 21 27 -3 -21 15.00
1 6 36 66 505 21 27 -3 -21 15.00
1 0 37 1770 698 26 25 -4 -20 18.00
1 1 37 1797 698 26 25 -4 -20 18.00
1 2 37 1824 698 26 25 -4 -20 18.00
1 3 37 1851 698 26 25 -4 -20 18.00
1 4 37 1878 698 26 25 -4 -20 18.00
1 5 37 1905 698 26 25 -4 -20 18.00
1 6 37 1932 698 26 25 -4 -20 18.00
1 0 38 207 617 22 26 -4 -20 14.00
1 1 38 230 617 22 26 -4 -20 14.00
1 2 38 253 617 22 26 -4 -20 14.00
1 3 38 276 617 22 26 -4 -20 14.00
1 4 38 299 617 22 26 -4 -20 14.00
1 5 38 322 617 22 26 -4 -20 14.00
1 6 38 345 617 22 26 -4 -20 14.00
1 0 39 924 1357 13 15 -4 -20 5.00
1 1 39 938 1357 13 15 -4 -20 5.00
1 2 39 952 1357 13 15 -4 -20 5.00
1 3 39 966 1357 13 15 -4 -20 5.00
1 4 39 980 1357 13 15 -4 -20 5.00
1 5 39 994 1357 13 15 -4 -20 5.00
1 6 39 1008 1357 13 15 -4 -20 5.00
1 0 40 1716 297 14 29 -4 -20 6.00
1 1 40 1731 297 14 29 -4 -20 6.00
1 2 40 1746 297 14 29 -4 -20 6.00
1 3 40 1761 297 14 29 -4 -20 6.00
1 4 40 1776 297 14 29 -4 -20 6.00
1 5 40 1791 297 14 29 -4 -20 6.00
1 6 40 1806 297 14 29 -4 -20 6.00
1 0 41 1821 297 15 29 -4 -20 6.00
1 1 41 1837 297 15 29 -4 -20 6.00
1 2 41 1853 297 15 29 -4 -20 6.00
1 3 41 1869 297 15 29 -4 -20 6.00
1 4 41 1885 297 15 29 -4 -20 6.00
1 5 41 1901 297 15 29 -4 -20 6.00
1 6 41 1917 297 15 29 -4 -20 6.00
1 0 42 1935 1339 15 16 -3 -19 9.00
1 1 42 1951 1339 15 16 -3 -19 9.00
1 2 42 1967 1339 15 16 -3 -19 9.00
1 3 42 1983 1339 15 16 -3 -19 9.00
1 4 42 1999 1339 15 16 -3 -19 9.00
1 5 42 2015 1339 15 16 -3 -19 9.00
1 6 42 2031 1339 15 16 -3 -19 9.00
1 0 43 749 1320 19 18 -3 -16 13.00
1 1 43 769 1320 19 18 -3 -16 13.00
1 2 43 789 1320 19 18 -3 -16 13.00
1 3 43 809 1320 19 18 -3 -16 13.00
1 4 43 829 1320 19 18 -3 -16 13.00
1 5 43 849 1320 19 18 -3 -16 13.00
1 6 43 869 1320 19 18 -3 -16 13.00
1 0 44 1694 1357 13 14 -4 -7 5.00
1 1 44 1708 1357 13 14 -4 -7 5.00
1 2 44 1722 1357 13 14 -4 -7 5.00
1 3 44 1736 1357 13 14 -4 -7 5.00
1 4 44 1750 1357 13 14 -4 -7 5.00
1 5 44 1764 1357 13 14 -4 -7 5.00
1 6 44 1778 1357 13 14 -4 -7 5.00
1 0 45 1477 1389 15 12 -2 -12 11.00
1 1 45 1493 1389 15 12 -2 -12 11.00
1 2 45 1509 1389 15 12 -2 -12 11.00
1 3 45 1525 1389 15 12 -2 -12 11.00
1 4 45 1541 1389 15 12 -2 -12 11.00
1 5 45 1557 1389 15 12 -2 -12 11.00
1 6 45 1573 1389 15 12 -2 -12 11.00
1 0 46 1589 1389 11 12 -3 -7 6.00
1 1 46 1601 1389 11 12 -3 -7 6.00
1 2 46 1613 1389 11 12 -3 -7 6.00
1 3 46 1625 1389 11 12 -3 -7 6.00
1 4 46 1637 1389 11 12 -3 -7 6.00
1 5 46 1649 1389 11 12 -3 -7 6.00
1 6 46 1661 1389 11 12 -3 -7 6.00
1 0 47 1933 297 16 29 -4 -21 7.00
1 1 47 1950 297 16 29 -4 -21 7.00
1 2 47 1967 297 16 29 -4 -21 7.00
1 3 47 1984 297 16 29 -4 -21 7.00
1 4 47 2001 297 16 29 -4 -21 7.00
1 5 47 2018 297 16 29 -4 -21 7.00
1 6 47 0 328 16 29 -4 -21 7.00
1 0 48 1959 698 22 25 -4 -20 15.00
1 1 48 1982 698 22 25 -4 -20 15.00
1 2 48 2005 698 22 25 -4 -20 15.00
1 3 48 0 725 22 25 -4 -20 15.00
1 4 48 23 725 22 25 -4 -20 15.00
1 5 48 46 725 22 25 -4 -20 15.00
1 6 48 69 725 22 25 -4 -20 15.00
1 0 49 2009 855 15 24 -3 -19 8.00
1 1 49 2025 855 15 24 -3 -19 8.00
1 2 49 0 880 15 24 -3 -19 8.00
1 3 49 16 880 15 24 -3 -19 8.00
1 4 49 32 880 15 24 -3 -19 8.00
1 5 49 48 880 15 24 -3 -19 8.00
1 6 49 64 880 15 24 -3 -19 8.00
1 0 50 368 617 21 26 -4 -20 13.00
1 1 50 390 617 21 26 -4 -20 13.00
1 2 50 412 617 21 26 -4 -20 13.00
1 3 50 434 617 21 26 -4 -20 13.00
1 4 50 456 617 21 26 -4 -20 13.00
1 5 50 478 617 21 26 -4 -20 13.00
1 6 50 500 617 21 26 -4 -20 13.00
1 0 51 92 725 20 25 -3 -20 14.00
1 1 51 113 725 20 25 -3 -20 14.00
1 2 51 134 725 20 25 -3 -20 14.00
1 3 51 155 725 20 25 -3 -20 14.00
1 4 51 176 725 20 25 -3 -20 14.00
1 5 51 197 725 20 25 -3 -20 14.00
1 6 51 218 725 20 25 -3 -20 14.00
1 0 52 80 880 21 24 -4 -19 13.00
1 1 52 102 880 21 24 -4 -19 13.00
1 2 52 124 880 21 24 -4 -19 13.00
1 3 52 146 880 21 24 -4 -19 13.00
1 4 52 168 880 21 24 -4 -19 13.00
1 5 52 190 880 21 24 -4 -19 13.00
1 6 52 212 880 21 24 -4 -19 13.00
1 0 53 239 725 22 25 -4 -20 14.00
1 1 53 262 725 22 25 -4 -20 14.00
1 2 53 285 725 22 25 -4 -20 14.00
1 3 53 308 725 22 25 -4 -20 14.00
1 4 53 331 725 22 25 -4 -20 14.00
1 5 53 354 725 22 25 -4 -20 14.00
1 6 53 377 725 22 25 -4 -20 14.00
1 0 54 400 725 22 25 -4 -20 14.00
1 1 54 423 725 22 25 -4 -20 14.00
1 2 54 446 725 22 25 -4 -20 14.00
1 3 54 469 725 22 25 -4 -20 14.00
1 4 54 492 725 22 25 -4 -20 14.00
1 5 54 515 725 22 25 -4 -20 14.00
1 6 54 538 725 22 25 -4 -20 14.00
1 0 55 561 725 19 25 -3 -20 11.00
1 1 55 581 725 19 25 -3 -20 11.00
1 2 55 601 725 19 25 -3 -20 11.00
1 3 55 621 725 19 25 -3 -20 11.00
1 4 55 641 725 19 25 -3 -20 11.00
1 5 55 661 725 19 25 -3 -20 11.00
1 6 55 681 725 19 25 -3 -20 11.00
1 0 56 701 725 22 25 -4 -20 14.00
1 1 56 724 725 22 25 -4 -20 14.00
1 2 56 747 725 22 25 -4 -20 14.00
1 3 56 770 725 22 25 -4 -20 14.00
1 4 56 793 725 22 25 -4 -20 14.00
1 5 56 816 725 22 25 -4 -20 14.00
1 6 56 839 725 22 25 -4 -20 14.00
1 0 57 862 725 22 25 -4 -20 14.00
1 1 57 885 725 22 25 -4 -20 14.00
1 2 57 908 725 22 25 -4 -20 14.00
1 3 57 931 725 22 25 -4 -20 14.00
1 4 57 954 725 22 25 -4 -20 14.00
1 5 57 977 725 22 25 -4 -20 14.00
1 6 57 1000 725 22 25 -4 -20 14.00
1 0 58 567 1300 11 19 -3 -14 6.00
1 1 58 579 1300 11 19 -3 -14 6.00
1 2 58 591 1300 11 19 -3 -14 6.00
1 3 58 603 1300 11 19 -3 -14 6.00
1 4 58 615 1300 11 19 -3 -14 6.00
1 5 58 627 1300 11 19 -3 -14 6.00
1 6 58 639 1300 11 19 -3 -14 6.00
1 0 59 1481 1169 13 21 -4 -14 5.00
1 1 59 1495 1169 13 21 -4 -14 5.00
1 2 59 1509 1169 13 21 -4 -14 5.00
1 3 59 1523 1169 13 21 -4 -14 5.00
1 4 59 1537 1169 13 21 -4 -14 5.00
1 5 59 1551 1169 13 21 -4 -14 5.00
1 6 59 1565 1169 13 21 -4 -14 5.00
1 0 60 889 1320 17 18 -2 -16 13.00
1 1 60 907 1320 17 18 -2 -16 13.00
1 2 60 925 1320 17 18 -2 -16 13.00
1 3 60 943 1320 17 18 -2 -16 13.00
1 4 60 961 1320 17 18 -2 -16 13.00
1 5 60 979 1320 17 18 -2 -16 13.00
1 6 60 997 1320 17 18 -2 -16 13.00
1 0 61 1022 1357 19 15 -3 -15 13.00
1 1 61 1042 1357 19 15 -3 -15 13.00
1 2 61 1062 1357 19 15 -3 -15 13.00
1 3 61 1082 1357 19 15 -3 -15 13.00
1 4 61 1102 1357 19 15 -3 -15 13.00
1 5 61 1122 1357 19 15 -3 -15 13.00
1 6 61 1142 1357 19 15 -3 -15 13.00
1 0 62 1015 1320 17 18 -2 -16 13.00
1 1 62 1033 1320 17 18 -2 -16 13.00
1 2 62 1051 1320 17 18 -2 -16 13.00
1 3 62 1069 1320 17 18 -2 -16 13.00
1 4 62 1087 1320 17 18 -2 -16 13.00
1 5 62 1105 1320 17 18 -2 -16 13.00
1 6 62 1123 1320 17 18 -2 -16 13.00
1 0 63 1023 725 20 25 -5 -20 11.00
1 1 63 1044 725 20 25 -5 -20 11.00
1 2 63 1065 725 20 25 -5 -20 11.00
1 3 63 1086 725 20 25 -5 -20 11.00
1 4 63 1107 725 20 25 -5 -20 11.00
1 5 63 1128 725 20 25 -5 -20 11.00
1 6 63 1149 725 20 25 -5 -20 11.00
1 0 64 234 880 24 24 -4 -18 16.00
1 1 64 259 880 24 24 -4 -18 16.00
1 2 64 284 880 24 24 -4 -18 16.00
1 3 64 309 880 24 24 -4 -18 16.00
1 4 64 334 880 24 24 -4 -18 16.00
1 5 64 359 880 24 24 -4 -18 16.00
1 6 64 384 880 24 24 -4 -18 16.00
1 0 65 409 880 23 24 -4 -19 14.00
1 1 65 433 880 23 24 -4 -19 14.00
1 2 65 457 880 23 24 -4 -19 14.00
1 3 65 481 880 23 24 -4 -19 14.00
1 4 65 505 880 23 24 -4 -19 14.00
1 5 65 529 880 23 24 -4 -19 14.00
1 6 65 553 880 23 24 -4 -19 14.00
1 0 66 522 617 21 26 -3 -20 14.00
1 1 66 544 617 21 26 -3 -20 14.00
1 2 66 566 617 21 26 -3 -20 14.00
1 3 66 588 617 21 26 -3 -20 14.00
1 4 66 610 617 21 26 -3 -20 14.00
1 5 66 632 617 21 26 -3 -20 14.00
1 6 66 654 617 21 26 -3 -20 14.00
1 0 67 676 617 22 26 -4 -20 15.00
1 1 67 699 617 22 26 -4 -20 15.00
1 2 67 722 617 22 26 -4 -20 15.00
1 3 67 745 617 22 26 -4 -20 15.00
1 4 67 768 617 22 26 -4 -20 15.00
1 5 67 791 617 22 26 -4 -20 15.00
1 6 67 814 617 22 26 -4 -20 15.00
1 0 68 837 617 22 26 -3 -20 16.00
1 1 68 860 617 22 26 -3 -20 16.00
1 2 68 883 617 22 26 -3 -20 16.00
1 3 68 906 617 22 26 -3 -20 16.00
1 4 68 929 617 22 26 -3 -20 16.00
1 5 68 952 617 22 26 -3 -20 16.00
1 6 68 975 617 22 26 -3 -20 16.00
1 0 69 998 617 19 26 -3 -20 13.00
1 1 69 1018 617 19 26 -3 -20 13.00
1 2 69 1038 617 19 26 -3 -20 13.00
1 3 69 1058 617 19 26 -3 -20 13.00
1 4 69 1078 617 19 26 -3 -20 13.00
1 5 69 1098 617 19 26 -3 -20 13.00
1 6 69 1118 617 19 26 -3 -20 13.00
1 0 70 1170 725 19 25 -3 -20 12.00
1 1 70 1190 725 19 25 -3 -20 12.00
1 2 70 1210 725 19 25 -3 -20 12.00
1 3 70 1230 725 19 25 -3 -20 12.00
1 4 70 1250 725 19 25 -3 -20 12.00
1 5 70 1270 725 19 25 -3 -20 12.00
1 6 70 1290 725 19 25 -3 -20 12.00
1 0 71 1138 617 23 26 -4 -20 15.00
1 1 71 1162 617 23 26 -4 -20 15.00
1 2 71 1186 617 23 26 -4 -20 15.00
1 3 71 1210 617 23 26 -4 -20 15.00
1 4 71 1234 617 23 26 -4 -20 15.00
1 5 71 1258 617 23 26 -4 -20 15.00
1 6 71 1282 617 23 26 -4 -20 15.00
1 0 72 577 880 23 24 -3 -19 17.00
1 1 72 601 880 23 24 -3 -19 17.00
1 2 72 625 880 23 24 -3 -19 17.00
1 3 72 649 880 23 24 -3 -19 17.00
1 4 72 673 880 23 24 -3 -19 17.00
1 5 72 697 880 23 24 -3 -19 17.00
1 6 72 721 880 23 24 -3 -19 17.00
1 0 73 745 880 13 24 -3 -19 6.00
1 1 73 759 880 13 24 -3 -19 6.00
1 2 73 773 880 13 24 -3 -19 6.00
1 3 73 787 880 13 24 -3 -19 6.00
1 4 73 801 880 13 24 -3 -19 6.00
1 5 73 815 880 13 24 -3 -19 6.00
1 6 73 829 880 13 24 -3 -19 6.00
1 0 74 843 880 21 24 -4 -19 13.00
1 1 74 865 880 21 24 -4 -19 13.00
1 2 74 887 880 21 24 -4 -19 13.00
1 3 74 909 880 21 24 -4 -19 13.00
1 4 74 931 880 21 24 -4 -19 13.00
1 5 74 953 880 21 24 -4 -19 13.00
1 6 74 975 880 21 24 -4 -19 13.00
1 0 75 997 880 19 24 -3 -19 13.00
1 1 75 1017 880 19 24 -3 -19 13.00
1 2 75 1037 880 19 24 -3 -19 13.00
1 3 75 1057 880 19 24 -3 -19 13.00
1 4 75 1077 880 19 24 -3 -19 13.00
1 5 75 1097 880 19 24 -3 -19 13.00
1 6 75 1117 880 19 24 -3 -19 13.00
1 0 76 1310 725 18 25 -3 -19 12.00
1 1 76 1329 725 18 25 -3 -19 12.00
1 2 76 1348 725 18 25 -3 -19 12.00
1 3 76 1367 725 18 25 -3 -19 12.00
1 4 76 1386 725 18 25 -3 -19 12.00
1 5 76 1405 725 18 25 -3 -19 12.00
1 6 76 1424 725 18 25 -3 -19 12.00
1 0 77 1137 880 24 24 -3 -19 18.00
1 1 77 1162 880 24 24 -3 -19 18.00
1 2 77 1187 880 24 24 -3 -19 18.00
1 3 77 1212 880 24 24 -3 -19 18.00
1 4 77 1237 880 24 24 -3 -19 18.00
1 5 77 1262 880 24 24 -3 -19 18.00
1 6 77 1287 880 24 24 -3 -19 18.00
1 0 78 1312 880 23 24 -3 -19 16.00
1 1 78 1336 880 23 24 -3 -19 16.00
1 2 78 1360 880 23 24 -3 -19 16.00
1 3 78 1384 880 23 24 -3 -19 16.00
1 4 78 1408 880 23 24 -3 -19 16.00
1 5 78 1432 880 23 24 -3 -19 16.00
1 6 78 1456 880 23 24 -3 -19 16.00
1 0 79 1306 617 24 26 -4 -20 16.00
1 1 79 1331 617 24 26 -4 -20 16.00
1 2 79 1356 617 24 26 -4 -20 16.00
1 3 79 1381 617 24 26 -4 -20 16.00
1 4 79 1406 617 24 26 -4 -20 16.00
1 5 79 1431 617 24 26 -4 -20 16.00
1 6 79 1456 617 24 26 -4 -20 16.00
1 0 80 1443 725 21 25 -3 -20 13.00
1 1 80 1465 725 21 25 -3 -20 13.00
1 2 80 1487 725 21 25 -3 -20 13.00
1 3 80 1509 725 21 25 -3 -20 13.00
1 4 80 1531 725 21 25 -3 -20 13.00
1 5 80 1553 725 21 25 -3 -20 13.00
1 6 80 1575 725 21 25 -3 -20 13.00
1 0 81 1481 617 24 26 -4 -20 16.00
1 1 81 1506 617 24 26 -4 -20 16.00
1 2 81 1531 617 24 26 -4 -20 16.00
1 3 81 1556 617 24 26 -4 -20 16.00
1 4 81 1581 617 24 26 -4 -20 16.00
1 5 81 1606 617 24 26 -4 -20 16.00
1 6 81 1631 617 24 26 -4 -20 16.00
1 0 82 1597 725 21 25 -3 -20 14.00
1 1 82 1619 725 21 25 -3 -20 14.00
1 2 82 1641 725 21 25 -3 -20 14.00
1 3 82 1663 725 21 25 -3 -20 14.00
1 4 82 1685 725 21 25 -3 -20 14.00
1 5 82 1707 725 21 25 -3 -20 14.00
1 6 82 1729 725 21 25 -3 -20 14.00
1 0 83 1656 617 22 26 -3 -20 15.00
1 1 83 1679 617 22 26 -3 -20 15.00
1 2 83 1702 617 22 26 -3 -20 15.00
1 3 83 1725 617 22 26 -3 -20 15.00
1 4 83 1748 617 22 26 -3 -20 15.00
1 5 83 1771 617 22 26 -3 -20 15.00
1 6 83 1794 617 22 26 -3 -20 15.00
1 0 84 1751 725 21 25 -4 -20 13.00
1 1 84 1773 725 21 25 -4 -20 13.00
1 2 84 1795 725 21 25 -4 -20 13.00
1 3 84 1817 725 21 25 -4 -20 13.00
1 4 84 1839 725 21 25 -4 -20 13.00
1 5 84 1861 725 21 25 -4 -20 13.00
1 6 84 1883 725 21 25 -4 -20 13.00
1 0 85 1905 725 24 25 -4 -19 16.00
1 1 85 1930 725 24 25 -4 -19 16.00
1 2 85 1955 725 24 25 -4 -19 16.00
1 3 85 1980 725 24 25 -4 -19 16.00
1 4 85 2005 725 24 25 -4 -19 16.00
1 5 85 0 751 24 25 -4 -19 16.00
1 6 85 25 751 24 25 -4 -19 16.00
1 0 86 1480 880 22 24 -4 -19 14.00
1 1 86 1503 880 22 24 -4 -19 14.00
1 2 86 1526 880 22 24 -4 -19 14.00
1 3 86 1549 880 22 24 -4 -19 14.00
1 4 86 1572 880 22 24 -4 -19 14.00
1 5 86 1595 880 22 24 -4 -19 14.00
1 6 86 1618 880 22 24 -4 -19 14.00
1 0 87 1641 880 29 24 -5 -19 19.00
1 1 87 1671 880 29 24 -5 -19 19.00
1 2 87 1701 880 29 24 -5 -19 19.00
1 3 87 1731 880 29 24 -5 -19 19.00
1 4 87 1761 880 29 24 -5 -19 19.00
1 5 87 1791 880 29 24 -5 -19 19.00
1 6 87 1821 880 29 24 -5 -19 19.00
1 0 88 1851 880 21 24 -4 -19 13.00
1 1 88 1873 880 21 24 -4 -19 13.00
1 2 88 1895 880 21 24 -4 -19 13.00
1 3 88 1917 880 21 24 -4 -19 13.00
1 4 88 1939 880 21 24 -4 -19 13.00
1 5 88 1961 880 21 24 -4 -19 13.00
1 6 88 1983 880 21 24 -4 -19 13.00
1 0 89 2005 880 21 24 -4 -19 13.00
1 1 89 0 905 21 24 -4 -19 13.00
1 2 89 22 905 21 24 -4 -19 13.00
1 3 89 44 905 21 24 -4 -19 13.00
1 4 89 66 905 21 24 -4 -19 13.00
1 5 89 88 905 21 24 -4 -19 13.00
1 6 89 110 905 21 24 -4 -19 13.00
1 0 90 1817 617 22 26 -4 -20 15.00
1 1 90 1840 617 22 26 -4 -20 15.00
1 2 90 1863 617 22 26 -4 -20 15.00
1 3 90 1886 617 22 26 -4 -20 15.00
1 4 90 1909 617 22 26 -4 -20 15.00
1 5 90 1932 617 22 26 -4 -20 15.00
1 6 90 1955 617 22 26 -4 -20 15.00
1 0 91 17 328 13 29 -4 -20 5.00
1 1 91 31 328 13 29 -4 -20 5.00
1 2 91 45 328 13 29 -4 -20 5.00
1 3 91 59 328 13 29 -4 -20 5.00
1 4 91 73 328 13 29 -4 -20 5.00
1 5 91 87 328 13 29 -4 -20 5.00
1 6 91 101 328 13 29 -4 -20 5.00
1 0 92 115 328 16 29 -5 -21 7.00
1 1 92 132 328 16 29 -5 -21 7.00
1 2 92 149 328 16 29 -5 -21 7.00
1 3 92 166 328 16 29 -5 -21 7.00
1 4 92 183 328 16 29 -5 -21 7.00
1 5 92 200 328 16 29 -5 -21 7.00
1 6 92 217 328 16 29 -5 -21 7.00
1 0 93 234 328 13 29 -4 -20 5.00
1 1 93 248 328 13 29 -4 -20 5.00
1 2 93 262 328 13 29 -4 -20 5.00
1 3 93 276 328 13 29 -4 -20 5.00
1 4 93 290 328 13 29 -4 -20 5.00
1 5 93 304 328 13 29 -4 -20 5.00
1 6 93 318 328 13 29 -4 -20 5.00
1 0 94 0 1357 15 16 -3 -20 9.00
1 1 94 16 1357 15 16 -3 -20 9.00
1 2 94 32 1357 15 16 -3 -20 9.00
1 3 94 48 1357 15 16 -3 -20 9.00
1 4 94 64 1357 15 16 -3 -20 9.00
1 5 94 80 1357 15 16 -3 -20 9.00
1 6 94 96 1357 15 16 -3 -20 9.00
1 0 95 1090 1374 16 13 -3 -6 10.00
1 1 95 1107 1374 16 13 -3 -6 10.00
1 2 95 1124 1374 16 13 -3 -6 10.00
1 3 95 1141 1374 16 13 -3 -6 10.00
1 4 95 1158 1374 16 13 -3 -6 10.00
1 5 95 1175 1374 16 13 -3 -6 10.00
1 6 95 1192 1374 16 13 -3 -6 10.00
1 0 96 1673 1389 12 12 -3 -19 5.00
1 1 96 1686 1389 12 12 -3 -19 5.00
1 2 96 1699 1389 12 12 -3 -19 5.00
1 3 96 1712 1389 12 12 -3 -19 5.00
1 4 96 1725 1389 12 12 -3 -19 5.00
1 5 96 1738 1389 12 12 -3 -19 5.00
1 6 96 1751 1389 12 12 -3 -19 5.00
1 0 97 1579 1169 21 21 -3 -16 14.00
1 1 97 1601 1169 21 21 -3 -16 14.00
1 2 97 1623 1169 21 21 -3 -16 14.00
1 3 97 1645 1169 21 21 -3 -16 14.00
1 4 97 1667 1169 21 21 -3 -16 14.00
1 5 97 1689 1169 21 21 -3 -16 14.00
1 6 97 1711 1169 21 21 -3 -16 14.00
1 0 98 50 751 21 25 -3 -20 14.00
1 1 98 72 751 21 25 -3 -20 14.00
1 2 98 94 751 21 25 -3 -20 14.00
1 3 98 116 751 21 25 -3 -20 14.00
1 4 98 138 751 21 25 -3 -20 14.00
1 5 98 160 751 21 25 -3 -20 14.00
1 6 98 182 751 21 25 -3 -20 14.00
1 0 99 1733 1169 20 21 -4 -16 13.00
1 1 99 1754 1169 20 21 -4 -16 13.00
1 2 99 1775 1169 20 21 -4 -16 13.00
1 3 99 1796 1169 20 21 -4 -16 13.00
1 4 99 1817 1169 20 21 -4 -16 13.00
1 5 99 1838 1169 20 21 -4 -16 13.00
1 6 99 1859 1169 20 21 -4 -16 13.00
1 0 100 204 751 22 25 -4 -20 14.00
1 1 100 227 751 22 25 -4 -20 14.00
1 2 100 250 751 22 25 -4 -20 14.00
1 3 100 273 751 22 25 -4 -20 14.00
1 4 100 296 751 22 25 -4 -20 14.00
1 5 100 319 751 22 25 -4 -20 14.00
1 6 100 342 751 22 25 -4 -20 14.00
1 0 101 1880 1169 21 21 -4 -16 14.00
1 1 101 1902 1169 21 21 -4 -16 14.00
1 2 101 1924 1169 21 21 -4 -16 14.00
1 3 101 1946 1169 21 21 -4 -16 14.00
1 4 101 1968 1169 21 21 -4 -16 14.00
1 5 101 1990 1169 21 21 -4 -16 14.00
1 6 101 2012 1169 21 21 -4 -16 14.00
1 0 102 1978 617 16 26 -4 -21 8.00
1 1 102 1995 617 16 26 -4 -21 8.00
1 2 102 2012 617 16 26 -4 -21 8.00
1 3 102 2029 617 16 26 -4 -21 8.00
1 4 102 0 644 16 26 -4 -21 8.00
1 5 102 17 644 16 26 -4 -21 8.00
1 6 102 34 644 16 26 -4 -21 8.00
1 0 103 51 644 22 26 -4 -16 14.00
1 1 103 74 644 22 26 -4 -16 14.00
1 2 103 97 644 22 26 -4 -16 14.00
1 3 103 120 644 22 26 -4 -16 14.00
1 4 103 143 644 22 26 -4 -16 14.00
1 5 103 166 644 22 26 -4 -16 14.00
1 6 103 189 644 22 26 -4 -16 14.00
1 0 104 365 751 21 25 -3 -20 14.00
1 1 104 387 751 21 25 -3 -20 14.00
1 2 104 409 751 21 25 -3 -20 14.00
1 3 104 431 751 21 25 -3 -20 14.00
1 4 104 453 751 21 25 -3 -20 14.00
1 5 104 475 751 21 25 -3 -20 14.00
1 6 104 497 751 21 25 -3 -20 14.00
1 0 105 519 751 13 25 -3 -20 6.00
1 1 105 533 751 13 25 -3 -20 6.00
1 2 105 547 751 13 25 -3 -20 6.00
1 3 105 561 751 13 25 -3 -20 6.00
1 4 105 575 751 13 25 -3 -20 6.00
1 5 105 589 751 13 25 -3 -20 6.00
1 6 105 603 751 13 25 -3 -20 6.00
1 0 106 332 328 15 29 -5 -20 6.00
1 1 106 348 328 15 29 -5 -20 6.00
1 2 106 364 328 15 29 -5 -20 6.00
1 3 106 380 328 15 29 -5 -20 6.00
1 4 106 396 328 15 29 -5 -20 6.00
1 5 106 412 328 15 29 -5 -20 6.00
1 6 106 428 328 15 29 -5 -20 6.00
1 0 107 617 751 18 25 -3 -20 11.00
1 1 107 636 751 18 25 -3 -20 11.00
1 2 107 655 751 18 25 -3 -20 11.00
1 3 107 674 751 18 25 -3 -20 11.00
1 4 107 693 751 18 25 -3 -20 11.00
1 5 107 712 751 18 25 -3 -20 11.00
1 6 107 731 751 18 25 -3 -20 11.00
1 0 108 750 751 14 25 -3 -20 7.00
1 1 108 765 751 14 25 -3 -20 7.00
1 2 108 780 751 14 25 -3 -20 7.00
1 3 108 795 751 14 25 -3 -20 7.00
1 4 108 810 751 14 25 -3 -20 7.00
1 5 108 825 751 14 25 -3 -20 7.00
1 6 108 840 751 14 25 -3 -20 7.00
1 0 109 0 1192 27 21 -3 -16 20.00
1 1 109 28 1192 27 21 -3 -16 20.00
1 2 109 56 1192 27 21 -3 -16 20.00
1 3 109 84 1192 27 21 -3 -16 20.00
1 4 109 112 1192 27 21 -3 -16 20.00
1 5 109 140 1192 27 21 -3 -16 20.00
1 6 109 168 1192 27 21 -3 -16 20.00
1 0 110 196 1192 21 21 -3 -16 14.00
1 1 110 218 1192 21 21 -3 -16 14.00
1 2 110 240 1192 21 21 -3 -16 14.00
1 3 110 262 1192 21 21 -3 -16 14.00
1 4 110 284 1192 21 21 -3 -16 14.00
1 5 110 306 1192 21 21 -3 -16 14.00
1 6 110 328 1192 21 21 -3 -16 14.00
1 0 111 350 1192 22 21 -4 -16 14.00
1 1 111 373 1192 22 21 -4 -16 14.00
1 2 111 396 1192 22 21 -4 -16 14.00
1 3 111 419 1192 22 21 -4 -16 14.00
1 4 111 442 1192 22 21 -4 -16 14.00
1 5 111 465 1192 22 21 -4 -16 14.00
1 6 111 488 1192 22 21 -4 -16 14.00
1 0 112 855 751 21 25 -3 -16 14.00
1 1 112 877 751 21 25 -3 -16 14.00
1 2 112 899 751 21 25 -3 -16 14.00
1 3 112 921 751 21 25 -3 -16 14.00
1 4 112 943 751 21 25 -3 -16 14.00
1 5 112 965 751 21 25 -3 -16 14.00
1 6 112 987 751 21 25 -3 -16 14.00
1 0 113 1009 751 22 25 -4 -16 14.00
1 1 113 1032 751 22 25 -4 -16 14.00
1 2 113 1055 751 22 25 -4 -16 14.00
1 3 113 1078 751 22 25 -4 -16 14.00
1 4 113 1101 751 22 25 -4 -16 14.00
1 5 113 1124 751 22 25 -4 -16 14.00
1 6 113 1147 751 22 25 -4 -16 14.00
1 0 114 511 1192 16 21 -3 -16 9.00
1 1 114 528 1192 16 21 -3 -16 9.00
1 2 114 545 1192 16 21 -3 -16 9.00
1 3 114 562 1192 16 21 -3 -16 9.00
1 4 114 579 1192 16 21 -3 -16 9.00
1 5 114 596 1192 16 21 -3 -16 9.00
1 6 114 613 1192 16 21 -3 -16 9.00
1 0 115 992 1123 21 22 -4 -16 13.00
1 1 115 1014 1123 21 22 -4 -16 13.00
1 2 115 1036 1123 21 22 -4 -16 13.00
1 3 115 1058 1123 21 22 -4 -16 13.00
1 4 115 1080 1123 21 22 -4 -16 13.00
1 5 115 1102 1123 21 22 -4 -16 13.00
1 6 115 1124 1123 21 22 -4 -16 13.00
1 0 116 903 1028 16 23 -4 -18 9.00
1 1 116 920 1028 16 23 -4 -18 9.00
1 2 116 937 1028 16 23 -4 -18 9.00
1 3 116 954 1028 16 23 -4 -18 9.00
1 4 116 971 1028 16 23 -4 -18 9.00
1 5 116 988 1028 16 23 -4 -18 9.00
1 6 116 1005 1028 16 23 -4 -18 9.00
1 0 117 630 1192 22 21 -4 -16 14.00
1 1 117 653 1192 22 21 -4 -16 14.00
1 2 117 676 1192 22 21 -4 -16 14.00
1 3 117 699 1192 22 21 -4 -16 14.00
1 4 117 722 1192 22 21 -4 -16 14.00
1 5 117 745 1192 22 21 -4 -16 14.00
1 6 117 768 1192 22 21 -4 -16 14.00
1 0 118 791 1192 20 21 -4 -16 11.00
1 1 118 812 1192 20 21 -4 -16 11.00
1 2 118 833 1192 20 21 -4 -16 11.00
1 3 118 854 1192 20 21 -4 -16 11.00
1 4 118 875 1192 20 21 -4 -16 11.00
1 5 118 896 1192 20 21 -4 -16 11.00
1 6 118 917 1192 20 21 -4 -16 11.00
1 0 119 938 1192 25 21 -4 -16 16.00
1 1 119 964 1192 25 21 -4 -16 16.00
1 2 119 990 1192 25 21 -4 -16 16.00
1 3 119 1016 1192 25 21 -4 -16 16.00
1 4 119 1042 1192 25 21 -4 -16 16.00
1 5 119 1068 1192 25 21 -4 -16 16.00
1 6 119 1094 1192 25 21 -4 -16 16.00
1 0 120 1120 1192 18 21 -3 -16 11.00
1 1 120 1139 1192 18 21 -3 -16 11.00
1 2 120 1158 1192 18 21 -3 -16 11.00
1 3 120 1177 1192 18 21 -3 -16 11.00
1 4 120 1196 1192 18 21 -3 -16 11.00
1 5 120 1215 1192 18 21 -3 -16 11.00
1 6 120 1234 1192 18 21 -3 -16 11.00
1 0 121 212 644 22 26 -4 -16 14.00
1 1 121 235 644 22 26 -4 -16 14.00
1 2 121 258 644 22 26 -4 -16 14.00
1 3 121 281 644 22 26 -4 -16 14.00
1 4 121 304 644 22 26 -4 -16 14.00
1 5 121 327 644 22 26 -4 -16 14.00
1 6 121 350 644 22 26 -4 -16 14.00
1 0 122 1146 1123 20 22 -4 -16 12.00
1 1 122 1167 1123 20 22 -4 -16 12.00
1 2 122 1188 1123 20 22 -4 -16 12.00
1 3 122 1209 1123 20 22 -4 -16 12.00
1 4 122 1230 1123 20 22 -4 -16 12.00
1 5 122 1251 1123 20 22 -4 -16 12.00
1 6 122 1272 1123 20 22 -4 -16 12.00
1 0 123 444 328 16 29 -4 -20 8.00
1 1 123 461 328 16 29 -4 -20 8.00
1 2 123 478 328 16 29 -4 -20 8.00
1 3 123 495 328 16 29 -4 -20 8.00
1 4 123 512 328 16 29 -4 -20 8.00
1 5 123 529 328 16 29 -4 -20 8.00
1 6 123 546 328 16 29 -4 -20 8.00
1 0 124 1260 388 13 28 -4 -20 5.00
1 1 124 1274 388 13 28 -4 -20 5.00
1 2 124 1288 388 13 28 -4 -20 5.00
1 3 124 1302 388 13 28 -4 -20 5.00
1 4 124 1316 388 13 28 -4 -20 5.00
1 5 124 1330 388 13 28 -4 -20 5.00
1 6 124 1344 388 13 28 -4 -20 5.00
1 0 125 563 328 15 29 -4 -20 8.00
1 1 125 579 328 15 29 -4 -20 8.00
1 2 125 595 328 15 29 -4 -20 8.00
1 3 125 611 328 15 29 -4 -20 8.00
1 4 125 627 328 15 29 -4 -20 8.00
1 5 125 643 328 15 29 -4 -20 8.00
1 6 125 659 328 15 29 -4 -20 8.00
1 0 126 1209 1374 19 13 -3 -14 13.00
1 1 126 1229 1374 19 13 -3 -14 13.00
1 2 126 1249 1374 19 13 -3 -14 13.00
1 3 126 1269 1374 19 13 -3 -14 13.00
1 4 126 1289 1374 19 13 -3 -14 13.00
1 5 126 1309 1374 19 13 -3 -14 13.00
1 6 126 1329 1374 19 13 -3 -14 13.00
1 0 1040 132 905 22 24 -4 -19 13.00
1 1 1040 155 905 22 24 -4 -19 13.00
1 2 1040 178 905 22 24 -4 -19 13.00
1 3 1040 201 905 22 24 -4 -19 13.00
1 4 1040 224 905 22 24 -4 -19 13.00
1 5 1040 247 905 22 24 -4 -19 13.00
1 6 1040 270 905 22 24 -4 -19 13.00
1 0 1041 373 644 21 26 -4 -20 13.00
1 1 1041 395 644 21 26 -4 -20 13.00
1 2 1041 417 644 21 26 -4 -20 13.00
1 3 1041 439 644 21 26 -4 -20 13.00
1 4 1041 461 644 21 26 -4 -20 13.00
1 5 1041 483 644 21 26 -4 -20 13.00
1 6 1041 505 644 21 26 -4 -20 13.00
1 0 1042 527 644 22 26 -4 -20 14.00
1 1 1042 550 644 22 26 -4 -20 14.00
1 2 1042 573 644 22 26 -4 -20 14.00
1 3 1042 596 644 22 26 -4 -20 14.00
1 4 1042 619 644 22 26 -4 -20 14.00
1 5 1042 642 644 22 26 -4 -20 14.00
1 6 1042 665 644 22 26 -4 -20 14.00
1 0 1043 1170 751 21 25 -4 -20 13.00
1 1 1043 1192 751 21 25 -4 -20 13.00
1 2 1043 1214 751 21 25 -4 -20 13.00
1 3 1043 1236 751 21 25 -4 -20 13.00
1 4 1043 1258 751 21 25 -4 -20 13.00
1 5 1043 1280 751 21 25 -4 -20 13.00
1 6 1043 1302 751 21 25 -4 -20 13.00
1 0 1044 88 505 23 27 -5 -20 13.00
1 1 1044 112 505 23 27 -5 -20 13.00
1 2 1044 136 505 23 27 -5 -20 13.00
1 3 1044 160 505 23 27 -5 -20 13.00
1 4 1044 184 505 23 27 -5 -20 13.00
1 5 1044 208 505 23 27 -5 -20 13.00
1 6 1044 232 505 23 27 -5 -20 13.00
1 0 1045 688 644 21 26 -4 -20 14.00
1 1 1045 710 644 21 26 -4 -20 14.00
1 2 1045 732 644 21 26 -4 -20 14.00
1 3 1045 754 644 21 26 -4 -20 14.00
1 4 1045 776 644 21 26 -4 -20 14.00
1 5 1045 798 644 21 26 -4 -20 14.00
1 6 1045 820 644 21 26 -4 -20 14.00
1 0 1025 675 328 21 29 -4 -23 14.00
1 1 1025 697 328 21 29 -4 -23 14.00
1 2 1025 719 328 21 29 -4 -23 14.00
1 3 1025 741 328 21 29 -4 -23 14.00
1 4 1025 763 328 21 29 -4 -23 14.00
1 5 1025 785 328 21 29 -4 -23 14.00
1 6 1025 807 328 21 29 -4 -23 14.00
1 0 1046 293 905 25 24 -4 -19 18.00
1 1 1046 319 905 25 24 -4 -19 18.00
1 2 1046 345 905 25 24 -4 -19 18.00
1 3 1046 371 905 25 24 -4 -19 18.00
1 4 1046 397 905 25 24 -4 -19 18.00
1 5 1046 423 905 25 24 -4 -19 18.00
1 6 1046 449 905 25 24 -4 -19 18.00
1 0 1047 842 644 21 26 -4 -20 13.00
1 1 1047 864 644 21 26 -4 -20 13.00
1 2 1047 886 644 21 26 -4 -20 13.00
1 3 1047 908 644 21 26 -4 -20 13.00
1 4 1047 930 644 21 26 -4 -20 13.00
1 5 1047 952 644 21 26 -4 -20 13.00
1 6 1047 974 644 21 26 -4 -20 13.00
1 0 1048 475 905 22 24 -4 -19 14.00
1 1 1048 498 905 22 24 -4 -19 14.00
1 2 1048 521 905 22 24 -4 -19 14.00
1 3 1048 544 905 22 24 -4 -19 14.00
1 4 1048 567 905 22 24 -4 -19 14.00
1 5 1048 590 905 22 24 -4 -19 14.00
1 6 1048 613 905 22 24 -4 -19 14.00
1 0 1049 1358 388 22 28 -4 -23 14.00
1 1 1049 1381 388 22 28 -4 -23 14.00
1 2 1049 1404 388 22 28 -4 -23 14.00
1 3 1049 1427 388 22 28 -4 -23 14.00
1 4 1049 1450 388 22 28 -4 -23 14.00
1 5 1049 1473 388 22 28 -4 -23 14.00
1 6 1049 1496 388 22 28 -4 -23 14.00
1 0 1050 1022 1028 21 23 -4 -18 13.00
1 1 1050 1044 1028 21 23 -4 -18 13.00
1 2 1050 1066 1028 21 23 -4 -18 13.00
1 3 1050 1088 1028 21 23 -4 -18 13.00
1 4 1050 1110 1028 21 23 -4 -18 13.00
1 5 1050 1132 1028 21 23 -4 -18 13.00
1 6 1050 1154 1028 21 23 -4 -18 13.00
1 0 1051 1324 751 21 25 -4 -20 13.00
1 1 1051 1346 751 21 25 -4 -20 13.00
1 2 1051 1368 751 21 25 -4 -20 13.00
1 3 1051 1390 751 21 25 -4 -20 13.00
1 4 1051 1412 751 21 25 -4 -20 13.00
1 5 1051 1434 751 21 25 -4 -20 13.00
1 6 1051 1456 751 21 25 -4 -20 13.00
1 0 1052 636 905 23 24 -4 -19 15.00
1 1 1052 660 905 23 24 -4 -19 15.00
1 2 1052 684 905 23 24 -4 -19 15.00
1 3 1052 708 905 23 24 -4 -19 15.00
1 4 1052 732 905 23 24 -4 -19 15.00
1 5 1052 756 905 23 24 -4 -19 15.00
1 6 1052 780 905 23 24 -4 -19 15.00
1 0 1053 804 905 22 24 -4 -19 14.00
1 1 1053 827 905 22 24 -4 -19 14.00
1 2 1053 850 905 22 24 -4 -19 14.00
1 3 1053 873 905 22 24 -4 -19 14.00
1 4 1053 896 905 22 24 -4 -19 14.00
1 5 1053 919 905 22 24 -4 -19 14.00
1 6 1053 942 905 22 24 -4 -19 14.00
1 0 1054 996 644 22 26 -4 -20 14.00
1 1 1054 1019 644 22 26 -4 -20 14.00
1 2 1054 1042 644 22 26 -4 -20 14.00
1 3 1054 1065 644 22 26 -4 -20 14.00
1 4 1054 1088 644 22 26 -4 -20 14.00
1 5 1054 1111 644 22 26 -4 -20 14.00
1 6 1054 1134 644 22 26 -4 -20 14.00
1 0 1055 1478 751 22 25 -4 -20 14.00
1 1 1055 1501 751 22 25 -4 -20 14.00
1 2 1055 1524 751 22 25 -4 -20 14.00
1 3 1055 1547 751 22 25 -4 -20 14.00
1 4 1055 1570 751 22 25 -4 -20 14.00
1 5 1055 1593 751 22 25 -4 -20 14.00
1 6 1055 1616 751 22 25 -4 -20 14.00
1 0 1056 1639 751 21 25 -4 -20 12.00
1 1 1056 1661 751 21 25 -4 -20 12.00
1 2 1056 1683 751 21 25 -4 -20 12.00
1 3 1056 1705 751 21 25 -4 -20 12.00
1 4 1056 1727 751 21 25 -4 -20 12.00
1 5 1056 1749 751 21 25 -4 -20 12.00
1 6 1056 1771 751 21 25 -4 -20 12.00
1 0 1057 1157 644 21 26 -4 -20 14.00
1 1 1057 1179 644 21 26 -4 -20 14.00
1 2 1057 1201 644 21 26 -4 -20 14.00
1 3 1057 1223 644 21 26 -4 -20 14.00
1 4 1057 1245 644 21 26 -4 -20 14.00
1 5 1057 1267 644 21 26 -4 -20 14.00
1 6 1057 1289 644 21 26 -4 -20 14.00
1 0 1058 1793 751 19 25 -4 -20 11.00
1 1 1058 1813 751 19 25 -4 -20 11.00
1 2 1058 1833 751 19 25 -4 -20 11.00
1 3 1058 1853 751 19 25 -4 -20 11.00
1 4 1058 1873 751 19 25 -4 -20 11.00
1 5 1058 1893 751 19 25 -4 -20 11.00
1 6 1058 1913 751 19 25 -4 -20 11.00
1 0 1059 965 905 21 24 -4 -19 12.00
1 1 1059 987 905 21 24 -4 -19 12.00
1 2 1059 1009 905 21 24 -4 -19 12.00
1 3 1059 1031 905 21 24 -4 -19 12.00
1 4 1059 1053 905 21 24 -4 -19 12.00
1 5 1059 1075 905 21 24 -4 -19 12.00
1 6 1059 1097 905 21 24 -4 -19 12.00
1 0 1060 1119 905 21 24 -4 -19 13.00
1 1 1060 1141 905 21 24 -4 -19 13.00
1 2 1060 1163 905 21 24 -4 -19 13.00
1 3 1060 1185 905 21 24 -4 -19 13.00
1 4 1060 1207 905 21 24 -4 -19 13.00
1 5 1060 1229 905 21 24 -4 -19 13.00
1 6 1060 1251 905 21 24 -4 -19 13.00
1 0 1061 1273 905 21 24 -4 -19 13.00
1 1 1061 1295 905 21 24 -4 -19 13.00
1 2 1061 1317 905 21 24 -4 -19 13.00
1 3 1061 1339 905 21 24 -4 -19 13.00
1 4 1061 1361 905 21 24 -4 -19 13.00
1 5 1061 1383 905 21 24 -4 -19 13.00
1 6 1061 1405 905 21 24 -4 -19 13.00
1 0 1062 1933 751 22 25 -4 -18 13.00
1 1 1062 1956 751 22 25 -4 -18 13.00
1 2 1062 1979 751 22 25 -4 -18 13.00
1 3 1062 2002 751 22 25 -4 -18 13.00
1 4 1062 2025 751 22 25 -4 -18 13.00
1 5 1062 0 777 22 25 -4 -18 13.00
1 6 1062 23 777 22 25 -4 -18 13.00
1 0 1063 1427 905 23 24 -5 -19 14.00
1 1 1063 1451 905 23 24 -5 -19 14.00
1 2 1063 1475 905 23 24 -5 -19 14.00
1 3 1063 1499 905 23 24 -5 -19 14.00
1 4 1063 1523 905 23 24 -5 -19 14.00
1 5 1063 1547 905 23 24 -5 -19 14.00
1 6 1063 1571 905 23 24 -5 -19 14.00
1 0 1064 46 777 24 25 -4 -19 16.00
1 1 1064 71 777 24 25 -4 -19 16.00
1 2 1064 96 777 24 25 -4 -19 16.00
1 3 1064 121 777 24 25 -4 -19 16.00
1 4 1064 146 777 24 25 -4 -19 16.00
1 5 1064 171 777 24 25 -4 -19 16.00
1 6 1064 196 777 24 25 -4 -19 16.00
1 0 1065 1311 644 25 26 -4 -19 16.00
1 1 1065 1337 644 25 26 -4 -19 16.00
1 2 1065 1363 644 25 26 -4 -19 16.00
1 3 1065 1389 644 25 26 -4 -19 16.00
1 4 1065 1415 644 25 26 -4 -19 16.00
1 5 1065 1441 644 25 26 -4 -19 16.00
1 6 1065 1467 644 25 26 -4 -19 16.00
1 0 1066 221 777 23 25 -4 -19 14.00
1 1 1066 245 777 23 25 -4 -19 14.00
1 2 1066 269 777 23 25 -4 -19 14.00
1 3 1066 293 777 23 25 -4 -19 14.00
1 4 1066 317 777 23 25 -4 -19 14.00
1 5 1066 341 777 23 25 -4 -19 14.00
1 6 1066 365 777 23 25 -4 -19 14.00
1 0 1067 389 777 24 25 -4 -19 16.00
1 1 1067 414 777 24 25 -4 -19 16.00
1 2 1067 439 777 24 25 -4 -19 16.00
1 3 1067 464 777 24 25 -4 -19 16.00
1 4 1067 489 777 24 25 -4 -19 16.00
1 5 1067 514 777 24 25 -4 -19 16.00
1 6 1067 539 777 24 25 -4 -19 16.00
1 0 1068 564 777 21 25 -4 -19 13.00
1 1 1068 586 777 21 25 -4 -19 13.00
1 2 1068 608 777 21 25 -4 -19 13.00
1 3 1068 630 777 21 25 -4 -19 13.00
1 4 1068 652 777 21 25 -4 -19 13.00
1 5 1068 674 777 21 25 -4 -19 13.00
1 6 1068 696 777 21 25 -4 -19 13.00
1 0 1069 1493 644 22 26 -4 -20 14.00
1 1 1069 1516 644 22 26 -4 -20 14.00
1 2 1069 1539 644 22 26 -4 -20 14.00
1 3 1069 1562 644 22 26 -4 -20 14.00
1 4 1069 1585 644 22 26 -4 -20 14.00
1 5 1069 1608 644 22 26 -4 -20 14.00
1 6 1069 1631 644 22 26 -4 -20 14.00
1 0 1070 1654 644 25 26 -4 -20 17.00
1 1 1070 1680 644 25 26 -4 -20 17.00
1 2 1070 1706 644 25 26 -4 -20 17.00
1 3 1070 1732 644 25 26 -4 -20 17.00
1 4 1070 1758 644 25 26 -4 -20 17.00
1 5 1070 1784 644 25 26 -4 -20 17.00
1 6 1070 1810 644 25 26 -4 -20 17.00
1 0 1071 718 777 22 25 -5 -20 13.00
1 1 1071 741 777 22 25 -5 -20 13.00
1 2 1071 764 777 22 25 -5 -20 13.00
1 3 1071 787 777 22 25 -5 -20 13.00
1 4 1071 810 777 22 25 -5 -20 13.00
1 5 1071 833 777 22 25 -5 -20 13.00
1 6 1071 856 777 22 25 -5 -20 13.00
1 0 1072 1293 1123 21 22 -4 -16 13.00
1 1 1072 1315 1123 21 22 -4 -16 13.00
1 2 1072 1337 1123 21 22 -4 -16 13.00
1 3 1072 1359 1123 21 22 -4 -16 13.00
1 4 1072 1381 1123 21 22 -4 -16 13.00
1 5 1072 1403 1123 21 22 -4 -16 13.00
1 6 1072 1425 1123 21 22 -4 -16 13.00
1 0 1073 1836 644 23 26 -4 -20 14.00
1 1 1073 1860 644 23 26 -4 -20 14.00
1 2 1073 1884 644 23 26 -4 -20 14.00
1 3 1073 1908 644 23 26 -4 -20 14.00
1 4 1073 1932 644 23 26 -4 -20 14.00
1 5 1073 1956 644 23 26 -4 -20 14.00
1 6 1073 1980 644 23 26 -4 -20 14.00
1 0 1074 1447 1123 22 22 -4 -16 14.00
1 1 1074 1470 1123 22 22 -4 -16 14.00
1 2 1074 1493 1123 22 22 -4 -16 14.00
1 3 1074 1516 1123 22 22 -4 -16 14.00
1 4 1074 1539 1123 22 22 -4 -16 14.00
1 5 1074 1562 1123 22 22 -4 -16 14.00
1 6 1074 1585 1123 22 22 -4 -16 14.00
1 0 1075 1253 1192 19 21 -4 -16 11.00
1 1 1075 1273 1192 19 21 -4 -16 11.00
1 2 1075 1293 1192 19 21 -4 -16 11.00
1 3 1075 1313 1192 19 21 -4 -16 11.00
1 4 1075 1333 1192 19 21 -4 -16 11.00
1 5 1075 1353 1192 19 21 -4 -16 11.00
1 6 1075 1373 1192 19 21 -4 -16 11.00
1 0 1076 1176 1028 23 23 -5 -16 13.00
1 1 1076 1200 1028 23 23 -5 -16 13.00
1 2 1076 1224 1028 23 23 -5 -16 13.00
1 3 1076 1248 1028 23 23 -5 -16 13.00
1 4 1076 1272 1028 23 23 -5 -16 13.00
1 5 1076 1296 1028 23 23 -5 -16 13.00
1 6 1076 1320 1028 23 23 -5 -16 13.00
1 0 1077 1608 1123 22 22 -4 -16 14.00
1 1 1077 1631 1123 22 22 -4 -16 14.00
1 2 1077 1654 1123 22 22 -4 -16 14.00
1 3 1077 1677 1123 22 22 -4 -16 14.00
1 4 1077 1700 1123 22 22 -4 -16 14.00
1 5 1077 1723 1123 22 22 -4 -16 14.00
1 6 1077 1746 1123 22 22 -4 -16 14.00
1 0 1105 879 777 22 25 -4 -19 14.00
1 1 1105 902 777 22 25 -4 -19 14.00
1 2 1105 925 777 22 25 -4 -19 14.00
1 3 1105 948 777 22 25 -4 -19 14.00
1 4 1105 971 777 22 25 -4 -19 14.00
1 5 1105 994 777 22 25 -4 -19 14.00
1 6 1105 1017 777 22 25 -4 -19 14.00
1 0 1078 1393 1192 24 21 -4 -16 16.00
1 1 1078 1418 1192 24 21 -4 -16 16.00
1 2 1078 1443 1192 24 21 -4 -16 16.00
1 3 1078 1468 1192 24 21 -4 -16 16.00
1 4 1078 1493 1192 24 21 -4 -16 16.00
1 5 1078 1518 1192 24 21 -4 -16 16.00
1 6 1078 1543 1192 24 21 -4 -16 16.00
1 0 1079 1769 1123 22 22 -4 -16 13.00
1 1 1079 1792 1123 22 22 -4 -16 13.00
1 2 1079 1815 1123 22 22 -4 -16 13.00
1 3 1079 1838 1123 22 22 -4 -16 13.00
1 4 1079 1861 1123 22 22 -4 -16 13.00
1 5 1079 1884 1123 22 22 -4 -16 13.00
1 6 1079 1907 1123 22 22 -4 -16 13.00
1 0 1080 1254 1258 22 20 -4 -15 14.00
1 1 1080 1277 1258 22 20 -4 -15 14.00
1 2 1080 1300 1258 22 20 -4 -15 14.00
1 3 1080 1323 1258 22 20 -4 -15 14.00
1 4 1080 1346 1258 22 20 -4 -15 14.00
1 5 1080 1369 1258 22 20 -4 -15 14.00
1 6 1080 1392 1258 22 20 -4 -15 14.00
1 0 1081 1595 905 22 24 -4 -19 14.00
1 1 1081 1618 905 22 24 -4 -19 14.00
1 2 1081 1641 905 22 24 -4 -19 14.00
1 3 1081 1664 905 22 24 -4 -19 14.00
1 4 1081 1687 905 22 24 -4 -19 14.00
1 5 1081 1710 905 22 24 -4 -19 14.00
1 6 1081 1733 905 22 24 -4 -19 14.00
1 0 1082 1568 1192 21 21 -4 -16 13.00
1 1 1082 1590 1192 21 21 -4 -16 13.00
1 2 1082 1612 1192 21 21 -4 -16 13.00
1 3 1082 1634 1192 21 21 -4 -16 13.00
1 4 1082 1656 1192 21 21 -4 -16 13.00
1 5 1082 1678 1192 21 21 -4 -16 13.00
1 6 1082 1700 1192 21 21 -4 -16 13.00
1 0 1083 1722 1192 21 21 -4 -16 13.00
1 1 1083 1744 1192 21 21 -4 -16 13.00
1 2 1083 1766 1192 21 21 -4 -16 13.00
1 3 1083 1788 1192 21 21 -4 -16 13.00
1 4 1083 1810 1192 21 21 -4 -16 13.00
1 5 1083 1832 1192 21 21 -4 -16 13.00
1 6 1083 1854 1192 21 21 -4 -16 13.00
1 0 1084 1415 1258 23 20 -4 -15 15.00
1 1 1084 1439 1258 23 20 -4 -15 15.00
1 2 1084 1463 1258 23 20 -4 -15 15.00
1 3 1084 1487 1258 23 20 -4 -15 15.00
1 4 1084 1511 1258 23 20 -4 -15 15.00
1 5 1084 1535 1258 23 20 -4 -15 15.00
1 6 1084 1559 1258 23 20 -4 -15 15.00
1 0 1085 1583 1258 22 20 -4 -15 14.00
1 1 1085 1606 1258 22 20 -4 -15 14.00
1 2 1085 1629 1258 22 20 -4 -15 14.00
1 3 1085 1652 1258 22 20 -4 -15 14.00
1 4 1085 1675 1258 22 20 -4 -15 14.00
1 5 1085 1698 1258 22 20 -4 -15 14.00
1 6 1085 1721 1258 22 20 -4 -15 14.00
1 0 1086 1930 1123 22 22 -4 -16 14.00
1 1 1086 1953 1123 22 22 -4 -16 14.00
1 2 1086 1976 1123 22 22 -4 -16 14.00
1 3 1086 1999 1123 22 22 -4 -16 14.00
1 4 1086 2022 1123 22 22 -4 -16 14.00
1 5 1086 0 1146 22 22 -4 -16 14.00
1 6 1086 23 1146 22 22 -4 -16 14.00
1 0 1087 1876 1192 22 21 -4 -16 14.00
1 1 1087 1899 1192 22 21 -4 -16 14.00
1 2 1087 1922 1192 22 21 -4 -16 14.00
1 3 1087 1945 1192 22 21 -4 -16 14.00
1 4 1087 1968 1192 22 21 -4 -16 14.00
1 5 1087 1991 1192 22 21 -4 -16 14.00
1 6 1087 2014 1192 22 21 -4 -16 14.00
1 0 1088 1040 777 23 25 -4 -16 14.00
1 1 1088 1064 777 23 25 -4 -16 14.00
1 2 1088 1088 777 23 25 -4 -16 14.00
1 3 1088 1112 777 23 25 -4 -16 14.00
1 4 1088 1136 777 23 25 -4 -16 14.00
1 5 1088 1160 777 23 25 -4 -16 14.00
1 6 1088 1184 777 23 25 -4 -16 14.00
1 0 1089 46 1146 21 22 -4 -16 13.00
1 1 1089 68 1146 21 22 -4 -16 13.00
1 2 1089 90 1146 21 22 -4 -16 13.00
1 3 1089 112 1146 21 22 -4 -16 13.00
1 4 1089 134 1146 21 22 -4 -16 13.00
1 5 1089 156 1146 21 22 -4 -16 13.00
1 6 1089 178 1146 21 22 -4 -16 13.00
1 0 1090 0 1214 19 21 -4 -16 11.00
1 1 1090 20 1214 19 21 -4 -16 11.00
1 2 1090 40 1214 19 21 -4 -16 11.00
1 3 1090 60 1214 19 21 -4 -16 11.00
1 4 1090 80 1214 19 21 -4 -16 11.00
1 5 1090 100 1214 19 21 -4 -16 11.00
1 6 1090 120 1214 19 21 -4 -16 11.00
1 0 1091 1208 777 23 25 -4 -15 14.00
1 1 1091 1232 777 23 25 -4 -15 14.00
1 2 1091 1256 777 23 25 -4 -15 14.00
1 3 1091 1280 777 23 25 -4 -15 14.00
1 4 1091 1304 777 23 25 -4 -15 14.00
1 5 1091 1328 777 23 25 -4 -15 14.00
1 6 1091 1352 777 23 25 -4 -15 14.00
1 0 1092 1519 388 26 28 -4 -19 17.00
1 1 1092 1546 388 26 28 -4 -19 17.00
1 2 1092 1573 388 26 28 -4 -19 17.00
1 3 1092 1600 388 26 28 -4 -19 17.00
1 4 1092 1627 388 26 28 -4 -19 17.00
1 5 1092 1654 388 26 28 -4 -19 17.00
1 6 1092 1681 388 26 28 -4 -19 17.00
1 0 1093 1744 1258 20 20 -4 -15 12.00
1 1 1093 1765 1258 20 20 -4 -15 12.00
1 2 1093 1786 1258 20 20 -4 -15 12.00
1 3 1093 1807 1258 20 20 -4 -15 12.00
1 4 1093 1828 1258 20 20 -4 -15 12.00
1 5 1093 1849 1258 20 20 -4 -15 12.00
1 6 1093 1870 1258 20 20 -4 -15 12.00
1 0 1094 200 1146 22 22 -4 -15 13.00
1 1 1094 223 1146 22 22 -4 -15 13.00
1 2 1094 246 1146 22 22 -4 -15 13.00
1 3 1094 269 1146 22 22 -4 -15 13.00
1 4 1094 292 1146 22 22 -4 -15 13.00
1 5 1094 315 1146 22 22 -4 -15 13.00
1 6 1094 338 1146 22 22 -4 -15 13.00
1 0 1095 1891 1258 23 20 -5 -15 14.00
1 1 1095 1915 1258 23 20 -5 -15 14.00
1 2 1095 1939 1258 23 20 -5 -15 14.00
1 3 1095 1963 1258 23 20 -5 -15 14.00
1 4 1095 1987 1258 23 20 -5 -15 14.00
1 5 1095 2011 1258 23 20 -5 -15 14.00
1 6 1095 0 1279 23 20 -5 -15 14.00
1 0 1096 140 1214 23 21 -4 -15 15.00
1 1 1096 164 1214 23 21 -4 -15 15.00
1 2 1096 188 1214 23 21 -4 -15 15.00
1 3 1096 212 1214 23 21 -4 -15 15.00
1 4 1096 236 1214 23 21 -4 -15 15.00
1 5 1096 260 1214 23 21 -4 -15 15.00
1 6 1096 284 1214 23 21 -4 -15 15.00
1 0 1097 361 1146 24 22 -4 -15 15.00
1 1 1097 386 1146 24 22 -4 -15 15.00
1 2 1097 411 1146 24 22 -4 -15 15.00
1 3 1097 436 1146 24 22 -4 -15 15.00
1 4 1097 461 1146 24 22 -4 -15 15.00
1 5 1097 486 1146 24 22 -4 -15 15.00
1 6 1097 511 1146 24 22 -4 -15 15.00
1 0 1098 536 1146 22 22 -4 -16 14.00
1 1 1098 559 1146 22 22 -4 -16 14.00
1 2 1098 582 1146 22 22 -4 -16 14.00
1 3 1098 605 1146 22 22 -4 -16 14.00
1 4 1098 628 1146 22 22 -4 -16 14.00
1 5 1098 651 1146 22 22 -4 -16 14.00
1 6 1098 674 1146 22 22 -4 -16 14.00
1 0 1099 308 1214 24 21 -4 -15 16.00
1 1 1099 333 1214 24 21 -4 -15 16.00
1 2 1099 358 1214 24 21 -4 -15 16.00
1 3 1099 383 1214 24 21 -4 -15 16.00
1 4 1099 408 1214 24 21 -4 -15 16.00
1 5 1099 433 1214 24 21 -4 -15 16.00
1 6 1099 458 1214 24 21 -4 -15 16.00
1 0 1100 483 1214 21 21 -4 -15 12.00
1 1 1100 505 1214 21 21 -4 -15 12.00
1 2 1100 527 1214 21 21 -4 -15 12.00
1 3 1100 549 1214 21 21 -4 -15 12.00
1 4 1100 571 1214 21 21 -4 -15 12.00
1 5 1100 593 1214 21 21 -4 -15 12.00
1 6 1100 615 1214 21 21 -4 -15 12.00
1 0 1101 697 1146 22 22 -4 -16 13.00
1 1 1101 720 1146 22 22 -4 -16 13.00
1 2 1101 743 1146 22 22 -4 -16 13.00
1 3 1101 766 1146 22 22 -4 -16 13.00
1 4 1101 789 1146 22 22 -4 -16 13.00
1 5 1101 812 1146 22 22 -4 -16 13.00
1 6 1101 835 1146 22 22 -4 -16 13.00
1 0 1102 858 1146 24 22 -4 -16 16.00
1 1 1102 883 1146 24 22 -4 -16 16.00
1 2 1102 908 1146 24 22 -4 -16 16.00
1 3 1102 933 1146 24 22 -4 -16 16.00
1 4 1102 958 1146 24 22 -4 -16 16.00
1 5 1102 983 1146 24 22 -4 -16 16.00
1 6 1102 1008 1146 24 22 -4 -16 16.00
1 0 1103 637 1214 21 21 -4 -16 13.00
1 1 1103 659 1214 21 21 -4 -16 13.00
1 2 1103 681 1214 21 21 -4 -16 13.00
1 3 1103 703 1214 21 21 -4 -16 13.00
1 4 1103 725 1214 21 21 -4 -16 13.00
1 5 1103 747 1214 21 21 -4 -16 13.00
1 6 1103 769 1214 21 21 -4 -16 13.00
1 0 176 1162 1357 15 15 -4 -20 6.00
1 1 176 1178 1357 15 15 -4 -20 6.00
1 2 176 1194 1357 15 15 -4 -20 6.00
1 3 176 1210 1357 15 15 -4 -20 6.00
1 4 176 1226 1357 15 15 -4 -20 6.00
1 5 176 1242 1357 15 15 -4 -20 6.00
1 6 176 1258 1357 15 15 -4 -20 6.00
1 0 8230 1764 1389 21 12 -3 -7 15.00
1 1 8230 1786 1389 21 12 -3 -7 15.00
1 2 8230 1808 1389 21 12 -3 -7 15.00
1 3 8230 1830 1389 21 12 -3 -7 15.00
1 4 8230 1852 1389 21 12 -3 -7 15.00
1 5 8230 1874 1389 21 12 -3 -7 15.00
1 6 8230 1896 1389 21 12 -3 -7 15.00
1 0 177 651 1300 19 19 -3 -16 13.00
1 1 177 671 1300 19 19 -3 -16 13.00
1 2 177 691 1300 19 19 -3 -16 13.00
1 3 177 711 1300 19 19 -3 -16 13.00
1 4 177 731 1300 19 19 -3 -16 13.00
1 5 177 751 1300 19 19 -3 -16 13.00
1 6 177 771 1300 19 19 -3 -16 13.00
1 0 183 1918 1389 11 12 -3 -13 6.00
1 1 183 1930 1389 11 12 -3 -13 6.00
1 2 183 1942 1389 11 12 -3 -13 6.00
1 3 183 1954 1389 11 12 -3 -13 6.00
1 4 183 1966 1389 11 12 -3 -13 6.00
1 5 183 1978 1389 11 12 -3 -13 6.00
1 6 183 1990 1389 11 12 -3 -13 6.00
1 0 8212 2002 1389 23 12 -2 -12 18.00
1 1 8212 0 1403 23 12 -2 -12 18.00
1 2 8212 24 1403 23 12 -2 -12 18.00
1 3 8212 48 1403 23 12 -2 -12 18.00
1 4 8212 72 1403 23 12 -2 -12 18.00
1 5 8212 96 1403 23 12 -2 -12 18.00
1 6 8212 120 1403 23 12 -2 -12 18.00
1 0 8211 144 1403 18 12 -2 -12 13.00
1 1 8211 163 1403 18 12 -2 -12 13.00
1 2 8211 182 1403 18 12 -2 -12 13.00
1 3 8211 201 1403 18 12 -2 -12 13.00
1 4 8211 220 1403 18 12 -2 -12 13.00
1 5 8211 239 1403 18 12 -2 -12 13.00
1 6 8211 258 1403 18 12 -2 -12 13.00
1 0 171 283 1339 20 17 -3 -15 14.00
1 1 171 304 1339 20 17 -3 -15 14.00
1 2 171 325 1339 20 17 -3 -15 14.00
1 3 171 346 1339 20 17 -3 -15 14.00
1 4 171 367 1339 20 17 -3 -15 14.00
1 5 171 388 1339 20 17 -3 -15 14.00
1 6 171 409 1339 20 17 -3 -15 14.00
1 0 187 430 1339 20 17 -3 -15 14.00
1 1 187 451 1339 20 17 -3 -15 14.00
1 2 187 472 1339 20 17 -3 -15 14.00
1 3 187 493 1339 20 17 -3 -15 14.00
1 4 187 514 1339 20 17 -3 -15 14.00
1 5 187 535 1339 20 17 -3 -15 14.00
1 6 187 556 1339 20 17 -3 -15 14.00
1 0 8470 1376 777 31 25 -3 -20 25.00
1 1 8470 1408 777 31 25 -3 -20 25.00
1 2 8470 1440 777 31 25 -3 -20 25.00
1 3 8470 1472 777 31 25 -3 -20 25.00
1 4 8470 1504 777 31 25 -3 -20 25.00
1 5 8470 1536 777 31 25 -3 -20 25.00
1 6 8470 1568 777 31 25 -3 -20 25.00
1 0 215 577 1339 17 17 -2 -16 13.00
1 1 215 595 1339 17 17 -2 -16 13.00
1 2 215 613 1339 17 17 -2 -16 13.00
1 3 215 631 1339 17 17 -2 -16 13.00
1 4 215 649 1339 17 17 -2 -16 13.00
1 5 215 667 1339 17 17 -2 -16 13.00
1 6 215 685 1339 17 17 -2 -16 13.00
1 0 8722 277 1403 18 12 -2 -13 13.00
1 1 8722 296 1403 18 12 -2 -13 13.00
1 2 8722 315 1403 18 12 -2 -13 13.00
1 3 8722 334 1403 18 12 -2 -13 13.00
1 4 8722 353 1403 18 12 -2 -13 13.00
1 5 8722 372 1403 18 12 -2 -13 13.00
1 6 8722 391 1403 18 12 -2 -13 13.00
1 0 178 791 1300 16 19 -4 -20 8.00
1 1 178 808 1300 16 19 -4 -20 8.00
1 2 178 825 1300 16 19 -4 -20 8.00
1 3 178 842 1300 16 19 -4 -20 8.00
1 4 178 859 1300 16 19 -4 -20 8.00
1 5 178 876 1300 16 19 -4 -20 8.00
1 6 178 893 1300 16 19 -4 -20 8.00
1 0 8322 0 0 0 0 0 0 11.00
1 1 8322 0 0 0 0 0 0 11.00
1 2 8322 0 0 0 0 0 0 11.00
1 3 8322 0 0 0 0 0 0 11.00
1 4 8322 0 0 0 0 0 0 11.00
1 5 8322 0 0 0 0 0 0 11.00
1 6 8322 0 0 0 0 0 0 11.00
1 0 8593 0 0 0 0 0 0 11.00
1 1 8593 0 0 0 0 0 0 11.00
1 2 8593 0 0 0 0 0 0 11.00
1 3 8593 0 0 0 0 0 0 11.00
1 4 8593 0 0 0 0 0 0 11.00
1 5 8593 0 0 0 0 0 0 11.00
1 6 8593 0 0 0 0 0 0 11.00
1 0 8595 0 0 0 0 0 0 11.00
1 1 8595 0 0 0 0 0 0 11.00
1 2 8595 0 0 0 0 0 0 11.00
1 3 8595 0 0 0 0 0 0 11.00
1 4 8595 0 0 0 0 0 0 11.00
1 5 8595 0 0 0 0 0 0 11.00
1 6 8595 0 0 0 0 0 0 11.00
1 0 8592 0 0 0 0 0 0 11.00
1 1 8592 0 0 0 0 0 0 11.00
1 2 8592 0 0 0 0 0 0 11.00
1 3 8592 0 0 0 0 0 0 11.00
1 4 8592 0 0 0 0 0 0 11.00
1 5 8592 0 0 0 0 0 0 11.00
1 6 8592 0 0 0 0 0 0 11.00
1 0 8594 0 0 0 0 0 0 11.00
1 1 8594 0 0 0 0 0 0 11.00
1 2 8594 0 0 0 0 0 0 11.00
1 3 8594 0 0 0 0 0 0 11.00
1 4 8594 0 0 0 0 0 0 11.00
1 5 8594 0 0 0 0 0 0 11.00
1 6 8594 0 0 0 0 0 0 11.00
1 0 9650 0 0 0 0 0 0 11.00
1 1 9650 0 0 0 0 0 0 11.00
1 2 9650 0 0 0 0 0 0 11.00
1 3 9650 0 0 0 0 0 0 11.00
1 4 9650 0 0 0 0 0 0 11.00
1 5 9650 0 0 0 0 0 0 11.00
1 6 9650 0 0 0 0 0 0 11.00
1 0 9654 0 0 0 0 0 0 11.00
1 1 9654 0 0 0 0 0 0 11.00
1 2 9654 0 0 0 0 0 0 11.00
1 3 9654 0 0 0 0 0 0 11.00
1 4 9654 0 0 0 0 0 0 11.00
1 5 9654 0 0 0 0 0 0 11.00
1 6 9654 0 0 0 0 0 0 11.00
1 0 9664 0 0 0 0 0 0 11.00
1 1 9664 0 0 0 0 0 0 11.00
1 2 9664 0 0 0 0 0 0 11.00
1 3 9664 0 0 0 0 0 0 11.00
1 4 9664 0 0 0 0 0 0 11.00
1 5 9664 0 0 0 0 0 0 11.00
1 6 9664 0 0 0 0 0 0 11.00
1 0 9656 0 0 0 0 0 0 11.00
1 1 9656 0 0 0 0 0 0 11.00
1 2 9656 0 0 0 0 0 0 11.00
1 3 9656 0 0 0 0 0 0 11.00
1 4 9656 0 0 0 0 0 0 11.00
1 5 9656 0 0 0 0 0 0 11.00
1 6 9656 0 0 0 0 0 0 11.00
1 0 9666 0 0 0 0 0 0 11.00
1 1 9666 0 0 0 0 0 0 11.00
1 2 9666 0 0 0 0 0 0 11.00
1 3 9666 0 0 0 0 0 0 11.00
1 4 9666 0 0 0 0 0 0 11.00
1 5 9666 0 0 0 0 0 0 11.00
1 6 9666 0 0 0 0 0 0 11.00
1 0 10003 0 0 0 0 0 0 11.00
1 1 10003 0 0 0 0 0 0 11.00
1 2 10003 0 0 0 0 0 0 11.00
1 3 10003 0 0 0 0 0 0 11.00
1 4 10003 0 0 0 0 0 0 11.00
1 5 10003 0 0 0 0 0 0 11.00
1 6 10003 0 0 0 0 0 0 11.00
1 0 8776 703 1339 19 17 -3 -15 13.00
1 1 8776 723 1339 19 17 -3 -15 13.00
1 2 8776 743 1339 19 17 -3 -15 13.00
1 3 8776 763 1339 19 17 -3 -15 13.00
1 4 8776 783 1339 19 17 -3 -15 13.00
1 5 8776 803 1339 19 17 -3 -15 13.00
1 6 8776 823 1339 19 17 -3 -15 13.00
1 0 8804 910 1300 18 19 -2 -17 13.00
1 1 8804 929 1300 18 19 -2 -17 13.00
1 2 8804 948 1300 18 19 -2 -17 13.00
1 3 8804 967 1300 18 19 -2 -17 13.00
1 4 8804 986 1300 18 19 -2 -17 13.00
1 5 8804 1005 1300 18 19 -2 -17 13.00
1 6 8804 1024 1300 18 19 -2 -17 13.00
1 0 8805 1043 1300 18 19 -3 -17 13.00
1 1 8805 1062 1300 18 19 -3 -17 13.00
1 2 8805 1081 1300 18 19 -3 -17 13.00
1 3 8805 1100 1300 18 19 -3 -17 13.00
1 4 8805 1119 1300 18 19 -3 -17 13.00
1 5 8805 1138 1300 18 19 -3 -17 13.00
1 6 8805 1157 1300 18 19 -3 -17 13.00
1 0 916 1600 777 23 25 -4 -19 15.00
1 1 916 1624 777 23 25 -4 -19 15.00
1 2 916 1648 777 23 25 -4 -19 15.00
1 3 916 1672 777 23 25 -4 -19 15.00
1 4 916 1696 777 23 25 -4 -19 15.00
1 5 916 1720 777 23 25 -4 -19 15.00
1 6 916 1744 777 23 25 -4 -19 15.00
2 0 32 0 0 0 0 0 0 8.00
2 1 32 0 0 0 0 0 0 8.00
2 2 32 0 0 0 0 0 0 8.00
2 3 32 0 0 0 0 0 0 8.00
2 4 32 0 0 0 0 0 0 8.00
2 5 32 0 0 0 0 0 0 8.00
2 6 32 0 0 0 0 0 0 8.00
2 0 33 1708 388 13 28 -3 -23 7.00
2 1 33 1722 388 13 28 -3 -23 7.00
2 2 33 1736 388 13 28 -3 -23 7.00
2 3 33 1750 388 13 28 -3 -23 7.00
2 4 33 1764 388 13 28 -3 -23 7.00
2 5 33 1778 388 13 28 -3 -23 7.00
2 6 33 1792 388 13 28 -3 -23 7.00
2 0 34 843 1339 17 17 -4 -24 10.00
2 1 34 861 1339 17 17 -4 -24 10.00
2 2 34 879 1339 17 17 -4 -24 10.00
2 3 34 897 1339 17 17 -4 -24 10.00
2 4 34 915 1339 17 17 -4 -24 10.00
2 5 34 933 1339 17 17 -4 -24 10.00
2 6 34 951 1339 17 17 -4 -24 10.00
2 0 35 256 505 23 27 -3 -22 16.00
2 1 35 280 505 23 27 -3 -22 16.00
2 2 35 304 505 23 27 -3 -22 16.00
2 3 35 328 505 23 27 -3 -22 16.00
2 4 35 352 505 23 27 -3 -22 16.00
2 5 35 376 505 23 27 -3 -22 16.00
2 6 35 400 505 23 27 -3 -22 16.00
2 0 36 1806 106 23 31 -3 -24 17.00
2 1 36 1830 106 23 31 -3 -24 17.00
2 2 36 1854 106 23 31 -3 -24 17.00
2 3 36 1878 106 23 31 -3 -24 17.00
2 4 36 1902 106 23 31 -3 -24 17.00
2 5 36 1926 106 23 31 -3 -24 17.00
2 6 36 1950 106 23 31 -3 -24 17.00
2 0 37 1806 388 30 28 -4 -23 22.00
2 1 37 1837 388 30 28 -4 -23 22.00
2 2 37 1868 388 30 28 -4 -23 22.00
2 3 37 1899 388 30 28 -4 -23 22.00
2 4 37 1930 388 30 28 -4 -23 22.00
2 5 37 1961 388 30 28 -4 -23 22.00
2 6 37 1992 388 30 28 -4 -23 22.00
2 0 38 0 418 25 28 -4 -22 17.00
2 1 38 26 418 25 28 -4 -22 17.00
2 2 38 52 418 25 28 -4 -22 17.00
2 3 38 78 418 25 28 -4 -22 17.00
2 4 38 104 418 25 28 -4 -22 17.00
2 5 38 130 418 25 28 -4 -22 17.00
2 6 38 156 418 25 28 -4 -22 17.00
2 0 39 112 1357 13 16 -4 -23 6.00
2 1 39 126 1357 13 16 -4 -23 6.00
2 2 39 140 1357 13 16 -4 -23 6.00
2 3 39 154 1357 13 16 -4 -23 6.00
2 4 39 168 1357 13 16 -4 -23 6.00
2 5 39 182 1357 13 16 -4 -23 6.00
2 6 39 196 1357 13 16 -4 -23 6.00
2 0 40 0 39 16 33 -4 -23 7.00
2 1 40 17 39 16 33 -4 -23 7.00
2 2 40 34 39 16 33 -4 -23 7.00
2 3 40 51 39 16 33 -4 -23 7.00
2 4 40 68 39 16 33 -4 -23 7.00
2 5 40 85 39 16 33 -4 -23 7.00
2 6 40 102 39 16 33 -4 -23 7.00
2 0 41 119 39 16 33 -4 -23 7.00
2 1 41 136 39 16 33 -4 -23 7.00
2 2 41 153 39 16 33 -4 -23 7.00
2 3 41 170 39 16 33 -4 -23 7.00
2 4 41 187 39 16 33 -4 -23 7.00
2 5 41 204 39 16 33 -4 -23 7.00
2 6 41 221 39 16 33 -4 -23 7.00
2 0 42 969 1339 17 17 -3 -21 10.00
2 1 42 987 1339 17 17 -3 -21 10.00
2 2 42 1005 1339 17 17 -3 -21 10.00
2 3 42 1023 1339 17 17 -3 -21 10.00
2 4 42 1041 1339 17 17 -3 -21 10.00
2 5 42 1059 1339 17 17 -3 -21 10.00
2 6 42 1077 1339 17 17 -3 -21 10.00
2 0 43 791 1214 21 21 -3 -19 15.00
2 1 43 813 1214 21 21 -3 -19 15.00
2 2 43 835 1214 21 21 -3 -19 15.00
2 3 43 857 1214 21 21 -3 -19 15.00
2 4 43 879 1214 21 21 -3 -19 15.00
2 5 43 901 1214 21 21 -3 -19 15.00
2 6 43 923 1214 21 21 -3 -19 15.00
2 0 44 1274 1357 13 15 -4 -7 6.00
2 1 44 1288 1357 13 15 -4 -7 6.00
2 2 44 1302 1357 13 15 -4 -7 6.00
2 3 44 1316 1357 13 15 -4 -7 6.00
2 4 44 1330 1357 13 15 -4 -7 6.00
2 5 44 1344 1357 13 15 -4 -7 6.00
2 6 44 1358 1357 13 15 -4 -7 6.00
2 0 45 410 1403 17 12 -2 -13 13.00
2 1 45 428 1403 17 12 -2 -13 13.00
2 2 45 446 1403 17 12 -2 -13 13.00
2 3 45 464 1403 17 12 -2 -13 13.00
2 4 45 482 1403 17 12 -2 -13 13.00
2 5 45 500 1403 17 12 -2 -13 13.00
2 6 45 518 1403 17 12 -2 -13 13.00
2 0 46 536 1403 12 12 -3 -7 7.00
2 1 46 549 1403 12 12 -3 -7 7.00
2 2 46 562 1403 12 12 -3 -7 7.00
2 3 46 575 1403 12 12 -3 -7 7.00
2 4 46 588 1403 12 12 -3 -7 7.00
2 5 46 601 1403 12 12 -3 -7 7.00
2 6 46 614 1403 12 12 -3 -7 7.00
2 0 47 238 39 17 33 -4 -24 9.00
2 1 47 256 39 17 33 -4 -24 9.00
2 2 47 274 39 17 33 -4 -24 9.00
2 3 47 292 39 17 33 -4 -24 9.00
2 4 47 310 39 17 33 -4 -24 9.00
2 5 47 328 39 17 33 -4 -24 9.00
2 6 47 346 39 17 33 -4 -24 9.00
2 0 48 182 418 25 28 -4 -23 17.00
2 1 48 208 418 25 28 -4 -23 17.00
2 2 48 234 418 25 28 -4 -23 17.00
2 3 48 260 418 25 28 -4 -23 17.00
2 4 48 286 418 25 28 -4 -23 17.00
2 5 48 312 418 25 28 -4 -23 17.00
2 6 48 338 418 25 28 -4 -23 17.00
2 0 49 424 505 16 27 -3 -22 10.00
2 1 49 441 505 16 27 -3 -22 10.00
2 2 49 458 505 16 27 -3 -22 10.00
2 3 49 475 505 16 27 -3 -22 10.00
2 4 49 492 505 16 27 -3 -22 10.00
2 5 49 509 505 16 27 -3 -22 10.00
2 6 49 526 505 16 27 -3 -22 10.00
2 0 50 829 328 23 29 -4 -23 15.00
2 1 50 853 328 23 29 -4 -23 15.00
2 2 50 877 328 23 29 -4 -23 15.00
2 3 50 901 328 23 29 -4 -23 15.00
2 4 50 925 328 23 29 -4 -23 15.00
2 5 50 949 328 23 29 -4 -23 15.00
2 6 50 973 328 23 29 -4 -23 15.00
2 0 51 997 328 24 29 -4 -23 16.00
2 1 51 1022 328 24 29 -4 -23 16.00
2 2 51 1047 328 24 29 -4 -23 16.00
2 3 51 1072 328 24 29 -4 -23 16.00
2 4 51 1097 328 24 29 -4 -23 16.00
2 5 51 1122 328 24 29 -4 -23 16.00
2 6 51 1147 328 24 29 -4 -23 16.00
2 0 52 543 505 23 27 -4 -22 16.00
2 1 52 567 505 23 27 -4 -22 16.00
2 2 52 591 505 23 27 -4 -22 16.00
2 3 52 615 505 23 27 -4 -22 16.00
2 4 52 639 505 23 27 -4 -22 16.00
2 5 52 663 505 23 27 -4 -22 16.00
2 6 52 687 505 23 27 -4 -22 16.00
2 0 53 1172 328 23 29 -3 -23 17.00
2 1 53 1196 328 23 29 -3 -23 17.00
2 2 53 1220 328 23 29 -3 -23 17.00
2 3 53 1244 328 23 29 -3 -23 17.00
2 4 53 1268 328 23 29 -3 -23 17.00
2 5 53 1292 328 23 29 -3 -23 17.00
2 6 53 1316 328 23 29 -3 -23 17.00
2 0 54 1340 328 24 29 -4 -23 17.00
2 1 54 1365 328 24 29 -4 -23 17.00
2 2 54 1390 328 24 29 -4 -23 17.00
2 3 54 1415 328 24 29 -4 -23 17.00
2 4 54 1440 328 24 29 -4 -23 17.00
2 5 54 1465 328 24 29 -4 -23 17.00
2 6 54 1490 328 24 29 -4 -23 17.00
2 0 55 364 418 22 28 -4 -23 13.00
2 1 55 387 418 22 28 -4 -23 13.00
2 2 55 410 418 22 28 -4 -23 13.00
2 3 55 433 418 22 28 -4 -23 13.00
2 4 55 456 418 22 28 -4 -23 13.00
2 5 55 479 418 22 28 -4 -23 13.00
2 6 55 502 418 22 28 -4 -23 13.00
2 0 56 1515 328 23 29 -3 -23 17.00
2 1 56 1539 328 23 29 -3 -23 17.00
2 2 56 1563 328 23 29 -3 -23 17.00
2 3 56 1587 328 23 29 -3 -23 17.00
2 4 56 1611 328 23 29 -3 -23 17.00
2 5 56 1635 328 23 29 -3 -23 17.00
2 6 56 1659 328 23 29 -3 -23 17.00
2 0 57 1683 328 24 29 -4 -23 17.00
2 1 57 1708 328 24 29 -4 -23 17.00
2 2 57 1733 328 24 29 -4 -23 17.00
2 3 57 1758 328 24 29 -4 -23 17.00
2 4 57 1783 328 24 29 -4 -23 17.00
2 5 57 1808 328 24 29 -4 -23 17.00
2 6 57 1833 328 24 29 -4 -23 17.00
2 0 58 945 1214 12 21 -3 -16 7.00
2 1 58 958 1214 12 21 -3 -16 7.00
2 2 58 971 1214 12 21 -3 -16 7.00
2 3 58 984 1214 12 21 -3 -16 7.00
2 4 58 997 1214 12 21 -3 -16 7.00
2 5 58 1010 1214 12 21 -3 -16 7.00
2 6 58 1023 1214 12 21 -3 -16 7.00
2 0 59 1756 905 13 24 -4 -16 6.00
2 1 59 1770 905 13 24 -4 -16 6.00
2 2 59 1784 905 13 24 -4 -16 6.00
2 3 59 1798 905 13 24 -4 -16 6.00
2 4 59 1812 905 13 24 -4 -16 6.00
2 5 59 1826 905 13 24 -4 -16 6.00
2 6 59 1840 905 13 24 -4 -16 6.00
2 0 60 1036 1214 19 21 -2 -19 15.00
2 1 60 1056 1214 19 21 -2 -19 15.00
2 2 60 1076 1214 19 21 -2 -19 15.00
2 3 60 1096 1214 19 21 -2 -19 15.00
2 4 60 1116 1214 19 21 -2 -19 15.00
2 5 60 1136 1214 19 21 -2 -19 15.00
2 6 60 1156 1214 19 21 -2 -19 15.00
2 0 61 210 1357 21 16 -3 -17 15.00
2 1 61 232 1357 21 16 -3 -17 15.00
2 2 61 254 1357 21 16 -3 -17 15.00
2 3 61 276 1357 21 16 -3 -17 15.00
2 4 61 298 1357 21 16 -3 -17 15.00
2 5 61 320 1357 21 16 -3 -17 15.00
2 6 61 342 1357 21 16 -3 -17 15.00
2 0 62 1176 1214 18 21 -1 -19 15.00
2 1 62 1195 1214 18 21 -1 -19 15.00
2 2 62 1214 1214 18 21 -1 -19 15.00
2 3 62 1233 1214 18 21 -1 -19 15.00
2 4 62 1252 1214 18 21 -1 -19 15.00
2 5 62 1271 1214 18 21 -1 -19 15.00
2 6 62 1290 1214 18 21 -1 -19 15.00
2 0 63 711 505 22 27 -5 -22 13.00
2 1 63 734 505 22 27 -5 -22 13.00
2 2 63 757 505 22 27 -5 -22 13.00
2 3 63 780 505 22 27 -5 -22 13.00
2 4 63 803 505 22 27 -5 -22 13.00
2 5 63 826 505 22 27 -5 -22 13.00
2 6 63 849 505 22 27 -5 -22 13.00
2 0 64 2004 644 27 26 -4 -20 19.00
2 1 64 0 671 27 26 -4 -20 19.00
2 2 64 28 671 27 26 -4 -20 19.00
2 3 64 56 671 27 26 -4 -20 19.00
2 4 64 84 671 27 26 -4 -20 19.00
2 5 64 112 671 27 26 -4 -20 19.00
2 6 64 140 671 27 26 -4 -20 19.00
2 0 65 872 505 25 27 -4 -22 17.00
2 1 65 898 505 25 27 -4 -22 17.00
2 2 65 924 505 25 27 -4 -22 17.00
2 3 65 950 505 25 27 -4 -22 17.00
2 4 65 976 505 25 27 -4 -22 17.00
2 5 65 1002 505 25 27 -4 -22 17.00
2 6 65 1028 505 25 27 -4 -22 17.00
2 0 66 1858 328 24 29 -3 -23 17.00
2 1 66 1883 328 24 29 -3 -23 17.00
2 2 66 1908 328 24 29 -3 -23 17.00
2 3 66 1933 328 24 29 -3 -23 17.00
2 4 66 1958 328 24 29 -3 -23 17.00
2 5 66 1983 328 24 29 -3 -23 17.00
2 6 66 2008 328 24 29 -3 -23 17.00
2 0 67 0 358 25 29 -4 -23 18.00
2 1 67 26 358 25 29 -4 -23 18.00
2 2 67 52 358 25 29 -4 -23 18.00
2 3 67 78 358 25 29 -4 -23 18.00
2 4 67 104 358 25 29 -4 -23 18.00
2 5 67 130 358 25 29 -4 -23 18.00
2 6 67 156 358 25 29 -4 -23 18.00
2 0 68 182 358 25 29 -3 -23 18.00
2 1 68 208 358 25 29 -3 -23 18.00
2 2 68 234 358 25 29 -3 -23 18.00
2 3 68 260 358 25 29 -3 -23 18.00
2 4 68 286 358 25 29 -3 -23 18.00
2 5 68 312 358 25 29 -3 -23 18.00
2 6 68 338 358 25 29 -3 -23 18.00
2 0 69 364 358 22 29 -3 -23 15.00
2 1 69 387 358 22 29 -3 -23 15.00
2 2 69 410 358 22 29 -3 -23 15.00
2 3 69 433 358 22 29 -3 -23 15.00
2 4 69 456 358 22 29 -3 -23 15.00
2 5 69 479 358 22 29 -3 -23 15.00
2 6 69 502 358 22 29 -3 -23 15.00
2 0 70 525 418 22 28 -3 -23 14.00
2 1 70 548 418 22 28 -3 -23 14.00
2 2 70 571 418 22 28 -3 -23 14.00
2 3 70 594 418 22 28 -3 -23 14.00
2 4 70 617 418 22 28 -3 -23 14.00
2 5 70 640 418 22 28 -3 -23 14.00
2 6 70 663 418 22 28 -3 -23 14.00
2 0 71 525 358 26 29 -4 -23 18.00
2 1 71 552 358 26 29 -4 -23 18.00
2 2 71 579 358 26 29 -4 -23 18.00
2 3 71 606 358 26 29 -4 -23 18.00
2 4 71 633 358 26 29 -4 -23 18.00
2 5 71 660 358 26 29 -4 -23 18.00
2 6 71 687 358 26 29 -4 -23 18.00
2 0 72 1054 505 26 27 -3 -22 20.00
2 1 72 1081 505 26 27 -3 -22 20.00
2 2 72 1108 505 26 27 -3 -22 20.00
2 3 72 1135 505 26 27 -3 -22 20.00
2 4 72 1162 505 26 27 -3 -22 20.00
2 5 72 1189 505 26 27 -3 -22 20.00
2 6 72 1216 505 26 27 -3 -22 20.00
2 0 73 1243 505 13 27 -3 -22 7.00
2 1 73 1257 505 13 27 -3 -22 7.00
2 2 73 1271 505 13 27 -3 -22 7.00
2 3 73 1285 505 13 27 -3 -22 7.00
2 4 73 1299 505 13 27 -3 -22 7.00
2 5 73 1313 505 13 27 -3 -22 7.00
2 6 73 1327 505 13 27 -3 -22 7.00
2 0 74 1341 505 23 27 -4 -22 15.00
2 1 74 1365 505 23 27 -4 -22 15.00
2 2 74 1389 505 23 27 -4 -22 15.00
2 3 74 1413 505 23 27 -4 -22 15.00
2 4 74 1437 505 23 27 -4 -22 15.00
2 5 74 1461 505 23 27 -4 -22 15.00
2 6 74 1485 505 23 27 -4 -22 15.00
2 0 75 1509 505 22 27 -3 -22 15.00
2 1 75 1532 505 22 27 -3 -22 15.00
2 2 75 1555 505 22 27 -3 -22 15.00
2 3 75 1578 505 22 27 -3 -22 15.00
2 4 75 1601 505 22 27 -3 -22 15.00
2 5 75 1624 505 22 27 -3 -22 15.00
2 6 75 1647 505 22 27 -3 -22 15.00
2 0 76 686 418 20 28 -3 -22 14.00
2 1 76 707 418 20 28 -3 -22 14.00
2 2 76 728 418 20 28 -3 -22 14.00
2 3 76 749 418 20 28 -3 -22 14.00
2 4 76 770 418 20 28 -3 -22 14.00
2 5 76 791 418 20 28 -3 -22 14.00
2 6 76 812 418 20 28 -3 -22 14.00
2 0 77 1670 505 27 27 -3 -22 21.00
2 1 77 1698 505 27 27 -3 -22 21.00
2 2 77 1726 505 27 27 -3 -22 21.00
2 3 77 1754 505 27 27 -3 -22 21.00
2 4 77 1782 505 27 27 -3 -22 21.00
2 5 77 1810 505 27 27 -3 -22 21.00
2 6 77 1838 505 27 27 -3 -22 21.00
2 0 78 1866 505 25 27 -3 -22 19.00
2 1 78 1892 505 25 27 -3 -22 19.00
2 2 78 1918 505 25 27 -3 -22 19.00
2 3 78 1944 505 25 27 -3 -22 19.00
2 4 78 1970 505 25 27 -3 -22 19.00
2 5 78 1996 505 25 27 -3 -22 19.00
2 6 78 2022 505 25 27 -3 -22 19.00
2 0 79 714 358 26 29 -4 -23 19.00
2 1 79 741 358 26 29 -4 -23 19.00
2 2 79 768 358 26 29 -4 -23 19.00
2 3 79 795 358 26 29 -4 -23 19.00
2 4 79 822 358 26 29 -4 -23 19.00
2 5 79 849 358 26 29 -4 -23 19.00
2 6 79 876 358 26 29 -4 -23 19.00
2 0 80 833 418 23 28 -3 -23 15.00
2 1 80 857 418 23 28 -3 -23 15.00
2 2 80 881 418 23 28 -3 -23 15.00
2 3 80 905 418 23 28 -3 -23 15.00
2 4 80 929 418 23 28 -3 -23 15.00
2 5 80 953 418 23 28 -3 -23 15.00
2 6 80 977 418 23 28 -3 -23 15.00
2 0 81 1833 203 26 30 -4 -23 19.00
2 1 81 1860 203 26 30 -4 -23 19.00
2 2 81 1887 203 26 30 -4 -23 19.00
2 3 81 1914 203 26 30 -4 -23 19.00
2 4 81 1941 203 26 30 -4 -23 19.00
2 5 81 1968 203 26 30 -4 -23 19.00
2 6 81 1995 203 26 30 -4 -23 19.00
2 0 82 1001 418 23 28 -3 -23 16.00
2 1 82 1025 418 23 28 -3 -23 16.00
2 2 82 1049 418 23 28 -3 -23 16.00
2 3 82 1073 418 23 28 -3 -23 16.00
2 4 82 1097 418 23 28 -3 -23 16.00
2 5 82 1121 418 23 28 -3 -23 16.00
2 6 82 1145 418 23 28 -3 -23 16.00
2 0 83 903 358 24 29 -3 -23 18.00
2 1 83 928 358 24 29 -3 -23 18.00
2 2 83 953 358 24 29 -3 -23 18.00
2 3 83 978 358 24 29 -3 -23 18.00
2 4 83 1003 358 24 29 -3 -23 18.00
2 5 83 1028 358 24 29 -3 -23 18.00
2 6 83 1053 358 24 29 -3 -23 18.00
2 0 84 1169 418 23 28 -4 -23 16.00
2 1 84 1193 418 23 28 -4 -23 16.00
2 2 84 1217 418 23 28 -4 -23 16.00
2 3 84 1241 418 23 28 -4 -23 16.00
2 4 84 1265 418 23 28 -4 -23 16.00
2 5 84 1289 418 23 28 -4 -23 16.00
2 6 84 1313 418 23 28 -4 -23 16.00
2 0 85 1337 418 26 28 -3 -22 19.00
2 1 85 1364 418 26 28 -3 -22 19.00
2 2 85 1391 418 26 28 -3 -22 19.00
2 3 85 1418 418 26 28 -3 -22 19.00
2 4 85 1445 418 26 28 -3 -22 19.00
2 5 85 1472 418 26 28 -3 -22 19.00
2 6 85 1499 418 26 28 -3 -22 19.00
2 0 86 0 533 25 27 -4 -22 16.00
2 1 86 26 533 25 27 -4 -22 16.00
2 2 86 52 533 25 27 -4 -22 16.00
2 3 86 78 533 25 27 -4 -22 16.00
2 4 86 104 533 25 27 -4 -22 16.00
2 5 86 130 533 25 27 -4 -22 16.00
2 6 86 156 533 25 27 -4 -22 16.00
2 0 87 182 533 33 27 -5 -22 23.00
2 1 87 216 533 33 27 -5 -22 23.00
2 2 87 250 533 33 27 -5 -22 23.00
2 3 87 284 533 33 27 -5 -22 23.00
2 4 87 318 533 33 27 -5 -22 23.00
2 5 87 352 533 33 27 -5 -22 23.00
2 6 87 386 533 33 27 -5 -22 23.00
2 0 88 420 533 22 27 -3 -22 16.00
2 1 88 443 533 22 27 -3 -22 16.00
2 2 88 466 533 22 27 -3 -22 16.00
2 3 88 489 533 22 27 -3 -22 16.00
2 4 88 512 533 22 27 -3 -22 16.00
2 5 88 535 533 22 27 -3 -22 16.00
2 6 88 558 533 22 27 -3 -22 16.00
2 0 89 581 533 23 27 -4 -22 15.00
2 1 89 605 533 23 27 -4 -22 15.00
2 2 89 629 533 23 27 -4 -22 15.00
2 3 89 653 533 23 27 -4 -22 15.00
2 4 89 677 533 23 27 -4 -22 15.00
2 5 89 701 533 23 27 -4 -22 15.00
2 6 89 725 533 23 27 -4 -22 15.00
2 0 90 1078 358 25 29 -4 -23 17.00
2 1 90 1104 358 25 29 -4 -23 17.00
2 2 90 1130 358 25 29 -4 -23 17.00
2 3 90 1156 358 25 29 -4 -23 17.00
2 4 90 1182 358 25 29 -4 -23 17.00
2 5 90 1208 358 25 29 -4 -23 17.00
2 6 90 1234 358 25 29 -4 -23 17.00
2 0 91 364 39 14 33 -4 -23 6.00
2 1 91 379 39 14 33 -4 -23 6.00
2 2 91 394 39 14 33 -4 -23 6.00
2 3 91 409 39 14 33 -4 -23 6.00
2 4 91 424 39 14 33 -4 -23 6.00
2 5 91 439 39 14 33 -4 -23 6.00
2 6 91 454 39 14 33 -4 -23 6.00
2 0 92 469 39 18 33 -5 -24 9.00
2 1 92 488 39 18 33 -5 -24 9.00
2 2 92 507 39 18 33 -5 -24 9.00
2 3 92 526 39 18 33 -5 -24 9.00
2 4 92 545 39 18 33 -5 -24 9.00
2 5 92 564 39 18 33 -5 -24 9.00
2 6 92 583 39 18 33 -5 -24 9.00
2 0 93 602 39 14 33 -4 -23 6.00
2 1 93 617 39 14 33 -4 -23 6.00
2 2 93 632 39 14 33 -4 -23 6.00
2 3 93 647 39 14 33 -4 -23 6.00
2 4 93 662 39 14 33 -4 -23 6.00
2 5 93 677 39 14 33 -4 -23 6.00
2 6 93 692 39 14 33 -4 -23 6.00
2 0 94 1095 1339 17 17 -3 -23 11.00
2 1 94 1113 1339 17 17 -3 -23 11.00
2 2 94 1131 1339 17 17 -3 -23 11.00
2 3 94 1149 1339 17 17 -3 -23 11.00
2 4 94 1167 1339 17 17 -3 -23 11.00
2 5 94 1185 1339 17 17 -3 -23 11.00
2 6 94 1203 1339 17 17 -3 -23 11.00
2 0 95 1349 1374 17 13 -3 -5 12.00
2 1 95 1367 1374 17 13 -3 -5 12.00
2 2 95 1385 1374 17 13 -3 -5 12.00
2 3 95 1403 1374 17 13 -3 -5 12.00
2 4 95 1421 1374 17 13 -3 -5 12.00
2 5 95 1439 1374 17 13 -3 -5 12.00
2 6 95 1457 1374 17 13 -3 -5 12.00
2 0 96 1475 1374 13 13 -3 -22 6.00
2 1 96 1489 1374 13 13 -3 -22 6.00
2 2 96 1503 1374 13 13 -3 -22 6.00
2 3 96 1517 1374 13 13 -3 -22 6.00
2 4 96 1531 1374 13 13 -3 -22 6.00
2 5 96 1545 1374 13 13 -3 -22 6.00
2 6 96 1559 1374 13 13 -3 -22 6.00
2 0 97 1344 1028 23 23 -3 -18 16.00
2 1 97 1368 1028 23 23 -3 -18 16.00
2 2 97 1392 1028 23 23 -3 -18 16.00
2 3 97 1416 1028 23 23 -3 -18 16.00
2 4 97 1440 1028 23 23 -3 -18 16.00
2 5 97 1464 1028 23 23 -3 -18 16.00
2 6 97 1488 1028 23 23 -3 -18 16.00
2 0 98 1526 418 23 28 -3 -23 17.00
2 1 98 1550 418 23 28 -3 -23 17.00
2 2 98 1574 418 23 28 -3 -23 17.00
2 3 98 1598 418 23 28 -3 -23 17.00
2 4 98 1622 418 23 28 -3 -23 17.00
2 5 98 1646 418 23 28 -3 -23 17.00
2 6 98 1670 418 23 28 -3 -23 17.00
2 0 99 1512 1028 22 23 -4 -18 15.00
2 1 99 1535 1028 22 23 -4 -18 15.00
2 2 99 1558 1028 22 23 -4 -18 15.00
2 3 99 1581 1028 22 23 -4 -18 15.00
2 4 99 1604 1028 22 23 -4 -18 15.00
2 5 99 1627 1028 22 23 -4 -18 15.00
2 6 99 1650 1028 22 23 -4 -18 15.00
2 0 100 1694 418 24 28 -4 -23 17.00
2 1 100 1719 418 24 28 -4 -23 17.00
2 2 100 1744 418 24 28 -4 -23 17.00
2 3 100 1769 418 24 28 -4 -23 17.00
2 4 100 1794 418 24 28 -4 -23 17.00
2 5 100 1819 418 24 28 -4 -23 17.00
2 6 100 1844 418 24 28 -4 -23 17.00
2 0 101 1673 1028 23 23 -4 -18 16.00
2 1 101 1697 1028 23 23 -4 -18 16.00
2 2 101 1721 1028 23 23 -4 -18 16.00
2 3 101 1745 1028 23 23 -4 -18 16.00
2 4 101 1769 1028 23 23 -4 -18 16.00
2 5 101 1793 1028 23 23 -4 -18 16.00
2 6 101 1817 1028 23 23 -4 -18 16.00
2 0 102 1869 418 17 28 -3 -23 10.00
2 1 102 1887 418 17 28 -3 -23 10.00
2 2 102 1905 418 17 28 -3 -23 10.00
2 3 102 1923 418 17 28 -3 -23 10.00
2 4 102 1941 418 17 28 -3 -23 10.00
2 5 102 1959 418 17 28 -3 -23 10.00
2 6 102 1977 418 17 28 -3 -23 10.00
2 0 103 1260 358 24 29 -4 -18 17.00
2 1 103 1285 358 24 29 -4 -18 17.00
2 2 103 1310 358 24 29 -4 -18 17.00
2 3 103 1335 358 24 29 -4 -18 17.00
2 4 103 1360 358 24 29 -4 -18 17.00
2 5 103 1385 358 24 29 -4 -18 17.00
2 6 103 1410 358 24 29 -4 -18 17.00
2 0 104 1995 418 23 28 -3 -23 17.00
2 1 104 2019 418 23 28 -3 -23 17.00
2 2 104 0 447 23 28 -3 -23 17.00
2 3 104 24 447 23 28 -3 -23 17.00
2 4 104 48 447 23 28 -3 -23 17.00
2 5 104 72 447 23 28 -3 -23 17.00
2 6 104 96 447 23 28 -3 -23 17.00
2 0 105 120 447 13 28 -3 -23 7.00
2 1 105 134 447 13 28 -3 -23 7.00
2 2 105 148 447 13 28 -3 -23 7.00
2 3 105 162 447 13 28 -3 -23 7.00
2 4 105 176 447 13 28 -3 -23 7.00
2 5 105 190 447 13 28 -3 -23 7.00
2 6 105 204 447 13 28 -3 -23 7.00
2 0 106 707 39 15 33 -5 -23 7.00
2 1 106 723 39 15 33 -5 -23 7.00
2 2 106 739 39 15 33 -5 -23 7.00
2 3 106 755 39 15 33 -5 -23 7.00
2 4 106 771 39 15 33 -5 -23 7.00
2 5 106 787 39 15 33 -5 -23 7.00
2 6 106 803 39 15 33 -5 -23 7.00
2 0 107 218 447 20 28 -3 -23 13.00
2 1 107 239 447 20 28 -3 -23 13.00
2 2 107 260 447 20 28 -3 -23 13.00
2 3 107 281 447 20 28 -3 -23 13.00
2 4 107 302 447 20 28 -3 -23 13.00
2 5 107 323 447 20 28 -3 -23 13.00
2 6 107 344 447 20 28 -3 -23 13.00
2 0 108 365 447 15 28 -3 -23 8.00
2 1 108 381 447 15 28 -3 -23 8.00
2 2 108 397 447 15 28 -3 -23 8.00
2 3 108 413 447 15 28 -3 -23 8.00
2 4 108 429 447 15 28 -3 -23 8.00
2 5 108 445 447 15 28 -3 -23 8.00
2 6 108 461 447 15 28 -3 -23 8.00
2 0 109 1841 1028 30 23 -3 -18 24.00
2 1 109 1872 1028 30 23 -3 -18 24.00
2 2 109 1903 1028 30 23 -3 -18 24.00
2 3 109 1934 1028 30 23 -3 -18 24.00
2 4 109 1965 1028 30 23 -3 -18 24.00
2 5 109 1996 1028 30 23 -3 -18 24.00
2 6 109 0 1052 30 23 -3 -18 24.00
2 0 110 31 1052 23 23 -3 -18 17.00
2 1 110 55 1052 23 23 -3 -18 17.00
2 2 110 79 1052 23 23 -3 -18 17.00
2 3 110 103 1052 23 23 -3 -18 17.00
2 4 110 127 1052 23 23 -3 -18 17.00
2 5 110 151 1052 23 23 -3 -18 17.00
2 6 110 175 1052 23 23 -3 -18 17.00
2 0 111 199 1052 24 23 -4 -18 16.00
2 1 111 224 1052 24 23 -4 -18 16.00
2 2 111 249 1052 24 23 -4 -18 16.00
2 3 111 274 1052 24 23 -4 -18 16.00
2 4 111 299 1052 24 23 -4 -18 16.00
2 5 111 324 1052 24 23 -4 -18 16.00
2 6 111 349 1052 24 23 -4 -18 16.00
2 0 112 477 447 23 28 -3 -18 17.00
2 1 112 501 447 23 28 -3 -18 17.00
2 2 112 525 447 23 28 -3 -18 17.00
2 3 112 549 447 23 28 -3 -18 17.00
2 4 112 573 447 23 28 -3 -18 17.00
2 5 112 597 447 23 28 -3 -18 17.00
2 6 112 621 447 23 28 -3 -18 17.00
2 0 113 645 447 24 28 -4 -18 17.00
2 1 113 670 447 24 28 -4 -18 17.00
2 2 113 695 447 24 28 -4 -18 17.00
2 3 113 720 447 24 28 -4 -18 17.00
2 4 113 745 447 24 28 -4 -18 17.00
2 5 113 770 447 24 28 -4 -18 17.00
2 6 113 795 447 24 28 -4 -18 17.00
2 0 114 374 1052 18 23 -3 -18 11.00
2 1 114 393 1052 18 23 -3 -18 11.00
2 2 114 412 1052 18 23 -3 -18 11.00
2 3 114 431 1052 18 23 -3 -18 11.00
2 4 114 450 1052 18 23 -3 -18 11.00
2 5 114 469 1052 18 23 -3 -18 11.00
2 6 114 488 1052 18 23 -3 -18 11.00
2 0 115 1854 905 22 24 -3 -18 15.00
2 1 115 1877 905 22 24 -3 -18 15.00
2 2 115 1900 905 22 24 -3 -18 15.00
2 3 115 1923 905 22 24 -3 -18 15.00
2 4 115 1946 905 22 24 -3 -18 15.00
2 5 115 1969 905 22 24 -3 -18 15.00
2 6 115 1992 905 22 24 -3 -18 15.00
2 0 116 168 671 17 26 -4 -21 10.00
2 1 116 186 671 17 26 -4 -21 10.00
2 2 116 204 671 17 26 -4 -21 10.00
2 3 116 222 671 17 26 -4 -21 10.00
2 4 116 240 671 17 26 -4 -21 10.00
2 5 116 258 671 17 26 -4 -21 10.00
2 6 116 276 671 17 26 -4 -21 10.00
2 0 117 507 1052 23 23 -3 -18 17.00
2 1 117 531 1052 23 23 -3 -18 17.00
2 2 117 555 1052 23 23 -3 -18 17.00
2 3 117 579 1052 23 23 -3 -18 17.00
2 4 117 603 1052 23 23 -3 -18 17.00
2 5 117 627 1052 23 23 -3 -18 17.00
2 6 117 651 1052 23 23 -3 -18 17.00
2 0 118 675 1052 22 23 -4 -18 13.00
2 1 118 698 1052 22 23 -4 -18 13.00
2 2 118 721 1052 22 23 -4 -18 13.00
2 3 118 744 1052 22 23 -4 -18 13.00
2 4 118 767 1052 22 23 -4 -18 13.00
2 5 118 790 1052 22 23 -4 -18 13.00
2 6 118 813 1052 22 23 -4 -18 13.00
2 0 119 836 1052 27 23 -4 -18 19.00
2 1 119 864 1052 27 23 -4 -18 19.00
2 2 119 892 1052 27 23 -4 -18 19.00
2 3 119 920 1052 27 23 -4 -18 19.00
2 4 119 948 1052 27 23 -4 -18 19.00
2 5 119 976 1052 27 23 -4 -18 19.00
2 6 119 1004 1052 27 23 -4 -18 19.00
2 0 120 1032 1052 20 23 -3 -18 14.00
2 1 120 1053 1052 20 23 -3 -18 14.00
2 2 120 1074 1052 20 23 -3 -18 14.00
2 3 120 1095 1052 20 23 -3 -18 14.00
2 4 120 1116 1052 20 23 -3 -18 14.00
2 5 120 1137 1052 20 23 -3 -18 14.00
2 6 120 1158 1052 20 23 -3 -18 14.00
2 0 121 1435 358 23 29 -3 -18 17.00
2 1 121 1459 358 23 29 -3 -18 17.00
2 2 121 1483 358 23 29 -3 -18 17.00
2 3 121 1507 358 23 29 -3 -18 17.00
2 4 121 1531 358 23 29 -3 -18 17.00
2 5 121 1555 358 23 29 -3 -18 17.00
2 6 121 1579 358 23 29 -3 -18 17.00
2 0 122 1768 777 22 25 -4 -19 14.00
2 1 122 1791 777 22 25 -4 -19 14.00
2 2 122 1814 777 22 25 -4 -19 14.00
2 3 122 1837 777 22 25 -4 -19 14.00
2 4 122 1860 777 22 25 -4 -19 14.00
2 5 122 1883 777 22 25 -4 -19 14.00
2 6 122 1906 777 22 25 -4 -19 14.00
2 0 123 819 39 16 33 -3 -23 9.00
2 1 123 836 39 16 33 -3 -23 9.00
2 2 123 853 39 16 33 -3 -23 9.00
2 3 123 870 39 16 33 -3 -23 9.00
2 4 123 887 39 16 33 -3 -23 9.00
2 5 123 904 39 16 33 -3 -23 9.00
2 6 123 921 39 16 33 -3 -23 9.00
2 0 124 1645 39 14 32 -4 -23 6.00
2 1 124 1660 39 14 32 -4 -23 6.00
2 2 124 1675 39 14 32 -4 -23 6.00
2 3 124 1690 39 14 32 -4 -23 6.00
2 4 124 1705 39 14 32 -4 -23 6.00
2 5 124 1720 39 14 32 -4 -23 6.00
2 6 124 1735 39 14 32 -4 -23 6.00
2 0 125 938 39 16 33 -4 -23 9.00
2 1 125 955 39 16 33 -4 -23 9.00
2 2 125 972 39 16 33 -4 -23 9.00
2 3 125 989 39 16 33 -4 -23 9.00
2 4 125 1006 39 16 33 -4 -23 9.00
2 5 125 1023 39 16 33 -4 -23 9.00
2 6 125 1040 39 16 33 -4 -23 9.00
2 0 126 1573 1374 20 13 -2 -15 15.00
2 1 126 1594 1374 20 13 -2 -15 15.00
2 2 126 1615 1374 20 13 -2 -15 15.00
2 3 126 1636 1374 20 13 -2 -15 15.00
2 4 126 1657 1374 20 13 -2 -15 15.00
2 5 126 1678 1374 20 13 -2 -15 15.00
2 6 126 1699 1374 20 13 -2 -15 15.00
2 0 1040 749 533 24 27 -4 -22 15.00
2 1 1040 774 533 24 27 -4 -22 15.00
2 2 1040 799 533 24 27 -4 -22 15.00
2 3 1040 824 533 24 27 -4 -22 15.00
2 4 1040 849 533 24 27 -4 -22 15.00
2 5 1040 874 533 24 27 -4 -22 15.00
2 6 1040 899 533 24 27 -4 -22 15.00
2 0 1041 820 447 23 28 -4 -22 15.00
2 1 1041 844 447 23 28 -4 -22 15.00
2 2 1041 868 447 23 28 -4 -22 15.00
2 3 1041 892 447 23 28 -4 -22 15.00
2 4 1041 916 447 23 28 -4 -22 15.00
2 5 1041 940 447 23 28 -4 -22 15.00
2 6 1041 964 447 23 28 -4 -22 15.00
2 0 1042 988 447 24 28 -4 -22 16.00
2 1 1042 1013 447 24 28 -4 -22 16.00
2 2 1042 1038 447 24 28 -4 -22 16.00
2 3 1042 1063 447 24 28 -4 -22 16.00
2 4 1042 1088 447 24 28 -4 -22 16.00
2 5 1042 1113 447 24 28 -4 -22 16.00
2 6 1042 1138 447 24 28 -4 -22 16.00
2 0 1043 924 533 23 27 -4 -22 15.00
2 1 1043 948 533 23 27 -4 -22 15.00
2 2 1043 972 533 23 27 -4 -22 15.00
2 3 1043 996 533 23 27 -4 -22 15.00
2 4 1043 1020 533 23 27 -4 -22 15.00
2 5 1043 1044 533 23 27 -4 -22 15.00
2 6 1043 1068 533 23 27 -4 -22 15.00
2 0 1044 1603 358 25 29 -5 -22 16.00
2 1 1044 1629 358 25 29 -5 -22 16.00
2 2 1044 1655 358 25 29 -5 -22 16.00
2 3 1044 1681 358 25 29 -5 -22 16.00
2 4 1044 1707 358 25 29 -5 -22 16.00
2 5 1044 1733 358 25 29 -5 -22 16.00
2 6 1044 1759 358 25 29 -5 -22 16.00
2 0 1045 1163 447 24 28 -4 -22 16.00
2 1 1045 1188 447 24 28 -4 -22 16.00
2 2 1045 1213 447 24 28 -4 -22 16.00
2 3 1045 1238 447 24 28 -4 -22 16.00
2 4 1045 1263 447 24 28 -4 -22 16.00
2 5 1045 1288 447 24 28 -4 -22 16.00
2 6 1045 1313 447 24 28 -4 -22 16.00
2 0 1025 1750 39 24 32 -4 -26 16.00
2 1 1025 1775 39 24 32 -4 -26 16.00
2 2 1025 1800 39 24 32 -4 -26 16.00
2 3 1025 1825 39 24 32 -4 -26 16.00
2 4 1025 1850 39 24 32 -4 -26 16.00
2 5 1025 1875 39 24 32 -4 -26 16.00
2 6 1025 1900 39 24 32 -4 -26 16.00
2 0 1046 294 671 28 26 -4 -21 21.00
2 1 1046 323 671 28 26 -4 -21 21.00
2 2 1046 352 671 28 26 -4 -21 21.00
2 3 1046 381 671 28 26 -4 -21 21.00
2 4 1046 410 671 28 26 -4 -21 21.00
2 5 1046 439 671 28 26 -4 -21 21.00
2 6 1046 468 671 28 26 -4 -21 21.00
2 0 1047 1338 447 24 28 -4 -22 16.00
2 1 1047 1363 447 24 28 -4 -22 16.00
2 2 1047 1388 447 24 28 -4 -22 16.00
2 3 1047 1413 447 24 28 -4 -22 16.00
2 4 1047 1438 447 24 28 -4 -22 16.00
2 5 1047 1463 447 24 28 -4 -22 16.00
2 6 1047 1488 447 24 28 -4 -22 16.00
2 0 1048 1092 533 25 27 -4 -22 17.00
2 1 1048 1118 533 25 27 -4 -22 17.00
2 2 1048 1144 533 25 27 -4 -22 17.00
2 3 1048 1170 533 25 27 -4 -22 17.00
2 4 1048 1196 533 25 27 -4 -22 17.00
2 5 1048 1222 533 25 27 -4 -22 17.00
2 6 1048 1248 533 25 27 -4 -22 17.00
2 0 1049 1974 106 25 31 -4 -26 17.00
2 1 1049 2000 106 25 31 -4 -26 17.00
2 2 1049 0 139 25 31 -4 -26 17.00
2 3 1049 26 139 25 31 -4 -26 17.00
2 4 1049 52 139 25 31 -4 -26 17.00
2 5 1049 78 139 25 31 -4 -26 17.00
2 6 1049 104 139 25 31 -4 -26 17.00
2 0 1050 497 671 23 26 -4 -21 16.00
2 1 1050 521 671 23 26 -4 -21 16.00
2 2 1050 545 671 23 26 -4 -21 16.00
2 3 1050 569 671 23 26 -4 -21 16.00
2 4 1050 593 671 23 26 -4 -21 16.00
2 5 1050 617 671 23 26 -4 -21 16.00
2 6 1050 641 671 23 26 -4 -21 16.00
2 0 1051 1274 533 23 27 -4 -22 16.00
2 1 1051 1298 533 23 27 -4 -22 16.00
2 2 1051 1322 533 23 27 -4 -22 16.00
2 3 1051 1346 533 23 27 -4 -22 16.00
2 4 1051 1370 533 23 27 -4 -22 16.00
2 5 1051 1394 533 23 27 -4 -22 16.00
2 6 1051 1418 533 23 27 -4 -22 16.00
2 0 1052 1442 533 25 27 -4 -22 18.00
2 1 1052 1468 533 25 27 -4 -22 18.00
2 2 1052 1494 533 25 27 -4 -22 18.00
2 3 1052 1520 533 25 27 -4 -22 18.00
2 4 1052 1546 533 25 27 -4 -22 18.00
2 5 1052 1572 533 25 27 -4 -22 18.00
2 6 1052 1598 533 25 27 -4 -22 18.00
2 0 1053 1624 533 25 27 -4 -22 17.00
2 1 1053 1650 533 25 27 -4 -22 17.00
2 2 1053 1676 533 25 27 -4 -22 17.00
2 3 1053 1702 533 25 27 -4 -22 17.00
2 4 1053 1728 533 25 27 -4 -22 17.00
2 5 1053 1754 533 25 27 -4 -22 17.00
2 6 1053 1780 533 25 27 -4 -22 17.00
2 0 1054 1513 447 24 28 -4 -22 16.00
2 1 1054 1538 447 24 28 -4 -22 16.00
2 2 1054 1563 447 24 28 -4 -22 16.00
2 3 1054 1588 447 24 28 -4 -22 16.00
2 4 1054 1613 447 24 28 -4 -22 16.00
2 5 1054 1638 447 24 28 -4 -22 16.00
2 6 1054 1663 447 24 28 -4 -22 16.00
2 0 1055 1806 533 24 27 -4 -22 17.00
2 1 1055 1831 533 24 27 -4 -22 17.00
2 2 1055 1856 533 24 27 -4 -22 17.00
2 3 1055 1881 533 24 27 -4 -22 17.00
2 4 1055 1906 533 24 27 -4 -22 17.00
2 5 1055 1931 533 24 27 -4 -22 17.00
2 6 1055 1956 533 24 27 -4 -22 17.00
2 0 1056 1981 533 23 27 -4 -22 15.00
2 1 1056 2005 533 23 27 -4 -22 15.00
2 2 1056 0 561 23 27 -4 -22 15.00
2 3 1056 24 561 23 27 -4 -22 15.00
2 4 1056 48 561 23 27 -4 -22 15.00
2 5 1056 72 561 23 27 -4 -22 15.00
2 6 1056 96 561 23 27 -4 -22 15.00
2 0 1057 1688 447 24 28 -4 -22 16.00
2 1 1057 1713 447 24 28 -4 -22 16.00
2 2 1057 1738 447 24 28 -4 -22 16.00
2 3 1057 1763 447 24 28 -4 -22 16.00
2 4 1057 1788 447 24 28 -4 -22 16.00
2 5 1057 1813 447 24 28 -4 -22 16.00
2 6 1057 1838 447 24 28 -4 -22 16.00
2 0 1058 120 561 21 27 -4 -22 13.00
2 1 1058 142 561 21 27 -4 -22 13.00
2 2 1058 164 561 21 27 -4 -22 13.00
2 3 1058 186 561 21 27 -4 -22 13.00
2 4 1058 208 561 21 27 -4 -22 13.00
2 5 1058 230 561 21 27 -4 -22 13.00
2 6 1058 252 561 21 27 -4 -22 13.00
2 0 1059 274 561 23 27 -4 -21 14.00
2 1 1059 298 561 23 27 -4 -21 14.00
2 2 1059 322 561 23 27 -4 -21 14.00
2 3 1059 346 561 23 27 -4 -21 14.00
2 4 1059 370 561 23 27 -4 -21 14.00
2 5 1059 394 561 23 27 -4 -21 14.00
2 6 1059 418 561 23 27 -4 -21 14.00
2 0 1060 442 561 24 27 -5 -22 15.00
2 1 1060 467 561 24 27 -5 -22 15.00
2 2 1060 492 561 24 27 -5 -22 15.00
2 3 1060 517 561 24 27 -5 -22 15.00
2 4 1060 542 561 24 27 -5 -22 15.00
2 5 1060 567 561 24 27 -5 -22 15.00
2 6 1060 592 561 24 27 -5 -22 15.00
2 0 1061 617 561 23 27 -4 -22 15.00
2 1 1061 641 561 23 27 -4 -22 15.00
2 2 1061 665 561 23 27 -4 -22 15.00
2 3 1061 689 561 23 27 -4 -22 15.00
2 4 1061 713 561 23 27 -4 -22 15.00
2 5 1061 737 561 23 27 -4 -22 15.00
2 6 1061 761 561 23 27 -4 -22 15.00
2 0 1062 1863 447 24 28 -4 -21 16.00
2 1 1062 1888 447 24 28 -4 -21 16.00
2 2 1062 1913 447 24 28 -4 -21 16.00
2 3 1062 1938 447 24 28 -4 -21 16.00
2 4 1062 1963 447 24 28 -4 -21 16.00
2 5 1062 1988 447 24 28 -4 -21 16.00
2 6 1062 2013 447 24 28 -4 -21 16.00
2 0 1063 785 561 24 27 -4 -22 16.00
2 1 1063 810 561 24 27 -4 -22 16.00
2 2 1063 835 561 24 27 -4 -22 16.00
2 3 1063 860 561 24 27 -4 -22 16.00
2 4 1063 885 561 24 27 -4 -22 16.00
2 5 1063 910 561 24 27 -4 -22 16.00
2 6 1063 935 561 24 27 -4 -22 16.00
2 0 1064 960 561 26 27 -4 -21 19.00
2 1 1064 987 561 26 27 -4 -21 19.00
2 2 1064 1014 561 26 27 -4 -21 19.00
2 3 1064 1041 561 26 27 -4 -21 19.00
2 4 1064 1068 561 26 27 -4 -21 19.00
2 5 1064 1095 561 26 27 -4 -21 19.00
2 6 1064 1122 561 26 27 -4 -21 19.00
2 0 1065 0 476 27 28 -4 -21 19.00
2 1 1065 28 476 27 28 -4 -21 19.00
2 2 1065 56 476 27 28 -4 -21 19.00
2 3 1065 84 476 27 28 -4 -21 19.00
2 4 1065 112 476 27 28 -4 -21 19.00
2 5 1065 140 476 27 28 -4 -21 19.00
2 6 1065 168 476 27 28 -4 -21 19.00
2 0 1066 196 476 25 28 -4 -22 17.00
2 1 1066 222 476 25 28 -4 -22 17.00
2 2 1066 248 476 25 28 -4 -22 17.00
2 3 1066 274 476 25 28 -4 -22 17.00
2 4 1066 300 476 25 28 -4 -22 17.00
2 5 1066 326 476 25 28 -4 -22 17.00
2 6 1066 352 476 25 28 -4 -22 17.00
2 0 1067 378 476 26 28 -4 -22 19.00
2 1 1067 405 476 26 28 -4 -22 19.00
2 2 1067 432 476 26 28 -4 -22 19.00
2 3 1067 459 476 26 28 -4 -22 19.00
2 4 1067 486 476 26 28 -4 -22 19.00
2 5 1067 513 476 26 28 -4 -22 19.00
2 6 1067 540 476 26 28 -4 -22 19.00
2 0 1068 1149 561 23 27 -4 -21 15.00
2 1 1068 1173 561 23 27 -4 -21 15.00
2 2 1068 1197 561 23 27 -4 -21 15.00
2 3 1068 1221 561 23 27 -4 -21 15.00
2 4 1068 1245 561 23 27 -4 -21 15.00
2 5 1068 1269 561 23 27 -4 -21 15.00
2 6 1068 1293 561 23 27 -4 -21 15.00
2 0 1069 567 476 24 28 -4 -22 16.00
2 1 1069 592 476 24 28 -4 -22 16.00
2 2 1069 617 476 24 28 -4 -22 16.00
2 3 1069 642 476 24 28 -4 -22 16.00
2 4 1069 667 476 24 28 -4 -22 16.00
2 5 1069 692 476 24 28 -4 -22 16.00
2 6 1069 717 476 24 28 -4 -22 16.00
2 0 1070 742 476 28 28 -4 -22 20.00
2 1 1070 771 476 28 28 -4 -22 20.00
2 2 1070 800 476 28 28 -4 -22 20.00
2 3 1070 829 476 28 28 -4 -22 20.00
2 4 1070 858 476 28 28 -4 -22 20.00
2 5 1070 887 476 28 28 -4 -22 20.00
2 6 1070 916 476 28 28 -4 -22 20.00
2 0 1071 1317 561 24 27 -4 -22 16.00
2 1 1071 1342 561 24 27 -4 -22 16.00
2 2 1071 1367 561 24 27 -4 -22 16.00
2 3 1071 1392 561 24 27 -4 -22 16.00
2 4 1071 1417 561 24 27 -4 -22 16.00
2 5 1071 1442 561 24 27 -4 -22 16.00
2 6 1071 1467 561 24 27 -4 -22 16.00
2 0 1072 2015 905 23 24 -4 -18 15.00
2 1 1072 0 930 23 24 -4 -18 15.00
2 2 1072 24 930 23 24 -4 -18 15.00
2 3 1072 48 930 23 24 -4 -18 15.00
2 4 1072 72 930 23 24 -4 -18 15.00
2 5 1072 96 930 23 24 -4 -18 15.00
2 6 1072 120 930 23 24 -4 -18 15.00
2 0 1073 945 476 25 28 -4 -22 17.00
2 1 1073 971 476 25 28 -4 -22 17.00
2 2 1073 997 476 25 28 -4 -22 17.00
2 3 1073 1023 476 25 28 -4 -22 17.00
2 4 1073 1049 476 25 28 -4 -22 17.00
2 5 1073 1075 476 25 28 -4 -22 17.00
2 6 1073 1101 476 25 28 -4 -22 17.00
2 0 1074 144 930 24 24 -4 -18 16.00
2 1 1074 169 930 24 24 -4 -18 16.00
2 2 1074 194 930 24 24 -4 -18 16.00
2 3 1074 219 930 24 24 -4 -18 16.00
2 4 1074 244 930 24 24 -4 -18 16.00
2 5 1074 269 930 24 24 -4 -18 16.00
2 6 1074 294 930 24 24 -4 -18 16.00
2 0 1075 1179 1052 21 23 -4 -18 13.00
2 1 1075 1201 1052 21 23 -4 -18 13.00
2 2 1075 1223 1052 21 23 -4 -18 13.00
2 3 1075 1245 1052 21 23 -4 -18 13.00
2 4 1075 1267 1052 21 23 -4 -18 13.00
2 5 1075 1289 1052 21 23 -4 -18 13.00
2 6 1075 1311 1052 21 23 -4 -18 13.00
2 0 1076 1929 777 25 25 -5 -18 15.00
2 1 1076 1955 777 25 25 -5 -18 15.00
2 2 1076 1981 777 25 25 -5 -18 15.00
2 3 1076 2007 777 25 25 -5 -18 15.00
2 4 1076 0 803 25 25 -5 -18 15.00
2 5 1076 26 803 25 25 -5 -18 15.00
2 6 1076 52 803 25 25 -5 -18 15.00
2 0 1077 319 930 24 24 -4 -18 16.00
2 1 1077 344 930 24 24 -4 -18 16.00
2 2 1077 369 930 24 24 -4 -18 16.00
2 3 1077 394 930 24 24 -4 -18 16.00
2 4 1077 419 930 24 24 -4 -18 16.00
2 5 1077 444 930 24 24 -4 -18 16.00
2 6 1077 469 930 24 24 -4 -18 16.00
2 0 1105 1492 561 24 27 -4 -21 16.00
2 1 1105 1517 561 24 27 -4 -21 16.00
2 2 1105 1542 561 24 27 -4 -21 16.00
2 3 1105 1567 561 24 27 -4 -21 16.00
2 4 1105 1592 561 24 27 -4 -21 16.00
2 5 1105 1617 561 24 27 -4 -21 16.00
2 6 1105 1642 561 24 27 -4 -21 16.00
2 0 1078 1033 1146 27 22 -4 -17 19.00
2 1 1078 1061 1146 27 22 -4 -17 19.00
2 2 1078 1089 1146 27 22 -4 -17 19.00
2 3 1078 1117 1146 27 22 -4 -17 19.00
2 4 1078 1145 1146 27 22 -4 -17 19.00
2 5 1078 1173 1146 27 22 -4 -17 19.00
2 6 1078 1201 1146 27 22 -4 -17 19.00
2 0 1079 494 930 24 24 -4 -18 16.00
2 1 1079 519 930 24 24 -4 -18 16.00
2 2 1079 544 930 24 24 -4 -18 16.00
2 3 1079 569 930 24 24 -4 -18 16.00
2 4 1079 594 930 24 24 -4 -18 16.00
2 5 1079 619 930 24 24 -4 -18 16.00
2 6 1079 644 930 24 24 -4 -18 16.00
2 0 1080 1229 1146 24 22 -4 -17 16.00
2 1 1080 1254 1146 24 22 -4 -17 16.00
2 2 1080 1279 1146 24 22 -4 -17 16.00
2 3 1080 1304 1146 24 22 -4 -17 16.00
2 4 1080 1329 1146 24 22 -4 -17 16.00
2 5 1080 1354 1146 24 22 -4 -17 16.00
2 6 1080 1379 1146 24 22 -4 -17 16.00
2 0 1081 1667 561 24 27 -4 -22 16.00
2 1 1081 1692 561 24 27 -4 -22 16.00
2 2 1081 1717 561 24 27 -4 -22 16.00
2 3 1081 1742 561 24 27 -4 -22 16.00
2 4 1081 1767 561 24 27 -4 -22 16.00
2 5 1081 1792 561 24 27 -4 -22 16.00
2 6 1081 1817 561 24 27 -4 -22 16.00
2 0 1082 1404 1146 23 22 -4 -17 15.00
2 1 1082 1428 1146 23 22 -4 -17 15.00
2 2 1082 1452 1146 23 22 -4 -17 15.00
2 3 1082 1476 1146 23 22 -4 -17 15.00
2 4 1082 1500 1146 23 22 -4 -17 15.00
2 5 1082 1524 1146 23 22 -4 -17 15.00
2 6 1082 1548 1146 23 22 -4 -17 15.00
2 0 1083 1333 1052 23 23 -4 -18 15.00
2 1 1083 1357 1052 23 23 -4 -18 15.00
2 2 1083 1381 1052 23 23 -4 -18 15.00
2 3 1083 1405 1052 23 23 -4 -18 15.00
2 4 1083 1429 1052 23 23 -4 -18 15.00
2 5 1083 1453 1052 23 23 -4 -18 15.00
2 6 1083 1477 1052 23 23 -4 -18 15.00
2 0 1084 1572 1146 25 22 -4 -17 17.00
2 1 1084 1598 1146 25 22 -4 -17 17.00
2 2 1084 1624 1146 25 22 -4 -17 17.00
2 3 1084 1650 1146 25 22 -4 -17 17.00
2 4 1084 1676 1146 25 22 -4 -17 17.00
2 5 1084 1702 1146 25 22 -4 -17 17.00
2 6 1084 1728 1146 25 22 -4 -17 17.00
2 0 1085 1754 1146 24 22 -4 -17 16.00
2 1 1085 1779 1146 24 22 -4 -17 16.00
2 2 1085 1804 1146 24 22 -4 -17 16.00
2 3 1085 1829 1146 24 22 -4 -17 16.00
2 4 1085 1854 1146 24 22 -4 -17 16.00
2 5 1085 1879 1146 24 22 -4 -17 16.00
2 6 1085 1904 1146 24 22 -4 -17 16.00
2 0 1086 669 930 25 24 -4 -18 16.00
2 1 1086 695 930 25 24 -4 -18 16.00
2 2 1086 721 930 25 24 -4 -18 16.00
2 3 1086 747 930 25 24 -4 -18 16.00
2 4 1086 773 930 25 24 -4 -18 16.00
2 5 1086 799 930 25 24 -4 -18 16.00
2 6 1086 825 930 25 24 -4 -18 16.00
2 0 1087 1501 1052 24 23 -4 -18 16.00
2 1 1087 1526 1052 24 23 -4 -18 16.00
2 2 1087 1551 1052 24 23 -4 -18 16.00
2 3 1087 1576 1052 24 23 -4 -18 16.00
2 4 1087 1601 1052 24 23 -4 -18 16.00
2 5 1087 1626 1052 24 23 -4 -18 16.00
2 6 1087 1651 1052 24 23 -4 -18 16.00
2 0 1088 1127 476 25 28 -4 -18 17.00
2 1 1088 1153 476 25 28 -4 -18 17.00
2 2 1088 1179 476 25 28 -4 -18 17.00
2 3 1088 1205 476 25 28 -4 -18 17.00
2 4 1088 1231 476 25 28 -4 -18 17.00
2 5 1088 1257 476 25 28 -4 -18 17.00
2 6 1088 1283 476 25 28 -4 -18 17.00
2 0 1089 851 930 24 24 -4 -18 16.00
2 1 1089 876 930 24 24 -4 -18 16.00
2 2 1089 901 930 24 24 -4 -18 16.00
2 3 1089 926 930 24 24 -4 -18 16.00
2 4 1089 951 930 24 24 -4 -18 16.00
2 5 1089 976 930 24 24 -4 -18 16.00
2 6 1089 1001 930 24 24 -4 -18 16.00
2 0 1090 1676 1052 21 23 -4 -18 13.00
2 1 1090 1698 1052 21 23 -4 -18 13.00
2 2 1090 1720 1052 21 23 -4 -18 13.00
2 3 1090 1742 1052 21 23 -4 -18 13.00
2 4 1090 1764 1052 21 23 -4 -18 13.00
2 5 1090 1786 1052 21 23 -4 -18 13.00
2 6 1090 1808 1052 21 23 -4 -18 13.00
2 0 1091 1309 476 25 28 -4 -17 17.00
2 1 1091 1335 476 25 28 -4 -17 17.00
2 2 1091 1361 476 25 28 -4 -17 17.00
2 3 1091 1387 476 25 28 -4 -17 17.00
2 4 1091 1413 476 25 28 -4 -17 17.00
2 5 1091 1439 476 25 28 -4 -17 17.00
2 6 1091 1465 476 25 28 -4 -17 17.00
2 0 1092 1925 39 29 32 -4 -22 21.00
2 1 1092 1955 39 29 32 -4 -22 21.00
2 2 1092 1985 39 29 32 -4 -22 21.00
2 3 1092 2015 39 29 32 -4 -22 21.00
2 4 1092 0 73 29 32 -4 -22 21.00
2 5 1092 30 73 29 32 -4 -22 21.00
2 6 1092 60 73 29 32 -4 -22 21.00
2 0 1093 1929 1146 22 22 -4 -17 14.00
2 1 1093 1952 1146 22 22 -4 -17 14.00
2 2 1093 1975 1146 22 22 -4 -17 14.00
2 3 1093 1998 1146 22 22 -4 -17 14.00
2 4 1093 2021 1146 22 22 -4 -17 14.00
2 5 1093 0 1169 22 22 -4 -17 14.00
2 6 1093 23 1169 22 22 -4 -17 14.00
2 0 1094 1026 930 24 24 -4 -17 15.00
2 1 1094 1051 930 24 24 -4 -17 15.00
2 2 1094 1076 930 24 24 -4 -17 15.00
2 3 1094 1101 930 24 24 -4 -17 15.00
2 4 1094 1126 930 24 24 -4 -17 15.00
2 5 1094 1151 930 24 24 -4 -17 15.00
2 6 1094 1176 930 24 24 -4 -17 15.00
2 0 1095 46 1169 24 22 -4 -17 16.00
2 1 1095 71 1169 24 22 -4 -17 16.00
2 2 1095 96 1169 24 22 -4 -17 16.00
2 3 1095 121 1169 24 22 -4 -17 16.00
2 4 1095 146 1169 24 22 -4 -17 16.00
2 5 1095 171 1169 24 22 -4 -17 16.00
2 6 1095 196 1169 24 22 -4 -17 16.00
2 0 1096 1830 1052 25 23 -4 -17 17.00
2 1 1096 1856 1052 25 23 -4 -17 17.00
2 2 1096 1882 1052 25 23 -4 -17 17.00
2 3 1096 1908 1052 25 23 -4 -17 17.00
2 4 1096 1934 1052 25 23 -4 -17 17.00
2 5 1096 1960 1052 25 23 -4 -17 17.00
2 6 1096 1986 1052 25 23 -4 -17 17.00
2 0 1097 1201 930 26 24 -4 -17 18.00
2 1 1097 1228 930 26 24 -4 -17 18.00
2 2 1097 1255 930 26 24 -4 -17 18.00
2 3 1097 1282 930 26 24 -4 -17 18.00
2 4 1097 1309 930 26 24 -4 -17 18.00
2 5 1097 1336 930 26 24 -4 -17 18.00
2 6 1097 1363 930 26 24 -4 -17 18.00
2 0 1098 1390 930 25 24 -4 -18 16.00
2 1 1098 1416 930 25 24 -4 -18 16.00
2 2 1098 1442 930 25 24 -4 -18 16.00
2 3 1098 1468 930 25 24 -4 -18 16.00
2 4 1098 1494 930 25 24 -4 -18 16.00
2 5 1098 1520 930 25 24 -4 -18 16.00
2 6 1098 1546 930 25 24 -4 -18 16.00
2 0 1099 2012 1052 26 23 -4 -17 18.00
2 1 1099 0 1076 26 23 -4 -17 18.00
2 2 1099 27 1076 26 23 -4 -17 18.00
2 3 1099 54 1076 26 23 -4 -17 18.00
2 4 1099 81 1076 26 23 -4 -17 18.00
2 5 1099 108 1076 26 23 -4 -17 18.00
2 6 1099 135 1076 26 23 -4 -17 18.00
2 0 1100 162 1076 23 23 -4 -17 15.00
2 1 1100 186 1076 23 23 -4 -17 15.00
2 2 1100 210 1076 23 23 -4 -17 15.00
2 3 1100 234 1076 23 23 -4 -17 15.00
2 4 1100 258 1076 23 23 -4 -17 15.00
2 5 1100 282 1076 23 23 -4 -17 15.00
2 6 1100 306 1076 23 23 -4 -17 15.00
2 0 1101 1572 930 24 24 -4 -18 16.00
2 1 1101 1597 930 24 24 -4 -18 16.00
2 2 1101 1622 930 24 24 -4 -18 16.00
2 3 1101 1647 930 24 24 -4 -18 16.00
2 4 1101 1672 930 24 24 -4 -18 16.00
2 5 1101 1697 930 24 24 -4 -18 16.00
2 6 1101 1722 930 24 24 -4 -18 16.00
2 0 1102 1747 930 27 24 -4 -18 19.00
2 1 1102 1775 930 27 24 -4 -18 19.00
2 2 1102 1803 930 27 24 -4 -18 19.00
2 3 1102 1831 930 27 24 -4 -18 19.00
2 4 1102 1859 930 27 24 -4 -18 19.00
2 5 1102 1887 930 27 24 -4 -18 19.00
2 6 1102 1915 930 27 24 -4 -18 19.00
2 0 1103 330 1076 23 23 -4 -18 15.00
2 1 1103 354 1076 23 23 -4 -18 15.00
2 2 1103 378 1076 23 23 -4 -18 15.00
2 3 1103 402 1076 23 23 -4 -18 15.00
2 4 1103 426 1076 23 23 -4 -18 15.00
2 5 1103 450 1076 23 23 -4 -18 15.00
2 6 1103 474 1076 23 23 -4 -18 15.00
2 0 176 1221 1339 16 17 -4 -23 7.00
2 1 176 1238 1339 16 17 -4 -23 7.00
2 2 176 1255 1339 16 17 -4 -23 7.00
2 3 176 1272 1339 16 17 -4 -23 7.00
2 4 176 1289 1339 16 17 -4 -23 7.00
2 5 176 1306 1339 16 17 -4 -23 7.00
2 6 176 1323 1339 16 17 -4 -23 7.00
2 0 8230 1720 1374 24 13 -3 -8 18.00
2 1 8230 1745 1374 24 13 -3 -8 18.00
2 2 8230 1770 1374 24 13 -3 -8 18.00
2 3 8230 1795 1374 24 13 -3 -8 18.00
2 4 8230 1820 1374 24 13 -3 -8 18.00
2 5 8230 1845 1374 24 13 -3 -8 18.00
2 6 8230 1870 1374 24 13 -3 -8 18.00
2 0 177 1309 1214 21 21 -3 -18 15.00
2 1 177 1331 1214 21 21 -3 -18 15.00
2 2 177 1353 1214 21 21 -3 -18 15.00
2 3 177 1375 1214 21 21 -3 -18 15.00
2 4 177 1397 1214 21 21 -3 -18 15.00
2 5 177 1419 1214 21 21 -3 -18 15.00
2 6 177 1441 1214 21 21 -3 -18 15.00
2 0 183 627 1403 12 12 -3 -14 7.00
2 1 183 640 1403 12 12 -3 -14 7.00
2 2 183 653 1403 12 12 -3 -14 7.00
2 3 183 666 1403 12 12 -3 -14 7.00
2 4 183 679 1403 12 12 -3 -14 7.00
2 5 183 692 1403 12 12 -3 -14 7.00
2 6 183 705 1403 12 12 -3 -14 7.00
2 0 8212 718 1403 26 12 -2 -13 22.00
2 1 8212 745 1403 26 12 -2 -13 22.00
2 2 8212 772 1403 26 12 -2 -13 22.00
2 3 8212 799 1403 26 12 -2 -13 22.00
2 4 8212 826 1403 26 12 -2 -13 22.00
2 5 8212 853 1403 26 12 -2 -13 22.00
2 6 8212 880 1403 26 12 -2 -13 22.00
2 0 8211 1895 1374 20 13 -2 -14 15.00
2 1 8211 1916 1374 20 13 -2 -14 15.00
2 2 8211 1937 1374 20 13 -2 -14 15.00
2 3 8211 1958 1374 20 13 -2 -14 15.00
2 4 8211 1979 1374 20 13 -2 -14 15.00
2 5 8211 2000 1374 20 13 -2 -14 15.00
2 6 8211 2021 1374 20 13 -2 -14 15.00
2 0 171 1176 1300 21 19 -2 -17 17.00
2 1 171 1198 1300 21 19 -2 -17 17.00
2 2 171 1220 1300 21 19 -2 -17 17.00
2 3 171 1242 1300 21 19 -2 -17 17.00
2 4 171 1264 1300 21 19 -2 -17 17.00
2 5 171 1286 1300 21 19 -2 -17 17.00
2 6 171 1308 1300 21 19 -2 -17 17.00
2 0 187 1330 1300 21 19 -2 -17 17.00
2 1 187 1352 1300 21 19 -2 -17 17.00
2 2 187 1374 1300 21 19 -2 -17 17.00
2 3 187 1396 1300 21 19 -2 -17 17.00
2 4 187 1418 1300 21 19 -2 -17 17.00
2 5 187 1440 1300 21 19 -2 -17 17.00
2 6 187 1462 1300 21 19 -2 -17 17.00
2 0 8470 1842 561 36 27 -3 -22 30.00
2 1 8470 1879 561 36 27 -3 -22 30.00
2 2 8470 1916 561 36 27 -3 -22 30.00
2 3 8470 1953 561 36 27 -3 -22 30.00
2 4 8470 1990 561 36 27 -3 -22 30.00
2 5 8470 0 589 36 27 -3 -22 30.00
2 6 8470 37 589 36 27 -3 -22 30.00
2 0 215 1141 1320 18 18 -1 -17 15.00
2 1 215 1160 1320 18 18 -1 -17 15.00
2 2 215 1179 1320 18 18 -1 -17 15.00
2 3 215 1198 1320 18 18 -1 -17 15.00
2 4 215 1217 1320 18 18 -1 -17 15.00
2 5 215 1236 1320 18 18 -1 -17 15.00
2 6 215 1255 1320 18 18 -1 -17 15.00
2 0 8722 0 1389 20 13 -2 -15 15.00
2 1 8722 21 1389 20 13 -2 -15 15.00
2 2 8722 42 1389 20 13 -2 -15 15.00
2 3 8722 63 1389 20 13 -2 -15 15.00
2 4 8722 84 1389 20 13 -2 -15 15.00
2 5 8722 105 1389 20 13 -2 -15 15.00
2 6 8722 126 1389 20 13 -2 -15 15.00
2 0 178 1463 1214 17 21 -4 -23 10.00
2 1 178 1481 1214 17 21 -4 -23 10.00
2 2 178 1499 1214 17 21 -4 -23 10.00
2 3 178 1517 1214 17 21 -4 -23 10.00
2 4 178 1535 1214 17 21 -4 -23 10.00
2 5 178 1553 1214 17 21 -4 -23 10.00
2 6 178 1571 1214 17 21 -4 -23 10.00
2 0 8322 0 0 0 0 0 0 13.00
2 1 8322 0 0 0 0 0 0 13.00
2 2 8322 0 0 0 0 0 0 13.00
2 3 8322 0 0 0 0 0 0 13.00
2 4 8322 0 0 0 0 0 0 13.00
2 5 8322 0 0 0 0 0 0 13.00
2 6 8322 0 0 0 0 0 0 13.00
2 0 8593 0 0 0 0 0 0 13.00
2 1 8593 0 0 0 0 0 0 13.00
2 2 8593 0 0 0 0 0 0 13.00
2 3 8593 0 0 0 0 0 0 13.00
2 4 8593 0 0 0 0 0 0 13.00
2 5 8593 0 0 0 0 0 0 13.00
2 6 8593 0 0 0 0 0 0 13.00
2 0 8595 0 0 0 0 0 0 13.00
2 1 8595 0 0 0 0 0 0 13.00
2 2 8595 0 0 0 0 0 0 13.00
2 3 8595 0 0 0 0 0 0 13.00
2 4 8595 0 0 0 0 0 0 13.00
2 5 8595 0 0 0 0 0 0 13.00
2 6 8595 0 0 0 0 0 0 13.00
2 0 8592 0 0 0 0 0 0 13.00
2 1 8592 0 0 0 0 0 0 13.00
2 2 8592 0 0 0 0 0 0 13.00
2 3 8592 0 0 0 0 0 0 13.00
2 4 8592 0 0 0 0 0 0 13.00
2 5 8592 0 0 0 0 0 0 13.00
2 6 8592 0 0 0 0 0 0 13.00
2 0 8594 0 0 0 0 0 0 13.00
2 1 8594 0 0 0 0 0 0 13.00
2 2 8594 0 0 0 0 0 0 13.00
2 3 8594 0 0 0 0 0 0 13.00
2 4 8594 0 0 0 0 0 0 13.00
2 5 8594 0 0 0 0 0 0 13.00
2 6 8594 0 0 0 0 0 0 13.00
2 0 9650 0 0 0 0 0 0 13.00
2 1 9650 0 0 0 0 0 0 13.00
2 2 9650 0 0 0 0 0 0 13.00
2 3 9650 0 0 0 0 0 0 13.00
2 4 9650 0 0 0 0 0 0 13.00
2 5 9650 0 0 0 0 0 0 13.00
2 6 9650 0 0 0 0 0 0 13.00
2 0 9654 0 0 0 0 0 0 13.00
2 1 9654 0 0 0 0 0 0 13.00
2 2 9654 0 0 0 0 0 0 13.00
2 3 9654 0 0 0 0 0 0 13.00
2 4 9654 0 0 0 0 0 0 13.00
2 5 9654 0 0 0 0 0 0 13.00
2 6 9654 0 0 0 0 0 0 13.00
2 0 9664 0 0 0 0 0 0 13.00
2 1 9664 0 0 0 0 0 0 13.00
2 2 9664 0 0 0 0 0 0 13.00
2 3 9664 0 0 0 0 0 0 13.00
2 4 9664 0 0 0 0 0 0 13.00
2 5 9664 0 0 0 0 0 0 13.00
2 6 9664 0 0 0 0 0 0 13.00
2 0 9656 0 0 0 0 0 0 13.00
2 1 9656 0 0 0 0 0 0 13.00
2 2 9656 0 0 0 0 0 0 13.00
2 3 9656 0 0 0 0 0 0 13.00
2 4 9656 0 0 0 0 0 0 13.00
2 5 9656 0 0 0 0 0 0 13.00
2 6 9656 0 0 0 0 0 0 13.00
2 0 9666 0 0 0 0 0 0 13.00
2 1 9666 0 0 0 0 0 0 13.00
2 2 9666 0 0 0 0 0 0 13.00
2 3 9666 0 0 0 0 0 0 13.00
2 4 9666 0 0 0 0 0 0 13.00
2 5 9666 0 0 0 0 0 0 13.00
2 6 9666 0 0 0 0 0 0 13.00
2 0 10003 0 0 0 0 0 0 13.00
2 1 10003 0 0 0 0 0 0 13.00
2 2 10003 0 0 0 0 0 0 13.00
2 3 10003 0 0 0 0 0 0 13.00
2 4 10003 0 0 0 0 0 0 13.00
2 5 10003 0 0 0 0 0 0 13.00
2 6 10003 0 0 0 0 0 0 13.00
2 0 8776 1340 1339 21 17 -3 -16 15.00
2 1 8776 1362 1339 21 17 -3 -16 15.00
2 2 8776 1384 1339 21 17 -3 -16 15.00
2 3 8776 1406 1339 21 17 -3 -16 15.00
2 4 8776 1428 1339 21 17 -3 -16 15.00
2 5 8776 1450 1339 21 17 -3 -16 15.00
2 6 8776 1472 1339 21 17 -3 -16 15.00
2 0 8804 1589 1214 20 21 -2 -19 15.00
2 1 8804 1610 1214 20 21 -2 -19 15.00
2 2 8804 1631 1214 20 21 -2 -19 15.00
2 3 8804 1652 1214 20 21 -2 -19 15.00
2 4 8804 1673 1214 20 21 -2 -19 15.00
2 5 8804 1694 1214 20 21 -2 -19 15.00
2 6 8804 1715 1214 20 21 -2 -19 15.00
2 0 8805 1736 1214 19 21 -2 -19 15.00
2 1 8805 1756 1214 19 21 -2 -19 15.00
2 2 8805 1776 1214 19 21 -2 -19 15.00
2 3 8805 1796 1214 19 21 -2 -19 15.00
2 4 8805 1816 1214 19 21 -2 -19 15.00
2 5 8805 1836 1214 19 21 -2 -19 15.00
2 6 8805 1856 1214 19 21 -2 -19 15.00
2 0 916 1491 476 26 28 -4 -22 17.00
2 1 916 1518 476 26 28 -4 -22 17.00
2 2 916 1545 476 26 28 -4 -22 17.00
2 3 916 1572 476 26 28 -4 -22 17.00
2 4 916 1599 476 26 28 -4 -22 17.00
2 5 916 1626 476 26 28 -4 -22 17.00
2 6 916 1653 476 26 28 -4 -22 17.00
3 0 32 0 0 0 0 0 0 9.00
3 1 32 0 0 0 0 0 0 9.00
3 2 32 0 0 0 0 0 0 9.00
3 3 32 0 0 0 0 0 0 9.00
3 4 32 0 0 0 0 0 0 9.00
3 5 32 0 0 0 0 0 0 9.00
3 6 32 0 0 0 0 0 0 9.00
3 0 33 130 139 14 31 -3 -26 8.00
3 1 33 145 139 14 31 -3 -26 8.00
3 2 33 160 139 14 31 -3 -26 8.00
3 3 33 175 139 14 31 -3 -26 8.00
3 4 33 190 139 14 31 -3 -26 8.00
3 5 33 205 139 14 31 -3 -26 8.00
3 6 33 220 139 14 31 -3 -26 8.00
3 0 34 1484 1300 18 19 -3 -27 12.00
3 1 34 1503 1300 18 19 -3 -27 12.00
3 2 34 1522 1300 18 19 -3 -27 12.00
3 3 34 1541 1300 18 19 -3 -27 12.00
3 4 34 1560 1300 18 19 -3 -27 12.00
3 5 34 1579 1300 18 19 -3 -27 12.00
3 6 34 1598 1300 18 19 -3 -27 12.00
3 0 35 2022 203 25 30 -3 -25 19.00
3 1 35 0 235 25 30 -3 -25 19.00
3 2 35 26 235 25 30 -3 -25 19.00
3 3 35 52 235 25 30 -3 -25 19.00
3 4 35 78 235 25 30 -3 -25 19.00
3 5 35 104 235 25 30 -3 -25 19.00
3 6 35 130 235 25 30 -3 -25 19.00
3 0 36 1435 0 26 35 -3 -27 20.00
3 1 36 1462 0 26 35 -3 -27 20.00
3 2 36 1489 0 26 35 -3 -27 20.00
3 3 36 1516 0 26 35 -3 -27 20.00
3 4 36 1543 0 26 35 -3 -27 20.00
3 5 36 1570 0 26 35 -3 -27 20.00
3 6 36 1597 0 26 35 -3 -27 20.00
3 0 37 235 139 34 31 -4 -26 26.00
3 1 37 270 139 34 31 -4 -26 26.00
3 2 37 305 139 34 31 -4 -26 26.00
3 3 37 340 139 34 31 -4 -26 26.00
3 4 37 375 139 34 31 -4 -26 26.00
3 5 37 410 139 34 31 -4 -26 26.00
3 6 37 445 139 34 31 -4 -26 26.00
3 0 38 480 139 28 31 -4 -25 20.00
3 1 38 509 139 28 31 -4 -25 20.00
3 2 38 538 139 28 31 -4 -25 20.00
3 3 38 567 139 28 31 -4 -25 20.00
3 4 38 596 139 28 31 -4 -25 20.00
3 5 38 625 139 28 31 -4 -25 20.00
3 6 38 654 139 28 31 -4 -25 20.00
3 0 39 1494 1339 13 17 -3 -26 7.00
3 1 39 1508 1339 13 17 -3 -26 7.00
3 2 39 1522 1339 13 17 -3 -26 7.00
3 3 39 1536 1339 13 17 -3 -26 7.00
3 4 39 1550 1339 13 17 -3 -26 7.00
3 5 39 1564 1339 13 17 -3 -26 7.00
3 6 39 1578 1339 13 17 -3 -26 7.00
3 0 40 609 0 17 36 -4 -26 9.00
3 1 40 627 0 17 36 -4 -26 9.00
3 2 40 645 0 17 36 -4 -26 9.00
3 3 40 663 0 17 36 -4 -26 9.00
3 4 40 681 0 17 36 -4 -26 9.00
3 5 40 699 0 17 36 -4 -26 9.00
3 6 40 717 0 17 36 -4 -26 9.00
3 0 41 735 0 17 36 -4 -26 9.00
3 1 41 753 0 17 36 -4 -26 9.00
3 2 41 771 0 17 36 -4 -26 9.00
3 3 41 789 0 17 36 -4 -26 9.00
3 4 41 807 0 17 36 -4 -26 9.00
3 5 41 825 0 17 36 -4 -26 9.00
3 6 41 843 0 17 36 -4 -26 9.00
3 0 42 1274 1320 18 18 -3 -24 12.00
3 1 42 1293 1320 18 18 -3 -24 12.00
3 2 42 1312 1320 18 18 -3 -24 12.00
3 3 42 1331 1320 18 18 -3 -24 12.00
3 4 42 1350 1320 18 18 -3 -24 12.00
3 5 42 1369 1320 18 18 -3 -24 12.00
3 6 42 1388 1320 18 18 -3 -24 12.00
3 0 43 221 1169 23 22 -2 -21 18.00
3 1 43 245 1169 23 22 -2 -21 18.00
3 2 43 269 1169 23 22 -2 -21 18.00
3 3 43 293 1169 23 22 -2 -21 18.00
3 4 43 317 1169 23 22 -2 -21 18.00
3 5 43 341 1169 23 22 -2 -21 18.00
3 6 43 365 1169 23 22 -2 -21 18.00
3 0 44 1592 1339 14 17 -4 -8 8.00
3 1 44 1607 1339 14 17 -4 -8 8.00
3 2 44 1622 1339 14 17 -4 -8 8.00
3 3 44 1637 1339 14 17 -4 -8 8.00
3 4 44 1652 1339 14 17 -4 -8 8.00
3 5 44 1667 1339 14 17 -4 -8 8.00
3 6 44 1682 1339 14 17 -4 -8 8.00
3 0 45 1792 1357 19 14 -2 -15 15.00
3 1 45 1812 1357 19 14 -2 -15 15.00
3 2 45 1832 1357 19 14 -2 -15 15.00
3 3 45 1852 1357 19 14 -2 -15 15.00
3 4 45 1872 1357 19 14 -2 -15 15.00
3 5 45 1892 1357 19 14 -2 -15 15.00
3 6 45 1912 1357 19 14 -2 -15 15.00
3 0 46 147 1389 14 13 -3 -8 8.00
3 1 46 162 1389 14 13 -3 -8 8.00
3 2 46 177 1389 14 13 -3 -8 8.00
3 3 46 192 1389 14 13 -3 -8 8.00
3 4 46 207 1389 14 13 -3 -8 8.00
3 5 46 222 1389 14 13 -3 -8 8.00
3 6 46 237 1389 14 13 -3 -8 8.00
3 0 47 861 0 19 36 -4 -27 10.00
3 1 47 881 0 19 36 -4 -27 10.00
3 2 47 901 0 19 36 -4 -27 10.00
3 3 47 921 0 19 36 -4 -27 10.00
3 4 47 941 0 19 36 -4 -27 10.00
3 5 47 961 0 19 36 -4 -27 10.00
3 6 47 981 0 19 36 -4 -27 10.00
3 0 48 683 139 27 31 -3 -26 21.00
3 1 48 711 139 27 31 -3 -26 21.00
3 2 48 739 139 27 31 -3 -26 21.00
3 3 48 767 139 27 31 -3 -26 21.00
3 4 48 795 139 27 31 -3 -26 21.00
3 5 48 823 139 27 31 -3 -26 21.00
3 6 48 851 139 27 31 -3 -26 21.00
3 0 49 156 235 17 30 -3 -25 12.00
3 1 49 174 235 17 30 -3 -25 12.00
3 2 49 192 235 17 30 -3 -25 12.00
3 3 49 210 235 17 30 -3 -25 12.00
3 4 49 228 235 17 30 -3 -25 12.00
3 5 49 246 235 17 30 -3 -25 12.00
3 6 49 264 235 17 30 -3 -25 12.00
3 0 50 90 73 25 32 -4 -26 17.00
3 1 50 116 73 25 32 -4 -26 17.00
3 2 50 142 73 25 32 -4 -26 17.00
3 3 50 168 73 25 32 -4 -26 17.00
3 4 50 194 73 25 32 -4 -26 17.00
3 5 50 220 73 25 32 -4 -26 17.00
3 6 50 246 73 25 32 -4 -26 17.00
3 0 51 272 73 26 32 -3 -26 20.00
3 1 51 299 73 26 32 -3 -26 20.00
3 2 51 326 73 26 32 -3 -26 20.00
3 3 51 353 73 26 32 -3 -26 20.00
3 4 51 380 73 26 32 -3 -26 20.00
3 5 51 407 73 26 32 -3 -26 20.00
3 6 51 434 73 26 32 -3 -26 20.00
3 0 52 282 235 25 30 -3 -25 19.00
3 1 52 308 235 25 30 -3 -25 19.00
3 2 52 334 235 25 30 -3 -25 19.00
3 3 52 360 235 25 30 -3 -25 19.00
3 4 52 386 235 25 30 -3 -25 19.00
3 5 52 412 235 25 30 -3 -25 19.00
3 6 52 438 235 25 30 -3 -25 19.00
3 0 53 461 73 26 32 -3 -26 20.00
3 1 53 488 73 26 32 -3 -26 20.00
3 2 53 515 73 26 32 -3 -26 20.00
3 3 53 542 73 26 32 -3 -26 20.00
3 4 53 569 73 26 32 -3 -26 20.00
3 5 53 596 73 26 32 -3 -26 20.00
3 6 53 623 73 26 32 -3 -26 20.00
3 0 54 650 73 26 32 -3 -26 20.00
3 1 54 677 73 26 32 -3 -26 20.00
3 2 54 704 73 26 32 -3 -26 20.00
3 3 54 731 73 26 32 -3 -26 20.00
3 4 54 758 73 26 32 -3 -26 20.00
3 5 54 785 73 26 32 -3 -26 20.00
3 6 54 812 73 26 32 -3 -26 20.00
3 0 55 879 139 23 31 -3 -26 16.00
3 1 55 903 139 23 31 -3 -26 16.00
3 2 55 927 139 23 31 -3 -26 16.00
3 3 55 951 139 23 31 -3 -26 16.00
3 4 55 975 139 23 31 -3 -26 16.00
3 5 55 999 139 23 31 -3 -26 16.00
3 6 55 1023 139 23 31 -3 -26 16.00
3 0 56 839 73 26 32 -3 -26 20.00
3 1 56 866 73 26 32 -3 -26 20.00
3 2 56 893 73 26 32 -3 -26 20.00
3 3 56 920 73 26 32 -3 -26 20.00
3 4 56 947 73 26 32 -3 -26 20.00
3 5 56 974 73 26 32 -3 -26 20.00
3 6 56 1001 73 26 32 -3 -26 20.00
3 0 57 1028 73 26 32 -3 -26 20.00
3 1 57 1055 73 26 32 -3 -26 20.00
3 2 57 1082 73 26 32 -3 -26 20.00
3 3 57 1109 73 26 32 -3 -26 20.00
3 4 57 1136 73 26 32 -3 -26 20.00
3 5 57 1163 73 26 32 -3 -26 20.00
3 6 57 1190 73 26 32 -3 -26 20.00
3 0 58 498 1076 14 23 -3 -18 8.00
3 1 58 513 1076 14 23 -3 -18 8.00
3 2 58 528 1076 14 23 -3 -18 8.00
3 3 58 543 1076 14 23 -3 -18 8.00
3 4 58 558 1076 14 23 -3 -18 8.00
3 5 58 573 1076 14 23 -3 -18 8.00
3 6 58 588 1076 14 23 -3 -18 8.00
3 0 59 74 589 14 27 -4 -18 8.00
3 1 59 89 589 14 27 -4 -18 8.00
3 2 59 104 589 14 27 -4 -18 8.00
3 3 59 119 589 14 27 -4 -18 8.00
3 4 59 134 589 14 27 -4 -18 8.00
3 5 59 149 589 14 27 -4 -18 8.00
3 6 59 164 589 14 27 -4 -18 8.00
3 0 60 389 1169 20 22 -1 -21 18.00
3 1 60 410 1169 20 22 -1 -21 18.00
3 2 60 431 1169 20 22 -1 -21 18.00
3 3 60 452 1169 20 22 -1 -21 18.00
3 4 60 473 1169 20 22 -1 -21 18.00
3 5 60 494 1169 20 22 -1 -21 18.00
3 6 60 515 1169 20 22 -1 -21 18.00
3 0 61 1407 1320 23 18 -2 -19 18.00
3 1 61 1431 1320 23 18 -2 -19 18.00
3 2 61 1455 1320 23 18 -2 -19 18.00
3 3 61 1479 1320 23 18 -2 -19 18.00
3 4 61 1503 1320 23 18 -2 -19 18.00
3 5 61 1527 1320 23 18 -2 -19 18.00
3 6 61 1551 1320 23 18 -2 -19 18.00
3 0 62 536 1169 20 22 -1 -21 18.00
3 1 62 557 1169 20 22 -1 -21 18.00
3 2 62 578 1169 20 22 -1 -21 18.00
3 3 62 599 1169 20 22 -1 -21 18.00
3 4 62 620 1169 20 22 -1 -21 18.00
3 5 62 641 1169 20 22 -1 -21 18.00
3 6 62 662 1169 20 22 -1 -21 18.00
3 0 63 464 235 24 30 -5 -25 15.00
3 1 63 489 235 24 30 -5 -25 15.00
3 2 63 514 235 24 30 -5 -25 15.00
3 3 63 539 235 24 30 -5 -25 15.00
3 4 63 564 235 24 30 -5 -25 15.00
3 5 63 589 235 24 30 -5 -25 15.00
3 6 63 614 235 24 30 -5 -25 15.00
3 0 64 1785 358 29 29 -3 -23 22.00
3 1 64 1815 358 29 29 -3 -23 22.00
3 2 64 1845 358 29 29 -3 -23 22.00
3 3 64 1875 358 29 29 -3 -23 22.00
3 4 64 1905 358 29 29 -3 -23 22.00
3 5 64 1935 358 29 29 -3 -23 22.00
3 6 64 1965 358 29 29 -3 -23 22.00
3 0 65 639 235 28 30 -4 -25 20.00
3 1 65 668 235 28 30 -4 -25 20.00
3 2 65 697 235 28 30 -4 -25 20.00
3 3 65 726 235 28 30 -4 -25 20.00
3 4 65 755 235 28 30 -4 -25 20.00
3 5 65 784 235 28 30 -4 -25 20.00
3 6 65 813 235 28 30 -4 -25 20.00
3 0 66 1217 73 27 32 -3 -26 20.00
3 1 66 1245 73 27 32 -3 -26 20.00
3 2 66 1273 73 27 32 -3 -26 20.00
3 3 66 1301 73 27 32 -3 -26 20.00
3 4 66 1329 73 27 32 -3 -26 20.00
3 5 66 1357 73 27 32 -3 -26 20.00
3 6 66 1385 73 27 32 -3 -26 20.00
3 0 67 1413 73 27 32 -3 -26 21.00
3 1 67 1441 73 27 32 -3 -26 21.00
3 2 67 1469 73 27 32 -3 -26 21.00
3 3 67 1497 73 27 32 -3 -26 21.00
3 4 67 1525 73 27 32 -3 -26 21.00
3 5 67 1553 73 27 32 -3 -26 21.00
3 6 67 1581 73 27 32 -3 -26 21.00
3 0 68 1609 73 28 32 -3 -26 22.00
3 1 68 1638 73 28 32 -3 -26 22.00
3 2 68 1667 73 28 32 -3 -26 22.00
3 3 68 1696 73 28 32 -3 -26 22.00
3 4 68 1725 73 28 32 -3 -26 22.00
3 5 68 1754 73 28 32 -3 -26 22.00
3 6 68 1783 73 28 32 -3 -26 22.00
3 0 69 1812 73 24 32 -3 -26 18.00
3 1 69 1837 73 24 32 -3 -26 18.00
3 2 69 1862 73 24 32 -3 -26 18.00
3 3 69 1887 73 24 32 -3 -26 18.00
3 4 69 1912 73 24 32 -3 -26 18.00
3 5 69 1937 73 24 32 -3 -26 18.00
3 6 69 1962 73 24 32 -3 -26 18.00
3 0 70 1047 139 24 31 -3 -26 17.00
3 1 70 1072 139 24 31 -3 -26 17.00
3 2 70 1097 139 24 31 -3 -26 17.00
3 3 70 1122 139 24 31 -3 -26 17.00
3 4 70 1147 139 24 31 -3 -26 17.00
3 5 70 1172 139 24 31 -3 -26 17.00
3 6 70 1197 139 24 31 -3 -26 17.00
3 0 71 1987 73 27 32 -3 -26 21.00
3 1 71 2015 73 27 32 -3 -26 21.00
3 2 71 0 106 27 32 -3 -26 21.00
3 3 71 28 106 27 32 -3 -26 21.00
3 4 71 56 106 27 32 -3 -26 21.00
3 5 71 84 106 27 32 -3 -26 21.00
3 6 71 112 106 27 32 -3 -26 21.00
3 0 72 842 235 29 30 -3 -25 24.00
3 1 72 872 235 29 30 -3 -25 24.00
3 2 72 902 235 29 30 -3 -25 24.00
3 3 72 932 235 29 30 -3 -25 24.00
3 4 72 962 235 29 30 -3 -25 24.00
3 5 72 992 235 29 30 -3 -25 24.00
3 6 72 1022 235 29 30 -3 -25 24.00
3 0 73 1052 235 14 30 -3 -25 9.00
3 1 73 1067 235 14 30 -3 -25 9.00
3 2 73 1082 235 14 30 -3 -25 9.00
3 3 73 1097 235 14 30 -3 -25 9.00
3 4 73 1112 235 14 30 -3 -25 9.00
3 5 73 1127 235 14 30 -3 -25 9.00
3 6 73 1142 235 14 30 -3 -25 9.00
3 0 74 1222 139 25 31 -4 -25 19.00
3 1 74 1248 139 25 31 -4 -25 19.00
3 2 74 1274 139 25 31 -4 -25 19.00
3 3 74 1300 139 25 31 -4 -25 19.00
3 4 74 1326 139 25 31 -4 -25 19.00
3 5 74 1352 139 25 31 -4 -25 19.00
3 6 74 1378 139 25 31 -4 -25 19.00
3 0 75 1157 235 24 30 -3 -25 18.00
3 1 75 1182 235 24 30 -3 -25 18.00
3 2 75 1207 235 24 30 -3 -25 18.00
3 3 75 1232 235 24 30 -3 -25 18.00
3 4 75 1257 235 24 30 -3 -25 18.00
3 5 75 1282 235 24 30 -3 -25 18.00
3 6 75 1307 235 24 30 -3 -25 18.00
3 0 76 1404 139 23 31 -3 -25 16.00
3 1 76 1428 139 23 31 -3 -25 16.00
3 2 76 1452 139 23 31 -3 -25 16.00
3 3 76 1476 139 23 31 -3 -25 16.00
3 4 76 1500 139 23 31 -3 -25 16.00
3 5 76 1524 139 23 31 -3 -25 16.00
3 6 76 1548 139 23 31 -3 -25 16.00
3 0 77 1332 235 31 30 -3 -25 25.00
3 1 77 1364 235 31 30 -3 -25 25.00
3 2 77 1396 235 31 30 -3 -25 25.00
3 3 77 1428 235 31 30 -3 -25 25.00
3 4 77 1460 235 31 30 -3 -25 25.00
3 5 77 1492 235 31 30 -3 -25 25.00
3 6 77 1524 235 31 30 -3 -25 25.00
3 0 78 1556 235 28 30 -3 -25 23.00
3 1 78 1585 235 28 30 -3 -25 23.00
3 2 78 1614 235 28 30 -3 -25 23.00
3 3 78 1643 235 28 30 -3 -25 23.00
3 4 78 1672 235 28 30 -3 -25 23.00
3 5 78 1701 235 28 30 -3 -25 23.00
3 6 78 1730 235 28 30 -3 -25 23.00
3 0 79 140 106 28 32 -3 -26 22.00
3 1 79 169 106 28 32 -3 -26 22.00
3 2 79 198 106 28 32 -3 -26 22.00
3 3 79 227 106 28 32 -3 -26 22.00
3 4 79 256 106 28 32 -3 -26 22.00
3 5 79 285 106 28 32 -3 -26 22.00
3 6 79 314 106 28 32 -3 -26 22.00
3 0 80 1572 139 26 31 -3 -26 18.00
3 1 80 1599 139 26 31 -3 -26 18.00
3 2 80 1626 139 26 31 -3 -26 18.00
3 3 80 1653 139 26 31 -3 -26 18.00
3 4 80 1680 139 26 31 -3 -26 18.00
3 5 80 1707 139 26 31 -3 -26 18.00
3 6 80 1734 139 26 31 -3 -26 18.00
3 0 81 1057 39 28 33 -3 -26 22.00
3 1 81 1086 39 28 33 -3 -26 22.00
3 2 81 1115 39 28 33 -3 -26 22.00
3 3 81 1144 39 28 33 -3 -26 22.00
3 4 81 1173 39 28 33 -3 -26 22.00
3 5 81 1202 39 28 33 -3 -26 22.00
3 6 81 1231 39 28 33 -3 -26 22.00
3 0 82 1761 139 26 31 -3 -26 19.00
3 1 82 1788 139 26 31 -3 -26 19.00
3 2 82 1815 139 26 31 -3 -26 19.00
3 3 82 1842 139 26 31 -3 -26 19.00
3 4 82 1869 139 26 31 -3 -26 19.00
3 5 82 1896 139 26 31 -3 -26 19.00
3 6 82 1923 139 26 31 -3 -26 19.00
3 0 83 343 106 27 32 -3 -26 21.00
3 1 83 371 106 27 32 -3 -26 21.00
3 2 83 399 106 27 32 -3 -26 21.00
3 3 83 427 106 27 32 -3 -26 21.00
3 4 83 455 106 27 32 -3 -26 21.00
3 5 83 483 106 27 32 -3 -26 21.00
3 6 83 511 106 27 32 -3 -26 21.00
3 0 84 1950 139 26 31 -4 -26 18.00
3 1 84 1977 139 26 31 -4 -26 18.00
3 2 84 2004 139 26 31 -4 -26 18.00
3 3 84 0 171 26 31 -4 -26 18.00
3 4 84 27 171 26 31 -4 -26 18.00
3 5 84 54 171 26 31 -4 -26 18.00
3 6 84 81 171 26 31 -4 -26 18.00
3 0 85 108 171 29 31 -3 -25 23.00
3 1 85 138 171 29 31 -3 -25 23.00
3 2 85 168 171 29 31 -3 -25 23.00
3 3 85 198 171 29 31 -3 -25 23.00
3 4 85 228 171 29 31 -3 -25 23.00
3 5 85 258 171 29 31 -3 -25 23.00
3 6 85 288 171 29 31 -3 -25 23.00
3 0 86 1759 235 28 30 -4 -25 19.00
3 1 86 1788 235 28 30 -4 -25 19.00
3 2 86 1817 235 28 30 -4 -25 19.00
3 3 86 1846 235 28 30 -4 -25 19.00
3 4 86 1875 235 28 30 -4 -25 19.00
3 5 86 1904 235 28 30 -4 -25 19.00
3 6 86 1933 235 28 30 -4 -25 19.00
3 0 87 1962 235 36 30 -5 -25 27.00
3 1 87 1999 235 36 30 -5 -25 27.00
3 2 87 0 266 36 30 -5 -25 27.00
3 3 87 37 266 36 30 -5 -25 27.00
3 4 87 74 266 36 30 -5 -25 27.00
3 5 87 111 266 36 30 -5 -25 27.00
3 6 87 148 266 36 30 -5 -25 27.00
3 0 88 185 266 25 30 -3 -25 19.00
3 1 88 211 266 25 30 -3 -25 19.00
3 2 88 237 266 25 30 -3 -25 19.00
3 3 88 263 266 25 30 -3 -25 19.00
3 4 88 289 266 25 30 -3 -25 19.00
3 5 88 315 266 25 30 -3 -25 19.00
3 6 88 341 266 25 30 -3 -25 19.00
3 0 89 367 266 26 30 -4 -25 18.00
3 1 89 394 266 26 30 -4 -25 18.00
3 2 89 421 266 26 30 -4 -25 18.00
3 3 89 448 266 26 30 -4 -25 18.00
3 4 89 475 266 26 30 -4 -25 18.00
3 5 89 502 266 26 30 -4 -25 18.00
3 6 89 529 266 26 30 -4 -25 18.00
3 0 90 539 106 27 32 -3 -26 21.00
3 1 90 567 106 27 32 -3 -26 21.00
3 2 90 595 106 27 32 -3 -26 21.00
3 3 90 623 106 27 32 -3 -26 21.00
3 4 90 651 106 27 32 -3 -26 21.00
3 5 90 679 106 27 32 -3 -26 21.00
3 6 90 707 106 27 32 -3 -26 21.00
3 0 91 119 0 15 37 -4 -26 7.00
3 1 91 135 0 15 37 -4 -26 7.00
3 2 91 151 0 15 37 -4 -26 7.00
3 3 91 167 0 15 37 -4 -26 7.00
3 4 91 183 0 15 37 -4 -26 7.00
3 5 91 199 0 15 37 -4 -26 7.00
3 6 91 215 0 15 37 -4 -26 7.00
3 0 92 1001 0 19 36 -5 -27 10.00
3 1 92 1021 0 19 36 -5 -27 10.00
3 2 92 1041 0 19 36 -5 -27 10.00
3 3 92 1061 0 19 36 -5 -27 10.00
3 4 92 1081 0 19 36 -5 -27 10.00
3 5 92 1101 0 19 36 -5 -27 10.00
3 6 92 1121 0 19 36 -5 -27 10.00
3 0 93 231 0 15 37 -4 -26 7.00
3 1 93 247 0 15 37 -4 -26 7.00
3 2 93 263 0 15 37 -4 -26 7.00
3 3 93 279 0 15 37 -4 -26 7.00
3 4 93 295 0 15 37 -4 -26 7.00
3 5 93 311 0 15 37 -4 -26 7.00
3 6 93 327 0 15 37 -4 -26 7.00
3 0 94 1617 1300 17 19 -2 -26 13.00
3 1 94 1635 1300 17 19 -2 -26 13.00
3 2 94 1653 1300 17 19 -2 -26 13.00
3 3 94 1671 1300 17 19 -2 -26 13.00
3 4 94 1689 1300 17 19 -2 -26 13.00
3 5 94 1707 1300 17 19 -2 -26 13.00
3 6 94 1725 1300 17 19 -2 -26 13.00
3 0 95 1932 1357 19 14 -3 -6 14.00
3 1 95 1952 1357 19 14 -3 -6 14.00
3 2 95 1972 1357 19 14 -3 -6 14.00
3 3 95 1992 1357 19 14 -3 -6 14.00
3 4 95 2012 1357 19 14 -3 -6 14.00
3 5 95 0 1374 19 14 -3 -6 14.00
3 6 95 20 1374 19 14 -3 -6 14.00
3 0 96 40 1374 14 14 -3 -25 8.00
3 1 96 55 1374 14 14 -3 -25 8.00
3 2 96 70 1374 14 14 -3 -25 8.00
3 3 96 85 1374 14 14 -3 -25 8.00
3 4 96 100 1374 14 14 -3 -25 8.00
3 5 96 115 1374 14 14 -3 -25 8.00
3 6 96 130 1374 14 14 -3 -25 8.00
3 0 97 665 671 25 26 -3 -21 20.00
3 1 97 691 671 25 26 -3 -21 20.00
3 2 97 717 671 25 26 -3 -21 20.00
3 3 97 743 671 25 26 -3 -21 20.00
3 4 97 769 671 25 26 -3 -21 20.00
3 5 97 795 671 25 26 -3 -21 20.00
3 6 97 821 671 25 26 -3 -21 20.00
3 0 98 318 171 26 31 -3 -26 20.00
3 1 98 345 171 26 31 -3 -26 20.00
3 2 98 372 171 26 31 -3 -26 20.00
3 3 98 399 171 26 31 -3 -26 20.00
3 4 98 426 171 26 31 -3 -26 20.00
3 5 98 453 171 26 31 -3 -26 20.00
3 6 98 480 171 26 31 -3 -26 20.00
3 0 99 179 589 24 27 -3 -21 18.00
3 1 99 204 589 24 27 -3 -21 18.00
3 2 99 229 589 24 27 -3 -21 18.00
3 3 99 254 589 24 27 -3 -21 18.00
3 4 99 279 589 24 27 -3 -21 18.00
3 5 99 304 589 24 27 -3 -21 18.00
3 6 99 329 589 24 27 -3 -21 18.00
3 0 100 507 171 25 31 -3 -26 19.00
3 1 100 533 171 25 31 -3 -26 19.00
3 2 100 559 171 25 31 -3 -26 19.00
3 3 100 585 171 25 31 -3 -26 19.00
3 4 100 611 171 25 31 -3 -26 19.00
3 5 100 637 171 25 31 -3 -26 19.00
3 6 100 663 171 25 31 -3 -26 19.00
3 0 101 354 589 25 27 -3 -21 19.00
3 1 101 380 589 25 27 -3 -21 19.00
3 2 101 406 589 25 27 -3 -21 19.00
3 3 101 432 589 25 27 -3 -21 19.00
3 4 101 458 589 25 27 -3 -21 19.00
3 5 101 484 589 25 27 -3 -21 19.00
3 6 101 510 589 25 27 -3 -21 19.00
3 0 102 689 171 19 31 -3 -26 12.00
3 1 102 709 171 19 31 -3 -26 12.00
3 2 102 729 171 19 31 -3 -26 12.00
3 3 102 749 171 19 31 -3 -26 12.00
3 4 102 769 171 19 31 -3 -26 12.00
3 5 102 789 171 19 31 -3 -26 12.00
3 6 102 809 171 19 31 -3 -26 12.00
3 0 103 1260 39 25 33 -3 -21 19.00
3 1 103 1286 39 25 33 -3 -21 19.00
3 2 103 1312 39 25 33 -3 -21 19.00
3 3 103 1338 39 25 33 -3 -21 19.00
3 4 103 1364 39 25 33 -3 -21 19.00
3 5 103 1390 39 25 33 -3 -21 19.00
3 6 103 1416 39 25 33 -3 -21 19.00
3 0 104 829 171 26 31 -3 -26 20.00
3 1 104 856 171 26 31 -3 -26 20.00
3 2 104 883 171 26 31 -3 -26 20.00
3 3 104 910 171 26 31 -3 -26 20.00
3 4 104 937 171 26 31 -3 -26 20.00
3 5 104 964 171 26 31 -3 -26 20.00
3 6 104 991 171 26 31 -3 -26 20.00
3 0 105 735 106 14 32 -3 -27 9.00
3 1 105 750 106 14 32 -3 -27 9.00
3 2 105 765 106 14 32 -3 -27 9.00
3 3 105 780 106 14 32 -3 -27 9.00
3 4 105 795 106 14 32 -3 -27 9.00
3 5 105 810 106 14 32 -3 -27 9.00
3 6 105 825 106 14 32 -3 -27 9.00
3 0 106 0 0 16 38 -5 -27 9.00
3 1 106 17 0 16 38 -5 -27 9.00
3 2 106 34 0 16 38 -5 -27 9.00
3 3 106 51 0 16 38 -5 -27 9.00
3 4 106 68 0 16 38 -5 -27 9.00
3 5 106 85 0 16 38 -5 -27 9.00
3 6 106 102 0 16 38 -5 -27 9.00
3 0 107 1018 171 23 31 -3 -26 15.00
3 1 107 1042 171 23 31 -3 -26 15.00
3 2 107 1066 171 23 31 -3 -26 15.00
3 3 107 1090 171 23 31 -3 -26 15.00
3 4 107 1114 171 23 31 -3 -26 15.00
3 5 107 1138 171 23 31 -3 -26 15.00
3 6 107 1162 171 23 31 -3 -26 15.00
3 0 108 1186 171 17 31 -3 -26 10.00
3 1 108 1204 171 17 31 -3 -26 10.00
3 2 108 1222 171 17 31 -3 -26 10.00
3 3 108 1240 171 17 31 -3 -26 10.00
3 4 108 1258 171 17 31 -3 -26 10.00
3 5 108 1276 171 17 31 -3 -26 10.00
3 6 108 1294 171 17 31 -3 -26 10.00
3 0 109 847 671 34 26 -3 -21 28.00
3 1 109 882 671 34 26 -3 -21 28.00
3 2 109 917 671 34 26 -3 -21 28.00
3 3 109 952 671 34 26 -3 -21 28.00
3 4 109 987 671 34 26 -3 -21 28.00
3 5 109 1022 671 34 26 -3 -21 28.00
3 6 109 1057 671 34 26 -3 -21 28.00
3 0 110 1092 671 26 26 -3 -21 20.00
3 1 110 1119 671 26 26 -3 -21 20.00
3 2 110 1146 671 26 26 -3 -21 20.00
3 3 110 1173 671 26 26 -3 -21 20.00
3 4 110 1200 671 26 26 -3 -21 20.00
3 5 110 1227 671 26 26 -3 -21 20.00
3 6 110 1254 671 26 26 -3 -21 20.00
3 0 111 536 589 25 27 -3 -21 19.00
3 1 111 562 589 25 27 -3 -21 19.00
3 2 111 588 589 25 27 -3 -21 19.00
3 3 111 614 589 25 27 -3 -21 19.00
3 4 111 640 589 25 27 -3 -21 19.00
3 5 111 666 589 25 27 -3 -21 19.00
3 6 111 692 589 25 27 -3 -21 19.00
3 0 112 840 106 26 32 -3 -21 20.00
3 1 112 867 106 26 32 -3 -21 20.00
3 2 112 894 106 26 32 -3 -21 20.00
3 3 112 921 106 26 32 -3 -21 20.00
3 4 112 948 106 26 32 -3 -21 20.00
3 5 112 975 106 26 32 -3 -21 20.00
3 6 112 1002 106 26 32 -3 -21 20.00
3 0 113 1029 106 25 32 -3 -21 19.00
3 1 113 1055 106 25 32 -3 -21 19.00
3 2 113 1081 106 25 32 -3 -21 19.00
3 3 113 1107 106 25 32 -3 -21 19.00
3 4 113 1133 106 25 32 -3 -21 19.00
3 5 113 1159 106 25 32 -3 -21 19.00
3 6 113 1185 106 25 32 -3 -21 19.00
3 0 114 78 803 20 25 -3 -20 13.00
3 1 114 99 803 20 25 -3 -20 13.00
3 2 114 120 803 20 25 -3 -20 13.00
3 3 114 141 803 20 25 -3 -20 13.00
3 4 114 162 803 20 25 -3 -20 13.00
3 5 114 183 803 20 25 -3 -20 13.00
3 6 114 204 803 20 25 -3 -20 13.00
3 0 115 718 589 24 27 -3 -21 18.00
3 1 115 743 589 24 27 -3 -21 18.00
3 2 115 768 589 24 27 -3 -21 18.00
3 3 115 793 589 24 27 -3 -21 18.00
3 4 115 818 589 24 27 -3 -21 18.00
3 5 115 843 589 24 27 -3 -21 18.00
3 6 115 868 589 24 27 -3 -21 18.00
3 0 116 1995 358 20 29 -4 -24 13.00
3 1 116 2016 358 20 29 -4 -24 13.00
3 2 116 0 388 20 29 -4 -24 13.00
3 3 116 21 388 20 29 -4 -24 13.00
3 4 116 42 388 20 29 -4 -24 13.00
3 5 116 63 388 20 29 -4 -24 13.00
3 6 116 84 388 20 29 -4 -24 13.00
3 0 117 225 803 25 25 -3 -20 20.00
3 1 117 251 803 25 25 -3 -20 20.00
3 2 117 277 803 25 25 -3 -20 20.00
3 3 117 303 803 25 25 -3 -20 20.00
3 4 117 329 803 25 25 -3 -20 20.00
3 5 117 355 803 25 25 -3 -20 20.00
3 6 117 381 803 25 25 -3 -20 20.00
3 0 118 407 803 24 25 -4 -20 16.00
3 1 118 432 803 24 25 -4 -20 16.00
3 2 118 457 803 24 25 -4 -20 16.00
3 3 118 482 803 24 25 -4 -20 16.00
3 4 118 507 803 24 25 -4 -20 16.00
3 5 118 532 803 24 25 -4 -20 16.00
3 6 118 557 803 24 25 -4 -20 16.00
3 0 119 582 803 31 25 -4 -20 23.00
3 1 119 614 803 31 25 -4 -20 23.00
3 2 119 646 803 31 25 -4 -20 23.00
3 3 119 678 803 31 25 -4 -20 23.00
3 4 119 710 803 31 25 -4 -20 23.00
3 5 119 742 803 31 25 -4 -20 23.00
3 6 119 774 803 31 25 -4 -20 23.00
3 0 120 806 803 22 25 -3 -20 16.00
3 1 120 829 803 22 25 -3 -20 16.00
3 2 120 852 803 22 25 -3 -20 16.00
3 3 120 875 803 22 25 -3 -20 16.00
3 4 120 898 803 22 25 -3 -20 16.00
3 5 120 921 803 22 25 -3 -20 16.00
3 6 120 944 803 22 25 -3 -20 16.00
3 0 121 1211 106 26 32 -3 -20 20.00
3 1 121 1238 106 26 32 -3 -20 20.00
3 2 121 1265 106 26 32 -3 -20 20.00
3 3 121 1292 106 26 32 -3 -20 20.00
3 4 121 1319 106 26 32 -3 -20 20.00
3 5 121 1346 106 26 32 -3 -20 20.00
3 6 121 1373 106 26 32 -3 -20 20.00
3 0 122 893 589 23 27 -3 -21 16.00
3 1 122 917 589 23 27 -3 -21 16.00
3 2 122 941 589 23 27 -3 -21 16.00
3 3 122 965 589 23 27 -3 -21 16.00
3 4 122 989 589 23 27 -3 -21 16.00
3 5 122 1013 589 23 27 -3 -21 16.00
3 6 122 1037 589 23 27 -3 -21 16.00
3 0 123 343 0 18 37 -3 -26 11.00
3 1 123 362 0 18 37 -3 -26 11.00
3 2 123 381 0 18 37 -3 -26 11.00
3 3 123 400 0 18 37 -3 -26 11.00
3 4 123 419 0 18 37 -3 -26 11.00
3 5 123 438 0 18 37 -3 -26 11.00
3 6 123 457 0 18 37 -3 -26 11.00
3 0 124 1141 0 14 36 -3 -26 7.00
3 1 124 1156 0 14 36 -3 -26 7.00
3 2 124 1171 0 14 36 -3 -26 7.00
3 3 124 1186 0 14 36 -3 -26 7.00
3 4 124 1201 0 14 36 -3 -26 7.00
3 5 124 1216 0 14 36 -3 -26 7.00
3 6 124 1231 0 14 36 -3 -26 7.00
3 0 125 476 0 18 37 -4 -26 11.00
3 1 125 495 0 18 37 -4 -26 11.00
3 2 125 514 0 18 37 -4 -26 11.00
3 3 125 533 0 18 37 -4 -26 11.00
3 4 125 552 0 18 37 -4 -26 11.00
3 5 125 571 0 18 37 -4 -26 11.00
3 6 125 590 0 18 37 -4 -26 11.00
3 0 126 145 1374 22 14 -2 -17 18.00
3 1 126 168 1374 22 14 -2 -17 18.00
3 2 126 191 1374 22 14 -2 -17 18.00
3 3 126 214 1374 22 14 -2 -17 18.00
3 4 126 237 1374 22 14 -2 -17 18.00
3 5 126 260 1374 22 14 -2 -17 18.00
3 6 126 283 1374 22 14 -2 -17 18.00
3 0 1040 556 266 28 30 -5 -24 18.00
3 1 1040 585 266 28 30 -5 -24 18.00
3 2 1040 614 266 28 30 -5 -24 18.00
3 3 1040 643 266 28 30 -5 -24 18.00
3 4 1040 672 266 28 30 -5 -24 18.00
3 5 1040 701 266 28 30 -5 -24 18.00
3 6 1040 730 266 28 30 -5 -24 18.00
3 0 1041 1312 171 25 31 -3 -25 18.00
3 1 1041 1338 171 25 31 -3 -25 18.00
3 2 1041 1364 171 25 31 -3 -25 18.00
3 3 1041 1390 171 25 31 -3 -25 18.00
3 4 1041 1416 171 25 31 -3 -25 18.00
3 5 1041 1442 171 25 31 -3 -25 18.00
3 6 1041 1468 171 25 31 -3 -25 18.00
3 0 1042 1494 171 26 31 -3 -25 19.00
3 1 1042 1521 171 26 31 -3 -25 19.00
3 2 1042 1548 171 26 31 -3 -25 19.00
3 3 1042 1575 171 26 31 -3 -25 19.00
3 4 1042 1602 171 26 31 -3 -25 19.00
3 5 1042 1629 171 26 31 -3 -25 19.00
3 6 1042 1656 171 26 31 -3 -25 19.00
3 0 1043 759 266 25 30 -3 -25 18.00
3 1 1043 785 266 25 30 -3 -25 18.00
3 2 1043 811 266 25 30 -3 -25 18.00
3 3 1043 837 266 25 30 -3 -25 18.00
3 4 1043 863 266 25 30 -3 -25 18.00
3 5 1043 889 266 25 30 -3 -25 18.00
3 6 1043 915 266 25 30 -3 -25 18.00
3 0 1044 1442 39 28 33 -5 -25 18.00
3 1 1044 1471 39 28 33 -5 -25 18.00
3 2 1044 1500 39 28 33 -5 -25 18.00
3 3 1044 1529 39 28 33 -5 -25 18.00
3 4 1044 1558 39 28 33 -5 -25 18.00
3 5 1044 1587 39 28 33 -5 -25 18.00
3 6 1044 1616 39 28 33 -5 -25 18.00
3 0 1045 1683 171 26 31 -3 -25 19.00
3 1 1045 1710 171 26 31 -3 -25 19.00
3 2 1045 1737 171 26 31 -3 -25 19.00
3 3 1045 1764 171 26 31 -3 -25 19.00
3 4 1045 1791 171 26 31 -3 -25 19.00
3 5 1045 1818 171 26 31 -3 -25 19.00
3 6 1045 1845 171 26 31 -3 -25 19.00
3 0 1025 1246 0 26 36 -3 -30 19.00
3 1 1025 1273 0 26 36 -3 -30 19.00
3 2 1025 1300 0 26 36 -3 -30 19.00
3 3 1025 1327 0 26 36 -3 -30 19.00
3 4 1025 1354 0 26 36 -3 -30 19.00
3 5 1025 1381 0 26 36 -3 -30 19.00
3 6 1025 1408 0 26 36 -3 -30 19.00
3 0 1046 941 266 32 30 -4 -24 24.00
3 1 1046 974 266 32 30 -4 -24 24.00
3 2 1046 1007 266 32 30 -4 -24 24.00
3 3 1046 1040 266 32 30 -4 -24 24.00
3 4 1046 1073 266 32 30 -4 -24 24.00
3 5 1046 1106 266 32 30 -4 -24 24.00
3 6 1046 1139 266 32 30 -4 -24 24.00
3 0 1047 1872 171 26 31 -4 -25 19.00
3 1 1047 1899 171 26 31 -4 -25 19.00
3 2 1047 1926 171 26 31 -4 -25 19.00
3 3 1047 1953 171 26 31 -4 -25 19.00
3 4 1047 1980 171 26 31 -4 -25 19.00
3 5 1047 2007 171 26 31 -4 -25 19.00
3 6 1047 0 203 26 31 -4 -25 19.00
3 0 1048 105 388 26 29 -3 -24 20.00
3 1 1048 132 388 26 29 -3 -24 20.00
3 2 1048 159 388 26 29 -3 -24 20.00
3 3 1048 186 388 26 29 -3 -24 20.00
3 4 1048 213 388 26 29 -3 -24 20.00
3 5 1048 240 388 26 29 -3 -24 20.00
3 6 1048 267 388 26 29 -3 -24 20.00
3 0 1049 1624 0 26 34 -3 -29 20.00
3 1 1049 1651 0 26 34 -3 -29 20.00
3 2 1049 1678 0 26 34 -3 -29 20.00
3 3 1049 1705 0 26 34 -3 -29 20.00
3 4 1049 1732 0 26 34 -3 -29 20.00
3 5 1049 1759 0 26 34 -3 -29 20.00
3 6 1049 1786 0 26 34 -3 -29 20.00
3 0 1050 1172 266 25 30 -3 -24 18.00
3 1 1050 1198 266 25 30 -3 -24 18.00
3 2 1050 1224 266 25 30 -3 -24 18.00
3 3 1050 1250 266 25 30 -3 -24 18.00
3 4 1050 1276 266 25 30 -3 -24 18.00
3 5 1050 1302 266 25 30 -3 -24 18.00
3 6 1050 1328 266 25 30 -3 -24 18.00
3 0 1051 1354 266 26 30 -4 -25 18.00
3 1 1051 1381 266 26 30 -4 -25 18.00
3 2 1051 1408 266 26 30 -4 -25 18.00
3 3 1051 1435 266 26 30 -4 -25 18.00
3 4 1051 1462 266 26 30 -4 -25 18.00
3 5 1051 1489 266 26 30 -4 -25 18.00
3 6 1051 1516 266 26 30 -4 -25 18.00
3 0 1052 294 388 27 29 -3 -24 21.00
3 1 1052 322 388 27 29 -3 -24 21.00
3 2 1052 350 388 27 29 -3 -24 21.00
3 3 1052 378 388 27 29 -3 -24 21.00
3 4 1052 406 388 27 29 -3 -24 21.00
3 5 1052 434 388 27 29 -3 -24 21.00
3 6 1052 462 388 27 29 -3 -24 21.00
3 0 1053 490 388 26 29 -3 -24 20.00
3 1 1053 517 388 26 29 -3 -24 20.00
3 2 1053 544 388 26 29 -3 -24 20.00
3 3 1053 571 388 26 29 -3 -24 20.00
3 4 1053 598 388 26 29 -3 -24 20.00
3 5 1053 625 388 26 29 -3 -24 20.00
3 6 1053 652 388 26 29 -3 -24 20.00
3 0 1054 27 203 27 31 -4 -25 19.00
3 1 1054 55 203 27 31 -4 -25 19.00
3 2 1054 83 203 27 31 -4 -25 19.00
3 3 1054 111 203 27 31 -4 -25 19.00
3 4 1054 139 203 27 31 -4 -25 19.00
3 5 1054 167 203 27 31 -4 -25 19.00
3 6 1054 195 203 27 31 -4 -25 19.00
3 0 1055 1543 266 26 30 -3 -25 20.00
3 1 1055 1570 266 26 30 -3 -25 20.00
3 2 1055 1597 266 26 30 -3 -25 20.00
3 3 1055 1624 266 26 30 -3 -25 20.00
3 4 1055 1651 266 26 30 -3 -25 20.00
3 5 1055 1678 266 26 30 -3 -25 20.00
3 6 1055 1705 266 26 30 -3 -25 20.00
3 0 1056 1732 266 25 30 -3 -25 17.00
3 1 1056 1758 266 25 30 -3 -25 17.00
3 2 1056 1784 266 25 30 -3 -25 17.00
3 3 1056 1810 266 25 30 -3 -25 17.00
3 4 1056 1836 266 25 30 -3 -25 17.00
3 5 1056 1862 266 25 30 -3 -25 17.00
3 6 1056 1888 266 25 30 -3 -25 17.00
3 0 1057 223 203 27 31 -4 -25 19.00
3 1 1057 251 203 27 31 -4 -25 19.00
3 2 1057 279 203 27 31 -4 -25 19.00
3 3 1057 307 203 27 31 -4 -25 19.00
3 4 1057 335 203 27 31 -4 -25 19.00
3 5 1057 363 203 27 31 -4 -25 19.00
3 6 1057 391 203 27 31 -4 -25 19.00
3 0 1058 1914 266 24 30 -4 -25 16.00
3 1 1058 1939 266 24 30 -4 -25 16.00
3 2 1058 1964 266 24 30 -4 -25 16.00
3 3 1058 1989 266 24 30 -4 -25 16.00
3 4 1058 2014 266 24 30 -4 -25 16.00
3 5 1058 0 297 24 30 -4 -25 16.00
3 6 1058 25 297 24 30 -4 -25 16.00
3 0 1059 50 297 26 30 -4 -24 17.00
3 1 1059 77 297 26 30 -4 -24 17.00
3 2 1059 104 297 26 30 -4 -24 17.00
3 3 1059 131 297 26 30 -4 -24 17.00
3 4 1059 158 297 26 30 -4 -24 17.00
3 5 1059 185 297 26 30 -4 -24 17.00
3 6 1059 212 297 26 30 -4 -24 17.00
3 0 1060 679 388 27 29 -5 -24 18.00
3 1 1060 707 388 27 29 -5 -24 18.00
3 2 1060 735 388 27 29 -5 -24 18.00
3 3 1060 763 388 27 29 -5 -24 18.00
3 4 1060 791 388 27 29 -5 -24 18.00
3 5 1060 819 388 27 29 -5 -24 18.00
3 6 1060 847 388 27 29 -5 -24 18.00
3 0 1061 875 388 26 29 -4 -24 18.00
3 1 1061 902 388 26 29 -4 -24 18.00
3 2 1061 929 388 26 29 -4 -24 18.00
3 3 1061 956 388 26 29 -4 -24 18.00
3 4 1061 983 388 26 29 -4 -24 18.00
3 5 1061 1010 388 26 29 -4 -24 18.00
3 6 1061 1037 388 26 29 -4 -24 18.00
3 0 1062 1400 106 26 32 -3 -24 19.00
3 1 1062 1427 106 26 32 -3 -24 19.00
3 2 1062 1454 106 26 32 -3 -24 19.00
3 3 1062 1481 106 26 32 -3 -24 19.00
3 4 1062 1508 106 26 32 -3 -24 19.00
3 5 1062 1535 106 26 32 -3 -24 19.00
3 6 1062 1562 106 26 32 -3 -24 19.00
3 0 1063 1064 388 27 29 -4 -24 19.00
3 1 1063 1092 388 27 29 -4 -24 19.00
3 2 1063 1120 388 27 29 -4 -24 19.00
3 3 1063 1148 388 27 29 -4 -24 19.00
3 4 1063 1176 388 27 29 -4 -24 19.00
3 5 1063 1204 388 27 29 -4 -24 19.00
3 6 1063 1232 388 27 29 -4 -24 19.00
3 0 1064 239 297 28 30 -3 -24 22.00
3 1 1064 268 297 28 30 -3 -24 22.00
3 2 1064 297 297 28 30 -3 -24 22.00
3 3 1064 326 297 28 30 -3 -24 22.00
3 4 1064 355 297 28 30 -3 -24 22.00
3 5 1064 384 297 28 30 -3 -24 22.00
3 6 1064 413 297 28 30 -3 -24 22.00
3 0 1065 1589 106 30 32 -3 -24 23.00
3 1 1065 1620 106 30 32 -3 -24 23.00
3 2 1065 1651 106 30 32 -3 -24 23.00
3 3 1065 1682 106 30 32 -3 -24 23.00
3 4 1065 1713 106 30 32 -3 -24 23.00
3 5 1065 1744 106 30 32 -3 -24 23.00
3 6 1065 1775 106 30 32 -3 -24 23.00
3 0 1066 419 203 28 31 -4 -25 20.00
3 1 1066 448 203 28 31 -4 -25 20.00
3 2 1066 477 203 28 31 -4 -25 20.00
3 3 1066 506 203 28 31 -4 -25 20.00
3 4 1066 535 203 28 31 -4 -25 20.00
3 5 1066 564 203 28 31 -4 -25 20.00
3 6 1066 593 203 28 31 -4 -25 20.00
3 0 1067 442 297 29 30 -3 -24 22.00
3 1 1067 472 297 29 30 -3 -24 22.00
3 2 1067 502 297 29 30 -3 -24 22.00
3 3 1067 532 297 29 30 -3 -24 22.00
3 4 1067 562 297 29 30 -3 -24 22.00
3 5 1067 592 297 29 30 -3 -24 22.00
3 6 1067 622 297 29 30 -3 -24 22.00
3 0 1068 652 297 25 30 -3 -24 18.00
3 1 1068 678 297 25 30 -3 -24 18.00
3 2 1068 704 297 25 30 -3 -24 18.00
3 3 1068 730 297 25 30 -3 -24 18.00
3 4 1068 756 297 25 30 -3 -24 18.00
3 5 1068 782 297 25 30 -3 -24 18.00
3 6 1068 808 297 25 30 -3 -24 18.00
3 0 1069 622 203 27 31 -4 -25 19.00
3 1 1069 650 203 27 31 -4 -25 19.00
3 2 1069 678 203 27 31 -4 -25 19.00
3 3 1069 706 203 27 31 -4 -25 19.00
3 4 1069 734 203 27 31 -4 -25 19.00
3 5 1069 762 203 27 31 -4 -25 19.00
3 6 1069 790 203 27 31 -4 -25 19.00
3 0 1070 818 203 30 31 -3 -25 23.00
3 1 1070 849 203 30 31 -3 -25 23.00
3 2 1070 880 203 30 31 -3 -25 23.00
3 3 1070 911 203 30 31 -3 -25 23.00
3 4 1070 942 203 30 31 -3 -25 23.00
3 5 1070 973 203 30 31 -3 -25 23.00
3 6 1070 1004 203 30 31 -3 -25 23.00
3 0 1071 1035 203 26 31 -4 -25 19.00
3 1 1071 1062 203 26 31 -4 -25 19.00
3 2 1071 1089 203 26 31 -4 -25 19.00
3 3 1071 1116 203 26 31 -4 -25 19.00
3 4 1071 1143 203 26 31 -4 -25 19.00
3 5 1071 1170 203 26 31 -4 -25 19.00
3 6 1071 1197 203 26 31 -4 -25 19.00
3 0 1072 1281 671 26 26 -4 -20 18.00
3 1 1072 1308 671 26 26 -4 -20 18.00
3 2 1072 1335 671 26 26 -4 -20 18.00
3 3 1072 1362 671 26 26 -4 -20 18.00
3 4 1072 1389 671 26 26 -4 -20 18.00
3 5 1072 1416 671 26 26 -4 -20 18.00
3 6 1072 1443 671 26 26 -4 -20 18.00
3 0 1073 1224 203 28 31 -4 -25 20.00
3 1 1073 1253 203 28 31 -4 -25 20.00
3 2 1073 1282 203 28 31 -4 -25 20.00
3 3 1073 1311 203 28 31 -4 -25 20.00
3 4 1073 1340 203 28 31 -4 -25 20.00
3 5 1073 1369 203 28 31 -4 -25 20.00
3 6 1073 1398 203 28 31 -4 -25 20.00
3 0 1074 1470 671 27 26 -4 -20 19.00
3 1 1074 1498 671 27 26 -4 -20 19.00
3 2 1074 1526 671 27 26 -4 -20 19.00
3 3 1074 1554 671 27 26 -4 -20 19.00
3 4 1074 1582 671 27 26 -4 -20 19.00
3 5 1074 1610 671 27 26 -4 -20 19.00
3 6 1074 1638 671 27 26 -4 -20 19.00
3 0 1075 967 803 24 25 -4 -20 16.00
3 1 1075 992 803 24 25 -4 -20 16.00
3 2 1075 1017 803 24 25 -4 -20 16.00
3 3 1075 1042 803 24 25 -4 -20 16.00
3 4 1075 1067 803 24 25 -4 -20 16.00
3 5 1075 1092 803 24 25 -4 -20 16.00
3 6 1075 1117 803 24 25 -4 -20 16.00
3 0 1076 1680 476 28 28 -5 -20 18.00
3 1 1076 1709 476 28 28 -5 -20 18.00
3 2 1076 1738 476 28 28 -5 -20 18.00
3 3 1076 1767 476 28 28 -5 -20 18.00
3 4 1076 1796 476 28 28 -5 -20 18.00
3 5 1076 1825 476 28 28 -5 -20 18.00
3 6 1076 1854 476 28 28 -5 -20 18.00
3 0 1077 1666 671 27 26 -4 -20 20.00
3 1 1077 1694 671 27 26 -4 -20 20.00
3 2 1077 1722 671 27 26 -4 -20 20.00
3 3 1077 1750 671 27 26 -4 -20 20.00
3 4 1077 1778 671 27 26 -4 -20 20.00
3 5 1077 1806 671 27 26 -4 -20 20.00
3 6 1077 1834 671 27 26 -4 -20 20.00
3 0 1105 834 297 27 30 -4 -24 20.00
3 1 1105 862 297 27 30 -4 -24 20.00
3 2 1105 890 297 27 30 -4 -24 20.00
3 3 1105 918 297 27 30 -4 -24 20.00
3 4 1105 946 297 27 30 -4 -24 20.00
3 5 1105 974 297 27 30 -4 -24 20.00
3 6 1105 1002 297 27 30 -4 -24 20.00
3 0 1078 1142 803 30 25 -3 -19 23.00
3 1 1078 1173 803 30 25 -3 -19 23.00
3 2 1078 1204 803 30 25 -3 -19 23.00
3 3 1078 1235 803 30 25 -3 -19 23.00
3 4 1078 1266 803 30 25 -3 -19 23.00
3 5 1078 1297 803 30 25 -3 -19 23.00
3 6 1078 1328 803 30 25 -3 -19 23.00
3 0 1079 1862 671 26 26 -4 -20 19.00
3 1 1079 1889 671 26 26 -4 -20 19.00
3 2 1079 1916 671 26 26 -4 -20 19.00
3 3 1079 1943 671 26 26 -4 -20 19.00
3 4 1079 1970 671 26 26 -4 -20 19.00
3 5 1079 1997 671 26 26 -4 -20 19.00
3 6 1079 0 698 26 26 -4 -20 19.00
3 0 1080 1943 930 27 24 -4 -19 19.00
3 1 1080 1971 930 27 24 -4 -19 19.00
3 2 1080 1999 930 27 24 -4 -19 19.00
3 3 1080 0 955 27 24 -4 -19 19.00
3 4 1080 28 955 27 24 -4 -19 19.00
3 5 1080 56 955 27 24 -4 -19 19.00
3 6 1080 84 955 27 24 -4 -19 19.00
3 0 1081 1030 297 27 30 -4 -25 19.00
3 1 1081 1058 297 27 30 -4 -25 19.00
3 2 1081 1086 297 27 30 -4 -25 19.00
3 3 1081 1114 297 27 30 -4 -25 19.00
3 4 1081 1142 297 27 30 -4 -25 19.00
3 5 1081 1170 297 27 30 -4 -25 19.00
3 6 1081 1198 297 27 30 -4 -25 19.00
3 0 1082 1359 803 26 25 -4 -19 18.00
3 1 1082 1386 803 26 25 -4 -19 18.00
3 2 1082 1413 803 26 25 -4 -19 18.00
3 3 1082 1440 803 26 25 -4 -19 18.00
3 4 1082 1467 803 26 25 -4 -19 18.00
3 5 1082 1494 803 26 25 -4 -19 18.00
3 6 1082 1521 803 26 25 -4 -19 18.00
3 0 1083 1548 803 26 25 -4 -20 18.00
3 1 1083 1575 803 26 25 -4 -20 18.00
3 2 1083 1602 803 26 25 -4 -20 18.00
3 3 1083 1629 803 26 25 -4 -20 18.00
3 4 1083 1656 803 26 25 -4 -20 18.00
3 5 1083 1683 803 26 25 -4 -20 18.00
3 6 1083 1710 803 26 25 -4 -20 18.00
3 0 1084 112 955 28 24 -4 -19 20.00
3 1 1084 141 955 28 24 -4 -19 20.00
3 2 1084 170 955 28 24 -4 -19 20.00
3 3 1084 199 955 28 24 -4 -19 20.00
3 4 1084 228 955 28 24 -4 -19 20.00
3 5 1084 257 955 28 24 -4 -19 20.00
3 6 1084 286 955 28 24 -4 -19 20.00
3 0 1085 315 955 27 24 -4 -19 19.00
3 1 1085 343 955 27 24 -4 -19 19.00
3 2 1085 371 955 27 24 -4 -19 19.00
3 3 1085 399 955 27 24 -4 -19 19.00
3 4 1085 427 955 27 24 -4 -19 19.00
3 5 1085 455 955 27 24 -4 -19 19.00
3 6 1085 483 955 27 24 -4 -19 19.00
3 0 1086 27 698 28 26 -4 -20 20.00
3 1 1086 56 698 28 26 -4 -20 20.00
3 2 1086 85 698 28 26 -4 -20 20.00
3 3 1086 114 698 28 26 -4 -20 20.00
3 4 1086 143 698 28 26 -4 -20 20.00
3 5 1086 172 698 28 26 -4 -20 20.00
3 6 1086 201 698 28 26 -4 -20 20.00
3 0 1087 1737 803 27 25 -4 -20 19.00
3 1 1087 1765 803 27 25 -4 -20 19.00
3 2 1087 1793 803 27 25 -4 -20 19.00
3 3 1087 1821 803 27 25 -4 -20 19.00
3 4 1087 1849 803 27 25 -4 -20 19.00
3 5 1087 1877 803 27 25 -4 -20 19.00
3 6 1087 1905 803 27 25 -4 -20 19.00
3 0 1088 1226 297 28 30 -4 -20 20.00
3 1 1088 1255 297 28 30 -4 -20 20.00
3 2 1088 1284 297 28 30 -4 -20 20.00
3 3 1088 1313 297 28 30 -4 -20 20.00
3 4 1088 1342 297 28 30 -4 -20 20.00
3 5 1088 1371 297 28 30 -4 -20 20.00
3 6 1088 1400 297 28 30 -4 -20 20.00
3 0 1089 230 698 26 26 -4 -20 19.00
3 1 1089 257 698 26 26 -4 -20 19.00
3 2 1089 284 698 26 26 -4 -20 19.00
3 3 1089 311 698 26 26 -4 -20 19.00
3 4 1089 338 698 26 26 -4 -20 19.00
3 5 1089 365 698 26 26 -4 -20 19.00
3 6 1089 392 698 26 26 -4 -20 19.00
3 0 1090 1933 803 24 25 -4 -20 15.00
3 1 1090 1958 803 24 25 -4 -20 15.00
3 2 1090 1983 803 24 25 -4 -20 15.00
3 3 1090 2008 803 24 25 -4 -20 15.00
3 4 1090 0 829 24 25 -4 -20 15.00
3 5 1090 25 829 24 25 -4 -20 15.00
3 6 1090 50 829 24 25 -4 -20 15.00
3 0 1091 1427 203 28 31 -4 -19 20.00
3 1 1091 1456 203 28 31 -4 -19 20.00
3 2 1091 1485 203 28 31 -4 -19 20.00
3 3 1091 1514 203 28 31 -4 -19 20.00
3 4 1091 1543 203 28 31 -4 -19 20.00
3 5 1091 1572 203 28 31 -4 -19 20.00
3 6 1091 1601 203 28 31 -4 -19 20.00
3 0 1092 1813 0 32 34 -4 -24 24.00
3 1 1092 1846 0 32 34 -4 -24 24.00
3 2 1092 1879 0 32 34 -4 -24 24.00
3 3 1092 1912 0 32 34 -4 -24 24.00
3 4 1092 1945 0 32 34 -4 -24 24.00
3 5 1092 1978 0 32 34 -4 -24 24.00
3 6 1092 2011 0 32 34 -4 -24 24.00
3 0 1093 511 955 24 24 -4 -19 17.00
3 1 1093 536 955 24 24 -4 -19 17.00
3 2 1093 561 955 24 24 -4 -19 17.00
3 3 1093 586 955 24 24 -4 -19 17.00
3 4 1093 611 955 24 24 -4 -19 17.00
3 5 1093 636 955 24 24 -4 -19 17.00
3 6 1093 661 955 24 24 -4 -19 17.00
3 0 1094 1061 589 27 27 -4 -19 18.00
3 1 1094 1089 589 27 27 -4 -19 18.00
3 2 1094 1117 589 27 27 -4 -19 18.00
3 3 1094 1145 589 27 27 -4 -19 18.00
3 4 1094 1173 589 27 27 -4 -19 18.00
3 5 1094 1201 589 27 27 -4 -19 18.00
3 6 1094 1229 589 27 27 -4 -19 18.00
3 0 1095 686 955 26 24 -4 -19 19.00
3 1 1095 713 955 26 24 -4 -19 19.00
3 2 1095 740 955 26 24 -4 -19 19.00
3 3 1095 767 955 26 24 -4 -19 19.00
3 4 1095 794 955 26 24 -4 -19 19.00
3 5 1095 821 955 26 24 -4 -19 19.00
3 6 1095 848 955 26 24 -4 -19 19.00
3 0 1096 75 829 28 25 -4 -19 20.00
3 1 1096 104 829 28 25 -4 -19 20.00
3 2 1096 133 829 28 25 -4 -19 20.00
3 3 1096 162 829 28 25 -4 -19 20.00
3 4 1096 191 829 28 25 -4 -19 20.00
3 5 1096 220 829 28 25 -4 -19 20.00
3 6 1096 249 829 28 25 -4 -19 20.00
3 0 1097 1257 589 29 27 -4 -19 21.00
3 1 1097 1287 589 29 27 -4 -19 21.00
3 2 1097 1317 589 29 27 -4 -19 21.00
3 3 1097 1347 589 29 27 -4 -19 21.00
3 4 1097 1377 589 29 27 -4 -19 21.00
3 5 1097 1407 589 29 27 -4 -19 21.00
3 6 1097 1437 589 29 27 -4 -19 21.00
3 0 1098 278 829 28 25 -4 -19 20.00
3 1 1098 307 829 28 25 -4 -19 20.00
3 2 1098 336 829 28 25 -4 -19 20.00
3 3 1098 365 829 28 25 -4 -19 20.00
3 4 1098 394 829 28 25 -4 -19 20.00
3 5 1098 423 829 28 25 -4 -19 20.00
3 6 1098 452 829 28 25 -4 -19 20.00
3 0 1099 419 698 29 26 -4 -20 22.00
3 1 1099 449 698 29 26 -4 -20 22.00
3 2 1099 479 698 29 26 -4 -20 22.00
3 3 1099 509 698 29 26 -4 -20 22.00
3 4 1099 539 698 29 26 -4 -20 22.00
3 5 1099 569 698 29 26 -4 -20 22.00
3 6 1099 599 698 29 26 -4 -20 22.00
3 0 1100 481 829 26 25 -4 -19 17.00
3 1 1100 508 829 26 25 -4 -19 17.00
3 2 1100 535 829 26 25 -4 -19 17.00
3 3 1100 562 829 26 25 -4 -19 17.00
3 4 1100 589 829 26 25 -4 -19 17.00
3 5 1100 616 829 26 25 -4 -19 17.00
3 6 1100 643 829 26 25 -4 -19 17.00
3 0 1101 629 698 27 26 -4 -20 19.00
3 1 1101 657 698 27 26 -4 -20 19.00
3 2 1101 685 698 27 26 -4 -20 19.00
3 3 1101 713 698 27 26 -4 -20 19.00
3 4 1101 741 698 27 26 -4 -20 19.00
3 5 1101 769 698 27 26 -4 -20 19.00
3 6 1101 797 698 27 26 -4 -20 19.00
3 0 1102 670 829 30 25 -4 -19 22.00
3 1 1102 701 829 30 25 -4 -19 22.00
3 2 1102 732 829 30 25 -4 -19 22.00
3 3 1102 763 829 30 25 -4 -19 22.00
3 4 1102 794 829 30 25 -4 -19 22.00
3 5 1102 825 829 30 25 -4 -19 22.00
3 6 1102 856 829 30 25 -4 -19 22.00
3 0 1103 825 698 25 26 -4 -20 18.00
3 1 1103 851 698 25 26 -4 -20 18.00
3 2 1103 877 698 25 26 -4 -20 18.00
3 3 1103 903 698 25 26 -4 -20 18.00
3 4 1103 929 698 25 26 -4 -20 18.00
3 5 1103 955 698 25 26 -4 -20 18.00
3 6 1103 981 698 25 26 -4 -20 18.00
3 0 176 1575 1320 17 18 -4 -26 9.00
3 1 176 1593 1320 17 18 -4 -26 9.00
3 2 176 1611 1320 17 18 -4 -26 9.00
3 3 176 1629 1320 17 18 -4 -26 9.00
3 4 176 1647 1320 17 18 -4 -26 9.00
3 5 176 1665 1320 17 18 -4 -26 9.00
3 6 176 1683 1320 17 18 -4 -26 9.00
3 0 8230 252 1389 28 13 -3 -8 22.00
3 1 8230 281 1389 28 13 -3 -8 22.00
3 2 8230 310 1389 28 13 -3 -8 22.00
3 3 8230 339 1389 28 13 -3 -8 22.00
3 4 8230 368 1389 28 13 -3 -8 22.00
3 5 8230 397 1389 28 13 -3 -8 22.00
3 6 8230 426 1389 28 13 -3 -8 22.00
3 0 177 603 1076 23 23 -2 -20 18.00
3 1 177 627 1076 23 23 -2 -20 18.00
3 2 177 651 1076 23 23 -2 -20 18.00
3 3 177 675 1076 23 23 -2 -20 18.00
3 4 177 699 1076 23 23 -2 -20 18.00
3 5 177 723 1076 23 23 -2 -20 18.00
3 6 177 747 1076 23 23 -2 -20 18.00
3 0 183 455 1389 14 13 -3 -16 8.00
3 1 183 470 1389 14 13 -3 -16 8.00
3 2 183 485 1389 14 13 -3 -16 8.00
3 3 183 500 1389 14 13 -3 -16 8.00
3 4 183 515 1389 14 13 -3 -16 8.00
3 5 183 530 1389 14 13 -3 -16 8.00
3 6 183 545 1389 14 13 -3 -16 8.00
3 0 8212 306 1374 30 14 -2 -15 26.00
3 1 8212 337 1374 30 14 -2 -15 26.00
3 2 8212 368 1374 30 14 -2 -15 26.00
3 3 8212 399 1374 30 14 -2 -15 26.00
3 4 8212 430 1374 30 14 -2 -15 26.00
3 5 8212 461 1374 30 14 -2 -15 26.00
3 6 8212 492 1374 30 14 -2 -15 26.00
3 0 8211 523 1374 22 14 -2 -15 18.00
3 1 8211 546 1374 22 14 -2 -15 18.00
3 2 8211 569 1374 22 14 -2 -15 18.00
3 3 8211 592 1374 22 14 -2 -15 18.00
3 4 8211 615 1374 22 14 -2 -15 18.00
3 5 8211 638 1374 22 14 -2 -15 18.00
3 6 8211 661 1374 22 14 -2 -15 18.00
3 0 171 1876 1214 24 21 -2 -19 20.00
3 1 171 1901 1214 24 21 -2 -19 20.00
3 2 171 1926 1214 24 21 -2 -19 20.00
3 3 171 1951 1214 24 21 -2 -19 20.00
3 4 171 1976 1214 24 21 -2 -19 20.00
3 5 171 2001 1214 24 21 -2 -19 20.00
3 6 171 0 1236 24 21 -2 -19 20.00
3 0 187 25 1236 24 21 -2 -19 20.00
3 1 187 50 1236 24 21 -2 -19 20.00
3 2 187 75 1236 24 21 -2 -19 20.00
3 3 187 100 1236 24 21 -2 -19 20.00
3 4 187 125 1236 24 21 -2 -19 20.00
3 5 187 150 1236 24 21 -2 -19 20.00
3 6 187 175 1236 24 21 -2 -19 20.00
3 0 8470 1429 297 40 30 -3 -25 35.00
3 1 8470 1470 297 40 30 -3 -25 35.00
3 2 8470 1511 297 40 30 -3 -25 35.00
3 3 8470 1552 297 40 30 -3 -25 35.00
3 4 8470 1593 297 40 30 -3 -25 35.00
3 5 8470 1634 297 40 30 -3 -25 35.00
3 6 8470 1675 297 40 30 -3 -25 35.00
3 0 215 24 1279 20 20 -1 -20 18.00
3 1 215 45 1279 20 20 -1 -20 18.00
3 2 215 66 1279 20 20 -1 -20 18.00
3 3 215 87 1279 20 20 -1 -20 18.00
3 4 215 108 1279 20 20 -1 -20 18.00
3 5 215 129 1279 20 20 -1 -20 18.00
3 6 215 150 1279 20 20 -1 -20 18.00
3 0 8722 684 1374 22 14 -2 -17 18.00
3 1 8722 707 1374 22 14 -2 -17 18.00
3 2 8722 730 1374 22 14 -2 -17 18.00
3 3 8722 753 1374 22 14 -2 -17 18.00
3 4 8722 776 1374 22 14 -2 -17 18.00
3 5 8722 799 1374 22 14 -2 -17 18.00
3 6 8722 822 1374 22 14 -2 -17 18.00
3 0 178 771 1076 18 23 -3 -26 11.00
3 1 178 790 1076 18 23 -3 -26 11.00
3 2 178 809 1076 18 23 -3 -26 11.00
3 3 178 828 1076 18 23 -3 -26 11.00
3 4 178 847 1076 18 23 -3 -26 11.00
3 5 178 866 1076 18 23 -3 -26 11.00
3 6 178 885 1076 18 23 -3 -26 11.00
3 0 8322 0 0 0 0 0 0 15.00
3 1 8322 0 0 0 0 0 0 15.00
3 2 8322 0 0 0 0 0 0 15.00
3 3 8322 0 0 0 0 0 0 15.00
3 4 8322 0 0 0 0 0 0 15.00
3 5 8322 0 0 0 0 0 0 15.00
3 6 8322 0 0 0 0 0 0 15.00
3 0 8593 0 0 0 0 0 0 15.00
3 1 8593 0 0 0 0 0 0 15.00
3 2 8593 0 0 0 0 0 0 15.00
3 3 8593 0 0 0 0 0 0 15.00
3 4 8593 0 0 0 0 0 0 15.00
3 5 8593 0 0 0 0 0 0 15.00
3 6 8593 0 0 0 0 0 0 15.00
3 0 8595 0 0 0 0 0 0 15.00
3 1 8595 0 0 0 0 0 0 15.00
3 2 8595 0 0 0 0 0 0 15.00
3 3 8595 0 0 0 0 0 0 15.00
3 4 8595 0 0 0 0 0 0 15.00
3 5 8595 0 0 0 0 0 0 15.00
3 6 8595 0 0 0 0 0 0 15.00
3 0 8592 0 0 0 0 0 0 15.00
3 1 8592 0 0 0 0 0 0 15.00
3 2 8592 0 0 0 0 0 0 15.00
3 3 8592 0 0 0 0 0 0 15.00
3 4 8592 0 0 0 0 0 0 15.00
3 5 8592 0 0 0 0 0 0 15.00
3 6 8592 0 0 0 0 0 0 15.00
3 0 8594 0 0 0 0 0 0 15.00
3 1 8594 0 0 0 0 0 0 15.00
3 2 8594 0 0 0 0 0 0 15.00
3 3 8594 0 0 0 0 0 0 15.00
3 4 8594 0 0 0 0 0 0 15.00
3 5 8594 0 0 0 0 0 0 15.00
3 6 8594 0 0 0 0 0 0 15.00
3 0 9650 0 0 0 0 0 0 15.00
3 1 9650 0 0 0 0 0 0 15.00
3 2 9650 0 0 0 0 0 0 15.00
3 3 9650 0 0 0 0 0 0 15.00
3 4 9650 0 0 0 0 0 0 15.00
3 5 9650 0 0 0 0 0 0 15.00
3 6 9650 0 0 0 0 0 0 15.00
3 0 9654 0 0 0 0 0 0 15.00
3 1 9654 0 0 0 0 0 0 15.00
3 2 9654 0 0 0 0 0 0 15.00
3 3 9654 0 0 0 0 0 0 15.00
3 4 9654 0 0 0 0 0 0 15.00
3 5 9654 0 0 0 0 0 0 15.00
3 6 9654 0 0 0 0 0 0 15.00
3 0 9664 0 0 0 0 0 0 15.00
3 1 9664 0 0 0 0 0 0 15.00
3 2 9664 0 0 0 0 0 0 15.00
3 3 9664 0 0 0 0 0 0 15.00
3 4 9664 0 0 0 0 0 0 15.00
3 5 9664 0 0 0 0 0 0 15.00
3 6 9664 0 0 0 0 0 0 15.00
3 0 9656 0 0 0 0 0 0 15.00
3 1 9656 0 0 0 0 0 0 15.00
3 2 9656 0 0 0 0 0 0 15.00
3 3 9656 0 0 0 0 0 0 15.00
3 4 9656 0 0 0 0 0 0 15.00
3 5 9656 0 0 0 0 0 0 15.00
3 6 9656 0 0 0 0 0 0 15.00
3 0 9666 0 0 0 0 0 0 15.00
3 1 9666 0 0 0 0 0 0 15.00
3 2 9666 0 0 0 0 0 0 15.00
3 3 9666 0 0 0 0 0 0 15.00
3 4 9666 0 0 0 0 0 0 15.00
3 5 9666 0 0 0 0 0 0 15.00
3 6 9666 0 0 0 0 0 0 15.00
3 0 10003 0 0 0 0 0 0 15.00
3 1 10003 0 0 0 0 0 0 15.00
3 2 10003 0 0 0 0 0 0 15.00
3 3 10003 0 0 0 0 0 0 15.00
3 4 10003 0 0 0 0 0 0 15.00
3 5 10003 0 0 0 0 0 0 15.00
3 6 10003 0 0 0 0 0 0 15.00
3 0 8776 1743 1300 23 19 -2 -18 18.00
3 1 8776 1767 1300 23 19 -2 -18 18.00
3 2 8776 1791 1300 23 19 -2 -18 18.00
3 3 8776 1815 1300 23 19 -2 -18 18.00
3 4 8776 1839 1300 23 19 -2 -18 18.00
3 5 8776 1863 1300 23 19 -2 -18 18.00
3 6 8776 1887 1300 23 19 -2 -18 18.00
3 0 8804 904 1076 21 23 -1 -22 18.00
3 1 8804 926 1076 21 23 -1 -22 18.00
3 2 8804 948 1076 21 23 -1 -22 18.00
3 3 8804 970 1076 21 23 -1 -22 18.00
3 4 8804 992 1076 21 23 -1 -22 18.00
3 5 8804 1014 1076 21 23 -1 -22 18.00
3 6 8804 1036 1076 21 23 -1 -22 18.00
3 0 8805 1058 1076 22 23 -2 -22 18.00
3 1 8805 1081 1076 22 23 -2 -22 18.00
3 2 8805 1104 1076 22 23 -2 -22 18.00
3 3 8805 1127 1076 22 23 -2 -22 18.00
3 4 8805 1150 1076 22 23 -2 -22 18.00
3 5 8805 1173 1076 22 23 -2 -22 18.00
3 6 8805 1196 1076 22 23 -2 -22 18.00
3 0 916 1630 203 28 31 -4 -25 21.00
3 1 916 1659 203 28 31 -4 -25 21.00
3 2 916 1688 203 28 31 -4 -25 21.00
3 3 916 1717 203 28 31 -4 -25 21.00
3 4 916 1746 203 28 31 -4 -25 21.00
3 5 916 1775 203 28 31 -4 -25 21.00
3 6 916 1804 203 28 31 -4 -25 21.00
